TermCollection,Term,name,es,nes,pval,fdr,fwerp,leadhits_total,tag %,gene %,lead_genes,matched_genes,hits,TermCollection_Term
c4.3ca,GAVISH_3CA_METAPROGRAM_MACROPHAGES_MONOCYTE_SECRETED,prerank,0.6855423325016673,2.501838812779029,0.0,0.0,0.0,22_47,22/47,15.16%,G0S2;SLC11A1;S100A8;SOCS3;PLAUR;NFKBIA;PLIN2;CCL20;LYZ;IL1RN;S100A9;CXCL3;SLC2A3;BCL2A1;TNFAIP3;TREM1;TIMP1;NFKBIZ;IER3;PPP1R15A;RGS2;IL1B,G0S2;SLC11A1;S100A8;SOCS3;PLAUR;NFKBIA;PLIN2;CCL20;LYZ;IL1RN;S100A9;CXCL3;SLC2A3;BCL2A1;TNFAIP3;TREM1;TIMP1;NFKBIZ;IER3;PPP1R15A;RGS2;IL1B;FCN1;VCAN;CXCL2;SAMSN1;ATF3;NR4A2;CD83;C15orf48;GPR183;CD55;CCL3;CCL4L2;FOSB;DUSP2;NAMPT;SOD2;NLRP3;THBS1;CCL4;EREG;AQP9;OLR1;SLC25A37;HBEGF;PTGS2,"[1, 132, 157, 158, 295, 438, 537, 561, 574, 793, 820, 873, 935, 1133, 1329, 1425, 1515, 1641, 2252, 2264, 2412, 2654, 2968, 3195, 3816, 4147, 4249, 6025, 6688, 6717, 7031, 7327, 7409, 7512, 7914, 8683, 9148, 9365, 10212, 10764, 10797, 11223, 12114, 12129, 12360, 12920, 13656]",c4.3ca__GAVISH_3CA_METAPROGRAM_MACROPHAGES_MONOCYTE_SECRETED
c4.3ca,GAVISH_3CA_METAPROGRAM_ENDOTHELIAL_ENDO_3,prerank,0.6464885599319721,2.285064923046074,0.0,0.0,0.0,22_47,22/47,10.97%,MT1M;MT2A;MT1E;MT1X;RAMP3;TMEM100;TM4SF1;CLDN5;EGFL7;IL7R;ESAM;AQP1;HYAL2;NOTCH4;CD93;FAM107A;RGCC;BTNL9;SLC6A4;GNG11;FCN3;VWF,MT1M;MT2A;MT1E;MT1X;RAMP3;TMEM100;TM4SF1;CLDN5;EGFL7;IL7R;ESAM;AQP1;HYAL2;NOTCH4;CD93;FAM107A;RGCC;BTNL9;SLC6A4;GNG11;FCN3;VWF;IFI27;GPIHBP1;EDN1;ENG;ID1;GIMAP7;IFNGR1;HSPG2;LIFR;RAMP2;CALCRL;A2M;EPAS1;SPARCL1;GPX3;PLVAP;CLEC14A;MGP;SPARC;PTPRB;IGFBP7;TNFSF10;CA4;RNASE1;CD36,"[126, 145, 308, 318, 536, 582, 694, 781, 1001, 1012, 1058, 1068, 1134, 1183, 1292, 1332, 1356, 1638, 1802, 1851, 1910, 1921, 3312, 4383, 4526, 5298, 5430, 5480, 5652, 5784, 6638, 6745, 6831, 7759, 7874, 7992, 7997, 8694, 8843, 9257, 9882, 10822, 11361, 15232, 15600, 16286, 17499]",c4.3ca__GAVISH_3CA_METAPROGRAM_ENDOTHELIAL_ENDO_3
c4.3ca,GAVISH_3CA_METAPROGRAM_MACROPHAGES_STRESS_HSP,prerank,0.7525587662931045,2.7357313269606482,0.0,0.0,0.0,30_49,30/49,14.01%,HSPA6;HSPA1A;HSPB1;HSPA1B;DNAJB1;BAG3;DDIT4;CXCR4;FKBP4;HSPH1;GADD45B;KLF2;HSPD1;HSP90AA1;TSC22D3;IER5;DNAJA1;FOS;HSPE1;ZFP36L2;KLF4;DNAJA4;CACYBP;ZFP36;IER2;PMAIP1;PPP1R15A;JUN;RGS2;HSP90AB1,HSPA6;HSPA1A;HSPB1;HSPA1B;DNAJB1;BAG3;DDIT4;CXCR4;FKBP4;HSPH1;GADD45B;KLF2;HSPD1;HSP90AA1;TSC22D3;IER5;DNAJA1;FOS;HSPE1;ZFP36L2;KLF4;DNAJA4;CACYBP;ZFP36;IER2;PMAIP1;PPP1R15A;JUN;RGS2;HSP90AB1;RGS1;DUSP1;SGK1;KLF6;ZFAND2A;UBC;ATF3;CLK1;JUNB;NR4A2;MAFB;CCL3;HSPA8;FOSB;RHOB;BTG2;CCL4;NR4A1;EGR1,"[0, 2, 4, 7, 8, 15, 17, 50, 331, 718, 762, 811, 987, 996, 1034, 1186, 1202, 1219, 1341, 1382, 1437, 1646, 1798, 1852, 2071, 2205, 2264, 2405, 2412, 2454, 2808, 2914, 3436, 3544, 3859, 4171, 4249, 5156, 5749, 6025, 6096, 7409, 7892, 7914, 8680, 9417, 10797, 12865, 17016]",c4.3ca__GAVISH_3CA_METAPROGRAM_MACROPHAGES_STRESS_HSP
c4.3ca,GAVISH_3CA_METAPROGRAM_FIBROBLASTS_CAF_7,prerank,0.6805181420300234,2.4276955067763737,0.0,0.0,0.0,20_46,20/46,11.03%,CXCL6;MRPS6;SLC5A3;STC1;ADM;CRABP1;TNFRSF11B;IGF2;BMP4;CP;CXCL1;TMEM176B;CCL2;FMOD;GGT5;CRABP2;RGCC;WLS;DLL1;PTGDS,CXCL6;MRPS6;SLC5A3;STC1;ADM;CRABP1;TNFRSF11B;IGF2;BMP4;CP;CXCL1;TMEM176B;CCL2;FMOD;GGT5;CRABP2;RGCC;WLS;DLL1;PTGDS;APOD;SPRY1;APCDD1;MGST1;IGFBP2;AKR1B1;CPE;CPXM2;DPT;F2R;CACNA2D3;WNT5A;MGP;WNT2;CXCL14;SERPINE2;CH25H;PDGFRA;GPM6B;DIO2;PAPPA;TNFRSF21;PRSS12;MASP1;MFAP4;TWIST2,"[46, 80, 155, 156, 159, 181, 216, 278, 483, 546, 594, 597, 636, 795, 905, 982, 1356, 1657, 1813, 1932, 2562, 2866, 3469, 3531, 3564, 4628, 4663, 7055, 7407, 7732, 7780, 8926, 9257, 10192, 10280, 10488, 10558, 10756, 10948, 11177, 12605, 12698, 13112, 13721, 14836, 15149]",c4.3ca__GAVISH_3CA_METAPROGRAM_FIBROBLASTS_CAF_7
c4.3ca,GAVISH_3CA_MALIGNANT_METAPROGRAM_5_STRESS,prerank,0.6982469356946972,2.552782847247022,0.0,0.0,0.0,30_49,30/49,13.73%,HSPA6;HSPA1A;HSPA1B;DNAJB1;DDIT4;MAFF;SOCS3;SERTAD1;NFKBIA;CDKN1A;HSPH1;IRF1;GADD45B;ID3;DNAJA1;FOS;RASD1;KLF4;DDIT3;MCL1;NFKBIZ;ZFP36;SAT1;IER2;PMAIP1;IER3;PPP1R15A;HERPUD1;HES1;JUN,HSPA6;HSPA1A;HSPA1B;DNAJB1;DDIT4;MAFF;SOCS3;SERTAD1;NFKBIA;CDKN1A;HSPH1;IRF1;GADD45B;ID3;DNAJA1;FOS;RASD1;KLF4;DDIT3;MCL1;NFKBIZ;ZFP36;SAT1;IER2;PMAIP1;IER3;PPP1R15A;HERPUD1;HES1;JUN;DUSP1;KLF6;TOB1;CXCL2;ATF3;ID2;ID1;JUNB;FOSB;RHOB;BTG2;TRIB1;PLK2;NR4A1;CCNL1;CITED2;KLF10;EGR1;EGR2,"[0, 2, 7, 8, 17, 25, 158, 411, 438, 715, 718, 753, 762, 956, 1202, 1219, 1331, 1437, 1519, 1560, 1641, 1852, 2029, 2071, 2205, 2252, 2264, 2276, 2380, 2405, 2914, 3544, 3777, 3816, 4249, 4384, 5430, 5749, 7914, 8680, 9417, 10636, 11728, 12865, 13575, 14327, 15725, 17016, 17423]",c4.3ca__GAVISH_3CA_MALIGNANT_METAPROGRAM_5_STRESS
c4.3ca,GAVISH_3CA_METAPROGRAM_FIBROBLASTS_METAL_RESPONSE,prerank,0.7053780119494939,2.4679025647301196,0.0,0.0,0.0,24_45,24/45,11.43%,SLPI;CXCL6;MT1F;HP;MT2A;MT1G;KRT18;MT1E;MT1X;UPK1B;ADAMTS9;PDZK1IP1;CXCL1;TMEM176B;EZR;TM4SF1;CFB;MT1H;CD74;ID3;KRT19;KRT8;YPEL3;CYSTM1,SLPI;CXCL6;MT1F;HP;MT2A;MT1G;KRT18;MT1E;MT1X;UPK1B;ADAMTS9;PDZK1IP1;CXCL1;TMEM176B;EZR;TM4SF1;CFB;MT1H;CD74;ID3;KRT19;KRT8;YPEL3;CYSTM1;ADIRF;MGST1;GBP2;CHI3L1;PLAT;ID1;DAB2;WFDC2;SEL1L3;PRG4;SLC39A8;SLC34A2;UPK3B;SLC40A1;RARRES1;CALB2;CLDN1;EGFL6;PROCR;SAA2;IL13RA2,"[42, 46, 57, 85, 145, 165, 166, 308, 318, 384, 386, 388, 594, 597, 669, 694, 742, 775, 908, 956, 1151, 1580, 1965, 2001, 2504, 3531, 4039, 4969, 5388, 5430, 6756, 7784, 7843, 8380, 8507, 8600, 9314, 11228, 12374, 12454, 13418, 13455, 16717, 16765, 17146]",c4.3ca__GAVISH_3CA_METAPROGRAM_FIBROBLASTS_METAL_RESPONSE
c4.3ca,GAVISH_3CA_METAPROGRAM_FIBROBLASTS_STRESS,prerank,0.7564059553512859,2.7263438440202084,0.0,0.0,0.0,33_49,33/49,14.32%,HSPA1A;HSPA1B;DNAJB1;BAG3;MAFF;SOCS3;GEM;SERTAD1;NFKBIA;CCL2;CDKN1A;HSPH1;IL6;IRF1;GADD45B;ICAM1;MYC;DNAJA1;FOS;TNFAIP3;KLF4;MCL1;NFKBIZ;CSRNP1;ZFP36;SAT1;IER2;IER3;PPP1R15A;KDM6B;HES1;JUN;C11orf96,HSPA1A;HSPA1B;DNAJB1;BAG3;MAFF;SOCS3;GEM;SERTAD1;NFKBIA;CCL2;CDKN1A;HSPH1;IL6;IRF1;GADD45B;ICAM1;MYC;DNAJA1;FOS;TNFAIP3;KLF4;MCL1;NFKBIZ;CSRNP1;ZFP36;SAT1;IER2;IER3;PPP1R15A;KDM6B;HES1;JUN;C11orf96;DUSP1;ADAMTS1;CXCL2;ATF3;ID2;ID1;JUNB;NR4A2;BRD2;FOSB;NAMPT;SOD2;BTG2;NR4A1;CCNL1;EGR1,"[2, 7, 8, 15, 25, 158, 249, 411, 438, 636, 715, 718, 719, 753, 762, 847, 1027, 1202, 1219, 1329, 1437, 1560, 1641, 1721, 1852, 2029, 2071, 2252, 2264, 2299, 2380, 2405, 2507, 2914, 3516, 3816, 4249, 4384, 5430, 5749, 6025, 7076, 7914, 9148, 9365, 9417, 12865, 13575, 17016]",c4.3ca__GAVISH_3CA_METAPROGRAM_FIBROBLASTS_STRESS
c4.3ca,GAVISH_3CA_METAPROGRAM_FIBROBLASTS_CAF_9,prerank,0.6607651473000236,2.3178562740980633,0.0,0.0,0.0,26_47,26/47,14.63%,KCNE4;MT1A;GEM;TNFRSF12A;GPRC5A;LIF;HMOX1;CCL2;TM4SF1;IL6;FOSL1;CXCL3;VEGFA;AKR1C1;MYC;VASN;ITPRIP;EMP1;THAP2;SERPINE1;CD59;HSPA5;IER3;PHLDA1;C11orf96;APOD,KCNE4;MT1A;GEM;TNFRSF12A;GPRC5A;LIF;HMOX1;CCL2;TM4SF1;IL6;FOSL1;CXCL3;VEGFA;AKR1C1;MYC;VASN;ITPRIP;EMP1;THAP2;SERPINE1;CD59;HSPA5;IER3;PHLDA1;C11orf96;APOD;CREM;IL1R1;UGDH;ANXA1;HMGA1;SPSB1;SPRY2;TXNRD1;FTH1;TXN;SOD2;THBS1;IGFBP7;NR3C1;DDX21;SLC4A7;THBS2;PTGS2;PTX3;MAP1B;INHBA,"[3, 138, 249, 251, 252, 352, 444, 636, 694, 719, 828, 873, 930, 1008, 1027, 1056, 1258, 1664, 1832, 1969, 2017, 2084, 2252, 2253, 2507, 2562, 3086, 3361, 4930, 5053, 5375, 6032, 6728, 7394, 7728, 8900, 9365, 10764, 11361, 12532, 12765, 13502, 13590, 13656, 15139, 15271, 17099]",c4.3ca__GAVISH_3CA_METAPROGRAM_FIBROBLASTS_CAF_9
c4.3ca,GAVISH_3CA_MALIGNANT_METAPROGRAM_22_SECRETED_1,prerank,0.7198281140858737,2.552836500849989,0.0,0.0,0.0,27_45,27/45,14.48%,MAFF;EPHA2;GEM;TNFRSF12A;ZC3H12A;PLAUR;LIF;CCL20;CXCL1;CCL2;TM4SF1;CDKN1A;FOSL1;ICAM1;PIM1;MYC;ITPKC;TNFAIP3;BIRC3;FOSL2;EMP1;CSRNP1;PIM3;IER3;PHLDA1;KDM6B;PFKFB3,MAFF;EPHA2;GEM;TNFRSF12A;ZC3H12A;PLAUR;LIF;CCL20;CXCL1;CCL2;TM4SF1;CDKN1A;FOSL1;ICAM1;PIM1;MYC;ITPKC;TNFAIP3;BIRC3;FOSL2;EMP1;CSRNP1;PIM3;IER3;PHLDA1;KDM6B;PFKFB3;ERRFI1;CXCL2;EDN1;MIDN;ANXA1;ARL5B;FHL2;NAMPT;ARID5B;ZBTB43;TRIB1;PHLDA2;NCOA7;MYADM;DDX21;HBEGF;DUSP5;MLF1,"[25, 66, 249, 251, 273, 295, 352, 561, 594, 636, 694, 715, 828, 847, 991, 1027, 1153, 1329, 1351, 1355, 1664, 1721, 1911, 2252, 2253, 2299, 2535, 3734, 3816, 4526, 5018, 5053, 7150, 8700, 9148, 9174, 9719, 10636, 11321, 12171, 12214, 12765, 12920, 14554, 14632]",c4.3ca__GAVISH_3CA_MALIGNANT_METAPROGRAM_22_SECRETED_1
c4.3ca,GAVISH_3CA_MALIGNANT_METAPROGRAM_39_METAL_RESPONSE,prerank,0.6563401358839631,2.3376481995366474,0.0,0.0,0.0,28_44,28/44,19.33%,DDIT4;MT1F;MT1M;MT1A;MT2A;STC1;FKBP5;MT1E;MT1X;EMP3;CEBPB;CP;TSC22D3;MT3;FSTL3;S100A6;TMEM91;KLF4;C1R;IGFBP5;IER2;BGN;LGALS1;GLUL;TMEM45A;C1S;VCAN;CKB,DDIT4;MT1F;MT1M;MT1A;MT2A;STC1;FKBP5;MT1E;MT1X;EMP3;CEBPB;CP;TSC22D3;MT3;FSTL3;S100A6;TMEM91;KLF4;C1R;IGFBP5;IER2;BGN;LGALS1;GLUL;TMEM45A;C1S;VCAN;CKB;NOL3;ID4;EDN1;ANXA1;ID1;ZBTB16;PLP2;RSL24D1;LOX;TGFBI;SOX4;CAV1;VCAM1;PMP22;NPTX2;TUBA1A,"[17, 57, 126, 138, 145, 156, 215, 308, 318, 387, 464, 546, 1034, 1108, 1116, 1299, 1419, 1437, 1505, 1810, 2071, 2213, 2686, 2868, 3005, 3007, 3195, 3385, 3946, 4488, 4526, 5053, 5430, 6815, 6879, 8365, 10644, 11627, 13059, 13967, 14570, 14599, 15230, 16804]",c4.3ca__GAVISH_3CA_MALIGNANT_METAPROGRAM_39_METAL_RESPONSE
c4.3ca,GAVISH_3CA_METAPROGRAM_ENDOTHELIAL_NF_KB,prerank,0.634077023444919,2.312849774489774,0.0,0.0,0.0,19_48,19/48,9.50%,MT1A;PNP;ADAMTS9;C2CD4B;NFKBIA;ARID5A;CCL2;CSF3;CDKN1A;IL6;CLU;ICAM1;MYC;GJA1;TUBB6;TNFAIP3;BIRC3;TIMP1;EMP1,MT1A;PNP;ADAMTS9;C2CD4B;NFKBIA;ARID5A;CCL2;CSF3;CDKN1A;IL6;CLU;ICAM1;MYC;GJA1;TUBB6;TNFAIP3;BIRC3;TIMP1;EMP1;IER3;C11orf96;ISG20;CXCL2;RND1;LMNA;NDRG1;NNMT;TMEM70;SERPINB1;AKAP12;UGCG;POSTN;ETS2;HIF1A;PLVAP;NAMPT;SOD2;ABL2;THBS1;IGFBP7;NCOA7;PTPRE;DDX21;SELE;VCAM1;PMP22;LITAF;ADAMTS4,"[138, 345, 386, 408, 438, 449, 636, 665, 715, 719, 751, 847, 1027, 1052, 1164, 1329, 1351, 1515, 1664, 2252, 2507, 2691, 3816, 3869, 4905, 5400, 6420, 6495, 6571, 6752, 7602, 7665, 7952, 8186, 8694, 9148, 9365, 9622, 10764, 11361, 12171, 12557, 12765, 14111, 14570, 14599, 14933, 16093]",c4.3ca__GAVISH_3CA_METAPROGRAM_ENDOTHELIAL_NF_KB
c4.3ca,GAVISH_3CA_METAPROGRAM_CD4_T_CELLS_STRESS_HSP,prerank,0.7758563030660377,2.7912486763520863,0.0,0.0,0.0,33_50,33/50,14.01%,HSPA6;HSPA1A;HSPB1;SERPINH1;HSPA1B;DNAJB1;BAG3;SOCS3;DOK2;GEM;CHORDC1;FKBP4;PLIN2;CCL20;DEDD2;HSPH1;IRF1;GADD45B;AHSA1;HSPD1;HSP90AA1;DNAJB4;DNAJA1;HSPE1;DNAJA4;CACYBP;MRPL18;NUDC;PMAIP1;PPP1R15A;JUN;RGS2;HSP90AB1,HSPA6;HSPA1A;HSPB1;SERPINH1;HSPA1B;DNAJB1;BAG3;SOCS3;DOK2;GEM;CHORDC1;FKBP4;PLIN2;CCL20;DEDD2;HSPH1;IRF1;GADD45B;AHSA1;HSPD1;HSP90AA1;DNAJB4;DNAJA1;HSPE1;DNAJA4;CACYBP;MRPL18;NUDC;PMAIP1;PPP1R15A;JUN;RGS2;HSP90AB1;DUSP1;TCP1;ZFAND2A;SQSTM1;NEU1;ID2;HBP1;ANXA1;CLK1;JUNB;TSPYL2;ODC1;TRA2B;BTG2;MYLIP;FABP5;REL,"[0, 2, 4, 5, 7, 8, 15, 158, 247, 249, 315, 331, 537, 561, 630, 718, 753, 762, 804, 987, 996, 1031, 1202, 1341, 1646, 1798, 1854, 2027, 2205, 2264, 2405, 2412, 2454, 2914, 3387, 3859, 4128, 4355, 4384, 4570, 5053, 5156, 5749, 6557, 8236, 9238, 9417, 10462, 14946, 15061]",c4.3ca__GAVISH_3CA_METAPROGRAM_CD4_T_CELLS_STRESS_HSP
c4.3ca,GAVISH_3CA_METAPROGRAM_CD8_T_CELLS_HEAT_SHOCK,prerank,0.7526794201481725,2.7173571499198896,0.0,0.0,0.0,31_49,31/49,14.01%,HSPA6;HSPA1A;HSPB1;SERPINH1;HSPA1B;DNAJB1;BAG3;TNFSF14;DOK2;ANKRD37;CHORDC1;FKBP4;STIP1;BATF;DEDD2;HSPH1;GADD45B;AHSA1;HSPD1;HSP90AA1;DNAJA1;HSPE1;DNAJA4;CACYBP;MRPL18;NUDC;PMAIP1;PPP1R15A;JUN;RGS2;HSP90AB1,HSPA6;HSPA1A;HSPB1;SERPINH1;HSPA1B;DNAJB1;BAG3;TNFSF14;DOK2;ANKRD37;CHORDC1;FKBP4;STIP1;BATF;DEDD2;HSPH1;GADD45B;AHSA1;HSPD1;HSP90AA1;DNAJA1;HSPE1;DNAJA4;CACYBP;MRPL18;NUDC;PMAIP1;PPP1R15A;JUN;RGS2;HSP90AB1;HSPA4;DUSP1;PTGES3;TCP1;ZFAND2A;SQSTM1;NEU1;CLK1;TXNIP;NR4A2;TAF7;TSPYL2;CCL3;CCL4L2;FOSB;RHOB;NR4A1;DUSP4,"[0, 2, 4, 5, 7, 8, 15, 60, 247, 270, 315, 331, 418, 521, 630, 718, 762, 804, 987, 996, 1202, 1341, 1646, 1798, 1854, 2027, 2205, 2264, 2405, 2412, 2454, 2885, 2914, 2982, 3387, 3859, 4128, 4355, 5156, 5739, 6025, 6323, 6557, 7409, 7512, 7914, 8680, 12865, 17470]",c4.3ca__GAVISH_3CA_METAPROGRAM_CD8_T_CELLS_HEAT_SHOCK
c4.3ca,GAVISH_3CA_METAPROGRAM_ENDOTHELIAL_STRESS,prerank,0.758635538597771,2.7701813113845146,0.0,0.0,0.0,35_50,35/50,14.32%,HSPA1A;HSPA1B;DNAJB1;BAG3;MAFF;TNFRSF10D;SOCS3;SERTAD1;NFKBIA;ARID5A;CCL2;CDKN1A;HSPH1;IRF1;GADD45B;ICAM1;SLC2A3;DNAJA1;FOS;FOSL2;KLF4;MCL1;NFKBIZ;CSRNP1;HEXIM1;ZFP36;IER2;APOLD1;IER3;PPP1R15A;ZC3HAV1;KDM6B;HES1;JUN;C11orf96,HSPA1A;HSPA1B;DNAJB1;BAG3;MAFF;TNFRSF10D;SOCS3;SERTAD1;NFKBIA;ARID5A;CCL2;CDKN1A;HSPH1;IRF1;GADD45B;ICAM1;SLC2A3;DNAJA1;FOS;FOSL2;KLF4;MCL1;NFKBIZ;CSRNP1;HEXIM1;ZFP36;IER2;APOLD1;IER3;PPP1R15A;ZC3HAV1;KDM6B;HES1;JUN;C11orf96;JUND;ADAMTS1;CXCL2;RND1;ATF3;BHLHE40;MIDN;JUNB;BRD2;FOSB;SOD2;BTG2;NR4A1;CCNL1;EGR1,"[2, 7, 8, 15, 25, 26, 158, 411, 438, 449, 636, 715, 718, 753, 762, 847, 935, 1202, 1219, 1355, 1437, 1560, 1641, 1721, 1814, 1852, 2071, 2176, 2252, 2264, 2284, 2299, 2380, 2405, 2507, 3051, 3516, 3816, 3869, 4249, 4265, 5018, 5749, 7076, 7914, 9365, 9417, 12865, 13575, 17016]",c4.3ca__GAVISH_3CA_METAPROGRAM_ENDOTHELIAL_STRESS
c4.3ca,GAVISH_3CA_METAPROGRAM_B_CELLS_MHC_II,prerank,0.6503436381390076,2.345518350350393,0.0,0.0,0.0,28_49,28/49,16.31%,CXCR4;GPSM3;CD37;HLA-DRB5;HLA-DRB1;IFITM2;CD52;HLA-DRA;LCP1;CD74;HLA-DMB;LAPTM5;SELL;ARPC1B;BTG1;HLA-DPB1;LY86;RAC2;HLA-DMA;HLA-DQA1;HLA-DPA1;CD53;CD79B;PTPRC;CD48;ARHGDIB;SH3BGRL3;COTL1,CXCR4;GPSM3;CD37;HLA-DRB5;HLA-DRB1;IFITM2;CD52;HLA-DRA;LCP1;CD74;HLA-DMB;LAPTM5;SELL;ARPC1B;BTG1;HLA-DPB1;LY86;RAC2;HLA-DMA;HLA-DQA1;HLA-DPA1;CD53;CD79B;PTPRC;CD48;ARHGDIB;SH3BGRL3;COTL1;MYL12A;VPREB3;STK17A;HLA-DQB1;LIMD2;TXNIP;JUNB;PFN1;LTB;BANK1;CD83;GPR183;NAP1L1;CORO1A;TMSB4X;ACTB;ACTG1;REL;MS4A1;SMIM14;CD69,"[50, 218, 436, 542, 558, 633, 830, 855, 901, 908, 914, 919, 928, 965, 1239, 1268, 1509, 1635, 1712, 1718, 1918, 2172, 2306, 2422, 2604, 2742, 2777, 2856, 3359, 3598, 3991, 4269, 4640, 5739, 5749, 5977, 6057, 6502, 6688, 7031, 7238, 8030, 8993, 10243, 11600, 15061, 15249, 16031, 16391]",c4.3ca__GAVISH_3CA_METAPROGRAM_B_CELLS_MHC_II
c4.3ca,GAVISH_3CA_METAPROGRAM_MACROPHAGES_MES_GLYCOLYSIS,prerank,0.6726925843040752,2.414895217972914,0.0,0.0,0.0,24_48,24/48,10.25%,NUPR1;MT2A;S100A8;ADM;MT1G;S100A4;MT1E;MT1X;EMP3;P4HA1;PLIN2;HK2;S100A9;CD52;SLC2A3;MARCO;S100A6;RGCC;VIM;TIMP1;ANXA2;S100A10;ADAM8;SDC2,NUPR1;MT2A;S100A8;ADM;MT1G;S100A4;MT1E;MT1X;EMP3;P4HA1;PLIN2;HK2;S100A9;CD52;SLC2A3;MARCO;S100A6;RGCC;VIM;TIMP1;ANXA2;S100A10;ADAM8;SDC2;GPNMB;LGALS1;CSTB;SLC2A1;MIF;VCAN;APOC1;ENO1;ANXA1;SPP1;NDRG1;LGALS3;LSP1;C15orf48;FBP1;RALA;UPP1;LDHA;BNIP3;FN1;FABP5;CD9;RNASE1;SCD,"[54, 145, 157, 159, 165, 245, 308, 318, 387, 424, 537, 744, 820, 830, 935, 977, 1299, 1356, 1399, 1515, 1542, 1551, 1742, 1795, 2421, 2686, 2706, 3001, 3194, 3195, 3747, 4248, 5053, 5115, 5400, 5562, 5942, 6717, 7002, 8290, 9229, 9695, 11691, 12440, 14946, 15173, 16286, 16479]",c4.3ca__GAVISH_3CA_METAPROGRAM_MACROPHAGES_MES_GLYCOLYSIS
c4.3ca,GAVISH_3CA_MALIGNANT_METAPROGRAM_7_STRESS_IN_VITRO,prerank,0.7085829590458202,2.433985921724111,0.0,0.0,0.0,18_37,18/37,13.00%,DDIT4;NUPR1;STC2;GDF15;CEBPB;MTHFD2;SLC3A2;GADD45B;BTG1;ATF4;CEBPG;PHGDH;DDIT3;SHMT2;XBP1;HSPA5;PPP1R15A;HERPUD1,DDIT4;NUPR1;STC2;GDF15;CEBPB;MTHFD2;SLC3A2;GADD45B;BTG1;ATF4;CEBPG;PHGDH;DDIT3;SHMT2;XBP1;HSPA5;PPP1R15A;HERPUD1;PSAT1;CCDC174;ZFAND2A;SQSTM1;ATF3;PDRG1;ASNS;TXNIP;GADD45A;RSRC2;TRIB3;EIF1B;ZNF622;UPP1;MAP1LC3B;HSPA9;DNAJB9;ARF4;TAF1D,"[17, 54, 182, 325, 464, 532, 634, 762, 1239, 1272, 1273, 1281, 1519, 1562, 1799, 2084, 2264, 2276, 2963, 2983, 3859, 4128, 4249, 4749, 5694, 5739, 6156, 6797, 7236, 7909, 7969, 9229, 9680, 10002, 10291, 11346, 12646]",c4.3ca__GAVISH_3CA_MALIGNANT_METAPROGRAM_7_STRESS_IN_VITRO
c4.3ca,GAVISH_3CA_METAPROGRAM_ENDOTHELIAL_ENDO_7,prerank,0.6549380847866737,2.3228416010316315,0.0,0.0,0.0,26_45,26/45,14.92%,DDIT4;FAM167B;DNASE1L3;MT1M;MT2A;STC1;ATOH8;MT1E;MT1X;RAMP3;TM4SF18;F2RL3;DHRS3;NOTCH4;GYPC;RGCC;CARHSP1;NQO1;BTNL9;HLA-DQA1;FCN3;HES1;TMEM204;CDC42EP4;CD320;CTSH,DDIT4;FAM167B;DNASE1L3;MT1M;MT2A;STC1;ATOH8;MT1E;MT1X;RAMP3;TM4SF18;F2RL3;DHRS3;NOTCH4;GYPC;RGCC;CARHSP1;NQO1;BTNL9;HLA-DQA1;FCN3;HES1;TMEM204;CDC42EP4;CD320;CTSH;GAS6;SGK1;TSC22D1;ID2;EDNRB;SPP1;MLEC;ITM2A;NOSTRIN;FXYD6;AKAP12;COL15A1;SIPA1L2;VWA1;OSBPL1A;TMEM88;CA4;RBP7;CD36,"[17, 21, 74, 126, 145, 156, 244, 308, 318, 536, 612, 771, 776, 1183, 1209, 1356, 1441, 1507, 1638, 1718, 1910, 2380, 2538, 2569, 2574, 2612, 3078, 3436, 3795, 4384, 4666, 5115, 5323, 5805, 6354, 6644, 6752, 7145, 10975, 11222, 12378, 13429, 15600, 15928, 17499]",c4.3ca__GAVISH_3CA_METAPROGRAM_ENDOTHELIAL_ENDO_7
c4.3ca,GAVISH_3CA_METAPROGRAM_MACROPHAGES_MAC_1,prerank,0.744086467537597,2.6934693895159048,0.0,0.0,0.0,31_48,31/48,16.95%,MT2A;S100A8;S100A4;LILRA5;STXBP2;CFD;FGR;SERPINA1;IFITM2;LRRC25;ABI3;S100A9;CD52;PLAC8;APOBEC3A;FCGR3A;IFITM3;BCL2A1;SPN;TIMP1;VAMP5;RAC2;RHOC;LILRB2;HCK;MS4A7;CLEC12A;HES1;CD48;COTL1;FCN1,MT2A;S100A8;S100A4;LILRA5;STXBP2;CFD;FGR;SERPINA1;IFITM2;LRRC25;ABI3;S100A9;CD52;PLAC8;APOBEC3A;FCGR3A;IFITM3;BCL2A1;SPN;TIMP1;VAMP5;RAC2;RHOC;LILRB2;HCK;MS4A7;CLEC12A;HES1;CD48;COTL1;FCN1;LST1;CYTIP;LY6E;MYO1G;TCF7L2;POU2F2;MAFB;CFP;CD55;LILRA1;LTA4H;CORO1A;NAAA;CDKN1C;CRIP1;LYST;MTSS1,"[145, 157, 245, 324, 361, 367, 382, 459, 633, 705, 800, 820, 830, 834, 946, 954, 970, 1133, 1473, 1515, 1610, 1635, 1711, 1887, 1914, 2085, 2333, 2380, 2604, 2856, 2968, 3419, 4243, 4330, 4433, 5609, 5761, 6096, 6854, 7327, 7496, 8011, 8030, 8462, 8841, 10362, 12078, 13911]",c4.3ca__GAVISH_3CA_METAPROGRAM_MACROPHAGES_MAC_1
c4.3ca,GAVISH_3CA_MALIGNANT_METAPROGRAM_14_EMT_3,prerank,0.6754873914541264,2.376451811440215,0.0,0.0,0.0,23_48,23/48,9.77%,HSPB1;C19orf33;KRT18;S100P;S100A4;TNFRSF12A;IL32;EMP3;FXYD3;EZR;TM4SF1;S100A11;KRT19;CLIC1;S100A6;ANXA3;VIM;TAGLN2;ANXA2;S100A10;KRT8;EMP1;RHOC,HSPB1;C19orf33;KRT18;S100P;S100A4;TNFRSF12A;IL32;EMP3;FXYD3;EZR;TM4SF1;S100A11;KRT19;CLIC1;S100A6;ANXA3;VIM;TAGLN2;ANXA2;S100A10;KRT8;EMP1;RHOC;CRIP2;LGALS1;RAB11FIP1;SH3BGRL3;IFI27;MYL12A;CKB;KLF6;CLDN4;LMNA;ISG15;ANXA1;LGALS3;FLNA;PLP2;S100A14;MDK;S100A16;TMSB4X;CRIP1;PHLDA2;STMN1;MYADM;KRT7;TUBA1A,"[4, 88, 166, 233, 245, 251, 314, 387, 430, 669, 694, 1102, 1151, 1171, 1299, 1349, 1399, 1537, 1542, 1551, 1580, 1664, 1711, 2152, 2686, 2711, 2777, 3312, 3359, 3385, 3544, 3933, 4905, 4942, 5053, 5562, 6813, 6879, 7129, 7521, 7740, 8993, 10362, 11321, 12100, 12214, 16393, 16804]",c4.3ca__GAVISH_3CA_MALIGNANT_METAPROGRAM_14_EMT_3
c4.3ca,GAVISH_3CA_METAPROGRAM_EPITHELIAL_INTERFERON_MHC,prerank,0.6382966697214485,2.289700789481658,0.0,0.0,0.0,29_47,29/47,21.67%,MT2A;RAMP3;HLA-DRB5;HLA-DRB1;IFITM2;TM4SF1;IFITM1;HLA-DRA;CD74;ID3;IFITM3;HLA-DPB1;VIM;ANXA2;VAMP5;IGFBP5;BST2;GNG11;HLA-DPA1;CRIP2;TIMP3;LGALS1;HLA-E;DUSP1;HLA-B;IFI27;MYL12A;TMSB10;TSC22D1,MT2A;RAMP3;HLA-DRB5;HLA-DRB1;IFITM2;TM4SF1;IFITM1;HLA-DRA;CD74;ID3;IFITM3;HLA-DPB1;VIM;ANXA2;VAMP5;IGFBP5;BST2;GNG11;HLA-DPA1;CRIP2;TIMP3;LGALS1;HLA-E;DUSP1;HLA-B;IFI27;MYL12A;TMSB10;TSC22D1;HLA-C;ENG;PLAT;ID1;GIMAP7;EMCN;RAMP2;HLA-A;FKBP1A;A2M;EPAS1;B2M;TMSB4X;MGP;SPARC;IGFBP7;RNASE1;CRHBP,"[145, 536, 542, 558, 633, 694, 842, 855, 908, 956, 970, 1268, 1399, 1542, 1610, 1810, 1831, 1851, 1918, 2152, 2602, 2686, 2908, 2914, 3273, 3312, 3359, 3661, 3795, 5034, 5298, 5388, 5430, 5480, 6200, 6745, 7026, 7174, 7759, 7874, 8759, 8993, 9257, 9882, 11361, 16286, 17031]",c4.3ca__GAVISH_3CA_METAPROGRAM_EPITHELIAL_INTERFERON_MHC
c4.3ca,GAVISH_3CA_METAPROGRAM_B_CELLS_HSP_STRESS,prerank,0.7224484814667177,2.5797617991173434,0.0,0.0,0.0,29_47,29/47,14.01%,HSPA6;HSPA1A;HSPB1;HSPA1B;DNAJB1;SLC5A3;CHORDC1;FKBP4;STIP1;NFKBIA;DEDD2;HSPH1;AHSA1;HSPD1;HSP90AA1;MYC;DNAJB4;BCL2A1;DNAJA1;FOS;HSPE1;CACYBP;MRPL18;NUDC;IER2;PMAIP1;NFKBID;JUN;HSP90AB1,HSPA6;HSPA1A;HSPB1;HSPA1B;DNAJB1;SLC5A3;CHORDC1;FKBP4;STIP1;NFKBIA;DEDD2;HSPH1;AHSA1;HSPD1;HSP90AA1;MYC;DNAJB4;BCL2A1;DNAJA1;FOS;HSPE1;CACYBP;MRPL18;NUDC;IER2;PMAIP1;NFKBID;JUN;HSP90AB1;KLF6;ZFAND2A;UBC;UBB;SLBP;TAF7;CD83;HSPA8;DUSP2;ANKRD12;DDX5;CCL4;CCR7;NR4A1;SMIM14;CD69;EGR3;EGR1,"[0, 2, 4, 7, 8, 155, 315, 331, 418, 438, 630, 718, 804, 987, 996, 1027, 1031, 1133, 1202, 1219, 1341, 1798, 1854, 2027, 2071, 2205, 2345, 2405, 2454, 3544, 3859, 4171, 5432, 6189, 6323, 6688, 7892, 8683, 9281, 9867, 10797, 12666, 12865, 16031, 16391, 16690, 17016]",c4.3ca__GAVISH_3CA_METAPROGRAM_B_CELLS_HSP_STRESS
c4.3ca,GAVISH_3CA_METAPROGRAM_ENDOTHELIAL_HEV_2,prerank,0.6003616984944409,2.1885562786182744,0.0,6.715490189137357e-05,0.001,26_49,26/49,21.59%,SEMA3F;STC1;NOS3;EMP3;RAMP3;APOL1;KLF2;PLEC;HYAL2;TGM2;EPHB4;DUSP23;PRCP;EHBP1L1;IGFBP5;VWF;PTGDS;TNXB;ADIRF;THBD;TSHZ2;VCAN;PCDH12;ADAMTS1;ITGA6;APLNR,SEMA3F;STC1;NOS3;EMP3;RAMP3;APOL1;KLF2;PLEC;HYAL2;TGM2;EPHB4;DUSP23;PRCP;EHBP1L1;IGFBP5;VWF;PTGDS;TNXB;ADIRF;THBD;TSHZ2;VCAN;PCDH12;ADAMTS1;ITGA6;APLNR;PLAC9;NDRG1;MALL;VEGFC;NR2F2;CALCRL;SLCO2A1;TEK;SPTAN1;ADAM15;MARCKS;PCDH17;HEG1;FBLN2;CRIP1;PGM5;ADAMTS6;SLC6A6;ENTPD1;FN1;SELE;VCAM1;SELP,"[119, 156, 242, 387, 536, 629, 811, 1115, 1134, 1442, 1589, 1592, 1681, 1796, 1810, 1921, 1932, 2055, 2504, 2546, 3024, 3195, 3483, 3516, 3749, 3782, 4928, 5400, 5648, 6029, 6366, 6831, 7389, 7870, 8034, 8067, 8773, 9397, 9865, 10304, 10362, 10761, 11767, 11809, 12396, 12440, 14111, 14570, 16232]",c4.3ca__GAVISH_3CA_METAPROGRAM_ENDOTHELIAL_HEV_2
c4.3ca,GAVISH_3CA_METAPROGRAM_ENDOTHELIAL_HEV_1,prerank,0.6142612059689276,2.213356802792799,0.0,6.98410979670285e-05,0.001,25_48,25/48,15.76%,CEBPD;C7;RAMP3;HLA-DRB5;HLA-DRB1;MMRN1;CCL2;CLU;ICAM1;HLA-DRA;CD74;CYP1B1;HLA-DPB1;DUSP23;PRCP;HLA-DMA;HLA-DQA1;HLA-DPA1;VWF;PTGDS;ARL4A;TFPI;IER3;ADIRF;NPC2,CEBPD;C7;RAMP3;HLA-DRB5;HLA-DRB1;MMRN1;CCL2;CLU;ICAM1;HLA-DRA;CD74;CYP1B1;HLA-DPB1;DUSP23;PRCP;HLA-DMA;HLA-DQA1;HLA-DPA1;VWF;PTGDS;ARL4A;TFPI;IER3;ADIRF;NPC2;IL1R1;SNCG;CXCL2;ACTN1;HLA-DQB1;HAPLN3;CPE;PLAT;NR2F2;NNMT;LIFR;SLCO2A1;POSTN;TSPAN7;MGP;SOD2;FBLN2;NCOA7;SELE;VCAM1;IL33;SELP;ZNF385D,"[312, 340, 536, 542, 558, 571, 636, 751, 847, 855, 908, 993, 1268, 1592, 1681, 1712, 1718, 1918, 1921, 1932, 1948, 1966, 2252, 2504, 2760, 3361, 3670, 3816, 4155, 4269, 4585, 4663, 5388, 6366, 6420, 6638, 7389, 7665, 8618, 9257, 9365, 10304, 12171, 14111, 14570, 14708, 16232, 16252]",c4.3ca__GAVISH_3CA_METAPROGRAM_ENDOTHELIAL_HEV_1
c4.3ca,GAVISH_3CA_METAPROGRAM_EPITHELIAL_PDAC_RELATED_1,prerank,0.6646256500498386,2.226605758895917,0.0,7.27511437156547e-05,0.001,22_35,22/35,15.65%,FXYD2;SERPINA5;MT1E;PDZK1IP1;SERPINA1;HLA-DRB5;C3;HLA-DRB1;LYZ;CLU;LCN2;HLA-DRA;CD74;IFITM3;CRP;DEFB1;CLDN10;DUOX2;AKR1C3;SERPING1;TFF3;TCN1,FXYD2;SERPINA5;MT1E;PDZK1IP1;SERPINA1;HLA-DRB5;C3;HLA-DRB1;LYZ;CLU;LCN2;HLA-DRA;CD74;IFITM3;CRP;DEFB1;CLDN10;DUOX2;AKR1C3;SERPING1;TFF3;TCN1;CA2;CD81;GPX2;FOLR1;SPP1;NNMT;GATM;SOD2;LGALS2;OLFM4;SLC4A4;SLC3A1;CFTR,"[20, 164, 308, 388, 459, 542, 554, 558, 574, 751, 756, 855, 908, 970, 1140, 1486, 1548, 1618, 1888, 2181, 2699, 2740, 3033, 3757, 4048, 4216, 5115, 6420, 6961, 9365, 12269, 12812, 13005, 13127, 17465]",c4.3ca__GAVISH_3CA_METAPROGRAM_EPITHELIAL_PDAC_RELATED_1
c4.3ca,GAVISH_3CA_METAPROGRAM_ENDOTHELIAL_COAGULATION,prerank,0.6324820877416332,2.2402505754335778,0.0,7.591423692068315e-05,0.001,28_48,28/48,20.96%,DDIT4;FAM167B;NUPR1;DNASE1L3;S100A4;MPZL2;FXYD5;TM4SF18;CLU;TSPO;ANAPC16;AHNAK;RGCC;S100A10;PRCP;VWF;ARL4A;TFPI;BGN;ADIRF;LGALS1;TFF3;COTL1;RPS27L;MIF;NFIB;NRP2;SNCG,DDIT4;FAM167B;NUPR1;DNASE1L3;S100A4;MPZL2;FXYD5;TM4SF18;CLU;TSPO;ANAPC16;AHNAK;RGCC;S100A10;PRCP;VWF;ARL4A;TFPI;BGN;ADIRF;LGALS1;TFF3;COTL1;RPS27L;MIF;NFIB;NRP2;SNCG;ACTN1;DAD1;PRDX5;CST3;HTRA1;SPARCL1;PLVAP;MARCKS;MRPL20;EFEMP1;QSOX1;IGFBP7;RBP5;FN1;LDB2;CALM3;MEF2C;VCAM1;PMP22;FABP5,"[17, 21, 54, 74, 245, 275, 601, 612, 751, 915, 1100, 1208, 1356, 1551, 1681, 1921, 1948, 1966, 2213, 2504, 2686, 2699, 2856, 2875, 3194, 3509, 3571, 3670, 4155, 4424, 5750, 6273, 6398, 7992, 8694, 8773, 9331, 9633, 10417, 11361, 11679, 12440, 12479, 12877, 14202, 14570, 14599, 14946]",c4.3ca__GAVISH_3CA_METAPROGRAM_ENDOTHELIAL_COAGULATION
c4.3ca,GAVISH_3CA_METAPROGRAM_FIBROBLASTS_HYPOXIA,prerank,0.5880070839117477,2.122435261218597,0.0,0.00010270749701033604,0.002,16_48,16/48,6.86%,G0S2;DDIT4;CXCL6;MT2A;STC1;ADM;MT1E;HILPDA;PLIN2;ANGPTL4;CXCL1;CCL2;IL6;CXCL3;VEGFA;SLC16A3,G0S2;DDIT4;CXCL6;MT2A;STC1;ADM;MT1E;HILPDA;PLIN2;ANGPTL4;CXCL1;CCL2;IL6;CXCL3;VEGFA;SLC16A3;SERPINE1;TNFAIP6;IER3;CXCL5;COL7A1;CXCL2;PLAU;ENO1;AKR1B1;CHI3L1;NDRG1;EGLN3;PTGES;C15orf48;STEAP1;IGFBP3;IL11;TMEM158;WNT5A;NAMPT;UPP1;SOD2;PGK1;IL24;BNIP3;SCG5;FAM162A;CD82;CA12;INHBA;MME;MMP3,"[1, 17, 46, 145, 156, 159, 308, 356, 537, 590, 594, 636, 719, 873, 930, 1200, 1969, 1998, 2252, 2588, 2720, 3816, 3981, 4248, 4628, 4969, 5400, 5505, 6202, 6717, 6891, 7422, 8126, 8394, 8926, 9148, 9229, 9365, 9884, 10727, 11691, 12003, 13208, 14722, 16620, 17099, 17362, 17502]",c4.3ca__GAVISH_3CA_METAPROGRAM_FIBROBLASTS_HYPOXIA
c4.3ca,GAVISH_3CA_METAPROGRAM_MACROPHAGES_LIPID_ASSOCIATED,prerank,0.5988978762765461,2.1399520365244107,0.0,0.00010581984540458864,0.002,24_47,24/47,16.81%,NUPR1;C1QA;VSIG4;C1QC;STAB1;CFD;C1QB;TMEM176B;F13A1;CD163;FOLR2;FCGR3A;TREM2;PLTP;CD14;MS4A4A;C2;CD59;MSR1;GCHFR;GPNMB;SLCO2B1;ACP5;NPL,NUPR1;C1QA;VSIG4;C1QC;STAB1;CFD;C1QB;TMEM176B;F13A1;CD163;FOLR2;FCGR3A;TREM2;PLTP;CD14;MS4A4A;C2;CD59;MSR1;GCHFR;GPNMB;SLCO2B1;ACP5;NPL;IFI27;APOC1;APOE;GPR34;CTSC;CTSD;CYP27A1;SPP1;PLD3;LGALS3;DAB2;CCL3;A2M;LGMN;SLC40A1;ASAH1;PLA2G7;FUCA1;CREG1;LIPA;GM2A;CD9;RNASE1,"[54, 196, 240, 280, 357, 367, 399, 597, 631, 818, 862, 954, 1129, 1178, 1238, 1623, 1909, 2017, 2162, 2373, 2421, 2444, 2930, 2943, 3312, 3747, 3783, 3843, 4088, 4656, 4678, 5115, 5116, 5562, 6756, 7409, 7759, 10504, 11228, 11946, 12277, 12500, 14117, 14802, 14858, 15173, 16286]",c4.3ca__GAVISH_3CA_METAPROGRAM_MACROPHAGES_LIPID_ASSOCIATED
c4.3ca,GAVISH_3CA_METAPROGRAM_CD8_T_CELLS_MEMORY_NAIVE_1,prerank,0.6034931415907188,2.1550611682166423,0.0,0.00010912671557348205,0.002,21_47,21/47,17.62%,DNAJB1;CXCR4;NFKBIA;GADD45B;SELL;SLC2A3;IL7R;TSC22D3;DNAJA1;FOS;TNFAIP3;BIRC3;RGCC;ZFP36;IER2;PPP1R15A;JUN;RGS2;RGS1;DUSP1;CREM,DNAJB1;CXCR4;NFKBIA;GADD45B;SELL;SLC2A3;IL7R;TSC22D3;DNAJA1;FOS;TNFAIP3;BIRC3;RGCC;ZFP36;IER2;PPP1R15A;JUN;RGS2;RGS1;DUSP1;CREM;KLF6;TOB1;TUBB4B;LMNA;ANXA1;TXNIP;JUNB;NR4A2;LTB;GPR183;CD55;EIF3E;ZNF331;FOSB;TUBA4A;DUSP2;TMEM123;YPEL5;BTG2;LEPROTL1;MYADM;CCR7;PIK3IP1;PIK3R1;FAM177A1;CD69,"[8, 50, 438, 762, 928, 935, 1012, 1034, 1202, 1219, 1329, 1351, 1356, 1852, 2071, 2264, 2405, 2412, 2808, 2914, 3086, 3544, 3777, 4637, 4905, 5053, 5739, 5749, 6025, 6057, 7031, 7327, 7600, 7658, 7914, 8107, 8683, 8922, 9260, 9417, 11458, 12214, 12666, 13111, 13367, 15016, 16391]",c4.3ca__GAVISH_3CA_METAPROGRAM_CD8_T_CELLS_MEMORY_NAIVE_1
c4.3ca,GAVISH_3CA_METAPROGRAM_EPITHELIAL_EPI3,prerank,0.5919416820997171,2.164311523130583,0.0,0.00011264693220488469,0.002,20_45,20/45,13.13%,EPHA2;S100A8;GJB2;TNFRSF12A;ZC3H12A;SMOX;TUBA1C;CDKN1A;NDUFA4L2;S100A9;FOSL1;VEGFA;TUBB6;KLHL21;S100A2;LYPD3;TGM1;IER3;PHLDA1;KDM6B,EPHA2;S100A8;GJB2;TNFRSF12A;ZC3H12A;SMOX;TUBA1C;CDKN1A;NDUFA4L2;S100A9;FOSL1;VEGFA;TUBB6;KLHL21;S100A2;LYPD3;TGM1;IER3;PHLDA1;KDM6B;KRT16;LAMA3;SOWAHC;ANXA1;NOP16;ECM1;NDRG1;EGLN3;CALD1;HAS3;NPPB;GJB3;ODC1;MAP7D1;FSCN1;PHLDA2;BNIP3;PTPRE;DDX21;HBEGF;KRT17;LY6D;SERPINB2;LAMC2;INHBA,"[66, 157, 227, 251, 273, 421, 639, 715, 789, 820, 828, 930, 1164, 1413, 1766, 1958, 2028, 2252, 2253, 2299, 3235, 3503, 3970, 5053, 5126, 5343, 5400, 5505, 6176, 6468, 7186, 7304, 8236, 9366, 10704, 11321, 11691, 12557, 12765, 12920, 13183, 13807, 16394, 16796, 17099]",c4.3ca__GAVISH_3CA_METAPROGRAM_EPITHELIAL_EPI3
c4.3ca,GAVISH_3CA_MALIGNANT_METAPROGRAM_18_INTERFERON_MHC_II_2,prerank,0.6050207296090786,2.1670070174067027,0.0,0.00011640182994504751,0.002,23_46,23/46,13.02%,MT2A;MT1X;TMEM176A;HLA-DRB5;C3;HLA-DRB1;TMEM176B;IFITM2;CLU;DHRS3;HLA-DRA;CD74;ARPC1B;CRYAB;IFITM3;EGFL8;C1R;S100A10;HLA-DMA;HLA-DPA1;PDK4;SERPING1;RARRES2,MT2A;MT1X;TMEM176A;HLA-DRB5;C3;HLA-DRB1;TMEM176B;IFITM2;CLU;DHRS3;HLA-DRA;CD74;ARPC1B;CRYAB;IFITM3;EGFL8;C1R;S100A10;HLA-DMA;HLA-DPA1;PDK4;SERPING1;RARRES2;LGALS1;C1S;CTSD;CTNNAL1;ISG15;ANXA1;PLAT;UCHL1;NNMT;LGALS3BP;A2M;WFDC2;GPX3;CALM2;GPM6B;GFRA3;IFI6;S100B;PMP22;CD9;PLP1;TUBA1A;ALDH1A1,"[145, 318, 540, 542, 554, 558, 597, 633, 751, 776, 855, 908, 965, 969, 970, 974, 1505, 1551, 1712, 1918, 2104, 2181, 2279, 2686, 3007, 4656, 4747, 4942, 5053, 5388, 5596, 6420, 7121, 7759, 7784, 7997, 10877, 10948, 13204, 14097, 14438, 14599, 15173, 15345, 16804, 17233]",c4.3ca__GAVISH_3CA_MALIGNANT_METAPROGRAM_18_INTERFERON_MHC_II_2
c4.3ca,GAVISH_3CA_METAPROGRAM_FIBROBLASTS_MHC_II_CYTOKINE,prerank,0.6139333932739646,2.177673214060573,0.0,0.00012041568615004915,0.002,22_45,22/45,12.86%,DNAJB1;RRAD;SOCS3;C7;RAMP3;TMEM176A;C3;HLA-DRB1;CXCL1;TMEM176B;CCL2;CLU;HLA-DRA;CD74;CYP1B1;BIRC3;TGM2;TIMP1;CTSS;PTGDS;CHI3L2;IER3,DNAJB1;RRAD;SOCS3;C7;RAMP3;TMEM176A;C3;HLA-DRB1;CXCL1;TMEM176B;CCL2;CLU;HLA-DRA;CD74;CYP1B1;BIRC3;TGM2;TIMP1;CTSS;PTGDS;CHI3L2;IER3;CTSH;TNFSF13B;RGS16;CXCL13;APOE;SERPINB9;CHI3L1;ADRA2A;ACOT7;FMO1;FRZB;SOD2;CXCL14;CLSTN3;RBP5;HSD11B1;RARRES1;LAP3;VCAM1;ABI3BP;CXCL12;LXN;CCL19,"[8, 76, 158, 340, 536, 540, 554, 558, 594, 597, 636, 751, 855, 908, 993, 1351, 1442, 1515, 1687, 1932, 2100, 2252, 2612, 3052, 3278, 3388, 3783, 4132, 4969, 5248, 6047, 6071, 7856, 9365, 10280, 10445, 11679, 12344, 12374, 12648, 14570, 15819, 15960, 16365, 17102]",c4.3ca__GAVISH_3CA_METAPROGRAM_FIBROBLASTS_MHC_II_CYTOKINE
c4.3ca,GAVISH_3CA_METAPROGRAM_MACROPHAGES_MAC_3,prerank,0.6054677798894426,2.180374303878099,0.0,0.00012471624636969377,0.002,23_47,23/47,16.03%,CXCR4;C1QA;C1QC;STAB1;C1QB;C3;ABI3;FCGBP;FCGR3A;CSF1R;ALOX5AP;TREM2;CD14;CD93;AXL;HLA-DQA1;PLD4;LTC4S;HERPUD1;GIMAP4;SLCO2B1;IL1B;RGS1,CXCR4;C1QA;C1QC;STAB1;C1QB;C3;ABI3;FCGBP;FCGR3A;CSF1R;ALOX5AP;TREM2;CD14;CD93;AXL;HLA-DQA1;PLD4;LTC4S;HERPUD1;GIMAP4;SLCO2B1;IL1B;RGS1;GPR34;ADAM28;USP53;OLFML3;IFNGR1;MAFB;HTRA1;CCL3;CX3CR1;CCL4L2;A2M;YWHAH;MARCKS;RB1;BTG2;LPAR6;CCL4;ENTPD1;EPB41L2;MEF2C;ETV5;CD9;CD69;IFI44L,"[50, 196, 280, 357, 399, 554, 800, 854, 954, 973, 1045, 1129, 1238, 1292, 1696, 1718, 1767, 1827, 2276, 2363, 2444, 2654, 2808, 3843, 4449, 5086, 5607, 5652, 6096, 6398, 7409, 7438, 7512, 7759, 7842, 8773, 9270, 9417, 9574, 10797, 12396, 14145, 14202, 15078, 15173, 16391, 17246]",c4.3ca__GAVISH_3CA_METAPROGRAM_MACROPHAGES_MAC_3
c4.3ca,GAVISH_3CA_MALIGNANT_METAPROGRAM_METAPROGRAM_6_HYPOXIA,prerank,0.6031125435743746,2.1851884189023068,0.0,0.00012933536660560835,0.002,20_48,20/48,10.34%,DDIT4;MT2A;ADM;ANKRD37;MT1X;HILPDA;P4HA1;ANGPTL4;SLC3A2;HK2;NDUFA4L2;VEGFA;SLC16A3;PFKP;VIM;DDIT3;S100A10;AK4;PLOD2;IGFBP5,DDIT4;MT2A;ADM;ANKRD37;MT1X;HILPDA;P4HA1;ANGPTL4;SLC3A2;HK2;NDUFA4L2;VEGFA;SLC16A3;PFKP;VIM;DDIT3;S100A10;AK4;PLOD2;IGFBP5;PFKFB3;SLC2A1;TMEM45A;ALDOA;ERRFI1;ENO1;NDRG1;EGLN3;GPI;LGALS3;AKAP12;IGFBP3;GBE1;ENO2;CA9;LDHA;PGK1;DNAJB9;C4orf3;INSIG2;BNIP3;FAM162A;CAV1;BNIP3L;NRN1;PDK1;CA12;WSB1,"[17, 145, 159, 270, 318, 356, 424, 590, 634, 744, 789, 930, 1200, 1271, 1399, 1519, 1551, 1740, 1803, 1810, 2535, 3001, 3005, 3593, 3734, 4248, 5400, 5505, 5533, 5562, 6752, 7422, 8500, 8733, 9512, 9695, 9884, 10291, 10795, 10893, 11691, 13208, 13967, 15148, 16098, 16431, 16620, 16707]",c4.3ca__GAVISH_3CA_MALIGNANT_METAPROGRAM_METAPROGRAM_6_HYPOXIA
c4.3ca,GAVISH_3CA_METAPROGRAM_EPITHELIAL_STRESS,prerank,0.5887244981124852,2.0886662175504456,0.0,0.00019954599419151004,0.004,23_46,23/46,13.73%,DNAJB1;MAFF;SOCS3;CEBPD;GDF15;NFKBIA;CXCL1;KRT15;CLU;IRF1;GADD45B;BCAM;KRT19;FOS;ZFP36L2;KLF4;ZFP36L1;ZFP36;IER2;IER3;PPP1R15A;HES1;JUN,DNAJB1;MAFF;SOCS3;CEBPD;GDF15;NFKBIA;CXCL1;KRT15;CLU;IRF1;GADD45B;BCAM;KRT19;FOS;ZFP36L2;KLF4;ZFP36L1;ZFP36;IER2;IER3;PPP1R15A;HES1;JUN;DUSP1;JUND;KLF6;ERRFI1;TSC22D1;CXCL2;CLDN4;ATF3;ID1;JUNB;FOSB;RHOB;BTG2;NCOA7;VMP1;NR4A1;SOX4;KRT17;CCNL1;ELF3;WSB1;EGR1;TACSTD2,"[8, 25, 158, 312, 325, 438, 594, 682, 751, 753, 762, 940, 1151, 1219, 1382, 1437, 1595, 1852, 2071, 2252, 2264, 2380, 2405, 2914, 3051, 3544, 3734, 3795, 3816, 3933, 4249, 5430, 5749, 7914, 8680, 9417, 12171, 12668, 12865, 13059, 13183, 13575, 14662, 16707, 17016, 17189]",c4.3ca__GAVISH_3CA_METAPROGRAM_EPITHELIAL_STRESS
c4.3ca,GAVISH_3CA_METAPROGRAM_B_CELLS_MEMORY,prerank,0.585050091833324,2.0424978754738845,0.0,0.00048500762477103127,0.01,21_43,21/43,18.67%,S100A4;EMP3;CD86;ARPC1B;S100A11;SRGN;S100A6;GRN;RGCC;VIM;ANXA2;S100A10;CAPG;PLEK;HCST;CTSH;LGALS1;RGS1;COTL1;ACP5;EVI2B,S100A4;EMP3;CD86;ARPC1B;S100A11;SRGN;S100A6;GRN;RGCC;VIM;ANXA2;S100A10;CAPG;PLEK;HCST;CTSH;LGALS1;RGS1;COTL1;ACP5;EVI2B;AIM2;LSP1;IGFLR1;PLP2;GPR183;CCDC50;GSTK1;CAPZB;IFI30;BHLHE41;HOPX;ISCU;PTPN1;CRIP1;ITGB1;ENTPD1;CD27;UBE2N;SCIMP;SUB1;CD82;BLK,"[245, 387, 827, 965, 1102, 1146, 1299, 1328, 1356, 1399, 1542, 1551, 2112, 2474, 2483, 2612, 2686, 2808, 2856, 2930, 3269, 4484, 5942, 6004, 6879, 7031, 7283, 7852, 7893, 7978, 8040, 8803, 9542, 10235, 10362, 11941, 12396, 12505, 12640, 13597, 13814, 14722, 16162]",c4.3ca__GAVISH_3CA_METAPROGRAM_B_CELLS_MEMORY
c4.3ca,GAVISH_3CA_MALIGNANT_METAPROGRAM_19_EPITHELIAL_SENESCENCE,prerank,0.5872425198455555,1.9985556562147615,0.0,0.0006715490189137357,0.014,14_36,14/36,8.09%,SLPI;S100A7;CLDN7;S100A8;S100P;GPRC5A;PDZK1IP1;MUC4;LCN2;IL1RN;S100A9;CRABP2;AQP3;PI3,SLPI;S100A7;CLDN7;S100A8;S100P;GPRC5A;PDZK1IP1;MUC4;LCN2;IL1RN;S100A9;CRABP2;AQP3;PI3;LYPD3;CLIC3;KRT16;DSC2;KRT13;CLDN4;SULT2B1;ANXA1;MALL;SERPINB1;C15orf48;IGFBP3;WFDC2;TSPAN1;KRT17;LY6D;ELF3;PSCA;FABP5;KRT7;TACSTD2;PRSS22,"[42, 87, 122, 157, 233, 252, 388, 495, 756, 793, 820, 982, 1057, 1416, 1958, 2460, 3235, 3352, 3883, 3933, 4007, 5053, 5648, 6571, 6717, 7422, 7784, 8356, 13183, 13807, 14662, 14694, 14946, 16393, 17189, 17204]",c4.3ca__GAVISH_3CA_MALIGNANT_METAPROGRAM_19_EPITHELIAL_SENESCENCE
c4.3ca,GAVISH_3CA_METAPROGRAM_MACROPHAGES_MAC_2,prerank,0.5623707247296272,1.988855144127315,0.0,0.0006813765655319854,0.014,22_46,22/46,13.93%,NUPR1;STXBP2;SERPINA1;RETN;CD52;PDLIM1;MARCO;ALOX5AP;AQP3;GYPC;VMO1;AGRP;TREM1;TGM2;CES1;PPIC;FAM89A;AKR1C3;SERPING1;PCOLCE2;GCHFR;ALDH2,NUPR1;STXBP2;SERPINA1;RETN;CD52;PDLIM1;MARCO;ALOX5AP;AQP3;GYPC;VMO1;AGRP;TREM1;TGM2;CES1;PPIC;FAM89A;AKR1C3;SERPING1;PCOLCE2;GCHFR;ALDH2;IFI27;PPARG;MGST1;IGFBP2;CYP27A1;PHLDA3;RND3;NMB;TCF7L2;ACOT7;HDDC2;FBP1;LGALS3BP;S100A13;LTA4H;LPL;FABP4;RBP4;FHL1;FN1;SCD;GPD1;INHBA;UBASH3B,"[54, 361, 459, 672, 830, 843, 977, 1045, 1057, 1209, 1226, 1235, 1425, 1442, 1470, 1650, 1881, 1888, 2181, 2296, 2373, 2440, 3312, 3389, 3531, 3564, 4678, 4684, 4714, 5130, 5609, 6047, 6297, 7002, 7121, 7311, 8011, 9605, 9876, 10335, 11954, 12440, 16479, 16711, 17099, 17123]",c4.3ca__GAVISH_3CA_METAPROGRAM_MACROPHAGES_MAC_2
c4.3ca,GAVISH_3CA_METAPROGRAM_B_CELLS_STRESS,prerank,0.565879054631635,2.001575486723011,0.0,0.0006892213615167286,0.014,21_44,21/44,20.54%,IL4R;NFKBIA;GADD45B;HVCN1;KLF2;RHOH;SELL;SLC2A3;FOS;BIRC3;ZFP36L2;ZFP36;IER2;PPP1R15A;JUN;RGS2;DUSP1;CREM;CD22;KLF6;VPREB3,IL4R;NFKBIA;GADD45B;HVCN1;KLF2;RHOH;SELL;SLC2A3;FOS;BIRC3;ZFP36L2;ZFP36;IER2;PPP1R15A;JUN;RGS2;DUSP1;CREM;CD22;KLF6;VPREB3;ADAM28;VPS37B;FCER2;JUNB;NR4A2;FOXP1;CD83;GPR183;TSPAN13;CD55;ZNF331;FOSB;DUSP2;YPEL5;SNX2;BTG2;CLEC2D;CD72;CCR7;NR4A1;LY9;CD69;PHACTR1,"[222, 438, 762, 785, 811, 884, 928, 935, 1219, 1351, 1382, 1852, 2071, 2264, 2405, 2412, 2914, 3086, 3309, 3544, 3598, 4449, 4510, 5371, 5749, 6025, 6316, 6688, 7031, 7035, 7327, 7658, 7914, 8683, 9260, 9357, 9417, 9564, 10987, 12666, 12865, 13247, 16391, 16421]",c4.3ca__GAVISH_3CA_METAPROGRAM_B_CELLS_STRESS
c4.3ca,GAVISH_3CA_METAPROGRAM_MACROPHAGES_RESPIRATION,prerank,0.5680979796734659,1.9802367912712373,0.0,0.0006902899217671423,0.015,19_43,19/43,18.91%,S100A8;STAB1;HMOX1;CCL2;CXCL9;S100A9;HAMP;HSPE1;DUSP23;VAMP5;RPS21;BRI3;MRPL41;IFI27L2;GADD45GIP1;HCST;CTSZ;POLR2L;CHCHD10,S100A8;STAB1;HMOX1;CCL2;CXCL9;S100A9;HAMP;HSPE1;DUSP23;VAMP5;RPS21;BRI3;MRPL41;IFI27L2;GADD45GIP1;HCST;CTSZ;POLR2L;CHCHD10;RPL38;RPS29;NDUFB7;NDUFA3;ISG15;MRPL51;PSME2;BLVRB;UQCRQ;NDUFS6;COX6C;DAB2;DNPH1;TXNDC17;ATOX1;RBX1;NDUFB2;TXN;SLIRP;COX7B;TIMM8B;CALM3;FABP5;RNASE1,"[157, 357, 444, 636, 692, 820, 943, 1341, 1592, 1610, 1679, 1824, 1871, 2101, 2375, 2483, 2634, 3057, 3311, 3947, 4056, 4250, 4443, 4942, 5102, 5113, 5221, 5327, 5898, 6573, 6756, 7047, 8046, 8098, 8332, 8682, 8900, 9596, 10672, 11289, 12877, 14946, 16286]",c4.3ca__GAVISH_3CA_METAPROGRAM_MACROPHAGES_RESPIRATION
c4.3ca,GAVISH_3CA_METAPROGRAM_CD4_T_CELLS_NAIVE_1,prerank,0.563559356959132,1.9899819024913616,0.0,0.0006984109796702851,0.014,18_46,18/46,14.87%,DNAJB1;CXCR4;SOCS3;KLF2;PLAC8;SELL;SLC2A3;IL7R;ALOX5AP;GPR171;FOS;RGCC;ZFP36L2;ZFP36;IER2;GIMAP4;JUN;CD48,DNAJB1;CXCR4;SOCS3;KLF2;PLAC8;SELL;SLC2A3;IL7R;ALOX5AP;GPR171;FOS;RGCC;ZFP36L2;ZFP36;IER2;GIMAP4;JUN;CD48;DUSP1;TOB1;NOSIP;TCF7;LMNA;ANXA1;GIMAP7;CCL5;TXNIP;JUNB;NR4A2;FOXP1;GPR183;CD55;ZNF331;FOSB;DUSP2;TMEM123;YPEL5;BTG2;PPP2R5C;LEPROTL1;PTGER4;CCR7;KLRB1;FAM177A1;CD69;GZMA,"[8, 50, 158, 811, 834, 928, 935, 1012, 1045, 1142, 1219, 1356, 1382, 1852, 2071, 2363, 2405, 2604, 2914, 3777, 4431, 4529, 4905, 5053, 5480, 5546, 5739, 5749, 6025, 6316, 7031, 7327, 7658, 7914, 8683, 8922, 9260, 9417, 10341, 11458, 12343, 12666, 14129, 15016, 16391, 17331]",c4.3ca__GAVISH_3CA_METAPROGRAM_CD4_T_CELLS_NAIVE_1
c4.3ca,GAVISH_3CA_METAPROGRAM_EPITHELIAL_ALVEOLAR,prerank,0.569788154476468,1.9816491135073027,0.0,0.0007067253960949313,0.015,25_44,25/44,17.32%,SLPI;LAMP3;NAPSA;SERPINA1;C3;HLA-DRB1;MUC1;HLA-DRA;CD74;AQP3;AQP1;HLA-DPB1;SFTPB;AK1;PLA2G1B;HLA-DPA1;TFPI;C16orf89;DBI;CTSH;MFSD2A;NPC2;PGC;SFTPC;CA2,SLPI;LAMP3;NAPSA;SERPINA1;C3;HLA-DRB1;MUC1;HLA-DRA;CD74;AQP3;AQP1;HLA-DPB1;SFTPB;AK1;PLA2G1B;HLA-DPA1;TFPI;C16orf89;DBI;CTSH;MFSD2A;NPC2;PGC;SFTPC;CA2;CXCL2;LPCAT1;MALL;NNMT;ABCA3;ALPL;SLC34A2;HOPX;LRRK2;SCGB3A1;PEBP4;WIF1;SFTA3;CYB5A;SFTPD;FABP5;RNASE1;C4BPA;SFTPA2,"[42, 404, 442, 459, 554, 558, 723, 855, 908, 1057, 1068, 1268, 1462, 1543, 1708, 1918, 1966, 2194, 2198, 2612, 2658, 2760, 2947, 2991, 3033, 3816, 4103, 5648, 6420, 6897, 7418, 8600, 8803, 11062, 11110, 11579, 12086, 14123, 14314, 14829, 14946, 16286, 16410, 17402]",c4.3ca__GAVISH_3CA_METAPROGRAM_EPITHELIAL_ALVEOLAR
c4.3ca,GAVISH_3CA_MALIGNANT_METAPROGRAM_35_HEMATO_RELATED_1,prerank,0.5752631779735394,2.004445945908703,0.0,0.0007078489658820456,0.014,25_43,25/43,20.24%,CST7;CFD;IGLL1;LYZ;RNASE2;CD52;PLAC8;CSF3R;CD74;SELL;TSC22D3;SRGN;FOS;ZFP36L2;CD34;VAMP5;RAB32;BST2;NPDC1;MBOAT7;AZU1;TNFSF13B;PTPRCAP;MGST1;KLF6,CST7;CFD;IGLL1;LYZ;RNASE2;CD52;PLAC8;CSF3R;CD74;SELL;TSC22D3;SRGN;FOS;ZFP36L2;CD34;VAMP5;RAB32;BST2;NPDC1;MBOAT7;AZU1;TNFSF13B;PTPRCAP;MGST1;KLF6;CD44;HLA-DQB1;ITM2C;CLEC11A;SERPINB1;ICAM3;MDK;C1QTNF4;HOPX;SPINK2;ELANE;GLIPR1;BAALC;AVP;MPO;ANKRD28;PRTN3;CRHBP,"[291, 367, 373, 574, 667, 830, 834, 848, 908, 928, 1034, 1146, 1219, 1382, 1566, 1610, 1670, 1831, 2558, 2576, 2992, 3052, 3474, 3531, 3544, 4043, 4269, 4272, 4468, 6571, 6783, 7521, 8458, 8803, 9115, 11164, 11881, 11904, 14151, 14227, 15358, 16516, 17031]",c4.3ca__GAVISH_3CA_MALIGNANT_METAPROGRAM_35_HEMATO_RELATED_1
c4.3ca,GAVISH_3CA_METAPROGRAM_EPITHELIAL_EPI_2,prerank,0.5529160776142501,1.9641846491189558,0.0,0.0007539663985076942,0.017,20_47,20/47,10.09%,SLPI;CLDN7;S100A4;PTH1R;TM4SF1;MUC1;CLU;S100A9;CD74;PERP;IFITM3;S100A11;IGFBP6;KRT19;S100A6;TIMP1;ANXA2;CLDN10;S100A10;S100A2,SLPI;CLDN7;S100A4;PTH1R;TM4SF1;MUC1;CLU;S100A9;CD74;PERP;IFITM3;S100A11;IGFBP6;KRT19;S100A6;TIMP1;ANXA2;CLDN10;S100A10;S100A2;ADIRF;HLA-B;IGFBP2;ITM2C;LY6E;ANXA1;LGALS3;SOD3;MGLL;S100A14;WFDC2;TSPAN1;KNG1;SOD2;PCSK1N;CXCL14;KRT17;MAL;ATP1B1;DEPTOR;CA4;SLC12A1;KRT7;PAPPA2;CLDN16;TSPAN8;TACSTD2,"[42, 122, 245, 443, 694, 723, 751, 820, 908, 937, 970, 1102, 1105, 1151, 1299, 1515, 1542, 1548, 1551, 1766, 2504, 3273, 3564, 4272, 4330, 5053, 5562, 5705, 7114, 7129, 7784, 8356, 9160, 9365, 9597, 10280, 13183, 13217, 13412, 14184, 15600, 15822, 16393, 16603, 16777, 16789, 17189]",c4.3ca__GAVISH_3CA_METAPROGRAM_EPITHELIAL_EPI_2
c4.3ca,GAVISH_3CA_METAPROGRAM_EPITHELIAL_EPI_1,prerank,0.550965930013345,1.9595775685588954,0.0,0.0008148128096153326,0.019,21_46,21/46,15.48%,C19orf33;S100A4;GPRC5A;IL32;CYP4B1;AGER;VEGFA;KRT19;AHNAK;CD151;ANXA3;RGCC;ANXA2;S100A10;TNNC1;EMP2;CLIC3;AQP4;ADIRF;TIMP3;RAB11FIP1,C19orf33;S100A4;GPRC5A;IL32;CYP4B1;AGER;VEGFA;KRT19;AHNAK;CD151;ANXA3;RGCC;ANXA2;S100A10;TNNC1;EMP2;CLIC3;AQP4;ADIRF;TIMP3;RAB11FIP1;GAS6;IFI27;PDLIM2;FMO2;CLDN18;TSPAN13;SUSD2;CD55;SPOCK2;SLC39A8;UPK3B;SPARC;RDX;SCEL;ANKRD29;IGFBP7;LMO7;LIMCH1;CAV1;CST6;CLIC5;CAV2;MYL9;KRT7;RTKN2,"[88, 245, 252, 314, 491, 822, 930, 1151, 1208, 1260, 1349, 1356, 1542, 1551, 1752, 2358, 2460, 2465, 2504, 2602, 2711, 3078, 3312, 4446, 5510, 5612, 7035, 7259, 7327, 8491, 8507, 9314, 9882, 10240, 10469, 11010, 11361, 12246, 12685, 13967, 14283, 14713, 15265, 16189, 16393, 16460]",c4.3ca__GAVISH_3CA_METAPROGRAM_EPITHELIAL_EPI_1
c4.3ca,GAVISH_3CA_METAPROGRAM_EPITHELIAL_PDAC_RELATED_2,prerank,0.5701996172040172,1.9501328634294544,0.0,0.0008350566061275146,0.02,22_39,22/39,17.14%,SLPI;EPS8L1;S100P;S100A4;GPRC5A;PLAUR;IL32;PDZK1IP1;APOL1;MUC1;CLDN23;PLAC8;KRT19;PI3;TIMP1;DUOX2;TRIM29;CLIC3;ISG20;TFF3;DHRS9;SLC2A1,SLPI;EPS8L1;S100P;S100A4;GPRC5A;PLAUR;IL32;PDZK1IP1;APOL1;MUC1;CLDN23;PLAC8;KRT19;PI3;TIMP1;DUOX2;TRIM29;CLIC3;ISG20;TFF3;DHRS9;SLC2A1;KLK10;MUC5AC;ANXA1;PLAT;MALL;C15orf48;CD55;TSPAN1;LMO7;F3;IFI6;PSCA;COL17A1;KRT7;ITGA2;LAMC2;TACSTD2,"[42, 188, 233, 245, 252, 295, 314, 388, 629, 723, 748, 834, 1151, 1416, 1515, 1618, 2338, 2460, 2691, 2699, 2751, 3001, 3255, 4795, 5053, 5388, 5648, 6717, 7327, 8356, 12246, 13150, 14097, 14694, 16351, 16393, 16779, 16796, 17189]",c4.3ca__GAVISH_3CA_METAPROGRAM_EPITHELIAL_PDAC_RELATED_2
c4.3ca,GAVISH_3CA_MALIGNANT_METAPROGRAM_25_ASTROCYTES,prerank,0.5382742660375514,1.9304887349690985,0.0,0.0009821404401613382,0.025,19_47,19/47,16.92%,MT2A;MT1X;CLU;GFAP;RAMP1;ID3;CRYAB;IFITM3;GJA1;MT3;PLTP;VIM;ZFP36;BCAN;AQP4;PON2;MLC1;SLC1A3;PSAT1,MT2A;MT1X;CLU;GFAP;RAMP1;ID3;CRYAB;IFITM3;GJA1;MT3;PLTP;VIM;ZFP36;BCAN;AQP4;PON2;MLC1;SLC1A3;PSAT1;ATP1A2;APOE;RASSF4;ITM2C;ID4;CPE;EDNRB;FABP7;AGT;ID1;ATP1B2;TTYH1;CST3;GATM;NTRK2;NDRG2;SPARCL1;HEY1;SCRG1;SPARC;ALDOC;AHCYL1;IGFBP7;F3;PMP2;S100B;CD9;PLP1,"[145, 318, 751, 788, 802, 956, 969, 970, 1052, 1108, 1178, 1399, 1852, 1880, 2465, 2503, 2598, 2685, 2963, 3407, 3783, 4046, 4272, 4488, 4663, 4666, 5057, 5108, 5430, 5769, 5854, 6273, 6961, 7118, 7189, 7992, 8717, 8730, 9882, 10502, 11095, 11361, 13150, 14339, 14438, 15173, 15345]",c4.3ca__GAVISH_3CA_MALIGNANT_METAPROGRAM_25_ASTROCYTES
c4.3ca,GAVISH_3CA_METAPROGRAM_EPITHELIAL_METABOLISM_KIDNEY_1,prerank,0.5534567110000281,1.9316663627793815,0.0,0.001003037045271154,0.025,15_41,15/41,11.89%,MT1F;AZGP1;PCK1;MT1G;IL32;MT1X;PDZK1IP1;TMEM176A;MT1H;CRYAB;DPEP1;ALDOB;AKR1C3;HPD;SLC16A9,MT1F;AZGP1;PCK1;MT1G;IL32;MT1X;PDZK1IP1;TMEM176A;MT1H;CRYAB;DPEP1;ALDOB;AKR1C3;HPD;SLC16A9;BBOX1;MGST1;APOE;SPP1;PEPD;KHK;DAB2;GATM;HAO2;TSPAN1;CUBN;AKR1A1;CXCL14;BHMT;OCIAD2;RBP5;LGALS2;C11orf54;GSTA1;SLC3A1;SLC5A12;GLYATL1;LRP2;PDZK1;NAT8;FABP1,"[57, 100, 139, 165, 314, 318, 388, 540, 775, 969, 1166, 1645, 1888, 2080, 2082, 2962, 3531, 3783, 5115, 5299, 5385, 6756, 6961, 8190, 8356, 8916, 9825, 10280, 10294, 11009, 11679, 12269, 12497, 13096, 13127, 14208, 14406, 14844, 15635, 16731, 17237]",c4.3ca__GAVISH_3CA_METAPROGRAM_EPITHELIAL_METABOLISM_KIDNEY_1
c4.3ca,GAVISH_3CA_METAPROGRAM_EPITHELIAL_SECRETED,prerank,0.5492585602976664,1.9175946366560483,0.0,0.0011402628239514858,0.03,16_39,16/39,12.40%,SLPI;CXCL6;S100P;CP;C3;CXCL1;CLU;LCN2;S100A9;AKR1C1;KRT19;VMO1;TGM2;BPIFB1;XBP1;ZG16B,SLPI;CXCL6;S100P;CP;C3;CXCL1;CLU;LCN2;S100A9;AKR1C1;KRT19;VMO1;TGM2;BPIFB1;XBP1;ZG16B;TFF3;TMEM45A;AQP5;SCGB1A1;CTSC;PRSS23;LTF;FAM3D;IGFBP3;MDK;WFDC2;RHOV;TSPAN1;MGP;SCGB3A1;RARRES1;GSTA1;ELF3;PSCA;KRT7;SAA2;TSPAN8;MUC5B,"[42, 46, 233, 546, 554, 594, 751, 756, 820, 1008, 1151, 1226, 1442, 1569, 1799, 2171, 2699, 3005, 3398, 3821, 4088, 5059, 5338, 5359, 7422, 7521, 7784, 8010, 8356, 9257, 11110, 12374, 13096, 14662, 14694, 16393, 16765, 16789, 16962]",c4.3ca__GAVISH_3CA_METAPROGRAM_EPITHELIAL_SECRETED
c4.3ca,GAVISH_3CA_METAPROGRAM_MACROPHAGES_UNFOLDED_PROTEIN_RESPONSE,prerank,0.5366240172024965,1.8766927370407454,0.0,0.001676186351208684,0.043,12_44,12/44,13.04%,MT2A;ADM;HMOX1;SLC3A2;CDK2AP2;MANF;DDIT3;SDF2L1;SDC2;TAP1;HSPA5;PDIA4,MT2A;ADM;HMOX1;SLC3A2;CDK2AP2;MANF;DDIT3;SDF2L1;SDC2;TAP1;HSPA5;PDIA4;TMEM45A;GBP2;LY6E;OSTC;CALR;ISG15;NDRG1;EGLN3;SSR2;CRELD2;HSP90B1;PDIA6;HM13;DNAJC1;PDIA3;PPIB;XPOT;TMEM258;SPCS2;SEC11C;DNAJB11;NUCB2;TXN;HYOU1;LMAN1;TRAM1;DNAJB9;TMED2;ARF4;SLC33A1;CALU;SMIM14,"[145, 159, 444, 634, 890, 1077, 1519, 1576, 1795, 1919, 2084, 2283, 3005, 4039, 4330, 4579, 4607, 4942, 5400, 5505, 5540, 5665, 5669, 5789, 6108, 6143, 7372, 7668, 7811, 8017, 8200, 8448, 8549, 8724, 8900, 8989, 9969, 10225, 10291, 11303, 11346, 11535, 13838, 16031]",c4.3ca__GAVISH_3CA_METAPROGRAM_MACROPHAGES_UNFOLDED_PROTEIN_RESPONSE
c4.3ca,GAVISH_3CA_MALIGNANT_METAPROGRAM_40_PDAC_RELATED,prerank,0.5300703586790737,1.857360875333013,0.0,0.0019856782755331634,0.052,22_44,22/44,18.59%,SLPI;EPS8L1;S100A4;TNFRSF12A;PLAUR;IL32;MT1X;APOL1;CLDN23;LCN2;IL1RN;KLF2;SLC16A3;EMP1;COL6A1;CLIC3;SDCBP2;ISG20;RAB11FIP1;SLC2A1;KRT16;KLK10,SLPI;EPS8L1;S100A4;TNFRSF12A;PLAUR;IL32;MT1X;APOL1;CLDN23;LCN2;IL1RN;KLF2;SLC16A3;EMP1;COL6A1;CLIC3;SDCBP2;ISG20;RAB11FIP1;SLC2A1;KRT16;KLK10;LDLR;LRRC8A;MUC5AC;ISG15;ANXA1;MALL;C15orf48;CD55;TIMP2;KLK7;LMO7;FLNB;CEACAM1;F3;KRT17;CST6;PSCA;SMIM5;KLK6;ALDH1A3;LAMC2;ANKRD36C,"[42, 188, 245, 251, 295, 314, 318, 629, 748, 756, 793, 811, 1200, 1664, 2004, 2460, 2640, 2691, 2711, 3001, 3235, 3255, 4047, 4397, 4795, 4942, 5053, 5648, 6717, 7327, 9874, 11073, 12246, 12351, 12728, 13150, 13183, 14283, 14694, 14943, 15357, 15501, 16796, 17161]",c4.3ca__GAVISH_3CA_MALIGNANT_METAPROGRAM_40_PDAC_RELATED
c4.3ca,GAVISH_3CA_METAPROGRAM_EPITHELIAL_EPISEN,prerank,0.5435863302090438,1.8306493554973078,0.0,0.002484731369980822,0.065,21_35,21/35,19.14%,SLPI;S100A7;S100A8;GJB2;PDZK1IP1;KRTDAP;IL1RN;S100A9;CRABP2;AQP3;PKP1;RAB25;RHCG;LYPD3;CLIC3;KRT10;CSTB;TMEM45A;CSTA;KRT16;DSC2,SLPI;S100A7;S100A8;GJB2;PDZK1IP1;KRTDAP;IL1RN;S100A9;CRABP2;AQP3;PKP1;RAB25;RHCG;LYPD3;CLIC3;KRT10;CSTB;TMEM45A;CSTA;KRT16;DSC2;KRT13;CLDN4;SULT2B1;SERPINB1;GLTP;DMKN;LY6D;SBSN;FABP5;SERPINB13;KRT1;CALML3;TMEM40;SPINK5,"[42, 87, 157, 227, 388, 492, 793, 820, 982, 1057, 1087, 1549, 1626, 1958, 2460, 2596, 2706, 3005, 3234, 3235, 3352, 3883, 3933, 4007, 6571, 9271, 10878, 13807, 14412, 14946, 15142, 15640, 16280, 16518, 17287]",c4.3ca__GAVISH_3CA_METAPROGRAM_EPITHELIAL_EPISEN
c4.3ca,GAVISH_3CA_METAPROGRAM_FIBROBLASTS_COMPLEMENT,prerank,0.5002430697325913,1.807270449609541,0.0,0.003228503585268299,0.088,19_47,19/47,14.63%,OGN;FBLN1;MT1X;PRELP;C7;CFD;C3;ADH1B;PODN;CLU;CFH;IGFBP6;SFRP2;MFAP5;PTGDS;TNXB;GPNMB;GPC3;APOD,OGN;FBLN1;MT1X;PRELP;C7;CFD;C3;ADH1B;PODN;CLU;CFH;IGFBP6;SFRP2;MFAP5;PTGDS;TNXB;GPNMB;GPC3;APOD;MGST1;SRPX;APOE;PLAC9;GSN;FMO2;SOD3;TXNIP;ITM2A;SERPINF1;FBLN5;DPT;PI16;SPARCL1;GPX3;MGP;EFEMP1;CXCL14;RARRES1;ABCA8;FGF7;MFAP4;CXCL12;CCDC80;IGF1;SFRP1;SFRP4;COL14A1,"[184, 317, 318, 327, 340, 367, 554, 648, 738, 751, 967, 1105, 1343, 1516, 1932, 2055, 2421, 2526, 2562, 3531, 3586, 3783, 4928, 5373, 5510, 5705, 5739, 5805, 6107, 6410, 7407, 7977, 7992, 7997, 9257, 9633, 10280, 12374, 12610, 14280, 14836, 15960, 16375, 16385, 16533, 17173, 17317]",c4.3ca__GAVISH_3CA_METAPROGRAM_FIBROBLASTS_COMPLEMENT
c4.3ca,GAVISH_3CA_MALIGNANT_METAPROGRAM_23_SECRETED_2,prerank,0.5216253641641744,1.7990788639627804,0.0020964360587002098,0.003427387215048621,0.094,14_41,14/41,8.96%,SLPI;PDZK1IP1;CP;C3;CXCL1;CFB;CLU;LCN2;S100A9;AKR1C1;KRT19;VMO1;TGM2;BPIFB1,SLPI;PDZK1IP1;CP;C3;CXCL1;CFB;CLU;LCN2;S100A9;AKR1C1;KRT19;VMO1;TGM2;BPIFB1;RDH10;TFF3;KYNU;CXCL2;SCGB1A1;CLDN4;CTSC;PRSS23;LTF;FAM3D;FMO2;SERPINF1;NDRG2;IGFBP3;MDK;WFDC2;TSPAN1;SCGB3A1;NCOA7;RARRES1;GSTA1;ELF3;CD82;TNFSF10;SAA2;TSPAN8;MUC5B,"[42, 388, 546, 554, 594, 742, 751, 756, 820, 1008, 1151, 1226, 1442, 1569, 2189, 2699, 3173, 3816, 3821, 3933, 4088, 5059, 5338, 5359, 5510, 6107, 7189, 7422, 7521, 7784, 8356, 11110, 12171, 12374, 13096, 14662, 14722, 15232, 16765, 16789, 16962]",c4.3ca__GAVISH_3CA_MALIGNANT_METAPROGRAM_23_SECRETED_2
c4.3ca,GAVISH_3CA_MALIGNANT_METAPROGRAM_17_INTERFERON_MHC_II_1,prerank,0.49549277447191503,1.790473495018821,0.001937984496124031,0.003650784666458308,0.102,28_47,28/47,24.43%,HLA-DRB5;HLA-DRB1;IFITM1;HLA-DRA;CD74;IFITM3;TYMP;HLA-DPB1;C1R;CXCL10;HLA-DMA;HLA-DQA1;BST2;HLA-DPA1;TAP1;PLSCR1;ISG20;HLA-E;C1S;HLA-B;IFI27;PARP9;OAS1;PSMB8;HLA-F;GBP2;HLA-DQB1;UBE2L6,HLA-DRB5;HLA-DRB1;IFITM1;HLA-DRA;CD74;IFITM3;TYMP;HLA-DPB1;C1R;CXCL10;HLA-DMA;HLA-DQA1;BST2;HLA-DPA1;TAP1;PLSCR1;ISG20;HLA-E;C1S;HLA-B;IFI27;PARP9;OAS1;PSMB8;HLA-F;GBP2;HLA-DQB1;UBE2L6;ISG15;HLA-C;GBP1;IFI35;HLA-A;IFIT1;PARP14;MX1;PSMB9;B2M;SOD2;LAP3;IFIT2;IFI6;IFIT3;TNFSF10;STAT1;IFI44;IFI44L,"[542, 558, 842, 855, 908, 970, 1187, 1268, 1505, 1647, 1712, 1718, 1831, 1918, 1919, 1987, 2691, 2908, 3007, 3273, 3312, 3488, 3619, 3668, 3913, 4039, 4269, 4279, 4942, 5034, 5727, 6730, 7026, 8117, 8234, 8341, 8351, 8759, 9365, 12648, 12748, 14097, 14434, 15232, 16067, 16698, 17246]",c4.3ca__GAVISH_3CA_MALIGNANT_METAPROGRAM_17_INTERFERON_MHC_II_1
c4.3ca,GAVISH_3CA_MALIGNANT_METAPROGRAM_10_PROTEIN_MATURATION,prerank,0.49412440100841964,1.7635700500535263,0.0019120458891013384,0.005019828916380174,0.139,11_46,11/46,13.04%,AZGP1;GDF15;SERPINA1;SLC3A2;CLU;EPHX1;CFI;GRN;TIMP1;HSPA5;PDIA4,AZGP1;GDF15;SERPINA1;SLC3A2;CLU;EPHX1;CFI;GRN;TIMP1;HSPA5;PDIA4;LAPTM4A;CTSA;OS9;LMAN2;HLA-C;SPP1;GGH;SIL1;HSP90B1;PDIA6;RPN2;MAGED2;HLA-A;LGALS3BP;LRPAP1;PDIA3;PPIB;PSAP;LAMP1;TSPAN1;ATP6AP1;APMAP;APLP2;LAMP2;PRDX4;HEXB;TM9SF2;SERPINE2;ITM2B;DDOST;TMEM59;ATP6AP2;PIGT;APP;EPCAM,"[100, 325, 459, 634, 751, 942, 1145, 1328, 1515, 2084, 2283, 2911, 3149, 3717, 4188, 5034, 5115, 5474, 5488, 5669, 5789, 6616, 6838, 7026, 7121, 7268, 7372, 7668, 8082, 8103, 8356, 8518, 8919, 9216, 9877, 10203, 10217, 10276, 10488, 11214, 11427, 11460, 12688, 12938, 13823, 16430]",c4.3ca__GAVISH_3CA_MALIGNANT_METAPROGRAM_10_PROTEIN_MATURATION
c4.3ca,GAVISH_3CA_METAPROGRAM_CD8_T_CELLS_NAIVE_3,prerank,0.4918023203329237,1.7569760323838641,0.0,0.0052993464685508465,0.147,18_49,18/49,17.43%,CEBPD;NFKBIA;CCL20;PERP;IL7R;ALOX5AP;AQP3;GPR171;TMIGD2;TNFRSF25;MAF;FURIN;NINJ1;PFKFB3;GPX1;CTSH;IL4I1;TNFSF13B,CEBPD;NFKBIA;CCL20;PERP;IL7R;ALOX5AP;AQP3;GPR171;TMIGD2;TNFRSF25;MAF;FURIN;NINJ1;PFKFB3;GPX1;CTSH;IL4I1;TNFSF13B;LST1;GNA15;NCR3;CERK;LGALS3;IFNGR1;LTB;GPR65;TNFRSF18;RBMS1;TTC39C;RORA;GNLY;PHACTR2;SPOCK2;HOPX;FKBP11;SNX9;CELF2;CXCR6;TANK;HPGD;PRDM1;SATB1;RBPJ;ERN1;KLRB1;CCR6;ODF2L;ANKRD28;IFI44,"[312, 438, 561, 937, 1012, 1045, 1057, 1142, 1346, 1360, 1694, 1952, 2130, 2535, 2540, 2612, 2849, 3052, 3419, 3988, 5093, 5405, 5562, 5652, 6057, 6067, 6535, 6787, 7151, 7937, 8051, 8156, 8491, 8803, 9714, 9863, 9927, 10133, 10158, 10856, 11133, 11159, 12042, 13205, 14129, 14555, 15010, 15358, 16698]",c4.3ca__GAVISH_3CA_METAPROGRAM_CD8_T_CELLS_NAIVE_3
c4.3ca,GAVISH_3CA_MALIGNANT_METAPROGRAM_26_NPC_GLIOMA,prerank,-0.5328834757641737,-1.916748524325569,0.0,0.005639655684179282,0.019,24_44,24/44,25.46%,IGFBPL1;PAK3;SCG2;SOX11;NREP;NNAT;CXADR;RBP1;TCEAL7;MAP1B;STMN4;NSG2;RBFOX2;SNAP25;SYT1;DCX;NSG1;GAP43;ARL4D;SCG3;BEX2;STMN2;TUBB3;SOX4,DDAH2;RND3;UCHL1;KLHDC8A;GPC2;CRMP1;TAGLN3;ENO2;FNBP1L;KIF5C;TUBB2A;TERF2IP;BASP1;GNG3;RTN1;ELAVL4;MLLT11;PKIA;STMN1;DLX5;SOX4;TUBB3;STMN2;BEX2;SCG3;ARL4D;GAP43;NSG1;DCX;SYT1;SNAP25;RBFOX2;NSG2;STMN4;MAP1B;TCEAL7;RBP1;CXADR;NNAT;NREP;SOX11;SCG2;PAK3;IGFBPL1,"[1500, 4714, 5596, 6456, 6513, 8202, 8621, 8733, 9910, 10261, 10383, 10507, 10595, 10828, 11422, 11530, 11957, 11975, 12100, 12175, 13059, 13101, 13161, 13251, 13479, 13515, 13531, 13563, 13641, 14019, 14657, 14842, 15004, 15063, 15271, 15325, 15591, 15617, 15861, 16156, 16392, 16902, 17382, 17386]",c4.3ca__GAVISH_3CA_MALIGNANT_METAPROGRAM_26_NPC_GLIOMA
c4.3ca,GAVISH_3CA_METAPROGRAM_CD4_T_CELLS_UNASSIGNED,prerank,0.4913284737666757,1.73216202314924,0.003898635477582846,0.006863694110552801,0.19,15_47,15/47,16.31%,MT2A;S100A4;LCK;EMP3;LCP1;TSPO;ARPC1B;ALOX5AP;CLIC1;ANXA2;S100A10;IFI27L2;DBI;LGALS1;COTL1,MT2A;S100A4;LCK;EMP3;LCP1;TSPO;ARPC1B;ALOX5AP;CLIC1;ANXA2;S100A10;IFI27L2;DBI;LGALS1;COTL1;CORO1B;PRDX1;LY6E;ID2;ANXA5;DAD1;PARK7;PRELID1;ISG15;PSME2;LGALS3;LSP1;LTB;ARPC4;BRK1;CKLF;NEDD8;PKM;PPP1CA;CORO1A;TXN;CAP1;APRT;ANXA6;TRAPPC1;ARPC5;SEC61G;APOBEC3G;UCP2;KLRB1;YWHAQ;GZMA,"[145, 245, 292, 387, 901, 915, 965, 1045, 1171, 1542, 1551, 2101, 2198, 2686, 2856, 3995, 4033, 4330, 4384, 4406, 4424, 4848, 4892, 4942, 5113, 5562, 5942, 6057, 6139, 6216, 6275, 6933, 7140, 7430, 8030, 8900, 9027, 9114, 9469, 9807, 10736, 11051, 11087, 11886, 14129, 15258, 17331]",c4.3ca__GAVISH_3CA_METAPROGRAM_CD4_T_CELLS_UNASSIGNED
c4.3ca,GAVISH_3CA_METAPROGRAM_ENDOTHELIAL_ENDO_6,prerank,0.4740886380090416,1.7178725481908468,0.0021231422505307855,0.007931107735238831,0.217,23_47,23/47,20.34%,S100A4;PRX;IL32;TMEM100;ICAM2;TYMP;ANXA3;SLC14A1;HLA-DMA;HLA-DQA1;GNG11;SERPINE1;CARD16;EMP2;ADIRF;TMEM204;LGALS1;IL1RL1;CNN3;CYP3A5;SGK1;SERPINB6;TSPAN12,S100A4;PRX;IL32;TMEM100;ICAM2;TYMP;ANXA3;SLC14A1;HLA-DMA;HLA-DQA1;GNG11;SERPINE1;CARD16;EMP2;ADIRF;TMEM204;LGALS1;IL1RL1;CNN3;CYP3A5;SGK1;SERPINB6;TSPAN12;HLA-DQB1;SOSTDC1;EDNRB;ANXA1;ITM2A;DNAJC1;EMCN;SERPINB1;SPARCL1;RPN1;MARCKS;ACE;SPARC;S100A3;HPGD;CAPZA2;APP;CD82;MYLK;CAV2;FRY;CA4;TSPAN15;TUBA1A,"[245, 303, 314, 582, 640, 1187, 1349, 1599, 1712, 1718, 1851, 1969, 2235, 2358, 2504, 2538, 2686, 2840, 2853, 3399, 3436, 3459, 3563, 4269, 4442, 4666, 5053, 5805, 6143, 6200, 6571, 7992, 8422, 8773, 9399, 9882, 10231, 10856, 12590, 13823, 14722, 14897, 15265, 15346, 15600, 16797, 16804]",c4.3ca__GAVISH_3CA_METAPROGRAM_ENDOTHELIAL_ENDO_6
c4.3ca,GAVISH_3CA_METAPROGRAM_FIBROBLASTS_CAF_2,prerank,0.46982963594704913,1.710334859288877,0.00823045267489712,0.008380931756043422,0.23,21_49,21/49,21.60%,HSPA1A;HTRA3;COL5A3;PDGFRB;FMOD;GGT5;TGFB3;SFRP2;BST2;TNFAIP6;OLFM2;TMEM204;NOTCH3;COL7A1;SPRY1;C1QTNF6;CHCHD10;LOXL2;APCDD1;PLXDC1;APOE,HSPA1A;HTRA3;COL5A3;PDGFRB;FMOD;GGT5;TGFB3;SFRP2;BST2;TNFAIP6;OLFM2;TMEM204;NOTCH3;COL7A1;SPRY1;C1QTNF6;CHCHD10;LOXL2;APCDD1;PLXDC1;APOE;CTSC;ID4;PRSS23;MMP11;HES4;CYGB;MEST;SPATS2L;ITGA1;IGFBP3;POSTN;F2R;SPARCL1;COL4A2;WNT5A;CHN1;COL18A1;IL24;GPM6B;COL4A1;TNFRSF21;BPGM;LAMP5;PAG1;SPON2;NREP;LAMB1;ASPN,"[2, 608, 627, 646, 795, 905, 978, 1343, 1831, 1998, 2431, 2538, 2667, 2720, 2866, 3081, 3311, 3448, 3469, 3742, 3783, 4088, 4488, 5059, 5090, 5279, 5857, 6144, 6284, 6946, 7422, 7665, 7732, 7992, 8521, 8926, 9941, 10285, 10727, 10948, 11830, 12698, 13557, 13569, 15298, 15649, 16156, 16466, 16487]",c4.3ca__GAVISH_3CA_METAPROGRAM_FIBROBLASTS_CAF_2
c4.3ca,GAVISH_3CA_METAPROGRAM_FIBROBLASTS_CAF_6,prerank,0.4730617599679789,1.7056326704274396,0.006072874493927126,0.008701513845072404,0.238,19_48,19/48,14.86%,KRT18;TNFRSF11B;GPRC5A;IL18;EMP3;EZR;TM4SF1;KLF2;IGFBP6;PLEC;FSTL3;KRT19;ANXA3;EMP1;SERPINE1;TGM1;CRIP2;CLIC3;TIMP3,KRT18;TNFRSF11B;GPRC5A;IL18;EMP3;EZR;TM4SF1;KLF2;IGFBP6;PLEC;FSTL3;KRT19;ANXA3;EMP1;SERPINE1;TGM1;CRIP2;CLIC3;TIMP3;JUND;KLF6;MRGPRF;ERRFI1;TOB1;CD44;BAMBI;UAP1;LRRFIP1;YWHAH;RHOB;BDKRB1;HAS1;CRIP1;TUBB2A;PHLDA2;SLC12A8;LUM;MYADM;FLNB;CITED2;TPPP3;CD9;MAP1B;SPON2;KRT7;SERPINB2;TAGLN;DES,"[166, 216, 252, 366, 387, 669, 694, 811, 1105, 1115, 1116, 1151, 1349, 1664, 1969, 2028, 2152, 2460, 2602, 3051, 3544, 3702, 3734, 3777, 4043, 5200, 6299, 7051, 7842, 8680, 9088, 9466, 10362, 10383, 11321, 11705, 12182, 12214, 12351, 14327, 14952, 15173, 15271, 15649, 16393, 16394, 16652, 17091]",c4.3ca__GAVISH_3CA_METAPROGRAM_FIBROBLASTS_CAF_6
c4.3ca,GAVISH_3CA_METAPROGRAM_FIBROBLASTS_CAF_3,prerank,0.4900940504203488,1.6998840393070265,0.006134969325153374,0.009096239775544438,0.25,16_42,16/42,14.86%,G0S2;BMP5;C7;CFD;ADH1B;MAMDC2;FGFR4;SRGN;FOS;RGCC;TGM2;CES1;PTGDS;RARRES2;GPC3;TIMP3,G0S2;BMP5;C7;CFD;ADH1B;MAMDC2;FGFR4;SRGN;FOS;RGCC;TGM2;CES1;PTGDS;RARRES2;GPC3;TIMP3;SPINT2;LTBP2;SCN7A;USP53;FMO2;FBLN5;CDH11;A2M;GPM6B;ELN;PLEKHH2;FHL1;INMT;LUM;FIBIN;FN1;LIMCH1;MYH10;MACF1;ITGA8;MFAP4;DST;SLIT2;PPP1R14A;AOC3;LBH,"[1, 257, 340, 367, 648, 929, 980, 1146, 1219, 1356, 1442, 1470, 1932, 2279, 2526, 2602, 3318, 3608, 4094, 5086, 5510, 6410, 7517, 7759, 10948, 11019, 11176, 11954, 11977, 12182, 12236, 12440, 12685, 12774, 12991, 13324, 14836, 15276, 15284, 16332, 16588, 17008]",c4.3ca__GAVISH_3CA_METAPROGRAM_FIBROBLASTS_CAF_3
c4.3ca,GAVISH_3CA_METAPROGRAM_CD8_T_CELLS_UNASSIGNED_2,prerank,0.4719300005887091,1.6804243086918955,0.014028056112224449,0.011224462173272439,0.299,14_49,14/49,16.31%,MT2A;S100A4;IL32;EMP3;PPP1R18;CD52;ARPC1B;S100A11;CLIC1;RAC2;CAPG;LGALS1;SH3BGRL3;COTL1,MT2A;S100A4;IL32;EMP3;PPP1R18;CD52;ARPC1B;S100A11;CLIC1;RAC2;CAPG;LGALS1;SH3BGRL3;COTL1;MYL12A;ENO1;ITM2C;LY6E;ANXA5;PARK7;PSMA7;PSME2;PSME1;LSP1;PFN1;TUBB;ARPC4;CKLF;BLOC1S1;PKM;TPI1;FKBP1A;PPP1CA;CAPZB;CORO1A;TXN;CAP1;SNRPE;ACTB;ARPC5;APOBEC3G;C12orf75;PGAM1;STMN1;GZMH;SLC25A5;CALM3;TBC1D10C;GZMA,"[145, 245, 314, 387, 538, 830, 965, 1102, 1171, 1635, 2112, 2686, 2777, 2856, 3359, 4248, 4272, 4330, 4406, 4848, 4941, 5113, 5690, 5942, 5977, 6040, 6139, 6275, 7058, 7140, 7148, 7174, 7430, 7893, 8030, 8900, 9027, 9722, 10243, 10736, 11087, 11325, 11351, 12100, 12153, 12234, 12877, 14814, 17331]",c4.3ca__GAVISH_3CA_METAPROGRAM_CD8_T_CELLS_UNASSIGNED_2
c4.3ca,GAVISH_3CA_METAPROGRAM_ENDOTHELIAL_ENDO_5,prerank,0.46270110932615227,1.6744840078437757,0.0038022813688212928,0.01178568528193606,0.312,18_49,18/49,16.31%,CXCR4;SMTN;ADM;IGF2;IL32;TNFRSF4;PGF;EIF4EBP1;CLDN5;GYPC;RGCC;GMFG;LY6H;WFS1;CHST1;APOD;LGALS1;COTL1,CXCR4;SMTN;ADM;IGF2;IL32;TNFRSF4;PGF;EIF4EBP1;CLDN5;GYPC;RGCC;GMFG;LY6H;WFS1;CHST1;APOD;LGALS1;COTL1;PCDH12;RGS3;HOMER3;GPIHBP1;TNFAIP8L1;JUP;ESM1;RND3;CYTL1;CHST15;PDGFB;MGLL;SMAD1;PXDN;MARCKS;TP53I11;LAMA4;LOX;FSCN1;EFCAB14;COL4A1;SLC4A7;MMP2;FABP5;CTHRC1;SLC38A1;NID2;LXN;COL12A1;TSPAN15;MCAM,"[50, 53, 159, 278, 314, 335, 727, 768, 781, 1209, 1356, 1575, 1663, 1846, 2528, 2562, 2686, 2856, 3483, 3966, 4081, 4383, 4389, 4440, 4469, 4714, 5182, 5966, 6686, 7114, 7119, 8273, 8773, 9460, 9839, 10644, 10704, 10732, 11830, 13502, 14153, 14946, 15058, 15469, 15922, 16365, 16720, 16797, 16855]",c4.3ca__GAVISH_3CA_METAPROGRAM_ENDOTHELIAL_ENDO_5
c4.3ca,GAVISH_3CA_METAPROGRAM_EPITHELIAL_EMT_LIKE_1,prerank,0.4689158814284147,1.666837962802024,0.005703422053231939,0.012625121555578229,0.33,16_45,16/45,10.09%,MT2A;TNFRSF12A;MT1E;MT1X;CCL2;KRT15;PDLIM1;ITGB4;CRYAB;IFITM3;MYC;DCN;VIM;C1R;TIMP1;S100A2,MT2A;TNFRSF12A;MT1E;MT1X;CCL2;KRT15;PDLIM1;ITGB4;CRYAB;IFITM3;MYC;DCN;VIM;C1R;TIMP1;S100A2;PHLDA1;LGALS1;COL7A1;IGFBP2;ITGA6;ACTN1;SERPINF1;CALD1;FLNA;TPM2;LAMB3;POSTN;FHL2;SPARC;CXCL14;COL18A1;IGFBP7;TGFBI;ITGB1;SFN;KRT17;CAV1;DST;MYL9;COL17A1;TAGLN;LAMC2;KRT5;ACTA2,"[145, 251, 308, 318, 636, 682, 843, 867, 969, 970, 1027, 1395, 1399, 1505, 1515, 1766, 2253, 2686, 2720, 3564, 3749, 4155, 6107, 6176, 6813, 6931, 7297, 7665, 8700, 9882, 10280, 10285, 11361, 11627, 11941, 12219, 13183, 13967, 15276, 16189, 16351, 16652, 16796, 17270, 17447]",c4.3ca__GAVISH_3CA_METAPROGRAM_EPITHELIAL_EMT_LIKE_1
c4.3ca,GAVISH_3CA_METAPROGRAM_EPITHELIAL_COLON_RELATED,prerank,0.496435553806917,1.6622014819649213,0.007782101167315175,0.013068750907466696,0.34,13_35,13/35,16.60%,MLPH;KLK1;REP15;MT1G;SERPINA1;FER1L6;FCGBP;AQP3;XBP1;HSPA5;PHLDA1;TFF3;TPSG1,MLPH;KLK1;REP15;MT1G;SERPINA1;FER1L6;FCGBP;AQP3;XBP1;HSPA5;PHLDA1;TFF3;TPSG1;GSN;HSP90B1;ITM2A;HPCAL1;HES6;MGLL;ST6GALNAC1;WFDC2;SEC24D;LRRC26;LMAN1;BCAS1;SYTL2;F3;IFI6;JMJD1C;DST;ABCA5;SLC12A2;RNASE1;HEPACAM2;ANKRD36C,"[19, 35, 118, 165, 459, 731, 854, 1057, 1799, 2084, 2253, 2699, 2907, 5373, 5669, 5805, 6972, 7030, 7114, 7209, 7784, 7971, 9376, 9969, 10556, 11264, 13150, 14097, 15238, 15276, 15705, 15947, 16286, 16288, 17161]",c4.3ca__GAVISH_3CA_METAPROGRAM_EPITHELIAL_COLON_RELATED
c4.3ca,GAVISH_3CA_METAPROGRAM_EPITHELIAL_EMT_LIKE_2,prerank,0.45828626988081755,1.6525750284255623,0.020366598778004074,0.014020339815769155,0.36,16_46,16/46,9.81%,TNFRSF12A;PLAUR;IL32;EMP3;NFKBIA;CCL2;TM4SF1;TGFB2;TYMP;ANXA3;BIRC3;VIM;DEFB1;TIMP1;ANXA2;HLA-DQA1,TNFRSF12A;PLAUR;IL32;EMP3;NFKBIA;CCL2;TM4SF1;TGFB2;TYMP;ANXA3;BIRC3;VIM;DEFB1;TIMP1;ANXA2;HLA-DQA1;LGALS1;IFI27;RND3;ANXA1;LTF;MALL;GBP1;CALD1;C15orf48;LAMB3;TNFAIP2;TMSB4X;SOD2;CCL28;THBS1;CDC42EP1;SFN;RARRES1;KRT17;CLDN1;CCND1;CST6;SPTSSB;TPM1;RBP1;KRT7;TUBA1A;ANKRD36C;TACSTD2;CLDN3,"[251, 295, 314, 387, 438, 636, 694, 972, 1187, 1349, 1351, 1399, 1486, 1515, 1542, 1718, 2686, 3312, 4714, 5053, 5338, 5648, 5727, 6176, 6717, 7297, 7305, 8993, 9365, 9509, 10764, 11972, 12219, 12374, 13183, 13418, 13458, 14283, 14290, 14533, 15591, 16393, 16804, 17161, 17189, 17452]",c4.3ca__GAVISH_3CA_METAPROGRAM_EPITHELIAL_EMT_LIKE_2
c4.3ca,GAVISH_3CA_MALIGNANT_METAPROGRAM_28_OLIGO_NORMAL,prerank,-0.49733090781019484,-1.779892925810384,0.003937007874015748,0.014996357160204,0.104,25_46,25/46,25.13%,CMTM5;PLLP;TMEM144;SCD;CNP;PPP1R14A;RNASE1;MAG;SPOCK3;ELOVL1;MOBP;KLK6;PLP1;ERMN;CLDN11;STMN4;ANKS1B;TF;TUBB4A;UGT8;SLC48A1;ATP1B1;MAL;FAM107B;SLAIN1,CRYAB;PTGDS;APOD;HAPLN2;CA2;QDPR;PLEKHB1;GSN;HSPA2;BIN1;SIRT2;LHPP;ANLN;PACS2;S100A1;LARP6;MBP;ABCA2;CLDND1;SLC44A1;APLP1;SLAIN1;FAM107B;MAL;ATP1B1;SLC48A1;UGT8;TUBB4A;TF;ANKS1B;STMN4;CLDN11;ERMN;PLP1;KLK6;MOBP;ELOVL1;SPOCK3;MAG;RNASE1;PPP1R14A;CNP;SCD;TMEM144;PLLP;CMTM5,"[969, 1932, 2562, 2845, 3033, 3696, 4600, 5373, 6101, 6167, 6589, 6887, 7253, 7260, 7770, 10193, 10265, 10283, 11481, 11908, 12435, 13116, 13132, 13217, 13412, 13695, 14067, 14089, 14706, 14969, 15063, 15303, 15312, 15345, 15357, 15426, 16075, 16171, 16258, 16286, 16332, 16429, 16479, 16697, 16756, 17194]",c4.3ca__GAVISH_3CA_MALIGNANT_METAPROGRAM_28_OLIGO_NORMAL
c4.3ca,GAVISH_3CA_METAPROGRAM_MACROPHAGES_PROTEASOMAL_DEGRADATION,prerank,0.45955470772147394,1.6394316585893194,0.009671179883945842,0.015791277665339165,0.409,13_48,13/48,13.55%,S100A8;VSIG4;SLC3A2;CCL2;FCGR1A;S100A9;MARCO;FPR1;MANF;TREM2;SDF2L1;HSPA5;GCHFR,S100A8;VSIG4;SLC3A2;CCL2;FCGR1A;S100A9;MARCO;FPR1;MANF;TREM2;SDF2L1;HSPA5;GCHFR;CCT5;DNASE2;RENBP;PRDX1;CALR;CYP27A1;PSME2;SPP1;PSMB6;LGALS3;HSP90B1;PDIA6;HM13;NAGK;FBP1;PSMC3;LRPAP1;PSMA4;LTA4H;MGST3;ATP6V0D1;PSMD8;PSMD7;MNDA;TUBA1B;NME1;PSMC2;PLA2G7;PSMA5;MDH1;PSMA3;FABP5;CD9;GLIPR2;TUBA1A,"[157, 240, 634, 636, 808, 820, 977, 1004, 1077, 1129, 1576, 2084, 2373, 3191, 3728, 3730, 4033, 4607, 4678, 5113, 5115, 5391, 5562, 5669, 5789, 6108, 6788, 7002, 7216, 7268, 7767, 8011, 8084, 8129, 8266, 8738, 9168, 10112, 11445, 12195, 12277, 12948, 13000, 14195, 14946, 15173, 16626, 16804]",c4.3ca__GAVISH_3CA_METAPROGRAM_MACROPHAGES_PROTEASOMAL_DEGRADATION
c4.3ca,GAVISH_3CA_METAPROGRAM_ENDOTHELIAL_ENDO_2,prerank,0.4510845317387764,1.6157733239757115,0.00819672131147541,0.02014257752962127,0.507,20_48,20/48,15.41%,ANGPT2;LYVE1;PARD6G;MMRN1;FLT4;CLU;CLDN5;LAPTM5;GYPC;TIMP1;MAF;NR2F1;IGFBP5;ARL4A;TFPI;RARRES2;ADIRF;MFAP2;APOD;TFF3,ANGPT2;LYVE1;PARD6G;MMRN1;FLT4;CLU;CLDN5;LAPTM5;GYPC;TIMP1;MAF;NR2F1;IGFBP5;ARL4A;TFPI;RARRES2;ADIRF;MFAP2;APOD;TFF3;RGS16;NRP2;SNCG;MRC1;NR2F2;FXYD6;AKAP12;PPFIBP1;SEMA3A;LIMS1;EFEMP1;ADD3;FABP4;CISD1;STMN1;TSPAN5;PDPN;FN1;PTPRE;FABP5;CD9;RBP1;PPP1R2;PROX1;CCDC80;IGF1;NTS;RELN,"[102, 485, 524, 571, 701, 751, 781, 919, 1209, 1515, 1694, 1699, 1810, 1948, 1966, 2279, 2504, 2525, 2562, 2699, 3278, 3571, 3670, 4351, 6366, 6644, 6752, 8286, 9232, 9243, 9633, 9769, 9876, 10319, 12100, 12118, 12416, 12440, 12557, 14946, 15173, 15591, 15628, 15805, 16375, 16385, 16615, 17289]",c4.3ca__GAVISH_3CA_METAPROGRAM_ENDOTHELIAL_ENDO_2
c4.3ca,GAVISH_3CA_METAPROGRAM_ENDOTHELIAL_ENDO_1,prerank,0.4480964475736263,1.602952709043527,0.015810276679841896,0.022149605355257614,0.537,11_46,11/46,7.75%,CXCR4;ANGPT2;STC1;TNFRSF4;TM4SF18;NID1;GJA1;FLT1;PODXL;NOTCH4;RGCC,CXCR4;ANGPT2;STC1;TNFRSF4;TM4SF18;NID1;GJA1;FLT1;PODXL;NOTCH4;RGCC;FCN3;TIMP3;CA2;INSR;PTP4A3;ESM1;EDNRB;MLEC;HSPG2;PDGFD;HTRA1;IVNS1ABP;ITGA1;COL15A1;IGFBP3;GRB10;PXDN;COL4A2;PLVAP;ACE;TP53I11;LAMA4;SPARC;MYO1B;KDR;VWA1;COL4A1;SPRY4;UNC5B;MMP2;CDH13;MCAM;LBH;HECW2;ANGPTL2,"[50, 102, 156, 335, 612, 637, 1052, 1094, 1161, 1183, 1356, 1910, 2602, 3033, 3939, 4233, 4469, 4666, 5323, 5784, 6282, 6398, 6723, 6946, 7145, 7422, 7532, 8273, 8521, 8694, 9399, 9460, 9839, 9882, 11111, 11145, 11222, 11830, 13076, 13274, 14153, 14209, 16855, 17008, 17355, 17441]",c4.3ca__GAVISH_3CA_METAPROGRAM_ENDOTHELIAL_ENDO_1
c4.3ca,GAVISH_3CA_MALIGNANT_METAPROGRAM_13_EMT_2,prerank,0.4427088675595705,1.5993046621471887,0.0,0.022526213287957085,0.556,16_48,16/48,11.25%,MT2A;TNFRSF12A;PLAUR;IL32;EMP3;CDA;CDKN1A;IGFBP6;FSTL3;RHOD;ANXA3;VIM;PDLIM7;TGM2;S100A2;SERPINE1,MT2A;TNFRSF12A;PLAUR;IL32;EMP3;CDA;CDKN1A;IGFBP6;FSTL3;RHOD;ANXA3;VIM;PDLIM7;TGM2;S100A2;SERPINE1;LGALS1;LAMA3;ITGA6;PLAU;PRSS23;PMEPA1;C15orf48;FLNA;LAMB3;ITGA3;ITGAV;ITGB6;SERPINE2;THBS1;IGFBP7;TGFBI;ITGB1;PDPN;FN1;F3;KRT17;DCBLD2;CAV1;CST6;TPM1;RBP1;PTHLH;COL17A1;KRT7;LAMC2;INHBA;TNC,"[145, 251, 295, 314, 387, 406, 715, 1105, 1116, 1248, 1349, 1399, 1414, 1442, 1766, 1969, 2686, 3503, 3749, 3981, 5059, 6443, 6717, 6813, 7297, 8920, 9683, 10001, 10488, 10764, 11361, 11627, 11941, 12416, 12440, 13150, 13183, 13643, 13967, 14283, 14533, 15591, 16131, 16351, 16393, 16796, 17099, 17288]",c4.3ca__GAVISH_3CA_MALIGNANT_METAPROGRAM_13_EMT_2
c4.3ca,GAVISH_3CA_MALIGNANT_METAPROGRAM_34_PLATELET_ACTIVATION,prerank,0.444626479029226,1.5928909317419249,0.015355086372360844,0.023450118657679365,0.571,19_44,19/44,16.72%,LAT;FERMT3;MMRN1;TGFB1;FCER1A;CLU;VASP;PDLIM1;FCER1G;PIM1;GATA2;STOM;CCND3;MAX;FLI1;PLEK;BIN2;LGALS1;ITGA2B,LAT;FERMT3;MMRN1;TGFB1;FCER1A;CLU;VASP;PDLIM1;FCER1G;PIM1;GATA2;STOM;CCND3;MAX;FLI1;PLEK;BIN2;LGALS1;ITGA2B;CKB;RGS18;ACTN1;DAD1;GSN;PRKAR2B;MGLL;PKM;NRGN;PF4;TMSB4X;LIMS1;TPM4;SLC44A1;PPIF;RAP1B;VCL;PBX1;C2orf88;TPM1;CD9;RAB27B;HBD;CMTM5;CD36,"[152, 568, 571, 664, 722, 751, 840, 843, 857, 991, 1410, 1517, 1758, 2237, 2406, 2474, 2679, 2686, 2928, 3385, 3611, 4155, 4424, 5373, 6516, 7114, 7140, 8205, 8298, 8993, 9243, 11539, 11908, 12272, 12286, 12508, 13428, 13489, 14533, 15173, 15355, 17089, 17194, 17499]",c4.3ca__GAVISH_3CA_MALIGNANT_METAPROGRAM_34_PLATELET_ACTIVATION
c4.3ca,GAVISH_3CA_METAPROGRAM_B_CELLS_PLASMA,prerank,0.46934114945543876,1.5860558418566593,0.018108651911468814,0.02420843463316596,0.59,15_37,15/37,24.39%,MZB1;DERL3;MANF;SDF2L1;XBP1;HSPA5;HERPUD1;PDIA4;RABAC1;CD63;FKBP2;TNFRSF17;KRTCAP2;P4HB;ITM2C,MZB1;DERL3;MANF;SDF2L1;XBP1;HSPA5;HERPUD1;PDIA4;RABAC1;CD63;FKBP2;TNFRSF17;KRTCAP2;P4HB;ITM2C;SDC1;CRELD2;HSP90B1;PDIA6;SEC61B;RPN2;SSR4;PPIB;TMEM258;SPCS2;SEC11C;NUCB2;PIM2;FKBP11;LMAN1;PRDX4;DNAJB9;TMEM59;SSR3;SPCS3;ERLEC1;SPCS1,"[75, 1055, 1077, 1576, 1799, 2084, 2276, 2283, 2676, 3076, 3111, 3818, 4011, 4151, 4272, 5589, 5665, 5669, 5789, 6228, 6616, 6863, 7668, 8017, 8200, 8448, 8724, 8896, 9714, 9969, 10203, 10291, 11460, 13471, 13549, 14205, 14777]",c4.3ca__GAVISH_3CA_METAPROGRAM_B_CELLS_PLASMA
c4.3ca,GAVISH_3CA_METAPROGRAM_CD4_T_CELLS_T_REG,prerank,0.44837543669523955,1.5866711096198092,0.015238095238095238,0.02439654791998941,0.587,14_45,14/45,12.87%,IL1R2;CST7;TNFRSF4;BATF;TNFRSF1B;HLA-DRB1;CASP1;CD7;TYMP;LAIR2;SAT1;PMAIP1;CARD16;PHLDA1,IL1R2;CST7;TNFRSF4;BATF;TNFRSF1B;HLA-DRB1;CASP1;CD7;TYMP;LAIR2;SAT1;PMAIP1;CARD16;PHLDA1;LGALS1;ACP5;CORO1B;GBP2;CTSC;GLRX;GBP5;SYNGR2;TBC1D4;LTB;GADD45A;TNFRSF18;DNPH1;PKM;PIM2;BTG3;NAMPT;ARID5B;UGP2;CTLA4;CXCR6;LAYN;UCP2;CD27;MAGEH1;IFI6;FOXP3;RTKN2;TIGIT;IL2RB;DUSP4,"[33, 291, 335, 521, 525, 558, 580, 912, 1187, 1359, 2029, 2205, 2235, 2253, 2686, 2930, 3995, 4039, 4088, 4115, 4474, 5698, 5901, 6057, 6156, 6535, 7047, 7140, 8896, 9036, 9148, 9174, 9432, 10060, 10133, 10506, 11886, 12505, 12587, 14097, 16395, 16460, 16489, 16545, 17470]",c4.3ca__GAVISH_3CA_METAPROGRAM_CD4_T_CELLS_T_REG
c4.3ca,GAVISH_3CA_METAPROGRAM_MACROPHAGES_INTERFERON,prerank,0.4398527998438489,1.5606869779318258,0.013409961685823755,0.02975230773395414,0.658,23_46,23/46,25.55%,MT2A;ANKRD22;IRF7;CXCL11;CCL2;CXCL9;IFITM1;APOBEC3A;IFITM3;VAMP5;CXCL10;TAP1;SERPING1;ISG20;IL4I1;TNFSF13B;IFI27;OAS1;GBP2;UBE2L6;LY6E;MX2;GBP5,MT2A;ANKRD22;IRF7;CXCL11;CCL2;CXCL9;IFITM1;APOBEC3A;IFITM3;VAMP5;CXCL10;TAP1;SERPING1;ISG20;IL4I1;TNFSF13B;IFI27;OAS1;GBP2;UBE2L6;LY6E;MX2;GBP5;ISG15;PSME2;GBP4;GBP1;IFI35;IFIT1;PARP14;MX1;PSMB9;PPA1;NT5C3A;SAMD9L;OAS2;LAP3;IFIT2;CCL8;IFI6;IFIT3;EPSTI1;TNFSF10;RSAD2;STAT1;IFI44L,"[145, 162, 229, 511, 636, 692, 842, 946, 970, 1610, 1647, 1919, 2181, 2691, 2849, 3052, 3312, 3619, 4039, 4279, 4330, 4368, 4474, 4942, 5113, 5220, 5727, 6730, 8117, 8234, 8341, 8351, 8463, 10263, 12091, 12167, 12648, 12748, 13457, 14097, 14434, 14518, 15232, 15853, 16067, 17246]",c4.3ca__GAVISH_3CA_METAPROGRAM_MACROPHAGES_INTERFERON
c4.3ca,GAVISH_3CA_METAPROGRAM_MACROPHAGES_MYC_MITOCHONDRIA,prerank,0.42947110502841035,1.5412911010015073,0.019342359767891684,0.033794820759703595,0.706,18_47,18/47,25.25%,HSPD1;ALOX5AP;MANF;PPP1R14B;SDF2L1;CLEC5A;HSPA5;CCT3;CCT5;ISOC2;MRPS34;MRPL4;KCNN4;CCDC85B;MRPS12;MRPL52;HNRNPAB;MRPL12,HSPD1;ALOX5AP;MANF;PPP1R14B;SDF2L1;CLEC5A;HSPA5;CCT3;CCT5;ISOC2;MRPS34;MRPL4;KCNN4;CCDC85B;MRPS12;MRPL52;HNRNPAB;MRPL12;SPP1;NOP16;PRMT1;CYC1;CCT6A;CCT2;EIF5A;NHP2;SRM;LDHB;CORO1A;PPA1;PSMC4;TIMM13;GGCT;C1QBP;PDCD5;TOMM40;APEX1;PA2G4;DCTPP1;SNRPD1;NME1;RANBP1;EBNA1BP2;BOLA3;RRP7A;MRPL3;FABP5,"[987, 1045, 1077, 1415, 1576, 1621, 2084, 2859, 3191, 3272, 3362, 3418, 3671, 4053, 4077, 4175, 4405, 4422, 5115, 5126, 5708, 6317, 6765, 6900, 6945, 7229, 7859, 7900, 8030, 8463, 8490, 8534, 8630, 8735, 8797, 9087, 9678, 10510, 10511, 11069, 11445, 11601, 11743, 11996, 12068, 14064, 14946]",c4.3ca__GAVISH_3CA_METAPROGRAM_MACROPHAGES_MYC_MITOCHONDRIA
c4.3ca,GAVISH_3CA_METAPROGRAM_ENDOTHELIAL_NOTCH_SIGNALING,prerank,0.4285758158825411,1.5353652805045586,0.023655913978494623,0.034829846258881754,0.712,11_47,11/47,7.61%,STC1;GJA4;S100A4;IGF2;DLL4;EMP3;ICAM2;CLDN5;SRGN;PODXL;FAM107A,STC1;GJA4;S100A4;IGF2;DLL4;EMP3;ICAM2;CLDN5;SRGN;PODXL;FAM107A;SAT1;MECOM;JAG2;ADAMTS1;CXCL2;LTBP4;JAG1;EDN1;PCSK5;HES4;EFNB2;KCTD12;VEGFC;FBLN5;SOX17;ALPL;IGFBP3;PPA1;RHOB;HEY1;NUDT4;FBLN2;SERPINE2;ARL15;ADAMTS6;STMN1;FN1;ATP13A3;SULF1;CXCL12;ENPP2;PPP1R14A;GJA5;PLLP;SEMA3G;THSD7A,"[156, 199, 245, 278, 350, 387, 640, 781, 1146, 1161, 1332, 2029, 2275, 2854, 3516, 3816, 4010, 4378, 4526, 4912, 5279, 5372, 5600, 6029, 6410, 7415, 7418, 7422, 8463, 8680, 8717, 8767, 10304, 10488, 10827, 11767, 12100, 12440, 12899, 14363, 15960, 16259, 16332, 16440, 16756, 16972, 17227]",c4.3ca__GAVISH_3CA_METAPROGRAM_ENDOTHELIAL_NOTCH_SIGNALING
c4.3ca,GAVISH_3CA_MALIGNANT_METAPROGRAM_33_RBCS,prerank,-0.46138462939379843,-1.654901914842565,0.008097165991902834,0.03631596463297265,0.321,12_46,12/46,10.13%,CD36;HBB;HBA2;CA1;HBD;HBA1;GYPB;ANK1;EPCAM;FBXO7;FECH;GATA1,PLIN2;FCGRT;MYC;S100A6;KLF1;NFIA;CA2;APOC1;APOE;UBAC1;HAGH;LMNA;BLVRB;UROD;TFR2;TMEM14C;KCNH2;CNRIP1;HES6;PRDX2;SMIM10;CSF2RB;STRADB;CAST;REXO2;HMBS;HBQ1;TFRC;SYNGR1;CASP3;SLC25A37;MPC2;FAM178B;HBG2;GATA1;FECH;FBXO7;EPCAM;ANK1;GYPB;HBA1;HBD;CA1;HBA2;HBB;CD36,"[537, 743, 1027, 1299, 2846, 2960, 3033, 3747, 3783, 3837, 4519, 4905, 5221, 6105, 6225, 6503, 6715, 6959, 7030, 7162, 7168, 7897, 8423, 8487, 8707, 8827, 9808, 10683, 10942, 11745, 12360, 13125, 14206, 15218, 15745, 15838, 16187, 16430, 16513, 16682, 16828, 17089, 17135, 17205, 17414, 17499]",c4.3ca__GAVISH_3CA_MALIGNANT_METAPROGRAM_33_RBCS
c4.3ca,GAVISH_3CA_METAPROGRAM_CD4_T_CELLS_CYTOTOXIC,prerank,0.4307977275060704,1.5277550356459506,0.022587268993839837,0.036666576432689967,0.732,17_45,17/45,17.56%,CLEC2B;CST7;GZMM;ITGB2;PLIN2;HLA-DRB1;HLA-DRA;ALOX5AP;HLA-DPB1;ANXA2;LAG3;HLA-DPA1;JUN;LGALS1;COTL1;PRF1;CD63,CLEC2B;CST7;GZMM;ITGB2;PLIN2;HLA-DRB1;HLA-DRA;ALOX5AP;HLA-DPB1;ANXA2;LAG3;HLA-DPA1;JUN;LGALS1;COTL1;PRF1;CD63;CXCL13;BHLHE40;ID2;CTSD;CTSW;ANXA1;CCL5;CKLF;PDCD1;CCL3;CCL4L2;GNLY;HOPX;GZMB;CXCR6;CCL4;APOBEC3G;C12orf75;CD6;RBPJ;GZMH;CD96;KLRB1;NKG7;ZEB2;ANKRD28;GZMA;DUSP4,"[221, 291, 341, 507, 537, 558, 855, 1045, 1268, 1542, 1769, 1918, 2405, 2686, 2856, 2997, 3076, 3388, 4265, 4384, 4656, 4791, 5053, 5546, 6275, 7295, 7409, 7512, 8051, 8803, 9864, 10133, 10797, 11087, 11325, 11543, 12042, 12153, 12596, 14129, 15287, 15293, 15358, 17331, 17470]",c4.3ca__GAVISH_3CA_METAPROGRAM_CD4_T_CELLS_CYTOTOXIC
c4.3ca,GAVISH_3CA_METAPROGRAM_CD4_T_CELLS_NAIVE_2,prerank,0.4331712191995527,1.5137781128316732,0.02186878727634195,0.039760802291988695,0.767,14_41,14/41,18.18%,ICAM2;KLF2;PLAC8;SELL;MYC;TMEM243;LEF1;TIMP1;GIMAP5;GIMAP2;GIMAP1;RASGRP2;TSHZ2;C1orf162,ICAM2;KLF2;PLAC8;SELL;MYC;TMEM243;LEF1;TIMP1;GIMAP5;GIMAP2;GIMAP1;RASGRP2;TSHZ2;C1orf162;NOSIP;TCF7;ALKBH7;CREBRF;SMDT1;PRMT2;IL6ST;FOXP1;ST13;EIF2S3;PIM2;LPAR6;APEX1;PRKCA;RIC3;FHIT;SATB1;RSL1D1;ITGB1;CD27;CCR7;TAGAP;MAL;TRABD2A;KLRB1;SORL1;SH3BP5,"[640, 811, 834, 928, 1027, 1255, 1357, 1515, 1583, 1677, 1951, 2619, 3024, 3183, 4431, 4529, 4571, 4710, 4745, 5378, 5726, 6316, 7563, 8887, 8896, 9574, 9678, 10548, 10656, 10753, 11159, 11788, 11941, 12505, 12666, 12715, 13217, 13711, 14129, 14179, 15111]",c4.3ca__GAVISH_3CA_METAPROGRAM_CD4_T_CELLS_NAIVE_2
c4.3ca,GAVISH_3CA_METAPROGRAM_FIBROBLASTS_INTERFERON,prerank,0.4208965629142752,1.4820237493621953,0.03665987780040733,0.050700272055439755,0.831,13_45,13/45,11.35%,MT2A;IRF7;CXCL11;APOL1;CCL2;CXCL9;IFITM1;CD74;CXCL10;CTSS;BST2;TAP1;PLSCR1,MT2A;IRF7;CXCL11;APOL1;CCL2;CXCL9;IFITM1;CD74;CXCL10;CTSS;BST2;TAP1;PLSCR1;ISG20;TNFSF13B;IFI27;OAS1;GBP2;UBE2L6;MX2;HAPLN3;ISG15;MMP11;GBP4;GBP1;IFI35;XAF1;IFIT1;PARP14;MX1;PSMB9;SOD2;OAS3;LAP3;IFIT2;IFI6;IFIT3;EPSTI1;VCAM1;CMPK2;TNFSF10;OASL;RSAD2;STAT1;IFI44L,"[145, 229, 511, 629, 636, 692, 842, 908, 1647, 1687, 1831, 1919, 1987, 2691, 3052, 3312, 3619, 4039, 4279, 4368, 4585, 4942, 5090, 5220, 5727, 6730, 7088, 8117, 8234, 8341, 8351, 9365, 10622, 12648, 12748, 14097, 14434, 14518, 14570, 14841, 15232, 15788, 15853, 16067, 17246]",c4.3ca__GAVISH_3CA_METAPROGRAM_FIBROBLASTS_INTERFERON
c4.3ca,GAVISH_3CA_METAPROGRAM_FIBROBLASTS_CAF_4,prerank,-0.44517024904774155,-1.579151242576119,0.010224948875255624,0.05780647076283764,0.541,22_45,22/45,30.59%,ANKRD36C;COL12A1;WSB1;ZKSCAN1;LAMB1;NFAT5;SYNE1;NKTR;RIF1;DST;BPTF;ASH1L;SULF1;DYNC1H1;PHLDB1;MACF1;VMP1;LUC7L3;MXRA5;HNRNPU;ATXN1;RBM5,RUNX1;TEAD1;COL11A1;LENG8;PNISR;SPEN;CCNL2;HNRNPH1;MAP4K4;XAF1;TRIO;ZNF638;ARGLU1;OGT;STAT2;LPP;ENAH;FAT1;ARHGEF12;GOLGB1;DDX17;RNF213;PEAK1;RBM5;ATXN1;HNRNPU;MXRA5;LUC7L3;VMP1;MACF1;PHLDB1;DYNC1H1;SULF1;ASH1L;BPTF;DST;RIF1;NKTR;SYNE1;NFAT5;LAMB1;ZKSCAN1;WSB1;COL12A1;ANKRD36C,"[845, 3809, 4078, 4428, 5792, 6017, 6183, 6340, 6824, 7088, 8207, 8459, 8574, 8676, 9251, 9547, 9934, 10314, 10337, 10438, 10498, 11412, 11540, 12160, 12370, 12398, 12525, 12580, 12668, 12991, 13302, 13750, 14363, 14563, 15170, 15276, 15506, 15604, 15752, 15785, 16466, 16540, 16707, 16720, 17161]",c4.3ca__GAVISH_3CA_METAPROGRAM_FIBROBLASTS_CAF_4
c4.3ca,GAVISH_3CA_METAPROGRAM_FIBROBLASTS_PI16_POS,prerank,0.403675157842861,1.4354030279490049,0.04790419161676647,0.07061711016666215,0.909,18_45,18/45,14.54%,PLA1A;EMP3;METRNL;SCARA5;TMEM100;HTRA3;ADAMTSL4;IGFBP6;ANXA3;PPP1R14B;MFAP5;EMILIN2;IGFBP5;DBN1;TNXB;CD248;PCOLCE2;THBD,PLA1A;EMP3;METRNL;SCARA5;TMEM100;HTRA3;ADAMTSL4;IGFBP6;ANXA3;PPP1R14B;MFAP5;EMILIN2;IGFBP5;DBN1;TNXB;CD248;PCOLCE2;THBD;LURAP1L;EFHD1;PRSS23;UAP1;PTGS1;CD55;CADM3;PI16;MARCKS;CLEC3B;CRIP1;BASP1;FLNB;LIMCH1;AIF1L;SEMA3C;SBSN;TPPP3;CREB5;PCSK6;ALDH1A3;FBN1;GAS7;PROCR;FNDC1;COL14A1;ADAMTS5,"[101, 387, 409, 450, 582, 608, 896, 1105, 1349, 1415, 1516, 1794, 1810, 1869, 2055, 2282, 2296, 2546, 3158, 3511, 5059, 6299, 6627, 7327, 7400, 7977, 8773, 9973, 10362, 10595, 12351, 12685, 13349, 14269, 14412, 14952, 15011, 15480, 15501, 16399, 16432, 16717, 17155, 17317, 17472]",c4.3ca__GAVISH_3CA_METAPROGRAM_FIBROBLASTS_PI16_POS
c4.3ca,GAVISH_3CA_MALIGNANT_METAPROGRAM_12_EMT_1,prerank,0.3992468582179918,1.4262906020379449,0.04642166344294004,0.0732700434395061,0.921,21_48,21/48,19.02%,FBLN1;ID3;TSC22D3;DCN;VIM;C1R;TIMP1;COL6A2;IGFBP5;COL6A1;COL1A2;CTSK;SERPING1;BGN;RARRES2;TIMP3;LGALS1;C1S;COL1A1;FSTL1;IGFBP4,FBLN1;ID3;TSC22D3;DCN;VIM;C1R;TIMP1;COL6A2;IGFBP5;COL6A1;COL1A2;CTSK;SERPING1;BGN;RARRES2;TIMP3;LGALS1;C1S;COL1A1;FSTL1;IGFBP4;PRSS23;CALD1;NNMT;TPM2;SNAI2;POSTN;A2M;SPARCL1;COL4A2;TCF4;MGP;SPARC;COL6A3;IGFBP7;TGFBI;COL4A1;LUM;FN1;CAV1;MMP2;TPM1;COL3A1;CXCL12;MYL9;CCDC80;TAGLN;ACTA2,"[317, 956, 1034, 1395, 1399, 1505, 1515, 1579, 1810, 2004, 2167, 2173, 2181, 2213, 2279, 2602, 2686, 3007, 3083, 3319, 3331, 5059, 6176, 6420, 6931, 7184, 7665, 7759, 7992, 8521, 9193, 9257, 9882, 9939, 11361, 11627, 11830, 12182, 12440, 13967, 14153, 14533, 15835, 15960, 16189, 16375, 16652, 17447]",c4.3ca__GAVISH_3CA_MALIGNANT_METAPROGRAM_12_EMT_1
c4.3ca,GAVISH_3CA_METAPROGRAM_FIBROBLASTS_CAF_10,prerank,0.3987214204741629,1.426945658580686,0.046875,0.07384418528952891,0.92,12_46,12/46,10.36%,CXCR4;BMP5;GDF15;BMP4;TMEM176A;TMEM176B;TM4SF1;IL7R;GJA1;TGM2;GMFG;DLL1,CXCR4;BMP5;GDF15;BMP4;TMEM176A;TMEM176B;TM4SF1;IL7R;GJA1;TGM2;GMFG;DLL1;SPRY1;TSPAN33;IGFBP2;EMID1;PLAU;MMP11;AGT;PLAT;LSP1;MEST;PDGFD;MGLL;F2R;ETS2;WNT5A;SOX6;CXCL14;PDGFRA;DMKN;PRDM1;TGFBI;TSLP;PDPN;F3;NSG1;TRPA1;FABP5;PAG1;RBP1;PPP1R14A;PROCR;COL12A1;F2RL2;MME,"[50, 257, 325, 483, 540, 597, 694, 1012, 1052, 1442, 1575, 1813, 2866, 2941, 3564, 3645, 3981, 5090, 5108, 5388, 5942, 6144, 6282, 7114, 7732, 7952, 8926, 9459, 10280, 10756, 10878, 11133, 11627, 12394, 12416, 13150, 13563, 14355, 14946, 15298, 15591, 16332, 16717, 16720, 17193, 17362]",c4.3ca__GAVISH_3CA_METAPROGRAM_FIBROBLASTS_CAF_10
c4.3ca,GAVISH_3CA_MALIGNANT_METAPROGRAM_15_EMT_4,prerank,0.39078495923724904,1.4078771722693206,0.05742574257425743,0.08268687134310695,0.945,13_48,13/48,12.16%,SERPINH1;SOCS3;CCL2;KRT15;IFITM1;PNRC1;CD74;BCAM;DCN;C1R;TIMP1;IGFBP5;NINJ1,SERPINH1;SOCS3;CCL2;KRT15;IFITM1;PNRC1;CD74;BCAM;DCN;C1R;TIMP1;IGFBP5;NINJ1;GLUL;C1S;NFIB;TSC22D1;MOXD1;TP53AIP1;SESN3;ASS1;LTF;TXNIP;SDCBP;SERPINF1;HTRA1;NTRK2;SNAI2;FTH1;HOPX;SPARC;CXCL14;SERPINE2;C12orf75;NCOA7;SOX4;ANTXR1;THBS2;CAV1;IFIT3;DAPL1;DST;COL17A1;ASPN;SFRP1;SLC47A2;EGR1;ALDH3A1,"[5, 158, 636, 682, 842, 875, 908, 940, 1395, 1505, 1515, 1810, 2130, 2868, 3007, 3509, 3795, 4031, 4092, 4217, 4436, 5338, 5739, 5990, 6107, 6398, 7118, 7184, 7728, 8803, 9882, 10280, 10488, 11325, 12171, 13059, 13543, 13590, 13967, 14434, 14715, 15276, 16351, 16487, 16533, 16741, 17016, 17019]",c4.3ca__GAVISH_3CA_MALIGNANT_METAPROGRAM_15_EMT_4
c4.3ca,GAVISH_3CA_METAPROGRAM_FIBROBLASTS_CAF_8,prerank,0.397154430048377,1.3906675128288444,0.07662082514734773,0.09110154984816807,0.961,19_45,19/45,23.38%,STRA6;PRELP;LRRC32;RAMP1;CYP1B1;DPEP1;ITGB5;PKDCC;NR2F1;IGFBP5;SERPINE1;CD248;NT5DC2;TSHZ2;MATN3;IGFBP2;LTBP2;CDKN2B;COL16A1,STRA6;PRELP;LRRC32;RAMP1;CYP1B1;DPEP1;ITGB5;PKDCC;NR2F1;IGFBP5;SERPINE1;CD248;NT5DC2;TSHZ2;MATN3;IGFBP2;LTBP2;CDKN2B;COL16A1;ZCCHC24;ENG;TNS1;MEST;IGFBP3;MMP28;F2R;FRZB;RFTN1;CDC42EP3;CRIM1;CXCL14;NFIX;ELN;SLC6A6;COL10A1;INMT;ITGBL1;NTM;CADPS;LAMP5;SEMA3C;CLDN11;ANO1;PPP1R14A;EGR2,"[260, 327, 402, 802, 993, 1166, 1262, 1550, 1699, 1810, 1969, 2282, 2616, 3024, 3358, 3564, 3608, 3977, 4095, 5045, 5298, 5393, 6144, 7422, 7726, 7732, 7856, 8602, 10042, 10169, 10280, 10348, 11019, 11809, 11850, 11977, 12154, 12550, 12804, 13569, 14269, 15303, 15528, 16332, 17423]",c4.3ca__GAVISH_3CA_METAPROGRAM_FIBROBLASTS_CAF_8
c4.3ca,GAVISH_3CA_METAPROGRAM_FIBROBLASTS_MHC_II,prerank,0.37822977393774865,1.3719773241609443,0.06551059730250482,0.09766113532389487,0.968,16_49,16/49,12.74%,HLA-DRB5;HLA-DRB1;TMEM176B;CLU;HLA-DRA;CD74;CRYAB;PDLIM4;FSTL3;HLA-DPB1;ARHGAP15;HLA-DMA;IGFBP5;HLA-DPA1;FXYD1;NES,HLA-DRB5;HLA-DRB1;TMEM176B;CLU;HLA-DRA;CD74;CRYAB;PDLIM4;FSTL3;HLA-DPB1;ARHGAP15;HLA-DMA;IGFBP5;HLA-DPA1;FXYD1;NES;LGI4;RASSF4;CTNNAL1;SLC22A17;SPP1;PMEPA1;ITGB8;PDGFA;GPC1;RCAN1;RDX;GPM6B;OCIAD2;VWA1;TGFBI;PTN;STMN1;PAPPA;HBEGF;FAM107B;SORBS2;MEF2C;AP1S2;S100B;FABP5;CD9;MAP1B;PLP1;MARCKSL1;ENDOD1;TSPAN15;COL8A1;ALDH1A1,"[542, 558, 597, 751, 855, 908, 969, 1112, 1116, 1268, 1319, 1712, 1810, 1918, 2075, 2230, 3093, 4046, 4747, 4987, 5115, 6443, 6493, 7605, 7918, 8774, 10240, 10948, 11009, 11222, 11627, 11916, 12100, 12605, 12920, 13132, 13710, 14202, 14311, 14438, 14946, 15173, 15271, 15345, 15700, 16759, 16797, 17046, 17233]",c4.3ca__GAVISH_3CA_METAPROGRAM_FIBROBLASTS_MHC_II
c4.3ca,GAVISH_3CA_METAPROGRAM_CD8_T_CELLS_CYTOTOXIC,prerank,0.39260483214492237,1.37266610188046,0.08677685950413223,0.09820913944464739,0.968,19_46,19/46,19.35%,CST7;ITGB2;HLA-DRB1;KLRD1;HLA-DRA;CD7;ALOX5AP;HLA-DPB1;KLRG1;LAG3;HLA-DPA1;CAPG;RGS2;LGALS1;RGS1;PRF1;CD63;HAVCR2;CXCL13,CST7;ITGB2;HLA-DRB1;KLRD1;HLA-DRA;CD7;ALOX5AP;HLA-DPB1;KLRG1;LAG3;HLA-DPA1;CAPG;RGS2;LGALS1;RGS1;PRF1;CD63;HAVCR2;CXCL13;SAMSN1;ITM2C;ID2;CTSD;CTSW;ITM2A;CKLF;ZNF683;CCL3;CCL4L2;GNLY;DUSP2;HOPX;GZMB;CXCR6;CMC1;CCL4;APOBEC3G;RBPJ;GZMH;CD27;KLRB1;NKG7;TIGIT;KLRC1;GZMA;DUSP4,"[291, 507, 558, 759, 855, 912, 1045, 1268, 1732, 1769, 1918, 2112, 2412, 2686, 2808, 2997, 3076, 3229, 3388, 4147, 4272, 4384, 4656, 4791, 5805, 6275, 7143, 7409, 7512, 8051, 8683, 8803, 9864, 10133, 10191, 10797, 11087, 12042, 12153, 12505, 14129, 15287, 16489, 17149, 17331, 17470]",c4.3ca__GAVISH_3CA_METAPROGRAM_CD8_T_CELLS_CYTOTOXIC
c4.3ca,GAVISH_3CA_METAPROGRAM_CD8_T_CELLS_DYSFUNCTION,prerank,0.3914196103032719,1.375771072407118,0.07364341085271318,0.09827926917946511,0.968,9_46,9/46,9.68%,HSPB1;FKBP5;GEM;TNFRSF4;NFKBIA;BATF;IL7R;BIRC3;MAF,HSPB1;FKBP5;GEM;TNFRSF4;NFKBIA;BATF;IL7R;BIRC3;MAF;PMAIP1;CXCL13;STAT3;CORO1B;GBP2;PARK7;GPX4;IL6ST;ITM2A;TBC1D4;IGFLR1;LTB;EIF3I;AP2M1;TNFRSF18;DNPH1;PKM;FKBP1A;SPOCK2;ARID5B;SNX9;CHN1;CTLA4;PEBP1;PGAM1;UCP2;RBPJ;CD27;NR3C1;MAGEH1;CCR7;KLRB1;CD82;ICA1;TIGIT;DUSP4;CRTAM,"[4, 215, 249, 335, 438, 521, 1012, 1351, 1694, 2205, 3388, 3562, 3995, 4039, 4848, 5118, 5726, 5805, 5901, 6004, 6057, 6150, 6306, 6535, 7047, 7140, 7174, 8491, 9174, 9863, 9941, 10060, 10690, 11351, 11886, 12042, 12505, 12532, 12587, 12666, 14129, 14722, 15422, 16489, 17470, 17507]",c4.3ca__GAVISH_3CA_METAPROGRAM_CD8_T_CELLS_DYSFUNCTION
c4.3ca,GAVISH_3CA_MALIGNANT_METAPROGRAM_31_ALVEOLAR,prerank,0.39557884748542244,1.3685532856980285,0.064030131826742,0.09887120269892799,0.969,18_44,18/44,17.08%,SLPI;ALOX15B;LAMP3;NAPSA;SERPINA1;C3;S100A9;MID1IP1;EPHX1;AQP1;SFTPB;AK1;TFPI;C16orf89;MFSD2A;NPC2;PGC;SFTPC,SLPI;ALOX15B;LAMP3;NAPSA;SERPINA1;C3;S100A9;MID1IP1;EPHX1;AQP1;SFTPB;AK1;TFPI;C16orf89;MFSD2A;NPC2;PGC;SFTPC;LPCAT1;CACNA2D2;SDR16C5;NNMT;HSD17B6;ABCA3;SUSD2;ALPL;HOPX;FASN;DHCR24;PTPN13;LRRK2;SCGB3A1;PEBP4;DUOX1;SFTA3;SFTPD;FABP5;RNASE1;C4BPA;SCD;SPINK5;DMBT1;SFTPA2;SLC22A31,"[42, 254, 404, 442, 459, 554, 820, 852, 942, 1068, 1462, 1543, 1966, 2194, 2658, 2760, 2947, 2991, 4103, 4871, 5166, 6420, 6809, 6897, 7259, 7418, 8803, 9932, 10613, 10692, 11062, 11110, 11579, 13094, 14123, 14829, 14946, 16286, 16410, 16479, 17287, 17364, 17402, 17456]",c4.3ca__GAVISH_3CA_MALIGNANT_METAPROGRAM_31_ALVEOLAR
c4.3ca,GAVISH_3CA_METAPROGRAM_FIBROBLASTS_LIPID_METABOLISM,prerank,0.38613618823048235,1.3766326437786434,0.06313645621181263,0.09895509054979562,0.968,13_46,13/46,15.66%,KCNE4;HIGD1B;CYBA;NID1;IMPA2;RASD1;STEAP4;GMFG;TFPI;APOLD1;AGTR1;KCNJ8;ARHGDIB,KCNE4;HIGD1B;CYBA;NID1;IMPA2;RASD1;STEAP4;GMFG;TFPI;APOLD1;AGTR1;KCNJ8;ARHGDIB;IFI27;PLXDC1;ITM2C;EDNRB;ISG15;PLAT;TXNIP;CYGB;FRMD3;THY1;FXYD6;FAM162B;ITGA1;OAZ2;COX4I2;COL4A2;LPL;FABP4;COL6A3;MYO1B;GUCY1A2;COL4A1;ASAH1;CCND2;CCND1;IFI6;CCDC102B;FABP5;PAG1;MARCKSL1;COL3A1;SLC12A2;CD36,"[3, 129, 470, 637, 1295, 1331, 1358, 1575, 1966, 2176, 2466, 2514, 2742, 3312, 3742, 4272, 4666, 4942, 5388, 5739, 5857, 6041, 6446, 6644, 6793, 6946, 6974, 8506, 8521, 9605, 9876, 9939, 11111, 11663, 11830, 11946, 13238, 13458, 14097, 14139, 14946, 15298, 15700, 15835, 15947, 17499]",c4.3ca__GAVISH_3CA_METAPROGRAM_FIBROBLASTS_LIPID_METABOLISM
c4.3ca,GAVISH_3CA_MALIGNANT_METAPROGRAM_9_UNFOLDED_PROTEIN_RESPONSE,prerank,0.3983427555265669,1.3728096004272101,0.06746031746031746,0.09924578750882858,0.968,12_42,12/42,17.83%,SLC3A2;CDK2AP2;MANF;ATF4;SDF2L1;HSPA5;HERPUD1;PDIA4;ISG20;LAPTM4A;FKBP2;DNAJC3,SLC3A2;CDK2AP2;MANF;ATF4;SDF2L1;HSPA5;HERPUD1;PDIA4;ISG20;LAPTM4A;FKBP2;DNAJC3;TMED9;LMAN2;OSTC;CALR;MLEC;CRELD2;HSP90B1;PDIA6;HM13;RRBP1;RPN2;SRPRB;KDELR2;PDIA3;CKAP4;PPIB;DNAJB11;HYOU1;FKBP11;LMAN1;SLC35B1;PRDX4;DNAJB9;SEC61G;ARF4;TXNDC15;CCPG1;SEC63;ERLEC1;SEL1L,"[634, 890, 1077, 1272, 1576, 2084, 2276, 2283, 2691, 2911, 3111, 3122, 3872, 4188, 4579, 4607, 5323, 5665, 5669, 5789, 6108, 6372, 6616, 6969, 7101, 7372, 7516, 7668, 8549, 8989, 9714, 9969, 10040, 10203, 10291, 11051, 11346, 12933, 13948, 13982, 14205, 15072]",c4.3ca__GAVISH_3CA_MALIGNANT_METAPROGRAM_9_UNFOLDED_PROTEIN_RESPONSE
c4.3ca,GAVISH_3CA_METAPROGRAM_EPITHELIAL_EPI4,prerank,0.3842843102597521,1.3569180187903989,0.075046904315197,0.10421718677821916,0.972,15_46,15/46,18.95%,NAPSA;CCL20;ICAM1;CD74;PERP;BCAM;SFTPB;TFPI;BSG;CTSH;NPC2;LAPTM4A;CD63;HLA-B;SPINT2,NAPSA;CCL20;ICAM1;CD74;PERP;BCAM;SFTPB;TFPI;BSG;CTSH;NPC2;LAPTM4A;CD63;HLA-B;SPINT2;TMED9;P4HB;LY6E;CALR;HSP90B1;SYNGR2;PDIA6;CST3;HLA-A;TSPAN13;LGALS3BP;PDIA3;PPIB;TMED10;WFDC2;PSAP;APLP2;LMAN1;CANX;TMCO1;ITM2B;TMED2;TMEM59;ITGB1;SYPL1;APP;PAEP;CD47;CD9;EPCAM;TACSTD2,"[442, 561, 847, 908, 937, 940, 1462, 1966, 2433, 2612, 2760, 2911, 3076, 3273, 3318, 3872, 4151, 4330, 4607, 5669, 5698, 5789, 6273, 7026, 7035, 7121, 7372, 7668, 7741, 7784, 8082, 9216, 9969, 10226, 10396, 11214, 11303, 11460, 11941, 13152, 13823, 14721, 14865, 15173, 16430, 17189]",c4.3ca__GAVISH_3CA_METAPROGRAM_EPITHELIAL_EPI4
c4.3ca,GAVISH_3CA_METAPROGRAM_ENDOTHELIAL_ENDO_4,prerank,0.3790997129964295,1.3512099300962452,0.06868686868686869,0.10439789123196448,0.976,17_45,17/45,16.22%,S100A4;PRX;CEBPB;TBX3;AQP1;FLT1;EFNB1;GMFG;SLC14A1;BTNL9;IGFBP5;FCN3;ARRDC2;TGFBR2;TMEM204;ARHGDIB;IL1RL1,S100A4;PRX;CEBPB;TBX3;AQP1;FLT1;EFNB1;GMFG;SLC14A1;BTNL9;IGFBP5;FCN3;ARRDC2;TGFBR2;TMEM204;ARHGDIB;IL1RL1;SGK1;ID2;ESM1;CMTM8;PLAT;EMCN;NRP1;NOSTRIN;RBMS1;FGL2;LGALS3BP;POMP;TSPAN7;MGP;EHD3;KDR;COL4A1;SLC44A1;LDB2;ITGA8;F8;SYNE1;GJA5;NTN4;CRHBP;IL13RA2;SOST;HECW2,"[245, 303, 464, 712, 1068, 1094, 1531, 1575, 1599, 1638, 1810, 1910, 2067, 2124, 2538, 2742, 2840, 3436, 4384, 4469, 4865, 5388, 6200, 6343, 6354, 6787, 6896, 7121, 7485, 8618, 9257, 10339, 11145, 11830, 11908, 12479, 13324, 13730, 15752, 16440, 16627, 17031, 17146, 17185, 17355]",c4.3ca__GAVISH_3CA_METAPROGRAM_ENDOTHELIAL_ENDO_4
c4.3ca,GAVISH_3CA_METAPROGRAM_EPITHELIAL_RESPIRATION,prerank,0.3930250325157644,1.3581547200125954,0.08108108108108109,0.10449594712132036,0.972,10_38,10/38,20.52%,FXYD2;MRPS6;DUSP9;S100A6;DEFB1;CYSTM1;GSTP1;CHCHD10;CKB;ALDOA,FXYD2;MRPS6;DUSP9;S100A6;DEFB1;CYSTM1;GSTP1;CHCHD10;CKB;ALDOA;ENO1;UQCRH;NDUFA1;COX5B;UCHL1;NDUFS6;HSPA2;COX6B1;COX5A;PRDX2;LDHB;COX8A;GSTM3;NUDT4;NDUFB1;PRDX3;KNG1;SLC25A4;COX7B;PEBP1;CYCS;SLC25A5;IDH2;CBR1;ATP1B1;MPC1;NDUFA5;TMEM52B,"[20, 80, 407, 1299, 1486, 2001, 2918, 3311, 3385, 3593, 4248, 5030, 5246, 5276, 5596, 5898, 6101, 6529, 6700, 7162, 7900, 8032, 8568, 8767, 8798, 8865, 9160, 9429, 10672, 10690, 12163, 12234, 12981, 13032, 13412, 14026, 15239, 17044]",c4.3ca__GAVISH_3CA_METAPROGRAM_EPITHELIAL_RESPIRATION
c4.3ca,GAVISH_3CA_METAPROGRAM_CD4_T_CELLS_CELL_CYCLE,prerank,0.3807785663174037,1.3518196064588424,0.0846774193548387,0.10518436938560635,0.976,18_46,18/46,21.53%,CKS2;UBE2C;TUBA1C;CCNA2;PHF19;ASF1B;MCM7;AURKB;RRM2;CENPW;DTYMK;BIRC5;DDX39A;TOP2A;CKS1B;DNAJC9;TMEM106C;TK1,CKS2;UBE2C;TUBA1C;CCNA2;PHF19;ASF1B;MCM7;AURKB;RRM2;CENPW;DTYMK;BIRC5;DDX39A;TOP2A;CKS1B;DNAJC9;TMEM106C;TK1;MKI67;UBE2T;TUBB4B;NUSAP1;TUBB;PTTG1;PCNA;HMGB2;NUDT1;DUT;ASPM;TMPO;CDK1;TPX2;CENPM;TUBA1B;KIF22;STMN1;ZWINT;KPNA2;FEN1;CENPF;CDKN3;HMGN2;MAD2L1;SMC2;SMC4;TYMS,"[262, 304, 639, 750, 1334, 1717, 2223, 2257, 2378, 2472, 2488, 2532, 2671, 2999, 3424, 3639, 3754, 3770, 4334, 4342, 4637, 5329, 6040, 6319, 6509, 6590, 6942, 7211, 7342, 8059, 8675, 9078, 9636, 10112, 11322, 12100, 12115, 12142, 13981, 14326, 14524, 14670, 14997, 15203, 15839, 17252]",c4.3ca__GAVISH_3CA_METAPROGRAM_CD4_T_CELLS_CELL_CYCLE
c4.3ca,GAVISH_3CA_METAPROGRAM_FIBROBLASTS_CAF_5,prerank,0.38089600241064403,1.3528878414094672,0.06860706860706861,0.10554178687464255,0.975,17_48,17/48,13.02%,HSPA1A;MT1M;S100A4;MT1E;MT1X;MTHFD2;TM4SF1;CLU;GADD45B;BCAM;CRYAB;AEBP1;S100A6;IGFBP5;FXYD1;PDK4;RARRES2,HSPA1A;MT1M;S100A4;MT1E;MT1X;MTHFD2;TM4SF1;CLU;GADD45B;BCAM;CRYAB;AEBP1;S100A6;IGFBP5;FXYD1;PDK4;RARRES2;TIMP3;IGFBP2;CSRP1;TXNIP;MSRB3;NNMT;PDLIM5;NTRK2;NDUFA4;THBS1;PHLDA2;LTBP1;SORBS2;NET1;LMOD1;LITAF;CD9;RERGL;SYNPO2;PPP1R12B;NEXN;ASPN;MYH11;TAGLN;CNN1;PLN;ACTG2;LBH;EGR1;COL14A1;ACTA2,"[2, 126, 245, 308, 318, 532, 694, 751, 762, 940, 969, 1181, 1299, 1810, 2075, 2104, 2279, 2602, 3564, 3628, 5739, 5897, 6420, 7105, 7118, 7461, 10764, 11321, 12051, 13710, 14325, 14419, 14933, 15173, 15554, 15843, 16361, 16482, 16487, 16634, 16652, 16708, 16738, 16820, 17008, 17016, 17317, 17447]",c4.3ca__GAVISH_3CA_METAPROGRAM_FIBROBLASTS_CAF_5
c4.3ca,GAVISH_3CA_MALIGNANT_METAPROGRAM_36_IG,prerank,0.46142793155526296,1.3316705501271717,0.1402805611222445,0.11719984249054707,0.984,9_19,9/19,22.34%,TSC22D3;DERL3;JSRP1;HERPUD1;CD79A;CD63;KLF6;TNFRSF17;HLA-F,TSC22D3;DERL3;JSRP1;HERPUD1;CD79A;CD63;KLF6;TNFRSF17;HLA-F;TXNIP;ITGB7;SEL1L3;IRF4;PRDX4;DNAJB9;CD27;MAN1A2;CCPG1;CITED2,"[1034, 1055, 1682, 2276, 2657, 3076, 3544, 3818, 3913, 5739, 6915, 7843, 9586, 10203, 10291, 12505, 13551, 13948, 14327]",c4.3ca__GAVISH_3CA_MALIGNANT_METAPROGRAM_36_IG
c4.3ca,GAVISH_3CA_METAPROGRAM_CD8_T_CELLS_UNASSIGNED_1,prerank,0.3761472223951625,1.3159968474312458,0.10392156862745099,0.12794105216868154,0.99,15_45,15/45,22.79%,GPSM3;LCK;ITGB2;PPP1R18;HLA-DRB1;IL7R;KLRG1;GIMAP1;GIMAP4;PLEK;BTN3A2;SH2D1A;TRAF3IP3;HLA-F;STK17A,GPSM3;LCK;ITGB2;PPP1R18;HLA-DRB1;IL7R;KLRG1;GIMAP1;GIMAP4;PLEK;BTN3A2;SH2D1A;TRAF3IP3;HLA-F;STK17A;LIMD2;MPHOSPH8;GIMAP7;SYNE2;TXNIP;PNISR;PRPF38B;EVL;ARGLU1;APMAP;CAP1;MBNL1;CMC1;MBP;DDX17;N4BP2L2;RNF213;ATRX;PTP4A2;UCP2;CD27;IKZF3;PIK3IP1;GCC2;SAMD3;POLR2J3;KLRB1;TBC1D10C;AKAP9;NKTR,"[218, 292, 507, 538, 558, 1012, 1732, 1951, 2363, 2474, 3099, 3378, 3481, 3913, 3991, 4640, 5425, 5480, 5556, 5739, 5792, 7033, 7391, 8574, 8919, 9027, 9907, 10191, 10265, 10498, 11107, 11412, 11432, 11799, 11886, 12505, 12755, 13111, 13338, 13401, 13689, 14129, 14814, 15184, 15604]",c4.3ca__GAVISH_3CA_METAPROGRAM_CD8_T_CELLS_UNASSIGNED_1
c4.3ca,GAVISH_3CA_METAPROGRAM_EPITHELIAL_ANDROGEN_PROSTATE,prerank,0.3815672379973536,1.2980595413980942,0.1127348643006263,0.14038766157008759,0.996,10_35,10/35,16.19%,AZGP1;RAMP1;VSIG2;TMPRSS2;CDC42EP5;STEAP4;ADIRF;NPDC1;TFF3;WNK4,AZGP1;RAMP1;VSIG2;TMPRSS2;CDC42EP5;STEAP4;ADIRF;NPDC1;TFF3;WNK4;NKX3-1;GOLM1;CPE;DHRS7;FAM3D;NDRG1;PPP1R1B;SMS;PDLIM5;TSPAN1;SEC11C;NUCB2;LRRC26;LAMP2;RDH11;PPP3CA;SLC45A3;SLC44A4;SLC39A6;STEAP2;SORD;IFI6;SPDEF;SLC12A2;TSPAN8,"[100, 802, 819, 889, 1089, 1358, 2504, 2558, 2699, 2836, 3364, 4375, 4663, 5216, 5359, 5400, 5719, 5814, 7105, 8356, 8448, 8724, 9376, 9877, 10792, 11614, 12196, 12507, 12529, 12674, 12758, 14097, 15671, 15947, 16789]",c4.3ca__GAVISH_3CA_METAPROGRAM_EPITHELIAL_ANDROGEN_PROSTATE
c4.3ca,GAVISH_3CA_METAPROGRAM_EPITHELIAL_PDAC_RELATED_3,prerank,0.3804273743614589,1.2808617371635547,0.13814432989690723,0.15392977991933082,0.998,12_37,12/37,9.40%,ANPEP;PCK1;MT1G;IL32;VNN1;APOA1;MT1H;PLAC8;CD74;CYP3A4;AMN;ALDOB,ANPEP;PCK1;MT1G;IL32;VNN1;APOA1;MT1H;PLAC8;CD74;CYP3A4;AMN;ALDOB;PDK4;ADIRF;SGK1;ITM2C;MUC13;CDHR2;MEP1A;SLC26A3;APOB;HPGD;CDHR5;DHRS11;TM4SF20;CYP2C18;ACE2;MTTP;CES2;RBP2;FOLH1;SLC5A1;TSPAN8;CDH17;PRAP1;FABP1;CLDN3,"[112, 139, 165, 314, 323, 457, 775, 834, 908, 1373, 1502, 1645, 2104, 2504, 3436, 4272, 4845, 5575, 5599, 6922, 10626, 10856, 11194, 14460, 14782, 15316, 15389, 15692, 16144, 16597, 16633, 16665, 16789, 17015, 17196, 17237, 17452]",c4.3ca__GAVISH_3CA_METAPROGRAM_EPITHELIAL_PDAC_RELATED_3
c4.3ca,GAVISH_3CA_MALIGNANT_METAPROGRAM_30_PDAC_CLASSICAL,prerank,0.380362647657798,1.260874559239178,0.1600790513833992,0.17010802079098034,0.999,12_32,12/32,17.32%,PDZK1IP1;FXYD3;LYZ;GCNT3;VSIG2;PLAC8;DUOX2;PLA2G10;ISG20;TFF3;TCN1;CA2,PDZK1IP1;FXYD3;LYZ;GCNT3;VSIG2;PLAC8;DUOX2;PLA2G10;ISG20;TFF3;TCN1;CA2;GPX2;MUC5AC;MUC13;FAM3D;CLDN18;PDE4C;LGALS4;TSPAN1;AKR7A3;HPGD;SLC40A1;SLC44A4;CEACAM1;OLFM4;PSCA;VSIG1;CES2;TSPAN8;MUC5B;CDH17,"[388, 430, 574, 794, 819, 834, 1618, 2219, 2691, 2699, 2740, 3033, 4048, 4795, 4845, 5359, 5612, 6190, 6251, 8356, 10346, 10856, 11228, 12507, 12728, 12812, 14694, 15025, 16144, 16789, 16962, 17015]",c4.3ca__GAVISH_3CA_MALIGNANT_METAPROGRAM_30_PDAC_CLASSICAL
c4.3ca,GAVISH_3CA_METAPROGRAM_CD4_T_CELLS_GLYCOLYSIS_MYC,prerank,0.3326072367596221,1.201303083447937,0.18609022556390978,0.2334541407044938,1.0,3_46,3/46,5.64%,IL1R2;TNFRSF4;HSPD1,IL1R2;TNFRSF4;HSPD1;CCT3;CCT5;PRDX1;MRPL12;MRPL14;PRMT1;SMS;LSM2;TUBB;PCNA;TNFRSF18;EIF5B;CCT2;EIF5A;DNPH1;PKM;DUT;NHP2;SRM;TXNDC17;NDUFAB1;PPA1;TIMM13;C1QBP;PDCD5;PAICS;TXN;TOMM40;NDUFB3;SNRPE;DCTPP1;LSM5;SNRPD1;EEF1E1;PGAM1;NME1;RANBP1;EBNA1BP2;NOLC1;SSBP1;DDX21;CCND2;FABP5,"[33, 335, 987, 2859, 3191, 4033, 4422, 5670, 5708, 5814, 5916, 6040, 6509, 6535, 6540, 6900, 6945, 7047, 7140, 7211, 7229, 7859, 8046, 8065, 8463, 8534, 8735, 8797, 8829, 8900, 9087, 9420, 9722, 10511, 11048, 11069, 11128, 11351, 11445, 11601, 11743, 11890, 12616, 12765, 13238, 14946]",c4.3ca__GAVISH_3CA_METAPROGRAM_CD4_T_CELLS_GLYCOLYSIS_MYC
c4.3ca,GAVISH_3CA_METAPROGRAM_CD8_T_CELLS_CHROMATIN,prerank,-0.3757667347559567,-1.3212402676694646,0.09090909090909091,0.24514191655776696,0.997,24_43,24/43,33.22%,SLFN5;GPRIN3;ITGA4;RASGRP1;BDP1;SYNE1;DDX6;NKTR;PDE3B;ATF7IP;AKAP9;BPTF;CBLB;UTRN;DYNC1H1;ZNF292;GCC2;MACF1;IKZF3;SMCHD1;SMG1;PCSK7;ATM;SETX,MT-ND6;AHNAK;NUFIP2;FYN;AKNA;MYH9;SYNE2;ROCK1;ANKRD11;RORA;ARGLU1;CEP350;CHD2;PHF3;GOLGB1;DDX17;EML4;GOLGA4;ATRX;SETX;ATM;PCSK7;SMG1;SMCHD1;IKZF3;MACF1;GCC2;ZNF292;DYNC1H1;UTRN;CBLB;BPTF;AKAP9;ATF7IP;PDE3B;NKTR;DDX6;SYNE1;BDP1;RASGRP1;ITGA4;GPRIN3;SLFN5,"[212, 1208, 2967, 3313, 3383, 3676, 5556, 6690, 7113, 7937, 8574, 10066, 10186, 10277, 10438, 10498, 10559, 10631, 11432, 11700, 11714, 11764, 12293, 12637, 12755, 12991, 13338, 13698, 13750, 14591, 14616, 15170, 15184, 15216, 15352, 15604, 15742, 15752, 15825, 16548, 16938, 17148, 17213]",c4.3ca__GAVISH_3CA_METAPROGRAM_CD8_T_CELLS_CHROMATIN
c4.3ca,GAVISH_3CA_MALIGNANT_METAPROGRAM_21_RESPIRATION,prerank,0.3318572924594094,1.1702028347427778,0.21975806451612903,0.27127842008892167,1.0,16_41,16/41,30.35%,RPS21;LSM7;LGALS1;ROMO1;NOP10;RPS29;COX17;PET100;NDUFA3;OST4;UQCR10;NDUFB8;NDUFA1;NDUFB4;NDUFA12;SNRPD2,RPS21;LSM7;LGALS1;ROMO1;NOP10;RPS29;COX17;PET100;NDUFA3;OST4;UQCR10;NDUFB8;NDUFA1;NDUFB4;NDUFA12;SNRPD2;NDUFS6;NDUFS5;UBL5;COX6B1;SNRPG;PSMB3;NEDD8;RPL21;NHP2;PFDN2;NDUFC1;TMEM258;NDUFAB1;ATOX1;NDUFB2;NDUFB1;COA3;APRT;SLIRP;COX7B;SEC61G;TIMM8B;SNRPF;NME1;NDUFA7,"[1679, 2610, 2686, 3150, 3748, 4056, 4311, 4349, 4443, 4582, 4902, 5183, 5246, 5258, 5283, 5315, 5898, 6257, 6344, 6529, 6769, 6871, 6933, 7173, 7229, 7347, 7763, 8017, 8065, 8098, 8682, 8798, 8802, 9114, 9596, 10672, 11051, 11289, 11355, 11445, 14965]",c4.3ca__GAVISH_3CA_MALIGNANT_METAPROGRAM_21_RESPIRATION
c4.3ca,GAVISH_3CA_METAPROGRAM_CD4_T_CELLS_DYSFUNCTION,prerank,0.32728177765330546,1.1674612237536872,0.24652087475149106,0.27234670462046545,1.0,16_47,16/47,19.35%,FKBP5;SLA;SMCO4;BTLA;ALOX5AP;MAF;CD84;CHI3L2;PPP1CC;RGS2;COTL1;PASK;TSHZ2;SESN1;SH2D1A;CXCL13,FKBP5;SLA;SMCO4;BTLA;ALOX5AP;MAF;CD84;CHI3L2;PPP1CC;RGS2;COTL1;PASK;TSHZ2;SESN1;SH2D1A;CXCL13;CORO1B;TCF7;CPM;NMB;IL6ST;ITM2A;TBC1D4;THADA;NAP1L4;TNFRSF18;PDCD1;AKAP13;TOX2;NUDT16;TOX;RNF19A;LIMS1;CHN1;SFXN1;RBPJ;NR3C1;MAGEH1;KLRB1;CD200;FABP5;AHI1;YWHAQ;PVALB;ICA1;TIGIT;DUSP4,"[215, 734, 886, 979, 1045, 1694, 1992, 2100, 2391, 2412, 2856, 2981, 3024, 3375, 3378, 3388, 3995, 4529, 4854, 5130, 5726, 5805, 5901, 5944, 6266, 6535, 7295, 7606, 7616, 8218, 8548, 9023, 9243, 9941, 10432, 12042, 12532, 12587, 14129, 14551, 14946, 15157, 15258, 15410, 15422, 16489, 17470]",c4.3ca__GAVISH_3CA_METAPROGRAM_CD4_T_CELLS_DYSFUNCTION
c4.3ca,GAVISH_3CA_METAPROGRAM_EPITHELIAL_CILIA,prerank,-0.38935107030415056,-1.327662145805348,0.09055118110236221,0.27480504061091776,0.996,10_35,10/35,14.65%,SNTN;CAPSL;TUBA1A;TEKT1;MS4A8;DYNLRB2;OMG;EFHC1;CCDC170;TPPP3,FOXJ1;CES1;CAPS;DYNLL1;MRPS31;TUBB4B;ZMYND10;MORN5;WDR54;KIF9;PSENEN;CCDC78;TSPAN1;DNAAF1;CETN2;MORN2;IK;CRIP1;C12orf75;CCDC146;IGFBP7;LRRIQ1;FAM229B;TMEM190;RSPH1;TPPP3;CCDC170;EFHC1;OMG;DYNLRB2;MS4A8;TEKT1;TUBA1A;CAPSL;SNTN,"[111, 1470, 2542, 3652, 3659, 4637, 5468, 6197, 7188, 7240, 8005, 8048, 8356, 9239, 9649, 10290, 10350, 10362, 11325, 11326, 11361, 11591, 11765, 13351, 13903, 14952, 14954, 14977, 15098, 15100, 15702, 16667, 16804, 16900, 17453]",c4.3ca__GAVISH_3CA_METAPROGRAM_EPITHELIAL_CILIA
c4.3ca,GAVISH_3CA_METAPROGRAM_CD8_T_CELLS_NAIVE_2,prerank,0.33571927581720995,1.1618107761785978,0.24329896907216494,0.2769864687706652,1.0,8_42,8/42,11.14%,KLF2;PLAC8;SELL;IL7R;MYC;AQP3;LEF1;GIMAP1,KLF2;PLAC8;SELL;IL7R;MYC;AQP3;LEF1;GIMAP1;RASGRP2;UXT;NOSIP;TCF7;ALKBH7;PRMT2;TXNIP;ERP29;LTB;AIF1;FOXP1;CD55;ST13;EIF3E;LDHB;EIF3L;PPA1;NUCB2;PHB2;LDLRAP1;EIF2S3;TMEM123;EIF3D;PRKCA;SATB1;RSL1D1;CD27;CCR7;PIK3IP1;MAL;NDFIP1;SORL1;TXK;RCAN3,"[811, 834, 928, 1012, 1027, 1057, 1357, 1951, 2619, 3290, 4431, 4529, 4571, 5378, 5739, 5913, 6057, 6152, 6316, 7327, 7563, 7600, 7900, 7912, 8463, 8724, 8772, 8835, 8887, 8922, 9497, 10548, 11159, 11788, 12505, 12666, 13111, 13217, 14033, 14179, 15781, 17489]",c4.3ca__GAVISH_3CA_METAPROGRAM_CD8_T_CELLS_NAIVE_2
c4.3ca,GAVISH_3CA_METAPROGRAM_ENDOTHELIAL_INTERFERON,prerank,0.32239016154049677,1.153087783435575,0.2405857740585774,0.28539312815489054,1.0,11_47,11/47,12.46%,MT2A;IRF7;CXCL11;IRF1;CXCL10;SAMHD1;BST2;TAP1;TRIM22;APOL2;SERPING1,MT2A;IRF7;CXCL11;IRF1;CXCL10;SAMHD1;BST2;TAP1;TRIM22;APOL2;SERPING1;ISG20;OAS1;GBP2;UBE2L6;LY6E;MX2;USP18;HAPLN3;ISG15;TAP2;GBP4;GBP1;IFI35;XAF1;PPM1K;SAMD9;IFIT1;PARP14;MX1;EIF2AK2;NT5C3A;OAS3;SAMD9L;OAS2;LAP3;IFIT2;IFI6;IFIT3;EPSTI1;CMPK2;TNFSF10;APOL6;RSAD2;STAT1;IFI44;IFI44L,"[145, 229, 511, 753, 1647, 1789, 1831, 1919, 2064, 2156, 2181, 2691, 3619, 4039, 4279, 4330, 4368, 4553, 4585, 4942, 5067, 5220, 5727, 6730, 7088, 7964, 8115, 8117, 8234, 8341, 9688, 10263, 10622, 12091, 12167, 12648, 12748, 14097, 14434, 14518, 14841, 15232, 15564, 15853, 16067, 16698, 17246]",c4.3ca__GAVISH_3CA_METAPROGRAM_ENDOTHELIAL_INTERFERON
c4.3ca,GAVISH_3CA_METAPROGRAM_B_CELLS_PROGENITOR,prerank,0.33060681936101455,1.1372953208163934,0.2533589251439539,0.3046246768337589,1.0,11_41,11/41,13.77%,MZB1;MT1X;IGLL1;YBX3;TMEM243;DNTT;NEIL1;CMTM7;TKT;S1PR4;RGS2,MZB1;MT1X;IGLL1;YBX3;TMEM243;DNTT;NEIL1;CMTM7;TKT;S1PR4;RGS2;VPREB3;GLRX;ITM2C;CDC25B;GAPDH;TP53INP1;HMGB2;SSBP2;RCSD1;BCL7A;NSMCE1;TCF4;VDAC1;UBE2J1;TRAM1;MLXIP;CD72;STMN1;PTPRE;BACH2;SOX4;PCDH9;EBF1;TOP2B;CD9;CCDC112;LDLRAD4;ARPP21;CD38;MME,"[75, 318, 373, 466, 1255, 1429, 1690, 2054, 2303, 2389, 2412, 3598, 4115, 4272, 4784, 5812, 5872, 6590, 7059, 7413, 8588, 8753, 9193, 9443, 9655, 10225, 10621, 10987, 12100, 12557, 12588, 13059, 13799, 14294, 14358, 15173, 15680, 16808, 17082, 17344, 17362]",c4.3ca__GAVISH_3CA_METAPROGRAM_B_CELLS_PROGENITOR
c4.3ca,GAVISH_3CA_MALIGNANT_METAPROGRAM_4_CHROMATIN,prerank,-0.37994496299514113,-1.3319193514754442,0.0873015873015873,0.3196659380987075,0.996,20_42,20/42,30.60%,TRIM44;UACA;SENP6;BDP1;RIF1;DST;ASH1L;ATAD5;PTPN11;SLK;ZMYM4;SMARCA5;SMC5;PCM1;TJP1;MACF1;SUZ12;SMCHD1;TRIP11;SPAG9,MT-ND6;GOLIM4;BAZ1B;NOP14;SYNE2;SPEN;AHCTF1;ATAD2;RANBP2;ZNF638;ARGLU1;SETD2;MSH6;ENAH;PAXBP1;CLINT1;CEP350;PHF3;GOLGB1;GOLGA4;SMC1A;ROCK2;SPAG9;TRIP11;SMCHD1;SUZ12;MACF1;TJP1;PCM1;SMC5;SMARCA5;ZMYM4;SLK;PTPN11;ATAD5;ASH1L;DST;RIF1;BDP1;SENP6;UACA;TRIM44,"[212, 4324, 5076, 5186, 5556, 6017, 6622, 8009, 8025, 8459, 8574, 9261, 9859, 9934, 9982, 10019, 10066, 10277, 10438, 10631, 11075, 11451, 12159, 12368, 12637, 12831, 12991, 12993, 13141, 13143, 13211, 13292, 13594, 13915, 14369, 14563, 15276, 15506, 15825, 15885, 16680, 16889]",c4.3ca__GAVISH_3CA_MALIGNANT_METAPROGRAM_4_CHROMATIN
c4.3ca,GAVISH_3CA_METAPROGRAM_EPITHELIAL_METABOLISM_KIDNEY_2,prerank,0.3178125010126715,1.113232487402528,0.2790224032586558,0.33648212314531584,1.0,12_41,12/41,14.92%,HSD11B2;CLDN7;STC1;CLU;GATA3;AQP3;KRT19;ANXA2;S100A2;IER3;PTGER1;CTSH,HSD11B2;CLDN7;STC1;CLU;GATA3;AQP3;KRT19;ANXA2;S100A2;IER3;PTGER1;CTSH;CA2;ARG2;FOLR1;EMX1;RALBP1;NDRG1;ST6GAL1;WFDC2;PTGR1;TSPAN1;RCAN1;TMSB4X;BTG2;SCPEP1;RTN3;WNK1;TPM4;ASAH1;MAN1A1;PAPPA;ATP1B1;FXYD4;SLC8A1;EPCAM;SCNN1G;WSB1;TACSTD2;CALB1;LHX1,"[98, 122, 156, 751, 951, 1057, 1151, 1542, 1766, 2252, 2586, 2612, 3033, 3411, 4216, 4417, 4423, 5400, 6550, 7784, 8232, 8356, 8774, 8993, 9417, 10059, 10109, 10980, 11539, 11946, 12602, 12605, 13412, 15049, 15392, 16430, 16544, 16707, 17189, 17346, 17513]",c4.3ca__GAVISH_3CA_METAPROGRAM_EPITHELIAL_METABOLISM_KIDNEY_2
c4.3ca,GAVISH_3CA_METAPROGRAM_B_CELLS_RESPIRATION,prerank,0.31944222223263213,1.102770049950352,0.30214424951267055,0.35037484766807675,1.0,22_41,22/41,37.53%,CLIC1;HSPE1;ANXA2;DBI;LGALS1;POLR2L;TMSB10;NOP10;PRDX1;GLRX;RPS7;UQCRH;PSME2;TMA7;SNRPD2;SSR2;PDIA6;SEC61B;NDUFS5;BTF3;COX6B1;COX6C,CLIC1;HSPE1;ANXA2;DBI;LGALS1;POLR2L;TMSB10;NOP10;PRDX1;GLRX;RPS7;UQCRH;PSME2;TMA7;SNRPD2;SSR2;PDIA6;SEC61B;NDUFS5;BTF3;COX6B1;COX6C;SNRPG;COX7A2;PTMA;POMP;PPIB;PPIA;PPA1;RAN;TXN;NDUFB3;LSM3;COX7B;CHCHD2;NME1;CYCS;HMGB1;NPM1;SSR3;SUB1,"[1171, 1341, 1542, 2198, 2686, 3057, 3661, 3748, 4033, 4115, 4486, 5030, 5113, 5134, 5315, 5540, 5789, 6228, 6257, 6328, 6529, 6573, 6769, 6903, 7036, 7485, 7668, 8153, 8463, 8539, 8900, 9420, 10349, 10672, 11235, 11445, 12163, 12555, 12801, 13471, 13814]",c4.3ca__GAVISH_3CA_METAPROGRAM_B_CELLS_RESPIRATION
c4.3ca,GAVISH_3CA_METAPROGRAM_B_CELLS_GERMINAL_CENTER,prerank,0.3086382166000151,1.0803178005373906,0.3165322580645161,0.3823641383926704,1.0,11_44,11/44,16.04%,KLHL6;LCK;LAT2;LCP1;CD40;NEIL1;DBI;CD79B;GCHFR;RGS1;P2RX5,KLHL6;LCK;LAT2;LCP1;CD40;NEIL1;DBI;CD79B;GCHFR;RGS1;P2RX5;CD22;GGA2;SUSD3;HMGA1;SYNE2;PRDX6;DAAM1;BCAS4;CPNE3;GRHPR;BCL7A;RFTN1;HOPX;PARP1;TMEM123;LPP;UBE2J1;LMO2;BASP1;PRPSAP2;PPP2CA;ACTG1;ABRACL;UCP2;FAM3C;RNGTT;STAG3;MTF2;MARCKSL1;HMGN1;POU2AF1;CCDC88A;CCDC144A,"[148, 292, 368, 901, 1644, 1690, 2198, 2306, 2373, 2808, 2809, 3309, 3864, 4797, 5375, 5556, 5787, 5791, 6990, 7777, 8142, 8588, 8602, 8803, 8903, 8922, 9547, 9655, 10397, 10595, 10849, 11081, 11600, 11858, 11886, 12782, 12894, 14022, 15272, 15700, 15902, 16081, 16614, 17488]",c4.3ca__GAVISH_3CA_METAPROGRAM_B_CELLS_GERMINAL_CENTER
c4.3ca,GAVISH_3CA_MALIGNANT_METAPROGRAM_27_OLIGO_PROGENITOR,prerank,-0.3336072193149336,-1.2010134575821767,0.15308151093439365,0.38483529267144584,1.0,20_48,20/48,30.18%,ANGPTL2;TNR;LIMA1;CNP;FGF12;SERINC5;PLP1;OMG;LHFPL3;CA10;TUBB4A;PGRMC1;RAB33A;ACAT2;SCD5;TNFRSF21;OLIG2;LMF1;FIBIN;NEU4,DLL1;BCAN;PTGDS;ASCL1;P2RX7;APOD;PSAT1;SGK1;RGR;DHCR7;SMOC1;MPZL1;OLIG1;FDFT1;THY1;SIRT2;GPR17;HES6;SOX8;RTKN;NKAIN4;SCRG1;DLL3;SLC1A1;BCAS1;PDGFRA;MSMO1;CNTN1;NEU4;FIBIN;LMF1;OLIG2;TNFRSF21;SCD5;ACAT2;RAB33A;PGRMC1;TUBB4A;CA10;LHFPL3;OMG;PLP1;SERINC5;FGF12;CNP;LIMA1;TNR;ANGPTL2,"[1813, 1880, 1932, 2072, 2249, 2562, 2963, 3436, 3915, 3944, 4427, 4774, 6396, 6431, 6446, 6589, 6779, 7030, 7037, 7098, 7518, 8730, 9056, 9935, 10556, 10756, 11135, 11329, 12232, 12236, 12364, 12486, 12698, 13452, 13534, 13565, 13933, 14089, 14941, 15024, 15098, 15345, 15971, 16328, 16429, 17203, 17286, 17441]",c4.3ca__GAVISH_3CA_MALIGNANT_METAPROGRAM_27_OLIGO_PROGENITOR
c4.3ca,GAVISH_3CA_MALIGNANT_METAPROGRAM_20_MYC,prerank,0.30087167201794324,1.0666096377842547,0.33203125,0.40086273436751224,1.0,5_47,5/47,7.66%,FKBP4;EIF4EBP1;HSPD1;MYC;HSPE1,FKBP4;EIF4EBP1;HSPD1;MYC;HSPE1;CCT5;NOP56;ENO1;MRPL12;NOP16;DKC1;PRMT1;CCT2;EIF5A;RUVBL1;NHP2;SRM;LDHB;ODC1;NOP58;PPA1;TIMM13;RAN;C1QBP;PAICS;TOMM40;SLIRP;GNL3;LDHA;PNO1;PA2G4;DCTPP1;SNRPD1;NME1;RANBP1;NCL;EBNA1BP2;NOLC1;MRTO4;CYCS;BZW2;GPATCH4;DCAF13;DDX21;MRPL3;FABP5;CMSS1,"[331, 768, 987, 1027, 1341, 3191, 3528, 4248, 4422, 5126, 5618, 5708, 6900, 6945, 7131, 7229, 7859, 7900, 8236, 8328, 8463, 8534, 8539, 8735, 8829, 9087, 9596, 9684, 9695, 10095, 10510, 10511, 11069, 11445, 11601, 11697, 11743, 11890, 12043, 12163, 12326, 12722, 12752, 12765, 14064, 14946, 15038]",c4.3ca__GAVISH_3CA_MALIGNANT_METAPROGRAM_20_MYC
c4.3ca,GAVISH_3CA_METAPROGRAM_FIBROBLASTS_CAF_1,prerank,-0.33817943707484976,-1.2106291572448944,0.17647058823529413,0.41143851695944306,1.0,10_48,10/48,6.53%,ACTA2;SFRP4;FNDC1;INHBA;COL8A1;COL12A1;TAGLN;ASPN;FBN1;CCDC80,FBLN1;ISLR;AEBP1;SFRP2;DCN;MFAP5;IGFBP5;PALLD;COL1A2;CTSK;MFAP2;TIMP3;COL1A1;VCAN;COL5A1;PLAU;COL11A1;PRSS23;MMP11;SDC1;DPT;IGFBP3;POSTN;SPARC;COL6A3;CXCL14;ELN;COL10A1;ITGBL1;LUM;COL5A2;FN1;MXRA5;THBS2;MMP2;SULF1;CTHRC1;COL3A1;CCDC80;FBN1;ASPN;TAGLN;COL12A1;COL8A1;INHBA;FNDC1;SFRP4;ACTA2,"[317, 1041, 1181, 1343, 1395, 1516, 1810, 2056, 2167, 2173, 2525, 2602, 3083, 3195, 3633, 3981, 4078, 5059, 5090, 5589, 7407, 7422, 7665, 9882, 9939, 10280, 11019, 11850, 12154, 12182, 12252, 12440, 12525, 13590, 14153, 14363, 15058, 15835, 16375, 16399, 16487, 16652, 16720, 17046, 17099, 17155, 17173, 17447]",c4.3ca__GAVISH_3CA_METAPROGRAM_FIBROBLASTS_CAF_1
c4.3ca,GAVISH_3CA_METAPROGRAM_EPITHELIAL_MYC,prerank,0.291439533761871,1.0450936389242522,0.3716475095785441,0.43433991751325474,1.0,20_46,20/46,33.87%,MT1G;LYZ;EIF4EBP1;MYC;TKT;CA2;ISOC2;FBL;F12;MRPS12;EBPL;MRPL12;NOP16;STOML2;POLD2;DKC1;CISD3;PRMT1;ALG3;NOB1,MT1G;LYZ;EIF4EBP1;MYC;TKT;CA2;ISOC2;FBL;F12;MRPS12;EBPL;MRPL12;NOP16;STOML2;POLD2;DKC1;CISD3;PRMT1;ALG3;NOB1;RUVBL1;SRM;TOMM22;CKMT1A;NPM3;IMPDH2;C1QBP;PAICS;TOMM40;AHCY;GNL3;DCTPP1;MRPL24;TRAP1;EEF1E1;NME1;EBNA1BP2;EXOSC5;RSL1D1;BZW2;GPATCH4;OLFM4;GCSH;MRPL3;FABP5;TPPP3,"[165, 574, 768, 1027, 2303, 3033, 3272, 3480, 3527, 4077, 4159, 4422, 5126, 5454, 5476, 5618, 5671, 5708, 5932, 5933, 7131, 7859, 8023, 8069, 8482, 8646, 8735, 8829, 9087, 9224, 9684, 10511, 10562, 11122, 11128, 11445, 11743, 11749, 11788, 12326, 12722, 12812, 13365, 14064, 14946, 14952]",c4.3ca__GAVISH_3CA_METAPROGRAM_EPITHELIAL_MYC
c4.3ca,GAVISH_3CA_METAPROGRAM_CD8_T_CELLS_CELL_CYCLE,prerank,0.295235546564133,1.0386336868281592,0.37422037422037424,0.44197671819665557,1.0,14_45,14/45,21.53%,CKS2;UBE2C;CCNA2;CARHSP1;MCM7;AURKB;RRM2;BIRC5;DDX39A;TOP2A;CKS1B;DNAJC9;TMEM106C;TK1,CKS2;UBE2C;CCNA2;CARHSP1;MCM7;AURKB;RRM2;BIRC5;DDX39A;TOP2A;CKS1B;DNAJC9;TMEM106C;TK1;MKI67;UBE2T;TUBB4B;NUSAP1;TUBB;PTTG1;PCNA;HMGB2;NUDT1;DEK;DUT;ASPM;SIVA1;TMPO;CDK1;TPX2;CENPM;TUBA1B;KIF22;RANBP1;STMN1;ZWINT;CENPF;CDKN3;RPA3;HMGN2;FABP5;MAD2L1;SMC2;SMC4;TYMS,"[262, 304, 750, 1441, 2223, 2257, 2378, 2532, 2671, 2999, 3424, 3639, 3754, 3770, 4334, 4342, 4637, 5329, 6040, 6319, 6509, 6590, 6942, 7099, 7211, 7342, 7722, 8059, 8675, 9078, 9636, 10112, 11322, 11601, 12100, 12115, 14326, 14524, 14624, 14670, 14946, 14997, 15203, 15839, 17252]",c4.3ca__GAVISH_3CA_METAPROGRAM_CD8_T_CELLS_CELL_CYCLE
c4.3ca,GAVISH_3CA_METAPROGRAM_FIBROBLASTS_PERICYTE_LIKE,prerank,0.2853249772082975,1.036049693065739,0.4052532833020638,0.4426792224870668,1.0,13_50,13/50,15.66%,ANGPT2;HIGD1B;GJA4;PDGFRB;PGF;NDUFA4L2;ESAM;TINAGL1;TFPI;CRIP2;ADIRF;NOTCH3;ARHGDIB,ANGPT2;HIGD1B;GJA4;PDGFRB;PGF;NDUFA4L2;ESAM;TINAGL1;TFPI;CRIP2;ADIRF;NOTCH3;ARHGDIB;CSRP1;PLXDC1;CSRP2;PTP4A3;JAG1;SOD3;NR2F2;TPM2;ITGA1;EPS8;A2M;FRZB;EPAS1;SPARCL1;COX4I2;COL4A2;MGP;COL18A1;CRIP1;IGFBP7;COL4A1;EGFL6;CAV1;MEF2C;MYLK;TPPP3;MAP1B;RGS5;MYL9;PPP1R14A;MYH11;TAGLN;CNN1;PLN;ACTG2;MCAM;ACTA2,"[102, 129, 199, 646, 727, 789, 1058, 1228, 1966, 2152, 2504, 2667, 2742, 3628, 3742, 4118, 4233, 4378, 5705, 6366, 6931, 6946, 7060, 7759, 7856, 7874, 7992, 8506, 8521, 9257, 10285, 10362, 11361, 11830, 13455, 13967, 14202, 14897, 14952, 15271, 16120, 16189, 16332, 16634, 16652, 16708, 16738, 16820, 16855, 17447]",c4.3ca__GAVISH_3CA_METAPROGRAM_FIBROBLASTS_PERICYTE_LIKE
c4.3ca,GAVISH_3CA_METAPROGRAM_CD8_T_CELLS_GLYCOLYSIS_MYC,prerank,0.2863146919473162,1.0113417516231649,0.421875,0.4831182037632276,1.0,14_46,14/46,27.68%,NFKBIA;BATF;TNIP2;BIRC3;HSP90AB1;CCT5;BANF1;CXCL13;FBL;PRDX1;ENO1;GTF3C6;CALR;PARK7,NFKBIA;BATF;TNIP2;BIRC3;HSP90AB1;CCT5;BANF1;CXCL13;FBL;PRDX1;ENO1;GTF3C6;CALR;PARK7;NOP16;HSP90B1;PRMT1;EIF3I;XCL1;TNFRSF18;CCT6A;CCT2;EIF5A;DNPH1;PKM;DUT;NHP2;TXNDC17;NDUFAB1;SEC11C;PPA1;TIMM13;RAN;IMPDH2;C1QBP;ILF2;VDAC1;SNRPE;DCTPP1;LSM5;SNRPD1;PGAM1;NME1;RANBP1;FABP5;CRTAM,"[438, 521, 565, 1351, 2454, 3191, 3266, 3388, 3480, 4033, 4248, 4459, 4607, 4848, 5126, 5669, 5708, 6150, 6469, 6535, 6765, 6900, 6945, 7047, 7140, 7211, 7229, 8046, 8065, 8448, 8463, 8534, 8539, 8646, 8735, 9049, 9443, 9722, 10511, 11048, 11069, 11351, 11445, 11601, 14946, 17507]",c4.3ca__GAVISH_3CA_METAPROGRAM_CD8_T_CELLS_GLYCOLYSIS_MYC
c4.3ca,GAVISH_3CA_MALIGNANT_METAPROGRAM_38_GLUTATHIONE,prerank,0.28633933331979494,0.989739621658622,0.48073022312373226,0.519533477894387,1.0,9_39,9/39,13.55%,AZGP1;SLC6A13;AQP1;CFI;AMN;CLDN10;TNFAIP6;SLC16A9;GCHFR,AZGP1;SLC6A13;AQP1;CFI;AMN;CLDN10;TNFAIP6;SLC16A9;GCHFR;BBOX1;FOLR1;PXMP2;AGT;PEPD;KHK;SLC22A18;MSRA;GPX3;TSPAN1;CUBN;PCSK1N;GAMT;CXCL14;CDHR5;APOM;RBP5;LGALS2;C11orf54;GSTA1;GAL3ST1;SLC5A12;GLYATL1;LRP2;DDC;PDZK1;LACTB2;CES2;NAT8;PRAP1,"[100, 428, 1068, 1145, 1502, 1548, 1998, 2082, 2373, 2962, 4216, 4681, 5108, 5299, 5385, 5548, 7458, 7997, 8356, 8916, 9597, 9976, 10280, 11194, 11421, 11679, 12269, 12497, 13096, 13736, 14208, 14406, 14844, 15625, 15635, 16082, 16144, 16731, 17196]",c4.3ca__GAVISH_3CA_MALIGNANT_METAPROGRAM_38_GLUTATHIONE
c4.3ca,GAVISH_3CA_METAPROGRAM_B_CELLS_B_CELLS_1,prerank,-0.31717243637599696,-1.0956843434987493,0.2965779467680608,0.5792182735637768,1.0,20_41,20/41,34.75%,BDP1;NKTR;ATF7IP;BPTF;LNPEP;SFPQ;ASH1L;TTN;ZNF292;CCNL1;CTNNB1;IKZF3;ADAM19;STX7;PCSK7;ATM;MDM4;PPP3CA;PRDM2;ATRX,BIRC3;B4GALT1;RBM6;C1orf56;CD22;SYNE2;ITSN2;HNRNPH1;ANKRD11;TNRC6B;CDC42SE1;SET;SEL1L3;PARP14;ARGLU1;CDK13;CLEC2D;MBNL1;ARID1B;RASGEF1B;GOLGB1;ATRX;PRDM2;PPP3CA;MDM4;ATM;PCSK7;STX7;ADAM19;IKZF3;CTNNB1;CCNL1;ZNF292;TTN;ASH1L;SFPQ;LNPEP;BPTF;ATF7IP;NKTR;BDP1,"[1351, 1628, 2570, 2792, 3309, 5556, 6121, 6340, 7113, 7787, 7808, 7822, 7843, 8234, 8574, 9066, 9564, 9907, 10128, 10164, 10438, 11432, 11572, 11614, 11698, 11714, 11764, 11861, 12696, 12755, 13480, 13575, 13698, 14557, 14563, 14769, 15162, 15170, 15216, 15604, 15825]",c4.3ca__GAVISH_3CA_METAPROGRAM_B_CELLS_B_CELLS_1
c4.3ca,GAVISH_3CA_MALIGNANT_METAPROGRAM_37_HEMATO_RELATED_2,prerank,0.26883064875593354,0.936642837613198,0.5745140388768899,0.6224960939099702,1.0,12_43,12/43,16.25%,NFE2;PLIN2;GMPR;FCER1A;PDLIM1;GATA2;ZMYND8;CD84;HPGDS;PLEK;IL1B;KLF1,NFE2;PLIN2;GMPR;FCER1A;PDLIM1;GATA2;ZMYND8;CD84;HPGDS;PLEK;IL1B;KLF1;RGS18;ABCC4;FAM117A;CTNNBL1;CYTL1;PKIG;CNRIP1;MPP1;MINPP1;SOD2;PDCD4;EREG;SLC40A1;CASP3;ATP6V0A2;PDZD8;TESPA1;SOX4;RAB37;PBX1;STXBP6;DEPTOR;CD82;CPPED1;STAM;ZEB2;LXN;BMP2K;FREM1;HBD;ALDH1A1,"[234, 537, 555, 722, 843, 1410, 1668, 1992, 2037, 2474, 2654, 2846, 3611, 3712, 4379, 4512, 5182, 5841, 6959, 7580, 8118, 9365, 10899, 11223, 11228, 11745, 12462, 12576, 12857, 13059, 13374, 13428, 13657, 14184, 14722, 14733, 15065, 15293, 16365, 16739, 16996, 17089, 17233]",c4.3ca__GAVISH_3CA_MALIGNANT_METAPROGRAM_37_HEMATO_RELATED_2
c4.3ca,GAVISH_3CA_METAPROGRAM_FIBROBLASTS_MYOFIBROBLASTS,prerank,-0.29536841273984554,-1.0530353170157463,0.38742393509127787,0.6331096114549526,1.0,10_48,10/48,9.12%,ACTA2;TNC;ACTG2;TUBA1A;CNN1;TAGLN;GLIPR2;NEXN;MYL9;ALDH1B1,GJB2;TNFRSF12A;TUBA1C;EIF4EBP1;CRABP2;TUBB6;PDLIM7;PPP1R14B;MFAP5;PYCR1;TIMP3;COTL1;LOXL2;CSRP1;ZYX;COL11A1;KDELR3;TPM2;SEC13;CKAP4;POSTN;RPL22L1;SRM;LRRC59;TUBA1B;TUBB2A;LOX;FSCN1;SMYD3;C12orf75;NME1;TGFBI;GLIPR1;YIF1A;STMN1;IDH2;CREB3L1;TPM1;ALDH1B1;MYL9;NEXN;GLIPR2;TAGLN;CNN1;TUBA1A;ACTG2;TNC;ACTA2,"[227, 251, 639, 768, 982, 1164, 1414, 1415, 1516, 1856, 2602, 2856, 3448, 3628, 4017, 4078, 4204, 6931, 7239, 7516, 7665, 7768, 7859, 9198, 10112, 10383, 10644, 10704, 10902, 11325, 11445, 11627, 11881, 12018, 12100, 12981, 13798, 14533, 15921, 16189, 16482, 16626, 16652, 16708, 16804, 16820, 17288, 17447]",c4.3ca__GAVISH_3CA_METAPROGRAM_FIBROBLASTS_MYOFIBROBLASTS
c4.3ca,GAVISH_3CA_MALIGNANT_METAPROGRAM_24_CILIA,prerank,-0.29393143534855026,-1.0302307324293516,0.4008097165991903,0.6367043093445587,1.0,11_39,11/39,17.06%,CAPSL;TUBA1A;DNAH5;MS4A8;DYNLRB2;FABP6;EFHC1;TPPP3;SPA17;MLF1;IQCG,FOXJ1;PLAC8;CES1;CAPS;IGFBP2;MRPS31;DPCD;ZMYND10;LRRC23;WDR54;KIF9;DNALI1;PSENEN;TSPAN1;NUCB2;DNAAF1;IFT57;CETN2;MORN2;CRIP1;OSCP1;C12orf75;IGFBP7;LRRIQ1;FAM229B;SLC44A4;GSTA1;RSPH1;IQCG;MLF1;SPA17;TPPP3;EFHC1;FABP6;DYNLRB2;MS4A8;DNAH5;TUBA1A;CAPSL,"[111, 834, 1470, 2542, 3564, 3659, 5438, 5468, 5922, 7188, 7240, 7575, 8005, 8356, 8724, 9239, 9266, 9649, 10290, 10362, 11134, 11325, 11361, 11591, 11765, 12507, 13096, 13903, 14531, 14632, 14759, 14952, 14977, 15074, 15100, 15702, 16008, 16804, 16900]",c4.3ca__GAVISH_3CA_MALIGNANT_METAPROGRAM_24_CILIA
c4.3ca,GAVISH_3CA_METAPROGRAM_EPITHELIAL_V_ATPASE,prerank,0.2594485332851341,0.9003817968416371,0.6496062992125984,0.6898436076950925,1.0,14_42,14/42,18.69%,TMEM213;IL18;SCIN;RHCG;SLC25A39;IGFBP5;ATP6V0A4;BSG;TFCP2L1;MT-ND3;ATP6V1C2;CA2;SLC26A7;HLA-B,TMEM213;IL18;SCIN;RHCG;SLC25A39;IGFBP5;ATP6V0A4;BSG;TFCP2L1;MT-ND3;ATP6V1C2;CA2;SLC26A7;HLA-B;ITGA6;CTSD;HLA-C;ATP6V0B;DHRS7;DSG2;LGALS3;EPS8;TMSB4X;FAM24B;ARHGAP18;C12orf75;IGFBP7;ATP6AP2;MAL;ATP6V1B1;ATP6V1A;RTN4;LITAF;CD9;SMIM6;HEPACAM2;RCAN2;CLCNKB;EPCAM;CA12;CLCNKA;PTGER3,"[195, 366, 393, 1626, 1777, 1810, 1955, 2433, 2451, 2471, 2912, 3033, 3043, 3273, 3749, 4656, 5034, 5168, 5216, 5237, 5562, 7060, 8993, 10860, 10950, 11325, 11361, 12688, 13217, 13468, 13883, 13972, 14933, 15173, 15201, 16288, 16352, 16427, 16430, 16620, 16814, 16958]",c4.3ca__GAVISH_3CA_METAPROGRAM_EPITHELIAL_V_ATPASE
c4.3ca,GAVISH_3CA_METAPROGRAM_B_CELLS_METABOLISM_MYC,prerank,0.24859582184919524,0.8935323854837496,0.6606425702811245,0.6977653896890773,1.0,15_49,15/49,32.59%,HSPD1;HSPE1;HSP90AB1;CCT3;MIF;NME2;PRDX1;ENO1;HNRNPAB;CALR;PRELID1;PSME2;HMGA1;SYNGR2;PRMT1,HSPD1;HSPE1;HSP90AB1;CCT3;MIF;NME2;PRDX1;ENO1;HNRNPAB;CALR;PRELID1;PSME2;HMGA1;SYNGR2;PRMT1;TUBB;CD83;CCT6A;PSMB3;EIF4A1;EIF5A;PKM;TPI1;NHP2;PSMA4;RPL22L1;LDHB;NDUFAB1;ERH;PPA1;TIMM13;RAN;IMPDH2;C1QBP;TXN;APRT;VDAC1;LDHA;SNRPE;TUBA1B;PA2G4;SNRPD1;PGAM1;SNRPF;NME1;RANBP1;ABRACL;DDX21;FABP5,"[987, 1341, 2454, 2859, 3194, 3426, 4033, 4248, 4405, 4607, 4892, 5113, 5375, 5698, 5708, 6040, 6688, 6765, 6871, 6924, 6945, 7140, 7148, 7229, 7767, 7768, 7900, 8065, 8337, 8463, 8534, 8539, 8646, 8735, 8900, 9114, 9443, 9695, 9722, 10112, 10510, 11069, 11351, 11355, 11445, 11601, 11858, 12765, 14946]",c4.3ca__GAVISH_3CA_METAPROGRAM_B_CELLS_METABOLISM_MYC
c4.3ca,GAVISH_3CA_METAPROGRAM_B_CELLS_CELL_CYCLE,prerank,0.24347740143424232,0.84212385374001,0.7272727272727273,0.7923763568934247,1.0,13_41,13/41,26.48%,CKS2;UBE2C;MCM7;AURKB;RRM2;BIRC5;TOP2A;CKS1B;TK1;ANP32B;ENO1;MKI67;TUBB4B,CKS2;UBE2C;MCM7;AURKB;RRM2;BIRC5;TOP2A;CKS1B;TK1;ANP32B;ENO1;MKI67;TUBB4B;NUSAP1;HMGA1;GAPDH;TUBB;PTTG1;PCNA;HMGB2;DEK;PKM;DUT;RAN;CDK1;CENPM;LDHA;TUBA1B;SNRPD1;SNRPF;RANBP1;STMN1;ZWINT;KPNA2;SLC25A5;ANP32E;HMGB1;CDKN3;HMGN2;SMC4;TYMS,"[262, 304, 2223, 2257, 2378, 2532, 2999, 3424, 3770, 4144, 4248, 4334, 4637, 5329, 5375, 5812, 6040, 6319, 6509, 6590, 7099, 7140, 7211, 8539, 8675, 9636, 9695, 10112, 11069, 11355, 11601, 12100, 12115, 12142, 12234, 12553, 12555, 14524, 14670, 15839, 17252]",c4.3ca__GAVISH_3CA_METAPROGRAM_B_CELLS_CELL_CYCLE
c4.3ca,GAVISH_3CA_METAPROGRAM_CD8_T_CELLS_INTERFERON,prerank,0.2305848836461259,0.8284057935947489,0.7650727650727651,0.8037307829365479,1.0,10_49,10/49,15.37%,MT2A;IRF7;LGALS9;TYMP;BST2;PLSCR1;SAT1;TRIM22;HELZ2;ISG20,MT2A;IRF7;LGALS9;TYMP;BST2;PLSCR1;SAT1;TRIM22;HELZ2;ISG20;PARP9;OAS1;UBE2L6;LY6E;IFI16;MX2;USP18;ISG15;NMI;GBP1;HERC5;IFI35;IFIH1;XAF1;PPM1K;SAMD9;IFIT1;PARP14;MX1;SP110;EIF2AK2;NT5C3A;OAS3;SAMD9L;OAS2;LAP3;IFIT2;ZBP1;IFI6;IFIT3;EPSTI1;CMPK2;TNFSF10;OASL;RSAD2;STAT1;IFI44;IFI44L;CD38,"[145, 229, 764, 1187, 1831, 1987, 2029, 2064, 2365, 2691, 3488, 3619, 4279, 4330, 4346, 4368, 4553, 4942, 5088, 5727, 6159, 6730, 7032, 7088, 7964, 8115, 8117, 8234, 8341, 8508, 9688, 10263, 10622, 12091, 12167, 12648, 12748, 13120, 14097, 14434, 14518, 14841, 15232, 15788, 15853, 16067, 16698, 17246, 17344]",c4.3ca__GAVISH_3CA_METAPROGRAM_CD8_T_CELLS_INTERFERON
c4.3ca,GAVISH_3CA_MALIGNANT_METAPROGRAM_11_TRANSLATION_INITIATION,prerank,0.23964033431097764,0.8289589321663525,0.7515400410677618,0.8092765077034834,1.0,9_40,9/40,24.91%,MYC;PPP1R14B;ZNF581;TKT;FBL;CCNG1;CCDC85B;SLC27A5;TOP1MT,MYC;PPP1R14B;ZNF581;TKT;FBL;CCNG1;CCDC85B;SLC27A5;TOP1MT;IGBP1;RGS10;NOB1;HSD17B11;LYRM4;ABHD14B;EIF3E;MRPL10;RPL22L1;SRM;LTA4H;IMPDH2;PAICS;EIF2S3;CCNB1IP1;AHCY;EIF3F;MRPL45;EIF3D;APEX1;EIF3M;NOA1;EIF4B;NME1;EXOSC5;RSL1D1;ZNF277;LETMD1;EIF2A;OXA1L;NBEAL1,"[1027, 1415, 1520, 2303, 3480, 3763, 4053, 4345, 4363, 5136, 5578, 5933, 6219, 7232, 7359, 7600, 7753, 7768, 7859, 8011, 8646, 8829, 8887, 8934, 9224, 9293, 9496, 9497, 9678, 9809, 10597, 10730, 11445, 11749, 11788, 12392, 12439, 12585, 13061, 15458]",c4.3ca__GAVISH_3CA_MALIGNANT_METAPROGRAM_11_TRANSLATION_INITIATION
c4.3ca,GAVISH_3CA_METAPROGRAM_EPITHELIAL_CELL_CYCLE,prerank,-0.2596972360016633,-0.9429525912244111,0.5461538461538461,0.8119921040669037,1.0,11_45,11/45,18.23%,TYMS;CDC20;KIF20B;SMC4;SMC2;MAD2L1;HMGB3;HMGN2;RPA3;CDKN3;CENPF,CKS2;UBE2C;RRM2;CENPW;DTYMK;BIRC5;TOP2A;CKS1B;TK1;MKI67;UBE2T;TUBB4B;NUSAP1;TUBB;CCDC34;PTTG1;PCNA;HMGB2;NUDT1;DEK;DUT;ASPM;TMPO;CCNB1;UBE2S;CDK1;TPX2;TUBA1B;CCNB2;STMN1;ZWINT;KPNA2;ANP32E;PRC1;CENPF;CDKN3;RPA3;HMGN2;HMGB3;MAD2L1;SMC2;SMC4;KIF20B;CDC20;TYMS,"[262, 304, 2378, 2472, 2488, 2532, 2999, 3424, 3770, 4334, 4342, 4637, 5329, 6040, 6042, 6319, 6509, 6590, 6942, 7099, 7211, 7342, 8059, 8100, 8109, 8675, 9078, 10112, 11568, 12100, 12115, 12142, 12553, 13325, 14326, 14524, 14624, 14670, 14919, 14997, 15203, 15839, 16793, 17104, 17252]",c4.3ca__GAVISH_3CA_METAPROGRAM_EPITHELIAL_CELL_CYCLE
c4.3ca,GAVISH_3CA_METAPROGRAM_EPITHELIAL_NEUROENDOCRINE,prerank,-0.2644031010726156,-0.9138368683640138,0.615546218487395,0.8265025268587157,1.0,8_38,8/38,12.83%,GAD2;SLC30A8;SCG2;NEUROD1;TUBA1A;CHGB;TTR;MAP1B,FXYD2;CLU;RASD1;SCGN;ASB9;CHGA;RHOBTB3;PAX6;NLRP1;QPCT;CPE;GNAS;UCHL1;NKX2-2;MAFB;PTPRN;SEC11C;HADH;BTG3;PCSK1N;BEX1;PCSK2;MEIS2;IGFBP7;SCG5;STMN2;BEX2;PFN2;SCG3;PAM;MAP1B;TTR;CHGB;TUBA1A;NEUROD1;SCG2;SLC30A8;GAD2,"[20, 751, 1331, 1620, 2091, 2611, 3366, 3830, 4228, 4609, 4663, 5066, 5596, 5923, 6096, 6171, 8448, 8617, 9036, 9597, 9917, 10027, 11265, 11361, 12003, 13161, 13251, 13460, 13479, 14564, 15271, 15340, 16056, 16804, 16873, 16902, 17047, 17219]",c4.3ca__GAVISH_3CA_METAPROGRAM_EPITHELIAL_NEUROENDOCRINE
c4.3ca,GAVISH_3CA_METAPROGRAM_B_CELLS_INTERFERON,prerank,0.22101129917863183,0.793334313191129,0.823045267489712,0.8583641284289186,1.0,8_50,8/50,11.79%,MT2A;IRF7;IFITM1;SOCS1;BST2;TAP1;PLSCR1;TRIM22,MT2A;IRF7;IFITM1;SOCS1;BST2;TAP1;PLSCR1;TRIM22;ISG20;PARP9;OAS1;UBE2L6;LY6E;MX2;USP18;ISG15;NMI;DYNLT1;GBP4;CHST12;GBP1;HERC5;IFI35;XAF1;PPM1K;SAMD9;IFIT1;PARP14;MX1;MNDA;EIF2AK2;NT5C3A;OAS3;RNF213;RABGAP1L;SAMD9L;OAS2;LAP3;IFIT2;IFI6;IFIT3;EPSTI1;CMPK2;TNFSF10;APOL6;RSAD2;STAT1;IFI44;SLFN5;IFI44L,"[145, 229, 842, 1768, 1831, 1919, 1987, 2064, 2691, 3488, 3619, 4279, 4330, 4368, 4553, 4942, 5088, 5193, 5220, 5560, 5727, 6159, 6730, 7088, 7964, 8115, 8117, 8234, 8341, 9168, 9688, 10263, 10622, 11412, 11644, 12091, 12167, 12648, 12748, 14097, 14434, 14518, 14841, 15232, 15564, 15853, 16067, 16698, 17213, 17246]",c4.3ca__GAVISH_3CA_METAPROGRAM_B_CELLS_INTERFERON
c4.3ca,GAVISH_3CA_MALIGNANT_METAPROGRAM_32_SKIN_PIGMENTATION,prerank,0.2192979097463107,0.7872637946287115,0.8305785123966942,0.861016826308036,1.0,15_48,15/48,21.60%,GDF15;FXYD3;BCL2A1;GYPC;SLC45A2;BIRC7;GPNMB;NBL1;ISG20;MXI1;PMEL;TNFRSF14;QDPR;AVPI1;APOE,GDF15;FXYD3;BCL2A1;GYPC;SLC45A2;BIRC7;GPNMB;NBL1;ISG20;MXI1;PMEL;TNFRSF14;QDPR;AVPI1;APOE;QPCT;LGALS3;GPR137B;ZNF106;DAB2;WIPI1;CHCHD6;GPR143;MITF;TIMP2;MBP;TBC1D7;SNCA;MLANA;PIR;ASAH1;LYST;RRAGD;RAB38;TBC1D16;NSG1;S100B;CAPN3;SNX10;SH3BP5;PLP1;TRIM2;TRPM1;SPON2;DCT;TYRP1;PHACTR1;GJB1,"[325, 430, 1133, 1209, 2034, 2182, 2421, 2587, 2691, 2951, 3294, 3651, 3696, 3706, 3783, 4609, 5562, 6313, 6597, 6756, 6760, 7029, 7853, 8468, 9874, 10265, 10275, 10807, 11256, 11628, 11946, 12078, 12348, 12373, 13084, 13563, 14438, 14550, 14985, 15111, 15345, 15535, 15599, 15649, 16115, 16195, 16421, 16872]",c4.3ca__GAVISH_3CA_MALIGNANT_METAPROGRAM_32_SKIN_PIGMENTATION
c4.3ca,GAVISH_3CA_MALIGNANT_METAPROGRAM_8_PROTEASOMAL_DEGRADATION,prerank,0.21859599196328944,0.7813067376228087,0.8511904761904762,0.8633477166292196,1.0,48_49,48/49,74.22%,SLC3A2;NQO1;HSPA5;DDX39A;LAPTM4A;CCT5;PRDX1;TUBB4B;PSMB1;NDUFS2;ANXA1;PSME2;GSTO1;PSMB6;CCT8;PRMT1;ECH1;EIF3I;CCT7;PSMB3;EIF4A1;PDHA1;PRDX2;PDIA3;PSMA4;CCNB1;SPCS2;SSB;PSMC4;IMPDH2;ILF2;XRCC6;SNRPB2;PGK1;PSMD13;EIF4A3;DPM1;CDC123;MRPL13;PSMC2;NDUFA9;NUP37;SSBP1;PCMT1;POLR2G;MCTS1;DCAF13;MDH1,SLC3A2;NQO1;HSPA5;DDX39A;LAPTM4A;CCT5;PRDX1;TUBB4B;PSMB1;NDUFS2;ANXA1;PSME2;GSTO1;PSMB6;CCT8;PRMT1;ECH1;EIF3I;CCT7;PSMB3;EIF4A1;PDHA1;PRDX2;PDIA3;PSMA4;CCNB1;SPCS2;SSB;PSMC4;IMPDH2;ILF2;XRCC6;SNRPB2;PGK1;PSMD13;EIF4A3;DPM1;CDC123;MRPL13;PSMC2;NDUFA9;NUP37;SSBP1;PCMT1;POLR2G;MCTS1;DCAF13;MDH1;PSMA3,"[634, 1507, 2084, 2671, 2911, 3191, 4033, 4637, 4739, 4999, 5053, 5113, 5230, 5391, 5451, 5708, 5900, 6150, 6160, 6871, 6924, 7156, 7162, 7372, 7767, 8100, 8200, 8412, 8490, 8646, 9049, 9692, 9799, 9884, 10247, 11039, 11050, 11181, 11367, 12195, 12284, 12436, 12616, 12622, 12623, 12647, 12752, 13000, 14195]",c4.3ca__GAVISH_3CA_MALIGNANT_METAPROGRAM_8_PROTEASOMAL_DEGRADATION
c4.3ca,GAVISH_3CA_METAPROGRAM_ENDOTHELIAL_CELL_CYCLE,prerank,0.2074141330299424,0.7341151283973467,0.9057377049180327,0.9121274890989185,1.0,12_46,12/46,21.53%,CKS2;UBE2C;TUBA1C;MCM7;RRM2;CENPW;DTYMK;BIRC5;TOP2A;CKS1B;TMEM106C;TK1,CKS2;UBE2C;TUBA1C;MCM7;RRM2;CENPW;DTYMK;BIRC5;TOP2A;CKS1B;TMEM106C;TK1;MKI67;UBE2T;TUBB4B;NUSAP1;GGH;TUBB;PTTG1;PCNA;HMGB2;DUT;ASPM;TMPO;UBE2S;CDK1;CENPM;TUBA1B;CKAP2;SKA2;KIF22;STMN1;ZWINT;KPNA2;ANP32E;PRC1;CENPF;CDKN3;RPA3;HMGN2;MAD2L1;SMC2;SMC4;CLSPN;KIF20B;TYMS,"[262, 304, 639, 2223, 2378, 2472, 2488, 2532, 2999, 3424, 3754, 3770, 4334, 4342, 4637, 5329, 5474, 6040, 6319, 6509, 6590, 7211, 7342, 8059, 8109, 8675, 9636, 10112, 10132, 11083, 11322, 12100, 12115, 12142, 12553, 13325, 14326, 14524, 14624, 14670, 14997, 15203, 15839, 16166, 16793, 17252]",c4.3ca__GAVISH_3CA_METAPROGRAM_ENDOTHELIAL_CELL_CYCLE
c4.3ca,GAVISH_3CA_METAPROGRAM_MACROPHAGES_CELL_CYCLE,prerank,0.20721810684737146,0.7344533219732748,0.8977505112474438,0.9191033063018121,1.0,11_43,11/43,21.53%,CKS2;UBE2C;CARHSP1;MCM7;CENPW;DTYMK;BIRC5;TOP2A;CKS1B;TMEM106C;TK1,CKS2;UBE2C;CARHSP1;MCM7;CENPW;DTYMK;BIRC5;TOP2A;CKS1B;TMEM106C;TK1;MKI67;TUBB4B;NUSAP1;GGH;TUBB;PTTG1;PCNA;HMGB2;DNMT1;DEK;DUT;TMPO;CDK1;CENPM;TUBA1B;SKA2;RANBP1;STMN1;ZWINT;KPNA2;ANP32E;HMGB1;IDH2;CENPF;CDKN3;RPA3;HMGN2;HMGB3;SMC2;NUCKS1;SMC4;TYMS,"[262, 304, 1441, 2223, 2472, 2488, 2532, 2999, 3424, 3754, 3770, 4334, 4637, 5329, 5474, 6040, 6319, 6509, 6590, 6683, 7099, 7211, 8059, 8675, 9636, 10112, 11083, 11601, 12100, 12115, 12142, 12553, 12555, 12981, 14326, 14524, 14624, 14670, 14919, 15203, 15285, 15839, 17252]",c4.3ca__GAVISH_3CA_METAPROGRAM_MACROPHAGES_CELL_CYCLE
c4.3ca,GAVISH_3CA_MALIGNANT_METAPROGRAM_29_NPC_OPC,prerank,-0.20259096947026914,-0.7403998163497534,0.9153543307086615,0.9435742104931776,1.0,16_49,16/49,28.73%,DOCK10;MAP2;SOX11;DSEL;CHD7;RAB3IP;STMN4;REV3L;GRIA2;MTSS1;DCX;SPRY4;SOX4;ZMYM2;CADM2;OLIG2,PNRC1;FAM181B;BTG1;RFX4;MXD4;RFTN2;VCAN;LDLRAD3;SESN3;MMP16;SOX5;TXNIP;OLIG1;MAP3K1;KDM5B;TRIO;ARHGEF7;UBE2H;DLL3;KLF12;BTG2;SOX6;ABAT;FGFBP3;HIP1;KLHL24;BAZ2B;GOLGB1;TFDP2;TANC2;GLCCI1;PEAK1;ZNF91;OLIG2;CADM2;ZMYM2;SOX4;SPRY4;DCX;MTSS1;GRIA2;REV3L;STMN4;RAB3IP;CHD7;DSEL;SOX11;MAP2;DOCK10,"[875, 911, 1239, 1386, 2086, 2530, 3195, 3899, 4217, 4420, 4821, 5739, 6396, 7092, 7475, 8207, 8272, 8570, 9056, 9267, 9417, 9459, 9591, 9774, 9888, 10005, 10208, 10438, 10563, 10835, 11058, 11540, 11651, 12486, 12601, 12739, 13059, 13076, 13641, 13911, 14254, 14669, 15063, 15187, 15400, 15904, 16392, 16417, 16569]",c4.3ca__GAVISH_3CA_MALIGNANT_METAPROGRAM_29_NPC_OPC
c4.3ca,GAVISH_3CA_MALIGNANT_METAPROGRAM_2_CELL_CYCLE_G1_S,prerank,-0.19301758356234455,-0.6849698807419612,0.95703125,0.9476105669338083,1.0,11_46,11/46,21.88%,TYMS;RAD51AP1;CLSPN;MAD2L1;RRM1;MCM4;GINS2;CENPK;FEN1;ORC6;MCM2,MYBL2;CDC45;ASF1B;GMNN;MCM7;RRM2;DNAJC9;TMEM106C;CDCA4;TK1;RFC4;PSMC3IP;UBE2T;CDC6;DHFR;SLBP;PCNA;HMGB2;DNMT1;DUT;MCM3;E2F1;ATAD2;HELLS;MCM5;CDK1;CHAF1A;CENPM;USP1;RFC2;CDCA5;RNASEH2A;MCM6;PKMYT1;ZWINT;MCM2;ORC6;FEN1;CENPK;GINS2;MCM4;RRM1;MAD2L1;CLSPN;RAD51AP1;TYMS,"[358, 881, 1717, 2000, 2223, 2378, 3639, 3754, 3764, 3770, 4059, 4133, 4342, 4732, 5783, 6189, 6509, 6590, 6683, 7211, 7471, 7791, 8009, 8569, 8642, 8675, 8781, 9636, 10138, 10402, 10793, 10896, 10952, 11065, 12115, 13686, 13779, 13981, 14017, 14583, 14691, 14793, 14997, 16166, 16272, 17252]",c4.3ca__GAVISH_3CA_MALIGNANT_METAPROGRAM_2_CELL_CYCLE_G1_S
c4.3ca,GAVISH_3CA_METAPROGRAM_FIBROBLASTS_CELL_CYCLE,prerank,-0.2241232874061313,-0.795911065672803,0.8267716535433071,0.9726643662807956,1.0,11_45,11/45,18.23%,TYMS;CDC20;KIF20B;SMC4;SMC2;MAD2L1;HMGB3;HMGN2;RPA3;CDKN3;CENPF,CKS2;UBE2C;TUBA1C;MCM7;RRM2;CENPW;DTYMK;BIRC5;TOP2A;CKS1B;TMEM106C;TK1;MKI67;UBE2T;NUSAP1;GGH;TUBB;PTTG1;PCNA;HMGB2;ANLN;ASPM;CCNB1;UBE2S;CDK1;TPX2;ARL6IP1;TUBA1B;CKAP2;CCNB2;STMN1;ZWINT;KPNA2;ANP32E;CENPF;CDKN3;RPA3;HMGN2;HMGB3;MAD2L1;SMC2;SMC4;KIF20B;CDC20;TYMS,"[262, 304, 639, 2223, 2378, 2472, 2488, 2532, 2999, 3424, 3754, 3770, 4334, 4342, 5329, 5474, 6040, 6319, 6509, 6590, 7253, 7342, 8100, 8109, 8675, 9078, 9532, 10112, 10132, 11568, 12100, 12115, 12142, 12553, 14326, 14524, 14624, 14670, 14919, 14997, 15203, 15839, 16793, 17104, 17252]",c4.3ca__GAVISH_3CA_METAPROGRAM_FIBROBLASTS_CELL_CYCLE
c4.3ca,GAVISH_3CA_MALIGNANT_METAPROGRAM_16_MES_GLIOMA,prerank,-0.20848152189049715,-0.7523567826288556,0.8844621513944223,0.983124683533253,1.0,17_46,17/46,28.60%,TNC;EGR1;SCG2;DIRAS3;KLHL4;BCAT1;CREB5;CLIC4;PGM2L1;IL1RAP;CAMK2D;GAP43;SLC4A7;F3;CADPS;VMP1;VCL,TNFRSF12A;GFAP;PDLIM4;SAMD4A;VIM;ANXA2;EMP1;WWTR1;GNG12;NRP2;ZYX;CD44;ACTN1;JAG1;LMNA;ANXA1;PLAT;GADD45A;HIVEP3;AKAP12;IGFBP3;S100A16;RCAN1;NAMPT;IGF2BP2;FRMD5;ELL2;IGFBP7;LYST;VCL;VMP1;CADPS;F3;SLC4A7;GAP43;CAMK2D;IL1RAP;PGM2L1;CLIC4;CREB5;BCAT1;KLHL4;DIRAS3;SCG2;EGR1;TNC,"[251, 788, 1112, 1352, 1399, 1542, 1664, 2096, 2964, 3571, 4017, 4043, 4155, 4378, 4905, 5053, 5388, 6156, 6652, 6752, 7422, 7740, 8774, 9148, 9793, 10503, 10814, 11361, 12078, 12508, 12668, 12804, 13150, 13502, 13531, 13921, 14062, 14911, 14951, 15011, 16088, 16445, 16592, 16902, 17016, 17288]",c4.3ca__GAVISH_3CA_MALIGNANT_METAPROGRAM_16_MES_GLIOMA
c4.3ca,GAVISH_3CA_MALIGNANT_METAPROGRAM_41_UNASSIGNED,prerank,0.16094225546884733,0.55164522798661,0.9979919678714859,0.9946265666874204,1.0,4_36,4/36,13.54%,MT-ND6;PNRC1;PDIA4;CCDC69,MT-ND6;PNRC1;PDIA4;CCDC69;FNDC3B;MLEC;HIPK2;PNISR;NEB;RRBP1;EIF5B;CFLAR;ZBTB38;ANKRD12;IRF4;DDX5;CEP350;GOLGB1;GOLGA4;DDX24;GLCCI1;ATRX;NCL;EIF3A;UBXN4;HNRNPU;LUC7L3;SON;TTC3;PRRC2C;MEF2C;UTRN;ZBTB20;BPTF;AKAP9;DST,"[212, 875, 2283, 2371, 3245, 5323, 5675, 5792, 6051, 6372, 6540, 6908, 7906, 9281, 9586, 9867, 10066, 10438, 10631, 10973, 11058, 11432, 11697, 11772, 11903, 12398, 12580, 13048, 13391, 13659, 14202, 14591, 14620, 15170, 15184, 15276]",c4.3ca__GAVISH_3CA_MALIGNANT_METAPROGRAM_41_UNASSIGNED
c4.3ca,GAVISH_3CA_MALIGNANT_METAPROGRAM_3_CELL_CYLCE_HMG_RICH,prerank,0.16016971839969138,0.5602991546462016,1.0,1.0,1.0,9_43,9/43,23.66%,HSPD1;HSPE1;MCM7;ANAPC11;MIF;CKS1B;YBX1;TK1;ANP32B,HSPD1;HSPE1;MCM7;ANAPC11;MIF;CKS1B;YBX1;TK1;ANP32B;UQCRQ;HMGA1;SNRPB;LSM4;TUBB;SRSF7;PCNA;HMGB2;COX5A;SNRPG;TPI1;DUT;HNRNPA2B1;SIVA1;SUMO2;COX8A;ERH;RAN;NUCB2;SLIRP;SNRPE;TUBA1B;NAA38;SNRPD1;SNRPF;NME1;RANBP1;STMN1;SLC25A5;HMGB1;SNRPD3;HMGN2;HMGN1;TYMS,"[987, 1341, 2223, 2650, 3194, 3424, 3681, 3770, 4144, 5327, 5375, 5464, 5628, 6040, 6320, 6509, 6590, 6700, 6769, 7148, 7211, 7364, 7722, 7733, 8032, 8337, 8539, 8724, 9596, 9722, 10112, 10244, 11069, 11355, 11445, 11601, 12100, 12234, 12555, 13492, 14670, 15902, 17252]",c4.3ca__GAVISH_3CA_MALIGNANT_METAPROGRAM_3_CELL_CYLCE_HMG_RICH
c4.3ca,GAVISH_3CA_METAPROGRAM_CD4_T_CELLS_INTERFERON,prerank,-0.22253732042963933,-0.798628121419221,0.8091451292246521,1.0,1.0,11_47,11/47,19.53%,IFI44L;RTP4;IFI44;STAT1;RSAD2;OASL;TNFSF10;CMPK2;EPSTI1;IFIT3;IFI6,MT2A;IRF7;PLSCR1;TRIM22;HELZ2;PARP10;ISG20;PARP9;OAS1;RBCK1;UBE2L6;LY6E;MX2;USP18;ISG15;CHST12;GBP1;HERC5;IFI35;XAF1;PPM1K;SAMD9;IFIT1;PARP14;MX1;SP110;HSH2D;STAT2;EIF2AK2;NT5C3A;OAS3;SAMD9L;OAS2;LAP3;IFIT2;ZBP1;IFI6;IFIT3;EPSTI1;CMPK2;TNFSF10;OASL;RSAD2;STAT1;IFI44;RTP4;IFI44L,"[145, 229, 1987, 2064, 2365, 2673, 2691, 3488, 3619, 3930, 4279, 4330, 4368, 4553, 4942, 5560, 5727, 6159, 6730, 7088, 7964, 8115, 8117, 8234, 8341, 8508, 8716, 9251, 9688, 10263, 10622, 12091, 12167, 12648, 12748, 13120, 14097, 14434, 14518, 14841, 15232, 15788, 15853, 16067, 16698, 16949, 17246]",c4.3ca__GAVISH_3CA_METAPROGRAM_CD4_T_CELLS_INTERFERON
