TermCollection,Term,name,es,nes,pval,fdr,fwerp,leadhits_total,tag %,gene %,lead_genes,matched_genes,hits,TermCollection_Term
c1.all,chr19p13,prerank,0.48096962548817734,2.3900991628275343,0.0,0.0,0.0,227_468,227/468,25.13%,DNAJB1;OR7A5;TNFSF14;MEF2B;OR7C1;RAX2;PLIN4;TRIP10;MKNK2;ISYNA1;LRG1;ZGLP1;EBI3;GDF15;GZMM;TJP3;STXBP2;DOCK6;CFD;RGL3;PLIN5;MYO1F;EPOR;PLK5;ANKLE1;SH2D3A;PALM3;PIK3R2;C3;SLC25A41;SBNO2;ANGPTL4;KANK2;RASAL3;COL5A3;CERS1;RETN;CPAMD8;LRRC25;ZNF358;GIPC3;GADD45B;SYDE1;ADAMTSL5;F2RL3;KLF2;ICAM1;CILP2;RFX2;ABCA7;SAFB2;BEST2;HOOK2;LPAR2;PSPN;NWD1;ADAMTS10;IZUMO4;COLGALT1;HMG20B;FSTL3;SAMD1;PTBP1;EFNA2;RFX1;PNPLA6;ZNF69;OR7D2;TMIGD2;PRAM1;MOB3A;INSL3;P2RY11;NRTN;KANK3;TBXA2R;ZNF878;HAUS8;MBD3;JSRP1;SLC5A5;ASF1B;KRI1;MAST1;BST2;FSD1;FGF22;LYL1;TCF3;ATP13A1;MIER2;PIAS4;NR2F6;SIRT6;TICAM1;ARRDC2;IER2;IL27RA;ARID3A;VAV1;NDUFA13;TYK2;PCSK4;ABHD8;RPL36;MAP1S;SLC25A42;GADD45GIP1;PKN1;S1PR4;PALM;ECSIT;OLFM2;BSG;PLIN3;TECR;STK11;ZNF564;SHC2;MED26;CAPS;SSBP4;CD320;RPS15;AMH;PTGER1;TIMM44;LSM7;TRMT1;NOTCH3;DDX39A;GPR108;PBX4;TRAPPC5;CERS4;STX10;ELOF1;PGPEP1;CDC34;CC2D1A;NANOS3;DPP9;KLF1;BRD4;MATK;TMEM161A;EPHX3;ATG4D;FKBP8;ACP5;CYP4F12;EIF3G;KEAP1;DENND1C;AZU1;AKAP8L;JUND;TSSK6;OAZ1;C19orf44;CD209;RAVER1;CREB3L3;THOP1;AKAP8;ANO8;WIZ;RPL18A;STAP2;DOT1L;DAPK3;C19orf25;TMEM221;USE1;MRPL4;CCDC159;RPS28;RANBP3;MED16;CDC37;CHERP;PRKCSH;WDR83;GMIP;YJEFN3;DAZAP1;CAMSAP3;APBA3;PIP5K1C;ZNF558;MAN2B1;TMEM205;MRPL34;ADAT3;CCDC124;DNASE2;LMNB2;FUT3;CCL25;MAP2K2;GATAD2A;CACTIN;BTBD2;NDUFA11;NR2C2AP;QTRT1;INSR;UPF1;GNA15;MFSD12;LDLR;HOMER3;ILVBL;MCOLN1;CSNK1G2;SAFB;KISS1R;NDUFB7;MAP2K7;WDR18;RAB3D;SNAPC2;PET100;TNFSF9;TNFAIP8L1;SEMA6B;APC2,DNAJB1;OR7A5;TNFSF14;MEF2B;OR7C1;RAX2;PLIN4;TRIP10;MKNK2;ISYNA1;LRG1;ZGLP1;EBI3;GDF15;GZMM;TJP3;STXBP2;DOCK6;CFD;RGL3;PLIN5;MYO1F;EPOR;PLK5;ANKLE1;SH2D3A;PALM3;PIK3R2;C3;SLC25A41;SBNO2;ANGPTL4;KANK2;RASAL3;COL5A3;CERS1;RETN;CPAMD8;LRRC25;ZNF358;GIPC3;GADD45B;SYDE1;ADAMTSL5;F2RL3;KLF2;ICAM1;CILP2;RFX2;ABCA7;SAFB2;BEST2;HOOK2;LPAR2;PSPN;NWD1;ADAMTS10;IZUMO4;COLGALT1;HMG20B;FSTL3;SAMD1;PTBP1;EFNA2;RFX1;PNPLA6;ZNF69;OR7D2;TMIGD2;PRAM1;MOB3A;INSL3;P2RY11;NRTN;KANK3;TBXA2R;ZNF878;HAUS8;MBD3;JSRP1;SLC5A5;ASF1B;KRI1;MAST1;BST2;FSD1;FGF22;LYL1;TCF3;ATP13A1;MIER2;PIAS4;NR2F6;SIRT6;TICAM1;ARRDC2;IER2;IL27RA;ARID3A;VAV1;NDUFA13;TYK2;PCSK4;ABHD8;RPL36;MAP1S;SLC25A42;GADD45GIP1;PKN1;S1PR4;PALM;ECSIT;OLFM2;BSG;PLIN3;TECR;STK11;ZNF564;SHC2;MED26;CAPS;SSBP4;CD320;RPS15;AMH;PTGER1;TIMM44;LSM7;TRMT1;NOTCH3;DDX39A;GPR108;PBX4;TRAPPC5;CERS4;STX10;ELOF1;PGPEP1;CDC34;CC2D1A;NANOS3;DPP9;KLF1;BRD4;MATK;TMEM161A;EPHX3;ATG4D;FKBP8;ACP5;CYP4F12;EIF3G;KEAP1;DENND1C;AZU1;AKAP8L;JUND;TSSK6;OAZ1;C19orf44;CD209;RAVER1;CREB3L3;THOP1;AKAP8;ANO8;WIZ;RPL18A;STAP2;DOT1L;DAPK3;C19orf25;TMEM221;USE1;MRPL4;CCDC159;RPS28;RANBP3;MED16;CDC37;CHERP;PRKCSH;WDR83;GMIP;YJEFN3;DAZAP1;CAMSAP3;APBA3;PIP5K1C;ZNF558;MAN2B1;TMEM205;MRPL34;ADAT3;CCDC124;DNASE2;LMNB2;FUT3;CCL25;MAP2K2;GATAD2A;CACTIN;BTBD2;NDUFA11;NR2C2AP;QTRT1;INSR;UPF1;GNA15;MFSD12;LDLR;HOMER3;ILVBL;MCOLN1;CSNK1G2;SAFB;KISS1R;NDUFB7;MAP2K7;WDR18;RAB3D;SNAPC2;PET100;TNFSF9;TNFAIP8L1;SEMA6B;APC2;WDR83OS;C19orf67;NCAN;FCHO1;ALKBH7;RTBDN;SH3GL1;CALR;PGLS;ARRDC5;ZNF121;UQCR11;SF3A2;JAK3;KHSRP;ARMC6;UBA52;ZNF653;SUGP1;PDE4A;KLF16;DDX49;CLPP;ABHD17A;C19orf53;DHPS;ZNF823;MIDN;ACER1;USHBP1;TMEM259;FBXW9;C2CD4C;GPX4;TPGS1;DCAF15;SLC27A1;TMED1;GTPBP3;FAM32A;BABAM1;PLEKHJ1;CYP4F2;FCER2;POLR2E;CARM1;EPS15L1;NACC1;C19orf38;SIN3B;ZSWIM4;SLC44A2;LSM4;RFXANK;CLEC4M;UBXN6;JUNB;TMEM59L;AP3D1;NDUFS7;NFIC;YIPF2;RNF126;OCEL1;REEP6;CDKN2D;CNN2;PDE4C;LONP1;FZR1;TM6SF2;ZNF317;CRTC1;MVB12A;NCLN;UBL5;GNA11;PIN1;REXO1;GCDH;R3HDM4;ZFR2;HCN2;ELL;KDM4B;ZBTB7A;ZNF414;POLRMT;ZNF625;ARHGEF18;HSD11B1L;RAD23A;XAB2;HNRNPM;DNMT1;DNM2;GTF2F1;CLEC4G;KXD1;ICAM3;MPND;MYO9B;DOHH;MAST3;RAB11B;PRDX2;COPE;TMPRSS9;SGTA;ZNRF4;TLE6;SYCE2;DDA1;AP1M2;RAB8A;FARSA;KLHL26;CELF5;MLLT1;SLC35E1;ZNF490;PPAN;ZNF443;ELAVL1;IFI30;ANKRD24;TLE2;ZNF844;SCAMP4;ZNF20;CLEC17A;S1PR2;ZNF709;ZNF561;AP1M1;PODNL1;TIMM13;MEX3D;ILF3;SPC24;PLVAP;NXNL1;TNPO2;HSH2D;CHAF1A;MADCAM1;PRKACA;MRPL54;EEF2;HAPLN4;MPV17L2;SUGP2;ZNF440;ELAVL3;GIPC1;CTXN1;ATCAY;ATP8B3;ICAM5;GNG7;PTPRS;RAB3A;TGFBR3L;ZNF700;ZNF44;GAMT;MAU2;NMRK2;TMEM38A;NFIX;ZNF562;SLC25A23;CRLF1;ZNF77;CD70;SLC39A3;RNASEH2A;ZNF799;ZNF506;ACSBG2;ELANE;SMARCA4;TPM4;EVI5L;ZNF560;DUS3L;VMAC;ZNF14;SHD;ZNF442;DIRAS1;SMIM7;ZNF101;CYP4F11;CACNA1A;IL12RB1;SLC1A6;TSPAN16;ZNF57;UNC13A;S1PR5;ZNF791;ANGPTL6;ZNF554;FBXL12;TUBB4A;ZNF333;DAND5;CRB3;SWSAP1;ZNF433;ZNF177;ZNF846;ZNF555;NDUFA7;ZNF563;ZNF627;ZNF266;MRI1;FEM1A;ZNF439;ZNF557;LINGO3;ZNF253;ZNF559;CYP4F3;PRR22;ZNF699;MUC16;ZNF426;PRTN3;FBN3;CNN1;ZNF491;PEX11G;ZNF136;CIRBP;ZNF763;PCP2;ZNF556;ZNF441,"[8, 39, 60, 71, 72, 89, 108, 154, 171, 175, 197, 204, 235, 325, 341, 346, 361, 362, 367, 395, 403, 480, 484, 498, 499, 503, 518, 526, 554, 557, 559, 590, 598, 620, 627, 659, 672, 687, 705, 732, 752, 762, 767, 769, 771, 811, 847, 850, 853, 877, 882, 894, 902, 903, 907, 910, 1009, 1098, 1110, 1114, 1116, 1123, 1204, 1225, 1253, 1266, 1267, 1336, 1346, 1368, 1393, 1431, 1456, 1460, 1490, 1535, 1545, 1567, 1591, 1682, 1695, 1717, 1720, 1825, 1831, 1857, 1860, 1861, 1891, 1902, 1915, 1960, 1964, 1978, 2008, 2067, 2071, 2078, 2088, 2128, 2220, 2267, 2288, 2289, 2297, 2340, 2370, 2375, 2376, 2389, 2404, 2408, 2431, 2433, 2434, 2441, 2445, 2449, 2481, 2493, 2542, 2551, 2574, 2583, 2585, 2586, 2603, 2610, 2614, 2667, 2671, 2700, 2710, 2725, 2726, 2748, 2757, 2780, 2785, 2790, 2800, 2832, 2846, 2852, 2855, 2869, 2879, 2894, 2926, 2930, 2933, 2946, 2954, 2974, 2992, 3049, 3051, 3059, 3070, 3079, 3094, 3156, 3186, 3210, 3223, 3226, 3241, 3274, 3301, 3302, 3305, 3330, 3365, 3371, 3418, 3440, 3464, 3472, 3495, 3505, 3520, 3542, 3550, 3567, 3583, 3613, 3622, 3644, 3646, 3649, 3654, 3687, 3695, 3714, 3724, 3728, 3787, 3788, 3814, 3848, 3858, 3877, 3882, 3884, 3919, 3928, 3939, 3965, 3988, 4024, 4047, 4081, 4131, 4141, 4152, 4245, 4246, 4250, 4266, 4287, 4290, 4339, 4349, 4374, 4389, 4399, 4402, 4425, 4450, 4539, 4554, 4571, 4581, 4604, 4607, 4646, 4653, 4702, 4711, 4740, 4746, 4842, 4858, 4863, 4868, 4872, 4897, 4952, 4988, 4989, 4990, 4994, 5006, 5015, 5018, 5021, 5039, 5052, 5061, 5083, 5118, 5142, 5214, 5225, 5270, 5280, 5306, 5312, 5318, 5368, 5371, 5381, 5421, 5422, 5428, 5431, 5517, 5547, 5604, 5628, 5643, 5701, 5725, 5749, 5773, 5785, 5800, 5820, 5836, 5888, 6006, 6104, 6129, 6158, 6190, 6221, 6259, 6310, 6315, 6322, 6333, 6334, 6344, 6346, 6395, 6413, 6430, 6474, 6501, 6525, 6538, 6555, 6562, 6567, 6577, 6580, 6598, 6608, 6621, 6632, 6663, 6683, 6722, 6739, 6741, 6762, 6783, 6928, 6940, 6955, 6965, 6992, 7162, 7169, 7180, 7197, 7204, 7243, 7251, 7299, 7329, 7330, 7402, 7578, 7652, 7695, 7771, 7774, 7858, 7872, 7903, 7978, 8204, 8217, 8289, 8391, 8397, 8401, 8408, 8455, 8515, 8522, 8532, 8534, 8590, 8609, 8638, 8694, 8695, 8702, 8716, 8781, 8811, 8995, 9014, 9092, 9153, 9161, 9215, 9244, 9385, 9703, 9754, 9779, 9801, 9817, 9885, 9893, 9894, 9909, 9920, 9923, 9976, 10014, 10024, 10184, 10348, 10516, 10611, 10678, 10777, 10811, 10859, 10896, 10955, 10977, 11138, 11164, 11525, 11539, 11713, 11888, 11894, 12172, 12190, 12194, 12203, 12323, 12355, 12489, 12720, 13264, 13309, 13586, 13614, 13804, 13835, 13904, 13966, 14005, 14071, 14076, 14089, 14126, 14161, 14337, 14348, 14381, 14439, 14517, 14741, 14965, 15036, 15067, 15090, 15117, 15226, 15353, 15361, 15460, 15734, 15915, 15923, 16133, 16356, 16359, 16383, 16516, 16575, 16708, 16829, 16868, 17078, 17093, 17113, 17234, 17304, 17311]",c1.all__chr19p13
c1.all,chr13q13,prerank,-0.6232082702208739,-2.0036682402796204,0.0,0.0030488263900389947,0.009,13_29,13/29,17.35%,MAB21L1;SERTM1;RFC3;NHLRC3;SOHLH2;CCDC169;NBEA;FRY;EXOSC8;KL;DCLK1;RFXAP;UFM1,RXFP2;ZAR1L;SUPT20H;SMAD9;TRPC4;POSTN;FREM2;BRCA2;PDS5B;N4BP2L1;CSNK1A1L;STARD13;PROSER1;N4BP2L2;CCNA1;ALG5;UFM1;RFXAP;DCLK1;KL;EXOSC8;FRY;NBEA;CCDC169;SOHLH2;NHLRC3;RFC3;SERTM1;MAB21L1,"[1973, 4807, 5602, 6450, 7083, 7665, 7911, 8964, 9055, 9362, 9448, 9541, 9789, 11107, 11869, 12487, 14480, 14723, 14730, 15006, 15256, 15346, 15790, 16245, 16491, 16694, 16749, 16918, 17316]",c1.all__chr13q13
c1.all,chr17q25,prerank,0.45074027349883017,2.0308069145826555,0.0,0.0038260014443539585,0.012,71_169,71/169,25.58%,FOXJ1;RHBDF2;SOCS3;JMJD6;GALR2;CARD14;METRNL;PDE6G;KIF19;CD300LB;TMC8;CBX2;SIRT7;AANAT;TRIM47;PPP1R27;CD300A;ITGB4;CD7;RFNG;ENGASE;QRICH2;SLC39A11;SLC16A3;SECTM1;CCDC40;RAC3;MRPL38;UBALD2;GCGR;DCXR;ZACN;PYCR1;EVPL;LLGL2;ST6GALNAC2;SPHK1;CDK3;NOTUM;BIRC5;CDC42EP4;TSEN54;LRRC45;ANAPC11;SLC26A11;SLC38A10;CD300C;CASKIN2;MAFG;GAA;ASPSCR1;NARF;ARMC7;TBCD;UTS2R;SEC14L1;TK1;CCDC137;BAIAP2;TMC6;RPL38;DUS1L;HGS;GGA3;P4HB;NAT9;MYADML2;MYO15B;ZNF750;MRPL12;TRIM65,FOXJ1;RHBDF2;SOCS3;JMJD6;GALR2;CARD14;METRNL;PDE6G;KIF19;CD300LB;TMC8;CBX2;SIRT7;AANAT;TRIM47;PPP1R27;CD300A;ITGB4;CD7;RFNG;ENGASE;QRICH2;SLC39A11;SLC16A3;SECTM1;CCDC40;RAC3;MRPL38;UBALD2;GCGR;DCXR;ZACN;PYCR1;EVPL;LLGL2;ST6GALNAC2;SPHK1;CDK3;NOTUM;BIRC5;CDC42EP4;TSEN54;LRRC45;ANAPC11;SLC26A11;SLC38A10;CD300C;CASKIN2;MAFG;GAA;ASPSCR1;NARF;ARMC7;TBCD;UTS2R;SEC14L1;TK1;CCDC137;BAIAP2;TMC6;RPL38;DUS1L;HGS;GGA3;P4HB;NAT9;MYADML2;MYO15B;ZNF750;MRPL12;TRIM65;PGS1;CD300E;UNC13D;CSNK1D;TMEM105;ARHGDIA;SYNGR2;KCTD2;CYGB;CANT1;WDR45B;HID1;MRPS7;UBE2O;FOXK2;MGAT5B;RBFOX3;GPS1;FDXR;SLC16A5;GRIN2C;LGALS3BP;ST6GALNAC1;RPTOR;CCDC57;GPRC5C;SAP30BP;CBX4;GALK1;WBP2;SSTR2;SUMO2;SLC25A19;TMEM104;FSCN2;MIF4GD;CBX8;OXLD1;C1QTNF1;UNK;SRP68;PCYT2;SDK2;USP36;NPLOC4;FBF1;FN3K;METTL23;RECQL5;TIMP2;FASN;ALYREF;CDR2L;GRB2;ARL16;TTYH2;SGSH;MFSD11;FN3KRP;EIF4A3;SLC25A10;CYTH1;RNF157;NPB;B3GNTL1;RNF213;ENDOV;BAHCC1;ACTG1;ACOX1;CD300LF;CPSF4L;MXRA7;NT5C;TNRC6C;PRPSAP1;TEN1;SRSF2;RAB40B;NUP85;TBC1D16;TMEM235;RAB37;NPTX1;FADS6;AATK;COG1;BTBD17;DNAH17;AFMID;EXOC7;SMIM5;OGFOD3;SMIM6;PRCD;CHMP6;GPR142;DNAI2,"[111, 115, 158, 176, 191, 268, 409, 412, 417, 419, 531, 600, 700, 724, 745, 777, 812, 867, 912, 948, 1051, 1084, 1139, 1200, 1275, 1291, 1404, 1454, 1561, 1574, 1786, 1849, 1856, 2087, 2212, 2242, 2315, 2335, 2366, 2532, 2569, 2629, 2649, 2650, 2736, 2921, 3067, 3157, 3355, 3369, 3402, 3545, 3566, 3638, 3705, 3716, 3770, 3831, 3922, 3929, 3947, 3975, 4009, 4119, 4151, 4240, 4297, 4364, 4413, 4422, 4480, 4972, 5238, 5282, 5392, 5420, 5678, 5698, 5811, 5857, 5946, 6286, 6331, 6355, 6422, 6546, 6653, 6681, 6687, 6882, 6902, 7044, 7121, 7209, 7322, 7354, 7385, 7472, 7481, 7576, 7599, 7699, 7733, 7890, 7895, 7961, 8007, 8099, 8211, 8242, 8278, 8427, 8526, 8622, 8684, 8744, 8893, 8895, 9739, 9844, 9874, 9932, 10051, 10113, 10155, 10246, 10262, 10353, 10705, 10765, 11039, 11171, 11186, 11198, 11266, 11340, 11412, 11529, 11588, 11600, 11648, 11980, 12312, 12405, 12522, 12523, 12527, 12730, 12742, 12852, 13030, 13084, 13088, 13374, 13453, 13520, 13977, 14029, 14228, 14508, 14786, 14801, 14943, 15076, 15201, 15246, 15803, 16262, 17329]",c1.all__chr17q25
c1.all,chr16q13,prerank,0.6524279274947937,1.9849925689402794,0.0,0.0039854181712020405,0.024,12_23,12/23,13.91%,MT1F;MT1M;MT1A;MT2A;MT1G;MT1E;MT1X;MT1H;MT3;NLRC5;HERPUD1;SLC12A3,MT1F;MT1M;MT1A;MT2A;MT1G;MT1E;MT1X;MT1H;MT3;NLRC5;HERPUD1;SLC12A3;ARL2BP;BBS2;AMFR;GNAO1;CPNE2;OGFOD1;RSPRY1;NUP93;NUDT21;CETP;PLLP,"[57, 126, 138, 145, 165, 308, 318, 775, 1108, 2076, 2276, 2435, 5837, 6478, 7057, 7199, 9966, 13514, 14521, 14611, 14716, 15330, 16756]",c1.all__chr16q13
c1.all,chr19p12,prerank,-0.6367164774620447,-2.084306976012751,0.0,0.004065101853385326,0.003,16_30,16/30,15.17%,ZNF66;ZNF737;ZNF714;ZNF98;ZNF85;ZNF493;ZNF681;ZNF728;ZNF738;ZNF675;ZNF730;ZNF43;ZNF100;ZNF93;ZNF682;ZNF431,ZNF99;ZNF208;ZNF676;ZNF486;ZNF492;ZNF726;ZNF626;ZNF257;ZNF91;ZNF90;ZNF254;ZNF430;ZNF708;ZNF429;ZNF431;ZNF682;ZNF93;ZNF100;ZNF43;ZNF730;ZNF675;ZNF738;ZNF728;ZNF681;ZNF493;ZNF85;ZNF98;ZNF714;ZNF737;ZNF66,"[2842, 5330, 8168, 8323, 8956, 9482, 9746, 10061, 11651, 12597, 12714, 12868, 13824, 13998, 14861, 15144, 15275, 15384, 15441, 15452, 15479, 15622, 15937, 16063, 16315, 16353, 16650, 16791, 16880, 17074]",c1.all__chr19p12
c1.all,chr2q31,prerank,-0.5225627349035707,-2.0085661754780335,0.0,0.004065101853385327,0.009,31_65,31/65,24.95%,PDE11A;CERKL;HOXD1;ITGA4;NEUROD1;CCDC141;GAD1;SCRN3;PDK1;WIPF1;SP5;METTL8;SESTD1;RBM45;MYO3B;KLHL41;UBR3;LRP2;GPR155;ABCB11;PHOSPHO2;TTN;SPC25;AGPS;DLX1;OLA1;DYNC1I2;METAP1D;BBS5;DCAF17;RAPGEF4,CYBRD1;DHRS9;NFE2L2;CHRNA1;ITGA6;PLEKHA3;G6PC2;KLHL23;ERICH2;CWC22;METTL5;FASTKD1;ATF2;HOXD3;SSB;UBE2E3;ZNF385B;HAT1;SP9;SLC25A12;SP3;DLX2;FKBP7;CHN1;PPP1R1C;CIR1;MTX2;HNRNPA3;PRKRA;OSBPL6;GORASP2;TLK1;PPIG;CDCA7;RAPGEF4;DCAF17;BBS5;METAP1D;DYNC1I2;OLA1;DLX1;AGPS;SPC25;TTN;PHOSPHO2;ABCB11;GPR155;LRP2;UBR3;KLHL41;MYO3B;RBM45;SESTD1;METTL8;SP5;WIPF1;PDK1;SCRN3;GAD1;CCDC141;NEUROD1;ITGA4;HOXD1;CERKL;PDE11A,"[1772, 2751, 2861, 3512, 3749, 5148, 5227, 5676, 6192, 6369, 7072, 7443, 8026, 8311, 8412, 8985, 9001, 9028, 9122, 9131, 9600, 9602, 9663, 9941, 10303, 10616, 10741, 11090, 11550, 11576, 11597, 11694, 12187, 12780, 13148, 13178, 13239, 13284, 13572, 13795, 14038, 14140, 14350, 14557, 14574, 14610, 14659, 14844, 15250, 15544, 15642, 15765, 16078, 16204, 16256, 16279, 16431, 16630, 16776, 16850, 16873, 16938, 17095, 17300, 17361]",c1.all__chr2q31
c1.all,chr19q13,prerank,0.3915122044169184,1.9982921435202272,0.0,0.004463668351746285,0.02,249_654,249/654,24.18%,NANOS2;MIA;CD177;SLC7A9;GPR4;KLK1;UPK1A;HIF3A;KLC3;C19orf33;KLK14;SIGLEC8;EPS8L1;TEAD2;TMEM150B;FOXA3;PLAUR;PRX;LILRA5;SIX5;BCL3;EMP3;DKKL1;RSPH6A;SERTAD1;NLRP4;FXYD3;IZUMO2;SIGLEC10;CD37;NAPSA;LILRB1;CKM;KRTDAP;C5AR1;OVOL3;SPIB;IRGC;CEACAM4;LILRA2;RASGRP4;SPACA4;FXYD5;LAIR1;DEDD2;FFAR2;TYROBP;TGFB1;RCN3;PRKD2;FCGRT;IZUMO1;AURKC;LILRB3;PPP1R13L;VASP;FCGBP;PPM1N;CYP2S1;FLT3LG;PTOV1;LHB;SLC1A5;ETV2;SIGLEC9;BCAT2;BCAM;HAMP;GIPR;CD33;IGFL1;FPR1;APOC2;PLEKHG2;PRR19;SHKBP1;RGS9BP;TSKS;CDC42EP5;ITPKC;CTU1;POLD1;ADM5;ZNF547;LILRB5;CEACAM19;CEBPG;PRRG2;KPTN;DMPK;APOC4;LAIR2;DHDH;B9D2;PAFAH1B3;SLC7A10;TMEM91;DHX34;IGSF23;MAP4K1;ZNF787;TNNT1;ZNF581;SIGLEC14;IFNL3;GMFG;CLASRP;EHD2;LILRA4;AXL;OSCAR;SSC5D;ZSCAN5B;IRF3;RASIP1;FCAR;ZFP36;LILRB2;SMG9;TRPM4;LYPD3;DPF1;TMC4;CCDC9;PAK4;FXYD1;ZNF579;CEACAM21;C5AR2;FPR2;CNOT3;ZNF444;B3GNT8;KCNJ14;SLC6A16;U2AF2;KCNK6;SERTAD3;PPP1R15A;GNG8;RPS19;NFKBID;ZNF524;SIGLEC7;AKT1S1;ZNF473;LMTK3;HCST;FIZ1;GAPDHS;FBXO46;MBOAT7;MED25;USF2;PHLDB3;CPT1C;EPN1;NLRP12;SNRPA;AP2S1;LILRA6;CD79A;ZNF574;RABAC1;RPS16;COX6B2;LRFN1;PLEKHA4;TULP2;GRAMD1A;PRPF31;ETHE1;IRF2BP1;IL4I1;C19orf73;BAX;TBC1D17;ALDH16A1;ZNF813;TRIM28;FTL;RRAS;LGI4;RPL18;IGFL4;CEBPA;KLK10;MAP3K10;CLDND2;ISOC2;EGLN2;CD22;FPR3;SPINT2;LRP3;RUVBL2;RYR1;PTH2;TMEM145;FFAR3;TMEM86B;RPL13A;FBL;LSR;FBXO17;C19orf81;TTC9B;NFKBIB;RTN2;KCNN4;RPS5;ZNF865;JOSD2;APOC1;APOE;NLRP2;BBC3;LENG1;SRRM5;CIC;ANKRD27;DNAAF3;ZNF577;RPS11;NUP62;NAT14;RPL28;GEMIN7;PPP6R1;SPTBN4;SULT2B1;LTBP4;SUPT5H;FAM83E;FUT1;CARD8;ZNF420;MRPS12;BCL2L12;CHST8;SNRNP70;TMEM147;SIPA1L3;GRIK5;HAUS5;ZNF580;PPP1R37;WTIP;LRRC4B,NANOS2;MIA;CD177;SLC7A9;GPR4;KLK1;UPK1A;HIF3A;KLC3;C19orf33;KLK14;SIGLEC8;EPS8L1;TEAD2;TMEM150B;FOXA3;PLAUR;PRX;LILRA5;SIX5;BCL3;EMP3;DKKL1;RSPH6A;SERTAD1;NLRP4;FXYD3;IZUMO2;SIGLEC10;CD37;NAPSA;LILRB1;CKM;KRTDAP;C5AR1;OVOL3;SPIB;IRGC;CEACAM4;LILRA2;RASGRP4;SPACA4;FXYD5;LAIR1;DEDD2;FFAR2;TYROBP;TGFB1;RCN3;PRKD2;FCGRT;IZUMO1;AURKC;LILRB3;PPP1R13L;VASP;FCGBP;PPM1N;CYP2S1;FLT3LG;PTOV1;LHB;SLC1A5;ETV2;SIGLEC9;BCAT2;BCAM;HAMP;GIPR;CD33;IGFL1;FPR1;APOC2;PLEKHG2;PRR19;SHKBP1;RGS9BP;TSKS;CDC42EP5;ITPKC;CTU1;POLD1;ADM5;ZNF547;LILRB5;CEACAM19;CEBPG;PRRG2;KPTN;DMPK;APOC4;LAIR2;DHDH;B9D2;PAFAH1B3;SLC7A10;TMEM91;DHX34;IGSF23;MAP4K1;ZNF787;TNNT1;ZNF581;SIGLEC14;IFNL3;GMFG;CLASRP;EHD2;LILRA4;AXL;OSCAR;SSC5D;ZSCAN5B;IRF3;RASIP1;FCAR;ZFP36;LILRB2;SMG9;TRPM4;LYPD3;DPF1;TMC4;CCDC9;PAK4;FXYD1;ZNF579;CEACAM21;C5AR2;FPR2;CNOT3;ZNF444;B3GNT8;KCNJ14;SLC6A16;U2AF2;KCNK6;SERTAD3;PPP1R15A;GNG8;RPS19;NFKBID;ZNF524;SIGLEC7;AKT1S1;ZNF473;LMTK3;HCST;FIZ1;GAPDHS;FBXO46;MBOAT7;MED25;USF2;PHLDB3;CPT1C;EPN1;NLRP12;SNRPA;AP2S1;LILRA6;CD79A;ZNF574;RABAC1;RPS16;COX6B2;LRFN1;PLEKHA4;TULP2;GRAMD1A;PRPF31;ETHE1;IRF2BP1;IL4I1;C19orf73;BAX;TBC1D17;ALDH16A1;ZNF813;TRIM28;FTL;RRAS;LGI4;RPL18;IGFL4;CEBPA;KLK10;MAP3K10;CLDND2;ISOC2;EGLN2;CD22;FPR3;SPINT2;LRP3;RUVBL2;RYR1;PTH2;TMEM145;FFAR3;TMEM86B;RPL13A;FBL;LSR;FBXO17;C19orf81;TTC9B;NFKBIB;RTN2;KCNN4;RPS5;ZNF865;JOSD2;APOC1;APOE;NLRP2;BBC3;LENG1;SRRM5;CIC;ANKRD27;DNAAF3;ZNF577;RPS11;NUP62;NAT14;RPL28;GEMIN7;PPP6R1;SPTBN4;SULT2B1;LTBP4;SUPT5H;FAM83E;FUT1;CARD8;ZNF420;MRPS12;BCL2L12;CHST8;SNRNP70;TMEM147;SIPA1L3;GRIK5;HAUS5;ZNF580;PPP1R37;WTIP;LRRC4B;AKT2;RINL;SCAF1;SLC27A5;LENG8;NOSIP;NDUFA3;CLEC11A;ATF5;KCTD15;UBE2M;TFPT;ZNF671;ZNF814;ZNF850;SPHK2;ARHGAP35;ZNF428;QPCTL;NOVA2;ZNF571;ZNF614;RPS9;CACNG7;CCDC61;VSIG10L;LIN7B;STRN4;SARS2;PLD3;TSEN34;CHMP2A;NUCB1;BLVRB;PEPD;GSK3A;PAF1;SNRPD2;NUDT19;ZNF30;ZSCAN22;ZNF765;MZF1;TEX101;ZNF550;NUMBL;THAP8;LILRB4;ZNF468;NCCRP1;ASPDH;RBM42;ATP4A;GPI;GRWD1;MEGF8;ARHGEF1;ZNF628;PTGIR;SYMPK;FXYD7;FUZ;ZNF835;MYPOP;PRMT1;ZNF296;SIGLEC11;POU2F2;PINLYP;PPFIA3;TTYH1;PNKP;ZNF8;ECH1;CAPN12;YIF1B;FUT2;CLPTM1;PRR12;PIH1D1;IGFLR1;ZNF235;ZNF616;BLOC1S3;ERCC2;KLK4;MARK4;KDELR1;LGALS4;ZNF274;ZNF28;ZBTB45;SAMD4B;ZNF230;NPAS1;RDH13;WDR62;COX7A1;PPP5C;HSD17B14;CA11;COX6B1;CAPNS1;ERCC1;SIRT2;RAB4B-EGLN2;SYT3;ZC3H4;TIMM50;SIGLEC5;ZNF607;IGLON5;PVR;HNRNPUL1;ZBTB32;ZNF324;TDRD12;ZSCAN18;HSPB6;CNFN;ARHGAP33;ZNF446;ZNF551;PPP1R12C;HPN;PPP2R1A;CYTH2;CCDC106;SCN1B;ZFP82;ZNF114;LIG1;ZNF227;AP2A1;CACNG6;MYBPC2;FBXO27;POLR2I;ZNF416;RHPN2;ZNF526;NAPA;RELB;MYH14;LILRA1;GYS1;HSPBP1;ZNF175;OPA3;ZNF419;ZNF331;TMEM143;LSM14A;SAE1;NR1H2;TBCB;ZNF225;DBP;KLK5;FOSB;XRCC1;PDCD2L;PSENEN;ZNF836;UBE2S;IL11;ZNF480;ERVV-1;ZNF112;PSMD8;ERF;IRGQ;GP6;LIN37;U2AF1L4;EML2;PSMC4;ZNF576;ZNF260;GPATCH1;ZNF599;ZNF586;ZNF784;MEIS3;SYNE4;CACNG8;PDCD5;HNRNPL;ZNF845;ZNF415;GRIN2D;ZNF329;C19orf47;VN1R1;ZNF181;DLL3;ETFB;TOMM40;FAM98C;ZNF792;ZNF615;ZNF816;CCDC97;ZNF575;ZSCAN4;ACTN4;CGB7;ALKBH6;FFAR1;HAS1;ATP1A3;VRK3;ZNF613;ZNF776;EMC10;LRFN3;UBA2;ZNF582;ZFP30;ZNF432;EIF3K;DYRK1B;FAM187B;TMEM160;ZNF780A;ZNF284;ZNF229;RAB4B;DMWD;ZNF766;ZNF302;ZNF234;DACT3;PRODH2;VSTM1;ZSCAN5A;PRKCG;ZNF507;ZNF546;BRSK1;ZNF567;LENG9;ZNF256;ZNF805;ZNF461;ZNF345;CCDC8;ZNF541;SLC17A7;SDHAF1;DMKN;ZNF568;CLIP3;ZNF285;ZNF701;ZNF525;KLK7;SCGB2B2;LIPE;ZNF790;SLC8A2;ZNF677;FKRP;BCKDHA;ZNF584;EID2;ZNF587B;CATSPERG;ZNF772;ZNF606;ZNF160;SYT5;ZNF549;EXOSC5;ZNF304;ZNF71;TMEM238;ZNF154;ZNF781;ZNF45;ZNF566;ZNF808;MYADM;ZNF350;HIPK4;KCNC3;NTN5;APLP1;SHISA7;CADM4;ZNF829;ZNF665;CEACAM1;ZNF460;ZNF793;HRC;ZNF649;C19orf18;ZNF417;CALM3;ZNF544;GGN;LYPD5;ZNF527;ZNF347;ZNF585B;ZNF404;ZNF471;TMEM190;ZIK1;PSG3;ZNF543;ZNF569;ZNF552;ZNF233;ZFP28;TNNI3;ZNF320;ZNF540;VN1R2;ZNF224;ZNF211;DPY19L3;ZNF667;IFNL1;ZNF146;ZNF223;ZNF841;WDR87;ZNF573;ZNF880;ZNF565;ZNF180;ZNF528;ZNF578;ZNF470;ZNF585A;KIR3DX1;CEP89;ZNF749;ZNF837;TRAPPC6A;ZNF222;ZNF134;ZNF583;SHANK1;SBSN;ZNF570;NPHS1;ZNF283;NKPD1;ZNF529;ZNF610;ZNF17;ZNF383;ZNF534;ZNF497;ZNF83;ZNF773;MED29;PSG9;ZNF780B;ZFP14;NKG7;KLK6;MAMSTR;CBLC;ZNF600;ZNF587;PEG3;DPRX;EID2B;A1BG;ZNF611;ZNF324B;ZNF132;ZNF530;PLA2G4C;CEACAM8;MAG;PPP1R14A;PGLYRP1;ZSCAN1;ZSCAN5C;EXOC3L2;ZNF264;SMIM17;ZNF548;NLRP9;ZNF155;ZNF135;ZNF221;CYP2A7;SYNGR4;ZNF418;CYP2A6;ZIM2;ZNF226;SPRED3;KIRREL2;ZNF382;PTPRH;PSG5;WDR88;IGFL2,"[6, 14, 18, 28, 29, 35, 52, 56, 68, 88, 105, 120, 188, 248, 256, 279, 295, 303, 324, 328, 332, 387, 397, 398, 411, 422, 430, 432, 433, 436, 442, 474, 487, 492, 497, 504, 547, 551, 560, 572, 576, 583, 601, 610, 630, 655, 656, 664, 680, 707, 743, 747, 779, 780, 783, 840, 854, 864, 876, 883, 897, 899, 916, 927, 934, 938, 940, 943, 957, 998, 1003, 1004, 1014, 1018, 1047, 1059, 1062, 1071, 1089, 1153, 1165, 1190, 1194, 1211, 1241, 1252, 1273, 1279, 1325, 1345, 1353, 1359, 1371, 1392, 1403, 1418, 1419, 1426, 1465, 1466, 1478, 1493, 1520, 1533, 1553, 1575, 1581, 1683, 1689, 1696, 1704, 1713, 1771, 1781, 1821, 1843, 1852, 1887, 1899, 1920, 1958, 1981, 1986, 2041, 2059, 2075, 2077, 2097, 2120, 2137, 2144, 2168, 2180, 2214, 2222, 2229, 2256, 2262, 2264, 2308, 2336, 2345, 2353, 2377, 2415, 2423, 2467, 2483, 2533, 2545, 2549, 2576, 2584, 2589, 2592, 2609, 2618, 2620, 2621, 2630, 2643, 2657, 2664, 2676, 2683, 2702, 2705, 2730, 2731, 2752, 2793, 2817, 2837, 2849, 2867, 2888, 2891, 2932, 2990, 2993, 3009, 3075, 3093, 3110, 3197, 3219, 3255, 3257, 3270, 3272, 3307, 3309, 3317, 3318, 3325, 3338, 3392, 3397, 3405, 3437, 3458, 3478, 3480, 3482, 3487, 3530, 3561, 3587, 3618, 3671, 3685, 3686, 3720, 3747, 3783, 3806, 3828, 3834, 3847, 3870, 3879, 3886, 3897, 3907, 3909, 3912, 3938, 3950, 3951, 3956, 4007, 4010, 4012, 4027, 4055, 4071, 4075, 4077, 4098, 4105, 4122, 4140, 4160, 4191, 4200, 4211, 4232, 4234, 4235, 4256, 4278, 4307, 4345, 4428, 4431, 4443, 4468, 4489, 4518, 4578, 4606, 4632, 4633, 4654, 4690, 4707, 4713, 4719, 4724, 4870, 4880, 4925, 4974, 5008, 5011, 5029, 5055, 5058, 5116, 5122, 5132, 5195, 5221, 5299, 5300, 5308, 5315, 5320, 5351, 5364, 5404, 5419, 5460, 5463, 5469, 5470, 5483, 5500, 5509, 5512, 5530, 5532, 5533, 5592, 5611, 5645, 5654, 5656, 5663, 5667, 5672, 5673, 5677, 5708, 5731, 5734, 5761, 5788, 5808, 5854, 5855, 5859, 5900, 5906, 5937, 5949, 5957, 5979, 5981, 6004, 6016, 6053, 6127, 6191, 6215, 6226, 6238, 6251, 6267, 6280, 6338, 6359, 6382, 6421, 6434, 6479, 6484, 6511, 6522, 6523, 6529, 6549, 6578, 6589, 6591, 6592, 6602, 6634, 6641, 6651, 6702, 6704, 6740, 6747, 6755, 6780, 6805, 6807, 6833, 6840, 6852, 6859, 6877, 6918, 6966, 6988, 7025, 7046, 7048, 7063, 7071, 7073, 7084, 7120, 7179, 7205, 7293, 7298, 7351, 7373, 7401, 7449, 7469, 7496, 7537, 7584, 7594, 7625, 7628, 7658, 7659, 7671, 7680, 7743, 7760, 7775, 7824, 7845, 7914, 7926, 7986, 8005, 8081, 8109, 8126, 8157, 8250, 8263, 8266, 8324, 8336, 8346, 8381, 8383, 8475, 8490, 8501, 8592, 8644, 8645, 8666, 8691, 8710, 8737, 8794, 8797, 8826, 8880, 8885, 8898, 8954, 8957, 8997, 9032, 9056, 9070, 9087, 9102, 9205, 9220, 9254, 9258, 9273, 9363, 9398, 9414, 9428, 9433, 9466, 9477, 9498, 9519, 9575, 9632, 9658, 9667, 9734, 9757, 9781, 9810, 9823, 9831, 9887, 9902, 9915, 9992, 9993, 10021, 10062, 10115, 10134, 10219, 10228, 10318, 10410, 10416, 10424, 10470, 10528, 10552, 10565, 10675, 10697, 10714, 10789, 10816, 10834, 10840, 10870, 10878, 10935, 10937, 10964, 10991, 10997, 11073, 11084, 11105, 11117, 11144, 11152, 11157, 11160, 11196, 11206, 11354, 11356, 11571, 11617, 11622, 11656, 11716, 11749, 11757, 11847, 11928, 11979, 11982, 11999, 12023, 12076, 12214, 12268, 12275, 12336, 12429, 12435, 12444, 12606, 12644, 12683, 12728, 12737, 12750, 12751, 12815, 12843, 12875, 12877, 12984, 12987, 13022, 13163, 13191, 13232, 13250, 13342, 13351, 13402, 13408, 13466, 13473, 13555, 13561, 13587, 13613, 13630, 13706, 13714, 13726, 13738, 13739, 13760, 13767, 13773, 13778, 13816, 13848, 13856, 13872, 13877, 13919, 13961, 13971, 14025, 14157, 14196, 14238, 14249, 14257, 14312, 14378, 14397, 14404, 14409, 14412, 14418, 14503, 14547, 14644, 14688, 14693, 14788, 14879, 14917, 14920, 15002, 15068, 15094, 15227, 15251, 15257, 15287, 15357, 15398, 15488, 15527, 15739, 15744, 15763, 15783, 15808, 15827, 15834, 15938, 16024, 16080, 16217, 16258, 16332, 16414, 16424, 16499, 16511, 16581, 16604, 16646, 16647, 16655, 16722, 16819, 16847, 16875, 16898, 16912, 16914, 16980, 17066, 17171, 17226, 17318, 17383, 17409, 17460]",c1.all__chr19q13
c1.all,chr18q22,prerank,-0.6512348537266004,-1.9216255237157187,0.0,0.0060976527800779895,0.036,13_20,13/20,19.29%,CDH7;HMSD;DOK6;RTTN;CD226;CNDP1;NETO1;DSEL;FBXO15;TMX3;SERPINB8;CYB5A;CCDC102B,TSHZ1;TIMM21;SOCS6;CNDP2;ZNF407;CBLN2;CDH19;CCDC102B;CYB5A;SERPINB8;TMX3;FBXO15;DSEL;NETO1;CNDP1;CD226;RTTN;DOK6;HMSD;CDH7,"[1639, 5181, 6712, 9531, 11438, 11846, 12417, 14139, 14314, 14734, 15028, 15627, 15904, 15951, 16335, 16551, 16590, 16788, 17068, 17221]",c1.all__chr18q22
c1.all,chrXq23,prerank,-0.7419914343947335,-2.0192322160137626,0.002188183807439825,0.0060976527800779895,0.009,7_15,7/15,9.89%,HTR2C;PAK3;IL13RA2;TRPC5;LHFPL1;PLS3;ACSL4,AMOT;TMEM164;NXT2;CHRDL1;ALG13;AMMECR1;LRCH2;DCX;ACSL4;PLS3;LHFPL1;TRPC5;IL13RA2;PAK3;HTR2C,"[4718, 7382, 8998, 9919, 10928, 11742, 11929, 13641, 15786, 16291, 16822, 16897, 17146, 17382, 17504]",c1.all__chrXq23
c1.all,chr16p11,prerank,0.4785154625175189,1.938677189049549,0.0,0.0062491356924448,0.047,42_92,42/92,24.58%,NUPR1;LAT;TBX6;GDPD3;IL27;HSD3B7;ZNF768;ITGAM;ZNF771;SPN;SULT1A3;PAGR1;COX6A2;ITGAL;PRSS53;SETD1A;YPEL3;PPP4C;KAT8;SLX1A;PRSS8;SLX1B;C16orf54;MAPK3;CTF1;PYCARD;SULT1A2;TGFB1I1;PRR14;ARMC5;QPRT;ITGAX;TMEM219;ZNF688;ALDOA;ORAI3;ZNF668;FBRS;PRSS36;BCL7C;MAZ;PHKG2,NUPR1;LAT;TBX6;GDPD3;IL27;HSD3B7;ZNF768;ITGAM;ZNF771;SPN;SULT1A3;PAGR1;COX6A2;ITGAL;PRSS53;SETD1A;YPEL3;PPP4C;KAT8;SLX1A;PRSS8;SLX1B;C16orf54;MAPK3;CTF1;PYCARD;SULT1A2;TGFB1I1;PRR14;ARMC5;QPRT;ITGAX;TMEM219;ZNF688;ALDOA;ORAI3;ZNF668;FBRS;PRSS36;BCL7C;MAZ;PHKG2;ATP2A1;SH2B1;PYDC1;VKORC1;STX4;CD2BP2;ZNF646;RNF40;ATXN2L;C16orf92;TAOK2;RABEP2;TUFM;SRCAP;FBXL19;DOC2A;CDIPT;HIRIP3;INO80E;PRRT2;ZNF48;TP53TG3D;TBC1D10B;CORO1A;KCTD13;SPNS1;SEZ6L2;ZNF267;MVP;ZNF689;ZNF785;ZNF747;SULT1A1;ZNF764;ASPHD1;BOLA2B;DCTPP1;SEPHS2;SLC5A2;KIF22;BCKDK;STX1B;CD19;FUS;EIF3C;NFATC2IP;ITGAD;ZNF629;ZNF843;TRIM72,"[54, 152, 230, 337, 577, 670, 959, 1038, 1448, 1473, 1536, 1612, 1615, 1702, 1938, 1940, 1965, 2057, 2063, 2149, 2206, 2211, 2251, 2396, 2407, 2517, 2568, 2599, 2624, 2769, 2977, 2994, 3054, 3496, 3593, 3738, 3863, 4020, 4086, 4214, 4286, 4305, 4851, 4915, 4935, 4956, 5094, 5147, 5228, 5229, 5307, 5313, 5513, 5616, 5691, 6510, 6518, 6782, 6796, 6894, 7126, 7137, 7176, 7663, 7764, 8030, 8061, 8193, 8451, 8553, 8859, 8870, 9016, 9165, 9370, 9514, 9788, 10125, 10511, 11188, 11192, 11322, 11359, 11479, 11727, 12178, 13535, 14232, 15513, 16221, 16308, 17425]",c1.all__chr16p11
c1.all,chr8q13,prerank,-0.6086093490146821,-1.9458322786335132,0.0,0.006388017198176942,0.033,17_28,17/28,28.49%,XKR9;CRH;TRIM55;C8orf34;LACTB2;PDE7A;C8orf44;DNAJC5B;MTFR1;SULF1;MSC;ADHFE1;SLCO5A1;ARMC1;ARFGEF1;PREX2;MYBL1,TCF24;RRS1;SGK3;MCMDC2;COPS5;CSPP1;PPP1R42;VCPIP1;TRAM1;EYA1;NCOA2;MYBL1;PREX2;ARFGEF1;ARMC1;SLCO5A1;ADHFE1;MSC;SULF1;MTFR1;DNAJC5B;C8orf44;PDE7A;LACTB2;C8orf34;TRIM55;CRH;XKR9,"[5273, 5927, 7200, 8201, 8564, 9332, 9824, 9872, 10225, 10655, 11841, 12528, 12563, 12936, 13170, 13815, 14095, 14292, 14363, 14947, 15444, 15867, 15969, 16082, 16586, 17276, 17296, 17444]",c1.all__chr8q13
c1.all,chr1p31,prerank,-0.48766797346000884,-1.9144624048578476,0.0,0.00677516975564221,0.045,38_72,38/72,25.06%,RPE65;DLEU2L;FPGT-TNNI3K;IFI44L;SAMD13;KANK4;PTGER3;IFI44;DIRAS3;NEXN;DNAJC6;LRRC40;LRRIQ3;GIPC2;SGIP1;C1orf141;ANKRD13C;IL12RB2;ROR1;PRKACB;SLC44A5;DEPDC1;PIGK;LRRC53;LRRC7;CTH;DNASE2B;ST6GALNAC5;PDE4B;ZRANB2;ANGPTL3;ITGB3BP;TM2D1;PTGFR;SRSF11;USP33;NEGR1;FPGT,DNAJB4;INSL5;WLS;AK4;CRYZ;CACHD1;L1TD1;NFIA;GNG12;RAVER2;ST6GALNAC3;PGM1;TYW3;LEPR;DOCK7;GADD45A;MSH4;UBE2U;MIER1;EFCAB7;JAK1;SERBP1;ZZZ3;ALG6;USP1;ATG4C;FUBP1;AK5;LEPROT;TNNI3K;SLC35D1;RABGGTB;TTLL7;ACADM;FPGT;NEGR1;USP33;SRSF11;PTGFR;TM2D1;ITGB3BP;ANGPTL3;ZRANB2;PDE4B;ST6GALNAC5;DNASE2B;CTH;LRRC7;LRRC53;PIGK;DEPDC1;SLC44A5;PRKACB;ROR1;IL12RB2;ANKRD13C;C1orf141;SGIP1;GIPC2;LRRIQ3;LRRC40;DNAJC6;NEXN;DIRAS3;IFI44;PTGER3;KANK4;SAMD13;IFI44L;FPGT-TNNI3K;DLEU2L;RPE65,"[1031, 1597, 1657, 1740, 2469, 2778, 2883, 2960, 2964, 3165, 4110, 4458, 4576, 4592, 5614, 6156, 6287, 7597, 7675, 8447, 8760, 9494, 9708, 9783, 10138, 10185, 10463, 10864, 11213, 11683, 11779, 11964, 12150, 12793, 13129, 13149, 13356, 13537, 13558, 13719, 13888, 13943, 14113, 14187, 14383, 14530, 14765, 14986, 15054, 15066, 15071, 15123, 15220, 15307, 15565, 15675, 15814, 16003, 16241, 16273, 16347, 16454, 16482, 16592, 16698, 16958, 17057, 17158, 17246, 17320, 17373, 17455]",c1.all__chr1p31
c1.all,chr15q13,prerank,-0.6152197686577412,-1.9547825333300244,0.0,0.007317183336093588,0.027,20_27,20/27,31.49%,GREM1;GOLGA8J;GOLGA8R;GOLGA8N;GOLGA8M;GOLGA8O;GOLGA8Q;TRPM1;GOLGA8G;FMN1;OCA2;CHRFAM7A;GOLGA8H;GOLGA8K;FAN1;CHRNA7;TJP1;GOLGA8T;HERC2;SCG5,OTUD7A;ARHGAP11A;APBA2;ARHGAP11B;MTMR10;RYR3;KLF13;SCG5;HERC2;GOLGA8T;TJP1;CHRNA7;FAN1;GOLGA8K;GOLGA8H;CHRFAM7A;OCA2;FMN1;GOLGA8G;TRPM1;GOLGA8Q;GOLGA8O;GOLGA8M;GOLGA8N;GOLGA8R;GOLGA8J;GREM1,"[4736, 6164, 7123, 8093, 8977, 10737, 11599, 12003, 12206, 12545, 12993, 13009, 13732, 13936, 14329, 14435, 14527, 14667, 14676, 15599, 15880, 16478, 16601, 16664, 16675, 17034, 17275]",c1.all__chr15q13
c1.all,chr3p24,prerank,-0.6060967365182199,-1.9458631694881485,0.0,0.007452686731206432,0.033,10_30,10/30,10.31%,EOMES;KCNH8;EFHB;NEK10;ZCWPW2;PP2D1;ZNF385D;AZI2;PLCL2;TBC1D5,TGFBR2;UBE2E2;RBMS3;OXSM;THRB;RFTN1;KAT2B;RPL15;CMC1;NGLY1;NR1D2;LRRC3B;DAZL;RARB;SATB1;NKIRAS1;UBE2E1;RAB5A;SLC4A7;TOP2B;TBC1D5;PLCL2;AZI2;ZNF385D;PP2D1;ZCWPW2;NEK10;EFHB;KCNH8;EOMES,"[2124, 5519, 7679, 8146, 8543, 8602, 8615, 10085, 10191, 10334, 10401, 10425, 10720, 11012, 11159, 11949, 12395, 12909, 13502, 14358, 15713, 15772, 15934, 16252, 16349, 16531, 17126, 17208, 17240, 17457]",c1.all__chr3p24
c1.all,chr1q23,prerank,0.46771171868695927,1.9072063888386448,0.0,0.007545725070809197,0.068,33_97,33/97,14.87%,HSPA6;PEAR1;FCGR3B;FCGR2B;FCGR2A;NHLH1;SLAMF6;HSD17B7;FCER1A;FCER1G;MPZ;FCGR3A;CRABP2;PYHIN1;SH2D1B;SH2D2A;CRP;ATP1A4;FCRLA;TAGLN2;DUSP23;SLAMF8;USP21;INSRR;BCAN;C1orf226;CD84;F11R;NES;OLFML2B;HDGF;CASQ1;CD48,HSPA6;PEAR1;FCGR3B;FCGR2B;FCGR2A;NHLH1;SLAMF6;HSD17B7;FCER1A;FCER1G;MPZ;FCGR3A;CRABP2;PYHIN1;SH2D1B;SH2D2A;CRP;ATP1A4;FCRLA;TAGLN2;DUSP23;SLAMF8;USP21;INSRR;BCAN;C1orf226;CD84;F11R;NES;OLFML2B;HDGF;CASQ1;CD48;HAPLN2;RXRG;KCNJ10;ATP1A2;VANGL2;ARHGAP30;DEDD;IFI16;AIM2;B4GALT3;NDUFS2;KCNJ9;KLHDC9;PEA15;USF1;SLAMF9;UFC1;CD1D;UAP1;NOS1AP;DUSP12;APOA2;ISG20L2;UHMK1;PRCC;TSTD1;FCRL6;PFDN2;COPA;CADM3;CD244;ARHGEF11;MNDA;PPOX;NTRK1;NIT1;LRRC71;MRPL24;FCRL3;NCSTN;IGSF8;TOMM40L;PEX19;SDHC;GPATCH4;ETV3;CD5L;LY9;FCRLB;PBX1;NR1I3;SLAMF7;ETV3L;ATF6;PIGM;IGSF9;DDR2;ADAMTS4;RGS5;DCAF8;RGS4;NUF2;PCP4L1;VSIG8,"[0, 131, 144, 180, 313, 453, 661, 706, 722, 857, 860, 954, 982, 1016, 1076, 1083, 1140, 1449, 1514, 1537, 1592, 1625, 1676, 1839, 1880, 1977, 1992, 1997, 2230, 2318, 2323, 2464, 2604, 2845, 3203, 3386, 3407, 3690, 3731, 3989, 4346, 4484, 4540, 4999, 5101, 5159, 5340, 5401, 5908, 6052, 6182, 6299, 6309, 6385, 6445, 6533, 6628, 6664, 6801, 6857, 7347, 7356, 7400, 7682, 7999, 9168, 9955, 10238, 10292, 10534, 10562, 10665, 10781, 10855, 11797, 12148, 12428, 12722, 12830, 13001, 13247, 13262, 13428, 14102, 14391, 14446, 14709, 15104, 15724, 15872, 16093, 16120, 16140, 16326, 16632, 17024, 17042]",c1.all__chr1q23
c1.all,chr9q34,prerank,0.4207156966662818,1.8874508949207522,0.0,0.008471860341069481,0.088,87_176,87/176,30.32%,LCN10;LCN6;CARD9;LCN9;LCNL1;CEL;PKN3;TOR4A;FUT7;PHYHD1;LCN2;EGFL7;NACC2;ENTPD2;TRAF2;EHMT1;QRFP;RXRA;AK1;IER5L;AGPAT2;PHPT1;DBH;MRPL41;PTGDS;DPP7;PNPLA7;TOR2A;CACFD1;INPP5E;NOTCH1;RNF208;LAMC3;REXO4;PRRX2;CLIC3;NPDC1;C8G;MRPS2;FAM78A;ARRDC1;FCN1;RALGDS;UCK1;NTNG2;GPSM1;ZMYND19;LCN12;ZER1;CIZ1;PPP1R26;WDR5;COL5A1;ADAMTSL2;RABL6;UBAC1;GRIN1;NELFB;POMT1;RAPGEF1;FBXW5;NTMT1;LRRC8A;NDOR1;NAIF1;ASS1;UAP1L1;KCNT1;TOR1B;EXD3;RPL7A;TUBB4B;QSOX2;CRAT;ST6GALNAC6;SSNA1;SOHLH1;FIBCD1;NUP188;GTF3C5;ADAMTS13;NSMF;SURF1;TPRN;C9orf163;ENG;C9orf78,LCN10;LCN6;CARD9;LCN9;LCNL1;CEL;PKN3;TOR4A;FUT7;PHYHD1;LCN2;EGFL7;NACC2;ENTPD2;TRAF2;EHMT1;QRFP;RXRA;AK1;IER5L;AGPAT2;PHPT1;DBH;MRPL41;PTGDS;DPP7;PNPLA7;TOR2A;CACFD1;INPP5E;NOTCH1;RNF208;LAMC3;REXO4;PRRX2;CLIC3;NPDC1;C8G;MRPS2;FAM78A;ARRDC1;FCN1;RALGDS;UCK1;NTNG2;GPSM1;ZMYND19;LCN12;ZER1;CIZ1;PPP1R26;WDR5;COL5A1;ADAMTSL2;RABL6;UBAC1;GRIN1;NELFB;POMT1;RAPGEF1;FBXW5;NTMT1;LRRC8A;NDOR1;NAIF1;ASS1;UAP1L1;KCNT1;TOR1B;EXD3;RPL7A;TUBB4B;QSOX2;CRAT;ST6GALNAC6;SSNA1;SOHLH1;FIBCD1;NUP188;GTF3C5;ADAMTS13;NSMF;SURF1;TPRN;C9orf163;ENG;C9orf78;PMPCA;USP20;MAMDC4;CDK9;PIP5KL1;ASB6;SEC16A;PTGES;FCN2;SURF4;MED22;ABL1;SLC2A6;SNAPC4;SURF6;MED27;ST6GALNAC4;DPM2;ANAPC2;PTGES2;DOLPP1;EXOSC2;SWI5;EDF1;DNLZ;ODF2;GOLGA2;RNF224;SET;NRARP;SPTAN1;SLC25A25;TMEM203;VAV2;MAN1B1;ENTPD8;DNM1;TBC1D13;SURF2;URM1;ENDOG;PRDM12;NCS1;SH3GLB2;ZDHHC12;LRRC26;DDX31;ABCA2;NUP214;BRD3;SLC27A4;GBGT1;SH2D3C;FNBP1;GLE1;FAM163B;CACNA1B;FPGS;PRRC2B;STXBP1;TSC1;SETX;OLFM1;GTF3C4;CERCAM;LCN15;CAMSAP1;SARDH;TRUB2;GPR107;TTF1;NOXA1;TOR1A;AIF1L;TMEM210;OBP2A;SLC34A3;C9orf50;TMEM141;COQ4;SAPCD2;FUBP3;PAEP;DOLK;LCN8;AK8;LCN1;HMCN2;TTC16,"[24, 84, 147, 239, 307, 336, 343, 351, 490, 710, 756, 1001, 1082, 1130, 1193, 1388, 1406, 1409, 1543, 1627, 1659, 1793, 1840, 1871, 1932, 2035, 2043, 2047, 2049, 2089, 2094, 2164, 2195, 2316, 2387, 2460, 2558, 2608, 2690, 2923, 2948, 2968, 2998, 3011, 3044, 3166, 3193, 3263, 3329, 3585, 3594, 3623, 3633, 3674, 3773, 3837, 3850, 3940, 4107, 4127, 4142, 4192, 4397, 4407, 4411, 4436, 4485, 4487, 4552, 4583, 4603, 4637, 4703, 4768, 4837, 4895, 4900, 4934, 4938, 5003, 5042, 5074, 5201, 5224, 5274, 5298, 5311, 5412, 5555, 5571, 5587, 5899, 5921, 6001, 6202, 6383, 6448, 6487, 6536, 6672, 6773, 6806, 6825, 6827, 6832, 6839, 6901, 7061, 7093, 7100, 7157, 7325, 7573, 7653, 7803, 7822, 7907, 8034, 8112, 8139, 8155, 8161, 8180, 8452, 8671, 8837, 8844, 9035, 9051, 9152, 9212, 9297, 9376, 9486, 10283, 10473, 10539, 10649, 10693, 10696, 10852, 11088, 11207, 11259, 11262, 11371, 11395, 11452, 11700, 11756, 11965, 12009, 12104, 12212, 12244, 12332, 12677, 12826, 12863, 12970, 13349, 13413, 13616, 13631, 13777, 13825, 13980, 14098, 14473, 14721, 14994, 15533, 16091, 16185, 16229, 16849]",c1.all__chr9q34
c1.all,chr15q21,prerank,-0.47986752037134656,-1.8986692896164363,0.0,0.008536713892109186,0.061,43_76,43/76,30.85%,HDC;GLDN;SLC28A2;ZNF280D;TEX9;MYO5C;SECISBP2L;FBN1;FAM227B;PRTG;CYP19A1;LIPC;SEMA6D;SLC12A1;SLC24A5;DMXL2;MYEF2;GALK2;GCOM1;PATL2;SHF;ARPP19;MNS1;SPG11;MAPK6;MYO5A;TMOD2;FGF7;PIGB;ALDH1A2;CCPG1;BLOC1S6;UNC13C;SCG3;DUOX1;GABPB1;SORD;ADAM10;USP8;SHC4;DUOXA1;EID1;AQP9,NEDD4;DUOX2;CEP152;BCL2L10;USP50;CGNL1;RAB27A;TMOD3;TRIM69;LYSMD2;TRPM7;C15orf48;GATM;ONECUT1;DUT;TNFAIP8L3;TCF12;RSL24D1;AP4E1;B2M;SLC30A4;SPPL2A;SLC27A2;CTXN2;PYGO1;ATP8B4;DTWD1;GNB5;POLR2M;EIF3J;RFX7;LEO1;COPS2;AQP9;EID1;DUOXA1;SHC4;USP8;ADAM10;SORD;GABPB1;DUOX1;SCG3;UNC13C;BLOC1S6;CCPG1;ALDH1A2;PIGB;FGF7;TMOD2;MYO5A;MAPK6;SPG11;MNS1;ARPP19;SHF;PATL2;GCOM1;GALK2;MYEF2;DMXL2;SLC24A5;SLC12A1;SEMA6D;LIPC;CYP19A1;PRTG;FAM227B;FBN1;SECISBP2L;MYO5C;TEX9;ZNF280D;SLC28A2;GLDN;HDC,"[1335, 1618, 1791, 2292, 2398, 2874, 2940, 3485, 4850, 6330, 6438, 6717, 6961, 7070, 7211, 7632, 8123, 8365, 8395, 8759, 8782, 8846, 9009, 9150, 9175, 9572, 9582, 10890, 11059, 11390, 11570, 11824, 11953, 12114, 12156, 12215, 12289, 12524, 12690, 12758, 12897, 13094, 13479, 13668, 13917, 13948, 14172, 14266, 14280, 14910, 14948, 15109, 15150, 15188, 15315, 15418, 15596, 15598, 15709, 15717, 15728, 15807, 15822, 15845, 16119, 16203, 16294, 16371, 16399, 16462, 16470, 16561, 16895, 17210, 17327, 17330]",c1.all__chr15q21
c1.all,chr5q13,prerank,-0.5149716179031314,-1.8755241255518564,0.0,0.010593901799731457,0.082,25_53,25/53,26.13%,SV2C;F2RL2;GCNT4;CRHBP;POC5;ANKRD31;TMEM171;PTCD2;IQGAP2;ZBED3;BDP1;CENPH;SERF1B;MAP1B;CARTPT;UTP15;MCCC2;POLK;ANKRA2;RAD17;PIK3R1;ANKDD1B;HMGCR;SERF1A;ENC1,ZNF366;OCLN;MARVELD2;GTF2H2;ARHGEF28;NSA2;BTF3;S100Z;CCDC125;F2R;GFM2;CCNB1;SMN1;TNPO1;TAF9;CDK7;FAM169A;F2RL1;FCHO2;HEXB;GTF2H2C;FOXD1;SLC30A5;SMN2;MRPS27;PDE8B;NAIP;AGGF1;ENC1;SERF1A;HMGCR;ANKDD1B;PIK3R1;RAD17;ANKRA2;POLK;MCCC2;UTP15;CARTPT;MAP1B;SERF1B;CENPH;BDP1;ZBED3;IQGAP2;PTCD2;TMEM171;ANKRD31;POC5;CRHBP;GCNT4;F2RL2;SV2C,"[2521, 2749, 3042, 4049, 4963, 6077, 6328, 6743, 7551, 7732, 8090, 8100, 8212, 8810, 9374, 9701, 9938, 10094, 10126, 10217, 10938, 11353, 11399, 11893, 11960, 11995, 12297, 12376, 12941, 13042, 13105, 13249, 13367, 14061, 14272, 14400, 14461, 14827, 14862, 15271, 15509, 15690, 15825, 15831, 15943, 15974, 16681, 16969, 17025, 17031, 17117, 17193, 17497]",c1.all__chr5q13
c1.all,chr6p21,prerank,0.38942037653016376,1.8234022949780466,0.0,0.017057589772744734,0.189,91_265,91/265,22.59%,HSPA1A;HSPA1B;MICB;LTA;FKBP5;GPSM3;PRICKLE4;HSPA1L;CYP21A2;PTCRA;C4B;PPP1R18;HLA-DRB5;HLA-DRB1;MDFI;FGD2;CDKN1A;ITPR3;CFB;LY6G6C;AGER;HLA-DRA;TULP1;HLA-DMB;VEGFA;EGFL8;PIM1;C4A;IP6K3;STK38;TREM2;CLIC1;NOTCH4;ARMC12;HLA-DPB1;PTK7;CCHCR1;TREM1;DDAH2;TNF;HLA-DMA;HLA-DQA1;POU5F1;CCND3;PHF1;PEX6;RGL2;C2;HLA-DPA1;TAP1;LY6G6D;LY6G6F;MICA;NRM;TNXB;KIFC1;GNMT;FANCE;TEAD3;IER3;DAXX;LY6G5C;HSP90AB1;HLA-DOA;TREML1;DEF6;FOXP4;TFEB;STK19;PGC;TAF8;RPS10;CCDC167;ABCC10;HLA-B;FLOT1;MED20;LST1;PPP1R10;MLN;MSH5-SAPCD1;RING1;KLC4;CLPSL2;PSMB8;GUCA1B;SLC22A7;TAPBP;ZBTB12;FKBPL;CNPY3,HSPA1A;HSPA1B;MICB;LTA;FKBP5;GPSM3;PRICKLE4;HSPA1L;CYP21A2;PTCRA;C4B;PPP1R18;HLA-DRB5;HLA-DRB1;MDFI;FGD2;CDKN1A;ITPR3;CFB;LY6G6C;AGER;HLA-DRA;TULP1;HLA-DMB;VEGFA;EGFL8;PIM1;C4A;IP6K3;STK38;TREM2;CLIC1;NOTCH4;ARMC12;HLA-DPB1;PTK7;CCHCR1;TREM1;DDAH2;TNF;HLA-DMA;HLA-DQA1;POU5F1;CCND3;PHF1;PEX6;RGL2;C2;HLA-DPA1;TAP1;LY6G6D;LY6G6F;MICA;NRM;TNXB;KIFC1;GNMT;FANCE;TEAD3;IER3;DAXX;LY6G5C;HSP90AB1;HLA-DOA;TREML1;DEF6;FOXP4;TFEB;STK19;PGC;TAF8;RPS10;CCDC167;ABCC10;HLA-B;FLOT1;MED20;LST1;PPP1R10;MLN;MSH5-SAPCD1;RING1;KLC4;CLPSL2;PSMB8;GUCA1B;SLC22A7;TAPBP;ZBTB12;FKBPL;CNPY3;CRIP3;POLR1C;CSNK2B;PPT2;BRPF3;HLA-DQB1;ANKS1A;NEU1;CUL9;DDR1;ZBTB22;LEMD2;CUL7;PSORS1C2;RPS18;PRRT1;PPARD;HLA-C;ZFAND3;TAP2;NCR3;SAYSD1;TJAP1;KLHDC3;ATF6B;TMEM63B;HMGA1;CAPN11;RNF8;NUDT3;TMEM217;MTCH1;ZNF318;NFKBIL1;MRPL14;MOCS1;CUTA;VARS2;LSM2;TTBK1;TUBB;LTB;PBX2;ETV7;BTBD9;AIF1;C6orf136;GPANK1;SRF;ZNF76;HCG27;SYNGAP1;GLP1R;CPNE5;RUNX2;BAG6;TBC1D22B;ABHD16A;DNPH1;ATAT1;BRD2;YIPF3;RPL10A;SRPK1;SUPT3H;PFDN6;HLA-DQB2;MAPK14;UBR2;PPP2R5D;BYSL;MEA1;SLC39A7;LHFPL5;DHX16;PI16;TRERF1;PNPLA1;SLC29A1;PSMB9;NFKBIE;PSORS1C1;BAK1;C6orf226;EHMT2;GTPBP2;MAD2L1BP;RXRB;PPIL1;NELFE;ZBTB9;B3GALT4;MAPK13;SNRPC;DDX39B;FRS3;USP49;SLC26A8;PRRC2A;PRR3;UNC5CL;RNF5;SRSF3;ATP6V1G2-DDX39B;XPO5;TBCC;MRPL2;HLA-DQA2;C6orf47;ENPP5;TREML2;GLO1;MDC1;LRRC73;DLK2;COL11A2;KCNK5;AGPAT1;MRPS10;ABCF1;PACSIN1;CDC5L;LY6G5B;TCF19;APOM;CLPS;PXT1;RSPH9;VPS52;RRP36;VWA7;TAF11;GNL1;LRFN2;WDR46;OARD1;KCTD20;MRPS18A;SCUBE3;POLH;KIF6;SLC44A4;RPL7L1;AARS2;MSH5;CLPSL1;MRPS18B;NFYA;SLC35B2;GGNBP1;SAPCD1;PRPH2;CLIC5;ENPP4;DAAM2;ATP6V1G2;TMEM151B;BTNL2;SPDEF;MDGA1;C6orf89;TCTE1;GTF2H4;DNAH8;HSD17B8;COX6A1P2;KCNK17;GUCA1A;HLA-DOB;C6orf132;TSPO2;APOBEC2;TCP11;GRM4,"[2, 7, 177, 209, 215, 218, 380, 445, 486, 509, 535, 538, 542, 558, 603, 663, 715, 721, 742, 814, 822, 855, 878, 914, 930, 974, 991, 1070, 1090, 1120, 1129, 1171, 1183, 1217, 1268, 1302, 1424, 1425, 1500, 1526, 1712, 1718, 1750, 1758, 1808, 1893, 1897, 1909, 1918, 1919, 1953, 1963, 2019, 2050, 2055, 2106, 2231, 2243, 2245, 2252, 2350, 2361, 2454, 2615, 2719, 2789, 2813, 2900, 2929, 2947, 2978, 3058, 3097, 3134, 3273, 3404, 3416, 3419, 3498, 3555, 3569, 3602, 3621, 3656, 3668, 3784, 3855, 3865, 3916, 3918, 3957, 4032, 4063, 4109, 4238, 4261, 4269, 4348, 4355, 4385, 4441, 4645, 4652, 4664, 4776, 4800, 4816, 4819, 5034, 5050, 5067, 5093, 5103, 5245, 5281, 5328, 5334, 5375, 5414, 5458, 5467, 5485, 5496, 5511, 5518, 5670, 5743, 5802, 5886, 5916, 6024, 6040, 6057, 6091, 6098, 6135, 6152, 6222, 6230, 6318, 6364, 6380, 6508, 6568, 6834, 6869, 6948, 6950, 7003, 7047, 7056, 7076, 7079, 7111, 7279, 7523, 7525, 7528, 7542, 7620, 7655, 7661, 7711, 7765, 7838, 7896, 7977, 8215, 8270, 8271, 8351, 8362, 8373, 8374, 8411, 8478, 8536, 8552, 8758, 8761, 8771, 8775, 8795, 8840, 9011, 9095, 9197, 9259, 9323, 9400, 9571, 9644, 9671, 9816, 9959, 9979, 9980, 9997, 10139, 10154, 10218, 10377, 10458, 10625, 10806, 10826, 10854, 10887, 10897, 10920, 11015, 11044, 11226, 11305, 11330, 11421, 11494, 11533, 11544, 11596, 11623, 11638, 11658, 11684, 11686, 11864, 11952, 12080, 12274, 12357, 12390, 12470, 12507, 12516, 12544, 12703, 12838, 12892, 13054, 13636, 14058, 14176, 14499, 14713, 14714, 14895, 14984, 15359, 15634, 15671, 15914, 15950, 16027, 16094, 16096, 16234, 16527, 16771, 16940, 17030, 17061, 17232, 17260, 17391, 17436]",c1.all__chr6p21
c1.all,chr4p15,prerank,-0.506134005062979,-1.8290106969791,0.0019569471624266144,0.01840587783616134,0.153,25_42,25/42,34.32%,C1QTNF7;CCKAR;CD38;DCAF16;BOD1L1;SEPSECS;LGI2;SLIT2;ZCCHC4;TBC1D19;PROM1;CPEB2;ANAPC4;KCNIP4;PACRGL;FBXL5;HS3ST1;LAP3;LDB2;NCAPG;CLRN2;RBPJ;PCDH7;PPARGC1A;LCORL,SMIM20;QDPR;FGFBP2;SOD3;CCDC149;TAPT1;BST1;RAB28;FAM200B;SEL1L3;SLC34A2;DHX15;FAM184B;STIM2;MED28;PI4K2B;CC2D2A;LCORL;PPARGC1A;PCDH7;RBPJ;CLRN2;NCAPG;LDB2;LAP3;HS3ST1;FBXL5;PACRGL;KCNIP4;ANAPC4;CPEB2;PROM1;TBC1D19;ZCCHC4;SLIT2;LGI2;SEPSECS;BOD1L1;DCAF16;CD38;CCKAR;C1QTNF7,"[2638, 3696, 4005, 5705, 5868, 6260, 6926, 7473, 7486, 7843, 8600, 9069, 9530, 10372, 10710, 11025, 11208, 11506, 11703, 11812, 12042, 12283, 12441, 12479, 12648, 12827, 13171, 13275, 13484, 13633, 14167, 14441, 14813, 15129, 15284, 15667, 16041, 16068, 17156, 17344, 17416, 17479]",c1.all__chr4p15
c1.all,chr5q14,prerank,-0.5052742235659236,-1.8045720045950795,0.001996007984031936,0.02251441026490335,0.197,16_43,16/43,16.08%,ANKRD34B;MTX3;ZFYVE16;HAPLN1;RASGRF2;SERINC5;EDIL3;CCNH;XRCC4;MBLAC2;RASA1;POLR3G;MSH3;TMEM161B;ARSB;HOMER1,LHFPL2;VCAN;OTP;ACOT12;COX7C;BHMT2;ARRDC3;DHFR;FAM151B;LYSMD3;JMY;RPS23;SSBP2;THBS4;CETN3;CKMT2;ZCCHC9;TMEM167A;BHMT;AP3B1;WDR41;TBCA;ATP6AP1L;DMGDH;CMYA5;ATG10;MEF2C;HOMER1;ARSB;TMEM161B;MSH3;POLR3G;RASA1;MBLAC2;XRCC4;CCNH;EDIL3;SERINC5;RASGRF2;HAPLN1;ZFYVE16;MTX3;ANKRD34B,"[1956, 3195, 3324, 3565, 3856, 4026, 4477, 5783, 6062, 6521, 6665, 6735, 7059, 7381, 9389, 9710, 9745, 10047, 10294, 10436, 11915, 12138, 12292, 12498, 12955, 13220, 14202, 14702, 14811, 14816, 14870, 14891, 15014, 15069, 15282, 15411, 15498, 15971, 16125, 16862, 17175, 17336, 17487]",c1.all__chr5q14
c1.all,chr12p13,prerank,0.3986576687554252,1.7402456714448784,0.0,0.03691382875015579,0.41,46_158,46/158,13.32%,SLC6A12;CLEC2B;CLEC4E;GPRC5A;PLEKHG6;ZNF705A;FKBP4;C3AR1;SLC6A13;TEAD4;CD4;TNFRSF1A;YBX3;ANO2;A2ML1;LTBR;KLRD1;CD163;CLEC1A;PRB2;PRB1;SCNN1A;SLC2A3;SLC2A14;CLEC2A;NOP2;FOXM1;GNB3;LPAR5;C1R;MFAP5;PTMS;EMP1;KLRG1;CDCA3;LAG3;ATN1;B4GALNT3;VWF;PTPN6;WNT5B;APOLD1;KLRK1;GPR162;PLBD1;CLEC12A,SLC6A12;CLEC2B;CLEC4E;GPRC5A;PLEKHG6;ZNF705A;FKBP4;C3AR1;SLC6A13;TEAD4;CD4;TNFRSF1A;YBX3;ANO2;A2ML1;LTBR;KLRD1;CD163;CLEC1A;PRB2;PRB1;SCNN1A;SLC2A3;SLC2A14;CLEC2A;NOP2;FOXM1;GNB3;LPAR5;C1R;MFAP5;PTMS;EMP1;KLRG1;CDCA3;LAG3;ATN1;B4GALNT3;VWF;PTPN6;WNT5B;APOLD1;KLRK1;GPR162;PLBD1;CLEC12A;CLEC9A;ADIPOR2;C1S;FBXL14;TAS2R30;RAD52;ZNF384;MLF2;CLEC7A;C12orf57;CREBL2;ING4;ACRBP;MRPL51;NRIP2;NCAPD2;GAPDH;GPR19;LRRC23;KCNA5;PEX5;IFFO1;PIANP;ETV6;TPI1;CHD4;KCNA6;HEBP1;CACNA1C;TAS2R10;CLEC12B;CDKN1B;DCP1B;A2M;PHC1;TULP3;KLRC4;KLRC3;KLRC2;TAS2R42;ENO2;GSG1;PHB2;VAMP1;LPCAT3;CLEC2D;C1RL;AKAP3;GPRC5D;SPSB2;CLSTN3;LOH12CR2;CLEC4A;DYRK4;WNK1;USP5;RIMKLB;IQSEC3;PRH2;KLRF1;CCDC77;MANSC1;RBP5;KDM5A;PARP11;OLR1;COPS7A;NDUFA9;CD27;FOXJ2;NECAP1;RHNO1;TAPBPL;ITFG2;MAGOHB;GABARAPL1;M6PR;CCND2;DUSP16;LRP6;TAS2R8;TSPAN9;PRR4;LRTM2;KLRB1;FAM90A1;STYK1;ERC1;KCNA1;PRMT8;NINJ2;ACSM4;CD163L1;CACNA2D4;CD9;ATF7IP;BCL2L14;GALNT8;TAS2R13;TAS2R19;DDX47;RAD51AP1;CD69;NANOG;TAS2R14;TAS2R20;TMEM52B;NTF3;GRIN2B;KLRC1;PZP;TAS2R31,"[95, 221, 243, 252, 284, 289, 331, 349, 428, 461, 463, 465, 466, 478, 581, 679, 759, 818, 831, 841, 898, 920, 935, 983, 1191, 1270, 1317, 1384, 1497, 1505, 1516, 1530, 1664, 1732, 1743, 1769, 1812, 1830, 1921, 2040, 2073, 2176, 2178, 2254, 2305, 2333, 2651, 2776, 3007, 3180, 3556, 4168, 4302, 4391, 4462, 4688, 4756, 4830, 5091, 5102, 5487, 5489, 5812, 5822, 5922, 5956, 6429, 6442, 6675, 6925, 7148, 7181, 7247, 7350, 7357, 7412, 7427, 7474, 7688, 7759, 7840, 7902, 8018, 8331, 8441, 8597, 8733, 8756, 8772, 9188, 9484, 9564, 10028, 10084, 10189, 10380, 10445, 10812, 10843, 10931, 10980, 11086, 11089, 11163, 11193, 11397, 11436, 11639, 11679, 11737, 12069, 12129, 12255, 12284, 12505, 12634, 12673, 12735, 12785, 12824, 12828, 12915, 13130, 13238, 13296, 13399, 13517, 13582, 13612, 13990, 14129, 14233, 14260, 14410, 14750, 14799, 14820, 14944, 15003, 15018, 15173, 15216, 15504, 15570, 15588, 15639, 15645, 16272, 16391, 16529, 16606, 16805, 17044, 17073, 17110, 17149, 17384, 17392]",c1.all__chr12p13
c1.all,chr10q21,prerank,-0.5082102608785259,-1.742785304475497,0.008,0.0408445948125859,0.349,16_39,16/39,19.52%,EGR2;CTNNA3;ANK3;TET1;FAM13C;RTKN2;RUFY2;PBLD;LRRTM3;SLC25A16;JMJD1C;ZNF365;REEP3;ADO;RHOBTB1;PCDH15,DNA2;SLC16A9;DKK1;HNRNPH3;SIRT1;TMEM26;BICC1;HERC4;CCDC6;CCAR1;MYPN;CDK1;ARID5B;CISD1;DNAJC12;NRBF2;TFAM;IPMK;ATOH7;PHYHIPL;UBE2D1;ZWINT;CSTF2T;PCDH15;RHOBTB1;ADO;REEP3;ZNF365;JMJD1C;SLC25A16;LRRTM3;PBLD;RUFY2;RTKN2;FAM13C;TET1;ANK3;CTNNA3;EGR2,"[1755, 2082, 3672, 3927, 4365, 4808, 5158, 5203, 5771, 7285, 8197, 8675, 9174, 10319, 10519, 10544, 10804, 11459, 11702, 11732, 11751, 12115, 12181, 14099, 14237, 14931, 15050, 15131, 15238, 15584, 15911, 16230, 16322, 16460, 16523, 17004, 17029, 17109, 17423]",c1.all__chr10q21
c1.all,chr11q13,prerank,0.3729343962313042,1.712302290407201,0.0,0.04234108265085048,0.497,85_226,85/226,22.81%,SERPINH1;GAL;RELA;LRRC32;STIP1;TCIRG1;STARD10;FERMT3;CLCF1;SIPA1;MACROD1;INPPL1;FOSL1;NAALADL1;B3GNT6;TSKU;FOLR2;CDK2AP2;PLCB3;ARAP1;GDPD4;SNX32;RHOD;RCE1;FOLR3;PPP1R14B;EFEMP2;GPHA2;PYGM;MYO7A;UCP3;KRTAP5-8;EHBP1L1;GPR137;LRP5;UNC93B1;RNASEH2C;LTBP3;CD248;FAM89B;C11orf86;ANKRD13D;RBM14;SLCO2B1;VEGFB;ESRRA;LRFN4;DPP3;SPDYC;KCNK7;CCDC88B;RASGRP2;ATG16L2;SAC3D1;NDUFS8;BRMS1;AIP;BATF2;GSTP1;GDPD5;FKBP2;ARHGEF17;TRMT112;EIF1AD;ZNHIT2;BAD;C11orf68;PC;BANF1;CAPN1;RPS3;ARL2;FADD;PTPRCAP;RIN1;MRGPRF;KRTAP5-11;FCHSD2;PACS1;KDM2A;CTSF;CNIH2;DHCR7;RBM4B;CORO1B,SERPINH1;GAL;RELA;LRRC32;STIP1;TCIRG1;STARD10;FERMT3;CLCF1;SIPA1;MACROD1;INPPL1;FOSL1;NAALADL1;B3GNT6;TSKU;FOLR2;CDK2AP2;PLCB3;ARAP1;GDPD4;SNX32;RHOD;RCE1;FOLR3;PPP1R14B;EFEMP2;GPHA2;PYGM;MYO7A;UCP3;KRTAP5-8;EHBP1L1;GPR137;LRP5;UNC93B1;RNASEH2C;LTBP3;CD248;FAM89B;C11orf86;ANKRD13D;RBM14;SLCO2B1;VEGFB;ESRRA;LRFN4;DPP3;SPDYC;KCNK7;CCDC88B;RASGRP2;ATG16L2;SAC3D1;NDUFS8;BRMS1;AIP;BATF2;GSTP1;GDPD5;FKBP2;ARHGEF17;TRMT112;EIF1AD;ZNHIT2;BAD;C11orf68;PC;BANF1;CAPN1;RPS3;ARL2;FADD;PTPRCAP;RIN1;MRGPRF;KRTAP5-11;FCHSD2;PACS1;KDM2A;CTSF;CNIH2;DHCR7;RBM4B;CORO1B;CCDC85B;FOLR1;SSH3;SF3B2;KLC2;CPT1A;PLEKHB1;DPF2;MEN1;SYVN1;SCYL1;P2RY2;SART1;CTSW;P2RY6;PDE2A;MRPL21;SLC29A2;RAB1B;WNT11;FAU;MAP6;DNAJC4;PPFIA1;RPS6KA4;RAD9A;IL18BP;PITPNM1;CABP4;PRDX5;MARK2;SNX15;DRAP1;VPS51;EHD1;ATL3;GAL3ST3;LAMTOR1;CTTN;MUS81;CCS;NADSYN1;FRMD8;MRPL49;KCNK4;NUDT8;ATG2A;RBM4;POLD4;OTUB1;MAP3K11;RPS6KB2;CFL1;PPP1CA;NDUFV1;ALDH3B1;IGHMBP2;TBX10;BBS1;KCNE3;COX8A;RELT;SPCS2;KRTAP5-9;ZFPL1;MRPL48;MRPL11;KLHL35;MAP4K2;NUDT22;NRXN2;DGAT2;FIBP;OVOL1;PPP6R3;KAT5;NUMA1;PELI3;POLA2;PPP2R5B;MYEOV;RTN3;TIGD3;SF1;CAPN5;PPME1;TRPT1;POLD3;KRTAP5-10;CDCA5;ZDHHC24;TPCN2;SLC22A11;RNF121;ACER3;AP5B1;LIPT2;CHKA;ANAPC15;COA4;LRTOMT;KRTAP5-7;UCP2;YIF1A;RCOR2;CDC42EP2;TMEM134;C2CD3;FAM168A;CLPB;PAAF1;CCND1;NAA40;SPTBN2;CHRDL2;CST6;ACY3;SYT12;SHANK2;RAB6A;C11orf24;ARRB1;TBC1D10C;PGM2L1;XRRA1;TMEM151A;ANO1;TPBGL;RNF169;CATSPER1;UVRAG;SLC25A45;CCDC87;FLRT1;TM7SF2;P4HA3;NPAS4;CARNS1;NEU3;DNAJB13;CDC42BPG,"[5, 339, 401, 402, 418, 437, 517, 568, 592, 595, 675, 695, 828, 829, 844, 861, 862, 890, 893, 955, 1170, 1196, 1248, 1300, 1310, 1415, 1453, 1475, 1487, 1571, 1686, 1792, 1796, 1797, 1872, 1894, 1896, 2010, 2282, 2302, 2330, 2416, 2437, 2444, 2475, 2492, 2498, 2564, 2571, 2577, 2582, 2619, 2669, 2787, 2794, 2834, 2893, 2906, 2918, 3074, 3111, 3151, 3174, 3188, 3213, 3228, 3242, 3246, 3266, 3314, 3341, 3354, 3465, 3474, 3546, 3702, 3743, 3760, 3761, 3786, 3805, 3890, 3944, 3976, 3995, 4053, 4216, 4255, 4292, 4394, 4523, 4600, 4620, 4631, 4679, 4709, 4716, 4767, 4791, 4891, 4966, 5213, 5235, 5295, 5310, 5365, 5407, 5418, 5433, 5452, 5514, 5580, 5626, 5732, 5750, 5798, 5844, 6015, 6026, 6162, 6188, 6224, 6388, 6390, 6404, 6512, 6558, 6607, 6697, 6890, 6930, 6953, 6981, 7028, 7255, 7258, 7282, 7296, 7430, 7640, 7817, 7829, 7947, 7974, 7981, 8032, 8078, 8200, 8225, 8309, 8371, 8443, 8457, 8476, 8628, 8791, 8987, 9067, 9079, 9286, 9382, 9416, 9527, 9662, 9963, 9978, 10109, 10114, 10118, 10153, 10340, 10406, 10460, 10653, 10793, 10930, 10998, 11032, 11112, 11120, 11244, 11339, 11453, 11746, 11787, 11853, 11855, 11886, 12018, 12170, 12254, 12265, 12391, 12482, 12504, 13089, 13458, 13602, 13619, 13958, 14283, 14316, 14351, 14522, 14625, 14658, 14689, 14814, 14911, 14996, 15433, 15528, 15614, 15689, 15990, 15999, 16002, 16019, 16085, 16151, 16295, 16913, 17118, 17153, 17297, 17463]",c1.all__chr11q13
c1.all,chr2q24,prerank,-0.4749861222991008,-1.7226429364329114,0.0019267822736030828,0.047245517096011685,0.41,16_45,16/45,22.15%,GALNT5;ACVR1C;KCNH7;CCDC148;B3GALT1;GCA;SLC4A10;SCN2A;ERMN;DPP4;DAPL1;GALNT3;STK39;TANC1;CSRNP3;TTC21B,FAP;CD302;WDSUB1;FIGN;UPP2;SCN7A;CYTIP;NR4A2;NOSTRIN;SCN3A;RBMS1;IFIH1;GPD2;CERS6;TBR1;SCN9A;PKP4;GRB14;SLC38A11;LY75;PLA2R1;ITGB6;PSMD14;TANK;BAZ2B;ACVR1;SCN1A;KCNJ3;COBLL1;TTC21B;CSRNP3;TANC1;STK39;GALNT3;DAPL1;DPP4;ERMN;SCN2A;SLC4A10;GCA;B3GALT1;CCDC148;KCNH7;ACVR1C;GALNT5,"[3214, 3230, 3247, 3251, 3552, 4094, 4243, 6025, 6354, 6705, 6787, 7032, 7090, 7202, 7312, 7561, 7621, 7819, 8255, 8551, 9096, 10001, 10016, 10158, 10208, 11255, 11879, 12749, 12773, 13639, 14046, 14100, 14241, 14681, 14715, 15020, 15312, 15653, 15954, 16271, 16502, 16599, 16909, 16946, 17400]",c1.all__chr2q24
c1.all,chr1q43,prerank,-0.5698396337426058,-1.6669565826334471,0.01694915254237288,0.0507573134193529,0.588,13_19,13/19,20.68%,MTR;CHML;ACTN2;PLD5;RYR2;OPN3;CEP170;HEATR1;KMO;EXO1;RGS7;GREM2;CHRM3,MAP1LC3C;WDR64;FMN2;SDCCAG8;LGALS8;FH;CHRM3;GREM2;RGS7;EXO1;KMO;HEATR1;CEP170;OPN3;RYR2;PLD5;ACTN2;CHML;MTR,"[104, 5955, 6204, 8784, 9316, 10746, 13897, 13942, 13988, 14514, 14746, 14886, 15424, 15434, 15613, 16013, 16276, 16732, 16816]",c1.all__chr1q43
c1.all,chr20p12,prerank,-0.49257632628109127,-1.6947585826111895,0.0,0.05096433249521974,0.486,19_36,19/36,26.50%,SLX4IP;SEL1L2;GPCPD1;TASP1;PLCB4;BFSP1;PROKR2;CHGB;PLCB1;MACROD2;ISM1;BTBD3;SNAP25;TMX4;DSTN;LAMP5;KIF16B;TMEM230;NDUFAF5,SPTLC3;MCM8;JAG1;RRBP1;PCNA;FLRT3;ANKEF1;FERMT1;SNRPB2;LRRN4;PCSK2;MKKS;CRLS1;BMP2;CDS2;ESF1;TRMT6;NDUFAF5;TMEM230;KIF16B;LAMP5;DSTN;TMX4;SNAP25;BTBD3;ISM1;MACROD2;PLCB1;CHGB;PROKR2;BFSP1;PLCB4;TASP1;GPCPD1;SEL1L2;SLX4IP,"[359, 2973, 4378, 6372, 6509, 8889, 9183, 9534, 9799, 9921, 10027, 10588, 10706, 11288, 11590, 11987, 12125, 12876, 12950, 13530, 13569, 13724, 14491, 14657, 15168, 15240, 15852, 15994, 16056, 16190, 16200, 16253, 16471, 17154, 17299, 17339]",c1.all__chr20p12
c1.all,chr9q31,prerank,-0.4702700077579923,-1.6691811838163646,0.00796812749003984,0.051785862740952204,0.577,17_44,17/44,14.29%,FRRS1L;TMEFF1;MUSK;OR13C5;SVEP1;ZNF483;FKTN;STX17;ZNF189;NR4A3;INVS;BAAT;OR2K2;SMC2;GRIN3A;TMEM38B;ZNF462,C9orf152;TAL2;KLF4;ALDOB;ABCA1;CTNNAL1;OR13C2;UGCG;TMEM245;PTGR1;NIPSNAP3A;FSD1L;RAD23B;TXN;LPAR1;MRPL50;RNF20;DNAJC25;EPB41L4B;TEX10;ERP44;SLC44A1;PPP3R2;NIPSNAP3B;MSANTD3;GNG10;PTPN3;ZNF462;TMEM38B;GRIN3A;SMC2;OR2K2;BAAT;INVS;NR4A3;ZNF189;STX17;FKTN;ZNF483;SVEP1;OR13C5;MUSK;TMEFF1;FRRS1L,"[31, 543, 1437, 1645, 2070, 4747, 7529, 7602, 8150, 8232, 8591, 8703, 8765, 8900, 9309, 9580, 10758, 11443, 11578, 11620, 11750, 11908, 12225, 12664, 13070, 13978, 14443, 15015, 15042, 15202, 15203, 15290, 15314, 15375, 15706, 16030, 16218, 16303, 16842, 16870, 16979, 17290, 17321, 17493]",c1.all__chr9q31
c1.all,chr5q22,prerank,-0.556603874728311,-1.707026748707232,0.010121457489878543,0.051830048630662914,0.451,15_24,15/24,33.39%,CAMK4;TMEM232;NREP;CCDC112;TICAM2;PGGT1B;TRIM36;SLC25A46;STARD4;YTHDC2;TMED7;REEP5;TSLP;SRP19;WDR36,CDO1;FEM1C;MCC;DCP2;ATG12;KCNN2;EPB41L4A;APC;AP3S1;WDR36;SRP19;TSLP;REEP5;TMED7;YTHDC2;STARD4;SLC25A46;TRIM36;PGGT1B;TICAM2;CCDC112;NREP;TMEM232;CAMK4,"[4853, 5738, 7207, 7734, 8768, 8981, 9485, 9727, 10100, 11670, 11942, 12394, 12738, 12829, 13069, 13654, 14240, 14478, 14823, 14963, 15680, 16156, 16167, 17180]",c1.all__chr5q22
c1.all,chr3q26,prerank,-0.44591804943630475,-1.678948204846775,0.003883495145631068,0.052007493552834495,0.547,36_57,36/57,34.74%,SLC7A14;ZBBX;PHC3;TMEM212;TTC14;USP13;MFN1;GNB4;PLD1;CLDN11;NAALADL2;TNFSF10;NLGN1;TNIK;CCDC39;SPTSSB;PEX5L;LRRC31;BCHE;TBL1XR1;PRKCI;SERPINI2;EIF5A2;SLITRK3;B3GALNT1;PDCD10;DNAJC19;NMD3;LRRC34;MYNN;NDUFB5;SERPINI1;KCNMB2;WDR49;NCEH1;ECT2,SOX2;FXR1;GPR160;MECOM;FNDC3B;ACTL6A;ACTRT3;GOLIM4;SAMD7;LRRIQ4;PIK3CA;RPL22L1;MRPL47;SKIL;ATP11B;ZMAT3;ZNF639;DCUN1D1;KCNMB3;SEC62;OTOL1;ECT2;NCEH1;WDR49;KCNMB2;SERPINI1;NDUFB5;MYNN;LRRC34;NMD3;DNAJC19;PDCD10;B3GALNT1;SLITRK3;EIF5A2;SERPINI2;PRKCI;TBL1XR1;BCHE;LRRC31;PEX5L;SPTSSB;CCDC39;TNIK;NLGN1;TNFSF10;NAALADL2;CLDN11;PLD1;GNB4;MFN1;USP13;TTC14;TMEM212;PHC3;ZBBX;SLC7A14,"[1651, 2139, 2201, 2275, 3245, 3607, 3799, 4324, 6181, 6982, 7246, 7768, 7913, 8404, 9203, 9538, 9996, 9998, 10156, 10651, 10833, 11434, 11501, 11514, 11581, 11717, 11892, 11958, 12093, 12259, 12342, 12577, 12682, 13332, 13380, 13506, 13632, 13722, 13742, 13787, 14121, 14290, 14661, 15030, 15097, 15232, 15274, 15303, 15540, 15650, 15993, 16266, 16504, 16562, 16985, 17144, 17477]",c1.all__chr3q26
c1.all,chr12q21,prerank,-0.4459689429027189,-1.6729950739665602,0.005952380952380952,0.052291992023093065,0.566,40_56,40/56,34.43%,PTPRQ;TMTC2;TSPAN8;NTS;MYF6;OTOGL;DUSP6;POC1B;RASSF9;CAPS2;LGR5;OSBPL8;MGAT4C;NAV3;SLC6A15;POC1B-GALNT4;PPFIA2;TRHDE;KRR1;SYT1;E2F7;KITLG;TPH2;C12orf50;KCNC2;ZDHHC17;GALNT4;ATP2B1;GLIPR1L1;ATXN7L3B;PPP1R12A;LUM;TBC1D15;GLIPR1L2;GLIPR1;METTL25;BBS10;LRRIQ1;CCDC59;ZFC3H1,BTG1;DCN;ALX1;ACSS3;THAP2;PHLDA1;KERA;CSRP2;TSPAN19;NAP1L1;TMEM19;TMTC3;RAB21;LIN7A;PAWR;CEP290;ZFC3H1;CCDC59;LRRIQ1;BBS10;METTL25;GLIPR1;GLIPR1L2;TBC1D15;LUM;PPP1R12A;ATXN7L3B;GLIPR1L1;ATP2B1;GALNT4;ZDHHC17;KCNC2;C12orf50;TPH2;KITLG;E2F7;SYT1;KRR1;TRHDE;PPFIA2;POC1B-GALNT4;SLC6A15;NAV3;MGAT4C;OSBPL8;LGR5;CAPS2;RASSF9;POC1B;DUSP6;OTOGL;MYF6;NTS;TSPAN8;TMTC2;PTPRQ,"[1239, 1395, 1420, 1672, 1832, 2253, 2594, 4118, 7074, 7238, 7650, 8535, 9359, 9805, 10762, 11191, 11488, 11500, 11591, 11771, 11862, 11881, 11911, 12176, 12182, 12199, 12450, 12837, 13348, 13417, 13548, 13650, 13693, 13797, 13937, 13962, 14019, 14155, 15093, 15153, 15160, 15228, 15376, 15647, 15821, 15963, 16163, 16205, 16457, 16481, 16549, 16573, 16615, 16789, 16955, 17009]",c1.all__chr12q21
c1.all,chr10q11,prerank,-0.46982721966002144,-1.6832083810516427,0.0019723865877712033,0.05230431051355787,0.531,15_48,15/48,14.44%,GPRIN2;C10orf53;ANXA8L1;FRMPD2;OR13A1;AGAP4;TMEM72;ANTXRL;DRGX;NPY4R;CSGALNACT2;CXCL12;FXYD4;ZFAND4;TIMM23B,FAM170B;WDFY4;GDF10;HNRNPF;RASGEF1A;RASSF4;ZNF22;ZNF32;ARHGAP22;PRKG1;A1CF;SGMS1;OGDHL;TIMM23;AGAP9;BMS1;ZNF487;PARG;ASAH2;VSTM4;AGAP6;ALOX5;RET;ZNF485;NCOA4;ERCC6;ZNF239;ZNF488;RBP3;ASAH2B;MAPK8;ZNF33B;SYT15;TIMM23B;ZFAND4;FXYD4;CXCL12;CSGALNACT2;NPY4R;DRGX;ANTXRL;TMEM72;AGAP4;OR13A1;FRMPD2;ANXA8L1;C10orf53;GPRIN2,"[189, 2166, 3310, 3590, 3900, 4046, 4080, 4121, 6729, 6861, 8113, 8313, 8334, 8598, 8822, 9068, 9322, 9528, 9812, 10390, 10694, 10750, 11018, 11312, 11387, 11441, 11900, 12781, 13155, 13318, 13764, 13868, 13892, 14990, 15033, 15049, 15960, 16083, 16298, 16671, 16780, 16853, 16894, 16911, 16931, 17250, 17310, 17342]",c1.all__chr10q11
c1.all,chr5q34,prerank,-0.6464020913728303,-1.6963926210613114,0.001953125,0.053085447732443676,0.48,6_13,6/13,13.61%,GABRA6;ATP10B;PANK3;GABRB2;GABRA1;GABRG2,FBLL1;CCNG1;WWC1;NUDCD2;MAT2B;TENM2;HMMR;GABRG2;GABRA1;GABRB2;PANK3;ATP10B;GABRA6,"[2872, 3763, 4493, 9031, 9288, 12581, 13114, 15134, 15279, 15562, 15637, 17309, 17516]",c1.all__chr5q34
c1.all,chr5q21,prerank,-0.6256884667575797,-1.6494697753421508,0.025341130604288498,0.053147442749815574,0.65,9_13,9/13,25.58%,NUDT12;PPIP5K2;PJA2;SLCO4C1;PAM;MAN2A1;FAM174A;GIN1;ST8SIA4,FER;EFNA5;CHD1;FBXL17;ST8SIA4;GIN1;FAM174A;MAN2A1;PAM;SLCO4C1;PJA2;PPIP5K2;NUDT12,"[6233, 6393, 10489, 11721, 13038, 13225, 13757, 14040, 14564, 15281, 15660, 15773, 16129]",c1.all__chr5q21
c1.all,chr8q12,prerank,-0.5414795286607885,-1.6859743401730374,0.0057361376673040155,0.0534168647050107,0.519,10_26,10/26,24.97%,PENK;PLAG1;CYP7B1;XKR4;CHD7;CHCHD7;CLVS1;BHLHE22;RAB2A;TMEM68,NKAIN3;RPS20;SDR16C5;GGH;SDCBP;LYN;TGS1;CA8;TTPA;FAM110B;CYP7A1;TOX;ASPH;UBXN2B;YTHDF3;NSMAF;TMEM68;RAB2A;BHLHE22;CLVS1;CHCHD7;CHD7;XKR4;CYP7B1;PLAG1;PENK,"[3394, 4125, 5166, 5474, 5990, 6593, 6846, 6932, 7398, 7513, 8226, 8548, 8927, 9492, 10413, 12431, 13144, 13360, 13925, 14080, 14640, 15400, 16316, 16783, 17212, 17511]",c1.all__chr8q12
c1.all,chr4q26,prerank,-0.6210873677973324,-1.6519231467947677,0.0137524557956778,0.05430559142599373,0.643,10_14,10/14,29.01%,NDST4;TRAM1L1;PDE5A;SYNPO2;NDST3;UGT8;CAMK2D;MYOZ2;PRSS12;ARSJ,USP53;SEC24D;C4orf3;METTL14;ARSJ;PRSS12;MYOZ2;CAMK2D;UGT8;NDST3;SYNPO2;PDE5A;TRAM1L1;NDST4,"[5086, 7971, 10795, 11609, 12437, 13112, 13192, 13921, 14067, 15638, 15843, 16130, 16993, 17401]",c1.all__chr4q26
c1.all,chr18q12,prerank,-0.4668927227296549,-1.6542938644625287,0.004008016032064128,0.05485177434167934,0.632,23_40,23/40,31.95%,DSG3;ZNF396;KLHL14;SLC14A2;RNF125;DSC1;DSG1;MEP1B;B4GALT6;MAPRE2;TTR;PIK3C3;SETBP1;TRAPPC8;ELP2;ZSCAN30;SYT4;KIAA1328;RNF138;SLC39A6;ZNF397;FHOD3;CCDC178,SLC14A1;SIGLEC15;MOCOS;DSC2;CDH2;DTNA;DSG2;CELF4;ZNF24;RIT2;GALNT1;INO80C;NOL4;C18orf21;RPRD1A;ASXL3;TPGS2;CCDC178;FHOD3;ZNF397;SLC39A6;RNF138;KIAA1328;SYT4;ZSCAN30;ELP2;TRAPPC8;SETBP1;PIK3C3;TTR;MAPRE2;B4GALT6;MEP1B;DSG1;DSC1;RNF125;SLC14A2;KLHL14;ZNF396;DSG3,"[1599, 2768, 3296, 3352, 4129, 4949, 5237, 5992, 6424, 7309, 8416, 9263, 9307, 9599, 10465, 11179, 11269, 11922, 11971, 12233, 12529, 12887, 13012, 13102, 13486, 13758, 14054, 14063, 14671, 15340, 15436, 15561, 15755, 15977, 16044, 16659, 17000, 17090, 17098, 17348]",c1.all__chr18q12
c1.all,chr6q16,prerank,-0.5506629670519343,-1.6365612301395231,0.023305084745762712,0.057008214086760885,0.689,12_21,12/21,28.25%,FUT9;MCHR2;HACE1;GPR63;GRIK2;UFL1;MANEA;FHL5;ASCC3;KLHL32;CCNC;USP45,MMS22L;POU3F2;PNISR;COQ3;LIN28B;EPHA7;NDUFAF4;FAXC;FBXL4;USP45;CCNC;KLHL32;ASCC3;FHL5;MANEA;UFL1;GRIK2;GPR63;HACE1;MCHR2;FUT9,"[3655, 4084, 5792, 6232, 7241, 8816, 9345, 10477, 10813, 12570, 12989, 13638, 13846, 13878, 14428, 15619, 15737, 15855, 16453, 16755, 17168]",c1.all__chr6q16
c1.all,chr8p21,prerank,0.4177646084956545,1.665171553665364,0.0,0.057911749134994014,0.632,18_73,18/73,10.52%,TNFRSF10D;STC1;DOK2;FGF17;TNFRSF10A;SCARA5;SLC18A1;CLU;GNRH1;TNFRSF10B;TNFRSF10C;REEP4;HMBOX1;SORBS3;ZNF395;BMP1;SH2D4A;C8orf58,TNFRSF10D;STC1;DOK2;FGF17;TNFRSF10A;SCARA5;SLC18A1;CLU;GNRH1;TNFRSF10B;TNFRSF10C;REEP4;HMBOX1;SORBS3;ZNF395;BMP1;SH2D4A;C8orf58;BIN3;SLC39A14;SFTPC;NKX3-1;LOXL2;PDLIM2;ADAM28;CDCA2;PPP3CC;CSGALNACT1;CHMP7;INTS9;PHYHIP;PTK2B;DOCK5;SCARA3;NUGGC;LGI3;ELP3;LZTS1;LPL;KCTD9;POLR3D;INTS10;ADRA1A;DPYSL2;EXTL3;PPP2R2A;GFRA2;EPHX2;R3HCC1;RHOBTB2;XPO7;PEBP4;NEFM;PNMA2;ENTPD4;NPM2;SLC25A37;FZD3;ESCO2;CCDC25;ATP6V1B2;TRIM35;PBK;PIWIL2;STMN4;BNIP3L;NUDT18;FBXO16;CHRNA2;HR;EGR3;PNOC;EBF2,"[26, 156, 247, 282, 363, 450, 591, 751, 880, 900, 1007, 1063, 1284, 1367, 1590, 1594, 1800, 1842, 2244, 2870, 2991, 3364, 3448, 4446, 4449, 4927, 5541, 6090, 6274, 6407, 6439, 6612, 6967, 7386, 7984, 9103, 9360, 9472, 9605, 9630, 9675, 9773, 10298, 10305, 10331, 10733, 10772, 10819, 10886, 10919, 11276, 11579, 11715, 11761, 11838, 11990, 12360, 12372, 12414, 12499, 12573, 13398, 13950, 14411, 15063, 15148, 15365, 15792, 16346, 16376, 16690, 16753, 17397]",c1.all__chr8p21
c1.all,chr15q14,prerank,-0.5416260279903443,-1.6256612472828615,0.024299065420560748,0.060929802492120294,0.726,12_21,12/21,28.42%,SLC12A6;PGBD4;RASGRP1;ACTC1;FSIP1;GJD2;ZNF770;GOLGA8B;AQR;FAM98B;GOLGA8A;KATNBL1,AVEN;NOP10;LPCAT4;CHRM5;EMC7;SPRED1;EMC4;THBS1;MEIS2;KATNBL1;GOLGA8A;FAM98B;AQR;GOLGA8B;ZNF770;GJD2;FSIP1;ACTC1;RASGRP1;PGBD4;SLC12A6,"[3484, 3748, 4400, 7089, 8527, 9042, 9073, 10764, 11265, 12541, 13099, 13433, 13475, 14971, 15566, 15879, 16128, 16182, 16548, 16890, 16939]",c1.all__chr15q14
c1.all,chr7p15,prerank,-0.5016851990446334,-1.6155121875707856,0.02385685884691849,0.06382209909814963,0.761,13_28,13/28,19.38%,STK31;KIAA0087;STEAP1B;NPY;NFE2L3;IGF2BP3;CREB5;SNX10;RAPGEF5;CDCA7L;FAM221A;JAZF1;OSBPL3,IL6;GPNMB;TOMM7;MALSU1;CCDC126;TRA2A;HNRNPA2B1;HIBADH;DNAH11;SP4;CBX3;KLHL7;TAX1BP1;CYCS;SKAP2;OSBPL3;JAZF1;FAM221A;CDCA7L;RAPGEF5;SNX10;CREB5;IGF2BP3;NFE2L3;NPY;STEAP1B;KIAA0087;STK31,"[719, 2421, 4113, 5714, 6370, 6490, 7364, 7539, 8027, 8354, 10190, 10735, 11693, 12163, 13288, 14124, 14223, 14224, 14433, 14966, 14985, 15011, 15081, 15172, 15213, 15523, 16305, 17352]",c1.all__chr7p15
c1.all,chr7q21,prerank,-0.4264652792281893,-1.6059733135692345,0.003816793893129771,0.06546507776389286,0.793,32_67,32/67,24.86%,CD36;ERVW-1;TAC1;ZNF804B;SLC25A13;PCLO;DLX6;SEMA3E;HEPACAM2;CYP51A1;GNAI1;PEX1;GRM3;SLC25A40;AKAP9;DMTF1;ADAM22;CACNA2D1;DYNC1I1;CDK14;GTPBP10;GATAD1;SEMA3C;SEMA3D;PEG10;CASD1;CROT;KRIT1;PON1;ANKIB1;RUNDC3B;MAGI2,HGF;TMEM243;STEAP4;BRI3;GNG11;RBM48;FZD1;PDK4;COL1A2;PON2;ABCB1;BHLHA15;LRRD1;CLDN12;ASNS;FAM133B;ASB4;STEAP1;SAMD9;CALCR;TECPR1;BET1;SRI;SEMA3A;ABCB4;PON3;TFPI2;SGCE;PPP1R9A;DBF4;CDK6;LMTK2;SAMD9L;DLX5;STEAP2;MAGI2;RUNDC3B;ANKIB1;PON1;KRIT1;CROT;CASD1;PEG10;SEMA3D;SEMA3C;GATAD1;GTPBP10;CDK14;DYNC1I1;CACNA2D1;ADAM22;DMTF1;AKAP9;SLC25A40;GRM3;PEX1;GNAI1;CYP51A1;HEPACAM2;SEMA3E;DLX6;PCLO;SLC25A13;ZNF804B;TAC1;ERVW-1;CD36,"[374, 1255, 1358, 1824, 1851, 1927, 2005, 2104, 2167, 2503, 2773, 4074, 4455, 4826, 5694, 6068, 6742, 6891, 8115, 8144, 8492, 8741, 9101, 9232, 9423, 9506, 9956, 10083, 10344, 11526, 11655, 11974, 12091, 12175, 12674, 13164, 13195, 13319, 13376, 13410, 13624, 13660, 13725, 13854, 14269, 14462, 14757, 14850, 14913, 14928, 15022, 15101, 15184, 15703, 15908, 16114, 16238, 16247, 16288, 16757, 16884, 16886, 16891, 16975, 17415, 17466, 17499]",c1.all__chr7q21
c1.all,chr8q22,prerank,-0.42112376502511123,-1.6090061017781605,0.005988023952095809,0.06595955587912321,0.782,31_61,31/61,27.42%,RGS22;ODF1;CDH17;FBXO43;NCALD;KCNS2;TMEM67;MATN2;CCNE2;KLF10;TRIQK;SLC25A32;CTHRC1;LAPTM4B;TSPYL5;VPS13B;LRP12;ZNF706;AZIN1;RRM2B;FSBP;RIMS2;MTDH;YWHAZ;RBM12B-AS1;POP1;FZD6;GRHL2;PDP1;DCAF13;ZFPM2,GEM;SNX31;SDC2;PLEKHF2;CPQ;ESRP1;OSR2;DPYS;TP53INP1;RPL30;PABPC1;INTS8;COX6C;GDF6;PTDSS1;RAD54B;DCSTAMP;UQCRB;STK3;UBR5;RNF19A;NIPAL2;RBM12B;POLR2K;ANKRD46;SPAG1;NDUFAF6;DPY19L4;BAALC;ATP6V1C1;ZFPM2;DCAF13;PDP1;GRHL2;FZD6;POP1;RBM12B-AS1;YWHAZ;MTDH;RIMS2;FSBP;RRM2B;AZIN1;ZNF706;LRP12;VPS13B;TSPYL5;LAPTM4B;CTHRC1;SLC25A32;TRIQK;KLF10;CCNE2;MATN2;TMEM67;KCNS2;NCALD;FBXO43;CDH17;ODF1;RGS22,"[249, 441, 1795, 2291, 2372, 3523, 3999, 5022, 5872, 6030, 6350, 6375, 6573, 6789, 7286, 7380, 7417, 7589, 8220, 8879, 9023, 9794, 10124, 10467, 10894, 11281, 11548, 11747, 11904, 12279, 12716, 12752, 13041, 13334, 13464, 13671, 13680, 13740, 13974, 13984, 14134, 14193, 14203, 14293, 14696, 14832, 14834, 14932, 15058, 15221, 15655, 15725, 15863, 15865, 15984, 16077, 16146, 16992, 17015, 17100, 17294]",c1.all__chr8q22
c1.all,chr11q12,prerank,0.38783540137391526,1.6207602065183275,0.002061855670103093,0.06859474018091741,0.778,27_109,27/109,15.65%,MS4A6A;SLC22A8;SLC43A3;RAB3IL1;MS4A14;SLC3A2;SCGB1D2;SLC15A3;EEF1G;ZP1;LRRN4CL;AHNAK;SLC43A1;TMEM216;FAM111B;SDHAF2;MS4A4A;ROM1;TMEM132A;FADS3;MS4A7;SERPING1;NXF1;MS4A4E;MTA2;TNKS1BP1;TCN1,MS4A6A;SLC22A8;SLC43A3;RAB3IL1;MS4A14;SLC3A2;SCGB1D2;SLC15A3;EEF1G;ZP1;LRRN4CL;AHNAK;SLC43A1;TMEM216;FAM111B;SDHAF2;MS4A4A;ROM1;TMEM132A;FADS3;MS4A7;SERPING1;NXF1;MS4A4E;MTA2;TNKS1BP1;TCN1;EML3;VPS37C;APLNR;SCGB1A1;B3GAT3;UBE2L6;MS4A15;TUT1;SLC22A6;PATL1;P2RX3;TMEM109;MED19;SSRP1;INTS5;UBXN1;ASRGL1;ZBTB3;PTGDR2;LGALS12;SLC22A25;TAF6L;WDR74;STX5;TTC9C;HNRNPUL2;CYB561A3;OOSP1;CCDC86;CD5;PRPF19;TMEM179B;FADS2;RTN4RL2;ZDHHC5;FTH1;CPSF7;MRPL16;TMEM258;SMTNL1;CLP1;SLC22A9;CTNND1;ZFP91;OR5B12;BSCL2;FAM111A;TMEM223;SYT7;LRRC10B;VWCE;DAGLA;GANAB;GNG3;OSBP;TIMM10;YPEL4;CNTF;CHRM1;TMX2;CD6;STX3;DDB1;POLR2G;PGA5;MPEG1;BEST1;BTBD18;LRRC55;GLYATL2;MYRF;INCENP;SLC22A10;LPXN;FEN1;TMEM138;GLYATL1;TRIM51;DTX4;MS4A1;MS4A8;FADS1,"[137, 330, 429, 481, 539, 634, 773, 976, 1035, 1075, 1127, 1208, 1234, 1254, 1485, 1503, 1623, 1693, 1787, 2014, 2085, 2181, 2183, 2221, 2411, 2637, 2740, 3147, 3599, 3782, 3821, 4274, 4279, 4432, 4501, 4643, 4667, 4693, 4738, 4765, 4860, 4893, 4906, 5198, 5397, 5444, 5646, 5649, 5801, 6022, 6145, 6157, 6281, 6470, 6507, 6623, 6842, 6921, 7248, 7257, 7487, 7560, 7728, 7922, 7995, 8017, 8042, 8556, 8678, 9109, 9341, 9471, 9544, 9616, 9691, 9968, 10011, 10532, 10618, 10818, 10828, 11041, 11072, 11092, 11175, 11287, 11496, 11543, 11692, 12239, 12623, 12879, 12924, 13222, 13266, 13272, 13481, 13511, 13749, 13859, 13923, 13981, 14093, 14406, 14634, 14686, 15249, 15702, 16367]",c1.all__chr11q12
c1.all,chr21q22,prerank,0.385948208503902,1.627613287452259,0.002012072434607646,0.0702414624142932,0.762,32_115,32/115,16.06%,MRPS6;SLC5A3;MRAP;KCNJ15;RIPK4;ITGB2;BACE2;AIRE;DNMT3L;RUNX1;TMPRSS2;SIK1;CRYAA;TMPRSS3;LRRC3;TSPEAR;PTTG1IP;SH3BGR;COL6A2;UMODL1;SLC19A1;COL6A1;IL10RB;C2CD2;FTCD;CBS;IFNGR2;TFF3;FAM3B;CSTB;CLDN14;CBR3,MRPS6;SLC5A3;MRAP;KCNJ15;RIPK4;ITGB2;BACE2;AIRE;DNMT3L;RUNX1;TMPRSS2;SIK1;CRYAA;TMPRSS3;LRRC3;TSPEAR;PTTG1IP;SH3BGR;COL6A2;UMODL1;SLC19A1;COL6A1;IL10RB;C2CD2;FTCD;CBS;IFNGR2;TFF3;FAM3B;CSTB;CLDN14;CBR3;RRP1;SPATC1L;DONSON;PRDM15;LSS;PKNOX1;EVA1C;PDXK;MX2;PDE9A;TRPM2;TCP10L;SOD1;SCAF4;PRMT2;UBE2G2;PFKL;ITSN1;SLC37A1;POFUT2;OLIG1;TMEM50B;ERG;MORC3;SIM2;SUMO3;ZBTB21;URB1;ABCG1;RRP1B;NDUFV3;ETS2;YBEY;PCBP3;MX1;SMIM11;IGSF5;RCAN1;IFNAR1;DSCAM;CLIC6;U2AF1;IFNAR2;PCNT;LCA5L;WDR4;PAXBP1;ADARB1;COL18A1;DYRK1A;AGPAT3;KCNE2;HUNK;MCM3AP;PWP2;C21orf58;ICOSLG;TRAPPC10;OLIG2;SETD4;DIP2A;B3GALT5;CBR1;SON;MIS18A;TTC3;DNAJC28;CRYZL1;RSPH1;GART;CHAF1B;S100B;SYNJ1;PSMG1;BRWD1;TIAM1;PIGP;KCNJ6;HMGN1;HLCS;HSF2BP;PCP4;KCNE1,"[80, 155, 163, 311, 316, 507, 527, 671, 708, 845, 889, 932, 953, 1169, 1244, 1408, 1541, 1556, 1579, 1961, 1962, 2004, 2113, 2119, 2277, 2489, 2560, 2699, 2703, 2706, 2771, 2812, 3315, 3346, 3438, 3631, 3829, 4045, 4154, 4198, 4368, 4506, 4547, 4565, 4670, 4823, 5378, 5446, 5478, 5568, 6078, 6161, 6396, 6614, 7080, 7104, 7115, 7222, 7231, 7384, 7448, 7530, 7885, 7952, 7956, 8154, 8341, 8557, 8593, 8774, 9159, 9295, 9495, 9543, 9657, 9706, 9924, 9970, 9982, 10202, 10285, 10400, 10522, 10543, 11174, 11377, 11735, 12257, 12315, 12366, 12486, 12542, 12769, 12888, 13032, 13048, 13336, 13391, 13405, 13774, 13903, 13926, 14171, 14438, 14656, 14740, 14838, 15019, 15189, 15322, 15902, 16020, 16472, 17145, 17326]",c1.all__chr21q22
c1.all,chr1q21,prerank,0.36559922759411306,1.597683505973581,0.001937984496124031,0.07233533980731703,0.839,35_153,35/153,13.53%,S100A12;ITGA10;S100A7;NUP210L;S100A8;BNIPL;S100A4;TDRD10;EFNA4;PBXIP1;FCGR1A;S100A9;ADAMTSL4;NBPF10;RAB13;PPIAL4G;S100A11;NUDT17;S100A6;AQP10;SELENBP1;S100A10;MCL1;IL6R;CTSS;ZBTB7B;S100A2;TNFAIP8L2;LCE5A;ANKRD35;CTSK;KCNN3;PLEKHO1;GOLPH3L;CD160,S100A12;ITGA10;S100A7;NUP210L;S100A8;BNIPL;S100A4;TDRD10;EFNA4;PBXIP1;FCGR1A;S100A9;ADAMTSL4;NBPF10;RAB13;PPIAL4G;S100A11;NUDT17;S100A6;AQP10;SELENBP1;S100A10;MCL1;IL6R;CTSS;ZBTB7B;S100A2;TNFAIP8L2;LCE5A;ANKRD35;CTSK;KCNN3;PLEKHO1;GOLPH3L;CD160;PYGO2;JTB;C1orf56;CRTC2;PDE4DIP;SEMA6C;CKS1B;PMVK;ACP6;NPR1;SF3B4;SLC39A1;SHE;UBE2Q1;NBPF9;CGN;MTMR11;C1orf54;SHC1;NBPF20;LIX1L;POLR3GL;NBPF14;VPS72;DENND4B;SLC27A3;S100A5;ECM1;ATP8B2;FLAD1;EFNA3;TXNIP;RPS27;GPR89A;SCNM1;PSMD4;HAX1;SNAPIN;ANXA9;FMO5;TUFT1;SNX27;PSMB4;MRPS21;S100A14;S100A13;INTS3;TCHH;S100A16;S100A1;BOLA1;PI4KB;CDC42SE1;FAM72C;CERS2;C1orf43;MRPL9;ADAM15;NBPF11;LYSMD1;PIAS3;PRPF3;TPM3;ZNF687;ANKRD34A;BCL9;ILF2;TARS2;ADAR;UBAP2L;PEX11B;PIP5K1A;SV2A;DCST2;VPS45;POGZ;S100A3;DCST1;ARNT;GATAD2B;CELF3;GABPB2;RPRD2;APH1A;OAZ3;RFX5;ENSA;CREB3L4;RBM8A;MLLT11;CHTOP;SETDB1;PRKAB2;ANP32E;NBPF12;C2CD4D;OTUD7B;LENEP;THEM4;RNF115;CHD1L;FAM72D;POLR3C;TDRKH;FLG;CHRNB2;PDZK1;THEM5;NBPF15;HORMAD1;GPR89B;RIIAD1;GJA5;CA14;HRNR;SPRR2G;RORC;LINGO4,"[11, 81, 87, 94, 157, 161, 245, 621, 689, 760, 808, 820, 896, 971, 992, 1033, 1102, 1229, 1299, 1401, 1432, 1551, 1560, 1632, 1687, 1729, 1766, 1945, 1949, 1950, 2173, 2196, 2295, 2310, 2369, 2762, 2763, 2792, 2952, 3034, 3101, 3424, 3529, 3539, 3752, 3772, 3846, 4091, 4149, 4222, 4291, 4323, 4434, 4467, 4622, 4689, 4729, 4788, 4799, 5000, 5191, 5222, 5343, 5374, 5582, 5647, 5739, 5753, 5972, 6072, 6131, 6357, 6433, 6452, 6575, 6613, 6776, 6996, 7064, 7129, 7311, 7374, 7520, 7740, 7770, 7781, 7798, 7808, 7823, 7863, 7864, 7988, 8067, 8195, 8235, 8246, 8444, 8503, 8555, 8663, 8679, 9049, 9054, 9405, 9468, 9656, 9849, 9870, 9879, 9892, 10129, 10231, 10378, 10553, 10679, 10755, 10787, 10799, 10876, 10879, 11605, 11616, 11653, 11920, 11957, 12029, 12362, 12463, 12553, 13314, 13476, 13525, 13704, 13837, 14313, 14386, 14622, 14787, 15320, 15530, 15542, 15635, 15716, 15771, 15889, 16079, 16313, 16440, 17005, 17115, 17267, 17426, 17459]",c1.all__chr1q21
c1.all,chr22q11,prerank,0.3930571245639057,1.60264900093212,0.0019230769230769232,0.0742244280204668,0.822,39_93,39/93,27.23%,IGLL1;ADORA2A;CLDN5;LINC00528;PRODH;CDC45;GGT5;DERL3;TBX1;SERPIND1;TOP3B;SLC25A1;SPECC1L;SDF2L1;AIFM3;BID;DGCR6;GSTT2B;SLC25A18;SCARF2;CRYBB2;GNB1L;HIC2;MIF;LRP5L;CHCHD10;VPREB3;PPM1F;ZDHHC8;ZNF74;UBE2L3;MED15;TUBA8;TXNRD2;USP18;LZTR1;COMT;HIRA;SMARCB1,IGLL1;ADORA2A;CLDN5;LINC00528;PRODH;CDC45;GGT5;DERL3;TBX1;SERPIND1;TOP3B;SLC25A1;SPECC1L;SDF2L1;AIFM3;BID;DGCR6;GSTT2B;SLC25A18;SCARF2;CRYBB2;GNB1L;HIC2;MIF;LRP5L;CHCHD10;VPREB3;PPM1F;ZDHHC8;ZNF74;UBE2L3;MED15;TUBA8;TXNRD2;USP18;LZTR1;COMT;HIRA;SMARCB1;DGCR6L;MMP11;IL17RA;CABIN1;GSTT2;SGSM1;CRKL;GNAZ;KLHL22;CRYBB3;DGCR2;YDJC;KIAA1671;C22orf39;BCR;SUSD2;DDTL;CCDC116;UPB1;ZNF280B;ARVCF;RTN4R;RIMBP3B;MRPL40;DGCR8;TRMT2A;GGT1;GUCD1;DDT;THAP7;TANGO2;CLTCL1;SNAP29;PI4KA;BCL2L13;P2RX6;MAPK1;PPIL2;SLC7A4;RANBP1;RGL4;GGTLC2;ATP6V1E1;RIMBP3;YPEL1;PEX26;MICAL3;SNRPD3;SLC2A11;RAB36;ZNF70;RIMBP3C;CECR2;C22orf15,"[373, 456, 781, 797, 859, 881, 905, 1055, 1097, 1107, 1162, 1464, 1552, 1576, 1596, 1667, 1845, 1883, 1974, 2090, 2150, 2646, 2713, 3194, 3233, 3311, 3598, 3842, 3926, 4254, 4361, 4376, 4414, 4527, 4553, 4587, 4655, 4763, 4769, 4973, 5090, 5292, 5326, 5465, 5608, 5689, 5715, 5782, 6235, 6302, 6356, 6707, 6844, 7045, 7259, 7336, 7423, 7444, 7467, 7936, 8003, 8116, 8127, 8138, 8620, 8755, 8901, 8961, 9025, 9672, 10252, 10471, 10484, 11036, 11375, 11454, 11464, 11469, 11601, 11637, 11646, 11934, 11950, 12124, 12917, 13260, 13492, 13598, 15738, 15813, 16495, 16763, 16790]",c1.all__chr22q11
c1.all,chrXq28,prerank,0.42728848088293403,1.628130288899381,0.006396588486140725,0.07540411179914261,0.76,25_75,25/75,21.30%,CSAG1;GABRE;MAGEA12;PNMA6A;DUSP9;CLIC2;FATE1;HAUS7;NAA10;TREX2;ABCD1;GABRQ;PLXNA3;BGN;FAM50A;GAB3;BCAP31;PNCK;TKTL1;IRAK1;HCFC1;TMEM187;ARHGAP4;SRPK3;RENBP,CSAG1;GABRE;MAGEA12;PNMA6A;DUSP9;CLIC2;FATE1;HAUS7;NAA10;TREX2;ABCD1;GABRQ;PLXNA3;BGN;FAM50A;GAB3;BCAP31;PNCK;TKTL1;IRAK1;HCFC1;TMEM187;ARHGAP4;SRPK3;RENBP;LAGE3;UBL4A;F8A1;SLC10A3;SLC6A8;MAMLD1;DKC1;ZNF275;PNMA5;RPL10;FUNDC2;TMEM185A;MTM1;G6PD;DNASE1L1;FLNA;SSR4;IDH3G;GDI1;FAM3A;MPP1;IKBKG;PDZD4;PRRG3;L1CAM;EMD;ATP6AP1;MTMR1;CD99L2;RAB39B;MECP2;GABRA3;CETN2;NSDHL;PLXNB3;ATP2B3;PNMA3;AFF2;VMA21;ZNF185;TMLHE;VBP1;F8;BRCC3;MAGEA8;IDS;HMGB3;ZFP92;AVPR2;MTCP1,"[125, 241, 333, 372, 407, 544, 887, 1379, 1616, 1815, 1858, 1985, 2136, 2213, 2559, 2873, 3036, 3053, 3190, 3238, 3292, 3328, 3432, 3725, 3730, 4019, 4985, 5028, 5133, 5152, 5565, 5618, 5642, 5827, 5905, 5939, 6056, 6389, 6615, 6695, 6813, 6863, 7270, 7277, 7332, 7580, 7641, 7648, 7746, 7846, 7943, 8518, 8658, 8910, 9003, 9465, 9536, 9649, 10654, 11345, 11435, 11629, 11931, 12971, 13080, 13193, 13718, 13730, 13753, 14307, 14810, 14919, 15407, 15575, 15719]",c1.all__chrXq28
c1.all,chrXq21,prerank,-0.4795105114141319,-1.5801797273957197,0.02074688796680498,0.07916683205380717,0.86,15_30,15/30,26.59%,APOOL;RPS6KA6;PCDH11X;KLHL4;BRWD3;PABPC5;LPAR4;ZNF711;CHM;HDX;TAF9B;MAGT1;CYSLTR1;POU3F4;DACH2,HMGN5;RPA4;FGF16;POF1B;ITM2A;SATL1;PGAM4;SH3BGRL;PGK1;COX7B;NAP1L3;DIAPH2;ATRX;ATP7A;FAM133A;DACH2;POU3F4;CYSLTR1;MAGT1;TAF9B;HDX;CHM;ZNF711;LPAR4;PABPC5;BRWD3;KLHL4;PCDH11X;RPS6KA6;APOOL,"[2190, 2905, 5693, 5735, 5805, 6987, 9177, 9454, 9884, 10672, 10805, 11352, 11432, 11610, 11758, 12861, 13037, 13103, 13400, 14346, 14403, 14804, 14881, 15206, 15253, 15486, 16445, 16566, 16848, 17283]",c1.all__chrXq21
c1.all,chr21q21,prerank,-0.5290811962534749,-1.5755826029805369,0.017543859649122806,0.07970787947814366,0.872,12_22,12/22,24.50%,ADAMTS5;LTN1;CHODL;MAP3K7CL;CXADR;GRIK1;USP16;RWDD2B;C21orf91;NRIP1;APP;N6AMT1,CYYR1;JAM2;ADAMTS1;CCT8;BACH1;GABPA;BTG3;NCAM2;MRPL39;USP25;N6AMT1;APP;NRIP1;C21orf91;RWDD2B;USP16;GRIK1;CXADR;MAP3K7CL;CHODL;LTN1;ADAMTS5,"[2209, 2580, 3516, 5451, 6606, 7256, 9036, 9595, 10709, 12033, 13227, 13823, 14013, 14268, 14452, 15161, 15259, 15617, 15894, 16213, 16404, 17472]",c1.all__chr21q21
c1.all,chr14q21,prerank,-0.492873697753558,-1.5707832418365528,0.035849056603773584,0.08037287092978987,0.881,12_29,12/29,23.74%,TTC6;KLHL28;L2HGDH;POLE2;KLHDC1;FANCM;TRAPPC6B;C14orf28;SEC23A;NEMF;MIS18BP1;PNN,RPL36AL;RPS29;LRR1;FBXO33;DNAAF2;KLHDC2;ARF6;FKBP3;GEMIN2;PRPF39;FOXA1;CLEC14A;MGAT2;MDGA2;LRFN5;SOS2;SSTR1;PNN;MIS18BP1;NEMF;SEC23A;C14orf28;TRAPPC6B;FANCM;KLHDC1;POLE2;L2HGDH;KLHL28;TTC6,"[3634, 4056, 4499, 4886, 5271, 5290, 6875, 7807, 8413, 8474, 8586, 8843, 9900, 10373, 11923, 12039, 12652, 13361, 13755, 14050, 14191, 14684, 14831, 15601, 15832, 16147, 16312, 16411, 17374]",c1.all__chr14q21
c1.all,chr3q25,prerank,-0.417358345367235,-1.5638467283595434,0.007905138339920948,0.08224303286710127,0.892,28_54,28/54,24.32%,GPR149;MME;ANKUB1;LEKR1;MED12L;LXN;KCNAB1;VEPH1;IQCJ-SCHIP1;SCHIP1;IGSF10;SMC4;DHX36;GMPS;GFM1;P2RY1;PTX3;RSRC1;C3orf80;MLF1;PPM1L;IFT80;P2RY12;RNF13;CCNL1;SSR3;PFN2;P2RY13,TRIM59;CP;TM4SF18;TM4SF1;GPR171;WWTR1;SIAH2;ARHGEF26;IQCJ;P2RY14;TIPARP;SERP1;GPR87;RAP2B;C3orf33;SHOX2;KPNA4;PLCH1;TSC22D2;MBNL1;IL12A;SLC33A1;COMMD2;RARRES1;EIF2A;MFSD1;P2RY13;PFN2;SSR3;CCNL1;RNF13;P2RY12;IFT80;PPM1L;MLF1;C3orf80;RSRC1;PTX3;P2RY1;GFM1;GMPS;DHX36;SMC4;IGSF10;SCHIP1;IQCJ-SCHIP1;VEPH1;KCNAB1;LXN;MED12L;LEKR1;ANKUB1;MME;GPR149,"[545, 546, 612, 694, 1142, 2096, 2266, 2342, 3287, 3460, 4114, 4186, 5947, 6378, 6532, 7828, 8509, 8530, 9837, 9907, 11372, 11535, 12240, 12374, 12585, 12949, 13259, 13460, 13471, 13575, 13716, 13973, 14084, 14520, 14632, 14648, 14701, 15139, 15190, 15437, 15630, 15797, 15839, 15858, 15891, 16141, 16287, 16311, 16365, 16373, 17282, 17359, 17362, 17514]",c1.all__chr3q25
c1.all,chr11p14,prerank,-0.524499439483653,-1.5497751778979867,0.032388663967611336,0.08782759530603561,0.92,13_19,13/19,34.72%,BDNF;ANO3;LUZP2;MPPED2;MUC15;SLC17A6;SLC5A12;SVIP;KIF18A;FIBIN;KCNA4;GAS2;FANCF,BBOX1;LIN7C;CCDC34;LGR4;ARL14EP;METTL15;FANCF;GAS2;KCNA4;FIBIN;KIF18A;SVIP;SLC5A12;SLC17A6;MUC15;MPPED2;LUZP2;ANO3;BDNF,"[2962, 4817, 6042, 6586, 8295, 9715, 11437, 11645, 11956, 12236, 12438, 13157, 14208, 14324, 14956, 15383, 16035, 16571, 17407]",c1.all__chr11p14
c1.all,chr18q21,prerank,-0.4045900784303397,-1.5497806871771422,0.009633911368015413,0.09016469155887093,0.92,26_64,26/64,25.07%,STARD6;DCC;IER3IP1;ONECUT2;LOXHD1;SERPINB2;ST8SIA5;MYO5B;FECH;VPS4B;ME2;GRP;RAB27B;MRO;SERPINB13;CCBE1;C18orf54;HDHD2;ZNF532;PIGN;PIAS2;ELAC1;WDR7;ST8SIA3;POLI;EPG5,MC4R;BCL2;CXXC1;ZBTB7C;PMAIP1;CDH20;SMAD7;KATNAL2;PSTPIP2;SMAD4;MEX3C;MAPK4;ALPK2;ZCCHC2;CTIF;RPL17;ATP8B1;HAUS1;SMAD2;MALT1;ACAA2;PHLPP1;MBD1;NEDD4L;MBD2;SEC11C;KDSR;TCF4;CCDC68;RNF152;LMAN1;RPL17-C18orf32;TXNL1;LIPG;DYM;SKA1;TNFRSF11A;C18orf32;EPG5;POLI;ST8SIA3;WDR7;ELAC1;PIAS2;PIGN;ZNF532;HDHD2;C18orf54;CCBE1;SERPINB13;MRO;RAB27B;GRP;ME2;VPS4B;FECH;MYO5B;ST8SIA5;SERPINB2;LOXHD1;ONECUT2;IER3IP1;DCC;STARD6,"[685, 1935, 1942, 2141, 2205, 2429, 2510, 2772, 3047, 3853, 4224, 4471, 4627, 5005, 5346, 6172, 6240, 6737, 6984, 7292, 7514, 7562, 7687, 7744, 8145, 8448, 9154, 9193, 9213, 9707, 9969, 10144, 10749, 11201, 11430, 11808, 12165, 12536, 13128, 13286, 13335, 13521, 13694, 13866, 13906, 14081, 14103, 14137, 15021, 15142, 15179, 15355, 15761, 15823, 15829, 15838, 15906, 16301, 16394, 16400, 16691, 17224, 17427, 17480]",c1.all__chr18q21
c1.all,chr22q13,prerank,0.3490111550017877,1.5585802869914094,0.0057251908396946565,0.09448723174831003,0.943,48_173,48/173,18.71%,MAFF;CELSR1;PARVG;ADM2;FBLN1;A4GALT;HDAC10;CPT1B;NFAM1;TTC38;TSPO;CARD10;APOBEC3A;PHF21B;GRAP2;TYMP;SERHL2;MFNG;ATF4;TRABD;KIAA0930;PRR5;GALR3;PICK1;SCO2;RAC2;CYTH4;TOB2;PIM3;PPARA;POLDIP3;NOL12;TMEM184B;SGSM3;MAPK11;CHKB;RPS19BP1;RANGAP1;MLC1;PLXNB2;LGALS1;UPK3A;SUN2;CACNA1I;GCAT;MAPK12;PACSIN2;POLR3H,MAFF;CELSR1;PARVG;ADM2;FBLN1;A4GALT;HDAC10;CPT1B;NFAM1;TTC38;TSPO;CARD10;APOBEC3A;PHF21B;GRAP2;TYMP;SERHL2;MFNG;ATF4;TRABD;KIAA0930;PRR5;GALR3;PICK1;SCO2;RAC2;CYTH4;TOB2;PIM3;PPARA;POLDIP3;NOL12;TMEM184B;SGSM3;MAPK11;CHKB;RPS19BP1;RANGAP1;MLC1;PLXNB2;LGALS1;UPK3A;SUN2;CACNA1I;GCAT;MAPK12;PACSIN2;POLR3H;SSTR3;APOBEC3D;PPP6R2;LMF2;BIK;GGA1;GTSE1;TRIOBP;KDELR3;PMM1;TEF;RPL3;WNT7B;RABL2B;PANX2;SMDT1;TRMU;MAPK8IP2;ELFN2;NCAPH2;DENND6B;PARVB;KLHDC7B;TTLL12;CERK;SOX10;SYCE3;SH3BP1;CRELD2;FAM227A;CSNK1E;SHANK3;JOSD1;TBC1D22A;XPNPEP3;BAIAP2L2;CBY1;TUBGCP6;ANKRD54;PDGFB;TCF20;FAM118A;CYP2D6;L3MBTL2;GRAMD4;MGAT3;EP300;TTLL8;ACR;ST13;PHF5A;APOBEC3F;DNAL4;TNRC6B;ARSA;KCNJ4;NDUFA6;EIF3L;TOMM22;CYB5R3;NAGA;APOBEC3C;POLR2F;RBX1;SAMM50;ALG12;ARFGAP3;ACO2;CBX7;BRD1;SMC1B;APOBEC3B;MOV10L1;MEI1;CENPM;ZC3H7B;MCAT;XRCC6;DESI1;SULT4A1;SREBF2;CSDC2;ADSL;DDX17;CBX6;SBF1;SYNGR1;APOBEC3G;GTPBP1;RIBC2;NUP50;WBP2NL;NPTXR;CDC42EP1;ZBED4;RRP7A;LGALS2;PLA2G6;TNFRSF13C;TAB1;SLC25A17;TTLL1;ARHGAP8;MICALL1;PDXP;ATXN10;CDPF1;MPPED1;CHADL;CHKB-CPT1B;DMC1;C22orf23;MCHR1;SLC16A8;APOBEC3H;CCDC134;PNPLA5;SHISA8;FAM83F;SCUBE1;PNPLA3;EFCAB6;PKDREJ;DNAJB7;IL17REL,"[25, 49, 167, 211, 317, 446, 472, 602, 826, 836, 915, 918, 946, 1141, 1150, 1187, 1227, 1233, 1272, 1294, 1347, 1434, 1482, 1499, 1609, 1635, 1747, 1838, 1911, 1970, 2018, 2061, 2148, 2161, 2200, 2357, 2479, 2516, 2598, 2606, 2686, 2804, 2890, 2936, 3089, 3184, 3187, 3277, 3445, 3536, 3804, 3871, 3914, 4006, 4120, 4135, 4204, 4260, 4456, 4465, 4515, 4677, 4697, 4745, 4881, 4961, 4965, 5111, 5170, 5204, 5226, 5265, 5405, 5491, 5498, 5570, 5665, 5765, 6138, 6142, 6186, 6234, 6246, 6500, 6534, 6579, 6637, 6686, 6876, 6989, 7108, 7155, 7185, 7363, 7366, 7403, 7454, 7563, 7565, 7721, 7761, 7787, 7848, 7869, 7901, 7912, 8023, 8060, 8071, 8147, 8241, 8332, 8563, 8651, 8688, 8708, 8721, 8861, 8881, 8966, 9221, 9318, 9636, 9641, 9687, 9692, 9845, 10065, 10171, 10237, 10483, 10498, 10537, 10561, 10942, 11087, 11118, 11348, 11560, 11851, 11905, 11972, 12004, 12068, 12269, 12503, 12512, 12654, 13003, 13160, 13221, 13339, 13444, 13727, 13782, 13873, 14230, 14333, 14334, 14376, 14822, 15012, 15212, 15289, 15688, 16770, 16851, 16905, 16968, 17053, 17388, 17469, 17486]",c1.all__chr22q13
c1.all,chr2q32,prerank,-0.4433748249747193,-1.5322303984585224,0.015384615384615385,0.09756244448124783,0.935,17_40,17/40,23.66%,ZSWIM2;HECW2;DNAJC10;STAT1;GULP1;MFSD6;COL3A1;TMEFF2;SLC39A10;ZNF804A;WDR75;PMS1;FSIP2;DNAH7;C2orf88;STAT4;ORMDL1,TFPI;HIBCH;NABP1;STK17B;MSTN;FAM171B;ASNSD1;CALCRL;FRZB;DUSP19;ANKAR;ITGAV;INPP1;NUP35;GLS;MYO1B;NAB1;SLC40A1;NCKAP1;OSGEPL1;ZC3H15;COL5A2;PDE1A;ORMDL1;STAT4;C2orf88;DNAH7;FSIP2;PMS1;WDR75;ZNF804A;SLC39A10;TMEFF2;COL3A1;MFSD6;GULP1;STAT1;DNAJC10;HECW2;ZSWIM2,"[1966, 1968, 2903, 3996, 4498, 4992, 6345, 6831, 7856, 8096, 9425, 9683, 10006, 10239, 10601, 11111, 11114, 11228, 11668, 11947, 12183, 12252, 12556, 13375, 13432, 13489, 13637, 13746, 14132, 14182, 14297, 14607, 14837, 15835, 15992, 16064, 16067, 16422, 17355, 17475]",c1.all__chr2q32
c1.all,chr3p22,prerank,-0.3877128814344599,-1.5266815286270266,0.009746588693957114,0.09929011276893661,0.942,34_74,34/74,29.22%,STAC;SCN11A;ACVR2B;ARPP21;SCN10A;SCN5A;SUSD5;CLASP2;KRBOX1;EXOG;TRANK1;NKTR;XYLB;ENTPD3;TMPPE;MOBP;ULK4;DCLK3;TRIM71;ZNF662;PDCD6IP;ZNF619;ZNF620;MLH1;EPM2AIP1;CTNNB1;DYNC1LI1;XIRP1;SNRK;SLC22A13;VIPR1;UBP1;LRRFIP2;LYZL4,DLEC1;PLCD1;CSRNP1;CMTM7;CTDSPL;VILL;SS18L2;MYD88;CMTM6;GLB1;RPL14;SLC25A38;KLHL40;CMTM8;RPSA;ACAA1;CCK;CRTAP;CYP8B1;ZBTB47;ITGA9;MYRIP;TRAK1;SLC22A14;WDR48;CX3CR1;OXSR1;EIF1B;CNOT10;SEC22C;GPD1L;GORASP1;GOLGA4;HIGD1A;ZNF621;OSBPL10;CCDC13;HHATL;FBXL2;TTC21A;LYZL4;LRRFIP2;UBP1;VIPR1;SLC22A13;SNRK;XIRP1;DYNC1LI1;CTNNB1;EPM2AIP1;MLH1;ZNF620;ZNF619;PDCD6IP;ZNF662;TRIM71;DCLK3;ULK4;MOBP;TMPPE;ENTPD3;XYLB;NKTR;TRANK1;EXOG;KRBOX1;CLASP2;SUSD5;SCN5A;SCN10A;ARPP21;ACVR2B;SCN11A;STAC,"[1156, 1563, 1721, 2054, 2783, 3003, 3227, 3306, 3390, 4038, 4093, 4370, 4859, 4865, 5014, 5040, 5278, 5379, 5633, 5796, 5891, 5967, 6337, 6406, 7377, 7438, 7825, 7909, 8611, 9162, 9552, 10555, 10631, 10809, 10850, 11047, 11074, 11416, 11536, 12144, 12401, 12552, 12614, 12662, 12777, 12792, 12825, 13446, 13480, 13781, 13955, 14010, 14211, 14218, 14898, 14906, 15099, 15310, 15426, 15471, 15545, 15568, 15604, 15648, 15844, 15996, 16165, 16179, 16228, 16598, 17082, 17133, 17141, 17451]",c1.all__chr3p22
c1.all,chr3q12,prerank,-0.5120198790940362,-1.5125558194909432,0.049523809523809526,0.10800612078750607,0.963,11_21,11/21,22.49%,IMPG2;COL8A1;FILIP1L;ABI3BP;LNP1;SENP7;CMSS1;NXPE3;NIT2;DCBLD2;PCNP,NFKBIZ;TMEM45A;RPL24;ST3GAL6;TRMT10C;TFG;ZPLD1;ZBTB11;TBC1D23;CEP97;PCNP;DCBLD2;NIT2;NXPE3;CMSS1;SENP7;LNP1;ABI3BP;FILIP1L;COL8A1;IMPG2,"[1641, 3005, 4014, 4205, 8151, 9060, 9975, 10663, 10992, 12026, 13579, 13643, 14164, 14606, 15038, 15623, 15694, 15819, 15837, 17046, 17143]",c1.all__chr3q12
c1.all,chr4q34,prerank,-0.522949105245476,-1.508940121781048,0.0392156862745098,0.10878986864774064,0.966,11_19,11/19,29.03%,AGA;WDR17;GALNTL6;GALNT7;SPATA4;ADAM29;NEIL3;GLRA3;SPCS3;TENM3;CEP44,SAP30;FBXO8;VEGFC;HMGB2;ASB5;SCRG1;HPGD;GPM6A;CEP44;TENM3;SPCS3;GLRA3;NEIL3;ADAM29;SPATA4;GALNT7;GALNTL6;WDR17;AGA,"[3104, 4328, 6029, 6590, 8711, 8730, 10856, 11507, 12434, 13106, 13549, 14538, 15158, 15532, 15629, 15668, 15770, 15895, 16687]",c1.all__chr4q34
c1.all,chr12q22,prerank,-0.5379840725812566,-1.5053364791265726,0.055658627087198514,0.10925355136191416,0.969,9_15,9/15,28.09%,NTN4;USP44;VEZT;PLXNC1;NR2C1;EEA1;TMCC3;UBE2N;MRPL42,SOCS2;FGD6;NDUFA12;NUDT4;CRADD;METAP2;MRPL42;UBE2N;TMCC3;EEA1;NR2C1;PLXNC1;VEZT;USP44;NTN4,"[3433, 4353, 5283, 8767, 9024, 9800, 12599, 12640, 13927, 14101, 14578, 14798, 16160, 16300, 16627]",c1.all__chr12q22
c1.all,chr7p13,prerank,0.47455312495957236,1.5096602581035925,0.03621730382293763,0.11921015026618652,0.987,12_28,12/28,26.90%,NPC1L1;RAMP3;AEBP1;MYL7;MRPS24;GCK;YKT6;DDX56;STK17A;CAMK2B;MYO1G;URGCP,NPC1L1;RAMP3;AEBP1;MYL7;MRPS24;GCK;YKT6;DDX56;STK17A;CAMK2B;MYO1G;URGCP;UBE2D4;POLD2;CCM2;ZMIZ2;OGDH;TBRG4;SPDYE1;PPIA;BLVRA;NUDCD3;PURB;POLM;NACAD;DBNL;COA1;TMED4,"[10, 536, 1181, 2324, 3220, 3382, 3541, 3967, 3991, 4042, 4433, 4712, 5119, 5476, 5829, 7021, 7124, 7435, 7504, 8153, 8265, 8804, 9755, 9790, 10845, 12978, 14960, 15243]",c1.all__chr7p13
c1.all,chr22q12,prerank,0.3671721113856543,1.5150552600949325,0.003861003861003861,0.1208024530115463,0.983,38_106,38/106,23.56%,SMTN;LIF;NCF4;HMOX1;SEC14L4;APOL1;TPST2;CHEK2;CCDC117;RFPL1;PLA2G3;GAS2L1;MTFP1;APOL4;MPST;SLC5A4;TMPRSS6;XBP1;RFPL3S;APOL2;ZNRF3;TIMP3;MORC2;LIMK2;TTC28;C1QTNF6;RHBDD3;OSM;HSCB;TFIP11;TCN2;SEC14L6;EMID1;MYH9;NF2;DUSP18;CCDC157;TBC1D10A,SMTN;LIF;NCF4;HMOX1;SEC14L4;APOL1;TPST2;CHEK2;CCDC117;RFPL1;PLA2G3;GAS2L1;MTFP1;APOL4;MPST;SLC5A4;TMPRSS6;XBP1;RFPL3S;APOL2;ZNRF3;TIMP3;MORC2;LIMK2;TTC28;C1QTNF6;RHBDD3;OSM;HSCB;TFIP11;TCN2;SEC14L6;EMID1;MYH9;NF2;DUSP18;CCDC157;TBC1D10A;SFI1;ZMAT5;HORMAD2;RNF215;UQCR10;CRYBA4;SLC35E4;NEFH;APOL3;BPIFC;TOM1;CRYBB1;RFPL2;PISD;TXN2;SEC14L2;KCTD17;RASL10A;KREMEN1;ASPHD2;MTMR3;C22orf31;FOXRED2;CABP7;TST;PES1;PATZ1;YWHAH;AP1B1;CSF2RB;SF3A1;RNF185;EIF4ENIF1;PRR14L;MCM5;ASCC2;SEZ6L;EWSR1;DRG1;THOC5;EIF3D;INPP5J;HPS4;RASD2;C22orf42;PITPNB;MB;SRRD;APOL5;PIK3IP1;HMGXB4;GAL3ST1;CACNG2;DEPDC5;NIPSNAP1;OSBP2;RFPL3;RBFOX2;SEC14L3;IFT27;PVALB;APOL6;MYO18B;MN1;FBXO7;IL2RB;SLC5A1;SYN3,"[53, 352, 392, 444, 619, 629, 746, 755, 791, 1010, 1113, 1251, 1274, 1285, 1387, 1637, 1782, 1799, 2079, 2156, 2590, 2602, 2684, 2754, 2955, 3081, 3423, 3455, 3553, 3603, 3610, 3615, 3645, 3676, 3826, 4044, 4111, 4126, 4525, 4617, 4662, 4836, 4902, 4940, 5001, 5178, 5545, 5563, 5664, 5740, 6253, 6486, 6574, 6689, 6763, 6822, 7294, 7346, 7432, 7642, 7700, 7703, 7708, 7737, 7783, 7842, 7851, 7897, 8102, 8223, 8566, 8625, 8642, 8656, 8912, 8921, 8980, 9226, 9497, 9856, 10067, 10851, 11049, 11085, 11474, 12399, 13034, 13111, 13655, 13736, 14012, 14165, 14270, 14511, 14602, 14842, 14958, 15309, 15410, 15564, 15673, 15849, 16187, 16545, 16665, 17229]",c1.all__chr22q12
c1.all,chr4q32,prerank,-0.43603031351874943,-1.4870079021212748,0.019455252918287938,0.12324649710036423,0.986,13_35,13/35,20.34%,FSTL5;TLL1;TMEM144;DDX60;NAF1;SPOCK3;CTSO;NPY5R;TMA16;MAP9;LRAT;GRIA2;FAM218A,PALLD;NPY1R;TKTL2;PPID;PDGFC;CPE;KLHL2;NPY2R;TRIM61;ETFDH;RBM46;CBR4;GLRB;TMEM192;TDO2;MSMO1;RAPGEF2;FNIP2;ASIC5;DDX60L;RXFP1;C4orf46;FAM218A;GRIA2;LRAT;MAP9;TMA16;NPY5R;CTSO;SPOCK3;NAF1;DDX60;TMEM144;TLL1;FSTL5,"[2056, 2581, 2665, 3447, 4382, 4663, 6069, 6721, 6750, 7884, 7928, 9639, 9880, 10841, 11040, 11135, 11499, 11522, 11654, 12684, 12968, 13085, 13956, 14254, 14539, 14562, 14731, 14873, 15890, 16171, 16488, 16525, 16697, 17069, 17217]",c1.all__chr4q32
c1.all,chr1p36,prerank,0.31444747191578154,1.4925505260364018,0.0,0.1279159816229007,0.99,73_297,73/297,17.66%,MMP23B;EPHA2;PLEKHN1;C1QA;ARHGEF19;SAMD11;KLHDC7A;C1QC;TNFRSF4;RUNX3;MMEL1;C1QB;CDA;PLOD1;ATAD3C;TNFRSF1B;KLHL17;E2F2;FAM110D;SLC2A5;CATSPER4;FBXO2;DHRS3;MAP3K6;CD52;PRDM16;ID3;FAM43B;CDK11A;TAS1R3;CALML6;CASZ1;ZDHHC18;TNFRSF25;GPR157;KLHL21;CTRC;ECE1;CNKSR1;TMEM52;AGTRAP;PIK3CD;FCN3;NADK;CROCC;NUDC;TCEA3;TMEM240;PLEKHM2;DVL1;WNT4;SSU72;MIIP;CDK11B;MAD2L2;TMCO4;ASAP3;MFAP2;RCC2;UBE2J2;NBL1;SZRD1;GPR153;C1orf167;TMEM51;SH3BGRL3;WASF2;MIB2;ALDH4A1;ZBTB40;PNRC2;FBXO44;ESPN,MMP23B;EPHA2;PLEKHN1;C1QA;ARHGEF19;SAMD11;KLHDC7A;C1QC;TNFRSF4;RUNX3;MMEL1;C1QB;CDA;PLOD1;ATAD3C;TNFRSF1B;KLHL17;E2F2;FAM110D;SLC2A5;CATSPER4;FBXO2;DHRS3;MAP3K6;CD52;PRDM16;ID3;FAM43B;CDK11A;TAS1R3;CALML6;CASZ1;ZDHHC18;TNFRSF25;GPR157;KLHL21;CTRC;ECE1;CNKSR1;TMEM52;AGTRAP;PIK3CD;FCN3;NADK;CROCC;NUDC;TCEA3;TMEM240;PLEKHM2;DVL1;WNT4;SSU72;MIIP;CDK11B;MAD2L2;TMCO4;ASAP3;MFAP2;RCC2;UBE2J2;NBL1;SZRD1;GPR153;C1orf167;TMEM51;SH3BGRL3;WASF2;MIB2;ALDH4A1;ZBTB40;PNRC2;FBXO44;ESPN;RERE;TAS1R1;NCMAP;ZBTB17;MEGF6;TNFRSF14;PANK4;SLC25A34;LYPLA2;EFHD2;ERRFI1;ARHGEF10L;HP1BP3;AUNIP;EPHA8;IFFO2;FBXO6;ENO1;RPS6KA1;AURKAIP1;IGSF21;HTR1D;FBXO42;AGRN;CNR2;ARHGEF16;PIGV;NECAP2;PARK7;ISG15;MAN1C1;PEX14;RPL11;SYF2;PHF13;PGD;WRAP73;FAM131C;HES4;PEX10;THAP3;SPATA21;MUL1;ZBTB48;NOC2L;HES5;KIAA2013;DFFB;AJAP1;PUSL1;WDTC1;TRIM63;HSPG2;SKI;RHD;CLCN6;ACAP3;MTFR1L;SPEN;SPSB1;RNF207;ACOT7;RPL22;AKR7A2;SLC35E2B;CCNL2;TRNP1;NMNAT1;DRAXIN;TNFRSF18;PADI1;ATAD3A;ARID1A;ATP13A2;TPRG1L;GALE;CASP9;ACTL8;PITHD1;CHD5;KDM1A;ZNF683;MTHFR;RAP1GAP;NPPB;SCNN1D;PINK1;ALPL;IL22RA1;CELA2A;SDF4;DFFA;C1orf174;NPHP4;SLC9A1;SRM;CAPZB;CLSTN1;SRSF10;PLA2G5;NPPA;EXTL1;PAQR7;NBPF3;KIF17;TMEM201;NBPF1;AGMAT;RER1;LDLRAP1;LRRC47;SLC30A2;TARDBP;H6PD;LUZP1;ICMT;MRPL20;ATAD3B;KCNAB2;B3GALT6;UBE4B;UBR4;SLC45A1;SLC25A33;TMEM50A;CEP104;TMEM222;VAMP3;ZNF436;AKR7A3;EXOSC10;ANKRD65;KIF1B;GNB1;GABRD;MFN2;GRHL3;SDHB;MXRA8;DDI2;UBXN11;STPG1;OTUD3;GPN2;C1orf159;VWA1;DNAJC11;EMC1;DDOST;CEP85;MTOR;DNAJC16;PDIK1L;PRDM2;VPS13D;HNRNPR;MRTO4;NOL9;STMN1;PRKCZ;CTNNBIP1;CAMK2N1;ZNF593;IFNLR1;MORN1;SFN;GPATCH3;PDPN;FUCA1;PADI4;LZIC;SH2D5;PAFAH2;HMGCL;MYOM3;LRRC38;UBIAD1;HTR6;CD164L2;SMIM1;CELA2B;PLEKHG5;PADI2;CDC42;EPHB2;EIF4G3;CAMTA1;CCDC27;SYTL1;HSPB7;DHDDS;HMGN2;MDS2;USP48;FBLIM1;CLIC4;TMEM88B;TTC34;UBXN10;KAZN;MASP2;NIPAL3;VWA5B1;PER3;RBP7;SRRM1;LDLRAD2;TTLL10;CLCNKB;CORT;PLCH2;ANGPTL7;FHAD1;PAX7;CLCNKA;PLA2G2C;RHCE;TNFRSF8;C1orf127;TP73;PLA2G2D;UTS2;GPR3;RCAN3,"[44, 66, 91, 196, 208, 250, 272, 280, 335, 371, 381, 399, 406, 451, 522, 525, 529, 628, 645, 673, 697, 774, 776, 813, 830, 906, 956, 961, 1028, 1036, 1072, 1099, 1322, 1360, 1374, 1413, 1430, 1469, 1582, 1614, 1684, 1757, 1910, 1916, 2011, 2027, 2045, 2102, 2133, 2240, 2294, 2300, 2327, 2354, 2420, 2485, 2495, 2525, 2537, 2555, 2587, 2687, 2739, 2759, 2761, 2777, 2820, 2857, 3013, 3062, 3087, 3090, 3092, 3323, 3337, 3457, 3500, 3573, 3651, 3653, 3662, 3682, 3718, 3734, 3866, 3941, 4061, 4137, 4195, 4239, 4248, 4277, 4303, 4338, 4470, 4481, 4482, 4659, 4668, 4728, 4775, 4848, 4942, 4950, 5004, 5044, 5087, 5165, 5171, 5190, 5275, 5279, 5285, 5347, 5423, 5427, 5440, 5524, 5566, 5576, 5586, 5629, 5657, 5700, 5710, 5784, 5856, 5881, 5907, 5919, 5982, 6017, 6032, 6039, 6047, 6109, 6132, 6149, 6183, 6332, 6376, 6418, 6535, 6544, 6609, 6684, 6713, 6798, 6803, 6927, 6951, 7019, 7050, 7109, 7143, 7163, 7183, 7186, 7352, 7410, 7418, 7534, 7550, 7558, 7685, 7701, 7754, 7857, 7859, 7893, 8021, 8053, 8164, 8228, 8326, 8385, 8461, 8497, 8786, 8788, 8801, 8824, 8835, 9008, 9071, 9089, 9166, 9191, 9268, 9331, 9358, 9377, 9379, 9612, 9618, 9637, 9653, 9961, 10091, 10142, 10201, 10323, 10346, 10431, 10434, 10437, 10493, 10500, 10514, 10571, 10585, 10590, 10645, 10667, 10739, 11004, 11108, 11173, 11222, 11253, 11398, 11427, 11429, 11465, 11489, 11531, 11572, 11848, 11992, 12043, 12075, 12100, 12117, 12133, 12135, 12184, 12204, 12216, 12219, 12333, 12416, 12500, 12566, 12740, 12768, 12818, 12895, 13015, 13181, 13233, 13235, 13462, 13576, 13723, 13748, 13761, 13775, 13801, 13953, 13968, 14174, 14226, 14338, 14573, 14670, 14749, 14752, 14937, 14951, 15073, 15214, 15236, 15394, 15416, 15489, 15888, 15899, 15928, 16073, 16076, 16302, 16427, 16449, 16463, 16490, 16778, 16782, 16814, 16826, 16910, 16935, 16941, 17010, 17017, 17045, 17132, 17489]",c1.all__chr1p36
c1.all,chr8q21,prerank,-0.3906938648341932,-1.4745973372745858,0.018,0.13179963564642647,0.99,24_59,24/59,25.60%,CALB1;CA1;CHMP4C;LRRCC1;ZC2HC1A;IL7;CRISPLD1;TMEM64;GDAP1;OTUD6B;PAG1;FABP5;NBN;STAU2;RMDN1;TERF1;TRPA1;PMP2;SBSPON;ZFAND1;WWP1;HNF4G;STMN2;SLC10A5,LY96;CA3;RDH10;CA2;SLC26A7;LRRC69;E2F5;SNX16;MMP16;RIPK2;RPL7;PI15;OSGIN2;TMEM70;PEX2;IMPA1;FABP12;CPNE3;ZBTB10;DECR1;HEY1;RALYL;UBE2W;RUNX1T1;MRPS28;FABP4;ZFHX4;KCNB2;ZNF704;CA13;CNGB3;PKIA;TPD52;JPH1;NECAB1;SLC10A5;STMN2;HNF4G;WWP1;ZFAND1;SBSPON;PMP2;TRPA1;TERF1;RMDN1;STAU2;NBN;FABP5;PAG1;OTUD6B;GDAP1;TMEM64;CRISPLD1;IL7;ZC2HC1A;LRRCC1;CHMP4C;CA1;CALB1,"[686, 1220, 2189, 3033, 3043, 3208, 3936, 4380, 4420, 4669, 4984, 5644, 5682, 6495, 6802, 7223, 7420, 7777, 7778, 8196, 8717, 8873, 9099, 9217, 9635, 9876, 9991, 10307, 10604, 10873, 11246, 11975, 12197, 12412, 12447, 13035, 13161, 13223, 13371, 13776, 14259, 14339, 14355, 14532, 14536, 14915, 14935, 14946, 15298, 15319, 15332, 15476, 15886, 15968, 16201, 16574, 16672, 17135, 17346]",c1.all__chr8q21
c1.all,chr6q22,prerank,-0.3993346887889355,-1.4709342500294869,0.039761431411530816,0.13243984009290166,0.99,12_50,12/50,13.67%,KIAA0408;PKIB;RSPH4A;CLVS2;NT5DC1;PLN;FRK;TMEM244;TRMT11;NKAIN2;HS3ST5;C6orf58,TPD52L1;GJA1;DSE;CENPW;TRDN;RSPO3;HEY2;FABP7;RNF217;KPNA5;HDDC2;FAM162B;ASF1A;LAMA2;DCBLD1;HSF2;SLC35F1;TSPYL1;RWDD1;SMPDL3A;TSPYL4;RNF146;THEMIS;CEP85L;PTPRK;HINT3;NUS1;ARHGAP18;GOPC;MCM9;FAM184A;RFX6;COL10A1;ROS1;NCOA7;MAN1A1;SERINC1;ECHDC1;C6orf58;HS3ST5;NKAIN2;TRMT11;TMEM244;FRK;PLN;NT5DC1;CLVS2;RSPH4A;PKIB;KIAA0408,"[389, 1052, 2158, 2472, 2490, 2553, 4509, 5057, 5079, 6028, 6297, 6793, 7968, 8134, 8141, 8251, 8834, 8936, 10166, 10197, 10205, 10296, 10322, 10324, 10583, 10619, 10853, 10950, 11063, 11140, 11306, 11768, 11850, 11898, 12171, 12602, 14156, 14183, 15124, 15442, 15740, 16126, 16212, 16541, 16738, 16901, 16977, 17315, 17322, 17350]",c1.all__chr6q22
c1.all,chr1p21,prerank,-0.446673951015809,-1.4613286563687522,0.04477611940298507,0.1387035816782752,0.994,18_30,18/30,27.98%,AMY2A;GPR88;LRRC39;DBT;OLFM3;SLC35A3;TRMT13;AGL;VCAM1;PTBP2;RWDD3;ALG14;AMY2B;F3;DPYD;ABCD3;RTCA;EXTL2,CDC14A;S1PR1;SLC44A3;CNN3;FRRS1;COL11A1;SNX7;DPH5;PALMD;SASS6;SLC30A7;RNPC3;EXTL2;RTCA;ABCD3;DPYD;F3;AMY2B;ALG14;RWDD3;PTBP2;VCAM1;AGL;TRMT13;SLC35A3;OLFM3;DBT;LRRC39;GPR88;AMY2A,"[1167, 1972, 2203, 2853, 3630, 4078, 4322, 7815, 9298, 11031, 11902, 12186, 12617, 12729, 12872, 13053, 13150, 13615, 13882, 14393, 14453, 14570, 15242, 15402, 15864, 16026, 16532, 16534, 17200, 17417]",c1.all__chr1p21
c1.all,chr2q35,prerank,0.3851698852969833,1.4639113880693446,0.03795066413662239,0.14866748469489668,0.999,21_64,21/64,22.01%,IHH;SLC11A1;CXCR1;CXCR2;WNT6;SLC23A3;ABCB6;GPBAR1;STK11IP;IGFBP5;NHEJ1;DNAJB2;PRKAG3;PLCD4;GMPPA;RUFY4;RPL37A;IGFBP2;ANKZF1;STK36;CRYBA2,IHH;SLC11A1;CXCR1;CXCR2;WNT6;SLC23A3;ABCB6;GPBAR1;STK11IP;IGFBP5;NHEJ1;DNAJB2;PRKAG3;PLCD4;GMPPA;RUFY4;RPL37A;IGFBP2;ANKZF1;STK36;CRYBA2;ZFAND2B;CHPF;WNT10A;CYP27A1;ASIC4;SLC4A3;OBSL1;CNPPD1;TNS1;TMBIM1;CTDSP1;BARD1;AAMP;PTPRN;PNKD;ATG9A;BCS1L;ZNF142;STK16;TUBA4A;DNPEP;SPEG;RNF25;ATIC;TMEM198;SMARCAL1;FEV;VIL1;ARPC2;RESP18;CDK5R2;FN1;DIRC3;ABCA12;INHA;XRCC5;TMEM169;TTLL4;GLB1L;MREG;PECR;DES;USP37,"[51, 132, 142, 169, 223, 338, 730, 1276, 1749, 1810, 1975, 2351, 3207, 3254, 3333, 3479, 3513, 3564, 3579, 3691, 3854, 4082, 4262, 4577, 4678, 4754, 5097, 5121, 5197, 5393, 5447, 5775, 5779, 5941, 6171, 6449, 6461, 6517, 6669, 7881, 8107, 8175, 8208, 8370, 8547, 9230, 9348, 9950, 10838, 11250, 11439, 12231, 12440, 12608, 12665, 12859, 13013, 13329, 13793, 14863, 15693, 15860, 17091, 17230]",c1.all__chr2q35
c1.all,MT,prerank,0.5455080823550524,1.4414937230077234,0.07920792079207921,0.15080822359828522,1.0,3_13,3/13,14.11%,MT-ND6;MT-ND5;MT-ND3,MT-ND6;MT-ND5;MT-ND3;MT-ND4;MT-ATP6;MT-ND2;MT-ND4L;MT-ND1;MT-CO1;MT-CO2;MT-CYB;MT-ATP8;MT-CO3,"[212, 1765, 2471, 4939, 5624, 6079, 6147, 6231, 7328, 7788, 8486, 8877, 12992]",c1.all__MT
c1.all,chr17p13,prerank,0.3155614214595021,1.4326501487247194,0.0074487895716946,0.15411133817857744,1.0,69_202,69/202,26.50%,SERPINF2;CLDN7;HIC1;HES7;ALOX15B;RCVRN;OR3A3;BCL6B;PIK3R5;CLEC10A;NXN;CHRNE;GUCY2D;SLC2A4;FGF11;PER1;VMO1;GPS2;TLCD2;CXCL16;KIF1C;ACADVL;SCARF1;ASGR1;SOX15;ENO3;TNFSF12;ASGR2;SAT2;AURKB;KDM6B;MFSD6L;RANGRF;MYH13;WSCD1;P2RX5;DVL2;GP1BA;DHRS7C;ARRB2;KCTD11;SENP3;ARHGEF15;MYO1C;TMEM102;SLC52A1;SMG6;EMC6;PHF23;FBXO39;ZMYND15;RILP;MYH4;SLC16A13;CTNS;CD68;SHPK;TIMM22;MINK1;WRAP53;TRPV3;NLRP1;CLUH;CTDNEP1;FXR2;RNASEK-C17orf49;CHRNB1;AIPL1;TNFSF13,SERPINF2;CLDN7;HIC1;HES7;ALOX15B;RCVRN;OR3A3;BCL6B;PIK3R5;CLEC10A;NXN;CHRNE;GUCY2D;SLC2A4;FGF11;PER1;VMO1;GPS2;TLCD2;CXCL16;KIF1C;ACADVL;SCARF1;ASGR1;SOX15;ENO3;TNFSF12;ASGR2;SAT2;AURKB;KDM6B;MFSD6L;RANGRF;MYH13;WSCD1;P2RX5;DVL2;GP1BA;DHRS7C;ARRB2;KCTD11;SENP3;ARHGEF15;MYO1C;TMEM102;SLC52A1;SMG6;EMC6;PHF23;FBXO39;ZMYND15;RILP;MYH4;SLC16A13;CTNS;CD68;SHPK;TIMM22;MINK1;WRAP53;TRPV3;NLRP1;CLUH;CTDNEP1;FXR2;RNASEK-C17orf49;CHRNB1;AIPL1;TNFSF13;NEURL4;CRK;WDR81;DPH1;ITGAE;PSMB6;MYH1;METTL16;C17orf49;PELP1;ATP1B2;MPDU1;PFN1;STX8;PLSCR3;SERPINF1;CNTROB;DERL2;ABR;INPP5K;SGSM2;ELP5;RNF167;GABARAP;CAMKK1;NLGN2;SMTNL2;ALOXE3;ALOX15;MED11;ACAP1;EIF4A1;EIF5A;XAF1;MNT;P2RX1;RPA1;TMEM107;OR1E1;CHD3;CAMTA2;TAX1BP3;TRPV1;SLC25A11;CYB5D1;GEMIN4;SPNS2;PRPF8;BHLHA9;MYBBP1A;TXNDC17;SPATA22;RPH3AL;KIAA0753;PLD2;DLG4;SLC43A2;C1QBP;TP53;RAP1GAP2;RNASEK;NDEL1;CTC1;SMYD4;ZBTB4;USP43;SPAG7;MED31;OR3A2;ADPRM;C17orf100;VAMP2;TRAPPC1;YBX2;YWHAE;TMEM256;GLP2R;ZNF232;ALOX12;PFAS;NAA38;MIS12;SLC13A5;EFNB3;ZZEF1;GLOD4;MYH3;TNK1;RTN4RL1;VPS53;DHX33;PITPNA;NUP88;CYB5D2;ZFP3;RABEP1;OVCA2;SRR;ANKFY1;SPNS3;SCO1;NTN1;RPAIN;POLR2A;MYH10;TMEM220;USP6;UBE2G1;DNAH2;TMEM88;SCIMP;KCNAB3;SLC25A35;TSR1;ZNF594;PITPNM3;RNF222;SLC16A11;INCA1;ASPA;PAFAH1B1;SHBG;SLC35G6;GLTPD2;MYH8;GAS7;KRBA2;TEKT1;C17orf107;DOC2B;RPL26;ALOX12B;ATP2A3,"[121, 122, 124, 183, 254, 261, 301, 344, 564, 585, 798, 1067, 1109, 1137, 1174, 1212, 1226, 1263, 1422, 1455, 1477, 1496, 1652, 1698, 1756, 1875, 2129, 2134, 2169, 2257, 2299, 2430, 2519, 2591, 2717, 2809, 2896, 2904, 2938, 3025, 3138, 3148, 3171, 3267, 3391, 3427, 3461, 3462, 3475, 3477, 3680, 3683, 3719, 3744, 3861, 3896, 3985, 4013, 4157, 4185, 4213, 4228, 4295, 4439, 4475, 4556, 4561, 4590, 4642, 4755, 4758, 4975, 5140, 5251, 5391, 5399, 5408, 5426, 5768, 5769, 5904, 5977, 6000, 6003, 6107, 6119, 6255, 6293, 6394, 6397, 6401, 6428, 6543, 6746, 6781, 6795, 6836, 6841, 6847, 6912, 6924, 6945, 7088, 7175, 7201, 7252, 7317, 7318, 7439, 7491, 7522, 7531, 7559, 7694, 7806, 7866, 7960, 7985, 8006, 8046, 8087, 8097, 8322, 8523, 8634, 8660, 8735, 8757, 8868, 8905, 8973, 9098, 9280, 9409, 9456, 9464, 9563, 9638, 9749, 9765, 9795, 9807, 9897, 9903, 9983, 10104, 10160, 10175, 10233, 10244, 10433, 10607, 10647, 10719, 11017, 11263, 11382, 11418, 11541, 11598, 11606, 11674, 11725, 11792, 11872, 11938, 11968, 11998, 12226, 12280, 12331, 12571, 12584, 12774, 12889, 13036, 13212, 13392, 13429, 13597, 13850, 13989, 14055, 14354, 14565, 14883, 14925, 15163, 15225, 15277, 15495, 15574, 16155, 16362, 16432, 16443, 16667, 16688, 16725, 16730, 16934, 17215]",c1.all__chr17p13
c1.all,chr15q11,prerank,-0.5488126921119539,-1.4376125261542692,0.09158878504672897,0.15693505454395734,0.999,7_13,7/13,18.08%,GOLGA8S;TUBGCP5;NPAP1;SNRPN;NIPA1;UBE3A;MAGEL2,GOLGA6L1;CYFIP1;SNURF;NDN;MKRN3;NIPA2;MAGEL2;UBE3A;NIPA1;SNRPN;NPAP1;TUBGCP5;GOLGA8S,"[541, 5202, 8579, 9473, 9539, 11150, 14352, 14621, 14637, 15060, 16052, 16637, 17255]",c1.all__chr15q11
c1.all,chr4p16,prerank,0.3586384321725007,1.4420628563521343,0.014084507042253521,0.15694923316295478,1.0,23_86,23/86,18.60%,EVC2;S100P;MSX1;SH3TC1;CPZ;TNIP2;HTRA3;ADRA2C;TACC3;FGFRL1;HGFAC;ZNF732;WFS1;DOK7;MXD4;SLC2A9;NELFA;GAK;ZNF141;MFSD10;SH3BP2;POLN;EVC,EVC2;S100P;MSX1;SH3TC1;CPZ;TNIP2;HTRA3;ADRA2C;TACC3;FGFRL1;HGFAC;ZNF732;WFS1;DOK7;MXD4;SLC2A9;NELFA;GAK;ZNF141;MFSD10;SH3BP2;POLN;EVC;FGFR3;CTBP1;LYAR;MSANTD1;TADA2B;WDR1;BLOC1S4;CYTL1;NOP14;MAEA;TMEM175;DGKQ;LETM1;SLBP;MAN2B2;RGS12;FAM193A;MYL5;ADD1;ZNF518B;ZFYVE28;LRPAP1;GRPEL1;ABLIM2;STK32B;TMEM129;RNF4;MRFAP1;CRMP1;SLC26A1;ACOX3;PCGF3;DRD5;NAT8L;IDUA;MRFAP1L1;GRK4;PIGG;ZNF721;JAKMIP1;HTT;CPLX1;FAM53A;HMX1;HAUS3;TBC1D14;PDE6B;RNF212;ZBTB49;FAM90A26;ZNF595;PPP2R2C;NSG1;STX18;SORCS2;TRMT44;KIAA0232;AFAP1;SPON2;GPR78;UVSSA;TMEM128;C4orf50,"[96, 233, 265, 266, 512, 565, 608, 1002, 1320, 1338, 1463, 1619, 1846, 1901, 2086, 2165, 2216, 2455, 2502, 3063, 3168, 3206, 3258, 3534, 4072, 4100, 4183, 4276, 4639, 4920, 5182, 5186, 5473, 5730, 5846, 5950, 6189, 6347, 6594, 6800, 6808, 6970, 6978, 7225, 7268, 7290, 7670, 7782, 7979, 8120, 8167, 8202, 8342, 8425, 8537, 8681, 8701, 8754, 8890, 10057, 10206, 10222, 10661, 11247, 11518, 11699, 11729, 11919, 11983, 12077, 12423, 12618, 12851, 13278, 13560, 13563, 13699, 13886, 14003, 14083, 14780, 15649, 16132, 16437, 16656, 17478]",c1.all__chr4p16
c1.all,chr16q12,prerank,-0.42921857877628133,-1.4378700635495671,0.04426559356136821,0.1598940062331562,0.999,17_33,17/33,23.91%,CBLN1;IRX5;FTO;ABCC11;CES5A;ABCC12;IRX6;RPGRIP1L;ITFG1;TOX3;PHKB;NETO2;MMP2;LONP2;HEATR3;LPCAT2;RBL2,SNX20;NOD2;CES1;ZNF423;SALL1;SIAH1;N4BP1;IRX3;ADCY7;CNEP1R1;NKD1;SLC6A2;BRD7;CHD9;CYLD;AKTIP;RBL2;LPCAT2;HEATR3;LONP2;MMP2;NETO2;PHKB;TOX3;ITFG1;RPGRIP1L;IRX6;ABCC12;CES5A;ABCC11;FTO;IRX5;CBLN1,"[326, 626, 1470, 1805, 4530, 5242, 5588, 6061, 6640, 8971, 9274, 9284, 10273, 11503, 12046, 12540, 13331, 13583, 13754, 14142, 14153, 14495, 14988, 15191, 15356, 15380, 15576, 16072, 16208, 16251, 16580, 17072, 17490]",c1.all__chr16q12
c1.all,chr12q13,prerank,0.32015759833752394,1.4453739579141638,0.003787878787878788,0.16034424234974318,1.0,71_206,71/206,22.09%,KRT18;GLI1;GTSF1;CELA1;NFE2;NPFF;C1QL4;GPR182;SLC38A2;GPR84;TUBA1C;ITGA5;NDUFA4L2;MMP19;RDH5;RAPGEF3;CDK2;AQP6;IGFBP6;ESPL1;COL2A1;ACVRL1;FAM186A;ITGA7;KIF5A;ARHGAP9;DDIT3;SHMT2;KRT8;HDAC7;RBMS2;SLC39A5;HIGD1C;PPP1R1A;INHBE;PAN2;SMAGP;RARG;TIMELESS;STAC3;DTX3;KRT82;KRT72;NCKAP5L;NAB2;RHEBL1;STAT6;BIN2;ZNF385A;HOXC4;PTGES3;IL23A;LRP1;CD63;SARNP;ARHGEF25;ATF1;PMEL;SDR9C7;AQP5;FMNL3;RPS26;VDR;NCKAP1L;GDF11;MFSD5;LMBR1L;OS9;TMEM106C;DDX23;RND1,KRT18;GLI1;GTSF1;CELA1;NFE2;NPFF;C1QL4;GPR182;SLC38A2;GPR84;TUBA1C;ITGA5;NDUFA4L2;MMP19;RDH5;RAPGEF3;CDK2;AQP6;IGFBP6;ESPL1;COL2A1;ACVRL1;FAM186A;ITGA7;KIF5A;ARHGAP9;DDIT3;SHMT2;KRT8;HDAC7;RBMS2;SLC39A5;HIGD1C;PPP1R1A;INHBE;PAN2;SMAGP;RARG;TIMELESS;STAC3;DTX3;KRT82;KRT72;NCKAP5L;NAB2;RHEBL1;STAT6;BIN2;ZNF385A;HOXC4;PTGES3;IL23A;LRP1;CD63;SARNP;ARHGEF25;ATF1;PMEL;SDR9C7;AQP5;FMNL3;RPS26;VDR;NCKAP1L;GDF11;MFSD5;LMBR1L;OS9;TMEM106C;DDX23;RND1;KRT3;CALCOCO1;SP1;NXPH4;ASIC1;PFDN5;MYL6;TROAP;NACA;LARP4;DGKA;FAIM2;MYL6B;NABP2;ENDOU;SPATS2;COX14;PCBP2;B4GALNT1;TMBIM6;CACNB3;RDH16;ZNF740;CSRNP2;KRT81;MCRS1;ATF7;RPL41;HSD17B6;ZC3H10;ITGB7;KCNH3;BLOC1S1;ADCY6;CERS5;BAZ2A;RNF41;POU6F1;PRPF40B;BCDIN3D;CBX5;PIP4K2C;TARBP2;COPZ1;COQ10A;MIP;SMARCD1;ESYT1;ACVR1B;AAAS;SLC38A4;ANKRD52;WNT10B;CS;SUOX;NEUROD4;DCTN2;SPRYD4;SMARCC2;ZNF641;MBD6;RACGAP1;PFKM;GLS2;PRPH;STAT2;ANKRD33;SPRYD3;SMUG1;FKBP11;CSAD;TUBA1B;PDE1B;KANSL2;SENP1;PA2G4;GALNT6;EIF4B;IKZF4;ASB8;ARF3;CCNT1;KRT80;ERBB3;ZBTB39;DHH;R3HDM2;PRR13;INHBC;ORMDL2;TAC3;LETMD1;DAZAP2;TESPA1;NR4A1;DDN;CCDC65;HNRNPA1;PRKAG1;APOF;SLC48A1;MAP3K12;CNPY2;FAM186B;DIP2B;RAB5B;TFCP2;KRT86;DNAJC14;SLC11A2;PRIM1;SLC38A1;KRT1;OR8S1;RPAP3;PCED1B;SOAT2;KRT83;KRT84;MUCL1;AMIGO2;KRT7;WNT1;C12orf54;GPD1;TUBA1A;MYO1A;SP7;OR10AD1;LIMA1;KRT5;KRT78;DNAJC22;SLC4A8;SCN8A,"[166, 198, 217, 225, 234, 302, 425, 427, 573, 614, 639, 772, 789, 809, 922, 962, 966, 1054, 1105, 1126, 1158, 1232, 1290, 1389, 1396, 1457, 1519, 1562, 1580, 1629, 1671, 1709, 1764, 1780, 1859, 1870, 1877, 1922, 1979, 1993, 2022, 2138, 2208, 2344, 2379, 2593, 2660, 2679, 2716, 2953, 2982, 3039, 3045, 3076, 3137, 3162, 3239, 3294, 3316, 3398, 3431, 3446, 3453, 3466, 3510, 3577, 3625, 3717, 3754, 3857, 3869, 4357, 4586, 4636, 4705, 4896, 5007, 5081, 5141, 5174, 5218, 5317, 5403, 5445, 5506, 5781, 5958, 5998, 5999, 6082, 6122, 6163, 6212, 6311, 6324, 6341, 6457, 6539, 6566, 6809, 6866, 6915, 7011, 7058, 7066, 7102, 7308, 7310, 7320, 7595, 7609, 7643, 7735, 7766, 7804, 7855, 7860, 7982, 8000, 8050, 8079, 8252, 8352, 8460, 8623, 8636, 8639, 8641, 8643, 8793, 8839, 8869, 8924, 8976, 9090, 9136, 9251, 9410, 9568, 9615, 9714, 9967, 10112, 10284, 10306, 10457, 10510, 10596, 10730, 10734, 10763, 11127, 11200, 11205, 11491, 11508, 11511, 11831, 12012, 12045, 12317, 12388, 12439, 12706, 12857, 12865, 12911, 12929, 13047, 13378, 13434, 13695, 13851, 13976, 14190, 14374, 14678, 14755, 14817, 14825, 14916, 14964, 15469, 15640, 15691, 15776, 15799, 15802, 15986, 16021, 16040, 16113, 16393, 16459, 16649, 16711, 16804, 16835, 16871, 17062, 17203, 17270, 17314, 17360, 17395, 17428]",c1.all__chr12q13
c1.all,chr5q12,prerank,-0.44616893600078783,-1.4285214184549735,0.05113636363636364,0.1632815911109773,1.0,11_26,11/26,23.82%,RGS7BP;LRRC70;SGTB;PPWD1;KIF2A;TRAPPC13;NLN;DIMT1;CENPK;TRIM23;HTR1A,CD180;NDUFAF2;ELOVL7;CWC27;SREK1;MAST4;SREK1IP1;PDE4D;ZSWIM6;SMIM15;DEPDC1B;RNF180;ERCC8;ADAMTS6;IPO11;HTR1A;TRIM23;CENPK;DIMT1;NLN;TRAPPC13;KIF2A;PPWD1;SGTB;LRRC70;RGS7BP,"[253, 4337, 4761, 6180, 7662, 7861, 8177, 8318, 8525, 9562, 10965, 10971, 11195, 11767, 12131, 13346, 13540, 14017, 14127, 14273, 15378, 15450, 16236, 16486, 17174, 17279]",c1.all__chr5q12
c1.all,chrXq22,prerank,-0.36368196893178023,-1.418510971874346,0.0297029702970297,0.1717439109822402,1.0,31_73,31/73,26.54%,NRK;RAB40A;CENPI;NUP62CL;TNMD;ZMAT1;MID2;ARMCX4;IL1RAPL2;GPRASP1;COL4A5;TMSB15B;TIMM8A;ARMCX5;NXF5;PLP1;TCEAL7;RNF128;VSIG1;RBM41;IRS4;ARMCX3;CSTF2;CLDN2;PRPS1;BEX4;BEX2;GPRASP2;RAB9B;TBC1D8B;COL4A6,SYTL4;SRPX2;TMEM31;TSC22D3;BTK;RAB40AL;NXF2B;XKRX;RIPPLY1;TAF7L;TMSB15A;ZCCHC18;MORC4;RPL36A;TCEAL3;TCEAL1;ARL13A;TSPAN6;NXF3;TRMT2B;ATG4A;SLC25A53;ARMCX2;MORF4L2;GLA;PSMD10;ARMCX1;TCEAL2;NOX1;TCEAL6;TCEAL4;TCEAL8;BEX1;GLRA4;ARMCX6;DRP2;PCDH19;FRMPD3;FAM199X;TCEAL5;HNRNPH2;BEX5;COL4A6;TBC1D8B;RAB9B;GPRASP2;BEX2;BEX4;PRPS1;CLDN2;CSTF2;ARMCX3;IRS4;RBM41;VSIG1;RNF128;TCEAL7;PLP1;NXF5;ARMCX5;TIMM8A;TMSB15B;COL4A5;GPRASP1;IL1RAPL2;ARMCX4;MID2;ZMAT1;TNMD;NUP62CL;CENPI;RAB40A;NRK,"[93, 508, 528, 1034, 1801, 2187, 2632, 3547, 3723, 3785, 3902, 4773, 4780, 4782, 4980, 5348, 5752, 5790, 5986, 6112, 6187, 6601, 7313, 7572, 7624, 8584, 9059, 9451, 9548, 9570, 9629, 9760, 9917, 9994, 10286, 10560, 10888, 10916, 11562, 11661, 12060, 12276, 12870, 13018, 13093, 13218, 13251, 13310, 13618, 13857, 14275, 14308, 14370, 14794, 15025, 15262, 15325, 15345, 15735, 15782, 15946, 15967, 16175, 16250, 16341, 16458, 16550, 16570, 16712, 16907, 16926, 17201, 17509]",c1.all__chrXq22
c1.all,chr1q25,prerank,-0.3636026609337964,-1.4127261564327411,0.039761431411530816,0.17576353846848736,1.0,19_70,19/70,15.01%,RGS8;TNR;GPR52;FAM163A;LAMC2;PAPPA2;LHX4;ANKRD45;ZBTB37;NMNAT2;HMCN1;RALGPS2;TDRD5;KLHL20;RASAL2;CENPL;TSEN15;C1orf220;TNFSF18,SERPINC1;IER5;SLC9C2;CACYBP;SOAT1;KIAA0040;GLUL;NPL;NCF2;RGS16;KIAA1614;SWT1;TOR3A;PRDX6;TEDDM1;IVNS1ABP;MR1;LAMC1;TOR1AIP2;TNFSF4;SMG7;STX6;RC3H1;ABL2;RNASEL;CEP350;TRMT1L;QSOX1;C1orf21;ARPC5;AXDND1;RGSL1;XPR1;TOR1AIP1;DHX9;RABGAP1L;COLGALT2;ASTN1;MRPS14;TEX35;ANGPTL1;ZNF648;DARS2;EDEM3;FAM20B;SEC16B;RNF2;RGL1;ACBD6;CACNA1E;TNN;TNFSF18;C1orf220;TSEN15;CENPL;RASAL2;KLHL20;TDRD5;RALGPS2;HMCN1;NMNAT2;ZBTB37;ANKRD45;LHX4;PAPPA2;LAMC2;FAM163A;GPR52;TNR;RGS8,"[178, 1186, 1199, 1798, 2002, 2331, 2868, 2943, 3164, 3278, 3493, 4429, 5160, 5787, 6114, 6723, 7499, 7583, 8504, 8505, 9219, 9287, 9604, 9622, 10003, 10066, 10168, 10417, 10632, 10736, 10757, 10783, 10907, 11052, 11224, 11644, 11652, 11913, 11921, 12134, 12174, 12301, 12453, 12492, 12645, 12686, 12788, 12999, 13072, 13343, 13577, 14890, 14894, 15167, 15399, 15409, 15448, 15621, 15684, 15794, 15958, 15965, 15998, 16318, 16603, 16796, 16917, 16948, 17286, 17508]",c1.all__chr1q25
c1.all,chr5q35,prerank,0.33818384693326337,1.4063500265343976,0.020161290322580645,0.1773204515556354,1.0,33_106,33/106,20.79%,STC2;HK3;ADAMTS2;BTNL8;BTNL3;FLT4;RAB24;FGFR4;DOK3;PDLIM7;MGAT1;BTNL9;GRM6;GFPT2;DOCK2;LTC4S;DBN1;TSPAN17;CBY3;ATP6V0E1;RUFY1;MXD3;DUSP1;HIGD2A;CLTB;C5orf58;SH3PXD2B;UIMC1;LCP2;F12;COL23A1;EIF4E1B;ERGIC1,STC2;HK3;ADAMTS2;BTNL8;BTNL3;FLT4;RAB24;FGFR4;DOK3;PDLIM7;MGAT1;BTNL9;GRM6;GFPT2;DOCK2;LTC4S;DBN1;TSPAN17;CBY3;ATP6V0E1;RUFY1;MXD3;DUSP1;HIGD2A;CLTB;C5orf58;SH3PXD2B;UIMC1;LCP2;F12;COL23A1;EIF4E1B;ERGIC1;TMED9;SQSTM1;LMAN2;PRR7;FAM193B;HNRNPAB;TRIM52;MGAT4B;CREBRF;UNC5A;PRELID1;GPRIN1;NOP16;ZNF346;TRIM41;C5orf47;CDHR2;CNOT6;BOD1;FAM153A;SIMC1;RPL26L1;HNRNPH1;SNCB;GRK6;NEURL1B;MAML1;B4GALT7;NHP2;RNF130;KIAA1191;ZNF354A;TBC1D9B;BNIP1;RNF44;DDX41;FGF18;RGS14;FAF2;ZFP62;UBTD2;ARL10;NSD1;FBXW11;DRD1;CANX;CPLX2;SFXN1;RMND5B;SCGB3A1;CPEB4;ZNF879;TRIM7;ZNF354B;STK10;NPM1;MSX2;RASGEF1C;N4BP3;MAPK9;SLIT3;THOC3;NSG2;SPDL1;ZNF354C;CLK4;ZFP2;KCNIP1;PROP1;HRH2;RANBP17;KCNMB1;ZNF454,"[182, 202, 321, 365, 632, 701, 824, 980, 1201, 1414, 1488, 1638, 1658, 1770, 1779, 1827, 1869, 1976, 2025, 2142, 2520, 2722, 2914, 2975, 3018, 3072, 3118, 3201, 3280, 3527, 3591, 3624, 3641, 3872, 4128, 4188, 4316, 4320, 4405, 4535, 4675, 4710, 4844, 4892, 4995, 5126, 5177, 5503, 5527, 5575, 5920, 6027, 6165, 6178, 6327, 6340, 6435, 6835, 6963, 7014, 7110, 7229, 7244, 7447, 7596, 7637, 7847, 7930, 8163, 8285, 8633, 8818, 9106, 9247, 9308, 9453, 9648, 9702, 10226, 10287, 10432, 10738, 11110, 11136, 11309, 11859, 12667, 12671, 12801, 12893, 13109, 13629, 13747, 13997, 14389, 15004, 15043, 15335, 15539, 15907, 15952, 16475, 16500, 16558, 16726, 16817]",c1.all__chr5q35
c1.all,chr2q34,prerank,-0.5314212448432039,-1.3968484159900412,0.09036144578313253,0.1776758552760347,1.0,8_14,8/14,24.40%,LANCL1;MAP2;UNC80;SPAG16;RPE;CPS1;PIKFYVE;ERBB4,IDH1;IKZF2;KANSL1L;ACADL;PTH2R;VWC2L;ERBB4;PIKFYVE;CPS1;RPE;SPAG16;UNC80;MAP2;LANCL1,"[4236, 4242, 4687, 6631, 11401, 11406, 13244, 13299, 13372, 13864, 14808, 16255, 16417, 16883]",c1.all__chr2q34
c1.all,chr11q25,prerank,-0.5369658605030821,-1.3993638781029512,0.08061420345489444,0.1777756149810833,1.0,6_13,6/13,30.11%,IGSF9B;GLB1L2;OPCML;NTM;SNX19;JAM3,SPATA19;VPS26B;THYN1;B3GAT1;NCAPD3;GLB1L3;ACAD8;JAM3;SNX19;NTM;OPCML;GLB1L2;IGSF9B,"[5884, 6818, 7441, 7564, 8607, 9120, 10481, 12245, 12389, 12550, 13510, 13679, 17162]",c1.all__chr11q25
c1.all,chr20p13,prerank,0.3630734552383876,1.3888171741091093,0.04251386321626617,0.17777713607817103,1.0,23_67,23/67,22.73%,ADAM33;TCF15;SLC4A11;SLC52A3;SMOX;SIRPB2;OXT;SOX12;GNRH2;HSPA12B;EBF4;C20orf96;SIGLEC1;SDCBP2;FAM110A;TMEM74B;SNPH;STK35;NOP56;SIRPG;CPXM1;RBCK1;PCED1A,ADAM33;TCF15;SLC4A11;SLC52A3;SMOX;SIRPB2;OXT;SOX12;GNRH2;HSPA12B;EBF4;C20orf96;SIGLEC1;SDCBP2;FAM110A;TMEM74B;SNPH;STK35;NOP56;SIRPG;CPXM1;RBCK1;PCED1A;CENPB;DDRGK1;SIRPA;CDC25B;PANK2;SNRPB;FASTKD5;MRPS26;TBC1D20;RNF24;VPS16;RSPO4;NSFL1C;FKBP1A;TRIB3;IDH3B;ANGPT4;PSMF1;ZCCHC3;ITPA;UBOX5;PRNP;SCRT2;ZNF343;PTPRA;SIRPB1;NRSN2;MAVS;CSNK2A1;PRND;ATRN;AP5S1;SLC23A2;AVP;SRXN1;C20orf202;GFRA4;RASSF2;PDYN;SPEF1;ADRA1D;RAD21L1;TGM3;TMC2,"[47, 114, 205, 213, 421, 431, 618, 1342, 1631, 1660, 2140, 2263, 2287, 2640, 2862, 2984, 3129, 3409, 3528, 3810, 3825, 3930, 3980, 4298, 4619, 4625, 4784, 5048, 5464, 5507, 5590, 5692, 6031, 6530, 6542, 6911, 7174, 7236, 7393, 7976, 8403, 8619, 9209, 9352, 10039, 10075, 10587, 10918, 11277, 12120, 12697, 12732, 13100, 13134, 13135, 14016, 14151, 14200, 14548, 14569, 14856, 15013, 15336, 15387, 15467, 16107, 16860]",c1.all__chr20p13
c1.all,chr20q13,prerank,0.3124536194656848,1.3939374701451617,0.02702702702702703,0.17838731734300334,1.0,46_188,46/188,17.47%,MMP9;SLCO4A1;SLPI;EPPIN;TFAP2C;PCK1;SLC17A9;UBE2C;EYA2;MYBL2;CEBPB;FAM209A;LIME1;LAMA5;PPP1R3D;PLTP;OCSTAMP;NFATC2;CASS4;PI3;RBM38;CD40;ZMYND8;RPS21;RGS19;OGFR;ZNF217;SNAI1;SLC2A4RG;BIRC7;HRH3;KCNG1;NCOA5;SDC4;HELZ2;BMP7;UCKL1;CTSZ;DDX27;PABPC1L;CDH26;MRGBP;ZBTB46;TSHZ2;TAF4;TNNC2,MMP9;SLCO4A1;SLPI;EPPIN;TFAP2C;PCK1;SLC17A9;UBE2C;EYA2;MYBL2;CEBPB;FAM209A;LIME1;LAMA5;PPP1R3D;PLTP;OCSTAMP;NFATC2;CASS4;PI3;RBM38;CD40;ZMYND8;RPS21;RGS19;OGFR;ZNF217;SNAI1;SLC2A4RG;BIRC7;HRH3;KCNG1;NCOA5;SDC4;HELZ2;BMP7;UCKL1;CTSZ;DDX27;PABPC1L;CDH26;MRGBP;ZBTB46;TSHZ2;TAF4;TNNC2;CTSA;ZGPAT;TPD52L2;ZSWIM1;NTSR1;SLC2A10;RNF114;GID8;NELFCD;NPEPL1;DOK5;WFDC10B;SPATA2;ADRM1;ZNF831;PARD6B;MATN4;TOMM34;TCEA2;CHRNA4;RTEL1-TNFRSF6B;CDH4;PSMA7;GMEB2;GNAS;SYS1;EEF1A2;RAE1;ADA;WFDC8;DIDO1;ARFGAP1;GDAP1L1;STAU1;YTHDF1;PKIG;B4GALT5;ARFRP1;OSBPL2;SULF2;STX16;ADNP;ACOT8;OPRL1;PMEPA1;DNTTIP1;PREX1;STMN3;BCAS4;PCIF1;RIMS4;NKAIN4;TOX2;LSM14B;WFDC2;ZSWIM3;SNX21;PCMTD2;FITM2;KCNS1;ZNF335;STK4;TP53RK;PPDPF;ZNF512B;NEURL2;CABLES2;ZNFX1;FAM210B;PRPF6;DNAJC5;NCOA3;COL20A1;SOX18;PHACTR3;SAMD10;AURKA;SPATA25;TTPAL;CSTF1;L3MBTL1;ZFP64;PTPRT;PTPN1;RTEL1;FAM217B;TCFL5;RAB22A;BCAS1;CDH22;MOCS3;DPM1;SS18L1;PFDN4;SYCP2;HNF4A;SALL4;PPP4R1L;DBNDD2;CSE1L;SRMS;SLC12A5;ARFGEF2;SLC35C2;PIGT;ZBP1;SLC9A8;SRSF6;YWHAB;WFDC10A;STX16-NPEPL1;SLC13A3;ELMO2;PTK6;RBPJL;SERINC3;MYT1;TUBB1;VAPB;ATP9A;IFT52;FAM209B;KCNK15;KCNQ2;WFDC3;ABHD16B;UBE2V1;GCNT7;EDN3;TP53TG5;WFDC13;COL9A3;JPH2;NPBWR2;CBLN4;KCNB1;ZNF334;PTGIS;CYP24A1;SGK2;SYS1-DBNDD2;RBBP8NL,"[9, 32, 42, 77, 83, 139, 286, 304, 348, 358, 464, 482, 562, 1026, 1177, 1178, 1179, 1221, 1362, 1416, 1428, 1644, 1668, 1679, 1688, 1892, 1898, 2016, 2069, 2182, 2215, 2233, 2307, 2329, 2365, 2536, 2631, 2634, 2694, 2827, 2843, 2916, 3022, 3024, 3046, 3060, 3149, 3471, 3490, 3497, 3595, 3792, 3820, 4062, 4162, 4170, 4182, 4189, 4331, 4377, 4396, 4568, 4610, 4615, 4647, 4680, 4682, 4831, 4941, 4979, 5066, 5137, 5154, 5205, 5260, 5349, 5380, 5486, 5687, 5817, 5828, 5841, 5910, 6113, 6211, 6218, 6243, 6263, 6285, 6289, 6443, 6480, 6491, 6856, 6990, 7321, 7396, 7518, 7616, 7714, 7784, 7789, 7797, 7875, 8022, 8152, 8222, 8303, 8396, 8669, 8776, 8792, 8796, 8830, 8911, 9105, 9116, 9202, 9319, 9343, 9418, 9826, 9855, 9958, 10038, 10135, 10143, 10176, 10234, 10235, 10355, 10443, 10479, 10508, 10556, 10754, 10846, 11050, 11131, 11215, 11251, 11254, 11719, 11870, 11981, 12352, 12393, 12628, 12850, 12900, 12938, 13120, 13172, 13187, 13201, 13687, 13737, 13820, 13853, 14042, 14170, 14408, 14652, 14685, 14807, 14909, 15077, 15233, 15311, 15369, 15388, 15477, 15651, 15722, 15758, 15939, 16017, 16139, 16299, 16382, 16397, 16874, 17067, 17094, 17097, 17258, 17368, 17390]",c1.all__chr20q13
c1.all,chr10q23,prerank,-0.35919106524834216,-1.4013940048884226,0.04500978473581213,0.17896302947267279,1.0,23_73,23/73,18.69%,NUTM2A;ACTA2;DYDC2;LIPJ;LDB3;NUTM2D;KIF20B;BTAF1;SH2D4B;TBC1D12;HECTD2;FFAR4;CYP2C18;SLC35G1;CCSER2;CYP2C8;NOC3L;LIPA;ATAD1;ANKRD1;RNLS;IFIT3;STAMBPL1,SLC16A12;ANKRD22;PDLIM1;MMRN2;PPP1R3C;HHEX;LIPM;LRIT2;ADIRF;CEP55;TSPAN14;PAPSS2;SNCG;RGR;LGI1;MYOF;PLCE1;BMPR1A;OPN4;IFIT1;MINPP1;GLUD1;RPP30;CYP2C19;HELLS;PCGF5;NRG3;IFIT1B;PANK1;CPEB3;CYP26A1;HTR7;FGFBP3;PTEN;IDE;CYP26C1;RBP4;FAS;CH25H;CDHR1;GHITM;GRID1;TNKS2;PDE6C;FRA10AC1;IFIT5;IFIT2;EXOC6;KIF11;KLLN;STAMBPL1;IFIT3;RNLS;ANKRD1;ATAD1;LIPA;NOC3L;CYP2C8;CCSER2;SLC35G1;CYP2C18;FFAR4;HECTD2;TBC1D12;SH2D4B;BTAF1;KIF20B;NUTM2D;LDB3;LIPJ;DYDC2;ACTA2;NUTM2A,"[97, 162, 843, 1118, 1237, 1312, 1527, 2048, 2504, 2922, 3262, 3588, 3670, 3915, 4986, 5210, 6194, 6667, 7567, 8117, 8118, 8302, 8406, 8499, 8569, 9072, 9235, 9401, 9560, 9685, 9721, 9772, 9774, 9891, 10099, 10328, 10335, 10342, 10558, 10701, 10911, 11231, 11493, 11641, 11643, 12020, 12748, 12800, 13224, 13709, 14245, 14434, 14497, 14535, 14629, 14802, 14874, 14930, 15092, 15181, 15316, 15537, 15727, 16025, 16372, 16734, 16793, 17022, 17101, 17345, 17411, 17447, 17467]",c1.all__chr10q23
c1.all,chr4q31,prerank,-0.36975424784938066,-1.3925316091334785,0.05037313432835821,0.17961208648750798,1.0,22_54,22/54,24.96%,TTC29;RNF150;FREM3;TIGD4;GYPB;TMEM154;SH3D19;MAML3;TBC1D9;PLRG1;ABCE1;SCOC;TRIM2;HHIP;DCHS2;CLGN;ZNF827;SETD7;FBXW7;SMARCA5;ANAPC10;LRBA,TLR2;MGARP;SFRP2;GYPA;FHDC1;MAB21L2;MGST2;DCLK2;IL15;LSM6;ARHGAP10;RPS3A;MND1;OTUD4;GAB1;SMAD1;NDUFC1;INPP4B;NR3C2;GYPE;RAB33B;ZNF330;RNF175;USP38;SLC10A7;EDNRA;ELF2;ARFIP1;TMEM184C;MMAA;NAA15;ELMOD2;LRBA;ANAPC10;SMARCA5;FBXW7;SETD7;ZNF827;CLGN;DCHS2;HHIP;TRIM2;SCOC;ABCE1;PLRG1;TBC1D9;MAML3;SH3D19;TMEM154;GYPB;TIGD4;FREM3;RNF150;TTC29,"[493, 622, 1343, 1636, 1834, 2311, 2579, 3669, 3762, 4117, 4143, 4491, 5816, 5969, 5970, 7119, 7763, 7949, 8254, 8928, 9381, 9501, 9868, 9905, 10146, 10454, 10599, 10687, 11252, 11280, 11327, 11804, 13146, 13175, 13211, 13420, 13539, 13610, 14579, 14595, 15085, 15535, 15685, 15729, 15769, 15929, 15956, 16342, 16390, 16682, 16825, 17076, 17375, 17393]",c1.all__chr4q31
c1.all,chr12p12,prerank,-0.39689229253952096,-1.402773723804073,0.05791505791505792,0.18059591381984072,1.0,17_42,17/42,25.85%,PYROXD1;GUCY2C;BCAT1;ART4;GOLT1B;RERGL;PIK3C2G;PDE3A;SLCO1A2;SSPN;PTPRO;C2CD5;RECQL;C12orf60;WBP11;SLCO1B1;KRAS,GYS2;RASSF8;KCNJ8;ARHGDIB;MGST1;SLC15A5;SOX5;ETNK1;EPS8;ABCC9;LDHB;BHLHE41;ST8SIA1;AEBP2;DERA;LMO3;SMCO3;MGP;PLEKHA5;STRAP;RERG;ERP27;CMAS;SLCO1C1;PDE6H;KRAS;SLCO1B1;WBP11;C12orf60;RECQL;C2CD5;PTPRO;SSPN;SLCO1A2;PDE3A;PIK3C2G;RERGL;GOLT1B;ART4;BCAT1;GUCY2C;PYROXD1,"[879, 1439, 2514, 2742, 3531, 4593, 4821, 6588, 7060, 7249, 7900, 8040, 8573, 8777, 8969, 9038, 9144, 9257, 9326, 9375, 9488, 9764, 10152, 11038, 11806, 12990, 13226, 13306, 13553, 14251, 14342, 14674, 14880, 15125, 15337, 15386, 15554, 15682, 15900, 16088, 16355, 17049]",c1.all__chr12p12
c1.all,chr16q22,prerank,0.3378641886475646,1.3952139097476484,0.03206412825651302,0.18319934076452876,1.0,34_106,34/106,22.84%,RRAD;HP;HSD11B2;CLEC18A;NRN1L;DPEP3;HPR;CTRL;CHST4;FHOD1;AGRP;MARVELD3;NQO1;CMTM3;HSF4;E2F4;CENPT;DPEP2;ZDHHC1;CBFB;LCAT;ELMO3;ACD;IL34;LRRC36;SLC9A5;SLC12A4;FBXL8;TSNAXIP1;CA7;THAP11;NOL3;TRADD;VPS4A,RRAD;HP;HSD11B2;CLEC18A;NRN1L;DPEP3;HPR;CTRL;CHST4;FHOD1;AGRP;MARVELD3;NQO1;CMTM3;HSF4;E2F4;CENPT;DPEP2;ZDHHC1;CBFB;LCAT;ELMO3;ACD;IL34;LRRC36;SLC9A5;SLC12A4;FBXL8;TSNAXIP1;CA7;THAP11;NOL3;TRADD;VPS4A;ZFHX3;COG4;PARD6A;ENKD1;ZNF821;TXNL4B;CTCF;SNTB2;TAT;CHTF8;PLA2G15;CLEC18C;CMTM4;NOB1;PMFBP1;GFOD2;HAS3;CES3;DHX38;ST3GAL2;TERF2;EDC4;ESRP2;B3GNT9;COG8;NFATC3;SF3B3;PSMB10;ATP6V0D1;VAC14;PRMT7;WWP2;KCTD19;RANBP10;CYB5B;NIP7;TMEM208;SMPD3;CDH1;PHLPP2;ZFP90;TMED6;ATXN1L;AP1G1;PSKH1;DHODH;SLC7A6;CDH3;DYNC1LI2;CES4A;TANGO6;CALB2;NUTF2;PDF;DDX19B;PDP2;SLC7A6OS;NAE1;DDX28;PDPR;DDX19A;C16orf86;TPPP3;PLEKHG4;NFAT5;EXOC3L1;ZNF19;CES2;EXOSC6;IST1;ZNF23;HYDIN,"[76, 85, 98, 378, 578, 691, 728, 796, 1101, 1128, 1235, 1364, 1507, 1540, 1613, 1736, 2348, 2477, 2506, 2635, 2782, 3021, 3055, 3071, 3347, 3429, 3454, 3501, 3721, 3904, 3908, 3946, 3997, 4000, 4404, 4426, 4533, 4563, 4725, 5038, 5434, 5494, 5535, 5683, 5737, 5835, 5889, 5933, 6034, 6437, 6468, 6603, 6703, 6784, 7034, 7112, 7464, 7773, 7876, 7917, 8045, 8058, 8129, 8159, 8432, 8519, 8650, 8747, 9007, 9026, 9176, 9181, 9857, 10200, 10707, 11078, 11203, 11383, 11626, 11827, 12016, 12228, 12337, 12350, 12380, 12454, 12476, 12931, 12937, 13118, 13427, 13483, 13833, 13840, 13934, 14647, 14952, 15177, 15785, 15806, 16065, 16144, 16214, 16242, 16401, 16728]",c1.all__chr16q22
c1.all,chr7q31,prerank,-0.3852118365705645,-1.4032940964050626,0.04466019417475728,0.18331308357718737,1.0,26_50,26/50,29.74%,CFTR;ANKRD7;LAMB1;CTTNBP2;TMEM168;GPR37;AASS;RNF133;KCND2;IQUB;MET;CAV2;NDUFA5;DOCK4;POT1;DLD;CAV1;THAP5;CADPS2;ING3;FAM3C;NRCAM;CAPZA2;ZNF277;GPR85;CPED1,LSMEM1;TES;ST7;TFEC;IFRD1;TSPAN12;MDFIC;ST7-OT4;WNT16;LAMB4;TMEM229A;LRRN3;FOXP2;SLC26A3;FEZF1;IMMP2L;PNPLA8;PTPRZ1;ZNF800;WASL;WNT2;DNAJB9;RNF148;GRM8;CPED1;GPR85;ZNF277;CAPZA2;NRCAM;FAM3C;ING3;CADPS2;THAP5;CAV1;DLD;POT1;DOCK4;NDUFA5;CAV2;MET;IQUB;KCND2;RNF133;AASS;GPR37;TMEM168;CTTNBP2;LAMB1;ANKRD7;CFTR,"[64, 1398, 2210, 2463, 2935, 3563, 4015, 4259, 4362, 4904, 5035, 6481, 6610, 6922, 7747, 8440, 8480, 8494, 9182, 9881, 10192, 10291, 10407, 11391, 12310, 12379, 12392, 12590, 12639, 12782, 13294, 13651, 13741, 13967, 14360, 14882, 15185, 15239, 15265, 15339, 15395, 15464, 15811, 16032, 16039, 16202, 16337, 16466, 16719, 17465]",c1.all__chr7q31
c1.all,chr16p13,prerank,0.3037692171339292,1.3719462937517677,0.01098901098901099,0.1856022098516439,1.0,63_207,63/207,20.93%,TNFRSF12A;DNASE1L2;IL32;CLDN9;CLDN6;TPSD1;NPW;MEFV;CIITA;TEKT5;GLIS2;VASN;RHBDF1;WFIKKN1;MMP25;RPL3L;CARHSP1;BRICD5;ZNF205;TFAP4;DNASE1;CCDC154;CLCN7;SOCS1;UBALD1;AXIN1;PTX4;MSLN;IFT140;NME3;RHBDL1;ZG16B;C16orf89;PLA2G10;HAGHL;THOC6;NUDT16L1;NPRL3;PKD1P1;EMP2;RPUSD1;TPSAB1;TMEM204;DEXI;CCNF;NTAN1;TPSG1;NME4;WASH4P;CREBBP;ADCY9;SPSB3;ZNF598;RNF151;CDIP1;MRPS34;METRN;GFER;HCFC1R1;EME2;SRRM2;ECI1;TRAF7,TNFRSF12A;DNASE1L2;IL32;CLDN9;CLDN6;TPSD1;NPW;MEFV;CIITA;TEKT5;GLIS2;VASN;RHBDF1;WFIKKN1;MMP25;RPL3L;CARHSP1;BRICD5;ZNF205;TFAP4;DNASE1;CCDC154;CLCN7;SOCS1;UBALD1;AXIN1;PTX4;MSLN;IFT140;NME3;RHBDL1;ZG16B;C16orf89;PLA2G10;HAGHL;THOC6;NUDT16L1;NPRL3;PKD1P1;EMP2;RPUSD1;TPSAB1;TMEM204;DEXI;CCNF;NTAN1;TPSG1;NME4;WASH4P;CREBBP;ADCY9;SPSB3;ZNF598;RNF151;CDIP1;MRPS34;METRN;GFER;HCFC1R1;EME2;SRRM2;ECI1;TRAF7;TNFRSF17;BAIAP3;NTHL1;ANKS3;CACNA1H;NAA60;NUBP2;NAGPA;HAGH;WDR24;STUB1;TSR3;ZNF263;C16orf90;TXNDC11;RAB26;NDE1;PIGQ;SNN;SSTR5;WDR90;MRPL28;PDIA2;NDUFB10;ARHGDIG;MPG;RPS2;UBE2I;IGFALS;HBZ;RHOT2;MLST8;CLEC16A;NUBP1;TMEM186;RGS11;PDXDC1;RNPS1;SNRNP25;PAM16;GNPTG;CASKIN1;PGP;ABCA3;MAPK8IP3;SOX8;TELO2;DECR2;MSRB1;FLYWCH1;ATF7IP2;ZNF174;JMJD8;ABCC6;CORO7;NTN3;PKD1;TSC2;CCDC78;PPL;E4F1;KCTD5;SYNGR3;UBN1;ZNF213;CHTF18;HMOX2;USP7;RAB11FIP3;GNG13;RAB40C;GSPT1;FLYWCH2;ROGDI;TBC1D24;UNKL;ATP6V0C;DNAJA3;POLR3K;MGRN1;TIGD7;ABAT;ZSCAN32;RRN3;TVP23A;PDPK1;HBQ1;AMDHD2;LUC7L;PRSS21;SHISA9;RMI2;ZC3H7A;C16orf96;NOMO1;ERCC4;BFAR;PKMYT1;FAHD1;ABCC1;TRAP1;SRL;ALG1;MEIOB;RSL1D1;SNX29;FBXL16;METTL22;LMF1;NHLRC4;MSLNL;NMRAL1;ZSCAN10;GLYR1;ZNF200;PARN;TBL3;ZNF75A;RBFOX1;CORO7-PAM16;CLUAP1;GRIN2A;C1QTNF8;CPPED1;ZNF500;TMEM114;LITAF;PMM2;PAQR4;SEC14L5;PRSS27;SLX4;KREMEN2;NOXO1;MYH11;HBA1;OR1F1;NOMO3;OR2C1;HBM;ZNF597;PRSS22;HBA2;MPV17L,"[251, 288, 314, 390, 496, 737, 763, 807, 815, 990, 1043, 1056, 1069, 1152, 1297, 1405, 1441, 1484, 1523, 1654, 1678, 1703, 1734, 1768, 1817, 1850, 1874, 1882, 1905, 1917, 1957, 2171, 2194, 2219, 2225, 2246, 2248, 2312, 2347, 2358, 2403, 2414, 2538, 2547, 2750, 2865, 2907, 2989, 2996, 3077, 3108, 3143, 3225, 3288, 3335, 3362, 3413, 3421, 3442, 3451, 3575, 3609, 3666, 3818, 3874, 3961, 4036, 4169, 4206, 4293, 4327, 4519, 4616, 4641, 4674, 4750, 4783, 4796, 4806, 4958, 4993, 5051, 5098, 5100, 5144, 5239, 5288, 5322, 5437, 5472, 5531, 5585, 5697, 5722, 5866, 6085, 6229, 6264, 6277, 6298, 6339, 6499, 6572, 6680, 6696, 6732, 6897, 6939, 7037, 7086, 7116, 7340, 7465, 7503, 7535, 7581, 7630, 7664, 7720, 7752, 8001, 8048, 8073, 8077, 8178, 8268, 8325, 8338, 8477, 8493, 8571, 8578, 8581, 8605, 8612, 8673, 8831, 8852, 8939, 9190, 9245, 9325, 9361, 9430, 9591, 9592, 9709, 9741, 9782, 9808, 9931, 10079, 10295, 10326, 10363, 10386, 10450, 10509, 10796, 10957, 11065, 11093, 11096, 11122, 11274, 11624, 11673, 11788, 12094, 12109, 12132, 12364, 12719, 12731, 12763, 12811, 12945, 12980, 13082, 13952, 14309, 14321, 14330, 14379, 14582, 14635, 14733, 14851, 14923, 14933, 15103, 15164, 15631, 15701, 15754, 15953, 16239, 16634, 16828, 16888, 16954, 16974, 17038, 17176, 17204, 17205, 17274]",c1.all__chr16p13
c1.all,chr3q23,prerank,-0.46150177521358354,-1.3835860298127054,0.08267716535433071,0.18699468525572502,1.0,8_22,8/22,13.65%,CLSTN2;GK5;RBP2;TRPC1;ATR;RBP1;U2SURP;SLC25A36,GRK7;PCOLCE2;ATP1B3;RNF7;NMNAT3;SPSB4;ZBTB38;XRN1;RASA2;PAQR9;PLS1;TFDP2;MRPS22;COPB2;SLC25A36;U2SURP;RBP1;ATR;TRPC1;RBP2;GK5;CLSTN2,"[297, 2296, 2392, 2931, 5353, 5490, 7906, 8372, 9210, 9740, 9854, 10563, 11002, 12534, 15127, 15551, 15591, 16480, 16515, 16597, 16760, 16861]",c1.all__chr3q23
c1.all,chr17q21,prerank,0.2990392182270536,1.3730795868449046,0.009689922480620155,0.19034357185660944,1.0,78_218,78/218,25.35%,ETV4;HSPB9;TMEM92;HIGD1B;GAST;NAGS;WFIKKN2;FZD2;MYL4;HCRT;CSF3;KRT15;AOC2;GFAP;ABI3;GJC1;FKBP10;PLEKHH3;KRT19;GSDMB;HSD17B1;OSBPL7;GRN;TBX21;NR1D1;RSAD1;GNGT2;HOXB2;ZNF652;KAT2A;KIF18B;SLC25A39;HEXIM1;TBKBP1;HAP1;ACSF2;VAT1;TAC4;WNT3;C1QL1;CASC3;FAM171A2;KRT10;RPRML;WNK4;ITGA2B;TOP2A;COL1A1;COASY;KRT9;ABCC3;NGFR;PLCD3;KRT16;MED24;IGFBP4;NME2;CDK5RAP3;STAT3;NMT1;ARHGAP27;PLEKHM1;STAT5A;TOB1;KRT13;THRA;RPL27;ANKRD40;MRPL27;PSMC3IP;COPZ2;CALCOCO2;LRRC37A;KRTAP16-1;SPATA20;FAM117A;TMEM106A;JUP,ETV4;HSPB9;TMEM92;HIGD1B;GAST;NAGS;WFIKKN2;FZD2;MYL4;HCRT;CSF3;KRT15;AOC2;GFAP;ABI3;GJC1;FKBP10;PLEKHH3;KRT19;GSDMB;HSD17B1;OSBPL7;GRN;TBX21;NR1D1;RSAD1;GNGT2;HOXB2;ZNF652;KAT2A;KIF18B;SLC25A39;HEXIM1;TBKBP1;HAP1;ACSF2;VAT1;TAC4;WNT3;C1QL1;CASC3;FAM171A2;KRT10;RPRML;WNK4;ITGA2B;TOP2A;COL1A1;COASY;KRT9;ABCC3;NGFR;PLCD3;KRT16;MED24;IGFBP4;NME2;CDK5RAP3;STAT3;NMT1;ARHGAP27;PLEKHM1;STAT5A;TOB1;KRT13;THRA;RPL27;ANKRD40;MRPL27;PSMC3IP;COPZ2;CALCOCO2;LRRC37A;KRTAP16-1;SPATA20;FAM117A;TMEM106A;JUP;CDC6;RARA;CCDC103;RND2;EZH1;GHDC;SNX11;HDAC5;WNT9B;EPN3;KANSL1;RAPGEFL1;EIF1;NFE2L1;ACBD4;NKIRAS2;UBTF;FMNL1;PHOSPHO1;RUNDC3A;PSMD3;STAT5B;NT5C3B;XYLT2;NPEPPS;WIPF2;HOXB3;MLX;DHX58;SNF8;IFI35;RAMP2;SPOP;UBE2Z;HOXB7;CCR10;NME1-NME2;TUBG1;MRPL10;DCAKD;ITGB3;ORMDL3;DBF4B;DNAJC7;MSL1;TMUB2;EFTUD2;CBX1;LRRC37A2;BRCA1;ATXN7L3;ARL17A;COA3;PRR15L;ITGA3;TMEM101;CNTNAP1;ARL17B;LRRC59;ADAM11;KLHL10;RAB5C;SCRN2;AARSD1;CNTD1;G6PC3;ATP6V0A1;SLC35B1;MAPT;STH;CHAD;GOSR2;LSM12;DHX8;KPNB1;DUSP3;SP2;NME1;TUBG2;SKAP1;PDK2;SMARCE1;SAMD14;MBTD1;UTP18;PSME3;FAM215A;SPAG9;VPS25;NSF;HEXIM2;GPATCH8;KAT7;LUC7L3;CCR7;TNS4;PYY;CACNA1G;IKZF3;NAGLU;EFCAB13;SPPL2C;NBR1;KRT17;NXPH3;MYCBPAP;CRHR1;PTGES3L-AARSD1;KRT33B;ARL4D;BECN1;DLX3;ACLY;CDC27;TTLL6;RUNDC1;DLX4;MPP2;PNPO;CCDC43;KRT12;ASB16;KRT31;SGCA;KCNH4;PTGES3L;CD300LG;CNP;KRT222;ZNF385C;AOC3;SP6;LRRC46;EME1;MPP3;GJD3;SLC4A1;SOST;KLHL11;KRT40,"[30, 34, 90, 129, 236, 354, 494, 534, 552, 616, 665, 682, 702, 788, 800, 872, 1092, 1104, 1151, 1195, 1231, 1311, 1328, 1377, 1512, 1642, 1648, 1669, 1691, 1719, 1723, 1777, 1814, 1967, 2108, 2146, 2218, 2394, 2447, 2453, 2462, 2523, 2596, 2766, 2836, 2928, 2999, 3083, 3106, 3128, 3146, 3192, 3232, 3235, 3299, 3331, 3426, 3554, 3562, 3578, 3657, 3684, 3694, 3777, 3883, 3887, 3894, 4040, 4058, 4133, 4138, 4193, 4335, 4343, 4354, 4379, 4408, 4440, 4732, 4735, 4779, 4812, 4885, 4932, 4951, 5112, 5192, 5250, 5255, 5439, 5574, 5680, 5728, 5748, 5770, 5813, 5853, 5989, 6063, 6102, 6111, 6321, 6362, 6423, 6504, 6547, 6611, 6626, 6730, 6745, 6867, 6944, 6949, 7107, 7158, 7195, 7753, 7785, 7794, 7879, 7899, 8052, 8055, 8262, 8358, 8531, 8648, 8672, 8715, 8743, 8802, 8913, 8920, 9010, 9121, 9126, 9198, 9276, 9411, 9421, 9584, 9712, 9759, 9768, 9981, 10040, 10181, 10209, 10486, 10808, 10858, 10934, 10936, 10986, 10988, 11445, 11456, 11532, 11569, 11603, 11873, 11882, 12072, 12096, 12101, 12159, 12271, 12371, 12432, 12559, 12560, 12580, 12666, 12695, 12717, 12724, 12755, 12834, 12846, 12898, 12927, 13183, 13347, 13369, 13393, 13409, 13424, 13515, 13678, 13685, 13765, 13789, 13889, 14035, 14267, 14431, 15106, 15146, 15231, 15304, 15697, 15873, 15876, 15978, 16319, 16429, 16506, 16567, 16588, 16594, 16629, 16713, 16762, 16988, 17059, 17185, 17285, 17398]",c1.all__chr17q21
c1.all,chr7p12,prerank,-0.48463454933375494,-1.3773860809025735,0.12024048096192384,0.19137596169770701,1.0,7_17,7/17,14.03%,C7orf57;VWC2;ZPBP;DDC;FIGNL1;ADCY1;SUN3,IKZF1;IGFBP1;TNS3;COBL;HUS1;IGFBP3;GRB10;UPP1;PKD1L1;ABCA13;SUN3;ADCY1;FIGNL1;DDC;ZPBP;VWC2;C7orf57,"[693, 866, 4409, 4937, 4962, 7422, 7532, 9229, 10912, 12506, 15062, 15107, 15266, 15625, 15870, 16157, 17471]",c1.all__chr7p12
c1.all,chr6q14,prerank,-0.41227937414750865,-1.374159364800438,0.07936507936507936,0.19225932536092896,1.0,14_33,14/33,26.24%,COL12A1;IBTK;SENP6;FILIP1;PHIP;IRAK1BP1;ME1;TMEM30A;ZNF292;IMPG1;HTR1B;SH3BGRL2;TPBG;CYB5R4,TTK;HTR1E;HMGN3;MRAP2;RIPPLY2;UBE3D;COX7A2;PRSS35;SYNCRIP;NT5E;TBX18;ELOVL4;SNX14;RWDD2A;SNAP91;BCKDHB;PGM3;LCA5;MYO6;CYB5R4;TPBG;SH3BGRL2;HTR1B;IMPG1;ZNF292;TMEM30A;ME1;IRAK1BP1;PHIP;FILIP1;SENP6;IBTK;COL12A1,"[2815, 3833, 4300, 5026, 5289, 5411, 6903, 7392, 7742, 8133, 8418, 9518, 9766, 10210, 10767, 11227, 11424, 11607, 12243, 12922, 12974, 13028, 13362, 13571, 13698, 13860, 13863, 13902, 14365, 15626, 15885, 16033, 16720]",c1.all__chr6q14
c1.all,chr14q11,prerank,0.34952855268491245,1.357030051678348,0.04008016032064128,0.19687965765738077,1.0,23_72,23/72,17.60%,RNASE3;PNP;RNASE6;RNASE2;RNASE10;AJUBA;PSMB11;DHRS4L2;AP1G2;SLC7A7;MYH7;LRP10;DHRS4;ZNF219;ZFHX2;PABPN1;BCL2L2-PABPN1;MMP14;C14orf93;ARHGEF40;ABHD4;ACIN1;CDH24,RNASE3;PNP;RNASE6;RNASE2;RNASE10;AJUBA;PSMB11;DHRS4L2;AP1G2;SLC7A7;MYH7;LRP10;DHRS4;ZNF219;ZFHX2;PABPN1;BCL2L2-PABPN1;MMP14;C14orf93;ARHGEF40;ABHD4;ACIN1;CDH24;ANG;METTL17;MRPL52;TEP1;HOMEZ;DAD1;RBM23;SLC22A17;TMEM253;CPNE6;CEBPE;PSMB5;TTC5;C14orf119;HAUS4;SLC39A2;NDRG2;SLC7A8;THTPA;PCK2;CCNB1IP1;HNRNPC;PRMT5;JPH4;APEX1;MYH6;RNASE4;RAB2B;NGDN;TPPP2;SALL2;TOX4;BCL2L2;OSGEP;CHD8;METTL3;OXA1L;SUPT16H;PPP1R3E;REM2;PARP2;IL25;OR11H4;DHRS2;EFS;RNASE1;KLHL33;RPGRIP1;CMTM5,"[210, 345, 662, 667, 885, 975, 1236, 1288, 1361, 1607, 1710, 1876, 1926, 2020, 2227, 2232, 2247, 2529, 2656, 2830, 2839, 2876, 3082, 3768, 3920, 4175, 4313, 4318, 4424, 4753, 4987, 5449, 5703, 6070, 6153, 6271, 6367, 6391, 6636, 7189, 7237, 7343, 8240, 8934, 9545, 9589, 9676, 9678, 9843, 10310, 10527, 10660, 11323, 11587, 11878, 12028, 12151, 12548, 12849, 13061, 13381, 13935, 14158, 14289, 15154, 15616, 15826, 16216, 16286, 16769, 16844, 17194]",c1.all__chr14q11
c1.all,chr2q36,prerank,-0.4103693092886777,-1.3502873127012622,0.09325396825396826,0.21652582200015918,1.0,9_32,9/32,6.92%,PAX3;SPHKAP;DAW1;NYAP2;SCG2;FBXO36;DOCK10;MOGAT1;AP1S3,KCNE4;CCL20;SLC19A3;COL4A4;IRS1;MRPL44;FAM124B;COL4A3;MFF;PID1;CUL3;RHBDD1;SERPINE2;EPHA4;TRIP12;DNER;ACSL3;AGFG1;WDFY1;SGPP2;TM4SF20;FARSB;SLC16A14;AP1S3;MOGAT1;DOCK10;FBXO36;SCG2;NYAP2;DAW1;SPHKAP;PAX3,"[3, 561, 566, 2512, 4919, 4998, 5084, 8125, 8299, 8655, 9107, 9699, 10488, 11168, 11185, 11217, 12248, 12951, 13095, 13920, 14782, 14885, 15140, 16307, 16377, 16569, 16865, 16902, 17041, 17056, 17063, 17485]",c1.all__chr2q36
c1.all,chr5q31,prerank,-0.2969929809877037,-1.3529080102179794,0.024253731343283583,0.21667429986269962,1.0,70_169,70/169,29.35%,PCDHA9;PCDHAC1;PCDHAC2;PCDHA3;EGR1;PCDHGC4;IL5;PCDHA2;LRRTM2;ANKHD1;PCDHGC5;PCDHA5;PCDHA6;LECT2;PCDHA10;PCDHA1;PCDHA11;PCDHGA7;PCDHA8;PCDHGA6;CDC25C;PCDHA12;RAPGEF6;PKD2L2;KIF3A;KLHL3;SPATA24;PAIP2;NME5;WNT8A;SPOCK1;PCDHA7;PCDHB16;ACSL6;DNAJC18;PCDHGB2;DDX46;RAD50;NDFIP1;YIPF5;C5orf15;KCTD16;TRPC7;SLC23A1;PCDHGB3;PCDHA4;SLC22A4;PCDHA13;PCDHB10;FSTL4;GFRA3;PCDHGA8;SPRY4;FNIP1;PCDHGB4;APBB3;TXNDC15;HBEGF;RELL2;PCDHGA4;FGF1;PURA;SLC4A9;ARHGAP26;SOWAHA;NR3C1;PCDHB12;CXXC5;CDC42SE2;RNF14,MZB1;SLC25A48;P4HA2;IRF1;IL9;PDLIM4;MYOT;CD14;LEAP2;PROB1;CYSTM1;PCDHB7;PSD2;HSPA4;FCHSD1;REEP2;ARAP3;PCDHB5;PCDH12;UBE2B;ECSCR;SRA1;PCDHGB6;PCDHB4;PCDHGA3;TCF7;PCDHGA2;PCDHGA10;NRG2;FAM53C;PCDHB8;DIAPH1;UQCRQ;GNPDA1;SLC35A4;SHROOM1;SIL1;PCDHB6;HDAC3;PCDHGC3;PCDHB11;CAMLG;SMAD5;TAF7;PCDHGA11;PCDHGA1;KIF20A;ZCCHC10;NDUFA2;PCDHGB7;HINT1;SLC22A5;PCDHB14;IGIP;PCDHB3;CTNNA1;IL13;UBE2D2;PCDHB2;CCNI2;BRD8;PCDHGA12;PCDHB13;FAM13B;IL4;PCDHGB1;ETF1;VDAC1;WDR55;SEC24A;KDM3B;HARS2;HSPA9;PCDH1;HNRNPA0;CDKN2AIPNL;CXCL14;EIF4EBP3;IK;CDKL3;PCDHB15;PCDHGA5;CDC23;PFDN1;MATR3;ANKHD1-EIF4EBP3;PPP2CA;SLC25A2;C5orf24;ZMAT2;TMCO6;TGFBI;CATSPER3;SKP1;PCDHGA9;AFF4;PCBD2;SAR1B;GDF9;RNF14;CDC42SE2;CXXC5;PCDHB12;NR3C1;SOWAHA;ARHGAP26;SLC4A9;PURA;FGF1;PCDHGA4;RELL2;HBEGF;TXNDC15;APBB3;PCDHGB4;FNIP1;SPRY4;PCDHGA8;GFRA3;FSTL4;PCDHB10;PCDHA13;SLC22A4;PCDHA4;PCDHGB3;SLC23A1;TRPC7;KCTD16;C5orf15;YIPF5;NDFIP1;RAD50;DDX46;PCDHGB2;DNAJC18;ACSL6;PCDHB16;PCDHA7;SPOCK1;WNT8A;NME5;PAIP2;SPATA24;KLHL3;KIF3A;PKD2L2;RAPGEF6;PCDHA12;CDC25C;PCDHGA6;PCDHA8;PCDHGA7;PCDHA11;PCDHA1;PCDHA10;LECT2;PCDHA6;PCDHA5;PCDHGC5;ANKHD1;LRRTM2;PCDHA2;IL5;PCDHGC4;EGR1;PCDHA3;PCDHAC2;PCDHAC1;PCDHA9,"[75, 128, 136, 753, 995, 1112, 1143, 1238, 1283, 1450, 2001, 2438, 2601, 2885, 2886, 3112, 3144, 3340, 3483, 3667, 3903, 3921, 3963, 3972, 4070, 4529, 4810, 4827, 4910, 4954, 5169, 5247, 5327, 5339, 5475, 5477, 5488, 5617, 5797, 5909, 6036, 6081, 6288, 6323, 6377, 6551, 6596, 6698, 7042, 7265, 7390, 7395, 7619, 8135, 8269, 8375, 8393, 8559, 8560, 8640, 8750, 8785, 8906, 8992, 9155, 9173, 9442, 9443, 9730, 9733, 9758, 9802, 10002, 10092, 10108, 10123, 10280, 10301, 10350, 10395, 10487, 10593, 10908, 10966, 10979, 11006, 11081, 11363, 11369, 11502, 11515, 11627, 11659, 11677, 11769, 11775, 11927, 12070, 12095, 12377, 12425, 12457, 12491, 12532, 12543, 12568, 12603, 12679, 12761, 12878, 12883, 12920, 12933, 12947, 12959, 13039, 13076, 13145, 13204, 13267, 13323, 13370, 13389, 13394, 13465, 13635, 13691, 13756, 13785, 13945, 14033, 14079, 14177, 14265, 14288, 14298, 14304, 14353, 14628, 14641, 14645, 14680, 14717, 14900, 15075, 15136, 15280, 15538, 15589, 15796, 16010, 16116, 16223, 16402, 16452, 16556, 16624, 16658, 16661, 16705, 16857, 16943, 16971, 16998, 17016, 17105, 17198, 17284, 17303]",c1.all__chr5q31
c1.all,chr7q36,prerank,0.3452310711442054,1.3260944698891552,0.07243460764587525,0.21687962473137867,1.0,22_69,22/69,18.64%,MNX1;NOS3;TMEM176A;TMEM176B;ZNF467;CRYGN;SMARCD3;GIMAP5;GIMAP2;GIMAP1;DNAJB6;GIMAP6;TMUB1;RARRES2;PDIA4;SLC4A2;GIMAP4;AGAP3;CHPF2;LRRC61;FASTK;GIMAP8,MNX1;NOS3;TMEM176A;TMEM176B;ZNF467;CRYGN;SMARCD3;GIMAP5;GIMAP2;GIMAP1;DNAJB6;GIMAP6;TMUB1;RARRES2;PDIA4;SLC4A2;GIMAP4;AGAP3;CHPF2;LRRC61;FASTK;GIMAP8;REPIN1;ASIC3;ZNF746;ZNF775;ZNF282;SHH;ZNF212;GIMAP7;NUB1;RBM33;WDR86;CDK5;ZNF777;ZNF783;KCNH2;KRBA1;CUL1;ABCF2;ACTR3C;GALNTL5;ZNF862;RHEB;PRKAG2;ZNF425;EZH2;ABCB8;ZNF786;VIPR2;ATG9B;NOM1;UBE3C;ZNF398;HTR5A;ESYT2;NCAPG2;ACTR3B;INSIG1;ATP6V0E2;RNF32;PAXIP1;DPP6;GALNT11;LMBR1;PTPRN2;XRCC2;CNPY1;EN2,"[174, 242, 540, 597, 1206, 1474, 1565, 1583, 1677, 1951, 2051, 2107, 2116, 2279, 2283, 2352, 2363, 2428, 2784, 2899, 3103, 3264, 3522, 3931, 4116, 4319, 5127, 5253, 5383, 5480, 5559, 5741, 6074, 6193, 6301, 6708, 6715, 7281, 7730, 7800, 7933, 8194, 8293, 8608, 8783, 8983, 9948, 10031, 10267, 10393, 11170, 11392, 11403, 11446, 11559, 12521, 12779, 12954, 13508, 13870, 13987, 14258, 14509, 14719, 15031, 15064, 16277, 17434, 17446]",c1.all__chr7q36
c1.all,chr3q11,prerank,-0.5595794313018294,-1.3446025108222113,0.13966480446927373,0.21774353260825507,1.0,6_10,6/10,21.82%,NSUN3;EPHA6;CRYBG3;CPOX;ARL6;ARL13B,OR5K2;STX19;PROS1;CLDND1;ARL13B;ARL6;CPOX;CRYBG3;EPHA6;NSUN3,"[2755, 3802, 8219, 11481, 13697, 14001, 14021, 15120, 16528, 16815]",c1.all__chr3q11
c1.all,chr5q11,prerank,-0.4238580505152845,-1.3470149626568972,0.113345521023766,0.21780053523841067,1.0,7_28,7/28,15.78%,GZMA;SETD9;ITGA2;MCIDAS;RAB3C;HSPB3;SLC38A9,GAPT;GPX8;ESM1;CCNO;PELO;IL6ST;ITGA1;MAP3K1;FST;GPBP1;EMB;PARP8;MIER3;MOCS2;NDUFS4;ARL15;PLK2;ANKRD55;SNX18;DHX29;DDX4;SLC38A9;HSPB3;RAB3C;MCIDAS;ITGA2;SETD9;GZMA,"[1759, 3218, 4469, 4566, 5619, 5726, 6946, 7092, 7227, 7867, 8429, 9557, 9669, 9840, 10476, 10827, 11728, 12000, 12786, 13113, 13843, 14754, 15176, 15559, 16700, 16779, 16957, 17331]",c1.all__chr5q11
c1.all,chr6p12,prerank,-0.384521395329469,-1.3351771011989637,0.09430255402750491,0.22079082615445794,1.0,21_40,21/40,25.27%,C6orf141;ANKRD66;TINAG;RCAN2;KIAA1586;PKHD1;PTCHD4;GCLC;FBXO9;DST;HMGCLL1;SLC25A27;EFHC1;MLIP;BEND6;ZNF451;GSTA4;KLHL31;HCRTR2;GSTA1;CENPQ,BMP5;CYP39A1;TRAM2;BAG2;COL21A1;LRRC1;TDRD6;GCM1;GFRAL;MEP1A;OPN5;MCM3;TMEM14A;CD2AP;ELOVL5;PAQR8;TFAP2D;PLA2G7;TNFRSF21;CENPQ;GSTA1;HCRTR2;KLHL31;GSTA4;ZNF451;BEND6;MLIP;EFHC1;SLC25A27;HMGCLL1;DST;FBXO9;GCLC;PTCHD4;PKHD1;KIAA1586;RCAN2;TINAG;ANKRD66;C6orf141,"[257, 530, 1064, 1513, 1778, 2309, 2427, 2539, 4660, 5599, 6099, 7471, 8305, 9187, 10315, 10866, 11545, 12277, 12698, 13092, 13096, 13167, 13316, 13842, 14108, 14246, 14492, 14977, 15152, 15183, 15276, 15492, 15499, 15933, 15966, 16105, 16352, 16609, 17462, 17500]",c1.all__chr6p12
c1.all,chr6p25,prerank,0.40581781189346194,1.3327629845637092,0.11462450592885376,0.22105786122933985,1.0,7_32,7/32,12.08%,PPP1R3G;F13A1;PXDC1;FOXC1;FOXF2;LY86;FOXQ1,PPP1R3G;F13A1;PXDC1;FOXC1;FOXF2;LY86;FOXQ1;SERPINB6;RIPK1;SERPINB9;GMDS;SLC22A23;WRNIP1;NQO2;ECI2;PSMG4;SERPINB1;LYRM4;FAM50B;HUS1B;IRF4;DUSP22;CDYL;EXOC2;TUBB2B;TUBB2A;FARS2;MYLK4;RPP40;BPHL;NRN1;FAM217A,"[458, 631, 641, 660, 1249, 1509, 2115, 3459, 4099, 4132, 4360, 4419, 4829, 5495, 5713, 6110, 6571, 7232, 7406, 8320, 9586, 9803, 9926, 9930, 10249, 10383, 10419, 11230, 11455, 11798, 16098, 16995]",c1.all__chr6p25
c1.all,chr3p21,prerank,0.29868965416386495,1.3271118035776255,0.021611001964636542,0.22175804450020203,1.0,51_178,51/178,22.79%,SPINK8;UCN2;SEMA3F;IL17RB;STAB1;LAMB2;PTH1R;SLC6A20;SLC26A6;TLR9;CCR2;NBEAL2;LSMEM2;AMIGO3;MANF;HYAL2;IQCF1;WDR6;CISH;TNNC1;CHDH;HYAL1;CCR1;PRSS50;KLHDC8B;TKT;CCR5;MON1A;PLXNB1;GPX1;RBM6;NT5DC2;MYL3;COL7A1;ABHD14A;RASSF1;PTPN23;TEX264;PFKFB4;CELSR3;TGM4;TWF2;NCKIPSD;IFRD2;TREX1;CCRL2;FBXW12;MST1R;SMARCC1;TMEM115;NPRL2,SPINK8;UCN2;SEMA3F;IL17RB;STAB1;LAMB2;PTH1R;SLC6A20;SLC26A6;TLR9;CCR2;NBEAL2;LSMEM2;AMIGO3;MANF;HYAL2;IQCF1;WDR6;CISH;TNNC1;CHDH;HYAL1;CCR1;PRSS50;KLHDC8B;TKT;CCR5;MON1A;PLXNB1;GPX1;RBM6;NT5DC2;MYL3;COL7A1;ABHD14A;RASSF1;PTPN23;TEX264;PFKFB4;CELSR3;TGM4;TWF2;NCKIPSD;IFRD2;TREX1;CCRL2;FBXW12;MST1R;SMARCC1;TMEM115;NPRL2;CCR9;CCDC12;SLC25A20;PPM1M;KIF15;RPL29;C3orf62;LIMD1;FYCO1;MST1;IP6K2;CACNA2D2;CDC25A;GNAI2;HYAL3;TMA7;ABHD5;NISCH;ZNF35;CSPG5;LTF;KLHL18;GNAT1;ZMYND10;IP6K1;TMIE;SHISA5;LARS2;MAPKAPK3;UQCRC1;ALS2CL;DAG1;DHX30;BAP1;USP19;RBM15B;TCAIM;KIF9;ZDHHC3;SCAP;GRM2;CDCP1;ANO10;ABHD14B;ZNF660;IQCF3;CACNA2D3;RHOA;CCDC51;CAMKV;DALRD3;POC1A;NEK4;P4HTM;EXOSC7;TMEM158;UBA7;TUSC2;IMPDH2;ITIH1;AMT;SETD2;RRP9;SFMBT1;PARP3;MAP4;PRKAR2A;RNF123;WDR82;PRKCD;DUSP7;GNL3;SACM1L;CLEC3B;CXCR6;NICN1;QRICH1;NDUFAF3;NME6;TMEM42;HEMK1;GPR62;ALAS1;BSN;C3orf18;ACY1;ITIH4;ATRIP;ELP6;PBRM1;RBM5;TCTA;ARIH2;TRAIP;ACTR8;ZNF445;PCBP4;APEH;LZTFL1;GLT8D1;ZNF197;GLYCTK;LRRC2;DOCK3;ZNF502;DNAH1;ZNF589;ZNF852;GMPPB;CACNA1D;SPCS1;MUSTN1;USP4;RFT1;KIAA1143;ABHD14A-ACY1;ZNF501;CCDC71;ZKSCAN7;CDHR4;RAD54L2;CYB561D2;ITIH3;ARIH2OS;TOPAZ1;SEMA3G;PHF7,"[45, 55, 119, 192, 357, 383, 443, 502, 604, 658, 711, 945, 989, 1022, 1077, 1134, 1203, 1210, 1417, 1752, 1760, 1865, 1907, 2012, 2255, 2303, 2393, 2470, 2491, 2540, 2570, 2616, 2682, 2720, 3016, 3020, 3130, 3145, 3350, 3425, 3430, 3468, 3473, 3755, 3778, 3794, 3827, 3906, 3934, 3984, 3992, 4219, 4280, 4310, 4352, 4545, 4699, 4723, 4744, 4789, 4835, 4841, 4871, 4877, 5047, 5069, 5134, 5145, 5167, 5240, 5262, 5338, 5410, 5456, 5468, 5481, 5803, 5831, 5874, 5929, 6154, 6201, 6415, 6427, 6514, 6864, 6943, 7194, 7240, 7262, 7291, 7315, 7319, 7348, 7359, 7468, 7660, 7780, 7805, 7921, 7945, 8057, 8184, 8300, 8304, 8347, 8394, 8446, 8467, 8646, 9033, 9141, 9261, 9301, 9315, 9340, 9346, 9371, 9412, 9413, 9634, 9646, 9684, 9912, 9973, 10133, 10321, 10441, 10538, 10551, 10608, 10673, 10791, 10954, 11245, 11331, 11672, 11782, 11899, 11962, 12032, 12160, 12325, 12465, 12533, 12718, 12810, 12910, 13078, 13301, 13308, 13436, 13477, 13512, 13642, 13645, 13770, 13780, 13821, 13844, 14303, 14777, 14853, 14866, 15115, 15390, 15624, 15830, 15935, 16138, 16595, 16635, 16683, 16747, 16761, 16908, 16972, 16978]",c1.all__chr3p21
c1.all,chr1p33,prerank,0.4136775604875861,1.3164808790070583,0.12447257383966245,0.22353767698031,1.0,6_27,6/27,8.15%,TAL1;PDZK1IP1;CYP4B1;FOXD2;FOXE3;MOB3C,TAL1;PDZK1IP1;CYP4B1;FOXD2;FOXE3;MOB3C;SLC5A9;UQCRH;MKNK1;LRRC41;CYP4Z1;STIL;CMPK1;TRABD2B;BEND5;EFCAB14;ATPAF1;NSUN4;ELAVL4;CYP4X1;CYP4A22;FAAH;SPATA6;AGBL4;TEX38;CYP4A11;KNCN,"[293, 388, 491, 653, 823, 1427, 2349, 5030, 6858, 8063, 8249, 8567, 9690, 9791, 10271, 10732, 10871, 11237, 11530, 11969, 13057, 14464, 14724, 15573, 15979, 16438, 16613]",c1.all__chr1p33
c1.all,chr10p12,prerank,-0.3803396292554312,-1.335183934635597,0.076,0.22408621161944983,1.0,17_42,17/42,27.20%,SPAG6;MYO3A;GAD2;GPR158;C10orf67;BMI1;STAM;PRTFDC1;THNSL1;ANKRD26;ENKUR;YME1L1;MPP7;MASTL;ARHGAP21;RAB18;ARMC3,SLC39A12;TMEM236;APBB1IP;OTUD1;NEBL;ST8SIA6;MSRB2;MRC1;WAC;BAMBI;PLXDC2;DNAJC1;PTF1A;ABI1;ARL5B;ACBD5;KIAA1217;MLLT10;MKX;CACNB2;SKIDA1;PIP4K2A;PDSS1;COMMD3;NSUN6;ARMC3;RAB18;ARHGAP21;MASTL;MPP7;YME1L1;ENKUR;ANKRD26;THNSL1;PRTFDC1;STAM;BMI1;C10orf67;GPR158;GAD2;MYO3A;SPAG6,"[725, 1564, 2337, 3243, 3729, 3769, 4223, 4351, 5043, 5200, 5843, 6143, 6242, 6770, 7150, 8387, 9041, 9253, 9383, 9419, 9435, 9490, 10317, 11076, 11180, 12754, 12855, 13255, 13257, 13504, 13792, 14104, 14485, 14502, 14753, 15065, 15130, 15707, 16622, 17219, 17333, 17458]",c1.all__chr10p12
c1.all,chr4q23,prerank,-0.49124885623078074,-1.3370628426640156,0.12348178137651822,0.22481245098267338,1.0,7_13,7/13,17.87%,STPG2;ADH6;MTTP;TRMT10A;RAP1GDS1;EIF4E;DNAJB14,ADH1B;DAPP1;ADH5;METAP1;TSPAN5;LAMTOR3;DNAJB14;EIF4E;RAP1GDS1;TRMT10A;MTTP;ADH6;STPG2,"[648, 3322, 7946, 10309, 12118, 12591, 14388, 14751, 15032, 15405, 15692, 16111, 16781]",c1.all__chr4q23
c1.all,chr13q34,prerank,0.39966518226867104,1.3093481827763376,0.12022900763358779,0.2268887793464859,1.0,12_31,12/31,25.67%,RAB20;F10;PROZ;TMEM255B;GRTP1;ADPRHL1;CARS2;ING1;GAS6;PCID2;IRS2;MCF2L,RAB20;F10;PROZ;TMEM255B;GRTP1;ADPRHL1;CARS2;ING1;GAS6;PCID2;IRS2;MCF2L;TEX29;TFDP1;TMCO3;ANKRD10;DCUN1D2;LAMP1;CUL4A;ARHGEF7;COL4A2;SOX1;RASA3;UPF3A;CDC16;ATP11A;COL4A1;TUBGCP3;CHAMP1;F7;GRK1,"[698, 817, 1176, 1510, 1532, 2718, 3010, 3014, 3078, 3817, 4288, 4496, 5484, 6570, 6645, 7543, 7849, 8103, 8203, 8272, 8521, 8958, 9045, 10637, 10923, 11394, 11830, 11930, 12288, 16191, 16278]",c1.all__chr13q34
c1.all,chr1q44,prerank,-0.3949330452673554,-1.3264429108904658,0.11864406779661017,0.2293935012048019,1.0,9_35,9/35,18.54%,OR2L2;OR2M4;GCSAML;OR2T4;TRIM58;OR14I1;ZNF496;KIF26B;AKT3,ZNF692;ZNF124;OR2L5;SH3BP5L;ZNF672;OR2L3;AHCTF1;CNST;OR2AJ1;OR2T33;DESI2;ZBTB18;ZNF695;SCCPDH;PGBD2;TFB2M;OR2T8;NLRP3;OR2W3;EFCAB2;SMYD3;COX20;ZNF669;OR2L13;HNRNPU;ZNF670;AKT3;KIF26B;ZNF496;OR14I1;TRIM58;OR2T4;GCSAML;OR2M4;OR2L2,"[1363, 2858, 3253, 4201, 4358, 6196, 6622, 6979, 7287, 7674, 8367, 8576, 8627, 8670, 8749, 8780, 10167, 10212, 10345, 10650, 10902, 11008, 11867, 12067, 12398, 12694, 14271, 14609, 14912, 15552, 15594, 16011, 16976, 17006, 17182]",c1.all__chr1q44
c1.all,chr18q23,prerank,0.4858432964477828,1.3020938192948561,0.1490280777537797,0.22972789374213026,1.0,6_15,6/15,10.47%,PARD6G;SALL3;SMIM21;NFATC1;ZNF516;HSBP1L1,PARD6G;SALL3;SMIM21;NFATC1;ZNF516;HSBP1L1;TXNL4A;CTDP1;MBP;RBFA;ADNP2;ATP9B;KCNG2;ZNF236;GALR1,"[524, 549, 1269, 1445, 1606, 1833, 7533, 8131, 10265, 13672, 13702, 14437, 15260, 16106, 16246]",c1.all__chr18q23
c1.all,chr16q24,prerank,0.33252993263446556,1.2947656589120424,0.07827788649706457,0.2332879855044542,1.0,22_72,22/72,21.91%,FOXF1;CYBA;IRF8;SLC7A5;PABPN1L;BANP;PRDM7;CDK10;DPEP1;FOXC2;CRISPLD2;PIEZO1;RNF166;VPS9D1;COTL1;RPL13;ZC3H18;ZDHHC7;CBFA2T3;KLHL36;CHMP1A;CTU2,FOXF1;CYBA;IRF8;SLC7A5;PABPN1L;BANP;PRDM7;CDK10;DPEP1;FOXC2;CRISPLD2;PIEZO1;RNF166;VPS9D1;COTL1;RPL13;ZC3H18;ZDHHC7;CBFA2T3;KLHL36;CHMP1A;CTU2;TAF1C;DEF8;TCF25;SPIRE2;COX4I1;ZCCHC14;FBXO31;MC1R;ZNF276;WFDC1;C16orf74;EMC8;JPH3;MVD;CPNE7;CA5A;KCNG4;GALNS;ANKRD11;DBNDD1;MBTPS1;GAS8;ATP2C2;SNAI3;FANCA;KLHDC4;HSDL1;FOXL1;GSE1;SPG7;APRT;DNAAF1;ZFPM1;MAP1LC3B;USP10;ACSF3;ADAD2;TRAPPC2L;MTHFSD;IL17C;C16orf95;KIAA0513;TUBB3;ZNF469;SPATA2L;CDT1;GINS2;ZNF778;SLC22A31;CDH15,"[285, 470, 613, 790, 874, 931, 1037, 1121, 1166, 1240, 1826, 2383, 2578, 2796, 2856, 2917, 3115, 3435, 3576, 3640, 3780, 3838, 4696, 5065, 5223, 5436, 5598, 5653, 5870, 5878, 6185, 6307, 6351, 6482, 6524, 6554, 6699, 6711, 6862, 6868, 7113, 7495, 7762, 7793, 8257, 8345, 8550, 8662, 8779, 8917, 9039, 9084, 9114, 9239, 9499, 9680, 10338, 10681, 11783, 12346, 12501, 12789, 12832, 12994, 13101, 13607, 13847, 14284, 14583, 17125, 17456, 17473]",c1.all__chr16q24
c1.all,chr8q23,prerank,-0.4843921661530746,-1.3130242616601016,0.13271028037383178,0.24236022739971955,1.0,6_15,6/15,24.66%,OXR1;KCNV1;CSMD3;EMC2;TMEM74;ANGPT1,TRPS1;SYBU;PKHD1L1;EIF3E;NUDCD1;EBAG9;ABRA;ENY2;RSPO2;ANGPT1;TMEM74;EMC2;CSMD3;KCNV1;OXR1,"[3167, 6560, 7254, 7600, 8399, 9246, 9396, 9936, 10015, 13199, 13425, 14125, 14498, 15195, 15454]",c1.all__chr8q23
c1.all,chr4q12,prerank,-0.4018237870003092,-1.3107352616769874,0.12085769980506822,0.24238169800810008,1.0,20_32,20/32,40.71%,SPATA18;KIT;NMU;SRD5A3;SCFD2;EXOC1;SRP72;DCUN1D4;LNX1;TMEM165;CLOCK;POLR2B;FIP1L1;ARL9;IGFBP7;KDR;USP46;PDGFRA;NOA1;SGCB,CHIC2;GSX2;REST;LRRC66;ERVMER34-1;RASL11B;CEP135;HOPX;PAICS;SPINK2;PPAT;AASDH;SGCB;NOA1;PDGFRA;USP46;KDR;IGFBP7;ARL9;FIP1L1;POLR2B;CLOCK;TMEM165;LNX1;DCUN1D4;SRP72;EXOC1;SCFD2;SRD5A3;NMU;KIT;SPATA18,"[1601, 4273, 4410, 6451, 6977, 7000, 8668, 8803, 8829, 9115, 9447, 10110, 10387, 10597, 10756, 11057, 11145, 11361, 11710, 11963, 12330, 13253, 13293, 13354, 13871, 14505, 14729, 14805, 15847, 16263, 16477, 16794]",c1.all__chr4q12
c1.all,chr2p16,prerank,-0.3918756734642621,-1.3151945806929135,0.1282051282051282,0.2425704348798644,1.0,13_32,13/32,22.90%,CCDC88A;VRK2;GPR75;PSME4;REL;CLHC1;FSHR;ERLEC1;RTN4;EML6;NRXN1;CCDC85A;TSPYL6,ASB3;CHAC2;KCNK12;RPS27A;PNPT1;STON1;ACYP2;PAPOLG;LHCGR;MTIF2;BCL11A;EFEMP1;MSH6;PPP1R21;FBXO11;SPTBN1;STON1-GTF2A1L;FOXN2;FANCL;TSPYL6;CCDC85A;NRXN1;EML6;RTN4;ERLEC1;FSHR;CLHC1;REL;PSME4;GPR75;VRK2;CCDC88A,"[1522, 2145, 2913, 4464, 4532, 5033, 6148, 6207, 7615, 8209, 9457, 9633, 9859, 9878, 10180, 10461, 10717, 11547, 12471, 13507, 13527, 13653, 13867, 13972, 14205, 14878, 14918, 15061, 15302, 15431, 16074, 16614]",c1.all__chr2p16
c1.all,chr14q31,prerank,-0.4712566334858279,-1.2969517250719877,0.16338582677165353,0.26096468930020233,1.0,8_15,8/15,24.22%,TSHR;SPATA7;TTC8;SEL1L;KCNK10;GTF2A1;GALC;CEP128,STON2;PTPN21;GPR65;FLRT2;DIO2;ZC3H14;EML5;CEP128;GALC;GTF2A1;KCNK10;SEL1L;TTC8;SPATA7;TSHR,"[1350, 5357, 6067, 9561, 11177, 11307, 11785, 13277, 13580, 14336, 14763, 15072, 15108, 16407, 16748]",c1.all__chr14q31
c1.all,chr5p12,prerank,-0.5224790919777406,-1.2886308722406594,0.1689059500959693,0.2701278492844159,1.0,6_11,6/11,25.48%,HMGCS1;C5orf34;FGF10;MRPS30;HCN1;NNT,ANXA2R;CCDC152;PAIP1;CCL28;ZNF131;NNT;HCN1;MRPS30;FGF10;C5orf34;HMGCS1,"[2234, 5579, 8876, 9509, 10025, 13056, 14286, 14888, 14980, 16433, 16564]",c1.all__chr5p12
c1.all,chr10p14,prerank,0.4570631598993786,1.2649024524126207,0.15723270440251572,0.2702910603709224,1.0,3_16,3/16,5.43%,ECHDC3;PROSER2;GATA3,ECHDC3;PROSER2;GATA3;TAF3;ITIH5;ITIH2;SFMBT2;UPF2;NUDT5;CELF2;DHTKD1;CDC123;USP6NL;KIN;SEC61A2;LINC00710,"[364, 369, 951, 3124, 5435, 5984, 6270, 6657, 8076, 9927, 11021, 11181, 12459, 12583, 14323, 16406]",c1.all__chr10p14
c1.all,chr14q23,prerank,-0.34232478580995607,-1.2773039950947687,0.11178861788617886,0.281062568494589,1.0,24_53,24/53,28.74%,AKAP5;CCDC175;SLC35F4;SPTB;LRRC9;L3HYPDH;GPR135;KCNH5;FUT8;SYT16;PLEKHG3;ZBTB25;TOMM20L;PSMA3;FNTB;KIAA0586;ACTR10;ESR2;SGPP1;MTHFD1;GPHN;CHURC1;MNAT1;WDR89,SIX1;SIX4;RHOJ;C14orf39;TMEM30B;MAX;GPX2;PPP1R36;DHRS7;SYNE2;ZBTB1;DAAM1;PRKCH;SLC38A6;HSPA2;DACT1;TIMM9;CHURC1-FNTB;HIF1A;ARID4A;RAB15;ATP6V1D;SNAPC1;JKAMP;RTN1;PPP2R5E;PPM1A;EIF2S1;TRMT5;WDR89;MNAT1;CHURC1;GPHN;MTHFD1;SGPP1;ESR2;ACTR10;KIAA0586;FNTB;PSMA3;TOMM20L;ZBTB25;PLEKHG3;SYT16;FUT8;KCNH5;GPR135;L3HYPDH;LRRC9;SPTB;SLC35F4;CCDC175;AKAP5,"[63, 353, 1323, 1378, 1862, 2237, 4048, 5215, 5216, 5556, 5658, 5791, 5804, 6080, 6101, 7455, 7549, 8085, 8186, 9076, 9129, 9167, 9886, 10415, 11422, 11555, 11786, 11948, 12107, 12485, 12649, 12660, 12813, 13068, 13353, 13388, 13416, 13495, 13513, 14195, 15017, 15175, 15746, 15798, 15909, 15957, 16281, 16546, 16892, 16981, 17295, 17313, 17405]",c1.all__chr14q23
c1.all,chr5q23,prerank,-0.3847389653523573,-1.2790408168897274,0.14792899408284024,0.2821542028636384,1.0,11_33,11/33,19.39%,SLC27A6;DTWD2;DMXL1;SLC12A2;FBN2;PRR16;LYRM7;ZNF608;CEP120;SRFBP1;SNCAIP,FAM170A;PRDM6;PPIC;TNFAIP8;ZNF474;ALDH7A1;CHSY3;ISOC1;MEGF10;HSD17B4;PHAX;COMMD10;SNX2;ADAMTS19;CTXN3;LOX;LMNB1;PRRC1;CSNK1G3;SNX24;SEMA6A;C5orf63;SNCAIP;SRFBP1;CEP120;ZNF608;LYRM7;PRR16;FBN2;SLC12A2;DMXL1;DTWD2;SLC27A6,"[607, 1216, 1650, 4544, 5591, 6141, 6973, 6994, 7683, 8214, 8892, 9082, 9357, 9906, 10533, 10644, 11024, 11373, 12019, 12222, 13121, 13581, 14122, 14315, 14534, 14619, 15483, 15547, 15901, 15947, 15980, 16904, 17406]",c1.all__chr5q23
c1.all,chrXp21,prerank,-0.4998765933521221,-1.2742537356650827,0.17790262172284643,0.282322203609787,1.0,5_12,5/12,23.94%,IL1RAPL1;TAB3;GK;PRRG1;XK,TMEM47;CYBB;ARX;LANCL3;NR0B1;DMD;FAM47C;XK;PRRG1;GK;TAB3;IL1RAPL1,"[3252, 5847, 7339, 7497, 7692, 9797, 10956, 13326, 14301, 14896, 15299, 15726]",c1.all__chrXp21
c1.all,chr7q33,prerank,-0.4223277112560119,-1.2615054288551089,0.17635270541082165,0.29965359773095507,1.0,11_23,11/23,24.22%,DGKI;AKR1B15;MTPN;CHRM2;AGBL3;SLC35B4;TRIM24;STRA8;BPGM;LRGUK;WDR91,SLC13A4;MIR3654;FAM180A;AKR1B1;CNOT4;CALD1;CREB3L2;EXOC4;NUP205;TMEM140;CHCHD3;PTN;WDR91;LRGUK;BPGM;STRA8;TRIM24;SLC35B4;AGBL3;CHRM2;MTPN;AKR1B15;DGKI,"[501, 1498, 3600, 4628, 4867, 6176, 7479, 8294, 9415, 10600, 10666, 11916, 13276, 13449, 13557, 14009, 14043, 15052, 15793, 16177, 16409, 16947, 17266]",c1.all__chr7q33
c1.all,chr11q21,prerank,-0.4120062223019055,-1.2573831563649815,0.16829745596868884,0.3028929688984451,1.0,12_23,12/23,28.67%,ENDOD1;KDM4E;KDM4D;FUT4;FAM76B;CCDC82;PANX1;AMOTL1;MTMR2;CEP57;TAF1D;C11orf54,SMCO4;HEPHL1;MAML2;SESN3;MED17;PIWIL4;ANKRD49;JRKL;VSTM5;SLC36A4;GPR83;C11orf54;TAF1D;CEP57;MTMR2;AMOTL1;PANX1;CCDC82;FAM76B;FUT4;KDM4D;KDM4E;ENDOD1,"[886, 3172, 3202, 4217, 4227, 6668, 7880, 7941, 8238, 10074, 10718, 12497, 12646, 12736, 12747, 13265, 14572, 14660, 14797, 15348, 16543, 16557, 16759]",c1.all__chr11q21
c1.all,chr5q15,prerank,-0.4263656769459509,-1.2549625014224572,0.18808193668528864,0.30320578448937807,1.0,7_19,7/19,20.37%,FAM81B;PCSK1;SPATA9;LNPEP;MCTP1;RFESD;ERAP2,NR2F1;ARSK;RHOBTB3;GLRX;LIX1;RIOK2;GPR150;CAST;RGMB;ELL2;KIAA0825;ERAP1;ERAP2;RFESD;MCTP1;LNPEP;SPATA9;PCSK1;FAM81B,"[1699, 2280, 3366, 4115, 6692, 7463, 8075, 8487, 9554, 10814, 12201, 12354, 13951, 14343, 14372, 15162, 15205, 16952, 17312]",c1.all__chr5q15
c1.all,chr13q12,prerank,-0.32813634116748647,-1.2465171947188467,0.125,0.3133139613664765,1.0,24_61,24/61,22.37%,FLT3;ATP12A;C1QTNF9;GSX1;C1QTNF9B;ATP8A2;GJA3;XPO4;SKA3;RASL11A;MIPEP;ZMYM5;MTUS2;ZDHHC20;MTMR6;PAN3;PABPC3;KATNAL1;PSPC1;GPR12;UBL3;SHISA2;SACS;FGF9,GJB2;RNF17;HSPH1;ALOX5AP;FLT1;LATS2;GJB6;TPTE2;SLC7A1;GTF3A;IL17D;MTIF3;LNX2;MPHOSPH8;TNFRSF19;POLR1D;RPL21;POMP;AMER2;USPL1;SGCG;CDK8;TEX26;RNF6;SAP18;CENPJ;SLC46A3;CRYL1;PARP4;WASF3;MEDAG;IFT88;MICU2;HMGB1;ZMYM2;SPATA13;USP12;FGF9;SACS;SHISA2;UBL3;GPR12;PSPC1;KATNAL1;PABPC3;PAN3;MTMR6;ZDHHC20;MTUS2;ZMYM5;MIPEP;RASL11A;SKA3;XPO4;GJA3;ATP8A2;C1QTNF9B;GSX1;C1QTNF9;ATP12A;FLT3,"[227, 635, 718, 1045, 1094, 1138, 2074, 2114, 3153, 3303, 4898, 5020, 5104, 5425, 5926, 6694, 7173, 7485, 7696, 8039, 8339, 8751, 8929, 9125, 9180, 9344, 9583, 9640, 9995, 10494, 11043, 11820, 12433, 12555, 12739, 12746, 12790, 13601, 13640, 13664, 13790, 13931, 14175, 14413, 14415, 14623, 14646, 14987, 15166, 15186, 15252, 15308, 15370, 15511, 15597, 15610, 15940, 16181, 16716, 17243, 17410]",c1.all__chr13q12
c1.all,chr4p12,prerank,-0.4618240712616022,-1.2401699758527938,0.20944558521560575,0.31614737907954554,1.0,10_14,10/14,39.90%,CNGA1;TXK;GABRA4;GUF1;NIPAL1;YIPF7;GABRA2;GNPDA2;NFXL1;GABRB1,GABRG1;ATP10D;CORIN;COMMD8;GABRB1;NFXL1;GNPDA2;GABRA2;YIPF7;NIPAL1;GUF1;GABRA4;TXK;CNGA1,"[4199, 4225, 6905, 9034, 10530, 10842, 11368, 11466, 12798, 13811, 15178, 15490, 15781, 16863]",c1.all__chr4p12
c1.all,chr3p26,prerank,-0.47064571263413246,-1.2422278317544164,0.2049335863377609,0.3167474484784144,1.0,10_14,10/14,38.09%,IL5RA;CNTN6;ITPR1;CHL1;TRNT1;CRBN;EDEM1;CNTN4;GRM7;ARL8B,LRRN1;BHLHE40;SETMAR;SUMF1;ARL8B;GRM7;CNTN4;EDEM1;CRBN;TRNT1;CHL1;ITPR1;CNTN6;IL5RA,"[2814, 4265, 7757, 8044, 10847, 11234, 11724, 12185, 12820, 12847, 13713, 16164, 16183, 16261]",c1.all__chr3p26
c1.all,chr7p21,prerank,-0.3813012971780495,-1.2374436437825977,0.18198874296435272,0.3167553174328344,1.0,13_30,13/30,19.88%,THSD7A;ETV1;DGKB;ICA1;NXPH1;HDAC9;MACC1;SNX13;RPA3;VWDE;TMEM196;SP8;TMEM106B,MEOX2;SCIN;TWIST1;ARL4A;SOSTDC1;ITGB8;MIOS;TSPAN13;NDUFA4;AGMO;AHR;PHF14;LRRC72;GLCCI1;COL28A1;ANKMY2;BZW2;TMEM106B;SP8;TMEM196;VWDE;RPA3;SNX13;MACC1;HDAC9;NXPH1;ICA1;DGKB;ETV1;THSD7A,"[319, 393, 1046, 1948, 4442, 6493, 7008, 7035, 7461, 7527, 9440, 10392, 10915, 11058, 11712, 12038, 12326, 14037, 14116, 14506, 14577, 14624, 15086, 15254, 15403, 15412, 15422, 16357, 16924, 17227]",c1.all__chr7p21
c1.all,chr5p13,prerank,-0.34146756019440094,-1.2327349304174182,0.14688128772635814,0.3213184037522927,1.0,25_49,25/49,29.55%,RXFP3;NPR3;CAPSL;PRKAA1;TTC23L;C6;PRLR;NUP155;AMACR;GDNF;TTC33;FBXO4;OXCT1;C5orf22;C1QTNF3;RAD1;SUB1;SPEF2;LMBRD2;DROSHA;PLCXD3;BRIX1;RICTOR;WDR70;PTGER4,C7;IL7R;RANBP3L;CARD6;OSMR;EGFLAM;UGT3A2;SLC45A2;SLC1A3;C9;CDH6;GOLPH3;RPL37;NIPBL;LIFR;DAB2;GHR;ZFR;MTMR12;DNAJC21;RAI14;PDZD2;ADAMTS12;SKP2;PTGER4;WDR70;RICTOR;BRIX1;PLCXD3;DROSHA;LMBRD2;SPEF2;SUB1;RAD1;C1QTNF3;C5orf22;OXCT1;FBXO4;TTC33;GDNF;AMACR;NUP155;PRLR;C6;TTC23L;PRKAA1;CAPSL;NPR3;RXFP3,"[340, 1012, 1066, 1423, 1558, 1754, 2003, 2034, 2685, 4373, 5172, 5951, 6213, 6381, 6638, 6756, 7125, 8649, 8764, 8904, 9704, 10055, 10620, 10744, 12343, 12413, 12467, 12569, 13151, 13447, 13588, 13802, 13814, 13905, 13918, 14115, 14447, 14553, 14585, 14818, 14901, 15401, 15519, 15917, 16284, 16607, 16900, 17408, 17481]",c1.all__chr5p13
c1.all,chr12q15,prerank,-0.42405077364146415,-1.2253039899579206,0.19681908548707752,0.32671893325081985,1.0,11_19,11/19,25.44%,SLC35E3;NUP107;PTPRR;YEATS4;RAB3IP;CPSF6;DYRK2;BEST3;MDM2;MDM1;FRS2,LYZ;MYRFL;KCNMB4;CPM;CCT2;CNOT2;PTPRB;RAP1B;FRS2;MDM1;MDM2;BEST3;DYRK2;CPSF6;RAB3IP;YEATS4;PTPRR;NUP107;SLC35E3,"[574, 3450, 4187, 4854, 6900, 9228, 10822, 12286, 13063, 13546, 13617, 13813, 14072, 14654, 15187, 15204, 15247, 15678, 16104]",c1.all__chr12q15
c1.all,chr6q27,prerank,-0.40057312556320634,-1.2269842017040404,0.19157894736842104,0.32742977370232734,1.0,11_22,11/22,26.01%,PDE10A;DACT2;SMOC2;CCR6;MPC1;THBS2;C6orf120;TCP10L2;PDCD2;PRR18;TBP,RNASET2;KIF25;DLL1;PSMB1;C6orf118;PHF10;WDR27;SFT2D1;RPS6KA2;TTLL2;FAM120B;TBP;PRR18;PDCD2;TCP10L2;C6orf120;THBS2;MPC1;CCR6;SMOC2;DACT2;PDE10A,"[1017, 1604, 1813, 4739, 5584, 7698, 7801, 8496, 8732, 11461, 11546, 12963, 13004, 13051, 13197, 13256, 13590, 14026, 14555, 15035, 16721, 17421]",c1.all__chr6q27
c1.all,chr1p35,prerank,0.31158395314024206,1.2145813679007518,0.14836223506743737,0.3371436034655715,1.0,18_76,18/76,16.09%,FAM167B;RCC1;LCK;FAM229A;FGR;SESN2;LAPTM5;TINAGL1;PTAFR;PTPRU;RAB42;SERINC2;TXLNA;TMEM54;XKR8;HDAC1;TRNAU1AP;AHDC1,FAM167B;RCC1;LCK;FAM229A;FGR;SESN2;LAPTM5;TINAGL1;PTAFR;PTPRU;RAB42;SERINC2;TXLNA;TMEM54;XKR8;HDAC1;TRNAU1AP;AHDC1;TMEM39B;MED18;COL16A1;CCDC28B;SRSF4;TAF12;PHACTR4;EIF3I;THEMIS2;PHC2;CSMD2;PEF1;ZBTB8B;BSDC1;YTHDF2;EYA3;GMEB1;TSSK3;PUM1;RPA2;TMEM200B;PPP1R8;IQCC;KPNA6;DNAJC8;SDC3;ZBTB8OS;ZNF362;RNF19B;FABP3;DCDC2B;TMEM234;ZCCHC17;PTP4A2;S100PBP;SYNC;AK2;EPB41;MATN1;HPCA;TRIM62;SNRNP40;MECR;IFI6;FNDC5;OPRD1;FAM76A;STX12;RBBP4;MARCKSL1;ZSCAN20;KHDRBS1;SPOCD1;SMPDL3B;NKAIN1;C1orf94;HCRTR1;ZBTB8A,"[21, 99, 292, 334, 382, 586, 919, 1228, 1412, 1491, 1534, 2006, 2099, 2228, 2359, 2627, 2807, 2818, 3088, 4008, 4095, 4329, 4520, 5930, 6086, 6150, 6467, 6483, 6878, 6913, 7166, 7751, 7772, 8626, 8942, 9002, 9163, 9373, 9549, 9565, 9723, 9778, 9818, 9841, 10107, 10232, 10253, 11064, 11070, 11178, 11774, 11799, 11906, 12477, 12490, 12996, 13263, 13291, 13305, 13545, 13993, 14097, 14147, 14243, 14377, 14584, 15563, 15700, 15871, 15913, 16006, 16450, 16677, 16813, 16878, 17020]",c1.all__chr1p35
c1.all,chr10p15,prerank,0.3917388083184322,1.215367992082094,0.1746031746031746,0.34392020300406134,1.0,8_26,8/26,14.48%,AKR1C2;TUBAL3;IL15RA;AKR1C1;PFKP;AKR1C3;TUBB8;PFKFB3,AKR1C2;TUBAL3;IL15RA;AKR1C1;PFKP;AKR1C3;TUBB8;PFKFB3;RBM17;KLF6;PITRM1;ASB13;DIP2C;AKR1E2;LARP4B;WDR37;ZMYND11;ADARB2;GTPBP4;ANKRD16;GDI2;IDI2;NET1;IDI1;CALML3;PRKCQ,"[116, 179, 589, 1008, 1271, 1888, 2419, 2535, 3356, 3544, 10634, 10684, 10685, 10969, 10996, 11238, 12300, 12365, 12383, 12689, 12693, 13591, 14325, 15180, 16280, 16876]",c1.all__chr10p15
c1.all,chr4q13,prerank,0.35033968082471445,1.20592325810257,0.18089430894308944,0.3442511532140806,1.0,5_35,5/35,4.99%,CXCL6;PPBP;CXCL1;UGT2B17;CXCL3,CXCL6;PPBP;CXCL1;UGT2B17;CXCL3;SULT1B1;CXCL5;CXCL2;RASSF6;MTHFD2L;AFP;ENAM;GNRHR;STAP1;PF4;MOB1B;CSN1S1;GRSF1;TMPRSS11F;YTHDC1;NPFFR2;EREG;BTC;UBA6;UTP3;ANKRD17;RUFY3;SLC4A4;COX18;DCK;PARM1;ADAMTS3;EPHA5;TMPRSS11D;ALB,"[46, 65, 594, 765, 873, 2341, 2588, 3816, 4087, 4102, 6203, 6670, 6904, 7686, 8298, 8999, 9142, 10542, 10579, 10939, 11147, 11223, 11241, 11667, 11822, 11910, 12808, 13005, 14596, 14748, 15141, 15795, 16099, 16986, 17324]",c1.all__chr4q13
c1.all,chr9p22,prerank,-0.42308015760559586,-1.210965425682508,0.19128787878787878,0.34907522354638393,1.0,5_19,5/19,9.00%,CER1;SLC24A2;FREM1;TTC39B;CCDC171,PLIN2;BNC2;NFIB;RPS6;ACER2;RRAGA;SH3GL2;DENND4C;ADAMTSL1;CNTLN;SNAPC3;HAUS6;PSIP1;ZDHHC21;CCDC171;TTC39B;FREM1;SLC24A2;CER1,"[537, 1391, 3509, 4340, 5968, 8310, 9467, 10033, 11271, 11815, 12036, 13017, 13430, 14614, 15942, 16290, 16996, 17263, 17269]",c1.all__chr9p22
c1.all,chr18p11,prerank,-0.32375842960510454,-1.2081041523087634,0.1586998087954111,0.35046659012388326,1.0,13_57,13/57,15.16%,ENOSF1;ADCYAP1;TYMS;CLUL1;LDLRAD4;CEP192;ANKRD62;EPB41L3;ZNF519;ANKRD30B;RNMT;DLGAP1;MPPE1,TGIF1;TXNDC2;TUBB6;IMPA2;EMILIN2;NDUFV2;TMEM200C;MYL12A;APCDD1;YES1;RAB31;RALBP1;CIDEA;ARHGAP28;LAMA1;LPIN2;PTPN2;PPP4R1;CHMP1B;NDC80;METTL4;PSMG2;MYL12B;ANKRD12;CEP76;L3MBTL4;ZBTB14;PIEZO2;FAM210A;MC5R;VAPA;RAB12;SPIRE1;THOC1;COLEC12;TWSG1;SMCHD1;MYOM1;NAPG;SEH1L;PTPRM;AFG3L2;USP14;GNAL;MPPE1;DLGAP1;RNMT;ANKRD30B;ZNF519;EPB41L3;ANKRD62;CEP192;LDLRAD4;CLUL1;TYMS;ADCYAP1;ENOSF1,"[475, 1154, 1164, 1295, 1794, 2966, 3004, 3359, 3469, 3581, 4051, 4423, 4840, 5551, 5980, 6477, 7146, 8036, 8227, 8485, 8541, 8696, 9029, 9281, 9718, 10045, 10242, 10624, 10794, 10820, 11042, 11197, 11470, 11976, 11989, 12551, 12637, 12842, 12916, 12988, 13147, 13478, 14034, 14448, 14864, 15053, 15084, 15555, 15753, 15850, 16014, 16563, 16808, 17248, 17252, 17419, 17433]",c1.all__chr18p11
c1.all,chr2q33,prerank,-0.31131681176924736,-1.1945483191983657,0.17938931297709923,0.3555666748780229,1.0,30_69,30/69,32.40%,PLEKHM3;CDK15;MDH1B;NDUFS1;CCDC150;DYTN;FASTKD2;ANKRD44;NBEAL1;ZDBF2;CCNYL1;PGAP1;WDR12;ICA1L;ABI2;ALS2;ADAM23;TYW5;RAPH1;PPIL3;BZW1;CRYGA;TRAK2;MARS2;NIF3L1;ORC2;PLCL1;C2orf69;SF3B1;CD28,MOB4;HSPD1;HSPE1;RFTN2;C2orf66;FAM117B;BOLL;CASP10;NRP2;PARD3B;CPO;METTL21A;FZD5;CLK1;AOX1;SPATS2L;CFLAR;FZD7;SUMO1;CRYGD;NOP58;STRADB;SATB2;KCTD18;INO80D;CYP20A1;NDUFB3;CREB1;MPP4;BMPR2;CTLA4;CRYGB;TMEM237;COQ10B;KLF7;CASP8;GTF3C3;EEF1B2;C2orf80;CD28;SF3B1;C2orf69;PLCL1;ORC2;NIF3L1;MARS2;TRAK2;CRYGA;BZW1;PPIL3;RAPH1;TYW5;ADAM23;ALS2;ABI2;ICA1L;WDR12;PGAP1;CCNYL1;ZDBF2;NBEAL1;ANKRD44;FASTKD2;DYTN;CCDC150;NDUFS1;MDH1B;CDK15;PLEKHM3,"[329, 987, 1341, 2530, 2821, 2965, 3289, 3353, 3571, 4344, 4762, 4828, 4914, 5156, 5482, 6284, 6908, 7139, 7442, 8308, 8328, 8423, 8545, 8736, 8984, 9392, 9420, 9625, 9705, 9942, 10060, 10170, 10365, 10780, 10862, 11055, 11169, 11512, 11524, 11843, 11897, 12040, 12192, 12367, 12400, 12611, 12635, 12636, 13029, 13065, 13231, 13788, 14023, 14215, 14542, 14843, 14907, 14945, 15102, 15343, 15458, 15510, 15633, 16049, 16334, 16465, 16729, 17271, 17501]",c1.all__chr2q33
c1.all,chr6p22,prerank,-0.3017983927941027,-1.2021046578979948,0.14893617021276595,0.357503124106054,1.0,24_76,24/76,23.54%,ZKSCAN8;ZNF311;GPLD1;DCDC2;MOG;BTN1A1;ZFP57;STMND1;NHLRC1;ZKSCAN3;ZSCAN23;ZSCAN16;NRSN1;ZKSCAN4;CAP2;PRSS16;E2F3;ZNF165;ALDH5A1;ZNF322;NUP153;MBOAT1;ZSCAN12;HMGN4,OR2H2;GMPR;SCGN;GMNN;RNF144B;RPP21;KAAG1;NKAPL;HLA-E;BTN3A2;HDGFL1;TRIM26;ZSCAN31;RNF39;HLA-F;BTN3A3;TDP2;ID4;TRIM27;POM121L2;ABT1;KDM1B;HLA-A;DEK;TRIM39;DTNBP1;ZSCAN9;BTN2A2;TRIM38;ACOT13;JARID2;HFE;RBM24;PGBD1;SCAND3;HLA-G;PPP1R11;CDKAL1;TPMT;C6orf62;BTN2A1;ZNF391;MYLIP;KIF13A;MRS2;ZNF184;BTN3A1;GABBR1;FAM8A1;ATXN1;KIAA0319;SOX4;HMGN4;ZSCAN12;MBOAT1;NUP153;ZNF322;ALDH5A1;ZNF165;E2F3;PRSS16;CAP2;ZKSCAN4;NRSN1;ZSCAN16;ZSCAN23;ZKSCAN3;NHLRC1;STMND1;ZFP57;BTN1A1;MOG;DCDC2;GPLD1;ZNF311;ZKSCAN8,"[172, 555, 1620, 2000, 2390, 2409, 2647, 2689, 2908, 3099, 3217, 3344, 3709, 3722, 3913, 3924, 3964, 4488, 4794, 5163, 5849, 5963, 7026, 7099, 7586, 7873, 7877, 7883, 8176, 8188, 8284, 8434, 8546, 8739, 8943, 9169, 9504, 9665, 10012, 10241, 10449, 10452, 10462, 10472, 11011, 11298, 11342, 11537, 11709, 12370, 12419, 13059, 13395, 13419, 13526, 13715, 13752, 14135, 14494, 14682, 14908, 15341, 15391, 15484, 15585, 15898, 16054, 16112, 16153, 16192, 16297, 16369, 16767, 16768, 17225, 17323]",c1.all__chr6p22
c1.all,chr1q31,prerank,-0.39229356030712087,-1.1950972997372387,0.22264875239923224,0.3583846246871644,1.0,7_25,7/25,12.82%,CFHR1;CFHR4;ZBTB41;CFHR5;PDC;UCHL5;KCNT2,CFH;RGS2;PTPRC;CFHR3;RGS1;RGS18;C1orf53;GLRX2;ASPM;CRB1;PRG4;NEK7;PLA2G4A;CDC73;B3GALT2;DENND1B;PTGS2;TPR;KCNT2;UCHL5;PDC;CFHR5;ZBTB41;CFHR4;CFHR1,"[967, 2412, 2422, 2461, 2808, 3611, 5526, 6140, 7342, 7676, 8380, 9461, 9780, 9834, 10368, 10708, 13656, 14349, 15273, 15550, 15932, 15948, 16576, 16775, 17122]",c1.all__chr1q31
c1.all,chr1p22,prerank,-0.31712937425035004,-1.1969708964680628,0.1704312114989733,0.35877469582106225,1.0,18_57,18/57,25.24%,BARHL2;GBP7;LRRC8B;MCOLN2;CLCA2;HFM1;LRRC8D;C1orf146;COL24A1;MTF2;ODF2L;EVI5;CTBS;LPAR3;RPAP2;RBMXL1;CDC7;CLCA4,TGFBR3;BCAR3;GBP6;GBP3;BRDT;ABCA4;MCOLN3;GBP2;GNG5;GBP5;BTBD8;TMED5;DNTTIP2;ARHGAP29;GBP4;LMO4;GBP1;PKN2;RPL5;GFI1;SYDE2;BCL10;RPF1;SH3GLB1;GTF2B;C1orf52;EPHX4;HS2ST1;GCLM;DDAH1;ZNF326;FNBP1L;DR1;ZNF644;SSX2IP;ZNHIT6;LRRC8C;CCDC18;GLMN;CLCA4;CDC7;RBMXL1;RPAP2;LPAR3;CTBS;EVI5;ODF2L;MTF2;COL24A1;C1orf146;LRRC8D;HFM1;CLCA2;MCOLN2;LRRC8B;GBP7;BARHL2,"[870, 1029, 1330, 2747, 2959, 3701, 3800, 4039, 4203, 4474, 4811, 4847, 5025, 5187, 5220, 5402, 5727, 6035, 6075, 6365, 6519, 6561, 7013, 7457, 7483, 7894, 8094, 8143, 9306, 9489, 9555, 9910, 10029, 10053, 10272, 10605, 10891, 11611, 11834, 13097, 13237, 13248, 13379, 13437, 13940, 14745, 15010, 15272, 15321, 15553, 15669, 15857, 16310, 16507, 16554, 17147, 17378]",c1.all__chr1p22
c1.all,chr9p24,prerank,-0.36816546443047043,-1.1989460558122482,0.21673003802281368,0.3591286684979755,1.0,8_28,8/28,16.05%,KCNV2;VLDLR;DMRT2;DMRT3;KDM4C;ERMP1;RLN2;IL33,FOXD4;GLIS3;CD274;DOCK8;KANK1;SPATA6L;GLDC;PDCD1LG2;AK3;JAK2;UHRF2;RCL1;RANBP6;SLC1A1;CDC37L1;MLANA;SMARCA2;RFX3;RLN1;PLGRKT;IL33;RLN2;ERMP1;KDM4C;DMRT3;DMRT2;VLDLR;KCNV2,"[415, 1452, 2015, 3107, 5880, 6585, 7053, 7459, 8047, 8819, 9248, 9337, 9372, 9935, 10598, 11256, 12089, 12869, 12903, 13524, 14708, 14826, 15047, 15658, 16154, 16703, 17001, 17157]",c1.all__chr9p24
c1.all,chr7q11,prerank,0.30940226631793183,1.1875486407354627,0.16977225672877846,0.36887581349674736,1.0,9_70,9/70,9.20%,HSPB1;FZD9;NCF1;LAT2;TRIM50;CCL26;DTX2;VPS37D;MLXIPL,HSPB1;FZD9;NCF1;LAT2;TRIM50;CCL26;DTX2;VPS37D;MLXIPL;GTF2IRD1;POR;CLIP2;TMEM60;BCL7B;CLDN4;ZP3;GTF2I;RHBDD2;TRIM74;BAZ1B;PTPN12;GUSB;CRCP;FGL2;TPST1;SRRM3;TRIM73;STYXL1;LIMK1;POM121C;GTF2IRD2B;ZNF92;STX1A;AUTS2;TMEM248;NSUN5;MDH2;TBL2;UPK3B;POM121;GTF2IRD2;KCTD7;HIP1;ZNF273;DNAJC30;ZNF117;RFC2;ASL;ELN;YWHAG;CCDC146;ZNF680;ZNF736;POMZP3;VKORC1L1;TYW1;RSBN1L;EIF4H;ZNF107;ABHD11;SBDS;RABGEF1;PHTF2;GSAP;ERV3-1;STAG3L3;FKBP6;CALN1;ZNF138;CLDN3,"[4, 246, 306, 368, 439, 913, 1044, 1383, 1611, 2781, 3100, 3456, 3463, 3580, 3933, 4136, 4296, 4325, 4597, 5076, 5746, 6617, 6661, 6896, 7001, 7006, 7132, 7206, 7358, 7639, 7673, 7835, 8237, 8377, 8533, 8722, 8938, 9005, 9314, 9350, 9601, 9819, 9888, 9952, 10199, 10327, 10402, 10883, 11019, 11283, 11326, 11457, 11618, 11625, 12008, 12022, 12202, 12319, 12928, 13159, 13165, 13469, 13895, 16122, 16199, 16467, 16497, 17077, 17087, 17452]",c1.all__chr7q11
c1.all,chr11p15,prerank,0.25863346247943325,1.1770929352555854,0.1414141414141414,0.37142711123195643,1.0,34_200,34/200,12.51%,SCT;NLRP6;IFITM5;ADM;IRF7;UBQLNL;TNNI2;IGF2;HBE1;OTOG;LYVE1;IFITM2;B4GALNT4;TRIM5;IFITM1;CHRNA10;TNNT3;IFITM3;KCNQ1;PNPLA2;CALCA;CD151;MOB2;TRPM5;RASSF7;LMO1;SCGB1C1;LRRC56;MRPL23;TSPAN4;SWAP70;TRIM22;PLEKHA7;SIGIRR,SCT;NLRP6;IFITM5;ADM;IRF7;UBQLNL;TNNI2;IGF2;HBE1;OTOG;LYVE1;IFITM2;B4GALNT4;TRIM5;IFITM1;CHRNA10;TNNT3;IFITM3;KCNQ1;PNPLA2;CALCA;CD151;MOB2;TRPM5;RASSF7;LMO1;SCGB1C1;LRRC56;MRPL23;TSPAN4;SWAP70;TRIM22;PLEKHA7;SIGIRR;MYOD1;PTDSS2;WEE1;POLR2L;SYT8;RPLP2;GALNT18;KCNJ11;IGSF22;ANO9;ASCL2;PHRF1;SERGEF;CD81;TEAD1;TSSC4;SLC25A22;TH;IFITM10;EPS8L2;SIRT3;KRTAP5-4;TRIM21;PARVA;OR52A5;HRAS;TPP1;CTSD;PPFIBP2;MUC5AC;USP47;RPS13;BRSK2;RPL27A;HTATIP2;RRAS2;DEAF1;PKP3;SLC22A18;ZNF143;TRIM68;AP2A2;LSP1;ILK;DNHD1;DKK3;CEND1;C11orf21;NAP1L4;AKIP1;RBMXL2;ARFIP2;TRIM34;OLFML1;TRIM6;KRTAP5-1;PSMA1;DRD4;TOLLIP;STIM1;DUSP8;NUP98;CTR9;OSBPL5;MRPL17;TAF10;TMEM9B;RIC8A;RRP8;TSG101;KRTAP5-2;DCHS1;COPB1;SLC22A18AS;RHOG;ART1;CHID1;E2F8;KCNC1;NUCB2;ABCC8;INSC;CDKN1C;STK33;PGAP2;EIF3F;SCUBE2;SOX6;SMPD1;APBB1;LDHA;MUC6;TMEM80;TUB;TRIM3;PSMD13;BET1L;EIF4G2;HPX;RIC3;TALDO1;NAV2;CDHR5;SPTY2D1;PHLDA2;ZDHHC13;ANO5;RNH1;IPO7;HPS5;OR51E2;ZBED5;CNGA4;MRGPRE;OR10AB1P;TMEM41B;OR52N4;MICAL2;PTPN5;SAAL1;ART5;UEVLD;BTBD10;CCKBR;SBF2;USH1C;C11orf58;CYB5R2;DENND5A;PRMT3;GTF2H1;OR2AG2;PIK3C2A;NELL1;TSPAN32;CYP2R1;NLRP14;RRM1;ZNF195;TIMM10B;SAA4;HBG2;PDE3B;LDHAL6A;ZNF214;TMEM86A;SYT9;FAR1;TRIM66;RNF141;AMPD3;NRIP3;ZNF215;SAA2;SLC6A5;LDHC;MUC5B;HBD;CALCB;C11orf42;OR51E1;CSNK2A3;TPH1;HBB;NCR3LG1;C11orf16,"[23, 107, 109, 159, 229, 258, 274, 278, 440, 447, 485, 633, 766, 786, 842, 846, 947, 970, 1019, 1111, 1172, 1260, 1293, 1303, 1326, 1608, 1701, 1983, 1988, 2036, 2042, 2064, 2155, 2191, 2484, 2828, 2909, 3057, 3095, 3161, 3205, 3393, 3408, 3415, 3476, 3700, 3741, 3757, 3809, 3880, 4124, 4161, 4172, 4176, 4257, 4451, 4452, 4495, 4546, 4564, 4644, 4656, 4743, 4795, 4818, 4883, 4931, 5032, 5179, 5286, 5354, 5377, 5548, 5662, 5709, 5810, 5942, 5973, 6007, 6064, 6106, 6250, 6266, 6283, 6460, 6462, 6471, 6548, 6659, 6758, 6772, 7234, 7314, 7378, 7451, 7489, 7552, 7591, 7593, 7618, 7649, 7654, 7795, 7812, 7868, 8002, 8170, 8179, 8233, 8317, 8361, 8471, 8585, 8724, 8762, 8833, 8841, 9065, 9196, 9293, 9313, 9459, 9487, 9631, 9695, 9732, 9869, 10026, 10162, 10247, 10268, 10293, 10423, 10656, 10674, 11155, 11194, 11229, 11321, 11408, 11431, 11509, 11608, 11621, 11777, 11865, 11966, 12034, 12044, 12119, 12122, 12260, 12267, 12535, 12572, 12595, 12771, 13016, 13023, 13074, 13107, 13390, 13763, 13845, 13999, 14189, 14250, 14277, 14463, 14705, 14768, 14793, 14998, 15087, 15088, 15218, 15352, 15397, 15413, 15590, 15762, 16087, 16148, 16211, 16265, 16283, 16553, 16765, 16925, 16959, 16962, 17089, 17163, 17170, 17199, 17247, 17377, 17414, 17448, 17483]",c1.all__chr11p15
c1.all,chr13q14,prerank,-0.30064307954110336,-1.1836158198438937,0.17391304347826086,0.3726200730450465,1.0,29_77,29/77,27.73%,FAM216B;CCDC122;HTR2A;SERPINE3;SIAH3;NEK3;DGKH;ALG11;LACC1;SLC25A15;AKAP11;ZC3H13;PCDH8;VPS36;VWA8;EPSTI1;SUCLA2;NUFIP1;COG6;RCBTB1;MED4;HNRNPA1L2;COG3;FNDC3A;OLFM4;WBP4;SPRYD7;FAM124A;LRRC63,LCP1;RGCC;MLNR;DLEU1;CYSLTR2;THSD1;ARL11;CAB39L;SUGT1;TPT1;SLC25A30;NAA16;FOXO1;ELF1;MRPS31;TSC22D1;MTRF1;EBPL;SERP2;KCTD4;RCBTB2;TRIM13;ENOX1;ATP7B;ESD;SETDB2;INTS6;CDADC1;PHF11;GTF2F2;RB1;LPAR6;NEK5;NUDT15;CKAP2;KBTBD6;WDFY2;KCNRG;LRCH1;DLEU7;ITM2B;KPNA3;RNASEH2B;DNAJC15;CPB2;UTP14C;DHRS12;KBTBD7;LRRC63;FAM124A;SPRYD7;WBP4;OLFM4;FNDC3A;COG3;HNRNPA1L2;MED4;RCBTB1;COG6;NUFIP1;SUCLA2;EPSTI1;VWA8;VPS36;PCDH8;ZC3H13;AKAP11;SLC25A15;LACC1;ALG11;DGKH;NEK3;SIAH3;SERPINE3;HTR2A;CCDC122;FAM216B,"[901, 1356, 1634, 1819, 1895, 1954, 2052, 2197, 2468, 2707, 2721, 2956, 3040, 3605, 3659, 3795, 4150, 4159, 4418, 4921, 5925, 6014, 6146, 6155, 7269, 7416, 7478, 7736, 7827, 8349, 9270, 9574, 9762, 9861, 10132, 10230, 10333, 11098, 11124, 11209, 11214, 11304, 11388, 11417, 11762, 11925, 12024, 12358, 12661, 12702, 12723, 12744, 12812, 13137, 13315, 13337, 13359, 13448, 14014, 14366, 14486, 14518, 14529, 14604, 14859, 15674, 16037, 16323, 16330, 16484, 16505, 16583, 16786, 16945, 16984, 17277, 17505]",c1.all__chr13q14
c1.all,chr2p13,prerank,-0.3019172153224895,-1.1815981769248542,0.1595959595959596,0.3726766813712944,1.0,14_74,14/74,13.04%,CLEC4F;EGR4;ADD2;SLC4A5;ALMS1;ACTG2;NAT8;TGFA;TIA1;MCEE;EXOC6B;FBXO48;TET3;AAK1,LBX2;SPR;MTHFD2;ASPRV1;DOK1;AUP1;PCGF1;MXD1;PCBP1;PRADC1;C2orf42;EMX1;MRPL53;WBP1;MOB1A;ARHGAP25;RAB11FIP5;TPRKB;SFXN5;INO80B;DGUOK;CCT7;TTC31;SEMA4F;MOGS;PAIP2B;TLX2;C2orf81;SNRPG;NAGK;LOXL3;FAM136A;RTKN;WDR54;VAX2;HTRA2;SMYD5;DQX1;CCDC142;DYSF;ZNF638;SNRNP27;DUSP11;TEX261;ANXA4;MPHOSPH10;ANKRD53;PCYOX1;GFPT1;M1AP;DCTN1;FBXO41;BOLA3;APLF;GMCL1;NFU1;CYP26B1;ATP6V1B1;ANTXR1;STAMBP;AAK1;TET3;FBXO48;EXOC6B;MCEE;TIA1;TGFA;NAT8;ACTG2;ALMS1;SLC4A5;ADD2;EGR4;CLEC4F,"[61, 62, 532, 924, 1103, 1306, 2226, 2544, 3441, 3515, 3881, 4417, 4721, 4926, 4929, 5124, 5448, 5747, 5832, 5924, 5995, 6160, 6261, 6353, 6373, 6453, 6515, 6693, 6769, 6788, 6962, 7068, 7098, 7188, 7316, 7337, 7349, 8191, 8198, 8282, 8459, 8473, 8483, 8851, 8894, 9444, 10147, 10352, 10404, 11148, 11154, 11634, 11996, 12496, 12858, 13139, 13273, 13468, 13543, 13708, 15234, 15344, 15443, 15497, 15695, 16053, 16269, 16731, 16820, 17035, 17085, 17179, 17291, 17443]",c1.all__chr2p13
c1.all,chr16q21,prerank,0.3619157886171396,1.1778339550958776,0.23203285420944558,0.3783773724708867,1.0,11_31,11/31,28.03%,CCL17;CCDC102A;CMTM2;CCL22;CDH5;ZNF319;MMP15;DOK4;KIFC3;USB1;BEAN1,CCL17;CCDC102A;CMTM2;CCL22;CDH5;ZNF319;MMP15;DOK4;KIFC3;USB1;BEAN1;CKLF-CMTM1;CKLF;CSNK2A2;TK2;CDH11;CX3CL1;CMTM1;POLR2C;COQ9;KATNB1;GOT2;SLC38A7;CIAPIN1;CNOT1;SETD6;NDRG4;PRSS54;GINS3;CNGB1;CDH8,"[67, 92, 1365, 1738, 2269, 3428, 3937, 3974, 4336, 4737, 4909, 5651, 6275, 6342, 6885, 7517, 7987, 7993, 8390, 8417, 8752, 8970, 9838, 10379, 12626, 12753, 12854, 13258, 14458, 14839, 16210]",c1.all__chr16q21
c1.all,chr5q32,prerank,-0.3451911677505527,-1.174010867399761,0.24180327868852458,0.3801838114308944,1.0,12_37,12/37,17.40%,HTR4;SPINK5;SPINK13;PCYOX1L;PRELID2;SH3TC2;SPINK9;TCERG1;CSNK1A1;FBXO38;PPP2R2B;HMGXB3,PDGFRB;CSF1R;AFAP1L1;ADRB2;POU4F3;SLC26A2;IL17B;PLAC8L1;TCOF1;PDE6A;DPYSL3;ARSI;SLC6A7;CDX1;GRPEL2;CAMK2A;STK32A;GPR151;ARHGEF37;JAKMIP2;ABLIM3;RBM27;TIGD6;SH3RF2;PPARGC1B;HMGXB3;PPP2R2B;FBXO38;CSNK1A1;TCERG1;SPINK9;SH3TC2;PRELID2;PCYOX1L;SPINK13;SPINK5;HTR4,"[646, 973, 1119, 1585, 1774, 2127, 2179, 2934, 3023, 3452, 4777, 5818, 6764, 6880, 7954, 9057, 9137, 9651, 11364, 11402, 12692, 12925, 13202, 13451, 13876, 14471, 14546, 14626, 15372, 15748, 16366, 16503, 16653, 16764, 17160, 17287, 17379]",c1.all__chr5q32
c1.all,chr12p11,prerank,-0.3568648908126064,-1.174664894254542,0.2222222222222222,0.3828878924379327,1.0,14_31,14/31,28.81%,ALG10;SYT10;FAR2;PTHLH;KLHL42;AMN1;DNM1L;C12orf71;BICD1;CCDC91;MANSC4;CAPRIN2;ITPR2;TM7SF3,REP15;PKP2;TSPAN11;OVCH1;MED21;YARS2;FGD4;FGFR1OP2;IPO8;DDX11;TMTC1;PPFIBP1;SMCO2;STK38L;DENND5B;ERGIC2;MRPS35;TM7SF3;ITPR2;CAPRIN2;MANSC4;CCDC91;BICD1;C12orf71;DNM1L;AMN1;KLHL42;PTHLH;FAR2;SYT10;ALG10,"[118, 2695, 3876, 4567, 4741, 5009, 6295, 6620, 7191, 7431, 8245, 8286, 9725, 10076, 10347, 10569, 10760, 12472, 12687, 12912, 12983, 13108, 13140, 14867, 14940, 15496, 16045, 16131, 16178, 16306, 17012]",c1.all__chr12p11
c1.all,chr8p11,prerank,-0.33196841170957997,-1.1677111860301392,0.19767441860465115,0.3887441846459597,1.0,22_41,22/41,35.56%,CHRNA6;CHRNB3;SFRP1;ANK1;ADAM32;DDHD2;SLC20A2;ADAM9;HGSNAT;GINS4;RNF170;HOOK3;SMIM19;AP3M2;ADRB3;ZMAT4;FNTA;ASH2L;ERLIN2;GOLGA7;POLB;STAR,EIF4EBP1;ZNF703;RAB11FIP1;IKBKB;DKK4;THAP1;FGFR1;HTRA4;PLAT;LSM1;PLEKHA2;NKX6-3;KAT6A;LETM2;VDAC3;TM2D2;BRF2;TACC1;BAG4;STAR;POLB;GOLGA7;ERLIN2;ASH2L;FNTA;ZMAT4;ADRB3;AP3M2;SMIM19;HOOK3;RNF170;GINS4;HGSNAT;ADAM9;SLC20A2;DDHD2;ADAM32;ANK1;SFRP1;CHRNB3;CHRNA6,"[768, 1397, 2711, 3163, 3271, 3815, 4268, 5352, 5388, 5522, 5603, 7153, 8244, 8450, 8723, 9184, 9578, 10698, 11053, 11290, 11337, 11385, 11635, 11678, 11856, 12059, 12806, 12823, 12866, 13485, 14018, 14256, 14421, 14459, 15223, 15704, 15896, 16513, 16533, 17128, 17319]",c1.all__chr8p11
c1.all,chr9q33,prerank,-0.31160553799253354,-1.1654815576279896,0.21713147410358566,0.389233502461645,1.0,8_63,8/63,6.98%,ANGPTL2;TNC;OR1L3;OR1L8;TTLL11;SCAI;C5;GPR21,OLFML2A;LHX2;PHF19;STOM;HSPA5;TLR4;CRB2;ZBTB34;TNFSF8;RPL35;MAPKAP1;NDUFA8;TRAF1;LRSAM1;GSN;NEK6;NR6A1;MORN5;SLC2A8;PTGS1;DAB2IP;DENND1A;MRRF;NR5A1;ARPC5L;WDR38;PSMB7;RPL12;ZBTB26;PBX3;RBM18;ZBTB43;ZBTB6;ASTN2;RABGAP1;RC3H2;MEGF9;RALGPS1;RABEPK;TRIM32;GAPVD1;MVB12B;CDK5RAP2;GOLGA1;PAPPA;PDCL;LHX6;RAB14;ZNF79;PSMD5;STRBP;PPP6C;CNTRL;GARNL3;FBXW2;GPR21;C5;SCAI;TTLL11;OR1L8;OR1L3;TNC;ANGPTL2,"[1096, 1155, 1334, 1517, 2084, 2939, 3643, 3851, 3935, 4163, 4781, 4832, 5013, 5264, 5373, 5536, 5681, 6197, 6526, 6627, 6647, 6678, 7007, 7198, 7365, 7480, 7585, 8419, 8428, 9327, 9526, 9719, 9918, 10130, 10313, 10995, 11349, 11440, 11583, 11753, 12082, 12112, 12157, 12237, 12605, 12631, 12914, 12942, 13207, 13435, 13554, 13673, 14146, 15138, 15636, 16296, 16539, 16927, 16965, 17080, 17272, 17288, 17441]",c1.all__chr9q33
c1.all,chr11q24,prerank,-0.308927820953836,-1.1611922687029748,0.21774193548387097,0.38983795388102094,1.0,19_56,19/56,27.47%,CRTAM;PATE2;UBASH3B;CCDC15;TBRG1;KCNJ1;BARX2;CDON;TIRAP;SPA17;SORL1;ADAMTS8;SCN3B;FEZ1;ARHGAP32;CHEK1;KIRREL3;GRAMD1B;CLMP,VSIG2;ESAM;PUS3;FLI1;ROBO3;PANX3;ST14;ROBO4;TMEM45B;ETS1;TP53AIP1;KCNJ5;FAM118B;ZBTB44;HYLS1;ADAMTS15;ZNF202;NFRKB;SLC37A2;FOXRED1;TMEM218;EI24;MSANTD2;HSPA8;DCPS;HEPACAM;NRGN;STT3A;APLP2;ACRV1;SIAE;PRDM10;DDX25;PKNOX2;RPUSD4;VWA5A;ST3GAL4;CLMP;GRAMD1B;KIRREL3;CHEK1;ARHGAP32;FEZ1;SCN3B;ADAMTS8;SORL1;SPA17;TIRAP;CDON;BARX2;KCNJ1;TBRG1;CCDC15;UBASH3B;PATE2;CRTAM,"[819, 1058, 1471, 2406, 2566, 2950, 3236, 3584, 3673, 3740, 4092, 4177, 4403, 4878, 4884, 5453, 5867, 6059, 6718, 6917, 7341, 7429, 7705, 7892, 7996, 8192, 8205, 8815, 9216, 9304, 10080, 10308, 11007, 11029, 11316, 11486, 11801, 12707, 12819, 12943, 13033, 13355, 13734, 13766, 13986, 14179, 14759, 14796, 14875, 15363, 15721, 15976, 16899, 17123, 17281, 17507]",c1.all__chr11q24
c1.all,chr3q13,prerank,-0.29920710810688095,-1.1590937060462725,0.20866141732283464,0.38994719752813745,1.0,23_72,23/72,17.21%,DRD3;HHLA2;PLCXD2;TIGIT;LSAMP;CCDC80;STXBP5L;CD200R1;MYH15;SIDT1;ZDHHC23;GPR156;SPICE1;CD47;ALCAM;RABL3;ZBTB20;CBLB;SLC35A5;GCSAM;CD200;EAF2;HGD,PLA1A;HCLS1;UPK1B;SLC9C1;CD86;BTLA;BOC;GRAMD1C;CD80;ARHGAP31;SLC15A2;C3orf52;ADPRH;ARGFX;FSTL1;COX17;PHLDB2;NR1I2;NDUFB4;B4GALT4;TMPRSS7;ILDR1;FBXO40;TIMMDC1;TMEM39A;LRRC58;GUCA1C;POLQ;IGSF11;GTF2E1;POGLUT1;TAGLN3;IFT57;ABHD10;GOLGB1;CCDC54;IQCB1;POPDC2;NAA50;DZIP3;BBX;DPPA4;GTPBP8;CD96;MORC1;ATG3;GAP43;ATP6V1A;GSK3B;HGD;EAF2;CD200;GCSAM;SLC35A5;CBLB;ZBTB20;RABL3;ALCAM;CD47;SPICE1;GPR156;ZDHHC23;SIDT1;MYH15;CD200R1;STXBP5L;CCDC80;LSAMP;TIGIT;PLCXD2;HHLA2;DRD3,"[101, 219, 384, 454, 827, 979, 988, 1214, 1256, 1783, 2135, 2681, 2811, 3260, 3319, 4311, 4901, 5117, 5258, 5267, 5892, 6464, 6677, 6910, 7263, 7446, 7603, 7904, 8353, 8400, 8465, 8621, 9266, 10072, 10438, 10501, 10550, 10748, 11132, 12110, 12311, 12356, 12493, 12596, 13216, 13487, 13531, 13883, 13944, 14504, 14512, 14551, 14593, 14601, 14616, 14620, 14666, 14739, 14865, 15095, 15194, 15329, 15603, 16022, 16168, 16282, 16375, 16456, 16489, 17438, 17449, 17468]",c1.all__chr3q13
c1.all,chr5p15,prerank,-0.3262011878080091,-1.161983772661072,0.21484375,0.3922622045850831,1.0,13_46,13/46,16.10%,ANKRD33B;IRX1;IRX2;ROPN1L;LRRC14B;SEMA5A;DNAH5;TERT;SRD5A1;TPPP;MTRR;NSUN2;ADAMTS16,PLEKHG4B;SLC12A7;SLC6A3;FBXL7;CMBL;ADCY2;CCT5;ZDHHC11;LPCAT1;MYO10;CLPTM1L;NDUFS6;TRIP13;DAP;CTNND2;MRPL36;MED10;CCDC127;ZNF622;TRIO;UBE2QL1;NKD2;ZDHHC11B;AHRR;ANKH;EXOC3;SLC9A3;BASP1;PDCD6;SDHA;FASTKD3;CEP72;BRD9;ADAMTS16;NSUN2;MTRR;TPPP;SRD5A1;TERT;DNAH5;SEMA5A;LRRC14B;ROPN1L;IRX2;IRX1;ANKRD33B,"[59, 468, 1106, 1674, 2729, 3133, 3191, 3517, 4103, 4691, 5301, 5898, 5938, 6821, 7411, 7756, 7816, 7967, 7969, 8207, 8439, 9104, 9283, 9792, 10137, 10213, 10382, 10595, 11796, 11816, 12282, 12480, 13439, 14698, 14732, 14756, 15155, 15326, 15612, 16008, 16028, 16042, 16209, 16644, 16877, 17211]",c1.all__chr5p15
c1.all,chr5q33,prerank,-0.3075124454816967,-1.1526817676883423,0.23214285714285715,0.39874479846475813,1.0,16_57,16/57,24.79%,FAT2;NIPAL4;FAXDC2;UBLCP1;PWWP2A;FABP6;GM2A;GLRA1;ZNF300;EBF1;SLC36A1;MED7;MYOZ3;NDST1;KIF4B;DCTN4,CD74;NMUR2;CCDC69;G3BP1;HAVCR2;TNIP1;ITK;CNOT8;RPS14;TIMD4;MFAP3;RNF145;IL12B;GALNT10;HAVCR1;PTTG1;TTC1;MRPL22;GPX3;GRIA1;ATOX1;RBM22;SYNPO;SAP30L;FNDC9;LARP1;CCNJL;ANXA6;LSM11;FAM114A2;THG1L;SPARC;CLINT1;ADRA1B;SOX30;GEMIN5;SGCD;SLU7;CYFIP2;C1QTNF2;ADAM19;DCTN4;KIF4B;NDST1;MYOZ3;MED7;SLC36A1;EBF1;ZNF300;GLRA1;GM2A;FABP6;PWWP2A;UBLCP1;FAXDC2;NIPAL4;FAT2,"[908, 1673, 2371, 3159, 3229, 3521, 3688, 4591, 4601, 4695, 5036, 5597, 5684, 6241, 6292, 6319, 6569, 7666, 7997, 8049, 8098, 8606, 8915, 9037, 9255, 9265, 9354, 9469, 9503, 9666, 9753, 9882, 10019, 10580, 10880, 10951, 11221, 11407, 12306, 12409, 12696, 13176, 13179, 13411, 13550, 13808, 13830, 14294, 14513, 14711, 14858, 15074, 15414, 15446, 16118, 16584, 17517]",c1.all__chr5q33
c1.all,chr1q22,prerank,0.32981384747379416,1.1552328798176585,0.21765913757700206,0.4048913514321106,1.0,13_43,13/43,16.33%,VHLL;MEX3A;MUC1;BGLAP;PMF1-BGLAP;TMEM79;TSACC;RAB25;SLC50A1;EFNA1;SMG5;RIT1;CCT3,VHLL;MEX3A;MUC1;BGLAP;PMF1-BGLAP;TMEM79;TSACC;RAB25;SLC50A1;EFNA1;SMG5;RIT1;CCT3;HCN3;RUSC1;KRTCAP2;SEMA4A;MTX1;DPM3;LMNA;TTC24;SSR2;CLK2;SCAMP3;LAMTOR2;YY1AP1;UBQLN4;THBS3;FDPS;PMF1;DAP3;MEF2D;TRIM46;PAQR6;SLC25A44;GON4L;ARHGEF2;IQGAP3;ASH1L;MSTO1;SYT11;PKLR;RHBG,"[294, 434, 723, 849, 926, 1467, 1472, 1549, 1804, 2118, 2157, 2824, 2859, 3620, 3978, 4011, 4312, 4448, 4875, 4905, 5415, 5540, 5601, 5890, 5936, 6497, 6936, 8276, 9750, 10245, 11054, 11119, 11341, 11891, 12464, 13422, 14371, 14424, 14563, 15609, 16354, 16858, 17492]",c1.all__chr1q22
c1.all,chr4q27,prerank,-0.46290422792172586,-1.140244527111358,0.30401529636711283,0.40757664724451337,1.0,6_11,6/11,18.67%,TNIP3;QRFPR;TRPC3;MAD2L1;BBS7;PRDM5,CCNA2;NDNF;ANXA5;BBS12;EXOSC9;PRDM5;BBS7;MAD2L1;TRPC3;QRFPR;TNIP3,"[750, 2910, 4406, 8778, 12162, 14248, 14939, 14997, 15677, 16285, 16520]",c1.all__chr4q27
c1.all,chr6q24,prerank,-0.34307506635780405,-1.138186629494318,0.26129666011787817,0.4080268288434654,1.0,14_32,14/32,23.60%,ADGB;HIVEP2;REPS1;STXBP5;ZC2HC1B;ADAT2;PEX3;UTRN;EPM2A;VTA1;CITED2;AIG1;FUCA2;PLAGL1,STX11;HEBP2;SASH1;RAB32;NHSL1;FBXO30;HECA;CCDC28A;SF3B5;PHACTR2;ECT2L;TXLNB;LTV1;GRM1;SHPRH;NMBR;ABRACL;SAMD5;PLAGL1;FUCA2;AIG1;CITED2;VTA1;EPM2A;UTRN;PEX3;ADAT2;ZC2HC1B;STXBP5;REPS1;HIVEP2;ADGB,"[548, 1073, 1079, 1670, 2065, 3836, 4282, 5479, 6679, 8156, 8847, 10035, 10214, 10982, 11333, 11538, 11858, 12224, 13384, 13592, 13600, 14327, 14390, 14470, 14591, 14957, 15759, 15809, 16009, 16086, 16268, 17476]",c1.all__chr6q24
c1.all,chr8q11,prerank,-0.41113982354329476,-1.1423648582445396,0.2698412698412698,0.41092043734928085,1.0,7_18,7/18,23.27%,NPBWR1;PXDNL;ST18;PRKDC;MCM4;PCMTD1;UBE2V2,CEBPD;OPRK1;RGS20;SNAI2;SNTG1;SOX17;ATP6V1H;MRPL15;RB1CC1;TCEA1;LYPLA1;UBE2V2;PCMTD1;MCM4;PRKDC;ST18;PXDNL;NPBWR1,"[312, 2031, 6873, 7184, 7368, 7415, 7462, 8355, 9043, 9171, 11662, 13442, 14068, 14691, 14728, 16127, 16706, 17111]",c1.all__chr8q11
c1.all,chr2p14,prerank,-0.41145283404783656,-1.1404821546148165,0.28,0.4110565142025991,1.0,8_17,8/17,35.97%,MEIS1;ACTR2;CEP68;C1D;SERTAD2;PPP3R1;ETAA1;LGALSL,PLEK;SLC1A4;PELI1;CNRIP1;AFTPH;VPS54;SPRED2;RAB1A;PNO1;LGALSL;ETAA1;PPP3R1;SERTAD2;C1D;CEP68;ACTR2;MEIS1,"[2474, 6227, 6476, 6959, 7570, 8291, 8384, 9713, 10095, 11218, 11832, 11883, 12592, 13532, 14687, 15982, 17058]",c1.all__chr2p14
c1.all,chr12q12,prerank,-0.36861137806826966,-1.1438691138194574,0.2722007722007722,0.4117625550348114,1.0,6_24,6/24,20.68%,ALG10B;ADAMTS20;ABCD2;SLC2A13;SCAF11;KIF21A,ANO6;MUC19;CPNE8;PDZRN4;GXYLT1;IRAK4;ARID2;PUS7L;YAF2;PPHLN1;DBX2;TWF1;TMEM117;LRRK2;NELL2;PRICKLE1;CNTN1;ZCRB1;KIF21A;SCAF11;SLC2A13;ABCD2;ADAMTS20;ALG10B,"[3336, 3766, 4230, 4947, 5406, 8469, 8514, 8517, 8848, 8909, 9296, 9463, 10606, 11062, 11189, 11239, 11329, 11471, 13896, 14085, 14612, 16070, 16715, 17209]",c1.all__chr12q12
c1.all,chr7q32,prerank,0.33690628727138244,1.1468466651370375,0.25052192066805845,0.4121719472657151,1.0,13_37,13/37,21.74%,HILPDA;SMO;FSCN3;PODXL;IMPDH1;IRF5;CPA4;CPA1;TSPAN33;MKLN1;AHCYL2;CPA2;PRRT4,HILPDA;SMO;FSCN3;PODXL;IMPDH1;IRF5;CPA4;CPA1;TSPAN33;MKLN1;AHCYL2;CPA2;PRRT4;GCC1;ZC3HC1;ATP6V1F;MEST;NRF1;ARF5;SND1;UBE2H;RBM28;METTL2B;SMKR1;PLXNA4;CCDC136;TNPO3;LRRC4;CPA5;OPN1SW;CALU;CEP41;COPG2;FLNC;KLHDC10;TMEM209;STRIP2,"[356, 567, 1020, 1161, 1304, 1337, 1538, 2328, 2941, 2995, 3439, 3572, 3808, 4139, 5882, 5953, 6144, 7607, 7719, 8287, 8570, 9134, 9264, 9546, 9587, 10976, 11780, 12017, 12776, 13472, 13838, 14489, 14589, 15699, 15927, 16095, 16869]",c1.all__chr7q32
c1.all,chr8p12,prerank,-0.38454943300989153,-1.1271961579066208,0.2890625,0.4221602170984125,1.0,12_20,12/20,34.60%,DUSP4;MAK16;WRN;SMIM18;UNC5D;KIF13B;DCTN6;NRG1;MBOAT4;FUT10;GSR;LEPROTL1,PURG;GTF2E2;RNF122;RBPMS;DUSP26;PPP2CB;TTI2;TEX15;LEPROTL1;GSR;FUT10;MBOAT4;NRG1;DCTN6;KIF13B;UNC5D;SMIM18;WRN;MAK16;DUSP4,"[1885, 2556, 3259, 4035, 4167, 6348, 7233, 7326, 11458, 11586, 11736, 11973, 12108, 13556, 13665, 14335, 14483, 15676, 15981, 17470]",c1.all__chr8p12
c1.all,chr13q32,prerank,-0.3580328002449311,-1.1282261057661085,0.27755102040816326,0.4236328870846102,1.0,5_27,5/27,9.86%,HS6ST3;TMTC4;UGGT2;DCT;OXGR1,CLDN10;SOX21;ZIC2;ZIC5;DNAJC3;GGACT;ABCC4;FARP1;STK24;GPR183;UBAC2;PCCA;DZIP1;RAP2A;TM9SF2;GPR180;IPO5;GPR18;MBNL2;TGDS;CLYBL;DOCK9;OXGR1;DCT;UGGT2;TMTC4;HS6ST3,"[1548, 2236, 2920, 3012, 3122, 3373, 3712, 5080, 6019, 7031, 7193, 7651, 9521, 10117, 10276, 10659, 11202, 12092, 12884, 13119, 13869, 13938, 15791, 16115, 16608, 16752, 17494]",c1.all__chr13q32
c1.all,chr3q24,prerank,-0.41821627120284144,-1.1190653554999352,0.30691056910569103,0.43099672806600414,1.0,4_14,4/14,10.04%,CPB1;ZIC4;HLTF;ZIC1,PLSCR2;PLOD2;PLSCR1;PLSCR4;AGTR1;CHST2;HPS3;GYG1;SLC9A9;PLSCR5;ZIC1;HLTF;ZIC4;CPB1,"[1223, 1803, 1987, 2442, 2466, 4050, 5249, 7689, 8070, 11744, 15760, 16538, 17140, 17308]",c1.all__chr3q24
c1.all,chr3q22,prerank,-0.307936398322564,-1.1192865783920152,0.25296442687747034,0.4344335635457152,1.0,19_51,19/51,28.50%,COL6A5;RHO;ASTE1;A4GNT;FAIM;PCCB;TF;PIK3R4;PPP2R3A;MRPL3;AMOTL2;NPHP3;TOPBP1;DZIP1L;UBA5;ACAD11;ANAPC13;NME9;ARMC8,MRAS;ESYT3;FOXL2;C3orf36;BFSP2;IL20RB;CLDN18;PLXND1;CEP70;MSL2;SLC35G2;EPHB1;COL6A6;TMEM108;NCK1;SRPRB;TMCC1;CDV3;SLCO2A1;DBR1;RYK;NUDT16;STAG1;CPNE4;NEK11;RAB6B;ATP2C1;KY;DNAJC13;TRH;CEP63;PIK3CB;ARMC8;NME9;ANAPC13;ACAD11;UBA5;DZIP1L;TOPBP1;NPHP3;AMOTL2;MRPL3;PPP2R3A;PIK3R4;TF;PCCB;FAIM;A4GNT;ASTE1;RHO;COL6A5,"[651, 1053, 1160, 2531, 4557, 5266, 5612, 5650, 5864, 6045, 6248, 6419, 6441, 6459, 6604, 6969, 7012, 7196, 7389, 8020, 8110, 8218, 8664, 9048, 9050, 9593, 10052, 10405, 11103, 11444, 11734, 12207, 12526, 12574, 12672, 12886, 12904, 13519, 13538, 13622, 13908, 14064, 14144, 14188, 14706, 15846, 15866, 15930, 16340, 16416, 16670]",c1.all__chr3q22
c1.all,chr10p11,prerank,0.38041339559168086,1.1247237166297723,0.3141683778234086,0.4386510655951814,1.0,6_21,6/21,17.62%,FZD8;PARD3;MAP3K8;KIF5B;ZNF438;CREM,FZD8;PARD3;MAP3K8;KIF5B;ZNF438;CREM;EPC1;NRP1;CCDC7;SVIL;ZNF248;ARHGAP12;GJD4;ZNF37A;CCNY;ZEB1;ITGB1;CUL2;MTPAP;ZNF33A;ZNF25,"[277, 414, 2038, 2356, 2508, 3086, 5661, 6343, 8990, 9017, 9650, 10591, 10715, 11225, 11450, 11741, 11941, 12030, 13806, 15137, 15572]",c1.all__chr10p11
c1.all,chr1p13,prerank,-0.2698901833733332,-1.112055110160115,0.2392638036809816,0.44131316260962106,1.0,36_100,36/100,28.01%,KCNA3;NHLH2;CASQ2;TTF2;GPR61;MAB21L3;PRMT6;SLC22A15;TRIM45;TSPAN2;LRIG2;PROK1;GPSM2;DENND2C;FNDC7;BCL2L15;GSTM5;STRIP1;GNAT2;SLC6A17;WDR77;NRAS;MAGI3;TRIM33;BCAS2;IGSF3;ST7L;CLCC1;WDR47;SYT6;SIKE1;PTPN22;PSMA5;STXBP3;VANGL1;AP4B1,CSF1;CD2;SYPL2;ADORA3;ALX3;VAV3;RHOC;MOV10;GSTM2;NGF;CHI3L2;CD53;LRIF1;GSTM4;C1orf162;KCNC4;SLC16A4;CD58;SLC16A1;MYBPHL;GNAI3;EPS8L3;ATXN7L2;AMPD2;CD101;CYB561D1;OLFML3;RAP1A;RBM15;DENND2D;CELSR2;PRPF38B;PSRC1;AKNAD1;LAMTOR5;TAF13;KCND3;DDX20;UBL4B;HENMT1;DCLRE1B;CEPT1;GSTM3;GSTM1;PTGFRN;RSBN1;TMEM167B;PPM1J;OVGP1;SLC25A24;HIPK1;PHTF1;SORT1;KCNA2;AMIGO1;NBPF4;WNT2B;CAPZA1;CSDE1;AHCYL1;CTTNBP2NL;DRAM2;ATP1A1;NTNG1;AP4B1;VANGL1;STXBP3;PSMA5;PTPN22;SIKE1;SYT6;WDR47;CLCC1;ST7L;IGSF3;BCAS2;TRIM33;MAGI3;NRAS;WDR77;SLC6A17;GNAT2;STRIP1;GSTM5;BCL2L15;FNDC7;DENND2C;GPSM2;PROK1;LRIG2;TSPAN2;TRIM45;SLC22A15;PRMT6;MAB21L3;GPR61;TTF2;CASQ2;NHLH2;KCNA3,"[185, 933, 1013, 1124, 1315, 1461, 1711, 1790, 1841, 1990, 2100, 2172, 2666, 2735, 3183, 3304, 3320, 3647, 3677, 4018, 4315, 4372, 4508, 5024, 5107, 5184, 5607, 5674, 5873, 6444, 6993, 7033, 7091, 7684, 7731, 7831, 7934, 8213, 8260, 8528, 8538, 8565, 8568, 8821, 8860, 8882, 8908, 9192, 9441, 9478, 9576, 9735, 9986, 10010, 10259, 10385, 10700, 11080, 11091, 11095, 11248, 11296, 11478, 11805, 12612, 12711, 12733, 12948, 13052, 13240, 13313, 13341, 13383, 13623, 13705, 13841, 13991, 14488, 14556, 14613, 14695, 14778, 14955, 15029, 15196, 15360, 15517, 15756, 16149, 16237, 16464, 16483, 16610, 16618, 16628, 16811, 16840, 16961, 16997, 17040]",c1.all__chr1p13
c1.all,chr14q32,prerank,0.2671938860237119,1.127389374261177,0.21021611001964635,0.4421634390299811,1.0,40_119,40/119,26.95%,SERPINA5;DIO3;COX8C;SERPINA1;SLC25A47;SERPINA3;HSP90AA1;KIF26A;FAM181A;RIN3;AMN;PLD4;C14orf180;IFI27L2;CRIP2;PAPOLA;ASPG;XRCC3;ZBTB42;BTBD6;CHGA;GPR132;JAG2;IFI27;CKB;KLC1;CDCA4;KCNK13;BTBD7;ITPK1;CCNK;HHIPL1;EXOC3L4;MTA1;OTUB2;IFI27L1;PRIMA1;SERPINA10;YY1;ZFYVE21,SERPINA5;DIO3;COX8C;SERPINA1;SLC25A47;SERPINA3;HSP90AA1;KIF26A;FAM181A;RIN3;AMN;PLD4;C14orf180;IFI27L2;CRIP2;PAPOLA;ASPG;XRCC3;ZBTB42;BTBD6;CHGA;GPR132;JAG2;IFI27;CKB;KLC1;CDCA4;KCNK13;BTBD7;ITPK1;CCNK;HHIPL1;EXOC3L4;MTA1;OTUB2;IFI27L1;PRIMA1;SERPINA10;YY1;ZFYVE21;AKT1;CCDC85C;ANKRD9;MOK;SLC24A4;CLMN;NUDT14;SETD3;FOXN3;TDRD9;MARK3;CYP46A1;SYNE3;FBLN5;WDR25;GLRX5;TC2N;RTL1;BEGAIN;PPP1R13B;PACS2;ASB2;TMEM179;TNFAIP2;EVL;SIVA1;TRAF3;CATSPERB;PSMC1;EIF5;TECPR2;BRF1;UBR7;NDUFB1;BCL11B;BDKRB1;CEP170B;CDC42BPB;SLC25A29;TRMT61A;TTC7B;AHNAK2;RCOR1;TMEM121;PPP2R5C;CRIP1;CPSF2;LGMN;WDR20;INF2;BAG5;DDX24;CCDC88C;MOAP1;TRIP11;GOLGA5;DLK1;TEX22;NRDE2;GSKIP;CALM1;CINP;ATG2B;DYNC1H1;DEGS2;ZNF839;EFCAB11;ATXN3;GPR68;DICER1;TDP1;C14orf132;VRK1;PPP4R4;BDKRB2;UNC79;RPS6KA5;EML1;AK7,"[164, 296, 396, 459, 654, 958, 996, 1316, 1324, 1436, 1502, 1767, 2062, 2101, 2152, 2239, 2355, 2367, 2448, 2497, 2611, 2791, 2854, 3312, 3385, 3401, 3764, 3790, 3885, 3953, 3968, 3990, 4101, 4134, 4267, 4560, 4605, 4651, 4700, 4720, 5056, 5096, 5442, 5573, 5613, 5655, 5745, 5809, 5960, 5965, 5988, 6239, 6325, 6410, 6541, 6674, 6828, 6881, 6914, 6985, 7260, 7271, 7289, 7305, 7391, 7722, 7749, 8130, 8182, 8369, 8431, 8635, 8766, 8798, 9083, 9088, 9140, 9378, 9524, 9770, 10058, 10196, 10204, 10269, 10341, 10362, 10426, 10504, 10570, 10573, 10829, 10973, 11386, 11520, 12368, 12397, 12589, 12932, 12953, 12985, 13283, 13667, 13669, 13750, 13929, 14020, 14320, 14399, 14581, 15122, 15248, 15427, 15836, 15988, 16109, 16143, 16336, 16547, 17430]",c1.all__chr14q32
c1.all,chrXp22,prerank,-0.2728920427703343,-1.105471965983806,0.2661290322580645,0.4517918851140684,1.0,23_87,23/87,23.20%,CDKL5;PPEF1;CXorf58;KLHL34;MOSPD2;MBTPS2;BMX;FRMPD4;GEMIN8;STS;ACE2;PRPS2;GLRA2;CTPS2;REPS2;AP1S2;EIF1AX;SCML1;FANCB;SYAP1;GRPR;CLCN4;EGFL6,TLR8;PRKX;TLR7;VCX3A;SAT1;ASB9;ZRSR2;VCX3B;MID1;MAP3K15;RAI2;RAB9A;TBL1X;GYG2;TRAPPC2;WWC3;MSL3;PHEX;SMPX;MAGEB17;SMS;ARHGAP6;FAM9C;PHKA2;TCEANC;KLHL15;PIGA;NHS;RS1;PDHA1;POLA1;ZFX;GPR143;XG;APOO;RBBP7;ACOT9;HCCS;SHROOM2;EIF2S3;TMSB4X;RPS6KA3;FAM9B;ASB11;SCML2;PDK3;YY2;OFD1;PRDX4;PCYT1B;TXLNG;ARSF;CA5B;GPM6B;NLGN4X;PNPLA4;CNKSR2;PIR;ARSD;PTCHD1;MXRA5;MAP7D2;SH3KBP1;VCX;EGFL6;CLCN4;GRPR;SYAP1;FANCB;SCML1;EIF1AX;AP1S2;REPS2;CTPS2;GLRA2;PRPS2;ACE2;STS;GEMIN8;FRMPD4;BMX;MBTPS2;MOSPD2;KLHL34;CXorf58;PPEF1;CDKL5,"[203, 347, 1546, 1994, 2029, 2091, 2131, 2480, 2534, 2744, 2753, 3017, 3119, 3349, 3533, 3736, 4889, 5120, 5164, 5621, 5814, 6095, 6136, 6465, 6472, 6565, 6753, 7009, 7075, 7156, 7433, 7729, 7853, 7920, 7998, 8169, 8267, 8481, 8713, 8887, 8993, 9145, 9200, 9311, 9822, 9852, 9944, 10149, 10203, 10254, 10369, 10420, 10947, 10948, 11293, 11477, 11521, 11628, 12056, 12458, 12525, 12705, 12822, 13246, 13455, 13497, 13518, 13566, 13682, 13898, 14150, 14311, 14402, 14742, 14774, 14962, 15389, 15473, 15665, 16137, 16441, 16642, 16689, 16932, 17011, 17214, 17515]",c1.all__chrXp22
c1.all,chr4q22,prerank,-0.34513275901645124,-1.0953290753637204,0.32629558541266795,0.4682810433865257,1.0,7_28,7/28,16.65%,GPRIN3;GRID2;IBSP;TIGD2;NAP1L5;HERC6;PKD2,MMRN1;HPGDS;NUDT9;BMPR1B;PYURF;SPP1;FAM13A;MEPE;HERC5;HSD17B11;PDLIM5;PPM1K;SPARCL1;KLHL8;HERC3;HSD17B13;SNCA;ABCG2;SMARCAD1;CCSER1;UNC5C;PKD2;HERC6;NAP1L5;TIGD2;IBSP;GRID2;GPRIN3,"[571, 2037, 3006, 3189, 5049, 5115, 5150, 5954, 6159, 6219, 7105, 7964, 7992, 8187, 9974, 10229, 10807, 11649, 12613, 12862, 13528, 14603, 14735, 14848, 14973, 17124, 17130, 17148]",c1.all__chr4q22
c1.all,chr6q25,prerank,-0.2857360364292764,-1.0869832777135935,0.32514177693761814,0.4827279497178171,1.0,15_64,15/64,16.99%,MAS1;FNDC1;RSPH3;ESR1;UST;CLDN20;SYNE1;GTF2H5;SCAF8;VIP;MTHFD1L;OPRM1;CCDC170;NOX3;SYNJ2,SLC22A2;EZR;ULBP2;MRPL18;RAET1G;TAB2;MYCT1;SYTL3;TCP1;PLEKHG1;SLC22A1;IGF2R;ZBTB2;MTRF1L;ULBP3;RAET1E;PNLDC1;DYNLT1;FBXO5;KATNA1;PPIL4;CNKSR3;AKAP12;TIAM2;ULBP1;ZC3H12D;WTAP;GINM1;ZDHHC14;SOD2;LATS1;SNX9;SLC22A3;TFB1M;ARID1B;NUP43;TMEM242;RMND1;TMEM181;LRP11;RGS17;PPP1R14C;PCMT1;TAGAP;TULP4;SUMO4;IPCEF1;ACAT2;SERAC1;SYNJ2;NOX3;CCDC170;OPRM1;MTHFD1L;VIP;SCAF8;GTF2H5;SYNE1;CLDN20;UST;ESR1;RSPH3;FNDC1;MAS1,"[82, 669, 1168, 1854, 2424, 2799, 2937, 2971, 3387, 3917, 4218, 4804, 4879, 5002, 5012, 5075, 5146, 5193, 5948, 6303, 6368, 6584, 6752, 7049, 7453, 7509, 7635, 8037, 9021, 9365, 9553, 9863, 10054, 10069, 10128, 10633, 10839, 11100, 11763, 12155, 12385, 12415, 12622, 12715, 12905, 13189, 13304, 13534, 14197, 14543, 14615, 14954, 14992, 15057, 15229, 15368, 15408, 15752, 16173, 16254, 16823, 16953, 17155, 17503]",c1.all__chr6q25
c1.all,chrXq27,prerank,0.4337429370734651,1.095171316630146,0.3752665245202559,0.4936417092305185,1.0,2_12,2/12,4.15%,MAGEC1;FMR1NB,MAGEC1;FMR1NB;CDR1;ATP11C;SLITRK4;LDOC1;SLITRK2;MCF2;FMR1;SOX3;MAGEC3;FGF13,"[435, 726, 4473, 4612, 5336, 7065, 8104, 10311, 12478, 12495, 13206, 15618]",c1.all__chrXq27
c1.all,chr4q28,prerank,-0.3752772507563721,-1.0794423973831797,0.34468937875751504,0.49504672570463676,1.0,5_18,5/18,9.49%,PLK4;INTU;SCLT1;MFSD8;C4orf33,PABPC4L;FGF2;SLC25A31;HSPA4L;PCDH18;SPRY1;SLC7A11;PGRMC2;NUDT6;PCDH10;ANKRD50;FAT4;LARP1B;C4orf33;MFSD8;SCLT1;INTU;PLK4,"[1159, 1446, 1908, 2009, 2293, 2866, 3745, 7426, 9143, 10668, 13209, 13490, 14340, 15856, 16048, 17021, 17127, 17216]",c1.all__chr4q28
c1.all,chr11q22,prerank,-0.3077456523842518,-1.0728848832054894,0.34450651769087526,0.5001091555127298,1.0,9_40,9/40,13.49%,MMP3;EXPH5;SLN;C11orf65;ALKBH8;C11orf87;NPAT;GRIA4;CUL5,CASP4;CASP1;ARHGAP42;BIRC3;YAP1;CASP5;CARD16;SLC35F2;ZC3H12C;ANGPTL5;FDX1;RAB39A;MSANTD4;PDGFD;BIRC2;CASP12;PGR;CWF19L2;DCUN1D5;ACAT1;TMEM123;RDX;GUCY1A2;ATM;DYNC2H1;DDX10;AASDHPPT;CNTN5;KBTBD3;ELMOD1;TRPC6;CUL5;GRIA4;NPAT;C11orf87;ALKBH8;C11orf65;SLN;EXPH5;MMP3,"[394, 580, 1215, 1351, 1411, 1649, 2235, 4476, 4483, 5207, 5595, 6009, 6013, 6282, 6635, 6850, 7052, 7152, 8056, 8340, 8922, 10240, 11663, 11714, 11776, 11961, 12262, 12407, 12442, 13783, 14221, 15156, 15294, 15301, 15347, 16226, 16474, 16806, 17190, 17502]",c1.all__chr11q22
c1.all,chr6q21,prerank,-0.2936799822695501,-1.0731681325983844,0.31376518218623484,0.5037082509421661,1.0,23_46,23/46,36.45%,DDO;ARMC2;CDC40;TUBE1;ZBTB24;REV3L;SEC63;CDK19;SLC22A16;AK9;RPF2;PREP;SLC16A10;AMD1;QRSL1;WASF1;METTL24;BEND3;FAM229B;SCML4;RTN4IP1;CD164;PRDM1,NR2E1;RFPL4B;TRAF3IP2;FYN;SESN1;SMPD2;GTF3C6;MICAL1;PPIL6;SNX3;PDSS2;SOBP;FOXO3;FIG4;MARCKS;GPR6;HDAC2;ATG5;POPDC3;OSTM1;BVES;LAMA4;CEP57L1;PRDM1;CD164;RTN4IP1;SCML4;FAM229B;BEND3;METTL24;WASF1;QRSL1;AMD1;SLC16A10;PREP;RPF2;AK9;SLC22A16;CDK19;SEC63;REV3L;ZBTB24;TUBE1;CDC40;ARMC2;DDO,"[1340, 2320, 2505, 3313, 3375, 4023, 4459, 5376, 5493, 5883, 6701, 7192, 7929, 8472, 8773, 8809, 8857, 9094, 9225, 9537, 9744, 9839, 10731, 11133, 11137, 11142, 11595, 11765, 11778, 11791, 11887, 11986, 12065, 12335, 12418, 12494, 12841, 13131, 13794, 13982, 14669, 15396, 15779, 16018, 16451, 16501]",c1.all__chr6q21
c1.all,chr2q21,prerank,-0.32151435271245254,-1.062710876449873,0.3586744639376218,0.5182612911096957,1.0,10_32,10/32,20.26%,RAB6C;MAP3K19;ZRANB3;PLEKHB2;ANKRD30BL;LCT;ACMSD;CCNT2;R3HDM1;MGAT5,CCDC74B;CCDC74A;MZT2B;ARHGEF4;LYPD1;PTPN18;MZT2A;SMPD4;TUBA3E;TUBA3D;GPR39;TMEM163;RAB3GAP1;AMER3;FAM168B;IMP4;MCM6;CCDC115;NCKAP5;CFC1;UBXN4;GPR148;MGAT5;R3HDM1;CCNT2;ACMSD;LCT;ANKRD30BL;PLEKHB2;ZRANB3;MAP3K19;RAB6C,"[2642, 3116, 3374, 3697, 4021, 4390, 4843, 4959, 5114, 5355, 9282, 9850, 9960, 10475, 10711, 10949, 10952, 11182, 11561, 11730, 11903, 12339, 13970, 13992, 14091, 14586, 14605, 15112, 15128, 15812, 16055, 17026]",c1.all__chr2q21
c1.all,chr3p25,prerank,-0.2702127674237831,-1.0564085610201803,0.33874239350912777,0.5278634718141831,1.0,13_74,13/74,14.07%,FANCD2;HACL1;NR2C2;LMCD1;TMEM40;TIMP4;RAD18;ATP2B2;ANKRD28;LHFPL4;SLC6A1;SH3BP5;IL17RE,TPRXL;CRELD1;IRAK2;FGD5;WNT7A;CCDC174;SSUH2;PPARG;COLQ;IL17RC;HRH1;CPNE9;CHCHD4;JAGN1;RAF1;RPL32;TMEM43;OXTR;SLC6A11;TADA3;CIDEC;GALNT15;ARPC4;BRK1;OGG1;DPH3;TATDN2;CAMK1;RPUSD3;BRPF1;SEC13;VGLL4;BTD;MTMR14;CAPN7;MKRN2;EMC3;CAV3;GHRL;THUMPD3;PRRT3;SETD5;SRGAP3;MRPS25;TAMM41;FBLN2;LSM3;METTL6;ATG7;IQSEC1;CAND2;VHL;NUP210;TTLL3;SLC6A6;HDAC11;XPC;OXNAD1;TSEN2;C3orf20;EAF1;IL17RE;SH3BP5;SLC6A1;LHFPL4;ANKRD28;ATP2B2;RAD18;TIMP4;TMEM40;LMCD1;NR2C2;HACL1;FANCD2,"[1006, 1242, 1247, 2126, 2958, 2983, 3117, 3389, 3414, 3518, 3548, 3606, 4190, 4514, 4575, 4803, 4869, 5390, 5760, 5806, 5987, 6089, 6139, 6216, 6217, 6520, 6710, 6826, 6872, 7081, 7239, 7405, 7626, 7678, 7697, 7799, 8230, 8484, 8763, 8960, 9386, 9491, 9668, 9716, 9786, 10304, 10349, 10492, 10669, 10768, 11219, 11542, 11671, 11689, 11809, 12907, 12977, 13026, 13104, 13928, 14317, 15055, 15111, 15323, 15324, 15358, 15423, 15428, 16398, 16518, 16723, 16803, 16845, 16928]",c1.all__chr3p25
c1.all,chr17q22,prerank,-0.3079698337258401,-1.0523018544148854,0.35714285714285715,0.5296325041075984,1.0,12_39,12/39,21.08%,PPM1E;LPO;HSF5;PRR11;EPX;MMD;CA10;RNF43;MPO;COX11;MTMR4;TRIM37,C17orf67;TMEM100;NOG;PCTP;TEX14;MSI2;TRIM25;SRSF1;VEZF1;AKAP1;COIL;STXBP4;SUPT4H1;DYNLL2;RAD51C;SCPEP1;GDPD1;HLF;ANKFN1;TOM1L1;YPEL2;SKA2;MKS1;MRPS23;SMG8;DGKE;CUEDC1;TRIM37;MTMR4;COX11;MPO;RNF43;CA10;MMD;EPX;PRR11;HSF5;LPO;PPM1E,"[448, 582, 1617, 1835, 3852, 4534, 4649, 7477, 8158, 8529, 9208, 9278, 9291, 9828, 10044, 10059, 10102, 10495, 10535, 10589, 10844, 11083, 11149, 11211, 11420, 11752, 13019, 13827, 13829, 14073, 14227, 14743, 14941, 15224, 15502, 15512, 16645, 16824, 17454]",c1.all__chr17q22
c1.all,chr7p14,prerank,-0.2849149051861719,-1.0532755306317798,0.352112676056338,0.531658036434623,1.0,7_50,7/50,8.83%,SFRP4;INHBA;PPP1R17;PLEKHA8;NEUROD6;HECW1;MRPL32,AQP1;GLI3;GHRHR;PRR15;C7orf25;RP9;AOAH;ADCYAP1R1;NME8;MPLKIP;NOD1;WIPF3;POU6F2;ZNRF2;BBS9;CPVL;FKBP9;ANLN;KBTBD2;EPDR1;STARD3NL;HERPUD2;RALA;PSMA2;GGCT;CDK13;AMPH;DPY19L1;NT5C3A;VPS41;LSM5;CHN2;GPR141;SCRN1;INMT;AVL9;FKBP14;NPSR1;ELMO1;EEPD1;CRHR2;BMPER;PDE1C;MRPL32;HECW1;NEUROD6;PLEKHA8;PPP1R17;INHBA;SFRP4,"[1068, 2224, 2487, 2565, 2734, 2795, 3002, 3096, 3326, 3363, 3384, 4158, 5395, 5819, 6898, 6957, 7085, 7253, 7923, 7944, 7965, 8068, 8290, 8582, 8630, 9066, 9827, 10041, 10263, 10898, 11048, 11184, 11243, 11294, 11977, 11985, 12797, 12918, 12964, 13043, 13321, 14194, 14423, 15973, 16036, 16222, 16522, 17086, 17099, 17173]",c1.all__chr7p14
c1.all,chr1q32,prerank,-0.24351653504058507,-1.0433825384126465,0.3333333333333333,0.5336398940815128,1.0,21_131,21/131,9.89%,KCNH1;LGR6;IRF6;REN;GOLT1A;LEMD1;ZBED6;SERTAD4;NEK2;SYT14;C4BPA;PPP1R12B;LPGAT1;ZNF281;CACNA1S;MYOG;AVPR1B;TATDN3;CR2;PROX1;FAM72A,G0S2;PRELP;KIF14;LINC00862;TMEM81;FMOD;CR1L;MAPKAPK2;PKP1;CD34;IGFN1;SLC30A1;OPTC;RD3;SLC41A1;CR1;IKBKE;LRRN2;SOX13;TMCC2;DYRK3;TRAF3IP3;LAX1;CSRP1;VASH2;CDK18;TNNI1;ATF3;TNNT2;UBE2T;PHLDA3;ETNK2;CHI3L1;YOD1;RNPEP;PPP2R5A;PPP1R15B;KIF21B;PLXNA2;SLC26A9;RABIF;TMEM9;IL10;NUAK2;KLHDC8A;MYBPH;ATP2B4;GPR37L1;ZC3H11A;LAMB3;CD55;KDM5B;ELK4;PM20D1;INTS7;RASSF5;ADORA1;DSTYK;ARL8A;NR5A2;KLHL12;TMEM183A;CAMSAP2;BTG2;SMYD2;ADIPOR1;DDX59;PLEKHA6;SNRPE;NSL1;CYB5R1;SYT2;GPR25;NAV1;NENF;RBBP5;TIMM17A;C1orf116;C4BPB;IL24;CAMK1G;RPS6KC1;PPFIA4;SHISA4;DTL;BATF3;KISS1;NFASC;MDM4;SLC45A3;IPO9;HSD11B1;HHAT;SRGAP2;ANGEL2;EIF2D;CHIT1;PIK3C2B;TRAF5;CNTN2;CD46;PTPN7;C1orf74;ASCL5;PFKFB2;LMOD1;ELF3;FLVCR1;NUCKS1;RCOR3;FAM72A;PROX1;CR2;TATDN3;AVPR1B;MYOG;CACNA1S;ZNF281;LPGAT1;PPP1R12B;C4BPA;SYT14;NEK2;SERTAD4;ZBED6;LEMD1;GOLT1A;REN;IRF6;LGR6;KCNH1,"[1, 327, 413, 584, 792, 795, 806, 941, 1087, 1566, 1593, 1863, 2007, 2325, 2362, 2413, 2436, 2446, 2597, 2655, 3121, 3481, 3499, 3628, 3658, 3796, 4037, 4249, 4289, 4342, 4684, 4701, 4969, 4970, 5129, 5176, 5206, 5333, 5345, 5685, 5733, 6065, 6118, 6412, 6456, 6734, 6804, 6958, 7187, 7297, 7327, 7475, 7510, 7886, 7924, 8014, 8256, 8407, 8511, 8665, 8931, 9240, 9391, 9417, 9475, 9480, 9594, 9693, 9722, 9729, 9922, 9984, 10022, 10098, 10173, 10198, 10216, 10357, 10670, 10727, 10803, 10925, 11014, 11125, 11495, 11556, 11573, 11666, 11698, 12196, 12314, 12344, 12424, 12426, 12700, 13198, 13403, 13461, 13474, 13496, 14057, 14162, 14198, 14300, 14362, 14419, 14662, 14718, 15285, 15580, 15787, 15805, 15881, 15903, 16043, 16180, 16240, 16304, 16314, 16361, 16410, 16493, 16512, 16568, 16744, 16963, 17039, 17164, 17365, 17389, 17396]",c1.all__chr1q32
c1.all,chr1q41,prerank,0.3255903310492307,1.0727471222756115,0.34496919917864477,0.5341441375422107,1.0,5_31,5/31,7.51%,TLR5;HLX;FAM177B;TGFB2;CAPN2,TLR5;HLX;FAM177B;TGFB2;CAPN2;DISP1;TP53BP2;SLC30A10;HHIPL2;AIDA;CAPN8;BROX;SUSD4;MIA3;C1orf115;KCNK2;IARS2;MARK1;GPATCH2;ESRRG;RRP15;USH2A;KCTD3;PTPN14;TAF1A;BPNT1;RAB3GAP2;DUSP10;CENPF;LYPLAL1;SPATA17,"[160, 799, 888, 972, 1314, 2339, 2692, 5017, 7862, 8805, 9194, 9252, 9515, 9752, 9862, 10815, 11574, 11632, 11829, 12962, 13058, 13133, 13136, 13382, 13385, 13568, 13805, 14136, 14326, 15419, 15558]",c1.all__chr1q41
c1.all,chr1q42,prerank,-0.26463264362398825,-1.0438358605417015,0.36088709677419356,0.5368601836136206,1.0,34_82,34/82,31.87%,TRIM67;MIXL1;TARBP1;MAP10;SPRTN;TSNAX;GNG4;EXOC8;RHOU;NUP133;TTC13;B3GALNT2;TOMM20;ZNF678;NVL;ARID4B;PYCR2;JMJD4;CCSAP;EDARADD;NTPCR;KCNK1;TMEM78;OBSCN;ACBD3;CDC42BPA;IBA57;URB2;ARV1;LYST;SDE2;C1orf131;TAF5L;TMEM63A,ITPKB;NID1;EPHX1;TRIM11;C1orf35;IRF2BP2;FAM89A;ACTA1;COA6;DISC1;EGLN1;RAB4A;GALNT2;AGT;WNT9A;LEFTY1;RBM34;CNIH4;SLC35F3;GUK1;LIN9;GPR137B;PGBD5;ARF1;LEFTY2;C1orf198;RNF187;TRIM17;SNAP47;LBR;GNPAT;CAPN9;PARP1;GGPS1;TBCE;WDR26;COG2;DNAH14;SRP9;FBXO28;ENAH;CNIH3;ABCB10;PSEN2;SIPA1L2;DEGS1;MRPL55;GJC2;TMEM63A;TAF5L;C1orf131;SDE2;LYST;ARV1;URB2;IBA57;CDC42BPA;ACBD3;OBSCN;TMEM78;KCNK1;NTPCR;EDARADD;CCSAP;JMJD4;PYCR2;ARID4B;NVL;ZNF678;TOMM20;B3GALNT2;TTC13;NUP133;RHOU;EXOC8;GNG4;TSNAX;SPRTN;MAP10;TARBP1;MIXL1;TRIM67,"[423, 637, 942, 1661, 1725, 1836, 1881, 2524, 2712, 3237, 3467, 4285, 4629, 5108, 5109, 5143, 5189, 5277, 5287, 6044, 6214, 6313, 6816, 6886, 7266, 7723, 7989, 8054, 8366, 8661, 8697, 8728, 8903, 9047, 9124, 9138, 9158, 9250, 9394, 9670, 9934, 9962, 10220, 10351, 10975, 11005, 11467, 11575, 11936, 11967, 11993, 12013, 12078, 12123, 12128, 12345, 12814, 12848, 13079, 13300, 13407, 13562, 13593, 13670, 14002, 14024, 14053, 14650, 14668, 14737, 14779, 14847, 15000, 15059, 15235, 15328, 15557, 15851, 16582, 17060, 17136, 17235]",c1.all__chr1q42
c1.all,chr7q34,prerank,-0.2988095497059164,-1.0448866973413855,0.38271604938271603,0.5386475040489705,1.0,15_40,15/40,25.76%,SVOPL;BRAF;PRSS37;TAS2R3;TMEM139;WEE2;TMEM178B;TAS2R5;FAM131B;TRPV6;TAS2R4;SLC37A3;AGK;TRPV5;KEL,TMEM213;MGAM;TBXAS1;CLEC5A;ATP6V0A4;ZC3HAV1;ZYX;LUC7L2;EPHB6;CLCN1;ADCK2;HIPK2;KLRG2;CASP2;KIAA1549;DENND2A;CLEC2L;GSTK1;PARP12;NDUFB2;MKRN1;MRPS33;ZC3HAV1L;UBN2;SSBP1;KEL;TRPV5;AGK;SLC37A3;TAS2R4;TRPV6;FAM131B;TAS2R5;TMEM178B;WEE2;TMEM139;TAS2R3;PRSS37;BRAF;SVOPL,"[195, 683, 1085, 1621, 1955, 2284, 4017, 4090, 4715, 4866, 5297, 5675, 5825, 6168, 6220, 6775, 7264, 7852, 8015, 8682, 8699, 8907, 10609, 10944, 12616, 13006, 13166, 13219, 13608, 14185, 14510, 14528, 14549, 15455, 15662, 16244, 16718, 17023, 17096, 17367]",c1.all__chr7q34
c1.all,chr17p12,prerank,-0.3402768159934725,-1.0462926575850988,0.38767395626242546,0.5394335958084283,1.0,10_23,10/23,21.78%,MYOCD;CDRT4;DNAH9;TEKT3;ZNF18;PMP22;SHISA6;TBC1D26;TVP23C;COX10,HS3ST3B1;TRIM16;CDRT15;ADORA2B;ZSWIM7;HS3ST3A1;TVP23C-CDRT4;PIRT;MAP2K4;ZNF286A;ARHGAP44;ELAC2;TTC19;COX10;TVP23C;TBC1D26;SHISA6;PMP22;ZNF18;TEKT3;DNAH9;CDRT4;MYOCD,"[986, 1182, 1184, 1501, 3582, 5915, 6126, 7568, 8171, 10119, 10712, 11319, 12127, 13703, 13771, 14252, 14319, 14599, 14828, 15493, 15775, 16745, 16784]",c1.all__chr17p12
c1.all,chr14q13,prerank,-0.34546745071958906,-1.0339130881625571,0.4020408163265306,0.5505744538635449,1.0,8_22,8/22,20.38%,NKX2-8;CFL2;FAM177A1;RALGAPA1;SRP54;SFTA3;BRMS1L;NKX2-1,NFKBIA;SLC25A21;BAZ1A;EGLN3;PPP2R3C;SPTSSA;NPAS3;MIPOL1;INSM2;MBIP;EAPP;PSMA6;SNX6;PAX9;NKX2-1;BRMS1L;SFTA3;SRP54;RALGAPA1;FAM177A1;CFL2;NKX2-8,"[438, 2199, 3403, 5505, 6256, 7218, 8243, 8945, 9139, 9437, 9798, 10360, 10586, 10743, 13949, 14047, 14123, 14417, 15001, 15016, 15644, 15800]",c1.all__chr14q13
c1.all,chr17q24,prerank,-0.3123712917721422,-1.0185021082137482,0.4263565891472868,0.5817786152479538,1.0,15_32,15/32,30.69%,CACNG1;CACNG5;ABCA5;PRKAR1A;BPTF;ABCA10;C17orf58;ARSG;RGS9;CACNG4;SLC16A6;ABCA6;ABCA8;ABCA9;KPNA2,FAM20A;SOX9;GNA13;CEP112;AXIN2;PITPNC1;WIPI1;NOL11;MAP2K6;PSMD12;KCNJ2;HELZ;LRRC37A3;SMURF2;AMZ2;PRKCA;KCNJ16;KPNA2;ABCA9;ABCA8;ABCA6;SLC16A6;CACNG4;RGS9;ARSG;C17orf58;ABCA10;BPTF;PRKAR1A;ABCA5;CACNG5;CACNG1,"[287, 1483, 2456, 3019, 4815, 5525, 6760, 7657, 7669, 8088, 8941, 8953, 9040, 10097, 10236, 10548, 11487, 12142, 12270, 12610, 12796, 13658, 13875, 13939, 14490, 14707, 14855, 15170, 15373, 15705, 15780, 16408]",c1.all__chr17q24
c1.all,chr2q12,prerank,-0.3361549555642042,-1.0160469164659884,0.418426103646833,0.5827266616089459,1.0,5_22,5/22,15.45%,SLC5A7;RGPD3;MFSD9;ST6GAL2;GPR45,IL18R1;IL18RAP;NCK2;IL1RL1;SULT1C2;SLC9A2;POU3F3;UXS1;C2orf49;FHL2;SULT1C4;LIMS1;TMEM182;TGFBRAP1;IL1RL2;MRPS9;GCC2;GPR45;ST6GAL2;MFSD9;RGPD3;SLC5A7,"[1289, 1930, 2527, 2840, 2919, 3557, 4503, 7647, 8091, 8700, 8949, 9243, 10032, 10582, 11687, 13021, 13338, 14812, 15126, 16426, 16605, 17484]",c1.all__chr2q12
c1.all,chr9q21,prerank,-0.27147780567328456,-1.0136754996246002,0.4024896265560166,0.5835474241352078,1.0,21_57,21/57,25.41%,TRPM3;ALDH1A1;TMEM252;AGTPBP1;TRPM6;FOXD4L5;PRUNE2;SLC28A3;GDA;NAA35;RORB;GCNT1;IDNK;PIP5K1B;ZNF658;KLF9;FXN;ISCA1;RFK;SMC5;UBQLN1,GAS1;FOXD4L3;FAM27E3;MAMDC2;GKAP1;TLE1;RASEF;PSAT1;C9orf57;PTAR1;DAPK1;GOLM1;C9orf153;GNA14;PCSK5;ANXA1;TJP2;C9orf40;FRMD3;ANKRD20A1;NTRK2;KIF27;TLE4;RMI1;HNRNPK;GNAQ;OSTF1;NMRK1;VPS13A;PGM5;APBA1;ABHD17B;C9orf85;CEP78;ZFAND5;TMC1;UBQLN1;SMC5;RFK;ISCA1;FXN;KLF9;ZNF658;PIP5K1B;IDNK;GCNT1;RORB;NAA35;GDA;SLC28A3;PRUNE2;FOXD4L5;TRPM6;AGTPBP1;TMEM252;ALDH1A1;TRPM3,"[228, 609, 676, 929, 1495, 1726, 1947, 2963, 3368, 3759, 4221, 4375, 4494, 4825, 4912, 5053, 5751, 5976, 6041, 6223, 7118, 7355, 7360, 8820, 9404, 9500, 9890, 9985, 10221, 10761, 11035, 11297, 11813, 12057, 12247, 12249, 13067, 13143, 13236, 13414, 13505, 13542, 13648, 13751, 14168, 14396, 14440, 14791, 15536, 15711, 16476, 16485, 16589, 16821, 16982, 17233, 17306]",c1.all__chr9q21
c1.all,chr12q23,prerank,-0.2611064512557746,-1.0069026632911589,0.4323770491803279,0.5864888059139705,1.0,20_64,20/64,24.14%,AMDHD1;NR1H4;PARPBP;SLC17A8;IGF1;DEPDC4;WSCD2;ANKS1B;POLR3B;HCFC2;PWP1;UTP20;CDK17;ARL1;TDG;ANO4;ASCL4;NUAK1;TCP11L2;ALDH1L2,GAS2L3;TMEM119;RFX4;MYBPC1;CHST11;CHPT1;ASCL1;DRAM1;CCDC38;IKBIP;HAL;STAB2;CRY1;CMKLR1;HSP90B1;APPL2;SYCP3;TXNRD1;CKAP4;ELK3;RIC8B;NT5DC3;LTA4H;TMPO;SART3;SLC41A2;SCYL2;GLT8D2;ISCU;SLC5A8;FICD;C12orf42;GNPTAB;PRDM4;NFYB;C12orf75;SNRPF;APAF1;SLC25A3;EID3;PAH;NEDD1;ACTR6;NUP37;ALDH1L2;TCP11L2;NUAK1;ASCL4;ANO4;TDG;ARL1;CDK17;UTP20;PWP1;HCFC2;POLR3B;ANKS1B;WSCD2;DEPDC4;IGF1;SLC17A8;PARPBP;NR1H4;AMDHD1,"[305, 994, 1386, 1479, 1587, 1662, 2072, 2111, 2301, 2426, 2486, 3791, 4903, 5370, 5669, 5871, 7301, 7394, 7516, 7544, 7758, 7957, 8011, 8059, 8206, 9077, 9204, 9223, 9542, 9726, 10364, 10884, 10922, 10926, 11242, 11325, 11355, 11485, 11630, 11665, 11821, 11896, 12221, 12436, 13290, 13533, 13759, 13975, 14207, 14247, 14295, 14385, 14445, 14649, 14815, 14902, 14969, 15578, 16320, 16385, 16859, 16983, 17071, 17293]",c1.all__chr12q23
c1.all,chr11p13,prerank,-0.2982446967544146,-1.0104908612803485,0.426,0.5870964769456878,1.0,9_36,9/36,18.70%,TRIM44;TCP11L1;DCDC1;DEPDC7;PRR5L;EHF;PAMR1;DNAJC24;KIAA1549L,PRRG4;CD59;ELF5;ABTB2;ELP4;PAX6;LDLRAD3;CD44;CCDC73;RCN1;HIPK3;C11orf91;CSTF3;FJX1;QSER1;APIP;FBXO3;COMMD9;CAT;EIF3M;LMO2;WT1;IMMP1L;CAPRIN1;PDHX;NAT10;SLC1A2;KIAA1549L;DNAJC24;PAMR1;EHF;PRR5L;DEPDC7;DCDC1;TCP11L1;TRIM44,"[513, 2017, 2476, 3261, 3750, 3830, 3899, 4043, 4314, 6329, 6387, 6595, 7219, 8453, 8513, 8799, 8925, 9388, 9738, 9809, 10397, 10831, 11258, 11425, 11510, 12641, 13011, 14244, 14291, 14430, 15681, 15878, 16257, 16662, 16856, 16889]",c1.all__chr11p13
c1.all,chr4q21,prerank,-0.2667850730266093,-1.008062741408063,0.43052837573385516,0.588388100599698,1.0,22_57,22/57,24.79%,FGF5;BMP2K;CDKL2;FAM47E;SOWAHB;LIN54;SCARB2;PRKG2;CCDC158;ENOPH1;NUP54;USO1;G3BP2;C4orf36;SDAD1;THAP6;HPSE;FRAS1;PAQR3;SCD5;WDFY3;CDS1,CXCL11;ART3;CXCL9;PLAC8;ANXA3;NKX6-1;PPEF2;CXCL10;ANTXR2;AFF1;CXCL13;NAA11;SLC10A6;ARHGAP24;CNOT6L;PRDM8;FAM47E-STBD1;RCHY1;MRPL1;NAAA;THAP9;RASGEF1B;MAPK10;PTPN13;COPS4;BMP3;HNRNPD;CCNG2;MRPS18C;SEC31A;SHROOM3;TMEM150C;COQ2;HELQ;CCNI;CDS1;WDFY3;SCD5;PAQR3;FRAS1;HPSE;THAP6;SDAD1;C4orf36;G3BP2;USO1;NUP54;ENOPH1;CCDC158;PRKG2;SCARB2;LIN54;SOWAHB;FAM47E;CDKL2;BMP2K;FGF5,"[511, 570, 692, 834, 1349, 1440, 1624, 1647, 2764, 3127, 3388, 3732, 4388, 5928, 5931, 6403, 8173, 8275, 8379, 8462, 10036, 10164, 10274, 10692, 10770, 10771, 10784, 11389, 11433, 11534, 11793, 12027, 12230, 12420, 12469, 13177, 13330, 13452, 13644, 13707, 14138, 14180, 14231, 14429, 14672, 14761, 14876, 15044, 15207, 15768, 15918, 16169, 16517, 16591, 16666, 16739, 17354]",c1.all__chr4q21
c1.all,chr10p13,prerank,0.32643799046302785,1.0400279989465806,0.40373831775700936,0.6031125798823121,1.0,5_28,5/28,9.66%,MCM10;UCMA;OLAH;VIM;MEIG1,MCM10;UCMA;OLAH;VIM;MEIG1;CCDC3;BEND7;FAM171A1;RPP38;NMT2;SEPHS1;DCLRE1C;OPTN;PRPF18;PTER;CUBN;PHYH;FRMD4A;CAMK1D;RSU1;SUV39H2;FAM107B;ITGA8;ACBD7;HSPA14;TRDMT1;C1QL3;CDNF,"[259, 290, 575, 1399, 1692, 3073, 3381, 4299, 5232, 6817, 6954, 7117, 7154, 7991, 8333, 8916, 9342, 9474, 11313, 11937, 12189, 13132, 13324, 13692, 14809, 16651, 16746, 17191]",c1.all__chr10p13
c1.all,chrXq26,prerank,-0.2858097964549447,-0.9954299343761829,0.45229007633587787,0.6089283452732785,1.0,10_40,10/40,15.01%,BRS3;ZNF449;HS6ST2;CT45A5;XPNPEP2;ZDHHC9;ARHGAP36;RBMX;MBNL3;IGSF1,SASH3;ELF4;CCDC160;APLN;GPC4;ARHGEF6;GPC3;BCORL1;SMARCA1;RBMX2;SMIM10;MOSPD1;PHF6;OCRL;SAGE1;HTATSF1;SLC9A6;ENOX2;MAP7D3;AIFM1;RAP2C;UTP14A;SLC25A14;HPRT1;FHL1;ZIC3;ZNF280C;ZNF75D;MMGT1;RAB33A;IGSF1;MBNL3;RBMX;ARHGAP36;ZDHHC9;XPNPEP2;CT45A5;HS6ST2;ZNF449;BRS3,"[758, 803, 944, 1811, 1903, 2278, 2526, 2802, 4231, 6123, 7168, 7224, 7716, 7750, 8838, 9957, 10007, 10071, 10081, 10367, 11419, 11462, 11482, 11740, 11954, 12281, 12615, 13142, 13190, 13565, 14889, 15026, 15468, 16001, 16309, 16345, 16388, 16448, 16798, 16838]",c1.all__chrXq26
c1.all,chr3p14,prerank,-0.27719965044783224,-0.9868233702264535,0.49796747967479676,0.6253630045839271,1.0,29_47,29/47,37.40%,SNTN;DNAH12;HESX1;PXK;MAGI1;RPP14;LMOD3;C3orf49;FRMD4B;PDHB;CCDC66;ASB14;KBTBD8;ERC2;SLMAP;APPL1;CADPS;FLNB;TMF1;THOC7;SYNPR;EOGT;SLC25A26;PDE12;ARF4;DENND6A;ATXN7;ARHGEF3;UBA3,DNASE1L3;ADAMTS9;FAM107A;ACOX2;KCTD6;FEZF2;LRTM1;LRIG1;PRICKLE2;FAM3D;SUCLG2;PSMD6;IL17RD;WNT5A;ABHD6;PTPRG;ARL6IP5;FHIT;UBA3;ARHGEF3;ATXN7;DENND6A;ARF4;PDE12;SLC25A26;EOGT;SYNPR;THOC7;TMF1;FLNB;CADPS;APPL1;SLMAP;ERC2;KBTBD8;ASB14;CCDC66;PDHB;FRMD4B;C3orf49;LMOD3;RPP14;MAGI1;PXK;HESX1;DNAH12;SNTN,"[74, 386, 1332, 1443, 2987, 3514, 4294, 4672, 4874, 5359, 5983, 6097, 7419, 8926, 9211, 10354, 10639, 10753, 10968, 11046, 11270, 11273, 11346, 11517, 12010, 12285, 12291, 12304, 12328, 12351, 12804, 12885, 13194, 13317, 13589, 13861, 13912, 13916, 14567, 14972, 15096, 15182, 15371, 16413, 16864, 17187, 17453]",c1.all__chr3p14
c1.all,chr17q12,prerank,-0.24936013626453946,-0.9842290685980548,0.4778225806451613,0.6271745185538187,1.0,12_78,12/78,12.43%,LHX1;SLFN5;CCT6B;SOCS7;GPR179;TBC1D3C;C17orf78;HNF1B;SLFN12L;TBC1D3;SLFN13;CCL1,TCAP;CCL2;RDM1;SLFN11;GAS2L2;STARD3;ERBB2;PCGF2;RASL10B;MIEN1;TBC1D3G;NEUROD2;PLXDC1;AATF;LASP1;CWC25;MLLT6;RPL19;DUSP14;SLFN12;PEX12;RPL23;PNMT;CCL5;CISD3;PPP1R1B;C17orf50;PGAP3;PIP4K2B;DDX52;PSMB3;TMEM132E;MRM1;CCL3;STAC2;CCL4L2;ZNF830;MMP28;FNDC8;TBC1D3F;TAF15;RAD51D;ASIC2;MRPL45;ARHGAP23;CACNB1;GGNBP2;ZNHIT3;ACACA;CCL4;ARL5C;LIG3;AP2B1;CDK12;FBXL20;MYO19;NLE1;GRB7;MED1;SYNRG;TADA2A;CCL8;SRCIN1;DHRS11;RFFL;PIGW;CCL1;SLFN13;TBC1D3;SLFN12L;HNF1B;C17orf78;TBC1D3C;GPR179;SOCS7;CCT6B;SLFN5;LHX1,"[40, 636, 1188, 1584, 1751, 1913, 1996, 2160, 2746, 3395, 3663, 3692, 3742, 4052, 4676, 4752, 4764, 4864, 4953, 5131, 5256, 5443, 5502, 5546, 5671, 5719, 5757, 6054, 6576, 6870, 6871, 6937, 7020, 7409, 7476, 7512, 7644, 7726, 7916, 7942, 8122, 8426, 9046, 9496, 9953, 10145, 10638, 10729, 10775, 10797, 11527, 11528, 11810, 12313, 12318, 12449, 12891, 12969, 12998, 13025, 13229, 13457, 14032, 14460, 14651, 14833, 15342, 15593, 15605, 15643, 15652, 15679, 16260, 16577, 16818, 17188, 17213, 17513]",c1.all__chr17q12
c1.all,chr11q23,prerank,-0.23827530046140433,-0.9806869955054387,0.48185483870967744,0.6314263243344709,1.0,18_93,18/93,11.84%,MCAM;DRD2;TTC12;TAGLN;BTG4;HTR3B;TMPRSS4;TECTA;SC5D;UPK2;ARHGAP20;BACE1;POU2AF1;UBE4A;DDX6;TBCEL;SDHD;SCN2B,FXYD2;MPZL2;IL18;APOA1;HSPB2;CRYAB;C11orf52;CD3E;PPP2R1B;NXPE4;IL10RA;HTR3A;DPAGT1;TRIM29;OAF;BCL9L;TMPRSS5;HINFP;RPS25;CBL;BCO2;TMEM25;RBM7;USP2;POU2F3;TMPRSS13;NNMT;THY1;FXYD6;C2CD2L;ZBTB16;IFT46;SIK2;USP28;RNF26;REXO2;GRIK4;HMBS;NXPE2;HYOU1;CEP164;FOXR1;NCAM1;CD3G;NXPE1;TRAPPC4;MPZL3;CADM1;ABCG4;ALG9;ARHGEF12;NLRX1;SIDT2;LAYN;SCN4B;RNF214;DSCAML1;PIH1D2;PAFAH1B2;TIMM8B;PCSK7;PTS;ARCN1;ZW10;FDXACB1;ANKK1;BUD13;PHLDB1;C11orf71;TEX12;TTC36;DLAT;TREH;DIXDC1;SIK3;SCN2B;SDHD;TBCEL;DDX6;UBE4A;POU2AF1;BACE1;ARHGAP20;UPK2;SC5D;TECTA;TMPRSS4;HTR3B;BTG4;TAGLN;TTC12;DRD2;MCAM,"[20, 275, 366, 457, 704, 969, 1117, 1555, 1640, 1643, 1728, 1785, 2260, 2338, 3026, 3380, 3845, 4028, 4542, 4760, 4948, 5068, 5521, 5543, 6249, 6399, 6420, 6446, 6644, 6761, 6815, 7353, 7638, 7821, 8677, 8707, 8745, 8827, 8975, 8989, 9053, 9075, 9462, 9585, 9813, 9842, 9896, 9989, 10288, 10332, 10337, 10374, 10446, 10506, 10630, 10686, 10941, 10945, 11249, 11289, 11764, 12025, 12088, 12126, 12455, 12944, 13044, 13302, 13340, 14036, 14086, 14214, 14219, 14590, 14868, 15445, 15525, 15567, 15742, 15931, 16081, 16233, 16275, 16333, 16370, 16379, 16447, 16555, 16639, 16652, 16676, 16750, 16855]",c1.all__chr11q23
c1.all,chr20p11,prerank,-0.2816000368901743,-0.9737310126098125,0.5019685039370079,0.6390762960995845,1.0,10_38,10/38,20.00%,SSTR4;ZNF337;RBBP9;VSX1;INSM1;NKX2-4;DZANK1;POLR3F;SEC23B;NAPB,CST7;CD93;NXT1;THBD;RIN2;ACSS1;ENTPD6;NKX2-2;OVOL2;CST3;NINL;PYGB;MGME1;APMAP;ZNF133;XRN2;NANP;GINS1;ABHD12;FAM182B;GZF1;RALGAPA2;SNX5;NAA20;SLC24A3;CRNKL1;SYNDIG1;DTD1;NAPB;SEC23B;POLR3F;DZANK1;NKX2-4;INSM1;VSX1;RBBP9;ZNF337;SSTR4,"[291, 1292, 2095, 2546, 3113, 3727, 5623, 5923, 6116, 6273, 6279, 6725, 8812, 8919, 8937, 9427, 9623, 9654, 9728, 10068, 10151, 10188, 10278, 10343, 10418, 11760, 11945, 12934, 14015, 14487, 14993, 15208, 15459, 15817, 15897, 16324, 16565, 16740]",c1.all__chr20p11
c1.all,chr4p13,prerank,0.41373121193937934,1.0206305761769625,0.43775933609958506,0.6391784141357749,1.0,2_10,2/10,3.82%,SHISA3;DCAF4L1,SHISA3;DCAF4L1;UCHL1;BEND4;LIMCH1;TMEM33;KCTD8;APBB2;ATP8A1;SLC30A9,"[146, 668, 5596, 6714, 12685, 13914, 13969, 14210, 15757, 16206]",c1.all__chr4p13
c1.all,chr6q13,prerank,-0.3384724172049567,-0.9747749380171401,0.4830188679245283,0.6412504597436619,1.0,2_18,2/18,4.30%,COL19A1;RIMS1,OOEP;KHDC1L;B3GAT2;KHDC1;MTO1;SMAP1;CD109;SLC17A5;OGFRL1;EEF1A1;DDX43;COL9A1;LMBRD1;KHDC3L;FAM135A;KCNQ5;RIMS1;COL19A1,"[1508, 2374, 3275, 4665, 5424, 6384, 6920, 7161, 7450, 7718, 7940, 10927, 11836, 12320, 13559, 14983, 16766, 17357]",c1.all__chr6q13
c1.all,chr13q21,prerank,-0.3884736457389099,-0.9652735149819068,0.501010101010101,0.6502078297799402,1.0,8_11,8/11,30.41%,DIS3;PCDH9;TDRD3;MZT1;PIBF1;DACH1;PCDH20;BORA,DIAPH3;KLHL1;PCDH17;BORA;PCDH20;DACH1;PIBF1;MZT1;TDRD3;PCDH9;DIS3,"[1230, 3000, 9397, 12191, 12896, 13046, 13060, 13087, 13552, 13799, 14727]",c1.all__chr13q21
c1.all,chr9p13,prerank,-0.24772478321025918,-0.9665113042347653,0.5163265306122449,0.6517331605223264,1.0,12_72,12/72,17.48%,FAM221B;IGFBPL1;CCL19;AQP7;GLIPR2;KIF24;ALDH1B1;SPAG8;DNAJB5;RECK;NOL6;PIGO,OR13J1;AQP3;CNTFR;MELK;CCDC107;TLN1;SHB;PRSS3;UBAP1;FBXO10;ANKRD18B;TESK1;DCAF12;IL11RA;NPR2;ENHO;FANCG;FRMPD1;ANKRD18A;CREB3;GBA2;STOML2;ZBTB5;HRCT1;RPP25L;UBE2R2;CLTA;DCTN3;TPM2;UNC13B;BAG1;FAM219A;VCP;PAX5;ZCCHC7;DCAF10;GRHPR;RUSC2;TRMT10B;CCIN;GNE;GALT;CA9;SLC25A51;TOMM5;ARHGEF39;UBAP2;CD72;NUDT2;POLR1E;DNAI1;SIGMAR1;EXOSC3;HINT2;NFX1;RNF38;RGP1;ARID3C;TMEM8B;CHMP5;PIGO;NOL6;RECK;DNAJB5;SPAG8;ALDH1B1;KIF24;GLIPR2;AQP7;CCL19;IGFBPL1;FAM221B,"[863, 1057, 1224, 1934, 2825, 3068, 3211, 3321, 3627, 3708, 3925, 3962, 4083, 4359, 4454, 4478, 4801, 4824, 4839, 5269, 5441, 5454, 5567, 5718, 5754, 6018, 6049, 6496, 6931, 7040, 7383, 7470, 7515, 7588, 7725, 7980, 8142, 8281, 8965, 9133, 9237, 9438, 9512, 9567, 9647, 9743, 10629, 10987, 11094, 11286, 11414, 11918, 12179, 12213, 12227, 12539, 12630, 13123, 13203, 13832, 14457, 14725, 14884, 15377, 15481, 15921, 16343, 16626, 16743, 17102, 17386, 17442]",c1.all__chr9p13
c1.all,chr2p25,prerank,-0.27555736180471335,-0.9580500840665939,0.5219123505976095,0.6627809813456993,1.0,16_43,16/43,25.66%,SOX11;RSAD2;KIDINS220;TMEM18;RNASEH1;YWHAQ;CMPK2;MYT1L;ADAM17;ACP1;TAF1B;MBOAT2;CPSF3;ASAP2;KCNF1;KLF11,SNTG2;TPO;RRM2;LPIN1;ATP6V1C2;GREB1;ADI1;ALLC;NTSR2;ID2;RPS7;COLEC11;PDIA6;HPCAL1;ODC1;PXDN;RNF144A;NOL10;CYS1;GRHL1;TRAPPC12;E2F6;ITGB1BP1;IAH1;SH3YL1;FAM110C;ROCK2;KLF11;KCNF1;ASAP2;CPSF3;MBOAT2;TAF1B;ACP1;ADAM17;MYT1L;CMPK2;YWHAQ;RNASEH1;TMEM18;KIDINS220;RSAD2;SOX11,"[652, 1080, 2378, 2639, 2912, 3125, 3300, 3406, 3932, 4384, 4486, 5631, 5789, 6972, 8236, 8273, 8720, 8996, 9380, 9573, 9581, 10018, 10194, 10536, 10592, 10863, 11451, 13024, 13200, 13270, 13567, 13649, 14075, 14239, 14545, 14736, 14841, 15258, 15608, 15747, 15766, 15853, 16392]",c1.all__chr2p25
c1.all,chr2p22,prerank,-0.280468617387323,-0.9561613913634743,0.5590551181102362,0.6630040946945488,1.0,15_38,15/38,32.40%,STRN;BIRC6;SLC8A1;DHX57;RASGRP3;HEATR5B;ARHGEF33;CDKL4;MEMO1;RMDN2;SPAST;FAM98A;SLC30A6;LTBP1;TTC27,GALM;CYP1B1;PRKD3;QPCT;DPY30;SRSF7;NLRC4;SOS1;TMEM178A;THUMPD2;YIPF4;CEBPZ;ATL2;NDUFAF7;VIT;EIF2AK2;CDC42EP3;CRIM1;MORN2;GEMIN6;FEZ2;MAP4K3;GPATCH11;TTC27;LTBP1;SLC30A6;FAM98A;SPAST;RMDN2;MEMO1;CDKL4;ARHGEF33;HEATR5B;RASGRP3;DHX57;SLC8A1;BIRC6;STRN,"[674, 993, 4123, 4609, 4846, 6320, 6386, 6414, 7362, 7629, 7739, 8306, 9305, 9393, 9424, 9688, 10042, 10169, 10290, 10513, 10722, 10769, 11141, 11844, 12051, 12193, 12422, 12633, 12940, 14299, 14405, 14639, 15037, 15119, 15222, 15392, 15804, 16994]",c1.all__chr2p22
c1.all,chr18q11,prerank,-0.30890185535827397,-0.9514008111854034,0.532803180914513,0.6693867718574504,1.0,4_25,4/25,9.70%,GREB1L;GATA6;ZNF521;IMPACT,HRH4;ABHD3;AQP4;CABLES1;LAMA3;ROCK1;TTC39C;CABYR;KCTD1;NPC1;MIB1;SS18;ANKRD29;SNRPD1;RIOK3;ESCO1;RBBP8;OSBPL1A;TMEM241;CHST9;TAF4B;IMPACT;ZNF521;GATA6;GREB1L,"[130, 1707, 2465, 2810, 3503, 6690, 7151, 7221, 8828, 9677, 9964, 10993, 11010, 11069, 11232, 11680, 12347, 12378, 12972, 13947, 14236, 15820, 16625, 17150, 17496]",c1.all__chr18q11
c1.all,chr1p32,prerank,-0.25076840537901135,-0.938245099713496,0.5695488721804511,0.6859563816491017,1.0,14_56,14/56,19.80%,RAB3B;TACSTD2;TMEM61;PCSK9;MYSM1;OSBPL9;TCEANC2;EPS15;CPT2;DMRTA2;ZYG11A;GPX7;FGGY;BTF3L4,SLC1A7;PODN;GLIS1;FAM151A;CDKN2C;ORC1;JUN;ECHDC2;DIO1;LRRC42;CDCP2;SSBP3;YIPF1;PARS2;TTC4;CYP2J2;MAGOH;CC2D1B;TTC39A;LRP8;C1orf87;ACOT11;TXNDC12;KTI12;BSND;MRPL37;OMA1;PRPF38A;MROH7;SCP2;DHCR24;ZFYVE9;DAB1;USP24;HOOK1;TMEM59;CYB5RL;TTC22;PRKAA2;RNF11;FAF1;ZYG11B;BTF3L4;FGGY;GPX7;ZYG11A;DMRTA2;CPT2;EPS15;TCEANC2;OSBPL9;MYSM1;PCSK9;TMEM61;TACSTD2;RAB3B,"[22, 738, 939, 952, 1222, 1844, 2405, 3491, 4209, 4445, 4594, 4978, 5398, 5902, 5943, 6103, 6174, 6654, 6947, 7878, 7953, 7958, 8330, 8357, 8386, 9172, 9402, 9621, 9860, 10403, 10613, 10726, 10779, 11166, 11279, 11460, 11593, 11602, 12047, 12073, 12546, 12778, 14051, 14078, 14364, 14392, 14484, 14608, 15283, 16150, 16378, 16519, 16929, 17139, 17189, 17218]",c1.all__chr1p32
c1.all,chr14q22,prerank,-0.27074978175385744,-0.939713897449952,0.5344129554655871,0.6871212364745842,1.0,14_39,14/39,23.20%,GPR137C;ATG14;WDHD1;NID2;DDHD1;TMEM260;TRIM9;ATL1;MAP4K5;TXNDC16;CDKN3;AP5M1;CDKL1;EXOC5,BMP4;PTGER2;PTGDR;SAMD4A;PYGL;SOCS4;TMX1;GCH1;LGALS3;FERMT2;KTN1;PELI2;NAA30;CGRRF1;GNPNAT1;ABHD12B;NIN;SAV1;PSMC6;FRMD6;FBXO34;MAPK1IP1L;GNG2;GMFB;STYX;EXOC5;CDKL1;AP5M1;CDKN3;TXNDC16;MAP4K5;ATL1;TRIM9;TMEM260;DDHD1;NID2;WDHD1;ATG14;GPR137C,"[483, 510, 740, 1352, 2745, 3212, 3568, 3660, 5562, 6060, 6556, 7414, 7508, 8004, 8729, 9218, 10127, 10523, 10572, 10577, 11130, 11516, 11817, 11994, 12116, 13454, 13564, 13881, 14524, 14627, 14771, 15241, 15417, 15577, 15816, 15922, 15961, 16274, 16787]",c1.all__chr14q22
c1.all,chr9q22,prerank,-0.24373933177619136,-0.9398683204583019,0.5873983739837398,0.6915743005674243,1.0,27_64,27/64,28.96%,SHC3;ZNF782;PTPDC1;ASPN;GALNT12;ZNF484;TSTD2;ERCC6L2;ZNF367;DIRAS2;SLC35D2;FAM120AOS;TBC1D2;ZNF510;HSD17B3;ZNF169;XPA;CCDC180;ECM2;SPTLC1;CDC14B;AUH;SEMA4D;GABBR2;HEMGN;SPIN1;SECISBP2,OGN;CKS2;NFIL3;SYK;S1PR3;GADD45G;FGD3;FANCC;NINJ1;OMD;ALG2;ANP32B;NANS;SUSD3;NXNL2;TGFBR1;PHF2;SEC61B;FBP1;WNK2;TMOD1;COL15A1;NOL8;BARX1;ROR2;TDRD7;ANKS6;BICD2;TRIM14;CENPP;PTCH1;NCBP1;CORO2A;FAM120A;IPPK;CDK20;HABP4;SECISBP2;SPIN1;HEMGN;GABBR2;SEMA4D;AUH;CDC14B;SPTLC1;ECM2;CCDC180;XPA;ZNF169;HSD17B3;ZNF510;TBC1D2;FAM120AOS;SLC35D2;DIRAS2;ZNF367;ERCC6L2;TSTD2;ZNF484;GALNT12;ASPN;PTPDC1;ZNF782;SHC3,"[184, 262, 310, 810, 960, 1011, 1039, 1163, 2130, 2151, 3396, 4144, 4505, 4797, 5293, 5314, 5852, 6228, 7002, 7018, 7144, 7145, 7501, 7524, 7717, 7927, 8028, 8189, 9338, 9353, 9434, 9972, 10788, 10974, 11706, 12014, 12188, 12446, 12502, 12511, 12547, 12957, 13071, 13320, 13396, 13584, 13839, 13874, 14141, 14305, 14332, 14507, 14552, 15113, 15447, 15607, 15750, 16050, 16100, 16436, 16487, 16792, 17151, 17412]",c1.all__chr9q22
c1.all,chr8p23,prerank,0.28837208452437085,0.9919823778532623,0.4774590163934426,0.7014799739066422,1.0,7_36,7/36,9.88%,ANGPT2;CLDN23;SLC35G5;PPP1R3B;DEFB1;MYOM2;SOX7,ANGPT2;CLDN23;SLC35G5;PPP1R3B;DEFB1;MYOM2;SOX7;ARHGEF10;DEFA5;MFHAS1;PINX1;CTSB;NEIL2;FDFT1;MSRA;XKR6;PRSS55;FAM167A;CLN8;MCPH1;ERICH1;KBTBD11;LONRF1;FBXO25;ERI1;TNKS;RP1L1;DLGAP2;CSMD1;AGPAT5;DEFB134;MTMR9;BLK;FAM86B1;FAM86B2;ZNF596,"[102, 748, 981, 1381, 1486, 1680, 1730, 2724, 3048, 4064, 5471, 5660, 5876, 6431, 7458, 7590, 8216, 8554, 9132, 9431, 9928, 10478, 11380, 11415, 12298, 12561, 12764, 12809, 14109, 14857, 15045, 15421, 16162, 16695, 16843, 17273]",c1.all__chr8p23
c1.all,chrXq13,prerank,0.2773388318920119,0.9839048269078883,0.4592445328031809,0.7107936373793536,1.0,8_45,8/45,10.14%,DMRTC1B;IL2RG;STARD8;FOXO4;RAB41;EFNB1;EDA;GDPD2,DMRTC1B;IL2RG;STARD8;FOXO4;RAB41;EFNB1;EDA;GDPD2;DMRTC1;MED12;SLC7A3;HDAC8;IGBP1;MAGEE2;ZMYM3;RPS4X;PHKA1;NONO;PABPC1L2B;PABPC1L2A;PIN4;OGT;PJA1;ABCB7;SLC16A2;SNX12;DLG3;RLIM;CITED1;MAGEE1;UPRT;PBDC1;NLGN3;PDZD11;NAP1L2;ITGB1BP2;TEX11;KIF4A;ZDHHC15;CHIC1;TAF1;GJB1;ERCC6L;ARR3;NHSL2,"[224, 264, 649, 1086, 1385, 1531, 1697, 1775, 2410, 3942, 4771, 4834, 5136, 5162, 5241, 5294, 6666, 6855, 6923, 6991, 7677, 8676, 8974, 9100, 10120, 10211, 10435, 10541, 10702, 11115, 11284, 12021, 12177, 12445, 12741, 12833, 13946, 14052, 14416, 14436, 14800, 16872, 16987, 17265, 17328]",c1.all__chrXq13
c1.all,chr8q24,prerank,0.2277194796038333,0.9723900932911117,0.5207547169811321,0.716726609651951,1.0,36_137,36/137,20.70%,TNFRSF11B;MROH6;TMEM71;TG;GSDMD;FER1L6;SLA;FAM83A;MYC;MAFA;PLEC;SCRIB;RHPN1;HSF1;LY6H;EEF1D;PPP1R16A;GPT;KLHL38;MAF1;EPPK1;DGAT1;TMEM249;ADCK5;PARP10;TONSL;GLI4;C8orf82;FOXH1;C8orf76;ST3GAL1;VPS28;ARHGAP39;RPL8;DENND3;FBXL6,TNFRSF11B;MROH6;TMEM71;TG;GSDMD;FER1L6;SLA;FAM83A;MYC;MAFA;PLEC;SCRIB;RHPN1;HSF1;LY6H;EEF1D;PPP1R16A;GPT;KLHL38;MAF1;EPPK1;DGAT1;TMEM249;ADCK5;PARP10;TONSL;GLI4;C8orf82;FOXH1;C8orf76;ST3GAL1;VPS28;ARHGAP39;RPL8;DENND3;FBXL6;ZHX2;ZC3H3;KHDRBS3;PTP4A3;LY6E;TOP1MT;GPIHBP1;MFSD3;SHARPIN;BOP1;CPSF1;ZNF16;FBXO32;SLC52A2;LRRC14;ADCY8;NDRG1;SLC45A4;GRINA;NSMCE2;ZHX1;TIGD5;KIFC2;EXOSC4;CYC1;NDUFB9;ZNF34;CHRAC1;GPAA1;RAD21;COMMD5;ZNF250;MED30;TSNARE1;DERL1;FAM91A1;ZNF707;KCNK9;ATAD2;MAPK15;CCDC166;SNTB1;PUF60;ZNF7;POU5F1B;ZFAT;ZNF696;ANXA13;RNF139;ZNF517;EIF3H;MROH1;LYNX1;LY6K;ZNF623;SPATC1;ASAP1;TRMT12;HHLA1;EXT1;TRIB1;FAM135B;C8orf33;THEM6;MRPL13;EFR3A;GPR20;SLC39A4;ZNF251;COL22A1;TRAPPC9;SAMD12;SQLE;LY6D;MTSS1;TATDN1;TAF2;NRBP2;DEPTOR;PSCA;KCNQ3;SCRT1;AGO2;PHF20L1;FAM83H;PTK2;AARD;TMEM65;LRRC24;ZFP41;UTP23;HAS2;ENPP2;COLEC10;DSCC1;ZNF572;SLC30A8;MTBP;ARC;COL14A1;GSDMC,"[216, 269, 467, 489, 617, 731, 734, 837, 1027, 1061, 1115, 1529, 1557, 1655, 1663, 1776, 1943, 2026, 2432, 2552, 2626, 2659, 2661, 2670, 2673, 2822, 2831, 2969, 3028, 3105, 3177, 3410, 3502, 3549, 3616, 3626, 3774, 4022, 4054, 4233, 4330, 4363, 4383, 4463, 4517, 4813, 5060, 5077, 5092, 5199, 5211, 5331, 5400, 5508, 5917, 5945, 6177, 6195, 6258, 6278, 6317, 6466, 6941, 6952, 7017, 7067, 7094, 7213, 7230, 7436, 7456, 7709, 7826, 7832, 8009, 8101, 8277, 8297, 8435, 8596, 8845, 8947, 8962, 9256, 9408, 9455, 9511, 9525, 9556, 9579, 9674, 9836, 9940, 10070, 10260, 10491, 10636, 10932, 11061, 11106, 11367, 11410, 11722, 12103, 12565, 12632, 12656, 13509, 13634, 13807, 13911, 13960, 14154, 14159, 14184, 14694, 14758, 14830, 14974, 15209, 15268, 15420, 15463, 15543, 15569, 16051, 16061, 16101, 16259, 16521, 16812, 16882, 17047, 17134, 17202, 17317, 17372]",c1.all__chr8q24
c1.all,chr13q33,prerank,-0.3423532324420336,-0.9221325339005287,0.5538160469667319,0.7190171487074482,1.0,9_15,9/15,40.22%,NALCN;LIG4;TPP2;FGF14;METTL21C;ITGBL1;BIVM;ABHD13;MYO16,TNFSF13B;ERCC5;EFNB2;CCDC168;TEX30;ARGLU1;MYO16;ABHD13;BIVM;ITGBL1;METTL21C;FGF14;TPP2;LIG4;NALCN,"[3052, 4630, 5372, 5971, 6648, 8574, 10474, 10874, 10885, 12154, 12229, 13745, 14287, 14953, 15840]",c1.all__chr13q33
c1.all,chr15q26,prerank,0.2566008252340054,0.9742799518040125,0.4819532908704883,0.7243001096878734,1.0,12_65,12/65,15.37%,ANPEP;FES;KIF7;RHCG;SEMA4B;FURIN;AEN;CHSY1;MESP1;IGF1R;RGMA;ISG20,ANPEP;FES;KIF7;RHCG;SEMA4B;FURIN;AEN;CHSY1;MESP1;IGF1R;RGMA;ISG20;PLIN1;POLG;RCCD1;UNC45A;HAPLN3;GABARAPL3;TICRR;CIB1;PEX11A;RLBP1;NR2F2;TTC23;ACAN;BLM;MFGE8;LRRK1;CRTC3;ADAMTS17;SYNM;FANCI;SLCO3A1;AP3S2;CERS3;TTLL13;IQGAP1;FAM174B;ASB7;MCTP2;VPS33B;NGRN;ABHD2;HDDC3;MESP2;CHD2;LRRC28;DET1;ST8SIA2;GDPGP1;PGPEP1L;IDH2;TM2D3;ZNF710;LYSMD4;PRC1;ARRDC4;MEF2A;WDR93;SNRPA1;SV2B;MAN2A2;PCSK6;ALDH1A3;ZNF774,"[112, 696, 1180, 1626, 1716, 1952, 2066, 2093, 2193, 2274, 2653, 2691, 3895, 4164, 4180, 4412, 4585, 4793, 4997, 5459, 5539, 5823, 6366, 6600, 6830, 6934, 7133, 7177, 7226, 7387, 7882, 8247, 8343, 8364, 8495, 8502, 8601, 8933, 9156, 9481, 9522, 9833, 9866, 9875, 10096, 10186, 11165, 11220, 11755, 12061, 12316, 12981, 13124, 13252, 13295, 13325, 13884, 14792, 14899, 14904, 14922, 15449, 15480, 15501, 16733]",c1.all__chr15q26
c1.all,chr17p11,prerank,-0.24296564636736595,-0.9169094357950194,0.6232464929859719,0.7266302259915454,1.0,12_59,12/59,16.89%,CCDC144A;ALDH3A1;SLC47A2;SMCR8;ZNF287;FBXW10;FAM106A;ULK2;MFAP4;B9D1;ZNF624;TBC1D28,SLC47A1;SLC5A10;MAP2K3;RASD1;FLCN;FAM83G;GRAP;SHMT1;FLII;CCDC144NL;LGALS9B;MED9;ALKBH5;TMEM11;DRG2;MAPK7;ATPAF2;UBB;GID4;PLD6;NT5M;CENPV;MYO15A;ALDH3A2;UBBP4;EPN2;PEMT;ZNF286B;USP22;RAI1;AKAP10;TVP23B;LLGL1;TRIM16L;SREBF1;RNF112;TOM1L2;DHRS7B;MPRIP;TRPV2;NCOR1;PRPSAP2;COPS3;KCNJ12;TOP3A;PIGL;SPECC1;TBC1D28;ZNF624;B9D1;MFAP4;ULK2;FAM106A;FBXW10;ZNF287;SMCR8;SLC47A2;ALDH3A1;CCDC144A,"[455, 923, 1025, 1331, 1435, 1598, 2153, 2988, 3030, 3540, 3635, 3699, 3987, 4146, 4226, 4392, 4438, 5432, 5564, 5630, 5850, 5862, 6400, 6494, 7333, 7437, 7577, 7813, 7932, 8314, 8825, 8944, 9108, 9664, 10078, 10442, 10518, 10554, 10568, 10723, 10785, 10849, 11260, 12775, 13269, 13662, 14094, 14560, 14785, 14789, 14836, 15132, 15854, 15991, 16136, 16368, 16741, 17019, 17488]",c1.all__chr17p11
c1.all,chr12q14,prerank,-0.27690797071912593,-0.912874086758884,0.5995975855130785,0.7312993428481546,1.0,13_32,13/32,31.01%,AVPR1A;SLC16A7;PPM1H;MON2;METTL1;AGAP2;TBC1D30;HELB;USP15;DPY19L2;CAND1;LEMD3;WIF1,IRAK3;CTDSP2;SRGAP1;CYP27B1;HMGA2;C12orf56;MSRB3;TSPAN31;RASSF3;CDK4;XPOT;GRIP1;TMBIM4;GNS;LRIG3;LLPH;AVIL;TBK1;TSFM;WIF1;LEMD3;CAND1;DPY19L2;USP15;HELB;TBC1D30;AGAP2;METTL1;MON2;PPM1H;SLC16A7;AVPR1A,"[950, 1753, 2285, 2595, 3592, 5636, 5897, 6662, 7095, 7809, 7811, 9052, 9135, 9170, 9317, 9329, 10266, 10517, 11358, 12086, 12180, 12509, 12726, 12743, 12853, 13621, 13826, 14571, 15516, 15941, 16446, 16636]",c1.all__chr12q14
c1.all,chr1p12,prerank,0.3641651478909846,0.9608853747691526,0.49292929292929294,0.734570661488591,1.0,3_13,3/13,9.74%,TBX15;PHGDH;NOTCH2,TBX15;PHGDH;NOTCH2;HSD3B1;VTCN1;GDAP2;HSD3B2;HAO2;WDR3;MAN1A2;WARS2;ZNF697;SPAG17,"[134, 1281, 1705, 3489, 4179, 4673, 5303, 8190, 13445, 13551, 14938, 15192, 15571]",c1.all__chr1p12
c1.all,chr10q22,prerank,0.2395293153968266,0.9509265329548763,0.55859375,0.7469842708829509,1.0,11_86,11/86,8.51%,DDIT4;OIT3;P4HA1;C10orf105;NEUROG3;PALD1;ANAPC16;SRGN;PCBD1;ZNF503;CHST3,DDIT4;OIT3;P4HA1;C10orf105;NEUROG3;PALD1;ANAPC16;SRGN;PCBD1;ZNF503;CHST3;COMTD1;STOX1;PLA2G12B;AIFM2;PRF1;CHCHD1;DNAJC9;NUTM2E;ZSWIM8;MSS51;PLAU;RPS24;SGPL1;SEC24C;SLC29A3;PLAC9;C10orf55;ZCCHC24;ANXA11;CDH23;DLG5;CAMK2G;EIF4EBP2;DNAJB12;USP54;MAT1A;PSAP;ZMIZ1;PPA1;SPOCK2;VDAC2;TMEM254;ASCC1;VPS26A;MCU;TACR2;HK1;MICU1;AP3M1;FUT11;NDST2;KAT6B;SUPV3L1;KCNMA1;POLR3A;ANXA7;LRRC20;AGAP5;FAM149B1;TYSND1;PPIF;ADAMTS14;SAR1A;VCL;PPP3CB;DDX21;EIF5AL1;SAMD8;DDX50;UNC5B;ADK;NUTM2B;SFTPD;ECD;NUDT13;MYOZ1;MRPS16;NODAL;NPFFR1;DNAJC9-AS1;TSPAN15;HKDC1;SYNPO2L;SFTPA2;COL13A1,"[17, 78, 424, 749, 921, 1040, 1100, 1146, 1192, 1394, 1489, 2121, 2382, 2733, 2838, 2997, 3596, 3639, 3678, 3862, 3960, 3981, 4212, 4317, 4731, 4798, 4928, 4967, 5045, 5417, 5720, 5758, 6757, 6766, 7054, 7171, 7769, 8082, 8160, 8463, 8491, 8587, 8637, 8652, 8690, 8862, 9368, 9406, 9771, 9815, 9820, 9913, 10009, 10223, 10409, 11318, 11320, 11669, 11940, 12079, 12166, 12272, 12349, 12484, 12508, 12709, 12765, 12817, 12901, 13073, 13274, 13523, 13995, 14829, 15105, 15278, 15514, 15515, 16015, 16142, 16617, 16797, 16841, 17027, 17402, 17445]",c1.all__chr10q22
c1.all,chr4p14,prerank,0.2886305250430495,0.9267330495758123,0.536734693877551,0.7735506888485484,1.0,6_28,6/28,14.38%,PTTG2;RBM47;RHOH;C4orf19;RELL1;TLR6,PTTG2;RBM47;RHOH;C4orf19;RELL1;TLR6;RPL9;PGM2;TBC1D1;PDS5A;UGDH;N4BP2;TMEM156;KLF3;KLB;FAM114A1;TLR10;KLHL5;TLR1;WDR19;UBE2K;ARAP2;RFC1;LIAS;NSUN7;SMIM14;CHRNA9;DTHD1,"[452, 469, 884, 2439, 2511, 2518, 3204, 4145, 4559, 4802, 4930, 6128, 6408, 6986, 7307, 7500, 7830, 8292, 9285, 10882, 11818, 12273, 13007, 13954, 15764, 16031, 16121, 16831]",c1.all__chr4p14
c1.all,chr2q37,prerank,0.23168645762097695,0.9311666847663383,0.6142557651991615,0.7741687653747613,1.0,21_89,21/89,20.05%,MLPH;OTOS;GPR35;RAMP1;INPP5D;ATG4B;ESPNL;KCNJ13;ECEL1;RNPEPL1;DTYMK;THAP4;SP100;ING5;BOK;PASK;HDAC4;SP140L;GPR55;UBE2F;EFHD1,MLPH;OTOS;GPR35;RAMP1;INPP5D;ATG4B;ESPNL;KCNJ13;ECEL1;RNPEPL1;DTYMK;THAP4;SP100;ING5;BOK;PASK;HDAC4;SP140L;GPR55;UBE2F;EFHD1;HJURP;MROH2A;ITM2C;CAPN10;RAB17;SNED1;SH3BP4;KIF1A;IQCA1;D2HGDH;STK25;ARMC9;HES6;PTMA;LRRFIP1;NMUR1;PDCD1;ILKAP;HDLBP;GPC1;SP110;PPP1R7;DUSP28;SCLY;CHRND;C2orf72;GAL3ST2;PRSS56;EIF4E2;RBM44;PSMD1;NGEF;COPS7B;ASB1;COL6A3;GIGYF2;AQP12B;CHRNG;USP40;CAB39;NDUFA10;ANO7;NCL;SPP2;PDE6D;COPS8;NEU4;ATG16L1;PER2;B3GNT7;SPATA3;TRAF3IP1;DIS3L2;SAG;NPPC;TIGD1;ARL4C;FARP2;TWIST2;AGAP1;TRPM8;ANKMY1;DGKD;SP140;KLHL30;HTR2B;ASB18;GBX2,"[19, 37, 479, 802, 868, 1173, 1511, 1971, 2060, 2192, 2488, 2617, 2704, 2901, 2972, 2981, 3141, 3282, 3376, 3508, 3511, 4148, 4153, 4272, 4671, 4960, 5581, 5702, 5724, 5763, 6033, 6820, 6845, 7030, 7036, 7051, 7172, 7295, 7498, 7556, 7918, 8508, 8510, 8575, 8614, 8842, 8849, 8853, 8878, 8940, 9058, 9292, 9324, 9422, 9904, 9939, 10020, 10101, 10398, 10515, 11027, 11158, 11472, 11697, 11823, 11854, 12146, 12232, 12287, 12305, 12510, 13115, 13242, 14467, 14559, 14561, 14806, 14821, 15034, 15149, 15521, 15534, 16066, 16220, 16684, 16970, 17167, 17347, 17356]",c1.all__chr2q37
c1.all,chrXp11,prerank,-0.20330841713748476,-0.889868556203222,0.7325102880658436,0.7792419426404388,1.0,19_125,19/125,16.42%,SLC9A7;ALAS2;RBM3;CCNB3;SYTL5;MED14;PFKFB1;FOXP3;INE1;KLF8;GATA1;CXorf38;ZNF81;RIBC1;ZNF157;DYNLT3;GNL3L;USP9X;OTC,GAGE10;PAGE4;PRICKLE3;PAGE2B;MID1IP1;ELK1;WAS;CCDC120;TIMP1;ERAS;GPR82;WDR45;SLC38A5;NDUFB11;UXT;PQBP1;SRPX;GPR34;TFE3;APEX2;MAOA;RBM10;ZNF630;MAOB;FGD1;NDP;ARAF;TRO;CCDC22;MAGED4B;EBP;SPIN2A;SPIN2B;SYN1;WDR13;FAM156A;KDM5C;HDAC6;RGN;UBA1;KRBOX4;MAGED4;HSD17B10;GRIPAP1;TSPYL2;UBQLN2;CACNA1F;KCND1;MAGED2;CFP;PLP2;TIMM17B;OTUD5;PAGE2;SLC35A2;PPP1R3F;CHST7;SPACA5;WNK3;MAGED1;PORCN;PHF8;RP2;GPKOW;DDX3X;IQSEC2;USP11;USP27X;FTSJ1;TSPAN7;PRAF2;MAGIX;PIM2;GSPT2;EFHC2;TBC1D25;FUNDC1;FAM156B;PCSK1N;GPR173;NUDT10;HUWE1;ZXDB;RPGR;CDK16;TSR2;BCOR;ZNF41;SYP;FAAH2;CLCN5;SMC1A;RRAGB;FAM120C;CASK;KDM6A;NUDT11;SPIN3;ZNF674;MAGEH1;ATP6AP2;SHROOM4;ZNF182;ZXDA;USP51;SUV39H1;OTC;USP9X;GNL3L;DYNLT3;ZNF157;RIBC1;ZNF81;CXorf38;GATA1;KLF8;INE1;FOXP3;PFKFB1;MED14;SYTL5;CCNB3;RBM3;ALAS2;SLC9A7,"[69, 237, 681, 713, 852, 858, 985, 999, 1515, 1700, 2482, 2675, 3064, 3181, 3290, 3308, 3586, 3843, 3973, 4215, 4253, 4281, 4326, 4457, 4472, 4500, 4511, 4614, 4650, 4876, 4894, 4955, 4968, 5252, 5337, 5356, 5572, 5736, 5794, 5885, 5914, 6048, 6363, 6454, 6557, 6559, 6649, 6778, 6838, 6854, 6879, 7005, 7043, 7408, 7428, 7460, 7545, 7598, 7604, 7631, 7839, 7972, 8072, 8464, 8466, 8489, 8524, 8595, 8610, 8618, 8731, 8866, 8896, 8952, 8967, 8991, 9289, 9535, 9597, 9748, 9829, 9846, 9847, 9946, 10316, 10439, 10610, 10800, 10889, 10906, 10943, 11075, 11278, 11299, 11332, 11442, 12035, 12049, 12263, 12587, 12688, 12982, 13377, 13822, 14160, 14234, 14642, 14784, 14942, 15027, 15255, 15267, 15305, 15362, 15745, 16267, 16387, 16395, 16585, 16834, 16936, 17116, 17131, 17335, 17474]",c1.all__chrXp11
c1.all,chr14q12,prerank,-0.2396175382527085,-0.8846543959270636,0.6596558317399618,0.7856733218452004,1.0,21_49,21/49,30.63%,COCH;CBLN3;AKAP6;DTD2;NEDD8-MDP1;NRL;NUBPL;RNF31;TSSK4;G2E3;MDP1;STXBP6;IPO4;HECTD1;NOVA1;LTB4R2;NOP9;TINF2;SCFD1;AP4S1;GZMH,FITM1;NFATC4;CHMP4A;ADCY4;TGM1;RIPK3;REC8;IRF9;KHNYN;NYNRIN;PRKD1;SDR39U1;FOXG1;ARHGAP5;RABGGTA;DHRS1;PSME2;PSME1;HEATR5A;CIDEB;TM9SF1;NEDD8;EMC9;LTB4R;DCAF11;GZMB;GMPR2;STRN3;GZMH;AP4S1;SCFD1;TINF2;NOP9;LTB4R2;NOVA1;HECTD1;IPO4;STXBP6;MDP1;G2E3;TSSK4;RNF31;NUBPL;NRL;NEDD8-MDP1;DTD2;AKAP6;CBLN3;COCH,"[106, 516, 1282, 1984, 2028, 2728, 3114, 3170, 3199, 3222, 3703, 3840, 3867, 3943, 4306, 5089, 5113, 5690, 6050, 6633, 6646, 6933, 7755, 8807, 9796, 9864, 10159, 10689, 12153, 12242, 12353, 12519, 12653, 13086, 13173, 13279, 13544, 13657, 13769, 14166, 14476, 14663, 14690, 14710, 14738, 14803, 16560, 17491, 17495]",c1.all__chr14q12
c1.all,chr15q22,prerank,0.24959524695089874,0.9314239015025155,0.6004056795131846,0.7862537503705974,1.0,14_61,14/61,16.42%,C2CD4B;RBPMS2;PIF1;GCNT3;IGDCC4;ANXA2;RASL12;CILP;PLEKHO2;SMAD6;IGDCC3;TRIP4;PARP16;RPS27L,C2CD4B;RBPMS2;PIF1;GCNT3;IGDCC4;ANXA2;RASL12;CILP;PLEKHO2;SMAD6;IGDCC3;TRIP4;PARP16;RPS27L;SPG21;ANKDD1A;SLC51B;LACTB;ZNF609;C2CD4A;RPL4;BNIP2;MAP2K1;SMAD3;OAZ2;PPIB;SLTM;LDHAL6B;RORA;CSNK1G1;GTF2A2;LCTL;RAB8B;PDCD7;SNAPC5;DAPK2;CCNB2;DENND4A;FAM81A;USP3;RNF111;VPS13C;RAB11A;TLN2;DIS3L;MTFMT;MYO1E;CLPX;TIPIN;MEGF11;UBAP1L;SNX1;APH1B;DPP8;TPM1;SLC24A1;ZWILCH;HERC1;CA12;SNX22;FBXL22,"[408, 588, 699, 794, 1307, 1542, 1588, 1818, 2053, 2322, 2478, 2561, 2803, 2875, 3604, 3612, 3952, 4888, 4913, 5335, 5360, 5569, 5838, 5959, 6974, 7668, 7681, 7834, 7937, 8580, 8972, 9093, 9347, 10046, 10917, 11156, 11568, 11874, 11917, 11924, 11984, 12001, 12253, 12303, 12308, 12322, 12518, 12766, 12856, 12913, 14148, 14328, 14449, 14465, 14533, 15331, 15382, 15592, 16620, 16673, 17253]",c1.all__chr15q22
c1.all,chr2q13,prerank,-0.31057732366661417,-0.8717236641072219,0.6306818181818182,0.8088328786603521,1.0,4_16,4/16,17.39%,FBLN7;EDAR;ACOXL;ANAPC1,MERTK;SOWAHC;BCL2L11;SH3RF3;RGPD6;MALL;NPHP1;RANBP2;TMEM87B;CCDC138;BUB1;RGPD5;ANAPC1;ACOXL;EDAR;FBLN7,"[2013, 3970, 4089, 4882, 5450, 5648, 6358, 8025, 8424, 10868, 11204, 13008, 14472, 14976, 15487, 16526]",c1.all__chr2q13
c1.all,chr6q23,prerank,-0.258821136163866,-0.8657273609579542,0.6717267552182163,0.8166337945467411,1.0,14_36,14/36,23.51%,SLC35D3;MYB;EYA4;HBS1L;MAP7;AHI1;PBOV1;PEX7;ENPP3;EPB41L2;MTFR2;BCLAF1;PDE7B;SAMD3,VNN2;VNN1;SMLR1;PERP;ARG1;TNFAIP3;SLC18B1;TBPL1;SGK1;MOXD1;RPS12;MAP3K5;ENPP1;IL20RA;SLC2A12;IFNGR1;ALDH8A1;AKAP7;L3MBTL3;MED23;STX7;TMEM200A;SAMD3;PDE7B;BCLAF1;MTFR2;EPB41L2;ENPP3;PEX7;PBOV1;AHI1;MAP7;HBS1L;EYA4;MYB;SLC35D3,"[117, 323, 825, 937, 1261, 1329, 2623, 3284, 3436, 4031, 4156, 4683, 5263, 5409, 5461, 5652, 6073, 6296, 8183, 11413, 11861, 12643, 13401, 13681, 13803, 13957, 14145, 14387, 14781, 15007, 15157, 15415, 16942, 16999, 17052, 17498]",c1.all__chr6q23
c1.all,chr2q22,prerank,0.35759912278761674,0.894777247506153,0.6008492569002123,0.8278486099570594,1.0,2_11,2/11,7.54%,CXCR4;ARHGAP15,CXCR4;ARHGAP15;KYNU;HNMT;SPOPL;ACVR2A;LRP1B;THSD7B;GTDC1;ZEB2;NXPH2,"[50, 1319, 3173, 8041, 8698, 9698, 12307, 12327, 14970, 15293, 17249]",c1.all__chr2q22
c1.all,chr10q24,prerank,0.21298901160668243,0.8834057523605506,0.734375,0.8300329302611876,1.0,25_101,25/101,21.63%,NFKB2;GOLGA7B;ABCC2;TRIM8;CALHM3;UBTD1;FRAT2;DNTT;PYROXD2;WBP1L;ARHGAP19;FRAT1;ANKRD2;FBXW4;C10orf62;CRTAC1;PIK3AP1;ELOVL3;DNMBP;FBXL15;KCNIP2;SUFU;FGF8;AVPI1;AS3MT,NFKB2;GOLGA7B;ABCC2;TRIM8;CALHM3;UBTD1;FRAT2;DNTT;PYROXD2;WBP1L;ARHGAP19;FRAT1;ANKRD2;FBXW4;C10orf62;CRTAC1;PIK3AP1;ELOVL3;DNMBP;FBXL15;KCNIP2;SUFU;FGF8;AVPI1;AS3MT;BLNK;CALHM2;SORBS1;PKD2L1;SEC31B;MRPL43;SLC25A28;NDUFB8;DPCD;PSD;PDZD7;CUEDC2;ZDHHC16;ERLIN1;HPS1;MMS19;ZFYVE27;C10orf95;TAF5;RRP12;ARL3;ALDH18A1;SFRP5;LZTS2;PI4K2A;PDCD11;PPRC1;ACTR1A;SEMA4G;MORN4;CNNM1;NPM3;SFXN3;NT5C2;GBF1;LCOR;MARVELD1;HIF1AN;SH3PXD2A;BLOC1S2;CNNM2;HPS6;R3HCC1L;HOGA1;CHUK;BTRC;CWF19L1;GOT1;PGAM1;LDB1;LOXL4;NOLC1;EXOSC1;TCTN3;POLL;ENTPD1;ENTPD7;CUTC;TM9SF3;HPSE2;SLK;INA;CC2D2B;CCNJ;CALHM1;PAX2;PCGF6;COX15;TLL2;SLIT1;WNT8B;SCD;SFXN2;OPALIN;KAZALD1;CYP17A1,"[127, 515, 917, 1032, 1265, 1287, 1407, 1429, 1706, 1941, 2268, 2381, 2500, 2607, 2678, 2798, 2944, 3032, 3178, 3422, 3597, 3617, 3675, 3706, 3789, 4333, 4416, 4541, 4596, 4661, 4907, 4944, 5183, 5438, 5550, 5634, 5712, 5742, 5994, 6005, 6166, 6349, 6405, 6426, 6582, 6774, 6935, 7039, 7275, 7546, 7656, 7693, 7841, 7871, 8229, 8363, 8482, 8858, 9015, 9118, 9617, 9620, 9717, 9945, 10531, 10540, 10641, 10728, 10881, 10904, 10953, 10967, 10970, 11351, 11357, 11523, 11890, 12031, 12261, 12334, 12396, 12406, 12624, 12625, 12973, 13594, 14056, 14110, 14212, 14677, 14699, 14950, 15046, 15147, 15718, 15778, 16479, 16612, 16937, 16967, 17007]",c1.all__chr10q24
c1.all,chr2q14,prerank,0.2387214474966937,0.888495963743636,0.6637744034707158,0.8303775761021347,1.0,14_58,14/58,17.94%,FOXD4L1;PROC;GLI2;IL1RN;MARCO;INHBB;GYPC;HS6ST1;DBI;TFCP2L1;PAX8;IL1B;C1QL2;EN1,FOXD4L1;PROC;GLI2;IL1RN;MARCO;INHBB;GYPC;HS6ST1;DBI;TFCP2L1;PAX8;IL1B;C1QL2;EN1;PSD4;STEAP3;WDR33;AMMECR1L;CYP27C1;BIN1;LIMS2;NT5DC4;GPR17;SAP130;RABL2A;MAP3K2;SCTR;CLASP1;CKAP2L;C2orf76;CCDC93;EPB41L5;ERCC3;INSIG2;MYO7B;CHCHD5;UGGT1;SLC20A1;RALB;ACTR3;TMEM177;DPP10;POLR1B;TSN;TMEM185B;POLR2D;ZC3H6;IL36G;SLC35F5;PTPN4;IWS1;IL1A;DDX18;TTL;TMEM37;RGPD8;ZC3H8;CNTNAP5,"[553, 782, 787, 793, 977, 1148, 1209, 2132, 2198, 2451, 2548, 2654, 3080, 3142, 3819, 3911, 5037, 5762, 5772, 6167, 6425, 6660, 6779, 7038, 7724, 9113, 9189, 9551, 9742, 9767, 10381, 10408, 10892, 10893, 10903, 11295, 11370, 11619, 11636, 11939, 12338, 12579, 13050, 13117, 13368, 13735, 14169, 14229, 14712, 14770, 14783, 14936, 15143, 15385, 15439, 15841, 15955, 17424]",c1.all__chr2q14
c1.all,chr8p22,prerank,0.2919163787255182,0.8769525416352574,0.6174636174636174,0.8328680006905422,1.0,5_20,5/20,16.43%,SLC7A2;PDGFRL;MSR1;FGL1;SGCZ,SLC7A2;PDGFRL;MSR1;FGL1;SGCZ;DLC1;FGF20;MTUS1;C8orf48;ZDHHC2;NAT1;ASAH1;NAT2;TUSC3;CNOT7;PCM1;VPS37A;PSD3;MICU3;MTMR7,"[276, 729, 2162, 2459, 2877, 5501, 5911, 6853, 8083, 8348, 9916, 11946, 12223, 12721, 12839, 13141, 13605, 15296, 16038, 16593]",c1.all__chr8p22
c1.all,chr15q15,prerank,0.2249849833597099,0.8953456207579259,0.6699801192842942,0.8393489939460057,1.0,17_80,17/80,18.04%,DLL4;CHAC1;PLA2G4E;PLA2G4B;HYPK;BMF;SERF2;SNAP23;CHST14;GCHFR;TGM5;ELL3;PLCB2;WDR76;SPTBN5;C15orf62;ZFYVE19,DLL4;CHAC1;PLA2G4E;PLA2G4B;HYPK;BMF;SERF2;SNAP23;CHST14;GCHFR;TGM5;ELL3;PLCB2;WDR76;SPTBN5;C15orf62;ZFYVE19;LTK;BAHD1;EXD1;RPAP1;ITPKA;STRC;CDAN1;MFAP1;NUSAP1;SRP14;RAD51;MAPKBP1;ZNF106;OIP5;EHD4;PLA2G4D;TYRO3;LRRC57;PPP1R14D;PDIA3;VPS18;RHOV;CKMT1A;NDUFAF1;RPUSD2;EPB42;TTBK2;RMDN3;MAP1A;VPS39;PPIP5K1;GPR176;FRMD5;CCNDBP1;BUB1B;JMJD7;EIF2AK4;ZSCAN29;DISP2;PAK6;DNAJC17;TP53BP1;SPINT1;CTDSPL2;RTF1;KNSTRN;INO80;HAUS2;MGA;IVD;TMEM62;UBR1;CHP1;CKMT1B;TMEM87A;TUBGCP4;CATSPER2;JMJD7-PLA2G4B;CAPN3;LCMT2;GANC;STARD9;ANKRD63,"[350, 741, 1005, 1622, 1847, 1929, 2068, 2185, 2368, 2373, 2402, 2613, 2668, 2775, 2898, 3027, 3160, 3537, 4004, 4369, 4504, 4626, 4657, 4936, 5138, 5329, 5729, 6244, 6335, 6597, 6599, 6731, 6748, 7082, 7261, 7300, 7372, 7973, 8010, 8069, 8389, 8629, 9117, 9147, 9222, 9700, 9929, 10157, 10468, 10503, 10615, 10680, 10713, 10790, 11001, 11099, 11311, 11803, 11845, 11943, 12890, 12939, 12958, 13122, 13431, 13463, 13625, 13791, 13796, 13828, 13831, 13855, 13994, 14432, 14500, 14550, 14633, 14767, 15374, 16704]",c1.all__chr15q15
c1.all,chr1q24,prerank,-0.23013205593515906,-0.8452075769715917,0.7281746031746031,0.8538785281588617,1.0,17_50,17/50,25.08%,MAEL;SCYL3;DNM3;SELP;ILDR2;FMO4;VAMP4;MYOC;TIPRL;FAM78B;CREG1;SELE;UCK2;PRRC2C;SUCO;ATP1B1;MPC2,ADCY10;FMO3;TBX19;SELL;METTL18;CD247;PRRX1;NME7;POGK;MPZL1;CCDC181;FMO2;FMO1;XCL1;GPR161;PIGC;DPT;RCSD1;MGST3;GORAB;GPA33;SFT2D2;TMCO1;METTL13;POU2F1;ALDH9A1;DCAF6;SLC19A2;C1orf105;BLZF1;TADA1;F5;KIFAP3;MPC2;ATP1B1;SUCO;PRRC2C;UCK2;SELE;CREG1;FAM78B;TIPRL;MYOC;VAMP4;FMO4;ILDR2;SELP;DNM3;SCYL3;MAEL,"[376, 624, 716, 928, 2083, 2961, 4073, 4252, 4264, 4774, 5361, 5510, 6071, 6469, 6625, 7138, 7407, 7413, 8084, 8388, 9242, 9300, 10396, 10830, 10895, 10914, 10999, 11000, 11067, 11381, 12136, 12241, 12427, 13125, 13412, 13516, 13659, 13907, 14111, 14117, 14469, 14703, 14790, 15056, 15169, 15354, 16232, 16248, 16325, 16350]",c1.all__chr1q24
c1.all,chr15q23,prerank,-0.2559145660708734,-0.8382393281300966,0.7093023255813954,0.8618101690819369,1.0,14_31,14/31,33.07%,NOX5;GLCE;UACA;LRRC49;SKOR1;HEXA;IQCH;PIAS1;KIF23;SPESP1;CELF6;AAGAB;CORO2B;THAP10,TLE3;THSD4;ITGA11;PAQR5;CALML4;RPLP1;CT62;CLN6;C15orf61;PKM;MAP2K5;PARP6;SENP8;MYO9A;FEM1B;LARP6;ANP32A;THAP10;CORO2B;AAGAB;CELF6;SPESP1;KIF23;PIAS1;IQCH;HEXA;SKOR1;LRRC49;UACA;GLCE;NOX5,"[1298, 1333, 1739, 1823, 2515, 2741, 3198, 5544, 5777, 7140, 7910, 8092, 9848, 9987, 10090, 10193, 11097, 11726, 11766, 12106, 12659, 12699, 13499, 13646, 13743, 14133, 15672, 16292, 16680, 16701, 17178]",c1.all__chr15q23
c1.all,chr2q23,prerank,-0.27539608486841155,-0.8204139389072767,0.759469696969697,0.8897033611943843,1.0,5_21,5/21,18.71%,GALNT13;CACNB4;RIF1;RBM43;MBD5,RPRM;TNFAIP6;ARL6IP6;RND3;NMI;NEB;LYPD6B;LYPD6;EPC2;ORC4;STAM2;PRPF40A;KIF5C;MMADHC;FMNL2;ARL5A;MBD5;RBM43;RIF1;CACNB4;GALNT13,"[709, 1998, 3136, 4714, 5088, 6051, 6889, 8410, 8748, 8902, 9673, 9899, 10261, 10910, 10913, 13090, 14242, 15237, 15506, 16007, 16950]",c1.all__chr2q23
c1.all,chr2p11,prerank,0.23555405187976433,0.8385963348589613,0.7315175097276264,0.89046539806439,1.0,8_45,8/45,12.09%,ATOH8;SH2D6;TCF7L1;VAMP8;SFTPB;VAMP5;CAPG;TMEM150A,ATOH8;SH2D6;TCF7L1;VAMP8;SFTPB;VAMP5;CAPG;TMEM150A;SMYD1;MAT2A;PLGLB1;TMSB10;ELMOD3;USP39;RPIA;KDM3A;KRCC1;KCMF1;RGPD2;RMND5A;GNLY;SUCLG1;GGCX;CD8A;RNF181;C2orf68;RNF103;RETSAT;MRPL35;REEP1;ST3GAL5;EIF2AK3;TGOLN2;PTCD3;THNSL2;IMMT;TRABD2A;POLR1A;RGPD1;CHMP3;CD8B;DNAH6;PLGLB2;FABP1;RNF103-CHMP3,"[244, 477, 550, 1175, 1462, 1610, 2112, 2117, 2887, 3135, 3551, 3661, 5110, 5492, 5640, 5717, 5940, 7208, 7796, 7891, 8051, 8165, 8442, 9566, 10004, 11121, 11183, 11612, 11657, 12152, 12309, 12802, 12930, 13049, 13440, 13470, 13711, 14060, 14395, 14455, 16145, 16444, 16922, 17237, 17245]",c1.all__chr2p11
c1.all,chr7q22,prerank,0.2015270050066478,0.844473779427139,0.8224489795918367,0.8916246844233574,1.0,22_116,22/116,16.35%,AZGP1;PCOLCE;CLDN15;PLOD3;MUC3A;RASA4B;ARPC1B;LRCH4;AGFG2;RASA4;CYP3A4;EPHB4;SERPINE1;MEPCE;SH2B2;TRIM4;MCM7;ORAI2;POLR2J;GNB2;SRRT;BAIAP2L1,AZGP1;PCOLCE;CLDN15;PLOD3;MUC3A;RASA4B;ARPC1B;LRCH4;AGFG2;RASA4;CYP3A4;EPHB4;SERPINE1;MEPCE;SH2B2;TRIM4;MCM7;ORAI2;POLR2J;GNB2;SRRT;BAIAP2L1;LAMTOR4;CYP3A5;PTCD1;TRIP6;TRIM56;ACTL6B;GAL3ST4;HBP1;MUC12;GIGYF1;PMPCB;LRWD1;SLC12A9;COPS6;TAF6;AP4M1;ACHE;MBLAC1;TSC22D4;PIK3CG;ZNHIT1;CPSF4;ZNF394;PILRA;DNAJC2;PDAP1;TFR2;GPC2;PRKAR2B;ZSCAN21;PILRB;MOSPD3;ARPC1A;ALKBH4;POP7;BUD31;UFSP1;ZKSCAN5;TMEM130;CUX1;NYAP1;CNPY4;PPP1R35;FBXO24;CDHR3;NAMPT;PRKRIP1;FAM185A;FAM200A;AP1S1;PUS7;TRRAP;CCDC71L;FIS1;CYP3A43;ATXN7L1;GPR22;SLC26A4;EPO;BCAP29;ZCWPW1;PSMC2;ZNF655;ORC5;ARMC10;SYPL1;ZNF789;CBLL1;GJC3;COG5;SMURF1;POLR2J3;NAPEPLD;SRPK2;STAG3;ZSCAN25;LHFPL3;NPTX2;ZNF3;FBXL13;SPDYE3;PVRIG;POLR2J2;RINT1;LRRC17;CYP3A7;ZKSCAN1;DUS4L;NAT16;EFCAB10;SPDYE2;VGF;RELN;SLC26A5,"[100, 200, 420, 520, 684, 963, 965, 984, 1198, 1354, 1373, 1589, 1969, 1982, 2175, 2217, 2223, 2304, 2663, 2698, 2738, 2863, 3339, 3399, 3434, 3875, 3945, 4371, 4461, 4570, 4589, 4704, 4887, 5063, 5072, 5106, 5499, 5504, 5553, 5577, 5706, 5764, 5861, 5865, 5934, 6088, 6093, 6208, 6225, 6513, 6516, 6527, 6642, 6998, 7165, 7182, 7344, 7587, 7963, 8019, 8166, 8181, 8512, 8674, 8740, 8982, 9080, 9148, 9149, 9269, 9330, 10224, 10250, 10279, 10320, 10394, 10567, 11161, 11379, 11584, 11631, 11811, 11833, 12195, 12520, 12567, 12919, 13152, 13423, 13441, 13493, 13596, 13647, 13689, 13922, 14004, 14022, 14143, 15024, 15230, 15313, 15350, 15465, 15944, 16071, 16134, 16468, 16514, 16540, 16596, 16827, 16881, 17064, 17239, 17289, 17358]",c1.all__chr7q22
c1.all,chr15q24,prerank,0.22426114823038143,0.8292062540097007,0.7837301587301587,0.8962183852797955,1.0,16_56,16/56,21.59%,STRA6;C15orf39;SNX33;ISLR;PSTPIP1;NEIL1;SCAMP2;PML;PTPN9;CSK;CSPG4;ULK3;LOXL1;EDC3;CLK3;CYP1A1,STRA6;C15orf39;SNX33;ISLR;PSTPIP1;NEIL1;SCAMP2;PML;PTPN9;CSK;CSPG4;ULK3;LOXL1;EDC3;CLK3;CYP1A1;IMP3;UBL7;MAN2C1;CD276;ISLR2;ARID3B;FAM219B;NEO1;SNUPN;COX5A;LINGO1;TSPAN3;UBE2Q2;ETFA;STOML1;SEMA7A;SCAMP5;RPP25;ISL2;COMMD4;NPTN;HCN4;ADPGK;MPI;FBXO22;PEAK1;CYP11A1;SIN3A;NRG4;PPCDC;ARIH1;SCAPER;BBS4;RCN2;HMG20A;TBC1D21;LMAN1L;GOLGA6A;GOLGA6B;CCDC33,"[260, 805, 936, 1041, 1376, 1690, 1946, 2122, 2281, 2360, 2443, 2942, 3256, 3775, 3776, 3781, 4507, 4531, 4708, 4772, 4786, 4924, 5457, 5528, 6458, 6700, 7122, 7713, 7776, 8301, 8405, 8594, 8704, 8725, 8899, 9206, 10384, 10643, 11068, 11101, 11308, 11540, 11664, 11790, 12386, 12921, 13062, 13344, 13963, 14066, 14347, 16224, 16425, 17338, 17371, 17431]",c1.all__chr15q24
c1.all,chr2p21,prerank,-0.23801772825841894,-0.8027347290153188,0.8190854870775348,0.8981131775712415,1.0,6_33,6/33,11.40%,SRBD1;EPCAM;KCNG3;MSH2;DYNC2LI1;LRPPRC,SIX2;ZFP36L2;OXER1;PKDCC;RHOQ;TTC7A;ABCG8;THADA;CAMKMT;ATP6V1E2;MTA3;HAAO;CRIPT;EPAS1;PIGF;PPM1B;COX7A2L;MCFD2;EML4;SOCS5;CALM2;SIX3;PLEKHH2;SLC3A1;ABCG5;PREPL;PRKCE;LRPPRC;DYNC2LI1;MSH2;KCNG3;EPCAM;SRBD1,"[103, 1382, 1547, 1550, 2326, 3200, 4923, 5944, 6305, 6374, 6639, 7149, 7613, 7874, 8470, 8604, 8836, 10427, 10559, 10695, 10877, 10958, 11176, 13127, 13666, 14070, 14322, 15522, 16034, 16102, 16339, 16430, 16578]",c1.all__chr2p21
c1.all,chr20q11,prerank,-0.19576557720062693,-0.8120405335821783,0.8854166666666666,0.8994122540236981,1.0,13_98,13/98,13.15%,MYLK2;CNBD2;SLC32A1;PROCR;XKR7;FOXS1;MYL9;MMP24;NNAT;TP53INP2;RBM12;ARHGAP40;PXMP4,LBP;BPI;FAM83D;SLA2;TLDC2;TGM2;BPIFB1;SAMHD1;TGIF2;HCK;ASIP;SNTA1;CPNE1;DEFB124;SRC;BCL2L1;ZNF341;ROMO1;SPAG4;SCAND1;COMMD7;DYNLRB1;CCM2L;PLAGL2;CTNNBL1;DLGAP4;PDRG1;EIF2S2;ACTL10;ID1;RBL1;HM13;AAR2;ERGIC3;BLCAP;RALY;MAPRE1;RPN2;VSTM2L;CEP250;MANBAL;NECAB3;NFS1;TM9SF4;ACSS2;E2F1;C20orf144;EIF6;MAP1LC3A;GDF5;TTLL9;CHMP4B;GGT7;NCOA6;COX4I2;CBFA2T2;ASXL1;TPX2;AHCY;PIGU;DSN1;RBM39;TTI1;CDK5RAP1;EPB41L1;MROH8;REM1;NDRG3;EFCAB8;ACTR5;PPP1R16B;POFUT1;TRPC4AP;KIAA1755;DNMT3B;MYH7B;DHX35;PHF20;RALGAPB;KIF3B;EDEM2;DUSP15;RPRD1B;GSS;ITCH;PXMP4;ARHGAP40;RBM12;TP53INP2;NNAT;MMP24;MYL9;FOXS1;XKR7;PROCR;SLC32A1;CNBD2;MYLK2,"[299, 720, 757, 1257, 1380, 1442, 1569, 1789, 1912, 1914, 1936, 2271, 2557, 2563, 2680, 2851, 3065, 3150, 3524, 3632, 3893, 3954, 4041, 4283, 4512, 4516, 4749, 4917, 5073, 5430, 5625, 6108, 6173, 6236, 6300, 6308, 6545, 6616, 6791, 7027, 7250, 7306, 7507, 7634, 7712, 7791, 7820, 7938, 8119, 8121, 8288, 8315, 8321, 8454, 8506, 8599, 8930, 9078, 9224, 9367, 9505, 9610, 9689, 9736, 9908, 10023, 10546, 11129, 11275, 11328, 11350, 11552, 11565, 11613, 11642, 11660, 11711, 11863, 12147, 12537, 12986, 13002, 13415, 14519, 14704, 15215, 15505, 15582, 15720, 15861, 16023, 16189, 16412, 16510, 16717, 17129, 17206, 17432]",c1.all__chr20q11
c1.all,chr1p34,prerank,-0.17933177512064513,-0.7948879692506553,0.9439834024896265,0.8995290230478957,1.0,54_149,54/149,33.18%,TMEM125;MPL;NT5C1A;LURAP1;CDC20;MMACHC;RIMKLA;HPDL;C1orf210;CLSPN;BEST4;IPP;ELOVL1;RLF;ZFP69B;ZNF684;PPCS;RSPO1;ZFP69;SFPQ;GJB5;PPIE;MYCBP;EXO5;ZMYND12;PSMB2;PLK3;IPO13;TOE1;GJA9;HPCAL4;RIMS3;ZMYM4;EIF2B3;MACF1;GNL2;OXCT2;TMEM69;AGO4;TESK2;DPH2;NASP;COL9A2;PPT1;DLGAP3;SZT2;ST3GAL3;SMAP2;CCDC30;AGO1;THRAP3;EBNA1BP2;ZSWIM5;ZMYM6,GJA4;SLFNL1;ZC3H12A;TMCO2;HEYL;EVA1B;CSF3R;RAD54L;SLC6A9;FOXO6;PTCH2;LSM10;CCDC17;TIE1;ARTN;MFSD2A;COL8A2;KLF17;SLC2A1;BTBD19;HYI;RPS8;FHL3;STK40;KIF2C;MRPS15;YBX1;RNF220;PRDX1;MUTYH;ZMPSTE24;TRAPPC3;RRAGC;ATP6V0B;ERMAP;MTF1;B4GALT2;NCDN;CTPS1;NFYC;C1orf122;CCDC24;CDCA8;UROD;SMIM12;DMAP1;NDUFS5;MAST2;HIVEP3;PIK3R3;CITED4;SCMH1;TFAP2E;GJB3;C1orf216;TMEM53;HECTD3;DNALI1;GPBP1L1;KIAA0319L;ERI3;INPP5B;TSPAN1;SF3A3;C1orf50;ZMYM1;SH3D21;MANEAL;BMP8B;KDM4A;AGO3;EPHA10;CAP1;PABPC4;BMP8A;GJB4;MAP7D1;POMGNT1;ZNF691;RHBDL2;AKR1A1;PPIH;YRDC;MED8;PTPRF;TRIT1;TEKT2;MEAF6;POU3F1;AKIRIN1;GRIK3;SNIP1;OSCP1;KCNQ4;FOXJ3;ZMYM6;ZSWIM5;EBNA1BP2;THRAP3;AGO1;CCDC30;SMAP2;ST3GAL3;SZT2;DLGAP3;PPT1;COL9A2;NASP;DPH2;TESK2;AGO4;TMEM69;OXCT2;GNL2;MACF1;EIF2B3;ZMYM4;RIMS3;HPCAL4;GJA9;TOE1;IPO13;PLK3;PSMB2;ZMYND12;EXO5;MYCBP;PPIE;GJB5;SFPQ;ZFP69;RSPO1;PPCS;ZNF684;ZFP69B;RLF;ELOVL1;IPP;BEST4;CLSPN;C1orf210;HPDL;RIMKLA;MMACHC;CDC20;LURAP1;NT5C1A;MPL;TMEM125,"[199, 207, 273, 377, 462, 514, 848, 1327, 1666, 1925, 1928, 2030, 2154, 2202, 2600, 2658, 2677, 2688, 3001, 3015, 3185, 3240, 3248, 3293, 3400, 3532, 3681, 3949, 4033, 4341, 4421, 4599, 4694, 5168, 5387, 5520, 5523, 5534, 5635, 5668, 5840, 5887, 5964, 6105, 6151, 6245, 6257, 6290, 6652, 6685, 6843, 6938, 7267, 7304, 7434, 7452, 7466, 7575, 8016, 8031, 8137, 8162, 8356, 8382, 8436, 8631, 8647, 8854, 8875, 8923, 8951, 9022, 9027, 9044, 9294, 9321, 9366, 9395, 9502, 9751, 9825, 9977, 10103, 10300, 10336, 10440, 10456, 10576, 10623, 10691, 10798, 11034, 11134, 11172, 11257, 11707, 11720, 11743, 11860, 11997, 12005, 12048, 12102, 12140, 12209, 12235, 12264, 12408, 12593, 12607, 12621, 12745, 12871, 12923, 12991, 13234, 13292, 13307, 13366, 13404, 13626, 13728, 13899, 14007, 14008, 14199, 14222, 14380, 14456, 14769, 15197, 15338, 15364, 15710, 15824, 15842, 16075, 16084, 16152, 16166, 16194, 16415, 16657, 16966, 17104, 17107, 17166, 17192, 17254]",c1.all__chr1p34
c1.all,chr7p11,prerank,-0.3090185935421269,-0.7973713326333627,0.7295238095238096,0.901395023977491,1.0,4_12,4/12,19.16%,ZNF713;MRPS17;LANCL2;SUMF2,EGFR;PSPH;PHKG1;CCT6A;VOPP1;SEC61G;CHCHD2;VSTM2A;SUMF2;LANCL2;MRPS17;ZNF713,"[1890, 2364, 4381, 6765, 7096, 11051, 11235, 11912, 14163, 14382, 15292, 15997]",c1.all__chr7p11
c1.all,chr6p24,prerank,-0.2522168674851088,-0.8041356876704114,0.7827868852459017,0.9014488825988547,1.0,8_30,8/30,16.71%,PHACTR1;C6orf52;CAGE1;TFAP2A;GCM2;ADTRP;SLC35B3;TXNDC5,DSP;RREB1;SNRNP48;BMP6;EDN1;NEDD9;BLOC1S5-TXNDC5;TMEM14C;GCNT2;BLOC1S5;SSR1;RIOK1;TMEM170B;TBC1D7;ELOVL2;SMIM13;EEF1E1;MAK;SYCP2L;PAK1IP1;TMEM14B;HIVEP1;TXNDC5;SLC35B3;ADTRP;GCM2;TFAP2A;CAGE1;C6orf52;PHACTR1,"[232, 1095, 1390, 1492, 4526, 5082, 5826, 6503, 6676, 7547, 8106, 10082, 10163, 10275, 10366, 10724, 11128, 11835, 12481, 12680, 12881, 13932, 14592, 15217, 15438, 15457, 15615, 16069, 16123, 16421]",c1.all__chr6p24
c1.all,chr7p22,prerank,0.21613650775595333,0.8194453553759883,0.8181818181818182,0.9021746831725934,1.0,28_63,28/63,32.09%,GPR146;MICALL2;TMEM184A;CYP2W1;GNA12;BRAT1;RADIL;ZNF853;IQCE;CARD11;PAPOLB;PRKAR1B;ZFAND2A;AP5Z1;DAGLB;SLC29A4;EIF3B;OCM;WIPI2;CYTH3;MAFK;SDK1;ADAP1;FAM220A;LFNG;CHST12;FAM20C;TNRC18,GPR146;MICALL2;TMEM184A;CYP2W1;GNA12;BRAT1;RADIL;ZNF853;IQCE;CARD11;PAPOLB;PRKAR1B;ZFAND2A;AP5Z1;DAGLB;SLC29A4;EIF3B;OCM;WIPI2;CYTH3;MAFK;SDK1;ADAP1;FAM220A;LFNG;CHST12;FAM20C;TNRC18;MAD1L1;PSMG3;INTS1;RNF216;NUDT1;KDELR2;FOXK1;PDGFA;RBAK;GET4;CCZ1B;USP42;ZNF12;RSPH10B2;CCZ1;SUN1;RAC1;ACTB;SNX8;FSCN1;TTYH3;AMZ1;COX19;EIF2AK1;ZDHHC4;FBXL18;C7orf50;ELFN1;RSPH10B;AIMP2;MMD2;C1GALT1;ANKRD61;GRID2IP;PMS2,"[761, 1250, 1366, 1727, 2039, 2258, 2417, 2636, 2823, 2882, 3008, 3689, 3859, 4085, 4166, 4251, 4398, 4856, 5135, 5149, 5153, 5185, 5243, 5305, 5324, 5560, 5594, 5620, 5848, 5991, 6537, 6726, 6942, 7101, 7214, 7605, 7959, 8114, 8376, 8864, 9123, 9279, 9390, 9694, 9784, 10243, 10677, 10704, 10825, 11310, 11784, 11871, 11877, 12381, 12474, 12787, 13185, 14679, 15482, 16196, 16536, 16854, 16933]",c1.all__chr7p22
c1.all,chr10q26,prerank,-0.2015858424665442,-0.8062869138674007,0.8707753479125249,0.9034709910048749,1.0,11_83,11/83,12.47%,PRLHR;DMBT1;PRAP1;NKX1-2;BTBD16;ACADSB;GPR26;FANK1;FUOM;CACUL1;SEC23IP,BAG3;VENTX;EMX2;CUZD1;UTF1;ZNF511;ADAM8;CLRN3;PWWP2B;CTBP2;JAKMIP3;MTG1;NANOS1;DPYSL4;FAM53B;ARMS2;BCCIP;MKI67;CALY;STK32C;DOCK1;KNDC1;ZRANB1;ECHS1;RGS10;UROS;PPP2R2D;CHST15;DHX32;HTRA1;LHPP;NKX6-2;TIAL1;CPXM2;GRK5;BUB3;LRRC27;TUBGCP2;MCMBP;IKZF5;SYCE1;EBF3;ADAM12;PRDX3;INPP5A;FRG2B;TCERG1L;TACC2;SFXN4;GLRX3;SPRN;MGMT;FAM24B;PSTK;PLEKHA1;FAM204A;OAT;BNIP3;EIF3A;C10orf90;FGFR2;C10orf88;MMP21;PTPRE;PDZD8;NSMCE4A;WDR11;INPP5F;ATE1;PAOX;CYP2E1;RAB11FIP2;SEC23IP;CACUL1;FUOM;FANK1;GPR26;ACADSB;BTBD16;NKX1-2;PRAP1;DMBT1;PRLHR,"[15, 193, 523, 1042, 1481, 1653, 1742, 1980, 2786, 2902, 2979, 3169, 3249, 3779, 4034, 4181, 4332, 4334, 4698, 5010, 5296, 5344, 5358, 5529, 5578, 5696, 5895, 5966, 6291, 6398, 6887, 6899, 7024, 7055, 7077, 7367, 7376, 7506, 7536, 8344, 8398, 8693, 8718, 8865, 9128, 9450, 9724, 9895, 9914, 10105, 10745, 10857, 10860, 10940, 10960, 11071, 11650, 11691, 11772, 11875, 12121, 12143, 12430, 12557, 12576, 12655, 13174, 13188, 13529, 13675, 13924, 15039, 15334, 15349, 15730, 15751, 15887, 16668, 17002, 17186, 17196, 17364, 17366]",c1.all__chr10q26
c1.all,chr12q24,prerank,-0.17361280916033023,-0.7867797335217925,0.9680638722554891,0.9069585074818008,1.0,70_194,70/194,34.66%,DAO;CCDC60;P2RX2;RPH3A;ZNF891;NAA25;DNAH10;MORN3;NOS1;RASAL1;ZNF10;SVOP;OASL;PLBD2;GIT2;RAD9B;ZNF268;CAMKK2;MAPKAPK5;GTF2H3;KNTC1;ZNF26;IFT81;FBXW8;TMEM233;MAP1LC3B2;ANAPC5;ANKRD13A;TMEM132D;DIABLO;TMEM132B;P2RX4;PTPN11;DDX55;PIWIL1;CHFR;SDS;ATP2A2;HECTD4;WSB2;RIMBP2;SDSL;LRRC43;CUX2;SFSWAP;HRK;FAM216A;ATP6V0A2;C12orf43;RNFT2;SBNO1;OAS2;MMAB;ZNF84;ACAD10;FBXO21;MPHOSPH9;TRAFD1;KSR2;GLT1D1;ABCB9;VPS29;ANAPC7;SRRM4;FAM222A;TCTN1;TESC;TMEM120B;BRI3BP;MVK,ARL6IP4;TBX3;FOXN4;HVCN1;SIRT4;PXN;TRPV4;MSI1;SELPLG;UNG;PLA2G1B;ORAI1;ZCCHC8;HSPB8;HPD;CDK2AP1;P2RX7;PPP1CC;ALDH2;HCAR1;CCDC62;GOLGA3;TBX5;PITPNM2;HNF1A;UNC119B;SCARB1;PUS1;TMEM132C;OAS1;DYNLL1;MYO1H;DTX1;FBRSL1;ULK1;RILPL2;UBC;RPL6;SSH1;CCDC92;VPS37B;NCOR2;PXMP2;PGAM5;SNRNP35;SETD1B;SRSF9;HCAR2;ZNF605;STX2;CABP1;VSIG10;DNAH10OS;ACACB;POLE;MLEC;B3GNT4;RILPL1;POP5;HIP1R;COX6A1;DDX51;ERP29;RPLP0;RNF10;SH2B3;ZNF664;ACADS;TPCN1;RSRC2;ANKLE2;TCTN2;PSMD9;MED13L;FZD10;CIT;RHOF;IQCD;SPPL3;MMP17;TRIAP1;RAB35;GALNT9;AACS;TCHP;NOC4L;RBM19;KCTD10;RFC5;BRAP;ZNF140;RAN;BCL7A;RNF34;ATXN2;ARPC3;VPS33A;CLIP1;DDX54;PPTC7;GPN3;GLTP;DHX37;USP30;TAOK3;GATC;KDM2B;ALKBH2;SUDS3;C12orf76;UBE3B;EIF2B1;OGFOD2;SLC15A4;EP400;CORO1C;PRKAB1;MLXIP;OAS3;PEBP1;TMEM116;COQ5;TMED2;DENR;MVK;BRI3BP;TMEM120B;TESC;TCTN1;FAM222A;SRRM4;ANAPC7;VPS29;ABCB9;GLT1D1;KSR2;TRAFD1;MPHOSPH9;FBXO21;ACAD10;ZNF84;MMAB;OAS2;SBNO1;RNFT2;C12orf43;ATP6V0A2;FAM216A;HRK;SFSWAP;CUX2;LRRC43;SDSL;RIMBP2;WSB2;HECTD4;ATP2A2;SDS;CHFR;PIWIL1;DDX55;PTPN11;P2RX4;TMEM132B;DIABLO;TMEM132D;ANKRD13A;ANAPC5;MAP1LC3B2;TMEM233;FBXW8;IFT81;ZNF26;KNTC1;GTF2H3;MAPKAPK5;CAMKK2;ZNF268;RAD9B;GIT2;PLBD2;OASL;SVOP;ZNF10;RASAL1;NOS1;MORN3;DNAH10;NAA25;ZNF891;RPH3A;P2RX2;CCDC60;DAO,"[505, 712, 784, 785, 816, 856, 1149, 1554, 1568, 1665, 1708, 1837, 1853, 2046, 2080, 2238, 2249, 2391, 2440, 2496, 2522, 2622, 2829, 2847, 2915, 3126, 3216, 3276, 3507, 3619, 3652, 3793, 3823, 3832, 3841, 3994, 4171, 4220, 4271, 4284, 4510, 4624, 4681, 4717, 4726, 4757, 4820, 4911, 4922, 5023, 5041, 5078, 5155, 5173, 5309, 5323, 5462, 5707, 5716, 5776, 5786, 5815, 5913, 6265, 6624, 6650, 6673, 6736, 6771, 6797, 6874, 7022, 7062, 7128, 7142, 7160, 7210, 7215, 7235, 7274, 7399, 7425, 7505, 7582, 7633, 7706, 7779, 8148, 8172, 8221, 8319, 8539, 8588, 8856, 8863, 8867, 8891, 9018, 9074, 9214, 9231, 9271, 9290, 9449, 9645, 9901, 9947, 9999, 10000, 10013, 10056, 10111, 10121, 10174, 10251, 10359, 10371, 10621, 10622, 10690, 10817, 10905, 11303, 11338, 11447, 11476, 11492, 11498, 11558, 11582, 11807, 11837, 11880, 11884, 11889, 11932, 11988, 12007, 12011, 12053, 12099, 12161, 12167, 12205, 12359, 12375, 12462, 12530, 12663, 12840, 12979, 13010, 13055, 13158, 13214, 13595, 13652, 13674, 13677, 13768, 13894, 13915, 13964, 14059, 14118, 14173, 14186, 14274, 14566, 14747, 14887, 14989, 14991, 15005, 15070, 15080, 15193, 15508, 15526, 15581, 15656, 15788, 15884, 15945, 15989, 16029, 16089, 16693, 16774, 16836, 16951, 16964, 17337, 17512]",c1.all__chr12q24
c1.all,chr14q24,prerank,-0.18813693081283808,-0.7796491473591628,0.9354207436399217,0.91173499971556,1.0,27_102,27/102,24.92%,SYNDIG1L;DNAL1;NRXN3;CCDC177;SAMD15;ENTPD5;PLEKHH1;GSTZ1;RBM25;PLEK2;RGS6;RPS6KL1;PLEKHD1;SYNJ2BP;PSEN1;ADAM20;AREL1;MAP3K9;SLC8A3;GPATCH2L;SLC39A9;ACOT4;YLPM1;ADAM21;DPF3;FAM161B;MLH3,JDP2;BATF;PGF;AHSA1;ACOT6;TGFB3;FOS;NGB;ZFP36L1;ABCD4;SLC10A1;ZDHHC22;PAPLN;IRF2BPL;NPC2;FLVCR2;ZC2HC1C;ARG2;GALNT16;LTBP2;ISM2;RDH12;ACTN1;SMOC1;IFT43;ACYP1;C14orf178;PROX2;NEK9;ALDH6A1;EIF2B2;VASH1;ACOT2;NUMB;ISCA2;ZFYVE1;ALKBH1;DLST;ESRRB;TMEM63C;EXD2;COX16;PIGH;PNMA1;TMED10;VTI1B;ADCK1;POMT2;ERH;DCAF4;DCAF5;HEATR4;NOXRED1;SLIRP;SIPA1L1;MED6;LIN52;ZNF410;SNW1;SRSF5;RDH11;TTLL5;TMED8;VIPAS39;RAD51B;VSX2;ACOT1;PTGR2;TTC9;ZFYVE26;TMEM229B;ANGEL1;SPTLC2;FCF1;COQ6;MLH3;FAM161B;DPF3;ADAM21;YLPM1;ACOT4;SLC39A9;GPATCH2L;SLC8A3;MAP3K9;AREL1;ADAM20;PSEN1;SYNJ2BP;PLEKHD1;RPS6KL1;RGS6;PLEK2;RBM25;GSTZ1;PLEKHH1;ENTPD5;SAMD15;CCDC177;NRXN3;DNAL1;SYNDIG1L,"[342, 521, 727, 804, 838, 978, 1219, 1245, 1595, 1675, 1762, 1999, 2625, 2737, 2760, 3109, 3367, 3411, 3559, 3608, 3765, 3892, 4155, 4427, 4569, 4623, 5615, 5842, 6021, 6124, 6169, 6210, 6371, 6531, 6837, 6860, 6976, 7170, 7242, 7280, 7303, 7324, 7611, 7617, 7741, 7837, 7931, 8132, 8337, 8445, 8770, 8955, 9110, 9596, 9811, 10034, 10088, 10122, 10375, 10578, 10792, 11016, 11060, 11162, 11240, 11449, 11647, 11704, 11914, 11991, 12137, 12149, 12443, 12708, 12784, 13153, 13184, 13254, 13287, 13570, 13620, 13809, 14030, 14152, 14477, 14481, 14482, 14594, 14762, 14852, 14905, 15440, 15892, 16235, 16358, 16364, 16418, 16552, 16669, 16837, 17036, 17450]",c1.all__chr14q24
c1.all,chr2p24,prerank,-0.25357268661502946,-0.7710056103398155,0.8085106382978723,0.9183258663076185,1.0,7_23,7/23,21.90%,GEN1;TTC32;MYCN;WDR35;GDF7;RAD51AP2;VSNL1,OSR1;NT5C1B;LAPTM4A;MATN3;KLHL29;HS1BP3;SDC1;TRIB2;RHOB;RDH14;NBAS;PUM2;SMC6;KCNS3;APOB;DDX1;VSNL1;RAD51AP2;GDF7;WDR35;MYCN;TTC32;GEN1,"[657, 2573, 2911, 3358, 4692, 5583, 5589, 7361, 8680, 8685, 9112, 10087, 10414, 10480, 10626, 11718, 13683, 14048, 14276, 14700, 15023, 15318, 15995]",c1.all__chr2p24
c1.all,chr16q23,prerank,-0.21017812277185322,-0.7609410567909357,0.8928571428571429,0.9264262890484303,1.0,13_47,13/47,20.11%,CDYL2;ADAMTS18;NUDT7;TMEM231;SYCE1L;CNTNAP4;ADAT1;CHST6;DYNLRB2;VAT1L;CLEC3A;CDH13;NECAB2,MLKL;CLEC18B;OSGIN1;MAF;CTRB1;TMEM170A;BCAR1;WWOX;CFDP1;C16orf46;GAN;WDR59;MPHOSPH6;CTRB2;ZNRF1;MLYCD;LDHD;CHST5;PLCG2;PSMD7;GABARAPL2;HSBP1;SLC38A8;CMIP;TERF2IP;CMC2;MON1B;ZFP1;GLG1;ATMIN;RFWD3;CENPN;FA2H;GCSH;NECAB2;CDH13;CLEC3A;VAT1L;DYNLRB2;CHST6;ADAT1;CNTNAP4;SYCE1L;TMEM231;NUDT7;ADAMTS18;CDYL2,"[36, 206, 703, 1694, 1748, 3343, 3506, 3868, 4548, 4558, 4722, 5212, 5321, 5455, 5610, 6087, 6206, 7994, 8064, 8738, 8813, 8986, 9873, 10187, 10507, 10865, 10961, 11970, 12210, 12488, 12514, 12967, 13154, 13365, 13996, 14209, 14580, 14720, 15100, 15198, 15549, 15556, 15712, 16004, 16455, 16469, 17018]",c1.all__chr16q23
c1.all,chr4q25,prerank,-0.227948592637064,-0.7167805076787372,0.878727634194831,0.9418492556992083,1.0,7_25,7/25,22.35%,COL25A1;RRH;DKK2;AP1AR;LRIT3;PLA2G12A;ELOVL6,CFI;LEF1;TIFA;CASP6;RPL34;EGF;ALPK1;OSTC;LARP7;SGMS2;GAR1;HADH;SEC24B;CYP2U1;NEUROG2;ENPEP;PAPSS1;ANK2;ELOVL6;PLA2G12A;LRIT3;AP1AR;DKK2;RRH;COL25A1,"[1145, 1357, 1873, 2147, 3066, 3525, 4065, 4579, 7488, 7623, 8136, 8617, 8871, 9659, 10258, 10752, 11857, 12475, 13603, 13663, 14451, 14525, 15286, 15919, 17268]",c1.all__chr4q25
c1.all,chr11p11,prerank,-0.20272150958001295,-0.7399193924300271,0.9100642398286938,0.9462441204368347,1.0,23_52,23/52,35.50%,AGBL2;FAM180B;FOLH1;CHRM4;HSD17B12;MTCH2;TSPAN18;CD82;HARBI1;PTPRJ;FNBP4;CREB3L1;ACCS;ACP2;ALKBH3;PTPMT1;KBTBD4;PACSIN3;MAPK8IP1;CRY2;CKAP5;PEX16;ARHGAP1,RAPSN;SPI1;LRP4;PHF21A;NR1H3;C11orf96;CHST1;DDB2;PRDM11;ZNF408;SLC35C1;DGKZ;SLC39A13;CELF1;PSMC3;F2;NDUFS3;ALX4;MDK;AMBRA1;C1QTNF4;TP53I11;ATG13;EXT2;NUP160;ARFGAP2;MYBPC3;MADD;SYT13;ARHGAP1;PEX16;CKAP5;CRY2;MAPK8IP1;PACSIN3;KBTBD4;PTPMT1;ALKBH3;ACP2;ACCS;CREB3L1;FNBP4;PTPRJ;HARBI1;CD82;TSPAN18;MTCH2;HSD17B12;CHRM4;FOLH1;FAM180B;AGBL2,"[426, 677, 739, 1602, 1900, 2507, 2528, 2801, 4066, 4106, 4873, 4933, 5549, 6929, 7216, 7278, 7397, 7440, 7521, 7727, 8458, 9460, 9606, 9607, 9858, 9943, 10215, 10289, 10526, 11300, 11315, 11336, 11344, 11405, 11475, 11842, 12062, 12997, 13075, 13271, 13798, 13862, 13891, 14568, 14722, 15698, 15815, 16059, 16207, 16633, 16802, 16830]",c1.all__chr11p11
c1.all,chr3p13,prerank,-0.28628864982904995,-0.7168777692052414,0.827037773359841,0.947168731838781,1.0,3_11,3/11,21.16%,GXYLT2;EIF4E3;EBLN2,PPP4R2;PDZRN3;PROK2;FOXP1;GPR27;SHQ1;RYBP;MITF;EBLN2;EIF4E3;GXYLT2,"[2727, 3123, 3224, 6316, 7228, 7566, 8312, 8468, 13812, 14949, 14999]",c1.all__chr3p13
c1.all,chr4q35,prerank,-0.2255148030307782,-0.7191117317091372,0.8895463510848126,0.950403581675868,1.0,13_28,13/28,33.25%,STOX2;MTNR1A;TRAPPC11;FRG1;UFSP2;LRP2BP;ENPP6;SORBS2;WWC2;CCDC110;PDLIM3;CASP3;FAM149A,ANKRD37;KLKB1;F11;IRF2;ING2;CDKN2AIP;RWDD4;DCTD;TRIML2;ACSL1;SLC25A4;FAT1;TLR3;CYP4V2;SNX25;FAM149A;CASP3;PDLIM3;CCDC110;WWC2;SORBS2;ENPP6;LRP2BP;UFSP2;FRG1;TRAPPC11;MTNR1A;STOX2,"[270, 968, 3873, 5196, 6046, 6794, 7548, 8409, 9086, 9364, 9429, 10314, 10466, 10485, 10929, 11695, 11745, 12200, 12341, 12710, 13710, 13836, 14096, 14119, 14516, 14631, 14744, 15121]",c1.all__chr4q35
c1.all,chr2p23,prerank,-0.1802642376202142,-0.7233459018634708,0.9574898785425101,0.9516041045974166,1.0,25_79,25/79,32.49%,LBH;CIB4;OTOF;EFR3B;DPYSL5;DNAJC5G;TRMT61B;CLIP4;WDR43;DNAJC27;FAM228B;ATAD2B;LCLAT1;DNMT3A;CAPN13;CGREF1;SLC4A1AP;PFN4;SLC35F6;SLC30A3;DRC1;ABHD1;ASXL2;SUPT7L;GCKR,FOSL2;POMC;TP53I3;CENPA;SPDYA;UCN;EMILIN1;KRTCAP3;PTRHD1;UBXN2A;TMEM214;ZNF513;SLC5A6;PPM1G;CCDC121;CAPN14;OST4;FKBP1B;EIF2B4;MAPRE3;KHK;FAM228A;ALK;NRBP1;GALNT14;ITSN2;CENPO;RBKS;PREB;MRPL33;HADHB;IFT172;CAD;SNX17;FNDC4;MFSD2B;KIF3C;ATRAID;NCOA1;GPN1;PLB1;ADCY3;DTNB;RAB10;YPEL5;GTF3C2;TRIM54;MPV17;HADHA;EHD3;AGBL5;ZNF512;KCNK3;PPP1CB;GCKR;SUPT7L;ASXL2;ABHD1;DRC1;SLC30A3;SLC35F6;PFN4;SLC4A1AP;CGREF1;CAPN13;DNMT3A;LCLAT1;ATAD2B;FAM228B;DNAJC27;WDR43;CLIP4;TRMT61B;DNAJC5G;DPYSL5;EFR3B;OTOF;CIB4;LBH,"[1355, 1372, 1822, 1848, 1867, 2184, 2457, 3327, 3664, 3707, 3737, 3813, 4184, 4386, 4393, 4492, 4582, 5064, 5259, 5342, 5385, 5759, 5774, 5807, 5974, 6121, 6392, 6473, 6907, 7087, 7272, 7284, 7484, 7519, 7707, 7792, 8124, 8210, 8350, 8558, 8613, 8726, 9185, 9227, 9260, 9577, 9925, 10030, 10131, 10339, 10747, 10848, 11167, 11554, 11828, 11866, 12071, 12087, 12217, 12363, 12515, 12564, 12627, 12965, 13228, 13268, 13386, 13604, 13909, 13941, 14178, 14450, 14558, 14598, 15859, 16380, 16648, 16809, 17008]",c1.all__chr2p23
c1.all,chr10q25,prerank,-0.19662725715770246,-0.6936132789586753,0.9346534653465347,0.9554298195067403,1.0,13_43,13/43,27.04%,VAX1;COL17A1;TRUB1;SFR1;GSTO2;VTI1A;DUSP5;SORCS3;BBIP1;ATRNL1;RBM20;ZDHHC6;SORCS1,CASP7;ITPRIP;ACSL5;PLEKHS1;MXI1;KCNK18;NRAP;SMNDC1;ADRB1;AFAP1L2;HABP2;GSTO1;ADRA2A;TCF7L2;GPAM;ENO4;DCLRE1A;VWA2;XPNPEP1;TDRD1;TECTB;SHOC2;ADD3;SMC3;HSPA12A;PDCD4;GFRA1;SLC18A2;NHLRC2;ABLIM1;SORCS1;ZDHHC6;RBM20;ATRNL1;BBIP1;SORCS3;DUSP5;VTI1A;GSTO2;SFR1;TRUB1;COL17A1;VAX1,"[263, 1258, 1318, 2105, 2951, 3334, 3417, 3849, 4060, 4096, 4706, 5230, 5248, 5609, 5632, 7190, 8008, 8043, 8742, 8832, 9063, 9609, 9769, 9871, 10869, 10899, 11143, 11378, 11409, 11926, 12783, 13064, 13083, 13243, 14264, 14345, 14554, 14934, 15432, 15741, 15810, 16351, 17332]",c1.all__chr10q25
c1.all,chr3q29,prerank,-0.20714358813769462,-0.7243669636891742,0.9263565891472868,0.9562181398632763,1.0,8_41,8/41,17.06%,TM4SF19;FGF12;GP5;OPA1;PPP1R2;DLG1;LMLN;IQCG,MUC4;SMCO1;TMEM44;FAM43A;HES1;APOD;CEP19;TNK2;SLC51A;MUC20;RPL35A;ATP13A5;ZDHHC19;LSG1;PAK2;RNF168;NCBP2;WDR53;PIGX;UBXN7;PIGZ;MB21D2;XXYLT1;PCYT1A;SENP5;FBXO45;TFRC;FYTTD1;ACAP2;LRCH3;ATP13A4;ATP13A3;BDH1;IQCG;LMLN;DLG1;PPP1R2;OPA1;GP5;FGF12;TM4SF19,"[495, 1185, 1402, 1458, 2380, 2562, 3291, 3351, 3372, 4130, 4202, 4634, 5304, 6790, 7541, 8074, 8264, 8327, 8540, 8932, 8988, 9186, 9483, 9627, 9883, 10182, 10683, 11026, 11146, 11212, 11285, 12899, 13573, 14531, 14978, 15116, 15628, 15789, 16249, 16328, 17177]",c1.all__chr3q29
c1.all,chrXq24,prerank,-0.2118256933424465,-0.6662030294723955,0.9348268839103869,0.9627668473773325,1.0,12_27,12/27,30.17%,GLUD2;WDR44;ZCCHC12;KLHL13;PGRMC1;TMEM255A;C1GALT1C1;MCTS1;AKAP14;DOCK11;CUL4B;SLC25A5,SOWAHD;RHOXF1;LONRF3;IL13RA1;KIAA1210;UPF3B;RNF113A;SLC25A43;NDUFA1;RPL39;NKRF;ZBTB33;LAMP2;UBE2A;NKAP;SLC25A5;CUL4B;DOCK11;AKAP14;MCTS1;C1GALT1C1;TMEM255A;PGRMC1;KLHL13;ZCCHC12;WDR44;GLUD2,"[500, 1132, 1506, 3069, 4401, 4538, 5062, 5151, 5246, 5363, 6768, 7164, 9877, 10358, 10575, 12234, 12382, 12466, 12575, 12647, 12836, 13298, 13933, 14995, 15531, 15905, 16405]",c1.all__chrXq24
c1.all,chr15q25,prerank,-0.17792930623366546,-0.6728229003796108,0.9573560767590619,0.9642482840702362,1.0,13_58,13/58,22.82%,CHRNA3;CHRNB4;IL16;RASGRF1;PDE8A;STARD5;IDH3A;SH3GL3;C15orf40;AGBL1;IREB2;ALPK3;GOLGA6L4,CRABP1;SH2D7;BCL2A1;DNAJA4;MTHFS;TBC1D2B;KLHL25;CTSH;FSD2;ST20;FAH;MEX3B;RPS17;ADAMTSL3;ST20-MTHFS;WHAMM;AP3B2;GOLGA6L9;NMB;ZNF592;ABHD17C;CIB2;BNC1;TMC3;ZFAND6;SEC11A;TMED3;MRPS11;CHRNA5;NTRK3;AKAP13;PSMA4;MORF4L1;MRPL46;ZSCAN2;SLC28A1;ADAMTS7;ACSBG1;CPEB1;HOMER2;ANKRD34C;TM6SF1;ARNT2;BTBD1;WDR73;GOLGA6L4;ALPK3;IREB2;AGBL1;C15orf40;SH3GL3;IDH3A;STARD5;PDE8A;RASGRF1;IL16;CHRNB4;CHRNA3,"[181, 690, 1133, 1646, 2259, 2273, 2567, 2612, 2696, 2897, 3983, 4194, 4247, 4270, 4838, 4964, 5046, 5071, 5130, 5139, 5257, 5744, 5793, 5997, 6010, 6058, 6749, 7323, 7388, 7569, 7606, 7767, 9012, 9207, 9540, 10106, 10448, 10529, 10635, 11126, 11955, 12451, 12609, 12960, 13077, 13522, 13599, 13661, 13818, 14065, 14860, 15381, 15767, 16046, 16709, 17050, 17088, 17278]",c1.all__chr15q25
c1.all,chr4q24,prerank,0.2421073764997109,0.7315312773971069,0.860655737704918,0.9684752487260131,1.0,1_23,1/23,0.98%,DDIT4L,DDIT4L;NFKB1;ARHGEF38;CXXC4;INTS12;UBE2D3;EMCN;BANK1;TBCK;BDH2;CISD2;SLC39A8;MANBA;SLC9B2;TACR3;AIMP1;PPA2;SLC9B1;PPP3CA;NPNT;TET2;CENPE;GSTCD,"[170, 4057, 4097, 4395, 4524, 5637, 6200, 6502, 6691, 7951, 8140, 8507, 8872, 8914, 9179, 10676, 11066, 11139, 11614, 13333, 13744, 14653, 16158]",c1.all__chr4q24
c1.all,chr6q15,prerank,0.2532830324552617,0.7419436590638679,0.8264642082429501,0.9690523307392651,1.0,2_20,2/20,5.00%,GABRR2;PNRC1,GABRR2;PNRC1;GJB7;C6orf163;SMIM8;AKIRIN2;PM20D2;MAP3K7;SRSF12;UBE2J1;SLC35A1;RRAGD;BACH2;RNGTT;CNR1;ANKRD6;ORC3;RARS2;MDN1;LYRM2,"[186, 875, 2788, 4356, 6179, 8488, 9111, 9199, 9426, 9655, 11739, 12348, 12588, 12894, 14344, 14541, 14665, 14849, 15736, 15784]",c1.all__chr6q15
c1.all,chr2q11,prerank,0.20148977678384286,0.7487651085703189,0.9059304703476483,0.9736493497846274,1.0,8_64,8/64,11.07%,IL1R2;ARID5A;LYG1;ADRA2B;ITPRIPL1;ASTL;LMAN2L;ZAP70,IL1R2;ARID5A;LYG1;ADRA2B;ITPRIPL1;ASTL;LMAN2L;ZAP70;LYG2;MITD1;IL1R1;MRPS5;RPL31;TEKT4;ANKRD23;STARD7;CNOT11;NPAS2;TBC1D8;COX5B;ZNF2;RNF149;EIF5B;MAP4K4;CHST10;KANSL3;MGAT4A;NCAPH;GPAT2;TMEM127;DUSP2;COA5;CNNM3;PDCL3;ZNF514;ACTR1B;CIAO1;SNRNP200;UNC50;REV1;AFF3;FAHD2A;LIPT1;TMEM131;KCNIP3;ANKRD39;C2orf15;PROM2;SEMA4C;INPP4A;MAL;CNGA3;FAM178B;VWA3B;LONRF2;FAHD2B;TXNDC9;CNNM4;TSGA10;MRPL30;RFX8;CREG2;ANKRD36C;ANKRD36,"[33, 449, 688, 714, 1197, 1370, 1605, 1939, 2662, 3061, 3361, 3538, 3614, 3993, 4029, 4208, 4308, 4321, 5217, 5276, 5542, 6038, 6540, 6824, 7646, 7802, 7888, 8086, 8307, 8603, 8683, 9013, 9334, 9384, 9529, 9971, 10302, 10421, 10801, 11045, 11116, 11233, 11236, 11731, 11733, 11885, 12296, 12483, 12844, 13156, 13217, 14204, 14206, 14466, 14630, 14636, 15548, 15666, 15774, 16321, 16799, 16989, 17161, 17264]",c1.all__chr2q11
c1.all,chr9p21,prerank,0.22553382120168997,0.7550274353390427,0.8638297872340426,0.9785515721157461,1.0,7_34,7/34,16.50%,IFNA2;DNAJA1;B4GALT1;CDKN2A;DMRTA1;MLLT3;IFNA13,IFNA2;DNAJA1;B4GALT1;CDKN2A;DMRTA1;MLLT3;IFNA13;CDKN2B;IFNA21;TUSC1;APTX;TOPORS;IFNE;NDUFB6;CAAP1;TEK;ACO1;ELAVL2;LRRC19;IFNA1;KLHL9;SMU1;MTAP;IFNA8;IFNW1;IFNA6;LINGO2;FOCAD;IFT74;PLAA;MOB3B;C9orf72;EQTN;TMEM215,"[38, 1202, 1628, 2543, 2628, 2833, 2889, 3977, 4584, 5231, 5935, 6360, 6643, 7379, 7540, 7870, 9081, 9407, 10207, 10376, 10627, 10664, 10981, 11566, 11701, 12258, 14253, 14537, 14975, 15009, 15367, 15926, 16885, 17120]",c1.all__chr9p21
c1.all,chr16p12,prerank,0.19831005468957483,0.7573635762375908,0.9110671936758893,0.9888117294507394,1.0,7_69,7/69,7.12%,IL4R;ACSM1;SDR42E2;APOBR;ITPRIPL2;PLK1;AQP8,IL4R;ACSM1;SDR42E2;APOBR;ITPRIPL2;PLK1;AQP8;TMC5;IL21R;SLC5A11;ARHGAP17;SYT17;CLN3;GGA2;GTF3C1;COG7;IQCK;HS3ST4;CCP110;DCUN1D3;OTOA;IGSF6;ACSM5;USP31;RPS15A;KNOP1;LCMT1;GPRC5B;RBBP6;CDR2;NDUFAB1;PDZD9;VWA3A;EEF2K;NSMCE1;METTL9;KDM8;GSG1L;POLR3E;HS3ST2;ARL6IP1;ERN2;UBFD1;THUMPD1;SBK1;ACSM3;TNRC6A;GDE1;XYLT1;PALB2;CACNG3;SMG1;XPO6;ZKSCAN2;EARS2;UQCRC2;COQ7;LYRM1;DCTN5;CRYM;PRKCB;EIF3CL;NOMO2;SCNN1G;ERI2;DNAH3;ANKS4B;TMC7;CHP2,"[222, 400, 569, 1023, 1050, 1157, 1246, 1868, 2346, 2641, 2925, 3050, 3519, 3864, 4521, 4562, 4602, 4611, 4805, 5070, 5208, 5466, 5605, 5845, 5993, 6011, 6655, 6909, 7691, 7833, 8065, 8080, 8253, 8359, 8753, 8823, 9151, 9299, 9369, 9403, 9532, 9624, 9626, 9747, 9761, 9954, 10017, 10161, 10603, 11362, 12052, 12293, 12713, 12935, 13040, 13322, 13363, 13397, 14359, 14961, 15245, 15595, 15708, 16544, 16736, 16960, 17092, 17112, 17257]",c1.all__chr16p12
c1.all,chr9q32,prerank,-0.17201891868280553,-0.5609963935837489,0.9781746031746031,0.9943602494440028,1.0,15_28,15/28,37.28%,WDR31;SLC31A2;SUSD1;SNX30;COL27A1;ZFP37;SLC46A2;SLC31A1;HSDL2;PTBP3;ALAD;BSPRY;INIP;FKBP15;KIF12,ORM2;RNF183;AMBP;KIAA1958;HDHD3;AKNA;CDC26;RGS3;C9orf43;ZNF618;ATP6V1G1;PRPF4;POLE3;KIF12;FKBP15;INIP;BSPRY;ALAD;PTBP3;HSDL2;SLC31A1;SLC46A2;ZFP37;COL27A1;SNX30;SUSD1;SLC31A2;WDR31,"[623, 1761, 1809, 2033, 3037, 3383, 3756, 3966, 5254, 6076, 7273, 9965, 10227, 10989, 11210, 11267, 11480, 12238, 12651, 12882, 13717, 13858, 14149, 14220, 14493, 14515, 16016, 16344]",c1.all__chr9q32
c1.all,chr2p15,prerank,0.16784664116835632,0.454330691622015,0.997979797979798,0.9983482122278392,1.0,2_15,2/15,13.81%,OTX1;XPO1,OTX1;XPO1;CCT4;C2orf74;COMMD1;PUS10;USP34;UGP2;EHBP1;FAM161A;PEX13;B3GNT2;MDH1;WDPCP;TMEM17,"[1339, 2418, 3888, 7141, 7335, 7555, 8884, 9432, 10525, 10776, 10824, 12538, 13000, 14114, 15664]",c1.all__chr2p15
c1.all,chr13q22,prerank,-0.13272775089795397,-0.35249070232740815,1.0,0.9999548322016291,1.0,3_13,3/13,30.10%,MYCBP2;SLAIN1;LMO7,KLF5;EDNRB;KCTD12;COMMD6;TBC1D4;UCHL3;CLN5;FBXL3;KLF12;SCEL;LMO7;SLAIN1;MYCBP2,"[1906, 4666, 5600, 5721, 5901, 6792, 7421, 8296, 9267, 10469, 12246, 13116, 15731]",c1.all__chr13q22
c1.all,chr3q27,prerank,0.17851221932921668,0.6619319916837403,0.9734151329243353,1.0,1.0,3_56,3/56,3.49%,KLHL6;LAMP3;BCL6,KLHL6;LAMP3;BCL6;POLR2H;LIPH;CRYGS;EIF2B5;RFC4;DVL3;ALG3;CLCN2;AP2M1;ST6GAL1;TMEM41A;DGKG;CHRD;EIF4G1;EPHB3;ABCC5;MAGEF1;PSMD2;RPL39L;DNAJB11;MCF2L2;TBCCD1;KNG1;TRA2B;HTR3E;LPP;EIF4A2;ABCF3;IGF2BP2;KLHL24;VWA5B2;SENP2;HRG;FAM131A;MCCC1;B3GNT5;YEATS2;PARL;CAMK2N2;C3orf70;RTP1;VPS8;ECE2;MASP1;MAP3K13;MAP6D1;THPO;ETV5;AHSG;EHHADH;FETUB;RTP4;SST,"[148, 404, 611, 1559, 2501, 2881, 3982, 4059, 4572, 5932, 6100, 6306, 6550, 6619, 6656, 6706, 6785, 6906, 7667, 8013, 8274, 8368, 8549, 8572, 8657, 9160, 9238, 9445, 9547, 9614, 9661, 9793, 10005, 10077, 10093, 10671, 10872, 11082, 11282, 11513, 12081, 12084, 12369, 12460, 13126, 13345, 13721, 13733, 14422, 14921, 15078, 15606, 15670, 16724, 16949, 17376]",c1.all__chr3q27
c1.all,chr17q11,prerank,0.176111606612106,0.6712780638870364,0.975051975051975,1.0,1.0,15_71,15/71,18.67%,LGALS9;CRYBA1;UNC119;PROCA1;TP53I13;GIT1;SLC6A4;RNF135;ABHD15;RHBDL3;SLC13A2;NUFIP2;COPRS;ANKRD13B;EVI2B,LGALS9;CRYBA1;UNC119;PROCA1;TP53I13;GIT1;SLC6A4;RNF135;ABHD15;RHBDL3;SLC13A2;NUFIP2;COPRS;ANKRD13B;EVI2B;LRRC37B;SDF2;FLOT2;SPAG5;RAB34;RPL23A;SUPT6H;TRAF4;SLC46A1;CORO6;CRLF3;ADAP2;ERAL1;KSR1;RHOT1;PHF12;TMEM97;TNFAIP1;FAM222B;IFT20;UTP6;PSMD11;BLMH;DHRS13;ZNF207;SSH2;ALDOC;CDK5R1;PIGS;NEK8;TEFM;SARM1;TMEM199;NSRP1;GOSR1;CPD;RAB11FIP4;NOS2;SUZ12;SEBOX;NLK;C17orf75;TAOK1;PIPOX;MYO18A;ATAD5;EFCAB5;TLCD1;OMG;TMEM98;LYRM9;EVI2A;NF1;MYO1D;SEZ6;WSB1,"[764, 1074, 1131, 1480, 1685, 1715, 1802, 1924, 1991, 2265, 2756, 2967, 3029, 3176, 3269, 4030, 4275, 4550, 4580, 4638, 4751, 4943, 5261, 5362, 5641, 6084, 6130, 6314, 6402, 6436, 6498, 6999, 7010, 7041, 7288, 7371, 7748, 7898, 8808, 9835, 10356, 10502, 10566, 10867, 11013, 11077, 11190, 11800, 11909, 11951, 12586, 12670, 12760, 12831, 13027, 13328, 13500, 13817, 14225, 14263, 14369, 14526, 14692, 15098, 15135, 15317, 15461, 15474, 16289, 16509, 16707]",c1.all__chr17q11
c1.all,chr17q23,prerank,0.13839881705330062,0.48690222734788463,1.0,1.0,1.0,10_44,10/44,22.86%,ICAM2;TBX2;CD79B;FTSJ3;MILR1;SMARCD2;KCNH6;PSMC5;SCN4A;MAP3K3,ICAM2;TBX2;CD79B;FTSJ3;MILR1;SMARCD2;KCNH6;PSMC5;SCN4A;MAP3K3;MRC2;LIMD2;PPM1D;TUBD1;PTRH2;TACO1;CYB561;MED13;TLK2;RPS6KB1;CEP95;ACE;HEATR6;DDX5;POLG2;RNFT1;TEX2;TANC2;CCDC47;APPBP2;DCAF7;BCAS3;DHX40;STRADA;VMP1;ERN1;DDX42;BRIP1;INTS2;CLTC;METTL2A;EFCAB3;CA4;USP32,"[640, 1125, 2306, 2317, 2672, 3283, 3370, 3560, 3739, 4003, 4528, 4640, 5105, 5851, 6012, 7167, 7302, 7490, 7690, 8108, 9335, 9399, 9608, 9867, 9951, 10256, 10499, 10835, 11272, 11423, 11640, 11681, 11770, 12473, 12668, 13205, 14088, 14120, 14367, 14540, 14979, 15470, 15600, 16852]",c1.all__chr17q23
c1.all,chr11q14,prerank,0.16633423556068,0.5868557875669798,0.9864341085271318,1.0,1.0,6_43,6/43,14.58%,CHORDC1;TRIM49D1;FAM181B;PRCP;FZD4;CCDC81,CHORDC1;TRIM49D1;FAM181B;PRCP;FZD4;CCDC81;KCTD21;NAALAD2;CTSC;TMEM126A;KCTD14;EED;PRSS23;USP35;RAB30;PCF11;NARS2;TMEM126B;TENM4;AAMDC;ALG8;CCDC90B;ANKRD42;CLNS1A;RSF1;NDUFC2;THRSP;SYTL2;ME3;AQP11;GAB2;FAT3;RAB38;TMEM135;PICALM;INTS4;NDUFC2-KCTD14;DLG2;CREBZF;PAK1;NOX4;CCDC89;GRM5,"[315, 644, 911, 1681, 2143, 2554, 3091, 3998, 4088, 4415, 4742, 4833, 5059, 5268, 7502, 7672, 8149, 8583, 8653, 8654, 8806, 9533, 9711, 9787, 10086, 10459, 10786, 11264, 11483, 11819, 12098, 12169, 12373, 12604, 13168, 13215, 13609, 14846, 15351, 15429, 16161, 16920, 17334]",c1.all__chr11q14
c1.all,chr3q21,prerank,0.1490395423473764,0.5650107971398459,0.9979879275653923,1.0,1.0,12_58,12/58,22.54%,KLF15;ITGB5;GATA2;DTX3L;TPRA1;ALDH1L1;ISY1;CSTA;PARP9;OSBPL11;SEC61A1;ABTB1,KLF15;ITGB5;GATA2;DTX3L;TPRA1;ALDH1L1;ISY1;CSTA;PARP9;OSBPL11;SEC61A1;ABTB1;MUC13;PLXNA1;RAB43;IFT122;SEMA5B;PODXL2;HSPBAP1;CHCHD6;MGLL;RUVBL1;SLC41A3;PARP14;RPN1;CNBP;KBTBD12;COPG1;PDIA5;UMPS;HEG1;CHST13;ZNF148;ZXDC;ADCY5;RAB7A;EEFSEC;ACAD9;SLC12A8;EFCAB12;C3orf22;WDR5B;KPNA1;PARP15;UROC1;EFCC1;FAM162A;KALRN;TXNRD3;MCM2;MBD4;SEC22A;ROPN1B;MYLK;ROPN1;CCDC14;SNX4;ISY1-RAB43,"[231, 1262, 1410, 1525, 2023, 2032, 2895, 3234, 3488, 3642, 3753, 3948, 4845, 5302, 6055, 6205, 6304, 6528, 6605, 7029, 7114, 7131, 7212, 8234, 8422, 8946, 9061, 9439, 9603, 9763, 9865, 10177, 10281, 10391, 10505, 10594, 10612, 10994, 11705, 11852, 11978, 12278, 12456, 12681, 12770, 12799, 13208, 13210, 13627, 13686, 13887, 13901, 14454, 14897, 15379, 15472, 16012, 17084]",c1.all__chr3q21
