TermCollection,Term,name,es,nes,pval,fdr,fwerp,leadhits_total,tag %,gene %,lead_genes,matched_genes,hits,TermCollection_Term
Tabula_Sapiens,Skin-cd4-positive Helper T Cell,prerank,0.5851608480727277,2.334639648265158,0.0,0.0,0.0,73_89,73/89,34.88%,CXCR4;IL7R;TSC22D3;SRGN;BTG1;ZFP36L2;VIM;RPS21;RPL36;RPS19;PTPRC;RPS15;RPS16;TPT1;RPLP1;FTL;RPS10;RPL34;RPL18;RPLP2;RPL9;RPS8;HLA-B;RPL18A;RPS3;RPS26;RPS28;RPL13A;RPL37A;RPL8;TMSB10;RPS5;RPS11;RPL28;RPL38;RPS29;RPL14;RPL35;RPL35A;RPS24;RPL6;RPS6;RPS27A;RPL3;RPS7;RPS3A;RPS25;RPS14;RPL7A;RPL29;RPL23A;RPS18;RPL32;UBA52;RPL19;RPS13;RPS9;RPSA;HLA-C;RPL11;NACA;RPS4X;RPL39;FAU;RPS2;EIF1;TXNIP;RPS27;GAPDH;RPS15A;RPL30;RPL5;RPL22,CXCR4;IL7R;TSC22D3;SRGN;BTG1;ZFP36L2;VIM;RPS21;RPL36;RPS19;PTPRC;RPS15;RPS16;TPT1;RPLP1;FTL;RPS10;RPL34;RPL18;RPLP2;RPL9;RPS8;HLA-B;RPL18A;RPS3;RPS26;RPS28;RPL13A;RPL37A;RPL8;TMSB10;RPS5;RPS11;RPL28;RPL38;RPS29;RPL14;RPL35;RPL35A;RPS24;RPL6;RPS6;RPS27A;RPL3;RPS7;RPS3A;RPS25;RPS14;RPL7A;RPL29;RPL23A;RPS18;RPL32;UBA52;RPL19;RPS13;RPS9;RPSA;HLA-C;RPL11;NACA;RPS4X;RPL39;FAU;RPS2;EIF1;TXNIP;RPS27;GAPDH;RPS15A;RPL30;RPL5;RPL22;RPL37;RPLP0;PABPC1;RPL41;RPS23;HLA-A;PTMA;RPL10A;RPL21;EEF1A1;FTH1;RPL12;B2M;TMSB4X;RPL15;RPL26,"[50, 1012, 1034, 1146, 1239, 1382, 1399, 1679, 2297, 2336, 2422, 2583, 2683, 2707, 2741, 3009, 3058, 3066, 3110, 3161, 3204, 3240, 3273, 3274, 3341, 3446, 3464, 3478, 3513, 3549, 3661, 3685, 3907, 3938, 3947, 4056, 4093, 4163, 4202, 4212, 4220, 4340, 4464, 4465, 4486, 4491, 4542, 4601, 4603, 4699, 4751, 4800, 4803, 4863, 4864, 4883, 4925, 5014, 5034, 5044, 5174, 5294, 5363, 5365, 5472, 5574, 5739, 5753, 5812, 5993, 6030, 6075, 6109, 6213, 6265, 6350, 6566, 6735, 7026, 7036, 7111, 7173, 7718, 7728, 8419, 8759, 8993, 10085, 16730]",Tabula_Sapiens__Skin-cd4-positive Helper T Cell
Tabula_Sapiens,Thymus-thymocyte,prerank,0.5696556164567788,2.280314701946464,0.0,0.0,0.0,70_90,70/90,34.68%,DDIT4;CXCR4;NFKBIA;TSC22D3;SRGN;BTG1;ZFP36L2;CD3E;RPS21;RPL36;RPS19;RPS15;RPS16;TPT1;RPLP1;ARHGDIB;RPL34;RPL18;RPLP2;RPL9;RPS8;RPL18A;RPS3;RPS26;RPS28;RPL13A;RPL37A;RPL8;TMSB10;RPS5;RPL27;RPL28;RPL38;RPS29;RPL14;RPL35;RPL35A;RPS24;RPL6;RPS6;RPS27A;RPL3;RPS7;RPS3A;RPS25;RPS14;RPL7A;RPL29;RPS18;RPL32;UBA52;RPL19;RPS13;RPS9;RPSA;RPL11;NACA;RPS4X;RPL4;RPL39;FAU;RPS2;EIF1;TXNIP;RPS27;ITM2A;PFN1;RPS15A;RPL30;RPL5,DDIT4;CXCR4;NFKBIA;TSC22D3;SRGN;BTG1;ZFP36L2;CD3E;RPS21;RPL36;RPS19;RPS15;RPS16;TPT1;RPLP1;ARHGDIB;RPL34;RPL18;RPLP2;RPL9;RPS8;RPL18A;RPS3;RPS26;RPS28;RPL13A;RPL37A;RPL8;TMSB10;RPS5;RPL27;RPL28;RPL38;RPS29;RPL14;RPL35;RPL35A;RPS24;RPL6;RPS6;RPS27A;RPL3;RPS7;RPS3A;RPS25;RPS14;RPL7A;RPL29;RPS18;RPL32;UBA52;RPL19;RPS13;RPS9;RPSA;RPL11;NACA;RPS4X;RPL4;RPL39;FAU;RPS2;EIF1;TXNIP;RPS27;ITM2A;PFN1;RPS15A;RPL30;RPL5;RPL37;RPLP0;RPL41;RPS23;PTMA;RPL10A;RPL21;EEF1A1;FTH1;RPL12;B2M;JAK1;TMSB4X;EEF2;RPL15;EEF1B2;ACTG1;HNRNPA1;SOX4;NDFIP1,"[17, 50, 438, 1034, 1146, 1239, 1382, 1555, 1679, 2297, 2336, 2583, 2683, 2707, 2741, 2742, 3066, 3110, 3161, 3204, 3240, 3274, 3341, 3446, 3464, 3478, 3513, 3549, 3661, 3685, 3894, 3938, 3947, 4056, 4093, 4163, 4202, 4212, 4220, 4340, 4464, 4465, 4486, 4491, 4542, 4601, 4603, 4699, 4800, 4803, 4863, 4864, 4883, 4925, 5014, 5044, 5174, 5294, 5360, 5363, 5365, 5472, 5574, 5739, 5753, 5805, 5977, 5993, 6030, 6075, 6213, 6265, 6566, 6735, 7036, 7111, 7173, 7718, 7728, 8419, 8759, 8760, 8993, 9092, 10085, 11512, 11600, 13047, 13059, 14033]",Tabula_Sapiens__Thymus-thymocyte
Tabula_Sapiens,"Thymus-cd8-positive, Alpha-Beta T Cell",prerank,0.5816141306462564,2.3552793854285388,0.0,0.0,0.0,68_89,68/89,31.82%,CXCR4;IL32;IL7R;TSC22D3;SRGN;FOS;BTG1;ZFP36L2;RPS21;RPL36;RPS19;PTPRC;RPS15;RPS16;TPT1;RPLP1;HLA-E;JUND;RPL34;RPL18;RPLP2;RPL9;RPS8;HLA-B;RPL18A;RPS3;RPS26;RPS28;RPL13A;RPL37A;RPL8;TMSB10;RPS11;RPL28;RPL38;RPS29;RPL14;RPS20;RPL35;RPL35A;RPS24;RPL6;RPS6;RPS27A;RPL3;RPS7;RPS3A;RPS25;RPS14;RPL7A;RPL29;RPL23A;RPS18;RPL32;UBA52;RPL19;RPS13;RPS9;RPSA;RPL27A;RPL11;NACA;RPS4X;RPL39;FAU;RPS2;CCL5;EIF1,CXCR4;IL32;IL7R;TSC22D3;SRGN;FOS;BTG1;ZFP36L2;RPS21;RPL36;RPS19;PTPRC;RPS15;RPS16;TPT1;RPLP1;HLA-E;JUND;RPL34;RPL18;RPLP2;RPL9;RPS8;HLA-B;RPL18A;RPS3;RPS26;RPS28;RPL13A;RPL37A;RPL8;TMSB10;RPS11;RPL28;RPL38;RPS29;RPL14;RPS20;RPL35;RPL35A;RPS24;RPL6;RPS6;RPS27A;RPL3;RPS7;RPS3A;RPS25;RPS14;RPL7A;RPL29;RPL23A;RPS18;RPL32;UBA52;RPL19;RPS13;RPS9;RPSA;RPL27A;RPL11;NACA;RPS4X;RPL39;FAU;RPS2;CCL5;EIF1;TXNIP;RPS27;RPS15A;RPL30;RPL5;RPL37;RPL41;RPS23;HLA-A;PTMA;RPL10A;RPL21;EEF1A1;RPL12;B2M;TMSB4X;DDX5;RPL15;CCL4;CALM1;RPL26,"[50, 314, 1012, 1034, 1146, 1219, 1239, 1382, 1679, 2297, 2336, 2422, 2583, 2683, 2707, 2741, 2908, 3051, 3066, 3110, 3161, 3204, 3240, 3273, 3274, 3341, 3446, 3464, 3478, 3513, 3549, 3661, 3907, 3938, 3947, 4056, 4093, 4125, 4163, 4202, 4212, 4220, 4340, 4464, 4465, 4486, 4491, 4542, 4601, 4603, 4699, 4751, 4800, 4803, 4863, 4864, 4883, 4925, 5014, 5032, 5044, 5174, 5294, 5363, 5365, 5472, 5546, 5574, 5739, 5753, 5993, 6030, 6075, 6213, 6566, 6735, 7026, 7036, 7111, 7173, 7718, 8419, 8759, 8993, 9867, 10085, 10797, 13283, 16730]","Tabula_Sapiens__Thymus-cd8-positive, Alpha-Beta T Cell"
Tabula_Sapiens,Bone Marrow-naive B Cell,prerank,0.5824246888357031,2.3491321661579065,0.0,0.0,0.0,67_89,67/89,30.63%,CD37;HLA-DRB5;CD52;HLA-DRA;CD74;LAPTM5;BTG1;RPS21;EEF1D;HLA-DPA1;RPL36;RPS19;RPS15;CD79A;RPS16;TPT1;RPLP1;FTL;RPS10;RPL34;RPL18;RPLP2;RPL9;RPS8;HLA-B;RPL18A;RPS3;RPS26;RPS28;RPL13A;RPL37A;RPL8;TMSB10;RPS5;RPS11;RPL28;RPL38;RPS29;RPL14;RPS20;RPL35;RPL35A;RPS24;RPL6;RPS6;RPS27A;RPL3;RPS7;RPS3A;RPS25;RPS14;RPL7A;RPL29;RPL23A;RPS18;RPL32;UBA52;RPL19;RPS13;RPS9;RPSA;RPL27A;RPL11;NACA;RPS4X;RPL39;FAU,CD37;HLA-DRB5;CD52;HLA-DRA;CD74;LAPTM5;BTG1;RPS21;EEF1D;HLA-DPA1;RPL36;RPS19;RPS15;CD79A;RPS16;TPT1;RPLP1;FTL;RPS10;RPL34;RPL18;RPLP2;RPL9;RPS8;HLA-B;RPL18A;RPS3;RPS26;RPS28;RPL13A;RPL37A;RPL8;TMSB10;RPS5;RPS11;RPL28;RPL38;RPS29;RPL14;RPS20;RPL35;RPL35A;RPS24;RPL6;RPS6;RPS27A;RPL3;RPS7;RPS3A;RPS25;RPS14;RPL7A;RPL29;RPL23A;RPS18;RPL32;UBA52;RPL19;RPS13;RPS9;RPSA;RPL27A;RPL11;NACA;RPS4X;RPL39;FAU;RPS2;TXNIP;RPS27;RPS15A;RPL30;RPL5;RPL37;RPLP0;RPL41;RPS23;PTMA;RPL10A;RPL21;EEF1A1;FTH1;RPL12;B2M;TMSB4X;RPL15;EEF1B2;MS4A1;RPL26,"[436, 542, 830, 855, 908, 919, 1239, 1679, 1776, 1918, 2297, 2336, 2583, 2657, 2683, 2707, 2741, 3009, 3058, 3066, 3110, 3161, 3204, 3240, 3273, 3274, 3341, 3446, 3464, 3478, 3513, 3549, 3661, 3685, 3907, 3938, 3947, 4056, 4093, 4125, 4163, 4202, 4212, 4220, 4340, 4464, 4465, 4486, 4491, 4542, 4601, 4603, 4699, 4751, 4800, 4803, 4863, 4864, 4883, 4925, 5014, 5032, 5044, 5174, 5294, 5363, 5365, 5472, 5739, 5753, 5993, 6030, 6075, 6213, 6265, 6566, 6735, 7036, 7111, 7173, 7718, 7728, 8419, 8759, 8993, 10085, 11512, 15249, 16730]",Tabula_Sapiens__Bone Marrow-naive B Cell
Tabula_Sapiens,Kidney-cd4-positive Helper T Cell,prerank,0.5647293284384078,2.263342441399586,0.0,0.0,0.0,64_86,64/86,30.63%,CXCR4;S100A4;IL7R;TSC22D3;FOS;BTG1;ZFP36L2;RPS21;RPL36;RPS19;RPS15;RPS16;TPT1;RPLP1;HLA-E;RPL34;RPL18;RPLP2;RPL9;RPS8;HLA-B;RPL18A;RPS3;RPS26;RPS28;RPL13A;RPL37A;RPL8;TMSB10;RPS5;RPL27;RPS11;RPL28;RPL38;RPS29;RPL14;RPS20;RPL35;RPL35A;RPS24;RPL6;RPS6;RPS27A;RPL3;RPS7;RPS3A;RPS25;RPS14;RPL7A;RPL29;RPL23A;RPS18;RPL32;UBA52;RPL19;RPS13;RPS9;RPSA;RPL27A;RPL11;NACA;RPS4X;RPL39;FAU,CXCR4;S100A4;IL7R;TSC22D3;FOS;BTG1;ZFP36L2;RPS21;RPL36;RPS19;RPS15;RPS16;TPT1;RPLP1;HLA-E;RPL34;RPL18;RPLP2;RPL9;RPS8;HLA-B;RPL18A;RPS3;RPS26;RPS28;RPL13A;RPL37A;RPL8;TMSB10;RPS5;RPL27;RPS11;RPL28;RPL38;RPS29;RPL14;RPS20;RPL35;RPL35A;RPS24;RPL6;RPS6;RPS27A;RPL3;RPS7;RPS3A;RPS25;RPS14;RPL7A;RPL29;RPL23A;RPS18;RPL32;UBA52;RPL19;RPS13;RPS9;RPSA;RPL27A;RPL11;NACA;RPS4X;RPL39;FAU;RPS2;EIF1;TXNIP;RPS27;RPS15A;RPL30;RPL5;RPL37;RPL41;RPS23;PTMA;RPL10A;RPL21;EEF1A1;RPL12;B2M;TMSB4X;DDX5;RPL15;EEF1B2;CD69;RPL26,"[50, 245, 1012, 1034, 1219, 1239, 1382, 1679, 2297, 2336, 2583, 2683, 2707, 2741, 2908, 3066, 3110, 3161, 3204, 3240, 3273, 3274, 3341, 3446, 3464, 3478, 3513, 3549, 3661, 3685, 3894, 3907, 3938, 3947, 4056, 4093, 4125, 4163, 4202, 4212, 4220, 4340, 4464, 4465, 4486, 4491, 4542, 4601, 4603, 4699, 4751, 4800, 4803, 4863, 4864, 4883, 4925, 5014, 5032, 5044, 5174, 5294, 5363, 5365, 5472, 5574, 5739, 5753, 5993, 6030, 6075, 6213, 6566, 6735, 7036, 7111, 7173, 7718, 8419, 8759, 8993, 9867, 10085, 11512, 16391, 16730]",Tabula_Sapiens__Kidney-cd4-positive Helper T Cell
Tabula_Sapiens,Thymus-vein Endothelial Cell,prerank,0.5584041676215346,2.212439209345292,0.0,0.0,0.0,64_88,64/88,33.18%,MT2A;NFKBIA;CD74;IFITM3;FOS;VIM;RPS21;ZFP36;VWF;RPL36;RPS19;HSP90AB1;RPS15;RPS16;TPT1;RPLP1;HLA-E;FTL;RPL34;RPL18;RPLP2;RPL9;RPS8;RPL18A;RPS3;RPS28;RPL13A;RPL37A;ADAMTS1;RPL8;TMSB10;RPS5;RPL28;RPS29;RPL14;RPL35;RPL35A;RPS24;RPL6;RPS6;RPS27A;RPL3;RPS7;RPS3A;RPS25;RPS14;RPL7A;RPL29;RPS18;RPL32;RPL19;RPS13;RPS9;RPL11;NACA;RPS4X;RPL39;FAU;GSN;RPS2;EIF1;TXNIP;RPS27;GAPDH,MT2A;NFKBIA;CD74;IFITM3;FOS;VIM;RPS21;ZFP36;VWF;RPL36;RPS19;HSP90AB1;RPS15;RPS16;TPT1;RPLP1;HLA-E;FTL;RPL34;RPL18;RPLP2;RPL9;RPS8;RPL18A;RPS3;RPS28;RPL13A;RPL37A;ADAMTS1;RPL8;TMSB10;RPS5;RPL28;RPS29;RPL14;RPL35;RPL35A;RPS24;RPL6;RPS6;RPS27A;RPL3;RPS7;RPS3A;RPS25;RPS14;RPL7A;RPL29;RPS18;RPL32;RPL19;RPS13;RPS9;RPL11;NACA;RPS4X;RPL39;FAU;GSN;RPS2;EIF1;TXNIP;RPS27;GAPDH;RPS15A;RPL30;RPL5;RPL37;RPLP0;RPL41;RPS23;PTMA;RPL10A;RPL21;EEF1A1;FTH1;SPARCL1;RPL12;PLVAP;B2M;TMSB4X;MGP;FABP4;RPL15;ITM2B;IGFBP7;ACTG1;RPL26,"[145, 438, 908, 970, 1219, 1399, 1679, 1852, 1921, 2297, 2336, 2454, 2583, 2683, 2707, 2741, 2908, 3009, 3066, 3110, 3161, 3204, 3240, 3274, 3341, 3464, 3478, 3513, 3516, 3549, 3661, 3685, 3938, 4056, 4093, 4163, 4202, 4212, 4220, 4340, 4464, 4465, 4486, 4491, 4542, 4601, 4603, 4699, 4800, 4803, 4864, 4883, 4925, 5044, 5174, 5294, 5363, 5365, 5373, 5472, 5574, 5739, 5753, 5812, 5993, 6030, 6075, 6213, 6265, 6566, 6735, 7036, 7111, 7173, 7718, 7728, 7992, 8419, 8694, 8759, 8993, 9257, 9876, 10085, 11214, 11361, 11600, 16730]",Tabula_Sapiens__Thymus-vein Endothelial Cell
Tabula_Sapiens,Mammary-pericyte Cell,prerank,0.5540947694096039,2.2075673198822265,0.0,0.0,0.0,54_88,54/88,28.12%,DDIT4;MT2A;CEBPD;PLIN2;PDGFRB;IFITM3;BTG1;VIM;TIMP1;TFPI;SERPINE1;PDK4;RPL36;RPS19;RPS15;TIMP3;RPS16;TPT1;RPLP1;FTL;RPL34;RPL18;RPLP2;RPL9;RPS8;RPL18A;RPS3;RPS28;RPL13A;RPL37A;RPL8;RPS5;RPS11;RPL28;RPL14;RPL35;RPL35A;RPS24;RPL6;RPS6;RPS27A;RPL3;RPS7;RPS3A;RPS14;RPL7A;RPL29;RPL23A;RPS18;RPL32;UBA52;RPL19;RPS13;RPS9,DDIT4;MT2A;CEBPD;PLIN2;PDGFRB;IFITM3;BTG1;VIM;TIMP1;TFPI;SERPINE1;PDK4;RPL36;RPS19;RPS15;TIMP3;RPS16;TPT1;RPLP1;FTL;RPL34;RPL18;RPLP2;RPL9;RPS8;RPL18A;RPS3;RPS28;RPL13A;RPL37A;RPL8;RPS5;RPS11;RPL28;RPL14;RPL35;RPL35A;RPS24;RPL6;RPS6;RPS27A;RPL3;RPS7;RPS3A;RPS14;RPL7A;RPL29;RPL23A;RPS18;RPL32;UBA52;RPL19;RPS13;RPS9;RPL11;RPS4X;RPL39;FAU;RPS2;EIF1;RPS27;GAPDH;RPS15A;RPL30;RPL5;CALD1;RPL37;RPLP0;CST3;RPL41;RPS23;AKAP12;PTMA;RPL10A;RPL21;EEF1A1;FTH1;RPL12;COL4A2;B2M;TMSB4X;EEF2;LDHA;RPL15;IGFBP7;COL4A1;ADAMTS4;RPL26,"[17, 145, 312, 537, 646, 970, 1239, 1399, 1515, 1966, 1969, 2104, 2297, 2336, 2583, 2602, 2683, 2707, 2741, 3009, 3066, 3110, 3161, 3204, 3240, 3274, 3341, 3464, 3478, 3513, 3549, 3685, 3907, 3938, 4093, 4163, 4202, 4212, 4220, 4340, 4464, 4465, 4486, 4491, 4601, 4603, 4699, 4751, 4800, 4803, 4863, 4864, 4883, 4925, 5044, 5294, 5363, 5365, 5472, 5574, 5753, 5812, 5993, 6030, 6075, 6176, 6213, 6265, 6273, 6566, 6735, 6752, 7036, 7111, 7173, 7718, 7728, 8419, 8521, 8759, 8993, 9092, 9695, 10085, 11361, 11830, 16093, 16730]",Tabula_Sapiens__Mammary-pericyte Cell
Tabula_Sapiens,Blood-monocyte,prerank,0.5954854525213329,2.3940646971700597,0.0,0.0,0.0,65_88,65/88,30.63%,S100A8;S100A4;CYBA;LYZ;TYROBP;S100A9;S100A11;S100A6;VIM;S100A10;RPS21;CTSS;RPL36;RPS19;RPS15;RPS16;LGALS1;TPT1;RPLP1;SH3BGRL3;COTL1;FTL;RPL34;OAZ1;RPL18;RPLP2;VCAN;RPL9;RPS8;HLA-B;RPL18A;RPS3;RPS28;RPL13A;RPL37A;RPL8;TMSB10;RPS11;RPL28;RPS29;RPL14;RPS20;RPL35A;RPS24;RPL6;RPS6;RPS27A;RPL3;RPS7;RPS3A;RPS14;RPL7A;RPL29;RPS18;RPL32;UBA52;RPL19;RPS13;RPS9;RPL27A;RPL11;NACA;RPS4X;RPL39;FAU,S100A8;S100A4;CYBA;LYZ;TYROBP;S100A9;S100A11;S100A6;VIM;S100A10;RPS21;CTSS;RPL36;RPS19;RPS15;RPS16;LGALS1;TPT1;RPLP1;SH3BGRL3;COTL1;FTL;RPL34;OAZ1;RPL18;RPLP2;VCAN;RPL9;RPS8;HLA-B;RPL18A;RPS3;RPS28;RPL13A;RPL37A;RPL8;TMSB10;RPS11;RPL28;RPS29;RPL14;RPS20;RPL35A;RPS24;RPL6;RPS6;RPS27A;RPL3;RPS7;RPS3A;RPS14;RPL7A;RPL29;RPS18;RPL32;UBA52;RPL19;RPS13;RPS9;RPL27A;RPL11;NACA;RPS4X;RPL39;FAU;RPS2;EIF1;TXNIP;RPS27;GAPDH;RPS15A;RPL30;RPL5;AIF1;RPL37;CST3;RPL41;RPS23;PTMA;RPL21;EEF1A1;FTH1;RPL12;B2M;TMSB4X;RPL15;ACTG1;RPL26,"[157, 245, 470, 574, 656, 820, 1102, 1299, 1399, 1551, 1679, 1687, 2297, 2336, 2583, 2683, 2686, 2707, 2741, 2777, 2856, 3009, 3066, 3070, 3110, 3161, 3195, 3204, 3240, 3273, 3274, 3341, 3464, 3478, 3513, 3549, 3661, 3907, 3938, 4056, 4093, 4125, 4202, 4212, 4220, 4340, 4464, 4465, 4486, 4491, 4601, 4603, 4699, 4800, 4803, 4863, 4864, 4883, 4925, 5032, 5044, 5174, 5294, 5363, 5365, 5472, 5574, 5739, 5753, 5812, 5993, 6030, 6075, 6152, 6213, 6273, 6566, 6735, 7036, 7173, 7718, 7728, 8419, 8759, 8993, 10085, 11600, 16730]",Tabula_Sapiens__Blood-monocyte
Tabula_Sapiens,Prostate-cd8b-positive Nk T Cell,prerank,0.5947822440921826,2.375139959747556,0.0,0.0,0.0,67_88,67/88,31.82%,HSPA1A;HSPA1B;DNAJB1;CXCR4;HSP90AA1;IL7R;TSC22D3;SRGN;DNAJA1;BTG1;RPS21;RPL36;RPS19;JUN;HSP90AB1;RPS15;RPS16;TPT1;RPLP1;FTL;JUND;RPL34;RPL18;RPLP2;RPL9;RPS8;RPL18A;RPS3;RPS28;RPL13A;RPL37A;RPL8;RPS5;RPS11;RPL28;RPS29;RPL14;RPS20;RPL35;RPL35A;RPS24;RPL6;RPS6;RPS27A;RPL3;RPS7;RPS3A;RPS25;RPS14;RPL7A;RPL29;RPL23A;RPS18;RPL32;UBA52;RPL19;RPS13;RPS9;RPL27A;RPL11;NACA;RPS4X;RPL39;FAU;RPS2;CCL5;EIF1,HSPA1A;HSPA1B;DNAJB1;CXCR4;HSP90AA1;IL7R;TSC22D3;SRGN;DNAJA1;BTG1;RPS21;RPL36;RPS19;JUN;HSP90AB1;RPS15;RPS16;TPT1;RPLP1;FTL;JUND;RPL34;RPL18;RPLP2;RPL9;RPS8;RPL18A;RPS3;RPS28;RPL13A;RPL37A;RPL8;RPS5;RPS11;RPL28;RPS29;RPL14;RPS20;RPL35;RPL35A;RPS24;RPL6;RPS6;RPS27A;RPL3;RPS7;RPS3A;RPS25;RPS14;RPL7A;RPL29;RPL23A;RPS18;RPL32;UBA52;RPL19;RPS13;RPS9;RPL27A;RPL11;NACA;RPS4X;RPL39;FAU;RPS2;CCL5;EIF1;TXNIP;RPS27;RPS15A;RPL30;RPL5;RPL37;RPL41;RPS23;PTMA;RPL10A;RPL21;EEF1A1;HSPA8;GNLY;RPL12;B2M;TMSB4X;RPL15;CCL4;CD69;RPL26,"[2, 7, 8, 50, 996, 1012, 1034, 1146, 1202, 1239, 1679, 2297, 2336, 2405, 2454, 2583, 2683, 2707, 2741, 3009, 3051, 3066, 3110, 3161, 3204, 3240, 3274, 3341, 3464, 3478, 3513, 3549, 3685, 3907, 3938, 4056, 4093, 4125, 4163, 4202, 4212, 4220, 4340, 4464, 4465, 4486, 4491, 4542, 4601, 4603, 4699, 4751, 4800, 4803, 4863, 4864, 4883, 4925, 5032, 5044, 5174, 5294, 5363, 5365, 5472, 5546, 5574, 5739, 5753, 5993, 6030, 6075, 6213, 6566, 6735, 7036, 7111, 7173, 7718, 7892, 8051, 8419, 8759, 8993, 10085, 10797, 16391, 16730]",Tabula_Sapiens__Prostate-cd8b-positive Nk T Cell
Tabula_Sapiens,Bone Marrow-monocyte,prerank,0.609447441182753,2.452633714681788,0.0,0.0,0.0,62_89,62/89,28.85%,S100A12;IL1R2;S100A8;S100A4;NFKBIA;LYZ;CD163;S100A9;CD74;SRGN;FOS;S100A6;VIM;S100A10;RPS21;CTSS;RPS19;JUN;RPS15;LGALS1;TPT1;RPLP1;SH3BGRL3;FTL;RPL34;OAZ1;RPL18;RPLP2;VCAN;RPS8;HLA-B;RPL18A;RPS3;RPS26;RPS28;RPL13A;RPL37A;KLF6;RPL8;TMSB10;RPS11;RPL28;RPL38;RPS29;RPL35A;RPS24;RPL6;RPS6;RPS27A;RPS7;RPS3A;RPS14;RPL7A;RPL29;RPS18;RPL32;UBA52;RPL19;RPS13;RPS9;RPL11;ANXA1,S100A12;IL1R2;S100A8;S100A4;NFKBIA;LYZ;CD163;S100A9;CD74;SRGN;FOS;S100A6;VIM;S100A10;RPS21;CTSS;RPS19;JUN;RPS15;LGALS1;TPT1;RPLP1;SH3BGRL3;FTL;RPL34;OAZ1;RPL18;RPLP2;VCAN;RPS8;HLA-B;RPL18A;RPS3;RPS26;RPS28;RPL13A;RPL37A;KLF6;RPL8;TMSB10;RPS11;RPL28;RPL38;RPS29;RPL35A;RPS24;RPL6;RPS6;RPS27A;RPS7;RPS3A;RPS14;RPL7A;RPL29;RPS18;RPL32;UBA52;RPL19;RPS13;RPS9;RPL11;ANXA1;RPS4X;RPL39;FAU;RPS2;TXNIP;RPS27;GAPDH;RPS15A;RPL30;AIF1;RPL37;CST3;PABPC1;RPL41;RPS23;PTMA;RPL21;EEF1A1;FTH1;RPL12;B2M;TMSB4X;MNDA;RPL15;EREG;ACTG1;RPL26,"[11, 33, 157, 245, 438, 574, 818, 820, 908, 1146, 1219, 1299, 1399, 1551, 1679, 1687, 2336, 2405, 2583, 2686, 2707, 2741, 2777, 3009, 3066, 3070, 3110, 3161, 3195, 3240, 3273, 3274, 3341, 3446, 3464, 3478, 3513, 3544, 3549, 3661, 3907, 3938, 3947, 4056, 4202, 4212, 4220, 4340, 4464, 4486, 4491, 4601, 4603, 4699, 4800, 4803, 4863, 4864, 4883, 4925, 5044, 5053, 5294, 5363, 5365, 5472, 5739, 5753, 5812, 5993, 6030, 6152, 6213, 6273, 6350, 6566, 6735, 7036, 7173, 7718, 7728, 8419, 8759, 8993, 9168, 10085, 11223, 11600, 16730]",Tabula_Sapiens__Bone Marrow-monocyte
Tabula_Sapiens,Uterus-t Cell,prerank,0.5905225617324368,2.378296635228115,0.0,0.0,0.0,66_90,66/90,30.63%,HSPA1A;HSP90AA1;IL7R;TSC22D3;SRGN;BTG1;VIM;RPS21;RPL36;RPS19;HSP90AB1;RPS15;RPS16;TPT1;RPLP1;FTL;JUND;RPL34;RPL18;RPLP2;RPL9;RPS8;HLA-B;RPL18A;RPS3;RPS26;RPS28;RPL13A;RPL37A;RPL8;TMSB10;RPS5;RPL28;RPL38;RPS29;RPL14;RPS20;RPL35;RPL35A;RPS24;RPL6;RPS6;RPS27A;RPL3;RPS7;RPS3A;RPS25;RPS14;RPL7A;RPL29;RPL23A;RPS18;RPL32;UBA52;RPL19;RPS13;RPS9;RPSA;RPL27A;HLA-C;RPL11;ANXA1;NACA;RPS4X;RPL39;FAU,HSPA1A;HSP90AA1;IL7R;TSC22D3;SRGN;BTG1;VIM;RPS21;RPL36;RPS19;HSP90AB1;RPS15;RPS16;TPT1;RPLP1;FTL;JUND;RPL34;RPL18;RPLP2;RPL9;RPS8;HLA-B;RPL18A;RPS3;RPS26;RPS28;RPL13A;RPL37A;RPL8;TMSB10;RPS5;RPL28;RPL38;RPS29;RPL14;RPS20;RPL35;RPL35A;RPS24;RPL6;RPS6;RPS27A;RPL3;RPS7;RPS3A;RPS25;RPS14;RPL7A;RPL29;RPL23A;RPS18;RPL32;UBA52;RPL19;RPS13;RPS9;RPSA;RPL27A;HLA-C;RPL11;ANXA1;NACA;RPS4X;RPL39;FAU;RPS2;EIF1;RPS27;GAPDH;RPS15A;RPL30;RPL5;RPL37;RPLP0;RPL41;RPS23;HLA-A;PTMA;RPL10A;RPL21;EEF1A1;FTH1;HSPA8;RPL12;B2M;TMSB4X;RPL15;CALM1;RPL26,"[2, 996, 1012, 1034, 1146, 1239, 1399, 1679, 2297, 2336, 2454, 2583, 2683, 2707, 2741, 3009, 3051, 3066, 3110, 3161, 3204, 3240, 3273, 3274, 3341, 3446, 3464, 3478, 3513, 3549, 3661, 3685, 3938, 3947, 4056, 4093, 4125, 4163, 4202, 4212, 4220, 4340, 4464, 4465, 4486, 4491, 4542, 4601, 4603, 4699, 4751, 4800, 4803, 4863, 4864, 4883, 4925, 5014, 5032, 5034, 5044, 5053, 5174, 5294, 5363, 5365, 5472, 5574, 5753, 5812, 5993, 6030, 6075, 6213, 6265, 6566, 6735, 7026, 7036, 7111, 7173, 7718, 7728, 7892, 8419, 8759, 8993, 10085, 13283, 16730]",Tabula_Sapiens__Uterus-t Cell
Tabula_Sapiens,Lymph Node-endothelial Cell,prerank,0.6320654038843116,2.5027537843189376,0.0,0.0,0.0,62_88,62/88,29.01%,HSPB1;MMP9;MT2A;CEBPD;MMRN1;CLU;CD74;IFITM3;HSP90AA1;FOS;S100A6;VIM;TIMP1;ANXA2;S100A10;RPS21;ZFP36;VWF;TFPI;SERF2;RPL36;RPS19;JUN;RPS15;TIMP3;TPT1;RPLP1;HLA-E;FTL;RPL34;CD63;RPL18;RPLP2;RPL9;RPS8;HLA-B;RPL18A;IGFBP4;RPS3;RPS28;RPL37A;RPL8;TMSB10;RPL28;RPL35A;RPS24;RPS6;RPS27A;RPL3;RPS7;RPS3A;RPS25;RPS14;RPL7A;RPL29;RPS18;RPL32;RPL19;RPS13;RPS9;RPL11;MYL6,HSPB1;MMP9;MT2A;CEBPD;MMRN1;CLU;CD74;IFITM3;HSP90AA1;FOS;S100A6;VIM;TIMP1;ANXA2;S100A10;RPS21;ZFP36;VWF;TFPI;SERF2;RPL36;RPS19;JUN;RPS15;TIMP3;TPT1;RPLP1;HLA-E;FTL;RPL34;CD63;RPL18;RPLP2;RPL9;RPS8;HLA-B;RPL18A;IGFBP4;RPS3;RPS28;RPL37A;RPL8;TMSB10;RPL28;RPL35A;RPS24;RPS6;RPS27A;RPL3;RPS7;RPS3A;RPS25;RPS14;RPL7A;RPL29;RPS18;RPL32;RPL19;RPS13;RPS9;RPL11;MYL6;RPS4X;RPL39;FAU;RPS2;EIF1;RPS27;GAPDH;RPS15A;RPL30;RPL37;RPLP0;CST3;RPL41;RPS23;PTMA;EEF1A1;FTH1;SPARCL1;RPL12;B2M;TMSB4X;MGP;RPL15;ITM2B;IGFBP7;ACTG1,"[4, 9, 145, 312, 571, 751, 908, 970, 996, 1219, 1299, 1399, 1515, 1542, 1551, 1679, 1852, 1921, 1966, 2068, 2297, 2336, 2405, 2583, 2602, 2707, 2741, 2908, 3009, 3066, 3076, 3110, 3161, 3204, 3240, 3273, 3274, 3331, 3341, 3464, 3513, 3549, 3661, 3938, 4202, 4212, 4340, 4464, 4465, 4486, 4491, 4542, 4601, 4603, 4699, 4800, 4803, 4864, 4883, 4925, 5044, 5081, 5294, 5363, 5365, 5472, 5574, 5753, 5812, 5993, 6030, 6213, 6265, 6273, 6566, 6735, 7036, 7718, 7728, 7992, 8419, 8759, 8993, 9257, 10085, 11214, 11361, 11600]",Tabula_Sapiens__Lymph Node-endothelial Cell
Tabula_Sapiens,Blood-cd24 Neutrophil,prerank,0.5368290971643862,2.068073058713891,0.0,0.0,0.0,40_71,40/71,24.10%,S100A12;S100A8;CYBA;LYZ;IFITM2;RETN;BPI;LCN2;S100A9;TSPO;ALOX5AP;SRGN;S100A6;VIM;RPS21;SERF2;RPL36;RPS19;RPS15;TPT1;RPLP1;ARHGDIB;AZU1;FTL;RPL34;OAZ1;CD63;RPLP2;RPL9;RPS8;RPS3;MYL12A;RPS28;RPL27;RPS11;RPL28;RPS29;RPL35;RPS24;RPL6,S100A12;S100A8;CYBA;LYZ;IFITM2;RETN;BPI;LCN2;S100A9;TSPO;ALOX5AP;SRGN;S100A6;VIM;RPS21;SERF2;RPL36;RPS19;RPS15;TPT1;RPLP1;ARHGDIB;AZU1;FTL;RPL34;OAZ1;CD63;RPLP2;RPL9;RPS8;RPS3;MYL12A;RPS28;RPL27;RPS11;RPL28;RPS29;RPL35;RPS24;RPL6;RPS14;RPS18;RPS13;RPSA;RPL11;MYL6;RPS4X;LTF;RPL39;FAU;RPS2;RPS27;PFN1;RPL30;RPL37;PABPC1;RPL41;PTMA;EEF1A1;B2M;TMSB4X;MNDA;ELANE;ACTG1;HMGB1;CALM1;CD46;MPO;CEACAM8;PGLYRP1;PRTN3,"[11, 157, 470, 574, 633, 672, 720, 756, 820, 915, 1045, 1146, 1299, 1399, 1679, 2068, 2297, 2336, 2583, 2707, 2741, 2742, 2992, 3009, 3066, 3070, 3076, 3161, 3204, 3240, 3341, 3359, 3464, 3894, 3907, 3938, 4056, 4163, 4212, 4220, 4601, 4800, 4883, 5014, 5044, 5081, 5294, 5338, 5363, 5365, 5472, 5753, 5977, 6030, 6213, 6350, 6566, 7036, 7718, 8759, 8993, 9168, 11164, 11600, 12555, 13283, 14057, 14227, 16217, 16414, 16516]",Tabula_Sapiens__Blood-cd24 Neutrophil
Tabula_Sapiens,"Spleen-naive Thymus-Derived Cd4-Positive, Alpha-Beta T Cell",prerank,0.5740762501447422,2.2876153631111014,0.0,0.0,0.0,70_91,70/91,32.85%,CXCR4;KLF2;IL7R;BTG1;ZFP36L2;RPS21;EEF1D;RPL36;RPS19;RPS15;RPS16;TPT1;RPLP1;FTL;JUND;RPL34;RPL18;RPLP2;RPL9;RPS8;HLA-B;RPL18A;RPS3;RPS28;RPL13A;RPL37A;RPL8;RPL31;TMSB10;RPS5;RPL27;RPS11;RPL28;RPL38;RPS29;RPL14;RPS20;RPL35;RPL35A;RPS24;RPL6;RPS6;RPS27A;RPL3;RPS7;RPS3A;RPS25;RPS14;RPL7A;RPL29;RPL23A;RPS18;RPL32;UBA52;RPL19;RPS13;RPS9;RPL7;RPSA;RPL27A;RPL11;NACA;RPS4X;RPL4;RPL39;FAU;RPS2;EIF1;TXNIP;RPS27,CXCR4;KLF2;IL7R;BTG1;ZFP36L2;RPS21;EEF1D;RPL36;RPS19;RPS15;RPS16;TPT1;RPLP1;FTL;JUND;RPL34;RPL18;RPLP2;RPL9;RPS8;HLA-B;RPL18A;RPS3;RPS28;RPL13A;RPL37A;RPL8;RPL31;TMSB10;RPS5;RPL27;RPS11;RPL28;RPL38;RPS29;RPL14;RPS20;RPL35;RPL35A;RPS24;RPL6;RPS6;RPS27A;RPL3;RPS7;RPS3A;RPS25;RPS14;RPL7A;RPL29;RPL23A;RPS18;RPL32;UBA52;RPL19;RPS13;RPS9;RPL7;RPSA;RPL27A;RPL11;NACA;RPS4X;RPL4;RPL39;FAU;RPS2;EIF1;TXNIP;RPS27;RPS15A;RPL30;RPL5;RPL37;RPLP0;PABPC1;RPL41;RPS23;PTMA;RPL10A;RPL21;EEF1A1;FTH1;RPL12;B2M;TMSB4X;EEF2;RPL15;EEF1B2;ACTG1;RPL26,"[50, 811, 1012, 1239, 1382, 1679, 1776, 2297, 2336, 2583, 2683, 2707, 2741, 3009, 3051, 3066, 3110, 3161, 3204, 3240, 3273, 3274, 3341, 3464, 3478, 3513, 3549, 3614, 3661, 3685, 3894, 3907, 3938, 3947, 4056, 4093, 4125, 4163, 4202, 4212, 4220, 4340, 4464, 4465, 4486, 4491, 4542, 4601, 4603, 4699, 4751, 4800, 4803, 4863, 4864, 4883, 4925, 4984, 5014, 5032, 5044, 5174, 5294, 5360, 5363, 5365, 5472, 5574, 5739, 5753, 5993, 6030, 6075, 6213, 6265, 6350, 6566, 6735, 7036, 7111, 7173, 7718, 7728, 8419, 8759, 8993, 9092, 10085, 11512, 11600, 16730]","Tabula_Sapiens__Spleen-naive Thymus-Derived Cd4-Positive, Alpha-Beta T Cell"
Tabula_Sapiens,Muscle-endothelial Cell Of Lymphatic Vessel,prerank,0.6621120816555895,2.631732403971773,0.0,0.0,0.0,65_87,65/87,28.80%,HSPA1A;HSPB1;HSPA1B;DNAJB1;CEBPD;NFKBIA;YBX3;MMRN1;HSPH1;GADD45B;IFITM3;HSPD1;HSP90AA1;DNAJA1;S100A6;VIM;S100A10;ZFP36;TFPI;RPL36;RPS19;JUN;HSP90AB1;ADIRF;RPS15;TIMP3;TFF3;TPT1;RPLP1;HLA-E;FTL;RPL34;RPL18;RPL9;RPS8;HLA-B;RPL18A;RPS3;RPS28;RPL13A;RPL37A;KLF6;RPL8;TMSB10;CXCL2;RPS11;RPL28;RPS29;RPL14;RPL35A;RPS24;RPS6;RPS27A;RPL3;RPS7;RPS3A;RPS14;RPL7A;RPS18;RPL32;RPL19;RPS13;RPS9;RPL27A;RPL11,HSPA1A;HSPB1;HSPA1B;DNAJB1;CEBPD;NFKBIA;YBX3;MMRN1;HSPH1;GADD45B;IFITM3;HSPD1;HSP90AA1;DNAJA1;S100A6;VIM;S100A10;ZFP36;TFPI;RPL36;RPS19;JUN;HSP90AB1;ADIRF;RPS15;TIMP3;TFF3;TPT1;RPLP1;HLA-E;FTL;RPL34;RPL18;RPL9;RPS8;HLA-B;RPL18A;RPS3;RPS28;RPL13A;RPL37A;KLF6;RPL8;TMSB10;CXCL2;RPS11;RPL28;RPS29;RPL14;RPL35A;RPS24;RPS6;RPS27A;RPL3;RPS7;RPS3A;RPS14;RPL7A;RPS18;RPL32;RPL19;RPS13;RPS9;RPL27A;RPL11;RPS4X;RPL39;FAU;RPS2;EIF1;RPS27;RPS15A;RPL30;RPL37;RPL41;RPS23;AKAP12;PTMA;EEF1A1;FTH1;HSPA8;RPL12;B2M;TMSB4X;SOD2;RPL15;IGFBP7,"[2, 4, 7, 8, 312, 438, 466, 571, 718, 762, 970, 987, 996, 1202, 1299, 1399, 1551, 1852, 1966, 2297, 2336, 2405, 2454, 2504, 2583, 2602, 2699, 2707, 2741, 2908, 3009, 3066, 3110, 3204, 3240, 3273, 3274, 3341, 3464, 3478, 3513, 3544, 3549, 3661, 3816, 3907, 3938, 4056, 4093, 4202, 4212, 4340, 4464, 4465, 4486, 4491, 4601, 4603, 4800, 4803, 4864, 4883, 4925, 5032, 5044, 5294, 5363, 5365, 5472, 5574, 5753, 5993, 6030, 6213, 6566, 6735, 6752, 7036, 7718, 7728, 7892, 8419, 8759, 8993, 9365, 10085, 11361]",Tabula_Sapiens__Muscle-endothelial Cell Of Lymphatic Vessel
Tabula_Sapiens,Prostate-endothelial Cell,prerank,0.5740658391589809,2.2585583134998273,0.0,0.0,0.0,60_86,60/86,30.68%,HSPA1A;SOCS3;CEBPD;KLF2;IFITM3;HSP90AA1;FLT1;FOS;BTG1;VIM;RPS21;ZFP36;VWF;RPL36;RPS19;JUN;HSP90AB1;RPS15;TIMP3;TPT1;RPLP1;HLA-E;FTL;JUND;RPL34;RPL18;RPLP2;RPL9;RPS8;RPL18A;RPS3;RPS28;RPL13A;RPL37A;RPL8;TMSB10;TSC22D1;RPS11;RPL28;RPL35A;RPS24;RPS6;RPS27A;RPL3;RPS7;RPS3A;RPS14;RPL7A;RPL29;RPS18;RPL32;RPL19;RPS13;RPS9;RPL11;NACA;RPS4X;RPL39;FAU;GSN,HSPA1A;SOCS3;CEBPD;KLF2;IFITM3;HSP90AA1;FLT1;FOS;BTG1;VIM;RPS21;ZFP36;VWF;RPL36;RPS19;JUN;HSP90AB1;RPS15;TIMP3;TPT1;RPLP1;HLA-E;FTL;JUND;RPL34;RPL18;RPLP2;RPL9;RPS8;RPL18A;RPS3;RPS28;RPL13A;RPL37A;RPL8;TMSB10;TSC22D1;RPS11;RPL28;RPL35A;RPS24;RPS6;RPS27A;RPL3;RPS7;RPS3A;RPS14;RPL7A;RPL29;RPS18;RPL32;RPL19;RPS13;RPS9;RPL11;NACA;RPS4X;RPL39;FAU;GSN;RPS2;EIF1;TXNIP;RPS27;RPS15A;RPL30;RPL5;RPL37;RPL41;LIFR;RPS23;HLA-A;PTMA;RPL21;EEF1A1;FTH1;EPAS1;FOSB;SPARCL1;RPL12;B2M;TMSB4X;RPL15;ITM2B;RPL26;EGR1,"[2, 158, 312, 811, 970, 996, 1094, 1219, 1239, 1399, 1679, 1852, 1921, 2297, 2336, 2405, 2454, 2583, 2602, 2707, 2741, 2908, 3009, 3051, 3066, 3110, 3161, 3204, 3240, 3274, 3341, 3464, 3478, 3513, 3549, 3661, 3795, 3907, 3938, 4202, 4212, 4340, 4464, 4465, 4486, 4491, 4601, 4603, 4699, 4800, 4803, 4864, 4883, 4925, 5044, 5174, 5294, 5363, 5365, 5373, 5472, 5574, 5739, 5753, 5993, 6030, 6075, 6213, 6566, 6638, 6735, 7026, 7036, 7173, 7718, 7728, 7874, 7914, 7992, 8419, 8759, 8993, 10085, 11214, 16730, 17016]",Tabula_Sapiens__Prostate-endothelial Cell
Tabula_Sapiens,Eye-corneal Keratocyte,prerank,0.5828411429437461,2.3163925548082203,0.0,0.0,0.0,63_90,63/90,28.80%,SLPI;MT2A;CEBPD;FBLN1;PRELP;C3;ADH1B;CLU;IFITM3;HSP90AA1;IGFBP6;FOS;S100A6;DCN;VIM;C1R;RPS21;IGFBP5;ZFP36;SERPING1;RPL36;RPS19;JUN;APOD;RPS15;TIMP3;RPS16;TPT1;RPLP1;FTL;RPL34;RPL18;RPLP2;RPL9;RPS8;RPL18A;RPS3;RPS28;RPL13A;RPL37A;RPL8;RPS11;RPL28;RPS29;RPL14;RPL35;RPL35A;RPS24;RPS6;RPS27A;RPL3;RPS3A;RPS25;RPS14;RPL7A;RPL29;RPS18;RPL32;RPL19;RPS13;RPS9;RPL27A;RPL11,SLPI;MT2A;CEBPD;FBLN1;PRELP;C3;ADH1B;CLU;IFITM3;HSP90AA1;IGFBP6;FOS;S100A6;DCN;VIM;C1R;RPS21;IGFBP5;ZFP36;SERPING1;RPL36;RPS19;JUN;APOD;RPS15;TIMP3;RPS16;TPT1;RPLP1;FTL;RPL34;RPL18;RPLP2;RPL9;RPS8;RPL18A;RPS3;RPS28;RPL13A;RPL37A;RPL8;RPS11;RPL28;RPS29;RPL14;RPL35;RPL35A;RPS24;RPS6;RPS27A;RPL3;RPS3A;RPS25;RPS14;RPL7A;RPL29;RPS18;RPL32;RPL19;RPS13;RPS9;RPL27A;RPL11;RPS4X;RPL39;FAU;GSN;RPS2;EIF1;RPS27;RPS15A;RPL30;RPL5;RPL37;CST3;RPL41;RPS23;RPL21;EEF1A1;FTH1;FOSB;RPL12;B2M;MGP;RPL15;CXCL14;IGFBP7;MMP2;RPL26;EGR1,"[42, 145, 312, 317, 327, 554, 648, 751, 970, 996, 1105, 1219, 1299, 1395, 1399, 1505, 1679, 1810, 1852, 2181, 2297, 2336, 2405, 2562, 2583, 2602, 2683, 2707, 2741, 3009, 3066, 3110, 3161, 3204, 3240, 3274, 3341, 3464, 3478, 3513, 3549, 3907, 3938, 4056, 4093, 4163, 4202, 4212, 4340, 4464, 4465, 4491, 4542, 4601, 4603, 4699, 4800, 4803, 4864, 4883, 4925, 5032, 5044, 5294, 5363, 5365, 5373, 5472, 5574, 5753, 5993, 6030, 6075, 6213, 6273, 6566, 6735, 7173, 7718, 7728, 7914, 8419, 8759, 9257, 10085, 10280, 11361, 14153, 16730, 17016]",Tabula_Sapiens__Eye-corneal Keratocyte
Tabula_Sapiens,Eye-mast Cell,prerank,0.5261131091305673,2.080215836215609,0.0,0.0,0.0,62_84,62/84,30.63%,NFKBIA;GADD45B;HSP90AA1;TSC22D3;SRGN;BTG1;BIRC3;VIM;RPS21;ZFP36;PPP1R15A;RPL36;RPS19;JUN;RGS2;TPSAB1;RPS15;RPS16;TPT1;RPLP1;ARHGDIB;RGS1;FTL;JUND;RPL34;CREM;RPL18;RPLP2;RPL9;RPS8;RPL18A;RPS3;RPS28;RPL37A;RPS11;RPL28;RPS29;RPL14;RPL35A;RPS24;RPS6;RPS27A;RPL3;RPS3A;RPS25;RPS14;RPL7A;RPL29;RPL23A;RPS18;RPL32;UBA52;RPL19;RPS13;LMNA;RPS9;RPL27A;RPL11;NACA;RPS4X;RPL39;FAU,NFKBIA;GADD45B;HSP90AA1;TSC22D3;SRGN;BTG1;BIRC3;VIM;RPS21;ZFP36;PPP1R15A;RPL36;RPS19;JUN;RGS2;TPSAB1;RPS15;RPS16;TPT1;RPLP1;ARHGDIB;RGS1;FTL;JUND;RPL34;CREM;RPL18;RPLP2;RPL9;RPS8;RPL18A;RPS3;RPS28;RPL37A;RPS11;RPL28;RPS29;RPL14;RPL35A;RPS24;RPS6;RPS27A;RPL3;RPS3A;RPS25;RPS14;RPL7A;RPL29;RPL23A;RPS18;RPL32;UBA52;RPL19;RPS13;LMNA;RPS9;RPL27A;RPL11;NACA;RPS4X;RPL39;FAU;EIF1;RPS27;RPS15A;NR4A2;RPL30;RPL5;RPL37;RPL41;RPS23;PTMA;RPL21;EEF1A1;FTH1;FOSB;RPL12;B2M;TMSB4X;RPL15;SYAP1;CD69;RPL26;ADCYAP1,"[438, 762, 996, 1034, 1146, 1239, 1351, 1399, 1679, 1852, 2264, 2297, 2336, 2405, 2412, 2414, 2583, 2683, 2707, 2741, 2742, 2808, 3009, 3051, 3066, 3086, 3110, 3161, 3204, 3240, 3274, 3341, 3464, 3513, 3907, 3938, 4056, 4093, 4202, 4212, 4340, 4464, 4465, 4491, 4542, 4601, 4603, 4699, 4751, 4800, 4803, 4863, 4864, 4883, 4905, 4925, 5032, 5044, 5174, 5294, 5363, 5365, 5574, 5753, 5993, 6025, 6030, 6075, 6213, 6566, 6735, 7036, 7173, 7718, 7728, 7914, 8419, 8759, 8993, 10085, 13566, 16391, 16730, 17419]",Tabula_Sapiens__Eye-mast Cell
Tabula_Sapiens,Large Intestine-plasma Cell,prerank,0.5856045769748657,2.359303819296916,0.0,0.0,0.0,65_89,65/89,30.63%,MZB1;CYBA;EZR;HSP90AA1;TSC22D3;SRGN;AHNAK;VIM;RPS21;HERPUD1;RPL36;RPS19;HSP90AB1;RPS15;RPS16;TPT1;RPLP1;FTL;JUND;RPL34;RPL18;RPLP2;RPL9;RPS8;RPL18A;RPS3;RPS28;RPL13A;RPL37A;RPL8;RPL36AL;TMSB10;RPS5;RPS11;RPL28;RPS29;RPL14;RPS20;RPL35;RPL35A;RPS24;RPL6;RPS6;RPS27A;RPL3;RPS7;RPS3A;RPS25;RPS14;RPL7A;RPL29;RPL23A;RPS18;RPL32;UBA52;RPL19;RPS13;LMNA;RPS9;RPL27A;RPL11;NACA;RPS4X;RPL39;FAU,MZB1;CYBA;EZR;HSP90AA1;TSC22D3;SRGN;AHNAK;VIM;RPS21;HERPUD1;RPL36;RPS19;HSP90AB1;RPS15;RPS16;TPT1;RPLP1;FTL;JUND;RPL34;RPL18;RPLP2;RPL9;RPS8;RPL18A;RPS3;RPS28;RPL13A;RPL37A;RPL8;RPL36AL;TMSB10;RPS5;RPS11;RPL28;RPS29;RPL14;RPS20;RPL35;RPL35A;RPS24;RPL6;RPS6;RPS27A;RPL3;RPS7;RPS3A;RPS25;RPS14;RPL7A;RPL29;RPL23A;RPS18;RPL32;UBA52;RPL19;RPS13;LMNA;RPS9;RPL27A;RPL11;NACA;RPS4X;RPL39;FAU;RPS2;EIF1;HSP90B1;RPS27;RPS15A;RPL30;RPL5;RPL37;RPLP0;RPL41;RPS23;SSR4;PTMA;RPL10A;RPL21;CCL3;EEF1A1;RPL12;B2M;TMSB4X;RPL15;CCL4;EEF1B2;RPL26,"[75, 470, 669, 996, 1034, 1146, 1208, 1399, 1679, 2276, 2297, 2336, 2454, 2583, 2683, 2707, 2741, 3009, 3051, 3066, 3110, 3161, 3204, 3240, 3274, 3341, 3464, 3478, 3513, 3549, 3634, 3661, 3685, 3907, 3938, 4056, 4093, 4125, 4163, 4202, 4212, 4220, 4340, 4464, 4465, 4486, 4491, 4542, 4601, 4603, 4699, 4751, 4800, 4803, 4863, 4864, 4883, 4905, 4925, 5032, 5044, 5174, 5294, 5363, 5365, 5472, 5574, 5669, 5753, 5993, 6030, 6075, 6213, 6265, 6566, 6735, 6863, 7036, 7111, 7173, 7409, 7718, 8419, 8759, 8993, 10085, 10797, 11512, 16730]",Tabula_Sapiens__Large Intestine-plasma Cell
Tabula_Sapiens,"Spleen-cd4-positive, Alpha-Beta Memory T Cell",prerank,0.5737832535039753,2.3085199001880574,0.0,0.0,0.0,67_90,67/90,30.63%,CXCR4;NFKBIA;IL7R;TSC22D3;SRGN;FOS;BTG1;TNFAIP3;ZFP36L2;RPS21;ZFP36;RPL36;RPS19;RPS15;RPS16;TPT1;RPLP1;FTL;JUND;RPL34;RPL18;RPLP2;RPL9;RPS8;HLA-B;RPL18A;RPS3;RPS28;RPL13A;RPL37A;RPL8;TMSB10;RPS5;RPL27;RPS11;RPL28;RPL38;RPS29;RPL14;RPS20;RPL35;RPL35A;RPS24;RPL6;RPS6;RPS27A;RPL3;RPS7;RPS3A;RPS25;RPS14;RPL7A;RPL29;RPL23A;RPS18;RPL32;UBA52;RPL19;RPS13;RPS9;RPSA;RPL27A;RPL11;NACA;RPS4X;RPL39;FAU,CXCR4;NFKBIA;IL7R;TSC22D3;SRGN;FOS;BTG1;TNFAIP3;ZFP36L2;RPS21;ZFP36;RPL36;RPS19;RPS15;RPS16;TPT1;RPLP1;FTL;JUND;RPL34;RPL18;RPLP2;RPL9;RPS8;HLA-B;RPL18A;RPS3;RPS28;RPL13A;RPL37A;RPL8;TMSB10;RPS5;RPL27;RPS11;RPL28;RPL38;RPS29;RPL14;RPS20;RPL35;RPL35A;RPS24;RPL6;RPS6;RPS27A;RPL3;RPS7;RPS3A;RPS25;RPS14;RPL7A;RPL29;RPL23A;RPS18;RPL32;UBA52;RPL19;RPS13;RPS9;RPSA;RPL27A;RPL11;NACA;RPS4X;RPL39;FAU;RPS2;EIF1;TXNIP;RPS27;RPS15A;RPL30;RPL5;RPL37;RPLP0;RPL41;RPS23;PTMA;RPL10A;RPL21;EEF1A1;FTH1;RPL12;B2M;TMSB4X;RPL15;EEF1B2;CD69;RPL26,"[50, 438, 1012, 1034, 1146, 1219, 1239, 1329, 1382, 1679, 1852, 2297, 2336, 2583, 2683, 2707, 2741, 3009, 3051, 3066, 3110, 3161, 3204, 3240, 3273, 3274, 3341, 3464, 3478, 3513, 3549, 3661, 3685, 3894, 3907, 3938, 3947, 4056, 4093, 4125, 4163, 4202, 4212, 4220, 4340, 4464, 4465, 4486, 4491, 4542, 4601, 4603, 4699, 4751, 4800, 4803, 4863, 4864, 4883, 4925, 5014, 5032, 5044, 5174, 5294, 5363, 5365, 5472, 5574, 5739, 5753, 5993, 6030, 6075, 6213, 6265, 6566, 6735, 7036, 7111, 7173, 7718, 7728, 8419, 8759, 8993, 10085, 11512, 16391, 16730]","Tabula_Sapiens__Spleen-cd4-positive, Alpha-Beta Memory T Cell"
Tabula_Sapiens,Lymph Node-innate Lymphoid Cell,prerank,0.5735133694127097,2.3110609620450804,0.0,0.0,0.0,66_89,66/89,30.63%,CXCR4;NFKBIA;HSP90AA1;IL7R;TSC22D3;SRGN;FOS;BTG1;ZFP36L2;RPS21;ZFP36;RPL36;RPS19;JUN;RPS15;RPS16;TPT1;RPLP1;FTL;JUND;RPL34;RPL18;RPLP2;RPL9;RPS8;RPL18A;RPS3;RPS28;RPL13A;RPL37A;RPL8;TMSB10;RPS5;RPS11;RPL28;RPL38;RPS29;RPL14;RPS20;RPL35;RPL35A;RPS24;RPL6;RPS6;RPS27A;RPL3;RPS7;RPS3A;RPS25;RPS14;RPL7A;RPL29;RPL23A;RPS18;RPL32;UBA52;RPL19;RPS13;RPS9;RPSA;RPL27A;RPL11;NACA;RPS4X;RPL39;FAU,CXCR4;NFKBIA;HSP90AA1;IL7R;TSC22D3;SRGN;FOS;BTG1;ZFP36L2;RPS21;ZFP36;RPL36;RPS19;JUN;RPS15;RPS16;TPT1;RPLP1;FTL;JUND;RPL34;RPL18;RPLP2;RPL9;RPS8;RPL18A;RPS3;RPS28;RPL13A;RPL37A;RPL8;TMSB10;RPS5;RPS11;RPL28;RPL38;RPS29;RPL14;RPS20;RPL35;RPL35A;RPS24;RPL6;RPS6;RPS27A;RPL3;RPS7;RPS3A;RPS25;RPS14;RPL7A;RPL29;RPL23A;RPS18;RPL32;UBA52;RPL19;RPS13;RPS9;RPSA;RPL27A;RPL11;NACA;RPS4X;RPL39;FAU;RPS2;EIF1;TXNIP;RPS27;RPS15A;RPL30;RPL5;RPL37;RPLP0;RPL41;RPS23;PTMA;RPL10A;RPL21;EEF1A1;FTH1;RPL12;B2M;TMSB4X;RPL15;EEF1B2;CD69;RPL26,"[50, 438, 996, 1012, 1034, 1146, 1219, 1239, 1382, 1679, 1852, 2297, 2336, 2405, 2583, 2683, 2707, 2741, 3009, 3051, 3066, 3110, 3161, 3204, 3240, 3274, 3341, 3464, 3478, 3513, 3549, 3661, 3685, 3907, 3938, 3947, 4056, 4093, 4125, 4163, 4202, 4212, 4220, 4340, 4464, 4465, 4486, 4491, 4542, 4601, 4603, 4699, 4751, 4800, 4803, 4863, 4864, 4883, 4925, 5014, 5032, 5044, 5174, 5294, 5363, 5365, 5472, 5574, 5739, 5753, 5993, 6030, 6075, 6213, 6265, 6566, 6735, 7036, 7111, 7173, 7718, 7728, 8419, 8759, 8993, 10085, 11512, 16391, 16730]",Tabula_Sapiens__Lymph Node-innate Lymphoid Cell
Tabula_Sapiens,Skin-melanocyte,prerank,0.598573357524166,2.4350613031149524,0.0,0.0,0.0,71_91,71/91,31.82%,MT2A;MT1E;MT1X;NFKBIA;GADD45B;S100A6;VIM;ANXA2;S100A10;RPS21;CD59;RPL36;RPS19;RPS15;RPS16;LGALS1;TPT1;RPLP1;FTL;RPS10;RPL34;CD63;RPL18;RPLP2;RPL9;RPS8;HLA-B;RPL18A;RPS3;RPS26;RPS28;RPL37A;RPL8;TMSB10;RPS5;RPL27;RPS11;RPL28;RPL38;RPS29;RPL14;RPL35;RPL35A;RPS24;RPL6;RPS6;RPS27A;RPL3;RPS7;RPS3A;RPS25;RPS14;RPL7A;RPL29;RPL23A;RPS18;RPL32;UBA52;RPL19;RPS13;LMNA;RPS9;RPSA;RPL11;NACA;RPS4X;RPL39;FAU;RPS2;LGALS3;EIF1,MT2A;MT1E;MT1X;NFKBIA;GADD45B;S100A6;VIM;ANXA2;S100A10;RPS21;CD59;RPL36;RPS19;RPS15;RPS16;LGALS1;TPT1;RPLP1;FTL;RPS10;RPL34;CD63;RPL18;RPLP2;RPL9;RPS8;HLA-B;RPL18A;RPS3;RPS26;RPS28;RPL37A;RPL8;TMSB10;RPS5;RPL27;RPS11;RPL28;RPL38;RPS29;RPL14;RPL35;RPL35A;RPS24;RPL6;RPS6;RPS27A;RPL3;RPS7;RPS3A;RPS25;RPS14;RPL7A;RPL29;RPL23A;RPS18;RPL32;UBA52;RPL19;RPS13;LMNA;RPS9;RPSA;RPL11;NACA;RPS4X;RPL39;FAU;RPS2;LGALS3;EIF1;RPS27;GAPDH;RPS15A;RPL30;RPL5;RPL22;RPL37;RPLP0;RPL41;RPS23;PTMA;RPL10A;RPL21;EEF1A1;FTH1;RPL12;B2M;RPL15;ACTG1;RPL26,"[145, 308, 318, 438, 762, 1299, 1399, 1542, 1551, 1679, 2017, 2297, 2336, 2583, 2683, 2686, 2707, 2741, 3009, 3058, 3066, 3076, 3110, 3161, 3204, 3240, 3273, 3274, 3341, 3446, 3464, 3513, 3549, 3661, 3685, 3894, 3907, 3938, 3947, 4056, 4093, 4163, 4202, 4212, 4220, 4340, 4464, 4465, 4486, 4491, 4542, 4601, 4603, 4699, 4751, 4800, 4803, 4863, 4864, 4883, 4905, 4925, 5014, 5044, 5174, 5294, 5363, 5365, 5472, 5562, 5574, 5753, 5812, 5993, 6030, 6075, 6109, 6213, 6265, 6566, 6735, 7036, 7111, 7173, 7718, 7728, 8419, 8759, 10085, 11600, 16730]",Tabula_Sapiens__Skin-melanocyte
Tabula_Sapiens,Pancreas-t Cell,prerank,0.5760998484932524,2.2979975515039768,0.0,0.0,0.0,66_86,66/86,31.66%,S100A4;CD2;IL7R;BTG1;VIM;RPS21;RPL36;RPS19;RPS15;RPS16;TPT1;RPLP1;FTL;RPS10;RPL34;RPL18;RPLP2;RPL9;RPS8;HLA-B;RPL18A;RPS3;MYL12A;RPS28;RPL13A;RPL37A;RPL8;TMSB10;RPS5;RPL27;RPS11;RPL28;RPL38;RPS29;RPL14;RPS20;RPL35;RPL35A;RPS24;RPL6;RPS6;RPS27A;RPL3;RPS7;RPS3A;RPS25;RPS14;RPL7A;RPL29;RPL23A;RPS18;RPL32;UBA52;RPL19;RPS13;RPS9;RPSA;RPL27A;HLA-C;RPL11;NACA;RPS4X;RPL39;FAU;RPS2;CCL5,S100A4;CD2;IL7R;BTG1;VIM;RPS21;RPL36;RPS19;RPS15;RPS16;TPT1;RPLP1;FTL;RPS10;RPL34;RPL18;RPLP2;RPL9;RPS8;HLA-B;RPL18A;RPS3;MYL12A;RPS28;RPL13A;RPL37A;RPL8;TMSB10;RPS5;RPL27;RPS11;RPL28;RPL38;RPS29;RPL14;RPS20;RPL35;RPL35A;RPS24;RPL6;RPS6;RPS27A;RPL3;RPS7;RPS3A;RPS25;RPS14;RPL7A;RPL29;RPL23A;RPS18;RPL32;UBA52;RPL19;RPS13;RPS9;RPSA;RPL27A;HLA-C;RPL11;NACA;RPS4X;RPL39;FAU;RPS2;CCL5;TXNIP;RPS27;RPS15A;RPL30;RPL5;RPL37;RPLP0;RPL41;RPS23;PTMA;RPL10A;RPL21;EEF1A1;RPL12;B2M;TMSB4X;RPL15;CLPS;EEF1B2;RPL26,"[245, 933, 1012, 1239, 1399, 1679, 2297, 2336, 2583, 2683, 2707, 2741, 3009, 3058, 3066, 3110, 3161, 3204, 3240, 3273, 3274, 3341, 3359, 3464, 3478, 3513, 3549, 3661, 3685, 3894, 3907, 3938, 3947, 4056, 4093, 4125, 4163, 4202, 4212, 4220, 4340, 4464, 4465, 4486, 4491, 4542, 4601, 4603, 4699, 4751, 4800, 4803, 4863, 4864, 4883, 4925, 5014, 5032, 5034, 5044, 5174, 5294, 5363, 5365, 5472, 5546, 5739, 5753, 5993, 6030, 6075, 6213, 6265, 6566, 6735, 7036, 7111, 7173, 7718, 8419, 8759, 8993, 10085, 11494, 11512, 16730]",Tabula_Sapiens__Pancreas-t Cell
Tabula_Sapiens,Lung-dendritic Cell,prerank,0.5756289482828023,2.30464240200797,0.0,0.0,0.0,62_87,62/87,30.63%,S100A4;CYBA;LYZ;TYROBP;HLA-DRA;CD74;S100A11;SRGN;BTG1;S100A6;VIM;HLA-DPA1;RPS19;GPX1;RPS15;RPS16;LGALS1;TPT1;RPLP1;SFTPC;FTL;JUND;RPL34;RPL18;RPLP2;RPL9;RPS8;RPL18A;RPS3;RPL13A;RPL37A;RPL8;TMSB10;RPS5;RPS11;RPL28;RPL14;RPL35A;RPS24;RPL6;RPS6;RPS27A;RPL3;RPS7;RPS3A;RPS14;RPL7A;RPL29;RPL23A;RPS18;RPL32;UBA52;RPL19;RPS13;RPS9;RPSA;RPL11;MYL6;NACA;RPS4X;RPL39;FAU,S100A4;CYBA;LYZ;TYROBP;HLA-DRA;CD74;S100A11;SRGN;BTG1;S100A6;VIM;HLA-DPA1;RPS19;GPX1;RPS15;RPS16;LGALS1;TPT1;RPLP1;SFTPC;FTL;JUND;RPL34;RPL18;RPLP2;RPL9;RPS8;RPL18A;RPS3;RPL13A;RPL37A;RPL8;TMSB10;RPS5;RPS11;RPL28;RPL14;RPL35A;RPS24;RPL6;RPS6;RPS27A;RPL3;RPS7;RPS3A;RPS14;RPL7A;RPL29;RPL23A;RPS18;RPL32;UBA52;RPL19;RPS13;RPS9;RPSA;RPL11;MYL6;NACA;RPS4X;RPL39;FAU;RPS2;EIF1;RPS27;GAPDH;RPS15A;RPL30;RPL5;RPL37;CST3;RPL41;RPS23;HLA-A;PTMA;RPL10A;RPL21;EEF1A1;FTH1;RPL12;B2M;TMSB4X;RPL15;TUBA1B;ACTG1;S100B;RPL26,"[245, 470, 574, 656, 855, 908, 1102, 1146, 1239, 1299, 1399, 1918, 2336, 2540, 2583, 2683, 2686, 2707, 2741, 2991, 3009, 3051, 3066, 3110, 3161, 3204, 3240, 3274, 3341, 3478, 3513, 3549, 3661, 3685, 3907, 3938, 4093, 4202, 4212, 4220, 4340, 4464, 4465, 4486, 4491, 4601, 4603, 4699, 4751, 4800, 4803, 4863, 4864, 4883, 4925, 5014, 5044, 5081, 5174, 5294, 5363, 5365, 5472, 5574, 5753, 5812, 5993, 6030, 6075, 6213, 6273, 6566, 6735, 7026, 7036, 7111, 7173, 7718, 7728, 8419, 8759, 8993, 10085, 10112, 11600, 14438, 16730]",Tabula_Sapiens__Lung-dendritic Cell
Tabula_Sapiens,Fat-nk Cell,prerank,0.5600752379074101,2.249562240420046,0.0,0.0,0.0,60_90,60/90,28.80%,CXCR4;S100A4;CYBA;HSP90AA1;SRGN;BTG1;ZFP36L2;RPS21;RPL36;RPS19;HSP90AB1;RPS15;RPS16;TPT1;RPLP1;SH3BGRL3;HLA-E;FTL;JUND;RPL34;RPL18;RPLP2;RPL9;RPS8;HLA-B;RPL18A;RPS3;RPS26;RPS28;RPL13A;RPL37A;RPL8;TMSB10;RPS11;RPL28;RPS29;RPL14;RPL35;RPL35A;RPS24;RPL6;RPS6;RPS27A;RPL3;RPS7;RPS3A;RPS25;RPS14;RPL7A;RPL29;RPL23A;RPS18;RPL32;UBA52;RPL19;RPS13;RPS9;RPSA;HLA-C;RPL11,CXCR4;S100A4;CYBA;HSP90AA1;SRGN;BTG1;ZFP36L2;RPS21;RPL36;RPS19;HSP90AB1;RPS15;RPS16;TPT1;RPLP1;SH3BGRL3;HLA-E;FTL;JUND;RPL34;RPL18;RPLP2;RPL9;RPS8;HLA-B;RPL18A;RPS3;RPS26;RPS28;RPL13A;RPL37A;RPL8;TMSB10;RPS11;RPL28;RPS29;RPL14;RPL35;RPL35A;RPS24;RPL6;RPS6;RPS27A;RPL3;RPS7;RPS3A;RPS25;RPS14;RPL7A;RPL29;RPL23A;RPS18;RPL32;UBA52;RPL19;RPS13;RPS9;RPSA;HLA-C;RPL11;RPS4X;RPL39;FAU;RPS2;EIF1;TXNIP;RPS27;PFN1;RPS15A;RPL30;RPL5;RPL37;RPL41;RPS23;HLA-A;PTMA;RPL10A;RPL21;EEF1A1;FTH1;GNLY;RPL12;B2M;TMSB4X;GZMB;RPL15;CCL4;CALM1;NKG7;RPL26,"[50, 245, 470, 996, 1146, 1239, 1382, 1679, 2297, 2336, 2454, 2583, 2683, 2707, 2741, 2777, 2908, 3009, 3051, 3066, 3110, 3161, 3204, 3240, 3273, 3274, 3341, 3446, 3464, 3478, 3513, 3549, 3661, 3907, 3938, 4056, 4093, 4163, 4202, 4212, 4220, 4340, 4464, 4465, 4486, 4491, 4542, 4601, 4603, 4699, 4751, 4800, 4803, 4863, 4864, 4883, 4925, 5014, 5034, 5044, 5294, 5363, 5365, 5472, 5574, 5739, 5753, 5977, 5993, 6030, 6075, 6213, 6566, 6735, 7026, 7036, 7111, 7173, 7718, 7728, 8051, 8419, 8759, 8993, 9864, 10085, 10797, 13283, 15287, 16730]",Tabula_Sapiens__Fat-nk Cell
Tabula_Sapiens,Pancreas-myeloid Cell,prerank,0.6183604181895163,2.4737498401500284,0.0,0.0,0.0,66_89,66/89,29.01%,S100A8;S100A4;CYBA;LYZ;TYROBP;CD163;S100A9;HLA-DRA;CD74;S100A11;SRGN;S100A6;VIM;RPS21;CTSS;SERF2;RPL36;RPS19;GPX1;RPS15;RPS16;LGALS1;TPT1;RPLP1;NPC2;SH3BGRL3;FTL;RPL34;OAZ1;RPL18;RPLP2;RPL9;RPS8;HLA-B;RPL18A;RPS3;RPS28;RPL13A;RPL37A;RPL8;TMSB10;RPS11;RPL28;RPL38;RPS29;RPL35;RPL35A;RPS24;RPL6;RPS6;RPS27A;RPS7;RPS3A;RPS14;RPL7A;RPL29;RPL23A;RPS18;RPL32;UBA52;RPL19;RPS13;RPS9;RPL27A;RPL11;MYL6,S100A8;S100A4;CYBA;LYZ;TYROBP;CD163;S100A9;HLA-DRA;CD74;S100A11;SRGN;S100A6;VIM;RPS21;CTSS;SERF2;RPL36;RPS19;GPX1;RPS15;RPS16;LGALS1;TPT1;RPLP1;NPC2;SH3BGRL3;FTL;RPL34;OAZ1;RPL18;RPLP2;RPL9;RPS8;HLA-B;RPL18A;RPS3;RPS28;RPL13A;RPL37A;RPL8;TMSB10;RPS11;RPL28;RPL38;RPS29;RPL35;RPL35A;RPS24;RPL6;RPS6;RPS27A;RPS7;RPS3A;RPS14;RPL7A;RPL29;RPL23A;RPS18;RPL32;UBA52;RPL19;RPS13;RPS9;RPL27A;RPL11;MYL6;RPL39;FAU;RPS2;CTSB;RPS27;GAPDH;PFN1;RPS15A;RPL30;RPL37;CST3;RPL41;RPS23;PTMA;RPL21;EEF1A1;FTH1;RPL12;B2M;TMSB4X;RPL15;ACTG1;RPL26,"[157, 245, 470, 574, 656, 818, 820, 855, 908, 1102, 1146, 1299, 1399, 1679, 1687, 2068, 2297, 2336, 2540, 2583, 2683, 2686, 2707, 2741, 2760, 2777, 3009, 3066, 3070, 3110, 3161, 3204, 3240, 3273, 3274, 3341, 3464, 3478, 3513, 3549, 3661, 3907, 3938, 3947, 4056, 4163, 4202, 4212, 4220, 4340, 4464, 4486, 4491, 4601, 4603, 4699, 4751, 4800, 4803, 4863, 4864, 4883, 4925, 5032, 5044, 5081, 5363, 5365, 5472, 5660, 5753, 5812, 5977, 5993, 6030, 6213, 6273, 6566, 6735, 7036, 7173, 7718, 7728, 8419, 8759, 8993, 10085, 11600, 16730]",Tabula_Sapiens__Pancreas-myeloid Cell
Tabula_Sapiens,Tongue-tongue Muscle Cell,prerank,0.6029160391688286,2.4020344905001743,0.0,0.0,0.0,66_89,66/89,30.63%,MT1M;MT2A;MT1E;CEBPD;MT1X;FOS;S100A6;VIM;RPS21;IGFBP5;ZFP36;RPL36;RPS19;JUN;RPS15;RPS16;TPT1;RPLP1;FTL;JUND;RPL34;RPL18;RPLP2;RPL9;RPS8;RPL18A;RPS3;RPS28;RPL13A;RPL37A;RPL8;RPS5;APOC1;APOE;RPS11;RPL28;RPL38;RPS29;RPL14;RPS20;RPL35;RPL35A;RPS24;RPL6;RPS6;RPS27A;RPL3;RPS7;RPS3A;RPS14;RPL7A;RPL29;RPL23A;RPS18;RPL32;UBA52;RPL19;RPS13;RPS9;RPSA;RPL27A;RPL11;NACA;RPS4X;RPL39;FAU,MT1M;MT2A;MT1E;CEBPD;MT1X;FOS;S100A6;VIM;RPS21;IGFBP5;ZFP36;RPL36;RPS19;JUN;RPS15;RPS16;TPT1;RPLP1;FTL;JUND;RPL34;RPL18;RPLP2;RPL9;RPS8;RPL18A;RPS3;RPS28;RPL13A;RPL37A;RPL8;RPS5;APOC1;APOE;RPS11;RPL28;RPL38;RPS29;RPL14;RPS20;RPL35;RPL35A;RPS24;RPL6;RPS6;RPS27A;RPL3;RPS7;RPS3A;RPS14;RPL7A;RPL29;RPL23A;RPS18;RPL32;UBA52;RPL19;RPS13;RPS9;RPSA;RPL27A;RPL11;NACA;RPS4X;RPL39;FAU;RPS2;EIF1;RPS27;RPS15A;RPL30;RPL5;RPL37;RPLP0;NNMT;RPL41;RPS23;PTMA;RPL10A;RPL21;EEF1A1;FTH1;FOSB;SPARCL1;RPL12;BTG2;RPL15;ACTG1;RPL26,"[126, 145, 308, 312, 318, 1219, 1299, 1399, 1679, 1810, 1852, 2297, 2336, 2405, 2583, 2683, 2707, 2741, 3009, 3051, 3066, 3110, 3161, 3204, 3240, 3274, 3341, 3464, 3478, 3513, 3549, 3685, 3747, 3783, 3907, 3938, 3947, 4056, 4093, 4125, 4163, 4202, 4212, 4220, 4340, 4464, 4465, 4486, 4491, 4601, 4603, 4699, 4751, 4800, 4803, 4863, 4864, 4883, 4925, 5014, 5032, 5044, 5174, 5294, 5363, 5365, 5472, 5574, 5753, 5993, 6030, 6075, 6213, 6265, 6420, 6566, 6735, 7036, 7111, 7173, 7718, 7728, 7914, 7992, 8419, 9417, 10085, 11600, 16730]",Tabula_Sapiens__Tongue-tongue Muscle Cell
Tabula_Sapiens,Mammary-luminal Epithelial Cell Of Mammary Gland,prerank,0.5522768524331734,2.2211595116873566,0.0,0.0,0.0,62_89,62/89,30.63%,AZGP1;KRT18;KRT15;S100A11;KRT19;S100A6;ANXA2;S100A10;KRT8;RPS21;RPL36;RPS19;HSP90AB1;RPS15;RPS16;TPT1;RPLP1;RPS10;RPL34;RPL18;RPLP2;RPL9;RPS8;RPL18A;RPS3;RPS28;RPL13A;RPL37A;RPL8;TMSB10;RPS5;RPS11;RPL28;RPS29;RPL14;RPL35;RPL35A;RPS24;RPL6;RPS6;RPS27A;RPL3;RPS7;RPS3A;RPS14;RPL7A;RPL29;RPL23A;RPS18;RPL32;UBA52;RPL19;RPS13;RPS9;RPL7;RPSA;RPL27A;RPL11;NACA;RPS4X;RPL39;FAU,AZGP1;KRT18;KRT15;S100A11;KRT19;S100A6;ANXA2;S100A10;KRT8;RPS21;RPL36;RPS19;HSP90AB1;RPS15;RPS16;TPT1;RPLP1;RPS10;RPL34;RPL18;RPLP2;RPL9;RPS8;RPL18A;RPS3;RPS28;RPL13A;RPL37A;RPL8;TMSB10;RPS5;RPS11;RPL28;RPS29;RPL14;RPL35;RPL35A;RPS24;RPL6;RPS6;RPS27A;RPL3;RPS7;RPS3A;RPS14;RPL7A;RPL29;RPL23A;RPS18;RPL32;UBA52;RPL19;RPS13;RPS9;RPL7;RPSA;RPL27A;RPL11;NACA;RPS4X;RPL39;FAU;RPS2;EIF1;RPS27;GAPDH;RPS15A;RPL30;RPL5;RPL37;RPLP0;RPL41;RPS23;PTMA;RPL10A;RPL21;EEF1A1;FTH1;WFDC2;RPL12;B2M;MGP;SOD2;LDHA;RPL15;EEF1B2;ACTG1;KRT7;RPL26,"[100, 166, 682, 1102, 1151, 1299, 1542, 1551, 1580, 1679, 2297, 2336, 2454, 2583, 2683, 2707, 2741, 3058, 3066, 3110, 3161, 3204, 3240, 3274, 3341, 3464, 3478, 3513, 3549, 3661, 3685, 3907, 3938, 4056, 4093, 4163, 4202, 4212, 4220, 4340, 4464, 4465, 4486, 4491, 4601, 4603, 4699, 4751, 4800, 4803, 4863, 4864, 4883, 4925, 4984, 5014, 5032, 5044, 5174, 5294, 5363, 5365, 5472, 5574, 5753, 5812, 5993, 6030, 6075, 6213, 6265, 6566, 6735, 7036, 7111, 7173, 7718, 7728, 7784, 8419, 8759, 9257, 9365, 9695, 10085, 11512, 11600, 16393, 16730]",Tabula_Sapiens__Mammary-luminal Epithelial Cell Of Mammary Gland
Tabula_Sapiens,Fat-macrophage,prerank,0.6264657758466025,2.5297232904623748,0.0,0.0,0.0,63_89,63/89,28.12%,HSPA1A;DNAJB1;C1QA;VSIG4;S100A4;C1QC;C1QB;NFKBIA;LYVE1;LYZ;F13A1;HSPH1;FCGRT;CD163;S100A9;HSP90AA1;SRGN;PLTP;FOS;S100A6;VIM;RPS21;PDK4;IER3;RPL36;RPS19;JUN;HSP90AB1;RPS15;IL1B;RPS16;TPT1;RPLP1;NPC2;FTL;RPL34;OAZ1;RPLP2;RPL9;RPS8;RPL18A;RPS28;RPL13A;RPL37A;TMSB10;RPS11;RPL28;RPS29;RPS24;RPS6;MRC1;RPS27A;RPL3;RPS3A;RPS14;RPL7A;CTSD;RPL29;RPS18;RPL32;RPL19;RPS13;RPS9,HSPA1A;DNAJB1;C1QA;VSIG4;S100A4;C1QC;C1QB;NFKBIA;LYVE1;LYZ;F13A1;HSPH1;FCGRT;CD163;S100A9;HSP90AA1;SRGN;PLTP;FOS;S100A6;VIM;RPS21;PDK4;IER3;RPL36;RPS19;JUN;HSP90AB1;RPS15;IL1B;RPS16;TPT1;RPLP1;NPC2;FTL;RPL34;OAZ1;RPLP2;RPL9;RPS8;RPL18A;RPS28;RPL13A;RPL37A;TMSB10;RPS11;RPL28;RPS29;RPS24;RPS6;MRC1;RPS27A;RPL3;RPS3A;RPS14;RPL7A;CTSD;RPL29;RPS18;RPL32;RPL19;RPS13;RPS9;RPL11;RPL39;RPS2;EIF1;CTSB;RPS27;RPS15A;RPL30;RPL37;CST3;RPL41;RPS23;PTMA;RPL21;EEF1A1;FTH1;FOSB;RPL12;B2M;TMSB4X;SOD2;FABP4;RPL15;ACTG1;RNASE1;EGR1,"[2, 8, 196, 240, 245, 280, 399, 438, 485, 574, 631, 718, 743, 818, 820, 996, 1146, 1178, 1219, 1299, 1399, 1679, 2104, 2252, 2297, 2336, 2405, 2454, 2583, 2654, 2683, 2707, 2741, 2760, 3009, 3066, 3070, 3161, 3204, 3240, 3274, 3464, 3478, 3513, 3661, 3907, 3938, 4056, 4212, 4340, 4351, 4464, 4465, 4491, 4601, 4603, 4656, 4699, 4800, 4803, 4864, 4883, 4925, 5044, 5363, 5472, 5574, 5660, 5753, 5993, 6030, 6213, 6273, 6566, 6735, 7036, 7173, 7718, 7728, 7914, 8419, 8759, 8993, 9365, 9876, 10085, 11600, 16286, 17016]",Tabula_Sapiens__Fat-macrophage
Tabula_Sapiens,"Large Intestine-cd8-positive, Alpha-Beta T Cell",prerank,0.5809500819462734,2.332457250315858,0.0,0.0,0.0,67_90,67/90,30.63%,HSP90AA1;IL7R;TSC22D3;SRGN;BTG1;ZFP36L2;VIM;RPS21;RPL36;RPS19;PTPRC;HSP90AB1;RPS15;RPS16;TPT1;RPLP1;FTL;JUND;RPL34;CREM;RPL18;RPLP2;RPL9;RPS8;HLA-B;RPL18A;RPS3;RPS28;RPL13A;RPL37A;RPL8;TMSB10;RPS5;RPL27;RPS11;RPL28;RPL38;RPS29;RPL14;RPS20;RPL35;RPL35A;RPS24;RPL6;RPS6;RPS27A;RPL3;RPS7;RPS3A;RPS25;RPS14;RPL7A;RPL29;RPL23A;RPS18;RPL32;UBA52;RPL19;RPS13;RPS9;RPSA;RPL27A;RPL11;ANXA1;RPS4X;RPL39;FAU,HSP90AA1;IL7R;TSC22D3;SRGN;BTG1;ZFP36L2;VIM;RPS21;RPL36;RPS19;PTPRC;HSP90AB1;RPS15;RPS16;TPT1;RPLP1;FTL;JUND;RPL34;CREM;RPL18;RPLP2;RPL9;RPS8;HLA-B;RPL18A;RPS3;RPS28;RPL13A;RPL37A;RPL8;TMSB10;RPS5;RPL27;RPS11;RPL28;RPL38;RPS29;RPL14;RPS20;RPL35;RPL35A;RPS24;RPL6;RPS6;RPS27A;RPL3;RPS7;RPS3A;RPS25;RPS14;RPL7A;RPL29;RPL23A;RPS18;RPL32;UBA52;RPL19;RPS13;RPS9;RPSA;RPL27A;RPL11;ANXA1;RPS4X;RPL39;FAU;RPS2;EIF1;RPS27;GAPDH;RPS15A;RPL30;RPL5;RPL37;RPL41;RPS23;HLA-A;PTMA;RPL10A;RPL21;EEF1A1;FTH1;RPL12;B2M;TMSB4X;RPL15;CCL4;CALM1;RPL26,"[996, 1012, 1034, 1146, 1239, 1382, 1399, 1679, 2297, 2336, 2422, 2454, 2583, 2683, 2707, 2741, 3009, 3051, 3066, 3086, 3110, 3161, 3204, 3240, 3273, 3274, 3341, 3464, 3478, 3513, 3549, 3661, 3685, 3894, 3907, 3938, 3947, 4056, 4093, 4125, 4163, 4202, 4212, 4220, 4340, 4464, 4465, 4486, 4491, 4542, 4601, 4603, 4699, 4751, 4800, 4803, 4863, 4864, 4883, 4925, 5014, 5032, 5044, 5053, 5294, 5363, 5365, 5472, 5574, 5753, 5812, 5993, 6030, 6075, 6213, 6566, 6735, 7026, 7036, 7111, 7173, 7718, 7728, 8419, 8759, 8993, 10085, 10797, 13283, 16730]","Tabula_Sapiens__Large Intestine-cd8-positive, Alpha-Beta T Cell"
Tabula_Sapiens,Small Intestine-gut Endothelial Cell,prerank,0.6159722971870831,2.4518862719870644,0.0,0.0,0.0,66_88,66/88,30.68%,HSPA1A;MT2A;SOCS3;TM4SF1;CLU;KLF2;SLC2A3;IFITM3;HSP90AA1;FOS;S100A6;VIM;S100A10;EMP1;ZFP36;RPL36;RPS19;JUN;ADIRF;THBD;RPS15;TIMP3;TPT1;RPLP1;HLA-E;FTL;JUND;RPL34;RPL18;RPLP2;RPL9;RPS8;RPL18A;RPS3;RPS28;RPL13A;RPL37A;RPL8;TMSB10;RPS11;RPL28;RPL14;RPL35A;RPS24;RPL6;RPS6;RPS27A;RPL3;RPS7;RPS3A;RPS25;RPS14;RPL7A;RPL29;RPS18;RPL32;RPL19;RPS13;RPS9;RPL27A;RPL11;NACA;RPS4X;RPL39;FAU;GSN,HSPA1A;MT2A;SOCS3;TM4SF1;CLU;KLF2;SLC2A3;IFITM3;HSP90AA1;FOS;S100A6;VIM;S100A10;EMP1;ZFP36;RPL36;RPS19;JUN;ADIRF;THBD;RPS15;TIMP3;TPT1;RPLP1;HLA-E;FTL;JUND;RPL34;RPL18;RPLP2;RPL9;RPS8;RPL18A;RPS3;RPS28;RPL13A;RPL37A;RPL8;TMSB10;RPS11;RPL28;RPL14;RPL35A;RPS24;RPL6;RPS6;RPS27A;RPL3;RPS7;RPS3A;RPS25;RPS14;RPL7A;RPL29;RPS18;RPL32;RPL19;RPS13;RPS9;RPL27A;RPL11;NACA;RPS4X;RPL39;FAU;GSN;RPS2;EIF1;TXNIP;RPS27;RPS15A;RPL30;RPL5;RPL37;RPL41;RPS23;PTMA;RPL21;EEF1A1;FTH1;SPARCL1;RPL12;B2M;TMSB4X;RPL15;ITM2B;CAV1;FABP5,"[2, 145, 158, 694, 751, 811, 935, 970, 996, 1219, 1299, 1399, 1551, 1664, 1852, 2297, 2336, 2405, 2504, 2546, 2583, 2602, 2707, 2741, 2908, 3009, 3051, 3066, 3110, 3161, 3204, 3240, 3274, 3341, 3464, 3478, 3513, 3549, 3661, 3907, 3938, 4093, 4202, 4212, 4220, 4340, 4464, 4465, 4486, 4491, 4542, 4601, 4603, 4699, 4800, 4803, 4864, 4883, 4925, 5032, 5044, 5174, 5294, 5363, 5365, 5373, 5472, 5574, 5739, 5753, 5993, 6030, 6075, 6213, 6566, 6735, 7036, 7173, 7718, 7728, 7992, 8419, 8759, 8993, 10085, 11214, 13967, 14946]",Tabula_Sapiens__Small Intestine-gut Endothelial Cell
Tabula_Sapiens,Prostate-sperm,prerank,0.5784354022207203,2.3388616433732246,0.0,0.0,0.0,67_89,67/89,31.24%,NUPR1;MT2A;CLU;S100A11;RPS21;SERF2;RPL36;RPS19;HSP90AB1;RPS15;RPS16;TPT1;RPLP1;GSTP1;PGC;FTL;RPL34;RPL18;RPLP2;RPL9;RPS8;RPL18A;RPS3;RPS28;RPL13A;RPL37A;RPL8;RPL36AL;RPS5;CD81;COX7C;RPS11;RPL28;RPL38;RPS29;RPL14;RPS20;RPL35;RPL35A;RPS24;RPL6;RPS6;RPS27A;RPL3;RPS7;RPS3A;RPS25;RPS14;RPL7A;AKR1B1;RPL29;RPL23A;RPS18;RPL32;UBA52;RPL19;RPS13;RPS9;RPSA;RPL27A;RPL11;NACA;RPS4X;RPL39;FAU;ID1;RPS2,NUPR1;MT2A;CLU;S100A11;RPS21;SERF2;RPL36;RPS19;HSP90AB1;RPS15;RPS16;TPT1;RPLP1;GSTP1;PGC;FTL;RPL34;RPL18;RPLP2;RPL9;RPS8;RPL18A;RPS3;RPS28;RPL13A;RPL37A;RPL8;RPL36AL;RPS5;CD81;COX7C;RPS11;RPL28;RPL38;RPS29;RPL14;RPS20;RPL35;RPL35A;RPS24;RPL6;RPS6;RPS27A;RPL3;RPS7;RPS3A;RPS25;RPS14;RPL7A;AKR1B1;RPL29;RPL23A;RPS18;RPL32;UBA52;RPL19;RPS13;RPS9;RPSA;RPL27A;RPL11;NACA;RPS4X;RPL39;FAU;ID1;RPS2;RPS27;GAPDH;RPS15A;RPL30;RPL5;RPL37;RPLP0;RPL41;RPS23;PTMA;RPL10A;RPL21;EEF1A1;FTH1;RPL12;GSTM3;PPDPF;TMSB4X;RPL15;FAM107B;CALM1;RPL26,"[54, 145, 751, 1102, 1679, 2068, 2297, 2336, 2454, 2583, 2683, 2707, 2741, 2918, 2947, 3009, 3066, 3110, 3161, 3204, 3240, 3274, 3341, 3464, 3478, 3513, 3549, 3634, 3685, 3757, 3856, 3907, 3938, 3947, 4056, 4093, 4125, 4163, 4202, 4212, 4220, 4340, 4464, 4465, 4486, 4491, 4542, 4601, 4603, 4628, 4699, 4751, 4800, 4803, 4863, 4864, 4883, 4925, 5014, 5032, 5044, 5174, 5294, 5363, 5365, 5430, 5472, 5753, 5812, 5993, 6030, 6075, 6213, 6265, 6566, 6735, 7036, 7111, 7173, 7718, 7728, 8419, 8568, 8669, 8993, 10085, 13132, 13283, 16730]",Tabula_Sapiens__Prostate-sperm
Tabula_Sapiens,Thymus-immature Natural Killer Cell,prerank,0.5814930307323206,2.3263024639041325,0.0,0.0,0.0,65_88,65/88,30.63%,CXCR4;NFKBIA;PNRC1;IL7R;TSC22D3;SRGN;FOS;BTG1;TNFAIP3;ZFP36L2;RPS21;ZFP36;IER2;RPL36;RPS19;JUN;RPS15;RPS16;TPT1;RPLP1;JUND;RPL34;RPL18;RPLP2;RPL9;RPS8;HLA-B;RPL18A;RPS3;RPS26;RPS28;RPL13A;RPL37A;RPL8;TMSB10;RPS11;RPL28;RPL38;RPS29;RPL14;RPS20;RPL35;RPL35A;RPS24;RPL6;RPS6;RPS27A;RPL3;RPS7;RPS3A;RPS14;RPL7A;RPL29;RPL23A;RPS18;RPL32;RPL19;RPS13;RPS9;RPL27A;RPL11;NACA;RPS4X;RPL39;FAU,CXCR4;NFKBIA;PNRC1;IL7R;TSC22D3;SRGN;FOS;BTG1;TNFAIP3;ZFP36L2;RPS21;ZFP36;IER2;RPL36;RPS19;JUN;RPS15;RPS16;TPT1;RPLP1;JUND;RPL34;RPL18;RPLP2;RPL9;RPS8;HLA-B;RPL18A;RPS3;RPS26;RPS28;RPL13A;RPL37A;RPL8;TMSB10;RPS11;RPL28;RPL38;RPS29;RPL14;RPS20;RPL35;RPL35A;RPS24;RPL6;RPS6;RPS27A;RPL3;RPS7;RPS3A;RPS14;RPL7A;RPL29;RPL23A;RPS18;RPL32;RPL19;RPS13;RPS9;RPL27A;RPL11;NACA;RPS4X;RPL39;FAU;RPS2;EIF1;TXNIP;RPS27;RPS15A;RPL30;RPL5;RPL37;RPL41;RPS23;PTMA;RPL10A;RPL21;EEF1A1;FOSB;GNLY;RPL12;B2M;TMSB4X;DDX5;RPL15;CD69;RPL26,"[50, 438, 875, 1012, 1034, 1146, 1219, 1239, 1329, 1382, 1679, 1852, 2071, 2297, 2336, 2405, 2583, 2683, 2707, 2741, 3051, 3066, 3110, 3161, 3204, 3240, 3273, 3274, 3341, 3446, 3464, 3478, 3513, 3549, 3661, 3907, 3938, 3947, 4056, 4093, 4125, 4163, 4202, 4212, 4220, 4340, 4464, 4465, 4486, 4491, 4601, 4603, 4699, 4751, 4800, 4803, 4864, 4883, 4925, 5032, 5044, 5174, 5294, 5363, 5365, 5472, 5574, 5739, 5753, 5993, 6030, 6075, 6213, 6566, 6735, 7036, 7111, 7173, 7718, 7914, 8051, 8419, 8759, 8993, 9867, 10085, 16391, 16730]",Tabula_Sapiens__Thymus-immature Natural Killer Cell
Tabula_Sapiens,Lung-mesothelial Cell,prerank,0.5978101249883617,2.38670487260792,0.0,0.0,0.0,60_87,60/87,29.54%,SLPI;MT2A;KRT18;C1QA;CEBPB;C3;HLA-DRA;IFITM3;S100A11;KRT19;FOS;S100A6;VIM;TIMP1;S100A10;KRT8;SERPING1;RPS19;RPS15;RPS16;TPT1;RPLP1;FTL;RPL34;CD63;RPL18;RPL9;RPS8;RPL18A;RPS3;RPL13A;RPL8;TMSB10;RPS5;APOE;RPS11;RPL28;RPL14;RPS20;RPL35A;RPS24;RPL6;RPS6;RPS27A;RPL3;RPS7;RPS3A;RPS14;RPL7A;RPL29;RPL23A;RPS18;RPL32;RPL19;RPS13;RPS9;RPSA;RPL11;MYL6;NACA,SLPI;MT2A;KRT18;C1QA;CEBPB;C3;HLA-DRA;IFITM3;S100A11;KRT19;FOS;S100A6;VIM;TIMP1;S100A10;KRT8;SERPING1;RPS19;RPS15;RPS16;TPT1;RPLP1;FTL;RPL34;CD63;RPL18;RPL9;RPS8;RPL18A;RPS3;RPL13A;RPL8;TMSB10;RPS5;APOE;RPS11;RPL28;RPL14;RPS20;RPL35A;RPS24;RPL6;RPS6;RPS27A;RPL3;RPS7;RPS3A;RPS14;RPL7A;RPL29;RPL23A;RPS18;RPL32;RPL19;RPS13;RPS9;RPSA;RPL11;MYL6;NACA;RPS4X;FAU;RPS2;EIF1;RPS27;RPS15A;RPL30;RPL5;RPL37;RPLP0;CST3;RPL41;RPS23;HLA-A;PTMA;RPL10A;RPL21;EEF1A1;FTH1;RPL12;B2M;TMSB4X;SOD2;RPL15;ACTG1;RARRES1;RPL26,"[42, 145, 166, 196, 464, 554, 855, 970, 1102, 1151, 1219, 1299, 1399, 1515, 1551, 1580, 2181, 2336, 2583, 2683, 2707, 2741, 3009, 3066, 3076, 3110, 3204, 3240, 3274, 3341, 3478, 3549, 3661, 3685, 3783, 3907, 3938, 4093, 4125, 4202, 4212, 4220, 4340, 4464, 4465, 4486, 4491, 4601, 4603, 4699, 4751, 4800, 4803, 4864, 4883, 4925, 5014, 5044, 5081, 5174, 5294, 5365, 5472, 5574, 5753, 5993, 6030, 6075, 6213, 6265, 6273, 6566, 6735, 7026, 7036, 7111, 7173, 7718, 7728, 8419, 8759, 8993, 9365, 10085, 11600, 12374, 16730]",Tabula_Sapiens__Lung-mesothelial Cell
Tabula_Sapiens,Salivary Gland-memory B Cell,prerank,0.5897380666993899,2.3523014829358493,0.0,0.0,0.0,70_88,70/88,32.85%,CXCR4;KLF2;CD52;HLA-DRA;CD74;BTG1;RPS21;RPL36;RPS19;RPS15;RPS16;TPT1;RPLP1;FTL;JUND;RPS10;RPL34;RPL18;RPLP2;RPL9;RPS8;RPL18A;RPS3;RPS28;RPL13A;RPL37A;RPL8;RPL31;TMSB10;RPS5;RPL27;RPS11;RPL28;RPL38;RPS29;RPL14;RPS20;RPL35;RPL35A;RPS24;RPL6;RPS6;RPS27A;RPL3;RPS7;RPS3A;RPS25;RPS14;RPL7A;RPL29;RPL23A;RPS18;RPL32;UBA52;RPL19;RPS13;RPS9;RPL7;RPSA;RPL27A;RPL11;NACA;RPS4X;RPL4;RPL39;FAU;RPS2;EIF1;TXNIP;RPS27,CXCR4;KLF2;CD52;HLA-DRA;CD74;BTG1;RPS21;RPL36;RPS19;RPS15;RPS16;TPT1;RPLP1;FTL;JUND;RPS10;RPL34;RPL18;RPLP2;RPL9;RPS8;RPL18A;RPS3;RPS28;RPL13A;RPL37A;RPL8;RPL31;TMSB10;RPS5;RPL27;RPS11;RPL28;RPL38;RPS29;RPL14;RPS20;RPL35;RPL35A;RPS24;RPL6;RPS6;RPS27A;RPL3;RPS7;RPS3A;RPS25;RPS14;RPL7A;RPL29;RPL23A;RPS18;RPL32;UBA52;RPL19;RPS13;RPS9;RPL7;RPSA;RPL27A;RPL11;NACA;RPS4X;RPL4;RPL39;FAU;RPS2;EIF1;TXNIP;RPS27;RPS15A;RPL30;RPL5;RPL37;RPLP0;RPL41;RPS23;PTMA;RPL10A;RPL21;EEF1A1;FTH1;RPL12;B2M;TMSB4X;RPL15;EEF1B2;RPL26,"[50, 811, 830, 855, 908, 1239, 1679, 2297, 2336, 2583, 2683, 2707, 2741, 3009, 3051, 3058, 3066, 3110, 3161, 3204, 3240, 3274, 3341, 3464, 3478, 3513, 3549, 3614, 3661, 3685, 3894, 3907, 3938, 3947, 4056, 4093, 4125, 4163, 4202, 4212, 4220, 4340, 4464, 4465, 4486, 4491, 4542, 4601, 4603, 4699, 4751, 4800, 4803, 4863, 4864, 4883, 4925, 4984, 5014, 5032, 5044, 5174, 5294, 5360, 5363, 5365, 5472, 5574, 5739, 5753, 5993, 6030, 6075, 6213, 6265, 6566, 6735, 7036, 7111, 7173, 7718, 7728, 8419, 8759, 8993, 10085, 11512, 16730]",Tabula_Sapiens__Salivary Gland-memory B Cell
Tabula_Sapiens,Lung-fibroblast,prerank,0.5891629747616041,2.3416655203151375,0.0,0.0,0.0,61_86,61/86,31.00%,MT2A;CEBPD;MT1X;CLU;CLDN5;KLF2;S100A9;IFITM3;FOS;S100A6;RGCC;DCN;VIM;TIMP1;S100A10;ZFP36;FCN3;RPS19;JUN;ADIRF;RPS15;TIMP3;RPS16;TPT1;RPLP1;IL1RL1;HLA-E;FTL;JUND;RPL34;RPL18;RPLP2;RPL9;RPS8;HLA-B;RPL18A;IFI27;RPS3;RPS28;RPL13A;TMSB10;RPS11;RPL28;RPS6;RPS27A;RPS7;RPS3A;RPS14;RPL7A;RPL29;RPS18;RPL32;RPL19;RPS9;HLA-C;RPL11;MYL6;RPS4X;FAU;GSN;ID1,MT2A;CEBPD;MT1X;CLU;CLDN5;KLF2;S100A9;IFITM3;FOS;S100A6;RGCC;DCN;VIM;TIMP1;S100A10;ZFP36;FCN3;RPS19;JUN;ADIRF;RPS15;TIMP3;RPS16;TPT1;RPLP1;IL1RL1;HLA-E;FTL;JUND;RPL34;RPL18;RPLP2;RPL9;RPS8;HLA-B;RPL18A;IFI27;RPS3;RPS28;RPL13A;TMSB10;RPS11;RPL28;RPS6;RPS27A;RPS7;RPS3A;RPS14;RPL7A;RPL29;RPS18;RPL32;RPL19;RPS9;HLA-C;RPL11;MYL6;RPS4X;FAU;GSN;ID1;EIF1;TXNIP;RPS27;RPS15A;RPL30;RPL37;CST3;RPL41;RPS23;HLA-A;PTMA;EEF1A1;FTH1;A2M;EPAS1;SPARCL1;GPX3;RPL12;B2M;TMSB4X;MGP;ITM2B;ACTG1;CAV1;EGR1,"[145, 312, 318, 751, 781, 811, 820, 970, 1219, 1299, 1356, 1395, 1399, 1515, 1551, 1852, 1910, 2336, 2405, 2504, 2583, 2602, 2683, 2707, 2741, 2840, 2908, 3009, 3051, 3066, 3110, 3161, 3204, 3240, 3273, 3274, 3312, 3341, 3464, 3478, 3661, 3907, 3938, 4340, 4464, 4486, 4491, 4601, 4603, 4699, 4800, 4803, 4864, 4925, 5034, 5044, 5081, 5294, 5365, 5373, 5430, 5574, 5739, 5753, 5993, 6030, 6213, 6273, 6566, 6735, 7026, 7036, 7718, 7728, 7759, 7874, 7992, 7997, 8419, 8759, 8993, 9257, 11214, 11600, 13967, 17016]",Tabula_Sapiens__Lung-fibroblast
Tabula_Sapiens,Mammary-vascular Associated Smooth Muscle Cell,prerank,0.5519320075938091,2.188738845760838,0.0,0.0,0.0,62_90,62/90,30.63%,MT1A;MT2A;CEBPD;MT1X;YBX3;CDKN1A;GADD45B;HSP90AA1;VIM;PDK4;RPL36;RPS19;HSP90AB1;ADIRF;RPS15;RPS16;TPT1;RPLP1;FTL;RPL34;RPL18;RPLP2;RPL9;RPS8;RPL18A;RPS3;RPS28;RPL13A;RPL37A;ADAMTS1;RPL8;RPS5;RPS11;RPL28;RPL14;RPL35;RPL35A;RPS24;RPL6;RPS6;RPS27A;RPL3;RPS7;RPS3A;RPS25;RPS14;RPL7A;RPL29;RPL23A;RPS18;RPL32;UBA52;RPL19;RPS13;RPS9;RPL7;RPL11;MYL6;NACA;RPS4X;RPL39;FAU,MT1A;MT2A;CEBPD;MT1X;YBX3;CDKN1A;GADD45B;HSP90AA1;VIM;PDK4;RPL36;RPS19;HSP90AB1;ADIRF;RPS15;RPS16;TPT1;RPLP1;FTL;RPL34;RPL18;RPLP2;RPL9;RPS8;RPL18A;RPS3;RPS28;RPL13A;RPL37A;ADAMTS1;RPL8;RPS5;RPS11;RPL28;RPL14;RPL35;RPL35A;RPS24;RPL6;RPS6;RPS27A;RPL3;RPS7;RPS3A;RPS25;RPS14;RPL7A;RPL29;RPL23A;RPS18;RPL32;UBA52;RPL19;RPS13;RPS9;RPL7;RPL11;MYL6;NACA;RPS4X;RPL39;FAU;RPS2;EIF1;RPS27;GAPDH;RPS15A;RPL30;RPL5;CALD1;RPL37;RPLP0;RPL41;RPS23;AKAP12;TPM2;PTMA;RPL10A;RPL21;EEF1A1;FTH1;RPL12;B2M;LDHA;RPL15;IGFBP7;TPM4;ACTG1;TAGLN;RPL26,"[138, 145, 312, 318, 466, 715, 762, 996, 1399, 2104, 2297, 2336, 2454, 2504, 2583, 2683, 2707, 2741, 3009, 3066, 3110, 3161, 3204, 3240, 3274, 3341, 3464, 3478, 3513, 3516, 3549, 3685, 3907, 3938, 4093, 4163, 4202, 4212, 4220, 4340, 4464, 4465, 4486, 4491, 4542, 4601, 4603, 4699, 4751, 4800, 4803, 4863, 4864, 4883, 4925, 4984, 5044, 5081, 5174, 5294, 5363, 5365, 5472, 5574, 5753, 5812, 5993, 6030, 6075, 6176, 6213, 6265, 6566, 6735, 6752, 6931, 7036, 7111, 7173, 7718, 7728, 8419, 8759, 9695, 10085, 11361, 11539, 11600, 16652, 16730]",Tabula_Sapiens__Mammary-vascular Associated Smooth Muscle Cell
Tabula_Sapiens,Blood-basophil,prerank,0.5083307922908095,2.005030813477504,0.0,0.0,0.0,68_87,68/87,35.77%,HSP90AA1;RPS21;RPL36;RPS19;HSP90AB1;RPS15;RPS16;TPT1;RPLP1;RPS10;RPL34;RPL18;RPLP2;RPL9;RPS8;RPL18A;RPS3;RPS28;RPL13A;RPL37A;RPL8;YBX1;RPS5;RPL27;RPS11;RPL28;RPL38;RPS29;RPL14;RPS20;RPL35;RPL35A;RPS24;RPL6;RPS6;RPS27A;RPL3;RPS7;RPS3A;RPS25;RPS14;RPL7A;RPL29;RPL23A;RPS18;RPL32;RPL19;RPS13;RPS9;RPL7;RPSA;RPL27A;RPL11;NACA;RPS4X;RPL4;RPL39;FAU;RPS2;RPS27;GAPDH;PFN1;RPS15A;RPL30;RPL5;RPL22;RPL37;RPLP0,HSP90AA1;RPS21;RPL36;RPS19;HSP90AB1;RPS15;RPS16;TPT1;RPLP1;RPS10;RPL34;RPL18;RPLP2;RPL9;RPS8;RPL18A;RPS3;RPS28;RPL13A;RPL37A;RPL8;YBX1;RPS5;RPL27;RPS11;RPL28;RPL38;RPS29;RPL14;RPS20;RPL35;RPL35A;RPS24;RPL6;RPS6;RPS27A;RPL3;RPS7;RPS3A;RPS25;RPS14;RPL7A;RPL29;RPL23A;RPS18;RPL32;RPL19;RPS13;RPS9;RPL7;RPSA;RPL27A;RPL11;NACA;RPS4X;RPL4;RPL39;FAU;RPS2;RPS27;GAPDH;PFN1;RPS15A;RPL30;RPL5;RPL22;RPL37;RPLP0;RPL41;RPS23;PTMA;RPL10A;RPL21;EEF1A1;FTH1;PPIA;RPL12;B2M;TMSB4X;RPL15;TUBA1B;EEF1B2;ACTG1;HMGB1;NPM1;HNRNPA1;RPL26,"[996, 1679, 2297, 2336, 2454, 2583, 2683, 2707, 2741, 3058, 3066, 3110, 3161, 3204, 3240, 3274, 3341, 3464, 3478, 3513, 3549, 3681, 3685, 3894, 3907, 3938, 3947, 4056, 4093, 4125, 4163, 4202, 4212, 4220, 4340, 4464, 4465, 4486, 4491, 4542, 4601, 4603, 4699, 4751, 4800, 4803, 4864, 4883, 4925, 4984, 5014, 5032, 5044, 5174, 5294, 5360, 5363, 5365, 5472, 5753, 5812, 5977, 5993, 6030, 6075, 6109, 6213, 6265, 6566, 6735, 7036, 7111, 7173, 7718, 7728, 8153, 8419, 8759, 8993, 10085, 10112, 11512, 11600, 12555, 12801, 13047, 16730]",Tabula_Sapiens__Blood-basophil
Tabula_Sapiens,Blood-macrophage,prerank,0.6231317349488648,2.511069563314112,0.0,0.0,0.0,67_90,67/90,30.63%,S100A8;S100A4;LYZ;TYROBP;S100A9;CD74;IFITM3;S100A11;S100A6;VIM;S100A10;RPS21;CTSS;SERF2;RPL36;RPS19;GPX1;RPS15;RPS16;LGALS1;TPT1;RPLP1;SH3BGRL3;COTL1;FTL;RPL34;OAZ1;RPL18;RPLP2;VCAN;RPL9;RPS8;HLA-B;RPL18A;RPS3;RPS26;RPS28;RPL13A;RPL37A;RPL8;TMSB10;RPL28;RPL14;RPL35A;RPS24;RPL6;RPS6;RPS27A;RPS7;RPS3A;RPS25;RPS14;RPL7A;RPL29;RPS18;RPL32;UBA52;RPL19;RPS13;RPS9;PFDN5;RPL11;MYL6;NACA;RPS4X;RPL39;FAU,S100A8;S100A4;LYZ;TYROBP;S100A9;CD74;IFITM3;S100A11;S100A6;VIM;S100A10;RPS21;CTSS;SERF2;RPL36;RPS19;GPX1;RPS15;RPS16;LGALS1;TPT1;RPLP1;SH3BGRL3;COTL1;FTL;RPL34;OAZ1;RPL18;RPLP2;VCAN;RPL9;RPS8;HLA-B;RPL18A;RPS3;RPS26;RPS28;RPL13A;RPL37A;RPL8;TMSB10;RPL28;RPL14;RPL35A;RPS24;RPL6;RPS6;RPS27A;RPS7;RPS3A;RPS25;RPS14;RPL7A;RPL29;RPS18;RPL32;UBA52;RPL19;RPS13;RPS9;PFDN5;RPL11;MYL6;NACA;RPS4X;RPL39;FAU;RPS2;TXNIP;RPS27;GAPDH;PFN1;RPS15A;RPL30;RPL5;AIF1;RPL37;RPLP0;CST3;RPL41;RPS23;PTMA;RPL21;EEF1A1;FTH1;RPL12;B2M;TMSB4X;RPL15;ACTG1,"[157, 245, 574, 656, 820, 908, 970, 1102, 1299, 1399, 1551, 1679, 1687, 2068, 2297, 2336, 2540, 2583, 2683, 2686, 2707, 2741, 2777, 2856, 3009, 3066, 3070, 3110, 3161, 3195, 3204, 3240, 3273, 3274, 3341, 3446, 3464, 3478, 3513, 3549, 3661, 3938, 4093, 4202, 4212, 4220, 4340, 4464, 4486, 4491, 4542, 4601, 4603, 4699, 4800, 4803, 4863, 4864, 4883, 4925, 5007, 5044, 5081, 5174, 5294, 5363, 5365, 5472, 5739, 5753, 5812, 5977, 5993, 6030, 6075, 6152, 6213, 6265, 6273, 6566, 6735, 7036, 7173, 7718, 7728, 8419, 8759, 8993, 10085, 11600]",Tabula_Sapiens__Blood-macrophage
Tabula_Sapiens,Spleen-mature Nk T Cell,prerank,0.5813939852565515,2.3339625905258035,0.0,0.0,0.0,68_88,68/88,32.85%,CXCR4;SRGN;BTG1;ZFP36L2;RPS21;ZFP36;RPL36;RPS19;RPS15;RPS16;TPT1;RPLP1;HLA-E;FTL;JUND;RPS10;RPL34;RPL18;RPLP2;RPL9;RPS8;HLA-B;RPL18A;RPS3;RPS26;RPS28;RPL13A;RPL37A;RPL8;TMSB10;RPS5;RPS11;RPL28;RPS29;RPL14;RPS20;RPL35;RPL35A;RPS24;RPL6;RPS6;RPS27A;RPL3;RPS7;RPS3A;RPS25;RPS14;RPL7A;RPL29;RPL23A;RPS18;RPL32;UBA52;RPL19;RPS13;RPS9;RPSA;RPL27A;RPL11;NACA;RPS4X;RPL39;FAU;RPS2;CCL5;EIF1;TXNIP;RPS27,CXCR4;SRGN;BTG1;ZFP36L2;RPS21;ZFP36;RPL36;RPS19;RPS15;RPS16;TPT1;RPLP1;HLA-E;FTL;JUND;RPS10;RPL34;RPL18;RPLP2;RPL9;RPS8;HLA-B;RPL18A;RPS3;RPS26;RPS28;RPL13A;RPL37A;RPL8;TMSB10;RPS5;RPS11;RPL28;RPS29;RPL14;RPS20;RPL35;RPL35A;RPS24;RPL6;RPS6;RPS27A;RPL3;RPS7;RPS3A;RPS25;RPS14;RPL7A;RPL29;RPL23A;RPS18;RPL32;UBA52;RPL19;RPS13;RPS9;RPSA;RPL27A;RPL11;NACA;RPS4X;RPL39;FAU;RPS2;CCL5;EIF1;TXNIP;RPS27;RPS15A;RPL30;RPL5;RPL37;RPL41;RPS23;HLA-A;PTMA;RPL10A;RPL21;EEF1A1;FTH1;RPL12;DUSP2;B2M;TMSB4X;DDX5;RPL15;CCL4;RPL26,"[50, 1146, 1239, 1382, 1679, 1852, 2297, 2336, 2583, 2683, 2707, 2741, 2908, 3009, 3051, 3058, 3066, 3110, 3161, 3204, 3240, 3273, 3274, 3341, 3446, 3464, 3478, 3513, 3549, 3661, 3685, 3907, 3938, 4056, 4093, 4125, 4163, 4202, 4212, 4220, 4340, 4464, 4465, 4486, 4491, 4542, 4601, 4603, 4699, 4751, 4800, 4803, 4863, 4864, 4883, 4925, 5014, 5032, 5044, 5174, 5294, 5363, 5365, 5472, 5546, 5574, 5739, 5753, 5993, 6030, 6075, 6213, 6566, 6735, 7026, 7036, 7111, 7173, 7718, 7728, 8419, 8683, 8759, 8993, 9867, 10085, 10797, 16730]",Tabula_Sapiens__Spleen-mature Nk T Cell
Tabula_Sapiens,Thymus-plasma Cell,prerank,0.5425866318903895,2.1545208081689733,0.0,0.0,0.0,64_84,64/84,35.77%,MZB1;CYBA;RPS21;XBP1;SERF2;HSPA5;RPL36;RPS19;RPS15;RPS16;TPT1;RPLP1;FTL;RPL34;RPL18;RPLP2;RPS8;HLA-B;RPL18A;RPS3;RPS28;RPL13A;RPL37A;RPL8;TMSB10;RPS5;RPS11;RPL28;RPS29;RPL14;RPL35;RPL35A;RPS24;RPL6;RPS6;RPS27A;RPL3;RPS7;RPS3A;RPS14;RPL7A;CALR;RPL29;RPS18;RPL32;RPL19;RPS13;RPS9;RPSA;HLA-C;RPL11;RPS4X;RPL39;FAU;RPS2;HSP90B1;RPS27;GAPDH;RPS15A;RPL30;RPL5;RPL37;SEC61B;RPLP0,MZB1;CYBA;RPS21;XBP1;SERF2;HSPA5;RPL36;RPS19;RPS15;RPS16;TPT1;RPLP1;FTL;RPL34;RPL18;RPLP2;RPS8;HLA-B;RPL18A;RPS3;RPS28;RPL13A;RPL37A;RPL8;TMSB10;RPS5;RPS11;RPL28;RPS29;RPL14;RPL35;RPL35A;RPS24;RPL6;RPS6;RPS27A;RPL3;RPS7;RPS3A;RPS14;RPL7A;CALR;RPL29;RPS18;RPL32;RPL19;RPS13;RPS9;RPSA;HLA-C;RPL11;RPS4X;RPL39;FAU;RPS2;HSP90B1;RPS27;GAPDH;RPS15A;RPL30;RPL5;RPL37;SEC61B;RPLP0;RPL41;RPS23;SSR4;PTMA;RPL10A;RPL21;PPIB;EEF1A1;PPIA;RPL12;SEC11C;B2M;EEF2;FKBP11;RPL15;TUBA1B;EEF1B2;HMGB1;SUB1;TXNDC5,"[75, 470, 1679, 1799, 2068, 2084, 2297, 2336, 2583, 2683, 2707, 2741, 3009, 3066, 3110, 3161, 3240, 3273, 3274, 3341, 3464, 3478, 3513, 3549, 3661, 3685, 3907, 3938, 4056, 4093, 4163, 4202, 4212, 4220, 4340, 4464, 4465, 4486, 4491, 4601, 4603, 4607, 4699, 4800, 4803, 4864, 4883, 4925, 5014, 5034, 5044, 5294, 5363, 5365, 5472, 5669, 5753, 5812, 5993, 6030, 6075, 6213, 6228, 6265, 6566, 6735, 6863, 7036, 7111, 7173, 7668, 7718, 8153, 8419, 8448, 8759, 9092, 9714, 10085, 10112, 11512, 12555, 13814, 14592]",Tabula_Sapiens__Thymus-plasma Cell
Tabula_Sapiens,Liver-liver Dendritic Cell,prerank,0.5692567885796367,2.2903606757060073,0.0,0.0,0.0,58_85,58/85,30.63%,CYBA;HLA-DRB5;HLA-DRB1;LYZ;HLA-DRA;CD74;SRGN;VIM;S100A10;RPS21;HLA-DQA1;HLA-DPA1;RPL36;RPS19;GPX1;RPS15;RPS16;TPT1;RPLP1;FTL;JUND;RPL34;RPL18;RPLP2;RPL9;RPS8;RPL18A;RPS3;RPS28;RPL8;TMSB10;RPS5;RPS11;RPL28;RPS29;RPL14;RPL35A;RPS24;RPL6;RPS6;RPS27A;RPS7;RPS3A;RPS25;RPS14;RPL29;RPL23A;RPS18;RPL32;UBA52;RPL19;RPS13;RPSA;RPL11;NACA;RPS4X;RPL39;FAU,CYBA;HLA-DRB5;HLA-DRB1;LYZ;HLA-DRA;CD74;SRGN;VIM;S100A10;RPS21;HLA-DQA1;HLA-DPA1;RPL36;RPS19;GPX1;RPS15;RPS16;TPT1;RPLP1;FTL;JUND;RPL34;RPL18;RPLP2;RPL9;RPS8;RPL18A;RPS3;RPS28;RPL8;TMSB10;RPS5;RPS11;RPL28;RPS29;RPL14;RPL35A;RPS24;RPL6;RPS6;RPS27A;RPS7;RPS3A;RPS25;RPS14;RPL29;RPL23A;RPS18;RPL32;UBA52;RPL19;RPS13;RPSA;RPL11;NACA;RPS4X;RPL39;FAU;RPS2;EIF1;RPS27;RPS15A;RPL30;RPL5;RPL22;RPL37;CST3;PABPC1;RPL41;RPS23;CPVL;GPR183;PTMA;RPL10A;RPL21;EEF1A1;FTH1;RPL12;B2M;TMSB4X;RPL15;ARPC2;EEF1B2;ACTG1;RPL26,"[470, 542, 558, 574, 855, 908, 1146, 1399, 1551, 1679, 1718, 1918, 2297, 2336, 2540, 2583, 2683, 2707, 2741, 3009, 3051, 3066, 3110, 3161, 3204, 3240, 3274, 3341, 3464, 3549, 3661, 3685, 3907, 3938, 4056, 4093, 4202, 4212, 4220, 4340, 4464, 4486, 4491, 4542, 4601, 4699, 4751, 4800, 4803, 4863, 4864, 4883, 5014, 5044, 5174, 5294, 5363, 5365, 5472, 5574, 5753, 5993, 6030, 6075, 6109, 6213, 6273, 6350, 6566, 6735, 6957, 7031, 7036, 7111, 7173, 7718, 7728, 8419, 8759, 8993, 10085, 11250, 11512, 11600, 16730]",Tabula_Sapiens__Liver-liver Dendritic Cell
Tabula_Sapiens,Thymus-mesothelial Cell,prerank,0.5856143733212401,2.343829674697409,0.0,0.0,0.0,59_87,59/87,28.80%,SLPI;MT2A;KRT18;OGN;MT1E;C3;ADH1B;TM4SF1;IFITM3;KRT19;FOS;S100A6;TIMP1;S100A10;KRT8;RPS21;ZFP36;MSLN;SERPING1;RPL36;RPS19;JUN;ADIRF;RPS15;RPS16;TPT1;RPLP1;RPL34;RPL18;RPL9;RPS8;RPL18A;RPS3;RPS28;RPL13A;RPL37A;RPL8;RPS5;RPS11;RPL28;RPL14;RPL35A;RPS24;RPL6;RPS6;RPS27A;RPL3;RPS3A;RPS25;RPS14;RPL7A;RPL29;RPS18;RPL32;RPL19;RPS13;RPS9;RPL7;RPL11,SLPI;MT2A;KRT18;OGN;MT1E;C3;ADH1B;TM4SF1;IFITM3;KRT19;FOS;S100A6;TIMP1;S100A10;KRT8;RPS21;ZFP36;MSLN;SERPING1;RPL36;RPS19;JUN;ADIRF;RPS15;RPS16;TPT1;RPLP1;RPL34;RPL18;RPL9;RPS8;RPL18A;RPS3;RPS28;RPL13A;RPL37A;RPL8;RPS5;RPS11;RPL28;RPL14;RPL35A;RPS24;RPL6;RPS6;RPS27A;RPL3;RPS3A;RPS25;RPS14;RPL7A;RPL29;RPS18;RPL32;RPL19;RPS13;RPS9;RPL7;RPL11;RPS4X;RPL39;RPS2;EIF1;RPS27;GAPDH;RPS15A;RPL30;RPL5;RPL37;RPLP0;CST3;RPL41;RPS23;RPL10A;EEF1A1;FTH1;RPL12;RHOB;EEF2;UPK3B;TCEAL4;EFEMP1;RPL15;ITM2B;RARRES1;CCDC80;RPL26,"[42, 145, 166, 184, 308, 554, 648, 694, 970, 1151, 1219, 1299, 1515, 1551, 1580, 1679, 1852, 1882, 2181, 2297, 2336, 2405, 2504, 2583, 2683, 2707, 2741, 3066, 3110, 3204, 3240, 3274, 3341, 3464, 3478, 3513, 3549, 3685, 3907, 3938, 4093, 4202, 4212, 4220, 4340, 4464, 4465, 4491, 4542, 4601, 4603, 4699, 4800, 4803, 4864, 4883, 4925, 4984, 5044, 5294, 5363, 5472, 5574, 5753, 5812, 5993, 6030, 6075, 6213, 6265, 6273, 6566, 6735, 7111, 7718, 7728, 8419, 8680, 9092, 9314, 9629, 9633, 10085, 11214, 12374, 16375, 16730]",Tabula_Sapiens__Thymus-mesothelial Cell
Tabula_Sapiens,Bone Marrow-cd24 Neutrophil,prerank,0.5999996122584742,2.3662501432861975,0.0,0.0,0.0,39_84,39/84,17.53%,MMP9;S100A12;CD177;IL1R2;S100A8;S100P;S100A4;NFKBIA;CYBA;LYZ;IFITM2;RETN;LCN2;S100A9;CSF3R;TSPO;SLC2A3;IRAK3;FPR1;ALOX5AP;S100A11;SRGN;FOS;S100A6;VIM;STOM;MCL1;NFKBIZ;CTSS;IER2;PLBD1;PTPRC;TPT1;ARHGDIB;PYGL;HLA-E;FCN1;FTL;OAZ1,MMP9;S100A12;CD177;IL1R2;S100A8;S100P;S100A4;NFKBIA;CYBA;LYZ;IFITM2;RETN;LCN2;S100A9;CSF3R;TSPO;SLC2A3;IRAK3;FPR1;ALOX5AP;S100A11;SRGN;FOS;S100A6;VIM;STOM;MCL1;NFKBIZ;CTSS;IER2;PLBD1;PTPRC;TPT1;ARHGDIB;PYGL;HLA-E;FCN1;FTL;OAZ1;HLA-B;MYL12A;KLF6;MYH9;ANXA1;MYL6;ABHD5;LTF;RPL39;SYNE2;EIF1;GAPDH;CYBB;LSP1;PFN1;SERPINB1;HMGB2;HLA-A;HNRNPA2B1;CKAP4;EMB;TPM3;IQGAP1;LBR;B2M;TMSB4X;NAMPT;MNDA;DDX5;BASP1;ARPC5;ARPC2;MEGF9;ACTG1;ACTR3;PADI4;OLFM4;CALM1;YWHAZ;SYNE1;ACTR2;CSGALNACT2;CEACAM8;GCA;PGLYRP1,"[9, 11, 18, 33, 157, 233, 245, 438, 470, 574, 633, 672, 756, 820, 848, 915, 935, 950, 1004, 1045, 1102, 1146, 1219, 1299, 1399, 1517, 1560, 1641, 1687, 2071, 2305, 2422, 2707, 2742, 2745, 2908, 2968, 3009, 3070, 3273, 3359, 3544, 3676, 5053, 5081, 5145, 5338, 5363, 5556, 5574, 5812, 5847, 5942, 5977, 6571, 6590, 7026, 7364, 7516, 8429, 8503, 8601, 8661, 8759, 8993, 9148, 9168, 9867, 10595, 10736, 11250, 11349, 11600, 11939, 12566, 12812, 13283, 13740, 15752, 15982, 16083, 16217, 16271, 16414]",Tabula_Sapiens__Bone Marrow-cd24 Neutrophil
Tabula_Sapiens,Small Intestine-b Cell,prerank,0.5929585572818962,2.375806782352862,0.0,0.0,0.0,66_89,66/89,30.63%,CXCR4;EMP3;EZR;HLA-DRA;CD74;TSC22D3;BTG1;RPS21;RPL36;RPS19;RPS15;RPS16;TPT1;RPLP1;FTL;JUND;RPS10;RPL34;RPL18;RPLP2;RPL9;RPS8;HLA-B;RPL18A;RPS3;RPS28;RPL13A;RPL37A;RPL8;RPL31;RPS5;RPL27;RPS11;RPL28;RPL38;RPS29;RPL14;RPS20;RPL35;RPL35A;RPS24;RPL6;RPS6;RPS27A;RPL3;RPS7;RPS3A;RPS25;RPS14;RPL7A;RPL29;RPL23A;RPS18;RPL32;UBA52;RPL19;RPS13;RPS9;RPL7;RPSA;RPL27A;RPL11;NACA;RPS4X;RPL39;FAU,CXCR4;EMP3;EZR;HLA-DRA;CD74;TSC22D3;BTG1;RPS21;RPL36;RPS19;RPS15;RPS16;TPT1;RPLP1;FTL;JUND;RPS10;RPL34;RPL18;RPLP2;RPL9;RPS8;HLA-B;RPL18A;RPS3;RPS28;RPL13A;RPL37A;RPL8;RPL31;RPS5;RPL27;RPS11;RPL28;RPL38;RPS29;RPL14;RPS20;RPL35;RPL35A;RPS24;RPL6;RPS6;RPS27A;RPL3;RPS7;RPS3A;RPS25;RPS14;RPL7A;RPL29;RPL23A;RPS18;RPL32;UBA52;RPL19;RPS13;RPS9;RPL7;RPSA;RPL27A;RPL11;NACA;RPS4X;RPL39;FAU;RPS2;EIF1;RPS27;RPS15A;RPL30;RPL5;RPL22;RPL37;RPLP0;RPL41;RPS23;HLA-A;PTMA;RPL10A;RPL21;EEF1A1;FTH1;RPL12;B2M;TMSB4X;RPL15;EEF1B2;RPL26,"[50, 387, 669, 855, 908, 1034, 1239, 1679, 2297, 2336, 2583, 2683, 2707, 2741, 3009, 3051, 3058, 3066, 3110, 3161, 3204, 3240, 3273, 3274, 3341, 3464, 3478, 3513, 3549, 3614, 3685, 3894, 3907, 3938, 3947, 4056, 4093, 4125, 4163, 4202, 4212, 4220, 4340, 4464, 4465, 4486, 4491, 4542, 4601, 4603, 4699, 4751, 4800, 4803, 4863, 4864, 4883, 4925, 4984, 5014, 5032, 5044, 5174, 5294, 5363, 5365, 5472, 5574, 5753, 5993, 6030, 6075, 6109, 6213, 6265, 6566, 6735, 7026, 7036, 7111, 7173, 7718, 7728, 8419, 8759, 8993, 10085, 11512, 16730]",Tabula_Sapiens__Small Intestine-b Cell
Tabula_Sapiens,"Skin-cd8-positive, Alpha-Beta Memory T Cell",prerank,0.5864244410538153,2.350673866572074,0.0,0.0,0.0,73_89,73/89,34.88%,CXCR4;IL7R;TSC22D3;SRGN;BTG1;ZFP36L2;VIM;RPS21;EEF1D;ZFP36;RPL36;RPS19;RPS15;RPS16;TPT1;RPLP1;FTL;RPS10;RPL34;RPL18;RPLP2;RPL9;RPS8;HLA-B;RPL18A;RPS3;RPS26;RPS28;RPL13A;RPL37A;RPL8;TMSB10;RPS5;RPL27;RPL28;RPL38;RPS29;RPL14;RPL35;RPL35A;RPS24;RPL6;RPS6;RPS27A;RPL3;RPS7;RPS3A;RPS25;RPS14;RPL7A;RPL29;RPL23A;RPS18;RPL32;UBA52;RPL19;RPS13;RPS9;RPSA;RPL11;NACA;RPS4X;RPL39;FAU;RPS2;EIF1;TXNIP;RPS27;GAPDH;RPS15A;RPL30;RPL5;RPL22,CXCR4;IL7R;TSC22D3;SRGN;BTG1;ZFP36L2;VIM;RPS21;EEF1D;ZFP36;RPL36;RPS19;RPS15;RPS16;TPT1;RPLP1;FTL;RPS10;RPL34;RPL18;RPLP2;RPL9;RPS8;HLA-B;RPL18A;RPS3;RPS26;RPS28;RPL13A;RPL37A;RPL8;TMSB10;RPS5;RPL27;RPL28;RPL38;RPS29;RPL14;RPL35;RPL35A;RPS24;RPL6;RPS6;RPS27A;RPL3;RPS7;RPS3A;RPS25;RPS14;RPL7A;RPL29;RPL23A;RPS18;RPL32;UBA52;RPL19;RPS13;RPS9;RPSA;RPL11;NACA;RPS4X;RPL39;FAU;RPS2;EIF1;TXNIP;RPS27;GAPDH;RPS15A;RPL30;RPL5;RPL22;RPL37;RPLP0;PABPC1;RPL41;RPS23;HLA-A;PTMA;RPL10A;RPL21;EEF1A1;FTH1;RPL12;B2M;TMSB4X;RPL15;RPL26,"[50, 1012, 1034, 1146, 1239, 1382, 1399, 1679, 1776, 1852, 2297, 2336, 2583, 2683, 2707, 2741, 3009, 3058, 3066, 3110, 3161, 3204, 3240, 3273, 3274, 3341, 3446, 3464, 3478, 3513, 3549, 3661, 3685, 3894, 3938, 3947, 4056, 4093, 4163, 4202, 4212, 4220, 4340, 4464, 4465, 4486, 4491, 4542, 4601, 4603, 4699, 4751, 4800, 4803, 4863, 4864, 4883, 4925, 5014, 5044, 5174, 5294, 5363, 5365, 5472, 5574, 5739, 5753, 5812, 5993, 6030, 6075, 6109, 6213, 6265, 6350, 6566, 6735, 7026, 7036, 7111, 7173, 7718, 7728, 8419, 8759, 8993, 10085, 16730]","Tabula_Sapiens__Skin-cd8-positive, Alpha-Beta Memory T Cell"
Tabula_Sapiens,Skin-cd141-positive Myeloid Dendritic Cell,prerank,0.61606085362439,2.4771594369005325,0.0,0.0,0.0,58_88,58/88,27.77%,MT2A;CST7;NFKBIA;HLA-DRB1;CXCL1;HLA-DRA;CXCL3;PNRC1;CD74;SRGN;BTG1;S100A6;BIRC3;VIM;TIMP1;RPS21;CCL22;HLA-DPA1;PMAIP1;IER3;RPL36;RPS19;RPS15;CXCL5;IL1B;RPS16;TPT1;RPLP1;RGS1;FTL;RPL34;RPLP2;RPL9;RPS8;HLA-B;RPL18A;DAPP1;RPS28;RPL13A;RPL37A;RPL8;TMSB10;RPS11;RPL28;RPS29;NFKB1;RPL35A;RPS24;RPS6;ID2;RPS27A;RPS3A;RPS14;RPL23A;RPS18;RPL32;UBA52;RPL19,MT2A;CST7;NFKBIA;HLA-DRB1;CXCL1;HLA-DRA;CXCL3;PNRC1;CD74;SRGN;BTG1;S100A6;BIRC3;VIM;TIMP1;RPS21;CCL22;HLA-DPA1;PMAIP1;IER3;RPL36;RPS19;RPS15;CXCL5;IL1B;RPS16;TPT1;RPLP1;RGS1;FTL;RPL34;RPLP2;RPL9;RPS8;HLA-B;RPL18A;DAPP1;RPS28;RPL13A;RPL37A;RPL8;TMSB10;RPS11;RPL28;RPS29;NFKB1;RPL35A;RPS24;RPS6;ID2;RPS27A;RPS3A;RPS14;RPL23A;RPS18;RPL32;UBA52;RPL19;RPL11;MYL6;RPL39;FAU;RPS2;RPS27;RPS15A;RPL30;RPL37;CST3;PABPC1;RPL41;CD83;RPS23;AKAP12;MAP4K4;CFLAR;HLA-A;PTMA;RPL21;EEF1A1;FTH1;RPL12;B2M;TMSB4X;SOD2;THBS1;EREG;CCR7;REL,"[145, 291, 438, 558, 594, 855, 873, 875, 908, 1146, 1239, 1299, 1351, 1399, 1515, 1679, 1738, 1918, 2205, 2252, 2297, 2336, 2583, 2588, 2654, 2683, 2707, 2741, 2808, 3009, 3066, 3161, 3204, 3240, 3273, 3274, 3322, 3464, 3478, 3513, 3549, 3661, 3907, 3938, 4056, 4057, 4202, 4212, 4340, 4384, 4464, 4491, 4601, 4751, 4800, 4803, 4863, 4864, 5044, 5081, 5363, 5365, 5472, 5753, 5993, 6030, 6213, 6273, 6350, 6566, 6688, 6735, 6752, 6824, 6908, 7026, 7036, 7173, 7718, 7728, 8419, 8759, 8993, 9365, 10764, 11223, 12666, 15061]",Tabula_Sapiens__Skin-cd141-positive Myeloid Dendritic Cell
Tabula_Sapiens,Eye-lacrimal Gland Functional Unit Cell,prerank,0.5480693262555971,2.1465422533859724,0.0,0.0,0.0,60_79,60/79,31.24%,SLPI;AZGP1;LYZ;HSP90AA1;RPS21;ZG16B;RPL36;RPS19;RPS15;RPS16;TPT1;RPLP1;RPL34;RPL18;RPLP2;RPL9;RPS8;RPL18A;RPS3;AQP5;RPS28;RPL13A;RPL37A;RPL8;RPS5;RPS11;RPL28;RPL38;RPS29;RPL14;RPS20;RPL35;RPL35A;RPS24;RPL6;RPS6;RPS27A;RPL3;RPS7;RPS3A;RPS25;RPS14;RPL7A;RPL29;RPL23A;RPS18;RPL32;UBA52;RPL19;RPS13;RPS9;RPL27A;RPL11;GNAS;NACA;RPS4X;LTF;RPL39;FAU;RPS2,SLPI;AZGP1;LYZ;HSP90AA1;RPS21;ZG16B;RPL36;RPS19;RPS15;RPS16;TPT1;RPLP1;RPL34;RPL18;RPLP2;RPL9;RPS8;RPL18A;RPS3;AQP5;RPS28;RPL13A;RPL37A;RPL8;RPS5;RPS11;RPL28;RPL38;RPS29;RPL14;RPS20;RPL35;RPL35A;RPS24;RPL6;RPS6;RPS27A;RPL3;RPS7;RPS3A;RPS25;RPS14;RPL7A;RPL29;RPL23A;RPS18;RPL32;UBA52;RPL19;RPS13;RPS9;RPL27A;RPL11;GNAS;NACA;RPS4X;LTF;RPL39;FAU;RPS2;RPS27;RPS15A;RPL30;RPL5;RPL37;RPLP0;CST3;RPL41;RPS23;RPL21;EEF1A1;FTH1;WFDC2;RPL12;B2M;RPL15;LCN1;SFRP1;RPL26,"[42, 100, 574, 996, 1679, 2171, 2297, 2336, 2583, 2683, 2707, 2741, 3066, 3110, 3161, 3204, 3240, 3274, 3341, 3398, 3464, 3478, 3513, 3549, 3685, 3907, 3938, 3947, 4056, 4093, 4125, 4163, 4202, 4212, 4220, 4340, 4464, 4465, 4486, 4491, 4542, 4601, 4603, 4699, 4751, 4800, 4803, 4863, 4864, 4883, 4925, 5032, 5044, 5066, 5174, 5294, 5338, 5363, 5365, 5472, 5753, 5993, 6030, 6075, 6213, 6265, 6273, 6566, 6735, 7173, 7718, 7728, 7784, 8419, 8759, 10085, 16185, 16533, 16730]",Tabula_Sapiens__Eye-lacrimal Gland Functional Unit Cell
Tabula_Sapiens,Large Intestine-gut Endothelial Cell,prerank,0.622773571290679,2.4732285098670306,0.0,0.0,0.0,64_88,64/88,30.68%,MT2A;SOCS3;NFKBIA;CCL2;TM4SF1;CLU;GADD45B;CLDN5;KLF2;IFITM3;HSP90AA1;FOS;S100A6;VIM;EMP1;RPS21;ZFP36;RPL36;RPS19;JUN;HSP90AB1;THBD;RPS15;RPS16;TPT1;RPLP1;HLA-E;FTL;JUND;RPL34;RPL18;RPLP2;RPL9;RPS8;RPL18A;IFI27;RPS3;RPS28;RPL13A;RPL37A;RPL8;TMSB10;RPL28;RPS29;RPL35A;RPS24;RPS6;RPS27A;RPL3;RPS7;RPS3A;RPS14;RPL7A;RPL29;RPS18;RPL32;RPL19;RPS13;RPS9;RPL11;RPS4X;RPL39;FAU;GSN,MT2A;SOCS3;NFKBIA;CCL2;TM4SF1;CLU;GADD45B;CLDN5;KLF2;IFITM3;HSP90AA1;FOS;S100A6;VIM;EMP1;RPS21;ZFP36;RPL36;RPS19;JUN;HSP90AB1;THBD;RPS15;RPS16;TPT1;RPLP1;HLA-E;FTL;JUND;RPL34;RPL18;RPLP2;RPL9;RPS8;RPL18A;IFI27;RPS3;RPS28;RPL13A;RPL37A;RPL8;TMSB10;RPL28;RPS29;RPL35A;RPS24;RPS6;RPS27A;RPL3;RPS7;RPS3A;RPS14;RPL7A;RPL29;RPS18;RPL32;RPL19;RPS13;RPS9;RPL11;RPS4X;RPL39;FAU;GSN;RPS2;EIF1;TXNIP;RPS27;RPS15A;RPL30;RPL37;RPL41;RPS23;HLA-A;PTMA;RPL21;EEF1A1;FTH1;FOSB;SPARCL1;RPL12;PLVAP;B2M;TMSB4X;MGP;DDX5;ITM2B;FABP5,"[145, 158, 438, 636, 694, 751, 762, 781, 811, 970, 996, 1219, 1299, 1399, 1664, 1679, 1852, 2297, 2336, 2405, 2454, 2546, 2583, 2683, 2707, 2741, 2908, 3009, 3051, 3066, 3110, 3161, 3204, 3240, 3274, 3312, 3341, 3464, 3478, 3513, 3549, 3661, 3938, 4056, 4202, 4212, 4340, 4464, 4465, 4486, 4491, 4601, 4603, 4699, 4800, 4803, 4864, 4883, 4925, 5044, 5294, 5363, 5365, 5373, 5472, 5574, 5739, 5753, 5993, 6030, 6213, 6566, 6735, 7026, 7036, 7173, 7718, 7728, 7914, 7992, 8419, 8694, 8759, 8993, 9257, 9867, 11214, 14946]",Tabula_Sapiens__Large Intestine-gut Endothelial Cell
Tabula_Sapiens,Eye-macrophage,prerank,0.609717205531856,2.4679993627937633,0.0,0.0,0.0,45_87,45/87,20.90%,HSPA1A;HSPA1B;DNAJB1;C1QA;C1QC;C1QB;NFKBIA;LYVE1;F13A1;HSPH1;GADD45B;CD163;HLA-DRA;CD74;HSP90AA1;SRGN;AHNAK;FOS;TNFAIP3;VIM;ZFP36L1;RPS21;MAF;IER2;PDK4;IER3;RPL36;RPS19;JUN;HSP90AB1;RPS15;IL1B;TPT1;RPLP1;GLUL;FTL;JUND;RPL34;RPLP2;RPS8;RPL18A;RPS28;RPL37A;KLF6;TMSB10,HSPA1A;HSPA1B;DNAJB1;C1QA;C1QC;C1QB;NFKBIA;LYVE1;F13A1;HSPH1;GADD45B;CD163;HLA-DRA;CD74;HSP90AA1;SRGN;AHNAK;FOS;TNFAIP3;VIM;ZFP36L1;RPS21;MAF;IER2;PDK4;IER3;RPL36;RPS19;JUN;HSP90AB1;RPS15;IL1B;TPT1;RPLP1;GLUL;FTL;JUND;RPL34;RPLP2;RPS8;RPL18A;RPS28;RPL37A;KLF6;TMSB10;RPS11;RPL28;RPS29;RPS24;RPS6;MRC1;RPS27A;RPS14;RPS18;RPL32;RPL19;RPS9;RPL11;RPL39;RPS2;EIF1;CTSB;RPS27;RPL30;MAFB;RPL37;CST3;PABPC1;RPL41;CD83;RPS23;GPR183;PTMA;CCL3;EEF1A1;FTH1;FOSB;RPL12;B2M;TMSB4X;SOD2;DDX5;CCL4;MAN1A1;LCN1;RNASE1;EGR1,"[2, 7, 8, 196, 280, 399, 438, 485, 631, 718, 762, 818, 855, 908, 996, 1146, 1208, 1219, 1329, 1399, 1595, 1679, 1694, 2071, 2104, 2252, 2297, 2336, 2405, 2454, 2583, 2654, 2707, 2741, 2868, 3009, 3051, 3066, 3161, 3240, 3274, 3464, 3513, 3544, 3661, 3907, 3938, 4056, 4212, 4340, 4351, 4464, 4601, 4800, 4803, 4864, 4925, 5044, 5363, 5472, 5574, 5660, 5753, 6030, 6096, 6213, 6273, 6350, 6566, 6688, 6735, 7031, 7036, 7409, 7718, 7728, 7914, 8419, 8759, 8993, 9365, 9867, 10797, 12602, 16185, 16286, 17016]",Tabula_Sapiens__Eye-macrophage
Tabula_Sapiens,Lymph Node-type I Nk T Cell,prerank,0.576647595435424,2.3246742711365216,0.0,0.0,0.0,67_90,67/90,30.63%,CXCR4;NFKBIA;HSP90AA1;IL7R;TSC22D3;SRGN;FOS;BTG1;TNFAIP3;ZFP36L2;RPS21;ZFP36;RPL36;RPS19;JUN;RPS15;RPS16;TPT1;RPLP1;FTL;JUND;RPL34;RPL18;RPLP2;RPL9;RPS8;RPL18A;RPS3;RPS28;RPL13A;RPL37A;KLF6;RPL8;TMSB10;RPS5;RPS11;RPL28;RPL38;RPS29;RPL14;RPL35;RPL35A;RPS24;RPL6;RPS6;RPS27A;RPL3;RPS7;RPS3A;RPS25;RPS14;RPL7A;RPL29;RPL23A;RPS18;RPL32;UBA52;RPL19;RPS13;RPS9;RPSA;RPL27A;RPL11;NACA;RPS4X;RPL39;FAU,CXCR4;NFKBIA;HSP90AA1;IL7R;TSC22D3;SRGN;FOS;BTG1;TNFAIP3;ZFP36L2;RPS21;ZFP36;RPL36;RPS19;JUN;RPS15;RPS16;TPT1;RPLP1;FTL;JUND;RPL34;RPL18;RPLP2;RPL9;RPS8;RPL18A;RPS3;RPS28;RPL13A;RPL37A;KLF6;RPL8;TMSB10;RPS5;RPS11;RPL28;RPL38;RPS29;RPL14;RPL35;RPL35A;RPS24;RPL6;RPS6;RPS27A;RPL3;RPS7;RPS3A;RPS25;RPS14;RPL7A;RPL29;RPL23A;RPS18;RPL32;UBA52;RPL19;RPS13;RPS9;RPSA;RPL27A;RPL11;NACA;RPS4X;RPL39;FAU;RPS2;EIF1;TXNIP;RPS27;RPS15A;RPL30;RPL5;RPL37;RPLP0;RPL41;RPS23;PTMA;RPL10A;RPL21;EEF1A1;FTH1;RPL12;B2M;TMSB4X;RPL15;EEF1B2;CD69;RPL26,"[50, 438, 996, 1012, 1034, 1146, 1219, 1239, 1329, 1382, 1679, 1852, 2297, 2336, 2405, 2583, 2683, 2707, 2741, 3009, 3051, 3066, 3110, 3161, 3204, 3240, 3274, 3341, 3464, 3478, 3513, 3544, 3549, 3661, 3685, 3907, 3938, 3947, 4056, 4093, 4163, 4202, 4212, 4220, 4340, 4464, 4465, 4486, 4491, 4542, 4601, 4603, 4699, 4751, 4800, 4803, 4863, 4864, 4883, 4925, 5014, 5032, 5044, 5174, 5294, 5363, 5365, 5472, 5574, 5739, 5753, 5993, 6030, 6075, 6213, 6265, 6566, 6735, 7036, 7111, 7173, 7718, 7728, 8419, 8759, 8993, 10085, 11512, 16391, 16730]",Tabula_Sapiens__Lymph Node-type I Nk T Cell
Tabula_Sapiens,Thymus-myeloid Dendritic Cell,prerank,0.5654669954930045,2.274647216503167,0.0,0.0,0.0,72_88,72/88,35.81%,CYBA;HLA-DRB1;LYZ;HLA-DRA;CD74;VIM;RPS21;HLA-DPA1;RPL36;RPS19;RPS15;RPS16;TPT1;RPLP1;FTL;RPL34;RPL18;RPLP2;RPL9;RPS8;HLA-B;RPL18A;RPS3;RPS28;RPL13A;RPL37A;RPL8;TMSB10;RPS5;RPS11;RPL28;RPS29;RPL14;RPS20;RPL35;RPL35A;RPS24;RPL6;RPS6;RPS27A;RPL3;RPS7;RPS3A;RPS25;RPS14;RPL7A;RPL29;RPL23A;RPS18;RPL32;UBA52;RPL19;RPS13;RPS9;RPSA;RPL27A;HLA-C;RPL11;RPS4X;RPL39;FAU;RPS2;RPS27;GAPDH;SNX3;PFN1;RPS15A;RPL30;RPL5;RPL37;RPLP0;CST3,CYBA;HLA-DRB1;LYZ;HLA-DRA;CD74;VIM;RPS21;HLA-DPA1;RPL36;RPS19;RPS15;RPS16;TPT1;RPLP1;FTL;RPL34;RPL18;RPLP2;RPL9;RPS8;HLA-B;RPL18A;RPS3;RPS28;RPL13A;RPL37A;RPL8;TMSB10;RPS5;RPS11;RPL28;RPS29;RPL14;RPS20;RPL35;RPL35A;RPS24;RPL6;RPS6;RPS27A;RPL3;RPS7;RPS3A;RPS25;RPS14;RPL7A;RPL29;RPL23A;RPS18;RPL32;UBA52;RPL19;RPS13;RPS9;RPSA;RPL27A;HLA-C;RPL11;RPS4X;RPL39;FAU;RPS2;RPS27;GAPDH;SNX3;PFN1;RPS15A;RPL30;RPL5;RPL37;RPLP0;CST3;RPL41;RPS23;CPVL;HLA-A;PTMA;RPL10A;RPL21;EEF1A1;FTH1;RPL12;B2M;TMSB4X;RPL15;EEF1B2;ACTG1;RPL26,"[470, 558, 574, 855, 908, 1399, 1679, 1918, 2297, 2336, 2583, 2683, 2707, 2741, 3009, 3066, 3110, 3161, 3204, 3240, 3273, 3274, 3341, 3464, 3478, 3513, 3549, 3661, 3685, 3907, 3938, 4056, 4093, 4125, 4163, 4202, 4212, 4220, 4340, 4464, 4465, 4486, 4491, 4542, 4601, 4603, 4699, 4751, 4800, 4803, 4863, 4864, 4883, 4925, 5014, 5032, 5034, 5044, 5294, 5363, 5365, 5472, 5753, 5812, 5883, 5977, 5993, 6030, 6075, 6213, 6265, 6273, 6566, 6735, 6957, 7026, 7036, 7111, 7173, 7718, 7728, 8419, 8759, 8993, 10085, 11512, 11600, 16730]",Tabula_Sapiens__Thymus-myeloid Dendritic Cell
Tabula_Sapiens,Uterus-nk Cell,prerank,0.535385000946623,2.1420320813684066,0.0,0.0,0.0,60_89,60/89,28.80%,HSPA1A;IFITM2;CD7;HSP90AA1;TSC22D3;SRGN;BTG1;VIM;RPS21;RPL36;RPS19;HSP90AB1;RPS15;RPS16;TPT1;RPLP1;SH3BGRL3;COTL1;JUND;RPL34;RPL18;RPLP2;RPL9;RPS8;HLA-B;RPL18A;RPS3;RPS26;RPS28;RPL13A;RPL37A;RPL8;TMSB10;RPS5;RPL28;RPS29;RPL14;RPL35;RPL35A;RPS24;RPL6;RPS6;RPS27A;RPL3;RPS7;RPS3A;RPS14;RPL7A;RPL29;RPL23A;CTSW;RPS18;RPL32;UBA52;RPL19;RPS13;RPS9;RPSA;HLA-C;RPL11,HSPA1A;IFITM2;CD7;HSP90AA1;TSC22D3;SRGN;BTG1;VIM;RPS21;RPL36;RPS19;HSP90AB1;RPS15;RPS16;TPT1;RPLP1;SH3BGRL3;COTL1;JUND;RPL34;RPL18;RPLP2;RPL9;RPS8;HLA-B;RPL18A;RPS3;RPS26;RPS28;RPL13A;RPL37A;RPL8;TMSB10;RPS5;RPL28;RPS29;RPL14;RPL35;RPL35A;RPS24;RPL6;RPS6;RPS27A;RPL3;RPS7;RPS3A;RPS14;RPL7A;RPL29;RPL23A;CTSW;RPS18;RPL32;UBA52;RPL19;RPS13;RPS9;RPSA;HLA-C;RPL11;RPS4X;RPL39;FAU;RPS2;EIF1;RPS27;GAPDH;RPS15A;RPL30;RPL37;RPL41;RPS23;HLA-A;PTMA;RPL10A;RPL21;EEF1A1;FTH1;GNLY;RPL12;B2M;TMSB4X;GZMB;RPL15;ACTG1;CALM1;NKG7;RPL26;GZMA,"[2, 633, 912, 996, 1034, 1146, 1239, 1399, 1679, 2297, 2336, 2454, 2583, 2683, 2707, 2741, 2777, 2856, 3051, 3066, 3110, 3161, 3204, 3240, 3273, 3274, 3341, 3446, 3464, 3478, 3513, 3549, 3661, 3685, 3938, 4056, 4093, 4163, 4202, 4212, 4220, 4340, 4464, 4465, 4486, 4491, 4601, 4603, 4699, 4751, 4791, 4800, 4803, 4863, 4864, 4883, 4925, 5014, 5034, 5044, 5294, 5363, 5365, 5472, 5574, 5753, 5812, 5993, 6030, 6213, 6566, 6735, 7026, 7036, 7111, 7173, 7718, 7728, 8051, 8419, 8759, 8993, 9864, 10085, 11600, 13283, 15287, 16730, 17331]",Tabula_Sapiens__Uterus-nk Cell
Tabula_Sapiens,Fat-mesenchymal Stem Cell,prerank,0.5796422781379732,2.3023150005191706,0.0,0.0,0.0,66_88,66/88,30.68%,MT2A;SOCS3;CEBPD;ADH1B;FOS;DCN;VIM;RPS21;IGFBP5;ZFP36;RPL36;RPS19;JUN;APOD;RPS15;RPS16;TPT1;RPLP1;FTL;JUND;RPL34;RPL18;RPLP2;RPL9;RPS8;RPL18A;RPS3;RPS28;RPL13A;RPL37A;RPL8;RPS5;APOE;RPS11;RPL28;RPL38;RPS29;RPL14;RPS20;RPL35;RPL35A;RPS24;RPL6;RPS6;RPS27A;RPL3;RPS7;RPS3A;RPS25;RPS14;RPL7A;RPL29;RPL23A;RPS18;RPL32;RPL19;RPS13;RPS9;RPL7;RPL27A;RPL11;NACA;RPS4X;RPL39;FAU;GSN,MT2A;SOCS3;CEBPD;ADH1B;FOS;DCN;VIM;RPS21;IGFBP5;ZFP36;RPL36;RPS19;JUN;APOD;RPS15;RPS16;TPT1;RPLP1;FTL;JUND;RPL34;RPL18;RPLP2;RPL9;RPS8;RPL18A;RPS3;RPS28;RPL13A;RPL37A;RPL8;RPS5;APOE;RPS11;RPL28;RPL38;RPS29;RPL14;RPS20;RPL35;RPL35A;RPS24;RPL6;RPS6;RPS27A;RPL3;RPS7;RPS3A;RPS25;RPS14;RPL7A;RPL29;RPL23A;RPS18;RPL32;RPL19;RPS13;RPS9;RPL7;RPL27A;RPL11;NACA;RPS4X;RPL39;FAU;GSN;RPS2;RPS27;RPS15A;RPL30;RPL5;RPL37;RPLP0;CST3;RPL41;RPS23;RPL10A;RPL21;EEF1A1;FTH1;FOSB;SPARCL1;GPX3;RPL12;MGP;RPL15;RPL26;EGR1,"[145, 158, 312, 648, 1219, 1395, 1399, 1679, 1810, 1852, 2297, 2336, 2405, 2562, 2583, 2683, 2707, 2741, 3009, 3051, 3066, 3110, 3161, 3204, 3240, 3274, 3341, 3464, 3478, 3513, 3549, 3685, 3783, 3907, 3938, 3947, 4056, 4093, 4125, 4163, 4202, 4212, 4220, 4340, 4464, 4465, 4486, 4491, 4542, 4601, 4603, 4699, 4751, 4800, 4803, 4864, 4883, 4925, 4984, 5032, 5044, 5174, 5294, 5363, 5365, 5373, 5472, 5753, 5993, 6030, 6075, 6213, 6265, 6273, 6566, 6735, 7111, 7173, 7718, 7728, 7914, 7992, 7997, 8419, 9257, 10085, 16730, 17016]",Tabula_Sapiens__Fat-mesenchymal Stem Cell
Tabula_Sapiens,Muscle-smooth Muscle Cell,prerank,0.49898030348816536,2.0029943438966655,0.0,0.0,0.0,37_89,37/89,20.26%,HSPA1A;HSPB1;HSPA1B;DNAJB1;MT2A;S100A4;CEBPD;YBX3;CDKN1A;GADD45B;IFITM3;HSP90AA1;FOS;S100A6;VIM;IGFBP5;ZFP36;PDK4;PPP1R15A;RPS19;JUN;HSP90AB1;ADIRF;TIMP3;RPS16;LGALS1;TPT1;RPLP1;JUND;RPL34;RPL9;RPS8;RPS3;RPS28;RPL37A;ADAMTS1;RPL8,HSPA1A;HSPB1;HSPA1B;DNAJB1;MT2A;S100A4;CEBPD;YBX3;CDKN1A;GADD45B;IFITM3;HSP90AA1;FOS;S100A6;VIM;IGFBP5;ZFP36;PDK4;PPP1R15A;RPS19;JUN;HSP90AB1;ADIRF;TIMP3;RPS16;LGALS1;TPT1;RPLP1;JUND;RPL34;RPL9;RPS8;RPS3;RPS28;RPL37A;ADAMTS1;RPL8;RPS11;RPL35A;RPS24;ATF3;RPS6;RPS27A;RPL3;RPS14;RPL7A;RPL23A;RPS18;RPL32;RPL19;RPL11;MYL6;RPS4X;FAU;EIF1;RPS27;RPL30;CALD1;RPL37;CST3;RPL41;RPS23;FLNA;TPM2;PTMA;MFGE8;RPL21;EEF1A1;FTH1;SPARCL1;RHOB;B2M;TMSB4X;LPP;RPL15;CALM2;IGFBP7;ACTG1;CYCS;NR4A1;DSTN;TPM1;RERGL;MYL9;PPP1R14A;MYH11;TAGLN;EGR1;ACTA2,"[2, 4, 7, 8, 145, 245, 312, 466, 715, 762, 970, 996, 1219, 1299, 1399, 1810, 1852, 2104, 2264, 2336, 2405, 2454, 2504, 2602, 2683, 2686, 2707, 2741, 3051, 3066, 3204, 3240, 3341, 3464, 3513, 3516, 3549, 3907, 4202, 4212, 4249, 4340, 4464, 4465, 4601, 4603, 4751, 4800, 4803, 4864, 5044, 5081, 5294, 5365, 5574, 5753, 6030, 6176, 6213, 6273, 6566, 6735, 6813, 6931, 7036, 7133, 7173, 7718, 7728, 7992, 8680, 8759, 8993, 9547, 10085, 10877, 11361, 11600, 12163, 12865, 13724, 14533, 15554, 16189, 16332, 16634, 16652, 17016, 17447]",Tabula_Sapiens__Muscle-smooth Muscle Cell
Tabula_Sapiens,Kidney-b Cell,prerank,0.5630220376625791,2.2593529762693985,0.0,0.0,0.0,68_87,68/87,32.85%,CXCR4;CD52;HLA-DRA;CD74;BTG1;RPS21;RPL36;RPS19;RPS15;RPS16;TPT1;RPLP1;FTL;RPL34;RPL18;RPLP2;RPL9;RPS8;HLA-B;RPL18A;RPS3;RPS26;RPS28;RPL13A;RPL37A;RPL8;RPL31;TMSB10;RPS5;RPL27;RPS11;RPL28;RPL38;RPS29;RPL14;RPS20;RPL35;RPL35A;RPS24;RPL6;RPS6;RPS27A;RPL3;RPS7;RPS3A;RPS25;RPS14;RPL7A;RPL29;RPL23A;RPS18;RPL32;UBA52;RPL19;RPS13;RPS9;PFDN5;RPSA;RPL27A;RPL11;NACA;RPS4X;RPL39;FAU;RPS2;EIF1;TXNIP;RPS27,CXCR4;CD52;HLA-DRA;CD74;BTG1;RPS21;RPL36;RPS19;RPS15;RPS16;TPT1;RPLP1;FTL;RPL34;RPL18;RPLP2;RPL9;RPS8;HLA-B;RPL18A;RPS3;RPS26;RPS28;RPL13A;RPL37A;RPL8;RPL31;TMSB10;RPS5;RPL27;RPS11;RPL28;RPL38;RPS29;RPL14;RPS20;RPL35;RPL35A;RPS24;RPL6;RPS6;RPS27A;RPL3;RPS7;RPS3A;RPS25;RPS14;RPL7A;RPL29;RPL23A;RPS18;RPL32;UBA52;RPL19;RPS13;RPS9;PFDN5;RPSA;RPL27A;RPL11;NACA;RPS4X;RPL39;FAU;RPS2;EIF1;TXNIP;RPS27;RPS15A;RPL30;RPL5;RPL37;RPLP0;RPL41;RPS23;PTMA;RPL10A;RPL21;EEF1A1;RPL12;B2M;TMSB4X;DDX5;RPL15;EEF1B2;MS4A1;RPL26,"[50, 830, 855, 908, 1239, 1679, 2297, 2336, 2583, 2683, 2707, 2741, 3009, 3066, 3110, 3161, 3204, 3240, 3273, 3274, 3341, 3446, 3464, 3478, 3513, 3549, 3614, 3661, 3685, 3894, 3907, 3938, 3947, 4056, 4093, 4125, 4163, 4202, 4212, 4220, 4340, 4464, 4465, 4486, 4491, 4542, 4601, 4603, 4699, 4751, 4800, 4803, 4863, 4864, 4883, 4925, 5007, 5014, 5032, 5044, 5174, 5294, 5363, 5365, 5472, 5574, 5739, 5753, 5993, 6030, 6075, 6213, 6265, 6566, 6735, 7036, 7111, 7173, 7718, 8419, 8759, 8993, 9867, 10085, 11512, 15249, 16730]",Tabula_Sapiens__Kidney-b Cell
Tabula_Sapiens,Blood-naive B Cell,prerank,0.5975897065733197,2.385036729565405,0.0,0.0,0.0,66_88,66/88,30.63%,CXCR4;CD37;CD52;HLA-DRA;CD74;TSC22D3;BTG1;RPS21;RPL36;RPS19;RPS15;CD79A;RPS16;TPT1;RPLP1;FTL;JUND;RPS10;RPL34;RPL18;RPLP2;RPL9;RPS8;RPL18A;RPS3;RPS26;RPS28;RPL13A;RPL37A;RPL8;TMSB10;RPS5;RPL27;RPS11;RPL28;RPL38;RPS29;RPL14;RPS20;RPL35;RPL35A;RPS24;RPL6;RPS6;RPS27A;RPL3;RPS7;RPS3A;RPS25;RPS14;RPL7A;RPL29;RPL23A;RPS18;RPL32;UBA52;RPL19;RPS13;RPS9;RPSA;RPL27A;RPL11;NACA;RPS4X;RPL39;FAU,CXCR4;CD37;CD52;HLA-DRA;CD74;TSC22D3;BTG1;RPS21;RPL36;RPS19;RPS15;CD79A;RPS16;TPT1;RPLP1;FTL;JUND;RPS10;RPL34;RPL18;RPLP2;RPL9;RPS8;RPL18A;RPS3;RPS26;RPS28;RPL13A;RPL37A;RPL8;TMSB10;RPS5;RPL27;RPS11;RPL28;RPL38;RPS29;RPL14;RPS20;RPL35;RPL35A;RPS24;RPL6;RPS6;RPS27A;RPL3;RPS7;RPS3A;RPS25;RPS14;RPL7A;RPL29;RPL23A;RPS18;RPL32;UBA52;RPL19;RPS13;RPS9;RPSA;RPL27A;RPL11;NACA;RPS4X;RPL39;FAU;RPS2;EIF1;TXNIP;RPS27;RPS15A;RPL30;RPL5;RPL22;RPL37;RPLP0;RPL41;RPS23;PTMA;RPL10A;RPL21;EEF1A1;FTH1;RPL12;B2M;TMSB4X;RPL15;RPL26,"[50, 436, 830, 855, 908, 1034, 1239, 1679, 2297, 2336, 2583, 2657, 2683, 2707, 2741, 3009, 3051, 3058, 3066, 3110, 3161, 3204, 3240, 3274, 3341, 3446, 3464, 3478, 3513, 3549, 3661, 3685, 3894, 3907, 3938, 3947, 4056, 4093, 4125, 4163, 4202, 4212, 4220, 4340, 4464, 4465, 4486, 4491, 4542, 4601, 4603, 4699, 4751, 4800, 4803, 4863, 4864, 4883, 4925, 5014, 5032, 5044, 5174, 5294, 5363, 5365, 5472, 5574, 5739, 5753, 5993, 6030, 6075, 6109, 6213, 6265, 6566, 6735, 7036, 7111, 7173, 7718, 7728, 8419, 8759, 8993, 10085, 16730]",Tabula_Sapiens__Blood-naive B Cell
Tabula_Sapiens,Bone Marrow-granulocyte,prerank,0.5232528422591055,2.08005175717958,0.0,0.0,0.0,59_89,59/89,28.80%,S100A8;LYZ;S100A9;HSP90AA1;SRGN;FOS;VIM;RPS21;RPL36;RPS19;RPS15;RPS16;TPT1;RPLP1;AZU1;FTL;RPL34;OAZ1;RPL18;RPLP2;RPL9;RPS8;RPL18A;RPS3;RPS28;RPL13A;RPL37A;RPL8;TMSB10;RPL27;RPS11;RPL28;RPL38;RPS29;RPS20;RPL35;RPL35A;RPS24;RPL6;RPS6;RPS27A;RPL3;RPS7;RPS3A;RPS25;RPS14;RPL7A;RPL29;RPL23A;RPS18;RPL32;UBA52;RPL19;RPS13;RPS9;RPL7;RPSA;RPL27A;RPL11,S100A8;LYZ;S100A9;HSP90AA1;SRGN;FOS;VIM;RPS21;RPL36;RPS19;RPS15;RPS16;TPT1;RPLP1;AZU1;FTL;RPL34;OAZ1;RPL18;RPLP2;RPL9;RPS8;RPL18A;RPS3;RPS28;RPL13A;RPL37A;RPL8;TMSB10;RPL27;RPS11;RPL28;RPL38;RPS29;RPS20;RPL35;RPL35A;RPS24;RPL6;RPS6;RPS27A;RPL3;RPS7;RPS3A;RPS25;RPS14;RPL7A;RPL29;RPL23A;RPS18;RPL32;UBA52;RPL19;RPS13;RPS9;RPL7;RPSA;RPL27A;RPL11;RPS4X;RPL39;FAU;RPS2;RPS27;GAPDH;PFN1;RPS15A;RPL30;RPL5;RPL37;RPLP0;PABPC1;RPL41;RPS23;PTMA;RPL21;HNRNPA2B1;EEF1A1;RPL12;B2M;TMSB4X;RPL15;ELANE;EREG;ACTG1;HMGB1;MPO;PRTN3;RPL26,"[157, 574, 820, 996, 1146, 1219, 1399, 1679, 2297, 2336, 2583, 2683, 2707, 2741, 2992, 3009, 3066, 3070, 3110, 3161, 3204, 3240, 3274, 3341, 3464, 3478, 3513, 3549, 3661, 3894, 3907, 3938, 3947, 4056, 4125, 4163, 4202, 4212, 4220, 4340, 4464, 4465, 4486, 4491, 4542, 4601, 4603, 4699, 4751, 4800, 4803, 4863, 4864, 4883, 4925, 4984, 5014, 5032, 5044, 5294, 5363, 5365, 5472, 5753, 5812, 5977, 5993, 6030, 6075, 6213, 6265, 6350, 6566, 6735, 7036, 7173, 7364, 7718, 8419, 8759, 8993, 10085, 11164, 11223, 11600, 12555, 14227, 16516, 16730]",Tabula_Sapiens__Bone Marrow-granulocyte
Tabula_Sapiens,Skin-nkt Cell,prerank,0.5854303630348098,2.335793346674969,0.0,0.0,0.0,73_89,73/89,34.88%,CXCR4;IL7R;TSC22D3;SRGN;BTG1;ZFP36L2;VIM;RPS21;RPL36;RPS19;PTPRC;RPS15;RPS16;TPT1;RPLP1;FTL;RPS10;RPL34;RPL18;RPLP2;RPL9;RPS8;HLA-B;RPL18A;RPS3;RPS26;RPS28;RPL13A;RPL37A;RPL8;TMSB10;RPS5;RPL27;RPS11;RPL28;RPL38;RPS29;RPL14;RPL35;RPL35A;RPS24;RPL6;RPS6;RPS27A;RPL3;RPS7;RPS3A;RPS25;RPS14;RPL7A;RPL29;RPL23A;RPS18;RPL32;UBA52;RPL19;RPS13;RPS9;RPSA;RPL11;NACA;RPS4X;RPL39;FAU;RPS2;EIF1;TXNIP;RPS27;GAPDH;RPS15A;RPL30;RPL5;RPL22,CXCR4;IL7R;TSC22D3;SRGN;BTG1;ZFP36L2;VIM;RPS21;RPL36;RPS19;PTPRC;RPS15;RPS16;TPT1;RPLP1;FTL;RPS10;RPL34;RPL18;RPLP2;RPL9;RPS8;HLA-B;RPL18A;RPS3;RPS26;RPS28;RPL13A;RPL37A;RPL8;TMSB10;RPS5;RPL27;RPS11;RPL28;RPL38;RPS29;RPL14;RPL35;RPL35A;RPS24;RPL6;RPS6;RPS27A;RPL3;RPS7;RPS3A;RPS25;RPS14;RPL7A;RPL29;RPL23A;RPS18;RPL32;UBA52;RPL19;RPS13;RPS9;RPSA;RPL11;NACA;RPS4X;RPL39;FAU;RPS2;EIF1;TXNIP;RPS27;GAPDH;RPS15A;RPL30;RPL5;RPL22;RPL37;RPLP0;PABPC1;RPL41;RPS23;HLA-A;PTMA;RPL10A;RPL21;EEF1A1;FTH1;RPL12;B2M;TMSB4X;RPL15;RPL26,"[50, 1012, 1034, 1146, 1239, 1382, 1399, 1679, 2297, 2336, 2422, 2583, 2683, 2707, 2741, 3009, 3058, 3066, 3110, 3161, 3204, 3240, 3273, 3274, 3341, 3446, 3464, 3478, 3513, 3549, 3661, 3685, 3894, 3907, 3938, 3947, 4056, 4093, 4163, 4202, 4212, 4220, 4340, 4464, 4465, 4486, 4491, 4542, 4601, 4603, 4699, 4751, 4800, 4803, 4863, 4864, 4883, 4925, 5014, 5044, 5174, 5294, 5363, 5365, 5472, 5574, 5739, 5753, 5812, 5993, 6030, 6075, 6109, 6213, 6265, 6350, 6566, 6735, 7026, 7036, 7111, 7173, 7718, 7728, 8419, 8759, 8993, 10085, 16730]",Tabula_Sapiens__Skin-nkt Cell
Tabula_Sapiens,Lymph Node-t Cell,prerank,0.5775113577568682,2.3455109821883777,0.0,0.0,0.0,68_91,68/91,30.63%,CXCR4;NFKBIA;KLF2;HSP90AA1;IL7R;TSC22D3;SRGN;FOS;BTG1;ZFP36L2;RPS21;RPL36;RPS19;JUN;RPS15;RPS16;TPT1;RPLP1;FTL;JUND;RPL34;RPL18;RPLP2;RPL9;RPS8;RPL18A;RPS3;RPS28;RPL13A;RPL37A;KLF6;RPL8;TMSB10;RPS5;RPL27;RPS11;RPL28;RPL38;RPS29;RPL14;RPS20;RPL35;RPL35A;RPS24;RPL6;RPS6;RPS27A;RPL3;RPS7;RPS3A;RPS25;RPS14;RPL7A;RPL29;RPL23A;RPS18;RPL32;UBA52;RPL19;RPS13;RPS9;RPSA;RPL27A;RPL11;NACA;RPS4X;RPL39;FAU,CXCR4;NFKBIA;KLF2;HSP90AA1;IL7R;TSC22D3;SRGN;FOS;BTG1;ZFP36L2;RPS21;RPL36;RPS19;JUN;RPS15;RPS16;TPT1;RPLP1;FTL;JUND;RPL34;RPL18;RPLP2;RPL9;RPS8;RPL18A;RPS3;RPS28;RPL13A;RPL37A;KLF6;RPL8;TMSB10;RPS5;RPL27;RPS11;RPL28;RPL38;RPS29;RPL14;RPS20;RPL35;RPL35A;RPS24;RPL6;RPS6;RPS27A;RPL3;RPS7;RPS3A;RPS25;RPS14;RPL7A;RPL29;RPL23A;RPS18;RPL32;UBA52;RPL19;RPS13;RPS9;RPSA;RPL27A;RPL11;NACA;RPS4X;RPL39;FAU;RPS2;EIF1;TXNIP;RPS27;RPS15A;RPL30;RPL5;RPL37;RPLP0;RPL41;RPS23;PTMA;RPL10A;RPL21;EEF1A1;FTH1;RPL12;B2M;TMSB4X;RPL15;EEF1B2;CD69;RPL26,"[50, 438, 811, 996, 1012, 1034, 1146, 1219, 1239, 1382, 1679, 2297, 2336, 2405, 2583, 2683, 2707, 2741, 3009, 3051, 3066, 3110, 3161, 3204, 3240, 3274, 3341, 3464, 3478, 3513, 3544, 3549, 3661, 3685, 3894, 3907, 3938, 3947, 4056, 4093, 4125, 4163, 4202, 4212, 4220, 4340, 4464, 4465, 4486, 4491, 4542, 4601, 4603, 4699, 4751, 4800, 4803, 4863, 4864, 4883, 4925, 5014, 5032, 5044, 5174, 5294, 5363, 5365, 5472, 5574, 5739, 5753, 5993, 6030, 6075, 6213, 6265, 6566, 6735, 7036, 7111, 7173, 7718, 7728, 8419, 8759, 8993, 10085, 11512, 16391, 16730]",Tabula_Sapiens__Lymph Node-t Cell
Tabula_Sapiens,Liver-endothelial Cell Of Hepatic Sinusoid,prerank,0.5193614898222629,2.032157398987922,0.0,0.0,0.0,50_86,50/86,27.88%,HSPA1A;DNASE1L3;SOCS3;TM4SF1;KLF2;SLC2A3;ID3;IFITM3;HSP90AA1;FLT1;SRGN;FOS;VIM;TIMP1;STOM;GNG11;ZFP36;FCN3;SERF2;RPL36;RPS19;JUN;HSP90AB1;RPS15;TIMP3;TPT1;RPLP1;HLA-E;JUND;RPL34;RPLP2;RPL9;RPS8;HLA-B;RPL18A;RPS28;TMSB10;RPL28;INSR;RPL35A;RPS24;RPL6;RPS6;RPS27A;RPS7;RPS3A;RPS14;RPS18;RPL32;RPS13,HSPA1A;DNASE1L3;SOCS3;TM4SF1;KLF2;SLC2A3;ID3;IFITM3;HSP90AA1;FLT1;SRGN;FOS;VIM;TIMP1;STOM;GNG11;ZFP36;FCN3;SERF2;RPL36;RPS19;JUN;HSP90AB1;RPS15;TIMP3;TPT1;RPLP1;HLA-E;JUND;RPL34;RPLP2;RPL9;RPS8;HLA-B;RPL18A;RPS28;TMSB10;RPL28;INSR;RPL35A;RPS24;RPL6;RPS6;RPS27A;RPS7;RPS3A;RPS14;RPS18;RPL32;RPS13;RPL11;NACA;RPS4X;RPL39;ID1;EIF1;HSP90B1;IL6ST;SRP14;RPS27;RPS15A;RPL30;RPL37;RPL41;RPS23;PTMA;RPL21;FKBP1A;HNRNPA2B1;EEF1A1;A2M;RPL12;ARGLU1;B2M;TMSB4X;MGP;DDX5;RPL15;ITM2B;IGFBP7;ACTG1;CALM1;APP;RPL26;CRHBP;ALB,"[2, 74, 158, 694, 811, 935, 956, 970, 996, 1094, 1146, 1219, 1399, 1515, 1517, 1851, 1852, 1910, 2068, 2297, 2336, 2405, 2454, 2583, 2602, 2707, 2741, 2908, 3051, 3066, 3161, 3204, 3240, 3273, 3274, 3464, 3661, 3938, 3939, 4202, 4212, 4220, 4340, 4464, 4486, 4491, 4601, 4800, 4803, 4883, 5044, 5174, 5294, 5363, 5430, 5574, 5669, 5726, 5729, 5753, 5993, 6030, 6213, 6566, 6735, 7036, 7173, 7174, 7364, 7718, 7759, 8419, 8574, 8759, 8993, 9257, 9867, 10085, 11214, 11361, 11600, 13283, 13823, 16730, 17031, 17324]",Tabula_Sapiens__Liver-endothelial Cell Of Hepatic Sinusoid
Tabula_Sapiens,Prostate-hillock-club Cell Of Prostate Epithelium,prerank,0.5473107406869155,2.1810516377234923,0.0,0.0,0.0,60_85,60/85,31.24%,SLPI;S100P;LCN2;HSP90AA1;S100A11;KRT19;FOS;S100A6;ZFP36L1;RPS21;SERF2;RPL36;RPS19;JUN;ADIRF;RPS15;RPS16;TPT1;RPLP1;GSTP1;FTL;RPL34;RPL18;RPLP2;RPL9;RPS8;RPL18A;RPS3;RPS28;RPL13A;RPL37A;RPL8;RPS5;KRT13;CLDN4;RPL28;RPL14;RPL35;RPL35A;RPS24;RPS6;RPS27A;RPL3;RPS3A;RPS14;RPL7A;RPL29;RPL23A;RPS18;RPL32;RPL19;RPS13;RPS9;RPL11;NACA;RPS4X;RPL39;FAU;ID1;RPS2,SLPI;S100P;LCN2;HSP90AA1;S100A11;KRT19;FOS;S100A6;ZFP36L1;RPS21;SERF2;RPL36;RPS19;JUN;ADIRF;RPS15;RPS16;TPT1;RPLP1;GSTP1;FTL;RPL34;RPL18;RPLP2;RPL9;RPS8;RPL18A;RPS3;RPS28;RPL13A;RPL37A;RPL8;RPS5;KRT13;CLDN4;RPL28;RPL14;RPL35;RPL35A;RPS24;RPS6;RPS27A;RPL3;RPS3A;RPS14;RPL7A;RPL29;RPL23A;RPS18;RPL32;RPL19;RPS13;RPS9;RPL11;NACA;RPS4X;RPL39;FAU;ID1;RPS2;EIF1;RPS27;RPS15A;RPL30;RPL37;RPL41;RPS23;HLA-A;PTMA;RPL10A;RPL21;EEF1A1;FTH1;WFDC2;RPL12;B2M;TMSB4X;RPL15;SCGB3A1;ACTG1;RARRES1;OLFM4;ELF3;PSCA;RPL26,"[42, 233, 756, 996, 1102, 1151, 1219, 1299, 1595, 1679, 2068, 2297, 2336, 2405, 2504, 2583, 2683, 2707, 2741, 2918, 3009, 3066, 3110, 3161, 3204, 3240, 3274, 3341, 3464, 3478, 3513, 3549, 3685, 3883, 3933, 3938, 4093, 4163, 4202, 4212, 4340, 4464, 4465, 4491, 4601, 4603, 4699, 4751, 4800, 4803, 4864, 4883, 4925, 5044, 5174, 5294, 5363, 5365, 5430, 5472, 5574, 5753, 5993, 6030, 6213, 6566, 6735, 7026, 7036, 7111, 7173, 7718, 7728, 7784, 8419, 8759, 8993, 10085, 11110, 11600, 12374, 12812, 14662, 14694, 16730]",Tabula_Sapiens__Prostate-hillock-club Cell Of Prostate Epithelium
Tabula_Sapiens,Spleen-cd1c-positive Myeloid Dendritic Cell,prerank,0.5734306558800177,2.3158217927895977,0.0,0.0,0.0,66_90,66/90,31.24%,LYZ;HLA-DRA;CD74;SRGN;VIM;RPS21;HLA-DQA1;HLA-DPA1;RPL36;RPS19;RPS15;RPS16;TPT1;RPLP1;GSTP1;FTL;RPS10;RPL34;RPL18;RPLP2;RPL9;RPS8;HLA-B;RPL18A;RPS3;RPS26;RPS28;RPL13A;RPL37A;RPL8;TMSB10;RPS5;RPS11;RPL28;RPS29;RPL14;RPS20;RPL35;RPL35A;RPS24;RPL6;RPS6;ID2;RPS27A;RPL3;RPS7;RPS3A;RPS14;RPL7A;RPL29;RPL23A;RPS18;RPL32;UBA52;RPL19;RPS13;RPS9;RPSA;RPL27A;RPL11;MYL6;NACA;RPS4X;RPL39;FAU;RPS2,LYZ;HLA-DRA;CD74;SRGN;VIM;RPS21;HLA-DQA1;HLA-DPA1;RPL36;RPS19;RPS15;RPS16;TPT1;RPLP1;GSTP1;FTL;RPS10;RPL34;RPL18;RPLP2;RPL9;RPS8;HLA-B;RPL18A;RPS3;RPS26;RPS28;RPL13A;RPL37A;RPL8;TMSB10;RPS5;RPS11;RPL28;RPS29;RPL14;RPS20;RPL35;RPL35A;RPS24;RPL6;RPS6;ID2;RPS27A;RPL3;RPS7;RPS3A;RPS14;RPL7A;RPL29;RPL23A;RPS18;RPL32;UBA52;RPL19;RPS13;RPS9;RPSA;RPL27A;RPL11;MYL6;NACA;RPS4X;RPL39;FAU;RPS2;RPS27;GAPDH;PFN1;RPS15A;RPL30;RPL5;RPL37;RPLP0;CST3;RPL41;RPS23;CPVL;PTMA;RPL10A;RPL21;EEF1A1;FTH1;RPL12;B2M;TMSB4X;RPL15;EEF1B2;ACTG1;RPL26,"[574, 855, 908, 1146, 1399, 1679, 1718, 1918, 2297, 2336, 2583, 2683, 2707, 2741, 2918, 3009, 3058, 3066, 3110, 3161, 3204, 3240, 3273, 3274, 3341, 3446, 3464, 3478, 3513, 3549, 3661, 3685, 3907, 3938, 4056, 4093, 4125, 4163, 4202, 4212, 4220, 4340, 4384, 4464, 4465, 4486, 4491, 4601, 4603, 4699, 4751, 4800, 4803, 4863, 4864, 4883, 4925, 5014, 5032, 5044, 5081, 5174, 5294, 5363, 5365, 5472, 5753, 5812, 5977, 5993, 6030, 6075, 6213, 6265, 6273, 6566, 6735, 6957, 7036, 7111, 7173, 7718, 7728, 8419, 8759, 8993, 10085, 11512, 11600, 16730]",Tabula_Sapiens__Spleen-cd1c-positive Myeloid Dendritic Cell
Tabula_Sapiens,Spleen-plasmacytoid Dendritic Cell,prerank,0.5526534560519304,2.2229096725583593,0.0,0.0,0.0,71_88,71/88,35.81%,S100A8;LYZ;KLF2;S100A9;HLA-DRA;CD74;VIM;RPS21;HLA-DPA1;RPL36;RPS19;RPS15;RPS16;TPT1;RPLP1;COTL1;FTL;RPL34;RPL18;RPLP2;RPL9;RPS8;RPL18A;RPS3;RPS28;RPL13A;RPL37A;RPL8;TMSB10;RPS5;RPS11;RPL28;RPL14;RPS20;RPL35;RPL35A;RPS24;RPL6;RPS6;RPS27A;RPL3;RPS7;RPS3A;RPS25;RPS14;RPL7A;RPL29;RPS18;RPL32;RPL19;RPS13;RPS9;RPSA;RPL27A;RPL11;NACA;RPS4X;RPL39;FAU;RPS2;EIF1;HSP90B1;RPS27;GAPDH;PFN1;RPS15A;RPL30;RPL5;RPL37;RPLP0;CST3,S100A8;LYZ;KLF2;S100A9;HLA-DRA;CD74;VIM;RPS21;HLA-DPA1;RPL36;RPS19;RPS15;RPS16;TPT1;RPLP1;COTL1;FTL;RPL34;RPL18;RPLP2;RPL9;RPS8;RPL18A;RPS3;RPS28;RPL13A;RPL37A;RPL8;TMSB10;RPS5;RPS11;RPL28;RPL14;RPS20;RPL35;RPL35A;RPS24;RPL6;RPS6;RPS27A;RPL3;RPS7;RPS3A;RPS25;RPS14;RPL7A;RPL29;RPS18;RPL32;RPL19;RPS13;RPS9;RPSA;RPL27A;RPL11;NACA;RPS4X;RPL39;FAU;RPS2;EIF1;HSP90B1;RPS27;GAPDH;PFN1;RPS15A;RPL30;RPL5;RPL37;RPLP0;CST3;RPL41;HMGB2;RPS23;PTMA;RPL10A;RPL21;EEF1A1;FTH1;RPL12;B2M;TMSB4X;EEF2;RPL15;TUBA1B;ACTG1;TXNDC5;RPL26,"[157, 574, 811, 820, 855, 908, 1399, 1679, 1918, 2297, 2336, 2583, 2683, 2707, 2741, 2856, 3009, 3066, 3110, 3161, 3204, 3240, 3274, 3341, 3464, 3478, 3513, 3549, 3661, 3685, 3907, 3938, 4093, 4125, 4163, 4202, 4212, 4220, 4340, 4464, 4465, 4486, 4491, 4542, 4601, 4603, 4699, 4800, 4803, 4864, 4883, 4925, 5014, 5032, 5044, 5174, 5294, 5363, 5365, 5472, 5574, 5669, 5753, 5812, 5977, 5993, 6030, 6075, 6213, 6265, 6273, 6566, 6590, 6735, 7036, 7111, 7173, 7718, 7728, 8419, 8759, 8993, 9092, 10085, 10112, 11600, 14592, 16730]",Tabula_Sapiens__Spleen-plasmacytoid Dendritic Cell
Tabula_Sapiens,Spleen-memory B Cell,prerank,0.5875000300439638,2.360527753816884,0.0,0.0,0.0,66_89,66/89,30.63%,CXCR4;KLF2;HLA-DRA;CD74;TSC22D3;BTG1;RPS21;RPL36;RPS19;RPS15;RPS16;TPT1;RPLP1;FTL;JUND;RPS10;RPL34;RPL18;RPLP2;RPL9;RPS8;HLA-B;RPL18A;RPS3;RPS26;RPS28;RPL13A;RPL37A;RPL8;RPL31;RPS5;RPL27;RPS11;RPL28;RPL38;RPS29;RPL14;RPS20;RPL35;RPL35A;RPS24;RPL6;RPS6;RPS27A;RPL3;RPS7;RPS3A;RPS25;RPS14;RPL7A;RPL29;RPL23A;RPS18;RPL32;UBA52;RPL19;RPS13;RPS9;RPSA;RPL27A;RPL11;NACA;RPS4X;RPL4;RPL39;FAU,CXCR4;KLF2;HLA-DRA;CD74;TSC22D3;BTG1;RPS21;RPL36;RPS19;RPS15;RPS16;TPT1;RPLP1;FTL;JUND;RPS10;RPL34;RPL18;RPLP2;RPL9;RPS8;HLA-B;RPL18A;RPS3;RPS26;RPS28;RPL13A;RPL37A;RPL8;RPL31;RPS5;RPL27;RPS11;RPL28;RPL38;RPS29;RPL14;RPS20;RPL35;RPL35A;RPS24;RPL6;RPS6;RPS27A;RPL3;RPS7;RPS3A;RPS25;RPS14;RPL7A;RPL29;RPL23A;RPS18;RPL32;UBA52;RPL19;RPS13;RPS9;RPSA;RPL27A;RPL11;NACA;RPS4X;RPL4;RPL39;FAU;RPS2;EIF1;TXNIP;RPS27;RPS15A;RPL30;RPL5;RPL37;RPLP0;RPL41;RPS23;PTMA;RPL10A;RPL21;EEF1A1;FTH1;RPL12;B2M;TMSB4X;EEF2;RPL15;EEF1B2;RPL26,"[50, 811, 855, 908, 1034, 1239, 1679, 2297, 2336, 2583, 2683, 2707, 2741, 3009, 3051, 3058, 3066, 3110, 3161, 3204, 3240, 3273, 3274, 3341, 3446, 3464, 3478, 3513, 3549, 3614, 3685, 3894, 3907, 3938, 3947, 4056, 4093, 4125, 4163, 4202, 4212, 4220, 4340, 4464, 4465, 4486, 4491, 4542, 4601, 4603, 4699, 4751, 4800, 4803, 4863, 4864, 4883, 4925, 5014, 5032, 5044, 5174, 5294, 5360, 5363, 5365, 5472, 5574, 5739, 5753, 5993, 6030, 6075, 6213, 6265, 6566, 6735, 7036, 7111, 7173, 7718, 7728, 8419, 8759, 8993, 9092, 10085, 11512, 16730]",Tabula_Sapiens__Spleen-memory B Cell
Tabula_Sapiens,"Bone Marrow-cd8-positive, Alpha-Beta T Cell",prerank,0.5067484837325741,2.0336401820857732,0.0,0.0,0.0,65_89,65/89,31.82%,S100A4;IL32;IL7R;TSC22D3;FOS;BTG1;ZFP36L2;RPS21;ZFP36;RPL36;RPS19;JUN;PTPRC;RPS15;TPT1;RPLP1;HLA-E;FTL;JUND;RPL34;RPL18;RPLP2;RPL9;RPS8;HLA-B;RPL18A;RPS3;MYL12A;RPS26;RPS28;RPL13A;RPL37A;RPL8;TMSB10;RPS5;RPL28;RPS29;RPL14;RPL35A;RPS24;RPL6;RPS6;RPS27A;RPL3;RPS7;RPS3A;RPS25;RPS14;RPL7A;RPL29;RPL23A;RPS18;RPL32;RPL19;RPS13;RPSA;HLA-C;RPL11;NACA;RPS4X;RPL39;FAU;RPS2;CCL5;EIF1,S100A4;IL32;IL7R;TSC22D3;FOS;BTG1;ZFP36L2;RPS21;ZFP36;RPL36;RPS19;JUN;PTPRC;RPS15;TPT1;RPLP1;HLA-E;FTL;JUND;RPL34;RPL18;RPLP2;RPL9;RPS8;HLA-B;RPL18A;RPS3;MYL12A;RPS26;RPS28;RPL13A;RPL37A;RPL8;TMSB10;RPS5;RPL28;RPS29;RPL14;RPL35A;RPS24;RPL6;RPS6;RPS27A;RPL3;RPS7;RPS3A;RPS25;RPS14;RPL7A;RPL29;RPL23A;RPS18;RPL32;RPL19;RPS13;RPSA;HLA-C;RPL11;NACA;RPS4X;RPL39;FAU;RPS2;CCL5;EIF1;TXNIP;RPS27;PFN1;RPS15A;RPL30;RPL5;RPL37;RPLP0;RPL41;RPS23;HLA-A;PTMA;RPL21;EEF1A1;GNLY;RPL12;DUSP2;B2M;TMSB4X;ACTG1;NKG7;CD69;RPL26;GZMA,"[245, 314, 1012, 1034, 1219, 1239, 1382, 1679, 1852, 2297, 2336, 2405, 2422, 2583, 2707, 2741, 2908, 3009, 3051, 3066, 3110, 3161, 3204, 3240, 3273, 3274, 3341, 3359, 3446, 3464, 3478, 3513, 3549, 3661, 3685, 3938, 4056, 4093, 4202, 4212, 4220, 4340, 4464, 4465, 4486, 4491, 4542, 4601, 4603, 4699, 4751, 4800, 4803, 4864, 4883, 5014, 5034, 5044, 5174, 5294, 5363, 5365, 5472, 5546, 5574, 5739, 5753, 5977, 5993, 6030, 6075, 6213, 6265, 6566, 6735, 7026, 7036, 7173, 7718, 8051, 8419, 8683, 8759, 8993, 11600, 15287, 16391, 16730, 17331]","Tabula_Sapiens__Bone Marrow-cd8-positive, Alpha-Beta T Cell"
Tabula_Sapiens,Salivary Gland-naive B Cell,prerank,0.5947915342744285,2.381668854046289,0.0,0.0,0.0,67_89,67/89,30.63%,CXCR4;CD37;CD52;HLA-DRA;CD74;TSC22D3;BTG1;RPS21;RPL36;RPS19;RPS15;CD79A;RPS16;TPT1;RPLP1;FTL;JUND;RPS10;RPL34;RPL18;RPLP2;RPL9;RPS8;RPL18A;RPS3;RPS28;RPL13A;RPL37A;RPL8;RPL31;TMSB10;RPS5;RPL27;RPS11;RPL28;RPL38;RPS29;RPL14;RPS20;RPL35;RPL35A;RPS24;RPL6;RPS6;RPS27A;RPL3;RPS7;RPS3A;RPS25;RPS14;RPL7A;RPL29;RPL23A;RPS18;RPL32;UBA52;RPL19;RPS13;RPS9;RPL7;RPSA;RPL27A;RPL11;NACA;RPS4X;RPL39;FAU,CXCR4;CD37;CD52;HLA-DRA;CD74;TSC22D3;BTG1;RPS21;RPL36;RPS19;RPS15;CD79A;RPS16;TPT1;RPLP1;FTL;JUND;RPS10;RPL34;RPL18;RPLP2;RPL9;RPS8;RPL18A;RPS3;RPS28;RPL13A;RPL37A;RPL8;RPL31;TMSB10;RPS5;RPL27;RPS11;RPL28;RPL38;RPS29;RPL14;RPS20;RPL35;RPL35A;RPS24;RPL6;RPS6;RPS27A;RPL3;RPS7;RPS3A;RPS25;RPS14;RPL7A;RPL29;RPL23A;RPS18;RPL32;UBA52;RPL19;RPS13;RPS9;RPL7;RPSA;RPL27A;RPL11;NACA;RPS4X;RPL39;FAU;RPS2;EIF1;TXNIP;RPS27;RPS15A;RPL30;RPL5;RPL37;RPLP0;RPL41;RPS23;PTMA;RPL10A;RPL21;EEF1A1;FTH1;RPL12;B2M;TMSB4X;RPL15;EEF1B2;RPL26,"[50, 436, 830, 855, 908, 1034, 1239, 1679, 2297, 2336, 2583, 2657, 2683, 2707, 2741, 3009, 3051, 3058, 3066, 3110, 3161, 3204, 3240, 3274, 3341, 3464, 3478, 3513, 3549, 3614, 3661, 3685, 3894, 3907, 3938, 3947, 4056, 4093, 4125, 4163, 4202, 4212, 4220, 4340, 4464, 4465, 4486, 4491, 4542, 4601, 4603, 4699, 4751, 4800, 4803, 4863, 4864, 4883, 4925, 4984, 5014, 5032, 5044, 5174, 5294, 5363, 5365, 5472, 5574, 5739, 5753, 5993, 6030, 6075, 6213, 6265, 6566, 6735, 7036, 7111, 7173, 7718, 7728, 8419, 8759, 8993, 10085, 11512, 16730]",Tabula_Sapiens__Salivary Gland-naive B Cell
Tabula_Sapiens,Skin-regulatory T Cell,prerank,0.5927345908860936,2.4011646910884523,0.0,0.0,0.0,65_89,65/89,30.63%,S100A4;IL32;BATF;CD7;TSC22D3;SRGN;BTG1;ZFP36L2;RPS21;RPL36;RPS19;PTPRC;RPS15;RPS16;TPT1;RPLP1;RGS1;HLA-E;FTL;RPS10;RPL34;RPL18;RPLP2;RPL9;RPS8;HLA-B;RPL18A;RPS3;RPS28;RPL13A;RPL37A;RPL8;TMSB10;RPS5;RPL28;RPL38;RPS29;RPL14;RPL35;RPL35A;RPS24;RPL6;RPS6;RPS27A;RPL3;RPS7;RPS3A;RPS25;RPS14;RPL7A;RPL29;RPL23A;RPS18;RPL32;UBA52;RPL19;RPS13;RPS9;RPSA;HLA-C;RPL11;NACA;RPS4X;RPL39;FAU,S100A4;IL32;BATF;CD7;TSC22D3;SRGN;BTG1;ZFP36L2;RPS21;RPL36;RPS19;PTPRC;RPS15;RPS16;TPT1;RPLP1;RGS1;HLA-E;FTL;RPS10;RPL34;RPL18;RPLP2;RPL9;RPS8;HLA-B;RPL18A;RPS3;RPS28;RPL13A;RPL37A;RPL8;TMSB10;RPS5;RPL28;RPL38;RPS29;RPL14;RPL35;RPL35A;RPS24;RPL6;RPS6;RPS27A;RPL3;RPS7;RPS3A;RPS25;RPS14;RPL7A;RPL29;RPL23A;RPS18;RPL32;UBA52;RPL19;RPS13;RPS9;RPSA;HLA-C;RPL11;NACA;RPS4X;RPL39;FAU;RPS2;EIF1;RPS27;GAPDH;RPS15A;RPL30;RPL5;RPL37;SRSF7;RPL41;RPS23;HLA-A;PTMA;RPL10A;RPL21;EEF1A1;FTH1;RPL12;B2M;TMSB4X;UGP2;DDX5;RPL15;RPL26,"[245, 314, 521, 912, 1034, 1146, 1239, 1382, 1679, 2297, 2336, 2422, 2583, 2683, 2707, 2741, 2808, 2908, 3009, 3058, 3066, 3110, 3161, 3204, 3240, 3273, 3274, 3341, 3464, 3478, 3513, 3549, 3661, 3685, 3938, 3947, 4056, 4093, 4163, 4202, 4212, 4220, 4340, 4464, 4465, 4486, 4491, 4542, 4601, 4603, 4699, 4751, 4800, 4803, 4863, 4864, 4883, 4925, 5014, 5034, 5044, 5174, 5294, 5363, 5365, 5472, 5574, 5753, 5812, 5993, 6030, 6075, 6213, 6320, 6566, 6735, 7026, 7036, 7111, 7173, 7718, 7728, 8419, 8759, 8993, 9432, 9867, 10085, 16730]",Tabula_Sapiens__Skin-regulatory T Cell
Tabula_Sapiens,Thymus-naive Regulatory T Cell,prerank,0.5842852298487015,2.3399120036991063,0.0,0.0,0.0,64_91,64/91,30.63%,CXCR4;S100A4;IL32;KLF2;TSC22D3;SRGN;BTG1;ZFP36L2;VIM;RPS21;EEF1D;RPL36;RPS19;RPS15;RPS16;TPT1;RPLP1;FTL;JUND;RPL34;RPL18;RPLP2;RPL9;RPS8;HLA-B;RPL18A;RPS3;RPS28;RPL13A;RPL37A;RPL8;TMSB10;RPS5;RPL27;RPL28;RPL38;RPS29;RPL14;RPL35;RPL35A;RPS24;RPL6;RPS6;RPS27A;RPL3;RPS7;RPS3A;RPS25;RPS14;RPL7A;RPL29;RPS18;RPL32;UBA52;RPL19;RPS13;RPS9;RPSA;RPL11;NACA;RPS4X;RPL4;RPL39;FAU,CXCR4;S100A4;IL32;KLF2;TSC22D3;SRGN;BTG1;ZFP36L2;VIM;RPS21;EEF1D;RPL36;RPS19;RPS15;RPS16;TPT1;RPLP1;FTL;JUND;RPL34;RPL18;RPLP2;RPL9;RPS8;HLA-B;RPL18A;RPS3;RPS28;RPL13A;RPL37A;RPL8;TMSB10;RPS5;RPL27;RPL28;RPL38;RPS29;RPL14;RPL35;RPL35A;RPS24;RPL6;RPS6;RPS27A;RPL3;RPS7;RPS3A;RPS25;RPS14;RPL7A;RPL29;RPS18;RPL32;UBA52;RPL19;RPS13;RPS9;RPSA;RPL11;NACA;RPS4X;RPL4;RPL39;FAU;RPS2;EIF1;RPS27;GAPDH;PFN1;RPS15A;RPL30;RPL5;RPL37;RPLP0;PABPC1;RPL41;RPS23;PTMA;RPL10A;RPL21;EEF1A1;FTH1;HSPA8;RPL12;B2M;TMSB4X;EEF2;RPL15;EEF1B2;ACTG1;CD69,"[50, 245, 314, 811, 1034, 1146, 1239, 1382, 1399, 1679, 1776, 2297, 2336, 2583, 2683, 2707, 2741, 3009, 3051, 3066, 3110, 3161, 3204, 3240, 3273, 3274, 3341, 3464, 3478, 3513, 3549, 3661, 3685, 3894, 3938, 3947, 4056, 4093, 4163, 4202, 4212, 4220, 4340, 4464, 4465, 4486, 4491, 4542, 4601, 4603, 4699, 4800, 4803, 4863, 4864, 4883, 4925, 5014, 5044, 5174, 5294, 5360, 5363, 5365, 5472, 5574, 5753, 5812, 5977, 5993, 6030, 6075, 6213, 6265, 6350, 6566, 6735, 7036, 7111, 7173, 7718, 7728, 7892, 8419, 8759, 8993, 9092, 10085, 11512, 11600, 16391]",Tabula_Sapiens__Thymus-naive Regulatory T Cell
Tabula_Sapiens,Lung-alveolar Fibroblast,prerank,0.5903231062269697,2.330466066396546,0.0,0.0,0.0,62_88,62/88,30.68%,MT2A;CEBPD;FBLN1;MT1X;ADH1B;CLU;IFITM3;IGFBP6;FOS;S100A6;DCN;VIM;TIMP1;ZFP36;PTGDS;SERPING1;RPL36;RPS19;JUN;APOD;RPS15;TIMP3;RPS16;LGALS1;TPT1;RPLP1;FTL;JUND;RPL34;RPL18;RPLP2;RPL9;RPS8;RPL18A;RPS3;RPS28;RPL13A;RPL37A;RPL8;RPS11;RPL28;RPL14;RPL35A;RPS24;RPS6;RPS27A;RPL3;RPS7;RPS3A;RPS14;RPL7A;RPL29;RPS18;RPL32;RPL19;RPS13;RPS9;RPL11;RPS4X;RPL39;FAU;GSN,MT2A;CEBPD;FBLN1;MT1X;ADH1B;CLU;IFITM3;IGFBP6;FOS;S100A6;DCN;VIM;TIMP1;ZFP36;PTGDS;SERPING1;RPL36;RPS19;JUN;APOD;RPS15;TIMP3;RPS16;LGALS1;TPT1;RPLP1;FTL;JUND;RPL34;RPL18;RPLP2;RPL9;RPS8;RPL18A;RPS3;RPS28;RPL13A;RPL37A;RPL8;RPS11;RPL28;RPL14;RPL35A;RPS24;RPS6;RPS27A;RPL3;RPS7;RPS3A;RPS14;RPL7A;RPL29;RPS18;RPL32;RPL19;RPS13;RPS9;RPL11;RPS4X;RPL39;FAU;GSN;RPS2;EIF1;RPS27;RPS15A;RPL30;RPL5;RPL37;CST3;RPL41;RPS23;RPL10A;RPL21;EEF1A1;FTH1;A2M;SPARCL1;GPX3;RPL12;B2M;TMSB4X;MGP;BTG2;IGFBP7;ACTG1;LUM;EGR1,"[145, 312, 317, 318, 648, 751, 970, 1105, 1219, 1299, 1395, 1399, 1515, 1852, 1932, 2181, 2297, 2336, 2405, 2562, 2583, 2602, 2683, 2686, 2707, 2741, 3009, 3051, 3066, 3110, 3161, 3204, 3240, 3274, 3341, 3464, 3478, 3513, 3549, 3907, 3938, 4093, 4202, 4212, 4340, 4464, 4465, 4486, 4491, 4601, 4603, 4699, 4800, 4803, 4864, 4883, 4925, 5044, 5294, 5363, 5365, 5373, 5472, 5574, 5753, 5993, 6030, 6075, 6213, 6273, 6566, 6735, 7111, 7173, 7718, 7728, 7759, 7992, 7997, 8419, 8759, 8993, 9257, 9417, 11361, 11600, 12182, 17016]",Tabula_Sapiens__Lung-alveolar Fibroblast
Tabula_Sapiens,Pancreas-pancreatic Stellate Cell,prerank,0.5706298663330273,2.2653092228894094,0.0,0.0,0.0,59_89,59/89,28.12%,MT2A;CEBPD;FBLN1;MT1X;IFITM2;IFITM3;S100A6;DCN;VIM;C1R;TIMP1;IGFBP5;RPL36;RPS19;APOD;RPS15;TIMP3;RPS16;LGALS1;TPT1;RPLP1;FTL;RPL34;CD63;RPL18;RPLP2;RPL9;RPS8;RPL18A;IGFBP4;RPS3;RPS28;RPL13A;RPL37A;RPL8;TMSB10;RPS11;RPL28;RPS29;RPL14;RPL35;RPL35A;RPS24;RPL6;RPS6;RPS27A;RPL3;RPS7;RPS3A;RPS25;RPS14;RPL7A;RPL29;RPL23A;RPS18;RPL32;RPL19;RPS13;RPS9,MT2A;CEBPD;FBLN1;MT1X;IFITM2;IFITM3;S100A6;DCN;VIM;C1R;TIMP1;IGFBP5;RPL36;RPS19;APOD;RPS15;TIMP3;RPS16;LGALS1;TPT1;RPLP1;FTL;RPL34;CD63;RPL18;RPLP2;RPL9;RPS8;RPL18A;IGFBP4;RPS3;RPS28;RPL13A;RPL37A;RPL8;TMSB10;RPS11;RPL28;RPS29;RPL14;RPL35;RPL35A;RPS24;RPL6;RPS6;RPS27A;RPL3;RPS7;RPS3A;RPS25;RPS14;RPL7A;RPL29;RPL23A;RPS18;RPL32;RPL19;RPS13;RPS9;RPL11;RPS4X;RPL39;RPS2;TXNIP;RPS27;RPS15A;RPL30;RPL5;SERPINF1;CALD1;RPL37;RPLP0;CST3;RPL41;RPS23;PTMA;RPL10A;RPL21;EEF1A1;FTH1;SPARCL1;RPL12;TMSB4X;MGP;RPL15;IGFBP7;ACTG1;TAGLN;RPL26,"[145, 312, 317, 318, 633, 970, 1299, 1395, 1399, 1505, 1515, 1810, 2297, 2336, 2562, 2583, 2602, 2683, 2686, 2707, 2741, 3009, 3066, 3076, 3110, 3161, 3204, 3240, 3274, 3331, 3341, 3464, 3478, 3513, 3549, 3661, 3907, 3938, 4056, 4093, 4163, 4202, 4212, 4220, 4340, 4464, 4465, 4486, 4491, 4542, 4601, 4603, 4699, 4751, 4800, 4803, 4864, 4883, 4925, 5044, 5294, 5363, 5472, 5739, 5753, 5993, 6030, 6075, 6107, 6176, 6213, 6265, 6273, 6566, 6735, 7036, 7111, 7173, 7718, 7728, 7992, 8419, 8993, 9257, 10085, 11361, 11600, 16652, 16730]",Tabula_Sapiens__Pancreas-pancreatic Stellate Cell
Tabula_Sapiens,Large Intestine-mast Cell,prerank,0.5823603484354848,2.333545796620616,0.0,0.0,0.0,65_87,65/87,30.63%,NFKBIA;HSP90AA1;TSC22D3;SRGN;FOS;TNFAIP3;VIM;RPS21;RPL36;RPS19;RGS2;TPSAB1;HSP90AB1;RPS15;RPS16;TPT1;RPLP1;FTL;JUND;RPL34;RPL18;RPLP2;RPL9;RPS8;RPL18A;RPS3;RPS28;RPL13A;RPL37A;RPL8;RPL36AL;RPS5;RPS11;RPL28;RPL38;CD44;RPS29;RPL14;RPS20;RPL35;RPL35A;RPS24;RPL6;RPS6;RPS27A;RPL3;RPS7;RPS3A;RPS25;RPS14;RPL7A;RPL29;RPL23A;RPS18;RPL32;RPL19;RPS13;LMNA;RPL27A;RPL11;ANXA1;NACA;RPS4X;RPL39;FAU,NFKBIA;HSP90AA1;TSC22D3;SRGN;FOS;TNFAIP3;VIM;RPS21;RPL36;RPS19;RGS2;TPSAB1;HSP90AB1;RPS15;RPS16;TPT1;RPLP1;FTL;JUND;RPL34;RPL18;RPLP2;RPL9;RPS8;RPL18A;RPS3;RPS28;RPL13A;RPL37A;RPL8;RPL36AL;RPS5;RPS11;RPL28;RPL38;CD44;RPS29;RPL14;RPS20;RPL35;RPL35A;RPS24;RPL6;RPS6;RPS27A;RPL3;RPS7;RPS3A;RPS25;RPS14;RPL7A;RPL29;RPL23A;RPS18;RPL32;RPL19;RPS13;LMNA;RPL27A;RPL11;ANXA1;NACA;RPS4X;RPL39;FAU;RPS2;EIF1;RPS27;RPS15A;RPL30;RPL5;RPL37;RPL41;RPS23;PTMA;RPL10A;RPL21;EEF1A1;FTH1;FOSB;RPL12;B2M;TMSB4X;DDX5;RPL15;REL;RPL26,"[438, 996, 1034, 1146, 1219, 1329, 1399, 1679, 2297, 2336, 2412, 2414, 2454, 2583, 2683, 2707, 2741, 3009, 3051, 3066, 3110, 3161, 3204, 3240, 3274, 3341, 3464, 3478, 3513, 3549, 3634, 3685, 3907, 3938, 3947, 4043, 4056, 4093, 4125, 4163, 4202, 4212, 4220, 4340, 4464, 4465, 4486, 4491, 4542, 4601, 4603, 4699, 4751, 4800, 4803, 4864, 4883, 4905, 5032, 5044, 5053, 5174, 5294, 5363, 5365, 5472, 5574, 5753, 5993, 6030, 6075, 6213, 6566, 6735, 7036, 7111, 7173, 7718, 7728, 7914, 8419, 8759, 8993, 9867, 10085, 15061, 16730]",Tabula_Sapiens__Large Intestine-mast Cell
Tabula_Sapiens,Lung-endothelial Cell Of Lymphatic Vessel,prerank,0.555545702340178,2.224969170555239,0.0,0.0,0.0,62_87,62/87,30.63%,MMRN1;CLU;CLDN5;KLF2;IFITM3;S100A6;VIM;ANXA2;S100A10;GNG11;TFPI;RPL36;RPS19;ADIRF;RPS15;TIMP3;RPS16;TFF3;TPT1;RPLP1;HLA-E;JUND;RPL34;RPL18;RPL9;RPS8;RPL18A;RPS3;RPS28;RPL13A;RPL37A;RPL8;TMSB10;SNCG;RPS5;RPS11;RPL28;RPL14;RPL35A;RPS24;RPL6;RPS6;RPS27A;RPL3;RPS7;RPS3A;RPS14;RPL7A;RPL29;RPL23A;RPS18;RPL32;RPL19;RPS13;RPS9;RPL11;GNAS;MYL6;NACA;RPS4X;RPL39;FAU,MMRN1;CLU;CLDN5;KLF2;IFITM3;S100A6;VIM;ANXA2;S100A10;GNG11;TFPI;RPL36;RPS19;ADIRF;RPS15;TIMP3;RPS16;TFF3;TPT1;RPLP1;HLA-E;JUND;RPL34;RPL18;RPL9;RPS8;RPL18A;RPS3;RPS28;RPL13A;RPL37A;RPL8;TMSB10;SNCG;RPS5;RPS11;RPL28;RPL14;RPL35A;RPS24;RPL6;RPS6;RPS27A;RPL3;RPS7;RPS3A;RPS14;RPL7A;RPL29;RPL23A;RPS18;RPL32;RPL19;RPS13;RPS9;RPL11;GNAS;MYL6;NACA;RPS4X;RPL39;FAU;RPS2;EIF1;TXNIP;RPS27;RPS15A;RPL30;RPL5;RPL37;RPL41;RPS23;RAMP2;HLA-A;PTMA;EEF1A1;FTH1;RPL12;B2M;TMSB4X;RPL15;ITM2B;IGFBP7;ACTG1;CALM1;APP;RPL26,"[571, 751, 781, 811, 970, 1299, 1399, 1542, 1551, 1851, 1966, 2297, 2336, 2504, 2583, 2602, 2683, 2699, 2707, 2741, 2908, 3051, 3066, 3110, 3204, 3240, 3274, 3341, 3464, 3478, 3513, 3549, 3661, 3670, 3685, 3907, 3938, 4093, 4202, 4212, 4220, 4340, 4464, 4465, 4486, 4491, 4601, 4603, 4699, 4751, 4800, 4803, 4864, 4883, 4925, 5044, 5066, 5081, 5174, 5294, 5363, 5365, 5472, 5574, 5739, 5753, 5993, 6030, 6075, 6213, 6566, 6735, 6745, 7026, 7036, 7718, 7728, 8419, 8759, 8993, 10085, 11214, 11361, 11600, 13283, 13823, 16730]",Tabula_Sapiens__Lung-endothelial Cell Of Lymphatic Vessel
Tabula_Sapiens,Prostate-fibroblast,prerank,0.543349268862705,2.1405924682634216,0.0,0.0,0.0,60_88,60/88,30.63%,CEBPD;FBLN1;HSP90AA1;IGFBP6;FOS;S100A6;DCN;VIM;RPS21;IGFBP5;ZFP36;PTGDS;RPL36;RPS19;JUN;HSP90AB1;APOD;RPS15;RPS16;LGALS1;TPT1;RPLP1;FTL;JUND;RPL34;RPL18;RPLP2;RPL9;RPS8;RPL18A;RPS3;RPS28;RPL13A;RPL37A;RPL8;IGFBP2;CD81;RPS11;RPL28;RPL14;RPL35A;RPS24;RPL6;RPS6;RPS27A;RPL3;RPS3A;RPS14;RPL7A;RPL29;RPS18;RPL32;RPL19;RPS13;RPS9;RPL11;NACA;RPS4X;RPL39;FAU,CEBPD;FBLN1;HSP90AA1;IGFBP6;FOS;S100A6;DCN;VIM;RPS21;IGFBP5;ZFP36;PTGDS;RPL36;RPS19;JUN;HSP90AB1;APOD;RPS15;RPS16;LGALS1;TPT1;RPLP1;FTL;JUND;RPL34;RPL18;RPLP2;RPL9;RPS8;RPL18A;RPS3;RPS28;RPL13A;RPL37A;RPL8;IGFBP2;CD81;RPS11;RPL28;RPL14;RPL35A;RPS24;RPL6;RPS6;RPS27A;RPL3;RPS3A;RPS14;RPL7A;RPL29;RPS18;RPL32;RPL19;RPS13;RPS9;RPL11;NACA;RPS4X;RPL39;FAU;RPS2;EIF1;TXNIP;RPS27;RPS15A;RPL30;RPL5;RPL37;CST3;RPL41;RPS23;PTMA;RPL10A;RPL21;EEF1A1;FTH1;FOSB;SPARCL1;RPL12;B2M;TMSB4X;MGP;RPL15;ITM2B;IGFBP7;PTN;RPL26;EGR1,"[312, 317, 996, 1105, 1219, 1299, 1395, 1399, 1679, 1810, 1852, 1932, 2297, 2336, 2405, 2454, 2562, 2583, 2683, 2686, 2707, 2741, 3009, 3051, 3066, 3110, 3161, 3204, 3240, 3274, 3341, 3464, 3478, 3513, 3549, 3564, 3757, 3907, 3938, 4093, 4202, 4212, 4220, 4340, 4464, 4465, 4491, 4601, 4603, 4699, 4800, 4803, 4864, 4883, 4925, 5044, 5174, 5294, 5363, 5365, 5472, 5574, 5739, 5753, 5993, 6030, 6075, 6213, 6273, 6566, 6735, 7036, 7111, 7173, 7718, 7728, 7914, 7992, 8419, 8759, 8993, 9257, 10085, 11214, 11361, 11916, 16730, 17016]",Tabula_Sapiens__Prostate-fibroblast
Tabula_Sapiens,Muscle-mesenchymal Stem Cell,prerank,0.5919181904542041,2.335670793171863,0.0,0.0,0.0,57_89,57/89,28.12%,HSPA1A;HSPA1B;DNAJB1;MT2A;CEBPD;MT1X;CCL2;IFITM3;HSP90AA1;FOS;S100A6;DCN;VIM;RPS21;ZFP36;RPL36;RPS19;JUN;HSP90AB1;APOD;RPS15;TIMP3;RPS16;TPT1;RPLP1;FTL;RPL34;RPL18;RPLP2;RPL9;RPS8;RPL18A;RPS3;RPS28;RPL13A;RPL37A;RPL8;RPS11;RPL28;RPS29;RPL14;RPL35A;RPS24;RPL6;RPS6;RPS27A;RPL3;RPS3A;RPS25;RPS14;RPL7A;RPL29;RPS18;RPL32;RPL19;RPS13;RPS9,HSPA1A;HSPA1B;DNAJB1;MT2A;CEBPD;MT1X;CCL2;IFITM3;HSP90AA1;FOS;S100A6;DCN;VIM;RPS21;ZFP36;RPL36;RPS19;JUN;HSP90AB1;APOD;RPS15;TIMP3;RPS16;TPT1;RPLP1;FTL;RPL34;RPL18;RPLP2;RPL9;RPS8;RPL18A;RPS3;RPS28;RPL13A;RPL37A;RPL8;RPS11;RPL28;RPS29;RPL14;RPL35A;RPS24;RPL6;RPS6;RPS27A;RPL3;RPS3A;RPS25;RPS14;RPL7A;RPL29;RPS18;RPL32;RPL19;RPS13;RPS9;RPL11;RPS4X;RPL39;FAU;GSN;RPS2;EIF1;RPS27;RPS15A;RPL30;RPL5;RPL37;CST3;RPL41;RPS23;PTMA;RPL10A;RPL21;EEF1A1;FTH1;SPARCL1;GPX3;RPL12;B2M;TMSB4X;MGP;SOD2;COL6A3;RPL15;COL4A1;RPL26;EGR1,"[2, 7, 8, 145, 312, 318, 636, 970, 996, 1219, 1299, 1395, 1399, 1679, 1852, 2297, 2336, 2405, 2454, 2562, 2583, 2602, 2683, 2707, 2741, 3009, 3066, 3110, 3161, 3204, 3240, 3274, 3341, 3464, 3478, 3513, 3549, 3907, 3938, 4056, 4093, 4202, 4212, 4220, 4340, 4464, 4465, 4491, 4542, 4601, 4603, 4699, 4800, 4803, 4864, 4883, 4925, 5044, 5294, 5363, 5365, 5373, 5472, 5574, 5753, 5993, 6030, 6075, 6213, 6273, 6566, 6735, 7036, 7111, 7173, 7718, 7728, 7992, 7997, 8419, 8759, 8993, 9257, 9365, 9939, 10085, 11830, 16730, 17016]",Tabula_Sapiens__Muscle-mesenchymal Stem Cell
Tabula_Sapiens,Muscle-endothelial Cell Of Artery,prerank,0.6076579461694557,2.430047067886596,0.0,0.0,0.0,60_90,60/90,28.80%,HSPA1A;HSPB1;HSPA1B;DNAJB1;SOCS3;NFKBIA;CCL2;TM4SF1;CLU;GADD45B;KLF2;IFITM3;HSP90AA1;SRGN;DNAJA1;FOS;S100A6;VIM;RPS21;ZFP36;IER3;RPL36;RPS19;JUN;HSP90AB1;TIMP3;TPT1;RPLP1;HLA-E;FTL;RPL34;RPLP2;RPL9;RPS8;HLA-B;RPL18A;IFI27;RPS3;RPS28;RPL37A;ADAMTS1;RPL8;TMSB10;CXCL2;RPL28;RPS29;RPL35A;RPS24;RPS6;RPS27A;RPL3;RPS14;RPL7A;RPS18;RPL32;RPL19;RPS13;RPS9;HLA-C;RPL11,HSPA1A;HSPB1;HSPA1B;DNAJB1;SOCS3;NFKBIA;CCL2;TM4SF1;CLU;GADD45B;KLF2;IFITM3;HSP90AA1;SRGN;DNAJA1;FOS;S100A6;VIM;RPS21;ZFP36;IER3;RPL36;RPS19;JUN;HSP90AB1;TIMP3;TPT1;RPLP1;HLA-E;FTL;RPL34;RPLP2;RPL9;RPS8;HLA-B;RPL18A;IFI27;RPS3;RPS28;RPL37A;ADAMTS1;RPL8;TMSB10;CXCL2;RPL28;RPS29;RPL35A;RPS24;RPS6;RPS27A;RPL3;RPS14;RPL7A;RPS18;RPL32;RPL19;RPS13;RPS9;HLA-C;RPL11;RPS4X;RPL39;FAU;RPS2;EIF1;KCTD12;SRP14;RPS27;RPS15A;RPL30;RPL37;RPL41;RPS23;HLA-A;PTMA;RPL21;IGFBP3;EEF1A1;FTH1;EPAS1;HSPA8;SPARCL1;RPL12;B2M;TMSB4X;MGP;RPL15;CAV1;RPL26;EGR1,"[2, 4, 7, 8, 158, 438, 636, 694, 751, 762, 811, 970, 996, 1146, 1202, 1219, 1299, 1399, 1679, 1852, 2252, 2297, 2336, 2405, 2454, 2602, 2707, 2741, 2908, 3009, 3066, 3161, 3204, 3240, 3273, 3274, 3312, 3341, 3464, 3513, 3516, 3549, 3661, 3816, 3938, 4056, 4202, 4212, 4340, 4464, 4465, 4601, 4603, 4800, 4803, 4864, 4883, 4925, 5034, 5044, 5294, 5363, 5365, 5472, 5574, 5600, 5729, 5753, 5993, 6030, 6213, 6566, 6735, 7026, 7036, 7173, 7422, 7718, 7728, 7874, 7892, 7992, 8419, 8759, 8993, 9257, 10085, 13967, 16730, 17016]",Tabula_Sapiens__Muscle-endothelial Cell Of Artery
Tabula_Sapiens,Salivary Gland-endothelial Cell,prerank,0.6044466305565463,2.3839758577802326,0.0,0.0,0.0,54_82,54/82,28.80%,STC1;NFKBIA;CD74;IFITM3;HSP90AA1;FLT1;FOS;S100A6;VIM;ZFP36;VWF;RPL36;RPS19;JUN;HSP90AB1;ADIRF;RPS15;TIMP3;RPS16;TPT1;RPLP1;HLA-E;FTL;RPL34;RPL18;RPLP2;RPL9;RPS8;HLA-B;RPL18A;RPS3;RPS28;RPL13A;RPL37A;ADAMTS1;RPL8;TMSB10;RPS11;RPL28;RPS29;RPS20;RPL35A;RPS24;RPS6;RPS27A;RPL3;RPS14;RPL7A;RPL29;RPS18;RPL32;RPL19;RPS9;RPL11,STC1;NFKBIA;CD74;IFITM3;HSP90AA1;FLT1;FOS;S100A6;VIM;ZFP36;VWF;RPL36;RPS19;JUN;HSP90AB1;ADIRF;RPS15;TIMP3;RPS16;TPT1;RPLP1;HLA-E;FTL;RPL34;RPL18;RPLP2;RPL9;RPS8;HLA-B;RPL18A;RPS3;RPS28;RPL13A;RPL37A;ADAMTS1;RPL8;TMSB10;RPS11;RPL28;RPS29;RPS20;RPL35A;RPS24;RPS6;RPS27A;RPL3;RPS14;RPL7A;RPL29;RPS18;RPL32;RPL19;RPS9;RPL11;RPS4X;GSN;RPS2;EIF1;TXNIP;RPS27;RPS15A;RPL30;RPL37;RPL41;RPS23;HLA-A;PTMA;EEF1A1;FTH1;A2M;FOSB;SPARCL1;RPL12;B2M;TMSB4X;MGP;DDX5;FABP4;RPL15;SCGB3A1;ITM2B;CALM1,"[156, 438, 908, 970, 996, 1094, 1219, 1299, 1399, 1852, 1921, 2297, 2336, 2405, 2454, 2504, 2583, 2602, 2683, 2707, 2741, 2908, 3009, 3066, 3110, 3161, 3204, 3240, 3273, 3274, 3341, 3464, 3478, 3513, 3516, 3549, 3661, 3907, 3938, 4056, 4125, 4202, 4212, 4340, 4464, 4465, 4601, 4603, 4699, 4800, 4803, 4864, 4925, 5044, 5294, 5373, 5472, 5574, 5739, 5753, 5993, 6030, 6213, 6566, 6735, 7026, 7036, 7718, 7728, 7759, 7914, 7992, 8419, 8759, 8993, 9257, 9867, 9876, 10085, 11110, 11214, 13283]",Tabula_Sapiens__Salivary Gland-endothelial Cell
Tabula_Sapiens,Tongue-schwann Cell,prerank,0.5369070796512271,2.161688997032596,0.0,0.0,0.0,61_88,61/88,30.68%,MT2A;S100A4;CRYAB;HSP90AA1;AHNAK;FOS;S100A6;RGCC;VIM;ANXA2;S100A10;IGFBP5;RPL36;RPS19;JUN;HSP90AB1;RPS15;RPS16;LGALS1;TPT1;RPLP1;FTL;JUND;RPL34;CD63;RPL18;RPLP2;RPS8;RPL18A;RPS3;RPS28;RPL13A;RPL37A;RPL8;TMSB10;APOE;RPS11;RPL28;RPL38;RPS29;RPL35;RPL35A;RPS24;RPS6;RPS27A;RPL3;RPS3A;RPS14;RPL7A;RPL29;RPS18;RPL32;RPL19;RPS13;RPS9;RPL11;PRSS23;RPS4X;RPL39;FAU;GSN,MT2A;S100A4;CRYAB;HSP90AA1;AHNAK;FOS;S100A6;RGCC;VIM;ANXA2;S100A10;IGFBP5;RPL36;RPS19;JUN;HSP90AB1;RPS15;RPS16;LGALS1;TPT1;RPLP1;FTL;JUND;RPL34;CD63;RPL18;RPLP2;RPS8;RPL18A;RPS3;RPS28;RPL13A;RPL37A;RPL8;TMSB10;APOE;RPS11;RPL28;RPL38;RPS29;RPL35;RPL35A;RPS24;RPS6;RPS27A;RPL3;RPS3A;RPS14;RPL7A;RPL29;RPS18;RPL32;RPL19;RPS13;RPS9;RPL11;PRSS23;RPS4X;RPL39;FAU;GSN;RPS2;EIF1;RPS27;GAPDH;RPL30;RPL5;RPL37;CST3;RPL41;RPS23;FGL2;PTMA;RPL10A;EEF1A1;FTH1;RPL12;B2M;TMSB4X;RPL15;PEBP1;IGFBP7;ACTG1;CALM1;CAV1;S100B;PLP1;GAS7,"[145, 245, 969, 996, 1208, 1219, 1299, 1356, 1399, 1542, 1551, 1810, 2297, 2336, 2405, 2454, 2583, 2683, 2686, 2707, 2741, 3009, 3051, 3066, 3076, 3110, 3161, 3240, 3274, 3341, 3464, 3478, 3513, 3549, 3661, 3783, 3907, 3938, 3947, 4056, 4163, 4202, 4212, 4340, 4464, 4465, 4491, 4601, 4603, 4699, 4800, 4803, 4864, 4883, 4925, 5044, 5059, 5294, 5363, 5365, 5373, 5472, 5574, 5753, 5812, 6030, 6075, 6213, 6273, 6566, 6735, 6896, 7036, 7111, 7718, 7728, 8419, 8759, 8993, 10085, 10690, 11361, 11600, 13283, 13967, 14438, 15345, 16432]",Tabula_Sapiens__Tongue-schwann Cell
Tabula_Sapiens,"Lymph Node-cd8-positive, Alpha-Beta Memory T Cell",prerank,0.5803723909755574,2.348539663244415,0.0,0.0,0.0,69_89,69/89,31.82%,DNAJB1;CXCR4;KLF2;HSP90AA1;TSC22D3;SRGN;FOS;BTG1;ZFP36L2;RPS21;RPL36;RPS19;JUN;RPS15;RPS16;TPT1;RPLP1;HLA-E;JUND;RPL34;RPL18;RPLP2;RPL9;RPS8;HLA-B;RPL18A;RPS3;RPS26;RPS28;RPL13A;RPL37A;RPL8;TMSB10;RPL28;RPL38;RPS29;RPL14;RPS20;RPL35;RPL35A;RPS24;RPL6;RPS6;RPS27A;RPL3;RPS7;RPS3A;RPS25;RPS14;RPL7A;RPL29;RPL23A;RPS18;RPL32;UBA52;RPL19;RPS13;RPS9;RPSA;RPL27A;HLA-C;RPL11;NACA;RPS4X;RPL39;FAU;RPS2;CCL5;EIF1,DNAJB1;CXCR4;KLF2;HSP90AA1;TSC22D3;SRGN;FOS;BTG1;ZFP36L2;RPS21;RPL36;RPS19;JUN;RPS15;RPS16;TPT1;RPLP1;HLA-E;JUND;RPL34;RPL18;RPLP2;RPL9;RPS8;HLA-B;RPL18A;RPS3;RPS26;RPS28;RPL13A;RPL37A;RPL8;TMSB10;RPL28;RPL38;RPS29;RPL14;RPS20;RPL35;RPL35A;RPS24;RPL6;RPS6;RPS27A;RPL3;RPS7;RPS3A;RPS25;RPS14;RPL7A;RPL29;RPL23A;RPS18;RPL32;UBA52;RPL19;RPS13;RPS9;RPSA;RPL27A;HLA-C;RPL11;NACA;RPS4X;RPL39;FAU;RPS2;CCL5;EIF1;TXNIP;RPS27;RPS15A;RPL30;RPL5;RPL37;RPL41;RPS23;HLA-A;PTMA;RPL10A;RPL21;EEF1A1;RPL12;B2M;TMSB4X;RPL15;CCL4;CD69;RPL26,"[8, 50, 811, 996, 1034, 1146, 1219, 1239, 1382, 1679, 2297, 2336, 2405, 2583, 2683, 2707, 2741, 2908, 3051, 3066, 3110, 3161, 3204, 3240, 3273, 3274, 3341, 3446, 3464, 3478, 3513, 3549, 3661, 3938, 3947, 4056, 4093, 4125, 4163, 4202, 4212, 4220, 4340, 4464, 4465, 4486, 4491, 4542, 4601, 4603, 4699, 4751, 4800, 4803, 4863, 4864, 4883, 4925, 5014, 5032, 5034, 5044, 5174, 5294, 5363, 5365, 5472, 5546, 5574, 5739, 5753, 5993, 6030, 6075, 6213, 6566, 6735, 7026, 7036, 7111, 7173, 7718, 8419, 8759, 8993, 10085, 10797, 16391, 16730]","Tabula_Sapiens__Lymph Node-cd8-positive, Alpha-Beta Memory T Cell"
Tabula_Sapiens,Liver-intrahepatic Cholangiocyte,prerank,0.511989355166352,2.017135056277483,0.0,0.0,0.0,60_83,60/83,31.96%,KRT18;SERPINA1;C3;CLU;LCN2;HSP90AA1;KRT19;FOS;S100A6;DEFB1;KRT8;AMBP;RPL36;RPS19;JUN;HSP90AB1;RPS15;RPS16;TPT1;RPLP1;FTL;RPL34;RPL18;RPLP2;RPS8;RPL18A;RPS3;RPS28;RPL13A;RPL37A;RPL8;TMSB10;RPS5;RPS11;RPL28;GPX2;RPS29;RPL14;RPL35;RPL35A;RPS24;RPL6;RPS6;RPS27A;RPL3;RPS14;RPL7A;RPL29;RPS18;RPL32;RPL19;RPS13;RPS9;RPL11;NACA;RPS4X;RPL39;RPS2;EIF1;COX4I1,KRT18;SERPINA1;C3;CLU;LCN2;HSP90AA1;KRT19;FOS;S100A6;DEFB1;KRT8;AMBP;RPL36;RPS19;JUN;HSP90AB1;RPS15;RPS16;TPT1;RPLP1;FTL;RPL34;RPL18;RPLP2;RPS8;RPL18A;RPS3;RPS28;RPL13A;RPL37A;RPL8;TMSB10;RPS5;RPS11;RPL28;GPX2;RPS29;RPL14;RPL35;RPL35A;RPS24;RPL6;RPS6;RPS27A;RPL3;RPS14;RPL7A;RPL29;RPS18;RPL32;RPL19;RPS13;RPS9;RPL11;NACA;RPS4X;RPL39;RPS2;EIF1;COX4I1;RPS27;GAPDH;RPL30;RPL37;LGALS4;RPL41;RPS23;CITED4;PTMA;RPL10A;EEF1A1;FTH1;RPL12;B2M;ANXA4;TMSB4X;RPL15;APOB;ACTG1;DSTN;KRT7;MUC5B;ALB,"[166, 459, 554, 751, 756, 996, 1151, 1219, 1299, 1486, 1580, 1809, 2297, 2336, 2405, 2454, 2583, 2683, 2707, 2741, 3009, 3066, 3110, 3161, 3240, 3274, 3341, 3464, 3478, 3513, 3549, 3661, 3685, 3907, 3938, 4048, 4056, 4093, 4163, 4202, 4212, 4220, 4340, 4464, 4465, 4601, 4603, 4699, 4800, 4803, 4864, 4883, 4925, 5044, 5174, 5294, 5363, 5472, 5574, 5598, 5753, 5812, 6030, 6213, 6251, 6566, 6735, 6843, 7036, 7111, 7718, 7728, 8419, 8759, 8894, 8993, 10085, 10626, 11600, 13724, 16393, 16962, 17324]",Tabula_Sapiens__Liver-intrahepatic Cholangiocyte
Tabula_Sapiens,Lymph Node-hematopoietic Stem Cell,prerank,0.5562390461687603,2.2114828317881243,0.0,0.0,0.0,63_86,63/86,31.24%,NFKBIA;HLA-DRA;CD74;FOS;RPS21;ZFP36;HLA-DPA1;HERPUD1;RPL36;RPS19;GPX1;RPS15;RPS16;TPT1;RPLP1;GSTP1;FTL;RPL34;RPL18;RPLP2;RPL9;RPS8;RPL18A;RPS3;RPS28;RPL13A;RPL37A;RPL8;TMSB10;RPS5;RPS11;RPL28;RPS29;RPL14;RPS20;RPL35;RPL35A;RPS24;RPL6;RPS6;ID2;RPS27A;RPL3;RPS7;RPS3A;RPS14;RPL7A;RPL29;RPL23A;RPS18;RPL32;UBA52;RPL19;RPS13;RPS9;RPSA;RPL27A;RPL11;NACA;RPS4X;RPL39;FAU;RPS2,NFKBIA;HLA-DRA;CD74;FOS;RPS21;ZFP36;HLA-DPA1;HERPUD1;RPL36;RPS19;GPX1;RPS15;RPS16;TPT1;RPLP1;GSTP1;FTL;RPL34;RPL18;RPLP2;RPL9;RPS8;RPL18A;RPS3;RPS28;RPL13A;RPL37A;RPL8;TMSB10;RPS5;RPS11;RPL28;RPS29;RPL14;RPS20;RPL35;RPL35A;RPS24;RPL6;RPS6;ID2;RPS27A;RPL3;RPS7;RPS3A;RPS14;RPL7A;RPL29;RPL23A;RPS18;RPL32;UBA52;RPL19;RPS13;RPS9;RPSA;RPL27A;RPL11;NACA;RPS4X;RPL39;FAU;RPS2;RPS27;RPS15A;RPL30;RPL5;RPL37;RPLP0;RPL41;RPS23;HLA-A;PTMA;RPL10A;RPL21;EEF1A1;FTH1;RPL12;B2M;TMSB4X;RPL15;CALM2;ACTG1;SOX4;S100B;RPL26,"[438, 855, 908, 1219, 1679, 1852, 1918, 2276, 2297, 2336, 2540, 2583, 2683, 2707, 2741, 2918, 3009, 3066, 3110, 3161, 3204, 3240, 3274, 3341, 3464, 3478, 3513, 3549, 3661, 3685, 3907, 3938, 4056, 4093, 4125, 4163, 4202, 4212, 4220, 4340, 4384, 4464, 4465, 4486, 4491, 4601, 4603, 4699, 4751, 4800, 4803, 4863, 4864, 4883, 4925, 5014, 5032, 5044, 5174, 5294, 5363, 5365, 5472, 5753, 5993, 6030, 6075, 6213, 6265, 6566, 6735, 7026, 7036, 7111, 7173, 7718, 7728, 8419, 8759, 8993, 10085, 10877, 11600, 13059, 14438, 16730]",Tabula_Sapiens__Lymph Node-hematopoietic Stem Cell
Tabula_Sapiens,Prostate-macrophage,prerank,0.6176140780741259,2.4710517510488543,0.0,0.0,0.0,66_88,66/88,30.63%,HSPA1A;DNAJB1;C1QA;C1QC;CEBPD;C1QB;TYROBP;HLA-DRA;CD74;HSP90AA1;SRGN;FOS;RPS21;HLA-DPA1;IER3;RPL36;RPS19;JUN;GPX1;RPS15;RPS16;TPT1;RPLP1;RGS1;FTL;RPL34;RPL18;RPLP2;RPL9;RPS8;RPL18A;RPS3;RPS28;RPL13A;RPL37A;RPL8;TMSB10;APOE;RPS11;RPL28;RPS29;RPL14;RPS20;RPL35A;RPS24;RPL6;RPS6;RPS27A;RPL3;RPS7;RPS3A;RPS14;RPL7A;RPL29;RPS18;RPL32;UBA52;RPL19;RPS13;RPS9;RPL27A;RPL11;NACA;RPS4X;RPL39;FAU,HSPA1A;DNAJB1;C1QA;C1QC;CEBPD;C1QB;TYROBP;HLA-DRA;CD74;HSP90AA1;SRGN;FOS;RPS21;HLA-DPA1;IER3;RPL36;RPS19;JUN;GPX1;RPS15;RPS16;TPT1;RPLP1;RGS1;FTL;RPL34;RPL18;RPLP2;RPL9;RPS8;RPL18A;RPS3;RPS28;RPL13A;RPL37A;RPL8;TMSB10;APOE;RPS11;RPL28;RPS29;RPL14;RPS20;RPL35A;RPS24;RPL6;RPS6;RPS27A;RPL3;RPS7;RPS3A;RPS14;RPL7A;RPL29;RPS18;RPL32;UBA52;RPL19;RPS13;RPS9;RPL27A;RPL11;NACA;RPS4X;RPL39;FAU;RPS2;EIF1;RPS27;RPS15A;RPL30;RPL5;RPL37;CST3;RPL41;RPS23;PTMA;RPL21;CCL3;EEF1A1;FTH1;RPL12;B2M;TMSB4X;RPL15;CCL4;ITM2B;RPL26,"[2, 8, 196, 280, 312, 399, 656, 855, 908, 996, 1146, 1219, 1679, 1918, 2252, 2297, 2336, 2405, 2540, 2583, 2683, 2707, 2741, 2808, 3009, 3066, 3110, 3161, 3204, 3240, 3274, 3341, 3464, 3478, 3513, 3549, 3661, 3783, 3907, 3938, 4056, 4093, 4125, 4202, 4212, 4220, 4340, 4464, 4465, 4486, 4491, 4601, 4603, 4699, 4800, 4803, 4863, 4864, 4883, 4925, 5032, 5044, 5174, 5294, 5363, 5365, 5472, 5574, 5753, 5993, 6030, 6075, 6213, 6273, 6566, 6735, 7036, 7173, 7409, 7718, 7728, 8419, 8759, 8993, 10085, 10797, 11214, 16730]",Tabula_Sapiens__Prostate-macrophage
Tabula_Sapiens,Thymus-innate Lymphoid Cell,prerank,0.5833052330583093,2.3429363210414307,0.0,0.0,0.0,70_90,70/90,32.85%,CXCR4;CD74;IL7R;SRGN;BTG1;ZFP36L2;RPS21;RPL36;RPS19;RPS15;RPS16;TPT1;RPLP1;FTL;JUND;RPS10;RPL34;RPL18;RPLP2;RPL9;RPS8;HLA-B;RPL18A;RPS3;RPS28;RPL13A;RPL37A;RPL8;RPL31;TMSB10;RPS5;RPL27;RPS11;RPL28;RPL38;RPS29;RPL14;RPS20;RPL35;RPL35A;RPS24;RPL6;RPS6;RPS27A;RPL3;RPS7;RPS3A;RPS25;RPS14;RPL7A;RPL29;RPL23A;RPS18;RPL32;UBA52;RPL19;RPS13;RPS9;RPL7;RPSA;RPL27A;RPL11;NACA;RPS4X;RPL39;FAU;RPS2;EIF1;TXNIP;RPS27,CXCR4;CD74;IL7R;SRGN;BTG1;ZFP36L2;RPS21;RPL36;RPS19;RPS15;RPS16;TPT1;RPLP1;FTL;JUND;RPS10;RPL34;RPL18;RPLP2;RPL9;RPS8;HLA-B;RPL18A;RPS3;RPS28;RPL13A;RPL37A;RPL8;RPL31;TMSB10;RPS5;RPL27;RPS11;RPL28;RPL38;RPS29;RPL14;RPS20;RPL35;RPL35A;RPS24;RPL6;RPS6;RPS27A;RPL3;RPS7;RPS3A;RPS25;RPS14;RPL7A;RPL29;RPL23A;RPS18;RPL32;UBA52;RPL19;RPS13;RPS9;RPL7;RPSA;RPL27A;RPL11;NACA;RPS4X;RPL39;FAU;RPS2;EIF1;TXNIP;RPS27;RPS15A;RPL30;RPL5;RPL22;RPL37;RPLP0;RPL41;RPS23;HLA-A;PTMA;RPL10A;RPL21;EEF1A1;FTH1;RPL12;B2M;TMSB4X;RPL15;EEF1B2;RPL26,"[50, 908, 1012, 1146, 1239, 1382, 1679, 2297, 2336, 2583, 2683, 2707, 2741, 3009, 3051, 3058, 3066, 3110, 3161, 3204, 3240, 3273, 3274, 3341, 3464, 3478, 3513, 3549, 3614, 3661, 3685, 3894, 3907, 3938, 3947, 4056, 4093, 4125, 4163, 4202, 4212, 4220, 4340, 4464, 4465, 4486, 4491, 4542, 4601, 4603, 4699, 4751, 4800, 4803, 4863, 4864, 4883, 4925, 4984, 5014, 5032, 5044, 5174, 5294, 5363, 5365, 5472, 5574, 5739, 5753, 5993, 6030, 6075, 6109, 6213, 6265, 6566, 6735, 7026, 7036, 7111, 7173, 7718, 7728, 8419, 8759, 8993, 10085, 11512, 16730]",Tabula_Sapiens__Thymus-innate Lymphoid Cell
Tabula_Sapiens,Fat-mast Cell,prerank,0.5809877318061863,2.303475977592449,0.0,0.0,0.0,58_84,58/84,28.80%,DNAJB1;S100A4;NFKBIA;HSP90AA1;ALOX5AP;SRGN;DNAJA1;FOS;S100A6;TNFAIP3;VIM;RPS21;IER2;RPL36;RPS19;TPSAB1;HSP90AB1;RPS15;RPS16;TPT1;RPLP1;FTL;JUND;RPL34;RPL18;RPLP2;RPL9;RPS8;HLA-B;RPL18A;RPS26;RPS28;RPL37A;KLF6;RPL8;TMSB10;RPS5;RPS11;RPL28;RPS29;RPS20;RPL35A;RPS24;RPL6;RPS6;RPS27A;RPS7;RPS25;RPS14;RPL7A;RPL23A;RPS18;RPL32;UBA52;RPL19;LMNA;RPL27A;RPL11,DNAJB1;S100A4;NFKBIA;HSP90AA1;ALOX5AP;SRGN;DNAJA1;FOS;S100A6;TNFAIP3;VIM;RPS21;IER2;RPL36;RPS19;TPSAB1;HSP90AB1;RPS15;RPS16;TPT1;RPLP1;FTL;JUND;RPL34;RPL18;RPLP2;RPL9;RPS8;HLA-B;RPL18A;RPS26;RPS28;RPL37A;KLF6;RPL8;TMSB10;RPS5;RPS11;RPL28;RPS29;RPS20;RPL35A;RPS24;RPL6;RPS6;RPS27A;RPS7;RPS25;RPS14;RPL7A;RPL23A;RPS18;RPL32;UBA52;RPL19;LMNA;RPL27A;RPL11;RPS4X;RPL39;RPS2;EIF1;RPS27;RPS15A;RPL30;RPL5;RPL22;RPL37;RPL41;RPS23;PTMA;RPL21;EEF1A1;FTH1;FOSB;RPL12;DUSP2;B2M;TMSB4X;RPL15;CALM1;YWHAZ;NKG7;RPL26,"[8, 245, 438, 996, 1045, 1146, 1202, 1219, 1299, 1329, 1399, 1679, 2071, 2297, 2336, 2414, 2454, 2583, 2683, 2707, 2741, 3009, 3051, 3066, 3110, 3161, 3204, 3240, 3273, 3274, 3446, 3464, 3513, 3544, 3549, 3661, 3685, 3907, 3938, 4056, 4125, 4202, 4212, 4220, 4340, 4464, 4486, 4542, 4601, 4603, 4751, 4800, 4803, 4863, 4864, 4905, 5032, 5044, 5294, 5363, 5472, 5574, 5753, 5993, 6030, 6075, 6109, 6213, 6566, 6735, 7036, 7173, 7718, 7728, 7914, 8419, 8683, 8759, 8993, 10085, 13283, 13740, 15287, 16730]",Tabula_Sapiens__Fat-mast Cell
Tabula_Sapiens,Spleen-type I Nk T Cell,prerank,0.562383279955389,2.266059405911693,0.0,0.0,0.0,65_88,65/88,31.82%,CXCR4;SRGN;FOS;BTG1;ZFP36L2;RPS21;ZFP36;RPL36;RPS19;PTPRC;RPS15;RPS16;TPT1;RPLP1;FTL;JUND;RPL34;RPL18;RPLP2;RPL9;RPS8;HLA-B;RPL18A;RPS3;RPS28;RPL13A;RPL37A;RPL8;TMSB10;RPS5;RPS11;RPL28;RPL38;RPS29;RPL14;RPS20;RPL35;RPL35A;RPS24;RPL6;RPS6;RPS27A;RPL3;RPS7;RPS3A;RPS25;RPS14;RPL7A;RPL29;RPL23A;RPS18;RPL32;UBA52;RPL19;RPS13;RPS9;RPSA;RPL27A;RPL11;RPS4X;RPL39;FAU;RPS2;CCL5;EIF1,CXCR4;SRGN;FOS;BTG1;ZFP36L2;RPS21;ZFP36;RPL36;RPS19;PTPRC;RPS15;RPS16;TPT1;RPLP1;FTL;JUND;RPL34;RPL18;RPLP2;RPL9;RPS8;HLA-B;RPL18A;RPS3;RPS28;RPL13A;RPL37A;RPL8;TMSB10;RPS5;RPS11;RPL28;RPL38;RPS29;RPL14;RPS20;RPL35;RPL35A;RPS24;RPL6;RPS6;RPS27A;RPL3;RPS7;RPS3A;RPS25;RPS14;RPL7A;RPL29;RPL23A;RPS18;RPL32;UBA52;RPL19;RPS13;RPS9;RPSA;RPL27A;RPL11;RPS4X;RPL39;FAU;RPS2;CCL5;EIF1;RPS27;RPS15A;RPL30;RPL5;RPL37;RPL41;RPS23;HLA-A;PTMA;RPL10A;RPL21;EEF1A1;FTH1;RPL12;DUSP2;B2M;TMSB4X;DDX5;RPL15;CCL4;CALM1;PIK3R1;RPL26,"[50, 1146, 1219, 1239, 1382, 1679, 1852, 2297, 2336, 2422, 2583, 2683, 2707, 2741, 3009, 3051, 3066, 3110, 3161, 3204, 3240, 3273, 3274, 3341, 3464, 3478, 3513, 3549, 3661, 3685, 3907, 3938, 3947, 4056, 4093, 4125, 4163, 4202, 4212, 4220, 4340, 4464, 4465, 4486, 4491, 4542, 4601, 4603, 4699, 4751, 4800, 4803, 4863, 4864, 4883, 4925, 5014, 5032, 5044, 5294, 5363, 5365, 5472, 5546, 5574, 5753, 5993, 6030, 6075, 6213, 6566, 6735, 7026, 7036, 7111, 7173, 7718, 7728, 8419, 8683, 8759, 8993, 9867, 10085, 10797, 13283, 13367, 16730]",Tabula_Sapiens__Spleen-type I Nk T Cell
Tabula_Sapiens,Thymus-mast Cell,prerank,0.5249414257580063,2.1046172531652396,0.0,0.0,0.0,65_88,65/88,30.63%,NFKBIA;TSC22D3;SRGN;FOS;S100A6;TNFAIP3;ZFP36L2;VIM;RPS21;ZFP36;RPL36;RPS19;JUN;RGS2;TPSAB1;RPS15;TPT1;RPLP1;RGS1;IL1RL1;FTL;JUND;RPL34;RPL18;RPLP2;RPL9;RPS8;RPL18A;RPS3;RPS26;RPS28;RPL13A;RPL37A;KLF6;RPL8;RPS11;RPL28;RPL38;RPS29;RPL14;RPS20;RPL35A;RPS24;RPL6;RPS6;RPS27A;RPL3;RPS7;RPS3A;RPS25;RPS14;RPL7A;RPL29;RPS18;RPL32;RPL19;RPS13;RPS9;RPL27A;RPL11;ANXA1;NACA;RPS4X;RPL39;FAU,NFKBIA;TSC22D3;SRGN;FOS;S100A6;TNFAIP3;ZFP36L2;VIM;RPS21;ZFP36;RPL36;RPS19;JUN;RGS2;TPSAB1;RPS15;TPT1;RPLP1;RGS1;IL1RL1;FTL;JUND;RPL34;RPL18;RPLP2;RPL9;RPS8;RPL18A;RPS3;RPS26;RPS28;RPL13A;RPL37A;KLF6;RPL8;RPS11;RPL28;RPL38;RPS29;RPL14;RPS20;RPL35A;RPS24;RPL6;RPS6;RPS27A;RPL3;RPS7;RPS3A;RPS25;RPS14;RPL7A;RPL29;RPS18;RPL32;RPL19;RPS13;RPS9;RPL27A;RPL11;ANXA1;NACA;RPS4X;RPL39;FAU;RPS2;EIF1;TXNIP;RPS27;RPS15A;RPL30;RPL5;RPL37;RPL41;RPS23;PTMA;RPL21;EEF1A1;FTH1;FOSB;RPL12;B2M;TMSB4X;DDX5;CD69;KIT;RPL26;EGR1,"[438, 1034, 1146, 1219, 1299, 1329, 1382, 1399, 1679, 1852, 2297, 2336, 2405, 2412, 2414, 2583, 2707, 2741, 2808, 2840, 3009, 3051, 3066, 3110, 3161, 3204, 3240, 3274, 3341, 3446, 3464, 3478, 3513, 3544, 3549, 3907, 3938, 3947, 4056, 4093, 4125, 4202, 4212, 4220, 4340, 4464, 4465, 4486, 4491, 4542, 4601, 4603, 4699, 4800, 4803, 4864, 4883, 4925, 5032, 5044, 5053, 5174, 5294, 5363, 5365, 5472, 5574, 5739, 5753, 5993, 6030, 6075, 6213, 6566, 6735, 7036, 7173, 7718, 7728, 7914, 8419, 8759, 8993, 9867, 16391, 16477, 16730, 17016]",Tabula_Sapiens__Thymus-mast Cell
Tabula_Sapiens,Fat-leucocyte,prerank,0.5755295608607007,2.3241135740249788,0.0,0.0,0.0,61_88,61/88,28.80%,CXCR4;NFKBIA;HSP90AA1;IL7R;TSC22D3;SRGN;BTG1;ZFP36L2;RPS21;RPL36;RPS19;HSP90AB1;RPS15;RPS16;TPT1;RPLP1;FTL;JUND;RPL34;RPL18;RPLP2;RPL9;RPS8;RPL18A;RPS3;RPS28;RPL13A;RPL37A;RPL8;TMSB10;RPS5;RPL27;RPS11;RPL28;RPL38;RPS29;RPL14;RPS20;RPL35;RPL35A;RPS24;RPL6;RPS6;ID2;RPS27A;RPL3;RPS7;RPS3A;RPS25;RPS14;RPL7A;RPL29;RPL23A;RPS18;RPL32;RPL19;RPS13;RPS9;RPSA;RPL27A;RPL11,CXCR4;NFKBIA;HSP90AA1;IL7R;TSC22D3;SRGN;BTG1;ZFP36L2;RPS21;RPL36;RPS19;HSP90AB1;RPS15;RPS16;TPT1;RPLP1;FTL;JUND;RPL34;RPL18;RPLP2;RPL9;RPS8;RPL18A;RPS3;RPS28;RPL13A;RPL37A;RPL8;TMSB10;RPS5;RPL27;RPS11;RPL28;RPL38;RPS29;RPL14;RPS20;RPL35;RPL35A;RPS24;RPL6;RPS6;ID2;RPS27A;RPL3;RPS7;RPS3A;RPS25;RPS14;RPL7A;RPL29;RPL23A;RPS18;RPL32;RPL19;RPS13;RPS9;RPSA;RPL27A;RPL11;RPS4X;RPL39;FAU;RPS2;EIF1;TXNIP;RPS27;RPS15A;RPL30;RPL5;RPL37;RPL41;RPS23;PTMA;RPL10A;RPL21;EEF1A1;FTH1;RPL12;B2M;TMSB4X;DDX5;RPL15;CCL4;EEF1B2;CALM1;RPL26,"[50, 438, 996, 1012, 1034, 1146, 1239, 1382, 1679, 2297, 2336, 2454, 2583, 2683, 2707, 2741, 3009, 3051, 3066, 3110, 3161, 3204, 3240, 3274, 3341, 3464, 3478, 3513, 3549, 3661, 3685, 3894, 3907, 3938, 3947, 4056, 4093, 4125, 4163, 4202, 4212, 4220, 4340, 4384, 4464, 4465, 4486, 4491, 4542, 4601, 4603, 4699, 4751, 4800, 4803, 4864, 4883, 4925, 5014, 5032, 5044, 5294, 5363, 5365, 5472, 5574, 5739, 5753, 5993, 6030, 6075, 6213, 6566, 6735, 7036, 7111, 7173, 7718, 7728, 8419, 8759, 8993, 9867, 10085, 10797, 11512, 13283, 16730]",Tabula_Sapiens__Fat-leucocyte
Tabula_Sapiens,Bone Marrow-nampt Neutrophil,prerank,0.6969851446208872,2.808458756529246,0.0,0.0,0.0,53_87,53/87,19.18%,G0S2;MMP9;S100A12;CD177;IL1R2;VNN2;S100A8;FKBP5;S100P;S100A4;CST7;NFKBIA;SERPINA1;CEBPB;CYBA;BCL6;IFITM2;TYROBP;S100A9;CSF3R;FCER1G;PNRC1;TSPO;SELL;SLC2A3;IRAK3;FPR1;ALOX5AP;S100A11;BCL2A1;SRGN;FOS;BTG1;S100A6;VIM;MCL1;NFKBIZ;CTSS;ZFP36;IER2;RGS2;PTPRC;MXD1;TPT1;ARHGDIB;PYGL;SH3BGRL3;HLA-E;FTL;OAZ1;EVI2B;HLA-B;MYL12A,G0S2;MMP9;S100A12;CD177;IL1R2;VNN2;S100A8;FKBP5;S100P;S100A4;CST7;NFKBIA;SERPINA1;CEBPB;CYBA;BCL6;IFITM2;TYROBP;S100A9;CSF3R;FCER1G;PNRC1;TSPO;SELL;SLC2A3;IRAK3;FPR1;ALOX5AP;S100A11;BCL2A1;SRGN;FOS;BTG1;S100A6;VIM;MCL1;NFKBIZ;CTSS;ZFP36;IER2;RGS2;PTPRC;MXD1;TPT1;ARHGDIB;PYGL;SH3BGRL3;HLA-E;FTL;OAZ1;EVI2B;HLA-B;MYL12A;KLF6;HLA-C;MYL6;TXNIP;GAPDH;LSP1;PFN1;SDCBP;HMGB2;CFLAR;HLA-A;CD55;FTH1;TPM3;IQGAP1;B2M;TMSB4X;NAMPT;MNDA;ACSL1;SOD2;DDX5;BASP1;ARPC5;ANP32A;ITM2B;MEGF9;ACTG1;SLC25A37;SMCHD1;LITAF;SYNE1;ACTR2;GCA,"[1, 9, 11, 18, 33, 117, 157, 215, 233, 245, 291, 438, 459, 464, 470, 611, 633, 656, 820, 848, 857, 875, 915, 928, 935, 950, 1004, 1045, 1102, 1133, 1146, 1219, 1239, 1299, 1399, 1560, 1641, 1687, 1852, 2071, 2412, 2422, 2544, 2707, 2742, 2745, 2777, 2908, 3009, 3070, 3269, 3273, 3359, 3544, 5034, 5081, 5739, 5812, 5942, 5977, 5990, 6590, 6908, 7026, 7327, 7728, 8503, 8601, 8759, 8993, 9148, 9168, 9364, 9365, 9867, 10595, 10736, 11097, 11214, 11349, 11600, 12360, 12637, 14933, 15752, 15982, 16271]",Tabula_Sapiens__Bone Marrow-nampt Neutrophil
Tabula_Sapiens,Uterus-macrophage,prerank,0.6324391309143411,2.542151014945459,0.0,0.0,0.0,50_88,50/88,22.49%,HSPA1A;C1QA;S100A4;C1QC;PLAUR;C1QB;NFKBIA;CYBA;PLIN2;CCL20;TYROBP;HLA-DRA;FCER1G;CXCL3;CD74;HSP90AA1;S100A11;SRGN;BTG1;S100A6;VIM;TIMP1;S100A10;SERF2;IER3;RPS19;GPX1;RPS15;IL1B;RPS16;LGALS1;TPT1;RPLP1;SH3BGRL3;FTL;JUND;OAZ1;CD63;RPLP2;RPS8;HLA-B;RPL18A;RPS28;KLF6;RPL8;TMSB10;APOE;CXCL2;RPS11;RPL28,HSPA1A;C1QA;S100A4;C1QC;PLAUR;C1QB;NFKBIA;CYBA;PLIN2;CCL20;TYROBP;HLA-DRA;FCER1G;CXCL3;CD74;HSP90AA1;S100A11;SRGN;BTG1;S100A6;VIM;TIMP1;S100A10;SERF2;IER3;RPS19;GPX1;RPS15;IL1B;RPS16;LGALS1;TPT1;RPLP1;SH3BGRL3;FTL;JUND;OAZ1;CD63;RPLP2;RPS8;HLA-B;RPL18A;RPS28;KLF6;RPL8;TMSB10;APOE;CXCL2;RPS11;RPL28;RPS24;CTSD;RPS18;RPL32;UBA52;RPL19;RPS9;RPL11;MYL6;RPS4X;RPL39;RPS2;EIF1;CTSB;RPS27;GAPDH;PFN1;RPL30;RPL37;CST3;RPL41;RPS23;HLA-A;PTMA;CCL3;CCL4L2;EEF1A1;FTH1;FOSB;RPL12;B2M;TMSB4X;CCL3L1;SOD2;CCL4;EREG;RNASE1;SERPINB2,"[2, 196, 245, 280, 295, 399, 438, 470, 537, 561, 656, 855, 857, 873, 908, 996, 1102, 1146, 1239, 1299, 1399, 1515, 1551, 2068, 2252, 2336, 2540, 2583, 2654, 2683, 2686, 2707, 2741, 2777, 3009, 3051, 3070, 3076, 3161, 3240, 3273, 3274, 3464, 3544, 3549, 3661, 3783, 3816, 3907, 3938, 4212, 4656, 4800, 4803, 4863, 4864, 4925, 5044, 5081, 5294, 5363, 5472, 5574, 5660, 5753, 5812, 5977, 6030, 6213, 6273, 6566, 6735, 7026, 7036, 7409, 7512, 7718, 7728, 7914, 8419, 8759, 8993, 9302, 9365, 10797, 11223, 16286, 16394]",Tabula_Sapiens__Uterus-macrophage
Tabula_Sapiens,Mammary-mast Cell,prerank,0.5566925218387092,2.2263025134984105,0.0,0.0,0.0,67_87,67/87,33.18%,CST7;HILPDA;FCER1G;LAPTM5;TSC22D3;ALOX5AP;SRGN;BTG1;VIM;SERF2;RPL36;RPS19;RGS2;TPSAB1;RPS15;RPS16;TPT1;RPLP1;IL1RL1;FTL;RPL34;RPL18;RPLP2;RPL9;RPS8;RPL18A;RPS3;RPS28;RPL13A;RPL37A;RPL8;RPL36AL;TMSB10;RPS11;RPL28;RPL38;RPS29;RPL14;RPS20;RPL35;RPL35A;RPS24;RPL6;RPS6;RPS27A;RPL3;RPS7;RPS3A;RPS14;RPL7A;RPL29;RPS18;RPL32;UBA52;RPL19;RPS13;RPS9;RPL11;NACA;RPS4X;RPL39;FAU;RPS2;EIF1;TXNIP;RPS27;GAPDH,CST7;HILPDA;FCER1G;LAPTM5;TSC22D3;ALOX5AP;SRGN;BTG1;VIM;SERF2;RPL36;RPS19;RGS2;TPSAB1;RPS15;RPS16;TPT1;RPLP1;IL1RL1;FTL;RPL34;RPL18;RPLP2;RPL9;RPS8;RPL18A;RPS3;RPS28;RPL13A;RPL37A;RPL8;RPL36AL;TMSB10;RPS11;RPL28;RPL38;RPS29;RPL14;RPS20;RPL35;RPL35A;RPS24;RPL6;RPS6;RPS27A;RPL3;RPS7;RPS3A;RPS14;RPL7A;RPL29;RPS18;RPL32;UBA52;RPL19;RPS13;RPS9;RPL11;NACA;RPS4X;RPL39;FAU;RPS2;EIF1;TXNIP;RPS27;GAPDH;RPS15A;RPL30;RPL5;RPL37;RPL41;RPS23;PTMA;TPI1;RPL21;EEF1A1;FTH1;RPL12;B2M;TMSB4X;RPL15;HPGD;ASAH1;SYAP1;BNIP3L;RPL26,"[291, 356, 857, 919, 1034, 1045, 1146, 1239, 1399, 2068, 2297, 2336, 2412, 2414, 2583, 2683, 2707, 2741, 2840, 3009, 3066, 3110, 3161, 3204, 3240, 3274, 3341, 3464, 3478, 3513, 3549, 3634, 3661, 3907, 3938, 3947, 4056, 4093, 4125, 4163, 4202, 4212, 4220, 4340, 4464, 4465, 4486, 4491, 4601, 4603, 4699, 4800, 4803, 4863, 4864, 4883, 4925, 5044, 5174, 5294, 5363, 5365, 5472, 5574, 5739, 5753, 5812, 5993, 6030, 6075, 6213, 6566, 6735, 7036, 7148, 7173, 7718, 7728, 8419, 8759, 8993, 10085, 10856, 11946, 13566, 15148, 16730]",Tabula_Sapiens__Mammary-mast Cell
Tabula_Sapiens,Spleen-naive B Cell,prerank,0.5993634636852833,2.4076754987241973,0.0,0.0,0.0,68_90,68/90,30.63%,CXCR4;CD37;KLF2;CD52;HLA-DRA;CD74;TSC22D3;BTG1;ZFP36L2;RPS21;RPL36;RPS19;RPS15;RPS16;TPT1;RPLP1;FTL;JUND;RPS10;RPL34;RPL18;RPLP2;RPL9;RPS8;RPL18A;RPS3;RPS26;RPS28;RPL13A;RPL37A;RPL8;RPL31;TMSB10;RPS5;RPL27;RPS11;RPL28;RPL38;RPS29;RPL14;RPS20;RPL35;RPL35A;RPS24;RPL6;RPS6;RPS27A;RPL3;RPS7;RPS3A;RPS25;RPS14;RPL7A;RPL29;RPL23A;RPS18;RPL32;UBA52;RPL19;RPS13;RPS9;RPSA;RPL27A;RPL11;NACA;RPS4X;RPL39;FAU,CXCR4;CD37;KLF2;CD52;HLA-DRA;CD74;TSC22D3;BTG1;ZFP36L2;RPS21;RPL36;RPS19;RPS15;RPS16;TPT1;RPLP1;FTL;JUND;RPS10;RPL34;RPL18;RPLP2;RPL9;RPS8;RPL18A;RPS3;RPS26;RPS28;RPL13A;RPL37A;RPL8;RPL31;TMSB10;RPS5;RPL27;RPS11;RPL28;RPL38;RPS29;RPL14;RPS20;RPL35;RPL35A;RPS24;RPL6;RPS6;RPS27A;RPL3;RPS7;RPS3A;RPS25;RPS14;RPL7A;RPL29;RPL23A;RPS18;RPL32;UBA52;RPL19;RPS13;RPS9;RPSA;RPL27A;RPL11;NACA;RPS4X;RPL39;FAU;RPS2;EIF1;TXNIP;RPS27;RPS15A;RPL30;RPL5;RPL37;RPLP0;RPL41;RPS23;PTMA;RPL10A;RPL21;EEF1A1;FTH1;RPL12;B2M;TMSB4X;RPL15;EEF1B2;RPL26,"[50, 436, 811, 830, 855, 908, 1034, 1239, 1382, 1679, 2297, 2336, 2583, 2683, 2707, 2741, 3009, 3051, 3058, 3066, 3110, 3161, 3204, 3240, 3274, 3341, 3446, 3464, 3478, 3513, 3549, 3614, 3661, 3685, 3894, 3907, 3938, 3947, 4056, 4093, 4125, 4163, 4202, 4212, 4220, 4340, 4464, 4465, 4486, 4491, 4542, 4601, 4603, 4699, 4751, 4800, 4803, 4863, 4864, 4883, 4925, 5014, 5032, 5044, 5174, 5294, 5363, 5365, 5472, 5574, 5739, 5753, 5993, 6030, 6075, 6213, 6265, 6566, 6735, 7036, 7111, 7173, 7718, 7728, 8419, 8759, 8993, 10085, 11512, 16730]",Tabula_Sapiens__Spleen-naive B Cell
Tabula_Sapiens,"Muscle-cd8-positive, Alpha-Beta T Cell",prerank,0.6195098891394588,2.4711791647236487,0.0,0.0,0.0,67_88,67/88,30.63%,HSPA1A;DNAJB1;CXCR4;S100A4;HSP90AA1;IL7R;SRGN;FOS;BTG1;ZFP36L2;RPS21;RPL36;RPS19;HSP90AB1;RPS15;RPS16;TPT1;RPLP1;FTL;JUND;RPL34;RPL18;RPLP2;RPL9;RPS8;HLA-B;RPL18A;RPS3;RPS28;RPL13A;RPL37A;RPL8;TMSB10;RPS5;RPL27;RPS11;RPL28;RPL38;RPS29;RPL14;RPL35;RPL35A;RPS24;RPL6;RPS6;RPS27A;RPL3;RPS7;RPS3A;RPS25;RPS14;RPL7A;RPL29;RPL23A;RPS18;RPL32;UBA52;RPL19;RPS13;RPS9;RPSA;RPL27A;RPL11;NACA;RPS4X;RPL39;FAU,HSPA1A;DNAJB1;CXCR4;S100A4;HSP90AA1;IL7R;SRGN;FOS;BTG1;ZFP36L2;RPS21;RPL36;RPS19;HSP90AB1;RPS15;RPS16;TPT1;RPLP1;FTL;JUND;RPL34;RPL18;RPLP2;RPL9;RPS8;HLA-B;RPL18A;RPS3;RPS28;RPL13A;RPL37A;RPL8;TMSB10;RPS5;RPL27;RPS11;RPL28;RPL38;RPS29;RPL14;RPL35;RPL35A;RPS24;RPL6;RPS6;RPS27A;RPL3;RPS7;RPS3A;RPS25;RPS14;RPL7A;RPL29;RPL23A;RPS18;RPL32;UBA52;RPL19;RPS13;RPS9;RPSA;RPL27A;RPL11;NACA;RPS4X;RPL39;FAU;RPS2;EIF1;RPS27;RPS15A;RPL30;RPL5;RPL37;RPL41;RPS23;PTMA;RPL10A;RPL21;EEF1A1;FTH1;HSPA8;RPL12;B2M;TMSB4X;RPL15;CCL4;RPL26,"[2, 8, 50, 245, 996, 1012, 1146, 1219, 1239, 1382, 1679, 2297, 2336, 2454, 2583, 2683, 2707, 2741, 3009, 3051, 3066, 3110, 3161, 3204, 3240, 3273, 3274, 3341, 3464, 3478, 3513, 3549, 3661, 3685, 3894, 3907, 3938, 3947, 4056, 4093, 4163, 4202, 4212, 4220, 4340, 4464, 4465, 4486, 4491, 4542, 4601, 4603, 4699, 4751, 4800, 4803, 4863, 4864, 4883, 4925, 5014, 5032, 5044, 5174, 5294, 5363, 5365, 5472, 5574, 5753, 5993, 6030, 6075, 6213, 6566, 6735, 7036, 7111, 7173, 7718, 7728, 7892, 8419, 8759, 8993, 10085, 10797, 16730]","Tabula_Sapiens__Muscle-cd8-positive, Alpha-Beta T Cell"
Tabula_Sapiens,Thymus-cd4-positive Helper T Cell,prerank,0.5686487661869912,2.2935432790373342,0.0,0.0,0.0,66_90,66/90,30.63%,CXCR4;NFKBIA;KLF2;IL7R;TSC22D3;FOS;BTG1;ZFP36L2;RPS21;ZFP36;RPL36;RPS19;RPS15;RPS16;TPT1;RPLP1;JUND;RPL34;RPL18;RPLP2;RPL9;RPS8;RPL18A;RPS3;RPS26;RPS28;RPL13A;RPL37A;RPL8;RPL31;TMSB10;RPS5;RPL27;RPS11;RPL28;RPL38;RPS29;RPL14;RPS20;RPL35;RPL35A;RPS24;RPL6;RPS6;RPS27A;RPL3;RPS7;RPS3A;RPS25;RPS14;RPL7A;RPL29;RPL23A;RPS18;RPL32;UBA52;RPL19;RPS13;RPS9;RPSA;RPL27A;RPL11;NACA;RPS4X;RPL39;FAU,CXCR4;NFKBIA;KLF2;IL7R;TSC22D3;FOS;BTG1;ZFP36L2;RPS21;ZFP36;RPL36;RPS19;RPS15;RPS16;TPT1;RPLP1;JUND;RPL34;RPL18;RPLP2;RPL9;RPS8;RPL18A;RPS3;RPS26;RPS28;RPL13A;RPL37A;RPL8;RPL31;TMSB10;RPS5;RPL27;RPS11;RPL28;RPL38;RPS29;RPL14;RPS20;RPL35;RPL35A;RPS24;RPL6;RPS6;RPS27A;RPL3;RPS7;RPS3A;RPS25;RPS14;RPL7A;RPL29;RPL23A;RPS18;RPL32;UBA52;RPL19;RPS13;RPS9;RPSA;RPL27A;RPL11;NACA;RPS4X;RPL39;FAU;RPS2;EIF1;TXNIP;RPS27;RPS15A;RPL30;RPL5;RPL37;RPLP0;RPL41;RPS23;PTMA;RPL10A;RPL21;EEF1A1;FTH1;RPL12;B2M;TMSB4X;EEF2;RPL15;EEF1B2;CD69;RPL26,"[50, 438, 811, 1012, 1034, 1219, 1239, 1382, 1679, 1852, 2297, 2336, 2583, 2683, 2707, 2741, 3051, 3066, 3110, 3161, 3204, 3240, 3274, 3341, 3446, 3464, 3478, 3513, 3549, 3614, 3661, 3685, 3894, 3907, 3938, 3947, 4056, 4093, 4125, 4163, 4202, 4212, 4220, 4340, 4464, 4465, 4486, 4491, 4542, 4601, 4603, 4699, 4751, 4800, 4803, 4863, 4864, 4883, 4925, 5014, 5032, 5044, 5174, 5294, 5363, 5365, 5472, 5574, 5739, 5753, 5993, 6030, 6075, 6213, 6265, 6566, 6735, 7036, 7111, 7173, 7718, 7728, 8419, 8759, 8993, 9092, 10085, 11512, 16391, 16730]",Tabula_Sapiens__Thymus-cd4-positive Helper T Cell
Tabula_Sapiens,Vasculature-lymphatic Endothelial Cell,prerank,0.5735353011982441,2.2997398216729854,0.0,0.0,0.0,65_87,65/87,30.63%,MMRN1;CLU;IFITM3;S100A6;VIM;TIMP1;ANXA2;S100A10;RPS21;IGFBP5;TFPI;RPL36;RPS19;ADIRF;RPS15;TIMP3;RPS16;TFF3;TPT1;RPLP1;HLA-E;FTL;RPL34;RPL18;RPLP2;RPL9;RPS8;RPL18A;RPS3;RPS28;RPL13A;RPL37A;RPL8;TMSB10;RPS11;RPL28;RPL38;RPS29;RPL14;RPS20;RPL35;RPL35A;RPS24;RPL6;RPS6;RPS27A;RPL3;RPS7;RPS3A;RPS14;RPL7A;RPL29;RPS18;RPL32;RPL19;RPS13;RPS9;RPL27A;RPL11;GNAS;MYL6;NACA;RPS4X;RPL39;FAU,MMRN1;CLU;IFITM3;S100A6;VIM;TIMP1;ANXA2;S100A10;RPS21;IGFBP5;TFPI;RPL36;RPS19;ADIRF;RPS15;TIMP3;RPS16;TFF3;TPT1;RPLP1;HLA-E;FTL;RPL34;RPL18;RPLP2;RPL9;RPS8;RPL18A;RPS3;RPS28;RPL13A;RPL37A;RPL8;TMSB10;RPS11;RPL28;RPL38;RPS29;RPL14;RPS20;RPL35;RPL35A;RPS24;RPL6;RPS6;RPS27A;RPL3;RPS7;RPS3A;RPS14;RPL7A;RPL29;RPS18;RPL32;RPL19;RPS13;RPS9;RPL27A;RPL11;GNAS;MYL6;NACA;RPS4X;RPL39;FAU;RPS2;TXNIP;RPS27;RPS15A;RPL30;RPL5;RPL37;RPL41;RPS23;PTMA;RPL21;EEF1A1;FTH1;RPL12;B2M;TMSB4X;FABP4;RPL15;ITM2B;IGFBP7;CD9;RPL26,"[571, 751, 970, 1299, 1399, 1515, 1542, 1551, 1679, 1810, 1966, 2297, 2336, 2504, 2583, 2602, 2683, 2699, 2707, 2741, 2908, 3009, 3066, 3110, 3161, 3204, 3240, 3274, 3341, 3464, 3478, 3513, 3549, 3661, 3907, 3938, 3947, 4056, 4093, 4125, 4163, 4202, 4212, 4220, 4340, 4464, 4465, 4486, 4491, 4601, 4603, 4699, 4800, 4803, 4864, 4883, 4925, 5032, 5044, 5066, 5081, 5174, 5294, 5363, 5365, 5472, 5739, 5753, 5993, 6030, 6075, 6213, 6566, 6735, 7036, 7173, 7718, 7728, 8419, 8759, 8993, 9876, 10085, 11214, 11361, 15173, 16730]",Tabula_Sapiens__Vasculature-lymphatic Endothelial Cell
Tabula_Sapiens,Salivary Gland-b Cell,prerank,0.5462567985162691,2.1660234074254627,0.0,0.0,0.0,68_86,68/86,34.68%,LYZ;HLA-DRA;CD74;HSP90AA1;VIM;RPS21;ZG16B;RPL36;RPS19;HSP90AB1;RPS15;RPS16;TPT1;RPLP1;FTL;RPL34;RPL18;RPLP2;RPL9;RPS8;RPL18A;RPS3;RPS28;RPL13A;RPL37A;RPL8;TMSB10;YBX1;RPS5;RPS11;RPL28;RPS29;RPL14;RPS20;RPL35;RPL35A;RPS24;RPL6;RPS6;RPS27A;RPL3;RPS7;RPS3A;RPS14;RPL7A;RPL29;RPL23A;RPS18;RPL32;UBA52;RPL19;RPS13;RPS9;RPSA;RPL27A;RPL11;NACA;RPS4X;RPL39;FAU;RPS2;HSP90B1;RPS27;GAPDH;PFN1;RPS15A;RPL30;RPL5,LYZ;HLA-DRA;CD74;HSP90AA1;VIM;RPS21;ZG16B;RPL36;RPS19;HSP90AB1;RPS15;RPS16;TPT1;RPLP1;FTL;RPL34;RPL18;RPLP2;RPL9;RPS8;RPL18A;RPS3;RPS28;RPL13A;RPL37A;RPL8;TMSB10;YBX1;RPS5;RPS11;RPL28;RPS29;RPL14;RPS20;RPL35;RPL35A;RPS24;RPL6;RPS6;RPS27A;RPL3;RPS7;RPS3A;RPS14;RPL7A;RPL29;RPL23A;RPS18;RPL32;UBA52;RPL19;RPS13;RPS9;RPSA;RPL27A;RPL11;NACA;RPS4X;RPL39;FAU;RPS2;HSP90B1;RPS27;GAPDH;PFN1;RPS15A;RPL30;RPL5;RPL37;RPLP0;RPL41;RPS23;PTMA;RPL10A;RPL21;EEF1A1;FTH1;RPL12;B2M;TMSB4X;RPL15;EEF1B2;ACTG1;HMGB1;NPM1;RPL26,"[574, 855, 908, 996, 1399, 1679, 2171, 2297, 2336, 2454, 2583, 2683, 2707, 2741, 3009, 3066, 3110, 3161, 3204, 3240, 3274, 3341, 3464, 3478, 3513, 3549, 3661, 3681, 3685, 3907, 3938, 4056, 4093, 4125, 4163, 4202, 4212, 4220, 4340, 4464, 4465, 4486, 4491, 4601, 4603, 4699, 4751, 4800, 4803, 4863, 4864, 4883, 4925, 5014, 5032, 5044, 5174, 5294, 5363, 5365, 5472, 5669, 5753, 5812, 5977, 5993, 6030, 6075, 6213, 6265, 6566, 6735, 7036, 7111, 7173, 7718, 7728, 8419, 8759, 8993, 10085, 11512, 11600, 12555, 12801, 16730]",Tabula_Sapiens__Salivary Gland-b Cell
Tabula_Sapiens,Salivary Gland-neutrophil,prerank,0.6407603719866803,2.507197962517499,0.0,0.0,0.0,57_78,57/78,28.80%,SLPI;AZGP1;S100A8;NFKBIA;IFITM2;S100A9;S100A11;SRGN;FOS;S100A6;RPS21;EEF1D;IER2;ZG16B;RPL36;RPS19;RPS15;RPS16;TPT1;RPLP1;FTL;RPL34;RPL18;RPLP2;RPL9;RPS8;RPL18A;RPS3;RPS28;RPL13A;RPL37A;RPL8;RPS5;RPS11;RPL28;RPS29;RPL14;RPS20;RPL35A;RPS24;RPL6;RPS6;RPS27A;RPL3;RPS3A;RPS14;RPL7A;RPL29;RPL23A;RPS18;RPL32;UBA52;RPL19;RPS13;RPS9;RPSA;RPL11,SLPI;AZGP1;S100A8;NFKBIA;IFITM2;S100A9;S100A11;SRGN;FOS;S100A6;RPS21;EEF1D;IER2;ZG16B;RPL36;RPS19;RPS15;RPS16;TPT1;RPLP1;FTL;RPL34;RPL18;RPLP2;RPL9;RPS8;RPL18A;RPS3;RPS28;RPL13A;RPL37A;RPL8;RPS5;RPS11;RPL28;RPS29;RPL14;RPS20;RPL35A;RPS24;RPL6;RPS6;RPS27A;RPL3;RPS3A;RPS14;RPL7A;RPL29;RPL23A;RPS18;RPL32;UBA52;RPL19;RPS13;RPS9;RPSA;RPL11;RPS4X;RPL39;RPS2;TXNIP;RPS27;RPS15A;RPL30;RPL5;RPL37;RPL41;RPS23;RPL21;EEF1A1;FTH1;RPL12;B2M;TMSB4X;NAMPT;MGP;RPL15;SCGB3A1,"[42, 100, 157, 438, 633, 820, 1102, 1146, 1219, 1299, 1679, 1776, 2071, 2171, 2297, 2336, 2583, 2683, 2707, 2741, 3009, 3066, 3110, 3161, 3204, 3240, 3274, 3341, 3464, 3478, 3513, 3549, 3685, 3907, 3938, 4056, 4093, 4125, 4202, 4212, 4220, 4340, 4464, 4465, 4491, 4601, 4603, 4699, 4751, 4800, 4803, 4863, 4864, 4883, 4925, 5014, 5044, 5294, 5363, 5472, 5739, 5753, 5993, 6030, 6075, 6213, 6566, 6735, 7173, 7718, 7728, 8419, 8759, 8993, 9148, 9257, 10085, 11110]",Tabula_Sapiens__Salivary Gland-neutrophil
Tabula_Sapiens,Eye-retinal Blood Vessel Endothelial Cell,prerank,0.5774652722160163,2.309433701525224,0.0,0.0,0.0,64_88,64/88,30.68%,STC1;NFKBIA;TM4SF1;CLU;CD74;IFITM3;HSP90AA1;FOS;S100A6;VIM;RPS21;ZFP36;VWF;RPL36;RPS19;JUN;HSP90AB1;ADIRF;RPS15;RPS16;TPT1;RPLP1;SPRY1;HLA-E;RPL34;RPL18;RPLP2;RPL9;RPS8;HLA-B;RPL18A;RPS3;RPS28;RPL13A;RPL37A;RPL8;TMSB10;RPS11;RPL28;RPS29;RPL35;RPL35A;RPS24;RPL6;RPS6;RPS27A;RPL3;RPS7;RPS3A;RPS14;RPL7A;RPL29;RPS18;RPL32;RPL19;RPS13;RPS9;RPL27A;RPL11;NACA;RPS4X;RPL39;FAU;GSN,STC1;NFKBIA;TM4SF1;CLU;CD74;IFITM3;HSP90AA1;FOS;S100A6;VIM;RPS21;ZFP36;VWF;RPL36;RPS19;JUN;HSP90AB1;ADIRF;RPS15;RPS16;TPT1;RPLP1;SPRY1;HLA-E;RPL34;RPL18;RPLP2;RPL9;RPS8;HLA-B;RPL18A;RPS3;RPS28;RPL13A;RPL37A;RPL8;TMSB10;RPS11;RPL28;RPS29;RPL35;RPL35A;RPS24;RPL6;RPS6;RPS27A;RPL3;RPS7;RPS3A;RPS14;RPL7A;RPL29;RPS18;RPL32;RPL19;RPS13;RPS9;RPL27A;RPL11;NACA;RPS4X;RPL39;FAU;GSN;RPS2;EIF1;TXNIP;RPS27;RPS15A;RPL30;RPL5;RPL37;RPL41;RPS23;PTMA;RPL10A;RPL21;EEF1A1;SPARCL1;RPL12;B2M;TMSB4X;RPL15;ITM2B;IGFBP7;ACTG1;SELE;RPL26,"[156, 438, 694, 751, 908, 970, 996, 1219, 1299, 1399, 1679, 1852, 1921, 2297, 2336, 2405, 2454, 2504, 2583, 2683, 2707, 2741, 2866, 2908, 3066, 3110, 3161, 3204, 3240, 3273, 3274, 3341, 3464, 3478, 3513, 3549, 3661, 3907, 3938, 4056, 4163, 4202, 4212, 4220, 4340, 4464, 4465, 4486, 4491, 4601, 4603, 4699, 4800, 4803, 4864, 4883, 4925, 5032, 5044, 5174, 5294, 5363, 5365, 5373, 5472, 5574, 5739, 5753, 5993, 6030, 6075, 6213, 6566, 6735, 7036, 7111, 7173, 7718, 7992, 8419, 8759, 8993, 10085, 11214, 11361, 11600, 14111, 16730]",Tabula_Sapiens__Eye-retinal Blood Vessel Endothelial Cell
Tabula_Sapiens,Eye-melanocyte,prerank,0.5492181472457246,2.169449288142369,0.0,0.0,0.0,62_87,62/87,30.63%,HSPA1A;MT2A;CRYAB;IFITM3;HSP90AA1;VIM;RPS21;CD59;RPL36;RPS19;HSP90AB1;RPS15;RPS16;TPT1;RPLP1;FTL;RPL34;CD63;RPL18;RPLP2;RPL9;RPS8;RPL18A;PMEL;RPS3;RPS28;RPL13A;RPL37A;RPL8;TMSB10;RPS5;APOE;RPS11;RPL28;RPL38;RPS29;RPL14;RPL35;RPL35A;RPS24;RPL6;RPS6;RPS27A;RPL3;RPS7;RPS3A;RPS14;RPL7A;EDNRB;RPL29;RPL23A;RPS18;RPL32;RPL19;RPS13;RPS9;RPL27A;RPL11;NACA;RPS4X;RPL39;FAU,HSPA1A;MT2A;CRYAB;IFITM3;HSP90AA1;VIM;RPS21;CD59;RPL36;RPS19;HSP90AB1;RPS15;RPS16;TPT1;RPLP1;FTL;RPL34;CD63;RPL18;RPLP2;RPL9;RPS8;RPL18A;PMEL;RPS3;RPS28;RPL13A;RPL37A;RPL8;TMSB10;RPS5;APOE;RPS11;RPL28;RPL38;RPS29;RPL14;RPL35;RPL35A;RPS24;RPL6;RPS6;RPS27A;RPL3;RPS7;RPS3A;RPS14;RPL7A;EDNRB;RPL29;RPL23A;RPS18;RPL32;RPL19;RPS13;RPS9;RPL27A;RPL11;NACA;RPS4X;RPL39;FAU;RPS2;EIF1;RPS27;RPS15A;RPL30;RPL5;RPL37;RPLP0;RPL41;RPS23;PTMA;RPL10A;RPL21;EEF1A1;FTH1;RPL12;MITF;B2M;MGP;RPL15;MLANA;ACTG1;DCT;TYRP1;RPL26,"[2, 145, 969, 970, 996, 1399, 1679, 2017, 2297, 2336, 2454, 2583, 2683, 2707, 2741, 3009, 3066, 3076, 3110, 3161, 3204, 3240, 3274, 3294, 3341, 3464, 3478, 3513, 3549, 3661, 3685, 3783, 3907, 3938, 3947, 4056, 4093, 4163, 4202, 4212, 4220, 4340, 4464, 4465, 4486, 4491, 4601, 4603, 4666, 4699, 4751, 4800, 4803, 4864, 4883, 4925, 5032, 5044, 5174, 5294, 5363, 5365, 5472, 5574, 5753, 5993, 6030, 6075, 6213, 6265, 6566, 6735, 7036, 7111, 7173, 7718, 7728, 8419, 8468, 8759, 9257, 10085, 11256, 11600, 16115, 16195, 16730]",Tabula_Sapiens__Eye-melanocyte
Tabula_Sapiens,Prostate-t Cell,prerank,0.5956450285724135,2.377946186428142,0.0,0.0,0.0,67_87,67/87,31.82%,HSPA1A;CXCR4;HSP90AA1;IL7R;TSC22D3;BTG1;ZFP36L2;RPS21;RPL36;RPS19;JUN;RPS15;RPS16;TPT1;RPLP1;FTL;RPL34;RPL18;RPLP2;RPL9;RPS8;HLA-B;RPL18A;RPS3;RPS28;RPL13A;RPL37A;RPL8;TMSB10;RPS5;RPL27;RPS11;RPL28;RPL38;RPS29;RPL14;RPS20;RPL35;RPL35A;RPS24;RPL6;RPS6;RPS27A;RPL3;RPS7;RPS3A;RPS25;RPS14;RPL7A;RPL29;RPL23A;RPS18;RPL32;UBA52;RPL19;RPS13;RPS9;RPSA;RPL27A;RPL11;NACA;RPS4X;RPL39;FAU;RPS2;CCL5;EIF1,HSPA1A;CXCR4;HSP90AA1;IL7R;TSC22D3;BTG1;ZFP36L2;RPS21;RPL36;RPS19;JUN;RPS15;RPS16;TPT1;RPLP1;FTL;RPL34;RPL18;RPLP2;RPL9;RPS8;HLA-B;RPL18A;RPS3;RPS28;RPL13A;RPL37A;RPL8;TMSB10;RPS5;RPL27;RPS11;RPL28;RPL38;RPS29;RPL14;RPS20;RPL35;RPL35A;RPS24;RPL6;RPS6;RPS27A;RPL3;RPS7;RPS3A;RPS25;RPS14;RPL7A;RPL29;RPL23A;RPS18;RPL32;UBA52;RPL19;RPS13;RPS9;RPSA;RPL27A;RPL11;NACA;RPS4X;RPL39;FAU;RPS2;CCL5;EIF1;TXNIP;RPS27;RPS15A;RPL30;RPL5;RPL37;RPLP0;RPL41;RPS23;HLA-A;PTMA;RPL10A;RPL21;EEF1A1;RPL12;B2M;TMSB4X;RPL15;EEF1B2;RPL26,"[2, 50, 996, 1012, 1034, 1239, 1382, 1679, 2297, 2336, 2405, 2583, 2683, 2707, 2741, 3009, 3066, 3110, 3161, 3204, 3240, 3273, 3274, 3341, 3464, 3478, 3513, 3549, 3661, 3685, 3894, 3907, 3938, 3947, 4056, 4093, 4125, 4163, 4202, 4212, 4220, 4340, 4464, 4465, 4486, 4491, 4542, 4601, 4603, 4699, 4751, 4800, 4803, 4863, 4864, 4883, 4925, 5014, 5032, 5044, 5174, 5294, 5363, 5365, 5472, 5546, 5574, 5739, 5753, 5993, 6030, 6075, 6213, 6265, 6566, 6735, 7026, 7036, 7111, 7173, 7718, 8419, 8759, 8993, 10085, 11512, 16730]",Tabula_Sapiens__Prostate-t Cell
Tabula_Sapiens,Bladder-capillary Endothelial Cell,prerank,0.6051253635741105,2.409322960563698,0.0,0.0,0.0,67_87,67/87,33.18%,MT2A;SOCS3;NFKBIA;YBX3;TM4SF1;CLDN5;CD74;FOS;S100A6;VIM;ZFP36;RPL36;RPS19;JUN;RPS15;RPS16;TPT1;RPLP1;HLA-E;FTL;JUND;RPL34;RPL18;RPLP2;RPL9;RPS8;HLA-B;RPL18A;IFI27;RPS3;RPS28;RPL13A;RPL37A;RPL8;TMSB10;RPS5;RPS11;RPL28;RPL14;RPL35A;RPS24;RPL6;RPS6;RPS27A;RPL3;RPS7;RPS3A;RPS14;RPL7A;RPL29;RPS18;RPL32;RPL19;RPS13;RPS9;RPL11;MYL6;NACA;RPS4X;RPL39;FAU;GSN;RPS2;EIF1;SRP14;RPS27;GAPDH,MT2A;SOCS3;NFKBIA;YBX3;TM4SF1;CLDN5;CD74;FOS;S100A6;VIM;ZFP36;RPL36;RPS19;JUN;RPS15;RPS16;TPT1;RPLP1;HLA-E;FTL;JUND;RPL34;RPL18;RPLP2;RPL9;RPS8;HLA-B;RPL18A;IFI27;RPS3;RPS28;RPL13A;RPL37A;RPL8;TMSB10;RPS5;RPS11;RPL28;RPL14;RPL35A;RPS24;RPL6;RPS6;RPS27A;RPL3;RPS7;RPS3A;RPS14;RPL7A;RPL29;RPS18;RPL32;RPL19;RPS13;RPS9;RPL11;MYL6;NACA;RPS4X;RPL39;FAU;GSN;RPS2;EIF1;SRP14;RPS27;GAPDH;RPS15A;RPL30;RPL5;RPL37;RPL41;RPS23;HLA-A;PTMA;RPL10A;RPL21;EEF1A1;FTH1;SPARCL1;RPL12;B2M;TMSB4X;RPL15;IGFBP7;ACTG1;CALM1,"[145, 158, 438, 466, 694, 781, 908, 1219, 1299, 1399, 1852, 2297, 2336, 2405, 2583, 2683, 2707, 2741, 2908, 3009, 3051, 3066, 3110, 3161, 3204, 3240, 3273, 3274, 3312, 3341, 3464, 3478, 3513, 3549, 3661, 3685, 3907, 3938, 4093, 4202, 4212, 4220, 4340, 4464, 4465, 4486, 4491, 4601, 4603, 4699, 4800, 4803, 4864, 4883, 4925, 5044, 5081, 5174, 5294, 5363, 5365, 5373, 5472, 5574, 5729, 5753, 5812, 5993, 6030, 6075, 6213, 6566, 6735, 7026, 7036, 7111, 7173, 7718, 7728, 7992, 8419, 8759, 8993, 10085, 11361, 11600, 13283]",Tabula_Sapiens__Bladder-capillary Endothelial Cell
Tabula_Sapiens,Muscle-mesothelial Cell,prerank,0.6044862689648112,2.4081480153792114,0.0,0.0,0.0,67_89,67/89,30.63%,HSPA1A;DNAJB1;SLPI;MT2A;OGN;C3;TM4SF1;IFITM3;HSP90AA1;S100A6;TIMP1;S100A10;RPS21;SERPING1;RPL36;RPS19;RPS15;RPS16;TPT1;RPLP1;FTL;RPL34;RPL18;RPLP2;RPL9;RPS8;RPL18A;RPS3;RPS28;RPL13A;RPL37A;KLF6;RPL8;TMSB10;RPS5;RPS11;RPL28;RPL38;RPS29;RPL14;RPL35;RPL35A;RPS24;RPL6;RPS6;RPS27A;RPL3;RPS7;RPS3A;RPS25;RPS14;RPL7A;RPL29;RPL23A;RPS18;RPL32;UBA52;RPL19;RPS13;RPS9;RPL7;RPL27A;RPL11;NACA;RPS4X;RPL39;FAU,HSPA1A;DNAJB1;SLPI;MT2A;OGN;C3;TM4SF1;IFITM3;HSP90AA1;S100A6;TIMP1;S100A10;RPS21;SERPING1;RPL36;RPS19;RPS15;RPS16;TPT1;RPLP1;FTL;RPL34;RPL18;RPLP2;RPL9;RPS8;RPL18A;RPS3;RPS28;RPL13A;RPL37A;KLF6;RPL8;TMSB10;RPS5;RPS11;RPL28;RPL38;RPS29;RPL14;RPL35;RPL35A;RPS24;RPL6;RPS6;RPS27A;RPL3;RPS7;RPS3A;RPS25;RPS14;RPL7A;RPL29;RPL23A;RPS18;RPL32;UBA52;RPL19;RPS13;RPS9;RPL7;RPL27A;RPL11;NACA;RPS4X;RPL39;FAU;RPS2;EIF1;RPS27;RPS15A;RPL30;RPL5;RPL37;RPLP0;CST3;RPL41;RPS23;PTMA;RPL10A;RPL21;EEF1A1;FTH1;RPL12;B2M;TMSB4X;RPL15;CCDC80;RPL26,"[2, 8, 42, 145, 184, 554, 694, 970, 996, 1299, 1515, 1551, 1679, 2181, 2297, 2336, 2583, 2683, 2707, 2741, 3009, 3066, 3110, 3161, 3204, 3240, 3274, 3341, 3464, 3478, 3513, 3544, 3549, 3661, 3685, 3907, 3938, 3947, 4056, 4093, 4163, 4202, 4212, 4220, 4340, 4464, 4465, 4486, 4491, 4542, 4601, 4603, 4699, 4751, 4800, 4803, 4863, 4864, 4883, 4925, 4984, 5032, 5044, 5174, 5294, 5363, 5365, 5472, 5574, 5753, 5993, 6030, 6075, 6213, 6265, 6273, 6566, 6735, 7036, 7111, 7173, 7718, 7728, 8419, 8759, 8993, 10085, 16375, 16730]",Tabula_Sapiens__Muscle-mesothelial Cell
Tabula_Sapiens,"Salivary Gland-cd8-positive, Alpha-Beta T Cell",prerank,0.6253625459082934,2.470616335819771,0.0,0.0,0.0,66_81,66/81,32.85%,CXCR4;HSP90AA1;IL7R;TSC22D3;FOS;BTG1;ZFP36L2;RPS21;ZG16B;RPL36;RPS19;JUN;RPS15;RPS16;TPT1;RPLP1;FTL;JUND;RPL34;RPL18;RPLP2;RPL9;RPS8;RPL18A;RPS3;RPS28;RPL13A;RPL37A;KLF6;RPL8;TMSB10;RPS5;RPS11;RPL28;RPL38;RPS29;RPL14;RPS20;RPL35;RPL35A;RPS24;RPL6;RPS6;RPS27A;RPL3;RPS7;RPS3A;RPS14;RPL7A;RPL29;RPL23A;RPS18;RPL32;UBA52;RPL19;RPS13;RPS9;RPSA;RPL11;RPS4X;RPL39;FAU;RPS2;EIF1;TXNIP;RPS27,CXCR4;HSP90AA1;IL7R;TSC22D3;FOS;BTG1;ZFP36L2;RPS21;ZG16B;RPL36;RPS19;JUN;RPS15;RPS16;TPT1;RPLP1;FTL;JUND;RPL34;RPL18;RPLP2;RPL9;RPS8;RPL18A;RPS3;RPS28;RPL13A;RPL37A;KLF6;RPL8;TMSB10;RPS5;RPS11;RPL28;RPL38;RPS29;RPL14;RPS20;RPL35;RPL35A;RPS24;RPL6;RPS6;RPS27A;RPL3;RPS7;RPS3A;RPS14;RPL7A;RPL29;RPL23A;RPS18;RPL32;UBA52;RPL19;RPS13;RPS9;RPSA;RPL11;RPS4X;RPL39;FAU;RPS2;EIF1;TXNIP;RPS27;RPS15A;RPL30;RPL5;RPL37;RPL41;RPS23;PTMA;RPL10A;RPL21;EEF1A1;RPL12;B2M;TMSB4X;RPL15;CCL4,"[50, 996, 1012, 1034, 1219, 1239, 1382, 1679, 2171, 2297, 2336, 2405, 2583, 2683, 2707, 2741, 3009, 3051, 3066, 3110, 3161, 3204, 3240, 3274, 3341, 3464, 3478, 3513, 3544, 3549, 3661, 3685, 3907, 3938, 3947, 4056, 4093, 4125, 4163, 4202, 4212, 4220, 4340, 4464, 4465, 4486, 4491, 4601, 4603, 4699, 4751, 4800, 4803, 4863, 4864, 4883, 4925, 5014, 5044, 5294, 5363, 5365, 5472, 5574, 5739, 5753, 5993, 6030, 6075, 6213, 6566, 6735, 7036, 7111, 7173, 7718, 8419, 8759, 8993, 10085, 10797]","Tabula_Sapiens__Salivary Gland-cd8-positive, Alpha-Beta T Cell"
Tabula_Sapiens,Mammary-nk Cell,prerank,0.5892756844953397,2.349073614533244,0.0,0.0,0.0,72_90,72/90,33.18%,CXCR4;IFITM2;KLRD1;PNRC1;CD7;IL7R;SRGN;BTG1;ZFP36L2;RPS21;EEF1D;RPL36;RPS19;PTPRC;RPS15;RPS16;TPT1;RPLP1;HLA-E;SYTL3;FTL;RPS10;RPL34;RPL18;RPLP2;RPL9;RPS8;HLA-B;RPL18A;FYN;RPS3;RPS26;RPS28;RPL13A;RPL37A;RPL8;TMSB10;RPS5;RPL28;RPS29;RPL14;RPL35;RPL35A;RPS24;RPS6;RPS27A;RPL3;RPS7;RPS3A;RPS14;RPL7A;RPL29;RPL23A;RPS18;RPL32;UBA52;RPL19;RPS13;RPS9;RPSA;HLA-C;RPL11;NACA;RPS4X;RPL39;FAU;RPS2;CCL5;EIF1;TXNIP;RPS27;GAPDH,CXCR4;IFITM2;KLRD1;PNRC1;CD7;IL7R;SRGN;BTG1;ZFP36L2;RPS21;EEF1D;RPL36;RPS19;PTPRC;RPS15;RPS16;TPT1;RPLP1;HLA-E;SYTL3;FTL;RPS10;RPL34;RPL18;RPLP2;RPL9;RPS8;HLA-B;RPL18A;FYN;RPS3;RPS26;RPS28;RPL13A;RPL37A;RPL8;TMSB10;RPS5;RPL28;RPS29;RPL14;RPL35;RPL35A;RPS24;RPS6;RPS27A;RPL3;RPS7;RPS3A;RPS14;RPL7A;RPL29;RPL23A;RPS18;RPL32;UBA52;RPL19;RPS13;RPS9;RPSA;HLA-C;RPL11;NACA;RPS4X;RPL39;FAU;RPS2;CCL5;EIF1;TXNIP;RPS27;GAPDH;RPS15A;RPL30;RPL37;RPL41;RPS23;HLA-A;PTMA;RPL10A;RPL21;EEF1A1;FTH1;GNLY;RPL12;B2M;TMSB4X;RPL15;NKG7;RPL26,"[50, 633, 759, 875, 912, 1012, 1146, 1239, 1382, 1679, 1776, 2297, 2336, 2422, 2583, 2683, 2707, 2741, 2908, 2971, 3009, 3058, 3066, 3110, 3161, 3204, 3240, 3273, 3274, 3313, 3341, 3446, 3464, 3478, 3513, 3549, 3661, 3685, 3938, 4056, 4093, 4163, 4202, 4212, 4340, 4464, 4465, 4486, 4491, 4601, 4603, 4699, 4751, 4800, 4803, 4863, 4864, 4883, 4925, 5014, 5034, 5044, 5174, 5294, 5363, 5365, 5472, 5546, 5574, 5739, 5753, 5812, 5993, 6030, 6213, 6566, 6735, 7026, 7036, 7111, 7173, 7718, 7728, 8051, 8419, 8759, 8993, 10085, 15287, 16730]",Tabula_Sapiens__Mammary-nk Cell
Tabula_Sapiens,Blood-nk Cell,prerank,0.5167870282781275,2.0513145592900504,0.0,0.0,0.0,62_87,62/87,31.82%,S100A8;S100A4;CYBA;KLRD1;S100A9;TSC22D3;SRGN;FOS;BTG1;RPS21;RPS19;JUN;PTPRC;RPS15;RPS16;TPT1;RPLP1;SH3BGRL3;HLA-E;FTL;JUND;RPL34;RPL18;RPLP2;RPL9;RPS8;HLA-B;RPL18A;RPS3;RPS28;RPL13A;TMSB10;RPS11;RPL28;RPS29;RPL14;RPL35A;RPS24;RPL6;RPS6;RPS27A;RPL3;RPS7;RPS3A;RPS14;RPL7A;RPL29;RPS18;RPL32;UBA52;RPL19;RPS13;RPS9;HLA-C;RPL11;NACA;RPS4X;RPL39;FAU;RPS2;CCL5;EIF1,S100A8;S100A4;CYBA;KLRD1;S100A9;TSC22D3;SRGN;FOS;BTG1;RPS21;RPS19;JUN;PTPRC;RPS15;RPS16;TPT1;RPLP1;SH3BGRL3;HLA-E;FTL;JUND;RPL34;RPL18;RPLP2;RPL9;RPS8;HLA-B;RPL18A;RPS3;RPS28;RPL13A;TMSB10;RPS11;RPL28;RPS29;RPL14;RPL35A;RPS24;RPL6;RPS6;RPS27A;RPL3;RPS7;RPS3A;RPS14;RPL7A;RPL29;RPS18;RPL32;UBA52;RPL19;RPS13;RPS9;HLA-C;RPL11;NACA;RPS4X;RPL39;FAU;RPS2;CCL5;EIF1;TXNIP;RPS27;PFN1;RPS15A;RPL30;RPL5;RPL37;RPL41;RPS23;HLA-A;PTMA;RPL21;EEF1A1;FTH1;GNLY;RPL12;B2M;TMSB4X;DDX5;RPL15;CALM1;ARL4C;NKG7;RPL26;HBA2,"[157, 245, 470, 759, 820, 1034, 1146, 1219, 1239, 1679, 2336, 2405, 2422, 2583, 2683, 2707, 2741, 2777, 2908, 3009, 3051, 3066, 3110, 3161, 3204, 3240, 3273, 3274, 3341, 3464, 3478, 3661, 3907, 3938, 4056, 4093, 4202, 4212, 4220, 4340, 4464, 4465, 4486, 4491, 4601, 4603, 4699, 4800, 4803, 4863, 4864, 4883, 4925, 5034, 5044, 5174, 5294, 5363, 5365, 5472, 5546, 5574, 5739, 5753, 5977, 5993, 6030, 6075, 6213, 6566, 6735, 7026, 7036, 7173, 7718, 7728, 8051, 8419, 8759, 8993, 9867, 10085, 13283, 14821, 15287, 16730, 17205]",Tabula_Sapiens__Blood-nk Cell
Tabula_Sapiens,"Lung-cd4-positive, Alpha-Beta T Cell",prerank,0.5269737122273503,2.123623132693407,0.0,0.0,0.0,63_88,63/88,30.63%,S100A4;IL32;IL7R;SRGN;BTG1;ZFP36L2;RPS21;RPL36;RPS19;RPS15;RPS16;TPT1;RPLP1;FTL;RPL34;RPL18;RPLP2;RPL9;RPS8;HLA-B;RPL18A;RPS3;MYL12A;RPS26;RPS28;RPL13A;RPL37A;RPL8;TMSB10;RPS5;RPS11;RPL28;RPL38;RPS29;RPL14;RPS20;RPL35;RPL35A;RPS24;RPL6;RPS6;RPS27A;RPL3;RPS7;RPS3A;RPS25;RPS14;RPL7A;RPL29;RPL23A;RPS18;RPL32;UBA52;RPL19;RPS13;RPS9;RPSA;RPL27A;RPL11;NACA;RPS4X;RPL39;FAU,S100A4;IL32;IL7R;SRGN;BTG1;ZFP36L2;RPS21;RPL36;RPS19;RPS15;RPS16;TPT1;RPLP1;FTL;RPL34;RPL18;RPLP2;RPL9;RPS8;HLA-B;RPL18A;RPS3;MYL12A;RPS26;RPS28;RPL13A;RPL37A;RPL8;TMSB10;RPS5;RPS11;RPL28;RPL38;RPS29;RPL14;RPS20;RPL35;RPL35A;RPS24;RPL6;RPS6;RPS27A;RPL3;RPS7;RPS3A;RPS25;RPS14;RPL7A;RPL29;RPL23A;RPS18;RPL32;UBA52;RPL19;RPS13;RPS9;RPSA;RPL27A;RPL11;NACA;RPS4X;RPL39;FAU;RPS2;EIF1;TXNIP;RPS27;RPS15A;RPL30;RPL5;RPL37;RPLP0;RPL41;RPS23;HLA-A;PTMA;RPL10A;RPL21;EEF1A1;FTH1;RPL12;B2M;TMSB4X;RPL15;EEF1B2;ACTG1;RPL26;HBB,"[245, 314, 1012, 1146, 1239, 1382, 1679, 2297, 2336, 2583, 2683, 2707, 2741, 3009, 3066, 3110, 3161, 3204, 3240, 3273, 3274, 3341, 3359, 3446, 3464, 3478, 3513, 3549, 3661, 3685, 3907, 3938, 3947, 4056, 4093, 4125, 4163, 4202, 4212, 4220, 4340, 4464, 4465, 4486, 4491, 4542, 4601, 4603, 4699, 4751, 4800, 4803, 4863, 4864, 4883, 4925, 5014, 5032, 5044, 5174, 5294, 5363, 5365, 5472, 5574, 5739, 5753, 5993, 6030, 6075, 6213, 6265, 6566, 6735, 7026, 7036, 7111, 7173, 7718, 7728, 8419, 8759, 8993, 10085, 11512, 11600, 16730, 17414]","Tabula_Sapiens__Lung-cd4-positive, Alpha-Beta T Cell"
Tabula_Sapiens,Tongue-immune Cell,prerank,0.6069812484976715,2.4243270920394417,0.0,0.0,0.0,62_89,62/89,28.80%,CXCR4;S100A4;NFKBIA;HLA-DRB1;S100A9;HLA-DRA;CD74;HSP90AA1;IL7R;SRGN;FOS;BTG1;ZFP36L2;VIM;RPS21;HLA-DPA1;RPL36;RPS19;RPS15;RPS16;TPT1;RPLP1;RGS1;FTL;JUND;RPL34;RPL18;RPLP2;RPL9;RPS8;RPL18A;RPS3;RPS28;RPL13A;RPL37A;RPL8;TMSB10;RPS11;RPL28;RPS29;RPL14;RPS20;RPL35A;RPS24;RPL6;RPS6;RPS27A;RPL3;RPS7;RPS3A;RPS14;RPL7A;RPL29;RPS18;RPL32;UBA52;RPL19;RPS13;RPS9;RPSA;RPL27A;RPL11,CXCR4;S100A4;NFKBIA;HLA-DRB1;S100A9;HLA-DRA;CD74;HSP90AA1;IL7R;SRGN;FOS;BTG1;ZFP36L2;VIM;RPS21;HLA-DPA1;RPL36;RPS19;RPS15;RPS16;TPT1;RPLP1;RGS1;FTL;JUND;RPL34;RPL18;RPLP2;RPL9;RPS8;RPL18A;RPS3;RPS28;RPL13A;RPL37A;RPL8;TMSB10;RPS11;RPL28;RPS29;RPL14;RPS20;RPL35A;RPS24;RPL6;RPS6;RPS27A;RPL3;RPS7;RPS3A;RPS14;RPL7A;RPL29;RPS18;RPL32;UBA52;RPL19;RPS13;RPS9;RPSA;RPL27A;RPL11;RPS4X;RPL39;FAU;RPS2;EIF1;RPS27;GAPDH;RPS15A;RPL30;RPL5;RPL37;CST3;RPL41;RPS23;HLA-A;GPR183;PTMA;RPL10A;RPL21;EEF1A1;FTH1;RPL12;B2M;TMSB4X;RPL15;ACTG1;RPL26,"[50, 245, 438, 558, 820, 855, 908, 996, 1012, 1146, 1219, 1239, 1382, 1399, 1679, 1918, 2297, 2336, 2583, 2683, 2707, 2741, 2808, 3009, 3051, 3066, 3110, 3161, 3204, 3240, 3274, 3341, 3464, 3478, 3513, 3549, 3661, 3907, 3938, 4056, 4093, 4125, 4202, 4212, 4220, 4340, 4464, 4465, 4486, 4491, 4601, 4603, 4699, 4800, 4803, 4863, 4864, 4883, 4925, 5014, 5032, 5044, 5294, 5363, 5365, 5472, 5574, 5753, 5812, 5993, 6030, 6075, 6213, 6273, 6566, 6735, 7026, 7031, 7036, 7111, 7173, 7718, 7728, 8419, 8759, 8993, 10085, 11600, 16730]",Tabula_Sapiens__Tongue-immune Cell
Tabula_Sapiens,Heart-fibroblast Of Cardiac Tissue,prerank,0.5785567578418168,2.2736293335951316,0.0,0.0,0.0,60_86,60/86,30.68%,CEBPD;FBLN1;PRELP;ADH1B;GADD45B;CFH;IFITM3;IGFBP6;S100A6;DCN;VIM;C1R;TIMP1;RPS21;SERF2;SERPING1;RPL36;RPS19;APOD;RPS15;TIMP3;TPT1;RPLP1;FTL;RPL34;RPL18;RPLP2;RPL9;RPS8;RPL18A;RPS3;RPS28;RPL37A;MGST1;RPL8;APOE;RPL28;RPS29;RPL14;RPL35;RPL35A;RPS24;RPL6;RPS6;RPS27A;RPL3;RPS3A;RPS14;RPL7A;RPL29;RPS18;RPL32;RPL19;RPS13;RPS9;RPL11;RPS4X;RPL39;FAU;GSN,CEBPD;FBLN1;PRELP;ADH1B;GADD45B;CFH;IFITM3;IGFBP6;S100A6;DCN;VIM;C1R;TIMP1;RPS21;SERF2;SERPING1;RPL36;RPS19;APOD;RPS15;TIMP3;TPT1;RPLP1;FTL;RPL34;RPL18;RPLP2;RPL9;RPS8;RPL18A;RPS3;RPS28;RPL37A;MGST1;RPL8;APOE;RPL28;RPS29;RPL14;RPL35;RPL35A;RPS24;RPL6;RPS6;RPS27A;RPL3;RPS3A;RPS14;RPL7A;RPL29;RPS18;RPL32;RPL19;RPS13;RPS9;RPL11;RPS4X;RPL39;FAU;GSN;EIF1;TXNIP;RPS27;RPS15A;RPL30;SERPINF1;RPL37;CST3;RPL41;RPS23;PTMA;RPL21;EEF1A1;FTH1;SPARCL1;GPX3;RPL12;B2M;TMSB4X;MGP;CRLF1;ITM2B;IGFBP7;LUM;FN1;RPL26,"[312, 317, 327, 648, 762, 967, 970, 1105, 1299, 1395, 1399, 1505, 1515, 1679, 2068, 2181, 2297, 2336, 2562, 2583, 2602, 2707, 2741, 3009, 3066, 3110, 3161, 3204, 3240, 3274, 3341, 3464, 3513, 3531, 3549, 3783, 3938, 4056, 4093, 4163, 4202, 4212, 4220, 4340, 4464, 4465, 4491, 4601, 4603, 4699, 4800, 4803, 4864, 4883, 4925, 5044, 5294, 5363, 5365, 5373, 5574, 5739, 5753, 5993, 6030, 6107, 6213, 6273, 6566, 6735, 7036, 7173, 7718, 7728, 7992, 7997, 8419, 8759, 8993, 9257, 10678, 11214, 11361, 12182, 12440, 16730]",Tabula_Sapiens__Heart-fibroblast Of Cardiac Tissue
Tabula_Sapiens,Prostate-club Cell Of Prostate Epithelium,prerank,0.5591354949956155,2.2323133018513928,0.0,0.0,0.0,65_89,65/89,31.24%,AZGP1;S100P;LCN2;HSP90AA1;S100A11;KRT19;FOS;S100A6;ZFP36L1;RPS21;SERF2;RPL36;RPS19;JUN;ADIRF;RPS15;RPS16;TPT1;RPLP1;FTL;RPL34;RPL18;RPLP2;RPL9;RPS8;RPL18A;RPS3;TGM4;RPS28;RPL13A;RPL37A;RPL8;RPS11;CLDN4;RPL28;RPS29;RPL14;RPS20;RPL35;RPL35A;RPS24;RPL6;RPS6;RPS27A;RPL3;RPS7;RPS3A;RPS25;RPS14;RPL7A;RPL29;RPL23A;RPS18;RPL32;RPL19;RPS13;RPS9;RPL27A;RPL11;NACA;RPS4X;RPL39;FAU;ID1;RPS2,AZGP1;S100P;LCN2;HSP90AA1;S100A11;KRT19;FOS;S100A6;ZFP36L1;RPS21;SERF2;RPL36;RPS19;JUN;ADIRF;RPS15;RPS16;TPT1;RPLP1;FTL;RPL34;RPL18;RPLP2;RPL9;RPS8;RPL18A;RPS3;TGM4;RPS28;RPL13A;RPL37A;RPL8;RPS11;CLDN4;RPL28;RPS29;RPL14;RPS20;RPL35;RPL35A;RPS24;RPL6;RPS6;RPS27A;RPL3;RPS7;RPS3A;RPS25;RPS14;RPL7A;RPL29;RPL23A;RPS18;RPL32;RPL19;RPS13;RPS9;RPL27A;RPL11;NACA;RPS4X;RPL39;FAU;ID1;RPS2;RPS27;RPS15A;RPL30;RPL5;RPL37;RPL41;RPS23;PTMA;RPL10A;RPL21;EEF1A1;FTH1;WFDC2;RPL12;PPDPF;B2M;TMSB4X;RPL15;SCGB3A1;RARRES1;OLFM4;ELF3;PSCA;RPL26,"[100, 233, 756, 996, 1102, 1151, 1219, 1299, 1595, 1679, 2068, 2297, 2336, 2405, 2504, 2583, 2683, 2707, 2741, 3009, 3066, 3110, 3161, 3204, 3240, 3274, 3341, 3430, 3464, 3478, 3513, 3549, 3907, 3933, 3938, 4056, 4093, 4125, 4163, 4202, 4212, 4220, 4340, 4464, 4465, 4486, 4491, 4542, 4601, 4603, 4699, 4751, 4800, 4803, 4864, 4883, 4925, 5032, 5044, 5174, 5294, 5363, 5365, 5430, 5472, 5753, 5993, 6030, 6075, 6213, 6566, 6735, 7036, 7111, 7173, 7718, 7728, 7784, 8419, 8669, 8759, 8993, 10085, 11110, 12374, 12812, 14662, 14694, 16730]",Tabula_Sapiens__Prostate-club Cell Of Prostate Epithelium
Tabula_Sapiens,Uterus-endothelial Cell,prerank,0.5954431948232193,2.3979000445660246,0.0,0.0,0.0,66_91,66/91,31.24%,HSPA1A;DDIT4;MT2A;STC1;NFKBIA;CSF3;TM4SF1;ICAM1;S100A6;VIM;S100A10;RPS21;SERPINE1;HSPA5;IER3;RPL36;RPS19;JUN;HSP90AB1;RPS15;RPS16;TPT1;RPLP1;HLA-E;FTL;RPL34;RPL18;RPLP2;RPL9;RPS8;RPL18A;RPS3;RPS28;RPL13A;RPL37A;RPL8;TMSB10;TSC22D1;CXCL2;RPS11;RPL28;RPS29;RPL14;RPL35;RPL35A;RPS24;RPS6;RPS27A;RPL3;RPS7;RPS3A;RPS14;RPL7A;RPL29;RPS18;RPL32;RPL19;RPS13;RPS9;RPL11;NACA;RPS4X;RPL39;FAU;NDRG1;RPS2,HSPA1A;DDIT4;MT2A;STC1;NFKBIA;CSF3;TM4SF1;ICAM1;S100A6;VIM;S100A10;RPS21;SERPINE1;HSPA5;IER3;RPL36;RPS19;JUN;HSP90AB1;RPS15;RPS16;TPT1;RPLP1;HLA-E;FTL;RPL34;RPL18;RPLP2;RPL9;RPS8;RPL18A;RPS3;RPS28;RPL13A;RPL37A;RPL8;TMSB10;TSC22D1;CXCL2;RPS11;RPL28;RPS29;RPL14;RPL35;RPL35A;RPS24;RPS6;RPS27A;RPL3;RPS7;RPS3A;RPS14;RPL7A;RPL29;RPS18;RPL32;RPL19;RPS13;RPS9;RPL11;NACA;RPS4X;RPL39;FAU;NDRG1;RPS2;EIF1;RPS27;GAPDH;RPS15A;RPL30;RPL37;RPL41;RPS23;HLA-A;PTMA;RPL21;EEF1A1;FTH1;SPARCL1;RPL12;RHOB;B2M;TMSB4X;SOD2;LDHA;RPL15;IGFBP7;ACTG1;SELE;RPL26,"[2, 17, 145, 156, 438, 665, 694, 847, 1299, 1399, 1551, 1679, 1969, 2084, 2252, 2297, 2336, 2405, 2454, 2583, 2683, 2707, 2741, 2908, 3009, 3066, 3110, 3161, 3204, 3240, 3274, 3341, 3464, 3478, 3513, 3549, 3661, 3795, 3816, 3907, 3938, 4056, 4093, 4163, 4202, 4212, 4340, 4464, 4465, 4486, 4491, 4601, 4603, 4699, 4800, 4803, 4864, 4883, 4925, 5044, 5174, 5294, 5363, 5365, 5400, 5472, 5574, 5753, 5812, 5993, 6030, 6213, 6566, 6735, 7026, 7036, 7173, 7718, 7728, 7992, 8419, 8680, 8759, 8993, 9365, 9695, 10085, 11361, 11600, 14111, 16730]",Tabula_Sapiens__Uterus-endothelial Cell
Tabula_Sapiens,Uterus-immune Cell,prerank,0.5918219265073648,2.3548027675993963,0.0,0.0,0.0,60_88,60/88,29.01%,HSPA1A;C1QA;S100A4;C1QB;HLA-DRA;CD74;HSP90AA1;ALOX5AP;SRGN;VIM;RPS21;SERF2;RPL36;RPS19;GPX1;RPS15;IL1B;RPS16;TPT1;RPLP1;SH3BGRL3;FTL;JUND;RPL34;RPL18;RPLP2;RPS8;HLA-B;RPL18A;RPS3;RPS28;RPL13A;RPL37A;RPL8;TMSB10;RPS5;RPS11;RPL28;RPS29;RPL14;RPL35;RPL35A;RPS24;RPS6;RPS27A;RPL3;RPS7;RPS3A;RPS14;RPL7A;RPL29;RPS18;RPL32;UBA52;RPL19;RPS13;RPS9;RPSA;RPL11;MYL6,HSPA1A;C1QA;S100A4;C1QB;HLA-DRA;CD74;HSP90AA1;ALOX5AP;SRGN;VIM;RPS21;SERF2;RPL36;RPS19;GPX1;RPS15;IL1B;RPS16;TPT1;RPLP1;SH3BGRL3;FTL;JUND;RPL34;RPL18;RPLP2;RPS8;HLA-B;RPL18A;RPS3;RPS28;RPL13A;RPL37A;RPL8;TMSB10;RPS5;RPS11;RPL28;RPS29;RPL14;RPL35;RPL35A;RPS24;RPS6;RPS27A;RPL3;RPS7;RPS3A;RPS14;RPL7A;RPL29;RPS18;RPL32;UBA52;RPL19;RPS13;RPS9;RPSA;RPL11;MYL6;RPS4X;RPL39;FAU;RPS2;EIF1;RPS27;GAPDH;PFN1;RPS15A;RPL30;RPL37;RPL41;RPS23;HLA-A;PTMA;RPL21;EEF1A1;FTH1;GNLY;RPL12;B2M;TMSB4X;RPL15;TUBA1B;CCL4;ACTG1;HMGB1;RPL26,"[2, 196, 245, 399, 855, 908, 996, 1045, 1146, 1399, 1679, 2068, 2297, 2336, 2540, 2583, 2654, 2683, 2707, 2741, 2777, 3009, 3051, 3066, 3110, 3161, 3240, 3273, 3274, 3341, 3464, 3478, 3513, 3549, 3661, 3685, 3907, 3938, 4056, 4093, 4163, 4202, 4212, 4340, 4464, 4465, 4486, 4491, 4601, 4603, 4699, 4800, 4803, 4863, 4864, 4883, 4925, 5014, 5044, 5081, 5294, 5363, 5365, 5472, 5574, 5753, 5812, 5977, 5993, 6030, 6213, 6566, 6735, 7026, 7036, 7173, 7718, 7728, 8051, 8419, 8759, 8993, 10085, 10112, 10797, 11600, 12555, 16730]",Tabula_Sapiens__Uterus-immune Cell
Tabula_Sapiens,Bladder-bladder Urothelial Cell,prerank,0.5352300621547671,2.135856407377682,0.0,0.0,0.0,60_85,60/85,30.63%,KRT18;S100P;GDF15;LCN2;S100A11;KRT19;S100A6;RPS21;RPL36;RPS19;ADIRF;RPS15;RPS16;CSTB;TPT1;RPLP1;GSTP1;FTL;RPL34;RPL18;RPLP2;RPL9;RPS8;RPL18A;RPS3;RPS28;RPL13A;RPL37A;RPL8;SNCG;RPS5;KRT13;RPS11;CLDN4;RPL28;RPS29;RPL14;RPL35A;RPS24;RPL6;RPS6;RPS27A;RPL3;RPS7;RPS3A;RPS14;RPL7A;RPL29;RPL23A;RPS18;RPL32;RPL19;RPS13;RPS9;RPSA;RPL11;NACA;RPS4X;RPL39;FAU,KRT18;S100P;GDF15;LCN2;S100A11;KRT19;S100A6;RPS21;RPL36;RPS19;ADIRF;RPS15;RPS16;CSTB;TPT1;RPLP1;GSTP1;FTL;RPL34;RPL18;RPLP2;RPL9;RPS8;RPL18A;RPS3;RPS28;RPL13A;RPL37A;RPL8;SNCG;RPS5;KRT13;RPS11;CLDN4;RPL28;RPS29;RPL14;RPL35A;RPS24;RPL6;RPS6;RPS27A;RPL3;RPS7;RPS3A;RPS14;RPL7A;RPL29;RPL23A;RPS18;RPL32;RPL19;RPS13;RPS9;RPSA;RPL11;NACA;RPS4X;RPL39;FAU;RPS2;EIF1;RPS27;GAPDH;RPS15A;RPL30;RPL5;RPL37;RPL41;RPS23;PTMA;RPL10A;RPL21;EEF1A1;FTH1;RPL12;B2M;TMSB4X;BTG2;RPL15;ACTG1;KRT17;PSCA;DHRS2;TACSTD2,"[166, 233, 325, 756, 1102, 1151, 1299, 1679, 2297, 2336, 2504, 2583, 2683, 2706, 2707, 2741, 2918, 3009, 3066, 3110, 3161, 3204, 3240, 3274, 3341, 3464, 3478, 3513, 3549, 3670, 3685, 3883, 3907, 3933, 3938, 4056, 4093, 4202, 4212, 4220, 4340, 4464, 4465, 4486, 4491, 4601, 4603, 4699, 4751, 4800, 4803, 4864, 4883, 4925, 5014, 5044, 5174, 5294, 5363, 5365, 5472, 5574, 5753, 5812, 5993, 6030, 6075, 6213, 6566, 6735, 7036, 7111, 7173, 7718, 7728, 8419, 8759, 8993, 9417, 10085, 11600, 13183, 14694, 15826, 17189]",Tabula_Sapiens__Bladder-bladder Urothelial Cell
Tabula_Sapiens,"Lymph Node-cd4-positive, Alpha-Beta Memory T Cell",prerank,0.5641183120809307,2.285354798594487,0.0,0.0,0.0,67_91,67/91,30.63%,CXCR4;KLF2;HSP90AA1;IL7R;TSC22D3;FOS;BTG1;ZFP36L2;RPS21;RPL36;RPS19;JUN;RPS15;RPS16;TPT1;RPLP1;FTL;JUND;RPL34;RPL18;RPLP2;RPL9;RPS8;RPL18A;RPS3;RPS26;RPS28;RPL13A;RPL37A;RPL8;RPL31;TMSB10;RPS5;RPL27;RPS11;RPL28;RPL38;RPS29;RPL14;RPS20;RPL35;RPL35A;RPS24;RPL6;RPS6;RPS27A;RPL3;RPS7;RPS3A;RPS25;RPS14;RPL7A;RPL29;RPL23A;RPS18;RPL32;UBA52;RPL19;RPS13;RPS9;RPSA;RPL27A;RPL11;NACA;RPS4X;RPL39;FAU,CXCR4;KLF2;HSP90AA1;IL7R;TSC22D3;FOS;BTG1;ZFP36L2;RPS21;RPL36;RPS19;JUN;RPS15;RPS16;TPT1;RPLP1;FTL;JUND;RPL34;RPL18;RPLP2;RPL9;RPS8;RPL18A;RPS3;RPS26;RPS28;RPL13A;RPL37A;RPL8;RPL31;TMSB10;RPS5;RPL27;RPS11;RPL28;RPL38;RPS29;RPL14;RPS20;RPL35;RPL35A;RPS24;RPL6;RPS6;RPS27A;RPL3;RPS7;RPS3A;RPS25;RPS14;RPL7A;RPL29;RPL23A;RPS18;RPL32;UBA52;RPL19;RPS13;RPS9;RPSA;RPL27A;RPL11;NACA;RPS4X;RPL39;FAU;RPS2;EIF1;TXNIP;RPS27;RPS15A;RPL30;RPL5;RPL37;RPLP0;RPL41;RPS23;PTMA;RPL10A;RPL21;EEF1A1;FTH1;RPL12;B2M;TMSB4X;RPL15;EEF1B2;ACTG1;CD69;RPL26,"[50, 811, 996, 1012, 1034, 1219, 1239, 1382, 1679, 2297, 2336, 2405, 2583, 2683, 2707, 2741, 3009, 3051, 3066, 3110, 3161, 3204, 3240, 3274, 3341, 3446, 3464, 3478, 3513, 3549, 3614, 3661, 3685, 3894, 3907, 3938, 3947, 4056, 4093, 4125, 4163, 4202, 4212, 4220, 4340, 4464, 4465, 4486, 4491, 4542, 4601, 4603, 4699, 4751, 4800, 4803, 4863, 4864, 4883, 4925, 5014, 5032, 5044, 5174, 5294, 5363, 5365, 5472, 5574, 5739, 5753, 5993, 6030, 6075, 6213, 6265, 6566, 6735, 7036, 7111, 7173, 7718, 7728, 8419, 8759, 8993, 10085, 11512, 11600, 16391, 16730]","Tabula_Sapiens__Lymph Node-cd4-positive, Alpha-Beta Memory T Cell"
Tabula_Sapiens,Thymus-dendritic Cell,prerank,0.5671242607621142,2.2643078690604783,0.0,0.0,0.0,69_87,69/87,34.68%,LYZ;HLA-DRA;CD74;SRGN;FOS;VIM;RPS21;HLA-DPA1;RPL36;RPS19;GPX1;RPS15;RPS16;TPT1;RPLP1;COTL1;FTL;RPL34;OAZ1;RPL18;RPLP2;RPL9;RPS8;HLA-B;RPL18A;RPS3;RPS28;RPL13A;RPL37A;RPL8;TMSB10;RPL27;RPS11;RPL28;RPL38;RPS29;RPL14;RPS20;RPL35A;RPS24;RPL6;RPS6;RPS27A;RPL3;RPS7;RPS3A;RPS14;RPL7A;RPL29;RPL23A;RPS18;RPL32;UBA52;RPL19;RPS13;RPS9;RPL27A;RPL11;RPS4X;RPL39;FAU;RPS2;EIF1;RPS27;GAPDH;PFN1;RPS15A;RPL30;RPL5,LYZ;HLA-DRA;CD74;SRGN;FOS;VIM;RPS21;HLA-DPA1;RPL36;RPS19;GPX1;RPS15;RPS16;TPT1;RPLP1;COTL1;FTL;RPL34;OAZ1;RPL18;RPLP2;RPL9;RPS8;HLA-B;RPL18A;RPS3;RPS28;RPL13A;RPL37A;RPL8;TMSB10;RPL27;RPS11;RPL28;RPL38;RPS29;RPL14;RPS20;RPL35A;RPS24;RPL6;RPS6;RPS27A;RPL3;RPS7;RPS3A;RPS14;RPL7A;RPL29;RPL23A;RPS18;RPL32;UBA52;RPL19;RPS13;RPS9;RPL27A;RPL11;RPS4X;RPL39;FAU;RPS2;EIF1;RPS27;GAPDH;PFN1;RPS15A;RPL30;RPL5;RPL37;CST3;PABPC1;RPL41;RPS23;FGL2;PTMA;RPL10A;RPL21;EEF1A1;FTH1;RPL12;B2M;TMSB4X;RPL15;ARPC2;ACTG1;RPL26,"[574, 855, 908, 1146, 1219, 1399, 1679, 1918, 2297, 2336, 2540, 2583, 2683, 2707, 2741, 2856, 3009, 3066, 3070, 3110, 3161, 3204, 3240, 3273, 3274, 3341, 3464, 3478, 3513, 3549, 3661, 3894, 3907, 3938, 3947, 4056, 4093, 4125, 4202, 4212, 4220, 4340, 4464, 4465, 4486, 4491, 4601, 4603, 4699, 4751, 4800, 4803, 4863, 4864, 4883, 4925, 5032, 5044, 5294, 5363, 5365, 5472, 5574, 5753, 5812, 5977, 5993, 6030, 6075, 6213, 6273, 6350, 6566, 6735, 6896, 7036, 7111, 7173, 7718, 7728, 8419, 8759, 8993, 10085, 11250, 11600, 16730]",Tabula_Sapiens__Thymus-dendritic Cell
Tabula_Sapiens,Trachea-endothelial Cell,prerank,0.5706978970472965,2.276173897599871,0.0,0.0,0.0,61_89,61/89,30.63%,SOCS3;NFKBIA;IFITM2;CD74;ID3;IFITM3;FOS;VIM;RPS21;ZFP36;RPL36;RPS19;RPS15;RPS16;TPT1;RPLP1;HLA-E;JUND;RPL34;RPL18;RPLP2;RPL9;RPS8;HLA-B;RPL18A;RPS3;RPS28;RPL13A;RPL37A;RPL8;TMSB10;RPS5;RPS11;RPL28;RPS29;RPL14;RPL35;RPL35A;RPS24;RPL6;RPS6;RPS27A;RPL3;RPS7;RPS3A;RPS25;RPS14;RPL7A;RPL29;RPL23A;RPS18;RPL32;RPL19;RPS13;RPS9;RPL11;MYL6;NACA;RPS4X;RPL39;FAU,SOCS3;NFKBIA;IFITM2;CD74;ID3;IFITM3;FOS;VIM;RPS21;ZFP36;RPL36;RPS19;RPS15;RPS16;TPT1;RPLP1;HLA-E;JUND;RPL34;RPL18;RPLP2;RPL9;RPS8;HLA-B;RPL18A;RPS3;RPS28;RPL13A;RPL37A;RPL8;TMSB10;RPS5;RPS11;RPL28;RPS29;RPL14;RPL35;RPL35A;RPS24;RPL6;RPS6;RPS27A;RPL3;RPS7;RPS3A;RPS25;RPS14;RPL7A;RPL29;RPL23A;RPS18;RPL32;RPL19;RPS13;RPS9;RPL11;MYL6;NACA;RPS4X;RPL39;FAU;RPS2;EIF1;RPS27;GAPDH;RPS15A;RPL30;RPL5;RPL37;RPL41;RPS23;HLA-A;PTMA;RPL10A;RPL21;FKBP1A;EEF1A1;A2M;SPARCL1;RPL12;PLVAP;B2M;TMSB4X;FABP4;RPL15;ITM2B;IGFBP7;ACTG1;RPL26,"[158, 438, 633, 908, 956, 970, 1219, 1399, 1679, 1852, 2297, 2336, 2583, 2683, 2707, 2741, 2908, 3051, 3066, 3110, 3161, 3204, 3240, 3273, 3274, 3341, 3464, 3478, 3513, 3549, 3661, 3685, 3907, 3938, 4056, 4093, 4163, 4202, 4212, 4220, 4340, 4464, 4465, 4486, 4491, 4542, 4601, 4603, 4699, 4751, 4800, 4803, 4864, 4883, 4925, 5044, 5081, 5174, 5294, 5363, 5365, 5472, 5574, 5753, 5812, 5993, 6030, 6075, 6213, 6566, 6735, 7026, 7036, 7111, 7173, 7174, 7718, 7759, 7992, 8419, 8694, 8759, 8993, 9876, 10085, 11214, 11361, 11600, 16730]",Tabula_Sapiens__Trachea-endothelial Cell
Tabula_Sapiens,Lung-smooth Muscle Cell,prerank,0.5032809756149497,1.999996626971823,0.0,0.0,0.0,58_89,58/89,29.01%,MT2A;IFITM3;HSP90AA1;FOS;S100A6;VIM;TIMP1;ZFP36;IER2;RPL36;RPS19;JUN;HSP90AB1;RPS15;TIMP3;RPS16;LGALS1;TPT1;RPLP1;FTL;RPL34;CD63;RPL18;RPLP2;RPL9;RPS8;RPL18A;RPS3;RPS28;RPL13A;RPL37A;RPL8;TMSB10;RPS5;RPS11;RPL28;RPS29;RPL14;RPL35;RPL35A;RPS24;RPL6;RPS6;RPS27A;RPL3;RPS7;RPS14;RPL7A;RPL29;RPL23A;RPS18;RPL32;UBA52;RPL19;RPS13;RPS9;RPL11;MYL6,MT2A;IFITM3;HSP90AA1;FOS;S100A6;VIM;TIMP1;ZFP36;IER2;RPL36;RPS19;JUN;HSP90AB1;RPS15;TIMP3;RPS16;LGALS1;TPT1;RPLP1;FTL;RPL34;CD63;RPL18;RPLP2;RPL9;RPS8;RPL18A;RPS3;RPS28;RPL13A;RPL37A;RPL8;TMSB10;RPS5;RPS11;RPL28;RPS29;RPL14;RPL35;RPL35A;RPS24;RPL6;RPS6;RPS27A;RPL3;RPS7;RPS14;RPL7A;RPL29;RPL23A;RPS18;RPL32;UBA52;RPL19;RPS13;RPS9;RPL11;MYL6;RPL39;FAU;RPS2;EIF1;RPS27;GAPDH;RPS15A;RPL30;CALD1;RPL37;RPLP0;CST3;RPL41;RPS23;TPM2;PTMA;RPL21;EEF1A1;FTH1;FOSB;RPL12;B2M;TMSB4X;MGP;RPL15;THBS1;IGFBP7;ACTG1;MYL9;TAGLN;ACTA2,"[145, 970, 996, 1219, 1299, 1399, 1515, 1852, 2071, 2297, 2336, 2405, 2454, 2583, 2602, 2683, 2686, 2707, 2741, 3009, 3066, 3076, 3110, 3161, 3204, 3240, 3274, 3341, 3464, 3478, 3513, 3549, 3661, 3685, 3907, 3938, 4056, 4093, 4163, 4202, 4212, 4220, 4340, 4464, 4465, 4486, 4601, 4603, 4699, 4751, 4800, 4803, 4863, 4864, 4883, 4925, 5044, 5081, 5363, 5365, 5472, 5574, 5753, 5812, 5993, 6030, 6176, 6213, 6265, 6273, 6566, 6735, 6931, 7036, 7173, 7718, 7728, 7914, 8419, 8759, 8993, 9257, 10085, 10764, 11361, 11600, 16189, 16652, 17447]",Tabula_Sapiens__Lung-smooth Muscle Cell
Tabula_Sapiens,Liver-t Cell,prerank,0.5698408765576246,2.276980368753499,0.0,0.0,0.0,60_87,60/87,28.80%,CXCR4;NFKBIA;SERPINA1;HSP90AA1;IL7R;TSC22D3;SRGN;BTG1;TNFAIP3;ZFP36L2;RPS21;RPL36;RPS19;RPS15;RPS16;TPT1;RPLP1;FTL;JUND;RPL34;RPL18;RPLP2;RPL9;RPS8;RPL18A;RPS3;RPS28;RPL13A;RPL37A;RPL8;TMSB10;RPS5;RPS11;RPL28;RPL38;RPS29;RPL14;RPS20;RPL35;RPL35A;RPS24;RPL6;RPS6;RPS27A;RPL3;RPS7;RPS3A;RPS14;RPL7A;RPL29;RPL23A;RPS18;RPL32;UBA52;RPL19;RPS13;RPS9;RPSA;RPL27A;RPL11,CXCR4;NFKBIA;SERPINA1;HSP90AA1;IL7R;TSC22D3;SRGN;BTG1;TNFAIP3;ZFP36L2;RPS21;RPL36;RPS19;RPS15;RPS16;TPT1;RPLP1;FTL;JUND;RPL34;RPL18;RPLP2;RPL9;RPS8;RPL18A;RPS3;RPS28;RPL13A;RPL37A;RPL8;TMSB10;RPS5;RPS11;RPL28;RPL38;RPS29;RPL14;RPS20;RPL35;RPL35A;RPS24;RPL6;RPS6;RPS27A;RPL3;RPS7;RPS3A;RPS14;RPL7A;RPL29;RPL23A;RPS18;RPL32;UBA52;RPL19;RPS13;RPS9;RPSA;RPL27A;RPL11;RPS4X;RPL39;FAU;RPS2;EIF1;TXNIP;RPS27;RPS15A;RPL30;RPL5;RPL37;RPL41;RPS23;HLA-A;PTMA;RPL10A;RPL21;EEF1A1;FTH1;RPL12;B2M;TMSB4X;RPL15;APOB;CCL4;CALM1;ALB,"[50, 438, 459, 996, 1012, 1034, 1146, 1239, 1329, 1382, 1679, 2297, 2336, 2583, 2683, 2707, 2741, 3009, 3051, 3066, 3110, 3161, 3204, 3240, 3274, 3341, 3464, 3478, 3513, 3549, 3661, 3685, 3907, 3938, 3947, 4056, 4093, 4125, 4163, 4202, 4212, 4220, 4340, 4464, 4465, 4486, 4491, 4601, 4603, 4699, 4751, 4800, 4803, 4863, 4864, 4883, 4925, 5014, 5032, 5044, 5294, 5363, 5365, 5472, 5574, 5739, 5753, 5993, 6030, 6075, 6213, 6566, 6735, 7026, 7036, 7111, 7173, 7718, 7728, 8419, 8759, 8993, 10085, 10626, 10797, 13283, 17324]",Tabula_Sapiens__Liver-t Cell
Tabula_Sapiens,Eye-b Cell,prerank,0.5734333979861232,2.3137767238413933,0.0,0.0,0.0,66_88,66/88,30.63%,CXCR4;CD52;HLA-DRA;CD74;HSP90AA1;TSC22D3;BTG1;RPS21;RPL36;RPS19;RPS15;RPS16;TPT1;RPLP1;FTL;JUND;RPS10;RPL34;RPL18;RPLP2;RPL9;RPS8;HLA-B;RPL18A;RPS3;RPS26;RPS28;RPL13A;RPL37A;RPL8;TMSB10;RPS5;RPL27;RPS11;RPL28;RPL38;RPS29;RPL14;RPS20;RPL35;RPL35A;RPS24;RPL6;RPS6;RPS27A;RPL3;RPS7;RPS3A;RPS25;RPS14;RPL7A;RPL29;RPL23A;RPS18;RPL32;UBA52;RPL19;RPS13;RPS9;RPSA;RPL27A;RPL11;NACA;RPS4X;RPL39;FAU,CXCR4;CD52;HLA-DRA;CD74;HSP90AA1;TSC22D3;BTG1;RPS21;RPL36;RPS19;RPS15;RPS16;TPT1;RPLP1;FTL;JUND;RPS10;RPL34;RPL18;RPLP2;RPL9;RPS8;HLA-B;RPL18A;RPS3;RPS26;RPS28;RPL13A;RPL37A;RPL8;TMSB10;RPS5;RPL27;RPS11;RPL28;RPL38;RPS29;RPL14;RPS20;RPL35;RPL35A;RPS24;RPL6;RPS6;RPS27A;RPL3;RPS7;RPS3A;RPS25;RPS14;RPL7A;RPL29;RPL23A;RPS18;RPL32;UBA52;RPL19;RPS13;RPS9;RPSA;RPL27A;RPL11;NACA;RPS4X;RPL39;FAU;RPS2;EIF1;TXNIP;RPS27;RPS15A;RPL30;RPL5;RPL37;RPL41;RPS23;PTMA;RPL10A;RPL21;EEF1A1;FTH1;RPL12;B2M;TMSB4X;RPL15;EEF1B2;LCN1;RPL26,"[50, 830, 855, 908, 996, 1034, 1239, 1679, 2297, 2336, 2583, 2683, 2707, 2741, 3009, 3051, 3058, 3066, 3110, 3161, 3204, 3240, 3273, 3274, 3341, 3446, 3464, 3478, 3513, 3549, 3661, 3685, 3894, 3907, 3938, 3947, 4056, 4093, 4125, 4163, 4202, 4212, 4220, 4340, 4464, 4465, 4486, 4491, 4542, 4601, 4603, 4699, 4751, 4800, 4803, 4863, 4864, 4883, 4925, 5014, 5032, 5044, 5174, 5294, 5363, 5365, 5472, 5574, 5739, 5753, 5993, 6030, 6075, 6213, 6566, 6735, 7036, 7111, 7173, 7718, 7728, 8419, 8759, 8993, 10085, 11512, 16185, 16730]",Tabula_Sapiens__Eye-b Cell
Tabula_Sapiens,Uterus-b Cell,prerank,0.6052192083701082,2.421819424864574,0.0,0.0,0.0,67_90,67/90,30.63%,HSPA1A;MZB1;NFKBIA;CYBA;HLA-DRA;CD74;HSP90AA1;TSC22D3;VIM;RPS21;SERF2;HERPUD1;RPL36;RPS19;JUN;RPS15;RPS16;TPT1;RPLP1;FTL;JUND;RPL34;RPL18;RPLP2;RPL9;RPS8;HLA-B;RPL18A;RPS3;RPS26;RPS28;RPL13A;RPL37A;RPL8;TMSB10;RPS5;RPS11;RPL28;RPS29;RPL14;RPL35;RPL35A;RPS24;RPL6;RPS6;RPS27A;RPL3;RPS7;RPS3A;RPS25;RPS14;RPL7A;RPL29;RPL23A;RPS18;RPL32;UBA52;RPL19;RPS13;RPS9;RPSA;RPL27A;RPL11;NACA;RPS4X;RPL39;FAU,HSPA1A;MZB1;NFKBIA;CYBA;HLA-DRA;CD74;HSP90AA1;TSC22D3;VIM;RPS21;SERF2;HERPUD1;RPL36;RPS19;JUN;RPS15;RPS16;TPT1;RPLP1;FTL;JUND;RPL34;RPL18;RPLP2;RPL9;RPS8;HLA-B;RPL18A;RPS3;RPS26;RPS28;RPL13A;RPL37A;RPL8;TMSB10;RPS5;RPS11;RPL28;RPS29;RPL14;RPL35;RPL35A;RPS24;RPL6;RPS6;RPS27A;RPL3;RPS7;RPS3A;RPS25;RPS14;RPL7A;RPL29;RPL23A;RPS18;RPL32;UBA52;RPL19;RPS13;RPS9;RPSA;RPL27A;RPL11;NACA;RPS4X;RPL39;FAU;RPS2;EIF1;RPS27;RPS15A;RPL30;RPL5;RPL37;RPL41;RPS23;SSR4;HLA-A;PTMA;RPL10A;RPL21;EEF1A1;FTH1;RPL12;B2M;TMSB4X;RPL15;EEF1B2;ACTG1;RPL26,"[2, 75, 438, 470, 855, 908, 996, 1034, 1399, 1679, 2068, 2276, 2297, 2336, 2405, 2583, 2683, 2707, 2741, 3009, 3051, 3066, 3110, 3161, 3204, 3240, 3273, 3274, 3341, 3446, 3464, 3478, 3513, 3549, 3661, 3685, 3907, 3938, 4056, 4093, 4163, 4202, 4212, 4220, 4340, 4464, 4465, 4486, 4491, 4542, 4601, 4603, 4699, 4751, 4800, 4803, 4863, 4864, 4883, 4925, 5014, 5032, 5044, 5174, 5294, 5363, 5365, 5472, 5574, 5753, 5993, 6030, 6075, 6213, 6566, 6735, 6863, 7026, 7036, 7111, 7173, 7718, 7728, 8419, 8759, 8993, 10085, 11512, 11600, 16730]",Tabula_Sapiens__Uterus-b Cell
Tabula_Sapiens,Blood-t Cell,prerank,0.5586816800169752,2.245317238182508,0.0,0.0,0.0,64_88,64/88,30.63%,S100A8;S100A4;LYZ;S100A9;FOS;BTG1;S100A6;VIM;RPS21;CTSS;RPL36;RPS19;RPS15;RPS16;TPT1;RPLP1;SH3BGRL3;FTL;RPL34;OAZ1;RPL18;RPLP2;VCAN;RPL9;RPS8;RPL18A;RPS3;RPS28;RPL13A;RPL37A;RPL8;TMSB10;RPS5;RPS11;RPL28;RPS29;RPL14;RPS20;RPL35A;RPS24;RPL6;RPS6;RPS27A;RPL3;RPS7;RPS3A;RPS25;RPS14;RPL7A;RPL29;RPL23A;RPS18;RPL32;UBA52;RPL19;RPS13;RPS9;RPSA;RPL27A;RPL11;NACA;RPS4X;RPL39;FAU,S100A8;S100A4;LYZ;S100A9;FOS;BTG1;S100A6;VIM;RPS21;CTSS;RPL36;RPS19;RPS15;RPS16;TPT1;RPLP1;SH3BGRL3;FTL;RPL34;OAZ1;RPL18;RPLP2;VCAN;RPL9;RPS8;RPL18A;RPS3;RPS28;RPL13A;RPL37A;RPL8;TMSB10;RPS5;RPS11;RPL28;RPS29;RPL14;RPS20;RPL35A;RPS24;RPL6;RPS6;RPS27A;RPL3;RPS7;RPS3A;RPS25;RPS14;RPL7A;RPL29;RPL23A;RPS18;RPL32;UBA52;RPL19;RPS13;RPS9;RPSA;RPL27A;RPL11;NACA;RPS4X;RPL39;FAU;RPS2;EIF1;TXNIP;RPS27;GAPDH;RPS15A;RPL30;RPL5;RPL37;CST3;RPL41;RPS23;HLA-A;PTMA;RPL10A;RPL21;EEF1A1;FTH1;RPL12;B2M;TMSB4X;RPL15;RPL26;HBA2,"[157, 245, 574, 820, 1219, 1239, 1299, 1399, 1679, 1687, 2297, 2336, 2583, 2683, 2707, 2741, 2777, 3009, 3066, 3070, 3110, 3161, 3195, 3204, 3240, 3274, 3341, 3464, 3478, 3513, 3549, 3661, 3685, 3907, 3938, 4056, 4093, 4125, 4202, 4212, 4220, 4340, 4464, 4465, 4486, 4491, 4542, 4601, 4603, 4699, 4751, 4800, 4803, 4863, 4864, 4883, 4925, 5014, 5032, 5044, 5174, 5294, 5363, 5365, 5472, 5574, 5739, 5753, 5812, 5993, 6030, 6075, 6213, 6273, 6566, 6735, 7026, 7036, 7111, 7173, 7718, 7728, 8419, 8759, 8993, 10085, 16730, 17205]",Tabula_Sapiens__Blood-t Cell
Tabula_Sapiens,Lung-respiratory Mucous Cell,prerank,0.5809053527374388,2.318746102717125,0.0,0.0,0.0,60_84,60/84,28.80%,SLPI;NFKBIA;CP;CLU;LCN2;S100A9;CD74;HSP90AA1;KRT19;FOS;S100A6;SFTPB;BPIFB1;RPS21;XBP1;ZFP36;SERF2;RPL36;RPS19;JUN;RPS15;RPS16;TPT1;RPLP1;GSTP1;FTL;RPL34;RPL18;RPLP2;RPS8;RPL18A;RPS3;RPS28;RPL13A;RPL37A;MGST1;KLF6;RPL8;TMSB10;RPS5;SCGB1A1;RPS11;RPL28;RPS29;RPL35;RPL35A;RPS24;RPS6;RPS27A;RPL3;RPS7;RPS14;RPL7A;RPL29;RPS18;RPL32;RPL19;RPS9;RPL27A;RPL11,SLPI;NFKBIA;CP;CLU;LCN2;S100A9;CD74;HSP90AA1;KRT19;FOS;S100A6;SFTPB;BPIFB1;RPS21;XBP1;ZFP36;SERF2;RPL36;RPS19;JUN;RPS15;RPS16;TPT1;RPLP1;GSTP1;FTL;RPL34;RPL18;RPLP2;RPS8;RPL18A;RPS3;RPS28;RPL13A;RPL37A;MGST1;KLF6;RPL8;TMSB10;RPS5;SCGB1A1;RPS11;RPL28;RPS29;RPL35;RPL35A;RPS24;RPS6;RPS27A;RPL3;RPS7;RPS14;RPL7A;RPL29;RPS18;RPL32;RPL19;RPS9;RPL27A;RPL11;LTF;RPL39;FAU;RPS2;RPS27;RPS15A;RPL30;RPL37;RPL41;RPS23;SSR4;PTMA;RPL21;EEF1A1;FTH1;WFDC2;RPL12;B2M;RPL15;SCGB3A1;RARRES1;CYB5A;KRT7;MUC5B,"[42, 438, 546, 751, 756, 820, 908, 996, 1151, 1219, 1299, 1462, 1569, 1679, 1799, 1852, 2068, 2297, 2336, 2405, 2583, 2683, 2707, 2741, 2918, 3009, 3066, 3110, 3161, 3240, 3274, 3341, 3464, 3478, 3513, 3531, 3544, 3549, 3661, 3685, 3821, 3907, 3938, 4056, 4163, 4202, 4212, 4340, 4464, 4465, 4486, 4601, 4603, 4699, 4800, 4803, 4864, 4925, 5032, 5044, 5338, 5363, 5365, 5472, 5753, 5993, 6030, 6213, 6566, 6735, 6863, 7036, 7173, 7718, 7728, 7784, 8419, 8759, 10085, 11110, 12374, 14314, 16393, 16962]",Tabula_Sapiens__Lung-respiratory Mucous Cell
Tabula_Sapiens,"Blood-cd4-positive, Alpha-Beta T Cell",prerank,0.5679341066551864,2.296075465702057,0.0,0.0,0.0,74_90,74/90,34.88%,S100A4;IL32;BTG1;VIM;RPS21;RPL36;RPS19;RPS15;RPS16;TPT1;RPLP1;FTL;RPS10;RPL34;RPL18;RPLP2;RPL9;RPS8;HLA-B;RPL18A;RPS3;RPS26;RPS28;RPL13A;RPL37A;RPL8;TMSB10;RPS5;RPL27;RPS11;RPL28;RPL38;RPS29;RPL14;RPS20;RPL35;RPL35A;RPS24;RPL6;RPS6;RPS27A;RPL3;RPS7;RPS3A;RPS25;RPS14;RPL7A;RPL29;RPL23A;RPS18;RPL32;UBA52;RPL19;RPS13;RPS9;RPL7;RPSA;RPL27A;HLA-C;RPL11;NACA;RPS4X;RPL4;RPL39;FAU;RPS2;EIF1;TXNIP;RPS27;RPS15A;RPL30;LTB;RPL5;RPL22,S100A4;IL32;BTG1;VIM;RPS21;RPL36;RPS19;RPS15;RPS16;TPT1;RPLP1;FTL;RPS10;RPL34;RPL18;RPLP2;RPL9;RPS8;HLA-B;RPL18A;RPS3;RPS26;RPS28;RPL13A;RPL37A;RPL8;TMSB10;RPS5;RPL27;RPS11;RPL28;RPL38;RPS29;RPL14;RPS20;RPL35;RPL35A;RPS24;RPL6;RPS6;RPS27A;RPL3;RPS7;RPS3A;RPS25;RPS14;RPL7A;RPL29;RPL23A;RPS18;RPL32;UBA52;RPL19;RPS13;RPS9;RPL7;RPSA;RPL27A;HLA-C;RPL11;NACA;RPS4X;RPL4;RPL39;FAU;RPS2;EIF1;TXNIP;RPS27;RPS15A;RPL30;LTB;RPL5;RPL22;RPL37;RPLP0;RPL41;RPS23;HLA-A;PTMA;RPL10A;RPL21;EEF1A1;RPL12;B2M;TMSB4X;RPL15;EEF1B2;ACTG1;RPL26,"[245, 314, 1239, 1399, 1679, 2297, 2336, 2583, 2683, 2707, 2741, 3009, 3058, 3066, 3110, 3161, 3204, 3240, 3273, 3274, 3341, 3446, 3464, 3478, 3513, 3549, 3661, 3685, 3894, 3907, 3938, 3947, 4056, 4093, 4125, 4163, 4202, 4212, 4220, 4340, 4464, 4465, 4486, 4491, 4542, 4601, 4603, 4699, 4751, 4800, 4803, 4863, 4864, 4883, 4925, 4984, 5014, 5032, 5034, 5044, 5174, 5294, 5360, 5363, 5365, 5472, 5574, 5739, 5753, 5993, 6030, 6057, 6075, 6109, 6213, 6265, 6566, 6735, 7026, 7036, 7111, 7173, 7718, 8419, 8759, 8993, 10085, 11512, 11600, 16730]","Tabula_Sapiens__Blood-cd4-positive, Alpha-Beta T Cell"
Tabula_Sapiens,Thymus-fast Muscle Cell,prerank,0.5497659939294104,2.202333287679898,0.0,0.0,0.0,56_87,56/87,28.80%,HSPB1;TCAP;MT2A;FKBP5;TNNI2;MT1E;MT1X;YBX3;CKM;TNNT3;CRYAB;HSP90AA1;FOS;MYBPC1;COX6A2;ZFP36;PDK4;RPS19;TRDN;ADIRF;RPS15;RPS16;TPT1;RPLP1;TNNC2;RPL34;RPL18;RPLP2;RPL9;RPS8;RPL18A;RPS28;RPL13A;RPL37A;RPL8;YBX1;RPS11;RPL38;RPL35;RPL35A;RPS24;RPS6;RPS27A;RPS3A;RPS25;RPS14;RPL7A;RPL29;RPL23A;RPS18;RPL32;RPL19;RPS13;RPS9;RPL27A;RPL11,HSPB1;TCAP;MT2A;FKBP5;TNNI2;MT1E;MT1X;YBX3;CKM;TNNT3;CRYAB;HSP90AA1;FOS;MYBPC1;COX6A2;ZFP36;PDK4;RPS19;TRDN;ADIRF;RPS15;RPS16;TPT1;RPLP1;TNNC2;RPL34;RPL18;RPLP2;RPL9;RPS8;RPL18A;RPS28;RPL13A;RPL37A;RPL8;YBX1;RPS11;RPL38;RPL35;RPL35A;RPS24;RPS6;RPS27A;RPS3A;RPS25;RPS14;RPL7A;RPL29;RPL23A;RPS18;RPL32;RPL19;RPS13;RPS9;RPL27A;RPL11;RPS4X;RPL39;FAU;RPS2;EIF1;TXNIP;RPS27;GAPDH;RPS15A;RPL30;NEB;RPL37;COX7A1;RPL41;RPS23;NDUFA4;UQCRB;EEF1A1;FTH1;RPL12;EEF2;SOD2;BTG2;SLC25A4;RPL15;MB;CMYA5;TPM1;SYNPO2;EGR1;DES,"[4, 40, 145, 215, 274, 308, 318, 466, 487, 947, 969, 996, 1219, 1479, 1615, 1852, 2104, 2336, 2490, 2504, 2583, 2683, 2707, 2741, 3060, 3066, 3110, 3161, 3204, 3240, 3274, 3464, 3478, 3513, 3549, 3681, 3907, 3947, 4163, 4202, 4212, 4340, 4464, 4491, 4542, 4601, 4603, 4699, 4751, 4800, 4803, 4864, 4883, 4925, 5032, 5044, 5294, 5363, 5365, 5472, 5574, 5739, 5753, 5812, 5993, 6030, 6051, 6213, 6484, 6566, 6735, 7461, 7589, 7718, 7728, 8419, 9092, 9365, 9417, 9429, 10085, 11474, 12955, 14533, 15843, 17016, 17091]",Tabula_Sapiens__Thymus-fast Muscle Cell
Tabula_Sapiens,Salivary Gland-basal Cell,prerank,0.5519267360281213,2.234097010073757,0.0,0.0,0.0,63_88,63/88,30.63%,SLPI;CLU;LCN2;HSP90AA1;S100A11;KRT19;FOS;S100A6;DEFB1;RPS21;RPL36;RPS19;JUN;HSP90AB1;RPS15;RPS16;TPT1;RPLP1;FTL;RPL34;RPL18;RPLP2;RPL9;RPS8;RPL18A;RPS3;RPS28;RPL13A;RPL37A;RPL8;TMSB10;RPS5;RPS11;RPL28;RPS29;RPL14;RPS20;RPL35A;RPS24;RPL6;RPS6;RPS27A;RPL3;RPS7;RPS3A;RPS14;RPL7A;RPL29;RPL23A;RPS18;RPL32;UBA52;RPL19;RPS13;RPS9;RPL7;RPSA;RPL27A;RPL11;NACA;RPS4X;RPL39;FAU,SLPI;CLU;LCN2;HSP90AA1;S100A11;KRT19;FOS;S100A6;DEFB1;RPS21;RPL36;RPS19;JUN;HSP90AB1;RPS15;RPS16;TPT1;RPLP1;FTL;RPL34;RPL18;RPLP2;RPL9;RPS8;RPL18A;RPS3;RPS28;RPL13A;RPL37A;RPL8;TMSB10;RPS5;RPS11;RPL28;RPS29;RPL14;RPS20;RPL35A;RPS24;RPL6;RPS6;RPS27A;RPL3;RPS7;RPS3A;RPS14;RPL7A;RPL29;RPL23A;RPS18;RPL32;UBA52;RPL19;RPS13;RPS9;RPL7;RPSA;RPL27A;RPL11;NACA;RPS4X;RPL39;FAU;RPS2;EIF1;RPS27;GAPDH;RPS15A;RPL30;RPL5;RPL37;RPLP0;RPL41;RPS23;PTMA;RPL10A;RPL21;EEF1A1;FTH1;WFDC2;FOSB;RPL12;B2M;RPL15;ACTG1;KRT17;KRT7;TACSTD2,"[42, 751, 756, 996, 1102, 1151, 1219, 1299, 1486, 1679, 2297, 2336, 2405, 2454, 2583, 2683, 2707, 2741, 3009, 3066, 3110, 3161, 3204, 3240, 3274, 3341, 3464, 3478, 3513, 3549, 3661, 3685, 3907, 3938, 4056, 4093, 4125, 4202, 4212, 4220, 4340, 4464, 4465, 4486, 4491, 4601, 4603, 4699, 4751, 4800, 4803, 4863, 4864, 4883, 4925, 4984, 5014, 5032, 5044, 5174, 5294, 5363, 5365, 5472, 5574, 5753, 5812, 5993, 6030, 6075, 6213, 6265, 6566, 6735, 7036, 7111, 7173, 7718, 7728, 7784, 7914, 8419, 8759, 10085, 11600, 13183, 16393, 17189]",Tabula_Sapiens__Salivary Gland-basal Cell
Tabula_Sapiens,Mammary-b Cell,prerank,0.5852105471427166,2.3593357777503883,0.0,0.0,0.0,71_90,71/90,33.18%,CXCR4;HLA-DRA;CD74;LAPTM5;BTG1;RPS21;EEF1D;HERPUD1;RPL36;RPS19;RPS15;RPS16;TPT1;RPLP1;FTL;RPS10;RPL34;OAZ1;RPL18;RPLP2;RPL9;RPS8;HLA-B;RPL18A;RPS3;RPS26;RPS28;RPL13A;RPL37A;RPL8;TMSB10;RPS5;RPL27;RPS11;RPL28;RPS29;RPL14;RPS20;RPL35;RPL35A;RPS24;RPL6;RPS6;RPS27A;RPL3;RPS7;RPS3A;RPS25;RPS14;RPL7A;RPL29;RPL23A;RPS18;RPL32;UBA52;RPL19;RPS13;RPS9;PFDN5;RPSA;RPL27A;RPL11;NACA;RPS4X;RPL39;FAU;RPS2;EIF1;TXNIP;RPS27;GAPDH,CXCR4;HLA-DRA;CD74;LAPTM5;BTG1;RPS21;EEF1D;HERPUD1;RPL36;RPS19;RPS15;RPS16;TPT1;RPLP1;FTL;RPS10;RPL34;OAZ1;RPL18;RPLP2;RPL9;RPS8;HLA-B;RPL18A;RPS3;RPS26;RPS28;RPL13A;RPL37A;RPL8;TMSB10;RPS5;RPL27;RPS11;RPL28;RPS29;RPL14;RPS20;RPL35;RPL35A;RPS24;RPL6;RPS6;RPS27A;RPL3;RPS7;RPS3A;RPS25;RPS14;RPL7A;RPL29;RPL23A;RPS18;RPL32;UBA52;RPL19;RPS13;RPS9;PFDN5;RPSA;RPL27A;RPL11;NACA;RPS4X;RPL39;FAU;RPS2;EIF1;TXNIP;RPS27;GAPDH;RPS15A;RPL30;RPL5;RPL37;RPLP0;RPL41;RPS23;HLA-A;PTMA;RPL10A;RPL21;EEF1A1;FTH1;RPL12;B2M;TMSB4X;RPL15;EEF1B2;RPL26,"[50, 855, 908, 919, 1239, 1679, 1776, 2276, 2297, 2336, 2583, 2683, 2707, 2741, 3009, 3058, 3066, 3070, 3110, 3161, 3204, 3240, 3273, 3274, 3341, 3446, 3464, 3478, 3513, 3549, 3661, 3685, 3894, 3907, 3938, 4056, 4093, 4125, 4163, 4202, 4212, 4220, 4340, 4464, 4465, 4486, 4491, 4542, 4601, 4603, 4699, 4751, 4800, 4803, 4863, 4864, 4883, 4925, 5007, 5014, 5032, 5044, 5174, 5294, 5363, 5365, 5472, 5574, 5739, 5753, 5812, 5993, 6030, 6075, 6213, 6265, 6566, 6735, 7026, 7036, 7111, 7173, 7718, 7728, 8419, 8759, 8993, 10085, 11512, 16730]",Tabula_Sapiens__Mammary-b Cell
Tabula_Sapiens,Small Intestine-transit Amplifying Cell Of Small Intestine,prerank,0.5777071367802945,2.302742866706109,0.0,0.0,0.0,62_85,62/85,30.63%,HSPA1A;MT2A;MT1G;HSP90AA1;KRT19;FOS;KRT8;RPS21;RPL36;RPS19;JUN;HSP90AB1;RPS15;RPS16;TPT1;RPLP1;GSTP1;FTL;RPL34;RPL18;RPLP2;RPL9;RPS8;RPL18A;RPS3;RPS26;RPS28;RPL13A;RPL37A;KLF6;RPL8;TMSB10;RPS5;RPS11;RPL28;RPS29;RPL14;RPS20;RPL35;RPL35A;RPS24;RPL6;RPS6;RPS27A;RPL3;RPS7;RPS3A;RPS14;RPL7A;RPL29;RPS18;RPL32;RPL19;RPS13;RPS9;RPSA;RPL27A;RPL11;NACA;RPS4X;RPL39;FAU,HSPA1A;MT2A;MT1G;HSP90AA1;KRT19;FOS;KRT8;RPS21;RPL36;RPS19;JUN;HSP90AB1;RPS15;RPS16;TPT1;RPLP1;GSTP1;FTL;RPL34;RPL18;RPLP2;RPL9;RPS8;RPL18A;RPS3;RPS26;RPS28;RPL13A;RPL37A;KLF6;RPL8;TMSB10;RPS5;RPS11;RPL28;RPS29;RPL14;RPS20;RPL35;RPL35A;RPS24;RPL6;RPS6;RPS27A;RPL3;RPS7;RPS3A;RPS14;RPL7A;RPL29;RPS18;RPL32;RPL19;RPS13;RPS9;RPSA;RPL27A;RPL11;NACA;RPS4X;RPL39;FAU;RPS2;RPS27;GAPDH;RPS15A;RPL30;RPL5;RPL37;LGALS4;RPLP0;RPL41;RPS23;PTMA;RPL10A;RPL21;EEF1A1;FTH1;RPL12;RPL15;EEF1B2;ACTG1;OLFM4;CALM1;RPL26,"[2, 145, 165, 996, 1151, 1219, 1580, 1679, 2297, 2336, 2405, 2454, 2583, 2683, 2707, 2741, 2918, 3009, 3066, 3110, 3161, 3204, 3240, 3274, 3341, 3446, 3464, 3478, 3513, 3544, 3549, 3661, 3685, 3907, 3938, 4056, 4093, 4125, 4163, 4202, 4212, 4220, 4340, 4464, 4465, 4486, 4491, 4601, 4603, 4699, 4800, 4803, 4864, 4883, 4925, 5014, 5032, 5044, 5174, 5294, 5363, 5365, 5472, 5753, 5812, 5993, 6030, 6075, 6213, 6251, 6265, 6566, 6735, 7036, 7111, 7173, 7718, 7728, 8419, 10085, 11512, 11600, 12812, 13283, 16730]",Tabula_Sapiens__Small Intestine-transit Amplifying Cell Of Small Intestine
Tabula_Sapiens,Lung-macrophage,prerank,0.6066833906603275,2.4138381640673416,0.0,0.0,0.0,63_89,63/89,29.01%,C1QA;S100A4;C1QB;CEBPB;CYBA;LYZ;TYROBP;S100A9;CD52;HLA-DRA;FCER1G;CD74;TSPO;HSP90AA1;ALOX5AP;S100A11;S100A6;GRN;VIM;ANXA2;S100A10;CTSS;HLA-DPA1;SERF2;RPS19;GPX1;RPS15;RPS16;CSTB;TPT1;RPLP1;ACP5;FTL;RPL34;OAZ1;CD63;RPL18;RPS8;RPL18A;RPS3;RPL13A;RPL8;TMSB10;YBX1;APOC1;CD81;APOE;RPL28;RPS24;RPS27A;RPL3;RPS14;RPL7A;CTSD;RPL29;RPS18;RPL32;UBA52;RPL19;RPS13;RPS9;RPL11;MYL6,C1QA;S100A4;C1QB;CEBPB;CYBA;LYZ;TYROBP;S100A9;CD52;HLA-DRA;FCER1G;CD74;TSPO;HSP90AA1;ALOX5AP;S100A11;S100A6;GRN;VIM;ANXA2;S100A10;CTSS;HLA-DPA1;SERF2;RPS19;GPX1;RPS15;RPS16;CSTB;TPT1;RPLP1;ACP5;FTL;RPL34;OAZ1;CD63;RPL18;RPS8;RPL18A;RPS3;RPL13A;RPL8;TMSB10;YBX1;APOC1;CD81;APOE;RPL28;RPS24;RPS27A;RPL3;RPS14;RPL7A;CTSD;RPL29;RPS18;RPL32;UBA52;RPL19;RPS13;RPS9;RPL11;MYL6;RPS4X;FAU;UBB;RPS2;LGALS3;EIF1;RPS27;RPS15A;RPL30;RPL41;RPS23;FBP1;HLA-A;PTMA;EEF1A1;FTH1;RPL12;B2M;TMSB4X;FABP4;RPL15;ACTG1;FN1;CHIT1;FABP5;CD9,"[196, 245, 399, 464, 470, 574, 656, 820, 830, 855, 857, 908, 915, 996, 1045, 1102, 1299, 1328, 1399, 1542, 1551, 1687, 1918, 2068, 2336, 2540, 2583, 2683, 2706, 2707, 2741, 2930, 3009, 3066, 3070, 3076, 3110, 3240, 3274, 3341, 3478, 3549, 3661, 3681, 3747, 3757, 3783, 3938, 4212, 4464, 4465, 4601, 4603, 4656, 4699, 4800, 4803, 4863, 4864, 4883, 4925, 5044, 5081, 5294, 5365, 5432, 5472, 5562, 5574, 5753, 5993, 6030, 6566, 6735, 7002, 7026, 7036, 7718, 7728, 8419, 8759, 8993, 9876, 10085, 11600, 12440, 13403, 14946, 15173]",Tabula_Sapiens__Lung-macrophage
Tabula_Sapiens,Salivary Gland-adventitial Cell,prerank,0.5858611062201493,2.276335977662701,0.0,0.0,0.0,55_83,55/83,28.12%,MT2A;MT1E;FBLN1;MT1X;C3;ADH1B;CLU;IFITM3;IGFBP6;FOS;S100A6;DCN;VIM;C1R;MFAP5;COL6A2;IGFBP5;CILP;COL1A2;SERPING1;RPS19;JUN;APOD;RPS15;TIMP3;RPS16;TPT1;RPLP1;GLUL;C1S;FTL;RPL34;RPL18;RPLP2;RPL9;RPS8;RPL18A;RPS28;RPL13A;RPL37A;RPL8;RPS11;RPL28;RPL35A;RPS24;RPS6;RPS27A;RPL3;RPS14;RPL7A;RPL29;RPS18;RPL32;RPL19;RPS9,MT2A;MT1E;FBLN1;MT1X;C3;ADH1B;CLU;IFITM3;IGFBP6;FOS;S100A6;DCN;VIM;C1R;MFAP5;COL6A2;IGFBP5;CILP;COL1A2;SERPING1;RPS19;JUN;APOD;RPS15;TIMP3;RPS16;TPT1;RPLP1;GLUL;C1S;FTL;RPL34;RPL18;RPLP2;RPL9;RPS8;RPL18A;RPS28;RPL13A;RPL37A;RPL8;RPS11;RPL28;RPL35A;RPS24;RPS6;RPS27A;RPL3;RPS14;RPL7A;RPL29;RPS18;RPL32;RPL19;RPS9;RPL11;RPS4X;RPL39;GSN;RPS2;EIF1;TXNIP;RPS27;RPL30;SERPINF1;RPL37;RPLP0;CST3;RPL41;RPS23;RPL10A;RPL21;EEF1A1;FTH1;SPARCL1;GPX3;RPL12;MGP;COL6A3;IGFBP7;MMP2;CCDC80;IGF1,"[145, 308, 317, 318, 554, 648, 751, 970, 1105, 1219, 1299, 1395, 1399, 1505, 1516, 1579, 1810, 1818, 2167, 2181, 2336, 2405, 2562, 2583, 2602, 2683, 2707, 2741, 2868, 3007, 3009, 3066, 3110, 3161, 3204, 3240, 3274, 3464, 3478, 3513, 3549, 3907, 3938, 4202, 4212, 4340, 4464, 4465, 4601, 4603, 4699, 4800, 4803, 4864, 4925, 5044, 5294, 5363, 5373, 5472, 5574, 5739, 5753, 6030, 6107, 6213, 6265, 6273, 6566, 6735, 7111, 7173, 7718, 7728, 7992, 7997, 8419, 9257, 9939, 11361, 14153, 16375, 16385]",Tabula_Sapiens__Salivary Gland-adventitial Cell
Tabula_Sapiens,Salivary Gland-cd4-positive Helper T Cell,prerank,0.578565848591451,2.29726276544309,0.0,0.0,0.0,69_89,69/89,32.85%,CXCR4;IL7R;FOS;BTG1;ZFP36L2;RPS21;EEF1D;RPL36;RPS19;RPS15;RPS16;TPT1;RPLP1;FTL;RPS10;RPL34;RPL18;RPLP2;RPL9;RPS8;RPL18A;RPS3;RPS28;RPL13A;RPL37A;RPL8;RPL31;TMSB10;RPS5;RPL27;RPS11;RPL28;RPL38;RPS29;RPL14;RPS20;RPL35;RPL35A;RPS24;RPL6;RPS6;RPS27A;RPL3;RPS7;RPS3A;RPS25;RPS14;RPL7A;RPL29;RPL23A;RPS18;RPL32;UBA52;RPL19;RPS13;RPS9;RPL7;RPSA;RPL27A;RPL11;NACA;RPS4X;RPL4;RPL39;FAU;RPS2;EIF1;TXNIP;RPS27,CXCR4;IL7R;FOS;BTG1;ZFP36L2;RPS21;EEF1D;RPL36;RPS19;RPS15;RPS16;TPT1;RPLP1;FTL;RPS10;RPL34;RPL18;RPLP2;RPL9;RPS8;RPL18A;RPS3;RPS28;RPL13A;RPL37A;RPL8;RPL31;TMSB10;RPS5;RPL27;RPS11;RPL28;RPL38;RPS29;RPL14;RPS20;RPL35;RPL35A;RPS24;RPL6;RPS6;RPS27A;RPL3;RPS7;RPS3A;RPS25;RPS14;RPL7A;RPL29;RPL23A;RPS18;RPL32;UBA52;RPL19;RPS13;RPS9;RPL7;RPSA;RPL27A;RPL11;NACA;RPS4X;RPL4;RPL39;FAU;RPS2;EIF1;TXNIP;RPS27;RPS15A;RPL30;RPL5;RPL22;RPL37;RPLP0;PABPC1;RPL41;RPS23;PTMA;RPL10A;RPL21;EEF1A1;FTH1;RPL12;B2M;TMSB4X;RPL15;EEF1B2;RPL26,"[50, 1012, 1219, 1239, 1382, 1679, 1776, 2297, 2336, 2583, 2683, 2707, 2741, 3009, 3058, 3066, 3110, 3161, 3204, 3240, 3274, 3341, 3464, 3478, 3513, 3549, 3614, 3661, 3685, 3894, 3907, 3938, 3947, 4056, 4093, 4125, 4163, 4202, 4212, 4220, 4340, 4464, 4465, 4486, 4491, 4542, 4601, 4603, 4699, 4751, 4800, 4803, 4863, 4864, 4883, 4925, 4984, 5014, 5032, 5044, 5174, 5294, 5360, 5363, 5365, 5472, 5574, 5739, 5753, 5993, 6030, 6075, 6109, 6213, 6265, 6350, 6566, 6735, 7036, 7111, 7173, 7718, 7728, 8419, 8759, 8993, 10085, 11512, 16730]",Tabula_Sapiens__Salivary Gland-cd4-positive Helper T Cell
Tabula_Sapiens,Skin-endothelial Cell,prerank,0.5596373583864315,2.2235971690209615,0.0,0.0,0.0,61_88,61/88,30.63%,MT2A;NFKBIA;CCL2;TM4SF1;CD74;S100A6;VIM;RPS21;SERPINE1;IER3;RPL36;RPS19;HSP90AB1;RPS15;RPS16;TPT1;RPLP1;HLA-E;FTL;RPS10;RPL34;RPL18;RPLP2;RPL9;RPS8;HLA-B;RPL18A;RPS3;RPS28;RPL13A;RPL37A;RPL8;TMSB10;RPS5;RPL28;RPS29;RPL14;RPL35;RPL35A;RPS24;RPL6;RPS6;RPS27A;RPL3;RPS7;RPS3A;RPS25;RPS14;RPL7A;RPL29;RPL23A;RPS18;RPL32;RPL19;RPS13;RPS9;RPL11;MYL6;RPS4X;RPL39;FAU,MT2A;NFKBIA;CCL2;TM4SF1;CD74;S100A6;VIM;RPS21;SERPINE1;IER3;RPL36;RPS19;HSP90AB1;RPS15;RPS16;TPT1;RPLP1;HLA-E;FTL;RPS10;RPL34;RPL18;RPLP2;RPL9;RPS8;HLA-B;RPL18A;RPS3;RPS28;RPL13A;RPL37A;RPL8;TMSB10;RPS5;RPL28;RPS29;RPL14;RPL35;RPL35A;RPS24;RPL6;RPS6;RPS27A;RPL3;RPS7;RPS3A;RPS25;RPS14;RPL7A;RPL29;RPL23A;RPS18;RPL32;RPL19;RPS13;RPS9;RPL11;MYL6;RPS4X;RPL39;FAU;RPS2;EIF1;RPS27;GAPDH;RPS15A;RPL30;RPL5;RPL37;RPLP0;RPL41;RPS23;HLA-A;PTMA;RPL10A;RPL21;EEF1A1;FTH1;SPARCL1;RPL12;B2M;TMSB4X;SOD2;RPL15;ACTG1;CAV1;SELE;RPL26,"[145, 438, 636, 694, 908, 1299, 1399, 1679, 1969, 2252, 2297, 2336, 2454, 2583, 2683, 2707, 2741, 2908, 3009, 3058, 3066, 3110, 3161, 3204, 3240, 3273, 3274, 3341, 3464, 3478, 3513, 3549, 3661, 3685, 3938, 4056, 4093, 4163, 4202, 4212, 4220, 4340, 4464, 4465, 4486, 4491, 4542, 4601, 4603, 4699, 4751, 4800, 4803, 4864, 4883, 4925, 5044, 5081, 5294, 5363, 5365, 5472, 5574, 5753, 5812, 5993, 6030, 6075, 6213, 6265, 6566, 6735, 7026, 7036, 7111, 7173, 7718, 7728, 7992, 8419, 8759, 8993, 9365, 10085, 11600, 13967, 14111, 16730]",Tabula_Sapiens__Skin-endothelial Cell
Tabula_Sapiens,Small Intestine-plasma Cell,prerank,0.5820352644282455,2.310897902713323,0.0,0.0,0.0,63_85,63/85,30.63%,DDIT4;MZB1;CYBA;EZR;HSP90AA1;TSC22D3;VIM;RPS21;HERPUD1;RPL36;RPS19;JUN;RPS15;RPS16;TPT1;RPLP1;FTL;JUND;RPL34;RPL18;RPLP2;RPL9;RPS8;HLA-B;RPL18A;RPS3;RPS28;RPL13A;RPL37A;RPL8;RPS5;RPS11;RPL28;RPS29;RPL14;RPL35;RPL35A;RPS24;RPL6;RPS6;RPS27A;RPL3;RPS7;RPS3A;RPS25;RPS14;RPL7A;RPL29;RPL23A;RPS18;RPL32;UBA52;RPL19;RPS13;LMNA;RPS9;RPL27A;HLA-C;RPL11;NACA;RPS4X;RPL39;FAU,DDIT4;MZB1;CYBA;EZR;HSP90AA1;TSC22D3;VIM;RPS21;HERPUD1;RPL36;RPS19;JUN;RPS15;RPS16;TPT1;RPLP1;FTL;JUND;RPL34;RPL18;RPLP2;RPL9;RPS8;HLA-B;RPL18A;RPS3;RPS28;RPL13A;RPL37A;RPL8;RPS5;RPS11;RPL28;RPS29;RPL14;RPL35;RPL35A;RPS24;RPL6;RPS6;RPS27A;RPL3;RPS7;RPS3A;RPS25;RPS14;RPL7A;RPL29;RPL23A;RPS18;RPL32;UBA52;RPL19;RPS13;LMNA;RPS9;RPL27A;HLA-C;RPL11;NACA;RPS4X;RPL39;FAU;RPS2;EIF1;HSP90B1;RPS27;RPS15A;RPL30;RPL5;RPL37;RPLP0;RPL41;RPS23;SSR4;RPL10A;RPL21;CCL3;EEF1A1;RPL12;B2M;RPL15;EEF1B2;DUSP5;RPL26,"[17, 75, 470, 669, 996, 1034, 1399, 1679, 2276, 2297, 2336, 2405, 2583, 2683, 2707, 2741, 3009, 3051, 3066, 3110, 3161, 3204, 3240, 3273, 3274, 3341, 3464, 3478, 3513, 3549, 3685, 3907, 3938, 4056, 4093, 4163, 4202, 4212, 4220, 4340, 4464, 4465, 4486, 4491, 4542, 4601, 4603, 4699, 4751, 4800, 4803, 4863, 4864, 4883, 4905, 4925, 5032, 5034, 5044, 5174, 5294, 5363, 5365, 5472, 5574, 5669, 5753, 5993, 6030, 6075, 6213, 6265, 6566, 6735, 6863, 7111, 7173, 7409, 7718, 8419, 8759, 10085, 11512, 14554, 16730]",Tabula_Sapiens__Small Intestine-plasma Cell
Tabula_Sapiens,Mammary-fibroblast Of Breast,prerank,0.5182025406879631,2.0677888475662813,0.0,0.0,0.0,63_88,63/88,30.63%,MT2A;CEBPB;HSP90AA1;S100A11;S100A6;DCN;VIM;TIMP1;COL6A2;SERPINE1;TNFAIP6;CD59;RPL36;RPS19;HSP90AB1;APOD;RPS15;RPS16;TPT1;RPLP1;FTL;RPL34;CD63;RPL18;RPLP2;RPL9;RPS8;RPL18A;RPS3;RPS28;RPL13A;RPL37A;RPL8;TMSB10;RPS5;RPS11;RPL28;RPL14;RPL35;RPL35A;RPS24;RPL6;RPS6;ANXA5;RPS27A;RPL3;RPS7;RPS3A;RPS14;RPL7A;RPL29;RPL23A;RPS18;RPL32;UBA52;RPL19;RPS13;RPS9;RPL11;NACA;RPS4X;RPL39;FAU,MT2A;CEBPB;HSP90AA1;S100A11;S100A6;DCN;VIM;TIMP1;COL6A2;SERPINE1;TNFAIP6;CD59;RPL36;RPS19;HSP90AB1;APOD;RPS15;RPS16;TPT1;RPLP1;FTL;RPL34;CD63;RPL18;RPLP2;RPL9;RPS8;RPL18A;RPS3;RPS28;RPL13A;RPL37A;RPL8;TMSB10;RPS5;RPS11;RPL28;RPL14;RPL35;RPL35A;RPS24;RPL6;RPS6;ANXA5;RPS27A;RPL3;RPS7;RPS3A;RPS14;RPL7A;RPL29;RPL23A;RPS18;RPL32;UBA52;RPL19;RPS13;RPS9;RPL11;NACA;RPS4X;RPL39;FAU;RPS2;EIF1;RPS27;GAPDH;RPS15A;RPL30;RPL5;RPL37;RPLP0;RPL41;RPS23;PTMA;RPL10A;RPL21;EEF1A1;FTH1;RPL12;B2M;SOD2;RPL15;TUBA1B;ACTG1;THBS2;RPL26;MMP3,"[145, 464, 996, 1102, 1299, 1395, 1399, 1515, 1579, 1969, 1998, 2017, 2297, 2336, 2454, 2562, 2583, 2683, 2707, 2741, 3009, 3066, 3076, 3110, 3161, 3204, 3240, 3274, 3341, 3464, 3478, 3513, 3549, 3661, 3685, 3907, 3938, 4093, 4163, 4202, 4212, 4220, 4340, 4406, 4464, 4465, 4486, 4491, 4601, 4603, 4699, 4751, 4800, 4803, 4863, 4864, 4883, 4925, 5044, 5174, 5294, 5363, 5365, 5472, 5574, 5753, 5812, 5993, 6030, 6075, 6213, 6265, 6566, 6735, 7036, 7111, 7173, 7718, 7728, 8419, 8759, 9365, 10085, 10112, 11600, 13590, 16730, 17502]",Tabula_Sapiens__Mammary-fibroblast Of Breast
Tabula_Sapiens,Lung-respiratory Goblet Cell,prerank,0.5716148988581491,2.2562363834173347,0.0,0.0,0.0,62_84,62/84,31.76%,SLPI;CLU;LCN2;S100A11;KRT19;S100A6;ANXA2;BPIFB1;SERF2;RPL36;RPS19;RPS15;RPS16;TFF3;TPT1;RPLP1;GSTP1;SFTPC;FTL;RPL34;RPL18;RPLP2;RPL9;RPS8;RPL18A;RPS3;RPS28;RPL13A;RPL37A;RPL8;TMSB10;RPS5;SCGB1A1;RPS11;RPL28;RPL14;RPS20;RPL35A;RPS24;RPL6;RPS6;RPS27A;RPL3;RPS7;RPS3A;RPS14;RPL7A;RPL29;RPS18;RPL32;RPL19;RPS13;RPS9;RPSA;RPL27A;RPL11;ANXA1;RPS4X;RPL39;FAU;RPS2;LGALS3,SLPI;CLU;LCN2;S100A11;KRT19;S100A6;ANXA2;BPIFB1;SERF2;RPL36;RPS19;RPS15;RPS16;TFF3;TPT1;RPLP1;GSTP1;SFTPC;FTL;RPL34;RPL18;RPLP2;RPL9;RPS8;RPL18A;RPS3;RPS28;RPL13A;RPL37A;RPL8;TMSB10;RPS5;SCGB1A1;RPS11;RPL28;RPL14;RPS20;RPL35A;RPS24;RPL6;RPS6;RPS27A;RPL3;RPS7;RPS3A;RPS14;RPL7A;RPL29;RPS18;RPL32;RPL19;RPS13;RPS9;RPSA;RPL27A;RPL11;ANXA1;RPS4X;RPL39;FAU;RPS2;LGALS3;RPS27;RPS15A;RPL30;RPL5;RPL37;RPLP0;RPL41;RPS23;PTMA;RPL10A;RPL21;EEF1A1;FTH1;WFDC2;RPL12;B2M;TMSB4X;RPL15;SCGB3A1;ACTG1;CD9;KRT7,"[42, 751, 756, 1102, 1151, 1299, 1542, 1569, 2068, 2297, 2336, 2583, 2683, 2699, 2707, 2741, 2918, 2991, 3009, 3066, 3110, 3161, 3204, 3240, 3274, 3341, 3464, 3478, 3513, 3549, 3661, 3685, 3821, 3907, 3938, 4093, 4125, 4202, 4212, 4220, 4340, 4464, 4465, 4486, 4491, 4601, 4603, 4699, 4800, 4803, 4864, 4883, 4925, 5014, 5032, 5044, 5053, 5294, 5363, 5365, 5472, 5562, 5753, 5993, 6030, 6075, 6213, 6265, 6566, 6735, 7036, 7111, 7173, 7718, 7728, 7784, 8419, 8759, 8993, 10085, 11110, 11600, 15173, 16393]",Tabula_Sapiens__Lung-respiratory Goblet Cell
Tabula_Sapiens,Salivary Gland-macrophage,prerank,0.6443736428871821,2.5355945733347336,0.0,0.0,0.0,58_82,58/82,28.12%,HSPA1A;C1QA;C1QB;NFKBIA;HLA-DRA;CD74;HSP90AA1;SRGN;FOS;BTG1;VIM;RPS21;HLA-DPA1;RPL36;RPS19;JUN;HSP90AB1;GPX1;RPS15;IL1B;RPS16;TPT1;RPLP1;FTL;RPL34;RPL18;RPLP2;RPL9;RPS8;RPL18A;RPS3;RPS28;RPL13A;RPL37A;KLF6;RPL8;TMSB10;APOE;RPS11;RPL28;RPL38;RPS29;RPS20;RPL35A;RPS24;RPS6;RPS27A;RPL3;RPS14;RPL7A;CTSD;RPL29;RPS18;RPL32;UBA52;RPL19;RPS13;RPS9,HSPA1A;C1QA;C1QB;NFKBIA;HLA-DRA;CD74;HSP90AA1;SRGN;FOS;BTG1;VIM;RPS21;HLA-DPA1;RPL36;RPS19;JUN;HSP90AB1;GPX1;RPS15;IL1B;RPS16;TPT1;RPLP1;FTL;RPL34;RPL18;RPLP2;RPL9;RPS8;RPL18A;RPS3;RPS28;RPL13A;RPL37A;KLF6;RPL8;TMSB10;APOE;RPS11;RPL28;RPL38;RPS29;RPS20;RPL35A;RPS24;RPS6;RPS27A;RPL3;RPS14;RPL7A;CTSD;RPL29;RPS18;RPL32;UBA52;RPL19;RPS13;RPS9;RPL11;RPS4X;RPL39;FAU;RPS2;EIF1;CTSB;RPS27;RPS15A;RPL30;RPL37;CST3;RPL41;RPS23;PTMA;RPL21;CCL3;EEF1A1;FTH1;FOSB;RPL12;B2M;TMSB4X;CCL4,"[2, 196, 399, 438, 855, 908, 996, 1146, 1219, 1239, 1399, 1679, 1918, 2297, 2336, 2405, 2454, 2540, 2583, 2654, 2683, 2707, 2741, 3009, 3066, 3110, 3161, 3204, 3240, 3274, 3341, 3464, 3478, 3513, 3544, 3549, 3661, 3783, 3907, 3938, 3947, 4056, 4125, 4202, 4212, 4340, 4464, 4465, 4601, 4603, 4656, 4699, 4800, 4803, 4863, 4864, 4883, 4925, 5044, 5294, 5363, 5365, 5472, 5574, 5660, 5753, 5993, 6030, 6213, 6273, 6566, 6735, 7036, 7173, 7409, 7718, 7728, 7914, 8419, 8759, 8993, 10797]",Tabula_Sapiens__Salivary Gland-macrophage
Tabula_Sapiens,Bladder-t Cell,prerank,0.6271808635113109,2.490604441430444,0.0,0.0,0.0,68_89,68/89,30.63%,HSPA1A;DNAJB1;CXCR4;S100A4;HSPH1;HSPD1;HSP90AA1;IL7R;TSC22D3;SRGN;BTG1;ZFP36L2;VIM;RPS21;RPL36;RPS19;HSP90AB1;RPS15;RPS16;TPT1;RPLP1;FTL;JUND;RPL34;RPL18;RPLP2;RPL9;RPS8;HLA-B;RPL18A;RPS3;RPS26;RPS28;RPL13A;RPL37A;RPL8;TMSB10;RPS5;RPS11;RPL28;RPS29;RPL14;RPS20;RPL35A;RPS24;RPS6;RPS27A;RPL3;RPS7;RPS3A;RPS14;RPL7A;RPL29;RPL23A;RPS18;RPL32;UBA52;RPL19;RPS13;RPS9;RPSA;RPL27A;RPL11;ANXA1;NACA;RPS4X;RPL39;FAU,HSPA1A;DNAJB1;CXCR4;S100A4;HSPH1;HSPD1;HSP90AA1;IL7R;TSC22D3;SRGN;BTG1;ZFP36L2;VIM;RPS21;RPL36;RPS19;HSP90AB1;RPS15;RPS16;TPT1;RPLP1;FTL;JUND;RPL34;RPL18;RPLP2;RPL9;RPS8;HLA-B;RPL18A;RPS3;RPS26;RPS28;RPL13A;RPL37A;RPL8;TMSB10;RPS5;RPS11;RPL28;RPS29;RPL14;RPS20;RPL35A;RPS24;RPS6;RPS27A;RPL3;RPS7;RPS3A;RPS14;RPL7A;RPL29;RPL23A;RPS18;RPL32;UBA52;RPL19;RPS13;RPS9;RPSA;RPL27A;RPL11;ANXA1;NACA;RPS4X;RPL39;FAU;RPS2;EIF1;RPS27;RPS15A;RPL30;RPL5;RPL37;RPL41;RPS23;HLA-A;PTMA;RPL10A;RPL21;EEF1A1;FTH1;HSPA8;RPL12;B2M;TMSB4X;RPL15;RPL26,"[2, 8, 50, 245, 718, 987, 996, 1012, 1034, 1146, 1239, 1382, 1399, 1679, 2297, 2336, 2454, 2583, 2683, 2707, 2741, 3009, 3051, 3066, 3110, 3161, 3204, 3240, 3273, 3274, 3341, 3446, 3464, 3478, 3513, 3549, 3661, 3685, 3907, 3938, 4056, 4093, 4125, 4202, 4212, 4340, 4464, 4465, 4486, 4491, 4601, 4603, 4699, 4751, 4800, 4803, 4863, 4864, 4883, 4925, 5014, 5032, 5044, 5053, 5174, 5294, 5363, 5365, 5472, 5574, 5753, 5993, 6030, 6075, 6213, 6566, 6735, 7026, 7036, 7111, 7173, 7718, 7728, 7892, 8419, 8759, 8993, 10085, 16730]",Tabula_Sapiens__Bladder-t Cell
Tabula_Sapiens,"Skin-naive Thymus-Derived Cd8-Positive, Alpha-Beta T Cell",prerank,0.5991766940975638,2.395591539605942,0.0,0.0,0.0,67_89,67/89,30.63%,CXCR4;CD7;TSC22D3;SRGN;BTG1;ZFP36L2;VIM;RPS21;EEF1D;RPL36;RPS19;PTPRC;RPS15;RPS16;TPT1;RPLP1;RGS1;FTL;RPS10;RPL34;RPL18;RPLP2;RPL9;RPS8;HLA-B;RPL18A;RPS3;RPS26;RPS28;RPL13A;RPL37A;RPL8;TMSB10;RPS5;RPL27;RPS11;RPL28;RPL38;RPS29;RPL14;RPL35;RPL35A;RPS24;RPL6;RPS6;RPS27A;RPL3;RPS7;RPS3A;RPS25;RPS14;RPL7A;RPL29;RPL23A;RPS18;RPL32;UBA52;RPL19;RPS13;RPS9;RPSA;HLA-C;RPL11;NACA;RPS4X;RPL39;FAU,CXCR4;CD7;TSC22D3;SRGN;BTG1;ZFP36L2;VIM;RPS21;EEF1D;RPL36;RPS19;PTPRC;RPS15;RPS16;TPT1;RPLP1;RGS1;FTL;RPS10;RPL34;RPL18;RPLP2;RPL9;RPS8;HLA-B;RPL18A;RPS3;RPS26;RPS28;RPL13A;RPL37A;RPL8;TMSB10;RPS5;RPL27;RPS11;RPL28;RPL38;RPS29;RPL14;RPL35;RPL35A;RPS24;RPL6;RPS6;RPS27A;RPL3;RPS7;RPS3A;RPS25;RPS14;RPL7A;RPL29;RPL23A;RPS18;RPL32;UBA52;RPL19;RPS13;RPS9;RPSA;HLA-C;RPL11;NACA;RPS4X;RPL39;FAU;RPS2;EIF1;RPS27;GAPDH;RPS15A;RPL30;RPL5;RPL22;RPL37;RPL41;RPS23;HLA-A;PTMA;RPL10A;RPL21;EEF1A1;FTH1;RPL12;B2M;TMSB4X;RPL15;RPL26,"[50, 912, 1034, 1146, 1239, 1382, 1399, 1679, 1776, 2297, 2336, 2422, 2583, 2683, 2707, 2741, 2808, 3009, 3058, 3066, 3110, 3161, 3204, 3240, 3273, 3274, 3341, 3446, 3464, 3478, 3513, 3549, 3661, 3685, 3894, 3907, 3938, 3947, 4056, 4093, 4163, 4202, 4212, 4220, 4340, 4464, 4465, 4486, 4491, 4542, 4601, 4603, 4699, 4751, 4800, 4803, 4863, 4864, 4883, 4925, 5014, 5034, 5044, 5174, 5294, 5363, 5365, 5472, 5574, 5753, 5812, 5993, 6030, 6075, 6109, 6213, 6566, 6735, 7026, 7036, 7111, 7173, 7718, 7728, 8419, 8759, 8993, 10085, 16730]","Tabula_Sapiens__Skin-naive Thymus-Derived Cd8-Positive, Alpha-Beta T Cell"
Tabula_Sapiens,Lung-basophil,prerank,0.6156047781487172,2.456943640618945,0.0,0.0,0.0,71_88,71/88,31.82%,C1QA;S100A4;PLIN2;TYROBP;HLA-DRA;FCER1G;CD74;S100A11;SRGN;FOS;S100A6;VIM;RPS19;TPSAB1;RPS15;RPS16;CSTB;TPT1;RPLP1;FTL;RPL34;OAZ1;CD63;RPL18;RPLP2;RPL9;RPS8;RPL18A;RPS3;RPS28;RPL13A;RPL37A;RPL8;TMSB10;RPS5;APOC1;APOE;RPS11;RPL28;RPL14;RPL35A;RPS24;RPL6;RPS6;RPS27A;RPL3;RPS7;RPS3A;RPS14;RPL7A;CTSD;RPL29;RPL23A;RPS18;RPL32;UBA52;RPL19;RPS13;RPS9;RPSA;RPL11;ANXA1;MYL6;NACA;RPS4X;RPL39;FAU;UBB;RPS2;LGALS3;EIF1,C1QA;S100A4;PLIN2;TYROBP;HLA-DRA;FCER1G;CD74;S100A11;SRGN;FOS;S100A6;VIM;RPS19;TPSAB1;RPS15;RPS16;CSTB;TPT1;RPLP1;FTL;RPL34;OAZ1;CD63;RPL18;RPLP2;RPL9;RPS8;RPL18A;RPS3;RPS28;RPL13A;RPL37A;RPL8;TMSB10;RPS5;APOC1;APOE;RPS11;RPL28;RPL14;RPL35A;RPS24;RPL6;RPS6;RPS27A;RPL3;RPS7;RPS3A;RPS14;RPL7A;CTSD;RPL29;RPL23A;RPS18;RPL32;UBA52;RPL19;RPS13;RPS9;RPSA;RPL11;ANXA1;MYL6;NACA;RPS4X;RPL39;FAU;UBB;RPS2;LGALS3;EIF1;RPS27;RPS15A;RPL30;RPL5;RPL37;RPL41;RPS23;PTMA;RPL10A;RPL21;EEF1A1;FTH1;RPL12;B2M;TMSB4X;RPL15;RPL26,"[196, 245, 537, 656, 855, 857, 908, 1102, 1146, 1219, 1299, 1399, 2336, 2414, 2583, 2683, 2706, 2707, 2741, 3009, 3066, 3070, 3076, 3110, 3161, 3204, 3240, 3274, 3341, 3464, 3478, 3513, 3549, 3661, 3685, 3747, 3783, 3907, 3938, 4093, 4202, 4212, 4220, 4340, 4464, 4465, 4486, 4491, 4601, 4603, 4656, 4699, 4751, 4800, 4803, 4863, 4864, 4883, 4925, 5014, 5044, 5053, 5081, 5174, 5294, 5363, 5365, 5432, 5472, 5562, 5574, 5753, 5993, 6030, 6075, 6213, 6566, 6735, 7036, 7111, 7173, 7718, 7728, 8419, 8759, 8993, 10085, 16730]",Tabula_Sapiens__Lung-basophil
Tabula_Sapiens,Skin-t Cell,prerank,0.5868684405991526,2.334113422669762,0.0,0.0,0.0,73_89,73/89,34.88%,CXCR4;IL7R;TSC22D3;SRGN;BTG1;ZFP36L2;VIM;RPS21;EEF1D;ZFP36;RPL36;RPS19;PTPRC;RPS15;RPS16;TPT1;RPLP1;FTL;RPS10;RPL34;RPL18;RPLP2;RPL9;RPS8;HLA-B;RPL18A;RPS3;RPS26;RPS28;RPL13A;RPL37A;RPL8;TMSB10;RPS5;RPL28;RPL38;RPS29;RPL14;RPL35;RPL35A;RPS24;RPL6;RPS6;RPS27A;RPL3;RPS7;RPS3A;RPS25;RPS14;RPL7A;RPL29;RPL23A;RPS18;RPL32;UBA52;RPL19;RPS13;RPS9;RPSA;RPL11;NACA;RPS4X;RPL39;FAU;RPS2;EIF1;TXNIP;RPS27;GAPDH;RPS15A;RPL30;RPL5;RPL22,CXCR4;IL7R;TSC22D3;SRGN;BTG1;ZFP36L2;VIM;RPS21;EEF1D;ZFP36;RPL36;RPS19;PTPRC;RPS15;RPS16;TPT1;RPLP1;FTL;RPS10;RPL34;RPL18;RPLP2;RPL9;RPS8;HLA-B;RPL18A;RPS3;RPS26;RPS28;RPL13A;RPL37A;RPL8;TMSB10;RPS5;RPL28;RPL38;RPS29;RPL14;RPL35;RPL35A;RPS24;RPL6;RPS6;RPS27A;RPL3;RPS7;RPS3A;RPS25;RPS14;RPL7A;RPL29;RPL23A;RPS18;RPL32;UBA52;RPL19;RPS13;RPS9;RPSA;RPL11;NACA;RPS4X;RPL39;FAU;RPS2;EIF1;TXNIP;RPS27;GAPDH;RPS15A;RPL30;RPL5;RPL22;RPL37;RPLP0;PABPC1;RPL41;RPS23;HLA-A;PTMA;RPL10A;RPL21;EEF1A1;FTH1;RPL12;B2M;TMSB4X;RPL15;RPL26,"[50, 1012, 1034, 1146, 1239, 1382, 1399, 1679, 1776, 1852, 2297, 2336, 2422, 2583, 2683, 2707, 2741, 3009, 3058, 3066, 3110, 3161, 3204, 3240, 3273, 3274, 3341, 3446, 3464, 3478, 3513, 3549, 3661, 3685, 3938, 3947, 4056, 4093, 4163, 4202, 4212, 4220, 4340, 4464, 4465, 4486, 4491, 4542, 4601, 4603, 4699, 4751, 4800, 4803, 4863, 4864, 4883, 4925, 5014, 5044, 5174, 5294, 5363, 5365, 5472, 5574, 5739, 5753, 5812, 5993, 6030, 6075, 6109, 6213, 6265, 6350, 6566, 6735, 7026, 7036, 7111, 7173, 7718, 7728, 8419, 8759, 8993, 10085, 16730]",Tabula_Sapiens__Skin-t Cell
Tabula_Sapiens,Small Intestine-mature Enterocyte,prerank,0.557892694868152,2.153595091314256,0.0,0.0,0.0,35_73,35/73,20.41%,HSPA1A;HSPA1B;ANPEP;PCK1;MT2A;MT1G;MT1E;MT1X;APOA1;MT1H;HSPD1;HSP90AA1;KRT19;AHNAK;FOS;S100A6;HSPE1;CYP3A4;ALDOB;AKR1C3;IER2;PDK4;RPS19;JUN;ADIRF;RPS15;TPT1;GSTP1;FTL;DEFA5;JUND;CYP3A5;SGK1;KLF6;SRRM2,HSPA1A;HSPA1B;ANPEP;PCK1;MT2A;MT1G;MT1E;MT1X;APOA1;MT1H;HSPD1;HSP90AA1;KRT19;AHNAK;FOS;S100A6;HSPE1;CYP3A4;ALDOB;AKR1C3;IER2;PDK4;RPS19;JUN;ADIRF;RPS15;TPT1;GSTP1;FTL;DEFA5;JUND;CYP3A5;SGK1;KLF6;SRRM2;CLDN4;RPL28;SQSTM1;ATF3;RPS18;RPS9;RPL11;MYL6;COX5B;ID1;UBB;EIF1;COX4I1;RPL41;SLC26A3;HNRNPA2B1;FTH1;HSPA8;FOSB;PTGR1;ARGLU1;B2M;DDX5;APOB;GOLGA4;CDHR5;ACTG1;SLC20A1;SLC25A37;VMP1;CBR1;CALM1;SLC4A7;CYB5A;ELF3;SLC5A1;TSPAN8;FABP1,"[2, 7, 112, 139, 145, 165, 308, 318, 457, 775, 987, 996, 1151, 1208, 1219, 1299, 1341, 1373, 1645, 1888, 2071, 2104, 2336, 2405, 2504, 2583, 2707, 2918, 3009, 3048, 3051, 3399, 3436, 3544, 3575, 3933, 3938, 4128, 4249, 4800, 4925, 5044, 5081, 5276, 5430, 5432, 5574, 5598, 6566, 6922, 7364, 7728, 7892, 7914, 8232, 8574, 8759, 9867, 10626, 10631, 11194, 11600, 11619, 12360, 12668, 13032, 13283, 13502, 14314, 14662, 16665, 16789, 17237]",Tabula_Sapiens__Small Intestine-mature Enterocyte
Tabula_Sapiens,Lymph Node-cd4-positive Alpha-Beta T Cell,prerank,0.5752296465191029,2.306020848853234,0.0,0.0,0.0,68_91,68/91,30.63%,CXCR4;KLF2;HSP90AA1;IL7R;TSC22D3;SRGN;FOS;BTG1;ZFP36L2;RPS21;EEF1D;RPL36;RPS19;JUN;RPS15;RPS16;TPT1;RPLP1;FTL;JUND;RPL34;RPL18;RPLP2;RPL9;RPS8;RPL18A;RPS3;RPS28;RPL13A;RPL37A;RPL8;RPL31;TMSB10;RPS5;RPL27;RPS11;RPL28;RPL38;RPS29;RPL14;RPS20;RPL35;RPL35A;RPS24;RPL6;RPS6;RPS27A;RPL3;RPS7;RPS3A;RPS25;RPS14;RPL7A;RPL29;RPL23A;RPS18;RPL32;UBA52;RPL19;RPS13;RPS9;RPSA;RPL27A;RPL11;NACA;RPS4X;RPL39;FAU,CXCR4;KLF2;HSP90AA1;IL7R;TSC22D3;SRGN;FOS;BTG1;ZFP36L2;RPS21;EEF1D;RPL36;RPS19;JUN;RPS15;RPS16;TPT1;RPLP1;FTL;JUND;RPL34;RPL18;RPLP2;RPL9;RPS8;RPL18A;RPS3;RPS28;RPL13A;RPL37A;RPL8;RPL31;TMSB10;RPS5;RPL27;RPS11;RPL28;RPL38;RPS29;RPL14;RPS20;RPL35;RPL35A;RPS24;RPL6;RPS6;RPS27A;RPL3;RPS7;RPS3A;RPS25;RPS14;RPL7A;RPL29;RPL23A;RPS18;RPL32;UBA52;RPL19;RPS13;RPS9;RPSA;RPL27A;RPL11;NACA;RPS4X;RPL39;FAU;RPS2;EIF1;TXNIP;RPS27;RPS15A;RPL30;RPL5;RPL37;RPLP0;RPL41;RPS23;PTMA;RPL10A;RPL21;EEF1A1;FTH1;RPL12;B2M;TMSB4X;RPL15;EEF1B2;CD69;RPL26,"[50, 811, 996, 1012, 1034, 1146, 1219, 1239, 1382, 1679, 1776, 2297, 2336, 2405, 2583, 2683, 2707, 2741, 3009, 3051, 3066, 3110, 3161, 3204, 3240, 3274, 3341, 3464, 3478, 3513, 3549, 3614, 3661, 3685, 3894, 3907, 3938, 3947, 4056, 4093, 4125, 4163, 4202, 4212, 4220, 4340, 4464, 4465, 4486, 4491, 4542, 4601, 4603, 4699, 4751, 4800, 4803, 4863, 4864, 4883, 4925, 5014, 5032, 5044, 5174, 5294, 5363, 5365, 5472, 5574, 5739, 5753, 5993, 6030, 6075, 6213, 6265, 6566, 6735, 7036, 7111, 7173, 7718, 7728, 8419, 8759, 8993, 10085, 11512, 16391, 16730]",Tabula_Sapiens__Lymph Node-cd4-positive Alpha-Beta T Cell
Tabula_Sapiens,Lymph Node-mature Nk T Cell,prerank,0.5536113426498634,2.2285430461124216,0.0,0.0,0.0,64_89,64/89,31.82%,CXCR4;NFKBIA;KLRD1;KLF2;HSP90AA1;IL7R;TSC22D3;SRGN;FOS;BTG1;ZFP36L2;RPS21;ZFP36;RPL36;RPS19;JUN;RPS15;TPT1;RPLP1;HLA-E;FTL;JUND;RPL34;RPL18;RPLP2;RPL9;RPS8;HLA-B;RPL18A;RPS3;RPS26;RPS28;RPL13A;RPL37A;TMSB10;RPL28;RPS29;RPL14;RPL35A;RPS24;RPL6;RPS6;RPS27A;RPL3;RPS7;RPS3A;RPS14;RPL7A;RPL29;RPL23A;RPS18;RPL32;RPL19;RPS13;RPS9;RPSA;HLA-C;RPL11;RPS4X;RPL39;FAU;RPS2;CCL5;EIF1,CXCR4;NFKBIA;KLRD1;KLF2;HSP90AA1;IL7R;TSC22D3;SRGN;FOS;BTG1;ZFP36L2;RPS21;ZFP36;RPL36;RPS19;JUN;RPS15;TPT1;RPLP1;HLA-E;FTL;JUND;RPL34;RPL18;RPLP2;RPL9;RPS8;HLA-B;RPL18A;RPS3;RPS26;RPS28;RPL13A;RPL37A;TMSB10;RPL28;RPS29;RPL14;RPL35A;RPS24;RPL6;RPS6;RPS27A;RPL3;RPS7;RPS3A;RPS14;RPL7A;RPL29;RPL23A;RPS18;RPL32;RPL19;RPS13;RPS9;RPSA;HLA-C;RPL11;RPS4X;RPL39;FAU;RPS2;CCL5;EIF1;TXNIP;RPS27;RPS15A;RPL30;RPL5;RPL37;RPL41;RPS23;HLA-A;PTMA;RPL10A;RPL21;CCL3;EEF1A1;GNLY;RPL12;DUSP2;B2M;TMSB4X;DDX5;RPL15;CCL4;NKG7;CD69;RPL26,"[50, 438, 759, 811, 996, 1012, 1034, 1146, 1219, 1239, 1382, 1679, 1852, 2297, 2336, 2405, 2583, 2707, 2741, 2908, 3009, 3051, 3066, 3110, 3161, 3204, 3240, 3273, 3274, 3341, 3446, 3464, 3478, 3513, 3661, 3938, 4056, 4093, 4202, 4212, 4220, 4340, 4464, 4465, 4486, 4491, 4601, 4603, 4699, 4751, 4800, 4803, 4864, 4883, 4925, 5014, 5034, 5044, 5294, 5363, 5365, 5472, 5546, 5574, 5739, 5753, 5993, 6030, 6075, 6213, 6566, 6735, 7026, 7036, 7111, 7173, 7409, 7718, 8051, 8419, 8683, 8759, 8993, 9867, 10085, 10797, 15287, 16391, 16730]",Tabula_Sapiens__Lymph Node-mature Nk T Cell
Tabula_Sapiens,Liver-macrophage,prerank,0.6159334410676855,2.440420775813334,0.0,0.0,0.0,56_86,56/86,27.88%,C1QA;S100A4;C1QC;C1QB;NFKBIA;CEBPB;CYBA;LYZ;CD163;HLA-DRA;FCER1G;CXCL3;PNRC1;CD74;S100A11;SRGN;FOS;BTG1;TNFAIP3;VIM;TIMP1;CTSS;ZFP36;HLA-DPA1;IER3;RPL36;RPS19;GPX1;IL1B;TPT1;RPLP1;NPC2;SH3BGRL3;GLUL;FTL;JUND;RPL34;RPLP2;RPL9;RPS8;RPL18A;RPS28;TMSB10;CXCL2;RPS11;RPL28;RPS24;RPL6;RPS6;RPS27A;RPS3A;RPS14;RPS18;RPL32;UBA52;RPS13,C1QA;S100A4;C1QC;C1QB;NFKBIA;CEBPB;CYBA;LYZ;CD163;HLA-DRA;FCER1G;CXCL3;PNRC1;CD74;S100A11;SRGN;FOS;BTG1;TNFAIP3;VIM;TIMP1;CTSS;ZFP36;HLA-DPA1;IER3;RPL36;RPS19;GPX1;IL1B;TPT1;RPLP1;NPC2;SH3BGRL3;GLUL;FTL;JUND;RPL34;RPLP2;RPL9;RPS8;RPL18A;RPS28;TMSB10;CXCL2;RPS11;RPL28;RPS24;RPL6;RPS6;RPS27A;RPS3A;RPS14;RPS18;RPL32;UBA52;RPS13;RPL11;RPS4X;RPL39;EIF1;CTSB;RPS27;RPS15A;RPL30;RPL37;CST3;PABPC1;RPL41;RPS23;GPR183;PTMA;RPL21;CCL3;EEF1A1;FTH1;RPL12;B2M;TMSB4X;NAMPT;SOD2;RPL15;THBS1;CCL4;EREG;ACTG1;RPL26,"[196, 245, 280, 399, 438, 464, 470, 574, 818, 855, 857, 873, 875, 908, 1102, 1146, 1219, 1239, 1329, 1399, 1515, 1687, 1852, 1918, 2252, 2297, 2336, 2540, 2654, 2707, 2741, 2760, 2777, 2868, 3009, 3051, 3066, 3161, 3204, 3240, 3274, 3464, 3661, 3816, 3907, 3938, 4212, 4220, 4340, 4464, 4491, 4601, 4800, 4803, 4863, 4883, 5044, 5294, 5363, 5574, 5660, 5753, 5993, 6030, 6213, 6273, 6350, 6566, 6735, 7031, 7036, 7173, 7409, 7718, 7728, 8419, 8759, 8993, 9148, 9365, 10085, 10764, 10797, 11223, 11600, 16730]",Tabula_Sapiens__Liver-macrophage
Tabula_Sapiens,Lung-adventitial Cell,prerank,0.6104830665397302,2.429290788666243,0.0,0.0,0.0,60_88,60/88,28.12%,SLPI;MT2A;KRT18;FBLN1;C3;IFITM3;HSP90AA1;IGFBP6;KRT19;FOS;S100A6;SFRP2;DCN;VIM;C1R;TIMP1;S100A10;RPS21;ZFP36;COL1A2;RPL36;RPS19;JUN;RPS15;RPS16;TPT1;RPLP1;SFTPC;FTL;JUND;RPL34;CD63;RPL18;RPLP2;RPL9;RPS8;RPL18A;RPS3;RPS28;RPL13A;RPL37A;RPL8;TMSB10;RPS5;RPS11;RPL28;RPL35;RPL35A;RPS24;RPL6;RPS6;RPS27A;RPL3;RPS14;RPL7A;RPL29;RPS18;RPL32;RPL19;RPS9,SLPI;MT2A;KRT18;FBLN1;C3;IFITM3;HSP90AA1;IGFBP6;KRT19;FOS;S100A6;SFRP2;DCN;VIM;C1R;TIMP1;S100A10;RPS21;ZFP36;COL1A2;RPL36;RPS19;JUN;RPS15;RPS16;TPT1;RPLP1;SFTPC;FTL;JUND;RPL34;CD63;RPL18;RPLP2;RPL9;RPS8;RPL18A;RPS3;RPS28;RPL13A;RPL37A;RPL8;TMSB10;RPS5;RPS11;RPL28;RPL35;RPL35A;RPS24;RPL6;RPS6;RPS27A;RPL3;RPS14;RPL7A;RPL29;RPS18;RPL32;RPL19;RPS9;RPL11;RPS4X;RPL39;FAU;GSN;RPS2;EIF1;RPS27;RPS15A;RPL30;RPL37;RPLP0;CST3;NNMT;RPL41;RPS23;PTMA;RPL21;EEF1A1;FTH1;RPL12;B2M;TMSB4X;MGP;ITM2B;IGFBP7;ACTG1;CCDC80,"[42, 145, 166, 317, 554, 970, 996, 1105, 1151, 1219, 1299, 1343, 1395, 1399, 1505, 1515, 1551, 1679, 1852, 2167, 2297, 2336, 2405, 2583, 2683, 2707, 2741, 2991, 3009, 3051, 3066, 3076, 3110, 3161, 3204, 3240, 3274, 3341, 3464, 3478, 3513, 3549, 3661, 3685, 3907, 3938, 4163, 4202, 4212, 4220, 4340, 4464, 4465, 4601, 4603, 4699, 4800, 4803, 4864, 4925, 5044, 5294, 5363, 5365, 5373, 5472, 5574, 5753, 5993, 6030, 6213, 6265, 6273, 6420, 6566, 6735, 7036, 7173, 7718, 7728, 8419, 8759, 8993, 9257, 11214, 11361, 11600, 16375]",Tabula_Sapiens__Lung-adventitial Cell
Tabula_Sapiens,"Lung-cd8-positive, Alpha-Beta T Cell",prerank,0.5029343178191272,2.044899847080646,0.0,0.0,0.0,65_88,65/88,32.85%,S100A4;IL32;SRGN;BTG1;RPS21;RPL36;RPS19;RPS15;RPS16;TPT1;RPLP1;SH3BGRL3;FTL;RPL34;RPL18;RPLP2;RPL9;RPS8;HLA-B;RPL18A;RPS3;MYL12A;RPS26;RPS28;RPL13A;RPL37A;RPL8;TMSB10;RPS5;RPS11;RPL28;RPS29;RPL14;RPL35;RPL35A;RPS24;RPL6;RPS6;RPS27A;RPL3;RPS7;RPS3A;RPS25;RPS14;RPL7A;RPL29;RPS18;RPL32;UBA52;RPL19;RPS13;RPS9;RPSA;HLA-C;RPL11;MYL6;NACA;RPS4X;RPL39;FAU;RPS2;CCL5;EIF1;TXNIP;RPS27,S100A4;IL32;SRGN;BTG1;RPS21;RPL36;RPS19;RPS15;RPS16;TPT1;RPLP1;SH3BGRL3;FTL;RPL34;RPL18;RPLP2;RPL9;RPS8;HLA-B;RPL18A;RPS3;MYL12A;RPS26;RPS28;RPL13A;RPL37A;RPL8;TMSB10;RPS5;RPS11;RPL28;RPS29;RPL14;RPL35;RPL35A;RPS24;RPL6;RPS6;RPS27A;RPL3;RPS7;RPS3A;RPS25;RPS14;RPL7A;RPL29;RPS18;RPL32;UBA52;RPL19;RPS13;RPS9;RPSA;HLA-C;RPL11;MYL6;NACA;RPS4X;RPL39;FAU;RPS2;CCL5;EIF1;TXNIP;RPS27;PFN1;RPS15A;RPL30;RPL5;RPL37;RPL41;RPS23;HLA-A;PTMA;RPL10A;RPL21;EEF1A1;GNLY;RPL12;B2M;TMSB4X;RPL15;CCL4;ACTG1;HMGB1;CALM1;RPL26;GZMA,"[245, 314, 1146, 1239, 1679, 2297, 2336, 2583, 2683, 2707, 2741, 2777, 3009, 3066, 3110, 3161, 3204, 3240, 3273, 3274, 3341, 3359, 3446, 3464, 3478, 3513, 3549, 3661, 3685, 3907, 3938, 4056, 4093, 4163, 4202, 4212, 4220, 4340, 4464, 4465, 4486, 4491, 4542, 4601, 4603, 4699, 4800, 4803, 4863, 4864, 4883, 4925, 5014, 5034, 5044, 5081, 5174, 5294, 5363, 5365, 5472, 5546, 5574, 5739, 5753, 5977, 5993, 6030, 6075, 6213, 6566, 6735, 7026, 7036, 7111, 7173, 7718, 8051, 8419, 8759, 8993, 10085, 10797, 11600, 12555, 13283, 16730, 17331]","Tabula_Sapiens__Lung-cd8-positive, Alpha-Beta T Cell"
Tabula_Sapiens,Pancreas-mast Cell,prerank,0.5752293026054728,2.320077651601317,0.0,0.0,0.0,66_88,66/88,30.63%,S100A4;SRGN;FOS;BTG1;S100A6;VIM;RPS21;ZFP36;IER2;PPP1R15A;RPL36;RGS2;TPSAB1;RPS15;RPS16;TPT1;RPLP1;RGS1;FTL;JUND;RPS10;RPL34;CD63;RPL18;RPLP2;RPL9;RPS8;RPL18A;RPS3;RPS26;RPS28;RPL13A;RPL37A;RPL8;RPL36AL;TMSB10;RPS11;RPL28;RPL38;RPS29;RPL14;RPS20;SAMSN1;RPL35A;RPS24;RPL6;RPS6;RPS27A;RPL3;RPS7;RPS3A;RPS25;RPS14;RPL7A;RPL29;RPL23A;RPS18;RPL32;RPL19;RPS13;RPL27A;RPL11;NACA;RPS4X;RPL39;FAU,S100A4;SRGN;FOS;BTG1;S100A6;VIM;RPS21;ZFP36;IER2;PPP1R15A;RPL36;RGS2;TPSAB1;RPS15;RPS16;TPT1;RPLP1;RGS1;FTL;JUND;RPS10;RPL34;CD63;RPL18;RPLP2;RPL9;RPS8;RPL18A;RPS3;RPS26;RPS28;RPL13A;RPL37A;RPL8;RPL36AL;TMSB10;RPS11;RPL28;RPL38;RPS29;RPL14;RPS20;SAMSN1;RPL35A;RPS24;RPL6;RPS6;RPS27A;RPL3;RPS7;RPS3A;RPS25;RPS14;RPL7A;RPL29;RPL23A;RPS18;RPL32;RPL19;RPS13;RPL27A;RPL11;NACA;RPS4X;RPL39;FAU;RPS2;EIF1;RPS27;RPS15A;RPL30;RPL5;RPL22;RPL37;PABPC1;RPL41;RPS23;PTMA;RPL10A;RPL21;EEF1A1;FTH1;RPL12;B2M;TMSB4X;RPL15;CD69;RPL26,"[245, 1146, 1219, 1239, 1299, 1399, 1679, 1852, 2071, 2264, 2297, 2412, 2414, 2583, 2683, 2707, 2741, 2808, 3009, 3051, 3058, 3066, 3076, 3110, 3161, 3204, 3240, 3274, 3341, 3446, 3464, 3478, 3513, 3549, 3634, 3661, 3907, 3938, 3947, 4056, 4093, 4125, 4147, 4202, 4212, 4220, 4340, 4464, 4465, 4486, 4491, 4542, 4601, 4603, 4699, 4751, 4800, 4803, 4864, 4883, 5032, 5044, 5174, 5294, 5363, 5365, 5472, 5574, 5753, 5993, 6030, 6075, 6109, 6213, 6350, 6566, 6735, 7036, 7111, 7173, 7718, 7728, 8419, 8759, 8993, 10085, 16391, 16730]",Tabula_Sapiens__Pancreas-mast Cell
Tabula_Sapiens,Thymus-dn3 Thymocyte,prerank,0.5839269921062821,2.3333885607849374,0.0,0.0,0.0,68_92,68/92,30.63%,CXCR4;KLF2;IL7R;BTG1;ZFP36L2;RPS21;EEF1D;RPL36;RPS19;RPS15;RPS16;TPT1;RPLP1;FTL;JUND;RPS10;RPL34;RPL18;RPLP2;RPL9;RPS8;RPL18A;RPS3;RPS28;RPL13A;RPL37A;RPL8;RPL31;TMSB10;RPS5;RPL27;RPS11;RPL28;RPL38;RPS29;RPL14;TOMM7;RPS20;RPL35;RPL35A;RPS24;RPL6;RPS6;RPS27A;RPL3;RPS7;RPS3A;RPS25;RPS14;RPL7A;RPL29;RPL23A;RPS18;RPL32;UBA52;RPL19;RPS13;RPS9;RPL7;PFDN5;RPSA;RPL27A;RPL11;NACA;RPS4X;RPL4;RPL39;FAU,CXCR4;KLF2;IL7R;BTG1;ZFP36L2;RPS21;EEF1D;RPL36;RPS19;RPS15;RPS16;TPT1;RPLP1;FTL;JUND;RPS10;RPL34;RPL18;RPLP2;RPL9;RPS8;RPL18A;RPS3;RPS28;RPL13A;RPL37A;RPL8;RPL31;TMSB10;RPS5;RPL27;RPS11;RPL28;RPL38;RPS29;RPL14;TOMM7;RPS20;RPL35;RPL35A;RPS24;RPL6;RPS6;RPS27A;RPL3;RPS7;RPS3A;RPS25;RPS14;RPL7A;RPL29;RPL23A;RPS18;RPL32;UBA52;RPL19;RPS13;RPS9;RPL7;PFDN5;RPSA;RPL27A;RPL11;NACA;RPS4X;RPL4;RPL39;FAU;RPS2;EIF1;TXNIP;RPS27;RPS15A;RPL30;RPL5;RPL22;RPL37;RPLP0;RPL41;RPS23;HLA-A;PTMA;RPL10A;RPL21;EEF1A1;FTH1;RPL12;B2M;TMSB4X;RPL15;EEF1B2;RPL26,"[50, 811, 1012, 1239, 1382, 1679, 1776, 2297, 2336, 2583, 2683, 2707, 2741, 3009, 3051, 3058, 3066, 3110, 3161, 3204, 3240, 3274, 3341, 3464, 3478, 3513, 3549, 3614, 3661, 3685, 3894, 3907, 3938, 3947, 4056, 4093, 4113, 4125, 4163, 4202, 4212, 4220, 4340, 4464, 4465, 4486, 4491, 4542, 4601, 4603, 4699, 4751, 4800, 4803, 4863, 4864, 4883, 4925, 4984, 5007, 5014, 5032, 5044, 5174, 5294, 5360, 5363, 5365, 5472, 5574, 5739, 5753, 5993, 6030, 6075, 6109, 6213, 6265, 6566, 6735, 7026, 7036, 7111, 7173, 7718, 7728, 8419, 8759, 8993, 10085, 11512, 16730]",Tabula_Sapiens__Thymus-dn3 Thymocyte
Tabula_Sapiens,Trachea-neutrophil,prerank,0.7050017007890703,2.8516921721556554,0.0,0.0,0.0,61_92,61/92,19.18%,G0S2;S100A12;CD177;IL1R2;VNN2;S100A8;ADM;S100P;S100A4;CST7;PLAUR;FCGR2A;STXBP2;NFKBIA;SERPINA1;CEBPB;CYBA;C5AR1;ITGB2;IFITM2;TYROBP;S100A9;IFITM1;CSF3R;FCER1G;PNRC1;TSPO;LAPTM5;SLC2A3;FPR1;ALOX5AP;S100A11;BCL2A1;SRGN;CLIC1;FOS;BTG1;S100A6;VIM;TIMP1;MCL1;GMFG;ZFP36L1;NFKBIZ;ZFP36;CYSTM1;IER2;PTPRC;PLEK;MXD1;TPT1;SH3BGRL3;COTL1;GLUL;HLA-E;FTL;OAZ1;CD63;PROK2;HLA-B;MYL12A,G0S2;S100A12;CD177;IL1R2;VNN2;S100A8;ADM;S100P;S100A4;CST7;PLAUR;FCGR2A;STXBP2;NFKBIA;SERPINA1;CEBPB;CYBA;C5AR1;ITGB2;IFITM2;TYROBP;S100A9;IFITM1;CSF3R;FCER1G;PNRC1;TSPO;LAPTM5;SLC2A3;FPR1;ALOX5AP;S100A11;BCL2A1;SRGN;CLIC1;FOS;BTG1;S100A6;VIM;TIMP1;MCL1;GMFG;ZFP36L1;NFKBIZ;ZFP36;CYSTM1;IER2;PTPRC;PLEK;MXD1;TPT1;SH3BGRL3;COTL1;GLUL;HLA-E;FTL;OAZ1;CD63;PROK2;HLA-B;MYL12A;EFHD2;CD44;HLA-C;MYL6;GAPDH;PFN1;SDCBP;RNF149;AIF1;SERPINB1;IVNS1ABP;HLA-A;CD55;FTH1;TPM3;B2M;MARCKS;TMSB4X;NAMPT;MNDA;ACSL1;SOD2;BASP1;ITM2B;ACTG1;AQP9;SLC25A37;LITAF;GCA;TUBA1A;EGR1,"[1, 11, 18, 33, 117, 157, 159, 233, 245, 291, 295, 313, 361, 438, 459, 464, 470, 497, 507, 633, 656, 820, 842, 848, 857, 875, 915, 919, 935, 1004, 1045, 1102, 1133, 1146, 1171, 1219, 1239, 1299, 1399, 1515, 1560, 1575, 1595, 1641, 1852, 2001, 2071, 2422, 2474, 2544, 2707, 2777, 2856, 2868, 2908, 3009, 3070, 3076, 3224, 3273, 3359, 3718, 4043, 5034, 5081, 5812, 5977, 5990, 6038, 6152, 6571, 6723, 7026, 7327, 7728, 8503, 8759, 8773, 8993, 9148, 9168, 9364, 9365, 10595, 11214, 11600, 12114, 12360, 14933, 16271, 16804, 17016]",Tabula_Sapiens__Trachea-neutrophil
Tabula_Sapiens,"Trachea-cd4-positive, Alpha-Beta T Cell",prerank,0.5707536363937888,2.3094197403980785,0.0,0.0,0.0,73_90,73/90,34.68%,S100A4;IL32;SRGN;BTG1;VIM;RPS21;RPL36;RPS19;RPS15;RPS16;TPT1;RPLP1;JUND;RPS10;RPL34;RPL18;RPLP2;RPL9;RPS8;HLA-B;RPL18A;RPS3;RPS28;RPL13A;RPL37A;RPL8;TMSB10;RPS5;RPL27;RPS11;RPL28;RPL38;RPS29;RPL14;RPS20;RPL35;RPL35A;RPS24;RPL6;RPS6;RPS27A;RPL3;RPS7;RPS3A;RPS25;RPS14;RPL7A;RPL29;RPL23A;RPS18;RPL32;UBA52;RPL19;RPS13;RPS9;RPL7;RPSA;RPL27A;HLA-C;RPL11;NACA;RPS4X;RPL4;RPL39;FAU;RPS2;EIF1;RPS27;GAPDH;PFN1;RPS15A;RPL30;RPL5,S100A4;IL32;SRGN;BTG1;VIM;RPS21;RPL36;RPS19;RPS15;RPS16;TPT1;RPLP1;JUND;RPS10;RPL34;RPL18;RPLP2;RPL9;RPS8;HLA-B;RPL18A;RPS3;RPS28;RPL13A;RPL37A;RPL8;TMSB10;RPS5;RPL27;RPS11;RPL28;RPL38;RPS29;RPL14;RPS20;RPL35;RPL35A;RPS24;RPL6;RPS6;RPS27A;RPL3;RPS7;RPS3A;RPS25;RPS14;RPL7A;RPL29;RPL23A;RPS18;RPL32;UBA52;RPL19;RPS13;RPS9;RPL7;RPSA;RPL27A;HLA-C;RPL11;NACA;RPS4X;RPL4;RPL39;FAU;RPS2;EIF1;RPS27;GAPDH;PFN1;RPS15A;RPL30;RPL5;RPL37;RPLP0;RPL41;RPS23;HLA-A;PTMA;RPL10A;RPL21;EEF1A1;FTH1;RPL12;B2M;TMSB4X;RPL15;EEF1B2;ACTG1;RPL26,"[245, 314, 1146, 1239, 1399, 1679, 2297, 2336, 2583, 2683, 2707, 2741, 3051, 3058, 3066, 3110, 3161, 3204, 3240, 3273, 3274, 3341, 3464, 3478, 3513, 3549, 3661, 3685, 3894, 3907, 3938, 3947, 4056, 4093, 4125, 4163, 4202, 4212, 4220, 4340, 4464, 4465, 4486, 4491, 4542, 4601, 4603, 4699, 4751, 4800, 4803, 4863, 4864, 4883, 4925, 4984, 5014, 5032, 5034, 5044, 5174, 5294, 5360, 5363, 5365, 5472, 5574, 5753, 5812, 5977, 5993, 6030, 6075, 6213, 6265, 6566, 6735, 7026, 7036, 7111, 7173, 7718, 7728, 8419, 8759, 8993, 10085, 11512, 11600, 16730]","Tabula_Sapiens__Trachea-cd4-positive, Alpha-Beta T Cell"
Tabula_Sapiens,Salivary Gland-t Cell,prerank,0.6194608656513844,2.4497688902036607,0.0,0.0,0.0,63_81,63/81,32.85%,CXCR4;HSP90AA1;IL7R;TSC22D3;FOS;BTG1;ZFP36L2;VIM;RPS21;ZG16B;RPL36;RPS19;JUN;RPS15;RPS16;TPT1;RPLP1;JUND;RPL34;RPL18;RPLP2;RPL9;RPS8;RPL18A;RPS3;RPS28;RPL13A;RPL37A;KLF6;RPL8;TMSB10;RPS5;RPS11;RPL28;RPL38;RPS29;RPL14;RPS20;RPL35;RPL35A;RPS24;RPS6;RPS27A;RPL3;RPS7;RPS3A;RPS14;RPL7A;RPL29;RPL23A;RPS18;RPL32;RPL19;RPS13;RPS9;RPL11;RPS4X;RPL39;FAU;RPS2;EIF1;TXNIP;RPS27,CXCR4;HSP90AA1;IL7R;TSC22D3;FOS;BTG1;ZFP36L2;VIM;RPS21;ZG16B;RPL36;RPS19;JUN;RPS15;RPS16;TPT1;RPLP1;JUND;RPL34;RPL18;RPLP2;RPL9;RPS8;RPL18A;RPS3;RPS28;RPL13A;RPL37A;KLF6;RPL8;TMSB10;RPS5;RPS11;RPL28;RPL38;RPS29;RPL14;RPS20;RPL35;RPL35A;RPS24;RPS6;RPS27A;RPL3;RPS7;RPS3A;RPS14;RPL7A;RPL29;RPL23A;RPS18;RPL32;RPL19;RPS13;RPS9;RPL11;RPS4X;RPL39;FAU;RPS2;EIF1;TXNIP;RPS27;RPS15A;RPL30;RPL5;RPL37;RPL41;RPS23;PTMA;RPL10A;RPL21;EEF1A1;FTH1;FOSB;RPL12;B2M;TMSB4X;DDX5;RPL15;CCL4,"[50, 996, 1012, 1034, 1219, 1239, 1382, 1399, 1679, 2171, 2297, 2336, 2405, 2583, 2683, 2707, 2741, 3051, 3066, 3110, 3161, 3204, 3240, 3274, 3341, 3464, 3478, 3513, 3544, 3549, 3661, 3685, 3907, 3938, 3947, 4056, 4093, 4125, 4163, 4202, 4212, 4340, 4464, 4465, 4486, 4491, 4601, 4603, 4699, 4751, 4800, 4803, 4864, 4883, 4925, 5044, 5294, 5363, 5365, 5472, 5574, 5739, 5753, 5993, 6030, 6075, 6213, 6566, 6735, 7036, 7111, 7173, 7718, 7728, 7914, 8419, 8759, 8993, 9867, 10085, 10797]",Tabula_Sapiens__Salivary Gland-t Cell
Tabula_Sapiens,Eye-conjunctival Epithelial Cell,prerank,0.5795184549755472,2.330424168362854,0.0,0.0,0.0,64_88,64/88,28.85%,HSPA1A;HSPB1;SLPI;S100A8;S100A4;PLAUR;EZR;TM4SF1;CLU;S100A9;PERP;HSP90AA1;AQP3;S100A11;KRT19;BTG1;S100A6;ANXA2;ZFP36L1;EMP1;RPS21;S100A2;KLF5;RPL36;RPS19;ADIRF;RPS15;RPS16;CSTB;TPT1;RPLP1;GSTP1;RPL34;RPL18;RPLP2;RPS8;RPL18A;RPS3;AQP5;RPS28;RPL13A;RPL37A;RPL8;TMSB10;KRT13;RPS11;CLDN4;RPL28;RPS29;RPL35A;RPS24;RPS6;RPS27A;RPL3;RPS14;RPL7A;RPL29;RPS18;RPL32;RPL19;RPS13;RPS9;RPL11;ANXA1,HSPA1A;HSPB1;SLPI;S100A8;S100A4;PLAUR;EZR;TM4SF1;CLU;S100A9;PERP;HSP90AA1;AQP3;S100A11;KRT19;BTG1;S100A6;ANXA2;ZFP36L1;EMP1;RPS21;S100A2;KLF5;RPL36;RPS19;ADIRF;RPS15;RPS16;CSTB;TPT1;RPLP1;GSTP1;RPL34;RPL18;RPLP2;RPS8;RPL18A;RPS3;AQP5;RPS28;RPL13A;RPL37A;RPL8;TMSB10;KRT13;RPS11;CLDN4;RPL28;RPS29;RPL35A;RPS24;RPS6;RPS27A;RPL3;RPS14;RPL7A;RPL29;RPS18;RPL32;RPL19;RPS13;RPS9;RPL11;ANXA1;RPS4X;RPL39;RPS2;EIF1;RPS27;RPS15A;RPL30;RPL37;CST3;RPL41;RPS23;RPL21;CD55;EEF1A1;FTH1;RPL12;B2M;TMSB4X;ITM2B;ACTG1;FABP5;ALDH3A1;TACSTD2;KRT5,"[2, 4, 42, 157, 245, 295, 669, 694, 751, 820, 937, 996, 1057, 1102, 1151, 1239, 1299, 1542, 1595, 1664, 1679, 1766, 1906, 2297, 2336, 2504, 2583, 2683, 2706, 2707, 2741, 2918, 3066, 3110, 3161, 3240, 3274, 3341, 3398, 3464, 3478, 3513, 3549, 3661, 3883, 3907, 3933, 3938, 4056, 4202, 4212, 4340, 4464, 4465, 4601, 4603, 4699, 4800, 4803, 4864, 4883, 4925, 5044, 5053, 5294, 5363, 5472, 5574, 5753, 5993, 6030, 6213, 6273, 6566, 6735, 7173, 7327, 7718, 7728, 8419, 8759, 8993, 11214, 11600, 14946, 17019, 17189, 17270]",Tabula_Sapiens__Eye-conjunctival Epithelial Cell
Tabula_Sapiens,Prostate-luminal Cell Of Prostate Epithelium,prerank,0.508424544313776,2.012759825293194,0.0,0.0,0.0,58_83,58/83,31.24%,AZGP1;HSP90AA1;RPS21;SERF2;RPL36;RPS19;HSP90AB1;ADIRF;RPS15;RPS16;TPT1;RPLP1;RPL34;RPL18;RPLP2;RPL9;RPS8;RPL18A;RPS3;NKX3-1;RPS28;RPL13A;RPL37A;RPL8;RPS5;RPS11;RPL28;RPL38;RPS29;RPL14;RPS20;RPL35;RPL35A;RPS24;RPL6;RPS6;RPS27A;RPL3;RPS7;RPS3A;RPS25;RPS14;RPL7A;CPE;RPL29;RPL23A;RPS18;RPL32;RPL19;RPS13;RPS9;RPL27A;RPL11;NEFH;DHRS7;RPS4X;RPL39;RPS2,AZGP1;HSP90AA1;RPS21;SERF2;RPL36;RPS19;HSP90AB1;ADIRF;RPS15;RPS16;TPT1;RPLP1;RPL34;RPL18;RPLP2;RPL9;RPS8;RPL18A;RPS3;NKX3-1;RPS28;RPL13A;RPL37A;RPL8;RPS5;RPS11;RPL28;RPL38;RPS29;RPL14;RPS20;RPL35;RPL35A;RPS24;RPL6;RPS6;RPS27A;RPL3;RPS7;RPS3A;RPS25;RPS14;RPL7A;CPE;RPL29;RPL23A;RPS18;RPL32;RPL19;RPS13;RPS9;RPL27A;RPL11;NEFH;DHRS7;RPS4X;RPL39;RPS2;HSP90B1;RPS27;RPS15A;RPL30;RPL5;RPL37;RPLP0;CST3;PMEPA1;RPL41;RPS23;RPL10A;RPL21;EEF1A1;FTH1;RPL12;SEC11C;PPDPF;B2M;RPL15;RDH11;STEAP2;NPY;FOLH1;RPL26,"[100, 996, 1679, 2068, 2297, 2336, 2454, 2504, 2583, 2683, 2707, 2741, 3066, 3110, 3161, 3204, 3240, 3274, 3341, 3364, 3464, 3478, 3513, 3549, 3685, 3907, 3938, 3947, 4056, 4093, 4125, 4163, 4202, 4212, 4220, 4340, 4464, 4465, 4486, 4491, 4542, 4601, 4603, 4663, 4699, 4751, 4800, 4803, 4864, 4883, 4925, 5032, 5044, 5178, 5216, 5294, 5363, 5472, 5669, 5753, 5993, 6030, 6075, 6213, 6265, 6273, 6443, 6566, 6735, 7111, 7173, 7718, 7728, 8419, 8448, 8669, 8759, 10085, 10792, 12674, 15213, 16633, 16730]",Tabula_Sapiens__Prostate-luminal Cell Of Prostate Epithelium
Tabula_Sapiens,Eye-adipocyte,prerank,0.5023922078620018,2.0104584101367293,0.0,0.0,0.0,62_85,62/85,31.24%,GAL;RPS21;SOAT1;RPL36;RPS19;RPS15;RPS16;TPT1;RPLP1;RPS10;RPL34;RPL18;RPLP2;RPL9;RPS8;RPL18A;RPS3;RPS28;RPL13A;RPL37A;MGST1;RPL8;RPL31;RPS5;APOE;RPL27;RPS11;RPL28;RPL38;RPS29;RPL14;RPS20;RPL35;RPL35A;RPS24;RPL6;RPS6;RPS27A;RPL3;RPS7;RPS3A;RPS25;RPS14;RPL7A;RPL29;RPL23A;RPS18;RPL32;UBA52;RPL19;RPS13;RPS9;RPL7;RPSA;RPL27A;RPL11;NACA;RPS4X;RPL4;RPL39;FAU;RPS2,GAL;RPS21;SOAT1;RPL36;RPS19;RPS15;RPS16;TPT1;RPLP1;RPS10;RPL34;RPL18;RPLP2;RPL9;RPS8;RPL18A;RPS3;RPS28;RPL13A;RPL37A;MGST1;RPL8;RPL31;RPS5;APOE;RPL27;RPS11;RPL28;RPL38;RPS29;RPL14;RPS20;RPL35;RPL35A;RPS24;RPL6;RPS6;RPS27A;RPL3;RPS7;RPS3A;RPS25;RPS14;RPL7A;RPL29;RPL23A;RPS18;RPL32;UBA52;RPL19;RPS13;RPS9;RPL7;RPSA;RPL27A;RPL11;NACA;RPS4X;RPL4;RPL39;FAU;RPS2;RPS27;RPS15A;RPL30;RPL5;RPL37;RPLP0;RPL41;RPS23;PTMA;RPL10A;RPL21;EEF1A1;PPIA;RPL12;EEF2;FDPS;RPL15;DHCR24;MSMO1;EEF1B2;SCD;HMGCS1;RPL26,"[339, 1679, 2002, 2297, 2336, 2583, 2683, 2707, 2741, 3058, 3066, 3110, 3161, 3204, 3240, 3274, 3341, 3464, 3478, 3513, 3531, 3549, 3614, 3685, 3783, 3894, 3907, 3938, 3947, 4056, 4093, 4125, 4163, 4202, 4212, 4220, 4340, 4464, 4465, 4486, 4491, 4542, 4601, 4603, 4699, 4751, 4800, 4803, 4863, 4864, 4883, 4925, 4984, 5014, 5032, 5044, 5174, 5294, 5360, 5363, 5365, 5472, 5753, 5993, 6030, 6075, 6213, 6265, 6566, 6735, 7036, 7111, 7173, 7718, 8153, 8419, 9092, 9750, 10085, 10613, 11135, 11512, 16479, 16564, 16730]",Tabula_Sapiens__Eye-adipocyte
Tabula_Sapiens,Eye-microglial Cell,prerank,0.6293863371855662,2.5201925445009716,0.0,0.0,0.0,63_89,63/89,28.80%,HSPA1A;HSPA1B;MT2A;C1QA;C1QC;C1QB;HLA-DRB1;LYZ;TYROBP;CD163;HLA-DRA;CD74;HSP90AA1;SRGN;FOS;RPS21;ZFP36;HLA-DPA1;RPL36;RPS19;GPX1;RPS15;RPS16;TPT1;RPLP1;RGS1;FTL;RPL34;RPL18;RPLP2;RPL9;RPS8;RPL18A;RPS3;RPS28;RPL13A;RPL37A;TMSB10;APOE;RPS11;RPL28;RPL38;RPS29;RPL35A;RPS24;RPL6;RPS6;RPS27A;RPL3;RPS7;RPS3A;RPS14;RPL7A;RPL29;RPL23A;RPS18;RPL32;UBA52;RPL19;RPS13;RPS9;RPL27A;RPL11,HSPA1A;HSPA1B;MT2A;C1QA;C1QC;C1QB;HLA-DRB1;LYZ;TYROBP;CD163;HLA-DRA;CD74;HSP90AA1;SRGN;FOS;RPS21;ZFP36;HLA-DPA1;RPL36;RPS19;GPX1;RPS15;RPS16;TPT1;RPLP1;RGS1;FTL;RPL34;RPL18;RPLP2;RPL9;RPS8;RPL18A;RPS3;RPS28;RPL13A;RPL37A;TMSB10;APOE;RPS11;RPL28;RPL38;RPS29;RPL35A;RPS24;RPL6;RPS6;RPS27A;RPL3;RPS7;RPS3A;RPS14;RPL7A;RPL29;RPL23A;RPS18;RPL32;UBA52;RPL19;RPS13;RPS9;RPL27A;RPL11;RPS4X;RPL39;FAU;RPS2;EIF1;CTSB;RPS27;RPS15A;RPL30;RPL37;CST3;RPL41;RPS23;PTMA;RPL21;CCL3;CCL4L2;EEF1A1;FTH1;RPL12;B2M;TMSB4X;CCL3L1;RPL15;CCL4;RPL26,"[2, 7, 145, 196, 280, 399, 558, 574, 656, 818, 855, 908, 996, 1146, 1219, 1679, 1852, 1918, 2297, 2336, 2540, 2583, 2683, 2707, 2741, 2808, 3009, 3066, 3110, 3161, 3204, 3240, 3274, 3341, 3464, 3478, 3513, 3661, 3783, 3907, 3938, 3947, 4056, 4202, 4212, 4220, 4340, 4464, 4465, 4486, 4491, 4601, 4603, 4699, 4751, 4800, 4803, 4863, 4864, 4883, 4925, 5032, 5044, 5294, 5363, 5365, 5472, 5574, 5660, 5753, 5993, 6030, 6213, 6273, 6566, 6735, 7036, 7173, 7409, 7512, 7718, 7728, 8419, 8759, 8993, 9302, 10085, 10797, 16730]",Tabula_Sapiens__Eye-microglial Cell
Tabula_Sapiens,Skin-plasma Cell,prerank,0.5965081396070417,2.3646404352181625,0.0,0.0,0.0,66_84,66/84,33.18%,DDIT4;MZB1;CYBA;TSC22D3;SRGN;S100A6;ZFP36L2;VIM;RPS21;SERF2;HSPA5;HERPUD1;RPL36;RPS19;RPS15;RPS16;LGALS1;TPT1;RPLP1;FTL;RPL34;RPL18;RPLP2;RPL9;RPS8;HLA-B;RPL18A;RPS3;RPS28;RPL37A;RPL8;TMSB10;RPS5;RPL28;RPS29;RPL14;RPL35;RPL35A;RPS24;RPL6;RPS6;RPS27A;RPL3;RPS7;RPS3A;RPS25;RPS14;RPL7A;RPL29;RPL23A;RPS18;RPL32;RPL19;RPS13;RPS9;HLA-C;RPL11;NACA;RPS4X;RPL39;FAU;RPS2;EIF1;HSP90B1;RPS27;GAPDH,DDIT4;MZB1;CYBA;TSC22D3;SRGN;S100A6;ZFP36L2;VIM;RPS21;SERF2;HSPA5;HERPUD1;RPL36;RPS19;RPS15;RPS16;LGALS1;TPT1;RPLP1;FTL;RPL34;RPL18;RPLP2;RPL9;RPS8;HLA-B;RPL18A;RPS3;RPS28;RPL37A;RPL8;TMSB10;RPS5;RPL28;RPS29;RPL14;RPL35;RPL35A;RPS24;RPL6;RPS6;RPS27A;RPL3;RPS7;RPS3A;RPS25;RPS14;RPL7A;RPL29;RPL23A;RPS18;RPL32;RPL19;RPS13;RPS9;HLA-C;RPL11;NACA;RPS4X;RPL39;FAU;RPS2;EIF1;HSP90B1;RPS27;GAPDH;RPS15A;RPL30;RPL5;RPL37;RPLP0;RPL41;RPS23;SSR4;PTMA;RPL10A;RPL21;EEF1A1;FTH1;RPL12;B2M;TMSB4X;RPL15;RPL26,"[17, 75, 470, 1034, 1146, 1299, 1382, 1399, 1679, 2068, 2084, 2276, 2297, 2336, 2583, 2683, 2686, 2707, 2741, 3009, 3066, 3110, 3161, 3204, 3240, 3273, 3274, 3341, 3464, 3513, 3549, 3661, 3685, 3938, 4056, 4093, 4163, 4202, 4212, 4220, 4340, 4464, 4465, 4486, 4491, 4542, 4601, 4603, 4699, 4751, 4800, 4803, 4864, 4883, 4925, 5034, 5044, 5174, 5294, 5363, 5365, 5472, 5574, 5669, 5753, 5812, 5993, 6030, 6075, 6213, 6265, 6566, 6735, 6863, 7036, 7111, 7173, 7718, 7728, 8419, 8759, 8993, 10085, 16730]",Tabula_Sapiens__Skin-plasma Cell
Tabula_Sapiens,Heart-macrophage,prerank,0.5295928201950553,2.109937613814016,0.0,0.0,0.0,62_87,62/87,30.63%,S100A4;MYL4;HSP90AA1;FOS;S100A6;VIM;RPS21;SERF2;RPL36;MYL7;RPS19;RPS15;RPS16;TPT1;RPLP1;FTL;RPL34;RPL18;RPLP2;RPL9;RPS8;RPL18A;RPS3;RPS26;RPS28;RPL37A;RPL8;TMSB10;RPS5;RPL27;RPS11;RPL28;RPL38;TNNI1;RPS29;RPL14;RPL35;RPL35A;RPS24;RPL6;TNNT2;RPS6;RPS27A;RPL3;RPS7;RPS3A;RPS25;RPS14;RPL7A;RPL29;RPS18;RPL32;UBA52;RPL19;RPS13;RPS9;RPL27A;RPL11;MYL6;RPS4X;RPL39;FAU,S100A4;MYL4;HSP90AA1;FOS;S100A6;VIM;RPS21;SERF2;RPL36;MYL7;RPS19;RPS15;RPS16;TPT1;RPLP1;FTL;RPL34;RPL18;RPLP2;RPL9;RPS8;RPL18A;RPS3;RPS26;RPS28;RPL37A;RPL8;TMSB10;RPS5;RPL27;RPS11;RPL28;RPL38;TNNI1;RPS29;RPL14;RPL35;RPL35A;RPS24;RPL6;TNNT2;RPS6;RPS27A;RPL3;RPS7;RPS3A;RPS25;RPS14;RPL7A;RPL29;RPS18;RPL32;UBA52;RPL19;RPS13;RPS9;RPL27A;RPL11;MYL6;RPS4X;RPL39;FAU;RPS2;TXNIP;RPS27;GAPDH;RPS15A;RPL30;RPL5;RPL37;CST3;RPL41;RPS23;PTMA;RPL10A;RPL21;EEF1A1;FTH1;GNLY;RPL12;B2M;TMSB4X;RPL15;TPM1;ACTC1;RNASE1;RPL26,"[245, 552, 996, 1219, 1299, 1399, 1679, 2068, 2297, 2324, 2336, 2583, 2683, 2707, 2741, 3009, 3066, 3110, 3161, 3204, 3240, 3274, 3341, 3446, 3464, 3513, 3549, 3661, 3685, 3894, 3907, 3938, 3947, 4037, 4056, 4093, 4163, 4202, 4212, 4220, 4289, 4340, 4464, 4465, 4486, 4491, 4542, 4601, 4603, 4699, 4800, 4803, 4863, 4864, 4883, 4925, 5032, 5044, 5081, 5294, 5363, 5365, 5472, 5739, 5753, 5812, 5993, 6030, 6075, 6213, 6273, 6566, 6735, 7036, 7111, 7173, 7718, 7728, 8051, 8419, 8759, 8993, 10085, 14533, 16182, 16286, 16730]",Tabula_Sapiens__Heart-macrophage
Tabula_Sapiens,Lymph Node-neutrophil,prerank,0.7184572703941331,2.854614827991097,0.0,0.0,0.0,54_82,54/82,17.56%,G0S2;S100A12;IL1R2;S100A8;CXCR2;FKBP5;S100P;S100A4;CST7;PLAUR;CEBPD;FCGR2A;NFKBIA;SERPINA1;CEBPB;CYBA;IFITM2;TYROBP;IL1RN;S100A9;IFITM1;CSF3R;FCER1G;PNRC1;TSPO;LAPTM5;SLC2A3;IFITM3;FPR1;ALOX5AP;S100A11;BCL2A1;SRGN;FOS;BTG1;S100A6;TNFAIP3;VIM;MCL1;NFKBIZ;ZFP36;IER2;IER3;PPP1R15A;RGS2;PTPRC;PLEK;MXD1;IL1B;TPT1;HLA-E;FTL;OAZ1;CD63,G0S2;S100A12;IL1R2;S100A8;CXCR2;FKBP5;S100P;S100A4;CST7;PLAUR;CEBPD;FCGR2A;NFKBIA;SERPINA1;CEBPB;CYBA;IFITM2;TYROBP;IL1RN;S100A9;IFITM1;CSF3R;FCER1G;PNRC1;TSPO;LAPTM5;SLC2A3;IFITM3;FPR1;ALOX5AP;S100A11;BCL2A1;SRGN;FOS;BTG1;S100A6;TNFAIP3;VIM;MCL1;NFKBIZ;ZFP36;IER2;IER3;PPP1R15A;RGS2;PTPRC;PLEK;MXD1;IL1B;TPT1;HLA-E;FTL;OAZ1;CD63;HLA-B;MYL12A;SAMSN1;HLA-C;MYL6;EIF1;TXNIP;SDCBP;RNF149;IVNS1ABP;HLA-A;CD55;FTH1;B2M;ARPC3;TMSB4X;NAMPT;MNDA;SOD2;BTG2;BASP1;ITM2B;AQP9;SLC25A37;SORL1;LITAF;GCA;EGR1,"[1, 11, 33, 157, 169, 215, 233, 245, 291, 295, 312, 313, 438, 459, 464, 470, 633, 656, 793, 820, 842, 848, 857, 875, 915, 919, 935, 970, 1004, 1045, 1102, 1133, 1146, 1219, 1239, 1299, 1329, 1399, 1560, 1641, 1852, 2071, 2252, 2264, 2412, 2422, 2474, 2544, 2654, 2707, 2908, 3009, 3070, 3076, 3273, 3359, 4147, 5034, 5081, 5574, 5739, 5990, 6038, 6723, 7026, 7327, 7728, 8759, 8867, 8993, 9148, 9168, 9365, 9417, 10595, 11214, 12114, 12360, 14179, 14933, 16271, 17016]",Tabula_Sapiens__Lymph Node-neutrophil
Tabula_Sapiens,Eye-limbal Stromal Cell,prerank,0.5535342919624184,2.209564686799717,0.0,0.0,0.0,58_89,58/89,28.12%,HSPA1A;MT2A;PRELP;CP;CLU;CRYAB;IFITM3;HSP90AA1;IGFBP6;S100A6;VIM;TIMP1;RPS21;IGFBP5;PTGDS;OPTC;SERPING1;RPL36;RPS19;JUN;HSP90AB1;APOD;RPS15;TIMP3;TPT1;RPLP1;GLUL;FTL;RPL34;CD63;RPL18;RPLP2;RPL9;RPS8;RPL18A;RPS3;RPS28;RPL13A;RPL37A;RPL8;TMSB10;RPS11;RPL28;RPS29;RPL35;RPL35A;RPS24;RPS6;RPS27A;RPL3;RPS3A;RPS14;RPL7A;RPS18;RPL32;RPL19;RPS13;RPS9,HSPA1A;MT2A;PRELP;CP;CLU;CRYAB;IFITM3;HSP90AA1;IGFBP6;S100A6;VIM;TIMP1;RPS21;IGFBP5;PTGDS;OPTC;SERPING1;RPL36;RPS19;JUN;HSP90AB1;APOD;RPS15;TIMP3;TPT1;RPLP1;GLUL;FTL;RPL34;CD63;RPL18;RPLP2;RPL9;RPS8;RPL18A;RPS3;RPS28;RPL13A;RPL37A;RPL8;TMSB10;RPS11;RPL28;RPS29;RPL35;RPL35A;RPS24;RPS6;RPS27A;RPL3;RPS3A;RPS14;RPL7A;RPS18;RPL32;RPL19;RPS13;RPS9;RPL11;RPS4X;RPL39;FAU;RPS2;RPS27;RPL30;RPL5;RPL37;CST3;RPL41;RPS23;PTMA;RPL21;EEF1A1;FTH1;FRZB;SPARCL1;GPX3;RPL12;B2M;TFPI2;RPL15;ITM2B;IGFBP7;F5;DAPL1;PLP1;DCT;LCN1;RPL26,"[2, 145, 327, 546, 751, 969, 970, 996, 1105, 1299, 1399, 1515, 1679, 1810, 1932, 2007, 2181, 2297, 2336, 2405, 2454, 2562, 2583, 2602, 2707, 2741, 2868, 3009, 3066, 3076, 3110, 3161, 3204, 3240, 3274, 3341, 3464, 3478, 3513, 3549, 3661, 3907, 3938, 4056, 4163, 4202, 4212, 4340, 4464, 4465, 4491, 4601, 4603, 4800, 4803, 4864, 4883, 4925, 5044, 5294, 5363, 5365, 5472, 5753, 6030, 6075, 6213, 6273, 6566, 6735, 7036, 7173, 7718, 7728, 7856, 7992, 7997, 8419, 8759, 9956, 10085, 11214, 11361, 12241, 14715, 15345, 16115, 16185, 16730]",Tabula_Sapiens__Eye-limbal Stromal Cell
Tabula_Sapiens,Muscle-slow Muscle Cell,prerank,0.507643001475249,2.020603047688648,0.0,0.0,0.0,47_83,47/83,27.88%,HSPB1;TCAP;MT2A;MT1X;YBX3;CKM;CRYAB;CA3;S100A6;MYBPC1;PYGM;TNNT1;COX6A2;MYH7;ENO3;ANKRD2;ACTA1;RPS15;MYL3;RPS16;TPT1;RPLP1;TNNC2;RPL9;RPS8;RPL18A;MYL12A;RPS28;RPL13A;RPL37A;RPL8;YBX1;COX7C;RPL38;TNNI1;RPS29;RPL35;RPS24;RPS3A;RPS25;RPS14;RPL29;RPL23A;RPS18;RPL32;RPL19;RPS13,HSPB1;TCAP;MT2A;MT1X;YBX3;CKM;CRYAB;CA3;S100A6;MYBPC1;PYGM;TNNT1;COX6A2;MYH7;ENO3;ANKRD2;ACTA1;RPS15;MYL3;RPS16;TPT1;RPLP1;TNNC2;RPL9;RPS8;RPL18A;MYL12A;RPS28;RPL13A;RPL37A;RPL8;YBX1;COX7C;RPL38;TNNI1;RPS29;RPL35;RPS24;RPS3A;RPS25;RPS14;RPL29;RPL23A;RPS18;RPL32;RPL19;RPS13;GNAS;EEF1A2;RPS4X;RPL39;MYL6B;RPS2;EIF1;RPS27;GAPDH;RPS15A;RPL30;NEB;BIN1;RPL37;COX7A1;RPL41;RPS23;TPM2;PDLIM5;RPL21;NDUFA4;UQCRB;FTH1;S100A1;RPL12;TPM3;SOD2;SLC25A4;GAMT;MB;PDLIM3;MYOZ1;KLHL41;ACTN2;SLN;DES,"[4, 40, 145, 318, 466, 487, 969, 1220, 1299, 1479, 1487, 1493, 1615, 1710, 1875, 2500, 2524, 2583, 2682, 2683, 2707, 2741, 3060, 3204, 3240, 3274, 3359, 3464, 3478, 3513, 3549, 3681, 3856, 3947, 4037, 4056, 4163, 4212, 4491, 4542, 4601, 4699, 4751, 4800, 4803, 4864, 4883, 5066, 5154, 5294, 5363, 5445, 5472, 5574, 5753, 5812, 5993, 6030, 6051, 6167, 6213, 6484, 6566, 6735, 6931, 7105, 7173, 7461, 7589, 7728, 7770, 8419, 8503, 9365, 9429, 9976, 11474, 12200, 15514, 15544, 16276, 16806, 17091]",Tabula_Sapiens__Muscle-slow Muscle Cell
Tabula_Sapiens,Spleen-intermediate Monocyte,prerank,0.56585950908634,2.235495428622927,0.0,0.0,0.0,35_84,35/84,20.06%,MMP9;S100A12;IL1R2;S100A8;S100P;S100A4;NFKBIA;CYBA;LYZ;IFITM2;TYROBP;RETN;LCN2;S100A9;FCER1G;TSPO;ALOX5AP;S100A11;SRGN;FOS;S100A6;VIM;CTSS;SERF2;RPS19;TPT1;RPLP1;SH3BGRL3;FTL;RPL34;OAZ1;RPLP2;RPS8;RPS28;RPL37A,MMP9;S100A12;IL1R2;S100A8;S100P;S100A4;NFKBIA;CYBA;LYZ;IFITM2;TYROBP;RETN;LCN2;S100A9;FCER1G;TSPO;ALOX5AP;S100A11;SRGN;FOS;S100A6;VIM;CTSS;SERF2;RPS19;TPT1;RPLP1;SH3BGRL3;FTL;RPL34;OAZ1;RPLP2;RPS8;RPS28;RPL37A;TMSB10;RPS11;RPL28;RPS29;RPS24;RPS6;RPS14;RPS18;RPL32;UBA52;RPL11;ANXA1;MYL6;LTF;RPL39;RPS2;EIF1;RPS27;GAPDH;CYBB;PFN1;RPS15A;RPL30;RPL37;RPL41;SERPINB1;HMGB2;PTMA;RPL21;CD55;EEF1A1;FTH1;CPNE3;RPL12;TPM3;B2M;TMSB4X;MNDA;SOD2;ARPC5;ARPC2;ACTG1;PADI4;OLFM4;CALM1;HMGN2;ACTR2;GCA;PGLYRP1,"[9, 11, 33, 157, 233, 245, 438, 470, 574, 633, 656, 672, 756, 820, 857, 915, 1045, 1102, 1146, 1219, 1299, 1399, 1687, 2068, 2336, 2707, 2741, 2777, 3009, 3066, 3070, 3161, 3240, 3464, 3513, 3661, 3907, 3938, 4056, 4212, 4340, 4601, 4800, 4803, 4863, 5044, 5053, 5081, 5338, 5363, 5472, 5574, 5753, 5812, 5847, 5977, 5993, 6030, 6213, 6566, 6571, 6590, 7036, 7173, 7327, 7718, 7728, 7777, 8419, 8503, 8759, 8993, 9168, 9365, 10736, 11250, 11600, 12566, 12812, 13283, 14670, 15982, 16271, 16414]",Tabula_Sapiens__Spleen-intermediate Monocyte
Tabula_Sapiens,Prostate-basal Cell Of Prostate Epithelium,prerank,0.5501786002595199,2.2013944032486474,0.0,0.0,0.0,57_85,57/85,28.85%,SLPI;CEBPD;NFKBIA;CLU;CRYAB;S100A11;KRT19;FOS;S100A6;ZFP36L1;RPS21;ZFP36;IER2;PDK4;IER3;RPL36;RPS19;JUN;HSP90AB1;RPS15;TPT1;RPLP1;GSTP1;FTL;JUND;RPL34;RPL18;RPL9;RPS8;RPS3;RPS28;RPL13A;RPL37A;KLF6;RPL8;CD81;CLDN4;RPL28;RPL14;RPL35;RPL35A;RPS24;ATF3;RPS6;RPS27A;RPL3;RPS7;RPS3A;RPS14;RPL7A;RPL29;RPS18;RPL32;RPL19;RPS9;RPL11;ANXA1,SLPI;CEBPD;NFKBIA;CLU;CRYAB;S100A11;KRT19;FOS;S100A6;ZFP36L1;RPS21;ZFP36;IER2;PDK4;IER3;RPL36;RPS19;JUN;HSP90AB1;RPS15;TPT1;RPLP1;GSTP1;FTL;JUND;RPL34;RPL18;RPL9;RPS8;RPS3;RPS28;RPL13A;RPL37A;KLF6;RPL8;CD81;CLDN4;RPL28;RPL14;RPL35;RPL35A;RPS24;ATF3;RPS6;RPS27A;RPL3;RPS7;RPS3A;RPS14;RPL7A;RPL29;RPS18;RPL32;RPL19;RPS9;RPL11;ANXA1;RPS4X;RPL39;FAU;RPS2;EIF1;TXNIP;RPS27;RPS15A;RPL30;RPL5;RPL37;RPL41;RPS23;PTMA;RPL10A;RPL21;EEF1A1;FTH1;WFDC2;FOSB;RPL12;BTG2;RPL15;ITM2B;ACTG1;KRT17;EGR1;TACSTD2,"[42, 312, 438, 751, 969, 1102, 1151, 1219, 1299, 1595, 1679, 1852, 2071, 2104, 2252, 2297, 2336, 2405, 2454, 2583, 2707, 2741, 2918, 3009, 3051, 3066, 3110, 3204, 3240, 3341, 3464, 3478, 3513, 3544, 3549, 3757, 3933, 3938, 4093, 4163, 4202, 4212, 4249, 4340, 4464, 4465, 4486, 4491, 4601, 4603, 4699, 4800, 4803, 4864, 4925, 5044, 5053, 5294, 5363, 5365, 5472, 5574, 5739, 5753, 5993, 6030, 6075, 6213, 6566, 6735, 7036, 7111, 7173, 7718, 7728, 7784, 7914, 8419, 9417, 10085, 11214, 11600, 13183, 17016, 17189]",Tabula_Sapiens__Prostate-basal Cell Of Prostate Epithelium
Tabula_Sapiens,Prostate-neutrophil,prerank,0.6520492650259735,2.5734952509103586,0.0,0.0,0.0,49_83,49/83,17.53%,G0S2;S100A12;IL1R2;VNN2;S100A8;S100P;S100A4;CST7;CEBPD;NFKBIA;SERPINA1;CEBPB;CYBA;C5AR1;IFITM2;TYROBP;KLF2;S100A9;CSF3R;FCER1G;PNRC1;TSPO;LAPTM5;SLC2A3;FPR1;ALOX5AP;S100A11;BCL2A1;SRGN;FOS;BTG1;S100A6;MCL1;ZFP36L1;NFKBIZ;ZFP36;IER2;RGS2;PTPRC;PLEK;MXD1;TPT1;ARHGDIB;SH3BGRL3;GLUL;HLA-E;IFRD1;FTL;OAZ1,G0S2;S100A12;IL1R2;VNN2;S100A8;S100P;S100A4;CST7;CEBPD;NFKBIA;SERPINA1;CEBPB;CYBA;C5AR1;IFITM2;TYROBP;KLF2;S100A9;CSF3R;FCER1G;PNRC1;TSPO;LAPTM5;SLC2A3;FPR1;ALOX5AP;S100A11;BCL2A1;SRGN;FOS;BTG1;S100A6;MCL1;ZFP36L1;NFKBIZ;ZFP36;IER2;RGS2;PTPRC;PLEK;MXD1;TPT1;ARHGDIB;SH3BGRL3;GLUL;HLA-E;IFRD1;FTL;OAZ1;HLA-B;MYL12A;SAMSN1;HLA-C;MYL6;ABHD5;TXNIP;GAPDH;PFN1;SDCBP;RNF149;HLA-A;CD55;FTH1;B2M;ARPC3;TMSB4X;NAMPT;MNDA;ACSL1;SOD2;BTG2;BASP1;ITM2B;ACTG1;ASAH1;SLC25A37;PTGS2;SORL1;LITAF;GCA;HBA1;HBA2;HBB,"[1, 11, 33, 117, 157, 233, 245, 291, 312, 438, 459, 464, 470, 497, 633, 656, 811, 820, 848, 857, 875, 915, 919, 935, 1004, 1045, 1102, 1133, 1146, 1219, 1239, 1299, 1560, 1595, 1641, 1852, 2071, 2412, 2422, 2474, 2544, 2707, 2742, 2777, 2868, 2908, 2935, 3009, 3070, 3273, 3359, 4147, 5034, 5081, 5145, 5739, 5812, 5977, 5990, 6038, 7026, 7327, 7728, 8759, 8867, 8993, 9148, 9168, 9364, 9365, 9417, 10595, 11214, 11600, 11946, 12360, 13656, 14179, 14933, 16271, 16828, 17205, 17414]",Tabula_Sapiens__Prostate-neutrophil
Tabula_Sapiens,"Muscle-cd4-positive, Alpha-Beta T Cell",prerank,0.6181108522441205,2.480624416949342,0.0,0.0,0.0,69_90,69/90,30.63%,HSPA1A;DNAJB1;CXCR4;HSP90AA1;IL7R;TSC22D3;SRGN;FOS;BTG1;TNFAIP3;ZFP36L2;VIM;RPS21;ZFP36;RPL36;RPS19;HSP90AB1;RPS15;RPS16;TPT1;RPLP1;JUND;RPL34;RPL18;RPLP2;RPL9;RPS8;RPL18A;RPS3;RPS28;RPL13A;RPL37A;RPL8;TMSB10;RPS5;RPL27;RPS11;RPL28;RPL38;RPS29;RPL14;RPS20;RPL35;RPL35A;RPS24;RPL6;RPS6;RPS27A;RPL3;RPS7;RPS3A;RPS25;RPS14;RPL7A;RPL29;RPL23A;RPS18;RPL32;UBA52;RPL19;RPS13;RPS9;RPSA;RPL27A;RPL11;NACA;RPS4X;RPL39;FAU,HSPA1A;DNAJB1;CXCR4;HSP90AA1;IL7R;TSC22D3;SRGN;FOS;BTG1;TNFAIP3;ZFP36L2;VIM;RPS21;ZFP36;RPL36;RPS19;HSP90AB1;RPS15;RPS16;TPT1;RPLP1;JUND;RPL34;RPL18;RPLP2;RPL9;RPS8;RPL18A;RPS3;RPS28;RPL13A;RPL37A;RPL8;TMSB10;RPS5;RPL27;RPS11;RPL28;RPL38;RPS29;RPL14;RPS20;RPL35;RPL35A;RPS24;RPL6;RPS6;RPS27A;RPL3;RPS7;RPS3A;RPS25;RPS14;RPL7A;RPL29;RPL23A;RPS18;RPL32;UBA52;RPL19;RPS13;RPS9;RPSA;RPL27A;RPL11;NACA;RPS4X;RPL39;FAU;RPS2;EIF1;TXNIP;RPS27;RPS15A;RPL30;RPL5;RPL37;RPL41;RPS23;PTMA;RPL10A;RPL21;EEF1A1;FTH1;RPL12;B2M;TMSB4X;RPL15;CCL4;RPL26,"[2, 8, 50, 996, 1012, 1034, 1146, 1219, 1239, 1329, 1382, 1399, 1679, 1852, 2297, 2336, 2454, 2583, 2683, 2707, 2741, 3051, 3066, 3110, 3161, 3204, 3240, 3274, 3341, 3464, 3478, 3513, 3549, 3661, 3685, 3894, 3907, 3938, 3947, 4056, 4093, 4125, 4163, 4202, 4212, 4220, 4340, 4464, 4465, 4486, 4491, 4542, 4601, 4603, 4699, 4751, 4800, 4803, 4863, 4864, 4883, 4925, 5014, 5032, 5044, 5174, 5294, 5363, 5365, 5472, 5574, 5739, 5753, 5993, 6030, 6075, 6213, 6566, 6735, 7036, 7111, 7173, 7718, 7728, 8419, 8759, 8993, 10085, 10797, 16730]","Tabula_Sapiens__Muscle-cd4-positive, Alpha-Beta T Cell"
Tabula_Sapiens,Lung-cd4-positive Alpha-Beta T Cell,prerank,0.584625671471921,2.3513968335754436,0.0,0.0,0.0,64_90,64/90,28.80%,CXCR4;S100A4;NFKBIA;HSP90AA1;IL7R;TSC22D3;SRGN;FOS;BTG1;TNFAIP3;ZFP36L2;RPS21;RPL36;RPS19;JUN;RPS15;RPS16;TPT1;RPLP1;FTL;JUND;RPL34;RPL18;RPLP2;RPL9;RPS8;RPL18A;RPS3;RPS28;RPL13A;RPL37A;KLF6;RPL8;TMSB10;RPS5;RPS11;RPL28;RPL38;RPS29;RPL14;RPS20;RPL35;RPL35A;RPS24;RPL6;RPS6;RPS27A;RPL3;RPS7;RPS3A;RPS25;RPS14;RPL7A;RPL29;RPL23A;RPS18;RPL32;UBA52;RPL19;RPS13;RPS9;RPSA;RPL27A;RPL11,CXCR4;S100A4;NFKBIA;HSP90AA1;IL7R;TSC22D3;SRGN;FOS;BTG1;TNFAIP3;ZFP36L2;RPS21;RPL36;RPS19;JUN;RPS15;RPS16;TPT1;RPLP1;FTL;JUND;RPL34;RPL18;RPLP2;RPL9;RPS8;RPL18A;RPS3;RPS28;RPL13A;RPL37A;KLF6;RPL8;TMSB10;RPS5;RPS11;RPL28;RPL38;RPS29;RPL14;RPS20;RPL35;RPL35A;RPS24;RPL6;RPS6;RPS27A;RPL3;RPS7;RPS3A;RPS25;RPS14;RPL7A;RPL29;RPL23A;RPS18;RPL32;UBA52;RPL19;RPS13;RPS9;RPSA;RPL27A;RPL11;RPS4X;RPL39;FAU;RPS2;EIF1;TXNIP;RPS27;RPS15A;RPL30;RPL5;RPL37;RPL41;RPS23;HLA-A;PTMA;RPL10A;RPL21;EEF1A1;FTH1;RPL12;B2M;TMSB4X;RPL15;CCL4;CD69;RPL26,"[50, 245, 438, 996, 1012, 1034, 1146, 1219, 1239, 1329, 1382, 1679, 2297, 2336, 2405, 2583, 2683, 2707, 2741, 3009, 3051, 3066, 3110, 3161, 3204, 3240, 3274, 3341, 3464, 3478, 3513, 3544, 3549, 3661, 3685, 3907, 3938, 3947, 4056, 4093, 4125, 4163, 4202, 4212, 4220, 4340, 4464, 4465, 4486, 4491, 4542, 4601, 4603, 4699, 4751, 4800, 4803, 4863, 4864, 4883, 4925, 5014, 5032, 5044, 5294, 5363, 5365, 5472, 5574, 5739, 5753, 5993, 6030, 6075, 6213, 6566, 6735, 7026, 7036, 7111, 7173, 7718, 7728, 8419, 8759, 8993, 10085, 10797, 16391, 16730]",Tabula_Sapiens__Lung-cd4-positive Alpha-Beta T Cell
Tabula_Sapiens,Trachea-secretory Cell,prerank,0.5418734377609261,2.168006302693018,0.0,0.0,0.0,60_87,60/87,28.85%,SLPI;KRT18;S100P;CXCL1;LCN2;S100A9;AQP3;S100A11;KRT19;FOS;S100A6;ANXA2;BPIFB1;KRT8;RPS21;S100A2;SERF2;RPL36;RPS19;RPS15;RPS16;CSTB;TPT1;RPLP1;GLUL;GSTP1;RPL34;RPL18;RPLP2;RPS8;HLA-B;RPL18A;RPS3;AQP5;RPS28;RPL13A;RPL37A;RPL8;TMSB10;SCGB1A1;RPS11;CLDN4;RPL28;PRDX1;RPS29;RPS24;RPS6;RPS27A;RPL3;RPS3A;RPS14;RPL7A;RPL29;RPS18;RPL32;RPL19;RPS9;RPL27A;RPL11;ANXA1,SLPI;KRT18;S100P;CXCL1;LCN2;S100A9;AQP3;S100A11;KRT19;FOS;S100A6;ANXA2;BPIFB1;KRT8;RPS21;S100A2;SERF2;RPL36;RPS19;RPS15;RPS16;CSTB;TPT1;RPLP1;GLUL;GSTP1;RPL34;RPL18;RPLP2;RPS8;HLA-B;RPL18A;RPS3;AQP5;RPS28;RPL13A;RPL37A;RPL8;TMSB10;SCGB1A1;RPS11;CLDN4;RPL28;PRDX1;RPS29;RPS24;RPS6;RPS27A;RPL3;RPS3A;RPS14;RPL7A;RPL29;RPS18;RPL32;RPL19;RPS9;RPL27A;RPL11;ANXA1;RPS4X;RPL39;RPS2;LGALS3;RPS27;GAPDH;RPS15A;RPL30;RPL37;RPLP0;RPL41;RPS23;HLA-A;PTMA;RPL10A;EEF1A1;WFDC2;TSPAN1;RPL12;B2M;RPL15;SCGB3A1;ACTG1;ELF3;CD9;TACSTD2;HBB,"[42, 166, 233, 594, 756, 820, 1057, 1102, 1151, 1219, 1299, 1542, 1569, 1580, 1679, 1766, 2068, 2297, 2336, 2583, 2683, 2706, 2707, 2741, 2868, 2918, 3066, 3110, 3161, 3240, 3273, 3274, 3341, 3398, 3464, 3478, 3513, 3549, 3661, 3821, 3907, 3933, 3938, 4033, 4056, 4212, 4340, 4464, 4465, 4491, 4601, 4603, 4699, 4800, 4803, 4864, 4925, 5032, 5044, 5053, 5294, 5363, 5472, 5562, 5753, 5812, 5993, 6030, 6213, 6265, 6566, 6735, 7026, 7036, 7111, 7718, 7784, 8356, 8419, 8759, 10085, 11110, 11600, 14662, 15173, 17189, 17414]",Tabula_Sapiens__Trachea-secretory Cell
Tabula_Sapiens,Trachea-basal Cell,prerank,0.5255270874597543,2.1152072063483955,0.0,0.0,0.0,65_88,65/88,30.63%,KRT15;AQP3;S100A11;KRT19;S100A6;ANXA2;S100A10;RPS21;S100A2;RPL36;RPS19;RPS15;RPS16;TPT1;RPLP1;GSTP1;FTL;RPL34;RPL18;RPLP2;RPL9;RPS8;RPL18A;RPS3;RPS26;RPS28;RPL13A;RPL37A;RPL8;TMSB10;RPS5;RPS11;RPL28;PRDX1;RPS29;RPL14;RPS20;RPL35;RPL35A;RPS24;RPL6;RPS6;RPS27A;RPL3;RPS7;RPS3A;RPS25;RPS14;RPL7A;RPL29;RPL23A;RPS18;RPL32;UBA52;RPL19;RPS13;RPS9;RPSA;RPL27A;RPL11;ANXA1;NACA;RPS4X;RPL39;FAU,KRT15;AQP3;S100A11;KRT19;S100A6;ANXA2;S100A10;RPS21;S100A2;RPL36;RPS19;RPS15;RPS16;TPT1;RPLP1;GSTP1;FTL;RPL34;RPL18;RPLP2;RPL9;RPS8;RPL18A;RPS3;RPS26;RPS28;RPL13A;RPL37A;RPL8;TMSB10;RPS5;RPS11;RPL28;PRDX1;RPS29;RPL14;RPS20;RPL35;RPL35A;RPS24;RPL6;RPS6;RPS27A;RPL3;RPS7;RPS3A;RPS25;RPS14;RPL7A;RPL29;RPL23A;RPS18;RPL32;UBA52;RPL19;RPS13;RPS9;RPSA;RPL27A;RPL11;ANXA1;NACA;RPS4X;RPL39;FAU;RPS2;RPS27;GAPDH;RPS15A;RPL30;RPL5;RPL37;RPLP0;RPL41;RPS23;PTMA;RPL10A;RPL21;EEF1A1;FTH1;RPL12;B2M;RPL15;ACTG1;KRT17;CD9;RPL26;KRT5,"[682, 1057, 1102, 1151, 1299, 1542, 1551, 1679, 1766, 2297, 2336, 2583, 2683, 2707, 2741, 2918, 3009, 3066, 3110, 3161, 3204, 3240, 3274, 3341, 3446, 3464, 3478, 3513, 3549, 3661, 3685, 3907, 3938, 4033, 4056, 4093, 4125, 4163, 4202, 4212, 4220, 4340, 4464, 4465, 4486, 4491, 4542, 4601, 4603, 4699, 4751, 4800, 4803, 4863, 4864, 4883, 4925, 5014, 5032, 5044, 5053, 5174, 5294, 5363, 5365, 5472, 5753, 5812, 5993, 6030, 6075, 6213, 6265, 6566, 6735, 7036, 7111, 7173, 7718, 7728, 8419, 8759, 10085, 11600, 13183, 15173, 16730, 17270]",Tabula_Sapiens__Trachea-basal Cell
Tabula_Sapiens,Thymus-nk Cell,prerank,0.5228393525056573,2.0748248846596367,0.0,0.0,0.0,61_89,61/89,31.82%,CXCR4;NFKBIA;CYBA;KLRD1;IL7R;TSC22D3;SRGN;FOS;BTG1;TNFAIP3;ZFP36L2;RPS21;ZFP36;RPL36;RPS19;RPS15;TPT1;RPLP1;HLA-E;JUND;RPL34;RPL18;RPLP2;RPL9;RPS8;HLA-B;RPL18A;RPS3;MYL12A;RPS28;RPL13A;RPL37A;RPL8;TMSB10;RPS5;RPL28;RPS29;RPL14;RPL35A;RPS24;RPL6;RPS6;RPS27A;RPL3;RPS7;RPS3A;RPS14;RPL7A;RPL29;RPS18;RPL32;RPL19;RPS13;RPS9;RPL11;RPS4X;RPL39;FAU;RPS2;CCL5;EIF1,CXCR4;NFKBIA;CYBA;KLRD1;IL7R;TSC22D3;SRGN;FOS;BTG1;TNFAIP3;ZFP36L2;RPS21;ZFP36;RPL36;RPS19;RPS15;TPT1;RPLP1;HLA-E;JUND;RPL34;RPL18;RPLP2;RPL9;RPS8;HLA-B;RPL18A;RPS3;MYL12A;RPS28;RPL13A;RPL37A;RPL8;TMSB10;RPS5;RPL28;RPS29;RPL14;RPL35A;RPS24;RPL6;RPS6;RPS27A;RPL3;RPS7;RPS3A;RPS14;RPL7A;RPL29;RPS18;RPL32;RPL19;RPS13;RPS9;RPL11;RPS4X;RPL39;FAU;RPS2;CCL5;EIF1;TXNIP;RPS27;PFN1;RPS15A;RPL30;RPL5;RPL37;RPLP0;RPL41;RPS23;PTMA;RPL10A;RPL21;CCL3;EEF1A1;FTH1;GNLY;RPL12;DUSP2;B2M;TMSB4X;DDX5;RPL15;CCL4;CALM1;NKG7;CD69;GZMA,"[50, 438, 470, 759, 1012, 1034, 1146, 1219, 1239, 1329, 1382, 1679, 1852, 2297, 2336, 2583, 2707, 2741, 2908, 3051, 3066, 3110, 3161, 3204, 3240, 3273, 3274, 3341, 3359, 3464, 3478, 3513, 3549, 3661, 3685, 3938, 4056, 4093, 4202, 4212, 4220, 4340, 4464, 4465, 4486, 4491, 4601, 4603, 4699, 4800, 4803, 4864, 4883, 4925, 5044, 5294, 5363, 5365, 5472, 5546, 5574, 5739, 5753, 5977, 5993, 6030, 6075, 6213, 6265, 6566, 6735, 7036, 7111, 7173, 7409, 7718, 7728, 8051, 8419, 8683, 8759, 8993, 9867, 10085, 10797, 13283, 15287, 16391, 17331]",Tabula_Sapiens__Thymus-nk Cell
Tabula_Sapiens,Skin-muscle Cell,prerank,0.5630543824497474,2.2389076399195367,0.0,0.0,0.0,61_88,61/88,30.63%,MT1A;MT2A;CEBPD;MT1X;YBX3;IL6;PNRC1;IFITM3;VIM;RPS21;PDK4;RPL36;RPS19;HSP90AB1;RPS15;RPS16;TPT1;RPLP1;FTL;RPL34;RPL18;RPLP2;RPL9;RPS8;RPL18A;RPS3;RPS28;RPL13A;RPL37A;ADAMTS1;RPL8;RPS5;RPL28;RPL38;RPS29;RPL14;RPL35;RPL35A;RPS24;RPL6;RPS6;RPS27A;RPL3;RPS7;RPS3A;RPS25;RPS14;RPL7A;RPL29;RPL23A;RPS18;RPL32;RPL19;RPS13;RPS9;RPL11;MYL6;NACA;RPS4X;RPL39;FAU,MT1A;MT2A;CEBPD;MT1X;YBX3;IL6;PNRC1;IFITM3;VIM;RPS21;PDK4;RPL36;RPS19;HSP90AB1;RPS15;RPS16;TPT1;RPLP1;FTL;RPL34;RPL18;RPLP2;RPL9;RPS8;RPL18A;RPS3;RPS28;RPL13A;RPL37A;ADAMTS1;RPL8;RPS5;RPL28;RPL38;RPS29;RPL14;RPL35;RPL35A;RPS24;RPL6;RPS6;RPS27A;RPL3;RPS7;RPS3A;RPS25;RPS14;RPL7A;RPL29;RPL23A;RPS18;RPL32;RPL19;RPS13;RPS9;RPL11;MYL6;NACA;RPS4X;RPL39;FAU;RPS2;EIF1;RPS27;GAPDH;RPS15A;RPL30;RPL5;CALD1;RPL37;RPLP0;RPL41;RPS23;TPM2;PTMA;RPL10A;RPL21;EEF1A1;FTH1;RPL12;RHOB;B2M;MGP;SOD2;RPL15;IGFBP7;TAGLN;RPL26,"[138, 145, 312, 318, 466, 719, 875, 970, 1399, 1679, 2104, 2297, 2336, 2454, 2583, 2683, 2707, 2741, 3009, 3066, 3110, 3161, 3204, 3240, 3274, 3341, 3464, 3478, 3513, 3516, 3549, 3685, 3938, 3947, 4056, 4093, 4163, 4202, 4212, 4220, 4340, 4464, 4465, 4486, 4491, 4542, 4601, 4603, 4699, 4751, 4800, 4803, 4864, 4883, 4925, 5044, 5081, 5174, 5294, 5363, 5365, 5472, 5574, 5753, 5812, 5993, 6030, 6075, 6176, 6213, 6265, 6566, 6735, 6931, 7036, 7111, 7173, 7718, 7728, 8419, 8680, 8759, 9257, 9365, 10085, 11361, 16652, 16730]",Tabula_Sapiens__Skin-muscle Cell
Tabula_Sapiens,Small Intestine-intestinal Enteroendocrine Cell,prerank,0.5136572877915134,2.0365682093067883,0.0,0.0,0.0,53_85,53/85,29.01%,HSPA1A;HSPA1B;MT2A;MT1G;GAST;MT1E;MT1X;HSP90AA1;FOS;S100A6;KRT8;IER2;HSPA5;PDK4;RPL36;JUN;HSP90AB1;RPS15;CHGA;TFF3;TPT1;RPLP1;FTL;JUND;RPL34;CD63;RPL18;RPS8;RPS3;RPS28;RPL13A;RPL37A;KLF6;RPL8;TMSB10;RPS11;RPL28;RPS29;RPS24;ATF3;RPS6;RPS27A;RPL3;RPS3A;RPS14;RPL7A;RPS18;RPL32;RPL19;RPS9;RPL11;GNAS;MYL6,HSPA1A;HSPA1B;MT2A;MT1G;GAST;MT1E;MT1X;HSP90AA1;FOS;S100A6;KRT8;IER2;HSPA5;PDK4;RPL36;JUN;HSP90AB1;RPS15;CHGA;TFF3;TPT1;RPLP1;FTL;JUND;RPL34;CD63;RPL18;RPS8;RPS3;RPS28;RPL13A;RPL37A;KLF6;RPL8;TMSB10;RPS11;RPL28;RPS29;RPS24;ATF3;RPS6;RPS27A;RPL3;RPS3A;RPS14;RPL7A;RPS18;RPL32;RPL19;RPS9;RPL11;GNAS;MYL6;RPS4X;UBB;RPS2;EIF1;RPS27;GAPDH;RPL30;RPL41;RPS23;SSR4;PTMA;RPL21;EEF1A1;FTH1;HSPA8;FOSB;RPL12;RHOB;B2M;GHRL;BTG2;PCSK1N;ACTG1;SCG5;LCN15;PYY;CALM1;TTR;CHGB;DIRAS3;NTS;SST,"[2, 7, 145, 165, 236, 308, 318, 996, 1219, 1299, 1580, 2071, 2084, 2104, 2297, 2405, 2454, 2583, 2611, 2699, 2707, 2741, 3009, 3051, 3066, 3076, 3110, 3240, 3341, 3464, 3478, 3513, 3544, 3549, 3661, 3907, 3938, 4056, 4212, 4249, 4340, 4464, 4465, 4491, 4601, 4603, 4800, 4803, 4864, 4925, 5044, 5066, 5081, 5294, 5432, 5472, 5574, 5753, 5812, 6030, 6566, 6735, 6863, 7036, 7173, 7718, 7728, 7892, 7914, 8419, 8680, 8759, 8763, 9417, 9597, 11600, 12003, 12104, 12717, 13283, 15340, 16056, 16592, 16615, 17376]",Tabula_Sapiens__Small Intestine-intestinal Enteroendocrine Cell
Tabula_Sapiens,Skin-nk Cell,prerank,0.5900212670162639,2.3669943568859932,0.0,0.0,0.0,71_90,71/90,33.18%,CXCR4;IL7R;TSC22D3;SRGN;BTG1;S100A6;ZFP36L2;VIM;RPS21;EEF1D;RPL36;RPS19;RPS15;RPS16;TPT1;RPLP1;FTL;JUND;RPS10;RPL34;RPL18;RPLP2;RPL9;RPS8;HLA-B;RPL18A;RPS3;RPS26;RPS28;RPL13A;RPL37A;RPL8;TMSB10;RPS5;RPL27;RPL28;RPL38;RPS29;RPL14;RPL35;RPL35A;RPS24;RPL6;RPS6;RPS27A;RPL3;RPS7;RPS3A;RPS25;RPS14;RPL7A;RPL29;RPL23A;RPS18;RPL32;UBA52;RPL19;RPS13;RPS9;RPSA;RPL27A;RPL11;NACA;RPS4X;RPL39;FAU;RPS2;EIF1;TXNIP;RPS27;GAPDH,CXCR4;IL7R;TSC22D3;SRGN;BTG1;S100A6;ZFP36L2;VIM;RPS21;EEF1D;RPL36;RPS19;RPS15;RPS16;TPT1;RPLP1;FTL;JUND;RPS10;RPL34;RPL18;RPLP2;RPL9;RPS8;HLA-B;RPL18A;RPS3;RPS26;RPS28;RPL13A;RPL37A;RPL8;TMSB10;RPS5;RPL27;RPL28;RPL38;RPS29;RPL14;RPL35;RPL35A;RPS24;RPL6;RPS6;RPS27A;RPL3;RPS7;RPS3A;RPS25;RPS14;RPL7A;RPL29;RPL23A;RPS18;RPL32;UBA52;RPL19;RPS13;RPS9;RPSA;RPL27A;RPL11;NACA;RPS4X;RPL39;FAU;RPS2;EIF1;TXNIP;RPS27;GAPDH;RPS15A;RPL30;RPL5;RPL22;RPL37;RPLP0;PABPC1;RPL41;RPS23;PTMA;RPL10A;RPL21;EEF1A1;FTH1;RPL12;B2M;TMSB4X;RPL15;RPL26,"[50, 1012, 1034, 1146, 1239, 1299, 1382, 1399, 1679, 1776, 2297, 2336, 2583, 2683, 2707, 2741, 3009, 3051, 3058, 3066, 3110, 3161, 3204, 3240, 3273, 3274, 3341, 3446, 3464, 3478, 3513, 3549, 3661, 3685, 3894, 3938, 3947, 4056, 4093, 4163, 4202, 4212, 4220, 4340, 4464, 4465, 4486, 4491, 4542, 4601, 4603, 4699, 4751, 4800, 4803, 4863, 4864, 4883, 4925, 5014, 5032, 5044, 5174, 5294, 5363, 5365, 5472, 5574, 5739, 5753, 5812, 5993, 6030, 6075, 6109, 6213, 6265, 6350, 6566, 6735, 7036, 7111, 7173, 7718, 7728, 8419, 8759, 8993, 10085, 16730]",Tabula_Sapiens__Skin-nk Cell
Tabula_Sapiens,Thymus-endothelial Cell Of Lymphatic Vessel,prerank,0.5754686829495252,2.3306086661130045,0.0,0.0,0.0,66_91,66/91,31.24%,MT2A;CEBPD;MMRN1;TM4SF1;CLU;IFITM3;FOS;S100A6;VIM;TIMP1;ANXA2;S100A10;RPS21;ZFP36;TFPI;RPL36;RPS19;ADIRF;RPS15;RPS16;TPT1;RPLP1;HLA-E;FTL;RPL34;RPL18;RPLP2;RPL9;RPS8;RPL18A;RPS3;RPS28;RPL13A;RPL37A;RPL8;TMSB10;RPS5;CXCL2;RPL28;RPS29;RPL14;RPL35;RPL35A;RPS24;RPL6;RPS6;RPS27A;RPL3;RPS7;RPS3A;RPS25;RPS14;RPL7A;RPL29;RPS18;RPL32;RPL19;RPS13;RPS9;RPL11;MYL6;RPS4X;RPL39;FAU;ID1;RPS2,MT2A;CEBPD;MMRN1;TM4SF1;CLU;IFITM3;FOS;S100A6;VIM;TIMP1;ANXA2;S100A10;RPS21;ZFP36;TFPI;RPL36;RPS19;ADIRF;RPS15;RPS16;TPT1;RPLP1;HLA-E;FTL;RPL34;RPL18;RPLP2;RPL9;RPS8;RPL18A;RPS3;RPS28;RPL13A;RPL37A;RPL8;TMSB10;RPS5;CXCL2;RPL28;RPS29;RPL14;RPL35;RPL35A;RPS24;RPL6;RPS6;RPS27A;RPL3;RPS7;RPS3A;RPS25;RPS14;RPL7A;RPL29;RPS18;RPL32;RPL19;RPS13;RPS9;RPL11;MYL6;RPS4X;RPL39;FAU;ID1;RPS2;EIF1;RPS27;GAPDH;RPS15A;RPL30;RPL5;RPL37;RPLP0;RPL41;RPS23;AKAP12;PTMA;RPL21;EEF1A1;FTH1;RPL12;B2M;TMSB4X;MGP;EFEMP1;RPL15;ITM2B;IGFBP7;CD9;NTS,"[145, 312, 571, 694, 751, 970, 1219, 1299, 1399, 1515, 1542, 1551, 1679, 1852, 1966, 2297, 2336, 2504, 2583, 2683, 2707, 2741, 2908, 3009, 3066, 3110, 3161, 3204, 3240, 3274, 3341, 3464, 3478, 3513, 3549, 3661, 3685, 3816, 3938, 4056, 4093, 4163, 4202, 4212, 4220, 4340, 4464, 4465, 4486, 4491, 4542, 4601, 4603, 4699, 4800, 4803, 4864, 4883, 4925, 5044, 5081, 5294, 5363, 5365, 5430, 5472, 5574, 5753, 5812, 5993, 6030, 6075, 6213, 6265, 6566, 6735, 6752, 7036, 7173, 7718, 7728, 8419, 8759, 8993, 9257, 9633, 10085, 11214, 11361, 15173, 16615]",Tabula_Sapiens__Thymus-endothelial Cell Of Lymphatic Vessel
Tabula_Sapiens,Salivary Gland-duct Epithelial Cell,prerank,0.5279080604846159,2.061122469255012,0.0,0.0,0.0,53_79,53/79,28.85%,SLPI;AZGP1;LYZ;LCN2;HSP90AA1;S100A11;KRT19;FOS;S100A6;DEFB1;RPS21;ZG16B;RPL36;RPS19;JUN;RPS15;RPS16;TPT1;RPLP1;FTL;RPL34;RPL18;RPLP2;RPL9;RPS8;RPL18A;RPS3;RPS28;RPL13A;RPL37A;KLF6;RPL8;TMSB10;RPS5;RPS11;RPL28;RPS29;RPL14;RPS20;RPL35A;RPS24;RPS6;RPS27A;RPL3;RPS14;RPL7A;RPL29;RPS18;RPL32;RPL19;RPS9;RPL11;ANXA1,SLPI;AZGP1;LYZ;LCN2;HSP90AA1;S100A11;KRT19;FOS;S100A6;DEFB1;RPS21;ZG16B;RPL36;RPS19;JUN;RPS15;RPS16;TPT1;RPLP1;FTL;RPL34;RPL18;RPLP2;RPL9;RPS8;RPL18A;RPS3;RPS28;RPL13A;RPL37A;KLF6;RPL8;TMSB10;RPS5;RPS11;RPL28;RPS29;RPL14;RPS20;RPL35A;RPS24;RPS6;RPS27A;RPL3;RPS14;RPL7A;RPL29;RPS18;RPL32;RPL19;RPS9;RPL11;ANXA1;RPS4X;LTF;RPL39;RPS2;RPS27;RPS15A;RPL30;RPL37;RPL41;RPS23;PTMA;RPL21;EEF1A1;FTH1;WFDC2;FOSB;RPL12;B2M;TMSB4X;MGP;RPL15;SCGB3A1;RARRES1;KRT7;ANKRD36C;DMBT1,"[42, 100, 574, 756, 996, 1102, 1151, 1219, 1299, 1486, 1679, 2171, 2297, 2336, 2405, 2583, 2683, 2707, 2741, 3009, 3066, 3110, 3161, 3204, 3240, 3274, 3341, 3464, 3478, 3513, 3544, 3549, 3661, 3685, 3907, 3938, 4056, 4093, 4125, 4202, 4212, 4340, 4464, 4465, 4601, 4603, 4699, 4800, 4803, 4864, 4925, 5044, 5053, 5294, 5338, 5363, 5472, 5753, 5993, 6030, 6213, 6566, 6735, 7036, 7173, 7718, 7728, 7784, 7914, 8419, 8759, 8993, 9257, 10085, 11110, 12374, 16393, 17161, 17364]",Tabula_Sapiens__Salivary Gland-duct Epithelial Cell
Tabula_Sapiens,Lymph Node-cd8-positive Alpha-Beta T Cell,prerank,0.5625768872117664,2.2639258510672278,0.0,0.0,0.0,64_89,64/89,30.63%,CXCR4;NFKBIA;HSP90AA1;IL7R;TSC22D3;FOS;BTG1;ZFP36L2;RPS21;ZFP36;RPL36;RPS19;JUN;RPS15;RPS16;TPT1;RPLP1;FTL;JUND;RPL34;RPL18;RPLP2;RPL9;RPS8;HLA-B;RPL18A;RPS3;RPS28;RPL13A;RPL37A;RPL8;TMSB10;RPS5;RPS11;RPL28;RPL38;RPS29;RPL14;RPL35;RPL35A;RPS24;RPL6;RPS6;RPS27A;RPL3;RPS7;RPS3A;RPS25;RPS14;RPL7A;RPL29;RPL23A;RPS18;RPL32;RPL19;RPS13;RPS9;RPSA;RPL27A;RPL11;NACA;RPS4X;RPL39;FAU,CXCR4;NFKBIA;HSP90AA1;IL7R;TSC22D3;FOS;BTG1;ZFP36L2;RPS21;ZFP36;RPL36;RPS19;JUN;RPS15;RPS16;TPT1;RPLP1;FTL;JUND;RPL34;RPL18;RPLP2;RPL9;RPS8;HLA-B;RPL18A;RPS3;RPS28;RPL13A;RPL37A;RPL8;TMSB10;RPS5;RPS11;RPL28;RPL38;RPS29;RPL14;RPL35;RPL35A;RPS24;RPL6;RPS6;RPS27A;RPL3;RPS7;RPS3A;RPS25;RPS14;RPL7A;RPL29;RPL23A;RPS18;RPL32;RPL19;RPS13;RPS9;RPSA;RPL27A;RPL11;NACA;RPS4X;RPL39;FAU;RPS2;EIF1;TXNIP;RPS27;RPS15A;RPL30;RPL5;RPL37;RPLP0;RPL41;RPS23;PTMA;RPL10A;RPL21;EEF1A1;FTH1;RPL12;DUSP2;B2M;TMSB4X;RPL15;CCL4;EEF1B2;CD69;RPL26,"[50, 438, 996, 1012, 1034, 1219, 1239, 1382, 1679, 1852, 2297, 2336, 2405, 2583, 2683, 2707, 2741, 3009, 3051, 3066, 3110, 3161, 3204, 3240, 3273, 3274, 3341, 3464, 3478, 3513, 3549, 3661, 3685, 3907, 3938, 3947, 4056, 4093, 4163, 4202, 4212, 4220, 4340, 4464, 4465, 4486, 4491, 4542, 4601, 4603, 4699, 4751, 4800, 4803, 4864, 4883, 4925, 5014, 5032, 5044, 5174, 5294, 5363, 5365, 5472, 5574, 5739, 5753, 5993, 6030, 6075, 6213, 6265, 6566, 6735, 7036, 7111, 7173, 7718, 7728, 8419, 8683, 8759, 8993, 10085, 10797, 11512, 16391, 16730]",Tabula_Sapiens__Lymph Node-cd8-positive Alpha-Beta T Cell
Tabula_Sapiens,Spleen-classical Monocyte,prerank,0.6286973368323013,2.5087102830691457,0.0,0.0,0.0,61_88,61/88,28.12%,S100A8;S100A4;NFKBIA;LYZ;TYROBP;S100A9;CD74;S100A11;SRGN;FOS;S100A6;TNFAIP3;VIM;RPS21;CTSS;SERF2;RPL36;RPS19;GPX1;RPS15;IL1B;RPS16;TPT1;RPLP1;SH3BGRL3;FTL;RPL34;OAZ1;RPL18;RPLP2;VCAN;RPL9;RPS8;HLA-B;RPL18A;RPS3;RPS28;RPL13A;RPL37A;RPL8;TMSB10;RPS11;RPL28;RPS29;RPL35A;RPS24;RPL6;RPS6;RPS27A;RPL3;RPS7;RPS3A;RPS14;RPL7A;RPL29;RPS18;RPL32;UBA52;RPL19;RPS13;RPS9,S100A8;S100A4;NFKBIA;LYZ;TYROBP;S100A9;CD74;S100A11;SRGN;FOS;S100A6;TNFAIP3;VIM;RPS21;CTSS;SERF2;RPL36;RPS19;GPX1;RPS15;IL1B;RPS16;TPT1;RPLP1;SH3BGRL3;FTL;RPL34;OAZ1;RPL18;RPLP2;VCAN;RPL9;RPS8;HLA-B;RPL18A;RPS3;RPS28;RPL13A;RPL37A;RPL8;TMSB10;RPS11;RPL28;RPS29;RPL35A;RPS24;RPL6;RPS6;RPS27A;RPL3;RPS7;RPS3A;RPS14;RPL7A;RPL29;RPS18;RPL32;UBA52;RPL19;RPS13;RPS9;RPL11;RPS4X;RPL39;FAU;RPS2;EIF1;RPS27;GAPDH;RPS15A;RPL30;AIF1;RPL37;RPLP0;CST3;RPL41;RPS23;HLA-A;PTMA;RPL21;EEF1A1;FTH1;RPL12;B2M;TMSB4X;RPL15;THBS1;EREG,"[157, 245, 438, 574, 656, 820, 908, 1102, 1146, 1219, 1299, 1329, 1399, 1679, 1687, 2068, 2297, 2336, 2540, 2583, 2654, 2683, 2707, 2741, 2777, 3009, 3066, 3070, 3110, 3161, 3195, 3204, 3240, 3273, 3274, 3341, 3464, 3478, 3513, 3549, 3661, 3907, 3938, 4056, 4202, 4212, 4220, 4340, 4464, 4465, 4486, 4491, 4601, 4603, 4699, 4800, 4803, 4863, 4864, 4883, 4925, 5044, 5294, 5363, 5365, 5472, 5574, 5753, 5812, 5993, 6030, 6152, 6213, 6265, 6273, 6566, 6735, 7026, 7036, 7173, 7718, 7728, 8419, 8759, 8993, 10085, 10764, 11223]",Tabula_Sapiens__Spleen-classical Monocyte
Tabula_Sapiens,Bladder-vein Endothelial Cell,prerank,0.6144778899682126,2.4409889423729467,0.0,0.0,0.0,63_87,63/87,30.63%,MT2A;SOCS3;NFKBIA;TM4SF1;CLU;CD74;IFITM3;FOS;S100A6;VIM;ZFP36;IER3;RPL36;RPS19;RPS15;RPS16;TPT1;RPLP1;HLA-E;FTL;JUND;RPL34;RPL18;RPLP2;RPL9;RPS8;HLA-B;RPL18A;IFI27;RPS3;RPS28;RPL13A;RPL37A;RPL8;TMSB10;RPS5;RPS11;RPL28;RPL14;RPS20;RPL35A;RPS24;RPL6;RPS6;RPS27A;RPL3;RPS7;RPS3A;RPS14;RPL7A;RPL29;RPS18;RPL32;RPL19;RPS13;RPS9;RPL27A;RPL11;MYL6;NACA;RPS4X;RPL39;FAU,MT2A;SOCS3;NFKBIA;TM4SF1;CLU;CD74;IFITM3;FOS;S100A6;VIM;ZFP36;IER3;RPL36;RPS19;RPS15;RPS16;TPT1;RPLP1;HLA-E;FTL;JUND;RPL34;RPL18;RPLP2;RPL9;RPS8;HLA-B;RPL18A;IFI27;RPS3;RPS28;RPL13A;RPL37A;RPL8;TMSB10;RPS5;RPS11;RPL28;RPL14;RPS20;RPL35A;RPS24;RPL6;RPS6;RPS27A;RPL3;RPS7;RPS3A;RPS14;RPL7A;RPL29;RPS18;RPL32;RPL19;RPS13;RPS9;RPL27A;RPL11;MYL6;NACA;RPS4X;RPL39;FAU;RPS2;EIF1;RPS27;GAPDH;RPS15A;RPL30;RPL5;RPL37;RPL41;RPS23;HLA-A;PTMA;RPL10A;RPL21;EEF1A1;FTH1;SPARCL1;RPL12;B2M;TMSB4X;RPL15;ITM2B;IGFBP7;ACTG1,"[145, 158, 438, 694, 751, 908, 970, 1219, 1299, 1399, 1852, 2252, 2297, 2336, 2583, 2683, 2707, 2741, 2908, 3009, 3051, 3066, 3110, 3161, 3204, 3240, 3273, 3274, 3312, 3341, 3464, 3478, 3513, 3549, 3661, 3685, 3907, 3938, 4093, 4125, 4202, 4212, 4220, 4340, 4464, 4465, 4486, 4491, 4601, 4603, 4699, 4800, 4803, 4864, 4883, 4925, 5032, 5044, 5081, 5174, 5294, 5363, 5365, 5472, 5574, 5753, 5812, 5993, 6030, 6075, 6213, 6566, 6735, 7026, 7036, 7111, 7173, 7718, 7728, 7992, 8419, 8759, 8993, 10085, 11214, 11361, 11600]",Tabula_Sapiens__Bladder-vein Endothelial Cell
Tabula_Sapiens,Fat-fibroblast,prerank,0.5981523871947797,2.368912325304111,0.0,0.0,0.0,59_88,59/88,28.12%,HSPA1A;MT2A;S100A4;CEBPD;C3;ADH1B;HSP90AA1;IGFBP6;FOS;S100A6;DCN;VIM;MFAP5;COL6A2;IGFBP5;ZFP36;SERPING1;RPL36;RPS19;JUN;APOD;RPS15;TIMP3;RPS16;TPT1;RPLP1;C1S;FTL;RPL34;RPL18;RPLP2;RPL9;RPS8;RPL18A;RPS3;RPS28;RPL13A;RPL37A;RPL8;RPS11;RPL28;RPS29;RPL14;RPL35A;RPS24;RPS6;RPS27A;RPL3;RPS3A;RPS25;RPS14;RPL7A;RPL29;RPL23A;RPS18;RPL32;RPL19;RPS13;RPS9,HSPA1A;MT2A;S100A4;CEBPD;C3;ADH1B;HSP90AA1;IGFBP6;FOS;S100A6;DCN;VIM;MFAP5;COL6A2;IGFBP5;ZFP36;SERPING1;RPL36;RPS19;JUN;APOD;RPS15;TIMP3;RPS16;TPT1;RPLP1;C1S;FTL;RPL34;RPL18;RPLP2;RPL9;RPS8;RPL18A;RPS3;RPS28;RPL13A;RPL37A;RPL8;RPS11;RPL28;RPS29;RPL14;RPL35A;RPS24;RPS6;RPS27A;RPL3;RPS3A;RPS25;RPS14;RPL7A;RPL29;RPL23A;RPS18;RPL32;RPL19;RPS13;RPS9;RPL11;RPS4X;RPL39;GSN;RPS2;EIF1;TXNIP;RPS27;RPS15A;RPL30;RPL5;RPL37;RPLP0;CST3;RPL41;RPS23;PTMA;RPL10A;RPL21;EEF1A1;FTH1;GPX3;RPL12;B2M;TMSB4X;MGP;RPL15;FBN1;RPL26,"[2, 145, 245, 312, 554, 648, 996, 1105, 1219, 1299, 1395, 1399, 1516, 1579, 1810, 1852, 2181, 2297, 2336, 2405, 2562, 2583, 2602, 2683, 2707, 2741, 3007, 3009, 3066, 3110, 3161, 3204, 3240, 3274, 3341, 3464, 3478, 3513, 3549, 3907, 3938, 4056, 4093, 4202, 4212, 4340, 4464, 4465, 4491, 4542, 4601, 4603, 4699, 4751, 4800, 4803, 4864, 4883, 4925, 5044, 5294, 5363, 5373, 5472, 5574, 5739, 5753, 5993, 6030, 6075, 6213, 6265, 6273, 6566, 6735, 7036, 7111, 7173, 7718, 7728, 7997, 8419, 8759, 8993, 9257, 10085, 16399, 16730]",Tabula_Sapiens__Fat-fibroblast
Tabula_Sapiens,Skin-memory B Cell,prerank,0.6205180474334043,2.491013690913453,0.0,0.0,0.0,70_91,70/91,30.63%,HSPA1A;DDIT4;CXCR4;MT2A;HLA-DRA;CD74;TSC22D3;SRGN;BTG1;S100A6;ZFP36L2;VIM;RPS21;ZFP36;RPL36;RPS19;RPS15;RPS16;LGALS1;CSTB;TPT1;RPLP1;FTL;JUND;RPS10;RPL34;OAZ1;RPL18;RPLP2;RPL9;RPS8;HLA-B;RPL18A;RPS3;RPS26;RPS28;RPL37A;RPL8;TMSB10;RPS5;RPL28;RPL38;RPS29;RPL14;RPL35A;RPS24;RPL6;RPS6;RPS27A;RPL3;RPS7;RPS3A;RPS25;RPS14;RPL7A;RPL29;RPL23A;RPS18;RPL32;RPL19;RPS13;RPS9;PFDN5;RPSA;RPL11;GNAS;NACA;RPS4X;RPL39;FAU,HSPA1A;DDIT4;CXCR4;MT2A;HLA-DRA;CD74;TSC22D3;SRGN;BTG1;S100A6;ZFP36L2;VIM;RPS21;ZFP36;RPL36;RPS19;RPS15;RPS16;LGALS1;CSTB;TPT1;RPLP1;FTL;JUND;RPS10;RPL34;OAZ1;RPL18;RPLP2;RPL9;RPS8;HLA-B;RPL18A;RPS3;RPS26;RPS28;RPL37A;RPL8;TMSB10;RPS5;RPL28;RPL38;RPS29;RPL14;RPL35A;RPS24;RPL6;RPS6;RPS27A;RPL3;RPS7;RPS3A;RPS25;RPS14;RPL7A;RPL29;RPL23A;RPS18;RPL32;RPL19;RPS13;RPS9;PFDN5;RPSA;RPL11;GNAS;NACA;RPS4X;RPL39;FAU;RPS2;EIF1;TXNIP;RPS27;GAPDH;RPS15A;RPL30;RPL5;RPL37;RPLP0;RPL41;RPS23;PTMA;RPL21;EEF1A1;FTH1;RPL12;B2M;TMSB4X;RPL15;RPL26,"[2, 17, 50, 145, 855, 908, 1034, 1146, 1239, 1299, 1382, 1399, 1679, 1852, 2297, 2336, 2583, 2683, 2686, 2706, 2707, 2741, 3009, 3051, 3058, 3066, 3070, 3110, 3161, 3204, 3240, 3273, 3274, 3341, 3446, 3464, 3513, 3549, 3661, 3685, 3938, 3947, 4056, 4093, 4202, 4212, 4220, 4340, 4464, 4465, 4486, 4491, 4542, 4601, 4603, 4699, 4751, 4800, 4803, 4864, 4883, 4925, 5007, 5014, 5044, 5066, 5174, 5294, 5363, 5365, 5472, 5574, 5739, 5753, 5812, 5993, 6030, 6075, 6213, 6265, 6566, 6735, 7036, 7173, 7718, 7728, 8419, 8759, 8993, 10085, 16730]",Tabula_Sapiens__Skin-memory B Cell
Tabula_Sapiens,"Eye-cd8-positive, Alpha-Beta T Cell",prerank,0.575219570426092,2.2956429329786174,0.0,0.0,0.0,56_88,56/88,28.80%,HSPA1A;HSPA1B;NFKBIA;HMOX1;IFITM3;HSP90AA1;VIM;RPS21;CD59;RPL36;RPS19;HSP90AB1;RPS15;RPS16;TPT1;RPLP1;JUND;RPL34;RPL18;RPLP2;RPL9;RPS8;RPL18A;RPS3;RPS26;RPS28;RPL37A;ADAMTS1;RPL8;TMSB10;TSC22D1;RPL28;RPS29;RPL14;RPL35;RPL35A;RPS24;RPL6;RPS6;RPS27A;RPL3;RPS7;RPS3A;RPS25;RPS14;RPL7A;RPL29;RPL23A;RPS18;RPL32;UBA52;RPL19;RPS13;RPS9;RPSA;RPL11,HSPA1A;HSPA1B;NFKBIA;HMOX1;IFITM3;HSP90AA1;VIM;RPS21;CD59;RPL36;RPS19;HSP90AB1;RPS15;RPS16;TPT1;RPLP1;JUND;RPL34;RPL18;RPLP2;RPL9;RPS8;RPL18A;RPS3;RPS26;RPS28;RPL37A;ADAMTS1;RPL8;TMSB10;TSC22D1;RPL28;RPS29;RPL14;RPL35;RPL35A;RPS24;RPL6;RPS6;RPS27A;RPL3;RPS7;RPS3A;RPS25;RPS14;RPL7A;RPL29;RPL23A;RPS18;RPL32;UBA52;RPL19;RPS13;RPS9;RPSA;RPL11;RPS4X;RPL39;FAU;RPS2;EIF1;TXNIP;RPS27;GAPDH;RPS15A;RPL30;RPL5;RPL37;RPL41;RPS23;HLA-A;PTMA;RPL10A;RPL21;EEF1A1;FTH1;HSPA8;SPARCL1;GPX3;RPL12;B2M;TMSB4X;RPL15;CCL4;ITM2B;IGFBP7;SELE;RPL26,"[2, 7, 438, 444, 970, 996, 1399, 1679, 2017, 2297, 2336, 2454, 2583, 2683, 2707, 2741, 3051, 3066, 3110, 3161, 3204, 3240, 3274, 3341, 3446, 3464, 3513, 3516, 3549, 3661, 3795, 3938, 4056, 4093, 4163, 4202, 4212, 4220, 4340, 4464, 4465, 4486, 4491, 4542, 4601, 4603, 4699, 4751, 4800, 4803, 4863, 4864, 4883, 4925, 5014, 5044, 5294, 5363, 5365, 5472, 5574, 5739, 5753, 5812, 5993, 6030, 6075, 6213, 6566, 6735, 7026, 7036, 7111, 7173, 7718, 7728, 7892, 7992, 7997, 8419, 8759, 8993, 10085, 10797, 11214, 11361, 14111, 16730]","Tabula_Sapiens__Eye-cd8-positive, Alpha-Beta T Cell"
Tabula_Sapiens,"Spleen-cd8-positive, Alpha-Beta T Cell",prerank,0.5422566984295688,2.189070942871253,0.0,0.0,0.0,62_89,62/89,31.24%,S100A4;IL32;HSP90AA1;S100A6;ZFP36L2;VIM;RPS21;RPL36;RPS19;RPS15;RPS16;LGALS1;TPT1;RPLP1;SH3BGRL3;RPS10;RPL34;RPL18;RPLP2;RPS8;HLA-B;RPL18A;RPS3;RPS26;RPS28;RPL13A;RPL37A;RPL8;TMSB10;RPS5;RPL28;RPS29;RPL14;RPL35;RPL35A;RPS24;RPL6;RPS6;RPS27A;RPL3;RPS7;RPS3A;RPS14;RPL7A;RPL29;RPL23A;RPS18;RPL32;UBA52;RPL19;RPS13;RPS9;RPSA;RPL27A;HLA-C;RPL11;MYL6;NACA;RPS4X;RPL39;FAU;RPS2,S100A4;IL32;HSP90AA1;S100A6;ZFP36L2;VIM;RPS21;RPL36;RPS19;RPS15;RPS16;LGALS1;TPT1;RPLP1;SH3BGRL3;RPS10;RPL34;RPL18;RPLP2;RPS8;HLA-B;RPL18A;RPS3;RPS26;RPS28;RPL13A;RPL37A;RPL8;TMSB10;RPS5;RPL28;RPS29;RPL14;RPL35;RPL35A;RPS24;RPL6;RPS6;RPS27A;RPL3;RPS7;RPS3A;RPS14;RPL7A;RPL29;RPL23A;RPS18;RPL32;UBA52;RPL19;RPS13;RPS9;RPSA;RPL27A;HLA-C;RPL11;MYL6;NACA;RPS4X;RPL39;FAU;RPS2;RPS27;GAPDH;PFN1;RPS15A;RPL30;RPL5;RPL37;RPLP0;RPL41;HMGB2;RPS23;HLA-A;PTMA;RPL10A;RPL21;HNRNPA2B1;EEF1A1;RPL12;B2M;TMSB4X;RPL15;TUBA1B;ACTG1;STMN1;HMGB1;CALM1;RPL26,"[245, 314, 996, 1299, 1382, 1399, 1679, 2297, 2336, 2583, 2683, 2686, 2707, 2741, 2777, 3058, 3066, 3110, 3161, 3240, 3273, 3274, 3341, 3446, 3464, 3478, 3513, 3549, 3661, 3685, 3938, 4056, 4093, 4163, 4202, 4212, 4220, 4340, 4464, 4465, 4486, 4491, 4601, 4603, 4699, 4751, 4800, 4803, 4863, 4864, 4883, 4925, 5014, 5032, 5034, 5044, 5081, 5174, 5294, 5363, 5365, 5472, 5753, 5812, 5977, 5993, 6030, 6075, 6213, 6265, 6566, 6590, 6735, 7026, 7036, 7111, 7173, 7364, 7718, 8419, 8759, 8993, 10085, 10112, 11600, 12100, 12555, 13283, 16730]","Tabula_Sapiens__Spleen-cd8-positive, Alpha-Beta T Cell"
Tabula_Sapiens,Vasculature-t Cell,prerank,0.5796037443545181,2.341913596886444,0.0,0.0,0.0,64_89,64/89,28.80%,CXCR4;NFKBIA;HSP90AA1;IL7R;TSC22D3;FOS;BTG1;TNFAIP3;ZFP36L2;RPS21;RPL36;RPS19;JUN;RPS15;RPS16;TPT1;RPLP1;FTL;JUND;RPL34;RPL18;RPLP2;RPL9;RPS8;RPL18A;RPS3;RPS26;RPS28;RPL13A;RPL37A;KLF6;RPL8;TMSB10;RPS5;RPL27;RPS11;RPL28;RPL38;RPS29;RPL14;RPS20;RPL35;RPL35A;RPS24;RPL6;RPS6;RPS27A;RPL3;RPS7;RPS3A;RPS25;RPS14;RPL7A;RPL29;RPL23A;RPS18;RPL32;UBA52;RPL19;RPS13;RPS9;RPSA;RPL27A;RPL11,CXCR4;NFKBIA;HSP90AA1;IL7R;TSC22D3;FOS;BTG1;TNFAIP3;ZFP36L2;RPS21;RPL36;RPS19;JUN;RPS15;RPS16;TPT1;RPLP1;FTL;JUND;RPL34;RPL18;RPLP2;RPL9;RPS8;RPL18A;RPS3;RPS26;RPS28;RPL13A;RPL37A;KLF6;RPL8;TMSB10;RPS5;RPL27;RPS11;RPL28;RPL38;RPS29;RPL14;RPS20;RPL35;RPL35A;RPS24;RPL6;RPS6;RPS27A;RPL3;RPS7;RPS3A;RPS25;RPS14;RPL7A;RPL29;RPL23A;RPS18;RPL32;UBA52;RPL19;RPS13;RPS9;RPSA;RPL27A;RPL11;RPS4X;RPL39;FAU;RPS2;EIF1;TXNIP;RPS27;RPS15A;RPL30;RPL5;RPL37;RPL41;RPS23;PTMA;RPL10A;RPL21;EEF1A1;FTH1;RPL12;B2M;TMSB4X;RPL15;CCL4;CD69;RPL26,"[50, 438, 996, 1012, 1034, 1219, 1239, 1329, 1382, 1679, 2297, 2336, 2405, 2583, 2683, 2707, 2741, 3009, 3051, 3066, 3110, 3161, 3204, 3240, 3274, 3341, 3446, 3464, 3478, 3513, 3544, 3549, 3661, 3685, 3894, 3907, 3938, 3947, 4056, 4093, 4125, 4163, 4202, 4212, 4220, 4340, 4464, 4465, 4486, 4491, 4542, 4601, 4603, 4699, 4751, 4800, 4803, 4863, 4864, 4883, 4925, 5014, 5032, 5044, 5294, 5363, 5365, 5472, 5574, 5739, 5753, 5993, 6030, 6075, 6213, 6566, 6735, 7036, 7111, 7173, 7718, 7728, 8419, 8759, 8993, 10085, 10797, 16391, 16730]",Tabula_Sapiens__Vasculature-t Cell
Tabula_Sapiens,"Lymph Node-naive Thymus-Derived Cd4-Positive, Alpha-Beta T Cell",prerank,0.5726055215669554,2.3078609412436735,0.0,0.0,0.0,68_91,68/91,30.63%,CXCR4;KLF2;HSP90AA1;IL7R;TSC22D3;FOS;BTG1;ZFP36L2;RPS21;RPL36;RPS19;JUN;RPS15;RPS16;TPT1;RPLP1;FTL;JUND;RPS10;RPL34;RPL18;RPLP2;RPL9;RPS8;RPL18A;RPS3;RPS26;RPS28;RPL13A;RPL37A;RPL8;RPL31;TMSB10;RPS5;RPL27;RPS11;RPL28;RPL38;RPS29;RPL14;RPS20;RPL35;RPL35A;RPS24;RPL6;RPS6;RPS27A;RPL3;RPS7;RPS3A;RPS25;RPS14;RPL7A;RPL29;RPL23A;RPS18;RPL32;UBA52;RPL19;RPS13;RPS9;RPSA;RPL27A;RPL11;NACA;RPS4X;RPL39;FAU,CXCR4;KLF2;HSP90AA1;IL7R;TSC22D3;FOS;BTG1;ZFP36L2;RPS21;RPL36;RPS19;JUN;RPS15;RPS16;TPT1;RPLP1;FTL;JUND;RPS10;RPL34;RPL18;RPLP2;RPL9;RPS8;RPL18A;RPS3;RPS26;RPS28;RPL13A;RPL37A;RPL8;RPL31;TMSB10;RPS5;RPL27;RPS11;RPL28;RPL38;RPS29;RPL14;RPS20;RPL35;RPL35A;RPS24;RPL6;RPS6;RPS27A;RPL3;RPS7;RPS3A;RPS25;RPS14;RPL7A;RPL29;RPL23A;RPS18;RPL32;UBA52;RPL19;RPS13;RPS9;RPSA;RPL27A;RPL11;NACA;RPS4X;RPL39;FAU;RPS2;EIF1;TXNIP;RPS27;RPS15A;RPL30;RPL5;RPL37;RPLP0;RPL41;RPS23;PTMA;RPL10A;RPL21;EEF1A1;FTH1;RPL12;B2M;TMSB4X;RPL15;EEF1B2;CD69;RPL26,"[50, 811, 996, 1012, 1034, 1219, 1239, 1382, 1679, 2297, 2336, 2405, 2583, 2683, 2707, 2741, 3009, 3051, 3058, 3066, 3110, 3161, 3204, 3240, 3274, 3341, 3446, 3464, 3478, 3513, 3549, 3614, 3661, 3685, 3894, 3907, 3938, 3947, 4056, 4093, 4125, 4163, 4202, 4212, 4220, 4340, 4464, 4465, 4486, 4491, 4542, 4601, 4603, 4699, 4751, 4800, 4803, 4863, 4864, 4883, 4925, 5014, 5032, 5044, 5174, 5294, 5363, 5365, 5472, 5574, 5739, 5753, 5993, 6030, 6075, 6213, 6265, 6566, 6735, 7036, 7111, 7173, 7718, 7728, 8419, 8759, 8993, 10085, 11512, 16391, 16730]","Tabula_Sapiens__Lymph Node-naive Thymus-Derived Cd4-Positive, Alpha-Beta T Cell"
Tabula_Sapiens,Bladder-b Cell,prerank,0.5839554663102852,2.3484186494809145,0.0,0.0,0.0,65_90,65/90,30.63%,HSPA1A;HLA-DRA;CD74;HSP90AA1;BTG1;VIM;RPS21;HLA-DPA1;RPL36;RPS19;HSP90AB1;RPS15;RPS16;TPT1;RPLP1;FTL;JUND;RPL34;RPL18;RPLP2;RPL9;RPS8;HLA-B;RPL18A;RPS3;RPS26;RPS28;RPL13A;RPL37A;RPL8;TMSB10;RPS5;RPL27;RPS11;RPL28;RPS29;RPL14;RPS20;RPL35;RPL35A;RPS24;RPL6;RPS6;RPS27A;RPL3;RPS7;RPS3A;RPS25;RPS14;RPL7A;RPL29;RPL23A;RPS18;RPL32;UBA52;RPL19;RPS13;RPS9;RPSA;RPL27A;RPL11;NACA;RPS4X;RPL39;FAU,HSPA1A;HLA-DRA;CD74;HSP90AA1;BTG1;VIM;RPS21;HLA-DPA1;RPL36;RPS19;HSP90AB1;RPS15;RPS16;TPT1;RPLP1;FTL;JUND;RPL34;RPL18;RPLP2;RPL9;RPS8;HLA-B;RPL18A;RPS3;RPS26;RPS28;RPL13A;RPL37A;RPL8;TMSB10;RPS5;RPL27;RPS11;RPL28;RPS29;RPL14;RPS20;RPL35;RPL35A;RPS24;RPL6;RPS6;RPS27A;RPL3;RPS7;RPS3A;RPS25;RPS14;RPL7A;RPL29;RPL23A;RPS18;RPL32;UBA52;RPL19;RPS13;RPS9;RPSA;RPL27A;RPL11;NACA;RPS4X;RPL39;FAU;RPS2;EIF1;RPS27;GAPDH;PFN1;RPS15A;RPL30;RPL5;RPL37;RPLP0;RPL41;RPS23;PTMA;RPL10A;RPL21;EEF1A1;FTH1;PPIA;RPL12;B2M;TMSB4X;RPL15;EEF1B2;ACTG1;RPL26,"[2, 855, 908, 996, 1239, 1399, 1679, 1918, 2297, 2336, 2454, 2583, 2683, 2707, 2741, 3009, 3051, 3066, 3110, 3161, 3204, 3240, 3273, 3274, 3341, 3446, 3464, 3478, 3513, 3549, 3661, 3685, 3894, 3907, 3938, 4056, 4093, 4125, 4163, 4202, 4212, 4220, 4340, 4464, 4465, 4486, 4491, 4542, 4601, 4603, 4699, 4751, 4800, 4803, 4863, 4864, 4883, 4925, 5014, 5032, 5044, 5174, 5294, 5363, 5365, 5472, 5574, 5753, 5812, 5977, 5993, 6030, 6075, 6213, 6265, 6566, 6735, 7036, 7111, 7173, 7718, 7728, 8153, 8419, 8759, 8993, 10085, 11512, 11600, 16730]",Tabula_Sapiens__Bladder-b Cell
Tabula_Sapiens,Trachea-t Cell,prerank,0.5773173763164018,2.327526596608647,0.0,0.0,0.0,66_90,66/90,30.63%,S100A4;HLA-DRA;CD74;SRGN;BTG1;ZFP36L2;RPS21;RPL36;RPS19;RPS15;RPS16;TPT1;RPLP1;FTL;JUND;RPS10;RPL34;RPL18;RPLP2;RPL9;RPS8;HLA-B;RPL18A;RPS3;RPS28;RPL13A;RPL37A;RPL8;TMSB10;RPS5;RPL27;RPS11;RPL28;RPL38;RPS29;RPL14;RPS20;RPL35;RPL35A;RPS24;RPL6;RPS6;RPS27A;RPL3;RPS7;RPS3A;RPS25;RPS14;RPL7A;RPL29;RPL23A;RPS18;RPL32;UBA52;RPL19;RPS13;RPS9;RPL7;RPSA;RPL27A;HLA-C;RPL11;NACA;RPS4X;RPL39;FAU,S100A4;HLA-DRA;CD74;SRGN;BTG1;ZFP36L2;RPS21;RPL36;RPS19;RPS15;RPS16;TPT1;RPLP1;FTL;JUND;RPS10;RPL34;RPL18;RPLP2;RPL9;RPS8;HLA-B;RPL18A;RPS3;RPS28;RPL13A;RPL37A;RPL8;TMSB10;RPS5;RPL27;RPS11;RPL28;RPL38;RPS29;RPL14;RPS20;RPL35;RPL35A;RPS24;RPL6;RPS6;RPS27A;RPL3;RPS7;RPS3A;RPS25;RPS14;RPL7A;RPL29;RPL23A;RPS18;RPL32;UBA52;RPL19;RPS13;RPS9;RPL7;RPSA;RPL27A;HLA-C;RPL11;NACA;RPS4X;RPL39;FAU;RPS2;EIF1;RPS27;GAPDH;RPS15A;RPL30;RPL5;RPL37;RPLP0;RPL41;RPS23;HLA-A;PTMA;RPL10A;RPL21;EEF1A1;FTH1;RPL12;B2M;TMSB4X;RPL15;EEF1B2;ACTG1;RPL26,"[245, 855, 908, 1146, 1239, 1382, 1679, 2297, 2336, 2583, 2683, 2707, 2741, 3009, 3051, 3058, 3066, 3110, 3161, 3204, 3240, 3273, 3274, 3341, 3464, 3478, 3513, 3549, 3661, 3685, 3894, 3907, 3938, 3947, 4056, 4093, 4125, 4163, 4202, 4212, 4220, 4340, 4464, 4465, 4486, 4491, 4542, 4601, 4603, 4699, 4751, 4800, 4803, 4863, 4864, 4883, 4925, 4984, 5014, 5032, 5034, 5044, 5174, 5294, 5363, 5365, 5472, 5574, 5753, 5812, 5993, 6030, 6075, 6213, 6265, 6566, 6735, 7026, 7036, 7111, 7173, 7718, 7728, 8419, 8759, 8993, 10085, 11512, 11600, 16730]",Tabula_Sapiens__Trachea-t Cell
Tabula_Sapiens,Muscle-skeletal Muscle Satellite Stem Cell,prerank,0.6088937678482886,2.454156110190198,0.0,0.0,0.0,64_88,64/88,30.63%,HSPA1A;MT2A;CEBPD;MT1X;YBX3;GADD45B;IFITM3;HSP90AA1;FOS;S100A6;VIM;ZFP36L1;RPS21;IGFBP5;RPL36;RPS19;HSP90AB1;RPS15;RPS16;TPT1;RPLP1;RPL34;CD63;RPL18;RPLP2;RPL9;RPS8;RPL18A;RPS3;RPS28;RPL13A;RPL37A;RPL8;TMSB10;RPS5;APOC1;RPS11;RPL28;RPL38;RPS29;RPL14;RPL35;RPL35A;RPS24;RPL6;RPS6;RPS27A;RPL3;RPS3A;RPS14;RPL7A;RPL29;RPL23A;RPS18;RPL32;RPL19;RPS13;RPS9;RPL27A;RPL11;NACA;RPS4X;RPL39;FAU,HSPA1A;MT2A;CEBPD;MT1X;YBX3;GADD45B;IFITM3;HSP90AA1;FOS;S100A6;VIM;ZFP36L1;RPS21;IGFBP5;RPL36;RPS19;HSP90AB1;RPS15;RPS16;TPT1;RPLP1;RPL34;CD63;RPL18;RPLP2;RPL9;RPS8;RPL18A;RPS3;RPS28;RPL13A;RPL37A;RPL8;TMSB10;RPS5;APOC1;RPS11;RPL28;RPL38;RPS29;RPL14;RPL35;RPL35A;RPS24;RPL6;RPS6;RPS27A;RPL3;RPS3A;RPS14;RPL7A;RPL29;RPL23A;RPS18;RPL32;RPL19;RPS13;RPS9;RPL27A;RPL11;NACA;RPS4X;RPL39;FAU;RPS2;EIF1;RPS27;RPS15A;RPL30;RPL5;RPL37;RPLP0;NNMT;RPL41;RPS23;PTMA;RPL10A;RPL21;EEF1A1;FTH1;FOSB;SPARCL1;RPL12;MGP;SOD2;RPL15;ACTG1;RPL26,"[2, 145, 312, 318, 466, 762, 970, 996, 1219, 1299, 1399, 1595, 1679, 1810, 2297, 2336, 2454, 2583, 2683, 2707, 2741, 3066, 3076, 3110, 3161, 3204, 3240, 3274, 3341, 3464, 3478, 3513, 3549, 3661, 3685, 3747, 3907, 3938, 3947, 4056, 4093, 4163, 4202, 4212, 4220, 4340, 4464, 4465, 4491, 4601, 4603, 4699, 4751, 4800, 4803, 4864, 4883, 4925, 5032, 5044, 5174, 5294, 5363, 5365, 5472, 5574, 5753, 5993, 6030, 6075, 6213, 6265, 6420, 6566, 6735, 7036, 7111, 7173, 7718, 7728, 7914, 7992, 8419, 9257, 9365, 10085, 11600, 16730]",Tabula_Sapiens__Muscle-skeletal Muscle Satellite Stem Cell
Tabula_Sapiens,Large Intestine-b Cell,prerank,0.5889174219667155,2.371939698086199,0.0,0.0,0.0,67_90,67/90,30.63%,EMP3;EZR;HLA-DRA;CD74;TSC22D3;BTG1;VIM;RPS21;RPL36;RPS19;RPS15;RPS16;TPT1;RPLP1;FTL;JUND;RPS10;RPL34;RPL18;RPLP2;RPL9;RPS8;HLA-B;RPL18A;RPS3;RPS28;RPL13A;RPL37A;RPL8;RPL31;TMSB10;RPS5;RPL27;RPS11;RPL28;RPL38;RPS29;RPL14;RPS20;RPL35;RPL35A;RPS24;RPL6;RPS6;RPS27A;RPL3;RPS7;RPS3A;RPS25;RPS14;RPL7A;RPL29;RPL23A;RPS18;RPL32;UBA52;RPL19;RPS13;RPS9;RPL7;RPSA;RPL27A;RPL11;NACA;RPS4X;RPL39;FAU,EMP3;EZR;HLA-DRA;CD74;TSC22D3;BTG1;VIM;RPS21;RPL36;RPS19;RPS15;RPS16;TPT1;RPLP1;FTL;JUND;RPS10;RPL34;RPL18;RPLP2;RPL9;RPS8;HLA-B;RPL18A;RPS3;RPS28;RPL13A;RPL37A;RPL8;RPL31;TMSB10;RPS5;RPL27;RPS11;RPL28;RPL38;RPS29;RPL14;RPS20;RPL35;RPL35A;RPS24;RPL6;RPS6;RPS27A;RPL3;RPS7;RPS3A;RPS25;RPS14;RPL7A;RPL29;RPL23A;RPS18;RPL32;UBA52;RPL19;RPS13;RPS9;RPL7;RPSA;RPL27A;RPL11;NACA;RPS4X;RPL39;FAU;RPS2;EIF1;TXNIP;RPS27;RPS15A;RPL30;RPL5;RPL37;RPLP0;RPL41;RPS23;HLA-A;PTMA;RPL10A;RPL21;EEF1A1;FTH1;RPL12;B2M;TMSB4X;RPL15;EEF1B2;RPL26,"[387, 669, 855, 908, 1034, 1239, 1399, 1679, 2297, 2336, 2583, 2683, 2707, 2741, 3009, 3051, 3058, 3066, 3110, 3161, 3204, 3240, 3273, 3274, 3341, 3464, 3478, 3513, 3549, 3614, 3661, 3685, 3894, 3907, 3938, 3947, 4056, 4093, 4125, 4163, 4202, 4212, 4220, 4340, 4464, 4465, 4486, 4491, 4542, 4601, 4603, 4699, 4751, 4800, 4803, 4863, 4864, 4883, 4925, 4984, 5014, 5032, 5044, 5174, 5294, 5363, 5365, 5472, 5574, 5739, 5753, 5993, 6030, 6075, 6213, 6265, 6566, 6735, 7026, 7036, 7111, 7173, 7718, 7728, 8419, 8759, 8993, 10085, 11512, 16730]",Tabula_Sapiens__Large Intestine-b Cell
Tabula_Sapiens,Skin-naive B Cell,prerank,0.5750923926538698,2.312998509862571,0.0,0.0,0.0,67_92,67/92,30.63%,CXCR4;CD74;LAPTM5;BTG1;VIM;RPS21;EEF1D;RPL36;RPS19;RPS15;RPS16;LGALS1;TPT1;RPLP1;FTL;RPS10;RPL34;RPL18;RPLP2;RPL9;RPS8;HLA-B;RPL18A;RPS3;RPS26;RPS28;RPL13A;RPL37A;RPL8;TMSB10;RPS5;RPL27;RPS11;RPL28;RPL38;RPS29;RPL14;RPL35;RPL35A;RPS24;RPL6;RPS6;RPS27A;RPL3;RPS7;RPS3A;RPS25;RPS14;RPL7A;RPL29;RPL23A;RPS18;RPL32;UBA52;RPL19;RPS13;RPS9;PFDN5;RPSA;UQCRH;RPL27A;RPL11;NACA;RPS4X;RPL4;RPL39;FAU,CXCR4;CD74;LAPTM5;BTG1;VIM;RPS21;EEF1D;RPL36;RPS19;RPS15;RPS16;LGALS1;TPT1;RPLP1;FTL;RPS10;RPL34;RPL18;RPLP2;RPL9;RPS8;HLA-B;RPL18A;RPS3;RPS26;RPS28;RPL13A;RPL37A;RPL8;TMSB10;RPS5;RPL27;RPS11;RPL28;RPL38;RPS29;RPL14;RPL35;RPL35A;RPS24;RPL6;RPS6;RPS27A;RPL3;RPS7;RPS3A;RPS25;RPS14;RPL7A;RPL29;RPL23A;RPS18;RPL32;UBA52;RPL19;RPS13;RPS9;PFDN5;RPSA;UQCRH;RPL27A;RPL11;NACA;RPS4X;RPL4;RPL39;FAU;RPS2;EIF1;RPS27;GAPDH;RPS15A;RPL30;RPL5;RPL22;RPL37;RPLP0;RPL41;RPS23;PTMA;RPL10A;RPL21;EEF1A1;FTH1;RPL12;B2M;TMSB4X;ARID5B;RPL15;EEF1B2;ACTG1;RPL26,"[50, 908, 919, 1239, 1399, 1679, 1776, 2297, 2336, 2583, 2683, 2686, 2707, 2741, 3009, 3058, 3066, 3110, 3161, 3204, 3240, 3273, 3274, 3341, 3446, 3464, 3478, 3513, 3549, 3661, 3685, 3894, 3907, 3938, 3947, 4056, 4093, 4163, 4202, 4212, 4220, 4340, 4464, 4465, 4486, 4491, 4542, 4601, 4603, 4699, 4751, 4800, 4803, 4863, 4864, 4883, 4925, 5007, 5014, 5030, 5032, 5044, 5174, 5294, 5360, 5363, 5365, 5472, 5574, 5753, 5812, 5993, 6030, 6075, 6109, 6213, 6265, 6566, 6735, 7036, 7111, 7173, 7718, 7728, 8419, 8759, 8993, 9174, 10085, 11512, 11600, 16730]",Tabula_Sapiens__Skin-naive B Cell
Tabula_Sapiens,Spleen-nk Cell,prerank,0.5804096471146559,2.3177138775758386,0.0,0.0,0.0,57_88,57/88,28.80%,DDIT4;CXCR4;S100A4;NFKBIA;CYBA;KLRD1;TSC22D3;SRGN;FOS;BTG1;TNFAIP3;ZFP36L2;RPS21;ZFP36;IER2;PPP1R15A;RPL36;RPS19;JUN;RPS15;TPT1;RPLP1;HLA-E;FTL;JUND;RPL34;RPL18;RPLP2;RPS8;HLA-B;RPL18A;RPS3;MYL12A;RPS28;RPL37A;RPL8;TMSB10;RPL28;RPS29;RPL14;RPL35A;RPS24;RPL6;RPS6;RPS27A;RPL3;RPS7;RPS3A;RPS14;RPL7A;RPL29;RPS18;RPL32;RPL19;RPS13;HLA-C;RPL11,DDIT4;CXCR4;S100A4;NFKBIA;CYBA;KLRD1;TSC22D3;SRGN;FOS;BTG1;TNFAIP3;ZFP36L2;RPS21;ZFP36;IER2;PPP1R15A;RPL36;RPS19;JUN;RPS15;TPT1;RPLP1;HLA-E;FTL;JUND;RPL34;RPL18;RPLP2;RPS8;HLA-B;RPL18A;RPS3;MYL12A;RPS28;RPL37A;RPL8;TMSB10;RPL28;RPS29;RPL14;RPL35A;RPS24;RPL6;RPS6;RPS27A;RPL3;RPS7;RPS3A;RPS14;RPL7A;RPL29;RPS18;RPL32;RPL19;RPS13;HLA-C;RPL11;RPS4X;RPL39;FAU;RPS2;EIF1;RPS27;PFN1;RPS15A;RPL30;RPL37;RPL41;RPS23;HLA-A;PTMA;RPL21;CCL3;EEF1A1;FTH1;GNLY;RPL12;DUSP2;B2M;TMSB4X;BTG2;GZMB;DDX5;CCL4;ACTG1;CALM1;NKG7;CD69,"[17, 50, 245, 438, 470, 759, 1034, 1146, 1219, 1239, 1329, 1382, 1679, 1852, 2071, 2264, 2297, 2336, 2405, 2583, 2707, 2741, 2908, 3009, 3051, 3066, 3110, 3161, 3240, 3273, 3274, 3341, 3359, 3464, 3513, 3549, 3661, 3938, 4056, 4093, 4202, 4212, 4220, 4340, 4464, 4465, 4486, 4491, 4601, 4603, 4699, 4800, 4803, 4864, 4883, 5034, 5044, 5294, 5363, 5365, 5472, 5574, 5753, 5977, 5993, 6030, 6213, 6566, 6735, 7026, 7036, 7173, 7409, 7718, 7728, 8051, 8419, 8683, 8759, 8993, 9417, 9864, 9867, 10797, 11600, 13283, 15287, 16391]",Tabula_Sapiens__Spleen-nk Cell
Tabula_Sapiens,Eye-muller Cell,prerank,0.49854997484715124,1.9994771070680446,0.0,0.0,0.0,65_89,65/89,33.25%,CRABP1;RCVRN;MT1X;CP;CLU;HSP90AA1;VIM;RPS21;ROM1;PTGDS;RPL36;RPS19;RPS15;RPS16;TPT1;RPLP1;GLUL;FTL;RPL34;RPL18;RPL9;RPS8;RPL18A;RPS3;RPS28;RPL37A;RPL8;YBX1;APOE;RPL28;RPL38;RPS29;RPL35;RPL35A;RPS24;RPL6;ENO1;RPS6;RPS27A;RPL3;RPS7;RPS3A;RPS25;AIPL1;RPS14;RPL7A;RPL23A;RPS18;RPL32;RPL19;RPS13;RPS9;RPL27A;RPL11;FABP7;GNAS;NACA;RPL39;FAU;GNAT1;EIF1;SRP14;RPS27;GAPDH;RLBP1,CRABP1;RCVRN;MT1X;CP;CLU;HSP90AA1;VIM;RPS21;ROM1;PTGDS;RPL36;RPS19;RPS15;RPS16;TPT1;RPLP1;GLUL;FTL;RPL34;RPL18;RPL9;RPS8;RPL18A;RPS3;RPS28;RPL37A;RPL8;YBX1;APOE;RPL28;RPL38;RPS29;RPL35;RPL35A;RPS24;RPL6;ENO1;RPS6;RPS27A;RPL3;RPS7;RPS3A;RPS25;AIPL1;RPS14;RPL7A;RPL23A;RPS18;RPL32;RPL19;RPS13;RPS9;RPL27A;RPL11;FABP7;GNAS;NACA;RPL39;FAU;GNAT1;EIF1;SRP14;RPS27;GAPDH;RLBP1;RPS15A;RPL30;RPL37;RPL41;RPS23;PTMA;RPL21;EEF1A1;FTH1;FRZB;GPX3;PPA1;RPL15;PEBP1;CALM2;GPM6B;ITM2B;ACTG1;WIF1;RTN4;NRL;MAP1B;RHO;RPL26,"[181, 261, 318, 546, 751, 996, 1399, 1679, 1693, 1932, 2297, 2336, 2583, 2683, 2707, 2741, 2868, 3009, 3066, 3110, 3204, 3240, 3274, 3341, 3464, 3513, 3549, 3681, 3783, 3938, 3947, 4056, 4163, 4202, 4212, 4220, 4248, 4340, 4464, 4465, 4486, 4491, 4542, 4590, 4601, 4603, 4751, 4800, 4803, 4864, 4883, 4925, 5032, 5044, 5057, 5066, 5174, 5363, 5365, 5456, 5574, 5729, 5753, 5812, 5823, 5993, 6030, 6213, 6566, 6735, 7036, 7173, 7718, 7728, 7856, 7997, 8463, 10085, 10690, 10877, 10948, 11214, 11600, 12086, 13972, 14710, 15271, 16416, 16730]",Tabula_Sapiens__Eye-muller Cell
Tabula_Sapiens,Skin-mast Cell,prerank,0.5579967522987891,2.2340448945206113,0.0,0.0,0.0,68_88,68/88,31.82%,MT2A;MT1X;NFKBIA;TSC22D3;SRGN;BTG1;S100A6;ZFP36L2;VIM;RPS21;SOCS1;ZFP36;SERF2;RPL36;RPS19;RGS2;TPSAB1;HSP90AB1;RPS15;TPT1;RPLP1;SH3BGRL3;RGS1;IL1RL1;FTL;RPS10;RPL34;RPL18;RPLP2;RPL9;RPS8;RPL18A;RPS3;RPS26;RPS28;RPL37A;RPL8;TMSB10;RPS5;RPL28;RPS29;RPL14;RPL35A;RPS24;RPL6;RPS6;RPS27A;RPL3;RPS7;RPS3A;RPS25;RPS14;RPL7A;RPL29;RPS18;RPL32;RPL19;RPS13;RPS9;RPL11;MYL6;NACA;RPS4X;RPL39;FAU;RPS2;LGALS3;EIF1,MT2A;MT1X;NFKBIA;TSC22D3;SRGN;BTG1;S100A6;ZFP36L2;VIM;RPS21;SOCS1;ZFP36;SERF2;RPL36;RPS19;RGS2;TPSAB1;HSP90AB1;RPS15;TPT1;RPLP1;SH3BGRL3;RGS1;IL1RL1;FTL;RPS10;RPL34;RPL18;RPLP2;RPL9;RPS8;RPL18A;RPS3;RPS26;RPS28;RPL37A;RPL8;TMSB10;RPS5;RPL28;RPS29;RPL14;RPL35A;RPS24;RPL6;RPS6;RPS27A;RPL3;RPS7;RPS3A;RPS25;RPS14;RPL7A;RPL29;RPS18;RPL32;RPL19;RPS13;RPS9;RPL11;MYL6;NACA;RPS4X;RPL39;FAU;RPS2;LGALS3;EIF1;RPS27;GAPDH;RPS15A;RPL30;RPL5;RPL22;RPL37;RPL41;RPS23;PTMA;RPL21;EEF1A1;FTH1;RPL12;B2M;TMSB4X;RPL15;HPGD;RPL26;ADCYAP1,"[145, 318, 438, 1034, 1146, 1239, 1299, 1382, 1399, 1679, 1768, 1852, 2068, 2297, 2336, 2412, 2414, 2454, 2583, 2707, 2741, 2777, 2808, 2840, 3009, 3058, 3066, 3110, 3161, 3204, 3240, 3274, 3341, 3446, 3464, 3513, 3549, 3661, 3685, 3938, 4056, 4093, 4202, 4212, 4220, 4340, 4464, 4465, 4486, 4491, 4542, 4601, 4603, 4699, 4800, 4803, 4864, 4883, 4925, 5044, 5081, 5174, 5294, 5363, 5365, 5472, 5562, 5574, 5753, 5812, 5993, 6030, 6075, 6109, 6213, 6566, 6735, 7036, 7173, 7718, 7728, 8419, 8759, 8993, 10085, 10856, 16730, 17419]",Tabula_Sapiens__Skin-mast Cell
Tabula_Sapiens,"Skin-cd8-positive, Alpha-Beta Cytotoxic T Cell",prerank,0.5854598603953709,2.3359286923015476,0.0,0.0,0.0,73_89,73/89,34.88%,CXCR4;IL7R;TSC22D3;SRGN;BTG1;ZFP36L2;VIM;RPS21;EEF1D;RPL36;RPS19;RPS15;RPS16;TPT1;RPLP1;FTL;RPS10;RPL34;RPL18;RPLP2;RPL9;RPS8;HLA-B;RPL18A;RPS3;RPS26;RPS28;RPL13A;RPL37A;RPL8;TMSB10;RPS5;RPL27;RPL28;RPL38;RPS29;RPL14;RPL35;RPL35A;RPS24;RPL6;RPS6;RPS27A;RPL3;RPS7;RPS3A;RPS25;RPS14;RPL7A;RPL29;RPL23A;RPS18;RPL32;UBA52;RPL19;RPS13;RPS9;RPSA;HLA-C;RPL11;NACA;RPS4X;RPL39;FAU;RPS2;EIF1;TXNIP;RPS27;GAPDH;RPS15A;RPL30;RPL5;RPL22,CXCR4;IL7R;TSC22D3;SRGN;BTG1;ZFP36L2;VIM;RPS21;EEF1D;RPL36;RPS19;RPS15;RPS16;TPT1;RPLP1;FTL;RPS10;RPL34;RPL18;RPLP2;RPL9;RPS8;HLA-B;RPL18A;RPS3;RPS26;RPS28;RPL13A;RPL37A;RPL8;TMSB10;RPS5;RPL27;RPL28;RPL38;RPS29;RPL14;RPL35;RPL35A;RPS24;RPL6;RPS6;RPS27A;RPL3;RPS7;RPS3A;RPS25;RPS14;RPL7A;RPL29;RPL23A;RPS18;RPL32;UBA52;RPL19;RPS13;RPS9;RPSA;HLA-C;RPL11;NACA;RPS4X;RPL39;FAU;RPS2;EIF1;TXNIP;RPS27;GAPDH;RPS15A;RPL30;RPL5;RPL22;RPL37;RPLP0;PABPC1;RPL41;RPS23;HLA-A;PTMA;RPL10A;RPL21;EEF1A1;FTH1;RPL12;B2M;TMSB4X;RPL15;RPL26,"[50, 1012, 1034, 1146, 1239, 1382, 1399, 1679, 1776, 2297, 2336, 2583, 2683, 2707, 2741, 3009, 3058, 3066, 3110, 3161, 3204, 3240, 3273, 3274, 3341, 3446, 3464, 3478, 3513, 3549, 3661, 3685, 3894, 3938, 3947, 4056, 4093, 4163, 4202, 4212, 4220, 4340, 4464, 4465, 4486, 4491, 4542, 4601, 4603, 4699, 4751, 4800, 4803, 4863, 4864, 4883, 4925, 5014, 5034, 5044, 5174, 5294, 5363, 5365, 5472, 5574, 5739, 5753, 5812, 5993, 6030, 6075, 6109, 6213, 6265, 6350, 6566, 6735, 7026, 7036, 7111, 7173, 7718, 7728, 8419, 8759, 8993, 10085, 16730]","Tabula_Sapiens__Skin-cd8-positive, Alpha-Beta Cytotoxic T Cell"
Tabula_Sapiens,Large Intestine-neutrophil,prerank,0.6267904272057245,2.516228029074068,0.0,0.0,0.0,66_90,66/90,28.80%,G0S2;MT2A;C1QA;S100A4;C1QB;NFKBIA;C5AR1;CCL20;CD163;S100A9;CXCL3;CD74;HSP90AA1;S100A11;SRGN;BTG1;TNFAIP3;VIM;RPS21;RPL36;RPS19;ATP1B3;RPS15;IL1B;RPS16;TPT1;RPLP1;FTL;RPL34;RPL18;RPLP2;RPL9;RPS8;RPL18A;RPS3;RPS28;RPL13A;RPL37A;RPL8;TMSB10;RPS11;RPL28;RPL38;RPS29;RPS20;RPL35;RPL35A;RPS24;RPL6;RPS6;RPS27A;RPL3;RPS7;RPS3A;RPS14;RPL7A;RPL29;RPL23A;RPS18;RPL32;UBA52;RPL19;RPS13;RPS9;RPL27A;RPL11,G0S2;MT2A;C1QA;S100A4;C1QB;NFKBIA;C5AR1;CCL20;CD163;S100A9;CXCL3;CD74;HSP90AA1;S100A11;SRGN;BTG1;TNFAIP3;VIM;RPS21;RPL36;RPS19;ATP1B3;RPS15;IL1B;RPS16;TPT1;RPLP1;FTL;RPL34;RPL18;RPLP2;RPL9;RPS8;RPL18A;RPS3;RPS28;RPL13A;RPL37A;RPL8;TMSB10;RPS11;RPL28;RPL38;RPS29;RPS20;RPL35;RPL35A;RPS24;RPL6;RPS6;RPS27A;RPL3;RPS7;RPS3A;RPS14;RPL7A;RPL29;RPL23A;RPS18;RPL32;UBA52;RPL19;RPS13;RPS9;RPL27A;RPL11;RPS4X;RPL39;FAU;RPS2;EIF1;RPS27;RPS15A;RPL30;RPL37;RPL41;RPS23;GPR183;PTMA;RPL21;EEF1A1;FTH1;RPL12;B2M;TMSB4X;SOD2;RPL15;THBS1;INSIG1;RPL26,"[1, 145, 196, 245, 399, 438, 497, 561, 818, 820, 873, 908, 996, 1102, 1146, 1239, 1329, 1399, 1679, 2297, 2336, 2392, 2583, 2654, 2683, 2707, 2741, 3009, 3066, 3110, 3161, 3204, 3240, 3274, 3341, 3464, 3478, 3513, 3549, 3661, 3907, 3938, 3947, 4056, 4125, 4163, 4202, 4212, 4220, 4340, 4464, 4465, 4486, 4491, 4601, 4603, 4699, 4751, 4800, 4803, 4863, 4864, 4883, 4925, 5032, 5044, 5294, 5363, 5365, 5472, 5574, 5753, 5993, 6030, 6213, 6566, 6735, 7031, 7036, 7173, 7718, 7728, 8419, 8759, 8993, 9365, 10085, 10764, 13508, 16730]",Tabula_Sapiens__Large Intestine-neutrophil
Tabula_Sapiens,"Blood-cd4-positive, Alpha-Beta Memory T Cell",prerank,0.5351445222035305,2.1376287090915453,0.0,0.0,0.0,67_88,67/88,32.85%,S100A8;S100A4;S100A9;IL7R;BTG1;RPS21;RPL36;RPS19;RPS15;RPS16;TPT1;RPLP1;FTL;RPL34;RPL18;RPLP2;RPL9;RPS8;RPL18A;RPS3;RPS28;RPL13A;RPL37A;RPL8;RPL31;TMSB10;RPS5;RPL27;RPS11;RPL28;RPL38;RPS29;RPL14;RPS20;RPL35;RPL35A;RPS24;RPL6;RPS6;RPS27A;RPL3;RPS7;RPS3A;RPS25;RPS14;RPL7A;RPL29;RPL23A;RPS18;RPL32;UBA52;RPL19;RPS13;RPS9;RPL7;RPSA;RPL27A;RPL11;NACA;RPS4X;RPL4;RPL39;FAU;RPS2;EIF1;TXNIP;RPS27,S100A8;S100A4;S100A9;IL7R;BTG1;RPS21;RPL36;RPS19;RPS15;RPS16;TPT1;RPLP1;FTL;RPL34;RPL18;RPLP2;RPL9;RPS8;RPL18A;RPS3;RPS28;RPL13A;RPL37A;RPL8;RPL31;TMSB10;RPS5;RPL27;RPS11;RPL28;RPL38;RPS29;RPL14;RPS20;RPL35;RPL35A;RPS24;RPL6;RPS6;RPS27A;RPL3;RPS7;RPS3A;RPS25;RPS14;RPL7A;RPL29;RPL23A;RPS18;RPL32;UBA52;RPL19;RPS13;RPS9;RPL7;RPSA;RPL27A;RPL11;NACA;RPS4X;RPL4;RPL39;FAU;RPS2;EIF1;TXNIP;RPS27;RPS15A;RPL30;RPL5;RPL37;RPLP0;RPL41;RPS23;HLA-A;PTMA;RPL10A;RPL21;EEF1A1;FTH1;RPL12;B2M;TMSB4X;RPL15;EEF1B2;ACTG1;RPL26;HBA2,"[157, 245, 820, 1012, 1239, 1679, 2297, 2336, 2583, 2683, 2707, 2741, 3009, 3066, 3110, 3161, 3204, 3240, 3274, 3341, 3464, 3478, 3513, 3549, 3614, 3661, 3685, 3894, 3907, 3938, 3947, 4056, 4093, 4125, 4163, 4202, 4212, 4220, 4340, 4464, 4465, 4486, 4491, 4542, 4601, 4603, 4699, 4751, 4800, 4803, 4863, 4864, 4883, 4925, 4984, 5014, 5032, 5044, 5174, 5294, 5360, 5363, 5365, 5472, 5574, 5739, 5753, 5993, 6030, 6075, 6213, 6265, 6566, 6735, 7026, 7036, 7111, 7173, 7718, 7728, 8419, 8759, 8993, 10085, 11512, 11600, 16730, 17205]","Tabula_Sapiens__Blood-cd4-positive, Alpha-Beta Memory T Cell"
Tabula_Sapiens,Trachea-fibroblast,prerank,0.5701942502774179,2.270564981326912,0.0,0.0,0.0,60_89,60/89,27.88%,MT2A;CEBPD;FBLN1;MT1X;C3;IFITM3;S100A11;FOS;S100A6;DCN;VIM;C1R;TIMP1;S100A10;COL6A2;ZFP36;COL1A2;RPL36;RPS19;JUN;APOD;RPS15;TPT1;RPLP1;C1S;FTL;JUND;RPL34;CD63;COL1A1;RPLP2;RPL9;RPS8;RPL18A;IGFBP4;RPS3;RPS28;RPL13A;RPL37A;RPL8;TMSB10;RPS5;RPL28;RPS29;RPL14;RPL35A;RPS24;RPL6;RPS6;RPS27A;RPL3;RPS3A;RPS14;RPL7A;RPL29;RPL23A;RPS18;RPL32;RPL19;RPS13,MT2A;CEBPD;FBLN1;MT1X;C3;IFITM3;S100A11;FOS;S100A6;DCN;VIM;C1R;TIMP1;S100A10;COL6A2;ZFP36;COL1A2;RPL36;RPS19;JUN;APOD;RPS15;TPT1;RPLP1;C1S;FTL;JUND;RPL34;CD63;COL1A1;RPLP2;RPL9;RPS8;RPL18A;IGFBP4;RPS3;RPS28;RPL13A;RPL37A;RPL8;TMSB10;RPS5;RPL28;RPS29;RPL14;RPL35A;RPS24;RPL6;RPS6;RPS27A;RPL3;RPS3A;RPS14;RPL7A;RPL29;RPL23A;RPS18;RPL32;RPL19;RPS13;RPL11;RPS4X;RPL39;GSN;RPS2;RPS27;GAPDH;RPS15A;RPL30;RPL5;RPL37;RPLP0;CST3;NNMT;RPL41;RPS23;PTMA;RPL21;EEF1A1;FTH1;RPL12;B2M;MGP;EFEMP1;ACTG1;RARRES1;COL3A1;CCDC80;RPL26,"[145, 312, 317, 318, 554, 970, 1102, 1219, 1299, 1395, 1399, 1505, 1515, 1551, 1579, 1852, 2167, 2297, 2336, 2405, 2562, 2583, 2707, 2741, 3007, 3009, 3051, 3066, 3076, 3083, 3161, 3204, 3240, 3274, 3331, 3341, 3464, 3478, 3513, 3549, 3661, 3685, 3938, 4056, 4093, 4202, 4212, 4220, 4340, 4464, 4465, 4491, 4601, 4603, 4699, 4751, 4800, 4803, 4864, 4883, 5044, 5294, 5363, 5373, 5472, 5753, 5812, 5993, 6030, 6075, 6213, 6265, 6273, 6420, 6566, 6735, 7036, 7173, 7718, 7728, 8419, 8759, 9257, 9633, 11600, 12374, 15835, 16375, 16730]",Tabula_Sapiens__Trachea-fibroblast
Tabula_Sapiens,Lung-club Cell,prerank,0.5312737177028624,2.13072651714947,0.0,0.0,0.0,63_87,63/87,31.24%,SLPI;S100A6;SFTPB;ZFP36L1;RPS21;RPL36;RPS19;ADIRF;RPS15;RPS16;TPT1;RPLP1;GSTP1;SFTPC;FTL;RPL34;RPL18;RPLP2;RPL9;RPS8;RPL18A;RPS3;RPS26;RPS28;RPL13A;RPL37A;MGST1;RPL8;RPS5;SCGB1A1;RPS11;RPL28;RPS29;RPL14;RPS20;RPL35;RPL35A;RPS24;RPL6;RPS6;RPS27A;RPL3;RPS7;RPS3A;RPS25;RPS14;RPL7A;RPL29;RPL23A;RPS18;RPL32;UBA52;RPL19;RPS13;RPS9;RPSA;RPL27A;RPL11;NACA;RPS4X;RPL39;FAU;RPS2,SLPI;S100A6;SFTPB;ZFP36L1;RPS21;RPL36;RPS19;ADIRF;RPS15;RPS16;TPT1;RPLP1;GSTP1;SFTPC;FTL;RPL34;RPL18;RPLP2;RPL9;RPS8;RPL18A;RPS3;RPS26;RPS28;RPL13A;RPL37A;MGST1;RPL8;RPS5;SCGB1A1;RPS11;RPL28;RPS29;RPL14;RPS20;RPL35;RPL35A;RPS24;RPL6;RPS6;RPS27A;RPL3;RPS7;RPS3A;RPS25;RPS14;RPL7A;RPL29;RPL23A;RPS18;RPL32;UBA52;RPL19;RPS13;RPS9;RPSA;RPL27A;RPL11;NACA;RPS4X;RPL39;FAU;RPS2;RPS27;RPS15A;RPL30;RPL5;RPL37;RPLP0;RPL41;RPS23;PTMA;RPL10A;RPL21;EEF1A1;FTH1;WFDC2;RPL12;B2M;HOPX;TMSB4X;RPL15;SCGB3A1;CYB5A;FABP5;RNASE1;RPL26,"[42, 1299, 1462, 1595, 1679, 2297, 2336, 2504, 2583, 2683, 2707, 2741, 2918, 2991, 3009, 3066, 3110, 3161, 3204, 3240, 3274, 3341, 3446, 3464, 3478, 3513, 3531, 3549, 3685, 3821, 3907, 3938, 4056, 4093, 4125, 4163, 4202, 4212, 4220, 4340, 4464, 4465, 4486, 4491, 4542, 4601, 4603, 4699, 4751, 4800, 4803, 4863, 4864, 4883, 4925, 5014, 5032, 5044, 5174, 5294, 5363, 5365, 5472, 5753, 5993, 6030, 6075, 6213, 6265, 6566, 6735, 7036, 7111, 7173, 7718, 7728, 7784, 8419, 8759, 8803, 8993, 10085, 11110, 14314, 14946, 16286, 16730]",Tabula_Sapiens__Lung-club Cell
Tabula_Sapiens,Thymus-t Follicular Helper Cell,prerank,0.6196335912617325,2.4703922596855783,0.0,0.0,0.0,67_91,67/91,30.63%,CXCR4;KLF2;PNRC1;IL7R;TSC22D3;SRGN;FOS;BTG1;RGCC;ZFP36L2;VIM;RPS21;EEF1D;ZFP36;RPL36;RPS19;RPS15;RPS16;TPT1;RPLP1;FTL;JUND;RPL34;RPL18;RPLP2;RPL9;RPS8;HLA-B;RPL18A;RPS3;RPS28;RPL13A;RPL37A;RPL8;TMSB10;RPS5;RPL27;RPL28;RPL38;RPS29;RPL14;RPL35;RPL35A;RPS24;RPL6;RPS6;RPS27A;RPL3;RPS7;RPS3A;RPS25;RPS14;RPL7A;RPL29;RPS18;RPL32;UBA52;RPL19;RPS13;RPS9;RPSA;RPL11;NACA;RPS4X;RPL4;RPL39;FAU,CXCR4;KLF2;PNRC1;IL7R;TSC22D3;SRGN;FOS;BTG1;RGCC;ZFP36L2;VIM;RPS21;EEF1D;ZFP36;RPL36;RPS19;RPS15;RPS16;TPT1;RPLP1;FTL;JUND;RPL34;RPL18;RPLP2;RPL9;RPS8;HLA-B;RPL18A;RPS3;RPS28;RPL13A;RPL37A;RPL8;TMSB10;RPS5;RPL27;RPL28;RPL38;RPS29;RPL14;RPL35;RPL35A;RPS24;RPL6;RPS6;RPS27A;RPL3;RPS7;RPS3A;RPS25;RPS14;RPL7A;RPL29;RPS18;RPL32;UBA52;RPL19;RPS13;RPS9;RPSA;RPL11;NACA;RPS4X;RPL4;RPL39;FAU;RPS2;EIF1;RPS27;RPS15A;RPL30;RPL5;RPL37;RPLP0;PABPC1;RPL41;RPS23;PTMA;RPL10A;RPL21;EEF1A1;FTH1;HSPA8;RPL12;B2M;TMSB4X;EEF2;RPL15;EEF1B2;ACTG1,"[50, 811, 875, 1012, 1034, 1146, 1219, 1239, 1356, 1382, 1399, 1679, 1776, 1852, 2297, 2336, 2583, 2683, 2707, 2741, 3009, 3051, 3066, 3110, 3161, 3204, 3240, 3273, 3274, 3341, 3464, 3478, 3513, 3549, 3661, 3685, 3894, 3938, 3947, 4056, 4093, 4163, 4202, 4212, 4220, 4340, 4464, 4465, 4486, 4491, 4542, 4601, 4603, 4699, 4800, 4803, 4863, 4864, 4883, 4925, 5014, 5044, 5174, 5294, 5360, 5363, 5365, 5472, 5574, 5753, 5993, 6030, 6075, 6213, 6265, 6350, 6566, 6735, 7036, 7111, 7173, 7718, 7728, 7892, 8419, 8759, 8993, 9092, 10085, 11512, 11600]",Tabula_Sapiens__Thymus-t Follicular Helper Cell
Tabula_Sapiens,Tongue-capillary Endothelial Cell,prerank,0.6116621183202324,2.443601909106387,0.0,0.0,0.0,66_88,66/88,31.82%,HSPA1A;MT2A;SOCS3;NFKBIA;TM4SF1;CLDN5;CD74;IFITM3;FOS;S100A6;VIM;S100A10;RPS21;GNG11;ZFP36;VWF;RPL36;RPS19;JUN;RPS15;TIMP3;RPS16;TPT1;RPLP1;SPRY1;HLA-E;FTL;RPL34;RPL18;RPLP2;RPL9;RPS8;HLA-B;RPL18A;IFI27;RPS3;RPS28;RPL13A;RPL37A;RPL8;TMSB10;RPS11;RPL28;RPS29;RPS20;RPL35A;RPS24;RPS6;RPS27A;RPL3;RPS14;RPL7A;RPL29;RPS18;RPL32;RPL19;RPS13;RPS9;RPL11;RPS4X;RPL39;FAU;GSN;RPS2;LGALS3;EIF1,HSPA1A;MT2A;SOCS3;NFKBIA;TM4SF1;CLDN5;CD74;IFITM3;FOS;S100A6;VIM;S100A10;RPS21;GNG11;ZFP36;VWF;RPL36;RPS19;JUN;RPS15;TIMP3;RPS16;TPT1;RPLP1;SPRY1;HLA-E;FTL;RPL34;RPL18;RPLP2;RPL9;RPS8;HLA-B;RPL18A;IFI27;RPS3;RPS28;RPL13A;RPL37A;RPL8;TMSB10;RPS11;RPL28;RPS29;RPS20;RPL35A;RPS24;RPS6;RPS27A;RPL3;RPS14;RPL7A;RPL29;RPS18;RPL32;RPL19;RPS13;RPS9;RPL11;RPS4X;RPL39;FAU;GSN;RPS2;LGALS3;EIF1;TXNIP;RPS27;RPS15A;RPL30;RPL37;RPL41;RPS23;HLA-A;PTMA;RPL21;EEF1A1;FTH1;A2M;SPARCL1;RPL12;B2M;TMSB4X;FABP4;RPL15;ITM2B;CAV1;FABP5,"[2, 145, 158, 438, 694, 781, 908, 970, 1219, 1299, 1399, 1551, 1679, 1851, 1852, 1921, 2297, 2336, 2405, 2583, 2602, 2683, 2707, 2741, 2866, 2908, 3009, 3066, 3110, 3161, 3204, 3240, 3273, 3274, 3312, 3341, 3464, 3478, 3513, 3549, 3661, 3907, 3938, 4056, 4125, 4202, 4212, 4340, 4464, 4465, 4601, 4603, 4699, 4800, 4803, 4864, 4883, 4925, 5044, 5294, 5363, 5365, 5373, 5472, 5562, 5574, 5739, 5753, 5993, 6030, 6213, 6566, 6735, 7026, 7036, 7173, 7718, 7728, 7759, 7992, 8419, 8759, 8993, 9876, 10085, 11214, 13967, 14946]",Tabula_Sapiens__Tongue-capillary Endothelial Cell
Tabula_Sapiens,Bladder-plasmacytoid Dendritic Cell,prerank,0.5988140270586038,2.363760695105965,0.0,0.0,0.0,63_87,63/87,30.63%,CXCR4;CYBA;EZR;HLA-DRA;CD74;SRGN;VIM;PPP1R14B;RPS21;HLA-DPA1;PTGDS;HERPUD1;RPS19;RPS15;RPS16;TPT1;RPLP1;FTL;JUND;RPL34;CREM;RPL18;RPLP2;RPL9;RPS8;RPL18A;RPS3;RPS28;RPL13A;RPL37A;RPL8;TMSB10;RPS5;RPL27;RPS11;RPL28;RPS29;RPL14;RPL35;RPL35A;RPS24;RPL6;RPS6;RPS27A;RPL3;RPS7;RPS3A;RPS14;RPL7A;RPL29;RPL23A;RPS18;RPL32;UBA52;RPL19;RPS13;RPS9;RPSA;RPL11;NACA;RPS4X;RPL39;FAU,CXCR4;CYBA;EZR;HLA-DRA;CD74;SRGN;VIM;PPP1R14B;RPS21;HLA-DPA1;PTGDS;HERPUD1;RPS19;RPS15;RPS16;TPT1;RPLP1;FTL;JUND;RPL34;CREM;RPL18;RPLP2;RPL9;RPS8;RPL18A;RPS3;RPS28;RPL13A;RPL37A;RPL8;TMSB10;RPS5;RPL27;RPS11;RPL28;RPS29;RPL14;RPL35;RPL35A;RPS24;RPL6;RPS6;RPS27A;RPL3;RPS7;RPS3A;RPS14;RPL7A;RPL29;RPL23A;RPS18;RPL32;UBA52;RPL19;RPS13;RPS9;RPSA;RPL11;NACA;RPS4X;RPL39;FAU;RPS2;EIF1;RPS27;RPS15A;RPL30;RPL5;RPL37;SEC61B;RPLP0;RPL41;RPS23;GPR183;PTMA;RPL10A;RPL21;EEF1A1;FTH1;RPL12;B2M;TMSB4X;GZMB;RPL15;SOX4;ARL4C,"[50, 470, 669, 855, 908, 1146, 1399, 1415, 1679, 1918, 1932, 2276, 2336, 2583, 2683, 2707, 2741, 3009, 3051, 3066, 3086, 3110, 3161, 3204, 3240, 3274, 3341, 3464, 3478, 3513, 3549, 3661, 3685, 3894, 3907, 3938, 4056, 4093, 4163, 4202, 4212, 4220, 4340, 4464, 4465, 4486, 4491, 4601, 4603, 4699, 4751, 4800, 4803, 4863, 4864, 4883, 4925, 5014, 5044, 5174, 5294, 5363, 5365, 5472, 5574, 5753, 5993, 6030, 6075, 6213, 6228, 6265, 6566, 6735, 7031, 7036, 7111, 7173, 7718, 7728, 8419, 8759, 8993, 9864, 10085, 13059, 14821]",Tabula_Sapiens__Bladder-plasmacytoid Dendritic Cell
Tabula_Sapiens,Eye-ocular Surface Cell,prerank,0.6249659900863701,2.486725051856736,0.0,0.0,0.0,64_88,64/88,28.80%,CEBPD;NFKBIA;MMRN1;GADD45B;IFITM3;HSP90AA1;FOS;S100A6;VIM;S100A10;RPS21;IGFBP5;ZFP36;TFPI;TGFBR2;RPL36;RPS19;JUN;HSP90AB1;RPS15;TIMP3;RPS16;TFF3;TPT1;RPLP1;HLA-E;FTL;JUND;RPL34;RPL18;RPLP2;RPL9;RPS8;HLA-B;RPL18A;RPS3;RPS28;RPL13A;RPL37A;KLF6;RPL8;TMSB10;RPS11;RPL28;RPS29;RPL14;RPL35A;RPS24;RPL6;RPS6;RPS27A;RPL3;RPS7;RPS3A;RPS14;RPL7A;RPL29;RPS18;RPL32;RPL19;RPS13;RPS9;RPL27A;RPL11,CEBPD;NFKBIA;MMRN1;GADD45B;IFITM3;HSP90AA1;FOS;S100A6;VIM;S100A10;RPS21;IGFBP5;ZFP36;TFPI;TGFBR2;RPL36;RPS19;JUN;HSP90AB1;RPS15;TIMP3;RPS16;TFF3;TPT1;RPLP1;HLA-E;FTL;JUND;RPL34;RPL18;RPLP2;RPL9;RPS8;HLA-B;RPL18A;RPS3;RPS28;RPL13A;RPL37A;KLF6;RPL8;TMSB10;RPS11;RPL28;RPS29;RPL14;RPL35A;RPS24;RPL6;RPS6;RPS27A;RPL3;RPS7;RPS3A;RPS14;RPL7A;RPL29;RPS18;RPL32;RPL19;RPS13;RPS9;RPL27A;RPL11;RPS4X;RPL39;FAU;RPS2;EIF1;RPS27;RPS15A;RPL30;RPL5;RPL37;RPL41;RPS23;AKAP12;PTMA;RPL21;EEF1A1;FTH1;RPL12;B2M;TMSB4X;SOD2;RPL15;IGFBP7;APP,"[312, 438, 571, 762, 970, 996, 1219, 1299, 1399, 1551, 1679, 1810, 1852, 1966, 2124, 2297, 2336, 2405, 2454, 2583, 2602, 2683, 2699, 2707, 2741, 2908, 3009, 3051, 3066, 3110, 3161, 3204, 3240, 3273, 3274, 3341, 3464, 3478, 3513, 3544, 3549, 3661, 3907, 3938, 4056, 4093, 4202, 4212, 4220, 4340, 4464, 4465, 4486, 4491, 4601, 4603, 4699, 4800, 4803, 4864, 4883, 4925, 5032, 5044, 5294, 5363, 5365, 5472, 5574, 5753, 5993, 6030, 6075, 6213, 6566, 6735, 6752, 7036, 7173, 7718, 7728, 8419, 8759, 8993, 9365, 10085, 11361, 13823]",Tabula_Sapiens__Eye-ocular Surface Cell
Tabula_Sapiens,Lung-type I Pneumocyte,prerank,0.5672330688576028,2.281506220673235,0.0,0.0,0.0,62_88,62/88,29.01%,HSPA1A;HSPB1;SLPI;KRT18;GPRC5A;NAPSA;CYP4B1;MUC1;AGER;HSP90AA1;KRT19;FOS;S100A6;SFTPB;ANXA2;S100A10;RPS19;EMP2;JUN;ADIRF;RPS16;TPT1;RAB11FIP1;RPLP1;NPC2;GSTP1;PGC;SFTPC;FTL;JUND;RPL34;CD63;RPL18;RPLP2;RPL9;RPS8;RPL18A;RPS3;MYL12A;RPS28;RPL13A;RPL37A;MGST1;KLF6;RPL8;TMSB10;RPS11;RPL28;RPS20;RPS24;RPS6;RPS27A;RPL3;RPS14;RPL7A;RPL29;RPS18;RPL32;RPL19;RPS9;RPL11;MYL6,HSPA1A;HSPB1;SLPI;KRT18;GPRC5A;NAPSA;CYP4B1;MUC1;AGER;HSP90AA1;KRT19;FOS;S100A6;SFTPB;ANXA2;S100A10;RPS19;EMP2;JUN;ADIRF;RPS16;TPT1;RAB11FIP1;RPLP1;NPC2;GSTP1;PGC;SFTPC;FTL;JUND;RPL34;CD63;RPL18;RPLP2;RPL9;RPS8;RPL18A;RPS3;MYL12A;RPS28;RPL13A;RPL37A;MGST1;KLF6;RPL8;TMSB10;RPS11;RPL28;RPS20;RPS24;RPS6;RPS27A;RPL3;RPS14;RPL7A;RPL29;RPS18;RPL32;RPL19;RPS9;RPL11;MYL6;RPS4X;RPS2;LGALS3;EIF1;RPS27;RPL37;RPL41;RPS23;PTMA;RPL21;CD55;EEF1A1;FTH1;RPL12;B2M;HOPX;TMSB4X;MYL12B;APLP2;ACTG1;DSTN;CAV1;CD9;RNASE1;KRT7;SFTPA2,"[2, 4, 42, 166, 252, 442, 491, 723, 822, 996, 1151, 1219, 1299, 1462, 1542, 1551, 2336, 2358, 2405, 2504, 2683, 2707, 2711, 2741, 2760, 2918, 2947, 2991, 3009, 3051, 3066, 3076, 3110, 3161, 3204, 3240, 3274, 3341, 3359, 3464, 3478, 3513, 3531, 3544, 3549, 3661, 3907, 3938, 4125, 4212, 4340, 4464, 4465, 4601, 4603, 4699, 4800, 4803, 4864, 4925, 5044, 5081, 5294, 5472, 5562, 5574, 5753, 6213, 6566, 6735, 7036, 7173, 7327, 7718, 7728, 8419, 8759, 8803, 8993, 9029, 9216, 11600, 13724, 13967, 15173, 16286, 16393, 17402]",Tabula_Sapiens__Lung-type I Pneumocyte
Tabula_Sapiens,Muscle-tendon Cell,prerank,0.5798170165094775,2.3002903182034626,0.0,0.0,0.0,60_87,60/87,28.12%,HSPA1A;HSPA1B;MT2A;CEBPD;PRELP;ID3;HSP90AA1;IGFBP6;FOS;S100A6;DCN;VIM;ZFP36;PTGDS;COL6A1;RPL36;RPS19;JUN;APOD;RPS15;TIMP3;RPS16;LGALS1;TPT1;RPLP1;FTL;RPL34;COL1A1;RPL18;RPLP2;RPL9;RPS8;RPL18A;RPS3;RPS28;RPL13A;RPL37A;RPL8;TMSB10;RPS11;RPL28;RPS29;RPL14;RPL35;RPL35A;RPS24;RPS6;RPS27A;RPL3;RPS3A;RPS25;RPS14;RPL7A;RPL29;RPL23A;RPS18;RPL32;RPL19;RPS13;RPS9,HSPA1A;HSPA1B;MT2A;CEBPD;PRELP;ID3;HSP90AA1;IGFBP6;FOS;S100A6;DCN;VIM;ZFP36;PTGDS;COL6A1;RPL36;RPS19;JUN;APOD;RPS15;TIMP3;RPS16;LGALS1;TPT1;RPLP1;FTL;RPL34;COL1A1;RPL18;RPLP2;RPL9;RPS8;RPL18A;RPS3;RPS28;RPL13A;RPL37A;RPL8;TMSB10;RPS11;RPL28;RPS29;RPL14;RPL35;RPL35A;RPS24;RPS6;RPS27A;RPL3;RPS3A;RPS25;RPS14;RPL7A;RPL29;RPL23A;RPS18;RPL32;RPL19;RPS13;RPS9;RPL11;RPS4X;RPL39;GSN;RPS2;EIF1;RPS27;RPS15A;RPL30;RPL37;RPL41;RPS23;PTMA;RPL21;THBS4;EEF1A1;FTH1;RPL12;B2M;MGP;COL6A3;RPL15;FN1;MYOC;COL3A1;CCDC80;RPL26,"[2, 7, 145, 312, 327, 956, 996, 1105, 1219, 1299, 1395, 1399, 1852, 1932, 2004, 2297, 2336, 2405, 2562, 2583, 2602, 2683, 2686, 2707, 2741, 3009, 3066, 3083, 3110, 3161, 3204, 3240, 3274, 3341, 3464, 3478, 3513, 3549, 3661, 3907, 3938, 4056, 4093, 4163, 4202, 4212, 4340, 4464, 4465, 4491, 4542, 4601, 4603, 4699, 4751, 4800, 4803, 4864, 4883, 4925, 5044, 5294, 5363, 5373, 5472, 5574, 5753, 5993, 6030, 6213, 6566, 6735, 7036, 7173, 7381, 7718, 7728, 8419, 8759, 9257, 9939, 10085, 12440, 14790, 15835, 16375, 16730]",Tabula_Sapiens__Muscle-tendon Cell
Tabula_Sapiens,Bone Marrow-macrophage,prerank,0.619236383890702,2.4842367665990834,0.0,0.0,0.0,69_91,69/91,30.63%,S100A8;S100A4;CEBPD;NFKBIA;CYBA;LYZ;TYROBP;S100A9;HLA-DRA;FCER1G;CD74;IFITM3;S100A11;FOS;S100A6;VIM;S100A10;RPS21;SERF2;RPL36;RPS19;GPX1;RPS15;LGALS1;TPT1;RPLP1;SH3BGRL3;COTL1;FTL;RPL34;OAZ1;RPL18;RPLP2;RPL9;RPS8;HLA-B;RPL18A;RPS3;RPS26;RPS28;RPL37A;KLF6;RPL8;TMSB10;RPL28;RPS29;RPL14;RPL35A;RPS24;RPL6;RPS6;RPS27A;RPS7;RPS3A;RPS14;RPL7A;RPL29;RPS18;RPL32;UBA52;RPL19;RPS13;RPS9;RPL11;MYL6;NACA;RPS4X;RPL39;FAU,S100A8;S100A4;CEBPD;NFKBIA;CYBA;LYZ;TYROBP;S100A9;HLA-DRA;FCER1G;CD74;IFITM3;S100A11;FOS;S100A6;VIM;S100A10;RPS21;SERF2;RPL36;RPS19;GPX1;RPS15;LGALS1;TPT1;RPLP1;SH3BGRL3;COTL1;FTL;RPL34;OAZ1;RPL18;RPLP2;RPL9;RPS8;HLA-B;RPL18A;RPS3;RPS26;RPS28;RPL37A;KLF6;RPL8;TMSB10;RPL28;RPS29;RPL14;RPL35A;RPS24;RPL6;RPS6;RPS27A;RPS7;RPS3A;RPS14;RPL7A;RPL29;RPS18;RPL32;UBA52;RPL19;RPS13;RPS9;RPL11;MYL6;NACA;RPS4X;RPL39;FAU;RPS2;RPS27;GAPDH;PFN1;RPS15A;RPL30;RPL5;AIF1;RPL37;RPLP0;CST3;RPL41;RPS23;PTMA;RPL21;EEF1A1;FTH1;RPL12;B2M;TMSB4X;RPL15;RPL26,"[157, 245, 312, 438, 470, 574, 656, 820, 855, 857, 908, 970, 1102, 1219, 1299, 1399, 1551, 1679, 2068, 2297, 2336, 2540, 2583, 2686, 2707, 2741, 2777, 2856, 3009, 3066, 3070, 3110, 3161, 3204, 3240, 3273, 3274, 3341, 3446, 3464, 3513, 3544, 3549, 3661, 3938, 4056, 4093, 4202, 4212, 4220, 4340, 4464, 4486, 4491, 4601, 4603, 4699, 4800, 4803, 4863, 4864, 4883, 4925, 5044, 5081, 5174, 5294, 5363, 5365, 5472, 5753, 5812, 5977, 5993, 6030, 6075, 6152, 6213, 6265, 6273, 6566, 6735, 7036, 7173, 7718, 7728, 8419, 8759, 8993, 10085, 16730]",Tabula_Sapiens__Bone Marrow-macrophage
Tabula_Sapiens,Lymph Node-b Cell,prerank,0.6043547373705549,2.413480669841255,0.0,0.0,0.0,67_89,67/89,30.63%,HSPA1A;CXCR4;KLF2;HLA-DRA;CD74;HSP90AA1;TSC22D3;BTG1;RPS21;RPL36;RPS19;JUN;HSP90AB1;RPS15;RPS16;TPT1;RPLP1;FTL;JUND;RPL34;RPL18;RPLP2;RPL9;RPS8;HLA-B;RPL18A;RPS3;RPS28;RPL13A;RPL37A;RPL8;RPL31;RPS5;RPL27;RPS11;RPL28;RPL38;RPS29;RPL14;RPS20;RPL35;RPL35A;RPS24;RPL6;RPS6;RPS27A;RPL3;RPS7;RPS3A;RPS25;RPS14;RPL7A;RPL29;RPL23A;RPS18;RPL32;UBA52;RPL19;RPS13;RPS9;RPSA;RPL27A;RPL11;NACA;RPS4X;RPL39;FAU,HSPA1A;CXCR4;KLF2;HLA-DRA;CD74;HSP90AA1;TSC22D3;BTG1;RPS21;RPL36;RPS19;JUN;HSP90AB1;RPS15;RPS16;TPT1;RPLP1;FTL;JUND;RPL34;RPL18;RPLP2;RPL9;RPS8;HLA-B;RPL18A;RPS3;RPS28;RPL13A;RPL37A;RPL8;RPL31;RPS5;RPL27;RPS11;RPL28;RPL38;RPS29;RPL14;RPS20;RPL35;RPL35A;RPS24;RPL6;RPS6;RPS27A;RPL3;RPS7;RPS3A;RPS25;RPS14;RPL7A;RPL29;RPL23A;RPS18;RPL32;UBA52;RPL19;RPS13;RPS9;RPSA;RPL27A;RPL11;NACA;RPS4X;RPL39;FAU;RPS2;EIF1;TXNIP;RPS27;RPS15A;RPL30;RPL5;RPL37;RPLP0;RPL41;RPS23;PTMA;RPL10A;RPL21;EEF1A1;FTH1;RPL12;B2M;TMSB4X;RPL15;EEF1B2;RPL26,"[2, 50, 811, 855, 908, 996, 1034, 1239, 1679, 2297, 2336, 2405, 2454, 2583, 2683, 2707, 2741, 3009, 3051, 3066, 3110, 3161, 3204, 3240, 3273, 3274, 3341, 3464, 3478, 3513, 3549, 3614, 3685, 3894, 3907, 3938, 3947, 4056, 4093, 4125, 4163, 4202, 4212, 4220, 4340, 4464, 4465, 4486, 4491, 4542, 4601, 4603, 4699, 4751, 4800, 4803, 4863, 4864, 4883, 4925, 5014, 5032, 5044, 5174, 5294, 5363, 5365, 5472, 5574, 5739, 5753, 5993, 6030, 6075, 6213, 6265, 6566, 6735, 7036, 7111, 7173, 7718, 7728, 8419, 8759, 8993, 10085, 11512, 16730]",Tabula_Sapiens__Lymph Node-b Cell
Tabula_Sapiens,Lung-cd8-positive Alpha-Beta T Cell,prerank,0.5841255433830538,2.3587719915176346,0.0,0.0,0.0,64_90,64/90,28.80%,CXCR4;S100A4;NFKBIA;HSP90AA1;IL7R;TSC22D3;SRGN;FOS;BTG1;TNFAIP3;ZFP36L2;RPS21;RPL36;RPS19;RPS15;RPS16;TPT1;RPLP1;FTL;JUND;RPL34;RPL18;RPLP2;RPL9;RPS8;HLA-B;RPL18A;RPS3;RPS28;RPL13A;RPL37A;KLF6;RPL8;TMSB10;RPS5;RPS11;RPL28;RPL38;RPS29;RPL14;RPS20;RPL35;RPL35A;RPS24;RPL6;RPS6;RPS27A;RPL3;RPS7;RPS3A;RPS25;RPS14;RPL7A;RPL29;RPL23A;RPS18;RPL32;UBA52;RPL19;RPS13;RPS9;RPSA;RPL27A;RPL11,CXCR4;S100A4;NFKBIA;HSP90AA1;IL7R;TSC22D3;SRGN;FOS;BTG1;TNFAIP3;ZFP36L2;RPS21;RPL36;RPS19;RPS15;RPS16;TPT1;RPLP1;FTL;JUND;RPL34;RPL18;RPLP2;RPL9;RPS8;HLA-B;RPL18A;RPS3;RPS28;RPL13A;RPL37A;KLF6;RPL8;TMSB10;RPS5;RPS11;RPL28;RPL38;RPS29;RPL14;RPS20;RPL35;RPL35A;RPS24;RPL6;RPS6;RPS27A;RPL3;RPS7;RPS3A;RPS25;RPS14;RPL7A;RPL29;RPL23A;RPS18;RPL32;UBA52;RPL19;RPS13;RPS9;RPSA;RPL27A;RPL11;RPS4X;RPL39;FAU;RPS2;EIF1;TXNIP;RPS27;RPS15A;RPL30;RPL5;RPL37;RPL41;RPS23;HLA-A;PTMA;RPL10A;RPL21;EEF1A1;FTH1;RPL12;B2M;TMSB4X;RPL15;CCL4;CD69;RPL26,"[50, 245, 438, 996, 1012, 1034, 1146, 1219, 1239, 1329, 1382, 1679, 2297, 2336, 2583, 2683, 2707, 2741, 3009, 3051, 3066, 3110, 3161, 3204, 3240, 3273, 3274, 3341, 3464, 3478, 3513, 3544, 3549, 3661, 3685, 3907, 3938, 3947, 4056, 4093, 4125, 4163, 4202, 4212, 4220, 4340, 4464, 4465, 4486, 4491, 4542, 4601, 4603, 4699, 4751, 4800, 4803, 4863, 4864, 4883, 4925, 5014, 5032, 5044, 5294, 5363, 5365, 5472, 5574, 5739, 5753, 5993, 6030, 6075, 6213, 6566, 6735, 7026, 7036, 7111, 7173, 7718, 7728, 8419, 8759, 8993, 10085, 10797, 16391, 16730]",Tabula_Sapiens__Lung-cd8-positive Alpha-Beta T Cell
Tabula_Sapiens,Muscle-endothelial Cell Of Vascular Tree,prerank,0.6196910237263358,2.4738032995319164,0.0,0.0,0.0,62_88,62/88,28.80%,HSPA1A;HSPA1B;MT2A;STC1;SOCS3;ADAMTS9;NFKBIA;YBX3;CCL2;TM4SF1;CDKN1A;HSPH1;IL6;CD74;IFITM3;HSPD1;HSP90AA1;DNAJA1;VIM;EMP1;RPL36;RPS19;HSP90AB1;ADIRF;RPS15;TPT1;RPLP1;HLA-E;RPL34;RPL18;RPLP2;RPL9;RPS8;RPL18A;IFI27;RPS3;RPS28;RPL13A;RPL37A;ADAMTS1;RPL8;TMSB10;RPS11;RPL28;RPS20;RPL35A;RPS24;RPS6;RPS27A;RPL3;RPS7;RPS3A;RPS14;RPL7A;RPL29;RPS18;RPL32;RPL19;RPS13;RPS9;RPL27A;RPL11,HSPA1A;HSPA1B;MT2A;STC1;SOCS3;ADAMTS9;NFKBIA;YBX3;CCL2;TM4SF1;CDKN1A;HSPH1;IL6;CD74;IFITM3;HSPD1;HSP90AA1;DNAJA1;VIM;EMP1;RPL36;RPS19;HSP90AB1;ADIRF;RPS15;TPT1;RPLP1;HLA-E;RPL34;RPL18;RPLP2;RPL9;RPS8;RPL18A;IFI27;RPS3;RPS28;RPL13A;RPL37A;ADAMTS1;RPL8;TMSB10;RPS11;RPL28;RPS20;RPL35A;RPS24;RPS6;RPS27A;RPL3;RPS7;RPS3A;RPS14;RPL7A;RPL29;RPS18;RPL32;RPL19;RPS13;RPS9;RPL27A;RPL11;RPS4X;RPL39;FAU;RPS2;EIF1;RPS27;RPS15A;RPL30;RPL37;RPL41;RPS23;AKAP12;PTMA;RPL21;EEF1A1;SPARCL1;RPL12;B2M;TMSB4X;SOD2;RPL15;ITM2B;IGFBP7;ACTG1;SELE;RPL26,"[2, 7, 145, 156, 158, 386, 438, 466, 636, 694, 715, 718, 719, 908, 970, 987, 996, 1202, 1399, 1664, 2297, 2336, 2454, 2504, 2583, 2707, 2741, 2908, 3066, 3110, 3161, 3204, 3240, 3274, 3312, 3341, 3464, 3478, 3513, 3516, 3549, 3661, 3907, 3938, 4125, 4202, 4212, 4340, 4464, 4465, 4486, 4491, 4601, 4603, 4699, 4800, 4803, 4864, 4883, 4925, 5032, 5044, 5294, 5363, 5365, 5472, 5574, 5753, 5993, 6030, 6213, 6566, 6735, 6752, 7036, 7173, 7718, 7992, 8419, 8759, 8993, 9365, 10085, 11214, 11361, 11600, 14111, 16730]",Tabula_Sapiens__Muscle-endothelial Cell Of Vascular Tree
Tabula_Sapiens,Muscle-macrophage,prerank,0.6575736020036966,2.666694925006924,0.0,0.0,0.0,51_87,51/87,22.49%,HSPA1A;HSPA1B;DNAJB1;MT2A;S100A8;C1QA;S100A4;PLAUR;C1QB;NFKBIA;CEBPB;LYVE1;CCL20;LYZ;F13A1;HSPH1;CD163;S100A9;CXCL3;HSPD1;HSP90AA1;S100A11;SRGN;DNAJA1;FOS;BTG1;S100A6;VIM;TIMP1;S100A10;HSPA5;IER3;RPS19;HSP90AB1;IL1B;RPS16;TPT1;RPLP1;SH3BGRL3;FTL;RPL34;OAZ1;RPLP2;RPS8;RPS28;RPL13A;RPL37A;TMSB10;CXCL2;RPS11;RPL28,HSPA1A;HSPA1B;DNAJB1;MT2A;S100A8;C1QA;S100A4;PLAUR;C1QB;NFKBIA;CEBPB;LYVE1;CCL20;LYZ;F13A1;HSPH1;CD163;S100A9;CXCL3;HSPD1;HSP90AA1;S100A11;SRGN;DNAJA1;FOS;BTG1;S100A6;VIM;TIMP1;S100A10;HSPA5;IER3;RPS19;HSP90AB1;IL1B;RPS16;TPT1;RPLP1;SH3BGRL3;FTL;RPL34;OAZ1;RPLP2;RPS8;RPS28;RPL13A;RPL37A;TMSB10;CXCL2;RPS11;RPL28;CD44;RPS24;MRC1;RPS27A;RPS14;RPS18;RPL32;RPL19;RPS9;RPL11;ANXA1;RPS4X;RPL39;RPS2;EIF1;CTSB;RPS27;RPL30;RPL37;CST3;RPL41;RPS23;PTMA;CCL3;EEF1A1;FTH1;HSPA8;RPL12;B2M;TMSB4X;SOD2;THBS1;EREG;ACTG1;INSIG1;RNASE1,"[2, 7, 8, 145, 157, 196, 245, 295, 399, 438, 464, 485, 561, 574, 631, 718, 818, 820, 873, 987, 996, 1102, 1146, 1202, 1219, 1239, 1299, 1399, 1515, 1551, 2084, 2252, 2336, 2454, 2654, 2683, 2707, 2741, 2777, 3009, 3066, 3070, 3161, 3240, 3464, 3478, 3513, 3661, 3816, 3907, 3938, 4043, 4212, 4351, 4464, 4601, 4800, 4803, 4864, 4925, 5044, 5053, 5294, 5363, 5472, 5574, 5660, 5753, 6030, 6213, 6273, 6566, 6735, 7036, 7409, 7718, 7728, 7892, 8419, 8759, 8993, 9365, 10764, 11223, 11600, 13508, 16286]",Tabula_Sapiens__Muscle-macrophage
Tabula_Sapiens,Lymph Node-mature Conventional Dendritic Cell,prerank,0.6005561279273244,2.387414212941779,0.0,0.0,0.0,63_88,63/88,30.63%,CCL17;NFKBIA;HLA-DRB1;HLA-DRA;PNRC1;CD74;FOS;BTG1;BIRC3;VIM;RPS21;ZFP36;RPL36;RPS19;RPS15;LGALS1;TPT1;RPLP1;RGS1;COTL1;GSTP1;TOP2A;FTL;RPL34;RPL18;RPLP2;RPL9;RPS8;HLA-B;RPL18A;RPS3;RPS28;KLF6;RPL8;TMSB10;RPS5;RPS11;RPL28;RPL14;RPL35A;RPS24;RPL6;RPS6;ID2;RPS27A;RPL3;RPS7;RPS3A;RPS25;RPS14;RPL7A;RPL29;RPS18;RPL32;UBA52;RPL19;RPS13;RPS9;RPL11;GPX4;RPS4X;RPL39;FAU,CCL17;NFKBIA;HLA-DRB1;HLA-DRA;PNRC1;CD74;FOS;BTG1;BIRC3;VIM;RPS21;ZFP36;RPL36;RPS19;RPS15;LGALS1;TPT1;RPLP1;RGS1;COTL1;GSTP1;TOP2A;FTL;RPL34;RPL18;RPLP2;RPL9;RPS8;HLA-B;RPL18A;RPS3;RPS28;KLF6;RPL8;TMSB10;RPS5;RPS11;RPL28;RPL14;RPL35A;RPS24;RPL6;RPS6;ID2;RPS27A;RPL3;RPS7;RPS3A;RPS25;RPS14;RPL7A;RPL29;RPS18;RPL32;UBA52;RPL19;RPS13;RPS9;RPL11;GPX4;RPS4X;RPL39;FAU;RPS2;EIF1;RPS27;PFN1;RPS15A;RPL30;RPL5;GADD45A;RPL37;RPLP0;RPL41;CD83;RPS23;GPR183;PTMA;EEF1A1;FTH1;RPL12;B2M;MARCKS;TMSB4X;RPL15;FSCN1;ACTG1;CENPF,"[67, 438, 558, 855, 875, 908, 1219, 1239, 1351, 1399, 1679, 1852, 2297, 2336, 2583, 2686, 2707, 2741, 2808, 2856, 2918, 2999, 3009, 3066, 3110, 3161, 3204, 3240, 3273, 3274, 3341, 3464, 3544, 3549, 3661, 3685, 3907, 3938, 4093, 4202, 4212, 4220, 4340, 4384, 4464, 4465, 4486, 4491, 4542, 4601, 4603, 4699, 4800, 4803, 4863, 4864, 4883, 4925, 5044, 5118, 5294, 5363, 5365, 5472, 5574, 5753, 5977, 5993, 6030, 6075, 6156, 6213, 6265, 6566, 6688, 6735, 7031, 7036, 7718, 7728, 8419, 8759, 8773, 8993, 10085, 10704, 11600, 14326]",Tabula_Sapiens__Lymph Node-mature Conventional Dendritic Cell
Tabula_Sapiens,Salivary Gland-acinar Cell Of Salivary Gland,prerank,0.593866191962725,2.301622759072014,0.0,0.0,0.0,58_78,58/78,31.82%,SLPI;AZGP1;LYZ;LCN2;HSP90AA1;KRT19;DEFB1;RPS21;ZG16B;RPL36;RPS19;JUN;RPS15;RPS16;TPT1;RPLP1;FTL;RPL34;RPL18;RPLP2;RPL9;RPS8;RPL18A;RPS3;RPS28;RPL13A;RPL37A;RPL8;RPS5;RPS11;RPL28;RPS29;RPL14;RPS20;RPL35;RPL35A;RPS24;RPL6;RPS6;RPS27A;RPL3;RPS3A;RPS14;RPL7A;RPL29;RPS18;RPL32;UBA52;RPL19;RPS13;RPS9;RPSA;RPL11;RPS4X;LTF;RPL39;RPS2;EIF1,SLPI;AZGP1;LYZ;LCN2;HSP90AA1;KRT19;DEFB1;RPS21;ZG16B;RPL36;RPS19;JUN;RPS15;RPS16;TPT1;RPLP1;FTL;RPL34;RPL18;RPLP2;RPL9;RPS8;RPL18A;RPS3;RPS28;RPL13A;RPL37A;RPL8;RPS5;RPS11;RPL28;RPS29;RPL14;RPS20;RPL35;RPL35A;RPS24;RPL6;RPS6;RPS27A;RPL3;RPS3A;RPS14;RPL7A;RPL29;RPS18;RPL32;UBA52;RPL19;RPS13;RPS9;RPSA;RPL11;RPS4X;LTF;RPL39;RPS2;EIF1;RPS27;RPS15A;RPL30;RPL5;RPL37;RPLP0;RPL41;RPS23;PTMA;RPL10A;RPL21;EEF1A1;FTH1;WFDC2;RPL12;TMSB4X;MGP;RPL15;ACTG1;KRT7,"[42, 100, 574, 756, 996, 1151, 1486, 1679, 2171, 2297, 2336, 2405, 2583, 2683, 2707, 2741, 3009, 3066, 3110, 3161, 3204, 3240, 3274, 3341, 3464, 3478, 3513, 3549, 3685, 3907, 3938, 4056, 4093, 4125, 4163, 4202, 4212, 4220, 4340, 4464, 4465, 4491, 4601, 4603, 4699, 4800, 4803, 4863, 4864, 4883, 4925, 5014, 5044, 5294, 5338, 5363, 5472, 5574, 5753, 5993, 6030, 6075, 6213, 6265, 6566, 6735, 7036, 7111, 7173, 7718, 7728, 7784, 8419, 8993, 9257, 10085, 11600, 16393]",Tabula_Sapiens__Salivary Gland-acinar Cell Of Salivary Gland
Tabula_Sapiens,Thymus-fibroblast,prerank,0.609712540081062,2.428064563208269,0.0,0.0,0.0,64_89,64/89,30.68%,MT2A;CEBPD;FBLN1;MT1X;IFITM3;IGFBP6;FOS;S100A6;DCN;VIM;TIMP1;COL6A2;IGFBP5;ZFP36;SERPING1;RPL36;RPS19;JUN;APOD;RPS15;TIMP3;RPS16;TPT1;RPLP1;FTL;RPL34;RPL18;RPLP2;RPL9;RPS8;RPL18A;IGFBP4;RPS3;RPS28;RPL13A;RPL37A;MGST1;RPL8;TMSB10;RPS5;APOE;RPL28;RPL14;RPL35;RPL35A;RPS24;RPL6;RPS6;RPS27A;RPL3;RPS3A;RPS14;RPL7A;RPL29;RPS18;RPL32;RPL19;RPS13;RPS9;RPL11;RPS4X;RPL39;FAU;GSN,MT2A;CEBPD;FBLN1;MT1X;IFITM3;IGFBP6;FOS;S100A6;DCN;VIM;TIMP1;COL6A2;IGFBP5;ZFP36;SERPING1;RPL36;RPS19;JUN;APOD;RPS15;TIMP3;RPS16;TPT1;RPLP1;FTL;RPL34;RPL18;RPLP2;RPL9;RPS8;RPL18A;IGFBP4;RPS3;RPS28;RPL13A;RPL37A;MGST1;RPL8;TMSB10;RPS5;APOE;RPL28;RPL14;RPL35;RPL35A;RPS24;RPL6;RPS6;RPS27A;RPL3;RPS3A;RPS14;RPL7A;RPL29;RPS18;RPL32;RPL19;RPS13;RPS9;RPL11;RPS4X;RPL39;FAU;GSN;RPS2;EIF1;RPS27;RPS15A;RPL30;RPL5;RPL37;RPLP0;CST3;RPL41;RPS23;PTMA;RPL10A;RPL21;EEF1A1;FTH1;SPARCL1;GPX3;RPL12;TMSB4X;MGP;IGFBP7;ACTG1;LUM;NR4A1,"[145, 312, 317, 318, 970, 1105, 1219, 1299, 1395, 1399, 1515, 1579, 1810, 1852, 2181, 2297, 2336, 2405, 2562, 2583, 2602, 2683, 2707, 2741, 3009, 3066, 3110, 3161, 3204, 3240, 3274, 3331, 3341, 3464, 3478, 3513, 3531, 3549, 3661, 3685, 3783, 3938, 4093, 4163, 4202, 4212, 4220, 4340, 4464, 4465, 4491, 4601, 4603, 4699, 4800, 4803, 4864, 4883, 4925, 5044, 5294, 5363, 5365, 5373, 5472, 5574, 5753, 5993, 6030, 6075, 6213, 6265, 6273, 6566, 6735, 7036, 7111, 7173, 7718, 7728, 7992, 7997, 8419, 8993, 9257, 11361, 11600, 12182, 12865]",Tabula_Sapiens__Thymus-fibroblast
Tabula_Sapiens,Prostate-hillock Cell Of Prostate Epithelium,prerank,0.5841722045838595,2.3549684454206585,0.0,0.0,0.0,66_88,66/88,31.24%,HSPB1;DDIT4;S100P;GDF15;S100A11;KRT19;FOS;S100A6;RPS21;RPL36;RPS19;JUN;ADIRF;RPS15;RPS16;TPT1;RPLP1;FTL;RPL34;RPL18;RPLP2;RPL9;RPS8;RPL18A;RPS3;RPS28;RPL13A;RPL37A;RPL8;RPS5;KRT13;RPS11;CLDN4;RPL28;RPL38;GPX2;RPS29;RPL14;RPS20;RPL35;RPL35A;RPS24;RPL6;RPS6;RPS27A;RPL3;RPS7;RPS3A;RPS25;RPS14;RPL7A;RPL29;RPL23A;RPS18;RPL32;RPL19;RPS13;RPS9;RPL27A;RPL11;NACA;RPS4X;RPL39;FAU;ID1;RPS2,HSPB1;DDIT4;S100P;GDF15;S100A11;KRT19;FOS;S100A6;RPS21;RPL36;RPS19;JUN;ADIRF;RPS15;RPS16;TPT1;RPLP1;FTL;RPL34;RPL18;RPLP2;RPL9;RPS8;RPL18A;RPS3;RPS28;RPL13A;RPL37A;RPL8;RPS5;KRT13;RPS11;CLDN4;RPL28;RPL38;GPX2;RPS29;RPL14;RPS20;RPL35;RPL35A;RPS24;RPL6;RPS6;RPS27A;RPL3;RPS7;RPS3A;RPS25;RPS14;RPL7A;RPL29;RPL23A;RPS18;RPL32;RPL19;RPS13;RPS9;RPL27A;RPL11;NACA;RPS4X;RPL39;FAU;ID1;RPS2;TXNIP;RPS27;RPS15A;RPL30;RPL5;RPL37;RPLP0;RPL41;RPS23;PTMA;RPL10A;RPL21;EEF1A1;FTH1;RPL12;PPDPF;B2M;BTG2;RPL15;ELF3;PSCA;RPL26,"[4, 17, 233, 325, 1102, 1151, 1219, 1299, 1679, 2297, 2336, 2405, 2504, 2583, 2683, 2707, 2741, 3009, 3066, 3110, 3161, 3204, 3240, 3274, 3341, 3464, 3478, 3513, 3549, 3685, 3883, 3907, 3933, 3938, 3947, 4048, 4056, 4093, 4125, 4163, 4202, 4212, 4220, 4340, 4464, 4465, 4486, 4491, 4542, 4601, 4603, 4699, 4751, 4800, 4803, 4864, 4883, 4925, 5032, 5044, 5174, 5294, 5363, 5365, 5430, 5472, 5739, 5753, 5993, 6030, 6075, 6213, 6265, 6566, 6735, 7036, 7111, 7173, 7718, 7728, 8419, 8669, 8759, 9417, 10085, 14662, 14694, 16730]",Tabula_Sapiens__Prostate-hillock Cell Of Prostate Epithelium
Tabula_Sapiens,Kidney-nk Cell,prerank,0.5014015726049865,2.0132699960181752,0.0,0.0,0.0,60_87,60/87,31.82%,CXCR4;S100A4;CYBA;IFITM2;KLRD1;KLF2;HSP90AA1;TSC22D3;SRGN;FOS;BTG1;ZFP36L2;RPS21;RPL36;RPS19;PTPRC;HCST;RPS15;TPT1;RPLP1;SH3BGRL3;HLA-E;CD247;RPL34;RPL18;RPLP2;RPS8;HLA-B;RPL18A;RPS3;MYL12A;RPS28;KLF6;TMSB10;ETS1;RPL28;FGFBP2;RPS29;RPL14;RPL35A;RPS24;RPS6;RPS27A;RPL3;RPS7;RPS3A;RPS14;RPL7A;RPS18;RPL32;RPL19;HLA-C;RPL11;NACA;RPS4X;RPL39;FAU;CCL5;SYNE2;EIF1,CXCR4;S100A4;CYBA;IFITM2;KLRD1;KLF2;HSP90AA1;TSC22D3;SRGN;FOS;BTG1;ZFP36L2;RPS21;RPL36;RPS19;PTPRC;HCST;RPS15;TPT1;RPLP1;SH3BGRL3;HLA-E;CD247;RPL34;RPL18;RPLP2;RPS8;HLA-B;RPL18A;RPS3;MYL12A;RPS28;KLF6;TMSB10;ETS1;RPL28;FGFBP2;RPS29;RPL14;RPL35A;RPS24;RPS6;RPS27A;RPL3;RPS7;RPS3A;RPS14;RPL7A;RPS18;RPL32;RPL19;HLA-C;RPL11;NACA;RPS4X;RPL39;FAU;CCL5;SYNE2;EIF1;TXNIP;RPS27;PFN1;RPS15A;RPL30;RPL37;RPL41;RPS23;HLA-A;PTMA;HNRNPA2B1;CCL3;EEF1A1;GNLY;B2M;TMSB4X;GZMB;DDX5;CCL4;ACTG1;ATM;HMGB1;CALM1;ARL4C;NKG7;RPL26;GZMA,"[50, 245, 470, 633, 759, 811, 996, 1034, 1146, 1219, 1239, 1382, 1679, 2297, 2336, 2422, 2483, 2583, 2707, 2741, 2777, 2908, 2961, 3066, 3110, 3161, 3240, 3273, 3274, 3341, 3359, 3464, 3544, 3661, 3740, 3938, 4005, 4056, 4093, 4202, 4212, 4340, 4464, 4465, 4486, 4491, 4601, 4603, 4800, 4803, 4864, 5034, 5044, 5174, 5294, 5363, 5365, 5546, 5556, 5574, 5739, 5753, 5977, 5993, 6030, 6213, 6566, 6735, 7026, 7036, 7364, 7409, 7718, 8051, 8759, 8993, 9864, 9867, 10797, 11600, 11714, 12555, 13283, 14821, 15287, 16730, 17331]",Tabula_Sapiens__Kidney-nk Cell
Tabula_Sapiens,Uterus-epithelial Cell Of Uterus,prerank,0.5236380252746068,2.085446670860611,0.0,0.0,0.0,61_86,61/86,30.62%,HSPB1;NFKBIA;HSP90AA1;S100A11;KRT19;S100A6;VIM;S100A10;RPS21;IER3;RPL36;RPS19;JUN;RPS15;RPS16;TPT1;RPLP1;GSTP1;RPL34;RPL18;RPLP2;RPL9;RPS8;RPL18A;IFI27;RPS3;RPS28;RPL13A;RPL37A;KLF6;RPL8;TMSB10;RPS5;RPS11;CLDN4;RPL28;RPL14;RPL35;RPL35A;RPS24;RPL6;RPS6;RPS27A;RPL3;RPS7;RPS3A;RPS14;RPL7A;RPL29;RPS18;RPL32;RPL19;RPS13;RPS9;RPSA;RPL11;ANXA1;MYL6;NACA;RPS4X;RPL39,HSPB1;NFKBIA;HSP90AA1;S100A11;KRT19;S100A6;VIM;S100A10;RPS21;IER3;RPL36;RPS19;JUN;RPS15;RPS16;TPT1;RPLP1;GSTP1;RPL34;RPL18;RPLP2;RPL9;RPS8;RPL18A;IFI27;RPS3;RPS28;RPL13A;RPL37A;KLF6;RPL8;TMSB10;RPS5;RPS11;CLDN4;RPL28;RPL14;RPL35;RPL35A;RPS24;RPL6;RPS6;RPS27A;RPL3;RPS7;RPS3A;RPS14;RPL7A;RPL29;RPS18;RPL32;RPL19;RPS13;RPS9;RPSA;RPL11;ANXA1;MYL6;NACA;RPS4X;RPL39;RPS2;EIF1;RPS27;GAPDH;RPS15A;RPL30;RPL5;RPL37;RPLP0;RPL41;RPS23;PTMA;RPL10A;EEF1A1;FTH1;WFDC2;RPL12;B2M;TMSB4X;RPL15;ACTG1;SOX4;ELF3;RPL26;CLDN3,"[4, 438, 996, 1102, 1151, 1299, 1399, 1551, 1679, 2252, 2297, 2336, 2405, 2583, 2683, 2707, 2741, 2918, 3066, 3110, 3161, 3204, 3240, 3274, 3312, 3341, 3464, 3478, 3513, 3544, 3549, 3661, 3685, 3907, 3933, 3938, 4093, 4163, 4202, 4212, 4220, 4340, 4464, 4465, 4486, 4491, 4601, 4603, 4699, 4800, 4803, 4864, 4883, 4925, 5014, 5044, 5053, 5081, 5174, 5294, 5363, 5472, 5574, 5753, 5812, 5993, 6030, 6075, 6213, 6265, 6566, 6735, 7036, 7111, 7718, 7728, 7784, 8419, 8759, 8993, 10085, 11600, 13059, 14662, 16730, 17452]",Tabula_Sapiens__Uterus-epithelial Cell Of Uterus
Tabula_Sapiens,Spleen-regulatory T Cell,prerank,0.5689122696195716,2.284396978008619,0.0,0.0,0.0,62_88,62/88,30.63%,S100A4;IL32;KLF2;CD52;TSC22D3;SRGN;BTG1;ZFP36L2;RPS21;RPL36;RPS19;RPS15;RPS16;TPT1;RPLP1;FTL;JUND;RPL34;RPL18;RPLP2;RPL9;RPS8;HLA-B;RPL18A;RPS3;RPS28;RPL13A;RPL37A;RPL8;TMSB10;RPS5;RPS11;RPL28;RPS29;RPL14;RPL35;RPL35A;RPS24;RPL6;RPS6;RPS27A;RPL3;RPS7;RPS3A;RPS25;RPS14;RPL7A;RPL29;RPL23A;RPS18;RPL32;UBA52;RPL19;RPS13;RPS9;RPSA;RPL27A;RPL11;NACA;RPS4X;RPL39;FAU,S100A4;IL32;KLF2;CD52;TSC22D3;SRGN;BTG1;ZFP36L2;RPS21;RPL36;RPS19;RPS15;RPS16;TPT1;RPLP1;FTL;JUND;RPL34;RPL18;RPLP2;RPL9;RPS8;HLA-B;RPL18A;RPS3;RPS28;RPL13A;RPL37A;RPL8;TMSB10;RPS5;RPS11;RPL28;RPS29;RPL14;RPL35;RPL35A;RPS24;RPL6;RPS6;RPS27A;RPL3;RPS7;RPS3A;RPS25;RPS14;RPL7A;RPL29;RPL23A;RPS18;RPL32;UBA52;RPL19;RPS13;RPS9;RPSA;RPL27A;RPL11;NACA;RPS4X;RPL39;FAU;RPS2;EIF1;RPS27;GAPDH;PFN1;RPS15A;RPL30;RPL5;RPL37;RPLP0;RPL41;RPS23;HLA-A;PTMA;RPL10A;RPL21;EEF1A1;FTH1;RPL12;B2M;TMSB4X;EEF2;RPL15;ACTG1;CALM1;RPL26,"[245, 314, 811, 830, 1034, 1146, 1239, 1382, 1679, 2297, 2336, 2583, 2683, 2707, 2741, 3009, 3051, 3066, 3110, 3161, 3204, 3240, 3273, 3274, 3341, 3464, 3478, 3513, 3549, 3661, 3685, 3907, 3938, 4056, 4093, 4163, 4202, 4212, 4220, 4340, 4464, 4465, 4486, 4491, 4542, 4601, 4603, 4699, 4751, 4800, 4803, 4863, 4864, 4883, 4925, 5014, 5032, 5044, 5174, 5294, 5363, 5365, 5472, 5574, 5753, 5812, 5977, 5993, 6030, 6075, 6213, 6265, 6566, 6735, 7026, 7036, 7111, 7173, 7718, 7728, 8419, 8759, 8993, 9092, 10085, 11600, 13283, 16730]",Tabula_Sapiens__Spleen-regulatory T Cell
Tabula_Sapiens,Fat-endothelial Cell,prerank,0.5221766910273824,2.0815996590895547,0.0,0.0,0.0,63_89,63/89,30.68%,HSPA1A;MT2A;SOCS3;MT1E;CEBPD;CD74;IFITM3;HSP90AA1;FOS;VIM;RPS21;ZFP36;VWF;RPL36;RPS19;JUN;HSP90AB1;ADIRF;RPS15;TIMP3;RPS16;TPT1;RPLP1;HLA-E;RPL34;RPL18;RPLP2;RPL9;RPS8;HLA-B;RPL18A;IFI27;RPS3;RPS28;RPL13A;RPL37A;RPL8;TMSB10;RPS11;RPL28;RPS29;RPL35A;RPS24;RPL6;RPS6;RPS27A;RPL3;RPS7;RPS3A;RPS14;RPL7A;RPL29;RPS18;RPL32;RPL19;RPS9;RPL27A;RPL11;MYL6;RPS4X;RPL39;FAU;GSN,HSPA1A;MT2A;SOCS3;MT1E;CEBPD;CD74;IFITM3;HSP90AA1;FOS;VIM;RPS21;ZFP36;VWF;RPL36;RPS19;JUN;HSP90AB1;ADIRF;RPS15;TIMP3;RPS16;TPT1;RPLP1;HLA-E;RPL34;RPL18;RPLP2;RPL9;RPS8;HLA-B;RPL18A;IFI27;RPS3;RPS28;RPL13A;RPL37A;RPL8;TMSB10;RPS11;RPL28;RPS29;RPL35A;RPS24;RPL6;RPS6;RPS27A;RPL3;RPS7;RPS3A;RPS14;RPL7A;RPL29;RPS18;RPL32;RPL19;RPS9;RPL27A;RPL11;MYL6;RPS4X;RPL39;FAU;GSN;RPS2;EIF1;TXNIP;RPS27;RPS15A;RPL30;RPL37;RPL41;RPS23;HLA-A;PTMA;RPL21;EEF1A1;FTH1;A2M;SPARCL1;RPL12;B2M;TMSB4X;FABP4;RPL15;CAV1;FABP5;TAGLN;EGR1;CD36,"[2, 145, 158, 308, 312, 908, 970, 996, 1219, 1399, 1679, 1852, 1921, 2297, 2336, 2405, 2454, 2504, 2583, 2602, 2683, 2707, 2741, 2908, 3066, 3110, 3161, 3204, 3240, 3273, 3274, 3312, 3341, 3464, 3478, 3513, 3549, 3661, 3907, 3938, 4056, 4202, 4212, 4220, 4340, 4464, 4465, 4486, 4491, 4601, 4603, 4699, 4800, 4803, 4864, 4925, 5032, 5044, 5081, 5294, 5363, 5365, 5373, 5472, 5574, 5739, 5753, 5993, 6030, 6213, 6566, 6735, 7026, 7036, 7173, 7718, 7728, 7759, 7992, 8419, 8759, 8993, 9876, 10085, 13967, 14946, 16652, 17016, 17499]",Tabula_Sapiens__Fat-endothelial Cell
Tabula_Sapiens,Tongue-endothelial Cell Of Artery,prerank,0.6276278425434375,2.4803003320625527,0.0,0.0,0.0,58_86,58/86,28.80%,HSPA1A;SOCS3;NFKBIA;TM4SF1;CLDN5;KLF2;IFITM3;HSP90AA1;SRGN;FOS;S100A6;VIM;RPS21;SLC9A3R2;ZFP36;RPL36;RPS19;JUN;RPS15;TIMP3;RPS16;TPT1;RPLP1;HLA-E;FTL;JUND;RPL34;RPL18;RPLP2;RPL9;RPS8;HLA-B;RPL18A;IFI27;RPS3;RPS28;RPL13A;RPL37A;RPL8;TMSB10;RPS11;RPL28;RPS29;RPS20;RPL35A;RPS24;RPS6;RPS27A;RPL3;RPS14;RPL7A;RPL29;RPS18;RPL32;RPL19;RPS9;RPL27A;RPL11,HSPA1A;SOCS3;NFKBIA;TM4SF1;CLDN5;KLF2;IFITM3;HSP90AA1;SRGN;FOS;S100A6;VIM;RPS21;SLC9A3R2;ZFP36;RPL36;RPS19;JUN;RPS15;TIMP3;RPS16;TPT1;RPLP1;HLA-E;FTL;JUND;RPL34;RPL18;RPLP2;RPL9;RPS8;HLA-B;RPL18A;IFI27;RPS3;RPS28;RPL13A;RPL37A;RPL8;TMSB10;RPS11;RPL28;RPS29;RPS20;RPL35A;RPS24;RPS6;RPS27A;RPL3;RPS14;RPL7A;RPL29;RPS18;RPL32;RPL19;RPS9;RPL27A;RPL11;RPL39;FAU;GSN;RPS2;EIF1;SRP14;TXNIP;RPS27;RPS15A;RPL30;RPL37;RPL41;RPS23;HLA-A;PTMA;RPL21;IGFBP3;EEF1A1;FTH1;A2M;EPAS1;SPARCL1;RPL12;B2M;TMSB4X;MGP;ITM2B;CAV1,"[2, 158, 438, 694, 781, 811, 970, 996, 1146, 1219, 1299, 1399, 1679, 1788, 1852, 2297, 2336, 2405, 2583, 2602, 2683, 2707, 2741, 2908, 3009, 3051, 3066, 3110, 3161, 3204, 3240, 3273, 3274, 3312, 3341, 3464, 3478, 3513, 3549, 3661, 3907, 3938, 4056, 4125, 4202, 4212, 4340, 4464, 4465, 4601, 4603, 4699, 4800, 4803, 4864, 4925, 5032, 5044, 5363, 5365, 5373, 5472, 5574, 5729, 5739, 5753, 5993, 6030, 6213, 6566, 6735, 7026, 7036, 7173, 7422, 7718, 7728, 7759, 7874, 7992, 8419, 8759, 8993, 9257, 11214, 13967]",Tabula_Sapiens__Tongue-endothelial Cell Of Artery
Tabula_Sapiens,Trachea-goblet Cell,prerank,0.5787564245381335,2.298478076060865,0.0,0.0,0.0,64_86,64/86,30.63%,SLPI;AZGP1;S100P;CP;CLU;LCN2;CD74;S100A11;KRT19;S100A6;ANXA2;BPIFB1;S100A2;XBP1;SERF2;RPL36;RPS19;RPS15;RPS16;TFF3;TPT1;TCN1;RPLP1;GSTP1;RPL34;RPL18;RPLP2;RPL9;RPS8;RPL18A;RPS3;RPS26;RPS28;RPL13A;RPL37A;RPL8;TMSB10;RPS5;RPS11;RPL28;RPS29;RPL14;RPL35A;RPS24;RPL6;RPS6;RPS27A;RPL3;RPS7;RPS14;RPL7A;RPL29;RPS18;RPL32;RPL19;RPS13;RPS9;RPL11;ANXA1;MYL6;RPS4X;LTF;RPL39;FAU,SLPI;AZGP1;S100P;CP;CLU;LCN2;CD74;S100A11;KRT19;S100A6;ANXA2;BPIFB1;S100A2;XBP1;SERF2;RPL36;RPS19;RPS15;RPS16;TFF3;TPT1;TCN1;RPLP1;GSTP1;RPL34;RPL18;RPLP2;RPL9;RPS8;RPL18A;RPS3;RPS26;RPS28;RPL13A;RPL37A;RPL8;TMSB10;RPS5;RPS11;RPL28;RPS29;RPL14;RPL35A;RPS24;RPL6;RPS6;RPS27A;RPL3;RPS7;RPS14;RPL7A;RPL29;RPS18;RPL32;RPL19;RPS13;RPS9;RPL11;ANXA1;MYL6;RPS4X;LTF;RPL39;FAU;RPS2;LGALS3;RPS27;RPS15A;RPL30;RPL37;RPLP0;RPL41;RPS23;PTMA;RPL21;EEF1A1;FTH1;WFDC2;RPL12;B2M;RPL15;SCGB3A1;ACTG1;RARRES1;KRT7;MUC5B,"[42, 100, 233, 546, 751, 756, 908, 1102, 1151, 1299, 1542, 1569, 1766, 1799, 2068, 2297, 2336, 2583, 2683, 2699, 2707, 2740, 2741, 2918, 3066, 3110, 3161, 3204, 3240, 3274, 3341, 3446, 3464, 3478, 3513, 3549, 3661, 3685, 3907, 3938, 4056, 4093, 4202, 4212, 4220, 4340, 4464, 4465, 4486, 4601, 4603, 4699, 4800, 4803, 4864, 4883, 4925, 5044, 5053, 5081, 5294, 5338, 5363, 5365, 5472, 5562, 5753, 5993, 6030, 6213, 6265, 6566, 6735, 7036, 7173, 7718, 7728, 7784, 8419, 8759, 10085, 11110, 11600, 12374, 16393, 16962]",Tabula_Sapiens__Trachea-goblet Cell
Tabula_Sapiens,Lung-endothelial Cell Of Artery,prerank,0.6159163308790315,2.470277785118112,0.0,0.0,0.0,62_89,62/89,29.01%,MT1M;MT2A;SOCS3;MT1E;CEBPD;MT1X;YBX3;IFITM2;TM4SF1;CLDN5;KLF2;IFITM3;SRGN;FOS;S100A6;FAM107A;VIM;S100A10;SLC9A3R2;ZFP36;FCN3;VWF;CD59;RPS19;JUN;ADIRF;TIMP3;TPT1;RPLP1;HLA-E;FTL;JUND;RPL34;RPL18;RPLP2;RPL9;RPS8;HLA-B;IFI27;RPS3;MYL12A;RPS28;ADAMTS1;TMSB10;RPS11;RPL28;RPS24;RPS6;RPS27A;RPL3;RPS7;RPS3A;RPS14;RPL7A;RPL29;RPS18;RPL32;RPL19;RPS9;HLA-C;RPL11;MYL6,MT1M;MT2A;SOCS3;MT1E;CEBPD;MT1X;YBX3;IFITM2;TM4SF1;CLDN5;KLF2;IFITM3;SRGN;FOS;S100A6;FAM107A;VIM;S100A10;SLC9A3R2;ZFP36;FCN3;VWF;CD59;RPS19;JUN;ADIRF;TIMP3;TPT1;RPLP1;HLA-E;FTL;JUND;RPL34;RPL18;RPLP2;RPL9;RPS8;HLA-B;IFI27;RPS3;MYL12A;RPS28;ADAMTS1;TMSB10;RPS11;RPL28;RPS24;RPS6;RPS27A;RPL3;RPS7;RPS3A;RPS14;RPL7A;RPL29;RPS18;RPL32;RPL19;RPS9;HLA-C;RPL11;MYL6;RPS4X;GSN;ID1;RPS2;EIF1;TXNIP;RPS27;RPS15A;RPL30;RPL37;RPL41;RPS23;HLA-A;PTMA;EEF1A1;FTH1;EPAS1;SPARCL1;RPL12;B2M;TMSB4X;MYL12B;MGP;ITM2B;ACTG1;CAV1;RNASE1,"[126, 145, 158, 308, 312, 318, 466, 633, 694, 781, 811, 970, 1146, 1219, 1299, 1332, 1399, 1551, 1788, 1852, 1910, 1921, 2017, 2336, 2405, 2504, 2602, 2707, 2741, 2908, 3009, 3051, 3066, 3110, 3161, 3204, 3240, 3273, 3312, 3341, 3359, 3464, 3516, 3661, 3907, 3938, 4212, 4340, 4464, 4465, 4486, 4491, 4601, 4603, 4699, 4800, 4803, 4864, 4925, 5034, 5044, 5081, 5294, 5373, 5430, 5472, 5574, 5739, 5753, 5993, 6030, 6213, 6566, 6735, 7026, 7036, 7718, 7728, 7874, 7992, 8419, 8759, 8993, 9029, 9257, 11214, 11600, 13967, 16286]",Tabula_Sapiens__Lung-endothelial Cell Of Artery
Tabula_Sapiens,"Small Intestine-cd8-positive, Alpha-Beta T Cell",prerank,0.5930559044796376,2.3713519450135947,0.0,0.0,0.0,63_89,63/89,28.80%,CXCR4;HSP90AA1;IL7R;TSC22D3;SRGN;FOS;BTG1;TNFAIP3;ZFP36L2;VIM;RPS21;RPL36;RPS19;RPS15;RPS16;TPT1;RPLP1;JUND;RPL34;RPL18;RPLP2;RPL9;RPS8;HLA-B;RPL18A;RPS3;RPS28;RPL13A;RPL37A;KLF6;RPL8;TMSB10;RPS5;RPL27;RPS11;RPL28;RPL38;RPS29;RPL14;RPS20;RPL35;RPL35A;RPS24;RPL6;RPS6;RPS27A;RPL3;RPS7;RPS3A;RPS25;RPS14;RPL7A;RPL29;RPL23A;RPS18;RPL32;UBA52;RPL19;RPS13;RPS9;RPSA;RPL27A;RPL11,CXCR4;HSP90AA1;IL7R;TSC22D3;SRGN;FOS;BTG1;TNFAIP3;ZFP36L2;VIM;RPS21;RPL36;RPS19;RPS15;RPS16;TPT1;RPLP1;JUND;RPL34;RPL18;RPLP2;RPL9;RPS8;HLA-B;RPL18A;RPS3;RPS28;RPL13A;RPL37A;KLF6;RPL8;TMSB10;RPS5;RPL27;RPS11;RPL28;RPL38;RPS29;RPL14;RPS20;RPL35;RPL35A;RPS24;RPL6;RPS6;RPS27A;RPL3;RPS7;RPS3A;RPS25;RPS14;RPL7A;RPL29;RPL23A;RPS18;RPL32;UBA52;RPL19;RPS13;RPS9;RPSA;RPL27A;RPL11;RPS4X;RPL39;FAU;RPS2;EIF1;RPS27;RPS15A;RPL30;RPL5;RPL37;RPLP0;RPL41;RPS23;HLA-A;PTMA;RPL10A;RPL21;EEF1A1;FTH1;RPL12;B2M;TMSB4X;RPL15;CCL4;EEF1B2;RPL26,"[50, 996, 1012, 1034, 1146, 1219, 1239, 1329, 1382, 1399, 1679, 2297, 2336, 2583, 2683, 2707, 2741, 3051, 3066, 3110, 3161, 3204, 3240, 3273, 3274, 3341, 3464, 3478, 3513, 3544, 3549, 3661, 3685, 3894, 3907, 3938, 3947, 4056, 4093, 4125, 4163, 4202, 4212, 4220, 4340, 4464, 4465, 4486, 4491, 4542, 4601, 4603, 4699, 4751, 4800, 4803, 4863, 4864, 4883, 4925, 5014, 5032, 5044, 5294, 5363, 5365, 5472, 5574, 5753, 5993, 6030, 6075, 6213, 6265, 6566, 6735, 7026, 7036, 7111, 7173, 7718, 7728, 8419, 8759, 8993, 10085, 10797, 11512, 16730]","Tabula_Sapiens__Small Intestine-cd8-positive, Alpha-Beta T Cell"
Tabula_Sapiens,Lung-vein Endothelial Cell,prerank,0.5675675471500814,2.2844513733442877,0.0,0.0,0.0,64_90,64/90,31.24%,MT2A;SOCS3;CLU;CLDN5;IFITM3;S100A6;VIM;S100A10;ZFP36;FCN3;VWF;RPL36;RPS19;ADIRF;RPS15;TIMP3;RPS16;TPT1;RPLP1;HLA-E;FTL;RPL34;RPL18;RPLP2;RPL9;RPS8;HLA-B;RPL18A;IFI27;RPS3;MYL12A;RPS28;RPL13A;RPL37A;RPL8;TMSB10;RPS11;RPL28;RPL14;RPL35A;RPS24;RPS6;RPS27A;RPL3;RPS7;RPS3A;RPS14;RPL7A;RPL29;RPS18;RPL32;RPL19;RPS13;RPS9;RPL11;PRSS23;MYL6;NACA;RPS4X;RPL39;FAU;GSN;ID1;RPS2,MT2A;SOCS3;CLU;CLDN5;IFITM3;S100A6;VIM;S100A10;ZFP36;FCN3;VWF;RPL36;RPS19;ADIRF;RPS15;TIMP3;RPS16;TPT1;RPLP1;HLA-E;FTL;RPL34;RPL18;RPLP2;RPL9;RPS8;HLA-B;RPL18A;IFI27;RPS3;MYL12A;RPS28;RPL13A;RPL37A;RPL8;TMSB10;RPS11;RPL28;RPL14;RPL35A;RPS24;RPS6;RPS27A;RPL3;RPS7;RPS3A;RPS14;RPL7A;RPL29;RPS18;RPL32;RPL19;RPS13;RPS9;RPL11;PRSS23;MYL6;NACA;RPS4X;RPL39;FAU;GSN;ID1;RPS2;EIF1;TXNIP;RPS27;RPS15A;RPL30;RPL5;RPL37;RPL41;LIFR;RPS23;PTMA;RPL21;EEF1A1;FTH1;EPAS1;SPARCL1;RPL12;B2M;TMSB4X;MGP;RPL15;ITM2B;IGFBP7;ACTG1;CAV1;RPL26,"[145, 158, 751, 781, 970, 1299, 1399, 1551, 1852, 1910, 1921, 2297, 2336, 2504, 2583, 2602, 2683, 2707, 2741, 2908, 3009, 3066, 3110, 3161, 3204, 3240, 3273, 3274, 3312, 3341, 3359, 3464, 3478, 3513, 3549, 3661, 3907, 3938, 4093, 4202, 4212, 4340, 4464, 4465, 4486, 4491, 4601, 4603, 4699, 4800, 4803, 4864, 4883, 4925, 5044, 5059, 5081, 5174, 5294, 5363, 5365, 5373, 5430, 5472, 5574, 5739, 5753, 5993, 6030, 6075, 6213, 6566, 6638, 6735, 7036, 7173, 7718, 7728, 7874, 7992, 8419, 8759, 8993, 9257, 10085, 11214, 11361, 11600, 13967, 16730]",Tabula_Sapiens__Lung-vein Endothelial Cell
Tabula_Sapiens,Vasculature-endothelial Cell,prerank,0.5720536592420442,2.309554312884367,0.0,0.0,0.0,69_90,69/90,33.18%,CLU;KLF2;CD74;IFITM3;FOS;S100A6;VIM;RPS21;ZFP36;VWF;RPL36;RPS19;ADIRF;RPS15;RPS16;TPT1;RPLP1;HLA-E;FTL;RPL34;RPL18;RPLP2;RPL9;RPS8;HLA-B;RPL18A;IFI27;RPS3;RPS26;RPS28;RPL13A;RPL37A;RPL8;TMSB10;RPS5;RPS11;RPL28;RPS29;RPL14;RPL35A;RPS24;RPL6;RPS6;RPS27A;RPL3;RPS7;RPS3A;RPS25;RPS14;RPL7A;RPL29;RPL23A;RPS18;RPL32;RPL19;RPS13;RPS9;RPL27A;RPL11;NACA;RPS4X;RPL39;FAU;GSN;RPS2;EIF1;TXNIP;RPS27;GAPDH,CLU;KLF2;CD74;IFITM3;FOS;S100A6;VIM;RPS21;ZFP36;VWF;RPL36;RPS19;ADIRF;RPS15;RPS16;TPT1;RPLP1;HLA-E;FTL;RPL34;RPL18;RPLP2;RPL9;RPS8;HLA-B;RPL18A;IFI27;RPS3;RPS26;RPS28;RPL13A;RPL37A;RPL8;TMSB10;RPS5;RPS11;RPL28;RPS29;RPL14;RPL35A;RPS24;RPL6;RPS6;RPS27A;RPL3;RPS7;RPS3A;RPS25;RPS14;RPL7A;RPL29;RPL23A;RPS18;RPL32;RPL19;RPS13;RPS9;RPL27A;RPL11;NACA;RPS4X;RPL39;FAU;GSN;RPS2;EIF1;TXNIP;RPS27;GAPDH;RPS15A;RPL30;RPL5;RPL37;RPL41;RPS23;PTMA;RPL10A;RPL21;EEF1A1;FTH1;SPARCL1;RPL12;B2M;TMSB4X;MGP;RPL15;ITM2B;IGFBP7;ACTG1;RPL26,"[751, 811, 908, 970, 1219, 1299, 1399, 1679, 1852, 1921, 2297, 2336, 2504, 2583, 2683, 2707, 2741, 2908, 3009, 3066, 3110, 3161, 3204, 3240, 3273, 3274, 3312, 3341, 3446, 3464, 3478, 3513, 3549, 3661, 3685, 3907, 3938, 4056, 4093, 4202, 4212, 4220, 4340, 4464, 4465, 4486, 4491, 4542, 4601, 4603, 4699, 4751, 4800, 4803, 4864, 4883, 4925, 5032, 5044, 5174, 5294, 5363, 5365, 5373, 5472, 5574, 5739, 5753, 5812, 5993, 6030, 6075, 6213, 6566, 6735, 7036, 7111, 7173, 7718, 7728, 7992, 8419, 8759, 8993, 9257, 10085, 11214, 11361, 11600, 16730]",Tabula_Sapiens__Vasculature-endothelial Cell
Tabula_Sapiens,Large Intestine-fibroblast,prerank,0.5970155713570156,2.3687310975494245,0.0,0.0,0.0,61_89,61/89,28.12%,DNAJB1;MT2A;CEBPD;CEBPB;PLIN2;CCL2;PNRC1;HSP90AA1;IGFBP6;DNAJA1;FOS;S100A6;DCN;VIM;RPS21;ZFP36;IER2;PDK4;RPL36;RPS19;JUN;HSP90AB1;RPS15;RPS16;TPT1;RPLP1;FTL;JUND;RPL34;RPL18;RPLP2;RPL9;RPS8;RPL18A;RPS3;RPS28;RPL13A;RPL37A;RPL8;APOE;RPS11;RPL28;RPS29;RPL14;RPS20;RPL35A;RPS24;RPL6;ATF3;RPS6;RPS27A;RPL3;RPS3A;RPS14;RPL7A;RPL29;RPS18;RPL32;RPL19;RPS13;RPS9,DNAJB1;MT2A;CEBPD;CEBPB;PLIN2;CCL2;PNRC1;HSP90AA1;IGFBP6;DNAJA1;FOS;S100A6;DCN;VIM;RPS21;ZFP36;IER2;PDK4;RPL36;RPS19;JUN;HSP90AB1;RPS15;RPS16;TPT1;RPLP1;FTL;JUND;RPL34;RPL18;RPLP2;RPL9;RPS8;RPL18A;RPS3;RPS28;RPL13A;RPL37A;RPL8;APOE;RPS11;RPL28;RPS29;RPL14;RPS20;RPL35A;RPS24;RPL6;ATF3;RPS6;RPS27A;RPL3;RPS3A;RPS14;RPL7A;RPL29;RPS18;RPL32;RPL19;RPS13;RPS9;RPL11;RPS4X;RPL39;FAU;GSN;RPS2;EIF1;RPS27;RPS15A;RPL30;RPL37;CST3;RPL41;RPS23;PTMA;RPL10A;RPL21;EEF1A1;FTH1;FOSB;GPX3;RPL12;TMSB4X;MGP;BTG2;DDX5;RPL26;EGR1,"[8, 145, 312, 464, 537, 636, 875, 996, 1105, 1202, 1219, 1299, 1395, 1399, 1679, 1852, 2071, 2104, 2297, 2336, 2405, 2454, 2583, 2683, 2707, 2741, 3009, 3051, 3066, 3110, 3161, 3204, 3240, 3274, 3341, 3464, 3478, 3513, 3549, 3783, 3907, 3938, 4056, 4093, 4125, 4202, 4212, 4220, 4249, 4340, 4464, 4465, 4491, 4601, 4603, 4699, 4800, 4803, 4864, 4883, 4925, 5044, 5294, 5363, 5365, 5373, 5472, 5574, 5753, 5993, 6030, 6213, 6273, 6566, 6735, 7036, 7111, 7173, 7718, 7728, 7914, 7997, 8419, 8993, 9257, 9417, 9867, 16730, 17016]",Tabula_Sapiens__Large Intestine-fibroblast
Tabula_Sapiens,Spleen-innate Lymphoid Cell,prerank,0.5628955624060399,2.2516268721202346,0.0,0.0,0.0,64_88,64/88,30.63%,CXCR4;NFKBIA;IL7R;TSC22D3;SRGN;FOS;BTG1;TNFAIP3;ZFP36L2;RPS21;ZFP36;RPL36;RPS19;JUN;RPS15;RPS16;TPT1;RPLP1;FTL;JUND;RPL34;RPL18;RPLP2;RPL9;RPS8;RPL18A;RPS3;RPS28;RPL13A;RPL37A;RPL8;TMSB10;RPS5;RPS11;RPL28;RPL38;RPS29;RPL14;RPL35;RPL35A;RPS24;RPL6;RPS6;RPS27A;RPL3;RPS7;RPS3A;RPS25;RPS14;RPL7A;RPL29;RPL23A;RPS18;RPL32;RPL19;RPS13;RPS9;RPSA;RPL27A;RPL11;NACA;RPS4X;RPL39;FAU,CXCR4;NFKBIA;IL7R;TSC22D3;SRGN;FOS;BTG1;TNFAIP3;ZFP36L2;RPS21;ZFP36;RPL36;RPS19;JUN;RPS15;RPS16;TPT1;RPLP1;FTL;JUND;RPL34;RPL18;RPLP2;RPL9;RPS8;RPL18A;RPS3;RPS28;RPL13A;RPL37A;RPL8;TMSB10;RPS5;RPS11;RPL28;RPL38;RPS29;RPL14;RPL35;RPL35A;RPS24;RPL6;RPS6;RPS27A;RPL3;RPS7;RPS3A;RPS25;RPS14;RPL7A;RPL29;RPL23A;RPS18;RPL32;RPL19;RPS13;RPS9;RPSA;RPL27A;RPL11;NACA;RPS4X;RPL39;FAU;RPS2;EIF1;TXNIP;RPS27;RPS15A;RPL30;RPL5;RPL37;RPLP0;RPL41;RPS23;PTMA;RPL10A;RPL21;EEF1A1;FTH1;RPL12;DUSP2;B2M;TMSB4X;RPL15;CITED2;CD69;RPL26,"[50, 438, 1012, 1034, 1146, 1219, 1239, 1329, 1382, 1679, 1852, 2297, 2336, 2405, 2583, 2683, 2707, 2741, 3009, 3051, 3066, 3110, 3161, 3204, 3240, 3274, 3341, 3464, 3478, 3513, 3549, 3661, 3685, 3907, 3938, 3947, 4056, 4093, 4163, 4202, 4212, 4220, 4340, 4464, 4465, 4486, 4491, 4542, 4601, 4603, 4699, 4751, 4800, 4803, 4864, 4883, 4925, 5014, 5032, 5044, 5174, 5294, 5363, 5365, 5472, 5574, 5739, 5753, 5993, 6030, 6075, 6213, 6265, 6566, 6735, 7036, 7111, 7173, 7718, 7728, 8419, 8683, 8759, 8993, 10085, 14327, 16391, 16730]",Tabula_Sapiens__Spleen-innate Lymphoid Cell
Tabula_Sapiens,Liver-hepatocyte,prerank,0.5070534283087297,2.023935330841344,0.0,0.0,0.0,47_77,47/77,27.42%,AZGP1;PCK1;MT2A;SERPINC1;APOA1;SERPINA1;CP;C3;ORM2;ADH1B;CLU;HAMP;CFH;CYP3A4;C1R;ALDOB;DCXR;AMBP;HPD;SERPING1;RARRES2;RPS19;FGL1;TPT1;RPLP1;C1S;FTL;RPL34;RPS8;CYP3A5;RPS28;RPL13A;RPL37A;MGST1;APOC1;ANG;APOE;RPS11;RPL28;RPS6;ASS1;RPL3;RPS14;SOD1;RPL29;RPS18;RPL32,AZGP1;PCK1;MT2A;SERPINC1;APOA1;SERPINA1;CP;C3;ORM2;ADH1B;CLU;HAMP;CFH;CYP3A4;C1R;ALDOB;DCXR;AMBP;HPD;SERPING1;RARRES2;RPS19;FGL1;TPT1;RPLP1;C1S;FTL;RPL34;RPS8;CYP3A5;RPS28;RPL13A;RPL37A;MGST1;APOC1;ANG;APOE;RPS11;RPL28;RPS6;ASS1;RPL3;RPS14;SOD1;RPL29;RPS18;RPL32;RPS9;RPL11;ECHS1;RPS27;GAPDH;RPL30;RPL37;CST3;NNMT;APOA2;RPL41;EEF1A1;FTH1;MAT1A;RPL12;B2M;KNG1;HPX;APOB;PEBP1;TDO2;PLG;FN1;CYP2E1;CYB5A;BAAT;TTR;C5;FABP1;ALB,"[100, 139, 145, 178, 457, 459, 546, 554, 623, 648, 751, 943, 967, 1373, 1505, 1645, 1786, 1809, 2080, 2181, 2279, 2336, 2459, 2707, 2741, 3007, 3009, 3066, 3240, 3399, 3464, 3478, 3513, 3531, 3747, 3768, 3783, 3907, 3938, 4340, 4436, 4465, 4601, 4670, 4699, 4800, 4803, 4925, 5044, 5529, 5753, 5812, 6030, 6213, 6273, 6420, 6445, 6566, 7718, 7728, 7769, 8419, 8759, 9160, 10423, 10626, 10690, 11040, 11564, 12440, 13924, 14314, 15314, 15340, 16539, 17237, 17324]",Tabula_Sapiens__Liver-hepatocyte
Tabula_Sapiens,"Blood-naive Thymus-Derived Cd4-Positive, Alpha-Beta T Cell",prerank,0.5202590685699563,2.0689166145993436,0.0,0.0,0.0,67_88,67/88,32.85%,S100A8;IL7R;BTG1;RPS21;EEF1D;RPL36;RPS19;RPS15;RPS16;TPT1;RPLP1;FTL;RPS10;RPL34;RPL18;RPLP2;RPL9;RPS8;RPL18A;RPS3;RPS28;RPL13A;RPL37A;RPL8;RPL31;TMSB10;RPS5;RPL27;RPS11;RPL28;RPL38;RPS29;RPL14;RPS20;RPL35;RPL35A;RPS24;RPL6;RPS6;RPS27A;RPL3;RPS7;RPS3A;RPS25;RPS14;RPL7A;RPL29;RPL23A;RPS18;RPL32;UBA52;RPL19;RPS13;RPS9;RPL7;RPSA;RPL27A;RPL11;NACA;RPS4X;RPL4;RPL39;FAU;RPS2;EIF1;TXNIP;RPS27,S100A8;IL7R;BTG1;RPS21;EEF1D;RPL36;RPS19;RPS15;RPS16;TPT1;RPLP1;FTL;RPS10;RPL34;RPL18;RPLP2;RPL9;RPS8;RPL18A;RPS3;RPS28;RPL13A;RPL37A;RPL8;RPL31;TMSB10;RPS5;RPL27;RPS11;RPL28;RPL38;RPS29;RPL14;RPS20;RPL35;RPL35A;RPS24;RPL6;RPS6;RPS27A;RPL3;RPS7;RPS3A;RPS25;RPS14;RPL7A;RPL29;RPL23A;RPS18;RPL32;UBA52;RPL19;RPS13;RPS9;RPL7;RPSA;RPL27A;RPL11;NACA;RPS4X;RPL4;RPL39;FAU;RPS2;EIF1;TXNIP;RPS27;RPS15A;RPL30;RPL5;RPL22;RPL37;RPLP0;PABPC1;RPL41;RPS23;PTMA;RPL10A;RPL21;EEF1A1;RPL12;B2M;TMSB4X;RPL15;EEF1B2;NPM1;RPL26;HBA2,"[157, 1012, 1239, 1679, 1776, 2297, 2336, 2583, 2683, 2707, 2741, 3009, 3058, 3066, 3110, 3161, 3204, 3240, 3274, 3341, 3464, 3478, 3513, 3549, 3614, 3661, 3685, 3894, 3907, 3938, 3947, 4056, 4093, 4125, 4163, 4202, 4212, 4220, 4340, 4464, 4465, 4486, 4491, 4542, 4601, 4603, 4699, 4751, 4800, 4803, 4863, 4864, 4883, 4925, 4984, 5014, 5032, 5044, 5174, 5294, 5360, 5363, 5365, 5472, 5574, 5739, 5753, 5993, 6030, 6075, 6109, 6213, 6265, 6350, 6566, 6735, 7036, 7111, 7173, 7718, 8419, 8759, 8993, 10085, 11512, 12801, 16730, 17205]","Tabula_Sapiens__Blood-naive Thymus-Derived Cd4-Positive, Alpha-Beta T Cell"
Tabula_Sapiens,Thymus-memory B Cell,prerank,0.5860933654793188,2.357880499694831,0.0,0.0,0.0,66_89,66/89,30.63%,CXCR4;CD52;HLA-DRA;CD74;BTG1;ZFP36L2;RPS21;RPL36;RPS19;RPS15;RPS16;TPT1;RPLP1;FTL;JUND;RPS10;RPL34;RPL18;RPLP2;RPL9;RPS8;HLA-B;RPL18A;RPS3;RPS26;RPS28;RPL13A;RPL37A;RPL8;RPL31;TMSB10;RPS5;RPL27;RPS11;RPL28;RPL38;RPS29;RPL14;RPS20;RPL35;RPL35A;RPS24;RPL6;RPS6;RPS27A;RPL3;RPS7;RPS3A;RPS25;RPS14;RPL7A;RPL29;RPL23A;RPS18;RPL32;UBA52;RPL19;RPS13;RPS9;RPSA;RPL27A;RPL11;NACA;RPS4X;RPL39;FAU,CXCR4;CD52;HLA-DRA;CD74;BTG1;ZFP36L2;RPS21;RPL36;RPS19;RPS15;RPS16;TPT1;RPLP1;FTL;JUND;RPS10;RPL34;RPL18;RPLP2;RPL9;RPS8;HLA-B;RPL18A;RPS3;RPS26;RPS28;RPL13A;RPL37A;RPL8;RPL31;TMSB10;RPS5;RPL27;RPS11;RPL28;RPL38;RPS29;RPL14;RPS20;RPL35;RPL35A;RPS24;RPL6;RPS6;RPS27A;RPL3;RPS7;RPS3A;RPS25;RPS14;RPL7A;RPL29;RPL23A;RPS18;RPL32;UBA52;RPL19;RPS13;RPS9;RPSA;RPL27A;RPL11;NACA;RPS4X;RPL39;FAU;RPS2;EIF1;TXNIP;RPS27;RPS15A;RPL30;RPL5;RPL37;RPLP0;RPL41;RPS23;PTMA;RPL10A;RPL21;EEF1A1;FTH1;RPL12;B2M;TMSB4X;DDX5;RPL15;EEF1B2;RPL26,"[50, 830, 855, 908, 1239, 1382, 1679, 2297, 2336, 2583, 2683, 2707, 2741, 3009, 3051, 3058, 3066, 3110, 3161, 3204, 3240, 3273, 3274, 3341, 3446, 3464, 3478, 3513, 3549, 3614, 3661, 3685, 3894, 3907, 3938, 3947, 4056, 4093, 4125, 4163, 4202, 4212, 4220, 4340, 4464, 4465, 4486, 4491, 4542, 4601, 4603, 4699, 4751, 4800, 4803, 4863, 4864, 4883, 4925, 5014, 5032, 5044, 5174, 5294, 5363, 5365, 5472, 5574, 5739, 5753, 5993, 6030, 6075, 6213, 6265, 6566, 6735, 7036, 7111, 7173, 7718, 7728, 8419, 8759, 8993, 9867, 10085, 11512, 16730]",Tabula_Sapiens__Thymus-memory B Cell
Tabula_Sapiens,Bladder-macrophage,prerank,0.6758633037061899,2.6999176836793444,0.0,0.0,0.0,50_88,50/88,20.24%,G0S2;HSPA1A;HSPB1;HSPA1B;DNAJB1;MT2A;S100A8;C1QA;S100A4;PLAUR;C1QB;NFKBIA;LYZ;HSPH1;CD163;S100A9;HLA-DRA;FCER1G;CD74;HSPD1;HSP90AA1;S100A11;SRGN;FOS;S100A6;VIM;TIMP1;HLA-DPA1;HSPA5;IER3;RPS19;HSP90AB1;RPS15;IL1B;RPS16;LGALS1;TPT1;RPLP1;GLUL;FTL;JUND;RPL34;RPL18;RPLP2;RPS8;RPL18A;RPS28;RPL13A;RPL37A;KLF6,G0S2;HSPA1A;HSPB1;HSPA1B;DNAJB1;MT2A;S100A8;C1QA;S100A4;PLAUR;C1QB;NFKBIA;LYZ;HSPH1;CD163;S100A9;HLA-DRA;FCER1G;CD74;HSPD1;HSP90AA1;S100A11;SRGN;FOS;S100A6;VIM;TIMP1;HLA-DPA1;HSPA5;IER3;RPS19;HSP90AB1;RPS15;IL1B;RPS16;LGALS1;TPT1;RPLP1;GLUL;FTL;JUND;RPL34;RPL18;RPLP2;RPS8;RPL18A;RPS28;RPL13A;RPL37A;KLF6;TMSB10;RPS11;RPL28;RPS20;RPS24;RPS6;RPS27A;RPS14;RPS18;RPL32;UBA52;RPL19;RPS13;RPS9;RPL11;RPS4X;RPL39;RPS2;EIF1;CTSB;RPS27;RPS15A;RPL30;RPL37;CST3;RPL41;RPS23;PTMA;CCL3;EEF1A1;FTH1;RPL12;B2M;TMSB4X;SOD2;THBS1;CCL4;RNASE1,"[1, 2, 4, 7, 8, 145, 157, 196, 245, 295, 399, 438, 574, 718, 818, 820, 855, 857, 908, 987, 996, 1102, 1146, 1219, 1299, 1399, 1515, 1918, 2084, 2252, 2336, 2454, 2583, 2654, 2683, 2686, 2707, 2741, 2868, 3009, 3051, 3066, 3110, 3161, 3240, 3274, 3464, 3478, 3513, 3544, 3661, 3907, 3938, 4125, 4212, 4340, 4464, 4601, 4800, 4803, 4863, 4864, 4883, 4925, 5044, 5294, 5363, 5472, 5574, 5660, 5753, 5993, 6030, 6213, 6273, 6566, 6735, 7036, 7409, 7718, 7728, 8419, 8759, 8993, 9365, 10764, 10797, 16286]",Tabula_Sapiens__Bladder-macrophage
Tabula_Sapiens,Lung-lung Microvascular Endothelial Cell,prerank,0.5708383359217147,2.2757937665121992,0.0,0.0,0.0,69_90,69/90,33.18%,IFITM2;CLU;CLDN5;IFITM3;S100A6;VIM;S100A10;RPS21;VWF;RPL36;RPS19;ADIRF;RPS15;RPS16;TPT1;RPLP1;HLA-E;FTL;RPL34;RPL18;RPLP2;RPL9;RPS8;HLA-B;RPL18A;IFI27;RPS3;MYL12A;RPS26;RPS28;RPL13A;RPL37A;RPL8;TMSB10;RPS5;RPS11;RPL28;RPL14;RPS20;RPL35A;RPS24;RPL6;RPS6;RPS27A;RPL3;RPS7;RPS3A;RPS25;RPS14;RPL7A;RPL29;RPS18;RPL32;UBA52;RPL19;RPS13;RPS9;RPL11;MYL6;NACA;RPS4X;RPL39;FAU;ID1;RPS2;EIF1;TXNIP;RPS27;GAPDH,IFITM2;CLU;CLDN5;IFITM3;S100A6;VIM;S100A10;RPS21;VWF;RPL36;RPS19;ADIRF;RPS15;RPS16;TPT1;RPLP1;HLA-E;FTL;RPL34;RPL18;RPLP2;RPL9;RPS8;HLA-B;RPL18A;IFI27;RPS3;MYL12A;RPS26;RPS28;RPL13A;RPL37A;RPL8;TMSB10;RPS5;RPS11;RPL28;RPL14;RPS20;RPL35A;RPS24;RPL6;RPS6;RPS27A;RPL3;RPS7;RPS3A;RPS25;RPS14;RPL7A;RPL29;RPS18;RPL32;UBA52;RPL19;RPS13;RPS9;RPL11;MYL6;NACA;RPS4X;RPL39;FAU;ID1;RPS2;EIF1;TXNIP;RPS27;GAPDH;RPS15A;RPL30;RPL5;RPL37;RPLP0;RPL41;RPS23;PTMA;RPL10A;RPL21;EEF1A1;FTH1;SPARCL1;RPL12;B2M;TMSB4X;RPL15;ITM2B;IGFBP7;ACTG1;RPL26,"[633, 751, 781, 970, 1299, 1399, 1551, 1679, 1921, 2297, 2336, 2504, 2583, 2683, 2707, 2741, 2908, 3009, 3066, 3110, 3161, 3204, 3240, 3273, 3274, 3312, 3341, 3359, 3446, 3464, 3478, 3513, 3549, 3661, 3685, 3907, 3938, 4093, 4125, 4202, 4212, 4220, 4340, 4464, 4465, 4486, 4491, 4542, 4601, 4603, 4699, 4800, 4803, 4863, 4864, 4883, 4925, 5044, 5081, 5174, 5294, 5363, 5365, 5430, 5472, 5574, 5739, 5753, 5812, 5993, 6030, 6075, 6213, 6265, 6566, 6735, 7036, 7111, 7173, 7718, 7728, 7992, 8419, 8759, 8993, 10085, 11214, 11361, 11600, 16730]",Tabula_Sapiens__Lung-lung Microvascular Endothelial Cell
Tabula_Sapiens,Vasculature-nk Cell,prerank,0.5641707135364361,2.246458321156213,0.0,0.0,0.0,63_86,63/86,32.85%,CXCR4;NFKBIA;HSP90AA1;TSC22D3;SRGN;FOS;BTG1;ZFP36L2;RPS21;ZFP36;RPL36;RPS19;RPS15;TPT1;RPLP1;FTL;JUND;RPL34;RPL18;RPLP2;RPL9;RPS8;HLA-B;RPL18A;RPS3;RPS26;RPS28;RPL13A;RPL37A;RPL8;TMSB10;RPL28;RPS29;RPL14;RPL35;RPL35A;RPS24;RPL6;RPS6;RPS27A;RPL3;RPS7;RPS3A;RPS25;RPS14;RPL7A;RPL29;RPL23A;RPS18;RPL32;RPL19;RPS13;RPS9;RPL11;NACA;RPS4X;RPL39;FAU;RPS2;CCL5;EIF1;TXNIP;RPS27,CXCR4;NFKBIA;HSP90AA1;TSC22D3;SRGN;FOS;BTG1;ZFP36L2;RPS21;ZFP36;RPL36;RPS19;RPS15;TPT1;RPLP1;FTL;JUND;RPL34;RPL18;RPLP2;RPL9;RPS8;HLA-B;RPL18A;RPS3;RPS26;RPS28;RPL13A;RPL37A;RPL8;TMSB10;RPL28;RPS29;RPL14;RPL35;RPL35A;RPS24;RPL6;RPS6;RPS27A;RPL3;RPS7;RPS3A;RPS25;RPS14;RPL7A;RPL29;RPL23A;RPS18;RPL32;RPL19;RPS13;RPS9;RPL11;NACA;RPS4X;RPL39;FAU;RPS2;CCL5;EIF1;TXNIP;RPS27;RPS15A;RPL30;RPL5;RPL37;RPL41;RPS23;HLA-A;PTMA;RPL10A;RPL21;CCL3;EEF1A1;FTH1;GNLY;RPL12;DUSP2;B2M;TMSB4X;DDX5;RPL15;CCL4;NKG7;RPL26,"[50, 438, 996, 1034, 1146, 1219, 1239, 1382, 1679, 1852, 2297, 2336, 2583, 2707, 2741, 3009, 3051, 3066, 3110, 3161, 3204, 3240, 3273, 3274, 3341, 3446, 3464, 3478, 3513, 3549, 3661, 3938, 4056, 4093, 4163, 4202, 4212, 4220, 4340, 4464, 4465, 4486, 4491, 4542, 4601, 4603, 4699, 4751, 4800, 4803, 4864, 4883, 4925, 5044, 5174, 5294, 5363, 5365, 5472, 5546, 5574, 5739, 5753, 5993, 6030, 6075, 6213, 6566, 6735, 7026, 7036, 7111, 7173, 7409, 7718, 7728, 8051, 8419, 8683, 8759, 8993, 9867, 10085, 10797, 15287, 16730]",Tabula_Sapiens__Vasculature-nk Cell
Tabula_Sapiens,Uterus-fibroblast,prerank,0.5389377280445831,2.150335389100038,0.0,0.0,0.0,61_91,61/91,29.06%,HSPA1A;HSPB1;MT2A;IFITM3;HSP90AA1;FOS;S100A6;DCN;VIM;SERF2;COL1A2;IER3;RPL36;RPS19;JUN;HSP90AB1;RPS15;RPS16;LGALS1;TPT1;RPLP1;FTL;JUND;RPL34;CD63;COL1A1;RPL18;RPLP2;RPL9;RPS8;RPL18A;RPS3;RPS28;RPL13A;RPL37A;RPL8;TMSB10;RPS5;RPS11;RPL28;RPL14;RPL35;RPL35A;RPS24;RPL6;RPS6;RPS27A;RPL3;RPS7;RPS3A;RPS14;RPL7A;RPL29;RPS18;RPL32;RPL19;RPS13;RPS9;RPL11;MYL6;MMP11,HSPA1A;HSPB1;MT2A;IFITM3;HSP90AA1;FOS;S100A6;DCN;VIM;SERF2;COL1A2;IER3;RPL36;RPS19;JUN;HSP90AB1;RPS15;RPS16;LGALS1;TPT1;RPLP1;FTL;JUND;RPL34;CD63;COL1A1;RPL18;RPLP2;RPL9;RPS8;RPL18A;RPS3;RPS28;RPL13A;RPL37A;RPL8;TMSB10;RPS5;RPS11;RPL28;RPL14;RPL35;RPL35A;RPS24;RPL6;RPS6;RPS27A;RPL3;RPS7;RPS3A;RPS14;RPL7A;RPL29;RPS18;RPL32;RPL19;RPS13;RPS9;RPL11;MYL6;MMP11;RPS4X;RPL39;RPS2;EIF1;RPS27;GAPDH;RPS15A;RPL30;RPL5;RPL37;RPLP0;RPL41;RPS23;PTMA;RPL10A;RPL21;MDK;EEF1A1;FTH1;FOSB;RPL12;B2M;TMSB4X;RPL15;ACTG1;LUM;COL3A1;RPL26;TUBA1A;SFRP4,"[2, 4, 145, 970, 996, 1219, 1299, 1395, 1399, 2068, 2167, 2252, 2297, 2336, 2405, 2454, 2583, 2683, 2686, 2707, 2741, 3009, 3051, 3066, 3076, 3083, 3110, 3161, 3204, 3240, 3274, 3341, 3464, 3478, 3513, 3549, 3661, 3685, 3907, 3938, 4093, 4163, 4202, 4212, 4220, 4340, 4464, 4465, 4486, 4491, 4601, 4603, 4699, 4800, 4803, 4864, 4883, 4925, 5044, 5081, 5090, 5294, 5363, 5472, 5574, 5753, 5812, 5993, 6030, 6075, 6213, 6265, 6566, 6735, 7036, 7111, 7173, 7521, 7718, 7728, 7914, 8419, 8759, 8993, 10085, 11600, 12182, 15835, 16730, 16804, 17173]",Tabula_Sapiens__Uterus-fibroblast
Tabula_Sapiens,Lymph Node-naive B Cell,prerank,0.5744550355743312,2.322405067801706,0.0,0.0,0.0,67_90,67/90,30.63%,CXCR4;KLF2;CD52;HLA-DRA;CD74;HSP90AA1;TSC22D3;FOS;BTG1;RPS21;RPL36;RPS19;JUN;RPS15;RPS16;TPT1;RPLP1;FTL;JUND;RPL34;RPL18;RPLP2;RPL9;RPS8;RPL18A;RPS3;RPS26;RPS28;RPL13A;RPL37A;RPL8;TMSB10;RPS5;RPL27;RPS11;RPL28;RPL38;RPS29;RPL14;RPS20;RPL35;RPL35A;RPS24;RPL6;RPS6;RPS27A;RPL3;RPS7;RPS3A;RPS25;RPS14;RPL7A;RPL29;RPL23A;RPS18;RPL32;UBA52;RPL19;RPS13;RPS9;RPSA;RPL27A;RPL11;NACA;RPS4X;RPL39;FAU,CXCR4;KLF2;CD52;HLA-DRA;CD74;HSP90AA1;TSC22D3;FOS;BTG1;RPS21;RPL36;RPS19;JUN;RPS15;RPS16;TPT1;RPLP1;FTL;JUND;RPL34;RPL18;RPLP2;RPL9;RPS8;RPL18A;RPS3;RPS26;RPS28;RPL13A;RPL37A;RPL8;TMSB10;RPS5;RPL27;RPS11;RPL28;RPL38;RPS29;RPL14;RPS20;RPL35;RPL35A;RPS24;RPL6;RPS6;RPS27A;RPL3;RPS7;RPS3A;RPS25;RPS14;RPL7A;RPL29;RPL23A;RPS18;RPL32;UBA52;RPL19;RPS13;RPS9;RPSA;RPL27A;RPL11;NACA;RPS4X;RPL39;FAU;RPS2;EIF1;TXNIP;RPS27;RPS15A;RPL30;RPL5;RPL37;RPLP0;RPL41;RPS23;PTMA;RPL10A;RPL21;EEF1A1;FTH1;RPL12;B2M;TMSB4X;RPL15;EEF1B2;CD69;RPL26,"[50, 811, 830, 855, 908, 996, 1034, 1219, 1239, 1679, 2297, 2336, 2405, 2583, 2683, 2707, 2741, 3009, 3051, 3066, 3110, 3161, 3204, 3240, 3274, 3341, 3446, 3464, 3478, 3513, 3549, 3661, 3685, 3894, 3907, 3938, 3947, 4056, 4093, 4125, 4163, 4202, 4212, 4220, 4340, 4464, 4465, 4486, 4491, 4542, 4601, 4603, 4699, 4751, 4800, 4803, 4863, 4864, 4883, 4925, 5014, 5032, 5044, 5174, 5294, 5363, 5365, 5472, 5574, 5739, 5753, 5993, 6030, 6075, 6213, 6265, 6566, 6735, 7036, 7111, 7173, 7718, 7728, 8419, 8759, 8993, 10085, 11512, 16391, 16730]",Tabula_Sapiens__Lymph Node-naive B Cell
Tabula_Sapiens,Trachea-b Cell,prerank,0.5890982038345127,2.3656376499671308,0.0,0.0,0.0,68_91,68/91,30.63%,CXCR4;CD37;HLA-DRB1;HLA-DRA;CD74;BTG1;RPS21;HLA-DPA1;RPL36;RPS19;HSP90AB1;RPS15;RPS16;TPT1;RPLP1;FTL;JUND;RPS10;RPL34;RPL18;RPLP2;RPL9;RPS8;HLA-B;RPL18A;RPS3;RPS28;RPL13A;RPL37A;RPL8;TMSB10;RPS5;RPL27;RPS11;RPL28;RPL38;RPS29;RPL14;RPS20;RPL35;RPL35A;RPS24;RPL6;RPS6;RPS27A;RPL3;RPS7;RPS3A;RPS25;RPS14;RPL7A;RPL29;RPL23A;RPS18;RPL32;UBA52;RPL19;RPS13;RPS9;RPL7;RPSA;RPL27A;RPL11;NACA;RPS4X;RPL4;RPL39;FAU,CXCR4;CD37;HLA-DRB1;HLA-DRA;CD74;BTG1;RPS21;HLA-DPA1;RPL36;RPS19;HSP90AB1;RPS15;RPS16;TPT1;RPLP1;FTL;JUND;RPS10;RPL34;RPL18;RPLP2;RPL9;RPS8;HLA-B;RPL18A;RPS3;RPS28;RPL13A;RPL37A;RPL8;TMSB10;RPS5;RPL27;RPS11;RPL28;RPL38;RPS29;RPL14;RPS20;RPL35;RPL35A;RPS24;RPL6;RPS6;RPS27A;RPL3;RPS7;RPS3A;RPS25;RPS14;RPL7A;RPL29;RPL23A;RPS18;RPL32;UBA52;RPL19;RPS13;RPS9;RPL7;RPSA;RPL27A;RPL11;NACA;RPS4X;RPL4;RPL39;FAU;RPS2;EIF1;RPS27;RPS15A;RPL30;RPL5;RPL22;RPL37;RPLP0;RPL41;RPS23;PTMA;RPL10A;RPL21;EEF1A1;FTH1;RPL12;B2M;TMSB4X;RPL15;EEF1B2;ACTG1;RPL26,"[50, 436, 558, 855, 908, 1239, 1679, 1918, 2297, 2336, 2454, 2583, 2683, 2707, 2741, 3009, 3051, 3058, 3066, 3110, 3161, 3204, 3240, 3273, 3274, 3341, 3464, 3478, 3513, 3549, 3661, 3685, 3894, 3907, 3938, 3947, 4056, 4093, 4125, 4163, 4202, 4212, 4220, 4340, 4464, 4465, 4486, 4491, 4542, 4601, 4603, 4699, 4751, 4800, 4803, 4863, 4864, 4883, 4925, 4984, 5014, 5032, 5044, 5174, 5294, 5360, 5363, 5365, 5472, 5574, 5753, 5993, 6030, 6075, 6109, 6213, 6265, 6566, 6735, 7036, 7111, 7173, 7718, 7728, 8419, 8759, 8993, 10085, 11512, 11600, 16730]",Tabula_Sapiens__Trachea-b Cell
Tabula_Sapiens,Salivary Gland-nk Cell,prerank,0.5635509564783966,2.241974736538761,0.0,0.0,0.0,64_83,64/83,32.85%,CXCR4;IL7R;SRGN;FOS;BTG1;ZFP36L2;RPS21;RPL36;RPS19;RPS15;RPS16;TPT1;RPLP1;RPL34;RPL18;RPLP2;RPL9;RPS8;RPL18A;RPS3;RPS28;RPL13A;RPL37A;RPL8;TMSB10;RPS5;RPS11;RPL28;RPL38;RPS29;RPL14;RPS20;RPL35;RPL35A;RPS24;RPL6;RPS6;RPS27A;RPL3;RPS7;RPS3A;RPS25;RPS14;RPL7A;RPL29;RPL23A;RPS18;RPL32;UBA52;RPL19;RPS13;RPS9;RPSA;RPL27A;RPL11;NACA;RPS4X;RPL39;FAU;RPS2;CCL5;EIF1;TXNIP;RPS27,CXCR4;IL7R;SRGN;FOS;BTG1;ZFP36L2;RPS21;RPL36;RPS19;RPS15;RPS16;TPT1;RPLP1;RPL34;RPL18;RPLP2;RPL9;RPS8;RPL18A;RPS3;RPS28;RPL13A;RPL37A;RPL8;TMSB10;RPS5;RPS11;RPL28;RPL38;RPS29;RPL14;RPS20;RPL35;RPL35A;RPS24;RPL6;RPS6;RPS27A;RPL3;RPS7;RPS3A;RPS25;RPS14;RPL7A;RPL29;RPL23A;RPS18;RPL32;UBA52;RPL19;RPS13;RPS9;RPSA;RPL27A;RPL11;NACA;RPS4X;RPL39;FAU;RPS2;CCL5;EIF1;TXNIP;RPS27;RPS15A;RPL30;RPL5;RPL37;RPL41;RPS23;HLA-A;PTMA;RPL10A;RPL21;EEF1A1;GNLY;RPL12;B2M;TMSB4X;RPL15;CCL4;NKG7;RPL26,"[50, 1012, 1146, 1219, 1239, 1382, 1679, 2297, 2336, 2583, 2683, 2707, 2741, 3066, 3110, 3161, 3204, 3240, 3274, 3341, 3464, 3478, 3513, 3549, 3661, 3685, 3907, 3938, 3947, 4056, 4093, 4125, 4163, 4202, 4212, 4220, 4340, 4464, 4465, 4486, 4491, 4542, 4601, 4603, 4699, 4751, 4800, 4803, 4863, 4864, 4883, 4925, 5014, 5032, 5044, 5174, 5294, 5363, 5365, 5472, 5546, 5574, 5739, 5753, 5993, 6030, 6075, 6213, 6566, 6735, 7026, 7036, 7111, 7173, 7718, 8051, 8419, 8759, 8993, 10085, 10797, 15287, 16730]",Tabula_Sapiens__Salivary Gland-nk Cell
Tabula_Sapiens,Skin-cd1c-positive Myeloid Dendritic Cell,prerank,0.6301836272649639,2.529166833484635,0.0,0.0,0.0,62_87,62/87,29.01%,G0S2;IL1R2;CCL17;MRPS6;MT2A;NFKBIA;CEBPB;HLA-DRB1;CXCL1;HLA-DRA;CXCL3;PNRC1;CD74;S100A11;SRGN;BTG1;S100A6;VIM;TIMP1;S100A10;RPS21;HLA-DQA1;CCL22;HLA-DPA1;IER3;RPS19;RPS15;CXCL5;IL1B;RPS16;LGALS1;TPT1;RPLP1;RGS1;FTL;RPS10;RPL34;OAZ1;CD63;RPLP2;HLA-B;RPL18A;RPS28;RPL37A;RPL8;TMSB10;CXCL2;RPL28;RPS29;RPS24;ANXA5;RPS27A;RPS3A;RPS14;RPL29;RPS18;RPL32;UBA52;RPL19;RPS9;RPL11;MYL6,G0S2;IL1R2;CCL17;MRPS6;MT2A;NFKBIA;CEBPB;HLA-DRB1;CXCL1;HLA-DRA;CXCL3;PNRC1;CD74;S100A11;SRGN;BTG1;S100A6;VIM;TIMP1;S100A10;RPS21;HLA-DQA1;CCL22;HLA-DPA1;IER3;RPS19;RPS15;CXCL5;IL1B;RPS16;LGALS1;TPT1;RPLP1;RGS1;FTL;RPS10;RPL34;OAZ1;CD63;RPLP2;HLA-B;RPL18A;RPS28;RPL37A;RPL8;TMSB10;CXCL2;RPL28;RPS29;RPS24;ANXA5;RPS27A;RPS3A;RPS14;RPL29;RPS18;RPL32;UBA52;RPL19;RPS9;RPL11;MYL6;RPL39;FAU;RPS27;GAPDH;PFN1;RPL30;RPL37;PABPC1;RPL41;CD83;RPS23;AKAP12;GPR183;RPL21;EEF1A1;FTH1;RPL12;B2M;TMSB4X;SOD2;BASP1;THBS1;EREG;CCR7;RPL26,"[1, 33, 67, 80, 145, 438, 464, 558, 594, 855, 873, 875, 908, 1102, 1146, 1239, 1299, 1399, 1515, 1551, 1679, 1718, 1738, 1918, 2252, 2336, 2583, 2588, 2654, 2683, 2686, 2707, 2741, 2808, 3009, 3058, 3066, 3070, 3076, 3161, 3273, 3274, 3464, 3513, 3549, 3661, 3816, 3938, 4056, 4212, 4406, 4464, 4491, 4601, 4699, 4800, 4803, 4863, 4864, 4925, 5044, 5081, 5363, 5365, 5753, 5812, 5977, 6030, 6213, 6350, 6566, 6688, 6735, 6752, 7031, 7173, 7718, 7728, 8419, 8759, 8993, 9365, 10595, 10764, 11223, 12666, 16730]",Tabula_Sapiens__Skin-cd1c-positive Myeloid Dendritic Cell
Tabula_Sapiens,Eye-epithelial Cell Of Lacrimal Sac,prerank,0.5569243635040582,2.203323728858439,0.0,0.0,0.0,55_83,55/83,28.85%,HSPA1A;HSPB1;DNAJB1;SLPI;S100A4;LYZ;TM4SF1;CLU;S100A9;CRYAB;HSP90AA1;S100A11;S100A6;S100A10;S100A2;RPL36;RPS19;HSP90AB1;RPS15;RPS16;TPT1;RPLP1;FTL;RPL34;RPL18;RPLP2;RPL9;RPS8;RPL18A;RPS3;RPS28;RPL13A;RPL37A;RPL8;RPS11;RPL28;CSRP2;RPS20;RPL35A;RPS24;RPS6;RPS27A;RPL3;RPS3A;RPS14;RPL7A;RPL29;RPS18;RPL32;RPL19;RPS13;RPS9;RPL27A;RPL11;ANXA1,HSPA1A;HSPB1;DNAJB1;SLPI;S100A4;LYZ;TM4SF1;CLU;S100A9;CRYAB;HSP90AA1;S100A11;S100A6;S100A10;S100A2;RPL36;RPS19;HSP90AB1;RPS15;RPS16;TPT1;RPLP1;FTL;RPL34;RPL18;RPLP2;RPL9;RPS8;RPL18A;RPS3;RPS28;RPL13A;RPL37A;RPL8;RPS11;RPL28;CSRP2;RPS20;RPL35A;RPS24;RPS6;RPS27A;RPL3;RPS3A;RPS14;RPL7A;RPL29;RPS18;RPL32;RPL19;RPS13;RPS9;RPL27A;RPL11;ANXA1;RPS4X;LTF;RPL39;RPS2;EIF1;RPS27;RPS15A;RPL30;RPL5;RPL37;RPL41;RPS23;PTMA;RPL10A;RPL21;CD55;EEF1A1;FTH1;RPL12;B2M;TMSB4X;RPL15;ACTG1;FABP5;KRT12;LCN1;RPL26;KRT5,"[2, 4, 8, 42, 245, 574, 694, 751, 820, 969, 996, 1102, 1299, 1551, 1766, 2297, 2336, 2454, 2583, 2683, 2707, 2741, 3009, 3066, 3110, 3161, 3204, 3240, 3274, 3341, 3464, 3478, 3513, 3549, 3907, 3938, 4118, 4125, 4202, 4212, 4340, 4464, 4465, 4491, 4601, 4603, 4699, 4800, 4803, 4864, 4883, 4925, 5032, 5044, 5053, 5294, 5338, 5363, 5472, 5574, 5753, 5993, 6030, 6075, 6213, 6566, 6735, 7036, 7111, 7173, 7327, 7718, 7728, 8419, 8759, 8993, 10085, 11600, 14946, 15231, 16185, 16730, 17270]",Tabula_Sapiens__Eye-epithelial Cell Of Lacrimal Sac
Tabula_Sapiens,Eye-radial Glial Cell,prerank,0.5809118584537801,2.3317922448947694,0.0,0.0,0.0,64_89,64/89,28.85%,HSPB1;SLPI;S100A8;S100A4;MT1X;TM4SF1;CLU;S100A9;PERP;AQP3;S100A11;KRT19;S100A6;ANXA2;S100A10;ZFP36L1;RPS21;S100A2;RPL36;RPS19;RPS15;RPS16;TPT1;RPLP1;GSTP1;FTL;RPL34;RPL18;RPLP2;RPL9;RPS8;RPL18A;RPS3;RPS28;RPL13A;RPL37A;RPL8;TMSB10;RPS5;KRT13;RPS11;CLDN4;RPL28;RPS29;RPL14;RPL35;RPL35A;RPS24;RPS6;RPS27A;RPL3;RPS7;RPS3A;RPS14;RPL7A;RPL29;RPS18;RPL32;RPL19;RPS13;RPS9;RPL27A;RPL11;ANXA1,HSPB1;SLPI;S100A8;S100A4;MT1X;TM4SF1;CLU;S100A9;PERP;AQP3;S100A11;KRT19;S100A6;ANXA2;S100A10;ZFP36L1;RPS21;S100A2;RPL36;RPS19;RPS15;RPS16;TPT1;RPLP1;GSTP1;FTL;RPL34;RPL18;RPLP2;RPL9;RPS8;RPL18A;RPS3;RPS28;RPL13A;RPL37A;RPL8;TMSB10;RPS5;KRT13;RPS11;CLDN4;RPL28;RPS29;RPL14;RPL35;RPL35A;RPS24;RPS6;RPS27A;RPL3;RPS7;RPS3A;RPS14;RPL7A;RPL29;RPS18;RPL32;RPL19;RPS13;RPS9;RPL27A;RPL11;ANXA1;RPS4X;RPL39;RPS2;EIF1;RPS27;GAPDH;RPS15A;RPL30;RPL37;RPLP0;RPL41;RPS23;PTMA;RPL10A;RPL21;EEF1A1;FTH1;RPL12;B2M;TMSB4X;RPL15;ACTG1;FABP5;TACSTD2;KRT5,"[4, 42, 157, 245, 318, 694, 751, 820, 937, 1057, 1102, 1151, 1299, 1542, 1551, 1595, 1679, 1766, 2297, 2336, 2583, 2683, 2707, 2741, 2918, 3009, 3066, 3110, 3161, 3204, 3240, 3274, 3341, 3464, 3478, 3513, 3549, 3661, 3685, 3883, 3907, 3933, 3938, 4056, 4093, 4163, 4202, 4212, 4340, 4464, 4465, 4486, 4491, 4601, 4603, 4699, 4800, 4803, 4864, 4883, 4925, 5032, 5044, 5053, 5294, 5363, 5472, 5574, 5753, 5812, 5993, 6030, 6213, 6265, 6566, 6735, 7036, 7111, 7173, 7718, 7728, 8419, 8759, 8993, 10085, 11600, 14946, 17189, 17270]",Tabula_Sapiens__Eye-radial Glial Cell
Tabula_Sapiens,Thymus-capillary Endothelial Cell,prerank,0.5162755993676984,2.0541587252435285,0.0,0.0,0.0,66_88,66/88,32.85%,MT2A;MT1E;IFITM2;KLF2;CD74;IFITM3;S100A6;RGCC;VIM;BTNL9;SLC9A3R2;ZFP36;FCN3;VWF;CD59;RPL36;RPS19;ADIRF;RPS15;TIMP3;TPT1;RPLP1;HLA-E;RPL34;RPLP2;RPL9;RPS8;HLA-B;IFI27;RPS3;MYL12A;RPS28;RPL13A;RPL37A;RPL8;TMSB10;RPS11;RPL28;RPS29;RPS20;RPL35A;RPS24;RPS6;RPS27A;RPL3;RPS7;RPS3A;RPS14;RPL7A;RPS18;RPL32;RPL19;RPS13;RPS9;RPL11;MYL6;RPS4X;RPL39;FAU;GSN;ID1;RPS2;EIF1;SRP14;TXNIP;RPS27,MT2A;MT1E;IFITM2;KLF2;CD74;IFITM3;S100A6;RGCC;VIM;BTNL9;SLC9A3R2;ZFP36;FCN3;VWF;CD59;RPL36;RPS19;ADIRF;RPS15;TIMP3;TPT1;RPLP1;HLA-E;RPL34;RPLP2;RPL9;RPS8;HLA-B;IFI27;RPS3;MYL12A;RPS28;RPL13A;RPL37A;RPL8;TMSB10;RPS11;RPL28;RPS29;RPS20;RPL35A;RPS24;RPS6;RPS27A;RPL3;RPS7;RPS3A;RPS14;RPL7A;RPS18;RPL32;RPL19;RPS13;RPS9;RPL11;MYL6;RPS4X;RPL39;FAU;GSN;ID1;RPS2;EIF1;SRP14;TXNIP;RPS27;RPS15A;RPL30;RPL37;RPL41;RPS23;PTMA;EEF1A1;FTH1;A2M;EPAS1;SPARCL1;RPL12;B2M;TMSB4X;DDX5;FABP4;ITM2B;CALM1;CAV1;FABP5;RBP7;CD36,"[145, 308, 633, 811, 908, 970, 1299, 1356, 1399, 1638, 1788, 1852, 1910, 1921, 2017, 2297, 2336, 2504, 2583, 2602, 2707, 2741, 2908, 3066, 3161, 3204, 3240, 3273, 3312, 3341, 3359, 3464, 3478, 3513, 3549, 3661, 3907, 3938, 4056, 4125, 4202, 4212, 4340, 4464, 4465, 4486, 4491, 4601, 4603, 4800, 4803, 4864, 4883, 4925, 5044, 5081, 5294, 5363, 5365, 5373, 5430, 5472, 5574, 5729, 5739, 5753, 5993, 6030, 6213, 6566, 6735, 7036, 7718, 7728, 7759, 7874, 7992, 8419, 8759, 8993, 9867, 9876, 11214, 13283, 13967, 14946, 15928, 17499]",Tabula_Sapiens__Thymus-capillary Endothelial Cell
Tabula_Sapiens,Spleen-platelet,prerank,0.5871497867456409,2.3415659530752913,0.0,0.0,0.0,59_88,59/88,30.63%,PPBP;S100A8;S100A4;NFKBIA;S100A9;SRGN;S100A6;TAGLN2;RPS21;GNG11;SERF2;RPL36;RPS19;GPX1;RPS15;RPS16;TPT1;RPLP1;SH3BGRL3;HLA-E;FTL;RPL34;TLN1;OAZ1;RPL18;RPLP2;RPS8;HLA-B;RPL18A;RPS3;MYL12A;RPS28;RPL37A;RGS18;TMSB10;TSC22D1;RPL28;RPS29;RPL35A;RPS24;RPL6;RPS6;RPS27A;RPL3;RPS7;RPS3A;RPS14;RPL7A;RPL29;RPS18;RPL32;RPL19;RPS13;RPS9;RPL11;MYL6;RPS4X;RPL39;FAU,PPBP;S100A8;S100A4;NFKBIA;S100A9;SRGN;S100A6;TAGLN2;RPS21;GNG11;SERF2;RPL36;RPS19;GPX1;RPS15;RPS16;TPT1;RPLP1;SH3BGRL3;HLA-E;FTL;RPL34;TLN1;OAZ1;RPL18;RPLP2;RPS8;HLA-B;RPL18A;RPS3;MYL12A;RPS28;RPL37A;RGS18;TMSB10;TSC22D1;RPL28;RPS29;RPL35A;RPS24;RPL6;RPS6;RPS27A;RPL3;RPS7;RPS3A;RPS14;RPL7A;RPL29;RPS18;RPL32;RPL19;RPS13;RPS9;RPL11;MYL6;RPS4X;RPL39;FAU;RPS2;EIF1;RPS27;GAPDH;PFN1;RPS15A;RPL30;RPL37;RPLP0;PRKAR2B;RPL41;RPS23;PTMA;EEF1A1;FTH1;YWHAH;TUBA4A;NRGN;PF4;RPL12;B2M;TMSB4X;LIMS1;RPL15;ITM2B;TPM4;ACTG1;RAP1B;VCL,"[65, 157, 245, 438, 820, 1146, 1299, 1537, 1679, 1851, 2068, 2297, 2336, 2540, 2583, 2683, 2707, 2741, 2777, 2908, 3009, 3066, 3068, 3070, 3110, 3161, 3240, 3273, 3274, 3341, 3359, 3464, 3513, 3611, 3661, 3795, 3938, 4056, 4202, 4212, 4220, 4340, 4464, 4465, 4486, 4491, 4601, 4603, 4699, 4800, 4803, 4864, 4883, 4925, 5044, 5081, 5294, 5363, 5365, 5472, 5574, 5753, 5812, 5977, 5993, 6030, 6213, 6265, 6516, 6566, 6735, 7036, 7718, 7728, 7842, 8107, 8205, 8298, 8419, 8759, 8993, 9243, 10085, 11214, 11539, 11600, 12286, 12508]",Tabula_Sapiens__Spleen-platelet
Tabula_Sapiens,Heart-hepatocyte,prerank,0.539800471221563,2.1684417454004565,0.0,0.0,0.0,64_90,64/90,30.63%,KRT18;APOA1;SERPINA1;HSP90AA1;S100A11;KRT8;RPS21;SERF2;RPL36;RPS19;HSP90AB1;RPS15;RPS16;TPT1;RPLP1;GSTP1;FTL;RPL34;RPL18;RPLP2;RPL9;RPS8;RPL18A;RPS3;RPS26;RPS28;RPL37A;RPL8;TMSB10;RPS5;APOE;RPL27;RPS11;RPL28;RPL38;RPS29;RPL14;RPL35;RPL35A;RPS24;RPL6;RPS6;RPS27A;RPL3;RPS7;RPS3A;RPS25;RPS14;RPL7A;RPL29;RPL23A;RPS18;RPL32;UBA52;RPL19;RPS13;RPS9;RPSA;RPL27A;RPL11;MYL6;RPS4X;RPL39;FAU,KRT18;APOA1;SERPINA1;HSP90AA1;S100A11;KRT8;RPS21;SERF2;RPL36;RPS19;HSP90AB1;RPS15;RPS16;TPT1;RPLP1;GSTP1;FTL;RPL34;RPL18;RPLP2;RPL9;RPS8;RPL18A;RPS3;RPS26;RPS28;RPL37A;RPL8;TMSB10;RPS5;APOE;RPL27;RPS11;RPL28;RPL38;RPS29;RPL14;RPL35;RPL35A;RPS24;RPL6;RPS6;RPS27A;RPL3;RPS7;RPS3A;RPS25;RPS14;RPL7A;RPL29;RPL23A;RPS18;RPL32;UBA52;RPL19;RPS13;RPS9;RPSA;RPL27A;RPL11;MYL6;RPS4X;RPL39;FAU;RPS2;RPS27;GAPDH;PFN1;RPS15A;RPL30;RPL5;RPL37;RPLP0;RPL41;RPS23;PTMA;RPL10A;RPL21;MDK;EEF1A1;FTH1;PPIA;RPL12;TMSB4X;RPL15;ACTG1;NPM1;TPM1;TAGLN;RPL26,"[166, 457, 459, 996, 1102, 1580, 1679, 2068, 2297, 2336, 2454, 2583, 2683, 2707, 2741, 2918, 3009, 3066, 3110, 3161, 3204, 3240, 3274, 3341, 3446, 3464, 3513, 3549, 3661, 3685, 3783, 3894, 3907, 3938, 3947, 4056, 4093, 4163, 4202, 4212, 4220, 4340, 4464, 4465, 4486, 4491, 4542, 4601, 4603, 4699, 4751, 4800, 4803, 4863, 4864, 4883, 4925, 5014, 5032, 5044, 5081, 5294, 5363, 5365, 5472, 5753, 5812, 5977, 5993, 6030, 6075, 6213, 6265, 6566, 6735, 7036, 7111, 7173, 7521, 7718, 7728, 8153, 8419, 8993, 10085, 11600, 12801, 14533, 16652, 16730]",Tabula_Sapiens__Heart-hepatocyte
Tabula_Sapiens,Vasculature-macrophage,prerank,0.6605098459281645,2.6589216361705437,0.0,0.0,0.0,52_86,52/86,22.49%,HSPA1A;S100A8;C1QA;VSIG4;S100A4;C1QC;C1QB;NFKBIA;LYVE1;F13A1;TYROBP;CD163;S100A9;HLA-DRA;CXCL3;CD74;HSP90AA1;S100A11;SRGN;PLTP;AHNAK;FOS;S100A6;TNFAIP3;VIM;ZFP36L1;CTSS;ZFP36;IER2;PDK4;RPS19;JUN;GPX1;CTSZ;IL1B;TPT1;RPLP1;GLUL;FTL;RPL34;OAZ1;RPLP2;RPS8;RPS28;RPL13A;RPL37A;KLF6;TMSB10;APOE;CXCL2;RPS11;RPL28,HSPA1A;S100A8;C1QA;VSIG4;S100A4;C1QC;C1QB;NFKBIA;LYVE1;F13A1;TYROBP;CD163;S100A9;HLA-DRA;CXCL3;CD74;HSP90AA1;S100A11;SRGN;PLTP;AHNAK;FOS;S100A6;TNFAIP3;VIM;ZFP36L1;CTSS;ZFP36;IER2;PDK4;RPS19;JUN;GPX1;CTSZ;IL1B;TPT1;RPLP1;GLUL;FTL;RPL34;OAZ1;RPLP2;RPS8;RPS28;RPL13A;RPL37A;KLF6;TMSB10;APOE;CXCL2;RPS11;RPL28;RPS29;RPS24;MRC1;RPS14;CTSD;RPS18;RPL32;RPL19;RPL11;ANXA1;RPL39;RPS2;EIF1;CTSB;TXNIP;RPS27;RPL30;RPL37;CST3;RPL41;RPS23;PTMA;CCL3;CCL4L2;EEF1A1;FTH1;FOSB;RPL12;B2M;TMSB4X;SOD2;FABP4;CCL4;RNASE1,"[2, 157, 196, 240, 245, 280, 399, 438, 485, 631, 656, 818, 820, 855, 873, 908, 996, 1102, 1146, 1178, 1208, 1219, 1299, 1329, 1399, 1595, 1687, 1852, 2071, 2104, 2336, 2405, 2540, 2634, 2654, 2707, 2741, 2868, 3009, 3066, 3070, 3161, 3240, 3464, 3478, 3513, 3544, 3661, 3783, 3816, 3907, 3938, 4056, 4212, 4351, 4601, 4656, 4800, 4803, 4864, 5044, 5053, 5363, 5472, 5574, 5660, 5739, 5753, 6030, 6213, 6273, 6566, 6735, 7036, 7409, 7512, 7718, 7728, 7914, 8419, 8759, 8993, 9365, 9876, 10797, 16286]",Tabula_Sapiens__Vasculature-macrophage
Tabula_Sapiens,Blood-type I Nk T Cell,prerank,0.5036768434113171,2.014654639128192,0.0,0.0,0.0,61_87,61/87,31.82%,S100A8;CYBA;S100A9;TSC22D3;SRGN;FOS;BTG1;RPS21;IER2;RPS19;JUN;PTPRC;RPS15;RPS16;TPT1;RPLP1;SH3BGRL3;HLA-E;FTL;RPL34;RPL18;RPLP2;RPL9;RPS8;RPL18A;RPS3;RPS28;RPL13A;RPL8;TMSB10;RPS11;RPL28;RPS29;RPL14;RPL35A;RPS24;RPL6;RPS6;RPS27A;RPL3;RPS7;RPS3A;RPS14;RPL7A;RPL29;RPL23A;RPS18;RPL32;UBA52;RPL19;RPS13;RPS9;RPL27A;RPL11;NACA;RPS4X;RPL39;FAU;RPS2;CCL5;EIF1,S100A8;CYBA;S100A9;TSC22D3;SRGN;FOS;BTG1;RPS21;IER2;RPS19;JUN;PTPRC;RPS15;RPS16;TPT1;RPLP1;SH3BGRL3;HLA-E;FTL;RPL34;RPL18;RPLP2;RPL9;RPS8;RPL18A;RPS3;RPS28;RPL13A;RPL8;TMSB10;RPS11;RPL28;RPS29;RPL14;RPL35A;RPS24;RPL6;RPS6;RPS27A;RPL3;RPS7;RPS3A;RPS14;RPL7A;RPL29;RPL23A;RPS18;RPL32;UBA52;RPL19;RPS13;RPS9;RPL27A;RPL11;NACA;RPS4X;RPL39;FAU;RPS2;CCL5;EIF1;TXNIP;RPS27;PFN1;RPS15A;RPL30;RPL5;RPL37;RPL41;RPS23;HLA-A;PTMA;RPL10A;RPL21;EEF1A1;FTH1;GNLY;RPL12;B2M;TMSB4X;DDX5;RPL15;CALM1;ARL4C;NKG7;RPL26;HBA2,"[157, 470, 820, 1034, 1146, 1219, 1239, 1679, 2071, 2336, 2405, 2422, 2583, 2683, 2707, 2741, 2777, 2908, 3009, 3066, 3110, 3161, 3204, 3240, 3274, 3341, 3464, 3478, 3549, 3661, 3907, 3938, 4056, 4093, 4202, 4212, 4220, 4340, 4464, 4465, 4486, 4491, 4601, 4603, 4699, 4751, 4800, 4803, 4863, 4864, 4883, 4925, 5032, 5044, 5174, 5294, 5363, 5365, 5472, 5546, 5574, 5739, 5753, 5977, 5993, 6030, 6075, 6213, 6566, 6735, 7026, 7036, 7111, 7173, 7718, 7728, 8051, 8419, 8759, 8993, 9867, 10085, 13283, 14821, 15287, 16730, 17205]",Tabula_Sapiens__Blood-type I Nk T Cell
Tabula_Sapiens,Blood-plasmablast,prerank,0.5365242955320209,2.142465273201691,0.0,0.0,0.0,66_88,66/88,33.18%,MZB1;CYBA;VIM;RPS21;RPL36;RPS19;RPS15;RPS16;TPT1;RPLP1;FTL;RPL34;RPL18;RPLP2;RPL9;RPS8;HLA-B;RPL18A;RPS3;RPS26;RPS28;RPL13A;RPL37A;RPL8;TMSB10;RPS5;RPL27;RPS11;RPL28;RPS29;RPL14;RPL35;RPL35A;RPS24;RPL6;RPS6;RPS27A;RPL3;RPS7;RPS3A;RPS25;RPS14;RPL7A;CALR;RPL29;RPL23A;RPS18;RPL32;UBA52;RPL19;RPS13;RPS9;RPSA;RPL27A;HLA-C;RPL11;NACA;RPS4X;RPL4;RPL39;FAU;RPS2;EIF1;HSP90B1;RPS27;GAPDH,MZB1;CYBA;VIM;RPS21;RPL36;RPS19;RPS15;RPS16;TPT1;RPLP1;FTL;RPL34;RPL18;RPLP2;RPL9;RPS8;HLA-B;RPL18A;RPS3;RPS26;RPS28;RPL13A;RPL37A;RPL8;TMSB10;RPS5;RPL27;RPS11;RPL28;RPS29;RPL14;RPL35;RPL35A;RPS24;RPL6;RPS6;RPS27A;RPL3;RPS7;RPS3A;RPS25;RPS14;RPL7A;CALR;RPL29;RPL23A;RPS18;RPL32;UBA52;RPL19;RPS13;RPS9;RPSA;RPL27A;HLA-C;RPL11;NACA;RPS4X;RPL4;RPL39;FAU;RPS2;EIF1;HSP90B1;RPS27;GAPDH;RPS15A;RPL30;RPL5;RPL37;RPLP0;RPL41;RPS23;HLA-A;PTMA;RPL10A;RPL21;PPIB;EEF1A1;RPL12;B2M;TMSB4X;RPL15;ACTG1;HMGB1;NPM1;SUB1;RPL26,"[75, 470, 1399, 1679, 2297, 2336, 2583, 2683, 2707, 2741, 3009, 3066, 3110, 3161, 3204, 3240, 3273, 3274, 3341, 3446, 3464, 3478, 3513, 3549, 3661, 3685, 3894, 3907, 3938, 4056, 4093, 4163, 4202, 4212, 4220, 4340, 4464, 4465, 4486, 4491, 4542, 4601, 4603, 4607, 4699, 4751, 4800, 4803, 4863, 4864, 4883, 4925, 5014, 5032, 5034, 5044, 5174, 5294, 5360, 5363, 5365, 5472, 5574, 5669, 5753, 5812, 5993, 6030, 6075, 6213, 6265, 6566, 6735, 7026, 7036, 7111, 7173, 7668, 7718, 8419, 8759, 8993, 10085, 11600, 12555, 12801, 13814, 16730]",Tabula_Sapiens__Blood-plasmablast
Tabula_Sapiens,"Spleen-cd8-positive, Alpha-Beta Memory T Cell",prerank,0.5641047500725337,2.258398337164616,0.0,0.0,0.0,60_89,60/89,28.80%,CXCR4;NFKBIA;IL7R;TSC22D3;SRGN;FOS;BTG1;TNFAIP3;ZFP36L2;RPS21;ZFP36;RPL36;RPS19;RPS15;RPS16;TPT1;RPLP1;FTL;JUND;RPL34;RPL18;RPLP2;RPL9;RPS8;HLA-B;RPL18A;RPS3;RPS28;RPL13A;RPL37A;RPL8;TMSB10;RPS5;RPL28;RPS29;RPL14;RPL35;RPL35A;RPS24;RPL6;RPS6;RPS27A;RPL3;RPS7;RPS3A;RPS25;RPS14;RPL7A;RPL29;RPL23A;RPS18;RPL32;UBA52;RPL19;RPS13;RPS9;RPSA;RPL27A;HLA-C;RPL11,CXCR4;NFKBIA;IL7R;TSC22D3;SRGN;FOS;BTG1;TNFAIP3;ZFP36L2;RPS21;ZFP36;RPL36;RPS19;RPS15;RPS16;TPT1;RPLP1;FTL;JUND;RPL34;RPL18;RPLP2;RPL9;RPS8;HLA-B;RPL18A;RPS3;RPS28;RPL13A;RPL37A;RPL8;TMSB10;RPS5;RPL28;RPS29;RPL14;RPL35;RPL35A;RPS24;RPL6;RPS6;RPS27A;RPL3;RPS7;RPS3A;RPS25;RPS14;RPL7A;RPL29;RPL23A;RPS18;RPL32;UBA52;RPL19;RPS13;RPS9;RPSA;RPL27A;HLA-C;RPL11;RPS4X;RPL39;FAU;RPS2;EIF1;RPS27;PFN1;RPS15A;RPL30;RPL5;RPL37;RPLP0;RPL41;RPS23;HLA-A;PTMA;RPL10A;RPL21;EEF1A1;FTH1;RPL12;DUSP2;B2M;TMSB4X;DDX5;RPL15;CCL4;CD69;RPL26,"[50, 438, 1012, 1034, 1146, 1219, 1239, 1329, 1382, 1679, 1852, 2297, 2336, 2583, 2683, 2707, 2741, 3009, 3051, 3066, 3110, 3161, 3204, 3240, 3273, 3274, 3341, 3464, 3478, 3513, 3549, 3661, 3685, 3938, 4056, 4093, 4163, 4202, 4212, 4220, 4340, 4464, 4465, 4486, 4491, 4542, 4601, 4603, 4699, 4751, 4800, 4803, 4863, 4864, 4883, 4925, 5014, 5032, 5034, 5044, 5294, 5363, 5365, 5472, 5574, 5753, 5977, 5993, 6030, 6075, 6213, 6265, 6566, 6735, 7026, 7036, 7111, 7173, 7718, 7728, 8419, 8683, 8759, 8993, 9867, 10085, 10797, 16391, 16730]","Tabula_Sapiens__Spleen-cd8-positive, Alpha-Beta Memory T Cell"
Tabula_Sapiens,Trachea-connective Tissue Cell,prerank,0.5876914295609197,2.333333141909356,0.0,0.0,0.0,63_92,63/92,28.12%,SLPI;MT2A;FBLN1;MT1X;C3;ADH1B;CLU;IFITM3;IGFBP6;S100A6;DCN;VIM;C1R;TIMP1;MFAP5;S100A10;COL6A2;IGFBP5;COL1A2;SERPING1;RPL36;RPS19;APOD;RPS15;TIMP3;RPS16;LGALS1;TPT1;RPLP1;C1S;FTL;RPL34;CD63;RPL18;RPLP2;RPL9;RPS8;RPL18A;IGFBP4;RPS3;RPS28;RPL13A;RPL37A;RPL8;TMSB10;RPS11;RPL28;RPL14;RPL35A;RPS24;RPS6;RPS27A;RPL3;RPS7;RPS3A;RPS14;RPL7A;RPL29;RPS18;RPL32;RPL19;RPS13;RPS9,SLPI;MT2A;FBLN1;MT1X;C3;ADH1B;CLU;IFITM3;IGFBP6;S100A6;DCN;VIM;C1R;TIMP1;MFAP5;S100A10;COL6A2;IGFBP5;COL1A2;SERPING1;RPL36;RPS19;APOD;RPS15;TIMP3;RPS16;LGALS1;TPT1;RPLP1;C1S;FTL;RPL34;CD63;RPL18;RPLP2;RPL9;RPS8;RPL18A;IGFBP4;RPS3;RPS28;RPL13A;RPL37A;RPL8;TMSB10;RPS11;RPL28;RPL14;RPL35A;RPS24;RPS6;RPS27A;RPL3;RPS7;RPS3A;RPS14;RPL7A;RPL29;RPS18;RPL32;RPL19;RPS13;RPS9;RPL11;RPS4X;RPL39;FAU;GSN;RPS2;RPS27;RPS15A;RPL30;SERPINF1;RPL37;RPLP0;CST3;NNMT;RPL41;RPS23;PTMA;EEF1A1;FTH1;A2M;SPARCL1;GPX3;RPL12;B2M;MGP;MMP2;COL3A1;CCDC80;FBN1,"[42, 145, 317, 318, 554, 648, 751, 970, 1105, 1299, 1395, 1399, 1505, 1515, 1516, 1551, 1579, 1810, 2167, 2181, 2297, 2336, 2562, 2583, 2602, 2683, 2686, 2707, 2741, 3007, 3009, 3066, 3076, 3110, 3161, 3204, 3240, 3274, 3331, 3341, 3464, 3478, 3513, 3549, 3661, 3907, 3938, 4093, 4202, 4212, 4340, 4464, 4465, 4486, 4491, 4601, 4603, 4699, 4800, 4803, 4864, 4883, 4925, 5044, 5294, 5363, 5365, 5373, 5472, 5753, 5993, 6030, 6107, 6213, 6265, 6273, 6420, 6566, 6735, 7036, 7718, 7728, 7759, 7992, 7997, 8419, 8759, 9257, 14153, 15835, 16375, 16399]",Tabula_Sapiens__Trachea-connective Tissue Cell
Tabula_Sapiens,Tongue-endothelial Cell Of Lymphatic Vessel,prerank,0.6159832300236036,2.480341946207375,0.0,0.0,0.0,66_88,66/88,30.63%,HSPA1A;NFKBIA;MMRN1;CLU;CLDN5;IFITM3;FOS;S100A6;VIM;S100A10;RPS21;GNG11;ZFP36;TFPI;RPL36;RPS19;JUN;ADIRF;RPS15;TIMP3;RPS16;TFF3;TPT1;RPLP1;HLA-E;FTL;RPL34;RPL18;RPLP2;RPL9;RPS8;RPL18A;RPS3;RPS28;RPL13A;RPL37A;RPL8;TMSB10;RPS11;RPL28;RPL38;RPS29;RPL14;RPS20;RPL35A;RPS24;RPS6;RPS27A;RPL3;RPS7;RPS3A;RPS14;RPL7A;RPL29;RPS18;RPL32;UBA52;RPL19;RPS13;RPS9;RPL27A;RPL11;NACA;RPS4X;RPL39;FAU,HSPA1A;NFKBIA;MMRN1;CLU;CLDN5;IFITM3;FOS;S100A6;VIM;S100A10;RPS21;GNG11;ZFP36;TFPI;RPL36;RPS19;JUN;ADIRF;RPS15;TIMP3;RPS16;TFF3;TPT1;RPLP1;HLA-E;FTL;RPL34;RPL18;RPLP2;RPL9;RPS8;RPL18A;RPS3;RPS28;RPL13A;RPL37A;RPL8;TMSB10;RPS11;RPL28;RPL38;RPS29;RPL14;RPS20;RPL35A;RPS24;RPS6;RPS27A;RPL3;RPS7;RPS3A;RPS14;RPL7A;RPL29;RPS18;RPL32;UBA52;RPL19;RPS13;RPS9;RPL27A;RPL11;NACA;RPS4X;RPL39;FAU;RPS2;EIF1;RPS27;RPS15A;RPL30;RPL5;RPL37;RPL41;RPS23;HLA-A;PTMA;RPL21;EEF1A1;FTH1;RPL12;B2M;TMSB4X;EFEMP1;RPL15;ITM2B;IGFBP7;CD9,"[2, 438, 571, 751, 781, 970, 1219, 1299, 1399, 1551, 1679, 1851, 1852, 1966, 2297, 2336, 2405, 2504, 2583, 2602, 2683, 2699, 2707, 2741, 2908, 3009, 3066, 3110, 3161, 3204, 3240, 3274, 3341, 3464, 3478, 3513, 3549, 3661, 3907, 3938, 3947, 4056, 4093, 4125, 4202, 4212, 4340, 4464, 4465, 4486, 4491, 4601, 4603, 4699, 4800, 4803, 4863, 4864, 4883, 4925, 5032, 5044, 5174, 5294, 5363, 5365, 5472, 5574, 5753, 5993, 6030, 6075, 6213, 6566, 6735, 7026, 7036, 7173, 7718, 7728, 8419, 8759, 8993, 9633, 10085, 11214, 11361, 15173]",Tabula_Sapiens__Tongue-endothelial Cell Of Lymphatic Vessel
Tabula_Sapiens,Vasculature-epithelial Cell,prerank,0.5933701757351464,2.3882517619586365,0.0,0.0,0.0,66_90,66/90,30.63%,SLPI;MT2A;KRT18;MT1E;C3;IFITM3;FOS;S100A6;TIMP1;S100A10;RPS21;SERPING1;RPL36;RPS19;ADIRF;RPS15;RPS16;TPT1;RPLP1;FTL;RPL34;RPL18;RPLP2;RPL9;RPS8;RPL18A;RPS3;RPS26;RPS28;RPL13A;RPL37A;RPL8;RPS5;RPS11;RPL28;RPS29;RPL14;RPS20;RPL35;RPL35A;RPS24;RPL6;RPS6;RPS27A;RPL3;RPS7;RPS3A;RPS25;RPS14;RPL7A;RPL29;RPL23A;RPS18;RPL32;UBA52;RPL19;RPS13;RPS9;RPL7;RPSA;RPL27A;RPL11;NACA;RPS4X;RPL39;FAU,SLPI;MT2A;KRT18;MT1E;C3;IFITM3;FOS;S100A6;TIMP1;S100A10;RPS21;SERPING1;RPL36;RPS19;ADIRF;RPS15;RPS16;TPT1;RPLP1;FTL;RPL34;RPL18;RPLP2;RPL9;RPS8;RPL18A;RPS3;RPS26;RPS28;RPL13A;RPL37A;RPL8;RPS5;RPS11;RPL28;RPS29;RPL14;RPS20;RPL35;RPL35A;RPS24;RPL6;RPS6;RPS27A;RPL3;RPS7;RPS3A;RPS25;RPS14;RPL7A;RPL29;RPL23A;RPS18;RPL32;UBA52;RPL19;RPS13;RPS9;RPL7;RPSA;RPL27A;RPL11;NACA;RPS4X;RPL39;FAU;RPS2;EIF1;RPS27;RPS15A;RPL30;RPL5;RPL37;RPLP0;CST3;NNMT;RPL41;RPS23;PTMA;RPL10A;RPL21;EEF1A1;FTH1;RPL12;B2M;TMSB4X;RPL15;ACTG1;RARRES1;RPL26,"[42, 145, 166, 308, 554, 970, 1219, 1299, 1515, 1551, 1679, 2181, 2297, 2336, 2504, 2583, 2683, 2707, 2741, 3009, 3066, 3110, 3161, 3204, 3240, 3274, 3341, 3446, 3464, 3478, 3513, 3549, 3685, 3907, 3938, 4056, 4093, 4125, 4163, 4202, 4212, 4220, 4340, 4464, 4465, 4486, 4491, 4542, 4601, 4603, 4699, 4751, 4800, 4803, 4863, 4864, 4883, 4925, 4984, 5014, 5032, 5044, 5174, 5294, 5363, 5365, 5472, 5574, 5753, 5993, 6030, 6075, 6213, 6265, 6273, 6420, 6566, 6735, 7036, 7111, 7173, 7718, 7728, 8419, 8759, 8993, 10085, 11600, 12374, 16730]",Tabula_Sapiens__Vasculature-epithelial Cell
Tabula_Sapiens,Uterus-epithelial Cell,prerank,0.575718025287216,2.3009822424600572,0.0,0.0,0.0,64_87,64/87,31.24%,NFKBIA;HSP90AA1;S100A11;KRT19;S100A6;VIM;S100A10;RPS21;IER3;RPL36;RPS19;JUN;HSP90AB1;RPS15;RPS16;TPT1;RPLP1;GSTP1;RPL34;RPL18;RPLP2;RPL9;RPS8;RPL18A;IFI27;RPS3;RPS28;RPL13A;RPL37A;RPL8;TMSB10;RPS5;RPS11;RPL28;RPS29;RPL14;RPL35;RPL35A;RPS24;RPL6;RPS6;RPS27A;RPL3;RPS7;RPS3A;RPS14;RPL7A;RPL29;RPL23A;RPS18;RPL32;UBA52;RPL19;RPS13;RPS9;RPSA;RPL27A;RPL11;ANXA1;MYL6;RPS4X;RPL39;FAU;RPS2,NFKBIA;HSP90AA1;S100A11;KRT19;S100A6;VIM;S100A10;RPS21;IER3;RPL36;RPS19;JUN;HSP90AB1;RPS15;RPS16;TPT1;RPLP1;GSTP1;RPL34;RPL18;RPLP2;RPL9;RPS8;RPL18A;IFI27;RPS3;RPS28;RPL13A;RPL37A;RPL8;TMSB10;RPS5;RPS11;RPL28;RPS29;RPL14;RPL35;RPL35A;RPS24;RPL6;RPS6;RPS27A;RPL3;RPS7;RPS3A;RPS14;RPL7A;RPL29;RPL23A;RPS18;RPL32;UBA52;RPL19;RPS13;RPS9;RPSA;RPL27A;RPL11;ANXA1;MYL6;RPS4X;RPL39;FAU;RPS2;RPS27;GAPDH;RPS15A;RPL30;RPL5;RPL37;RPLP0;RPL41;RPS23;PTMA;RPL10A;RPL21;EEF1A1;FTH1;WFDC2;RPL12;B2M;TMSB4X;RPL15;TUBA1B;ACTG1;HMGB1;RPL26,"[438, 996, 1102, 1151, 1299, 1399, 1551, 1679, 2252, 2297, 2336, 2405, 2454, 2583, 2683, 2707, 2741, 2918, 3066, 3110, 3161, 3204, 3240, 3274, 3312, 3341, 3464, 3478, 3513, 3549, 3661, 3685, 3907, 3938, 4056, 4093, 4163, 4202, 4212, 4220, 4340, 4464, 4465, 4486, 4491, 4601, 4603, 4699, 4751, 4800, 4803, 4863, 4864, 4883, 4925, 5014, 5032, 5044, 5053, 5081, 5294, 5363, 5365, 5472, 5753, 5812, 5993, 6030, 6075, 6213, 6265, 6566, 6735, 7036, 7111, 7173, 7718, 7728, 7784, 8419, 8759, 8993, 10085, 10112, 11600, 12555, 16730]",Tabula_Sapiens__Uterus-epithelial Cell
Tabula_Sapiens,Vasculature-b Cell,prerank,0.5964137908193418,2.404595439779712,0.0,0.0,0.0,67_89,67/89,30.63%,CXCR4;NFKBIA;HLA-DRA;CD74;HSP90AA1;FOS;BTG1;RPS21;RPL36;RPS19;JUN;RPS15;RPS16;TPT1;RPLP1;FTL;JUND;RPL34;RPL18;RPLP2;RPL9;RPS8;HLA-B;RPL18A;RPS3;RPS26;RPS28;RPL13A;RPL37A;RPL8;RPL31;TMSB10;RPS5;RPL27;RPS11;RPL28;RPL38;RPS29;RPL14;RPS20;RPL35;RPL35A;RPS24;RPL6;RPS6;RPS27A;RPL3;RPS7;RPS3A;RPS25;RPS14;RPL7A;RPL29;RPL23A;RPS18;RPL32;UBA52;RPL19;RPS13;RPS9;RPSA;RPL27A;RPL11;NACA;RPS4X;RPL39;FAU,CXCR4;NFKBIA;HLA-DRA;CD74;HSP90AA1;FOS;BTG1;RPS21;RPL36;RPS19;JUN;RPS15;RPS16;TPT1;RPLP1;FTL;JUND;RPL34;RPL18;RPLP2;RPL9;RPS8;HLA-B;RPL18A;RPS3;RPS26;RPS28;RPL13A;RPL37A;RPL8;RPL31;TMSB10;RPS5;RPL27;RPS11;RPL28;RPL38;RPS29;RPL14;RPS20;RPL35;RPL35A;RPS24;RPL6;RPS6;RPS27A;RPL3;RPS7;RPS3A;RPS25;RPS14;RPL7A;RPL29;RPL23A;RPS18;RPL32;UBA52;RPL19;RPS13;RPS9;RPSA;RPL27A;RPL11;NACA;RPS4X;RPL39;FAU;RPS2;EIF1;TXNIP;RPS27;RPS15A;RPL30;RPL5;RPL37;RPL41;RPS23;HLA-A;PTMA;RPL10A;RPL21;EEF1A1;FTH1;RPL12;B2M;TMSB4X;RPL15;EEF1B2;RPL26,"[50, 438, 855, 908, 996, 1219, 1239, 1679, 2297, 2336, 2405, 2583, 2683, 2707, 2741, 3009, 3051, 3066, 3110, 3161, 3204, 3240, 3273, 3274, 3341, 3446, 3464, 3478, 3513, 3549, 3614, 3661, 3685, 3894, 3907, 3938, 3947, 4056, 4093, 4125, 4163, 4202, 4212, 4220, 4340, 4464, 4465, 4486, 4491, 4542, 4601, 4603, 4699, 4751, 4800, 4803, 4863, 4864, 4883, 4925, 5014, 5032, 5044, 5174, 5294, 5363, 5365, 5472, 5574, 5739, 5753, 5993, 6030, 6075, 6213, 6566, 6735, 7026, 7036, 7111, 7173, 7718, 7728, 8419, 8759, 8993, 10085, 11512, 16730]",Tabula_Sapiens__Vasculature-b Cell
Tabula_Sapiens,Skin-langerhans Cell,prerank,0.576231697849901,2.2855959657904403,0.0,0.0,0.0,52_85,52/85,28.12%,MMP9;CST7;NFKBIA;HLA-DRB1;HLA-DRA;CD74;ALOX5AP;S100A11;SRGN;BTG1;VIM;S100A10;RPS21;HLA-DQA1;CCL22;ZFP36;HLA-DPA1;PMAIP1;RPS19;RPS15;RPS16;TPT1;RPLP1;RGS1;FTL;RPL34;RPLP2;RPL9;RPL18A;RPS3;RPS28;RPL13A;RPL37A;RPL8;TMSB10;RPS11;RPL28;RPS29;SAMSN1;RPL35A;RPS24;CYTIP;RPS6;ID2;RPS27A;RPS3A;RPS14;RPS18;RPL32;UBA52;RPL19;RPS9,MMP9;CST7;NFKBIA;HLA-DRB1;HLA-DRA;CD74;ALOX5AP;S100A11;SRGN;BTG1;VIM;S100A10;RPS21;HLA-DQA1;CCL22;ZFP36;HLA-DPA1;PMAIP1;RPS19;RPS15;RPS16;TPT1;RPLP1;RGS1;FTL;RPL34;RPLP2;RPL9;RPL18A;RPS3;RPS28;RPL13A;RPL37A;RPL8;TMSB10;RPS11;RPL28;RPS29;SAMSN1;RPL35A;RPS24;CYTIP;RPS6;ID2;RPS27A;RPS3A;RPS14;RPS18;RPL32;UBA52;RPL19;RPS9;RPS4X;RPL39;FAU;RPS2;RPS27;GAPDH;RPS15A;RPL30;GADD45A;RPL37;RPL41;CD83;RPS23;MAP4K4;GPR183;MTHFR;RPL21;EEF1A1;FTH1;RALA;STK4;RPL12;B2M;MARCKS;TMSB4X;GZMB;PGK1;RPL15;HLA-DQA2;MTSS1;DUSP5;ARL4C;REL,"[9, 291, 438, 558, 855, 908, 1045, 1102, 1146, 1239, 1399, 1551, 1679, 1718, 1738, 1852, 1918, 2205, 2336, 2583, 2683, 2707, 2741, 2808, 3009, 3066, 3161, 3204, 3274, 3341, 3464, 3478, 3513, 3549, 3661, 3907, 3938, 4056, 4147, 4202, 4212, 4243, 4340, 4384, 4464, 4491, 4601, 4800, 4803, 4863, 4864, 4925, 5294, 5363, 5365, 5472, 5753, 5812, 5993, 6030, 6156, 6213, 6566, 6688, 6735, 6824, 7031, 7163, 7173, 7718, 7728, 8290, 8303, 8419, 8759, 8773, 8993, 9864, 9884, 10085, 10139, 13911, 14554, 14821, 15061]",Tabula_Sapiens__Skin-langerhans Cell
Tabula_Sapiens,Vasculature-fibroblast,prerank,0.5759748790517422,2.2972049816086817,0.0,0.0,0.0,64_91,64/91,28.80%,MT2A;FBLN1;ADH1B;IFITM3;HSP90AA1;IGFBP6;FOS;S100A6;DCN;VIM;C1R;TIMP1;MFAP5;COL6A2;IGFBP5;COL1A2;RPL36;RPS19;JUN;APOD;RPS15;TIMP3;RPS16;TPT1;RPLP1;C1S;FTL;RPL34;COL1A1;RPL18;RPLP2;RPL9;RPS8;RPL18A;RPS3;RPS28;RPL13A;RPL37A;RPL8;RPS5;APOE;RPS11;RPL28;RPS29;RPL14;RPS20;RPL35;RPL35A;RPS24;RPL6;RPS6;RPS27A;RPL3;RPS3A;RPS14;RPL7A;RPL29;RPS18;RPL32;RPL19;RPS13;RPS9;RPL27A;RPL11,MT2A;FBLN1;ADH1B;IFITM3;HSP90AA1;IGFBP6;FOS;S100A6;DCN;VIM;C1R;TIMP1;MFAP5;COL6A2;IGFBP5;COL1A2;RPL36;RPS19;JUN;APOD;RPS15;TIMP3;RPS16;TPT1;RPLP1;C1S;FTL;RPL34;COL1A1;RPL18;RPLP2;RPL9;RPS8;RPL18A;RPS3;RPS28;RPL13A;RPL37A;RPL8;RPS5;APOE;RPS11;RPL28;RPS29;RPL14;RPS20;RPL35;RPL35A;RPS24;RPL6;RPS6;RPS27A;RPL3;RPS3A;RPS14;RPL7A;RPL29;RPS18;RPL32;RPL19;RPS13;RPS9;RPL27A;RPL11;RPS4X;RPL39;GSN;RPS2;RPS27;RPS15A;RPL30;RPL5;RPL37;RPLP0;CST3;RPL41;RPS23;RPL10A;RPL21;EEF1A1;FTH1;SPARCL1;GPX3;RPL12;TMSB4X;MGP;RPL15;IGFBP7;COL3A1;CCDC80;RPL26,"[145, 317, 648, 970, 996, 1105, 1219, 1299, 1395, 1399, 1505, 1515, 1516, 1579, 1810, 2167, 2297, 2336, 2405, 2562, 2583, 2602, 2683, 2707, 2741, 3007, 3009, 3066, 3083, 3110, 3161, 3204, 3240, 3274, 3341, 3464, 3478, 3513, 3549, 3685, 3783, 3907, 3938, 4056, 4093, 4125, 4163, 4202, 4212, 4220, 4340, 4464, 4465, 4491, 4601, 4603, 4699, 4800, 4803, 4864, 4883, 4925, 5032, 5044, 5294, 5363, 5373, 5472, 5753, 5993, 6030, 6075, 6213, 6265, 6273, 6566, 6735, 7111, 7173, 7718, 7728, 7992, 7997, 8419, 8993, 9257, 10085, 11361, 15835, 16375, 16730]",Tabula_Sapiens__Vasculature-fibroblast
Tabula_Sapiens,Thymus-mature Nk T Cell,prerank,0.548384836828685,2.201713207054136,0.0,0.0,0.0,68_89,68/89,31.82%,CXCR4;IL32;KLRD1;KLF2;IL7R;TSC22D3;BTG1;ZFP36L2;RPS21;RPL36;RPS19;PTPRC;RPS15;RPS16;TPT1;RPLP1;HLA-E;RPL34;RPL18;RPLP2;RPL9;RPS8;HLA-B;RPL18A;RPS3;MYL12A;RPS26;RPS28;RPL13A;RPL37A;RPL8;TMSB10;RPL28;RPL38;RPS29;RPL14;RPS20;RPL35;RPL35A;RPS24;RPL6;RPS6;RPS27A;RPL3;RPS7;RPS3A;RPS25;RPS14;RPL7A;RPL29;RPL23A;RPS18;RPL32;UBA52;RPL19;RPS13;RPS9;RPSA;RPL27A;HLA-C;RPL11;NACA;RPS4X;RPL39;FAU;RPS2;CCL5;EIF1,CXCR4;IL32;KLRD1;KLF2;IL7R;TSC22D3;BTG1;ZFP36L2;RPS21;RPL36;RPS19;PTPRC;RPS15;RPS16;TPT1;RPLP1;HLA-E;RPL34;RPL18;RPLP2;RPL9;RPS8;HLA-B;RPL18A;RPS3;MYL12A;RPS26;RPS28;RPL13A;RPL37A;RPL8;TMSB10;RPL28;RPL38;RPS29;RPL14;RPS20;RPL35;RPL35A;RPS24;RPL6;RPS6;RPS27A;RPL3;RPS7;RPS3A;RPS25;RPS14;RPL7A;RPL29;RPL23A;RPS18;RPL32;UBA52;RPL19;RPS13;RPS9;RPSA;RPL27A;HLA-C;RPL11;NACA;RPS4X;RPL39;FAU;RPS2;CCL5;EIF1;TXNIP;RPS27;RPS15A;RPL30;RPL5;RPL37;RPL41;RPS23;HLA-A;PTMA;RPL21;EEF1A1;GNLY;RPL12;B2M;TMSB4X;DDX5;RPL15;CALM1;RPL26;GZMA,"[50, 314, 759, 811, 1012, 1034, 1239, 1382, 1679, 2297, 2336, 2422, 2583, 2683, 2707, 2741, 2908, 3066, 3110, 3161, 3204, 3240, 3273, 3274, 3341, 3359, 3446, 3464, 3478, 3513, 3549, 3661, 3938, 3947, 4056, 4093, 4125, 4163, 4202, 4212, 4220, 4340, 4464, 4465, 4486, 4491, 4542, 4601, 4603, 4699, 4751, 4800, 4803, 4863, 4864, 4883, 4925, 5014, 5032, 5034, 5044, 5174, 5294, 5363, 5365, 5472, 5546, 5574, 5739, 5753, 5993, 6030, 6075, 6213, 6566, 6735, 7026, 7036, 7173, 7718, 8051, 8419, 8759, 8993, 9867, 10085, 13283, 16730, 17331]",Tabula_Sapiens__Thymus-mature Nk T Cell
Tabula_Sapiens,Spleen-macrophage,prerank,0.6237261379898873,2.515197050473177,0.0,0.0,0.0,62_88,62/88,28.80%,C1QA;C1QC;C1QB;NFKBIA;HMOX1;CYBA;TYROBP;CD163;S100A9;HLA-DRA;FCER1G;CD74;HSP90AA1;SRGN;FOS;RPS21;CTSS;HLA-DPA1;SERF2;RPL36;RPS19;GPX1;RPS15;RPS16;TPT1;RPLP1;GLUL;FTL;RPL34;OAZ1;RPL18;RPLP2;RPS8;HLA-B;RPL18A;RPS3;RPS28;RPL13A;RPL37A;RPL8;TMSB10;YBX1;APOE;RPS11;RPL28;RPS29;RPS24;RPS6;RPS27A;RPL3;RPS3A;RPS14;RPL7A;RPL29;RPS18;RPL32;UBA52;RPL19;RPS13;RPS9;RPL27A;RPL11,C1QA;C1QC;C1QB;NFKBIA;HMOX1;CYBA;TYROBP;CD163;S100A9;HLA-DRA;FCER1G;CD74;HSP90AA1;SRGN;FOS;RPS21;CTSS;HLA-DPA1;SERF2;RPL36;RPS19;GPX1;RPS15;RPS16;TPT1;RPLP1;GLUL;FTL;RPL34;OAZ1;RPL18;RPLP2;RPS8;HLA-B;RPL18A;RPS3;RPS28;RPL13A;RPL37A;RPL8;TMSB10;YBX1;APOE;RPS11;RPL28;RPS29;RPS24;RPS6;RPS27A;RPL3;RPS3A;RPS14;RPL7A;RPL29;RPS18;RPL32;UBA52;RPL19;RPS13;RPS9;RPL27A;RPL11;RPL39;RPS2;CTSB;RPS27;PFN1;RPS15A;RPL30;AIF1;RPL37;CST3;RPL41;RPS23;PTMA;RPL21;CCL3;CCL4L2;EEF1A1;FTH1;RPL12;B2M;TMSB4X;CCL4;ITM2B;SLC40A1;CD5L;VCAM1,"[196, 280, 399, 438, 444, 470, 656, 818, 820, 855, 857, 908, 996, 1146, 1219, 1679, 1687, 1918, 2068, 2297, 2336, 2540, 2583, 2683, 2707, 2741, 2868, 3009, 3066, 3070, 3110, 3161, 3240, 3273, 3274, 3341, 3464, 3478, 3513, 3549, 3661, 3681, 3783, 3907, 3938, 4056, 4212, 4340, 4464, 4465, 4491, 4601, 4603, 4699, 4800, 4803, 4863, 4864, 4883, 4925, 5032, 5044, 5363, 5472, 5660, 5753, 5977, 5993, 6030, 6152, 6213, 6273, 6566, 6735, 7036, 7173, 7409, 7512, 7718, 7728, 8419, 8759, 8993, 10797, 11214, 11228, 13001, 14570]",Tabula_Sapiens__Spleen-macrophage
Tabula_Sapiens,"Spleen-naive Thymus-Derived Cd8-Positive, Alpha-Beta T Cell",prerank,0.5698456073031172,2.2759775090715544,0.0,0.0,0.0,65_89,65/89,31.82%,CXCR4;S100A4;KLF2;IL7R;TSC22D3;SRGN;BTG1;ZFP36L2;RPS21;RPL36;RPS19;PTPRC;RPS15;RPS16;TPT1;RPLP1;HLA-E;FTL;RPL34;RPL18;RPLP2;RPL9;RPS8;HLA-B;RPL18A;RPS3;MYL12A;RPS26;RPS28;RPL13A;RPL37A;RPL8;TMSB10;RPS11;RPL28;RPS29;RPL14;RPL35;RPL35A;RPS24;RPL6;RPS6;RPS27A;RPL3;RPS7;RPS3A;RPS14;RPL7A;RPL29;RPL23A;RPS18;RPL32;RPL19;RPS13;RPSA;RPL27A;HLA-C;RPL11;NACA;RPS4X;RPL39;FAU;RPS2;CCL5;EIF1,CXCR4;S100A4;KLF2;IL7R;TSC22D3;SRGN;BTG1;ZFP36L2;RPS21;RPL36;RPS19;PTPRC;RPS15;RPS16;TPT1;RPLP1;HLA-E;FTL;RPL34;RPL18;RPLP2;RPL9;RPS8;HLA-B;RPL18A;RPS3;MYL12A;RPS26;RPS28;RPL13A;RPL37A;RPL8;TMSB10;RPS11;RPL28;RPS29;RPL14;RPL35;RPL35A;RPS24;RPL6;RPS6;RPS27A;RPL3;RPS7;RPS3A;RPS14;RPL7A;RPL29;RPL23A;RPS18;RPL32;RPL19;RPS13;RPSA;RPL27A;HLA-C;RPL11;NACA;RPS4X;RPL39;FAU;RPS2;CCL5;EIF1;TXNIP;RPS27;PFN1;RPS15A;RPL30;RPL5;RPL37;RPL41;RPS23;HLA-A;PTMA;RPL21;EEF1A1;FTH1;GNLY;RPL12;B2M;TMSB4X;DDX5;RPL15;CCL4;ACTG1;CALM1;RPL26,"[50, 245, 811, 1012, 1034, 1146, 1239, 1382, 1679, 2297, 2336, 2422, 2583, 2683, 2707, 2741, 2908, 3009, 3066, 3110, 3161, 3204, 3240, 3273, 3274, 3341, 3359, 3446, 3464, 3478, 3513, 3549, 3661, 3907, 3938, 4056, 4093, 4163, 4202, 4212, 4220, 4340, 4464, 4465, 4486, 4491, 4601, 4603, 4699, 4751, 4800, 4803, 4864, 4883, 5014, 5032, 5034, 5044, 5174, 5294, 5363, 5365, 5472, 5546, 5574, 5739, 5753, 5977, 5993, 6030, 6075, 6213, 6566, 6735, 7026, 7036, 7173, 7718, 7728, 8051, 8419, 8759, 8993, 9867, 10085, 10797, 11600, 13283, 16730]","Tabula_Sapiens__Spleen-naive Thymus-Derived Cd8-Positive, Alpha-Beta T Cell"
Tabula_Sapiens,Small Intestine-duodenum Glandular Cell,prerank,0.5929992808804649,2.3333647858055775,0.0,0.0,0.0,56_82,56/82,28.80%,HSPA1A;LYZ;CXCL3;HSP90AA1;FOS;S100A6;CYSTM1;IER2;RPL36;RPS19;JUN;RPS15;RPS16;TFF3;TPT1;RPLP1;PGC;FTL;JUND;RPL34;RPL18;RPLP2;RPL9;RPS8;RPL18A;RPS3;RPS28;RPL13A;RPL37A;KLF6;RPL8;RPS11;RPL28;RPS29;RPL14;RPS20;RPL35A;RPS24;RPL6;ATF3;RPS6;GOLM1;RPS27A;RPL3;RPS7;RPS3A;RPS14;RPL7A;RPL29;RPS18;RPL32;RPL19;RPS13;RPS9;RPL27A;RPL11,HSPA1A;LYZ;CXCL3;HSP90AA1;FOS;S100A6;CYSTM1;IER2;RPL36;RPS19;JUN;RPS15;RPS16;TFF3;TPT1;RPLP1;PGC;FTL;JUND;RPL34;RPL18;RPLP2;RPL9;RPS8;RPL18A;RPS3;RPS28;RPL13A;RPL37A;KLF6;RPL8;RPS11;RPL28;RPS29;RPL14;RPS20;RPL35A;RPS24;RPL6;ATF3;RPS6;GOLM1;RPS27A;RPL3;RPS7;RPS3A;RPS14;RPL7A;RPL29;RPS18;RPL32;RPL19;RPS13;RPS9;RPL27A;RPL11;RPS4X;RPL39;EIF1;RPS27;RPS15A;RPL30;RPL5;RPL37;CST3;RPL41;RPS23;SSR4;RPL10A;RPL21;EEF1A1;FTH1;FOSB;RPL12;RHOB;NUCB2;B2M;TMSB4X;MUC6;RPL15;ACTG1;EGR1,"[2, 574, 873, 996, 1219, 1299, 2001, 2071, 2297, 2336, 2405, 2583, 2683, 2699, 2707, 2741, 2947, 3009, 3051, 3066, 3110, 3161, 3204, 3240, 3274, 3341, 3464, 3478, 3513, 3544, 3549, 3907, 3938, 4056, 4093, 4125, 4202, 4212, 4220, 4249, 4340, 4375, 4464, 4465, 4486, 4491, 4601, 4603, 4699, 4800, 4803, 4864, 4883, 4925, 5032, 5044, 5294, 5363, 5574, 5753, 5993, 6030, 6075, 6213, 6273, 6566, 6735, 6863, 7111, 7173, 7718, 7728, 7914, 8419, 8680, 8724, 8759, 8993, 9732, 10085, 11600, 17016]",Tabula_Sapiens__Small Intestine-duodenum Glandular Cell
Tabula_Sapiens,Vasculature-plasma Cell,prerank,0.6636491822219094,2.6506589282773745,0.0,0.0,0.0,65_86,65/86,28.80%,HSPA1A;HSPA1B;DDIT4;CXCR4;MZB1;MT2A;NFKBIA;CYBA;GADD45B;KLF2;HSP90AA1;TSC22D3;DERL3;FOS;ZFP36L2;RPS21;IER2;HSPA5;HERPUD1;RPL36;RPS19;JUN;RPS15;RPS16;TPT1;RPLP1;RGS1;GSTP1;FTL;JUND;RPL34;RPL18;RPLP2;RPL9;RPS8;RPL18A;RPS3;RPS28;RPL13A;RPL37A;RPL8;RPS5;RPS11;RPL28;RPS29;RPL35;RPL35A;RPS24;RPL6;RPS6;RPS27A;RPL3;RPS7;RPS3A;RPS14;RPL7A;RPL29;RPL23A;RPS18;RPL32;RPL19;RPS9;RPL27A;HLA-C;RPL11,HSPA1A;HSPA1B;DDIT4;CXCR4;MZB1;MT2A;NFKBIA;CYBA;GADD45B;KLF2;HSP90AA1;TSC22D3;DERL3;FOS;ZFP36L2;RPS21;IER2;HSPA5;HERPUD1;RPL36;RPS19;JUN;RPS15;RPS16;TPT1;RPLP1;RGS1;GSTP1;FTL;JUND;RPL34;RPL18;RPLP2;RPL9;RPS8;RPL18A;RPS3;RPS28;RPL13A;RPL37A;RPL8;RPS5;RPS11;RPL28;RPS29;RPL35;RPL35A;RPS24;RPL6;RPS6;RPS27A;RPL3;RPS7;RPS3A;RPS14;RPL7A;RPL29;RPL23A;RPS18;RPL32;RPL19;RPS9;RPL27A;HLA-C;RPL11;RPS4X;RPL39;RPS2;EIF1;HSP90B1;RPS27;RPS15A;RPL30;RPL5;RPL37;RPL41;RPS23;SSR4;PTMA;RPL21;EEF1A1;RPL12;SEC11C;B2M;TMSB4X;RPL15,"[2, 7, 17, 50, 75, 145, 438, 470, 762, 811, 996, 1034, 1055, 1219, 1382, 1679, 2071, 2084, 2276, 2297, 2336, 2405, 2583, 2683, 2707, 2741, 2808, 2918, 3009, 3051, 3066, 3110, 3161, 3204, 3240, 3274, 3341, 3464, 3478, 3513, 3549, 3685, 3907, 3938, 4056, 4163, 4202, 4212, 4220, 4340, 4464, 4465, 4486, 4491, 4601, 4603, 4699, 4751, 4800, 4803, 4864, 4925, 5032, 5034, 5044, 5294, 5363, 5472, 5574, 5669, 5753, 5993, 6030, 6075, 6213, 6566, 6735, 6863, 7036, 7173, 7718, 8419, 8448, 8759, 8993, 10085]",Tabula_Sapiens__Vasculature-plasma Cell
Tabula_Sapiens,Lung-classical Monocyte,prerank,0.5993932337385894,2.401518114449568,0.0,0.0,0.0,66_88,66/88,30.63%,S100A8;S100A4;LYZ;TYROBP;S100A9;S100A11;SRGN;FOS;S100A6;VIM;S100A10;CTSS;RPL36;RPS19;GPX1;RPS15;RPS16;LGALS1;TPT1;RPLP1;SH3BGRL3;COTL1;FTL;RPL34;OAZ1;RPL18;RPLP2;VCAN;RPL9;RPS8;HLA-B;RPL18A;RPS3;RPS28;RPL13A;RPL37A;RPL8;TMSB10;RPS11;RPL28;RPS29;RPS20;RPL35A;RPS24;RPL6;RPS6;RPS27A;RPL3;RPS7;RPS3A;RPS14;RPL7A;RPL29;RPS18;RPL32;UBA52;RPL19;RPS13;RPS9;PFDN5;RPL27A;RPL11;NACA;RPS4X;RPL39;FAU,S100A8;S100A4;LYZ;TYROBP;S100A9;S100A11;SRGN;FOS;S100A6;VIM;S100A10;CTSS;RPL36;RPS19;GPX1;RPS15;RPS16;LGALS1;TPT1;RPLP1;SH3BGRL3;COTL1;FTL;RPL34;OAZ1;RPL18;RPLP2;VCAN;RPL9;RPS8;HLA-B;RPL18A;RPS3;RPS28;RPL13A;RPL37A;RPL8;TMSB10;RPS11;RPL28;RPS29;RPS20;RPL35A;RPS24;RPL6;RPS6;RPS27A;RPL3;RPS7;RPS3A;RPS14;RPL7A;RPL29;RPS18;RPL32;UBA52;RPL19;RPS13;RPS9;PFDN5;RPL27A;RPL11;NACA;RPS4X;RPL39;FAU;RPS2;EIF1;TXNIP;RPS27;GAPDH;RPS15A;RPL30;AIF1;RPL37;CST3;RPL41;RPS23;PTMA;RPL21;EEF1A1;FTH1;RPL12;B2M;TMSB4X;RPL15;ACTG1;RPL26,"[157, 245, 574, 656, 820, 1102, 1146, 1219, 1299, 1399, 1551, 1687, 2297, 2336, 2540, 2583, 2683, 2686, 2707, 2741, 2777, 2856, 3009, 3066, 3070, 3110, 3161, 3195, 3204, 3240, 3273, 3274, 3341, 3464, 3478, 3513, 3549, 3661, 3907, 3938, 4056, 4125, 4202, 4212, 4220, 4340, 4464, 4465, 4486, 4491, 4601, 4603, 4699, 4800, 4803, 4863, 4864, 4883, 4925, 5007, 5032, 5044, 5174, 5294, 5363, 5365, 5472, 5574, 5739, 5753, 5812, 5993, 6030, 6152, 6213, 6273, 6566, 6735, 7036, 7173, 7718, 7728, 8419, 8759, 8993, 10085, 11600, 16730]",Tabula_Sapiens__Lung-classical Monocyte
Tabula_Sapiens,Skin-stromal Cell,prerank,0.5955221968494985,2.3905782967166114,0.0,0.0,0.0,64_87,64/87,27.88%,G0S2;MT1A;MT2A;MT1X;NFKBIA;CEBPB;CCL20;CXCL1;IL6;CXCL3;AKR1C1;S100A6;DCN;VIM;TIMP1;COL6A2;RPS21;TNFAIP6;IER3;RPL36;RPS19;HSP90AB1;APOD;RPS15;RPS16;TPT1;RPLP1;FTL;RPS10;RPL34;RPL18;RPLP2;RPL9;RPS8;RPL18A;RPS3;RPS28;RPL37A;RPL8;TMSB10;RPS5;CXCL2;RPL28;RPS29;RPL14;RPL35;RPL35A;RPS24;RPL6;RPS6;ANXA5;RPS27A;RPL3;RPS7;RPS3A;RPS25;RPS14;RPL7A;RPL29;RPL23A;RPS18;RPL32;RPL19;RPS13,G0S2;MT1A;MT2A;MT1X;NFKBIA;CEBPB;CCL20;CXCL1;IL6;CXCL3;AKR1C1;S100A6;DCN;VIM;TIMP1;COL6A2;RPS21;TNFAIP6;IER3;RPL36;RPS19;HSP90AB1;APOD;RPS15;RPS16;TPT1;RPLP1;FTL;RPS10;RPL34;RPL18;RPLP2;RPL9;RPS8;RPL18A;RPS3;RPS28;RPL37A;RPL8;TMSB10;RPS5;CXCL2;RPL28;RPS29;RPL14;RPL35;RPL35A;RPS24;RPL6;RPS6;ANXA5;RPS27A;RPL3;RPS7;RPS3A;RPS25;RPS14;RPL7A;RPL29;RPL23A;RPS18;RPL32;RPL19;RPS13;RPL11;RPL39;FAU;RPS2;RPS27;GAPDH;RPS15A;RPL30;RPL5;RPL37;RPL41;RPS23;PTMA;RPL21;EEF1A1;FTH1;RPL12;B2M;SOD2;RPL15;SERPINE2;RPL26;MMP3,"[1, 138, 145, 318, 438, 464, 561, 594, 719, 873, 1008, 1299, 1395, 1399, 1515, 1579, 1679, 1998, 2252, 2297, 2336, 2454, 2562, 2583, 2683, 2707, 2741, 3009, 3058, 3066, 3110, 3161, 3204, 3240, 3274, 3341, 3464, 3513, 3549, 3661, 3685, 3816, 3938, 4056, 4093, 4163, 4202, 4212, 4220, 4340, 4406, 4464, 4465, 4486, 4491, 4542, 4601, 4603, 4699, 4751, 4800, 4803, 4864, 4883, 5044, 5363, 5365, 5472, 5753, 5812, 5993, 6030, 6075, 6213, 6566, 6735, 7036, 7173, 7718, 7728, 8419, 8759, 9365, 10085, 10488, 16730, 17502]",Tabula_Sapiens__Skin-stromal Cell
Tabula_Sapiens,Lung-serous Cell Of Epithelium Of Bronchus,prerank,0.5353558643712144,2.091207671873651,0.0,0.0,0.0,58_80,58/80,30.62%,SLPI;AZGP1;LYZ;LCN2;BPIFB1;XBP1;SERF2;ZG16B;RPL36;RPS19;RPS15;RPS16;TPT1;TCN1;RPLP1;RPL34;RPL18;RPLP2;RPL9;RPS8;RPL18A;RPS3;AQP5;RPS28;RPL13A;RPL37A;RPL8;RPS5;RPS11;RPL28;RPS29;RPL14;RPS20;RPL35;RPL35A;RPS24;RPL6;RPS6;RPS27A;RPL3;RPS7;RPS3A;RPS14;RPL7A;RPL29;RPS18;RPL32;RPL19;RPS13;RPS9;RPSA;RPL27A;RPL11;GNAS;NACA;RPS4X;LTF;RPL39,SLPI;AZGP1;LYZ;LCN2;BPIFB1;XBP1;SERF2;ZG16B;RPL36;RPS19;RPS15;RPS16;TPT1;TCN1;RPLP1;RPL34;RPL18;RPLP2;RPL9;RPS8;RPL18A;RPS3;AQP5;RPS28;RPL13A;RPL37A;RPL8;RPS5;RPS11;RPL28;RPS29;RPL14;RPS20;RPL35;RPL35A;RPS24;RPL6;RPS6;RPS27A;RPL3;RPS7;RPS3A;RPS14;RPL7A;RPL29;RPS18;RPL32;RPL19;RPS13;RPS9;RPSA;RPL27A;RPL11;GNAS;NACA;RPS4X;LTF;RPL39;RPS2;RPS27;RPS15A;RPL30;RPL5;RPL37;RPL41;RPS23;SSR4;RPL10A;RPL21;NDRG2;EEF1A1;FTH1;WFDC2;RPL12;B2M;RPL15;SCGB3A1;SLC12A2;RNASE1;DMBT1,"[42, 100, 574, 756, 1569, 1799, 2068, 2171, 2297, 2336, 2583, 2683, 2707, 2740, 2741, 3066, 3110, 3161, 3204, 3240, 3274, 3341, 3398, 3464, 3478, 3513, 3549, 3685, 3907, 3938, 4056, 4093, 4125, 4163, 4202, 4212, 4220, 4340, 4464, 4465, 4486, 4491, 4601, 4603, 4699, 4800, 4803, 4864, 4883, 4925, 5014, 5032, 5044, 5066, 5174, 5294, 5338, 5363, 5472, 5753, 5993, 6030, 6075, 6213, 6566, 6735, 6863, 7111, 7173, 7189, 7718, 7728, 7784, 8419, 8759, 10085, 11110, 15947, 16286, 17364]",Tabula_Sapiens__Lung-serous Cell Of Epithelium Of Bronchus
Tabula_Sapiens,Mammary-t Cell,prerank,0.5855077212289058,2.33959747536004,0.0,0.0,0.0,70_89,70/89,33.18%,CXCR4;IFITM2;IL7R;SRGN;BTG1;ZFP36L2;RPS21;EEF1D;RPL36;RPS19;PTPRC;RPS15;RPS16;TPT1;RPLP1;FTL;RPS10;RPL34;RPL18;RPLP2;RPL9;RPS8;HLA-B;RPL18A;RPS3;RPS26;RPS28;RPL13A;RPL37A;RPL8;RPL36AL;TMSB10;RPS5;RPS11;RPL28;RPL38;RPS29;RPL14;RPS20;RPL35;RPL35A;RPS24;RPS6;RPS27A;RPL3;RPS7;RPS3A;RPS25;RPS14;RPL7A;RPL29;RPL23A;RPS18;RPL32;UBA52;RPL19;RPS13;RPS9;RPSA;RPL27A;RPL11;NACA;RPS4X;RPL39;FAU;RPS2;EIF1;TXNIP;RPS27;GAPDH,CXCR4;IFITM2;IL7R;SRGN;BTG1;ZFP36L2;RPS21;EEF1D;RPL36;RPS19;PTPRC;RPS15;RPS16;TPT1;RPLP1;FTL;RPS10;RPL34;RPL18;RPLP2;RPL9;RPS8;HLA-B;RPL18A;RPS3;RPS26;RPS28;RPL13A;RPL37A;RPL8;RPL36AL;TMSB10;RPS5;RPS11;RPL28;RPL38;RPS29;RPL14;RPS20;RPL35;RPL35A;RPS24;RPS6;RPS27A;RPL3;RPS7;RPS3A;RPS25;RPS14;RPL7A;RPL29;RPL23A;RPS18;RPL32;UBA52;RPL19;RPS13;RPS9;RPSA;RPL27A;RPL11;NACA;RPS4X;RPL39;FAU;RPS2;EIF1;TXNIP;RPS27;GAPDH;RPS15A;RPL30;RPL5;RPL37;RPLP0;RPL41;RPS23;HLA-A;PTMA;RPL10A;RPL21;EEF1A1;FTH1;RPL12;B2M;TMSB4X;RPL15;EEF1B2;RPL26,"[50, 633, 1012, 1146, 1239, 1382, 1679, 1776, 2297, 2336, 2422, 2583, 2683, 2707, 2741, 3009, 3058, 3066, 3110, 3161, 3204, 3240, 3273, 3274, 3341, 3446, 3464, 3478, 3513, 3549, 3634, 3661, 3685, 3907, 3938, 3947, 4056, 4093, 4125, 4163, 4202, 4212, 4340, 4464, 4465, 4486, 4491, 4542, 4601, 4603, 4699, 4751, 4800, 4803, 4863, 4864, 4883, 4925, 5014, 5032, 5044, 5174, 5294, 5363, 5365, 5472, 5574, 5739, 5753, 5812, 5993, 6030, 6075, 6213, 6265, 6566, 6735, 7026, 7036, 7111, 7173, 7718, 7728, 8419, 8759, 8993, 10085, 11512, 16730]",Tabula_Sapiens__Mammary-t Cell
Tabula_Sapiens,Mammary-endothelial Cell Of Artery,prerank,0.5615650435113537,2.241589414307966,0.0,0.0,0.0,63_90,63/90,30.63%,YBX3;TM4SF1;CLDN5;IFITM3;S100A6;VIM;RPS21;SERPINE1;RPL36;RPS19;HSP90AB1;RPS15;RPS16;TPT1;RPLP1;HLA-E;FTL;RPL34;CD63;RPL18;RPLP2;RPL9;RPS8;HLA-B;RPL18A;RPS3;RPS28;RPL13A;RPL37A;RPL8;TMSB10;YBX1;RPS5;RPS11;RPL28;RPL14;RPL35;RPL35A;RPS24;RPL6;RPS6;RPS27A;RPL3;RPS7;RPS3A;RPS14;RPL7A;RPL29;RPL23A;RPS18;RPL32;UBA52;RPL19;RPS13;RPS9;RPSA;HLA-C;RPL11;MYL6;NACA;RPS4X;RPL39;FAU,YBX3;TM4SF1;CLDN5;IFITM3;S100A6;VIM;RPS21;SERPINE1;RPL36;RPS19;HSP90AB1;RPS15;RPS16;TPT1;RPLP1;HLA-E;FTL;RPL34;CD63;RPL18;RPLP2;RPL9;RPS8;HLA-B;RPL18A;RPS3;RPS28;RPL13A;RPL37A;RPL8;TMSB10;YBX1;RPS5;RPS11;RPL28;RPL14;RPL35;RPL35A;RPS24;RPL6;RPS6;RPS27A;RPL3;RPS7;RPS3A;RPS14;RPL7A;RPL29;RPL23A;RPS18;RPL32;UBA52;RPL19;RPS13;RPS9;RPSA;HLA-C;RPL11;MYL6;NACA;RPS4X;RPL39;FAU;RPS2;EIF1;RPS27;GAPDH;RPS15A;RPL30;RPL5;RPL37;RPLP0;RPL41;RPS23;HLA-A;PTMA;RPL10A;RPL21;EEF1A1;FTH1;SPARCL1;RPL12;B2M;TMSB4X;SOD2;RPL15;IGFBP7;ACTG1;CALM1;RPL26,"[466, 694, 781, 970, 1299, 1399, 1679, 1969, 2297, 2336, 2454, 2583, 2683, 2707, 2741, 2908, 3009, 3066, 3076, 3110, 3161, 3204, 3240, 3273, 3274, 3341, 3464, 3478, 3513, 3549, 3661, 3681, 3685, 3907, 3938, 4093, 4163, 4202, 4212, 4220, 4340, 4464, 4465, 4486, 4491, 4601, 4603, 4699, 4751, 4800, 4803, 4863, 4864, 4883, 4925, 5014, 5034, 5044, 5081, 5174, 5294, 5363, 5365, 5472, 5574, 5753, 5812, 5993, 6030, 6075, 6213, 6265, 6566, 6735, 7026, 7036, 7111, 7173, 7718, 7728, 7992, 8419, 8759, 8993, 9365, 10085, 11361, 11600, 13283, 16730]",Tabula_Sapiens__Mammary-endothelial Cell Of Artery
Tabula_Sapiens,Spleen-plasma Cell,prerank,0.5449173025817493,2.1867880418218615,0.0,0.0,0.0,68_87,68/87,35.77%,MZB1;HSP90AA1;RPS21;XBP1;SERF2;HSPA5;RPL36;RPS19;RPS15;RPS16;TPT1;RPLP1;FTL;RPL34;RPL18;RPLP2;RPL9;RPS8;HLA-B;RPL18A;RPS3;RPS28;RPL13A;RPL37A;RPL8;TMSB10;RPS5;RPL27;RPS11;RPL28;RPS29;RPL14;RPL35;RPL35A;RPS24;RPL6;RPS6;RPS27A;RPL3;RPS7;RPS3A;RPS25;RPS14;RPL7A;CALR;RPL29;RPL23A;RPS18;RPL32;RPL19;RPS13;RPS9;RPSA;RPL27A;RPL11;RPS4X;RPL39;FAU;RPS2;HSP90B1;RPS27;GAPDH;RPS15A;RPL30;RPL5;RPL37;SEC61B;RPLP0,MZB1;HSP90AA1;RPS21;XBP1;SERF2;HSPA5;RPL36;RPS19;RPS15;RPS16;TPT1;RPLP1;FTL;RPL34;RPL18;RPLP2;RPL9;RPS8;HLA-B;RPL18A;RPS3;RPS28;RPL13A;RPL37A;RPL8;TMSB10;RPS5;RPL27;RPS11;RPL28;RPS29;RPL14;RPL35;RPL35A;RPS24;RPL6;RPS6;RPS27A;RPL3;RPS7;RPS3A;RPS25;RPS14;RPL7A;CALR;RPL29;RPL23A;RPS18;RPL32;RPL19;RPS13;RPS9;RPSA;RPL27A;RPL11;RPS4X;RPL39;FAU;RPS2;HSP90B1;RPS27;GAPDH;RPS15A;RPL30;RPL5;RPL37;SEC61B;RPLP0;RPL41;RPS23;SSR4;PTMA;RPL10A;RPL21;PPIB;EEF1A1;PPIA;RPL12;SEC11C;B2M;RPL15;TUBA1B;EEF1B2;ACTG1;HMGB1;SUB1;TXNDC5,"[75, 996, 1679, 1799, 2068, 2084, 2297, 2336, 2583, 2683, 2707, 2741, 3009, 3066, 3110, 3161, 3204, 3240, 3273, 3274, 3341, 3464, 3478, 3513, 3549, 3661, 3685, 3894, 3907, 3938, 4056, 4093, 4163, 4202, 4212, 4220, 4340, 4464, 4465, 4486, 4491, 4542, 4601, 4603, 4607, 4699, 4751, 4800, 4803, 4864, 4883, 4925, 5014, 5032, 5044, 5294, 5363, 5365, 5472, 5669, 5753, 5812, 5993, 6030, 6075, 6213, 6228, 6265, 6566, 6735, 6863, 7036, 7111, 7173, 7668, 7718, 8153, 8419, 8448, 8759, 10085, 10112, 11512, 11600, 12555, 13814, 14592]",Tabula_Sapiens__Spleen-plasma Cell
Tabula_Sapiens,"Eye-cd4-positive, Alpha-Beta T Cell",prerank,0.5374604131967706,2.1522380033209094,0.0,0.0,0.0,57_87,57/87,28.80%,TCAP;LYZ;TM4SF1;IFITM3;HSP90AA1;SRGN;BTG1;S100A6;VIM;RPS21;RPL36;RPS19;RPS15;RPS16;TPT1;RPLP1;FTL;RPL34;RPL18;RPLP2;RPL9;RPS8;RPL18A;PMEL;RPS3;RPS28;RPL13A;RPL37A;ADAMTS1;RPL8;TMSB10;RPS11;RPL28;RPL38;RPS29;RPL14;RPL35;RPL35A;RPS24;RPS6;JAG1;RPS27A;RPL3;RPS7;RPS3A;RPS25;RPS14;RPL7A;RPL29;RPL23A;RPS18;RPL32;RPL19;RPS13;RPS9;RPL27A;RPL11,TCAP;LYZ;TM4SF1;IFITM3;HSP90AA1;SRGN;BTG1;S100A6;VIM;RPS21;RPL36;RPS19;RPS15;RPS16;TPT1;RPLP1;FTL;RPL34;RPL18;RPLP2;RPL9;RPS8;RPL18A;PMEL;RPS3;RPS28;RPL13A;RPL37A;ADAMTS1;RPL8;TMSB10;RPS11;RPL28;RPL38;RPS29;RPL14;RPL35;RPL35A;RPS24;RPS6;JAG1;RPS27A;RPL3;RPS7;RPS3A;RPS25;RPS14;RPL7A;RPL29;RPL23A;RPS18;RPL32;RPL19;RPS13;RPS9;RPL27A;RPL11;RPS4X;RPL39;FAU;RPS2;EIF1;SRP14;RPS27;RPS15A;RPL30;RPL5;RPL37;SRSF7;RPL41;RPS23;PTMA;RPL21;EEF1A1;FTH1;GPX3;RPL12;B2M;TMSB4X;MGP;DDX5;RPL15;SERPINE2;CCL4;LCN1;TYRP1;RPL26,"[40, 574, 694, 970, 996, 1146, 1239, 1299, 1399, 1679, 2297, 2336, 2583, 2683, 2707, 2741, 3009, 3066, 3110, 3161, 3204, 3240, 3274, 3294, 3341, 3464, 3478, 3513, 3516, 3549, 3661, 3907, 3938, 3947, 4056, 4093, 4163, 4202, 4212, 4340, 4378, 4464, 4465, 4486, 4491, 4542, 4601, 4603, 4699, 4751, 4800, 4803, 4864, 4883, 4925, 5032, 5044, 5294, 5363, 5365, 5472, 5574, 5729, 5753, 5993, 6030, 6075, 6213, 6320, 6566, 6735, 7036, 7173, 7718, 7728, 7997, 8419, 8759, 8993, 9257, 9867, 10085, 10488, 10797, 16185, 16195, 16730]","Tabula_Sapiens__Eye-cd4-positive, Alpha-Beta T Cell"
Tabula_Sapiens,Small Intestine-mast Cell,prerank,0.6029182939137651,2.4044311800628253,0.0,0.0,0.0,69_87,69/87,31.82%,NFKBIA;HSP90AA1;TSC22D3;SRGN;TNFAIP3;VIM;RPS21;RPL36;RPS19;RGS2;TPSAB1;HSP90AB1;RPS15;RPS16;TPT1;RPLP1;RGS1;IL1RL1;FTL;JUND;RPL34;RPL18;RPLP2;RPL9;RPS8;RPL18A;RPS3;RPS28;RPL13A;RPL37A;RPL8;RPS5;RPS11;RPL28;RPL38;RPS29;RPL14;RPS20;RPL35;RPL35A;RPS24;RPL6;RPS6;RPS27A;RPL3;RPS7;RPS3A;RPS25;RPS14;RPL7A;RPL29;RPL23A;RPS18;RPL32;UBA52;RPL19;RPS13;LMNA;RPL7;RPSA;RPL27A;RPL11;ANXA1;NACA;RPS4X;RPL39;FAU;RPS2;EIF1,NFKBIA;HSP90AA1;TSC22D3;SRGN;TNFAIP3;VIM;RPS21;RPL36;RPS19;RGS2;TPSAB1;HSP90AB1;RPS15;RPS16;TPT1;RPLP1;RGS1;IL1RL1;FTL;JUND;RPL34;RPL18;RPLP2;RPL9;RPS8;RPL18A;RPS3;RPS28;RPL13A;RPL37A;RPL8;RPS5;RPS11;RPL28;RPL38;RPS29;RPL14;RPS20;RPL35;RPL35A;RPS24;RPL6;RPS6;RPS27A;RPL3;RPS7;RPS3A;RPS25;RPS14;RPL7A;RPL29;RPL23A;RPS18;RPL32;UBA52;RPL19;RPS13;LMNA;RPL7;RPSA;RPL27A;RPL11;ANXA1;NACA;RPS4X;RPL39;FAU;RPS2;EIF1;RPS27;RPS15A;RPL30;RPL5;RPL37;RPL41;RPS23;HLA-A;PTMA;RPL10A;RPL21;EEF1A1;FTH1;RPL12;B2M;TMSB4X;RPL15;RPL26,"[438, 996, 1034, 1146, 1329, 1399, 1679, 2297, 2336, 2412, 2414, 2454, 2583, 2683, 2707, 2741, 2808, 2840, 3009, 3051, 3066, 3110, 3161, 3204, 3240, 3274, 3341, 3464, 3478, 3513, 3549, 3685, 3907, 3938, 3947, 4056, 4093, 4125, 4163, 4202, 4212, 4220, 4340, 4464, 4465, 4486, 4491, 4542, 4601, 4603, 4699, 4751, 4800, 4803, 4863, 4864, 4883, 4905, 4984, 5014, 5032, 5044, 5053, 5174, 5294, 5363, 5365, 5472, 5574, 5753, 5993, 6030, 6075, 6213, 6566, 6735, 7026, 7036, 7111, 7173, 7718, 7728, 8419, 8759, 8993, 10085, 16730]",Tabula_Sapiens__Small Intestine-mast Cell
Tabula_Sapiens,"Thymus-cd8-positive, Alpha-Beta Cytotoxic T Cell",prerank,0.5894214456446418,2.3585705181454744,0.0,0.0,0.0,65_90,65/90,31.82%,CXCR4;S100A4;IL32;NFKBIA;IL7R;TSC22D3;SRGN;FOS;BTG1;ZFP36L2;VIM;RPS21;ZFP36;RPL36;RPS19;RPS15;RPS16;TPT1;RPLP1;FTL;JUND;RPL34;RPL18;RPLP2;RPL9;RPS8;HLA-B;RPL18A;RPS3;RPS28;RPL13A;RPL37A;RPL8;TMSB10;RPS5;RPL28;RPS29;RPL14;RPL35A;RPS24;RPL6;RPS6;RPS27A;RPL3;RPS7;RPS3A;RPS25;RPS14;RPL7A;RPL29;RPS18;RPL32;RPL19;RPS13;RPS9;RPSA;HLA-C;RPL11;NACA;RPS4X;RPL39;FAU;RPS2;CCL5;EIF1,CXCR4;S100A4;IL32;NFKBIA;IL7R;TSC22D3;SRGN;FOS;BTG1;ZFP36L2;VIM;RPS21;ZFP36;RPL36;RPS19;RPS15;RPS16;TPT1;RPLP1;FTL;JUND;RPL34;RPL18;RPLP2;RPL9;RPS8;HLA-B;RPL18A;RPS3;RPS28;RPL13A;RPL37A;RPL8;TMSB10;RPS5;RPL28;RPS29;RPL14;RPL35A;RPS24;RPL6;RPS6;RPS27A;RPL3;RPS7;RPS3A;RPS25;RPS14;RPL7A;RPL29;RPS18;RPL32;RPL19;RPS13;RPS9;RPSA;HLA-C;RPL11;NACA;RPS4X;RPL39;FAU;RPS2;CCL5;EIF1;RPS27;GAPDH;PFN1;RPS15A;RPL30;RPL5;RPL37;RPLP0;RPL41;RPS23;HLA-A;PTMA;RPL10A;RPL21;EEF1A1;FTH1;HSPA8;RPL12;DUSP2;B2M;TMSB4X;RPL15;CCL4;ACTG1;CD69,"[50, 245, 314, 438, 1012, 1034, 1146, 1219, 1239, 1382, 1399, 1679, 1852, 2297, 2336, 2583, 2683, 2707, 2741, 3009, 3051, 3066, 3110, 3161, 3204, 3240, 3273, 3274, 3341, 3464, 3478, 3513, 3549, 3661, 3685, 3938, 4056, 4093, 4202, 4212, 4220, 4340, 4464, 4465, 4486, 4491, 4542, 4601, 4603, 4699, 4800, 4803, 4864, 4883, 4925, 5014, 5034, 5044, 5174, 5294, 5363, 5365, 5472, 5546, 5574, 5753, 5812, 5977, 5993, 6030, 6075, 6213, 6265, 6566, 6735, 7026, 7036, 7111, 7173, 7718, 7728, 7892, 8419, 8683, 8759, 8993, 10085, 10797, 11600, 16391]","Tabula_Sapiens__Thymus-cd8-positive, Alpha-Beta Cytotoxic T Cell"
Tabula_Sapiens,Trachea-serous Cell Of Epithelium Of Trachea,prerank,0.5676743163312066,2.2690833399909187,0.0,0.0,0.0,61_86,61/86,28.85%,SLPI;AZGP1;LYZ;CLU;LCN2;S100A9;FCGBP;CD74;S100A11;KRT19;S100A6;BPIFB1;ZFP36L1;RPS21;XBP1;SERF2;ZG16B;RPL36;RPS19;JUN;RPS15;RPS16;TPT1;RPLP1;RPL34;RPL18;RPLP2;RPL9;RPS8;HLA-B;RPL18A;RPS3;RPS28;RPL13A;RPL37A;RPL8;TMSB10;RPS11;RPL28;RPS29;RPL14;RPL35A;RPS24;RPL6;RPS6;RPS27A;RPL3;RPS3A;RPS25;RPS14;RPL7A;RPL29;RPL23A;RPS18;RPL32;RPL19;RPS13;RPS9;RPL27A;RPL11;ANXA1,SLPI;AZGP1;LYZ;CLU;LCN2;S100A9;FCGBP;CD74;S100A11;KRT19;S100A6;BPIFB1;ZFP36L1;RPS21;XBP1;SERF2;ZG16B;RPL36;RPS19;JUN;RPS15;RPS16;TPT1;RPLP1;RPL34;RPL18;RPLP2;RPL9;RPS8;HLA-B;RPL18A;RPS3;RPS28;RPL13A;RPL37A;RPL8;TMSB10;RPS11;RPL28;RPS29;RPL14;RPL35A;RPS24;RPL6;RPS6;RPS27A;RPL3;RPS3A;RPS25;RPS14;RPL7A;RPL29;RPL23A;RPS18;RPL32;RPL19;RPS13;RPS9;RPL27A;RPL11;ANXA1;RPS4X;LTF;RPL39;RPS2;LGALS3;RPS27;GAPDH;RPS15A;RPL30;RPL37;RPLP0;RPL41;RPS23;PTMA;RPL21;EEF1A1;FTH1;WFDC2;RPL12;B2M;RPL15;SCGB3A1;RARRES1;MUC5B;DMBT1,"[42, 100, 574, 751, 756, 820, 854, 908, 1102, 1151, 1299, 1569, 1595, 1679, 1799, 2068, 2171, 2297, 2336, 2405, 2583, 2683, 2707, 2741, 3066, 3110, 3161, 3204, 3240, 3273, 3274, 3341, 3464, 3478, 3513, 3549, 3661, 3907, 3938, 4056, 4093, 4202, 4212, 4220, 4340, 4464, 4465, 4491, 4542, 4601, 4603, 4699, 4751, 4800, 4803, 4864, 4883, 4925, 5032, 5044, 5053, 5294, 5338, 5363, 5472, 5562, 5753, 5812, 5993, 6030, 6213, 6265, 6566, 6735, 7036, 7173, 7718, 7728, 7784, 8419, 8759, 10085, 11110, 12374, 16962, 17364]",Tabula_Sapiens__Trachea-serous Cell Of Epithelium Of Trachea
Tabula_Sapiens,Lymph Node-non-classical Monocyte,prerank,0.6570761785577675,2.61103727636721,0.0,0.0,0.0,50_88,50/88,21.02%,G0S2;HSPA1A;S100A8;S100A4;CEBPD;C1QB;NFKBIA;HMOX1;LYZ;F13A1;TYROBP;S100A9;HLA-DRA;CXCL3;PNRC1;CD74;HSP90AA1;S100A11;SRGN;FOS;S100A6;TNFAIP3;VIM;S100A10;ZFP36L1;NFKBIZ;CTSS;ZFP36;SERF2;RPS19;JUN;GPX1;RPS15;IL1B;CSTB;TPT1;RPLP1;SH3BGRL3;GLUL;FTL;RPL34;OAZ1;RPS8;RPL18A;SGK1;RPS28;RPL37A;KLF6;TMSB10;YBX1,G0S2;HSPA1A;S100A8;S100A4;CEBPD;C1QB;NFKBIA;HMOX1;LYZ;F13A1;TYROBP;S100A9;HLA-DRA;CXCL3;PNRC1;CD74;HSP90AA1;S100A11;SRGN;FOS;S100A6;TNFAIP3;VIM;S100A10;ZFP36L1;NFKBIZ;CTSS;ZFP36;SERF2;RPS19;JUN;GPX1;RPS15;IL1B;CSTB;TPT1;RPLP1;SH3BGRL3;GLUL;FTL;RPL34;OAZ1;RPS8;RPL18A;SGK1;RPS28;RPL37A;KLF6;TMSB10;YBX1;RPS11;RPL28;RPS24;ATF3;RPS14;RPS18;RPL32;RPL19;RPS13;RPL11;ANXA1;MYL6;RPL39;EIF1;RPS27;GAPDH;PFN1;RPL30;AIF1;RPL37;CST3;RPL41;RPS23;PTMA;CCL4L2;EEF1A1;FTH1;RPL12;B2M;TMSB4X;NAMPT;SOD2;TFRC;THBS1;EREG;ZFAND5;HNRNPU;FABP5,"[1, 2, 157, 245, 312, 399, 438, 444, 574, 631, 656, 820, 855, 873, 875, 908, 996, 1102, 1146, 1219, 1299, 1329, 1399, 1551, 1595, 1641, 1687, 1852, 2068, 2336, 2405, 2540, 2583, 2654, 2706, 2707, 2741, 2777, 2868, 3009, 3066, 3070, 3240, 3274, 3436, 3464, 3513, 3544, 3661, 3681, 3907, 3938, 4212, 4249, 4601, 4800, 4803, 4864, 4883, 5044, 5053, 5081, 5363, 5574, 5753, 5812, 5977, 6030, 6152, 6213, 6273, 6566, 6735, 7036, 7512, 7718, 7728, 8419, 8759, 8993, 9148, 9365, 10683, 10764, 11223, 12247, 12398, 14946]",Tabula_Sapiens__Lymph Node-non-classical Monocyte
Tabula_Sapiens,Pancreas-plasma Cell,prerank,0.520365785643239,2.0820521767424656,0.0,0.0,0.0,62_89,62/89,32.85%,MZB1;CYBA;DERL3;RPS21;XBP1;SERF2;HERPUD1;RPL36;RPS19;RPS15;RABAC1;RPS16;TPT1;RPLP1;FTL;RPL34;CD63;RPL18;RPLP2;RPL9;RPS8;RPL18A;RPS3;RPS28;RPL13A;RPL37A;RPL8;RPS5;RPS11;RPL28;RPS29;RPL14;RPL35;RPL35A;RPS24;RPL6;RPS6;RPS27A;RPL3;RPS7;RPS3A;RPS25;RPS14;RPL7A;RPL29;RPL23A;RPS18;RPL32;UBA52;RPL19;RPS13;RPS9;RPL27A;RPL11;RPS4X;RPL39;FAU;RPS2;EIF1;HSP90B1;TXNIP;RPS27,MZB1;CYBA;DERL3;RPS21;XBP1;SERF2;HERPUD1;RPL36;RPS19;RPS15;RABAC1;RPS16;TPT1;RPLP1;FTL;RPL34;CD63;RPL18;RPLP2;RPL9;RPS8;RPL18A;RPS3;RPS28;RPL13A;RPL37A;RPL8;RPS5;RPS11;RPL28;RPS29;RPL14;RPL35;RPL35A;RPS24;RPL6;RPS6;RPS27A;RPL3;RPS7;RPS3A;RPS25;RPS14;RPL7A;RPL29;RPL23A;RPS18;RPL32;UBA52;RPL19;RPS13;RPS9;RPL27A;RPL11;RPS4X;RPL39;FAU;RPS2;EIF1;HSP90B1;TXNIP;RPS27;RPS15A;RPL30;RPL5;RPL37;SEC61B;RPLP0;RPL41;RPS23;SSR4;PTMA;RPL10A;RPL21;PPIB;EEF1A1;TMEM258;SPCS2;RPL12;SEC11C;B2M;FKBP11;RPL15;PRDX4;EEF1B2;SSR3;SUB1;SPCS1;RPL26,"[75, 470, 1055, 1679, 1799, 2068, 2276, 2297, 2336, 2583, 2676, 2683, 2707, 2741, 3009, 3066, 3076, 3110, 3161, 3204, 3240, 3274, 3341, 3464, 3478, 3513, 3549, 3685, 3907, 3938, 4056, 4093, 4163, 4202, 4212, 4220, 4340, 4464, 4465, 4486, 4491, 4542, 4601, 4603, 4699, 4751, 4800, 4803, 4863, 4864, 4883, 4925, 5032, 5044, 5294, 5363, 5365, 5472, 5574, 5669, 5739, 5753, 5993, 6030, 6075, 6213, 6228, 6265, 6566, 6735, 6863, 7036, 7111, 7173, 7668, 7718, 8017, 8200, 8419, 8448, 8759, 9714, 10085, 10203, 11512, 13471, 13814, 14777, 16730]",Tabula_Sapiens__Pancreas-plasma Cell
Tabula_Sapiens,Spleen-neutrophil,prerank,0.7236626022572971,2.909064020095324,0.0,0.0,0.0,55_85,55/85,17.53%,G0S2;S100A12;IL1R2;VNN2;S100A8;S100P;S100A4;CST7;PLAUR;CEBPD;NFKBIA;SERPINA1;CEBPB;CYBA;C5AR1;IFITM2;TYROBP;SPI1;IL1RN;S100A9;IFITM1;CSF3R;FCER1G;PNRC1;TSPO;LAPTM5;IRAK3;IFITM3;FPR1;ALOX5AP;S100A11;BCL2A1;SRGN;FOS;BTG1;S100A6;TNFAIP3;VIM;MCL1;GMFG;NFKBIZ;ZFP36;YPEL3;IER2;IER3;PPP1R15A;PTPRC;PLEK;MXD1;IL1B;TPT1;SH3BGRL3;HLA-E;FTL;OAZ1,G0S2;S100A12;IL1R2;VNN2;S100A8;S100P;S100A4;CST7;PLAUR;CEBPD;NFKBIA;SERPINA1;CEBPB;CYBA;C5AR1;IFITM2;TYROBP;SPI1;IL1RN;S100A9;IFITM1;CSF3R;FCER1G;PNRC1;TSPO;LAPTM5;IRAK3;IFITM3;FPR1;ALOX5AP;S100A11;BCL2A1;SRGN;FOS;BTG1;S100A6;TNFAIP3;VIM;MCL1;GMFG;NFKBIZ;ZFP36;YPEL3;IER2;IER3;PPP1R15A;PTPRC;PLEK;MXD1;IL1B;TPT1;SH3BGRL3;HLA-E;FTL;OAZ1;HLA-B;MYL12A;SAMSN1;HLA-C;MYL6;EIF1;TXNIP;PFN1;SDCBP;RNF149;IVNS1ABP;HLA-A;CD55;FTH1;B2M;TMSB4X;NAMPT;MNDA;ACSL1;SOD2;BTG2;BASP1;ITM2B;ACTG1;AQP9;SLC25A37;PTGS2;SORL1;LITAF;GCA,"[1, 11, 33, 117, 157, 233, 245, 291, 295, 312, 438, 459, 464, 470, 497, 633, 656, 677, 793, 820, 842, 848, 857, 875, 915, 919, 950, 970, 1004, 1045, 1102, 1133, 1146, 1219, 1239, 1299, 1329, 1399, 1560, 1575, 1641, 1852, 1965, 2071, 2252, 2264, 2422, 2474, 2544, 2654, 2707, 2777, 2908, 3009, 3070, 3273, 3359, 4147, 5034, 5081, 5574, 5739, 5977, 5990, 6038, 6723, 7026, 7327, 7728, 8759, 8993, 9148, 9168, 9364, 9365, 9417, 10595, 11214, 11600, 12114, 12360, 13656, 14179, 14933, 16271]",Tabula_Sapiens__Spleen-neutrophil
Tabula_Sapiens,"Blood-cd8-positive, Alpha-Beta T Cell",prerank,0.5283432473603462,2.1292955019588033,0.0,0.0,0.0,67_89,67/89,31.82%,S100A4;IL32;CD52;IL7R;BTG1;ZFP36L2;RPS21;RPL36;RPS19;RPS15;RPS16;TPT1;RPLP1;HLA-E;FTL;RPS10;RPL34;RPL18;RPLP2;RPL9;RPS8;HLA-B;RPL18A;RPS3;MYL12A;RPS26;RPS28;RPL13A;RPL37A;RPL8;TMSB10;RPS5;RPS11;RPL28;RPS29;RPL14;RPL35;RPL35A;RPS24;RPL6;RPS6;RPS27A;RPL3;RPS7;RPS3A;RPS25;RPS14;RPL7A;RPL29;RPL23A;RPS18;RPL32;UBA52;RPL19;RPS13;RPS9;RPSA;RPL27A;HLA-C;RPL11;NACA;RPS4X;RPL39;FAU;RPS2;CCL5;EIF1,S100A4;IL32;CD52;IL7R;BTG1;ZFP36L2;RPS21;RPL36;RPS19;RPS15;RPS16;TPT1;RPLP1;HLA-E;FTL;RPS10;RPL34;RPL18;RPLP2;RPL9;RPS8;HLA-B;RPL18A;RPS3;MYL12A;RPS26;RPS28;RPL13A;RPL37A;RPL8;TMSB10;RPS5;RPS11;RPL28;RPS29;RPL14;RPL35;RPL35A;RPS24;RPL6;RPS6;RPS27A;RPL3;RPS7;RPS3A;RPS25;RPS14;RPL7A;RPL29;RPL23A;RPS18;RPL32;UBA52;RPL19;RPS13;RPS9;RPSA;RPL27A;HLA-C;RPL11;NACA;RPS4X;RPL39;FAU;RPS2;CCL5;EIF1;TXNIP;RPS27;RPS15A;RPL30;RPL5;RPL37;RPL41;RPS23;HLA-A;PTMA;RPL10A;RPL21;EEF1A1;GNLY;RPL12;B2M;TMSB4X;RPL15;ACTG1;NKG7;RPL26;GZMA,"[245, 314, 830, 1012, 1239, 1382, 1679, 2297, 2336, 2583, 2683, 2707, 2741, 2908, 3009, 3058, 3066, 3110, 3161, 3204, 3240, 3273, 3274, 3341, 3359, 3446, 3464, 3478, 3513, 3549, 3661, 3685, 3907, 3938, 4056, 4093, 4163, 4202, 4212, 4220, 4340, 4464, 4465, 4486, 4491, 4542, 4601, 4603, 4699, 4751, 4800, 4803, 4863, 4864, 4883, 4925, 5014, 5032, 5034, 5044, 5174, 5294, 5363, 5365, 5472, 5546, 5574, 5739, 5753, 5993, 6030, 6075, 6213, 6566, 6735, 7026, 7036, 7111, 7173, 7718, 8051, 8419, 8759, 8993, 10085, 11600, 15287, 16730, 17331]","Tabula_Sapiens__Blood-cd8-positive, Alpha-Beta T Cell"
Tabula_Sapiens,Kidney-macrophage,prerank,0.6041584974405432,2.4114899944796875,0.0,0.0,0.0,70_88,70/88,32.85%,S100A8;S100A4;LYZ;TYROBP;CD163;S100A9;HLA-DRA;CD74;S100A11;SRGN;FOS;S100A6;VIM;RPS21;CTSS;RPL36;RPS19;RPS15;RPS16;TPT1;RPLP1;SH3BGRL3;FTL;RPL34;OAZ1;RPL18;RPLP2;RPL9;RPS8;HLA-B;RPL18A;RPS3;RPS28;RPL13A;RPL37A;RPL8;TMSB10;RPS11;RPL28;RPL38;RPS29;RPS20;RPL35A;RPS24;RPL6;RPS6;RPS27A;RPL3;RPS7;RPS3A;RPS14;RPL7A;RPL29;RPS18;RPL32;UBA52;RPL19;RPS13;RPS9;RPL27A;RPL11;NACA;RPS4X;RPL39;FAU;RPS2;EIF1;CTSB;TXNIP;RPS27,S100A8;S100A4;LYZ;TYROBP;CD163;S100A9;HLA-DRA;CD74;S100A11;SRGN;FOS;S100A6;VIM;RPS21;CTSS;RPL36;RPS19;RPS15;RPS16;TPT1;RPLP1;SH3BGRL3;FTL;RPL34;OAZ1;RPL18;RPLP2;RPL9;RPS8;HLA-B;RPL18A;RPS3;RPS28;RPL13A;RPL37A;RPL8;TMSB10;RPS11;RPL28;RPL38;RPS29;RPS20;RPL35A;RPS24;RPL6;RPS6;RPS27A;RPL3;RPS7;RPS3A;RPS14;RPL7A;RPL29;RPS18;RPL32;UBA52;RPL19;RPS13;RPS9;RPL27A;RPL11;NACA;RPS4X;RPL39;FAU;RPS2;EIF1;CTSB;TXNIP;RPS27;RPS15A;RPL30;RPL5;AIF1;RPL37;CST3;PABPC1;RPL41;RPS23;PTMA;RPL21;EEF1A1;FTH1;RPL12;B2M;TMSB4X;RPL15;RPL26,"[157, 245, 574, 656, 818, 820, 855, 908, 1102, 1146, 1219, 1299, 1399, 1679, 1687, 2297, 2336, 2583, 2683, 2707, 2741, 2777, 3009, 3066, 3070, 3110, 3161, 3204, 3240, 3273, 3274, 3341, 3464, 3478, 3513, 3549, 3661, 3907, 3938, 3947, 4056, 4125, 4202, 4212, 4220, 4340, 4464, 4465, 4486, 4491, 4601, 4603, 4699, 4800, 4803, 4863, 4864, 4883, 4925, 5032, 5044, 5174, 5294, 5363, 5365, 5472, 5574, 5660, 5739, 5753, 5993, 6030, 6075, 6152, 6213, 6273, 6350, 6566, 6735, 7036, 7173, 7718, 7728, 8419, 8759, 8993, 10085, 16730]",Tabula_Sapiens__Kidney-macrophage
Tabula_Sapiens,Bone Marrow-myeloid Progenitor,prerank,0.525571037493834,2.0850665364915515,0.0,0.0,0.0,61_87,61/87,31.24%,HSP90AA1;RPS21;RPL36;RPS19;HSP90AB1;RPS15;RPS16;TPT1;RPLP1;RPL34;RPL18;RPLP2;RPL9;RPS8;RPL18A;RPS3;RPS28;RPL13A;RPL37A;RPL8;RPL31;TMSB10;YBX1;RPS5;RPL27;RPS11;RPL28;RPL38;RPS29;RPL14;RPS20;RPL35;RPL35A;RPS24;RPL6;RPS6;RPS27A;RPL3;RPS7;RPS3A;RPS25;RPS14;RPL7A;RPL29;RPL23A;RPS18;RPL32;UBA52;RPL19;RPS13;RPS9;RPL7;RPSA;RPL27A;RPL11;NACA;RPS4X;RPL4;RPL39;FAU;RPS2,HSP90AA1;RPS21;RPL36;RPS19;HSP90AB1;RPS15;RPS16;TPT1;RPLP1;RPL34;RPL18;RPLP2;RPL9;RPS8;RPL18A;RPS3;RPS28;RPL13A;RPL37A;RPL8;RPL31;TMSB10;YBX1;RPS5;RPL27;RPS11;RPL28;RPL38;RPS29;RPL14;RPS20;RPL35;RPL35A;RPS24;RPL6;RPS6;RPS27A;RPL3;RPS7;RPS3A;RPS25;RPS14;RPL7A;RPL29;RPL23A;RPS18;RPL32;UBA52;RPL19;RPS13;RPS9;RPL7;RPSA;RPL27A;RPL11;NACA;RPS4X;RPL4;RPL39;FAU;RPS2;RPS27;GAPDH;RPS15A;RPL30;RPL5;RPL22;RPL37;RPLP0;RPL41;RPS23;PTMA;RPL10A;RPL21;HNRNPA2B1;EEF1A1;FTH1;PPIA;RPL12;B2M;TMSB4X;RPL15;EEF1B2;HMGB1;NPM1;HNRNPA1;RPL26,"[996, 1679, 2297, 2336, 2454, 2583, 2683, 2707, 2741, 3066, 3110, 3161, 3204, 3240, 3274, 3341, 3464, 3478, 3513, 3549, 3614, 3661, 3681, 3685, 3894, 3907, 3938, 3947, 4056, 4093, 4125, 4163, 4202, 4212, 4220, 4340, 4464, 4465, 4486, 4491, 4542, 4601, 4603, 4699, 4751, 4800, 4803, 4863, 4864, 4883, 4925, 4984, 5014, 5032, 5044, 5174, 5294, 5360, 5363, 5365, 5472, 5753, 5812, 5993, 6030, 6075, 6109, 6213, 6265, 6566, 6735, 7036, 7111, 7173, 7364, 7718, 7728, 8153, 8419, 8759, 8993, 10085, 11512, 12555, 12801, 13047, 16730]",Tabula_Sapiens__Bone Marrow-myeloid Progenitor
Tabula_Sapiens,Thymus-medullary Thymic Epithelial Cell,prerank,0.5888949102458714,2.3796319845412217,0.0,0.0,0.0,65_90,65/90,30.63%,SLPI;MT2A;KRT18;C3;IFITM3;KRT19;FOS;S100A6;TIMP1;S100A10;KRT8;RPS21;SERPING1;RPL36;RPS19;JUN;RPS15;RPS16;TPT1;RPLP1;FTL;RPL34;RPL18;RPLP2;RPL9;RPS8;RPL18A;RPS3;RPS28;RPL13A;RPL37A;RPL8;TMSB10;RPS5;RPS11;RPL28;RPS29;RPL14;RPS20;RPL35;RPL35A;RPS24;RPL6;RPS6;RPS27A;RPL3;RPS7;RPS3A;RPS25;RPS14;RPL7A;RPL29;RPL23A;RPS18;RPL32;RPL19;RPS13;RPS9;RPL7;RPSA;RPL11;NACA;RPS4X;RPL39;FAU,SLPI;MT2A;KRT18;C3;IFITM3;KRT19;FOS;S100A6;TIMP1;S100A10;KRT8;RPS21;SERPING1;RPL36;RPS19;JUN;RPS15;RPS16;TPT1;RPLP1;FTL;RPL34;RPL18;RPLP2;RPL9;RPS8;RPL18A;RPS3;RPS28;RPL13A;RPL37A;RPL8;TMSB10;RPS5;RPS11;RPL28;RPS29;RPL14;RPS20;RPL35;RPL35A;RPS24;RPL6;RPS6;RPS27A;RPL3;RPS7;RPS3A;RPS25;RPS14;RPL7A;RPL29;RPL23A;RPS18;RPL32;RPL19;RPS13;RPS9;RPL7;RPSA;RPL11;NACA;RPS4X;RPL39;FAU;RPS2;EIF1;RPS27;GAPDH;RPS15A;RPL30;RPL5;RPL37;RPLP0;CST3;RPL41;RPS23;PTMA;RPL10A;RPL21;EEF1A1;FTH1;RPL12;B2M;TMSB4X;EEF2;RPL15;ACTG1;RARRES1;RPL26,"[42, 145, 166, 554, 970, 1151, 1219, 1299, 1515, 1551, 1580, 1679, 2181, 2297, 2336, 2405, 2583, 2683, 2707, 2741, 3009, 3066, 3110, 3161, 3204, 3240, 3274, 3341, 3464, 3478, 3513, 3549, 3661, 3685, 3907, 3938, 4056, 4093, 4125, 4163, 4202, 4212, 4220, 4340, 4464, 4465, 4486, 4491, 4542, 4601, 4603, 4699, 4751, 4800, 4803, 4864, 4883, 4925, 4984, 5014, 5044, 5174, 5294, 5363, 5365, 5472, 5574, 5753, 5812, 5993, 6030, 6075, 6213, 6265, 6273, 6566, 6735, 7036, 7111, 7173, 7718, 7728, 8419, 8759, 8993, 9092, 10085, 11600, 12374, 16730]",Tabula_Sapiens__Thymus-medullary Thymic Epithelial Cell
Tabula_Sapiens,Salivary Gland-fibroblast,prerank,0.5264716457419516,2.0551513634683327,0.0,0.0,0.0,64_84,64/84,35.81%,MT2A;ADH1B;IFITM3;IGFBP6;FOS;S100A6;DCN;VIM;IGFBP5;RPS19;JUN;APOD;RPS15;TIMP3;RPS16;TPT1;RPLP1;FTL;RPL34;RPL18;RPLP2;RPL9;RPS8;RPL18A;RPS3;RPS28;RPL13A;RPL37A;MGST1;RPL8;APOE;RPS11;RPL28;RPL14;RPL35A;RPS24;RPL6;RPS6;RPS27A;RPL3;RPS3A;RPS14;RPL7A;RPL29;RPS18;RPL32;RPL19;RPS13;RPS9;RPL11;RPS4X;RPL39;GSN;RPS2;EIF1;TXNIP;RPS27;RPS15A;RPL30;RPL5;SERPINF1;RPL37;RPLP0;CST3,MT2A;ADH1B;IFITM3;IGFBP6;FOS;S100A6;DCN;VIM;IGFBP5;RPS19;JUN;APOD;RPS15;TIMP3;RPS16;TPT1;RPLP1;FTL;RPL34;RPL18;RPLP2;RPL9;RPS8;RPL18A;RPS3;RPS28;RPL13A;RPL37A;MGST1;RPL8;APOE;RPS11;RPL28;RPL14;RPL35A;RPS24;RPL6;RPS6;RPS27A;RPL3;RPS3A;RPS14;RPL7A;RPL29;RPS18;RPL32;RPL19;RPS13;RPS9;RPL11;RPS4X;RPL39;GSN;RPS2;EIF1;TXNIP;RPS27;RPS15A;RPL30;RPL5;SERPINF1;RPL37;RPLP0;CST3;RPL41;RPS23;RPL10A;RPL21;EEF1A1;FTH1;FOSB;SPARCL1;GPX3;RPL12;COL4A2;TMSB4X;MGP;COL6A3;RPL15;CXCL14;IGFBP7;COL4A1;IGF1;RPL26,"[145, 648, 970, 1105, 1219, 1299, 1395, 1399, 1810, 2336, 2405, 2562, 2583, 2602, 2683, 2707, 2741, 3009, 3066, 3110, 3161, 3204, 3240, 3274, 3341, 3464, 3478, 3513, 3531, 3549, 3783, 3907, 3938, 4093, 4202, 4212, 4220, 4340, 4464, 4465, 4491, 4601, 4603, 4699, 4800, 4803, 4864, 4883, 4925, 5044, 5294, 5363, 5373, 5472, 5574, 5739, 5753, 5993, 6030, 6075, 6107, 6213, 6265, 6273, 6566, 6735, 7111, 7173, 7718, 7728, 7914, 7992, 7997, 8419, 8521, 8993, 9257, 9939, 10085, 10280, 11361, 11830, 16385, 16730]",Tabula_Sapiens__Salivary Gland-fibroblast
Tabula_Sapiens,Lung-capillary Endothelial Cell,prerank,0.5889118933083918,2.362401971338763,0.0,0.0,0.0,44_86,44/86,19.78%,MT1M;MT2A;SOCS3;MT1E;CEBPD;MT1X;LRRC32;IFITM2;TM4SF1;GADD45B;CLDN5;KLF2;IFITM3;EGFL7;HYAL2;S100A6;FAM107A;RGCC;VIM;STOM;S100A10;ZFP36L1;SLC9A3R2;SLC6A4;GNG11;ZFP36;FCN3;VWF;TFPI;CD59;IER2;ADIRF;THBD;TIMP3;TPT1;RPLP1;HLA-E;FTL;RPL34;RPS8;HLA-B;IFI27;MYL12A;RPS28,MT1M;MT2A;SOCS3;MT1E;CEBPD;MT1X;LRRC32;IFITM2;TM4SF1;GADD45B;CLDN5;KLF2;IFITM3;EGFL7;HYAL2;S100A6;FAM107A;RGCC;VIM;STOM;S100A10;ZFP36L1;SLC9A3R2;SLC6A4;GNG11;ZFP36;FCN3;VWF;TFPI;CD59;IER2;ADIRF;THBD;TIMP3;TPT1;RPLP1;HLA-E;FTL;RPL34;RPS8;HLA-B;IFI27;MYL12A;RPS28;TMSB10;RPL28;LY6E;RPS27A;RPS14;RPS18;RPL32;HLA-C;RPL11;MYL6;ARHGAP29;RPS4X;FAU;ID1;EIF1;IFNGR1;TXNIP;RPS27;RPL30;RPL41;RPS23;RAMP2;CALCRL;HLA-A;PTMA;EEF1A1;FTH1;EPAS1;SPARCL1;B2M;TMSB4X;MYL12B;DDX5;SPARC;ITM2B;ACTG1;CALM1;F8;CAV1;RTN4;RNASE1;HBB,"[126, 145, 158, 308, 312, 318, 402, 633, 694, 762, 781, 811, 970, 1001, 1134, 1299, 1332, 1356, 1399, 1517, 1551, 1595, 1788, 1802, 1851, 1852, 1910, 1921, 1966, 2017, 2071, 2504, 2546, 2602, 2707, 2741, 2908, 3009, 3066, 3240, 3273, 3312, 3359, 3464, 3661, 3938, 4330, 4464, 4601, 4800, 4803, 5034, 5044, 5081, 5187, 5294, 5365, 5430, 5574, 5652, 5739, 5753, 6030, 6566, 6735, 6745, 6831, 7026, 7036, 7718, 7728, 7874, 7992, 8759, 8993, 9029, 9867, 9882, 11214, 11600, 13283, 13730, 13967, 13972, 16286, 17414]",Tabula_Sapiens__Lung-capillary Endothelial Cell
Tabula_Sapiens,Large Intestine-intestinal Crypt Stem Cell,prerank,0.5100647386731196,2.0282161389218265,0.0,0.0,0.0,64_88,64/88,30.63%,HSPA1A;HSP90AA1;FOS;KRT8;RPS21;RPL36;RPS19;JUN;HSP90AB1;RPS15;RPS16;TPT1;RPLP1;FTL;JUND;RPL34;RPL18;RPLP2;RPL9;RPS8;RPL18A;RPS3;RPS26;RPS28;RPL13A;RPL37A;KLF6;RPL8;RPL31;TMSB10;RPS5;RPS11;CLDN4;RPL28;RPL38;RPS29;RPL14;RPS20;RPL35;RPL35A;RPS24;RPL6;RPS6;RPS27A;RPL3;RPS7;RPS3A;RPS25;RPS14;RPL7A;RPL29;RPL23A;RPS18;RPL32;RPL19;RPS13;RPS9;RPSA;RPL27A;RPL11;NACA;RPS4X;RPL39;FAU,HSPA1A;HSP90AA1;FOS;KRT8;RPS21;RPL36;RPS19;JUN;HSP90AB1;RPS15;RPS16;TPT1;RPLP1;FTL;JUND;RPL34;RPL18;RPLP2;RPL9;RPS8;RPL18A;RPS3;RPS26;RPS28;RPL13A;RPL37A;KLF6;RPL8;RPL31;TMSB10;RPS5;RPS11;CLDN4;RPL28;RPL38;RPS29;RPL14;RPS20;RPL35;RPL35A;RPS24;RPL6;RPS6;RPS27A;RPL3;RPS7;RPS3A;RPS25;RPS14;RPL7A;RPL29;RPL23A;RPS18;RPL32;RPL19;RPS13;RPS9;RPSA;RPL27A;RPL11;NACA;RPS4X;RPL39;FAU;RPS2;PRDX5;RPS27;RPS15A;RPL30;RPL5;RPL37;LGALS4;RPLP0;RPL41;RPS23;PTMA;RPL10A;RPL21;EEF1A1;FTH1;RPL12;TMSB4X;RPL15;EEF1B2;ACTG1;RPL26;TSPAN8;CLDN3,"[2, 996, 1219, 1580, 1679, 2297, 2336, 2405, 2454, 2583, 2683, 2707, 2741, 3009, 3051, 3066, 3110, 3161, 3204, 3240, 3274, 3341, 3446, 3464, 3478, 3513, 3544, 3549, 3614, 3661, 3685, 3907, 3933, 3938, 3947, 4056, 4093, 4125, 4163, 4202, 4212, 4220, 4340, 4464, 4465, 4486, 4491, 4542, 4601, 4603, 4699, 4751, 4800, 4803, 4864, 4883, 4925, 5014, 5032, 5044, 5174, 5294, 5363, 5365, 5472, 5750, 5753, 5993, 6030, 6075, 6213, 6251, 6265, 6566, 6735, 7036, 7111, 7173, 7718, 7728, 8419, 8993, 10085, 11512, 11600, 16730, 16789, 17452]",Tabula_Sapiens__Large Intestine-intestinal Crypt Stem Cell
Tabula_Sapiens,Eye-plasma Cell,prerank,0.5965166968943537,2.3690838207137297,0.0,0.0,0.0,65_87,65/87,30.63%,HSPA1A;HSPA1B;MZB1;CYBA;HSP90AA1;TSC22D3;DERL3;FOS;VIM;RPS21;SERF2;HERPUD1;RPL36;RPS19;JUN;HSP90AB1;RPS15;RPS16;TPT1;RPLP1;FTL;JUND;RPL34;RPL18;RPLP2;RPL9;RPS8;HLA-B;RPL18A;RPS3;RPS28;RPL13A;RPL37A;KLF6;RPL8;RPS5;RPS11;RPL28;RPS29;RPL14;RPL35;RPL35A;RPS24;RPL6;RPS6;RPS27A;RPL3;RPS7;RPS3A;RPS25;RPS14;RPL7A;RPL29;RPL23A;RPS18;RPL32;RPL19;RPS13;RPS9;RPL27A;RPL11;NACA;RPS4X;RPL39;FAU,HSPA1A;HSPA1B;MZB1;CYBA;HSP90AA1;TSC22D3;DERL3;FOS;VIM;RPS21;SERF2;HERPUD1;RPL36;RPS19;JUN;HSP90AB1;RPS15;RPS16;TPT1;RPLP1;FTL;JUND;RPL34;RPL18;RPLP2;RPL9;RPS8;HLA-B;RPL18A;RPS3;RPS28;RPL13A;RPL37A;KLF6;RPL8;RPS5;RPS11;RPL28;RPS29;RPL14;RPL35;RPL35A;RPS24;RPL6;RPS6;RPS27A;RPL3;RPS7;RPS3A;RPS25;RPS14;RPL7A;RPL29;RPL23A;RPS18;RPL32;RPL19;RPS13;RPS9;RPL27A;RPL11;NACA;RPS4X;RPL39;FAU;RPS2;EIF1;HSP90B1;RPS27;RPS15A;RPL30;RPL5;RPL37;RPLP0;RPL41;RPS23;SSR4;PTMA;RPL21;EEF1A1;RPL12;SEC11C;B2M;TMSB4X;RPL15;LCN1;RPL26,"[2, 7, 75, 470, 996, 1034, 1055, 1219, 1399, 1679, 2068, 2276, 2297, 2336, 2405, 2454, 2583, 2683, 2707, 2741, 3009, 3051, 3066, 3110, 3161, 3204, 3240, 3273, 3274, 3341, 3464, 3478, 3513, 3544, 3549, 3685, 3907, 3938, 4056, 4093, 4163, 4202, 4212, 4220, 4340, 4464, 4465, 4486, 4491, 4542, 4601, 4603, 4699, 4751, 4800, 4803, 4864, 4883, 4925, 5032, 5044, 5174, 5294, 5363, 5365, 5472, 5574, 5669, 5753, 5993, 6030, 6075, 6213, 6265, 6566, 6735, 6863, 7036, 7173, 7718, 8419, 8448, 8759, 8993, 10085, 16185, 16730]",Tabula_Sapiens__Eye-plasma Cell
Tabula_Sapiens,Liver-monocyte,prerank,0.6155364947236989,2.4417761075878923,0.0,0.0,0.0,56_86,56/86,27.88%,G0S2;S100A12;S100A8;S100A4;PLAUR;NFKBIA;CEBPB;CYBA;LYZ;S100A9;HLA-DRA;FCER1G;S100A11;SRGN;BTG1;S100A6;VIM;TIMP1;S100A10;CTSS;ZFP36;RPS19;RPS15;IL1B;LGALS1;TPT1;RPLP1;SH3BGRL3;COTL1;FTL;JUND;RPL34;OAZ1;RPLP2;VCAN;RPL9;RPS8;HLA-B;RPL18A;RPS28;TMSB10;CXCL2;RPS11;RPL28;RPS24;RPL6;RPS6;RPS27A;RPS7;RPS3A;RPS14;RPS18;RPL32;UBA52;RPL19;RPS13,G0S2;S100A12;S100A8;S100A4;PLAUR;NFKBIA;CEBPB;CYBA;LYZ;S100A9;HLA-DRA;FCER1G;S100A11;SRGN;BTG1;S100A6;VIM;TIMP1;S100A10;CTSS;ZFP36;RPS19;RPS15;IL1B;LGALS1;TPT1;RPLP1;SH3BGRL3;COTL1;FTL;JUND;RPL34;OAZ1;RPLP2;VCAN;RPL9;RPS8;HLA-B;RPL18A;RPS28;TMSB10;CXCL2;RPS11;RPL28;RPS24;RPL6;RPS6;RPS27A;RPS7;RPS3A;RPS14;RPS18;RPL32;UBA52;RPL19;RPS13;RPL11;NACA;RPS4X;RPL39;FAU;RPS2;EIF1;RPS27;GAPDH;RPS15A;RPL30;RPL37;CST3;PABPC1;RPL41;RPS23;PTMA;RPL21;EEF1A1;FTH1;RPL12;B2M;TMSB4X;NAMPT;SOD2;RPL15;THBS1;EREG;ACTG1;RPL26,"[1, 11, 157, 245, 295, 438, 464, 470, 574, 820, 855, 857, 1102, 1146, 1239, 1299, 1399, 1515, 1551, 1687, 1852, 2336, 2583, 2654, 2686, 2707, 2741, 2777, 2856, 3009, 3051, 3066, 3070, 3161, 3195, 3204, 3240, 3273, 3274, 3464, 3661, 3816, 3907, 3938, 4212, 4220, 4340, 4464, 4486, 4491, 4601, 4800, 4803, 4863, 4864, 4883, 5044, 5174, 5294, 5363, 5365, 5472, 5574, 5753, 5812, 5993, 6030, 6213, 6273, 6350, 6566, 6735, 7036, 7173, 7718, 7728, 8419, 8759, 8993, 9148, 9365, 10085, 10764, 11223, 11600, 16730]",Tabula_Sapiens__Liver-monocyte
Tabula_Sapiens,Small Intestine-neutrophil,prerank,0.6135411596915759,2.4449749242481857,0.0,0.0,0.0,60_87,60/87,28.80%,G0S2;MT2A;C1QA;C1QC;C1QB;CYBA;C5AR1;CD163;HLA-DRA;CD74;HSP90AA1;SRGN;FOS;VIM;RPS21;HLA-DPA1;RPL36;RPS19;RPS15;RPS16;TPT1;RPLP1;FTL;JUND;RPL34;RPL18;RPLP2;RPL9;RPS8;HLA-B;RPL18A;RPS3;RPS28;RPL13A;RPL37A;KLF6;RPL8;TMSB10;RPS11;RPL28;RPL38;RPS29;RPS20;RPL35A;RPS24;RPL6;RPS6;RPS27A;RPL3;RPS3A;RPS14;RPL7A;RPL29;RPS18;RPL32;RPL19;RPS13;RPS9;RPL27A;RPL11,G0S2;MT2A;C1QA;C1QC;C1QB;CYBA;C5AR1;CD163;HLA-DRA;CD74;HSP90AA1;SRGN;FOS;VIM;RPS21;HLA-DPA1;RPL36;RPS19;RPS15;RPS16;TPT1;RPLP1;FTL;JUND;RPL34;RPL18;RPLP2;RPL9;RPS8;HLA-B;RPL18A;RPS3;RPS28;RPL13A;RPL37A;KLF6;RPL8;TMSB10;RPS11;RPL28;RPL38;RPS29;RPS20;RPL35A;RPS24;RPL6;RPS6;RPS27A;RPL3;RPS3A;RPS14;RPL7A;RPL29;RPS18;RPL32;RPL19;RPS13;RPS9;RPL27A;RPL11;RPS4X;RPL39;FAU;RPS2;EIF1;CTSB;RPS27;RPS15A;RPL30;RPL37;CST3;RPL41;RPS23;HLA-A;GPR183;PTMA;RPL21;EEF1A1;FTH1;RPL12;B2M;TMSB4X;SOD2;RPL15;THBS1;EREG;RPL26,"[1, 145, 196, 280, 399, 470, 497, 818, 855, 908, 996, 1146, 1219, 1399, 1679, 1918, 2297, 2336, 2583, 2683, 2707, 2741, 3009, 3051, 3066, 3110, 3161, 3204, 3240, 3273, 3274, 3341, 3464, 3478, 3513, 3544, 3549, 3661, 3907, 3938, 3947, 4056, 4125, 4202, 4212, 4220, 4340, 4464, 4465, 4491, 4601, 4603, 4699, 4800, 4803, 4864, 4883, 4925, 5032, 5044, 5294, 5363, 5365, 5472, 5574, 5660, 5753, 5993, 6030, 6213, 6273, 6566, 6735, 7026, 7031, 7036, 7173, 7718, 7728, 8419, 8759, 8993, 9365, 10085, 10764, 11223, 16730]",Tabula_Sapiens__Small Intestine-neutrophil
Tabula_Sapiens,Lung-type Ii Pneumocyte,prerank,0.5386993312112066,2.1605190188353784,0.0,0.0,0.0,62_88,62/88,28.80%,SLPI;NFKBIA;NAPSA;SERPINA1;HSP90AA1;FOS;S100A6;SFTPB;RPS21;RPL36;RPS19;JUN;HSP90AB1;RPS15;RPS16;TPT1;RPLP1;NPC2;GSTP1;PGC;SFTPC;FTL;RPL34;RPL18;RPLP2;RPL9;RPS8;RPL18A;RPS3;RPS28;RPL13A;RPL37A;MGST1;RPL8;RPS5;CXCL2;RPL27;RPS11;RPL28;RPS29;RPL14;RPS20;RPL35;RPL35A;RPS24;RPL6;RPS6;RPS27A;RPL3;RPS3A;RPS14;RPL7A;RPL29;RPL23A;RPS18;RPL32;RPL19;RPS13;RPS9;RPSA;RPL27A;RPL11,SLPI;NFKBIA;NAPSA;SERPINA1;HSP90AA1;FOS;S100A6;SFTPB;RPS21;RPL36;RPS19;JUN;HSP90AB1;RPS15;RPS16;TPT1;RPLP1;NPC2;GSTP1;PGC;SFTPC;FTL;RPL34;RPL18;RPLP2;RPL9;RPS8;RPL18A;RPS3;RPS28;RPL13A;RPL37A;MGST1;RPL8;RPS5;CXCL2;RPL27;RPS11;RPL28;RPS29;RPL14;RPS20;RPL35;RPL35A;RPS24;RPL6;RPS6;RPS27A;RPL3;RPS3A;RPS14;RPL7A;RPL29;RPL23A;RPS18;RPL32;RPL19;RPS13;RPS9;RPSA;RPL27A;RPL11;RPS4X;RPL39;FAU;RPS2;RPS27;RPS15A;RPL30;RPL37;RPLP0;RPL41;RPS23;PTMA;RPL10A;RPL21;EEF1A1;FTH1;RPL12;SLC34A2;HOPX;TMSB4X;RPL15;ACTG1;CYB5A;RNASE1;KRT7;SFTPA2,"[42, 438, 442, 459, 996, 1219, 1299, 1462, 1679, 2297, 2336, 2405, 2454, 2583, 2683, 2707, 2741, 2760, 2918, 2947, 2991, 3009, 3066, 3110, 3161, 3204, 3240, 3274, 3341, 3464, 3478, 3513, 3531, 3549, 3685, 3816, 3894, 3907, 3938, 4056, 4093, 4125, 4163, 4202, 4212, 4220, 4340, 4464, 4465, 4491, 4601, 4603, 4699, 4751, 4800, 4803, 4864, 4883, 4925, 5014, 5032, 5044, 5294, 5363, 5365, 5472, 5753, 5993, 6030, 6213, 6265, 6566, 6735, 7036, 7111, 7173, 7718, 7728, 8419, 8600, 8803, 8993, 10085, 11600, 14314, 16286, 16393, 17402]",Tabula_Sapiens__Lung-type Ii Pneumocyte
Tabula_Sapiens,Muscle-mature Nk T Cell,prerank,0.5756888416475092,2.3149964297198005,0.0,0.0,0.0,66_90,66/90,31.82%,HSPA1A;CXCR4;S100A4;IL32;CYBA;HSP90AA1;SRGN;BTG1;RPS21;RPL36;RPS19;HSP90AB1;HCST;RPS15;RPS16;TPT1;RPLP1;HLA-E;FTL;JUND;RPL34;CREM;RPL18;RPLP2;RPL9;RPS8;HLA-B;RPL18A;RPS3;RPS28;RPL13A;RPL37A;RPL8;TMSB10;RPL28;RPL38;RPS29;RPL14;RPL35;RPL35A;RPS24;RPL6;RPS6;RPS27A;RPL3;RPS7;RPS3A;RPS25;RPS14;RPL7A;RPL29;RPL23A;RPS18;RPL32;RPL19;RPS13;RPS9;HLA-C;RPL11;ANXA1;RPS4X;RPL39;FAU;RPS2;CCL5;EIF1,HSPA1A;CXCR4;S100A4;IL32;CYBA;HSP90AA1;SRGN;BTG1;RPS21;RPL36;RPS19;HSP90AB1;HCST;RPS15;RPS16;TPT1;RPLP1;HLA-E;FTL;JUND;RPL34;CREM;RPL18;RPLP2;RPL9;RPS8;HLA-B;RPL18A;RPS3;RPS28;RPL13A;RPL37A;RPL8;TMSB10;RPL28;RPL38;RPS29;RPL14;RPL35;RPL35A;RPS24;RPL6;RPS6;RPS27A;RPL3;RPS7;RPS3A;RPS25;RPS14;RPL7A;RPL29;RPL23A;RPS18;RPL32;RPL19;RPS13;RPS9;HLA-C;RPL11;ANXA1;RPS4X;RPL39;FAU;RPS2;CCL5;EIF1;RPS27;RPS15A;RPL30;RPL5;RPL37;RPL41;RPS23;HLA-A;PTMA;RPL21;EEF1A1;FTH1;HSPA8;GNLY;RPL12;B2M;TMSB4X;GZMB;RPL15;CCL4;ACTG1;CALM1;NKG7;RPL26,"[2, 50, 245, 314, 470, 996, 1146, 1239, 1679, 2297, 2336, 2454, 2483, 2583, 2683, 2707, 2741, 2908, 3009, 3051, 3066, 3086, 3110, 3161, 3204, 3240, 3273, 3274, 3341, 3464, 3478, 3513, 3549, 3661, 3938, 3947, 4056, 4093, 4163, 4202, 4212, 4220, 4340, 4464, 4465, 4486, 4491, 4542, 4601, 4603, 4699, 4751, 4800, 4803, 4864, 4883, 4925, 5034, 5044, 5053, 5294, 5363, 5365, 5472, 5546, 5574, 5753, 5993, 6030, 6075, 6213, 6566, 6735, 7026, 7036, 7173, 7718, 7728, 7892, 8051, 8419, 8759, 8993, 9864, 10085, 10797, 11600, 13283, 15287, 16730]",Tabula_Sapiens__Muscle-mature Nk T Cell
Tabula_Sapiens,Vasculature-mast Cell,prerank,0.5899998672405483,2.3813692293411344,0.0,0.0,0.0,67_88,67/88,30.63%,S100A4;NFKBIA;HSP90AA1;TSC22D3;SRGN;FOS;S100A6;TNFAIP3;ZFP36L2;VIM;RPS21;ZFP36;RPL36;RPS19;JUN;RGS2;TPSAB1;RPS15;RPS16;TPT1;RPLP1;RGS1;FTL;JUND;RPL34;RPL18;RPLP2;RPL9;RPS8;RPL18A;RPS3;RPS26;RPS28;RPL13A;RPL37A;RPL8;TMSB10;RPS11;RPL28;RPL38;RPS29;RPL14;RPS20;RPL35A;RPS24;RPS6;RPS27A;RPL3;RPS7;RPS3A;RPS25;RPS14;RPL7A;RPL29;RPS18;RPL32;UBA52;RPL19;RPS13;RPS9;RPSA;RPL27A;RPL11;NACA;RPS4X;RPL39;FAU,S100A4;NFKBIA;HSP90AA1;TSC22D3;SRGN;FOS;S100A6;TNFAIP3;ZFP36L2;VIM;RPS21;ZFP36;RPL36;RPS19;JUN;RGS2;TPSAB1;RPS15;RPS16;TPT1;RPLP1;RGS1;FTL;JUND;RPL34;RPL18;RPLP2;RPL9;RPS8;RPL18A;RPS3;RPS26;RPS28;RPL13A;RPL37A;RPL8;TMSB10;RPS11;RPL28;RPL38;RPS29;RPL14;RPS20;RPL35A;RPS24;RPS6;RPS27A;RPL3;RPS7;RPS3A;RPS25;RPS14;RPL7A;RPL29;RPS18;RPL32;UBA52;RPL19;RPS13;RPS9;RPSA;RPL27A;RPL11;NACA;RPS4X;RPL39;FAU;RPS2;EIF1;RPS27;RPS15A;RPL30;RPL5;RPL37;RPL41;RPS23;PTMA;RPL10A;RPL21;EEF1A1;FTH1;FOSB;RPL12;B2M;TMSB4X;RPL15;CD69;RPL26,"[245, 438, 996, 1034, 1146, 1219, 1299, 1329, 1382, 1399, 1679, 1852, 2297, 2336, 2405, 2412, 2414, 2583, 2683, 2707, 2741, 2808, 3009, 3051, 3066, 3110, 3161, 3204, 3240, 3274, 3341, 3446, 3464, 3478, 3513, 3549, 3661, 3907, 3938, 3947, 4056, 4093, 4125, 4202, 4212, 4340, 4464, 4465, 4486, 4491, 4542, 4601, 4603, 4699, 4800, 4803, 4863, 4864, 4883, 4925, 5014, 5032, 5044, 5174, 5294, 5363, 5365, 5472, 5574, 5753, 5993, 6030, 6075, 6213, 6566, 6735, 7036, 7111, 7173, 7718, 7728, 7914, 8419, 8759, 8993, 10085, 16391, 16730]",Tabula_Sapiens__Vasculature-mast Cell
Tabula_Sapiens,Small Intestine-small Intestine Goblet Cell,prerank,0.5250553272712756,2.0352194562708705,0.0,0.0,0.0,55_75,55/75,28.80%,KRT18;PLAUR;EZR;FCGBP;KRT19;S100A6;KRT8;RPS21;SERF2;RPL36;RPS19;JUN;RPS15;RPS16;TFF3;TPT1;RAB11FIP1;RPLP1;DEFA5;RPL34;RPL18;RPLP2;RPS8;RPL18A;RPS3;RPS28;RPL13A;RPL37A;RPL8;RPL31;TMSB10;RPS5;RPS11;CLDN4;RPL28;RPL38;RPS29;RPL14;RPL35;RPL35A;RPS24;RPL6;RPS6;RPL3;RPS3A;RPS14;RPL7A;RPL29;RPL23A;RPS18;RPL32;RPL19;RPS9;RPL27A;RPL11,KRT18;PLAUR;EZR;FCGBP;KRT19;S100A6;KRT8;RPS21;SERF2;RPL36;RPS19;JUN;RPS15;RPS16;TFF3;TPT1;RAB11FIP1;RPLP1;DEFA5;RPL34;RPL18;RPLP2;RPS8;RPL18A;RPS3;RPS28;RPL13A;RPL37A;RPL8;RPL31;TMSB10;RPS5;RPS11;CLDN4;RPL28;RPL38;RPS29;RPL14;RPL35;RPL35A;RPS24;RPL6;RPS6;RPL3;RPS3A;RPS14;RPL7A;RPL29;RPL23A;RPS18;RPL32;RPL19;RPS9;RPL27A;RPL11;RPL39;RPS2;RPS27;RPS15A;RPL30;RPL37;LGALS4;RRBP1;RPL41;RPS23;PTMA;RPL10A;RPL21;EEF1A1;RPL12;ACTG1;ELF3;EPCAM;RPL26;CLDN3,"[166, 295, 669, 854, 1151, 1299, 1580, 1679, 2068, 2297, 2336, 2405, 2583, 2683, 2699, 2707, 2711, 2741, 3048, 3066, 3110, 3161, 3240, 3274, 3341, 3464, 3478, 3513, 3549, 3614, 3661, 3685, 3907, 3933, 3938, 3947, 4056, 4093, 4163, 4202, 4212, 4220, 4340, 4465, 4491, 4601, 4603, 4699, 4751, 4800, 4803, 4864, 4925, 5032, 5044, 5363, 5472, 5753, 5993, 6030, 6213, 6251, 6372, 6566, 6735, 7036, 7111, 7173, 7718, 8419, 11600, 14662, 16430, 16730, 17452]",Tabula_Sapiens__Small Intestine-small Intestine Goblet Cell
Tabula_Sapiens,Lymph Node-regulatory T Cell,prerank,0.5788929283941142,2.330242308711218,0.0,0.0,0.0,73_91,73/91,34.68%,CXCR4;S100A4;IL32;HSP90AA1;TSC22D3;SRGN;BTG1;ZFP36L2;RPS21;RPL36;RPS19;RPS15;RPS16;TPT1;RPLP1;FTL;JUND;RPL34;RPL18;RPLP2;RPL9;RPS8;HLA-B;RPL18A;RPS3;RPS28;RPL13A;RPL37A;RPL8;TMSB10;RPS5;RPL27;RPS11;RPL28;RPL38;RPS29;RPL14;RPL35;RPL35A;RPS24;RPL6;RPS6;RPS27A;RPL3;RPS7;RPS3A;RPS25;RPS14;RPL7A;RPL29;RPL23A;RPS18;RPL32;UBA52;RPL19;RPS13;RPS9;RPSA;RPL27A;RPL11;NACA;RPS4X;RPL39;FAU;RPS2;EIF1;TXNIP;RPS27;GAPDH;PFN1;RPS15A;RPL30;RPL5,CXCR4;S100A4;IL32;HSP90AA1;TSC22D3;SRGN;BTG1;ZFP36L2;RPS21;RPL36;RPS19;RPS15;RPS16;TPT1;RPLP1;FTL;JUND;RPL34;RPL18;RPLP2;RPL9;RPS8;HLA-B;RPL18A;RPS3;RPS28;RPL13A;RPL37A;RPL8;TMSB10;RPS5;RPL27;RPS11;RPL28;RPL38;RPS29;RPL14;RPL35;RPL35A;RPS24;RPL6;RPS6;RPS27A;RPL3;RPS7;RPS3A;RPS25;RPS14;RPL7A;RPL29;RPL23A;RPS18;RPL32;UBA52;RPL19;RPS13;RPS9;RPSA;RPL27A;RPL11;NACA;RPS4X;RPL39;FAU;RPS2;EIF1;TXNIP;RPS27;GAPDH;PFN1;RPS15A;RPL30;RPL5;RPL37;RPLP0;RPL41;RPS23;HLA-A;PTMA;RPL10A;RPL21;EEF1A1;FTH1;HSPA8;RPL12;B2M;TMSB4X;RPL15;EEF1B2;ACTG1;RPL26,"[50, 245, 314, 996, 1034, 1146, 1239, 1382, 1679, 2297, 2336, 2583, 2683, 2707, 2741, 3009, 3051, 3066, 3110, 3161, 3204, 3240, 3273, 3274, 3341, 3464, 3478, 3513, 3549, 3661, 3685, 3894, 3907, 3938, 3947, 4056, 4093, 4163, 4202, 4212, 4220, 4340, 4464, 4465, 4486, 4491, 4542, 4601, 4603, 4699, 4751, 4800, 4803, 4863, 4864, 4883, 4925, 5014, 5032, 5044, 5174, 5294, 5363, 5365, 5472, 5574, 5739, 5753, 5812, 5977, 5993, 6030, 6075, 6213, 6265, 6566, 6735, 7026, 7036, 7111, 7173, 7718, 7728, 7892, 8419, 8759, 8993, 10085, 11512, 11600, 16730]",Tabula_Sapiens__Lymph Node-regulatory T Cell
Tabula_Sapiens,"Blood-cd8-positive, Alpha-Beta Cytokine Secreting Effector T Cell",prerank,0.5018930122022257,2.0169074675306526,0.0,0.0,0.0,62_88,62/88,31.82%,S100A8;CYBA;S100A9;TSC22D3;FOS;BTG1;RPS21;RPL36;RPS19;JUN;PTPRC;RPS15;RPS16;TPT1;RPLP1;SH3BGRL3;HLA-E;FTL;RPL34;RPL18;RPLP2;RPL9;RPS8;RPL18A;RPS3;RPS28;RPL13A;RPL37A;RPL8;TMSB10;RPS11;RPL28;RPS29;RPL14;RPL35A;RPS24;RPL6;RPS6;RPS27A;RPL3;RPS7;RPS3A;RPS14;RPL7A;RPL29;RPL23A;RPS18;RPL32;UBA52;RPL19;RPS13;RPS9;RPSA;RPL27A;RPL11;NACA;RPS4X;RPL39;FAU;RPS2;CCL5;EIF1,S100A8;CYBA;S100A9;TSC22D3;FOS;BTG1;RPS21;RPL36;RPS19;JUN;PTPRC;RPS15;RPS16;TPT1;RPLP1;SH3BGRL3;HLA-E;FTL;RPL34;RPL18;RPLP2;RPL9;RPS8;RPL18A;RPS3;RPS28;RPL13A;RPL37A;RPL8;TMSB10;RPS11;RPL28;RPS29;RPL14;RPL35A;RPS24;RPL6;RPS6;RPS27A;RPL3;RPS7;RPS3A;RPS14;RPL7A;RPL29;RPL23A;RPS18;RPL32;UBA52;RPL19;RPS13;RPS9;RPSA;RPL27A;RPL11;NACA;RPS4X;RPL39;FAU;RPS2;CCL5;EIF1;TXNIP;RPS27;PFN1;RPS15A;RPL30;RPL5;RPL37;RPL41;RPS23;HLA-A;PTMA;RPL10A;RPL21;EEF1A1;FTH1;GNLY;RPL12;B2M;TMSB4X;DDX5;RPL15;CALM1;ARL4C;NKG7;RPL26;HBA2,"[157, 470, 820, 1034, 1219, 1239, 1679, 2297, 2336, 2405, 2422, 2583, 2683, 2707, 2741, 2777, 2908, 3009, 3066, 3110, 3161, 3204, 3240, 3274, 3341, 3464, 3478, 3513, 3549, 3661, 3907, 3938, 4056, 4093, 4202, 4212, 4220, 4340, 4464, 4465, 4486, 4491, 4601, 4603, 4699, 4751, 4800, 4803, 4863, 4864, 4883, 4925, 5014, 5032, 5044, 5174, 5294, 5363, 5365, 5472, 5546, 5574, 5739, 5753, 5977, 5993, 6030, 6075, 6213, 6566, 6735, 7026, 7036, 7111, 7173, 7718, 7728, 8051, 8419, 8759, 8993, 9867, 10085, 13283, 14821, 15287, 16730, 17205]","Tabula_Sapiens__Blood-cd8-positive, Alpha-Beta Cytokine Secreting Effector T Cell"
Tabula_Sapiens,Bladder-nk Cell,prerank,0.5590635686147866,2.2561824793696035,0.0,0.0,0.0,62_91,62/91,30.63%,HSPA1A;S100A4;IL32;HSP90AA1;SRGN;S100A6;VIM;RPS21;RPL36;RPS19;HSP90AB1;RPS15;RPS16;TPT1;RPLP1;FTL;RPL34;RPL18;RPLP2;RPL9;RPS8;HLA-B;RPL18A;RPS3;RPS26;RPS28;RPL13A;RPL37A;RPL8;TMSB10;RPS5;RPS11;RPL28;RPS29;RPL14;RPS20;RPL35;RPL35A;RPS24;RPL6;RPS6;RPS27A;RPL3;RPS7;RPS3A;RPS14;RPL7A;RPL29;RPL23A;RPS18;RPL32;UBA52;RPL19;RPS13;RPS9;RPSA;RPL27A;RPL11;MYL6;RPS4X;RPL39;FAU,HSPA1A;S100A4;IL32;HSP90AA1;SRGN;S100A6;VIM;RPS21;RPL36;RPS19;HSP90AB1;RPS15;RPS16;TPT1;RPLP1;FTL;RPL34;RPL18;RPLP2;RPL9;RPS8;HLA-B;RPL18A;RPS3;RPS26;RPS28;RPL13A;RPL37A;RPL8;TMSB10;RPS5;RPS11;RPL28;RPS29;RPL14;RPS20;RPL35;RPL35A;RPS24;RPL6;RPS6;RPS27A;RPL3;RPS7;RPS3A;RPS14;RPL7A;RPL29;RPL23A;RPS18;RPL32;UBA52;RPL19;RPS13;RPS9;RPSA;RPL27A;RPL11;MYL6;RPS4X;RPL39;FAU;RPS2;EIF1;RPS27;GAPDH;PFN1;RPS15A;RPL30;RPL5;RPL37;RPLP0;RPL41;RPS23;PTMA;RPL10A;RPL21;EEF1A1;FTH1;HSPA8;PPIA;RPL12;B2M;TMSB4X;GZMB;RPL15;ACTG1;HMGB1;NPM1;CALM1;RPL26,"[2, 245, 314, 996, 1146, 1299, 1399, 1679, 2297, 2336, 2454, 2583, 2683, 2707, 2741, 3009, 3066, 3110, 3161, 3204, 3240, 3273, 3274, 3341, 3446, 3464, 3478, 3513, 3549, 3661, 3685, 3907, 3938, 4056, 4093, 4125, 4163, 4202, 4212, 4220, 4340, 4464, 4465, 4486, 4491, 4601, 4603, 4699, 4751, 4800, 4803, 4863, 4864, 4883, 4925, 5014, 5032, 5044, 5081, 5294, 5363, 5365, 5472, 5574, 5753, 5812, 5977, 5993, 6030, 6075, 6213, 6265, 6566, 6735, 7036, 7111, 7173, 7718, 7728, 7892, 8153, 8419, 8759, 8993, 9864, 10085, 11600, 12555, 12801, 13283, 16730]",Tabula_Sapiens__Bladder-nk Cell
Tabula_Sapiens,Prostate-mast Cell,prerank,0.6091846726731336,2.4353914645476245,0.0,0.0,0.0,68_88,68/88,30.63%,HSPA1A;S100A4;HSP90AA1;SRGN;BTG1;VIM;RPS21;RPL36;RPS19;JUN;RGS2;TPSAB1;RPS15;RPS16;TPT1;RPLP1;FTL;RPL34;RPL18;RPLP2;RPL9;RPS8;RPL18A;RPS3;RPS28;RPL13A;RPL37A;RPL8;RPL31;RPL36AL;TMSB10;RPS5;RPL27;RPS11;RPL28;RPL38;RPS29;RPL14;TOMM7;RPS20;RPL35;RPL35A;RPS24;RPL6;RPS6;RPS27A;RPL3;RPS7;RPS3A;RPS25;RPS14;RPL7A;RPL29;RPL23A;RPS18;RPL32;UBA52;RPL19;RPS13;RPL7;PFDN5;RPSA;RPL27A;RPL11;NACA;RPS4X;RPL39;FAU,HSPA1A;S100A4;HSP90AA1;SRGN;BTG1;VIM;RPS21;RPL36;RPS19;JUN;RGS2;TPSAB1;RPS15;RPS16;TPT1;RPLP1;FTL;RPL34;RPL18;RPLP2;RPL9;RPS8;RPL18A;RPS3;RPS28;RPL13A;RPL37A;RPL8;RPL31;RPL36AL;TMSB10;RPS5;RPL27;RPS11;RPL28;RPL38;RPS29;RPL14;TOMM7;RPS20;RPL35;RPL35A;RPS24;RPL6;RPS6;RPS27A;RPL3;RPS7;RPS3A;RPS25;RPS14;RPL7A;RPL29;RPL23A;RPS18;RPL32;UBA52;RPL19;RPS13;RPL7;PFDN5;RPSA;RPL27A;RPL11;NACA;RPS4X;RPL39;FAU;RPS2;EIF1;TXNIP;RPS27;RPS15A;RPL30;RPL5;RPL37;RPL41;RPS23;PTMA;RPL10A;RPL21;EEF1A1;FTH1;RPL12;B2M;TMSB4X;RPL15;RPL26,"[2, 245, 996, 1146, 1239, 1399, 1679, 2297, 2336, 2405, 2412, 2414, 2583, 2683, 2707, 2741, 3009, 3066, 3110, 3161, 3204, 3240, 3274, 3341, 3464, 3478, 3513, 3549, 3614, 3634, 3661, 3685, 3894, 3907, 3938, 3947, 4056, 4093, 4113, 4125, 4163, 4202, 4212, 4220, 4340, 4464, 4465, 4486, 4491, 4542, 4601, 4603, 4699, 4751, 4800, 4803, 4863, 4864, 4883, 4984, 5007, 5014, 5032, 5044, 5174, 5294, 5363, 5365, 5472, 5574, 5739, 5753, 5993, 6030, 6075, 6213, 6566, 6735, 7036, 7111, 7173, 7718, 7728, 8419, 8759, 8993, 10085, 16730]",Tabula_Sapiens__Prostate-mast Cell
Tabula_Sapiens,Prostate-nkt Cell,prerank,0.6046339330191156,2.425859031854167,0.0,0.0,0.0,59_88,59/88,28.80%,HSPA6;HSPA1A;HSPA1B;DNAJB1;CXCR4;KLRD1;HSP90AA1;TSC22D3;SRGN;DNAJA1;FOS;BTG1;HSPE1;ZFP36L2;RPS21;RPL36;RPS19;JUN;HSP90AB1;RPS15;RPS16;TPT1;RPLP1;FTL;JUND;RPL34;RPL18;RPLP2;RPL9;RPS8;RPL18A;RPS3;RPS28;RPL13A;RPL37A;RPL8;TMSB10;RPL28;RPS29;RPL14;RPL35;RPL35A;RPS24;RPS6;RPS27A;RPL3;RPS7;RPS3A;RPS25;RPS14;RPL7A;RPL29;RPL23A;RPS18;RPL32;RPL19;RPS13;RPL27A;RPL11,HSPA6;HSPA1A;HSPA1B;DNAJB1;CXCR4;KLRD1;HSP90AA1;TSC22D3;SRGN;DNAJA1;FOS;BTG1;HSPE1;ZFP36L2;RPS21;RPL36;RPS19;JUN;HSP90AB1;RPS15;RPS16;TPT1;RPLP1;FTL;JUND;RPL34;RPL18;RPLP2;RPL9;RPS8;RPL18A;RPS3;RPS28;RPL13A;RPL37A;RPL8;TMSB10;RPL28;RPS29;RPL14;RPL35;RPL35A;RPS24;RPS6;RPS27A;RPL3;RPS7;RPS3A;RPS25;RPS14;RPL7A;RPL29;RPL23A;RPS18;RPL32;RPL19;RPS13;RPL27A;RPL11;RPS4X;RPL39;FAU;RPS2;CCL5;EIF1;TXNIP;RPS27;RPS15A;RPL30;RPL37;RPL41;RPS23;HLA-A;PTMA;RPL21;CCL3;EEF1A1;HSPA8;GNLY;RPL12;DUSP2;B2M;TMSB4X;RPL15;CCL4;CALM1;CD69;RPL26,"[0, 2, 7, 8, 50, 759, 996, 1034, 1146, 1202, 1219, 1239, 1341, 1382, 1679, 2297, 2336, 2405, 2454, 2583, 2683, 2707, 2741, 3009, 3051, 3066, 3110, 3161, 3204, 3240, 3274, 3341, 3464, 3478, 3513, 3549, 3661, 3938, 4056, 4093, 4163, 4202, 4212, 4340, 4464, 4465, 4486, 4491, 4542, 4601, 4603, 4699, 4751, 4800, 4803, 4864, 4883, 5032, 5044, 5294, 5363, 5365, 5472, 5546, 5574, 5739, 5753, 5993, 6030, 6213, 6566, 6735, 7026, 7036, 7173, 7409, 7718, 7892, 8051, 8419, 8683, 8759, 8993, 10085, 10797, 13283, 16391, 16730]",Tabula_Sapiens__Prostate-nkt Cell
Tabula_Sapiens,Lymph Node-macrophage,prerank,0.6518561162578325,2.634808930110042,0.0,0.0,0.0,66_87,66/87,29.21%,HSPA1A;MT2A;C1QA;S100A4;C1QC;C1QB;CYBA;LYZ;TYROBP;CD163;FCER1G;CD74;HSP90AA1;S100A11;FOS;S100A6;GRN;VIM;ANXA2;S100A10;CTSS;SERF2;CTSK;RPS19;JUN;GPNMB;GPX1;RPS15;CTSZ;LGALS1;CSTB;TPT1;RPLP1;NPC2;SH3BGRL3;ACP5;FTL;RPL34;OAZ1;CD63;RPS8;HLA-B;RPS28;RPL37A;KLF6;RPL8;TMSB10;YBX1;APOC1;APOE;RPL28;SQSTM1;RPS24;ANXA5;RPS27A;RPS14;RPL7A;CTSD;RPS18;RPL32;CPM;RPL19;RPS9;RPL11;ANXA1;PLD3,HSPA1A;MT2A;C1QA;S100A4;C1QC;C1QB;CYBA;LYZ;TYROBP;CD163;FCER1G;CD74;HSP90AA1;S100A11;FOS;S100A6;GRN;VIM;ANXA2;S100A10;CTSS;SERF2;CTSK;RPS19;JUN;GPNMB;GPX1;RPS15;CTSZ;LGALS1;CSTB;TPT1;RPLP1;NPC2;SH3BGRL3;ACP5;FTL;RPL34;OAZ1;CD63;RPS8;HLA-B;RPS28;RPL37A;KLF6;RPL8;TMSB10;YBX1;APOC1;APOE;RPL28;SQSTM1;RPS24;ANXA5;RPS27A;RPS14;RPL7A;CTSD;RPS18;RPL32;CPM;RPL19;RPS9;RPL11;ANXA1;PLD3;RPL39;RPS2;LGALS3;EIF1;CTSB;RPS27;RPS15A;RPL30;RPL37;CST3;RPL41;RPS23;HLA-A;PTMA;EEF1A1;FTH1;RPL12;B2M;TMSB4X;ITM2B;CHIT1,"[2, 145, 196, 245, 280, 399, 470, 574, 656, 818, 857, 908, 996, 1102, 1219, 1299, 1328, 1399, 1542, 1551, 1687, 2068, 2173, 2336, 2405, 2421, 2540, 2583, 2634, 2686, 2706, 2707, 2741, 2760, 2777, 2930, 3009, 3066, 3070, 3076, 3240, 3273, 3464, 3513, 3544, 3549, 3661, 3681, 3747, 3783, 3938, 4128, 4212, 4406, 4464, 4601, 4603, 4656, 4800, 4803, 4854, 4864, 4925, 5044, 5053, 5116, 5363, 5472, 5562, 5574, 5660, 5753, 5993, 6030, 6213, 6273, 6566, 6735, 7026, 7036, 7718, 7728, 8419, 8759, 8993, 11214, 13403]",Tabula_Sapiens__Lymph Node-macrophage
Tabula_Sapiens,Eye-fibroblast,prerank,0.5772842559165927,2.30971593242598,0.0,0.0,0.0,37_89,37/89,15.65%,HSPA1A;HSPB1;HSPA1B;DNAJB1;MT1M;MT2A;MT1G;S100A4;MT1E;CEBPD;MT1X;HSPH1;CLU;ID3;CFH;IFITM3;HSP90AA1;IGFBP6;DNAJA1;FOS;S100A6;STEAP4;DCN;VIM;TIMP1;S100A10;COL6A2;EMP1;PTGDS;SERPING1;IER3;JUN;HSP90AB1;APOD;KERA;TPT1;RPLP1,HSPA1A;HSPB1;HSPA1B;DNAJB1;MT1M;MT2A;MT1G;S100A4;MT1E;CEBPD;MT1X;HSPH1;CLU;ID3;CFH;IFITM3;HSP90AA1;IGFBP6;DNAJA1;FOS;S100A6;STEAP4;DCN;VIM;TIMP1;S100A10;COL6A2;EMP1;PTGDS;SERPING1;IER3;JUN;HSP90AB1;APOD;KERA;TPT1;RPLP1;FTL;RPL34;RPS8;RPS28;RPL37A;TMSB10;TSC22D1;RPL28;RPS24;ENO1;ATF3;RPS6;RPS27A;RPL3;RPS14;RPS18;RPL32;RPL19;LMNA;RPL11;ANXA1;RPL39;UBB;EIF1;RPS27;RPL30;RPL37;CST3;NNMT;RPL41;RPS23;PTMA;EEF1A1;FTH1;HSPA8;FOSB;RPL12;B2M;MGP;SOD2;DDX5;THBS1;ACTG1;ITGBL1;LUM;RARRES1;PTGS2;MYOC;ANGPTL7;COL12A1;ALDH3A1;MMP3,"[2, 4, 7, 8, 126, 145, 165, 245, 308, 312, 318, 718, 751, 956, 967, 970, 996, 1105, 1202, 1219, 1299, 1358, 1395, 1399, 1515, 1551, 1579, 1664, 1932, 2181, 2252, 2405, 2454, 2562, 2594, 2707, 2741, 3009, 3066, 3240, 3464, 3513, 3661, 3795, 3938, 4212, 4248, 4249, 4340, 4464, 4465, 4601, 4800, 4803, 4864, 4905, 5044, 5053, 5363, 5432, 5574, 5753, 6030, 6213, 6273, 6420, 6566, 6735, 7036, 7718, 7728, 7892, 7914, 8419, 8759, 9257, 9365, 9867, 10764, 11600, 12154, 12182, 12374, 13656, 14790, 16490, 16720, 17019, 17502]",Tabula_Sapiens__Eye-fibroblast
Tabula_Sapiens,Bladder-fibroblast,prerank,0.6343753630581503,2.5613312331042413,0.0,0.0,0.0,65_87,65/87,30.68%,MT2A;SOCS3;S100A4;CEBPD;FBLN1;NFKBIA;IGFBP6;FOS;S100A6;SFRP2;DCN;VIM;C1R;TIMP1;S100A10;ZFP36;COL1A2;IER3;RPL36;RPS19;JUN;APOD;RPS15;RPS16;LGALS1;TPT1;RPLP1;FTL;JUND;RPL34;CD63;RPL18;RPLP2;RPL9;RPS8;RPL18A;RPS3;RPS28;RPL13A;RPL37A;RPL8;TMSB10;RPS5;RPS11;RPL28;RPL14;RPL35A;RPS24;RPS6;RPS27A;RPL3;RPS3A;RPS14;RPL7A;RPL29;RPS18;RPL32;RPL19;RPS13;RPS9;RPL11;NACA;RPS4X;FAU;GSN,MT2A;SOCS3;S100A4;CEBPD;FBLN1;NFKBIA;IGFBP6;FOS;S100A6;SFRP2;DCN;VIM;C1R;TIMP1;S100A10;ZFP36;COL1A2;IER3;RPL36;RPS19;JUN;APOD;RPS15;RPS16;LGALS1;TPT1;RPLP1;FTL;JUND;RPL34;CD63;RPL18;RPLP2;RPL9;RPS8;RPL18A;RPS3;RPS28;RPL13A;RPL37A;RPL8;TMSB10;RPS5;RPS11;RPL28;RPL14;RPL35A;RPS24;RPS6;RPS27A;RPL3;RPS3A;RPS14;RPL7A;RPL29;RPS18;RPL32;RPL19;RPS13;RPS9;RPL11;NACA;RPS4X;FAU;GSN;RPS2;EIF1;RPS27;RPS15A;RPL30;RPL5;RPL37;CST3;RPL41;RPS23;RPL10A;RPL21;EEF1A1;FTH1;FOSB;RPL12;B2M;TMSB4X;MGP;SOD2;RPL15;LUM,"[145, 158, 245, 312, 317, 438, 1105, 1219, 1299, 1343, 1395, 1399, 1505, 1515, 1551, 1852, 2167, 2252, 2297, 2336, 2405, 2562, 2583, 2683, 2686, 2707, 2741, 3009, 3051, 3066, 3076, 3110, 3161, 3204, 3240, 3274, 3341, 3464, 3478, 3513, 3549, 3661, 3685, 3907, 3938, 4093, 4202, 4212, 4340, 4464, 4465, 4491, 4601, 4603, 4699, 4800, 4803, 4864, 4883, 4925, 5044, 5174, 5294, 5365, 5373, 5472, 5574, 5753, 5993, 6030, 6075, 6213, 6273, 6566, 6735, 7111, 7173, 7718, 7728, 7914, 8419, 8759, 8993, 9257, 9365, 10085, 12182]",Tabula_Sapiens__Bladder-fibroblast
Tabula_Sapiens,"Trachea-cd8-positive, Alpha-Beta T Cell",prerank,0.5828125769230575,2.3782930917855354,0.0,0.0,0.0,69_92,69/92,31.82%,CXCR4;S100A4;IL32;TSC22D3;SRGN;BTG1;ZFP36L2;RPS21;RPL36;RPS19;RPS15;RPS16;TPT1;RPLP1;SH3BGRL3;JUND;RPS10;RPL34;RPL18;RPLP2;RPL9;RPS8;HLA-B;RPL18A;RPS3;RPS28;RPL13A;RPL37A;RPL8;TMSB10;RPS5;RPL27;RPS11;RPL28;RPL38;RPS29;RPL14;RPS20;RPL35;RPL35A;RPS24;RPL6;RPS6;RPS27A;RPL3;RPS7;RPS3A;RPS25;RPS14;RPL7A;RPL29;RPL23A;RPS18;RPL32;UBA52;RPL19;RPS13;RPS9;RPSA;RPL27A;HLA-C;RPL11;NACA;RPS4X;RPL39;FAU;RPS2;CCL5;EIF1,CXCR4;S100A4;IL32;TSC22D3;SRGN;BTG1;ZFP36L2;RPS21;RPL36;RPS19;RPS15;RPS16;TPT1;RPLP1;SH3BGRL3;JUND;RPS10;RPL34;RPL18;RPLP2;RPL9;RPS8;HLA-B;RPL18A;RPS3;RPS28;RPL13A;RPL37A;RPL8;TMSB10;RPS5;RPL27;RPS11;RPL28;RPL38;RPS29;RPL14;RPS20;RPL35;RPL35A;RPS24;RPL6;RPS6;RPS27A;RPL3;RPS7;RPS3A;RPS25;RPS14;RPL7A;RPL29;RPL23A;RPS18;RPL32;UBA52;RPL19;RPS13;RPS9;RPSA;RPL27A;HLA-C;RPL11;NACA;RPS4X;RPL39;FAU;RPS2;CCL5;EIF1;RPS27;GAPDH;PFN1;RPS15A;RPL30;RPL5;RPL37;RPLP0;RPL41;RPS23;HLA-A;PTMA;RPL10A;RPL21;EEF1A1;FTH1;RPL12;B2M;TMSB4X;RPL15;CCL4;ACTG1;RPL26,"[50, 245, 314, 1034, 1146, 1239, 1382, 1679, 2297, 2336, 2583, 2683, 2707, 2741, 2777, 3051, 3058, 3066, 3110, 3161, 3204, 3240, 3273, 3274, 3341, 3464, 3478, 3513, 3549, 3661, 3685, 3894, 3907, 3938, 3947, 4056, 4093, 4125, 4163, 4202, 4212, 4220, 4340, 4464, 4465, 4486, 4491, 4542, 4601, 4603, 4699, 4751, 4800, 4803, 4863, 4864, 4883, 4925, 5014, 5032, 5034, 5044, 5174, 5294, 5363, 5365, 5472, 5546, 5574, 5753, 5812, 5977, 5993, 6030, 6075, 6213, 6265, 6566, 6735, 7026, 7036, 7111, 7173, 7718, 7728, 8419, 8759, 8993, 10085, 10797, 11600, 16730]","Tabula_Sapiens__Trachea-cd8-positive, Alpha-Beta T Cell"
Tabula_Sapiens,Lung-plasmacytoid Dendritic Cell,prerank,0.5987657491924105,2.4076271051909397,0.0,0.0,0.0,64_88,64/88,31.82%,IRF7;CYBA;IRF8;CD74;HSP90AA1;PPP1R14B;RPS21;PTGDS;HERPUD1;RPS19;CLIC3;RPS15;RPS16;TPT1;RPLP1;RPL34;RPL18;RPLP2;RPL9;RPS8;RPL18A;RPS3;MYL12A;RPS28;RPL13A;RPL37A;RPL8;TMSB10;RPS5;RPL27;RPS11;RPL28;RPS29;RPL14;RPS20;RPL35;RPL35A;RPS24;RPL6;ITM2C;RPS6;RPS27A;RPL3;RPS7;RPS3A;RPS25;RPS14;RPL7A;RPL29;RPL23A;RPS18;RPL32;UBA52;RPL19;RPS13;RPS9;RPSA;RPL11;NACA;RPS4X;RPL39;FAU;RPS2;EIF1,IRF7;CYBA;IRF8;CD74;HSP90AA1;PPP1R14B;RPS21;PTGDS;HERPUD1;RPS19;CLIC3;RPS15;RPS16;TPT1;RPLP1;RPL34;RPL18;RPLP2;RPL9;RPS8;RPL18A;RPS3;MYL12A;RPS28;RPL13A;RPL37A;RPL8;TMSB10;RPS5;RPL27;RPS11;RPL28;RPS29;RPL14;RPS20;RPL35;RPL35A;RPS24;RPL6;ITM2C;RPS6;RPS27A;RPL3;RPS7;RPS3A;RPS25;RPS14;RPL7A;RPL29;RPL23A;RPS18;RPL32;UBA52;RPL19;RPS13;RPS9;RPSA;RPL11;NACA;RPS4X;RPL39;FAU;RPS2;EIF1;RPS27;RPS15A;RPL30;LTB;RPL5;RPL37;SEC61B;RPLP0;RPL41;RPS23;HLA-A;PTMA;RPL10A;RPL21;CCDC50;EEF1A1;FTH1;RPL12;B2M;TMSB4X;GZMB;RPL15;EEF1B2;ACTG1,"[229, 470, 613, 908, 996, 1415, 1679, 1932, 2276, 2336, 2460, 2583, 2683, 2707, 2741, 3066, 3110, 3161, 3204, 3240, 3274, 3341, 3359, 3464, 3478, 3513, 3549, 3661, 3685, 3894, 3907, 3938, 4056, 4093, 4125, 4163, 4202, 4212, 4220, 4272, 4340, 4464, 4465, 4486, 4491, 4542, 4601, 4603, 4699, 4751, 4800, 4803, 4863, 4864, 4883, 4925, 5014, 5044, 5174, 5294, 5363, 5365, 5472, 5574, 5753, 5993, 6030, 6057, 6075, 6213, 6228, 6265, 6566, 6735, 7026, 7036, 7111, 7173, 7283, 7718, 7728, 8419, 8759, 8993, 9864, 10085, 11512, 11600]",Tabula_Sapiens__Lung-plasmacytoid Dendritic Cell
Tabula_Sapiens,"Prostate-cd8-positive, Alpha-Beta T Cell",prerank,0.5967262451495814,2.3905299427623836,0.0,0.0,0.0,61_89,61/89,28.80%,HSPA1A;HSPA1B;DNAJB1;CXCR4;HSP90AA1;IL7R;TSC22D3;DNAJA1;BTG1;ZFP36L2;RPS21;RPL36;RPS19;JUN;HSP90AB1;RPS15;RPS16;TPT1;RPLP1;FTL;JUND;RPL34;RPL18;RPLP2;RPL9;RPS8;RPL18A;RPS3;RPS28;RPL13A;RPL37A;RPL8;TMSB10;RPS5;RPL28;RPL38;RPS29;RPL14;RPS20;RPL35;RPL35A;RPS24;RPL6;RPS6;RPS27A;RPL3;RPS7;RPS3A;RPS25;RPS14;RPL7A;RPL29;RPL23A;RPS18;RPL32;UBA52;RPL19;RPS13;RPS9;RPL27A;RPL11,HSPA1A;HSPA1B;DNAJB1;CXCR4;HSP90AA1;IL7R;TSC22D3;DNAJA1;BTG1;ZFP36L2;RPS21;RPL36;RPS19;JUN;HSP90AB1;RPS15;RPS16;TPT1;RPLP1;FTL;JUND;RPL34;RPL18;RPLP2;RPL9;RPS8;RPL18A;RPS3;RPS28;RPL13A;RPL37A;RPL8;TMSB10;RPS5;RPL28;RPL38;RPS29;RPL14;RPS20;RPL35;RPL35A;RPS24;RPL6;RPS6;RPS27A;RPL3;RPS7;RPS3A;RPS25;RPS14;RPL7A;RPL29;RPL23A;RPS18;RPL32;UBA52;RPL19;RPS13;RPS9;RPL27A;RPL11;RPS4X;RPL39;FAU;RPS2;CCL5;EIF1;TXNIP;RPS27;RPS15A;RPL30;RPL5;RPL37;RPL41;RPS23;HLA-A;PTMA;RPL10A;RPL21;EEF1A1;FTH1;HSPA8;RPL12;B2M;TMSB4X;RPL15;CCL4;CD69;RPL26,"[2, 7, 8, 50, 996, 1012, 1034, 1202, 1239, 1382, 1679, 2297, 2336, 2405, 2454, 2583, 2683, 2707, 2741, 3009, 3051, 3066, 3110, 3161, 3204, 3240, 3274, 3341, 3464, 3478, 3513, 3549, 3661, 3685, 3938, 3947, 4056, 4093, 4125, 4163, 4202, 4212, 4220, 4340, 4464, 4465, 4486, 4491, 4542, 4601, 4603, 4699, 4751, 4800, 4803, 4863, 4864, 4883, 4925, 5032, 5044, 5294, 5363, 5365, 5472, 5546, 5574, 5739, 5753, 5993, 6030, 6075, 6213, 6566, 6735, 7026, 7036, 7111, 7173, 7718, 7728, 7892, 8419, 8759, 8993, 10085, 10797, 16391, 16730]","Tabula_Sapiens__Prostate-cd8-positive, Alpha-Beta T Cell"
Tabula_Sapiens,"Large Intestine-cd4-positive, Alpha-Beta T Cell",prerank,0.5770071762537831,2.3052315695264105,0.0,0.0,0.0,68_89,68/89,31.82%,HSP90AA1;IL7R;TSC22D3;SRGN;BTG1;ZFP36L2;VIM;RPS21;RPL36;RPS19;RPS15;RPS16;TPT1;RPLP1;FTL;JUND;RPL34;RPL18;RPLP2;RPL9;RPS8;HLA-B;RPL18A;RPS3;RPS28;RPL13A;RPL37A;RPL8;RPL31;TMSB10;RPS5;RPL27;RPS11;RPL28;RPL38;RPS29;RPL14;RPS20;RPL35;RPL35A;RPS24;RPL6;RPS6;RPS27A;RPL3;RPS7;RPS3A;RPS25;RPS14;RPL7A;RPL29;RPL23A;RPS18;RPL32;UBA52;RPL19;RPS13;RPS9;RPSA;RPL27A;RPL11;ANXA1;NACA;RPS4X;RPL39;FAU;RPS2;EIF1,HSP90AA1;IL7R;TSC22D3;SRGN;BTG1;ZFP36L2;VIM;RPS21;RPL36;RPS19;RPS15;RPS16;TPT1;RPLP1;FTL;JUND;RPL34;RPL18;RPLP2;RPL9;RPS8;HLA-B;RPL18A;RPS3;RPS28;RPL13A;RPL37A;RPL8;RPL31;TMSB10;RPS5;RPL27;RPS11;RPL28;RPL38;RPS29;RPL14;RPS20;RPL35;RPL35A;RPS24;RPL6;RPS6;RPS27A;RPL3;RPS7;RPS3A;RPS25;RPS14;RPL7A;RPL29;RPL23A;RPS18;RPL32;UBA52;RPL19;RPS13;RPS9;RPSA;RPL27A;RPL11;ANXA1;NACA;RPS4X;RPL39;FAU;RPS2;EIF1;RPS27;RPS15A;RPL30;RPL5;RPL37;RPLP0;RPL41;RPS23;HLA-A;PTMA;RPL10A;RPL21;EEF1A1;FTH1;RPL12;B2M;TMSB4X;RPL15;EEF1B2;CALM1;RPL26,"[996, 1012, 1034, 1146, 1239, 1382, 1399, 1679, 2297, 2336, 2583, 2683, 2707, 2741, 3009, 3051, 3066, 3110, 3161, 3204, 3240, 3273, 3274, 3341, 3464, 3478, 3513, 3549, 3614, 3661, 3685, 3894, 3907, 3938, 3947, 4056, 4093, 4125, 4163, 4202, 4212, 4220, 4340, 4464, 4465, 4486, 4491, 4542, 4601, 4603, 4699, 4751, 4800, 4803, 4863, 4864, 4883, 4925, 5014, 5032, 5044, 5053, 5174, 5294, 5363, 5365, 5472, 5574, 5753, 5993, 6030, 6075, 6213, 6265, 6566, 6735, 7026, 7036, 7111, 7173, 7718, 7728, 8419, 8759, 8993, 10085, 11512, 13283, 16730]","Tabula_Sapiens__Large Intestine-cd4-positive, Alpha-Beta T Cell"
Tabula_Sapiens,Lung-non-classical Monocyte,prerank,0.5997034990172058,2.3816028613600353,0.0,0.0,0.0,65_90,65/90,28.80%,C1QA;S100A4;C1QB;LYZ;TYROBP;CD163;S100A9;HLA-DRA;FCER1G;CD74;S100A11;SRGN;FOS;S100A6;VIM;CTSS;HLA-DPA1;RPL36;RPS19;GPX1;RPS15;RPS16;TPT1;RPLP1;SH3BGRL3;FTL;RPL34;OAZ1;RPL18;RPLP2;RPL9;RPS8;HLA-B;RPL18A;RPS3;RPS28;RPL13A;RPL37A;RPL8;TMSB10;APOE;RPS11;RPL28;RPS29;RPL14;RPS20;RPL35A;RPS24;RPL6;RPS6;RPS27A;RPL3;RPS7;RPS3A;RPS14;RPL7A;RPL29;RPS18;RPL32;UBA52;RPL19;RPS13;RPS9;RPL27A;RPL11,C1QA;S100A4;C1QB;LYZ;TYROBP;CD163;S100A9;HLA-DRA;FCER1G;CD74;S100A11;SRGN;FOS;S100A6;VIM;CTSS;HLA-DPA1;RPL36;RPS19;GPX1;RPS15;RPS16;TPT1;RPLP1;SH3BGRL3;FTL;RPL34;OAZ1;RPL18;RPLP2;RPL9;RPS8;HLA-B;RPL18A;RPS3;RPS28;RPL13A;RPL37A;RPL8;TMSB10;APOE;RPS11;RPL28;RPS29;RPL14;RPS20;RPL35A;RPS24;RPL6;RPS6;RPS27A;RPL3;RPS7;RPS3A;RPS14;RPL7A;RPL29;RPS18;RPL32;UBA52;RPL19;RPS13;RPS9;RPL27A;RPL11;RPS4X;RPL39;FAU;RPS2;EIF1;CTSB;TXNIP;RPS27;RPS15A;RPL30;AIF1;RPL37;CST3;RPL41;RPS23;PTMA;RPL21;EEF1A1;FTH1;RPL12;B2M;TMSB4X;RPL15;RNASE1;RPL26,"[196, 245, 399, 574, 656, 818, 820, 855, 857, 908, 1102, 1146, 1219, 1299, 1399, 1687, 1918, 2297, 2336, 2540, 2583, 2683, 2707, 2741, 2777, 3009, 3066, 3070, 3110, 3161, 3204, 3240, 3273, 3274, 3341, 3464, 3478, 3513, 3549, 3661, 3783, 3907, 3938, 4056, 4093, 4125, 4202, 4212, 4220, 4340, 4464, 4465, 4486, 4491, 4601, 4603, 4699, 4800, 4803, 4863, 4864, 4883, 4925, 5032, 5044, 5294, 5363, 5365, 5472, 5574, 5660, 5739, 5753, 5993, 6030, 6152, 6213, 6273, 6566, 6735, 7036, 7173, 7718, 7728, 8419, 8759, 8993, 10085, 16286, 16730]",Tabula_Sapiens__Lung-non-classical Monocyte
Tabula_Sapiens,Trachea-tracheal Goblet Cell,prerank,0.5219802876782506,2.0372178055755756,0.0,0.0,0.0,54_81,54/81,29.01%,SLPI;KRT18;S100P;CXCL1;MUC1;LCN2;S100A9;S100A11;KRT19;VMO1;S100A6;ANXA2;BPIFB1;KRT8;XBP1;SERF2;RPL36;RPS19;RPS16;TFF3;TPT1;RPLP1;GSTP1;RPL34;CD63;RPL18;RPLP2;RPS8;HLA-B;RPL18A;AQP5;RPS28;RPL13A;RPL37A;RPL8;TMSB10;SCGB1A1;RPS11;RPL28;PRDX1;RPS29;RPS24;RPS6;RPS27A;RPL3;RPS14;RPL7A;MUC5AC;RPS18;RPL19;HLA-C;ANXA1;PRSS23;MYL6,SLPI;KRT18;S100P;CXCL1;MUC1;LCN2;S100A9;S100A11;KRT19;VMO1;S100A6;ANXA2;BPIFB1;KRT8;XBP1;SERF2;RPL36;RPS19;RPS16;TFF3;TPT1;RPLP1;GSTP1;RPL34;CD63;RPL18;RPLP2;RPS8;HLA-B;RPL18A;AQP5;RPS28;RPL13A;RPL37A;RPL8;TMSB10;SCGB1A1;RPS11;RPL28;PRDX1;RPS29;RPS24;RPS6;RPS27A;RPL3;RPS14;RPL7A;MUC5AC;RPS18;RPL19;HLA-C;ANXA1;PRSS23;MYL6;RPL39;RPS2;LGALS3;RPS27;GAPDH;RPL37;RPL41;HLA-A;PTMA;CD55;EEF1A1;FTH1;WFDC2;TSPAN1;RPL12;PPDPF;B2M;TMSB4X;SCGB3A1;ACTG1;RARRES1;ATP1B1;ELF3;CD9;KRT7;MUC5B;TACSTD2,"[42, 166, 233, 594, 723, 756, 820, 1102, 1151, 1226, 1299, 1542, 1569, 1580, 1799, 2068, 2297, 2336, 2683, 2699, 2707, 2741, 2918, 3066, 3076, 3110, 3161, 3240, 3273, 3274, 3398, 3464, 3478, 3513, 3549, 3661, 3821, 3907, 3938, 4033, 4056, 4212, 4340, 4464, 4465, 4601, 4603, 4795, 4800, 4864, 5034, 5053, 5059, 5081, 5363, 5472, 5562, 5753, 5812, 6213, 6566, 7026, 7036, 7327, 7718, 7728, 7784, 8356, 8419, 8669, 8759, 8993, 11110, 11600, 12374, 13412, 14662, 15173, 16393, 16962, 17189]",Tabula_Sapiens__Trachea-tracheal Goblet Cell
Tabula_Sapiens,Large Intestine-monocyte,prerank,0.6134702926145046,2.450216639834745,0.0,0.0,0.0,43_87,43/87,17.66%,HSPA1A;HSPA1B;DNAJB1;MAFF;MT2A;SOCS3;CEBPD;SERTAD1;NFKBIA;CCL2;CDKN1A;HSPH1;CLU;IRF1;GADD45B;CRYAB;HSP90AA1;DNAJA1;FOS;BTG1;S100A6;RGCC;VIM;KLF4;S100A10;ZFP36L1;EMP1;SAMHD1;ZFP36;IER2;PDK4;IER3;PPP1R15A;JUN;HSP90AB1;TIMP3;LGALS1;TPT1;RPLP1;HLA-E;FTL;JUND;LGI4,HSPA1A;HSPA1B;DNAJB1;MAFF;MT2A;SOCS3;CEBPD;SERTAD1;NFKBIA;CCL2;CDKN1A;HSPH1;CLU;IRF1;GADD45B;CRYAB;HSP90AA1;DNAJA1;FOS;BTG1;S100A6;RGCC;VIM;KLF4;S100A10;ZFP36L1;EMP1;SAMHD1;ZFP36;IER2;PDK4;IER3;PPP1R15A;JUN;HSP90AB1;TIMP3;LGALS1;TPT1;RPLP1;HLA-E;FTL;JUND;LGI4;RPL37A;TMSB10;RPL28;SCN7A;ATF3;RPL3;LMNA;ANXA1;UBB;RPS2;EIF1;RPS27;CST3;NNMT;RPL41;PTMA;HNRNPA2B1;EEF1A1;FTH1;HSPA8;FOSB;SPARCL1;GPX3;RHOB;B2M;RCAN1;BTG2;SRSF3;DDX5;CALM2;IGFBP7;ACTG1;CYCS;VMP1;NR4A1;SOX4;CALM1;NRXN1;CD9;DST;PLP1;WSB1;TUBA1A;EGR1,"[2, 7, 8, 25, 145, 158, 312, 411, 438, 636, 715, 718, 751, 753, 762, 969, 996, 1202, 1219, 1239, 1299, 1356, 1399, 1437, 1551, 1595, 1664, 1789, 1852, 2071, 2104, 2252, 2264, 2405, 2454, 2602, 2686, 2707, 2741, 2908, 3009, 3051, 3093, 3513, 3661, 3938, 4094, 4249, 4465, 4905, 5053, 5432, 5472, 5574, 5753, 6273, 6420, 6566, 7036, 7364, 7718, 7728, 7892, 7914, 7992, 7997, 8680, 8759, 8774, 9417, 9816, 9867, 10877, 11361, 11600, 12163, 12668, 12865, 13059, 13283, 13653, 15173, 15276, 15345, 16707, 16804, 17016]",Tabula_Sapiens__Large Intestine-monocyte
Tabula_Sapiens,Bladder-mast Cell,prerank,0.6223943723201811,2.460459892533643,0.0,0.0,0.0,68_87,68/87,31.24%,HSPA1A;S100A8;S100A4;NFKBIA;S100A9;HSP90AA1;SRGN;CLIC1;BTG1;S100A6;TNFAIP3;VIM;RPS21;HPGDS;RPL36;RPS19;TPSAB1;RPS15;RPS16;TPT1;RPLP1;FTL;JUND;RPL34;CD63;RPL18;RPL9;RPS8;RPL18A;RPS3;RPS28;RPL13A;RPL37A;RPL8;RPL36AL;TMSB10;RPS5;RPS11;RPL28;RPS29;RPL14;RPL35A;RPS24;RPL6;RPS6;RPS27A;RPL3;RPS7;RPS3A;RPS25;RPS14;RPL7A;RPL29;RPS18;RPL32;RPL19;RPS13;LMNA;RPS9;RPSA;RPL11;ANXA1;NACA;RPS4X;RPL39;FAU;UBB;RPS2,HSPA1A;S100A8;S100A4;NFKBIA;S100A9;HSP90AA1;SRGN;CLIC1;BTG1;S100A6;TNFAIP3;VIM;RPS21;HPGDS;RPL36;RPS19;TPSAB1;RPS15;RPS16;TPT1;RPLP1;FTL;JUND;RPL34;CD63;RPL18;RPL9;RPS8;RPL18A;RPS3;RPS28;RPL13A;RPL37A;RPL8;RPL36AL;TMSB10;RPS5;RPS11;RPL28;RPS29;RPL14;RPL35A;RPS24;RPL6;RPS6;RPS27A;RPL3;RPS7;RPS3A;RPS25;RPS14;RPL7A;RPL29;RPS18;RPL32;RPL19;RPS13;LMNA;RPS9;RPSA;RPL11;ANXA1;NACA;RPS4X;RPL39;FAU;UBB;RPS2;EIF1;RPS27;GAPDH;RPS15A;RPL30;RPL5;RPL37;RPL41;RPS23;PTMA;RPL21;EEF1A1;FTH1;FOSB;RPL12;B2M;TMSB4X;RPL15;CD69,"[2, 157, 245, 438, 820, 996, 1146, 1171, 1239, 1299, 1329, 1399, 1679, 2037, 2297, 2336, 2414, 2583, 2683, 2707, 2741, 3009, 3051, 3066, 3076, 3110, 3204, 3240, 3274, 3341, 3464, 3478, 3513, 3549, 3634, 3661, 3685, 3907, 3938, 4056, 4093, 4202, 4212, 4220, 4340, 4464, 4465, 4486, 4491, 4542, 4601, 4603, 4699, 4800, 4803, 4864, 4883, 4905, 4925, 5014, 5044, 5053, 5174, 5294, 5363, 5365, 5432, 5472, 5574, 5753, 5812, 5993, 6030, 6075, 6213, 6566, 6735, 7036, 7173, 7718, 7728, 7914, 8419, 8759, 8993, 10085, 16391]",Tabula_Sapiens__Bladder-mast Cell
Tabula_Sapiens,Lymph Node-intermediate Monocyte,prerank,0.6074676030019361,2.438119947718744,0.0,0.0,0.0,65_87,65/87,30.63%,S100A8;S100A4;CEBPD;NFKBIA;LYZ;TYROBP;S100A9;HLA-DRA;CD74;HSP90AA1;SRGN;FOS;S100A6;VIM;RPS21;CTSS;RPS19;RPS15;IL1B;RPS16;TPT1;RPLP1;SH3BGRL3;FTL;RPL34;OAZ1;RPL18;RPLP2;RPL9;RPS8;HLA-B;RPL18A;RPS3;RPS28;RPL13A;RPL37A;RPL8;TMSB10;RPS11;RPL28;RPS29;RPS20;RPL35A;RPS24;RPL6;RPS6;RPS27A;RPL3;RPS7;RPS3A;RPS14;RPL7A;RPL29;RPS18;RPL32;UBA52;RPL19;RPS13;RPS9;RPL27A;RPL11;NACA;RPS4X;RPL39;FAU,S100A8;S100A4;CEBPD;NFKBIA;LYZ;TYROBP;S100A9;HLA-DRA;CD74;HSP90AA1;SRGN;FOS;S100A6;VIM;RPS21;CTSS;RPS19;RPS15;IL1B;RPS16;TPT1;RPLP1;SH3BGRL3;FTL;RPL34;OAZ1;RPL18;RPLP2;RPL9;RPS8;HLA-B;RPL18A;RPS3;RPS28;RPL13A;RPL37A;RPL8;TMSB10;RPS11;RPL28;RPS29;RPS20;RPL35A;RPS24;RPL6;RPS6;RPS27A;RPL3;RPS7;RPS3A;RPS14;RPL7A;RPL29;RPS18;RPL32;UBA52;RPL19;RPS13;RPS9;RPL27A;RPL11;NACA;RPS4X;RPL39;FAU;RPS2;EIF1;TXNIP;RPS27;GAPDH;RPS15A;RPL30;AIF1;RPL37;CST3;RPL41;RPS23;PTMA;RPL21;EEF1A1;FTH1;RPL12;B2M;TMSB4X;RPL15;THBS1;RPL26,"[157, 245, 312, 438, 574, 656, 820, 855, 908, 996, 1146, 1219, 1299, 1399, 1679, 1687, 2336, 2583, 2654, 2683, 2707, 2741, 2777, 3009, 3066, 3070, 3110, 3161, 3204, 3240, 3273, 3274, 3341, 3464, 3478, 3513, 3549, 3661, 3907, 3938, 4056, 4125, 4202, 4212, 4220, 4340, 4464, 4465, 4486, 4491, 4601, 4603, 4699, 4800, 4803, 4863, 4864, 4883, 4925, 5032, 5044, 5174, 5294, 5363, 5365, 5472, 5574, 5739, 5753, 5812, 5993, 6030, 6152, 6213, 6273, 6566, 6735, 7036, 7173, 7718, 7728, 8419, 8759, 8993, 10085, 10764, 16730]",Tabula_Sapiens__Lymph Node-intermediate Monocyte
Tabula_Sapiens,Bone Marrow-hematopoietic Stem Cell,prerank,0.5455102013128765,2.177183741359191,0.0,0.0,0.0,65_89,65/89,31.24%,CD74;FOS;ZFP36L2;RPS21;RPL36;RPS19;HSP90AB1;RPS15;RPS16;TPT1;RPLP1;FTL;JUND;RPL34;RPL18;RPLP2;RPL9;RPS8;RPL18A;RPS3;RPS26;RPS28;RPL13A;RPL37A;RPL8;RPL31;TMSB10;RPS5;RPL27;RPS11;RPL28;RPL38;RPS29;RPL14;RPS20;RPL35;RPL35A;RPS24;RPL6;RPS6;RPS27A;RPL3;RPS7;RPS3A;RPS25;RPS14;RPL7A;RPL29;RPL23A;RPS18;RPL32;UBA52;RPL19;RPS13;RPS9;RPL7;RPSA;RPL27A;RPL11;NACA;RPS4X;RPL4;RPL39;FAU;RPS2,CD74;FOS;ZFP36L2;RPS21;RPL36;RPS19;HSP90AB1;RPS15;RPS16;TPT1;RPLP1;FTL;JUND;RPL34;RPL18;RPLP2;RPL9;RPS8;RPL18A;RPS3;RPS26;RPS28;RPL13A;RPL37A;RPL8;RPL31;TMSB10;RPS5;RPL27;RPS11;RPL28;RPL38;RPS29;RPL14;RPS20;RPL35;RPL35A;RPS24;RPL6;RPS6;RPS27A;RPL3;RPS7;RPS3A;RPS25;RPS14;RPL7A;RPL29;RPL23A;RPS18;RPL32;UBA52;RPL19;RPS13;RPS9;RPL7;RPSA;RPL27A;RPL11;NACA;RPS4X;RPL4;RPL39;FAU;RPS2;RPS27;GAPDH;RPS15A;RPL30;RPL5;RPL37;RPLP0;PABPC1;RPL41;RPS23;PTMA;RPL10A;RPL21;EEF1A1;FTH1;RPL12;B2M;EEF2;RPL15;EEF1B2;ACTG1;NPM1;HNRNPA1;RPL26,"[908, 1219, 1382, 1679, 2297, 2336, 2454, 2583, 2683, 2707, 2741, 3009, 3051, 3066, 3110, 3161, 3204, 3240, 3274, 3341, 3446, 3464, 3478, 3513, 3549, 3614, 3661, 3685, 3894, 3907, 3938, 3947, 4056, 4093, 4125, 4163, 4202, 4212, 4220, 4340, 4464, 4465, 4486, 4491, 4542, 4601, 4603, 4699, 4751, 4800, 4803, 4863, 4864, 4883, 4925, 4984, 5014, 5032, 5044, 5174, 5294, 5360, 5363, 5365, 5472, 5753, 5812, 5993, 6030, 6075, 6213, 6265, 6350, 6566, 6735, 7036, 7111, 7173, 7718, 7728, 8419, 8759, 9092, 10085, 11512, 11600, 12801, 13047, 16730]",Tabula_Sapiens__Bone Marrow-hematopoietic Stem Cell
Tabula_Sapiens,"Small Intestine-cd4-positive, Alpha-Beta T Cell",prerank,0.585537075416165,2.3509294801322214,0.0,0.0,0.0,67_90,67/90,30.63%,HSP90AA1;IL7R;TSC22D3;SRGN;BTG1;TNFAIP3;ZFP36L2;VIM;RPS21;RPL36;RPS19;RPS15;RPS16;TPT1;RPLP1;FTL;JUND;RPL34;RPL18;RPLP2;RPL9;RPS8;HLA-B;RPL18A;RPS3;RPS28;RPL13A;RPL37A;RPL8;RPL31;TMSB10;RPS5;RPL27;RPS11;RPL28;RPL38;RPS29;RPL14;RPS20;RPL35;RPL35A;RPS24;RPL6;RPS6;RPS27A;RPL3;RPS7;RPS3A;RPS25;RPS14;RPL7A;RPL29;RPL23A;RPS18;RPL32;UBA52;RPL19;RPS13;RPS9;RPSA;RPL27A;RPL11;ANXA1;NACA;RPS4X;RPL39;FAU,HSP90AA1;IL7R;TSC22D3;SRGN;BTG1;TNFAIP3;ZFP36L2;VIM;RPS21;RPL36;RPS19;RPS15;RPS16;TPT1;RPLP1;FTL;JUND;RPL34;RPL18;RPLP2;RPL9;RPS8;HLA-B;RPL18A;RPS3;RPS28;RPL13A;RPL37A;RPL8;RPL31;TMSB10;RPS5;RPL27;RPS11;RPL28;RPL38;RPS29;RPL14;RPS20;RPL35;RPL35A;RPS24;RPL6;RPS6;RPS27A;RPL3;RPS7;RPS3A;RPS25;RPS14;RPL7A;RPL29;RPL23A;RPS18;RPL32;UBA52;RPL19;RPS13;RPS9;RPSA;RPL27A;RPL11;ANXA1;NACA;RPS4X;RPL39;FAU;RPS2;EIF1;RPS27;RPS15A;RPL30;RPL5;RPL37;RPLP0;RPL41;RPS23;HLA-A;PTMA;RPL10A;RPL21;EEF1A1;FTH1;RPL12;B2M;TMSB4X;RPL15;CCL4;EEF1B2;RPL26,"[996, 1012, 1034, 1146, 1239, 1329, 1382, 1399, 1679, 2297, 2336, 2583, 2683, 2707, 2741, 3009, 3051, 3066, 3110, 3161, 3204, 3240, 3273, 3274, 3341, 3464, 3478, 3513, 3549, 3614, 3661, 3685, 3894, 3907, 3938, 3947, 4056, 4093, 4125, 4163, 4202, 4212, 4220, 4340, 4464, 4465, 4486, 4491, 4542, 4601, 4603, 4699, 4751, 4800, 4803, 4863, 4864, 4883, 4925, 5014, 5032, 5044, 5053, 5174, 5294, 5363, 5365, 5472, 5574, 5753, 5993, 6030, 6075, 6213, 6265, 6566, 6735, 7026, 7036, 7111, 7173, 7718, 7728, 8419, 8759, 8993, 10085, 10797, 11512, 16730]","Tabula_Sapiens__Small Intestine-cd4-positive, Alpha-Beta T Cell"
Tabula_Sapiens,Lymph Node-classical Monocyte,prerank,0.6417029415384797,2.578492668878668,0.0,0.0,0.0,51_86,51/86,24.05%,S100A8;S100A4;PLAUR;CEBPD;NFKBIA;CEBPB;C5AR1;LYZ;TYROBP;S100A9;HLA-DRA;FCER1G;PNRC1;CD74;HSP90AA1;S100A11;SRGN;FOS;S100A6;TNFAIP3;VIM;MCL1;NFKBIZ;CTSS;ZFP36;SERF2;RGS2;GPX1;IL1B;RPS16;TPT1;RPLP1;SH3BGRL3;FCN1;FTL;RPL34;OAZ1;RPLP2;VCAN;RPS8;HLA-B;RPL18A;RPS28;RPL13A;RPL37A;TMSB10;RPS11;RPL28;RPS29;RPL35A;RPS24,S100A8;S100A4;PLAUR;CEBPD;NFKBIA;CEBPB;C5AR1;LYZ;TYROBP;S100A9;HLA-DRA;FCER1G;PNRC1;CD74;HSP90AA1;S100A11;SRGN;FOS;S100A6;TNFAIP3;VIM;MCL1;NFKBIZ;CTSS;ZFP36;SERF2;RGS2;GPX1;IL1B;RPS16;TPT1;RPLP1;SH3BGRL3;FCN1;FTL;RPL34;OAZ1;RPLP2;VCAN;RPS8;HLA-B;RPL18A;RPS28;RPL13A;RPL37A;TMSB10;RPS11;RPL28;RPS29;RPL35A;RPS24;RPS14;RPS18;RPL32;UBA52;RPL19;RPS13;RPS9;RPL11;RPS4X;RPL39;FAU;RPS2;EIF1;RPS27;GAPDH;RPS15A;RPL30;AIF1;RPL37;CST3;PABPC1;RPL41;RPS23;HLA-A;PTMA;EEF1A1;FTH1;RPL12;B2M;TMSB4X;NAMPT;MNDA;SOD2;THBS1;EREG,"[157, 245, 295, 312, 438, 464, 497, 574, 656, 820, 855, 857, 875, 908, 996, 1102, 1146, 1219, 1299, 1329, 1399, 1560, 1641, 1687, 1852, 2068, 2412, 2540, 2654, 2683, 2707, 2741, 2777, 2968, 3009, 3066, 3070, 3161, 3195, 3240, 3273, 3274, 3464, 3478, 3513, 3661, 3907, 3938, 4056, 4202, 4212, 4601, 4800, 4803, 4863, 4864, 4883, 4925, 5044, 5294, 5363, 5365, 5472, 5574, 5753, 5812, 5993, 6030, 6152, 6213, 6273, 6350, 6566, 6735, 7026, 7036, 7718, 7728, 8419, 8759, 8993, 9148, 9168, 9365, 10764, 11223]",Tabula_Sapiens__Lymph Node-classical Monocyte
Tabula_Sapiens,Muscle-pericyte Cell,prerank,0.5583971030060976,2.2350480343333454,0.0,0.0,0.0,41_88,41/88,20.08%,HSPA1A;HSPB1;HSPA1B;DNAJB1;MT1M;MT1A;MT2A;SOCS3;CEBPD;YBX3;CCL2;CDKN1A;HSPH1;GADD45B;NDUFA4L2;IFITM3;HSPD1;HSP90AA1;DNAJA1;FOS;VIM;SLC9A3R2;IGFBP5;ZFP36;RPS19;JUN;HSP90AB1;ADIRF;TIMP3;TPT1;RPLP1;FTL;JUND;RPL34;RPLP2;RPL9;RPS8;RPS28;RPL13A;RPL37A;ADAMTS1,HSPA1A;HSPB1;HSPA1B;DNAJB1;MT1M;MT1A;MT2A;SOCS3;CEBPD;YBX3;CCL2;CDKN1A;HSPH1;GADD45B;NDUFA4L2;IFITM3;HSPD1;HSP90AA1;DNAJA1;FOS;VIM;SLC9A3R2;IGFBP5;ZFP36;RPS19;JUN;HSP90AB1;ADIRF;TIMP3;TPT1;RPLP1;FTL;JUND;RPL34;RPLP2;RPL9;RPS8;RPS28;RPL13A;RPL37A;ADAMTS1;TMSB10;RPS11;RPS24;ATF3;RPS6;RPS27A;RPL3;RPS14;RPS18;RPL32;RPL19;RPL11;MYL6;RPS4X;FAU;UBB;EIF1;RPS27;RPL30;CALD1;RPL37;RPL41;RPS23;TPM2;PTMA;HNRNPA2B1;EEF1A1;FTH1;EPAS1;HSPA8;FOSB;SPARCL1;B2M;TMSB4X;DDX5;FABP4;IGFBP7;CALM1;DSTN;CAV1;TPM1;ADAMTS4;RGS5;MYL9;TAGLN;EGR1;ACTA2,"[2, 4, 7, 8, 126, 138, 145, 158, 312, 466, 636, 715, 718, 762, 789, 970, 987, 996, 1202, 1219, 1399, 1788, 1810, 1852, 2336, 2405, 2454, 2504, 2602, 2707, 2741, 3009, 3051, 3066, 3161, 3204, 3240, 3464, 3478, 3513, 3516, 3661, 3907, 4212, 4249, 4340, 4464, 4465, 4601, 4800, 4803, 4864, 5044, 5081, 5294, 5365, 5432, 5574, 5753, 6030, 6176, 6213, 6566, 6735, 6931, 7036, 7364, 7718, 7728, 7874, 7892, 7914, 7992, 8759, 8993, 9867, 9876, 11361, 13283, 13724, 13967, 14533, 16093, 16120, 16189, 16652, 17016, 17447]",Tabula_Sapiens__Muscle-pericyte Cell
Tabula_Sapiens,Spleen-cd141-positive Myeloid Dendritic Cell,prerank,0.5910044845769666,2.3824558345614157,0.0,0.0,0.0,66_88,66/88,30.63%,C1QA;CEBPD;C1QB;HLA-DRB1;LYZ;HLA-DRA;CD74;SRGN;VIM;RPS21;HLA-DPA1;HERPUD1;RPL36;RPS19;GPX1;RPS15;RPS16;TPT1;RPLP1;FTL;RPL34;RPL18;RPLP2;RPL9;RPS8;HLA-B;RPL18A;RPS3;RPS26;RPS28;RPL13A;RPL37A;RPL8;TMSB10;RPS11;RPL28;RPL38;RPS29;RPL14;RPS20;RPL35A;RPS24;RPL6;RPS6;RPS27A;RPL3;RPS7;RPS3A;RPS25;RPS14;RPL7A;RPL29;RPL23A;RPS18;RPL32;UBA52;RPL19;RPS13;RPS9;RPSA;RPL27A;RPL11;NACA;RPS4X;RPL39;FAU,C1QA;CEBPD;C1QB;HLA-DRB1;LYZ;HLA-DRA;CD74;SRGN;VIM;RPS21;HLA-DPA1;HERPUD1;RPL36;RPS19;GPX1;RPS15;RPS16;TPT1;RPLP1;FTL;RPL34;RPL18;RPLP2;RPL9;RPS8;HLA-B;RPL18A;RPS3;RPS26;RPS28;RPL13A;RPL37A;RPL8;TMSB10;RPS11;RPL28;RPL38;RPS29;RPL14;RPS20;RPL35A;RPS24;RPL6;RPS6;RPS27A;RPL3;RPS7;RPS3A;RPS25;RPS14;RPL7A;RPL29;RPL23A;RPS18;RPL32;UBA52;RPL19;RPS13;RPS9;RPSA;RPL27A;RPL11;NACA;RPS4X;RPL39;FAU;RPS2;EIF1;RPS27;RPS15A;RPL30;RPL5;RPL37;CST3;RPL41;RPS23;PTMA;RPL10A;RPL21;EEF1A1;FTH1;RPL12;B2M;TMSB4X;RPL15;ACTG1;S100B;RPL26,"[196, 312, 399, 558, 574, 855, 908, 1146, 1399, 1679, 1918, 2276, 2297, 2336, 2540, 2583, 2683, 2707, 2741, 3009, 3066, 3110, 3161, 3204, 3240, 3273, 3274, 3341, 3446, 3464, 3478, 3513, 3549, 3661, 3907, 3938, 3947, 4056, 4093, 4125, 4202, 4212, 4220, 4340, 4464, 4465, 4486, 4491, 4542, 4601, 4603, 4699, 4751, 4800, 4803, 4863, 4864, 4883, 4925, 5014, 5032, 5044, 5174, 5294, 5363, 5365, 5472, 5574, 5753, 5993, 6030, 6075, 6213, 6273, 6566, 6735, 7036, 7111, 7173, 7718, 7728, 8419, 8759, 8993, 10085, 11600, 14438, 16730]",Tabula_Sapiens__Spleen-cd141-positive Myeloid Dendritic Cell
Tabula_Sapiens,Lung-capillary Aerocyte,prerank,0.6214776059467525,2.478449787700296,0.0,0.0,0.0,45_86,45/86,19.62%,MT1M;MT2A;SOCS3;S100A4;MT1E;CEBPD;MT1X;IFITM2;TM4SF1;GADD45B;CLDN5;KLF2;CD74;ID3;IFITM3;EGFL7;S100A11;HYAL2;PODXL;S100A6;RGCC;VIM;STOM;S100A10;ZFP36L1;SLC9A3R2;GNG11;ZFP36;FCN3;CD59;EMP2;JUN;PON2;ADIRF;TIMP3;TPT1;RPLP1;IL1RL1;HLA-E;FTL;JUND;HLA-B;IFI27;MYL12A;SGK1,MT1M;MT2A;SOCS3;S100A4;MT1E;CEBPD;MT1X;IFITM2;TM4SF1;GADD45B;CLDN5;KLF2;CD74;ID3;IFITM3;EGFL7;S100A11;HYAL2;PODXL;S100A6;RGCC;VIM;STOM;S100A10;ZFP36L1;SLC9A3R2;GNG11;ZFP36;FCN3;CD59;EMP2;JUN;PON2;ADIRF;TIMP3;TPT1;RPLP1;IL1RL1;HLA-E;FTL;JUND;HLA-B;IFI27;MYL12A;SGK1;TMSB10;RPL28;LY6E;RPS27A;RPS14;EDNRB;RPS18;HLA-C;RPL11;MYL6;ARHGAP29;ID1;EIF1;IFNGR1;TXNIP;RPS27;GAPDH;EMCN;RPL41;RAMP2;HLA-A;PTMA;EEF1A1;FTH1;EPAS1;SPARCL1;RHOB;B2M;TMSB4X;MYL12B;DDX5;SPARC;HPGD;ITM2B;ACTG1;CALM1;APP;CAV1;RTN4;CD9;CA4,"[126, 145, 158, 245, 308, 312, 318, 633, 694, 762, 781, 811, 908, 956, 970, 1001, 1102, 1134, 1161, 1299, 1356, 1399, 1517, 1551, 1595, 1788, 1851, 1852, 1910, 2017, 2358, 2405, 2503, 2504, 2602, 2707, 2741, 2840, 2908, 3009, 3051, 3273, 3312, 3359, 3436, 3661, 3938, 4330, 4464, 4601, 4666, 4800, 5034, 5044, 5081, 5187, 5430, 5574, 5652, 5739, 5753, 5812, 6200, 6566, 6745, 7026, 7036, 7718, 7728, 7874, 7992, 8680, 8759, 8993, 9029, 9867, 9882, 10856, 11214, 11600, 13283, 13823, 13967, 13972, 15173, 15600]",Tabula_Sapiens__Lung-capillary Aerocyte
Tabula_Sapiens,Liver-plasma Cell,prerank,0.5265710903202286,2.096082457830077,0.0,0.0,0.0,59_86,59/86,30.63%,MZB1;CYBA;HLA-DRA;CD74;DERL3;RPS21;XBP1;HLA-DPA1;SERF2;RPL36;RPS19;JUN;RPS15;RPS16;TPT1;RPLP1;FTL;RPL34;RPL18;RPLP2;RPL9;RPS8;RPL18A;RPS3;RPS28;RPL13A;RPL37A;RPL8;TMSB10;RPS5;RPS11;RPL28;RPS29;RPL14;RPL35;RPL35A;RPS24;RPL6;RPS6;RPS27A;RPL3;RPS7;RPS3A;RPS14;RPL7A;RPL29;RPL23A;RPS18;RPL32;RPL19;RPS13;RPS9;RPSA;RPL27A;RPL11;NACA;RPS4X;RPL39;FAU,MZB1;CYBA;HLA-DRA;CD74;DERL3;RPS21;XBP1;HLA-DPA1;SERF2;RPL36;RPS19;JUN;RPS15;RPS16;TPT1;RPLP1;FTL;RPL34;RPL18;RPLP2;RPL9;RPS8;RPL18A;RPS3;RPS28;RPL13A;RPL37A;RPL8;TMSB10;RPS5;RPS11;RPL28;RPS29;RPL14;RPL35;RPL35A;RPS24;RPL6;RPS6;RPS27A;RPL3;RPS7;RPS3A;RPS14;RPL7A;RPL29;RPL23A;RPS18;RPL32;RPL19;RPS13;RPS9;RPSA;RPL27A;RPL11;NACA;RPS4X;RPL39;FAU;RPS2;EIF1;HSP90B1;RPS27;RPS15A;RPL30;RPL5;RPL37;RPLP0;RPL41;RPS23;SSR4;PTMA;RPL10A;RPL21;PPIB;EEF1A1;RPL12;SEC11C;B2M;TMSB4X;BTG2;RPL15;EEF1B2;ACTG1;RPL26;ALB,"[75, 470, 855, 908, 1055, 1679, 1799, 1918, 2068, 2297, 2336, 2405, 2583, 2683, 2707, 2741, 3009, 3066, 3110, 3161, 3204, 3240, 3274, 3341, 3464, 3478, 3513, 3549, 3661, 3685, 3907, 3938, 4056, 4093, 4163, 4202, 4212, 4220, 4340, 4464, 4465, 4486, 4491, 4601, 4603, 4699, 4751, 4800, 4803, 4864, 4883, 4925, 5014, 5032, 5044, 5174, 5294, 5363, 5365, 5472, 5574, 5669, 5753, 5993, 6030, 6075, 6213, 6265, 6566, 6735, 6863, 7036, 7111, 7173, 7668, 7718, 8419, 8448, 8759, 8993, 9417, 10085, 11512, 11600, 16730, 17324]",Tabula_Sapiens__Liver-plasma Cell
Tabula_Sapiens,Bladder-myofibroblast Cell,prerank,0.6199390683673457,2.4771602699716126,0.0,0.0,0.0,62_89,62/89,28.12%,HSPA1A;SLPI;MT2A;CEBPD;FBLN1;MT1X;NFKBIA;CEBPB;PNRC1;CRYAB;IFITM3;HSP90AA1;FOS;S100A6;DCN;VIM;TIMP1;ZFP36L1;NFKBIZ;ZFP36;HSPA5;COL1A2;IER3;RPS19;JUN;HSP90AB1;RPS15;RPS16;LGALS1;TPT1;RPLP1;FTL;JUND;RPL34;CD63;RPL18;RPLP2;RPL9;RPS8;RPL18A;RPS3;RPL13A;RPL37A;ADAMTS1;RPL8;RPS11;RPL28;RPL35A;RPS24;RPS6;RPS27A;RPL3;RPS7;RPS3A;RPS14;RPL7A;RPL29;RPS18;RPL32;RPL19;RPS13;RPS9,HSPA1A;SLPI;MT2A;CEBPD;FBLN1;MT1X;NFKBIA;CEBPB;PNRC1;CRYAB;IFITM3;HSP90AA1;FOS;S100A6;DCN;VIM;TIMP1;ZFP36L1;NFKBIZ;ZFP36;HSPA5;COL1A2;IER3;RPS19;JUN;HSP90AB1;RPS15;RPS16;LGALS1;TPT1;RPLP1;FTL;JUND;RPL34;CD63;RPL18;RPLP2;RPL9;RPS8;RPL18A;RPS3;RPL13A;RPL37A;ADAMTS1;RPL8;RPS11;RPL28;RPL35A;RPS24;RPS6;RPS27A;RPL3;RPS7;RPS3A;RPS14;RPL7A;RPL29;RPS18;RPL32;RPL19;RPS13;RPS9;RPL11;RPS4X;RPS2;EIF1;RPS27;RPL30;RPL5;RPL37;RPL41;RPS23;PTMA;RPL10A;RPL21;EEF1A1;FTH1;A2M;FOSB;RPL12;B2M;TMSB4X;SOD2;BTG2;RPL15;PDGFRA;LUM;COL3A1;EGR1,"[2, 42, 145, 312, 317, 318, 438, 464, 875, 969, 970, 996, 1219, 1299, 1395, 1399, 1515, 1595, 1641, 1852, 2084, 2167, 2252, 2336, 2405, 2454, 2583, 2683, 2686, 2707, 2741, 3009, 3051, 3066, 3076, 3110, 3161, 3204, 3240, 3274, 3341, 3478, 3513, 3516, 3549, 3907, 3938, 4202, 4212, 4340, 4464, 4465, 4486, 4491, 4601, 4603, 4699, 4800, 4803, 4864, 4883, 4925, 5044, 5294, 5472, 5574, 5753, 6030, 6075, 6213, 6566, 6735, 7036, 7111, 7173, 7718, 7728, 7759, 7914, 8419, 8759, 8993, 9365, 9417, 10085, 10756, 12182, 15835, 17016]",Tabula_Sapiens__Bladder-myofibroblast Cell
Tabula_Sapiens,Bone Marrow-neutrophil,prerank,0.64961747824151,2.6121172676389337,0.0,0.0,0.0,46_86,46/86,19.18%,MMP9;S100A12;CD177;IL1R2;S100A8;S100P;S100A4;NFKBIA;SERPINA1;CYBA;C5AR1;BCL6;IFITM2;TYROBP;S100A9;CSF3R;FCER1G;TSPO;SELL;SLC2A3;IRAK3;FPR1;ALOX5AP;S100A11;SRGN;FOS;BTG1;S100A6;VIM;MCL1;NFKBIZ;CTSS;IER2;RGS2;PTPRC;MXD1;TPT1;ARHGDIB;PYGL;SH3BGRL3;HLA-E;FTL;OAZ1;EVI2B;HLA-B;MYL12A,MMP9;S100A12;CD177;IL1R2;S100A8;S100P;S100A4;NFKBIA;SERPINA1;CYBA;C5AR1;BCL6;IFITM2;TYROBP;S100A9;CSF3R;FCER1G;TSPO;SELL;SLC2A3;IRAK3;FPR1;ALOX5AP;S100A11;SRGN;FOS;BTG1;S100A6;VIM;MCL1;NFKBIZ;CTSS;IER2;RGS2;PTPRC;MXD1;TPT1;ARHGDIB;PYGL;SH3BGRL3;HLA-E;FTL;OAZ1;EVI2B;HLA-B;MYL12A;KLF6;MYL6;TXNIP;GAPDH;LSP1;PFN1;SDCBP;SERPINB1;HMGB2;CFLAR;HLA-A;CD55;FTH1;TPM3;IQGAP1;B2M;TMSB4X;NAMPT;MNDA;ACSL1;SOD2;DDX5;RTN3;BASP1;ARPC5;LRRK2;ANP32A;ITM2B;ARPC2;MEGF9;ACTG1;ACTR3;SLC25A37;PADI4;SMCHD1;YWHAZ;LITAF;SYNE1;ACTR2;GCA,"[9, 11, 18, 33, 157, 233, 245, 438, 459, 470, 497, 611, 633, 656, 820, 848, 857, 915, 928, 935, 950, 1004, 1045, 1102, 1146, 1219, 1239, 1299, 1399, 1560, 1641, 1687, 2071, 2412, 2422, 2544, 2707, 2742, 2745, 2777, 2908, 3009, 3070, 3269, 3273, 3359, 3544, 5081, 5739, 5812, 5942, 5977, 5990, 6571, 6590, 6908, 7026, 7327, 7728, 8503, 8601, 8759, 8993, 9148, 9168, 9364, 9365, 9867, 10109, 10595, 10736, 11062, 11097, 11214, 11250, 11349, 11600, 11939, 12360, 12566, 12637, 13740, 14933, 15752, 15982, 16271]",Tabula_Sapiens__Bone Marrow-neutrophil
Tabula_Sapiens,Small Intestine-immature Enterocyte,prerank,0.5123552344236555,2.0205866268514447,0.0,0.0,0.0,55_86,55/86,28.80%,HSPA1A;MT2A;MT1G;MT1E;HSP90AA1;KRT19;FOS;KRT8;RPS21;AKR1C3;RPL36;RPS19;JUN;HSP90AB1;RPS15;RPS16;TPT1;RPLP1;GSTP1;FTL;RPL34;RPL18;RPLP2;RPL9;RPS8;RPL18A;RPS3;RPS26;RPS28;RPL13A;RPL37A;KLF6;RPL8;RPS5;RPS11;RPL28;RPS29;RPL14;RPL35A;RPS24;RPS6;RPS27A;RPL3;RPS7;RPS3A;RPS14;RPL7A;RPL29;RPS18;RPL32;RPL19;RPS13;RPS9;RPL27A;RPL11,HSPA1A;MT2A;MT1G;MT1E;HSP90AA1;KRT19;FOS;KRT8;RPS21;AKR1C3;RPL36;RPS19;JUN;HSP90AB1;RPS15;RPS16;TPT1;RPLP1;GSTP1;FTL;RPL34;RPL18;RPLP2;RPL9;RPS8;RPL18A;RPS3;RPS26;RPS28;RPL13A;RPL37A;KLF6;RPL8;RPS5;RPS11;RPL28;RPS29;RPL14;RPL35A;RPS24;RPS6;RPS27A;RPL3;RPS7;RPS3A;RPS14;RPL7A;RPL29;RPS18;RPL32;RPL19;RPS13;RPS9;RPL27A;RPL11;NACA;RPS4X;RPL39;RPS2;COX4I1;RPS27;GAPDH;RPS15A;RPL30;RPL5;RPL37;LGALS4;RPLP0;RPL41;RPS23;PTMA;RPL10A;RPL21;EEF1A1;FTH1;RPL12;B2M;PEBP1;EEF1B2;ACTG1;OLFM4;GSTA1;CALM1;EPCAM;TSPAN8;FABP1,"[2, 145, 165, 308, 996, 1151, 1219, 1580, 1679, 1888, 2297, 2336, 2405, 2454, 2583, 2683, 2707, 2741, 2918, 3009, 3066, 3110, 3161, 3204, 3240, 3274, 3341, 3446, 3464, 3478, 3513, 3544, 3549, 3685, 3907, 3938, 4056, 4093, 4202, 4212, 4340, 4464, 4465, 4486, 4491, 4601, 4603, 4699, 4800, 4803, 4864, 4883, 4925, 5032, 5044, 5174, 5294, 5363, 5472, 5598, 5753, 5812, 5993, 6030, 6075, 6213, 6251, 6265, 6566, 6735, 7036, 7111, 7173, 7718, 7728, 8419, 8759, 10690, 11512, 11600, 12812, 13096, 13283, 16430, 16789, 17237]",Tabula_Sapiens__Small Intestine-immature Enterocyte
Tabula_Sapiens,Lung-basal Cell,prerank,0.5513806641341998,2.228297267977695,0.0,0.0,0.0,66_87,66/87,33.18%,SLPI;S100A11;KRT19;S100A6;RPS21;S100A2;RPL36;RPS19;RPS15;RPS16;TPT1;RPLP1;GSTP1;FTL;RPL34;RPL18;RPLP2;RPL9;RPS8;RPL18A;RPS3;RPS26;RPS28;RPL13A;RPL37A;RPL8;RPS5;SCGB1A1;RPS11;RPL28;RPS29;RPL14;RPS20;RPL35;RPL35A;RPS24;RPL6;RPS6;RPS27A;RPL3;RPS7;RPS3A;RPS25;RPS14;RPL7A;RPL29;RPL23A;RPS18;RPL32;UBA52;RPL19;RPS13;RPS9;RPL7;RPSA;RPL27A;RPL11;NACA;RPS4X;RPL39;FAU;RPS2;EIF1;TXNIP;RPS27;GAPDH,SLPI;S100A11;KRT19;S100A6;RPS21;S100A2;RPL36;RPS19;RPS15;RPS16;TPT1;RPLP1;GSTP1;FTL;RPL34;RPL18;RPLP2;RPL9;RPS8;RPL18A;RPS3;RPS26;RPS28;RPL13A;RPL37A;RPL8;RPS5;SCGB1A1;RPS11;RPL28;RPS29;RPL14;RPS20;RPL35;RPL35A;RPS24;RPL6;RPS6;RPS27A;RPL3;RPS7;RPS3A;RPS25;RPS14;RPL7A;RPL29;RPL23A;RPS18;RPL32;UBA52;RPL19;RPS13;RPS9;RPL7;RPSA;RPL27A;RPL11;NACA;RPS4X;RPL39;FAU;RPS2;EIF1;TXNIP;RPS27;GAPDH;RPS15A;RPL30;RPL5;RPL37;RPLP0;RPL41;RPS23;PTMA;RPL10A;RPL21;EEF1A1;FTH1;WFDC2;RPL12;B2M;TMSB4X;RPL15;ITM2B;ACTG1;CD9;RPL26,"[42, 1102, 1151, 1299, 1679, 1766, 2297, 2336, 2583, 2683, 2707, 2741, 2918, 3009, 3066, 3110, 3161, 3204, 3240, 3274, 3341, 3446, 3464, 3478, 3513, 3549, 3685, 3821, 3907, 3938, 4056, 4093, 4125, 4163, 4202, 4212, 4220, 4340, 4464, 4465, 4486, 4491, 4542, 4601, 4603, 4699, 4751, 4800, 4803, 4863, 4864, 4883, 4925, 4984, 5014, 5032, 5044, 5174, 5294, 5363, 5365, 5472, 5574, 5739, 5753, 5812, 5993, 6030, 6075, 6213, 6265, 6566, 6735, 7036, 7111, 7173, 7718, 7728, 7784, 8419, 8759, 8993, 10085, 11214, 11600, 15173, 16730]",Tabula_Sapiens__Lung-basal Cell
Tabula_Sapiens,Small Intestine-paneth Cell Of Epithelium Of Small Intestine,prerank,0.5895617915519467,2.335029599090291,0.0,0.0,0.0,63_85,63/85,30.63%,HSPA1A;MT1G;LYZ;HSP90AA1;KRT19;FOS;S100A6;KRT8;RPS21;RPL36;RPS19;JUN;RPS15;RPS16;TPT1;RPLP1;FTL;JUND;RPL34;RPL18;RPLP2;RPL9;RPS8;RPL18A;RPS3;RPS26;RPS28;RPL13A;RPL37A;KLF6;RPL8;TMSB10;RPS5;RPS11;CLDN4;RPL28;RPS29;RPL14;RPS20;RPL35A;RPS24;RPL6;RPS6;RPS27A;RPL3;RPS7;RPS3A;RPS14;RPL7A;RPL29;RPL23A;RPS18;RPL32;RPL19;RPS13;RPS9;RPSA;RPL27A;RPL11;NACA;RPS4X;RPL39;FAU,HSPA1A;MT1G;LYZ;HSP90AA1;KRT19;FOS;S100A6;KRT8;RPS21;RPL36;RPS19;JUN;RPS15;RPS16;TPT1;RPLP1;FTL;JUND;RPL34;RPL18;RPLP2;RPL9;RPS8;RPL18A;RPS3;RPS26;RPS28;RPL13A;RPL37A;KLF6;RPL8;TMSB10;RPS5;RPS11;CLDN4;RPL28;RPS29;RPL14;RPS20;RPL35A;RPS24;RPL6;RPS6;RPS27A;RPL3;RPS7;RPS3A;RPS14;RPL7A;RPL29;RPL23A;RPS18;RPL32;RPL19;RPS13;RPS9;RPSA;RPL27A;RPL11;NACA;RPS4X;RPL39;FAU;RPS2;COX4I1;RPS27;RPS15A;RPL30;RPL5;RPL37;RPLP0;RPL41;RPS23;PTMA;RPL10A;RPL21;EEF1A1;FTH1;FOSB;RPL12;B2M;RPL15;ACTG1;ELF3;TSPAN8,"[2, 165, 574, 996, 1151, 1219, 1299, 1580, 1679, 2297, 2336, 2405, 2583, 2683, 2707, 2741, 3009, 3051, 3066, 3110, 3161, 3204, 3240, 3274, 3341, 3446, 3464, 3478, 3513, 3544, 3549, 3661, 3685, 3907, 3933, 3938, 4056, 4093, 4125, 4202, 4212, 4220, 4340, 4464, 4465, 4486, 4491, 4601, 4603, 4699, 4751, 4800, 4803, 4864, 4883, 4925, 5014, 5032, 5044, 5174, 5294, 5363, 5365, 5472, 5598, 5753, 5993, 6030, 6075, 6213, 6265, 6566, 6735, 7036, 7111, 7173, 7718, 7728, 7914, 8419, 8759, 10085, 11600, 14662, 16789]",Tabula_Sapiens__Small Intestine-paneth Cell Of Epithelium Of Small Intestine
Tabula_Sapiens,Lymph Node-memory B Cell,prerank,0.5988700079508271,2.422083655972039,0.0,0.0,0.0,68_90,68/90,30.63%,CXCR4;KLF2;CD52;HLA-DRA;CD74;HSP90AA1;TSC22D3;FOS;BTG1;RPS21;RPL36;RPS19;JUN;RPS15;RPS16;TPT1;RPLP1;FTL;JUND;RPL34;RPL18;RPLP2;RPL9;RPS8;HLA-B;RPL18A;RPS3;RPS26;RPS28;RPL13A;RPL37A;RPL8;TMSB10;RPS5;RPL27;RPS11;RPL28;RPL38;RPS29;RPL14;RPS20;RPL35;RPL35A;RPS24;RPL6;RPS6;RPS27A;RPL3;RPS7;RPS3A;RPS25;RPS14;RPL7A;RPL29;RPL23A;RPS18;RPL32;UBA52;RPL19;RPS13;RPS9;RPSA;RPL27A;RPL11;NACA;RPS4X;RPL39;FAU,CXCR4;KLF2;CD52;HLA-DRA;CD74;HSP90AA1;TSC22D3;FOS;BTG1;RPS21;RPL36;RPS19;JUN;RPS15;RPS16;TPT1;RPLP1;FTL;JUND;RPL34;RPL18;RPLP2;RPL9;RPS8;HLA-B;RPL18A;RPS3;RPS26;RPS28;RPL13A;RPL37A;RPL8;TMSB10;RPS5;RPL27;RPS11;RPL28;RPL38;RPS29;RPL14;RPS20;RPL35;RPL35A;RPS24;RPL6;RPS6;RPS27A;RPL3;RPS7;RPS3A;RPS25;RPS14;RPL7A;RPL29;RPL23A;RPS18;RPL32;UBA52;RPL19;RPS13;RPS9;RPSA;RPL27A;RPL11;NACA;RPS4X;RPL39;FAU;RPS2;EIF1;TXNIP;RPS27;RPS15A;RPL30;RPL5;RPL37;RPLP0;RPL41;RPS23;PTMA;RPL10A;RPL21;EEF1A1;FTH1;RPL12;B2M;TMSB4X;RPL15;EEF1B2;RPL26,"[50, 811, 830, 855, 908, 996, 1034, 1219, 1239, 1679, 2297, 2336, 2405, 2583, 2683, 2707, 2741, 3009, 3051, 3066, 3110, 3161, 3204, 3240, 3273, 3274, 3341, 3446, 3464, 3478, 3513, 3549, 3661, 3685, 3894, 3907, 3938, 3947, 4056, 4093, 4125, 4163, 4202, 4212, 4220, 4340, 4464, 4465, 4486, 4491, 4542, 4601, 4603, 4699, 4751, 4800, 4803, 4863, 4864, 4883, 4925, 5014, 5032, 5044, 5174, 5294, 5363, 5365, 5472, 5574, 5739, 5753, 5993, 6030, 6075, 6213, 6265, 6566, 6735, 7036, 7111, 7173, 7718, 7728, 8419, 8759, 8993, 10085, 11512, 16730]",Tabula_Sapiens__Lymph Node-memory B Cell
Tabula_Sapiens,Bone Marrow-plasma Cell,prerank,0.5403681258216612,2.1400328266671953,0.0,0.0,0.0,56_87,56/87,30.63%,DDIT4;MZB1;CYBA;CD74;DERL3;FOS;XBP1;SERF2;HSPA5;HERPUD1;RPL36;RPS19;JUN;RPS15;RPS16;ISG20;TPT1;RPLP1;GSTP1;FTL;RPL34;RPL18;RPLP2;RPS8;HLA-B;RPL18A;RPS3;RPS26;RPS28;RPL37A;RPL8;RPL36AL;RPS5;RPL28;KRTCAP2;RPS29;RPL14;RPL35;RPL35A;RPL6;RPS27A;RPL3;RPS7;RPS3A;RPS14;RPL7A;RPL29;RPS18;RPL32;RPL19;RPS13;RPL11;NACA;RPS4X;RPL39;FAU,DDIT4;MZB1;CYBA;CD74;DERL3;FOS;XBP1;SERF2;HSPA5;HERPUD1;RPL36;RPS19;JUN;RPS15;RPS16;ISG20;TPT1;RPLP1;GSTP1;FTL;RPL34;RPL18;RPLP2;RPS8;HLA-B;RPL18A;RPS3;RPS26;RPS28;RPL37A;RPL8;RPL36AL;RPS5;RPL28;KRTCAP2;RPS29;RPL14;RPL35;RPL35A;RPL6;RPS27A;RPL3;RPS7;RPS3A;RPS14;RPL7A;RPL29;RPS18;RPL32;RPL19;RPS13;RPL11;NACA;RPS4X;RPL39;FAU;RPS2;EIF1;HSP90B1;RPS27;RPS15A;RPL30;RPL5;TMBIM6;RPL37;SEC61B;RPLP0;RPL41;RPS23;SSR4;RPL21;PPIB;EEF1A1;SPCS2;RPL12;SEC11C;B2M;TMSB4X;FKBP11;PRDX4;SEC62;TMEM59;EEF1B2;SSR3;SUB1;TXNDC5;SPCS1,"[17, 75, 470, 908, 1055, 1219, 1799, 2068, 2084, 2276, 2297, 2336, 2405, 2583, 2683, 2691, 2707, 2741, 2918, 3009, 3066, 3110, 3161, 3240, 3273, 3274, 3341, 3446, 3464, 3513, 3549, 3634, 3685, 3938, 4011, 4056, 4093, 4163, 4202, 4220, 4464, 4465, 4486, 4491, 4601, 4603, 4699, 4800, 4803, 4864, 4883, 5044, 5174, 5294, 5363, 5365, 5472, 5574, 5669, 5753, 5993, 6030, 6075, 6122, 6213, 6228, 6265, 6566, 6735, 6863, 7173, 7668, 7718, 8200, 8419, 8448, 8759, 8993, 9714, 10203, 10651, 11460, 11512, 13471, 13814, 14592, 14777]",Tabula_Sapiens__Bone Marrow-plasma Cell
Tabula_Sapiens,Thymus-endothelial Cell Of Artery,prerank,0.586385664202908,2.3248583904874827,0.0,0.0,0.0,55_87,55/87,28.12%,HSPA1A;MT2A;SOCS3;TM4SF1;CDKN1A;GADD45B;CLDN5;KLF2;IFITM3;HSP90AA1;SRGN;FOS;S100A6;VIM;SLC9A3R2;ZFP36;RPL36;RPS19;JUN;RPS15;TIMP3;TPT1;RPLP1;HLA-E;FTL;RPL34;RPL18;RPLP2;RPS8;HLA-B;RPL18A;IFI27;RPS3;RPS28;RPL37A;ADAMTS1;RPL8;TMSB10;CXCL2;RPL28;RPL35A;RPS24;RPS6;RPS27A;RPL3;RPS7;RPS3A;RPS14;RPL7A;RPL29;RPS18;RPL32;RPL19;RPS13;RPS9,HSPA1A;MT2A;SOCS3;TM4SF1;CDKN1A;GADD45B;CLDN5;KLF2;IFITM3;HSP90AA1;SRGN;FOS;S100A6;VIM;SLC9A3R2;ZFP36;RPL36;RPS19;JUN;RPS15;TIMP3;TPT1;RPLP1;HLA-E;FTL;RPL34;RPL18;RPLP2;RPS8;HLA-B;RPL18A;IFI27;RPS3;RPS28;RPL37A;ADAMTS1;RPL8;TMSB10;CXCL2;RPL28;RPL35A;RPS24;RPS6;RPS27A;RPL3;RPS7;RPS3A;RPS14;RPL7A;RPL29;RPS18;RPL32;RPL19;RPS13;RPS9;RPL11;RPS4X;RPL39;FAU;GSN;RPS2;EIF1;SRP14;RPS27;GAPDH;RPS15A;RPL30;RPL37;RPL41;RPS23;PTMA;IGFBP3;EEF1A1;FTH1;EPAS1;SPARCL1;RPL12;RHOB;B2M;TMSB4X;MGP;DDX5;FABP4;ITM2B;ACTG1;CAV1;EGR1,"[2, 145, 158, 694, 715, 762, 781, 811, 970, 996, 1146, 1219, 1299, 1399, 1788, 1852, 2297, 2336, 2405, 2583, 2602, 2707, 2741, 2908, 3009, 3066, 3110, 3161, 3240, 3273, 3274, 3312, 3341, 3464, 3513, 3516, 3549, 3661, 3816, 3938, 4202, 4212, 4340, 4464, 4465, 4486, 4491, 4601, 4603, 4699, 4800, 4803, 4864, 4883, 4925, 5044, 5294, 5363, 5365, 5373, 5472, 5574, 5729, 5753, 5812, 5993, 6030, 6213, 6566, 6735, 7036, 7422, 7718, 7728, 7874, 7992, 8419, 8680, 8759, 8993, 9257, 9867, 9876, 11214, 11600, 13967, 17016]",Tabula_Sapiens__Thymus-endothelial Cell Of Artery
Tabula_Sapiens,Lymph Node-cd141-positive Myeloid Dendritic Cell,prerank,0.6053535454273596,2.415202486116031,0.0,0.0,0.0,66_89,66/89,30.63%,C1QA;S100A4;CEBPD;C1QB;HLA-DRB1;LYZ;HLA-DRA;CD74;HSP90AA1;SRGN;FOS;S100A6;VIM;RPS21;HLA-DQA1;ZFP36;HLA-DPA1;RPL36;RPS19;GPX1;RPS15;RPS16;TPT1;RPLP1;FTL;RPL34;RPL18;RPLP2;RPL9;RPS8;HLA-B;RPL18A;RPS3;RPS28;RPL13A;RPL37A;RPL8;TMSB10;RPS11;RPL28;RPL38;RPS29;RPL14;RPL35A;RPS24;RPL6;RPS6;RPS27A;RPL3;RPS7;RPS3A;RPS14;RPL7A;RPL29;RPS18;RPL32;UBA52;RPL19;RPS13;RPS9;RPL27A;RPL11;NACA;RPS4X;RPL39;FAU,C1QA;S100A4;CEBPD;C1QB;HLA-DRB1;LYZ;HLA-DRA;CD74;HSP90AA1;SRGN;FOS;S100A6;VIM;RPS21;HLA-DQA1;ZFP36;HLA-DPA1;RPL36;RPS19;GPX1;RPS15;RPS16;TPT1;RPLP1;FTL;RPL34;RPL18;RPLP2;RPL9;RPS8;HLA-B;RPL18A;RPS3;RPS28;RPL13A;RPL37A;RPL8;TMSB10;RPS11;RPL28;RPL38;RPS29;RPL14;RPL35A;RPS24;RPL6;RPS6;RPS27A;RPL3;RPS7;RPS3A;RPS14;RPL7A;RPL29;RPS18;RPL32;UBA52;RPL19;RPS13;RPS9;RPL27A;RPL11;NACA;RPS4X;RPL39;FAU;RPS2;EIF1;TXNIP;RPS27;GAPDH;RPS15A;RPL30;RPL5;RPL37;CST3;RPL41;RPS23;PTMA;RPL10A;RPL21;EEF1A1;FTH1;RPL12;B2M;TMSB4X;RPL15;ACTG1;RPL26,"[196, 245, 312, 399, 558, 574, 855, 908, 996, 1146, 1219, 1299, 1399, 1679, 1718, 1852, 1918, 2297, 2336, 2540, 2583, 2683, 2707, 2741, 3009, 3066, 3110, 3161, 3204, 3240, 3273, 3274, 3341, 3464, 3478, 3513, 3549, 3661, 3907, 3938, 3947, 4056, 4093, 4202, 4212, 4220, 4340, 4464, 4465, 4486, 4491, 4601, 4603, 4699, 4800, 4803, 4863, 4864, 4883, 4925, 5032, 5044, 5174, 5294, 5363, 5365, 5472, 5574, 5739, 5753, 5812, 5993, 6030, 6075, 6213, 6273, 6566, 6735, 7036, 7111, 7173, 7718, 7728, 8419, 8759, 8993, 10085, 11600, 16730]",Tabula_Sapiens__Lymph Node-cd141-positive Myeloid Dendritic Cell
Tabula_Sapiens,Large Intestine-goblet Cell,prerank,0.5405289887006225,2.1434374628689383,0.0,0.0,0.0,54_82,54/82,28.80%,HSPA1A;HSPA1B;KRT18;FCGBP;HSP90AA1;FOS;S100A6;KRT8;SERF2;RPL36;RPS19;JUN;HSP90AB1;RPS15;RPS16;TFF3;TPT1;RPLP1;RPL34;RPL18;RPLP2;RPL9;RPS8;RPL18A;RPS3;RPS28;RPL13A;RPL37A;KLF6;RPL8;TMSB10;RPS11;CLDN4;RPL28;RPS29;RPS20;RPL35A;RPS24;RPS6;RPS27A;RPL3;RPS7;RPS3A;RPS14;RPL7A;RPL29;RPL23A;RPS18;RPL32;RPL19;RPS13;RPS9;RPL27A;RPL11,HSPA1A;HSPA1B;KRT18;FCGBP;HSP90AA1;FOS;S100A6;KRT8;SERF2;RPL36;RPS19;JUN;HSP90AB1;RPS15;RPS16;TFF3;TPT1;RPLP1;RPL34;RPL18;RPLP2;RPL9;RPS8;RPL18A;RPS3;RPS28;RPL13A;RPL37A;KLF6;RPL8;TMSB10;RPS11;CLDN4;RPL28;RPS29;RPS20;RPL35A;RPS24;RPS6;RPS27A;RPL3;RPS7;RPS3A;RPS14;RPL7A;RPL29;RPL23A;RPS18;RPL32;RPL19;RPS13;RPS9;RPL27A;RPL11;RPS4X;RPL39;UBB;RPS2;LGALS3;RPS27;RPS15A;RPL30;RPL5;RPL37;LGALS4;RPL41;RPS23;PTMA;RPL10A;RPL21;EEF1A1;FTH1;WFDC2;FOSB;RPL12;B2M;TMSB4X;ACTG1;TPM1;ELF3;EPCAM;CLDN3,"[2, 7, 166, 854, 996, 1219, 1299, 1580, 2068, 2297, 2336, 2405, 2454, 2583, 2683, 2699, 2707, 2741, 3066, 3110, 3161, 3204, 3240, 3274, 3341, 3464, 3478, 3513, 3544, 3549, 3661, 3907, 3933, 3938, 4056, 4125, 4202, 4212, 4340, 4464, 4465, 4486, 4491, 4601, 4603, 4699, 4751, 4800, 4803, 4864, 4883, 4925, 5032, 5044, 5294, 5363, 5432, 5472, 5562, 5753, 5993, 6030, 6075, 6213, 6251, 6566, 6735, 7036, 7111, 7173, 7718, 7728, 7784, 7914, 8419, 8759, 8993, 11600, 14533, 14662, 16430, 17452]",Tabula_Sapiens__Large Intestine-goblet Cell
Tabula_Sapiens,Mammary-vein Endothelial Cell,prerank,0.5623104115559794,2.225419070241668,0.0,0.0,0.0,63_88,63/88,31.82%,NFKBIA;TM4SF1;CD74;IFITM3;S100A6;VIM;RPS21;SERPINE1;RPL36;RPS19;HSP90AB1;RPS15;RPS16;TPT1;RPLP1;FTL;RPL34;CD63;RPL18;RPLP2;RPL9;RPS8;HLA-B;RPL18A;RPS3;RPS28;RPL13A;RPL37A;RPL8;TMSB10;YBX1;RPS5;RPS11;RPL28;RPL14;RPL35;RPL35A;RPS24;RPL6;RPS6;RPS27A;RPL3;RPS7;RPS3A;RPS14;RPL7A;RPL29;RPS18;RPL32;UBA52;RPL19;RPS13;RPS9;RPL7;RPSA;RPL11;MYL6;NACA;RPS4X;RPL39;FAU;RPS2;EIF1,NFKBIA;TM4SF1;CD74;IFITM3;S100A6;VIM;RPS21;SERPINE1;RPL36;RPS19;HSP90AB1;RPS15;RPS16;TPT1;RPLP1;FTL;RPL34;CD63;RPL18;RPLP2;RPL9;RPS8;HLA-B;RPL18A;RPS3;RPS28;RPL13A;RPL37A;RPL8;TMSB10;YBX1;RPS5;RPS11;RPL28;RPL14;RPL35;RPL35A;RPS24;RPL6;RPS6;RPS27A;RPL3;RPS7;RPS3A;RPS14;RPL7A;RPL29;RPS18;RPL32;UBA52;RPL19;RPS13;RPS9;RPL7;RPSA;RPL11;MYL6;NACA;RPS4X;RPL39;FAU;RPS2;EIF1;RPS27;GAPDH;RPS15A;RPL30;RPL5;RPL37;RPLP0;RPL41;RPS23;HLA-A;PTMA;RPL10A;RPL21;EEF1A1;FTH1;SPARCL1;RPL12;B2M;TMSB4X;SOD2;RPL15;IGFBP7;EEF1B2;ACTG1;RPL26,"[438, 694, 908, 970, 1299, 1399, 1679, 1969, 2297, 2336, 2454, 2583, 2683, 2707, 2741, 3009, 3066, 3076, 3110, 3161, 3204, 3240, 3273, 3274, 3341, 3464, 3478, 3513, 3549, 3661, 3681, 3685, 3907, 3938, 4093, 4163, 4202, 4212, 4220, 4340, 4464, 4465, 4486, 4491, 4601, 4603, 4699, 4800, 4803, 4863, 4864, 4883, 4925, 4984, 5014, 5044, 5081, 5174, 5294, 5363, 5365, 5472, 5574, 5753, 5812, 5993, 6030, 6075, 6213, 6265, 6566, 6735, 7026, 7036, 7111, 7173, 7718, 7728, 7992, 8419, 8759, 8993, 9365, 10085, 11361, 11512, 11600, 16730]",Tabula_Sapiens__Mammary-vein Endothelial Cell
Tabula_Sapiens,Blood-non-classical Monocyte,prerank,0.5640322141779789,2.2577013079783548,0.0,0.0,0.0,65_88,65/88,30.63%,S100A4;TYROBP;S100A9;HLA-DRA;FCER1G;CD74;S100A11;FOS;S100A6;RPS21;CTSS;RPL36;RPS19;RPS15;RPS16;TPT1;RPLP1;SH3BGRL3;FTL;RPS10;RPL34;OAZ1;RPL18;RPLP2;RPL9;RPS8;HLA-B;RPL18A;RPS3;RPS28;RPL13A;RPL37A;RPL8;TMSB10;YBX1;RPS11;RPL28;RPL38;RPS29;RPL14;RPL35A;RPS24;RPL6;RPS6;RPS27A;RPL3;RPS7;RPS3A;RPS25;RPS14;RPL7A;RPL29;RPL23A;RPS18;RPL32;UBA52;RPL19;RPS13;RPS9;RPL27A;RPL11;NACA;RPS4X;RPL39;FAU,S100A4;TYROBP;S100A9;HLA-DRA;FCER1G;CD74;S100A11;FOS;S100A6;RPS21;CTSS;RPL36;RPS19;RPS15;RPS16;TPT1;RPLP1;SH3BGRL3;FTL;RPS10;RPL34;OAZ1;RPL18;RPLP2;RPL9;RPS8;HLA-B;RPL18A;RPS3;RPS28;RPL13A;RPL37A;RPL8;TMSB10;YBX1;RPS11;RPL28;RPL38;RPS29;RPL14;RPL35A;RPS24;RPL6;RPS6;RPS27A;RPL3;RPS7;RPS3A;RPS25;RPS14;RPL7A;RPL29;RPL23A;RPS18;RPL32;UBA52;RPL19;RPS13;RPS9;RPL27A;RPL11;NACA;RPS4X;RPL39;FAU;RPS2;EIF1;TXNIP;RPS27;RPS15A;RPL30;RPL5;AIF1;RPL37;CST3;RPL41;RPS23;PTMA;RPL10A;RPL21;EEF1A1;FTH1;RPL12;B2M;TMSB4X;RPL15;RPL26;HBA2,"[245, 656, 820, 855, 857, 908, 1102, 1219, 1299, 1679, 1687, 2297, 2336, 2583, 2683, 2707, 2741, 2777, 3009, 3058, 3066, 3070, 3110, 3161, 3204, 3240, 3273, 3274, 3341, 3464, 3478, 3513, 3549, 3661, 3681, 3907, 3938, 3947, 4056, 4093, 4202, 4212, 4220, 4340, 4464, 4465, 4486, 4491, 4542, 4601, 4603, 4699, 4751, 4800, 4803, 4863, 4864, 4883, 4925, 5032, 5044, 5174, 5294, 5363, 5365, 5472, 5574, 5739, 5753, 5993, 6030, 6075, 6152, 6213, 6273, 6566, 6735, 7036, 7111, 7173, 7718, 7728, 8419, 8759, 8993, 10085, 16730, 17205]",Tabula_Sapiens__Blood-non-classical Monocyte
Tabula_Sapiens,Tongue-keratinocyte,prerank,0.5252884026434994,2.0953921269167846,0.0,0.0,0.0,57_81,57/81,28.85%,HSPB1;SLPI;S100A8;KRTDAP;IL1RN;S100A9;TSPO;PERP;CRYAB;S100A11;GBP6;ANXA2;S100A10;RHCG;EMP1;S100A2;LYPD3;IER3;RPL36;RPS19;RPS15;CSTB;TPT1;RPLP1;GSTP1;RPL18;RPLP2;CSTA;KRT16;RPS8;RPL18A;RPS3;RPS28;RPL13A;RPL37A;RPL8;DYNLL1;RPS5;KRT13;CLDN4;RPL28;PRDX1;RPL35;RPS24;RPS6;RPS27A;RPL3;RPS14;RPL7A;RPL29;RPS18;RPL32;RPL19;RPS13;RPS9;RPL11;ANXA1,HSPB1;SLPI;S100A8;KRTDAP;IL1RN;S100A9;TSPO;PERP;CRYAB;S100A11;GBP6;ANXA2;S100A10;RHCG;EMP1;S100A2;LYPD3;IER3;RPL36;RPS19;RPS15;CSTB;TPT1;RPLP1;GSTP1;RPL18;RPLP2;CSTA;KRT16;RPS8;RPL18A;RPS3;RPS28;RPL13A;RPL37A;RPL8;DYNLL1;RPS5;KRT13;CLDN4;RPL28;PRDX1;RPL35;RPS24;RPS6;RPS27A;RPL3;RPS14;RPL7A;RPL29;RPS18;RPL32;RPL19;RPS13;RPS9;RPL11;ANXA1;RPS4X;RPL39;RPS2;RPS27;GAPDH;RPL30;RPL37;RPLP0;RPL41;CNFN;S100A14;EEF1A1;RPL12;PPDPF;HOPX;ITM2B;ACTG1;LY6D;SBSN;FABP5;KRT1;CALML3;TACSTD2;SPINK5,"[4, 42, 157, 492, 793, 820, 915, 937, 969, 1102, 1330, 1542, 1551, 1626, 1664, 1766, 1958, 2252, 2297, 2336, 2583, 2706, 2707, 2741, 2918, 3110, 3161, 3234, 3235, 3240, 3274, 3341, 3464, 3478, 3513, 3549, 3652, 3685, 3883, 3933, 3938, 4033, 4163, 4212, 4340, 4464, 4465, 4601, 4603, 4699, 4800, 4803, 4864, 4883, 4925, 5044, 5053, 5294, 5363, 5472, 5753, 5812, 6030, 6213, 6265, 6566, 6833, 7129, 7718, 8419, 8669, 8803, 11214, 11600, 13807, 14412, 14946, 15640, 16280, 17189, 17287]",Tabula_Sapiens__Tongue-keratinocyte
Tabula_Sapiens,Eye-limbal Stem Cell,prerank,0.5051133241328855,2.032505248904839,0.0,0.0,0.0,58_89,58/89,28.85%,HSPB1;S100A4;MT1X;KRT15;CLU;PERP;AQP3;S100A11;KRT19;FOS;S100A6;ANXA2;ZFP36L1;RPS21;S100A2;ZFP36;RPL36;RPS19;JUN;ADIRF;RPS15;RPS16;TPT1;RPLP1;GSTP1;JUND;RPL34;RPL18;RPLP2;RPL9;RPS8;RPL18A;RPS3;RPS28;RPL13A;RPL37A;RPL8;RPS11;RPL28;RPS29;RPL35;RPL35A;RPS24;ENO1;RPS6;RPS27A;RPL3;RPS14;RPL7A;RPL29;RPS18;RPL32;RPL19;RPS13;RPS9;RPL27A;RPL11;ANXA1,HSPB1;S100A4;MT1X;KRT15;CLU;PERP;AQP3;S100A11;KRT19;FOS;S100A6;ANXA2;ZFP36L1;RPS21;S100A2;ZFP36;RPL36;RPS19;JUN;ADIRF;RPS15;RPS16;TPT1;RPLP1;GSTP1;JUND;RPL34;RPL18;RPLP2;RPL9;RPS8;RPL18A;RPS3;RPS28;RPL13A;RPL37A;RPL8;RPS11;RPL28;RPS29;RPL35;RPL35A;RPS24;ENO1;RPS6;RPS27A;RPL3;RPS14;RPL7A;RPL29;RPS18;RPL32;RPL19;RPS13;RPS9;RPL27A;RPL11;ANXA1;RPS4X;RPL39;RPS2;EIF1;RPS27;GAPDH;RPS15A;RPL30;RPL37;CST3;RPL41;RPS23;PTMA;RPL10A;RPL21;EEF1A1;FTH1;FOSB;RPL12;B2M;TMSB4X;RPL15;CXCL14;ITM2B;ACTG1;FABP5;KRT12;DST;ALDH3A1;TACSTD2;KRT5,"[4, 245, 318, 682, 751, 937, 1057, 1102, 1151, 1219, 1299, 1542, 1595, 1679, 1766, 1852, 2297, 2336, 2405, 2504, 2583, 2683, 2707, 2741, 2918, 3051, 3066, 3110, 3161, 3204, 3240, 3274, 3341, 3464, 3478, 3513, 3549, 3907, 3938, 4056, 4163, 4202, 4212, 4248, 4340, 4464, 4465, 4601, 4603, 4699, 4800, 4803, 4864, 4883, 4925, 5032, 5044, 5053, 5294, 5363, 5472, 5574, 5753, 5812, 5993, 6030, 6213, 6273, 6566, 6735, 7036, 7111, 7173, 7718, 7728, 7914, 8419, 8759, 8993, 10085, 10280, 11214, 11600, 14946, 15231, 15276, 17019, 17189, 17270]",Tabula_Sapiens__Eye-limbal Stem Cell
Tabula_Sapiens,Uterus-endothelial Cell Of Lymphatic Vessel,prerank,0.6056807545235653,2.386505636276586,0.0,0.0,0.0,62_89,62/89,29.01%,HSPA1A;MT2A;NFKBIA;TM4SF1;KLF2;IFITM3;HSP90AA1;FOS;S100A6;VIM;S100A10;EMP1;ZFP36;RPL36;RPS19;JUN;HSP90AB1;RPS15;RPS16;TPT1;RPLP1;HLA-E;FTL;JUND;RPL34;RPL18;RPLP2;RPL9;RPS8;RPL18A;IFI27;RPS3;RPS28;RPL13A;RPL37A;KLF6;RPL8;TMSB10;RPS11;RPL28;RPL14;RPL35;RPL35A;RPS24;RPS6;RPS27A;RPL3;RPS7;RPS3A;RPS14;RPL7A;RPL29;RPS18;RPL32;RPL19;RPS13;RPS9;ISG15;HLA-C;RPL11;GNAS;MYL6,HSPA1A;MT2A;NFKBIA;TM4SF1;KLF2;IFITM3;HSP90AA1;FOS;S100A6;VIM;S100A10;EMP1;ZFP36;RPL36;RPS19;JUN;HSP90AB1;RPS15;RPS16;TPT1;RPLP1;HLA-E;FTL;JUND;RPL34;RPL18;RPLP2;RPL9;RPS8;RPL18A;IFI27;RPS3;RPS28;RPL13A;RPL37A;KLF6;RPL8;TMSB10;RPS11;RPL28;RPL14;RPL35;RPL35A;RPS24;RPS6;RPS27A;RPL3;RPS7;RPS3A;RPS14;RPL7A;RPL29;RPS18;RPL32;RPL19;RPS13;RPS9;ISG15;HLA-C;RPL11;GNAS;MYL6;RPS4X;RPL39;RPS2;EIF1;RPS27;GAPDH;RPS15A;RPL30;RPL37;RPL41;RPS23;HLA-A;PTMA;RPL10A;RPL21;EEF1A1;A2M;SPARCL1;RPL12;B2M;TMSB4X;MGP;SPARC;RPL15;IGFBP7;ACTG1;RPL26,"[2, 145, 438, 694, 811, 970, 996, 1219, 1299, 1399, 1551, 1664, 1852, 2297, 2336, 2405, 2454, 2583, 2683, 2707, 2741, 2908, 3009, 3051, 3066, 3110, 3161, 3204, 3240, 3274, 3312, 3341, 3464, 3478, 3513, 3544, 3549, 3661, 3907, 3938, 4093, 4163, 4202, 4212, 4340, 4464, 4465, 4486, 4491, 4601, 4603, 4699, 4800, 4803, 4864, 4883, 4925, 4942, 5034, 5044, 5066, 5081, 5294, 5363, 5472, 5574, 5753, 5812, 5993, 6030, 6213, 6566, 6735, 7026, 7036, 7111, 7173, 7718, 7759, 7992, 8419, 8759, 8993, 9257, 9882, 10085, 11361, 11600, 16730]",Tabula_Sapiens__Uterus-endothelial Cell Of Lymphatic Vessel
Tabula_Sapiens,Mammary-plasma Cell,prerank,0.565462327843407,2.2476734198675086,0.0,0.0,0.0,62_89,62/89,30.63%,DDIT4;MZB1;P4HA1;CYBA;SLC3A2;HSP90AA1;TSC22D3;DERL3;SRGN;VIM;SERF2;HSPA5;HERPUD1;RPL36;RPS19;RPS15;RPS16;TPT1;RPLP1;FTL;RPL34;OAZ1;CD63;RPL18;RPLP2;RPL9;RPS8;RPL18A;RPS3;RPS28;RPL13A;RPL8;RPL36AL;RPS5;RPS11;RPL28;RPL14;RPL35;SERP1;RPL35A;RPS24;RPL6;RPS6;RPS27A;RPL3;RPS7;RPS3A;RPS14;RPL7A;RPL29;RPS18;RPL32;RPL19;RPS13;RPS9;HLA-C;RPL11;GNAS;NACA;RPS4X;RPL39;FAU,DDIT4;MZB1;P4HA1;CYBA;SLC3A2;HSP90AA1;TSC22D3;DERL3;SRGN;VIM;SERF2;HSPA5;HERPUD1;RPL36;RPS19;RPS15;RPS16;TPT1;RPLP1;FTL;RPL34;OAZ1;CD63;RPL18;RPLP2;RPL9;RPS8;RPL18A;RPS3;RPS28;RPL13A;RPL8;RPL36AL;RPS5;RPS11;RPL28;RPL14;RPL35;SERP1;RPL35A;RPS24;RPL6;RPS6;RPS27A;RPL3;RPS7;RPS3A;RPS14;RPL7A;RPL29;RPS18;RPL32;RPL19;RPS13;RPS9;HLA-C;RPL11;GNAS;NACA;RPS4X;RPL39;FAU;RPS2;EIF1;HSP90B1;RPS27;GAPDH;RPS15A;RPL30;RPL5;TMBIM6;RPL37;RPLP0;RPL41;RPS23;SSR4;PTMA;RPL21;EEF1A1;RPL12;SEC11C;B2M;MAP1LC3B;RPL15;TMEM59;EEF1B2;ERN1;SSR3;RPL26,"[17, 75, 424, 470, 634, 996, 1034, 1055, 1146, 1399, 2068, 2084, 2276, 2297, 2336, 2583, 2683, 2707, 2741, 3009, 3066, 3070, 3076, 3110, 3161, 3204, 3240, 3274, 3341, 3464, 3478, 3549, 3634, 3685, 3907, 3938, 4093, 4163, 4186, 4202, 4212, 4220, 4340, 4464, 4465, 4486, 4491, 4601, 4603, 4699, 4800, 4803, 4864, 4883, 4925, 5034, 5044, 5066, 5174, 5294, 5363, 5365, 5472, 5574, 5669, 5753, 5812, 5993, 6030, 6075, 6122, 6213, 6265, 6566, 6735, 6863, 7036, 7173, 7718, 8419, 8448, 8759, 9680, 10085, 11460, 11512, 13205, 13471, 16730]",Tabula_Sapiens__Mammary-plasma Cell
Tabula_Sapiens,Lymph Node-nk Cell,prerank,0.5760821683401075,2.298524163715305,0.0,0.0,0.0,65_88,65/88,31.82%,CXCR4;NFKBIA;KLF2;HSP90AA1;IL7R;TSC22D3;SRGN;FOS;BTG1;TNFAIP3;ZFP36L2;RPS21;ZFP36;IER2;RPL36;RPS19;JUN;RPS15;RPS16;TPT1;RPLP1;FTL;JUND;RPL34;RPL18;RPLP2;RPL9;RPS8;HLA-B;RPL18A;RPS3;RPS28;RPL13A;RPL37A;RPL8;TMSB10;RPS5;RPL28;RPS29;RPL14;RPL35A;RPS24;RPL6;RPS6;RPS27A;RPL3;RPS7;RPS3A;RPS25;RPS14;RPL7A;RPL29;RPS18;RPL32;RPL19;RPS13;RPS9;RPL11;NACA;RPS4X;RPL39;FAU;RPS2;CCL5;EIF1,CXCR4;NFKBIA;KLF2;HSP90AA1;IL7R;TSC22D3;SRGN;FOS;BTG1;TNFAIP3;ZFP36L2;RPS21;ZFP36;IER2;RPL36;RPS19;JUN;RPS15;RPS16;TPT1;RPLP1;FTL;JUND;RPL34;RPL18;RPLP2;RPL9;RPS8;HLA-B;RPL18A;RPS3;RPS28;RPL13A;RPL37A;RPL8;TMSB10;RPS5;RPL28;RPS29;RPL14;RPL35A;RPS24;RPL6;RPS6;RPS27A;RPL3;RPS7;RPS3A;RPS25;RPS14;RPL7A;RPL29;RPS18;RPL32;RPL19;RPS13;RPS9;RPL11;NACA;RPS4X;RPL39;FAU;RPS2;CCL5;EIF1;TXNIP;RPS27;RPS15A;RPL30;RPL5;RPL37;RPL41;RPS23;HLA-A;PTMA;RPL21;CCL3;EEF1A1;FTH1;GNLY;RPL12;DUSP2;B2M;TMSB4X;RPL15;CCL4;CD69;RPL26,"[50, 438, 811, 996, 1012, 1034, 1146, 1219, 1239, 1329, 1382, 1679, 1852, 2071, 2297, 2336, 2405, 2583, 2683, 2707, 2741, 3009, 3051, 3066, 3110, 3161, 3204, 3240, 3273, 3274, 3341, 3464, 3478, 3513, 3549, 3661, 3685, 3938, 4056, 4093, 4202, 4212, 4220, 4340, 4464, 4465, 4486, 4491, 4542, 4601, 4603, 4699, 4800, 4803, 4864, 4883, 4925, 5044, 5174, 5294, 5363, 5365, 5472, 5546, 5574, 5739, 5753, 5993, 6030, 6075, 6213, 6566, 6735, 7026, 7036, 7173, 7409, 7718, 7728, 8051, 8419, 8683, 8759, 8993, 10085, 10797, 16391, 16730]",Tabula_Sapiens__Lymph Node-nk Cell
Tabula_Sapiens,Thymus-dn4 Thymocyte,prerank,0.5459180066258087,2.194100461921979,0.0,0.0,0.0,60_89,60/89,31.24%,S100A4;IL32;HSP90AA1;VIM;RPS21;RPL36;RPS19;RPS15;RPS16;TPT1;RPLP1;ARHGDIB;SH3BGRL3;RPL34;RPL18;RPLP2;RPL9;RPS8;HLA-B;RPL18A;RPS3;RPS28;RPL13A;RPL37A;RPL8;TMSB10;RPS5;RPL27;RPS11;RPL28;RPS29;RPL14;RPL35;RPL35A;RPS24;RPL6;RPS6;RPS27A;RPL3;RPS7;RPS3A;RPS25;RPS14;RPL7A;RPL29;RPL23A;RPS18;RPL32;UBA52;RPL19;RPS13;RPS9;RPSA;RPL27A;RPL11;RPS4X;RPL4;RPL39;FAU;RPS2,S100A4;IL32;HSP90AA1;VIM;RPS21;RPL36;RPS19;RPS15;RPS16;TPT1;RPLP1;ARHGDIB;SH3BGRL3;RPL34;RPL18;RPLP2;RPL9;RPS8;HLA-B;RPL18A;RPS3;RPS28;RPL13A;RPL37A;RPL8;TMSB10;RPS5;RPL27;RPS11;RPL28;RPS29;RPL14;RPL35;RPL35A;RPS24;RPL6;RPS6;RPS27A;RPL3;RPS7;RPS3A;RPS25;RPS14;RPL7A;RPL29;RPL23A;RPS18;RPL32;UBA52;RPL19;RPS13;RPS9;RPSA;RPL27A;RPL11;RPS4X;RPL4;RPL39;FAU;RPS2;RPS27;GAPDH;PFN1;RPS15A;RPL30;RPL5;RPL37;RPLP0;RPL41;HMGB2;RPS23;HLA-A;PTMA;RPL10A;RPL21;HNRNPA2B1;EEF1A1;FTH1;CORO1A;PPIA;RPL12;B2M;TMSB4X;RPL15;TUBA1B;EEF1B2;ACTG1;HMGB1;RPL26,"[245, 314, 996, 1399, 1679, 2297, 2336, 2583, 2683, 2707, 2741, 2742, 2777, 3066, 3110, 3161, 3204, 3240, 3273, 3274, 3341, 3464, 3478, 3513, 3549, 3661, 3685, 3894, 3907, 3938, 4056, 4093, 4163, 4202, 4212, 4220, 4340, 4464, 4465, 4486, 4491, 4542, 4601, 4603, 4699, 4751, 4800, 4803, 4863, 4864, 4883, 4925, 5014, 5032, 5044, 5294, 5360, 5363, 5365, 5472, 5753, 5812, 5977, 5993, 6030, 6075, 6213, 6265, 6566, 6590, 6735, 7026, 7036, 7111, 7173, 7364, 7718, 7728, 8030, 8153, 8419, 8759, 8993, 10085, 10112, 11512, 11600, 12555, 16730]",Tabula_Sapiens__Thymus-dn4 Thymocyte
Tabula_Sapiens,Lymph Node-plasma Cell,prerank,0.5075291243144049,1.99875118914942,0.0,0.0,0.0,49_82,49/82,28.80%,MZB1;CYBA;RPS21;XBP1;SERF2;HSPA5;RPL36;RPS19;RPS15;RPS16;ISG20;TPT1;RPLP1;FTL;RPL18;RPLP2;RPS8;RPL18A;RPS3;RPS26;RPS28;RPL37A;RPL8;TMSB10;YBX1;RPS5;RPS11;RPL28;RPL14;RPL35;RPL35A;RPS24;RPL6;RPS6;RPS27A;RPL3;RPS7;RPS3A;RPS14;RPL7A;CALR;RPL29;RPS18;RPL32;RPL19;RPS13;RPS9;UQCRH;RPL11,MZB1;CYBA;RPS21;XBP1;SERF2;HSPA5;RPL36;RPS19;RPS15;RPS16;ISG20;TPT1;RPLP1;FTL;RPL18;RPLP2;RPS8;RPL18A;RPS3;RPS26;RPS28;RPL37A;RPL8;TMSB10;YBX1;RPS5;RPS11;RPL28;RPL14;RPL35;RPL35A;RPS24;RPL6;RPS6;RPS27A;RPL3;RPS7;RPS3A;RPS14;RPL7A;CALR;RPL29;RPS18;RPL32;RPL19;RPS13;RPS9;UQCRH;RPL11;RPS4X;FAU;RPS2;HSP90B1;PDIA6;GAPDH;RPS15A;RPL30;RPL5;RPL37;SEC61B;RPLP0;RPL41;RPS23;SSR4;PTMA;RPL21;PPIB;EEF1A1;PPIA;RPL12;SEC11C;B2M;FKBP11;RPL15;TUBA1B;EEF1B2;ACTG1;HMGB1;SSR3;SUB1;MTDH;TXNDC5,"[75, 470, 1679, 1799, 2068, 2084, 2297, 2336, 2583, 2683, 2691, 2707, 2741, 3009, 3110, 3161, 3240, 3274, 3341, 3446, 3464, 3513, 3549, 3661, 3681, 3685, 3907, 3938, 4093, 4163, 4202, 4212, 4220, 4340, 4464, 4465, 4486, 4491, 4601, 4603, 4607, 4699, 4800, 4803, 4864, 4883, 4925, 5030, 5044, 5294, 5365, 5472, 5669, 5789, 5812, 5993, 6030, 6075, 6213, 6228, 6265, 6566, 6735, 6863, 7036, 7173, 7668, 7718, 8153, 8419, 8448, 8759, 9714, 10085, 10112, 11512, 11600, 12555, 13471, 13814, 13974, 14592]",Tabula_Sapiens__Lymph Node-plasma Cell
Tabula_Sapiens,Lung-b Cell,prerank,0.5742953542024006,2.294727323364316,0.0,0.0,0.0,67_88,67/88,32.85%,MT2A;CD37;CD52;HLA-DRA;CD74;BTG1;RPS21;HLA-DPA1;RPL36;RPS19;RPS15;RPS16;TPT1;RPLP1;FTL;JUND;RPL34;RPL18;RPLP2;RPL9;RPS8;RPL18A;RPS3;RPS28;RPL13A;RPL37A;RPL8;TMSB10;RPS5;SCGB1A1;RPL27;RPS11;RPL28;RPS29;RPL14;RPS20;RPL35;RPL35A;RPS24;RPL6;RPS6;RPS27A;RPL3;RPS7;RPS3A;RPS25;RPS14;RPL7A;RPL29;RPL23A;RPS18;RPL32;UBA52;RPL19;RPS13;RPS9;RPSA;RPL27A;RPL11;NACA;RPS4X;RPL39;FAU;RPS2;EIF1;TXNIP;RPS27,MT2A;CD37;CD52;HLA-DRA;CD74;BTG1;RPS21;HLA-DPA1;RPL36;RPS19;RPS15;RPS16;TPT1;RPLP1;FTL;JUND;RPL34;RPL18;RPLP2;RPL9;RPS8;RPL18A;RPS3;RPS28;RPL13A;RPL37A;RPL8;TMSB10;RPS5;SCGB1A1;RPL27;RPS11;RPL28;RPS29;RPL14;RPS20;RPL35;RPL35A;RPS24;RPL6;RPS6;RPS27A;RPL3;RPS7;RPS3A;RPS25;RPS14;RPL7A;RPL29;RPL23A;RPS18;RPL32;UBA52;RPL19;RPS13;RPS9;RPSA;RPL27A;RPL11;NACA;RPS4X;RPL39;FAU;RPS2;EIF1;TXNIP;RPS27;RPS15A;RPL30;LTB;RPL5;RPL37;RPLP0;RPL41;RPS23;HLA-A;PTMA;RPL10A;RPL21;EEF1A1;FTH1;RPL12;B2M;TMSB4X;RPL15;EEF1B2;ACTG1;RPL26,"[145, 436, 830, 855, 908, 1239, 1679, 1918, 2297, 2336, 2583, 2683, 2707, 2741, 3009, 3051, 3066, 3110, 3161, 3204, 3240, 3274, 3341, 3464, 3478, 3513, 3549, 3661, 3685, 3821, 3894, 3907, 3938, 4056, 4093, 4125, 4163, 4202, 4212, 4220, 4340, 4464, 4465, 4486, 4491, 4542, 4601, 4603, 4699, 4751, 4800, 4803, 4863, 4864, 4883, 4925, 5014, 5032, 5044, 5174, 5294, 5363, 5365, 5472, 5574, 5739, 5753, 5993, 6030, 6057, 6075, 6213, 6265, 6566, 6735, 7026, 7036, 7111, 7173, 7718, 7728, 8419, 8759, 8993, 10085, 11512, 11600, 16730]",Tabula_Sapiens__Lung-b Cell
Tabula_Sapiens,Tongue-vein Endothelial Cell,prerank,0.5629832807416374,2.2624907717076757,0.0,0.0,0.0,63_88,63/88,30.68%,SOCS3;NFKBIA;CLU;CD74;IFITM3;FOS;S100A6;VIM;RPS21;ZFP36;VWF;RPL36;RPS19;JUN;HSP90AB1;ADIRF;RPS15;RPS16;TPT1;RPLP1;HLA-E;RPL34;RPL18;RPLP2;RPL9;RPS8;RPL18A;IFI27;RPS3;RPS28;RPL13A;RPL37A;RPL8;TMSB10;RPS5;RPS11;RPL28;RPL38;RPS29;RPS20;RPL35;RPL35A;RPS24;RPL6;RPS6;RPS27A;RPL3;RPS7;RPS3A;RPS14;RPL7A;RPL29;RPS18;RPL32;RPL19;RPS13;RPS9;RPL27A;RPL11;RPS4X;RPL39;FAU;GSN,SOCS3;NFKBIA;CLU;CD74;IFITM3;FOS;S100A6;VIM;RPS21;ZFP36;VWF;RPL36;RPS19;JUN;HSP90AB1;ADIRF;RPS15;RPS16;TPT1;RPLP1;HLA-E;RPL34;RPL18;RPLP2;RPL9;RPS8;RPL18A;IFI27;RPS3;RPS28;RPL13A;RPL37A;RPL8;TMSB10;RPS5;RPS11;RPL28;RPL38;RPS29;RPS20;RPL35;RPL35A;RPS24;RPL6;RPS6;RPS27A;RPL3;RPS7;RPS3A;RPS14;RPL7A;RPL29;RPS18;RPL32;RPL19;RPS13;RPS9;RPL27A;RPL11;RPS4X;RPL39;FAU;GSN;RPS2;EIF1;TXNIP;RPS27;RPS15A;RPL30;RPL5;RPL37;RPL41;RPS23;PTMA;RPL10A;RPL21;EEF1A1;SPARCL1;RPL12;B2M;TMSB4X;MGP;RPL15;ITM2B;ACTG1;CAV1;SELE;RPL26,"[158, 438, 751, 908, 970, 1219, 1299, 1399, 1679, 1852, 1921, 2297, 2336, 2405, 2454, 2504, 2583, 2683, 2707, 2741, 2908, 3066, 3110, 3161, 3204, 3240, 3274, 3312, 3341, 3464, 3478, 3513, 3549, 3661, 3685, 3907, 3938, 3947, 4056, 4125, 4163, 4202, 4212, 4220, 4340, 4464, 4465, 4486, 4491, 4601, 4603, 4699, 4800, 4803, 4864, 4883, 4925, 5032, 5044, 5294, 5363, 5365, 5373, 5472, 5574, 5739, 5753, 5993, 6030, 6075, 6213, 6566, 6735, 7036, 7111, 7173, 7718, 7992, 8419, 8759, 8993, 9257, 10085, 11214, 11600, 13967, 14111, 16730]",Tabula_Sapiens__Tongue-vein Endothelial Cell
Tabula_Sapiens,Eye-t Cell,prerank,0.6026706598930326,2.413163173254397,0.0,0.0,0.0,67_89,67/89,30.63%,CXCR4;S100A4;HSP90AA1;IL7R;TSC22D3;SRGN;FOS;BTG1;ZFP36L2;RPS21;RPL36;RPS19;RPS15;RPS16;TPT1;RPLP1;FTL;RPS10;RPL34;RPL18;RPLP2;RPL9;RPS8;HLA-B;RPL18A;RPS3;RPS26;RPS28;RPL13A;RPL37A;RPL8;TMSB10;RPS5;RPL27;RPS11;RPL28;RPL38;RPS29;RPL14;RPS20;RPL35;RPL35A;RPS24;RPL6;RPS6;RPS27A;RPL3;RPS7;RPS3A;RPS25;RPS14;RPL7A;RPL29;RPL23A;RPS18;RPL32;UBA52;RPL19;RPS13;RPS9;RPSA;RPL27A;RPL11;NACA;RPS4X;RPL39;FAU,CXCR4;S100A4;HSP90AA1;IL7R;TSC22D3;SRGN;FOS;BTG1;ZFP36L2;RPS21;RPL36;RPS19;RPS15;RPS16;TPT1;RPLP1;FTL;RPS10;RPL34;RPL18;RPLP2;RPL9;RPS8;HLA-B;RPL18A;RPS3;RPS26;RPS28;RPL13A;RPL37A;RPL8;TMSB10;RPS5;RPL27;RPS11;RPL28;RPL38;RPS29;RPL14;RPS20;RPL35;RPL35A;RPS24;RPL6;RPS6;RPS27A;RPL3;RPS7;RPS3A;RPS25;RPS14;RPL7A;RPL29;RPL23A;RPS18;RPL32;UBA52;RPL19;RPS13;RPS9;RPSA;RPL27A;RPL11;NACA;RPS4X;RPL39;FAU;RPS2;EIF1;TXNIP;RPS27;RPS15A;RPL30;RPL5;RPL37;RPLP0;RPL41;RPS23;HLA-A;PTMA;RPL10A;RPL21;EEF1A1;FTH1;RPL12;B2M;TMSB4X;RPL15;RPL26,"[50, 245, 996, 1012, 1034, 1146, 1219, 1239, 1382, 1679, 2297, 2336, 2583, 2683, 2707, 2741, 3009, 3058, 3066, 3110, 3161, 3204, 3240, 3273, 3274, 3341, 3446, 3464, 3478, 3513, 3549, 3661, 3685, 3894, 3907, 3938, 3947, 4056, 4093, 4125, 4163, 4202, 4212, 4220, 4340, 4464, 4465, 4486, 4491, 4542, 4601, 4603, 4699, 4751, 4800, 4803, 4863, 4864, 4883, 4925, 5014, 5032, 5044, 5174, 5294, 5363, 5365, 5472, 5574, 5739, 5753, 5993, 6030, 6075, 6213, 6265, 6566, 6735, 7026, 7036, 7111, 7173, 7718, 7728, 8419, 8759, 8993, 10085, 16730]",Tabula_Sapiens__Eye-t Cell
Tabula_Sapiens,Muscle-capillary Endothelial Cell,prerank,0.644473940500241,2.6064294976248545,0.0,0.0,0.0,50_88,50/88,20.08%,HSPA1A;HSPB1;HSPA1B;DNAJB1;MT1M;MT1A;MT2A;SOCS3;MT1E;CEBPD;MT1X;NFKBIA;YBX3;IFITM2;CCL2;TM4SF1;CDKN1A;HSPH1;GADD45B;SLC2A3;ID3;IFITM3;HSPD1;HSP90AA1;FLT1;SRGN;DNAJA1;FOS;S100A6;HSPE1;RGCC;EMP1;SLC9A3R2;ZFP36;CD59;IER2;JUN;HSP90AB1;TIMP3;TPT1;RPLP1;HLA-E;FTL;RPL34;RPS8;HLA-B;IFI27;RPS28;RPL37A;ADAMTS1,HSPA1A;HSPB1;HSPA1B;DNAJB1;MT1M;MT1A;MT2A;SOCS3;MT1E;CEBPD;MT1X;NFKBIA;YBX3;IFITM2;CCL2;TM4SF1;CDKN1A;HSPH1;GADD45B;SLC2A3;ID3;IFITM3;HSPD1;HSP90AA1;FLT1;SRGN;DNAJA1;FOS;S100A6;HSPE1;RGCC;EMP1;SLC9A3R2;ZFP36;CD59;IER2;JUN;HSP90AB1;TIMP3;TPT1;RPLP1;HLA-E;FTL;RPL34;RPS8;HLA-B;IFI27;RPS28;RPL37A;ADAMTS1;TMSB10;CXCL2;RPL28;RPS24;RPS27A;RPS14;RPS18;RPL32;HLA-C;RPL11;MYL6;GSN;UBB;EIF1;TXNIP;RPS27;RPL30;RPL37;RPL41;HLA-A;PTMA;HNRNPA2B1;EEF1A1;FTH1;EPAS1;HSPA8;SPARCL1;B2M;TMSB4X;DDX5;FABP4;ITM2B;ACTG1;CALM1;CAV1;FABP5;EGR1;CD36,"[2, 4, 7, 8, 126, 138, 145, 158, 308, 312, 318, 438, 466, 633, 636, 694, 715, 718, 762, 935, 956, 970, 987, 996, 1094, 1146, 1202, 1219, 1299, 1341, 1356, 1664, 1788, 1852, 2017, 2071, 2405, 2454, 2602, 2707, 2741, 2908, 3009, 3066, 3240, 3273, 3312, 3464, 3513, 3516, 3661, 3816, 3938, 4212, 4464, 4601, 4800, 4803, 5034, 5044, 5081, 5373, 5432, 5574, 5739, 5753, 6030, 6213, 6566, 7026, 7036, 7364, 7718, 7728, 7874, 7892, 7992, 8759, 8993, 9867, 9876, 11214, 11600, 13283, 13967, 14946, 17016, 17499]",Tabula_Sapiens__Muscle-capillary Endothelial Cell
Tabula_Sapiens,Lung-bronchial Vessel Endothelial Cell,prerank,0.581832011205673,2.32852785256896,0.0,0.0,0.0,64_89,64/89,30.63%,NFKBIA;YBX3;CLDN5;PDLIM1;IFITM3;HSP90AA1;FOS;S100A6;VIM;TIMP1;RPS21;ZFP36;VWF;RPL36;RPS19;JUN;HSP90AB1;RPS15;RPS16;TPT1;RPLP1;RPL34;RPL18;RPLP2;RPL9;RPS8;RPL18A;RPS3;RPS28;RPL13A;RPL37A;RPL8;TMSB10;RPS5;RPS11;RPL28;RPL38;RPS29;RPL14;RPL35;RPL35A;RPS24;RPL6;RPS6;RPS27A;RPL3;RPS7;RPS3A;RPS14;RPL7A;RPL29;RPL23A;RPS18;RPL32;RPL19;RPS13;RPS9;RPL27A;RPL11;MYL6;NACA;RPS4X;RPL39;FAU,NFKBIA;YBX3;CLDN5;PDLIM1;IFITM3;HSP90AA1;FOS;S100A6;VIM;TIMP1;RPS21;ZFP36;VWF;RPL36;RPS19;JUN;HSP90AB1;RPS15;RPS16;TPT1;RPLP1;RPL34;RPL18;RPLP2;RPL9;RPS8;RPL18A;RPS3;RPS28;RPL13A;RPL37A;RPL8;TMSB10;RPS5;RPS11;RPL28;RPL38;RPS29;RPL14;RPL35;RPL35A;RPS24;RPL6;RPS6;RPS27A;RPL3;RPS7;RPS3A;RPS14;RPL7A;RPL29;RPL23A;RPS18;RPL32;RPL19;RPS13;RPS9;RPL27A;RPL11;MYL6;NACA;RPS4X;RPL39;FAU;RPS2;EIF1;HSP90B1;RPS27;GAPDH;RPS15A;RPL30;RPL5;RPL37;RPLP0;RPL41;RPS23;PTMA;RPL10A;RPL21;EEF1A1;SPARCL1;RPL12;B2M;TMSB4X;MGP;RPL15;IGFBP7;ACTG1;RPL26,"[438, 466, 781, 843, 970, 996, 1219, 1299, 1399, 1515, 1679, 1852, 1921, 2297, 2336, 2405, 2454, 2583, 2683, 2707, 2741, 3066, 3110, 3161, 3204, 3240, 3274, 3341, 3464, 3478, 3513, 3549, 3661, 3685, 3907, 3938, 3947, 4056, 4093, 4163, 4202, 4212, 4220, 4340, 4464, 4465, 4486, 4491, 4601, 4603, 4699, 4751, 4800, 4803, 4864, 4883, 4925, 5032, 5044, 5081, 5174, 5294, 5363, 5365, 5472, 5574, 5669, 5753, 5812, 5993, 6030, 6075, 6213, 6265, 6566, 6735, 7036, 7111, 7173, 7718, 7992, 8419, 8759, 8993, 9257, 10085, 11361, 11600, 16730]",Tabula_Sapiens__Lung-bronchial Vessel Endothelial Cell
Tabula_Sapiens,Thymus-macrophage,prerank,0.5767140327702697,2.2977133674040213,0.0,0.0,0.0,62_87,62/87,29.01%,S100A8;C1QA;S100A4;C1QC;C1QB;HMOX1;CYBA;LYVE1;TYROBP;FCGRT;CD163;S100A9;FCER1G;LAPTM5;HSP90AA1;S100A11;SRGN;PLTP;FOS;S100A6;VIM;CTSS;SERF2;RPL36;RPS19;GPX1;RPS15;LGALS1;CSTB;TPT1;RPLP1;NPC2;SH3BGRL3;GLUL;FTL;RPL34;OAZ1;CD63;RPLP2;RPS8;RPL18A;RPS28;RPL13A;RPL37A;RPL8;TMSB10;YBX1;APOE;RPL28;RPS24;MRC1;RPS27A;RPS14;CTSD;RPS18;RPL32;UBA52;RPL19;RPS13;RPS9;RPL11;MYL6,S100A8;C1QA;S100A4;C1QC;C1QB;HMOX1;CYBA;LYVE1;TYROBP;FCGRT;CD163;S100A9;FCER1G;LAPTM5;HSP90AA1;S100A11;SRGN;PLTP;FOS;S100A6;VIM;CTSS;SERF2;RPL36;RPS19;GPX1;RPS15;LGALS1;CSTB;TPT1;RPLP1;NPC2;SH3BGRL3;GLUL;FTL;RPL34;OAZ1;CD63;RPLP2;RPS8;RPL18A;RPS28;RPL13A;RPL37A;RPL8;TMSB10;YBX1;APOE;RPL28;RPS24;MRC1;RPS27A;RPS14;CTSD;RPS18;RPL32;UBA52;RPL19;RPS13;RPS9;RPL11;MYL6;RPL39;RPS2;EIF1;CTSB;HSP90B1;RPS27;GAPDH;PFN1;RPL30;RPL37;CST3;RPL41;RPS23;PTMA;EEF1A1;FTH1;RPL12;B2M;TMSB4X;FABP4;THBS1;ACTG1;FABP5;RNASE1;CD36,"[157, 196, 245, 280, 399, 444, 470, 485, 656, 743, 818, 820, 857, 919, 996, 1102, 1146, 1178, 1219, 1299, 1399, 1687, 2068, 2297, 2336, 2540, 2583, 2686, 2706, 2707, 2741, 2760, 2777, 2868, 3009, 3066, 3070, 3076, 3161, 3240, 3274, 3464, 3478, 3513, 3549, 3661, 3681, 3783, 3938, 4212, 4351, 4464, 4601, 4656, 4800, 4803, 4863, 4864, 4883, 4925, 5044, 5081, 5363, 5472, 5574, 5660, 5669, 5753, 5812, 5977, 6030, 6213, 6273, 6566, 6735, 7036, 7718, 7728, 8419, 8759, 8993, 9876, 10764, 11600, 14946, 16286, 17499]",Tabula_Sapiens__Thymus-macrophage
Tabula_Sapiens,Blood-neutrophil,prerank,0.7211468163468863,2.917288625107068,0.0,0.0,0.0,39_85,39/85,9.00%,G0S2;MMP9;S100A12;CD177;IL1R2;VNN2;SLC11A1;S100A8;S100P;S100A4;CST7;CEBPD;NFKBIA;SERPINA1;CEBPB;CYBA;IFITM2;TYROBP;SPI1;S100A9;IFITM1;CSF3R;FCER1G;PNRC1;TSPO;LAPTM5;SELL;SLC2A3;IFITM3;FPR1;ALOX5AP;S100A11;BCL2A1;SRGN;FOS;S100A6;VIM;TAGLN2;GMFG,G0S2;MMP9;S100A12;CD177;IL1R2;VNN2;SLC11A1;S100A8;S100P;S100A4;CST7;CEBPD;NFKBIA;SERPINA1;CEBPB;CYBA;IFITM2;TYROBP;SPI1;S100A9;IFITM1;CSF3R;FCER1G;PNRC1;TSPO;LAPTM5;SELL;SLC2A3;IFITM3;FPR1;ALOX5AP;S100A11;BCL2A1;SRGN;FOS;S100A6;VIM;TAGLN2;GMFG;YPEL3;RGS2;PTPRC;TPT1;ARHGDIB;SH3BGRL3;HLA-E;FTL;OAZ1;PROK2;EVI2B;HLA-B;MYL12A;KLF6;HLA-C;MYL6;EIF1;TXNIP;GAPDH;LSP1;PFN1;SDCBP;RNF149;CFLAR;HLA-A;CD55;ALPL;FTH1;IQGAP1;B2M;ARPC3;TMSB4X;NAMPT;MNDA;ACSL1;SOD2;BASP1;TALDO1;ANP32A;ITM2B;ARPC2;ACTG1;SLC25A37;SORL1;LITAF;GCA,"[1, 9, 11, 18, 33, 117, 132, 157, 233, 245, 291, 312, 438, 459, 464, 470, 633, 656, 677, 820, 842, 848, 857, 875, 915, 919, 928, 935, 970, 1004, 1045, 1102, 1133, 1146, 1219, 1299, 1399, 1537, 1575, 1965, 2412, 2422, 2707, 2742, 2777, 2908, 3009, 3070, 3224, 3269, 3273, 3359, 3544, 5034, 5081, 5574, 5739, 5812, 5942, 5977, 5990, 6038, 6908, 7026, 7327, 7418, 7728, 8601, 8759, 8867, 8993, 9148, 9168, 9364, 9365, 10595, 10674, 11097, 11214, 11250, 11600, 12360, 14179, 14933, 16271]",Tabula_Sapiens__Blood-neutrophil
Tabula_Sapiens,Pancreas-b Cell,prerank,0.568908664800669,2.2827725316274687,0.0,0.0,0.0,69_89,69/89,32.85%,HLA-DRA;CD74;BTG1;RPS21;HLA-DPA1;SERF2;RPL36;RPS19;RPS15;RPS16;TPT1;RPLP1;FTL;RPS10;RPL34;RPL18;RPLP2;RPL9;RPS8;HLA-B;RPL18A;RPS3;RPS26;RPS28;RPL13A;RPL37A;RPL8;RPL31;TMSB10;RPS5;RPL27;RPS11;RPL28;RPL38;RPS29;RPL14;RPS20;RPL35;RPL35A;RPS24;RPL6;RPS6;RPS27A;RPL3;RPS7;RPS3A;RPS25;RPS14;RPL7A;RPL29;RPL23A;RPS18;RPL32;UBA52;RPL19;RPS13;RPS9;RPL7;RPSA;RPL27A;RPL11;NACA;RPS4X;RPL39;FAU;RPS2;EIF1;TXNIP;RPS27,HLA-DRA;CD74;BTG1;RPS21;HLA-DPA1;SERF2;RPL36;RPS19;RPS15;RPS16;TPT1;RPLP1;FTL;RPS10;RPL34;RPL18;RPLP2;RPL9;RPS8;HLA-B;RPL18A;RPS3;RPS26;RPS28;RPL13A;RPL37A;RPL8;RPL31;TMSB10;RPS5;RPL27;RPS11;RPL28;RPL38;RPS29;RPL14;RPS20;RPL35;RPL35A;RPS24;RPL6;RPS6;RPS27A;RPL3;RPS7;RPS3A;RPS25;RPS14;RPL7A;RPL29;RPL23A;RPS18;RPL32;UBA52;RPL19;RPS13;RPS9;RPL7;RPSA;RPL27A;RPL11;NACA;RPS4X;RPL39;FAU;RPS2;EIF1;TXNIP;RPS27;RPS15A;RPL30;RPL5;RPL22;RPL37;RPLP0;RPL41;RPS23;PTMA;RPL10A;RPL21;EEF1A1;FTH1;RPL12;B2M;TMSB4X;RPL15;EEF1B2;ACTG1;RPL26,"[855, 908, 1239, 1679, 1918, 2068, 2297, 2336, 2583, 2683, 2707, 2741, 3009, 3058, 3066, 3110, 3161, 3204, 3240, 3273, 3274, 3341, 3446, 3464, 3478, 3513, 3549, 3614, 3661, 3685, 3894, 3907, 3938, 3947, 4056, 4093, 4125, 4163, 4202, 4212, 4220, 4340, 4464, 4465, 4486, 4491, 4542, 4601, 4603, 4699, 4751, 4800, 4803, 4863, 4864, 4883, 4925, 4984, 5014, 5032, 5044, 5174, 5294, 5363, 5365, 5472, 5574, 5739, 5753, 5993, 6030, 6075, 6109, 6213, 6265, 6566, 6735, 7036, 7111, 7173, 7718, 7728, 8419, 8759, 8993, 10085, 11512, 11600, 16730]",Tabula_Sapiens__Pancreas-b Cell
Tabula_Sapiens,Salivary Gland-plasma Cell,prerank,0.6404658113128455,2.5740965124721766,0.0,0.0,0.0,59_87,59/87,28.80%,HSPA1A;HSPA1B;SLPI;MZB1;NFKBIA;CYBA;HSP90AA1;TSC22D3;DERL3;FOS;ZFP36L2;VIM;RPS21;XBP1;HERPUD1;RPL36;RPS19;JUN;HSP90AB1;RPS15;RPS16;TPT1;RPLP1;FTL;JUND;RPL34;RPL18;RPLP2;RPL9;RPS8;RPL18A;RPS3;RPS28;RPL13A;RPL37A;KLF6;RPL8;RPS5;RPS11;RPL28;RPS29;RPS20;RPL35;RPL35A;RPL6;RPS6;RPS27A;RPL3;RPS14;RPL7A;RPL29;RPL23A;RPS18;RPL32;UBA52;RPL19;RPS9;RPL27A;RPL11,HSPA1A;HSPA1B;SLPI;MZB1;NFKBIA;CYBA;HSP90AA1;TSC22D3;DERL3;FOS;ZFP36L2;VIM;RPS21;XBP1;HERPUD1;RPL36;RPS19;JUN;HSP90AB1;RPS15;RPS16;TPT1;RPLP1;FTL;JUND;RPL34;RPL18;RPLP2;RPL9;RPS8;RPL18A;RPS3;RPS28;RPL13A;RPL37A;KLF6;RPL8;RPS5;RPS11;RPL28;RPS29;RPS20;RPL35;RPL35A;RPL6;RPS6;RPS27A;RPL3;RPS14;RPL7A;RPL29;RPL23A;RPS18;RPL32;UBA52;RPL19;RPS9;RPL27A;RPL11;RPS4X;RPL39;FAU;RPS2;EIF1;HSP90B1;RPS27;RPS15A;RPL30;RPL5;RPL37;RPLP0;RPL41;RPS23;SSR4;PTMA;RPL10A;RPL21;EEF1A1;FTH1;FOSB;RPL12;SEC11C;B2M;TMSB4X;BTG2;FKBP11;RPL15,"[2, 7, 42, 75, 438, 470, 996, 1034, 1055, 1219, 1382, 1399, 1679, 1799, 2276, 2297, 2336, 2405, 2454, 2583, 2683, 2707, 2741, 3009, 3051, 3066, 3110, 3161, 3204, 3240, 3274, 3341, 3464, 3478, 3513, 3544, 3549, 3685, 3907, 3938, 4056, 4125, 4163, 4202, 4220, 4340, 4464, 4465, 4601, 4603, 4699, 4751, 4800, 4803, 4863, 4864, 4925, 5032, 5044, 5294, 5363, 5365, 5472, 5574, 5669, 5753, 5993, 6030, 6075, 6213, 6265, 6566, 6735, 6863, 7036, 7111, 7173, 7718, 7728, 7914, 8419, 8448, 8759, 8993, 9417, 9714, 10085]",Tabula_Sapiens__Salivary Gland-plasma Cell
Tabula_Sapiens,Bladder-endothelial Cell Of Lymphatic Vessel,prerank,0.6166253274085298,2.4285766357707983,0.0,0.0,0.0,64_85,64/85,30.63%,CEBPD;NFKBIA;LYVE1;GADD45B;CLDN5;FOS;S100A6;VIM;KLF4;TIMP1;S100A10;GNG11;ZFP36;TFPI;RPL36;RPS19;JUN;RPS15;RPS16;TFF3;TPT1;RPLP1;HLA-E;FTL;JUND;RPL34;CD63;RPL18;RPL9;RPS8;RPL18A;RPS3;RPS28;RPL13A;RPL37A;KLF6;RPL8;TMSB10;RPS5;RPL28;RPL14;RPL35A;RPS24;RPL6;RPS6;RPS27A;RPL3;RPS7;RPS3A;RPS14;RPL7A;RPL29;RPS18;RPL32;RPL19;RPS13;RPS9;RPL11;GNAS;MYL6;NACA;RPS4X;RPL39;FAU,CEBPD;NFKBIA;LYVE1;GADD45B;CLDN5;FOS;S100A6;VIM;KLF4;TIMP1;S100A10;GNG11;ZFP36;TFPI;RPL36;RPS19;JUN;RPS15;RPS16;TFF3;TPT1;RPLP1;HLA-E;FTL;JUND;RPL34;CD63;RPL18;RPL9;RPS8;RPL18A;RPS3;RPS28;RPL13A;RPL37A;KLF6;RPL8;TMSB10;RPS5;RPL28;RPL14;RPL35A;RPS24;RPL6;RPS6;RPS27A;RPL3;RPS7;RPS3A;RPS14;RPL7A;RPL29;RPS18;RPL32;RPL19;RPS13;RPS9;RPL11;GNAS;MYL6;NACA;RPS4X;RPL39;FAU;RPS2;EIF1;RPS27;RPS15A;RPL30;RPL5;RPL37;RPL41;RPS23;AKAP12;HLA-A;PTMA;RPL21;EEF1A1;FTH1;RPL12;B2M;TMSB4X;RPL15;IGFBP7;FABP5,"[312, 438, 485, 762, 781, 1219, 1299, 1399, 1437, 1515, 1551, 1851, 1852, 1966, 2297, 2336, 2405, 2583, 2683, 2699, 2707, 2741, 2908, 3009, 3051, 3066, 3076, 3110, 3204, 3240, 3274, 3341, 3464, 3478, 3513, 3544, 3549, 3661, 3685, 3938, 4093, 4202, 4212, 4220, 4340, 4464, 4465, 4486, 4491, 4601, 4603, 4699, 4800, 4803, 4864, 4883, 4925, 5044, 5066, 5081, 5174, 5294, 5363, 5365, 5472, 5574, 5753, 5993, 6030, 6075, 6213, 6566, 6735, 6752, 7026, 7036, 7173, 7718, 7728, 8419, 8759, 8993, 10085, 11361, 14946]",Tabula_Sapiens__Bladder-endothelial Cell Of Lymphatic Vessel
Tabula_Sapiens,Small Intestine-monocyte,prerank,0.5839008976624087,2.3200029208760173,0.0,0.0,0.0,39_88,39/88,17.66%,HSPA1A;HSPA1B;DNAJB1;MAFF;MT2A;SOCS3;CEBPD;NFKBIA;CCL2;HSPH1;CLU;IRF1;GADD45B;CRYAB;HSP90AA1;DNAJA1;FOS;BTG1;S100A6;HSPE1;VIM;KLF4;S100A10;ZFP36L1;ZFP36;IER2;PDK4;IER3;RPS19;JUN;HSP90AB1;TIMP3;LGALS1;TPT1;RPLP1;HLA-E;FTL;JUND;LGI4,HSPA1A;HSPA1B;DNAJB1;MAFF;MT2A;SOCS3;CEBPD;NFKBIA;CCL2;HSPH1;CLU;IRF1;GADD45B;CRYAB;HSP90AA1;DNAJA1;FOS;BTG1;S100A6;HSPE1;VIM;KLF4;S100A10;ZFP36L1;ZFP36;IER2;PDK4;IER3;RPS19;JUN;HSP90AB1;TIMP3;LGALS1;TPT1;RPLP1;HLA-E;FTL;JUND;LGI4;RPL37A;TMSB10;RPL28;SCN7A;ATF3;RPL3;RPS14;RPS18;RPL32;LMNA;RPL11;ANXA1;EIF1;RPS27;RPL30;CST3;NNMT;PMEPA1;RPL41;PTMA;RPL21;HNRNPA2B1;EEF1A1;FTH1;HSPA8;FOSB;SPARCL1;RHOB;B2M;MARCKS;RCAN1;TMSB4X;BTG2;DDX5;SPARC;CALM2;IGFBP7;ACTG1;NR4A1;SOX4;CALM1;KLF9;NRXN1;CD9;DST;PLP1;TUBA1A;EGR1;ANK3,"[2, 7, 8, 25, 145, 158, 312, 438, 636, 718, 751, 753, 762, 969, 996, 1202, 1219, 1239, 1299, 1341, 1399, 1437, 1551, 1595, 1852, 2071, 2104, 2252, 2336, 2405, 2454, 2602, 2686, 2707, 2741, 2908, 3009, 3051, 3093, 3513, 3661, 3938, 4094, 4249, 4465, 4601, 4800, 4803, 4905, 5044, 5053, 5574, 5753, 6030, 6273, 6420, 6443, 6566, 7036, 7173, 7364, 7718, 7728, 7892, 7914, 7992, 8680, 8759, 8773, 8774, 8993, 9417, 9867, 9882, 10877, 11361, 11600, 12865, 13059, 13283, 13542, 13653, 15173, 15276, 15345, 16804, 17016, 17029]",Tabula_Sapiens__Small Intestine-monocyte
Tabula_Sapiens,Tongue-fibroblast,prerank,0.6199043762519905,2.4529708881332892,0.0,0.0,0.0,64_88,64/88,30.68%,HSPA1A;MT2A;CEBPD;MT1X;ADH1B;IFITM3;FOS;S100A6;DCN;VIM;C1R;RPS21;ZFP36;COL1A2;RPL36;RPS19;JUN;APOD;RPS15;RPS16;LGALS1;TPT1;RPLP1;FTL;JUND;RPL34;COL1A1;RPL18;RPLP2;RPL9;RPS8;RPL18A;RPS3;RPS28;RPL13A;RPL37A;RPL8;IGFBP2;RPS5;RPS11;RPL28;RPS29;RPL14;RPL35;RPL35A;RPS24;RPL6;RPS6;RPS27A;RPL3;RPS14;RPL7A;RPL29;RPS18;RPL32;RPL19;RPS13;RPS9;RPL27A;RPL11;RPS4X;RPL39;FAU;GSN,HSPA1A;MT2A;CEBPD;MT1X;ADH1B;IFITM3;FOS;S100A6;DCN;VIM;C1R;RPS21;ZFP36;COL1A2;RPL36;RPS19;JUN;APOD;RPS15;RPS16;LGALS1;TPT1;RPLP1;FTL;JUND;RPL34;COL1A1;RPL18;RPLP2;RPL9;RPS8;RPL18A;RPS3;RPS28;RPL13A;RPL37A;RPL8;IGFBP2;RPS5;RPS11;RPL28;RPS29;RPL14;RPL35;RPL35A;RPS24;RPL6;RPS6;RPS27A;RPL3;RPS14;RPL7A;RPL29;RPS18;RPL32;RPL19;RPS13;RPS9;RPL27A;RPL11;RPS4X;RPL39;FAU;GSN;RPS2;EIF1;RPS27;RPS15A;RPL30;RPL5;RPL37;CST3;RPL41;RPS23;PTMA;RPL10A;RPL21;EEF1A1;FTH1;FOSB;SPARCL1;GPX3;RPL12;B2M;MGP;SOD2;IGFBP7;COL3A1,"[2, 145, 312, 318, 648, 970, 1219, 1299, 1395, 1399, 1505, 1679, 1852, 2167, 2297, 2336, 2405, 2562, 2583, 2683, 2686, 2707, 2741, 3009, 3051, 3066, 3083, 3110, 3161, 3204, 3240, 3274, 3341, 3464, 3478, 3513, 3549, 3564, 3685, 3907, 3938, 4056, 4093, 4163, 4202, 4212, 4220, 4340, 4464, 4465, 4601, 4603, 4699, 4800, 4803, 4864, 4883, 4925, 5032, 5044, 5294, 5363, 5365, 5373, 5472, 5574, 5753, 5993, 6030, 6075, 6213, 6273, 6566, 6735, 7036, 7111, 7173, 7718, 7728, 7914, 7992, 7997, 8419, 8759, 9257, 9365, 11361, 15835]",Tabula_Sapiens__Tongue-fibroblast
Tabula_Sapiens,Prostate-myeloid Cell,prerank,0.6098137232819325,2.4434506193611316,0.0,0.0,0.0,63_89,63/89,28.80%,HSPA1A;C1QA;C1QC;C1QB;CYBA;TYROBP;HLA-DRA;CD74;HSP90AA1;VIM;RPS21;HLA-DPA1;HERPUD1;RPL36;RPS19;GPX1;RPS15;RPS16;TPT1;RPLP1;RGS1;FTL;RPL34;CD63;RPL18;RPLP2;RPL9;RPS8;RPL18A;RPS3;RPS28;RPL13A;RPL37A;RPL8;TMSB10;APOE;RPS11;RPL28;RPL38;RPS29;RPS20;RPL35;RPL35A;RPS24;RPL6;RPS6;RPS27A;RPL3;RPS7;RPS3A;RPS14;RPL7A;CTSD;RPL29;RPL23A;RPS18;RPL32;UBA52;RPL19;RPS13;RPS9;RPL27A;RPL11,HSPA1A;C1QA;C1QC;C1QB;CYBA;TYROBP;HLA-DRA;CD74;HSP90AA1;VIM;RPS21;HLA-DPA1;HERPUD1;RPL36;RPS19;GPX1;RPS15;RPS16;TPT1;RPLP1;RGS1;FTL;RPL34;CD63;RPL18;RPLP2;RPL9;RPS8;RPL18A;RPS3;RPS28;RPL13A;RPL37A;RPL8;TMSB10;APOE;RPS11;RPL28;RPL38;RPS29;RPS20;RPL35;RPL35A;RPS24;RPL6;RPS6;RPS27A;RPL3;RPS7;RPS3A;RPS14;RPL7A;CTSD;RPL29;RPL23A;RPS18;RPL32;UBA52;RPL19;RPS13;RPS9;RPL27A;RPL11;RPS4X;RPL39;FAU;RPS2;EIF1;CTSB;RPS27;GAPDH;RPS15A;RPL30;RPL5;RPL37;CST3;RPL41;RPS23;PTMA;RPL10A;RPL21;EEF1A1;FTH1;RPL12;B2M;TMSB4X;RPL15;ITM2B;RPL26,"[2, 196, 280, 399, 470, 656, 855, 908, 996, 1399, 1679, 1918, 2276, 2297, 2336, 2540, 2583, 2683, 2707, 2741, 2808, 3009, 3066, 3076, 3110, 3161, 3204, 3240, 3274, 3341, 3464, 3478, 3513, 3549, 3661, 3783, 3907, 3938, 3947, 4056, 4125, 4163, 4202, 4212, 4220, 4340, 4464, 4465, 4486, 4491, 4601, 4603, 4656, 4699, 4751, 4800, 4803, 4863, 4864, 4883, 4925, 5032, 5044, 5294, 5363, 5365, 5472, 5574, 5660, 5753, 5812, 5993, 6030, 6075, 6213, 6273, 6566, 6735, 7036, 7111, 7173, 7718, 7728, 8419, 8759, 8993, 10085, 11214, 16730]",Tabula_Sapiens__Prostate-myeloid Cell
Tabula_Sapiens,Vasculature-artery Endothelial Cell,prerank,0.5931902195261733,2.3254077127780874,0.0,0.0,0.0,67_88,67/88,32.85%,MT2A;TM4SF1;CLDN5;KLF2;IFITM3;HSP90AA1;SRGN;FOS;S100A6;VIM;RPS21;SLC9A3R2;ZFP36;RPL36;RPS19;JUN;RPS15;TIMP3;RPS16;TPT1;RPLP1;HLA-E;RPL34;RPL18;RPLP2;RPL9;RPS8;HLA-B;RPL18A;IFI27;RPS3;RPS28;RPL13A;RPL37A;RPL8;TMSB10;RPS11;RPL28;RPS29;RPL35A;RPS24;RPL6;RPS6;RPS27A;RPL3;RPS7;RPS3A;RPS14;RPL7A;RPL29;RPS18;RPL32;RPL19;RPS13;RPS9;RPL27A;RPL11;RPS4X;RPL39;FAU;GSN;RPS2;SYNE2;KCTD12;SRP14;TXNIP;RPS27,MT2A;TM4SF1;CLDN5;KLF2;IFITM3;HSP90AA1;SRGN;FOS;S100A6;VIM;RPS21;SLC9A3R2;ZFP36;RPL36;RPS19;JUN;RPS15;TIMP3;RPS16;TPT1;RPLP1;HLA-E;RPL34;RPL18;RPLP2;RPL9;RPS8;HLA-B;RPL18A;IFI27;RPS3;RPS28;RPL13A;RPL37A;RPL8;TMSB10;RPS11;RPL28;RPS29;RPL35A;RPS24;RPL6;RPS6;RPS27A;RPL3;RPS7;RPS3A;RPS14;RPL7A;RPL29;RPS18;RPL32;RPL19;RPS13;RPS9;RPL27A;RPL11;RPS4X;RPL39;FAU;GSN;RPS2;SYNE2;KCTD12;SRP14;TXNIP;RPS27;RPS15A;RPL30;RPL37;RPL41;RPS23;HLA-A;PTMA;RPL21;IGFBP3;EEF1A1;A2M;EPAS1;SPARCL1;RPL12;B2M;TMSB4X;FABP4;RPL15;RDX;CAV1;CXCL12,"[145, 694, 781, 811, 970, 996, 1146, 1219, 1299, 1399, 1679, 1788, 1852, 2297, 2336, 2405, 2583, 2602, 2683, 2707, 2741, 2908, 3066, 3110, 3161, 3204, 3240, 3273, 3274, 3312, 3341, 3464, 3478, 3513, 3549, 3661, 3907, 3938, 4056, 4202, 4212, 4220, 4340, 4464, 4465, 4486, 4491, 4601, 4603, 4699, 4800, 4803, 4864, 4883, 4925, 5032, 5044, 5294, 5363, 5365, 5373, 5472, 5556, 5600, 5729, 5739, 5753, 5993, 6030, 6213, 6566, 6735, 7026, 7036, 7173, 7422, 7718, 7759, 7874, 7992, 8419, 8759, 8993, 9876, 10085, 10240, 13967, 15960]",Tabula_Sapiens__Vasculature-artery Endothelial Cell
Tabula_Sapiens,Skin-macrophage,prerank,0.6478398516573376,2.6258799561723984,0.0,0.0,0.0,52_85,52/85,23.16%,G0S2;HSPA1A;IL1R2;CCL17;MT2A;MT1G;MT1E;MT1X;NFKBIA;CEBPB;HLA-DRB1;CCL20;CXCL1;HLA-DRA;FCER1G;CXCL3;PNRC1;CD74;S100A11;SRGN;BTG1;S100A6;VIM;TIMP1;S100A10;RPS21;HLA-DPA1;SERF2;IER3;RPS19;CXCL5;IL1B;RPS16;LGALS1;CSTB;TPT1;RPLP1;SH3BGRL3;FTL;RPS10;RPL34;OAZ1;CD63;RPLP2;HLA-B;RPS28;RPL37A;TMSB10;CXCL2;RPL28;CD44;RPS29,G0S2;HSPA1A;IL1R2;CCL17;MT2A;MT1G;MT1E;MT1X;NFKBIA;CEBPB;HLA-DRB1;CCL20;CXCL1;HLA-DRA;FCER1G;CXCL3;PNRC1;CD74;S100A11;SRGN;BTG1;S100A6;VIM;TIMP1;S100A10;RPS21;HLA-DPA1;SERF2;IER3;RPS19;CXCL5;IL1B;RPS16;LGALS1;CSTB;TPT1;RPLP1;SH3BGRL3;FTL;RPS10;RPL34;OAZ1;CD63;RPLP2;HLA-B;RPS28;RPL37A;TMSB10;CXCL2;RPL28;CD44;RPS29;RPS24;ANXA5;RPS27A;RPS14;RPS18;RPL32;RPL19;RPS9;ANXA1;MYL6;RPL39;CTSB;RPS27;GAPDH;PFN1;RPL37;CST3;RPL41;AKAP12;CCL3;EEF1A1;FTH1;RPL12;B2M;TMSB4X;NAMPT;SOD2;BASP1;THBS1;CCL4;EREG;RNASE1;SERPINB2,"[1, 2, 33, 67, 145, 165, 308, 318, 438, 464, 558, 561, 594, 855, 857, 873, 875, 908, 1102, 1146, 1239, 1299, 1399, 1515, 1551, 1679, 1918, 2068, 2252, 2336, 2588, 2654, 2683, 2686, 2706, 2707, 2741, 2777, 3009, 3058, 3066, 3070, 3076, 3161, 3273, 3464, 3513, 3661, 3816, 3938, 4043, 4056, 4212, 4406, 4464, 4601, 4800, 4803, 4864, 4925, 5053, 5081, 5363, 5660, 5753, 5812, 5977, 6213, 6273, 6566, 6752, 7409, 7718, 7728, 8419, 8759, 8993, 9148, 9365, 10595, 10764, 10797, 11223, 16286, 16394]",Tabula_Sapiens__Skin-macrophage
Tabula_Sapiens,Thymus-dn1 Thymic Pro-T Cell,prerank,0.5588691310477651,2.2598630496164045,0.0,0.0,0.0,65_90,65/90,30.63%,CXCR4;NFKBIA;IL7R;SRGN;BTG1;TNFAIP3;ZFP36L2;RPS21;RPL36;RPS19;RPS15;RPS16;TPT1;RPLP1;FTL;JUND;RPS10;RPL34;RPL18;RPLP2;RPL9;RPS8;HLA-B;RPL18A;RPS3;RPS28;RPL13A;RPL37A;RPL8;TMSB10;RPS5;RPL27;RPS11;RPL28;RPL38;RPS29;RPL14;RPS20;RPL35;RPL35A;RPS24;RPL6;RPS6;RPS27A;RPL3;RPS7;RPS3A;RPS25;RPS14;RPL7A;RPL29;RPL23A;RPS18;RPL32;UBA52;RPL19;RPS13;RPS9;RPSA;RPL27A;RPL11;NACA;RPS4X;RPL39;FAU,CXCR4;NFKBIA;IL7R;SRGN;BTG1;TNFAIP3;ZFP36L2;RPS21;RPL36;RPS19;RPS15;RPS16;TPT1;RPLP1;FTL;JUND;RPS10;RPL34;RPL18;RPLP2;RPL9;RPS8;HLA-B;RPL18A;RPS3;RPS28;RPL13A;RPL37A;RPL8;TMSB10;RPS5;RPL27;RPS11;RPL28;RPL38;RPS29;RPL14;RPS20;RPL35;RPL35A;RPS24;RPL6;RPS6;RPS27A;RPL3;RPS7;RPS3A;RPS25;RPS14;RPL7A;RPL29;RPL23A;RPS18;RPL32;UBA52;RPL19;RPS13;RPS9;RPSA;RPL27A;RPL11;NACA;RPS4X;RPL39;FAU;RPS2;EIF1;TXNIP;RPS27;RPS15A;RPL30;RPL5;RPL37;RPLP0;RPL41;RPS23;HLA-A;PTMA;RPL10A;RPL21;EEF1A1;FTH1;RPL12;B2M;TMSB4X;RPL15;CCL4;EEF1B2;CD69;RPL26,"[50, 438, 1012, 1146, 1239, 1329, 1382, 1679, 2297, 2336, 2583, 2683, 2707, 2741, 3009, 3051, 3058, 3066, 3110, 3161, 3204, 3240, 3273, 3274, 3341, 3464, 3478, 3513, 3549, 3661, 3685, 3894, 3907, 3938, 3947, 4056, 4093, 4125, 4163, 4202, 4212, 4220, 4340, 4464, 4465, 4486, 4491, 4542, 4601, 4603, 4699, 4751, 4800, 4803, 4863, 4864, 4883, 4925, 5014, 5032, 5044, 5174, 5294, 5363, 5365, 5472, 5574, 5739, 5753, 5993, 6030, 6075, 6213, 6265, 6566, 6735, 7026, 7036, 7111, 7173, 7718, 7728, 8419, 8759, 8993, 10085, 10797, 11512, 16391, 16730]",Tabula_Sapiens__Thymus-dn1 Thymic Pro-T Cell
Tabula_Sapiens,Uterus-ciliated Epithelial Cell,prerank,0.5195001098919971,2.09022210658976,0.0,0.0,0.0,58_86,58/86,29.01%,HSPB1;SLPI;HSP90AA1;S100A11;VIM;ANXA2;S100A10;SERF2;IER3;RPL36;RPS19;JUN;HSP90AB1;RPS15;RPS16;TPT1;RPLP1;GSTP1;RPL34;RPL18;RPLP2;RPL9;RPS8;RPL18A;IFI27;RPS3;RPS28;RPL13A;RPL37A;RPL8;DYNLL1;TMSB10;RPS5;CLDN4;RPL28;RPL14;RPL35;RPL35A;RPS24;RPL6;RPS6;RPS27A;RPL3;RPS7;RPS3A;RPS14;RPL7A;TUBB4B;RPL29;RPS18;RPL32;RPL19;RPS13;RPS9;RPSA;RPL11;ANXA1;MYL6,HSPB1;SLPI;HSP90AA1;S100A11;VIM;ANXA2;S100A10;SERF2;IER3;RPL36;RPS19;JUN;HSP90AB1;RPS15;RPS16;TPT1;RPLP1;GSTP1;RPL34;RPL18;RPLP2;RPL9;RPS8;RPL18A;IFI27;RPS3;RPS28;RPL13A;RPL37A;RPL8;DYNLL1;TMSB10;RPS5;CLDN4;RPL28;RPL14;RPL35;RPL35A;RPS24;RPL6;RPS6;RPS27A;RPL3;RPS7;RPS3A;RPS14;RPL7A;TUBB4B;RPL29;RPS18;RPL32;RPL19;RPS13;RPS9;RPSA;RPL11;ANXA1;MYL6;RPS4X;RPL39;UBB;RPS2;PRDX5;RPS27;GAPDH;RPS15A;RPL30;RPL37;RPL41;RPS23;PTMA;RPL10A;EEF1A1;FTH1;WFDC2;RPL12;B2M;TMSB4X;RPL15;MORN2;IGFBP7;ACTG1;CALM1;TPPP3;RPL26;CLDN3,"[4, 42, 996, 1102, 1399, 1542, 1551, 2068, 2252, 2297, 2336, 2405, 2454, 2583, 2683, 2707, 2741, 2918, 3066, 3110, 3161, 3204, 3240, 3274, 3312, 3341, 3464, 3478, 3513, 3549, 3652, 3661, 3685, 3933, 3938, 4093, 4163, 4202, 4212, 4220, 4340, 4464, 4465, 4486, 4491, 4601, 4603, 4637, 4699, 4800, 4803, 4864, 4883, 4925, 5014, 5044, 5053, 5081, 5294, 5363, 5432, 5472, 5750, 5753, 5812, 5993, 6030, 6213, 6566, 6735, 7036, 7111, 7718, 7728, 7784, 8419, 8759, 8993, 10085, 10290, 11361, 11600, 13283, 14952, 16730, 17452]",Tabula_Sapiens__Uterus-ciliated Epithelial Cell
Tabula_Sapiens,Lung-intermediate Monocyte,prerank,0.6208784156614183,2.4980975216553127,0.0,0.0,0.0,70_90,70/90,30.63%,S100A8;S100A4;CYBA;LYZ;TYROBP;CD163;S100A9;HLA-DRA;FCER1G;CD74;S100A11;SRGN;FOS;S100A6;VIM;S100A10;CTSS;RPL36;RPS19;RPS15;RPS16;LGALS1;TPT1;RPLP1;SH3BGRL3;COTL1;FTL;RPL34;OAZ1;RPL18;RPLP2;RPL9;RPS8;HLA-B;RPL18A;RPS3;RPS28;RPL13A;RPL37A;RPL8;TMSB10;RPS11;RPL28;RPS29;RPL14;RPS20;RPL35A;RPS24;RPL6;RPS6;RPS27A;RPL3;RPS7;RPS3A;RPS14;RPL7A;RPL29;RPS18;RPL32;UBA52;RPL19;RPS13;RPS9;PFDN5;RPL27A;RPL11;NACA;RPS4X;RPL39;FAU,S100A8;S100A4;CYBA;LYZ;TYROBP;CD163;S100A9;HLA-DRA;FCER1G;CD74;S100A11;SRGN;FOS;S100A6;VIM;S100A10;CTSS;RPL36;RPS19;RPS15;RPS16;LGALS1;TPT1;RPLP1;SH3BGRL3;COTL1;FTL;RPL34;OAZ1;RPL18;RPLP2;RPL9;RPS8;HLA-B;RPL18A;RPS3;RPS28;RPL13A;RPL37A;RPL8;TMSB10;RPS11;RPL28;RPS29;RPL14;RPS20;RPL35A;RPS24;RPL6;RPS6;RPS27A;RPL3;RPS7;RPS3A;RPS14;RPL7A;RPL29;RPS18;RPL32;UBA52;RPL19;RPS13;RPS9;PFDN5;RPL27A;RPL11;NACA;RPS4X;RPL39;FAU;RPS2;EIF1;TXNIP;RPS27;RPS15A;RPL30;AIF1;RPL37;CST3;RPL41;RPS23;PTMA;RPL21;EEF1A1;FTH1;RPL12;B2M;TMSB4X;RPL15;RPL26,"[157, 245, 470, 574, 656, 818, 820, 855, 857, 908, 1102, 1146, 1219, 1299, 1399, 1551, 1687, 2297, 2336, 2583, 2683, 2686, 2707, 2741, 2777, 2856, 3009, 3066, 3070, 3110, 3161, 3204, 3240, 3273, 3274, 3341, 3464, 3478, 3513, 3549, 3661, 3907, 3938, 4056, 4093, 4125, 4202, 4212, 4220, 4340, 4464, 4465, 4486, 4491, 4601, 4603, 4699, 4800, 4803, 4863, 4864, 4883, 4925, 5007, 5032, 5044, 5174, 5294, 5363, 5365, 5472, 5574, 5739, 5753, 5993, 6030, 6152, 6213, 6273, 6566, 6735, 7036, 7173, 7718, 7728, 8419, 8759, 8993, 10085, 16730]",Tabula_Sapiens__Lung-intermediate Monocyte
Tabula_Sapiens,Blood-plasmacytoid Dendritic Cell,prerank,0.5349070372298208,2.1252057756266747,0.0,0.0,0.0,63_87,63/87,31.82%,CD74;TSC22D3;FOS;ZFP36L2;RPS21;RPL36;RPS19;RPS15;RPS16;TPT1;RPLP1;GSTP1;FTL;RPL34;RPL18;RPLP2;RPL9;RPS8;RPL18A;RPS3;RPS28;RPL13A;RPL37A;RPL8;RPL31;TMSB10;RPS5;RPL27;RPS11;RPL28;RPS29;RPL14;RPS20;RPL35;RPL35A;RPS24;RPL6;RPS6;RPS27A;RPL3;RPS7;RPS3A;RPS25;RPS14;RPL7A;RPL29;RPL23A;RPS18;RPL32;UBA52;RPL19;RPS13;RPS9;RPL7;RPSA;RPL27A;RPL11;NACA;RPS4X;RPL39;FAU;RPS2;EIF1,CD74;TSC22D3;FOS;ZFP36L2;RPS21;RPL36;RPS19;RPS15;RPS16;TPT1;RPLP1;GSTP1;FTL;RPL34;RPL18;RPLP2;RPL9;RPS8;RPL18A;RPS3;RPS28;RPL13A;RPL37A;RPL8;RPL31;TMSB10;RPS5;RPL27;RPS11;RPL28;RPS29;RPL14;RPS20;RPL35;RPL35A;RPS24;RPL6;RPS6;RPS27A;RPL3;RPS7;RPS3A;RPS25;RPS14;RPL7A;RPL29;RPL23A;RPS18;RPL32;UBA52;RPL19;RPS13;RPS9;RPL7;RPSA;RPL27A;RPL11;NACA;RPS4X;RPL39;FAU;RPS2;EIF1;RPS27;GAPDH;RPS15A;RPL30;RPL5;RPL37;RPLP0;RPL41;RPS23;PTMA;RPL10A;RPL21;EEF1A1;FTH1;RPL12;B2M;TMSB4X;RPL15;CALM2;EEF1B2;ACTG1;NPM1;SOX4;RPL26,"[908, 1034, 1219, 1382, 1679, 2297, 2336, 2583, 2683, 2707, 2741, 2918, 3009, 3066, 3110, 3161, 3204, 3240, 3274, 3341, 3464, 3478, 3513, 3549, 3614, 3661, 3685, 3894, 3907, 3938, 4056, 4093, 4125, 4163, 4202, 4212, 4220, 4340, 4464, 4465, 4486, 4491, 4542, 4601, 4603, 4699, 4751, 4800, 4803, 4863, 4864, 4883, 4925, 4984, 5014, 5032, 5044, 5174, 5294, 5363, 5365, 5472, 5574, 5753, 5812, 5993, 6030, 6075, 6213, 6265, 6566, 6735, 7036, 7111, 7173, 7718, 7728, 8419, 8759, 8993, 10085, 10877, 11512, 11600, 12801, 13059, 16730]",Tabula_Sapiens__Blood-plasmacytoid Dendritic Cell
Tabula_Sapiens,Prostate-epithelial Cell,prerank,0.5432232437434273,2.1748426804188905,0.0,0.0,0.0,65_89,65/89,31.94%,NUPR1;MT2A;MT1E;CLU;RPS21;SERF2;PDK4;RPL36;RPS19;HSP90AB1;RPS15;RPS16;TPT1;RPLP1;LAPTM4A;GSTP1;PGC;FTL;RPL34;RPL18;RPLP2;RPL9;RPS8;RPL18A;RPS3;RPS28;RPL13A;RPL37A;RPL8;RPL36AL;RPS5;CD81;COX7C;RPL28;RPS29;RPL14;RPL35;RPL35A;RPS24;RPL6;RPS6;RPS27A;RPL3;RPS7;RPS3A;RPS25;RPS14;RPL7A;AKR1B1;RPL29;RPL23A;RPS18;RPL32;UBA52;RPL19;RPS13;RPS9;RPL11;NACA;RPS4X;RPL39;FAU;RPS2;EIF1;FDX1,NUPR1;MT2A;MT1E;CLU;RPS21;SERF2;PDK4;RPL36;RPS19;HSP90AB1;RPS15;RPS16;TPT1;RPLP1;LAPTM4A;GSTP1;PGC;FTL;RPL34;RPL18;RPLP2;RPL9;RPS8;RPL18A;RPS3;RPS28;RPL13A;RPL37A;RPL8;RPL36AL;RPS5;CD81;COX7C;RPL28;RPS29;RPL14;RPL35;RPL35A;RPS24;RPL6;RPS6;RPS27A;RPL3;RPS7;RPS3A;RPS25;RPS14;RPL7A;AKR1B1;RPL29;RPL23A;RPS18;RPL32;UBA52;RPL19;RPS13;RPS9;RPL11;NACA;RPS4X;RPL39;FAU;RPS2;EIF1;FDX1;RPS27;GAPDH;RPS15A;RPL30;RPL5;RPL37;RPLP0;RPL41;RPS23;PTMA;RPL10A;RPL21;EEF1A1;FTH1;RPL12;GSTM3;B2M;TMSB4X;RPL15;ACTG1;CALM1;PRPS2;CD9;RPL26,"[54, 145, 308, 751, 1679, 2068, 2104, 2297, 2336, 2454, 2583, 2683, 2707, 2741, 2911, 2918, 2947, 3009, 3066, 3110, 3161, 3204, 3240, 3274, 3341, 3464, 3478, 3513, 3549, 3634, 3685, 3757, 3856, 3938, 4056, 4093, 4163, 4202, 4212, 4220, 4340, 4464, 4465, 4486, 4491, 4542, 4601, 4603, 4628, 4699, 4751, 4800, 4803, 4863, 4864, 4883, 4925, 5044, 5174, 5294, 5363, 5365, 5472, 5574, 5595, 5753, 5812, 5993, 6030, 6075, 6213, 6265, 6566, 6735, 7036, 7111, 7173, 7718, 7728, 8419, 8568, 8759, 8993, 10085, 11600, 13283, 14962, 15173, 16730]",Tabula_Sapiens__Prostate-epithelial Cell
Tabula_Sapiens,Blood-granulocyte,prerank,0.5784993277112883,2.3397334342430622,0.0,0.0,0.0,70_95,70/95,30.63%,S100A8;S100A4;LYZ;S100A9;HLA-DRA;CD74;S100A6;VIM;RPS21;HLA-DQA1;HLA-DPA1;RPL36;RPS19;RPS15;RPS16;LGALS1;TPT1;RPLP1;FTL;RPS10;RPL34;OAZ1;RPL18;RPLP2;RPL9;RPS8;HLA-B;RPL18A;RPS3;RPS26;RPS28;RPL13A;RPL37A;RPL8;TMSB10;RPS5;RPL27;RPS11;RPL28;RPS29;RPL14;RPS20;RPL35;RPL35A;RPS24;RPL6;RPS6;RPS27A;RPL3;RPS7;RPS3A;RPS25;RPS14;RPL7A;RPL29;RPL23A;RPS18;RPL32;UBA52;RPL19;RPS13;RPS9;RPSA;RPL27A;RPL11;MYL6;NACA;RPS4X;RPL39;FAU,S100A8;S100A4;LYZ;S100A9;HLA-DRA;CD74;S100A6;VIM;RPS21;HLA-DQA1;HLA-DPA1;RPL36;RPS19;RPS15;RPS16;LGALS1;TPT1;RPLP1;FTL;RPS10;RPL34;OAZ1;RPL18;RPLP2;RPL9;RPS8;HLA-B;RPL18A;RPS3;RPS26;RPS28;RPL13A;RPL37A;RPL8;TMSB10;RPS5;RPL27;RPS11;RPL28;RPS29;RPL14;RPS20;RPL35;RPL35A;RPS24;RPL6;RPS6;RPS27A;RPL3;RPS7;RPS3A;RPS25;RPS14;RPL7A;RPL29;RPL23A;RPS18;RPL32;UBA52;RPL19;RPS13;RPS9;RPSA;RPL27A;RPL11;MYL6;NACA;RPS4X;RPL39;FAU;RPS2;EIF1;RPS27;GAPDH;SNX3;RPS15A;RPL30;RPL5;RPL37;RPLP0;RPL41;RPS23;PTMA;RPL10A;RPL21;EEF1A1;FTH1;RPL12;B2M;TMSB4X;RPL15;EEF1B2;ACTG1;S100B;RPL26,"[157, 245, 574, 820, 855, 908, 1299, 1399, 1679, 1718, 1918, 2297, 2336, 2583, 2683, 2686, 2707, 2741, 3009, 3058, 3066, 3070, 3110, 3161, 3204, 3240, 3273, 3274, 3341, 3446, 3464, 3478, 3513, 3549, 3661, 3685, 3894, 3907, 3938, 4056, 4093, 4125, 4163, 4202, 4212, 4220, 4340, 4464, 4465, 4486, 4491, 4542, 4601, 4603, 4699, 4751, 4800, 4803, 4863, 4864, 4883, 4925, 5014, 5032, 5044, 5081, 5174, 5294, 5363, 5365, 5472, 5574, 5753, 5812, 5883, 5993, 6030, 6075, 6213, 6265, 6566, 6735, 7036, 7111, 7173, 7718, 7728, 8419, 8759, 8993, 10085, 11512, 11600, 14438, 16730]",Tabula_Sapiens__Blood-granulocyte
Tabula_Sapiens,"Bone Marrow-cd4-positive, Alpha-Beta T Cell",prerank,0.5546710020998593,2.233151625313331,0.0,0.0,0.0,71_90,71/90,32.85%,IL7R;TSC22D3;FOS;BTG1;ZFP36L2;RPS21;RPL36;RPS19;JUN;RPS15;RPS16;TPT1;RPLP1;FTL;JUND;RPL34;RPL18;RPLP2;RPL9;RPS8;HLA-B;RPL18A;RPS3;RPS26;RPS28;RPL13A;RPL37A;RPL8;RPL31;TMSB10;RPS5;RPL27;RPS11;RPL28;RPL38;RPS29;RPL14;RPS20;RPL35;RPL35A;RPS24;RPL6;RPS6;RPS27A;RPL3;RPS7;RPS3A;RPS25;RPS14;RPL7A;RPL29;RPL23A;RPS18;RPL32;UBA52;RPL19;RPS13;RPS9;RPL7;RPSA;RPL27A;RPL11;NACA;RPS4X;RPL4;RPL39;FAU;RPS2;EIF1;TXNIP;RPS27,IL7R;TSC22D3;FOS;BTG1;ZFP36L2;RPS21;RPL36;RPS19;JUN;RPS15;RPS16;TPT1;RPLP1;FTL;JUND;RPL34;RPL18;RPLP2;RPL9;RPS8;HLA-B;RPL18A;RPS3;RPS26;RPS28;RPL13A;RPL37A;RPL8;RPL31;TMSB10;RPS5;RPL27;RPS11;RPL28;RPL38;RPS29;RPL14;RPS20;RPL35;RPL35A;RPS24;RPL6;RPS6;RPS27A;RPL3;RPS7;RPS3A;RPS25;RPS14;RPL7A;RPL29;RPL23A;RPS18;RPL32;UBA52;RPL19;RPS13;RPS9;RPL7;RPSA;RPL27A;RPL11;NACA;RPS4X;RPL4;RPL39;FAU;RPS2;EIF1;TXNIP;RPS27;RPS15A;RPL30;RPL5;RPL37;RPLP0;PABPC1;RPL41;RPS23;PTMA;RPL10A;RPL21;EEF1A1;RPL12;B2M;TMSB4X;RPL15;EEF1B2;CD69;RPL26,"[1012, 1034, 1219, 1239, 1382, 1679, 2297, 2336, 2405, 2583, 2683, 2707, 2741, 3009, 3051, 3066, 3110, 3161, 3204, 3240, 3273, 3274, 3341, 3446, 3464, 3478, 3513, 3549, 3614, 3661, 3685, 3894, 3907, 3938, 3947, 4056, 4093, 4125, 4163, 4202, 4212, 4220, 4340, 4464, 4465, 4486, 4491, 4542, 4601, 4603, 4699, 4751, 4800, 4803, 4863, 4864, 4883, 4925, 4984, 5014, 5032, 5044, 5174, 5294, 5360, 5363, 5365, 5472, 5574, 5739, 5753, 5993, 6030, 6075, 6213, 6265, 6350, 6566, 6735, 7036, 7111, 7173, 7718, 8419, 8759, 8993, 10085, 11512, 16391, 16730]","Tabula_Sapiens__Bone Marrow-cd4-positive, Alpha-Beta T Cell"
Tabula_Sapiens,Trachea-plasma Cell,prerank,0.5820958129519893,2.338988089909648,0.0,0.0,0.0,60_93,60/93,28.80%,HSPA1A;MZB1;S100A8;CYBA;S100A9;HSP90AA1;DERL3;VIM;RPS21;XBP1;SERF2;HSPA5;HERPUD1;RPL36;RPS19;JUN;RPS15;RPS16;TPT1;RPLP1;GSTP1;FTL;JUND;RPL34;CD63;RPL18;RPLP2;RPL9;RPS8;HLA-B;RPL18A;RPS3;RPS28;RPL13A;RPL37A;RPL8;RPS5;RPS11;RPL28;RPS29;RPL35;RPL35A;RPS24;RPL6;ITM2C;RPS6;RPS27A;RPL3;RPS7;RPS3A;RPS14;RPL7A;RPL29;RPL23A;RPS18;RPL32;RPL19;RPS9;HLA-C;RPL11,HSPA1A;MZB1;S100A8;CYBA;S100A9;HSP90AA1;DERL3;VIM;RPS21;XBP1;SERF2;HSPA5;HERPUD1;RPL36;RPS19;JUN;RPS15;RPS16;TPT1;RPLP1;GSTP1;FTL;JUND;RPL34;CD63;RPL18;RPLP2;RPL9;RPS8;HLA-B;RPL18A;RPS3;RPS28;RPL13A;RPL37A;RPL8;RPS5;RPS11;RPL28;RPS29;RPL35;RPL35A;RPS24;RPL6;ITM2C;RPS6;RPS27A;RPL3;RPS7;RPS3A;RPS14;RPL7A;RPL29;RPL23A;RPS18;RPL32;RPL19;RPS9;HLA-C;RPL11;RPS4X;RPL39;FAU;RPS2;EIF1;HSP90B1;RPS27;GAPDH;RPS15A;RPL30;RPL5;TMBIM6;RPL37;SEC61B;RPLP0;RPL41;RPS23;SSR4;RPL21;EEF1A1;FTH1;SPCS2;RPL12;SEC11C;B2M;BTG2;FKBP11;RPL15;PRDX4;TMEM59;SSR3;SUB1;SPCS1,"[2, 75, 157, 470, 820, 996, 1055, 1399, 1679, 1799, 2068, 2084, 2276, 2297, 2336, 2405, 2583, 2683, 2707, 2741, 2918, 3009, 3051, 3066, 3076, 3110, 3161, 3204, 3240, 3273, 3274, 3341, 3464, 3478, 3513, 3549, 3685, 3907, 3938, 4056, 4163, 4202, 4212, 4220, 4272, 4340, 4464, 4465, 4486, 4491, 4601, 4603, 4699, 4751, 4800, 4803, 4864, 4925, 5034, 5044, 5294, 5363, 5365, 5472, 5574, 5669, 5753, 5812, 5993, 6030, 6075, 6122, 6213, 6228, 6265, 6566, 6735, 6863, 7173, 7718, 7728, 8200, 8419, 8448, 8759, 9417, 9714, 10085, 10203, 11460, 13471, 13814, 14777]",Tabula_Sapiens__Trachea-plasma Cell
Tabula_Sapiens,Skin-epithelial Cell,prerank,0.5688326019561046,2.2911669589665413,0.0,0.0,0.0,63_90,63/90,28.12%,HSPA1A;AZGP1;MT2A;KRT18;CCL2;TM4SF1;LCN2;SCGB1D2;CRYAB;HSP90AA1;S100A11;S100A6;HSPE1;ZFP36L2;ANXA2;S100A10;RPS21;SERF2;RPL36;SDC4;RPS19;HSP90AB1;RPS15;TPT1;RPLP1;FTL;RPS10;RPL34;RPL18;RPLP2;RPL9;RPS8;RPL18A;RPS3;RPS26;RPS28;RPL37A;RPL8;TMSB10;RPS5;CLDN4;RPL28;RPS29;RPL14;RPL35;RPL35A;RPS24;RPL6;RPS6;RPS27A;RPL3;RPS7;RPS3A;RPS25;RPS14;RPL7A;RPL29;RPL23A;RPS18;RPL32;RPL19;RPS13;RPS9,HSPA1A;AZGP1;MT2A;KRT18;CCL2;TM4SF1;LCN2;SCGB1D2;CRYAB;HSP90AA1;S100A11;S100A6;HSPE1;ZFP36L2;ANXA2;S100A10;RPS21;SERF2;RPL36;SDC4;RPS19;HSP90AB1;RPS15;TPT1;RPLP1;FTL;RPS10;RPL34;RPL18;RPLP2;RPL9;RPS8;RPL18A;RPS3;RPS26;RPS28;RPL37A;RPL8;TMSB10;RPS5;CLDN4;RPL28;RPS29;RPL14;RPL35;RPL35A;RPS24;RPL6;RPS6;RPS27A;RPL3;RPS7;RPS3A;RPS25;RPS14;RPL7A;RPL29;RPL23A;RPS18;RPL32;RPL19;RPS13;RPS9;RPL11;NACA;RPS4X;RPL39;FAU;RPS2;RPS27;RPS15A;RPL30;RPL5;RPL37;RPL41;RPS23;PTMA;RPL21;EEF1A1;FTH1;RPL12;SLC34A2;B2M;SOD2;RPL15;ACTG1;MUCL1;KRT7;RPL26;TACSTD2,"[2, 100, 145, 166, 636, 694, 756, 773, 969, 996, 1102, 1299, 1341, 1382, 1542, 1551, 1679, 2068, 2297, 2329, 2336, 2454, 2583, 2707, 2741, 3009, 3058, 3066, 3110, 3161, 3204, 3240, 3274, 3341, 3446, 3464, 3513, 3549, 3661, 3685, 3933, 3938, 4056, 4093, 4163, 4202, 4212, 4220, 4340, 4464, 4465, 4486, 4491, 4542, 4601, 4603, 4699, 4751, 4800, 4803, 4864, 4883, 4925, 5044, 5174, 5294, 5363, 5365, 5472, 5753, 5993, 6030, 6075, 6213, 6566, 6735, 7036, 7173, 7718, 7728, 8419, 8600, 8759, 9365, 10085, 11600, 16040, 16393, 16730, 17189]",Tabula_Sapiens__Skin-epithelial Cell
Tabula_Sapiens,Kidney-kidney Epithelial Cell,prerank,0.5242477406767592,2.0619829811830814,0.0,0.0,0.0,56_85,56/85,31.96%,PCK1;MT1G;PDZK1IP1;CRYAB;ALDOB;SERF2;RPL36;RPS19;RPS15;RPS16;TPT1;RPLP1;FTL;RPL34;RPLP2;RPL9;RPS8;RPL18A;RPS28;RPL13A;RPL37A;RPL8;TMSB10;COX7C;RPS11;RPL28;PRDX1;RPS29;RPL14;RPS20;RPL35;RPL35A;RPS24;RPL6;RPS6;RPS27A;RPL3;RPS7;RPS3A;RPS14;RPL7A;RPL29;RPS18;RPL32;UBA52;RPL19;RPS13;RPS9;RPL11;MYL6;NACA;RPS4X;RPL39;RPS2;EIF1;COX4I1,PCK1;MT1G;PDZK1IP1;CRYAB;ALDOB;SERF2;RPL36;RPS19;RPS15;RPS16;TPT1;RPLP1;FTL;RPL34;RPLP2;RPL9;RPS8;RPL18A;RPS28;RPL13A;RPL37A;RPL8;TMSB10;COX7C;RPS11;RPL28;PRDX1;RPS29;RPL14;RPS20;RPL35;RPL35A;RPS24;RPL6;RPS6;RPS27A;RPL3;RPS7;RPS3A;RPS14;RPL7A;RPL29;RPS18;RPL32;UBA52;RPL19;RPS13;RPS9;RPL11;MYL6;NACA;RPS4X;RPL39;RPS2;EIF1;COX4I1;RPS27;GAPDH;RPS15A;RPL30;RPL5;RPL37;RPL41;RPS23;RPL10A;RPL21;HINT1;NDUFA4;UQCRB;EEF1A1;FTH1;LDHB;GPX3;PPIA;RPL12;B2M;MYL12B;RPL15;COX7B;PEBP1;ITM2B;SLC25A5;CALM1;CYB5A;RPL26,"[139, 165, 388, 969, 1645, 2068, 2297, 2336, 2583, 2683, 2707, 2741, 3009, 3066, 3161, 3204, 3240, 3274, 3464, 3478, 3513, 3549, 3661, 3856, 3907, 3938, 4033, 4056, 4093, 4125, 4163, 4202, 4212, 4220, 4340, 4464, 4465, 4486, 4491, 4601, 4603, 4699, 4800, 4803, 4863, 4864, 4883, 4925, 5044, 5081, 5174, 5294, 5363, 5472, 5574, 5598, 5753, 5812, 5993, 6030, 6075, 6213, 6566, 6735, 7111, 7173, 7390, 7461, 7589, 7718, 7728, 7900, 7997, 8153, 8419, 8759, 9029, 10085, 10672, 10690, 11214, 12234, 13283, 14314, 16730]",Tabula_Sapiens__Kidney-kidney Epithelial Cell
Tabula_Sapiens,"Skin-cd4-positive, Alpha-Beta Memory T Cell",prerank,0.5937287018065873,2.3804296943493117,0.0,0.0,0.0,70_88,70/88,33.18%,CXCR4;IL7R;TSC22D3;SRGN;BTG1;ZFP36L2;VIM;RPS21;ZFP36;RPL36;RPS19;PTPRC;RPS15;RPS16;TPT1;RPLP1;FTL;RPS10;RPL34;RPL18;RPLP2;RPL9;RPS8;HLA-B;RPL18A;RPS3;RPS26;RPS28;RPL13A;RPL37A;RPL8;TMSB10;RPS5;RPL27;RPS11;RPL28;RPL38;RPS29;RPL14;RPL35;RPL35A;RPS24;RPL6;RPS6;RPS27A;RPL3;RPS7;RPS3A;RPS25;RPS14;RPL7A;RPL29;RPL23A;RPS18;RPL32;UBA52;RPL19;RPS13;RPS9;RPSA;RPL11;NACA;RPS4X;RPL39;FAU;RPS2;EIF1;TXNIP;RPS27;GAPDH,CXCR4;IL7R;TSC22D3;SRGN;BTG1;ZFP36L2;VIM;RPS21;ZFP36;RPL36;RPS19;PTPRC;RPS15;RPS16;TPT1;RPLP1;FTL;RPS10;RPL34;RPL18;RPLP2;RPL9;RPS8;HLA-B;RPL18A;RPS3;RPS26;RPS28;RPL13A;RPL37A;RPL8;TMSB10;RPS5;RPL27;RPS11;RPL28;RPL38;RPS29;RPL14;RPL35;RPL35A;RPS24;RPL6;RPS6;RPS27A;RPL3;RPS7;RPS3A;RPS25;RPS14;RPL7A;RPL29;RPL23A;RPS18;RPL32;UBA52;RPL19;RPS13;RPS9;RPSA;RPL11;NACA;RPS4X;RPL39;FAU;RPS2;EIF1;TXNIP;RPS27;GAPDH;RPS15A;RPL30;RPL5;RPL37;RPLP0;RPL41;RPS23;HLA-A;PTMA;RPL10A;RPL21;EEF1A1;FTH1;RPL12;B2M;TMSB4X;RPL15;RPL26,"[50, 1012, 1034, 1146, 1239, 1382, 1399, 1679, 1852, 2297, 2336, 2422, 2583, 2683, 2707, 2741, 3009, 3058, 3066, 3110, 3161, 3204, 3240, 3273, 3274, 3341, 3446, 3464, 3478, 3513, 3549, 3661, 3685, 3894, 3907, 3938, 3947, 4056, 4093, 4163, 4202, 4212, 4220, 4340, 4464, 4465, 4486, 4491, 4542, 4601, 4603, 4699, 4751, 4800, 4803, 4863, 4864, 4883, 4925, 5014, 5044, 5174, 5294, 5363, 5365, 5472, 5574, 5739, 5753, 5812, 5993, 6030, 6075, 6213, 6265, 6566, 6735, 7026, 7036, 7111, 7173, 7718, 7728, 8419, 8759, 8993, 10085, 16730]","Tabula_Sapiens__Skin-cd4-positive, Alpha-Beta Memory T Cell"
Tabula_Sapiens,Lung-neutrophil,prerank,0.714303567979872,2.84358134367448,0.0,0.0,0.0,51_83,51/83,17.56%,G0S2;S100A12;IL1R2;S100A8;SOCS3;S100P;S100A4;CST7;PLAUR;CEBPD;NFKBIA;SERPINA1;CEBPB;CYBA;IFITM2;TYROBP;IL1RN;S100A9;CSF3R;FCER1G;PNRC1;TSPO;LAPTM5;SLC2A3;FPR1;ALOX5AP;S100A11;BCL2A1;SRGN;FOS;BTG1;S100A6;TNFAIP3;MCL1;ZFP36L1;NFKBIZ;ZFP36;IER2;IER3;PPP1R15A;RGS2;PTPRC;PLEK;MXD1;IL1B;TPT1;SH3BGRL3;HLA-E;FTL;OAZ1;CD63,G0S2;S100A12;IL1R2;S100A8;SOCS3;S100P;S100A4;CST7;PLAUR;CEBPD;NFKBIA;SERPINA1;CEBPB;CYBA;IFITM2;TYROBP;IL1RN;S100A9;CSF3R;FCER1G;PNRC1;TSPO;LAPTM5;SLC2A3;FPR1;ALOX5AP;S100A11;BCL2A1;SRGN;FOS;BTG1;S100A6;TNFAIP3;MCL1;ZFP36L1;NFKBIZ;ZFP36;IER2;IER3;PPP1R15A;RGS2;PTPRC;PLEK;MXD1;IL1B;TPT1;SH3BGRL3;HLA-E;FTL;OAZ1;CD63;HLA-B;MYL12A;SAMSN1;HLA-C;MYL6;IGSF6;EIF1;TXNIP;PFN1;SDCBP;RNF149;IVNS1ABP;HLA-A;CD55;FTH1;ETS2;B2M;ARPC3;TMSB4X;NAMPT;MNDA;ACSL1;SOD2;BTG2;BASP1;ITM2B;ACTG1;SLC25A37;SORL1;PDE4B;LITAF;GCA,"[1, 11, 33, 157, 158, 233, 245, 291, 295, 312, 438, 459, 464, 470, 633, 656, 793, 820, 848, 857, 875, 915, 919, 935, 1004, 1045, 1102, 1133, 1146, 1219, 1239, 1299, 1329, 1560, 1595, 1641, 1852, 2071, 2252, 2264, 2412, 2422, 2474, 2544, 2654, 2707, 2777, 2908, 3009, 3070, 3076, 3273, 3359, 4147, 5034, 5081, 5466, 5574, 5739, 5977, 5990, 6038, 6723, 7026, 7327, 7728, 7952, 8759, 8867, 8993, 9148, 9168, 9364, 9365, 9417, 10595, 11214, 11600, 12360, 14179, 14187, 14933, 16271]",Tabula_Sapiens__Lung-neutrophil
Tabula_Sapiens,Eye-dendritic Cell,prerank,0.571304494989891,2.2822037576333267,0.0,0.0,0.0,64_87,64/87,30.63%,CXCR4;HSP90AA1;IL7R;TSC22D3;SRGN;FOS;BTG1;ZFP36L2;RPS21;RPL36;RPS19;RPS15;RPS16;TPT1;RPLP1;FTL;JUND;RPL34;RPL18;RPLP2;RPL9;RPS8;HLA-B;RPL18A;RPS3;RPS28;RPL13A;RPL37A;RPL8;TMSB10;RPS5;RPL27;RPS11;RPL28;RPL38;RPS29;RPL14;RPL35;RPL35A;RPS24;RPL6;RPS6;RPS27A;RPL3;RPS7;RPS3A;RPS25;RPS14;RPL7A;RPL29;RPL23A;RPS18;RPL32;UBA52;RPL19;RPS13;RPS9;RPSA;RPL27A;RPL11;NACA;RPS4X;RPL39;FAU,CXCR4;HSP90AA1;IL7R;TSC22D3;SRGN;FOS;BTG1;ZFP36L2;RPS21;RPL36;RPS19;RPS15;RPS16;TPT1;RPLP1;FTL;JUND;RPL34;RPL18;RPLP2;RPL9;RPS8;HLA-B;RPL18A;RPS3;RPS28;RPL13A;RPL37A;RPL8;TMSB10;RPS5;RPL27;RPS11;RPL28;RPL38;RPS29;RPL14;RPL35;RPL35A;RPS24;RPL6;RPS6;RPS27A;RPL3;RPS7;RPS3A;RPS25;RPS14;RPL7A;RPL29;RPL23A;RPS18;RPL32;UBA52;RPL19;RPS13;RPS9;RPSA;RPL27A;RPL11;NACA;RPS4X;RPL39;FAU;RPS2;EIF1;TXNIP;RPS27;RPS15A;RPL30;RPL5;RPL37;RPL41;RPS23;PTMA;RPL10A;RPL21;EEF1A1;FTH1;GNLY;RPL12;B2M;TMSB4X;RPL15;CCL4;LCN1;RPL26,"[50, 996, 1012, 1034, 1146, 1219, 1239, 1382, 1679, 2297, 2336, 2583, 2683, 2707, 2741, 3009, 3051, 3066, 3110, 3161, 3204, 3240, 3273, 3274, 3341, 3464, 3478, 3513, 3549, 3661, 3685, 3894, 3907, 3938, 3947, 4056, 4093, 4163, 4202, 4212, 4220, 4340, 4464, 4465, 4486, 4491, 4542, 4601, 4603, 4699, 4751, 4800, 4803, 4863, 4864, 4883, 4925, 5014, 5032, 5044, 5174, 5294, 5363, 5365, 5472, 5574, 5739, 5753, 5993, 6030, 6075, 6213, 6566, 6735, 7036, 7111, 7173, 7718, 7728, 8051, 8419, 8759, 8993, 10085, 10797, 16185, 16730]",Tabula_Sapiens__Eye-dendritic Cell
Tabula_Sapiens,"Skin-naive Thymus-Derived Cd4-Positive, Alpha-Beta T Cell",prerank,0.5882996954339896,2.3461949391162467,0.0,0.0,0.0,65_89,65/89,30.63%,CXCR4;IL7R;TSC22D3;SRGN;BTG1;ZFP36L2;VIM;RPS21;RPL36;RPS19;PTPRC;RPS15;RPS16;TPT1;RPLP1;FTL;RPS10;RPL34;RPL18;RPLP2;RPL9;RPS8;HLA-B;RPL18A;RPS3;RPS26;RPS28;RPL13A;RPL37A;RPL8;TMSB10;RPS5;RPL27;RPS11;RPL28;RPL38;RPS29;RPL14;RPL35;RPL35A;RPS24;RPL6;RPS6;RPS27A;RPL3;RPS7;RPS3A;RPS25;RPS14;RPL7A;RPL29;RPL23A;RPS18;RPL32;UBA52;RPL19;RPS13;RPS9;RPSA;RPL11;NACA;RPS4X;RPL4;RPL39;FAU,CXCR4;IL7R;TSC22D3;SRGN;BTG1;ZFP36L2;VIM;RPS21;RPL36;RPS19;PTPRC;RPS15;RPS16;TPT1;RPLP1;FTL;RPS10;RPL34;RPL18;RPLP2;RPL9;RPS8;HLA-B;RPL18A;RPS3;RPS26;RPS28;RPL13A;RPL37A;RPL8;TMSB10;RPS5;RPL27;RPS11;RPL28;RPL38;RPS29;RPL14;RPL35;RPL35A;RPS24;RPL6;RPS6;RPS27A;RPL3;RPS7;RPS3A;RPS25;RPS14;RPL7A;RPL29;RPL23A;RPS18;RPL32;UBA52;RPL19;RPS13;RPS9;RPSA;RPL11;NACA;RPS4X;RPL4;RPL39;FAU;RPS2;EIF1;TXNIP;RPS27;RPS15A;RPL30;RPL5;RPL22;RPL37;RPLP0;PABPC1;RPL41;RPS23;HLA-A;PTMA;RPL10A;RPL21;EEF1A1;FTH1;RPL12;B2M;TMSB4X;RPL15;RPL26,"[50, 1012, 1034, 1146, 1239, 1382, 1399, 1679, 2297, 2336, 2422, 2583, 2683, 2707, 2741, 3009, 3058, 3066, 3110, 3161, 3204, 3240, 3273, 3274, 3341, 3446, 3464, 3478, 3513, 3549, 3661, 3685, 3894, 3907, 3938, 3947, 4056, 4093, 4163, 4202, 4212, 4220, 4340, 4464, 4465, 4486, 4491, 4542, 4601, 4603, 4699, 4751, 4800, 4803, 4863, 4864, 4883, 4925, 5014, 5044, 5174, 5294, 5360, 5363, 5365, 5472, 5574, 5739, 5753, 5993, 6030, 6075, 6109, 6213, 6265, 6350, 6566, 6735, 7026, 7036, 7111, 7173, 7718, 7728, 8419, 8759, 8993, 10085, 16730]","Tabula_Sapiens__Skin-naive Thymus-Derived Cd4-Positive, Alpha-Beta T Cell"
Tabula_Sapiens,Salivary Gland-salivary Gland Cell,prerank,0.5586842606890224,2.208786629665436,0.0,0.0,0.0,56_83,56/83,29.01%,SLPI;AZGP1;LCN2;HSP90AA1;S100A11;KRT19;FOS;S100A6;DEFB1;ANXA2;RPS21;ZG16B;RPL36;RPS19;JUN;HSP90AB1;RPS15;RPS16;TPT1;RPLP1;FTL;RPL34;RPL18;RPLP2;RPL9;RPS8;RPL18A;RPS3;RPS28;RPL13A;RPL37A;KLF6;RPL8;TMSB10;RPS5;RPS11;RPL28;RPS29;RPL14;RPS20;RPL35A;RPS24;RPS6;RPS27A;RPL3;RPS14;RPL7A;RPL29;RPS18;RPL32;RPL19;RPS9;RPSA;RPL11;ANXA1;MYL6,SLPI;AZGP1;LCN2;HSP90AA1;S100A11;KRT19;FOS;S100A6;DEFB1;ANXA2;RPS21;ZG16B;RPL36;RPS19;JUN;HSP90AB1;RPS15;RPS16;TPT1;RPLP1;FTL;RPL34;RPL18;RPLP2;RPL9;RPS8;RPL18A;RPS3;RPS28;RPL13A;RPL37A;KLF6;RPL8;TMSB10;RPS5;RPS11;RPL28;RPS29;RPL14;RPS20;RPL35A;RPS24;RPS6;RPS27A;RPL3;RPS14;RPL7A;RPL29;RPS18;RPL32;RPL19;RPS9;RPSA;RPL11;ANXA1;MYL6;RPS4X;RPL39;RPS2;EIF1;RPS27;GAPDH;RPS15A;RPL30;RPL37;RPLP0;RPL41;RPS23;PTMA;RPL10A;EEF1A1;FTH1;WFDC2;FOSB;RPL12;B2M;TMSB4X;RPL15;TUBA1B;ACTG1;RARRES1;KRT7;TACSTD2,"[42, 100, 756, 996, 1102, 1151, 1219, 1299, 1486, 1542, 1679, 2171, 2297, 2336, 2405, 2454, 2583, 2683, 2707, 2741, 3009, 3066, 3110, 3161, 3204, 3240, 3274, 3341, 3464, 3478, 3513, 3544, 3549, 3661, 3685, 3907, 3938, 4056, 4093, 4125, 4202, 4212, 4340, 4464, 4465, 4601, 4603, 4699, 4800, 4803, 4864, 4925, 5014, 5044, 5053, 5081, 5294, 5363, 5472, 5574, 5753, 5812, 5993, 6030, 6213, 6265, 6566, 6735, 7036, 7111, 7718, 7728, 7784, 7914, 8419, 8759, 8993, 10085, 10112, 11600, 12374, 16393, 17189]",Tabula_Sapiens__Salivary Gland-salivary Gland Cell
Tabula_Sapiens,Fat-neutrophil,prerank,0.6948901143778939,2.79814249949562,0.0,0.0,0.0,49_83,49/83,18.69%,G0S2;S100A12;IL1R2;VNN2;SLC11A1;S100A8;CXCR2;S100P;S100A4;CST7;PLAUR;CEBPD;FCGR2A;NFKBIA;SERPINA1;CEBPB;C5AR1;IFITM2;TYROBP;S100A9;CSF3R;FCER1G;PNRC1;TSPO;SLC2A3;IRAK3;FPR1;ALOX5AP;S100A11;BCL2A1;SRGN;FOS;BTG1;S100A6;TNFAIP3;MCL1;NFKBIZ;IER2;RGS2;PTPRC;PLEK;MXD1;TPT1;NABP1;HLA-E;FTL;OAZ1;EVI2B;HLA-B,G0S2;S100A12;IL1R2;VNN2;SLC11A1;S100A8;CXCR2;S100P;S100A4;CST7;PLAUR;CEBPD;FCGR2A;NFKBIA;SERPINA1;CEBPB;C5AR1;IFITM2;TYROBP;S100A9;CSF3R;FCER1G;PNRC1;TSPO;SLC2A3;IRAK3;FPR1;ALOX5AP;S100A11;BCL2A1;SRGN;FOS;BTG1;S100A6;TNFAIP3;MCL1;NFKBIZ;IER2;RGS2;PTPRC;PLEK;MXD1;TPT1;NABP1;HLA-E;FTL;OAZ1;EVI2B;HLA-B;KLF6;SAMSN1;IRS2;HLA-C;MYL6;ABHD5;EIF1;TXNIP;SDCBP;RNF149;IVNS1ABP;CFLAR;HLA-A;CD55;FTH1;IQGAP1;B2M;TMSB4X;NAMPT;MNDA;ACSL1;SOD2;BTG2;BASP1;ITM2B;ASAH1;AQP9;SLC25A37;PTPRE;SMCHD1;PTGS2;SORL1;LITAF;GCA,"[1, 11, 33, 117, 132, 157, 169, 233, 245, 291, 295, 312, 313, 438, 459, 464, 497, 633, 656, 820, 848, 857, 875, 915, 935, 950, 1004, 1045, 1102, 1133, 1146, 1219, 1239, 1299, 1329, 1560, 1641, 2071, 2412, 2422, 2474, 2544, 2707, 2903, 2908, 3009, 3070, 3269, 3273, 3544, 4147, 4288, 5034, 5081, 5145, 5574, 5739, 5990, 6038, 6723, 6908, 7026, 7327, 7728, 8601, 8759, 8993, 9148, 9168, 9364, 9365, 9417, 10595, 11214, 11946, 12114, 12360, 12557, 12637, 13656, 14179, 14933, 16271]",Tabula_Sapiens__Fat-neutrophil
Tabula_Sapiens,Blood-memory B Cell,prerank,0.537984535221068,2.1655213290216686,0.0,0.0,0.0,69_88,69/88,32.85%,CD52;HLA-DRA;CD74;BTG1;RPS21;RPL36;RPS19;RPS15;CD79A;RPS16;TPT1;RPLP1;FTL;JUND;RPS10;RPL34;RPL18;RPLP2;RPL9;RPS8;HLA-B;RPL18A;RPS3;RPS26;RPS28;RPL13A;RPL37A;RPL8;TMSB10;RPS5;RPL27;RPS11;RPL28;RPL38;RPS29;RPL14;RPS20;RPL35;RPL35A;RPS24;RPL6;RPS6;RPS27A;RPL3;RPS7;RPS3A;RPS25;RPS14;RPL7A;RPL29;RPL23A;RPS18;RPL32;UBA52;RPL19;RPS13;RPS9;RPSA;RPL27A;RPL11;NACA;RPS4X;RPL4;RPL39;FAU;RPS2;EIF1;TXNIP;RPS27,CD52;HLA-DRA;CD74;BTG1;RPS21;RPL36;RPS19;RPS15;CD79A;RPS16;TPT1;RPLP1;FTL;JUND;RPS10;RPL34;RPL18;RPLP2;RPL9;RPS8;HLA-B;RPL18A;RPS3;RPS26;RPS28;RPL13A;RPL37A;RPL8;TMSB10;RPS5;RPL27;RPS11;RPL28;RPL38;RPS29;RPL14;RPS20;RPL35;RPL35A;RPS24;RPL6;RPS6;RPS27A;RPL3;RPS7;RPS3A;RPS25;RPS14;RPL7A;RPL29;RPL23A;RPS18;RPL32;UBA52;RPL19;RPS13;RPS9;RPSA;RPL27A;RPL11;NACA;RPS4X;RPL4;RPL39;FAU;RPS2;EIF1;TXNIP;RPS27;RPS15A;RPL30;RPL5;RPL22;RPL37;RPLP0;RPL41;RPS23;PTMA;RPL10A;RPL21;EEF1A1;RPL12;B2M;TMSB4X;RPL15;EEF1B2;RPL26;HBA2,"[830, 855, 908, 1239, 1679, 2297, 2336, 2583, 2657, 2683, 2707, 2741, 3009, 3051, 3058, 3066, 3110, 3161, 3204, 3240, 3273, 3274, 3341, 3446, 3464, 3478, 3513, 3549, 3661, 3685, 3894, 3907, 3938, 3947, 4056, 4093, 4125, 4163, 4202, 4212, 4220, 4340, 4464, 4465, 4486, 4491, 4542, 4601, 4603, 4699, 4751, 4800, 4803, 4863, 4864, 4883, 4925, 5014, 5032, 5044, 5174, 5294, 5360, 5363, 5365, 5472, 5574, 5739, 5753, 5993, 6030, 6075, 6109, 6213, 6265, 6566, 6735, 7036, 7111, 7173, 7718, 8419, 8759, 8993, 10085, 11512, 16730, 17205]",Tabula_Sapiens__Blood-memory B Cell
Tabula_Sapiens,Lymph Node-cd1c-positive Myeloid Dendritic Cell,prerank,0.6137363341747771,2.4618557093264757,0.0,0.0,0.0,60_87,60/87,28.80%,C1QA;S100A4;PLAUR;CEBPD;C1QB;NFKBIA;HLA-DRB1;LYZ;TYROBP;S100A9;HLA-DRA;FCER1G;CD74;S100A11;SRGN;FOS;S100A6;TNFAIP3;VIM;CTSS;ZFP36;HLA-DPA1;SERF2;RPS19;RGS2;GPX1;RPS15;IL1B;RPS16;TPT1;RPLP1;SH3BGRL3;COTL1;FTL;RPL34;OAZ1;RPS8;HLA-B;RPL18A;RPS28;RPL13A;RPL37A;TMSB10;YBX1;RPS11;RPL28;RPS29;RPS24;RPL6;RPS3A;RPS14;RPL7A;RPS18;RPL32;UBA52;RPL19;RPS13;RPS9;RPL27A;RPL11,C1QA;S100A4;PLAUR;CEBPD;C1QB;NFKBIA;HLA-DRB1;LYZ;TYROBP;S100A9;HLA-DRA;FCER1G;CD74;S100A11;SRGN;FOS;S100A6;TNFAIP3;VIM;CTSS;ZFP36;HLA-DPA1;SERF2;RPS19;RGS2;GPX1;RPS15;IL1B;RPS16;TPT1;RPLP1;SH3BGRL3;COTL1;FTL;RPL34;OAZ1;RPS8;HLA-B;RPL18A;RPS28;RPL13A;RPL37A;TMSB10;YBX1;RPS11;RPL28;RPS29;RPS24;RPL6;RPS3A;RPS14;RPL7A;RPS18;RPL32;UBA52;RPL19;RPS13;RPS9;RPL27A;RPL11;RPL39;RPS2;EIF1;RPS27;GAPDH;PFN1;RPL30;AIF1;RPL37;CST3;PABPC1;RPL41;RPS23;FGL2;GPR183;PTMA;EEF1A1;FTH1;RPL12;B2M;TMSB4X;RPL15;THBS1;ITM2B;EREG;ACTG1;RPL26,"[196, 245, 295, 312, 399, 438, 558, 574, 656, 820, 855, 857, 908, 1102, 1146, 1219, 1299, 1329, 1399, 1687, 1852, 1918, 2068, 2336, 2412, 2540, 2583, 2654, 2683, 2707, 2741, 2777, 2856, 3009, 3066, 3070, 3240, 3273, 3274, 3464, 3478, 3513, 3661, 3681, 3907, 3938, 4056, 4212, 4220, 4491, 4601, 4603, 4800, 4803, 4863, 4864, 4883, 4925, 5032, 5044, 5363, 5472, 5574, 5753, 5812, 5977, 6030, 6152, 6213, 6273, 6350, 6566, 6735, 6896, 7031, 7036, 7718, 7728, 8419, 8759, 8993, 10085, 10764, 11214, 11223, 11600, 16730]",Tabula_Sapiens__Lymph Node-cd1c-positive Myeloid Dendritic Cell
Tabula_Sapiens,Bone Marrow-nk Cell,prerank,0.5166323933921659,2.0541753167799497,0.0,0.0,0.0,65_87,65/87,31.82%,CYBA;KLRD1;KLF2;HSP90AA1;TSC22D3;SRGN;FOS;BTG1;ZFP36L2;RPS21;ZFP36;RPL36;RPS19;JUN;PTPRC;RPS15;TPT1;RPLP1;SH3BGRL3;HLA-E;FTL;JUND;RPL34;RPL18;RPLP2;RPS8;HLA-B;RPL18A;RPS3;MYL12A;RPS26;RPS28;RPL13A;RPL37A;KLF6;RPL8;TMSB10;RPL28;RPS29;RPL14;RPL35A;RPS24;RPL6;RPS6;RPS27A;RPL3;RPS7;RPS3A;RPS25;RPS14;RPL7A;RPL29;RPL23A;RPS18;RPL32;RPL19;RPS13;HLA-C;RPL11;RPS4X;RPL39;FAU;RPS2;CCL5;EIF1,CYBA;KLRD1;KLF2;HSP90AA1;TSC22D3;SRGN;FOS;BTG1;ZFP36L2;RPS21;ZFP36;RPL36;RPS19;JUN;PTPRC;RPS15;TPT1;RPLP1;SH3BGRL3;HLA-E;FTL;JUND;RPL34;RPL18;RPLP2;RPS8;HLA-B;RPL18A;RPS3;MYL12A;RPS26;RPS28;RPL13A;RPL37A;KLF6;RPL8;TMSB10;RPL28;RPS29;RPL14;RPL35A;RPS24;RPL6;RPS6;RPS27A;RPL3;RPS7;RPS3A;RPS25;RPS14;RPL7A;RPL29;RPL23A;RPS18;RPL32;RPL19;RPS13;HLA-C;RPL11;RPS4X;RPL39;FAU;RPS2;CCL5;EIF1;TXNIP;RPS27;PFN1;RPS15A;RPL30;RPL37;RPL41;RPS23;HLA-A;PTMA;RPL21;EEF1A1;GNLY;DUSP2;B2M;TMSB4X;DDX5;CCL4;NKG7;CD69;RPL26;GZMA,"[470, 759, 811, 996, 1034, 1146, 1219, 1239, 1382, 1679, 1852, 2297, 2336, 2405, 2422, 2583, 2707, 2741, 2777, 2908, 3009, 3051, 3066, 3110, 3161, 3240, 3273, 3274, 3341, 3359, 3446, 3464, 3478, 3513, 3544, 3549, 3661, 3938, 4056, 4093, 4202, 4212, 4220, 4340, 4464, 4465, 4486, 4491, 4542, 4601, 4603, 4699, 4751, 4800, 4803, 4864, 4883, 5034, 5044, 5294, 5363, 5365, 5472, 5546, 5574, 5739, 5753, 5977, 5993, 6030, 6213, 6566, 6735, 7026, 7036, 7173, 7718, 8051, 8683, 8759, 8993, 9867, 10797, 15287, 16391, 16730, 17331]",Tabula_Sapiens__Bone Marrow-nk Cell
Tabula_Sapiens,Blood-nampt Neutrophil,prerank,0.7079432896720532,2.835782402781812,0.0,0.0,0.0,52_83,52/83,19.18%,MMP9;S100A12;IL1R2;S100A8;GPSM3;CLEC4E;S100A4;CST7;FCGR2A;LILRA5;STXBP2;NFKBIA;SERPINA1;CEBPB;CYBA;IFITM2;TYROBP;S100A9;CSF3R;FCER1G;PNRC1;TSPO;SLC2A3;FPR1;ALOX5AP;S100A11;BCL2A1;SRGN;CLIC1;FOS;S100A6;FOLR3;ANXA3;VIM;TIMP1;UBALD2;GMFG;CTSS;CYSTM1;PTPRC;TPT1;ARHGDIB;PYGL;SH3BGRL3;COTL1;HLA-E;FTL;OAZ1;CD63;PROK2;HLA-B;MYL12A,MMP9;S100A12;IL1R2;S100A8;GPSM3;CLEC4E;S100A4;CST7;FCGR2A;LILRA5;STXBP2;NFKBIA;SERPINA1;CEBPB;CYBA;IFITM2;TYROBP;S100A9;CSF3R;FCER1G;PNRC1;TSPO;SLC2A3;FPR1;ALOX5AP;S100A11;BCL2A1;SRGN;CLIC1;FOS;S100A6;FOLR3;ANXA3;VIM;TIMP1;UBALD2;GMFG;CTSS;CYSTM1;PTPRC;TPT1;ARHGDIB;PYGL;SH3BGRL3;COTL1;HLA-E;FTL;OAZ1;CD63;PROK2;HLA-B;MYL12A;EFHD2;RPS9;HLA-C;MYL6;TXNIP;GAPDH;SDCBP;CDKN2D;SERPINB1;HLA-A;ALPL;SH3GLB1;GYG1;FTH1;RHOG;IQGAP1;B2M;ARPC3;TMSB4X;NAMPT;MNDA;BASP1;TALDO1;ITM2B;ARPC2;ACTG1;AQP9;SLC25A37;LITAF;IDI1;GCA,"[9, 11, 33, 157, 218, 243, 245, 291, 313, 324, 361, 438, 459, 464, 470, 633, 656, 820, 848, 857, 875, 915, 935, 1004, 1045, 1102, 1133, 1146, 1171, 1219, 1299, 1310, 1349, 1399, 1515, 1561, 1575, 1687, 2001, 2422, 2707, 2742, 2745, 2777, 2856, 2908, 3009, 3070, 3076, 3224, 3273, 3359, 3718, 4925, 5034, 5081, 5739, 5812, 5990, 6129, 6571, 7026, 7418, 7457, 7689, 7728, 8233, 8601, 8759, 8867, 8993, 9148, 9168, 10595, 10674, 11214, 11250, 11600, 12114, 12360, 14933, 15180, 16271]",Tabula_Sapiens__Blood-nampt Neutrophil
Tabula_Sapiens,Small Intestine-fibroblast,prerank,0.5537221537324685,2.2140774872833826,0.0,0.0,0.0,61_88,61/88,30.68%,MT2A;CEBPD;CEBPB;HSP90AA1;IGFBP6;FOS;S100A6;DCN;VIM;RPS21;IGFBP5;ZFP36;PDK4;RPL36;RPS19;JUN;HSP90AB1;RPS15;RPS16;TPT1;RPLP1;FTL;JUND;RPL34;RPL18;RPLP2;RPL9;RPS8;RPL18A;RPS3;RPS28;RPL13A;RPL37A;RPL8;RPS11;RPL28;RPL38;RPS29;RPL14;RPL35A;RPS24;RPL6;RPS6;RPS27A;RPL3;RPS7;RPS3A;RPS14;RPL7A;RPL29;RPL23A;RPS18;RPL32;RPL19;RPS13;RPS9;RPL11;RPS4X;RPL39;FAU;GSN,MT2A;CEBPD;CEBPB;HSP90AA1;IGFBP6;FOS;S100A6;DCN;VIM;RPS21;IGFBP5;ZFP36;PDK4;RPL36;RPS19;JUN;HSP90AB1;RPS15;RPS16;TPT1;RPLP1;FTL;JUND;RPL34;RPL18;RPLP2;RPL9;RPS8;RPL18A;RPS3;RPS28;RPL13A;RPL37A;RPL8;RPS11;RPL28;RPL38;RPS29;RPL14;RPL35A;RPS24;RPL6;RPS6;RPS27A;RPL3;RPS7;RPS3A;RPS14;RPL7A;RPL29;RPL23A;RPS18;RPL32;RPL19;RPS13;RPS9;RPL11;RPS4X;RPL39;FAU;GSN;RPS2;EIF1;RPS27;RPS15A;RPL30;RPL5;CALD1;RPL37;CST3;RPL41;RPS23;PTMA;RPL10A;RPL21;EEF1A1;FTH1;FOSB;RPL12;B2M;TMSB4X;MGP;DDX5;RPL15;CXCL14;IGFBP7;RPL26;EGR1,"[145, 312, 464, 996, 1105, 1219, 1299, 1395, 1399, 1679, 1810, 1852, 2104, 2297, 2336, 2405, 2454, 2583, 2683, 2707, 2741, 3009, 3051, 3066, 3110, 3161, 3204, 3240, 3274, 3341, 3464, 3478, 3513, 3549, 3907, 3938, 3947, 4056, 4093, 4202, 4212, 4220, 4340, 4464, 4465, 4486, 4491, 4601, 4603, 4699, 4751, 4800, 4803, 4864, 4883, 4925, 5044, 5294, 5363, 5365, 5373, 5472, 5574, 5753, 5993, 6030, 6075, 6176, 6213, 6273, 6566, 6735, 7036, 7111, 7173, 7718, 7728, 7914, 8419, 8759, 8993, 9257, 9867, 10085, 10280, 11361, 16730, 17016]",Tabula_Sapiens__Small Intestine-fibroblast
Tabula_Sapiens,Fat-plasma Cell,prerank,0.6496341648173626,2.583351878825488,0.0,0.0,0.0,63_88,63/88,28.80%,HSPA1A;HSPA1B;DNAJB1;CXCR4;MZB1;NFKBIA;CYBA;CD74;HSP90AA1;DERL3;SRGN;FOS;ZFP36L2;VIM;RPS21;XBP1;SERF2;HERPUD1;RPL36;RPS19;JUN;HSP90AB1;RPS15;RPS16;TPT1;RPLP1;FTL;JUND;RPL34;RPL18;RPLP2;RPS8;RPL18A;RPS3;RPS28;RPL13A;RPL37A;KLF6;RPL8;RPS5;RPS11;RPL28;RPS29;RPL14;RPL35;RPL35A;RPL6;RPS6;RPS27A;RPL3;RPS7;RPS3A;RPS14;RPL7A;RPL29;RPL23A;RPS18;RPL32;RPL19;RPS9;RPL27A;HLA-C;RPL11,HSPA1A;HSPA1B;DNAJB1;CXCR4;MZB1;NFKBIA;CYBA;CD74;HSP90AA1;DERL3;SRGN;FOS;ZFP36L2;VIM;RPS21;XBP1;SERF2;HERPUD1;RPL36;RPS19;JUN;HSP90AB1;RPS15;RPS16;TPT1;RPLP1;FTL;JUND;RPL34;RPL18;RPLP2;RPS8;RPL18A;RPS3;RPS28;RPL13A;RPL37A;KLF6;RPL8;RPS5;RPS11;RPL28;RPS29;RPL14;RPL35;RPL35A;RPL6;RPS6;RPS27A;RPL3;RPS7;RPS3A;RPS14;RPL7A;RPL29;RPL23A;RPS18;RPL32;RPL19;RPS9;RPL27A;HLA-C;RPL11;RPS4X;RPL39;FAU;RPS2;EIF1;HSP90B1;RPS27;RPS15A;RPL30;RPL5;RPL37;RPLP0;RPL41;RPS23;SSR4;PTMA;RPL21;EEF1A1;RPL12;SEC11C;B2M;TMSB4X;BTG2;FKBP11;RPL15,"[2, 7, 8, 50, 75, 438, 470, 908, 996, 1055, 1146, 1219, 1382, 1399, 1679, 1799, 2068, 2276, 2297, 2336, 2405, 2454, 2583, 2683, 2707, 2741, 3009, 3051, 3066, 3110, 3161, 3240, 3274, 3341, 3464, 3478, 3513, 3544, 3549, 3685, 3907, 3938, 4056, 4093, 4163, 4202, 4220, 4340, 4464, 4465, 4486, 4491, 4601, 4603, 4699, 4751, 4800, 4803, 4864, 4925, 5032, 5034, 5044, 5294, 5363, 5365, 5472, 5574, 5669, 5753, 5993, 6030, 6075, 6213, 6265, 6566, 6735, 6863, 7036, 7173, 7718, 8419, 8448, 8759, 8993, 9417, 9714, 10085]",Tabula_Sapiens__Fat-plasma Cell
Tabula_Sapiens,Small Intestine-goblet Cell,prerank,0.5393249185481497,2.129119561497261,0.0,0.0,0.0,49_80,49/80,28.80%,KRT18;FCGBP;HSP90AA1;KRT19;FOS;S100A6;KRT8;IER2;HSPA5;HERPUD1;RPL36;RPS19;JUN;HSP90AB1;RPS15;TFF3;TPT1;RAB11FIP1;RPLP1;SH3BGRL3;FTL;DEFA5;JUND;RPL34;RPL18;RPS8;RPS3;RPS28;RPL13A;RPL37A;KLF6;TMSB10;RPS11;CLDN4;RPL28;RPS20;RPL35A;RPS24;RPL6;ATF3;RPS27A;RPL3;RPS14;RPL7A;RPS18;RPL32;RPL19;RPS9;RPL11,KRT18;FCGBP;HSP90AA1;KRT19;FOS;S100A6;KRT8;IER2;HSPA5;HERPUD1;RPL36;RPS19;JUN;HSP90AB1;RPS15;TFF3;TPT1;RAB11FIP1;RPLP1;SH3BGRL3;FTL;DEFA5;JUND;RPL34;RPL18;RPS8;RPS3;RPS28;RPL13A;RPL37A;KLF6;TMSB10;RPS11;CLDN4;RPL28;RPS20;RPL35A;RPS24;RPL6;ATF3;RPS27A;RPL3;RPS14;RPL7A;RPS18;RPL32;RPL19;RPS9;RPL11;RPS4X;UBB;RPS2;EIF1;HSP90B1;RPS27;GAPDH;RPL30;RPL37;LGALS4;RPL41;RPS23;HES6;PTMA;MDK;EEF1A1;FTH1;FOSB;RPL12;RHOB;B2M;GHRL;CDKN1C;BTG2;DDX5;CALM2;ACTG1;VMP1;SOX4;ELF3;RNASE1,"[166, 854, 996, 1151, 1219, 1299, 1580, 2071, 2084, 2276, 2297, 2336, 2405, 2454, 2583, 2699, 2707, 2711, 2741, 2777, 3009, 3048, 3051, 3066, 3110, 3240, 3341, 3464, 3478, 3513, 3544, 3661, 3907, 3933, 3938, 4125, 4202, 4212, 4220, 4249, 4464, 4465, 4601, 4603, 4800, 4803, 4864, 4925, 5044, 5294, 5432, 5472, 5574, 5669, 5753, 5812, 6030, 6213, 6251, 6566, 6735, 7030, 7036, 7521, 7718, 7728, 7914, 8419, 8680, 8759, 8763, 8841, 9417, 9867, 10877, 11600, 12668, 13059, 14662, 16286]",Tabula_Sapiens__Small Intestine-goblet Cell
Tabula_Sapiens,"Trachea-double-positive, Alpha-Beta Thymocyte",prerank,0.5541235363386166,2.23267937865818,0.0,0.0,0.0,66_91,66/91,30.63%,S100A4;IL32;SRGN;BTG1;VIM;RPS21;RPL36;RPS19;RPS15;RPS16;LGALS1;TPT1;RPLP1;JUND;RPS10;RPL34;RPL18;RPLP2;RPL9;RPS8;HLA-B;RPL18A;RPS3;RPS28;RPL13A;RPL37A;RPL8;TMSB10;RPS5;RPL27;RPS11;RPL28;RPL38;RPS29;RPL14;RPS20;RPL35;RPL35A;RPS24;RPL6;RPS6;RPS27A;RPL3;RPS7;RPS3A;RPS25;RPS14;RPL7A;RPL29;RPL23A;RPS18;RPL32;UBA52;RPL19;RPS13;RPS9;RPL7;RPSA;RPL27A;HLA-C;RPL11;MYL6;NACA;RPS4X;RPL39;FAU,S100A4;IL32;SRGN;BTG1;VIM;RPS21;RPL36;RPS19;RPS15;RPS16;LGALS1;TPT1;RPLP1;JUND;RPS10;RPL34;RPL18;RPLP2;RPL9;RPS8;HLA-B;RPL18A;RPS3;RPS28;RPL13A;RPL37A;RPL8;TMSB10;RPS5;RPL27;RPS11;RPL28;RPL38;RPS29;RPL14;RPS20;RPL35;RPL35A;RPS24;RPL6;RPS6;RPS27A;RPL3;RPS7;RPS3A;RPS25;RPS14;RPL7A;RPL29;RPL23A;RPS18;RPL32;UBA52;RPL19;RPS13;RPS9;RPL7;RPSA;RPL27A;HLA-C;RPL11;MYL6;NACA;RPS4X;RPL39;FAU;RPS2;EIF1;RPS27;GAPDH;PFN1;RPS15A;RPL30;RPL5;RPL37;RPLP0;RPL41;RPS23;HLA-A;PTMA;RPL10A;RPL21;EEF1A1;FTH1;RPL12;B2M;TMSB4X;RPL15;ACTG1;CD69;RPL26,"[245, 314, 1146, 1239, 1399, 1679, 2297, 2336, 2583, 2683, 2686, 2707, 2741, 3051, 3058, 3066, 3110, 3161, 3204, 3240, 3273, 3274, 3341, 3464, 3478, 3513, 3549, 3661, 3685, 3894, 3907, 3938, 3947, 4056, 4093, 4125, 4163, 4202, 4212, 4220, 4340, 4464, 4465, 4486, 4491, 4542, 4601, 4603, 4699, 4751, 4800, 4803, 4863, 4864, 4883, 4925, 4984, 5014, 5032, 5034, 5044, 5081, 5174, 5294, 5363, 5365, 5472, 5574, 5753, 5812, 5977, 5993, 6030, 6075, 6213, 6265, 6566, 6735, 7026, 7036, 7111, 7173, 7718, 7728, 8419, 8759, 8993, 10085, 11600, 16391, 16730]","Tabula_Sapiens__Trachea-double-positive, Alpha-Beta Thymocyte"
Tabula_Sapiens,Small Intestine-intestinal Crypt Stem Cell,prerank,0.5525636542302603,2.19662808026925,0.0,0.0,0.0,58_85,58/85,28.80%,HSPA1A;HSPA1B;KRT18;HSP90AA1;FOS;KRT8;RPS21;RPL36;RPS19;JUN;HSP90AB1;RPS15;RPS16;TPT1;RPLP1;FTL;JUND;RPL34;RPL18;RPLP2;RPL9;RPS8;RPL18A;RPS3;RPS26;RPS28;RPL13A;RPL37A;KLF6;RPL8;RPS5;RPS11;CLDN4;RPL28;RPS29;RPL14;RPS20;RPL35A;RPS24;RPL6;RPS6;RPS27A;RPL3;RPS7;RPS3A;RPS25;RPS14;RPL7A;RPL29;RPL23A;RPS18;RPL32;RPL19;RPS13;RPS9;RPL7;RPL27A;RPL11,HSPA1A;HSPA1B;KRT18;HSP90AA1;FOS;KRT8;RPS21;RPL36;RPS19;JUN;HSP90AB1;RPS15;RPS16;TPT1;RPLP1;FTL;JUND;RPL34;RPL18;RPLP2;RPL9;RPS8;RPL18A;RPS3;RPS26;RPS28;RPL13A;RPL37A;KLF6;RPL8;RPS5;RPS11;CLDN4;RPL28;RPS29;RPL14;RPS20;RPL35A;RPS24;RPL6;RPS6;RPS27A;RPL3;RPS7;RPS3A;RPS25;RPS14;RPL7A;RPL29;RPL23A;RPS18;RPL32;RPL19;RPS13;RPS9;RPL7;RPL27A;RPL11;NACA;RPS4X;RPL39;RPS2;RPS27;GAPDH;RPS15A;RPL30;RPL5;RPL37;RPLP0;RPL41;RPS23;PTMA;RPL10A;RPL21;EEF1A1;FTH1;RPL12;BTG2;RPL15;EEF1B2;ACTG1;OLFM4;ELF3;RPL26;TSPAN8,"[2, 7, 166, 996, 1219, 1580, 1679, 2297, 2336, 2405, 2454, 2583, 2683, 2707, 2741, 3009, 3051, 3066, 3110, 3161, 3204, 3240, 3274, 3341, 3446, 3464, 3478, 3513, 3544, 3549, 3685, 3907, 3933, 3938, 4056, 4093, 4125, 4202, 4212, 4220, 4340, 4464, 4465, 4486, 4491, 4542, 4601, 4603, 4699, 4751, 4800, 4803, 4864, 4883, 4925, 4984, 5032, 5044, 5174, 5294, 5363, 5472, 5753, 5812, 5993, 6030, 6075, 6213, 6265, 6566, 6735, 7036, 7111, 7173, 7718, 7728, 8419, 9417, 10085, 11512, 11600, 12812, 14662, 16730, 16789]",Tabula_Sapiens__Small Intestine-intestinal Crypt Stem Cell
Tabula_Sapiens,Mammary-macrophage,prerank,0.6032375689752022,2.4077814103032598,0.0,0.0,0.0,59_88,59/88,28.12%,HSPA6;HSPA1A;MT2A;C1QA;PLIN2;HLA-DRB1;CCL20;CD163;HLA-DRA;FCER1G;CD74;LAPTM5;SLC2A3;HSP90AA1;SRGN;BTG1;S100A6;VIM;TIMP1;HLA-DPA1;RPS19;GPX1;RPS15;RPS16;LGALS1;TPT1;RPLP1;RGS1;GLUL;FTL;RPL34;CD63;RPL18;RPLP2;RPL9;RPS8;RPL18A;RPS3;RPS28;RPL13A;RPL37A;RPL8;TMSB10;RPS11;RPL28;RPS24;RPS6;RPS27A;RPL3;RPS3A;RPS14;RPL7A;RPL29;RPS18;RPL32;UBA52;RPL19;RPS13;RPS9,HSPA6;HSPA1A;MT2A;C1QA;PLIN2;HLA-DRB1;CCL20;CD163;HLA-DRA;FCER1G;CD74;LAPTM5;SLC2A3;HSP90AA1;SRGN;BTG1;S100A6;VIM;TIMP1;HLA-DPA1;RPS19;GPX1;RPS15;RPS16;LGALS1;TPT1;RPLP1;RGS1;GLUL;FTL;RPL34;CD63;RPL18;RPLP2;RPL9;RPS8;RPL18A;RPS3;RPS28;RPL13A;RPL37A;RPL8;TMSB10;RPS11;RPL28;RPS24;RPS6;RPS27A;RPL3;RPS3A;RPS14;RPL7A;RPL29;RPS18;RPL32;UBA52;RPL19;RPS13;RPS9;RPL11;RPS4X;RPL39;FAU;RPS2;EIF1;CTSB;RPS27;GAPDH;RPS15A;RPL30;RPL37;CST3;RPL41;RPS23;HLA-A;PTMA;RPL21;EEF1A1;FTH1;RPL12;B2M;TMSB4X;SOD2;RPL15;THBS1;BNIP3L;RNASE1;RPL26,"[0, 2, 145, 196, 537, 558, 561, 818, 855, 857, 908, 919, 935, 996, 1146, 1239, 1299, 1399, 1515, 1918, 2336, 2540, 2583, 2683, 2686, 2707, 2741, 2808, 2868, 3009, 3066, 3076, 3110, 3161, 3204, 3240, 3274, 3341, 3464, 3478, 3513, 3549, 3661, 3907, 3938, 4212, 4340, 4464, 4465, 4491, 4601, 4603, 4699, 4800, 4803, 4863, 4864, 4883, 4925, 5044, 5294, 5363, 5365, 5472, 5574, 5660, 5753, 5812, 5993, 6030, 6213, 6273, 6566, 6735, 7026, 7036, 7173, 7718, 7728, 8419, 8759, 8993, 9365, 10085, 10764, 15148, 16286, 16730]",Tabula_Sapiens__Mammary-macrophage
Tabula_Sapiens,Salivary Gland-endothelial Cell Of Lymphatic Vessel,prerank,0.5988433560611005,2.361705134797024,0.0,0.0,0.0,56_86,56/86,28.80%,SLPI;NFKBIA;ICAM1;CD74;IFITM3;HSP90AA1;FOS;S100A6;VIM;DEFB1;RPS21;ZFP36;RPL36;RPS19;JUN;HSP90AB1;RPS15;RPS16;TPT1;RPLP1;HLA-E;FTL;RPL34;RPL18;RPLP2;RPL9;RPS8;RPL18A;RPS3;RPS28;RPL13A;RPL37A;RPL8;TMSB10;RPS5;RPS11;RPL28;RPS29;RPS20;RPL35A;RPS24;RPL6;RPS6;RPS27A;RPL3;RPS7;RPS3A;RPS14;RPL7A;RPL29;RPS18;RPL32;RPL19;RPS13;RPS9;RPL11,SLPI;NFKBIA;ICAM1;CD74;IFITM3;HSP90AA1;FOS;S100A6;VIM;DEFB1;RPS21;ZFP36;RPL36;RPS19;JUN;HSP90AB1;RPS15;RPS16;TPT1;RPLP1;HLA-E;FTL;RPL34;RPL18;RPLP2;RPL9;RPS8;RPL18A;RPS3;RPS28;RPL13A;RPL37A;RPL8;TMSB10;RPS5;RPS11;RPL28;RPS29;RPS20;RPL35A;RPS24;RPL6;RPS6;RPS27A;RPL3;RPS7;RPS3A;RPS14;RPL7A;RPL29;RPS18;RPL32;RPL19;RPS13;RPS9;RPL11;RPS4X;RPL39;FAU;RPS2;EIF1;RPS27;RPS15A;RPL30;RPL5;RPL37;RPL41;RPS23;PTMA;RPL10A;RPL21;POSTN;EEF1A1;FTH1;FOSB;SPARCL1;RPL12;B2M;TMSB4X;MGP;DDX5;FABP4;RPL15;ITM2B;ACTG1;SELE,"[42, 438, 847, 908, 970, 996, 1219, 1299, 1399, 1486, 1679, 1852, 2297, 2336, 2405, 2454, 2583, 2683, 2707, 2741, 2908, 3009, 3066, 3110, 3161, 3204, 3240, 3274, 3341, 3464, 3478, 3513, 3549, 3661, 3685, 3907, 3938, 4056, 4125, 4202, 4212, 4220, 4340, 4464, 4465, 4486, 4491, 4601, 4603, 4699, 4800, 4803, 4864, 4883, 4925, 5044, 5294, 5363, 5365, 5472, 5574, 5753, 5993, 6030, 6075, 6213, 6566, 6735, 7036, 7111, 7173, 7665, 7718, 7728, 7914, 7992, 8419, 8759, 8993, 9257, 9867, 9876, 10085, 11214, 11600, 14111]",Tabula_Sapiens__Salivary Gland-endothelial Cell Of Lymphatic Vessel
Tabula_Sapiens,Lymph Node-stromal Cell,prerank,0.609203341567521,2.4058879105061455,0.0,0.0,0.0,65_89,65/89,30.68%,MT2A;CEBPD;MT1X;ADH1B;IFITM3;FOS;S100A6;DCN;VIM;C1R;COL6A2;IGFBP5;ZFP36;COL6A1;SERPING1;RPL36;RPS19;JUN;APOD;RPS15;TIMP3;TPT1;RPLP1;C1S;FTL;RPL34;RPL18;RPLP2;RPL9;RPS8;RPL18A;RPS3;RPS28;RPL13A;RPL37A;MGST1;RPL8;TMSB10;APOE;RPS11;RPL28;RPL14;RPL35;RPL35A;RPS24;RPL6;RPS6;RPS27A;RPL3;RPS7;RPS3A;RPS25;RPS14;RPL7A;RPL29;RPS18;RPL32;RPL19;RPS13;RPS9;RPL11;RPS4X;RPL39;FAU;GSN,MT2A;CEBPD;MT1X;ADH1B;IFITM3;FOS;S100A6;DCN;VIM;C1R;COL6A2;IGFBP5;ZFP36;COL6A1;SERPING1;RPL36;RPS19;JUN;APOD;RPS15;TIMP3;TPT1;RPLP1;C1S;FTL;RPL34;RPL18;RPLP2;RPL9;RPS8;RPL18A;RPS3;RPS28;RPL13A;RPL37A;MGST1;RPL8;TMSB10;APOE;RPS11;RPL28;RPL14;RPL35;RPL35A;RPS24;RPL6;RPS6;RPS27A;RPL3;RPS7;RPS3A;RPS25;RPS14;RPL7A;RPL29;RPS18;RPL32;RPL19;RPS13;RPS9;RPL11;RPS4X;RPL39;FAU;GSN;RPS2;EIF1;TXNIP;RPS27;RPS15A;RPL30;RPL5;RPL37;RPLP0;CST3;RPL41;RPS23;EEF1A1;FTH1;SPARCL1;GPX3;RPL12;TMSB4X;MGP;RPL15;CXCL14;IGFBP7;ACTG1;LUM,"[145, 312, 318, 648, 970, 1219, 1299, 1395, 1399, 1505, 1579, 1810, 1852, 2004, 2181, 2297, 2336, 2405, 2562, 2583, 2602, 2707, 2741, 3007, 3009, 3066, 3110, 3161, 3204, 3240, 3274, 3341, 3464, 3478, 3513, 3531, 3549, 3661, 3783, 3907, 3938, 4093, 4163, 4202, 4212, 4220, 4340, 4464, 4465, 4486, 4491, 4542, 4601, 4603, 4699, 4800, 4803, 4864, 4883, 4925, 5044, 5294, 5363, 5365, 5373, 5472, 5574, 5739, 5753, 5993, 6030, 6075, 6213, 6265, 6273, 6566, 6735, 7718, 7728, 7992, 7997, 8419, 8993, 9257, 10085, 10280, 11361, 11600, 12182]",Tabula_Sapiens__Lymph Node-stromal Cell
Tabula_Sapiens,Thymus-naive B Cell,prerank,0.5912661594424873,2.3731540821186092,0.0,0.0,0.0,66_89,66/89,30.63%,CXCR4;CD37;KLF2;CD52;HLA-DRA;CD74;BTG1;ZFP36L2;RPS21;RPL36;RPS19;RPS15;RPS16;TPT1;RPLP1;FTL;JUND;RPL34;RPL18;RPLP2;RPL9;RPS8;RPL18A;RPS3;RPS26;RPS28;RPL13A;RPL37A;RPL8;RPL31;TMSB10;RPS5;RPL27;RPS11;RPL28;RPL38;RPS29;RPL14;RPS20;RPL35;RPL35A;RPS24;RPL6;RPS6;RPS27A;RPL3;RPS7;RPS3A;RPS25;RPS14;RPL7A;RPL29;RPL23A;RPS18;RPL32;UBA52;RPL19;RPS13;RPS9;RPSA;RPL27A;RPL11;NACA;RPS4X;RPL39;FAU,CXCR4;CD37;KLF2;CD52;HLA-DRA;CD74;BTG1;ZFP36L2;RPS21;RPL36;RPS19;RPS15;RPS16;TPT1;RPLP1;FTL;JUND;RPL34;RPL18;RPLP2;RPL9;RPS8;RPL18A;RPS3;RPS26;RPS28;RPL13A;RPL37A;RPL8;RPL31;TMSB10;RPS5;RPL27;RPS11;RPL28;RPL38;RPS29;RPL14;RPS20;RPL35;RPL35A;RPS24;RPL6;RPS6;RPS27A;RPL3;RPS7;RPS3A;RPS25;RPS14;RPL7A;RPL29;RPL23A;RPS18;RPL32;UBA52;RPL19;RPS13;RPS9;RPSA;RPL27A;RPL11;NACA;RPS4X;RPL39;FAU;RPS2;EIF1;TXNIP;RPS27;RPS15A;RPL30;RPL5;RPL37;RPLP0;RPL41;RPS23;PTMA;RPL10A;RPL21;EEF1A1;FTH1;RPL12;B2M;TMSB4X;DDX5;RPL15;EEF1B2;RPL26,"[50, 436, 811, 830, 855, 908, 1239, 1382, 1679, 2297, 2336, 2583, 2683, 2707, 2741, 3009, 3051, 3066, 3110, 3161, 3204, 3240, 3274, 3341, 3446, 3464, 3478, 3513, 3549, 3614, 3661, 3685, 3894, 3907, 3938, 3947, 4056, 4093, 4125, 4163, 4202, 4212, 4220, 4340, 4464, 4465, 4486, 4491, 4542, 4601, 4603, 4699, 4751, 4800, 4803, 4863, 4864, 4883, 4925, 5014, 5032, 5044, 5174, 5294, 5363, 5365, 5472, 5574, 5739, 5753, 5993, 6030, 6075, 6213, 6265, 6566, 6735, 7036, 7111, 7173, 7718, 7728, 8419, 8759, 8993, 9867, 10085, 11512, 16730]",Tabula_Sapiens__Thymus-naive B Cell
Tabula_Sapiens,Eye-monocyte,prerank,0.6096013221192278,2.44199203203935,0.0,0.0,0.0,62_88,62/88,28.80%,MT2A;S100A8;S100A4;CEBPB;LYZ;TYROBP;S100A9;HSP90AA1;S100A11;SRGN;FOS;S100A6;VIM;TIMP1;S100A10;RPS21;CTSS;RPL36;RPS19;RPS15;RPS16;TPT1;RPLP1;SH3BGRL3;FTL;RPL34;OAZ1;RPL18;RPLP2;VCAN;RPL9;RPS8;RPL18A;RPS3;RPS28;RPL13A;RPL37A;RPL8;TMSB10;RPS11;RPL28;RPS29;RPL35A;RPS24;RPL6;RPS6;RPS27A;RPL3;RPS7;RPS3A;RPS14;RPL7A;RPL29;RPL23A;RPS18;RPL32;UBA52;RPL19;RPS13;RPS9;RPL27A;RPL11,MT2A;S100A8;S100A4;CEBPB;LYZ;TYROBP;S100A9;HSP90AA1;S100A11;SRGN;FOS;S100A6;VIM;TIMP1;S100A10;RPS21;CTSS;RPL36;RPS19;RPS15;RPS16;TPT1;RPLP1;SH3BGRL3;FTL;RPL34;OAZ1;RPL18;RPLP2;VCAN;RPL9;RPS8;RPL18A;RPS3;RPS28;RPL13A;RPL37A;RPL8;TMSB10;RPS11;RPL28;RPS29;RPL35A;RPS24;RPL6;RPS6;RPS27A;RPL3;RPS7;RPS3A;RPS14;RPL7A;RPL29;RPL23A;RPS18;RPL32;UBA52;RPL19;RPS13;RPS9;RPL27A;RPL11;RPS4X;RPL39;FAU;RPS2;EIF1;TXNIP;RPS27;GAPDH;RPS15A;RPL30;RPL37;CST3;PABPC1;RPL41;RPS23;PTMA;RPL21;EEF1A1;FTH1;RPL12;B2M;TMSB4X;NAMPT;RPL15;THBS1;RPL26,"[145, 157, 245, 464, 574, 656, 820, 996, 1102, 1146, 1219, 1299, 1399, 1515, 1551, 1679, 1687, 2297, 2336, 2583, 2683, 2707, 2741, 2777, 3009, 3066, 3070, 3110, 3161, 3195, 3204, 3240, 3274, 3341, 3464, 3478, 3513, 3549, 3661, 3907, 3938, 4056, 4202, 4212, 4220, 4340, 4464, 4465, 4486, 4491, 4601, 4603, 4699, 4751, 4800, 4803, 4863, 4864, 4883, 4925, 5032, 5044, 5294, 5363, 5365, 5472, 5574, 5739, 5753, 5812, 5993, 6030, 6213, 6273, 6350, 6566, 6735, 7036, 7173, 7718, 7728, 8419, 8759, 8993, 9148, 10085, 10764, 16730]",Tabula_Sapiens__Eye-monocyte
Tabula_Sapiens,Fat-t Cell,prerank,0.5933329496271954,2.388869743657806,0.0,0.0,0.0,63_88,63/88,28.80%,CXCR4;S100A4;NFKBIA;HSP90AA1;IL7R;SRGN;BTG1;TNFAIP3;ZFP36L2;RPS21;RPL36;RPS19;HSP90AB1;RPS15;RPS16;TPT1;RPLP1;FTL;JUND;RPL34;RPL18;RPLP2;RPL9;RPS8;HLA-B;RPL18A;RPS3;RPS26;RPS28;RPL13A;RPL37A;RPL8;TMSB10;RPS5;RPS11;RPL28;RPL38;RPS29;RPL14;RPS20;RPL35;RPL35A;RPS24;RPL6;RPS6;RPS27A;RPL3;RPS7;RPS3A;RPS25;RPS14;RPL7A;RPL29;RPL23A;RPS18;RPL32;UBA52;RPL19;RPS13;RPS9;RPSA;RPL27A;RPL11,CXCR4;S100A4;NFKBIA;HSP90AA1;IL7R;SRGN;BTG1;TNFAIP3;ZFP36L2;RPS21;RPL36;RPS19;HSP90AB1;RPS15;RPS16;TPT1;RPLP1;FTL;JUND;RPL34;RPL18;RPLP2;RPL9;RPS8;HLA-B;RPL18A;RPS3;RPS26;RPS28;RPL13A;RPL37A;RPL8;TMSB10;RPS5;RPS11;RPL28;RPL38;RPS29;RPL14;RPS20;RPL35;RPL35A;RPS24;RPL6;RPS6;RPS27A;RPL3;RPS7;RPS3A;RPS25;RPS14;RPL7A;RPL29;RPL23A;RPS18;RPL32;UBA52;RPL19;RPS13;RPS9;RPSA;RPL27A;RPL11;RPS4X;RPL39;FAU;RPS2;EIF1;TXNIP;RPS27;RPS15A;RPL30;RPL5;RPL37;RPL41;RPS23;PTMA;RPL10A;RPL21;EEF1A1;FTH1;RPL12;B2M;TMSB4X;RPL15;CCL4;CALM1;RPL26,"[50, 245, 438, 996, 1012, 1146, 1239, 1329, 1382, 1679, 2297, 2336, 2454, 2583, 2683, 2707, 2741, 3009, 3051, 3066, 3110, 3161, 3204, 3240, 3273, 3274, 3341, 3446, 3464, 3478, 3513, 3549, 3661, 3685, 3907, 3938, 3947, 4056, 4093, 4125, 4163, 4202, 4212, 4220, 4340, 4464, 4465, 4486, 4491, 4542, 4601, 4603, 4699, 4751, 4800, 4803, 4863, 4864, 4883, 4925, 5014, 5032, 5044, 5294, 5363, 5365, 5472, 5574, 5739, 5753, 5993, 6030, 6075, 6213, 6566, 6735, 7036, 7111, 7173, 7718, 7728, 8419, 8759, 8993, 10085, 10797, 13283, 16730]",Tabula_Sapiens__Fat-t Cell
Tabula_Sapiens,Mammary-endothelial Cell Of Lymphatic Vessel,prerank,0.6030579845428329,2.421745228736105,0.0,0.0,0.0,65_89,65/89,30.63%,ANGPT2;NFKBIA;YBX3;MMRN1;IFITM2;TM4SF1;CLDN5;IFITM3;HSP90AA1;S100A11;S100A6;VIM;TIMP1;S100A10;TFPI;CD59;RPL36;RPS19;HSP90AB1;RPS15;RPS16;TPT1;RPLP1;HLA-E;FTL;RPL34;CD63;RPL18;RPLP2;RPL9;RPS8;HLA-B;RPL18A;RGS16;RPS3;RPS28;RPL13A;RPL37A;RPL8;TMSB10;RPS11;RPL28;RPL14;RPL35A;RPS24;RPL6;RPS6;RPS27A;RPL3;RPS7;RPS3A;RPS14;RPL7A;RPL29;RPS18;RPL32;RPL19;RPS13;RPS9;HLA-C;RPL11;NACA;RPS4X;RPL39;FAU,ANGPT2;NFKBIA;YBX3;MMRN1;IFITM2;TM4SF1;CLDN5;IFITM3;HSP90AA1;S100A11;S100A6;VIM;TIMP1;S100A10;TFPI;CD59;RPL36;RPS19;HSP90AB1;RPS15;RPS16;TPT1;RPLP1;HLA-E;FTL;RPL34;CD63;RPL18;RPLP2;RPL9;RPS8;HLA-B;RPL18A;RGS16;RPS3;RPS28;RPL13A;RPL37A;RPL8;TMSB10;RPS11;RPL28;RPL14;RPL35A;RPS24;RPL6;RPS6;RPS27A;RPL3;RPS7;RPS3A;RPS14;RPL7A;RPL29;RPS18;RPL32;RPL19;RPS13;RPS9;HLA-C;RPL11;NACA;RPS4X;RPL39;FAU;RPS2;EIF1;TXNIP;RPS27;GAPDH;RPS15A;RPL30;RPL5;RPL37;RPL41;RPS23;AKAP12;HLA-A;PTMA;RPL21;EEF1A1;FTH1;PPFIBP1;RPL12;B2M;SOD2;RPL15;IGFBP7;RPL26,"[102, 438, 466, 571, 633, 694, 781, 970, 996, 1102, 1299, 1399, 1515, 1551, 1966, 2017, 2297, 2336, 2454, 2583, 2683, 2707, 2741, 2908, 3009, 3066, 3076, 3110, 3161, 3204, 3240, 3273, 3274, 3278, 3341, 3464, 3478, 3513, 3549, 3661, 3907, 3938, 4093, 4202, 4212, 4220, 4340, 4464, 4465, 4486, 4491, 4601, 4603, 4699, 4800, 4803, 4864, 4883, 4925, 5034, 5044, 5174, 5294, 5363, 5365, 5472, 5574, 5739, 5753, 5812, 5993, 6030, 6075, 6213, 6566, 6735, 6752, 7026, 7036, 7173, 7718, 7728, 8286, 8419, 8759, 9365, 10085, 11361, 16730]",Tabula_Sapiens__Mammary-endothelial Cell Of Lymphatic Vessel
Tabula_Sapiens,"Kidney-cd8-positive, Alpha-Beta T Cell",prerank,0.5267361692527274,2.099507454273073,0.0,0.0,0.0,62_86,62/86,31.82%,CXCR4;S100A4;IL32;CD2;IL7R;TSC22D3;FOS;BTG1;ZFP36L2;RPS21;RPL36;RPS19;PTPRC;RPS15;RPS16;TPT1;RPLP1;SH3BGRL3;HLA-E;RPL34;RPL18;RPLP2;RPL9;RPS8;HLA-B;RPL18A;RPS3;MYL12A;RPS26;RPS28;RPL13A;RPL37A;TMSB10;RPL28;RPS29;RPL14;RPL35;RPL35A;RPS24;RPL6;RPS6;RPS27A;RPL3;RPS7;RPS3A;RPS14;RPL7A;RPL29;RPS18;RPL32;UBA52;RPL19;RPS13;RPS9;RPL27A;RPL11;RPS4X;RPL39;FAU;RPS2;CCL5;EIF1,CXCR4;S100A4;IL32;CD2;IL7R;TSC22D3;FOS;BTG1;ZFP36L2;RPS21;RPL36;RPS19;PTPRC;RPS15;RPS16;TPT1;RPLP1;SH3BGRL3;HLA-E;RPL34;RPL18;RPLP2;RPL9;RPS8;HLA-B;RPL18A;RPS3;MYL12A;RPS26;RPS28;RPL13A;RPL37A;TMSB10;RPL28;RPS29;RPL14;RPL35;RPL35A;RPS24;RPL6;RPS6;RPS27A;RPL3;RPS7;RPS3A;RPS14;RPL7A;RPL29;RPS18;RPL32;UBA52;RPL19;RPS13;RPS9;RPL27A;RPL11;RPS4X;RPL39;FAU;RPS2;CCL5;EIF1;TXNIP;RPS27;PFN1;RPS15A;RPL30;RPL5;RPL37;RPL41;RPS23;HLA-A;PTMA;RPL21;EEF1A1;GNLY;RPL12;B2M;TMSB4X;DDX5;CCL4;ACTG1;HMGB1;CALM1;RPL26;GZMA,"[50, 245, 314, 933, 1012, 1034, 1219, 1239, 1382, 1679, 2297, 2336, 2422, 2583, 2683, 2707, 2741, 2777, 2908, 3066, 3110, 3161, 3204, 3240, 3273, 3274, 3341, 3359, 3446, 3464, 3478, 3513, 3661, 3938, 4056, 4093, 4163, 4202, 4212, 4220, 4340, 4464, 4465, 4486, 4491, 4601, 4603, 4699, 4800, 4803, 4863, 4864, 4883, 4925, 5032, 5044, 5294, 5363, 5365, 5472, 5546, 5574, 5739, 5753, 5977, 5993, 6030, 6075, 6213, 6566, 6735, 7026, 7036, 7173, 7718, 8051, 8419, 8759, 8993, 9867, 10797, 11600, 12555, 13283, 16730, 17331]","Tabula_Sapiens__Kidney-cd8-positive, Alpha-Beta T Cell"
Tabula_Sapiens,Bladder-plasma Cell,prerank,0.652843681442121,2.577334215551434,0.0,0.0,0.0,61_87,61/87,28.80%,HSPA6;HSPA1A;HSPB1;HSPA1B;DNAJB1;MZB1;CYBA;HSPH1;KLF2;HSPD1;HSP90AA1;TSC22D3;DERL3;SRGN;FOS;HSPE1;ZFP36L2;VIM;XBP1;HSPA5;HERPUD1;RPS19;JUN;HSP90AB1;RPS15;RPS16;TPT1;RPLP1;FTL;JUND;RPL34;RPL18;RPLP2;RPL9;RPS8;HLA-B;RPL18A;RPS3;RPS28;RPL13A;RPL37A;RPL8;RPS5;RPS11;RPL28;RPS29;RPL35A;RPL6;RPS6;RPS27A;RPL3;RPS7;RPS14;RPL7A;RPL29;RPS18;RPL32;RPL19;RPS9;HLA-C;RPL11,HSPA6;HSPA1A;HSPB1;HSPA1B;DNAJB1;MZB1;CYBA;HSPH1;KLF2;HSPD1;HSP90AA1;TSC22D3;DERL3;SRGN;FOS;HSPE1;ZFP36L2;VIM;XBP1;HSPA5;HERPUD1;RPS19;JUN;HSP90AB1;RPS15;RPS16;TPT1;RPLP1;FTL;JUND;RPL34;RPL18;RPLP2;RPL9;RPS8;HLA-B;RPL18A;RPS3;RPS28;RPL13A;RPL37A;RPL8;RPS5;RPS11;RPL28;RPS29;RPL35A;RPL6;RPS6;RPS27A;RPL3;RPS7;RPS14;RPL7A;RPL29;RPS18;RPL32;RPL19;RPS9;HLA-C;RPL11;NACA;RPS4X;RPL39;FAU;RPS2;EIF1;HSP90B1;RPS27;RPS15A;RPL30;RPL5;RPL37;RPL41;RPS23;SSR4;PTMA;RPL21;EEF1A1;HSPA8;RPL12;SEC11C;B2M;TMSB4X;FKBP11;RPL15;EEF1B2,"[0, 2, 4, 7, 8, 75, 470, 718, 811, 987, 996, 1034, 1055, 1146, 1219, 1341, 1382, 1399, 1799, 2084, 2276, 2336, 2405, 2454, 2583, 2683, 2707, 2741, 3009, 3051, 3066, 3110, 3161, 3204, 3240, 3273, 3274, 3341, 3464, 3478, 3513, 3549, 3685, 3907, 3938, 4056, 4202, 4220, 4340, 4464, 4465, 4486, 4601, 4603, 4699, 4800, 4803, 4864, 4925, 5034, 5044, 5174, 5294, 5363, 5365, 5472, 5574, 5669, 5753, 5993, 6030, 6075, 6213, 6566, 6735, 6863, 7036, 7173, 7718, 7892, 8419, 8448, 8759, 8993, 9714, 10085, 11512]",Tabula_Sapiens__Bladder-plasma Cell
Tabula_Sapiens,Lymph Node-mast Cell,prerank,0.5893907223374351,2.3141589251237558,0.0,0.0,0.0,61_85,61/85,28.80%,MT2A;NFKBIA;HSP90AA1;TSC22D3;SRGN;FOS;BTG1;S100A6;TNFAIP3;ZFP36L2;VIM;NFKBIZ;ZFP36;IER2;PPP1R15A;RPL36;JUN;RGS2;TPSAB1;RPS15;TPT1;RPLP1;RGS1;FTL;JUND;RPL34;CD63;RPL18;RPLP2;RPL9;RPS8;RPL18A;RPS3;RPS28;RPL13A;RPL37A;RPL8;TMSB10;RPS11;RPL28;RPS29;RPL14;RPS20;RPL35A;RPS24;RPL6;RPS6;RPS27A;RPL3;RPS7;RPS3A;RPS25;RPS14;RPL7A;RPS18;RPL32;UBA52;RPL19;RPS13;RPL27A;RPL11,MT2A;NFKBIA;HSP90AA1;TSC22D3;SRGN;FOS;BTG1;S100A6;TNFAIP3;ZFP36L2;VIM;NFKBIZ;ZFP36;IER2;PPP1R15A;RPL36;JUN;RGS2;TPSAB1;RPS15;TPT1;RPLP1;RGS1;FTL;JUND;RPL34;CD63;RPL18;RPLP2;RPL9;RPS8;RPL18A;RPS3;RPS28;RPL13A;RPL37A;RPL8;TMSB10;RPS11;RPL28;RPS29;RPL14;RPS20;RPL35A;RPS24;RPL6;RPS6;RPS27A;RPL3;RPS7;RPS3A;RPS25;RPS14;RPL7A;RPS18;RPL32;UBA52;RPL19;RPS13;RPL27A;RPL11;RPS4X;RPL39;FAU;RPS2;EIF1;TXNIP;RPS27;RPS15A;RPL30;RPL5;RPL37;RPL41;RPS23;PTMA;RPL21;EEF1A1;FTH1;FOSB;RPL12;B2M;TMSB4X;RPL15;CD69;RPL26,"[145, 438, 996, 1034, 1146, 1219, 1239, 1299, 1329, 1382, 1399, 1641, 1852, 2071, 2264, 2297, 2405, 2412, 2414, 2583, 2707, 2741, 2808, 3009, 3051, 3066, 3076, 3110, 3161, 3204, 3240, 3274, 3341, 3464, 3478, 3513, 3549, 3661, 3907, 3938, 4056, 4093, 4125, 4202, 4212, 4220, 4340, 4464, 4465, 4486, 4491, 4542, 4601, 4603, 4800, 4803, 4863, 4864, 4883, 5032, 5044, 5294, 5363, 5365, 5472, 5574, 5739, 5753, 5993, 6030, 6075, 6213, 6566, 6735, 7036, 7173, 7718, 7728, 7914, 8419, 8759, 8993, 10085, 16391, 16730]",Tabula_Sapiens__Lymph Node-mast Cell
Tabula_Sapiens,Liver-endothelial Cell,prerank,0.6094798342359032,2.4503921298658202,0.0,0.0,0.0,63_88,63/88,28.12%,S100A8;C1QA;S100A4;C1QC;C1QB;NFKBIA;CEBPB;CYBA;C5AR1;LYZ;TYROBP;CD163;S100A9;CD74;LAPTM5;HSP90AA1;S100A11;SRGN;FOS;S100A6;TNFAIP3;VIM;TIMP1;CTSS;IER3;RPL36;RPS19;GPX1;RPS15;IL1B;RPS16;TPT1;RPLP1;SH3BGRL3;FTL;RPL34;OAZ1;RPL18;RPLP2;RPS8;RPL18A;RPS3;RPS28;RPL13A;RPL37A;RPL8;TMSB10;RPS11;RPL28;RPS29;RPS24;RPL6;RPS6;RPS27A;RPS14;RPL7A;RPL29;RPS18;RPL32;UBA52;RPL19;RPS13;RPS9,S100A8;C1QA;S100A4;C1QC;C1QB;NFKBIA;CEBPB;CYBA;C5AR1;LYZ;TYROBP;CD163;S100A9;CD74;LAPTM5;HSP90AA1;S100A11;SRGN;FOS;S100A6;TNFAIP3;VIM;TIMP1;CTSS;IER3;RPL36;RPS19;GPX1;RPS15;IL1B;RPS16;TPT1;RPLP1;SH3BGRL3;FTL;RPL34;OAZ1;RPL18;RPLP2;RPS8;RPL18A;RPS3;RPS28;RPL13A;RPL37A;RPL8;TMSB10;RPS11;RPL28;RPS29;RPS24;RPL6;RPS6;RPS27A;RPS14;RPL7A;RPL29;RPS18;RPL32;UBA52;RPL19;RPS13;RPS9;RPL11;RPS4X;RPL39;RPS2;EIF1;CTSB;TXNIP;RPS27;RPL30;AIF1;RPL37;CST3;RPL41;RPS23;PTMA;EEF1A1;FTH1;RPL12;B2M;TMSB4X;SOD2;THBS1;EREG;RNASE1;ALB,"[157, 196, 245, 280, 399, 438, 464, 470, 497, 574, 656, 818, 820, 908, 919, 996, 1102, 1146, 1219, 1299, 1329, 1399, 1515, 1687, 2252, 2297, 2336, 2540, 2583, 2654, 2683, 2707, 2741, 2777, 3009, 3066, 3070, 3110, 3161, 3240, 3274, 3341, 3464, 3478, 3513, 3549, 3661, 3907, 3938, 4056, 4212, 4220, 4340, 4464, 4601, 4603, 4699, 4800, 4803, 4863, 4864, 4883, 4925, 5044, 5294, 5363, 5472, 5574, 5660, 5739, 5753, 6030, 6152, 6213, 6273, 6566, 6735, 7036, 7718, 7728, 8419, 8759, 8993, 9365, 10764, 11223, 16286, 17324]",Tabula_Sapiens__Liver-endothelial Cell
Tabula_Sapiens,Thymus-monocyte,prerank,0.598471037239237,2.4022906634226397,0.0,0.0,0.0,65_88,65/88,30.63%,S100A8;S100A4;LYZ;CD163;S100A9;S100A11;SRGN;FOS;S100A6;VIM;S100A10;CTSS;RPL36;RPS19;RPS15;RPS16;LGALS1;TPT1;RPLP1;SH3BGRL3;COTL1;FTL;RPL34;OAZ1;RPL18;RPLP2;VCAN;RPL9;RPS8;HLA-B;RPL18A;RPS3;RPS28;RPL13A;RPL37A;RPL8;TMSB10;RPL27;RPS11;RPL28;RPL38;RPS29;RPS20;RPL35A;RPS24;RPL6;RPS6;RPS27A;RPS7;RPS3A;RPS14;RPL7A;RPL29;RPS18;RPL32;UBA52;RPL19;RPS13;RPS9;RPL27A;RPL11;NACA;RPS4X;RPL39;FAU,S100A8;S100A4;LYZ;CD163;S100A9;S100A11;SRGN;FOS;S100A6;VIM;S100A10;CTSS;RPL36;RPS19;RPS15;RPS16;LGALS1;TPT1;RPLP1;SH3BGRL3;COTL1;FTL;RPL34;OAZ1;RPL18;RPLP2;VCAN;RPL9;RPS8;HLA-B;RPL18A;RPS3;RPS28;RPL13A;RPL37A;RPL8;TMSB10;RPL27;RPS11;RPL28;RPL38;RPS29;RPS20;RPL35A;RPS24;RPL6;RPS6;RPS27A;RPS7;RPS3A;RPS14;RPL7A;RPL29;RPS18;RPL32;UBA52;RPL19;RPS13;RPS9;RPL27A;RPL11;NACA;RPS4X;RPL39;FAU;RPS2;EIF1;RPS27;GAPDH;RPS15A;RPL30;AIF1;RPL37;CST3;PABPC1;RPL41;RPS23;PTMA;RPL21;EEF1A1;FTH1;RPL12;B2M;TMSB4X;MNDA;RPL15;THBS1;RPL26,"[157, 245, 574, 818, 820, 1102, 1146, 1219, 1299, 1399, 1551, 1687, 2297, 2336, 2583, 2683, 2686, 2707, 2741, 2777, 2856, 3009, 3066, 3070, 3110, 3161, 3195, 3204, 3240, 3273, 3274, 3341, 3464, 3478, 3513, 3549, 3661, 3894, 3907, 3938, 3947, 4056, 4125, 4202, 4212, 4220, 4340, 4464, 4486, 4491, 4601, 4603, 4699, 4800, 4803, 4863, 4864, 4883, 4925, 5032, 5044, 5174, 5294, 5363, 5365, 5472, 5574, 5753, 5812, 5993, 6030, 6152, 6213, 6273, 6350, 6566, 6735, 7036, 7173, 7718, 7728, 8419, 8759, 8993, 9168, 10085, 10764, 16730]",Tabula_Sapiens__Thymus-monocyte
Tabula_Sapiens,Lung-nk Cell,prerank,0.4986450495816703,2.0083557840727724,0.0,0.0,0.0,61_87,61/87,31.82%,S100A4;CYBA;IFITM2;KLRD1;KLF2;SRGN;BTG1;ZFP36L2;RPS19;RPS15;RPS16;TPT1;RPLP1;SH3BGRL3;HLA-E;FTL;RPL34;RPL18;RPLP2;RPL9;RPS8;HLA-B;RPL18A;RPS3;MYL12A;RPS26;RPS28;RPL13A;TMSB10;RPL28;FGFBP2;RPS29;RPL14;RPL35A;RPS24;RPL6;RPS6;RPS27A;RPL3;RPS7;RPS3A;RPS14;RPL7A;RPL29;RPS18;RPL32;UBA52;RPL19;RPS13;RPS9;RPSA;HLA-C;RPL11;MYL6;NACA;RPS4X;RPL39;FAU;RPS2;CCL5;EIF1,S100A4;CYBA;IFITM2;KLRD1;KLF2;SRGN;BTG1;ZFP36L2;RPS19;RPS15;RPS16;TPT1;RPLP1;SH3BGRL3;HLA-E;FTL;RPL34;RPL18;RPLP2;RPL9;RPS8;HLA-B;RPL18A;RPS3;MYL12A;RPS26;RPS28;RPL13A;TMSB10;RPL28;FGFBP2;RPS29;RPL14;RPL35A;RPS24;RPL6;RPS6;RPS27A;RPL3;RPS7;RPS3A;RPS14;RPL7A;RPL29;RPS18;RPL32;UBA52;RPL19;RPS13;RPS9;RPSA;HLA-C;RPL11;MYL6;NACA;RPS4X;RPL39;FAU;RPS2;CCL5;EIF1;TXNIP;RPS27;PFN1;RPS15A;RPL30;RPL37;RPL41;RPS23;HLA-A;PTMA;RPL21;CCL3;EEF1A1;FTH1;GNLY;RPL12;B2M;TMSB4X;GZMB;CCL4;ACTG1;HMGB1;CALM1;NKG7;RPL26;GZMA,"[245, 470, 633, 759, 811, 1146, 1239, 1382, 2336, 2583, 2683, 2707, 2741, 2777, 2908, 3009, 3066, 3110, 3161, 3204, 3240, 3273, 3274, 3341, 3359, 3446, 3464, 3478, 3661, 3938, 4005, 4056, 4093, 4202, 4212, 4220, 4340, 4464, 4465, 4486, 4491, 4601, 4603, 4699, 4800, 4803, 4863, 4864, 4883, 4925, 5014, 5034, 5044, 5081, 5174, 5294, 5363, 5365, 5472, 5546, 5574, 5739, 5753, 5977, 5993, 6030, 6213, 6566, 6735, 7026, 7036, 7173, 7409, 7718, 7728, 8051, 8419, 8759, 8993, 9864, 10797, 11600, 12555, 13283, 15287, 16730, 17331]",Tabula_Sapiens__Lung-nk Cell
Tabula_Sapiens,Small Intestine-intestinal Tuft Cell,prerank,0.5226942726946405,2.0931967058776872,0.0,0.0,0.0,55_85,55/85,29.01%,AZGP1;KRT18;SH2D6;S100A6;TRPM5;KRT8;RPS21;IER2;RPL36;RPS19;JUN;RPS15;RPS16;TPT1;RPLP1;MATK;FTL;PSTPIP2;JUND;RPL34;RPL18;RPLP2;RPS8;RPL18A;RPS3;RPS28;RPL13A;RPL37A;RPL8;RPL31;TMSB10;RPS11;RPL28;RPL38;RPS29;RPS20;RPL35;RPL35A;RPS24;RPL6;RPS6;RPS27A;RPL3;RPS3A;RPS14;RPL7A;RPL29;RPL23A;RPS18;RPL32;RPL19;RPS9;RPL27A;RPL11;MYL6,AZGP1;KRT18;SH2D6;S100A6;TRPM5;KRT8;RPS21;IER2;RPL36;RPS19;JUN;RPS15;RPS16;TPT1;RPLP1;MATK;FTL;PSTPIP2;JUND;RPL34;RPL18;RPLP2;RPS8;RPL18A;RPS3;RPS28;RPL13A;RPL37A;RPL8;RPL31;TMSB10;RPS11;RPL28;RPL38;RPS29;RPS20;RPL35;RPL35A;RPS24;RPL6;RPS6;RPS27A;RPL3;RPS3A;RPS14;RPL7A;RPL29;RPL23A;RPS18;RPL32;RPL19;RPS9;RPL27A;RPL11;MYL6;RPL39;RPS2;RPS27;RPS15A;RPL30;RPL37;RPL41;RPS23;HLA-A;PTMA;RPL10A;RPL21;TLE4;HNRNPA2B1;EEF1A1;FTH1;PLCG2;RPL12;ARGLU1;B2M;DDX5;CALM2;ACTG1;LUC7L3;ITPR2;CCSER1;TPM1;ELF3;MARCKSL1;RPL26,"[100, 166, 477, 1299, 1303, 1580, 1679, 2071, 2297, 2336, 2405, 2583, 2683, 2707, 2741, 2855, 3009, 3047, 3051, 3066, 3110, 3161, 3240, 3274, 3341, 3464, 3478, 3513, 3549, 3614, 3661, 3907, 3938, 3947, 4056, 4125, 4163, 4202, 4212, 4220, 4340, 4464, 4465, 4491, 4601, 4603, 4699, 4751, 4800, 4803, 4864, 4925, 5032, 5044, 5081, 5363, 5472, 5753, 5993, 6030, 6213, 6566, 6735, 7026, 7036, 7111, 7173, 7360, 7364, 7718, 7728, 8064, 8419, 8574, 8759, 9867, 10877, 11600, 12580, 12687, 12862, 14533, 14662, 15700, 16730]",Tabula_Sapiens__Small Intestine-intestinal Tuft Cell
Tabula_Sapiens,Lymph Node-plasmacytoid Dendritic Cell,prerank,0.556397377633256,2.2447820052595984,0.0,0.0,0.0,65_88,65/88,32.85%,CXCR4;IRF8;HLA-DRA;CD74;VIM;RPS21;HLA-DPA1;HERPUD1;RPS19;GPX1;RPS15;RPS16;TPT1;RPLP1;RGS1;FTL;RPL34;RPL18;RPLP2;RPL9;RPS8;HLA-B;RPL18A;RPS3;RPS28;RPL13A;RPL37A;TMSB10;RPS5;RPL27;RPS11;RPL28;RPS29;RPL14;RPS20;RPL35A;RPS24;RPL6;RPS6;RPS27A;RPL3;RPS7;RPS3A;RPS25;RPS14;RPL7A;RPL29;RPL23A;RPS18;RPL32;UBA52;RPL19;RPS13;RPS9;RPSA;RPL27A;RPL11;NACA;RPS4X;RPL39;FAU;RPS2;EIF1;SRP14;RPS27,CXCR4;IRF8;HLA-DRA;CD74;VIM;RPS21;HLA-DPA1;HERPUD1;RPS19;GPX1;RPS15;RPS16;TPT1;RPLP1;RGS1;FTL;RPL34;RPL18;RPLP2;RPL9;RPS8;HLA-B;RPL18A;RPS3;RPS28;RPL13A;RPL37A;TMSB10;RPS5;RPL27;RPS11;RPL28;RPS29;RPL14;RPS20;RPL35A;RPS24;RPL6;RPS6;RPS27A;RPL3;RPS7;RPS3A;RPS25;RPS14;RPL7A;RPL29;RPL23A;RPS18;RPL32;UBA52;RPL19;RPS13;RPS9;RPSA;RPL27A;RPL11;NACA;RPS4X;RPL39;FAU;RPS2;EIF1;SRP14;RPS27;RPS15A;RPL30;RPL5;RPL37;RPLP0;PABPC1;RPL41;RPS23;GPR183;PTMA;RPL10A;RPL21;EEF1A1;FTH1;RPL12;B2M;TMSB4X;GZMB;RPL15;EEF1B2;ACTG1;SOX4;RPL26,"[50, 613, 855, 908, 1399, 1679, 1918, 2276, 2336, 2540, 2583, 2683, 2707, 2741, 2808, 3009, 3066, 3110, 3161, 3204, 3240, 3273, 3274, 3341, 3464, 3478, 3513, 3661, 3685, 3894, 3907, 3938, 4056, 4093, 4125, 4202, 4212, 4220, 4340, 4464, 4465, 4486, 4491, 4542, 4601, 4603, 4699, 4751, 4800, 4803, 4863, 4864, 4883, 4925, 5014, 5032, 5044, 5174, 5294, 5363, 5365, 5472, 5574, 5729, 5753, 5993, 6030, 6075, 6213, 6265, 6350, 6566, 6735, 7031, 7036, 7111, 7173, 7718, 7728, 8419, 8759, 8993, 9864, 10085, 11512, 11600, 13059, 16730]",Tabula_Sapiens__Lymph Node-plasmacytoid Dendritic Cell
Tabula_Sapiens,Trachea-macrophage,prerank,0.6289560702036233,2.5126023197146017,0.0,0.0,0.0,62_86,62/86,29.01%,S100A8;C1QA;S100A4;C1QC;C1QB;NFKBIA;CYBA;HLA-DRB5;HLA-DRB1;LYZ;TYROBP;S100A9;HLA-DRA;FCER1G;CD74;S100A11;SRGN;FOS;S100A6;VIM;CTSS;ZFP36;HLA-DPA1;SERF2;RPS19;GPX1;RPS15;IL1B;RPS16;TPT1;RPLP1;NPC2;SH3BGRL3;FTL;RPL34;OAZ1;CD63;RPLP2;RPL9;RPS8;HLA-B;RPL18A;RPS28;RPL37A;TMSB10;RPS11;RPL28;RPS29;RPS24;RPS6;RPS27A;RPS3A;RPS14;CTSD;RPS18;RPL32;UBA52;RPL19;RPS13;RPS9;RPL11;MYL6,S100A8;C1QA;S100A4;C1QC;C1QB;NFKBIA;CYBA;HLA-DRB5;HLA-DRB1;LYZ;TYROBP;S100A9;HLA-DRA;FCER1G;CD74;S100A11;SRGN;FOS;S100A6;VIM;CTSS;ZFP36;HLA-DPA1;SERF2;RPS19;GPX1;RPS15;IL1B;RPS16;TPT1;RPLP1;NPC2;SH3BGRL3;FTL;RPL34;OAZ1;CD63;RPLP2;RPL9;RPS8;HLA-B;RPL18A;RPS28;RPL37A;TMSB10;RPS11;RPL28;RPS29;RPS24;RPS6;RPS27A;RPS3A;RPS14;CTSD;RPS18;RPL32;UBA52;RPL19;RPS13;RPS9;RPL11;MYL6;RPL39;RPS2;CTSB;RPS27;GAPDH;PFN1;RPS15A;RPL30;AIF1;RPL37;CST3;RPL41;RPS23;HLA-A;PTMA;RPL21;EEF1A1;FTH1;RPL12;B2M;TMSB4X;ITM2B;ACTG1;RPL26,"[157, 196, 245, 280, 399, 438, 470, 542, 558, 574, 656, 820, 855, 857, 908, 1102, 1146, 1219, 1299, 1399, 1687, 1852, 1918, 2068, 2336, 2540, 2583, 2654, 2683, 2707, 2741, 2760, 2777, 3009, 3066, 3070, 3076, 3161, 3204, 3240, 3273, 3274, 3464, 3513, 3661, 3907, 3938, 4056, 4212, 4340, 4464, 4491, 4601, 4656, 4800, 4803, 4863, 4864, 4883, 4925, 5044, 5081, 5363, 5472, 5660, 5753, 5812, 5977, 5993, 6030, 6152, 6213, 6273, 6566, 6735, 7026, 7036, 7173, 7718, 7728, 8419, 8759, 8993, 11214, 11600, 16730]",Tabula_Sapiens__Trachea-macrophage
Tabula_Sapiens,Bone Marrow-memory B Cell,prerank,0.5756978559504844,2.3310525460836904,0.0,0.0,0.0,69_88,69/88,32.85%,HLA-DRA;CD74;TSC22D3;BTG1;RPS21;RPL36;RPS19;JUN;RPS15;RPS16;TPT1;RPLP1;FTL;JUND;RPL34;RPL18;RPLP2;RPL9;RPS8;HLA-B;RPL18A;RPS3;RPS26;RPS28;RPL13A;RPL37A;RPL8;RPL31;TMSB10;RPS5;RPL27;RPS11;RPL28;RPL38;RPS29;RPL14;RPS20;RPL35;RPL35A;RPS24;RPL6;RPS6;RPS27A;RPL3;RPS7;RPS3A;RPS25;RPS14;RPL7A;RPL29;RPL23A;RPS18;RPL32;UBA52;RPL19;RPS13;RPS9;RPSA;RPL27A;RPL11;NACA;RPS4X;RPL4;RPL39;FAU;RPS2;EIF1;TXNIP;RPS27,HLA-DRA;CD74;TSC22D3;BTG1;RPS21;RPL36;RPS19;JUN;RPS15;RPS16;TPT1;RPLP1;FTL;JUND;RPL34;RPL18;RPLP2;RPL9;RPS8;HLA-B;RPL18A;RPS3;RPS26;RPS28;RPL13A;RPL37A;RPL8;RPL31;TMSB10;RPS5;RPL27;RPS11;RPL28;RPL38;RPS29;RPL14;RPS20;RPL35;RPL35A;RPS24;RPL6;RPS6;RPS27A;RPL3;RPS7;RPS3A;RPS25;RPS14;RPL7A;RPL29;RPL23A;RPS18;RPL32;UBA52;RPL19;RPS13;RPS9;RPSA;RPL27A;RPL11;NACA;RPS4X;RPL4;RPL39;FAU;RPS2;EIF1;TXNIP;RPS27;RPS15A;RPL30;RPL5;RPL37;RPLP0;RPL41;RPS23;HLA-A;PTMA;RPL10A;RPL21;EEF1A1;RPL12;B2M;TMSB4X;DDX5;RPL15;EEF1B2;RPL26,"[855, 908, 1034, 1239, 1679, 2297, 2336, 2405, 2583, 2683, 2707, 2741, 3009, 3051, 3066, 3110, 3161, 3204, 3240, 3273, 3274, 3341, 3446, 3464, 3478, 3513, 3549, 3614, 3661, 3685, 3894, 3907, 3938, 3947, 4056, 4093, 4125, 4163, 4202, 4212, 4220, 4340, 4464, 4465, 4486, 4491, 4542, 4601, 4603, 4699, 4751, 4800, 4803, 4863, 4864, 4883, 4925, 5014, 5032, 5044, 5174, 5294, 5360, 5363, 5365, 5472, 5574, 5739, 5753, 5993, 6030, 6075, 6213, 6265, 6566, 6735, 7026, 7036, 7111, 7173, 7718, 8419, 8759, 8993, 9867, 10085, 11512, 16730]",Tabula_Sapiens__Bone Marrow-memory B Cell
Tabula_Sapiens,Tongue-epithelial Cell,prerank,0.5557246632261297,2.2272153052873644,0.0,0.0,0.0,65_88,65/88,30.63%,HSPB1;S100A7;MT2A;S100A8;MT1X;S100A9;S100A11;S100A6;RPS21;S100A2;RPL36;RPS19;RPS15;RPS16;CSTB;TPT1;RPLP1;GSTP1;FTL;RPL34;RPL18;RPLP2;RPL9;CSTA;KRT16;RPS8;RPL18A;RPS3;RPS28;RPL13A;RPL37A;RPL8;TMSB10;RPS5;KRT13;RPL28;RPL38;RPS29;RPL14;RPL35;RPL35A;RPS24;RPL6;RPS6;RPS27A;RPL3;RPS7;RPS3A;RPS25;RPS14;RPL7A;RPL29;RPL23A;RPS18;RPL32;UBA52;RPL19;RPS13;RPS9;RPL11;ANXA1;NACA;RPS4X;RPL39;FAU,HSPB1;S100A7;MT2A;S100A8;MT1X;S100A9;S100A11;S100A6;RPS21;S100A2;RPL36;RPS19;RPS15;RPS16;CSTB;TPT1;RPLP1;GSTP1;FTL;RPL34;RPL18;RPLP2;RPL9;CSTA;KRT16;RPS8;RPL18A;RPS3;RPS28;RPL13A;RPL37A;RPL8;TMSB10;RPS5;KRT13;RPL28;RPL38;RPS29;RPL14;RPL35;RPL35A;RPS24;RPL6;RPS6;RPS27A;RPL3;RPS7;RPS3A;RPS25;RPS14;RPL7A;RPL29;RPL23A;RPS18;RPL32;UBA52;RPL19;RPS13;RPS9;RPL11;ANXA1;NACA;RPS4X;RPL39;FAU;RPS2;RPS27;GAPDH;RPS15A;RPL30;RPL5;RPL37;RPLP0;RPL41;RPS23;PTMA;RPL10A;RPL21;EEF1A1;FTH1;RPL12;B2M;RPL15;ACTG1;LY6D;FABP5;RPL26;KRT5,"[4, 87, 145, 157, 318, 820, 1102, 1299, 1679, 1766, 2297, 2336, 2583, 2683, 2706, 2707, 2741, 2918, 3009, 3066, 3110, 3161, 3204, 3234, 3235, 3240, 3274, 3341, 3464, 3478, 3513, 3549, 3661, 3685, 3883, 3938, 3947, 4056, 4093, 4163, 4202, 4212, 4220, 4340, 4464, 4465, 4486, 4491, 4542, 4601, 4603, 4699, 4751, 4800, 4803, 4863, 4864, 4883, 4925, 5044, 5053, 5174, 5294, 5363, 5365, 5472, 5753, 5812, 5993, 6030, 6075, 6213, 6265, 6566, 6735, 7036, 7111, 7173, 7718, 7728, 8419, 8759, 10085, 11600, 13807, 14946, 16730, 17270]",Tabula_Sapiens__Tongue-epithelial Cell
Tabula_Sapiens,Muscle-mast Cell,prerank,0.6097080870402475,2.424822606656856,0.0,0.0,0.0,62_86,62/86,28.85%,HSPA1A;DDIT4;S100A4;NFKBIA;CCL2;HSPH1;HSP90AA1;TSC22D3;SRGN;DNAJA1;FOS;S100A6;TNFAIP3;BIRC3;VIM;RPS21;RPL36;RGS2;TPSAB1;HSP90AB1;RPS15;TPT1;RPLP1;FTL;JUND;RPL34;CREM;RPL18;RPLP2;RPL9;RPS8;RPS3;RPS28;RPL13A;RPL37A;RPL8;RPS11;RPL28;RPL38;RPS29;RPL14;RPS20;RPL35A;RPS24;RPL6;RPS27A;RPL3;RPS7;RPS3A;RPS25;RPS14;RPL7A;RPL29;RPS18;RPL32;UBA52;RPL19;RPS13;LMNA;RPL27A;RPL11;ANXA1,HSPA1A;DDIT4;S100A4;NFKBIA;CCL2;HSPH1;HSP90AA1;TSC22D3;SRGN;DNAJA1;FOS;S100A6;TNFAIP3;BIRC3;VIM;RPS21;RPL36;RGS2;TPSAB1;HSP90AB1;RPS15;TPT1;RPLP1;FTL;JUND;RPL34;CREM;RPL18;RPLP2;RPL9;RPS8;RPS3;RPS28;RPL13A;RPL37A;RPL8;RPS11;RPL28;RPL38;RPS29;RPL14;RPS20;RPL35A;RPS24;RPL6;RPS27A;RPL3;RPS7;RPS3A;RPS25;RPS14;RPL7A;RPL29;RPS18;RPL32;UBA52;RPL19;RPS13;LMNA;RPL27A;RPL11;ANXA1;RPS4X;RPL39;FAU;UBB;EIF1;RPS27;RPS15A;RPL30;RPL5;RPL37;RPL41;RPS23;PTMA;RPL21;EEF1A1;FTH1;HSPA8;FOSB;RPL12;B2M;TMSB4X;CCL4;CD69;RPL26,"[2, 17, 245, 438, 636, 718, 996, 1034, 1146, 1202, 1219, 1299, 1329, 1351, 1399, 1679, 2297, 2412, 2414, 2454, 2583, 2707, 2741, 3009, 3051, 3066, 3086, 3110, 3161, 3204, 3240, 3341, 3464, 3478, 3513, 3549, 3907, 3938, 3947, 4056, 4093, 4125, 4202, 4212, 4220, 4464, 4465, 4486, 4491, 4542, 4601, 4603, 4699, 4800, 4803, 4863, 4864, 4883, 4905, 5032, 5044, 5053, 5294, 5363, 5365, 5432, 5574, 5753, 5993, 6030, 6075, 6213, 6566, 6735, 7036, 7173, 7718, 7728, 7892, 7914, 8419, 8759, 8993, 10797, 16391, 16730]",Tabula_Sapiens__Muscle-mast Cell
Tabula_Sapiens,Blood-cd141-positive Myeloid Dendritic Cell,prerank,0.5408579587514469,2.1381300727903807,0.0,0.0,0.0,71_87,71/87,35.77%,VIM;RPS21;RPL36;RPS19;HSP90AB1;RPS15;RPS16;TPT1;RPLP1;FTL;JUND;RPS10;RPL34;RPL18;RPLP2;RPL9;RPS8;RPL18A;RPS3;RPS28;RPL13A;RPL37A;RPL8;RPL31;RPS5;RPL27;RPS11;RPL28;RPL38;RPS29;RPL14;RPS20;RPL35;RPL35A;RPS24;RPL6;RPS6;RPS27A;RPL3;RPS7;RPS3A;RPS25;RPS14;RPL7A;RPL29;RPL23A;RPS18;RPL32;UBA52;RPL19;RPS13;RPS9;RPL7;RPSA;RPL27A;RPL11;ANXA1;NACA;RPS4X;RPL39;FAU;RPS2;EIF1;RPS27;GAPDH;RPS15A;RPL30;RPL5;RPL22;RPL37;RPLP0,VIM;RPS21;RPL36;RPS19;HSP90AB1;RPS15;RPS16;TPT1;RPLP1;FTL;JUND;RPS10;RPL34;RPL18;RPLP2;RPL9;RPS8;RPL18A;RPS3;RPS28;RPL13A;RPL37A;RPL8;RPL31;RPS5;RPL27;RPS11;RPL28;RPL38;RPS29;RPL14;RPS20;RPL35;RPL35A;RPS24;RPL6;RPS6;RPS27A;RPL3;RPS7;RPS3A;RPS25;RPS14;RPL7A;RPL29;RPL23A;RPS18;RPL32;UBA52;RPL19;RPS13;RPS9;RPL7;RPSA;RPL27A;RPL11;ANXA1;NACA;RPS4X;RPL39;FAU;RPS2;EIF1;RPS27;GAPDH;RPS15A;RPL30;RPL5;RPL22;RPL37;RPLP0;RPL41;RPS23;PTMA;RPL10A;RPL21;EEF1A1;FTH1;RPL12;B2M;TMSB4X;EEF2;RPL15;EEF1B2;ACTG1;NPM1;RPL26,"[1399, 1679, 2297, 2336, 2454, 2583, 2683, 2707, 2741, 3009, 3051, 3058, 3066, 3110, 3161, 3204, 3240, 3274, 3341, 3464, 3478, 3513, 3549, 3614, 3685, 3894, 3907, 3938, 3947, 4056, 4093, 4125, 4163, 4202, 4212, 4220, 4340, 4464, 4465, 4486, 4491, 4542, 4601, 4603, 4699, 4751, 4800, 4803, 4863, 4864, 4883, 4925, 4984, 5014, 5032, 5044, 5053, 5174, 5294, 5363, 5365, 5472, 5574, 5753, 5812, 5993, 6030, 6075, 6109, 6213, 6265, 6566, 6735, 7036, 7111, 7173, 7718, 7728, 8419, 8759, 8993, 9092, 10085, 11512, 11600, 12801, 16730]",Tabula_Sapiens__Blood-cd141-positive Myeloid Dendritic Cell
Tabula_Sapiens,Trachea-mast Cell,prerank,0.5783346271759263,2.335603996245813,0.0,0.0,0.0,66_89,66/89,30.63%,S100A4;NFKBIA;IFITM2;SRGN;BTG1;S100A6;VIM;GATA2;RPS21;RPL36;RPS19;TPSAB1;RPS15;RPS16;TPT1;RPLP1;SH3BGRL3;GLUL;FTL;JUND;RPL34;CD63;RPL18;RPLP2;RPL9;RPS8;HLA-B;RPL18A;RPS3;RPS28;RPL13A;RPL37A;RPL8;RPS5;RPS11;RPL28;RPL38;RPS29;RPL14;RPL35;RPL35A;RPS24;RPL6;RPS6;RPS27A;RPL3;RPS7;RPS3A;RPS25;RPS14;RPL7A;RPL29;RPL23A;RPS18;RPL32;RPL19;RPS13;RPS9;RPL7;RPSA;RPL11;ANXA1;NACA;RPS4X;RPL39;FAU,S100A4;NFKBIA;IFITM2;SRGN;BTG1;S100A6;VIM;GATA2;RPS21;RPL36;RPS19;TPSAB1;RPS15;RPS16;TPT1;RPLP1;SH3BGRL3;GLUL;FTL;JUND;RPL34;CD63;RPL18;RPLP2;RPL9;RPS8;HLA-B;RPL18A;RPS3;RPS28;RPL13A;RPL37A;RPL8;RPS5;RPS11;RPL28;RPL38;RPS29;RPL14;RPL35;RPL35A;RPS24;RPL6;RPS6;RPS27A;RPL3;RPS7;RPS3A;RPS25;RPS14;RPL7A;RPL29;RPL23A;RPS18;RPL32;RPL19;RPS13;RPS9;RPL7;RPSA;RPL11;ANXA1;NACA;RPS4X;RPL39;FAU;RPS2;RPS27;RPS15A;RPL30;RPL5;RPL37;RPLP0;RPL41;RPS23;HLA-A;PTMA;RPL10A;RPL21;EEF1A1;FTH1;FOSB;RPL12;B2M;TMSB4X;RPL15;THBS1;CD69;RPL26,"[245, 438, 633, 1146, 1239, 1299, 1399, 1410, 1679, 2297, 2336, 2414, 2583, 2683, 2707, 2741, 2777, 2868, 3009, 3051, 3066, 3076, 3110, 3161, 3204, 3240, 3273, 3274, 3341, 3464, 3478, 3513, 3549, 3685, 3907, 3938, 3947, 4056, 4093, 4163, 4202, 4212, 4220, 4340, 4464, 4465, 4486, 4491, 4542, 4601, 4603, 4699, 4751, 4800, 4803, 4864, 4883, 4925, 4984, 5014, 5044, 5053, 5174, 5294, 5363, 5365, 5472, 5753, 5993, 6030, 6075, 6213, 6265, 6566, 6735, 7026, 7036, 7111, 7173, 7718, 7728, 7914, 8419, 8759, 8993, 10085, 10764, 16391, 16730]",Tabula_Sapiens__Trachea-mast Cell
Tabula_Sapiens,Blood-myeloid Progenitor,prerank,0.5226722877152136,2.107420253607909,0.0,0.0,0.0,63_89,63/89,31.24%,S100A4;ZFP36L2;RPS21;RPL36;RPS19;HSP90AB1;RPS15;RPS16;TPT1;RPLP1;FTL;RPS10;RPL34;RPL18;RPLP2;RPL9;RPS8;RPL18A;RPS3;RPS26;RPS28;RPL13A;RPL37A;RPL8;TMSB10;RPS5;RPL27;RPS11;RPL28;RPL38;RPS29;RPL14;RPS20;RPL35;RPL35A;RPS24;RPL6;RPS6;RPS27A;RPL3;RPS7;RPS3A;RPS25;RPS14;RPL7A;RPL29;RPL23A;RPS18;RPL32;UBA52;RPL19;RPS13;RPS9;RPL7;RPSA;RPL27A;RPL11;NACA;RPS4X;RPL4;RPL39;FAU;RPS2,S100A4;ZFP36L2;RPS21;RPL36;RPS19;HSP90AB1;RPS15;RPS16;TPT1;RPLP1;FTL;RPS10;RPL34;RPL18;RPLP2;RPL9;RPS8;RPL18A;RPS3;RPS26;RPS28;RPL13A;RPL37A;RPL8;TMSB10;RPS5;RPL27;RPS11;RPL28;RPL38;RPS29;RPL14;RPS20;RPL35;RPL35A;RPS24;RPL6;RPS6;RPS27A;RPL3;RPS7;RPS3A;RPS25;RPS14;RPL7A;RPL29;RPL23A;RPS18;RPL32;UBA52;RPL19;RPS13;RPS9;RPL7;RPSA;RPL27A;RPL11;NACA;RPS4X;RPL4;RPL39;FAU;RPS2;RPS27;GAPDH;RPS15A;RPL30;RPL5;RPL37;RPLP0;RPL41;RPS23;PTMA;RPL10A;RPL21;HINT1;EEF1A1;FTH1;RPL12;B2M;EEF2;RPL15;EEF1B2;ACTG1;HMGB1;NPM1;HNRNPA1;SOX4;RPL26,"[245, 1382, 1679, 2297, 2336, 2454, 2583, 2683, 2707, 2741, 3009, 3058, 3066, 3110, 3161, 3204, 3240, 3274, 3341, 3446, 3464, 3478, 3513, 3549, 3661, 3685, 3894, 3907, 3938, 3947, 4056, 4093, 4125, 4163, 4202, 4212, 4220, 4340, 4464, 4465, 4486, 4491, 4542, 4601, 4603, 4699, 4751, 4800, 4803, 4863, 4864, 4883, 4925, 4984, 5014, 5032, 5044, 5174, 5294, 5360, 5363, 5365, 5472, 5753, 5812, 5993, 6030, 6075, 6213, 6265, 6566, 6735, 7036, 7111, 7173, 7390, 7718, 7728, 8419, 8759, 9092, 10085, 11512, 11600, 12555, 12801, 13047, 13059, 16730]",Tabula_Sapiens__Blood-myeloid Progenitor
Tabula_Sapiens,Blood-classical Monocyte,prerank,0.5758642398255563,2.303877639808996,0.0,0.0,0.0,60_89,60/89,28.12%,S100A12;S100A8;S100A4;CYBA;LYZ;TYROBP;S100A9;TSPO;S100A11;FOS;S100A6;VIM;S100A10;CTSS;SERF2;RPS19;GPX1;RPS15;RPS16;LGALS1;TPT1;RPLP1;SH3BGRL3;COTL1;FCN1;FTL;RPL34;OAZ1;RPL18;RPLP2;VCAN;RPL9;RPS8;HLA-B;RPL18A;RPS3;RPS28;RPL13A;RPL37A;RPL8;TMSB10;RPS11;RPL28;RPS29;RPL35A;RPS24;RPL6;RPS6;RPS27A;RPS7;RPS3A;RPS14;RPL7A;RPL29;RPS18;RPL32;UBA52;RPL19;RPS13;RPS9,S100A12;S100A8;S100A4;CYBA;LYZ;TYROBP;S100A9;TSPO;S100A11;FOS;S100A6;VIM;S100A10;CTSS;SERF2;RPS19;GPX1;RPS15;RPS16;LGALS1;TPT1;RPLP1;SH3BGRL3;COTL1;FCN1;FTL;RPL34;OAZ1;RPL18;RPLP2;VCAN;RPL9;RPS8;HLA-B;RPL18A;RPS3;RPS28;RPL13A;RPL37A;RPL8;TMSB10;RPS11;RPL28;RPS29;RPL35A;RPS24;RPL6;RPS6;RPS27A;RPS7;RPS3A;RPS14;RPL7A;RPL29;RPS18;RPL32;UBA52;RPL19;RPS13;RPS9;RPL11;RPS4X;RPL39;FAU;RPS2;EIF1;TXNIP;RPS27;GAPDH;RPS15A;RPL30;AIF1;RPL37;CST3;RPL41;RPS23;PTMA;RPL21;EEF1A1;FTH1;RPL12;B2M;TMSB4X;MNDA;RPL15;THBS1;ACTG1;RPL26;HBA2,"[11, 157, 245, 470, 574, 656, 820, 915, 1102, 1219, 1299, 1399, 1551, 1687, 2068, 2336, 2540, 2583, 2683, 2686, 2707, 2741, 2777, 2856, 2968, 3009, 3066, 3070, 3110, 3161, 3195, 3204, 3240, 3273, 3274, 3341, 3464, 3478, 3513, 3549, 3661, 3907, 3938, 4056, 4202, 4212, 4220, 4340, 4464, 4486, 4491, 4601, 4603, 4699, 4800, 4803, 4863, 4864, 4883, 4925, 5044, 5294, 5363, 5365, 5472, 5574, 5739, 5753, 5812, 5993, 6030, 6152, 6213, 6273, 6566, 6735, 7036, 7173, 7718, 7728, 8419, 8759, 8993, 9168, 10085, 10764, 11600, 16730, 17205]",Tabula_Sapiens__Blood-classical Monocyte
Tabula_Sapiens,Muscle-t Cell,prerank,0.5897755968095129,2.358611327488872,0.0,0.0,0.0,65_89,65/89,30.63%,HSPA1A;CXCR4;HSP90AA1;IL7R;TSC22D3;SRGN;BTG1;ZFP36L2;VIM;RPS21;RPL36;RPS19;PTPRC;HSP90AB1;RPS15;RPS16;TPT1;RPLP1;FTL;JUND;RPL34;RPL18;RPLP2;RPL9;RPS8;HLA-B;RPL18A;RPS3;RPS26;RPS28;RPL13A;RPL37A;RPL8;TMSB10;RPS11;RPL28;RPL38;RPS29;RPL14;RPS20;RPL35;RPL35A;RPS24;RPS6;RPS27A;RPL3;RPS7;RPS3A;RPS14;RPL7A;RPL29;RPL23A;RPS18;RPL32;UBA52;RPL19;RPS13;RPS9;RPL27A;RPL11;ANXA1;NACA;RPS4X;RPL39;FAU,HSPA1A;CXCR4;HSP90AA1;IL7R;TSC22D3;SRGN;BTG1;ZFP36L2;VIM;RPS21;RPL36;RPS19;PTPRC;HSP90AB1;RPS15;RPS16;TPT1;RPLP1;FTL;JUND;RPL34;RPL18;RPLP2;RPL9;RPS8;HLA-B;RPL18A;RPS3;RPS26;RPS28;RPL13A;RPL37A;RPL8;TMSB10;RPS11;RPL28;RPL38;RPS29;RPL14;RPS20;RPL35;RPL35A;RPS24;RPS6;RPS27A;RPL3;RPS7;RPS3A;RPS14;RPL7A;RPL29;RPL23A;RPS18;RPL32;UBA52;RPL19;RPS13;RPS9;RPL27A;RPL11;ANXA1;NACA;RPS4X;RPL39;FAU;RPS2;EIF1;TXNIP;RPS27;CNOT6L;RPS15A;RPL30;RPL5;RPL37;RPL41;RPS23;PTMA;RPL10A;RPL21;EEF1A1;FTH1;HSPA8;RPL12;B2M;TMSB4X;RPL15;SMCHD1;CALM1;RPL26,"[2, 50, 996, 1012, 1034, 1146, 1239, 1382, 1399, 1679, 2297, 2336, 2422, 2454, 2583, 2683, 2707, 2741, 3009, 3051, 3066, 3110, 3161, 3204, 3240, 3273, 3274, 3341, 3446, 3464, 3478, 3513, 3549, 3661, 3907, 3938, 3947, 4056, 4093, 4125, 4163, 4202, 4212, 4340, 4464, 4465, 4486, 4491, 4601, 4603, 4699, 4751, 4800, 4803, 4863, 4864, 4883, 4925, 5032, 5044, 5053, 5174, 5294, 5363, 5365, 5472, 5574, 5739, 5753, 5931, 5993, 6030, 6075, 6213, 6566, 6735, 7036, 7111, 7173, 7718, 7728, 7892, 8419, 8759, 8993, 10085, 12637, 13283, 16730]",Tabula_Sapiens__Muscle-t Cell
Tabula_Sapiens,Thymus-b Cell,prerank,0.61837207735018,2.4557697411618076,0.0,0.0,0.0,66_89,66/89,30.63%,CXCR4;CD37;KLF2;CD52;HLA-DRA;CD74;LAPTM5;TSC22D3;BTG1;ZFP36L2;RPS21;EEF1D;HLA-DPA1;RPL36;RPS19;RPS15;RPS16;TPT1;RPLP1;FTL;JUND;RPL34;RPL18;RPLP2;RPL9;RPS8;HLA-B;RPL18A;RPS3;RPS28;RPL13A;RPL37A;RPL8;TMSB10;RPS5;RPL27;RPL28;RPS29;RPL14;RPL35;RPL35A;RPS24;RPL6;RPS6;RPS27A;RPL3;RPS7;RPS3A;RPS25;RPS14;RPL7A;RPL29;RPS18;RPL32;UBA52;RPL19;RPS13;RPS9;PFDN5;RPSA;RPL11;NACA;RPS4X;RPL4;RPL39;FAU,CXCR4;CD37;KLF2;CD52;HLA-DRA;CD74;LAPTM5;TSC22D3;BTG1;ZFP36L2;RPS21;EEF1D;HLA-DPA1;RPL36;RPS19;RPS15;RPS16;TPT1;RPLP1;FTL;JUND;RPL34;RPL18;RPLP2;RPL9;RPS8;HLA-B;RPL18A;RPS3;RPS28;RPL13A;RPL37A;RPL8;TMSB10;RPS5;RPL27;RPL28;RPS29;RPL14;RPL35;RPL35A;RPS24;RPL6;RPS6;RPS27A;RPL3;RPS7;RPS3A;RPS25;RPS14;RPL7A;RPL29;RPS18;RPL32;UBA52;RPL19;RPS13;RPS9;PFDN5;RPSA;RPL11;NACA;RPS4X;RPL4;RPL39;FAU;RPS2;EIF1;TXNIP;RPS27;RPS15A;RPL30;RPL5;RPL37;RPLP0;RPL41;RPS23;PTMA;RPL10A;RPL21;EEF1A1;FTH1;RPL12;B2M;TMSB4X;EEF2;RPL15;EEF1B2;ACTG1,"[50, 436, 811, 830, 855, 908, 919, 1034, 1239, 1382, 1679, 1776, 1918, 2297, 2336, 2583, 2683, 2707, 2741, 3009, 3051, 3066, 3110, 3161, 3204, 3240, 3273, 3274, 3341, 3464, 3478, 3513, 3549, 3661, 3685, 3894, 3938, 4056, 4093, 4163, 4202, 4212, 4220, 4340, 4464, 4465, 4486, 4491, 4542, 4601, 4603, 4699, 4800, 4803, 4863, 4864, 4883, 4925, 5007, 5014, 5044, 5174, 5294, 5360, 5363, 5365, 5472, 5574, 5739, 5753, 5993, 6030, 6075, 6213, 6265, 6566, 6735, 7036, 7111, 7173, 7718, 7728, 8419, 8759, 8993, 9092, 10085, 11512, 11600]",Tabula_Sapiens__Thymus-b Cell
Tabula_Sapiens,Salivary Gland-monocyte,prerank,0.6362247819529464,2.5249926441800286,0.0,0.0,0.0,59_83,59/83,28.12%,HSPA1A;S100A8;C1QA;S100A4;C1QB;NFKBIA;LYZ;TYROBP;CD163;S100A9;CD74;HSP90AA1;SRGN;FOS;S100A6;VIM;RPS21;CTSS;PDK4;RPL36;RPS19;JUN;RPS15;RPS16;TPT1;RPLP1;SH3BGRL3;FTL;RPL34;OAZ1;RPL18;RPLP2;VCAN;RPS8;RPL18A;RPS3;RPS28;RPL13A;RPL37A;KLF6;RPL8;TMSB10;RPS11;RPL28;RPS29;RPL35A;RPS24;RPS6;MRC1;RPS27A;RPS14;RPL7A;RPL29;RPS18;RPL32;UBA52;RPL19;RPS13;RPS9,HSPA1A;S100A8;C1QA;S100A4;C1QB;NFKBIA;LYZ;TYROBP;CD163;S100A9;CD74;HSP90AA1;SRGN;FOS;S100A6;VIM;RPS21;CTSS;PDK4;RPL36;RPS19;JUN;RPS15;RPS16;TPT1;RPLP1;SH3BGRL3;FTL;RPL34;OAZ1;RPL18;RPLP2;VCAN;RPS8;RPL18A;RPS3;RPS28;RPL13A;RPL37A;KLF6;RPL8;TMSB10;RPS11;RPL28;RPS29;RPL35A;RPS24;RPS6;MRC1;RPS27A;RPS14;RPL7A;RPL29;RPS18;RPL32;UBA52;RPL19;RPS13;RPS9;RPL11;RPS4X;RPL39;RPS2;EIF1;TXNIP;RPS27;RPS15A;RPL30;RPL37;CST3;RPL41;RPS23;PTMA;CCL3;EEF1A1;FTH1;FOSB;RPL12;B2M;TMSB4X;CCL4;EREG;RNASE1,"[2, 157, 196, 245, 399, 438, 574, 656, 818, 820, 908, 996, 1146, 1219, 1299, 1399, 1679, 1687, 2104, 2297, 2336, 2405, 2583, 2683, 2707, 2741, 2777, 3009, 3066, 3070, 3110, 3161, 3195, 3240, 3274, 3341, 3464, 3478, 3513, 3544, 3549, 3661, 3907, 3938, 4056, 4202, 4212, 4340, 4351, 4464, 4601, 4603, 4699, 4800, 4803, 4863, 4864, 4883, 4925, 5044, 5294, 5363, 5472, 5574, 5739, 5753, 5993, 6030, 6213, 6273, 6566, 6735, 7036, 7409, 7718, 7728, 7914, 8419, 8759, 8993, 10797, 11223, 16286]",Tabula_Sapiens__Salivary Gland-monocyte
Tabula_Sapiens,Muscle-fast Muscle Cell,prerank,0.48461282260814,1.9735085777806156,0.0,4.8296435787158375e-06,0.001,48_87,48/87,27.88%,G0S2;HSPB1;TCAP;MT2A;TNNI2;MT1X;YBX3;CKM;TNNT3;CRYAB;CA3;MYBPC1;PYGM;COX6A2;ENO3;ACTA1;RPS15;RPS16;TPT1;RPLP1;TNNC2;RPL9;RPL18A;RPS28;RPL13A;RPL37A;RPL8;YBX1;COX7C;RPL27;RPS11;RPL38;RPS29;RPL14;TOMM7;RPL35;RPS24;RPS3A;RPS25;RPS14;RPL7A;RPL29;RPL23A;RPS18;RPL32;ATP2A1;RPL19;RPS13,G0S2;HSPB1;TCAP;MT2A;TNNI2;MT1X;YBX3;CKM;TNNT3;CRYAB;CA3;MYBPC1;PYGM;COX6A2;ENO3;ACTA1;RPS15;RPS16;TPT1;RPLP1;TNNC2;RPL9;RPL18A;RPS28;RPL13A;RPL37A;RPL8;YBX1;COX7C;RPL27;RPS11;RPL38;RPS29;RPL14;TOMM7;RPL35;RPS24;RPS3A;RPS25;RPS14;RPL7A;RPL29;RPL23A;RPS18;RPL32;ATP2A1;RPL19;RPS13;GNAS;EEF1A2;RPL39;RPS2;EIF1;TXNIP;RPS27;GAPDH;RPS15A;RPL30;NEB;BIN1;RPL37;COX7A1;RPL41;RAD23A;RPS23;TPM2;PDLIM5;PKM;RPL21;NDUFA4;UQCRB;FTH1;RPL12;SLC25A4;LDHA;GAMT;MB;PDLIM3;CMYA5;TPM1;ANKRD1;MYOZ1;KLHL41;ACTN2;RPL26;SLN;DES,"[1, 4, 40, 145, 274, 318, 466, 487, 947, 969, 1220, 1479, 1487, 1615, 1875, 2524, 2583, 2683, 2707, 2741, 3060, 3204, 3274, 3464, 3478, 3513, 3549, 3681, 3856, 3894, 3907, 3947, 4056, 4093, 4113, 4163, 4212, 4491, 4542, 4601, 4603, 4699, 4751, 4800, 4803, 4851, 4864, 4883, 5066, 5154, 5363, 5472, 5574, 5739, 5753, 5812, 5993, 6030, 6051, 6167, 6213, 6484, 6566, 6621, 6735, 6931, 7105, 7140, 7173, 7461, 7589, 7728, 8419, 9429, 9695, 9976, 11474, 12200, 12955, 14533, 14535, 15514, 15544, 16276, 16730, 16806, 17091]",Tabula_Sapiens__Muscle-fast Muscle Cell
Tabula_Sapiens,Pancreas-nk Cell,prerank,0.4941070517679744,1.9743451885573604,0.0,4.841964098049296e-06,0.001,63_89,63/89,31.82%,S100A4;CYBA;KLRD1;SRGN;BTG1;RPS21;SERF2;RPL36;RPS19;HCST;RPS15;RPS16;TPT1;RPLP1;SH3BGRL3;HLA-E;FTL;RPL34;RPL18;RPLP2;RPL9;RPS8;HLA-B;RPL18A;RPS3;MYL12A;RPS28;RPL13A;RPL37A;RPL8;TMSB10;RPS11;RPL28;RPS29;RPL14;RPL35;RPL35A;RPS24;RPL6;RPS6;RPS27A;RPL3;RPS7;RPS3A;RPS25;RPS14;RPL7A;RPL29;RPL23A;RPS18;RPL32;UBA52;RPL19;RPS13;RPL27A;HLA-C;RPL11;RPS4X;RPL39;FAU;RPS2;CCL5;EIF1,S100A4;CYBA;KLRD1;SRGN;BTG1;RPS21;SERF2;RPL36;RPS19;HCST;RPS15;RPS16;TPT1;RPLP1;SH3BGRL3;HLA-E;FTL;RPL34;RPL18;RPLP2;RPL9;RPS8;HLA-B;RPL18A;RPS3;MYL12A;RPS28;RPL13A;RPL37A;RPL8;TMSB10;RPS11;RPL28;RPS29;RPL14;RPL35;RPL35A;RPS24;RPL6;RPS6;RPS27A;RPL3;RPS7;RPS3A;RPS25;RPS14;RPL7A;RPL29;RPL23A;RPS18;RPL32;UBA52;RPL19;RPS13;RPL27A;HLA-C;RPL11;RPS4X;RPL39;FAU;RPS2;CCL5;EIF1;TXNIP;RPS27;PFN1;RPS15A;RPL30;RPL5;RPL37;RPL41;RPS23;HLA-A;PTMA;RPL21;EEF1A1;GNLY;RPL12;B2M;TMSB4X;GZMB;RPL15;CCL4;CLPS;ACTG1;CALM1;NKG7;RPL26;GZMA,"[245, 470, 759, 1146, 1239, 1679, 2068, 2297, 2336, 2483, 2583, 2683, 2707, 2741, 2777, 2908, 3009, 3066, 3110, 3161, 3204, 3240, 3273, 3274, 3341, 3359, 3464, 3478, 3513, 3549, 3661, 3907, 3938, 4056, 4093, 4163, 4202, 4212, 4220, 4340, 4464, 4465, 4486, 4491, 4542, 4601, 4603, 4699, 4751, 4800, 4803, 4863, 4864, 4883, 5032, 5034, 5044, 5294, 5363, 5365, 5472, 5546, 5574, 5739, 5753, 5977, 5993, 6030, 6075, 6213, 6566, 6735, 7026, 7036, 7173, 7718, 8051, 8419, 8759, 8993, 9864, 10085, 10797, 11494, 11600, 13283, 15287, 16730, 17331]",Tabula_Sapiens__Pancreas-nk Cell
Tabula_Sapiens,Large Intestine-transit Amplifying Cell Of Large Intestine,prerank,0.4953832917586206,1.9766486165371033,0.0,4.854347637942005e-06,0.001,70_87,70/87,35.77%,HSP90AA1;FOS;S100A6;KRT8;RPS21;RPL36;RPS19;JUN;RPS15;RPS16;TPT1;RPLP1;FTL;RPL34;RPL18;RPLP2;RPL9;RPS8;RPL18A;RPS3;RPS26;RPS28;RPL13A;RPL37A;RPL8;TMSB10;RPS5;RPS11;CLDN4;RPL28;RPS29;RPL14;RPS20;RPL35;RPL35A;RPS24;RPL6;RPS6;RPS27A;RPL3;RPS7;RPS3A;RPS25;RPS14;RPL7A;RPL29;RPL23A;RPS18;RPL32;RPL19;RPS13;RPS9;RPSA;RPL27A;RPL11;NACA;RPS4X;RPL39;FAU;RPS2;LGALS3;COX4I1;RPS27;GAPDH;RPS15A;RPL30;RPL5;RPL37;LGALS4;RPLP0,HSP90AA1;FOS;S100A6;KRT8;RPS21;RPL36;RPS19;JUN;RPS15;RPS16;TPT1;RPLP1;FTL;RPL34;RPL18;RPLP2;RPL9;RPS8;RPL18A;RPS3;RPS26;RPS28;RPL13A;RPL37A;RPL8;TMSB10;RPS5;RPS11;CLDN4;RPL28;RPS29;RPL14;RPS20;RPL35;RPL35A;RPS24;RPL6;RPS6;RPS27A;RPL3;RPS7;RPS3A;RPS25;RPS14;RPL7A;RPL29;RPL23A;RPS18;RPL32;RPL19;RPS13;RPS9;RPSA;RPL27A;RPL11;NACA;RPS4X;RPL39;FAU;RPS2;LGALS3;COX4I1;RPS27;GAPDH;RPS15A;RPL30;RPL5;RPL37;LGALS4;RPLP0;RPL41;RPS23;PTMA;RPL10A;RPL21;EEF1A1;FTH1;PPIA;RPL12;B2M;TMSB4X;RPL15;TUBA1B;EEF1B2;ACTG1;RPL26;CLDN3,"[996, 1219, 1299, 1580, 1679, 2297, 2336, 2405, 2583, 2683, 2707, 2741, 3009, 3066, 3110, 3161, 3204, 3240, 3274, 3341, 3446, 3464, 3478, 3513, 3549, 3661, 3685, 3907, 3933, 3938, 4056, 4093, 4125, 4163, 4202, 4212, 4220, 4340, 4464, 4465, 4486, 4491, 4542, 4601, 4603, 4699, 4751, 4800, 4803, 4864, 4883, 4925, 5014, 5032, 5044, 5174, 5294, 5363, 5365, 5472, 5562, 5598, 5753, 5812, 5993, 6030, 6075, 6213, 6251, 6265, 6566, 6735, 7036, 7111, 7173, 7718, 7728, 8153, 8419, 8759, 8993, 10085, 10112, 11512, 11600, 16730, 17452]",Tabula_Sapiens__Large Intestine-transit Amplifying Cell Of Large Intestine
Tabula_Sapiens,Uterus-pericyte Cell,prerank,0.4957551230802388,1.9769138851407375,0.0,4.866794683167497e-06,0.001,60_89,60/89,30.63%,MT2A;S100A4;CEBPD;NFKBIA;GADD45B;IFITM3;S100A6;VIM;TIMP1;COL1A2;IER3;RPL36;RPS19;ADIRF;RPS15;RPS16;LGALS1;TPT1;RPLP1;RPL34;COL1A1;RPL18;RPLP2;RPL9;RPS8;RPL18A;RPS3;RPS28;RPL13A;RPL37A;RPL8;TMSB10;RPS5;RPS11;RPL28;RPL14;RPL35;RPL35A;RPS24;RPL6;RPS6;RPS27A;RPL3;RPS7;RPS3A;RPS14;RPL7A;RPL29;RPL23A;RPS18;RPL32;RPL19;RPS13;RPS9;RPL11;MYL6;NACA;RPS4X;RPL39;FAU,MT2A;S100A4;CEBPD;NFKBIA;GADD45B;IFITM3;S100A6;VIM;TIMP1;COL1A2;IER3;RPL36;RPS19;ADIRF;RPS15;RPS16;LGALS1;TPT1;RPLP1;RPL34;COL1A1;RPL18;RPLP2;RPL9;RPS8;RPL18A;RPS3;RPS28;RPL13A;RPL37A;RPL8;TMSB10;RPS5;RPS11;RPL28;RPL14;RPL35;RPL35A;RPS24;RPL6;RPS6;RPS27A;RPL3;RPS7;RPS3A;RPS14;RPL7A;RPL29;RPL23A;RPS18;RPL32;RPL19;RPS13;RPS9;RPL11;MYL6;NACA;RPS4X;RPL39;FAU;RPS2;EIF1;RPS27;GAPDH;RPS15A;RPL30;RPL5;CALD1;RPL37;RPL41;RPS23;TPM2;PTMA;RPL10A;RPL21;EEF1A1;FTH1;SPARCL1;RPL12;B2M;TMSB4X;MGP;SPARC;RPL15;IGFBP7;MYL9;TAGLN;RPL26;ACTA2,"[145, 245, 312, 438, 762, 970, 1299, 1399, 1515, 2167, 2252, 2297, 2336, 2504, 2583, 2683, 2686, 2707, 2741, 3066, 3083, 3110, 3161, 3204, 3240, 3274, 3341, 3464, 3478, 3513, 3549, 3661, 3685, 3907, 3938, 4093, 4163, 4202, 4212, 4220, 4340, 4464, 4465, 4486, 4491, 4601, 4603, 4699, 4751, 4800, 4803, 4864, 4883, 4925, 5044, 5081, 5174, 5294, 5363, 5365, 5472, 5574, 5753, 5812, 5993, 6030, 6075, 6176, 6213, 6566, 6735, 6931, 7036, 7111, 7173, 7718, 7728, 7992, 8419, 8759, 8993, 9257, 9882, 10085, 11361, 16189, 16652, 16730, 17447]",Tabula_Sapiens__Uterus-pericyte Cell
Tabula_Sapiens,Lung-pericyte Cell,prerank,0.4914004813053703,1.9862475247773517,0.0,4.879305723484124e-06,0.001,51_91,51/91,29.01%,SLPI;MT1M;HIGD1B;MT2A;GJA4;MT1E;CEBPD;PDGFRB;EZR;NDUFA4L2;KLF2;ID3;IFITM3;S100A6;VIM;TIMP1;ZFP36;BGN;RPS19;TIMP3;LGALS1;TPT1;RPLP1;FTL;JUND;RPL34;CD63;RPL18;RPL9;RPS8;MYL12A;RPL13A;RPL8;IGFBP2;TMSB10;CD81;SCGB1A1;RPL28;RPL35A;RPS27A;RPL3;RPS7;RPS3A;RPS14;RPL7A;RPS18;RPL32;RPL19;RPS9;RPL11;MYL6,SLPI;MT1M;HIGD1B;MT2A;GJA4;MT1E;CEBPD;PDGFRB;EZR;NDUFA4L2;KLF2;ID3;IFITM3;S100A6;VIM;TIMP1;ZFP36;BGN;RPS19;TIMP3;LGALS1;TPT1;RPLP1;FTL;JUND;RPL34;CD63;RPL18;RPL9;RPS8;MYL12A;RPL13A;RPL8;IGFBP2;TMSB10;CD81;SCGB1A1;RPL28;RPL35A;RPS27A;RPL3;RPS7;RPS3A;RPS14;RPL7A;RPS18;RPL32;RPL19;RPS9;RPL11;MYL6;RPS4X;FAU;EIF1;TXNIP;RPS27;RGN;RPL30;CALD1;CST3;NR2F2;RPL41;RPS23;TPM2;PTMA;EEF1A1;FTH1;A2M;SPARCL1;GPX3;COX4I2;COL4A2;RHOB;B2M;TMSB4X;DDX5;SPARC;DPYSL2;CALM2;KCNK3;ITM2B;IGFBP7;ACTG1;COL4A1;ITGB1;INMT;TPM1;MYL9;PPP1R14A;TAGLN;ACTA2,"[42, 126, 129, 145, 199, 308, 312, 646, 669, 789, 811, 956, 970, 1299, 1399, 1515, 1852, 2213, 2336, 2602, 2686, 2707, 2741, 3009, 3051, 3066, 3076, 3110, 3204, 3240, 3359, 3478, 3549, 3564, 3661, 3757, 3821, 3938, 4202, 4464, 4465, 4486, 4491, 4601, 4603, 4800, 4803, 4864, 4925, 5044, 5081, 5294, 5365, 5574, 5739, 5753, 5794, 6030, 6176, 6273, 6366, 6566, 6735, 6931, 7036, 7718, 7728, 7759, 7992, 7997, 8506, 8521, 8680, 8759, 8993, 9867, 9882, 10305, 10877, 11167, 11214, 11361, 11600, 11830, 11941, 11977, 14533, 16189, 16332, 16652, 17447]",Tabula_Sapiens__Lung-pericyte Cell
Tabula_Sapiens,Pancreas-endothelial Cell,prerank,0.5006530954538225,1.9903770634291842,0.0,4.891881253699289e-06,0.001,64_89,64/89,32.85%,MT2A;IFITM2;KLF2;CD74;ID3;IFITM3;VIM;GNG11;VWF;CD59;TGFBR2;RPL36;RPS19;RPS15;TIMP3;RPS16;TPT1;RPLP1;HLA-E;FTL;RPL34;RPL18;RPLP2;RPL9;RPS8;HLA-B;RPL18A;IFI27;IGFBP4;RPS3;RPS28;RPL13A;RPL37A;RPL8;TMSB10;RPL28;RPS29;RPL35A;RPS24;RPL6;RPS6;RPS27A;RPL3;RPS7;RPS3A;RPS14;RPL7A;RPL29;RPS18;RPL32;RPL19;RPS9;HLA-C;RPL11;ENG;RPL39;GSN;ID1;RPS2;GIMAP7;EIF1;SRP14;TXNIP;RPS27,MT2A;IFITM2;KLF2;CD74;ID3;IFITM3;VIM;GNG11;VWF;CD59;TGFBR2;RPL36;RPS19;RPS15;TIMP3;RPS16;TPT1;RPLP1;HLA-E;FTL;RPL34;RPL18;RPLP2;RPL9;RPS8;HLA-B;RPL18A;IFI27;IGFBP4;RPS3;RPS28;RPL13A;RPL37A;RPL8;TMSB10;RPL28;RPS29;RPL35A;RPS24;RPL6;RPS6;RPS27A;RPL3;RPS7;RPS3A;RPS14;RPL7A;RPL29;RPS18;RPL32;RPL19;RPS9;HLA-C;RPL11;ENG;RPL39;GSN;ID1;RPS2;GIMAP7;EIF1;SRP14;TXNIP;RPS27;RPS15A;RPL30;RPL37;RPL41;RPS23;HLA-A;PTMA;RPL21;EEF1A1;FTH1;A2M;EPAS1;SPARCL1;RPL12;PLVAP;B2M;TMSB4X;SOX18;RPL15;ITM2B;IGFBP7;HMGB1;FABP5;RPL26;CD36,"[145, 633, 811, 908, 956, 970, 1399, 1851, 1921, 2017, 2124, 2297, 2336, 2583, 2602, 2683, 2707, 2741, 2908, 3009, 3066, 3110, 3161, 3204, 3240, 3273, 3274, 3312, 3331, 3341, 3464, 3478, 3513, 3549, 3661, 3938, 4056, 4202, 4212, 4220, 4340, 4464, 4465, 4486, 4491, 4601, 4603, 4699, 4800, 4803, 4864, 4925, 5034, 5044, 5298, 5363, 5373, 5430, 5472, 5480, 5574, 5729, 5739, 5753, 5993, 6030, 6213, 6566, 6735, 7026, 7036, 7173, 7718, 7728, 7759, 7874, 7992, 8419, 8694, 8759, 8993, 9343, 10085, 11214, 11361, 12555, 14946, 16730, 17499]",Tabula_Sapiens__Pancreas-endothelial Cell
Tabula_Sapiens,Large Intestine-intestinal Crypt Stem Cell Of Large Intestine,prerank,0.4916669709626672,1.9510400554077871,0.0,9.634771200179309e-06,0.002,55_83,55/83,28.80%,PCK1;KRT18;SLC38A2;GADD45B;HSP90AA1;FOS;S100A6;KLF4;KRT8;RPS21;HEXIM1;IER2;IER3;PPP1R15A;RPL36;RPS19;JUN;RPS15;TPT1;RPLP1;JUND;RPL34;RPL18;RPLP2;RPS8;RPL18A;RPS3;RPS28;RPL13A;RPL37A;RPL8;RPL31;TMSB10;RPS11;CLDN4;RPL28;RPL38;RPS29;RPS20;SQSTM1;RPL35;RPL35A;RPS24;RPL6;RPS6;RPS14;RPL7A;RPL29;RND3;RPS18;RPL32;RPL19;RPS9;RPL27A;RPL11,PCK1;KRT18;SLC38A2;GADD45B;HSP90AA1;FOS;S100A6;KLF4;KRT8;RPS21;HEXIM1;IER2;IER3;PPP1R15A;RPL36;RPS19;JUN;RPS15;TPT1;RPLP1;JUND;RPL34;RPL18;RPLP2;RPS8;RPL18A;RPS3;RPS28;RPL13A;RPL37A;RPL8;RPL31;TMSB10;RPS11;CLDN4;RPL28;RPL38;RPS29;RPS20;SQSTM1;RPL35;RPL35A;RPS24;RPL6;RPS6;RPS14;RPL7A;RPL29;RND3;RPS18;RPL32;RPL19;RPS9;RPL27A;RPL11;RPL39;RPS2;EIF1;RPS27;RPS15A;RPL30;RPL37;LGALS4;SRSF7;RPL41;RPS23;PTMA;RPL21;HNRNPA2B1;EEF1A1;FTH1;FOSB;RPL12;RHOB;DDX5;TUBA1B;ACTG1;NR4A1;SOX4;ELF3;EGR1;FABP1;CLDN3,"[139, 166, 573, 762, 996, 1219, 1299, 1437, 1580, 1679, 1814, 2071, 2252, 2264, 2297, 2336, 2405, 2583, 2707, 2741, 3051, 3066, 3110, 3161, 3240, 3274, 3341, 3464, 3478, 3513, 3549, 3614, 3661, 3907, 3933, 3938, 3947, 4056, 4125, 4128, 4163, 4202, 4212, 4220, 4340, 4601, 4603, 4699, 4714, 4800, 4803, 4864, 4925, 5032, 5044, 5363, 5472, 5574, 5753, 5993, 6030, 6213, 6251, 6320, 6566, 6735, 7036, 7173, 7364, 7718, 7728, 7914, 8419, 8680, 9867, 10112, 11600, 12865, 13059, 14662, 17016, 17237, 17452]",Tabula_Sapiens__Large Intestine-intestinal Crypt Stem Cell Of Large Intestine
Tabula_Sapiens,Trachea-mucus Secreting Cell,prerank,0.492757868417644,1.9316479052392739,0.0,1.902806943794811e-05,0.003,53_84,53/84,29.01%,SLPI;MT1G;S100P;CXCL1;MUC1;LCN2;FCGBP;CD74;HSP90AA1;S100A11;KRT19;VMO1;S100A6;ANXA2;BPIFB1;XBP1;SERF2;RPL36;RPS19;RPS16;TFF3;TPT1;RPLP1;GSTP1;RPL34;CD63;RPL18;RPLP2;RPS8;HLA-B;RPL18A;AQP5;RPS28;RPL13A;RPL37A;RPL8;TMSB10;SCGB1A1;RPL28;RPS29;RPS24;RPS6;RPS27A;RPL3;RPS14;RPL7A;RPS18;RPL32;RPL19;HLA-C;RPL11;ANXA1;MYL6,SLPI;MT1G;S100P;CXCL1;MUC1;LCN2;FCGBP;CD74;HSP90AA1;S100A11;KRT19;VMO1;S100A6;ANXA2;BPIFB1;XBP1;SERF2;RPL36;RPS19;RPS16;TFF3;TPT1;RPLP1;GSTP1;RPL34;CD63;RPL18;RPLP2;RPS8;HLA-B;RPL18A;AQP5;RPS28;RPL13A;RPL37A;RPL8;TMSB10;SCGB1A1;RPL28;RPS29;RPS24;RPS6;RPS27A;RPL3;RPS14;RPL7A;RPS18;RPL32;RPL19;HLA-C;RPL11;ANXA1;MYL6;RPL39;RPS2;LGALS3;EIF1;RPS27;GAPDH;RPS15A;RPL30;RPL37;RPLP0;RPL41;HLA-A;PTMA;EEF1A1;FTH1;WFDC2;TSPAN1;RPL12;PPDPF;B2M;TMSB4X;RPL15;SCGB3A1;ACTG1;RARRES1;ELF3;CD9;KRT7;MUC5B;ANKRD36C;TACSTD2,"[42, 165, 233, 594, 723, 756, 854, 908, 996, 1102, 1151, 1226, 1299, 1542, 1569, 1799, 2068, 2297, 2336, 2683, 2699, 2707, 2741, 2918, 3066, 3076, 3110, 3161, 3240, 3273, 3274, 3398, 3464, 3478, 3513, 3549, 3661, 3821, 3938, 4056, 4212, 4340, 4464, 4465, 4601, 4603, 4800, 4803, 4864, 5034, 5044, 5053, 5081, 5363, 5472, 5562, 5574, 5753, 5812, 5993, 6030, 6213, 6265, 6566, 7026, 7036, 7718, 7728, 7784, 8356, 8419, 8669, 8759, 8993, 10085, 11110, 11600, 12374, 14662, 15173, 16393, 16962, 17161, 17189]",Tabula_Sapiens__Trachea-mucus Secreting Cell
Tabula_Sapiens,Pancreas-pancreatic Delta Cell,prerank,0.48541558921648453,1.932096294172869,0.0,1.9075878657641447e-05,0.003,60_84,60/84,31.82%,CLU;HSP90AA1;RPS21;SERF2;RPL36;RPS19;HSP90AB1;RPS15;CHGA;RPS16;TPT1;RPLP1;FTL;RPL34;RPL18;RPLP2;RPL9;RPS8;RPL18A;RPS3;RPS28;RPL13A;RPL37A;RPL8;RPS5;RPS11;RPL28;RPL38;RPS29;RPL14;RPL35;RPL35A;RPS24;RPL6;RPS6;RPS27A;RPL3;RPS7;RPS3A;RPS25;RPS14;RPL7A;CPE;RPL29;RPL23A;RPS18;RPL32;RPL19;RPS13;RPS9;PFDN5;RPL27A;RPL11;GNAS;NACA;RPS4X;RPL39;FAU;RPS2;EIF1,CLU;HSP90AA1;RPS21;SERF2;RPL36;RPS19;HSP90AB1;RPS15;CHGA;RPS16;TPT1;RPLP1;FTL;RPL34;RPL18;RPLP2;RPL9;RPS8;RPL18A;RPS3;RPS28;RPL13A;RPL37A;RPL8;RPS5;RPS11;RPL28;RPL38;RPS29;RPL14;RPL35;RPL35A;RPS24;RPL6;RPS6;RPS27A;RPL3;RPS7;RPS3A;RPS25;RPS14;RPL7A;CPE;RPL29;RPL23A;RPS18;RPL32;RPL19;RPS13;RPS9;PFDN5;RPL27A;RPL11;GNAS;NACA;RPS4X;RPL39;FAU;RPS2;EIF1;RPS27;RPS15A;RPL30;RPL5;RPL37;RPL41;RPS23;SSR4;HLA-A;RPL10A;RPL21;EEF1A1;FTH1;RPL12;SEC11C;B2M;PCSK1N;RPL15;PEBP1;SCG5;CALM1;TTR;CHGB;SST,"[751, 996, 1679, 2068, 2297, 2336, 2454, 2583, 2611, 2683, 2707, 2741, 3009, 3066, 3110, 3161, 3204, 3240, 3274, 3341, 3464, 3478, 3513, 3549, 3685, 3907, 3938, 3947, 4056, 4093, 4163, 4202, 4212, 4220, 4340, 4464, 4465, 4486, 4491, 4542, 4601, 4603, 4663, 4699, 4751, 4800, 4803, 4864, 4883, 4925, 5007, 5032, 5044, 5066, 5174, 5294, 5363, 5365, 5472, 5574, 5753, 5993, 6030, 6075, 6213, 6566, 6735, 6863, 7026, 7111, 7173, 7718, 7728, 8419, 8448, 8759, 9597, 10085, 10690, 12003, 13283, 15340, 16056, 17376]",Tabula_Sapiens__Pancreas-pancreatic Delta Cell
Tabula_Sapiens,Skin-smooth Muscle Cell,prerank,0.4799629654468721,1.932614800114289,0.0,1.9123928729826943e-05,0.003,59_89,59/89,30.63%,MT2A;CEBPD;MT1X;YBX3;GADD45B;PNRC1;FOS;S100A6;ZFP36L2;VIM;ZFP36L1;RPS21;PDK4;RPL36;RPS19;HSP90AB1;RPS15;RPS16;TPT1;RPLP1;FTL;RPL34;RPL18;RPLP2;RPL9;RPS8;RPL18A;RPS3;RPS28;RPL37A;RPL8;RPS5;RPL28;RPS29;RPL14;RPL35A;RPS24;RPL6;RPS6;RPS27A;RPL3;RPS7;RPS3A;RPS25;RPS14;RPL7A;RPL29;RPL23A;RPS18;RPL32;RPL19;RPS13;RPS9;RPL11;MYL6;NACA;RPS4X;RPL39;FAU,MT2A;CEBPD;MT1X;YBX3;GADD45B;PNRC1;FOS;S100A6;ZFP36L2;VIM;ZFP36L1;RPS21;PDK4;RPL36;RPS19;HSP90AB1;RPS15;RPS16;TPT1;RPLP1;FTL;RPL34;RPL18;RPLP2;RPL9;RPS8;RPL18A;RPS3;RPS28;RPL37A;RPL8;RPS5;RPL28;RPS29;RPL14;RPL35A;RPS24;RPL6;RPS6;RPS27A;RPL3;RPS7;RPS3A;RPS25;RPS14;RPL7A;RPL29;RPL23A;RPS18;RPL32;RPL19;RPS13;RPS9;RPL11;MYL6;NACA;RPS4X;RPL39;FAU;RPS2;EIF1;TXNIP;RPS27;GAPDH;RPS15A;RPL30;RPL5;CALD1;RPL37;RPL41;RPS23;TPM2;PTMA;RPL10A;RPL21;EEF1A1;FTH1;RPL12;RHOB;B2M;SOD2;RPL15;TPM4;DSTN;MYL9;MYH11;TAGLN;RPL26;DES,"[145, 312, 318, 466, 762, 875, 1219, 1299, 1382, 1399, 1595, 1679, 2104, 2297, 2336, 2454, 2583, 2683, 2707, 2741, 3009, 3066, 3110, 3161, 3204, 3240, 3274, 3341, 3464, 3513, 3549, 3685, 3938, 4056, 4093, 4202, 4212, 4220, 4340, 4464, 4465, 4486, 4491, 4542, 4601, 4603, 4699, 4751, 4800, 4803, 4864, 4883, 4925, 5044, 5081, 5174, 5294, 5363, 5365, 5472, 5574, 5739, 5753, 5812, 5993, 6030, 6075, 6176, 6213, 6566, 6735, 6931, 7036, 7111, 7173, 7718, 7728, 8419, 8680, 8759, 9365, 10085, 11539, 13724, 16189, 16634, 16652, 16730, 17091]",Tabula_Sapiens__Skin-smooth Muscle Cell
Tabula_Sapiens,Eye-corneal Epithelial Cell,prerank,0.476480488896303,1.9383888473066337,0.0,1.9172221479144688e-05,0.003,56_90,56/90,29.01%,HSPB1;S100A4;PLAUR;MT1X;EZR;CLU;S100A9;PERP;CRYAB;HSP90AA1;S100A11;BTG1;S100A6;NQO1;ANXA2;S100A10;ZFP36L1;EMP1;RPS21;KLF5;LYPD3;SERF2;RPL36;RPS19;ADIRF;RPS15;TPT1;RPLP1;GSTP1;RPL34;RPL18;RPLP2;RPS8;RPS28;RPL37A;RPL8;TMSB10;CLDN4;RPL28;RPS29;CSRP2;RPL35A;RPS24;ENO1;RPS6;KRT3;RPS27A;RPL3;RPS14;RND3;RPS18;RPL32;RPL19;RPL11;ANXA1;MYL6,HSPB1;S100A4;PLAUR;MT1X;EZR;CLU;S100A9;PERP;CRYAB;HSP90AA1;S100A11;BTG1;S100A6;NQO1;ANXA2;S100A10;ZFP36L1;EMP1;RPS21;KLF5;LYPD3;SERF2;RPL36;RPS19;ADIRF;RPS15;TPT1;RPLP1;GSTP1;RPL34;RPL18;RPLP2;RPS8;RPS28;RPL37A;RPL8;TMSB10;CLDN4;RPL28;RPS29;CSRP2;RPL35A;RPS24;ENO1;RPS6;KRT3;RPS27A;RPL3;RPS14;RND3;RPS18;RPL32;RPL19;RPL11;ANXA1;MYL6;RPL39;RPS2;LGALS3;EIF1;SDC1;RPS27;GAPDH;RPL30;RPL37;CST3;RPL41;RPS23;RPL21;EEF1A1;FTH1;RPL12;B2M;TMSB4X;LDHA;CXCL14;ITM2B;PHLDA2;ACTG1;SLC20A1;TGFBI;CLDN1;YWHAZ;ELF3;FABP5;KRT12;DSG1;ALDH3A1;TACSTD2;KRT5,"[4, 245, 295, 318, 669, 751, 820, 937, 969, 996, 1102, 1239, 1299, 1507, 1542, 1551, 1595, 1664, 1679, 1906, 1958, 2068, 2297, 2336, 2504, 2583, 2707, 2741, 2918, 3066, 3110, 3161, 3240, 3464, 3513, 3549, 3661, 3933, 3938, 4056, 4118, 4202, 4212, 4248, 4340, 4357, 4464, 4465, 4601, 4714, 4800, 4803, 4864, 5044, 5053, 5081, 5363, 5472, 5562, 5574, 5589, 5753, 5812, 6030, 6213, 6273, 6566, 6735, 7173, 7718, 7728, 8419, 8759, 8993, 9695, 10280, 11214, 11321, 11600, 11619, 11627, 13418, 13740, 14662, 14946, 15231, 15977, 17019, 17189, 17270]",Tabula_Sapiens__Eye-corneal Epithelial Cell
Tabula_Sapiens,Heart-cardiac Endothelial Cell,prerank,0.4856718646023358,1.942430736137317,0.0,1.9220758748712144e-05,0.003,65_88,65/88,32.85%,MT2A;IFITM2;TM4SF1;CD74;ID3;IFITM3;FLT1;S100A11;S100A6;RGCC;VIM;STOM;S100A10;RPS21;SLC9A3R2;GNG11;VWF;CD59;SERF2;RPL36;RPS19;RPS15;TIMP3;TPT1;RPLP1;HLA-E;FTL;RPL34;RPLP2;RPL9;RPS8;HLA-B;RPL18A;IFI27;RPS3;RPS28;RPL37A;RPL8;TMSB10;RPL28;RPS29;RPL35A;RPS24;RPS6;RPS27A;RPL3;RPS7;RPS3A;RPS14;RPL29;RPS18;RPL32;RPL19;RPL11;MYL6;ENG;RPL39;FAU;GSN;ID1;LGALS3;EIF1;HSP90B1;TXNIP;RPS27,MT2A;IFITM2;TM4SF1;CD74;ID3;IFITM3;FLT1;S100A11;S100A6;RGCC;VIM;STOM;S100A10;RPS21;SLC9A3R2;GNG11;VWF;CD59;SERF2;RPL36;RPS19;RPS15;TIMP3;TPT1;RPLP1;HLA-E;FTL;RPL34;RPLP2;RPL9;RPS8;HLA-B;RPL18A;IFI27;RPS3;RPS28;RPL37A;RPL8;TMSB10;RPL28;RPS29;RPL35A;RPS24;RPS6;RPS27A;RPL3;RPS7;RPS3A;RPS14;RPL29;RPS18;RPL32;RPL19;RPL11;MYL6;ENG;RPL39;FAU;GSN;ID1;LGALS3;EIF1;HSP90B1;TXNIP;RPS27;RPS15A;RPL30;RPL37;RPL41;RPS23;PTMA;RPL21;EEF1A1;FTH1;EPAS1;SPARCL1;B2M;TMSB4X;FABP4;ITM2B;ACTG1;CALM1;F8;CAV1;FABP5;RNASE1;RPL26;CD36,"[145, 633, 694, 908, 956, 970, 1094, 1102, 1299, 1356, 1399, 1517, 1551, 1679, 1788, 1851, 1921, 2017, 2068, 2297, 2336, 2583, 2602, 2707, 2741, 2908, 3009, 3066, 3161, 3204, 3240, 3273, 3274, 3312, 3341, 3464, 3513, 3549, 3661, 3938, 4056, 4202, 4212, 4340, 4464, 4465, 4486, 4491, 4601, 4699, 4800, 4803, 4864, 5044, 5081, 5298, 5363, 5365, 5373, 5430, 5562, 5574, 5669, 5739, 5753, 5993, 6030, 6213, 6566, 6735, 7036, 7173, 7718, 7728, 7874, 7992, 8759, 8993, 9876, 11214, 11600, 13283, 13730, 13967, 14946, 16286, 16730, 17499]",Tabula_Sapiens__Heart-cardiac Endothelial Cell
Tabula_Sapiens,Blood-hematopoietic Stem Cell,prerank,0.4883252518045339,1.927220643917117,0.0,2.372562408044155e-05,0.004,69_88,69/88,34.88%,CD74;RPS21;RPL36;RPS19;HSP90AB1;RPS15;RPS16;TPT1;RPLP1;FTL;RPS10;RPL34;RPL18;RPLP2;RPL9;RPS8;RPL18A;RPS3;RPS28;RPL13A;RPL37A;RPL8;RPL31;TMSB10;RPS5;RPL27;RPS11;RPL28;RPL38;RPS29;RPL14;RPS20;RPL35;RPL35A;RPS24;RPL6;RPS6;RPS27A;RPL3;RPS7;RPS3A;RPS25;RPS14;RPL7A;RPL29;RPL23A;RPS18;RPL32;UBA52;RPL19;RPS13;RPS9;RPL7;RPSA;RPL27A;RPL11;NACA;RPS4X;RPL4;RPL39;FAU;RPS2;EIF1;RPS27;GAPDH;RPS15A;RPL30;RPL5;RPL22,CD74;RPS21;RPL36;RPS19;HSP90AB1;RPS15;RPS16;TPT1;RPLP1;FTL;RPS10;RPL34;RPL18;RPLP2;RPL9;RPS8;RPL18A;RPS3;RPS28;RPL13A;RPL37A;RPL8;RPL31;TMSB10;RPS5;RPL27;RPS11;RPL28;RPL38;RPS29;RPL14;RPS20;RPL35;RPL35A;RPS24;RPL6;RPS6;RPS27A;RPL3;RPS7;RPS3A;RPS25;RPS14;RPL7A;RPL29;RPL23A;RPS18;RPL32;UBA52;RPL19;RPS13;RPS9;RPL7;RPSA;RPL27A;RPL11;NACA;RPS4X;RPL4;RPL39;FAU;RPS2;EIF1;RPS27;GAPDH;RPS15A;RPL30;RPL5;RPL22;RPL37;RPLP0;RPL41;RPS23;PTMA;RPL10A;RPL21;EEF1A1;FTH1;RPL12;B2M;TMSB4X;RPL15;EEF1B2;ACTG1;NPM1;HNRNPA1;RPL26;HBA2,"[908, 1679, 2297, 2336, 2454, 2583, 2683, 2707, 2741, 3009, 3058, 3066, 3110, 3161, 3204, 3240, 3274, 3341, 3464, 3478, 3513, 3549, 3614, 3661, 3685, 3894, 3907, 3938, 3947, 4056, 4093, 4125, 4163, 4202, 4212, 4220, 4340, 4464, 4465, 4486, 4491, 4542, 4601, 4603, 4699, 4751, 4800, 4803, 4863, 4864, 4883, 4925, 4984, 5014, 5032, 5044, 5174, 5294, 5360, 5363, 5365, 5472, 5574, 5753, 5812, 5993, 6030, 6075, 6109, 6213, 6265, 6566, 6735, 7036, 7111, 7173, 7718, 7728, 8419, 8759, 8993, 10085, 11512, 11600, 12801, 13047, 16730, 17205]",Tabula_Sapiens__Blood-hematopoietic Stem Cell
Tabula_Sapiens,Mammary-basal Cell,prerank,0.48170917694676824,1.9107267316460788,0.0,2.791249891816653e-05,0.005,60_89,60/89,30.63%,MT2A;MT1E;CEBPD;MT1X;YBX3;IFITM3;S100A11;S100A6;S100A10;RPS21;RPL36;RPS19;HSP90AB1;RPS15;RPS16;TPT1;RPLP1;FTL;RPL34;CD63;RPL18;RPLP2;RPL9;RPS8;RPL18A;RPS3;RPS28;RPL13A;RPL37A;RPL8;RPS5;RPS11;RPL28;RPL14;RPL35;RPL35A;RPS24;RPL6;RPS6;RPS27A;RPL3;RPS7;RPS3A;RPS14;RPL7A;RPL29;RPS18;RPL32;RPL19;RPS13;RPS9;RPL7;RPSA;RPL27A;RPL11;FBXO32;NACA;RPS4X;RPL39;FAU,MT2A;MT1E;CEBPD;MT1X;YBX3;IFITM3;S100A11;S100A6;S100A10;RPS21;RPL36;RPS19;HSP90AB1;RPS15;RPS16;TPT1;RPLP1;FTL;RPL34;CD63;RPL18;RPLP2;RPL9;RPS8;RPL18A;RPS3;RPS28;RPL13A;RPL37A;RPL8;RPS5;RPS11;RPL28;RPL14;RPL35;RPL35A;RPS24;RPL6;RPS6;RPS27A;RPL3;RPS7;RPS3A;RPS14;RPL7A;RPL29;RPS18;RPL32;RPL19;RPS13;RPS9;RPL7;RPSA;RPL27A;RPL11;FBXO32;NACA;RPS4X;RPL39;FAU;RPS2;EIF1;RPS27;GAPDH;RPS15A;RPL30;RPL5;RPL37;RPLP0;NNMT;RPL41;RPS23;TPM2;PTMA;RPL10A;RPL21;EEF1A1;FTH1;RPL12;SOD2;LDHA;RPL15;ACTG1;KRT17;DST;KRT7;TAGLN;RPL26;KRT5,"[145, 308, 312, 318, 466, 970, 1102, 1299, 1551, 1679, 2297, 2336, 2454, 2583, 2683, 2707, 2741, 3009, 3066, 3076, 3110, 3161, 3204, 3240, 3274, 3341, 3464, 3478, 3513, 3549, 3685, 3907, 3938, 4093, 4163, 4202, 4212, 4220, 4340, 4464, 4465, 4486, 4491, 4601, 4603, 4699, 4800, 4803, 4864, 4883, 4925, 4984, 5014, 5032, 5044, 5092, 5174, 5294, 5363, 5365, 5472, 5574, 5753, 5812, 5993, 6030, 6075, 6213, 6265, 6420, 6566, 6735, 6931, 7036, 7111, 7173, 7718, 7728, 8419, 9365, 9695, 10085, 11600, 13183, 15276, 16393, 16652, 16730, 17270]",Tabula_Sapiens__Mammary-basal Cell
Tabula_Sapiens,Large Intestine-large Intestine Goblet Cell,prerank,0.4887510434473755,1.9114470079719958,0.0,2.798107999658954e-05,0.005,52_80,52/80,29.01%,KRT18;FCGBP;HSP90AA1;KRT19;FOS;S100A6;S100A10;KRT8;RPS21;SERF2;IER2;IER3;RPL36;RPS19;JUN;RPS15;TFF3;TPT1;RAB11FIP1;RPLP1;RPL34;RPL18;RPLP2;RPL9;RPS8;RPL18A;RPS3;RPS28;RPL13A;RPL37A;RPL8;TMSB10;RPS11;CLDN4;RPL28;RPL38;RPS29;SQSTM1;RPL35;RPL35A;RPS24;RPS6;RPS14;RPL7A;RPL29;RPS18;RPL32;RPL19;RPS9;RPL27A;RPL11;MYL6,KRT18;FCGBP;HSP90AA1;KRT19;FOS;S100A6;S100A10;KRT8;RPS21;SERF2;IER2;IER3;RPL36;RPS19;JUN;RPS15;TFF3;TPT1;RAB11FIP1;RPLP1;RPL34;RPL18;RPLP2;RPL9;RPS8;RPL18A;RPS3;RPS28;RPL13A;RPL37A;RPL8;TMSB10;RPS11;CLDN4;RPL28;RPL38;RPS29;SQSTM1;RPL35;RPL35A;RPS24;RPS6;RPS14;RPL7A;RPL29;RPS18;RPL32;RPL19;RPS9;RPL27A;RPL11;MYL6;FAM3D;RPL39;RPS2;LGALS3;COX4I1;RPS27;RPS15A;RPL30;RPL37;LGALS4;RPL41;RPS23;PTMA;RPL21;ST6GALNAC1;EEF1A1;FTH1;WFDC2;FOSB;RPL12;B2M;TMSB4X;ACTG1;TPM1;ELF3;EPCAM;RPL26;CLDN3,"[166, 854, 996, 1151, 1219, 1299, 1551, 1580, 1679, 2068, 2071, 2252, 2297, 2336, 2405, 2583, 2699, 2707, 2711, 2741, 3066, 3110, 3161, 3204, 3240, 3274, 3341, 3464, 3478, 3513, 3549, 3661, 3907, 3933, 3938, 3947, 4056, 4128, 4163, 4202, 4212, 4340, 4601, 4603, 4699, 4800, 4803, 4864, 4925, 5032, 5044, 5081, 5359, 5363, 5472, 5562, 5598, 5753, 5993, 6030, 6213, 6251, 6566, 6735, 7036, 7173, 7209, 7718, 7728, 7784, 7914, 8419, 8759, 8993, 11600, 14533, 14662, 16430, 16730, 17452]",Tabula_Sapiens__Large Intestine-large Intestine Goblet Cell
Tabula_Sapiens,Salivary Gland-ionocyte,prerank,0.4786010879996894,1.9121494017531317,0.0,2.8049998912837302e-05,0.005,58_86,58/86,31.82%,HSPB1;SLPI;KRT18;HSP90AA1;S100A11;KRT19;FOS;S100A6;DEFB1;ANXA2;KRT8;RARRES2;RPL36;RPS19;JUN;TFCP2L1;RPS15;RPS16;TPT1;RPLP1;GSTP1;FTL;RPL34;RPL18;RPLP2;RPL9;RPS8;RPL18A;RPS3;RPS28;RPL13A;RPL37A;RPL8;RPS11;RPL28;RPS29;RPS20;RPL35A;RPS24;RPL6;RPS6;RPS27A;RPL3;RPS14;RPL7A;RPL29;RPS18;RPL32;RPL19;RPS9;RPL11;MYL6;ATP6V0B;RPS4X;RPS2;SYNE2;LGALS3;EIF1,HSPB1;SLPI;KRT18;HSP90AA1;S100A11;KRT19;FOS;S100A6;DEFB1;ANXA2;KRT8;RARRES2;RPL36;RPS19;JUN;TFCP2L1;RPS15;RPS16;TPT1;RPLP1;GSTP1;FTL;RPL34;RPL18;RPLP2;RPL9;RPS8;RPL18A;RPS3;RPS28;RPL13A;RPL37A;RPL8;RPS11;RPL28;RPS29;RPS20;RPL35A;RPS24;RPL6;RPS6;RPS27A;RPL3;RPS14;RPL7A;RPL29;RPS18;RPL32;RPL19;RPS9;RPL11;MYL6;ATP6V0B;RPS4X;RPS2;SYNE2;LGALS3;EIF1;RPS27;GAPDH;RPL30;RPL37;KTN1;RPL41;PTMA;RPL10A;RPL21;EEF1A1;FTH1;WFDC2;FOSB;RPL12;B2M;TMSB4X;RPL15;CALM2;ACTG1;RARRES1;ITPR2;CALM1;ATP1B1;DSTN;CD9;MUC16;KRT7;CFTR,"[4, 42, 166, 996, 1102, 1151, 1219, 1299, 1486, 1542, 1580, 2279, 2297, 2336, 2405, 2451, 2583, 2683, 2707, 2741, 2918, 3009, 3066, 3110, 3161, 3204, 3240, 3274, 3341, 3464, 3478, 3513, 3549, 3907, 3938, 4056, 4125, 4202, 4212, 4220, 4340, 4464, 4465, 4601, 4603, 4699, 4800, 4803, 4864, 4925, 5044, 5081, 5168, 5294, 5472, 5556, 5562, 5574, 5753, 5812, 6030, 6213, 6556, 6566, 7036, 7111, 7173, 7718, 7728, 7784, 7914, 8419, 8759, 8993, 10085, 10877, 11600, 12374, 12687, 13283, 13412, 13724, 15173, 16359, 16393, 17465]",Tabula_Sapiens__Salivary Gland-ionocyte
Tabula_Sapiens,Salivary Gland-pericyte Cell,prerank,0.4835382132654435,1.9143397779592994,0.0,2.811925816941221e-05,0.005,52_85,52/85,29.01%,SLPI;MT2A;CEBPD;GADD45B;IFITM3;HSP90AA1;FOS;S100A6;VIM;IGFBP5;ZFP36;RPL36;RPS19;JUN;ADIRF;RPS15;TIMP3;RPS16;LGALS1;TPT1;RPLP1;FTL;RPL34;RPL18;RPLP2;RPL9;RPS8;RPL18A;RPS3;RPS28;RPL13A;RPL37A;ADAMTS1;RPL8;RPS11;RPL28;RPL35A;RPS24;RPL6;RPS6;RPS27A;RPL3;RPS14;RPL7A;RPL29;RPS18;RPL32;RPL19;RPS13;RPS9;RPL11;MYL6,SLPI;MT2A;CEBPD;GADD45B;IFITM3;HSP90AA1;FOS;S100A6;VIM;IGFBP5;ZFP36;RPL36;RPS19;JUN;ADIRF;RPS15;TIMP3;RPS16;LGALS1;TPT1;RPLP1;FTL;RPL34;RPL18;RPLP2;RPL9;RPS8;RPL18A;RPS3;RPS28;RPL13A;RPL37A;ADAMTS1;RPL8;RPS11;RPL28;RPL35A;RPS24;RPL6;RPS6;RPS27A;RPL3;RPS14;RPL7A;RPL29;RPS18;RPL32;RPL19;RPS13;RPS9;RPL11;MYL6;RPS4X;RPS2;EIF1;RPS27;RPL30;RPL5;CALD1;RPL37;CST3;RPL41;RPS23;TPM2;PTMA;RPL10A;RPL21;EEF1A1;FTH1;A2M;FOSB;SPARCL1;RPL12;B2M;TMSB4X;MGP;LPP;IGFBP7;ACTG1;DSTN;TPM1;MYL9;MYH11;TAGLN;ACTA2,"[42, 145, 312, 762, 970, 996, 1219, 1299, 1399, 1810, 1852, 2297, 2336, 2405, 2504, 2583, 2602, 2683, 2686, 2707, 2741, 3009, 3066, 3110, 3161, 3204, 3240, 3274, 3341, 3464, 3478, 3513, 3516, 3549, 3907, 3938, 4202, 4212, 4220, 4340, 4464, 4465, 4601, 4603, 4699, 4800, 4803, 4864, 4883, 4925, 5044, 5081, 5294, 5472, 5574, 5753, 6030, 6075, 6176, 6213, 6273, 6566, 6735, 6931, 7036, 7111, 7173, 7718, 7728, 7759, 7914, 7992, 8419, 8759, 8993, 9257, 9547, 11361, 11600, 13724, 14533, 16189, 16634, 16652, 17447]",Tabula_Sapiens__Salivary Gland-pericyte Cell
Tabula_Sapiens,Lung-myofibroblast Cell,prerank,0.4809520418455579,1.9206546001697062,0.0,2.8188860293593923e-05,0.005,59_90,59/90,30.63%,MT2A;MT1G;CLU;IFITM3;IGFBP6;S100A6;RGCC;VIM;TIMP1;S100A10;PTGDS;RPL36;RPS19;ADIRF;RPS15;TIMP3;RPS16;LGALS1;TPT1;RPLP1;FTL;RPL34;RPL18;RPLP2;RPL9;RPS8;RPL18A;RPS3;RPL13A;RPL37A;RPL8;TMSB10;CD81;APOE;RPS11;RPL28;RPL14;RPL35A;RPS24;RPS6;RPS27A;RPL3;RPS7;RPS3A;RPS14;RPL7A;RPL29;RPS18;RPL32;RPL19;RPS13;RPS9;RPL11;ANXA1;MYL6;NACA;RPS4X;RPL39;FAU,MT2A;MT1G;CLU;IFITM3;IGFBP6;S100A6;RGCC;VIM;TIMP1;S100A10;PTGDS;RPL36;RPS19;ADIRF;RPS15;TIMP3;RPS16;LGALS1;TPT1;RPLP1;FTL;RPL34;RPL18;RPLP2;RPL9;RPS8;RPL18A;RPS3;RPL13A;RPL37A;RPL8;TMSB10;CD81;APOE;RPS11;RPL28;RPL14;RPL35A;RPS24;RPS6;RPS27A;RPL3;RPS7;RPS3A;RPS14;RPL7A;RPL29;RPS18;RPL32;RPL19;RPS13;RPS9;RPL11;ANXA1;MYL6;NACA;RPS4X;RPL39;FAU;RPS2;EIF1;TXNIP;RPS27;RPS15A;RPL30;RPL5;RPL37;CST3;RPL41;RPS23;PTMA;RPL21;EEF1A1;FTH1;SPARCL1;RPL12;B2M;TMSB4X;MYL12B;MGP;RPL15;CALM2;GPM6B;ITM2B;ACTG1;S100B;CD9;PLP1;TAGLN;ACTA2,"[145, 165, 751, 970, 1105, 1299, 1356, 1399, 1515, 1551, 1932, 2297, 2336, 2504, 2583, 2602, 2683, 2686, 2707, 2741, 3009, 3066, 3110, 3161, 3204, 3240, 3274, 3341, 3478, 3513, 3549, 3661, 3757, 3783, 3907, 3938, 4093, 4202, 4212, 4340, 4464, 4465, 4486, 4491, 4601, 4603, 4699, 4800, 4803, 4864, 4883, 4925, 5044, 5053, 5081, 5174, 5294, 5363, 5365, 5472, 5574, 5739, 5753, 5993, 6030, 6075, 6213, 6273, 6566, 6735, 7036, 7173, 7718, 7728, 7992, 8419, 8759, 8993, 9029, 9257, 10085, 10877, 10948, 11214, 11600, 14438, 15173, 15345, 16652, 17447]",Tabula_Sapiens__Lung-myofibroblast Cell
Tabula_Sapiens,Pancreas-fibroblast,prerank,0.48385001834795377,1.9223252410767717,0.0,2.8258807837746763e-05,0.005,33_85,33/85,14.86%,MT2A;CEBPD;FBLN1;MT1X;CEBPB;C3;CCL2;NID1;PDGFRB;ADH1B;IFITM3;AHNAK;FOS;S100A6;SFRP2;STEAP4;ZFP36L2;DCN;VIM;C1R;TIMP1;MCL1;COL6A2;NR2F1;IGFBP5;CRISPLD2;ZFP36;SERPINE1;COL6A1;COL1A2;EMILIN1;APOD;TIMP3,MT2A;CEBPD;FBLN1;MT1X;CEBPB;C3;CCL2;NID1;PDGFRB;ADH1B;IFITM3;AHNAK;FOS;S100A6;SFRP2;STEAP4;ZFP36L2;DCN;VIM;C1R;TIMP1;MCL1;COL6A2;NR2F1;IGFBP5;CRISPLD2;ZFP36;SERPINE1;COL6A1;COL1A2;EMILIN1;APOD;TIMP3;C1S;COL1A1;IGFBP4;NFIB;ADAMTS1;STAT3;EDNRB;GSN;IL6ST;TXNIP;CALD1;NNMT;RPL41;MFGE8;COL15A1;HNRNPA2B1;LAMC1;EEF1A1;FTH1;A2M;SPARCL1;GPX3;LAMA2;COL4A2;NAMPT;MGP;DDX5;COL6A3;DDX17;PDGFRA;THBS1;IGFBP7;CLPS;ACTG1;SLC20A1;COL4A1;HNRNPU;VMP1;NR4A1;SON;KLF9;MMP2;FGF7;DST;COL3A1;CCDC80;IGF1;LAMB1;EGR3;SVEP1;EGR1;LIMA1,"[145, 312, 317, 318, 464, 554, 636, 637, 646, 648, 970, 1208, 1219, 1299, 1343, 1358, 1382, 1395, 1399, 1505, 1515, 1560, 1579, 1699, 1810, 1826, 1852, 1969, 2004, 2167, 2457, 2562, 2602, 3007, 3083, 3331, 3509, 3516, 3562, 4666, 5373, 5726, 5739, 6176, 6420, 6566, 7133, 7145, 7364, 7583, 7718, 7728, 7759, 7992, 7997, 8134, 8521, 9148, 9257, 9867, 9939, 10498, 10756, 10764, 11361, 11494, 11600, 11619, 11830, 12398, 12668, 12865, 13048, 13542, 14153, 14280, 15276, 15835, 16375, 16385, 16466, 16690, 16870, 17016, 17203]",Tabula_Sapiens__Pancreas-fibroblast
Tabula_Sapiens,Heart-cardiac Muscle Cell,prerank,0.48154922795611493,1.9244436107004026,0.0,2.8329103379631705e-05,0.005,57_86,57/86,30.63%,HSPB1;MYL4;HSP90AA1;RPS21;SERF2;RPL36;MYL7;RPS19;HSP90AB1;RPS15;MYL3;RPS16;TPT1;RPLP1;RPL34;RPL18;RPLP2;RPL9;RPS8;RPL18A;RPS3;RPS26;RPS28;RPL37A;RPL8;COX7C;RPL27;RPL28;RPL38;TNNI1;RPS29;RPL35;RPL35A;RPS24;RPL6;ENO1;TNNT2;RPS6;RPS27A;RPL3;RPS7;RPS3A;RPS14;RPL7A;RPL29;RPS18;RPL32;RPL19;RPS13;RPS9;RPL11;GNAS;MYL6;COX5B;RPS4X;RPL39;FAU,HSPB1;MYL4;HSP90AA1;RPS21;SERF2;RPL36;MYL7;RPS19;HSP90AB1;RPS15;MYL3;RPS16;TPT1;RPLP1;RPL34;RPL18;RPLP2;RPL9;RPS8;RPL18A;RPS3;RPS26;RPS28;RPL37A;RPL8;COX7C;RPL27;RPL28;RPL38;TNNI1;RPS29;RPL35;RPL35A;RPS24;RPL6;ENO1;TNNT2;RPS6;RPS27A;RPL3;RPS7;RPS3A;RPS14;RPL7A;RPL29;RPS18;RPL32;RPL19;RPS13;RPS9;RPL11;GNAS;MYL6;COX5B;RPS4X;RPL39;FAU;RPS2;SRP14;RPS27;GAPDH;RPS15A;RPL30;RPL5;RPL37;COX6B1;RPL41;RPS23;TPI1;PRDX2;RPL21;NPPB;NDUFA4;MDK;EEF1A1;RPL12;LDHA;MYH6;RPL15;COX7B;SLC25A3;TPM1;ACTC1;MYL9;TAGLN;RPL26,"[4, 552, 996, 1679, 2068, 2297, 2324, 2336, 2454, 2583, 2682, 2683, 2707, 2741, 3066, 3110, 3161, 3204, 3240, 3274, 3341, 3446, 3464, 3513, 3549, 3856, 3894, 3938, 3947, 4037, 4056, 4163, 4202, 4212, 4220, 4248, 4289, 4340, 4464, 4465, 4486, 4491, 4601, 4603, 4699, 4800, 4803, 4864, 4883, 4925, 5044, 5066, 5081, 5276, 5294, 5363, 5365, 5472, 5729, 5753, 5812, 5993, 6030, 6075, 6213, 6529, 6566, 6735, 7148, 7162, 7173, 7186, 7461, 7521, 7718, 8419, 9695, 9843, 10085, 10672, 11630, 14533, 16182, 16189, 16652, 16730]",Tabula_Sapiens__Heart-cardiac Muscle Cell
Tabula_Sapiens,Blood-platelet,prerank,0.4838300973686364,1.925588061706095,0.0,2.8399749522723052e-05,0.005,48_87,48/87,29.22%,PPBP;S100A8;PTCRA;F13A1;CLU;S100A9;TIMP1;TAGLN2;GNG11;SERF2;RPS19;PLEK;RUFY1;GPX1;RPS15;TPT1;TREML1;RPLP1;ARHGDIB;SH3BGRL3;HLA-E;ITGA2B;FTL;TLN1;OAZ1;RPS8;HLA-B;RPL18A;RPS3;MYL12A;RPS28;RPL37A;RGS18;TSC22D1;RPL28;RPS24;RPS6;RPS27A;RPS3A;OST4;RPL7A;RPS18;RPL32;RPL19;GNAS;MYL6;ACRBP;GPX4,PPBP;S100A8;PTCRA;F13A1;CLU;S100A9;TIMP1;TAGLN2;GNG11;SERF2;RPS19;PLEK;RUFY1;GPX1;RPS15;TPT1;TREML1;RPLP1;ARHGDIB;SH3BGRL3;HLA-E;ITGA2B;FTL;TLN1;OAZ1;RPS8;HLA-B;RPL18A;RPS3;MYL12A;RPS28;RPL37A;RGS18;TSC22D1;RPL28;RPS24;RPS6;RPS27A;RPS3A;OST4;RPL7A;RPS18;RPL32;RPL19;GNAS;MYL6;ACRBP;GPX4;RPS4X;RPS2;EIF1;RGS10;RPS27;GAPDH;PFN1;RPS15A;RPL37;RPLP0;PRKAR2B;RPL41;RPS23;HLA-A;PTMA;NAP1L1;EEF1A1;FTH1;YWHAH;TUBA4A;NRGN;PF4;RPL12;TPM3;PPDPF;B2M;TMSB4X;LIMS1;RPL15;ITM2B;TPM4;ACTG1;RAP1B;VCL;HMGB1;CALM3;KIF2A;MYL9;CMTM5,"[65, 157, 509, 631, 751, 820, 1515, 1537, 1851, 2068, 2336, 2474, 2520, 2540, 2583, 2707, 2719, 2741, 2742, 2777, 2908, 2928, 3009, 3068, 3070, 3240, 3273, 3274, 3341, 3359, 3464, 3513, 3611, 3795, 3938, 4212, 4340, 4464, 4491, 4582, 4603, 4800, 4803, 4864, 5066, 5081, 5091, 5118, 5294, 5472, 5574, 5578, 5753, 5812, 5977, 5993, 6213, 6265, 6516, 6566, 6735, 7026, 7036, 7238, 7718, 7728, 7842, 8107, 8205, 8298, 8419, 8503, 8669, 8759, 8993, 9243, 10085, 11214, 11539, 11600, 12286, 12508, 12555, 12877, 15450, 16189, 17194]",Tabula_Sapiens__Blood-platelet
Tabula_Sapiens,Fat-myofibroblast Cell,prerank,0.47401541602965824,1.8955260335288087,0.0,3.2248421080211816e-05,0.005,56_89,56/89,29.01%,HSPA1A;MT1M;MT2A;S100A4;MT1E;CEBPD;GADD45B;HSP90AA1;FOS;S100A6;STEAP4;VIM;RPS21;IGFBP5;RPS19;HSP90AB1;ADIRF;TIMP3;RPS16;LGALS1;TPT1;RPLP1;RPL34;RPL18;RPLP2;RPL9;RPS8;RPL18A;RPS3;RPS28;RPL13A;RPL37A;ADAMTS1;RPL8;RPS11;RPL14;RPL35A;RPS24;RPL6;RPS6;RPS27A;RPL3;RPS7;RPS3A;RPS14;RPL7A;RPL29;RPL23A;RPS18;RPL32;RPL19;RPS13;RPS9;RPL27A;RPL11;MYL6,HSPA1A;MT1M;MT2A;S100A4;MT1E;CEBPD;GADD45B;HSP90AA1;FOS;S100A6;STEAP4;VIM;RPS21;IGFBP5;RPS19;HSP90AB1;ADIRF;TIMP3;RPS16;LGALS1;TPT1;RPLP1;RPL34;RPL18;RPLP2;RPL9;RPS8;RPL18A;RPS3;RPS28;RPL13A;RPL37A;ADAMTS1;RPL8;RPS11;RPL14;RPL35A;RPS24;RPL6;RPS6;RPS27A;RPL3;RPS7;RPS3A;RPS14;RPL7A;RPL29;RPL23A;RPS18;RPL32;RPL19;RPS13;RPS9;RPL27A;RPL11;MYL6;RPS4X;RPL39;FAU;RPS2;EIF1;RPS27;RPL30;RPL5;CALD1;RPL37;RPL41;RPS23;TPM2;PTMA;RPL10A;RPL21;EEF1A1;FTH1;SPARCL1;RPL12;TMSB4X;FABP4;RPL15;IGFBP7;ACTG1;DSTN;TPM1;RGS5;MYL9;MYH11;TAGLN;EGR1;ACTA2,"[2, 126, 145, 245, 308, 312, 762, 996, 1219, 1299, 1358, 1399, 1679, 1810, 2336, 2454, 2504, 2602, 2683, 2686, 2707, 2741, 3066, 3110, 3161, 3204, 3240, 3274, 3341, 3464, 3478, 3513, 3516, 3549, 3907, 4093, 4202, 4212, 4220, 4340, 4464, 4465, 4486, 4491, 4601, 4603, 4699, 4751, 4800, 4803, 4864, 4883, 4925, 5032, 5044, 5081, 5294, 5363, 5365, 5472, 5574, 5753, 6030, 6075, 6176, 6213, 6566, 6735, 6931, 7036, 7111, 7173, 7718, 7728, 7992, 8419, 8993, 9876, 10085, 11361, 11600, 13724, 14533, 16120, 16189, 16634, 16652, 17016, 17447]",Tabula_Sapiens__Fat-myofibroblast Cell
Tabula_Sapiens,Pancreas-pancreatic Beta Cell,prerank,0.4767375911397417,1.8974184552079785,0.0,3.23268843918425e-05,0.005,60_83,60/83,31.82%,RPS21;SERF2;RPL36;RPS19;HSP90AB1;RPS15;CHGA;RPS16;TPT1;RPLP1;FTL;RPL34;CD63;RPL18;RPLP2;RPL9;RPS8;RPL18A;RPS3;RPS28;RPL13A;RPL37A;RPL8;RPS5;RPS11;RPL28;RPL38;RPS29;RPL14;RPL35;RPL35A;RPS24;RPL6;RPS6;RPS27A;RPL3;RPS7;RPS3A;RPS25;RPS14;RPL7A;CPE;RPL29;RPL23A;RPS18;RPL32;RPL19;RPS13;RPS9;PFDN5;RPSA;RPL27A;RPL11;GNAS;NACA;RPS4X;RPL39;FAU;RPS2;EIF1,RPS21;SERF2;RPL36;RPS19;HSP90AB1;RPS15;CHGA;RPS16;TPT1;RPLP1;FTL;RPL34;CD63;RPL18;RPLP2;RPL9;RPS8;RPL18A;RPS3;RPS28;RPL13A;RPL37A;RPL8;RPS5;RPS11;RPL28;RPL38;RPS29;RPL14;RPL35;RPL35A;RPS24;RPL6;RPS6;RPS27A;RPL3;RPS7;RPS3A;RPS25;RPS14;RPL7A;CPE;RPL29;RPL23A;RPS18;RPL32;RPL19;RPS13;RPS9;PFDN5;RPSA;RPL27A;RPL11;GNAS;NACA;RPS4X;RPL39;FAU;RPS2;EIF1;RPS27;RPS15A;RPL30;RPL5;RPL37;RPL41;RPS23;SSR4;RPL10A;RPL21;EEF1A1;FTH1;RPL12;SEC11C;B2M;PCSK1N;RPL15;PEBP1;SCG5;CALM1;TTR;CHGB;SST,"[1679, 2068, 2297, 2336, 2454, 2583, 2611, 2683, 2707, 2741, 3009, 3066, 3076, 3110, 3161, 3204, 3240, 3274, 3341, 3464, 3478, 3513, 3549, 3685, 3907, 3938, 3947, 4056, 4093, 4163, 4202, 4212, 4220, 4340, 4464, 4465, 4486, 4491, 4542, 4601, 4603, 4663, 4699, 4751, 4800, 4803, 4864, 4883, 4925, 5007, 5014, 5032, 5044, 5066, 5174, 5294, 5363, 5365, 5472, 5574, 5753, 5993, 6030, 6075, 6213, 6566, 6735, 6863, 7111, 7173, 7718, 7728, 8419, 8448, 8759, 9597, 10085, 10690, 12003, 13283, 15340, 16056, 17376]",Tabula_Sapiens__Pancreas-pancreatic Beta Cell
Tabula_Sapiens,Pancreas-pancreatic Acinar Cell,prerank,0.4877018654013249,1.8979333312542093,0.0,3.24057304513348e-05,0.005,54_79,54/79,28.80%,KLK1;CEL;CTRL;CTRC;RPS21;PLA2G1B;CTRB1;RPL36;CPA1;RPS19;RPS15;RPS16;TPT1;RPLP1;FTL;RPL34;RPL18;RPLP2;RPL9;RPS8;RPL18A;PRSS3;RPS3;RPS28;RPL13A;RPL37A;RPL8;CPA2;RPS5;RPS11;RPL38;RPS29;RPL14;P4HB;RPL35;RPL35A;RPS24;RPL6;RPS6;RPS27A;RPL3;RPS7;RPS3A;RPS14;RPL7A;RPL29;RPS18;RPL32;UBA52;RPL19;RPS13;RPS9;RPSA;RPL11,KLK1;CEL;CTRL;CTRC;RPS21;PLA2G1B;CTRB1;RPL36;CPA1;RPS19;RPS15;RPS16;TPT1;RPLP1;FTL;RPL34;RPL18;RPLP2;RPL9;RPS8;RPL18A;PRSS3;RPS3;RPS28;RPL13A;RPL37A;RPL8;CPA2;RPS5;RPS11;RPL38;RPS29;RPL14;P4HB;RPL35;RPL35A;RPS24;RPL6;RPS6;RPS27A;RPL3;RPS7;RPS3A;RPS14;RPL7A;RPL29;RPS18;RPL32;UBA52;RPL19;RPS13;RPS9;RPSA;RPL11;RPS4X;RPL39;CTRB2;RPS2;RPS27;RPS15A;RPL30;RPL5;RPL37;RPLP0;RPL41;RPS23;GATM;RPL21;CELA2A;EEF1A1;FTH1;RPL12;EEF2;CLPS;AMY2B;CELA2B;RNASE1;CPB1;AMY2A,"[35, 336, 796, 1430, 1679, 1708, 1748, 2297, 2328, 2336, 2583, 2683, 2707, 2741, 3009, 3066, 3110, 3161, 3204, 3240, 3274, 3321, 3341, 3464, 3478, 3513, 3549, 3572, 3685, 3907, 3947, 4056, 4093, 4151, 4163, 4202, 4212, 4220, 4340, 4464, 4465, 4486, 4491, 4601, 4603, 4699, 4800, 4803, 4863, 4864, 4883, 4925, 5014, 5044, 5294, 5363, 5455, 5472, 5753, 5993, 6030, 6075, 6213, 6265, 6566, 6735, 6961, 7173, 7550, 7718, 7728, 8419, 9092, 11494, 13615, 13723, 16286, 17308, 17417]",Tabula_Sapiens__Pancreas-pancreatic Acinar Cell
Tabula_Sapiens,Bladder-pericyte Cell,prerank,0.4820572811866703,1.9043035128865775,0.0,3.248496206613024e-05,0.005,54_88,54/88,29.01%,MT1M;MT2A;SOCS3;CEBPD;MT1X;YBX3;CCL2;GADD45B;KLF2;FOS;S100A6;VIM;TIMP1;IGFBP5;ZFP36;RPS19;JUN;ADIRF;RPS16;LGALS1;TPT1;RPLP1;FTL;JUND;RPL34;CD63;RPL18;RPL9;RPS8;RPL18A;RPS3;RPL13A;RPL37A;ADAMTS1;RPL8;RPL28;RPL14;RPL35A;RPS24;RPS6;RPS27A;RPL3;RPS7;RPS3A;RPS14;RPL7A;RPL29;RPS18;RPL32;RPL19;RPS13;RPS9;RPL11;MYL6,MT1M;MT2A;SOCS3;CEBPD;MT1X;YBX3;CCL2;GADD45B;KLF2;FOS;S100A6;VIM;TIMP1;IGFBP5;ZFP36;RPS19;JUN;ADIRF;RPS16;LGALS1;TPT1;RPLP1;FTL;JUND;RPL34;CD63;RPL18;RPL9;RPS8;RPL18A;RPS3;RPL13A;RPL37A;ADAMTS1;RPL8;RPL28;RPL14;RPL35A;RPS24;RPS6;RPS27A;RPL3;RPS7;RPS3A;RPS14;RPL7A;RPL29;RPS18;RPL32;RPL19;RPS13;RPS9;RPL11;MYL6;NACA;RPS4X;FAU;RPS2;EIF1;RPS27;GAPDH;RPL30;RPL5;CALD1;RPL41;RPS23;FLNA;TPM2;PTMA;RPL10A;RPL21;EEF1A1;FTH1;SPARCL1;RPL12;B2M;TMSB4X;MGP;RPL15;IGFBP7;ACTG1;DSTN;TPM1;RGS5;MYL9;MYH11;TAGLN;ACTA2,"[126, 145, 158, 312, 318, 466, 636, 762, 811, 1219, 1299, 1399, 1515, 1810, 1852, 2336, 2405, 2504, 2683, 2686, 2707, 2741, 3009, 3051, 3066, 3076, 3110, 3204, 3240, 3274, 3341, 3478, 3513, 3516, 3549, 3938, 4093, 4202, 4212, 4340, 4464, 4465, 4486, 4491, 4601, 4603, 4699, 4800, 4803, 4864, 4883, 4925, 5044, 5081, 5174, 5294, 5365, 5472, 5574, 5753, 5812, 6030, 6075, 6176, 6566, 6735, 6813, 6931, 7036, 7111, 7173, 7718, 7728, 7992, 8419, 8759, 8993, 9257, 10085, 11361, 11600, 13724, 14533, 16120, 16189, 16634, 16652, 17447]",Tabula_Sapiens__Bladder-pericyte Cell
Tabula_Sapiens,Tongue-basal Cell,prerank,0.47722481035220365,1.8928294057784276,0.0,3.676610026993364e-05,0.005,56_81,56/81,28.85%,HSPB1;S100A7;S100A8;KRTDAP;S100A9;PERP;HSP90AA1;S100A11;AHNAK;PI3;ANXA2;RHCG;EMP1;RPS21;S100A2;IER3;RPL36;RPS19;HSP90AB1;RPS15;RPS16;CSTB;TPT1;RPLP1;GSTP1;RPL34;RPL18;RPLP2;CSTA;KRT16;RPS8;RPL18A;RPS3;RPS28;RPL13A;RPL37A;RPL8;KRT13;RPS11;RPL28;RPL35A;RPS24;RPL6;RPS6;RPS27A;RPL3;RPS3A;RPS14;RPL7A;RPL29;RPS18;RPL32;RPL19;RPS9;RPL11;ANXA1,HSPB1;S100A7;S100A8;KRTDAP;S100A9;PERP;HSP90AA1;S100A11;AHNAK;PI3;ANXA2;RHCG;EMP1;RPS21;S100A2;IER3;RPL36;RPS19;HSP90AB1;RPS15;RPS16;CSTB;TPT1;RPLP1;GSTP1;RPL34;RPL18;RPLP2;CSTA;KRT16;RPS8;RPL18A;RPS3;RPS28;RPL13A;RPL37A;RPL8;KRT13;RPS11;RPL28;RPL35A;RPS24;RPL6;RPS6;RPS27A;RPL3;RPS3A;RPS14;RPL7A;RPL29;RPS18;RPL32;RPL19;RPS9;RPL11;ANXA1;RPS4X;RPL39;RPS2;RPS27;GAPDH;RPS15A;RPL30;RPL37;RPL41;RPS23;CNFN;PTMA;RPL10A;EEF1A1;RPL12;ACTG1;VMP1;LY6D;SBSN;FABP5;DST;TACSTD2;KRT5;SPINK5;DSG3,"[4, 87, 157, 492, 820, 937, 996, 1102, 1208, 1416, 1542, 1626, 1664, 1679, 1766, 2252, 2297, 2336, 2454, 2583, 2683, 2706, 2707, 2741, 2918, 3066, 3110, 3161, 3234, 3235, 3240, 3274, 3341, 3464, 3478, 3513, 3549, 3883, 3907, 3938, 4202, 4212, 4220, 4340, 4464, 4465, 4491, 4601, 4603, 4699, 4800, 4803, 4864, 4925, 5044, 5053, 5294, 5363, 5472, 5753, 5812, 5993, 6030, 6213, 6566, 6735, 6833, 7036, 7111, 7718, 8419, 11600, 12668, 13807, 14412, 14946, 15276, 17189, 17270, 17287, 17348]",Tabula_Sapiens__Tongue-basal Cell
Tabula_Sapiens,Uterus-vascular Associated Smooth Muscle Cell,prerank,0.46670727152506886,1.8676098096141076,0.0,5.006846328726275e-05,0.007,56_90,56/90,30.63%,HSPB1;MT1A;MT2A;S100A4;CEBPD;MT1X;NFKBIA;GADD45B;S100A6;VIM;RPS21;PDK4;IER3;RPS19;ADIRF;RPS15;RPS16;TPT1;RPLP1;FTL;JUND;RPL34;RPL18;RPLP2;RPL9;RPS8;RPL18A;RPS3;RPS28;RPL13A;RPL37A;RPL8;RPL14;RPL35A;RPS24;RPL6;RPS6;RPS27A;RPL3;RPS7;RPS3A;RPS14;RPL7A;RPL29;RPL23A;RPS18;RPL32;RPL19;RPS13;RPS9;RPL11;MYL6;NACA;RPS4X;RPL39;FAU,HSPB1;MT1A;MT2A;S100A4;CEBPD;MT1X;NFKBIA;GADD45B;S100A6;VIM;RPS21;PDK4;IER3;RPS19;ADIRF;RPS15;RPS16;TPT1;RPLP1;FTL;JUND;RPL34;RPL18;RPLP2;RPL9;RPS8;RPL18A;RPS3;RPS28;RPL13A;RPL37A;RPL8;RPL14;RPL35A;RPS24;RPL6;RPS6;RPS27A;RPL3;RPS7;RPS3A;RPS14;RPL7A;RPL29;RPL23A;RPS18;RPL32;RPL19;RPS13;RPS9;RPL11;MYL6;NACA;RPS4X;RPL39;FAU;RPS2;EIF1;RPS27;GAPDH;RPS15A;RPL30;RPL5;CALD1;RPL37;RPL41;RPS23;TPM2;PTMA;RPL10A;RPL21;EEF1A1;FTH1;SPARCL1;RPL12;B2M;TMSB4X;MGP;SOD2;LDHA;RPL15;IGFBP7;ACTG1;DSTN;TPM1;MYL9;MYH11;TAGLN;RPL26;ACTA2,"[4, 138, 145, 245, 312, 318, 438, 762, 1299, 1399, 1679, 2104, 2252, 2336, 2504, 2583, 2683, 2707, 2741, 3009, 3051, 3066, 3110, 3161, 3204, 3240, 3274, 3341, 3464, 3478, 3513, 3549, 4093, 4202, 4212, 4220, 4340, 4464, 4465, 4486, 4491, 4601, 4603, 4699, 4751, 4800, 4803, 4864, 4883, 4925, 5044, 5081, 5174, 5294, 5363, 5365, 5472, 5574, 5753, 5812, 5993, 6030, 6075, 6176, 6213, 6566, 6735, 6931, 7036, 7111, 7173, 7718, 7728, 7992, 8419, 8759, 8993, 9257, 9365, 9695, 10085, 11361, 11600, 13724, 14533, 16189, 16634, 16652, 16730, 17447]",Tabula_Sapiens__Uterus-vascular Associated Smooth Muscle Cell
Tabula_Sapiens,Eye-retina Horizontal Cell,prerank,0.47075672706681765,1.8742367623866283,0.001953125,5.0188820170164824e-05,0.007,62_88,62/88,31.15%,CRABP1;RCVRN;HSP90AA1;UNC119;VIM;PTMS;ROM1;RPL36;RPS19;RPS15;RPS16;TPT1;RPLP1;GLUL;FTL;RPL34;RPL18;RPL9;RPS8;RPL18A;RPS3;PDE6A;RPS28;RPL13A;RPL37A;RPL8;YBX1;RPS5;RPS11;RPL28;RPL38;RPS29;RPL14;RPL35A;RPS24;RPL6;RPS6;RPS27A;RPL3;RPS7;RPS3A;RPS25;AIPL1;RPS14;RPL7A;RPL23A;RPS18;RPL32;RPL19;RPS13;RPS9;RPSA;UQCRH;RPL27A;RPL11;GNAS;MYL6;NACA;RPS4X;FAU;UBB;GNAT1,CRABP1;RCVRN;HSP90AA1;UNC119;VIM;PTMS;ROM1;RPL36;RPS19;RPS15;RPS16;TPT1;RPLP1;GLUL;FTL;RPL34;RPL18;RPL9;RPS8;RPL18A;RPS3;PDE6A;RPS28;RPL13A;RPL37A;RPL8;YBX1;RPS5;RPS11;RPL28;RPL38;RPS29;RPL14;RPL35A;RPS24;RPL6;RPS6;RPS27A;RPL3;RPS7;RPS3A;RPS25;AIPL1;RPS14;RPL7A;RPL23A;RPS18;RPL32;RPL19;RPS13;RPS9;RPSA;UQCRH;RPL27A;RPL11;GNAS;MYL6;NACA;RPS4X;FAU;UBB;GNAT1;SRP14;RPS27;GAPDH;RPL30;RPL41;RPS23;PTMA;PKM;RPL21;NDUFA4;EEF1A1;FTH1;GPX3;RPL12;ENO2;VAMP2;RPL15;GNB1;PEBP1;CHCHD2;NRL;CNTNAP2;HMGN1;RHO;RPL26;PCP4,"[181, 261, 996, 1131, 1399, 1530, 1693, 2297, 2336, 2583, 2683, 2707, 2741, 2868, 3009, 3066, 3110, 3204, 3240, 3274, 3341, 3452, 3464, 3478, 3513, 3549, 3681, 3685, 3907, 3938, 3947, 4056, 4093, 4202, 4212, 4220, 4340, 4464, 4465, 4486, 4491, 4542, 4590, 4601, 4603, 4751, 4800, 4803, 4864, 4883, 4925, 5014, 5030, 5032, 5044, 5066, 5081, 5174, 5294, 5365, 5432, 5456, 5729, 5753, 5812, 6030, 6566, 6735, 7036, 7140, 7173, 7461, 7718, 7728, 7997, 8419, 8733, 9795, 10085, 10493, 10690, 11235, 14710, 15696, 15902, 16416, 16730, 17145]",Tabula_Sapiens__Eye-retina Horizontal Cell
Tabula_Sapiens,Eye-retinal Ganglion Cell,prerank,0.4683456655791054,1.8776285972264788,0.0,5.030975708623751e-05,0.007,50_85,50/85,27.88%,TCAP;TNNI2;YBX3;CKM;TNNT3;CRYAB;S100A6;COX6A2;ENO3;SERF2;RPL36;TRDN;ACTA1;RPS15;RPS16;TPT1;RPLP1;TNNC2;RPL34;RPLP2;RPL9;RPS8;RPL18A;RPS28;RPL13A;RPL37A;RPL8;YBX1;COX7C;RPS11;RPL38;RPS29;RPL14;RPS20;RPL35;RPL35A;RPS24;RPL6;COX17;RPS6;RPS3A;RPS25;RPS14;RPL29;UQCR11;RPS18;RPL32;UBA52;RPL19;RPS13,TCAP;TNNI2;YBX3;CKM;TNNT3;CRYAB;S100A6;COX6A2;ENO3;SERF2;RPL36;TRDN;ACTA1;RPS15;RPS16;TPT1;RPLP1;TNNC2;RPL34;RPLP2;RPL9;RPS8;RPL18A;RPS28;RPL13A;RPL37A;RPL8;YBX1;COX7C;RPS11;RPL38;RPS29;RPL14;RPS20;RPL35;RPL35A;RPS24;RPL6;COX17;RPS6;RPS3A;RPS25;RPS14;RPL29;UQCR11;RPS18;RPL32;UBA52;RPL19;RPS13;RPL11;COX5B;RPS4X;RPL39;RPS2;EIF1;RPS27;GAPDH;RPS15A;RPL30;RPL37;COX7A1;RPL41;COX6C;RPS23;TPM2;RPL21;NDUFA4;UQCRB;EEF1A1;FTH1;RPL12;NDUFB1;SLC25A4;RPL15;COX7B;MB;CMYA5;CALM1;TPM1;ANKRD1;KLHL41;ACTC1;RPL26;DES,"[40, 274, 466, 487, 947, 969, 1299, 1615, 1875, 2068, 2297, 2490, 2524, 2583, 2683, 2707, 2741, 3060, 3066, 3161, 3204, 3240, 3274, 3464, 3478, 3513, 3549, 3681, 3856, 3907, 3947, 4056, 4093, 4125, 4163, 4202, 4212, 4220, 4311, 4340, 4491, 4542, 4601, 4699, 4711, 4800, 4803, 4863, 4864, 4883, 5044, 5276, 5294, 5363, 5472, 5574, 5753, 5812, 5993, 6030, 6213, 6484, 6566, 6573, 6735, 6931, 7173, 7461, 7589, 7718, 7728, 8419, 8798, 9429, 10085, 10672, 11474, 12955, 13283, 14533, 14535, 15544, 16182, 16730, 17091]",Tabula_Sapiens__Eye-retinal Ganglion Cell
Tabula_Sapiens,Pancreas-pancreatic Ductal Cell,prerank,0.4818231747141516,1.8778919019295681,0.0,5.0431278238619724e-05,0.007,56_80,56/80,31.24%,KRT18;CEL;CCL2;CLU;HSP90AA1;CTRC;ANXA2;S100A10;KRT8;RPS21;PLA2G1B;CTRB1;RPL36;CPA1;RPS19;RPS15;RPS16;TPT1;RPLP1;RPL34;RPL18;RPLP2;RPL9;RPS8;RPL18A;RPS3;RPS28;RPL13A;RPL37A;RPL8;CPA2;RPS11;RPL28;RPS29;RPL35A;RPS24;RPL6;RPS6;RPS27A;RPL3;RPS7;RPS3A;RPS14;RPL7A;RPL29;RPS18;RPL32;RPL19;RPS13;RPS9;RPL11;MYL6;RPS4X;RPL39;CTRB2;RPS2,KRT18;CEL;CCL2;CLU;HSP90AA1;CTRC;ANXA2;S100A10;KRT8;RPS21;PLA2G1B;CTRB1;RPL36;CPA1;RPS19;RPS15;RPS16;TPT1;RPLP1;RPL34;RPL18;RPLP2;RPL9;RPS8;RPL18A;RPS3;RPS28;RPL13A;RPL37A;RPL8;CPA2;RPS11;RPL28;RPS29;RPL35A;RPS24;RPL6;RPS6;RPS27A;RPL3;RPS7;RPS3A;RPS14;RPL7A;RPL29;RPS18;RPL32;RPL19;RPS13;RPS9;RPL11;MYL6;RPS4X;RPL39;CTRB2;RPS2;RPS27;RPS15A;RPL30;RPL5;RPL37;RPL41;RPS23;PTMA;RPL21;CELA2A;EEF1A1;FTH1;RPL12;ANXA4;TMSB4X;RPL15;CLPS;ACTG1;SLC4A4;ATP1B1;CELA2B;TPM1;CPB1;CFTR,"[166, 336, 636, 751, 996, 1430, 1542, 1551, 1580, 1679, 1708, 1748, 2297, 2328, 2336, 2583, 2683, 2707, 2741, 3066, 3110, 3161, 3204, 3240, 3274, 3341, 3464, 3478, 3513, 3549, 3572, 3907, 3938, 4056, 4202, 4212, 4220, 4340, 4464, 4465, 4486, 4491, 4601, 4603, 4699, 4800, 4803, 4864, 4883, 4925, 5044, 5081, 5294, 5363, 5455, 5472, 5753, 5993, 6030, 6075, 6213, 6566, 6735, 7036, 7173, 7550, 7718, 7728, 8419, 8894, 8993, 10085, 11494, 11600, 13005, 13412, 13723, 14533, 17308, 17465]",Tabula_Sapiens__Pancreas-pancreatic Ductal Cell
Tabula_Sapiens,Lung-pulmonary Ionocyte,prerank,0.46805655521129236,1.8544666588251282,0.0,6.778749737269015e-05,0.01,57_85,57/85,33.18%,KRT18;CEL;HSP90AA1;S100A6;KRT8;SERF2;RARRES2;RPL36;RPS19;HSP90AB1;RPS15;TFF3;TPT1;RPLP1;GSTP1;RPL34;RPL18;RPL9;RPS8;HLA-B;RPS28;RPL13A;RPL37A;RPL8;TMSB10;RPS11;RPL28;RPL35A;RPS24;RPL6;RPS6;RPS27A;RPL3;RPS3A;RPS14;RPL7A;RPL29;RPS18;RPL32;RPL19;RPS9;HLA-C;RPL11;GNAS;MYL6;ATP6V0B;COX5B;RPS4X;FAU;UBB;RPS2;LGALS3;EIF1;SRP14;PRDX5;RPS27;GAPDH,KRT18;CEL;HSP90AA1;S100A6;KRT8;SERF2;RARRES2;RPL36;RPS19;HSP90AB1;RPS15;TFF3;TPT1;RPLP1;GSTP1;RPL34;RPL18;RPL9;RPS8;HLA-B;RPS28;RPL13A;RPL37A;RPL8;TMSB10;RPS11;RPL28;RPL35A;RPS24;RPL6;RPS6;RPS27A;RPL3;RPS3A;RPS14;RPL7A;RPL29;RPS18;RPL32;RPL19;RPS9;HLA-C;RPL11;GNAS;MYL6;ATP6V0B;COX5B;RPS4X;FAU;UBB;RPS2;LGALS3;EIF1;SRP14;PRDX5;RPS27;GAPDH;RPL30;RPL41;COX7A2;HLA-A;PTMA;NDUFA4;POSTN;EEF1A1;FTH1;PPIA;RPL12;SEC11C;PPDPF;B2M;TMSB4X;MYL12B;APLP2;DDX5;RPL15;CALM2;ARHGAP18;CHCHD2;ACTG1;CALM1;ATP1B1;CD9;IGF1;TMEM61,"[166, 336, 996, 1299, 1580, 2068, 2279, 2297, 2336, 2454, 2583, 2699, 2707, 2741, 2918, 3066, 3110, 3204, 3240, 3273, 3464, 3478, 3513, 3549, 3661, 3907, 3938, 4202, 4212, 4220, 4340, 4464, 4465, 4491, 4601, 4603, 4699, 4800, 4803, 4864, 4925, 5034, 5044, 5066, 5081, 5168, 5276, 5294, 5365, 5432, 5472, 5562, 5574, 5729, 5750, 5753, 5812, 6030, 6566, 6903, 7026, 7036, 7461, 7665, 7718, 7728, 8153, 8419, 8448, 8669, 8759, 8993, 9029, 9216, 9867, 10085, 10877, 10950, 11235, 11600, 13283, 13412, 15173, 16385, 17139]",Tabula_Sapiens__Lung-pulmonary Ionocyte
Tabula_Sapiens,Lung-lung Ciliated Cell,prerank,0.4695356922029737,1.8569321005294415,0.0,6.794928137596626e-05,0.01,57_82,57/82,31.82%,SLPI;CYP4B1;EZR;CLU;HSP90AA1;S100A11;KRT19;S100A6;SFTPB;ANXA2;BPIFB1;SERF2;RPS19;HSP90AB1;RPS15;RPS16;TPT1;RPLP1;GSTP1;SFTPC;FTL;RPL34;RPL18;RPL9;RPS8;RPS3;RPS28;RPL13A;RPL8;IGFBP2;DYNLL1;SCGB1A1;RPS11;RPL28;RPS24;HMGN3;RPS6;RPS27A;RPL3;RPS3A;RPS14;RPL7A;TUBB4B;RPL29;RPS18;RPL32;RPL19;RPS9;RPL11;MYL6;RPS4X;FAU;UBB;CIB1;RPS2;LGALS3;EIF1,SLPI;CYP4B1;EZR;CLU;HSP90AA1;S100A11;KRT19;S100A6;SFTPB;ANXA2;BPIFB1;SERF2;RPS19;HSP90AB1;RPS15;RPS16;TPT1;RPLP1;GSTP1;SFTPC;FTL;RPL34;RPL18;RPL9;RPS8;RPS3;RPS28;RPL13A;RPL8;IGFBP2;DYNLL1;SCGB1A1;RPS11;RPL28;RPS24;HMGN3;RPS6;RPS27A;RPL3;RPS3A;RPS14;RPL7A;TUBB4B;RPL29;RPS18;RPL32;RPL19;RPS9;RPL11;MYL6;RPS4X;FAU;UBB;CIB1;RPS2;LGALS3;EIF1;PRDX5;RPS27;RPL30;RPL41;RPS23;PTMA;EEF1A1;FTH1;WFDC2;TSPAN1;RPL12;B2M;CALM2;SCGB3A1;IGFBP7;ACTG1;GSTA1;CALM1;TMEM190;RSPH1;CYB5A;ELF3;TPPP3;TUBA1A;ALDH1A1,"[42, 491, 669, 751, 996, 1102, 1151, 1299, 1462, 1542, 1569, 2068, 2336, 2454, 2583, 2683, 2707, 2741, 2918, 2991, 3009, 3066, 3110, 3204, 3240, 3341, 3464, 3478, 3549, 3564, 3652, 3821, 3907, 3938, 4212, 4300, 4340, 4464, 4465, 4491, 4601, 4603, 4637, 4699, 4800, 4803, 4864, 4925, 5044, 5081, 5294, 5365, 5432, 5459, 5472, 5562, 5574, 5750, 5753, 6030, 6566, 6735, 7036, 7718, 7728, 7784, 8356, 8419, 8759, 10877, 11110, 11361, 11600, 13096, 13283, 13351, 13903, 14314, 14662, 14952, 16804, 17233]",Tabula_Sapiens__Lung-lung Ciliated Cell
Tabula_Sapiens,Trachea-smooth Muscle Cell,prerank,0.46442089761493505,1.8590425853982653,0.0,6.811183946538245e-05,0.01,61_88,61/88,30.63%,MT2A;NFKBIA;IFITM2;IFITM3;FOS;S100A6;VIM;TIMP1;ZFP36;IER3;RPL36;RPS19;JUN;RPS15;RPS16;LGALS1;TPT1;RPLP1;JUND;RPL34;CD63;RPL18;RPLP2;RPL9;RPS8;RPL18A;RPS3;RPS28;RPL13A;RPL37A;RPL8;TMSB10;RPS5;APOE;RPL28;RPS29;RPL14;RPL35;RPL35A;RPS24;RPL6;RPS6;RPS27A;RPL3;RPS7;RPS3A;RPS25;RPS14;RPL7A;RPL29;RPL23A;RPS18;RPL32;RPL19;RPS13;RPS9;RPL11;MYL6;RPS4X;RPL39;FAU,MT2A;NFKBIA;IFITM2;IFITM3;FOS;S100A6;VIM;TIMP1;ZFP36;IER3;RPL36;RPS19;JUN;RPS15;RPS16;LGALS1;TPT1;RPLP1;JUND;RPL34;CD63;RPL18;RPLP2;RPL9;RPS8;RPL18A;RPS3;RPS28;RPL13A;RPL37A;RPL8;TMSB10;RPS5;APOE;RPL28;RPS29;RPL14;RPL35;RPL35A;RPS24;RPL6;RPS6;RPS27A;RPL3;RPS7;RPS3A;RPS25;RPS14;RPL7A;RPL29;RPL23A;RPS18;RPL32;RPL19;RPS13;RPS9;RPL11;MYL6;RPS4X;RPL39;FAU;RPS2;RPS27;GAPDH;RPS15A;RPL30;RPL5;CALD1;RPL37;RPLP0;RPL41;RPS23;PTMA;RPL10A;RPL21;EEF1A1;FTH1;RPL12;B2M;TMSB4X;RPL15;IGFBP7;ACTG1;MYL9;TAGLN;RPL26;CCL19;ACTA2,"[145, 438, 633, 970, 1219, 1299, 1399, 1515, 1852, 2252, 2297, 2336, 2405, 2583, 2683, 2686, 2707, 2741, 3051, 3066, 3076, 3110, 3161, 3204, 3240, 3274, 3341, 3464, 3478, 3513, 3549, 3661, 3685, 3783, 3938, 4056, 4093, 4163, 4202, 4212, 4220, 4340, 4464, 4465, 4486, 4491, 4542, 4601, 4603, 4699, 4751, 4800, 4803, 4864, 4883, 4925, 5044, 5081, 5294, 5363, 5365, 5472, 5753, 5812, 5993, 6030, 6075, 6176, 6213, 6265, 6566, 6735, 7036, 7111, 7173, 7718, 7728, 8419, 8759, 8993, 10085, 11361, 11600, 16189, 16652, 16730, 17102, 17447]",Tabula_Sapiens__Trachea-smooth Muscle Cell
Tabula_Sapiens,Eye-endothelial Cell,prerank,0.4588616381615908,1.841697580619012,0.0,8.115177832740103e-05,0.011,54_89,54/89,29.01%,MT1M;MT2A;CEBPD;MT1X;CDKN1A;GADD45B;HSP90AA1;FOS;S100A6;VIM;RPS21;IGFBP5;ZFP36;RPL36;RPS19;JUN;ADIRF;RPS15;TIMP3;RPS16;TPT1;RPLP1;FTL;JUND;RPL34;RPL18;RPL9;RPS8;RPL18A;RPS3;RPS28;RPL13A;RPL37A;ADAMTS1;RPL8;RPS11;RPL14;RPL35A;RPS24;RPS6;RPS27A;RPL3;RPS3A;RPS14;RPL7A;RPL29;RPL23A;RPS18;RPL32;RPL19;RPS9;RPL27A;RPL11;MYL6,MT1M;MT2A;CEBPD;MT1X;CDKN1A;GADD45B;HSP90AA1;FOS;S100A6;VIM;RPS21;IGFBP5;ZFP36;RPL36;RPS19;JUN;ADIRF;RPS15;TIMP3;RPS16;TPT1;RPLP1;FTL;JUND;RPL34;RPL18;RPL9;RPS8;RPL18A;RPS3;RPS28;RPL13A;RPL37A;ADAMTS1;RPL8;RPS11;RPL14;RPL35A;RPS24;RPS6;RPS27A;RPL3;RPS3A;RPS14;RPL7A;RPL29;RPL23A;RPS18;RPL32;RPL19;RPS9;RPL27A;RPL11;MYL6;RPS4X;FAU;RPS2;EIF1;RPS27;RPL30;RPL5;CALD1;RPL37;RPL41;RPS23;FLNA;TPM2;PTMA;RPL21;EEF1A1;FTH1;SPARCL1;RPL12;RHOB;B2M;TMSB4X;BTG2;LPP;RPL15;IGFBP7;NR4A1;DSTN;LMOD1;TPM1;LCN1;MYL9;MYH11;TAGLN;ACTA2,"[126, 145, 312, 318, 715, 762, 996, 1219, 1299, 1399, 1679, 1810, 1852, 2297, 2336, 2405, 2504, 2583, 2602, 2683, 2707, 2741, 3009, 3051, 3066, 3110, 3204, 3240, 3274, 3341, 3464, 3478, 3513, 3516, 3549, 3907, 4093, 4202, 4212, 4340, 4464, 4465, 4491, 4601, 4603, 4699, 4751, 4800, 4803, 4864, 4925, 5032, 5044, 5081, 5294, 5365, 5472, 5574, 5753, 6030, 6075, 6176, 6213, 6566, 6735, 6813, 6931, 7036, 7173, 7718, 7728, 7992, 8419, 8680, 8759, 8993, 9417, 9547, 10085, 11361, 12865, 13724, 14419, 14533, 16185, 16189, 16634, 16652, 17447]",Tabula_Sapiens__Eye-endothelial Cell
Tabula_Sapiens,Tongue-pericyte Cell,prerank,0.45806919030169274,1.8312197398313819,0.0,9.4452721457682e-05,0.013,54_89,54/89,29.01%,MT2A;S100A4;CEBPD;GADD45B;IFITM3;FOS;BTG1;S100A6;VIM;ZFP36L1;IGFBP5;ZFP36;COL1A2;RPS19;JUN;ADIRF;RPS15;TIMP3;RPS16;LGALS1;TPT1;RPLP1;FTL;RPL34;RPL18;RPLP2;RPL9;RPS8;RPL18A;RGS16;RPS3;RPS28;RPL13A;RPL37A;ADAMTS1;RPL8;APOE;RPS11;RPL28;RPL35A;RPS24;RPS6;RPS27A;RPL3;RPS7;RPS14;RPL7A;RPL29;RPS18;RPL32;RPL19;RPS9;RPL11;MYL6,MT2A;S100A4;CEBPD;GADD45B;IFITM3;FOS;BTG1;S100A6;VIM;ZFP36L1;IGFBP5;ZFP36;COL1A2;RPS19;JUN;ADIRF;RPS15;TIMP3;RPS16;LGALS1;TPT1;RPLP1;FTL;RPL34;RPL18;RPLP2;RPL9;RPS8;RPL18A;RGS16;RPS3;RPS28;RPL13A;RPL37A;ADAMTS1;RPL8;APOE;RPS11;RPL28;RPL35A;RPS24;RPS6;RPS27A;RPL3;RPS7;RPS14;RPL7A;RPL29;RPS18;RPL32;RPL19;RPS9;RPL11;MYL6;RPS4X;RPL39;GSN;RPS2;EIF1;RPS27;RPS15A;RPL30;CALD1;RPL37;CST3;NR2F2;RPL41;RPS23;TPM2;PTMA;RPL10A;RPL21;EEF1A1;FTH1;SPARCL1;RPL12;B2M;TMSB4X;MGP;SPARC;IGFBP7;NR4A1;DSTN;TPM1;RGS5;MYL9;MYH11;TAGLN;ACTA2,"[145, 245, 312, 762, 970, 1219, 1239, 1299, 1399, 1595, 1810, 1852, 2167, 2336, 2405, 2504, 2583, 2602, 2683, 2686, 2707, 2741, 3009, 3066, 3110, 3161, 3204, 3240, 3274, 3278, 3341, 3464, 3478, 3513, 3516, 3549, 3783, 3907, 3938, 4202, 4212, 4340, 4464, 4465, 4486, 4601, 4603, 4699, 4800, 4803, 4864, 4925, 5044, 5081, 5294, 5363, 5373, 5472, 5574, 5753, 5993, 6030, 6176, 6213, 6273, 6366, 6566, 6735, 6931, 7036, 7111, 7173, 7718, 7728, 7992, 8419, 8759, 8993, 9257, 9882, 11361, 12865, 13724, 14533, 16120, 16189, 16634, 16652, 17447]",Tabula_Sapiens__Tongue-pericyte Cell
Tabula_Sapiens,Pancreas-pancreatic Alpha Cell,prerank,0.4587042990344035,1.8200970080394252,0.0,0.00012115212296395686,0.016,53_83,53/83,29.01%,SERPINA1;CLU;HSP90AA1;RPS21;SERF2;RPL36;RPS15;CHGA;RPS16;TPT1;RPLP1;FTL;RPL34;CD63;RPL18;RPLP2;RPL9;RPS8;RPL18A;SPINT2;RPS3;RPS28;RPL13A;RPL37A;RPL8;CRYBA2;RPS11;RPL28;RPL38;RPS29;RPL14;RPL35A;RPS24;RPL6;RPS6;RPS27A;RPL3;RPS7;RPS3A;RPS14;RPL7A;CPE;RPL29;RPL23A;RPS18;RPL32;RPL19;RPS13;RPS9;RPL27A;RPL11;GNAS;MYL6,SERPINA1;CLU;HSP90AA1;RPS21;SERF2;RPL36;RPS15;CHGA;RPS16;TPT1;RPLP1;FTL;RPL34;CD63;RPL18;RPLP2;RPL9;RPS8;RPL18A;SPINT2;RPS3;RPS28;RPL13A;RPL37A;RPL8;CRYBA2;RPS11;RPL28;RPL38;RPS29;RPL14;RPL35A;RPS24;RPL6;RPS6;RPS27A;RPL3;RPS7;RPS3A;RPS14;RPL7A;CPE;RPL29;RPL23A;RPS18;RPL32;RPL19;RPS13;RPS9;RPL27A;RPL11;GNAS;MYL6;RPS4X;UBB;RPS2;EIF1;RPS27;RPS15A;RPL30;RPL5;RPL37;CST3;RPL41;RPS23;SSR4;HLA-A;RPL10A;RPL21;EEF1A1;FTH1;RPL12;B2M;TMSB4X;PCSK1N;PCSK2;RPL15;SCG5;CALM1;TTR;CHGB;SLC30A8;ALDH1A1,"[459, 751, 996, 1679, 2068, 2297, 2583, 2611, 2683, 2707, 2741, 3009, 3066, 3076, 3110, 3161, 3204, 3240, 3274, 3318, 3341, 3464, 3478, 3513, 3549, 3854, 3907, 3938, 3947, 4056, 4093, 4202, 4212, 4220, 4340, 4464, 4465, 4486, 4491, 4601, 4603, 4663, 4699, 4751, 4800, 4803, 4864, 4883, 4925, 5032, 5044, 5066, 5081, 5294, 5432, 5472, 5574, 5753, 5993, 6030, 6075, 6213, 6273, 6566, 6735, 6863, 7026, 7111, 7173, 7718, 7728, 8419, 8759, 8993, 9597, 10027, 10085, 12003, 13283, 15340, 16056, 17047, 17233]",Tabula_Sapiens__Pancreas-pancreatic Alpha Cell
Tabula_Sapiens,Small Intestine-enterocyte Of Epithelium Of Small Intestine,prerank,0.45404776828809423,1.810045513427949,0.0,0.0001477255838970889,0.019,57_84,57/84,28.80%,KRT18;HSP90AA1;KRT19;S100A6;KRT8;ALDOB;RPS21;RPL36;RPS19;JUN;RPS15;RPS16;TPT1;RPLP1;FTL;RPL34;RPL18;RPLP2;RPL9;RPS8;RPL18A;RPS3;CYP3A5;RPS28;RPL13A;RPL37A;RPL8;RPL31;TMSB10;RPS5;COX7C;RPS11;CLDN4;RPL28;RPL38;RPS29;RPL14;RPS20;RPL35;RPL35A;RPS24;RPL6;RPS6;RPS27A;RPL3;RPS3A;RPS14;RPL7A;RPL29;RPL23A;RPS18;RPL32;RPL19;RPS13;RPS9;RPL27A;RPL11,KRT18;HSP90AA1;KRT19;S100A6;KRT8;ALDOB;RPS21;RPL36;RPS19;JUN;RPS15;RPS16;TPT1;RPLP1;FTL;RPL34;RPL18;RPLP2;RPL9;RPS8;RPL18A;RPS3;CYP3A5;RPS28;RPL13A;RPL37A;RPL8;RPL31;TMSB10;RPS5;COX7C;RPS11;CLDN4;RPL28;RPL38;RPS29;RPL14;RPS20;RPL35;RPL35A;RPS24;RPL6;RPS6;RPS27A;RPL3;RPS3A;RPS14;RPL7A;RPL29;RPL23A;RPS18;RPL32;RPL19;RPS13;RPS9;RPL27A;RPL11;RPS4X;RPL39;RPS2;COX4I1;RPS27;GAPDH;RPS15A;RPL30;RPL5;RPL37;RPLP0;RPL41;RPS23;PTMA;RPL10A;RPL21;EEF1A1;FTH1;RPL12;EEF1B2;ACTG1;OLFM4;ELF3;EPCAM;RPL26;FABP1;CLDN3,"[166, 996, 1151, 1299, 1580, 1645, 1679, 2297, 2336, 2405, 2583, 2683, 2707, 2741, 3009, 3066, 3110, 3161, 3204, 3240, 3274, 3341, 3399, 3464, 3478, 3513, 3549, 3614, 3661, 3685, 3856, 3907, 3933, 3938, 3947, 4056, 4093, 4125, 4163, 4202, 4212, 4220, 4340, 4464, 4465, 4491, 4601, 4603, 4699, 4751, 4800, 4803, 4864, 4883, 4925, 5032, 5044, 5294, 5363, 5472, 5598, 5753, 5812, 5993, 6030, 6075, 6213, 6265, 6566, 6735, 7036, 7111, 7173, 7718, 7728, 8419, 11512, 11600, 12812, 14662, 16430, 16730, 17237, 17452]",Tabula_Sapiens__Small Intestine-enterocyte Of Epithelium Of Small Intestine
Tabula_Sapiens,Large Intestine-enterocyte Of Epithelium Of Large Intestine,prerank,0.4499857646651819,1.7977035380322832,0.0,0.00018310599290317244,0.02,63_84,63/84,31.96%,KRT18;FXYD3;KRT19;FOS;S100A6;S100A10;KRT8;RPS21;SERF2;IER3;RPL36;RPS19;JUN;RPS15;RPS16;TPT1;RPLP1;RPL34;RPL18;RPLP2;RPL9;RPS8;RPL18A;RPS3;RPS28;RPL13A;RPL37A;RPL8;TMSB10;COX7C;RPS11;CLDN4;RPL28;RPL38;RPS29;RPL14;RPS20;RPL35;RPL35A;RPS24;RPL6;RPS6;RPS27A;RPL3;RPS3A;MUC12;RPS14;RPL7A;RPL29;RPL23A;RPS18;RPL32;RPL19;RPS9;RPL27A;RPL11;COX5B;RPL39;FAU;RPS2;LGALS3;EIF1;COX4I1,KRT18;FXYD3;KRT19;FOS;S100A6;S100A10;KRT8;RPS21;SERF2;IER3;RPL36;RPS19;JUN;RPS15;RPS16;TPT1;RPLP1;RPL34;RPL18;RPLP2;RPL9;RPS8;RPL18A;RPS3;RPS28;RPL13A;RPL37A;RPL8;TMSB10;COX7C;RPS11;CLDN4;RPL28;RPL38;RPS29;RPL14;RPS20;RPL35;RPL35A;RPS24;RPL6;RPS6;RPS27A;RPL3;RPS3A;MUC12;RPS14;RPL7A;RPL29;RPL23A;RPS18;RPL32;RPL19;RPS9;RPL27A;RPL11;COX5B;RPL39;FAU;RPS2;LGALS3;EIF1;COX4I1;RPS27;RPS15A;RPL30;RPL37;LGALS4;RPL41;RPS23;PTMA;RPL10A;RPL21;EEF1A1;FTH1;RPL12;TMSB4X;ACTG1;ELF3;EPCAM;RPL26;TSPAN8;FABP1;CLDN3,"[166, 430, 1151, 1219, 1299, 1551, 1580, 1679, 2068, 2252, 2297, 2336, 2405, 2583, 2683, 2707, 2741, 3066, 3110, 3161, 3204, 3240, 3274, 3341, 3464, 3478, 3513, 3549, 3661, 3856, 3907, 3933, 3938, 3947, 4056, 4093, 4125, 4163, 4202, 4212, 4220, 4340, 4464, 4465, 4491, 4589, 4601, 4603, 4699, 4751, 4800, 4803, 4864, 4925, 5032, 5044, 5276, 5363, 5365, 5472, 5562, 5574, 5598, 5753, 5993, 6030, 6213, 6251, 6566, 6735, 7036, 7111, 7173, 7718, 7728, 8419, 8993, 11600, 14662, 16430, 16730, 16789, 17237, 17452]",Tabula_Sapiens__Large Intestine-enterocyte Of Epithelium Of Large Intestine
Tabula_Sapiens,Prostate-smooth Muscle Cell,prerank,0.45189535620872073,1.789489675147377,0.0,0.0002227758129618925,0.022,52_88,52/88,29.01%,HSPA1A;MT2A;CEBPD;GADD45B;KLF2;HSP90AA1;IGFBP6;FOS;BTG1;S100A6;VIM;IGFBP5;ZFP36;RPS19;JUN;ADIRF;RPS15;TIMP3;RPS16;LGALS1;TPT1;RPLP1;FTL;JUND;RPL34;RPL18;RPL9;RPS8;RPL18A;RPS3;RPS28;RPL13A;RPL37A;RPL8;RPS11;RPL28;RPL35A;RPS24;RPS6;RPS27A;RPL3;RPS3A;RPS14;RPL7A;RPL29;RPS18;RPL32;RPL19;RPS13;RPS9;RPL11;MYL6,HSPA1A;MT2A;CEBPD;GADD45B;KLF2;HSP90AA1;IGFBP6;FOS;BTG1;S100A6;VIM;IGFBP5;ZFP36;RPS19;JUN;ADIRF;RPS15;TIMP3;RPS16;LGALS1;TPT1;RPLP1;FTL;JUND;RPL34;RPL18;RPL9;RPS8;RPL18A;RPS3;RPS28;RPL13A;RPL37A;RPL8;RPS11;RPL28;RPL35A;RPS24;RPS6;RPS27A;RPL3;RPS3A;RPS14;RPL7A;RPL29;RPS18;RPL32;RPL19;RPS13;RPS9;RPL11;MYL6;NACA;RPS4X;FAU;EIF1;TXNIP;RPS27;RPL30;RPL5;CALD1;RPL37;CST3;RPL41;RPS23;TPM2;PTMA;RPL21;EEF1A1;FTH1;FOSB;SPARCL1;RPL12;RHOB;B2M;TMSB4X;MGP;RPL15;IGFBP7;ACTG1;DSTN;TPM1;RGS5;MYL9;MYH11;TAGLN;EGR1;ACTA2,"[2, 145, 312, 762, 811, 996, 1105, 1219, 1239, 1299, 1399, 1810, 1852, 2336, 2405, 2504, 2583, 2602, 2683, 2686, 2707, 2741, 3009, 3051, 3066, 3110, 3204, 3240, 3274, 3341, 3464, 3478, 3513, 3549, 3907, 3938, 4202, 4212, 4340, 4464, 4465, 4491, 4601, 4603, 4699, 4800, 4803, 4864, 4883, 4925, 5044, 5081, 5174, 5294, 5365, 5574, 5739, 5753, 6030, 6075, 6176, 6213, 6273, 6566, 6735, 6931, 7036, 7173, 7718, 7728, 7914, 7992, 8419, 8680, 8759, 8993, 9257, 10085, 11361, 11600, 13724, 14533, 16120, 16189, 16634, 16652, 17016, 17447]",Tabula_Sapiens__Prostate-smooth Muscle Cell
Tabula_Sapiens,Liver-fibroblast,prerank,0.4528211602575844,1.7824759046170364,0.0,0.00024003441692624705,0.022,50_87,50/87,27.88%,HSPA1A;MT2A;CEBPD;IFITM3;HSP90AA1;FOS;DCN;VIM;TIMP1;COL6A2;IGFBP5;ZFP36;COL1A2;BGN;RPL36;RPS19;JUN;ADIRF;RPS15;LGALS1;TPT1;RPLP1;JUND;RPL34;COL1A1;RPL18;RPLP2;RPL9;RPS8;RPL18A;RPS28;RPL37A;ADAMTS1;RPL8;TMSB10;RPL28;RPL14;RPL35A;RPS24;RPL6;RPS6;RPS27A;RPL3;RPS7;RPS3A;RPS14;RPS18;RPL32;RPL19;RPS13,HSPA1A;MT2A;CEBPD;IFITM3;HSP90AA1;FOS;DCN;VIM;TIMP1;COL6A2;IGFBP5;ZFP36;COL1A2;BGN;RPL36;RPS19;JUN;ADIRF;RPS15;LGALS1;TPT1;RPLP1;JUND;RPL34;COL1A1;RPL18;RPLP2;RPL9;RPS8;RPL18A;RPS28;RPL37A;ADAMTS1;RPL8;TMSB10;RPL28;RPL14;RPL35A;RPS24;RPL6;RPS6;RPS27A;RPL3;RPS7;RPS3A;RPS14;RPS18;RPL32;RPL19;RPS13;RPL11;MYL6;NACA;RPS4X;RPL39;EIF1;SRP14;RPS27;GAPDH;RPS15A;RPL30;RPL5;CALD1;RPL37;RPL41;RPS23;PTMA;RPL21;EEF1A1;FTH1;SPARCL1;RPL12;B2M;TMSB4X;MGP;SPARC;RPL15;IGFBP7;ACTG1;DSTN;TPM1;COL3A1;RGS5;MYL9;TAGLN;RPL26;ACTA2,"[2, 145, 312, 970, 996, 1219, 1395, 1399, 1515, 1579, 1810, 1852, 2167, 2213, 2297, 2336, 2405, 2504, 2583, 2686, 2707, 2741, 3051, 3066, 3083, 3110, 3161, 3204, 3240, 3274, 3464, 3513, 3516, 3549, 3661, 3938, 4093, 4202, 4212, 4220, 4340, 4464, 4465, 4486, 4491, 4601, 4800, 4803, 4864, 4883, 5044, 5081, 5174, 5294, 5363, 5574, 5729, 5753, 5812, 5993, 6030, 6075, 6176, 6213, 6566, 6735, 7036, 7173, 7718, 7728, 7992, 8419, 8759, 8993, 9257, 9882, 10085, 11361, 11600, 13724, 14533, 15835, 16120, 16189, 16652, 16730, 17447]",Tabula_Sapiens__Liver-fibroblast
Tabula_Sapiens,Blood-plasma Cell,prerank,0.4435289283436279,1.7658517198967958,0.0,0.00032816751064535974,0.028,58_87,58/87,30.63%,MZB1;HSP90AA1;VIM;RPS21;HSPA5;RPL36;RPS19;HSP90AB1;RPS15;RPS16;TPT1;RPLP1;FTL;RPL34;RPL18;RPLP2;RPL9;RPS8;RPL18A;RPS3;RPS28;RPL13A;RPL37A;RPL8;TMSB10;YBX1;RPS5;RPS11;RPL28;RPS29;RPL14;RPL35;RPL35A;RPS24;RPL6;RPS6;RPS27A;RPL3;RPS7;RPS3A;RPS14;RPL7A;CALR;RPL29;RPL23A;RPS18;RPL32;UBA52;RPL19;RPS13;RPS9;RPSA;RPL27A;RPL11;NACA;RPS4X;RPL39;FAU,MZB1;HSP90AA1;VIM;RPS21;HSPA5;RPL36;RPS19;HSP90AB1;RPS15;RPS16;TPT1;RPLP1;FTL;RPL34;RPL18;RPLP2;RPL9;RPS8;RPL18A;RPS3;RPS28;RPL13A;RPL37A;RPL8;TMSB10;YBX1;RPS5;RPS11;RPL28;RPS29;RPL14;RPL35;RPL35A;RPS24;RPL6;RPS6;RPS27A;RPL3;RPS7;RPS3A;RPS14;RPL7A;CALR;RPL29;RPL23A;RPS18;RPL32;UBA52;RPL19;RPS13;RPS9;RPSA;RPL27A;RPL11;NACA;RPS4X;RPL39;FAU;RPS2;HSP90B1;RPS27;GAPDH;RPS15A;RPL30;RPL5;RPL37;RPLP0;RPL41;RPS23;HLA-A;PTMA;RPL10A;RPL21;PPIB;EEF1A1;RPL12;B2M;TMSB4X;RPL15;EEF1B2;ACTG1;HMGB1;NPM1;SUB1;RPL26;HBA2;HBB,"[75, 996, 1399, 1679, 2084, 2297, 2336, 2454, 2583, 2683, 2707, 2741, 3009, 3066, 3110, 3161, 3204, 3240, 3274, 3341, 3464, 3478, 3513, 3549, 3661, 3681, 3685, 3907, 3938, 4056, 4093, 4163, 4202, 4212, 4220, 4340, 4464, 4465, 4486, 4491, 4601, 4603, 4607, 4699, 4751, 4800, 4803, 4863, 4864, 4883, 4925, 5014, 5032, 5044, 5174, 5294, 5363, 5365, 5472, 5669, 5753, 5812, 5993, 6030, 6075, 6213, 6265, 6566, 6735, 7026, 7036, 7111, 7173, 7668, 7718, 8419, 8759, 8993, 10085, 11512, 11600, 12555, 12801, 13814, 16730, 17205, 17414]",Tabula_Sapiens__Blood-plasma Cell
Tabula_Sapiens,Spleen-hematopoietic Stem Cell,prerank,0.444114738795445,1.760841278205214,0.0,0.00036636777649798113,0.031,62_88,62/88,30.63%,S100A8;S100A9;HSP90AA1;SRGN;RPS21;RPL36;RPS19;HSP90AB1;RPS15;RPS16;TPT1;RPLP1;RPL34;RPL18;RPLP2;RPL9;RPS8;RPL18A;RPS3;RPS28;RPL13A;RPL37A;RPL8;RPL31;YBX1;RPS5;RPL27;RPS11;RPL28;RPL38;RPS29;RPL14;RPS20;RPL35;RPL35A;RPS24;RPL6;RPS6;RPS27A;RPL3;RPS7;RPS3A;RPS25;RPS14;RPL7A;RPL29;RPL23A;RPS18;RPL32;UBA52;RPL19;RPS13;RPS9;RPL7;RPSA;RPL27A;RPL11;NACA;RPS4X;RPL4;RPL39;FAU,S100A8;S100A9;HSP90AA1;SRGN;RPS21;RPL36;RPS19;HSP90AB1;RPS15;RPS16;TPT1;RPLP1;RPL34;RPL18;RPLP2;RPL9;RPS8;RPL18A;RPS3;RPS28;RPL13A;RPL37A;RPL8;RPL31;YBX1;RPS5;RPL27;RPS11;RPL28;RPL38;RPS29;RPL14;RPS20;RPL35;RPL35A;RPS24;RPL6;RPS6;RPS27A;RPL3;RPS7;RPS3A;RPS25;RPS14;RPL7A;RPL29;RPL23A;RPS18;RPL32;UBA52;RPL19;RPS13;RPS9;RPL7;RPSA;RPL27A;RPL11;NACA;RPS4X;RPL4;RPL39;FAU;RPS2;RPS27;GAPDH;RPS15A;RPL30;RPL5;RPL37;RPLP0;RPL41;RPS23;PTMA;RPL10A;RPL21;EEF1A1;FTH1;RPL12;RPL15;TUBA1B;EEF1B2;HMGB1;NPM1;MPO;PRTN3;RPL26;CA1;HBB,"[157, 820, 996, 1146, 1679, 2297, 2336, 2454, 2583, 2683, 2707, 2741, 3066, 3110, 3161, 3204, 3240, 3274, 3341, 3464, 3478, 3513, 3549, 3614, 3681, 3685, 3894, 3907, 3938, 3947, 4056, 4093, 4125, 4163, 4202, 4212, 4220, 4340, 4464, 4465, 4486, 4491, 4542, 4601, 4603, 4699, 4751, 4800, 4803, 4863, 4864, 4883, 4925, 4984, 5014, 5032, 5044, 5174, 5294, 5360, 5363, 5365, 5472, 5753, 5812, 5993, 6030, 6075, 6213, 6265, 6566, 6735, 7036, 7111, 7173, 7718, 7728, 8419, 10085, 10112, 11512, 12555, 12801, 14227, 16516, 16730, 17135, 17414]",Tabula_Sapiens__Spleen-hematopoietic Stem Cell
Tabula_Sapiens,Kidney-endothelial Cell,prerank,0.4482096015426354,1.7610388179776788,0.0,0.00036722178063900205,0.031,33_82,33/82,21.45%,MT2A;IFITM2;CLU;KLF2;CD74;IFITM3;FLT1;AHNAK;FOS;S100A6;VIM;DEFB1;S100A10;SLC9A3R2;IGFBP5;FCN3;PDK4;TGFBR2;RPS19;ADIRF;TIMP3;TPT1;RPLP1;IL1RL1;HLA-E;JUND;RPL34;HLA-B;IFI27;RPL37A;TMSB10;SEC14L1;CD81,MT2A;IFITM2;CLU;KLF2;CD74;IFITM3;FLT1;AHNAK;FOS;S100A6;VIM;DEFB1;S100A10;SLC9A3R2;IGFBP5;FCN3;PDK4;TGFBR2;RPS19;ADIRF;TIMP3;TPT1;RPLP1;IL1RL1;HLA-E;JUND;RPL34;HLA-B;IFI27;RPL37A;TMSB10;SEC14L1;CD81;RPS24;RPS27A;RPS14;CTSD;HLA-C;RPL11;GNAS;MYL6;RPL39;GSN;PLAT;ID1;SYNE2;EIF1;HSP90B1;IL6ST;TXNIP;RPS27;RPL30;EMCN;RPL41;RPS23;HLA-A;PTMA;EEF1A1;WFDC2;EPAS1;SPARCL1;RHOB;B2M;TMSB4X;MGP;DDX5;SPARC;SPTBN1;DDX17;PTPRB;KDR;ITM2B;IGFBP7;ACTG1;ITGB1;ATP1B1;APP;CD9;SYNE1;SLC12A1;RNASE1;CRHBP,"[145, 633, 751, 811, 908, 970, 1094, 1208, 1219, 1299, 1399, 1486, 1551, 1788, 1810, 1910, 2104, 2124, 2336, 2504, 2602, 2707, 2741, 2840, 2908, 3051, 3066, 3273, 3312, 3513, 3661, 3716, 3757, 4212, 4464, 4601, 4656, 5034, 5044, 5066, 5081, 5363, 5373, 5388, 5430, 5556, 5574, 5669, 5726, 5739, 5753, 6030, 6200, 6566, 6735, 7026, 7036, 7718, 7784, 7874, 7992, 8680, 8759, 8993, 9257, 9867, 9882, 10461, 10498, 10822, 11145, 11214, 11361, 11600, 11941, 13412, 13823, 15173, 15752, 15822, 16286, 17031]",Tabula_Sapiens__Kidney-endothelial Cell
Tabula_Sapiens,Spleen-endothelial Cell,prerank,0.4380583578013372,1.7536732102552273,0.0,0.0003963445322022718,0.034,40_87,40/87,25.49%,DNASE1L3;SOCS3;CEBPD;NFKBIA;YBX3;GADD45B;IFITM3;HSP90AA1;FOS;BTG1;VIM;KLF4;ZFP36;RPL36;JUN;HSP90AB1;TIMP3;TPT1;RPLP1;HLA-E;FTL;JUND;RPL34;RPS8;HLA-B;IFI27;RPS3;RPS28;RPL13A;RPL37A;TMSB10;MYH9;CXCL2;RPL28;INSR;RPS24;RPS6;MRC1;RPS27A;RPL3,DNASE1L3;SOCS3;CEBPD;NFKBIA;YBX3;GADD45B;IFITM3;HSP90AA1;FOS;BTG1;VIM;KLF4;ZFP36;RPL36;JUN;HSP90AB1;TIMP3;TPT1;RPLP1;HLA-E;FTL;JUND;RPL34;RPS8;HLA-B;IFI27;RPS3;RPS28;RPL13A;RPL37A;TMSB10;MYH9;CXCL2;RPL28;INSR;RPS24;RPS6;MRC1;RPS27A;RPL3;RPS18;RPL32;HLA-C;RPL11;MYL6;RPS4X;SYNE2;EIF1;IL6ST;TXNIP;RPS27;RPL30;RPL37;NR2F2;RPL41;RPS23;ITGA1;HLA-A;PTMA;HNRNPA2B1;CDH11;EEF1A1;FTH1;A2M;ETS2;B2M;TMSB4X;PCDH17;BTG2;DDX5;RPL15;SPTBN1;DDX17;CALM2;ITM2B;TPM4;PEAK1;ACTG1;PLK2;LIMCH1;CALM1;SEMA3D;CAV1;KAZN;SYNE1;RNASE1;CD36,"[74, 158, 312, 438, 466, 762, 970, 996, 1219, 1239, 1399, 1437, 1852, 2297, 2405, 2454, 2602, 2707, 2741, 2908, 3009, 3051, 3066, 3240, 3273, 3312, 3341, 3464, 3478, 3513, 3661, 3676, 3816, 3938, 3939, 4212, 4340, 4351, 4464, 4465, 4800, 4803, 5034, 5044, 5081, 5294, 5556, 5574, 5726, 5739, 5753, 6030, 6213, 6366, 6566, 6735, 6946, 7026, 7036, 7364, 7517, 7718, 7728, 7759, 7952, 8759, 8993, 9397, 9417, 9867, 10085, 10461, 10498, 10877, 11214, 11539, 11540, 11600, 11728, 12685, 13283, 13854, 13967, 15394, 15752, 16286, 17499]",Tabula_Sapiens__Spleen-endothelial Cell
Tabula_Sapiens,Pancreas-pancreatic Pp Cell,prerank,0.4390379251138488,1.7474503737469818,0.0,0.0004437570429860364,0.037,56_86,56/86,30.63%,HSPB1;CLU;AQP3;BTG1;TIMP1;SERF2;RPL36;JUN;HSP90AB1;RPS15;CHGA;RPS16;TPT1;RPLP1;FTL;RPL34;CD63;RPL18;RPLP2;RPL9;RPS8;RPS3;RPS28;RPL13A;RPL37A;RPL8;RPS11;RPS29;RPL14;RPS20;RPL35;RPL35A;RPS24;RPL6;RPS6;RPS27A;RPL3;RPS7;RPS3A;RPS14;RPL7A;CPE;RPL29;RPL23A;RPS18;RPL32;RPL19;RPS13;RPS9;PFDN5;RPL27A;RPL11;GNAS;RPS4X;RPL39;FAU,HSPB1;CLU;AQP3;BTG1;TIMP1;SERF2;RPL36;JUN;HSP90AB1;RPS15;CHGA;RPS16;TPT1;RPLP1;FTL;RPL34;CD63;RPL18;RPLP2;RPL9;RPS8;RPS3;RPS28;RPL13A;RPL37A;RPL8;RPS11;RPS29;RPL14;RPS20;RPL35;RPL35A;RPS24;RPL6;RPS6;RPS27A;RPL3;RPS7;RPS3A;RPS14;RPL7A;CPE;RPL29;RPL23A;RPS18;RPL32;RPL19;RPS13;RPS9;PFDN5;RPL27A;RPL11;GNAS;RPS4X;RPL39;FAU;RPS2;EIF1;RPS27;PNISR;RPL30;RPL5;RPL37;RPL41;RPS23;SSR4;RPL21;EEF1A1;FTH1;SEC11C;B2M;GHRL;TMSB4X;PCSK1N;RPL15;MEIS2;SCG5;LUC7L3;CALM1;ELF3;AKAP9;DST;TTR;CHGB;ZKSCAN1;CIRBP,"[4, 751, 1057, 1239, 1515, 2068, 2297, 2405, 2454, 2583, 2611, 2683, 2707, 2741, 3009, 3066, 3076, 3110, 3161, 3204, 3240, 3341, 3464, 3478, 3513, 3549, 3907, 4056, 4093, 4125, 4163, 4202, 4212, 4220, 4340, 4464, 4465, 4486, 4491, 4601, 4603, 4663, 4699, 4751, 4800, 4803, 4864, 4883, 4925, 5007, 5032, 5044, 5066, 5294, 5363, 5365, 5472, 5574, 5753, 5792, 6030, 6075, 6213, 6566, 6735, 6863, 7173, 7718, 7728, 8448, 8759, 8763, 8993, 9597, 10085, 11265, 12003, 12580, 13283, 14662, 15184, 15276, 15340, 16056, 16540, 17093]",Tabula_Sapiens__Pancreas-pancreatic Pp Cell
Tabula_Sapiens,Large Intestine-immature Enterocyte,prerank,0.4409903009863237,1.74698654743895,0.001941747572815534,0.0004471156870586676,0.037,60_84,60/84,31.96%,HSP90AA1;FOS;S100A6;S100A10;KRT8;RPS21;RPL36;RPS19;JUN;RPS15;RPS16;TPT1;RPLP1;FTL;RPL34;RPL18;RPLP2;RPL9;RPS8;RPL18A;RPS3;RPS26;RPS28;RPL13A;RPL37A;RPL8;TMSB10;RPS5;RPS11;CLDN4;RPL28;RPS29;RPL14;RPL35A;RPS24;RPL6;RPS6;RPS27A;RPL3;RPS7;RPS3A;RPS14;RPL7A;RPL29;RPL23A;RPS18;RPL32;RPL19;RPS13;RPS9;RPSA;RPL27A;RPL11;NACA;RPS4X;RPL39;FAU;RPS2;LGALS3;COX4I1,HSP90AA1;FOS;S100A6;S100A10;KRT8;RPS21;RPL36;RPS19;JUN;RPS15;RPS16;TPT1;RPLP1;FTL;RPL34;RPL18;RPLP2;RPL9;RPS8;RPL18A;RPS3;RPS26;RPS28;RPL13A;RPL37A;RPL8;TMSB10;RPS5;RPS11;CLDN4;RPL28;RPS29;RPL14;RPL35A;RPS24;RPL6;RPS6;RPS27A;RPL3;RPS7;RPS3A;RPS14;RPL7A;RPL29;RPL23A;RPS18;RPL32;RPL19;RPS13;RPS9;RPSA;RPL27A;RPL11;NACA;RPS4X;RPL39;FAU;RPS2;LGALS3;COX4I1;RPS27;GAPDH;RPS15A;RPL30;RPL5;RPL37;LGALS4;RPLP0;RPL41;RPS23;PTMA;RPL10A;RPL21;EEF1A1;FTH1;RPL12;B2M;TMSB4X;RPL15;ACTG1;RPL26;TSPAN8;FABP1;CLDN3,"[996, 1219, 1299, 1551, 1580, 1679, 2297, 2336, 2405, 2583, 2683, 2707, 2741, 3009, 3066, 3110, 3161, 3204, 3240, 3274, 3341, 3446, 3464, 3478, 3513, 3549, 3661, 3685, 3907, 3933, 3938, 4056, 4093, 4202, 4212, 4220, 4340, 4464, 4465, 4486, 4491, 4601, 4603, 4699, 4751, 4800, 4803, 4864, 4883, 4925, 5014, 5032, 5044, 5174, 5294, 5363, 5365, 5472, 5562, 5598, 5753, 5812, 5993, 6030, 6075, 6213, 6251, 6265, 6566, 6735, 7036, 7111, 7173, 7718, 7728, 8419, 8759, 8993, 10085, 11600, 16730, 16789, 17237, 17452]",Tabula_Sapiens__Large Intestine-immature Enterocyte
Tabula_Sapiens,Trachea-ionocyte,prerank,0.4337120804497959,1.7387600867748418,0.0,0.0005073128835633585,0.037,53_85,53/85,33.18%,KRT18;CEL;HSP90AA1;FOS;S100A6;KRT8;SERF2;RARRES2;RPL36;JUN;TFF3;CSTB;TPT1;RPLP1;FTL;JUND;RPL34;CD63;HLA-B;IFI27;RPS28;RPL37A;MGST1;KLF6;RPL8;TMSB10;COX7C;RPL28;RPL35A;RPS24;RPL6;RPS6;GOLM1;RPS27A;RPL3;RPS3A;RPS14;RPL7A;RPL32;RPL19;HLA-C;RPL11;GNAS;MYL6;ATP6V0B;COX5B;RPS4X;RPS2;LGALS3;EIF1;SRP14;RPS27;GAPDH,KRT18;CEL;HSP90AA1;FOS;S100A6;KRT8;SERF2;RARRES2;RPL36;JUN;TFF3;CSTB;TPT1;RPLP1;FTL;JUND;RPL34;CD63;HLA-B;IFI27;RPS28;RPL37A;MGST1;KLF6;RPL8;TMSB10;COX7C;RPL28;RPL35A;RPS24;RPL6;RPS6;GOLM1;RPS27A;RPL3;RPS3A;RPS14;RPL7A;RPL32;RPL19;HLA-C;RPL11;GNAS;MYL6;ATP6V0B;COX5B;RPS4X;RPS2;LGALS3;EIF1;SRP14;RPS27;GAPDH;RPS15A;RPL30;RPL41;COX6C;RPS23;COX7A2;HLA-A;PTMA;RPL21;NDUFA4;UQCRB;EEF1A1;FTH1;LDHB;PPIA;RPL12;PPDPF;B2M;TMSB4X;APLP2;RPL15;COX7B;CALM2;CHCHD2;ACTG1;CALM1;ATP1B1;DSTN;CD9;KRT7;SCD;RPL26,"[166, 336, 996, 1219, 1299, 1580, 2068, 2279, 2297, 2405, 2699, 2706, 2707, 2741, 3009, 3051, 3066, 3076, 3273, 3312, 3464, 3513, 3531, 3544, 3549, 3661, 3856, 3938, 4202, 4212, 4220, 4340, 4375, 4464, 4465, 4491, 4601, 4603, 4803, 4864, 5034, 5044, 5066, 5081, 5168, 5276, 5294, 5472, 5562, 5574, 5729, 5753, 5812, 5993, 6030, 6566, 6573, 6735, 6903, 7026, 7036, 7173, 7461, 7589, 7718, 7728, 7900, 8153, 8419, 8669, 8759, 8993, 9216, 10085, 10672, 10877, 11235, 11600, 13283, 13412, 13724, 15173, 16393, 16479, 16730]",Tabula_Sapiens__Trachea-ionocyte
Tabula_Sapiens,Large Intestine-mature Enterocyte,prerank,0.45061452579717387,1.7301694773332676,0.003976143141153081,0.0005846866440053642,0.04,33_73,33/73,22.46%,CLDN7;PCK1;MT2A;MT1G;KRT18;MT1E;IL32;FXYD3;UGT2B17;HSP90AA1;KRT19;AHNAK;FOS;S100A6;SELENBP1;S100A10;KRT8;SERF2;IER2;SLC26A2;JUN;BSG;TPT1;SH3BGRL3;CA2;JUND;HLA-B;IFI27;SGK1;KLF6;TMSB10;TSC22D1;CLDN4,CLDN7;PCK1;MT2A;MT1G;KRT18;MT1E;IL32;FXYD3;UGT2B17;HSP90AA1;KRT19;AHNAK;FOS;S100A6;SELENBP1;S100A10;KRT8;SERF2;IER2;SLC26A2;JUN;BSG;TPT1;SH3BGRL3;CA2;JUND;HLA-B;IFI27;SGK1;KLF6;TMSB10;TSC22D1;CLDN4;ITM2C;MUC12;CTSD;MUC13;HLA-C;MYL6;COX5B;UBB;LGALS3;EIF1;COX4I1;GAPDH;TMBIM6;LGALS4;CST3;SLC26A3;HLA-A;PTMA;FTH1;TSPAN1;PPDPF;B2M;TMSB4X;MYL12B;ACTN4;DDX5;CDHR5;ACTG1;VMP1;CEACAM1;CLCA4;CALM1;ATP1B1;ELF3;CA4;EPCAM;TSPAN8;CA1;FABP1;CLDN3,"[122, 139, 145, 165, 166, 308, 314, 430, 765, 996, 1151, 1208, 1219, 1299, 1432, 1551, 1580, 2068, 2071, 2127, 2405, 2433, 2707, 2777, 3033, 3051, 3273, 3312, 3436, 3544, 3661, 3795, 3933, 4272, 4589, 4656, 4845, 5034, 5081, 5276, 5432, 5562, 5574, 5598, 5812, 6122, 6251, 6273, 6922, 7026, 7036, 7728, 8356, 8669, 8759, 8993, 9029, 9398, 9867, 11194, 11600, 12668, 12728, 13097, 13283, 13412, 14662, 15600, 16430, 16789, 17135, 17237, 17452]",Tabula_Sapiens__Large Intestine-mature Enterocyte
Tabula_Sapiens,Lung-plasma Cell,prerank,0.43601889551604833,1.719712483651961,0.0019342359767891683,0.0006791187810181434,0.042,60_85,60/85,32.85%,MZB1;CYBA;CD74;TSC22D3;DERL3;FOS;VIM;XBP1;SERF2;HERPUD1;RPS19;JUN;RPS15;RPS16;ISG20;TPT1;RPLP1;SFTPC;FTL;RPL34;RPL18;RPLP2;RPL9;RPS8;RPL18A;RPS3;RPS28;RPL13A;RPL8;TMSB10;RPS5;RPS11;RPL28;RPL14;RPL35;RPL35A;RPS24;RPL6;RPS6;RPS27A;RPL3;RPS7;RPS3A;RPS14;RPL7A;RPL29;RPS18;RPL32;RPL19;RPS9;RPL27A;RPL11;RPS4X;RPL39;FAU;RPS2;EIF1;HSP90B1;TXNIP;RPS27,MZB1;CYBA;CD74;TSC22D3;DERL3;FOS;VIM;XBP1;SERF2;HERPUD1;RPS19;JUN;RPS15;RPS16;ISG20;TPT1;RPLP1;SFTPC;FTL;RPL34;RPL18;RPLP2;RPL9;RPS8;RPL18A;RPS3;RPS28;RPL13A;RPL8;TMSB10;RPS5;RPS11;RPL28;RPL14;RPL35;RPL35A;RPS24;RPL6;RPS6;RPS27A;RPL3;RPS7;RPS3A;RPS14;RPL7A;RPL29;RPS18;RPL32;RPL19;RPS9;RPL27A;RPL11;RPS4X;RPL39;FAU;RPS2;EIF1;HSP90B1;TXNIP;RPS27;RPS15A;RPL30;SEC61B;RPLP0;RPL41;RPS23;SSR4;PTMA;RPL21;PPIB;EEF1A1;FTH1;SPCS2;RPL12;SEC11C;B2M;TMSB4X;FKBP11;RPL15;SUB1;SPCS1;HBA1;HBA2;SFTPA2;HBB,"[75, 470, 908, 1034, 1055, 1219, 1399, 1799, 2068, 2276, 2336, 2405, 2583, 2683, 2691, 2707, 2741, 2991, 3009, 3066, 3110, 3161, 3204, 3240, 3274, 3341, 3464, 3478, 3549, 3661, 3685, 3907, 3938, 4093, 4163, 4202, 4212, 4220, 4340, 4464, 4465, 4486, 4491, 4601, 4603, 4699, 4800, 4803, 4864, 4925, 5032, 5044, 5294, 5363, 5365, 5472, 5574, 5669, 5739, 5753, 5993, 6030, 6228, 6265, 6566, 6735, 6863, 7036, 7173, 7668, 7718, 7728, 8200, 8419, 8448, 8759, 8993, 9714, 10085, 13814, 14777, 16828, 17205, 17402, 17414]",Tabula_Sapiens__Lung-plasma Cell
Tabula_Sapiens,Large Intestine-intestinal Enteroendocrine Cell,prerank,0.429867957064532,1.703498620474793,0.001890359168241966,0.0009164497356472617,0.049,59_86,59/86,31.96%,HSPA1A;HSP90AA1;FOS;S100A6;KRT8;INSL5;SCGN;IER2;HSPA5;RPL36;RPS19;JUN;HSP90AB1;RPS15;CHGA;TPT1;RPLP1;FTL;JUND;RPL34;RPL18;RPLP2;RPS8;RPL18A;RPS3;RPS28;RPL13A;RPL37A;RPL8;TMSB10;CRYBA2;RPS11;CLDN4;RPL28;RPS29;RPL35A;RPS24;ATF3;RPS6;RPS27A;RPL3;RPS3A;RPS14;RPL7A;RPL29;RPS18;RPL32;RPL19;RPS9;RPL11;GNAS;MYL6;RPS4X;RPL39;FAU;UBB;RPS2;EIF1;COX4I1,HSPA1A;HSP90AA1;FOS;S100A6;KRT8;INSL5;SCGN;IER2;HSPA5;RPL36;RPS19;JUN;HSP90AB1;RPS15;CHGA;TPT1;RPLP1;FTL;JUND;RPL34;RPL18;RPLP2;RPS8;RPL18A;RPS3;RPS28;RPL13A;RPL37A;RPL8;TMSB10;CRYBA2;RPS11;CLDN4;RPL28;RPS29;RPL35A;RPS24;ATF3;RPS6;RPS27A;RPL3;RPS3A;RPS14;RPL7A;RPL29;RPS18;RPL32;RPL19;RPS9;RPL11;GNAS;MYL6;RPS4X;RPL39;FAU;UBB;RPS2;EIF1;COX4I1;RPS27;RPL30;RPL37;RPL41;COX6C;RPS23;PTMA;RPL21;EEF1A1;FTH1;HSPA8;FOSB;RPL12;B2M;BTG2;PCSK1N;ACTG1;SCG5;LCN15;VMP1;PYY;CALM1;ELF3;TUBA1A;EGR1;SST;TPH1,"[2, 996, 1219, 1299, 1580, 1597, 1620, 2071, 2084, 2297, 2336, 2405, 2454, 2583, 2611, 2707, 2741, 3009, 3051, 3066, 3110, 3161, 3240, 3274, 3341, 3464, 3478, 3513, 3549, 3661, 3854, 3907, 3933, 3938, 4056, 4202, 4212, 4249, 4340, 4464, 4465, 4491, 4601, 4603, 4699, 4800, 4803, 4864, 4925, 5044, 5066, 5081, 5294, 5363, 5365, 5432, 5472, 5574, 5598, 5753, 6030, 6213, 6566, 6573, 6735, 7036, 7173, 7718, 7728, 7892, 7914, 8419, 8759, 9417, 9597, 11600, 12003, 12104, 12668, 12717, 13283, 14662, 16804, 17016, 17376, 17377]",Tabula_Sapiens__Large Intestine-intestinal Enteroendocrine Cell
Tabula_Sapiens,Eye-ciliary Body,prerank,0.4236179399946359,1.6951393807154256,0.002044989775051125,0.001044360804271491,0.054,26_85,26/85,17.51%,HSPA6;HSPA1A;HSPB1;HSPA1B;DNAJB1;CLU;GADD45B;KLF2;CRYAB;IFITM3;HSP90AA1;FOS;S100A6;VIM;RPS21;ZFP36;JUN;RGS2;HSP90AB1;ADIRF;RPS15;TPT1;RPLP1;FTL;JUND;RPL34,HSPA6;HSPA1A;HSPB1;HSPA1B;DNAJB1;CLU;GADD45B;KLF2;CRYAB;IFITM3;HSP90AA1;FOS;S100A6;VIM;RPS21;ZFP36;JUN;RGS2;HSP90AB1;ADIRF;RPS15;TPT1;RPLP1;FTL;JUND;RPL34;RPS8;RPS28;RPL37A;TSC22D1;RPS29;CSRP2;SQSTM1;RPS24;ATF3;RPL3;RPS14;RPS18;RPL32;RPL19;LMNA;FAU;UBB;EIF1;RPS27;GAPDH;RPL30;RPL37;RPL41;PTMA;RPL21;EEF1A1;FTH1;A2M;HSPA8;FOSB;RPL12;RHOB;B2M;NUDT4;BTG2;DDX5;DIO2;PPP1R12A;HNRNPU;NR4A1;CALM1;ATP2A2;SORBS2;DSTN;CHRM3;TPM1;MYOC;MYLK;MAP1B;SYNPO2;RGS5;MYL9;PLCB4;PPP1R12B;PRUNE2;MYH11;EGR1;PCP4;ACTA2,"[0, 2, 4, 7, 8, 751, 762, 811, 969, 970, 996, 1219, 1299, 1399, 1679, 1852, 2405, 2412, 2454, 2504, 2583, 2707, 2741, 3009, 3051, 3066, 3240, 3464, 3513, 3795, 4056, 4118, 4128, 4212, 4249, 4465, 4601, 4800, 4803, 4864, 4905, 5365, 5432, 5574, 5753, 5812, 6030, 6213, 6566, 7036, 7173, 7718, 7728, 7759, 7892, 7914, 8419, 8680, 8759, 8767, 9417, 9867, 11177, 12199, 12398, 12865, 13283, 13652, 13710, 13724, 13897, 14533, 14790, 14897, 15271, 15843, 16120, 16189, 16253, 16361, 16476, 16634, 17016, 17145, 17447]",Tabula_Sapiens__Eye-ciliary Body
Tabula_Sapiens,Lung-vascular Associated Smooth Muscle Cell,prerank,0.42666080325311645,1.6888706173193662,0.0,0.0011543948299731926,0.058,50_85,50/85,29.01%,MT2A;MT1E;CEBPD;IGFBP6;FOS;S100A6;VIM;TIMP1;IGFBP5;RPS19;JUN;RPS15;TIMP3;RPS16;LGALS1;TPT1;RPLP1;FTL;JUND;RPL34;CD63;RPL18;RPL9;RPS8;RPL18A;RPS3;MYL12A;RPS28;RPL13A;RPL8;TMSB10;APOE;RPL28;RPL35A;RPS24;RPS6;RPS27A;RPL3;RPS7;RPS3A;RPS14;RPL7A;RPL29;RPS18;RPL32;RPL19;RPS13;RPS9;RPL11;MYL6,MT2A;MT1E;CEBPD;IGFBP6;FOS;S100A6;VIM;TIMP1;IGFBP5;RPS19;JUN;RPS15;TIMP3;RPS16;LGALS1;TPT1;RPLP1;FTL;JUND;RPL34;CD63;RPL18;RPL9;RPS8;RPL18A;RPS3;MYL12A;RPS28;RPL13A;RPL8;TMSB10;APOE;RPL28;RPL35A;RPS24;RPS6;RPS27A;RPL3;RPS7;RPS3A;RPS14;RPL7A;RPL29;RPS18;RPL32;RPL19;RPS13;RPS9;RPL11;MYL6;RPS4X;FAU;RPS2;EIF1;TXNIP;RPS27;RPS15A;RPL30;CALD1;CST3;RPL41;RPS23;TPM2;PTMA;RPL10A;EEF1A1;FTH1;A2M;SPARCL1;GPX3;RPL12;B2M;TMSB4X;MGP;CALM2;IGFBP7;ACTG1;DSTN;CAV1;TPM1;MYL9;PPP1R14A;MYH11;TAGLN;ACTA2,"[145, 308, 312, 1105, 1219, 1299, 1399, 1515, 1810, 2336, 2405, 2583, 2602, 2683, 2686, 2707, 2741, 3009, 3051, 3066, 3076, 3110, 3204, 3240, 3274, 3341, 3359, 3464, 3478, 3549, 3661, 3783, 3938, 4202, 4212, 4340, 4464, 4465, 4486, 4491, 4601, 4603, 4699, 4800, 4803, 4864, 4883, 4925, 5044, 5081, 5294, 5365, 5472, 5574, 5739, 5753, 5993, 6030, 6176, 6273, 6566, 6735, 6931, 7036, 7111, 7718, 7728, 7759, 7992, 7997, 8419, 8759, 8993, 9257, 10877, 11361, 11600, 13724, 13967, 14533, 16189, 16332, 16634, 16652, 17447]",Tabula_Sapiens__Lung-vascular Associated Smooth Muscle Cell
Tabula_Sapiens,Large Intestine-intestinal Tuft Cell,prerank,0.42135852489266556,1.6644246752298173,0.0,0.0016435386862996785,0.07,51_83,51/83,29.01%,KRT18;IL17RB;SH2D6;KRT19;S100A6;TRPM5;S100A10;KRT8;RPS21;SERF2;RPL36;RPS19;JUN;RPS15;TFF3;TPT1;RAB11FIP1;RPLP1;PSTPIP2;RPL34;RPL18;RPLP2;RPS8;RPL18A;PRSS3;RPS28;RPL13A;RPL37A;RPL8;RPL31;TMSB10;COX7C;RPS11;RPL28;RPL38;RPS29;RASSF6;RPL35;RPL35A;RPS24;RPL6;RPS6;RPS14;RPL29;RPS18;RPL32;RPL19;RPS9;RPL27A;RPL11;MYL6,KRT18;IL17RB;SH2D6;KRT19;S100A6;TRPM5;S100A10;KRT8;RPS21;SERF2;RPL36;RPS19;JUN;RPS15;TFF3;TPT1;RAB11FIP1;RPLP1;PSTPIP2;RPL34;RPL18;RPLP2;RPS8;RPL18A;PRSS3;RPS28;RPL13A;RPL37A;RPL8;RPL31;TMSB10;COX7C;RPS11;RPL28;RPL38;RPS29;RASSF6;RPL35;RPL35A;RPS24;RPL6;RPS6;RPS14;RPL29;RPS18;RPL32;RPL19;RPS9;RPL27A;RPL11;MYL6;COX5B;RPL39;RPS2;LGALS3;COX4I1;RPS27;RPL37;POU2F3;LGALS4;RPL41;COX6C;PTMA;RPL10A;EEF1A1;FTH1;RPL12;ARGLU1;PPDPF;TMSB4X;RPL15;AVIL;ACTG1;CCND1;TPM1;ELF3;AKAP9;MAP7;EHF;MARCKSL1;EPCAM;BMX;CLDN3,"[166, 192, 477, 1151, 1299, 1303, 1551, 1580, 1679, 2068, 2297, 2336, 2405, 2583, 2699, 2707, 2711, 2741, 3047, 3066, 3110, 3161, 3240, 3274, 3321, 3464, 3478, 3513, 3549, 3614, 3661, 3856, 3907, 3938, 3947, 4056, 4087, 4163, 4202, 4212, 4220, 4340, 4601, 4699, 4800, 4803, 4864, 4925, 5032, 5044, 5081, 5276, 5363, 5472, 5562, 5598, 5753, 6213, 6249, 6251, 6566, 6573, 7036, 7111, 7718, 7728, 8419, 8574, 8669, 8993, 10085, 10266, 11600, 13458, 14533, 14662, 15184, 15415, 15681, 15700, 16430, 16441, 17452]",Tabula_Sapiens__Large Intestine-intestinal Tuft Cell
Tabula_Sapiens,Liver-neutrophil,prerank,0.4198345113241553,1.6569625179095757,0.0,0.0018550102455637746,0.077,56_86,56/86,28.80%,NFKBIA;CCL2;DCN;GATA2;TIMP1;RPS21;COL1A2;RPL36;RPS19;TPSAB1;RPS15;RPS16;TPT1;RPLP1;FTL;RPL34;RPL18;RPLP2;RPL9;RPS8;RPL18A;RPS3;RPS28;RPL13A;RPL37A;RPL8;RPL31;TMSB10;RPS5;RPS11;RPL28;RPS29;RPL14;RPS20;RPL35;RPL35A;RPS24;RPL6;RPS6;RPS27A;RPL3;RPS7;RPS3A;RPS25;RPS14;RPL7A;RPL29;RPL23A;RPS18;RPL32;RPL19;RPS13;RPS9;RPSA;RPL27A;RPL11,NFKBIA;CCL2;DCN;GATA2;TIMP1;RPS21;COL1A2;RPL36;RPS19;TPSAB1;RPS15;RPS16;TPT1;RPLP1;FTL;RPL34;RPL18;RPLP2;RPL9;RPS8;RPL18A;RPS3;RPS28;RPL13A;RPL37A;RPL8;RPL31;TMSB10;RPS5;RPS11;RPL28;RPS29;RPL14;RPS20;RPL35;RPL35A;RPS24;RPL6;RPS6;RPS27A;RPL3;RPS7;RPS3A;RPS25;RPS14;RPL7A;RPL29;RPL23A;RPS18;RPL32;RPL19;RPS13;RPS9;RPSA;RPL27A;RPL11;RPS4X;RPL39;RPS2;RPS27;RPS15A;RPL30;RPL5;RPL37;RPLP0;RPL41;RPS23;RPL10A;RPL21;EEF1A1;FTH1;IL13;RPL12;B2M;TMSB4X;MGP;RPL15;HPGD;IGFBP7;EEF1B2;ACTG1;RPL26;HBA1;HBA2;ALB;HBB,"[438, 636, 1395, 1410, 1515, 1679, 2167, 2297, 2336, 2414, 2583, 2683, 2707, 2741, 3009, 3066, 3110, 3161, 3204, 3240, 3274, 3341, 3464, 3478, 3513, 3549, 3614, 3661, 3685, 3907, 3938, 4056, 4093, 4125, 4163, 4202, 4212, 4220, 4340, 4464, 4465, 4486, 4491, 4542, 4601, 4603, 4699, 4751, 4800, 4803, 4864, 4883, 4925, 5014, 5032, 5044, 5294, 5363, 5472, 5753, 5993, 6030, 6075, 6213, 6265, 6566, 6735, 7111, 7173, 7718, 7728, 8393, 8419, 8759, 8993, 9257, 10085, 10856, 11361, 11512, 11600, 16730, 16828, 17205, 17324, 17414]",Tabula_Sapiens__Liver-neutrophil
Tabula_Sapiens,Liver-nk Cell,prerank,0.41364354235861794,1.6471677588832139,0.0,0.002104172995369477,0.084,57_84,57/84,34.68%,NFKBIA;FCER1G;HSP90AA1;SRGN;BTG1;RPS21;RPL36;RPS19;HSP90AB1;RPS15;TPT1;RPLP1;GSTP1;JUND;RPL34;RPL18;RPLP2;RPL9;RPS8;HLA-B;RPL18A;RPS3;MYL12A;RPS28;TMSB10;RPS5;RPL28;RPS29;RPL14;RPS24;RPL6;RPS6;RPS27A;RPS7;RPS3A;RPS14;RPL29;RPL23A;RPS18;RPL32;RPL19;RPS13;RPSA;RPL11;NACA;RPS4X;RPL39;FAU;RPS2;EIF1;RPS27;GAPDH;PFN1;RPS15A;NR4A2;RPL30;RPL5,NFKBIA;FCER1G;HSP90AA1;SRGN;BTG1;RPS21;RPL36;RPS19;HSP90AB1;RPS15;TPT1;RPLP1;GSTP1;JUND;RPL34;RPL18;RPLP2;RPL9;RPS8;HLA-B;RPL18A;RPS3;MYL12A;RPS28;TMSB10;RPS5;RPL28;RPS29;RPL14;RPS24;RPL6;RPS6;RPS27A;RPS7;RPS3A;RPS14;RPL29;RPL23A;RPS18;RPL32;RPL19;RPS13;RPSA;RPL11;NACA;RPS4X;RPL39;FAU;RPS2;EIF1;RPS27;GAPDH;PFN1;RPS15A;NR4A2;RPL30;RPL5;RPL37;XCL1;RPL41;HMGB2;RPS23;PTMA;RPL21;HNRNPA2B1;CCL3;EEF1A1;FTH1;PPIA;RPL12;B2M;TMSB4X;RPL15;TUBA1B;CCL4;ARPC2;ACTG1;STMN1;HMGB1;CALM1;NKG7;CD69;RPL26;GZMA,"[438, 857, 996, 1146, 1239, 1679, 2297, 2336, 2454, 2583, 2707, 2741, 2918, 3051, 3066, 3110, 3161, 3204, 3240, 3273, 3274, 3341, 3359, 3464, 3661, 3685, 3938, 4056, 4093, 4212, 4220, 4340, 4464, 4486, 4491, 4601, 4699, 4751, 4800, 4803, 4864, 4883, 5014, 5044, 5174, 5294, 5363, 5365, 5472, 5574, 5753, 5812, 5977, 5993, 6025, 6030, 6075, 6213, 6469, 6566, 6590, 6735, 7036, 7173, 7364, 7409, 7718, 7728, 8153, 8419, 8759, 8993, 10085, 10112, 10797, 11250, 11600, 12100, 12555, 13283, 15287, 16391, 16730, 17331]",Tabula_Sapiens__Liver-nk Cell
Tabula_Sapiens,Large Intestine-paneth Cell Of Epithelium Of Large Intestine,prerank,0.41557682576048033,1.6335415079836113,0.0019305019305019305,0.0024978851176338463,0.092,59_82,59/82,31.96%,KRT18;FXYD3;KRT19;S100A6;S100A10;KRT8;RPS21;SERF2;IER3;RPL36;RPS19;JUN;RPS15;TPT1;RAB11FIP1;RPLP1;RPL34;RPL18;RPLP2;RPL9;RPS8;RPL18A;RPS3;RPS28;RPL13A;RPL37A;RPL8;RPL31;TMSB10;CA7;RPS11;CLDN4;RPL28;RPL38;RPS29;RPS20;RPL35;RPL35A;RPS24;RPL6;ITM2C;RPS6;RPS14;RPL7A;RPL29;RPL23A;RPS18;RPL32;RPL19;RPS9;RPL27A;RPL11;MYL6;RPL39;FAU;RPS2;LGALS3;EIF1;COX4I1,KRT18;FXYD3;KRT19;S100A6;S100A10;KRT8;RPS21;SERF2;IER3;RPL36;RPS19;JUN;RPS15;TPT1;RAB11FIP1;RPLP1;RPL34;RPL18;RPLP2;RPL9;RPS8;RPL18A;RPS3;RPS28;RPL13A;RPL37A;RPL8;RPL31;TMSB10;CA7;RPS11;CLDN4;RPL28;RPL38;RPS29;RPS20;RPL35;RPL35A;RPS24;RPL6;ITM2C;RPS6;RPS14;RPL7A;RPL29;RPL23A;RPS18;RPL32;RPL19;RPS9;RPL27A;RPL11;MYL6;RPL39;FAU;RPS2;LGALS3;EIF1;COX4I1;RPS27;RPS15A;RPL30;RPL37;LGALS4;RPL41;RPS23;RPL10A;RPL21;EEF1A1;FTH1;RPL12;PPDPF;TMSB4X;PHLDA2;ACTG1;ELF3;BEST4;EPCAM;RPL26;TSPAN8;FABP1;CLDN3,"[166, 430, 1151, 1299, 1551, 1580, 1679, 2068, 2252, 2297, 2336, 2405, 2583, 2707, 2711, 2741, 3066, 3110, 3161, 3204, 3240, 3274, 3341, 3464, 3478, 3513, 3549, 3614, 3661, 3904, 3907, 3933, 3938, 3947, 4056, 4125, 4163, 4202, 4212, 4220, 4272, 4340, 4601, 4603, 4699, 4751, 4800, 4803, 4864, 4925, 5032, 5044, 5081, 5363, 5365, 5472, 5562, 5574, 5598, 5753, 5993, 6030, 6213, 6251, 6566, 6735, 7111, 7173, 7718, 7728, 8419, 8669, 8993, 11321, 11600, 14662, 16152, 16430, 16730, 16789, 17237, 17452]",Tabula_Sapiens__Large Intestine-paneth Cell Of Epithelium Of Large Intestine
Tabula_Sapiens,Vasculature-smooth Muscle Cell,prerank,0.406274359358432,1.6233256829587819,0.00196078431372549,0.0028299753407661815,0.101,46_90,46/90,27.77%,HSPB1;MT2A;S100A4;ADH1B;CLU;IFITM3;S100A6;VIM;TIMP1;PALLD;COL1A2;BGN;RPL36;RPS19;ADIRF;RPS16;LGALS1;TPT1;RPLP1;FTL;RPL34;CD63;RPLP2;VCAN;RPL9;RPS8;RPL18A;RPS3;RPL13A;RPL37A;RPL8;IGFBP2;CSRP1;TMSB10;RPS11;RPL35A;RPS24;RPS6;RPS27A;RPL3;RPS3A;RPS14;RPL7A;RPS18;RPL32;RPL19,HSPB1;MT2A;S100A4;ADH1B;CLU;IFITM3;S100A6;VIM;TIMP1;PALLD;COL1A2;BGN;RPL36;RPS19;ADIRF;RPS16;LGALS1;TPT1;RPLP1;FTL;RPL34;CD63;RPLP2;VCAN;RPL9;RPS8;RPL18A;RPS3;RPL13A;RPL37A;RPL8;IGFBP2;CSRP1;TMSB10;RPS11;RPL35A;RPS24;RPS6;RPS27A;RPL3;RPS3A;RPS14;RPL7A;RPS18;RPL32;RPL19;RPL11;MYL6;RPS4X;RPS2;RPS27;GAPDH;RPL30;RPL5;CALD1;RPL37;CST3;RPL41;RPS23;FLNA;TPM2;PTMA;MFGE8;RPL21;EEF1A1;FTH1;SPARCL1;RPL12;B2M;TMSB4X;MGP;LPP;TCEAL4;SPARC;RPL15;IGFBP7;TPM4;ACTG1;ITGB1;FN1;CALM1;DSTN;TPM1;MAP1B;RGS5;MYL9;PPP1R14A;MYH11;TAGLN;ACTA2,"[4, 145, 245, 648, 751, 970, 1299, 1399, 1515, 2056, 2167, 2213, 2297, 2336, 2504, 2683, 2686, 2707, 2741, 3009, 3066, 3076, 3161, 3195, 3204, 3240, 3274, 3341, 3478, 3513, 3549, 3564, 3628, 3661, 3907, 4202, 4212, 4340, 4464, 4465, 4491, 4601, 4603, 4800, 4803, 4864, 5044, 5081, 5294, 5472, 5753, 5812, 6030, 6075, 6176, 6213, 6273, 6566, 6735, 6813, 6931, 7036, 7133, 7173, 7718, 7728, 7992, 8419, 8759, 8993, 9257, 9547, 9629, 9882, 10085, 11361, 11539, 11600, 11941, 12440, 13283, 13724, 14533, 15271, 16120, 16189, 16332, 16634, 16652, 17447]",Tabula_Sapiens__Vasculature-smooth Muscle Cell
Tabula_Sapiens,Thymus-vascular Associated Smooth Muscle Cell,prerank,0.4068229724172316,1.6226652923978881,0.0038022813688212928,0.0028492075300197675,0.101,48_89,48/89,27.88%,HSPB1;MT1M;MT2A;S100A4;CEBPD;CCL2;GADD45B;CRYAB;IFITM3;FOS;S100A6;VIM;IGFBP5;ZFP36;RPS19;ADIRF;RPS15;TIMP3;LGALS1;TPT1;RPLP1;FTL;RPL34;RPL18;RPLP2;RPS8;RPL18A;RPS3;RPS28;RPL13A;RPL37A;ADAMTS1;RPL8;CSRP1;APOE;RPL28;RPL14;RPL35A;RPS6;RPS27A;RPL3;RPS3A;RPS14;RPL7A;RPS18;RPL32;RPL19;RPS13,HSPB1;MT1M;MT2A;S100A4;CEBPD;CCL2;GADD45B;CRYAB;IFITM3;FOS;S100A6;VIM;IGFBP5;ZFP36;RPS19;ADIRF;RPS15;TIMP3;LGALS1;TPT1;RPLP1;FTL;RPL34;RPL18;RPLP2;RPS8;RPL18A;RPS3;RPS28;RPL13A;RPL37A;ADAMTS1;RPL8;CSRP1;APOE;RPL28;RPL14;RPL35A;RPS6;RPS27A;RPL3;RPS3A;RPS14;RPL7A;RPS18;RPL32;RPL19;RPS13;RPL11;MYL6;RPS4X;FAU;RPS2;RPS27;GAPDH;RPL30;RPL5;CALD1;RPL37;RPLP0;CST3;RPL41;RPS23;FLNA;TPM2;PTMA;RPL21;EEF1A1;FTH1;SPARCL1;RPL12;RHOB;TMSB4X;MGP;FABP4;IGFBP7;ACTG1;NR4A1;DSTN;TPM1;MYLK;MYL9;PPP1R14A;MYH11;TAGLN;ACTG2;EGR1;DES;ACTA2,"[4, 126, 145, 245, 312, 636, 762, 969, 970, 1219, 1299, 1399, 1810, 1852, 2336, 2504, 2583, 2602, 2686, 2707, 2741, 3009, 3066, 3110, 3161, 3240, 3274, 3341, 3464, 3478, 3513, 3516, 3549, 3628, 3783, 3938, 4093, 4202, 4340, 4464, 4465, 4491, 4601, 4603, 4800, 4803, 4864, 4883, 5044, 5081, 5294, 5365, 5472, 5753, 5812, 6030, 6075, 6176, 6213, 6265, 6273, 6566, 6735, 6813, 6931, 7036, 7173, 7718, 7728, 7992, 8419, 8680, 8993, 9257, 9876, 11361, 11600, 12865, 13724, 14533, 14897, 16189, 16332, 16634, 16652, 16820, 17016, 17091, 17447]",Tabula_Sapiens__Thymus-vascular Associated Smooth Muscle Cell
Tabula_Sapiens,Trachea-ciliated Cell,prerank,0.40742964167993084,1.6073635548988914,0.006024096385542169,0.0034471310323152746,0.123,46_77,46/77,31.17%,SLPI;LCN2;HLA-DRA;CD74;HSP90AA1;S100A11;S100A6;NQO1;ANXA2;S100A2;TMC5;CD59;SERF2;HSP90AB1;CSTB;TPT1;RPLP1;GSTP1;FTL;RPL34;RPS8;HLA-B;RPS28;RPL13A;RPL37A;IGFBP2;DYNLL1;TMSB10;COX7C;RPL28;PRDX1;RPS24;RPS27A;RPS14;TUBB4B;SOD1;RPL19;HLA-C;RPL11;ANXA1;MYL6;GPX4;RPL39;GSN;UBB;CIB1,SLPI;LCN2;HLA-DRA;CD74;HSP90AA1;S100A11;S100A6;NQO1;ANXA2;S100A2;TMC5;CD59;SERF2;HSP90AB1;CSTB;TPT1;RPLP1;GSTP1;FTL;RPL34;RPS8;HLA-B;RPS28;RPL13A;RPL37A;IGFBP2;DYNLL1;TMSB10;COX7C;RPL28;PRDX1;RPS24;RPS27A;RPS14;TUBB4B;SOD1;RPL19;HLA-C;RPL11;ANXA1;MYL6;GPX4;RPL39;GSN;UBB;CIB1;LGALS3;PRDX5;RPS27;UFC1;TMBIM6;RPL41;PTMA;EEF1A1;FTH1;WFDC2;HSPA8;PSENEN;TSPAN1;B2M;DNAAF1;CETN2;MORN2;CALM2;ODF3B;IGFBP7;ACTG1;GSTA1;CALM1;TMEM190;RSPH1;ELF3;TPPP3;OMG;PIFO;TUBA1A;FAM183A,"[42, 756, 855, 908, 996, 1102, 1299, 1507, 1542, 1766, 1868, 2017, 2068, 2454, 2706, 2707, 2741, 2918, 3009, 3066, 3240, 3273, 3464, 3478, 3513, 3564, 3652, 3661, 3856, 3938, 4033, 4212, 4464, 4601, 4637, 4670, 4864, 5034, 5044, 5053, 5081, 5118, 5363, 5373, 5432, 5459, 5562, 5750, 5753, 6052, 6122, 6566, 7036, 7718, 7728, 7784, 7892, 8005, 8356, 8759, 9239, 9649, 10290, 10877, 11102, 11361, 11600, 13096, 13283, 13351, 13903, 14662, 14952, 15098, 15200, 16804, 17418]",Tabula_Sapiens__Trachea-ciliated Cell
Tabula_Sapiens,Small Intestine-intestinal Crypt Stem Cell Of Small Intestine,prerank,0.40248605339511623,1.5889764647089846,0.007874015748031496,0.004352351621020598,0.144,53_84,53/84,28.80%,KRT18;PLAUR;KRT19;S100A6;ANXA2;KRT8;RPS21;RPL36;RPS19;JUN;RPS15;TPT1;RAB11FIP1;RPLP1;GSTP1;FTL;RPL34;RPL18;RPLP2;RPS8;RPL18A;RPS3;RPS28;RPL13A;RPL37A;KLF6;RPL8;RPL31;TMSB10;RPS5;CCL25;COX7C;RPS11;CLDN4;RPL28;RPS29;RPL14;RPL35;RPL35A;RPS24;RPL6;RPS6;RPL3;RPS3A;RPS14;RPL7A;RPL29;RPS18;RPL32;RPL19;RPS9;RPL27A;RPL11,KRT18;PLAUR;KRT19;S100A6;ANXA2;KRT8;RPS21;RPL36;RPS19;JUN;RPS15;TPT1;RAB11FIP1;RPLP1;GSTP1;FTL;RPL34;RPL18;RPLP2;RPS8;RPL18A;RPS3;RPS28;RPL13A;RPL37A;KLF6;RPL8;RPL31;TMSB10;RPS5;CCL25;COX7C;RPS11;CLDN4;RPL28;RPS29;RPL14;RPL35;RPL35A;RPS24;RPL6;RPS6;RPL3;RPS3A;RPS14;RPL7A;RPL29;RPS18;RPL32;RPL19;RPS9;RPL27A;RPL11;RPS4X;RPL39;RPS2;LGALS3;COX4I1;RPS27;GAPDH;RPS15A;RPL30;GADD45A;RPL37;LGALS4;RPLP0;RPL41;RPS23;RPL10A;RPL21;EEF1A1;RPL12;PHLDA2;EEF1B2;ACTG1;OLFM4;HBEGF;GSTA1;ELF3;EPCAM;RPL26;TSPAN8;FABP1;CLDN3,"[166, 295, 1151, 1299, 1542, 1580, 1679, 2297, 2336, 2405, 2583, 2707, 2711, 2741, 2918, 3009, 3066, 3110, 3161, 3240, 3274, 3341, 3464, 3478, 3513, 3544, 3549, 3614, 3661, 3685, 3814, 3856, 3907, 3933, 3938, 4056, 4093, 4163, 4202, 4212, 4220, 4340, 4465, 4491, 4601, 4603, 4699, 4800, 4803, 4864, 4925, 5032, 5044, 5294, 5363, 5472, 5562, 5598, 5753, 5812, 5993, 6030, 6156, 6213, 6251, 6265, 6566, 6735, 7111, 7173, 7718, 8419, 11321, 11512, 11600, 12812, 12920, 13096, 14662, 16430, 16730, 16789, 17237, 17452]",Tabula_Sapiens__Small Intestine-intestinal Crypt Stem Cell Of Small Intestine
Tabula_Sapiens,Uterus-myometrial Cell,prerank,0.3958954794782907,1.5885056350114861,0.005714285714285714,0.004397713892053273,0.145,56_91,56/91,30.63%,MT2A;S100A4;CEBPD;MT1X;NFKBIA;GADD45B;S100A6;VIM;IER3;RPL36;RPS19;ADIRF;RPS15;RPS16;LGALS1;TPT1;RPLP1;FTL;RPL34;RPL18;RPLP2;RPL9;RPS8;RPL18A;RPS3;RPS28;RPL13A;RPL37A;RPL8;TMSB10;RPL28;RPL14;RPL35;RPL35A;RPS24;RPL6;RPS6;RPS27A;RPL3;RPS7;RPS3A;RPS14;RPL7A;RPL29;RPL23A;RPS18;RPL32;RPL19;RPS13;RPS9;RPL11;MYL6;NACA;RPS4X;RPL39;FAU,MT2A;S100A4;CEBPD;MT1X;NFKBIA;GADD45B;S100A6;VIM;IER3;RPL36;RPS19;ADIRF;RPS15;RPS16;LGALS1;TPT1;RPLP1;FTL;RPL34;RPL18;RPLP2;RPL9;RPS8;RPL18A;RPS3;RPS28;RPL13A;RPL37A;RPL8;TMSB10;RPL28;RPL14;RPL35;RPL35A;RPS24;RPL6;RPS6;RPS27A;RPL3;RPS7;RPS3A;RPS14;RPL7A;RPL29;RPL23A;RPS18;RPL32;RPL19;RPS13;RPS9;RPL11;MYL6;NACA;RPS4X;RPL39;FAU;RPS2;EIF1;RPS27;GAPDH;RPS15A;RPL30;RPL5;CALD1;RPL37;RPL41;RPS23;TPM2;PTMA;RPL10A;RPL21;EEF1A1;FTH1;SPARCL1;RPL12;B2M;TMSB4X;MGP;SOD2;RPL15;IGFBP7;ACTG1;DSTN;TPM1;MYL9;MYH11;TAGLN;RPL26;ACTG2;DES;ACTA2,"[145, 245, 312, 318, 438, 762, 1299, 1399, 2252, 2297, 2336, 2504, 2583, 2683, 2686, 2707, 2741, 3009, 3066, 3110, 3161, 3204, 3240, 3274, 3341, 3464, 3478, 3513, 3549, 3661, 3938, 4093, 4163, 4202, 4212, 4220, 4340, 4464, 4465, 4486, 4491, 4601, 4603, 4699, 4751, 4800, 4803, 4864, 4883, 4925, 5044, 5081, 5174, 5294, 5363, 5365, 5472, 5574, 5753, 5812, 5993, 6030, 6075, 6176, 6213, 6566, 6735, 6931, 7036, 7111, 7173, 7718, 7728, 7992, 8419, 8759, 8993, 9257, 9365, 10085, 11361, 11600, 13724, 14533, 16189, 16634, 16652, 16730, 16820, 17091, 17447]",Tabula_Sapiens__Uterus-myometrial Cell
Tabula_Sapiens,Vasculature-pericyte Cell,prerank,0.3805560105815803,1.5375387543739805,0.001893939393939394,0.00801915525712207,0.205,50_90,50/90,29.01%,MT2A;MT1E;IFITM3;FOS;S100A6;STEAP4;VIM;IGFBP5;RPL36;RPS19;ADIRF;TIMP3;RPS16;LGALS1;TPT1;RPLP1;RPL34;RPL18;RPLP2;RPL9;RPS8;RPL18A;RPS3;RPS28;RPL13A;RPL37A;ADAMTS1;RPL8;RPS11;RPL28;RPL35;RPL35A;RPS24;RPL6;RPS6;RPS27A;RPL3;RPS7;RPS3A;RPS14;RPL7A;RPL29;RPL23A;RPS18;RPL32;RPL19;RPS9;RPL27A;RPL11;MYL6,MT2A;MT1E;IFITM3;FOS;S100A6;STEAP4;VIM;IGFBP5;RPL36;RPS19;ADIRF;TIMP3;RPS16;LGALS1;TPT1;RPLP1;RPL34;RPL18;RPLP2;RPL9;RPS8;RPL18A;RPS3;RPS28;RPL13A;RPL37A;ADAMTS1;RPL8;RPS11;RPL28;RPL35;RPL35A;RPS24;RPL6;RPS6;RPS27A;RPL3;RPS7;RPS3A;RPS14;RPL7A;RPL29;RPL23A;RPS18;RPL32;RPL19;RPS9;RPL27A;RPL11;MYL6;RPS4X;FAU;RPS2;RPS27;RPL30;RPL5;CALD1;RPL37;CST3;NR2F2;RPL41;RPS23;FLNA;TPM2;PTMA;RPL10A;RPL21;EEF1A1;FTH1;A2M;SPARCL1;RPL12;B2M;TMSB4X;MGP;LPP;RPL15;IGFBP7;ACTG1;ITGB1;DSTN;LMOD1;TPM1;MAP1B;SYNPO2;RGS5;MYL9;MYH11;TAGLN;ACTA2,"[145, 308, 970, 1219, 1299, 1358, 1399, 1810, 2297, 2336, 2504, 2602, 2683, 2686, 2707, 2741, 3066, 3110, 3161, 3204, 3240, 3274, 3341, 3464, 3478, 3513, 3516, 3549, 3907, 3938, 4163, 4202, 4212, 4220, 4340, 4464, 4465, 4486, 4491, 4601, 4603, 4699, 4751, 4800, 4803, 4864, 4925, 5032, 5044, 5081, 5294, 5365, 5472, 5753, 6030, 6075, 6176, 6213, 6273, 6366, 6566, 6735, 6813, 6931, 7036, 7111, 7173, 7718, 7728, 7759, 7992, 8419, 8759, 8993, 9257, 9547, 10085, 11361, 11600, 11941, 13724, 14419, 14533, 15271, 15843, 16120, 16189, 16634, 16652, 17447]",Tabula_Sapiens__Vasculature-pericyte Cell
Tabula_Sapiens,Salivary Gland-myoepithelial Cell,prerank,0.3838735974708363,1.5152191190054574,0.015238095238095238,0.010489889260099226,0.236,47_81,47/81,29.01%,SLPI;AZGP1;HSP90AA1;FOS;RPS21;ZG16B;RPL36;RPS19;JUN;RPS15;RPS16;TPT1;RPLP1;FTL;RPL34;RPL18;RPLP2;RPL9;RPS8;RPL18A;RPS3;RPS28;RPL13A;RPL37A;RPL8;RPS5;RPS11;RPL28;RPL14;RPS20;RPL35;RPL35A;RPS24;RPL6;RPS6;RPS27A;RPL3;RPS3A;RPS14;RPL7A;RPL29;RPS18;RPL32;RPL19;RPS9;RPL11;MYL6,SLPI;AZGP1;HSP90AA1;FOS;RPS21;ZG16B;RPL36;RPS19;JUN;RPS15;RPS16;TPT1;RPLP1;FTL;RPL34;RPL18;RPLP2;RPL9;RPS8;RPL18A;RPS3;RPS28;RPL13A;RPL37A;RPL8;RPS5;RPS11;RPL28;RPL14;RPS20;RPL35;RPL35A;RPS24;RPL6;RPS6;RPS27A;RPL3;RPS3A;RPS14;RPL7A;RPL29;RPS18;RPL32;RPL19;RPS9;RPL11;MYL6;RPS4X;RPL39;RPS2;RPS27;GAPDH;RPS15A;RPL30;RPL5;CALD1;RPL37;CST3;RPL41;RPS23;TPM2;PTMA;RPL10A;RPL21;EEF1A1;FTH1;FOSB;RPL12;MGP;RPL15;ACTG1;KRT17;DSTN;TPM1;MYLK;DST;MYL9;MYH11;TAGLN;ACTG2;ACTA2,"[42, 100, 996, 1219, 1679, 2171, 2297, 2336, 2405, 2583, 2683, 2707, 2741, 3009, 3066, 3110, 3161, 3204, 3240, 3274, 3341, 3464, 3478, 3513, 3549, 3685, 3907, 3938, 4093, 4125, 4163, 4202, 4212, 4220, 4340, 4464, 4465, 4491, 4601, 4603, 4699, 4800, 4803, 4864, 4925, 5044, 5081, 5294, 5363, 5472, 5753, 5812, 5993, 6030, 6075, 6176, 6213, 6273, 6566, 6735, 6931, 7036, 7111, 7173, 7718, 7728, 7914, 8419, 9257, 10085, 11600, 13183, 13724, 14533, 14897, 15276, 16189, 16634, 16652, 16820, 17447]",Tabula_Sapiens__Salivary Gland-myoepithelial Cell
Tabula_Sapiens,Skin-cell Of Skeletal Muscle,prerank,0.37802155376396795,1.5069910579572812,0.014814814814814815,0.011501930042012729,0.251,49_89,49/89,27.88%,HSPB1;MT2A;CEBPD;GADD45B;CRYAB;HSP90AA1;S100A6;VIM;RPS21;RPL36;RPS19;HSP90AB1;RPS15;RPS16;LGALS1;TPT1;RPLP1;FTL;RPL34;CD63;RPL18;RPLP2;RPL9;RPS8;RPL18A;RPS3;RPL37A;RPL8;CSRP1;RPS5;RPL14;RPL35;RPL35A;RPS24;RPL6;RPS6;RPS27A;RPL3;RPS7;RPS3A;RPS25;RPS14;RPL7A;RPL29;RPL23A;RPS18;RPL32;RPL19;RPS13,HSPB1;MT2A;CEBPD;GADD45B;CRYAB;HSP90AA1;S100A6;VIM;RPS21;RPL36;RPS19;HSP90AB1;RPS15;RPS16;LGALS1;TPT1;RPLP1;FTL;RPL34;CD63;RPL18;RPLP2;RPL9;RPS8;RPL18A;RPS3;RPL37A;RPL8;CSRP1;RPS5;RPL14;RPL35;RPL35A;RPS24;RPL6;RPS6;RPS27A;RPL3;RPS7;RPS3A;RPS25;RPS14;RPL7A;RPL29;RPL23A;RPS18;RPL32;RPL19;RPS13;RPL11;MYL6;RPS4X;RPL39;FAU;RPS2;EIF1;TXNIP;RPS27;GAPDH;PFN1;RPS15A;RPL30;RPL5;CALD1;RPL37;RPL41;RPS23;FLNA;TPM2;PTMA;RPL10A;RPL21;EEF1A1;FTH1;RPL12;RHOB;RPL15;TPM4;DSTN;TPM1;MYLK;MYL9;MYH11;TAGLN;CNN1;RPL26;ACTG2;DES;ACTA2,"[4, 145, 312, 762, 969, 996, 1299, 1399, 1679, 2297, 2336, 2454, 2583, 2683, 2686, 2707, 2741, 3009, 3066, 3076, 3110, 3161, 3204, 3240, 3274, 3341, 3513, 3549, 3628, 3685, 4093, 4163, 4202, 4212, 4220, 4340, 4464, 4465, 4486, 4491, 4542, 4601, 4603, 4699, 4751, 4800, 4803, 4864, 4883, 5044, 5081, 5294, 5363, 5365, 5472, 5574, 5739, 5753, 5812, 5977, 5993, 6030, 6075, 6176, 6213, 6566, 6735, 6813, 6931, 7036, 7111, 7173, 7718, 7728, 8419, 8680, 10085, 11539, 13724, 14533, 14897, 16189, 16634, 16652, 16708, 16730, 16820, 17091, 17447]",Tabula_Sapiens__Skin-cell Of Skeletal Muscle
Tabula_Sapiens,Lung-bronchial Smooth Muscle Cell,prerank,0.37460391324635817,1.5055413115956293,0.00922509225092251,0.011686444569180325,0.254,49_87,49/87,29.01%,MT2A;CEBPD;FOS;S100A6;VIM;TIMP1;RPS19;JUN;ADIRF;RPS15;TIMP3;RPS16;LGALS1;TPT1;RPLP1;FTL;JUND;RPL34;CD63;RPL18;RPL9;RPS8;RPL18A;RPS3;RPS28;RPL13A;RPL37A;RPL8;TMSB10;APOE;RPL28;RPL14;RPL35A;RPS24;RPS6;RPS27A;RPL3;RPS7;RPS3A;RPS14;RPL7A;RPL29;RPS18;RPL32;RPL19;RPS13;RPS9;RPL11;MYL6,MT2A;CEBPD;FOS;S100A6;VIM;TIMP1;RPS19;JUN;ADIRF;RPS15;TIMP3;RPS16;LGALS1;TPT1;RPLP1;FTL;JUND;RPL34;CD63;RPL18;RPL9;RPS8;RPL18A;RPS3;RPS28;RPL13A;RPL37A;RPL8;TMSB10;APOE;RPL28;RPL14;RPL35A;RPS24;RPS6;RPS27A;RPL3;RPS7;RPS3A;RPS14;RPL7A;RPL29;RPS18;RPL32;RPL19;RPS13;RPS9;RPL11;MYL6;RPS4X;FAU;RPS2;EIF1;TXNIP;RPS27;RPL30;RPL5;CALD1;RPL41;RPS23;FLNA;TPM2;PTMA;RPL10A;RPL21;NDUFA4;EEF1A1;FTH1;SPARCL1;RPL12;B2M;TMSB4X;MGP;RPL15;CALM2;ITM2B;IGFBP7;ACTG1;DSTN;CAV1;TPM1;MYL9;PPP1R14A;MYH11;TAGLN;EGR1;ACTA2,"[145, 312, 1219, 1299, 1399, 1515, 2336, 2405, 2504, 2583, 2602, 2683, 2686, 2707, 2741, 3009, 3051, 3066, 3076, 3110, 3204, 3240, 3274, 3341, 3464, 3478, 3513, 3549, 3661, 3783, 3938, 4093, 4202, 4212, 4340, 4464, 4465, 4486, 4491, 4601, 4603, 4699, 4800, 4803, 4864, 4883, 4925, 5044, 5081, 5294, 5365, 5472, 5574, 5739, 5753, 6030, 6075, 6176, 6566, 6735, 6813, 6931, 7036, 7111, 7173, 7461, 7718, 7728, 7992, 8419, 8759, 8993, 9257, 10085, 10877, 11214, 11361, 11600, 13724, 13967, 14533, 16189, 16332, 16634, 16652, 17016, 17447]",Tabula_Sapiens__Lung-bronchial Smooth Muscle Cell
Tabula_Sapiens,Fat-smooth Muscle Cell,prerank,0.37780343127433746,1.5035575065219795,0.005847953216374269,0.01195813353211129,0.255,49_88,49/88,29.01%,HSPA1A;HSPB1;MT2A;CRYAB;FOS;S100A6;VIM;RPS21;RPL36;RPS19;ADIRF;RPS15;RPS16;LGALS1;TPT1;RPLP1;FTL;RPL34;RPLP2;RPL9;RPS8;RPL18A;RPS3;RPS28;RPL13A;RPL37A;RPL8;CSRP1;RPS11;RPL38;RPL14;RPL35A;RPS24;RPS6;RPS27A;RPL3;RPS3A;RPS25;RPS14;RPL7A;RPL29;RPL23A;RPS18;RPL32;RPL19;RPS13;RPL27A;RPL11;MYL6,HSPA1A;HSPB1;MT2A;CRYAB;FOS;S100A6;VIM;RPS21;RPL36;RPS19;ADIRF;RPS15;RPS16;LGALS1;TPT1;RPLP1;FTL;RPL34;RPLP2;RPL9;RPS8;RPL18A;RPS3;RPS28;RPL13A;RPL37A;RPL8;CSRP1;RPS11;RPL38;RPL14;RPL35A;RPS24;RPS6;RPS27A;RPL3;RPS3A;RPS25;RPS14;RPL7A;RPL29;RPL23A;RPS18;RPL32;RPL19;RPS13;RPL27A;RPL11;MYL6;RPS4X;FAU;RPS2;EIF1;RPS27;RPL30;RPL5;CALD1;RPL37;CST3;RPL41;RPS23;FLNA;TPM2;PTMA;RPL21;NDUFA4;EEF1A1;FTH1;SPARCL1;MGP;LPP;RPL15;IGFBP7;ACTG1;ITGB1;FN1;DSTN;LMOD1;TPM1;SYNPO2;RGS5;MYL9;PPP1R14A;MYH11;TAGLN;CNN1;PLN;ACTA2,"[2, 4, 145, 969, 1219, 1299, 1399, 1679, 2297, 2336, 2504, 2583, 2683, 2686, 2707, 2741, 3009, 3066, 3161, 3204, 3240, 3274, 3341, 3464, 3478, 3513, 3549, 3628, 3907, 3947, 4093, 4202, 4212, 4340, 4464, 4465, 4491, 4542, 4601, 4603, 4699, 4751, 4800, 4803, 4864, 4883, 5032, 5044, 5081, 5294, 5365, 5472, 5574, 5753, 6030, 6075, 6176, 6213, 6273, 6566, 6735, 6813, 6931, 7036, 7173, 7461, 7718, 7728, 7992, 9257, 9547, 10085, 11361, 11600, 11941, 12440, 13724, 14419, 14533, 15843, 16120, 16189, 16332, 16634, 16652, 16708, 16738, 17447]",Tabula_Sapiens__Fat-smooth Muscle Cell
Tabula_Sapiens,Vasculature-erythrocyte,prerank,0.35992033020724284,1.4416769405333905,0.02697495183044316,0.023809238614645747,0.381,60_90,60/90,31.24%,YBX3;HSP90AA1;GYPC;RBM38;RPS21;SLC25A39;RPL36;RPS19;BSG;GPX1;RPS15;RPS16;TPT1;RPLP1;FKBP8;FTL;CA2;RPL34;OAZ1;RPL18;RPLP2;RPS8;RPL18A;RPS3;RPS28;RPL13A;RPL37A;RPL8;YBX1;RPS5;RPS11;RPL28;RPS29;RPL14;RPS20;RPL35;RPL35A;RPS24;RPL6;RPS6;RPS27A;RPL3;RPS3A;RPS14;RPL7A;RPL29;RPS18;RPL32;UBA52;RPL19;RPS9;RPSA;RPL27A;RPL11;BLVRB;RPS4X;RPL39;FAU;UBB;RPS2,YBX3;HSP90AA1;GYPC;RBM38;RPS21;SLC25A39;RPL36;RPS19;BSG;GPX1;RPS15;RPS16;TPT1;RPLP1;FKBP8;FTL;CA2;RPL34;OAZ1;RPL18;RPLP2;RPS8;RPL18A;RPS3;RPS28;RPL13A;RPL37A;RPL8;YBX1;RPS5;RPS11;RPL28;RPS29;RPL14;RPS20;RPL35;RPL35A;RPS24;RPL6;RPS6;RPS27A;RPL3;RPS3A;RPS14;RPL7A;RPL29;RPS18;RPL32;UBA52;RPL19;RPS9;RPSA;RPL27A;RPL11;BLVRB;RPS4X;RPL39;FAU;UBB;RPS2;EIF1;RPS27;RPS15A;RPL30;GUK1;RPL37;RPLP0;RPL41;GLRX5;RPS23;PTMA;RPL10A;PRDX2;RPL21;EEF1A1;FTH1;RPL12;GSPT1;RPL15;TUBA1B;SNCA;SLC25A37;BNIP3L;TRIM58;HBA1;HBD;CA1;HBA2;ALAS2;HBB,"[466, 996, 1209, 1428, 1679, 1777, 2297, 2336, 2433, 2540, 2583, 2683, 2707, 2741, 2926, 3009, 3033, 3066, 3070, 3110, 3161, 3240, 3274, 3341, 3464, 3478, 3513, 3549, 3681, 3685, 3907, 3938, 4056, 4093, 4125, 4163, 4202, 4212, 4220, 4340, 4464, 4465, 4491, 4601, 4603, 4699, 4800, 4803, 4863, 4864, 4925, 5014, 5032, 5044, 5221, 5294, 5363, 5365, 5432, 5472, 5574, 5753, 5993, 6030, 6044, 6213, 6265, 6566, 6674, 6735, 7036, 7111, 7162, 7173, 7718, 7728, 8419, 8612, 10085, 10112, 10807, 12360, 15148, 15594, 16828, 17089, 17135, 17205, 17335, 17414]",Tabula_Sapiens__Vasculature-erythrocyte
Tabula_Sapiens,Heart-smooth Muscle Cell,prerank,0.35658093479252295,1.4186996835174206,0.02830188679245283,0.029859871150382526,0.42,43_87,43/87,27.77%,HSPB1;MT2A;MT1E;CEBPD;NDUFA4L2;ID3;IFITM3;VIM;IGFBP5;SERF2;PDK4;RPL36;RPS19;ADIRF;RPS15;TIMP3;LGALS1;TPT1;RPLP1;FTL;RPL34;CD63;RPL18;RPS8;RPL18A;RPS28;RPL37A;RPL8;RPL28;RPS29;RPL35;RPL35A;RPS24;RPS27A;RPL3;RPS7;RPS3A;RPS14;RPL7A;RPL29;RPS18;RPL32;RPL19,HSPB1;MT2A;MT1E;CEBPD;NDUFA4L2;ID3;IFITM3;VIM;IGFBP5;SERF2;PDK4;RPL36;RPS19;ADIRF;RPS15;TIMP3;LGALS1;TPT1;RPLP1;FTL;RPL34;CD63;RPL18;RPS8;RPL18A;RPS28;RPL37A;RPL8;RPL28;RPS29;RPL35;RPL35A;RPS24;RPS27A;RPL3;RPS7;RPS3A;RPS14;RPL7A;RPL29;RPS18;RPL32;RPL19;RPL11;MYL6;RPL39;FAU;GSN;EIF1;TXNIP;RPS27;GAPDH;RPL30;CALD1;RPL37;CST3;RPL41;RPS23;FLNA;TPM2;PTMA;MFGE8;EEF1A1;FTH1;SPARCL1;RHOB;B2M;TMSB4X;MGP;FABP4;SPARC;CALM2;ITM2B;IGFBP7;ACTG1;ITGB1;DSTN;TPM1;CD9;MAP1B;RGS5;MYL9;PPP1R14A;MYH11;TAGLN;ACTA2;CD36,"[4, 145, 308, 312, 789, 956, 970, 1399, 1810, 2068, 2104, 2297, 2336, 2504, 2583, 2602, 2686, 2707, 2741, 3009, 3066, 3076, 3110, 3240, 3274, 3464, 3513, 3549, 3938, 4056, 4163, 4202, 4212, 4464, 4465, 4486, 4491, 4601, 4603, 4699, 4800, 4803, 4864, 5044, 5081, 5363, 5365, 5373, 5574, 5739, 5753, 5812, 6030, 6176, 6213, 6273, 6566, 6735, 6813, 6931, 7036, 7133, 7718, 7728, 7992, 8680, 8759, 8993, 9257, 9876, 9882, 10877, 11214, 11361, 11600, 11941, 13724, 14533, 15173, 15271, 16120, 16189, 16332, 16634, 16652, 17447, 17499]",Tabula_Sapiens__Heart-smooth Muscle Cell
Tabula_Sapiens,Bone Marrow-erythroid Progenitor,prerank,0.353183768647276,1.4082601191227146,0.026923076923076925,0.032978617471813756,0.441,59_88,59/88,30.63%,HSP90AA1;RPS21;RPL36;RPS19;HSP90AB1;RPS15;RPS16;TPT1;RPLP1;RPL34;RPL18;RPLP2;RPL9;RPS8;RPL18A;RPS3;RPS26;RPS28;RPL13A;RPL37A;RPL8;RPL31;YBX1;RPS5;RPL27;RPS11;RPL28;RPL38;RPS29;RPL14;RPS20;RPL35;RPL35A;RPS24;RPL6;RPS6;RPS27A;RPL3;RPS7;RPS3A;RPS25;RPS14;RPL7A;RPL29;RPL23A;RPS18;RPL32;RPL19;RPS13;RPS9;RPL7;RPSA;RPL27A;RPL11;NACA;RPS4X;RPL4;RPL39;FAU,HSP90AA1;RPS21;RPL36;RPS19;HSP90AB1;RPS15;RPS16;TPT1;RPLP1;RPL34;RPL18;RPLP2;RPL9;RPS8;RPL18A;RPS3;RPS26;RPS28;RPL13A;RPL37A;RPL8;RPL31;YBX1;RPS5;RPL27;RPS11;RPL28;RPL38;RPS29;RPL14;RPS20;RPL35;RPL35A;RPS24;RPL6;RPS6;RPS27A;RPL3;RPS7;RPS3A;RPS25;RPS14;RPL7A;RPL29;RPL23A;RPS18;RPL32;RPL19;RPS13;RPS9;RPL7;RPSA;RPL27A;RPL11;NACA;RPS4X;RPL4;RPL39;FAU;RPS2;RPS27;GAPDH;RPS15A;RPL30;RPL5;RPL37;RPLP0;RPL41;RPS23;PTMA;RPL10A;PRDX2;RPL21;EEF1A1;FTH1;RPL12;RPL15;TUBA1B;EEF1B2;HMGB1;NPM1;HNRNPA1;RPL26;HBA1;HBD;CA1;HBA2;HBB,"[996, 1679, 2297, 2336, 2454, 2583, 2683, 2707, 2741, 3066, 3110, 3161, 3204, 3240, 3274, 3341, 3446, 3464, 3478, 3513, 3549, 3614, 3681, 3685, 3894, 3907, 3938, 3947, 4056, 4093, 4125, 4163, 4202, 4212, 4220, 4340, 4464, 4465, 4486, 4491, 4542, 4601, 4603, 4699, 4751, 4800, 4803, 4864, 4883, 4925, 4984, 5014, 5032, 5044, 5174, 5294, 5360, 5363, 5365, 5472, 5753, 5812, 5993, 6030, 6075, 6213, 6265, 6566, 6735, 7036, 7111, 7162, 7173, 7718, 7728, 8419, 10085, 10112, 11512, 12555, 12801, 13047, 16730, 16828, 17089, 17135, 17205, 17414]",Tabula_Sapiens__Bone Marrow-erythroid Progenitor
Tabula_Sapiens,Eye-eye Photoreceptor Cell,prerank,0.3374502985194799,1.3486121012582875,0.0444015444015444,0.055919790392834144,0.564,56_88,56/88,31.15%,RCVRN;YBX3;HSP90AA1;UNC119;ROM1;RPL36;RPS19;RPS15;RPS16;TPT1;RPLP1;FTL;RPL34;RPL9;RPS8;RPL18A;RPS3;PDE6A;RPS28;RPL13A;RPL37A;RPL8;YBX1;RPS5;RPS11;RPL28;RPS29;RPL14;RPL35;RPL35A;RPS24;RPL6;RPS6;RPS27A;RPL3;RPS7;RPS3A;RPS25;RTBDN;AIPL1;PLEKHB1;RPS14;RPL7A;TUBB4B;CPE;RPL23A;RPS18;RPL32;RPS13;RPS9;RPL11;MYL6;RPS4X;RPL39;FAU;GNAT1,RCVRN;YBX3;HSP90AA1;UNC119;ROM1;RPL36;RPS19;RPS15;RPS16;TPT1;RPLP1;FTL;RPL34;RPL9;RPS8;RPL18A;RPS3;PDE6A;RPS28;RPL13A;RPL37A;RPL8;YBX1;RPS5;RPS11;RPL28;RPS29;RPL14;RPL35;RPL35A;RPS24;RPL6;RPS6;RPS27A;RPL3;RPS7;RPS3A;RPS25;RTBDN;AIPL1;PLEKHB1;RPS14;RPL7A;TUBB4B;CPE;RPL23A;RPS18;RPL32;RPS13;RPS9;RPL11;MYL6;RPS4X;RPL39;FAU;GNAT1;EIF1;RPS27;GAPDH;RPS15A;GUK1;RPLP0;RPL41;RPS23;PTMA;PKM;RPL21;NDUFA4;EEF1A1;FTH1;ENO2;VAMP2;TUBA1B;GNB1;NTM;ARL4D;RIMS2;EPB41L2;NRL;CNGB1;LAPTM4B;MAP1B;HMGN1;RHO;RPL26;CNGA1;KCNV2;CLUL1,"[261, 466, 996, 1131, 1693, 2297, 2336, 2583, 2683, 2707, 2741, 3009, 3066, 3204, 3240, 3274, 3341, 3452, 3464, 3478, 3513, 3549, 3681, 3685, 3907, 3938, 4056, 4093, 4163, 4202, 4212, 4220, 4340, 4464, 4465, 4486, 4491, 4542, 4581, 4590, 4600, 4601, 4603, 4637, 4663, 4751, 4800, 4803, 4883, 4925, 5044, 5081, 5294, 5363, 5365, 5456, 5574, 5753, 5812, 5993, 6044, 6265, 6566, 6735, 7036, 7140, 7173, 7461, 7718, 7728, 8733, 9795, 10112, 10493, 12550, 13515, 13984, 14145, 14710, 14839, 14932, 15271, 15902, 16416, 16730, 16863, 17157, 17248]",Tabula_Sapiens__Eye-eye Photoreceptor Cell
Tabula_Sapiens,Spleen-erythrocyte,prerank,0.3307131903309333,1.3184917794884081,0.050980392156862744,0.07107326689599522,0.628,59_89,59/89,31.24%,HSP90AA1;GYPC;RPS21;SLC25A39;RPL36;RPS19;BSG;RPS15;RPS16;TPT1;RPLP1;FTL;CA2;RPL34;RPL18;RPLP2;RPL9;RPS8;RPL18A;RPS3;RPS28;RPL13A;RPL37A;RPL8;YBX1;RPS5;RPS11;RPL28;RPS29;RPL14;RPS20;RPL35;RPL35A;RPS24;RPL6;RPS6;RPS27A;RPL3;RPS7;RPS3A;RPS25;RPS14;RPL7A;RPL29;RPS18;RPL32;UBA52;RPL19;RPS13;RPS9;RPSA;RPL27A;RPL11;BLVRB;RPS4X;RPL39;FAU;UBB;RPS2,HSP90AA1;GYPC;RPS21;SLC25A39;RPL36;RPS19;BSG;RPS15;RPS16;TPT1;RPLP1;FTL;CA2;RPL34;RPL18;RPLP2;RPL9;RPS8;RPL18A;RPS3;RPS28;RPL13A;RPL37A;RPL8;YBX1;RPS5;RPS11;RPL28;RPS29;RPL14;RPS20;RPL35;RPL35A;RPS24;RPL6;RPS6;RPS27A;RPL3;RPS7;RPS3A;RPS25;RPS14;RPL7A;RPL29;RPS18;RPL32;UBA52;RPL19;RPS13;RPS9;RPSA;RPL27A;RPL11;BLVRB;RPS4X;RPL39;FAU;UBB;RPS2;RPS27;RPS15A;RPL30;RPL5;RPL37;RPLP0;RPL41;HMGB2;GLRX5;RPS23;PTMA;PRDX2;RPL21;EEF1A1;FTH1;RPL12;HMBS;RPL15;TUBA1B;TFRC;SNCA;SLC25A37;HEMGN;HBA1;SLC4A1;HBD;CA1;HBA2;ALAS2;HBB,"[996, 1209, 1679, 1777, 2297, 2336, 2433, 2583, 2683, 2707, 2741, 3009, 3033, 3066, 3110, 3161, 3204, 3240, 3274, 3341, 3464, 3478, 3513, 3549, 3681, 3685, 3907, 3938, 4056, 4093, 4125, 4163, 4202, 4212, 4220, 4340, 4464, 4465, 4486, 4491, 4542, 4601, 4603, 4699, 4800, 4803, 4863, 4864, 4883, 4925, 5014, 5032, 5044, 5221, 5294, 5363, 5365, 5432, 5472, 5753, 5993, 6030, 6075, 6213, 6265, 6566, 6590, 6674, 6735, 7036, 7162, 7173, 7718, 7728, 8419, 8827, 10085, 10112, 10683, 10807, 12360, 12511, 16828, 17059, 17089, 17135, 17205, 17335, 17414]",Tabula_Sapiens__Spleen-erythrocyte
Tabula_Sapiens,Bladder-smooth Muscle Cell,prerank,0.329318838406514,1.317945728329558,0.06809338521400778,0.07124096760921082,0.628,50_90,50/90,29.01%,HSPB1;SMTN;GADD45B;FOS;S100A6;ZFP36;PALLD;RPS19;JUN;RPS15;RPS16;LGALS1;TPT1;RPLP1;FTL;RPL34;RPL18;RPLP2;RPL9;RPS8;RPL18A;RPS3;RPL13A;RPL37A;RPL8;CSRP1;RPS11;RPL28;RPL14;RPS20;RPL35A;RPS24;RPL6;RPS6;RPS27A;RPL3;RPS7;RPS3A;RPS14;RPL7A;RPL29;RPL23A;RPS18;RPL32;RPL19;RPS13;RPS9;RPL27A;RPL11;MYL6,HSPB1;SMTN;GADD45B;FOS;S100A6;ZFP36;PALLD;RPS19;JUN;RPS15;RPS16;LGALS1;TPT1;RPLP1;FTL;RPL34;RPL18;RPLP2;RPL9;RPS8;RPL18A;RPS3;RPL13A;RPL37A;RPL8;CSRP1;RPS11;RPL28;RPL14;RPS20;RPL35A;RPS24;RPL6;RPS6;RPS27A;RPL3;RPS7;RPS3A;RPS14;RPL7A;RPL29;RPL23A;RPS18;RPL32;RPL19;RPS13;RPS9;RPL27A;RPL11;MYL6;RPS4X;FAU;RPS2;RPS27;RPS15A;RPL30;RPL5;CALD1;RPL37;RPL41;RPS23;FLNA;TPM2;PTMA;RPL10A;RPL21;EEF1A1;FTH1;SYNM;SPARCL1;RPL12;B2M;BTG2;LPP;RPL15;IGFBP7;CALM1;DSTN;TPM1;MYLK;SYNPO2;ACTC1;MYL9;MYH11;TAGLN;CNN1;ACTG2;DES;PCP4;ACTA2,"[4, 53, 762, 1219, 1299, 1852, 2056, 2336, 2405, 2583, 2683, 2686, 2707, 2741, 3009, 3066, 3110, 3161, 3204, 3240, 3274, 3341, 3478, 3513, 3549, 3628, 3907, 3938, 4093, 4125, 4202, 4212, 4220, 4340, 4464, 4465, 4486, 4491, 4601, 4603, 4699, 4751, 4800, 4803, 4864, 4883, 4925, 5032, 5044, 5081, 5294, 5365, 5472, 5753, 5993, 6030, 6075, 6176, 6213, 6566, 6735, 6813, 6931, 7036, 7111, 7173, 7718, 7728, 7882, 7992, 8419, 8759, 9417, 9547, 10085, 11361, 13283, 13724, 14533, 14897, 15843, 16182, 16189, 16634, 16652, 16708, 16820, 17091, 17145, 17447]",Tabula_Sapiens__Bladder-smooth Muscle Cell
Tabula_Sapiens,Eye-retinal Bipolar Neuron,prerank,0.3184840866887361,1.2696084206566558,0.08076923076923077,0.10173134986144111,0.726,44_84,44/84,33.18%,CRABP1;MGARP;CLU;HSP90AA1;VIM;PTMS;PTGDS;HSP90AB1;RPS15;RPLP1;GLUL;FTL;RPL34;RPL9;RPS3;RPS28;RPL37A;RPL8;APOE;PAX6;RPL28;RPS29;RPL35A;RPS24;RPS27A;RPL3;RPS7;RPS3A;RPS14;CPE;RPS18;RPL32;RPS13;RPS9;RPL11;GNAS;COX5B;FAU;UBB;EIF1;COX4I1;SRP14;RPS27;GAPDH,CRABP1;MGARP;CLU;HSP90AA1;VIM;PTMS;PTGDS;HSP90AB1;RPS15;RPLP1;GLUL;FTL;RPL34;RPL9;RPS3;RPS28;RPL37A;RPL8;APOE;PAX6;RPL28;RPS29;RPL35A;RPS24;RPS27A;RPL3;RPS7;RPS3A;RPS14;CPE;RPS18;RPL32;RPS13;RPS9;RPL11;GNAS;COX5B;FAU;UBB;EIF1;COX4I1;SRP14;RPS27;GAPDH;RPL41;COX6C;RPS23;PTMA;PKM;TPI1;PRDX2;RPL21;HNRNPA2B1;NDUFA4;EEF1A1;FTH1;GPX3;GNG13;VDAC1;ATP1A3;VAMP2;RPL15;DPYSL2;DDX17;TERF2IP;BASP1;PEBP1;CALM2;ITM2B;CHCHD2;ACTG1;STMN1;CCNI;YWHAB;CALM1;ATP1B1;RTN4;SYT1;RORB;SNAP25;MAP1B;NUCKS1;ZEB2;PCP4,"[181, 622, 751, 996, 1399, 1530, 1932, 2454, 2583, 2741, 2868, 3009, 3066, 3204, 3341, 3464, 3513, 3549, 3783, 3830, 3938, 4056, 4202, 4212, 4464, 4465, 4486, 4491, 4601, 4663, 4800, 4803, 4883, 4925, 5044, 5066, 5276, 5365, 5432, 5574, 5598, 5729, 5753, 5812, 6566, 6573, 6735, 7036, 7140, 7148, 7162, 7173, 7364, 7461, 7718, 7728, 7997, 8581, 9443, 9477, 9795, 10085, 10305, 10498, 10507, 10595, 10690, 10877, 11214, 11235, 11600, 12100, 12469, 13201, 13283, 13412, 13972, 14019, 14440, 14657, 15271, 15285, 15293, 17145]",Tabula_Sapiens__Eye-retinal Bipolar Neuron
Tabula_Sapiens,Blood-erythrocyte,prerank,0.28656006205427853,1.1478071746134486,0.20881226053639848,0.21743582356827743,0.908,22_83,22/83,17.53%,S100A8;PDZK1IP1;YBX3;GMPR;S100A9;MAP2K3;GYPC;RBM38;SELENBP1;CHPT1;SLC25A39;YPEL3;SERF2;SIAH2;BSG;GPX1;TPT1;BCL2L1;FKBP8;MXI1;FTL;OAZ1,S100A8;PDZK1IP1;YBX3;GMPR;S100A9;MAP2K3;GYPC;RBM38;SELENBP1;CHPT1;SLC25A39;YPEL3;SERF2;SIAH2;BSG;GPX1;TPT1;BCL2L1;FKBP8;MXI1;FTL;OAZ1;YBX1;DCAF12;ANP32B;HAGH;UBA52;MYL6;BLVRB;UBB;EIF1;PRDX5;GUK1;R3HDM4;RPL41;RAD23A;RNF10;GLRX5;PRDX2;RPL21;BAG1;FTH1;EIF1B;STRADB;UBE2H;GSPT1;MKRN1;B2M;GABARAPL2;FAM210B;TMSB4X;ADIPOR1;PIP4K2A;ISCU;MAP1LC3B;HBQ1;NFIX;FIS1;TERF2IP;CCNDBP1;SEC62;TALDO1;SNCA;WNK1;RIOK3;NCOA4;SKP1;SLC25A37;CCNI;EPB41;BPGM;SMIM1;BNIP3L;TRIM58;KRT1;FECH;FBXO7;HBA1;HBD;CA1;HBA2;ALAS2;HBB,"[157, 388, 466, 555, 820, 1025, 1209, 1428, 1432, 1662, 1777, 1965, 2068, 2266, 2433, 2540, 2707, 2851, 2926, 2951, 3009, 3070, 3681, 4083, 4144, 4519, 4863, 5081, 5221, 5432, 5574, 5750, 6044, 6474, 6566, 6621, 6624, 6674, 7162, 7173, 7383, 7728, 7909, 8423, 8570, 8612, 8699, 8759, 8813, 8911, 8993, 9480, 9490, 9542, 9680, 9808, 10348, 10394, 10507, 10615, 10651, 10674, 10807, 10980, 11232, 11387, 11677, 12360, 12469, 12996, 13557, 13576, 15148, 15594, 15640, 15838, 16187, 16828, 17089, 17135, 17205, 17335, 17414]",Tabula_Sapiens__Blood-erythrocyte
Tabula_Sapiens,Eye-retinal Pigment Epithelial Cell,prerank,0.28428927814512794,1.143704998066751,0.19322709163346613,0.22177604140439755,0.915,48_88,48/88,31.01%,MT1G;CLU;CRYAB;GNG11;PTGDS;SERF2;RDH10;RPL36;BSG;RPS15;TIMP3;TPT1;RPLP1;NPC2;GSTP1;FTL;POLR2L;RPL34;CD63;RPS8;RPL18A;PMEL;CHCHD10;RPS28;RPL37A;COX7C;RGR;TOMM7;RPL35A;RPS24;RPS6;RPS27A;RPL3;RPS3A;RPS14;CTSD;RPL32;RPL19;RPS13;RPS9;MYL6;GPX4;TMA7;NACA;COX5B;RPS4X;RPL39;UBB,MT1G;CLU;CRYAB;GNG11;PTGDS;SERF2;RDH10;RPL36;BSG;RPS15;TIMP3;TPT1;RPLP1;NPC2;GSTP1;FTL;POLR2L;RPL34;CD63;RPS8;RPL18A;PMEL;CHCHD10;RPS28;RPL37A;COX7C;RGR;TOMM7;RPL35A;RPS24;RPS6;RPS27A;RPL3;RPS3A;RPS14;CTSD;RPL32;RPL19;RPS13;RPS9;MYL6;GPX4;TMA7;NACA;COX5B;RPS4X;RPL39;UBB;SRP14;RPS27;GAPDH;RLBP1;RPL30;SERPINF1;RPL37;CST3;ITGB8;RPL41;COX6C;RPS23;PTMA;NDUFA4;UQCRB;EEF1A1;FTH1;FRZB;COX8A;NDUFB2;APLP2;ITGAV;PEBP1;FHIT;ITM2B;IGFBP7;TMEM59;BEST1;CALM1;ATP1B1;LRAT;TMEM98;TTR;TYRP1;ENPP2;RNASE1;RPL26;PCP4;TRPM3;RPE65,"[165, 751, 969, 1851, 1932, 2068, 2189, 2297, 2433, 2583, 2602, 2707, 2741, 2760, 2918, 3009, 3057, 3066, 3076, 3240, 3274, 3294, 3311, 3464, 3513, 3856, 3915, 4113, 4202, 4212, 4340, 4464, 4465, 4491, 4601, 4656, 4803, 4864, 4883, 4925, 5081, 5118, 5134, 5174, 5276, 5294, 5363, 5432, 5729, 5753, 5812, 5823, 6030, 6107, 6213, 6273, 6493, 6566, 6573, 6735, 7036, 7461, 7589, 7718, 7728, 7856, 8032, 8682, 9216, 9683, 10690, 10753, 11214, 11361, 11460, 13222, 13283, 13412, 14539, 15135, 15340, 16195, 16259, 16286, 16730, 17145, 17306, 17455]",Tabula_Sapiens__Eye-retinal Pigment Epithelial Cell
Tabula_Sapiens,Liver-erythrocyte,prerank,0.2761785547198192,1.1092592565449426,0.2471264367816092,0.26680104819063444,0.939,43_84,43/84,28.12%,APOA1;SERPINA1;YBX3;HSP90AA1;GYPC;RPS21;SLC25A39;AMBP;RPS19;BSG;FGL1;RPS15;TPT1;RPLP1;FTL;CA2;OAZ1;RPL18;RPLP2;RPS8;RPL18A;RPS3;RPS28;RPL13A;RPL37A;RPL8;YBX1;RPS5;RPS11;RPL28;RPS29;RPL35A;RPS6;RPS27A;RPL3;RPS14;RPL7A;RPL29;RPS18;RPL32;UBA52;RPL19;RPS9,APOA1;SERPINA1;YBX3;HSP90AA1;GYPC;RPS21;SLC25A39;AMBP;RPS19;BSG;FGL1;RPS15;TPT1;RPLP1;FTL;CA2;OAZ1;RPL18;RPLP2;RPS8;RPL18A;RPS3;RPS28;RPL13A;RPL37A;RPL8;YBX1;RPS5;RPS11;RPL28;RPS29;RPL35A;RPS6;RPS27A;RPL3;RPS14;RPL7A;RPL29;RPS18;RPL32;UBA52;RPL19;RPS9;RPL11;BLVRB;UBB;RPS2;EIF1;RPS27;RPL30;GUK1;UROD;RPL37;RPLP0;RPL41;HMGB2;RAD23A;GLRX5;PTMA;PRDX2;RPL21;TOP1;EEF1A1;FTH1;RPL12;HMBS;FAM210B;TUBA1B;APOB;TFRC;SNCA;SLC25A37;HEMGN;BNIP3L;TTR;TRIM58;HBA1;SLC4A1;HBD;CA1;HBA2;ALB;ALAS2;HBB,"[457, 459, 466, 996, 1209, 1679, 1777, 1809, 2336, 2433, 2459, 2583, 2707, 2741, 3009, 3033, 3070, 3110, 3161, 3240, 3274, 3341, 3464, 3478, 3513, 3549, 3681, 3685, 3907, 3938, 4056, 4202, 4340, 4464, 4465, 4601, 4603, 4699, 4800, 4803, 4863, 4864, 4925, 5044, 5221, 5432, 5472, 5574, 5753, 6030, 6044, 6105, 6213, 6265, 6566, 6590, 6621, 6674, 7036, 7162, 7173, 7370, 7718, 7728, 8419, 8827, 8911, 10112, 10626, 10683, 10807, 12360, 12511, 15148, 15340, 15594, 16828, 17059, 17089, 17135, 17205, 17324, 17335, 17414]",Tabula_Sapiens__Liver-erythrocyte
Tabula_Sapiens,Bone Marrow-erythrocyte,prerank,-0.2786309577877908,-1.1379905854271362,0.20682730923694778,0.44182312363763576,0.898,14_85,14/85,11.57%,HBB;ALAS2;HBA2;CA1;HBD;SLC4A1;HBA1;GYPB;ANK1;FBXO7;FAXDC2;FECH;TRIM58;FBXO9,YBX3;MAP2K3;TSC22D3;GYPC;RBM38;SELENBP1;STOM;SLC25A39;ARL4A;BSG;TMCC2;TPT1;RPLP1;FKBP8;MXI1;SLC2A1;FTL;CA2;OAZ1;YBX1;DCAF12;UBA52;MYL6;BLVRB;UBB;LGALS3;EIF1;GUK1;PABPC1;RPL41;FGFR1OP2;RAD23A;GLRX5;PRDX2;RPL21;TOP1;FTH1;FOXO3;EIF5;UBE2H;MKRN1;NUDT4;HMBS;FAM210B;MOB1B;RB1CC1;EPB42;SOX6;NFIX;TERF2IP;TFDP2;SEC62;TFRC;SNCA;WNK1;CPEB4;RIOK3;XPO7;NCOA4;EIF1AY;SLC25A37;HEMGN;TRAK2;USP15;EPB41;SON;BPGM;HECTD4;SPECC1;ZNF451;BNIP3L;FBXO9;TRIM58;FECH;FAXDC2;FBXO7;ANK1;GYPB;HBA1;SLC4A1;HBD;CA1;HBA2;ALAS2;HBB,"[466, 1025, 1034, 1209, 1428, 1432, 1517, 1777, 1948, 2433, 2655, 2707, 2741, 2926, 2951, 3001, 3009, 3033, 3070, 3681, 4083, 4863, 5081, 5221, 5432, 5562, 5574, 6044, 6350, 6566, 6620, 6621, 6674, 7162, 7173, 7370, 7728, 7929, 8369, 8570, 8699, 8767, 8827, 8911, 8999, 9043, 9117, 9459, 10348, 10507, 10563, 10651, 10683, 10807, 10980, 11136, 11232, 11276, 11387, 12302, 12360, 12511, 12635, 12743, 12996, 13048, 13557, 13595, 14094, 14108, 15148, 15492, 15594, 15838, 16118, 16187, 16513, 16682, 16828, 17059, 17089, 17135, 17205, 17335, 17414]",Tabula_Sapiens__Bone Marrow-erythrocyte
Tabula_Sapiens,Muscle-erythrocyte,prerank,-0.25016864709648656,-1.0020719260871584,0.4574468085106383,0.442693242673508,0.981,8_83,8/83,4.78%,HBB;ALAS2;HBA2;CA1;HBD;SLC4A1;HBA1;GYPB,YBX3;S100A9;HSP90AA1;GYPC;S100A6;RBM38;SLC25A39;SERF2;RPS19;BSG;GPX1;RPS15;TPT1;RPLP1;FKBP8;FTL;CA2;RPL34;OAZ1;RPLP2;RPS8;RPS3;RPL37A;TMSB10;YBX1;RPS11;DCAF12;RPL35A;RPS24;RPS6;RPL3;RPS18;RPL32;UBA52;MYL6;BLVRB;RPS4X;UBB;LGALS3;EIF1;RPS27;RPL30;GUK1;RPL37;RPL41;RAD23A;RNF10;GLRX5;RPL10A;PRDX2;RPL21;TOP1;EEF1A1;FTH1;RBX1;RPL12;GSPT1;MKRN1;FAM210B;TMSB4X;EPB42;MGP;ADIPOR1;TERF2IP;PA2G4;SEC62;SNCA;RIOK3;NCOA4;SLC25A37;HEMGN;EPB41;BPGM;BNIP3L;TRIM58;GYPB;HBA1;SLC4A1;HBD;CA1;HBA2;ALAS2;HBB,"[466, 820, 996, 1209, 1299, 1428, 1777, 2068, 2336, 2433, 2540, 2583, 2707, 2741, 2926, 3009, 3033, 3066, 3070, 3161, 3240, 3341, 3513, 3661, 3681, 3907, 4083, 4202, 4212, 4340, 4465, 4800, 4803, 4863, 5081, 5221, 5294, 5432, 5562, 5574, 5753, 6030, 6044, 6213, 6566, 6621, 6624, 6674, 7111, 7162, 7173, 7370, 7718, 7728, 8332, 8419, 8612, 8699, 8911, 8993, 9117, 9257, 9480, 10507, 10510, 10651, 10807, 11232, 11387, 12360, 12511, 12996, 13557, 15148, 15594, 16682, 16828, 17059, 17089, 17135, 17205, 17335, 17414]",Tabula_Sapiens__Muscle-erythrocyte
Tabula_Sapiens,Eye-erythroid Lineage Cell,prerank,0.24905275380361871,0.9887513552115549,0.47326732673267324,0.47297031604360235,0.99,21_81,21/81,17.53%,PDZK1IP1;YBX3;GMPR;LYZ;MAP2K3;TSC22D3;GYPC;RBM38;SELENBP1;SLC25A39;YPEL3;SERF2;BSG;GPX1;RPS15;TPT1;RPLP1;FKBP8;MXI1;FTL;OAZ1,PDZK1IP1;YBX3;GMPR;LYZ;MAP2K3;TSC22D3;GYPC;RBM38;SELENBP1;SLC25A39;YPEL3;SERF2;BSG;GPX1;RPS15;TPT1;RPLP1;FKBP8;MXI1;FTL;OAZ1;YBX1;RPS11;DCAF12;HAGH;RPS14;RPL32;UBA52;MYL6;BLVRB;UBB;LGALS3;EIF1;SNX3;GUK1;PABPC1;R3HDM4;RPL41;RNF10;GLRX5;PRDX2;RPL21;TOP1;BAG1;EEF1A1;FTH1;EIF1B;RBX1;STRADB;UBE2H;GSPT1;MKRN1;GABARAPL2;FAM210B;ADIPOR1;FIS1;CCNDBP1;TALDO1;SNCA;CPEB4;RIOK3;NCOA4;SKP1;EIF1AY;SLC25A37;CCNI;HEMGN;EPB41;BPGM;BNIP3L;TRIM58;LCN1;FBXO7;GYPB;HBA1;SLC4A1;HBD;CA1;HBA2;ALAS2;HBB,"[388, 466, 555, 574, 1025, 1034, 1209, 1428, 1432, 1777, 1965, 2068, 2433, 2540, 2583, 2707, 2741, 2926, 2951, 3009, 3070, 3681, 3907, 4083, 4519, 4601, 4803, 4863, 5081, 5221, 5432, 5562, 5574, 5883, 6044, 6350, 6474, 6566, 6624, 6674, 7162, 7173, 7370, 7383, 7718, 7728, 7909, 8332, 8423, 8570, 8612, 8699, 8813, 8911, 9480, 10394, 10615, 10674, 10807, 11136, 11232, 11387, 11677, 12302, 12360, 12469, 12511, 12996, 13557, 15148, 15594, 16185, 16187, 16682, 16828, 17059, 17089, 17135, 17205, 17335, 17414]",Tabula_Sapiens__Eye-erythroid Lineage Cell
Tabula_Sapiens,Thymus-erythrocyte,prerank,0.24577366745232537,0.9714096611366705,0.5316205533596838,0.5073018043164762,0.992,24_87,24/87,17.53%,YBX3;GMPR;MAP2K3;TSC22D3;GYPC;RBM38;SELENBP1;STOM;SLC25A39;ARL4A;YPEL3;SERF2;BSG;GPX1;TMCC2;TPT1;KLF1;BCL2L1;FKBP8;MXI1;SLC2A1;FTL;CA2;OAZ1,YBX3;GMPR;MAP2K3;TSC22D3;GYPC;RBM38;SELENBP1;STOM;SLC25A39;ARL4A;YPEL3;SERF2;BSG;GPX1;TMCC2;TPT1;KLF1;BCL2L1;FKBP8;MXI1;SLC2A1;FTL;CA2;OAZ1;YBX1;DCAF12;SOD1;UBA52;MYL6;BLVRB;UBB;ANKRD9;LGALS3;EIF1;GUK1;UROD;RPL41;RAD23A;RNF10;GLRX5;KLF3;PRDX2;RPL21;TOP1;FTH1;FOXO3;RBX1;EIF5;STRADB;UBE2H;MKRN1;NUDT4;GABARAPL2;HMBS;FAM210B;EPB42;ADIPOR1;PIP4K2A;NFIX;TERF2IP;SEC62;TFRC;SNCA;WNK1;CPEB4;RIOK3;XPO7;NCOA4;EIF1AY;SLC25A37;HEMGN;TRAK2;EPB41;BPGM;BNIP3L;FBXO9;TRIM58;FECH;FBXO7;GYPB;HBA1;SLC4A1;HBD;CA1;HBA2;ALAS2;HBB,"[466, 555, 1025, 1034, 1209, 1428, 1432, 1517, 1777, 1948, 1965, 2068, 2433, 2540, 2655, 2707, 2846, 2851, 2926, 2951, 3001, 3009, 3033, 3070, 3681, 4083, 4670, 4863, 5081, 5221, 5432, 5442, 5562, 5574, 6044, 6105, 6566, 6621, 6624, 6674, 6986, 7162, 7173, 7370, 7728, 7929, 8332, 8369, 8423, 8570, 8699, 8767, 8813, 8827, 8911, 9117, 9480, 9490, 10348, 10507, 10651, 10683, 10807, 10980, 11136, 11232, 11276, 11387, 12302, 12360, 12511, 12635, 12996, 13557, 15148, 15492, 15594, 15838, 16187, 16682, 16828, 17059, 17089, 17135, 17205, 17335, 17414]",Tabula_Sapiens__Thymus-erythrocyte
Tabula_Sapiens,Prostate-erythroid Progenitor,prerank,0.2435200598285482,0.9698518727506457,0.5075757575757576,0.509549016946163,0.992,22_81,22/81,17.53%,YBX3;GMPR;CLU;HSP90AA1;TSC22D3;GYPC;RBM38;SLC25A39;SERF2;PDK4;RPS19;BSG;GPX1;RPS15;TPT1;RPLP1;FKBP8;PGC;MXI1;FTL;CA2;OAZ1,YBX3;GMPR;CLU;HSP90AA1;TSC22D3;GYPC;RBM38;SLC25A39;SERF2;PDK4;RPS19;BSG;GPX1;RPS15;TPT1;RPLP1;FKBP8;PGC;MXI1;FTL;CA2;OAZ1;YBX1;CD81;RPL28;DCAF12;RPS27A;RPL3;HAGH;RPS14;RPL32;UBA52;MYL6;NACA;BLVRB;UBB;LGALS3;EIF1;RPS27;RPL30;GUK1;RPL41;HMGB2;RAD23A;RNF10;GLRX5;PRDX2;RPL21;TOP1;BAG1;EEF1A1;FTH1;EIF1B;STRADB;GSPT1;MKRN1;B2M;GABARAPL2;FAM210B;ADIPOR1;HBQ1;FIS1;SNCA;RIOK3;EIF1AY;SLC25A37;HEMGN;EPB41;BPGM;PRPS2;BNIP3L;FBXO9;TRIM58;FBXO7;HBA1;SLC4A1;HBD;CA1;HBA2;ALAS2;HBB,"[466, 555, 751, 996, 1034, 1209, 1428, 1777, 2068, 2104, 2336, 2433, 2540, 2583, 2707, 2741, 2926, 2947, 2951, 3009, 3033, 3070, 3681, 3757, 3938, 4083, 4464, 4465, 4519, 4601, 4803, 4863, 5081, 5174, 5221, 5432, 5562, 5574, 5753, 6030, 6044, 6566, 6590, 6621, 6624, 6674, 7162, 7173, 7370, 7383, 7718, 7728, 7909, 8423, 8612, 8699, 8759, 8813, 8911, 9480, 9808, 10394, 10807, 11232, 12302, 12360, 12511, 12996, 13557, 14962, 15148, 15492, 15594, 16187, 16828, 17059, 17089, 17135, 17205, 17335, 17414]",Tabula_Sapiens__Prostate-erythroid Progenitor
Tabula_Sapiens,Lymph Node-erythrocyte,prerank,0.23320422873074137,0.941219441399273,0.5632183908045977,0.5701628177303062,0.993,46_88,46/88,31.24%,YBX3;MAP2K3;TSC22D3;GYPC;RBM38;SELENBP1;RPS21;SLC25A39;SERF2;RPS19;BSG;GPX1;RPS15;TPT1;RPLP1;FTL;CA2;RPL34;OAZ1;RPL18;RPLP2;RPS8;RPL18A;RPS3;RPS28;RPL8;YBX1;RPL28;RPL35A;RPS24;RPS6;RPS27A;RPS14;RPL7A;RPL29;RPS18;RPL32;UBA52;RPL19;RPL11;MYL6;BLVRB;RPS4X;FAU;UBB;RPS2,YBX3;MAP2K3;TSC22D3;GYPC;RBM38;SELENBP1;RPS21;SLC25A39;SERF2;RPS19;BSG;GPX1;RPS15;TPT1;RPLP1;FTL;CA2;RPL34;OAZ1;RPL18;RPLP2;RPS8;RPL18A;RPS3;RPS28;RPL8;YBX1;RPL28;RPL35A;RPS24;RPS6;RPS27A;RPS14;RPL7A;RPL29;RPS18;RPL32;UBA52;RPL19;RPL11;MYL6;BLVRB;RPS4X;FAU;UBB;RPS2;EIF1;RPS27;RPS15A;RPL30;GUK1;RPL37;RPLP0;RPL41;RAD23A;GLRX5;RPS23;PTMA;PRDX2;RPL21;TOP1;EEF1A1;FTH1;RPL12;MKRN1;B2M;HMBS;FAM210B;TUBA1B;SEC62;SNCA;NCOA4;EIF1AY;SLC25A37;HEMGN;BPGM;BNIP3L;TRIM58;FECH;FBXO7;GYPB;HBA1;SLC4A1;HBD;CA1;HBA2;ALAS2;HBB,"[466, 1025, 1034, 1209, 1428, 1432, 1679, 1777, 2068, 2336, 2433, 2540, 2583, 2707, 2741, 3009, 3033, 3066, 3070, 3110, 3161, 3240, 3274, 3341, 3464, 3549, 3681, 3938, 4202, 4212, 4340, 4464, 4601, 4603, 4699, 4800, 4803, 4863, 4864, 5044, 5081, 5221, 5294, 5365, 5432, 5472, 5574, 5753, 5993, 6030, 6044, 6213, 6265, 6566, 6621, 6674, 6735, 7036, 7162, 7173, 7370, 7718, 7728, 8419, 8699, 8759, 8827, 8911, 10112, 10651, 10807, 11387, 12302, 12360, 12511, 13557, 15148, 15594, 15838, 16187, 16682, 16828, 17059, 17089, 17135, 17205, 17335, 17414]",Tabula_Sapiens__Lymph Node-erythrocyte
