TermCollection,Term,name,es,nes,pval,fdr,fwerp,leadhits_total,tag %,gene %,lead_genes,matched_genes,hits,TermCollection_Term
c7.vax,LI_PBMC_MENACTRA_AGE_18_45YO_CORRELATED_WITH_ANTI_DT_ANTIBODY_3DY_POSITIVE,prerank,0.6933511161302888,2.2812189546837836,0.0,0.0,0.0,18_33,18/33,13.39%,IL1R2;TLR8;HMOX1;FUT7;HLA-DRB1;CD86;HLA-DRA;CD74;HLA-DMB;CSF1R;HS3ST3B1;TBXAS1;HLA-DPB1;TLR7;SLAMF8;ASGR1;HLA-DPA1;NFKBID,IL1R2;TLR8;HMOX1;FUT7;HLA-DRB1;CD86;HLA-DRA;CD74;HLA-DMB;CSF1R;HS3ST3B1;TBXAS1;HLA-DPB1;TLR7;SLAMF8;ASGR1;HLA-DPA1;NFKBID;TNFSF13B;RIN2;GCH1;SAMSN1;HLA-DQB1;HLA-C;PLXDC2;CD1D;HLA-A;ASPH;HLA-G;PRKCD;AGPAT1;RTN1;FAR2,"[33, 203, 444, 490, 558, 827, 855, 908, 914, 973, 986, 1085, 1268, 1546, 1625, 1698, 1918, 2345, 3052, 3113, 3660, 4147, 4269, 5034, 5843, 6182, 7026, 8927, 9169, 9634, 10897, 11422, 16178]",c7.vax__LI_PBMC_MENACTRA_AGE_18_45YO_CORRELATED_WITH_ANTI_DT_ANTIBODY_3DY_POSITIVE
c7.vax,FULLER_PBMC_F_TULARENSIS_VACCINE_LVS_AGE_22_54YO_18HR_UP,prerank,0.696245405792505,2.581254389678933,0.0,0.0,0.0,25_52,25/52,10.96%,CCL17;TLR5;FCGR2B;TLR8;CARD14;FCGR2A;TLR2;HLA-DRB1;NOD2;ICAM2;TLR9;CCR2;FCER1A;FCGR1A;CD86;FCER1G;CD74;HLA-DMB;IRAK2;CD80;TLR7;HLA-DMA;CCL22;CCR1;TAP1,CCL17;TLR5;FCGR2B;TLR8;CARD14;FCGR2A;TLR2;HLA-DRB1;NOD2;ICAM2;TLR9;CCR2;FCER1A;FCGR1A;CD86;FCER1G;CD74;HLA-DMB;IRAK2;CD80;TLR7;HLA-DMA;CCL22;CCR1;TAP1;CCR5;TLR6;TLR4;CD209;MYD88;CD58;CD81;CD68;CD44;CARD8;HLA-DQB1;LILRB4;HSP90B1;CD1D;RBMS1;DCSTAMP;DCP1B;TLR10;IRAK4;DCTN2;ADAM11;TLR1;FAS;TLR3;TRAF6;CDC42;TIRAP,"[67, 160, 180, 203, 268, 313, 493, 558, 626, 640, 658, 711, 722, 808, 827, 857, 908, 914, 1247, 1256, 1546, 1712, 1738, 1907, 1919, 2393, 2518, 2939, 3094, 3306, 3647, 3757, 3896, 4043, 4071, 4269, 5483, 5669, 6182, 6787, 7417, 7688, 7830, 8469, 8641, 9276, 9285, 10342, 10466, 11426, 13775, 14796]",c7.vax__FULLER_PBMC_F_TULARENSIS_VACCINE_LVS_AGE_22_54YO_18HR_UP
c7.vax,LI_PBMC_MENACTRA_AGE_18_45YO_ANTI_POLYSACCHARIDE_ANTIBODY_CORRELATION_PROFILE_3DY_UP,prerank,0.6987552878779083,2.248591043875512,0.0,0.0,0.0,21_29,21/29,16.78%,IFNA2;CARD9;C1QA;C3AR1;CFD;C1QB;C5AR1;C3;CCL20;TYROBP;IL6;FCER1G;APOBR;CFI;C1R;TNF;C2;SERPING1;GPX1;IL1B;TLR4,IFNA2;CARD9;C1QA;C3AR1;CFD;C1QB;C5AR1;C3;CCL20;TYROBP;IL6;FCER1G;APOBR;CFI;C1R;TNF;C2;SERPING1;GPX1;IL1B;TLR4;ST14;CCRL2;IFNA21;TBC1D8;AIF1;LHCGR;PTX3;FGF5,"[38, 147, 196, 349, 367, 399, 497, 554, 561, 656, 719, 857, 1023, 1145, 1505, 1526, 1909, 2181, 2540, 2654, 2939, 3236, 3794, 4584, 5217, 6152, 7615, 15139, 17354]",c7.vax__LI_PBMC_MENACTRA_AGE_18_45YO_ANTI_POLYSACCHARIDE_ANTIBODY_CORRELATION_PROFILE_3DY_UP
c7.vax,FULLER_PBMC_F_TULARENSIS_VACCINE_LVS_AGE_22_54YO_336HR_UP,prerank,0.730232877991603,2.5657216610177986,0.0,0.0,0.0,25_42,25/42,14.38%,CCL17;CARD9;TLR5;TLR8;FCGR2A;TLR2;HLA-DRB1;NOD2;ICAM2;TLR9;CCR2;FCER1A;FCGR1A;CD86;FCER1G;HLA-DMB;CARD10;FCGR3A;IRAK2;TLR7;HLA-DMA;CCR1;TAP1;CCR5;TLR6,CCL17;CARD9;TLR5;TLR8;FCGR2A;TLR2;HLA-DRB1;NOD2;ICAM2;TLR9;CCR2;FCER1A;FCGR1A;CD86;FCER1G;HLA-DMB;CARD10;FCGR3A;IRAK2;TLR7;HLA-DMA;CCR1;TAP1;CCR5;TLR6;TLR4;MYD88;NOD1;CARD8;HLA-DQB1;LILRB4;CD1D;DCP1B;TLR10;IRAK4;DCTN2;TLR1;FAS;TLR3;TRAF6;CDC42;TIRAP,"[67, 147, 160, 203, 313, 493, 558, 626, 640, 658, 711, 722, 808, 827, 857, 914, 918, 954, 1247, 1546, 1712, 1907, 1919, 2393, 2518, 2939, 3306, 3384, 4071, 4269, 5483, 6182, 7688, 7830, 8469, 8641, 9285, 10342, 10466, 11426, 13775, 14796]",c7.vax__FULLER_PBMC_F_TULARENSIS_VACCINE_LVS_AGE_22_54YO_336HR_UP
c7.vax,LI_PBMC_MENACTRA_AGE_18_45YO_CORRELATED_WITH_ANTI_POLYSACCHARIDE_ANTIBODY_3DY_POSITIVE,prerank,0.6581761590759665,2.419735395413506,0.0,0.0,0.0,34_53,34/53,18.69%,TLR8;EBI3;PLAUR;HMOX1;FUT7;HLA-DRB1;CCL20;BCL6;IL1RN;CD86;ICAM1;HLA-DRA;CSF1R;CYP1B1;TBXAS1;HLA-DPB1;TNF;TLR7;SLAMF8;ASGR1;HLA-DMA;HLA-DQA1;PCTP;HLA-DPA1;TNFAIP6;MAP3K8;ASGR2;NFKBID;IL1B;IL4I1;HLA-E;TNFSF13B;RIN2;HLA-B,TLR8;EBI3;PLAUR;HMOX1;FUT7;HLA-DRB1;CCL20;BCL6;IL1RN;CD86;ICAM1;HLA-DRA;CSF1R;CYP1B1;TBXAS1;HLA-DPB1;TNF;TLR7;SLAMF8;ASGR1;HLA-DMA;HLA-DQA1;PCTP;HLA-DPA1;TNFAIP6;MAP3K8;ASGR2;NFKBID;IL1B;IL4I1;HLA-E;TNFSF13B;RIN2;HLA-B;GCH1;CXCL2;HLA-F;SERPINB9;SAMSN1;PLXDC2;CD1D;CD83;HLA-A;RELB;HLA-G;PRKCD;CCL4;RTN1;RGL1;PTGS2;PDE4B;CD9;FAR2,"[203, 235, 295, 444, 490, 558, 561, 611, 793, 827, 847, 855, 973, 993, 1085, 1268, 1526, 1546, 1625, 1698, 1712, 1718, 1835, 1918, 1998, 2038, 2134, 2345, 2654, 2849, 2908, 3052, 3113, 3273, 3660, 3816, 3913, 4132, 4147, 5843, 6182, 6688, 7026, 7449, 9169, 9634, 10797, 11422, 12999, 13656, 14187, 15173, 16178]",c7.vax__LI_PBMC_MENACTRA_AGE_18_45YO_CORRELATED_WITH_ANTI_POLYSACCHARIDE_ANTIBODY_3DY_POSITIVE
c7.vax,ZAK_PBMC_MRKAD5_HIV_1_GAG_POL_NEF_AGE_20_50YO_1DY_UP,prerank,0.44006945739779474,2.304434461731588,0.0,0.0,0.0,331_935,331/935,19.52%,HSPA6;MLKL;HP;SLC6A12;RHBDF2;SLC11A1;MS4A6A;MT2A;SOCS3;ADM;ANKRD22;MICB;HK3;TLR8;IRF7;NFE2;TMEM150B;CASP7;MPZL2;C1QC;PLAUR;MT1E;NFIL3;KCNJ15;FCGR2A;LILRA5;SNX20;C3AR1;TOR4A;STAB1;STXBP2;CFD;LAT2;HGF;FGR;EMP3;NCF4;CASP4;C1QB;LAMP3;METRNL;CD300LB;SLC43A3;SIRPB2;TCIRG1;HMOX1;SERPINA1;CEBPB;RBM47;CYBA;LILRB1;GPR35;TLR2;C5AR1;CXCL11;PRRG4;TNFRSF1B;MTHFD2;MS4A14;TMEM176A;HLA-DRB5;STX11;GMPR;HLA-DRB1;SBNO2;FERMT3;LILRA2;RASGRP4;IL27;CASP1;IL15RA;TMEM176B;LAIR1;BCL6;GPR84;GSDMD;NOD2;E2F2;APOL1;IFITM2;CCL2;NID1;STARD8;FFAR2;TYROBP;FGD2;RNASE2;SPI1;LTBR;FES;RAB20;LRRC25;CCR2;CDKN1A;CFB;HK2;IRF1;GADD45B;LGALS9;LILRB3;TRIM5;IL1RN;HLX;ABI3;ELF4;C15orf39;MEFV;CD300A;CD163;S100A9;RAB24;NFAM1;CD86;PLAC8;IFITM1;ICAM1;CSF3R;HLA-DRA;FCER1G;FOLR2;SMCO4;ADAMTSL4;HLA-DMB;SLC1A5;SIGLEC9;IFITM3;CSF1R;SLC15A3;MARCO;WAS;CD33;FPR1;RNASET2;APOBR;ITPRIPL2;SHKBP1;REEP4;SASH1;S100A11;DOK1;BCL2A1;SLC39A11;TRPV4;CLIC1;TYMP;SLC16A3;DOK3;DNAJA1;CD14;CD151;SECTM1;GPBAR1;APOL4;HHEX;KPTN;GRN;IRF5;KIAA0930;SAMD4A;RXRA;CARD6;KLF4;TGM2;CXCL16;ECE1;CES1;TIMP1;STOM;DTX3L;SIGLEC14;PTTG1IP;ANXA2;TLR7;SLFN11;SLC7A7;SCO2;VAMP5;CLEC5A;MS4A4A;SLAMF8;CD40;CXCL10;CASP5;BID;AGTRAP;AXL;OSCAR;NOTCH2;HLA-DMA;CSRNP1;CLCN7;SOCS1;ARHGAP31;MOV10;EMILIN2;EHBP1L1;BTK;TP53I3;BST2;PCTP;FCAR;ZFP36;ABCD1;TIFA;LILRB2;OGFR;UNC93B1;CYSLTR2;NR1H3;ATP13A1;CCR1;C2;PIM3;HCK;NADK;HLA-DPA1;TAP1;RNF135;TNFAIP8L2;LHFPL2;PLSCR1;STAC3;TNFAIP6;CYSTM1;MERTK;CD274;SAT1;KIAA1958;PLEKHO2;TRIM22;ABCA1;MS4A7;GIMAP6;DRAM1;CAPG;PML;NINJ1;ASGR2;FPR2;APOL2;DSE;MSR1;SAT2;SH2B2;SERPING1;CARD16;P2RX7;SIGLEC1;PLEKHO1;MIIP;KIAA0040;CLEC12A;XKR8;GIMAP4;HELZ2;SIGLEC7;ATP1B3;PLIN3;TFEC;PLEK;ZNF438;CALML4;PYCARD;TLR6;PFKFB3;MXD1;IFNGR2;MBOAT7;PLXNB2;CTSZ;LILRA6;MFSD2A;MILR1;PARP10;SRC;ISG20;GNB2;SP100;RIPK3;GBP3;DHRS9;LIMK2;NPC2;DDB2;ADPRH;IL4I1;GLUL;BATF2;ARHGAP17;TLR4;NPL;PIK3AP1;FCN1;AOAH;CARS2;NTNG2;PSTPIP2;TNFSF13B;SLC38A5;CD300C;GDPD5;RRAS;CD63;GAS6;FLVCR2;RIN2;NCF2;SH3BP2;IRF9;KYNU;C1orf162;PACSIN2;TTC7A;HAVCR2;ST14;FNDC3B;ABTB2;GIMAP8;MYD88;IFI27;FPR3;DAPP1;GMPPA;TRIM26;PFKFB4;CASP10;GAA;NOD1;BAZ1A;MED20;LST1,HSPA6;MLKL;HP;SLC6A12;RHBDF2;SLC11A1;MS4A6A;MT2A;SOCS3;ADM;ANKRD22;MICB;HK3;TLR8;IRF7;NFE2;TMEM150B;CASP7;MPZL2;C1QC;PLAUR;MT1E;NFIL3;KCNJ15;FCGR2A;LILRA5;SNX20;C3AR1;TOR4A;STAB1;STXBP2;CFD;LAT2;HGF;FGR;EMP3;NCF4;CASP4;C1QB;LAMP3;METRNL;CD300LB;SLC43A3;SIRPB2;TCIRG1;HMOX1;SERPINA1;CEBPB;RBM47;CYBA;LILRB1;GPR35;TLR2;C5AR1;CXCL11;PRRG4;TNFRSF1B;MTHFD2;MS4A14;TMEM176A;HLA-DRB5;STX11;GMPR;HLA-DRB1;SBNO2;FERMT3;LILRA2;RASGRP4;IL27;CASP1;IL15RA;TMEM176B;LAIR1;BCL6;GPR84;GSDMD;NOD2;E2F2;APOL1;IFITM2;CCL2;NID1;STARD8;FFAR2;TYROBP;FGD2;RNASE2;SPI1;LTBR;FES;RAB20;LRRC25;CCR2;CDKN1A;CFB;HK2;IRF1;GADD45B;LGALS9;LILRB3;TRIM5;IL1RN;HLX;ABI3;ELF4;C15orf39;MEFV;CD300A;CD163;S100A9;RAB24;NFAM1;CD86;PLAC8;IFITM1;ICAM1;CSF3R;HLA-DRA;FCER1G;FOLR2;SMCO4;ADAMTSL4;HLA-DMB;SLC1A5;SIGLEC9;IFITM3;CSF1R;SLC15A3;MARCO;WAS;CD33;FPR1;RNASET2;APOBR;ITPRIPL2;SHKBP1;REEP4;SASH1;S100A11;DOK1;BCL2A1;SLC39A11;TRPV4;CLIC1;TYMP;SLC16A3;DOK3;DNAJA1;CD14;CD151;SECTM1;GPBAR1;APOL4;HHEX;KPTN;GRN;IRF5;KIAA0930;SAMD4A;RXRA;CARD6;KLF4;TGM2;CXCL16;ECE1;CES1;TIMP1;STOM;DTX3L;SIGLEC14;PTTG1IP;ANXA2;TLR7;SLFN11;SLC7A7;SCO2;VAMP5;CLEC5A;MS4A4A;SLAMF8;CD40;CXCL10;CASP5;BID;AGTRAP;AXL;OSCAR;NOTCH2;HLA-DMA;CSRNP1;CLCN7;SOCS1;ARHGAP31;MOV10;EMILIN2;EHBP1L1;BTK;TP53I3;BST2;PCTP;FCAR;ZFP36;ABCD1;TIFA;LILRB2;OGFR;UNC93B1;CYSLTR2;NR1H3;ATP13A1;CCR1;C2;PIM3;HCK;NADK;HLA-DPA1;TAP1;RNF135;TNFAIP8L2;LHFPL2;PLSCR1;STAC3;TNFAIP6;CYSTM1;MERTK;CD274;SAT1;KIAA1958;PLEKHO2;TRIM22;ABCA1;MS4A7;GIMAP6;DRAM1;CAPG;PML;NINJ1;ASGR2;FPR2;APOL2;DSE;MSR1;SAT2;SH2B2;SERPING1;CARD16;P2RX7;SIGLEC1;PLEKHO1;MIIP;KIAA0040;CLEC12A;XKR8;GIMAP4;HELZ2;SIGLEC7;ATP1B3;PLIN3;TFEC;PLEK;ZNF438;CALML4;PYCARD;TLR6;PFKFB3;MXD1;IFNGR2;MBOAT7;PLXNB2;CTSZ;LILRA6;MFSD2A;MILR1;PARP10;SRC;ISG20;GNB2;SP100;RIPK3;GBP3;DHRS9;LIMK2;NPC2;DDB2;ADPRH;IL4I1;GLUL;BATF2;ARHGAP17;TLR4;NPL;PIK3AP1;FCN1;AOAH;CARS2;NTNG2;PSTPIP2;TNFSF13B;SLC38A5;CD300C;GDPD5;RRAS;CD63;GAS6;FLVCR2;RIN2;NCF2;SH3BP2;IRF9;KYNU;C1orf162;PACSIN2;TTC7A;HAVCR2;ST14;FNDC3B;ABTB2;GIMAP8;MYD88;IFI27;FPR3;DAPP1;GMPPA;TRIM26;PFKFB4;CASP10;GAA;NOD1;BAZ1A;MED20;LST1;VDR;ASCL2;RUFY4;PARP9;PMVK;RIN1;STAT3;TCN2;OAS1;CSRP1;LGALS9B;TNFRSF14;ARHGAP27;GCH1;PSMB8;STAT5A;SEC14L1;EFHD2;RENBP;NOP10;IL15;TREX1;CCRL2;RNF114;SLC39A1;TAPBP;LMF2;CD68;NUP62;SRA1;RBCK1;ITPK1;TFE3;GNA15;RILPL2;CORO1B;MFSD12;GLB1;GBP2;DUSP18;RASSF4;LDLR;RAB31;MRPL27;ALPK1;GLRX;SERPINB9;MCOLN1;UBC;CALCOCO2;GNG5;MSRB2;CPNE8;IDH1;FBXO6;ATF3;UBE2L6;PLAGL2;RABGGTA;SEMA4A;LY6E;IFI16;FGD6;NEU1;MX2;GOLM1;ANXA5;TMEM106A;TNS3;JUP;TRIM21;CLEC7A;GBP5;AGRN;AIM2;ATF5;NANS;PNPT1;TOR1B;USP18;HAPLN3;LILRA3;SIRPA;TNFSF13;TRIM25;CTSD;PATL1;RIPK2;RRAGC;P2RY2;RARA;KCTD14;LACTB;P2RY6;PRELID1;HCAR2;ISG15;SLC25A28;SNX11;MRPL44;ZCCHC2;MIDN;TAP2;DCUN1D3;RNF217;NMI;PSME2;RNPEP;SLFN12;CHMP2A;MRPL28;SLC27A3;DYNLT1;NUCB1;IRF2;CYFIP1;MYOF;TBC1D8;GBP4;KLHDC7B;GSTO1;CD300E;CNIH4;LTF;PEA15;CMKLR1;MICAL1;TNS1;YIPF1;USF1;IGSF6;LILRB4;SIL1;NQO2;MTF1;APOL3;NUB1;CHST12;N4BP1;KCTD12;TCF7L2;SLC24A4;PTGIR;CTSB;PSME1;GBP1;TMEM175;PLA2G15;TJP2;C3orf38;SHISA5;PLXDC2;CYBB;MPDU1;B4GALT5;GRINA;RCBTB2;KDM1B;CHST15;ERLIN1;IGFLR1;RAB39A;DRAP1;RNF149;FRMD3;FAM151B;SLC37A1;PILRA;MAFB;ETV7;IL10;ADAP2;HERC5;NUBP1;CST3;SPATS2L;FGD4;LYSMD2;MVB12A;NLRC4;KSR1;THEMIS2;PELI1;LYN;BACH1;DHX58;G6PD;SIGLEC5;FXYD6;SH2B3;SLC2A6;DENND1A;DNASE1L1;SLC37A2;IFI35;EHD4;WIPI1;SNX27;NAGK;CAMK1;CFP;GALNS;FGL2;ETV6;BST1;LOXL3;DOCK5;ABHD16A;IFIH1;BLOC1S1;XAF1;GPD2;PDLIM5;SMAD1;LGALS3BP;LRRK1;STYXL1;TMEM179B;MAP3K11;TNFAIP2;RAB8A;MSRB1;ASPHD2;LIMK1;TOP1;BAG1;NAPA;CCL3;PDCD1LG2;POMP;LARP7;LILRA1;MR1;GYG1;FAM91A1;ACSS2;CUL1;NR1H2;PSMA4;PHF11;ARSA;ETFDH;CSF2RB;TDRD7;PPM1K;SEC24D;IFI30;ARHGEF11;PSENEN;PARP12;KIAA0319L;PSMB10;SLC9A9;NAGA;RP2;RELT;ATOX1;SAMD9;IFIT1;ATP6V0D1;DCBLD1;ZMIZ1;DNPEP;TRIM38;DECR1;STK3;PARP14;BLVRA;ACOT9;SLC29A1;DYSF;SNTB1;MX1;PSMB9;NFKBIE;XRN1;BAK1;CTNNA1;SSB;UBA7;NAAA;AKIRIN2;SP110;ARL8A;ZSWIM6;GTPBP2;ZNF267;CLP1;SUOX;SLC43A2;RHOB;SPOPL;HSH2D;MARCKS;JAK2;ZNFX1;ROGDI;CDKN1C;SPPL2A;MVP;PRDX3;ANXA4;EIF4E2;KCNJ2;NT5C2;CTNND1;NAMPT;MNDA;GNS;CD2AP;LRRC59;RAB10;STAT2;RB1;ZDHHC11B;TLR1;LPAR1;TRIM14;SNX2;ACSL1;ADAR;SLC25A24;LPCAT3;CNDP2;ATP8B4;FAM111A;PRKCD;STAM2;CPEB3;EIF2AK2;RAB1A;MIA3;MICU1;IGF2BP2;SIPA1L1;AKR1A1;SLC38A7;SDC3;HEG1;VCPIP1;TIMP2;LAMP2;PGK1;SORT1;RAB4B;RNASEL;TPMT;ALYREF;SCPEP1;TANK;RASGEF1B;SLC15A4;CMIP;VAMP3;NLRP3;RNF19B;RNFT1;NT5C3A;DPYSL2;FAS;PSEN2;PSMA6;LMO2;QSOX1;SIDT2;CHD1;EXT1;TBK1;AGPAT3;DHRS7B;GORASP1;SDHB;TMEM140;CIR1;OAS3;TRIB1;ATG7;ALOX5;NCSTN;SNCA;TTYH3;PIGS;FMNL2;RPS6KC1;ALAS1;UBA3;SIPA1L2;DUSP3;LMNB1;PI4K2B;LRRK2;ADPGK;DNAJC13;GTPBP1;ACER3;RAB12;FKBP15;GPR141;AP5B1;SIRPB1;POLB;DIAPH2;BCKDK;BLZF1;ATP11A;EFR3A;RNF213;RAPGEF2;RNH1;FNIP2;BATF3;SLC20A1;RALB;STX3;CASP3;UBE2D1;GLT1D1;WDR41;CD300LF;TRAFD1;ZFYVE26;ANKFY1;LRRC4;IFIT5;USP25;ARSD;PARP11;LYST;SAMD9L;AQP9;TMEM229B;OAS2;SH3RF1;ACSL3;CDC42EP2;PPIF;PLA2G7;ATP6V1C1;NAIP;ST3GAL5;CPED1;ORMDL2;RBBP8;SRGAP2;SPTLC2;USP6NL;SLC35F6;PTPRE;ATP6V1B2;CAPZA2;PCMT1;SMCHD1;LAP3;NECAP1;DDX60L;CEACAM1;USP15;IFIT2;TAPBPL;EXOC6;RUFY3;OLFM4;GRAMD1B;EDEM2;KIAA0513;RGL1;SBF2;CBR1;ST8SIA4;SDSL;ACP2;WDFY1;ZBP1;BEST1;MASTL;P2RY13;SKAP2;TMEM255A;IL12RB1;WDFY3;SLC22A4;ATP1B1;CCL8;ATG3;MBOAT1;LPCAT2;FUCA2;SCIMP;SQLE;ATP2A2;STARD4;SLC16A6;RNF13;SLC31A1;DENND5A;C5orf15;EPHB2;CHMP5;ELMO2;CAMK2D;CTBS;P2RX4;P2RY12;NRIP1;IFI6;CREG1;EMC2;HPSE;NLN;PRKCE;MCTP1;VTA1;SLAMF7;GCNT1;POLK;IFIT3;ADAM9;NETO2;TBC1D2;SUSD1;EPSTI1;ADAM17;DUSP5;PAM;STX12;UTRN;SLC35A5;C11orf24;RNF31;PTPRO;GALNT3;EXOC1;CPPED1;SERPINB8;HERC6;KMO;PLXNC1;ARSB;CMPK2;GM2A;GK;NBN;EIF4E3;SNX10;CREB5;IGF2BP3;RASGRP3;DICER1;NFE2L3;TNFSF10;XRCC4;ZEB2;GDAP1;TET3;SLC8A1;PAK1;TMPPE;STS;APOL6;TRANK1;GNB4;DMXL2;FUOM;ACSL4;OASL;EPB41L3;RSAD2;C4orf33;MAP3K7CL;TATDN3;SCARB2;C9orf72;AZI2;SLC31A2;STAT1;VRK2;FAR2;CYP51A1;GCA;CNP;DUSP6;NEXN;HRH2;DDX60;HMGCS1;SLC22A15;GLIPR2;OTOF;TAGLN;SP140;MOSPD2;NHLRC3;IFI44;WSB1;KCNMB1;TUBA1A;USP32;RTP4;SCLT1;IFI44L;NHSL2;CD38;ACTA2;CD36,"[0, 36, 85, 95, 115, 132, 137, 145, 158, 159, 162, 177, 202, 203, 229, 234, 256, 263, 275, 280, 295, 308, 310, 311, 313, 324, 326, 349, 351, 357, 361, 367, 368, 374, 382, 387, 392, 394, 399, 404, 409, 419, 429, 431, 437, 444, 459, 464, 469, 470, 474, 479, 493, 497, 511, 513, 525, 532, 539, 540, 542, 548, 555, 558, 559, 568, 572, 576, 577, 580, 589, 597, 610, 611, 614, 617, 626, 628, 629, 633, 636, 637, 649, 655, 656, 663, 667, 677, 679, 696, 698, 705, 711, 715, 742, 744, 753, 762, 764, 780, 786, 793, 799, 800, 803, 805, 807, 812, 818, 820, 824, 826, 827, 834, 842, 847, 848, 855, 857, 862, 886, 896, 914, 916, 934, 970, 973, 976, 977, 985, 998, 1004, 1017, 1023, 1050, 1059, 1063, 1079, 1102, 1103, 1133, 1139, 1149, 1171, 1187, 1200, 1201, 1202, 1238, 1260, 1275, 1276, 1285, 1312, 1325, 1328, 1337, 1347, 1352, 1409, 1423, 1437, 1442, 1455, 1469, 1470, 1515, 1517, 1525, 1533, 1541, 1542, 1546, 1584, 1607, 1609, 1610, 1621, 1623, 1625, 1644, 1647, 1649, 1667, 1684, 1696, 1704, 1705, 1712, 1721, 1734, 1768, 1783, 1790, 1794, 1796, 1801, 1822, 1831, 1835, 1843, 1852, 1858, 1873, 1887, 1892, 1894, 1895, 1900, 1902, 1907, 1909, 1911, 1914, 1916, 1918, 1919, 1924, 1945, 1956, 1987, 1993, 1998, 2001, 2013, 2015, 2029, 2033, 2053, 2064, 2070, 2085, 2107, 2111, 2112, 2122, 2130, 2134, 2137, 2156, 2158, 2162, 2169, 2175, 2181, 2235, 2249, 2287, 2295, 2327, 2331, 2333, 2359, 2363, 2365, 2377, 2392, 2434, 2463, 2474, 2508, 2515, 2517, 2518, 2535, 2544, 2560, 2576, 2606, 2634, 2643, 2658, 2672, 2673, 2680, 2691, 2698, 2704, 2728, 2747, 2751, 2754, 2760, 2801, 2811, 2849, 2868, 2906, 2925, 2939, 2943, 2944, 2968, 3002, 3010, 3044, 3047, 3052, 3064, 3067, 3074, 3075, 3076, 3078, 3109, 3113, 3164, 3168, 3170, 3173, 3183, 3187, 3200, 3229, 3236, 3245, 3261, 3264, 3306, 3312, 3317, 3322, 3333, 3344, 3350, 3353, 3369, 3384, 3403, 3416, 3419, 3453, 3476, 3479, 3488, 3529, 3546, 3562, 3610, 3619, 3628, 3635, 3651, 3657, 3660, 3668, 3694, 3716, 3718, 3730, 3748, 3762, 3778, 3794, 3820, 3846, 3865, 3871, 3896, 3909, 3921, 3930, 3953, 3973, 3988, 3994, 3995, 4024, 4038, 4039, 4044, 4046, 4047, 4051, 4058, 4065, 4115, 4132, 4141, 4171, 4193, 4203, 4223, 4230, 4236, 4239, 4249, 4279, 4283, 4306, 4312, 4330, 4346, 4353, 4355, 4368, 4375, 4406, 4408, 4409, 4440, 4452, 4462, 4474, 4482, 4484, 4489, 4505, 4532, 4552, 4553, 4585, 4588, 4625, 4642, 4649, 4656, 4667, 4669, 4694, 4716, 4735, 4742, 4888, 4891, 4892, 4911, 4942, 4944, 4951, 4998, 5005, 5018, 5067, 5070, 5079, 5088, 5113, 5129, 5131, 5132, 5144, 5191, 5193, 5195, 5196, 5202, 5210, 5217, 5220, 5226, 5230, 5238, 5277, 5338, 5340, 5370, 5376, 5393, 5398, 5401, 5466, 5483, 5488, 5495, 5520, 5545, 5559, 5560, 5588, 5600, 5609, 5613, 5656, 5660, 5690, 5727, 5730, 5737, 5751, 5755, 5831, 5843, 5847, 5904, 5910, 5917, 5925, 5963, 5966, 5994, 6004, 6009, 6015, 6038, 6041, 6062, 6078, 6088, 6096, 6098, 6118, 6130, 6159, 6229, 6273, 6284, 6295, 6330, 6333, 6386, 6402, 6467, 6476, 6593, 6606, 6611, 6615, 6641, 6644, 6650, 6672, 6678, 6695, 6718, 6730, 6731, 6760, 6776, 6788, 6826, 6854, 6868, 6896, 6925, 6926, 6962, 6967, 7003, 7032, 7058, 7088, 7090, 7105, 7119, 7121, 7177, 7206, 7248, 7258, 7305, 7330, 7340, 7346, 7358, 7370, 7383, 7401, 7409, 7459, 7485, 7488, 7496, 7499, 7689, 7709, 7712, 7730, 7743, 7767, 7827, 7848, 7884, 7897, 7927, 7964, 7971, 7978, 7999, 8005, 8015, 8031, 8058, 8070, 8071, 8072, 8078, 8098, 8115, 8117, 8129, 8141, 8160, 8175, 8176, 8196, 8220, 8234, 8265, 8267, 8271, 8282, 8297, 8341, 8351, 8362, 8372, 8374, 8375, 8412, 8446, 8462, 8488, 8508, 8511, 8525, 8536, 8553, 8556, 8636, 8660, 8680, 8698, 8716, 8773, 8819, 8830, 8831, 8841, 8846, 8859, 8865, 8894, 8940, 8941, 9015, 9109, 9148, 9168, 9170, 9187, 9198, 9227, 9251, 9270, 9283, 9285, 9309, 9338, 9357, 9364, 9405, 9478, 9484, 9531, 9572, 9616, 9634, 9673, 9685, 9688, 9713, 9752, 9771, 9793, 9811, 9825, 9838, 9841, 9865, 9872, 9874, 9877, 9884, 9986, 9993, 10003, 10012, 10051, 10059, 10158, 10164, 10174, 10187, 10201, 10212, 10253, 10256, 10263, 10305, 10342, 10351, 10360, 10397, 10417, 10446, 10489, 10491, 10517, 10522, 10554, 10555, 10585, 10600, 10616, 10622, 10636, 10669, 10750, 10781, 10807, 10825, 10867, 10913, 10925, 10954, 10968, 10975, 10986, 11024, 11025, 11062, 11068, 11103, 11118, 11120, 11197, 11210, 11243, 11244, 11277, 11337, 11352, 11359, 11381, 11394, 11410, 11412, 11499, 11509, 11522, 11556, 11619, 11636, 11692, 11745, 11751, 11889, 11915, 11980, 11988, 11991, 11998, 12017, 12020, 12033, 12056, 12069, 12078, 12091, 12114, 12137, 12167, 12211, 12248, 12254, 12272, 12277, 12279, 12297, 12309, 12310, 12317, 12347, 12426, 12443, 12459, 12515, 12557, 12573, 12590, 12622, 12637, 12648, 12673, 12684, 12728, 12743, 12748, 12785, 12800, 12808, 12812, 12819, 12986, 12994, 12999, 13023, 13032, 13038, 13055, 13075, 13095, 13120, 13222, 13257, 13259, 13288, 13298, 13309, 13330, 13389, 13412, 13457, 13487, 13526, 13583, 13592, 13597, 13634, 13652, 13654, 13658, 13716, 13717, 13763, 13785, 13801, 13832, 13853, 13921, 13940, 13964, 13973, 14013, 14097, 14117, 14125, 14138, 14273, 14322, 14372, 14390, 14391, 14396, 14400, 14434, 14459, 14495, 14507, 14515, 14518, 14545, 14554, 14564, 14584, 14591, 14601, 14658, 14663, 14674, 14681, 14729, 14733, 14734, 14735, 14746, 14798, 14811, 14841, 14858, 14896, 14935, 14949, 14985, 15011, 15081, 15119, 15122, 15172, 15232, 15282, 15293, 15332, 15344, 15392, 15429, 15471, 15473, 15564, 15648, 15650, 15728, 15730, 15786, 15788, 15850, 15853, 15856, 15894, 15903, 15918, 15926, 15934, 16016, 16067, 16074, 16178, 16247, 16271, 16429, 16481, 16482, 16500, 16525, 16564, 16610, 16626, 16648, 16652, 16684, 16689, 16694, 16698, 16707, 16726, 16804, 16852, 16949, 17021, 17246, 17328, 17344, 17447, 17499]",c7.vax__ZAK_PBMC_MRKAD5_HIV_1_GAG_POL_NEF_AGE_20_50YO_1DY_UP
c7.vax,FULLER_PBMC_F_TULARENSIS_VACCINE_LVS_AGE_22_54YO_192HR_UP,prerank,0.6903785607953179,2.3920205385554323,0.0,0.0,0.0,20_38,20/38,14.38%,CARD9;TLR5;TLR8;CARD14;TLR2;HLA-DRB1;NOD2;ICAM2;TLR9;CCR2;FCGR1A;CD86;CARD10;IRAK2;TLR7;HLA-DMA;CCL22;TAP1;CCR5;TLR6,CARD9;TLR5;TLR8;CARD14;TLR2;HLA-DRB1;NOD2;ICAM2;TLR9;CCR2;FCGR1A;CD86;CARD10;IRAK2;TLR7;HLA-DMA;CCL22;TAP1;CCR5;TLR6;TLR4;MYD88;NOD1;CD81;CARD8;HLA-DQB1;LILRB4;CD1D;DCP1B;TLR10;IRAK4;DCTN2;ADAM11;TLR1;TLR3;TRAF6;IRAK1BP1;TIRAP,"[147, 160, 203, 268, 493, 558, 626, 640, 658, 711, 808, 827, 918, 1247, 1546, 1712, 1738, 1919, 2393, 2518, 2939, 3306, 3384, 3757, 4071, 4269, 5483, 6182, 7688, 7830, 8469, 8641, 9276, 9285, 10466, 11426, 13902, 14796]",c7.vax__FULLER_PBMC_F_TULARENSIS_VACCINE_LVS_AGE_22_54YO_192HR_UP
c7.vax,HOWARD_PBMC_INACT_MONOV_INFLUENZA_A_INDONESIA_05_2005_H5N1_AGE_19_39YO_AS03_ADJUVANT_VS_BUFFER_1DY_UP,prerank,0.5172170242071832,2.509517364349451,0.0,0.0,0.0,145_333,145/333,16.95%,HSPA6;S100A12;HP;SLC6A12;MT2A;S100A8;SOCS3;ADM;ANKRD22;C1QA;LRG1;IRF7;CLEC4E;TMEM150B;CASP7;MPZL2;PLEKHG6;FAM20A;NCF1;KCNJ15;FCGR2A;LILRA5;BCL3;C3AR1;C1QB;LAMP3;SERPINA1;RBM47;LILRB1;TLR2;PRRG4;MTHFD2;TMEM176A;STX11;SBNO2;LYZ;IL27;CASP1;IL15RA;TMEM176B;BCL6;GPR84;NOD2;APOL1;FFAR2;LTBR;RAB20;CCR2;CDKN1A;MUC1;AANAT;IRF1;LILRB3;IL1RN;HLX;MEFV;FCGR1A;S100A9;NFAM1;ICAM1;FCER1G;SMCO4;ADAMTSL4;APOBEC3A;IFITM3;MARCO;CYP1B1;FPR1;ITPRIPL2;BCL2A1;SRGN;TRPV4;TYMP;FOS;ACVRL1;CD14;LILRB5;SECTM1;GPBAR1;APOL4;SAMD4A;STEAP4;ZNF703;TREM1;KLF4;TGM2;CXCL16;CES1;DTX3L;SCO2;VAMP5;CLEC5A;MS4A4A;SLAMF8;CXCL10;CASP5;SCARF1;CTSS;AK4;EMILIN2;CRISPLD2;FCAR;LILRB2;CCR1;C2;HCK;TAP1;LHFPL2;PLSCR1;TNFAIP6;CD274;NHSL1;DRAM1;ASGR2;FPR2;APOL2;DSE;MSR1;SERPING1;CARD16;P2RX7;SIGLEC1;PLEKHO1;PLBD1;XKR8;TDRD6;TFEC;PFKFB3;IFNGR2;LILRA6;IL1B;SRC;SLC1A3;GBP3;DHRS9;NPC2;TMEM51;RGS1;ADPRH;IL4I1;GLUL;BATF2;DUSP1;TLR4;FCN1,HSPA6;S100A12;HP;SLC6A12;MT2A;S100A8;SOCS3;ADM;ANKRD22;C1QA;LRG1;IRF7;CLEC4E;TMEM150B;CASP7;MPZL2;PLEKHG6;FAM20A;NCF1;KCNJ15;FCGR2A;LILRA5;BCL3;C3AR1;C1QB;LAMP3;SERPINA1;RBM47;LILRB1;TLR2;PRRG4;MTHFD2;TMEM176A;STX11;SBNO2;LYZ;IL27;CASP1;IL15RA;TMEM176B;BCL6;GPR84;NOD2;APOL1;FFAR2;LTBR;RAB20;CCR2;CDKN1A;MUC1;AANAT;IRF1;LILRB3;IL1RN;HLX;MEFV;FCGR1A;S100A9;NFAM1;ICAM1;FCER1G;SMCO4;ADAMTSL4;APOBEC3A;IFITM3;MARCO;CYP1B1;FPR1;ITPRIPL2;BCL2A1;SRGN;TRPV4;TYMP;FOS;ACVRL1;CD14;LILRB5;SECTM1;GPBAR1;APOL4;SAMD4A;STEAP4;ZNF703;TREM1;KLF4;TGM2;CXCL16;CES1;DTX3L;SCO2;VAMP5;CLEC5A;MS4A4A;SLAMF8;CXCL10;CASP5;SCARF1;CTSS;AK4;EMILIN2;CRISPLD2;FCAR;LILRB2;CCR1;C2;HCK;TAP1;LHFPL2;PLSCR1;TNFAIP6;CD274;NHSL1;DRAM1;ASGR2;FPR2;APOL2;DSE;MSR1;SERPING1;CARD16;P2RX7;SIGLEC1;PLEKHO1;PLBD1;XKR8;TDRD6;TFEC;PFKFB3;IFNGR2;LILRA6;IL1B;SRC;SLC1A3;GBP3;DHRS9;NPC2;TMEM51;RGS1;ADPRH;IL4I1;GLUL;BATF2;DUSP1;TLR4;FCN1;PSTPIP2;TNFSF13B;SH3PXD2B;KYNU;NGFR;VCAN;DSC2;VDR;RUFY4;PARP9;TCN2;OAS1;GCH1;ZMYND15;IL15;CCRL2;GBP2;RAB31;FBXO6;ATF3;UBE2L6;SEMA6B;TMEM106A;GBP5;AIM2;ATF5;LILRA3;CYP27A1;LACTB;HCAR2;FZD5;ISG15;RNF217;NMI;PSME2;MYOF;GBP4;CD300E;IGSF6;LILRB4;APOL3;FAM20C;KCTD12;SLC24A4;CTSB;GBP1;SIGLEC11;PLXDC2;CCDC149;GRINA;CHST15;RAB39A;FRMD3;FAM151B;MAFB;ETV7;ADAP2;AIF1;HERC5;FGD4;NLRC4;LYN;BACH1;IFI35;CLEC4G;FGL2;BST1;IFIH1;XAF1;SMAD1;PKHD1L1;KREMEN1;TNFAIP2;CDCP1;MSRB1;GPRC5C;LILRA1;FAM110B;PSMA4;STK32B;IFI30;SMTNL1;IFIT1;PARP14;TMTC1;BLVRA;DYSF;MX1;PSMB9;MARCKS;JAK2;KCNJ2;APOBEC3B;NAMPT;MNDA;STAT2;TLR1;ACSL1;SOD2;PLA2G4A;SDC3;SORT1;RASGEF1B;NLRP3;MORN2;NFIX;LMO2;EXT1;OAS3;TRIB1;DUSP3;LMNB1;LRRK2;PKMYT1;CDHR5;MEGF9;ANO5;WDR49;BATF3;UBE2D1;GLT1D1;TRAFD1;LRRC4;SAMD9L;AQP9;OAS2;CDC42EP2;PLA2G7;ATP6V1B2;LAP3;IFIT2;HBEGF;MPEG1;DPYD;SDSL;SLC22A16;BEST1;P2RY13;ASAP2;WDFY3;LPCAT2;SCIMP;SLC31A1;SLC46A2;P2RY12;GNG10;IFI6;MCTP1;IFIT3;ADAM9;EPSTI1;PLXNC1;CMPK2;GM2A;SNX10;CREB5;IGF2BP3;DOCK4;TNFSF10;SLC8A1;PRLR;APOL6;GNB4;DMXL2;FAM72A;OASL;EXOC3L1;EPB41L3;RSAD2;HORMAD1;SCARB2;SLC31A2;STAT1;VRK2;GCA;DUSP6;NEXN;DDO;DDX60;EGR3;IFI44;RTP4;ALDH1A1;IFI44L;CD38;EGR2;ANKRD34B;CD36,"[0, 11, 85, 95, 145, 157, 158, 159, 162, 196, 197, 229, 243, 256, 263, 275, 284, 287, 306, 311, 313, 324, 332, 349, 399, 404, 459, 469, 474, 493, 513, 532, 540, 548, 559, 574, 577, 580, 589, 597, 611, 614, 626, 629, 655, 679, 698, 711, 715, 723, 724, 753, 780, 793, 799, 807, 808, 820, 826, 847, 857, 886, 896, 946, 970, 977, 993, 1004, 1050, 1133, 1146, 1149, 1187, 1219, 1232, 1238, 1241, 1275, 1276, 1285, 1352, 1358, 1397, 1425, 1437, 1442, 1455, 1470, 1525, 1609, 1610, 1621, 1623, 1625, 1647, 1649, 1652, 1687, 1740, 1794, 1826, 1843, 1887, 1907, 1909, 1914, 1919, 1956, 1987, 1998, 2015, 2065, 2111, 2134, 2137, 2156, 2158, 2162, 2181, 2235, 2249, 2287, 2295, 2305, 2359, 2427, 2463, 2535, 2560, 2643, 2654, 2680, 2685, 2747, 2751, 2760, 2761, 2808, 2811, 2849, 2868, 2906, 2914, 2939, 2968, 3047, 3052, 3118, 3173, 3192, 3195, 3352, 3453, 3479, 3488, 3610, 3619, 3660, 3680, 3762, 3794, 4039, 4051, 4239, 4249, 4279, 4399, 4408, 4474, 4484, 4489, 4588, 4678, 4888, 4911, 4914, 4942, 5079, 5088, 5113, 5210, 5220, 5238, 5466, 5483, 5545, 5594, 5600, 5613, 5660, 5727, 5734, 5843, 5868, 5917, 5966, 6009, 6041, 6062, 6096, 6098, 6130, 6152, 6159, 6295, 6386, 6593, 6606, 6730, 6741, 6896, 6926, 7032, 7088, 7119, 7254, 7294, 7305, 7319, 7340, 7385, 7496, 7513, 7767, 7782, 7978, 8042, 8117, 8234, 8245, 8265, 8282, 8341, 8351, 8773, 8819, 8941, 8966, 9148, 9168, 9251, 9285, 9364, 9365, 9780, 9841, 9986, 10164, 10212, 10290, 10348, 10397, 10491, 10622, 10636, 10986, 11024, 11062, 11065, 11194, 11349, 11431, 11514, 11556, 11751, 11889, 11988, 12017, 12091, 12114, 12167, 12254, 12277, 12573, 12648, 12748, 12920, 12924, 13053, 13055, 13131, 13222, 13259, 13270, 13330, 13583, 13597, 13717, 13858, 13973, 13978, 14097, 14372, 14434, 14459, 14518, 14798, 14841, 14858, 14985, 15011, 15081, 15185, 15232, 15392, 15519, 15564, 15650, 15728, 15787, 15788, 15806, 15850, 15853, 15889, 15918, 16016, 16067, 16074, 16271, 16481, 16482, 16501, 16525, 16690, 16698, 16949, 17233, 17246, 17344, 17423, 17487, 17499]",c7.vax__HOWARD_PBMC_INACT_MONOV_INFLUENZA_A_INDONESIA_05_2005_H5N1_AGE_19_39YO_AS03_ADJUVANT_VS_BUFFER_1DY_UP
c7.vax,QI_PBMC_ZOSTAVAX_AGE_50_75YO_CORRELATED_WITH_T_CELL_RESPONSES_EXPANSION_AND_CONTRACTION_1D_NOT_INFORMATIVE_OF_LONG_TERM_RESPONSES_POSITIVE,prerank,0.8013747116516167,2.1979921258617656,0.0,0.0,0.0,9_16,9/16,8.05%,CXCR2;SIGLEC10;ITGB2;CCR2;SELL;WAS;TSC22D3;CD14;RXRA,CXCR2;SIGLEC10;ITGB2;CCR2;SELL;WAS;TSC22D3;CD14;RXRA;STAT3;CCL5;CX3CR1;JAK1;HLA-G;APOBEC3G;CYSLTR1,"[169, 433, 507, 711, 928, 985, 1034, 1238, 1409, 3562, 5546, 7438, 8760, 9169, 11087, 13103]",c7.vax__QI_PBMC_ZOSTAVAX_AGE_50_75YO_CORRELATED_WITH_T_CELL_RESPONSES_EXPANSION_AND_CONTRACTION_1D_NOT_INFORMATIVE_OF_LONG_TERM_RESPONSES_POSITIVE
c7.vax,FLETCHER_PBMC_BCG_10W_INFANT_BCG_STIMULATED_VS_UNSTIMULATED_10W_DN,prerank,0.5163904064381959,2.4080371778398098,0.0,0.0,0.0,105_246,105/246,19.35%,MMP9;IL1R2;CARD9;HK3;S100A4;C3AR1;STAB1;FGR;CD300LB;HMOX1;CEBPB;GPR35;C5AR1;EVA1B;PLIN2;C3;LILRA2;LYZ;PDGFRB;STARD8;MRAS;TYROBP;HSD3B7;SPI1;LTBR;FCGRT;CLDN23;IL1RN;MMP19;CD86;CD52;SMCO4;TSPO;SIGLEC9;CSF1R;CYP1B1;CD33;ITGAM;TBXAS1;S100A11;SLC16A3;FOS;CD151;S100A6;CAPN2;KIAA0930;RGCC;VIM;RXRA;PDLIM7;CXCL16;ANXA2;S100A10;CLEC5A;SLAMF8;EMP1;CTSS;RHOC;CYTH4;GPC4;CCR1;VWF;LHFPL2;SERPINE1;CD84;PTPN6;PLEKHO2;ABCA1;CAPG;C5AR2;PLBD1;SPHK1;CLEC12A;CPQ;PIEZO1;CCR5;GPNMB;HCST;ZNF366;SLC1A3;LGALS1;SLC26A11;DHRS9;NPC2;SH3BGRL3;GLUL;NPL;ITGAX;FTL;CA2;LRP1;CD300C;CD63;FLVCR2;ARAP3;ABCC3;PACSIN2;TKTL1;CEBPA;HAVCR2;RNF122;FPR3;LRP3;PFKFB4;PPARG,MMP9;IL1R2;CARD9;HK3;S100A4;C3AR1;STAB1;FGR;CD300LB;HMOX1;CEBPB;GPR35;C5AR1;EVA1B;PLIN2;C3;LILRA2;LYZ;PDGFRB;STARD8;MRAS;TYROBP;HSD3B7;SPI1;LTBR;FCGRT;CLDN23;IL1RN;MMP19;CD86;CD52;SMCO4;TSPO;SIGLEC9;CSF1R;CYP1B1;CD33;ITGAM;TBXAS1;S100A11;SLC16A3;FOS;CD151;S100A6;CAPN2;KIAA0930;RGCC;VIM;RXRA;PDLIM7;CXCL16;ANXA2;S100A10;CLEC5A;SLAMF8;EMP1;CTSS;RHOC;CYTH4;GPC4;CCR1;VWF;LHFPL2;SERPINE1;CD84;PTPN6;PLEKHO2;ABCA1;CAPG;C5AR2;PLBD1;SPHK1;CLEC12A;CPQ;PIEZO1;CCR5;GPNMB;HCST;ZNF366;SLC1A3;LGALS1;SLC26A11;DHRS9;NPC2;SH3BGRL3;GLUL;NPL;ITGAX;FTL;CA2;LRP1;CD300C;CD63;FLVCR2;ARAP3;ABCC3;PACSIN2;TKTL1;CEBPA;HAVCR2;RNF122;FPR3;LRP3;PFKFB4;PPARG;CLIP2;MGST1;KCNN4;ZMYND15;AVPI1;APOC1;APOE;ZYX;MFSD12;RASSF4;PDXK;RPS6KA1;KIFC3;PPM1M;ANXA5;TNS3;C1orf54;SIRPA;CTSD;CYP27A1;IGF2R;PDE4A;LMNA;SLC35E4;ANXA1;SPP1;SLC27A3;CYFIP1;OTOA;MYOF;IL17RA;ENG;GSN;ANXA11;TMBIM1;IGSF6;NEK6;LGALS3;FAM20C;KCTD12;CTSB;PLXDC2;CYBB;MAPKAPK3;SDCBP;SLC38A6;ADAP2;AIF1;CST3;NLRC4;HTRA1;PNKD;THEMIS2;GPC2;NUMB;G6PD;PTGS1;SLC37A2;DAB2;CAMK1;FGL2;TPST1;FBP1;PKM;SLC17A5;FKBP1A;SLC7A8;RNF130;HEBP1;DCSTAMP;ABCG1;PI4K2A;MPP1;GLA;ALDH3B1;IFI30;KCNE3;NT5E;ZMIZ1;PTGR1;SLCO3A1;SNAI3;TMEM158;MITF;ANXA4;SPRED1;MNDA;LIMS1;CAMSAP2;FLRT2;LPL;RAI14;ASPHD1;IGF2BP2;ICAM5;TIMP2;FABP4;CHST13;HEXB;DPYSL2;CORO1C;INF2;DAGLA;CLEC4A;ARHGAP18;SIPA1L2;VWA5A;NCEH1;TPM4;TGFBI;PAPSS1;GLIPR1;SLC44A1;SPINT1;SCG5;PLA2G7;PTPRE;VIPR1;ATP6AP2;TNFRSF21;RGL1;SDSL;FUCA2;SLC31A1;ME1;ATP6V1A;CREG1;ALDH1A2;SRXN1;CST6;ALCAM;CD9;ZEB2;GCLC;SCARB2;SLC31A2;GLIPR2;TM4SF19;GREM1;EGR2;CD36,"[9, 33, 147, 202, 245, 349, 357, 382, 419, 444, 464, 479, 497, 514, 537, 554, 572, 574, 646, 649, 651, 656, 670, 677, 679, 743, 748, 793, 809, 827, 830, 886, 915, 934, 973, 993, 998, 1038, 1085, 1102, 1200, 1219, 1260, 1299, 1314, 1347, 1356, 1399, 1409, 1414, 1455, 1542, 1551, 1621, 1625, 1664, 1687, 1711, 1747, 1903, 1907, 1921, 1956, 1969, 1992, 2040, 2053, 2070, 2112, 2120, 2305, 2315, 2333, 2372, 2383, 2393, 2421, 2483, 2521, 2685, 2686, 2736, 2751, 2760, 2777, 2868, 2943, 2994, 3009, 3033, 3045, 3067, 3076, 3109, 3144, 3146, 3187, 3190, 3219, 3229, 3259, 3317, 3325, 3350, 3389, 3456, 3531, 3671, 3680, 3706, 3747, 3783, 4017, 4024, 4046, 4198, 4277, 4336, 4352, 4406, 4409, 4434, 4625, 4656, 4678, 4804, 4897, 4905, 5001, 5053, 5115, 5191, 5202, 5208, 5210, 5292, 5298, 5373, 5417, 5447, 5466, 5536, 5562, 5594, 5600, 5660, 5843, 5847, 5929, 5990, 6080, 6130, 6152, 6273, 6386, 6398, 6449, 6467, 6513, 6531, 6615, 6627, 6718, 6756, 6826, 6896, 7001, 7002, 7140, 7161, 7174, 7237, 7244, 7350, 7417, 7448, 7546, 7580, 7624, 7817, 7978, 7981, 8133, 8160, 8232, 8343, 8345, 8394, 8468, 8894, 9042, 9168, 9243, 9391, 9561, 9605, 9704, 9788, 9793, 9817, 9874, 9876, 10177, 10217, 10305, 10359, 10573, 10618, 10843, 10950, 10975, 11486, 11501, 11539, 11627, 11857, 11881, 11908, 11943, 12003, 12277, 12557, 12662, 12688, 12698, 12999, 13055, 13592, 13717, 13863, 13883, 14117, 14172, 14200, 14283, 14739, 15173, 15293, 15499, 15918, 16016, 16626, 17177, 17275, 17423, 17499]",c7.vax__FLETCHER_PBMC_BCG_10W_INFANT_BCG_STIMULATED_VS_UNSTIMULATED_10W_DN
c7.vax,NAKAYA_PBMC_FLUAD_MALE_AGE_14_27YO_1D_POSTBOOST_VS_0D_PREIMM_MF59_ADJUVANTED_1DY_GENES_IN_BTM_M40_AND_M53_UP,prerank,0.7887568850559683,2.233156070806933,0.0,0.0,0.0,11_17,11/17,9.81%,C1QA;C1QC;C1QB;NFKBIA;NOD2;TYROBP;LY96;CD86;TNFAIP3;RXRA;HLA-DQA1,C1QA;C1QC;C1QB;NFKBIA;NOD2;TYROBP;LY96;CD86;TNFAIP3;RXRA;HLA-DQA1;TLR4;CD58;SIRPA;RIPK2;NLRC4;NLRP3,"[196, 280, 399, 438, 626, 656, 686, 827, 1329, 1409, 1718, 2939, 3647, 4625, 4669, 6386, 10212]",c7.vax__NAKAYA_PBMC_FLUAD_MALE_AGE_14_27YO_1D_POSTBOOST_VS_0D_PREIMM_MF59_ADJUVANTED_1DY_GENES_IN_BTM_M40_AND_M53_UP
c7.vax,FLETCHER_PBMC_BCG_10W_INFANT_BCG_STIMULATED_VS_UNSTIMULATED_10W_UP,prerank,0.5401611533960418,2.279710837713361,0.0,0.0,0.0,43_112,43/112,13.65%,G0S2;DDIT4;AKR1C2;MT2A;LTA;EBI3;VNN1;LIF;RUNX3;LAMP3;C2CD4B;ADORA2A;SERPINA1;BATF;CCL20;SESN2;CXCL1;APOL1;CSF3;IL6;CHAC1;IRF1;GADD45B;SLC7A5;CXCL3;PIM1;BCL2A1;PHGDH;CD93;TNF;SLC7A7;NFKBIZ;CXCL10;CCL22;SOCS1;PYCR1;TNFAIP6;MAP3K8;TRIM22;PMAIP1;IER3;GNG8;RNF144B,G0S2;DDIT4;AKR1C2;MT2A;LTA;EBI3;VNN1;LIF;RUNX3;LAMP3;C2CD4B;ADORA2A;SERPINA1;BATF;CCL20;SESN2;CXCL1;APOL1;CSF3;IL6;CHAC1;IRF1;GADD45B;SLC7A5;CXCL3;PIM1;BCL2A1;PHGDH;CD93;TNF;SLC7A7;NFKBIZ;CXCL10;CCL22;SOCS1;PYCR1;TNFAIP6;MAP3K8;TRIM22;PMAIP1;IER3;GNG8;RNF144B;MMP14;IL1B;PSAT1;IRF9;ABTB2;CKB;NME2;OSM;PARP9;VPREB3;CXCL2;RGS3;GBP2;NFKB1;SLC22A1;UBE2L6;GBP5;EDN1;RIPK2;ISG15;PSME2;GBP4;ADA;TRAF4;APOL3;IL12B;ASNS;GBP1;D2HGDH;ACOT7;FERMT2;SERPINB1;CITED4;ZMIZ2;IFIH1;TRIB3;ASPHD2;CCL3;MX1;PSMB9;EML2;TNFSF4;PIM2;NAMPT;SOD2;IRF4;TFPI2;OAS3;CCL4;PHLDA2;BATF3;AQP9;NEU4;F3;PTGS2;FEZ1;IL36G;IFIT3;EPSTI1;DUSP5;IL1A;MTHFD1L;PTX3;CCL1;STAT1;SERPINB2;IFI44L;CD38;HECW2,"[1, 17, 116, 145, 209, 235, 323, 352, 371, 404, 408, 456, 459, 521, 561, 586, 594, 629, 665, 719, 741, 753, 762, 790, 873, 991, 1133, 1281, 1292, 1526, 1607, 1641, 1647, 1738, 1768, 1856, 1998, 2038, 2064, 2205, 2252, 2308, 2390, 2529, 2654, 2963, 3170, 3261, 3385, 3426, 3455, 3488, 3598, 3816, 3966, 4039, 4057, 4218, 4279, 4474, 4526, 4669, 4942, 5113, 5220, 5260, 5261, 5545, 5684, 5694, 5727, 6033, 6047, 6060, 6571, 6843, 7021, 7032, 7236, 7346, 7409, 8341, 8351, 8475, 8505, 8896, 9148, 9365, 9586, 9956, 10622, 10797, 11321, 11556, 12114, 12232, 13150, 13656, 13734, 14229, 14434, 14518, 14554, 14936, 15057, 15139, 15342, 16067, 16394, 17246, 17344, 17355]",c7.vax__FLETCHER_PBMC_BCG_10W_INFANT_BCG_STIMULATED_VS_UNSTIMULATED_10W_UP
c7.vax,FLETCHER_PBMC_BCG_10W_INFANT_PPD_STIMULATED_VS_UNSTIMULATED_10W_UP,prerank,0.6093658720516408,2.4702962063749503,0.0,0.0,0.0,40_81,40/81,15.16%,G0S2;DDIT4;AKR1C2;MT1M;MT2A;MT1G;LTA;EBI3;LAMP3;C2CD4B;ADORA2A;SERPINA1;BATF;CCL20;SESN2;CXCL1;CSF3;IL6;CHAC1;SLC7A5;CXCL3;PIM1;BCL2A1;PHGDH;CD93;TNF;SLC7A7;NFKBIZ;CCL22;GNG11;PYCR1;TNFAIP6;MAP3K8;IER3;GNG8;RNF144B;MMP14;THBD;CXCL5;IL1B,G0S2;DDIT4;AKR1C2;MT1M;MT2A;MT1G;LTA;EBI3;LAMP3;C2CD4B;ADORA2A;SERPINA1;BATF;CCL20;SESN2;CXCL1;CSF3;IL6;CHAC1;SLC7A5;CXCL3;PIM1;BCL2A1;PHGDH;CD93;TNF;SLC7A7;NFKBIZ;CCL22;GNG11;PYCR1;TNFAIP6;MAP3K8;IER3;GNG8;RNF144B;MMP14;THBD;CXCL5;IL1B;ABTB2;RGS16;CKB;OSM;PARP9;VPREB3;CXCL2;GBP2;GBP5;EDN1;RIPK2;GBP4;TRAF4;GBP1;C15orf48;TRIB3;CCL3;MARCKS;PIM2;NAMPT;ACSL1;SOD2;TFPI2;THBS1;CCL4;PHLDA2;AQP9;NEU4;GLYR1;ATP2B1;PTGS2;FEZ1;IL36G;DUSP5;IL1A;MTHFD1L;PTX3;CCL1;EPB41L3;SERPINB2;INHBA,"[1, 17, 116, 126, 145, 165, 209, 235, 404, 408, 456, 459, 521, 561, 586, 594, 665, 719, 741, 790, 873, 991, 1133, 1281, 1292, 1526, 1607, 1641, 1738, 1851, 1856, 1998, 2038, 2252, 2308, 2390, 2529, 2546, 2588, 2654, 3261, 3278, 3385, 3455, 3488, 3598, 3816, 4039, 4474, 4526, 4669, 5220, 5261, 5727, 6717, 7236, 7409, 8773, 8896, 9148, 9364, 9365, 9956, 10764, 10797, 11321, 12114, 12232, 12945, 13348, 13656, 13734, 14229, 14554, 14936, 15057, 15139, 15342, 15850, 16394, 17099]",c7.vax__FLETCHER_PBMC_BCG_10W_INFANT_PPD_STIMULATED_VS_UNSTIMULATED_10W_UP
c7.vax,LI_PBMC_MENOMUNE_A_C_Y_W_135_AGE_18_45YO_CORRELATED_WITH_ANTIBODY_RESPONSE_3DY_POSITIVE,prerank,0.6809361064651897,2.335002600453829,0.0,0.0,0.0,25_40,25/40,17.35%,IL1R2;NFKB2;EBI3;PLAUR;BCL3;HMOX1;CD4;HLA-DRB1;CCL20;ICAM1;HLA-DRA;CD74;CD80;HLA-DPB1;TNF;SLAMF8;HLA-DMA;PCTP;HLA-DPA1;MAP3K8;WDFY4;NFKBID;IL1B;HLA-E;IL23A,IL1R2;NFKB2;EBI3;PLAUR;BCL3;HMOX1;CD4;HLA-DRB1;CCL20;ICAM1;HLA-DRA;CD74;CD80;HLA-DPB1;TNF;SLAMF8;HLA-DMA;PCTP;HLA-DPA1;MAP3K8;WDFY4;NFKBID;IL1B;HLA-E;IL23A;CXCL2;HLA-DQB1;HLA-C;CCL5;PLXDC2;CD83;HLA-A;ASPH;SLC27A2;HLA-G;ATP1B1;PTGS2;PDE4B;CD9;FAR2,"[33, 127, 235, 295, 332, 444, 463, 558, 561, 847, 855, 908, 1256, 1268, 1526, 1625, 1712, 1835, 1918, 2038, 2166, 2345, 2654, 2908, 3039, 3816, 4269, 5034, 5546, 5843, 6688, 7026, 8927, 9009, 9169, 13412, 13656, 14187, 15173, 16178]",c7.vax__LI_PBMC_MENOMUNE_A_C_Y_W_135_AGE_18_45YO_CORRELATED_WITH_ANTIBODY_RESPONSE_3DY_POSITIVE
c7.vax,HOEK_NK_CELL_2011_2012_TIV_3D_VS_0DY_ADULT_3D_DN,prerank,0.6037783508751484,2.771310480924144,0.0,0.0,0.0,113_216,113/216,18.47%,S100A12;ANPEP;SLC11A1;MS4A6A;S100A8;TLR5;VENTX;HK3;TLR8;NFE2;SAMD11;TMEM150B;PLAUR;NCF1;LILRA5;STAB1;CFD;NCF4;SIRPB2;SERPINA1;CD4;CEBPB;YBX3;TLR2;C5AR1;HLA-DRB5;HLA-DRB1;CEACAM4;LILRA2;LYZ;RASGRP4;CLEC10A;F13A1;NID1;FGD2;RNASE2;RETN;SPI1;LTBR;LRRC25;CDKN1A;FCER1A;LILRB3;CTRL;MEFV;CIITA;CD163;S100A9;NFAM1;CD86;CSF3R;HLA-DRA;CYP2S1;ADAMTSL4;APOBEC3A;CSF1R;SLC15A3;CD33;FPR1;KCNQ1;TYMP;DOK3;PER1;CD14;SECTM1;PRAM1;ZNF703;PTAFR;KLF4;CXCL16;CES1;LY86;SIGLEC14;SLC7A7;PLA2G4B;IL6R;SCARF1;RAB32;OSCAR;HLA-DQA1;SOCS1;BTK;ZFP36;LYL1;LILRB2;HCK;MS4A7;PDK4;ASGR2;PLBD1;JUN;ALDH2;TFEC;IFNGR2;PLXNB2;CTSH;HLA-DOA;NLRP12;LILRA6;ZNF385A;PYGL;ARHGEF40;DUSP1;TLR4;FCN1;OAF;LRP1;TNFSF13B;IL13RA1;NCF2;GPSM1;VCAN;CSTA,S100A12;ANPEP;SLC11A1;MS4A6A;S100A8;TLR5;VENTX;HK3;TLR8;NFE2;SAMD11;TMEM150B;PLAUR;NCF1;LILRA5;STAB1;CFD;NCF4;SIRPB2;SERPINA1;CD4;CEBPB;YBX3;TLR2;C5AR1;HLA-DRB5;HLA-DRB1;CEACAM4;LILRA2;LYZ;RASGRP4;CLEC10A;F13A1;NID1;FGD2;RNASE2;RETN;SPI1;LTBR;LRRC25;CDKN1A;FCER1A;LILRB3;CTRL;MEFV;CIITA;CD163;S100A9;NFAM1;CD86;CSF3R;HLA-DRA;CYP2S1;ADAMTSL4;APOBEC3A;CSF1R;SLC15A3;CD33;FPR1;KCNQ1;TYMP;DOK3;PER1;CD14;SECTM1;PRAM1;ZNF703;PTAFR;KLF4;CXCL16;CES1;LY86;SIGLEC14;SLC7A7;PLA2G4B;IL6R;SCARF1;RAB32;OSCAR;HLA-DQA1;SOCS1;BTK;ZFP36;LYL1;LILRB2;HCK;MS4A7;PDK4;ASGR2;PLBD1;JUN;ALDH2;TFEC;IFNGR2;PLXNB2;CTSH;HLA-DOA;NLRP12;LILRA6;ZNF385A;PYGL;ARHGEF40;DUSP1;TLR4;FCN1;OAF;LRP1;TNFSF13B;IL13RA1;NCF2;GPSM1;VCAN;CSTA;SPINT2;PFKFB4;OSM;CBFA2T3;AVPI1;GNA15;HLA-DQB1;IRS2;SEMA4A;MTMR11;JUP;CLEC7A;LILRA3;SIRPA;RAB34;CD101;MYOF;CD300E;C19orf38;ANKRD9;IGSF6;LILRB4;ATP4A;FAM20C;KCTD12;JUNB;CYBB;CHST15;NR4A2;MAFB;AIF1;CD1D;SULF2;CST3;SLC2A6;SLC37A2;CD5;CFP;BST1;CPVL;DNPH1;LRRK1;P2RX1;TNFAIP2;LILRA1;LHFPL5;CSF2RB;FOSB;IFI30;KCNE3;ARHGEF11;VAV2;PID1;SLC43A2;MARCKS;MNDA;FRS3;MARVELD1;TIMP2;SORT1;NLRP3;TUBB2A;LMO2;TRIB1;ASB13;ALOX5;CLEC4A;LRRK2;NPB;SIRPB1;RTN1;GABBR1;TGFBI;SPINT1;CD300LF;PLA2G7;KCNC3;VIPR1;NR4A1;MPEG1;P2RY13;LNX1;TMEM88;RABGEF1;SETD7;IDI2;PADI2;SLCO5A1;CHADL;DLG2;CREB5;ANKRD30BL;PDE3A;LRRC24;DMXL2;HFM1;RBP7;TBC1D9;GCA;HRH2;KCNMB1;EGR1;CD36,"[11, 112, 132, 137, 157, 160, 193, 202, 203, 234, 250, 256, 295, 306, 324, 357, 367, 392, 431, 459, 463, 464, 466, 493, 497, 542, 558, 560, 572, 574, 576, 585, 631, 637, 663, 667, 672, 677, 679, 705, 715, 722, 780, 796, 807, 815, 818, 820, 826, 827, 848, 855, 876, 896, 946, 973, 976, 998, 1004, 1019, 1187, 1201, 1212, 1238, 1275, 1368, 1397, 1412, 1437, 1455, 1470, 1509, 1533, 1607, 1622, 1632, 1652, 1670, 1704, 1718, 1768, 1801, 1852, 1861, 1887, 1914, 2085, 2104, 2134, 2305, 2405, 2440, 2463, 2560, 2606, 2612, 2615, 2620, 2643, 2716, 2745, 2830, 2914, 2939, 2968, 3026, 3045, 3052, 3069, 3164, 3166, 3195, 3234, 3318, 3350, 3455, 3576, 3706, 3988, 4269, 4288, 4312, 4323, 4440, 4462, 4588, 4625, 4638, 5107, 5210, 5238, 5431, 5442, 5466, 5483, 5532, 5594, 5600, 5749, 5847, 5966, 6025, 6096, 6152, 6182, 6218, 6273, 6672, 6718, 6842, 6854, 6926, 6957, 7047, 7177, 7201, 7305, 7496, 7838, 7897, 7914, 7978, 7981, 7999, 8155, 8655, 8660, 8773, 9168, 9197, 9620, 9874, 9986, 10212, 10383, 10397, 10636, 10684, 10750, 10843, 11062, 11266, 11277, 11422, 11537, 11627, 11943, 11980, 12277, 12336, 12662, 12865, 12924, 13259, 13354, 13429, 13469, 13539, 13591, 13761, 13815, 14230, 14846, 15011, 15112, 15337, 15569, 15728, 15857, 15928, 15929, 16271, 16500, 16726, 17016, 17499]",c7.vax__HOEK_NK_CELL_2011_2012_TIV_3D_VS_0DY_ADULT_3D_DN
c7.vax,PATEL_SKIN_OF_BODY_ZOSTAVAX_AGE_70_93YO_VZV_CHALLENGE_3DY_UP,prerank,0.5541223597519546,2.2884152837035985,0.0,0.0,0.0,51_106,51/106,18.94%,MS4A6A;TLR8;GPSM3;VSIG4;CD180;C3AR1;HGF;HMOX1;SERPINA1;CLIC2;LYZ;CCL2;NID1;TYROBP;IKZF1;CLU;SASH3;CD163;CD86;FCER1G;LCP1;SERPINA3;ARPC1B;SLC15A3;CD33;ITGAM;SRGN;RHOJ;ZFP36L2;LY86;TIMP1;TLR7;SLC7A7;RAB32;CTSS;SDC2;LILRB2;CCR1;CD84;C16orf54;CLEC12A;IKBIP;TFEC;CTSZ;ACP5;NPL;PIK3AP1;IL13RA1;HAVCR2;EVI2B;FPR3,MS4A6A;TLR8;GPSM3;VSIG4;CD180;C3AR1;HGF;HMOX1;SERPINA1;CLIC2;LYZ;CCL2;NID1;TYROBP;IKZF1;CLU;SASH3;CD163;CD86;FCER1G;LCP1;SERPINA3;ARPC1B;SLC15A3;CD33;ITGAM;SRGN;RHOJ;ZFP36L2;LY86;TIMP1;TLR7;SLC7A7;RAB32;CTSS;SDC2;LILRB2;CCR1;CD84;C16orf54;CLEC12A;IKBIP;TFEC;CTSZ;ACP5;NPL;PIK3AP1;IL13RA1;HAVCR2;EVI2B;FPR3;PAPSS2;PLXDC1;SAMSN1;CLEC7A;OSTC;IGSF6;AOX1;SSR2;CTSB;CYBB;SLC38A6;AIF1;THY1;SH2B3;POLR1D;DAB2;TDRD12;CPVL;FKBP1A;CX3CR1;CACNA2D3;NAGA;MARCKS;PIP4K2A;EFEMP1;C1RL;LGMN;ZNF567;TACC1;ARHGAP18;ATP11A;CAPRIN1;DDOST;PTP4A2;GLIPR1;COLEC12;INHBC;PTGER4;B3GNT7;MPEG1;TPK1;SRSF11;CALU;AP1S2;DCLK1;LIPA;MYO5A;IGF2BP3;SMC2;EVI2A;CENPH;ABI3BP;EPB41L3;BCAT1;LIPC,"[137, 203, 218, 240, 253, 349, 374, 444, 459, 544, 574, 636, 637, 656, 693, 751, 758, 818, 827, 857, 901, 958, 965, 976, 998, 1038, 1146, 1323, 1382, 1509, 1515, 1546, 1607, 1670, 1687, 1795, 1887, 1907, 1992, 2251, 2333, 2426, 2463, 2634, 2930, 2943, 2944, 3069, 3229, 3269, 3317, 3588, 3742, 4147, 4462, 4579, 5466, 5482, 5540, 5660, 5847, 6080, 6152, 6446, 6650, 6694, 6756, 6780, 6957, 7174, 7438, 7780, 8071, 8773, 9490, 9633, 10028, 10504, 10552, 10698, 10950, 11394, 11425, 11427, 11799, 11881, 11989, 12045, 12343, 12510, 12924, 13098, 13537, 13838, 14311, 14730, 14802, 14948, 15081, 15203, 15461, 15690, 15819, 15850, 16088, 16119]",c7.vax__PATEL_SKIN_OF_BODY_ZOSTAVAX_AGE_70_93YO_VZV_CHALLENGE_3DY_UP
c7.vax,FULLER_PBMC_F_TULARENSIS_VACCINE_LVS_AGE_22_54YO_48HR_UP,prerank,0.6992202429520804,2.603274943635267,0.0,0.0,0.0,38_53,38/53,23.24%,CCL17;TLR5;FCGR2B;TLR8;FCGR2A;TLR2;HLA-DRB1;CCL20;NOD2;ICAM2;TLR9;CCR2;FCER1A;CD86;ICAM1;FCER1G;CD74;HLA-DMB;FCGR3A;IRAK2;CD80;TLR7;HLA-DMA;CCL22;CCR1;TAP1;TICAM1;CCR5;TLR6;TLR4;CD209;MYD88;NOD1;CD58;CD81;CD68;CD44;CARD8,CCL17;TLR5;FCGR2B;TLR8;FCGR2A;TLR2;HLA-DRB1;CCL20;NOD2;ICAM2;TLR9;CCR2;FCER1A;CD86;ICAM1;FCER1G;CD74;HLA-DMB;FCGR3A;IRAK2;CD80;TLR7;HLA-DMA;CCL22;CCR1;TAP1;TICAM1;CCR5;TLR6;TLR4;CD209;MYD88;NOD1;CD58;CD81;CD68;CD44;CARD8;HLA-DQB1;LILRB4;CD1D;DCSTAMP;DCP1B;TLR10;DCTN2;B2M;TLR1;SOD2;FAS;TLR3;TRAF6;CDC42;TIRAP,"[67, 160, 180, 203, 313, 493, 558, 561, 626, 640, 658, 711, 722, 827, 847, 857, 908, 914, 954, 1247, 1256, 1546, 1712, 1738, 1907, 1919, 2008, 2393, 2518, 2939, 3094, 3306, 3384, 3647, 3757, 3896, 4043, 4071, 4269, 5483, 6182, 7417, 7688, 7830, 8641, 8759, 9285, 9365, 10342, 10466, 11426, 13775, 14796]",c7.vax__FULLER_PBMC_F_TULARENSIS_VACCINE_LVS_AGE_22_54YO_48HR_UP
c7.vax,ZAK_PBMC_MRKAD5_HIV_1_GAG_POL_NEF_AGE_20_50YO_AD5_NAB_TITERS_GT_200_VS_LTE_200_1DY_DN,prerank,0.6097187784819135,2.4888791666374224,0.0,0.0,0.0,42_93,42/93,13.32%,SLC6A12;SLC11A1;ADM;HK3;TMEM150B;C1QC;OR3A3;C3AR1;CFD;C1QB;METRNL;SERTAD1;NFKBIA;LILRB1;GPR35;C5AR1;CXCL11;MTHFD2;GPR84;CDKN1A;CFB;ABI3;SMCO4;MARCO;PER1;GPBAR1;SAMD4A;CES1;DDAH2;TLR7;MS4A4A;CXCL10;CASP5;AXL;TP53I3;FCAR;C2;MERTK;KIAA1958;ASGR2;KLHDC8B;CLEC12A,SLC6A12;SLC11A1;ADM;HK3;TMEM150B;C1QC;OR3A3;C3AR1;CFD;C1QB;METRNL;SERTAD1;NFKBIA;LILRB1;GPR35;C5AR1;CXCL11;MTHFD2;GPR84;CDKN1A;CFB;ABI3;SMCO4;MARCO;PER1;GPBAR1;SAMD4A;CES1;DDAH2;TLR7;MS4A4A;CXCL10;CASP5;AXL;TP53I3;FCAR;C2;MERTK;KIAA1958;ASGR2;KLHDC8B;CLEC12A;CALML4;LGALS1;CD300C;RRAS;NGFR;HAVCR2;IFI27;ASCL2;TCN2;CCRL2;ATF3;SEMA4A;ATF5;LILRA3;P2RY2;KCTD14;SLC27A3;CD300E;CNIH4;LTF;CMKLR1;ID1;CYGB;PILRA;MAFB;CAMK1;ZBTB21;BLVRA;ANXA4;AKR1A1;SDC3;NLRP3;VSTM1;DHRS7B;SDHB;TRIB1;KRTAP5-10;GPR141;NR4A1;HBEGF;RGL1;CBR1;TMEM255A;CCL8;EPHB2;CCDC180;P2RY12;PTPRO;KMO;TNFSF10;RTP4,"[95, 132, 159, 202, 256, 280, 301, 349, 367, 399, 409, 411, 438, 474, 479, 497, 511, 532, 614, 715, 742, 800, 886, 977, 1212, 1276, 1352, 1470, 1500, 1546, 1623, 1647, 1649, 1696, 1822, 1843, 1909, 2013, 2033, 2134, 2255, 2333, 2515, 2686, 3067, 3075, 3192, 3229, 3312, 3476, 3610, 3794, 4249, 4312, 4489, 4588, 4716, 4742, 5191, 5238, 5277, 5338, 5370, 5430, 5857, 6088, 6096, 6826, 7231, 8265, 8894, 9825, 9841, 10212, 10318, 10554, 10585, 10636, 10653, 11243, 12865, 12920, 12999, 13032, 13298, 13457, 13801, 13839, 13973, 14674, 14746, 15232, 16949]",c7.vax__ZAK_PBMC_MRKAD5_HIV_1_GAG_POL_NEF_AGE_20_50YO_AD5_NAB_TITERS_GT_200_VS_LTE_200_1DY_DN
c7.vax,SCHERER_PBMC_APSV_WETVAX_AGE_18_32YO_5_TO_7DY_UP,prerank,0.47541971874790884,2.269170557504899,0.0,0.0,0.0,91_277,91/277,15.76%,MT1F;HP;MT1M;MS4A6A;SOCS3;ADM;ANKRD22;FCGR2B;C1QA;TLR8;IRF7;CASP7;NCF1;C3AR1;CASP4;C1QB;SLC43A3;SERPINA1;CEBPB;LILRB1;TLR2;TNFRSF1B;MTHFD2;HLA-DRB1;CASP1;IL15RA;BCL6;GSDMD;APOL1;IFITM2;LTBR;CXCL9;TBX19;IRF1;LGALS9;LILRB3;IL1RN;ELF4;FCGR1A;CD163;S100A9;RAB24;IFITM1;ICAM1;HLA-DRA;CD74;TSPO;FCGR3A;IFITM3;MARCO;FPR1;PYHIN1;BCL2A1;HLA-DPB1;GRN;KIAA0930;KLF4;CES1;TNNT1;STOM;DTX3L;PTTG1IP;ANXA2;MCL1;SLAMF8;CD40;CXCL10;CASP5;CTSS;EMILIN2;CCR1;C2;HCK;HLA-DPA1;TAP1;LHFPL2;PLSCR1;TRIM22;CAPG;FPR2;SERPING1;ATP1B3;TEC;TFEC;PFKFB3;IFNGR2;PLXNB2;HLA-DOA;DHRS9;LIMK2;NPC2,MT1F;HP;MT1M;MS4A6A;SOCS3;ADM;ANKRD22;FCGR2B;C1QA;TLR8;IRF7;CASP7;NCF1;C3AR1;CASP4;C1QB;SLC43A3;SERPINA1;CEBPB;LILRB1;TLR2;TNFRSF1B;MTHFD2;HLA-DRB1;CASP1;IL15RA;BCL6;GSDMD;APOL1;IFITM2;LTBR;CXCL9;TBX19;IRF1;LGALS9;LILRB3;IL1RN;ELF4;FCGR1A;CD163;S100A9;RAB24;IFITM1;ICAM1;HLA-DRA;CD74;TSPO;FCGR3A;IFITM3;MARCO;FPR1;PYHIN1;BCL2A1;HLA-DPB1;GRN;KIAA0930;KLF4;CES1;TNNT1;STOM;DTX3L;PTTG1IP;ANXA2;MCL1;SLAMF8;CD40;CXCL10;CASP5;CTSS;EMILIN2;CCR1;C2;HCK;HLA-DPA1;TAP1;LHFPL2;PLSCR1;TRIM22;CAPG;FPR2;SERPING1;ATP1B3;TEC;TFEC;PFKFB3;IFNGR2;PLXNB2;HLA-DOA;DHRS9;LIMK2;NPC2;FCN1;IL13RA1;CD63;NCF2;IRF9;HLA-B;MYD88;IFI27;DSC2;BAZ1A;LST1;NCKAP1L;OAS1;GCH1;EFHD2;IL15;TMSB15A;NUP62;GLB1;GBP2;ALPK1;GLRX;CALCOCO2;PDXK;ATF3;HLA-DQB1;SDF2;UBE2L6;LY6E;MX2;ANXA5;TRIM21;AIM2;ATF5;NANS;USP18;LILRA3;SIRPA;ZNF671;TNFSF13;RIPK2;ISG15;TAP2;PSME2;RNPEP;IRF2;CYFIP1;GSTO1;DSG2;CNIH4;PEA15;IGSF6;APOL3;TCF7L2;UBE2D3;CTSB;PSME1;GBP1;TJP2;CYBB;RNF149;ETV7;ADAP2;AIF1;HERC5;RCN1;THEMIS2;TRIM34;LYN;BACH1;SH2B3;GCNT2;IFI35;RBMS1;PSMB3;FGL2;EIF4A1;BST1;CPVL;XAF1;LGALS3BP;PRDX2;NAPA;SLC35A2;GYG1;PSMA4;ALDH3B1;IFI30;PSMB10;SLC9A9;PSAP;ATOX1;IFIT1;KLHL8;RHOG;BLVRA;DYSF;MX1;PSMB9;CTNNA1;IL13;DNM1;CAST;SP110;OGT;MARCKS;JAK2;ZNFX1;ARPC3;ANXA4;APOBEC3B;MNDA;STAT2;TLR1;SOD2;ETF1;MICU1;RNF175;PPP1R21;SORT1;GRB2;SMPDL3A;NLRP3;FAS;PSMA6;LMO2;SCP2;CLSTN3;FUBP1;ARNT;GLS;FKBP15;ITM2B;SIRPB1;DNAJC15;TPM4;ST3GAL4;TRAFD1;IFIT5;AQP9;OAS2;NFX1;CYFIP2;ST3GAL5;FN1;SPTLC2;ATP6V1B2;LAP3;IFIT2;TGOLN2;PDP1;DPYD;ACP2;WDFY1;FBXL5;CAMK2D;GNG10;PSMB2;IFI6;CREG1;AP1S2;TAF9B;IFIT3;ARRB1;LIPA;GK;SNX10;TNFSF10;NKG7;SLC8A1;GNB4;EPB41L3;RSAD2;CTSO;SCARB2;SLC31A2;STAT1;VRK2;GCA;LPGAT1;SRBD1;ZNF264;IFI44;ALDH1A1;IFI44L;CD36,"[57, 85, 126, 137, 158, 159, 162, 180, 196, 203, 229, 263, 306, 349, 394, 399, 429, 459, 464, 474, 493, 525, 532, 558, 580, 589, 611, 617, 629, 633, 679, 692, 716, 753, 764, 780, 793, 803, 808, 818, 820, 824, 842, 847, 855, 908, 915, 954, 970, 977, 1004, 1016, 1133, 1268, 1328, 1347, 1437, 1470, 1493, 1517, 1525, 1541, 1542, 1560, 1625, 1644, 1647, 1649, 1687, 1794, 1907, 1909, 1914, 1918, 1919, 1956, 1987, 2064, 2112, 2137, 2181, 2392, 2401, 2463, 2535, 2560, 2606, 2615, 2751, 2754, 2760, 2968, 3069, 3076, 3164, 3170, 3273, 3306, 3312, 3352, 3403, 3419, 3466, 3619, 3660, 3718, 3762, 3902, 3909, 4038, 4039, 4065, 4115, 4193, 4198, 4249, 4269, 4275, 4279, 4330, 4368, 4406, 4452, 4484, 4489, 4505, 4553, 4588, 4625, 4632, 4642, 4669, 4942, 5067, 5113, 5129, 5196, 5202, 5230, 5237, 5277, 5340, 5466, 5545, 5609, 5637, 5660, 5690, 5727, 5751, 5847, 6038, 6098, 6130, 6152, 6159, 6329, 6467, 6471, 6593, 6606, 6650, 6676, 6730, 6787, 6871, 6896, 6924, 6926, 6957, 7088, 7121, 7162, 7401, 7428, 7689, 7767, 7817, 7978, 8058, 8070, 8082, 8098, 8117, 8187, 8233, 8265, 8282, 8341, 8351, 8375, 8393, 8452, 8487, 8508, 8676, 8773, 8819, 8830, 8867, 8894, 8966, 9168, 9251, 9285, 9365, 9442, 9771, 9868, 9878, 9986, 10155, 10197, 10212, 10342, 10360, 10397, 10403, 10445, 10463, 10553, 10601, 11210, 11214, 11277, 11417, 11539, 11801, 11988, 12020, 12114, 12167, 12227, 12306, 12309, 12440, 12443, 12573, 12648, 12748, 12930, 13041, 13053, 13075, 13095, 13171, 13921, 13978, 14007, 14097, 14117, 14311, 14346, 14434, 14689, 14802, 14896, 14985, 15232, 15287, 15392, 15650, 15850, 15853, 15890, 15918, 16016, 16067, 16074, 16271, 16314, 16578, 16581, 16698, 17233, 17246, 17499]",c7.vax__SCHERER_PBMC_APSV_WETVAX_AGE_18_32YO_5_TO_7DY_UP
c7.vax,KENNEDY_PBMC_DRYVAX_AGE_18_40YO_STIMULATED_VS_UNSTIMULATED_1_TO_48MO_TOP_DEG_DN,prerank,0.6605367471664524,2.1628636038785607,0.0,0.00015865999400091563,0.002,13_30,13/30,11.49%,CXCL6;S100A8;IL18;SIRPB2;GPR84;S100A9;HAMP;APOC2;ADORA3;CD14;GPBAR1;MFAP5;PRSS50,CXCL6;S100A8;IL18;SIRPB2;GPR84;S100A9;HAMP;APOC2;ADORA3;CD14;GPBAR1;MFAP5;PRSS50;KCNJ10;NDP;PTGES;OPRL1;PDCD1LG2;HNMT;SEMA3A;MYEOV;C4BPB;THBS1;BMP3;PDPN;ARNT2;MPEG1;LAMP5;SYT15;CHST6,"[46, 157, 366, 431, 614, 820, 943, 1014, 1124, 1238, 1276, 1516, 2012, 3386, 4500, 6202, 6289, 7459, 8041, 9232, 9978, 10670, 10764, 10771, 12416, 12609, 12924, 13569, 13892, 15198]",c7.vax__KENNEDY_PBMC_DRYVAX_AGE_18_40YO_STIMULATED_VS_UNSTIMULATED_1_TO_48MO_TOP_DEG_DN
c7.vax,SCHERER_PBMC_YF_VAX_AGE_18_40YO_4_TO_7DY_DN,prerank,0.4625061530892368,2.136753709885961,0.0,0.00019039199280109878,0.003,125_225,125/225,30.31%,OTOS;KRT18;HCLS1;SLC22A8;LIF;ARL6IP4;IRGC;SESN2;SIPA1;FOXC1;INPPL1;GJC1;PNRC1;NEUROG3;BANP;EEF1G;PLEC;CTU1;ACVRL1;MOB2;TRABD;PSTPIP1;RBM38;KIF1C;COL6A2;MBD3;RPS21;CYTH4;EEF1D;ZNF423;MAST1;TCF3;RGL2;NME3;ZAP70;DPP7;TSPAN4;SLC2A4RG;VAV1;MCM7;BRAT1;RPL36;MAD2L2;STK11;PRR15;CCDC88B;RPS15;CHGA;LRRC45;CCT3;RPL13;ACP5;ALDH16A1;TCOF1;LRP1;AKAP8L;RPS10;ADCY9;RPL18;FKBP2;SPSB3;RPL9;RPL18A;EGLN2;RPS3;VPS28;FBXL15;ARHGAP4;RPL37A;PSMC5;ARHGAP27;RPS5;ITGA6;SEC61A1;RABL6;CHMP1A;TSSC4;CCT4;PLIN1;RPS11;TMC6;TOMM7;FBXW5;P4HB;NPEPL1;RPL35A;RPL6;PPP1R37;RPS17;ENO1;RBM10;WDR18;RPS6;MYO1G;PDLIM2;RPS27A;RPL3;RPS7;RPS3A;SFI1;B4GALT3;TNFAIP8;RPS14;RPL7A;C12orf57;OTUD7A;SF3A2;RPL23A;UBA52;RPS13;UBXN1;CLPP;DENND4B;RPSA;ACAA1;RPL11;TMEM259;STX4;MRPL28;NDUFB8;S100A5;TCF25;RPS4X;CLPTM1L;PAF1,OTOS;KRT18;HCLS1;SLC22A8;LIF;ARL6IP4;IRGC;SESN2;SIPA1;FOXC1;INPPL1;GJC1;PNRC1;NEUROG3;BANP;EEF1G;PLEC;CTU1;ACVRL1;MOB2;TRABD;PSTPIP1;RBM38;KIF1C;COL6A2;MBD3;RPS21;CYTH4;EEF1D;ZNF423;MAST1;TCF3;RGL2;NME3;ZAP70;DPP7;TSPAN4;SLC2A4RG;VAV1;MCM7;BRAT1;RPL36;MAD2L2;STK11;PRR15;CCDC88B;RPS15;CHGA;LRRC45;CCT3;RPL13;ACP5;ALDH16A1;TCOF1;LRP1;AKAP8L;RPS10;ADCY9;RPL18;FKBP2;SPSB3;RPL9;RPL18A;EGLN2;RPS3;VPS28;FBXL15;ARHGAP4;RPL37A;PSMC5;ARHGAP27;RPS5;ITGA6;SEC61A1;RABL6;CHMP1A;TSSC4;CCT4;PLIN1;RPS11;TMC6;TOMM7;FBXW5;P4HB;NPEPL1;RPL35A;RPL6;PPP1R37;RPS17;ENO1;RBM10;WDR18;RPS6;MYO1G;PDLIM2;RPS27A;RPL3;RPS7;RPS3A;SFI1;B4GALT3;TNFAIP8;RPS14;RPL7A;C12orf57;OTUD7A;SF3A2;RPL23A;UBA52;RPS13;UBXN1;CLPP;DENND4B;RPSA;ACAA1;RPL11;TMEM259;STX4;MRPL28;NDUFB8;S100A5;TCF25;RPS4X;CLPTM1L;PAF1;RPL39;RPS2;ARFGAP1;MEGF8;TUFM;TSC22D4;RHOT2;CUTA;CCM2;RPL10;RPS15A;VPS51;GUK1;LTB;RPL5;RPL22;AKR7A2;CCT7;MMS19;KDELR1;BTF3;NCLN;ZBTB45;DHX30;RDH13;PMEPA1;PYGB;ICAM3;FLNA;PPP1R12C;PREB;BCR;RPL10A;ZC3H11A;SGTA;SRSF1;JMJD8;EIF3E;NDUFV1;MTMR14;CD244;ARF5;RPL22L1;CACNA2D3;DBP;RMND5A;LDHB;EIF3L;LTA4H;CORO1A;SNAI3;CBX7;EEF2;PRPF6;APRT;EIF3F;MAP7D1;PCSK1N;POLM;NMRK2;VWA5B2;RPL15;HADHA;TMEM121;SGSH;SNRNP200;SRSF5;SLC13A5;IL24;EIF4B;PPFIA4;CHCHD5;KIF22;PRRC2B;EEF1B2;VPS35;TMEM63A;AMD1;CTNNBIP1;TBCA;CXXC5;CCNI;TNRC6C;HMGB1;DUSP15;EDARADD;DCBLD2;CHFR;KLRB1;AVP;TOP2B;ARL4C;GPR156;NKG7;SPEF1;MN1;ZNF681;GPR78;FAR2;SLC4A1,"[37, 166, 219, 330, 352, 505, 551, 586, 595, 660, 695, 872, 875, 921, 931, 1035, 1115, 1165, 1232, 1293, 1294, 1376, 1428, 1477, 1579, 1591, 1679, 1747, 1776, 1805, 1825, 1891, 1897, 1917, 1939, 2035, 2036, 2069, 2128, 2223, 2258, 2297, 2420, 2445, 2565, 2582, 2583, 2611, 2649, 2859, 2917, 2930, 2932, 3023, 3045, 3049, 3058, 3108, 3110, 3111, 3143, 3204, 3274, 3307, 3341, 3410, 3422, 3432, 3513, 3560, 3657, 3685, 3749, 3753, 3773, 3780, 3880, 3888, 3895, 3907, 3929, 4113, 4142, 4151, 4170, 4202, 4220, 4232, 4247, 4248, 4281, 4287, 4340, 4433, 4446, 4464, 4465, 4486, 4491, 4525, 4540, 4544, 4601, 4603, 4688, 4736, 4740, 4751, 4863, 4883, 4906, 4989, 5000, 5014, 5040, 5044, 5052, 5094, 5144, 5183, 5222, 5223, 5294, 5301, 5308, 5363, 5472, 5486, 5611, 5691, 5706, 5722, 5802, 5829, 5905, 5993, 6026, 6044, 6057, 6075, 6109, 6132, 6160, 6166, 6238, 6328, 6334, 6338, 6427, 6434, 6443, 6725, 6783, 6813, 6877, 6907, 7045, 7111, 7187, 7197, 7477, 7581, 7600, 7640, 7678, 7682, 7719, 7768, 7780, 7824, 7891, 7900, 7912, 8011, 8030, 8345, 8721, 9092, 9105, 9114, 9293, 9366, 9597, 9790, 10024, 10077, 10085, 10131, 10269, 10353, 10421, 10578, 10607, 10727, 10730, 11014, 11295, 11322, 11371, 11512, 11933, 11936, 12065, 12133, 12138, 12457, 12469, 12523, 12555, 13002, 13593, 13643, 13677, 14129, 14151, 14358, 14821, 15194, 15287, 15336, 15849, 16063, 16132, 16178, 17059]",c7.vax__SCHERER_PBMC_YF_VAX_AGE_18_40YO_4_TO_7DY_DN
c7.vax,ERWIN_COHEN_PBMC_TC_83_AGE_18_45YO_NON_RESPONDERS_PREVIOUSLY_IMMUNIZED_24HR_DEG_CANONICAL_PATHWAY_MEMBERS_DN,prerank,0.8156324207943008,2.140083164375753,0.0,0.00019832499250114458,0.003,9_13,9/13,8.05%,C1QA;TLR8;C1QB;CEBPB;C5AR1;TYROBP;SPI1;FOS;RXRA,C1QA;TLR8;C1QB;CEBPB;C5AR1;TYROBP;SPI1;FOS;RXRA;TLR4;ITGAX;CLEC7A;NLRC4,"[196, 203, 399, 464, 497, 656, 677, 1219, 1409, 2939, 2994, 4462, 6386]",c7.vax__ERWIN_COHEN_PBMC_TC_83_AGE_18_45YO_NON_RESPONDERS_PREVIOUSLY_IMMUNIZED_24HR_DEG_CANONICAL_PATHWAY_MEMBERS_DN
c7.vax,MATSUMIYA_PBMC_MODIFIED_VACCINIA_ANKARA_VACCINE_AGE_18_55YO_2DY_UP,prerank,0.56514876385317,2.148883014019727,0.0,0.0002069478182620639,0.003,34_61,34/61,18.94%,S100A8;TLR8;C3AR1;CFD;CASP1;IFITM2;CCL2;RNASE2;IL6;LGALS9;FCGR1A;S100A9;ICAM1;APOBEC3A;IFITM3;SLC15A3;MARCO;BCL2A1;TYMP;TNF;CXCL10;BID;BST2;DRAM1;FPR2;SERPING1;CARD16;PYCARD;TLR6;SRC;IL4I1;IRF9;IFI27;FPR3,S100A8;TLR8;C3AR1;CFD;CASP1;IFITM2;CCL2;RNASE2;IL6;LGALS9;FCGR1A;S100A9;ICAM1;APOBEC3A;IFITM3;SLC15A3;MARCO;BCL2A1;TYMP;TNF;CXCL10;BID;BST2;DRAM1;FPR2;SERPING1;CARD16;PYCARD;TLR6;SRC;IL4I1;IRF9;IFI27;FPR3;PARP9;DNASE2;CD68;ISG15;PILRA;IFI35;IFIH1;XAF1;CCL3;IFIT1;MX1;PSMB9;TLR1;EIF2AK2;CCL4;IFIT2;ACP2;CCL8;IFI6;IFIT3;IL1A;TICAM2;TNFSF10;RSAD2;STAT1;IFI44;IFI44L,"[157, 203, 349, 367, 580, 633, 636, 667, 719, 764, 808, 820, 847, 946, 970, 976, 977, 1133, 1187, 1526, 1647, 1667, 1831, 2111, 2137, 2181, 2235, 2517, 2518, 2680, 2849, 3170, 3312, 3317, 3488, 3728, 3896, 4942, 6088, 6730, 7032, 7088, 7409, 8117, 8341, 8351, 9285, 9688, 10797, 12748, 13075, 13457, 14097, 14434, 14936, 14963, 15232, 15853, 16067, 16698, 17246]",c7.vax__MATSUMIYA_PBMC_MODIFIED_VACCINIA_ANKARA_VACCINE_AGE_18_55YO_2DY_UP
c7.vax,SOBOLEV_PBMC_PANDEMRIX_AGE_18_64YO_1DY_UP,prerank,0.7455096160032548,2.1556241112497654,0.0,0.0002163545372739759,0.003,16_19,16/19,18.88%,TLR8;IRF7;TLR2;HLA-DRB5;HLA-DRB1;NOD2;IRF1;CD86;HLA-DRA;TLR7;CD40;TAP1;TLR6;TLR4;IRF9;MYD88,TLR8;IRF7;TLR2;HLA-DRB5;HLA-DRB1;NOD2;IRF1;CD86;HLA-DRA;TLR7;CD40;TAP1;TLR6;TLR4;IRF9;MYD88;IRF2;TLR1;STAT1,"[203, 229, 493, 542, 558, 626, 753, 827, 855, 1546, 1644, 1919, 2518, 2939, 3170, 3306, 5196, 9285, 16067]",c7.vax__SOBOLEV_PBMC_PANDEMRIX_AGE_18_64YO_1DY_UP
c7.vax,MATSUMIYA_PBMC_MODIFIED_VACCINIA_ANKARA_VACCINE_AGE_18_55YO_VACCINATED_VS_CONTROL_TREATED_IN_VITRO_WITH_MVA85A_6HR_UP,prerank,0.545756901110679,2.158081527536115,0.0,0.00022665713428702237,0.003,37_79,37/79,18.12%,BAG3;RRAD;ANPEP;ADM;FAM170B;PLAUR;FGR;SLC43A3;RBM47;CXCL1;CCL2;FCGRT;IL1RN;HLX;CYP1B1;ITPRIPL2;RANBP3L;AGFG2;CD14;KLF4;ZNF395;AK4;LYL1;IER3;SDC4;PLEK;MFSD2A;SRC;PLEKHA4;IRF2BPL;IL4I1;ITGAX;SLC2A1;FTL;CD63;NCF2;KYNU,BAG3;RRAD;ANPEP;ADM;FAM170B;PLAUR;FGR;SLC43A3;RBM47;CXCL1;CCL2;FCGRT;IL1RN;HLX;CYP1B1;ITPRIPL2;RANBP3L;AGFG2;CD14;KLF4;ZNF395;AK4;LYL1;IER3;SDC4;PLEK;MFSD2A;SRC;PLEKHA4;IRF2BPL;IL4I1;ITGAX;SLC2A1;FTL;CD63;NCF2;KYNU;STAT3;TBC1D10A;MTMR11;ANXA5;DDR1;ZC3H12C;ADAP1;HAX1;LYN;C15orf48;DTNBP1;GET4;CUX1;ARMCX1;SOD2;BCL11A;SPRYD3;EZH2;ABCG4;EXT1;THBS1;COL11A2;LSM12;TGFBI;AP2B1;PPP3R1;AQP9;URB2;OSGEP;PREP;NUTF2;P2RX4;RSPRY1;CD200;CDK14;RHOU;RPP14;DNAJB5;MASP2;NR4A3;CD8B;TAGLN,"[15, 76, 112, 159, 189, 295, 382, 429, 469, 594, 636, 743, 793, 799, 993, 1050, 1066, 1198, 1238, 1437, 1590, 1740, 1861, 2252, 2329, 2474, 2658, 2680, 2730, 2737, 2849, 2994, 3001, 3009, 3076, 3164, 3173, 3562, 4126, 4323, 4406, 4441, 4483, 5243, 6357, 6593, 6717, 7873, 8114, 8181, 9059, 9365, 9457, 9568, 9948, 10288, 10491, 10764, 10854, 10858, 11627, 11810, 11883, 12114, 12128, 12151, 12418, 12476, 13964, 14521, 14551, 14850, 15059, 15182, 15377, 15416, 15706, 16145, 16652]",c7.vax__MATSUMIYA_PBMC_MODIFIED_VACCINIA_ANKARA_VACCINE_AGE_18_55YO_VACCINATED_VS_CONTROL_TREATED_IN_VITRO_WITH_MVA85A_6HR_UP
c7.vax,LI_PBMC_MENACTRA_AGE_18_45YO_CORRELATED_WITH_ANTI_DT_ANTIBODY_3DY_NEGATIVE,prerank,0.6740219814846448,2.1224356951996737,0.0,0.00024409229846294718,0.004,18_27,18/27,18.69%,NFKB2;PLAUR;BCL3;CD4;CCL20;IL1RN;ICAM1;CYP1B1;CD80;HLA-DMA;HLA-DQA1;PCTP;TNFAIP6;MAP3K8;IL1B;IL4I1;IL23A;HLA-B,NFKB2;PLAUR;BCL3;CD4;CCL20;IL1RN;ICAM1;CYP1B1;CD80;HLA-DMA;HLA-DQA1;PCTP;TNFAIP6;MAP3K8;IL1B;IL4I1;IL23A;HLA-B;CXCL2;SERPINB9;CCL5;CD83;RELB;CCL4;STAT4;PDE4B;CD9,"[127, 295, 332, 463, 561, 793, 847, 993, 1256, 1712, 1718, 1835, 1998, 2038, 2654, 2849, 3039, 3273, 3816, 4132, 5546, 6688, 7449, 10797, 13432, 14187, 15173]",c7.vax__LI_PBMC_MENACTRA_AGE_18_45YO_CORRELATED_WITH_ANTI_DT_ANTIBODY_3DY_NEGATIVE
c7.vax,HOWARD_MONOCYTE_INACT_MONOV_INFLUENZA_A_INDONESIA_05_2005_H5N1_AGE_18_49YO_1DY_UP,prerank,0.46267940714368155,2.0800522574449563,0.0,0.0002559032161305091,0.005,64_200,64/200,12.46%,HSPA6;HP;SLC6A12;HIC1;MT2A;SOCS3;ADM;ANKRD22;FCGR2B;IRF7;ALOX15B;CASP7;PLEKHG6;FAM20A;KCNJ15;STX11;IL27;IL15RA;GPR84;APOL1;CCL2;FFAR2;RAB20;MUC1;AANAT;CFB;CLU;IRF1;FCGR1A;VSIG2;PLAC8;IFITM1;CD7;APOBEC3A;IFITM3;PIM1;ADAMTS10;BCL2A1;TYMP;SECTM1;APOL4;SOX12;SAMD4A;TGM2;NR1D1;STOM;DTX3L;SCO2;VAMP5;SLAMF8;CD40;CXCL10;CASP5;TIFA;FAM89A;C2;TAP1;TNFAIP6;CD274;NLRC5;PML;FPR2;APOL2;SERPING1,HSPA6;HP;SLC6A12;HIC1;MT2A;SOCS3;ADM;ANKRD22;FCGR2B;IRF7;ALOX15B;CASP7;PLEKHG6;FAM20A;KCNJ15;STX11;IL27;IL15RA;GPR84;APOL1;CCL2;FFAR2;RAB20;MUC1;AANAT;CFB;CLU;IRF1;FCGR1A;VSIG2;PLAC8;IFITM1;CD7;APOBEC3A;IFITM3;PIM1;ADAMTS10;BCL2A1;TYMP;SECTM1;APOL4;SOX12;SAMD4A;TGM2;NR1D1;STOM;DTX3L;SCO2;VAMP5;SLAMF8;CD40;CXCL10;CASP5;TIFA;FAM89A;C2;TAP1;TNFAIP6;CD274;NLRC5;PML;FPR2;APOL2;SERPING1;XKR8;PFKFB3;ISG20;GBP3;LIMK2;VPS9D1;PITPNM2;BATF2;PSTPIP2;GAS6;RHOBTB3;PARP9;TCN2;GCH1;AVPI1;GBP2;PRDM11;FBXO6;UBE2L6;KIFC3;SEMA6B;GBP5;AIM2;HAPLN3;JAK3;LMNA;ISG15;TAP2;PSME2;MYOF;GBP4;KLHDC7B;APOL3;GBP1;ATP1B2;FRMD3;ETV7;SERPINF1;HERC5;OLIG1;ANXA9;GPC2;IFI35;DOC2A;FCRL6;XAF1;LGALS3BP;PRRT2;OPTN;KREMEN1;CDCP1;APOBEC3F;CUL1;SMTNL1;SAMD9;IFIT1;PROS1;PARP14;DYSF;PSMB9;XRN1;CLEC17A;SLC39A8;ADCY3;BRCA2;APOBEC3B;FBXO24;NAMPT;ARID5B;STAT2;ACSL1;SDC3;ADARB1;PRSS21;CDK5R1;OAS3;GFRA2;LMNB1;RIMKLB;CDHR5;KRT80;PRICKLE1;RNF213;PPARGC1A;LMTK2;IFIT5;SAMD9L;AQP9;OAS2;C21orf58;FANCL;LAP3;IFIT2;ZBP1;ASAP2;METAP1D;IL12RB1;ORC6;CAMK2D;P2RY12;GNG10;STAMBPL1;SLAMF7;IFIT3;EPSTI1;DUSP5;CMPK2;IGF2BP3;CD9;TNFSF10;RASL11A;CETP;OXR1;APOL6;TRANK1;OASL;PCED1B;EXOC3L1;FILIP1L;RSAD2;PRR5L;MAP3K7CL;STAT1;AMIGO2;ENPP2;HIVEP2;CD69;NEXN;DDX60;SP140;IFI44;RTP4;HLA-DOB;DES;IFI44L;CD38,"[0, 85, 95, 124, 145, 158, 159, 162, 180, 229, 254, 263, 284, 287, 311, 548, 577, 589, 614, 629, 636, 655, 698, 723, 724, 742, 751, 753, 808, 819, 834, 842, 912, 946, 970, 991, 1009, 1133, 1187, 1275, 1285, 1342, 1352, 1442, 1512, 1517, 1525, 1609, 1610, 1625, 1644, 1647, 1649, 1873, 1881, 1909, 1919, 1998, 2015, 2076, 2122, 2137, 2156, 2181, 2359, 2535, 2691, 2747, 2754, 2796, 2847, 2906, 3047, 3078, 3366, 3488, 3610, 3660, 3706, 4039, 4066, 4239, 4279, 4336, 4399, 4474, 4484, 4585, 4746, 4905, 4942, 5067, 5113, 5210, 5220, 5226, 5545, 5727, 5769, 6041, 6098, 6107, 6159, 6396, 6452, 6513, 6730, 6782, 6857, 7088, 7121, 7137, 7154, 7294, 7319, 7721, 7730, 8042, 8115, 8117, 8219, 8234, 8282, 8351, 8372, 8401, 8507, 8726, 8964, 8966, 8982, 9148, 9174, 9251, 9364, 9841, 10202, 10295, 10566, 10622, 10772, 11024, 11089, 11194, 11205, 11239, 11412, 11703, 11974, 12020, 12091, 12114, 12167, 12257, 12471, 12648, 12748, 13120, 13270, 13284, 13309, 13779, 13921, 13973, 13978, 14245, 14391, 14434, 14518, 14554, 14841, 15081, 15173, 15232, 15308, 15330, 15454, 15564, 15648, 15788, 15799, 15806, 15837, 15853, 15878, 15894, 16067, 16113, 16259, 16268, 16391, 16482, 16525, 16684, 16698, 16949, 17030, 17091, 17246, 17344]",c7.vax__HOWARD_MONOCYTE_INACT_MONOV_INFLUENZA_A_INDONESIA_05_2005_H5N1_AGE_18_49YO_1DY_UP
c7.vax,GARCIA_PINERES_PBMC_HPV_16_L1_VLP_AGE_18_25YO_STIMULATED_VS_UNSTIMULATED_0DY_VACCINATION_INDEPENDENT_UP,prerank,0.4538052311570818,2.1028900422173935,0.0,0.00026443332333485944,0.005,80_233,80/233,16.03%,G0S2;HSPB1;MMP9;MAFF;SLCO4A1;CCL17;SLC6A12;CLDN7;MT2A;C1QA;IRF7;EBI3;CKS2;UBE2C;MT1X;LIF;LAMP3;PTH1R;CXCL11;PRRG4;TMEM176A;GMPR;IL15RA;CXCL1;APOL1;IFITM2;CCL2;FFAR2;CXCL9;CDKN1A;IL6;MUC1;CFB;CCNA2;IRF1;MT1H;HLX;FCGR1A;IFITM1;IGFBP1;CDC45;GGT5;SIK1;IFITM3;IL9;ESPL1;TYMP;TRAF2;MMP25;CHST3;TNNT1;SCO2;VAMP5;CXCL10;AXL;SOCS1;LAG3;BST2;C2;SERPINE1;PLSCR1;TNFAIP6;PML;FPR2;SERPING1;KCNJ14;AURKB;SIGLEC1;SPHK1;SLC4A2;RRM2;TFEC;MMP14;BIRC5;MXD1;CYP27B1;SRC;ISG20;LIMK2;RGS1,G0S2;HSPB1;MMP9;MAFF;SLCO4A1;CCL17;SLC6A12;CLDN7;MT2A;C1QA;IRF7;EBI3;CKS2;UBE2C;MT1X;LIF;LAMP3;PTH1R;CXCL11;PRRG4;TMEM176A;GMPR;IL15RA;CXCL1;APOL1;IFITM2;CCL2;FFAR2;CXCL9;CDKN1A;IL6;MUC1;CFB;CCNA2;IRF1;MT1H;HLX;FCGR1A;IFITM1;IGFBP1;CDC45;GGT5;SIK1;IFITM3;IL9;ESPL1;TYMP;TRAF2;MMP25;CHST3;TNNT1;SCO2;VAMP5;CXCL10;AXL;SOCS1;LAG3;BST2;C2;SERPINE1;PLSCR1;TNFAIP6;PML;FPR2;SERPING1;KCNJ14;AURKB;SIGLEC1;SPHK1;SLC4A2;RRM2;TFEC;MMP14;BIRC5;MXD1;CYP27B1;SRC;ISG20;LIMK2;RGS1;C1S;BMPR1B;IFI27;BAZ1A;SOCS2;GDF11;VPREB3;OAS1;GCH1;IL15;TK1;RBCK1;LYPD1;CHST8;UBE2L6;SEMA4A;LY6E;KIFC3;MX2;JUP;TRIM21;CLEC11A;ATF5;USP18;ISG15;TAP2;NMI;PSME2;DYNLT1;MYOF;TRAF4;APOL3;CHST12;IGFALS;PTGIR;GBP1;ETV7;HERC5;SLC2A6;ZBTB32;FGL2;IFIH1;XAF1;LGALS3BP;FST;LAMB3;GPRC5C;CCL3;RELB;AR;HSPBP1;NR0B1;PHF11;L1CAM;CSF2RB;UBE2S;IFIT1;PCBP3;ACOT9;MX1;PSMB9;SP110;PSMA2;FHL2;JAK2;KCNJ2;APOBEC3B;TPX2;NAMPT;H6PD;MNDA;PARP3;POLR3D;EIF2AK2;AURKA;GZMB;EZH2;RNASEL;C1RL;FAS;LMO2;KIF13A;OAS3;FSCN1;CLEC4A;KCNK5;ALAS1;CD72;APBA1;GRM7;SPAG1;PAK6;PHLDA2;BATF3;GUCY1A2;CD19;TRAFD1;IFIT5;PARP11;NRG1;ZWINT;OAS2;IFNA6;HSD11B1;NCAPG;GABBR2;LAP3;ESRRG;CBR1;HMMR;ZBP1;F3;FA2H;P2RY13;CACNA1A;CCL8;CCND1;MYRF;LAMP5;PBK;IFI6;IFIT3;DUSP5;VCAM1;GINS2;IGF2BP3;NFE2L3;TNFSF10;BCL2L14;APOL6;OASL;INSM1;MAP3K7CL;SLC31A2;VRK2;ENPP2;DUSP6;SCNN1G;AVPR1A;SP140;IFI44;PROCR;CLCNKA;HESX1;RTP4;PTGER3;INHBA;CCL19;GRID2;IFI44L;TYMS;CD38;EGR2,"[1, 4, 9, 25, 32, 67, 95, 122, 145, 196, 229, 235, 262, 304, 318, 352, 404, 443, 511, 513, 540, 555, 589, 594, 629, 633, 636, 655, 692, 715, 719, 723, 742, 750, 753, 775, 799, 808, 842, 866, 881, 905, 932, 970, 995, 1126, 1187, 1193, 1297, 1489, 1493, 1609, 1610, 1647, 1696, 1768, 1769, 1831, 1909, 1969, 1987, 1998, 2122, 2137, 2181, 2214, 2257, 2287, 2315, 2352, 2378, 2463, 2529, 2532, 2544, 2595, 2680, 2691, 2754, 2808, 3007, 3189, 3312, 3403, 3433, 3510, 3598, 3619, 3660, 3762, 3770, 3930, 4021, 4105, 4279, 4312, 4330, 4336, 4368, 4440, 4452, 4468, 4489, 4553, 4942, 5067, 5088, 5113, 5193, 5210, 5261, 5545, 5560, 5585, 5656, 5727, 6098, 6159, 6672, 6747, 6896, 7032, 7088, 7121, 7227, 7297, 7385, 7409, 7449, 7574, 7584, 7692, 7827, 7846, 7897, 8109, 8117, 8154, 8267, 8341, 8351, 8508, 8582, 8700, 8819, 8941, 8966, 9078, 9148, 9166, 9168, 9340, 9675, 9688, 9855, 9864, 9948, 10003, 10028, 10342, 10397, 10472, 10622, 10704, 10843, 10887, 10954, 10987, 11035, 11234, 11281, 11311, 11321, 11556, 11663, 11727, 11988, 12020, 12069, 12108, 12115, 12167, 12258, 12344, 12441, 12547, 12648, 12962, 13032, 13114, 13120, 13150, 13154, 13259, 13264, 13457, 13458, 13511, 13569, 13950, 14097, 14434, 14554, 14570, 14583, 15081, 15172, 15232, 15504, 15564, 15788, 15817, 15894, 16016, 16074, 16259, 16481, 16544, 16636, 16684, 16698, 16717, 16814, 16864, 16949, 16958, 17099, 17102, 17130, 17246, 17252, 17344, 17423]",c7.vax__GARCIA_PINERES_PBMC_HPV_16_L1_VLP_AGE_18_25YO_STIMULATED_VS_UNSTIMULATED_0DY_VACCINATION_INDEPENDENT_UP
c7.vax,HOWARD_NK_CELL_INACT_MONOV_INFLUENZA_A_INDONESIA_05_2005_H5N1_AGE_18_49YO_28DY_DN,prerank,0.5677428965898681,2.1046310160185415,0.0,0.00027355171379468213,0.005,25_56,25/56,16.16%,CARD9;HLA-DRB1;LILRA2;NOD2;FGD2;FCER1A;CIITA;HLA-DRA;CYP2S1;HLA-DMB;SLC15A3;CD33;GRN;LY86;EMP1;OSCAR;GAPT;EMILIN2;HLA-DPA1;BMF;IFNGR2;CTSH;ZNF385A;PRPF31;ARHGEF40,CARD9;HLA-DRB1;LILRA2;NOD2;FGD2;FCER1A;CIITA;HLA-DRA;CYP2S1;HLA-DMB;SLC15A3;CD33;GRN;LY86;EMP1;OSCAR;GAPT;EMILIN2;HLA-DPA1;BMF;IFNGR2;CTSH;ZNF385A;PRPF31;ARHGEF40;HLA-DQB1;SEMA4A;ANXA5;JUP;ENHO;RAB34;MYOF;C19orf38;IGSF6;FAM20C;SULF2;CST3;SIGLEC5;SLC37A2;LRRK1;TNFAIP2;CACNA2D3;IFI30;ARHGEF11;AHR;TIMP2;ATP6V0A1;CLEC4A;GABBR1;KCNC3;HPSE;SEMA3C;ALCAM;SLC8A1;GCA;KCNMB1,"[147, 558, 572, 626, 663, 722, 815, 855, 876, 914, 976, 998, 1328, 1509, 1664, 1704, 1759, 1794, 1918, 1929, 2560, 2612, 2716, 2793, 2830, 4269, 4312, 4406, 4440, 4478, 4638, 5210, 5431, 5466, 5594, 6218, 6273, 6641, 6718, 7177, 7305, 7780, 7978, 7999, 9440, 9874, 9981, 10843, 11537, 12336, 14138, 14269, 14739, 15392, 16271, 16726]",c7.vax__HOWARD_NK_CELL_INACT_MONOV_INFLUENZA_A_INDONESIA_05_2005_H5N1_AGE_18_49YO_28DY_DN
c7.vax,QI_PBMC_ZOSTAVAX_AGE_50_75YO_CORRELATED_WITH_EXPANSION_OF_VZV_SPECIFIC_T_CELLS_TO_PEAK_AT_1DY_POSITIVE,prerank,0.45927425319962994,2.11525376919136,0.0,0.0002833214178587779,0.005,81_232,81/232,21.30%,HSPA6;HSPA1A;IL1R2;MLKL;CXCR4;SLC11A1;CXCR2;LRG1;NFE2;SIGLEC10;PLOD1;SERPINA1;C5AR1;ITGB2;TNFRSF1B;PPP1R18;SIPA1;GALM;SPI1;LRRC25;CCR2;LILRB3;PTOV1;TNFRSF10B;LPAR2;SELL;BANP;WAS;FPR1;TRIM8;TSC22D3;FGD3;ALOX5AP;CD14;BTG1;MMP25;B9D2;RXRA;PDLIM7;SIGLEC14;TAGLN2;WLS;CTSS;CTDSP2;CCND3;LRP10;LILRB2;TGFBR2;GPR162;HERPUD1;KIF5B;CPQ;FRAT1;FLI1;ALDH2;DPEP2;CALML4;MXD1;RAB11FIP1;IRF2BPL;TCN1;ARHGDIB;DHRS9;ANTXR2;NABP1;NPL;ARAP3;FNDC3B;EVI2B;HLA-B;SGK1;PCBP1;FADD;MED16;STAT3;SPG21;UBAP1;MYH9;SEC14L1;EFHD2;ARHGAP30,HSPA6;HSPA1A;IL1R2;MLKL;CXCR4;SLC11A1;CXCR2;LRG1;NFE2;SIGLEC10;PLOD1;SERPINA1;C5AR1;ITGB2;TNFRSF1B;PPP1R18;SIPA1;GALM;SPI1;LRRC25;CCR2;LILRB3;PTOV1;TNFRSF10B;LPAR2;SELL;BANP;WAS;FPR1;TRIM8;TSC22D3;FGD3;ALOX5AP;CD14;BTG1;MMP25;B9D2;RXRA;PDLIM7;SIGLEC14;TAGLN2;WLS;CTSS;CTDSP2;CCND3;LRP10;LILRB2;TGFBR2;GPR162;HERPUD1;KIF5B;CPQ;FRAT1;FLI1;ALDH2;DPEP2;CALML4;MXD1;RAB11FIP1;IRF2BPL;TCN1;ARHGDIB;DHRS9;ANTXR2;NABP1;NPL;ARAP3;FNDC3B;EVI2B;HLA-B;SGK1;PCBP1;FADD;MED16;STAT3;SPG21;UBAP1;MYH9;SEC14L1;EFHD2;ARHGAP30;SMAD4;HLA-F;HNRNPH3;GLB1;CYTIP;POGK;QPCT;SIRPA;PANX2;SCYL1;FBXO33;MOB1A;PRSS23;STX4;ARHGAP25;RNPEP;ABHD5;PGD;ATP8B2;RNF145;TXNIP;RBM33;CTDSP1;KLHL22;PNISR;B4GALT5;RCBTB2;LSP1;FOXN3;CHST15;PFN1;RNF149;TUBB;GPR65;CLEC16A;OSBPL2;MAN2B2;SGSM2;PELI1;LPIN2;GABARAP;ZNF106;UPF2;DHX38;CAMK2G;ICAM3;MAP4K4;MKNK1;RUNX2;ADD1;L3MBTL2;RNF130;RAB35;PGRMC2;MTMR3;MTMR14;TST;YWHAH;EIF3L;RASSF5;KIAA0319L;PLCG2;PSAP;ZMIZ1;RHOG;JARID2;SLCO3A1;DDX3X;CAST;AKIRIN2;AP1M1;ZNF586;JAK1;PARP1;LRRC47;RNF19A;RB1CC1;PGAM4;SOD2;VRK3;CLEC2D;KDM3B;LAMP2;PPP1R21;ERICH1;KDM2B;KLHL24;MED6;CMIP;MBP;EIF4G2;BTN2A1;CHD1;CDK5R1;TALDO1;TACC1;FEZ2;ARPC5;ALOX5;FNBP1;CALM2;CAB39;LRRK2;N4BP2L2;ACAP2;SLC40A1;PGAM1;UBE3C;MANSC1;FAM8A1;SLC6A6;LMBRD1;TTC27;UBXN4;PRR13;SMAP2;GAB2;SPAG9;MYADM;PPT1;RNF38;PTBP3;SNRK;SH3KBP1;TMED7;TGOLN2;MFSD1;DPYD;CYSLTR1;TM2D3;RBL2;CTNNB1;PRRC2C;DENND5A;EXO5;CITED2;REPS2;PAM;MTMR6;TOMM20;IWS1;RASSF2;MPPE1;SDHD;TXK;PDE7A;FBXO7;IST1;TUBA1A;MME;AMY2A,"[0, 2, 33, 36, 50, 132, 169, 197, 234, 433, 451, 459, 497, 507, 525, 538, 595, 674, 677, 705, 711, 780, 897, 900, 903, 928, 931, 985, 1004, 1032, 1034, 1039, 1045, 1238, 1239, 1297, 1392, 1409, 1414, 1533, 1537, 1657, 1687, 1753, 1758, 1876, 1887, 2124, 2254, 2276, 2356, 2372, 2381, 2406, 2440, 2477, 2515, 2544, 2711, 2737, 2740, 2742, 2751, 2764, 2903, 2943, 3144, 3245, 3269, 3273, 3436, 3441, 3465, 3495, 3562, 3604, 3627, 3676, 3716, 3718, 3731, 3853, 3913, 3927, 4038, 4243, 4264, 4609, 4625, 4697, 4709, 4886, 4929, 5059, 5094, 5124, 5129, 5145, 5171, 5374, 5597, 5739, 5741, 5775, 5782, 5792, 5910, 5925, 5942, 5960, 5966, 5977, 6038, 6040, 6067, 6085, 6211, 6347, 6397, 6476, 6477, 6543, 6597, 6657, 6703, 6757, 6783, 6824, 6858, 6869, 6970, 7155, 7244, 7425, 7426, 7432, 7678, 7708, 7842, 7912, 8014, 8031, 8064, 8082, 8160, 8233, 8284, 8343, 8466, 8487, 8488, 8522, 8666, 8760, 8903, 9008, 9023, 9043, 9177, 9365, 9498, 9564, 9758, 9877, 9878, 9928, 9947, 10005, 10034, 10187, 10265, 10293, 10449, 10489, 10566, 10674, 10698, 10722, 10736, 10750, 10852, 10877, 11027, 11062, 11107, 11146, 11228, 11351, 11403, 11639, 11709, 11809, 11836, 11844, 11903, 12012, 12048, 12098, 12159, 12214, 12235, 12539, 12651, 12792, 12822, 12829, 12930, 12949, 13053, 13103, 13124, 13331, 13480, 13659, 13763, 14199, 14327, 14402, 14564, 14646, 14737, 14783, 14856, 14864, 15525, 15781, 15969, 16187, 16242, 16804, 17362, 17417]",c7.vax__QI_PBMC_ZOSTAVAX_AGE_50_75YO_CORRELATED_WITH_EXPANSION_OF_VZV_SPECIFIC_T_CELLS_TO_PEAK_AT_1DY_POSITIVE
c7.vax,GAUCHER_PBMC_YF_VAX_STAMARIL_UNKNOWN_AGE_3DY_UP,prerank,0.46522550082479946,2.1185722314226263,0.0,0.0002938148037053993,0.005,78_208,78/208,19.09%,MT1F;RHBDF2;MT1A;MT2A;MICB;C1QA;HK3;IRF7;C3AR1;C1QB;SERTAD1;HMOX1;LILRB1;CASP1;SLC3A2;FFAR2;GALM;CDKN1A;GADD45B;LGALS9;TRIM5;IL1RN;ABI3;CD86;PLAC8;TTC38;IFITM1;FCER1G;SMCO4;ASPRV1;APOBEC3A;IFITM3;CSF1R;MARCO;TYMP;GPBAR1;GRN;SAMD4A;PRAM1;TLR7;SCO2;GNGT2;CSRNP1;MOV10;BST2;OGFR;CCR1;TAP1;RNF135;PTGDS;LHFPL2;PLSCR1;TICAM1;TRIM22;ABCA1;MS4A7;SERPING1;ZC3HAV1;HELZ2;PARP10;SRC;RIPK3;DHRS9;NPC2;FCN1;NTNG2;TNFSF13B;CD300C;RRAS;FLVCR2;RIN2;REC8;IRF9;HAVCR2;GIMAP8;MYD88;IFI27;TRIM26,MT1F;RHBDF2;MT1A;MT2A;MICB;C1QA;HK3;IRF7;C3AR1;C1QB;SERTAD1;HMOX1;LILRB1;CASP1;SLC3A2;FFAR2;GALM;CDKN1A;GADD45B;LGALS9;TRIM5;IL1RN;ABI3;CD86;PLAC8;TTC38;IFITM1;FCER1G;SMCO4;ASPRV1;APOBEC3A;IFITM3;CSF1R;MARCO;TYMP;GPBAR1;GRN;SAMD4A;PRAM1;TLR7;SCO2;GNGT2;CSRNP1;MOV10;BST2;OGFR;CCR1;TAP1;RNF135;PTGDS;LHFPL2;PLSCR1;TICAM1;TRIM22;ABCA1;MS4A7;SERPING1;ZC3HAV1;HELZ2;PARP10;SRC;RIPK3;DHRS9;NPC2;FCN1;NTNG2;TNFSF13B;CD300C;RRAS;FLVCR2;RIN2;REC8;IRF9;HAVCR2;GIMAP8;MYD88;IFI27;TRIM26;ASCL2;PARP9;TCN2;OAS1;CD68;RBCK1;GNA15;FBXO6;UBE2L6;PLAGL2;LY6E;IFI16;MX2;TNS3;JUP;TRIM21;AIM2;ATF5;TOR1B;FRMPD1;ISG15;TAP2;PSME2;SLC27A3;MYOF;ADA;HES4;SIL1;NUB1;PSME1;GBP1;SHISA5;CYBB;DRAP1;MAFB;ADAP2;HERC5;CST3;SPATS2L;RGS12;DHX58;SIGLEC5;SLC2A6;SLC37A2;IFI35;NAGK;CAMK1;HLA-A;IFIH1;XAF1;LGALS3BP;RAB8A;NAPA;CX3CR1;OSBPL5;APOBEC3F;ALDH3B1;PHF11;TDRD7;IFI30;PARP12;KIAA0319L;NAGA;IFIT1;TRIM38;PARP14;PCK2;BLVRA;ACOT9;SNTB1;MX1;UBA7;SP110;MAD2L1BP;ZNFX1;CDKN1C;TMEM123;STAT2;ADAR;CNDP2;EIF2AK2;SORT1;DPYSL2;LMO2;SIDT2;GORASP1;TMEM140;OAS3;TTYH3;TIMM10;AP5B1;BTN3A1;RNH1;TRAFD1;ZFYVE26;ANKFY1;IFIT5;SAMD9L;OAS2;LAP3;CEACAM1;IFIT2;IDH2;RGL1;CYSLTR1;ZBP1;SCIMP;TMEM62;IFI6;IFIT3;SUSD1;EPSTI1;DUSP5;RNF31;HERC6;TNFSF10;OASL;EPB41L3;RSAD2;SCARB2;STAT1;DDX60;SRBD1;OTOF;TAGLN;SP140;IFI44;KCNMB1;RTP4;IFI44L,"[57, 115, 138, 145, 177, 196, 202, 229, 349, 399, 411, 444, 474, 580, 634, 655, 674, 715, 762, 764, 786, 793, 800, 827, 834, 836, 842, 857, 886, 924, 946, 970, 973, 977, 1187, 1276, 1328, 1352, 1368, 1546, 1609, 1648, 1721, 1790, 1831, 1892, 1907, 1919, 1924, 1932, 1956, 1987, 2008, 2064, 2070, 2085, 2181, 2284, 2365, 2673, 2680, 2728, 2751, 2760, 2968, 3044, 3052, 3067, 3075, 3109, 3113, 3114, 3170, 3229, 3264, 3306, 3312, 3344, 3476, 3488, 3610, 3619, 3896, 3930, 3988, 4239, 4279, 4283, 4330, 4346, 4368, 4409, 4440, 4452, 4484, 4489, 4552, 4824, 4942, 5067, 5113, 5191, 5210, 5260, 5279, 5488, 5559, 5690, 5727, 5831, 5847, 6015, 6096, 6130, 6159, 6273, 6284, 6594, 6611, 6641, 6672, 6718, 6730, 6788, 6826, 7026, 7032, 7088, 7121, 7330, 7401, 7438, 7591, 7721, 7817, 7827, 7927, 7978, 8015, 8031, 8071, 8117, 8176, 8234, 8240, 8265, 8267, 8297, 8341, 8446, 8508, 8552, 8830, 8841, 8922, 9251, 9405, 9531, 9688, 9986, 10305, 10397, 10446, 10555, 10600, 10622, 10825, 11072, 11244, 11342, 11509, 11988, 11991, 11998, 12020, 12091, 12167, 12648, 12728, 12748, 12981, 12999, 13103, 13120, 13597, 13791, 14097, 14434, 14515, 14518, 14554, 14663, 14735, 15232, 15788, 15850, 15853, 15918, 16067, 16525, 16578, 16648, 16652, 16684, 16698, 16726, 16949, 17246]",c7.vax__GAUCHER_PBMC_YF_VAX_STAMARIL_UNKNOWN_AGE_3DY_UP
c7.vax,SCHERER_PBMC_APSV_WETVAX_AGE_18_32YO_2_TO_4DY_UP,prerank,0.5464504498136364,2.03602482440016,0.0,0.0004199823370612473,0.009,26_59,26/59,14.53%,VNN2;CXCR1;SOCS3;ADM;ANKRD22;FCGR2B;NFIL3;KCNJ15;CEBPB;SLC12A7;BCL6;IRF1;HLX;FCGR1A;ICAM1;FCGR3A;FPR1;BCL2A1;ANXA3;MCL1;CXCL10;C2;SERPING1;IER3;PFKFB3;MXD1,VNN2;CXCR1;SOCS3;ADM;ANKRD22;FCGR2B;NFIL3;KCNJ15;CEBPB;SLC12A7;BCL6;IRF1;HLX;FCGR1A;ICAM1;FCGR3A;FPR1;BCL2A1;ANXA3;MCL1;CXCL10;C2;SERPING1;IER3;PFKFB3;MXD1;LIMK2;CD63;DSC2;GCH1;IL15;GBP2;ATF3;UBE2L6;IGF2R;HERC5;FGL2;ATG2A;SLC35A2;IFIT1;DYSF;MX1;DNM1;ZNFX1;NAMPT;SOD2;CLSTN3;GAB2;AQP9;LAP3;CEACAM1;PTPRJ;IFIT3;RSAD2;STAT1;IFI44;HBD;IFI44L;HBB,"[117, 142, 158, 159, 162, 180, 310, 311, 464, 468, 611, 753, 799, 808, 847, 954, 1004, 1133, 1349, 1560, 1647, 1909, 2181, 2252, 2535, 2544, 2754, 3076, 3352, 3660, 3762, 4039, 4249, 4279, 4804, 6159, 6896, 6953, 7428, 8117, 8282, 8341, 8452, 8830, 9148, 9365, 10445, 12098, 12114, 12648, 12728, 13891, 14434, 15853, 16067, 16698, 17089, 17246, 17414]",c7.vax__SCHERER_PBMC_APSV_WETVAX_AGE_18_32YO_2_TO_4DY_UP
c7.vax,LI_PBMC_MENOMUNE_A_C_Y_W_135_AGE_18_45YO_CORRELATED_WITH_ANTIBODY_RESPONSE_3DY_NEGATIVE,prerank,0.6803413285968242,2.0392430440346057,0.0,0.0004327090745479518,0.009,12_22,12/22,11.41%,ANPEP;TLR8;FUT7;BCL6;CD86;CSF1R;HS3ST3B1;CYP1B1;TLR7;ASGR1;HLA-DQA1;TNFAIP6,ANPEP;TLR8;FUT7;BCL6;CD86;CSF1R;HS3ST3B1;CYP1B1;TLR7;ASGR1;HLA-DQA1;TNFAIP6;IL4I1;RIN2;HLA-F;SAMSN1;CD1D;PRKCD;CCL4;RGL1;STAT4;AP1S2,"[112, 203, 490, 611, 827, 973, 986, 993, 1546, 1698, 1718, 1998, 2849, 3113, 3913, 4147, 6182, 9634, 10797, 12999, 13432, 14311]",c7.vax__LI_PBMC_MENOMUNE_A_C_Y_W_135_AGE_18_45YO_CORRELATED_WITH_ANTIBODY_RESPONSE_3DY_NEGATIVE
c7.vax,GAUCHER_PBMC_YF_VAX_STAMARIL_UNKNOWN_AGE_7DY_UP,prerank,0.43361796251365775,2.047030080128247,0.0,0.00044623123312757525,0.009,101_275,101/275,19.09%,MT1F;RHBDF2;MT1A;MT2A;ANKRD22;MICB;C1QA;HK3;IRF7;C3AR1;STAB1;C1QB;LAMP3;SERTAD1;HMOX1;LILRB1;NOD2;SLC3A2;FFAR2;GALM;CDKN1A;GADD45B;LGALS9;TRIM5;IL1RN;ABI3;CD163;CD86;PLAC8;TTC38;IFITM1;FCER1G;SMCO4;CD74;ASPRV1;APOBEC3A;IFITM3;CSF1R;MARCO;TYMP;GPBAR1;GRN;SAMD4A;PRAM1;MOB3C;TLR7;SDF2L1;SCO2;VAMP5;CXCL10;GNGT2;CASP5;CSRNP1;SOCS1;LAG3;MOV10;EMILIN2;BST2;OGFR;UNC93B1;CCR1;TAP1;RNF135;PTGDS;LHFPL2;PLSCR1;TNFAIP6;TICAM1;SAT1;TRIM22;ABCA1;MS4A7;PML;SERPING1;ZC3HAV1;HELZ2;PARP10;SRC;ISG20;RIPK3;DHRS9;NPC2;TMEM51;BATF2;PIK3AP1;FCN1;PRF1;NTNG2;TNFSF13B;CD300C;RRAS;FLVCR2;RIN2;REC8;IRF9;KYNU;HAVCR2;GIMAP8;MYD88;IFI27;TRIM26,MT1F;RHBDF2;MT1A;MT2A;ANKRD22;MICB;C1QA;HK3;IRF7;C3AR1;STAB1;C1QB;LAMP3;SERTAD1;HMOX1;LILRB1;NOD2;SLC3A2;FFAR2;GALM;CDKN1A;GADD45B;LGALS9;TRIM5;IL1RN;ABI3;CD163;CD86;PLAC8;TTC38;IFITM1;FCER1G;SMCO4;CD74;ASPRV1;APOBEC3A;IFITM3;CSF1R;MARCO;TYMP;GPBAR1;GRN;SAMD4A;PRAM1;MOB3C;TLR7;SDF2L1;SCO2;VAMP5;CXCL10;GNGT2;CASP5;CSRNP1;SOCS1;LAG3;MOV10;EMILIN2;BST2;OGFR;UNC93B1;CCR1;TAP1;RNF135;PTGDS;LHFPL2;PLSCR1;TNFAIP6;TICAM1;SAT1;TRIM22;ABCA1;MS4A7;PML;SERPING1;ZC3HAV1;HELZ2;PARP10;SRC;ISG20;RIPK3;DHRS9;NPC2;TMEM51;BATF2;PIK3AP1;FCN1;PRF1;NTNG2;TNFSF13B;CD300C;RRAS;FLVCR2;RIN2;REC8;IRF9;KYNU;HAVCR2;GIMAP8;MYD88;IFI27;TRIM26;ASCL2;PARP9;TCN2;OAS1;GCH1;IL15;CD68;RBCK1;GNA15;GBP2;LDLR;FBXO6;ATF3;UBE2L6;PLAGL2;LY6E;IFI16;MX2;TNS3;JUP;TRIM21;GBP5;AIM2;ATF5;TOR1B;PATL1;TXNDC11;ISG15;TAP2;NMI;PSME2;SLFN12;SLC27A3;DYNLT1;MYOF;GBP4;ADA;HES4;NUSAP1;SIL1;APOL3;NUB1;PSME1;GBP1;SHISA5;CYBB;DRAP1;FRMD3;ACOT7;MAFB;ADAP2;HERC5;CST3;SPATS2L;RGS12;DHX58;SIGLEC5;SLC2A6;SLC37A2;IFI35;NAGK;CAMK1;HLA-A;IFIH1;XAF1;LGALS3BP;TUBG1;RAB8A;NAPA;CX3CR1;OSBPL5;APOBEC3F;CUL1;ALDH3B1;PHF11;SRM;TDRD7;PPM1K;IFI30;PARP12;KIAA0319L;GNLY;NAGA;UBE2S;IFIT1;PHACTR2;TRIM38;PARP14;PCK2;BLVRA;ACOT9;SNTB1;MX1;UBA7;SP110;MAD2L1BP;HSH2D;MARCKS;ZNFX1;CDKN1C;TMEM123;CAP1;STAT2;ADAR;CNDP2;CENPM;EIF2AK2;GZMB;SORT1;NLRP3;DPYSL2;LMO2;SIDT2;GORASP1;TMEM140;OAS3;CDCA5;TTYH3;TIMM10;AP5B1;BTN3A1;RNH1;CCNB2;FAM8A1;TRAFD1;ZFYVE26;ANKFY1;IFIT5;SAMD9L;TTC21A;OAS2;NCOA7;NT5C;LAP3;CEACAM1;IFIT2;CDCA7;IDH2;RGL1;CYSLTR1;ZBP1;CCL8;SCIMP;TMEM62;CHMP5;IFI6;IFIT3;SUSD1;EPSTI1;DUSP5;RNF31;MCM4;HERC6;CMPK2;TNFSF10;OASL;EPB41L3;RSAD2;SCARB2;STAT1;NEXN;DDX60;SRBD1;OTOF;TAGLN;SP140;IFI44;KCNMB1;RTP4;CDC20;IFI44L;CD38;ACTA2;CD36,"[57, 115, 138, 145, 162, 177, 196, 202, 229, 349, 357, 399, 404, 411, 444, 474, 626, 634, 655, 674, 715, 762, 764, 786, 793, 800, 818, 827, 834, 836, 842, 857, 886, 908, 924, 946, 970, 973, 977, 1187, 1276, 1328, 1352, 1368, 1427, 1546, 1576, 1609, 1610, 1647, 1648, 1649, 1721, 1768, 1769, 1790, 1794, 1831, 1892, 1894, 1907, 1919, 1924, 1932, 1956, 1987, 1998, 2008, 2029, 2064, 2070, 2085, 2122, 2181, 2284, 2365, 2673, 2680, 2691, 2728, 2751, 2760, 2761, 2906, 2944, 2968, 2997, 3044, 3052, 3067, 3075, 3109, 3113, 3114, 3170, 3173, 3229, 3264, 3306, 3312, 3344, 3476, 3488, 3610, 3619, 3660, 3762, 3896, 3930, 3988, 4039, 4047, 4239, 4249, 4279, 4283, 4330, 4346, 4368, 4409, 4440, 4452, 4474, 4484, 4489, 4552, 4667, 4796, 4942, 5067, 5088, 5113, 5131, 5191, 5193, 5210, 5220, 5260, 5279, 5329, 5488, 5545, 5559, 5690, 5727, 5831, 5847, 6015, 6041, 6047, 6096, 6130, 6159, 6273, 6284, 6594, 6611, 6641, 6672, 6718, 6730, 6788, 6826, 7026, 7032, 7088, 7121, 7195, 7330, 7401, 7438, 7591, 7721, 7730, 7817, 7827, 7859, 7927, 7964, 7978, 8015, 8031, 8051, 8071, 8109, 8117, 8156, 8176, 8234, 8240, 8265, 8267, 8297, 8341, 8446, 8508, 8552, 8716, 8773, 8830, 8841, 8922, 9027, 9251, 9405, 9531, 9636, 9688, 9864, 9986, 10212, 10305, 10397, 10446, 10555, 10600, 10622, 10793, 10825, 11072, 11244, 11342, 11509, 11568, 11709, 11988, 11991, 11998, 12020, 12091, 12144, 12167, 12171, 12522, 12648, 12728, 12748, 12780, 12981, 12999, 13103, 13120, 13457, 13597, 13791, 13832, 14097, 14434, 14515, 14518, 14554, 14663, 14691, 14735, 14841, 15232, 15788, 15850, 15853, 15918, 16067, 16482, 16525, 16578, 16648, 16652, 16684, 16698, 16726, 16949, 17104, 17246, 17344, 17447, 17499]",c7.vax__GAUCHER_PBMC_YF_VAX_STAMARIL_UNKNOWN_AGE_7DY_UP
c7.vax,THAKAR_PBMC_INACTIVATED_INFLUENZA_AGE_21_30YO_RESPONDERS_28DY_DN,prerank,0.3861847106811243,1.9990697877133656,0.0,0.0007718594302747248,0.018,297_817,297/817,23.81%,MMP23B;RAX2;SLC16A12;RHBDF2;SLC11A1;CARD9;PARVG;MKNK2;HK3;IRF7;S100A4;ZC3H12A;TNNI2;PLAUR;NCF1;FCGR2A;BCL3;IL18;CFD;RUNX3;FGR;NCF4;CLDN15;TCIRG1;SERPINA1;CEBPB;CYBA;LILRB1;ITGB2;TNFRSF1B;PIK3R2;PPP1R18;TMEM176A;HLA-DRB1;LYZ;RASGRP4;FXYD5;SLC26A6;RASAL3;IFITM2;SLC3A2;TYROBP;AIRE;SPI1;FES;ITPR3;FCGRT;IRF1;ITGA5;LILRB3;TRIM5;CTRL;ELF4;C15orf39;RAB24;CSF3R;FCER1G;GJC1;SAFB2;TNFRSF10B;CD74;RDH5;SLC2A3;IFITM3;NBPF10;CSF1R;SLC15A3;LRCH4;WAS;CD33;RNASET2;APOBR;TRIM8;FGD3;ENGASE;CASZ1;S100A11;CDK10;UNC119;TOP3B;ATG4B;IER5;GSDMB;ZNF467;WDR6;GPS2;PNPLA6;NOP2;TRABD;IMPDH1;OSBPL7;GRN;PHF19;KIAA0930;TNFRSF25;AP1G2;PRAM1;PSTPIP1;ZFP36L2;MOB3A;ZNF503;FRAT2;CXCL16;MAP4K1;ACADVL;TNF;SULT1A3;S100A10;SCO2;PLA2G4B;HOXB2;TP53I13;ITGAL;ABHD3;HLA-DMA;HLA-DQA1;KAT2A;IL10RA;CLCN7;E2F4;ADAM8;CYTH4;LAG3;DOCK2;EHBP1L1;GPR137;DLL1;BRI3;GSTM2;AXIN1;ZFP36;PAN2;ENO3;LRP10;ATP13A1;NME3;IL18RAP;PRSS53;CXXC1;PIAS4;PLSCR1;TICAM1;MAP3K8;CMTM7;NOL12;TRIM22;NLRC5;MXD4;NOTCH1;TMEM150A;TNFSF12;NINJ1;PLEKHM2;SMG5;SLC2A9;NXF1;KRT72;MCM7;THOC6;P2RX7;GPR162;BRAT1;DPAGT1;PPP1R15A;TYK2;HERPUD1;NPRL3;MIIP;CDK11B;CHKB;HELZ2;SLC25A42;PIEZO1;RBM14;ALDH2;GAK;LMTK3;DPEP2;ZDHHC1;TLR6;PFKFB3;CAPS;MXD1;CPNE1;SULT1A2;CDC42EP4;MED25;PLXNB2;TRMT1;EPN1;PRR14;UCKL1;LPIN1;LILRA6;STAT6;PLCB2;MILR1;PARP10;PBX4;RAB11FIP1;HIC2;SLC26A11;SRRT;GRAMD1A;VPS9D1;PABPC1L;COTL1;CACNA1I;RAB27A;NAA16;FCN1;MCM8;DENND1C;ITGAX;FTL;FLII;ZBTB40;MFSD10;CD300C;CREBBP;REC8;SPSB3;EML3;IKBKB;IRF9;C1orf162;KHNYN;ZNF598;CD302;LRP5L;CLDND2;HCFC1;STK40;DAPP1;TNK2;ASPSCR1;LST1;ARHGAP4;PTCD1;RANBP3;ECHDC2;MED16;CDC37;CLN3;REPIN1;PRKCSH;KLF6;CDK5RAP3;GMIP;MEGF6;SRRM2;ALDOA;SPG21;ANKDD1A;DENND3;FBXL6;TNFRSF14;MAN2B1;ARHGAP27;TBC1D3G;ZMYND15;PLEKHM1;STK36;SEC14L1;EFHD2;RENBP;SF3B4;CLK3;KDM2A;NLRP2;ZNF513;LSS;ULK1;BTBD2;NUP62;METTL17;ZDHHC8;RBCK1;DDX56;DUS1L;RUSC1;PCED1A;HGS;LTBP4;ZYX;ZC3H3;DUSP18;POLR1C;ZNF746;GGA3;SNRNP70;SLC25A22;RAPGEF1;CSNK1G2;POLG;DAGLB;NPEPL1,MMP23B;RAX2;SLC16A12;RHBDF2;SLC11A1;CARD9;PARVG;MKNK2;HK3;IRF7;S100A4;ZC3H12A;TNNI2;PLAUR;NCF1;FCGR2A;BCL3;IL18;CFD;RUNX3;FGR;NCF4;CLDN15;TCIRG1;SERPINA1;CEBPB;CYBA;LILRB1;ITGB2;TNFRSF1B;PIK3R2;PPP1R18;TMEM176A;HLA-DRB1;LYZ;RASGRP4;FXYD5;SLC26A6;RASAL3;IFITM2;SLC3A2;TYROBP;AIRE;SPI1;FES;ITPR3;FCGRT;IRF1;ITGA5;LILRB3;TRIM5;CTRL;ELF4;C15orf39;RAB24;CSF3R;FCER1G;GJC1;SAFB2;TNFRSF10B;CD74;RDH5;SLC2A3;IFITM3;NBPF10;CSF1R;SLC15A3;LRCH4;WAS;CD33;RNASET2;APOBR;TRIM8;FGD3;ENGASE;CASZ1;S100A11;CDK10;UNC119;TOP3B;ATG4B;IER5;GSDMB;ZNF467;WDR6;GPS2;PNPLA6;NOP2;TRABD;IMPDH1;OSBPL7;GRN;PHF19;KIAA0930;TNFRSF25;AP1G2;PRAM1;PSTPIP1;ZFP36L2;MOB3A;ZNF503;FRAT2;CXCL16;MAP4K1;ACADVL;TNF;SULT1A3;S100A10;SCO2;PLA2G4B;HOXB2;TP53I13;ITGAL;ABHD3;HLA-DMA;HLA-DQA1;KAT2A;IL10RA;CLCN7;E2F4;ADAM8;CYTH4;LAG3;DOCK2;EHBP1L1;GPR137;DLL1;BRI3;GSTM2;AXIN1;ZFP36;PAN2;ENO3;LRP10;ATP13A1;NME3;IL18RAP;PRSS53;CXXC1;PIAS4;PLSCR1;TICAM1;MAP3K8;CMTM7;NOL12;TRIM22;NLRC5;MXD4;NOTCH1;TMEM150A;TNFSF12;NINJ1;PLEKHM2;SMG5;SLC2A9;NXF1;KRT72;MCM7;THOC6;P2RX7;GPR162;BRAT1;DPAGT1;PPP1R15A;TYK2;HERPUD1;NPRL3;MIIP;CDK11B;CHKB;HELZ2;SLC25A42;PIEZO1;RBM14;ALDH2;GAK;LMTK3;DPEP2;ZDHHC1;TLR6;PFKFB3;CAPS;MXD1;CPNE1;SULT1A2;CDC42EP4;MED25;PLXNB2;TRMT1;EPN1;PRR14;UCKL1;LPIN1;LILRA6;STAT6;PLCB2;MILR1;PARP10;PBX4;RAB11FIP1;HIC2;SLC26A11;SRRT;GRAMD1A;VPS9D1;PABPC1L;COTL1;CACNA1I;RAB27A;NAA16;FCN1;MCM8;DENND1C;ITGAX;FTL;FLII;ZBTB40;MFSD10;CD300C;CREBBP;REC8;SPSB3;EML3;IKBKB;IRF9;C1orf162;KHNYN;ZNF598;CD302;LRP5L;CLDND2;HCFC1;STK40;DAPP1;TNK2;ASPSCR1;LST1;ARHGAP4;PTCD1;RANBP3;ECHDC2;MED16;CDC37;CLN3;REPIN1;PRKCSH;KLF6;CDK5RAP3;GMIP;MEGF6;SRRM2;ALDOA;SPG21;ANKDD1A;DENND3;FBXL6;TNFRSF14;MAN2B1;ARHGAP27;TBC1D3G;ZMYND15;PLEKHM1;STK36;SEC14L1;EFHD2;RENBP;SF3B4;CLK3;KDM2A;NLRP2;ZNF513;LSS;ULK1;BTBD2;NUP62;METTL17;ZDHHC8;RBCK1;DDX56;DUS1L;RUSC1;PCED1A;HGS;LTBP4;ZYX;ZC3H3;DUSP18;POLR1C;ZNF746;GGA3;SNRNP70;SLC25A22;RAPGEF1;CSNK1G2;POLG;DAGLB;NPEPL1;NLRP1;SSH3;BHLHE40;PLAGL2;NAGPA;MUTYH;ANKS1A;SPATA20;IL11RA;GMDS;ZFHX3;GAL3ST4;CLEC7A;MFSD3;ARRDC3;ARAF;SRSF4;TXNRD2;PNPT1;DVL3;RAF1;LZTR1;LILRA3;QPCT;TCEA2;ARRDC5;COMT;RABL2B;SYVN1;SPHK2;TAF1C;QSOX2;MAN2C1;SEC24C;RARA;CWC25;RBM23;NBPF14;SUGP1;ARID3B;GHDC;CDAN1;SLC25A28;NDE1;PGS1;GMEB2;GFOD1;PIGQ;TRAF1;MIDN;TMEM259;AKT1;CPSF1;FBXW9;DEF8;SLC12A9;NSMF;DHRS1;STX4;PLD3;NISCH;DENND6B;ZNF346;WRAP73;SLC27A3;NUCB1;MYOF;LRRC14;WDR59;TCF25;ADAP1;TJAP1;NDUFB4;LRSAM1;HES4;GTPBP3;ENG;DGKA;KIF21B;FAM156A;MICAL1;CRTAP;DIDO1;CSNK1D;CERK;ANXA11;MZF1;CARM1;ITIH5;ZBTB48;MAEA;PFKL;IP6K1;MTCH1;APOL3;SLC22A18;EIF1;IL18BP;CDK9;N4BP1;ENTPD6;PITPNM1;ZNF275;CTSB;TOM1;CDH23;RHOT2;TMEM175;ZNF296;RBM33;AP3D1;PNISR;TAF6L;NFIC;CCM2;DGKQ;RNF126;CMTM4;RPL10;CLCN6;B4GALT5;PLSCR3;HPS1;OCEL1;SPEN;D2HGDH;PGAP3;SCNM1;CLEC16A;PHACTR4;PILRA;IL10;CSNK1E;CNN2;POFUT2;MMS19;PDE4C;VASH1;C6orf136;KDELR1;STX16;DMAP1;C11orf21;TTC31;CST3;ABR;PDXDC1;ERAL1;CYC1;NCLN;PABPC1;MOGS;HCG27;SGSM2;NUAK2;REXO1;IFFO1;BCS1L;SLC2A8;VPS16;ABL1;INTS1;NADSYN1;TUBGCP6;LYN;GUSB;CIDEB;ADCY7;PILRB;CRCP;HNRNPM;ZNF142;DNMT1;GPS1;DNASE1L1;RNF216;S100Z;KXD1;SNX27;NAGK;ZSCAN18;STK25;ARHGAP33;MKNK1;PPP1R12C;SLC16A5;TPM2;MAPK8IP3;MYO9B;ATG2A;MAST3;CYTH2;FBP1;ZMIZ2;ANKRD11;PRDX2;COPE;MNT;GRAMD4;WDR54;TMEM179B;IDH3G;KRBA1;SCAP;CFL1;CYB561;EP300;ZNF526;INTS3;TMEM164;EVL;CCL3;PPP1CA;PEMT;JMJD8;AKAP13;TM9SF4;NDUFV1;IKBKG;MBD1;ACSS2;GSTK1;COQ10A;RNF44;EMD;SMARCD1;CLSTN1;KIAA0319L;COX8A;SPTAN1;HNMT;ACVR1B;KCTD13;ADAM15;E4F1;PSAP;PSMD12;MBD2;ZMIZ1;MAN1B1;CUX1;SPNS1;NBPF11;RHOG;UNK;DYSF;JARID2;P4HTM;RAI1;ZNF486;MX1;SLCO3A1;U2AF1L4;UBA7;NBPF3;PSMC4;SPOCK2;ATP6AP1;WWP2;AP1M1;RAB40C;ASCC2;USP36;HSH2D;NSUN5;PPP1R35;ARL17A;KATNB1;IDUA;JAK1;SMARCC2;GSTM1;CDKN1C;RAP1GAP2;MBD6;EIF4E2;GSE1;SPG7;CTC1;ARL17B;AMT;PRKRIP1;SEC22C;MNDA;VAMP1;FRS3;SH3GLB2;PPTC7;SUGP2;STAT2;CNNM3;MAP7D1;SULT1A1;COPS7B;ALKBH6;GALT;AHR;LPCAT3;CNDP2;FAM156B;IRF4;UBR4;CREB1;PRKCD;SUN1;PCNT;CDK5RAP1;CAT;POLM;GNG7;NDST2;CELF2;ARFGAP2;PPOX;CSAD;ATP6V0A1;MAU2;CDC42EP3;SCPEP1;HPS4;SREBF1;LUC7L;SF1;CMIP;SMPDL3A;ZNF362;ARL16;RNFT1;ZNF786;TRRAP;ALG9;WDFY2;ZXDC;TRPT1;EXOSC10;QRICH1;BTN2A1;PI4KA;CBX6;SBF1;HINT3;MDC1;UBXN11;AGAP6;ZZEF1;ALOX5;FN3KRP;IQSEC1;NCSTN;GABPB2;YPEL2;TPCN2;CASP8;MEF2D;CHN2;CYTH1;RAB12;ATXN1L;FKBP15;WDR37;INIP;ARHGAP1;KIF22;BTN3A1;PGAM1;BCKDK;MCM3AP;RALGPS1;ROCK2;TUBG2;SMARCA4;TRPC4AP;VPS52;KLF13;PNMA3;TTLL3;OCIAD1;TMEM131;PCSK7;ITIH4;COX19;ENTPD4;ZNF669;DUS3L;SF3B1;USP3;ASAH1;ZFYVE26;SDE2;SLC7A6;C2orf69;SMAP2;SNX29;GAB2;MYADM;ALAD;C21orf58;ZNF674;EIF4H;SETDB1;STRADA;SLC44A4;RPL7L1;TINF2;PTPRE;AP4B1;FOXJ2;VIPR1;STK10;NECAP1;ADAM19;XPO6;SRSF2;NMRAL1;DIP2A;ITFG2;ETV3;METTL3;ZNF430;ACAD11;MPEG1;TGOLN2;PIGT;APBB3;CUEDC1;FNIP1;OXA1L;WDR73;INTS4;TOP3A;ACCS;PLAGL1;DNAJC28;GON4L;HAUS2;BRD9;KDM5D;CCNL1;ZNF827;ATP2A2;CHFR;POLR2J3;DNAH1;ZNF223;ORC6;EPM2AIP1;EBLN2;PDPR;ELMO2;ZNF573;PPP1R3E;ZNF839;TMEM138;ADHFE1;NRBP2;NFATC2IP;MYO18A;RNF115;SNX1;CLIP4;TSPAN32;FUBP3;TBC1D2;CCR6;NR2C1;UTRN;CBLB;NOL6;SYNJ2BP;USP4;SIK3;FARSB;KLHL3;GOLGA8B;CACNA2D4;DICER1;AAK1;FUT4;CREBZF;ICA1;MAN2A2;ANKRD30B;GIT2;SLFN13;PATL2;NKTR;RNASEH1;KLF10;PCED1B;C9orf72;UVRAG;ANKMY1;POLR2J2;CSGALNACT2;CES2;TRIM66;FKTN;ZNF493;GAS7;SHCBP1;PLCH2;STAG3L3;MCOLN2;IL2RB;CEP192;RAD54L2;TUBGCP5;ZNF548;TAGLN;KCNMB1;TTF2;USP32;STRIP2;TRIM44;AGAP4;SLC4A5;CARNS1;IFI44L;ANKRD36;AMY2A,"[44, 89, 97, 115, 132, 147, 167, 171, 202, 229, 245, 273, 274, 295, 306, 313, 332, 366, 367, 371, 382, 392, 420, 437, 459, 464, 470, 474, 507, 525, 526, 538, 540, 558, 574, 576, 601, 604, 620, 633, 634, 656, 671, 677, 696, 721, 743, 753, 772, 780, 786, 796, 803, 805, 824, 848, 857, 872, 882, 900, 908, 922, 935, 970, 971, 973, 976, 984, 985, 998, 1017, 1023, 1032, 1039, 1051, 1099, 1102, 1121, 1131, 1162, 1173, 1186, 1195, 1206, 1210, 1263, 1266, 1270, 1294, 1304, 1311, 1328, 1334, 1347, 1360, 1361, 1368, 1376, 1382, 1393, 1394, 1407, 1455, 1466, 1496, 1526, 1536, 1551, 1609, 1622, 1669, 1685, 1702, 1707, 1712, 1718, 1719, 1728, 1734, 1736, 1742, 1747, 1769, 1779, 1796, 1797, 1813, 1824, 1841, 1850, 1852, 1870, 1875, 1876, 1902, 1917, 1930, 1938, 1942, 1960, 1987, 2008, 2038, 2054, 2061, 2064, 2076, 2086, 2094, 2117, 2129, 2130, 2133, 2157, 2165, 2183, 2208, 2223, 2246, 2249, 2254, 2258, 2260, 2264, 2267, 2276, 2312, 2327, 2354, 2357, 2365, 2370, 2383, 2437, 2440, 2455, 2467, 2477, 2506, 2518, 2535, 2542, 2544, 2557, 2568, 2569, 2584, 2606, 2614, 2618, 2624, 2631, 2639, 2643, 2660, 2668, 2672, 2673, 2710, 2711, 2713, 2736, 2738, 2752, 2796, 2827, 2856, 2936, 2940, 2956, 2968, 2973, 2974, 2994, 3009, 3030, 3062, 3063, 3067, 3077, 3114, 3143, 3147, 3163, 3170, 3183, 3199, 3225, 3230, 3233, 3270, 3292, 3293, 3322, 3351, 3402, 3419, 3432, 3434, 3472, 3491, 3495, 3505, 3519, 3522, 3542, 3544, 3554, 3567, 3573, 3575, 3593, 3604, 3612, 3616, 3626, 3651, 3654, 3657, 3663, 3680, 3684, 3691, 3716, 3718, 3730, 3772, 3776, 3786, 3806, 3813, 3829, 3841, 3882, 3909, 3920, 3926, 3930, 3967, 3975, 3978, 3980, 4009, 4010, 4017, 4022, 4044, 4063, 4116, 4119, 4122, 4124, 4127, 4152, 4164, 4166, 4170, 4228, 4255, 4265, 4283, 4327, 4341, 4348, 4354, 4359, 4360, 4404, 4461, 4462, 4463, 4477, 4511, 4520, 4527, 4532, 4572, 4575, 4587, 4588, 4609, 4647, 4653, 4655, 4677, 4679, 4690, 4696, 4703, 4708, 4731, 4735, 4752, 4753, 4788, 4872, 4924, 4932, 4936, 4944, 4958, 4972, 4979, 4991, 4993, 5013, 5018, 5052, 5056, 5060, 5061, 5065, 5072, 5074, 5089, 5094, 5116, 5167, 5170, 5177, 5190, 5191, 5195, 5210, 5211, 5212, 5223, 5243, 5245, 5258, 5264, 5279, 5280, 5298, 5317, 5333, 5356, 5376, 5379, 5380, 5392, 5405, 5417, 5419, 5421, 5435, 5440, 5473, 5478, 5481, 5496, 5545, 5548, 5574, 5580, 5587, 5588, 5623, 5626, 5642, 5660, 5664, 5720, 5722, 5730, 5731, 5741, 5785, 5792, 5801, 5820, 5829, 5846, 5888, 5889, 5905, 5907, 5910, 6003, 6005, 6006, 6017, 6033, 6054, 6072, 6085, 6086, 6088, 6118, 6138, 6158, 6161, 6166, 6190, 6210, 6222, 6238, 6243, 6245, 6250, 6261, 6273, 6293, 6298, 6314, 6317, 6334, 6350, 6373, 6380, 6397, 6412, 6413, 6442, 6517, 6526, 6530, 6536, 6537, 6558, 6579, 6593, 6617, 6633, 6640, 6642, 6661, 6663, 6669, 6683, 6687, 6695, 6726, 6743, 6762, 6776, 6788, 6805, 6820, 6840, 6858, 6877, 6902, 6931, 6939, 6940, 6953, 6965, 6988, 7002, 7021, 7113, 7162, 7169, 7175, 7185, 7188, 7248, 7270, 7281, 7291, 7296, 7302, 7366, 7373, 7374, 7382, 7391, 7409, 7430, 7577, 7581, 7606, 7634, 7640, 7641, 7687, 7712, 7852, 7855, 7930, 7943, 7982, 8021, 8031, 8032, 8034, 8041, 8050, 8061, 8067, 8077, 8082, 8088, 8145, 8160, 8161, 8181, 8193, 8195, 8233, 8278, 8282, 8284, 8304, 8314, 8323, 8341, 8343, 8383, 8446, 8461, 8490, 8491, 8518, 8519, 8522, 8605, 8656, 8684, 8716, 8722, 8740, 8743, 8752, 8754, 8760, 8793, 8821, 8841, 8868, 8869, 8940, 9039, 9084, 9098, 9126, 9141, 9149, 9162, 9168, 9188, 9197, 9212, 9214, 9215, 9251, 9334, 9366, 9370, 9422, 9428, 9438, 9440, 9484, 9531, 9535, 9586, 9618, 9625, 9634, 9694, 9706, 9736, 9738, 9790, 9885, 9913, 9927, 9943, 9955, 9967, 9981, 10014, 10042, 10059, 10067, 10078, 10079, 10118, 10187, 10197, 10232, 10246, 10256, 10267, 10279, 10332, 10333, 10391, 10406, 10431, 10441, 10449, 10484, 10537, 10561, 10619, 10625, 10667, 10694, 10719, 10750, 10765, 10768, 10781, 10787, 10844, 10998, 11055, 11119, 11184, 11186, 11197, 11203, 11210, 11238, 11267, 11300, 11322, 11342, 11351, 11359, 11377, 11440, 11451, 11456, 11525, 11565, 11596, 11599, 11629, 11689, 11696, 11731, 11764, 11782, 11784, 11838, 11867, 11894, 11897, 11924, 11946, 11991, 12013, 12016, 12040, 12048, 12094, 12098, 12214, 12238, 12257, 12263, 12319, 12362, 12473, 12507, 12516, 12519, 12557, 12612, 12634, 12662, 12671, 12673, 12696, 12713, 12742, 12763, 12769, 12824, 12830, 12849, 12868, 12886, 12924, 12930, 12938, 12947, 13019, 13039, 13061, 13077, 13215, 13269, 13271, 13384, 13405, 13422, 13431, 13439, 13501, 13575, 13610, 13652, 13677, 13689, 13770, 13778, 13779, 13781, 13812, 13840, 13853, 13856, 13935, 14020, 14093, 14095, 14159, 14232, 14263, 14313, 14328, 14450, 14463, 14473, 14507, 14555, 14578, 14591, 14616, 14725, 14762, 14866, 14868, 14885, 14900, 14971, 15018, 15122, 15234, 15348, 15351, 15422, 15449, 15555, 15581, 15593, 15596, 15604, 15608, 15725, 15799, 15926, 15999, 16066, 16071, 16083, 16144, 16148, 16303, 16315, 16432, 16442, 16463, 16467, 16507, 16545, 16563, 16635, 16637, 16646, 16652, 16726, 16840, 16852, 16869, 16889, 16894, 17085, 17118, 17246, 17264, 17417]",c7.vax__THAKAR_PBMC_INACTIVATED_INFLUENZA_AGE_21_30YO_RESPONDERS_28DY_DN
c7.vax,GAUCHER_PBMC_YF_VAX_STAMARIL_UNKNOWN_AGE_28DY_UP,prerank,0.6390696201239958,2.004515968589947,0.0,0.0007932999700045783,0.018,15_26,15/26,18.88%,ANPEP;HK3;MYO1F;LGALS9;IL1RN;FCER1G;ASPRV1;PRAM1;CSRNP1;OGFR;RNF135;RIPK3;NTNG2;IRF9;MYD88,ANPEP;HK3;MYO1F;LGALS9;IL1RN;FCER1G;ASPRV1;PRAM1;CSRNP1;OGFR;RNF135;RIPK3;NTNG2;IRF9;MYD88;LY6E;SIL1;SHISA5;SIGLEC5;P2RX1;NAGA;MX1;AP5B1;EPSTI1;RNF31;OASL,"[112, 202, 480, 764, 793, 857, 924, 1368, 1721, 1892, 1924, 2728, 3044, 3170, 3306, 4330, 5488, 5831, 6641, 7201, 8071, 8341, 11244, 14518, 14663, 15788]",c7.vax__GAUCHER_PBMC_YF_VAX_STAMARIL_UNKNOWN_AGE_28DY_UP
c7.vax,PATEL_SKIN_OF_BODY_ZOSTAVAX_AGE_70_93YO_VZV_CHALLENGE_6HR_TOP_30_DEG_UP,prerank,0.6482933161507665,2.0135445516903734,0.0,0.0008159656834332804,0.018,13_25,13/25,9.41%,SERPINA1;CXCL1;CCL2;CXCL9;IL6;IRF1;FCGR1A;FOSL1;ICAM1;SELL;FPR1;BCL2A1;CXCL10,SERPINA1;CXCL1;CCL2;CXCL9;IL6;IRF1;FCGR1A;FOSL1;ICAM1;SELL;FPR1;BCL2A1;CXCL10;IL1B;IL1RL1;RGS16;CXCL2;CCL3;GZMB;CH25H;CCL8;ADAMTS8;SELE;PTX3;OASL,"[459, 594, 636, 692, 719, 753, 808, 828, 847, 928, 1004, 1133, 1647, 2654, 2840, 3278, 3816, 7409, 9864, 10558, 13457, 13986, 14111, 15139, 15788]",c7.vax__PATEL_SKIN_OF_BODY_ZOSTAVAX_AGE_70_93YO_VZV_CHALLENGE_6HR_TOP_30_DEG_UP
c7.vax,HOWARD_NEUTROPHIL_INACT_MONOV_INFLUENZA_A_INDONESIA_05_2005_H5N1_AGE_18_49YO_1DY_UP,prerank,0.4117202611142795,1.981586533096629,0.0,0.0009763691938517886,0.023,102_356,102/356,13.22%,MAFF;RHBDF2;MT2A;TLR5;ANKRD22;MICB;IRF7;RCVRN;CASP7;KCNJ15;SNX20;C3AR1;LAMP3;SLC43A3;PRRG4;BATF;MTHFD2;HLA-DRB5;STX11;HLA-DRB1;IL15RA;GSDMD;NOD2;APOL1;GALM;RAB20;BPI;AANAT;IRF1;GADD45B;TRIM5;CTRL;FCGR1A;CIITA;IFITM1;ICAM1;HLA-DRA;FLT3LG;RHOH;SMCO4;CD74;CD7;HLA-DMB;ID3;IFITM3;BTLA;GADD45G;ITPRIPL2;CASZ1;TYMP;GYPC;PLSCR2;IRAK2;SECTM1;APOL4;IL18R1;ACSL5;KPTN;GBP6;KIAA0930;ANXA3;TLDC2;CISH;KLF4;PUS3;STOM;DTX3L;LIPM;SCO2;VAMP5;CLEC5A;CASP5;SCARF1;GIMAP2;RHOC;HLA-DMA;SOCS1;SAMHD1;MOV10;BST2;PAN2;TIFA;KLF5;TAP1;GIMAP1;LHFPL2;TSPAN17;PLSCR1;TNFAIP6;CD274;CD59;TRIM22;NLRC5;PML;APOL2;SERPING1;VAT1;ANXA2R;CARD16;SIAH2;ZC3HAV1;SPHK1,MAFF;RHBDF2;MT2A;TLR5;ANKRD22;MICB;IRF7;RCVRN;CASP7;KCNJ15;SNX20;C3AR1;LAMP3;SLC43A3;PRRG4;BATF;MTHFD2;HLA-DRB5;STX11;HLA-DRB1;IL15RA;GSDMD;NOD2;APOL1;GALM;RAB20;BPI;AANAT;IRF1;GADD45B;TRIM5;CTRL;FCGR1A;CIITA;IFITM1;ICAM1;HLA-DRA;FLT3LG;RHOH;SMCO4;CD74;CD7;HLA-DMB;ID3;IFITM3;BTLA;GADD45G;ITPRIPL2;CASZ1;TYMP;GYPC;PLSCR2;IRAK2;SECTM1;APOL4;IL18R1;ACSL5;KPTN;GBP6;KIAA0930;ANXA3;TLDC2;CISH;KLF4;PUS3;STOM;DTX3L;LIPM;SCO2;VAMP5;CLEC5A;CASP5;SCARF1;GIMAP2;RHOC;HLA-DMA;SOCS1;SAMHD1;MOV10;BST2;PAN2;TIFA;KLF5;TAP1;GIMAP1;LHFPL2;TSPAN17;PLSCR1;TNFAIP6;CD274;CD59;TRIM22;NLRC5;PML;APOL2;SERPING1;VAT1;ANXA2R;CARD16;SIAH2;ZC3HAV1;SPHK1;ATP1B3;TFEC;RANGAP1;DEXI;PARP10;ISG20;GBP3;NPC2;VPS9D1;BATF2;PIK3AP1;PSTPIP2;TNFSF13B;MITD1;REC8;AFF1;CTSA;IRF9;LOXL1;CD22;ANO6;ARL2;NOD1;SERPINB6;P2RY14;PARP9;APOBEC3D;OAS1;GCH1;TMSB10;PSMB8;RILP;CCRL2;BTN3A3;RBCK1;ARHGAP5;GBP2;SLC25A22;SERPINB9;MSRB2;ATP10D;FBXO6;ATF3;HLA-DQB1;UBE2L6;LY6E;IFI16;TRIM21;GBP5;AIM2;RIPK2;TRIM69;LACTB;FZD5;ISG15;SLC25A28;MRPL44;ZCCHC2;TAP2;PSME2;NUCB1;TBC1D8;GBP4;KLHDC7B;GSTO1;CNIH4;FCER2;ECHS1;APOL3;NUB1;ENTPD6;PSME1;GBP1;DDX51;GRINA;ERLIN1;IGFLR1;FRMD3;GPR65;WDR86;ETV7;DNAJC1;HERC5;SPATS2L;MVB12A;DHX58;TRIM6;DENND1A;C19orf12;IFI35;CPNE5;IFIH1;XAF1;SPTSSA;KREMEN1;ASPHD2;HEBP1;LIMK1;NAPA;PDCD1LG2;CREB3L2;MR1;MDK;APOBEC3F;EMC9;GAS8;GSTK1;DTNBP1;PPM1K;IFI30;PARP12;SMTNL1;PSMB10;IFIT1;APOBEC3C;DNPEP;TRIM38;STK3;PARP14;PCK2;MX1;PSMB9;XRN1;BAK1;STOML1;SSB;FANCA;RNF144A;USP42;BRCA2;NOL10;GRIP1;PCGF5;ACO1;KDSR;CD2AP;STAT2;SLC26A8;N4BP2L1;NUP205;USP30;CNDP2;FAM111A;ZC3H7B;EIF2AK2;SH3PXD2A;EZH2;PPP2R5B;SORT1;NT5C3A;RMI2;EPB41L5;AGPAT3;GLS;OAS3;EFCAB2;IKZF4;CMC2;PI4K2B;TIMM10;APOBEC3G;SEPHS2;SCRN1;NAA15;POLB;RNASEH2B;RNF213;RSPH9;RFX5;LMTK2;TRAFD1;VPS13C;IFIT5;PARP11;SAMD9L;TMEM229B;OAS2;NCOA7;NDUFA9;ERI1;NASP;FANCL;LAP3;DDX60L;CEACAM1;IFIT2;DDX21;GRAMD1B;HELB;WDFY1;ZBP1;EPG5;CACNA1A;IL12RB1;MICALL1;CACNA1E;FAM135A;BPNT1;LPCAT2;SLK;TMEM62;UBR1;BLOC1S6;ERAP2;EIF4G3;IFI6;CREG1;CNTRL;PDE4B;STAMBPL1;C22orf23;SLAMF7;IFIT3;EPSTI1;AP1AR;DUSP5;FRMD4B;HERC6;RNF43;LIPA;CMPK2;ZNF496;IGF2BP3;RASGRP3;DOCK4;RBM43;CETP;APOL6;OASL;PCED1B;EXOC3L1;RSAD2;PRR5L;STAT1;VRK2;SESTD1;NRN1;STX17;TTC39B;KIF24;MED12L;CD69;C4BPA;ATR;DDX60;C5;SRBD1;SP140;IFI44;RTP4;HLA-DOB;TARBP1;SLFN5;IFI44L,"[25, 115, 145, 160, 162, 177, 229, 261, 263, 311, 326, 349, 404, 429, 513, 521, 532, 542, 548, 558, 589, 617, 626, 629, 674, 698, 720, 724, 753, 762, 786, 796, 808, 815, 842, 847, 855, 883, 884, 886, 908, 912, 914, 956, 970, 979, 1011, 1050, 1099, 1187, 1209, 1223, 1247, 1275, 1285, 1289, 1318, 1325, 1330, 1347, 1349, 1380, 1417, 1437, 1471, 1517, 1525, 1527, 1609, 1610, 1621, 1649, 1652, 1677, 1711, 1712, 1768, 1789, 1790, 1831, 1870, 1873, 1906, 1919, 1951, 1956, 1976, 1987, 1998, 2015, 2017, 2064, 2076, 2122, 2156, 2181, 2218, 2234, 2235, 2266, 2284, 2315, 2392, 2463, 2516, 2547, 2673, 2691, 2747, 2760, 2796, 2906, 2944, 3047, 3052, 3061, 3114, 3127, 3149, 3170, 3256, 3309, 3336, 3354, 3384, 3459, 3460, 3488, 3536, 3619, 3660, 3661, 3668, 3683, 3794, 3924, 3930, 3943, 4039, 4124, 4132, 4223, 4225, 4239, 4249, 4269, 4279, 4330, 4346, 4452, 4474, 4484, 4669, 4850, 4888, 4914, 4942, 4944, 4998, 5005, 5067, 5113, 5195, 5217, 5220, 5226, 5230, 5277, 5371, 5529, 5545, 5559, 5623, 5690, 5727, 5815, 5917, 5994, 6004, 6041, 6067, 6074, 6098, 6143, 6159, 6284, 6333, 6611, 6659, 6678, 6724, 6730, 6834, 7032, 7088, 7218, 7294, 7346, 7350, 7358, 7401, 7459, 7479, 7499, 7521, 7721, 7755, 7793, 7852, 7873, 7964, 7978, 8015, 8042, 8058, 8117, 8147, 8175, 8176, 8220, 8234, 8240, 8341, 8351, 8372, 8374, 8405, 8412, 8550, 8720, 8864, 8964, 8996, 9052, 9072, 9081, 9154, 9187, 9251, 9323, 9362, 9415, 9449, 9531, 9616, 9641, 9688, 9945, 9948, 9963, 9986, 10263, 10363, 10408, 10522, 10601, 10622, 10650, 10734, 10865, 11025, 11072, 11087, 11188, 11294, 11327, 11337, 11388, 11412, 11544, 11605, 11974, 11988, 12001, 12020, 12069, 12091, 12137, 12167, 12171, 12284, 12298, 12408, 12471, 12648, 12684, 12728, 12748, 12765, 12819, 12853, 13095, 13120, 13128, 13264, 13309, 13339, 13343, 13559, 13568, 13583, 13594, 13791, 13796, 13917, 13951, 13953, 14097, 14117, 14146, 14187, 14245, 14376, 14391, 14434, 14518, 14525, 14554, 14567, 14735, 14743, 14802, 14841, 14912, 15081, 15119, 15185, 15237, 15330, 15564, 15788, 15799, 15806, 15853, 15878, 16067, 16074, 16078, 16098, 16218, 16290, 16343, 16373, 16391, 16410, 16480, 16525, 16539, 16578, 16684, 16698, 16949, 17030, 17060, 17213, 17246]",c7.vax__HOWARD_NEUTROPHIL_INACT_MONOV_INFLUENZA_A_INDONESIA_05_2005_H5N1_AGE_18_49YO_1DY_UP
c7.vax,LI_PBMC_MENACTRA_AGE_18_45YO_ANTI_DT_ANTIBODY_CORRELATION_PROFILE_3DY_UP,prerank,0.6440776719569218,1.9741228221340963,0.0,0.0009821809152437636,0.025,11_23,11/23,6.54%,IFNA2;CARD9;C3AR1;STAB1;CFD;C5AR1;TYROBP;CFB;FCER1G;ITGB4;CFI,IFNA2;CARD9;C3AR1;STAB1;CFD;C5AR1;TYROBP;CFB;FCER1G;ITGB4;CFI;CR1;TLR4;ARRB2;ST14;CCRL2;IFNA21;TBC1D8;IFNA8;SFN;IL1A;ADAMTS20;COL8A1,"[38, 147, 349, 357, 367, 497, 656, 742, 857, 867, 1145, 2413, 2939, 3025, 3236, 3794, 4584, 5217, 11566, 12219, 14936, 16715, 17046]",c7.vax__LI_PBMC_MENACTRA_AGE_18_45YO_ANTI_DT_ANTIBODY_CORRELATION_PROFILE_3DY_UP
c7.vax,NAKAYA_PBMC_FLUARIX_FLUVIRIN_AGE_18_50YO_CORRELATED_WITH_HAI_28DY_RESPONSE_AT_3DY_POSITIVE,prerank,0.40708214351319305,1.9768456705559954,0.0,0.0009916249625057227,0.024,122_396,122/396,18.20%,HSPA6;ANPEP;VNN2;SLC11A1;TLR5;HK3;CLEC4E;NCF1;KCNJ15;CFD;LAT2;NCF4;SIRPB2;SIGLEC10;TCIRG1;SERPINA1;CD4;TNFRSF1A;RBM47;LILRB1;CLDN6;PRRG4;PPP1R18;LILRA2;CASP1;LAIR1;NOD2;IFITM2;FGD2;LILRB3;SYK;CD300A;CSF3R;ABCA7;SMCO4;ARAP1;ARPC1B;IFITM3;CSF1R;APOBR;MAP2K3;REEP4;SASH1;TBXAS1;S100A11;TYMP;SECTM1;GPBAR1;CD93;IMPA2;GRN;KIAA0930;STEAP4;PRAM1;MOB3A;FRAT2;RXRA;PTAFR;ARHGAP9;SULT1A3;SELPLG;PRCP;AGTRAP;GAPT;BTK;BRI3;HYPK;LYL1;LILRB2;HCK;NADK;RNF135;WBP1L;PTPN6;NOL12;SERF2;MS4A7;DRAM1;CAPG;IL10RB;VAV1;ASGR2;FPR2;SLX1A;CD53;SLX1B;KCNK6;APBB1IP;DAXX;CSK;SIGLEC7;FRAT1;CCR5;CR1;HAL;CALML4;PYCARD;IFNGR2;MBOAT7;MGST2;NLRP12;LILRA6;MILR1;CSTB;DHRS9;ADIPOR2;DDB2;TFEB;CTBP2;SLC38A10;RAB27A;NPL;PIK3AP1;ITGAX;LRP1;TAF4;ARAP3;NCF2;TRPS1;SH3BP2;C1orf162;PACSIN2,HSPA6;ANPEP;VNN2;SLC11A1;TLR5;HK3;CLEC4E;NCF1;KCNJ15;CFD;LAT2;NCF4;SIRPB2;SIGLEC10;TCIRG1;SERPINA1;CD4;TNFRSF1A;RBM47;LILRB1;CLDN6;PRRG4;PPP1R18;LILRA2;CASP1;LAIR1;NOD2;IFITM2;FGD2;LILRB3;SYK;CD300A;CSF3R;ABCA7;SMCO4;ARAP1;ARPC1B;IFITM3;CSF1R;APOBR;MAP2K3;REEP4;SASH1;TBXAS1;S100A11;TYMP;SECTM1;GPBAR1;CD93;IMPA2;GRN;KIAA0930;STEAP4;PRAM1;MOB3A;FRAT2;RXRA;PTAFR;ARHGAP9;SULT1A3;SELPLG;PRCP;AGTRAP;GAPT;BTK;BRI3;HYPK;LYL1;LILRB2;HCK;NADK;RNF135;WBP1L;PTPN6;NOL12;SERF2;MS4A7;DRAM1;CAPG;IL10RB;VAV1;ASGR2;FPR2;SLX1A;CD53;SLX1B;KCNK6;APBB1IP;DAXX;CSK;SIGLEC7;FRAT1;CCR5;CR1;HAL;CALML4;PYCARD;IFNGR2;MBOAT7;MGST2;NLRP12;LILRA6;MILR1;CSTB;DHRS9;ADIPOR2;DDB2;TFEB;CTBP2;SLC38A10;RAB27A;NPL;PIK3AP1;ITGAX;LRP1;TAF4;ARAP3;NCF2;TRPS1;SH3BP2;C1orf162;PACSIN2;FNDC3B;CASP10;GAA;LST1;PPID;VDR;PMVK;OSBPL11;CD58;OS9;EFHD2;ORAI3;PCID2;CORO1B;ZYX;PRDX1;DUSP18;CARD8;GLRX;TRIOBP;DAGLB;DAPK1;MSRB2;ATP10D;IDH1;RPS6KA1;SEMA4A;HNRNPAB;RALBP1;JUP;JAGN1;LILRA3;QPCT;SIRPA;GALNT2;TNFSF13;CTSD;USB1;PRELID1;PANK2;HDAC5;SLC27A3;IRF2;ASRGL1;CYFIP1;CNIH4;IL17RA;RAB1B;PEPD;GSN;SIL1;NQO2;KIAA2013;HS1BP3;TCF7L2;CLMN;ZNF143;POU2F2;UBA1;RCBTB2;MAPKAPK3;APTX;CHST15;ILK;UBE2R2;NEK9;RNF24;RNF149;CLTA;PILRA;KDELR1;CKLF;FGD4;PPP2CB;MOGS;PHKA2;CAPNS1;SERPINB1;CIDEB;ADCY7;SIGLEC5;TM9SF1;GCNT2;POLR1D;SNX27;NAGK;FAM193A;FGL2;KDELR2;OGDH;TPI1;GRAMD4;STYXL1;SPTSSA;TMEM179B;TNFAIP2;TMEM107;RAB8A;MSRB1;TMEM218;CX3CR1;LILRA1;HDLBP;SLC25A11;UBR2;SREK1;DFFA;RBM19;CAPZB;CSF2RB;IFI30;KCNE3;CORO1A;MSL1;NAGA;MGST3;ATP6V0D1;MAP2K4;NUDT16;AP3S2;NAAA;SFT2D1;ATP6AP1;ZSWIM6;IQGAP1;RGS14;COA3;HMBS;ZNF641;PRDX3;EIF4E2;KCNJ2;DGAT2;PRKACA;CAP1;TBCE;IFNAR1;MNDA;GNS;TMEM208;APLP2;RAB10;UBTD2;STX6;TRIM14;SULT1A1;PRRC2A;HK1;NDUFB3;VRK3;PPP1R11;OSTM1;PRMT5;PRKCD;STAM2;MICU1;AKR1A1;ABHD2;TMEM80;TIMP2;LAMP2;YWHAE;ERICH1;ATP6V0A1;SORT1;RAB4B;DCUN1D1;THOC2;DPYSL2;NME6;RAB7A;EEFSEC;ATG7;CRLS1;LARP4B;LRRK2;SMC1A;AHCYL1;ARF3;VIPAS39;FKBP15;SGCD;SIRPB1;DENR;MEGF9;UBE3C;RTN1;MAPK1;APAF1;DCAF7;ASH2L;STX3;PPARGC1A;ZMYM6;SLC6A6;ENTPD4;GLT1D1;VPS35;ACTR3;ARSD;LYST;AQP9;CAMSAP1;NAIP;ORMDL2;RRAGD;ENTPD1;SPTLC2;ATP6V1B2;UEVLD;AGO4;CHURC1;VMP1;PPCDC;MPEG1;TOR1A;KIAA0513;ST8SIA4;APEH;FPGT;M6PR;FBXL5;BEST1;P2RY13;SKAP2;WDFY3;MBOAT1;TET2;PADI2;ACLY;ATP6V1A;PTPRJ;CCPG1;AGPS;SNX1;SLAMF7;GCNT1;APH1B;MCCC2;SEC23B;SUSD1;PPM1L;PSEN1;RNF31;CPPED1;PLXNC1;TMEFF2;RASSF2;GK;PCGF6;TPPP3;CREB5;COX15;SEC23IP;PRKAR1A;SLC8A1;PAK1;RBP1;TRIQK;GALNT7;DMXL2;C9orf72;FAR2;GCA;SYT11;UVSSA;DBT;SLC22A15;MOSPD2;WSB1;KCNMB1;SLC12A6;UBASH3B;CD36,"[0, 112, 117, 132, 160, 202, 243, 306, 311, 367, 368, 392, 431, 433, 437, 459, 463, 465, 469, 474, 496, 513, 538, 572, 580, 610, 626, 633, 663, 780, 810, 812, 848, 877, 886, 955, 965, 970, 973, 1023, 1025, 1063, 1079, 1085, 1102, 1187, 1275, 1276, 1292, 1295, 1328, 1347, 1358, 1368, 1393, 1407, 1409, 1412, 1457, 1536, 1568, 1681, 1684, 1759, 1801, 1824, 1847, 1861, 1887, 1914, 1916, 1924, 1941, 2040, 2061, 2068, 2085, 2111, 2112, 2113, 2128, 2134, 2137, 2149, 2172, 2211, 2256, 2337, 2350, 2360, 2377, 2381, 2393, 2413, 2486, 2515, 2517, 2560, 2576, 2579, 2620, 2643, 2672, 2706, 2751, 2776, 2801, 2900, 2902, 2921, 2940, 2943, 2944, 2994, 3045, 3046, 3144, 3164, 3167, 3168, 3183, 3187, 3245, 3353, 3369, 3419, 3447, 3453, 3529, 3642, 3647, 3717, 3718, 3738, 3817, 3995, 4017, 4033, 4044, 4071, 4115, 4135, 4166, 4221, 4223, 4225, 4236, 4277, 4312, 4405, 4423, 4440, 4514, 4588, 4609, 4625, 4629, 4642, 4656, 4737, 4892, 5048, 5112, 5191, 5196, 5198, 5202, 5277, 5292, 5295, 5299, 5373, 5488, 5495, 5576, 5583, 5609, 5655, 5662, 5761, 5885, 5925, 5929, 5935, 5966, 5973, 6018, 6021, 6031, 6038, 6049, 6088, 6238, 6275, 6295, 6348, 6373, 6465, 6549, 6571, 6633, 6640, 6641, 6646, 6676, 6694, 6776, 6788, 6800, 6896, 7101, 7124, 7148, 7185, 7206, 7218, 7248, 7305, 7317, 7330, 7340, 7341, 7438, 7496, 7556, 7559, 7620, 7662, 7685, 7779, 7893, 7897, 7978, 7981, 8030, 8055, 8071, 8084, 8129, 8171, 8218, 8364, 8462, 8496, 8518, 8525, 8601, 8633, 8802, 8827, 8839, 8865, 8940, 8941, 8987, 8995, 9027, 9124, 9159, 9168, 9170, 9176, 9216, 9227, 9247, 9287, 9338, 9370, 9400, 9406, 9420, 9498, 9504, 9537, 9589, 9634, 9673, 9771, 9825, 9866, 9869, 9874, 9877, 9903, 9928, 9981, 9986, 9993, 9998, 10136, 10305, 10551, 10594, 10612, 10669, 10706, 10996, 11062, 11075, 11095, 11127, 11162, 11210, 11221, 11277, 11338, 11349, 11403, 11422, 11454, 11485, 11640, 11678, 11692, 11703, 11707, 11809, 11838, 11889, 11933, 11939, 12056, 12078, 12114, 12212, 12297, 12317, 12348, 12396, 12443, 12573, 12595, 12621, 12660, 12668, 12921, 12924, 12970, 12994, 13038, 13078, 13129, 13130, 13171, 13222, 13259, 13288, 13330, 13526, 13744, 13761, 13765, 13883, 13891, 13948, 14140, 14328, 14391, 14396, 14449, 14461, 14487, 14515, 14520, 14594, 14663, 14733, 14798, 14837, 14856, 14896, 14950, 14952, 15011, 15046, 15334, 15373, 15392, 15429, 15591, 15655, 15668, 15728, 15926, 16178, 16271, 16354, 16437, 16532, 16610, 16689, 16707, 16726, 16939, 17123, 17499]",c7.vax__NAKAYA_PBMC_FLUARIX_FLUVIRIN_AGE_18_50YO_CORRELATED_WITH_HAI_28DY_RESPONSE_AT_3DY_POSITIVE
c7.vax,LI_PBMC_MENOMUNE_A_C_Y_W_135_AGE_18_45YO_3DY_UP,prerank,0.6408293485376003,1.9838680151418682,0.0,0.0010020631200057832,0.023,17_25,17/25,18.48%,IFNA2;CARD9;C1QA;C1QC;C1QB;C5AR1;CCL20;CFB;CFH;APOBR;TNF;C2;SERPING1;GPX1;IL1B;ARRB2;ST14,IFNA2;CARD9;C1QA;C1QC;C1QB;C5AR1;CCL20;CFB;CFH;APOBR;TNF;C2;SERPING1;GPX1;IL1B;ARRB2;ST14;LHCGR;AMER2;A2M;SFN;IL1A;PTX3;LAMC2;IMPG2,"[38, 147, 196, 280, 399, 497, 561, 742, 967, 1023, 1526, 1909, 2181, 2540, 2654, 3025, 3236, 7615, 7696, 7759, 12219, 14936, 15139, 16796, 17143]",c7.vax__LI_PBMC_MENOMUNE_A_C_Y_W_135_AGE_18_45YO_3DY_UP
c7.vax,HARALAMBIEVA_PBMC_M_M_R_II_AGE_11_22YO_VACCINATED_VS_UNVACCINATED_7YR_DN,prerank,0.385736720569311,1.9744192917540209,0.0,0.0010061365473228799,0.025,224_652,224/652,19.61%,MMP9;S100A12;CXCL6;CELSR1;PPBP;CLDN7;SLC11A1;MS4A6A;CARD9;S100A8;TLR5;FCGR2B;VENTX;C1QA;GAS1;VSIG4;S100A4;DOK2;SH3TC1;MROH6;TNNI2;MPZL2;C1QC;GAS2L3;KCNJ15;FCGR2A;VNN1;GDPD3;STAB1;LAT2;HGF;CDA;CD300LB;SIRPB2;SIGLEC10;SLC47A1;CD4;TMEM71;RAB3IL1;SOWAHD;ITGB2;TMC8;PLIN2;LIME1;MMRN1;LILRA2;LYZ;RASGRP4;CLEC10A;CXCL1;KANK2;F13A1;RNASE6;RCN3;MGAM;LY96;CPAMD8;DPEP3;FES;LRRC25;CCR2;FCER1A;PTGDR;FCGRT;TRIM47;GIPC3;EIF4EBP1;PROC;FCGR1A;SYK;KLF2;S100A9;NFAM1;CD52;FOLR2;HLA-DMB;TSPO;SLC1A5;SCNN1A;SIGLEC9;HAMP;CSF1R;CYP1B1;CD33;FPR1;TNFRSF10C;ADAMTS10;KCNQ1;ITGAM;PALD1;AQP3;TBXAS1;COLGALT1;SAMD1;ADORA3;TREM2;VAMP8;AHNAK;FOS;CD14;LILRB5;CEACAM19;ITGB5;CD93;IMPA2;FOLR3;HHEX;KIAA0930;RASA4;RGCC;STEAP4;CASS4;PRAM1;PSTPIP1;GNB3;BNC2;KIF5A;RXRA;ACADVL;ADORA2B;LY86;OXER1;MYO7A;NOG;CLEC5A;SLAMF8;IER5L;ASGR1;HLA-DMA;CCL22;ITGA11;GAPT;CYBRD1;HTR3A;SDC2;CRISPLD2;DBH;GSTM2;LRP5;GPC4;VWF;BMF;TNFAIP8L2;YPEL3;SERPINE1;S1PR1;TSPAN4;PNPLA7;ARRDC2;PDK4;SLC2A9;SIGIRR;KRT72;VAT1;PLBD1;SMAD6;APBB1IP;SULT1B1;SIGLEC7;CR1;GPNMB;TDRD6;OLFM2;ALDH2;SLCO2B1;TFCP2L1;DPEP2;GPR82;HCST;HAL;TLR6;THBD;MGST2;CXCL5;TIMP3;NT5DC2;RASGRP2;NLRP12;EPPK1;AP2S1;TMCC2;NOTCH3;PLCB2;ARHGDIB;PYGL;DHRS9;SIGLEC15;SH3BGRL3;CACHD1;CTDSPL;MATK;COTL1;GP1BA;ACP5;WNT7A;NFIA;FCN1;ARRB2;LRP1;CD300C;CD209;SEMA6C;ARAP3;ABCC3;CTSA;C1orf162;VCAN;PRKAG3;SCARB1;CEBPA;CSTA;ST14;PC;EVI2B;ADI1;SPINT2;LRP3;DSC2;IL1R1;PPARG;IGSF22;LST1;ARHGAP4;ZDHHC7,MMP9;S100A12;CXCL6;CELSR1;PPBP;CLDN7;SLC11A1;MS4A6A;CARD9;S100A8;TLR5;FCGR2B;VENTX;C1QA;GAS1;VSIG4;S100A4;DOK2;SH3TC1;MROH6;TNNI2;MPZL2;C1QC;GAS2L3;KCNJ15;FCGR2A;VNN1;GDPD3;STAB1;LAT2;HGF;CDA;CD300LB;SIRPB2;SIGLEC10;SLC47A1;CD4;TMEM71;RAB3IL1;SOWAHD;ITGB2;TMC8;PLIN2;LIME1;MMRN1;LILRA2;LYZ;RASGRP4;CLEC10A;CXCL1;KANK2;F13A1;RNASE6;RCN3;MGAM;LY96;CPAMD8;DPEP3;FES;LRRC25;CCR2;FCER1A;PTGDR;FCGRT;TRIM47;GIPC3;EIF4EBP1;PROC;FCGR1A;SYK;KLF2;S100A9;NFAM1;CD52;FOLR2;HLA-DMB;TSPO;SLC1A5;SCNN1A;SIGLEC9;HAMP;CSF1R;CYP1B1;CD33;FPR1;TNFRSF10C;ADAMTS10;KCNQ1;ITGAM;PALD1;AQP3;TBXAS1;COLGALT1;SAMD1;ADORA3;TREM2;VAMP8;AHNAK;FOS;CD14;LILRB5;CEACAM19;ITGB5;CD93;IMPA2;FOLR3;HHEX;KIAA0930;RASA4;RGCC;STEAP4;CASS4;PRAM1;PSTPIP1;GNB3;BNC2;KIF5A;RXRA;ACADVL;ADORA2B;LY86;OXER1;MYO7A;NOG;CLEC5A;SLAMF8;IER5L;ASGR1;HLA-DMA;CCL22;ITGA11;GAPT;CYBRD1;HTR3A;SDC2;CRISPLD2;DBH;GSTM2;LRP5;GPC4;VWF;BMF;TNFAIP8L2;YPEL3;SERPINE1;S1PR1;TSPAN4;PNPLA7;ARRDC2;PDK4;SLC2A9;SIGIRR;KRT72;VAT1;PLBD1;SMAD6;APBB1IP;SULT1B1;SIGLEC7;CR1;GPNMB;TDRD6;OLFM2;ALDH2;SLCO2B1;TFCP2L1;DPEP2;GPR82;HCST;HAL;TLR6;THBD;MGST2;CXCL5;TIMP3;NT5DC2;RASGRP2;NLRP12;EPPK1;AP2S1;TMCC2;NOTCH3;PLCB2;ARHGDIB;PYGL;DHRS9;SIGLEC15;SH3BGRL3;CACHD1;CTDSPL;MATK;COTL1;GP1BA;ACP5;WNT7A;NFIA;FCN1;ARRB2;LRP1;CD300C;CD209;SEMA6C;ARAP3;ABCC3;CTSA;C1orf162;VCAN;PRKAG3;SCARB1;CEBPA;CSTA;ST14;PC;EVI2B;ADI1;SPINT2;LRP3;DSC2;IL1R1;PPARG;IGSF22;LST1;ARHGAP4;ZDHHC7;PRADC1;PAPSS2;COL23A1;CPNE9;LTBP2;RGS18;MAN2B1;TMEM45B;ARHGEF4;PLXDC1;APOC1;APOE;CTSF;SIRPG;DTX1;GPR34;LDLRAD3;STEAP3;INSR;FAH;FGFBP2;CRIP3;PRSS36;TOMM7;KCNJ5;KCNMB4;NLRP1;KISS1R;RAB3D;MRC1;PPM1M;PDGFC;ZFHX3;DAD1;CLEC7A;CLEC11A;RPS3A;KCTD15;MRC2;IQCK;QPCT;ALPK2;EDNRB;CYP27A1;C12orf57;P2RY2;CREBL2;SLC29A3;ANKRD18A;CPM;SH3RF3;ASIC1;PLAC9;DTNA;C10orf55;CHI3L1;FAM171B;PFDN5;STK32C;AMPD2;PRSS23;DEF8;CD101;FAM13A;ASRGL1;CYFIP1;OTOA;BLVRB;SLC27A1;DSG2;PLXNA1;TGFBR1;MLEC;SLITRK4;RPL4;SLC46A1;FCER2;GSN;CRTAP;CERK;DPCD;PTGDR2;ZMYND10;NEK6;LGALS3;CDHR2;IL18BP;SLC24A4;IFNGR1;CLMN;FXYD7;ALK;PLXDC2;CYBB;CCDC149;CMTM4;RPL10;SLAMF9;PMFBP1;ARHGAP6;RPL22;AKR7A2;ALDH7A1;AIF1;CNN2;FAM153A;RPL17;LDHD;VASH1;C11orf21;OPRL1;FGD4;C16orf74;NLRC4;HTRA1;ANXA9;ALDH3A2;TMEM14C;LGR4;RGS12;PTGS1;SLC37A2;DAB2;TPCN1;DOC2A;RASL10A;CAMK1;FCRL6;TK2;EPHB3;GPRC5B;BST1;CPVL;CNRIP1;GATM;LOXL3;FBP1;NHS;SFRP5;EPS8;PSRC1;HAAO;NMUR1;FKBP1A;GRAMD4;IQCD;RNF130;LAMB3;TMEM107;LILRA1;SGMS2;PDZD4;ABCC5;FOXRED2;MMP28;TMED10;A2M;STK32B;DBP;EIF3L;ACOT11;PI16;GPX3;ESYT1;RTN4R;LTA4H;BHLHE41;HNMT;SUMF1;ADAM15;EPHX4;NRGN;HSD17B4;TRERF1;PROS1;EEF2K;DNM1;WNT10B;SATB2;PLB1;TSPAN7;SDK2;RGS14;DLG4;TENM4;PID1;ANKRD34A;NAT8L;ADAM12;CBX7;HOPX;LDLRAP1;PTGFRN;FAM210B;APMAP;NUDT6;CCDC68;APLP2;SEMA3A;EIF3F;PRKAR2A;KCNAB2;SH3BGRL;GNAQ;STARD13;SLC46A3;LPL;MARVELD1;CRYL1;RAI14;CAT;ERP27;HTR7;ICAM5;ABHD2;TIMP2;SPARC;HIP1;RAB3A;EPB41L1;COL6A3;ATP6V0A1;SORT1;TXLNB;PCDH1;CDR2L;TMEM170B;CHST13;COL18A1;PCYOX1;QSOX1;ADAMTS7;HLF;ZNF704;UBXN11;TFRC;ASB13;CDHR1;EIF4B;ALOX5;GFRA2;SNCA;SLC17A7;NFXL1;CLEC4A;KLF7;FAM110C;CALM2;DSCAML1;CLCN5;ARHGAP18;PPFIA4;APBA1;FABP3;M1AP;CHN2;DLEU7;DNER;SGCD;SLC40A1;BMP2;STXBP1;TTLL2;SPIRE1;BRI3BP;ERBB3;TESC;NCEH1;TGFBI;NEFM;OLFM1;DYNC2H1;GLIPR1;UCP2;CD300LF;TBC1D14;COLEC12;SNX29;NRG1;CTNNBIP1;PPT1;MICAL2;NAIP;TLN2;SLC16A10;KCNC3;HSD11B1;RARRES1;ESCO2;FN1;TM6SF1;FUCA1;CD27;NRCAM;VIPR1;ATP6AP2;SNX18;SEMA4C;NOXA1;MPEG1;DBNL;OXNAD1;DPYD;ZNF185;ANGPT1;GPRASP2;RAPH1;P2RY13;FCRLB;UNC5B;SKAP2;RBL2;ATP2B1;RAB37;TTC3;FAT4;CLCN4;SLC4A7;ADK;SETD7;FGF9;TBC1D30;DOCK3;SLC16A6;SLC48A1;CHL1;PADI2;CALU;GSTA4;SLC46A2;ME1;AATK;CENPK;SPECC1;KLRB1;SORL1;DEPTOR;CACNA1D;AP1S2;TOP2B;REPS2;TSPAN32;SNX30;FRMD4B;ARRB1;SPATA6;LIPA;TBC1D10C;NINJ2;RASSF2;GLB1L;SSPN;KLHL3;ATP9A;IL1A;CCDC170;CD163L1;CREB5;CACNA2D4;ADAM22;VSIG1;PARM1;CD9;C14orf132;LINGO3;PCSK6;SPAG8;EPX;AGAP1;TRIM2;FFAR4;KLHL41;XYLB;AVPR2;TMEM86A;RBP1;GCOM1;TPBGL;KRT1;TRIQK;TSPAN18;SRD5A3;WDR17;PPM1H;MAML3;RASAL1;CATSPER1;DSC1;FAXDC2;ST18;DEPDC7;ARHGAP20;RNASE1;CTTNBP2;GUCY2C;FADS1;GAS7;WNT1;HRH2;TRPC1;NTN4;RNF125;UACA;TMEM144;RASGRF1;SLC47A2;PLLP;SHISA8;ANTXRL;SIAH3;RPGRIP1;TENM1;TNFRSF8;VSIG8;IL16;KLHL14;LRRC70;ALDH1A1;DNAJB13;PKIB;NHSL2;GZMA;COL19A1;PKDREJ;LGR6;RORC;STAC;CD36,"[9, 11, 46, 49, 65, 122, 132, 137, 147, 157, 160, 180, 193, 196, 228, 240, 245, 247, 266, 269, 274, 275, 280, 305, 311, 313, 323, 337, 357, 368, 374, 406, 419, 431, 433, 455, 463, 467, 481, 500, 507, 531, 537, 562, 571, 572, 574, 576, 585, 594, 598, 631, 662, 680, 683, 686, 687, 691, 696, 705, 711, 722, 740, 743, 745, 752, 768, 782, 808, 810, 811, 820, 826, 830, 862, 914, 915, 916, 920, 934, 943, 973, 993, 998, 1004, 1007, 1009, 1019, 1038, 1040, 1057, 1085, 1110, 1123, 1124, 1129, 1175, 1208, 1219, 1238, 1241, 1252, 1262, 1292, 1295, 1310, 1312, 1347, 1354, 1356, 1358, 1362, 1368, 1376, 1384, 1391, 1396, 1409, 1496, 1501, 1509, 1547, 1571, 1617, 1621, 1625, 1627, 1698, 1712, 1738, 1739, 1759, 1772, 1785, 1795, 1826, 1840, 1841, 1872, 1903, 1921, 1929, 1945, 1965, 1969, 1972, 2036, 2043, 2067, 2104, 2165, 2191, 2208, 2218, 2305, 2322, 2337, 2341, 2377, 2413, 2421, 2427, 2431, 2440, 2444, 2451, 2477, 2482, 2483, 2486, 2518, 2546, 2579, 2588, 2602, 2616, 2619, 2620, 2626, 2630, 2655, 2667, 2668, 2742, 2745, 2751, 2768, 2777, 2778, 2783, 2855, 2856, 2904, 2930, 2958, 2960, 2968, 3025, 3045, 3067, 3094, 3101, 3144, 3146, 3149, 3183, 3195, 3207, 3216, 3219, 3234, 3236, 3246, 3269, 3300, 3318, 3325, 3352, 3361, 3389, 3408, 3419, 3432, 3435, 3515, 3588, 3591, 3606, 3608, 3611, 3654, 3673, 3697, 3742, 3747, 3783, 3805, 3810, 3823, 3843, 3899, 3911, 3939, 3983, 4005, 4032, 4086, 4113, 4177, 4187, 4228, 4246, 4290, 4351, 4352, 4382, 4404, 4424, 4462, 4468, 4491, 4518, 4528, 4602, 4609, 4627, 4666, 4678, 4688, 4716, 4756, 4798, 4839, 4854, 4882, 4896, 4928, 4949, 4967, 4969, 4992, 5007, 5010, 5024, 5059, 5065, 5107, 5150, 5198, 5202, 5208, 5221, 5225, 5237, 5302, 5314, 5323, 5336, 5360, 5362, 5371, 5373, 5379, 5405, 5438, 5444, 5468, 5536, 5562, 5575, 5580, 5613, 5652, 5655, 5667, 5774, 5843, 5847, 5868, 5889, 5905, 5908, 6034, 6095, 6109, 6132, 6141, 6152, 6158, 6165, 6172, 6206, 6210, 6250, 6289, 6295, 6351, 6386, 6398, 6452, 6494, 6503, 6586, 6594, 6627, 6718, 6756, 6771, 6782, 6822, 6826, 6857, 6885, 6906, 6909, 6926, 6957, 6959, 6961, 6962, 7002, 7009, 7039, 7060, 7091, 7149, 7172, 7174, 7185, 7215, 7244, 7297, 7317, 7496, 7623, 7648, 7667, 7700, 7726, 7741, 7759, 7782, 7824, 7912, 7958, 7977, 7997, 8000, 8003, 8011, 8040, 8041, 8044, 8067, 8094, 8205, 8214, 8215, 8219, 8359, 8452, 8460, 8545, 8613, 8618, 8622, 8633, 8634, 8653, 8655, 8663, 8701, 8718, 8721, 8803, 8835, 8860, 8911, 8919, 9143, 9213, 9216, 9232, 9293, 9371, 9377, 9454, 9500, 9541, 9583, 9605, 9620, 9640, 9704, 9738, 9764, 9772, 9817, 9866, 9874, 9882, 9888, 9894, 9908, 9939, 9981, 9986, 10035, 10092, 10113, 10163, 10177, 10285, 10352, 10417, 10448, 10495, 10604, 10667, 10683, 10684, 10701, 10730, 10750, 10772, 10807, 10840, 10842, 10843, 10862, 10863, 10877, 10941, 10943, 10950, 11014, 11035, 11064, 11148, 11184, 11209, 11217, 11221, 11228, 11288, 11395, 11461, 11470, 11476, 11491, 11498, 11501, 11627, 11715, 11756, 11776, 11881, 11886, 11980, 11983, 11989, 12094, 12108, 12133, 12235, 12260, 12297, 12303, 12335, 12336, 12344, 12374, 12414, 12440, 12451, 12500, 12505, 12639, 12662, 12688, 12786, 12844, 12863, 12924, 12978, 13026, 13053, 13080, 13199, 13218, 13231, 13259, 13262, 13274, 13288, 13331, 13348, 13374, 13391, 13490, 13497, 13502, 13523, 13539, 13601, 13621, 13642, 13658, 13695, 13713, 13761, 13838, 13842, 13858, 13863, 13977, 14017, 14094, 14129, 14179, 14184, 14303, 14311, 14358, 14402, 14463, 14493, 14567, 14689, 14724, 14802, 14814, 14820, 14856, 14863, 14880, 14900, 14909, 14936, 14954, 15003, 15011, 15018, 15022, 15025, 15141, 15173, 15427, 15460, 15480, 15481, 15502, 15521, 15535, 15537, 15544, 15568, 15575, 15590, 15591, 15598, 15614, 15640, 15655, 15698, 15847, 15895, 15941, 15956, 15989, 15990, 16044, 16118, 16127, 16257, 16275, 16286, 16337, 16355, 16367, 16432, 16459, 16500, 16515, 16627, 16659, 16680, 16697, 16709, 16741, 16756, 16770, 16780, 16786, 16844, 16867, 16935, 17042, 17050, 17090, 17174, 17233, 17297, 17322, 17328, 17331, 17357, 17388, 17389, 17426, 17451, 17499]",c7.vax__HARALAMBIEVA_PBMC_M_M_R_II_AGE_11_22YO_VACCINATED_VS_UNVACCINATED_7YR_DN
c7.vax,GARCIA_PINERES_PBMC_HPV_16_L1_VLP_AGE_18_25YO_2MO_DN,prerank,0.4196099815075652,1.9624135544004895,0.0,0.001117831775915542,0.03,107_261,107/261,21.79%,CELSR1;CLDN7;SLC11A1;STC1;S100A8;ISYNA1;CD180;LCK;CEBPD;VNN1;CFD;EMP3;PTH1R;HMOX1;TNFRSF1A;CYBA;PIK3R2;PLIN2;NOD2;F13A1;FCGRT;TPST2;GADD45B;DHRS3;KLF2;CSF3R;HAMP;ID3;APOC2;RNASET2;TBXAS1;ADORA3;POLD1;SLC43A1;CD14;IMPA2;GRN;LEF1;RXRA;CES1;CHST3;ACADVL;ADORA2B;LY86;ZNF395;PLA2G4B;MS4A4A;AGPAT2;CHPT1;EEF1D;IRF3;NME3;LTBP3;MERTK;TPRA1;TSPAN4;CACFD1;ASCL1;FXYD1;MXD4;PDK4;CTSK;SIGIRR;KCNJ14;VAT1;PHLDA1;DNAJB2;GCHFR;FRAT1;TPSAB1;GPNMB;GAK;DPEP2;PON2;PYCARD;USF2;CHGA;RASGRP2;GNB1L;PLCB2;RABAC1;DHRS9;RAI2;PTDSS2;RPL13;ACP5;NPL;LRP1;MFSD10;MAPK12;MIF;SCARB1;RBM17;GAA;PDE6A;GDF11;SRRM2;SRPX;VPREB3;SCAND1;TNFRSF14;DNASE2;APOC1;ITGA6;APLNR;APOE;CXCL2,CELSR1;CLDN7;SLC11A1;STC1;S100A8;ISYNA1;CD180;LCK;CEBPD;VNN1;CFD;EMP3;PTH1R;HMOX1;TNFRSF1A;CYBA;PIK3R2;PLIN2;NOD2;F13A1;FCGRT;TPST2;GADD45B;DHRS3;KLF2;CSF3R;HAMP;ID3;APOC2;RNASET2;TBXAS1;ADORA3;POLD1;SLC43A1;CD14;IMPA2;GRN;LEF1;RXRA;CES1;CHST3;ACADVL;ADORA2B;LY86;ZNF395;PLA2G4B;MS4A4A;AGPAT2;CHPT1;EEF1D;IRF3;NME3;LTBP3;MERTK;TPRA1;TSPAN4;CACFD1;ASCL1;FXYD1;MXD4;PDK4;CTSK;SIGIRR;KCNJ14;VAT1;PHLDA1;DNAJB2;GCHFR;FRAT1;TPSAB1;GPNMB;GAK;DPEP2;PON2;PYCARD;USF2;CHGA;RASGRP2;GNB1L;PLCB2;RABAC1;DHRS9;RAI2;PTDSS2;RPL13;ACP5;NPL;LRP1;MFSD10;MAPK12;MIF;SCARB1;RBM17;GAA;PDE6A;GDF11;SRRM2;SRPX;VPREB3;SCAND1;TNFRSF14;DNASE2;APOC1;ITGA6;APLNR;APOE;CXCL2;F11;HOMER3;CHST8;MCOLN1;ZNF74;IRS2;NAGPA;KIFC3;PDGFC;CLEC11A;IFNA21;PKD2L1;CTSD;MGAT4B;CYP27A1;CDC25B;CACNA2D2;MAPK8IP2;PDE2A;FARP1;PLD3;CD2BP2;NISCH;PPP2R5A;ARHGAP29;BLVRB;PEPD;DIDO1;TNS1;FAIM2;MZF1;NUDT3;MAEA;ARHGEF1;MAD1L1;RUNDC3A;VPS51;NEB;DGCR2;HTRA1;ALDH3A2;HSD17B14;CA5A;ZNF324;DAB2;DOC2A;ICAM3;ANAPC2;MYO9B;HPCAL1;CYTH2;GHR;FST;SLC7A8;RNF130;LRPAP1;GPRC5C;INTS6;TUBGCP2;GRB10;AR;NR0B1;CACNA2D3;DBP;PPAN;EPAS1;FOXO3;CUX1;HSF2;ERF;ZBTB18;DLG4;RPS6KA2;B3GALT4;ENDOG;PABPC4;GLTP;ACRV1;HS3ST2;FLRT2;ADD3;TIMP2;FABP4;SPARC;CLEC3B;CADM1;RNASEL;RTN3;RAP2A;CPLX2;ZNF117;PCYOX1;SGSH;KIF13A;WASF3;LGMN;BASP1;IKZF4;ALOX5;NAP1L3;SNCA;SP2;SPAG1;TSC1;ABLIM1;ASAH1;PRKCZ;RARRES1;TM6SF1;FUCA1;GABBR2;TESK2;PDCL;HS3ST1;NAGLU;TPBG;CHRNA7;MAGI2;TMEM8B;GRPR;FGF9;SDS;SLC23A2;HPSE;SORL1;CNR1;OCA2;PMP22;KCNK10;PLXNC1;CARTPT;DPP4;CD9;CAMKK2;MMD;SPAG8;EHHADH;TP53TG5;RASAL1;RNASE1;IGF1;GAS7;AVPR1A;DRD2;HBA1;RPGRIP1;TENM1;VLDLR;LPA;GRID2;CALCB;HBA2;CER1;KRT5,"[49, 122, 132, 156, 157, 175, 253, 292, 312, 323, 367, 387, 443, 444, 465, 470, 526, 537, 626, 631, 743, 746, 762, 776, 811, 848, 943, 956, 1014, 1017, 1085, 1124, 1190, 1234, 1238, 1295, 1328, 1357, 1409, 1470, 1489, 1496, 1501, 1509, 1590, 1622, 1623, 1659, 1662, 1776, 1781, 1917, 2010, 2013, 2023, 2036, 2049, 2072, 2075, 2086, 2104, 2173, 2191, 2214, 2218, 2253, 2351, 2373, 2381, 2414, 2421, 2455, 2477, 2503, 2517, 2589, 2611, 2619, 2646, 2668, 2676, 2751, 2753, 2828, 2917, 2930, 2943, 3045, 3063, 3184, 3194, 3216, 3356, 3369, 3452, 3510, 3575, 3586, 3598, 3632, 3651, 3728, 3747, 3749, 3782, 3783, 3816, 3873, 4081, 4105, 4141, 4254, 4288, 4327, 4336, 4382, 4468, 4584, 4596, 4656, 4675, 4678, 4784, 4871, 4961, 4966, 5080, 5116, 5147, 5167, 5176, 5187, 5221, 5299, 5380, 5393, 5403, 5419, 5467, 5473, 5645, 5848, 5989, 6026, 6051, 6302, 6398, 6494, 6522, 6711, 6755, 6756, 6782, 6783, 6839, 6940, 6972, 6988, 7125, 7227, 7237, 7244, 7268, 7385, 7478, 7506, 7532, 7574, 7692, 7780, 7824, 7858, 7874, 7929, 8181, 8251, 8324, 8576, 8634, 8732, 8795, 9035, 9044, 9271, 9304, 9403, 9561, 9769, 9874, 9876, 9882, 9973, 9989, 10003, 10109, 10117, 10287, 10327, 10352, 10353, 10472, 10494, 10504, 10595, 10734, 10750, 10805, 10807, 10988, 11281, 11452, 11926, 11946, 12117, 12374, 12451, 12500, 12547, 12607, 12631, 12827, 12834, 12974, 13009, 13164, 13203, 13518, 13601, 13674, 14016, 14138, 14179, 14344, 14527, 14599, 14763, 14798, 14862, 15020, 15173, 15193, 15224, 15481, 15670, 15939, 15989, 16286, 16385, 16432, 16636, 16750, 16828, 16844, 16867, 17001, 17028, 17130, 17163, 17205, 17269, 17270]",c7.vax__GARCIA_PINERES_PBMC_HPV_16_L1_VLP_AGE_18_25YO_2MO_DN
c7.vax,FULLER_PBMC_F_TULARENSIS_VACCINE_LVS_AGE_22_54YO_192HR_DN,prerank,0.607362322719435,1.9630238703242384,0.0,0.0011438278637275314,0.03,19_30,19/30,23.08%,CCL17;FCGR2B;FCGR2A;LAMP3;CCL20;FCER1A;ICAM1;FCER1G;CD74;FCGR3A;CD80;CCR1;TICAM1;PYCARD;CD209;IRAK1;CD58;CD68;CD44,CCL17;FCGR2B;FCGR2A;LAMP3;CCL20;FCER1A;ICAM1;FCER1G;CD74;FCGR3A;CD80;CCR1;TICAM1;PYCARD;CD209;IRAK1;CD58;CD68;CD44;TAP2;HSP90B1;CD83;DCSTAMP;B2M;SOD2;FAS;CCR7;CDC42;CCR6;CCL19,"[67, 180, 313, 404, 561, 722, 847, 857, 908, 954, 1256, 1907, 2008, 2517, 3094, 3238, 3647, 3896, 4043, 5067, 5669, 6688, 7417, 8759, 9365, 10342, 12666, 13775, 14555, 17102]",c7.vax__FULLER_PBMC_F_TULARENSIS_VACCINE_LVS_AGE_22_54YO_192HR_DN
c7.vax,HOWARD_DENDRITIC_CELL_INACT_MONOV_INFLUENZA_A_INDONESIA_05_2005_H5N1_AGE_18_49YO_1DY_UP,prerank,0.46021763528980636,1.9587696850718097,0.0,0.0012340221755626772,0.034,55_140,55/140,14.07%,SLC6A12;MT2A;S100A8;SOCS3;ANKRD22;IRF7;CASP7;C1QC;NCF1;STAB1;C1QB;BATF;APOL1;FFAR2;MUC1;AANAT;CFB;IRF1;HLX;FCGR1A;PLAC8;IFITM1;CD7;SLC2A3;PIM1;TMPRSS3;TYMP;PFKP;APOL4;SAMD4A;TGM2;STOM;DTX3L;SCO2;VAMP5;SLAMF8;CD40;CXCL10;AK4;DLL1;TIFA;CCR1;C2;TAP1;LHFPL2;PLSCR1;CD274;NLRC5;CEACAM21;APOL2;MSR1;SERPING1;KIAA0040;XKR8;TFEC,SLC6A12;MT2A;S100A8;SOCS3;ANKRD22;IRF7;CASP7;C1QC;NCF1;STAB1;C1QB;BATF;APOL1;FFAR2;MUC1;AANAT;CFB;IRF1;HLX;FCGR1A;PLAC8;IFITM1;CD7;SLC2A3;PIM1;TMPRSS3;TYMP;PFKP;APOL4;SAMD4A;TGM2;STOM;DTX3L;SCO2;VAMP5;SLAMF8;CD40;CXCL10;AK4;DLL1;TIFA;CCR1;C2;TAP1;LHFPL2;PLSCR1;CD274;NLRC5;CEACAM21;APOL2;MSR1;SERPING1;KIAA0040;XKR8;TFEC;ISG20;GBP3;BATF2;C5orf58;GAS6;NGFR;RHOBTB3;RUFY4;PARP9;GBP2;LDLR;FBXO6;ATF3;UBE2L6;GBP5;AIM2;USP18;HAPLN3;ISG15;TAP2;PSME2;GBP4;KLHDC7B;APOL3;GBP1;SIGLEC11;FRMD3;ETV7;HERC5;IFI35;FCRL6;XAF1;LGALS3BP;PRRT2;KREMEN1;CDCP1;CUL1;SMTNL1;IFIT1;PARP14;DYSF;PSMB9;SDC3;L3MBTL4;OAS3;MYO7B;LMNB1;RNF213;EID3;SLC12A8;SAMD9L;LAP3;ADAM19;IFIT2;ZBP1;CACNA1A;ASAP2;CCND1;IFI6;KIR3DX1;STAMBPL1;SLAMF7;IFIT3;EPSTI1;CMPK2;EIF4E3;RASGRP3;TNFSF10;PTK2;APOL6;EXOC3L1;SLC31A2;STAT1;AMIGO2;ENPP2;PLEKHH1;NEXN;DDX60;CD226;EGR3;IFI44;ALDH1A1;IFI44L;CD38;PLCXD2,"[95, 145, 157, 158, 162, 229, 263, 280, 306, 357, 399, 521, 629, 655, 723, 724, 742, 753, 799, 808, 834, 842, 912, 935, 991, 1169, 1187, 1271, 1285, 1352, 1442, 1517, 1525, 1609, 1610, 1625, 1644, 1647, 1740, 1813, 1873, 1907, 1909, 1919, 1956, 1987, 2015, 2076, 2097, 2156, 2162, 2181, 2331, 2359, 2463, 2691, 2747, 2906, 3072, 3078, 3192, 3366, 3479, 3488, 4039, 4047, 4239, 4249, 4279, 4474, 4484, 4553, 4585, 4942, 5067, 5113, 5220, 5226, 5545, 5727, 5734, 6041, 6098, 6159, 6730, 6857, 7088, 7121, 7137, 7294, 7319, 7730, 8042, 8117, 8234, 8282, 8351, 9841, 10045, 10622, 10903, 11024, 11412, 11665, 11705, 12091, 12648, 12696, 12748, 13120, 13264, 13270, 13458, 14097, 14196, 14245, 14391, 14434, 14518, 14841, 14949, 15119, 15232, 15420, 15564, 15806, 16016, 16067, 16113, 16259, 16364, 16482, 16525, 16551, 16690, 16698, 17233, 17246, 17344, 17438]",c7.vax__HOWARD_DENDRITIC_CELL_INACT_MONOV_INFLUENZA_A_INDONESIA_05_2005_H5N1_AGE_18_49YO_1DY_UP
c7.vax,FLETCHER_PBMC_BCG_10W_INFANT_PPD_STIMULATED_VS_UNSTIMULATED_10W_DN,prerank,0.44022834819389695,1.945970926892744,0.0,0.0014831260308781245,0.042,66_171,66/171,20.16%,IL1R2;CARD9;HK3;S100A4;STAB1;HMOX1;C5AR1;PLIN2;LYZ;PDGFRB;MRAS;HSD3B7;FCGRT;IL1RN;MMP19;CD86;CD52;SMCO4;TSPO;CSF1R;CD33;ITGAM;CD151;S100A6;CAPN2;GRN;KIAA0930;RGCC;VIM;S100A10;SLAMF8;EMP1;CTSS;RHOC;GPC4;CCR1;VWF;LHFPL2;SERPINE1;PLBD1;SPHK1;CCR5;GPNMB;HCST;ZNF366;SLC1A3;DHRS9;NPL;FCN1;FTL;CA2;LRP1;IL13RA1;CD63;FLVCR2;ABCC3;PACSIN2;TKTL1;CEBPA;HAVCR2;FHL3;FPR3;LRP3;PPARG;CLIP2;MGST1,IL1R2;CARD9;HK3;S100A4;STAB1;HMOX1;C5AR1;PLIN2;LYZ;PDGFRB;MRAS;HSD3B7;FCGRT;IL1RN;MMP19;CD86;CD52;SMCO4;TSPO;CSF1R;CD33;ITGAM;CD151;S100A6;CAPN2;GRN;KIAA0930;RGCC;VIM;S100A10;SLAMF8;EMP1;CTSS;RHOC;GPC4;CCR1;VWF;LHFPL2;SERPINE1;PLBD1;SPHK1;CCR5;GPNMB;HCST;ZNF366;SLC1A3;DHRS9;NPL;FCN1;FTL;CA2;LRP1;IL13RA1;CD63;FLVCR2;ABCC3;PACSIN2;TKTL1;CEBPA;HAVCR2;FHL3;FPR3;LRP3;PPARG;CLIP2;MGST1;AVPI1;APOC1;APOE;MFSD12;RPS6KA1;TNS3;C1orf54;SIRPA;RAB34;CTSD;IGF2R;LMNA;ANXA1;SPP1;SLC27A3;CYFIP1;OTOA;MYOF;ENG;GSN;ANXA11;TMBIM1;IGSF6;NEK6;LGALS3;FAM20C;CTSB;PLXDC2;SDCBP;SLC38A6;AIF1;SLC1A4;CST3;NLRC4;HTRA1;THEMIS2;G6PD;PTGS1;SLC37A2;SPRY2;DAB2;CAMK1;FGL2;FBP1;SLC17A5;FKBP1A;SLC7A8;RNF130;DCSTAMP;ABCG1;PI4K2A;MPP1;GLA;ALDH3B1;IFI30;KCNE3;ZMIZ1;SLCO3A1;MITF;ANXA4;SPRED1;MNDA;LIMS1;FLRT2;LPL;ASPHD1;IGF2BP2;ICAM5;TIMP2;FABP4;HEXB;DPYSL2;CORO1C;INF2;DAGLA;VWA5A;NCEH1;TGFBI;PAPSS1;GLIPR1;SLC44A1;SPINT1;ASAH1;ATP6AP2;TNFRSF21;CYB5R4;SDSL;KLF9;SLC31A1;ME1;ATP6V1A;ALDH1A2;CST6;ALCAM;CD9;GCLC;PLBD2;SCARB2;SLC31A2;RNASE1;GLIPR2;TM4SF19;GREM1;EGR2;CD36,"[33, 147, 202, 245, 357, 444, 497, 537, 574, 646, 651, 670, 743, 793, 809, 827, 830, 886, 915, 973, 998, 1038, 1260, 1299, 1314, 1328, 1347, 1356, 1399, 1551, 1625, 1664, 1687, 1711, 1903, 1907, 1921, 1956, 1969, 2305, 2315, 2393, 2421, 2483, 2521, 2685, 2751, 2943, 2968, 3009, 3033, 3045, 3069, 3076, 3109, 3146, 3187, 3190, 3219, 3229, 3248, 3317, 3325, 3389, 3456, 3531, 3706, 3747, 3783, 4024, 4277, 4409, 4434, 4625, 4638, 4656, 4804, 4905, 5053, 5115, 5191, 5202, 5208, 5210, 5298, 5373, 5417, 5447, 5466, 5536, 5562, 5594, 5660, 5843, 5990, 6080, 6152, 6227, 6273, 6386, 6398, 6467, 6615, 6627, 6718, 6728, 6756, 6826, 6896, 7002, 7161, 7174, 7237, 7244, 7417, 7448, 7546, 7580, 7624, 7817, 7978, 7981, 8160, 8343, 8468, 8894, 9042, 9168, 9243, 9561, 9605, 9788, 9793, 9817, 9874, 9876, 10217, 10305, 10359, 10573, 10618, 11486, 11501, 11627, 11857, 11881, 11908, 11943, 11946, 12688, 12698, 12922, 13055, 13542, 13717, 13863, 13883, 14172, 14283, 14739, 15173, 15499, 15656, 15918, 16016, 16286, 16626, 17177, 17275, 17423, 17499]",c7.vax__FLETCHER_PBMC_BCG_10W_INFANT_PPD_STIMULATED_VS_UNSTIMULATED_10W_DN
c7.vax,HOEK_PBMC_INACTIVATED_INFLUENZA_ADULT_7DY_DN,prerank,0.7129248966767759,1.9355343020737135,0.0,0.0016878722766054857,0.049,11_15,11/15,21.01%,ADM;ANKRD22;KCNJ15;RAB20;CDKN1A;C2;MXD1;THBD;BATF2;OSM;ZMYND15,ADM;ANKRD22;KCNJ15;RAB20;CDKN1A;C2;MXD1;THBD;BATF2;OSM;ZMYND15;EPB41L4A;SDC3;EREG;HBEGF,"[159, 162, 311, 698, 715, 1909, 2544, 2546, 2906, 3455, 3680, 9485, 9841, 11223, 12920]",c7.vax__HOEK_PBMC_INACTIVATED_INFLUENZA_ADULT_7DY_DN
c7.vax,HOEK_MYELOID_DENDRITIC_CELL_2011_2012_TIV_ADULT_1DY_UP,prerank,0.6347390169486119,1.927883748965656,0.0,0.001917141594177731,0.057,9_21,9/21,5.97%,S100A12;GZMM;STAB1;F13A1;RNASE2;FCGR1A;CD163;ID3;ALOX5AP,S100A12;GZMM;STAB1;F13A1;RNASE2;FCGR1A;CD163;ID3;ALOX5AP;RARG;EPHB3;CCL3;EMB;FUNDC1;CPED1;P2RY12;DEPTOR;ZNF253;NBPF15;GNAI1;CD69,"[11, 341, 357, 631, 667, 808, 818, 956, 1045, 1922, 6906, 7409, 8429, 9289, 12310, 13973, 14184, 15734, 15771, 16238, 16391]",c7.vax__HOEK_MYELOID_DENDRITIC_CELL_2011_2012_TIV_ADULT_1DY_UP
c7.vax,SCHERER_PBMC_APSV_WETVAX_AGE_18_40YO_5_TO_7DY_UP,prerank,0.6252861085408827,1.9178232425271373,0.0,0.0021694325710329286,0.065,11_24,11/24,9.39%,IRF7;C3AR1;C1QB;TNFRSF1B;LILRA2;APOL1;IRF1;HLA-DRA;HLA-DPB1;CES1;CD40,IRF7;C3AR1;C1QB;TNFRSF1B;LILRA2;APOL1;IRF1;HLA-DRA;HLA-DPB1;CES1;CD40;LIMK2;ZNF671;IRF2;TJP2;ATOX1;SORT1;GLS;NFX1;FN1;SPTLC2;CAMK2D;SLC8A1;ALDH1A1,"[229, 349, 399, 525, 572, 629, 753, 855, 1268, 1470, 1644, 2754, 4632, 5196, 5751, 8098, 9986, 10601, 12227, 12440, 12443, 13921, 15392, 17233]",c7.vax__SCHERER_PBMC_APSV_WETVAX_AGE_18_40YO_5_TO_7DY_UP
c7.vax,NAKAYA_PBMC_FLUMIST_AGE_18_50YO_7DY_IFN_SUBSET_UP,prerank,0.5750549582122682,1.9110563753453902,0.0,0.002208795994914708,0.068,17_33,17/33,18.06%,C3AR1;ITGB2;IRF8;ICAM2;IRAK3;CSF1R;IL6R;ITGAL;IRF3;BCL2;PTPN6;IL27RA;JUN;HDAC1;STAT6;CREBBP;IKBKB,C3AR1;ITGB2;IRF8;ICAM2;IRAK3;CSF1R;IL6R;ITGAL;IRF3;BCL2;PTPN6;IL27RA;JUN;HDAC1;STAT6;CREBBP;IKBKB;TRADD;IFI16;CD244;UBA7;KAT2B;TP53;HDAC2;MAP3K7;DNAJA3;APOBEC3G;SMARCA4;EIF2S1;ERAP1;MAVS;AZI2;ITGA4,"[349, 507, 613, 640, 950, 973, 1632, 1702, 1781, 1935, 2040, 2078, 2405, 2627, 2660, 3077, 3163, 3997, 4346, 7682, 8446, 8615, 8757, 8857, 9199, 9245, 11087, 11525, 11948, 12354, 12697, 15934, 16938]",c7.vax__NAKAYA_PBMC_FLUMIST_AGE_18_50YO_7DY_IFN_SUBSET_UP
c7.vax,HOEK_PBMC_INACTIVATED_INFLUENZA_ADULT_3DY_DN,prerank,0.7756794969490701,1.9131867238572782,0.002066115702479339,0.002221239916012819,0.067,5_10,5/10,8.09%,G0S2;FCGR3B;ADM;PER1;PI3,G0S2;FCGR3B;ADM;PER1;PI3;FPR3;NME7;KNDC1;EREG;HBEGF,"[1, 144, 159, 1212, 1416, 3317, 4252, 5344, 11223, 12920]",c7.vax__HOEK_PBMC_INACTIVATED_INFLUENZA_ADULT_3DY_DN
c7.vax,SCHERER_PBMC_APSV_WETVAX_AGE_18_32YO_50_TO_60DY_DN,prerank,0.43873823285336366,1.901307646677903,0.0,0.0025019460592452082,0.078,55_134,55/134,26.71%,HSPA1B;LAT;TLR5;TLR8;DOK2;C3AR1;FGR;ADORA2A;SPIB;LAIR1;ICAM2;FES;CCR2;CLU;SASH3;BCAT2;CSF1R;PIM1;DTX2;HYAL2;VAMP8;KIAA0930;ZNF692;CISH;RAB32;ASGR1;PIM3;PTPN6;MAPK11;CD79B;DAXX;CTSZ;CCT3;KEAP1;BCAP31;TLN1;BTN3A2;CEBPA;TWF2;OAS1;DYNLL1;DDX23;NUP62;BTN3A3;RGS3;GLB1;LMAN2;SLC25A20;TRIM21;NANS;TNFSF13;CCDC22;COMT;LASP1;CYP27A1,HSPA1B;LAT;TLR5;TLR8;DOK2;C3AR1;FGR;ADORA2A;SPIB;LAIR1;ICAM2;FES;CCR2;CLU;SASH3;BCAT2;CSF1R;PIM1;DTX2;HYAL2;VAMP8;KIAA0930;ZNF692;CISH;RAB32;ASGR1;PIM3;PTPN6;MAPK11;CD79B;DAXX;CTSZ;CCT3;KEAP1;BCAP31;TLN1;BTN3A2;CEBPA;TWF2;OAS1;DYNLL1;DDX23;NUP62;BTN3A3;RGS3;GLB1;LMAN2;SLC25A20;TRIM21;NANS;TNFSF13;CCDC22;COMT;LASP1;CYP27A1;VPS72;ING4;LARP4;ECHS1;APOL3;CISD3;UROD;EIF2B2;NUBP1;OPRL1;CTTN;MCRS1;SRCAP;TM9SF1;KCNH2;MYBPH;SPOP;FGL2;SEPHS1;RBM4;FBP1;EDC4;STYXL1;PTDSS1;RAB8A;FARSA;VGLL4;CX3CR1;MCM3;NFS1;PDGFA;CACNA2D3;HSPA8;KCNE3;CORO1A;KIF3C;HSD17B4;PUF60;RGS14;PRPF6;RPA2;KAT5;PPP1R11;PRMT5;VPS45;SRSF5;SH2D3C;GOSR2;METTL13;NUDT2;VIPAS39;FKBP15;UTP14A;ASH2L;VPS35;ATP6V1E1;ZNF154;CD300LF;ATP6V1C1;VCL;ATP6V1B2;CSNK2A1;HMGCL;NBR1;PAAF1;SUPT16H;SNRNP40;LPXN;HEXA;NIPSNAP1;PSEN1;ARRB1;TICAM2;TNFSF10;PDZK1;SLC31A2;GTF2H4;CD8B;ZNF226,"[7, 152, 160, 203, 247, 349, 382, 456, 547, 610, 640, 696, 711, 751, 758, 938, 973, 991, 1044, 1134, 1175, 1347, 1363, 1417, 1670, 1698, 1911, 2040, 2200, 2306, 2350, 2634, 2859, 2954, 3036, 3068, 3099, 3219, 3468, 3619, 3652, 3857, 3909, 3924, 3966, 4038, 4188, 4310, 4452, 4505, 4642, 4650, 4655, 4676, 4678, 4799, 4830, 5218, 5529, 5545, 5671, 6105, 6169, 6229, 6289, 6390, 6457, 6510, 6646, 6715, 6734, 6867, 6896, 6954, 6981, 7002, 7112, 7206, 7286, 7330, 7402, 7405, 7438, 7471, 7507, 7605, 7780, 7892, 7981, 8030, 8124, 8214, 8435, 8633, 9105, 9373, 9382, 9504, 9589, 9892, 10578, 10696, 10808, 10830, 11094, 11162, 11210, 11462, 11678, 11933, 11934, 11979, 11980, 12279, 12508, 12573, 12732, 12895, 12927, 13089, 13381, 13545, 13923, 14133, 14270, 14594, 14689, 14963, 15232, 15635, 16016, 16094, 16145, 16980]",c7.vax__SCHERER_PBMC_APSV_WETVAX_AGE_18_32YO_50_TO_60DY_DN
c7.vax,THAKAR_PBMC_INACTIVATED_INFLUENZA_AGE_70PLS_NONRESPONDER_2DY_DN,prerank,0.4398294307382449,1.8997800828282898,0.0,0.0025146112256748893,0.079,62_131,62/131,26.20%,BCL3;RUNX3;FGR;ITGB2;TNFRSF1B;SLC26A6;SLC3A2;IRF1;GADD45B;LGALS9;C15orf39;CD86;TSPO;RFNG;CSF1R;CD33;RNASET2;TRIM8;NACC2;ZNF467;PNPLA6;IMPDH1;GRN;CXCL16;CLCN7;DOCK2;PIM3;PLSCR1;NINJ1;TYK2;PIEZO1;ALDH2;PFKFB3;RCC2;LILRA6;MILR1;OAF;CD300C;C1orf162;ZNF598;HCFC1;LRP3;ZDHHC7;TPD52L2;CDC37;ALDOA;SPG21;MYH9;ULK1;PPM1F;BTBD2;CNPY3;ZYX;RAPGEF1;BHLHE40;CENPB;ANXA5;TNS3;ARRDC3;ATF5;LZTR1;LILRA3,BCL3;RUNX3;FGR;ITGB2;TNFRSF1B;SLC26A6;SLC3A2;IRF1;GADD45B;LGALS9;C15orf39;CD86;TSPO;RFNG;CSF1R;CD33;RNASET2;TRIM8;NACC2;ZNF467;PNPLA6;IMPDH1;GRN;CXCL16;CLCN7;DOCK2;PIM3;PLSCR1;NINJ1;TYK2;PIEZO1;ALDH2;PFKFB3;RCC2;LILRA6;MILR1;OAF;CD300C;C1orf162;ZNF598;HCFC1;LRP3;ZDHHC7;TPD52L2;CDC37;ALDOA;SPG21;MYH9;ULK1;PPM1F;BTBD2;CNPY3;ZYX;RAPGEF1;BHLHE40;CENPB;ANXA5;TNS3;ARRDC3;ATF5;LZTR1;LILRA3;KHSRP;SLC25A28;GMEB2;NSMF;RNPEP;MYOF;ADAP1;FAM156A;CRTAP;CARM1;TOM1;ZNF296;MAPKAPK3;CLEC16A;ADAP2;ABR;SRF;NCLN;NUAK2;SLC2A6;SNX27;STK25;FBP1;GRAMD4;CBX4;JMJD8;ACSS2;SLC9A1;ADAM15;PSAP;ZMIZ1;RHOG;JARID2;CTNNA1;ATP6AP1;WWP2;RAB40C;SLC43A2;GNAQ;KDM2B;ATP6V0A1;CDC42EP3;CHST13;CMIP;ZNF362;ALOX5;NCSTN;BCKDK;CCNY;HNRNPH2;ALAD;DAZAP2;CALM3;MPEG1;TGOLN2;CUEDC1;KLF11;DENND5A;CREG1;AP1S2;TBC1D2;FUT4;KLF10;DMXL2;C9orf72;CES2;GAS7;CIRBP;ALDH1A1,"[332, 371, 382, 507, 525, 604, 634, 753, 762, 764, 805, 827, 915, 948, 973, 998, 1017, 1032, 1082, 1206, 1266, 1304, 1328, 1455, 1734, 1779, 1911, 1987, 2130, 2267, 2383, 2440, 2535, 2537, 2643, 2672, 3026, 3067, 3183, 3225, 3292, 3325, 3435, 3490, 3505, 3593, 3604, 3676, 3841, 3842, 3882, 3957, 4017, 4127, 4265, 4298, 4406, 4409, 4477, 4489, 4587, 4588, 4842, 4944, 4979, 5074, 5129, 5210, 5243, 5356, 5379, 5421, 5664, 5731, 5929, 6085, 6130, 6293, 6318, 6334, 6412, 6672, 6776, 6820, 7002, 7185, 7481, 7581, 7712, 7857, 8067, 8082, 8160, 8233, 8284, 8375, 8518, 8519, 8605, 8660, 9500, 9947, 9981, 10042, 10177, 10187, 10232, 10750, 10781, 11359, 11450, 12060, 12238, 12706, 12877, 12924, 12930, 13019, 13024, 13763, 14117, 14311, 14507, 15348, 15725, 15728, 15926, 16144, 16432, 17093, 17233]",c7.vax__THAKAR_PBMC_INACTIVATED_INFLUENZA_AGE_70PLS_NONRESPONDER_2DY_DN
c7.vax,NAKAYA_PBMC_FLUMIST_AGE_18_50YO_3DY_IFN_SUBSET_UP,prerank,0.5776541583544962,1.8932953137839839,0.0,0.0025855702726075144,0.083,12_31,12/31,12.07%,TLR8;IRF7;CASP1;CIITA;CD86;CD14;IRF5;TLR7;UNC93B1;PLSCR1;TRIM22;IL10RB,TLR8;IRF7;CASP1;CIITA;CD86;CD14;IRF5;TLR7;UNC93B1;PLSCR1;TRIM22;IL10RB;TNFSF13B;MYD88;OAS1;MX2;TNFSF13;CTSB;IFI35;XAF1;PSMB10;MX1;PSMB9;JAK2;STAT2;SMURF2;OAS3;OAS2;TICAM2;TNFSF10;STAT1,"[203, 229, 580, 815, 827, 1238, 1337, 1546, 1894, 1987, 2064, 2113, 3052, 3306, 3619, 4368, 4642, 5660, 6730, 7088, 8058, 8341, 8351, 8819, 9251, 10097, 10622, 12167, 14963, 15232, 16067]",c7.vax__NAKAYA_PBMC_FLUMIST_AGE_18_50YO_3DY_IFN_SUBSET_UP
c7.vax,WEINBERGER_BLOOD_TWINRIX_AGE_20_40_AND_60_84YO_CORRELATED_WITH_ANTI_HBS_CONC_PRIMARY_VACC_1DY_SIGNIFICANT,prerank,0.5667483404144205,1.8698069782430258,0.003913894324853229,0.0033174362382009637,0.105,16_32,16/32,8.88%,NLRP4;TNFRSF1A;TNFRSF1B;TLR9;TGFB1;CXCL9;IL6;BPI;GATA3;MARCO;IL9;IL7R;CD14;CISH;TNF;CD3E,NLRP4;TNFRSF1A;TNFRSF1B;TLR9;TGFB1;CXCL9;IL6;BPI;GATA3;MARCO;IL9;IL7R;CD14;CISH;TNF;CD3E;NLRP12;TNIP1;NLRP2;NLRP1;IFI35;IL22RA1;TLR3;CD19;IFIT5;RAB33A;IFI6;SLAMF7;STAT1;CCL19;IFI44L;GZMA,"[422, 465, 525, 658, 664, 692, 719, 720, 951, 977, 995, 1012, 1238, 1417, 1526, 1555, 2620, 3521, 3806, 4228, 6730, 7534, 10466, 11727, 12020, 13565, 14097, 14391, 16067, 17102, 17246, 17331]",c7.vax__WEINBERGER_BLOOD_TWINRIX_AGE_20_40_AND_60_84YO_CORRELATED_WITH_ANTI_HBS_CONC_PRIMARY_VACC_1DY_SIGNIFICANT
c7.vax,OSMAN_BLOOD_CHAD63_KH_AGE_18_50YO_HIGH_DOSE_SUBJECTS_24HR_UP,prerank,0.3435741243129369,1.8626714683640455,0.0,0.0036548462903782356,0.114,477_1622,477/1622,19.92%,HSPA6;HSPA1A;HSPA1B;HSPB9;MLKL;PLEKHN1;SLC6A12;RHBDF2;NFKB2;MS4A6A;CXCR1;FCGR3B;MT2A;KLHL6;ADM;ANKRD22;MICB;FCGR2B;C1QA;HK3;TLR8;CLEC2B;IRF7;CLEC4E;TMEM150B;UBQLNL;CASP7;IL2RG;SH3TC1;ZC3H12A;MPZL2;FAM20A;PLAUR;NCF1;NFIL3;KCNJ15;FCGR2A;LILRA5;SNX20;BCL3;C3AR1;LIF;STAB1;LAT2;FGR;EMP3;SCIN;CASP4;C1QB;ACSM1;LAMP3;SERTAD1;SLC6A13;SLC43A3;TCIRG1;NFKBIA;HMOX1;SERPINA1;CEBPB;TNFRSF1A;RBM47;CYBA;LILRB1;TLR2;SOWAHD;CXCL11;PRRG4;TNFRSF1B;MTHFD2;FZD2;MS4A14;STX11;C3;HLA-DRB1;SBNO2;LYZ;IL27;CASP1;IL15RA;IRF8;GPR84;GSDMD;NOD2;APOL1;DEDD2;IFITM2;CCL2;ICAM2;STARD8;FFAR2;TYROBP;FOXC1;FGD2;RNASE2;GALM;LTBR;CXCL9;RAB20;PRKD2;CCR2;CDKN1A;MUC1;SLA;CFB;IRF1;SASH3;GADD45B;LGALS9;LILRB3;TRIM5;IL1RN;CTRL;LINC00528;HLX;ELF4;C15orf39;MEFV;FCGR1A;CD300A;CIITA;CD163;RAB24;NFAM1;CD86;CLEC1A;PLAC8;TTC38;VASP;IFITM1;ICAM1;CSF3R;HLA-DRA;FCER1G;FOLR2;SMCO4;ADAMTSL4;LCP1;CD74;HLA-DMB;ASPRV1;SELL;SIK1;APOBEC3A;FCGR3A;ARPC1B;IFITM3;CSF1R;SLC15A3;MARCO;CD33;APOBR;ITPRIPL2;SASH1;DOK1;LATS2;SRGN;TRPV4;FOXL2;CLIC1;IER5;TYMP;SLC16A3;DNAJA1;PLSCR2;CD14;LILRB5;IRAK2;ITPRIP;GPS2;HLA-DPB1;PFKP;SECTM1;GPBAR1;APOL4;HHEX;CAPN2;ACSL5;ZDHHC18;KPTN;GRN;TNFAIP3;GBP6;IRF5;KIAA0930;ANXA3;SAMD4A;TLDC2;CARD6;MOB3C;KLF4;TGM2;ATP1A4;CXCL16;ECE1;CES1;PUS3;KIF1C;DEFB1;MGAT1;PTPRU;DDAH2;STOM;DTX3L;TNF;LIPM;SIGLEC14;PTTG1IP;ANXA2;TLR7;OSMR;MCL1;SMARCD3;CLASRP;SLFN11;SLC7A7;SCO2;VAMP5;CLEC5A;MS4A4A;SLAMF8;NFKBIZ;CD40;CXCL10;CASP5;SCARF1;EMP1;BID;RBMS2;GIMAP2;PRCP;JSRP1;CTSS;RGS19;ASGR1;CCDC154;ABHD3;HLA-DMA;CSRNP1;ZBTB7B;CLCN7;AK4;CYTH4;SOCS1;LAG3;ARHGAP31;SAMHD1;MOV10;EMILIN2;EHBP1L1;BTK;BRI3;BST2;ZFP36;ABCD1;TIFA;LILRB2;OGFR;UNC93B1;KLF5;CCR1;C2;TGIF2;STARD3;HCK;NADK;HLA-DPA1;TAP1;RNF135;SCAMP2;LHFPL2;TSPAN17;TIMELESS;ADCY4;PLSCR1;STAC3;TNFAIP6;CYSTM1;CD274;CD59;POLDIP3;MICA;TGM1;SAT1;LSM10;KIAA1958;MAP3K8;PTPN6;CCDC9;ARL11;PLEKHO2;PPP4C;TRIM22;NHSL1;ABCA1;IER2;NLRC5;HSPA5;MS4A7;CHSY1;GIMAP6;DRAM1;CAPG;PML;VAV1;NINJ1;PLEKHM2;ASGR2;FPR2;ATP6V0E1;APOL2;MSR1;SAT2;CD53;SH2B2;SERPING1;PMAIP1;CARD16;MAX;BIN3;P2RX7;KLHDC8B;SERTAD3;TBC1D2B;ZC3HAV1;SIGLEC1;PLEKHO1;ORAI2;SPHK1;RHOQ;MIIP;KIAA0040;SLC5A9;KIF5B;GIMAP4;HELZ2;ATP1B3;FLI1;PTPRC;PLIN3;ALDH2;PLSCR4;GAK;GNA13;TFEC;PLEK;ESRRA;ZNF438;RANGAP1;PYCARD;ZNF366;RCC2;GPX1;MXD1;IFNGR2;DPP3;CDC42EP4;PLXNB2;CHGA;CTSH;AP2S1;CTSZ;LILRA6;IL1B;C14orf93;MFSD2A;ATG16L2;MILR1;PARP10;WDR45;COL8A2;BIN2;SRC;SLC1A3;LGALS1;SZRD1;ISG20;GNB2;SP100;COA6;SLC25A30;MXD3;RIPK3;GBP3;STX10;DHRS9;LIMK2;NPC2;TMEM51;VPS9D1;RGS1;ADPRH;C2orf66;BRMS1;IL4I1;COTL1;GLUL;NABP1;BATF2;HLA-E;LAPTM4A;ATP6V1C2;DUSP1;TLR4;PIK3AP1;FCN1;HIGD2A;TAF8;AOAH;FTL;CARS2;ARRB2;NTNG2;PSTPIP2;JUND;TNFSF13B;TMEM219;MITD1;CD300C;IL13RA1;C5orf58;RRAS;GAS6;CREM;CD209;BTN3A2;DOCK8;FLVCR2;RIN2;REC8;AFF1;CTSA;NCF2;SH3BP2;IRF9;KYNU;C1orf162;NGFR;FAP;HAVCR2;DISC1;ABTB2;GIMAP8;EVI2B;ISOC2;HLA-B;LCP2;SP140L;STK40;MYD88;IFI27;DAPP1;RERE;NME8;TRIM26;PFKFB4;TNK2;CASP10;MYL12A;SLC51A;NOD1;CMTM6;BAZ1A;FLOT1;FFAR3;SSTR3;VDR;OSM;P2RY14;TMEM60;NCKAP1L;EGLN1;PHF23;ASCL2;FBXO39;RUFY4;TMOD3;PARP9,HSPA6;HSPA1A;HSPA1B;HSPB9;MLKL;PLEKHN1;SLC6A12;RHBDF2;NFKB2;MS4A6A;CXCR1;FCGR3B;MT2A;KLHL6;ADM;ANKRD22;MICB;FCGR2B;C1QA;HK3;TLR8;CLEC2B;IRF7;CLEC4E;TMEM150B;UBQLNL;CASP7;IL2RG;SH3TC1;ZC3H12A;MPZL2;FAM20A;PLAUR;NCF1;NFIL3;KCNJ15;FCGR2A;LILRA5;SNX20;BCL3;C3AR1;LIF;STAB1;LAT2;FGR;EMP3;SCIN;CASP4;C1QB;ACSM1;LAMP3;SERTAD1;SLC6A13;SLC43A3;TCIRG1;NFKBIA;HMOX1;SERPINA1;CEBPB;TNFRSF1A;RBM47;CYBA;LILRB1;TLR2;SOWAHD;CXCL11;PRRG4;TNFRSF1B;MTHFD2;FZD2;MS4A14;STX11;C3;HLA-DRB1;SBNO2;LYZ;IL27;CASP1;IL15RA;IRF8;GPR84;GSDMD;NOD2;APOL1;DEDD2;IFITM2;CCL2;ICAM2;STARD8;FFAR2;TYROBP;FOXC1;FGD2;RNASE2;GALM;LTBR;CXCL9;RAB20;PRKD2;CCR2;CDKN1A;MUC1;SLA;CFB;IRF1;SASH3;GADD45B;LGALS9;LILRB3;TRIM5;IL1RN;CTRL;LINC00528;HLX;ELF4;C15orf39;MEFV;FCGR1A;CD300A;CIITA;CD163;RAB24;NFAM1;CD86;CLEC1A;PLAC8;TTC38;VASP;IFITM1;ICAM1;CSF3R;HLA-DRA;FCER1G;FOLR2;SMCO4;ADAMTSL4;LCP1;CD74;HLA-DMB;ASPRV1;SELL;SIK1;APOBEC3A;FCGR3A;ARPC1B;IFITM3;CSF1R;SLC15A3;MARCO;CD33;APOBR;ITPRIPL2;SASH1;DOK1;LATS2;SRGN;TRPV4;FOXL2;CLIC1;IER5;TYMP;SLC16A3;DNAJA1;PLSCR2;CD14;LILRB5;IRAK2;ITPRIP;GPS2;HLA-DPB1;PFKP;SECTM1;GPBAR1;APOL4;HHEX;CAPN2;ACSL5;ZDHHC18;KPTN;GRN;TNFAIP3;GBP6;IRF5;KIAA0930;ANXA3;SAMD4A;TLDC2;CARD6;MOB3C;KLF4;TGM2;ATP1A4;CXCL16;ECE1;CES1;PUS3;KIF1C;DEFB1;MGAT1;PTPRU;DDAH2;STOM;DTX3L;TNF;LIPM;SIGLEC14;PTTG1IP;ANXA2;TLR7;OSMR;MCL1;SMARCD3;CLASRP;SLFN11;SLC7A7;SCO2;VAMP5;CLEC5A;MS4A4A;SLAMF8;NFKBIZ;CD40;CXCL10;CASP5;SCARF1;EMP1;BID;RBMS2;GIMAP2;PRCP;JSRP1;CTSS;RGS19;ASGR1;CCDC154;ABHD3;HLA-DMA;CSRNP1;ZBTB7B;CLCN7;AK4;CYTH4;SOCS1;LAG3;ARHGAP31;SAMHD1;MOV10;EMILIN2;EHBP1L1;BTK;BRI3;BST2;ZFP36;ABCD1;TIFA;LILRB2;OGFR;UNC93B1;KLF5;CCR1;C2;TGIF2;STARD3;HCK;NADK;HLA-DPA1;TAP1;RNF135;SCAMP2;LHFPL2;TSPAN17;TIMELESS;ADCY4;PLSCR1;STAC3;TNFAIP6;CYSTM1;CD274;CD59;POLDIP3;MICA;TGM1;SAT1;LSM10;KIAA1958;MAP3K8;PTPN6;CCDC9;ARL11;PLEKHO2;PPP4C;TRIM22;NHSL1;ABCA1;IER2;NLRC5;HSPA5;MS4A7;CHSY1;GIMAP6;DRAM1;CAPG;PML;VAV1;NINJ1;PLEKHM2;ASGR2;FPR2;ATP6V0E1;APOL2;MSR1;SAT2;CD53;SH2B2;SERPING1;PMAIP1;CARD16;MAX;BIN3;P2RX7;KLHDC8B;SERTAD3;TBC1D2B;ZC3HAV1;SIGLEC1;PLEKHO1;ORAI2;SPHK1;RHOQ;MIIP;KIAA0040;SLC5A9;KIF5B;GIMAP4;HELZ2;ATP1B3;FLI1;PTPRC;PLIN3;ALDH2;PLSCR4;GAK;GNA13;TFEC;PLEK;ESRRA;ZNF438;RANGAP1;PYCARD;ZNF366;RCC2;GPX1;MXD1;IFNGR2;DPP3;CDC42EP4;PLXNB2;CHGA;CTSH;AP2S1;CTSZ;LILRA6;IL1B;C14orf93;MFSD2A;ATG16L2;MILR1;PARP10;WDR45;COL8A2;BIN2;SRC;SLC1A3;LGALS1;SZRD1;ISG20;GNB2;SP100;COA6;SLC25A30;MXD3;RIPK3;GBP3;STX10;DHRS9;LIMK2;NPC2;TMEM51;VPS9D1;RGS1;ADPRH;C2orf66;BRMS1;IL4I1;COTL1;GLUL;NABP1;BATF2;HLA-E;LAPTM4A;ATP6V1C2;DUSP1;TLR4;PIK3AP1;FCN1;HIGD2A;TAF8;AOAH;FTL;CARS2;ARRB2;NTNG2;PSTPIP2;JUND;TNFSF13B;TMEM219;MITD1;CD300C;IL13RA1;C5orf58;RRAS;GAS6;CREM;CD209;BTN3A2;DOCK8;FLVCR2;RIN2;REC8;AFF1;CTSA;NCF2;SH3BP2;IRF9;KYNU;C1orf162;NGFR;FAP;HAVCR2;DISC1;ABTB2;GIMAP8;EVI2B;ISOC2;HLA-B;LCP2;SP140L;STK40;MYD88;IFI27;DAPP1;RERE;NME8;TRIM26;PFKFB4;TNK2;CASP10;MYL12A;SLC51A;NOD1;CMTM6;BAZ1A;FLOT1;FFAR3;SSTR3;VDR;OSM;P2RY14;TMEM60;NCKAP1L;EGLN1;PHF23;ASCL2;FBXO39;RUFY4;TMOD3;PARP9;UBE2F;IL17RC;YKT6;STAT3;TMX1;MFSD5;NMT1;HNRNPF;SPG21;ELF1;TCN2;RTN2;OAS1;TNFRSF14;ARHGAP27;GCH1;TMSB10;PSMB8;STAT5A;OS9;EFHD2;NOP10;IL15;CLK3;TREX1;CHMP1A;KDM2A;CCRL2;CCL25;RNF114;SLC39A1;TAPBP;ARHGEF10L;LMF2;CD68;NUP62;HLA-F;SRA1;BTN3A3;RBCK1;RPL28;TRIM56;ITPK1;TFE3;GNA15;RILPL2;CORO1B;PRDX1;GBP2;LDLR;RAB31;ALPK1;CARD8;RIPK1;EXOC3L4;TIPARP;GLRX;SQSTM1;SERPINB9;CSNK1G2;CALCOCO2;GNG5;SLC22A1;MSRB2;ATP10D;IDH1;FBXO6;ATF3;UBE2L6;PLAGL2;AURKAIP1;SEMA4A;TEP1;CCDC73;MTMR11;LY6E;IFI16;FGD6;NEU1;ZNF672;UBE2L3;MX2;GOLM1;ANXA5;TMEM106A;TNS3;JUP;TRIM21;CLEC7A;GBP5;AGRN;AIM2;ATF5;NANS;PNPT1;TOR1B;USP18;TBC1D1;CHRNB1;HBP1;HAPLN3;PKD2L1;TRAPPC3;CALR;DPF2;SP1;TPP1;TRIM25;PATL1;RIPK2;MAP3K5;KANSL1L;CREBRF;RARA;KCTD14;JAK3;RBM23;HIRA;SART1;MPZL1;NECAP2;TRIM27;TRIM69;LACTB;MSL3;P2RY6;PRELID1;HCAR2;FZD5;MOB1A;ISG15;SLC25A28;SNX11;MRPL44;ZCCHC2;MIDN;DPYS;HLA-C;TXNL4B;PANK2;SNN;TAP2;DCUN1D3;RNF217;NMI;STX4;PSME2;ARHGAP25;SLFN12;CHMP2A;CDH6;HTATIP2;SLC27A3;DYNLT1;NUCB1;IRF2;SLC52A2;CYFIP1;MYOF;TBC1D8;GBP4;KLHDC7B;GSTO1;CD300E;COX5B;CNIH4;HES4;ZDHHC19;SLITRK4;PEA15;CMKLR1;GSN;YIPF1;USF1;LMO4;C19orf38;RPS6KA4;IGSF6;SLC35A4;LILRB4;SIL1;SYCE3;DLC1;MTF1;RBM7;USP2;APOL3;NUB1;N4BP1;FAM20C;KCTD12;PLEKHA2;SLC44A2;TCF7L2;CLDN18;UBE2D3;CTSB;PSME1;TBC1D20;SYNGR2;CDH23;GBP1;SIGLEC11;FEM1C;TXNIP;NKIRAS2;JUNB;TJP2;C3orf38;ENDOU;AP3D1;PDIA6;STAU1;ZNRF2;SHISA5;PLXDC2;CYBB;CCDC149;MPDU1;B4GALT5;ERP29;MAPKAPK3;AAMP;LSP1;WDR64;KDM1B;GAB1;ILK;RAB39A;DRAP1;STK24;RNF24;SPSB1;PKN2;RNF149;FRMD3;RAB43;PSMD3;GPR65;ZNF618;SLC37A1;PBX2;MAFB;ETV7;CYP2J2;CDKN2D;ADAP2;ARPC4;DNAJC1;AIF1;UQCRC1;HERC5;CD1D;HSD17B11;TBC1D22A;CST3;SPATS2L;RALY;CYC1;RCN1;LYSMD2;MVB12A;TOPORS;HCG27;FCN2;NLRC4;HAUS4;EPHB1;SNAPIN;RHOT1;GRIPAP1;THEMIS2;TRIM34;PELI1;LPIN2;DNTTIP1;PHC2;PISD;OOSP1;COX6B1;GABARAP;BCL10;SERPINB1;TXN2;LYN;BACH1;DHX58;PTK2B;SNF8;LIFR;ADCY7;SIGLEC5;SH2B3;TRIM6;PIWIL4;SLC2A6;GCNT2;DENND1A;SLC37A2;C19orf12;IFI35;EHD4;GTF2F1;ABI1;ST3GAL2;NAGK;CFP;USP19;PSMB3;ARF1;FGL2;CFLAR;PEF1;ETV6;UBE2Z;EIF5A;CPVL;LOXL3;PSMB4;ABHD16A;TIMM17B;HLA-A;IFIH1;OTUD5;DNAJB12;XAF1;GPD2;DEK;MORC3;PDLIM5;DCLRE1C;SMAD1;LGALS3BP;ARL5B;SMIM10;COPE;SOBP;STYXL1;TMEM179B;MANBAL;MAP3K11;IDH3G;HADHB;ATP6V1G1;KREMEN1;CYB561;TNFAIP2;BAZ2A;AP1M2;RAB8A;MSRB1;ASPHD2;HEBP1;LIMK1;TLE4;TOP1;PDIA3;INTS3;NDUFB6;TMEM164;NAPA;RCSD1;IL17RD;RELB;DERL1;SH3GLB1;PDCD1LG2;GTF2B;POMP;MED13;LILRA1;MR1;SNX17;MDK;MAPK14;CHST7;ZDHHC5;PHLPP1;OSBPL5;MRPL17;AKAP13;TAF10;UBR2;GLA;TM9SF4;MAP2K6;MIER1;MTMR14;GYG1;RBBP6;FAM91A1;APOBEC3F;AMBRA1;CUL1;PSMA4;STK32B;GAS8;COPZ1;FAM72C;PHF11;SHOX2;ACTR1A;GSTK1;GPBP1;DTNBP1;EPAS1;BTN2A2;HSPA8;CSF2RB;DBF4B;KBTBD2;TDRD7;PPM1K;SEC24D;IFI30;KCNE3;MRPL16;PSENEN;RASSF5;PARP12;KIAA0319L;USPL1;SMTNL1;DNAJC7;PSMB10;HERPUD2;NAGA;RP2;PPL;RELT;PSAP;UBE2S;SAMD9;IFIT1;ATP6V0D1;DCBLD1;MBD2;APOBEC3C;PHACTR2;DNPEP;TRIM38;KCTD5;HIF1A;DECR1;NUDT16;STK3;RNF185;PTGR1;RHOG;PARP14;PCK2;TMUB2;BLVRA;ACOT9;DYSF;SNTB1;CHMP4B;UBN1;MX1;PSMB9;NFKBIE;XRN1;BAK1;CTNNA1;STOML1;SSB;UBA7;DDX3X;FIG4;NDC80;CAST;AKIRIN2;SFT2D1;TPM3;SP110;ZSWIM6;GTPBP2;METTL4;DNAJB11;FANCA;MAD2L1BP;ZNF267;PSMA2;NIPSNAP3A;SLC43A2;AMER1;ATXN7L3;HSH2D;RNF144A;XPNPEP1;B2M;MARCKS;PRKAG2;AIDA;JAK2;ZNFX1;ROGDI;CDKN1C;SPPL2A;MVP;USP42;ARPC3;ANXA4;PIM2;EWSR1;TMEM123;KCNJ2;BRCA2;APOBEC3B;NXT2;NT5C2;CEP164;TFG;FIBP;PCGF5;ACO1;NAMPT;MPV17L2;MNDA;HLA-G;GNS;SAP18;CD2AP;LRRC59;NCOA3;SCYL2;PPTC7;RAB10;DNAAF1;STAT2;BROX;CCDC97;LARP1;RB1;TLR1;MAT2B;SUPT4H1;SFT2D2;SCUBE2;LGALS8;SLC26A8;LLPH;TRIM14;RAB8B;XIAP;SNX2;N4BP2L1;ACSL1;SOD2;RAB33B;KAT5;COMMD9;ADAR;HK1;NUP205;RAB5C;COPG1;USP30;SH3BGRL;SLC25A24;VRK3;PPP1R11;CNDP2;OSTM1;LPP;PRMT5;SHOC2;FAM111A;UBFD1;PRKCD;UBE2J1;POLA2;STAM2;CPEB3;EIF2AK2;RAB1A;NSL1;RHBDL2;MIA3;CNTD1;MICU1;PLA2G4A;RAC1;DCAF11;SIPA1L1;AKR1A1;CDC73;SDC3;DESI1;PIP5K1A;PDK3;VCPIP1;LAMP2;PRPF40A;BMPR2;RAB3GAP1;TMEM50A;PRPF4;SORT1;PARP4;RNASEL;TPMT;TXLNB;SCPEP1;TUBA1B;GRB2;TANK;GMPR2;RASGEF1B;VAMP3;NLRP3;PTPN1;C6orf62;RNF19B;NT5C3A;BRD7;TM9SF2;NIT1;DPYSL2;ELOVL5;ZNF117;FAS;PSEN2;PSMA6;RMI2;NPTN;LMO2;KY;KCNMA1;AP3B1;KIF1B;BTN2A1;TLR3;KIF13A;CHD1;EXT1;GNB1;TBK1;AGPAT3;NRBF2;GORASP1;SDHB;SNX6;TMEM140;CIR1;HINT3;OAS3;EFCAB2;EYA1;ARFIP1;SH2D3C;MED28;PPP2R2A;ARPC5;AGBL5;COQ10B;NCSTN;C4orf3;QKI;ARL8B;CMC2;APH1A;FMNL2;RPS6KC1;COL9A1;DHX8;KPNB1;CLCN5;FAM120A;SIPA1L2;DUSP3;LARP4B;DEGS1;DHTKD1;LMNB1;PI4K2B;FYTTD1;ARHGEF3;TOR1AIP1;LRRK2;ADPGK;TIMM10;CAPZA1;APOBEC3G;DNAJC13;N4BP2L2;NAB1;GTPBP1;ACER3;PRDM1;CD164;NIPA2;CHN2;TRIP12;CDHR5;RAB12;DLEU7;FKBP15;ITM2B;LGALSL;PRICKLE1;GPR141;AP5B1;ATXN7;CCDC146;POLB;BTN3A1;DIAPH2;CATSPERG;IL12A;LONRF1;BLZF1;RNASEH2B;SLU7;EFR3A;RNF213;DNAJC15;RAP2C;RTN1;ANO5;TMEM59;NCEH1;RNH1;FNIP2;C2orf80;RSPH9;FOXN2;BATF3;TRPC4AP;RFX5;SLC20A1;HPS5;RALB;STX3;SETX;SLC12A8;FAM8A1;TMEM131;ERP44;UBE2D1;TOMM40L;TMEM199;CNTLN;NCOA2;CCNA1;TOX4;WDR41;AFF2;ATP6V1E1;ACTR3;LMTK2;INMT;CD300LF;TRAFD1;ZFYVE26;ANKFY1;SDE2;IFIT5;DHRS12;USP25;CYLD;SMAP2;ARSD;HNRNPH2;PARP11;ARCN1;SAMD9L;GAB2;TMEM229B;TTC21A;EXOSC9;OAS2;NCOA7;EDEM1;SH3RF1;ACSL3;CDC42EP2;ARAP2;MRPS18A;PLA2G7;SCO1;NDUFA9;ERI1;THOC7;ST3GAL5;CPED1;BBX;ORMDL2;EIF4H;RBBP8;ERAP1;NSF;UBE2E1;NASP;SRGAP2;APLP1;SPTLC2;USP6NL;RICTOR;FANCL;FMR1;SLC44A4;TINF2;PTPRE;ARHGAP26;ATP6V1B2;CAPZA2;MAN1A1;CADM4;TESK2;SMCHD1;LAP3;VMP1;RAB11FIP4;NECAP1;DDX60L;GDI2;DAZAP2;TAGAP;CEACAM1;USP15;SPATA13;IFIT2;RP1L1;DDX21;TAPBPL;EXOC6;RUFY3;GRAMD1B;TMED7;C1GALT1C1;HELB;CCSER1;CALM3;RNF138;RAB5A;MEGF11;HBEGF;PPCDC;CYB5R4;MPEG1;NBR1;PSMA5;CENPN;RXFP1;TOR1A;ZNF200;IDH2;EDEM2;RGL1;LYPD5;SBF2;CBR1;ST8SIA4;DPYD;SDSL;MTHFD1;ACP2;WDFY1;CYSLTR1;ZBP1;EPG5;SLC22A16;FNDC3A;FBXL5;SLC9A8;WSB2;ZNF710;MASTL;P2RY13;CACNA1A;TMEM165;TMEM255A;IL12RB1;NLK;WDFY3;ST8SIA3;MICALL1;CACNA1E;USP33;TMEM185B;PLAGL1;SLC22A4;LYRM1;MAGT1;ATP1B1;CCL8;SCG3;ATG3;CLCN4;DZIP1L;MBOAT1;SETD7;FAM135A;CCNL1;LPCAT2;FUCA2;SLK;SCIMP;AIG1;SQLE;STARD4;PTGS2;IREB2;BECN1;RNF13;SLC31A1;MAP3K13;DENND5A;ACLY;C5orf15;TMEM62;YME1L1;EPHB2;MTMR4;CHMP5;ELMO2;TMEM30A;PPARGC1B;SCML1;TMEM33;CAMK2D;GART;HIVEP1;CTBS;ERAP2;EIF4G3;P2RX4;P2RY12;PSMB2;NRIP1;ARID4B;CD46;SCAF11;IFI6;NR1I3;CREG1;DUSP10;HPSE;CNTRL;CPEB2;ANKRD13A;PDE4B;RRM2B;PSMA3;PRDM5;PIGB;C21orf91;NLN;ZNF804A;PRRG1;AP1S2;PRKCE;MCTP1;DIP2B;CDK17;SLAMF7;GCNT1;HDX;SRP54;IFIT3;VWA3B;NETO2;SUSD1;EPSTI1;FAM120AOS;DUSP5;NRAS;FRMD4B;PANX1;STX12;UTRN;PSEN1;SLC35A5;FAM72D;MTMR6;GPR155;RNF31;PTPRO;GALNT3;TIPRL;ATF6;FLVCR1;PAEP;CPPED1;HERC6;KMO;MEF2A;LIPA;ARSB;NINJ2;CMPK2;AGPAT5;GM2A;SIK3;GK;TMOD2;ZNF496;NBN;PGAP1;EIF4E3;CLIC4;CCDC170;PRPS2;TICAM2;SNX10;FARP2;REEP3;REL;IGF2BP3;RASGRP3;PLEKHB2;SPG11;NFE2L3;DOCK4;GRIN3A;HBG2;CHMP2B;TNFSF10;RBM43;JMJD1C;EPS15;SLIT2;ZEB2;SRD5A1;CCL1;FUT4;CXorf38;PRKAR1A;IDH3A;SLC8A1;PAK1;STS;BCL2L14;RIF1;PRR11;PRLR;CHRNB2;PRR16;APOL6;ZSCAN16;FGF13;TRANK1;GNB4;RNF169;ZNF684;DMXL2;FUOM;MYCBP2;SYT9;RPAP3;ACSL4;FAM72A;OASL;EXOC3L1;ME2;SYNPO2;EPB41L3;RSAD2;C4orf33;HORMAD1;CTSO;MAP3K7CL;TATDN3;SCARB2;C9orf72;AZI2;SLC31A2;SMIM14;STAT1;VRK2;KCNS2;SESTD1;PLA2G4C;NRN1;FAR2;C1GALT1;ERV3-1;PTP4A1;STX17;PBLD;ENPP2;HIVEP2;GCA;PLS3;PRTG;AP1S3;SCYL3;LACC1;RPS6KA5;MED12L;TMEM154;LOXHD1;MTPN;CNP;TSPAN2;PRUNE2;DUSP6;NEXN;FOXD4L5;DDO;DDX60;SFRP1;FAM72B;C5;SAMD15;LRRCC1;SRBD1;SLC22A15;GLIPR2;SCRN3;OTOF;SP140;NHLRC3;TMEM144;IFI44;WSB1;KCNMB1;NAT8;TUBA1A;SLC17A8;HESX1;TRIM44;KCNH7;ITGA4;RTP4;RSPH3;TMEM252;SCLT1;GBP7;SLFN5;ALDH1A1;IFI44L;ARR3;CERKL;CPB1;CHRNA6;CD38;ANKUB1;GSDMC;HTR4;ACTA2;SPAG6;CD36;CDKL5,"[0, 2, 7, 34, 36, 91, 95, 115, 127, 137, 142, 144, 145, 148, 159, 162, 177, 180, 196, 202, 203, 221, 229, 243, 256, 258, 263, 264, 266, 273, 275, 287, 295, 306, 310, 311, 313, 324, 326, 332, 349, 352, 357, 368, 382, 387, 393, 394, 399, 400, 404, 411, 428, 429, 437, 438, 444, 459, 464, 465, 469, 470, 474, 493, 500, 511, 513, 525, 532, 534, 539, 548, 554, 558, 559, 574, 577, 580, 589, 613, 614, 617, 626, 629, 630, 633, 636, 640, 649, 655, 656, 660, 663, 667, 674, 679, 692, 698, 707, 711, 715, 723, 734, 742, 753, 758, 762, 764, 780, 786, 793, 796, 797, 799, 803, 805, 807, 808, 812, 815, 818, 824, 826, 827, 831, 834, 836, 840, 842, 847, 848, 855, 857, 862, 886, 896, 901, 908, 914, 924, 928, 932, 946, 954, 965, 970, 973, 976, 977, 998, 1023, 1050, 1079, 1103, 1138, 1146, 1149, 1160, 1171, 1186, 1187, 1200, 1202, 1223, 1238, 1241, 1247, 1258, 1263, 1268, 1271, 1275, 1276, 1285, 1312, 1314, 1318, 1322, 1325, 1328, 1329, 1330, 1337, 1347, 1349, 1352, 1380, 1423, 1427, 1437, 1442, 1449, 1455, 1469, 1470, 1471, 1477, 1486, 1488, 1491, 1500, 1517, 1525, 1526, 1527, 1533, 1541, 1542, 1546, 1558, 1560, 1565, 1581, 1584, 1607, 1609, 1610, 1621, 1623, 1625, 1641, 1644, 1647, 1649, 1652, 1664, 1667, 1671, 1677, 1681, 1682, 1687, 1688, 1698, 1703, 1707, 1712, 1721, 1729, 1734, 1740, 1747, 1768, 1769, 1783, 1789, 1790, 1794, 1796, 1801, 1824, 1831, 1852, 1858, 1873, 1887, 1892, 1894, 1906, 1907, 1909, 1912, 1913, 1914, 1916, 1918, 1919, 1924, 1946, 1956, 1976, 1979, 1984, 1987, 1993, 1998, 2001, 2015, 2017, 2018, 2019, 2028, 2029, 2030, 2033, 2038, 2040, 2041, 2052, 2053, 2057, 2064, 2065, 2070, 2071, 2076, 2084, 2085, 2093, 2107, 2111, 2112, 2122, 2128, 2130, 2133, 2134, 2137, 2142, 2156, 2162, 2169, 2172, 2175, 2181, 2205, 2235, 2237, 2244, 2249, 2255, 2262, 2273, 2284, 2287, 2295, 2304, 2315, 2326, 2327, 2331, 2349, 2356, 2363, 2365, 2392, 2406, 2422, 2434, 2440, 2442, 2455, 2456, 2463, 2474, 2492, 2508, 2516, 2517, 2521, 2537, 2540, 2544, 2560, 2564, 2569, 2606, 2611, 2612, 2630, 2634, 2643, 2654, 2656, 2658, 2669, 2672, 2673, 2675, 2677, 2679, 2680, 2685, 2686, 2687, 2691, 2698, 2704, 2712, 2721, 2722, 2728, 2747, 2748, 2751, 2754, 2760, 2761, 2796, 2808, 2811, 2821, 2834, 2849, 2856, 2868, 2903, 2906, 2908, 2911, 2912, 2914, 2939, 2944, 2968, 2975, 2978, 3002, 3009, 3010, 3025, 3044, 3047, 3051, 3052, 3054, 3061, 3067, 3069, 3072, 3075, 3078, 3086, 3094, 3099, 3107, 3109, 3113, 3114, 3127, 3149, 3164, 3168, 3170, 3173, 3183, 3192, 3214, 3229, 3237, 3261, 3264, 3269, 3272, 3273, 3280, 3282, 3293, 3306, 3312, 3322, 3323, 3326, 3344, 3350, 3351, 3353, 3359, 3372, 3384, 3390, 3403, 3404, 3437, 3445, 3453, 3455, 3460, 3463, 3466, 3467, 3475, 3476, 3477, 3479, 3485, 3488, 3508, 3518, 3541, 3562, 3568, 3577, 3578, 3590, 3604, 3605, 3610, 3618, 3619, 3651, 3657, 3660, 3661, 3668, 3694, 3717, 3718, 3748, 3762, 3776, 3778, 3780, 3786, 3794, 3814, 3820, 3846, 3865, 3866, 3871, 3896, 3909, 3913, 3921, 3924, 3930, 3938, 3945, 3953, 3973, 3988, 3994, 3995, 4033, 4039, 4047, 4051, 4065, 4071, 4099, 4101, 4114, 4115, 4128, 4132, 4152, 4193, 4203, 4218, 4223, 4225, 4236, 4239, 4249, 4279, 4283, 4303, 4312, 4313, 4314, 4323, 4330, 4346, 4353, 4355, 4358, 4361, 4368, 4375, 4406, 4408, 4409, 4440, 4452, 4462, 4474, 4482, 4484, 4489, 4505, 4532, 4552, 4553, 4559, 4561, 4570, 4585, 4596, 4599, 4607, 4620, 4636, 4644, 4649, 4667, 4669, 4683, 4687, 4710, 4735, 4742, 4746, 4753, 4763, 4767, 4774, 4775, 4794, 4850, 4888, 4889, 4891, 4892, 4911, 4914, 4929, 4942, 4944, 4951, 4998, 5005, 5018, 5022, 5034, 5038, 5048, 5051, 5067, 5070, 5079, 5088, 5094, 5113, 5124, 5131, 5132, 5172, 5179, 5191, 5193, 5195, 5196, 5199, 5202, 5210, 5217, 5220, 5226, 5230, 5238, 5276, 5277, 5279, 5304, 5336, 5340, 5370, 5373, 5398, 5401, 5402, 5431, 5452, 5466, 5475, 5483, 5488, 5498, 5501, 5520, 5521, 5543, 5545, 5559, 5588, 5594, 5600, 5603, 5604, 5609, 5612, 5637, 5660, 5690, 5692, 5698, 5720, 5727, 5734, 5738, 5739, 5748, 5749, 5751, 5755, 5781, 5785, 5789, 5817, 5819, 5831, 5843, 5847, 5868, 5904, 5910, 5913, 5929, 5941, 5942, 5955, 5963, 5970, 5973, 6009, 6015, 6019, 6031, 6032, 6035, 6038, 6041, 6055, 6063, 6067, 6076, 6078, 6091, 6096, 6098, 6103, 6129, 6130, 6139, 6143, 6152, 6154, 6159, 6182, 6219, 6234, 6273, 6284, 6308, 6317, 6329, 6330, 6333, 6360, 6380, 6383, 6386, 6391, 6419, 6433, 6436, 6454, 6467, 6471, 6476, 6477, 6480, 6483, 6486, 6507, 6529, 6543, 6561, 6571, 6574, 6593, 6606, 6611, 6612, 6626, 6638, 6640, 6641, 6650, 6659, 6668, 6672, 6676, 6678, 6718, 6724, 6730, 6731, 6739, 6770, 6784, 6788, 6854, 6864, 6871, 6886, 6896, 6908, 6913, 6925, 6944, 6945, 6957, 6962, 6996, 7003, 7005, 7026, 7032, 7043, 7054, 7088, 7090, 7099, 7104, 7105, 7117, 7119, 7121, 7150, 7168, 7169, 7192, 7206, 7248, 7250, 7258, 7270, 7272, 7273, 7294, 7302, 7305, 7308, 7329, 7330, 7340, 7346, 7350, 7358, 7360, 7370, 7372, 7374, 7379, 7382, 7401, 7413, 7419, 7449, 7456, 7457, 7459, 7483, 7485, 7490, 7496, 7499, 7519, 7521, 7542, 7545, 7560, 7562, 7591, 7593, 7606, 7618, 7620, 7624, 7634, 7669, 7675, 7678, 7689, 7691, 7709, 7721, 7727, 7730, 7767, 7782, 7793, 7804, 7823, 7827, 7828, 7841, 7852, 7867, 7873, 7874, 7883, 7892, 7897, 7899, 7923, 7927, 7964, 7971, 7978, 7981, 7995, 8005, 8014, 8015, 8031, 8039, 8042, 8052, 8058, 8068, 8071, 8072, 8073, 8078, 8082, 8109, 8115, 8117, 8129, 8141, 8145, 8147, 8156, 8175, 8176, 8178, 8186, 8196, 8218, 8220, 8223, 8232, 8233, 8234, 8240, 8262, 8265, 8267, 8282, 8297, 8315, 8325, 8341, 8351, 8362, 8372, 8374, 8375, 8405, 8412, 8446, 8466, 8472, 8485, 8487, 8488, 8496, 8503, 8508, 8525, 8536, 8541, 8549, 8550, 8552, 8553, 8582, 8591, 8660, 8712, 8715, 8716, 8720, 8742, 8759, 8773, 8783, 8805, 8819, 8830, 8831, 8841, 8846, 8859, 8864, 8867, 8894, 8896, 8921, 8922, 8941, 8964, 8966, 8998, 9015, 9053, 9060, 9067, 9072, 9081, 9148, 9161, 9168, 9169, 9170, 9180, 9187, 9198, 9202, 9204, 9214, 9227, 9239, 9251, 9252, 9258, 9265, 9270, 9285, 9288, 9291, 9300, 9313, 9316, 9323, 9329, 9338, 9347, 9351, 9357, 9362, 9364, 9365, 9381, 9382, 9388, 9405, 9406, 9415, 9421, 9439, 9449, 9454, 9478, 9498, 9504, 9531, 9537, 9547, 9589, 9609, 9616, 9626, 9634, 9655, 9662, 9673, 9685, 9688, 9713, 9729, 9751, 9752, 9759, 9771, 9780, 9784, 9796, 9811, 9825, 9834, 9841, 9845, 9849, 9852, 9872, 9877, 9899, 9942, 9960, 9961, 9965, 9986, 9995, 10003, 10012, 10035, 10059, 10112, 10155, 10158, 10159, 10164, 10201, 10212, 10235, 10241, 10253, 10263, 10273, 10276, 10292, 10305, 10315, 10327, 10342, 10351, 10360, 10363, 10384, 10397, 10405, 10409, 10436, 10437, 10449, 10466, 10472, 10489, 10491, 10493, 10517, 10522, 10544, 10555, 10585, 10586, 10600, 10616, 10619, 10622, 10650, 10655, 10687, 10696, 10710, 10733, 10736, 10747, 10780, 10781, 10795, 10821, 10847, 10865, 10876, 10913, 10925, 10927, 10934, 10936, 10943, 10974, 10975, 10986, 10996, 11005, 11021, 11024, 11025, 11026, 11046, 11052, 11062, 11068, 11072, 11080, 11087, 11103, 11107, 11114, 11118, 11120, 11133, 11137, 11150, 11184, 11185, 11194, 11197, 11209, 11210, 11214, 11218, 11239, 11243, 11244, 11270, 11326, 11337, 11342, 11352, 11356, 11372, 11380, 11381, 11388, 11407, 11410, 11412, 11417, 11419, 11422, 11431, 11460, 11501, 11509, 11522, 11524, 11544, 11547, 11556, 11565, 11605, 11619, 11621, 11636, 11692, 11700, 11705, 11709, 11731, 11750, 11751, 11797, 11800, 11815, 11841, 11869, 11878, 11915, 11931, 11934, 11939, 11974, 11977, 11980, 11988, 11991, 11998, 12013, 12020, 12024, 12033, 12046, 12048, 12056, 12060, 12069, 12088, 12091, 12098, 12137, 12144, 12162, 12167, 12171, 12185, 12211, 12248, 12254, 12273, 12274, 12277, 12280, 12284, 12298, 12304, 12309, 12310, 12311, 12317, 12319, 12347, 12354, 12371, 12395, 12408, 12426, 12435, 12443, 12459, 12467, 12471, 12478, 12507, 12519, 12557, 12568, 12573, 12590, 12602, 12606, 12607, 12637, 12648, 12668, 12670, 12673, 12684, 12693, 12706, 12715, 12728, 12743, 12746, 12748, 12764, 12765, 12785, 12800, 12808, 12819, 12829, 12836, 12853, 12862, 12877, 12887, 12909, 12913, 12920, 12921, 12922, 12924, 12927, 12948, 12967, 12968, 12970, 12980, 12981, 12986, 12999, 13022, 13023, 13032, 13038, 13053, 13055, 13068, 13075, 13095, 13103, 13120, 13128, 13131, 13137, 13171, 13172, 13214, 13252, 13257, 13259, 13264, 13293, 13298, 13309, 13328, 13330, 13335, 13339, 13343, 13356, 13368, 13384, 13389, 13397, 13400, 13412, 13457, 13479, 13487, 13497, 13519, 13526, 13539, 13559, 13575, 13583, 13592, 13594, 13597, 13600, 13634, 13654, 13656, 13661, 13678, 13716, 13717, 13733, 13763, 13765, 13785, 13791, 13792, 13801, 13829, 13832, 13853, 13860, 13876, 13898, 13914, 13921, 13926, 13932, 13940, 13951, 13953, 13964, 13973, 14007, 14013, 14053, 14057, 14085, 14097, 14102, 14117, 14136, 14138, 14146, 14167, 14186, 14187, 14193, 14195, 14248, 14266, 14268, 14273, 14297, 14301, 14311, 14322, 14372, 14374, 14385, 14391, 14396, 14403, 14417, 14434, 14466, 14495, 14515, 14518, 14552, 14554, 14556, 14567, 14572, 14584, 14591, 14594, 14601, 14622, 14646, 14659, 14663, 14674, 14681, 14703, 14709, 14718, 14721, 14733, 14735, 14746, 14792, 14802, 14811, 14820, 14841, 14857, 14858, 14868, 14896, 14910, 14912, 14935, 14945, 14949, 14951, 14954, 14962, 14963, 14985, 15034, 15050, 15061, 15081, 15119, 15128, 15150, 15172, 15185, 15202, 15218, 15219, 15232, 15237, 15238, 15283, 15284, 15293, 15326, 15342, 15348, 15362, 15373, 15381, 15392, 15429, 15473, 15504, 15506, 15512, 15519, 15542, 15547, 15564, 15585, 15618, 15648, 15650, 15689, 15710, 15728, 15730, 15731, 15762, 15776, 15786, 15787, 15788, 15806, 15823, 15843, 15850, 15853, 15856, 15889, 15890, 15894, 15903, 15918, 15926, 15934, 16016, 16031, 16067, 16074, 16077, 16078, 16080, 16098, 16178, 16196, 16199, 16215, 16218, 16230, 16259, 16268, 16271, 16291, 16294, 16307, 16325, 16330, 16336, 16373, 16390, 16400, 16409, 16429, 16464, 16476, 16481, 16482, 16485, 16501, 16525, 16533, 16537, 16539, 16552, 16574, 16578, 16610, 16626, 16630, 16648, 16684, 16694, 16697, 16698, 16707, 16726, 16731, 16804, 16859, 16864, 16889, 16909, 16938, 16949, 16953, 16982, 17021, 17147, 17213, 17233, 17246, 17265, 17300, 17308, 17319, 17344, 17359, 17372, 17379, 17447, 17458, 17499, 17515]",c7.vax__OSMAN_BLOOD_CHAD63_KH_AGE_18_50YO_HIGH_DOSE_SUBJECTS_24HR_UP
c7.vax,NAKAYA_PBMC_IMUVAC_MALE_AGE_14_27YO_1D_POSTBOOST_VS_0DY_PREIMM_TIV_UP,prerank,0.543988226789537,1.855359585953058,0.0,0.0040360875666899595,0.126,12_36,12/36,12.46%,ANKRD22;FKBP5;PRRG4;NOD2;RAB20;IRF1;FCGR1A;ICAM1;ADORA3;PI3;CD274;SERPING1,ANKRD22;FKBP5;PRRG4;NOD2;RAB20;IRF1;FCGR1A;ICAM1;ADORA3;PI3;CD274;SERPING1;BATF2;PSTPIP2;P2RY14;GBP5;CTSW;GBP4;PTGDR2;GBP1;ETV7;SNX27;TMOD1;KREMEN1;TNFAIP2;PSMF1;ATP6V0C;VSTM1;FAS;SIRPB1;RAPGEF2;UCP2;TSPAN5;LPCAT2;GK;SLC4A1,"[162, 215, 513, 626, 698, 753, 808, 847, 1124, 1416, 2015, 2181, 2906, 3047, 3460, 4474, 4791, 5220, 5444, 5727, 6098, 6776, 7144, 7294, 7305, 8403, 9190, 10318, 10342, 11277, 11499, 11886, 12118, 13583, 14896, 17059]",c7.vax__NAKAYA_PBMC_IMUVAC_MALE_AGE_14_27YO_1D_POSTBOOST_VS_0DY_PREIMM_TIV_UP
c7.vax,HOFT_CD4_POSITIVE_ALPHA_BETA_MEMORY_T_CELL_BCG_VACCINE_AGE_18_45YO_ID_56D_TOP_100_DEG_AFTER_IN_VITRO_RE_STIMULATION_UP,prerank,0.5394274942771149,1.84630232267772,0.002136752136752137,0.00429476190657651,0.137,11_39,11/39,11.82%,PLEKHN1;METRNL;SLC43A3;HAMP;IL9;PALD1;HYAL2;PAFAH1B3;TICAM1;PNPLA7;ABCA1,PLEKHN1;METRNL;SLC43A3;HAMP;IL9;PALD1;HYAL2;PAFAH1B3;TICAM1;PNPLA7;ABCA1;TBC1D17;ZGPAT;CHPF;AGRN;PXMP2;TMEM63B;TAF6;YDJC;MOGS;HSD11B1L;RPL10A;LIMK1;FAM219A;NOC4L;RAI1;MRPL11;GGT1;HYOU1;TMEM160;SREBF1;CPSF2;C4BPB;SLC39A3;ANAPC15;SLC39A4;COG5;GNL3L;OGFOD3,"[91, 409, 429, 943, 995, 1040, 1134, 1403, 2008, 2043, 2070, 2891, 3471, 4262, 4482, 4681, 5334, 5499, 6356, 6373, 6608, 7111, 7358, 7470, 7706, 8314, 8443, 8755, 8989, 9887, 10078, 10426, 10670, 10859, 11746, 12103, 13596, 14942, 15076]",c7.vax__HOFT_CD4_POSITIVE_ALPHA_BETA_MEMORY_T_CELL_BCG_VACCINE_AGE_18_45YO_ID_56D_TOP_100_DEG_AFTER_IN_VITRO_RE_STIMULATION_UP
c7.vax,MATSUMIYA_BLOOD_MODIFIED_VACCINIA_ANKARA_VACCINE_AGE_4_6MO_VACCINATED_VS_CANDIN_PLACEBO_BCG_PRIMED_1DY_UP,prerank,0.7358155210220166,1.844694428294392,0.0,0.004356426953923446,0.142,5_12,5/12,9.41%,ANKRD22;MT1G;CASP4;CASP1;CXCL10,ANKRD22;MT1G;CASP4;CASP1;CXCL10;PARP9;UBE2L6;GBP5;MRPL44;ETV7;POMP;XRN1,"[162, 165, 394, 580, 1647, 3488, 4279, 4474, 4998, 6098, 7485, 8372]",c7.vax__MATSUMIYA_BLOOD_MODIFIED_VACCINIA_ANKARA_VACCINE_AGE_4_6MO_VACCINATED_VS_CANDIN_PLACEBO_BCG_PRIMED_1DY_UP
c7.vax,THAKAR_PBMC_INACTIVATED_INFLUENZA_AGE_21_30YO_RESPONDERS_7DY_DN,prerank,0.36287129901330667,1.8305901181967166,0.0,0.0051035631403627876,0.17,203_569,203/569,23.81%,CXCR4;RAX2;SLC16A12;RHBDF2;SLC11A1;MKNK2;GPSM3;S100A4;ZC3H12A;TNNI2;PLAUR;NCF1;CEBPD;FCGR2A;BCL3;IL18;CLDN15;TCIRG1;NFKBIA;SERPINA1;CEBPB;ITGB2;PIK3R2;PPP1R18;STX11;RASGRP4;SLC26A6;RASAL3;SLC3A2;AIRE;ITPR3;LILRB3;CTRL;ELF4;KLF2;CSF3R;SAFB2;TNFRSF10B;SLC2A3;NBPF10;LRCH4;WAS;RNASET2;FGD3;ENGASE;CASZ1;UNC119;ATG4B;IER5;GSDMB;RFX1;ITPRIP;GPS2;PNPLA6;NOP2;TRABD;IMPDH1;OSBPL7;GRN;PHF19;TNFRSF25;AP1G2;SORBS3;ZFP36L2;CXCL16;ARHGAP9;MAP4K1;ACADVL;AK1;S100A10;PLA2G4B;NFKBIZ;TP53I13;ITGAL;ABHD3;HLA-DMA;CLCN7;E2F4;ADAM8;CYTH4;LAG3;GPR137;GSTM2;AXIN1;ZFP36;PAN2;ENO3;PIAS4;PLSCR1;MAP3K8;CMTM7;NOL12;TRIM22;NLRC5;NOTCH1;TMEM150A;TNFSF12;NINJ1;SLC2A9;NXF1;MCM7;PPP1R15A;TYK2;HERPUD1;NPRL3;CDK11B;CHKB;SLC25A42;PIEZO1;GAK;LMTK3;DPEP2;ZDHHC1;PFKFB3;CAPS;MXD1;SULT1A2;MED25;PLXNB2;TRMT1;EPN1;LPIN1;LILRA6;STAT6;PLCB2;MILR1;PBX4;HIC2;SLC26A11;SRRT;GRAMD1A;PABPC1L;DUSP1;CACNA1I;RAB27A;NAA16;MCM8;RALGDS;ARRB2;FLII;JUND;ZBTB40;MFSD10;CREBBP;C1QTNF6;REC8;SPSB3;EML3;IKBKB;IRF9;C1orf162;KHNYN;ZNF598;CD302;LRP5L;HCFC1;DAPP1;TNK2;ASPSCR1;ARHGAP4;SGK1;PCBP1;OSM;TMEM86B;RANBP3;ECHDC2;CDC37;REPIN1;PRKCSH;KLF6;CDK5RAP3;SRRM2;ALDOA;SPG21;FBXL6;ARHGAP27;ZMYND15;EFHD2;SF3B4;CLK3;KDM2A;ULK1;BTBD2;NUP62;METTL17;ZDHHC8;RBCK1;CNPY3;DDX56;DUS1L;PCED1A;HGS;LTBP4;ZYX;ZC3H3;DUSP18;POLR1C;GGA3;SNRNP70;CSNK1G2;POLG;DAGLB;NPEPL1,CXCR4;RAX2;SLC16A12;RHBDF2;SLC11A1;MKNK2;GPSM3;S100A4;ZC3H12A;TNNI2;PLAUR;NCF1;CEBPD;FCGR2A;BCL3;IL18;CLDN15;TCIRG1;NFKBIA;SERPINA1;CEBPB;ITGB2;PIK3R2;PPP1R18;STX11;RASGRP4;SLC26A6;RASAL3;SLC3A2;AIRE;ITPR3;LILRB3;CTRL;ELF4;KLF2;CSF3R;SAFB2;TNFRSF10B;SLC2A3;NBPF10;LRCH4;WAS;RNASET2;FGD3;ENGASE;CASZ1;UNC119;ATG4B;IER5;GSDMB;RFX1;ITPRIP;GPS2;PNPLA6;NOP2;TRABD;IMPDH1;OSBPL7;GRN;PHF19;TNFRSF25;AP1G2;SORBS3;ZFP36L2;CXCL16;ARHGAP9;MAP4K1;ACADVL;AK1;S100A10;PLA2G4B;NFKBIZ;TP53I13;ITGAL;ABHD3;HLA-DMA;CLCN7;E2F4;ADAM8;CYTH4;LAG3;GPR137;GSTM2;AXIN1;ZFP36;PAN2;ENO3;PIAS4;PLSCR1;MAP3K8;CMTM7;NOL12;TRIM22;NLRC5;NOTCH1;TMEM150A;TNFSF12;NINJ1;SLC2A9;NXF1;MCM7;PPP1R15A;TYK2;HERPUD1;NPRL3;CDK11B;CHKB;SLC25A42;PIEZO1;GAK;LMTK3;DPEP2;ZDHHC1;PFKFB3;CAPS;MXD1;SULT1A2;MED25;PLXNB2;TRMT1;EPN1;LPIN1;LILRA6;STAT6;PLCB2;MILR1;PBX4;HIC2;SLC26A11;SRRT;GRAMD1A;PABPC1L;DUSP1;CACNA1I;RAB27A;NAA16;MCM8;RALGDS;ARRB2;FLII;JUND;ZBTB40;MFSD10;CREBBP;C1QTNF6;REC8;SPSB3;EML3;IKBKB;IRF9;C1orf162;KHNYN;ZNF598;CD302;LRP5L;HCFC1;DAPP1;TNK2;ASPSCR1;ARHGAP4;SGK1;PCBP1;OSM;TMEM86B;RANBP3;ECHDC2;CDC37;REPIN1;PRKCSH;KLF6;CDK5RAP3;SRRM2;ALDOA;SPG21;FBXL6;ARHGAP27;ZMYND15;EFHD2;SF3B4;CLK3;KDM2A;ULK1;BTBD2;NUP62;METTL17;ZDHHC8;RBCK1;CNPY3;DDX56;DUS1L;PCED1A;HGS;LTBP4;ZYX;ZC3H3;DUSP18;POLR1C;GGA3;SNRNP70;CSNK1G2;POLG;DAGLB;NPEPL1;NLRP1;SSH3;BHLHE40;SPATA20;IL11RA;ZFHX3;CLEC7A;ARRDC3;ARAF;SRSF4;PNPT1;DVL3;RAF1;LZTR1;LILRA3;QPCT;TCEA2;ARRDC5;PATL1;RABL2B;SPHK2;TAF1C;QSOX2;MAN2C1;RARA;CWC25;SETD1B;NBPF14;ARID3B;CDAN1;SLC25A28;NDE1;WHAMM;PGS1;GMEB2;HLA-C;AKT1;CPSF1;DEF8;NSMF;DHRS1;STX4;PLD3;NISCH;SLC27A3;NUCB1;LRRC14;WDR59;TJAP1;NDUFB4;LRSAM1;GTPBP3;DGKA;KIF21B;FAM156A;MICAL1;CRTAP;DIDO1;CSNK1D;CERK;ANXA11;MZF1;CARM1;MAEA;PFKL;IP6K1;MTCH1;SLC22A18;EIF1;CDK9;N4BP1;PITPNM1;UBE2D3;ZNF275;CDH23;RHOT2;TMEM175;RBM33;PNISR;TAF6L;DGKQ;RNF126;CMTM4;RPL10;CLCN6;B4GALT5;PLSCR3;HPS1;SPEN;D2HGDH;PGAP3;SCNM1;PHACTR4;PILRA;CNN2;POFUT2;MMS19;PDE4C;C6orf136;STX16;DMAP1;C11orf21;TTC31;ZNF274;ABR;PABPC1;MOGS;SGSM2;REXO1;IFFO1;TRA2A;INTS1;TUBGCP6;LYN;GUSB;CIDEB;ADCY7;PILRB;HNRNPM;DNMT1;DNASE1L1;RNF216;S100Z;CAMK2G;KXD1;ZSCAN18;STK25;ARHGAP33;STMN3;MKNK1;SLC16A5;TPM2;MAPK8IP3;ATG2A;CYTH2;ZMIZ2;ANKRD11;MNT;GRAMD4;KRBA1;SCAP;CYB561;EP300;ZNF526;EVL;CCL3;CBX4;JMJD8;AKAP13;TM9SF4;TBC1D9B;NDUFV1;ACSS2;EMD;SMARCD1;ACVR1B;RP2;E4F1;PSAP;TAF15;MBD2;ZMIZ1;CUX1;SPNS1;NBPF11;CHMP1B;RHOG;UNK;JARID2;P4HTM;RAI1;ZNF486;IKZF5;U2AF1L4;UBA7;NBPF3;PSMC4;SPOCK2;WWP2;RAB40C;ASCC2;USP36;NSUN5;IDUA;JAK1;PRKAG2;SMARCC2;GSTM1;RAP1GAP2;MBD6;SPG7;AMT;SEC22C;PUM1;MNDA;VAMP1;FRS3;SH3GLB2;PPTC7;SUGP2;MAP7D1;SULT1A1;BTG2;COPS7B;ALKBH6;GALT;AHR;LPCAT3;GNAQ;CCL28;ZNF514;PRKCD;SUN1;CDK5RAP1;POLM;CELF2;CSAD;ATP6V0A1;MAU2;CDC42EP3;HPS4;SREBF1;LUC7L;SF1;GRB2;CMIP;SMPDL3A;RNFT1;WDFY2;ZXDC;TRPT1;QRICH1;BTN2A1;PI4KA;CBX6;MDC1;UBXN11;AGAP6;ZZEF1;ALOX5;FN3KRP;IQSEC1;NCSTN;GABPB2;YPEL2;SP2;CASP8;MEF2D;CHN2;CYTH1;RAB12;ATXN1L;LRCH3;RIOK3;WDR37;ARHGAP1;RALGPS1;TUBG2;SMARCA4;TRPC4AP;VPS52;PNMA3;LYPLA1;TTLL3;TMEM131;PCSK7;ENTPD4;DUS3L;SF3B1;USP3;SDE2;SMAP2;MYADM;ALAD;ZNF674;EIF4H;STRADA;SLC44A4;PTPRE;AP4B1;FOXJ2;VIPR1;NECAP1;ADAM19;XPO6;SRSF2;DIP2A;ITFG2;ETV3;METTL3;ACAD11;MPEG1;TGOLN2;APBB3;CUEDC1;FNIP1;WDR73;PNN;DNAJC28;BRD9;CCNL1;HECTD4;ZNF827;ATP2A2;SLC16A6;DNAH1;ORC6;ELMO2;PPP1R3E;ZNF839;COG1;TMEM138;ADHFE1;NRBP2;NFATC2IP;SNX1;CLIP4;TSPAN32;FUBP3;UFM1;TBC1D2;NR2C1;CBLB;NOL6;SYNJ2BP;MEF2A;SIK3;FARSB;KLHL3;CACNA2D4;MRI1;DICER1;AAK1;FUT4;CREBZF;GIT2;SLFN13;EIF3CL;NKTR;RNASEH1;KLF10;DMXL2;TXK;C9orf72;ANKMY1;POLR2J2;SESTD1;CSGALNACT2;CES2;ZNF493;SHCBP1;PLCH2;MCOLN2;RAD54L2;TUBGCP5;ZNF548;TAGLN;KCNMB1;GK5;TTF2;USP32;AGAP4;CARNS1;ANKRD36;MTX3;AMY2A,"[50, 89, 97, 115, 132, 171, 218, 245, 273, 274, 295, 306, 312, 313, 332, 366, 420, 437, 438, 459, 464, 507, 526, 538, 548, 576, 604, 620, 634, 671, 721, 780, 796, 803, 811, 848, 882, 900, 935, 971, 984, 985, 1017, 1039, 1051, 1099, 1131, 1173, 1186, 1195, 1253, 1258, 1263, 1266, 1270, 1294, 1304, 1311, 1328, 1334, 1360, 1361, 1367, 1382, 1455, 1457, 1466, 1496, 1543, 1551, 1622, 1641, 1685, 1702, 1707, 1712, 1734, 1736, 1742, 1747, 1769, 1797, 1841, 1850, 1852, 1870, 1875, 1960, 1987, 2038, 2054, 2061, 2064, 2076, 2094, 2117, 2129, 2130, 2165, 2183, 2223, 2264, 2267, 2276, 2312, 2354, 2357, 2370, 2383, 2455, 2467, 2477, 2506, 2535, 2542, 2544, 2568, 2584, 2606, 2614, 2618, 2639, 2643, 2660, 2668, 2672, 2710, 2713, 2736, 2738, 2752, 2827, 2914, 2936, 2940, 2956, 2973, 2998, 3025, 3030, 3051, 3062, 3063, 3077, 3081, 3114, 3143, 3147, 3163, 3170, 3183, 3199, 3225, 3230, 3233, 3292, 3322, 3351, 3402, 3432, 3436, 3441, 3455, 3458, 3472, 3491, 3505, 3522, 3542, 3544, 3554, 3575, 3593, 3604, 3626, 3657, 3680, 3718, 3772, 3776, 3786, 3841, 3882, 3909, 3920, 3926, 3930, 3957, 3967, 3975, 3980, 4009, 4010, 4017, 4022, 4044, 4063, 4119, 4122, 4152, 4164, 4166, 4170, 4228, 4255, 4265, 4354, 4359, 4404, 4462, 4477, 4511, 4520, 4532, 4572, 4575, 4587, 4588, 4609, 4647, 4653, 4667, 4677, 4690, 4696, 4703, 4708, 4735, 4752, 4757, 4788, 4924, 4936, 4944, 4958, 4964, 4972, 4979, 5034, 5056, 5060, 5065, 5074, 5089, 5094, 5116, 5167, 5191, 5195, 5211, 5212, 5245, 5258, 5264, 5280, 5317, 5333, 5356, 5376, 5379, 5380, 5392, 5405, 5417, 5419, 5421, 5473, 5478, 5481, 5496, 5548, 5574, 5587, 5588, 5626, 5637, 5642, 5720, 5722, 5730, 5741, 5792, 5801, 5846, 5888, 5889, 5905, 5907, 5910, 6003, 6005, 6017, 6033, 6054, 6072, 6086, 6088, 6158, 6161, 6166, 6190, 6222, 6243, 6245, 6250, 6261, 6267, 6293, 6350, 6373, 6397, 6413, 6442, 6490, 6537, 6579, 6593, 6617, 6633, 6640, 6642, 6663, 6683, 6695, 6726, 6743, 6757, 6762, 6805, 6820, 6840, 6856, 6858, 6902, 6931, 6939, 6953, 6988, 7021, 7113, 7175, 7185, 7281, 7291, 7302, 7366, 7373, 7391, 7409, 7481, 7581, 7606, 7634, 7637, 7640, 7712, 7943, 7982, 8050, 8072, 8077, 8082, 8122, 8145, 8160, 8181, 8193, 8195, 8227, 8233, 8278, 8284, 8304, 8314, 8323, 8344, 8383, 8446, 8461, 8490, 8491, 8519, 8605, 8656, 8684, 8722, 8754, 8760, 8783, 8793, 8821, 8868, 8869, 9084, 9141, 9162, 9163, 9168, 9188, 9197, 9212, 9214, 9215, 9366, 9370, 9417, 9422, 9428, 9438, 9440, 9484, 9500, 9509, 9529, 9634, 9694, 9736, 9790, 9927, 9967, 9981, 10014, 10042, 10067, 10078, 10079, 10118, 10155, 10187, 10197, 10256, 10333, 10391, 10406, 10441, 10449, 10484, 10537, 10625, 10667, 10694, 10719, 10750, 10765, 10768, 10781, 10787, 10844, 10988, 11055, 11119, 11184, 11186, 11197, 11203, 11212, 11232, 11238, 11300, 11440, 11456, 11525, 11565, 11596, 11629, 11662, 11689, 11731, 11764, 11838, 11894, 11897, 11924, 12013, 12048, 12214, 12238, 12263, 12319, 12473, 12507, 12557, 12612, 12634, 12662, 12673, 12696, 12713, 12742, 12769, 12824, 12830, 12849, 12886, 12924, 12930, 12947, 13019, 13039, 13077, 13361, 13405, 13439, 13575, 13595, 13610, 13652, 13658, 13770, 13779, 13853, 13935, 14020, 14029, 14093, 14095, 14159, 14232, 14328, 14450, 14463, 14473, 14480, 14507, 14578, 14616, 14725, 14762, 14792, 14868, 14885, 14900, 15018, 15117, 15122, 15234, 15348, 15351, 15581, 15593, 15595, 15604, 15608, 15725, 15728, 15781, 15926, 16066, 16071, 16078, 16083, 16144, 16315, 16442, 16463, 16507, 16635, 16637, 16646, 16652, 16726, 16760, 16840, 16852, 16894, 17118, 17264, 17336, 17417]",c7.vax__THAKAR_PBMC_INACTIVATED_INFLUENZA_AGE_21_30YO_RESPONDERS_7DY_DN
c7.vax,GAUCHER_PBMC_YF_VAX_STAMARIL_UNKNOWN_AGE_60DY_UP,prerank,0.5234916743505458,1.8239193583635742,0.003937007874015748,0.005436055532162519,0.181,18_45,18/45,18.44%,ANKRD22;MICB;NOD2;HK2;LGALS9;CD163;CD86;SMCO4;CD74;TLR7;EMILIN2;TAP1;LHFPL2;NPC2;FCN1;FLVCR2;KYNU;HAVCR2,ANKRD22;MICB;NOD2;HK2;LGALS9;CD163;CD86;SMCO4;CD74;TLR7;EMILIN2;TAP1;LHFPL2;NPC2;FCN1;FLVCR2;KYNU;HAVCR2;IL15;PLAGL2;TNS3;MYOF;SIL1;APOL3;NUB1;CYBB;ADAP2;RGS12;DHX58;SLC37A2;NAGK;IFI30;NAGA;BLVRA;SNTB1;STAT2;CNDP2;SORT1;NLRP3;TTYH3;SCIMP;SUSD1;EPB41L3;SCARB2;KCNMB1,"[162, 177, 626, 744, 764, 818, 827, 886, 908, 1546, 1794, 1919, 1956, 2760, 2968, 3109, 3173, 3229, 3762, 4283, 4409, 5210, 5488, 5545, 5559, 5847, 6130, 6594, 6611, 6718, 6788, 7978, 8071, 8265, 8297, 9251, 9531, 9986, 10212, 10825, 13597, 14515, 15850, 15918, 16726]",c7.vax__GAUCHER_PBMC_YF_VAX_STAMARIL_UNKNOWN_AGE_60DY_UP
c7.vax,FULLER_PBMC_F_TULARENSIS_VACCINE_LVS_AGE_22_54YO_336HR_DN,prerank,0.5682822395707076,1.7993067387222652,0.001869158878504673,0.006755844905845442,0.216,16_26,16/26,23.08%,FCGR2B;CARD14;LAMP3;CCL20;ICAM1;CD74;CD80;CCL22;TICAM1;PYCARD;CD209;IRAK1;CD58;CD81;CD68;CD44,FCGR2B;CARD14;LAMP3;CCL20;ICAM1;CD74;CD80;CCL22;TICAM1;PYCARD;CD209;IRAK1;CD58;CD81;CD68;CD44;TAP2;HSP90B1;CD83;DCSTAMP;B2M;SOD2;CCR7;IRAK1BP1;CCR6;CCL19,"[180, 268, 404, 561, 847, 908, 1256, 1738, 2008, 2517, 3094, 3238, 3647, 3757, 3896, 4043, 5067, 5669, 6688, 7417, 8759, 9365, 12666, 13902, 14555, 17102]",c7.vax__FULLER_PBMC_F_TULARENSIS_VACCINE_LVS_AGE_22_54YO_336HR_DN
c7.vax,QI_PBMC_ZOSTAVAX_AGE_50_75YO_CORRELATED_WITH_CONTRACTION_OF_VZV_SPECIFIC_T_CELLS_PEAK_TO_28DY_AT_1DYPOSITIVE,prerank,0.3802815532602329,1.7896700377439918,0.0,0.007362815346604991,0.238,85_273,85/273,21.98%,HSPA1A;MLKL;FCGR3B;CXCR2;NFE2;FGR;SIGLEC10;SERPINA1;TNFRSF1A;YBX3;RBM47;CYBA;ITGB2;TNFRSF1B;CCR2;SLA;SLC7A5;CD300A;RAB24;HLA-DRA;LCP1;LPAR2;SELL;BANP;WAS;RNASET2;TSC22D3;PTBP1;FOS;CD14;MMP25;HHEX;GRN;RXRA;PDLIM7;SIGLEC14;TAGLN2;RAC2;WLS;CTDSP2;EMILIN2;IRF2BP2;LRP10;ZNF217;PLSCR1;TNFAIP6;DNAJB6;NOTCH1;TGFBR2;HERPUD1;ZC3HAV1;KIF5B;CPQ;FRAT1;ALDH2;HDAC1;LILRA6;RAB11FIP1;TCN1;ARHGDIB;ANTXR2;GAB3;NABP1;TLR4;NPL;CREBBP;ARAP3;FNDC3B;GIMAP8;HLA-B;HCFC1;RERE;SGK1;PCBP1;MED16;NARF;STAT3;UBAP1;ERGIC1;MYH9;SEC14L1;ARHGAP30;ZHX2;RNF114;SMNDC1,HSPA1A;MLKL;FCGR3B;CXCR2;NFE2;FGR;SIGLEC10;SERPINA1;TNFRSF1A;YBX3;RBM47;CYBA;ITGB2;TNFRSF1B;CCR2;SLA;SLC7A5;CD300A;RAB24;HLA-DRA;LCP1;LPAR2;SELL;BANP;WAS;RNASET2;TSC22D3;PTBP1;FOS;CD14;MMP25;HHEX;GRN;RXRA;PDLIM7;SIGLEC14;TAGLN2;RAC2;WLS;CTDSP2;EMILIN2;IRF2BP2;LRP10;ZNF217;PLSCR1;TNFAIP6;DNAJB6;NOTCH1;TGFBR2;HERPUD1;ZC3HAV1;KIF5B;CPQ;FRAT1;ALDH2;HDAC1;LILRA6;RAB11FIP1;TCN1;ARHGDIB;ANTXR2;GAB3;NABP1;TLR4;NPL;CREBBP;ARAP3;FNDC3B;GIMAP8;HLA-B;HCFC1;RERE;SGK1;PCBP1;MED16;NARF;STAT3;UBAP1;ERGIC1;MYH9;SEC14L1;ARHGAP30;ZHX2;RNF114;SMNDC1;GLB1;DCAF12;TIPARP;UBC;CYTIP;POGK;RALBP1;RAF1;WDR1;FBXO33;WAC;GNAI2;CPSF1;STX4;ARHGAP25;ABHD5;NACA;NUCB1;RNF40;TMBIM1;RNF145;RBM33;CYBB;B4GALT5;CHST15;PCBP2;SPEN;RNF149;TUBB;CLEC16A;BTF3;MAN2B2;RRBP1;CAPNS1;ST6GAL1;TFDP1;HMGB2;ZC3H4;ARID1A;CAMK2G;VPS26B;ARF1;CPVL;ADD1;IFIH1;L3MBTL2;RNF130;TMEM179B;HNRNPA2B1;PGRMC2;MTMR3;DERL1;SH3GLB1;SDF4;WBP2;MTMR14;EIF3L;FOXO3;PPP4R1;PSMB10;PLCG2;PSAP;ZMIZ1;RHOG;JARID2;SLCO3A1;NCOA1;EFTUD2;CTNNA1;TMEM158;UBA7;NCOA6;NAAA;AKIRIN2;AP1M1;RFTN1;JAK1;MARCKS;GABARAPL2;RNF34;PARP1;MORF4L1;RNF19A;CAP1;RB1CC1;PGAM4;LIMS1;TLR1;SOD2;ADAR;SP3;PRKCD;THUMPD1;KDM3B;CLNS1A;IGF2BP2;HARS2;PPP1R21;ERICH1;KDM2B;CLINT1;CMIP;ITGB1BP1;IK;ZC3H7A;LMO2;BTN2A1;CHD1;NOMO1;SRSF5;ELF2;TMEM140;TALDO1;TACC1;ARPC5;ALOX5;SNCA;FNBP1;CALM2;CAB39;EIF4A3;LRRK2;ACAP2;RNF103;TRIP12;WDR37;PGAM1;YIPF6;NCOA4;UBE3C;ROCK2;DCAF7;SLC6A6;TTC27;CD300LF;PRR13;SDE2;SMAP2;GAB2;TRMT5;SPAG9;MYADM;PPT1;ZFAND5;GTPBP4;ATP6V1B2;PTBP3;GDI2;SNRK;SH3KBP1;TMED7;SON;DPYD;CYSLTR1;TM2D3;SYPL1;YWHAB;RBL2;RNF13;DENND5A;CDC42;TMEM87A;RUNDC1;PCMTD1;SCAF11;EXO5;CITED2;PHIP;DIP2B;NUP93;TOMM20;IWS1;EIF4E3;CLIC4;BNIP3L;PRKCB;PSME4;SERF1B;TRIM58;NKTR;TXK;PDE7A;FBXO7;IST1;GAS7;UVSSA;SHCBP1;AMY2A,"[2, 36, 144, 169, 234, 382, 433, 459, 465, 466, 469, 470, 507, 525, 711, 734, 790, 812, 824, 855, 901, 903, 928, 931, 985, 1017, 1034, 1204, 1219, 1238, 1297, 1312, 1328, 1409, 1414, 1533, 1537, 1635, 1657, 1753, 1794, 1836, 1876, 1898, 1987, 1998, 2051, 2094, 2124, 2276, 2284, 2356, 2372, 2381, 2440, 2627, 2643, 2711, 2740, 2742, 2764, 2873, 2903, 2939, 2943, 3077, 3144, 3245, 3264, 3273, 3292, 3323, 3436, 3441, 3495, 3545, 3562, 3627, 3641, 3676, 3716, 3731, 3774, 3820, 3849, 4038, 4083, 4114, 4171, 4243, 4264, 4423, 4575, 4639, 4886, 5043, 5047, 5060, 5094, 5124, 5145, 5174, 5195, 5229, 5447, 5597, 5741, 5847, 5910, 5966, 5999, 6017, 6038, 6040, 6085, 6328, 6347, 6372, 6549, 6550, 6570, 6590, 6602, 6684, 6757, 6818, 6886, 6957, 6970, 7032, 7155, 7244, 7248, 7364, 7426, 7432, 7456, 7457, 7558, 7599, 7678, 7912, 7929, 8036, 8058, 8064, 8082, 8160, 8233, 8284, 8343, 8350, 8358, 8375, 8394, 8446, 8454, 8462, 8488, 8522, 8602, 8760, 8773, 8813, 8856, 8903, 9012, 9023, 9027, 9043, 9177, 9243, 9285, 9365, 9405, 9600, 9634, 9747, 9758, 9787, 9793, 9802, 9878, 9928, 9947, 10019, 10187, 10194, 10350, 10386, 10397, 10449, 10489, 10509, 10578, 10599, 10600, 10674, 10698, 10736, 10750, 10807, 10852, 10877, 11027, 11039, 11062, 11146, 11183, 11185, 11238, 11351, 11360, 11387, 11403, 11451, 11640, 11809, 11844, 11980, 12012, 12013, 12048, 12098, 12107, 12159, 12214, 12235, 12247, 12383, 12573, 12651, 12693, 12792, 12822, 12829, 13048, 13053, 13103, 13124, 13152, 13201, 13331, 13716, 13763, 13775, 13855, 14035, 14068, 14085, 14199, 14327, 14365, 14374, 14611, 14737, 14783, 14949, 14951, 15148, 15245, 15302, 15509, 15594, 15604, 15781, 15969, 16187, 16242, 16432, 16437, 16442, 17417]",c7.vax__QI_PBMC_ZOSTAVAX_AGE_50_75YO_CORRELATED_WITH_CONTRACTION_OF_VZV_SPECIFIC_T_CELLS_PEAK_TO_28DY_AT_1DYPOSITIVE
c7.vax,PATEL_SKIN_OF_BODY_ZOSTAVAX_AGE_70_93YO_VZV_CHALLENGE_6HR_UP,prerank,0.3813623304120411,1.7900943423109208,0.0,0.007479685431471737,0.238,72_268,72/268,17.10%,MT1M;FCGR3B;MT2A;SOCS3;IL4R;FAM20A;PLAUR;MT1E;NFIL3;KCNJ15;FCGR2A;BCL3;C3AR1;HGF;FGR;SERPINA1;TNFRSF1A;RAB3IL1;LYZ;CXCL1;CCL2;IKZF1;TM4SF1;IL6;IRF1;FOSL1;ICAM1;CXCL3;SELL;SLC2A3;SERPINA3;FPR1;BCL2A1;SRGN;SECTM1;BIRC3;SAMD4A;FOSL2;STEAP4;STOM;OSMR;ZFP36L1;IL6R;CXCL10;CTDSP2;GFPT2;ARHGAP31;LILRB2;ZNF217;CCR1;SERPINE1;PLSCR1;TNFAIP6;ABCA1;CHSY1;APOL2;C16orf54;SRGAP1;PTPRC;PLEK;IFNGR2;CDC42EP4;IL1B;PPP4R2;RIT1;IL1RL1;CNN3;SLC39A14;NABP1;TLR4;RAB27A;ITGAX,MT1M;FCGR3B;MT2A;SOCS3;IL4R;FAM20A;PLAUR;MT1E;NFIL3;KCNJ15;FCGR2A;BCL3;C3AR1;HGF;FGR;SERPINA1;TNFRSF1A;RAB3IL1;LYZ;CXCL1;CCL2;IKZF1;TM4SF1;IL6;IRF1;FOSL1;ICAM1;CXCL3;SELL;SLC2A3;SERPINA3;FPR1;BCL2A1;SRGN;SECTM1;BIRC3;SAMD4A;FOSL2;STEAP4;STOM;OSMR;ZFP36L1;IL6R;CXCL10;CTDSP2;GFPT2;ARHGAP31;LILRB2;ZNF217;CCR1;SERPINE1;PLSCR1;TNFAIP6;ABCA1;CHSY1;APOL2;C16orf54;SRGAP1;PTPRC;PLEK;IFNGR2;CDC42EP4;IL1B;PPP4R2;RIT1;IL1RL1;CNN3;SLC39A14;NABP1;TLR4;RAB27A;ITGAX;IL13RA1;VCAN;ATF1;RGS16;EFHD2;ETS1;CXCL2;CD44;PRRX1;SERPINB9;SAMSN1;DOK5;SMARCA1;IFI16;FGD6;CLEC7A;HAPLN3;ATP11C;PATL1;JAK3;ZBTB2;CRY1;FZD5;UGDH;RAB23;MRPL44;MIDN;PPP1R15B;LARP4;TGFBR1;NEK6;APOL3;RNF145;IFNGR1;IL6ST;GBP1;TJP2;STAU1;B4GALT5;GOLPH3;CHST15;SDCBP;GPR65;UAP1;NNMT;TMEM70;SERPINB1;LYN;LIFR;SH2B3;CD83;AKAP12;DAB2;TSHZ3;FGL2;CHSY3;GPR183;MED13L;COL15A1;NAP1L1;CCDC50;TNFAIP2;DERL1;INTS6;ELK4;RRP1B;PAK2;UGCG;WTAP;MIER1;ZFX;CSF2RB;SEC24D;RP2;SSR1;RPS6KB1;PHACTR2;VEZF1;STK3;RYBP;IRGQ;DDX3X;KPNA4;ZNF267;RHEB;ARFGAP3;MARCKS;RNF19A;SPRED1;PCGF5;SLC41A2;UBE2W;NAMPT;PPTC7;IFT57;AHR;MECP2;PIP4K2A;GNAQ;RRN3;SEC24A;SIPA1L1;MGAT2;ASAP1;CDC42EP3;FEM1B;DNAJB9;CCDC71L;ZNF436;TXLNG;MYLIP;CHD1;ZNF567;CH25H;EML4;BASP1;THBS1;COQ10B;CHUK;ARHGAP18;MEDAG;PITPNB;MYO1B;CCNT1;YWHAG;ATP11A;BATF3;DHX33;SLC20A1;HPRT1;UBE2D1;SIN3A;PTP4A2;PPP3R1;C2orf69;RBPJ;NCOA7;CDC42EP2;NMD3;CDK12;PTGER4;SLC25A37;PDPN;TMEM200A;VMP1;ADAM19;DDX21;FAM3C;GABPB1;ATP13A3;TPBG;BZW1;ATP2B1;CCL8;SLC4A7;SRSF11;PRRC2C;ARL13B;CDC27;BLOC1S6;SELE;DIMT1;EIF1AX;TAF2;CCNJ;SRFBP1;SULF1;MCTP1;CDK17;SYNJ2;VCAM1;STX12;ATAD1;G3BP2;EIF4E;FAM76B;SV2B;RHOU;PTX3;ZEB2;ANKRD28;SCAF8;MTMR9;APOL6;GOLT1B;NR4A3;KLF10;ACSL4;CSGALNACT2;GCA;NRIP3;DUSP6;IRX2;MYB;GREM1;HDC,"[126, 144, 145, 158, 222, 287, 295, 308, 310, 311, 313, 332, 349, 374, 382, 459, 465, 481, 574, 594, 636, 693, 694, 719, 753, 828, 847, 873, 928, 935, 958, 1004, 1133, 1146, 1275, 1351, 1352, 1355, 1358, 1517, 1558, 1595, 1632, 1647, 1753, 1770, 1783, 1887, 1898, 1907, 1969, 1987, 1998, 2070, 2093, 2156, 2251, 2285, 2422, 2474, 2560, 2569, 2654, 2727, 2824, 2840, 2853, 2870, 2903, 2939, 2940, 2994, 3069, 3195, 3239, 3278, 3718, 3740, 3816, 4043, 4073, 4132, 4147, 4182, 4231, 4346, 4353, 4462, 4585, 4612, 4667, 4746, 4879, 4903, 4914, 4930, 4983, 4998, 5018, 5206, 5218, 5314, 5536, 5545, 5597, 5652, 5726, 5727, 5751, 5817, 5910, 5951, 5966, 5990, 6067, 6299, 6420, 6495, 6571, 6593, 6638, 6650, 6688, 6752, 6756, 6865, 6896, 6973, 7031, 7128, 7145, 7238, 7283, 7305, 7456, 7478, 7510, 7530, 7541, 7602, 7635, 7675, 7729, 7897, 7971, 8072, 8106, 8108, 8156, 8158, 8220, 8312, 8336, 8466, 8509, 8553, 8608, 8688, 8773, 9023, 9042, 9072, 9077, 9099, 9148, 9214, 9266, 9440, 9465, 9490, 9500, 9709, 9733, 9811, 9900, 9940, 10042, 10090, 10291, 10320, 10323, 10369, 10462, 10489, 10552, 10558, 10559, 10595, 10764, 10780, 10904, 10950, 11043, 11085, 11111, 11200, 11283, 11394, 11556, 11598, 11619, 11740, 11751, 11790, 11799, 11883, 12040, 12042, 12171, 12254, 12259, 12313, 12343, 12360, 12416, 12643, 12668, 12696, 12765, 12782, 12897, 12899, 12974, 13029, 13348, 13457, 13502, 13537, 13659, 13697, 13789, 13917, 14111, 14127, 14150, 14154, 14212, 14315, 14363, 14372, 14385, 14543, 14570, 14584, 14629, 14672, 14751, 14797, 14922, 15059, 15139, 15293, 15358, 15368, 15421, 15564, 15682, 15706, 15725, 15786, 16083, 16271, 16283, 16481, 16644, 17052, 17275, 17330]",c7.vax__PATEL_SKIN_OF_BODY_ZOSTAVAX_AGE_70_93YO_VZV_CHALLENGE_6HR_UP
c7.vax,HOEK_NK_CELL_2011_2012_TIV_1D_VS_0DY_ADULT_1D_DN,prerank,0.504489608559405,1.7857851528282465,0.0020876826722338203,0.007542452022505066,0.25,15_44,15/44,13.07%,TMEM150B;TNNI2;LILRA5;NCF4;KIF19;EVA1B;SLC15A3;ZNF467;SOX12;JSRP1;LILRA4;HLA-DQA1;LYL1;SLX1A;PCSK4,TMEM150B;TNNI2;LILRA5;NCF4;KIF19;EVA1B;SLC15A3;ZNF467;SOX12;JSRP1;LILRA4;HLA-DQA1;LYL1;SLX1A;PCSK4;ST14;LTK;AVPI1;ADAT3;PRSS36;ENHO;ALKBH7;SUSD3;AXIN2;FBXW9;TTC24;FXYD7;TIGD5;DNPH1;RTN4R;IQSEC2;FRS3;CENPM;COL18A1;ASB13;TRIM46;IGFBP7;MAPK8IP1;TMEM238;PLA2G7;PDXP;TTLL10;UPK2;GOLGA8R,"[256, 274, 324, 392, 417, 514, 976, 1206, 1342, 1682, 1689, 1718, 1861, 2149, 2288, 3236, 3537, 3706, 3714, 4086, 4478, 4571, 4797, 4815, 5061, 5415, 5667, 6195, 7047, 8003, 8489, 9197, 9636, 10285, 10684, 11341, 11361, 11405, 11928, 12277, 13444, 16302, 16333, 16675]",c7.vax__HOEK_NK_CELL_2011_2012_TIV_1D_VS_0DY_ADULT_1D_DN
c7.vax,ZAK_PBMC_MRKAD5_HIV_1_GAG_POL_NEF_AGE_20_50YO_3DY_UP,prerank,0.42082773624080383,1.7811487773220631,0.0,0.007932999700045781,0.264,62_125,62/125,26.00%,HSPA6;C3AR1;C1QB;TLR2;FFAR2;FGD2;LRRC25;LGALS9;TRIM5;IL1RN;ABI3;IFITM1;FCGR3A;IFITM3;CSF1R;SECTM1;GPBAR1;GRN;CARD6;MS4A4A;CXCL10;CASP5;MOV10;CCR1;TAP1;PLSCR1;MERTK;TRIM22;PML;FPR2;SERPING1;P2RX7;SIGLEC1;SIGLEC7;TFEC;CALML4;TLR6;TNFSF13B;FLVCR2;IRF9;HAVCR2;GIMAP8;IFI27;FPR3;CASP10;LST1;PARP9;OAS1;LGALS9B;GCH1;ALPK1;UBE2L6;LY6E;IFI16;FGD6;MX2;JUP;TRIM21;CLEC7A;AIM2;TOR1B;USP18,HSPA6;C3AR1;C1QB;TLR2;FFAR2;FGD2;LRRC25;LGALS9;TRIM5;IL1RN;ABI3;IFITM1;FCGR3A;IFITM3;CSF1R;SECTM1;GPBAR1;GRN;CARD6;MS4A4A;CXCL10;CASP5;MOV10;CCR1;TAP1;PLSCR1;MERTK;TRIM22;PML;FPR2;SERPING1;P2RX7;SIGLEC1;SIGLEC7;TFEC;CALML4;TLR6;TNFSF13B;FLVCR2;IRF9;HAVCR2;GIMAP8;IFI27;FPR3;CASP10;LST1;PARP9;OAS1;LGALS9B;GCH1;ALPK1;UBE2L6;LY6E;IFI16;FGD6;MX2;JUP;TRIM21;CLEC7A;AIM2;TOR1B;USP18;NMI;CD101;MYOF;CD300E;CMKLR1;IGSF6;TCF7L2;GBP1;SHISA5;MAFB;HERC5;NLRC4;DHX58;IFIH1;XAF1;LGALS3BP;CX3CR1;TDRD7;PARP12;SAMD9;IFIT1;TRIM38;MX1;SP110;SUOX;HSH2D;MARCKS;ZNFX1;KCNJ2;TLR1;EIF2AK2;SIDT2;OAS3;SLC20A1;ANKFY1;SAMD9L;OAS2;LAP3;IFIT2;ACP2;CYSLTR1;ZBP1;FPGT;MBOAT1;SQLE;MTSS1;IFI6;IFIT3;EPSTI1;HERC6;KMO;SLC38A9;CMPK2;TNFSF10;OASL;RSAD2;SCARB2;STAT1;DUSP6;DDX60;IFI44;WSB1;IFI44L,"[0, 349, 399, 493, 655, 663, 705, 764, 786, 793, 800, 842, 954, 970, 973, 1275, 1276, 1328, 1423, 1623, 1647, 1649, 1790, 1907, 1919, 1987, 2013, 2064, 2122, 2137, 2181, 2249, 2287, 2377, 2463, 2515, 2518, 3052, 3109, 3170, 3229, 3264, 3312, 3317, 3353, 3419, 3488, 3619, 3635, 3660, 4065, 4279, 4330, 4346, 4353, 4368, 4440, 4452, 4462, 4484, 4552, 4553, 5088, 5107, 5210, 5238, 5370, 5466, 5609, 5727, 5831, 6096, 6159, 6386, 6611, 7032, 7088, 7121, 7438, 7927, 8015, 8115, 8117, 8176, 8341, 8508, 8636, 8716, 8773, 8830, 8941, 9285, 9688, 10446, 10622, 11619, 11998, 12091, 12167, 12648, 12748, 13075, 13103, 13120, 13129, 13526, 13634, 13911, 14097, 14434, 14518, 14735, 14746, 14754, 14841, 15232, 15788, 15853, 15918, 16067, 16481, 16525, 16698, 16707, 17246]",c7.vax__ZAK_PBMC_MRKAD5_HIV_1_GAG_POL_NEF_AGE_20_50YO_3DY_UP
c7.vax,NAKAYA_PBMC_FLUAD_IMUVAC_MALE_AGE_14_27YO_CORRELATED_WITH_HAI_RESPONSE_MF59_ADJUVANTED_AND_NON_1DY_GENES_IN_BTM_M75_POSITIVE,prerank,0.6220012198705317,1.7742058532785383,0.006134969325153374,0.008572375795273353,0.286,9_18,9/18,15.16%,CARD9;IRF7;BCL3;C1QB;ANXA3;CXCL10;PML;SERPING1;IL1B,CARD9;IRF7;BCL3;C1QB;ANXA3;CXCL10;PML;SERPING1;IL1B;OAS1;RARA;HERC5;DHX58;IFIH1;IFIT1;OAS3;RSAD2;DDX60,"[147, 229, 332, 399, 1349, 1647, 2122, 2181, 2654, 3619, 4735, 6159, 6611, 7032, 8117, 10622, 15853, 16525]",c7.vax__NAKAYA_PBMC_FLUAD_IMUVAC_MALE_AGE_14_27YO_CORRELATED_WITH_HAI_RESPONSE_MF59_ADJUVANTED_AND_NON_1DY_GENES_IN_BTM_M75_POSITIVE
c7.vax,HARALAMBIEVA_PBMC_FLUARIX_AGE_50_74YO_CORR_WITH_28D_MEM_B_CELL_RESPONSE_AT_28DY_POSITIVE,prerank,0.33139422558367826,1.7598447547155869,0.0,0.009846252568880352,0.327,317_1140,317/1140,19.79%,G0S2;MMP9;KLK1;SMTN;EPHA2;RHBDF2;HIC1;FCGR3B;ADM;MKNK2;GALR2;LRG1;GJB2;GEM;TNFRSF12A;GPRC5A;TMEM150B;CKS2;ZC3H12A;SLC17A9;PLAUR;GAS2L3;NCF1;NFIL3;KCNJ15;CEBPD;VNN1;BCL3;JDP2;ECHDC3;PRICKLE4;NCF4;CDA;METRNL;SIRPB2;SIGLEC10;NFKBIA;HMOX1;HEYL;CEBPB;YBX3;RBM47;LILRB1;TGIF1;MYO1F;C5AR1;ANKLE1;TNFRSF1B;MTHFD2;MS4A14;HLA-DRB5;SPIB;STX11;HLA-DRB1;CEACAM4;CCL20;PIK3R5;LYZ;RASGRP4;SESN2;KANK2;CBX2;BCL6;IRF8;GPR84;PXDC1;FFAR2;TYROBP;TLR9;RNASE6;FGD2;SPI1;RAB20;OSGIN1;CDKN1A;IL6;BPI;CLDN23;EIF4EBP1;SLC7A5;HLX;ELF4;C15orf39;SYK;KLF2;CIITA;CD86;FOSL1;ICAM1;CSF3R;MID1IP1;HLA-DRA;SMCO4;ADAMTSL4;TNFRSF10B;HLA-DMB;SLC1A5;VEGFA;SIK1;SLC2A3;ZNF768;S1PR3;NBPF10;CSF1R;SLC15A3;TNFRSF10C;RNASET2;KCNQ1;MAP2K3;TRIM8;TAS1R3;PALD1;ITPRIPL2;SHKBP1;REEP4;TRAM2;CHRNE;TBXAS1;RREB1;GUCY2D;PNPLA2;BCL2A1;LATS2;SRGN;TUBB6;IER5;DOK3;ARHGAP42;NUDT17;RFX1;CD80;ITPRIP;IMPA2;TLE3;FOLR3;GRN;RASD1;FOSL2;B9D2;MOB3A;ZNF503;ZNF703;VIM;PDLIM7;TREM1;RIN3;KLF4;RASSF8;CXCL16;P2RY11;FAM43A;LY86;TMEM255B;SIGLEC14;PTTG1IP;OXER1;MCL1;SMARCD3;CD34;ZNF516;NFKBIZ;SCARF1;EMP1;LILRA4;HLA-DMA;SOX15;PLD4;DOCK2;BTK;UBALD1;CRISPLD2;FCAR;ZFP36;ABCD1;SLC30A1;UNC93B1;CCR1;PIM3;MIER2;NADK;BMF;SCAMP2;ARL4A;LHFPL2;PIAS4;SLC19A1;SERPINE1;TNFAIP6;SOAT1;TICAM1;MERTK;SNAI1;SAT1;MAP3K8;SWAP70;PLEKHO2;PAK4;ABCA1;IER2;ARID3A;C5AR2;NINJ1;HS6ST1;PLEKHM2;FPR2;DSE;WDFY4;SH2B2;PMAIP1;ST6GALNAC2;BCL2L2-PABPN1;P2RX7;IER3;PPP1R15A;HERPUD1;KDM6B;TKT;PLBD1;SPHK1;RHOQ;CLEC12A;NFKBID;KIF5B;NAB2;HES1;FRAT1;JUN;RPP21;RGS2;AKT1S1;SLC12A3;ALDH2;TFEC;CENPW;PLEK;HAL;ESRRA;MED26;C11orf96;PYCARD;TLR6;PFKFB3;MXD1;THBD;IFNGR2;DPP3;CDC42EP4;MED25;NT5DC2;EPN1;CTSZ;IL1B;MFSD2A;NOTCH3;MILR1;SRC;RAB11FIP1;HIC2;ZNF385A;STX10;ELOF1;SIGLEC15;RIT1;ARHGEF40;COTL1;ZNF124;NFE2L2;GLUL;EPHX3;HSPA4;GSTP1;ACP5;TLR4;FAM117B;FCN1;AZU1;ITGAX;FTL;OAF;FLII;JUND;GAS6;TMEM39B;SAP30;SH3PXD2B;DNAJC3;MAT2A;NCF2;KYNU;DNMBP;MAPK12;TTC7A;SOCS4;SCARB1;ANO8;CD302;ST14;OTUD1;FNDC3B;RNF122;ABTB2;EVI2B;DOT1L;MYD88;TRIM26;DSC2;MAFG;IL1R1;CMTM6;ARG2;ZDHHC7;SGK1;EME2;OSM;CLIP2;EMC6;NCKAP1L,G0S2;MMP9;KLK1;SMTN;EPHA2;RHBDF2;HIC1;FCGR3B;ADM;MKNK2;GALR2;LRG1;GJB2;GEM;TNFRSF12A;GPRC5A;TMEM150B;CKS2;ZC3H12A;SLC17A9;PLAUR;GAS2L3;NCF1;NFIL3;KCNJ15;CEBPD;VNN1;BCL3;JDP2;ECHDC3;PRICKLE4;NCF4;CDA;METRNL;SIRPB2;SIGLEC10;NFKBIA;HMOX1;HEYL;CEBPB;YBX3;RBM47;LILRB1;TGIF1;MYO1F;C5AR1;ANKLE1;TNFRSF1B;MTHFD2;MS4A14;HLA-DRB5;SPIB;STX11;HLA-DRB1;CEACAM4;CCL20;PIK3R5;LYZ;RASGRP4;SESN2;KANK2;CBX2;BCL6;IRF8;GPR84;PXDC1;FFAR2;TYROBP;TLR9;RNASE6;FGD2;SPI1;RAB20;OSGIN1;CDKN1A;IL6;BPI;CLDN23;EIF4EBP1;SLC7A5;HLX;ELF4;C15orf39;SYK;KLF2;CIITA;CD86;FOSL1;ICAM1;CSF3R;MID1IP1;HLA-DRA;SMCO4;ADAMTSL4;TNFRSF10B;HLA-DMB;SLC1A5;VEGFA;SIK1;SLC2A3;ZNF768;S1PR3;NBPF10;CSF1R;SLC15A3;TNFRSF10C;RNASET2;KCNQ1;MAP2K3;TRIM8;TAS1R3;PALD1;ITPRIPL2;SHKBP1;REEP4;TRAM2;CHRNE;TBXAS1;RREB1;GUCY2D;PNPLA2;BCL2A1;LATS2;SRGN;TUBB6;IER5;DOK3;ARHGAP42;NUDT17;RFX1;CD80;ITPRIP;IMPA2;TLE3;FOLR3;GRN;RASD1;FOSL2;B9D2;MOB3A;ZNF503;ZNF703;VIM;PDLIM7;TREM1;RIN3;KLF4;RASSF8;CXCL16;P2RY11;FAM43A;LY86;TMEM255B;SIGLEC14;PTTG1IP;OXER1;MCL1;SMARCD3;CD34;ZNF516;NFKBIZ;SCARF1;EMP1;LILRA4;HLA-DMA;SOX15;PLD4;DOCK2;BTK;UBALD1;CRISPLD2;FCAR;ZFP36;ABCD1;SLC30A1;UNC93B1;CCR1;PIM3;MIER2;NADK;BMF;SCAMP2;ARL4A;LHFPL2;PIAS4;SLC19A1;SERPINE1;TNFAIP6;SOAT1;TICAM1;MERTK;SNAI1;SAT1;MAP3K8;SWAP70;PLEKHO2;PAK4;ABCA1;IER2;ARID3A;C5AR2;NINJ1;HS6ST1;PLEKHM2;FPR2;DSE;WDFY4;SH2B2;PMAIP1;ST6GALNAC2;BCL2L2-PABPN1;P2RX7;IER3;PPP1R15A;HERPUD1;KDM6B;TKT;PLBD1;SPHK1;RHOQ;CLEC12A;NFKBID;KIF5B;NAB2;HES1;FRAT1;JUN;RPP21;RGS2;AKT1S1;SLC12A3;ALDH2;TFEC;CENPW;PLEK;HAL;ESRRA;MED26;C11orf96;PYCARD;TLR6;PFKFB3;MXD1;THBD;IFNGR2;DPP3;CDC42EP4;MED25;NT5DC2;EPN1;CTSZ;IL1B;MFSD2A;NOTCH3;MILR1;SRC;RAB11FIP1;HIC2;ZNF385A;STX10;ELOF1;SIGLEC15;RIT1;ARHGEF40;COTL1;ZNF124;NFE2L2;GLUL;EPHX3;HSPA4;GSTP1;ACP5;TLR4;FAM117B;FCN1;AZU1;ITGAX;FTL;OAF;FLII;JUND;GAS6;TMEM39B;SAP30;SH3PXD2B;DNAJC3;MAT2A;NCF2;KYNU;DNMBP;MAPK12;TTC7A;SOCS4;SCARB1;ANO8;CD302;ST14;OTUD1;FNDC3B;RNF122;ABTB2;EVI2B;DOT1L;MYD88;TRIM26;DSC2;MAFG;IL1R1;CMTM6;ARG2;ZDHHC7;SGK1;EME2;OSM;CLIP2;EMC6;NCKAP1L;IL17RC;KLF6;CBFA2T3;NFKBIB;VPS37C;TFIP11;ELF1;DENND3;FRRS1;MAN2B1;SLC25A34;TRAF7;ZMYND15;PLEKHM1;SEC14L1;SLC7A11;FCHSD2;CCRL2;FBXO30;ULK1;ZBTB34;CD68;LDLRAD3;STEAP3;INSR;CCNK;SOWAHC;TFE3;GNA15;RILPL2;STK17B;OSR2;MAP3K3;LDLR;BHLHA15;BCL2L11;ZNF746;SQSTM1;SERPINB9;SIPA1L3;NPEPL1;UBC;MEX3B;GNG5;DAPK1;ATF3;BHLHE40;MAP2K7;PLAGL2;IRS2;SEMA4A;GOLIM4;FGD6;SIRT1;ADRM1;JAG1;ID2;MAPK7;SEMA6B;ZFHX3;HNRNPAB;TNS3;ATPAF2;MTX1;ZC3H12C;UAP1L1;ATF5;NANS;HBP1;DVL3;RAF1;NCOR2;GALNT2;ERCC5;TUBB4B;TNFSF13;RIPK2;LASP1;RRAGC;PANX2;RARA;CWC25;CRK;SMARCB1;CCDC103;GABARAPL3;BOP1;SRSF9;SOX5;KHSRP;ZNF614;LACTB;HCAR2;MOB1A;COBL;FAM53C;DDX49;SLC35E4;VSIG10L;MIDN;MFAP3;GNAI2;ZFAND3;ANXA1;STRN4;DCUN1D3;NEDD9;FAM124B;MFAP1;ABHD5;MAFK;ATP6V0B;PGD;BAMBI;PPP1R15B;TBC1D8;BLVRB;DSG2;CD300E;COX5B;CNIH4;HES4;DOCK1;MAPRE3;CTIF;CARM1;MUL1;ID1;C19orf38;IGSF6;NUDT3;LILRB4;DLC1;SIN3B;UBE2E2;CLN6;SLC22A18;BNIP2;TNRC18;PLXND1;IFNGR1;CLMN;NR6A1;OSGIN2;SH3BP4;TMEM175;HDAC6;FEM1C;NKIRAS2;POU2F2;PIK3CG;CCDC6;HSPG2;GAPDH;NFIC;PLXDC2;CYBB;ITGA9;PCDHGC3;GRINA;INO80B;ARHGAP24;TTC4;ATP6V1F;KCNA5;CLPTM1;CHST15;GAB1;SDCBP;RAB39A;NR4A2;RNF24;FAM151B;PSMD3;KLHL2;PILRA;MAFB;SERPINF1;PTGES;LDHD;SULF2;NUBP1;CST3;WDR45B;CYC1;TRAK1;NRP1;GNA11;SAMD4B;RRBP1;OLIG1;KSR1;THEMIS2;PELI1;PISD;BANK1;LYSMD3;NUMB;ISG20L2;ELL;MAPRE1;MLX;KDM4B;NADSYN1;BCL10;ZBTB7A;KLHL15;SERPINB1;RRP12;LGR4;LYN;BACH1;GUSB;CCDC86;CIDEB;SLC2A6;DENND1A;CD83;ROCK1;DNASE1L1;C15orf48;DNM2;SPRY2;S100Z;WIPI1;UCHL3;RASL10A;ARF1;SLC16A5;EIF4A1;CASP9;MYO9B;BAG6;CHRAC1;LOXL3;DOCK5;NHS;TSPAN13;SAP130;TIAM2;ERG;AP2A1;FKBP9;SMAD1;MED13L;HAAO;ARL5B;ZBTB33;MNT;LRRK1;GRAMD4;SGK3;P2RX1;CERS6;GPR27;ZBTB21;RNF130;MAP3K11;TMEM39A;CCDC50;IFT20;KREMEN1;LAMB3;TNFAIP2;CD55;RAB8A;TOP1;TXNRD1;PELI2;RAB35;MTMR3;LRRC58;RELB;OGFRL1;GTF2B;LILRA1;TUBGCP2;FAM110B;CKAP4;PI4K2A;SCN9A;PSMB7;UGCG;SGMS2;GLA;TBC1D9B;IKBKG;PCCA;MTMR14;FAM91A1;FTH1;NR1H2;PSMD11;OCRL;STK32B;TSG101;ALDH3B1;TAF13;AP1B1;RMND5A;TMEM104;CSF2RB;NRARP;FOSB;FOXO3;ETS2;IFI30;GPX3;GINM1;BHLHE41;ACVR1B;PLCG2;RP2;RELT;C2orf49;ATOX1;CBX8;VAV2;ZMIZ1;KCTD5;SLC22A18AS;HIF1A;KLHL8;TRIO;CHMP1B;PNPLA1;SLC29A1;RUSC2;DYSF;JARID2;ZNF844;RYBP;ERF;NFKBIE;BAK1;SCAMP4;SKIL;DDX3X;MITF;PNPLA8;AKIRIN2;IQSEC2;ARL8A;PLD2;ZNF267;SEMA7A;TMEM127;MCM5;ZFR;SLC43A2;RHOB;VPS26A;PLVAP;SPOPL;NAT8L;SCAMP5;ACO2;RAD23B;JAK2;SFXN3;MCU;ZNF689;BMP8B;GUCD1;RNASEK;TMEM167B;EIF4E2;KCNJ2;GMEB1;ZFAT;DERA;NDEL1;MTMR10;PRKACA;RB1CC1;UBE2W;MAP3K2;NAMPT;MPV17L2;SMPD3;ATP6V0C;PPM1J;TCF4;LRRC59;APLP2;YPEL5;TLR1;SFT2D2;LGALS8;SNX2;RAB21;MGRN1;ACSL1;SOD2;CDC42BPB;KAT5;RAB5C;AHR;ETF1;CSNK1A1L;ADIPOR1;XXYLT1;LPCAT3;GNAQ;ZNF330;MROH1;ARL6IP1;LYNX1;IRF4;ABAT;DLX2;MARVELD1;UBE2J1;RAB1A;ZBTB43;CAT;THG1L;PROSER1;IGF2BP2;NIPAL2;LIN7A;SIPA1L1;TSC22D2;SLC38A7;TIMP2;HIP1;PTPRS;YWHAE;USP38;NAT1;ASAP1;ARHGAP23;PPP2R5B;DCUN1D1;THAP9;SLC35B1;TMEM167A;SCPEP1;SLC36A4;PNO1;TIGD3;CKAP2;GZF1;TMEM170B;RASGEF1B;TMEM38A;CMIP;AHNAK2;VAMP3;RCOR1;BAZ2B;SNX12;NLRP3;RDX;TM9SF2;EIF4G2;EIF4EBP3;DENND5B;CORO1C;YTHDF3;AP3B1;SIDT2;KIF13A;EXT1;CBX6;NRBF2;LENG9;BASP1;HINT3;TRIB1;GBGT1;FSCN1;FEZ2;ALOX5;PGM5;IQSEC1;ELL2;TTYH3;YPEL2;ARL8B;PIGS;RPS6KC1;DHX8;GPM6B;ALAS1;MON1B;SIPA1L2;TBC1D23;ACAD9;SLC19A2;MRPS22;DHTKD1;SNIP1;EIF4A3;TOR1AIP1;LRRK2;CCDC13;CAPZA1;PPP2CA;NAB1;AFF3;CPEB4;TRIP12;EREG;CDC5L;SPTY2D1;RIOK3;GPR141;AP5B1;DNAJC11;CCDC47;B3GNT5;YWHAG;SCRN1;ZNF184;ARHGAP1;KPNA3;PHLDA2;ARF4;DIAPH2;LONRF1;NCOA4;ATP11A;RAP2C;APOM;DYM;CHKA;IPMK;BRI3BP;RAPGEF2;PEAK1;FAM222A;BAHCC1;TGFBI;OAT;PLK2;CASP3;UBE2D1;EIF3A;SLC6A6;CNTLN;WASF1;USP3;TUBGCP3;ASAH1;CDC42EP1;GMFB;LRRC4;YIF1A;BCL2L2;HNRNPH2;LYST;GPR18;SNX29;GAB2;OLR1;KPNA2;ZNF593;SHD;SH3RF1;MYADM;ZFAND5;CDC42EP2;MICAL2;COL9A2;VPS25;PPIF;ICOSLG;EIF4H;KCNC3;RBBP8;DPPA4;KBTBD7;SLC25A37;ENTPD7;CXXC5;USP6NL;CLPB;TNFRSF13C;RPL7L1;MYO1E;USP8;PTPRE;MAN1A1;CADM4;TESK2;VMP1;PAK1IP1;TNFRSF21;IFIT2;DDX21;COBLL1;ABCA6;GRAMD1B;TMED7;ACBD3;RAB18;NR4A1;RAB5A;GABARAPL1;HBEGF;CYB5R4;GNL2;MPEG1;CUX2;GGN;KIAA0513;CUEDC1;SBF2;BZW1;DACH1;SOX4;C4orf46;LTB4R2;TPK1;TUBB3;HMGCR;KCTD3;F3;PICALM;DCTN4;ANGPT1;ZNF710;P2RY13;SKAP2;ING3;PRC1;WDR47;PLAGL1;SLC22A4;NDST1;ATP1B1;TMEM88;FAM98B;RABGEF1;MPP7;EIF3C;SETD7;KBTBD8;SCIMP;MDM2;ATP2A2;HMGXB4;PTGS2;CCSAP;RNF13;SLC31A1;STX16-NPEPL1;TET2;INCENP;PIP5K1B;MIS18BP1;MAPK8;TTLL4;SLC39A9;APP;SLC36A1;PRMT3;SPATA2L;ARRDC4;CCPG1;ZNF791;RGS7;NRIP1;SYT1;CD46;IL1RAP;ZNF532;SAPCD2;DUSP10;EPB41L2;SERINC1;RRM2B;MEF2C;HSPA13;MPO;TDG;EAF1;EFCAB11;CORO7-PAM16;PFKFB2;MCTP1;SHANK1;ADAM9;ARSG;NETO2;TBC1D2;PPM1L;ADAM17;NRAS;MAP1LC3B2;FRMD4B;STX12;TXNDC5;TXNDC16;MTMR6;C11orf24;AIMP2;GALNT3;RSRC1;SERPINB8;SLC38A9;GANC;SFPQ;MEF2A;PLXNC1;TSPYL5;MFAP4;CDK14;SSPN;MYO5A;CLIC4;TICAM2;SNX10;CREB5;REL;SEL1L;IGF2BP3;SNX13;MED29;CCNYL1;MAPK6;DICER1;PTX3;CCDC43;BNIP3L;USP16;BTBD3;IDI1;DOCK4;P2RY1;ZNF697;CHMP2B;FEM1A;JMJD1C;MACC1;MRPS17;RASL11A;COL24A1;TET3;ITFG1;IDH3A;ZNF100;SLC8A1;ZFP92;CEP170;OPN3;STS;BRWD3;PRLR;RAD9B;TMEM86A;GNB4;PJA2;CNNM4;NR4A3;TP53INP2;KLF10;SLX4;NSUN7;PPIP5K2;ACSL4;OASL;FILIP1L;SPRTN;WDR17;SCARB2;C9orf72;TBC1D9;AZI2;IQGAP2;MAML3;GEN1;SLC31A2;CDC40;TBC1D12;VRK2;SESTD1;CSGALNACT2;BCAT1;SLC35E3;GLTPD2;SLC30A9;PTP4A1;CYP51A1;RAD51AP1;ZNF281;MED12L;ZNF426;TMEM154;SERPINB2;FBN1;PXK;PHACTR1;GAS7;UVSSA;DUSP6;HRH2;DDO;HMGCS1;UGGT2;CCDC88A;ZNF521;MBTPS2;C17orf107;NHLRC3;TMEM144;CHML;PNOC;MED14;USP32;SLC12A6;RPH3A;TMTC2;TMEM52B;ALDH1A1;HDC;CD38;MME;SYS1-DBNDD2;NPR3;CLEC4F;SLC9A7,"[1, 9, 35, 53, 66, 115, 124, 144, 159, 171, 191, 197, 227, 249, 251, 252, 256, 262, 273, 286, 295, 305, 306, 310, 311, 312, 323, 332, 342, 364, 380, 392, 406, 409, 431, 433, 438, 444, 462, 464, 466, 469, 474, 475, 480, 497, 499, 525, 532, 539, 542, 547, 548, 558, 560, 561, 564, 574, 576, 586, 598, 600, 611, 613, 614, 641, 655, 656, 658, 662, 663, 677, 698, 703, 715, 719, 720, 748, 768, 790, 799, 803, 805, 810, 811, 815, 827, 828, 847, 848, 852, 855, 886, 896, 900, 914, 916, 930, 932, 935, 959, 960, 971, 973, 976, 1007, 1017, 1019, 1025, 1032, 1036, 1040, 1050, 1059, 1063, 1064, 1067, 1085, 1095, 1109, 1111, 1133, 1138, 1146, 1164, 1186, 1201, 1215, 1229, 1253, 1256, 1258, 1295, 1298, 1310, 1328, 1331, 1355, 1392, 1393, 1394, 1397, 1399, 1414, 1425, 1436, 1437, 1439, 1455, 1456, 1458, 1509, 1510, 1533, 1541, 1547, 1560, 1565, 1566, 1606, 1641, 1652, 1664, 1689, 1712, 1756, 1767, 1779, 1801, 1817, 1826, 1843, 1852, 1858, 1863, 1894, 1907, 1911, 1915, 1916, 1929, 1946, 1948, 1956, 1960, 1962, 1969, 1998, 2002, 2008, 2013, 2016, 2029, 2038, 2042, 2053, 2059, 2070, 2071, 2088, 2120, 2130, 2132, 2133, 2137, 2158, 2166, 2175, 2205, 2242, 2247, 2249, 2252, 2264, 2276, 2299, 2303, 2305, 2315, 2326, 2333, 2345, 2356, 2379, 2380, 2381, 2405, 2409, 2412, 2415, 2435, 2440, 2463, 2472, 2474, 2486, 2492, 2493, 2507, 2517, 2518, 2535, 2544, 2546, 2560, 2564, 2569, 2584, 2616, 2618, 2634, 2654, 2658, 2667, 2672, 2680, 2711, 2713, 2716, 2748, 2757, 2768, 2824, 2830, 2856, 2858, 2861, 2868, 2879, 2885, 2918, 2930, 2939, 2965, 2968, 2992, 2994, 3009, 3026, 3030, 3051, 3078, 3088, 3104, 3118, 3122, 3135, 3164, 3173, 3178, 3184, 3200, 3212, 3216, 3226, 3230, 3236, 3243, 3245, 3259, 3261, 3269, 3302, 3306, 3344, 3352, 3355, 3361, 3390, 3411, 3435, 3436, 3451, 3455, 3456, 3462, 3466, 3518, 3544, 3576, 3587, 3599, 3603, 3605, 3616, 3630, 3654, 3662, 3666, 3680, 3684, 3716, 3745, 3760, 3794, 3836, 3841, 3851, 3896, 3899, 3911, 3939, 3968, 3970, 3973, 3988, 3994, 3996, 3999, 4003, 4047, 4074, 4089, 4116, 4128, 4132, 4160, 4170, 4171, 4194, 4203, 4221, 4249, 4265, 4266, 4283, 4288, 4312, 4324, 4353, 4365, 4377, 4378, 4384, 4392, 4399, 4404, 4405, 4409, 4438, 4448, 4483, 4485, 4489, 4505, 4570, 4572, 4575, 4624, 4629, 4630, 4637, 4642, 4669, 4676, 4694, 4697, 4735, 4752, 4758, 4769, 4779, 4793, 4813, 4820, 4821, 4842, 4880, 4888, 4911, 4929, 4937, 4954, 4988, 5001, 5011, 5018, 5036, 5047, 5050, 5053, 5055, 5070, 5082, 5084, 5138, 5145, 5153, 5168, 5171, 5200, 5206, 5217, 5221, 5237, 5238, 5276, 5277, 5279, 5296, 5342, 5346, 5421, 5427, 5430, 5431, 5466, 5467, 5483, 5501, 5517, 5519, 5544, 5548, 5569, 5620, 5650, 5652, 5655, 5681, 5682, 5702, 5730, 5736, 5738, 5748, 5761, 5764, 5771, 5784, 5812, 5820, 5843, 5847, 5891, 5909, 5917, 5924, 5928, 5943, 5953, 5956, 5957, 5966, 5970, 5990, 6009, 6025, 6031, 6062, 6063, 6069, 6088, 6096, 6107, 6202, 6206, 6218, 6229, 6273, 6286, 6317, 6337, 6343, 6346, 6359, 6372, 6396, 6402, 6467, 6476, 6486, 6502, 6521, 6531, 6533, 6538, 6545, 6547, 6555, 6558, 6561, 6562, 6565, 6571, 6582, 6586, 6593, 6606, 6617, 6623, 6633, 6672, 6678, 6688, 6690, 6695, 6717, 6722, 6728, 6743, 6760, 6792, 6822, 6886, 6902, 6924, 6927, 6940, 6948, 6952, 6962, 6967, 7009, 7035, 7038, 7049, 7080, 7084, 7085, 7119, 7128, 7149, 7150, 7164, 7175, 7177, 7185, 7200, 7201, 7202, 7228, 7231, 7244, 7258, 7263, 7283, 7288, 7294, 7297, 7305, 7327, 7330, 7370, 7394, 7414, 7425, 7432, 7446, 7449, 7450, 7483, 7496, 7506, 7513, 7516, 7546, 7561, 7585, 7602, 7623, 7624, 7637, 7641, 7651, 7678, 7709, 7728, 7743, 7748, 7750, 7782, 7812, 7817, 7831, 7851, 7891, 7895, 7897, 7907, 7914, 7929, 7952, 7978, 7997, 8037, 8040, 8050, 8064, 8072, 8078, 8091, 8098, 8099, 8155, 8160, 8178, 8179, 8186, 8187, 8207, 8227, 8270, 8271, 8281, 8282, 8284, 8289, 8312, 8324, 8362, 8374, 8391, 8404, 8466, 8468, 8480, 8488, 8489, 8511, 8523, 8553, 8594, 8603, 8642, 8649, 8660, 8680, 8690, 8694, 8698, 8701, 8704, 8708, 8765, 8819, 8858, 8862, 8870, 8875, 8901, 8905, 8908, 8940, 8941, 8942, 8947, 8969, 8973, 8977, 8995, 9043, 9099, 9113, 9148, 9161, 9181, 9190, 9192, 9193, 9198, 9216, 9260, 9285, 9300, 9316, 9357, 9359, 9361, 9364, 9365, 9378, 9382, 9421, 9440, 9442, 9448, 9480, 9483, 9484, 9500, 9501, 9525, 9532, 9556, 9586, 9591, 9602, 9620, 9655, 9713, 9719, 9738, 9753, 9789, 9793, 9794, 9805, 9811, 9837, 9838, 9874, 9888, 9893, 9903, 9905, 9916, 9940, 9953, 9963, 9998, 10036, 10040, 10047, 10059, 10074, 10095, 10114, 10132, 10151, 10163, 10164, 10184, 10187, 10196, 10201, 10204, 10208, 10211, 10212, 10240, 10276, 10293, 10301, 10347, 10359, 10413, 10436, 10446, 10472, 10491, 10537, 10544, 10565, 10595, 10619, 10636, 10693, 10704, 10722, 10750, 10761, 10768, 10814, 10825, 10844, 10847, 10867, 10925, 10934, 10948, 10954, 10961, 10975, 10992, 10994, 11000, 11002, 11021, 11034, 11039, 11052, 11062, 11074, 11080, 11081, 11114, 11116, 11136, 11185, 11223, 11226, 11229, 11232, 11243, 11244, 11253, 11272, 11282, 11283, 11294, 11298, 11300, 11304, 11321, 11346, 11352, 11380, 11387, 11394, 11419, 11421, 11430, 11453, 11459, 11476, 11499, 11540, 11582, 11588, 11627, 11650, 11728, 11745, 11751, 11772, 11809, 11815, 11887, 11924, 11930, 11946, 11972, 11994, 12017, 12018, 12028, 12060, 12078, 12092, 12094, 12098, 12129, 12142, 12184, 12194, 12211, 12214, 12247, 12254, 12260, 12264, 12271, 12272, 12315, 12319, 12336, 12347, 12356, 12358, 12360, 12406, 12457, 12459, 12504, 12512, 12516, 12518, 12524, 12557, 12602, 12606, 12607, 12668, 12680, 12698, 12748, 12765, 12773, 12796, 12819, 12829, 12848, 12855, 12865, 12909, 12915, 12920, 12922, 12923, 12924, 12979, 12987, 12994, 13019, 13023, 13029, 13046, 13059, 13085, 13086, 13098, 13101, 13105, 13136, 13150, 13168, 13176, 13199, 13252, 13259, 13288, 13294, 13325, 13341, 13384, 13389, 13411, 13412, 13429, 13433, 13469, 13504, 13535, 13539, 13589, 13597, 13617, 13652, 13655, 13656, 13670, 13716, 13717, 13737, 13744, 13749, 13751, 13755, 13764, 13793, 13809, 13823, 13830, 13845, 13847, 13884, 13948, 13966, 13988, 14013, 14019, 14057, 14062, 14081, 14098, 14136, 14145, 14156, 14193, 14202, 14216, 14227, 14247, 14317, 14320, 14330, 14362, 14372, 14409, 14459, 14490, 14495, 14507, 14520, 14545, 14556, 14566, 14567, 14584, 14592, 14627, 14646, 14658, 14679, 14681, 14701, 14734, 14754, 14767, 14769, 14792, 14798, 14834, 14836, 14850, 14880, 14948, 14951, 14963, 14985, 15011, 15061, 15072, 15081, 15086, 15094, 15102, 15109, 15122, 15139, 15146, 15148, 15161, 15168, 15180, 15185, 15190, 15192, 15219, 15226, 15238, 15254, 15292, 15308, 15321, 15344, 15356, 15381, 15384, 15392, 15407, 15424, 15434, 15473, 15486, 15519, 15526, 15590, 15650, 15660, 15666, 15706, 15720, 15725, 15754, 15764, 15773, 15786, 15788, 15837, 15851, 15895, 15918, 15926, 15929, 15934, 15943, 15956, 15995, 16016, 16018, 16025, 16074, 16078, 16083, 16088, 16104, 16155, 16206, 16215, 16247, 16272, 16304, 16373, 16383, 16390, 16394, 16399, 16413, 16421, 16432, 16437, 16481, 16500, 16501, 16564, 16608, 16614, 16625, 16642, 16688, 16694, 16697, 16732, 16753, 16834, 16852, 16939, 16951, 16955, 17044, 17233, 17330, 17344, 17362, 17368, 17408, 17443, 17474]",c7.vax__HARALAMBIEVA_PBMC_FLUARIX_AGE_50_74YO_CORR_WITH_28D_MEM_B_CELL_RESPONSE_AT_28DY_POSITIVE
c7.vax,THAKAR_PBMC_INACTIVATED_INFLUENZA_AGE_21_30YO_NONRESPONDER_7DY_DN,prerank,0.4528075535258663,1.733667338366241,0.0,0.012324892287607362,0.394,24_66,24/66,25.15%,IL32;ITGB2;PTGER2;TUBA1C;ELF4;ATG4B;OSBPL7;MAF;ITGAL;LAG3;NLRC5;TNFSF12;HERPUD1;STAT6;CSTB;FLII;FYN;RANBP3;PRKCSH;ALDOA;ZYX;DUSP18;BHLHE40;ZFHX3,IL32;ITGB2;PTGER2;TUBA1C;ELF4;ATG4B;OSBPL7;MAF;ITGAL;LAG3;NLRC5;TNFSF12;HERPUD1;STAT6;CSTB;FLII;FYN;RANBP3;PRKCSH;ALDOA;ZYX;DUSP18;BHLHE40;ZFHX3;PITPNM1;RHOT2;ECH1;B4GALT5;CIDEB;DNASE1L1;BRPF1;EP300;PPP1CA;SDF4;TM9SF4;TBC1D9B;CLSTN1;ACVR1B;MBD2;CUX1;RAI1;SLCO3A1;PSMC4;ACO2;SMARCC2;ARPC3;RAP1GAP2;SEC22C;RMDN3;ZFPM1;CSAD;SMPDL3A;YPEL2;ATXN1L;KLF13;DCAF7;ENTPD4;SIGMAR1;SDE2;CAMK2N1;EIF4H;ITFG2;CLOCK;ATP2A2;SRPK2;SLFN13,"[314, 507, 510, 639, 803, 1173, 1311, 1694, 1702, 1769, 2076, 2129, 2276, 2660, 2706, 3030, 3313, 3472, 3542, 3593, 4017, 4044, 4265, 4404, 5626, 5722, 5900, 5910, 6633, 6695, 7081, 7366, 7430, 7558, 7634, 7637, 8021, 8050, 8145, 8181, 8314, 8343, 8490, 8708, 8793, 8867, 8868, 9162, 9222, 9499, 9967, 10197, 10844, 11203, 11599, 11640, 11838, 11918, 12013, 12135, 12319, 12824, 13253, 13652, 14004, 15593]",c7.vax__THAKAR_PBMC_INACTIVATED_INFLUENZA_AGE_21_30YO_NONRESPONDER_7DY_DN
c7.vax,SOBOLEV_T_CELL_PANDEMRIX_AGE_18_64YO_1DY_UP,prerank,0.583091271080146,1.7261598922181376,0.003913894324853229,0.013032785221503786,0.418,15_22,15/22,18.92%,LAT;LCK;CXCL9;PLCG1;NFATC2;SLA2;NFATC1;MAP4K1;CD3E;CXCL10;ZAP70;RASGRP2;CD247;PRF1;FYN,LAT;LCK;CXCL9;PLCG1;NFATC2;SLA2;NFATC1;MAP4K1;CD3E;CXCL10;ZAP70;RASGRP2;CD247;PRF1;FYN;NFATC3;CD8A;CD3G;PAG1;CD8B;RASGRP1;PRKCQ,"[152, 292, 692, 1030, 1221, 1257, 1445, 1466, 1555, 1647, 1939, 2619, 2961, 2997, 3313, 7917, 9566, 9585, 15298, 16145, 16548, 16876]",c7.vax__SOBOLEV_T_CELL_PANDEMRIX_AGE_18_64YO_1DY_UP
c7.vax,HARALAMBIEVA_PBMC_M_M_R_II_AGE_11_22YO_VACCINATED_VS_UNVACCINATED_7YR_UP,prerank,0.3327301920664797,1.7243427349894624,0.0,0.013229114992752403,0.428,263_835,263/835,19.92%,SERPINH1;SCT;MAFF;NUPR1;EPHA2;DNASE1L3;MZB1;PLEKHN1;RHBDF2;MT1M;P4HA2;MT2A;ADM;ANKRD22;MICB;CSF1;LTA;ADM2;GJB2;IRF7;DSP;TMEM150B;UBQLNL;MCM10;CASP7;UBE2C;NCF1;MT1E;ADAMTS2;LILRA5;DLL4;LIF;MYBL2;SCIN;CASP4;ACSM1;LRRC32;LAMP3;SERTAD1;KIF19;C17orf67;ARID5A;PTTG2;ADORA2A;TLR2;PTGER2;CXCL11;PRRG4;BACE2;STX11;GMPR;IL27;CASP1;IL15RA;NOD2;APOL1;IFITM2;CCL2;TUBA1C;PXDC1;FFAR2;FOXC1;FGD2;RNASE2;CXCL9;RAB20;PRKD2;CDKN1A;IL6;MUC1;AANAT;PDGFRL;CHAC1;CFB;HK2;CLDN23;IRF1;LGALS9;TRIM5;SLC7A5;IL1RN;HLX;ELF4;CR1L;MEFV;MMP19;FOSL1;IFITM1;ICAM1;CDC45;PRDM16;APOBEC3A;RAPGEF3;IFITM3;SYPL2;DNAJB4;SASH1;CASZ1;TMPRSS3;IER5;TRAF2;PLSCR2;LRRC3;IRAK2;CD80;PFKP;SECTM1;GPBAR1;PHGDH;KPTN;GBP6;STON2;SAMD4A;ITGA7;MOB3C;PRR5;PROB1;VAV3;ECE1;CES1;PTPRU;C1R;ESPNL;STOM;DDIT3;DTX3L;TNF;SIGLEC14;SCO2;VAMP5;CD40;CXCL10;CASP5;EMP1;SLC6A9;LILRA4;AXL;RHOC;CSRNP1;AK4;SOCS1;LAG3;MOV10;DLL1;BST2;PYCR1;ABCD1;SMAGP;LILRB2;NR1H3;KLF5;CCR1;C2;NADK;TAP1;TRPM4;PTGDS;MELK;LHFPL2;C1orf226;ADCY4;PLSCR1;TNFAIP6;CYSTM1;SOAT1;TICAM1;CD274;TGM1;CCDC9;TRIM22;CHSY1;CHI3L2;DRAM1;PML;NINJ1;FZD4;PLEKHA7;APOL2;MSR1;SH2B2;SERPING1;MAPK11;PMAIP1;GLI3;P2RX7;PPP1R15A;SIGLEC1;SPHK1;KIAA0040;HELZ2;CCR5;TPSAB1;AKT1S1;SLC12A3;PLSCR4;LRRN2;ZBTB42;TFEC;ZNF366;BIRC5;CDKN2A;MXD1;PAX8;RHEBL1;CYP27B1;ELL3;PAPLN;LILRA6;RGMA;PARP10;SRC;C3orf52;NKAPL;ISG20;FAM3B;SP100;PLEKHA4;GBP3;CLDN14;RGS1;ADPRH;AIFM2;IL4I1;TBC1D17;BATF2;DUSP1;PSAT1;SYTL3;C1S;ELOVL3;TNFSF13B;SLC38A5;CREM;RIN2;DYRK3;NGFR;MAML2;FNDC3B;RNF122;ABTB2;MOCOS;IFI27;DAPP1;TMEM187;IGFBP4;TRIM26;TNK2;CASP10;NKX3-1;NOD1;CKB;KCNJ10;CXCL13;BAZ1A;SLC52A1;SOCS2;FFAR3;SSTR3;OSM;ASCL2;FBXO39;RUFY4;PARP9,SERPINH1;SCT;MAFF;NUPR1;EPHA2;DNASE1L3;MZB1;PLEKHN1;RHBDF2;MT1M;P4HA2;MT2A;ADM;ANKRD22;MICB;CSF1;LTA;ADM2;GJB2;IRF7;DSP;TMEM150B;UBQLNL;MCM10;CASP7;UBE2C;NCF1;MT1E;ADAMTS2;LILRA5;DLL4;LIF;MYBL2;SCIN;CASP4;ACSM1;LRRC32;LAMP3;SERTAD1;KIF19;C17orf67;ARID5A;PTTG2;ADORA2A;TLR2;PTGER2;CXCL11;PRRG4;BACE2;STX11;GMPR;IL27;CASP1;IL15RA;NOD2;APOL1;IFITM2;CCL2;TUBA1C;PXDC1;FFAR2;FOXC1;FGD2;RNASE2;CXCL9;RAB20;PRKD2;CDKN1A;IL6;MUC1;AANAT;PDGFRL;CHAC1;CFB;HK2;CLDN23;IRF1;LGALS9;TRIM5;SLC7A5;IL1RN;HLX;ELF4;CR1L;MEFV;MMP19;FOSL1;IFITM1;ICAM1;CDC45;PRDM16;APOBEC3A;RAPGEF3;IFITM3;SYPL2;DNAJB4;SASH1;CASZ1;TMPRSS3;IER5;TRAF2;PLSCR2;LRRC3;IRAK2;CD80;PFKP;SECTM1;GPBAR1;PHGDH;KPTN;GBP6;STON2;SAMD4A;ITGA7;MOB3C;PRR5;PROB1;VAV3;ECE1;CES1;PTPRU;C1R;ESPNL;STOM;DDIT3;DTX3L;TNF;SIGLEC14;SCO2;VAMP5;CD40;CXCL10;CASP5;EMP1;SLC6A9;LILRA4;AXL;RHOC;CSRNP1;AK4;SOCS1;LAG3;MOV10;DLL1;BST2;PYCR1;ABCD1;SMAGP;LILRB2;NR1H3;KLF5;CCR1;C2;NADK;TAP1;TRPM4;PTGDS;MELK;LHFPL2;C1orf226;ADCY4;PLSCR1;TNFAIP6;CYSTM1;SOAT1;TICAM1;CD274;TGM1;CCDC9;TRIM22;CHSY1;CHI3L2;DRAM1;PML;NINJ1;FZD4;PLEKHA7;APOL2;MSR1;SH2B2;SERPING1;MAPK11;PMAIP1;GLI3;P2RX7;PPP1R15A;SIGLEC1;SPHK1;KIAA0040;HELZ2;CCR5;TPSAB1;AKT1S1;SLC12A3;PLSCR4;LRRN2;ZBTB42;TFEC;ZNF366;BIRC5;CDKN2A;MXD1;PAX8;RHEBL1;CYP27B1;ELL3;PAPLN;LILRA6;RGMA;PARP10;SRC;C3orf52;NKAPL;ISG20;FAM3B;SP100;PLEKHA4;GBP3;CLDN14;RGS1;ADPRH;AIFM2;IL4I1;TBC1D17;BATF2;DUSP1;PSAT1;SYTL3;C1S;ELOVL3;TNFSF13B;SLC38A5;CREM;RIN2;DYRK3;NGFR;MAML2;FNDC3B;RNF122;ABTB2;MOCOS;IFI27;DAPP1;TMEM187;IGFBP4;TRIM26;TNK2;CASP10;NKX3-1;NOD1;CKB;KCNJ10;CXCL13;BAZ1A;SLC52A1;SOCS2;FFAR3;SSTR3;OSM;ASCL2;FBXO39;RUFY4;PARP9;KLF6;HRH1;TCN2;OAS1;FRRS1;LGALS9B;GCH1;RILP;IL15;TREX1;CYP1A1;CCRL2;TSC22D1;CDK18;LSS;ARHGEF10L;TRIP6;ATP10A;MST1R;RBCK1;TRIM56;CDKN2B;TRADD;MOXD1;GBP2;SERPINB9;SAMSN1;FBXO6;ATF3;UBE2L6;SEMA4A;LY6E;MX2;JAG1;TMEM106A;MYO1G;JUP;TRIM21;GBP5;AGRN;AIM2;ATF5;EDN1;PNPT1;SORBS1;TOR1B;USP18;WNT10A;HAPLN3;LILRA3;ITPKA;TRIM25;RIPK2;MYO10;PANX2;ELOVL7;HIRA;TMEM26;TRIM69;HCAR2;IRS1;COBL;ISG15;SLC25A28;MAPK8IP2;GPRIN1;MRPL44;ZCCHC2;TRAF1;DPYS;FKBP1B;TAP2;DCUN1D3;NMI;PHEX;SLFN12;SLC6A8;EEF1A2;DYNLT1;IRF2;BAMBI;GBP4;KLHDC7B;ABHD17C;HES4;SLC35F3;SLC2A12;LILRB4;TMEM217;APOL3;ZSWIM4;ACHE;NUB1;CHST12;MAMLD1;N4BP1;MEP1A;ACSM5;GBP1;CIB2;TJP2;BARD1;ENDOU;ZNRF2;B4GALT5;HS3ST3A1;RAB39A;DRAP1;SPSB1;FRMD3;FERMT2;ZNF618;SLC37A1;PILRA;ETV7;CYP2J2;HERC5;CALD1;SLC1A4;SPATS2L;LYSMD2;OLIG1;TMPRSS13;EPHB1;ILDR1;LPIN2;ITGB8;GLP1R;LYN;DHX58;TUFT1;GPR161;FXYD6;TRIM6;PIWIL4;SLC2A6;GCNT2;CD83;ATP13A2;C15orf48;IFI35;EHD4;ZBTB32;ACAN;CPNE5;RUNX2;RGS20;CD109;UBE2Z;TTC39A;WNK2;IFIH1;TSPAN13;SOX8;TIAM2;XAF1;GPD2;CCR10;LGALS3BP;PRRT2;TMOD1;ARL5B;OPTN;SOBP;PDCD1;ASPHD2;MGAT3;BAG1;NAPA;CCL3;CTNND2;DCSTAMP;IGFBP3;CLEC12B;UPB1;RELB;PDCD1LG2;CKAP4;TCHH;MDK;SUPT3H;CHST7;PAX5;OSBPL5;STAP1;SSTR2;APOBEC3F;AMBRA1;PHF11;SHOX2;LDHAL6B;DBF4B;TDRD7;PPM1K;ARHGEF11;PARP12;SMTNL1;UBE2S;SAMD9;IFIT1;TRIM38;PARP14;C1QTNF1;TMTC1;ACOT9;DYSF;MX1;PSMB9;XRN1;BAK1;PRG4;STOML1;UBE2QL1;NDC80;TNFSF4;SLC39A8;SP110;COL4A2;GTPBP2;FANCA;ZNF267;KCTD19;CDK1;PLVAP;SCAMP5;MEIS3;AMER1;HSH2D;BBS12;SLC30A4;NRXN2;JAK2;ZNFX1;CDKN1C;POU5F1B;USP42;SYNPO;WNT5A;KCNJ2;BRCA2;APOBEC3B;SLC27A2;ITIH1;BTG3;KIAA1217;GRIP1;ARMCX1;PCGF5;SLC41A2;TPX2;HLA-G;ARID5B;SMPD3;CD2AP;PPM1J;DNAAF1;STAT2;LPAR1;TRIM14;PARP3;CENPJ;ACSL1;NCAM1;GRHL1;IRF4;CPEB3;EIF2AK2;MAP1A;SBK1;IGF2BP2;DMD;SDC3;CDH1;PTPRS;ARHGAP23;KCNA2;L3MBTL4;TTC7B;ANKRD53;TANK;RASGEF1B;TUBB2B;RNF19B;FAS;NFIX;PSEN2;RBM11;TUBB2A;KY;SLC24A3;TLR3;MYO16;KCNS3;BRSK1;ACSBG1;CH25H;TMEM140;ZC3HAV1L;CIR1;OAS3;GPR180;DIP2C;FSCN1;DENND1B;PPP2R2A;CCL4;CD70;NACAD;KCNK5;MYO7B;FMNL2;CD72;ANKRD29;RET;LMNB1;PI4K2B;BCL2L13;TDO2;ARHGEF3;PKMYT1;APOBEC3G;GTPBP1;BUB1;PRICKLE1;GPR141;AP5B1;PHLDA2;CCDC146;IL12A;BLZF1;RNF213;KDM6A;PACSIN3;BSPRY;RAPGEF2;YEATS2;FNIP2;RSPH9;BATF3;OSBPL6;SCML4;FAM53A;ZSWIM5;CASP3;CORO2B;ITIH4;CCNA1;BAALC;CDC42EP1;TRAFD1;IFIT5;PARP11;SAMD9L;MVB12B;TSPAN5;NRSN2;TMEM229B;TTC21A;OAS2;NCOA7;CDC42EP2;LGALS2;ST3GAL5;NTN1;ADAMTS14;OSBPL1A;SRGAP2;USP6NL;OLIG2;MYO1E;B3GNT2;DIRC3;ARNT2;SMCHD1;TMEM200A;LAP3;DDX60L;LIMCH1;ADAM19;CLMP;CYP4F11;CEACAM1;IFIT2;ELFN1;HELB;ZNF107;CMYA5;CUX2;TJP1;LYPD5;CBR1;ST8SIA4;ACP2;WDFY1;TUBB3;HMMR;ZBP1;SLC22A16;MASTL;CACNA1A;TMEM255A;IPCEF1;MICALL1;SLC22A4;LPAR3;CCL8;SCG3;BPGM;LAMP5;EDARADD;NDUFC2-KCTD14;SDS;TMEM62;SLCO5A1;ELMO2;AMOTL2;KITLG;E2F7;P2RX4;ZNF620;IFI6;BRIP1;HPSE;CPEB2;PDE4B;MSC;PRRG1;SLAMF7;GCNT1;HDX;C4orf36;IFIT3;TRIM36;SUSD1;EPSTI1;ANKRD1;CD200;DUSP5;PANX1;RFPL3;FAM72D;GPR155;LRP12;HERC6;RNF43;CMPK2;PLEKHD1;NBN;PGAP1;EIF4E3;TICAM2;RAPGEF5;SNX10;ODF2L;ZNF462;DLGAP1;MTHFD1L;IGF2BP3;RASGRP3;ZNF365;NFE2L3;GRIN3A;TNFSF10;RBM43;COL24A1;SRD5A1;CETP;FUT4;SLC8A1;HDAC9;DNAJC5B;TMEM178B;ABHD16B;BCL2L14;PRLR;CHRNB2;PRR16;APOL6;IL12RB2;GALNT8;SLFN13;GJA3;SIDT1;SLFN12L;TRANK1;NR4A3;ZNF684;TP53INP2;NSUN7;FAM72A;OASL;EXOC3L1;SYNPO2;MACROD2;RSAD2;VWA5B1;MDGA1;SCARB2;CXCL12;IL7;ANKRD45;SLC31A2;STAT1;VRK2;PLA2G4C;AK8;DNAH8;FAR2;C1GALT1;TMEM244;CHODL;TMEM139;ENPP2;TGFA;NRIP3;TTC39B;PLS3;PLEKHH1;CCDC80;CD69;MAP2;CNP;DNAJC6;LAMB1;PRUNE2;DUSP6;NEXN;MCOLN2;DDX60;FAM72B;C5;NIPAL4;FAM47E;OTOF;DCDC1;TMEM171;SP140;IFI44;PROCR;KCNMB1;PNOC;ENDOD1;CECR2;NAA25;ITGA2;CYP7B1;LHFPL1;HESX1;STRIP2;RTP4;SCLT1;ANK3;HLA-DOB;HBD;INHBA;CCL19;GBP7;DNAH12;ANKRD33B;IFI44L;KRT5;GREM1;CHRNA6;KCNE1;HDC;CD38;KIAA0408;FLT3;EGR2;CLEC4F;ACTA2;CBLN3,"[5, 23, 25, 54, 66, 74, 75, 91, 115, 126, 136, 145, 159, 162, 177, 185, 209, 211, 227, 229, 232, 256, 258, 259, 263, 304, 306, 308, 321, 324, 350, 352, 358, 393, 394, 400, 402, 404, 411, 417, 448, 449, 452, 456, 493, 510, 511, 513, 527, 548, 555, 577, 580, 589, 626, 629, 633, 636, 639, 641, 655, 660, 663, 667, 692, 698, 707, 715, 719, 723, 724, 729, 741, 742, 744, 748, 753, 764, 786, 790, 793, 799, 803, 806, 807, 809, 828, 842, 847, 881, 906, 946, 962, 970, 1013, 1031, 1079, 1099, 1169, 1186, 1193, 1223, 1244, 1247, 1256, 1271, 1275, 1276, 1281, 1325, 1330, 1350, 1352, 1389, 1427, 1434, 1450, 1461, 1469, 1470, 1491, 1505, 1511, 1517, 1519, 1525, 1526, 1533, 1609, 1610, 1644, 1647, 1649, 1664, 1666, 1689, 1696, 1711, 1721, 1740, 1768, 1769, 1790, 1813, 1831, 1856, 1858, 1877, 1887, 1900, 1906, 1907, 1909, 1916, 1919, 1920, 1932, 1934, 1956, 1977, 1984, 1987, 1998, 2001, 2002, 2008, 2015, 2028, 2041, 2064, 2093, 2100, 2111, 2122, 2130, 2143, 2155, 2156, 2162, 2175, 2181, 2200, 2205, 2224, 2249, 2264, 2287, 2315, 2331, 2365, 2393, 2414, 2415, 2435, 2442, 2446, 2448, 2463, 2521, 2532, 2543, 2544, 2548, 2593, 2595, 2613, 2625, 2643, 2653, 2673, 2680, 2681, 2689, 2691, 2703, 2704, 2730, 2747, 2771, 2808, 2811, 2838, 2849, 2891, 2906, 2914, 2963, 2971, 3007, 3032, 3052, 3064, 3086, 3113, 3121, 3192, 3202, 3245, 3259, 3261, 3296, 3312, 3322, 3328, 3331, 3344, 3351, 3353, 3364, 3384, 3385, 3386, 3388, 3403, 3427, 3433, 3437, 3445, 3455, 3476, 3477, 3479, 3488, 3544, 3548, 3610, 3619, 3630, 3635, 3660, 3683, 3762, 3778, 3781, 3794, 3795, 3796, 3829, 3866, 3875, 3878, 3906, 3930, 3945, 3977, 3997, 4031, 4039, 4132, 4147, 4239, 4249, 4279, 4312, 4330, 4368, 4378, 4408, 4433, 4440, 4452, 4474, 4482, 4484, 4489, 4526, 4532, 4541, 4552, 4553, 4577, 4585, 4588, 4626, 4649, 4669, 4691, 4697, 4761, 4763, 4808, 4850, 4911, 4919, 4937, 4942, 4944, 4961, 4995, 4998, 5005, 5013, 5022, 5064, 5067, 5070, 5088, 5120, 5131, 5152, 5154, 5193, 5196, 5200, 5220, 5226, 5257, 5279, 5287, 5461, 5483, 5485, 5545, 5547, 5553, 5559, 5560, 5565, 5588, 5599, 5605, 5727, 5744, 5751, 5779, 5781, 5819, 5910, 5915, 6009, 6015, 6032, 6041, 6060, 6076, 6078, 6088, 6098, 6103, 6159, 6176, 6227, 6284, 6330, 6396, 6399, 6419, 6464, 6477, 6493, 6568, 6593, 6611, 6613, 6625, 6644, 6659, 6668, 6672, 6676, 6688, 6713, 6717, 6730, 6731, 6747, 6830, 6834, 6869, 6873, 6920, 6944, 6947, 7018, 7032, 7035, 7037, 7049, 7088, 7090, 7107, 7121, 7137, 7144, 7150, 7154, 7192, 7295, 7346, 7363, 7383, 7401, 7409, 7411, 7417, 7422, 7427, 7444, 7449, 7459, 7516, 7520, 7521, 7523, 7545, 7588, 7591, 7686, 7699, 7721, 7727, 7827, 7828, 7834, 7899, 7927, 7964, 7999, 8015, 8042, 8109, 8115, 8117, 8176, 8234, 8242, 8245, 8267, 8282, 8341, 8351, 8372, 8374, 8380, 8405, 8439, 8485, 8505, 8507, 8508, 8521, 8536, 8550, 8553, 8650, 8675, 8694, 8704, 8710, 8712, 8716, 8778, 8782, 8791, 8819, 8830, 8841, 8845, 8864, 8915, 8926, 8941, 8964, 8966, 9009, 9033, 9036, 9041, 9052, 9059, 9072, 9077, 9078, 9169, 9174, 9181, 9187, 9192, 9239, 9251, 9309, 9338, 9340, 9344, 9364, 9462, 9573, 9586, 9685, 9688, 9700, 9761, 9793, 9797, 9841, 9857, 9893, 9953, 10010, 10045, 10058, 10147, 10158, 10164, 10249, 10253, 10342, 10348, 10351, 10361, 10383, 10405, 10418, 10466, 10474, 10480, 10528, 10529, 10558, 10600, 10609, 10616, 10622, 10659, 10685, 10704, 10708, 10733, 10797, 10811, 10845, 10887, 10903, 10913, 10987, 11010, 11018, 11024, 11025, 11036, 11040, 11046, 11065, 11087, 11118, 11204, 11239, 11243, 11244, 11321, 11326, 11372, 11381, 11412, 11442, 11475, 11480, 11499, 11513, 11522, 11544, 11556, 11576, 11595, 11699, 11720, 11745, 11766, 11782, 11869, 11904, 11972, 11988, 12020, 12069, 12091, 12112, 12118, 12120, 12137, 12144, 12167, 12171, 12254, 12269, 12309, 12331, 12349, 12378, 12426, 12459, 12486, 12518, 12538, 12608, 12609, 12637, 12643, 12648, 12684, 12685, 12696, 12707, 12720, 12728, 12748, 12787, 12853, 12928, 12955, 12979, 12993, 13022, 13032, 13038, 13075, 13095, 13101, 13114, 13120, 13131, 13257, 13264, 13298, 13304, 13339, 13389, 13437, 13457, 13479, 13557, 13569, 13593, 13609, 13674, 13791, 13815, 13853, 13908, 13937, 13962, 13964, 14010, 14097, 14120, 14138, 14167, 14187, 14292, 14301, 14391, 14396, 14403, 14429, 14434, 14478, 14515, 14518, 14535, 14551, 14554, 14572, 14602, 14622, 14659, 14696, 14735, 14743, 14841, 14852, 14935, 14945, 14949, 14963, 14966, 14985, 15010, 15015, 15053, 15057, 15081, 15119, 15131, 15172, 15202, 15232, 15237, 15321, 15326, 15330, 15348, 15392, 15403, 15444, 15455, 15477, 15504, 15519, 15542, 15547, 15564, 15565, 15570, 15593, 15597, 15603, 15643, 15648, 15706, 15710, 15720, 15764, 15787, 15788, 15806, 15843, 15852, 15853, 15888, 15914, 15918, 15960, 15968, 15998, 16016, 16067, 16074, 16080, 16091, 16096, 16178, 16196, 16212, 16213, 16244, 16259, 16269, 16283, 16290, 16291, 16364, 16375, 16391, 16417, 16429, 16454, 16466, 16476, 16481, 16482, 16507, 16525, 16537, 16539, 16584, 16591, 16648, 16662, 16681, 16684, 16698, 16717, 16726, 16753, 16759, 16763, 16774, 16779, 16783, 16822, 16864, 16869, 16949, 17021, 17029, 17030, 17089, 17099, 17102, 17147, 17187, 17211, 17246, 17270, 17275, 17319, 17326, 17330, 17344, 17350, 17410, 17423, 17443, 17447, 17491]",c7.vax__HARALAMBIEVA_PBMC_M_M_R_II_AGE_11_22YO_VACCINATED_VS_UNVACCINATED_7YR_UP
c7.vax,FRANCO_BLOOD_SANOFI_PASTEUR_SA_INACTIVATED_INFLUENZA_VACCINE_CORRELATED_WITH_ANTIBODY_RESPONSE_AGE_18_40YO_1DY_POSITIVE,prerank,0.4050836192173295,1.7169999975992436,0.002036659877800407,0.013860713364802216,0.446,55_124,55/124,25.63%,MLKL;SLC6A12;MT2A;ANKRD22;IRF7;C3AR1;CASP4;LAMP3;FZD2;STX11;SBNO2;CASP1;TRIM5;IL1RN;CD300A;IFITM1;FCER1G;CD74;TYMP;SAMD4A;TLR7;SCO2;CASP5;MOV10;UNC93B1;CCR1;TAP1;LHFPL2;PLSCR1;SAT1;TRIM22;ZC3HAV1;HELZ2;PARP10;ISG20;BATF2;TNFSF13B;GAS6;P2RY14;PARP9;TCN2;OAS1;GCH1;IL15;TRIM56;GBP2;FBXO6;ATF3;UBE2L6;LY6E;IFI16;MX2;GBP5;AIM2;ATF5,MLKL;SLC6A12;MT2A;ANKRD22;IRF7;C3AR1;CASP4;LAMP3;FZD2;STX11;SBNO2;CASP1;TRIM5;IL1RN;CD300A;IFITM1;FCER1G;CD74;TYMP;SAMD4A;TLR7;SCO2;CASP5;MOV10;UNC93B1;CCR1;TAP1;LHFPL2;PLSCR1;SAT1;TRIM22;ZC3HAV1;HELZ2;PARP10;ISG20;BATF2;TNFSF13B;GAS6;P2RY14;PARP9;TCN2;OAS1;GCH1;IL15;TRIM56;GBP2;FBXO6;ATF3;UBE2L6;LY6E;IFI16;MX2;GBP5;AIM2;ATF5;RIPK2;ISG15;PANK2;DYNLT1;MYOF;GBP4;APOL3;PSME1;GBP1;DRAP1;FRMD3;LYSMD2;DHX58;TRIM6;IFI35;FGL2;IFIH1;XAF1;CUL1;PHF11;TDRD7;IFI30;PARP12;IFIT1;PARP14;BLVRA;ACOT9;MX1;PSMB9;SP110;JAK2;ZNFX1;TMEM123;TMEM208;STAT2;EIF2AK2;LMO2;OAS3;RPS6KC1;TRAFD1;OAS2;NCOA7;LAP3;CEACAM1;C1GALT1C1;PPCDC;TOR1A;RGL1;ZBP1;SCIMP;IFI6;CREG1;IFIT3;EPSTI1;PTPRO;HERC6;CMPK2;ZNF684;RPAP3;OASL;RSAD2;SCARB2;STAT1;LPGAT1;DDX60;OTOF;SP140;IFI44;IFI44L,"[36, 95, 145, 162, 229, 349, 394, 404, 534, 548, 559, 580, 786, 793, 812, 842, 857, 908, 1187, 1352, 1546, 1609, 1649, 1790, 1894, 1907, 1919, 1956, 1987, 2029, 2064, 2284, 2365, 2673, 2691, 2906, 3052, 3078, 3460, 3488, 3610, 3619, 3660, 3762, 3945, 4039, 4239, 4249, 4279, 4330, 4346, 4368, 4474, 4484, 4489, 4669, 4942, 5048, 5193, 5210, 5220, 5545, 5690, 5727, 6015, 6041, 6330, 6611, 6659, 6730, 6896, 7032, 7088, 7730, 7827, 7927, 7978, 8015, 8117, 8234, 8265, 8267, 8341, 8351, 8508, 8819, 8830, 8922, 9176, 9251, 9688, 10397, 10622, 10925, 11988, 12167, 12171, 12648, 12728, 12836, 12921, 12970, 12999, 13120, 13597, 14097, 14117, 14434, 14518, 14674, 14735, 14841, 15710, 15776, 15788, 15853, 15918, 16067, 16314, 16525, 16648, 16684, 16698, 17246]",c7.vax__FRANCO_BLOOD_SANOFI_PASTEUR_SA_INACTIVATED_INFLUENZA_VACCINE_CORRELATED_WITH_ANTIBODY_RESPONSE_AGE_18_40YO_1DY_POSITIVE
c7.vax,SCHERER_PBMC_YF_VAX_AGE_18_40YO_JOINT_TO_VACCINIA_AND_YELLOW_FEVER_UP,prerank,0.4600136125358299,1.708696314953452,0.003968253968253968,0.014622448095760063,0.475,16_55,16/55,12.46%,MT1M;SERPINA1;CEBPB;IFITM2;IL1RN;IFITM1;CD74;FCGR3A;IFITM3;PYHIN1;ANXA2;TAP1;PLSCR1;TRIM22;FPR2;SERPING1,MT1M;SERPINA1;CEBPB;IFITM2;IL1RN;IFITM1;CD74;FCGR3A;IFITM3;PYHIN1;ANXA2;TAP1;PLSCR1;TRIM22;FPR2;SERPING1;IRF9;IFI27;OAS1;GLRX;LY6E;MX2;TRIM21;USP18;ISG15;PSME2;UBE2D3;PSME1;HERC5;EIF4A1;XAF1;LGALS3BP;PSMA4;IFI30;IFIT1;BLVRA;MX1;PSMB9;SP110;MARCKS;APOBEC3B;HSBP1;PSMA6;LMO2;IFIT5;OAS2;LAP3;IFIT2;IFI6;CREG1;IFIT3;TNFSF10;VRK2;IFI44;IFI44L,"[126, 459, 464, 633, 793, 842, 908, 954, 970, 1016, 1542, 1919, 1987, 2064, 2137, 2181, 3170, 3312, 3619, 4115, 4330, 4368, 4452, 4553, 4942, 5113, 5637, 5690, 6159, 6924, 7088, 7121, 7767, 7978, 8117, 8265, 8341, 8351, 8508, 8773, 8966, 8986, 10360, 10397, 12020, 12167, 12648, 12748, 14097, 14117, 14434, 15232, 16074, 16698, 17246]",c7.vax__SCHERER_PBMC_YF_VAX_AGE_18_40YO_JOINT_TO_VACCINIA_AND_YELLOW_FEVER_UP
c7.vax,SCHERER_PBMC_APSV_WETVAX_AGE_18_40YO_JOINT_TO_VACCINIA_AND_YELLOW_FEVER_UP,prerank,0.4600136125358299,1.708696314953452,0.003968253968253968,0.014622448095760063,0.475,16_55,16/55,12.46%,MT1M;SERPINA1;CEBPB;IFITM2;IL1RN;IFITM1;CD74;FCGR3A;IFITM3;PYHIN1;ANXA2;TAP1;PLSCR1;TRIM22;FPR2;SERPING1,MT1M;SERPINA1;CEBPB;IFITM2;IL1RN;IFITM1;CD74;FCGR3A;IFITM3;PYHIN1;ANXA2;TAP1;PLSCR1;TRIM22;FPR2;SERPING1;IRF9;IFI27;OAS1;GLRX;LY6E;MX2;TRIM21;USP18;ISG15;PSME2;UBE2D3;PSME1;HERC5;EIF4A1;XAF1;LGALS3BP;PSMA4;IFI30;IFIT1;BLVRA;MX1;PSMB9;SP110;MARCKS;APOBEC3B;HSBP1;PSMA6;LMO2;IFIT5;OAS2;LAP3;IFIT2;IFI6;CREG1;IFIT3;TNFSF10;VRK2;IFI44;IFI44L,"[126, 459, 464, 633, 793, 842, 908, 954, 970, 1016, 1542, 1919, 1987, 2064, 2137, 2181, 3170, 3312, 3619, 4115, 4330, 4368, 4452, 4553, 4942, 5113, 5637, 5690, 6159, 6924, 7088, 7121, 7767, 7978, 8117, 8265, 8341, 8351, 8508, 8773, 8966, 8986, 10360, 10397, 12020, 12167, 12648, 12748, 14097, 14117, 14434, 15232, 16074, 16698, 17246]",c7.vax__SCHERER_PBMC_APSV_WETVAX_AGE_18_40YO_JOINT_TO_VACCINIA_AND_YELLOW_FEVER_UP
c7.vax,QI_PBMC_ZOSTAVAX_AGE_50_75YO_CORRELATED_WITH_T_CELL_RESPONSES_1D_INFORMATIVE_OF_LONG_TERM_RESPONSES_NEGATIVE,prerank,0.6363830767387881,1.6995703357403806,0.011857707509881422,0.015464060748622577,0.495,6_13,6/13,17.18%,LILRA5;CCR2;KLF2;MRPL41;LGALS1;FTL,LILRA5;CCR2;KLF2;MRPL41;LGALS1;FTL;ENO1;ANXA1;IL6ST;RPS27;GAPDH;EEF1A1;CAMK1D,"[324, 711, 811, 1871, 2686, 3009, 4248, 5053, 5726, 5753, 5812, 7718, 11313]",c7.vax__QI_PBMC_ZOSTAVAX_AGE_50_75YO_CORRELATED_WITH_T_CELL_RESPONSES_1D_INFORMATIVE_OF_LONG_TERM_RESPONSES_NEGATIVE
c7.vax,OCONNOR_PBMC_MENVEO_ACWYVAX_AGE_30_70YO_7DY_AFTER_SECOND_DOSE_VS_7DY_AFTER_FIRST_DOSE_UP,prerank,0.39612992872071257,1.6940864724902964,0.0,0.015581225051884792,0.51,50_131,50/131,25.31%,NFKB2;STIP1;ARL6IP4;BATF;APOL1;SASH3;ZNF768;PLEC;TYMP;RDM1;CD3E;COL6A2;CLASRP;HDAC7;USP21;MRPL41;CROCC;TRIM4;DAXX;PKN1;ANKRD13D;HSP90AB1;USF2;LSM7;TFF3;WASF2;BRMS1;ACIN1;TBC1D17;RPL13;ITGA2B;CYP4F12;AKAP8L;TMEM219;CCDC167;FKBP2;ROMO1;MED24;PPP1R10;APOBEC3D;KDM2A;SUPT5H;HOMER3;CCDC12;PET100;MED15;EIF3B;LPCAT4;NOSIP;MYO1G,NFKB2;STIP1;ARL6IP4;BATF;APOL1;SASH3;ZNF768;PLEC;TYMP;RDM1;CD3E;COL6A2;CLASRP;HDAC7;USP21;MRPL41;CROCC;TRIM4;DAXX;PKN1;ANKRD13D;HSP90AB1;USF2;LSM7;TFF3;WASF2;BRMS1;ACIN1;TBC1D17;RPL13;ITGA2B;CYP4F12;AKAP8L;TMEM219;CCDC167;FKBP2;ROMO1;MED24;PPP1R10;APOBEC3D;KDM2A;SUPT5H;HOMER3;CCDC12;PET100;MED15;EIF3B;LPCAT4;NOSIP;MYO1G;HAPLN3;STUB1;MZT2A;SUPT6H;WHAMM;MYL6;DIAPH1;KANSL1;HMGA1;SNTB2;SIN3B;NRBP1;LETM1;CEBPE;AIF1;ERGIC3;FOXP1;UBL5;SAMD4B;PHKA2;GTF2F1;ATP2B4;FLNA;CPNE5;SPOP;ACAP1;UBE2Z;PPP2R1A;TIMM17B;OGDH;CHD4;PSMC3;TUBGCP2;CBX5;CORO7;SIVA1;HNMT;APOBEC3C;CUX1;SND1;UBE2D2;PPM1B;NUDT22;ZNF512B;SURF2;YAF2;GMEB1;MAP4;KPNA6;SLC38A7;HUWE1;TMEM256;KAT6B;NAA38;TM9SF2;CPSF2;SPTBN1;PA2G4;BRD3;RPRD2;AHCYL1;POLR3A;UGGT1;HPS5;TNPO3;VPS13C;RRP7A;TTC17;TRAPPC10;C7orf50;POLR1B;DYNC1H1;RTN4;LONP2;ERC1;DIS3L2;SYNJ2BP;MRPS16;RALGPS2;PROK1;CSNK2A3,"[127, 418, 505, 521, 629, 758, 959, 1115, 1187, 1188, 1555, 1579, 1581, 1629, 1676, 1871, 2011, 2217, 2350, 2376, 2416, 2454, 2589, 2610, 2699, 2820, 2834, 2876, 2891, 2917, 2928, 2933, 3049, 3054, 3097, 3111, 3150, 3299, 3498, 3536, 3786, 4012, 4081, 4280, 4349, 4376, 4398, 4400, 4431, 4433, 4585, 4641, 4843, 4943, 4964, 5081, 5247, 5255, 5375, 5494, 5517, 5807, 5950, 6070, 6152, 6236, 6316, 6344, 6359, 6465, 6739, 6804, 6813, 6834, 6867, 6912, 6944, 6966, 7005, 7124, 7181, 7216, 7506, 7643, 7664, 7722, 8041, 8147, 8181, 8287, 8559, 8604, 8628, 8776, 8837, 8848, 8942, 9346, 9778, 9838, 9846, 9983, 10009, 10244, 10276, 10426, 10461, 10510, 10539, 10799, 11095, 11318, 11370, 11621, 11780, 12001, 12068, 12083, 12366, 12474, 13050, 13750, 13972, 14142, 14410, 14467, 14762, 15515, 15684, 16149, 17247]",c7.vax__OCONNOR_PBMC_MENVEO_ACWYVAX_AGE_30_70YO_7DY_AFTER_SECOND_DOSE_VS_7DY_AFTER_FIRST_DOSE_UP
c7.vax,HARALAMBIEVA_PBMC_M_M_R_II_AGE_13_16YO_STIMULATED_VS_UNSTIMULATED_3_TO_7YR_POST_TOP_DEG_UP,prerank,0.4890901518644812,1.6966279156166975,0.009861932938856016,0.01563635993509024,0.502,16_40,16/40,16.93%,CXCL6;VSIG4;TNFRSF12A;FAM20A;SERPINA1;LYVE1;CLEC1A;S1PR3;TREM1;MLXIPL;PPIC;SERPINE1;FGD5;PCOLCE2;IL1B;GNG12,CXCL6;VSIG4;TNFRSF12A;FAM20A;SERPINA1;LYVE1;CLEC1A;S1PR3;TREM1;MLXIPL;PPIC;SERPINE1;FGD5;PCOLCE2;IL1B;GNG12;ARHGEF28;DLC1;SIGLEC11;NRP1;SGMS2;TNFAIP8L3;TMTC1;SLC39A8;SPRED1;FAM135B;B3GNT5;SPINT1;AQP9;OLR1;PPP1R14C;PDPN;FN1;SHROOM4;ARRDC4;FFAR4;ENPP2;TIMP4;PROCR;TMEM52B,"[46, 240, 251, 287, 459, 485, 831, 960, 1425, 1611, 1650, 1969, 2126, 2296, 2654, 2964, 4963, 5501, 5734, 6343, 7623, 7632, 8245, 8507, 9042, 10932, 11282, 11943, 12114, 12129, 12415, 12416, 12440, 12982, 13884, 15537, 16259, 16398, 16717, 17044]",c7.vax__HARALAMBIEVA_PBMC_M_M_R_II_AGE_13_16YO_STIMULATED_VS_UNSTIMULATED_3_TO_7YR_POST_TOP_DEG_UP
c7.vax,PATEL_SKIN_OF_BODY_ZOSTAVAX_AGE_70_93YO_VZV_CHALLENGED_POST_VACCINATION_VS_UNCHALLENGED_72HR_TOP_30_DEG_UP,prerank,0.5542019482967664,1.6948716215501518,0.004210526315789474,0.015639342265804546,0.506,11_24,11/24,9.72%,CLEC4E;SERPINA1;LYZ;CXCL9;FCGR1A;PLAC8;SELL;CD2;FPR1;CXCL10;ITGAL,CLEC4E;SERPINA1;LYZ;CXCL9;FCGR1A;PLAC8;SELL;CD2;FPR1;CXCL10;ITGAL;CLEC12A;GBP5;KLHDC7B;CCL5;XCL1;GNLY;KLRC2;CD8A;GZMB;CTLA4;PRKCQ;GZMA;EOMES,"[243, 459, 574, 692, 808, 834, 928, 933, 1004, 1647, 1702, 2333, 4474, 5226, 5546, 6469, 8051, 8441, 9566, 9864, 10060, 16876, 17331, 17457]",c7.vax__PATEL_SKIN_OF_BODY_ZOSTAVAX_AGE_70_93YO_VZV_CHALLENGED_POST_VACCINATION_VS_UNCHALLENGED_72HR_TOP_30_DEG_UP
c7.vax,GARCIA_PINERES_PBMC_HPV_16_L1_VLP_AGE_18_25YO_2MO_UP,prerank,0.3547443422597802,1.6858878248458888,0.0,0.016589006967690674,0.534,71_287,71/287,14.13%,IL1R2;CCL17;HRH4;MT2A;MICB;IL17RB;LTA;EBI3;CKS2;KCNJ15;MT1X;LIF;MYBL2;C1QB;LAMP3;TLR2;CXCL11;MTHFD2;CLIC2;CCL20;CASP1;CLEC10A;APOL1;IFITM2;CXCL9;CDKN1A;HSPH1;IL6;CFB;MT1H;IL1RN;CLEC1A;IFITM1;ICAM1;MPZ;CDC45;GGT5;SLC1A5;SLC2A3;CFH;RAB13;TBX1;FSTL3;PLK1;COL2A1;POLD1;PFKP;BIRC3;PTAFR;TNF;VAMP5;CD40;CASP5;RBMS2;HLA-DQA1;SOCS1;CENPA;C2;SERPINE1;GMNN;PDK4;FPR2;DSE;COL1A2;SERPING1;MAPK11;IL21R;RRM2;PALM;CASQ1;PLEK,IL1R2;CCL17;HRH4;MT2A;MICB;IL17RB;LTA;EBI3;CKS2;KCNJ15;MT1X;LIF;MYBL2;C1QB;LAMP3;TLR2;CXCL11;MTHFD2;CLIC2;CCL20;CASP1;CLEC10A;APOL1;IFITM2;CXCL9;CDKN1A;HSPH1;IL6;CFB;MT1H;IL1RN;CLEC1A;IFITM1;ICAM1;MPZ;CDC45;GGT5;SLC1A5;SLC2A3;CFH;RAB13;TBX1;FSTL3;PLK1;COL2A1;POLD1;PFKP;BIRC3;PTAFR;TNF;VAMP5;CD40;CASP5;RBMS2;HLA-DQA1;SOCS1;CENPA;C2;SERPINE1;GMNN;PDK4;FPR2;DSE;COL1A2;SERPING1;MAPK11;IL21R;RRM2;PALM;CASQ1;PLEK;CYP27B1;IL1B;ISG20;DDB2;RGS1;BAX;NDUFV2;TOP2A;CD209;CXCL13;CKS1B;VDR;EGF;MLN;NMT1;BCL7B;GCH1;KCNN4;IL15;TMSB15A;FKBPL;HP1BP3;LDLR;RFC4;CTSC;APEX2;BHLHE40;MKI67;GOLM1;JAG1;AIM2;ATF5;QPCT;CDC6;FANCG;RAB17;SLC22A17;STX2;TAP2;NEFH;IRF2;ZNF35;SHH;NUSAP1;IL6ST;GAPDH;PKIG;TRIP13;RNF24;ACOT7;PSMB5;PTGES;SLC1A4;XCL1;PCNA;CA11;KIF20A;HIVEP3;PHKA1;SLC2A6;PIK3R3;CD83;HIRIP3;TSPAN13;GPD2;RUVBL1;TPI1;NDRG2;POLA1;PDGFA;STAP1;CSF2RB;ETS2;GNLY;DNAJC7;PSMD12;ATOX1;PCK2;RBX1;PSMB9;PPA1;CAV3;NDC80;SLC39A8;FANCA;ZNF267;PSMA2;BRCA1;TNPO2;ACO2;CHAF1A;PAICS;TXN;KCNJ2;GMEB1;APOBEC3B;SRI;NAMPT;MNDA;TLR1;POLR3K;RAB8B;ACSL1;ADAR;PIP4K2A;CDK7;DMD;AURKA;GZMB;CTLA4;TIMM17A;PDSS1;CH25H;EML4;SDHB;EFCAB2;GABPB2;CCL4;CD70;GNB5;ALAS1;PFDN1;LMNB1;APOBEC3G;MSMO1;BUB1;PHLDA2;PGAM1;AP1G1;RAPGEF2;GABBR1;BATF3;CCNB2;CDK6;EBNA1BP2;AFF4;THRAP3;PARP11;ZWINT;TSPAN5;NMD3;LGALS2;ST3GAL5;NTN1;HSD11B1;GTPBP4;PREP;NCAPG;TRAIP;ADAM19;NAPG;HBEGF;GNL2;PSMA5;SLC25A17;ANAPC10;MAL;KIF11;CCND2;CACNA1A;PRC1;INSIG1;BPGM;PTGS2;IGSF3;SUB1;UCK2;GART;FEN1;PSMB2;RAD50;ALDH1A2;MPO;ZNF222;LANCL2;GCNT1;PROM1;OXCT1;CDKN3;GINS2;PIK3C3;ATF6;CLIC5;KMO;MTRR;DNM1L;MAD2L1;LNPEP;IDI1;P2RY1;TNFSF10;IDH3A;UCHL5;IL12RB2;SLC25A40;GPR63;CDC40;VRK2;PLA2G4C;ENPP2;MAP2;DUSP6;C5;RFC3;LAMC2;ESR1;PMS2;IL5;INHBA;CCL19;LIMA1;PPEF1;TYMS;GZMA;CD38;DUSP4,"[33, 67, 130, 145, 177, 192, 209, 235, 262, 311, 318, 352, 358, 399, 404, 493, 511, 532, 544, 561, 580, 585, 629, 633, 692, 715, 718, 719, 742, 775, 793, 831, 842, 847, 860, 881, 905, 916, 935, 967, 992, 1097, 1116, 1157, 1158, 1190, 1271, 1351, 1412, 1526, 1610, 1644, 1649, 1671, 1718, 1768, 1848, 1909, 1969, 2000, 2104, 2137, 2158, 2167, 2181, 2200, 2346, 2378, 2404, 2464, 2474, 2595, 2654, 2691, 2801, 2808, 2888, 2966, 2999, 3094, 3388, 3424, 3453, 3525, 3555, 3578, 3580, 3660, 3671, 3762, 3902, 3918, 3941, 4047, 4059, 4088, 4215, 4265, 4334, 4375, 4378, 4484, 4489, 4609, 4732, 4801, 4960, 4987, 5023, 5067, 5178, 5196, 5240, 5253, 5329, 5726, 5812, 5841, 5938, 6031, 6047, 6153, 6202, 6227, 6469, 6509, 6523, 6596, 6652, 6666, 6672, 6685, 6688, 6894, 7035, 7090, 7131, 7148, 7189, 7433, 7605, 7686, 7897, 7952, 8051, 8052, 8088, 8098, 8240, 8332, 8351, 8463, 8484, 8485, 8507, 8550, 8553, 8582, 8672, 8702, 8708, 8781, 8829, 8900, 8941, 8942, 8966, 9101, 9148, 9168, 9285, 9325, 9347, 9364, 9405, 9490, 9701, 9797, 9855, 9864, 10060, 10216, 10317, 10558, 10559, 10585, 10650, 10787, 10797, 10811, 10890, 10954, 10966, 11024, 11087, 11135, 11204, 11321, 11351, 11383, 11499, 11537, 11556, 11568, 11655, 11743, 11775, 11860, 12069, 12115, 12118, 12259, 12269, 12309, 12331, 12344, 12383, 12418, 12441, 12533, 12696, 12916, 12920, 12923, 12948, 13003, 13175, 13217, 13224, 13238, 13264, 13325, 13508, 13557, 13656, 13705, 13814, 13907, 13926, 13981, 14007, 14079, 14172, 14227, 14378, 14382, 14396, 14441, 14447, 14524, 14583, 14671, 14709, 14713, 14746, 14756, 14940, 14997, 15162, 15180, 15190, 15232, 15381, 15550, 15565, 15703, 15855, 16018, 16074, 16080, 16259, 16417, 16481, 16539, 16749, 16796, 16823, 16933, 16971, 17099, 17102, 17203, 17214, 17252, 17331, 17344, 17470]",c7.vax__GARCIA_PINERES_PBMC_HPV_16_L1_VLP_AGE_18_25YO_2MO_UP
c7.vax,HOEK_NEUTROPHIL_2011_2012_TIV_ADULT_7DY_UP,prerank,0.6586649531519002,1.6795393306083792,0.024175824175824177,0.01721460934909935,0.553,6_13,6/13,15.99%,SIGLEC8;DOK2;CD52;ADORA3;CYSLTR2;DDB2,SIGLEC8;DOK2;CD52;ADORA3;CYSLTR2;DDB2;SAYSD1;PTGDR2;ALOX15;SLC29A1;SMPD3;KLF9;C12orf60,"[120, 247, 830, 1124, 1895, 2801, 5103, 5444, 6841, 8271, 9181, 13542, 13553]",c7.vax__HOEK_NEUTROPHIL_2011_2012_TIV_ADULT_7DY_UP
c7.vax,LI_PBMC_MENACTRA_AGE_18_45YO_CORRELATED_WITH_ANTI_POLYSACCHARIDE_ANTIBODY_3DY_NEGATIVE,prerank,0.6095746501575884,1.6672513235639401,0.006329113924050633,0.018921673358627718,0.595,9_17,9/17,19.19%,IL1R2;BCL3;CD4;ITPR3;HS3ST3B1;CD80;WDFY4;IL23A;IL1R1,IL1R2;BCL3;CD4;ITPR3;HS3ST3B1;CD80;WDFY4;IL23A;IL1R1;HLA-DQB1;HLA-C;ASPH;SLC27A2;SLC40A1;STAT4;AP1S2;VCAM1,"[33, 332, 463, 721, 986, 1256, 2166, 3039, 3361, 4269, 5034, 8927, 9009, 11228, 13432, 14311, 14570]",c7.vax__LI_PBMC_MENACTRA_AGE_18_45YO_CORRELATED_WITH_ANTI_POLYSACCHARIDE_ANTIBODY_3DY_NEGATIVE
c7.vax,BUCASAS_PBMC_FLUARIX_FLUVIRIN_CAUCASIAN_MALE_AGE_18_40YO_HIGH_RESPONDERS_1DY_TOP_FUNCTIONAL_NETWORK_POSITIVE,prerank,0.598578347175645,1.6605523696113818,0.02074688796680498,0.019813150470358247,0.61,5_17,5/17,4.62%,TNFSF14;LILRB1;PRKD2;LILRB3;FCGR1A,TNFSF14;LILRB1;PRKD2;LILRB3;FCGR1A;IRF9;DAPP1;TAPBP;RBCK1;SNRNP70;PNPT1;ISG15;CORO1A;HLA-G;STAT2;CD27;STAT1,"[60, 474, 707, 780, 808, 3170, 3322, 3865, 3930, 4122, 4532, 4942, 8030, 9169, 9251, 12505, 16067]",c7.vax__BUCASAS_PBMC_FLUARIX_FLUVIRIN_CAUCASIAN_MALE_AGE_18_40YO_HIGH_RESPONDERS_1DY_TOP_FUNCTIONAL_NETWORK_POSITIVE
c7.vax,SCHERER_PBMC_YF_VAX_AGE_18_40YO_4_TO_7DY_UP,prerank,0.3447410850513327,1.6550834921839528,0.0,0.02043464260084082,0.625,87_313,87/313,19.33%,CD177;MT1M;MT2A;MT1G;PCOLCE;TBX6;IL2RG;MT1X;SLC23A3;JDP2;FGR;NFKBIA;HMOX1;SERPINA1;CEBPB;GMPR;FERMT3;A2ML1;IFITM2;TYROBP;HSPH1;IL1RN;CD86;PLAC8;IFITM1;CDC45;CD74;APOBEC3A;FCGR3A;IFITM3;CSF1R;PYHIN1;TRIM8;ITGAM;AQP1;SASH1;S100A11;IER5;DNAJA1;KPTN;ZFP36L2;SOX9;ANXA2;SCO2;NOTCH2;HEXIM1;HYPK;ZCCHC8;LILRB2;PIM3;TAP1;SCAMP2;PLSCR1;SAT1;TRIM22;MS4A7;FPR2;ATP6V0E1;DSE;CD53;SERPING1;SMAD6;SIGLEC7;RRM2;CCR5;PLEK;APOD;STAT6;NOTCH3;SRC;ISG20;ABCB1;ADIPOR2;CTBP2;GP1BA;JUND;TNFSF13B;FLVCR2;IRF9;TRMT112;CCT5;LRP5L;ZHX3;HCFC1;IFI27;TNK2;KCNJ10,CD177;MT1M;MT2A;MT1G;PCOLCE;TBX6;IL2RG;MT1X;SLC23A3;JDP2;FGR;NFKBIA;HMOX1;SERPINA1;CEBPB;GMPR;FERMT3;A2ML1;IFITM2;TYROBP;HSPH1;IL1RN;CD86;PLAC8;IFITM1;CDC45;CD74;APOBEC3A;FCGR3A;IFITM3;CSF1R;PYHIN1;TRIM8;ITGAM;AQP1;SASH1;S100A11;IER5;DNAJA1;KPTN;ZFP36L2;SOX9;ANXA2;SCO2;NOTCH2;HEXIM1;HYPK;ZCCHC8;LILRB2;PIM3;TAP1;SCAMP2;PLSCR1;SAT1;TRIM22;MS4A7;FPR2;ATP6V0E1;DSE;CD53;SERPING1;SMAD6;SIGLEC7;RRM2;CCR5;PLEK;APOD;STAT6;NOTCH3;SRC;ISG20;ABCB1;ADIPOR2;CTBP2;GP1BA;JUND;TNFSF13B;FLVCR2;IRF9;TRMT112;CCT5;LRP5L;ZHX3;HCFC1;IFI27;TNK2;KCNJ10;PARP9;SRPX;OAS1;HCN3;STAB2;CCL25;RNF220;KRTCAP2;CHST2;GLRX;LSM6;SLC25A22;HJURP;APEX2;LY6E;MX2;TMEM106A;LENG8;TRIM21;GTF3C6;GBP5;USP18;CALCOCO1;HS3ST4;LIMD2;RABL2B;MAP3K5;CACNA2D2;ISG15;ZCCHC2;STRN4;GNAS;NMI;PSME2;NISCH;DYNLT1;NMNAT3;TAF6;MTF1;UBE2D3;PSME1;JUNB;PINLYP;SHISA5;PHF2;LARS2;FOXN3;CHST15;DRAP1;FERMT2;DNAJC2;MAFB;HERC5;MARK4;SEC61B;AKIP1;SPATS2L;ABR;MAN2B2;NPHP1;ZNF24;ZC3H4;DHX58;UHMK1;GNPTG;COX5A;KCNH2;ASB4;SNRPG;EIF4A1;ETV6;CHD5;XAF1;LGALS3BP;PTPN2;PDHA1;MNT;SNAI2;ATP6V1G1;DDA1;TNFAIP2;CX3CR1;MRPL10;MBTPS1;PSMA4;GSTK1;PPAN;TDRD7;FOXO3;IFI30;PARP12;SLITRK2;SSR1;SAMD9;IFIT1;CISD2;ZMIZ1;BLVRA;SYNGR3;RBX1;ERH;MX1;NCOA1;PSMB9;DUSP11;SP110;THRB;MAD2L1BP;PSMD10;TAGLN3;SDK2;RGS14;HSH2D;MARCKS;SMARCC2;RMI1;CDKN1C;APOBEC3B;HSBP1;SRI;DNAJC5;LARP1;NEK7;LZTS1;PARG;MKRN3;STARD13;HNRNPC;EIF2AK2;SNRPE;SDC3;ALYREF;AP3S1;CSDC2;BET1L;SNX5;PSMA6;LMO2;LRRC3B;SIDT2;NRBF2;CYP3A43;OAS3;ALAS1;TRIP12;ARHGAP1;APAF1;YEATS2;WDR49;RABGAP1L;EBNA1BP2;PTP4A2;SF3B1;PRR13;IFIT5;SAMD9L;OAS2;SARDH;CDK12;SCFD1;HNRNPU;RFWD3;SOWAHA;PDCD10;LAP3;RAB11FIP4;DAZAP2;CEP57;IFIT2;NCAPG2;ZSCAN10;MPEG1;TXNDC15;MDH1;SBF2;SPRY4;BEX4;CCL8;ATG3;TSPAN9;MCM2;IGSF3;DSTN;CHMP5;LRRC4C;PYCR2;IFI6;CREG1;NRBP2;RWDD3;IFIT3;TAS2R5;RFPL3;ZBTB20;HMGN2;HERC6;EIF4E;CTH;CMPK2;NBN;STMN4;TRHDE;PMM2;CHMP2B;TNFSF10;CAV2;NUCKS1;WFDC3;NF1;BCL2L14;GDA;OASL;VRK2;PTP4A1;KLHL28;RHO;DOCK10;IFI44;GPR137C;TUBA1A;RTP4;NHLH2;PLAG1;IFI44L;EGR4;SLC26A5,"[18, 126, 145, 165, 200, 230, 264, 318, 338, 342, 382, 438, 444, 459, 464, 555, 568, 581, 633, 656, 718, 793, 827, 834, 842, 881, 908, 946, 954, 970, 973, 1016, 1032, 1038, 1068, 1079, 1102, 1186, 1202, 1325, 1382, 1483, 1542, 1609, 1705, 1814, 1847, 1853, 1887, 1911, 1919, 1946, 1987, 2029, 2064, 2085, 2137, 2142, 2158, 2172, 2181, 2322, 2377, 2378, 2393, 2474, 2562, 2660, 2667, 2680, 2691, 2773, 2776, 2902, 2904, 3051, 3052, 3109, 3170, 3174, 3191, 3233, 3286, 3292, 3312, 3351, 3386, 3488, 3586, 3619, 3620, 3791, 3814, 3949, 4011, 4050, 4115, 4117, 4124, 4148, 4215, 4330, 4368, 4408, 4428, 4452, 4459, 4474, 4553, 4586, 4611, 4640, 4677, 4683, 4871, 4942, 5005, 5055, 5066, 5088, 5113, 5167, 5193, 5353, 5499, 5520, 5637, 5690, 5749, 5788, 5831, 5852, 5874, 5960, 5966, 6015, 6060, 6093, 6096, 6159, 6226, 6228, 6283, 6284, 6293, 6347, 6358, 6424, 6602, 6611, 6628, 6680, 6700, 6715, 6742, 6769, 6924, 6925, 7050, 7088, 7121, 7146, 7156, 7175, 7184, 7273, 7299, 7305, 7438, 7753, 7762, 7767, 7852, 7858, 7927, 7929, 7978, 8015, 8104, 8106, 8115, 8117, 8140, 8160, 8265, 8268, 8332, 8337, 8341, 8350, 8351, 8483, 8508, 8543, 8552, 8584, 8621, 8622, 8633, 8716, 8773, 8793, 8820, 8841, 8966, 8986, 9101, 9116, 9265, 9461, 9472, 9528, 9539, 9541, 9545, 9688, 9722, 9841, 10051, 10100, 10237, 10268, 10278, 10360, 10397, 10425, 10446, 10544, 10567, 10622, 10954, 11185, 11300, 11485, 11513, 11514, 11644, 11743, 11799, 11897, 12012, 12020, 12091, 12167, 12244, 12313, 12353, 12398, 12514, 12543, 12577, 12648, 12670, 12706, 12736, 12748, 12779, 12811, 12924, 12933, 13000, 13023, 13076, 13310, 13457, 13487, 13582, 13686, 13705, 13724, 13832, 13834, 14024, 14097, 14117, 14159, 14393, 14434, 14549, 14602, 14620, 14670, 14735, 14751, 14765, 14841, 14935, 15063, 15093, 15103, 15219, 15232, 15265, 15285, 15388, 15474, 15504, 15536, 15788, 16074, 16215, 16411, 16416, 16569, 16698, 16787, 16804, 16949, 16997, 17212, 17246, 17291, 17358]",c7.vax__SCHERER_PBMC_YF_VAX_AGE_18_40YO_4_TO_7DY_UP
c7.vax,SCHERER_PBMC_YF_VAX_AGE_18_40YO_ANYD_DN,prerank,0.5855780640390893,1.6321773767799348,0.029661016949152543,0.024478970502998413,0.697,11_16,11/16,31.24%,LIF;COL6A2;DPP7;VAV1;BRAT1;EGLN2;FBXW5;RPS7;RPS13;TMEM259;RPS2,LIF;COL6A2;DPP7;VAV1;BRAT1;EGLN2;FBXW5;RPS7;RPS13;TMEM259;RPS2;NDUFV1;CORO1A;APRT;EIF4B;CCNI,"[352, 1579, 2035, 2128, 2258, 3307, 4142, 4486, 4883, 5052, 5472, 7640, 8030, 9114, 10730, 12469]",c7.vax__SCHERER_PBMC_YF_VAX_AGE_18_40YO_ANYD_DN
c7.vax,QIU_PBMC_HEPTATITIS_B_SURFACE_ANTIGEN_AGE_UNDER50_NON_RESPONDERS_VS_RESPONDERS_0DY_UP,prerank,0.6464215536397987,1.6048563246110776,0.02663934426229508,0.029492093002523142,0.771,5_11,5/11,7.48%,SLPI;RNASE3;BPI;ARG1;FOLR3,SLPI;RNASE3;BPI;ARG1;FOLR3;TCN1;TKTL1;LTF;OLR1;ABCA13;CEACAM8,"[42, 210, 720, 1261, 1310, 2740, 3190, 5338, 12129, 12506, 16217]",c7.vax__QIU_PBMC_HEPTATITIS_B_SURFACE_ANTIGEN_AGE_UNDER50_NON_RESPONDERS_VS_RESPONDERS_0DY_UP
c7.vax,NAKAYA_PLASMACYTOID_DENDRITIC_CELL_FLUMIST_AGE_18_50YO_7DY_DN,prerank,0.30909682563056606,1.601049035043189,0.0,0.030200745369709178,0.78,242_795,242/795,21.87%,HSPA6;KLK1;SMTN;TNFSF14;RCC1;AZGP1;VNN2;SEMA3F;SIGLEC8;SLC11A1;LAT;MT1G;OGN;HK3;TLR8;WNT6;GAS1;MCM10;IGF2;FOXF1;PLAUR;UBE2C;MT1E;RIPK4;FBLN1;GDF15;PRELP;GAL;DOCK6;BTNL8;PDZK1IP1;TPD52L1;CASP4;CDA;MUC4;SH2D3A;SRPX2;C4B;CXCL1;CPT1B;SLC26A6;STARD8;CSF3;RNASE2;RAB20;OSGIN1;PRKD2;TBX3;IL6;MUC1;HK2;PBXIP1;ELF4;C15orf39;FCGR1A;TTC38;RUNX1;ELK1;ITGB4;TNFRSF10B;CARD10;SCNN1A;VEGFA;SLC2A3;SLC2A14;TNFRSF10C;APOC2;DTX2;ENGASE;C4A;TBX1;CHST4;DOK1;SERPIND1;MT3;PDLIM4;PLA2G3;PLEC;TREM2;INHBB;GRAP2;ITPKC;DLEC1;CALCA;ZNF467;SERHL2;MFNG;RFX1;MMP25;IMPDH1;ALX3;KPTN;FOSL2;TNFRSF25;POMC;CYP3A4;GATA2;PTAFR;ALX1;DHX34;RBM38;PRR5;VAV3;SOX9;MFAP5;DDIT3;GCGR;GIMAP5;KIF25;MLXIPL;EMP1;KLRG1;CLCN7;ADAM8;SOX15;SOCS1;EHBP1L1;GPR137;IGFBP5;CILP;FCAR;WFS1;STARD3;RHBDL1;SLC19A1;SERPINE1;PLSCR1;TNFAIP6;COL6A1;CACFD1;PLEKHO2;TNXB;SLC2A4RG;IER2;ASCL1;IL27RA;UCN;LLGL2;BGN;PCGF1;ZFHX2;ST6GALNAC2;IER3;GPR162;ZC3HAV1;KDM6B;CD79B;SMAD6;KIAA0040;CDK3;GCHFR;SIGLEC7;HES1;PRRX2;TPSAB1;SLC12A3;TFCP2L1;FGL1;CASQ1;ASAP3;BIRC5;CDKN2A;CDC42EP4;PTGER1;TIMP3;EPN1;IL1B;NOTCH3;COL7A1;SLC25A30;CERS4;WDR76;CHPF2;CDC34;PRPF31;JAG2;COTL1;ST20;LRRC61;ITGA2B;ACP5;CACNA1I;MYCT1;FCN1;SFTPC;C1S;ALDH4A1;LRP1;AKAP8L;TNNC2;CD300C;ARHGEF17;MAPK12;MIF;SCARB1;CEBPA;LRP5L;WIZ;PC;KLK10;RNF122;DKK4;STAP2;PFKFB4;CKB;VPS28;METRN;TGM4;VDR;OSM;RPS28;FADD;EPHA1;RANBP3;KIAA1614;FBXL8;EFHD1;ZDHHC11;F12;NRP2;MEGF6;MFSD5;KCNIP2;VPREB3;TCN2;RTN2;TBCD;VASH2;YBX1;MED9;ZSCAN31;NAA11;ITGA6;IL15;CDCA4;TK1;DPYSL4;APOE;STAB2;MCOLN3;CCL25;PAX6,HSPA6;KLK1;SMTN;TNFSF14;RCC1;AZGP1;VNN2;SEMA3F;SIGLEC8;SLC11A1;LAT;MT1G;OGN;HK3;TLR8;WNT6;GAS1;MCM10;IGF2;FOXF1;PLAUR;UBE2C;MT1E;RIPK4;FBLN1;GDF15;PRELP;GAL;DOCK6;BTNL8;PDZK1IP1;TPD52L1;CASP4;CDA;MUC4;SH2D3A;SRPX2;C4B;CXCL1;CPT1B;SLC26A6;STARD8;CSF3;RNASE2;RAB20;OSGIN1;PRKD2;TBX3;IL6;MUC1;HK2;PBXIP1;ELF4;C15orf39;FCGR1A;TTC38;RUNX1;ELK1;ITGB4;TNFRSF10B;CARD10;SCNN1A;VEGFA;SLC2A3;SLC2A14;TNFRSF10C;APOC2;DTX2;ENGASE;C4A;TBX1;CHST4;DOK1;SERPIND1;MT3;PDLIM4;PLA2G3;PLEC;TREM2;INHBB;GRAP2;ITPKC;DLEC1;CALCA;ZNF467;SERHL2;MFNG;RFX1;MMP25;IMPDH1;ALX3;KPTN;FOSL2;TNFRSF25;POMC;CYP3A4;GATA2;PTAFR;ALX1;DHX34;RBM38;PRR5;VAV3;SOX9;MFAP5;DDIT3;GCGR;GIMAP5;KIF25;MLXIPL;EMP1;KLRG1;CLCN7;ADAM8;SOX15;SOCS1;EHBP1L1;GPR137;IGFBP5;CILP;FCAR;WFS1;STARD3;RHBDL1;SLC19A1;SERPINE1;PLSCR1;TNFAIP6;COL6A1;CACFD1;PLEKHO2;TNXB;SLC2A4RG;IER2;ASCL1;IL27RA;UCN;LLGL2;BGN;PCGF1;ZFHX2;ST6GALNAC2;IER3;GPR162;ZC3HAV1;KDM6B;CD79B;SMAD6;KIAA0040;CDK3;GCHFR;SIGLEC7;HES1;PRRX2;TPSAB1;SLC12A3;TFCP2L1;FGL1;CASQ1;ASAP3;BIRC5;CDKN2A;CDC42EP4;PTGER1;TIMP3;EPN1;IL1B;NOTCH3;COL7A1;SLC25A30;CERS4;WDR76;CHPF2;CDC34;PRPF31;JAG2;COTL1;ST20;LRRC61;ITGA2B;ACP5;CACNA1I;MYCT1;FCN1;SFTPC;C1S;ALDH4A1;LRP1;AKAP8L;TNNC2;CD300C;ARHGEF17;MAPK12;MIF;SCARB1;CEBPA;LRP5L;WIZ;PC;KLK10;RNF122;DKK4;STAP2;PFKFB4;CKB;VPS28;METRN;TGM4;VDR;OSM;RPS28;FADD;EPHA1;RANBP3;KIAA1614;FBXL8;EFHD1;ZDHHC11;F12;NRP2;MEGF6;MFSD5;KCNIP2;VPREB3;TCN2;RTN2;TBCD;VASH2;YBX1;MED9;ZSCAN31;NAA11;ITGA6;IL15;CDCA4;TK1;DPYSL4;APOE;STAB2;MCOLN3;CCL25;PAX6;ZSWIM8;F11;BIK;FKBPL;QTRT1;ITPK1;CORO1B;GGA1;SULT2B1;LTBP4;RBPMS;CAMK2B;RASSF4;MRPS12;SLC25A22;CSNK1G2;POLG;CACNA1H;NPEPL1;RPL35A;CCR9;MSRB2;NLRP1;GOLIM4;MKI67;SNAPC2;RPS6;GMDS;PHKG1;ID2;SEMA6B;LPCAT4;HTR1D;DLGAP4;SFI1;TBC1D1;CALR;CUL7;CAPN10;CALY;RARA;KCTD14;JAK3;CWC25;MPZL1;BOP1;PPARD;CDH4;MST1;MUC13;SLC35C1;MSL3;INTS5;ASIC1;PDE4A;LMNA;CRYBA4;DTNA;NDE1;PDE2A;RAB23;CABP1;ZFAND3;TMEM259;MYL6;NCAPH2;NR1I2;OBSL1;TROAP;LEFTY1;ABHD5;SLC6A8;MAFK;PPP2R5A;TCF25;EPN3;CCK;KLHDC3;PEX10;RRAS2;PLXNA1;PLXNA2;KHK;TNS1;FAIM2;DNAJC4;SIL1;SNTB2;PNMT;MTF1;TAT;CCL5;ACHE;ITSN1;IGFALS;DFFB;SDC1;MEGF8;RABEP2;ZCCHC14;CLEC4M;CPNE6;SOD3;TSC22D4;IL6ST;GBP1;DLG5;SLC6A11;ALK;KLHL22;TAF6L;MAD1L1;SKI;RHD;RNF126;PCDHGC3;NKX2-2;ITIH2;ING2;CLTA;PBX2;ARHGAP6;ETV7;CEND1;CSNK1E;DNAJC1;ENOX1;EHD1;CACNB3;AAR2;IFT122;EXOSC4;NINL;AKIP1;MAST2;FOXP1;SRF;NCLN;GNA11;ZNF76;KSR1;PRDM8;FBLN5;NUAK2;PHYHIP;TRA2A;ZFR2;SRCAP;TLX2;PIP4K2B;RRP12;BACH1;PTGS1;FXYD6;TM9SF1;TEX30;DGKG;PDGFB;PVR;ZBTB32;ZNF324;CAMK2G;SNAPC4;DENND2A;NMT2;MED27;CAMK1;ACAN;ZNF551;LHPP;BBS9;SLC16A5;CFLAR;ATG2A;DOCK5;ZMIZ2;TCTN2;CHD5;SSBP2;ADCY6;ERG;BRPF1;PSRC1;EXOSC2;PDLIM5;NTRK2;FZD10;MTHFR;MYBPC2;CHD4;NDRG2;TUBG1;GNAO1;SLC7A8;CYB561;TNFAIP2;VAX2;TEX15;AP1M2;THTPA;LIMK1;TLE4;DPT;CTNND2;SLC35A2;DDX11;NUP98;MR1;ZNF174;SDF4;AR;AKAP13;ABCC6;PCCA;CRB1;NR0B1;NPHP4;EMC9;ABCF2;L1CAM;MAST4;SYNM;MAP2K5;KCND3;IFI30;ARHGEF11;ATAD2;ACVR1B;TUBA4A;RYK;SAMD9;COL4A3;LAMA2;PPIA;PCBP3;KCTD5;SLC22A18AS;HAO2;SPNS1;ADORA1;BLVRA;SNTB1;CRYGD;PDE4D;IRGQ;SLCO3A1;SCAMP4;PRMT7;DCAF4;KLHL35;TUSC2;HMOX2;METTL4;HELLS;UBE2H;CSNK1G1;MEX3D;SEMA7A;RHEB;GSPT1;SCLY;SDK2;BRF1;PPDPF;CNPY4;TNPO2;ADCY3;GSG1;RAD23B;MARCKS;CHAF1A;SEZ6L;ITGA3;GMEB1;NDEL1;INO80D;THAP7;COMMD4;SMG7;GLTP;SLC6A2;RRP9;XIAP;KAT5;HS3ST2;HK1;CACNB2;TCEAL2;NCAM1;FRMD4A;DDX31;SRGAP3;POLR3D;RAI14;CEP76;ZBTB43;IQCC;ASPHD1;DYRK1B;MSH6;HEG1;BEX1;CHRDL1;MRPL2;KLHL24;CDC42EP3;OGFOD2;FBXO11;LARP6;ADARB1;TIMM17A;RDX;RNFT1;NEUROG2;MBP;PHF3;PSEN2;ELOVL2;CHRNG;CHAD;TBK1;TOM1L2;GORASP1;SDHB;MXRA8;GALNT6;HCN4;CRLF1;BUB1B;JMJD7;FH;PDGFRA;PAWR;SNCA;SLC17A7;COL11A2;ASL;SYP;GNB5;DHX8;SP2;RC3H2;RARB;ELN;PKNOX2;USP46;DIO2;RAD51B;HOOK1;KIF22;YIPF6;GPR22;DNAI1;APOM;RTN1;APPBP2;PPIL2;MTOR;MB;CLPS;RANBP1;ZNF606;VWA7;UBA6;ACY1;PWP2;ITIH4;RSL1D1;CD28;TMEM63A;LMTK2;ZNF154;TRAFD1;LYST;STMN1;SLC39A4;PEX19;PIK3CB;MICAL2;TLN2;PER2;ICOSLG;HSD11B1;SLC25A37;LMF1;APLP1;FN1;ARHGAP26;CADM4;TAB1;HRK;PURA;LIMCH1;ADAM19;PYY;CEACAM1;EFCC1;HS3ST1;NAGLU;NDRG4;HMGCL;GABARAPL1;HBEGF;TGOLN2;SLC4A4;RFC1;POU3F4;RRP15;OBSCN;ANAPC10;ANGPT1;MATN1;CACNA1A;SKAP2;PHLDB1;CDC14B;WDFY3;CACNA1E;CRHR1;ATP1B1;PFN2;CLCN4;TRIM23;NSG1;BPNT1;IMPG1;TSPAN9;NAA40;ST7L;PTGS2;CHFR;ZNF292;CDC42;LRRC31;ME1;DCUN1D4;CYP2E1;GART;RGS9;TEX11;STAG3;SAPCD1;DLAT;CHKB-CPT1B;ERC1;PTPN3;GATAD1;MAP3K9;TMX4;JMJD7-PLA2G4B;OCA2;CLTC;ASH1L;GPR68;LCMT2;TUBB1;TF;PAEP;B9D1;EXOC7;CNGB1;HMGB3;CYP2C8;MTFR1;PRIM1;SLC16A8;MYCN;SNRPN;OGFOD3;GABRG2;TLL2;ATF7IP;AAK1;ZNF157;NPAT;CYP2C18;ADTRP;KLHL20;RIF1;RBBP4;TERT;CXADR;SCN2A;LGI2;FLNC;DMXL2;GATA1;EXOG;EPB41L3;CCNE2;SENP6;ART4;KLHDC10;CCDC71;CFHR5;ZNF189;MAP3K19;POLR2J2;REPS1;BDKRB2;DCT;HSD17B8;UST;GPR135;RGS4;FGF12;MOG;TECTA;IGF1;GAS7;PCDHA10;LAMB1;TRIM45;FKBP6;PTPRD;AKAP6;AVPR1A;GYPB;SAA2;SLN;ESR1;HBA1;CYP2A7;USP32;TCP11L1;HAPLN1;ZNF536;CYP2A6;ETV1;GUCA1A;P2RX2;OR2C1;SPTB;EYA4;SLC14A2;TP73;ANK3;MYB;LDB3;NEU3;EXPH5;PRSS22;HBA2;RAB3B;SLC24A2;SPINK5;PTPRH;ALAS2;TACR1;CALB1;FGF5;IRF6;CDH15,"[0, 35, 53, 60, 99, 100, 117, 119, 120, 132, 152, 165, 184, 202, 203, 223, 228, 259, 278, 285, 295, 304, 308, 316, 317, 325, 327, 339, 362, 365, 388, 389, 394, 406, 495, 503, 508, 535, 594, 602, 604, 649, 665, 667, 698, 703, 707, 712, 719, 723, 744, 760, 803, 805, 808, 836, 845, 858, 867, 900, 918, 920, 930, 935, 983, 1007, 1014, 1044, 1051, 1070, 1097, 1101, 1103, 1107, 1108, 1112, 1113, 1115, 1129, 1148, 1150, 1153, 1156, 1172, 1206, 1227, 1233, 1253, 1297, 1304, 1315, 1325, 1355, 1360, 1372, 1373, 1410, 1412, 1420, 1426, 1428, 1434, 1461, 1483, 1516, 1519, 1574, 1583, 1604, 1611, 1664, 1732, 1734, 1742, 1756, 1768, 1796, 1797, 1810, 1818, 1843, 1846, 1913, 1957, 1962, 1969, 1987, 1998, 2004, 2049, 2053, 2055, 2069, 2071, 2072, 2078, 2184, 2212, 2213, 2226, 2227, 2242, 2252, 2254, 2284, 2299, 2306, 2322, 2331, 2335, 2373, 2377, 2380, 2387, 2414, 2435, 2451, 2459, 2464, 2495, 2532, 2543, 2569, 2586, 2602, 2618, 2654, 2667, 2720, 2721, 2726, 2775, 2784, 2785, 2793, 2854, 2856, 2897, 2899, 2928, 2930, 2936, 2937, 2968, 2991, 3007, 3013, 3045, 3049, 3060, 3067, 3151, 3184, 3194, 3216, 3219, 3233, 3241, 3246, 3255, 3259, 3271, 3301, 3350, 3385, 3410, 3413, 3430, 3453, 3455, 3464, 3465, 3470, 3472, 3493, 3501, 3511, 3517, 3527, 3571, 3573, 3577, 3597, 3598, 3610, 3618, 3638, 3658, 3681, 3699, 3709, 3732, 3749, 3762, 3764, 3770, 3779, 3783, 3791, 3800, 3814, 3830, 3862, 3873, 3914, 3918, 3928, 3953, 3995, 4006, 4007, 4010, 4035, 4042, 4046, 4077, 4124, 4152, 4164, 4169, 4170, 4202, 4219, 4223, 4228, 4324, 4334, 4339, 4340, 4360, 4381, 4384, 4399, 4400, 4470, 4516, 4525, 4559, 4607, 4664, 4671, 4698, 4735, 4742, 4746, 4752, 4774, 4813, 4819, 4831, 4835, 4845, 4873, 4889, 4893, 4896, 4897, 4905, 4940, 4949, 4958, 4966, 4983, 5041, 5050, 5052, 5081, 5111, 5117, 5121, 5141, 5143, 5145, 5152, 5153, 5176, 5223, 5250, 5278, 5281, 5285, 5286, 5302, 5345, 5385, 5393, 5403, 5418, 5488, 5494, 5502, 5520, 5535, 5546, 5553, 5568, 5585, 5586, 5589, 5611, 5616, 5653, 5701, 5703, 5705, 5706, 5726, 5727, 5758, 5760, 5774, 5782, 5801, 5848, 5856, 5881, 5888, 5909, 5923, 5984, 6046, 6049, 6091, 6095, 6098, 6106, 6138, 6143, 6146, 6162, 6163, 6173, 6205, 6278, 6279, 6283, 6290, 6316, 6318, 6334, 6346, 6364, 6402, 6403, 6410, 6412, 6439, 6490, 6501, 6510, 6515, 6576, 6582, 6606, 6627, 6644, 6646, 6648, 6656, 6686, 6704, 6747, 6755, 6757, 6773, 6775, 6817, 6825, 6826, 6830, 6859, 6887, 6898, 6902, 6908, 6953, 6967, 7021, 7022, 7050, 7059, 7066, 7080, 7081, 7091, 7093, 7105, 7118, 7142, 7163, 7179, 7181, 7189, 7195, 7199, 7237, 7302, 7305, 7316, 7326, 7329, 7343, 7358, 7360, 7407, 7411, 7428, 7431, 7489, 7499, 7535, 7558, 7574, 7606, 7630, 7651, 7676, 7692, 7754, 7755, 7800, 7846, 7861, 7882, 7910, 7934, 7978, 7999, 8009, 8050, 8107, 8110, 8115, 8125, 8134, 8153, 8154, 8178, 8179, 8190, 8193, 8256, 8265, 8297, 8308, 8318, 8336, 8343, 8391, 8432, 8445, 8457, 8467, 8493, 8541, 8569, 8570, 8580, 8590, 8594, 8608, 8612, 8614, 8622, 8635, 8669, 8674, 8702, 8726, 8756, 8765, 8773, 8781, 8912, 8920, 8942, 8973, 8984, 9025, 9206, 9219, 9271, 9284, 9301, 9351, 9382, 9403, 9406, 9419, 9451, 9462, 9474, 9486, 9668, 9675, 9704, 9718, 9719, 9723, 9788, 9823, 9859, 9865, 9917, 9919, 9997, 10005, 10042, 10121, 10180, 10193, 10202, 10216, 10240, 10256, 10258, 10265, 10277, 10351, 10366, 10398, 10486, 10517, 10518, 10555, 10585, 10590, 10596, 10643, 10678, 10680, 10713, 10746, 10756, 10762, 10807, 10840, 10854, 10883, 10889, 10890, 10934, 10988, 10995, 11012, 11019, 11029, 11057, 11177, 11240, 11279, 11322, 11360, 11379, 11414, 11421, 11422, 11423, 11464, 11465, 11474, 11494, 11601, 11617, 11638, 11667, 11672, 11735, 11782, 11788, 11843, 11936, 11974, 11979, 11988, 12078, 12100, 12103, 12148, 12207, 12260, 12303, 12305, 12315, 12344, 12360, 12364, 12435, 12440, 12568, 12606, 12654, 12663, 12679, 12685, 12696, 12717, 12728, 12799, 12827, 12834, 12854, 12895, 12915, 12920, 12930, 13005, 13007, 13037, 13058, 13079, 13175, 13199, 13263, 13264, 13288, 13302, 13320, 13330, 13343, 13393, 13412, 13460, 13497, 13540, 13563, 13568, 13571, 13582, 13602, 13623, 13656, 13677, 13698, 13775, 13787, 13863, 13871, 13924, 13926, 13939, 13946, 14022, 14176, 14214, 14333, 14410, 14443, 14462, 14477, 14491, 14500, 14527, 14540, 14563, 14581, 14633, 14685, 14706, 14721, 14789, 14801, 14839, 14919, 14930, 14947, 14964, 15012, 15023, 15060, 15076, 15134, 15147, 15216, 15234, 15255, 15301, 15316, 15438, 15448, 15506, 15563, 15612, 15617, 15653, 15667, 15699, 15728, 15745, 15844, 15850, 15863, 15885, 15900, 15927, 15935, 15948, 16030, 16055, 16071, 16086, 16109, 16115, 16234, 16254, 16281, 16326, 16328, 16369, 16379, 16385, 16432, 16452, 16466, 16483, 16497, 16498, 16560, 16636, 16682, 16765, 16806, 16823, 16828, 16847, 16852, 16856, 16862, 16887, 16912, 16924, 16940, 16964, 16974, 16981, 16999, 17000, 17010, 17029, 17052, 17101, 17153, 17190, 17204, 17205, 17218, 17263, 17287, 17318, 17335, 17343, 17346, 17354, 17365, 17473]",c7.vax__NAKAYA_PLASMACYTOID_DENDRITIC_CELL_FLUMIST_AGE_18_50YO_7DY_DN
c7.vax,FULLER_PBMC_F_TULARENSIS_VACCINE_LVS_AGE_22_54YO_18HR_DN,prerank,0.5689531161343115,1.5977092143842506,0.026690391459074734,0.030674265506843695,0.79,10_17,10/17,19.32%,CARD9;LAMP3;CCL20;ICAM1;CARD10;FCGR3A;TICAM1;PYCARD;IRAK1;NOD1,CARD9;LAMP3;CCL20;ICAM1;CARD10;FCGR3A;TICAM1;PYCARD;IRAK1;NOD1;TAP2;CD83;B2M;CCR7;IRAK1BP1;CCR6;CCL19,"[147, 404, 561, 847, 918, 954, 2008, 2517, 3238, 3384, 5067, 6688, 8759, 12666, 13902, 14555, 17102]",c7.vax__FULLER_PBMC_F_TULARENSIS_VACCINE_LVS_AGE_22_54YO_18HR_DN
c7.vax,SOBOLEV_T_CELL_PANDEMRIX_AGE_18_64YO_7DY_DN,prerank,0.5536321894395594,1.5957921074660262,0.01,0.03081249201676873,0.794,13_20,13/20,18.92%,LAT;LCK;PLCG1;NFATC2;SLA2;NFATC1;MAP4K1;CD3E;ZAP70;RASGRP2;CD247;PRF1;FYN,LAT;LCK;PLCG1;NFATC2;SLA2;NFATC1;MAP4K1;CD3E;ZAP70;RASGRP2;CD247;PRF1;FYN;NFATC3;CD8A;CD3G;PAG1;CD8B;RASGRP1;PRKCQ,"[152, 292, 1030, 1221, 1257, 1445, 1466, 1555, 1939, 2619, 2961, 2997, 3313, 7917, 9566, 9585, 15298, 16145, 16548, 16876]",c7.vax__SOBOLEV_T_CELL_PANDEMRIX_AGE_18_64YO_7DY_DN
c7.vax,GARCIA_PINERES_PBMC_HPV_16_L1_VLP_AGE_18_25YO_7MO_CORRELATED_WITH_ANTIBODY_RESPONSE_POSITIVE,prerank,0.5687424300157158,1.5926418023447841,0.031746031746031744,0.031001093209841835,0.798,6_17,6/17,8.72%,CD180;IL6;IL1RN;GGT5;PFKP;TNF,CD180;IL6;IL1RN;GGT5;PFKP;TNF;FANCG;ARHGAP29;HIRIP3;TPI1;AURKA;RNASEL;ALAS1;LGALS2;NTN1;CCND2;INHBA,"[253, 719, 793, 905, 1271, 1526, 4801, 5187, 6894, 7148, 9855, 10003, 10954, 12269, 12331, 13238, 17099]",c7.vax__GARCIA_PINERES_PBMC_HPV_16_L1_VLP_AGE_18_25YO_7MO_CORRELATED_WITH_ANTIBODY_RESPONSE_POSITIVE
c7.vax,FULLER_PBMC_F_TULARENSIS_VACCINE_LVS_AGE_22_54YO_18HR_TO_48HR_EARLY_DN,prerank,0.48048555966720335,1.5909379181305754,0.017716535433070866,0.031009214383067845,0.8,10_33,10/33,12.44%,CD37;KLF2;RHOH;TNFRSF25;TNF;CD3E;CD40;ZAP70;F11R;KLRK1,CD37;KLF2;RHOH;TNFRSF25;TNF;CD3E;CD40;ZAP70;F11R;KLRK1;PTPRCAP;STAT3;NOSIP;TRAF1;NACA;CCL5;PRKCH;STMN3;NAP1L1;F2R;RORA;KLRC3;GSPT1;NUMA1;CD3G;EIF3M;PPP2R5C;CD28;CD96;TRAF5;UBE3A;NKG7;NKTR,"[436, 811, 884, 1360, 1526, 1555, 1644, 1939, 1997, 2178, 3474, 3562, 4431, 5013, 5174, 5546, 5804, 6856, 7238, 7732, 7937, 8331, 8612, 9416, 9585, 9809, 10341, 11843, 12596, 13474, 14621, 15287, 15604]",c7.vax__FULLER_PBMC_F_TULARENSIS_VACCINE_LVS_AGE_22_54YO_18HR_TO_48HR_EARLY_DN
c7.vax,RICHERT_PBMC_HIV_LIPO_5_AGE_37_48YO_STIMULATED_VS_UNSTIMULATED_14W_TOP_FUNCTIONAL_NETWORK_UP,prerank,0.5313742992280512,1.5860666707742772,0.022540983606557378,0.031993526262822,0.812,7_22,7/22,10.96%,CXCL6;EBI3;TNFRSF4;IL15RA;CXCL9;SOCS1;TAP1,CXCL6;EBI3;TNFRSF4;IL15RA;CXCL9;SOCS1;TAP1;SOCS2;RIPK2;TAP2;GBP1;TNFRSF18;UHMK1;TLR10;PSMB9;TFPI2;IL24;IL36G;IL1A;CCL1;STAT1;CD69,"[46, 235, 335, 589, 692, 1768, 1919, 3433, 4669, 5067, 5727, 6535, 6628, 7830, 8351, 9956, 10727, 14229, 14936, 15342, 16067, 16391]",c7.vax__RICHERT_PBMC_HIV_LIPO_5_AGE_37_48YO_STIMULATED_VS_UNSTIMULATED_14W_TOP_FUNCTIONAL_NETWORK_UP
c7.vax,ERWIN_COHEN_BLOOD_TC_83_AGE_23_48YO_VACCINATED_VS_CONTROL_2DY_UP,prerank,0.3778316533560756,1.5796445069821228,0.0,0.032939194406711836,0.826,36_108,36/108,17.78%,MT2A;ANKRD22;IRF7;MT1X;LAMP3;IFITM2;CCL2;GALM;LGALS9;MT1H;TRIM5;IL1RN;IFITM1;APOBEC3A;SAMD4A;SCO2;MS4A4A;CXCL10;SOCS1;MOV10;BST2;PLSCR1;TNFAIP6;CD274;TRIM22;PML;SERPING1;ZC3HAV1;SIGLEC1;HELZ2;TFEC;ISG20;BATF2;NTNG2;TNFSF13B;RIN2,MT2A;ANKRD22;IRF7;MT1X;LAMP3;IFITM2;CCL2;GALM;LGALS9;MT1H;TRIM5;IL1RN;IFITM1;APOBEC3A;SAMD4A;SCO2;MS4A4A;CXCL10;SOCS1;MOV10;BST2;PLSCR1;TNFAIP6;CD274;TRIM22;PML;SERPING1;ZC3HAV1;SIGLEC1;HELZ2;TFEC;ISG20;BATF2;NTNG2;TNFSF13B;RIN2;IFI27;PARP9;OAS1;GCH1;TREX1;FBXO6;UBE2L6;LY6E;IFI16;MX2;GBP5;PNPT1;TOR1B;USP18;ISG15;ZCCHC2;GBP4;HES4;NUB1;GBP1;DRAP1;FRMD3;MAFB;ETV7;HERC5;SPATS2L;MVB12A;IFI35;IFIH1;XAF1;TDRD7;PARP12;KIAA0319L;SAMD9;IFIT1;PARP14;BLVRA;MX1;STAT2;EIF2AK2;OAS3;RNF213;ATRIP;IFIT5;SAMD9L;TTC21A;OAS2;NCOA7;SRGAP2;LAP3;DDX60L;CEACAM1;IFIT2;ZBP1;CCL8;IFI6;IFIT3;EPSTI1;HERC6;LIPA;DOCK4;TNFSF10;APOL6;OASL;RSAD2;STAT1;NEXN;DDX60;SP140;IFI44;RTP4;IFI44L,"[145, 162, 229, 318, 404, 633, 636, 674, 764, 775, 786, 793, 842, 946, 1352, 1609, 1623, 1647, 1768, 1790, 1831, 1987, 1998, 2015, 2064, 2122, 2181, 2284, 2287, 2365, 2463, 2691, 2906, 3044, 3052, 3113, 3312, 3488, 3619, 3660, 3778, 4239, 4279, 4330, 4346, 4368, 4474, 4532, 4552, 4553, 4942, 5005, 5220, 5279, 5559, 5727, 6015, 6041, 6096, 6098, 6159, 6284, 6333, 6730, 7032, 7088, 7927, 8015, 8031, 8115, 8117, 8234, 8265, 8341, 9251, 9688, 10622, 11412, 11899, 12020, 12091, 12144, 12167, 12171, 12426, 12648, 12684, 12728, 12748, 13120, 13457, 14097, 14434, 14518, 14735, 14802, 15185, 15232, 15564, 15788, 15853, 16067, 16482, 16525, 16684, 16698, 16949, 17246]",c7.vax__ERWIN_COHEN_BLOOD_TC_83_AGE_23_48YO_VACCINATED_VS_CONTROL_2DY_UP
c7.vax,HOWARD_DENDRITIC_CELL_INACT_MONOV_INFLUENZA_A_INDONESIA_05_2005_H5N1_AGE_18_49YO_1DY_DN,prerank,0.4744114890528079,1.574721351634248,0.010183299389002037,0.033745104100409797,0.837,15_35,15/35,19.19%,IL1R2;PPP1R3G;CBX2;SLC5A10;TNNT3;IGFBP6;SOX12;FOXO6;SMAD6;NOTCH3;PRPF31;PITPNM2;CEBPA;LRP3;IL1R1,IL1R2;PPP1R3G;CBX2;SLC5A10;TNNT3;IGFBP6;SOX12;FOXO6;SMAD6;NOTCH3;PRPF31;PITPNM2;CEBPA;LRP3;IL1R1;PDGFC;MYO10;FIBCD1;PTGDR2;CSGALNACT1;OLIG1;CES3;RASL10A;GPRC5B;MAP2K6;ZNF443;FAM167A;CDK5R1;ZNF704;ANGPT1;ACY3;SLC28A3;MN1;RANBP17;RPH3A,"[33, 458, 600, 923, 947, 1105, 1342, 1925, 2322, 2667, 2793, 2847, 3219, 3325, 3361, 4382, 4691, 4934, 5444, 6090, 6396, 6603, 6822, 6909, 7669, 7872, 8554, 10566, 10604, 13199, 14316, 15711, 15849, 16558, 16951]",c7.vax__HOWARD_DENDRITIC_CELL_INACT_MONOV_INFLUENZA_A_INDONESIA_05_2005_H5N1_AGE_18_49YO_1DY_DN
c7.vax,RECHTIEN_PBMC_RVSV_ZEBOV_AGE_18_55YO_1DY_UP,prerank,0.6538921434582712,1.5625788393045679,0.038461538461538464,0.03644116245191244,0.854,4_10,4/10,9.41%,NFKB2;LAMP3;CCL2;CXCL10,NFKB2;LAMP3;CCL2;CXCL10;NFKB1;USP18;ISG15;HERC5;IFIT1;RSAD2,"[127, 404, 636, 1647, 4057, 4553, 4942, 6159, 8117, 15853]",c7.vax__RECHTIEN_PBMC_RVSV_ZEBOV_AGE_18_55YO_1DY_UP
c7.vax,FULLER_PBMC_F_TULARENSIS_VACCINE_LVS_AGE_22_54YO_48HR_DN,prerank,0.5728153926087601,1.5469674553542958,0.04296875,0.040533453204233925,0.884,5_15,5/15,5.25%,CARD9;CARD14;LAMP3;FCGR1A;CARD10,CARD9;CARD14;LAMP3;FCGR1A;CARD10;PYCARD;IRAK1;TAP2;HSP90B1;CD83;IRAK4;CCR7;IRAK1BP1;CCR6;CCL19,"[147, 268, 404, 808, 918, 2517, 3238, 5067, 5669, 6688, 8469, 12666, 13902, 14555, 17102]",c7.vax__FULLER_PBMC_F_TULARENSIS_VACCINE_LVS_AGE_22_54YO_48HR_DN
c7.vax,QUEREC_MODEL_PBMC_YF_17D_VACCINE_AGE_18_45YO_3DY_PREDICTIVE,prerank,0.4282873465456036,1.5295612314714602,0.014198782961460446,0.04385815548453883,0.917,14_46,14/46,13.73%,TNFSF14;C1QB;TMEM176A;FERMT3;TMEM176B;GAS2L1;PNPLA6;IMPDH1;BIRC3;PRAM1;SMARCD3;ASGR2;SAT2;JUN,TNFSF14;C1QB;TMEM176A;FERMT3;TMEM176B;GAS2L1;PNPLA6;IMPDH1;BIRC3;PRAM1;SMARCD3;ASGR2;SAT2;JUN;RGS1;GAA;STK17A;ZYX;CENPB;TEP1;CALR;CRAT;HTRA4;CTSB;TUFM;SLC2A6;SLC16A5;ZFP82;ALDH3B1;NRGN;RAB8B;TCEAL4;CXCR6;TBC1D7;GBGT1;BCKDK;ZNF606;ATP6V1E1;GPR18;ETV3;EIF4G3;BNIP3L;CAMKK2;FBXO15;CD69;HBB,"[60, 399, 540, 568, 597, 1251, 1266, 1304, 1351, 1368, 1565, 2134, 2169, 2405, 2808, 3369, 3991, 4017, 4298, 4313, 4607, 4768, 5352, 5660, 5691, 6672, 6902, 7048, 7817, 8205, 9347, 9629, 10133, 10275, 10693, 11359, 11617, 11934, 12092, 12830, 13953, 15148, 15193, 15627, 16391, 17414]",c7.vax__QUEREC_MODEL_PBMC_YF_17D_VACCINE_AGE_18_45YO_3DY_PREDICTIVE
c7.vax,NAKAYA_PBMC_FLUARIX_FLUVIRIN_AGE_18_50YO_CORRELATED_WITH_HAI_28DY_RESPONSE_AT_7DY_POSITIVE,prerank,0.3519159595053627,1.5332051265537125,0.002044989775051125,0.043862877508169806,0.912,48_132,48/132,24.62%,MZB1;CXCR1;SLC17A9;UBE2C;IGLL1;SIGLEC10;TMEM176A;CCNA2;RUNX1;CSF1R;MANF;S100A11;CD93;CARHSP1;SHMT2;BTK;SLC30A1;LRP10;SCAMP2;CD59;PALLD;SLX1A;SLX1B;PDIA4;RRM2;ATP1B3;CR1;CENPW;CALML4;ZNF124;RPS27L;SLC38A10;ARAP3;FNDC3B;FLOT1;NFIB;CHERP;CHCHD1;TNFRSF17;GEMIN7;ITPK1;MFSD12;PRDX1;P4HB;PDXK;DAPK1;AURKAIP1;SEMA4A,MZB1;CXCR1;SLC17A9;UBE2C;IGLL1;SIGLEC10;TMEM176A;CCNA2;RUNX1;CSF1R;MANF;S100A11;CD93;CARHSP1;SHMT2;BTK;SLC30A1;LRP10;SCAMP2;CD59;PALLD;SLX1A;SLX1B;PDIA4;RRM2;ATP1B3;CR1;CENPW;CALML4;ZNF124;RPS27L;SLC38A10;ARAP3;FNDC3B;FLOT1;NFIB;CHERP;CHCHD1;TNFRSF17;GEMIN7;ITPK1;MFSD12;PRDX1;P4HB;PDXK;DAPK1;AURKAIP1;SEMA4A;MRPL51;CLPTM1L;MLEC;UQCRQ;GGH;KIAA2013;CLMN;CRELD2;HSP90B1;PDIA6;TP53INP1;CKLF;FGD4;SNRNP25;RPN2;CIDEB;WNK2;KDELR2;SRPK1;NDUFB6;CREB3L2;BLOC1S5;HDLBP;SEC24D;TMEM258;PLCG2;SSR1;MAP2K4;SPCS2;RHOG;AP3S2;CTNNA1;RPN1;SEC11C;SFT2D1;EYA3;ACO2;PRDX3;KCNJ2;APOBEC3B;DGAT2;HYOU1;NDUFB3;UBXN2B;VRK3;UBE2J1;PSMD14;SLC35B1;NOMO1;TIMM8B;UGGT1;EMC1;RBM26;PITPNA;CCDC18;SLC44A1;ZWINT;MORN1;ORMDL2;ENTPD1;MAN1A1;PPCDC;TXNDC15;TMEM165;OPCML;DNAH1;ATP6V1A;CCPG1;CAV1;ERLEC1;NIPSNAP1;SLAMF7;MANEA;MCCC2;EAF2;TXNDC5;RNF31;STOX2;NOMO2;POU2AF1;PNOC;NOMO3;TYMS;CD38,"[75, 142, 286, 304, 373, 433, 540, 750, 845, 973, 1077, 1102, 1292, 1441, 1562, 1801, 1863, 1876, 1946, 2017, 2056, 2149, 2211, 2283, 2378, 2392, 2413, 2472, 2515, 2858, 2875, 2921, 3144, 3245, 3404, 3509, 3520, 3596, 3818, 3950, 3953, 4024, 4033, 4151, 4198, 4221, 4303, 4312, 5102, 5301, 5323, 5327, 5474, 5576, 5655, 5665, 5669, 5789, 5872, 6275, 6295, 6499, 6616, 6633, 7018, 7101, 7279, 7379, 7479, 7547, 7556, 7971, 8017, 8064, 8106, 8171, 8200, 8233, 8364, 8375, 8422, 8448, 8496, 8626, 8708, 8865, 8941, 8966, 8987, 8989, 9420, 9492, 9498, 9655, 10016, 10040, 10509, 11289, 11370, 11398, 11585, 11606, 11611, 11908, 12115, 12216, 12317, 12396, 12602, 12921, 12933, 13293, 13510, 13770, 13883, 13948, 13967, 14205, 14270, 14391, 14428, 14461, 14512, 14592, 14663, 15121, 15708, 16081, 16753, 16954, 17252, 17344]",c7.vax__NAKAYA_PBMC_FLUARIX_FLUVIRIN_AGE_18_50YO_CORRELATED_WITH_HAI_28DY_RESPONSE_AT_7DY_POSITIVE
c7.vax,NAKAYA_PBMC_FLUAD_MALE_AGE_14_27YO_1D_POSTBOOST_VS_0D_PREIMM_MF59_ADJUVANTED_1DY_ATIV_UP,prerank,0.44781680594025053,1.529915698649065,0.018907563025210083,0.04422851791530679,0.916,15_36,15/36,17.40%,ANKRD22;LAMP3;FCGR1A;ICAM1;SMCO4;TYMP;VAMP5;CXCL10;SCARF1;LHFPL2;CD274;SERPING1;TFEC;BATF2;PSTPIP2,ANKRD22;LAMP3;FCGR1A;ICAM1;SMCO4;TYMP;VAMP5;CXCL10;SCARF1;LHFPL2;CD274;SERPING1;TFEC;BATF2;PSTPIP2;P2RY14;IL15;FBXO6;ATF3;GBP5;MYOF;GBP4;GBP1;ETV7;IFI35;KREMEN1;SORT1;OAS3;EFCAB2;LAP3;CEACAM1;EPSTI1;GK;RSAD2;STAT1;IFI44L,"[162, 404, 808, 847, 886, 1187, 1610, 1647, 1652, 1956, 2015, 2181, 2463, 2906, 3047, 3460, 3762, 4239, 4249, 4474, 5210, 5220, 5727, 6098, 6730, 7294, 9986, 10622, 10650, 12648, 12728, 14518, 14896, 15853, 16067, 17246]",c7.vax__NAKAYA_PBMC_FLUAD_MALE_AGE_14_27YO_1D_POSTBOOST_VS_0D_PREIMM_MF59_ADJUVANTED_1DY_ATIV_UP
c7.vax,HOWARD_PBMC_INACT_MONOV_INFLUENZA_A_INDONESIA_05_2005_H5N1_AGE_19_39YO_AS03_ADJUVANT_VS_BUFFER_1DY_DN,prerank,0.48689003858440544,1.522286759041822,0.043568464730290454,0.04545047908955523,0.926,11_25,11/25,22.48%,FXYD2;COL5A3;DPEP3;NOG;TNNC1;SPRY1;CYP4F12;CACNA1I;SYT17;COL5A1;MMP15,FXYD2;COL5A3;DPEP3;NOG;TNNC1;SPRY1;CYP4F12;CACNA1I;SYT17;COL5A1;MMP15;TRIM74;OCM;HSPG2;SPRY2;CHD5;MFGE8;ADAMTS7;ATG9B;ATP13A4;NRCAM;NDRG4;TPBG;STYK1;SHANK1,"[20, 627, 691, 1617, 1752, 2866, 2933, 2936, 3050, 3633, 3937, 4597, 4856, 5784, 6728, 7050, 7133, 10448, 11170, 11285, 12639, 12854, 12974, 14260, 14409]",c7.vax__HOWARD_PBMC_INACT_MONOV_INFLUENZA_A_INDONESIA_05_2005_H5N1_AGE_19_39YO_AS03_ADJUVANT_VS_BUFFER_1DY_DN
c7.vax,SCHERER_PBMC_APSV_WETVAX_AGE_18_40YO_5_TO_7DY_DN,prerank,0.5230461121345589,1.5099989407648298,0.05139186295503212,0.04907353614448321,0.937,8_18,8/18,16.04%,ITPKB;SPIB;CD2;HYAL2;GRAP;LLGL2;CD79B;P2RX5,ITPKB;SPIB;CD2;HYAL2;GRAP;LLGL2;CD79B;P2RX5;FGFBP2;NAP1L4;RPL12;SPOCK2;IL24;SKAP1;FLNB;CBLB;MS4A1;SLC38A1,"[423, 547, 933, 1134, 2153, 2212, 2306, 2809, 4005, 6266, 8419, 8491, 10727, 11532, 12351, 14616, 15249, 15469]",c7.vax__SCHERER_PBMC_APSV_WETVAX_AGE_18_40YO_5_TO_7DY_DN
c7.vax,GAUCHER_PBMC_YF_VAX_STAMARIL_UNKNOWN_AGE_10DY_UP,prerank,0.33480570988587055,1.5075210064416773,0.003929273084479371,0.04921601596087809,0.941,55_186,55/186,18.44%,MT1F;MT1A;MT2A;ANKRD22;MICB;IRF7;UBE2C;CASP1;GALM;GADD45B;LGALS9;TRIM5;IL1RN;ABI3;PLAC8;IFITM1;ASPRV1;IFITM3;GPBAR1;PHGDH;SAMD4A;TLR7;SDF2L1;SCO2;VAMP5;GNGT2;SOCS1;MOV10;BST2;CCR1;TAP1;RNF135;LHFPL2;PLSCR1;SAT1;TRIM22;ABCA1;PML;SERPING1;ZC3HAV1;HELZ2;PARP10;SRC;RIPK3;DHRS9;NPC2;BATF2;PRF1;NTNG2;RRAS;FLVCR2;RIN2;REC8;IRF9;HAVCR2,MT1F;MT1A;MT2A;ANKRD22;MICB;IRF7;UBE2C;CASP1;GALM;GADD45B;LGALS9;TRIM5;IL1RN;ABI3;PLAC8;IFITM1;ASPRV1;IFITM3;GPBAR1;PHGDH;SAMD4A;TLR7;SDF2L1;SCO2;VAMP5;GNGT2;SOCS1;MOV10;BST2;CCR1;TAP1;RNF135;LHFPL2;PLSCR1;SAT1;TRIM22;ABCA1;PML;SERPING1;ZC3HAV1;HELZ2;PARP10;SRC;RIPK3;DHRS9;NPC2;BATF2;PRF1;NTNG2;RRAS;FLVCR2;RIN2;REC8;IRF9;HAVCR2;IFI27;ASCL2;PARP9;OAS1;GCH1;IL15;TK1;GBP2;FBXO6;ATF3;UBE2L6;LY6E;IFI16;TRIM21;GBP5;AIM2;TOR1B;TXNDC11;ISG15;TAP2;NMI;PSME2;SLC27A3;MYOF;ADA;HES4;NUSAP1;MYL6B;SIL1;APOL3;NUB1;GBP1;SHISA5;CYBB;DRAP1;FRMD3;ACOT7;ADAP2;HERC5;SPATS2L;PTTG1;RGS12;DHX58;IFI35;NAGK;HLA-A;IFIH1;XAF1;LGALS3BP;TUBG1;RAB8A;NAPA;CX3CR1;OSBPL5;APOBEC3F;CUL1;PHF11;TDRD7;IFI30;PARP12;NAGA;UBE2S;IFIT1;TRIM38;PARP14;PCK2;BLVRA;ACOT9;SNTB1;MX1;UBA7;SP110;MAD2L1BP;TMEM123;STAT2;ADAR;CENPM;EIF2AK2;LMO2;TMEM140;OAS3;CDCA5;TIMM10;AP5B1;BTN3A1;NME1;CCNB2;FAM8A1;TRAFD1;IFIT5;SAMD9L;STMN1;OAS2;NCOA7;LAP3;CEACAM1;IFIT2;CDCA7;IDH2;RGL1;CYSLTR1;ZBP1;TMEM62;CHMP5;IFI6;IFIT3;SUSD1;EPSTI1;DUSP5;TXNDC5;MCM4;HERC6;TNFSF10;OASL;EPB41L3;RSAD2;SCARB2;SLC31A2;STAT1;NEXN;DDX60;SRBD1;OTOF;SP140;IFI44;RTP4;CDC20;IFI44L;TYMS;CD38;ACTA2,"[57, 138, 145, 162, 177, 229, 304, 580, 674, 762, 764, 786, 793, 800, 834, 842, 924, 970, 1276, 1281, 1352, 1546, 1576, 1609, 1610, 1648, 1768, 1790, 1831, 1907, 1919, 1924, 1956, 1987, 2029, 2064, 2070, 2122, 2181, 2284, 2365, 2673, 2680, 2728, 2751, 2760, 2906, 2997, 3044, 3075, 3109, 3113, 3114, 3170, 3229, 3312, 3476, 3488, 3619, 3660, 3762, 3770, 4039, 4239, 4249, 4279, 4330, 4346, 4452, 4474, 4484, 4552, 4796, 4942, 5067, 5088, 5113, 5191, 5210, 5260, 5279, 5329, 5445, 5488, 5545, 5559, 5727, 5831, 5847, 6015, 6041, 6047, 6130, 6159, 6284, 6319, 6594, 6611, 6730, 6788, 7026, 7032, 7088, 7121, 7195, 7330, 7401, 7438, 7591, 7721, 7730, 7827, 7927, 7978, 8015, 8071, 8109, 8117, 8176, 8234, 8240, 8265, 8267, 8297, 8341, 8446, 8508, 8552, 8922, 9251, 9405, 9636, 9688, 10397, 10600, 10622, 10793, 11072, 11244, 11342, 11445, 11568, 11709, 11988, 12020, 12091, 12100, 12167, 12171, 12648, 12728, 12748, 12780, 12981, 12999, 13103, 13120, 13791, 13832, 14097, 14434, 14515, 14518, 14554, 14592, 14691, 14735, 15232, 15788, 15850, 15853, 15918, 16016, 16067, 16482, 16525, 16578, 16648, 16684, 16698, 16949, 17104, 17246, 17252, 17344, 17447]",c7.vax__GAUCHER_PBMC_YF_VAX_STAMARIL_UNKNOWN_AGE_10DY_UP
c7.vax,KANNAN_BLOOD_2012_2013_TIV_AGE_65PLS_REVACCINATED_IN_6_9_MO_VS_REVACCINATED_IN_12_13_MOS_DN,prerank,0.31480835963157583,1.50337241131207,0.0,0.04952348356436348,0.946,92_308,92/308,22.59%,HSPA1A;FCGR3B;FCGR2B;PLAUR;STAB1;ECHDC3;IL18;NCF4;RELA;SERPINA1;TUBA1C;MGAM;LRRC25;PRKD2;PBXIP1;LILRB3;SYK;CD163;PXN;LAPTM5;FCGR3A;MARCO;SLC2A14;APOBR;DTX2;ATG4B;CD14;GRN;OTX1;PRAM1;PRR5;KLF4;CXCL16;ARHGAP9;SULT1A3;SLC7A7;HSF1;PRCP;BTK;BST2;TOB2;RGL2;RNF135;CAPG;IL10RB;RDH10;BIN3;ORAI2;ALDH2;HAL;RANGRF;SULT1A2;NLRP12;MILR1;BIN2;GNB2;WASF2;HSPA4;TFEB;KEAP1;CARS2;CD63;FBXO44;UIMC1;ATF1;TSPAN14;CEP19;EGLN2;FYN;RERE;MPLKIP;TCP1;KLF6;CDK5RAP3;STAT3;ANKZF1;BCL7B;ALDOA;SPG21;WDR5;ERGIC1;PSMB8;ZMYND15;PHRF1;OS9;ARHGAP30;ORAI3;RABL6;NUP62;HLA-F;ITPK1;CNPY3,HSPA1A;FCGR3B;FCGR2B;PLAUR;STAB1;ECHDC3;IL18;NCF4;RELA;SERPINA1;TUBA1C;MGAM;LRRC25;PRKD2;PBXIP1;LILRB3;SYK;CD163;PXN;LAPTM5;FCGR3A;MARCO;SLC2A14;APOBR;DTX2;ATG4B;CD14;GRN;OTX1;PRAM1;PRR5;KLF4;CXCL16;ARHGAP9;SULT1A3;SLC7A7;HSF1;PRCP;BTK;BST2;TOB2;RGL2;RNF135;CAPG;IL10RB;RDH10;BIN3;ORAI2;ALDH2;HAL;RANGRF;SULT1A2;NLRP12;MILR1;BIN2;GNB2;WASF2;HSPA4;TFEB;KEAP1;CARS2;CD63;FBXO44;UIMC1;ATF1;TSPAN14;CEP19;EGLN2;FYN;RERE;MPLKIP;TCP1;KLF6;CDK5RAP3;STAT3;ANKZF1;BCL7B;ALDOA;SPG21;WDR5;ERGIC1;PSMB8;ZMYND15;PHRF1;OS9;ARHGAP30;ORAI3;RABL6;NUP62;HLA-F;ITPK1;CNPY3;CTBP1;LSM6;LMAN2;NLRP1;MAZ;SLC25A20;HNRNPAB;CALHM2;ARRDC3;PNPT1;CALCOCO1;TRO;WDR1;COMT;SNRNP35;PPFIBP2;TRIM27;VKORC1;NDUFS2;GNAI2;TOR3A;ATP6V0B;RAE1;RPP38;CSNK1D;LMO4;KLHL18;ANXA11;GBA2;NFYC;SETD3;GAPDH;LSP1;ILK;STX5;TTC9C;CCT7;SLBP;SULF2;KDELR1;GALNT10;RAD51;SMAP1;IFFO1;GRIPAP1;NDUFB9;DNTTIP1;CCS;CAPNS1;RPN2;TM9SF1;CCT6A;FAM193A;CFP;CPVL;RBM4;PKM;LRRK1;STYXL1;SPPL3;SEC13;RNF130;HADHB;TNFAIP2;HTRA2;PPP1CA;MTMR3;ABCG1;CBX4;MAPK14;AKAP13;TCHP;FTH1;SLC35E1;STK32B;AP1B1;SEC24D;VPS18;RASSF5;KIAA0319L;HERPUD2;ATP6V0D1;CTDP1;VAC14;HIF1A;MCMDC2;MFF;NCOA1;CTNNA1;TECPR2;NBPF3;CAST;PSMC4;SP110;COL4A2;TIMM23;NUDT22;SUOX;AAMDC;PID1;NPLOC4;TDRD1;CDKN1C;BRD1;PHAX;CD99L2;EWSR1;AGO3;H6PD;PGAM4;APLP2;USP49;TLR1;LLPH;HNRNPK;WDR82;U2AF1;SLC25A51;ABAT;ATG13;UBE4B;DUSP22;CDYL;RTN3;SF1;ITGB1BP1;BRD7;EIF4G2;MED8;CORO1C;ZC3H7A;TERF2IP;ARNT;AGAP6;TXNL1;IQSEC1;QKI;PIGS;VPS41;PTPRA;RNF180;WNK1;DCAF6;GLE1;HNRNPA3;C2orf68;NDRG3;NDUFA10;CDC123;DHX9;PGAM1;UGGT1;RNF213;CAPRIN1;FRA10AC1;ASH2L;LRTOMT;PRKCZ;TMEM69;SORD;DIP2A;TTF1;DDX19B;NFYA;ACP2;SLC9A8;TADA2A;SPTLC1;SYAP1;POLR2J3;BCLAF1;MTMR4;DDX19A;RTN4;R3HDM1;GTF2H1;SRPK2;HPSE;PSPC1;DMC1;PABPC3;CATSPER2;SEC23B;PSEN1;FBXO38;GALNT3;NUBPL;PRKDC;CPPED1;USP48;IDS;USP4;REL;LMOD3;SPG11;PRKCB;ZNF557;ADAT1;GIT2;PATL2;TP53INP2;ME2;EPB41L3;CSGALNACT2;FAR2;CYP51A1;FKTN;PPP1R12B;RBP2;TUBA1A;DTWD2;TNFRSF8;PHC3;IL16;SCN11A;PATE2,"[2, 144, 180, 295, 357, 364, 366, 392, 401, 459, 639, 683, 705, 707, 760, 780, 810, 818, 856, 919, 954, 977, 983, 1023, 1044, 1173, 1238, 1328, 1339, 1368, 1434, 1437, 1455, 1457, 1536, 1607, 1655, 1681, 1801, 1831, 1838, 1897, 1924, 2112, 2113, 2189, 2244, 2304, 2440, 2486, 2519, 2568, 2620, 2672, 2679, 2698, 2820, 2885, 2900, 2954, 3010, 3076, 3090, 3201, 3239, 3262, 3291, 3307, 3313, 3323, 3363, 3387, 3544, 3554, 3562, 3579, 3580, 3593, 3604, 3623, 3641, 3668, 3680, 3700, 3717, 3731, 3738, 3773, 3909, 3913, 3953, 3957, 4072, 4117, 4188, 4228, 4286, 4310, 4405, 4416, 4477, 4532, 4586, 4614, 4639, 4655, 4726, 4743, 4794, 4956, 4999, 5047, 5160, 5168, 5205, 5232, 5392, 5402, 5410, 5417, 5441, 5668, 5809, 5812, 5942, 5973, 6145, 6157, 6160, 6189, 6218, 6238, 6241, 6244, 6384, 6442, 6454, 6466, 6480, 6512, 6549, 6616, 6646, 6765, 6800, 6854, 6957, 6981, 7140, 7177, 7206, 7235, 7239, 7244, 7272, 7305, 7337, 7430, 7432, 7448, 7481, 7542, 7606, 7633, 7728, 7771, 7782, 7851, 7971, 7973, 8014, 8031, 8068, 8129, 8131, 8159, 8186, 8201, 8299, 8350, 8375, 8431, 8461, 8487, 8490, 8508, 8521, 8598, 8628, 8636, 8654, 8655, 8744, 8832, 8841, 8861, 8892, 8910, 8921, 8951, 9166, 9177, 9216, 9259, 9285, 9329, 9404, 9413, 9543, 9567, 9591, 9606, 9612, 9803, 9926, 10109, 10118, 10194, 10273, 10293, 10300, 10359, 10386, 10507, 10553, 10694, 10749, 10768, 10821, 10867, 10898, 10918, 10971, 10980, 10999, 11088, 11090, 11121, 11129, 11158, 11181, 11224, 11351, 11370, 11412, 11425, 11643, 11678, 11853, 12117, 12745, 12758, 12769, 12826, 12937, 13054, 13075, 13172, 13229, 13396, 13566, 13689, 13803, 13829, 13934, 13972, 13992, 13999, 14004, 14138, 14175, 14334, 14415, 14432, 14487, 14594, 14626, 14681, 14690, 14728, 14733, 14752, 14810, 14866, 15061, 15096, 15150, 15245, 15361, 15549, 15581, 15596, 15720, 15823, 15850, 16083, 16178, 16247, 16303, 16361, 16597, 16804, 16904, 16935, 16985, 17050, 17141, 17281]",c7.vax__KANNAN_BLOOD_2012_2013_TIV_AGE_65PLS_REVACCINATED_IN_6_9_MO_VS_REVACCINATED_IN_12_13_MOS_DN
c7.vax,HOEK_MYELOID_DENDRITIC_CELL_2011_2012_TIV_ADULT_7DY_UP,prerank,0.5039509457601441,1.5048725760514952,0.038461538461538464,0.049651245181463015,0.946,9_20,9/20,16.46%,S100A12;CD2;BTLA;ADAMTS10;TLE1;MSLN;CLEC9A;MATK;CARD11,S100A12;CD2;BTLA;ADAMTS10;TLE1;MSLN;CLEC9A;MATK;CARD11;PRKCH;ADORA1;LPL;BOLA2B;B3GNT7;CCDC65;KLRB1;GPX7;DPP4;PTX3;KIT,"[11, 933, 979, 1009, 1726, 1882, 2651, 2855, 2882, 5804, 8256, 9605, 10125, 12510, 12929, 14129, 14364, 15020, 15139, 16477]",c7.vax__HOEK_MYELOID_DENDRITIC_CELL_2011_2012_TIV_ADULT_7DY_UP
c7.vax,ERWIN_COHEN_BLOOD_LIVE_VACCINE_TC_83_AGE_23_48YO_VACCINATED_VS_CONTROL_14DY_UP,prerank,-0.3478879665282513,-1.7797581655982406,0.0,0.053105752331491354,0.218,281_621,281/621,32.06%,CRTAM;MTX3;GZMA;ANKRD36;TYMS;IFI44L;IER3IP1;CAMK4;KLRC1;KLHL14;PYROXD1;ANK3;PHC3;RTP4;ITGA4;LANCL1;MTR;BTAF1;CHML;RPL26;IFI44;ZBTB41;DOCK10;RASGRP1;HLTF;DDX60;MYSM1;TTC14;SGTB;ATR;DNAJC10;KLHL28;LTN1;CD69;LRRC40;PPWD1;RBM25;TMEM168;VEZT;TRMT11;AMIGO2;TMEM209;CSGALNACT2;POU2AF1;UTP23;TIA1;IBTK;MFSD6;DMXL1;SENP6;SLC35A3;RSAD2;SMC4;BDP1;DDHD1;OASL;RPAP3;PPIP5K2;ATP8A1;TCERG1;ABCE1;DDHD2;SCOC;GOLT1B;ANKRD13C;UFL1;GCOM1;ZNF770;TSNAX;U2SURP;CLK4;ZNF600;LRPPRC;TMEM64;CCDC14;SLC38A1;RBMX;OXR1;KIF2A;TRMT13;ANKRD28;CREBZF;OTUD6B;ARPP19;FIGNL1;YWHAQ;EXOSC8;UBR3;MS4A1;AGL;NDUFA5;SLC25A32;PRKACB;CHMP2B;SLC35B3;USP16;CUL5;DDX18;BMI1;PIGK;TMX3;ZNF83;RALGAPA1;ZDHHC20;PRPS2;PEX3;FABP5;NUP54;NOC3L;CD47;AGPAT5;CMPK2;PGGT1B;TMEM161B;RRM1;MAP4K5;USO1;EIF4E;DCK;DIS3;NUDT21;CPSF6;ATAD1;UBE3A;CBLB;SLC39A10;TXNDC5;NR2C1;NRAS;CEP120;EPSTI1;SRP72;SUCLA2;FUBP3;CLIP4;MANEA;SLAMF7;VTA1;CDK17;C2CD5;ARMCX3;TPP2;C21orf91;RECQL;PIK3C2A;TDG;STAMBPL1;STK39;SLC25A46;SDAD1;HSPA13;ERLEC1;PSMA3;SEC23A;CPEB2;KRR1;EIF1AX;PMS1;EMC2;ZRANB2;ZNF451;EEA1;IFI6;IFT80;COX11;PREPL;PCMTD1;RCN2;MRPL3;ARID4B;NEMF;MAN2A1;TMEM106B;CPOX;CENPK;COG6;NRIP1;SEC63;MTDH;ERAP2;PHTF2;AP5M1;CHMP5;SUB1;BCLAF1;UBR1;ZNF146;THAP5;TBL1XR1;API5;VBP1;SACS;PRKCI;PCNP;SRSF11;SUCO;NAE1;EXOC5;RCBTB1;FAM98B;PSIP1;FBXW7;SAMD3;WWP1;PNN;SGPP1;SMARCA5;ARMC1;SBDS;NFU1;CCDC91;C11orf58;GOLGA8A;ARL5A;C4orf46;YTHDC2;PPIL3;PDP1;BZW1;CCNC;GSKIP;TXNDC15;ZNF107;RNF138;MBNL2;ABCD3;ARFGEF2;CRBN;EIF2AK3;NPM1;ACADM;FAM3C;DCAF13;ZMYM2;CEP57;RTCA;NSMCE4A;TAF1D;FAM20B;TM9SF3;PCMT1;TMEM135;LUC7L3;HMGB1;ANP32E;B3GNT2;SLC39A6;MYBL1;ZNF655;CAND1;SPIN1;MICU2;HNRNPU;ERAP1;CSE1L;TMF1;EIF1AY;RAP1B;ARAP2;AASDHPPT;RAB11A;ACTR6;TPD52;PSMC2;PPIG;ZC3H15;OAS2;CYCS;GZMH;ZWINT;SAMD9L;SAR1B;C2orf69;IFIT5;ESF1;RABGGTB;COPS2;SRP19;ITGB1;SLC44A1;UBXN4,MZB1;SLC5A3;CLEC2B;CKS2;CHORDC1;MOB4;MTHFD2;LYZ;HSPH1;CCDC117;CD52;TGFBR3;HS3ST3B1;HSPD1;HSP90AA1;IL7R;AQP3;TMEM243;HSPE1;BIRC3;LEF1;GIMAP2;MAF;CACYBP;DDX3Y;SLC30A1;TIFA;HIBCH;TRIM22;GIMAP6;KLRK1;DBI;RRM2;LSM7;SLC18B1;PPP4R2;GBP3;RPS27L;NAA16;MITD1;RPL34;PNRC2;SARNP;G3BP1;ATF1;IFI27;FYN;SH2D1A;NME2;TMX1;OAS1;MRPS31;GCH1;ITK;PTAR1;CCNG1;TNFRSF17;BTN3A3;ARHGAP5;RPL24;MDFIC;ZNF22;TOMM7;RPL35;SERP1;RPS24;MEX3C;RPS17;HMGN3;LY6E;TMEM126A;RPS7;PNPT1;TNFAIP8;OSTC;ATP11C;CREBL2;RPL36A;USP47;EED;TMED5;CRY1;ISG15;DNTTIP2;UQCRH;GOLGA6L9;USP53;CLK1;RBM34;CNIH4;RRAS2;SNRPD2;UQCRQ;MTO1;RPL23;FDX1;ZBTB1;HSP90B1;ASNS;IL6ST;GBP1;C3orf38;PNISR;RBM15;TBC1D4;KRCC1;SUCLG2;KPNA5;NSA2;N4BP2;HERC5;RPL17;AKAP7;HDDC2;UAP1;PCNA;KTN1;COX6C;ETNK1;HMGB2;FGFR1OP2;BIRC2;JMY;ZCCHC10;HAUS1;SNRPG;CDKN2AIP;CCT2;COX7A2;IFIH1;METTL5;XAF1;DEK;NME1-NME2;DUT;IMPA1;ZBTB21;CCAR1;MALT1;COX16;HNRNPA2B1;BUB3;HINT1;SETDB2;FASTKD1;DERL1;SRSF1;CAAP1;ELK3;UQCRB;EIF3E;SREK1;PPIB;LSM14A;PHF10;ZCCHC7;SYNCRIP;PSMA4;RPL22L1;UBE2Q2;FKBP3;XPOT;GPBP1;PCMTD2;MGAT4A;LDHB;NDUFA6;ZBTB38;MRPL47;RORA;GRPEL2;RBAK;ASF1A;RANBP2;ATF2;AK3;SRSF10;RPS6KB1;GET4;SAMD9;IFIT1;TCF12;SREK1IP1;CUL4A;VPS54;CEBPZ;NOP58;KLRC3;ERH;IKZF5;RSL24D1;GORAB;SSB;TMEM87B;URI1;KLRC2;SEC11C;PPA1;PRPF39;SLC39A8;RAN;ARGLU1;PSMA2;TMEM126B;NIPSNAP3A;NUCB2;AEBP2;MRFAP1L1;TMEM123;RACGAP1;FBXO3;MOB1B;HAT1;NUDCD2;COMMD8;PCGF5;BCL11B;ZFP62;PM20D2;RNF6;CD2AP;TRA2B;KLF12;N4BP2L1;RANBP6;TAF9;CETN3;SRP9;OMA1;PTCH1;TWF1;SMIM15;CLEC2D;SLIRP;EIF4A2;TOMM5;UBA2;ITGAV;CMPK1;SUN1;ZZZ3;FKBP11;SNRPE;SEC24A;THUMPD1;ADD3;CLNS1A;METAP2;SRSF3;ZNF207;SMC3;STT3B;PRPF40A;MGAT2;FAM169A;MIB1;LMAN1;ZNF639;PSMD14;DR1;DENND4C;PRNP;ZNF644;ZBTB8OS;RAP2A;USP1;RWDD1;CHD2;CBX3;CMC1;PRDX4;TIMM17A;ABCB10;ZNF721;TRAM1;RNFT1;DNAJB9;THEMIS;PHF14;NR1D2;FUBP1;POLR2K;PSMC6;GLS;ZNHIT6;OAS3;GOLGA4;UPF3A;ZBTB11;COX7B;AIMP1;TFRC;DENND1B;ZNHIT3;COPS4;DAB1;TFAM;ELL2;LRRC8C;ALG13;PLEKHA1;MATR3;GLOD4;ARHGEF3;LSM5;DPM1;SEC61G;BAG4;GLCCI1;POLR2M;PPA2;HNRNPA3;N4BP2L2;C12orf75;NAA15;SHPRH;DENR;C5orf24;PRRC1;KLRF1;EFR3A;DNAJC15;RAP2C;NME1;LEPROTL1;CLDND1;PDHX;EEF1B2;DBF4;SEC31A;SLC33A1;RFX7;FRA10AC1;RABGAP1L;UBA6;TLK1;ZMYM6;ATM;TMEM181;CD28;UBXN4;SLC44A1;ITGB1;SRP19;COPS2;RABGGTB;ESF1;IFIT5;C2orf69;SAR1B;SAMD9L;ZWINT;GZMH;CYCS;OAS2;ZC3H15;PPIG;PSMC2;TPD52;ACTR6;RAB11A;AASDHPPT;ARAP2;RAP1B;EIF1AY;TMF1;CSE1L;ERAP1;HNRNPU;MICU2;SPIN1;CAND1;ZNF655;MYBL1;SLC39A6;B3GNT2;ANP32E;HMGB1;LUC7L3;TMEM135;PCMT1;TM9SF3;FAM20B;TAF1D;NSMCE4A;RTCA;CEP57;ZMYM2;DCAF13;FAM3C;ACADM;NPM1;EIF2AK3;CRBN;ARFGEF2;ABCD3;MBNL2;RNF138;ZNF107;TXNDC15;GSKIP;CCNC;BZW1;PDP1;PPIL3;YTHDC2;C4orf46;ARL5A;GOLGA8A;C11orf58;CCDC91;NFU1;SBDS;ARMC1;SMARCA5;SGPP1;PNN;WWP1;SAMD3;FBXW7;PSIP1;FAM98B;RCBTB1;EXOC5;NAE1;SUCO;SRSF11;PCNP;PRKCI;SACS;VBP1;API5;TBL1XR1;THAP5;ZNF146;UBR1;BCLAF1;SUB1;CHMP5;AP5M1;PHTF2;ERAP2;MTDH;SEC63;NRIP1;COG6;CENPK;CPOX;TMEM106B;MAN2A1;NEMF;ARID4B;MRPL3;RCN2;PCMTD1;PREPL;COX11;IFT80;IFI6;EEA1;ZNF451;ZRANB2;EMC2;PMS1;EIF1AX;KRR1;CPEB2;SEC23A;PSMA3;ERLEC1;HSPA13;SDAD1;SLC25A46;STK39;STAMBPL1;TDG;PIK3C2A;RECQL;C21orf91;TPP2;ARMCX3;C2CD5;CDK17;VTA1;SLAMF7;MANEA;CLIP4;FUBP3;SUCLA2;SRP72;EPSTI1;CEP120;NRAS;NR2C1;TXNDC5;SLC39A10;CBLB;UBE3A;ATAD1;CPSF6;NUDT21;DIS3;DCK;EIF4E;USO1;MAP4K5;RRM1;TMEM161B;PGGT1B;CMPK2;AGPAT5;CD47;NOC3L;NUP54;FABP5;PEX3;PRPS2;ZDHHC20;RALGAPA1;ZNF83;TMX3;PIGK;BMI1;DDX18;CUL5;USP16;SLC35B3;CHMP2B;PRKACB;SLC25A32;NDUFA5;AGL;MS4A1;UBR3;EXOSC8;YWHAQ;FIGNL1;ARPP19;OTUD6B;CREBZF;ANKRD28;TRMT13;KIF2A;OXR1;RBMX;SLC38A1;CCDC14;TMEM64;LRPPRC;ZNF600;CLK4;U2SURP;TSNAX;ZNF770;GCOM1;UFL1;ANKRD13C;GOLT1B;SCOC;DDHD2;ABCE1;TCERG1;ATP8A1;PPIP5K2;RPAP3;OASL;DDHD1;BDP1;SMC4;RSAD2;SLC35A3;SENP6;DMXL1;MFSD6;IBTK;TIA1;UTP23;POU2AF1;CSGALNACT2;TMEM209;AMIGO2;TRMT11;VEZT;TMEM168;RBM25;PPWD1;LRRC40;CD69;LTN1;KLHL28;DNAJC10;ATR;SGTB;TTC14;MYSM1;DDX60;HLTF;RASGRP1;DOCK10;ZBTB41;IFI44;RPL26;CHML;BTAF1;MTR;LANCL1;ITGA4;RTP4;PHC3;ANK3;PYROXD1;KLHL14;KLRC1;CAMK4;IER3IP1;IFI44L;TYMS;ANKRD36;GZMA;MTX3;CRTAM,"[75, 155, 221, 262, 315, 329, 532, 574, 718, 791, 830, 870, 986, 987, 996, 1012, 1057, 1255, 1341, 1351, 1357, 1677, 1694, 1798, 1829, 1863, 1873, 1968, 2064, 2107, 2178, 2198, 2378, 2610, 2623, 2727, 2747, 2875, 2956, 3061, 3066, 3087, 3137, 3159, 3239, 3312, 3313, 3378, 3426, 3568, 3619, 3659, 3660, 3688, 3759, 3763, 3818, 3924, 3943, 4014, 4015, 4080, 4113, 4163, 4186, 4212, 4224, 4247, 4300, 4330, 4415, 4486, 4532, 4544, 4579, 4612, 4756, 4782, 4818, 4833, 4847, 4903, 4942, 5025, 5030, 5071, 5086, 5156, 5189, 5277, 5286, 5315, 5327, 5424, 5443, 5595, 5658, 5669, 5694, 5726, 5727, 5755, 5792, 5873, 5901, 5940, 5983, 6028, 6077, 6128, 6159, 6172, 6296, 6297, 6299, 6509, 6556, 6573, 6588, 6590, 6620, 6635, 6665, 6698, 6737, 6769, 6794, 6900, 6903, 7032, 7072, 7088, 7099, 7158, 7211, 7223, 7231, 7285, 7292, 7324, 7364, 7367, 7390, 7416, 7443, 7456, 7477, 7540, 7544, 7589, 7600, 7662, 7668, 7671, 7698, 7725, 7742, 7767, 7768, 7776, 7807, 7811, 7867, 7875, 7888, 7900, 7901, 7906, 7913, 7937, 7954, 7959, 7968, 8025, 8026, 8047, 8053, 8108, 8114, 8115, 8117, 8123, 8177, 8203, 8291, 8306, 8328, 8331, 8337, 8344, 8365, 8388, 8412, 8424, 8433, 8441, 8448, 8463, 8474, 8507, 8539, 8574, 8582, 8583, 8591, 8724, 8777, 8890, 8922, 8924, 8925, 8999, 9028, 9031, 9034, 9072, 9083, 9106, 9111, 9125, 9187, 9238, 9267, 9362, 9372, 9374, 9389, 9394, 9402, 9434, 9463, 9562, 9564, 9596, 9614, 9647, 9667, 9683, 9690, 9694, 9708, 9714, 9722, 9733, 9747, 9769, 9787, 9800, 9816, 9835, 9871, 9898, 9899, 9900, 9938, 9964, 9969, 9996, 10016, 10029, 10033, 10039, 10053, 10107, 10117, 10138, 10166, 10186, 10190, 10191, 10203, 10216, 10220, 10222, 10225, 10256, 10291, 10322, 10392, 10401, 10463, 10467, 10572, 10601, 10605, 10622, 10631, 10637, 10663, 10672, 10676, 10683, 10708, 10729, 10770, 10779, 10804, 10814, 10891, 10928, 10960, 10979, 11017, 11046, 11048, 11050, 11051, 11053, 11058, 11059, 11066, 11090, 11107, 11325, 11327, 11333, 11338, 11369, 11373, 11397, 11410, 11417, 11419, 11445, 11458, 11481, 11510, 11512, 11526, 11534, 11535, 11570, 11643, 11644, 11667, 11694, 11707, 11714, 11763, 11843, 11903, 11908, 11941, 11942, 11953, 11964, 11987, 12020, 12040, 12070, 12091, 12115, 12153, 12163, 12167, 12183, 12187, 12195, 12197, 12221, 12253, 12262, 12273, 12286, 12302, 12328, 12352, 12354, 12398, 12433, 12502, 12509, 12520, 12528, 12529, 12538, 12553, 12555, 12580, 12604, 12622, 12625, 12645, 12646, 12655, 12729, 12736, 12739, 12752, 12782, 12793, 12801, 12802, 12820, 12850, 12872, 12884, 12887, 12928, 12933, 12985, 12989, 13029, 13041, 13065, 13069, 13085, 13090, 13099, 13107, 13108, 13139, 13165, 13170, 13211, 13353, 13361, 13371, 13401, 13420, 13430, 13433, 13448, 13454, 13483, 13516, 13537, 13579, 13632, 13640, 13718, 13720, 13722, 13741, 13773, 13796, 13803, 13814, 13832, 13881, 13895, 13951, 13974, 13982, 14013, 14014, 14017, 14021, 14037, 14040, 14050, 14053, 14064, 14066, 14068, 14070, 14073, 14084, 14097, 14101, 14108, 14113, 14125, 14132, 14150, 14155, 14167, 14191, 14195, 14205, 14216, 14231, 14240, 14241, 14245, 14247, 14250, 14251, 14268, 14287, 14308, 14342, 14385, 14390, 14391, 14428, 14450, 14473, 14486, 14505, 14518, 14534, 14556, 14578, 14592, 14607, 14616, 14621, 14629, 14654, 14716, 14727, 14748, 14751, 14761, 14771, 14793, 14816, 14823, 14841, 14857, 14865, 14874, 14876, 14946, 14957, 14962, 14987, 15001, 15002, 15028, 15066, 15130, 15143, 15156, 15161, 15217, 15219, 15220, 15221, 15239, 15242, 15249, 15250, 15256, 15258, 15266, 15315, 15319, 15351, 15358, 15402, 15450, 15454, 15468, 15469, 15472, 15476, 15522, 15527, 15539, 15551, 15557, 15566, 15598, 15619, 15675, 15682, 15685, 15704, 15729, 15748, 15757, 15773, 15776, 15788, 15816, 15825, 15839, 15853, 15864, 15885, 15980, 15992, 16033, 16053, 16061, 16081, 16083, 16095, 16113, 16126, 16160, 16202, 16235, 16236, 16347, 16391, 16404, 16411, 16422, 16480, 16486, 16504, 16519, 16525, 16538, 16548, 16569, 16576, 16698, 16730, 16732, 16734, 16816, 16883, 16938, 16949, 16985, 17029, 17049, 17090, 17149, 17180, 17224, 17246, 17252, 17264, 17331, 17336, 17507]",c7.vax__ERWIN_COHEN_BLOOD_LIVE_VACCINE_TC_83_AGE_23_48YO_VACCINATED_VS_CONTROL_14DY_UP
c7.vax,SOBOLEV_PBMC_PANDEMRIX_AGE_18_64YO_7DY_DN,prerank,0.45975077300855566,1.4899916588952746,0.030425963488843813,0.05314354275249718,0.956,15_31,15/31,25.55%,SERPINA1;IFITM2;CXCL9;IFITM1;APOBEC3A;CXCL10;TRIM22;SERPING1;IFNGR2;IFI27;OAS1;PSMB8;GBP2;MX2;GBP5,SERPINA1;IFITM2;CXCL9;IFITM1;APOBEC3A;CXCL10;TRIM22;SERPING1;IFNGR2;IFI27;OAS1;PSMB8;GBP2;MX2;GBP5;GBP4;IFNGR1;GBP1;IFI35;IFI30;IFIT1;MX1;APOBEC3B;IFNAR1;IFNAR2;OAS3;OAS2;IFIT2;IFIT3;OASL;IFI44,"[459, 633, 692, 842, 946, 1647, 2064, 2181, 2560, 3312, 3619, 3668, 4039, 4368, 4474, 5220, 5652, 5727, 6730, 7978, 8117, 8341, 8966, 9159, 9657, 10622, 12167, 12748, 14434, 15788, 16698]",c7.vax__SOBOLEV_PBMC_PANDEMRIX_AGE_18_64YO_7DY_DN
c7.vax,LI_PBMC_MENACTRA_AGE_18_45YO_ANTI_DT_ANTIBODY_CORRELATION_PROFILE_3DY_DN,prerank,0.5336780975297264,1.4907314388431938,0.06262230919765166,0.05341044605742363,0.956,11_16,11/16,17.17%,C1QC;C7;C3;CCL20;IL6;CFH;C1R;C2;GPX1;IL1B;C1S,C1QC;C7;C3;CCL20;IL6;CFH;C1R;C2;GPX1;IL1B;C1S;A2M;PTX3;LAMC2;IMPG2;TNR,"[280, 340, 554, 561, 719, 967, 1505, 1909, 2540, 2654, 3007, 7759, 15139, 16796, 17143, 17286]",c7.vax__LI_PBMC_MENACTRA_AGE_18_45YO_ANTI_DT_ANTIBODY_CORRELATION_PROFILE_3DY_DN
c7.vax,HARALAMBIEVA_PBMC_FLUARIX_AGE_50_74YO_CORR_WITH_28D_MEM_B_CELL_RESPONSE_AT_0DY_NEGATIVE,prerank,0.30239102744565177,1.4783152449166015,0.0019047619047619048,0.056653592197496765,0.966,84_385,84/385,15.74%,G0S2;SCT;EPHA2;MKNK2;LRG1;TMEM150B;GAS2L3;NCF1;NFIL3;CEBPD;IL18;CDA;CEBPB;LYZ;BCL6;IRF8;PXDC1;TYROBP;RNASE2;SPI1;RAB20;CDKN1A;CLDN23;SYK;CIITA;MID1IP1;RFX2;HLA-DRA;TNFRSF10B;HLA-DMB;VEGFA;EPHX1;ZNF768;S1PR3;SLC15A3;KCNQ1;TRIM8;TRAM2;RREB1;GUCY2D;PNPLA2;SAMD1;NUDT17;GPR157;MOB3A;ZNF503;ZNF703;VIM;RIN3;KLF4;GLIS3;P2RY11;SMARCD3;ZNF511;HSF1;WLS;CHPT1;LILRA4;HLA-DMA;CRISPLD2;ZFP36;SLC30A1;SCAMP2;PIAS4;KIAA1958;IER2;ARID3A;NINJ1;PLEKHM2;SLC2A9;WDFY4;BCL2L2-PABPN1;PLBD1;SULT1B1;NAB2;JUN;ALDH2;PLEK;MED25;PAPLN;ZNF385A;PPP4R2;STX10;ELOF1,G0S2;SCT;EPHA2;MKNK2;LRG1;TMEM150B;GAS2L3;NCF1;NFIL3;CEBPD;IL18;CDA;CEBPB;LYZ;BCL6;IRF8;PXDC1;TYROBP;RNASE2;SPI1;RAB20;CDKN1A;CLDN23;SYK;CIITA;MID1IP1;RFX2;HLA-DRA;TNFRSF10B;HLA-DMB;VEGFA;EPHX1;ZNF768;S1PR3;SLC15A3;KCNQ1;TRIM8;TRAM2;RREB1;GUCY2D;PNPLA2;SAMD1;NUDT17;GPR157;MOB3A;ZNF503;ZNF703;VIM;RIN3;KLF4;GLIS3;P2RY11;SMARCD3;ZNF511;HSF1;WLS;CHPT1;LILRA4;HLA-DMA;CRISPLD2;ZFP36;SLC30A1;SCAMP2;PIAS4;KIAA1958;IER2;ARID3A;NINJ1;PLEKHM2;SLC2A9;WDFY4;BCL2L2-PABPN1;PLBD1;SULT1B1;NAB2;JUN;ALDH2;PLEK;MED25;PAPLN;ZNF385A;PPP4R2;STX10;ELOF1;AZU1;AOAH;OAF;CD300C;TMEM39B;TTC7A;SCARB1;ANO8;ZDHHC7;EME2;SRRM2;FRRS1;FCHSD2;LDLRAD3;TFE3;GNA15;MAP3K3;RASSF4;ST6GALNAC3;NPEPL1;GRIK5;MAP2K7;GOLIM4;JAG1;MAPK7;MTX1;ATP11C;NCOR2;ERCC5;RIPK2;RRAGC;PANX2;RARA;SMARCB1;BOP1;KHSRP;MOB1A;ZFAND3;STRN4;RNF217;RNPEP;ATP6V0B;DSG2;C19orf38;NUDT3;NEK6;BNIP2;AJAP1;SH3BP4;NKIRAS2;CCDC6;NFIC;PLXDC2;PCDHGC3;GRINA;INO80B;ARHGAP24;ATP6V1F;SDCBP;SPEN;RNF24;FAM151B;PSMD3;SERPINF1;N4BP2;NUBP1;NRP1;GNA11;OLIG1;KSR1;PHKA2;PISD;MAPRE1;MLX;LGR4;BACH1;CCDC86;CIDEB;DENND1A;TPCN1;UCHL3;GALNS;ARF1;SLC16A5;MED13L;LRRK1;SGK3;CERS6;RNF130;CCDC50;IFT20;ANO10;PELI2;TSNARE1;LRRC58;RELB;OGFRL1;SCN9A;PEMT;PSMB7;UGCG;MTMR14;OCRL;LTA4H;GINM1;C2orf49;ZMIZ1;KLHL8;TRIO;TMTC1;DYSF;ZNF844;SPRED2;TECPR1;ARL8A;ASCC2;RDH14;SPOPL;SCAMP5;ACO2;CDK8;SDCCAG8;ROGDI;MBD6;ZNF689;RNASEK;EIF4E2;GMEB1;ZFAT;DERA;ABCB7;RNF6;ATP6V0C;PPM1J;TCF4;LRRC59;PPTC7;TMEM183A;SFT2D2;LGALS8;ZNF487;ZFP91;POM121;SNX2;PRKAR2A;KAT5;RAB5C;CSNK1A1L;XXYLT1;GNAQ;MROH1;MARVELD1;EIF2AK2;LIN7A;SCML2;SLC38A7;ASAP1;PPP2R5B;DCUN1D1;SCPEP1;SLC36A4;TMEM170B;AHNAK2;SNX12;TM9SF2;AP3B1;KIF13A;PI4KA;CBX6;LENG9;HINT3;MLXIP;FSCN1;YPEL2;KLF7;RPS6KC1;GPM6B;MRPS22;TOR1AIP1;CSDE1;NAB1;AP5B1;DNAJC11;CCDC47;KPNA3;CAMK1D;APOM;DYM;BRI3BP;PEAK1;BAHCC1;ANAPC15;DHX40;TUBGCP3;ASAH1;GTF3C4;CDC42EP1;TBC1D14;GMFB;LRRC4;SMAP2;HNRNPH2;SNX29;GAB2;PIK3CB;MICAL2;EIF4H;KCNC3;CXXC5;USP6NL;FAM168A;CLPB;RPL7L1;SERTAD2;CADM4;PAK1IP1;TNFRSF21;GRAMD1B;TMED7;GNL2;CUX2;MACF1;DACH1;LTB4R2;KCTD3;PLAGL1;SLC22A4;ATP1B1;MPP7;SETD7;TSPAN16;PTGS2;INCENP;PIP5K1B;DENND5A;APP;ZNF791;NRIP1;GPATCH2L;MAN2A1;SERINC1;RRM2B;MEMO1;SHANK1;ERC1;PABPC3;GATAD1;FAAH;NETO2;ADAM17;MAP1LC3B2;TXNDC5;RSRC1;GANC;MEF2A;ZNF496;CREB5;RAB11FIP2;REL;CCNYL1;MAPK6;BMI1;BNIP3L;DOCK4;ZNF697;TET3;FUT4;IDH3A;ZFP92;CEP170;OPN3;STS;TMEM86A;PANK3;PJA2;KLF10;ZBED3;WDR17;TBC1D9;MAML3;CDC40;TBC1D12;VRK2;ENPP2;ZNF281;ZNF426;GLUD2;PXK;GAS7;UGGT2;CCDC88A;TMEM144;CHML;KCNK17;SLC12A6;TMTC2;NEU3;MME;SYS1-DBNDD2;SLC9A7;PLEKHM3,"[1, 23, 66, 171, 197, 256, 305, 306, 310, 312, 366, 406, 464, 574, 611, 613, 641, 656, 667, 677, 698, 715, 748, 810, 815, 852, 853, 855, 900, 914, 930, 942, 959, 960, 976, 1019, 1032, 1064, 1095, 1109, 1111, 1123, 1229, 1374, 1393, 1394, 1397, 1399, 1436, 1437, 1452, 1456, 1565, 1653, 1655, 1657, 1662, 1689, 1712, 1826, 1852, 1863, 1946, 1960, 2033, 2071, 2088, 2130, 2133, 2165, 2166, 2247, 2305, 2341, 2379, 2405, 2440, 2474, 2584, 2625, 2716, 2727, 2748, 2757, 2992, 3002, 3026, 3067, 3088, 3200, 3216, 3226, 3435, 3451, 3575, 3630, 3760, 3899, 3973, 3988, 4003, 4046, 4110, 4170, 4191, 4266, 4324, 4378, 4392, 4448, 4612, 4624, 4630, 4669, 4694, 4697, 4735, 4769, 4813, 4842, 4929, 5050, 5055, 5079, 5129, 5168, 5237, 5431, 5467, 5536, 5569, 5629, 5702, 5748, 5771, 5820, 5843, 5909, 5917, 5924, 5928, 5953, 5990, 6017, 6031, 6062, 6063, 6107, 6128, 6229, 6343, 6346, 6396, 6402, 6465, 6486, 6545, 6547, 6586, 6606, 6623, 6633, 6678, 6771, 6792, 6868, 6886, 6902, 7128, 7177, 7200, 7202, 7244, 7283, 7288, 7348, 7414, 7436, 7446, 7449, 7450, 7561, 7577, 7585, 7602, 7678, 7750, 8011, 8037, 8091, 8160, 8187, 8207, 8245, 8282, 8289, 8384, 8492, 8511, 8656, 8685, 8698, 8704, 8708, 8751, 8784, 8831, 8869, 8870, 8905, 8940, 8942, 8947, 8969, 9100, 9125, 9190, 9192, 9193, 9198, 9214, 9240, 9300, 9316, 9322, 9341, 9350, 9357, 9371, 9382, 9421, 9448, 9483, 9500, 9525, 9620, 9688, 9805, 9822, 9838, 9940, 9963, 9998, 10059, 10074, 10163, 10196, 10211, 10276, 10436, 10472, 10484, 10537, 10565, 10619, 10621, 10704, 10844, 10862, 10925, 10948, 11002, 11052, 11091, 11114, 11244, 11253, 11272, 11304, 11313, 11421, 11430, 11476, 11540, 11588, 11746, 11770, 11930, 11946, 11965, 11972, 11983, 11994, 12017, 12048, 12060, 12094, 12098, 12207, 12260, 12319, 12336, 12457, 12459, 12482, 12504, 12516, 12592, 12606, 12680, 12698, 12819, 12829, 12923, 12979, 12991, 13046, 13086, 13136, 13384, 13389, 13412, 13504, 13539, 13614, 13656, 13749, 13751, 13763, 13823, 13966, 14013, 14030, 14040, 14156, 14193, 14299, 14409, 14410, 14415, 14462, 14464, 14495, 14545, 14566, 14592, 14701, 14767, 14792, 14912, 15011, 15039, 15061, 15102, 15109, 15130, 15148, 15185, 15192, 15344, 15348, 15381, 15407, 15424, 15434, 15473, 15590, 15637, 15660, 15725, 15831, 15895, 15929, 15956, 16018, 16025, 16074, 16259, 16304, 16383, 16405, 16413, 16432, 16608, 16614, 16697, 16732, 16771, 16939, 16955, 17153, 17362, 17368, 17474, 17501]",c7.vax__HARALAMBIEVA_PBMC_FLUARIX_AGE_50_74YO_CORR_WITH_28D_MEM_B_CELL_RESPONSE_AT_0DY_NEGATIVE
c7.vax,GAUCHER_PBMC_YF_VAX_STAMARIL_UNKNOWN_AGE_7DY_DN,prerank,0.32612624176255384,1.4622756915546766,0.005917159763313609,0.062411206985967665,0.976,73_176,73/176,27.41%,S100A12;IL1R2;PPBP;VNN2;PDZK1IP1;BCL6;MGAM;PTOV1;IL7R;ANAPC16;IMPA2;RGCC;CMTM2;PI3;FCRLA;TAGLN2;WLS;ZNF217;SERF2;BSG;MED25;TPT1;RPLP1;PYGL;CDC34;RPL13;NPL;FOXO1;RPS10;RPL18;TBL1X;ARAP3;RPL9;RPS8;RPS3;DSC2;SGK1;RPL13A;FBL;RPL37A;NARF;RPL31;ERGIC1;RPS5;PPM1F;RPL27;ABTB1;RPS29;DCAF12;RPL14;TOMM7;RPS20;RPL35;RPL35A;RPS24;SESN3;RPS17;HECA;IRS2;RPS6;RPS27A;RPL3;RPS3A;RPS25;ALKBH7;RPS14;RPL7A;QPCT;CYP27A1;C12orf57;PANX2;MPZL1;RPS18,S100A12;IL1R2;PPBP;VNN2;PDZK1IP1;BCL6;MGAM;PTOV1;IL7R;ANAPC16;IMPA2;RGCC;CMTM2;PI3;FCRLA;TAGLN2;WLS;ZNF217;SERF2;BSG;MED25;TPT1;RPLP1;PYGL;CDC34;RPL13;NPL;FOXO1;RPS10;RPL18;TBL1X;ARAP3;RPL9;RPS8;RPS3;DSC2;SGK1;RPL13A;FBL;RPL37A;NARF;RPL31;ERGIC1;RPS5;PPM1F;RPL27;ABTB1;RPS29;DCAF12;RPL14;TOMM7;RPS20;RPL35;RPL35A;RPS24;SESN3;RPS17;HECA;IRS2;RPS6;RPS27A;RPL3;RPS3A;RPS25;ALKBH7;RPS14;RPL7A;QPCT;CYP27A1;C12orf57;PANX2;MPZL1;RPS18;RPS13;RPL7;RPL11;ABHD5;KLHDC2;RPS4X;RPL4;RPL39;FAU;RPL23;PRDX5;ITM2A;PHOSPHO1;RPS15A;PCBP2;RPL30;KLHL2;RPL5;STAT5B;RPL22;HSD17B11;RPLP0;BTF3;PABPC1;TOPORS;LRRN3;BANK1;TMCO3;GLRX5;RPS23;ICAM3;STMN3;PITHD1;GPR183;RPL10A;PRDX2;NAP1L1;HINT1;PINK1;ALPL;ABCC5;EEF1A1;LDHB;EIF3L;TXNDC12;DDX3X;UBE2H;SNURF;MKRN1;CBX7;EIF2S3;FAM210B;APMAP;PABPC4;EEF2;NAMPT;EIF3F;GNG7;MBP;USP10;FIS1;GLS;EIF4B;NFXL1;DCAF6;MEF2D;NELL2;CAMK1D;EEF1B2;ATM;LMBRD1;TBC1D14;RNF11;TSPAN5;MYADM;KBTBD7;SLC25A37;SRRD;CPD;GMCL1;CDK19;GNG10;CD46;KLRB1;SORL1;TMX4;OSBP2;PRKDC;CPPED1;CREB5;SNRPN;CA4;TP53INP2;OSBPL8;PLEK2;CYP4F3;TGM3;FBXO7;ZNF281;RPS6KA5;PGLYRP1;SLC4A1;MME,"[11, 33, 65, 117, 388, 611, 683, 897, 1012, 1100, 1295, 1356, 1365, 1416, 1514, 1537, 1657, 1898, 2068, 2433, 2584, 2707, 2741, 2745, 2785, 2917, 2943, 3040, 3058, 3110, 3119, 3144, 3204, 3240, 3341, 3352, 3436, 3478, 3480, 3513, 3545, 3614, 3641, 3685, 3842, 3894, 3948, 4056, 4083, 4093, 4113, 4125, 4163, 4202, 4212, 4217, 4247, 4282, 4288, 4340, 4464, 4465, 4491, 4542, 4571, 4601, 4603, 4609, 4678, 4688, 4697, 4774, 4800, 4883, 4984, 5044, 5145, 5290, 5294, 5360, 5363, 5365, 5443, 5750, 5805, 5853, 5993, 5999, 6030, 6069, 6075, 6102, 6109, 6219, 6265, 6328, 6350, 6360, 6481, 6502, 6645, 6674, 6735, 6783, 6856, 7019, 7031, 7111, 7162, 7238, 7390, 7410, 7418, 7667, 7718, 7900, 7912, 8330, 8466, 8570, 8579, 8699, 8721, 8887, 8911, 8919, 9044, 9092, 9148, 9293, 9885, 10265, 10338, 10394, 10601, 10730, 10842, 10999, 11119, 11189, 11313, 11512, 11714, 11836, 11983, 12073, 12118, 12214, 12358, 12360, 12399, 12586, 12858, 13794, 13978, 14057, 14129, 14179, 14491, 14511, 14728, 14733, 15011, 15060, 15600, 15720, 15821, 15892, 15923, 16107, 16187, 16304, 16336, 16414, 17059, 17362]",c7.vax__GAUCHER_PBMC_YF_VAX_STAMARIL_UNKNOWN_AGE_7DY_DN
c7.vax,NAKAYA_MONOCYTE_FLUMIST_AGE_18_50YO_7DY_DN,prerank,0.31178458222409766,1.4500255428795468,0.0018587360594795538,0.06775369373446509,0.982,49_241,49/241,15.16%,DDIT4;SOCS3;CSF1;C1QA;IRF7;VSIG4;TNNI2;PDZK1IP1;FUT7;TGFB1;RAB20;SIRT7;DHRS3;IL1RN;NXN;ELF4;AGER;RUNX1;VEGFA;MAPKAPK2;RREB1;DOK1;STK38;ADORA3;TLE3;RASSF7;FOSL2;NFATC1;VAMP5;RAC2;EMP1;RHOC;ZBTB7B;PHF1;IGFBP5;CD84;PLEKHO2;PML;PHLDA1;KDM6B;LY6G5C;HES1;GNA13;PLEK;SMAD7;PFKFB3;THBD;PLXNB2;TMCC2,DDIT4;SOCS3;CSF1;C1QA;IRF7;VSIG4;TNNI2;PDZK1IP1;FUT7;TGFB1;RAB20;SIRT7;DHRS3;IL1RN;NXN;ELF4;AGER;RUNX1;VEGFA;MAPKAPK2;RREB1;DOK1;STK38;ADORA3;TLE3;RASSF7;FOSL2;NFATC1;VAMP5;RAC2;EMP1;RHOC;ZBTB7B;PHF1;IGFBP5;CD84;PLEKHO2;PML;PHLDA1;KDM6B;LY6G5C;HES1;GNA13;PLEK;SMAD7;PFKFB3;THBD;PLXNB2;TMCC2;SPTBN5;CD247;COL1A1;CD209;SH3BP2;DSC2;FLOT1;HCFC1R1;ZGPAT;YES1;TFIP11;UBAP1;SEC14L1;LDLR;CTBP1;SAMSN1;NLRP1;BHLHE40;PLAGL2;LY6E;ID2;COG7;HBP1;LILRA3;TFPT;CALR;SIRPA;TSR3;PPFIBP2;JAK3;MPZL1;LMNA;YOD1;DDX49;NACA;DIAPH1;ADCK2;PLXNA1;MLEC;ATP4A;IGFALS;PIK3CG;UBTF;BARD1;RNF126;ZNF394;SMAD3;PLSCR3;ACOT7;UROD;EHD1;BIN1;IFT122;GALNT10;RAP2B;EPHB1;APOA2;LPIN2;ELL;TSPYL2;AHCTF1;EIF4G1;RUNX2;ARF6;BRPF1;TYRO3;MGLL;CIT;MTHFR;OTUB1;TNFAIP2;FAM3A;KLHL26;AKAP13;STK32B;BNIP1;SMARCD1;GPX3;RPH3AL;COPB1;HIF1A;RNF185;SLC29A1;PDE4D;NFKBIE;TMEM158;SKIL;TPM3;ZNF267;CLP1;FTSJ1;XPNPEP1;GSTM1;FBXO3;GMEB1;PIGZ;RNF6;CLN8;APLP2;NUMA1;TWF1;IRF4;MAP1A;ZBTB43;TRAPPC4;RECQL5;PRNP;SMURF2;RAP2A;CHD2;PHLPP2;MBP;BTN2A1;CHD1;CBX6;GLS;THBS1;IQSEC1;R3HCC1;SNIP1;MEF2D;DIO2;CHN2;PAFAH1B2;MCM3AP;MTOR;NUP50;PDK2;GGTLC2;AMMECR1;SLC35D1;PPM1A;SLC6A6;GOSR1;CYLD;UTP18;ZW10;SZT2;PIK3CB;FLNB;ERAP1;SMIM7;SLC25A37;C2CD3;POLR2A;TAPBPL;HBEGF;GLYR1;KRAS;MACF1;MAL;ATP2B1;RAB2A;ESR2;SLC22A4;SRSF11;ZDHHC17;LAMP5;COG5;PRPS1;ZNF589;EPHB2;EBLN2;RAD1;ANAPC5;NET1;GALNT3;RSRC1;ITCH;ENPP4;ARL4C;GM2A;GK;NBN;TPPP3;REL;PXMP4;MTF2;ZNF3;FUT4;INVS;KAZN;MTMR9;SEC14L5;SPDEF;OASL;FAXDC2;PHACTR1;MBTPS2;PLN;MYO1A;HLA-DOB,"[17, 158, 185, 196, 229, 240, 274, 388, 490, 664, 698, 700, 776, 793, 798, 803, 822, 845, 930, 941, 1095, 1103, 1120, 1124, 1298, 1326, 1355, 1445, 1610, 1635, 1664, 1711, 1729, 1808, 1810, 1992, 2053, 2122, 2253, 2299, 2361, 2380, 2456, 2474, 2510, 2535, 2546, 2606, 2655, 2898, 2961, 3083, 3094, 3168, 3352, 3404, 3442, 3471, 3581, 3603, 3627, 3716, 4047, 4072, 4147, 4228, 4265, 4283, 4330, 4384, 4562, 4570, 4588, 4606, 4607, 4625, 4674, 4743, 4746, 4774, 4905, 4970, 4988, 5174, 5247, 5297, 5302, 5323, 5532, 5585, 5764, 5770, 5779, 5888, 5934, 5959, 6003, 6047, 6105, 6162, 6167, 6205, 6241, 6378, 6419, 6445, 6477, 6538, 6557, 6622, 6785, 6869, 6875, 7081, 7082, 7114, 7160, 7163, 7255, 7305, 7332, 7578, 7606, 7782, 7847, 7982, 7997, 8097, 8170, 8186, 8223, 8271, 8318, 8362, 8394, 8404, 8503, 8553, 8556, 8610, 8742, 8821, 8925, 8942, 8988, 9125, 9132, 9216, 9416, 9463, 9586, 9700, 9719, 9842, 9844, 10039, 10097, 10117, 10186, 10200, 10265, 10449, 10489, 10537, 10601, 10764, 10768, 10886, 11034, 11119, 11177, 11184, 11249, 11377, 11465, 11560, 11569, 11646, 11742, 11779, 11786, 11809, 11951, 12046, 12072, 12126, 12140, 12207, 12351, 12354, 12355, 12360, 12391, 12584, 12785, 12920, 12945, 12990, 12991, 13217, 13348, 13360, 13388, 13389, 13537, 13548, 13569, 13596, 13618, 13780, 13801, 13812, 13905, 14274, 14325, 14681, 14701, 14704, 14714, 14821, 14858, 14896, 14935, 14952, 15061, 15215, 15272, 15313, 15348, 15375, 15394, 15421, 15631, 15671, 15788, 16118, 16421, 16642, 16738, 16835, 17030]",c7.vax__NAKAYA_MONOCYTE_FLUMIST_AGE_18_50YO_7DY_DN
c7.vax,LI_PBMC_MENACTRA_AGE_18_45YO_ANTI_POLYSACCHARIDE_ANTIBODY_CORRELATION_PROFILE_3DY_DN,prerank,0.554879563806772,1.4483563046843422,0.08840864440078586,0.0679181222025938,0.982,5_12,5/12,5.53%,C7;STAB1;CFB;ITGB4;CFH,C7;STAB1;CFB;ITGB4;CFH;IFNA21;AMER2;A2M;IFNA8;IL1A;IMPG2;TNR,"[340, 357, 742, 867, 967, 4584, 7696, 7759, 11566, 14936, 17143, 17286]",c7.vax__LI_PBMC_MENACTRA_AGE_18_45YO_ANTI_POLYSACCHARIDE_ANTIBODY_CORRELATION_PROFILE_3DY_DN
c7.vax,NAKAYA_PBMC_FLUMIST_AGE_18_50YO_3DY_UP,prerank,0.2887263081160933,1.445723480109777,0.0018832391713747645,0.0685266937725773,0.982,117_516,117/516,19.04%,MLKL;MS4A6A;CARD9;KLHL6;HK3;TLR8;FKBP5;IRF7;FGR;SLC12A7;LILRB1;PTGER2;PLOD3;HLA-DRB1;CASP1;LAIR1;FGD2;IKZF1;TPST2;HVCN1;TRIM5;SYK;CIITA;CD86;PLAC8;FCER1G;SMCO4;HLA-DMB;ARPC1B;MARCO;ITPRIPL2;REEP4;MANF;TBXAS1;PTBP1;CD14;GPBAR1;CHMP4A;CD93;HHEX;GRN;IRF5;KIAA0930;PRAM1;HAUS7;RXRA;DTX3L;TLR7;SHMT2;SLC7A7;MS4A4A;LY6H;AGTRAP;CTSS;RGS19;OSCAR;NOTCH2;CTDSP2;SAMHD1;PHPT1;EMILIN2;EHBP1L1;BTK;BST2;HYPK;TCF3;UNC93B1;HCK;NADK;RNF135;SCAMP2;PLSCR1;CD84;CROCC;LSM10;TSPAN4;CMTM7;TRIM22;SERF2;IL10RB;VAV1;SLX1A;SAT2;SLX1B;CARD16;DPAGT1;TKT;PLBD1;CHKB;CSK;PIEZO1;ALDH2;PYCARD;PLXNB2;AP2S1;CSTB;FAM110A;CTBP2;GSTP1;ARHGAP17;RAB27A;PIK3AP1;FCN1;SYTL3;AOAH;TAF4;TNFSF13B;FASTK;MAT2A;KYNU;TRMT112;CEBPA;CD302;C11orf68;BANF1;MYD88;CDIP1,MLKL;MS4A6A;CARD9;KLHL6;HK3;TLR8;FKBP5;IRF7;FGR;SLC12A7;LILRB1;PTGER2;PLOD3;HLA-DRB1;CASP1;LAIR1;FGD2;IKZF1;TPST2;HVCN1;TRIM5;SYK;CIITA;CD86;PLAC8;FCER1G;SMCO4;HLA-DMB;ARPC1B;MARCO;ITPRIPL2;REEP4;MANF;TBXAS1;PTBP1;CD14;GPBAR1;CHMP4A;CD93;HHEX;GRN;IRF5;KIAA0930;PRAM1;HAUS7;RXRA;DTX3L;TLR7;SHMT2;SLC7A7;MS4A4A;LY6H;AGTRAP;CTSS;RGS19;OSCAR;NOTCH2;CTDSP2;SAMHD1;PHPT1;EMILIN2;EHBP1L1;BTK;BST2;HYPK;TCF3;UNC93B1;HCK;NADK;RNF135;SCAMP2;PLSCR1;CD84;CROCC;LSM10;TSPAN4;CMTM7;TRIM22;SERF2;IL10RB;VAV1;SLX1A;SAT2;SLX1B;CARD16;DPAGT1;TKT;PLBD1;CHKB;CSK;PIEZO1;ALDH2;PYCARD;PLXNB2;AP2S1;CSTB;FAM110A;CTBP2;GSTP1;ARHGAP17;RAB27A;PIK3AP1;FCN1;SYTL3;AOAH;TAF4;TNFSF13B;FASTK;MAT2A;KYNU;TRMT112;CEBPA;CD302;C11orf68;BANF1;MYD88;CDIP1;PPID;MED16;PMVK;TMX1;OAS1;KLHL36;DYNLL1;TMEM205;DNASE2;ORAI3;TREX1;SDR39U1;TMED9;GEMIN7;RASSF4;GTF2H2;CTSC;GLRX;LSM6;PGM2;PDXK;DAPK1;ATP10D;CPNE8;ENO1;AURKAIP1;GOLIM4;BLNK;IFI16;UBE2L3;MX2;TNS3;TOR1B;TRAPPC3;GALNT2;TNFSF13;PGLS;COMT;CREBL2;CBL;NECAP2;TRIM69;PRELID1;NDUFS2;PANK2;STX4;MRPL51;PGD;HTATIP2;SLC27A3;ASRGL1;CYFIP1;MYOF;TBC1D8;GSTO1;NDUFB10;IL17RA;PEA15;CRTAP;SNTB2;ECHS1;UBE2I;APOL3;SLC22A18;NUB1;KCTD12;TCF7L2;SLC24A4;PUSL1;CTSB;ZNF143;HIPK2;CHTF8;CUEDC2;AP3D1;PDIA6;NDUFS7;AP2A2;MAP2K1;CYBB;ZNHIT1;AAMP;CLPTM1;CHST15;ILK;CLTA;HM13;ADAP2;AIF1;CST3;AKIP1;FGD4;CYC1;SYNE3;CYB561A3;TRIM34;ALDH3A2;YY1AP1;DPH3;MLX;SERPINB1;ERCC1;RRP12;ZNF106;ZC3H4;TM9SF1;TSPAN31;SLC2A6;GCNT2;COX5A;IFI35;S100Z;SNX27;NAGK;CFP;USP19;RPUSD3;FGL2;PRPF19;CPVL;FBP1;GPAA1;XAF1;PDLIM5;TPI1;SPTSSA;IDH3G;CCDC50;MRPS11;DNLZ;RAB8A;HEBP1;CLN5;ESRP2;LILRA1;SNX17;TM9SF4;TMEM19;SYNCRIP;TNRC6B;ABCF2;INTS7;IFI30;KCNE3;MRPL16;LTA4H;PARP12;SUMF1;PSMB10;TMPO;NAGA;NUDT5;MGST3;SSR1;ATP6V0D1;SUCLG1;SART3;TRIO;OXLD1;PARP14;PCK2;BLVRA;EXOC4;ETFA;MX1;PSMB9;EFTUD2;CTNNA1;DCTD;SSB;HFE;NAAA;CAST;SP110;PPP1R7;ATIC;TMEM126B;RAB40C;NUDT22;DCTN2;COA3;JAK2;PAICS;USP34;PARP1;PPHLN1;DERA;DRG1;COMMD8;CDK13;PRPF6;CTNND1;TMBIM4;GNS;TCF4;APLP2;RAB10;LIMS1;STAT2;LARP1;RB1;MAT2B;MRPL20;TRIM14;MAP4;XIAP;SNX2;N4BP2L1;SULT1A1;B3GALT6;HK1;NDUFB3;SLC25A24;SERBP1;PPP1R11;CNDP2;GTF3C2;RNF5;TANGO2;RHBDD1;NSL1;AKR1A1;TMEM80;YWHAE;ENY2;RAB3GAP1;RAB4B;SCPEP1;SMURF2;HNRNPA0;PRDX4;RNFT1;CORO1C;LMO2;SIDT2;NUP214;CYP4V2;DCTPP1;AGPAT3;NDUFAF3;GRSF1;MRPL24;SNX6;MKKS;OAS3;SH2D3C;ARPC5;RNF20;RDH11;RPRD2;UNC50;QKI;CLEC4A;VPS41;ALDH9A1;GTF2H2C;LARP4B;COX20;PPA2;FAM204A;BCKDHA;FKBP15;LEPROT;TIMM8B;MEGF9;RTN1;DDOST;MRPS18C;MAPK1;RNH1;SMARCA4;DCAF7;ASH2L;OCIAD1;EBNA1BP2;EXOSC5;COA4;RSL1D1;PDCD6;NCOA2;STX7;EIF2AK1;UCP2;NOLC1;NDUFB5;RBM8A;TMEM63A;EXOSC1;ARSD;RRP7A;ASXL2;SAMD9L;OAS2;SBNO1;PPT1;ZFAND5;ATP6V1C1;NAIP;ORMDL2;BZW2;SMIM7;TRIP11;NIF3L1;SDHC;SPTLC2;AK2;FUCA1;TINF2;ATP6V1B2;UEVLD;PCMT1;DDX60L;ITPR2;ADAM10;GDI2;CSNK2A1;REEP5;IKZF3;RUFY3;APPL1;MPEG1;GLYR1;MFSD1;TMEM230;TOR1A;IDH2;KIAA0513;XRCC5;CBR1;DPYD;YWHAB;HMGN4;SPTLC1;AFG3L2;OGFOD1;DYNC1I2;SLC31A1;CHMP5;CLCN3;ATP6V1A;PDHB;PSMB2;BTF3L4;PCMTD1;PREPL;IFT80;HPSE;AGPS;ECHDC1;MEF2C;MYCBP;AP1S2;CITED2;SNX1;POLK;GATAD1;DPP8;EAF2;SUSD1;OCA2;RMDN1;PIK3C3;AIMP2;ARRB1;TICAM2;RAP1GDS1;DDX18;PIGP;CAMKK2;TNFSF10;AAK1;SLC24A1;SEC23IP;IDH3A;NIPAL3;AMN1;MRPS16;RBBP4;GIT2;TRIQK;PCED1B;SRD5A3;EPB41L3;PRR5L;SCARB2;DMXL1;SMIM14;STAT1;VRK2;TMEM209;CES2;TCEANC2;METTL8;CNP;GAS7;DDX60;WSB1;ALDH1A1;CD36,"[36, 137, 147, 148, 202, 203, 215, 229, 382, 468, 474, 510, 520, 558, 580, 610, 663, 693, 746, 785, 786, 810, 815, 827, 834, 857, 886, 914, 965, 977, 1050, 1063, 1077, 1085, 1204, 1238, 1276, 1282, 1292, 1312, 1328, 1337, 1347, 1368, 1379, 1409, 1525, 1546, 1562, 1607, 1623, 1663, 1684, 1687, 1688, 1704, 1705, 1753, 1789, 1793, 1794, 1796, 1801, 1831, 1847, 1891, 1894, 1914, 1916, 1924, 1946, 1987, 1992, 2011, 2030, 2036, 2054, 2064, 2068, 2113, 2128, 2149, 2169, 2211, 2235, 2260, 2303, 2305, 2357, 2360, 2383, 2440, 2517, 2606, 2630, 2706, 2862, 2902, 2918, 2925, 2940, 2944, 2968, 2971, 3002, 3046, 3052, 3103, 3135, 3173, 3174, 3219, 3230, 3242, 3266, 3306, 3335, 3447, 3495, 3529, 3568, 3619, 3640, 3652, 3687, 3728, 3738, 3778, 3840, 3872, 3950, 4046, 4049, 4088, 4115, 4117, 4145, 4198, 4221, 4225, 4230, 4248, 4303, 4324, 4333, 4346, 4361, 4368, 4409, 4552, 4599, 4629, 4642, 4646, 4655, 4756, 4760, 4775, 4850, 4892, 4999, 5048, 5094, 5102, 5171, 5179, 5191, 5198, 5202, 5210, 5217, 5230, 5288, 5292, 5340, 5379, 5494, 5529, 5531, 5545, 5548, 5559, 5600, 5609, 5613, 5657, 5660, 5662, 5675, 5683, 5712, 5785, 5789, 5800, 5810, 5838, 5847, 5861, 5941, 5957, 5966, 5973, 6049, 6108, 6130, 6152, 6273, 6283, 6295, 6317, 6325, 6470, 6471, 6494, 6497, 6520, 6547, 6571, 6578, 6582, 6597, 6602, 6646, 6662, 6672, 6676, 6700, 6730, 6743, 6776, 6788, 6854, 6864, 6872, 6896, 6921, 6957, 7002, 7017, 7088, 7105, 7148, 7218, 7270, 7283, 7323, 7325, 7330, 7350, 7421, 7464, 7496, 7519, 7634, 7650, 7742, 7787, 7800, 7924, 7978, 7981, 7995, 8011, 8015, 8044, 8058, 8059, 8071, 8076, 8084, 8106, 8129, 8165, 8206, 8207, 8211, 8234, 8240, 8265, 8294, 8301, 8341, 8351, 8358, 8375, 8409, 8412, 8434, 8462, 8487, 8508, 8510, 8547, 8583, 8605, 8628, 8641, 8802, 8819, 8829, 8884, 8903, 8909, 8969, 8980, 9034, 9066, 9105, 9109, 9135, 9170, 9193, 9216, 9227, 9243, 9251, 9265, 9270, 9288, 9331, 9338, 9346, 9351, 9357, 9362, 9370, 9379, 9406, 9420, 9478, 9494, 9504, 9531, 9577, 9671, 9672, 9699, 9729, 9825, 9869, 9903, 9936, 9960, 9993, 10059, 10097, 10108, 10203, 10256, 10359, 10397, 10446, 10473, 10485, 10511, 10522, 10538, 10542, 10562, 10586, 10588, 10622, 10696, 10736, 10758, 10792, 10799, 10801, 10821, 10843, 10898, 10914, 10938, 10996, 11008, 11066, 11071, 11160, 11210, 11213, 11289, 11349, 11422, 11427, 11433, 11454, 11509, 11525, 11640, 11678, 11696, 11743, 11749, 11787, 11788, 11796, 11841, 11861, 11871, 11886, 11890, 11892, 11920, 11936, 12031, 12056, 12068, 12071, 12091, 12167, 12205, 12235, 12247, 12279, 12297, 12317, 12326, 12355, 12368, 12400, 12428, 12443, 12490, 12500, 12519, 12573, 12595, 12622, 12684, 12687, 12690, 12693, 12732, 12738, 12755, 12808, 12885, 12924, 12945, 12949, 12950, 12970, 12981, 12994, 13013, 13032, 13053, 13201, 13395, 13396, 13478, 13514, 13572, 13717, 13832, 13865, 13883, 13916, 14007, 14051, 14068, 14070, 14084, 14138, 14140, 14183, 14202, 14222, 14311, 14327, 14328, 14400, 14462, 14465, 14512, 14515, 14527, 14536, 14671, 14679, 14689, 14963, 15032, 15143, 15189, 15193, 15232, 15234, 15331, 15334, 15381, 15489, 15496, 15515, 15563, 15581, 15655, 15799, 15847, 15850, 15878, 15918, 15980, 16031, 16067, 16074, 16095, 16144, 16150, 16204, 16429, 16432, 16525, 16707, 17233, 17499]",c7.vax__NAKAYA_PBMC_FLUMIST_AGE_18_50YO_3DY_UP
c7.vax,OSMAN_BLOOD_CHAD63_KH_AGE_18_50YO_HIGH_DOSE_SUBJECTS_24HR_DN,prerank,-0.3343781383304533,-1.8099719270062686,0.0,0.07039599727662808,0.149,600_1486,600/1486,28.93%,CRTAM;PLEKHM3;RCAN3;ADAMTS5;CDC42BPG;EOMES;NCR3LG1;COL13A1;PLCXD2;ENOSF1;LGR6;DLEU2L;MME;MTX3;GZMA;PKIB;AMDHD1;LEKR1;ANKRD36;GOLGA8S;ZNF382;PLAG1;LIMA1;CDNF;CAMK4;CALCB;ANKRD36C;SAMD13;GPCPD1;KLRC1;GPRIN3;IMPG2;MTBP;ACVR2B;GCNT4;ZNF138;TARBP1;MYB;IL16;ALG10;TET1;ANKRD31;RPH3A;CNTNAP3;ALOX12B;FANCD2;SCAI;CCDC89;NT5DC1;ZNF280D;LANCL1;ZNF737;PRKCQ;TENM1;TMC2;CCDC141;RPGRIP1;ZNF483;ZNF891;DTHD1;AGTPBP1;LDLRAD4;CNTNAP3B;ZNF449;PTPDC1;GK5;CDRT4;PROCR;TTC12;GOLGA8R;ACADSB;RNF125;TRDMT1;ZNF548;TUBGCP5;RGPD3;RTTN;TRPM6;ZNF264;ZMAT1;ZNF337;MID2;RASGRP1;HLTF;TRPC1;TIGIT;NAF1;GOLGA8O;KIT;TASP1;STAG3L3;PLCH2;ARMCX4;HACE1;ARMC2;SLC16A7;DNAH6;GALNT12;C5orf34;PHACTR1;PXK;SPATA7;ZNF426;PPP1R12B;ZNF699;ZNF85;ASTE1;RUFY2;FKTN;USP44;TTC23L;TGFA;KLF8;USP13;AMPD3;DEPDC7;GPRASP1;PPWD1;DGKD;RNF141;TMEM168;BFSP1;CD200R1;VEZT;NCALD;CD8B;COL9A3;ZKSCAN7;ST18;RASGRF2;PEX1;TGM3;MSH2;ZNF484;MORN3;REPS1;IPP;ABCD2;ZNF681;KLHL42;DSC1;MICU3;AKAP11;ZNF530;HLCS;STXBP5;PLCB1;PPP4R4;TMEM67;SERINC5;PDE7A;TMSB15B;ZC3H8;SLC4A10;SLC12A2;ZNF10;CCDC171;PPM1H;RRH;ZNF559;FUT8;ZFP2;DSEL;GOLGA8Q;PECR;RGPD8;FILIP1L;KLHDC1;PCED1B;NBEA;ARMCX5;TXK;TUBE1;TSGA10;NBPF15;PRKG2;NSUN7;ADAT2;ATP8A1;ZNF519;SYNE1;ZNF253;ABCA5;DDHD2;SLC25A40;MCEE;GALNT7;GEMIN8;CFL2;FBXW2;ATP8A2;NKTR;CA4;RCOR3;B4GALT6;PLD1;ZNF600;AGAP1;SERF1B;EDAR;LYRM7;CCDC14;SLC38A1;KIF2A;ZNF43;C14orf132;CEP170;LYPLAL1;SHF;TRIM9;TRMT13;KAZN;RPGRIP1L;STARD9;ANKRD28;ZNF439;PDE3B;CREBZF;FBXL13;ZDBF2;ZNF354C;TDRKH;BAAT;ERMN;ULK4;IFT27;NPAT;NUCKS1;SLCO4C1;RAPGEF6;NUDT13;CHD6;FIGNL1;ZFP14;EXOSC8;ZNF157;ZNF780B;UBR3;TDP1;AGL;ISM1;AAK1;PRKACB;ATF7IP;DZANK1;PIGP;SLC35G1;GUF1;ZBTB25;MTUS2;AHI1;SLC16A14;SLC25A36;MRI1;DLG1;SH3BP5;TTC8;SPICE1;CCSER2;ZNF266;KIF3A;MBLAC2;PIGK;SNRPN;VAMP4;SLC35B4;ERMP1;CMSS1;RAP1GDS1;VSIG1;ADAM22;DPP4;ODF2L;RALGAPA1;KLHL13;ZNF26;LRRC7;KCNQ5;LMLN;EFHC1;AGO2;GOLGA8B;GTDC1;MYO5A;ZNF497;STAU2;PGM2L1;POLR3B;KLHL3;ZNF662;RECK;CDON;MSH3;MPPE1;ABCA10;RARS2;TTC13;DLG2;ICA1L;RBFOX2;BRWD1;RLN2;ARL4C;TMEM161B;TBC1D10C;TBC1D19;IDS;SPAG16;VAPB;RRM1;NAA35;ZNF17;PTPN4;USP48;RNF43;CTPS2;PRKDC;RFXAP;ENPP4;WDR35;NUBPL;ZNF529;CEP68;C14orf28;REV3L;CPSF6;NIPA1;SPOCK1;ZBTB20;ZNF608;CBLB;SLC39A10;DIXDC1;NR2C1;PHOSPHO2;MAP9;TRMT61B;PPP2R2B;ABI2;ANKRD6;FOCAD;CEP120;VWA8;EFCAB5;ZNF846;THNSL1;TMX4;ARSG;ANKRD26;ANAPC1;PTBP2;OXCT1;CHIC1;HGSNAT;ZNF570;KATNAL1;RWDD3;THOC3;CHD1L;ZNF433;INTS2;TOP2B;ZNF510;SEC61A2;DNAJC24;SPTSSB;PARP2;TPP2;FGF7;AKT3;GINS4;STK39;SYTL1;ALS2;DEPTOR;ZC3H6;LONP2;CCDC102B;C18orf54;FSBP;PMS1;KLRB1;OSBPL3;UFSP2;LRP2BP;ADHFE1;DDX42;IFT80;GCFC2;FGGY;COX11;DYRK2;ZNF554;PREPL;RCN2;ADAM23;ZNF839;COG6;SRPK2;ARL6;NECAB2;TUBGCP4;SEC63;MGAT5;CAMTA1;BBS4;ZNF528;FAM218A;LIAS;NAPEPLD;C1QTNF3;RAD1;S1PR5;KIF21A;XPA;CLYBL;ZNF33B;PIAS2;ME1;ZNF573;GSTA4;THEM4;TRIM37;ZNF852;SPEF2;TYW5;EPM2AIP1;ZNF589;ZFAND1;CRYZL1;MAPK8;ELP2;DPY19L3;FEZ1;FAN1;PEG10;DSTN;TBL1XR1;TRABD2A;ZNF540;ATG2B;PIGL;CASD1;NRXN1;ZNF502;DOCK3;SACS;KLHL32;N4BP3;TXNRD3;IVD;CROT;NPHP3;AMY2B;ZNF827;FGF9;ZFP28;C5orf63;YLPM1;RAB33A;NSG1;STRBP;TDRD3;SRSF11;ATE1;ADK;SAMD12;SLC4A7;KIAA0586;FAT4;ZSCAN30;NAE1;TRAF5;ZNF569;WDR3;FAM98B;STAT4;PSIP1;ZNF789;ARHGEF9;SAMD3;LRP6;TTC3;RPAP2;ZNF182;ORMDL1;WWP1;PIK3R1;HPCAL4;RBL2;ASAH2B;KLHL31;LZTFL1;CALM1;WDR91;LY9;ZNF585B;N6AMT1;GPRASP2;MAL;FAM162A;ERN1;ANGPT1;DCAF17;ZNF527;INPP4A;MLH3;LRBA;PCM1;BICD1;FAM107B;TGDS;PDP2;SLAIN1;PIK3IP1;TSEN2;GOLGA8A;ARL5A;ACBD6;AUH;PIBF1;SOX4;PTPN22;DACH1;EEPD1;SERF1A;OXNAD1;RGPD5;SLC4A4;MACF1;ZNF544;XPC;DTD1;CCDC65;PCBP4;TULP4;UBA5;RLN1;RNGTT;ACAD11;MBNL2;RFX3;GMCL1;TESPA1;RAB40B;SEMA4C;AP3M2;PAFAH2;ZNF649;ZNF445;FKBP14;ABCA6;SNX18;ZYG11B;DIP2A;SETD6;ZNF793;MTMR2;NAP1L2;ZMYM2;CEP57;DPY19L2;ZNF254;ADAM19;PURA;ZNF354B;NIPSNAP3B;VIPR1;MNAT1;ZNF829;NRCAM;CUTC;EXTL2;ZNF90;CD96;SERTAD2;BACH2;MAGEH1;LUC7L3;PDZD8;RPAIN;USP45;PADI4;ZNF251;FAF1;AKTIP;B3GNT2;FAM216A;MYBL1;PRPSAP1;TNRC6C;ESYT2;CD27;SPIN1;GTPBP8;TM7SF3;PRKAB2;ATP6V0A2;KPNA1;TM6SF1,MMP9;DDIT4;MMP23B;CXCL6;MRPS6;CCDC102A;SLC5A3;CST7;LCK;IL32;VNN1;TJP3;ITPKB;TGIF1;LYVE1;GOLGA7B;TMC8;TRIM59;CXCL1;SLAMF6;CPAMD8;DPEP3;PTGDR;KLRD1;DHRS3;FCGBP;ITGB4;TGFBR3;CD2;GATA3;HS3ST3B1;ADAMTS10;IL7R;PYHIN1;MYC;PPIAL4G;DLEC1;CDC14A;TRIM16;AGFG2;GRAMD1C;NFATC2;BTG1;CEACAM19;ZNF69;IMPA2;ARHGAP15;TACC3;TMIGD2;LEF1;CASS4;TBX21;SNRNP48;BNC2;TMEM91;PLEKHF1;GLIS3;FAM43A;BRICD5;ESPNL;BAG2;CD3E;PLCD1;COL6A2;NOG;IER5L;TSHZ1;UNG;PYROXD2;ASF1B;C1orf35;TLE1;KLRG1;TNNC1;S100A2;CYBRD1;SDC2;CILP;GSTM2;AXIN1;BCL2;ZAP70;HIBCH;PPARA;S1PR1;ERBB2;TCEA3;GJB6;GRAP;KLRK1;KRT72;LLGL2;HAGHL;PHLDA1;ARSK;SULT1B1;SLC41A1;CD160;GCHFR;S1PR4;JUN;CR1;DPEP2;PON2;TMEM204;THBD;SULT1A2;ZNRF3;NLRP12;CERS4;C7orf25;SLC26A11;ABCB1;WDR76;CACHD1;PGPEP1;DEF6;RP9;PARP16;PTDSS2;MLLT3;IL1RL1;CDH26;MATK;GAB3;CRYGS;SUN2;WEE1;RPL13;CYP4F12;TTC28;NAA16;WNT7A;CD247;MCM8;PASK;RASSF1;PDE4DIP;IL23A;FOXO1;ZBTB40;ADCY9;UNC119B;DNMBP;TKTL1;PROK2;OR2L5;LCN12;ZHX3;FYN;RPS3;SESN1;SH2D1A;BEND7;SGK1;APCDD1;RPL13A;TRAF3IP3;LAX1;GDF11;ADAMTS1;LTK;ACP6;XKRX;TAS2R30;MEGF6;ANKZF1;YES1;TBCD;DNAJC9;KLHL36;ZNF558;MMS22L;MRPS31;SNCG;TMEM45B;SLC16A1;ITK;ETS1;SERGEF;ITGA6;PACS1;TOB1;CTSF;SIRPG;PCID2;GPR34;WWOX;BTBD7;THRA;ZNF577;TMC6;DOK4;CDKN2B;PLAU;NPRL2;FGFBP2;CD44;RFC4;ZNF420;RPL14;LPCAT1;POMT1;ZNF746;RPS20;CDH2;ARHGAP10;PGM2;IFFO2;MEX3C;IKZF2;BRPF3;SSH1;TADA2B;CCDC92;IRS2;NPAS2;ZNF630;RPS6;C6orf163;ID2;ZNF831;REST;TEF;RPL3;CAPN14;IMP3;SFI1;TCF7;PARD6A;MSI2;TRIM52;FCHO1;PARD6B;PLEKHB1;ACYP1;AKR1B1;ZNF671;ZNF850;LRIG1;CYP27A1;C12orf57;LIX1L;TIMD4;PANX2;ARHGAP35;URGCP;AMOT;GAN;RPL23A;ZCCHC18;FANCG;BTBD8;USP47;CLDN12;ST6GALNAC6;ANKRD18A;MZT2A;OCM;ZNF571;ZBTB44;SH3RF3;EZH1;PHLDB2;CRY1;ZNF605;FAM171B;TRAF1;ZNF823;WDR33;PRSS23;DEF8;TMEM25;GOLGA6L9;USP53;FBXO32;SPP1;CYTH3;NISCH;ACACB;DHRS7;SIAH1;ABHD17C;RRAS2;KLHDC2;DGKA;CABIN1;ZNF30;FAM3D;RPL4;ATP8B2;KHK;CERK;UBE3D;RGPD6;FAM219B;ZNF550;NUDT3;SNTB2;ZNF318;PITPNC1;NEO1;NEK6;PPP3CC;CCL5;ZBTB5;CCDC152;AJAP1;GPAM;PLXND1;ZCCHC14;ZBTB1;ZNF835;KDM3A;UBTF;HIP1R;KLHL22;TSPAN6;DAAM1;PRKCH;ITM2A;SFXN5;PROX2;SKI;CENPV;CEP70;APPL2;TP53INP1;CMTM4;TBC1D4;CNOT6;THADA;GALNT14;ZNF235;VPS51;PMFBP1;ING2;HEATR5A;ZNF616;TMEM185A;DKK3;RPL5;CSGALNACT1;ALDH6A1;N4BP2;ALDH7A1;SLC35E2B;FAM153A;BIN1;CASP2;SMIM8;RDH16;RPL37;DMAP1;ADNP;TTC5;CHMP7;PDGFD;HAVCR1;UAP1;FOXP1;HNRNPH1;PABPC1;C16orf74;SEMA4F;GFI1;SGSM2;HTRA1;PEX5;DENND2D;PAIP2B;RBKS;BBS2;LRRN3;SYDE2;PODXL2;C3orf33;CBY1;TSPYL2;SPATA6L;SLC25A53;HSPBAP1;AHCTF1;MTA3;TMCO3;TEX30;ZNF607;DGKG;JMY;IVNS1ABP;RNF216;CAMK2G;ARL3;TSTD1;ATP2B4;ZSCAN18;ZBTB16;NMT2;VPS26B;TC2N;C22orf39;STMN3;ZNF551;RUNX2;ANKLE2;ABCA3;BBS9;BLM;PPP1R13B;KLF3;TIAL1;CEP250;CHCHD6;GPR183;PRPF38B;BCR;SSBP2;EXOSC2;APBA2;MFGE8;NMUR1;WDR54;NDRG2;ZNF250;GPR27;NAP1L1;MAP3K4;LZTS2;IFT172;ZNF416;EXD2;TMEM107;POU6F1;ANO10;CCDC57;KIF27;RAD54B;TAS2R10;EPN2;CHD3;UPB1;ABCG1;ZNF660;KDM5B;ATF7IP2;NAA30;SUPT3H;CCDC125;XKR6;PNMA1;UXS1;ZNF331;SREK1;ABCC5;GTF2IRD2B;CD244;DCP1B;CAPN7;PHF10;MSANTD2;RIC8B;ZBTB10;RRP8;MKRN2;WDR27;ZNF286B;DPH5;DBP;CDR2;SEL1L3;DCUN1D2;COQ10A;MAST4;ZNF443;PCMTD2;MGAT4A;LDHB;ZBTB38;EIF3L;RORA;INPP4B;BDH2;GRPEL2;ASF1A;BBS1;DCHS1;MAGEF1;FITM2;RANBP2;ANKS6;SPTAN1;AK3;CBX8;RYK;CATSPERB;LAMA2;IGIP;HS2ST1;NARS2;TMEM245;INPP5B;DDX20;MORN4;HSF2;NR3C2;ARHGEF7;RALA;ZNF862;ARL14EP;TMEM14A;PDE4D;KIAA0753;KLRC3;IKZF5;EXOSC7;EEF2K;AUTS2;DSTYK;PRMT7;URI1;IMMP2L;KLRC2;EFCAB7;NBPF3;PRPF39;SPOCK2;HMOX2;ARID2;ZNF561;HENMT1;CBX1;TOX;HELLS;ST8SIA1;ARGLU1;SNURF;ZNF7;PLB1;HADH;RGS14;ZNF599;IMPDH2;STAG1;CNPY4;OGT;CBX7;NUCB2;ENO2;AEBP2;NBPF1;HOPX;INSC;LDLRAP1;MAPK13;YAF2;HDAC2;PTGFRN;BRD1;RSBN1;DNAJC21;SLC9B2;CUBN;APMAP;FBXO3;ASPH;UBXN7;CCNB1IP1;AGO3;ZNF329;EFHC2;ZNF425;CCDC7;RAB39B;SPRED1;PABPC4;RASA3;NEK11;CDHR3;BCL11B;SPG7;GLS2;ZFP62;PM20D2;MAP3K2;INPP5A;RBM28;NUDT6;RPS6KA3;SEC22C;ANKEF1;PGAP2;ZNF792;MRPL46;RASA2;SUGP2;ZNF615;GPA33;IFT57;KLF12;FAM185A;TPRG1;STXBP4;SMYD4;EIF3F;ATL2;ARL10;SFMBT1;PLEKHA5;CNNM3;CEP95;CCNJL;NDUFAF7;ZBTB4;NUMA1;ANKAR;PTCH1;MBIP;OVGP1;DDX31;LSM11;ELOVL4;SLC25A29;ZNF514;ZMAT3;ZSCAN2;STARD13;SMKR1;GPD1L;ZNF326;PANK1;CLEC2D;SCRN2;CD3G;ABAT;APBB1;CBR4;ZNF248;SRGAP3;ZNF623;SUN1;ACVR2A;ZZZ3;IQCC;ZFP30;ERP27;ADD3;FGFBP3;ALG6;KCTD7;SAMD10;SNX9;MPZL3;ZNF780A;ASB1;ZNF44;FAM169A;POLG2;CPNE2;PAXBP1;MYO9A;KAT6B;DENND4C;LUC7L;SMURF2;AASDH;ZNF286A;CXCR6;ZNF234;OFD1;PPIP5K1;ZNF232;CRIM1;CMC1;TSPYL4;RWDD2A;ENPP5;VPS13A;ZNF721;KBTBD6;ZBTB14;AMIGO1;KIF5C;ZNF786;TBC1D7;METAP1;THEMIS;CEP85L;PCYOX1;B3GALT2;ZXDC;PHF14;NR1D2;ZNF507;SFXN1;TRIT1;FAM217B;SPTBN1;ZNF546;KBTBD11;TCFL5;ACAD8;HLF;TOM1L2;EHBP1;PRKCA;NME6;ZNF567;CDK5R1;MPRIP;ZNF343;ARHGAP12;SH3YL1;XYLT1;ZNHIT6;TMEM117;C1orf21;UPF3A;RIC3;ZNF256;PEBP1;SOCS5;ZNF805;FAM168B;ZNF461;ZFYVE9;EIF4B;KLHL7;SKP2;FAM161A;ZNF345;GRIK3;RPRD2;NAP1L3;FBXL4;TMEM116;EPHX2;TANC2;HPGD;FAM110C;AK5;DMKN;WDR19;C12orf42;BIVM;ANKRD46;SMYD3;FRMPD3;ALG13;SNX25;ZNF568;CA5B;MCM6;ZNF799;PLEKHA1;ZNF285;CCDC136;ZNF506;MTAP;SLC19A2;OTUD3;OCIAD2;MRS2;TTLL5;REV1;GLCCI1;MAGEE1;LRCH1;NDRG3;GPATCH11;DAPK2;SATB1;EPHA4;ATG9B;RNF103;NELL2;CEP290;ZNF584;RNF157;BCKDHB;FAHD2A;SYCP2;SYTL2;HOOK1;POLR1E;FAM184A;KIF22;TCF19;CASK;SHPRH;LIPT2;GNPDA2;STXBP1;KLRF1;JAKMIP2;FBXO25;PGM3;ERCC6;ZNF398;BRI3BP;MOAP1;CNKSR2;DBF4;ENDOV;SKAP1;CD6;NDUFAF6;RFX7;RBM26;PPP3CA;MANSC1;FRA10AC1;COLGALT2;CREB3L4;PPARGC1A;ATM;ZNF549;FBXL17;ZEB1;DPY19L4;DGKE;TRIM32;ZNF304;TMEM181;BBS10;DYNC2H1;SLC35D1;COX19;EML5;METTL24;GNG2;IFT88;GLMN;CD28;ZNF71;MBTD1;S100PBP;TTC9;ABLIM1;TUBGCP3;SPINT1;OSGEPL1;PKIA;THOC1;ZNF154;ZNF781;COLEC12;AGO1;ANKRD55;ZBED4;MPHOSPH9;SLC7A6;ZNF566;PTS;CEP78;SMARCA2;ZNF84;DZIP3;PRKCZ;TMEM41B;YPEL1;IPO11;CTNNBIP1;COPS8;HABP4;PLCL1;TPD52;SBNO1;CAMSAP1;LMO7;COL5A2;ATG16L1;ZMYND11;CYFIP2;LRP1B;DIS3L;FBXL20;SLC16A10;DNAJC19;FLNB;ATXN1;FZD3;POLH;HNRNPU;KIAA0319;KIFAP3;CEP44;TM6SF1;KPNA1;ATP6V0A2;PRKAB2;TM7SF3;GTPBP8;SPIN1;CD27;ESYT2;TNRC6C;PRPSAP1;MYBL1;FAM216A;B3GNT2;AKTIP;FAF1;ZNF251;PADI4;USP45;RPAIN;PDZD8;LUC7L3;MAGEH1;BACH2;SERTAD2;CD96;ZNF90;EXTL2;CUTC;NRCAM;ZNF829;MNAT1;VIPR1;NIPSNAP3B;ZNF354B;PURA;ADAM19;ZNF254;DPY19L2;CEP57;ZMYM2;NAP1L2;MTMR2;ZNF793;SETD6;DIP2A;ZYG11B;SNX18;ABCA6;FKBP14;ZNF445;ZNF649;PAFAH2;AP3M2;SEMA4C;RAB40B;TESPA1;GMCL1;RFX3;MBNL2;ACAD11;RNGTT;RLN1;UBA5;TULP4;PCBP4;CCDC65;DTD1;XPC;ZNF544;MACF1;SLC4A4;RGPD5;OXNAD1;SERF1A;EEPD1;DACH1;PTPN22;SOX4;PIBF1;AUH;ACBD6;ARL5A;GOLGA8A;TSEN2;PIK3IP1;SLAIN1;PDP2;TGDS;FAM107B;BICD1;PCM1;LRBA;MLH3;INPP4A;ZNF527;DCAF17;ANGPT1;ERN1;FAM162A;MAL;GPRASP2;N6AMT1;ZNF585B;LY9;WDR91;CALM1;LZTFL1;KLHL31;ASAH2B;RBL2;HPCAL4;PIK3R1;WWP1;ORMDL1;ZNF182;RPAP2;TTC3;LRP6;SAMD3;ARHGEF9;ZNF789;PSIP1;STAT4;FAM98B;WDR3;ZNF569;TRAF5;NAE1;ZSCAN30;FAT4;KIAA0586;SLC4A7;SAMD12;ADK;ATE1;SRSF11;TDRD3;STRBP;NSG1;RAB33A;YLPM1;C5orf63;ZFP28;FGF9;ZNF827;AMY2B;NPHP3;CROT;IVD;TXNRD3;N4BP3;KLHL32;SACS;DOCK3;ZNF502;NRXN1;CASD1;PIGL;ATG2B;ZNF540;TRABD2A;TBL1XR1;DSTN;PEG10;FAN1;FEZ1;DPY19L3;ELP2;MAPK8;CRYZL1;ZFAND1;ZNF589;EPM2AIP1;TYW5;SPEF2;ZNF852;TRIM37;THEM4;GSTA4;ZNF573;ME1;PIAS2;ZNF33B;CLYBL;XPA;KIF21A;S1PR5;RAD1;C1QTNF3;NAPEPLD;LIAS;FAM218A;ZNF528;BBS4;CAMTA1;MGAT5;SEC63;TUBGCP4;NECAB2;ARL6;SRPK2;COG6;ZNF839;ADAM23;RCN2;PREPL;ZNF554;DYRK2;COX11;FGGY;GCFC2;IFT80;DDX42;ADHFE1;LRP2BP;UFSP2;OSBPL3;KLRB1;PMS1;FSBP;C18orf54;CCDC102B;LONP2;ZC3H6;DEPTOR;ALS2;SYTL1;STK39;GINS4;AKT3;FGF7;TPP2;PARP2;SPTSSB;DNAJC24;SEC61A2;ZNF510;TOP2B;INTS2;ZNF433;CHD1L;THOC3;RWDD3;KATNAL1;ZNF570;HGSNAT;CHIC1;OXCT1;PTBP2;ANAPC1;ANKRD26;ARSG;TMX4;THNSL1;ZNF846;EFCAB5;VWA8;CEP120;FOCAD;ANKRD6;ABI2;PPP2R2B;TRMT61B;MAP9;PHOSPHO2;NR2C1;DIXDC1;SLC39A10;CBLB;ZNF608;ZBTB20;SPOCK1;NIPA1;CPSF6;REV3L;C14orf28;CEP68;ZNF529;NUBPL;WDR35;ENPP4;RFXAP;PRKDC;CTPS2;RNF43;USP48;PTPN4;ZNF17;NAA35;RRM1;VAPB;SPAG16;IDS;TBC1D19;TBC1D10C;TMEM161B;ARL4C;RLN2;BRWD1;RBFOX2;ICA1L;DLG2;TTC13;RARS2;ABCA10;MPPE1;MSH3;CDON;RECK;ZNF662;KLHL3;POLR3B;PGM2L1;STAU2;ZNF497;MYO5A;GTDC1;GOLGA8B;AGO2;EFHC1;LMLN;KCNQ5;LRRC7;ZNF26;KLHL13;RALGAPA1;ODF2L;DPP4;ADAM22;VSIG1;RAP1GDS1;CMSS1;ERMP1;SLC35B4;VAMP4;SNRPN;PIGK;MBLAC2;KIF3A;ZNF266;CCSER2;SPICE1;TTC8;SH3BP5;DLG1;MRI1;SLC25A36;SLC16A14;AHI1;MTUS2;ZBTB25;GUF1;SLC35G1;PIGP;DZANK1;ATF7IP;PRKACB;AAK1;ISM1;AGL;TDP1;UBR3;ZNF780B;ZNF157;EXOSC8;ZFP14;FIGNL1;CHD6;NUDT13;RAPGEF6;SLCO4C1;NUCKS1;NPAT;IFT27;ULK4;ERMN;BAAT;TDRKH;ZNF354C;ZDBF2;FBXL13;CREBZF;PDE3B;ZNF439;ANKRD28;STARD9;RPGRIP1L;KAZN;TRMT13;TRIM9;SHF;LYPLAL1;CEP170;C14orf132;ZNF43;KIF2A;SLC38A1;CCDC14;LYRM7;EDAR;SERF1B;AGAP1;ZNF600;PLD1;B4GALT6;RCOR3;CA4;NKTR;ATP8A2;FBXW2;CFL2;GEMIN8;GALNT7;MCEE;SLC25A40;DDHD2;ABCA5;ZNF253;SYNE1;ZNF519;ATP8A1;ADAT2;NSUN7;PRKG2;NBPF15;TSGA10;TUBE1;TXK;ARMCX5;NBEA;PCED1B;KLHDC1;FILIP1L;RGPD8;PECR;GOLGA8Q;DSEL;ZFP2;FUT8;ZNF559;RRH;PPM1H;CCDC171;ZNF10;SLC12A2;SLC4A10;ZC3H8;TMSB15B;PDE7A;SERINC5;TMEM67;PPP4R4;PLCB1;STXBP5;HLCS;ZNF530;AKAP11;MICU3;DSC1;KLHL42;ZNF681;ABCD2;IPP;REPS1;MORN3;ZNF484;MSH2;TGM3;PEX1;RASGRF2;ST18;ZKSCAN7;COL9A3;CD8B;NCALD;VEZT;CD200R1;BFSP1;TMEM168;RNF141;DGKD;PPWD1;GPRASP1;DEPDC7;AMPD3;USP13;KLF8;TGFA;TTC23L;USP44;FKTN;RUFY2;ASTE1;ZNF85;ZNF699;PPP1R12B;ZNF426;SPATA7;PXK;PHACTR1;C5orf34;GALNT12;DNAH6;SLC16A7;ARMC2;HACE1;ARMCX4;PLCH2;STAG3L3;TASP1;KIT;GOLGA8O;NAF1;TIGIT;TRPC1;HLTF;RASGRP1;MID2;ZNF337;ZMAT1;ZNF264;TRPM6;RTTN;RGPD3;TUBGCP5;ZNF548;TRDMT1;RNF125;ACADSB;GOLGA8R;TTC12;PROCR;CDRT4;GK5;PTPDC1;ZNF449;CNTNAP3B;LDLRAD4;AGTPBP1;DTHD1;ZNF891;ZNF483;RPGRIP1;CCDC141;TMC2;TENM1;PRKCQ;ZNF737;LANCL1;ZNF280D;NT5DC1;CCDC89;SCAI;FANCD2;ALOX12B;CNTNAP3;RPH3A;ANKRD31;TET1;ALG10;IL16;MYB;TARBP1;ZNF138;GCNT4;ACVR2B;MTBP;IMPG2;GPRIN3;KLRC1;GPCPD1;SAMD13;ANKRD36C;CALCB;CAMK4;CDNF;LIMA1;PLAG1;ZNF382;GOLGA8S;ANKRD36;LEKR1;AMDHD1;PKIB;GZMA;MTX3;MME;DLEU2L;LGR6;ENOSF1;PLCXD2;COL13A1;NCR3LG1;EOMES;CDC42BPG;ADAMTS5;RCAN3;PLEKHM3;CRTAM,"[9, 17, 44, 46, 80, 92, 155, 291, 292, 314, 323, 346, 423, 475, 485, 515, 531, 545, 594, 661, 687, 691, 740, 759, 776, 854, 867, 870, 933, 951, 986, 1009, 1012, 1016, 1027, 1033, 1156, 1167, 1182, 1198, 1214, 1221, 1239, 1252, 1267, 1295, 1319, 1320, 1346, 1357, 1362, 1377, 1390, 1391, 1419, 1433, 1452, 1458, 1484, 1511, 1513, 1555, 1563, 1579, 1617, 1627, 1639, 1665, 1706, 1717, 1725, 1726, 1732, 1752, 1766, 1772, 1795, 1818, 1841, 1850, 1935, 1939, 1968, 1970, 1972, 1996, 2045, 2074, 2153, 2178, 2208, 2212, 2225, 2253, 2280, 2341, 2362, 2369, 2373, 2389, 2405, 2413, 2477, 2503, 2538, 2546, 2568, 2590, 2620, 2726, 2734, 2736, 2773, 2775, 2778, 2780, 2789, 2795, 2803, 2828, 2833, 2840, 2843, 2855, 2873, 2881, 2890, 2909, 2917, 2933, 2955, 2956, 2958, 2961, 2973, 2981, 3020, 3034, 3039, 3040, 3062, 3108, 3126, 3178, 3190, 3224, 3253, 3263, 3286, 3313, 3341, 3375, 3378, 3381, 3436, 3469, 3478, 3481, 3499, 3510, 3516, 3537, 3539, 3547, 3556, 3573, 3579, 3581, 3638, 3639, 3640, 3649, 3655, 3659, 3670, 3673, 3677, 3688, 3740, 3741, 3749, 3761, 3777, 3805, 3810, 3817, 3843, 3868, 3885, 3887, 3897, 3929, 3974, 3977, 3981, 3992, 4005, 4043, 4059, 4075, 4093, 4103, 4107, 4116, 4125, 4129, 4143, 4145, 4195, 4224, 4242, 4261, 4271, 4276, 4284, 4288, 4321, 4326, 4340, 4356, 4384, 4396, 4410, 4456, 4465, 4492, 4507, 4525, 4529, 4533, 4534, 4535, 4554, 4568, 4600, 4623, 4628, 4632, 4654, 4672, 4678, 4688, 4689, 4695, 4697, 4707, 4712, 4718, 4722, 4751, 4773, 4801, 4811, 4818, 4826, 4837, 4839, 4843, 4856, 4870, 4878, 4882, 4885, 4901, 4903, 4922, 4992, 5013, 5015, 5037, 5059, 5065, 5068, 5071, 5086, 5092, 5115, 5149, 5167, 5173, 5216, 5242, 5257, 5286, 5290, 5317, 5326, 5351, 5359, 5360, 5374, 5385, 5405, 5411, 5450, 5457, 5463, 5467, 5494, 5511, 5525, 5528, 5536, 5541, 5546, 5567, 5579, 5629, 5632, 5650, 5653, 5658, 5673, 5717, 5770, 5776, 5782, 5790, 5791, 5804, 5805, 5832, 5842, 5856, 5862, 5864, 5871, 5872, 5889, 5901, 5920, 5944, 5974, 6016, 6026, 6034, 6046, 6050, 6053, 6056, 6064, 6075, 6090, 6124, 6128, 6141, 6149, 6165, 6167, 6168, 6179, 6212, 6213, 6245, 6263, 6271, 6274, 6282, 6292, 6299, 6316, 6340, 6350, 6351, 6353, 6365, 6397, 6398, 6429, 6444, 6453, 6473, 6478, 6481, 6519, 6528, 6532, 6534, 6557, 6585, 6601, 6605, 6622, 6639, 6645, 6648, 6651, 6656, 6665, 6723, 6726, 6757, 6774, 6801, 6804, 6805, 6815, 6817, 6818, 6828, 6844, 6856, 6859, 6869, 6874, 6897, 6898, 6934, 6985, 6986, 7024, 7027, 7029, 7031, 7033, 7045, 7059, 7093, 7123, 7133, 7172, 7188, 7189, 7213, 7228, 7238, 7245, 7275, 7284, 7298, 7303, 7317, 7320, 7348, 7354, 7355, 7380, 7412, 7437, 7439, 7444, 7448, 7468, 7475, 7503, 7508, 7523, 7551, 7590, 7617, 7647, 7658, 7662, 7667, 7673, 7682, 7688, 7697, 7698, 7705, 7758, 7778, 7795, 7799, 7801, 7813, 7815, 7824, 7833, 7843, 7849, 7855, 7861, 7872, 7875, 7888, 7900, 7906, 7912, 7937, 7949, 7951, 7954, 7968, 7974, 8002, 8013, 8022, 8025, 8028, 8034, 8047, 8099, 8110, 8130, 8134, 8135, 8143, 8149, 8150, 8162, 8213, 8229, 8251, 8254, 8272, 8290, 8293, 8295, 8305, 8318, 8322, 8331, 8344, 8347, 8359, 8377, 8407, 8432, 8433, 8440, 8441, 8447, 8461, 8474, 8491, 8493, 8514, 8515, 8528, 8531, 8548, 8569, 8573, 8574, 8579, 8596, 8613, 8617, 8633, 8645, 8646, 8664, 8674, 8676, 8721, 8724, 8733, 8777, 8788, 8803, 8833, 8835, 8840, 8848, 8857, 8860, 8861, 8882, 8904, 8914, 8916, 8919, 8925, 8927, 8932, 8934, 8951, 8954, 8967, 8983, 8990, 9003, 9042, 9044, 9045, 9050, 9080, 9083, 9084, 9090, 9106, 9111, 9113, 9128, 9134, 9143, 9145, 9162, 9183, 9196, 9205, 9207, 9210, 9215, 9220, 9242, 9266, 9267, 9269, 9277, 9278, 9280, 9293, 9305, 9308, 9315, 9326, 9334, 9335, 9354, 9393, 9409, 9416, 9425, 9434, 9437, 9441, 9486, 9503, 9518, 9524, 9529, 9538, 9540, 9541, 9546, 9552, 9555, 9560, 9564, 9584, 9585, 9591, 9631, 9639, 9650, 9668, 9674, 9694, 9698, 9708, 9723, 9757, 9764, 9769, 9774, 9783, 9819, 9826, 9863, 9896, 9902, 9904, 9923, 9938, 9951, 9966, 9982, 9987, 10009, 10033, 10079, 10097, 10110, 10119, 10133, 10134, 10149, 10157, 10160, 10169, 10191, 10205, 10210, 10218, 10221, 10222, 10230, 10242, 10259, 10261, 10267, 10275, 10309, 10322, 10324, 10352, 10368, 10391, 10392, 10401, 10424, 10432, 10440, 10443, 10461, 10470, 10478, 10479, 10481, 10495, 10518, 10525, 10548, 10551, 10552, 10566, 10568, 10587, 10591, 10592, 10603, 10605, 10606, 10632, 10637, 10656, 10675, 10690, 10695, 10697, 10711, 10714, 10726, 10730, 10735, 10744, 10776, 10789, 10798, 10799, 10805, 10813, 10817, 10819, 10835, 10856, 10863, 10864, 10878, 10882, 10884, 10885, 10894, 10902, 10916, 10928, 10929, 10935, 10947, 10952, 10955, 10960, 10964, 10976, 10977, 10981, 11000, 11004, 11009, 11011, 11016, 11045, 11058, 11115, 11124, 11129, 11141, 11156, 11159, 11168, 11170, 11183, 11189, 11191, 11196, 11198, 11227, 11233, 11251, 11264, 11279, 11286, 11306, 11322, 11330, 11332, 11333, 11339, 11368, 11395, 11397, 11402, 11415, 11424, 11441, 11446, 11476, 11520, 11521, 11526, 11529, 11532, 11543, 11548, 11570, 11585, 11614, 11639, 11643, 11652, 11653, 11703, 11714, 11716, 11721, 11741, 11747, 11752, 11753, 11757, 11763, 11771, 11776, 11779, 11784, 11785, 11791, 11817, 11820, 11834, 11843, 11847, 11882, 11906, 11914, 11926, 11930, 11943, 11947, 11975, 11976, 11979, 11982, 11989, 11997, 12000, 12004, 12007, 12016, 12023, 12025, 12057, 12089, 12099, 12110, 12117, 12119, 12124, 12131, 12133, 12146, 12188, 12192, 12197, 12205, 12212, 12246, 12252, 12287, 12300, 12306, 12307, 12308, 12318, 12335, 12342, 12351, 12370, 12372, 12390, 12398, 12419, 12427, 12434, 12451, 12456, 12462, 12463, 12472, 12493, 12502, 12505, 12521, 12523, 12527, 12528, 12530, 12538, 12540, 12546, 12565, 12566, 12570, 12571, 12576, 12580, 12587, 12588, 12592, 12596, 12597, 12617, 12624, 12639, 12644, 12649, 12662, 12664, 12667, 12679, 12696, 12714, 12726, 12736, 12739, 12741, 12747, 12750, 12753, 12769, 12778, 12786, 12796, 12797, 12810, 12815, 12818, 12823, 12844, 12852, 12857, 12858, 12869, 12884, 12886, 12894, 12903, 12904, 12905, 12910, 12929, 12934, 12977, 12984, 12991, 13005, 13008, 13026, 13042, 13043, 13046, 13052, 13059, 13060, 13071, 13072, 13090, 13099, 13104, 13111, 13116, 13118, 13119, 13132, 13140, 13141, 13146, 13153, 13156, 13163, 13178, 13199, 13205, 13208, 13217, 13218, 13227, 13232, 13247, 13276, 13283, 13301, 13316, 13318, 13331, 13366, 13367, 13371, 13375, 13377, 13379, 13391, 13399, 13401, 13406, 13423, 13430, 13432, 13433, 13445, 13473, 13474, 13483, 13486, 13490, 13495, 13502, 13509, 13523, 13529, 13537, 13552, 13554, 13563, 13565, 13570, 13581, 13587, 13601, 13610, 13615, 13622, 13624, 13625, 13627, 13629, 13638, 13640, 13642, 13645, 13653, 13660, 13662, 13669, 13706, 13711, 13722, 13724, 13725, 13732, 13734, 13739, 13758, 13764, 13774, 13776, 13780, 13781, 13788, 13802, 13821, 13827, 13837, 13842, 13856, 13863, 13866, 13868, 13869, 13874, 13896, 13904, 13905, 13918, 13922, 13954, 13956, 13961, 13963, 13968, 13970, 13982, 13994, 13996, 14001, 14004, 14014, 14020, 14023, 14066, 14070, 14071, 14072, 14073, 14078, 14082, 14084, 14088, 14095, 14096, 14119, 14124, 14129, 14132, 14134, 14137, 14139, 14142, 14169, 14184, 14215, 14226, 14241, 14256, 14271, 14280, 14287, 14289, 14290, 14291, 14323, 14332, 14358, 14367, 14381, 14386, 14389, 14393, 14413, 14418, 14421, 14436, 14447, 14453, 14472, 14485, 14490, 14491, 14502, 14517, 14526, 14529, 14534, 14537, 14541, 14542, 14546, 14558, 14562, 14574, 14578, 14590, 14607, 14616, 14619, 14620, 14628, 14637, 14654, 14669, 14684, 14687, 14688, 14690, 14700, 14714, 14723, 14728, 14742, 14743, 14752, 14770, 14788, 14791, 14793, 14807, 14808, 14810, 14813, 14814, 14816, 14821, 14826, 14838, 14842, 14843, 14846, 14847, 14849, 14855, 14864, 14870, 14875, 14884, 14898, 14900, 14902, 14911, 14915, 14920, 14948, 14970, 14971, 14974, 14977, 14978, 14983, 14986, 14991, 14995, 15001, 15010, 15020, 15022, 15025, 15032, 15038, 15047, 15052, 15056, 15060, 15066, 15069, 15075, 15090, 15092, 15095, 15108, 15111, 15116, 15117, 15127, 15140, 15157, 15166, 15175, 15178, 15181, 15189, 15208, 15216, 15220, 15234, 15240, 15242, 15248, 15250, 15251, 15255, 15256, 15257, 15266, 15270, 15278, 15280, 15281, 15285, 15301, 15309, 15310, 15312, 15314, 15320, 15335, 15343, 15350, 15351, 15352, 15353, 15358, 15374, 15380, 15394, 15402, 15417, 15418, 15419, 15424, 15427, 15441, 15450, 15469, 15472, 15483, 15487, 15509, 15521, 15527, 15540, 15561, 15580, 15600, 15604, 15610, 15636, 15644, 15665, 15668, 15695, 15703, 15704, 15705, 15734, 15752, 15753, 15757, 15759, 15764, 15768, 15771, 15774, 15779, 15781, 15782, 15790, 15799, 15832, 15837, 15841, 15860, 15880, 15904, 15907, 15909, 15915, 15919, 15941, 15942, 15945, 15947, 15954, 15955, 15967, 15969, 15971, 15984, 15988, 15994, 16009, 16020, 16024, 16037, 16038, 16044, 16045, 16063, 16070, 16084, 16086, 16089, 16100, 16102, 16107, 16114, 16125, 16127, 16138, 16139, 16145, 16146, 16160, 16168, 16200, 16202, 16211, 16220, 16236, 16250, 16257, 16265, 16266, 16267, 16269, 16284, 16300, 16303, 16322, 16340, 16353, 16356, 16361, 16383, 16407, 16413, 16421, 16433, 16436, 16444, 16446, 16451, 16453, 16458, 16463, 16467, 16471, 16477, 16478, 16488, 16489, 16515, 16538, 16548, 16550, 16565, 16570, 16581, 16589, 16590, 16605, 16637, 16646, 16651, 16659, 16668, 16675, 16676, 16717, 16745, 16760, 16792, 16798, 16800, 16808, 16821, 16831, 16836, 16842, 16844, 16850, 16860, 16867, 16876, 16880, 16883, 16895, 16901, 16920, 16927, 16928, 16934, 16944, 16951, 16969, 17004, 17012, 17050, 17052, 17060, 17087, 17117, 17133, 17134, 17143, 17148, 17149, 17154, 17158, 17161, 17163, 17180, 17191, 17203, 17212, 17226, 17255, 17264, 17282, 17293, 17322, 17331, 17336, 17362, 17373, 17389, 17433, 17438, 17445, 17448, 17457, 17463, 17472, 17489, 17501, 17507]",c7.vax__OSMAN_BLOOD_CHAD63_KH_AGE_18_50YO_HIGH_DOSE_SUBJECTS_24HR_DN
c7.vax,GARCIA_PINERES_PBMC_HPV_16_L1_VLP_AGE_18_25YO_12MO_CORRELATED_WITH_ANTIBODY_RESPONSE_POSITIVE,prerank,0.5149532140870545,1.4326557866016907,0.09691629955947137,0.07391268729538152,0.983,3_17,3/17,4.53%,MT2A;CD180;IL1RN,MT2A;CD180;IL1RN;QPCT;FANCG;GAPDH;HIRIP3;CYTH2;POLR3K;AURKA;RNASEL;RTN3;ALAS1;LGALS2;CCND2;ALDH1A2;SLC25A40,"[145, 253, 793, 4609, 4801, 5812, 6894, 6988, 9325, 9855, 10003, 10109, 10954, 12269, 13238, 14172, 15703]",c7.vax__GARCIA_PINERES_PBMC_HPV_16_L1_VLP_AGE_18_25YO_12MO_CORRELATED_WITH_ANTIBODY_RESPONSE_POSITIVE
c7.vax,QI_PBMC_ZOSTAVAX_AGE_50_75YO_CORRELATED_WITH_CONTRACTION_OF_VZV_SPECIFIC_T_CELLS_PEAK_TO_28DYAT_1DY_NEGATIVE,prerank,0.32191137466377656,1.4305992944875812,0.005988023952095809,0.07431520790435746,0.985,57_174,57/174,23.77%,MAFF;S100P;CARD14;MT1E;LILRA5;CASP1;RNASE2;CDK2AP2;SH2D2A;TYMP;ZNF69;ARHGAP9;DUSP23;RHOC;EEF1D;FCAR;GNG11;POLE4;MRPL41;IFI27L2;NDUFA13;ANXA2R;MTHFS;RPL36;CD79B;PTPRC;DTYMK;PYCARD;GTF2E2;USF2;TPT1;DPP9;RPS27L;ISY1;DUSP1;RAB27A;CLTB;ZBTB40;MIF;ZNF598;SS18L2;RPL18A;KCNH6;TCP1;RPS26;PTPRCAP;VPREB3;RPS5;SLC39A1;ZSWIM8;RPL27;DYNLRB1;PRDX1;RPS29;RPL14;TOMM7;RPL35,MAFF;S100P;CARD14;MT1E;LILRA5;CASP1;RNASE2;CDK2AP2;SH2D2A;TYMP;ZNF69;ARHGAP9;DUSP23;RHOC;EEF1D;FCAR;GNG11;POLE4;MRPL41;IFI27L2;NDUFA13;ANXA2R;MTHFS;RPL36;CD79B;PTPRC;DTYMK;PYCARD;GTF2E2;USF2;TPT1;DPP9;RPS27L;ISY1;DUSP1;RAB27A;CLTB;ZBTB40;MIF;ZNF598;SS18L2;RPL18A;KCNH6;TCP1;RPS26;PTPRCAP;VPREB3;RPS5;SLC39A1;ZSWIM8;RPL27;DYNLRB1;PRDX1;RPS29;RPL14;TOMM7;RPL35;RPS17;RPS27A;RPS3A;PNPT1;C12orf57;PSMB1;MSL3;UQCR10;RPL11;MRPL51;ELMOD3;TMA7;HTATIP2;NDUFA12;SNRPD2;RPL4;FAU;PRMT2;RPL23;RPS6KA4;ARHGEF1;MRPL14;TUFM;COMMD6;RPS27;CUTA;ITM2A;TAF12;DRAP1;RPL17;NDUFS5;SRSF7;SAMD4B;NCK1;SF3B5;DAB2;STMN3;UBE2Z;GRK5;NME1-NME2;TMEM218;TMEM9B;SIVA1;TOMM22;TXNDC17;DUSP19;TRIM38;RRAGA;ERH;SF3A3;NSUN5;C1QBP;TDRD1;MRPS33;MRPL54;CDK13;UPP1;MRPL20;UGP2;U2AF1;CD8A;PDPK1;TRAPPC1;EIF3M;TRAPPC4;TMEM160;TMEM256;GDPD1;SF1;RBM12B;NT5C3A;MBP;NAA20;PCYOX1;RTEL1;CCDC93;DDX17;COX7B;AGAP6;C4orf3;UNC50;PLEKHA1;OCIAD2;COMMD3;APOBEC3G;PPP1R16B;BLZF1;KLRF1;EEF1B2;ZNF91;MBTD1;NDUFB5;TMEM238;SPINT1;VPS25;C7orf50;APEH;ZBP1;M6PR;SLC31A1;MBD4;ARID4B;DYRK2;KLRB1;NFATC2IP;GALNT3;GNL3L;CAMKK2;PVALB;LRPPRC;NFAT5;HMGN1;KLHL28;FAM72B;RPL26;ZNF483;GZMA,"[25, 233, 268, 308, 324, 580, 667, 890, 1083, 1187, 1267, 1457, 1592, 1711, 1776, 1843, 1851, 1864, 1871, 2101, 2220, 2234, 2259, 2297, 2306, 2422, 2488, 2517, 2556, 2589, 2707, 2832, 2875, 2895, 2914, 2940, 3018, 3062, 3194, 3225, 3227, 3274, 3370, 3387, 3446, 3474, 3598, 3685, 3846, 3862, 3894, 3954, 4033, 4056, 4093, 4113, 4163, 4247, 4464, 4491, 4532, 4688, 4739, 4889, 4902, 5044, 5102, 5110, 5134, 5179, 5283, 5315, 5360, 5365, 5378, 5443, 5452, 5645, 5670, 5691, 5721, 5753, 5802, 5805, 5930, 6015, 6172, 6257, 6320, 6359, 6604, 6679, 6756, 6856, 6944, 7077, 7158, 7341, 7649, 7722, 8023, 8046, 8096, 8176, 8310, 8337, 8382, 8722, 8735, 8832, 8907, 9014, 9066, 9229, 9331, 9432, 9543, 9566, 9782, 9807, 9809, 9842, 9887, 9983, 10102, 10118, 10124, 10263, 10265, 10343, 10352, 10355, 10381, 10498, 10672, 10694, 10795, 10801, 10960, 11009, 11076, 11087, 11350, 11381, 11397, 11512, 11651, 11882, 11892, 11928, 11943, 12271, 12474, 13078, 13120, 13130, 13717, 13887, 14053, 14072, 14129, 14232, 14681, 14942, 15193, 15410, 15522, 15785, 15902, 16411, 16537, 16730, 16842, 17331]",c7.vax__QI_PBMC_ZOSTAVAX_AGE_50_75YO_CORRELATED_WITH_CONTRACTION_OF_VZV_SPECIFIC_T_CELLS_PEAK_TO_28DYAT_1DY_NEGATIVE
c7.vax,VAN_DEN_BIGGELAAR_PBMC_PREVNAR_9MO_INFANT_STIMULATED_VS_UNSTIMULATED_9MO_UP,prerank,0.3492516969555395,1.428715269670844,0.023762376237623763,0.07435958656892472,0.985,26_95,26/95,14.84%,SIX1;IL17RB;LTA;MCM10;UBE2C;LIF;KIF14;CXCL9;CCNA2;IL9;ESPL1;PLK1;APOL4;IL18R1;FOXM1;GBP6;CISH;PHF1;ORC1;MELK;CD274;SERPING1;AURKB;RRM2;BIRC5;MLC1,SIX1;IL17RB;LTA;MCM10;UBE2C;LIF;KIF14;CXCL9;CCNA2;IL9;ESPL1;PLK1;APOL4;IL18R1;FOXM1;GBP6;CISH;PHF1;ORC1;MELK;CD274;SERPING1;AURKB;RRM2;BIRC5;MLC1;CEP55;TOP2A;KIF2C;OSM;TK1;GTSE1;HJURP;MKI67;GBP5;CTSW;CDC25A;CDCA2;TICRR;GBP4;TRIP13;RAD51;WIPF2;ZBTB32;FGL2;CIT;ANLN;ASPM;NCAPH;CCNB1;IL13;E2F8;TNFSF4;PCDHB2;SLC27A2;TPX2;CKAP2L;GZMB;BUB1B;DEPDC1B;BUB1;DTL;CCNB2;SKA1;SHC4;ESCO2;KIF18A;NCAPG;CHEK1;KIF11;PRC1;HTR1A;KIF23;IDI2;ELOVL6;PBK;E2F7;KIF4A;CHAF1B;FAM90A1;CENPF;SPC25;EXO1;CENPE;MCM4;NEIL3;SKA3;PRR11;IL12RB2;CLSPN;AQP7;IL5;CDC20;TYMS;GZMA,"[63, 192, 209, 259, 304, 352, 413, 692, 750, 995, 1126, 1157, 1285, 1289, 1317, 1330, 1417, 1808, 1844, 1934, 2015, 2181, 2257, 2378, 2532, 2598, 2922, 2999, 3400, 3455, 3770, 4120, 4148, 4334, 4474, 4791, 4877, 4927, 4997, 5220, 5938, 6244, 6423, 6747, 6896, 7160, 7253, 7342, 8086, 8100, 8393, 8471, 8505, 8560, 9009, 9078, 9742, 9864, 10680, 10965, 11204, 11495, 11568, 11808, 12289, 12414, 12438, 12441, 13033, 13224, 13325, 13346, 13499, 13591, 13603, 13950, 13962, 14052, 14171, 14233, 14326, 14350, 14514, 14653, 14691, 15158, 15370, 15512, 15565, 16166, 16743, 16971, 17104, 17252, 17331]",c7.vax__VAN_DEN_BIGGELAAR_PBMC_PREVNAR_9MO_INFANT_STIMULATED_VS_UNSTIMULATED_9MO_UP
c7.vax,HARALAMBIEVA_PBMC_TIV_AGE_50_74YO_CORRELATED_WITH_MEMORY_B_CELL_RESPONSE_3DY_POSITIVE,prerank,0.5447939305026857,1.4177394935161016,0.10714285714285714,0.07887471180028129,0.989,7_13,7/13,22.82%,SOCS3;NFKBIA;PLEKHM2;ANO8;ELF1;FCHSD2;STK17B,SOCS3;NFKBIA;PLEKHM2;ANO8;ELF1;FCHSD2;STK17B;CCDC6;PELI1;GMEB1;USP6NL;TESK2;MAP1LC3B2,"[158, 438, 2133, 3226, 3605, 3760, 3996, 5771, 6476, 8942, 12459, 12607, 14566]",c7.vax__HARALAMBIEVA_PBMC_TIV_AGE_50_74YO_CORRELATED_WITH_MEMORY_B_CELL_RESPONSE_3DY_POSITIVE
c7.vax,HOEK_MONOCYTE_2011_2012_TIV_ADULT_7DY_DN,prerank,0.59011628889284,1.4183848825155894,0.10460251046025104,0.07913515139379004,0.989,3_10,3/10,9.39%,G0S2;SIK1;CD40,G0S2;SIK1;CD40;OSM;P2RY6;KLHDC7B;ETV7;EREG;TTLL1;GOLGA8N,"[1, 932, 1644, 3455, 4891, 5226, 6098, 11223, 13160, 16664]",c7.vax__HOEK_MONOCYTE_2011_2012_TIV_ADULT_7DY_DN
c7.vax,QIU_PBMC_HEPTATITIS_B_SURFACE_ANTIGEN_AGE_UNDER50_NON_RESPONDERS_VS_RESPONDERS_7DY_UP,prerank,0.4651330328912132,1.4149732738141103,0.06638115631691649,0.07956251595718329,0.989,12_23,12/23,18.22%,RNASE3;IL1RN;IRAK2;ARG1;FOLR3;ANXA3;TNF;TNFAIP6;TCN1;IL23A;RIN2;TKTL1,RNASE3;IL1RN;IRAK2;ARG1;FOLR3;ANXA3;TNF;TNFAIP6;TCN1;IL23A;RIN2;TKTL1;KISS1R;ZC3H12C;LTF;KCNJ2;CCL4;F3;DLX4;KMO;CEACAM8;LACC1;SERPINB2,"[210, 793, 1247, 1261, 1310, 1349, 1526, 1998, 2740, 3039, 3113, 3190, 4246, 4483, 5338, 8941, 10797, 13150, 14267, 14746, 16217, 16330, 16394]",c7.vax__QIU_PBMC_HEPTATITIS_B_SURFACE_ANTIGEN_AGE_UNDER50_NON_RESPONDERS_VS_RESPONDERS_7DY_UP
c7.vax,GAUCHER_PBMC_YF_VAX_STAMARIL_UNKNOWN_AGE_3DY_DN,prerank,0.3419656932493041,1.4034933087836257,0.033663366336633666,0.0848763164488659,0.99,46_93,46/93,30.63%,VNN2;RBM47;BCL6;PTOV1;IMPA2;PI3;FCRLA;WLS;ZNF217;GPR162;TPT1;PYGL;FOXO1;RPL18;TBL1X;ARAP3;RPS8;RPS3;RPL13A;FBL;RPL37A;NARF;ERGIC1;RPS5;PPM1F;RPL27;RPS29;TOMM7;RPS20;RPL35A;IRS2;RPS6;RPS27A;RPL3;RPS25;ALKBH7;RPS14;C12orf57;MPZL1;RPS18;RPS13;ABHD5;KLHDC2;RPS4X;RPL4;FAU,VNN2;RBM47;BCL6;PTOV1;IMPA2;PI3;FCRLA;WLS;ZNF217;GPR162;TPT1;PYGL;FOXO1;RPL18;TBL1X;ARAP3;RPS8;RPS3;RPL13A;FBL;RPL37A;NARF;ERGIC1;RPS5;PPM1F;RPL27;RPS29;TOMM7;RPS20;RPL35A;IRS2;RPS6;RPS27A;RPL3;RPS25;ALKBH7;RPS14;C12orf57;MPZL1;RPS18;RPS13;ABHD5;KLHDC2;RPS4X;RPL4;FAU;RPL30;KLHL2;RPL5;STAT5B;RPL22;RPLP0;TOPORS;BANK1;TMCO3;ICAM3;STMN3;GPR183;ALPL;ABCC5;EEF1A1;SEL1L3;EIF3L;TXNDC12;DDX3X;CBX7;PABPC4;EEF2;NAMPT;EIF3F;GNG7;GLS;EIF4B;NFXL1;CAMK1D;EEF1B2;LMBRD1;TBC1D14;MYADM;KBTBD7;CPD;GMCL1;CDK19;CD46;SORL1;TMX4;PRKDC;CPPED1;CREB5;TP53INP2;OSBPL8;ZNF281;RPS6KA5,"[117, 469, 611, 897, 1295, 1416, 1514, 1657, 1898, 2254, 2707, 2745, 3040, 3110, 3119, 3144, 3240, 3341, 3478, 3480, 3513, 3545, 3641, 3685, 3842, 3894, 4056, 4113, 4125, 4202, 4288, 4340, 4464, 4465, 4542, 4571, 4601, 4688, 4774, 4800, 4883, 5145, 5290, 5294, 5360, 5365, 6030, 6069, 6075, 6102, 6109, 6265, 6360, 6502, 6645, 6783, 6856, 7031, 7418, 7667, 7718, 7843, 7912, 8330, 8466, 8721, 9044, 9092, 9148, 9293, 9885, 10601, 10730, 10842, 11313, 11512, 11836, 11983, 12214, 12358, 12586, 12858, 13794, 14057, 14179, 14491, 14728, 14733, 15011, 15720, 15821, 16304, 16336]",c7.vax__GAUCHER_PBMC_YF_VAX_STAMARIL_UNKNOWN_AGE_3DY_DN
c7.vax,FOURATI_BLOOD_TWINRIX_AGE_25_83YO_RESPONDERS_VS_POOR_RESPONDERS_0DY_DN,prerank,0.27548243894038255,1.399881883410825,0.0,0.08648314249270249,0.992,159_591,159/591,21.14%,HSPA1B;CD177;SLPI;HP;MT2A;TRIP10;EPS8L1;RNASE3;IRF7;S100A4;TNNI2;UBE2C;MT1E;JDP2;C3AR1;HGF;PLIN5;TRIM50;APOA1;RBM47;LILRB1;OLAH;CBX2;GPR84;RETN;INPPL1;RAB20;OSGIN1;BPI;HPR;TPSD1;LCN2;NDUFA4L2;MMP19;MAP3K6;CD163;FCER1G;FOLR2;PLCB3;TNNT3;IFITM3;NBPF10;SLC2A14;KCNQ1;PRDM7;RREB1;FSTL3;ADORA3;LATS2;COL2A1;PLTP;TYMP;CD14;DHRS4L2;OTX1;SAMD4A;POMC;TMEM44;TMEM91;PROB1;COL6A2;ZNF516;UCP3;NOTCH2;HLA-DQA1;KIF18B;STK11IP;TP53I3;PAQR5;DDX3Y;FCAR;UNC93B1;PPARA;SLC25A18;SIRT6;PLSCR1;STAC3;VCX3A;ERBB2;SERINC2;HPGDS;ARL11;PALLD;WNT5B;CEACAM21;CAPG;PML;SMG5;RNF208;SNAP23;CARD16;IGF1R;SIGLEC1;TKT;NPRL3;OLFML2B;KIF5B;HELZ2;TPSAB1;CASQ1;VCX3B;CBS;RELL1;CALML4;PFKFB3;GCM1;CDC42EP4;TIMP3;LILRA6;KAAG1;ANAPC11;FAM3B;PPP4R2;TCN1;PGPEP1;TONSL;FCHSD1;ITGA2B;PIK3AP1;FCN1;AZU1;TOP2A;ELOVL3;NTNG2;LRP1;TNFSF13B;IL34;CD63;SAP30;ADCY9;REC8;AFF1;IRF9;VCAN;KLK10;IFI27;CAPN1;RERE;CASP10;MAFG;BEND7;PPARG;GFER;SERPINB6;NCKAP1L;ASCL2;PARP9;EGF;RIN1;SRRM2;RING1;TFIP11;TCN2;OAS1;HCN3;TBCD;ADAMTSL2;STK36;PRKD1,HSPA1B;CD177;SLPI;HP;MT2A;TRIP10;EPS8L1;RNASE3;IRF7;S100A4;TNNI2;UBE2C;MT1E;JDP2;C3AR1;HGF;PLIN5;TRIM50;APOA1;RBM47;LILRB1;OLAH;CBX2;GPR84;RETN;INPPL1;RAB20;OSGIN1;BPI;HPR;TPSD1;LCN2;NDUFA4L2;MMP19;MAP3K6;CD163;FCER1G;FOLR2;PLCB3;TNNT3;IFITM3;NBPF10;SLC2A14;KCNQ1;PRDM7;RREB1;FSTL3;ADORA3;LATS2;COL2A1;PLTP;TYMP;CD14;DHRS4L2;OTX1;SAMD4A;POMC;TMEM44;TMEM91;PROB1;COL6A2;ZNF516;UCP3;NOTCH2;HLA-DQA1;KIF18B;STK11IP;TP53I3;PAQR5;DDX3Y;FCAR;UNC93B1;PPARA;SLC25A18;SIRT6;PLSCR1;STAC3;VCX3A;ERBB2;SERINC2;HPGDS;ARL11;PALLD;WNT5B;CEACAM21;CAPG;PML;SMG5;RNF208;SNAP23;CARD16;IGF1R;SIGLEC1;TKT;NPRL3;OLFML2B;KIF5B;HELZ2;TPSAB1;CASQ1;VCX3B;CBS;RELL1;CALML4;PFKFB3;GCM1;CDC42EP4;TIMP3;LILRA6;KAAG1;ANAPC11;FAM3B;PPP4R2;TCN1;PGPEP1;TONSL;FCHSD1;ITGA2B;PIK3AP1;FCN1;AZU1;TOP2A;ELOVL3;NTNG2;LRP1;TNFSF13B;IL34;CD63;SAP30;ADCY9;REC8;AFF1;IRF9;VCAN;KLK10;IFI27;CAPN1;RERE;CASP10;MAFG;BEND7;PPARG;GFER;SERPINB6;NCKAP1L;ASCL2;PARP9;EGF;RIN1;SRRM2;RING1;TFIP11;TCN2;OAS1;HCN3;TBCD;ADAMTSL2;STK36;PRKD1;RABL6;ARHGEF10L;THRA;LDLRAD3;INSR;FAH;MRPS12;PRSS36;DAGLB;WRAP53;MEX3C;KISS1R;SSH3;NUBP2;TEP1;MKI67;IGSF21;IFI16;FGD6;UBE2L3;MX2;ZFHX3;ANXA5;UNC45A;COG4;TRIM21;CLEC7A;AGRN;TRPM2;ENKD1;TPP1;MYO10;P2RY2;SART1;NBPF14;GNA14;UNC5A;BEAN1;ISG15;SUPT6H;MMP11;CD101;NMB;TROAP;SLC6A8;KLHDC9;NISCH;SLC27A3;ASRGL1;CD300E;LRSAM1;LFNG;CABIN1;UQCRQ;LTF;SLC46A1;ERMAP;CSNK1D;YIPF1;USF1;PPFIA1;SPIRE2;GNAT1;NUDT3;ZMYND10;NUMBL;LILRB4;TAOK2;SIN3B;SLC22A18;RPS4Y1;KIAA2013;TNRC18;LGALS12;CTSB;NR6A1;HBZ;TJP2;DLG5;PINLYP;ZBTB47;MND1;NFIC;SFXN5;CYBB;CCDC149;ITGA9;CDCA8;TDRD9;OTUD4;GAB1;VEGFC;HEATR5A;ADAP2;AIF1;PLCE1;C6orf136;RAD51;FGD4;NCLN;GNA11;NR2F2;RRBP1;HTRA1;SYDE2;HCN2;ATF7;KTN1;PIP4K2B;ZNF106;FXYD6;DGKG;NT5DC4;CRCP;GCNT2;DENND1A;PIK3R3;PYGB;ACADS;KXD1;SNX27;NAGK;ST6GALNAC4;ZFYVE1;TSHZ3;CDX1;TK2;CD109;SLC26A3;ETV6;CNRIP1;LOXL3;HLA-A;FKBP9;GPD2;ANKRD11;DCLRE1C;LGALS3BP;SLC17A5;LRRK1;KIF9;TLE6;TNFAIP2;BAZ2A;S100A13;ANO10;TLE4;URB1;SLC35A2;TMEM53;CAD;FAM114A1;AGMO;MAPK14;ABCC6;IKBKG;MAP2K6;TLK2;NR0B1;ARF5;EMC9;SLC39A7;ITGB3;ALDH3B1;ARSA;NRARP;ZFY;KIAA0319L;HNMT;PSAP;HS2ST1;SLC22A18AS;CUX1;SPNS1;KAT6A;PNPLA1;RUSC2;FGF18;ART1;MX1;BAK1;CTNNA1;NAAA;PTPRZ1;SP110;RFTN1;PLB1;DLG4;AAMDC;SCCPDH;FLYWCH2;ADAM12;SCRG1;SYNE4;PGBD2;TNPO1;UNKL;KCNJ2;GLB1L3;APLP2;POLR3K;TRIM14;ZFP91;KLHL10;NUMA1;EPB41L4A;GTF3C2;UBR4;ABL2;DUSP7;GPR151;JPH4;TCERG1L;KPNA6;ATP8B3;MROH7;ABHD2;SENP5;YWHAE;SORT1;TPMT;RAD51C;ALYREF;SULT4A1;CMIP;BAZ2B;NLRP3;MYBPC3;CLTCL1;BRD7;AKR7A3;HPX;RNF112;LAYN;ZNF562;LRRC71;INF2;MKKS;ZNF704;OAS3;SLC27A4;BUB1B;RNF20;PAWR;THBS1;CORO2A;COL11A2;XPR1;KPNB1;DUSP3;LARP4B;TPCN2;FYTTD1;TMED6;GPN2;SLC9B1;ELANE;USP24;DLEU7;CHCHD2;CTTNBP2NL;BTN3A1;PLXNB3;ARHGEF37;ROCK2;CLPS;PDE12;LOXL4;VPS53;VHL;RSPH9;CCNB2;BAHCC1;SYT5;TTLL3;CEP63;TNPO3;SHROOM3;SKA1;COL4A1;WBP2NL;PAQR6;SF3B1;PTN;PCBD2;AFF2;SOS2;RBPJ;LAS1L;KCTD20;STMN1;MVB12B;CTNNBIP1;SZT2;EXOSC3;KIAA0825;SH3RF1;SPNS3;MICAL2;EIF1AY;RRAGD;NECAB1;TM7SF3;C7orf50;RPL7L1;ZNF829;GPR107;WWC2;FGF1;USP9Y;OLFM4;CDC42BPA;PGA5;NBR1;AGFG1;HAUS6;TBC1D16;ZBP1;INO80;ANGPT1;TMEM8B;ANKRD50;TADA2A;EIF2B3;VCX;PTPN14;CHIT1;HAUS2;SCG3;KDM5D;FUCA2;MBOAT2;PRRC2C;RBM12B-AS1;HEATR3;EPHB2;AGBL1;APP;SLC36A1;SPATA2L;SPECC1;IFI6;CC2D2B;AGPS;SLC5A12;MPO;LINGO2;NLN;CDT1;C22orf23;PIWIL2;IFIT3;TPM1;ADAM17;NUP93;CENPE;ATF6;MTNR1A;AFMID;TIRAP;SCRT1;GM2A;GLB1L;RECK;HEATR1;CYP2C8;BBS7;MAD2L1;REEP3;RHOU;MED29;LMOD3;PTX3;TPPP;SLC20A2;TNFSF10;ZEB2;GNG4;MET;CACUL1;KCNQ2;CHD7;HS3ST5;PRR11;APOL6;RCOR3;ATP8A2;AGPAT4;ZC3H13;DMXL2;FUOM;DDX6;TCERG1;NBPF15;OASL;EPB41L3;RSAD2;SCARB2;RBP7;NETO1;NMNAT2;STAT1;BOD1L1;NUDT12;TRIM66;VWC2;CEACAM8;IL5RA;ST8SIA5;LACC1;SERPINB2;SCD;PRTN3;UTY;NEK3;IFI44;ITIH3;AGTPBP1;STRIP2;PCLO;SLC6A5;AKR1B15;RSPH3;CA14;CDH17;CRHBP;MYB;SLC32A1;DNAH12;TMSB4Y;IFI44L;ANXA8L1,"[7, 18, 42, 85, 145, 154, 188, 210, 229, 245, 274, 304, 308, 342, 349, 374, 403, 439, 457, 469, 474, 575, 600, 614, 672, 695, 698, 703, 720, 728, 737, 756, 789, 809, 813, 818, 857, 862, 893, 947, 970, 971, 983, 1019, 1037, 1095, 1116, 1124, 1138, 1158, 1178, 1187, 1238, 1288, 1339, 1352, 1372, 1402, 1419, 1450, 1579, 1606, 1686, 1705, 1718, 1723, 1749, 1822, 1823, 1829, 1843, 1894, 1970, 1974, 1978, 1987, 1993, 1994, 1996, 2006, 2037, 2052, 2056, 2073, 2097, 2112, 2122, 2157, 2164, 2185, 2235, 2274, 2287, 2303, 2312, 2318, 2356, 2365, 2414, 2464, 2480, 2489, 2511, 2515, 2535, 2539, 2569, 2602, 2643, 2647, 2650, 2703, 2727, 2740, 2780, 2822, 2886, 2928, 2944, 2968, 2992, 2999, 3032, 3044, 3045, 3052, 3071, 3076, 3104, 3108, 3114, 3127, 3170, 3195, 3255, 3312, 3314, 3323, 3353, 3355, 3381, 3389, 3421, 3459, 3466, 3476, 3488, 3525, 3546, 3575, 3602, 3603, 3610, 3619, 3620, 3638, 3674, 3691, 3703, 3773, 3866, 3887, 3899, 3939, 3983, 4077, 4086, 4166, 4185, 4224, 4246, 4255, 4293, 4313, 4334, 4338, 4346, 4353, 4361, 4368, 4404, 4406, 4412, 4426, 4452, 4462, 4482, 4547, 4563, 4644, 4691, 4716, 4767, 4788, 4825, 4844, 4909, 4942, 4943, 5090, 5107, 5130, 5141, 5152, 5159, 5167, 5191, 5198, 5238, 5264, 5324, 5326, 5327, 5338, 5362, 5387, 5392, 5398, 5401, 5433, 5436, 5456, 5467, 5468, 5469, 5483, 5513, 5517, 5548, 5557, 5576, 5620, 5646, 5660, 5681, 5697, 5751, 5758, 5788, 5796, 5816, 5820, 5832, 5847, 5868, 5891, 5964, 5965, 5969, 5970, 6029, 6050, 6130, 6152, 6194, 6222, 6244, 6295, 6334, 6346, 6366, 6372, 6398, 6519, 6525, 6539, 6556, 6576, 6597, 6644, 6656, 6660, 6661, 6676, 6678, 6685, 6725, 6736, 6762, 6776, 6788, 6827, 6860, 6865, 6880, 6885, 6920, 6922, 6925, 6959, 6962, 7026, 7085, 7090, 7113, 7117, 7121, 7161, 7177, 7240, 7243, 7305, 7308, 7311, 7348, 7360, 7384, 7428, 7452, 7484, 7500, 7527, 7542, 7630, 7641, 7669, 7690, 7692, 7719, 7755, 7765, 7794, 7817, 7848, 7907, 8029, 8031, 8041, 8082, 8143, 8179, 8181, 8193, 8244, 8270, 8281, 8285, 8317, 8341, 8374, 8375, 8462, 8494, 8508, 8602, 8613, 8634, 8654, 8670, 8673, 8718, 8730, 8737, 8749, 8810, 8939, 8941, 9120, 9216, 9325, 9338, 9341, 9411, 9416, 9485, 9577, 9618, 9622, 9646, 9651, 9676, 9724, 9778, 9801, 9860, 9866, 9883, 9903, 9986, 10012, 10044, 10051, 10065, 10187, 10208, 10212, 10215, 10252, 10273, 10346, 10423, 10442, 10506, 10516, 10534, 10573, 10588, 10604, 10622, 10649, 10680, 10758, 10762, 10764, 10788, 10854, 10907, 10936, 10986, 10996, 10998, 11026, 11078, 11108, 11139, 11164, 11166, 11209, 11235, 11248, 11342, 11345, 11364, 11451, 11494, 11517, 11523, 11541, 11542, 11544, 11568, 11588, 11656, 11689, 11734, 11780, 11793, 11808, 11830, 11851, 11891, 11897, 11916, 11927, 11931, 12039, 12042, 12050, 12080, 12100, 12112, 12133, 12140, 12179, 12201, 12211, 12226, 12260, 12302, 12348, 12447, 12472, 12474, 12516, 12644, 12677, 12710, 12761, 12791, 12812, 12814, 12879, 12927, 12951, 13017, 13084, 13120, 13122, 13199, 13203, 13209, 13229, 13234, 13246, 13382, 13403, 13431, 13479, 13501, 13592, 13649, 13659, 13680, 13754, 13801, 13818, 13823, 13830, 13847, 14094, 14097, 14110, 14140, 14208, 14227, 14253, 14273, 14284, 14376, 14411, 14434, 14533, 14545, 14611, 14653, 14709, 14744, 14786, 14796, 14830, 14858, 14863, 14884, 14886, 14930, 14939, 14997, 15050, 15059, 15094, 15096, 15139, 15155, 15223, 15232, 15293, 15328, 15339, 15349, 15369, 15400, 15442, 15512, 15564, 15580, 15610, 15657, 15674, 15728, 15730, 15742, 15748, 15771, 15788, 15850, 15853, 15918, 15928, 15951, 15958, 16067, 16068, 16129, 16148, 16157, 16217, 16261, 16301, 16330, 16394, 16479, 16516, 16559, 16583, 16698, 16747, 16821, 16869, 16886, 16925, 16947, 16953, 17005, 17015, 17031, 17052, 17129, 17187, 17228, 17246, 17250]",c7.vax__FOURATI_BLOOD_TWINRIX_AGE_25_83YO_RESPONDERS_VS_POOR_RESPONDERS_0DY_DN
c7.vax,SCHERER_PBMC_APSV_WETVAX_AGE_18_32YO_2_TO_4DY_DN,prerank,0.4171082892009923,1.38472277301133,0.060784313725490195,0.0936493947783556,0.997,10_33,10/33,16.07%,S100A4;IL15RA;RNASE6;POLR2H;RPS21;PLA2G1B;COL21A1;CSTB;RPLP1;TTK,S100A4;IL15RA;RNASE6;POLR2H;RPS21;PLA2G1B;COL21A1;CSTB;RPLP1;TTK;RPL13A;SLC25A20;TRO;UQCR11;RPL19;ENG;CCL5;RPS4Y1;DGUOK;GRIA1;RPL12;DRG1;EIF3F;CRIP1;ADSL;FNTA;GLIPR1;LIMCH1;HMGCL;MRPL3;KLRB1;TXNDC5;PEX7,"[245, 589, 662, 1559, 1679, 1708, 1778, 2706, 2741, 2815, 3478, 4310, 4614, 4711, 4864, 5298, 5546, 5557, 5995, 8049, 8419, 8980, 9293, 10362, 10483, 11856, 11881, 12685, 12895, 14064, 14129, 14592, 14781]",c7.vax__SCHERER_PBMC_APSV_WETVAX_AGE_18_32YO_2_TO_4DY_DN
c7.vax,THAKAR_PBMC_INACTIVATED_INFLUENZA_AGE_21_30YO_NONRESPONDER_28DY_DN,prerank,0.3763299695863589,1.3824136726841283,0.05443548387096774,0.09416470643954344,0.997,22_56,22/56,26.58%,IL32;ITGB2;PLOD3;SLC3A2;ATG4B;PNPLA6;OSBPL7;S100A10;MAF;ITGAL;TNFSF12;NXF1;STAT6;FLII;FYN;RANBP3;SCAND1;ZYX;BHLHE40;ZFHX3;GTF3C1;COMT,IL32;ITGB2;PLOD3;SLC3A2;ATG4B;PNPLA6;OSBPL7;S100A10;MAF;ITGAL;TNFSF12;NXF1;STAT6;FLII;FYN;RANBP3;SCAND1;ZYX;BHLHE40;ZFHX3;GTF3C1;COMT;HLA-C;NDUFB4;ENTPD6;PITPNM1;RHOT2;PNKP;RPL10;GUSB;CIDEB;EXOSC2;CBX4;SDF4;TM9SF4;SLCO3A1;WWP2;RAP1GAP2;CSAD;SF1;ZNF362;WDFY2;YPEL2;VPS52;DCAF7;TTLL3;ENTPD4;SDE2;EIF4H;SLC35B2;ATP2A2;SRPK2;FUBP3;SLFN13;RNASEH1;CES2,"[314, 507, 520, 634, 1173, 1266, 1311, 1551, 1694, 1702, 2129, 2183, 2660, 3030, 3313, 3472, 3632, 4017, 4265, 4404, 4521, 4655, 5034, 5258, 5623, 5626, 5722, 5855, 5905, 6617, 6633, 7093, 7481, 7558, 7634, 8343, 8519, 8868, 9967, 10118, 10232, 10333, 10844, 11596, 11640, 11689, 11838, 12013, 12319, 13636, 13652, 14004, 14473, 15593, 15608, 16144]",c7.vax__THAKAR_PBMC_INACTIVATED_INFLUENZA_AGE_21_30YO_NONRESPONDER_28DY_DN
c7.vax,ANDERSON_BLOOD_CN54GP140_ADJUVANTED_WITH_GLA_AF_AGE_18_45YO_3DY_DN,prerank,0.42776269494674346,1.3789201050519448,0.08436213991769548,0.09513043441955728,0.997,9_32,9/32,20.74%,S100A4;ARPC1B;WAS;ATG4B;WLS;DPEP2;RAI2;ARAP3;SCAND1,S100A4;ARPC1B;WAS;ATG4B;WLS;DPEP2;RAI2;ARAP3;SCAND1;HBP1;CHMP2A;MAEA;TRIM63;KCTD2;DNTTIP1;MAPRE1;DNAJB12;TTI2;PPP1CA;CORO1A;NUDT5;PSMC1;OSTF1;AMDHD2;PSMD13;RAB7A;PGAM1;ACTG1;AFF4;PARN;TMLHE;ATP6V1A,"[245, 965, 985, 1173, 1657, 2477, 2753, 3144, 3632, 4570, 5132, 5473, 5710, 5811, 6480, 6545, 7054, 7233, 7430, 8030, 8076, 8182, 9890, 9931, 10247, 10594, 11351, 11600, 11775, 13082, 13193, 13883]",c7.vax__ANDERSON_BLOOD_CN54GP140_ADJUVANTED_WITH_GLA_AF_AGE_18_45YO_3DY_DN
c7.vax,HARALAMBIEVA_PBMC_FLUARIX_AGE_50_74YO_CORR_WITH_28D_MEM_B_CELL_RESPONSE_AT_28DY_LATE_GENE_EXPR_INDIVID_GENE_MODELS_PRED_PEAK_B_CELL_ELISPOT_RESP_POSITIVE,prerank,0.5056119178053334,1.3758174099940887,0.11713665943600868,0.09635343406170362,0.997,3_15,3/15,8.22%,MKNK2;C1QC;RASSF8,MKNK2;C1QC;RASSF8;ZNF746;SH3RF3;ANXA1;DSG2;AJAP1;ZC3H10;LRRC58;IFNAR2;SCML2;TIGD3;XPR1;SEZ6,"[171, 280, 1439, 4116, 4882, 5053, 5237, 5629, 6866, 7446, 9657, 9822, 10114, 10907, 16509]",c7.vax__HARALAMBIEVA_PBMC_FLUARIX_AGE_50_74YO_CORR_WITH_28D_MEM_B_CELL_RESPONSE_AT_28DY_LATE_GENE_EXPR_INDIVID_GENE_MODELS_PRED_PEAK_B_CELL_ELISPOT_RESP_POSITIVE
c7.vax,SCHERER_PBMC_YF_VAX_OR_APSV_WETVAX_AGE_18_40YO_JOINT_TO_VACCINIA_AND_YELLOW_FEVER_DN,prerank,0.45721493152868753,1.3648853447717633,0.09166666666666666,0.10180037989066881,0.998,12_22,12/22,27.13%,RPS21;TCF3;ZAP70;TSPAN4;RPL13;RPS10;RPL9;TMC6;RPS3A;B4GALT3;C12orf57;RPL23A,RPS21;TCF3;ZAP70;TSPAN4;RPL13;RPS10;RPL9;TMC6;RPS3A;B4GALT3;C12orf57;RPL23A;RPS15A;LTB;ICAM3;RPL10A;LDHB;CBX7;KIF22;EEF1B2;KLRB1;ARL4C,"[1679, 1891, 1939, 2036, 2917, 3058, 3204, 3929, 4491, 4540, 4688, 4751, 5993, 6057, 6783, 7111, 7900, 8721, 11322, 11512, 14129, 14821]",c7.vax__SCHERER_PBMC_YF_VAX_OR_APSV_WETVAX_AGE_18_40YO_JOINT_TO_VACCINIA_AND_YELLOW_FEVER_DN
c7.vax,HARALAMBIEVA_PBMC_FLUARIX_AGE_50_74YO_CORR_WITH_28D_MEM_B_CELL_RESPONSE_AT_28DY_LEUK_MIGR_MAPK_ACT_CYTOK_SIG_DIAB_OF_THE_YNG_POSITIVE,prerank,0.5222481695047676,1.3599428490408623,0.12048192771084337,0.10312899610059519,0.998,7_13,7/13,25.08%,TGFB2;CD34;DOCK2;HES1;MAPK12;BHLHA15;MAPK7,TGFB2;CD34;DOCK2;HES1;MAPK12;BHLHA15;MAPK7;IL10;MAPK14;PF4;SOCS5;EREG;SFTPD,"[972, 1566, 1779, 2380, 3184, 4074, 4392, 6118, 7542, 8298, 10695, 11223, 14829]",c7.vax__HARALAMBIEVA_PBMC_FLUARIX_AGE_50_74YO_CORR_WITH_28D_MEM_B_CELL_RESPONSE_AT_28DY_LEUK_MIGR_MAPK_ACT_CYTOK_SIG_DIAB_OF_THE_YNG_POSITIVE
c7.vax,SOBOLEV_PBMC_PANDEMRIX_AGE_18_64YO_RESPONDERS_VS_NONRESPONDERS_7DY_UP,prerank,0.486039874238657,1.3609719912075067,0.13008130081300814,0.10328253803027349,0.998,4_17,4/17,6.15%,MZB1;IGLL1;TRAM2;MANF,MZB1;IGLL1;TRAM2;MANF;TNFRSF17;ITM2C;GGH;SDC1;UCHL1;KRT81;GLDC;SEC11C;FKBP11;ELL2;ERLEC1;TXNDC5;CD38,"[75, 373, 1064, 1077, 3818, 4272, 5474, 5589, 5596, 6341, 7053, 8448, 9714, 10814, 14205, 14592, 17344]",c7.vax__SOBOLEV_PBMC_PANDEMRIX_AGE_18_64YO_RESPONDERS_VS_NONRESPONDERS_7DY_UP
c7.vax,NAKAYA_MONOCYTE_FLUARIX_FLUVIRIN_AGE_18_50YO_7DY_DN,prerank,0.33455617752078626,1.356272350185806,0.047244094488188976,0.10456449128441299,0.999,31_91,31/91,24.65%,CXCR4;VNN1;TGIF1;C5AR1;IL15RA;NID1;VEGFA;SIK1;SLC2A3;SLC2A14;TRAM2;PER1;FCAR;PEX6;SAT1;ABCA1;BIN3;GNA13;CDC42EP4;SPRY1;TAF4;CREM;ARG2;TRAF3IP3;PMVK;RUSC1;CD44;POLG;PLAGL2;IRS2;SGPL1,CXCR4;VNN1;TGIF1;C5AR1;IL15RA;NID1;VEGFA;SIK1;SLC2A3;SLC2A14;TRAM2;PER1;FCAR;PEX6;SAT1;ABCA1;BIN3;GNA13;CDC42EP4;SPRY1;TAF4;CREM;ARG2;TRAF3IP3;PMVK;RUSC1;CD44;POLG;PLAGL2;IRS2;SGPL1;TNFSF13;PPARD;PCSK5;SLFN12;WDR59;TCF7L2;KSR1;KDM4B;CFLAR;DOCK5;TMEM97;TMCC1;RNF41;FAM110B;ZNF331;PIN4;XRCC1;ESYT1;RFC5;CHMP1B;DESI2;DCLRE1B;EPB42;NAMPT;UBE3B;YRDC;RDX;KBTBD11;ARNT;KLHL7;THBS1;CLEC4A;KLF7;ABCC1;PRDM1;PLK2;SLC44A1;LAS1L;CAMSAP1;RFWD3;GABARAPL1;HBEGF;GLYR1;SLC22A4;EXOC5;GALC;VPS37A;ADNP2;CCPG1;ERAP2;PDE4B;NXPE3;SPATA6;RASA1;CUL5;GIT2;DMXL2;PLCB1;VRK2;EGR3,"[50, 323, 475, 497, 589, 637, 930, 932, 935, 983, 1064, 1212, 1843, 1893, 2029, 2070, 2244, 2456, 2569, 2866, 3046, 3086, 3411, 3481, 3529, 3978, 4043, 4164, 4283, 4288, 4317, 4642, 4819, 4912, 5131, 5212, 5609, 6402, 6555, 6908, 6967, 6999, 7012, 7310, 7513, 7658, 7677, 7926, 8000, 8172, 8227, 8367, 8538, 9117, 9148, 10056, 10103, 10240, 10478, 10553, 10735, 10764, 10843, 10862, 11096, 11133, 11728, 11908, 12050, 12212, 12514, 12915, 12920, 12945, 13389, 13454, 13580, 13605, 13702, 13948, 13951, 14187, 14606, 14724, 15014, 15156, 15581, 15728, 15994, 16074, 16690]",c7.vax__NAKAYA_MONOCYTE_FLUARIX_FLUVIRIN_AGE_18_50YO_7DY_DN
c7.vax,GAUCHER_PBMC_YF_VAX_STAMARIL_UNKNOWN_AGE_10DY_DN,prerank,0.32393254997688725,1.3436303540873775,0.05040322580645161,0.11162417688174656,1.0,34_98,34/98,27.26%,IL1R2;VNN2;PDZK1IP1;SIGLEC10;FCER1A;PTOV1;IMPA2;PI3;SELENBP1;TAGLN2;WLS;ZNF217;SERF2;GPR162;MED25;PYGL;NPL;FOXO1;TBL1X;ARAP3;RPS3;LST1;RPL37A;ERGIC1;PACS1;PPM1F;ABTB1;DCAF12;HECA;IRS2;ALKBH7;CYP27A1;PANX2;MPZL1,IL1R2;VNN2;PDZK1IP1;SIGLEC10;FCER1A;PTOV1;IMPA2;PI3;SELENBP1;TAGLN2;WLS;ZNF217;SERF2;GPR162;MED25;PYGL;NPL;FOXO1;TBL1X;ARAP3;RPS3;LST1;RPL37A;ERGIC1;PACS1;PPM1F;ABTB1;DCAF12;HECA;IRS2;ALKBH7;CYP27A1;PANX2;MPZL1;ABHD5;RPS4X;TNS1;LGALS3;PHOSPHO1;ARHGAP24;PCBP2;STAT5B;RPL22;HSD17B11;BTF3;PABPC1;TOPORS;TMCO3;SNRPG;ICAM3;STMN3;PITHD1;PRDX2;PINK1;ALPL;MPP1;ABCC5;EIF3L;TXNDC12;DDX3X;UBE2H;PLVAP;MKRN1;GUCD1;FAM210B;APMAP;PABPC4;EEF2;EPB42;EIF3F;PIP4K2A;GNG7;USP10;GLS;EIF4B;SNCA;DCAF6;MEF2D;CAMK1D;LMBRD1;TBC1D14;TSPAN5;MYADM;KBTBD7;SRRD;CDK19;CD46;SORL1;TMX4;OSBP2;PRKDC;CPPED1;CA4;TP53INP2;TGM3;FAXDC2;FBXO7;RPS6KA5,"[33, 117, 388, 433, 722, 897, 1295, 1416, 1432, 1537, 1657, 1898, 2068, 2254, 2584, 2745, 2943, 3040, 3119, 3144, 3341, 3419, 3513, 3641, 3761, 3842, 3948, 4083, 4282, 4288, 4571, 4678, 4697, 4774, 5145, 5294, 5393, 5562, 5853, 5928, 5999, 6102, 6109, 6219, 6328, 6350, 6360, 6645, 6769, 6783, 6856, 7019, 7162, 7410, 7418, 7580, 7667, 7912, 8330, 8466, 8570, 8694, 8699, 8901, 8911, 8919, 9044, 9092, 9117, 9293, 9490, 9885, 10338, 10601, 10730, 10807, 10999, 11119, 11313, 11836, 11983, 12118, 12214, 12358, 12399, 13794, 14057, 14179, 14491, 14511, 14728, 14733, 15600, 15720, 16107, 16118, 16187, 16336]",c7.vax__GAUCHER_PBMC_YF_VAX_STAMARIL_UNKNOWN_AGE_10DY_DN
c7.vax,FOURATI_BLOOD_TWINRIX_AGE_25_83YO_RESPONDERS_VS_POOR_RESPONDERS_0DY_UP,prerank,-0.3115494097626692,-1.5662684713166612,0.0,0.11491543749250734,0.839,192_491,192/491,28.62%,COCH;SLC9A7;PAK3;LEKR1;ANKRD36;KCNH8;TRIM67;ZNF382;DNAH12;OR2L2;ANKRD36C;KLHL14;SLC4A5;HLA-DOB;ANK3;CXorf58;PHC3;DNAH3;SERPINE3;SYTL5;NUP62CL;ZNF418;TRPC5;TENM1;RPS6KA6;MED14;MTR;CHML;ZNF135;MOSPD2;SNX22;ZNF548;MBTPS2;ZMAT1;DOCK10;MID2;RASGRP1;NUDT7;KLHL4;PLS3;HIVEP2;METTL8;ITPR1;BLK;FRMPD4;PTHLH;POU2AF1;IL7;TMSB15B;NETO1;TBC1D9;KHDRBS1;MYO5B;WDR44;CR2;EXOG;VPS4B;NBEA;ZNF519;TCERG1;ZNF253;RALGPS2;GEMIN8;RBM12;TRIM2;ZNF268;ALDH1A3;NIPAL3;SLC38A1;RBMX;PLP1;ZDHHC23;YWHAQ;MS4A1;SLC25A32;PRKACB;LPAR4;SLC35G1;TSEN15;PARM1;BMI1;RASGRP3;NLGN1;SPICE1;ADAM22;DPP4;GTDC1;PRPS2;CLIC4;DNM1L;C1orf220;ZNF711;SSPN;AGPAT5;CHM;DTD2;TAF1;USP9X;CTH;MTRR;DCK;NUBPL;ZNF529;C14orf28;G3BP2;RABL3;ABCB11;GCSAM;CCR6;CD200;RSPRY1;ANAPC1;EPM2A;CHIC1;CDK17;NUFIP1;PRRG1;EBF1;ZNF837;STAMBPL1;TAF4B;DLAT;USP51;EIF1AX;UGT8;ZNF470;DOCK9;CYP2E1;IRAK1BP1;EML6;BCAS2;THEM4;ZXDA;BCLAF1;PCDH9;ZNF667;PEG10;API5;WFDC10A;FANCB;PPP6C;DCX;ZNF320;EDARADD;KBTBD8;BPNT1;STRBP;INSIG1;TRAF5;EGFL6;WDR3;CBLL1;PSIP1;SLC7A6OS;MAGT1;TTC3;WWP1;ADAM21;METAP1D;AMOTL1;ARMC1;SYPL1;FAM107B;CCDC91;TENM3;TSEN2;UBQLN1;USP6;TBC1D8B;TMEM230;ZNF107;LHX6;TMEM220;FAM3C;COBLL1;DDX21;MTMR2;NAP1L2;REEP5;TAGAP;MAP7D2;PURA;ZNF280C;BACH2;ZNF251;PREX2;HMGB1;ANP32E;GOLGA8T;MXRA5;TNFRSF13C;CD27,CELSR1;FCGR2B;DSP;CD180;TPD52L1;ACSM1;SPIB;HLA-DRB1;IRF8;IKZF1;FMR1NB;CLU;FAM177B;CCDC160;ID3;BTLA;HSPD1;IL7R;EEF1G;ANAPC16;MYOT;PODXL;WDR6;ARHGAP42;BIRC3;LEF1;TNFRSF25;FCRLA;SH3BGR;BTNL9;PPP2R1B;CD40;ALDOB;IGFBP5;BCL2;S1PR1;SWAP70;FXR1;PHLDA1;MECOM;PLEKHF2;CD79B;CD160;XPO1;HSP90AB1;GPR82;ZNF141;COL4A4;CD79A;TAB2;P2RX5;MLLT3;SPRY1;PTGES3;FOXO1;HEPHL1;ATF1;TMEM47;CD22;TRAPPC2;VPREB3;ITGA6;CCNG1;PLEKHG1;STK17A;MDFIC;MOXD1;ZNF420;MUC20;MROH2A;SMARCA1;HLA-DQB1;HECA;BLNK;ADAM28;CDR1;NDP;TCF7;IFT43;PLEKHB1;ATP11C;OPHN1;CNR2;CPO;AXIN2;ZNF614;CGGBP1;FAM13A;SMPX;RRAS2;RPS4X;SLITRK4;FCER2;SLC2A12;ZNF550;EGLN3;KDM5C;ASNS;DLG5;ITM2A;PKIG;TBC1D4;SMAD3;RPL22;FAM9C;HEPH;POU2F3;FOXP1;TAF7;NPHP1;CWC22;PMEPA1;PAIP2B;TCEANC;LRRN3;BANK1;ST6GAL1;ENAM;PDGFB;LIX1;SCN3A;C19orf12;ZNF518B;RASL11B;GPR183;TSPAN13;TTC39C;ZBTB33;SMIM10;NAP1L1;PKHD1L1;GABPA;MALT1;TRIB2;BUB3;RAD54B;POLA1;DACT1;RAB30;MORF4L2;AR;WNK3;POM121C;ZNF331;STAP1;PHF10;PHF6;ZCCHC7;ZFX;SET;ZNF92;SEL1L3;HSPA8;LDHB;EIF3L;RORA;BDH2;GRPEL2;APOO;BHLHE41;TMPO;SLITRK2;RYK;CATSPERB;NT5E;NARS2;NBPF11;RNF185;NR3C2;SLC38A11;NCBP2;ARL14EP;ZNF140;PTER;EIF5;DDX3X;METTL4;SMIM11;GSTM3;GNG13;BCL7A;USP27X;ZFR;OGT;FSD1L;AIDA;EIF2S3;TSPYL1;MIPOL1;EFHC2;PJA1;FAM13B;PM20D2;CNTNAP1;CLN8;TCEA1;FAM9B;ZNF615;KLF12;POM121;ABCB4;SLC25A4;AHR;EDA2R;BCL11A;RERG;SERBP1;HNRNPC;NOX1;CLEC2D;IRF4;FBXW11;ZNF626;ADD3;DMD;NUDT10;ZXDB;PPP1R21;GNG7;MBNL1;ZBTB6;ZNF44;CHN1;KAT6B;SGCE;SMURF2;GDPD1;HNRNPA0;OFD1;DNAJC30;ENPP5;TRAM1;TXLNG;DYRK1A;SMC6;ZNF507;SPTBN1;HLF;KCNE2;EML4;PTPRK;ARL6IP5;MRPL39;IL24;EIF4B;MRPS35;PAWR;PCDH19;CLCN5;GPM6B;MATR3;CD72;ZNF525;ARHGEF3;OSBPL10;FAHD1;AFF3;LRCH1;PRICKLE1;NLGN4X;FAM120C;CASK;NHLRC2;EFR3A;RAP2C;ATRX;ATP2B3;KDM6A;POFUT1;TCTN1;FAM199X;PDK2;PRDM2;SMARCE1;FRA10AC1;RABGAP1L;SKP1;TLK1;OCIAD1;ATM;AMMECR1;ERP44;ABLIM1;FHOD3;QRSL1;HNRNPR;ZNF566;NUDT11;SNAPC3;GPR18;FBXL16;ANGPTL1;TPD52;ZNF442;GRIA3;AP4S1;SLC16A10;RNFT2;CDC42SE2;CD27;TNFRSF13C;MXRA5;GOLGA8T;ANP32E;HMGB1;PREX2;ZNF251;BACH2;ZNF280C;PURA;MAP7D2;TAGAP;REEP5;NAP1L2;MTMR2;DDX21;COBLL1;FAM3C;TMEM220;LHX6;ZNF107;TMEM230;TBC1D8B;USP6;UBQLN1;TSEN2;TENM3;CCDC91;FAM107B;SYPL1;ARMC1;AMOTL1;METAP1D;ADAM21;WWP1;TTC3;MAGT1;SLC7A6OS;PSIP1;CBLL1;WDR3;EGFL6;TRAF5;INSIG1;STRBP;BPNT1;KBTBD8;EDARADD;ZNF320;DCX;PPP6C;FANCB;WFDC10A;API5;PEG10;ZNF667;PCDH9;BCLAF1;ZXDA;THEM4;BCAS2;EML6;IRAK1BP1;CYP2E1;DOCK9;ZNF470;UGT8;EIF1AX;USP51;DLAT;TAF4B;STAMBPL1;ZNF837;EBF1;PRRG1;NUFIP1;CDK17;CHIC1;EPM2A;ANAPC1;RSPRY1;CD200;CCR6;GCSAM;ABCB11;RABL3;G3BP2;C14orf28;ZNF529;NUBPL;DCK;MTRR;CTH;USP9X;TAF1;DTD2;CHM;AGPAT5;SSPN;ZNF711;C1orf220;DNM1L;CLIC4;PRPS2;GTDC1;DPP4;ADAM22;SPICE1;NLGN1;RASGRP3;BMI1;PARM1;TSEN15;SLC35G1;LPAR4;PRKACB;SLC25A32;MS4A1;YWHAQ;ZDHHC23;PLP1;RBMX;SLC38A1;NIPAL3;ALDH1A3;ZNF268;TRIM2;RBM12;GEMIN8;RALGPS2;ZNF253;TCERG1;ZNF519;NBEA;VPS4B;EXOG;CR2;WDR44;MYO5B;KHDRBS1;TBC1D9;NETO1;TMSB15B;IL7;POU2AF1;PTHLH;FRMPD4;BLK;ITPR1;METTL8;HIVEP2;PLS3;KLHL4;NUDT7;RASGRP1;MID2;DOCK10;ZMAT1;MBTPS2;ZNF548;SNX22;MOSPD2;ZNF135;CHML;MTR;MED14;RPS6KA6;TENM1;TRPC5;ZNF418;NUP62CL;SYTL5;SERPINE3;DNAH3;PHC3;CXorf58;ANK3;HLA-DOB;SLC4A5;KLHL14;ANKRD36C;OR2L2;DNAH12;ZNF382;TRIM67;KCNH8;ANKRD36;LEKR1;PAK3;SLC9A7;COCH,"[49, 180, 232, 253, 389, 400, 547, 558, 613, 693, 726, 751, 888, 944, 956, 979, 987, 1012, 1035, 1100, 1143, 1161, 1210, 1215, 1351, 1357, 1360, 1514, 1556, 1638, 1640, 1644, 1645, 1810, 1935, 1972, 2042, 2139, 2253, 2275, 2291, 2306, 2369, 2418, 2454, 2482, 2502, 2512, 2657, 2799, 2809, 2833, 2866, 2982, 3040, 3172, 3239, 3252, 3309, 3533, 3598, 3749, 3763, 3917, 3991, 4015, 4031, 4075, 4130, 4153, 4231, 4269, 4282, 4333, 4449, 4473, 4500, 4529, 4569, 4600, 4612, 4648, 4659, 4762, 4815, 4880, 4957, 5150, 5164, 5286, 5294, 5336, 5371, 5461, 5463, 5505, 5572, 5694, 5758, 5805, 5841, 5901, 5959, 6109, 6136, 6137, 6249, 6316, 6323, 6358, 6369, 6443, 6453, 6472, 6481, 6502, 6550, 6670, 6686, 6692, 6705, 6724, 6978, 7000, 7031, 7035, 7151, 7164, 7168, 7238, 7254, 7256, 7292, 7361, 7367, 7380, 7433, 7455, 7502, 7572, 7574, 7604, 7639, 7658, 7686, 7698, 7716, 7725, 7729, 7822, 7835, 7843, 7892, 7900, 7912, 7937, 7951, 7954, 7998, 8040, 8059, 8104, 8110, 8130, 8133, 8149, 8195, 8223, 8254, 8255, 8264, 8295, 8319, 8333, 8369, 8466, 8541, 8557, 8568, 8581, 8588, 8595, 8649, 8676, 8703, 8805, 8887, 8936, 8945, 8967, 8974, 8992, 9111, 9121, 9132, 9171, 9200, 9220, 9267, 9350, 9423, 9429, 9440, 9446, 9457, 9488, 9494, 9545, 9548, 9564, 9586, 9648, 9746, 9769, 9797, 9829, 9847, 9878, 9885, 9907, 9918, 9923, 9941, 10009, 10083, 10097, 10102, 10108, 10149, 10199, 10218, 10225, 10369, 10400, 10414, 10424, 10461, 10495, 10543, 10559, 10583, 10639, 10709, 10727, 10730, 10760, 10762, 10888, 10943, 10948, 10979, 10987, 10997, 11046, 11047, 11093, 11116, 11124, 11239, 11293, 11299, 11332, 11409, 11410, 11419, 11432, 11435, 11442, 11552, 11558, 11562, 11569, 11572, 11603, 11643, 11644, 11677, 11694, 11696, 11714, 11742, 11750, 11926, 11971, 11986, 11992, 12023, 12035, 12036, 12092, 12109, 12174, 12197, 12203, 12220, 12242, 12335, 12359, 12425, 12505, 12512, 12525, 12545, 12553, 12555, 12563, 12565, 12588, 12615, 12679, 12705, 12715, 12738, 12741, 12747, 12765, 12773, 12782, 12889, 12914, 12928, 12950, 13018, 13036, 13067, 13104, 13106, 13108, 13132, 13152, 13170, 13265, 13284, 13287, 13371, 13391, 13400, 13427, 13430, 13441, 13445, 13455, 13474, 13508, 13554, 13568, 13589, 13593, 13630, 13641, 13673, 13682, 13687, 13720, 13725, 13760, 13799, 13803, 13822, 13837, 13841, 13867, 13902, 13924, 13938, 14025, 14067, 14150, 14160, 14214, 14236, 14245, 14257, 14294, 14301, 14366, 14385, 14436, 14470, 14472, 14521, 14551, 14555, 14593, 14610, 14666, 14672, 14684, 14688, 14690, 14748, 14756, 14765, 14784, 14800, 14803, 14804, 14857, 14880, 14881, 14894, 14940, 14951, 14962, 14970, 15020, 15022, 15095, 15097, 15119, 15130, 15141, 15167, 15181, 15206, 15220, 15221, 15249, 15258, 15329, 15345, 15468, 15469, 15489, 15501, 15508, 15535, 15582, 15665, 15684, 15734, 15748, 15753, 15790, 15829, 15844, 15881, 15905, 15906, 15913, 15929, 15951, 15967, 15968, 16081, 16131, 16137, 16162, 16164, 16204, 16268, 16291, 16445, 16455, 16548, 16550, 16569, 16570, 16642, 16646, 16673, 16689, 16722, 16732, 16816, 16834, 16848, 16867, 16897, 16898, 16907, 16936, 16945, 16960, 16985, 17011, 17029, 17030, 17085, 17090, 17161, 17182, 17187, 17226, 17235, 17240, 17264, 17282, 17382, 17474, 17495]",c7.vax__FOURATI_BLOOD_TWINRIX_AGE_25_83YO_RESPONDERS_VS_POOR_RESPONDERS_0DY_UP
c7.vax,QI_PBMC_ZOSTAVAX_AGE_50_75YO_CORRELATED_WITH_28D_PEAK_T_CELL_RESPONSE_14DY_NEGATIVE,prerank,-0.46423900426761955,-1.5824319911468532,0.022587268993839837,0.11986530920299149,0.806,12_36,12/36,17.15%,ERCC6L;FANCD2;RFC3;ATR;MSH2;TDP1;SMC2;MAD2L1;PRIM1;RPA3;GINS2;EXO1,GMNN;MCM7;BIRC5;RFC4;CDC25A;MND1;PTTG1;PCNA;RAD21;CDKN1B;MCM5;BRCA1;CDK1;RMI1;HDAC2;RACGAP1;CENPM;MSH6;SMC3;RFC2;ZWINT;SUV39H2;CHEK1;MCM2;EXO1;GINS2;RPA3;PRIM1;MAD2L1;SMC2;TDP1;MSH2;ATR;RFC3;FANCD2;ERCC6L,"[2000, 2223, 2532, 4059, 4877, 5816, 6319, 6509, 7067, 7474, 8642, 8672, 8675, 8820, 8857, 8924, 9636, 9859, 9871, 10402, 12115, 12189, 13033, 13686, 14514, 14583, 14624, 14964, 14997, 15203, 15248, 16102, 16480, 16749, 16928, 16987]",c7.vax__QI_PBMC_ZOSTAVAX_AGE_50_75YO_CORRELATED_WITH_28D_PEAK_T_CELL_RESPONSE_14DY_NEGATIVE
c7.vax,HOEK_T_CELL_2011_2012_TIV_ADULT_1DY_UP,prerank,-0.6767963706461538,-1.6551690676207929,0.018315018315018316,0.12336452544188821,0.566,7_10,7/10,17.47%,RTP4;GPLD1;ZC2HC1A;NBPF15;XRCC4;ANKRD30BL;GINS3,RHEBL1;UBE2E2;RPP40;GINS3;ANKRD30BL;XRCC4;NBPF15;ZC2HC1A;GPLD1;RTP4,"[2593, 5519, 11455, 14458, 15112, 15282, 15771, 16201, 16768, 16949]",c7.vax__HOEK_T_CELL_2011_2012_TIV_ADULT_1DY_UP
c7.vax,FULLER_PBMC_F_TULARENSIS_VACCINE_LVS_AGE_22_54YO_18HR_TO_48HR_EARLY_UP,prerank,0.4658250467079795,1.320874252974055,0.14465408805031446,0.1250973029622604,1.0,9_18,9/18,18.44%,FCGR2A;IL18;RNASE2;LY96;IRAK3;LILRA6;IL13RA1;NCF2;CD302,FCGR2A;IL18;RNASE2;LY96;IRAK3;LILRA6;IL13RA1;NCF2;CD302;QPCT;CSF2RB;LAMP2;CLEC4A;GLIPR1;ENTPD1;SKAP2;CREG1;CD36,"[313, 366, 667, 686, 950, 2643, 3069, 3164, 3230, 4609, 7897, 9877, 10843, 11881, 12396, 13288, 14117, 17499]",c7.vax__FULLER_PBMC_F_TULARENSIS_VACCINE_LVS_AGE_22_54YO_18HR_TO_48HR_EARLY_UP
c7.vax,QIU_PBMC_HEPTATITIS_B_SURFACE_ANTIGEN_AGE_UNDER50_NON_RESPONDERS_VS_RESPONDERS_3DY_UP,prerank,0.5463004988840794,1.32312781706301,0.1509433962264151,0.12516786089228488,1.0,6_10,6/10,18.22%,BPI;ARG1;FOLR3;ANXA3;TCN1;TKTL1,BPI;ARG1;FOLR3;ANXA3;TCN1;TKTL1;LTF;ABCA13;CEACAM1;CEACAM8,"[720, 1261, 1310, 1349, 2740, 3190, 5338, 12506, 12728, 16217]",c7.vax__QIU_PBMC_HEPTATITIS_B_SURFACE_ANTIGEN_AGE_UNDER50_NON_RESPONDERS_VS_RESPONDERS_3DY_UP
c7.vax,GAUCHER_PBMC_YF_VAX_STAMARIL_UNKNOWN_AGE_60DY_DN,prerank,0.4066035049712144,1.3217606283904313,0.10474308300395258,0.12537829293374683,1.0,9_31,9/31,16.71%,PDZK1IP1;YBX3;MYL4;GYPC;TGM2;TPRA1;SERF2;DNAJB2;FKBP8,PDZK1IP1;YBX3;MYL4;GYPC;TGM2;TPRA1;SERF2;DNAJB2;FKBP8;SESN3;HAGH;UBXN6;PRDX5;PHOSPHO1;GUK1;ST6GALNAC4;DPM2;STMN3;PRDX2;GUCD1;ADIPOR1;HBQ1;FIS1;DCAF6;TSPAN5;SRRD;CDC14B;ROPN1B;MBNL3;PLEK2;FBXO7,"[388, 466, 552, 1209, 1442, 2023, 2068, 2351, 2926, 4217, 4519, 5725, 5750, 5853, 6044, 6827, 6832, 6856, 7162, 8901, 9480, 9808, 10394, 10999, 12118, 12399, 13320, 14454, 15026, 15892, 16187]",c7.vax__GAUCHER_PBMC_YF_VAX_STAMARIL_UNKNOWN_AGE_60DY_DN
c7.vax,HOFT_CD4_POSITIVE_ALPHA_BETA_MEMORY_T_CELL_BCG_VACCINE_AGE_18_45YO_7DY_UP,prerank,0.38485148997368324,1.31890963631524,0.102880658436214,0.12572896165828285,1.0,13_39,13/39,19.73%,SIX5;ZNF768;RHBDF1;SAMD1;KIAA0930;CES1;GNG11;PPP1R16A;CYP27B1;MATK;FHL3;MED24;CLIP2,SIX5;ZNF768;RHBDF1;SAMD1;KIAA0930;CES1;GNG11;PPP1R16A;CYP27B1;MATK;FHL3;MED24;CLIP2;ACTN1;NDP;EEF1A2;TJP2;TBC1D22A;SLC2A6;PDGFB;PTGES2;OPA3;NOC4L;HUS1B;MITF;TBC1D24;PTGFRN;GMEB1;RASA2;SMPD1;ATP6V0A1;TGFBRAP1;DHCR24;ENTPD1;TOP3A;INSIG1;ZNF264;TNFRSF8;RSPH3,"[328, 959, 1069, 1123, 1347, 1470, 1851, 1943, 2595, 2855, 3248, 3299, 3456, 4155, 4500, 5154, 5751, 6234, 6672, 6686, 6901, 7625, 7706, 8320, 8468, 8852, 8860, 8942, 9210, 9487, 9981, 10582, 10613, 12396, 13269, 13508, 16581, 16935, 16953]",c7.vax__HOFT_CD4_POSITIVE_ALPHA_BETA_MEMORY_T_CELL_BCG_VACCINE_AGE_18_45YO_7DY_UP
c7.vax,QI_PBMC_ZOSTAVAX_AGE_50_75YO_CORRELATED_WITH_EXPANSION_OF_VZV_SPECIFIC_T_CELLS_TO_PEAK_AT_1DY_NEGATIVE,prerank,0.3070234157581093,1.3168201766989582,0.05242718446601942,0.126519325519215,1.0,54_121,54/121,29.31%,CARD14;MT1E;LILRA5;RNASE2;CD52;CDK11A;SH2D2A;TYMP;GIMAP5;HDAC7;ZNF511;RHOC;EEF1D;MRPL41;ANKRD35;MRPL23;SERF2;NDUFA13;CD79B;DTYMK;AP2S1;TPT1;DPP9;RPS27L;RAB27A;PASK;CLTB;RRAS;MRPS24;GTF3A;PQBP1;FBXL15;APOBEC3D;VPREB3;YBX1;RPS5;ZSWIM8;RPL27;TMC6;TOMM7;MCOLN1;RPL6;RPS17;RINL;ASS1;NBPF20;TRIM25;C12orf57;MSL3;RPL11;MRPL51;ELMOD3;GPX4;TMA7,CARD14;MT1E;LILRA5;RNASE2;CD52;CDK11A;SH2D2A;TYMP;GIMAP5;HDAC7;ZNF511;RHOC;EEF1D;MRPL41;ANKRD35;MRPL23;SERF2;NDUFA13;CD79B;DTYMK;AP2S1;TPT1;DPP9;RPS27L;RAB27A;PASK;CLTB;RRAS;MRPS24;GTF3A;PQBP1;FBXL15;APOBEC3D;VPREB3;YBX1;RPS5;ZSWIM8;RPL27;TMC6;TOMM7;MCOLN1;RPL6;RPS17;RINL;ASS1;NBPF20;TRIM25;C12orf57;MSL3;RPL11;MRPL51;ELMOD3;GPX4;TMA7;NDUFA1;UQCRQ;RPL4;MRPL14;COMMD6;RPS27;ITM2A;DRAP1;COX6C;RAD23A;SF3B5;DAB2;DPM2;NUDT1;UBE2Z;PSMC3;HINT1;SIVA1;MRPL36;PSMA4;COPZ1;VTI1B;TXNDC17;TRIM38;ATRAID;UBE2H;NDUFB2;NSUN5;C1QBP;MRPS33;MRPL54;SEC22C;MRPL20;NDUFB3;U2AF1;SF1;RBM12B;NAA20;PCYOX1;PSMA6;OCIAD2;EEF1B2;ZNF160;TMEM238;VPS25;C7orf50;RPL7L1;HMGCR;DHX29;FUCA2;ARID4B;DYRK2;PSMA3;CD200;EVI5;USP48;GNL3L;PLEKHB2;BNIP3L;CXorf38;PVALB;NFAT5;HMGN1;FAM72B;CHRNB3;CA1;GZMA,"[268, 308, 324, 667, 830, 1028, 1083, 1187, 1583, 1629, 1653, 1711, 1776, 1871, 1950, 1988, 2068, 2220, 2306, 2488, 2630, 2707, 2832, 2875, 2940, 2981, 3018, 3075, 3220, 3303, 3308, 3422, 3536, 3598, 3681, 3685, 3862, 3894, 3929, 4113, 4141, 4220, 4247, 4278, 4436, 4622, 4649, 4688, 4889, 5044, 5102, 5110, 5118, 5134, 5246, 5327, 5360, 5670, 5721, 5753, 5805, 6015, 6573, 6621, 6679, 6756, 6832, 6942, 6944, 7216, 7390, 7722, 7756, 7767, 7804, 7837, 8046, 8176, 8210, 8570, 8682, 8722, 8735, 8907, 9014, 9162, 9331, 9420, 9543, 10118, 10124, 10343, 10352, 10360, 11009, 11512, 11622, 11928, 12271, 12474, 12516, 13105, 13113, 13592, 14053, 14072, 14195, 14551, 14745, 14752, 14942, 15128, 15148, 15362, 15410, 15785, 15902, 16537, 17128, 17135, 17331]",c7.vax__QI_PBMC_ZOSTAVAX_AGE_50_75YO_CORRELATED_WITH_EXPANSION_OF_VZV_SPECIFIC_T_CELLS_TO_PEAK_AT_1DY_NEGATIVE
c7.vax,HOEK_NK_CELL_2011_2012_TIV_ADULT_3DY_UP,prerank,-0.6177555769571736,-1.6172725372817784,0.023076923076923078,0.13410231644948303,0.705,10_13,10/13,29.31%,TPH1;SFRP4;CLHC1;CCDC39;PHOSPHO2;C1D;ATG10;WBP4;HNRNPU;RGS17,GPR82;CCNB1;ARL17A;RGS17;HNRNPU;WBP4;ATG10;C1D;PHOSPHO2;CCDC39;CLHC1;SFRP4;TPH1,"[2482, 8100, 8743, 12385, 12398, 12744, 13220, 13532, 14574, 14661, 14918, 17173, 17377]",c7.vax__HOEK_NK_CELL_2011_2012_TIV_ADULT_3DY_UP
c7.vax,ERWIN_COHEN_PBMC_TC_83_AGE_18_45YO_NAIVE_NOT_PREVIOUSLY_IMMUNIZED_24HR_DEG_CANONICAL_PATHWAY_MEMBERS_UP,prerank,0.41329308134761705,1.3037367978879348,0.12179487179487179,0.13478995311241967,1.0,5_28,5/28,4.11%,IFNA2;IRF7;LAMP3;CXCL11;IL6,IFNA2;IRF7;LAMP3;CXCL11;IL6;TNF;OAS1;IL15;IFNA21;IFNE;IFIH1;XAF1;CCL3;HSH2D;EIF2AK2;IFNA1;TLR3;OAS3;IFNA8;SAMD9L;OAS2;IFIT2;SLAMF7;TNFSF10;STAT1;ENPP2;NEXN;CD38,"[38, 229, 404, 511, 719, 1526, 3619, 3762, 4584, 6643, 7032, 7088, 7409, 8716, 9688, 10376, 10466, 10622, 11566, 12091, 12167, 12748, 14391, 15232, 16067, 16259, 16482, 17344]",c7.vax__ERWIN_COHEN_PBMC_TC_83_AGE_18_45YO_NAIVE_NOT_PREVIOUSLY_IMMUNIZED_24HR_DEG_CANONICAL_PATHWAY_MEMBERS_UP
c7.vax,NAKAYA_PBMC_FLUAD_MALE_AGE_14_27YO_1D_POSTBOOST_VS_0D_PREIMM_MF59_ADJUVANTED_1DY_GENES_IN_BTM_M40_AND_M53_DN,prerank,0.37423124786423556,1.304473734393348,0.10309278350515463,0.13531430916935236,1.0,13_44,13/44,12.03%,LAT;LCK;IL32;GZMM;CD2;GATA3;IL7R;GPR171;BIRC3;LEF1;CD3E;ZAP70;GIMAP6,LAT;LCK;IL32;GZMM;CD2;GATA3;IL7R;GPR171;BIRC3;LEF1;CD3E;ZAP70;GIMAP6;CD247;SH2D1A;ITK;ETS1;SIRPG;HLA-DQB1;GIMAP7;CCL5;PRKCH;ITM2A;RORA;GNLY;BCL11B;CD3G;GZMB;NELL2;CD6;CD28;GZMH;CD27;CD96;MAL;SAMD3;KLRB1;NKG7;PAK1;TIGIT;RASGRP1;PRKCQ;GZMA;EOMES,"[152, 292, 314, 341, 933, 951, 1012, 1142, 1351, 1357, 1555, 1939, 2107, 2961, 3378, 3688, 3740, 3810, 4269, 5480, 5546, 5804, 5805, 7937, 8051, 9083, 9585, 9864, 11189, 11543, 11843, 12153, 12505, 12596, 13217, 13401, 14129, 15287, 15429, 16489, 16548, 16876, 17331, 17457]",c7.vax__NAKAYA_PBMC_FLUAD_MALE_AGE_14_27YO_1D_POSTBOOST_VS_0D_PREIMM_MF59_ADJUVANTED_1DY_GENES_IN_BTM_M40_AND_M53_DN
c7.vax,NAKAYA_PBMC_FLUARIX_FLUVIRIN_AGE_18_50YO_CORRELATED_WITH_HAI_28DY_RESPONSE_AT_3DY_NEGATIVE,prerank,-0.3285137682176174,-1.5868097683719455,0.0,0.138898301059265,0.795,136_330,136/330,30.50%,RCAN3;DUSP4;ANKRD36;CAMK4;DCAF16;ZNF136;KCNA3;ANK3;PRKCQ;NAA25;ENDOD1;SGTB;SECISBP2L;SLC16A7;GPRASP1;RBM25;METTL8;ITPR1;SEPSECS;DDHD1;DHX36;DDX47;PPP1R2;UFL1;NKTR;GCOM1;CLK4;SLC38A1;ADTRP;TRMT13;KIAA1143;TTC32;NUCKS1;RAPGEF6;MTF2;PRKACB;PHF20L1;ZBTB25;USP16;SLC25A36;ECD;RNMT;SNRPN;TNIK;RALGAPA1;ZNF26;GOLGA8B;HEATR1;NAP1L5;ARL4C;FAM76B;PTPN4;SFPQ;TOMM20;DIS3;TUBB1;CBLB;HGD;CHIC1;NDFIP2;DNAJB14;CDK17;NUFIP1;TAF9B;TPP2;TAF4B;PSPC1;KRR1;KLRB1;COX11;TMEM106B;SCML1;ITGB3BP;FNBP4;EBLN2;BCLAF1;ELP2;ZNF292;PLA2G12A;PRRC2C;BPGM;KLF9;SRSF11;SLC4A7;NAE1;FAM98B;STAT4;GON4L;ISCA1;TTC3;PIK3R1;PNN;ATP2B1;CDC14B;BEX4;BEX2;LY9;CCND2;FAM162A;SRSF6;SBDS;SVIP;MLH3;PIK3IP1;C11orf58;GOLGA8A;PTCD3;OXNAD1;RGPD5;TMEM220;RNF138;SMIM19;SNRK;USP12;ZMYM2;CEP57;FAM20B;TM9SF3;SSBP1;BACH2;TNKS;HMGB1;B3GNT7;ZNF101;WDR89;SAR1A;RICTOR;CDC42SE2;ZNF277;TRAPPC10;CDK12;BBX;LMO7;PPIG;FUS;TBC1D15,DNAJB1;CHORDC1;RUNX3;ITPKB;EZR;RHOH;AQP3;TUBB6;TMEM243;RGCC;LEF1;RBM38;GKAP1;ZNF395;TGFBR2;WASF2;PASK;PDE4DIP;FOXO1;JUND;MAML2;SH2D1A;ITK;ITGA6;STK17A;ZNF22;LUC7L2;TIPARP;MEX3C;NOSIP;MSI2;HBP1;ZNF814;C12orf57;CREBRF;MED21;USP47;MAN1C1;DNTTIP2;GNAS;METTL16;MPHOSPH8;SYNE2;GPAM;KDM3A;IL6ST;PNISR;ITM2A;ARHGAP24;CNOT6L;PCBP2;TRIM13;KPNA5;FAM133B;DNAJC2;N4BP2;FAM153A;RPL37;ZNF274;FOXP1;BANK1;AHCTF1;JMY;ZCCHC10;IVNS1ABP;LSG1;RSRC2;TC2N;STMN3;CNST;GPR183;APBA2;PTPN2;CWF19L2;DLST;ZC3H11A;MED30;MAP3K4;PIK3CA;CCDC50;RAB30;ATF7IP2;PHF5A;WTAP;CBX5;NOL11;ZNF331;SYNCRIP;CDR2;ZNF92;MGAT4A;ZBTB38;RORA;NOL7;RANBP2;USPL1;AK3;RYK;SMN1;HSF2;PPFIBP1;FBXL3;STK4;CEBPZ;PDE4D;RSL24D1;URI1;DUSP11;CEPT1;ZFR;USP36;NUCB2;JAK1;ZNF512B;TNPO1;BRD1;RSBN1;EWSR1;TSPYL1;BCL11B;CTC1;EPB42;ZNF12;GNE;SETD2;KLF12;ANKRD12;CEP95;POLR3E;TWF1;CLASP1;CD3G;ATG13;RBM39;LCOR;CETN2;ADPRM;PURB;EAPP;METAP2;SRSF3;SMC3;STT3B;FAM169A;KLHL24;KAT6B;ZNF131;CTLA4;SF1;THOC2;CHD2;SUPV3L1;THEMIS;NR1D2;SFXN1;CHD1;EML4;SH3YL1;CIR1;GGNBP2;NGDN;HNRNPD;SNCA;GNB5;YTHDC1;MATR3;RC3H2;OCIAD2;POLR2M;AFF3;CCNT1;SPTY2D1;ATXN7;KPNA3;C12orf75;PPP1R16B;MED23;ATRX;KDM6A;CLDND1;DBF4;PRKRA;PPP1CB;ESCO1;ZEB1;AFF4;PPM1A;CD28;SMN2;NEDD1;FHL1;PTS;SOS2;AMD1;TBC1D15;FUS;PPIG;LMO7;BBX;CDK12;TRAPPC10;ZNF277;CDC42SE2;RICTOR;SAR1A;WDR89;ZNF101;B3GNT7;HMGB1;TNKS;BACH2;SSBP1;TM9SF3;FAM20B;CEP57;ZMYM2;USP12;SNRK;SMIM19;RNF138;TMEM220;RGPD5;OXNAD1;PTCD3;GOLGA8A;C11orf58;PIK3IP1;MLH3;SVIP;SBDS;SRSF6;FAM162A;CCND2;LY9;BEX2;BEX4;CDC14B;ATP2B1;PNN;PIK3R1;TTC3;ISCA1;GON4L;STAT4;FAM98B;NAE1;SLC4A7;SRSF11;KLF9;BPGM;PRRC2C;PLA2G12A;ZNF292;ELP2;BCLAF1;EBLN2;FNBP4;ITGB3BP;SCML1;TMEM106B;COX11;KLRB1;KRR1;PSPC1;TAF4B;TPP2;TAF9B;NUFIP1;CDK17;DNAJB14;NDFIP2;CHIC1;HGD;CBLB;TUBB1;DIS3;TOMM20;SFPQ;PTPN4;FAM76B;ARL4C;NAP1L5;HEATR1;GOLGA8B;ZNF26;RALGAPA1;TNIK;SNRPN;RNMT;ECD;SLC25A36;USP16;ZBTB25;PHF20L1;PRKACB;MTF2;RAPGEF6;NUCKS1;TTC32;KIAA1143;TRMT13;ADTRP;SLC38A1;CLK4;GCOM1;NKTR;UFL1;PPP1R2;DDX47;DHX36;DDHD1;SEPSECS;ITPR1;METTL8;RBM25;GPRASP1;SLC16A7;SECISBP2L;SGTB;ENDOD1;NAA25;PRKCQ;ANK3;KCNA3;ZNF136;DCAF16;CAMK4;ANKRD36;DUSP4;RCAN3,"[8, 315, 371, 423, 669, 884, 1057, 1164, 1255, 1356, 1357, 1428, 1495, 1590, 2124, 2820, 2981, 3034, 3040, 3051, 3202, 3378, 3688, 3749, 3991, 4080, 4090, 4114, 4224, 4431, 4534, 4570, 4633, 4688, 4710, 4741, 4818, 4950, 5025, 5066, 5408, 5425, 5556, 5632, 5717, 5726, 5792, 5805, 5928, 5931, 5999, 6014, 6028, 6068, 6093, 6128, 6165, 6213, 6267, 6316, 6502, 6622, 6665, 6698, 6723, 6790, 6797, 6828, 6856, 6979, 7031, 7123, 7146, 7152, 7170, 7187, 7230, 7245, 7246, 7283, 7502, 7503, 7565, 7635, 7643, 7657, 7658, 7742, 7833, 7835, 7888, 7906, 7937, 7966, 8025, 8039, 8047, 8110, 8212, 8251, 8286, 8296, 8303, 8306, 8318, 8365, 8433, 8483, 8565, 8649, 8684, 8724, 8760, 8776, 8810, 8861, 8882, 8921, 8936, 9083, 9098, 9117, 9123, 9237, 9261, 9267, 9281, 9335, 9369, 9463, 9551, 9585, 9606, 9610, 9617, 9649, 9749, 9755, 9798, 9800, 9816, 9871, 9898, 9938, 10005, 10009, 10025, 10060, 10118, 10136, 10186, 10223, 10322, 10401, 10432, 10489, 10559, 10592, 10616, 10638, 10660, 10784, 10807, 10890, 10939, 10979, 10995, 11009, 11059, 11116, 11200, 11229, 11270, 11304, 11325, 11350, 11413, 11432, 11442, 11481, 11526, 11550, 11554, 11680, 11741, 11775, 11786, 11843, 11893, 11896, 11954, 12025, 12039, 12065, 12176, 12178, 12187, 12246, 12311, 12313, 12366, 12392, 12425, 12467, 12484, 12485, 12489, 12510, 12555, 12561, 12588, 12616, 12625, 12645, 12736, 12739, 12790, 12792, 12866, 12887, 12889, 13008, 13026, 13049, 13099, 13107, 13111, 13153, 13157, 13165, 13187, 13208, 13238, 13247, 13251, 13310, 13320, 13348, 13361, 13367, 13391, 13414, 13422, 13432, 13433, 13483, 13502, 13537, 13542, 13557, 13659, 13663, 13698, 13758, 13803, 13812, 13862, 13888, 13898, 14037, 14073, 14129, 14155, 14175, 14236, 14287, 14346, 14366, 14385, 14388, 14398, 14436, 14504, 14616, 14685, 14727, 14737, 14769, 14770, 14797, 14821, 14848, 14886, 14971, 14991, 15001, 15030, 15060, 15084, 15105, 15127, 15161, 15175, 15209, 15220, 15272, 15280, 15285, 15318, 15390, 15402, 15438, 15469, 15539, 15598, 15604, 15619, 15628, 15645, 15797, 15816, 16041, 16164, 16204, 16235, 16250, 16446, 16462, 16486, 16759, 16774, 16876, 17029, 17040, 17078, 17156, 17180, 17264, 17470, 17489]",c7.vax__NAKAYA_PBMC_FLUARIX_FLUVIRIN_AGE_18_50YO_CORRELATED_WITH_HAI_28DY_RESPONSE_AT_3DY_NEGATIVE
c7.vax,ERWIN_COHEN_PBMC_TC_83_AGE_18_45YO_RESPONDERS_PREVIOUSLY_IMMUNIZED_24HR_DEG_CANONICAL_PATHWAY_MEMBERS_UP,prerank,0.4080906055259789,1.2968160043786705,0.14256198347107438,0.1394210006542861,1.0,11_28,11/28,22.25%,IFNA2;IRF7;CXCL11;NOD2;TNF;CCR5;TCN2;OAS1;IL15;CCRL2;CD68,IFNA2;IRF7;CXCL11;NOD2;TNF;CCR5;TCN2;OAS1;IL15;CCRL2;CD68;IFNA21;LYN;IFIH1;XAF1;EPDR1;HSH2D;EIF2AK2;IFNA1;TLR3;OAS3;IFNA8;SAMD9L;OAS2;IFIT2;TNFSF10;NEXN;CD38,"[38, 229, 511, 626, 1526, 2393, 3610, 3619, 3762, 3794, 3896, 4584, 6593, 7032, 7088, 7944, 8716, 9688, 10376, 10466, 10622, 11566, 12091, 12167, 12748, 15232, 16482, 17344]",c7.vax__ERWIN_COHEN_PBMC_TC_83_AGE_18_45YO_RESPONDERS_PREVIOUSLY_IMMUNIZED_24HR_DEG_CANONICAL_PATHWAY_MEMBERS_UP
c7.vax,ANDERSON_BLOOD_CN54GP140_ADJUVANTED_WITH_GLA_AF_AGE_18_45YO_6HR_DN,prerank,0.35610167210407506,1.2952031057109037,0.11812627291242363,0.13963246089683526,1.0,13_53,13/53,11.55%,DDIT4;FKBP5;FCGR3A;TSC22D3;ITPRIPL1;PRR5;CMTM3;DNA2;SLC25A39;IRF3;LYL1;DPF1;TPRA1,DDIT4;FKBP5;FCGR3A;TSC22D3;ITPRIPL1;PRR5;CMTM3;DNA2;SLC25A39;IRF3;LYL1;DPF1;TPRA1;RELL1;SAP30;KCNJ10;HRH1;ZNF580;B4GALT3;PDRG1;UBL4A;UBB;SLC39A13;RGS10;MEGF8;UBXN6;LSP1;GUK1;PMEPA1;R3HDM4;IDH3B;MEGF10;IGHMBP2;PSENEN;ART1;ATP1A3;SPRYD3;RFX5;FRA10AC1;ATP6AP1L;C1QTNF2;MED1;GMPPB;DDX19A;PTK6;PTPN7;GFRA4;SLC35G6;EXOG;SGCA;TBC1D21;GOLGA8M;BDNF,"[17, 215, 954, 1034, 1197, 1434, 1540, 1755, 1777, 1781, 1861, 1981, 2023, 2511, 3104, 3386, 3548, 4211, 4540, 4749, 4985, 5432, 5549, 5578, 5611, 5725, 5942, 6044, 6443, 6474, 7393, 7683, 7829, 8005, 8317, 9477, 9568, 11605, 11643, 12292, 12409, 12998, 13844, 13934, 14042, 14162, 14569, 15574, 15844, 15873, 16224, 16601, 17407]",c7.vax__ANDERSON_BLOOD_CN54GP140_ADJUVANTED_WITH_GLA_AF_AGE_18_45YO_6HR_DN
c7.vax,HOWARD_T_CELL_INACT_MONOV_INFLUENZA_A_INDONESIA_05_2005_H5N1_AGE_18_49YO_1DY_UP,prerank,0.37508543992540905,1.2882782708387273,0.10784313725490197,0.14395209674681617,1.0,10_41,10/41,8.71%,SOCS3;CSF1;BCL3;IRF8;MUC1;IRF1;ICAM1;TYMP;SAMD4A;DTX3L,SOCS3;CSF1;BCL3;IRF8;MUC1;IRF1;ICAM1;TYMP;SAMD4A;DTX3L;PRPF31;RGS1;TNFSF13B;PARP9;OAS1;GBP2;FBXO6;UBE2L6;GBP5;GBP4;GBP1;ACOT7;ETV7;IFI35;XAF1;IFI30;SMTNL1;NFIX;TRAFD1;SAMD9L;CEACAM1;IFIT3;EPSTI1;CMPK2;CETP;APOL6;RSAD2;STAT1;IFI44;IFI44L;CD38,"[158, 185, 332, 613, 723, 753, 847, 1187, 1352, 1525, 2793, 2808, 3052, 3488, 3619, 4039, 4239, 4279, 4474, 5220, 5727, 6047, 6098, 6730, 7088, 7978, 8042, 10348, 11988, 12091, 12728, 14434, 14518, 14841, 15330, 15564, 15853, 16067, 16698, 17246, 17344]",c7.vax__HOWARD_T_CELL_INACT_MONOV_INFLUENZA_A_INDONESIA_05_2005_H5N1_AGE_18_49YO_1DY_UP
c7.vax,GARCIA_PINERES_PBMC_HPV_16_L1_VLP_AGE_18_25YO_12MO_CORRELATED_WITH_ANTIBODY_RESPONSE_NEGATIVE,prerank,0.43356268603801457,1.2830484460191591,0.14730290456431536,0.14708241327925464,1.0,6_20,6/20,9.54%,CFD;PLIN2;SLC43A1;IMPA2;LEF1;RBMS2,CFD;PLIN2;SLC43A1;IMPA2;LEF1;RBMS2;SRRM2;CXCL2;TNS1;MZF1;HPCAL1;HS3ST2;ADD3;SNCA;FUCA1;HS3ST1;CHRNA7;SORL1;SPAG8;KRT5,"[367, 537, 1234, 1295, 1357, 1671, 3575, 3816, 5393, 5419, 6972, 9403, 9769, 10807, 12500, 12827, 13009, 14179, 15481, 17270]",c7.vax__GARCIA_PINERES_PBMC_HPV_16_L1_VLP_AGE_18_25YO_12MO_CORRELATED_WITH_ANTIBODY_RESPONSE_NEGATIVE
c7.vax,HOWARD_DENDRITIC_CELL_INACT_MONOV_INFLUENZA_A_INDONESIA_05_2005_H5N1_AGE_18_49YO_3DY_UP,prerank,0.5287733397105691,1.2819450473667322,0.1875,0.14708580451048917,1.0,5_10,5/10,13.06%,NCF1;MARCO;CCR1;SERPING1;SIGLEC1,NCF1;MARCO;CCR1;SERPING1;SIGLEC1;TCN2;AIM2;LGALS3BP;SDC3;ALDH1A1,"[306, 977, 1907, 2181, 2287, 3610, 4484, 7121, 9841, 17233]",c7.vax__HOWARD_DENDRITIC_CELL_INACT_MONOV_INFLUENZA_A_INDONESIA_05_2005_H5N1_AGE_18_49YO_3DY_UP
c7.vax,HOEK_MYELOID_DENDRITIC_CELL_2011_2012_TIV_ADULT_3DY_DN,prerank,0.46427645904733317,1.2723712427235412,0.16701902748414377,0.15444417130317703,1.0,3_15,3/15,4.52%,MAFF;DPEP3;SLC7A5,MAFF;DPEP3;SLC7A5;NME8;CCDC106;B3GNT9;GAS8;GATC;PKMYT1;TMEM120B;IDI2;CC2D2B;DLG2;CCNE2;EGR1,"[25, 691, 790, 3326, 7025, 7773, 7793, 9901, 11065, 11492, 13591, 14110, 14846, 15863, 17016]",c7.vax__HOEK_MYELOID_DENDRITIC_CELL_2011_2012_TIV_ADULT_3DY_DN
c7.vax,HOEK_PBMC_INACTIVATED_INFLUENZA_ADULT_7DY_UP,prerank,-0.545245583217793,-1.4984166341523257,0.06759443339960239,0.16641860759694094,0.942,5_16,5/16,6.77%,ALAS2;DNAI2;HBA1;C22orf15;UPK2,SULT1A3;SLX1A;NT5DC2;CPXM1;BHLHA15;HSD11B1L;SFRP5;TMEM121;GTF2H2C;STX1B;DEPTOR;UPK2;C22orf15;HBA1;DNAI2;ALAS2,"[1536, 2149, 2616, 3825, 4074, 6608, 7039, 10269, 10938, 11479, 14184, 16333, 16790, 16828, 17329, 17335]",c7.vax__HOEK_PBMC_INACTIVATED_INFLUENZA_ADULT_7DY_UP
c7.vax,NAKAYA_PBMC_FLUMIST_AGE_18_50YO_7DY_DN,prerank,0.24007978813250896,1.246258596290748,0.005703422053231939,0.1752522539369269,1.0,143_773,143/773,18.53%,G0S2;DNAJB1;MMP9;BAG3;IL1R2;CXCR4;PPBP;CXCR1;SOCS3;JMJD6;LRG1;CLEC2B;S100P;ANKRD37;PLAUR;NFIL3;MOB4;BCL3;SERTAD1;ITPKB;ARID5A;ADORA2A;YBX3;TGIF1;C5AR1;STX11;CXCL1;BCL6;IFITM2;SLC3A2;TUBA1C;MGAM;RAB20;CLU;DHRS3;SLC7A5;IFITM1;ICAM1;LPAR2;SIK1;SLC2A3;MAPKAPK2;ID3;SLC2A14;FPR1;TNFRSF10C;MAP2K3;CASZ1;PNPLA2;BCL2A1;SRGN;GYPC;PER1;BTG1;TMEM243;ITPRIP;TLE3;ANXA3;BIRC3;FOSL2;CMTM2;PPP1R3B;KLHL21;TREM1;DDIT3;SPECC1L;MCL1;UBALD2;ZNF395;ZFP36L1;B4GALT1;PPP2R1B;CHPT1;CSRNP1;SOCS1;PHF1;TIFA;PIM3;TGIF2;RBM48;THSD1;LYPD3;MEPCE;TNFAIP6;CYSTM1;MAP3K8;KAT8;AEN;ABCA1;MXD4;CHSY1;NINJ1;FPR2;GPR160;PMAIP1;MAX;PAPOLA;PHLDA1;SIAH2;HERPUD1;ZC3HAV1;PLEKHF2;KDM6B;ORAI2;NFKBID;XKR8;RGS2;GNA13;MED26;PFKFB3;MXD1;THBD;MBOAT7;IL1B;TP53BP2;DDX27;SP100;RAB11FIP1;HIC2;SLC25A30;IRF2BPL;LIMK2;RGS1;RIT1;NFE2L2;GLUL;TPSG1;IFRD1;MXI1;NUFIP2;SYTL3;CCDC174;JUND;CREM;DNAJC3;EIF1AD;KHNYN;AKAP8;PROK2;SS18L2;HAVCR2;OTUD1;FNDC3B,G0S2;DNAJB1;MMP9;BAG3;IL1R2;CXCR4;PPBP;CXCR1;SOCS3;JMJD6;LRG1;CLEC2B;S100P;ANKRD37;PLAUR;NFIL3;MOB4;BCL3;SERTAD1;ITPKB;ARID5A;ADORA2A;YBX3;TGIF1;C5AR1;STX11;CXCL1;BCL6;IFITM2;SLC3A2;TUBA1C;MGAM;RAB20;CLU;DHRS3;SLC7A5;IFITM1;ICAM1;LPAR2;SIK1;SLC2A3;MAPKAPK2;ID3;SLC2A14;FPR1;TNFRSF10C;MAP2K3;CASZ1;PNPLA2;BCL2A1;SRGN;GYPC;PER1;BTG1;TMEM243;ITPRIP;TLE3;ANXA3;BIRC3;FOSL2;CMTM2;PPP1R3B;KLHL21;TREM1;DDIT3;SPECC1L;MCL1;UBALD2;ZNF395;ZFP36L1;B4GALT1;PPP2R1B;CHPT1;CSRNP1;SOCS1;PHF1;TIFA;PIM3;TGIF2;RBM48;THSD1;LYPD3;MEPCE;TNFAIP6;CYSTM1;MAP3K8;KAT8;AEN;ABCA1;MXD4;CHSY1;NINJ1;FPR2;GPR160;PMAIP1;MAX;PAPOLA;PHLDA1;SIAH2;HERPUD1;ZC3HAV1;PLEKHF2;KDM6B;ORAI2;NFKBID;XKR8;RGS2;GNA13;MED26;PFKFB3;MXD1;THBD;MBOAT7;IL1B;TP53BP2;DDX27;SP100;RAB11FIP1;HIC2;SLC25A30;IRF2BPL;LIMK2;RGS1;RIT1;NFE2L2;GLUL;TPSG1;IFRD1;MXI1;NUFIP2;SYTL3;CCDC174;JUND;CREM;DNAJC3;EIF1AD;KHNYN;AKAP8;PROK2;SS18L2;HAVCR2;OTUD1;FNDC3B;TBPL1;CMTM6;STK35;OSM;EGLN1;TNIP1;ELF1;DENND3;UBAP1;UBE2B;SEC14L1;KDM2A;CXCL2;SMNDC1;SMAD4;ZFAND2A;HNRNPH3;HP1BP3;ARHGAP5;CCNK;STK17B;POLR1C;BCL2L11;MTHFD2L;TIPARP;GCC1;SAMSN1;RPS24;MEX3C;CYTIP;MAP2K7;TADA2B;HECA;PLAGL2;IRS2;LRRC8A;ADAM28;VPS37B;HBP1;CNOT8;RIPK2;CREBRF;MED21;PDRG1;GABARAPL3;PPARD;IP6K2;ZNF571;FBXO33;SLC25A28;FAM53C;SMPD4;WHAMM;YOD1;GMEB2;GFOD1;ZCCHC2;AMPD2;DNTTIP2;SNN;NEDD9;SYS1;MFAP1;ABHD5;MAFK;DYNLT1;PPP1R15B;SIAH1;KLHDC2;ZRANB1;GSN;DIDO1;ANKRD9;CCDC28A;FASTKD5;RBM7;NUB1;ZBTB5;BNIP2;EIF1;COX4I1;PELO;IFNGR1;ZBTB1;NFYC;MALSU1;UBXN6;RABIF;FEM1C;RBM33;C3orf38;HIP1R;PRDX6;ABT1;RBM15;CNOT6L;ZNF394;ZFAND6;TRIM13;NR4A2;PKN2;GUK1;RAB43;GPR65;KLHL2;CDKN2D;GADD45A;OSBPL2;AKIP1;WDR45B;ASNSD1;TOPORS;DUSP12;NUAK2;ZNF24;R3HDM4;PELI1;TMEM70;ELL;BCL10;KLHL15;SERPINB1;ETNK1;BACH1;AHCTF1;JMY;CD83;IVNS1ABP;EHD4;RSRC2;TPRG1L;PEX2;TGS1;USP19;ATG2A;KLF3;RPF1;GPR183;AMFR;MED13L;PTPN2;ZBTB33;MNT;KCMF1;SUMO3;MED30;ZBTB21;CCDC50;GRPEL1;BAZ2A;PCIF1;CD55;ARPC5L;WDR48;HINT1;MTMR3;DUSP8;DERL1;SH3GLB1;CDKN1B;KDM5B;CBX4;GTF2B;LARP7;NUP98;ATF7IP2;BUD31;PAX5;UGCG;WTAP;ZNF830;NOL11;ZNF331;MIER1;MTMR14;RBBP6;ZFX;CUL1;CDADC1;SYNCRIP;PKD1;YTHDF2;ZBTB10;PHF11;ZNF92;BNIP1;MGAT4A;RMND5A;C1orf52;EIF1B;MRPL47;KBTBD2;FOXO3;RORA;ZNF622;VPS18;ATAD2;RASSF5;ZFY;USPL1;RELT;PSMD12;SF3A1;RPS6KB1;GET4;RNF4;TRMT10C;VAV2;SREK1IP1;L3MBTL3;HIF1A;DDX20;CHMP1B;ODC1;HSF2;ARHGEF7;JARID2;ZNF844;PF4;RYBP;PDE4D;IRGQ;SLCO3A1;IKZF5;NCOA1;RSL24D1;EIF5;XRN1;C6orf226;SNRNP27;PNPLA8;DUSP11;AKIRIN2;TPM3;KPNA4;ARL8A;MAD2L1BP;ZNF267;CLP1;ZBTB18;BCL7A;TIMM23;PPM1B;ILF3;GSPT1;ZNF586;DUSP2;USP36;SPOPL;MKRN1;RAD23B;NUDT4;HNRNPL;ZNFX1;USP42;ZNF689;PAIP1;PIM2;TMEM167B;TSPYL1;CNEP1R1;NDEL1;MTMR10;SVIL;BTG3;TFG;PCGF5;ARID4A;MAP3K2;RNF6;NAMPT;TM2D2;ATP11B;COIL;PPTC7;GNE;TMEM183A;YPEL5;RCL1;RAB8B;RAB21;ACSL1;SOD2;RANBP6;STRAP;ELAVL3;RNF139;BTG2;MCPH1;ETF1;USP30;TWF1;ADIPOR1;CCL28;RBM18;ZNF326;C18orf21;SP3;GTF2IRD2;LCOR;SLC25A33;UBE2J1;MIER3;FBXO28;MAP1LC3B;SUN1;RAB1A;ZBTB43;THUMPD1;EAPP;METAP2;HBQ1;DYNLL2;NGRN;TRAPPC4;ZXDB;NUDT15;VCPIP1;SPARC;FAM169A;ZNF639;HSPA9;GIGYF2;MED6;ZNF644;ZNF766;FEM1B;PNO1;HNRNPA0;GZF1;RASGEF1B;CHD2;TSPYL4;TIMM17A;DNAJB9;KANSL2;CDK16;CCDC71L;NR1D2;YTHDF3;SFXN1;KIF1B;MYLIP;TERF2IP;RLIM;NRBF2;EML4;WDR20;PTPRK;BASP1;ELF2;GOLGA4;TRIB1;GGNBP2;NGDN;TFRC;MED28;ZZEF1;ZNHIT3;PPP2R2A;THBS1;COQ10B;TFAM;SNCA;ELL2;QKI;BAG5;SLC17A7;KLF7;ABHD13;PDCD4;MMADHC;PRDM4;ALG13;YTHDC1;SIPA1L2;MATR3;RC3H2;SLC19A2;MRPS22;FYTTD1;SNIP1;VAPA;DPM1;POLR2M;MEF2D;NAA50;CPEB4;NIPA2;RNF103;ATXN1L;SPTY2D1;RIOK3;ATXN7;B3GNT5;ABHD17B;TSFM;LONRF1;AP1G1;CCNG2;SLU7;MED23;RAP2C;TRAF6;LEPROTL1;RAPGEF2;CCDC59;MAPK1IP1L;PDE12;MOAP1;DBF4;SEC31A;PRDM2;EID3;SKP1;GNL1;FAM8A1;ZEB1;PPM1A;KBTBD4;TOX4;HAUS3;RBM8A;ACTR3;GOSR1;COPS2;LMTK2;GMFB;FBXO21;SDE2;IFIT5;HNRNPH2;PTPMT1;AMD1;RNF11;GPR18;GAB2;AQP9;ZNF14;PLCL1;ZNF350;PPIF;BEX5;BBX;TMF1;PTGER4;RRAGD;SLC25A37;NSF;GTPBP4;ARIH2;SAR1A;B3GNT7;ZNF655;B3GNT2;PTPRE;KAT7;RPAIN;PDZD8;LAMTOR3;SERTAD2;PDCL;RAB11FIP4;NECAP1;ZMYM2;USP15;DDX21;USP12;SNRK;AP3M2;ETV3;RAB18;NDUFAF5;RNF138;SAMD8;GABARAPL1;HBEGF;ENC1;SEMA4D;KRAS;BZW1;FNIP1;DDX50;C11orf58;TM2D3;MPC2;TMEM68;SBDS;ERN1;UBE2G1;LY9;RBMXL1;BEX2;ING3;WBP11;BEX4;UQCRC2;PRC1;RAB2A;PIK3R1;NDST1;ATP1B1;ISCA1;RPRD1B;INSIG1;C1D;TCP11L2;TRIM23;ZNF552;DCTN6;KBTBD8;COG5;SMURF1;HMGXB4;PTGS2;PRRC2C;NUP153;MAPK8;CDC42;BCLAF1;MTPAP;SUB1;BCAS2;ASCC3;AP5M1;CAMK2D;TMCC3;CTBS;NRIP1;GPATCH2L;DYRK2;FBXL12;SCAF11;CCNT2;DUSP10;EIF1AX;KRR1;CPEB2;PDE4B;RRM2B;AZIN1;HSPA13;PIGB;EAF1;NET1;CDK17;ZNF134;DUSP5;NRAS;MTMR6;G3BP2;PAIP2;DTX4;ZNF529;ITCH;DIS3;HSPA14;IDS;ZNF18;SIK3;GK;SNRPA1;ADO;LITAF;VTI1A;POLR3F;ADAM22;ZFAND4;TMEM38B;REL;RNMT;TIMM10B;MAPK6;SLC25A36;BNIP3L;IDI1;DOCK4;HBG2;CHMP2B;MMD;EXOC8;JMJD1C;ARPP19;CACUL1;PRKAR1A;KIAA1143;CHD7;U2SURP;TRIM58;GCOM1;PPP1R2;CFL2;DDX47;ANKRD13C;GOLT1B;RALGPS2;NR4A3;DDX6;RLF;AZI2;ZNF10;SERINC5;CDC40;UTP23;FBXO7;PTP4A1;IST1;ZNF281;SERPINB2;KLHL28;PHACTR1;SGTB;LRRC8B;HMGCS1;ZNF548;EGR3;ANKHD1;GPD1;TUBA1A;HBA1;SLC12A6;PHC3;HBM;BRAF;DCAF16;HBA2;ATP2A3;MME;HBB;EGR2,"[1, 8, 9, 15, 33, 50, 65, 142, 158, 176, 197, 221, 233, 270, 295, 310, 329, 332, 411, 423, 449, 456, 466, 475, 497, 548, 594, 611, 633, 634, 639, 683, 698, 751, 776, 790, 842, 847, 903, 932, 935, 941, 956, 983, 1004, 1007, 1025, 1099, 1111, 1133, 1146, 1209, 1212, 1239, 1255, 1258, 1298, 1349, 1351, 1355, 1365, 1381, 1413, 1425, 1519, 1552, 1560, 1561, 1590, 1595, 1628, 1640, 1662, 1721, 1768, 1808, 1873, 1911, 1912, 1927, 1954, 1958, 1982, 1998, 2001, 2038, 2063, 2066, 2070, 2086, 2093, 2130, 2137, 2201, 2205, 2237, 2239, 2253, 2266, 2276, 2284, 2291, 2299, 2304, 2345, 2359, 2412, 2456, 2493, 2535, 2544, 2546, 2576, 2654, 2692, 2694, 2704, 2711, 2713, 2721, 2737, 2754, 2808, 2824, 2861, 2868, 2907, 2935, 2951, 2967, 2971, 2983, 3051, 3086, 3122, 3188, 3199, 3223, 3224, 3227, 3229, 3243, 3245, 3284, 3390, 3409, 3455, 3467, 3521, 3605, 3616, 3627, 3667, 3716, 3786, 3816, 3849, 3853, 3859, 3927, 3941, 3943, 3968, 3996, 4063, 4089, 4102, 4114, 4139, 4147, 4212, 4224, 4243, 4266, 4276, 4282, 4283, 4288, 4397, 4449, 4510, 4570, 4591, 4669, 4710, 4741, 4749, 4793, 4819, 4841, 4870, 4886, 4944, 4954, 4959, 4964, 4970, 4979, 4991, 5005, 5024, 5025, 5051, 5082, 5137, 5138, 5145, 5153, 5193, 5206, 5242, 5290, 5358, 5373, 5380, 5442, 5479, 5507, 5521, 5559, 5567, 5569, 5574, 5598, 5619, 5652, 5658, 5668, 5714, 5725, 5733, 5738, 5741, 5755, 5776, 5787, 5849, 5873, 5931, 5934, 6010, 6014, 6025, 6035, 6044, 6055, 6067, 6069, 6129, 6156, 6211, 6283, 6286, 6345, 6360, 6385, 6412, 6424, 6474, 6476, 6495, 6538, 6561, 6565, 6571, 6588, 6606, 6622, 6665, 6688, 6723, 6731, 6797, 6798, 6802, 6846, 6864, 6953, 6986, 7013, 7031, 7057, 7128, 7146, 7164, 7175, 7208, 7222, 7230, 7231, 7283, 7290, 7308, 7321, 7327, 7365, 7377, 7390, 7432, 7451, 7456, 7457, 7474, 7475, 7481, 7483, 7488, 7489, 7503, 7587, 7588, 7602, 7635, 7644, 7657, 7658, 7675, 7678, 7691, 7729, 7730, 7736, 7742, 7752, 7772, 7778, 7827, 7835, 7847, 7888, 7891, 7894, 7909, 7913, 7923, 7929, 7937, 7969, 7973, 8009, 8014, 8029, 8039, 8078, 8088, 8102, 8108, 8114, 8120, 8151, 8155, 8177, 8183, 8186, 8213, 8227, 8236, 8251, 8272, 8284, 8289, 8298, 8312, 8318, 8336, 8343, 8344, 8350, 8365, 8369, 8372, 8411, 8473, 8480, 8483, 8488, 8503, 8509, 8511, 8552, 8553, 8556, 8576, 8588, 8598, 8604, 8609, 8612, 8666, 8683, 8684, 8698, 8699, 8765, 8767, 8826, 8830, 8864, 8870, 8876, 8896, 8908, 8936, 8971, 8973, 8977, 9017, 9036, 9060, 9072, 9076, 9113, 9125, 9148, 9184, 9203, 9208, 9214, 9237, 9240, 9260, 9337, 9347, 9359, 9364, 9365, 9372, 9375, 9385, 9408, 9417, 9431, 9442, 9449, 9463, 9480, 9509, 9526, 9555, 9599, 9600, 9601, 9617, 9653, 9655, 9669, 9670, 9680, 9694, 9713, 9719, 9747, 9798, 9800, 9808, 9828, 9833, 9842, 9847, 9861, 9872, 9882, 9938, 9996, 10002, 10020, 10034, 10053, 10062, 10090, 10095, 10108, 10151, 10164, 10186, 10205, 10216, 10291, 10306, 10316, 10320, 10401, 10413, 10432, 10437, 10462, 10507, 10541, 10544, 10559, 10570, 10583, 10595, 10599, 10631, 10636, 10638, 10660, 10683, 10710, 10719, 10729, 10733, 10764, 10780, 10804, 10807, 10814, 10821, 10829, 10840, 10862, 10874, 10899, 10910, 10926, 10928, 10939, 10975, 10979, 10995, 11000, 11002, 11026, 11034, 11042, 11050, 11059, 11119, 11132, 11136, 11150, 11183, 11203, 11229, 11232, 11270, 11282, 11297, 11358, 11380, 11383, 11389, 11407, 11413, 11419, 11426, 11458, 11499, 11500, 11516, 11517, 11520, 11526, 11534, 11572, 11665, 11677, 11684, 11709, 11741, 11786, 11842, 11878, 11919, 11920, 11939, 11951, 11953, 11974, 11994, 12011, 12013, 12020, 12060, 12062, 12065, 12073, 12092, 12098, 12114, 12190, 12192, 12268, 12272, 12276, 12311, 12328, 12343, 12348, 12360, 12371, 12383, 12465, 12484, 12510, 12520, 12538, 12557, 12560, 12571, 12576, 12591, 12592, 12631, 12670, 12673, 12739, 12743, 12765, 12790, 12792, 12823, 12830, 12855, 12876, 12887, 12901, 12915, 12920, 12941, 12957, 12990, 13029, 13039, 13073, 13107, 13124, 13125, 13144, 13165, 13205, 13212, 13247, 13248, 13251, 13294, 13306, 13310, 13322, 13325, 13360, 13367, 13411, 13412, 13414, 13415, 13508, 13532, 13533, 13540, 13555, 13556, 13589, 13596, 13647, 13655, 13656, 13659, 13715, 13764, 13775, 13803, 13806, 13814, 13841, 13846, 13881, 13921, 13927, 13940, 14013, 14030, 14072, 14076, 14085, 14091, 14136, 14150, 14155, 14167, 14187, 14193, 14203, 14216, 14266, 14317, 14325, 14385, 14397, 14554, 14556, 14646, 14672, 14680, 14686, 14688, 14704, 14727, 14809, 14810, 14828, 14868, 14896, 14904, 14931, 14933, 14934, 14993, 15022, 15033, 15042, 15061, 15084, 15087, 15109, 15127, 15148, 15180, 15185, 15218, 15219, 15224, 15235, 15238, 15315, 15349, 15373, 15390, 15400, 15551, 15594, 15598, 15628, 15644, 15645, 15675, 15682, 15684, 15706, 15742, 15842, 15934, 15945, 15971, 16018, 16061, 16187, 16215, 16242, 16304, 16394, 16411, 16421, 16486, 16554, 16564, 16646, 16690, 16705, 16711, 16804, 16828, 16939, 16985, 17038, 17096, 17156, 17205, 17215, 17362, 17414, 17423]",c7.vax__NAKAYA_PBMC_FLUMIST_AGE_18_50YO_7DY_DN
c7.vax,HARALAMBIEVA_PBMC_FLUARIX_AGE_50_74YO_CORR_WITH_28D_MEM_B_CELL_RESPONSE_AT_3DY_POSITIVE,prerank,0.2599925903988324,1.2469544877534846,0.033203125,0.17576376640385122,1.0,63_336,63/336,15.69%,G0S2;SOCS3;ADM;GEM;TNFRSF12A;ZC3H12A;NFIL3;BCL3;NFKBIA;CEBPB;BCL6;GPR84;PXDC1;CDKN1A;IL6;BPI;SLC7A5;CIITA;FOSL1;ICAM1;TNFRSF10B;VEGFA;SIK1;SLC2A3;NBPF10;KCNQ1;FOXO4;RREB1;PNPLA2;PER1;ITPRIP;TNFAIP3;FOSL2;ASTL;KLF4;NFKBIZ;ZNF511;HSF1;CHPT1;SOCS1;ZFP36;KLF5;PIM3;TNFAIP6;SNAI1;KIAA1958;GNA12;IER2;PLEKHM2;BCL2L2-PABPN1;IER3;PPP1R15A;SULT1B1;NFKBID;CCDC69;MED26;C11orf96;PFKFB3;IL1B;HIC2;SLC25A30;PPP4R2;STX10,G0S2;SOCS3;ADM;GEM;TNFRSF12A;ZC3H12A;NFIL3;BCL3;NFKBIA;CEBPB;BCL6;GPR84;PXDC1;CDKN1A;IL6;BPI;SLC7A5;CIITA;FOSL1;ICAM1;TNFRSF10B;VEGFA;SIK1;SLC2A3;NBPF10;KCNQ1;FOXO4;RREB1;PNPLA2;PER1;ITPRIP;TNFAIP3;FOSL2;ASTL;KLF4;NFKBIZ;ZNF511;HSF1;CHPT1;SOCS1;ZFP36;KLF5;PIM3;TNFAIP6;SNAI1;KIAA1958;GNA12;IER2;PLEKHM2;BCL2L2-PABPN1;IER3;PPP1R15A;SULT1B1;NFKBID;CCDC69;MED26;C11orf96;PFKFB3;IL1B;HIC2;SLC25A30;PPP4R2;STX10;ZNF124;FAM117B;SOCS4;ANO8;IRAK1;FNDC3B;EME2;EMC6;ELF1;PIP5K1C;SLC25A34;FCHSD2;CIC;CCNK;STK17B;MAP3K3;SIPA1L3;NPEPL1;GRIK5;MEX3B;NBPF9;BHLHE40;IRS2;SIRT1;ID2;MAPK7;UAP1L1;HBP1;RAF1;ATP11C;RIPK2;MED21;CWC25;SMARCB1;BOP1;KHSRP;ZNF614;MOB1A;FAM53C;SMPD4;ZCCHC2;MIDN;STRN4;PPP1R15B;EPS15L1;MUL1;NUDT3;BNIP2;FEM1C;CCDC6;NFIC;PCDHGC3;INO80B;FOXN3;NUBP1;CYC1;SYNE3;GNA11;MTM1;KSR1;PELI1;ISG20L2;MAPRE1;MLX;KLHL15;CCDC86;ZNF324;ZNF551;GALNS;ARF1;MED13L;ARL5B;LRRK1;CERS6;ZBTB21;GRPEL1;KREMEN1;PELI2;TSNARE1;RAB30;PSMB7;UGCG;TBC1D9B;IKBKG;ZBTB10;TAF13;VTI1B;ETS2;GINM1;C2orf49;HIF1A;JARID2;ZNF844;SNTB1;IKZF5;SKIL;DDX3X;PNPLA8;ARL8A;ZFR;ACO2;CDK8;FAF2;ZNF689;SEC24B;GUCD1;TMEM167B;GMEB1;ZFAT;ATP6V0C;LRRC59;COIL;PPTC7;TMEM183A;SFT2D2;LGALS8;ZNF487;ZFP91;POM121;ACSL1;RAB33B;KAT5;RAB5C;AHR;TWF1;XXYLT1;GNAQ;MROH1;IRF4;LCOR;MIER3;EIF2AK2;ZBTB43;NIPAL2;TSC22D2;SLC38A7;USP38;ASAP1;DCUN1D1;SENP2;PNO1;RASGEF1B;TMEM38A;SNX12;YTHDF3;AP3B1;MYLIP;EXT1;CBX6;TGFBRAP1;HINT3;MLXIP;ARL15;YPEL2;KLF7;DHX8;GPM6B;MRPS22;SNIP1;TOR1AIP1;POLR2M;NAB1;SPTY2D1;AP5B1;DNAJC11;ZNF184;KPNA3;PHLDA2;DYM;KDM6A;PPP2R5E;METTL14;ANAPC15;ZNF304;EIF3A;TMEM199;PPP4R1L;USP3;GTF3C4;LMTK2;TBC1D14;GMFB;ZBED4;LRRC4;C2orf69;SNX29;OLR1;KPNA2;MICAL2;ICOSLG;EIF4H;KCNC3;SRRD;CXXC5;USP6NL;TNFRSF13C;RPL7L1;PDZD8;SERTAD2;TESK2;TNFRSF21;DDX21;GRAMD1B;TMED7;ETV3;HBEGF;GGN;KCTD3;DCTN4;EIF3C;SLK;SMURF1;ATP2A2;STARD4;INCENP;MAPK8;APP;SCML1;ZNF791;RGS7;NRIP1;IL1RAP;SAPCD2;DUSP10;KRR1;SERINC1;HSPA13;MEMO1;EAF1;PRKCE;DIP2B;SHANK1;ARSG;PPM1L;ADAM17;MAP1LC3B2;TXNDC5;RSRC1;GANC;CDK14;ZNF496;VTI1A;IL1A;ZDHHC20;RAB11FIP2;REL;SNX13;MAPK6;FEM1A;JMJD1C;ZNF93;ZFP92;OPN3;PANK3;PJA2;NR4A3;KLF10;UVRAG;CDC40;VRK2;CSGALNACT2;CHRM4;PTP4A1;ZNF281;GLUD2;PXK;MAP2;UVSSA;C17orf107;TRAM1L1;EGR1;SLC9A7;PLEKHM3,"[1, 158, 159, 249, 251, 273, 310, 332, 438, 464, 611, 614, 641, 715, 719, 720, 790, 815, 828, 847, 900, 930, 932, 935, 971, 1019, 1086, 1095, 1111, 1212, 1258, 1329, 1355, 1370, 1437, 1641, 1653, 1655, 1662, 1768, 1852, 1906, 1911, 1998, 2016, 2033, 2039, 2071, 2133, 2247, 2252, 2264, 2341, 2345, 2371, 2493, 2507, 2535, 2654, 2713, 2721, 2727, 2748, 2858, 2965, 3212, 3226, 3238, 3245, 3451, 3462, 3605, 3646, 3662, 3760, 3870, 3968, 3996, 4003, 4160, 4170, 4191, 4194, 4222, 4265, 4288, 4365, 4384, 4392, 4485, 4570, 4575, 4612, 4669, 4741, 4752, 4769, 4813, 4842, 4880, 4929, 4954, 4959, 5005, 5018, 5055, 5206, 5422, 5427, 5467, 5569, 5738, 5771, 5820, 5909, 5924, 5960, 6229, 6317, 6325, 6346, 6389, 6402, 6476, 6533, 6545, 6547, 6565, 6623, 6755, 6859, 6868, 6886, 7128, 7150, 7177, 7202, 7231, 7290, 7294, 7414, 7436, 7502, 7585, 7602, 7637, 7641, 7778, 7831, 7837, 7952, 8037, 8091, 8186, 8284, 8289, 8297, 8344, 8404, 8466, 8480, 8511, 8649, 8708, 8751, 8818, 8870, 8871, 8901, 8908, 8942, 8947, 9190, 9198, 9208, 9214, 9240, 9300, 9316, 9322, 9341, 9350, 9364, 9381, 9382, 9421, 9440, 9463, 9483, 9500, 9525, 9586, 9617, 9669, 9688, 9719, 9794, 9837, 9838, 9905, 9940, 9998, 10093, 10095, 10164, 10184, 10211, 10413, 10436, 10462, 10491, 10537, 10582, 10619, 10621, 10827, 10844, 10862, 10934, 10948, 11002, 11034, 11052, 11059, 11114, 11229, 11244, 11253, 11298, 11304, 11321, 11430, 11442, 11555, 11609, 11746, 11757, 11772, 11800, 11870, 11924, 11965, 11974, 11983, 11994, 12004, 12017, 12040, 12094, 12129, 12142, 12260, 12315, 12319, 12336, 12399, 12457, 12459, 12512, 12516, 12576, 12592, 12607, 12698, 12765, 12819, 12829, 12830, 12920, 12987, 13136, 13176, 13535, 13594, 13647, 13652, 13654, 13749, 13764, 13823, 13898, 13966, 13988, 14013, 14062, 14098, 14136, 14155, 14156, 14216, 14299, 14317, 14322, 14374, 14409, 14490, 14520, 14545, 14566, 14592, 14701, 14767, 14850, 14912, 14934, 14936, 14987, 15039, 15061, 15086, 15109, 15226, 15238, 15275, 15407, 15434, 15637, 15660, 15706, 15725, 15999, 16018, 16074, 16083, 16207, 16215, 16304, 16405, 16413, 16417, 16437, 16688, 16993, 17016, 17474, 17501]",c7.vax__HARALAMBIEVA_PBMC_FLUARIX_AGE_50_74YO_CORR_WITH_28D_MEM_B_CELL_RESPONSE_AT_3DY_POSITIVE
c7.vax,KAZMIN_PBMC_P_FALCIPARUM_RTSS_AS01_AGE_UNKNOWN_CORRELATED_WITH_PROTECTION_56DY_NEGATIVE,prerank,0.37083944242448147,1.2423925639315085,0.15734989648033126,0.17686182109046517,1.0,14_36,14/36,17.11%,CST7;GZMM;PTGDR;KLRD1;TGFBR3;CD7;SH2D2A;TBX21;IL18RAP;ZAP70;KLRK1;CLIC3;CD247;PRF1,CST7;GZMM;PTGDR;KLRD1;TGFBR3;CD7;SH2D2A;TBX21;IL18RAP;ZAP70;KLRK1;CLIC3;CD247;PRF1;GIMAP7;CCL5;CD244;RORA;GNLY;HOPX;GZMB;KLRF1;GZMH;MYBL1;CD96;SAMD3;STAT4;S1PR5;KLRB1;ARL4C;NKG7;PVRIG;IL2RB;PRKCQ;KLRC1;GZMA,"[291, 341, 740, 759, 870, 912, 1083, 1377, 1930, 1939, 2178, 2460, 2961, 2997, 5480, 5546, 7682, 7937, 8051, 8803, 9864, 11397, 12153, 12528, 12596, 13401, 13432, 13904, 14129, 14821, 15287, 15944, 16545, 16876, 17149, 17331]",c7.vax__KAZMIN_PBMC_P_FALCIPARUM_RTSS_AS01_AGE_UNKNOWN_CORRELATED_WITH_PROTECTION_56DY_NEGATIVE
c7.vax,NAKAYA_PBMC_FLUARIX_FLUVIRIN_AGE_18_50YO_7DY_DN,prerank,0.2676926409742972,1.2430785666134387,0.04801670146137787,0.17749948140046493,1.0,52_262,52/262,17.62%,MAFF;SOCS3;JMJD6;CLEC2B;PLAUR;NFIL3;CHORDC1;METRNL;SERTAD1;TGIF1;C5AR1;BCL6;RAB20;CDKN1A;GADD45B;C15orf39;ICAM1;VEGFA;SIK1;BCL2A1;LATS2;FOS;ITPRIP;FOSL2;ZNF703;RBM38;KLF4;CXCL16;MCL1;CSRNP1;SOCS1;IRF2BP2;ZFP36;ARL4A;SAT1;MAP3K8;PMAIP1;SERTAD3;PPP1R15A;ZC3HAV1;RGS2;PFKFB3;IL1B;SP100;SLC25A30;PWWP2B;RGS1;NFE2L2;DUSP1;FAM117B;JUND;CREM,MAFF;SOCS3;JMJD6;CLEC2B;PLAUR;NFIL3;CHORDC1;METRNL;SERTAD1;TGIF1;C5AR1;BCL6;RAB20;CDKN1A;GADD45B;C15orf39;ICAM1;VEGFA;SIK1;BCL2A1;LATS2;FOS;ITPRIP;FOSL2;ZNF703;RBM38;KLF4;CXCL16;MCL1;CSRNP1;SOCS1;IRF2BP2;ZFP36;ARL4A;SAT1;MAP3K8;PMAIP1;SERTAD3;PPP1R15A;ZC3HAV1;RGS2;PFKFB3;IL1B;SP100;SLC25A30;PWWP2B;RGS1;NFE2L2;DUSP1;FAM117B;JUND;CREM;HAVCR2;OTUD1;OSM;YES1;ELF1;CXCL2;SMAD4;HLA-F;GCC1;SAMSN1;CALCOCO2;RPS24;MEX3C;ATF3;FGFR1;COX17;RIPK2;CREBRF;MED21;GABARAPL3;CRY1;FAM53C;ZCCHC2;PPM1D;ZNF282;MAFK;HERC4;PPP1R15B;C9orf78;MUL1;RBM7;NUB1;IFNGR1;ZBTB1;FEM1C;RBM33;JUNB;RBM15;NR4A2;MSL2;MAFB;BCL10;KLHL15;ETNK1;LYN;CD83;IVNS1ABP;LRRFIP1;EPS8;ZBTB33;MNT;MED30;ZBTB21;CD55;WDR48;CCL3;ELK4;WTAP;RBBP6;FTH1;CDADC1;ZBTB10;ZNF92;FOSB;KBTBD2;RELT;C2orf49;L3MBTL3;CHMP1B;JARID2;FBXL3;PDE4D;NFKBIE;EIF5;TPM3;MAD2L1BP;ZNF267;RHOB;SPOPL;USP42;TSPYL1;RNF19A;PCGF5;NAMPT;YPEL5;RAB8B;RNF139;BTG2;ETF1;USP30;NCAM1;RBM18;HNRNPC;ZNF326;SP3;LCOR;ZBTB43;SRSF3;DYNLL2;NGRN;TSC22D2;NUDT15;HEG1;WASL;ZNF644;GZF1;RASGEF1B;NLRP3;DNAJB9;YTHDF3;CHD1;RLIM;BCOR;TRIB1;PPP2R2A;THBS1;QKI;BAG5;ABHD13;XPR1;ZNF506;SNIP1;MEF2D;MCM9;RAB12;FKBP15;SPTY2D1;ATXN7;B3GNT5;LONRF1;RAP2C;TRAF6;ZFC3H1;CCDC59;MAPK1IP1L;CD6;ESCO1;PPM1A;CYLD;GPR18;ZFAND5;ZNF350;PTGER4;NSF;SRGAP2;ARIH2;RICTOR;ARMC8;PTPRE;KAT7;PDZD8;SERTAD2;RAB11FIP4;TNFRSF21;DDX21;ETV3;RAB18;NR4A1;RNF138;SAMD8;GABARAPL1;HBEGF;ENC1;KLF11;PDP1;C11orf58;EPG5;UQCRC2;ATP1B1;CTNNB1;INSIG1;KBTBD8;PTGS2;SLC16A6;ZXDA;ASCC3;GPATCH2L;SCAF11;CPEB2;STK39;CDK17;DUSP5;ASH1L;UTRN;MTMR6;ENPP4;HSPA14;ARL4C;PGGT1B;ADO;SNX13;DICER1;PTX3;IDI1;CHMP2B;EXOC8;JMJD1C;CACUL1;PRKAR1A;CLK4;CFL2;NR4A3;C9orf72;KCNS2;PTP4A1;ZNF281;PHACTR1;EGR3;EGR1;EGR2,"[25, 158, 176, 221, 295, 310, 315, 409, 411, 475, 497, 611, 698, 715, 762, 805, 847, 930, 932, 1133, 1138, 1219, 1258, 1355, 1397, 1428, 1437, 1455, 1560, 1721, 1768, 1836, 1852, 1948, 2029, 2038, 2205, 2262, 2264, 2284, 2412, 2535, 2654, 2704, 2721, 2786, 2808, 2861, 2914, 2965, 3051, 3086, 3229, 3243, 3455, 3581, 3605, 3816, 3853, 3913, 4139, 4147, 4193, 4212, 4224, 4249, 4268, 4311, 4669, 4710, 4741, 4793, 4903, 4954, 5005, 5105, 5127, 5153, 5203, 5206, 5311, 5427, 5521, 5559, 5652, 5658, 5738, 5741, 5749, 5873, 6025, 6045, 6096, 6561, 6565, 6588, 6593, 6688, 6723, 7051, 7060, 7164, 7175, 7230, 7231, 7327, 7377, 7409, 7510, 7635, 7691, 7728, 7736, 7778, 7835, 7914, 7923, 8078, 8091, 8183, 8227, 8284, 8296, 8318, 8362, 8369, 8503, 8552, 8553, 8680, 8698, 8864, 8936, 9023, 9072, 9148, 9260, 9347, 9408, 9417, 9442, 9449, 9462, 9526, 9545, 9555, 9600, 9617, 9719, 9816, 9828, 9833, 9837, 9861, 9865, 9881, 10053, 10151, 10164, 10212, 10291, 10413, 10489, 10541, 10610, 10636, 10733, 10764, 10821, 10829, 10874, 10907, 10977, 11034, 11119, 11140, 11197, 11210, 11229, 11270, 11282, 11380, 11419, 11426, 11488, 11500, 11516, 11543, 11680, 11786, 12046, 12092, 12247, 12268, 12343, 12371, 12426, 12465, 12467, 12526, 12557, 12560, 12576, 12592, 12670, 12698, 12765, 12830, 12855, 12865, 12887, 12901, 12915, 12920, 12941, 13024, 13041, 13107, 13128, 13322, 13412, 13480, 13508, 13589, 13656, 13658, 13822, 13846, 14030, 14085, 14167, 14241, 14385, 14554, 14563, 14591, 14646, 14714, 14809, 14821, 14823, 14931, 15086, 15122, 15139, 15180, 15219, 15235, 15238, 15349, 15373, 15539, 15644, 15706, 15926, 16077, 16215, 16304, 16421, 16690, 17016, 17423]",c7.vax__NAKAYA_PBMC_FLUARIX_FLUVIRIN_AGE_18_50YO_7DY_DN
c7.vax,SCHERER_PBMC_APSV_WETVAX_AGE_18_32YO_5_TO_7DY_DN,prerank,0.2775998898640295,1.2268362614933357,0.08812260536398467,0.1916393886160025,1.0,47_173,47/173,19.88%,LAT;LCK;GZMM;IL18;IGLL1;ITPKB;SPIB;RNASE6;DHRS3;FCGBP;RHOH;CD2;GATA3;IL7R;ALOX5AP;HYAL2;IL18R1;ZNF692;NR1D1;RPS21;COL21A1;AXIN1;TCF3;IL18RAP;ZAP70;F11R;TSPAN4;GRAP;LLGL2;MAX;CD79B;DEXI;RASGRP2;RPS16;P2RX5;TTK;CCDC107;HSPA4;RPL13;PASK;FOXO1;RPS10;RPL9;SH2D1A;RPS28;RPL13A;TRAF3IP3,LAT;LCK;GZMM;IL18;IGLL1;ITPKB;SPIB;RNASE6;DHRS3;FCGBP;RHOH;CD2;GATA3;IL7R;ALOX5AP;HYAL2;IL18R1;ZNF692;NR1D1;RPS21;COL21A1;AXIN1;TCF3;IL18RAP;ZAP70;F11R;TSPAN4;GRAP;LLGL2;MAX;CD79B;DEXI;RASGRP2;RPS16;P2RX5;TTK;CCDC107;HSPA4;RPL13;PASK;FOXO1;RPS10;RPL9;SH2D1A;RPS28;RPL13A;TRAF3IP3;KCNN4;TMC6;FGFBP2;RPS29;RPL14;RPL35;IL11RA;RPS3A;TCF7;B4GALT3;AKR1B1;C12orf57;RPL23A;CDC25B;RPS18;ITGAE;UBB;SOX10;CCL5;RPS4Y1;ECI2;RPS27;PELP1;PRKCH;ITM2A;VARS2;RPS15A;DGUOK;LTB;SERPINF1;BIN1;RPL37;NAP1L4;TAF7;FBLN5;PHYHIP;ICAM3;ATP2B4;MRPS21;RPL10A;WDR54;ZNF526;HINT1;EI24;ABCC5;SAE1;A2M;LDHB;ADH5;INPP4B;ESYT1;KAT6A;KLRC3;RPL12;PUF60;KLRC2;SPOCK2;HADH;RGS14;CBX7;TNPO1;XIAP;RPA2;NCAM1;SMPD1;CD8A;CD3G;GZMB;CRIP1;SPTBN1;ADSL;TOM1L1;MDC1;PEBP1;IL24;HUNK;NELL2;KIF22;EEF1B2;DBF4;SKAP1;CD19;PHF20;TTC9;ABLIM1;EIF2S1;GZMH;TPD52;CYFIP2;FLNB;CCR7;LIMCH1;TMEM8B;TTC3;NSG1;RAB33A;PPP6C;ZNF211;SRPK2;KLRB1;SORL1;DLX4;CBLB;ARL4C;ZNF496;CLIC4;SNRPN;ZNF266;MS4A1;PDE3B;SLC38A1;XYLB;MDN1;TXK;PCED1B;DCAF8;CD8B;DGKD;POC1B;CHML;PRKCQ;ALDH3A1;IL16;EXPH5;GZMA;TACR1,"[152, 292, 341, 366, 373, 423, 547, 662, 776, 854, 884, 933, 951, 1012, 1045, 1134, 1289, 1363, 1512, 1679, 1778, 1850, 1891, 1930, 1939, 1997, 2036, 2153, 2212, 2237, 2306, 2547, 2619, 2683, 2809, 2815, 2825, 2885, 2917, 2981, 3040, 3058, 3204, 3378, 3464, 3478, 3481, 3671, 3929, 4005, 4056, 4093, 4163, 4359, 4491, 4529, 4540, 4628, 4688, 4751, 4784, 4800, 5251, 5432, 5491, 5546, 5557, 5713, 5753, 5768, 5804, 5805, 5886, 5993, 5995, 6057, 6107, 6167, 6213, 6266, 6323, 6410, 6439, 6783, 6804, 7064, 7111, 7188, 7373, 7390, 7429, 7667, 7680, 7759, 7900, 7946, 7949, 8000, 8244, 8331, 8419, 8435, 8441, 8491, 8617, 8633, 8721, 8810, 9351, 9373, 9462, 9487, 9566, 9585, 9864, 10362, 10461, 10483, 10589, 10625, 10690, 10727, 11174, 11189, 11322, 11512, 11526, 11532, 11727, 11863, 11914, 11926, 11948, 12153, 12197, 12306, 12351, 12666, 12685, 13203, 13391, 13563, 13565, 13673, 13738, 14004, 14129, 14179, 14267, 14616, 14821, 14912, 14951, 15060, 15090, 15249, 15352, 15469, 15568, 15736, 15781, 15799, 16140, 16145, 16220, 16457, 16732, 16876, 17019, 17050, 17190, 17331, 17343]",c7.vax__SCHERER_PBMC_APSV_WETVAX_AGE_18_32YO_5_TO_7DY_DN
c7.vax,DHIMAN_PBMC_ATTENUVAX_AGE_15_25YO_SUBQ_7_OR_14DY_DN,prerank,0.4180728338080816,1.2221720821851718,0.2079207920792079,0.19429913006833222,1.0,6_19,6/19,17.78%,RCVRN;HGF;CBS;RBM6;NOTCH3;RIN2,RCVRN;HGF;CBS;RBM6;NOTCH3;RIN2;MOXD1;DHPS;ARHGAP11A;GCLM;ABCB4;PDK3;IFNA1;SCEL;APPBP2;ERBB3;XPC;OPCML;RBP1,"[261, 374, 2489, 2570, 2667, 3113, 4031, 5006, 6164, 9306, 9423, 9852, 10376, 10469, 11423, 11491, 12977, 13510, 15591]",c7.vax__DHIMAN_PBMC_ATTENUVAX_AGE_15_25YO_SUBQ_7_OR_14DY_DN
c7.vax,HOWARD_MONOCYTE_INACT_MONOV_INFLUENZA_A_INDONESIA_05_2005_H5N1_AGE_18_49YO_1DY_DN,prerank,0.3673937799842818,1.2230293010276279,0.19703389830508475,0.19481491181194624,1.0,17_35,17/35,21.74%,FCER1A;FCGBP;CD2;ESAM;PLD4;WFS1;SNAI1;PCGF2;PRPF31;QPRT;AZU1;SYT17;LGI4;IL1R1;CKB;CTSF;PRRT4,FCER1A;FCGBP;CD2;ESAM;PLD4;WFS1;SNAI1;PCGF2;PRPF31;QPRT;AZU1;SYT17;LGI4;IL1R1;CKB;CTSF;PRRT4;DTNA;HSPG2;ITGA9;C16orf74;GATM;STARD13;LPL;SRGAP3;AFF3;COLEC12;SPNS3;COL9A2;CDCA7;SIDT1;ZNF519;C1orf127;KLHL30;MYB,"[722, 854, 933, 1058, 1767, 1846, 2016, 2160, 2793, 2977, 2992, 3050, 3093, 3361, 3385, 3805, 3808, 4949, 5784, 5891, 6351, 6961, 9541, 9605, 9668, 11116, 11989, 12226, 12264, 12780, 15603, 15753, 16941, 16970, 17052]",c7.vax__HOWARD_MONOCYTE_INACT_MONOV_INFLUENZA_A_INDONESIA_05_2005_H5N1_AGE_18_49YO_1DY_DN
c7.vax,NAKAYA_PBMC_FLUARIX_FLUVIRIN_AGE_18_50YO_3DY_UP,prerank,0.2423469901650564,1.2173302134335806,0.028629856850715747,0.1982928316915498,1.0,119_584,119/584,19.75%,MRPS6;MS4A6A;TLR5;TLR8;DOK2;CST7;C3AR1;SLC43A3;HMOX1;CASP1;LAIR1;ICAM2;RNASE6;RNASE2;LY96;CCR2;PTGDR;TPST2;KLRD1;HVCN1;ABI3;AHSA1;C15orf39;SYK;CD300A;CD86;PLAC8;FCER1G;IRAK3;CSF1R;SH2D1B;SASH1;NACC2;TBXAS1;DLEC1;VAMP8;GPBAR1;CHMP4A;DHRS4L2;KIAA0930;PRAM1;SDHAF2;LY86;TIMP1;STOM;SULT1A3;SELPLG;SLC7A7;MS4A4A;GNGT2;BID;GIMAP2;PRCP;RHOC;GAPT;CYBRD1;HYPK;MRPL18;LILRB2;AKR1C3;DHRS4;TNFAIP8L2;GIMAP1;FZD1;MERTK;LSM10;DNAJB6;SERF2;IL27RA;MS4A7;GIMAP6;IL10RB;SLC26A2;ATP6V0E1;SLX1A;CD53;DBI;SLX1B;CDK2AP1;CLEC12A;GIMAP4;CD160;SIGLEC7;CCR5;FLI1;BSG;CLIC3;HCST;CALML4;MGST2;AP2S1;LRIF1;MILR1;CSTB;COA6;CCT3;RPS27L;CTBP2;RAB27A;PIK3AP1;PRF1;CD300C;RRAS;ESPN;CTSA;G3BP1;TRPS1;C1orf162;CCT5;HAVCR2;DISC1;GIMAP8;BANF1;CAPN1;MPLKIP;MIEN1;LST1;PPID;SERPINB6,MRPS6;MS4A6A;TLR5;TLR8;DOK2;CST7;C3AR1;SLC43A3;HMOX1;CASP1;LAIR1;ICAM2;RNASE6;RNASE2;LY96;CCR2;PTGDR;TPST2;KLRD1;HVCN1;ABI3;AHSA1;C15orf39;SYK;CD300A;CD86;PLAC8;FCER1G;IRAK3;CSF1R;SH2D1B;SASH1;NACC2;TBXAS1;DLEC1;VAMP8;GPBAR1;CHMP4A;DHRS4L2;KIAA0930;PRAM1;SDHAF2;LY86;TIMP1;STOM;SULT1A3;SELPLG;SLC7A7;MS4A4A;GNGT2;BID;GIMAP2;PRCP;RHOC;GAPT;CYBRD1;HYPK;MRPL18;LILRB2;AKR1C3;DHRS4;TNFAIP8L2;GIMAP1;FZD1;MERTK;LSM10;DNAJB6;SERF2;IL27RA;MS4A7;GIMAP6;IL10RB;SLC26A2;ATP6V0E1;SLX1A;CD53;DBI;SLX1B;CDK2AP1;CLEC12A;GIMAP4;CD160;SIGLEC7;CCR5;FLI1;BSG;CLIC3;HCST;CALML4;MGST2;AP2S1;LRIF1;MILR1;CSTB;COA6;CCT3;RPS27L;CTBP2;RAB27A;PIK3AP1;PRF1;CD300C;RRAS;ESPN;CTSA;G3BP1;TRPS1;C1orf162;CCT5;HAVCR2;DISC1;GIMAP8;BANF1;CAPN1;MPLKIP;MIEN1;LST1;PPID;SERPINB6;PMVK;TMX1;CHCHD1;CSRP1;OSBPL11;DYNLL1;TMED9;BTBD7;PRDX1;GLB1;RASSF4;CHST2;MRPS12;CTSC;LYAR;GLRX;PGM2;DAPK1;IDH1;NDUFB7;RPS6KA1;SLC25A20;SGPL1;MTMR11;IFI16;UBE2L3;PPM1G;CALHM2;ZMPSTE24;GTF3C6;JAGN1;TBC1D1;TRAPPC3;DDRGK1;SP1;PGLS;USB1;CREBL2;CBL;TRIM27;VPS72;ING4;NDUFA8;DPY30;TRIM69;UQCR10;SNX11;PRSS23;MRPL51;WIPI2;HTATIP2;CYFIP1;HPS3;ADA;CNIH4;IL17RA;RAB1B;FAM32A;LFNG;GNPDA1;YIPF1;UBE2E2;TCF7L2;POU2F2;BARD1;TADA3;SETD3;ECH1;MPDU1;RCBTB2;MAPKAPK3;LAMTOR2;YIF1B;KRCC1;GOLPH3;KDM1B;ILK;STX8;TUBB;CLTA;TMEM185A;ADAP2;PSMD4;AKR7A2;AIF1;TTC9C;CWC27;CKLF;PDGFD;FGD4;PPP2CB;C14orf119;CCDC126;NLRC4;SNAPIN;ALDH3A2;PCNA;MLX;TXN2;TMCO3;POLR1D;HAUS1;SNX27;UCHL3;ATP2B4;ARF6;TK2;NEDD8;OAZ2;FBP1;METTL5;AP2A1;KDELR2;PDLIM5;MGLL;C2orf74;TPI1;FKBP1A;IPO8;TCAIM;STYXL1;SPTSSA;TMEM107;MRPS11;RAB8A;TMEM218;CLN5;CLEC12B;PPP1CA;CX3CR1;THYN1;INTS6;MED13;ACAA2;PFDN6;SLC25A11;SHQ1;AFTPH;CRIPT;TMEM19;PIN4;CD244;MEA1;ARF5;APOBEC3F;MRPL36;COPZ1;CDK4;VTI1B;ACTR1A;NDUFV3;ELAVL1;NFATC3;STARD3NL;DCAF10;KCNE3;LTA4H;CORO1A;HNMT;TXNDC17;DNAJC7;TMPO;NAGA;MGST3;SUCLG1;CUX1;BICD2;DECR1;MTIF2;HSD17B4;BLVRA;RALA;RRAGA;PTER;POP4;MRPL15;NDUFAF1;GALNT1;TMEM87B;NAAA;GPKOW;PIGF;FIG4;HMOX2;SFT2D1;PPP1R7;ZSWIM6;HENMT1;CBX1;COPS5;TMEM126B;PSMD10;IQGAP1;HADH;NUDT22;MTMR12;UBR7;RCAN1;B3GALT4;COA3;AIDA;AKAP10;ZNF641;CDKN1C;ANXA4;DRG1;HSBP1;NXT2;CYB5B;CAP1;COMMD8;FIBP;CTNND1;SLC25A12;TMBIM4;ATP6V1D;GNS;MAP3K7;SCYL2;RAB10;GPN3;ICMT;STX6;MAT2B;SUPT4H1;PSMD1;POLR3K;MRPL20;ELP3;RPA2;B3GALT6;NDUFB3;VDAC1;NEK7;LPCAT3;CCDC90B;OSTM1;ZMAT3;SLIRP;MRPS28;TOMM5;FBXW11;RNF5;STAM2;NSL1;CAT;G6PC3;MICU1;TRAPPC1;DNAJC8;OSTF1;VPS45;MGAT2;BMPR2;MIB1;SORT1;PARP4;PSMD14;MPV17;TMEM167A;FEM1B;IDE;RAP2A;GMPR2;NAA38;SNX5;DPYSL2;CORO1C;TMCO1;CPSF2;AP3B1;GRSF1;ARNT;MKKS;RAB7A;SEC62;ARFIP1;FEZ2;EFCAB14;RNF20;RDH11;HIGD1A;QKI;VPS41;COQ5;FMNL2;ALDH9A1;SNAPC5;UBN2;ARHGAP18;PPA2;SKA2;APOBEC3G;FAHD1;AHCYL1;ACER3;ARF3;VIPAS39;KCNK3;CCDC115;FKBP15;INIP;TIMM8B;YIPF6;IGFBP7;KLRF1;MRPS18C;MAPK1;ZCRB1;APAF1;DNAJC16;TMX2;PDHX;FNIP2;IPO7;PPP3CA;HPS5;RABGAP1L;MRPL35;LYPLA1;ASH2L;ZMYM6;ZCCHC17;AP2B1;UBE2K;PDE6D;PAPSS1;ABRACL;STX7;GLIPR1;NDUFB5;ANKRD17;MRPS14;VPS35;EIF2S1;CD300LF;VKORC1L1;EXOSC1;PBRM1;ANKMY2;ARSD;ASXL2;LYST;ARV1;PSMC2;COQ2;COPS7A;ATP6V1C1;FASTKD3;ORMDL2;MRPL19;RNF14;SNX19;SDHC;SPTLC2;PDZD11;AK2;EDEM3;FUCA1;TINF2;KIF3B;ATP6V1B2;PCMT1;MCTS1;CHURC1;ANAPC13;PURA;PPP3CB;REEP5;TAPBPL;TTF1;ABCD3;NBR1;TXNDC15;AGFG1;TOR1A;DBNL;ARL5A;CYSLTR1;M6PR;ARMC1;WSB2;EIF2B3;C11orf71;HMGN4;UBE2V2;EXOC5;OGFOD1;DYNC1I2;GALC;FUCA2;SLK;COG5;TM2D1;ZNF146;TAOK1;RPE;CLCN3;PTPRJ;MTSS1;PDHB;GART;GTF2H1;PSMB2;SCAF11;EEA1;HDHD2;AGPS;CNTRL;ECHDC1;PDCD6IP;MYCBP;SDAD1;SLC25A46;C21orf91;AP1S2;CYB5A;RWDD2B;DPP8;OCA2;RMDN1;CLTC;PSEN1;SLC35A5;ARRB1;TIPRL;TFCP2;LIPA;TMX3;COX15;ERMP1;PNPO;DICER1;MTF2;ZEB2;SEC23IP;SLC8A1;GTF2H5;PAK1;OPN3;OXR1;TXNDC9;TSNAX;ZNF25;SPON2;TRIQK;LRRC8D;SCOC;PLRG1;MTCH2;ME2;EPB41L3;UBE4A;VRK2;FAR1;BCAT1;GSAP;MRPL30;LACC1;NDUFS1;CYB561D2;MOSPD2;IER3IP1;GZMA;CD36,"[80, 137, 160, 203, 247, 291, 349, 429, 444, 580, 610, 640, 662, 667, 686, 711, 740, 746, 759, 785, 800, 804, 805, 810, 812, 827, 834, 857, 950, 973, 1076, 1079, 1082, 1085, 1156, 1175, 1276, 1282, 1288, 1347, 1368, 1503, 1509, 1515, 1517, 1536, 1568, 1607, 1623, 1648, 1667, 1677, 1681, 1711, 1759, 1772, 1847, 1854, 1887, 1888, 1926, 1945, 1951, 2005, 2013, 2030, 2051, 2068, 2078, 2085, 2107, 2113, 2127, 2142, 2149, 2172, 2198, 2211, 2238, 2333, 2363, 2369, 2377, 2393, 2406, 2433, 2460, 2483, 2515, 2579, 2630, 2666, 2672, 2706, 2712, 2859, 2875, 2902, 2940, 2944, 2997, 3067, 3075, 3092, 3149, 3159, 3167, 3183, 3191, 3229, 3237, 3264, 3266, 3314, 3363, 3395, 3419, 3447, 3459, 3529, 3568, 3596, 3628, 3642, 3652, 3872, 3885, 4033, 4038, 4046, 4050, 4077, 4088, 4100, 4115, 4145, 4221, 4236, 4250, 4277, 4310, 4317, 4323, 4346, 4361, 4386, 4416, 4421, 4459, 4514, 4559, 4599, 4619, 4636, 4646, 4737, 4756, 4760, 4794, 4799, 4830, 4832, 4846, 4850, 4902, 4951, 5059, 5102, 5135, 5179, 5202, 5249, 5260, 5277, 5292, 5295, 5306, 5324, 5339, 5398, 5519, 5609, 5761, 5779, 5806, 5809, 5900, 5904, 5925, 5929, 5936, 5937, 5940, 5951, 5963, 5973, 6000, 6040, 6049, 6056, 6130, 6131, 6132, 6152, 6157, 6180, 6275, 6282, 6295, 6348, 6367, 6370, 6386, 6433, 6494, 6509, 6547, 6574, 6645, 6694, 6737, 6776, 6792, 6804, 6875, 6885, 6933, 6974, 7002, 7072, 7084, 7101, 7105, 7114, 7141, 7148, 7174, 7191, 7194, 7206, 7218, 7317, 7323, 7330, 7341, 7421, 7427, 7430, 7438, 7441, 7478, 7490, 7514, 7525, 7559, 7566, 7570, 7613, 7650, 7677, 7682, 7711, 7719, 7721, 7756, 7804, 7809, 7837, 7841, 7885, 7903, 7917, 7965, 7980, 7981, 8011, 8030, 8041, 8046, 8052, 8059, 8071, 8084, 8165, 8181, 8189, 8196, 8209, 8214, 8265, 8290, 8310, 8333, 8335, 8355, 8389, 8416, 8424, 8462, 8464, 8470, 8472, 8493, 8496, 8510, 8525, 8528, 8531, 8564, 8583, 8584, 8601, 8617, 8628, 8764, 8766, 8774, 8795, 8802, 8805, 8825, 8839, 8841, 8894, 8980, 8986, 8998, 9007, 9027, 9034, 9067, 9109, 9131, 9135, 9167, 9170, 9199, 9204, 9227, 9231, 9268, 9287, 9288, 9291, 9292, 9325, 9331, 9360, 9373, 9379, 9420, 9443, 9461, 9484, 9533, 9537, 9538, 9596, 9635, 9647, 9648, 9671, 9673, 9729, 9738, 9768, 9771, 9807, 9818, 9890, 9892, 9900, 9942, 9964, 9986, 9995, 10016, 10030, 10047, 10090, 10099, 10117, 10159, 10244, 10278, 10305, 10359, 10396, 10426, 10436, 10542, 10553, 10588, 10594, 10651, 10687, 10722, 10732, 10758, 10792, 10809, 10821, 10898, 10905, 10913, 10914, 10917, 10944, 10950, 11066, 11083, 11087, 11093, 11095, 11120, 11127, 11162, 11167, 11182, 11210, 11267, 11289, 11360, 11361, 11397, 11433, 11454, 11471, 11485, 11489, 11496, 11510, 11522, 11608, 11614, 11621, 11644, 11657, 11662, 11678, 11707, 11774, 11810, 11818, 11854, 11857, 11858, 11861, 11881, 11892, 11910, 11921, 11933, 11948, 11980, 12008, 12031, 12032, 12038, 12056, 12071, 12078, 12123, 12195, 12230, 12255, 12279, 12282, 12317, 12329, 12377, 12389, 12428, 12443, 12445, 12490, 12492, 12500, 12519, 12537, 12573, 12622, 12647, 12660, 12672, 12679, 12709, 12738, 12785, 12826, 12872, 12927, 12933, 12951, 12970, 12978, 13090, 13103, 13130, 13170, 13214, 13234, 13340, 13395, 13442, 13454, 13514, 13572, 13580, 13592, 13594, 13596, 13719, 13773, 13817, 13864, 13865, 13891, 13911, 13916, 13926, 13999, 14007, 14085, 14101, 14103, 14140, 14146, 14183, 14218, 14222, 14231, 14240, 14268, 14311, 14314, 14452, 14465, 14527, 14536, 14540, 14594, 14601, 14689, 14703, 14755, 14802, 15028, 15046, 15047, 15106, 15122, 15272, 15293, 15334, 15392, 15408, 15429, 15434, 15454, 15548, 15557, 15572, 15649, 15655, 15669, 15685, 15769, 15815, 15823, 15850, 15931, 16074, 16087, 16088, 16122, 16321, 16330, 16465, 16683, 16689, 17224, 17331, 17499]",c7.vax__NAKAYA_PBMC_FLUARIX_FLUVIRIN_AGE_18_50YO_3DY_UP
c7.vax,HOWARD_NK_CELL_INACT_MONOV_INFLUENZA_A_INDONESIA_05_2005_H5N1_AGE_18_49YO_3DY_UP,prerank,0.323696391586955,1.208446266479577,0.16865079365079366,0.20618345394897516,1.0,16_64,16/64,17.13%,MCM10;UBE2C;MYBL2;KIF14;E2F2;CCNA2;ESPL1;FAM111B;ASF1B;KIF18B;KIFC1;AURKB;RRM2;BIRC5;PRPF31;TOP2A,MCM10;UBE2C;MYBL2;KIF14;E2F2;CCNA2;ESPL1;FAM111B;ASF1B;KIF18B;KIFC1;AURKB;RRM2;BIRC5;PRPF31;TOP2A;KIF2C;TK1;GTSE1;HJURP;MKI67;UBE2T;KIF15;CDC25A;CDCA2;TICRR;CCNE1;TROAP;NUSAP1;CDCA8;KIF20A;ANLN;ASPM;E2F1;POLQ;NCAPH;E2F8;CDK1;BRCA2;APOBEC3B;TPX2;CENPM;CKAP2L;BUB1B;CDCA5;PKMYT1;BUB1;DTL;STMN1;ZWINT;ESCO2;KIF18A;NCAPG;KIF23;E2F7;SAPCD2;CENPF;CENPE;MCM4;PAQR4;SKA3;PRR11;CDC20;TYMS,"[259, 304, 358, 413, 628, 750, 1126, 1485, 1717, 1723, 2106, 2257, 2378, 2532, 2793, 2999, 3400, 3770, 4120, 4148, 4334, 4342, 4545, 4877, 4927, 4997, 5095, 5141, 5329, 5964, 6596, 7253, 7342, 7791, 7904, 8086, 8471, 8675, 8964, 8966, 9078, 9636, 9742, 10680, 10793, 11065, 11204, 11495, 12100, 12115, 12414, 12438, 12441, 13499, 13962, 14098, 14326, 14653, 14691, 15164, 15370, 15512, 17104, 17252]",c7.vax__HOWARD_NK_CELL_INACT_MONOV_INFLUENZA_A_INDONESIA_05_2005_H5N1_AGE_18_49YO_3DY_UP
c7.vax,SCHERER_PBMC_APSV_WETVAX_AGE_18_32YO_50_TO_60DY_UP,prerank,0.2701472482881539,1.205588393174828,0.09823182711198428,0.20649965974172155,1.0,29_161,29/161,15.07%,G0S2;CXCR4;ADM;CXCR2;CLEC2B;S100P;IL18;ARID5A;SLC7A5;RUNX1;TGFBR3;BCL2A1;CFI;SRGN;PER1;CDKN2C;TNFAIP3;ZFP36L2;MCL1;TLE1;DLL1;HCK;PDK4;HERPUD1;ATP1B3;PFKFB3;MXD1;THBD;LPIN1,G0S2;CXCR4;ADM;CXCR2;CLEC2B;S100P;IL18;ARID5A;SLC7A5;RUNX1;TGFBR3;BCL2A1;CFI;SRGN;PER1;CDKN2C;TNFAIP3;ZFP36L2;MCL1;TLE1;DLL1;HCK;PDK4;HERPUD1;ATP1B3;PFKFB3;MXD1;THBD;LPIN1;MXI1;NDUFV2;CREM;SESN1;PSMC5;YES1;TOB1;SMNDC1;IRS2;ID2;HBP1;RIPK2;DNTTIP2;CCNE1;CLK1;B4GALT4;PLAT;LMO4;UBE2D3;IFNGR1;ZBTB1;OSGIN2;PRKCH;ZNF394;SMAD3;TRIM13;NR4A2;GADD45A;DUSP12;PHF12;ZNF625;NKRF;RSRC2;ANKLE2;ATG2A;CD55;STIM1;CDKN1B;RBBP6;LAMTOR5;TMED10;TAF13;EIF1B;ETS2;UQCRFS1;HIF1A;JARID2;ERH;ACBD5;IL13;NDC80;ZNF267;PPM1B;BTG3;WDR26;NAMPT;RASA2;SETD2;ZFP91;SOD2;POLR3E;STRAP;ETF1;ZNF326;SNRPE;DCAF11;CDC73;PIP5K1A;DYRK1A;CLSTN3;CHD1;HPGD;ACAD9;SNIP1;RNF103;KDM6A;TNKS2;ATM;CASP3;PPM1A;RABGGTB;FN1;SAR1A;LUC7L3;RTF1;AGFG1;RGPD5;PTPN22;SBDS;PNN;PIK3R1;MPP7;INSIG1;TRIM23;DCTN6;CCNL1;PRPS1;SLC16A6;ELAC1;ADNP2;PRMT3;FNBP4;GNG10;SEC63;USP14;ZNF451;SERINC1;PDE4B;HSPA13;PTBP2;TAS2R5;CBLB;GALNT3;PRKDC;USP48;MAP4K5;AFAP1;IDS;CD47;LITAF;TTC32;CSNK1A1;HERC1;UVRAG;COL4A5;PTP4A1;ZNF281;SC5D;ZKSCAN1;TNC;CRH;CRTAM,"[1, 50, 159, 169, 221, 233, 366, 449, 790, 845, 870, 1133, 1145, 1146, 1212, 1222, 1329, 1382, 1560, 1726, 1813, 1914, 2104, 2276, 2392, 2535, 2544, 2546, 2639, 2951, 2966, 3086, 3375, 3560, 3581, 3777, 3849, 4288, 4384, 4570, 4669, 5025, 5095, 5156, 5267, 5388, 5402, 5637, 5652, 5658, 5682, 5804, 5934, 5959, 6014, 6025, 6156, 6385, 6498, 6580, 6768, 6797, 6874, 6953, 7327, 7378, 7474, 7691, 7731, 7741, 7831, 7909, 7952, 7970, 8186, 8284, 8337, 8387, 8393, 8485, 8553, 8604, 9036, 9138, 9148, 9210, 9261, 9341, 9365, 9369, 9375, 9442, 9555, 9722, 9796, 9834, 9849, 10400, 10445, 10489, 10856, 10994, 11034, 11183, 11442, 11493, 11714, 11745, 11786, 11964, 12440, 12484, 12580, 12939, 12951, 13008, 13052, 13165, 13361, 13367, 13504, 13508, 13540, 13556, 13575, 13618, 13658, 13694, 13702, 13845, 13862, 13978, 13982, 14034, 14108, 14156, 14187, 14216, 14453, 14549, 14616, 14681, 14728, 14752, 14771, 14780, 14810, 14865, 14933, 15318, 15372, 15592, 15999, 16175, 16215, 16304, 16370, 16540, 17288, 17296, 17507]",c7.vax__SCHERER_PBMC_APSV_WETVAX_AGE_18_32YO_50_TO_60DY_UP
c7.vax,HOEK_B_CELL_2011_2012_TIV_ADULT_7DY_UP,prerank,0.3498381445410935,1.2067666931379122,0.19467213114754098,0.2066705081855927,1.0,18_36,18/36,24.33%,PIF1;S100A9;AQP3;FOS;CDKN2C;TGM2;BMP6;SDF2L1;XBP1;RRM2;NT5DC2;DHRS9;FNDC3B;VDR;TNFRSF17;BHLHA15;DCAF12;CHPF,PIF1;S100A9;AQP3;FOS;CDKN2C;TGM2;BMP6;SDF2L1;XBP1;RRM2;NT5DC2;DHRS9;FNDC3B;VDR;TNFRSF17;BHLHA15;DCAF12;CHPF;POU4F1;SDC1;BLOC1S5-TXNDC5;RCBTB2;NBPF11;NRGN;SCAMP5;NUCB2;TPX2;ZWINT;CAV1;ADHFE1;SLAMF7;TXNDC5;NBPF15;GOLGA8O;HBA2;HBB,"[699, 820, 1057, 1219, 1222, 1442, 1492, 1576, 1799, 2378, 2616, 2751, 3245, 3453, 3818, 4074, 4083, 4262, 5188, 5589, 5826, 5925, 8195, 8205, 8704, 8724, 9078, 12115, 13967, 14095, 14391, 14592, 15771, 16478, 17205, 17414]",c7.vax__HOEK_B_CELL_2011_2012_TIV_ADULT_7DY_UP
c7.vax,ANDERSON_BLOOD_CN54GP140_ADJUVANTED_WITH_GLA_AF_AGE_18_45YO_3DY_UP,prerank,0.39731999995149075,1.2016885393353074,0.2203742203742204,0.2097860894362107,1.0,8_24,8/24,19.31%,HBE1;IGFBP1;RFX4;BCAN;XRCC3;ARTN;PKP2;GCK,HBE1;IGFBP1;RFX4;BCAN;XRCC3;ARTN;PKP2;GCK;CLUH;NECAP2;TMEM70;EML2;BMP8B;TMSB4X;COL6A3;MROH8;PCYOX1;CAMK1G;MPI;STAR;ING3;ZNF320;SPICE1;ZNF93,"[440, 866, 1386, 1880, 2367, 2600, 2695, 3382, 4295, 4775, 6495, 8475, 8875, 8993, 9939, 10023, 10352, 10803, 11101, 11290, 13294, 13630, 15095, 15275]",c7.vax__ANDERSON_BLOOD_CN54GP140_ADJUVANTED_WITH_GLA_AF_AGE_18_45YO_3DY_UP
c7.vax,ERWIN_COHEN_BLOOD_VACCINE_TC_83_AGE_23_48YO_VACCINATED_VS_CONTROL_7DY_UP,prerank,0.31043268693810494,1.1896288222052798,0.18837675350701402,0.22258026870821265,1.0,16_71,16/71,13.06%,MT2A;IRF7;LAMP3;IFITM2;TRIM5;IL1RN;IFITM1;SCO2;MS4A4A;CXCL10;CCR1;PLSCR1;TNFAIP6;TRIM22;SERPING1;SIGLEC1,MT2A;IRF7;LAMP3;IFITM2;TRIM5;IL1RN;IFITM1;SCO2;MS4A4A;CXCL10;CCR1;PLSCR1;TNFAIP6;TRIM22;SERPING1;SIGLEC1;RIN2;IFI27;PARP9;OAS1;FBXO6;UBE2L6;LY6E;MX2;PNPT1;TOR1B;USP18;ISG15;ZCCHC2;GBP1;SHISA5;MAFB;ETV7;HERC5;SPATS2L;IFI35;IFIH1;XAF1;PPM1K;PARP12;SAMD9;IFIT1;PARP14;BLVRA;MX1;STAT2;TRIM14;EIF2AK2;OAS3;RNF213;IFIT5;SAMD9L;OAS2;LAP3;DDX60L;IFIT2;ZBP1;IFI6;IFIT3;EPSTI1;HERC6;CMPK2;TNFSF10;APOL6;OASL;RSAD2;NEXN;DDX60;IFI44;RTP4;IFI44L,"[145, 229, 404, 633, 786, 793, 842, 1609, 1623, 1647, 1907, 1987, 1998, 2064, 2181, 2287, 3113, 3312, 3488, 3619, 4239, 4279, 4330, 4368, 4532, 4552, 4553, 4942, 5005, 5727, 5831, 6096, 6098, 6159, 6284, 6730, 7032, 7088, 7964, 8015, 8115, 8117, 8234, 8265, 8341, 9251, 9338, 9688, 10622, 11412, 12020, 12091, 12167, 12648, 12684, 12748, 13120, 14097, 14434, 14518, 14735, 14841, 15232, 15564, 15788, 15853, 16482, 16525, 16698, 16949, 17246]",c7.vax__ERWIN_COHEN_BLOOD_VACCINE_TC_83_AGE_23_48YO_VACCINATED_VS_CONTROL_7DY_UP
c7.vax,HARALAMBIEVA_PBMC_DRYVAX_AGE_18_40YO_STIMULATED_VS_UNSTIMULATED_9_TO_34MO_UP,prerank,0.4330776876243999,1.181794528726336,0.25213675213675213,0.230788475689254,1.0,2_14,2/14,3.96%,TNFRSF10D;IKZF1,TNFRSF10D;IKZF1;CD160;TNK2;IKZF2;NR4A2;HERC5;XCL1;SOBP;POLR2C;IFNA1;RSRC1;NFE2L3;NEXN,"[26, 693, 2369, 3351, 4242, 6025, 6159, 6469, 7192, 8390, 10376, 14701, 15172, 16482]",c7.vax__HARALAMBIEVA_PBMC_DRYVAX_AGE_18_40YO_STIMULATED_VS_UNSTIMULATED_9_TO_34MO_UP
c7.vax,GAUCHER_PBMC_YF_VAX_STAMARIL_UNKNOWN_AGE_28DY_DN,prerank,0.4529464957276316,1.1732561451563406,0.2505263157894737,0.23913643740963814,1.0,2_13,2/13,6.28%,IL7R;ANAPC16,IL7R;ANAPC16;ITM2A;RPL22;RPLP0;STMN3;NAP1L1;SNURF;PABPC4;EIF3F;CMPK1;ATM;SNRPN,"[1012, 1100, 5805, 6109, 6265, 6856, 7238, 8579, 9044, 9293, 9690, 11714, 15060]",c7.vax__GAUCHER_PBMC_YF_VAX_STAMARIL_UNKNOWN_AGE_28DY_DN
c7.vax,LI_PBMC_MENOMUNE_A_C_Y_W_135_AGE_18_45YO_3DY_DN,prerank,0.4106666666715655,1.1653690120755127,0.258,0.24782487652694304,1.0,5_16,5/16,4.95%,C3AR1;CFD;C3;IL6;ITGB4,C3AR1;CFD;C3;IL6;ITGB4;CR1;TLR4;C1S;IFNA21;TBC1D8;AIF1;A2M;ADAMTS20;COL8A1;TNR;FGF5,"[349, 367, 554, 719, 867, 2413, 2939, 3007, 4584, 5217, 6152, 7759, 16715, 17046, 17286, 17354]",c7.vax__LI_PBMC_MENOMUNE_A_C_Y_W_135_AGE_18_45YO_3DY_DN
c7.vax,NAKAYA_MYELOID_DENDRITIC_CELL_FLUMIST_AGE_18_50YO_7DY_UP,prerank,0.2389935576165875,1.1573322856223731,0.09221311475409837,0.2558241776688182,1.0,70_345,70/345,18.48%,MAFF;SOCS3;TLR8;FKBP5;DOK2;SH3TC1;TNNI2;PLAUR;CEBPD;LILRB1;F13A1;EFNA4;LILRB3;RUNX1;SAFB2;CDK11A;TSC22D3;ENGASE;TRAM2;HEBP2;FOS;CD151;IL18R1;TRABD;ZFP36L2;PTAFR;ACADVL;BAG2;POLR2H;AXL;RHOC;CCND3;HEXIM1;TXLNA;TGFBR2;ACSF2;PCGF2;MSR1;CDK11B;PSPH;SIGLEC7;FRAT1;JUN;PON2;DEXI;ROBO3;LILRA6;PLCB2;WDR45;DDX27;C1orf56;TRNAU1AP;RGS1;BRD4;DVL2;NABP1;IFRD1;AOAH;CLTB;CEP112;FLII;PDE4DIP;TAF4;IL13RA1;HDAC4;IKBKB;VCAN;KHNYN;LRP5L;DISC1,MAFF;SOCS3;TLR8;FKBP5;DOK2;SH3TC1;TNNI2;PLAUR;CEBPD;LILRB1;F13A1;EFNA4;LILRB3;RUNX1;SAFB2;CDK11A;TSC22D3;ENGASE;TRAM2;HEBP2;FOS;CD151;IL18R1;TRABD;ZFP36L2;PTAFR;ACADVL;BAG2;POLR2H;AXL;RHOC;CCND3;HEXIM1;TXLNA;TGFBR2;ACSF2;PCGF2;MSR1;CDK11B;PSPH;SIGLEC7;FRAT1;JUN;PON2;DEXI;ROBO3;LILRA6;PLCB2;WDR45;DDX27;C1orf56;TRNAU1AP;RGS1;BRD4;DVL2;NABP1;IFRD1;AOAH;CLTB;CEP112;FLII;PDE4DIP;TAF4;IL13RA1;HDAC4;IKBKB;VCAN;KHNYN;LRP5L;DISC1;PQBP1;PTCD1;PMVK;KLF6;PAPSS2;CCNG1;ANG;CLK3;PSD4;RUSC1;CORO1B;VPS4A;ANKRD40;AATF;ZNF408;ILVBL;UBE2Q1;ACTN1;MKI67;ANKS1A;SPATA20;TUBB4B;LRIG1;RABL2B;CREBL2;CRK;MPZL1;CTSW;CNOT4;HUS1;DENND4B;FAM124B;CD101;ARHGAP25;ACACB;DGKA;ERMAP;LMO4;MTF1;GPI;SUPT20H;PLXND1;SYMPK;HIPK2;SH3BP4;CUEDC2;POP5;ECH1;RCBTB2;TAF12;HPS1;NR4A2;RNF24;TUBB;CASP2;MAGOH;STX16;FOXP1;RPL26L1;ASNSD1;HAX1;RAP2B;MUS81;GCDH;ALDH3A2;ISG20L2;ST6GAL1;KDM4B;ETNK1;ZNF142;DNM2;IVNS1ABP;C2CD2L;ANKLE2;TCF20;ACAP1;CELF1;MOSPD3;DNPH1;GPD2;DCLRE1C;TACO1;TBRG4;NOL8;TXNL4A;TIMM9;SCN9A;SHQ1;ZNF175;ZNF419;RIC8A;ZNF331;CAPN7;RABL2A;PI4KB;ABCF2;KANSL3;COG8;FOSB;ETS2;TMPO;LRRC41;C2orf49;PPIA;VEZF1;TRIO;STK3;SLCO3A1;MRPL15;AP3S2;SKIL;USP7;FTSJ1;RXRB;TNPO1;AKAP10;SEZ6L;LRRC47;PDS5B;MAP3K2;IFNAR1;VAMP1;RASA2;SUGP2;KLF12;ANKRD12;STX6;RRP9;TRIM14;ELP3;SOD2;NUP205;NUMA1;TWF1;SMYD2;GPD1L;ATP8B4;CRYL1;MAP1LC3B;MIA3;MICU1;HTR7;NIPAL2;TRAPPC4;HIP1;PTEN;MED6;RAD51C;UBE3B;CEP350;STK38L;LUC7L;HNRNPA0;RAP2A;RNFT1;CDK16;PDSS1;CRIP1;ADSL;ALDOC;EHBP1;PRKCA;ARFIP1;PRDM4;SS18;LSM5;TOR1AIP1;DNAJC13;CHN2;CYTH1;BUB1;CDC5L;RAD51B;FOXJ3;MCM3AP;EIF3J;RTN1;DDOST;MAPK1;UTP14A;ME3;TESC;GABBR1;FOXN2;PRDM2;CDS2;GORASP2;ASH2L;PDCD6;SUPT7L;AGO1;SNAPC3;SOS2;GAPVD1;GLG1;ATP6V1C1;PTGER4;IBA57;TRIP11;C2CD3;SDHC;SPTLC2;SYNC;CSNK2A1;COQ6;MRPS18B;PDF;GLYR1;MACF1;ST8SIA4;ANAPC10;BEST1;EIF2B3;CALM1;TTC3;PSMD5;SLC4A7;KLF9;NSG1;PRKCI;PAQR3;PTGS2;TBL1XR1;MAPK9;SLC39A9;ASCC3;GSK3B;LIAS;MTDH;RAD50;CNTRL;SUV39H1;RECQL;PIGB;DLX4;AKT3;GTF2A1;ARHGEF2;PPIE;GNAL;MCCC2;TMX4;VWA8;UBE3A;RFXAP;SPATA6;EVI5;POLR3C;MEF2A;EXOC7;IDS;USP4;STAU2;GNL3L;AGO2;RASA1;CCSER2;ULK2;BPTF;PIGP;AGL;SLC24A1;NUP155;GTF2H5;SLC35A3;KLHDC10;MFN1;STX17;CYP51A1;CEP192;EGR3;PLN;LDLRAD4;EGR1;CD36,"[25, 158, 203, 215, 247, 266, 274, 295, 312, 474, 631, 689, 780, 845, 882, 1028, 1034, 1051, 1064, 1073, 1219, 1260, 1289, 1294, 1382, 1412, 1496, 1513, 1559, 1696, 1711, 1758, 1814, 2099, 2124, 2146, 2160, 2162, 2354, 2364, 2377, 2381, 2405, 2503, 2547, 2566, 2643, 2668, 2675, 2694, 2792, 2807, 2808, 2852, 2896, 2903, 2935, 3002, 3018, 3019, 3030, 3034, 3046, 3069, 3141, 3163, 3195, 3199, 3233, 3237, 3308, 3434, 3529, 3544, 3588, 3763, 3768, 3776, 3819, 3978, 3995, 4000, 4040, 4052, 4106, 4131, 4149, 4155, 4334, 4348, 4354, 4637, 4672, 4677, 4756, 4758, 4774, 4791, 4867, 4962, 5000, 5084, 5107, 5124, 5173, 5317, 5387, 5402, 5520, 5533, 5602, 5650, 5663, 5675, 5702, 5712, 5716, 5900, 5925, 5930, 6005, 6025, 6031, 6040, 6168, 6174, 6243, 6316, 6327, 6345, 6357, 6378, 6404, 6430, 6494, 6533, 6550, 6555, 6588, 6669, 6722, 6723, 6761, 6874, 6876, 6912, 6929, 6998, 7047, 7090, 7117, 7167, 7435, 7501, 7533, 7549, 7561, 7566, 7594, 7628, 7654, 7658, 7697, 7724, 7798, 7800, 7802, 7876, 7914, 7952, 8059, 8063, 8091, 8153, 8158, 8207, 8220, 8343, 8355, 8364, 8404, 8571, 8610, 8758, 8810, 8825, 8912, 9008, 9055, 9113, 9159, 9188, 9210, 9215, 9267, 9281, 9287, 9301, 9338, 9360, 9365, 9415, 9416, 9463, 9475, 9552, 9572, 9640, 9680, 9752, 9771, 9772, 9794, 9842, 9888, 9891, 10034, 10044, 10056, 10066, 10076, 10079, 10108, 10117, 10256, 10316, 10317, 10362, 10483, 10502, 10525, 10548, 10687, 10926, 10993, 11048, 11052, 11103, 11184, 11186, 11204, 11226, 11240, 11257, 11377, 11390, 11422, 11427, 11454, 11462, 11483, 11498, 11537, 11547, 11572, 11590, 11597, 11678, 11796, 11866, 11997, 12036, 12039, 12082, 12210, 12279, 12343, 12345, 12368, 12391, 12428, 12443, 12477, 12732, 12784, 12892, 12931, 12945, 12991, 13038, 13175, 13222, 13234, 13283, 13391, 13435, 13502, 13542, 13563, 13632, 13644, 13656, 13722, 13747, 13809, 13846, 13944, 13954, 13974, 14079, 14146, 14234, 14251, 14266, 14267, 14271, 14336, 14371, 14380, 14448, 14461, 14491, 14529, 14621, 14723, 14724, 14745, 14787, 14792, 14801, 14810, 14866, 14915, 14942, 14974, 15014, 15092, 15132, 15170, 15189, 15242, 15331, 15401, 15408, 15864, 15927, 15993, 16218, 16247, 16563, 16690, 16738, 16808, 17016, 17499]",c7.vax__NAKAYA_MYELOID_DENDRITIC_CELL_FLUMIST_AGE_18_50YO_7DY_UP
c7.vax,FRANCO_BLOOD_SANOFI_PASTEUR_SA_INACTIVATED_INFLUENZA_VACCINE_CORRELATED_WITH_ANTIBODY_RESPONSE_AGE_18_40YO_3DY_POSITIVE,prerank,0.41830410354708153,1.1558922552212347,0.2915811088295688,0.25600139283606865,1.0,5_17,5/17,14.86%,IL4R;EMILIN2;PPP1R16A;MERTK;TIMM44,IL4R;EMILIN2;PPP1R16A;MERTK;TIMM44;JUP;ATXN7L2;PATL1;CYFIP1;HIPK2;RRBP1;LUC7L;PTPRA;SNX29;CDK5RAP2;CEACAM1;TBC1D2,"[222, 1794, 1943, 2013, 2603, 4440, 4508, 4667, 5202, 5675, 6372, 10079, 10918, 12094, 12157, 12728, 14507]",c7.vax__FRANCO_BLOOD_SANOFI_PASTEUR_SA_INACTIVATED_INFLUENZA_VACCINE_CORRELATED_WITH_ANTIBODY_RESPONSE_AGE_18_40YO_3DY_POSITIVE
c7.vax,HOWARD_NEUTROPHIL_INACT_MONOV_INFLUENZA_A_INDONESIA_05_2005_H5N1_AGE_18_49YO_3DY_UP,prerank,0.27773295414359567,1.154048417916767,0.19327731092436976,0.25667220529498125,1.0,29_112,29/112,16.59%,MT2A;LAMP3;GALM;TRIM5;FCGR1A;HLA-DRA;IFITM3;GBP6;TLDC2;RHPN1;VAMP5;GIMAP2;RHOC;SAMHD1;MOV10;BST2;GIMAP1;LHFPL2;PLSCR1;CD274;KIAA1958;TRIM22;SERPING1;SIGLEC1;TFEC;PARP10;GBP3;PRPF31;BATF2,MT2A;LAMP3;GALM;TRIM5;FCGR1A;HLA-DRA;IFITM3;GBP6;TLDC2;RHPN1;VAMP5;GIMAP2;RHOC;SAMHD1;MOV10;BST2;GIMAP1;LHFPL2;PLSCR1;CD274;KIAA1958;TRIM22;SERPING1;SIGLEC1;TFEC;PARP10;GBP3;PRPF31;BATF2;P2RY14;ECHDC2;APOBEC3D;OAS1;GCH1;TREX1;BTN3A3;LY6E;GBP5;AGRN;AIM2;PNPT1;USP18;ISG15;ZCCHC2;GBP4;KLHDC7B;APOL3;GBP1;FRMD3;WDR86;ETV7;HERC5;SPATS2L;DHX58;TRIM6;IFI35;IFIH1;XAF1;CYB561;TRIB2;EVL;CREB3L2;ZSWIM3;PPM1K;PARP12;SMTNL1;IFIT1;PARP14;PCK2;MX1;STOML1;RNF144A;ACO1;CD2AP;TRIM14;LPAR6;EIF2AK2;OAS3;TIMM10;ZNF680;IFIT5;SAMD9L;EXOSC9;OAS2;LAP3;CLMP;IFIT2;GRAMD1B;ZBP1;TMEM62;IFI6;CATSPER2;IFIT3;EPSTI1;HERC6;LIPA;CMPK2;ZNF496;TNIK;SLFN13;MDN1;OASL;EXOC3L1;RSAD2;SCARB2;SESTD1;DDX60;SP140;IFI44;RTP4;SLFN5;IFI44L,"[145, 404, 674, 786, 808, 855, 970, 1330, 1380, 1557, 1610, 1677, 1711, 1789, 1790, 1831, 1951, 1956, 1987, 2015, 2033, 2064, 2181, 2287, 2463, 2673, 2747, 2793, 2906, 3460, 3491, 3536, 3619, 3660, 3778, 3924, 4330, 4474, 4482, 4484, 4532, 4553, 4942, 5005, 5220, 5226, 5545, 5727, 6041, 6074, 6098, 6159, 6284, 6611, 6659, 6730, 7032, 7088, 7302, 7361, 7391, 7479, 7789, 7964, 8015, 8042, 8117, 8234, 8240, 8341, 8405, 8720, 9081, 9187, 9338, 9574, 9688, 10622, 11072, 11457, 12020, 12091, 12162, 12167, 12648, 12707, 12748, 12819, 13120, 13791, 14097, 14432, 14434, 14518, 14735, 14802, 14841, 14912, 15030, 15593, 15736, 15788, 15806, 15853, 15918, 16078, 16525, 16684, 16698, 16949, 17213, 17246]",c7.vax__HOWARD_NEUTROPHIL_INACT_MONOV_INFLUENZA_A_INDONESIA_05_2005_H5N1_AGE_18_49YO_3DY_UP
c7.vax,HOEK_NK_CELL_2011_2012_TIV_7D_VS_0DY_ADULT_7D_DN,prerank,0.4250505996067029,1.1526659940428108,0.2711864406779661,0.25693064370135854,1.0,6_16,6/16,17.28%,MCM10;CDC45;PODXL;RAD54L;JUN;OAF,MCM10;CDC45;PODXL;RAD54L;JUN;OAF;KIF15;PNMT;RAD51;FOSB;PKMYT1;DTL;MORN1;GINS2;AVPR2;GOLGA8R,"[259, 881, 1161, 1327, 2405, 3026, 4545, 5502, 6244, 7914, 11065, 11495, 12216, 14583, 15575, 16675]",c7.vax__HOEK_NK_CELL_2011_2012_TIV_7D_VS_0DY_ADULT_7D_DN
c7.vax,OVSYANNIKOVA_PBMC_FLUARIX_AGE_50_74YO_COMMON_WITH_BOTH_HAI_AND_VNA_28DY_VS_3DY_USED_IN_HAI_AND_VNA_RESPONSE_MODELS_UP,prerank,0.37470318116629303,1.1574975029528094,0.2560483870967742,0.25719088199511486,1.0,6_25,6/25,8.83%,GALR2;EBI3;TLR9;ACSL5;SLC25A1;TLR7,GALR2;EBI3;TLR9;ACSL5;SLC25A1;TLR7;FYN;OGDH;TUBG1;ACO2;ACSL1;SMUG1;FASN;TLR3;FH;LIG3;SDHA;IDH2;S100B;SUCLA2;NF1;ACSL4;HSD17B12;VLDLR;INHBA,"[191, 235, 658, 1318, 1464, 1546, 3313, 7124, 7195, 8708, 9364, 9615, 9932, 10466, 10746, 11528, 11816, 12981, 14438, 14486, 15474, 15786, 16059, 17001, 17099]",c7.vax__OVSYANNIKOVA_PBMC_FLUARIX_AGE_50_74YO_COMMON_WITH_BOTH_HAI_AND_VNA_28DY_VS_3DY_USED_IN_HAI_AND_VNA_RESPONSE_MODELS_UP
c7.vax,NAKAYA_PBMC_FLUARIX_FLUVIRIN_AGE_18_50YO_CORRELATED_WITH_HAI_28DY_RESPONSE_AT_7DY_NEGATIVE,prerank,-0.2826001091541695,-1.4018008967277373,0.0,0.2612062004211726,0.996,164_431,164/431,31.58%,DUSP4;ENOSF1;APOOL;CAMK4;LRRC70;ZNF136;ANK3;PHC3;NOMO3;MED14;NAA25;PCYOX1L;ENDOD1;RGPD3;MCOLN2;SGTB;SLC16A7;KLHL28;CD69;SMCR8;ATG14;GPRASP1;RBM25;PTP4A1;METTL8;BLK;CD8B;PDE7A;AZI2;RGPD8;FBXO16;NOMO2;NR4A3;PPP1R2;NKTR;ANKRD44;RIF1;GFM1;PTK2;PVALB;TRMT13;CSNK1A1;CREBZF;ARPP19;PSME4;MS4A1;PHF20L1;RAB3IP;ZMYM5;SLC25A36;CCNYL1;RNMT;RAB11FIP2;ZNF195;PHKB;GOLGA8B;SLC11A2;HEATR1;NUP54;NAP1L5;ARL4C;TIGD1;SFPQ;USP48;DCK;CEP68;GALNT3;AIMP2;RAB5B;G3BP2;UBE3A;FAM120AOS;DIS3L2;ATP9B;RGPD1;AKT3;BBIP1;STAMBPL1;WDR75;KRR1;LONP2;DUSP10;ZNF451;IFT80;DYRK2;NRIP1;P2RX4;DOCK9;CCDC66;MBD4;PIAS2;FNBP4;ASCC3;BCLAF1;CDC42;DNAH1;PLA2G12A;PIGL;IVD;ATAD2B;KBTBD8;CCNL1;KLF9;TCP11L2;CTNNB1;TRAF5;FAM98B;STAT4;PSIP1;GON4L;RPRD1B;ATP1B1;PIK3R1;CALM1;HECTD1;LY9;SRSF6;SBDS;EPG5;TM2D3;C11orf58;GOLGA8A;ACBD6;YTHDC2;ARIH1;PTCD3;HNRNPA1;PDP1;RGPD5;MED1;RAB5A;RNF138;ZNF430;TESPA1;HELB;METTL3;SFSWAP;GRAMD1B;RUFY3;ZMYM2;TAGAP;CD96;BACH2;ZNF655;RICTOR;HELQ;CUL4B;TRAPPC10;DYNC1LI2;BBX;SMG1;ATG16L1;IFNLR1;FUS;CYCS;RALGAPB;IPO11;GPR18;AMD1;CYLD;PTS;SLC7A6;MPHOSPH9;QRSL1,DNAJB1;ITPKB;TGIF1;SBNO2;EZR;INPP5D;FLT3LG;GATA3;TSC22D3;FGD3;RGCC;LEF1;TNFRSF25;EHMT1;GKAP1;ZNF395;B4GALT1;HLA-DQA1;CSRNP1;SAMHD1;TGFBR2;PMAIP1;PPP1R15A;IGF1R;GADD45GIP1;JUN;IKBKE;RBM14;OCLN;RGS1;BAX;FAM117B;NUFIP2;MKLN1;JUND;GTF3A;TMEM170A;TRAF3IP3;CHERP;KLF6;STAT3;ANKZF1;ELF1;UBE2B;PLXDC1;HP1BP3;STK17A;CD44;POLR1C;SLC5A6;MED17;MAP2K7;HECA;ADAM28;SFI1;MSI2;HBP1;ZNF814;MED21;SCAF4;TMED5;CNOT4;GNAS;SLFN12;SYS1;CLK1;RBM34;ATXN2L;DGKA;ATF6B;UBE2G2;RGPD6;ZNF318;EIF1;UBE2D3;EPC1;UROS;IL6ST;RPS27;ZNF202;TBC1D4;CNOT6L;PCBP2;NR4A2;BOD1;KPNA5;STAT5B;SERPINF1;FAM153A;PDAP1;RPL37;ZNF274;PDXDC1;ZNF317;FOXP1;SRSF7;HNRNPH1;PABPC1;TOPORS;RAP2B;DHX30;TRPM7;BANK1;TSPYL2;AHCTF1;UHMK1;HNRNPM;JMY;GPS1;PIGA;CAMK2G;NMT2;ANKLE2;ARF1;NSFL1C;HPCAL1;RBM4;KLF3;LRRFIP1;SSBP2;MAP3K1;CWF19L2;DLST;MED30;ZBTB21;CCDC50;CCAR1;TLE4;TRIB2;HINT1;SUMO1;PHF5A;PSMB7;CBX5;UXS1;MTMR14;STAP1;RBBP6;ZFX;ZBTB10;RGPD2;CDC42SE1;RORA;PPM1K;DBR1;RANBP2;ATF2;CYB5R3;E4F1;C2orf49;RPS6KB1;TAF15;NT5E;PPIA;PHACTR2;INPP5B;ARHGEF7;UNK;PPFIBP1;STK4;SSB;URI1;PRPF3;DDX3X;SPOCK2;KPNA4;ARID2;ZFR;OGT;USP36;HNRNPL;SFXN3;BRD1;ASXL1;UBXN7;TSPYL1;BCL11B;SPG7;CTC1;MAP3K2;ZNF12;LUZP1;ATP11B;SUGP2;GNE;TRA2B;YPEL5;KLF12;CEP95;RAB8B;STRAP;NUMA1;TWF1;RBM18;LPP;CLASP1;CLEC2D;HIPK1;ATG13;RBM39;EIF4A2;LCOR;KCTD9;MIER3;FBXO28;RHBDD1;SRSF3;NGRN;SNX9;MPZL3;MBNL1;KLHL24;KAT6B;CLINT1;GIGYF2;MED6;CTLA4;PNO1;YRDC;RAP2A;SF1;SUPV3L1;PHF3;THEMIS;PPP2R5C;NR1D2;ZNF507;SPTBN1;MYLIP;CHD1;NOMO1;EHBP1;EML4;SRSF5;NGDN;ZBTB11;AIMP1;ZFP90;FHIT;TFAM;YTHDC1;DDX24;COX20;FYTTD1;BAG4;GOPC;RIMKLB;AFF3;MSMO1;CCNT1;DHX9;CDC5L;AP1G1;KDM6A;TNKS2;CD6;RFX7;METTL14;MDM4;FBXL17;ZEB1;DHX40;AFF4;PPM1A;SIN3A;RBM8A;TMEM63A;QRSL1;MPHOSPH9;SLC7A6;PTS;CYLD;AMD1;GPR18;IPO11;RALGAPB;CYCS;FUS;IFNLR1;ATG16L1;SMG1;BBX;DYNC1LI2;TRAPPC10;CUL4B;HELQ;RICTOR;ZNF655;BACH2;CD96;TAGAP;ZMYM2;RUFY3;GRAMD1B;SFSWAP;METTL3;HELB;TESPA1;ZNF430;RNF138;RAB5A;MED1;RGPD5;PDP1;HNRNPA1;PTCD3;ARIH1;YTHDC2;ACBD6;GOLGA8A;C11orf58;TM2D3;EPG5;SBDS;SRSF6;LY9;HECTD1;CALM1;PIK3R1;ATP1B1;RPRD1B;GON4L;PSIP1;STAT4;FAM98B;TRAF5;CTNNB1;TCP11L2;KLF9;CCNL1;KBTBD8;ATAD2B;IVD;PIGL;PLA2G12A;DNAH1;CDC42;BCLAF1;ASCC3;FNBP4;PIAS2;MBD4;CCDC66;DOCK9;P2RX4;NRIP1;DYRK2;IFT80;ZNF451;DUSP10;LONP2;KRR1;WDR75;STAMBPL1;BBIP1;AKT3;RGPD1;ATP9B;DIS3L2;FAM120AOS;UBE3A;G3BP2;RAB5B;AIMP2;GALNT3;CEP68;DCK;USP48;SFPQ;TIGD1;ARL4C;NAP1L5;NUP54;HEATR1;SLC11A2;GOLGA8B;PHKB;ZNF195;RAB11FIP2;RNMT;CCNYL1;SLC25A36;ZMYM5;RAB3IP;PHF20L1;MS4A1;PSME4;ARPP19;CREBZF;CSNK1A1;TRMT13;PVALB;PTK2;GFM1;RIF1;ANKRD44;NKTR;PPP1R2;NR4A3;NOMO2;FBXO16;RGPD8;AZI2;PDE7A;CD8B;BLK;METTL8;PTP4A1;RBM25;GPRASP1;ATG14;SMCR8;CD69;KLHL28;SLC16A7;SGTB;MCOLN2;RGPD3;ENDOD1;PCYOX1L;NAA25;MED14;NOMO3;PHC3;ANK3;ZNF136;LRRC70;CAMK4;APOOL;ENOSF1;DUSP4,"[8, 423, 475, 559, 669, 868, 883, 951, 1034, 1039, 1356, 1357, 1360, 1388, 1495, 1590, 1628, 1718, 1721, 1789, 2124, 2205, 2264, 2274, 2375, 2405, 2436, 2437, 2749, 2808, 2888, 2965, 2967, 2995, 3051, 3303, 3343, 3481, 3520, 3544, 3562, 3579, 3605, 3667, 3742, 3941, 3991, 4043, 4063, 4184, 4227, 4266, 4282, 4449, 4525, 4534, 4570, 4633, 4741, 4823, 4847, 4867, 5066, 5131, 5137, 5156, 5189, 5307, 5317, 5328, 5446, 5450, 5511, 5574, 5637, 5661, 5696, 5726, 5753, 5867, 5901, 5931, 5999, 6025, 6027, 6028, 6102, 6107, 6165, 6208, 6213, 6267, 6298, 6315, 6316, 6320, 6340, 6350, 6360, 6378, 6427, 6438, 6502, 6557, 6622, 6628, 6663, 6665, 6687, 6753, 6757, 6817, 6874, 6886, 6911, 6972, 6981, 6986, 7051, 7059, 7092, 7152, 7170, 7230, 7231, 7283, 7285, 7360, 7361, 7390, 7442, 7565, 7585, 7643, 7647, 7678, 7686, 7691, 7729, 7778, 7796, 7808, 7937, 7964, 8020, 8025, 8026, 8060, 8077, 8091, 8108, 8122, 8133, 8153, 8156, 8162, 8272, 8278, 8286, 8303, 8412, 8433, 8444, 8466, 8491, 8509, 8514, 8649, 8676, 8684, 8826, 8858, 8861, 8930, 8932, 8936, 9083, 9084, 9098, 9113, 9123, 9191, 9203, 9215, 9237, 9238, 9260, 9267, 9335, 9347, 9375, 9416, 9463, 9526, 9547, 9551, 9564, 9576, 9606, 9610, 9614, 9617, 9630, 9669, 9670, 9699, 9816, 9833, 9863, 9896, 9907, 10005, 10009, 10019, 10020, 10034, 10060, 10095, 10103, 10117, 10118, 10223, 10277, 10322, 10341, 10401, 10424, 10461, 10462, 10489, 10509, 10525, 10559, 10578, 10660, 10663, 10676, 10707, 10753, 10804, 10939, 10973, 11008, 11026, 11053, 11063, 11089, 11116, 11135, 11200, 11224, 11226, 11383, 11442, 11493, 11543, 11570, 11609, 11698, 11721, 11741, 11770, 11775, 11786, 11790, 11920, 11936, 11986, 12007, 12016, 12025, 12046, 12065, 12092, 12131, 12147, 12163, 12178, 12204, 12287, 12293, 12311, 12337, 12366, 12382, 12420, 12467, 12520, 12588, 12596, 12715, 12739, 12808, 12819, 12840, 12849, 12853, 12857, 12868, 12887, 12909, 12998, 13008, 13041, 13047, 13049, 13062, 13069, 13072, 13099, 13107, 13124, 13128, 13165, 13187, 13247, 13279, 13283, 13367, 13412, 13415, 13422, 13430, 13432, 13433, 13474, 13480, 13533, 13542, 13575, 13589, 13604, 13625, 13662, 13663, 13770, 13775, 13803, 13846, 13862, 13866, 13887, 13912, 13938, 13964, 14013, 14072, 14084, 14108, 14136, 14142, 14155, 14182, 14245, 14264, 14271, 14395, 14437, 14467, 14552, 14621, 14672, 14678, 14679, 14681, 14687, 14748, 14752, 14769, 14806, 14821, 14848, 14876, 14886, 14916, 14971, 14988, 14998, 15039, 15084, 15102, 15127, 15186, 15187, 15209, 15249, 15302, 15315, 15351, 15372, 15402, 15410, 15420, 15437, 15506, 15510, 15604, 15628, 15706, 15708, 15792, 15841, 15934, 15969, 16145, 16162, 16204, 16215, 16235, 16250, 16274, 16368, 16391, 16411, 16446, 16486, 16507, 16605, 16759, 16764, 16774, 16834, 16954, 16985, 17029, 17078, 17174, 17180, 17283, 17433, 17470]",c7.vax__NAKAYA_PBMC_FLUARIX_FLUVIRIN_AGE_18_50YO_CORRELATED_WITH_HAI_28DY_RESPONSE_AT_7DY_NEGATIVE
c7.vax,FRANCO_BLOOD_SANOFI_PASTEUR_SA_INACTIVATED_INFLUENZA_VACCINE_CORRELATED_WITH_ANTIBODY_RESPONSE_AGE_18_40YO_0DY_POSITIVE,prerank,0.40381807206288844,1.1374772490303906,0.29979035639413,0.2776451956748122,1.0,6_18,6/18,14.09%,FCRLA;BST2;SAT2;KCNG1;CD79B;LMTK3,FCRLA;BST2;SAT2;KCNG1;CD79B;LMTK3;RINL;SUSD3;LTB;MED22;SNRNP25;UBE2Z;LYRM4;GABBR1;DHX35;PIBF1;PAOX;BLK,"[1514, 1831, 2169, 2233, 2306, 2467, 4278, 4797, 6057, 6487, 6499, 6944, 7232, 11537, 11711, 13060, 13675, 16162]",c7.vax__FRANCO_BLOOD_SANOFI_PASTEUR_SA_INACTIVATED_INFLUENZA_VACCINE_CORRELATED_WITH_ANTIBODY_RESPONSE_AGE_18_40YO_0DY_POSITIVE
c7.vax,HARALAMBIEVA_PBMC_M_M_R_II_AGE_11_22YO_VACCINATED_VS_UNVACCINATED_LOW_ANTIBODY_RESPONDERS_TO_TREATMENT_7YR_UP,prerank,0.4387688262184033,1.1299618771187496,0.32181425485961124,0.2869993817863189,1.0,4_13,4/13,9.94%,LIF;IL6;BCL2A1;AK4,LIF;IL6;BCL2A1;AK4;CYP1A1;ITGB8;CHST7;NAMPT;OR52N4;MSC;TRPA1;MET;RFX8,"[352, 719, 1133, 1740, 3781, 6493, 7545, 9148, 12122, 14292, 14355, 15339, 16799]",c7.vax__HARALAMBIEVA_PBMC_M_M_R_II_AGE_11_22YO_VACCINATED_VS_UNVACCINATED_LOW_ANTIBODY_RESPONDERS_TO_TREATMENT_7YR_UP
c7.vax,FRANCO_BLOOD_SANOFI_PASTEUR_SA_INACTIVATED_INFLUENZA_VACCINE_CORRELATED_WITH_ANTIBODY_RESPONSE_AGE_18_40YO_0DY_NEGATIVE,prerank,-0.530852965924034,-1.4024698570310414,0.08943089430894309,0.2895429907479245,0.996,5_14,5/14,15.41%,IL17REL;FBXO7;FBXO9;SPICE1;NINJ2,GNA12;AP3D1;MCRS1;CAMK2A;ADIPOR1;CAMK1G;ARPC2;ACTG1;FSTL4;NINJ2;SPICE1;FBXO9;FBXO7;IL17REL,"[2039, 5785, 6457, 9057, 9480, 10803, 11250, 11600, 13267, 14820, 15095, 15492, 16187, 17486]",c7.vax__FRANCO_BLOOD_SANOFI_PASTEUR_SA_INACTIVATED_INFLUENZA_VACCINE_CORRELATED_WITH_ANTIBODY_RESPONSE_AGE_18_40YO_0DY_NEGATIVE
c7.vax,GAUCHER_PBMC_YF_VAX_STAMARIL_UNKNOWN_AGE_14DY_UP,prerank,0.30593608342793066,1.1115332030663425,0.2730696798493409,0.3122717154654385,1.0,8_49,8/49,10.28%,MZB1;UBE2C;MYO1F;SLC7A5;MANF;PHGDH;SDF2L1;XBP1,MZB1;UBE2C;MYO1F;SLC7A5;MANF;PHGDH;SDF2L1;XBP1;PDIA4;TRIM26;TK1;TNFRSF17;ITM2C;TXNDC11;ADA;NUSAP1;MYL6B;SIL1;CRELD2;HSP90B1;ACOT7;PTTG1;GLDC;TUBG1;MAGED1;PPIB;SEL1L3;SRM;UBE2S;SEC11C;CENPM;FKBP11;PRDX4;CDCA5;NME1;CCNB2;CD19;STMN1;CDK12;COBLL1;CDCA7;IDH2;DUSP5;TXNDC5;MCM4;POU2AF1;SP140;CDC20;CD38,"[75, 304, 480, 790, 1077, 1281, 1576, 1799, 2283, 3344, 3770, 3818, 4272, 4796, 5260, 5329, 5445, 5488, 5665, 5669, 6047, 6319, 7053, 7195, 7631, 7668, 7843, 7859, 8109, 8448, 9636, 9714, 10203, 10793, 11445, 11568, 11727, 12100, 12313, 12773, 12780, 12981, 14554, 14592, 14691, 16081, 16684, 17104, 17344]",c7.vax__GAUCHER_PBMC_YF_VAX_STAMARIL_UNKNOWN_AGE_14DY_UP
c7.vax,HOWARD_NEUTROPHIL_INACT_MONOV_INFLUENZA_A_INDONESIA_05_2005_H5N1_AGE_18_49YO_1DY_DN,prerank,0.27249622119839734,1.1117205044090863,0.25475285171102663,0.31380818447607933,1.0,21_98,21/98,17.90%,CXCL6;HMOX1;EIF4EBP1;PLCB3;FLT1;SAMD1;IGSF23;ADRB2;IER5L;IRF2BP2;VWF;PDK4;APOLD1;LLGL2;GPR162;RELL1;SOX13;MXI1;SYTL3;SEMA6C;MAT2A,CXCL6;HMOX1;EIF4EBP1;PLCB3;FLT1;SAMD1;IGSF23;ADRB2;IER5L;IRF2BP2;VWF;PDK4;APOLD1;LLGL2;GPR162;RELL1;SOX13;MXI1;SYTL3;SEMA6C;MAT2A;ARHGEF4;THRA;BIK;HOMER3;LPCAT4;TEF;CD101;SPP1;ACACB;ZMYND10;XYLT2;SYNE3;C16orf74;OLIG1;PNKD;SNRNP25;HIVEP3;DGKG;FDXR;TSPAN13;CRTC3;FADS2;EPN2;CX3CR1;UPB1;FLYWCH1;OSBPL5;ABCC5;MAST4;SPNS2;ANGPT4;MIF4GD;ADAM15;EHMT2;SCCPDH;RASA3;ICMT;POLR3K;MROH1;ABHD12;CHST13;ATG4C;PUS7;CEP85L;DCST1;KBTBD11;TEX2;ALDOC;MEAF6;XYLT1;SMYD3;PPFIA4;SHISA4;TESC;SPINT1;MVB12B;CTNNBIP1;TRAPPC2L;TAB1;HDAC11;ACBD6;ANGPT1;CCND2;HEATR3;DDX28;TPP2;DTX4;SLC25A36;PAQR4;CD9;ZNF697;SLC25A40;PPM1H;PLCB1;PHACTR1;KIT;RNF125,"[46, 444, 768, 893, 1094, 1123, 1465, 1585, 1627, 1836, 1921, 2104, 2176, 2212, 2254, 2511, 2597, 2951, 2971, 3101, 3135, 3697, 3887, 3914, 4081, 4400, 4456, 5107, 5115, 5173, 5468, 6321, 6325, 6351, 6396, 6449, 6499, 6652, 6656, 6882, 7035, 7226, 7257, 7437, 7438, 7444, 7465, 7591, 7667, 7861, 7866, 7976, 8007, 8067, 8478, 8670, 9045, 9268, 9325, 9525, 9728, 10177, 10185, 10250, 10324, 10378, 10478, 10499, 10502, 10576, 10603, 10902, 11014, 11125, 11498, 11943, 12112, 12133, 12346, 12654, 12907, 13072, 13199, 13238, 13754, 13833, 14287, 14686, 15127, 15164, 15173, 15192, 15703, 15941, 15994, 16421, 16477, 16659]",c7.vax__HOWARD_NEUTROPHIL_INACT_MONOV_INFLUENZA_A_INDONESIA_05_2005_H5N1_AGE_18_49YO_1DY_DN
c7.vax,NAKAYA_MONOCYTE_FLUMIST_AGE_18_50YO_7DY_UP,prerank,0.22296891087993906,1.101690856898343,0.1746641074856046,0.32778581290731335,1.0,71_449,71/449,14.82%,HSPA1A;HSPA1B;DNAJB1;MAFF;TLR8;FKBP5;IL4R;PLAUR;VNN1;TNFRSF1A;YBX3;C5AR1;CXCL1;LAIR1;NID1;RNASE2;CCR2;IL6;SLA;PBXIP1;TRIM5;KLF2;CIITA;CD163;CD86;MID1IP1;CXCL3;SMCO4;ADAMTSL4;IRAK3;CD33;TSC22D3;ENGASE;SLC16A3;GAS2L1;CD93;TNFAIP3;RASA4;ZFP36L2;TNF;GIMAP5;MS4A4A;CCND3;CYBRD1;CRISPLD2;TOB2;FCAR;TCF3;RGL2;BCL2;WBP1L;MERTK;SWAP70;IER2;IL27RA;GIMAP6;IL10RB;SLC15A2;CNOT3;VAT1;ARHGAP19;DNAJB2;GIMAP4;SIGLEC7;JUN;FLI1;HAL;TLR6;DEXI;SULT1A2;KRT10,HSPA1A;HSPA1B;DNAJB1;MAFF;TLR8;FKBP5;IL4R;PLAUR;VNN1;TNFRSF1A;YBX3;C5AR1;CXCL1;LAIR1;NID1;RNASE2;CCR2;IL6;SLA;PBXIP1;TRIM5;KLF2;CIITA;CD163;CD86;MID1IP1;CXCL3;SMCO4;ADAMTSL4;IRAK3;CD33;TSC22D3;ENGASE;SLC16A3;GAS2L1;CD93;TNFAIP3;RASA4;ZFP36L2;TNF;GIMAP5;MS4A4A;CCND3;CYBRD1;CRISPLD2;TOB2;FCAR;TCF3;RGL2;BCL2;WBP1L;MERTK;SWAP70;IER2;IL27RA;GIMAP6;IL10RB;SLC15A2;CNOT3;VAT1;ARHGAP19;DNAJB2;GIMAP4;SIGLEC7;JUN;FLI1;HAL;TLR6;DEXI;SULT1A2;KRT10;LIMK2;NABP1;IFRD1;RAB9A;ZBTB40;IL13RA1;SAP30;TBL1X;ARAP3;TRPS1;FBXL14;SS18L2;IRAK1;FYN;FPR3;GAA;TCP1;BAZ1A;MED20;PPP1R10;KLF6;DYNLL1;MRPS31;SLC16A1;ITGA6;ANG;KDM2A;NAALAD2;PKNOX1;RASSF4;GGA3;ZNF32;MINK1;SERP1;ZNF580;RAB4A;IRS2;BCCIP;ANKS1A;NEU1;PDGFC;ZMPSTE24;CPT1A;GALNT2;MAN2C1;CREBL2;CPM;UGDH;SMPD4;FAM13A;ACACB;ASRGL1;TBC1D8;TJAP1;EIF2B4;DNAAF2;GNPDA1;CRTAP;KLHL18;TMBIM1;UBE2I;IFNGR1;HIPK2;PTPN12;CTDSP1;ZNF202;CNOT6;TAF12;NR4A2;MSL2;GADD45A;MMS19;CASP2;ATG4A;TBC1D22A;ADNP;HNRNPUL2;HIPK3;ELP5;RHOT1;IFFO1;ALDH3A2;MLX;ST6GAL1;ETNK1;ZNF106;PTGS1;LCMT1;IVNS1ABP;ANKLE2;BBS9;CCT2;PREB;SRPRB;OAZ2;TNFAIP1;DNPH1;FKBP1A;LYRM4;NDUFB6;CCL3;CLN5;CX3CR1;FASTKD1;ZNF354A;AKAP13;PNMA1;PKP4;BTD;PCF11;ZNF225;ZBTB10;GEMIN4;DHX16;NDUFA6;ETS2;ASF1A;DCAF10;ESYT1;ATF2;HNMT;TMPO;STK3;RCHY1;VPS54;MRPL15;GEMIN2;C1orf50;DCLRE1B;CEPT1;GPATCH1;PID1;DUSP2;C1QBP;RCAN1;SMARCC2;ASPH;ZNF329;DERA;CLIP1;CAP1;ACO1;ABCB7;INPP5A;TTBK2;MNDA;LIMS1;EBAG9;LPAR1;CSPP1;RAB33B;SLC25A24;CLEC2D;IRF4;UBE4B;UBR4;FBXO28;STAM2;SEC24A;KDM3B;CDC73;NUDT15;ABHD2;HIP1;PTEN;PRPF40A;MGAT2;ZNF780A;MBNL1;CYB5R1;MAU2;PSMD14;UBE3B;ENOX2;STK38L;ZFP64;PFAS;PUS7;MBP;TRRAP;RNF146;RNASE4;TMCO1;EXOSC10;TRIT1;GLO1;TERF2IP;NRBF2;MRPL24;MEAF6;TGFBRAP1;MLXIP;ZBTB11;ASB13;ARFIP1;NCOR1;CCL4;GOSR2;CHUK;GNPTAB;ALG13;DEGS1;COX20;MRS2;TOR1AIP1;IPO5;EREG;TMEM184C;PHLDA2;CCDC88C;RTN1;APPBP2;NME1;APAF1;MAPK1IP1L;GORASP2;IPO7;ERLIN2;TAX1BP1;SETX;ZMYM6;ATM;OLFM1;BCAP29;TTC27;PHF20;RABEP1;NOLC1;ANKRD17;TTC9;MRPS14;RNF111;ZNF45;SNAPC3;LYST;TTC17;NRG1;BORA;HERC2;F5;ZFAND5;MICAL2;TCTN3;ATP6V1C1;FASTKD3;SMG1;NAIP;THOC7;PTGER4;TRAPPC10;ZNF277;ENTPD1;AK2;CCDC25;FUCA1;CAND1;ARMC8;PRPSAP1;ATP6V1B2;CPD;CNOT1;PURA;ITPR2;FCF1;GPATCH4;CEP57;WBP4;DCAF13;ARFGEF2;MBNL2;ENC1;TOR1A;PTPN22;PIBF1;SMC5;SIKE1;C6orf120;IPCEF1;GCSH;WWP1;PRKAG1;TTC3;UBE2V2;EXOC5;OGFOD1;WDR7;TOPBP1;GALC;HECTD4;MDM2;PTGS2;VBP1;TM2D1;ZNF224;BRCC3;HEATR3;ZNF146;UBL3;RAB3GAP2;MAP3K12;RPE;MTSS1;MTDH;SEC63;SRPK2;MAN2A1;TRAPPC8;MRPL3;PREPL;FBXL12;EIF1AX;MEF2C;MYCBP;SDAD1;PIK3C2A;ANAPC5;MCTP1;DPP8;EPM2A;SEC23B;TPM1;CAPN3;SLC35A5;CPPED1;CTPS2;MTRR;PLXNC1;IDS;MRPS30;WDR12;GNL3L;IFT74;EFHC1;RAP1GDS1;ERMP1;VAMP4;OGFOD3;CCSER2;DLG1;DICER1;PTX3;DDX18;CD9;TNFSF10;ZNF780B;PAFAH1B1;XRCC4;NPAT;OXR1;MON2;TSNAX;FBXW2;LRRC8D;SLC25A40;NR4A3;TBC1D5;KIDINS220;AZI2;DMXL1;IBTK;TIA1;HSD17B12;WIPF1;ATR;DUSP6;UGGT2;EGR3;ERI2;BMP2K;MTR;USP32;TCP11L1;ZNF226;EGR1;NEU3;APOOL;KLHL11;EGR2,"[2, 7, 8, 25, 203, 215, 222, 295, 323, 465, 466, 497, 594, 610, 637, 667, 711, 719, 734, 760, 786, 811, 815, 818, 827, 852, 873, 886, 896, 950, 998, 1034, 1051, 1200, 1251, 1292, 1329, 1354, 1382, 1526, 1583, 1623, 1758, 1772, 1826, 1838, 1843, 1891, 1897, 1935, 1941, 2013, 2042, 2071, 2078, 2107, 2113, 2135, 2144, 2218, 2268, 2351, 2363, 2377, 2405, 2406, 2486, 2518, 2547, 2568, 2596, 2754, 2903, 2935, 3017, 3062, 3069, 3104, 3119, 3144, 3167, 3180, 3227, 3238, 3313, 3317, 3369, 3387, 3403, 3416, 3498, 3544, 3652, 3659, 3677, 3749, 3768, 3786, 3998, 4045, 4046, 4119, 4121, 4157, 4186, 4211, 4285, 4288, 4332, 4348, 4355, 4382, 4421, 4523, 4629, 4708, 4756, 4854, 4930, 4959, 5150, 5173, 5198, 5217, 5245, 5259, 5271, 5339, 5379, 5410, 5447, 5531, 5652, 5675, 5746, 5775, 5867, 5920, 5930, 6025, 6045, 6156, 6166, 6168, 6187, 6234, 6263, 6281, 6387, 6401, 6436, 6442, 6494, 6547, 6550, 6588, 6597, 6627, 6655, 6723, 6874, 6898, 6900, 6907, 6969, 6974, 7010, 7047, 7174, 7232, 7379, 7409, 7421, 7438, 7443, 7596, 7606, 7617, 7621, 7626, 7672, 7775, 7778, 7806, 7896, 7901, 7952, 7968, 7980, 8000, 8026, 8041, 8059, 8220, 8275, 8291, 8355, 8413, 8436, 8538, 8565, 8644, 8655, 8683, 8735, 8774, 8793, 8927, 8954, 8969, 9018, 9027, 9081, 9100, 9128, 9147, 9168, 9243, 9246, 9309, 9332, 9381, 9478, 9564, 9586, 9612, 9618, 9670, 9673, 9733, 9758, 9834, 9861, 9866, 9888, 9891, 9899, 9900, 9902, 9907, 9922, 10014, 10016, 10056, 10071, 10076, 10176, 10233, 10250, 10265, 10279, 10296, 10310, 10396, 10431, 10440, 10458, 10507, 10544, 10562, 10576, 10582, 10621, 10663, 10684, 10687, 10785, 10797, 10808, 10904, 10922, 10928, 11005, 11008, 11011, 11052, 11202, 11223, 11252, 11321, 11386, 11422, 11423, 11445, 11485, 11516, 11597, 11608, 11635, 11693, 11700, 11707, 11714, 11756, 11811, 11844, 11863, 11872, 11890, 11910, 11914, 11921, 11984, 11999, 12036, 12078, 12083, 12108, 12191, 12206, 12241, 12247, 12260, 12261, 12279, 12282, 12293, 12297, 12304, 12343, 12366, 12392, 12396, 12490, 12499, 12500, 12509, 12526, 12527, 12573, 12586, 12626, 12679, 12687, 12708, 12722, 12736, 12744, 12752, 12850, 12884, 12941, 12970, 13052, 13060, 13143, 13240, 13256, 13304, 13365, 13371, 13378, 13391, 13442, 13454, 13514, 13521, 13538, 13580, 13595, 13617, 13656, 13718, 13719, 13726, 13753, 13754, 13773, 13790, 13805, 13851, 13864, 13911, 13974, 13982, 14004, 14040, 14054, 14064, 14070, 14076, 14150, 14202, 14222, 14231, 14250, 14274, 14372, 14465, 14470, 14487, 14533, 14550, 14601, 14733, 14742, 14756, 14798, 14810, 14888, 14907, 14942, 14975, 14977, 15032, 15047, 15056, 15076, 15092, 15116, 15122, 15139, 15143, 15173, 15232, 15251, 15277, 15282, 15301, 15454, 15516, 15557, 15636, 15669, 15703, 15706, 15713, 15766, 15934, 15980, 16033, 16053, 16059, 16279, 16480, 16481, 16608, 16690, 16736, 16739, 16816, 16852, 16856, 16980, 17016, 17153, 17283, 17285, 17423]",c7.vax__NAKAYA_MONOCYTE_FLUMIST_AGE_18_50YO_7DY_UP
c7.vax,GAUCHER_PBMC_YF_VAX_STAMARIL_UNKNOWN_AGE_14DY_DN,prerank,0.4273152052277183,1.0958934739328539,0.3360995850622407,0.3365967022430204,1.0,3_12,3/12,10.84%,RBM47;ANAPC16;ZNF217,RBM47;ANAPC16;ZNF217;HSD17B11;NAP1L1;CMPK1;FIS1;LMO2;ATM;P2RY13;CD46;OSBPL8,"[469, 1100, 1898, 6219, 7238, 9690, 10394, 10397, 11714, 13259, 14057, 15821]",c7.vax__GAUCHER_PBMC_YF_VAX_STAMARIL_UNKNOWN_AGE_14DY_DN
c7.vax,SOBOLEV_PBMC_PANDEMRIX_AGE_18_64YO_MEDIUM_HIGH_ADVERSE_EVENT_SUBJECTS_1DY_UP,prerank,0.3398950658930356,1.093247713129041,0.3386454183266932,0.33928684193314856,1.0,12_29,12/29,19.68%,CFH;VMO1;FCRLA;DOK7;CD79B;C8G;CD79A;P2RX5;L1TD1;SYT17;CD22;RPS26,CFH;VMO1;FCRLA;DOK7;CD79B;C8G;CD79A;P2RX5;L1TD1;SYT17;CD22;RPS26;MOXD1;CNR2;FCER2;BANK1;TSPAN13;DENND5B;PAWR;CD72;GPR20;CD19;TNFRSF13C;PCDH9;MTSS1;SETBP1;EBF1;MS4A1;PPP1R17,"[967, 1226, 1514, 1901, 2306, 2608, 2657, 2809, 2883, 3050, 3309, 3446, 4031, 4659, 5371, 6502, 7035, 10347, 10762, 10987, 11722, 11727, 12512, 13799, 13911, 14063, 14294, 15249, 17086]",c7.vax__SOBOLEV_PBMC_PANDEMRIX_AGE_18_64YO_MEDIUM_HIGH_ADVERSE_EVENT_SUBJECTS_1DY_UP
c7.vax,GARCIA_PINERES_PBMC_HPV_16_L1_VLP_AGE_18_25YO_7MO_CORRELATED_WITH_ANTIBODY_RESPONSE_NEGATIVE,prerank,0.42082519064952345,1.0692349635823166,0.3827956989247312,0.38177913112670037,1.0,4_12,4/12,9.54%,SLC43A1;IMPA2;LEF1;RBMS2,SLC43A1;IMPA2;LEF1;RBMS2;CXCL2;HPCAL1;GMEB1;HS3ST2;ADD3;FUCA1;PMP22;KRT5,"[1234, 1295, 1357, 1671, 3816, 6972, 8942, 9403, 9769, 12500, 14599, 17270]",c7.vax__GARCIA_PINERES_PBMC_HPV_16_L1_VLP_AGE_18_25YO_7MO_CORRELATED_WITH_ANTIBODY_RESPONSE_NEGATIVE
c7.vax,ZAK_PBMC_MRKAD5_HIV_1_GAG_POL_NEF_AGE_20_50YO_CORRELATED_WITH_CD8_T_CELL_RESPONSE_3DY_POSITIVE,prerank,-0.3570582587341806,-1.3198230090766403,0.06854838709677419,0.3900409801260063,1.0,40_64,40/64,43.10%,ZNF280D;SLC30A9;ZNF484;SLC25A40;KIF2A;GTF2H3;PIGK;ZNF431;MAP4K5;ZNF134;ZNF510;SLC16A6;PCNP;HOOK3;PIK3R1;GCC2;SBDS;PTPN22;HAUS6;CTDSPL2;KIN;ESF1;HAUS3;ESCO1;ATRX;CCNT1;HNRNPA3;FYTTD1;PLEKHA1;GOLGA4;ZNHIT6;ARHGAP12;MIS12;ZNF507;ZNF721;FBXO11;SMURF2;DENND4C;ZNF131;LMAN1,SH2D1B;GNG11;LRRC37B;ZBTB44;ZNF765;KDM3A;DHFR;PDGFD;TRPM7;PRKAR2B;KTN1;MGAT4A;ZNF486;ZNF654;SNRNP27;CDK8;ZNF845;PCGF5;ARID4A;RASA2;ANKRD12;CLEC2D;LCOR;MIER3;LMAN1;ZNF131;DENND4C;SMURF2;FBXO11;ZNF721;ZNF507;MIS12;ARHGAP12;ZNHIT6;GOLGA4;PLEKHA1;FYTTD1;HNRNPA3;CCNT1;ATRX;ESCO1;HAUS3;ESF1;KIN;CTDSPL2;HAUS6;PTPN22;SBDS;GCC2;PIK3R1;HOOK3;PCNP;SLC16A6;ZNF510;ZNF134;MAP4K5;ZNF431;PIGK;GTF2H3;KIF2A;SLC25A40;ZNF484;SLC30A9;ZNF280D,"[1076, 1851, 4030, 4878, 5404, 5717, 5783, 6282, 6438, 6516, 6556, 7888, 8323, 8329, 8473, 8751, 8880, 9072, 9076, 9210, 9281, 9564, 9617, 9669, 9969, 10025, 10033, 10097, 10180, 10222, 10424, 10433, 10591, 10605, 10631, 10960, 11026, 11090, 11200, 11432, 11680, 11919, 11987, 12583, 12890, 13017, 13052, 13165, 13338, 13367, 13485, 13579, 13658, 14332, 14397, 14771, 14861, 15066, 15070, 15450, 15703, 16100, 16206, 16895]",c7.vax__ZAK_PBMC_MRKAD5_HIV_1_GAG_POL_NEF_AGE_20_50YO_CORRELATED_WITH_CD8_T_CELL_RESPONSE_3DY_POSITIVE
c7.vax,NAKAYA_B_CELL_FLUMIST_AGE_18_50YO_7DY_DN,prerank,0.2159795487804431,1.0415890668732892,0.33992094861660077,0.4368096293661679,1.0,49_365,49/365,12.54%,HIGD1B;S100A8;CEBPD;BCL3;FGR;SLC12A7;HLA-DRB5;HLA-DRB1;LILRA2;LYZ;NID1;HK2;CLU;ELF4;CD300A;CD86;ICAM1;CDK2AP2;MAPKAPK2;CYP1B1;PLEC;FHOD1;SRGN;AHNAK;GYPC;TNFAIP3;FOSL2;PSTPIP1;RIN3;ECE1;CES1;TIMP1;SULT1A3;TLR7;PLCD1;SCO2;B4GALT1;BST2;LYL1;CD84;CD59;SWAP70;DNAJB6;IL27RA;IL10RB;PML;CRYBB2;RNPEPL1;KCNN3,HIGD1B;S100A8;CEBPD;BCL3;FGR;SLC12A7;HLA-DRB5;HLA-DRB1;LILRA2;LYZ;NID1;HK2;CLU;ELF4;CD300A;CD86;ICAM1;CDK2AP2;MAPKAPK2;CYP1B1;PLEC;FHOD1;SRGN;AHNAK;GYPC;TNFAIP3;FOSL2;PSTPIP1;RIN3;ECE1;CES1;TIMP1;SULT1A3;TLR7;PLCD1;SCO2;B4GALT1;BST2;LYL1;CD84;CD59;SWAP70;DNAJB6;IL27RA;IL10RB;PML;CRYBB2;RNPEPL1;KCNN3;HDGF;SULT1A2;LGALS1;CTBP2;NPL;CREM;RIN2;NCF2;KYNU;FHL3;FYN;RERE;RHOBTB3;BAZ1A;ARG2;SMG6;CDC37;MRPS15;PLGLB1;YES1;CIZ1;CD58;UPF1;TFE3;PRDX1;GLB1;CD44;POLR1C;TMEM11;MAP2K7;RAB4A;GTF2I;SGPL1;ID2;CLEC7A;MRC2;TNFSF13;SNRNP35;MAPKAP1;PPARD;SSRP1;CNOT4;LMNA;SUPT6H;FARP1;NCR3;WIPI2;MFAP1;TOR3A;COX5B;CNIH4;ATXN2L;POLR2E;CSNK1D;PITPNC1;NEO1;LGALS3;IFNGR1;CLMN;HIPK2;NFE2L1;IL6ST;GBP1;PTPN12;HIP1R;APPL2;HPS1;ZFAND6;CLTA;SLC1A4;WDR45B;KATNA1;RCN1;NIPBL;FCN2;PIN1;APOA2;MLX;CAPNS1;SERPINB1;ERCC1;LYN;ZNF324;EIF4EBP2;EIF4G1;ATP2B4;MED27;CELF1;ALDH18A1;OAZ2;GPAA1;PRPF38B;LDOC1;GPD2;PIGC;HAAO;MNT;P2RX1;TRIB3;NECAB3;TLE4;IDH3B;PPP1CA;LILRA1;AKAP13;PIGH;CD244;APOBEC3F;PES1;NPHP4;RBM19;CACNA2D3;TSG101;PHC1;YWHAH;IFI30;SMARCD1;ATAD2;ACVR1B;SRSF10;ATP6V0D1;PHACTR2;KAT6A;BLVRA;DESI2;CTNNA1;AP4E1;COQ9;ACOX3;PCGF3;PSMG2;REXO2;C1QBP;TFB2M;PRKAG2;APIP;TNPO1;ROGDI;ANXA4;EIF4E2;NAMPT;MNDA;GNS;UPP1;EBAG9;LGALS8;MAP7D1;AHR;LPCAT3;U2AF1;PARP8;ATG13;DUSP7;ACVR2A;RRN3;RAB1A;KPNA6;SENP5;PTEN;PTPRS;HSPA9;INPP1;KAT6B;LUC7L;SENP2;HADHA;USP1;VAMP3;TRAM1;RDX;PHF3;ZNF148;PPP1R9A;FIS1;DYRK1A;QSOX1;ADSL;PI4KA;CBX6;ELF2;OAS3;TFRC;PEBP1;TACC1;FEZ2;ALOX5;TFAM;GOSR2;QKI;KPNB1;SNIP1;BCL2L13;EIF4A3;TOR1AIP1;AHCYL1;GTPBP1;NSUN6;ATXN7;CCDC47;TSFM;IGFBP7;PRRC1;EMC1;CAPRIN1;TRAF6;UTP14A;APAF1;CDS2;TGFBI;ACOX1;NUP210;SLC35A1;UBE2D1;NCOA2;PPP3R1;WDR41;UTP14C;RABGGTB;ZFYVE26;RBPJ;CYLD;UTP18;PSME3;DZIP3;SPAG9;RBM5;PIK3CB;CAMSAP1;NMD3;ERAP1;SPTLC2;KPNA1;AK2;KAT7;TMEM135;ATP6AP2;DDX21;MYH10;RUFY3;GLYR1;MED1;KLF11;SON;ARIH1;TPK1;ZNF710;CALM1;SKAP2;PIK3R1;CBLL1;RABGEF1;FNTB;YLPM1;ATAD2B;MDM2;TTC21B;HMGXB4;ZNF292;ADNP2;STAMBP;TM2D1;API5;TBL1XR1;BRCC3;C5orf15;RPE;MBD4;PLK3;GART;PSMB2;ZNF532;SCAF11;HPSE;AZIN1;MYCBP;ANAPC5;ARL1;RNF115;CENPF;SNX1;TAF9B;LANCL2;SEC23B;SYNJ2;SLC35F5;ALCAM;MAP4K5;PLXNC1;ARL4C;GLB1L;NOC3L;GK;CLIC4;RASA1;DPP4;PSD3;SLC24A1;MASP2;KIF2A;FBXO9;RNASEH1;SYNE1;OPA1;C8orf44;SERINC5;CSGALNACT2;COL9A3;NREP;STX17;USP13;KLF8;LTN1;GAS7;SECISBP2L;PLGLB2;KLHL11,"[129, 157, 312, 332, 382, 468, 542, 558, 572, 574, 637, 744, 751, 803, 812, 827, 847, 890, 941, 993, 1115, 1128, 1146, 1208, 1209, 1329, 1355, 1376, 1436, 1469, 1470, 1515, 1536, 1546, 1563, 1609, 1628, 1831, 1861, 1992, 2017, 2042, 2051, 2078, 2113, 2122, 2150, 2192, 2196, 2323, 2568, 2686, 2902, 2943, 3086, 3113, 3164, 3173, 3248, 3313, 3323, 3366, 3403, 3411, 3461, 3505, 3532, 3551, 3581, 3585, 3647, 3965, 3973, 4033, 4038, 4043, 4063, 4146, 4266, 4285, 4296, 4317, 4384, 4462, 4528, 4642, 4726, 4781, 4819, 4860, 4867, 4905, 4943, 5080, 5093, 5135, 5138, 5160, 5276, 5277, 5307, 5381, 5392, 5525, 5528, 5562, 5652, 5655, 5675, 5680, 5726, 5727, 5746, 5776, 5871, 6005, 6010, 6049, 6227, 6286, 6303, 6329, 6381, 6383, 6395, 6445, 6547, 6549, 6571, 6578, 6593, 6755, 6766, 6785, 6804, 6825, 6929, 6935, 6974, 7017, 7033, 7065, 7090, 7138, 7149, 7175, 7201, 7236, 7306, 7360, 7393, 7430, 7496, 7606, 7611, 7682, 7721, 7737, 7754, 7779, 7780, 7812, 7840, 7842, 7978, 7982, 8009, 8050, 8053, 8129, 8156, 8244, 8265, 8367, 8375, 8395, 8417, 8425, 8537, 8696, 8707, 8735, 8780, 8783, 8799, 8810, 8831, 8894, 8940, 9148, 9168, 9170, 9229, 9246, 9316, 9366, 9440, 9484, 9543, 9557, 9606, 9646, 9698, 9709, 9713, 9778, 9883, 9891, 9893, 10002, 10006, 10009, 10079, 10093, 10131, 10138, 10201, 10225, 10240, 10277, 10281, 10344, 10394, 10400, 10417, 10483, 10484, 10537, 10599, 10622, 10683, 10690, 10698, 10722, 10750, 10804, 10808, 10821, 10936, 11034, 11036, 11039, 11052, 11095, 11118, 11180, 11270, 11272, 11358, 11361, 11373, 11398, 11425, 11426, 11462, 11485, 11590, 11627, 11648, 11671, 11739, 11751, 11841, 11883, 11915, 11925, 11964, 11991, 12042, 12046, 12072, 12096, 12110, 12159, 12160, 12207, 12212, 12259, 12354, 12443, 12456, 12490, 12560, 12604, 12688, 12765, 12774, 12808, 12945, 12998, 13024, 13048, 13062, 13098, 13252, 13283, 13288, 13367, 13441, 13469, 13513, 13570, 13604, 13617, 13639, 13655, 13698, 13702, 13708, 13719, 13720, 13722, 13753, 13785, 13864, 13887, 13899, 13926, 14007, 14081, 14085, 14138, 14203, 14222, 14274, 14295, 14313, 14326, 14328, 14346, 14382, 14487, 14543, 14712, 14739, 14771, 14798, 14821, 14863, 14874, 14896, 14951, 15014, 15020, 15296, 15331, 15416, 15450, 15492, 15608, 15752, 15789, 15867, 15971, 16083, 16139, 16156, 16218, 16266, 16267, 16404, 16432, 16462, 16922, 17285]",c7.vax__NAKAYA_B_CELL_FLUMIST_AGE_18_50YO_7DY_DN
c7.vax,NAKAYA_PLASMACYTOID_DENDRITIC_CELL_FLUMIST_AGE_18_50YO_7DY_UP,prerank,-0.23448874684041013,-1.2490240439913434,0.0,0.4576033874765607,1.0,453_1117,453/1117,35.24%,ACTA2;AMY2A;FLT3;APOOL;PLK4;PYROXD1;EGR1;ZNF226;ITGA4;AGTPBP1;MTR;LDLRAD4;PNOC;BMP2K;BTAF1;WSB1;ANKHD1;GLCE;AGA;TRDMT1;ZNF337;HMGCS1;DUSP6;SCD;SECISBP2L;SLC16A7;DNAJC10;LTN1;OSBPL9;SC5D;LRRC40;SCYL3;LPGAT1;KCNAB1;RAD51AP1;ENPP2;PTP4A1;SLC30A9;FAR2;AMIGO2;TIA1;IBTK;ZNF713;MFN1;MAK16;DMXL1;AZI2;UBE4A;KLHDC10;SENP6;SLC35A3;FECH;OSBPL8;OPA1;ACSL4;NFAT5;RPAP3;PLCL2;DDX6;MDN1;DMXL2;TBC1D5;NR4A3;LRRC8D;GALNT7;PJA2;FASTKD2;SIDT1;GCOM1;RCOR3;TSNAX;U2SURP;LRPPRC;MON2;MRPS16;SLC38A1;OXR1;MAN2A2;OPN3;GTF2H5;CSNK1A1;CREBZF;FUT4;SLC24A1;MRPS17;EPS15;XRCC4;PAFAH1B1;MTF2;YWHAQ;EXOSC8;TDP1;SLC25A32;PRKACB;IDI1;ZBTB25;BTBD3;CUL5;PLEKHB2;DICER1;DMTF1;SNX13;IFT52;SEL1L;COX15;ENOPH1;TMEM38B;ADAM22;RASA1;ZNF83;RALGAPA1;ZNF195;MAD2L1;PHKB;EFHC1;IFT74;AGO2;GNL3L;NBN;LAPTM4B;SLC11A2;GK;POT1;NOC3L;MSH3;USP4;AGPAT5;TTC13;PLXNC1;RBM41;MEF2A;POLR3C;USP9X;MAP4K5;MTRR;TFCP2;DCK;KMO;EVI5;PSMG1;ALCAM;PRKDC;ENPP4;MCM4;CEP68;GALNT3;AIMP2;RABL3;C11orf24;PWP1;RPA3;UBE3A;PMP22;PSEN1;TXNDC5;DHDDS;TRMT61B;RMDN1;EAF2;TMX4;SEC23B;EPM2A;DPP8;ADAM9;PTBP2;RWDD2B;GNAL;OXCT1;ATP9B;HGSNAT;SERINC3;GPX7;PFKFB2;HMG20A;C2CD5;CITED2;ARL1;DNAJC24;PARP2;AKT3;PAXIP1;TDG;SLC25A46;MYCBP;HSPA13;MEF2C;EIF1AX;CNTRL;LONP2;ALDH5A1;DIMT1;EMC2;EEA1;CCNT2;DDX42;TAF1B;COX11;RCN2;MRPL3;RAD17;TSR1;TRAPPC8;GPATCH2L;SRPK2;TUBGCP4;R3HDM1;TRIM33;RGS7;MTDH;MGAT5;BBS4;ERAP2;CTBS;DDX19A;PDHB;PTPN11;TMEM33;ITGB3BP;MBD4;ATP6V1A;CLCN3;RPE;ELMO2;ASCC3;MED7;RAB3GAP2;UBL3;DYNC1H1;ATXN10;ZNF224;API5;TM2D1;RNF13;STAMBP;STX18;VSNL1;PPP6C;ATP2A2;SACS;PRKCI;AMY2B;ATAD2B;LAMP5;TDRD3;TOPBP1;ADK;INSIG1;SLC4A7;NAE1;AFG3L2;EXOC5;WDR3;ISCA1;TTC3;TMEM185B;GCSH;WDR47;RBL2;BEX4;RIMS3;WBP11;ZMYM4;TOP3A;CCND2;RFK;WSB2;SMARCA5;SRSF6;INPP4A;LRBA;PCM1;NFU1;FNDC3A;M6PR;CCDC91;HMGCR;TUBB3;ARIH1;PTPN22;PDCD2;USP6;BZW1;CUEDC1;XRCC5;MACF1;EDEM2;ZNF544;TOR1A;PDF;RAB5A;ATP13A3;MRPS18B;APPL1;MBNL2;HSDL2;RAB40B;ARFGEF2;SFSWAP;SUZ12;TMED7;HS3ST1;TTF1;PAFAH2;RUFY3;NPM1;FAM3C;COBLL1;SETD6;DCAF13;WBP4;USP15;ZMYM2;CEP57;PPP3CB;ANGEL2;ADAM10;ITPR2;GPR107;NECAP1;PTBP3;SPAST;CNOT1;CUTC;PCMT1;UEVLD;MAGEH1;CPD;KIN;LUC7L3;PDCD10;BRIX1;LRRFIP2;FAF1;NR3C1;SLC39A6;RFWD3;VCL;AK2;ALG5;FMR1;KPNA1;MICU2;WDR70;ENTPD1;ZNF277;CUL4B;RNF14;C12orf43;RAB38;ATXN1;TRIP11;TRAPPC10;LMF1;SCUBE3;SMIM7;ERAP1;CSE1L;FLNB;PTGER4;CDK12;CYFIP2;THOC7;ZMYND11;SMG1;ARAP2;ACSL3;NFX1;ACTR6;CAMSAP1;PPP1R12A;TPD52;PPIG;ZC3H15;SPAG9;EID1;COPS8;C10orf88;KPNA2;FGFR2;DZIP3;KCTD20;NOL9;RNF11;ASXL2;AMD1;SOS2;ANKMY2;SNAPC3;CHTOP;SLC7A6;ANKFY1;GMFB;AVL9;RABGGTB;FHL1;COPS2;EIF2S1;RBM8A;HAUS3;ANKRD17;S100PBP;WASF1;UCP2;PPP3R1;GLMN;AP2B1;RSL1D1;SLC35D1;ERP44;EBNA1BP2;CEP63;TMEM131;ATM;SETX;NUP210;OAT;RABGAP1L;DCAF7;ERLIN2;TEX10;ENSA;PPP3CA;IPO7;PITPNA;RANBP1;PRDM2;PPP2R5E;TPM4;SLC33A1;SEC31A;DBF4;MOAP1;PDE12;TMCO6;CHD9;CCDC59;RAPGEF2;APAF1;BSPRY;TMEM59;MAPK1;TSC1;KDM6A;ATRX;APPBP2;RAP2C;EFR3A;EIF3J;CCNG2;SLC18A2;IGFBP7;PPP1R16B;ARF4,DNASE1L3;MZB1;SLC5A3;MICB;FKBP5;IL4R;NCF4;P4HA1;SLC43A3;MTHFD2;MMRN1;CCR2;HSPH1;PBXIP1;SYK;CDK2AP2;SIK1;HS3ST3B1;HSPD1;TSC22D3;TRAM2;MANF;HMG20B;NOTCH4;BTG1;ARHGAP15;ZFP36L2;ANXA2;AK1;TLR7;S100A10;SH3BGR;SHMT2;ADRB2;CHST11;IL6R;RSAD1;ZMYND8;CCND3;BTK;DLEU1;TOB2;LILRB2;TCF3;CCR1;NADK;IL18RAP;WBP1L;LHFPL2;HIBCH;TIMELESS;IL27RA;HSPA5;SLC15A2;ACSF2;SNAP23;U2AF2;CDK2AP1;PAPOLA;RHOQ;PPP1CC;FLI1;RGS2;XPO1;PLIN3;CLIC3;TLR6;NCK2;THBD;DPP3;KRT10;ELL3;STAT6;ISG20;DDX27;HIC2;C7orf25;GSTM4;ABCB1;SAC3D1;RGS1;IQCE;RIT1;BCL2L1;ZNF124;GLUL;HSPA4;CTBP2;RPL13;ARHGAP17;IFRD1;EIF3G;PDE4DIP;TAF4;IL13RA1;CREM;AFF1;MAT2A;SENP3;SLC7A1;IKBKB;TRPS1;ST3GAL1;ATF1;LCP2;TBPL1;ADI1;GTF3A;PQBP1;FYN;NME8;RUVBL2;SESN1;NOD1;TCP1;CMTM6;BAZ1A;FLOT1;ARG2;P2RY14;EGLN1;PPP1R10;NOP56;MRPS15;YKT6;CIZ1;ELF1;OAS1;UBAP1;DNAJC9;UBE2B;PSMB8;ABCC4;CCNG1;TSC22D1;THAP1;CTNS;ATP10A;CCT4;RBCK1;SMARCC1;E2F5;MDFIC;MOXD1;CARD8;BCL2L11;GLRX;CSRP2;SERP1;ST3GAL6;DAPK1;PTP4A3;ENO1;RBM10;GNAI3;UBE2L3;FAM117A;EIF3B;REST;RALBP1;DAD1;PGM1;FLOT2;TOR1B;TBC1D1;ZNF814;TUBB4B;WDR1;COMT;MAP3K5;CREBL2;TRIM27;TMED5;CNOT4;SUGP1;EZH1;EBP;UQCR10;ZNF609;EIF2S2;SPIN2A;HUS1;SPIN2B;DENND4B;DNTTIP2;F8A1;WAC;ZCCHC24;SLC4A3;COPS6;OBSL1;FAM13A;CLK1;POU4F1;IRF2;CYFIP1;PARVB;WDR59;RPP38;DSG2;DIAPH1;ADA;KLHDC2;ADCK2;PEPD;DGKA;MLEC;CMKLR1;ERMAP;PSMB6;CSNK1D;RPS6KA4;RNF8;NUDT3;GGH;LSM1;ECHS1;PPP3CC;SYNE2;RGS10;N4BP1;KCTD12;SUPT20H;ENTPD6;AJAP1;UBE2D3;CTSB;CRELD2;NFYC;ASNS;SH3BP4;POP5;KIF1A;TPRKB;UBTF;DHFR;PRDX6;PDIA6;DAAM1;PNISR;ZNF202;ECH1;TBC1D4;KRBOX4;ARHGAP24;MAPKAPK3;TAF12;KRCC1;GOLPH3;KCNA5;SMAD3;CHST15;OTUD4;DGUOK;NEK9;NR4A2;KPNA5;TUBB;MSL2;CLTA;TMBIM6;PSMD4;GADD45A;BIN1;SMIM8;SLC1A4;NUBP1;C11orf21;DERL2;PPP2R3C;ADNP;DGCR2;TRAK1;NRP1;ASNSD1;PPP2CB;NPEPPS;RRBP1;NIPBL;SMAP1;HIPK3;MTM1;EPHB1;WIPF2;FDFT1;RHOT1;PAIP2B;TMEM70;DCTN3;BANK1;INTS1;ATF7;EIF5B;MLX;CAPNS1;KTN1;ERCC1;ETNK1;ZNF106;CCDC86;UPF2;TSPAN31;ROCK1;PYGB;DAB2;WIPI1;CCT6A;PSMA1;ARL3;RBMS1;UCHL3;ST6GALNAC4;CALCRL;SPOP;CCT2;CELF1;CA8;RBM15B;BAG6;SRPRB;ADD1;MIOS;RPF1;GPR183;PRPF38B;MRPL33;KDELR2;ZBTB33;MCC;LYRM4;RNF130;PIK3CA;TMEM39A;ESD;GRPEL1;MALT1;COX16;CD55;BUB3;STIM1;NAPA;SLC35A2;SUMO1;FASTKD1;SH3GLB1;MSRA;HECTD3;INTS6;NUP98;NOL8;TAX1BP3;SUPT3H;RRP1B;TRPV1;PAK2;MAPK14;ANKRD10;BLOC1S5;SCN9A;ST13;SHQ1;AR;MPP1;AACS;LAMC1;BUD31;UQCRB;ZNF354A;UBR2;PKP4;PPP2R5D;SAE1;MBD1;GYG1;RBBP6;CAPN7;DCP2;TMED10;OCRL;ZBTB10;COPZ1;OXSR1;CDR2;SEL1L3;COG8;ANKRD49;MGAT4A;CAPZB;BLMH;ELAVL1;INTS7;PRPF8;ASF1A;GPBP1L1;ATF2;TMPO;NAGA;GRHPR;COPB1;TRIM38;DECR1;SPCS2;CUL4A;ATRAID;ODC1;FANCI;HSF2;TMUB2;NCBP2;ARHGEF7;PSMD2;TMEM14A;POP4;ACAT1;SP4;DESI2;MRPL48;CTNNA1;CCZ1B;AUTS2;LIN37;GEMIN2;GALNT1;URI1;C1orf50;NCOA6;SP110;CBX1;ZBTB18;PSMA2;ZNF7;IQGAP1;GSPT1;HADH;TBCCD1;MTMR1;RDH14;PLVAP;GNPAT;REXO2;RPS6KA2;C1QBP;RXRB;UBR7;ATG12;RCAN1;PRKAG2;TNPO1;JAK2;YAF2;PAIP1;UBR5;MRFAP1L1;ANXA4;EWSR1;KDM4A;GSPT2;ZNF329;DERA;GTF2A2;UBE2E3;HSBP1;TBL2;NT5C2;CLIP1;CAP1;CDK13;FIBP;SPG7;PRPF6;RBM28;RPS6KA3;COG2;PUM1;GNS;VAMP1;TCF4;PGAP2;MAP3K7;SCYL2;COIL;RMDN3;LIMS1;STX6;PBX3;TRIM14;CENPJ;SMARCAL1;SOD2;RPA2;RAB33B;PDCL3;CETN3;CCZ1;RNF139;NUMA1;BTG2;ABCB4;SH3BGRL;BCL11A;TWF1;UBAP2L;SMYD2;LPCAT3;PIP4K2A;PPP1R11;CNDP2;CCDC90B;GPD1L;MED31;RAB6B;PDIA5;UBE4B;CREB1;UBFD1;PRKCD;UBE2J1;UBA2;STAM2;MAP1LC3B;ITGAV;CMPK1;SUN1;RRN3;APC;NSL1;SEC24A;PHTF1;CDK5RAP1;CAT;THUMPD1;MIA3;KDM3B;ADD3;POLM;EIF3M;DNAJC8;ZNF207;DESI1;NUP160;NUDT15;ABHD2;LAMP2;HIP1;OSTF1;PTEN;VPS45;YWHAE;MBNL1;NDST2;CDYL;CELF2;BMPR2;TMEM50A;PRPF4;TBCC;SLC9A6;PSMD14;ZNF131;DR1;MPV17;PRNP;ATP2C1;CEP350;MAP7D3;PUM2;FEM1B;SMURF2;GLRX3;EIF2B1;THOC2;USP1;CMAS;TANK;GDE1;CRIM1;PRDX4;RCOR1;TIMM17A;TRAM1;ZNF148;DNAJB9;DPYSL2;PRDM10;METAP1;CISD1;ZNF117;PPP2R5C;LSM3;CIAPIN1;CCDC93;TMCO1;SCP2;SNRNP200;SIDT2;GLO1;SPTBN1;PI4KA;GNB1;TERF2IP;PRKCA;EML4;MPRIP;MEAF6;ARHGAP12;RAB7A;GLS;ZNHIT6;GOLGA4;UPF3A;EFCAB2;SEC62;NSDHL;TACC1;MED28;FEZ2;RYR3;RMND5B;MTX2;IQSEC1;ACACA;RDH11;SNCA;GOSR2;QKI;PEX13;ARL8B;MGMT;R3HCC1;VPS41;SNAPC5;CDC16;ALG13;UBA3;MATR3;DUSP3;LARP4B;ANKHD1-EIF4EBP3;MRS2;GLOD4;RET;LSM5;DAP3;POLR2M;CAPZA1;APOBEC3G;DNAJC13;N4BP2L2;ARF3;MSMO1;CD164;NIPA2;CEP290;IPO5;LRCH3;LEPROT;CAND2;FAHD2A;WDR37;NFYB;TMEM184C;CCDC47;ZC3H14;ANXA7;ARF4;PPP1R16B;IGFBP7;SLC18A2;CCNG2;EIF3J;EFR3A;RAP2C;APPBP2;ATRX;KDM6A;TSC1;MAPK1;TMEM59;BSPRY;APAF1;RAPGEF2;CCDC59;CHD9;TMCO6;PDE12;MOAP1;DBF4;SEC31A;SLC33A1;TPM4;PPP2R5E;PRDM2;RANBP1;PITPNA;IPO7;PPP3CA;ENSA;TEX10;ERLIN2;DCAF7;RABGAP1L;OAT;NUP210;SETX;ATM;TMEM131;CEP63;EBNA1BP2;ERP44;SLC35D1;RSL1D1;AP2B1;GLMN;PPP3R1;UCP2;WASF1;S100PBP;ANKRD17;HAUS3;RBM8A;EIF2S1;COPS2;FHL1;RABGGTB;AVL9;GMFB;ANKFY1;SLC7A6;CHTOP;SNAPC3;ANKMY2;SOS2;AMD1;ASXL2;RNF11;NOL9;KCTD20;DZIP3;FGFR2;KPNA2;C10orf88;COPS8;EID1;SPAG9;ZC3H15;PPIG;TPD52;PPP1R12A;CAMSAP1;ACTR6;NFX1;ACSL3;ARAP2;SMG1;ZMYND11;THOC7;CYFIP2;CDK12;PTGER4;FLNB;CSE1L;ERAP1;SMIM7;SCUBE3;LMF1;TRAPPC10;TRIP11;ATXN1;RAB38;C12orf43;RNF14;CUL4B;ZNF277;ENTPD1;WDR70;MICU2;KPNA1;FMR1;ALG5;AK2;VCL;RFWD3;SLC39A6;NR3C1;FAF1;LRRFIP2;BRIX1;PDCD10;LUC7L3;KIN;CPD;MAGEH1;UEVLD;PCMT1;CUTC;CNOT1;SPAST;PTBP3;NECAP1;GPR107;ITPR2;ADAM10;ANGEL2;PPP3CB;CEP57;ZMYM2;USP15;WBP4;DCAF13;SETD6;COBLL1;FAM3C;NPM1;RUFY3;PAFAH2;TTF1;HS3ST1;TMED7;SUZ12;SFSWAP;ARFGEF2;RAB40B;HSDL2;MBNL2;APPL1;MRPS18B;ATP13A3;RAB5A;PDF;TOR1A;ZNF544;EDEM2;MACF1;XRCC5;CUEDC1;BZW1;USP6;PDCD2;PTPN22;ARIH1;TUBB3;HMGCR;CCDC91;M6PR;FNDC3A;NFU1;PCM1;LRBA;INPP4A;SRSF6;SMARCA5;WSB2;RFK;CCND2;TOP3A;ZMYM4;WBP11;RIMS3;BEX4;RBL2;WDR47;GCSH;TMEM185B;TTC3;ISCA1;WDR3;EXOC5;AFG3L2;NAE1;SLC4A7;INSIG1;ADK;TOPBP1;TDRD3;LAMP5;ATAD2B;AMY2B;PRKCI;SACS;ATP2A2;PPP6C;VSNL1;STX18;STAMBP;RNF13;TM2D1;API5;ZNF224;ATXN10;DYNC1H1;UBL3;RAB3GAP2;MED7;ASCC3;ELMO2;RPE;CLCN3;ATP6V1A;MBD4;ITGB3BP;TMEM33;PTPN11;PDHB;DDX19A;CTBS;ERAP2;BBS4;MGAT5;MTDH;RGS7;TRIM33;R3HDM1;TUBGCP4;SRPK2;GPATCH2L;TRAPPC8;TSR1;RAD17;MRPL3;RCN2;COX11;TAF1B;DDX42;CCNT2;EEA1;EMC2;DIMT1;ALDH5A1;LONP2;CNTRL;EIF1AX;MEF2C;HSPA13;MYCBP;SLC25A46;TDG;PAXIP1;AKT3;PARP2;DNAJC24;ARL1;CITED2;C2CD5;HMG20A;PFKFB2;GPX7;SERINC3;HGSNAT;ATP9B;OXCT1;GNAL;RWDD2B;PTBP2;ADAM9;DPP8;EPM2A;SEC23B;TMX4;EAF2;RMDN1;TRMT61B;DHDDS;TXNDC5;PSEN1;PMP22;UBE3A;RPA3;PWP1;C11orf24;RABL3;AIMP2;GALNT3;CEP68;MCM4;ENPP4;PRKDC;ALCAM;PSMG1;EVI5;KMO;DCK;TFCP2;MTRR;MAP4K5;USP9X;POLR3C;MEF2A;RBM41;PLXNC1;TTC13;AGPAT5;USP4;MSH3;NOC3L;POT1;GK;SLC11A2;LAPTM4B;NBN;GNL3L;AGO2;IFT74;EFHC1;PHKB;MAD2L1;ZNF195;RALGAPA1;ZNF83;RASA1;ADAM22;TMEM38B;ENOPH1;COX15;SEL1L;IFT52;SNX13;DMTF1;DICER1;PLEKHB2;CUL5;BTBD3;ZBTB25;IDI1;PRKACB;SLC25A32;TDP1;EXOSC8;YWHAQ;MTF2;PAFAH1B1;XRCC4;EPS15;MRPS17;SLC24A1;FUT4;CREBZF;CSNK1A1;GTF2H5;OPN3;MAN2A2;OXR1;SLC38A1;MRPS16;MON2;LRPPRC;U2SURP;TSNAX;RCOR3;GCOM1;SIDT1;FASTKD2;PJA2;GALNT7;LRRC8D;NR4A3;TBC1D5;DMXL2;MDN1;DDX6;PLCL2;RPAP3;NFAT5;ACSL4;OPA1;OSBPL8;FECH;SLC35A3;SENP6;KLHDC10;UBE4A;AZI2;DMXL1;MAK16;MFN1;ZNF713;IBTK;TIA1;AMIGO2;FAR2;SLC30A9;PTP4A1;ENPP2;RAD51AP1;KCNAB1;LPGAT1;SCYL3;LRRC40;SC5D;OSBPL9;LTN1;DNAJC10;SLC16A7;SECISBP2L;SCD;DUSP6;HMGCS1;ZNF337;TRDMT1;AGA;GLCE;ANKHD1;WSB1;BTAF1;BMP2K;PNOC;LDLRAD4;MTR;AGTPBP1;ITGA4;ZNF226;EGR1;PYROXD1;PLK4;APOOL;FLT3;AMY2A;ACTA2,"[74, 75, 155, 177, 215, 222, 392, 424, 429, 532, 571, 711, 718, 760, 810, 890, 932, 986, 987, 1034, 1064, 1077, 1114, 1183, 1239, 1319, 1382, 1542, 1543, 1546, 1551, 1556, 1562, 1585, 1587, 1632, 1642, 1668, 1758, 1801, 1819, 1838, 1887, 1891, 1907, 1916, 1930, 1941, 1956, 1968, 1979, 2078, 2084, 2135, 2146, 2185, 2229, 2238, 2239, 2326, 2391, 2406, 2412, 2418, 2434, 2460, 2518, 2527, 2546, 2564, 2596, 2613, 2660, 2691, 2694, 2713, 2734, 2735, 2773, 2787, 2808, 2823, 2824, 2851, 2858, 2868, 2885, 2902, 2917, 2925, 2935, 2946, 3034, 3046, 3069, 3086, 3127, 3135, 3148, 3153, 3163, 3167, 3177, 3239, 3280, 3284, 3300, 3303, 3308, 3313, 3326, 3338, 3375, 3384, 3387, 3390, 3403, 3404, 3411, 3460, 3467, 3498, 3528, 3532, 3541, 3585, 3605, 3619, 3627, 3639, 3667, 3668, 3712, 3763, 3795, 3815, 3861, 3878, 3888, 3930, 3934, 3936, 4015, 4031, 4071, 4089, 4115, 4118, 4186, 4205, 4221, 4233, 4248, 4281, 4315, 4361, 4379, 4398, 4410, 4423, 4424, 4458, 4550, 4552, 4559, 4633, 4637, 4639, 4655, 4683, 4756, 4794, 4847, 4867, 4872, 4885, 4894, 4902, 4913, 4917, 4955, 4962, 4968, 5000, 5025, 5028, 5043, 5045, 5097, 5106, 5121, 5150, 5156, 5188, 5196, 5202, 5204, 5212, 5232, 5237, 5247, 5260, 5290, 5297, 5299, 5317, 5323, 5370, 5387, 5391, 5392, 5452, 5458, 5467, 5474, 5522, 5529, 5541, 5556, 5578, 5588, 5600, 5602, 5623, 5629, 5637, 5660, 5665, 5668, 5694, 5702, 5716, 5724, 5747, 5770, 5783, 5787, 5789, 5791, 5792, 5867, 5900, 5901, 5914, 5928, 5929, 5930, 5940, 5951, 5956, 5959, 5966, 5969, 5995, 6021, 6025, 6028, 6040, 6045, 6049, 6122, 6131, 6156, 6167, 6179, 6227, 6229, 6250, 6255, 6256, 6263, 6302, 6337, 6343, 6345, 6348, 6362, 6372, 6381, 6384, 6387, 6389, 6419, 6423, 6431, 6436, 6453, 6495, 6496, 6502, 6537, 6539, 6540, 6547, 6549, 6556, 6578, 6588, 6597, 6623, 6657, 6662, 6690, 6725, 6756, 6760, 6765, 6772, 6774, 6787, 6792, 6827, 6831, 6867, 6900, 6929, 6932, 6943, 6948, 6969, 6970, 7008, 7013, 7031, 7033, 7087, 7101, 7164, 7207, 7232, 7244, 7246, 7263, 7269, 7290, 7292, 7324, 7327, 7367, 7378, 7401, 7428, 7442, 7443, 7457, 7458, 7466, 7478, 7489, 7501, 7522, 7523, 7530, 7531, 7541, 7542, 7543, 7547, 7561, 7563, 7566, 7574, 7580, 7582, 7583, 7587, 7589, 7596, 7620, 7621, 7655, 7680, 7687, 7689, 7691, 7697, 7734, 7741, 7750, 7778, 7804, 7825, 7833, 7843, 7876, 7880, 7888, 7893, 7898, 7903, 7924, 7960, 7968, 8016, 8026, 8059, 8071, 8142, 8170, 8176, 8196, 8200, 8203, 8210, 8236, 8247, 8251, 8262, 8264, 8272, 8274, 8305, 8335, 8340, 8354, 8367, 8371, 8375, 8376, 8377, 8381, 8413, 8416, 8433, 8436, 8454, 8508, 8531, 8576, 8582, 8596, 8601, 8612, 8617, 8657, 8658, 8685, 8694, 8697, 8707, 8732, 8735, 8758, 8766, 8768, 8774, 8783, 8810, 8819, 8848, 8876, 8879, 8890, 8894, 8921, 8923, 8952, 8954, 8969, 8972, 8985, 8986, 9005, 9015, 9018, 9027, 9066, 9067, 9084, 9105, 9134, 9145, 9158, 9163, 9170, 9188, 9193, 9196, 9199, 9204, 9208, 9222, 9243, 9287, 9327, 9338, 9344, 9348, 9365, 9373, 9381, 9384, 9389, 9390, 9408, 9416, 9417, 9423, 9454, 9457, 9463, 9468, 9475, 9484, 9490, 9504, 9531, 9533, 9552, 9563, 9593, 9603, 9612, 9625, 9626, 9634, 9655, 9667, 9673, 9680, 9683, 9690, 9694, 9709, 9727, 9729, 9733, 9735, 9736, 9738, 9747, 9752, 9758, 9769, 9790, 9809, 9818, 9835, 9845, 9858, 9861, 9866, 9877, 9888, 9890, 9891, 9892, 9903, 9907, 9913, 9926, 9927, 9942, 9961, 9965, 9980, 10007, 10016, 10025, 10029, 10030, 10039, 10052, 10066, 10081, 10087, 10090, 10097, 10105, 10111, 10136, 10138, 10152, 10158, 10161, 10169, 10203, 10204, 10216, 10225, 10281, 10291, 10305, 10308, 10309, 10319, 10327, 10341, 10349, 10379, 10381, 10396, 10403, 10421, 10446, 10458, 10461, 10484, 10493, 10507, 10548, 10559, 10568, 10576, 10591, 10594, 10601, 10605, 10631, 10637, 10650, 10651, 10654, 10698, 10710, 10722, 10737, 10738, 10741, 10768, 10775, 10792, 10807, 10808, 10821, 10824, 10847, 10857, 10886, 10898, 10917, 10923, 10928, 10968, 10979, 10986, 10996, 11006, 11011, 11017, 11018, 11048, 11054, 11059, 11080, 11087, 11103, 11107, 11127, 11135, 11137, 11150, 11191, 11202, 11212, 11213, 11219, 11233, 11238, 11242, 11252, 11272, 11307, 11320, 11346, 11350, 11361, 11378, 11389, 11390, 11410, 11419, 11423, 11432, 11442, 11452, 11454, 11460, 11480, 11485, 11499, 11500, 11503, 11515, 11517, 11520, 11526, 11534, 11535, 11539, 11555, 11572, 11601, 11606, 11608, 11614, 11616, 11620, 11635, 11640, 11644, 11650, 11671, 11700, 11714, 11731, 11734, 11743, 11750, 11779, 11788, 11810, 11834, 11883, 11886, 11887, 11906, 11910, 11919, 11920, 11948, 11953, 11954, 11964, 11985, 11994, 11998, 12016, 12029, 12036, 12038, 12039, 12065, 12071, 12073, 12075, 12080, 12110, 12121, 12142, 12143, 12146, 12156, 12159, 12183, 12187, 12197, 12199, 12212, 12221, 12227, 12248, 12273, 12293, 12300, 12304, 12306, 12313, 12343, 12351, 12352, 12354, 12355, 12357, 12364, 12366, 12368, 12370, 12373, 12375, 12377, 12382, 12392, 12396, 12413, 12433, 12456, 12478, 12487, 12490, 12508, 12514, 12529, 12532, 12546, 12552, 12569, 12577, 12580, 12583, 12586, 12587, 12595, 12622, 12624, 12626, 12633, 12651, 12673, 12677, 12687, 12690, 12700, 12709, 12736, 12739, 12743, 12744, 12752, 12753, 12773, 12782, 12801, 12808, 12818, 12826, 12827, 12829, 12831, 12840, 12850, 12852, 12882, 12884, 12885, 12892, 12899, 12909, 12931, 12970, 12984, 12986, 12991, 13013, 13019, 13029, 13036, 13051, 13052, 13062, 13101, 13105, 13108, 13130, 13137, 13139, 13141, 13146, 13156, 13187, 13211, 13214, 13236, 13238, 13269, 13292, 13306, 13307, 13310, 13331, 13341, 13365, 13368, 13391, 13414, 13445, 13454, 13478, 13483, 13502, 13508, 13523, 13538, 13552, 13569, 13604, 13615, 13632, 13640, 13652, 13673, 13683, 13699, 13708, 13716, 13719, 13720, 13726, 13727, 13750, 13790, 13805, 13808, 13846, 13853, 13864, 13865, 13883, 13887, 13888, 13914, 13915, 13916, 13934, 13940, 13951, 13963, 13970, 13974, 13988, 13991, 13992, 13994, 14004, 14030, 14054, 14055, 14061, 14064, 14066, 14073, 14075, 14088, 14091, 14101, 14125, 14127, 14135, 14142, 14146, 14150, 14202, 14216, 14222, 14240, 14247, 14258, 14271, 14289, 14291, 14295, 14327, 14342, 14347, 14362, 14364, 14408, 14421, 14437, 14447, 14448, 14452, 14453, 14459, 14465, 14470, 14487, 14491, 14512, 14536, 14558, 14573, 14592, 14594, 14599, 14621, 14624, 14649, 14658, 14666, 14679, 14681, 14687, 14691, 14714, 14728, 14739, 14740, 14745, 14746, 14748, 14755, 14756, 14771, 14784, 14787, 14792, 14794, 14798, 14847, 14857, 14866, 14870, 14874, 14882, 14896, 14916, 14932, 14935, 14942, 14974, 14975, 14977, 14988, 14997, 14998, 15001, 15002, 15014, 15022, 15042, 15044, 15046, 15072, 15077, 15086, 15101, 15122, 15128, 15156, 15168, 15175, 15180, 15220, 15221, 15248, 15256, 15258, 15272, 15277, 15282, 15283, 15292, 15331, 15348, 15351, 15372, 15408, 15434, 15449, 15454, 15469, 15515, 15516, 15522, 15551, 15557, 15580, 15598, 15603, 15633, 15660, 15668, 15669, 15706, 15713, 15728, 15736, 15742, 15772, 15776, 15785, 15786, 15789, 15821, 15838, 15864, 15885, 15927, 15931, 15934, 15980, 15981, 15993, 15997, 16033, 16053, 16113, 16178, 16206, 16215, 16259, 16272, 16311, 16314, 16325, 16347, 16370, 16378, 16404, 16422, 16446, 16462, 16479, 16481, 16564, 16565, 16651, 16687, 16701, 16705, 16707, 16734, 16739, 16753, 16808, 16816, 16821, 16938, 16980, 17016, 17049, 17216, 17283, 17410, 17417, 17447]",c7.vax__NAKAYA_PLASMACYTOID_DENDRITIC_CELL_FLUMIST_AGE_18_50YO_7DY_UP
c7.vax,MATSUMIYA_PBMC_MODIFIED_VACCINIA_ANKARA_VACCINE_AGE_18_55YO_VACCINATED_VS_CONTROL_TREATED_IN_VITRO_WITH_WILD_TYPE_MVA_6HR_UP,prerank,-0.4112469164910474,-1.258783537835511,0.14534883720930233,0.46658327659641846,1.0,7_23,7/23,17.30%,DNAL1;BMX;ZNF385D;KREMEN2;MBLAC2;CTH;CEP41,TGM5;TAF8;MPLKIP;TROAP;FAM220A;CCAR1;NOC4L;RANBP2;MEI1;AQP12B;SS18;RNASEH2B;APPBP2;LMTK2;C2orf69;GRB7;CEP41;CTH;MBLAC2;KREMEN2;ZNF385D;BMX;DNAL1,"[2402, 2978, 3363, 5141, 5305, 7285, 7706, 8025, 9318, 10101, 10993, 11388, 11423, 11974, 12040, 12969, 14489, 14765, 15069, 15953, 16252, 16441, 17036]",c7.vax__MATSUMIYA_PBMC_MODIFIED_VACCINIA_ANKARA_VACCINE_AGE_18_55YO_VACCINATED_VS_CONTROL_TREATED_IN_VITRO_WITH_WILD_TYPE_MVA_6HR_UP
c7.vax,ERWIN_COHEN_PBMC_TC_83_AGE_18_45YO_NON_RESPONDERS_PREVIOUSLY_IMMUNIZED_24HR_DEG_CANONICAL_PATHWAY_MEMBERS_UP,prerank,-0.4524288828944979,-1.2708067673274044,0.15311909262759923,0.47181098954457407,1.0,5_17,5/17,13.06%,CD38;RASGRP1;NEXN;ATP8A1;TNFSF10,CXCL11;CD160;USF1;ALDH8A1;XAF1;TAF15;PF4;HSH2D;TLR3;MYH3;SAMD9L;IFIT2;TNFSF10;ATP8A1;NEXN;RASGRP1;CD38,"[511, 2369, 5401, 6073, 7088, 8122, 8298, 8716, 10466, 11263, 12091, 12748, 15232, 15757, 16482, 16548, 17344]",c7.vax__ERWIN_COHEN_PBMC_TC_83_AGE_18_45YO_NON_RESPONDERS_PREVIOUSLY_IMMUNIZED_24HR_DEG_CANONICAL_PATHWAY_MEMBERS_UP
c7.vax,THAKAR_PBMC_INACTIVATED_INFLUENZA_AGE_21_30YO_NONRESPONDER_28DY_UP,prerank,-0.274233931545619,-1.210455287709787,0.08982035928143713,0.49300354671691177,1.0,55_162,55/162,29.32%,UBASH3B;KIF20B;MOSPD2;HMGCS1;HLTF;DNAJC10;PPP1R14A;ZNF189;TBC1D9;LRRC8D;PJA2;TXNDC9;CLK4;PTK2;LYPLAL1;SEC23IP;AGL;PARM1;ZNF26;CLIC4;ADO;NUP54;NOC3L;NUDT21;VPS36;TOP2B;ARMCX3;MEF2C;ZNF451;PCMTD1;GART;PIGN;MED7;C5orf15;ZNF146;MIS18BP1;ZNF322;TBL1XR1;VPS37A;KBTBD8;SLMAP;ARMC1;PCM1;ARL5A;ST8SIA4;RNGTT;HSDL2;ACBD3;COBLL1;SMCHD1;TRAK2;LAMTOR3;CAND1;DOCK11;CUL4B,PNP;SLC38A2;RBPMS2;CCDC117;CD52;BTLA;MOB3C;LPAR5;IRF2BP2;IFRD1;FAM117B;TMEM60;STAT5A;ABCC4;GCC1;CHCHD4;SH3BP5L;SIRT1;ZNF263;PDS5A;CGGBP1;LARP4;RBM15;CNOT6;ARHGAP24;KRCC1;MSANTD4;RNF149;TAPT1;BLCAP;ASNSD1;NIPBL;BIRC2;UPF2;IVNS1ABP;SNRPG;ABI1;MAP3K1;CWF19L2;ZBTB33;TCAIM;CERS6;NAP1L1;CLN5;PAK2;BLOC1S5;AFTPH;STAP1;DCP2;SAMD9;TCF12;IGIP;ZNF480;GLUD1;XRN1;CEPT1;PPM1B;VPS26A;BET1;RMI1;HDAC2;ZNF845;RSBN1;MTMR10;FAM13B;RB1CC1;GGPS1;MAP3K7;NCOA3;SCYL2;ZNF615;ZNF816;RAB8B;RAB33B;PPAT;BCL11A;SERBP1;ZNF613;DNAJA2;MRPL50;SP3;USP38;C12orf76;ABHD10;PUM2;ZNF302;NIN;USP1;BAZ2B;C6orf62;EIF4G2;NGLY1;YTHDF3;RPRD1A;GEMIN6;MKKS;KLHL9;RNF20;ARL8B;VPS41;EFR3A;DNAJC15;CHD9;RFX7;DDX1;EIF2S1;IPO11;CUL4B;DOCK11;CAND1;LAMTOR3;TRAK2;SMCHD1;COBLL1;ACBD3;HSDL2;RNGTT;ST8SIA4;ARL5A;PCM1;ARMC1;SLMAP;KBTBD8;VPS37A;TBL1XR1;ZNF322;MIS18BP1;ZNF146;C5orf15;MED7;PIGN;GART;PCMTD1;ZNF451;MEF2C;ARMCX3;TOP2B;VPS36;NUDT21;NOC3L;NUP54;ADO;CLIC4;ZNF26;PARM1;AGL;SEC23IP;LYPLAL1;PTK2;CLK4;TXNDC9;PJA2;LRRC8D;TBC1D9;ZNF189;PPP1R14A;DNAJC10;HLTF;HMGCS1;MOSPD2;KIF20B;UBASH3B,"[345, 573, 588, 791, 830, 979, 1427, 1497, 1836, 2935, 2965, 3463, 3694, 3712, 4139, 4190, 4201, 4365, 4750, 4802, 4957, 5218, 5873, 5920, 5928, 5940, 6013, 6038, 6260, 6300, 6345, 6381, 6635, 6657, 6723, 6769, 6770, 7092, 7152, 7164, 7194, 7202, 7238, 7421, 7541, 7547, 7570, 7686, 7734, 8115, 8123, 8135, 8157, 8302, 8372, 8565, 8604, 8690, 8741, 8820, 8857, 8880, 8882, 8977, 8992, 9043, 9047, 9199, 9202, 9204, 9220, 9254, 9347, 9381, 9447, 9457, 9494, 9519, 9559, 9580, 9600, 9905, 10013, 10072, 10087, 10115, 10127, 10138, 10208, 10241, 10293, 10334, 10413, 10465, 10513, 10588, 10627, 10758, 10847, 10898, 11410, 11417, 11503, 11570, 11718, 11948, 12131, 12382, 12466, 12509, 12591, 12635, 12637, 12773, 12848, 12882, 12894, 13038, 13090, 13141, 13170, 13194, 13589, 13605, 13722, 13752, 13755, 13773, 13785, 13808, 13906, 13926, 14068, 14108, 14202, 14308, 14358, 14604, 14716, 14874, 14876, 14931, 14951, 14991, 15141, 15242, 15334, 15419, 15420, 15539, 15548, 15660, 15669, 15929, 16030, 16332, 16422, 16538, 16564, 16689, 16793, 17123]",c7.vax__THAKAR_PBMC_INACTIVATED_INFLUENZA_AGE_21_30YO_NONRESPONDER_28DY_UP
c7.vax,HOEK_NEUTROPHIL_2011_2012_TIV_ADULT_1DY_UP,prerank,0.31356509448285463,1.0121924887004359,0.42915811088295686,0.5027851704629016,1.0,7_30,7/30,9.78%,MT2A;PRKX;CPT1B;HLA-DRA;HLA-DMB;GBP6;HLA-DMA,MT2A;PRKX;CPT1B;HLA-DRA;HLA-DMB;GBP6;HLA-DMA;TFEC;P2RY14;OAS1;GCH1;ATF3;HES4;APOL3;FRMD3;XAF1;PDCD1LG2;NXT2;OAS3;OAS2;FANCL;SGPP1;C12orf60;EPSTI1;RSAD2;SESTD1;DDX60;IFI44;IFI44L;EGR2,"[145, 347, 602, 855, 914, 1330, 1712, 2463, 3460, 3619, 3660, 4249, 5279, 5545, 6041, 7088, 7459, 8998, 10622, 12167, 12471, 13353, 13553, 14518, 15853, 16078, 16525, 16698, 17246, 17423]",c7.vax__HOEK_NEUTROPHIL_2011_2012_TIV_ADULT_1DY_UP
c7.vax,HOEK_B_CELL_2011_2012_TIV_ADULT_3DY_UP,prerank,-0.3719223645321836,-1.194777067419561,0.21314741035856574,0.5065993336866389,1.0,5_30,5/30,2.37%,HBB;TYMS;HBA2;MIXL1;CDC20,CCNA2;S100A9;AQP3;SPN;PYCR1;RRM2;NT5DC2;PSAT1;FCN1;FNDC3B;TNFRSF17;BIK;CHPF;MKI67;LGALS3;SDC1;NCAPH;NBPF11;NRGN;CENPM;TRIB1;MAN1A1;CHEK1;CAV1;SLAMF7;CDC20;MIXL1;HBA2;TYMS;HBB,"[750, 820, 1057, 1473, 1856, 2378, 2616, 2963, 2968, 3245, 3818, 3914, 4262, 4334, 5562, 5589, 8086, 8195, 8205, 9636, 10636, 12602, 13033, 13967, 14391, 17104, 17136, 17205, 17252, 17414]",c7.vax__HOEK_B_CELL_2011_2012_TIV_ADULT_3DY_UP
c7.vax,PATEL_SKIN_OF_BODY_ZOSTAVAX_AGE_70_93YO_VZV_CHALLENGE_3DY_DN,prerank,-0.36268314416626385,-1.2146050146458154,0.1892430278884462,0.5139593922025006,1.0,15_32,15/32,25.44%,TTC14;SLC25A15;EDN3;NF1;SLC44A5;CD200;PPP2R2B;CEP41;ERC1;NFATC2IP;MDM2;PCNP;YLPM1;MGA;ARIH1,NHLH1;ANKRD13D;WNT3;FIGN;SLC52A1;PAX6;MAP6;RBM19;DCBLD1;COQ9;AKAP1;MYEOV;SLC22A3;SF1;SCGB2B2;AQP11;LUC7L3;ARIH1;MGA;YLPM1;PCNP;MDM2;NFATC2IP;ERC1;CEP41;PPP2R2B;CD200;SLC44A5;NF1;EDN3;SLC25A15;TTC14,"[453, 2416, 2447, 3251, 3427, 3830, 5407, 7779, 8141, 8417, 8529, 9978, 10054, 10118, 11084, 11819, 12580, 13062, 13463, 13570, 13579, 13617, 14232, 14410, 14489, 14546, 14551, 15123, 15474, 15758, 16323, 16504]",c7.vax__PATEL_SKIN_OF_BODY_ZOSTAVAX_AGE_70_93YO_VZV_CHALLENGE_3DY_DN
c7.vax,QIU_PBMC_HEPTATITIS_B_SURFACE_ANTIGEN_AGE_UNDER50_NON_RESPONDERS_VS_RESPONDERS_28DY_DN,prerank,-0.4807186558045697,-1.1717161228910977,0.2761904761904762,0.5425157411952225,1.0,2_10,2/10,2.63%,ALAS2;SLC4A1,GYPA;RPS26;DCAF12;STRADB;FAM210B;SNCA;SLC25A37;MBNL3;SLC4A1;ALAS2,"[1636, 3446, 4083, 8423, 8911, 10807, 12360, 15026, 17059, 17335]",c7.vax__QIU_PBMC_HEPTATITIS_B_SURFACE_ANTIGEN_AGE_UNDER50_NON_RESPONDERS_VS_RESPONDERS_28DY_DN
c7.vax,ZAK_PBMC_MRKAD5_HIV_1_GAG_POL_NEF_AGE_20_50YO_AD5_NAB_TITERS_GTE_200_VS_LTE_200_1DY_UP,prerank,-0.27414217444051353,-1.1591711576287491,0.1557377049180328,0.5484994370753585,1.0,36_116,36/116,23.91%,CRTAM;RCAN3;ZKSCAN8;CAMK4;ACADSB;RNF125;MID2;RASGRP1;HLTF;IPP;ABCD2;DSC1;PLCB1;ZNF770;SLC38A1;PDE3B;NPAT;MS4A1;AGL;PRKACB;BMI1;GTF2H3;DPP4;SFPQ;CDCA7L;KLRB1;DOCK9;ITGB3BP;TRABD2A;SLC4A7;NAE1;PSIP1;TTC3;PNN;GCC2;RBL2,G0S2;PTGDR;KLRD1;AHNAK;ARHGAP15;STEAP4;DLEU1;AKR1C3;BCL2;FXR1;KLRK1;IGF1R;TMEM204;LRIF1;NAA16;MAML2;CD22;SESN1;SH2D1A;ITK;ETS1;ITGA6;SESN3;CYP27A1;C12orf57;RPS13;USP53;KLHDC2;IP6K1;ZNF143;NSA2;N4BP2;RPL17;NDUFS5;FOXP1;PAIP2B;BANK1;AHCTF1;TC2N;APBA2;NAP1L1;EIF3E;CRIPT;DPH5;TLR10;MGAT4A;LDHB;EIF3L;RORA;INPP4B;NT5E;KPNA4;NUCB2;USP34;KLF12;CLEC2D;HTATSF1;DENND4C;RPL15;THEMIS;MPRIP;ERGIC2;AK5;ZNF506;SATB1;NELL2;RNF157;POLR1E;KLRF1;SKAP1;BNIP3;ABLIM1;MPHOSPH9;ZNF84;CSE1L;CD27;LUC7L3;CD96;CCR7;PPIL3;RBL2;GCC2;PNN;TTC3;PSIP1;NAE1;SLC4A7;TRABD2A;ITGB3BP;DOCK9;KLRB1;CDCA7L;SFPQ;DPP4;GTF2H3;BMI1;PRKACB;AGL;MS4A1;NPAT;PDE3B;SLC38A1;ZNF770;PLCB1;DSC1;ABCD2;IPP;HLTF;RASGRP1;MID2;RNF125;ACADSB;CAMK4;ZKSCAN8;RCAN3;CRTAM,"[1, 740, 759, 1208, 1319, 1358, 1819, 1888, 1935, 2139, 2178, 2274, 2538, 2666, 2956, 3202, 3309, 3375, 3378, 3688, 3740, 3749, 4217, 4678, 4688, 4883, 5086, 5290, 5481, 5662, 6077, 6128, 6172, 6257, 6316, 6453, 6502, 6622, 6828, 7123, 7238, 7600, 7613, 7815, 7830, 7888, 7900, 7912, 7937, 7949, 8133, 8509, 8724, 8884, 9267, 9564, 9957, 10033, 10085, 10322, 10568, 10569, 10864, 10977, 11159, 11189, 11198, 11286, 11397, 11532, 11691, 11926, 12007, 12099, 12352, 12505, 12580, 12596, 12666, 13065, 13331, 13338, 13361, 13391, 13430, 13483, 13502, 13711, 13888, 13938, 14129, 14433, 14769, 15020, 15070, 15130, 15220, 15242, 15249, 15301, 15352, 15469, 15566, 15994, 16044, 16070, 16084, 16538, 16548, 16550, 16659, 16668, 17180, 17323, 17489, 17507]",c7.vax__ZAK_PBMC_MRKAD5_HIV_1_GAG_POL_NEF_AGE_20_50YO_AD5_NAB_TITERS_GTE_200_VS_LTE_200_1DY_UP
c7.vax,NAKAYA_PLASMACYTOID_DENDRITIC_CELL_FLUARIX_FLUVIRIN_AGE_18_50YO_7DY_UP,prerank,0.21820170113928686,0.9924295332817336,0.46629213483146065,0.5487145199502598,1.0,43_195,43/195,18.12%,CD180;STX11;LAIR1;CCNA2;GADD45B;CD86;TNFRSF10B;SLC2A3;CRABP2;SLC2A14;MYC;DHX34;SULT1A3;ZFP36L1;SCO2;IL6R;CD40;ZMYND8;S100A2;IRF3;HEXIM1;TP53I3;F11R;DNAJB6;IL10RB;PMAIP1;PLBD1;RHOQ;JUN;SLC12A3;CALML4;CTSZ;LPIN1;SZRD1;SRRT;LIMK2;COTL1;BAX;TCOF1;ARRB2;PDE4DIP;TRPS1;KYNU,CD180;STX11;LAIR1;CCNA2;GADD45B;CD86;TNFRSF10B;SLC2A3;CRABP2;SLC2A14;MYC;DHX34;SULT1A3;ZFP36L1;SCO2;IL6R;CD40;ZMYND8;S100A2;IRF3;HEXIM1;TP53I3;F11R;DNAJB6;IL10RB;PMAIP1;PLBD1;RHOQ;JUN;SLC12A3;CALML4;CTSZ;LPIN1;SZRD1;SRRT;LIMK2;COTL1;BAX;TCOF1;ARRB2;PDE4DIP;TRPS1;KYNU;CD22;ZGPAT;TNIP1;SEC14L1;ELP4;ATP10A;DEDD;CARD8;APEX2;RALBP1;ADAM28;TNFSF13;CNOT4;CDC25A;NMB;ADCK2;RGPD6;PTPN12;PIH1D1;PCBP2;SPEN;ITSN2;STX5;STX16;NRP1;NIPBL;HIPK3;CENPO;ISG20L2;BACH1;SNX27;CFLAR;EIF4A1;SMAD2;TMCC1;RAD21;SLC17A5;TLE4;HECTD3;KDM5B;LILRA1;PAK2;POM121C;GOLGA2;FOXO3;TMPO;PPIA;TMUB2;BLVRA;SP4;UBA7;IQGAP1;EYA3;LRRC37A2;CEP135;RHOB;TNPO2;MARCKS;GGPS1;MAP3K7;RASA2;APLP2;RRP9;LGALS8;POM121;SULT1A1;ZMAT3;TAOK3;KPNA6;TIMP2;CDC42EP3;FEM1B;SF1;RBM12B;CRIM1;ZNF148;AIFM1;GLO1;PRKCA;ARNT;TFDP2;OAS3;THBS1;NCOR1;MTAP;CDHR5;IPO5;MRPS18C;APAF1;GABBR1;AMMECR1;DHX40;SLC35D1;NOLC1;UBXN4;RABGGTB;ZBED4;PSME3;RALGAPB;ZNF593;CAMSAP1;SAR1A;NTM;POLR2A;TMEM135;SFSWAP;GABPB1;KRAS;RGPD5;ARIH1;IPCEF1;WDFY3;PFN2;SLC4A7;SRSF11;KLF9;PTGS2;MTSS1;TRIM33;SCAF11;EEA1;ALDH5A1;MEF2C;CLUAP1;HGSNAT;PSEN1;CBLB;KRT86;SIK3;GNL3L;DPP4;TIMM10B;DLG1;ATF7IP;PTK2;KIF2A;RBMX;TMEM260;RGPD8;EPB41L3;CTSO;COL9A3;FAR2;STX17;HSD17B8;CD69;KLHL28;AKAP6;WSB1;HBS1L;GPR52;EGR1,"[253, 548, 610, 750, 762, 827, 900, 935, 982, 983, 1027, 1426, 1536, 1595, 1609, 1632, 1644, 1668, 1766, 1781, 1814, 1822, 1997, 2051, 2113, 2205, 2305, 2326, 2405, 2435, 2515, 2634, 2639, 2687, 2738, 2754, 2856, 2888, 3023, 3025, 3034, 3167, 3173, 3309, 3471, 3521, 3716, 3750, 3878, 3989, 4071, 4215, 4423, 4449, 4642, 4867, 4877, 5130, 5297, 5450, 5746, 5981, 5999, 6017, 6121, 6145, 6243, 6343, 6381, 6387, 6392, 6533, 6606, 6776, 6908, 6924, 6984, 7012, 7067, 7161, 7360, 7466, 7475, 7496, 7541, 7639, 7653, 7929, 8059, 8153, 8262, 8265, 8354, 8446, 8601, 8626, 8648, 8668, 8680, 8702, 8773, 9047, 9199, 9210, 9216, 9301, 9316, 9350, 9370, 9538, 9645, 9778, 9874, 10042, 10090, 10118, 10124, 10169, 10281, 10367, 10458, 10548, 10553, 10563, 10622, 10764, 10785, 10981, 11194, 11202, 11433, 11485, 11537, 11742, 11770, 11779, 11890, 11903, 11964, 12004, 12096, 12147, 12184, 12212, 12484, 12550, 12584, 12604, 12840, 12897, 12990, 13008, 13062, 13304, 13330, 13460, 13502, 13537, 13542, 13656, 13911, 13991, 14085, 14101, 14135, 14202, 14379, 14421, 14594, 14616, 14817, 14868, 14942, 15020, 15087, 15116, 15216, 15420, 15450, 15468, 15577, 15841, 15850, 15890, 16139, 16178, 16218, 16234, 16391, 16411, 16560, 16707, 16942, 16948, 17016]",c7.vax__NAKAYA_PLASMACYTOID_DENDRITIC_CELL_FLUARIX_FLUVIRIN_AGE_18_50YO_7DY_UP
c7.vax,HOWARD_NK_CELL_INACT_MONOV_INFLUENZA_A_INDONESIA_05_2005_H5N1_AGE_18_49YO_1DY_UP,prerank,0.34043912890946576,0.9648129389248922,0.5020408163265306,0.6166737951800908,1.0,4_18,4/18,6.78%,CSF1;IRF1;DERL3;TYMP,CSF1;IRF1;DERL3;TYMP;PRPF31;PARP9;HAPLN3;GBP1;ETV7;EPAS1;OAS3;IFIT3;EPSTI1;CMPK2;MTHFD1L;CETP;STAT1;IFI44L,"[185, 753, 1055, 1187, 2793, 3488, 4585, 5727, 6098, 7874, 10622, 14434, 14518, 14841, 15057, 15330, 16067, 17246]",c7.vax__HOWARD_NK_CELL_INACT_MONOV_INFLUENZA_A_INDONESIA_05_2005_H5N1_AGE_18_49YO_1DY_UP
c7.vax,QIU_PBMC_HEPTATITIS_B_SURFACE_ANTIGEN_AGE_UNDER50_NON_RESPONDERS_VS_RESPONDERS_28DY_UP,prerank,0.3829986725490362,0.9527704928095913,0.5126050420168067,0.6449619940041821,1.0,5_11,5/11,18.22%,ARG1;FOLR3;ANXA3;TCN1;TKTL1,ARG1;FOLR3;ANXA3;TCN1;TKTL1;LTF;CCL4;OLR1;DLX4;DOCK4;CEACAM8,"[1261, 1310, 1349, 2740, 3190, 5338, 10797, 12129, 14267, 15185, 16217]",c7.vax__QIU_PBMC_HEPTATITIS_B_SURFACE_ANTIGEN_AGE_UNDER50_NON_RESPONDERS_VS_RESPONDERS_28DY_UP
c7.vax,NAKAYA_PLASMACYTOID_DENDRITIC_CELL_FLUARIX_FLUVIRIN_AGE_18_50YO_7DY_DN,prerank,-0.24542959083238797,-1.1157783973213387,0.19874476987447698,0.6557531231692448,1.0,60_186,60/186,24.82%,EGR2;SYS1-DBNDD2;IFI44;DUS4L;MID2;NANOG;GSTZ1;CES2;ZKSCAN7;AMIGO2;BCAT1;AKAP11;ARMCX5;HERC1;MAPRE2;CREBZF;ZNF3;MTF2;NDUFA5;P2RY1;BTBD3;CUL5;DPP4;NUP133;GNL3L;GK;ARSB;USP9X;MAP4K5;MTMR6;FBXO38;SEC23B;TRIM36;CDK17;DNAJC24;NFATC2IP;SDAD1;HSPA13;PDE4B;WDR43;LONP2;GNG10;PTPN11;ELMO2;ZNF589;SCN3B;BRCC3;PIP5K1B;API5;FRAS1;RBM12B-AS1;STXBP6;SACS;PRKCI;BDH1;ESR2;PIK3R1;PRC1;DCTN4;FBXL5,EPHA2;GAS1;HSPA1L;SLC12A7;ICAM2;RASA4B;PNPLA2;RASA4;LRP10;CD84;SAT1;CACFD1;DNAJB6;DSE;GNMT;LRFN4;TLR6;THBD;MORC2;NABP1;IL13RA1;SMG6;RPL37A;WWC3;CXCL2;RFC4;LUC7L2;P4HB;SPATA20;IL11RA;JAG1;KLC2;CPT1A;NCOR2;MORC4;SPIN2A;YOD1;DDX49;COPS6;SYS1;NOP14;RAE1;WDR13;ZNF212;LILRB4;N4BP1;FDX1;ASNS;CIB2;TPRKB;PRDX6;TAF6L;CPSF4;TTC4;KNOP1;CCNL2;OSBPL2;GNA11;BCS1L;CFP;TPM2;RPA1;NUP98;RRP1B;MAPK14;PHLPP1;BTN2A2;UQCRFS1;MRPL9;GPX3;ZKSCAN5;SLC38A4;SPRED2;EML2;EIF4ENIF1;RHEB;RGS14;RXRB;EWSR1;SH3BGRL;GIPC1;ZBTB43;PTEN;YBX2;NDST2;PRPF4;CSAD;PAXBP1;SLC9A6;CSTF1;GMPR2;ZFP64;MADD;B3GALT2;SGCB;ERGIC2;SOCS5;PPP2R2A;FH;COQ10B;FAM131A;CDC23;ALG13;USP46;MEF2D;SLC8A2;CKAP5;POMZP3;TLK1;CEP63;UBE2K;GLMN;USP3;DBNDD2;ANKFY1;YPEL1;METTL22;RAB11A;FASTKD3;NAIP;TCTA;ENTPD7;NR3C1;UEVLD;RNF138;KLF11;FBXL5;DCTN4;PRC1;PIK3R1;ESR2;BDH1;PRKCI;SACS;STXBP6;RBM12B-AS1;FRAS1;API5;PIP5K1B;BRCC3;SCN3B;ZNF589;ELMO2;PTPN11;GNG10;LONP2;WDR43;PDE4B;HSPA13;SDAD1;NFATC2IP;DNAJC24;CDK17;TRIM36;SEC23B;FBXO38;MTMR6;MAP4K5;USP9X;ARSB;GK;GNL3L;NUP133;DPP4;CUL5;BTBD3;P2RY1;NDUFA5;MTF2;ZNF3;CREBZF;MAPRE2;HERC1;ARMCX5;AKAP11;BCAT1;AMIGO2;ZKSCAN7;CES2;GSTZ1;NANOG;MID2;DUS4L;IFI44;SYS1-DBNDD2;EGR2,"[66, 228, 445, 468, 640, 963, 1111, 1354, 1876, 1992, 2029, 2049, 2051, 2158, 2231, 2498, 2518, 2546, 2684, 2903, 3069, 3461, 3513, 3736, 3816, 4059, 4090, 4151, 4354, 4359, 4378, 4394, 4523, 4624, 4780, 4955, 4970, 4988, 5106, 5137, 5186, 5205, 5337, 5383, 5483, 5588, 5595, 5694, 5744, 5747, 5787, 5801, 5865, 5943, 6011, 6183, 6211, 6346, 6517, 6854, 6931, 7252, 7489, 7530, 7542, 7562, 7883, 7970, 7988, 7997, 8019, 8252, 8384, 8475, 8566, 8608, 8633, 8758, 8921, 9454, 9703, 9719, 9891, 9897, 9913, 9965, 9967, 9982, 10007, 10135, 10159, 10176, 10289, 10368, 10387, 10569, 10695, 10733, 10746, 10780, 10872, 10908, 10928, 11057, 11119, 11144, 11336, 11625, 11694, 11734, 11818, 11834, 11924, 11981, 11998, 12124, 12132, 12253, 12282, 12297, 12325, 12406, 12532, 12595, 12887, 13024, 13171, 13176, 13325, 13367, 13388, 13573, 13632, 13640, 13657, 13680, 13707, 13720, 13751, 13753, 13766, 13780, 13853, 13915, 13978, 14142, 14178, 14187, 14216, 14231, 14232, 14291, 14385, 14478, 14487, 14626, 14646, 14771, 14784, 14811, 14896, 14942, 15000, 15020, 15156, 15168, 15190, 15239, 15272, 15313, 15351, 15436, 15592, 15782, 16037, 16088, 16113, 16138, 16144, 16358, 16529, 16550, 16596, 16698, 17368, 17423]",c7.vax__NAKAYA_PLASMACYTOID_DENDRITIC_CELL_FLUARIX_FLUVIRIN_AGE_18_50YO_7DY_DN
c7.vax,PATEL_SKIN_OF_BODY_ZOSTAVAX_AGE_70_93YO_VZV_CHALLENGE_6HR_DN,prerank,0.23227572609768088,0.9358703267387485,0.6047904191616766,0.686589791182248,1.0,21_92,21/92,20.29%,MRPS6;NHLH1;SAMD1;PER1;TMEM184A;BTNL9;CEP152;PEX6;TRPM4;PCGF1;ANKRD13D;ATG16L2;TBX5;VILL;CARS2;ALDH4A1;ZNF341;SCARB1;FIGN;SLC52A1;CDK5RAP3,MRPS6;NHLH1;SAMD1;PER1;TMEM184A;BTNL9;CEP152;PEX6;TRPM4;PCGF1;ANKRD13D;ATG16L2;TBX5;VILL;CARS2;ALDH4A1;ZNF341;SCARB1;FIGN;SLC52A1;CDK5RAP3;ELP4;ZNF32;CUL9;NDUFA8;SUGP1;BABAM1;PLEKHJ1;MAP6;COX4I1;RFXANK;KANK1;THADA;ALS2CL;STX16;INTS8;CCS;ZBTB16;VPS26B;RPUSD3;DUT;MAP3K4;NECAB3;NDUFV1;PCCA;PIN4;TARBP2;RBM19;SHOX2;DHX16;ANKS6;SLC9A9;DCBLD1;ACOT13;COQ9;PRMT7;GGCX;AKAP1;SAMM50;NUDT22;SDCCAG8;VPS45;ERICH1;PIGG;NIT1;USP40;LRRC28;FAHD2A;AQP11;TMEM63A;MMAB;TCTA;HHAT;SEC16B;RUFY3;ARHGEF9;C5orf63;AIG1;SIRT5;ERC1;CEP41;CAPN3;TFCP2;ULK2;HSPB3;PRCD;SPAG8;MRPS16;EDN3;MED12L;TET1;IRX5,"[80, 453, 1123, 1212, 1366, 1638, 1791, 1893, 1920, 2226, 2416, 2669, 2829, 3003, 3010, 3013, 3065, 3216, 3251, 3427, 3554, 3750, 4121, 4385, 4832, 4872, 5312, 5318, 5407, 5598, 5643, 5880, 5944, 6201, 6243, 6375, 6512, 6815, 6818, 6872, 7211, 7245, 7306, 7640, 7651, 7677, 7766, 7779, 7828, 7896, 8028, 8070, 8141, 8188, 8417, 8432, 8442, 8529, 8563, 8628, 8784, 9892, 9928, 10206, 10292, 10515, 11165, 11233, 11819, 11936, 12161, 12325, 12424, 12686, 12808, 13406, 13581, 13600, 14049, 14410, 14489, 14550, 14755, 15132, 15176, 15246, 15481, 15515, 15758, 16373, 17004, 17072]",c7.vax__PATEL_SKIN_OF_BODY_ZOSTAVAX_AGE_70_93YO_VZV_CHALLENGE_6HR_DN
c7.vax,HARALAMBIEVA_PBMC_FLUARIX_AGE_50_74YO_CORR_WITH_28D_MEM_B_CELL_RESPONSE_AT_0DY_POSITIVE,prerank,0.18932246926515148,0.9341465064532608,0.7242718446601941,0.6868174785762364,1.0,108_420,108/420,25.61%,ANGPT2;HRH4;IL2RG;IL32;TNFRSF4;ARL6IP4;PTGER2;GOLGA7B;BATF;ATAD3C;LIME1;GSDMD;AIRE;GALM;TBX19;PBXIP1;NAALADL1;IFITM1;ETV2;SH2D2A;ITPRIPL1;AGFG2;CHMP4A;MOB2;PHF19;PRR5;SPN;STOM;RAB25;PLCD1;MBD3;UNG;MAF;KLRG1;TNNC1;EEF1D;RNASEH2C;SERF2;FXYD1;COMTD1;APOL2;SIGIRR;MAPK11;MAX;LRRC1;RPS19;HCST;BTBD6;RANGAP1;RANGRF;CDKN2A;CERS4;JTB;C1orf56;TRNAU1AP;TMEM161A;BAX;HOXC4;HDHD3;TEX264;NDUFB11;LOXL1;SH2D1A;IGSF22;METRN;GFER;ZGPAT;RPL13A;ZNF688;UBE2F;PMVK;TRAPPC2;APOBEC3D;PSMC5;PSMB8;LYPLA2;SERGEF;TMEM106C;MCOLN3;PCID2;SMAD4;COMMD7;RNF220;TRADD;VPS4A;LTBP4;LAGE3;PKNOX1;CCDC85B;RPS29;RFC4;CARD8;ZFAND2B;AP5Z1;RPL14;LYAR;EVA1C;MRPL52;BCL7C;B3GAT3;RINL;PHKG2;RPS6;UBE2L3;WDR83OS;RPS27A;TRIM65;RPS7,ANGPT2;HRH4;IL2RG;IL32;TNFRSF4;ARL6IP4;PTGER2;GOLGA7B;BATF;ATAD3C;LIME1;GSDMD;AIRE;GALM;TBX19;PBXIP1;NAALADL1;IFITM1;ETV2;SH2D2A;ITPRIPL1;AGFG2;CHMP4A;MOB2;PHF19;PRR5;SPN;STOM;RAB25;PLCD1;MBD3;UNG;MAF;KLRG1;TNNC1;EEF1D;RNASEH2C;SERF2;FXYD1;COMTD1;APOL2;SIGIRR;MAPK11;MAX;LRRC1;RPS19;HCST;BTBD6;RANGAP1;RANGRF;CDKN2A;CERS4;JTB;C1orf56;TRNAU1AP;TMEM161A;BAX;HOXC4;HDHD3;TEX264;NDUFB11;LOXL1;SH2D1A;IGSF22;METRN;GFER;ZGPAT;RPL13A;ZNF688;UBE2F;PMVK;TRAPPC2;APOBEC3D;PSMC5;PSMB8;LYPLA2;SERGEF;TMEM106C;MCOLN3;PCID2;SMAD4;COMMD7;RNF220;TRADD;VPS4A;LTBP4;LAGE3;PKNOX1;CCDC85B;RPS29;RFC4;CARD8;ZFAND2B;AP5Z1;RPL14;LYAR;EVA1C;MRPL52;BCL7C;B3GAT3;RINL;PHKG2;RPS6;UBE2L3;WDR83OS;RPS27A;TRIM65;RPS7;GTF3C1;SOD1;UQCR11;ZNF428;POLR3GL;RPL23A;RPL32;ST6GALNAC6;UBA52;SSNA1;UQCR10;DGKZ;RPL27A;MYL6;CD2BP2;DIAPH1;UNC13D;UQCRQ;THAP3;RPL39;PRMT2;CERK;FAM219B;RNF8;GPI;PSME1;COMMD6;TADA3;CCM2;USP31;NEIL2;ZC3HC1;SCAMP3;APTX;FUT2;DGUOK;COX14;STX8;STK24;GUK1;PGAP3;ARFRP1;RBMX2;PAPOLG;PDAP1;RDH16;RPL37;NAP1L4;BLCAP;UBL5;SEMA4F;RNF167;NDUFB9;HCN2;EIF5B;MVD;COX6C;TMEM50B;SNF8;LCMT1;CPNE7;C19orf12;RPS23;AKAP12;FDXR;PEF1;NEDD8;SRPRB;CEP250;NDUFA2;ATAT1;PSMD9;CERS5;RUVBL1;TTC39C;CWF19L2;OPTN;DUT;CSTF3;RPA1;CCDC57;CACNA1C;BUB3;HINT1;THYN1;NDUFA4;TXNL4A;CAAP1;HSPBP1;UQCRB;ABCC5;GTF2IRD2B;PIN4;APOBEC3F;CDADC1;TARBP2;ELAVL1;NFATC3;BDH2;PI16;RNF187;SF3B3;PPIA;INPP5B;LYSMD1;POLR2F;MFF;TMEM14A;SNAP47;MRPL48;MRPL11;KLHL35;HMOX2;SLC39A8;PCYT2;HENMT1;LY75;UBE2D2;SAMM50;FTSJ1;EYA3;KLHDC4;NDUFB2;NSUN5;NSMCE1;NUDCD3;DHRS13;YAF2;TBC1D24;PARP1;ZNF133;SNRPC;ETFB;ATG5;SRI;SLC25A12;COG2;COMMD4;EBAG9;STXBP4;MEI1;MAP4;PIGU;CYP20A1;CACNB2;UGP2;VRK3;CLEC2D;SLC25A51;ATG13;TOMM5;ACVR2A;RAI14;AARSD1;MRPS25;SNRPE;MUC6;ARHGEF39;TRAPPC4;RECQL5;HDDC3;ZNF780A;ASB1;CHN1;WDR4;ASTN2;CXCR6;TMEM222;CACNB1;RWDD1;NENF;MAPT;ITGB1BP1;ADARB1;AMZ2;NAA38;PSMD13;MBP;BRD7;MADD;PPP2R5C;DLG3;NDUFC2;RAB22A;MPRIP;ZNHIT6;JAKMIP1;TRPV2;ZNF621;ATPAF1;INSIG2;ZNF701;USP46;USP5;GLE1;HNRNPA3;HTT;IMMP1L;FPGS;PEX16;POLR3A;UGGT1;ZDHHC13;MVK;ZCRB1;ENSA;SKP1;GNL1;LRFN2;SERPINI1;KDM5A;AP2B1;ANAPC7;LRTOMT;SLC25A26;PRR13;MRTO4;AAGAB;TSPAN5;IPO11;MMAB;GLG1;ZNF674;NDUFA9;DNAJC19;POLH;KIFAP3;PDZD11;NECAB1;KPNA1;GTPBP8;TINF2;SETD4;PDCD10;ZNF670;MAVS;PAFAH2;CCDC65;ACTR3B;ALKBH3;MDH1;SYNRG;C11orf58;PDP2;TGDS;MLH3;TTLL1;N6AMT1;MED4;ZNF233;CROT;VBP1;IQCH;SPEF2;ATP6V0E2;PHTF2;MLH1;CAMTA1;CNPY2;MECR;SIRT5;RCN2;OSBPL3;KLRB1;ZNF585A;PTPN7;SYTL1;PPIE;THOC3;NDFIP2;KATNAL1;CSMD3;RPA3;FAHD2B;CLIC5;VAPB;HCFC2;TRAPPC6B;BRWD1;CD47;SNRPN;KIF3A;ZMYM5;APOBEC3H;ZNF780B;C14orf132;TMEM178B;TRIM2;ZNF738;PRSS27;FANK1;CHMP6;PECR;FAIM;PRR5L;MMP24;ZNF530;IPP;DCAF8;LIN54;SLC25A15;PPP1R12B;TMEM171;SP140;CDRT4;DOK6;TSPAN15;UTS2;ZNF763;USP37;NHSL2;FAT2,"[102, 130, 264, 314, 335, 505, 510, 515, 521, 522, 562, 617, 671, 674, 716, 760, 829, 842, 927, 1083, 1197, 1198, 1282, 1293, 1334, 1434, 1473, 1517, 1549, 1563, 1591, 1665, 1694, 1732, 1752, 1776, 1896, 2068, 2075, 2121, 2156, 2191, 2200, 2237, 2309, 2336, 2483, 2497, 2516, 2519, 2543, 2726, 2763, 2792, 2807, 2869, 2888, 2953, 3037, 3145, 3181, 3256, 3378, 3408, 3413, 3421, 3471, 3478, 3496, 3508, 3529, 3533, 3536, 3560, 3668, 3682, 3741, 3754, 3800, 3817, 3853, 3893, 3949, 3997, 4000, 4010, 4019, 4045, 4053, 4056, 4059, 4071, 4082, 4085, 4093, 4100, 4154, 4175, 4214, 4274, 4278, 4305, 4340, 4361, 4425, 4464, 4480, 4486, 4521, 4670, 4711, 4713, 4729, 4751, 4803, 4837, 4863, 4895, 4902, 4933, 5032, 5081, 5147, 5247, 5282, 5327, 5347, 5363, 5378, 5405, 5457, 5458, 5533, 5690, 5721, 5806, 5829, 5845, 5876, 5882, 5890, 5935, 5949, 5995, 5998, 6000, 6019, 6044, 6054, 6113, 6123, 6207, 6208, 6212, 6213, 6266, 6300, 6344, 6353, 6428, 6466, 6525, 6540, 6554, 6573, 6614, 6626, 6655, 6699, 6724, 6735, 6752, 6882, 6913, 6933, 6969, 7027, 7042, 7056, 7062, 7102, 7131, 7151, 7152, 7154, 7211, 7219, 7252, 7354, 7357, 7367, 7390, 7441, 7461, 7533, 7540, 7584, 7589, 7667, 7673, 7677, 7721, 7736, 7766, 7903, 7917, 7951, 7977, 7989, 8045, 8153, 8162, 8235, 8241, 8299, 8305, 8366, 8371, 8443, 8457, 8493, 8507, 8526, 8528, 8551, 8559, 8563, 8610, 8626, 8662, 8682, 8722, 8753, 8804, 8808, 8848, 8852, 8903, 8937, 9011, 9070, 9094, 9101, 9131, 9158, 9206, 9246, 9278, 9318, 9346, 9367, 9392, 9419, 9432, 9498, 9564, 9567, 9606, 9647, 9698, 9704, 9712, 9716, 9722, 9732, 9743, 9842, 9844, 9875, 9902, 9904, 9941, 9970, 10130, 10133, 10142, 10145, 10166, 10173, 10181, 10194, 10202, 10236, 10244, 10247, 10265, 10273, 10289, 10341, 10435, 10459, 10508, 10568, 10605, 10661, 10723, 10850, 10871, 10893, 10991, 11057, 11086, 11088, 11090, 11247, 11258, 11262, 11315, 11318, 11370, 11408, 11447, 11471, 11616, 11677, 11684, 11686, 11717, 11737, 11810, 11837, 11853, 12010, 12012, 12043, 12106, 12118, 12131, 12161, 12210, 12263, 12284, 12342, 12390, 12427, 12445, 12447, 12456, 12493, 12519, 12542, 12577, 12694, 12697, 12818, 12929, 12954, 12997, 13000, 13025, 13107, 13118, 13119, 13153, 13160, 13227, 13359, 13561, 13624, 13718, 13743, 13802, 13870, 13895, 13955, 13968, 13976, 13993, 14049, 14066, 14124, 14129, 14157, 14162, 14226, 14380, 14389, 14398, 14413, 14498, 14624, 14636, 14713, 14807, 14815, 14831, 14838, 14865, 15060, 15075, 15186, 15212, 15251, 15427, 15455, 15535, 15622, 15701, 15751, 15803, 15860, 15866, 15878, 16023, 16024, 16084, 16140, 16169, 16323, 16361, 16681, 16684, 16745, 16788, 16797, 17045, 17113, 17230, 17328, 17517]",c7.vax__HARALAMBIEVA_PBMC_FLUARIX_AGE_50_74YO_CORR_WITH_28D_MEM_B_CELL_RESPONSE_AT_0DY_POSITIVE
c7.vax,ANDERSON_BLOOD_CN54GP140_ADJUVANTED_WITH_GLA_AF_AGE_18_45YO_1DY_DN,prerank,0.23333138891101035,0.9212052382231831,0.6457925636007827,0.7125705562031012,1.0,24_79,24/79,27.18%,LAPTM5;BANP;ARAP1;WAS;WLS;ARID3A;DPEP2;ANTXR2;FLII;TAF4;ACD;ZNF341;CREBBP;MYH9;ARHGAP30;UPF1;HGS;SF3B2;DVL3;MSN;DPF2;WDR1;LASP1;CBL,LAPTM5;BANP;ARAP1;WAS;WLS;ARID3A;DPEP2;ANTXR2;FLII;TAF4;ACD;ZNF341;CREBBP;MYH9;ARHGAP30;UPF1;HGS;SF3B2;DVL3;MSN;DPF2;WDR1;LASP1;CBL;STX2;PGD;CTCF;UBA1;SEC16A;SPEN;STK24;ARPC4;TBC1D22A;GALNT10;RALY;ZNF106;GRK6;ARF1;MAST3;ADD1;SAP130;IDH3B;RCSD1;PPP1CA;MTMR3;RIC8A;RASSF5;LAMP1;KAT6A;STK4;ATP6AP1;ACO2;CAP1;MAP7D1;HNRNPK;CLASP1;HARS2;ACTB;SH2D3C;ARF3;NDRG3;FOXJ3;ARHGAP1;FRA10AC1;AFF4;FBXL18;ATP6V1B2;SON;VPS8;RABGEF1;PRRC2C;YWHAZ;ACLY;SORL1;DPP8;SEC23B;RAB5B;SRRM1;CACNA1S,"[919, 931, 955, 985, 1657, 2088, 2477, 2764, 3030, 3046, 3055, 3065, 3077, 3676, 3731, 3965, 4009, 4292, 4572, 4608, 4620, 4639, 4676, 4760, 5023, 5171, 5434, 5885, 6001, 6017, 6019, 6139, 6234, 6241, 6308, 6597, 6835, 6886, 6965, 6970, 7038, 7393, 7413, 7430, 7432, 7654, 8014, 8103, 8244, 8303, 8518, 8708, 9027, 9366, 9404, 9551, 9802, 10243, 10696, 11127, 11129, 11257, 11300, 11643, 11775, 12381, 12573, 13048, 13126, 13469, 13659, 13740, 13765, 14179, 14465, 14487, 14678, 16073, 16240]",c7.vax__ANDERSON_BLOOD_CN54GP140_ADJUVANTED_WITH_GLA_AF_AGE_18_45YO_1DY_DN
c7.vax,QUEREC_MODEL_PBMC_YF_17D_VACCINE_AGE_18_45_7DY_PREDICTIVE,prerank,0.2839405774802786,0.9215852945792125,0.5714285714285714,0.7156282836758814,1.0,11_33,11/33,16.95%,SLC47A1;MYL4;SLC39A11;BIRC3;PRAM1;ITGAL;EMILIN2;ASGR2;SAT2;ALDH16A1;C8orf82,SLC47A1;MYL4;SLC39A11;BIRC3;PRAM1;ITGAL;EMILIN2;ASGR2;SAT2;ALDH16A1;C8orf82;CTBP1;DCAF12;NANS;HBZ;SLC2A6;TMOD1;NDRG2;CPEB3;EIF2AK4;ZSWIM5;ZEB1;GPR18;HEATR3;EIF4G3;MEF2A;ULK2;BNIP3L;FBXO15;SPON2;HBA1;SLC25A13;HBB,"[455, 552, 1139, 1351, 1368, 1702, 1794, 2134, 2169, 2932, 2969, 4072, 4083, 4505, 5697, 6672, 7144, 7189, 9685, 10790, 11720, 11741, 12092, 13754, 13953, 14792, 15132, 15148, 15627, 15649, 16828, 16891, 17414]",c7.vax__QUEREC_MODEL_PBMC_YF_17D_VACCINE_AGE_18_45_7DY_PREDICTIVE
c7.vax,HARALAMBIEVA_PBMC_FLUARIX_AGE_50_74YO_CORR_WITH_28D_MEM_B_CELL_RESPONSE_AT_28DY_LEUK_MIGR_MAPK_ACT_CYTOK_SIG_DIAB_OF_THE_YNG_NEGATIVE,prerank,0.36290097566708146,0.9132897812367194,0.5831622176591376,0.7283380093323597,1.0,5_11,5/11,22.23%,CCR2;MAPK11;HNF1A;PAX6;COMMD7,CCR2;MAPK11;HNF1A;PAX6;COMMD7;CKLF;AIMP1;MAPK1;DUOX1;MAPK9;ZNF675,"[711, 2200, 2915, 3830, 3893, 6275, 10676, 11454, 13094, 13747, 15479]",c7.vax__HARALAMBIEVA_PBMC_FLUARIX_AGE_50_74YO_CORR_WITH_28D_MEM_B_CELL_RESPONSE_AT_28DY_LEUK_MIGR_MAPK_ACT_CYTOK_SIG_DIAB_OF_THE_YNG_NEGATIVE
c7.vax,HOEK_MONOCYTE_2011_2012_TIV_ADULT_1DY_DN,prerank,0.33743706712964555,0.9084683285432325,0.5874730021598272,0.7351334533150202,1.0,5_14,5/14,17.09%,RETN;LRRC3;PLD4;CDH26;AZU1,RETN;LRRC3;PLD4;CDH26;AZU1;ACTL10;C2orf74;CDKN1C;CLEC3B;FLNB;TTLL1;PMP22;PRR22;GOLGA8N,"[672, 1244, 1767, 2843, 2992, 5073, 7141, 8841, 9973, 12351, 13160, 14599, 16133, 16664]",c7.vax__HOEK_MONOCYTE_2011_2012_TIV_ADULT_1DY_DN
c7.vax,QUEREC_PBMC_YF_17D_VACCINE_AGE_18_45YO_3DY_UP,prerank,0.2574618787317408,0.9023411723001494,0.640926640926641,0.7378990212796684,1.0,9_45,9/45,12.46%,IRF7;C3AR1;LAMP3;TRIM5;TLR7;CXCL10;PLSCR1;TRIM22;SERPING1,IRF7;C3AR1;LAMP3;TRIM5;TLR7;CXCL10;PLSCR1;TRIM22;SERPING1;IFI27;PARP9;OAS1;MX2;PNPT1;ISG15;MYOF;IL10;HERC5;DHX58;IFIH1;XAF1;LGALS3BP;PARP12;SAMD9;IFIT1;MX1;RASA2;EIF2AK2;OAS3;SAMD9L;OAS2;DDX60L;IFIT2;RGL1;TMEM255A;IFI6;IFIT3;OASL;RSAD2;STAT1;NEXN;DDX60;IFI44;IFI44L;CD38,"[229, 349, 404, 786, 1546, 1647, 1987, 2064, 2181, 3312, 3488, 3619, 4368, 4532, 4942, 5210, 6118, 6159, 6611, 7032, 7088, 7121, 8015, 8115, 8117, 8341, 9210, 9688, 10622, 12091, 12167, 12684, 12748, 12999, 13298, 14097, 14434, 15788, 15853, 16067, 16482, 16525, 16698, 17246, 17344]",c7.vax__QUEREC_PBMC_YF_17D_VACCINE_AGE_18_45YO_3DY_UP
c7.vax,QUEREC_PBMC_YF_17D_VACCINE_AGE_18_45YO_7DY_UP,prerank,0.2574618787317408,0.9023411723001494,0.640926640926641,0.7378990212796684,1.0,9_45,9/45,12.46%,IRF7;C3AR1;LAMP3;TRIM5;TLR7;CXCL10;PLSCR1;TRIM22;SERPING1,IRF7;C3AR1;LAMP3;TRIM5;TLR7;CXCL10;PLSCR1;TRIM22;SERPING1;IFI27;PARP9;OAS1;MX2;PNPT1;ISG15;MYOF;IL10;HERC5;DHX58;IFIH1;XAF1;LGALS3BP;PARP12;SAMD9;IFIT1;MX1;RASA2;EIF2AK2;OAS3;SAMD9L;OAS2;DDX60L;IFIT2;RGL1;TMEM255A;IFI6;IFIT3;OASL;RSAD2;STAT1;NEXN;DDX60;IFI44;IFI44L;CD38,"[229, 349, 404, 786, 1546, 1647, 1987, 2064, 2181, 3312, 3488, 3619, 4368, 4532, 4942, 5210, 6118, 6159, 6611, 7032, 7088, 7121, 8015, 8115, 8117, 8341, 9210, 9688, 10622, 12091, 12167, 12684, 12748, 12999, 13298, 14097, 14434, 15788, 15853, 16067, 16482, 16525, 16698, 17246, 17344]",c7.vax__QUEREC_PBMC_YF_17D_VACCINE_AGE_18_45YO_7DY_UP
c7.vax,ANDERSON_BLOOD_CN54GP140_ADJUVANTED_WITH_GLA_AF_AGE_18_45YO_1DY_UP,prerank,0.24215383979402416,0.9038233096701596,0.6538461538461539,0.7424060514869364,1.0,14_60,14/60,18.29%,HBE1;IGFBP1;ADRA2C;PLA2G3;RFX4;SCGN;GIMAP2;FAM89A;SNTA1;ARTN;CD48;PKP2;RNF7;RXRG,HBE1;IGFBP1;ADRA2C;PLA2G3;RFX4;SCGN;GIMAP2;FAM89A;SNTA1;ARTN;CD48;PKP2;RNF7;RXRG;RASSF6;ATP11C;RPS18;MAPK8IP2;HLA-C;RBMX2;NR2F2;TMEM70;HCN2;SUMO1;MRPL15;CSNK1G1;BMP8B;TMSB4X;CAMK2A;SPINK2;RUNX1T1;GCLM;SNX14;KCTD7;PRDX4;PCYOX1;MTX2;C4orf3;CAMK1G;SYP;CAPZA1;ITM2B;STAR;RNASEH2B;ENSA;ZNF160;EID3;NRSN2;BRIX1;FAM162A;FSTL4;ING3;PHLDB1;ZNF320;TMEM106B;CRB3;ATAD1;ZNF93;IER3IP1;IL17REL,"[440, 866, 1002, 1113, 1386, 1620, 1677, 1881, 2271, 2600, 2604, 2695, 2931, 3203, 4087, 4612, 4800, 4961, 5034, 6123, 6366, 6495, 6525, 7442, 8355, 8580, 8875, 8993, 9057, 9115, 9217, 9306, 9766, 9819, 10203, 10352, 10741, 10795, 10803, 10889, 11080, 11214, 11290, 11388, 11616, 11622, 11665, 12120, 12569, 13208, 13267, 13294, 13302, 13630, 14037, 14337, 14629, 15275, 17224, 17486]",c7.vax__ANDERSON_BLOOD_CN54GP140_ADJUVANTED_WITH_GLA_AF_AGE_18_45YO_1DY_UP
c7.vax,KANNAN_BLOOD_2012_2013_TIV_AGE_65PLS_REVACCINATED_IN_6_9_MO_VS_REVACCINATED_IN_12_13_MO_UP,prerank,-0.23356122969564475,-1.0688728518792474,0.2693069306930693,0.7642887062112168,1.0,79_194,79/194,34.83%,HS6ST3;USP37;IMPG2;SCN11A;FAM86B2;ZNF491;PRKAA1;DOCK10;HMGCS1;RASGRP1;SECISBP2L;SC5D;ZNF484;CDC40;TMEM67;NNAT;RBM12;XPO4;LYRM7;SPDYE3;DIRAS2;NUP155;CSNK1A1;USP16;NSG2;ZNF26;GOLGA8B;ADO;SRP72;CEP41;CRB3;DLX4;TDG;CNGA3;WDR75;MRPL3;MTFR2;NAPEPLD;SLC13A3;ATXN10;NAE1;MMGT1;SRSF6;KCTD3;PPIL3;SUZ12;IL17C;UBP1;ARMC8;HNRNPU;UBE2E1;SLC30A3;CSE1L;DYNC1LI2;PER2;ZMYND11;NAIP;ATP6AP1L;IPO11;TMEM41B;STYX;CUL2;ZNF566;SLC7A6;CYP4X1;EIF2S1;KSR2;SLC30A7;CD28;PTGR2;WDR36;EEF1B2;CCDC59;ZFC3H1;CLDND1;LEPROTL1;RPP40;VSX2;DNAJC15,ADM2;FOXD4;FCGR3A;FKBP10;TOP3B;MOB2;HSPE1;POLR2H;CNKSR1;DGCR6;DPP7;TRIM4;ARHGEF6;RD3;C11orf96;CAPS;LSM7;PBX4;MAT2A;RPL18A;UXT;GTF3A;RPS3;TMEM145;ZSWIM7;ITK;ZFAND2A;DHCR7;RPL38;SULT2B1;RPL24;RPL35A;RPL6;NDUFAF2;RPS6;IL11RA;NOSIP;C1orf54;RPL3;RPS3A;C12orf57;RND2;PRRT1;CPM;FIBCD1;C19orf53;UBE2G2;GNAT1;C5orf47;PLD6;FEM1C;HSPG2;ITM2A;RBM15;FBXO5;CAMLG;RPL17;RPLP0;CAMKMT;SRSF7;COX6C;RGS12;KRTAP5-1;STMN3;MOSPD3;GPR183;SOX8;RPL10A;TRIM73;ZBTB33;NAP1L1;IFT46;TRIB2;INTS6;EIF3E;UBE2Q2;DPH5;GRPEL2;AK3;OXLD1;RALA;KLHL5;CEBPZ;HOXD3;SMIM11;TMEM126B;ZNF512B;PAICS;RSBN1;BCL11B;TARDBP;NUDT6;COIL;NRG3;ZNF816;ZFP91;SERBP1;EIF3H;ELOVL4;PCSK1N;ZZZ3;TMEM80;TMEM256;DENND4C;SLC16A2;NENF;AHNAK2;CLTCL1;LSM3;MIS12;DENND1B;PLEKHA1;COMMD3;USP24;ATXN1L;DNAJC15;VSX2;RPP40;LEPROTL1;CLDND1;ZFC3H1;CCDC59;EEF1B2;WDR36;PTGR2;CD28;SLC30A7;KSR2;EIF2S1;CYP4X1;SLC7A6;ZNF566;CUL2;STYX;TMEM41B;IPO11;ATP6AP1L;NAIP;ZMYND11;PER2;DYNC1LI2;CSE1L;SLC30A3;UBE2E1;HNRNPU;ARMC8;UBP1;IL17C;SUZ12;PPIL3;KCTD3;SRSF6;MMGT1;NAE1;ATXN10;SLC13A3;NAPEPLD;MTFR2;MRPL3;WDR75;CNGA3;TDG;DLX4;CRB3;CEP41;SRP72;ADO;GOLGA8B;ZNF26;NSG2;USP16;CSNK1A1;NUP155;DIRAS2;SPDYE3;LYRM7;XPO4;RBM12;NNAT;TMEM67;CDC40;ZNF484;SC5D;SECISBP2L;RASGRP1;HMGCS1;DOCK10;PRKAA1;ZNF491;FAM86B2;SCN11A;IMPG2;USP37;HS6ST3,"[211, 415, 954, 1092, 1162, 1293, 1341, 1559, 1582, 1845, 2035, 2217, 2278, 2325, 2507, 2542, 2610, 2710, 3135, 3274, 3290, 3303, 3341, 3405, 3582, 3688, 3859, 3944, 3947, 4007, 4014, 4202, 4220, 4337, 4340, 4359, 4431, 4434, 4465, 4491, 4688, 4812, 4816, 4854, 4934, 4994, 5446, 5456, 5527, 5630, 5738, 5784, 5805, 5873, 5948, 6081, 6172, 6265, 6305, 6320, 6573, 6594, 6758, 6856, 6998, 7031, 7037, 7111, 7132, 7164, 7238, 7353, 7361, 7478, 7600, 7776, 7815, 7954, 8047, 8211, 8290, 8292, 8306, 8311, 8557, 8583, 8776, 8829, 8882, 9083, 9089, 9143, 9208, 9235, 9254, 9341, 9494, 9511, 9518, 9597, 9708, 9869, 9983, 10033, 10120, 10173, 10196, 10252, 10349, 10433, 10708, 10960, 11076, 11166, 11203, 11417, 11449, 11455, 11458, 11481, 11488, 11500, 11512, 11670, 11704, 11843, 11902, 11932, 11948, 11969, 12016, 12023, 12030, 12116, 12119, 12131, 12292, 12297, 12300, 12305, 12337, 12352, 12363, 12395, 12398, 12526, 12614, 12789, 12831, 13065, 13136, 13187, 13190, 13483, 13727, 13820, 13922, 13957, 14064, 14182, 14204, 14247, 14267, 14337, 14489, 14505, 14931, 14971, 14991, 15004, 15161, 15372, 15401, 15447, 15465, 15483, 15511, 15582, 15861, 15984, 16018, 16100, 16370, 16462, 16548, 16564, 16569, 16607, 16829, 16843, 17141, 17143, 17230, 17494]",c7.vax__KANNAN_BLOOD_2012_2013_TIV_AGE_65PLS_REVACCINATED_IN_6_9_MO_VS_REVACCINATED_IN_12_13_MO_UP
c7.vax,ZAK_PBMC_MRKAD5_HIV_1_GAG_POL_NEF_AGE_20_50YO_1DY_DN,prerank,-0.2066618295994005,-1.0754787043429392,0.16233766233766234,0.7731405559991464,1.0,207_749,207/749,25.16%,CRTAM;RCAN3;SLC9A7;EOMES;GZMA;ZKSCAN8;LIMA1;CAMK4;ANKRD36C;ACVR2B;GCNT4;TARBP1;IL16;KCNA3;HLA-DOB;LBH;SCAI;NT5DC1;ZNF280D;LANCL1;PRKCQ;DTHD1;AGTPBP1;RPL26;ACADSB;RNF125;ZNF337;MID2;RASGRP1;IL2RB;HLTF;TIGIT;SLC16A7;GALNT12;PDK1;KLHL28;MYO1D;HIVEP2;USP13;PPWD1;TMEM168;CD200R1;BLK;NCALD;CD8B;RASGRF2;MSH2;IPP;ABCD2;ZKSCAN3;DSC1;STXBP5;PLCB1;SERINC5;PDE7A;SLC4A10;SLC12A2;TIMM8A;ZNF559;PECR;PCED1B;TXK;ATP8A1;SYNE1;DDX6;MDN1;DDHD2;TSPAN18;RALGPS2;SIDT1;SLFN13;HERC1;CLK4;ZNF600;LRPPRC;EXOC6B;NIPAL3;LYRM7;SLC38A1;RBMX;ZNF43;PDE3B;CREBZF;ZDBF2;NPAT;NKG7;NUCKS1;RAPGEF6;EXOSC8;MS4A1;TDP1;AGL;AAK1;PRKACB;YEATS4;ZBTB25;BPTF;BMI1;DLG1;CCSER2;ZNF266;MBLAC2;PIGK;ERMP1;HEATR5B;TNIK;VSIG1;DPP4;RALGAPA1;PGM2L1;RECK;ZNF383;BRWD1;ARL4C;TIGD1;DTD2;RRM1;PTPN4;PRKDC;CYP2R1;CEP68;C14orf28;CPSF6;FAHD2B;CBLB;GCSAM;TRMT61B;CCR6;CD200;ABI2;FOCAD;CEP120;VWA8;ANAPC1;CDCA7L;GPX7;TOP2B;TAF9B;NET1;ACSL6;EBF1;DNAJC24;AKT3;STK39;SORL1;ZC3H6;KLRB1;COX11;DYRK2;PREPL;RCN2;SRPK2;MGAT5;LIAS;DOCK9;ITGB3BP;DCUN1D4;ZNF33B;PIAS2;THEM4;ZFAND1;ELP2;TBL1XR1;TRABD2A;ZNF292;ELAC1;CASD1;SACS;PRPS1;AMY2B;ZNF827;NAA40;BDH1;NSG1;MAN1A2;TCP11L2;ADK;SLC4A7;KIAA0586;NAE1;TRAF5;PIK3C2B;STAT4;PSIP1;ARHGEF9;ZIK1;SAMD3;TTC3;LCLAT1;WWP1;HPCAL4;RBL2;CDC14B;DUSP16;HECTD1;CEP128;LY9;CCND2;ZNF585B;MAL;ERN1;EIF2D;SVIP;LRBA;FAM107B;SLAIN1;PIK3IP1,DNAJB1;CXCR4;MRPS6;LAT;SLC5A3;CST7;LCK;IL32;VNN1;ITPKB;SLAMF6;FCER1A;PTGDR;KLRD1;PBXIP1;DHRS3;CD52;FCGBP;TGFBR3;PNRC1;RHOH;CD7;CD2;BTLA;HS3ST3B1;IL7R;PYHIN1;PLCG1;EEF1G;AQP3;SH2D1B;ANAPC16;GPR171;CDC14A;AHNAK;GYPC;NFATC2;BTG1;SLA2;ARHGAP15;RGCC;LEF1;CASS4;ZFP36L2;PLEKHF1;MAP4K1;NR1D1;BAG2;FCRLA;SPECC1L;CD3E;ZNF395;NOG;TSHZ1;TFAP4;RPS21;HLA-DQA1;TLE1;KLRG1;DLEU1;GSTM2;AKR1C3;IL18RAP;BCL2;ZAP70;S1PR1;TCEA3;CASP6;GRAP;KLRK1;IGF1R;CD248;CD79B;GOLPH3L;RPS19;SLC41A1;CD160;VEGFB;DPEP2;NCK2;TMEM204;RPS15;HLA-DOA;TSEN54;CD79A;RPS16;CERS4;RPLP1;ABCB1;PARP16;P2RX5;MATK;CARD11;SUN2;WEE1;RPL13;NAA16;CD247;ABHD14A;PDE4DIP;IL23A;FOXO1;RPL18;UNC119B;RPLP2;ST3GAL1;TKTL1;MAML2;UXT;CD22;FYN;RPS3;USE1;SESN1;SH2D1A;FMNL3;FBL;LAX1;RPL37A;TRAPPC2;ACP6;RPL8;SLC16A1;RPS5;ITK;ETS1;PLXDC1;ITGA6;TMEM106C;PACS1;CCNG1;TOB1;CTSF;SIRPG;PCID2;THRA;ARHGAP5;STK17A;FGFBP2;RPL24;CD44;RPS29;GID8;MFHAS1;ZNF420;ZNF32;RPS20;TBC1D10A;ANP32B;RPL35;IFFO2;RPL35A;SESN3;RPL6;IKZF2;RPS6;TOP1MT;PDGFC;ZNF831;REST;ADAM28;RPL3;TCF7;MSI2;PLEKHB1;RPS14;AKR1B1;CNR2;SOD1;LRIG1;CYP27A1;C12orf57;RPL29;CDC25B;CTSW;RPS18;RPL32;AXIN2;ST6GALNAC6;MZT2A;UBA52;ZBTB44;RPS13;EZH1;CRY1;ZNF609;PFDN5;TRAF1;RPL27A;RPL11;PRSS23;USP53;FBXO32;KLHDC2;RPS4X;DGKA;RPL4;ATP8B2;CERK;METTL16;RPL23;FAM219B;IP6K1;NCAPD2;PITPNC1;NEO1;CCL5;USP20;RPS4Y1;RBL1;KDM3A;COMMD6;UBTF;PRKCH;ITM2A;CENPV;CNOT6L;RPS15A;VPS51;RPL30;LTB;RPL5;NSA2;CAMLG;CSGALNACT1;RPL22;TRMT2B;N4BP2;CSNK1E;BIN1;RPL17;SMIM8;RPL37;ERGIC3;ADNP;RPLP0;CHMP7;PDGFD;FOXP1;PABPC1;C16orf74;TMEM156;DENND2D;PAIP2B;BBS2;LRRN3;BANK1;ST6GAL1;TSPYL2;AHCTF1;RPS23;EIF4EBP2;CDKN2AIP;TSTD1;ATP2B4;ZBTB16;NMT2;TC2N;CD5;FCRL6;BBS9;ALDH18A1;TMEM97;ZFP82;SSBP2;LDOC1;APBA2;MFGE8;TTC39C;PRDX2;NMUR1;WDR54;NDRG2;RHOF;CRTC3;SLC7A8;NAP1L1;RPA1;IFT46;ABHD14B;TRIB2;HINT1;EVL;POLA1;CHD3;CAD;RAB30;ATF7IP2;HIBADH;ST13;PAX5;EIF3E;CRIPT;MAGED1;CBX5;PDZD4;ABCC5;CD244;TSPAN3;EEF1A1;XPOT;DPH5;TLR10;CDR2;SEL1L3;COQ10A;PCMTD2;MGAT4A;LDHB;MAP2K5;EIF3L;NFATC3;RORA;INPP4B;PRPF8;ESYT1;LTA4H;FITM2;SPTAN1;GNLY;ZNF836;NT5E;PPIA;RBBP7;HSF2;NR3C2;TMEM14A;ZNF486;SP4;RSL24D1;MRPL48;RPL12;EMB;URI1;KLRC2;DDX3X;SPOCK2;KPNA4;ARID2;TOX;GSTM3;BCL7A;NCAPD3;HADH;IMPDH2;OGT;RNF144A;CBX7;NUCB2;ENO2;PHB2;AGMAT;LDLRAP1;MAPK13;UBR5;USP34;EIF2S3;CCNB1IP1;ZNF329;CCDC7;RAB39B;ZNF181;PABPC4;RASA3;ACO1;BCL11B;EEF2;CTC1;ZFP62;PM20D2;RPS6KA3;ZNF792;RASA2;GPA33;KLF12;EIF3F;ATL2;SFMBT1;CEP95;RCL1;NDUFAF4;PTCH1;ANXA6;MRPL45;EIF3D;CCL28;EIF3H;SLC25A29;ZMAT3;RGMB;CLEC2D;CD8A;CD3G;UBE4B;EIF4A2;APBB1;CRYL1;UBA2;APEX1;CMPK1;ACVR2A;ADPRM;TCEAL8;EIF3M;EIF3K;KCTD7;GNG7;FAM169A;MIB1;ZNF639;KAT6B;DENND4C;RPL15;ZNF286A;ANKH;OFD1;CRIM1;PHLPP2;VPS13A;ZNF721;THEMIS;PCYOX1;NR1D2;SNRNP200;ZNF507;SFXN1;CLSTN3;SPTBN1;ALDOC;PRKCA;TFDP2;MPRIP;SRSF5;ARHGAP12;SH3YL1;NOA1;ZNHIT6;SLC25A23;C1orf21;FCRL3;PEBP1;ZFP90;FAM168B;EIF4B;FHIT;GABPB2;TMEM116;EPHX2;AK5;PDCD4;SMYD3;SNX25;CA5B;PLEKHA1;ZNF506;OTUD3;OCIAD2;OSBPL10;GLCCI1;HNRNPA3;CSDE1;AFF3;NDRG3;GPATCH11;SATB1;EPHA4;NELL2;RNF157;CCNT1;IPO5;BCKDHB;POLR1E;CAMK1D;C12orf75;CASK;GNPDA2;PRRC2B;KLRF1;SKAP1;CD6;RFX7;SCML4;ZNF91;CDK6;NUP88;ATM;FUT10;ZEB1;ANAPC15;TRIM32;TMEM181;RSL1D1;GNG2;CD28;ABLIM1;MRPS27;ZFP1;MPHOSPH9;SLC7A6;CEP78;NOL9;ZNF84;YPEL1;HABP4;PLCL1;SBNO1;ZMYND11;CYFIP2;DIS3L;FBXL20;MTFMT;POLR2B;SLC16A10;FLNB;CDC42SE2;CXXC5;WDR89;ZNF101;CD27;ESYT2;TNRC6C;MYBL1;HMGB1;LUC7L3;MAGEH1;BACH2;CD96;CCR7;ZNF254;CEP57;IKZF3;COBLL1;NPM1;PAFAH2;AP3M2;SEMA4C;TESPA1;MBNL2;MACF1;SYNRG;OXNAD1;PTPN22;PIK3IP1;SLAIN1;FAM107B;LRBA;SVIP;EIF2D;ERN1;MAL;ZNF585B;CCND2;LY9;CEP128;HECTD1;DUSP16;CDC14B;RBL2;HPCAL4;WWP1;LCLAT1;TTC3;SAMD3;ZIK1;ARHGEF9;PSIP1;STAT4;PIK3C2B;TRAF5;NAE1;KIAA0586;SLC4A7;ADK;TCP11L2;MAN1A2;NSG1;BDH1;NAA40;ZNF827;AMY2B;PRPS1;SACS;CASD1;ELAC1;ZNF292;TRABD2A;TBL1XR1;ELP2;ZFAND1;THEM4;PIAS2;ZNF33B;DCUN1D4;ITGB3BP;DOCK9;LIAS;MGAT5;SRPK2;RCN2;PREPL;DYRK2;COX11;KLRB1;ZC3H6;SORL1;STK39;AKT3;DNAJC24;EBF1;ACSL6;NET1;TAF9B;TOP2B;GPX7;CDCA7L;ANAPC1;VWA8;CEP120;FOCAD;ABI2;CD200;CCR6;TRMT61B;GCSAM;CBLB;FAHD2B;CPSF6;C14orf28;CEP68;CYP2R1;PRKDC;PTPN4;RRM1;DTD2;TIGD1;ARL4C;BRWD1;ZNF383;RECK;PGM2L1;RALGAPA1;DPP4;VSIG1;TNIK;HEATR5B;ERMP1;PIGK;MBLAC2;ZNF266;CCSER2;DLG1;BMI1;BPTF;ZBTB25;YEATS4;PRKACB;AAK1;AGL;TDP1;MS4A1;EXOSC8;RAPGEF6;NUCKS1;NKG7;NPAT;ZDBF2;CREBZF;PDE3B;ZNF43;RBMX;SLC38A1;LYRM7;NIPAL3;EXOC6B;LRPPRC;ZNF600;CLK4;HERC1;SLFN13;SIDT1;RALGPS2;TSPAN18;DDHD2;MDN1;DDX6;SYNE1;ATP8A1;TXK;PCED1B;PECR;ZNF559;TIMM8A;SLC12A2;SLC4A10;PDE7A;SERINC5;PLCB1;STXBP5;DSC1;ZKSCAN3;ABCD2;IPP;MSH2;RASGRF2;CD8B;NCALD;BLK;CD200R1;TMEM168;PPWD1;USP13;HIVEP2;MYO1D;KLHL28;PDK1;GALNT12;SLC16A7;TIGIT;HLTF;IL2RB;RASGRP1;MID2;ZNF337;RNF125;ACADSB;RPL26;AGTPBP1;DTHD1;PRKCQ;LANCL1;ZNF280D;NT5DC1;SCAI;LBH;HLA-DOB;KCNA3;IL16;TARBP1;GCNT4;ACVR2B;ANKRD36C;CAMK4;LIMA1;ZKSCAN8;GZMA;EOMES;SLC9A7;RCAN3;CRTAM,"[8, 50, 80, 152, 155, 291, 292, 314, 323, 423, 661, 722, 740, 759, 760, 776, 830, 854, 870, 875, 884, 912, 933, 979, 986, 1012, 1016, 1030, 1035, 1057, 1076, 1100, 1142, 1167, 1208, 1209, 1221, 1239, 1257, 1319, 1356, 1357, 1362, 1382, 1433, 1466, 1512, 1513, 1514, 1552, 1555, 1590, 1617, 1639, 1654, 1679, 1718, 1726, 1732, 1819, 1841, 1888, 1930, 1935, 1939, 1972, 2045, 2147, 2153, 2178, 2274, 2282, 2306, 2310, 2336, 2362, 2369, 2475, 2477, 2527, 2538, 2583, 2615, 2629, 2657, 2683, 2726, 2741, 2773, 2803, 2809, 2855, 2882, 2890, 2909, 2917, 2956, 2961, 3016, 3034, 3039, 3040, 3110, 3126, 3161, 3177, 3190, 3202, 3290, 3309, 3313, 3341, 3371, 3375, 3378, 3431, 3480, 3499, 3513, 3533, 3539, 3549, 3677, 3685, 3688, 3740, 3742, 3749, 3754, 3761, 3763, 3777, 3805, 3810, 3817, 3887, 3943, 3991, 4005, 4014, 4043, 4056, 4062, 4064, 4075, 4121, 4125, 4126, 4144, 4163, 4195, 4202, 4217, 4220, 4242, 4340, 4363, 4382, 4396, 4410, 4449, 4465, 4529, 4534, 4600, 4601, 4628, 4659, 4670, 4672, 4678, 4688, 4699, 4784, 4791, 4800, 4803, 4815, 4837, 4843, 4863, 4878, 4883, 4885, 4903, 4913, 5007, 5013, 5032, 5044, 5059, 5086, 5092, 5290, 5294, 5317, 5360, 5374, 5405, 5408, 5443, 5457, 5481, 5489, 5525, 5528, 5546, 5555, 5557, 5625, 5717, 5721, 5770, 5804, 5805, 5862, 5931, 5993, 6026, 6030, 6057, 6075, 6077, 6081, 6090, 6109, 6112, 6128, 6138, 6167, 6172, 6179, 6213, 6236, 6263, 6265, 6274, 6282, 6316, 6350, 6351, 6408, 6444, 6453, 6478, 6481, 6502, 6550, 6557, 6622, 6735, 6766, 6794, 6801, 6804, 6815, 6817, 6828, 6842, 6857, 6898, 6935, 6999, 7048, 7059, 7065, 7123, 7133, 7151, 7162, 7172, 7188, 7189, 7210, 7226, 7237, 7238, 7252, 7353, 7359, 7361, 7390, 7391, 7433, 7439, 7484, 7502, 7503, 7539, 7563, 7588, 7600, 7613, 7631, 7643, 7648, 7667, 7682, 7713, 7718, 7811, 7815, 7830, 7833, 7843, 7855, 7875, 7888, 7900, 7910, 7912, 7917, 7937, 7949, 7960, 8000, 8011, 8022, 8034, 8051, 8081, 8133, 8153, 8169, 8251, 8254, 8305, 8323, 8354, 8365, 8371, 8419, 8429, 8433, 8441, 8466, 8491, 8509, 8514, 8548, 8568, 8588, 8607, 8617, 8646, 8676, 8720, 8721, 8724, 8733, 8772, 8801, 8835, 8840, 8879, 8884, 8887, 8934, 8954, 8990, 9003, 9032, 9044, 9045, 9081, 9083, 9092, 9098, 9106, 9111, 9145, 9205, 9210, 9242, 9267, 9293, 9305, 9315, 9335, 9337, 9345, 9434, 9469, 9496, 9497, 9509, 9511, 9524, 9538, 9554, 9564, 9566, 9585, 9612, 9614, 9631, 9640, 9667, 9678, 9690, 9698, 9749, 9760, 9809, 9810, 9819, 9885, 9938, 9964, 9996, 10009, 10033, 10085, 10119, 10137, 10149, 10169, 10200, 10221, 10222, 10322, 10352, 10401, 10421, 10424, 10432, 10445, 10461, 10502, 10548, 10563, 10568, 10578, 10591, 10592, 10597, 10605, 10611, 10632, 10665, 10690, 10707, 10711, 10730, 10753, 10787, 10817, 10819, 10864, 10899, 10902, 10929, 10947, 10960, 10977, 11004, 11009, 11047, 11058, 11090, 11091, 11116, 11129, 11141, 11159, 11168, 11189, 11198, 11200, 11202, 11227, 11286, 11313, 11325, 11332, 11368, 11371, 11397, 11532, 11543, 11570, 11595, 11651, 11655, 11674, 11714, 11736, 11741, 11746, 11753, 11763, 11788, 11817, 11843, 11926, 11960, 11970, 12007, 12016, 12057, 12075, 12099, 12124, 12188, 12192, 12205, 12300, 12306, 12308, 12318, 12322, 12330, 12335, 12351, 12425, 12457, 12485, 12489, 12505, 12521, 12523, 12528, 12555, 12580, 12587, 12588, 12596, 12666, 12714, 12736, 12755, 12773, 12801, 12818, 12823, 12844, 12857, 12884, 12991, 13025, 13026, 13052, 13111, 13116, 13132, 13146, 13157, 13198, 13205, 13217, 13232, 13238, 13247, 13277, 13279, 13296, 13320, 13331, 13366, 13371, 13386, 13391, 13401, 13402, 13406, 13430, 13432, 13461, 13474, 13483, 13495, 13502, 13523, 13533, 13551, 13563, 13573, 13602, 13610, 13615, 13618, 13640, 13660, 13694, 13698, 13711, 13722, 13758, 13776, 13837, 13866, 13868, 13871, 13888, 13938, 13954, 13970, 14004, 14066, 14070, 14072, 14073, 14129, 14169, 14179, 14241, 14271, 14291, 14294, 14298, 14325, 14346, 14358, 14364, 14433, 14472, 14529, 14534, 14537, 14542, 14551, 14555, 14558, 14593, 14616, 14636, 14654, 14684, 14687, 14705, 14728, 14770, 14793, 14803, 14806, 14821, 14838, 14879, 14884, 14911, 15001, 15020, 15025, 15030, 15037, 15047, 15066, 15069, 15090, 15092, 15116, 15130, 15170, 15175, 15204, 15220, 15234, 15242, 15248, 15249, 15256, 15280, 15285, 15287, 15301, 15343, 15351, 15352, 15441, 15468, 15469, 15483, 15489, 15497, 15522, 15527, 15539, 15592, 15593, 15603, 15684, 15698, 15704, 15736, 15742, 15752, 15757, 15781, 15799, 15860, 15915, 15946, 15947, 15954, 15969, 15971, 15994, 16009, 16044, 16054, 16070, 16084, 16102, 16125, 16145, 16146, 16162, 16168, 16202, 16236, 16266, 16268, 16289, 16411, 16431, 16436, 16446, 16489, 16538, 16545, 16548, 16550, 16565, 16659, 16668, 16730, 16821, 16831, 16876, 16883, 16895, 16901, 16927, 17008, 17030, 17040, 17050, 17060, 17117, 17133, 17161, 17180, 17203, 17323, 17331, 17457, 17474, 17489, 17507]",c7.vax__ZAK_PBMC_MRKAD5_HIV_1_GAG_POL_NEF_AGE_20_50YO_1DY_DN
c7.vax,HOFT_CD4_POSITIVE_ALPHA_BETA_MEMORY_T_CELL_BCG_VACCINE_AGE_18_45YO_56D_TOP_100_DEG_AFTER_IN_VITRO_RE_STIMULATION_DN,prerank,0.24818350666977965,0.8768850511032867,0.6771653543307087,0.7893248473287944,1.0,19_43,19/43,27.94%,CXCL1;ARAP1;TLE3;HDAC7;CNOT3;PYGO2;WASF2;IRF2BP1;ARHGAP17;VCAN;MYO1C;TRAF7;MFSD12;MFHAS1;EIF3B;JUP;MGAT4B;ARMC6;INTS5,CXCL1;ARAP1;TLE3;HDAC7;CNOT3;PYGO2;WASF2;IRF2BP1;ARHGAP17;VCAN;MYO1C;TRAF7;MFSD12;MFHAS1;EIF3B;JUP;MGAT4B;ARMC6;INTS5;PLXNA1;NOC2L;PTGIR;SAMD4B;AP2A1;NFATC3;ARHGEF11;IFIT1;SLC29A1;GBF1;THBS1;RPRD2;ABCC1;ZNF184;KIF11;CREG1;ERC1;IFIT3;TAF1;ADCY1;TRANK1;OASL;BMP2K;ZNF763,"[594, 955, 1298, 1629, 2144, 2762, 2820, 2837, 2925, 3195, 3267, 3666, 4024, 4064, 4398, 4440, 4675, 4858, 4893, 5302, 5524, 5656, 6359, 7084, 7917, 7999, 8117, 8271, 9118, 10764, 10799, 11096, 11298, 13224, 14117, 14410, 14434, 14800, 15107, 15648, 15788, 16739, 17113]",c7.vax__HOFT_CD4_POSITIVE_ALPHA_BETA_MEMORY_T_CELL_BCG_VACCINE_AGE_18_45YO_56D_TOP_100_DEG_AFTER_IN_VITRO_RE_STIMULATION_DN
c7.vax,NAKAYA_B_CELL_FLUMIST_AGE_18_50YO_7DY_UP,prerank,-0.21096810446168932,-1.051598585093778,0.2698744769874477,0.798018189315653,1.0,133_428,133/428,28.81%,GBX2;ANKRD36;TMSB4Y;IL16;ANK3;IL5;CLCNKA;BMP2K;BTAF1;WSB1;ANKHD1;ZNF155;SRBD1;CD226;ZKSCAN1;DBT;TRPC1;CLCNKB;ASTE1;DGKD;KHDRBS2;ZNF484;GPR89B;TSTD2;TMSB15B;KLHDC10;EXOG;GPSM2;TBC1D5;CNTNAP2;GCOM1;NF1;CEP170;TRMT13;INVS;CREBZF;AGL;NPY;ZMYM5;ZBTB25;CUL5;SLC25A36;RASGRP3;DLG1;METTL2A;IFT74;PEX3;LIG4;SLC11A2;WDR12;AMACR;MRPS30;SSPN;TSPYL5;IDS;RBM41;SERPINB8;ENPP4;CEP68;DTX4;AIMP2;PIK3C3;CPSF6;WDR77;NR2C1;CD200;TMX4;SEC23B;EPM2A;RWDD3;CYB5A;PARP2;ZNF749;NFATC2IP;MYCBP;OSBPL3;TUBB4A;GTF2H1;TUBGCP4;MTDH;GART;C1QTNF3;PTPN11;ZNF573;PCDH9;YME1L1;UBL3;TM2D1;RBFA;DNAH7;TBC1D30;KLF9;AQR;TRAF5;SPTLC1;PLAGL1;CLCC1;RPAP2;PNN;RBL2;NLK;TOP3A;RFK;ERN1;INPP4A;MLH3;PCM1;PIK3IP1;ARL5A;PTPN22;RNGTT;MYOM1;TTF1;FKBP14;SETD6;REEP5;CEACAM1;FCF1;ANGEL2;MAVS;ANAPC13;CCR7;HRK;SMCHD1;SPAST;PCMT1;UEVLD;KIN;TNKS;ARMC8;CAND1;ATMIN;TM7SF3,DNAJB1;FKBP5;DSP;CKS2;ADORA2A;CD300A;RUNX1;PTOV1;CDK2;TRAM2;FOXO4;MFNG;FOXM1;PYGM;STOM;SPECC1L;SHMT2;PPP2R1B;UNG;TLE1;CCND3;DOCK2;CACYBP;ATP13A1;THSD1;POLDIP3;ABCA1;IL27RA;SIGIRR;SIAH2;PDIA4;ORAI2;LRRC1;JUN;FLI1;RPP21;RANGRF;TIMP3;HLA-DOA;SNRPA;LIMK2;ABCB1;C1orf56;RGS1;ABHD4;WEE1;IFRD1;RALGDS;RAB9A;PDE4DIP;TRMT112;HYI;GTF3A;CD22;RUVBL2;RHOBTB3;RPL37A;TFIP11;UBE2B;ITK;ETS1;CCT4;RPL28;STK17A;PKNOX1;PSMC3IP;MEX3C;NAT9;IRS2;GNAI3;GOLM1;ADRM1;FAM117A;MLF2;DDR1;DLGAP4;LZTR1;GALNT2;IGF2R;SCAF4;SUGP1;DENND4B;MTRF1L;PPM1D;CD2BP2;CNPPD1;HERC4;WDR59;TTLL12;ZNF208;TCEAL1;MYL6B;ZNF468;ZNF318;GID4;RABEP2;OSGIN2;PRDX6;TADA3;CLCN6;TTC4;LETM1;SMAD3;FOXN3;GPR89A;UFC1;CRLF3;UROD;AKR7A2;ALDH7A1;BIN1;MAGOH;SMIM8;CSNK2A2;HAX1;RAP2B;DUSP12;KSR1;INTS9;WIPF2;GCDH;PAIP2B;PCNA;INTS1;EIF5B;MLX;ST6GAL1;BCL10;ADCY7;LCMT1;ZNF142;ZBTB16;GRK6;GALNS;RGS20;ARF6;RBM15B;MAST3;PPP1R13B;DNAJB12;DCLRE1C;TMOD1;SPTSSA;SUMO3;BAG1;TXNRD1;DDX11;HECTD3;TAX1BP3;RRP1B;SLC25A11;ST13;TRIM39;WTAP;UXS1;RIC8A;PCF11;RBBP6;NDUFC1;ZBTB10;CDC42SE1;DBP;ZBTB38;INTS7;XRCC1;ASF1A;DCAF10;MGST3;COL4A3;NT5E;ZNF480;MAP2K4;DECR1;TRIO;ERH;SF3A3;RAD51D;C1orf50;FIG4;SP110;AKAP1;CBX1;LY75;SAMM50;COPS5;ILF3;FTSJ1;MTMR1;ARL17A;SLC30A4;FAF2;MAPK13;SFXN3;ZNF133;BRCA2;PJA1;BTG3;CTNND1;ARL17B;VAMP1;ATP6V0C;NCOA3;ITPA;SH3GLB2;METTL2B;IFT57;RB1;ANKRD12;STX6;CSPP1;MAP4;PDCL3;COPS7B;ABCB4;TWF1;MECP2;SMPD1;PPP1R11;APEX1;SEC24A;POLM;HUWE1;ZXDB;PIP5K1A;NUP160;MROH7;ABHD2;NDST2;TBCC;ZNF131;UBE3B;ABHD10;RAP2A;OGFOD2;ITGB1BP1;PIGG;PTPN1;PSMD13;DNAJB9;EIF4G2;PSEN2;TREML2;TUBB2A;PHF14;NDUFS4;EHBP1;NME6;ARNT;SH3YL1;ELF2;NGDN;HEMK1;GFRA2;UNC50;SDHAF1;ANKHD1-EIF4EBP3;OSBPL10;USP46;POLR2M;C1orf105;AHCYL1;LIPE;SARM1;CEP290;CDC5L;FAM120C;ARHGAP1;ZC3H14;CCDC88C;APPBP2;SLC25A14;PDHX;YEATS2;SKAP1;PPP2R5E;FRYL;ERLIN2;UBA6;SKP1;ATM;CASP3;ANAPC15;ERP44;AP2B1;PHF20;TOX4;TUBGCP3;EIF2S1;MPHOSPH9;TMEM41B;YPEL1;TPD52;PER2;CSE1L;ENTPD1;TM7SF3;ATMIN;CAND1;ARMC8;TNKS;KIN;UEVLD;PCMT1;SPAST;SMCHD1;HRK;CCR7;ANAPC13;MAVS;ANGEL2;FCF1;CEACAM1;REEP5;SETD6;FKBP14;TTF1;MYOM1;RNGTT;PTPN22;ARL5A;PIK3IP1;PCM1;MLH3;INPP4A;ERN1;RFK;TOP3A;NLK;RBL2;PNN;RPAP2;CLCC1;PLAGL1;SPTLC1;TRAF5;AQR;KLF9;TBC1D30;DNAH7;RBFA;TM2D1;UBL3;YME1L1;PCDH9;ZNF573;PTPN11;C1QTNF3;GART;MTDH;TUBGCP4;GTF2H1;TUBB4A;OSBPL3;MYCBP;NFATC2IP;ZNF749;PARP2;CYB5A;RWDD3;EPM2A;SEC23B;TMX4;CD200;NR2C1;WDR77;CPSF6;PIK3C3;AIMP2;DTX4;CEP68;ENPP4;SERPINB8;RBM41;IDS;TSPYL5;SSPN;MRPS30;AMACR;WDR12;SLC11A2;LIG4;PEX3;IFT74;METTL2A;DLG1;RASGRP3;SLC25A36;CUL5;ZBTB25;ZMYM5;NPY;AGL;CREBZF;INVS;TRMT13;CEP170;NF1;GCOM1;CNTNAP2;TBC1D5;GPSM2;EXOG;KLHDC10;TMSB15B;TSTD2;GPR89B;ZNF484;KHDRBS2;DGKD;ASTE1;CLCNKB;TRPC1;DBT;ZKSCAN1;CD226;SRBD1;ZNF155;ANKHD1;WSB1;BTAF1;BMP2K;CLCNKA;IL5;ANK3;IL16;TMSB4Y;ANKRD36;GBX2,"[8, 215, 232, 262, 456, 812, 845, 897, 966, 1064, 1086, 1233, 1317, 1487, 1517, 1552, 1562, 1640, 1665, 1726, 1758, 1779, 1798, 1902, 1954, 2018, 2070, 2078, 2191, 2266, 2283, 2304, 2309, 2405, 2406, 2409, 2519, 2602, 2615, 2621, 2754, 2773, 2792, 2808, 2839, 2909, 2935, 2998, 3017, 3034, 3174, 3185, 3303, 3309, 3338, 3366, 3513, 3603, 3667, 3688, 3740, 3888, 3938, 3991, 4045, 4133, 4224, 4240, 4288, 4315, 4375, 4377, 4379, 4391, 4441, 4516, 4587, 4629, 4804, 4823, 4872, 5000, 5002, 5105, 5147, 5197, 5203, 5212, 5265, 5330, 5348, 5445, 5500, 5511, 5564, 5616, 5682, 5787, 5806, 5907, 5943, 5950, 5959, 5960, 5972, 6052, 6084, 6105, 6132, 6141, 6167, 6174, 6179, 6342, 6357, 6378, 6385, 6402, 6407, 6423, 6430, 6453, 6509, 6537, 6540, 6547, 6550, 6561, 6640, 6655, 6669, 6815, 6835, 6868, 6873, 6875, 6943, 6965, 6985, 7054, 7117, 7144, 7218, 7222, 7383, 7394, 7431, 7466, 7522, 7530, 7559, 7563, 7586, 7635, 7647, 7654, 7672, 7691, 7763, 7778, 7808, 7824, 7906, 7924, 7926, 7968, 7980, 8084, 8125, 8133, 8157, 8171, 8196, 8207, 8337, 8382, 8426, 8436, 8472, 8508, 8529, 8531, 8551, 8563, 8564, 8609, 8610, 8658, 8743, 8782, 8818, 8840, 8858, 8937, 8964, 8974, 9036, 9109, 9126, 9188, 9190, 9202, 9209, 9212, 9264, 9266, 9270, 9281, 9287, 9332, 9346, 9384, 9422, 9423, 9463, 9465, 9487, 9504, 9678, 9733, 9790, 9846, 9847, 9849, 9858, 9860, 9866, 9913, 9980, 10025, 10056, 10072, 10117, 10121, 10194, 10206, 10235, 10247, 10291, 10293, 10351, 10377, 10383, 10392, 10476, 10525, 10551, 10553, 10592, 10599, 10660, 10673, 10772, 10801, 10870, 11006, 11047, 11057, 11059, 11067, 11095, 11105, 11190, 11191, 11226, 11299, 11300, 11307, 11386, 11423, 11482, 11510, 11513, 11532, 11555, 11577, 11635, 11667, 11677, 11714, 11745, 11746, 11750, 11810, 11863, 11878, 11930, 11948, 12007, 12119, 12124, 12197, 12305, 12352, 12396, 12472, 12488, 12509, 12526, 12561, 12583, 12595, 12622, 12633, 12637, 12663, 12666, 12672, 12697, 12700, 12708, 12728, 12738, 12753, 12797, 12826, 12842, 12894, 13052, 13090, 13111, 13141, 13153, 13156, 13205, 13236, 13269, 13328, 13331, 13361, 13379, 13383, 13384, 13396, 13474, 13475, 13542, 13621, 13637, 13672, 13719, 13790, 13792, 13799, 13856, 13915, 13918, 13926, 13974, 13994, 13999, 14089, 14124, 14222, 14232, 14249, 14289, 14314, 14393, 14470, 14487, 14491, 14551, 14578, 14613, 14654, 14671, 14679, 14686, 14687, 14714, 14734, 14794, 14810, 14834, 14880, 14888, 14901, 14907, 14916, 14953, 14957, 14975, 14979, 15116, 15119, 15127, 15156, 15175, 15186, 15213, 15242, 15351, 15375, 15402, 15424, 15474, 15598, 15696, 15713, 15756, 15844, 15927, 15967, 16050, 16079, 16100, 16172, 16220, 16340, 16427, 16515, 16532, 16540, 16551, 16578, 16655, 16705, 16707, 16734, 16739, 16814, 16971, 17029, 17050, 17228, 17264, 17356]",c7.vax__NAKAYA_B_CELL_FLUMIST_AGE_18_50YO_7DY_UP
c7.vax,OVSYANNIKOVA_PBMC_FLUARIX_AGE_55_64YO_RESPONDERS_VS_NONRESPONDERS_0DY_DN,prerank,0.31092768167626017,0.8450627467709193,0.6423982869379015,0.8449802469694171,1.0,2_14,2/14,8.53%,PCBD1;TNNT1,PCBD1;TNNT1;DUSP18;TMED5;ZFAND6;SFXN3;ISL2;AP3S1;RDX;SHISA4;INIP;SPIRE1;HPRT1;FBXL18,"[1192, 1493, 4044, 4847, 6010, 8858, 8899, 10100, 10240, 11125, 11267, 11470, 11740, 12381]",c7.vax__OVSYANNIKOVA_PBMC_FLUARIX_AGE_55_64YO_RESPONDERS_VS_NONRESPONDERS_0DY_DN
c7.vax,NAKAYA_PBMC_FLUARIX_FLUVIRIN_AGE_18_50YO_7DY_UP,prerank,-0.20473679222966237,-1.0311268162222935,0.32461873638344224,0.8472391553324783,1.0,182_497,182/497,32.72%,CD38;TYMS;KLHL14;POC5;HBS1L;NT5DC1;PNOC;ZKSCAN1;LXN;LRIG2;METTL8;IPP;POU2AF1;POLR2J2;MFSD8;C6orf89;KLHDC10;SMC4;PCED1B;NOMO2;TMEM260;MON2;MRPS16;FBXO9;NIPAL3;GPR75;KIAA1143;CREBZF;NPAT;MS4A1;SLC35B3;PIGP;ZMYM5;MRI1;DLG1;SEL1L;PHKB;METTL2A;PRIM1;FARSB;ZNF717;DTD2;RBM41;USO1;USP48;MDS2;PRKDC;ATF6;ORC3;C11orf24;NVL;CHCHD7;RPA3;COX18;TXNDC5;FAM120AOS;EAF2;SEC23B;GATAD1;MCCC2;SRP54;SLAMF7;NIPSNAP1;PIK3C2A;NFATC2IP;ERLEC1;ECHDC1;HEXA;PMS1;RAD17;PYCR2;GTF2H1;CNPY2;MTDH;CAV1;PPP1R3E;GART;LPXN;ALG14;ZNF573;GMPPB;CALU;THEM4;MTMR4;SUB1;RAB3GAP2;BRCC3;PRKCI;NPHP3;SPCS3;ADK;OGFOD1;TRAF5;SSR3;IMMT;FBXW7;NDST1;KRIT1;CLCC1;ORMDL1;GLT8D1;TMEM165;ZNF585B;UBE2G1;INPP4A;VPS8;PAAF1;APEH;MTHFD1;NNT;SYNRG;IDH2;TXNDC15;PDF;UBA5;MRPS18B;METTL3;C1GALT1C1;FKBP14;ACADM;TAPBPL;FAM3C;COBLL1;NMRAL1;ADAM19;MCTS1;CNOT1;CUTC;MAN1A1;USP45;KIF3B;COPB2;PRPSAP1;CD27;PLA2G6;C11orf54;EDEM3;AK2;ALG5;ARIH2;ATP6V0A2;NUP37;GOLGA5;ENTPD1;SNX19;TRUB2;IPO9;NAIP;MRPS18A;HINT2;HERC2;TPD52;SLC30A6;EDEM1;FUS;RBM5;RALGAPB;STYX;ZWINT;DZIP3;FBXL16;PSME3;TTC17;SAR1B;SPIN3;MRTO4;PBRM1;YIF1A;MPHOSPH9;QRSL1;TBC1D14;ANKRD17;SLC44A1;S100PBP;SLC30A7;UCP2;VPS29;WDR46;METTL25;ANAPC7;C9orf85;COA4,MZB1;IGLL1;BATF;SLAMF6;GALM;BCAT2;AQP3;TRAM2;MANF;HMG20B;STK38;MFNG;ACSL5;ZNF692;ECE1;ASB3;POLR2H;SHMT2;SDF2L1;IL6R;KRI1;MRPL41;GIMAP1;HIBCH;MRPL23;CD59;SLC26A2;CASP6;GRAP;MCM7;KCNK6;PDIA4;CD79B;RRM2;FLI1;DPEP2;MID1;TMEM204;DPP3;RBM6;CD79A;RABAC1;ISG20;ANTXR2;C1orf56;P2RX5;PABPC1L;NUDT9;POLR2L;MITD1;FKBP2;G3BP1;IKBKB;PTPRCAP;ECHDC2;MED16;TNIP1;MEGF6;NMT1;ANKZF1;PRDM15;MRPS31;MRPL34;ACSS1;TMEM214;SEC61A1;ANG;SIRPG;PCID2;TNFRSF17;TMED9;TMC6;GEMIN7;MSS51;KRTCAP2;GTF2H2;MTRF1;P4HB;LMAN2;MED17;ITM2C;HECA;AURKAIP1;BLNK;GMDS;NDOR1;RPS27A;TCF7;TRIM52;OSTC;CDC25B;DPM3;DHPS;MTIF3;COPS6;TOR3A;HERC4;EIF2B4;CREB3;GTPBP3;CLPTM1L;MLEC;UQCRQ;ATP8B2;GGH;ZNF318;FLAD1;CLK2;SUPT20H;LSM4;HSP90B1;HIPK2;PRMT1;POP5;PDIA6;MARK2;MAD1L1;TUBD1;ZNHIT1;CNOT6;TAF12;CLPTM1;SPATS2;DGUOK;STAT5B;HM13;DNAJC1;PSMB5;CASP2;KDELR1;HDDC2;MRPS7;HAX1;ELP5;TMEM156;IFFO1;DENND2D;SNRNP25;ST6GAL1;TTC1;RPN2;PILRB;CAMK2G;WIPI1;SPOP;ARF1;HIRIP3;PREB;TIMMDC1;ITGB7;SRPRB;GPAA1;TCTN2;TERF2;KDELR2;OGDH;TRIM73;L3MBTL2;PDHA1;EDF1;COPE;PSMC3;CSTF3;COMMD1;TRIB2;SETDB2;CLN5;FASTKD1;MCM3;SRSF1;CREB3L2;FAM200B;PFDN6;BLOC1S5;HDLBP;UXS1;TMEM19;PDCD11;PPIB;EEF1A1;ZFX;NDUFC1;PI4KB;COPZ1;USP28;SEL1L3;SRM;COG8;DCPS;ESYT1;TMEM258;NUDT5;SSR1;TCF12;HS2ST1;INPP5B;SPCS2;MFF;RAI1;ACAT1;RPN1;HFE;SEC11C;ZNF638;PIGF;TIMM13;ATIC;DNAJB11;SAMM50;CBFA2T2;GPATCH1;OGT;GNPAT;REXO2;NSUN5;BET1;NBPF1;ALG8;STT3A;RER1;PAICS;LDLRAP1;RNF34;ATXN2;MRPS33;APOBEC3B;GTF2A2;HYOU1;COA5;NT5C2;CDK13;TBCE;TMBIM4;KDSR;MRPL37;VAMP1;MAP3K7;NCOA3;METTL2B;PPP6R3;ELP3;PIGU;COPG1;ANXA6;SETD5;VRK3;ZNF514;TRAPPC12;SP3;PDIA5;UBE4B;UBE2J1;TMEM223;AARSD1;FKBP11;SEC24A;FDPS;EIF3M;ZNF207;HDDC3;PPP1R21;RAB3GAP1;LMAN1;NMRK1;CEP350;TFB1M;LUC7L;ZBTB8OS;PRDX4;TRRAP;NIT1;NAA20;AIFM1;QSOX1;CPSF2;SPTBN1;RPRD1A;ADSL;NOMO1;NDUFAF3;MRPL24;ERGIC2;UBAP2;NUP43;UPF3A;ATG7;CRLS1;ZNF512;PAQR8;SNAPC5;CDC16;GOT1;MTAP;LARP4B;VAPA;OSBPL10;GLCCI1;COMMD3;C2orf68;LRCH3;FAHD2A;POLR3A;ARF4;UGGT1;EIF3J;SLC30A5;ZDHHC13;DDOST;TSC1;SLC33A1;FAM120B;NUP210;OCIAD1;NCL;EBNA1BP2;COA4;C9orf85;ANAPC7;METTL25;WDR46;VPS29;UCP2;SLC30A7;S100PBP;SLC44A1;ANKRD17;TBC1D14;QRSL1;MPHOSPH9;YIF1A;PBRM1;MRTO4;SPIN3;SAR1B;TTC17;PSME3;FBXL16;DZIP3;ZWINT;STYX;RALGAPB;RBM5;FUS;EDEM1;SLC30A6;TPD52;HERC2;HINT2;MRPS18A;NAIP;IPO9;TRUB2;SNX19;ENTPD1;GOLGA5;NUP37;ATP6V0A2;ARIH2;ALG5;AK2;EDEM3;C11orf54;PLA2G6;CD27;PRPSAP1;COPB2;KIF3B;USP45;MAN1A1;CUTC;CNOT1;MCTS1;ADAM19;NMRAL1;COBLL1;FAM3C;TAPBPL;ACADM;FKBP14;C1GALT1C1;METTL3;MRPS18B;UBA5;PDF;TXNDC15;IDH2;SYNRG;NNT;MTHFD1;APEH;PAAF1;VPS8;INPP4A;UBE2G1;ZNF585B;TMEM165;GLT8D1;ORMDL1;CLCC1;KRIT1;NDST1;FBXW7;IMMT;SSR3;TRAF5;OGFOD1;ADK;SPCS3;NPHP3;PRKCI;BRCC3;RAB3GAP2;SUB1;MTMR4;THEM4;CALU;GMPPB;ZNF573;ALG14;LPXN;GART;PPP1R3E;CAV1;MTDH;CNPY2;GTF2H1;PYCR2;RAD17;PMS1;HEXA;ECHDC1;ERLEC1;NFATC2IP;PIK3C2A;NIPSNAP1;SLAMF7;SRP54;MCCC2;GATAD1;SEC23B;EAF2;FAM120AOS;TXNDC5;COX18;RPA3;CHCHD7;NVL;C11orf24;ORC3;ATF6;PRKDC;MDS2;USP48;USO1;RBM41;DTD2;ZNF717;FARSB;PRIM1;METTL2A;PHKB;SEL1L;DLG1;MRI1;ZMYM5;PIGP;SLC35B3;MS4A1;NPAT;CREBZF;KIAA1143;GPR75;NIPAL3;FBXO9;MRPS16;MON2;TMEM260;NOMO2;PCED1B;SMC4;KLHDC10;C6orf89;MFSD8;POLR2J2;POU2AF1;IPP;METTL8;LRIG2;LXN;ZKSCAN1;PNOC;NT5DC1;HBS1L;POC5;KLHL14;TYMS;CD38,"[75, 373, 521, 661, 674, 938, 1057, 1064, 1077, 1114, 1120, 1233, 1318, 1363, 1469, 1522, 1559, 1562, 1576, 1632, 1720, 1871, 1951, 1968, 1988, 2017, 2127, 2147, 2153, 2223, 2256, 2283, 2306, 2378, 2406, 2477, 2534, 2538, 2564, 2570, 2657, 2676, 2691, 2764, 2792, 2809, 2827, 3006, 3057, 3061, 3111, 3159, 3163, 3474, 3491, 3495, 3521, 3573, 3578, 3579, 3631, 3659, 3695, 3727, 3737, 3753, 3768, 3810, 3817, 3818, 3872, 3929, 3950, 3960, 4011, 4049, 4150, 4151, 4188, 4227, 4272, 4282, 4303, 4333, 4360, 4407, 4464, 4529, 4535, 4579, 4784, 4875, 5006, 5020, 5106, 5160, 5203, 5259, 5269, 5280, 5301, 5323, 5327, 5374, 5474, 5511, 5582, 5601, 5602, 5628, 5669, 5675, 5708, 5716, 5789, 5798, 5848, 5851, 5861, 5920, 5930, 5957, 5958, 5995, 6102, 6108, 6143, 6153, 6168, 6238, 6297, 6355, 6357, 6401, 6408, 6442, 6444, 6499, 6550, 6569, 6616, 6642, 6757, 6760, 6867, 6886, 6894, 6907, 6910, 6915, 6969, 7017, 7022, 7034, 7101, 7124, 7132, 7155, 7156, 7157, 7169, 7216, 7219, 7335, 7361, 7416, 7421, 7443, 7471, 7477, 7479, 7486, 7525, 7547, 7556, 7647, 7650, 7656, 7668, 7718, 7729, 7763, 7798, 7804, 7821, 7843, 7859, 7876, 7996, 8000, 8017, 8076, 8106, 8123, 8143, 8162, 8200, 8299, 8314, 8340, 8422, 8434, 8448, 8459, 8470, 8534, 8547, 8549, 8563, 8599, 8644, 8676, 8697, 8707, 8722, 8741, 8788, 8806, 8815, 8824, 8829, 8835, 8856, 8863, 8907, 8966, 8972, 8989, 9013, 9015, 9066, 9124, 9135, 9154, 9172, 9188, 9199, 9202, 9264, 9286, 9360, 9367, 9439, 9469, 9491, 9498, 9529, 9581, 9600, 9603, 9612, 9655, 9691, 9712, 9714, 9733, 9750, 9809, 9835, 9875, 9878, 9960, 9969, 9985, 10066, 10069, 10079, 10107, 10203, 10279, 10292, 10343, 10367, 10417, 10426, 10461, 10465, 10483, 10509, 10538, 10562, 10569, 10629, 10633, 10637, 10669, 10706, 10848, 10866, 10917, 10923, 10970, 10981, 10996, 11042, 11047, 11058, 11076, 11121, 11212, 11233, 11318, 11346, 11370, 11390, 11399, 11408, 11427, 11452, 11535, 11546, 11671, 11696, 11697, 11743, 11787, 11813, 11837, 11862, 11864, 11880, 11886, 11902, 11906, 11908, 11910, 11983, 11986, 12007, 12018, 12032, 12043, 12049, 12070, 12083, 12096, 12109, 12110, 12115, 12116, 12147, 12160, 12178, 12185, 12193, 12197, 12206, 12213, 12274, 12297, 12314, 12332, 12389, 12396, 12397, 12436, 12462, 12465, 12487, 12490, 12492, 12497, 12503, 12505, 12527, 12534, 12537, 12570, 12602, 12624, 12626, 12647, 12696, 12763, 12773, 12782, 12785, 12793, 12797, 12836, 12849, 12892, 12904, 12931, 12933, 12981, 13025, 13056, 13068, 13078, 13089, 13126, 13156, 13212, 13232, 13293, 13308, 13375, 13383, 13410, 13411, 13420, 13470, 13471, 13474, 13514, 13523, 13549, 13622, 13632, 13753, 13805, 13814, 13829, 13837, 13838, 13844, 13856, 13882, 13923, 13926, 13935, 13967, 13974, 13976, 13999, 14024, 14061, 14132, 14133, 14183, 14205, 14232, 14250, 14270, 14391, 14417, 14461, 14462, 14487, 14512, 14552, 14592, 14596, 14624, 14640, 14650, 14658, 14665, 14709, 14728, 14749, 14752, 14761, 14794, 14803, 14871, 14885, 14964, 14979, 14988, 15072, 15116, 15117, 15186, 15189, 15217, 15249, 15301, 15351, 15390, 15431, 15489, 15492, 15515, 15516, 15577, 15708, 15799, 15839, 15927, 15950, 16048, 16071, 16081, 16084, 16204, 16237, 16365, 16540, 16753, 16901, 16942, 17025, 17090, 17252, 17344]",c7.vax__NAKAYA_PBMC_FLUARIX_FLUVIRIN_AGE_18_50YO_7DY_UP
c7.vax,OVSYANNIKOVA_PBMC_FLUARIX_AGE_55_64YO_RESPONDERS_VS_NONRESPONDERS_0DY_UP,prerank,0.26129536398813813,0.8318614160962219,0.7322515212981744,0.8624194286814287,1.0,10_28,10/28,23.60%,FAM177B;MRPL38;KRI1;DVL1;GADD45GIP1;ARHGEF10;CD22;VPREB3;CACTIN;MTA1,FAM177B;MRPL38;KRI1;DVL1;GADD45GIP1;ARHGEF10;CD22;VPREB3;CACTIN;MTA1;LRWD1;PKIG;CENPV;MLST8;CCDC106;LIG1;AHRR;ACSF3;FAM24B;NEK8;ATP13A4;TTC27;ZIK1;ZNF502;ZNF880;ZNF608;GTF2H4;SNX22,"[888, 1454, 1720, 2240, 2375, 2724, 3309, 3598, 3877, 4134, 5063, 5841, 5862, 5866, 7025, 7071, 9792, 10681, 10860, 11013, 11285, 11844, 13402, 13645, 13872, 14619, 16094, 16673]",c7.vax__OVSYANNIKOVA_PBMC_FLUARIX_AGE_55_64YO_RESPONDERS_VS_NONRESPONDERS_0DY_UP
c7.vax,HOEK_NK_CELL_2011_2012_TIV_ADULT_7DY_UP,prerank,-0.3780843124592088,-1.000337820952279,0.4523809523809524,0.8745296113917168,1.0,8_13,8/13,22.76%,HFM1;RYR2;ANKRD30BL;CLHC1;DLG2;SLCO5A1;EIF3C;C1D,PPBP;SIRPG;SIAH1;ATP4A;ANXA9;C1D;EIF3C;SLCO5A1;DLG2;CLHC1;ANKRD30BL;RYR2;HFM1,"[65, 3810, 5242, 5532, 6452, 13532, 13535, 13815, 14846, 14918, 15112, 15613, 15857]",c7.vax__HOEK_NK_CELL_2011_2012_TIV_ADULT_7DY_UP
c7.vax,HARALAMBIEVA_PBMC_TIV_AGE_50_74YO_CORRELATED_WITH_MEMORY_B_CELL_RESPONSE_28DY_NEGATIVE,prerank,-0.34796215596669783,-1.0155289077843621,0.44652908067542213,0.8783279763129977,1.0,5_19,5/19,11.33%,KIAA0408;IGSF9B;PECR;KRT1;TRIM2,GOLGA7B;CFH;CHMP4A;CMBL;SERGEF;ZNF32;STX8;BLCAP;CNPY4;DHRS13;UGP2;ITGB1BP1;TTLL1;NDFIP2;TRIM2;KRT1;PECR;IGSF9B;KIAA0408,"[515, 967, 1282, 2729, 3741, 4121, 6000, 6300, 8674, 8808, 9432, 10194, 13160, 14398, 15535, 15640, 15860, 17162, 17350]",c7.vax__HARALAMBIEVA_PBMC_TIV_AGE_50_74YO_CORRELATED_WITH_MEMORY_B_CELL_RESPONSE_28DY_NEGATIVE
c7.vax,HOFT_CD4_POSITIVE_ALPHA_BETA_MEMORY_T_CELL_BCG_VACCINE_AGE_18_45YO_ID_56D_TOP_100_DEG_AFTER_IN_VITRO_RE_STIMULATION_DN,prerank,-0.3069577006659158,-1.0069138073267598,0.45252525252525255,0.8802033028801242,1.0,13_34,13/34,29.95%,HBB;OSBPL8;NFAT5;MYO3B;MTFR1;ZBTB20;TTC33;TMEM106B;TAOK1;LZTFL1;SPATA13;SPIN1;ARAP2,ARAP1;CLIC3;BAIAP2L1;C19orf25;RGS18;THAP1;MTRF1;SSH1;TUBD1;ERLIN1;PABPC1;UHMK1;DCLRE1C;IL17RD;NOL8;ZNF140;ARID4A;ZFP91;RAB33B;SLC36A4;GNB5;ARAP2;SPIN1;SPATA13;LZTFL1;TAOK1;TMEM106B;TTC33;ZBTB20;MTFR1;MYO3B;NFAT5;OSBPL8;HBB,"[955, 2460, 2863, 3330, 3611, 3815, 4150, 4271, 5851, 5994, 6350, 6628, 7117, 7419, 7501, 8319, 9076, 9341, 9381, 10074, 10890, 12273, 12502, 12746, 13301, 13817, 14037, 14585, 14620, 14947, 15642, 15785, 15821, 17414]",c7.vax__HOFT_CD4_POSITIVE_ALPHA_BETA_MEMORY_T_CELL_BCG_VACCINE_AGE_18_45YO_ID_56D_TOP_100_DEG_AFTER_IN_VITRO_RE_STIMULATION_DN
c7.vax,HARALAMBIEVA_PBMC_FLUARIX_AGE_50_74YO_CORR_WITH_28D_MEM_B_CELL_RESPONSE_AT_3DY_NEGATIVE,prerank,-0.18327400643866537,-0.9294226806747482,0.7537796976241901,0.8841810444166477,1.0,183_565,183/565,32.59%,FAT2;USP37;ZNF763;IL16;ZNF226;ZNF737;CDRT4;HLTF;DBT;PLEKHH1;PPP1R12B;MRPL30;VEZT;DCAF8;TMEM67;ZNF559;ZFP2;FAIM;CHMP6;SCOC;KRT1;FBXW2;ZNF738;TRIM2;LRPPRC;MRPS16;LYRM7;C14orf132;SHF;PWWP2A;MPPED2;TDRKH;IFT27;ZFP14;MIPEP;ZNF780B;AGL;PXMP4;APOBEC3H;PIGP;ZMYM5;RFT1;OGFOD3;KIF3A;PTPRN2;COX15;METTL2A;CLHC1;AMACR;FARSB;POT1;ZNF500;TRAPPC6B;HCFC2;SPAG16;VAPB;TAF1;GTPBP10;TMA16;CLIC5;TIPRL;WDR35;ZNF610;FAHD2B;WDR77;DHDDS;FOCAD;NDFIP2;THOC3;PPIE;DCTN5;RFESD;DNAJC24;MYO18A;CEP89;SDAD1;ZNF619;ZC3H6;ZNF585A;C18orf54;ALDH5A1;PREPL;SIRT5;COG6;JMJD4;COQ4;CNPY2;MLH1;NAPEPLD;PHTF2;CLYBL;SPEF2;CDPF1;MDP1;API5;VBP1;ELAC1;ZNF320;ST7L;BPNT1;ZNF233;MDM1;C17orf75;SNRPD3;ZNF197;ACTR10;KRIT1;MED4;FCRLB;ZNF404;EIF2B3;N6AMT1;GIN1;ATG10;ZNF527;TTLL1;MLH3;ZNF75D;NFU1;TGDS;PDP2;PAAF1;APEH;BUD13;EARS2;SYNRG;MRPS9;MDH1;HMGCL;MRPS18B;MAGOHB;ZNF445;BTBD10;NMRAL1;RTCA;GPATCH4;NHLRC4;FCF1;ANGEL2;MAVS;PURA;MCTS1;PDCD10;SETD4;AKTIP;B3GNT2;TINF2;MTHFSD;STRADA;PDZD11;KBTBD3;CEP44;KIFAP3;NIF3L1;HNRNPU;POLH;RNF14;DNAJC19;MRPL19;ORMDL2;THOC7;TLN2;ZNF674;DDB1;ACTR6;GLG1;MMAB;LRP11;OSGEP;AAGAB;ZNF84;PRR13;BOLA3;MRPS14;TTC9;SLC30A7;ATRIP;PHF20;ABRACL;LRTOMT;ANAPC7;LEO1;AP2B1,ANGPT2;ARHGEF19;FKBP4;HSPA1L;GOLGA7B;AHSA1;SIRT4;NAALADL1;CTU1;AGFG2;TMEM216;CHMP4A;MOB2;PHF19;PRR5;NFATC1;TMEM79;SPN;LMAN2L;PAGR1;UNG;HOXB2;MAF;KLRG1;TNNC1;RNASEH2C;GIMAP1;SERF2;S1PR4;XPO1;RBM14;SUGT1;HCST;DTYMK;RANGAP1;RANGRF;CCDC81;CPNE1;NPDC1;TRIP4;SMIM20;LRRC45;CMBL;PYGO2;C1orf56;TRNAU1AP;ST20;HNF1A;PTGES3;BCAP31;HDHD3;CCDC167;SARNP;TEX264;C11orf68;RRP1;C19orf25;IGFBP4;PMVK;TRAPPC2;APOBEC3D;MRPS5;ARMC7;ZSWIM7;TBCD;LYPLA2;STAT5A;QDPR;ARHGEF4;ARHGAP30;SERGEF;PCID2;CCT4;RNF220;NTHL1;RBM4B;LAGE3;PKNOX1;RFC4;CARD8;MRPS12;LYAR;LMAN2;RPS24;NME7;RINL;UBE2L3;TNFAIP8L1;APC2;WDR83OS;PDLIM2;TRIM65;DLGAP4;GTF3C1;MRC2;UPF3B;CHRNB1;ZNF850;UQCR11;RPL23A;VPS72;RPL32;ING4;UQCR10;EIF2S2;NDUFS2;PFDN5;CCDC61;ACTL10;MYL6;MRPL51;SAYSD1;CD2BP2;CYB561D1;DIAPH1;C9orf43;EIF2B4;KLHDC3;UNC13D;CABIN1;THAP3;RPL39;PRMT2;CERK;RNF8;MAEA;PFKL;UBE2I;FLAD1;DOCK7;LSM4;COMMD6;ACBD4;KLHL22;TADA3;AP2A2;CCM2;NEIL2;SCAMP3;ERP29;LSM2;FUT2;DGUOK;BOD1;CCDC34;PGAP3;ARFRP1;RBMX2;PSMD4;RDH16;RFPL2;NDUFS5;TMEM186;NAP1L4;ZNF28;BLCAP;CRTC1;LYSMD2;UBL5;SEMA4F;MRPS7;FBLN5;RNF167;FDFT1;GFOD2;SURF4;SNUPN;MED22;YY1AP1;ZFR2;EIF5B;TTC1;TMEM50B;LCMT1;CPNE7;AKAP12;C22orf39;SPOP;FDXR;HIRIP3;PEF1;NEDD8;PPP2R1A;SRPRB;CEP250;NDUFA2;ATAT1;CERS5;CWF19L2;L3MBTL2;ZNF48;UBAC2;DUT;CSTF3;RPA1;ASB2;SCAP;TMEM107;HTRA2;CACNA1C;BUB3;SETDB2;C1orf216;THYN1;SRSF1;NFS1;CAAP1;HSPBP1;UQCRB;PPP2R5D;PDCD11;ABCC5;PIN4;APOBEC3F;DCP2;CDADC1;RIC8B;DNAL4;UBE2Q2;COPZ1;FKBP3;CDK4;SEMA4G;NDUFA6;ELAVL1;NFATC3;BDH2;TMEM258;SF3B3;DUSP19;TAF15;TMEM203;OXSM;ZNF480;INPP5B;SUCLG1;LYSMD1;RALA;MFF;EXOSC7;RPL39L;RNF25;MRPL48;SF3A3;HMOX2;SLC39A8;PCYT2;HENMT1;TMEM248;UBE2D2;COPS5;ST8SIA1;ZNF260;EYA3;CNPY4;NDUFB2;GNPNAT1;ARL17A;NSMCE1;SMARCC2;NUDCD3;DHRS13;RER1;YAF2;TBC1D24;PARP1;MRPS33;ZNF696;GOT2;CYB5B;SNRPC;COA5;SAP30L;GGPS1;BMS1;SRI;ZFP62;NBAS;ZNF12;PRKRIP1;TPRG1;POLR3K;MAP4;PIGU;RPA2;CYP20A1;TIGD7;UGP2;VRK3;PARG;GPD1L;SPRYD3;CBR4;TOMM5;RAI14;MRPS25;HIF1AN;METTL23;ZNF626;C17orf100;ALG6;CLNS1A;DNAJC8;KCTD7;TRAPPC4;RECQL5;SV2A;HDDC3;ZNF780A;ASB1;NCBP1;RAD51C;TFB1M;MAP7D3;RPL15;ZNF302;ASTN2;CXCR6;PPIP5K1;ZNF232;MAPT;CBX3;ITGB1BP1;NAA38;PSMD13;MBP;SNX5;MADD;CISD1;PPP2R5C;SPSB2;CDKL3;TMCO1;METTL6;RAB22A;DCTPP1;USP40;PSMC6;ZNHIT6;KLHL9;TRPV2;SPRN;COPS4;C4orf3;GOSR2;PRPSAP2;ZNF621;IGSF8;PAQR8;ATPAF1;INSIG2;ALDH9A1;ZNF568;GOT1;ZNF506;ZNF701;LSM5;PPA2;SKA2;USP5;GLE1;HNRNPA3;MKS1;ZNF584;HTT;SYTL2;FBXO22;UGGT1;RNASEH2B;NOM1;ZDHHC13;RTN4RL1;MVK;TMEM120B;TMX2;ZMAT2;PDK2;RABEPK;FRA10AC1;MRPL35;GNL1;KDM5A;AP2B1;LEO1;ANAPC7;LRTOMT;ABRACL;PHF20;ATRIP;SLC30A7;TTC9;MRPS14;BOLA3;PRR13;ZNF84;AAGAB;OSGEP;LRP11;MMAB;GLG1;ACTR6;DDB1;ZNF674;TLN2;THOC7;ORMDL2;MRPL19;DNAJC19;RNF14;POLH;HNRNPU;NIF3L1;KIFAP3;CEP44;KBTBD3;PDZD11;STRADA;MTHFSD;TINF2;B3GNT2;AKTIP;SETD4;PDCD10;MCTS1;PURA;MAVS;ANGEL2;FCF1;NHLRC4;GPATCH4;RTCA;NMRAL1;BTBD10;ZNF445;MAGOHB;MRPS18B;HMGCL;MDH1;MRPS9;SYNRG;EARS2;BUD13;APEH;PAAF1;PDP2;TGDS;NFU1;ZNF75D;MLH3;TTLL1;ZNF527;ATG10;GIN1;N6AMT1;EIF2B3;ZNF404;FCRLB;MED4;KRIT1;ACTR10;ZNF197;SNRPD3;C17orf75;MDM1;ZNF233;BPNT1;ST7L;ZNF320;ELAC1;VBP1;API5;MDP1;CDPF1;SPEF2;CLYBL;PHTF2;NAPEPLD;MLH1;CNPY2;COQ4;JMJD4;COG6;SIRT5;PREPL;ALDH5A1;C18orf54;ZNF585A;ZC3H6;ZNF619;SDAD1;CEP89;MYO18A;DNAJC24;RFESD;DCTN5;PPIE;THOC3;NDFIP2;FOCAD;DHDDS;WDR77;FAHD2B;ZNF610;WDR35;TIPRL;CLIC5;TMA16;GTPBP10;TAF1;VAPB;SPAG16;HCFC2;TRAPPC6B;ZNF500;POT1;FARSB;AMACR;CLHC1;METTL2A;COX15;PTPRN2;KIF3A;OGFOD3;RFT1;ZMYM5;PIGP;APOBEC3H;PXMP4;AGL;ZNF780B;MIPEP;ZFP14;IFT27;TDRKH;MPPED2;PWWP2A;SHF;C14orf132;LYRM7;MRPS16;LRPPRC;TRIM2;ZNF738;FBXW2;KRT1;SCOC;CHMP6;FAIM;ZFP2;ZNF559;TMEM67;DCAF8;VEZT;MRPL30;PPP1R12B;PLEKHH1;DBT;HLTF;CDRT4;ZNF737;ZNF226;IL16;ZNF763;USP37;FAT2,"[102, 208, 331, 445, 515, 804, 816, 829, 1165, 1198, 1254, 1282, 1293, 1334, 1434, 1445, 1467, 1473, 1605, 1612, 1665, 1669, 1694, 1732, 1752, 1896, 1951, 2068, 2389, 2418, 2437, 2468, 2483, 2488, 2516, 2519, 2554, 2557, 2558, 2561, 2638, 2649, 2729, 2762, 2792, 2807, 2897, 2915, 2982, 3036, 3037, 3097, 3137, 3145, 3242, 3315, 3330, 3331, 3529, 3533, 3536, 3538, 3566, 3582, 3638, 3682, 3694, 3696, 3697, 3731, 3741, 3817, 3888, 3949, 3961, 3976, 4019, 4045, 4059, 4071, 4077, 4100, 4188, 4212, 4252, 4278, 4361, 4389, 4402, 4425, 4446, 4480, 4516, 4521, 4528, 4538, 4561, 4654, 4711, 4751, 4799, 4803, 4830, 4902, 4917, 4999, 5007, 5008, 5073, 5081, 5102, 5103, 5147, 5184, 5247, 5254, 5259, 5281, 5282, 5326, 5347, 5363, 5378, 5405, 5458, 5473, 5478, 5531, 5582, 5614, 5628, 5721, 5728, 5782, 5806, 5810, 5829, 5876, 5890, 5913, 5916, 5949, 5995, 6027, 6042, 6054, 6113, 6123, 6131, 6212, 6253, 6257, 6264, 6266, 6280, 6300, 6322, 6330, 6344, 6353, 6355, 6410, 6428, 6431, 6437, 6448, 6458, 6487, 6497, 6501, 6540, 6569, 6614, 6655, 6699, 6752, 6844, 6867, 6882, 6894, 6913, 6933, 6966, 6969, 7027, 7042, 7056, 7102, 7152, 7155, 7176, 7193, 7211, 7219, 7252, 7271, 7291, 7317, 7337, 7357, 7367, 7416, 7434, 7441, 7477, 7507, 7540, 7584, 7589, 7655, 7656, 7667, 7677, 7721, 7734, 7736, 7758, 7761, 7776, 7804, 7807, 7809, 7871, 7901, 7903, 7917, 7951, 8017, 8045, 8096, 8122, 8139, 8146, 8157, 8162, 8165, 8235, 8290, 8299, 8347, 8368, 8370, 8371, 8382, 8493, 8507, 8526, 8528, 8533, 8559, 8564, 8573, 8592, 8626, 8674, 8682, 8729, 8743, 8753, 8793, 8804, 8808, 8824, 8848, 8852, 8903, 8907, 8962, 8970, 9007, 9011, 9013, 9037, 9047, 9068, 9101, 9106, 9112, 9123, 9149, 9277, 9325, 9346, 9367, 9373, 9392, 9430, 9432, 9498, 9528, 9552, 9568, 9639, 9647, 9704, 9716, 9717, 9739, 9746, 9765, 9783, 9787, 9818, 9819, 9842, 9844, 9870, 9875, 9902, 9904, 9972, 10044, 10069, 10081, 10085, 10115, 10130, 10133, 10157, 10160, 10181, 10190, 10194, 10244, 10247, 10265, 10278, 10289, 10319, 10341, 10380, 10395, 10396, 10492, 10508, 10511, 10515, 10572, 10605, 10627, 10723, 10745, 10770, 10795, 10808, 10849, 10850, 10855, 10866, 10871, 10893, 10914, 10935, 10970, 10977, 10991, 11048, 11066, 11083, 11086, 11088, 11090, 11149, 11196, 11247, 11264, 11308, 11370, 11388, 11392, 11408, 11418, 11447, 11492, 11496, 11502, 11569, 11583, 11643, 11657, 11684, 11737, 11810, 11824, 11837, 11853, 11858, 11863, 11899, 11902, 11914, 11921, 11996, 12012, 12099, 12106, 12151, 12155, 12161, 12210, 12221, 12239, 12263, 12303, 12304, 12317, 12329, 12342, 12377, 12390, 12398, 12400, 12427, 12434, 12442, 12445, 12473, 12501, 12519, 12538, 12540, 12542, 12577, 12647, 12679, 12697, 12700, 12708, 12719, 12722, 12729, 12763, 12771, 12810, 12828, 12892, 12895, 13000, 13021, 13025, 13040, 13044, 13078, 13089, 13118, 13119, 13139, 13142, 13153, 13160, 13163, 13220, 13225, 13227, 13234, 13250, 13262, 13359, 13410, 13416, 13436, 13492, 13500, 13546, 13561, 13568, 13623, 13630, 13694, 13718, 13720, 13769, 13782, 13802, 13869, 13895, 13922, 13955, 13976, 13980, 14002, 14014, 14049, 14070, 14135, 14137, 14157, 14169, 14211, 14231, 14238, 14263, 14291, 14343, 14359, 14380, 14389, 14398, 14537, 14573, 14613, 14636, 14693, 14700, 14703, 14713, 14731, 14757, 14800, 14807, 14808, 14815, 14831, 14851, 14882, 14885, 14901, 14918, 14979, 15046, 15064, 15075, 15076, 15115, 15186, 15189, 15212, 15215, 15242, 15251, 15252, 15257, 15309, 15320, 15383, 15414, 15418, 15427, 15483, 15515, 15522, 15535, 15622, 15636, 15640, 15685, 15803, 15866, 15907, 15915, 15984, 16140, 16160, 16321, 16361, 16364, 16532, 16538, 16745, 16880, 16980, 17050, 17113, 17230, 17517]",c7.vax__HARALAMBIEVA_PBMC_FLUARIX_AGE_50_74YO_CORR_WITH_28D_MEM_B_CELL_RESPONSE_AT_3DY_NEGATIVE
c7.vax,HOWARD_B_CELL_INACT_MONOV_INFLUENZA_A_INDONESIA_05_2005_H5N1_AGE_18_49YO_1DY_UP,prerank,0.2999231186294809,0.8016626146906675,0.7377398720682303,0.8881118422091254,1.0,9_14,9/14,29.80%,IRF1;PARP9;GBP2;FBXO6;UBE2L6;GBP5;HAPLN3;TRIM69;GBP4,IRF1;PARP9;GBP2;FBXO6;UBE2L6;GBP5;HAPLN3;TRIM69;GBP4;GBP1;INPP1;EPSTI1;APOL6;STAT1,"[753, 3488, 4039, 4239, 4279, 4474, 4585, 4850, 5220, 5727, 10006, 14518, 15564, 16067]",c7.vax__HOWARD_B_CELL_INACT_MONOV_INFLUENZA_A_INDONESIA_05_2005_H5N1_AGE_18_49YO_1DY_UP
c7.vax,SOBOLEV_PBMC_PANDEMRIX_AGE_18_64YO_CORRELATED_WITH_AGE_1DY_POSITIVE,prerank,0.2501866823755409,0.8046179692164553,0.7719298245614035,0.888848544169574,1.0,11_28,11/28,24.89%,TNFRSF1A;TBX21;AK1;PYCR1;CARD16;CACNA1I;MXI1;HDAC4;FGFBP2;NLRP1;IL11RA,TNFRSF1A;TBX21;AK1;PYCR1;CARD16;CACNA1I;MXI1;HDAC4;FGFBP2;NLRP1;IL11RA;CACNA2D2;PRSS23;KIF21B;OPTN;IGFBP3;SYNM;ENO2;EEF2;LPAR1;CD28;C1D;VPS37A;NETO2;DOCK4;SYNE1;MCOLN2;CD38,"[465, 1377, 1543, 1856, 2235, 2936, 2951, 3141, 4005, 4228, 4359, 4871, 5059, 5333, 7154, 7422, 7882, 8733, 9092, 9309, 11843, 13532, 13605, 14495, 15185, 15752, 16507, 17344]",c7.vax__SOBOLEV_PBMC_PANDEMRIX_AGE_18_64YO_CORRELATED_WITH_AGE_1DY_POSITIVE
c7.vax,HOEK_NEUTROPHIL_2011_2012_TIV_ADULT_1DY_DN,prerank,0.2280538712326089,0.8059242259133915,0.8257575757575758,0.891702923730678,1.0,20_48,20/48,29.76%,TTC38;PLCB3;FLT1;HSPE1;DPP7;COA6;TCN1;SYTL3;TMEM39B;SAP30;LRP3;BEND7;CD68;HOMER3;CTSD;CMTM8;SH3RF3;EBP;PLD3;MRPL21,TTC38;PLCB3;FLT1;HSPE1;DPP7;COA6;TCN1;SYTL3;TMEM39B;SAP30;LRP3;BEND7;CD68;HOMER3;CTSD;CMTM8;SH3RF3;EBP;PLD3;MRPL21;GALNT14;CD1D;SNRNP25;TFDP1;DGKG;GRAMD4;ABCC5;PNPLA1;PPDPF;TSR2;ACAD9;SYCP2;TESC;SIGMAR1;RSU1;TM7SF3;PADI4;ADAM19;PTPN22;AUH;ACBD6;ADK;EDARADD;NAA40;NRIP1;NDUFA7;ARIH2OS;NT5DC1,"[836, 893, 1094, 1341, 2035, 2712, 2740, 2971, 3088, 3104, 3325, 3381, 3896, 4081, 4656, 4865, 4882, 4894, 5116, 5213, 5974, 6182, 6499, 6570, 6656, 7185, 7667, 8270, 8669, 10439, 10994, 11251, 11498, 11918, 11937, 12472, 12566, 12696, 13052, 13071, 13072, 13523, 13593, 13602, 14013, 14965, 16761, 16901]",c7.vax__HOEK_NEUTROPHIL_2011_2012_TIV_ADULT_1DY_DN
c7.vax,SOBOLEV_PBMC_PANDEMRIX_AGE_18_64YO_HIGH_VS_LOW_RESPONDERS_MEDIUM_HIGH_ADVERSE_EVENTS_SCORE_1DY_CORRELATED_WITH_TRANSITIONAL_B_CELLS_UP,prerank,0.2926401181758018,0.8079579937724334,0.729957805907173,0.8937563512329656,1.0,5_16,5/16,18.89%,VMO1;FCRLA;CD79B;P2RX5;CD22,VMO1;FCRLA;CD79B;P2RX5;CD22;CNR2;FCER2;BANK1;TSPAN13;PAWR;CD72;CD19;PCDH9;SETBP1;EBF1;MS4A1,"[1226, 1514, 2306, 2809, 3309, 4659, 5371, 6502, 7035, 10762, 10987, 11727, 13799, 14063, 14294, 15249]",c7.vax__SOBOLEV_PBMC_PANDEMRIX_AGE_18_64YO_HIGH_VS_LOW_RESPONDERS_MEDIUM_HIGH_ADVERSE_EVENTS_SCORE_1DY_CORRELATED_WITH_TRANSITIONAL_B_CELLS_UP
c7.vax,ZAK_PBMC_MRKAD5_HIV_1_GAG_POL_NEF_AGE_20_50YO_CORRELATED_WITH_CD8_T_CELL_RESPONSE_3DY_NEGATIVE,prerank,-0.242923939867685,-0.9307412913439823,0.5913757700205339,0.9053383970558629,1.0,19_62,19/62,21.19%,TTC6;ANXA8L1;ARC;PRAP1;LURAP1;CLCNKA;ANKRD63;PROP1;NPAP1;SLC35G6;LHFPL4;KCNG2;SFTPD;PSCA;NPPC;UBAP1L;DLX1;CCDC180;LY6D,TMEM92;GJA4;DUSP9;TPSD1;EFNA2;NKX6-1;LY6H;CTRB1;SOX15;GNG8;CHKB;PTGER1;ARTN;AZU1;FOXH1;PRSS3;CRIP3;CSRP2;GPIHBP1;ASS1;RPL7A;PSORS1C2;TCEAL3;SSTR5;SPSB4;MALL;PIP5KL1;FAM153A;CRYBB3;GPR37L1;PRRT2;BHLHA9;UPK3B;CENPM;SLC38A8;TGFBR3L;NPB;PPP3R2;ELFN1;DUSP15;KCNF1;PCDHA13;TMEM210;LY6D;CCDC180;DLX1;UBAP1L;NPPC;PSCA;SFTPD;KCNG2;LHFPL4;SLC35G6;NPAP1;PROP1;ANKRD63;CLCNKA;LURAP1;PRAP1;ARC;ANXA8L1;TTC6,"[90, 199, 407, 737, 1225, 1440, 1663, 1748, 1756, 2308, 2357, 2586, 2600, 2992, 3028, 3321, 4032, 4118, 4383, 4436, 4603, 4776, 4980, 5098, 5490, 5648, 5899, 6165, 6235, 6958, 7137, 7985, 9314, 9636, 9873, 9909, 11266, 12225, 12787, 13002, 13200, 13370, 13413, 13807, 13839, 14038, 14148, 14561, 14694, 14829, 15260, 15324, 15574, 16052, 16475, 16704, 16814, 17107, 17196, 17202, 17250, 17374]",c7.vax__ZAK_PBMC_MRKAD5_HIV_1_GAG_POL_NEF_AGE_20_50YO_CORRELATED_WITH_CD8_T_CELL_RESPONSE_3DY_NEGATIVE
c7.vax,ZAK_PBMC_MRKAD5_HIV_1_GAG_POL_NEF_AGE_20_50YO_1DY_ADDNL_EXON_LVL_UP,prerank,0.19348515680329417,0.7729012658647854,0.9032258064516129,0.9182592521907444,1.0,26_87,26/87,24.68%,CSF1;HSD3B7;CD74;CASZ1;LATS2;PFKP;ACSL5;GBP6;MCL1;GIMAP5;NLRC5;CCR5;RANGAP1;DOCK8;DISC1;LCP2;RERE;TNK2;P2RY14;CDK18;ATP10A;RIPK1;SLC25A22;ATP10D;TEP1;MTMR11,CSF1;HSD3B7;CD74;CASZ1;LATS2;PFKP;ACSL5;GBP6;MCL1;GIMAP5;NLRC5;CCR5;RANGAP1;DOCK8;DISC1;LCP2;RERE;TNK2;P2RY14;CDK18;ATP10A;RIPK1;SLC25A22;ATP10D;TEP1;MTMR11;HIRA;CHI3L1;PANK2;CARM1;ZNRF2;ZNF618;RRBP1;GRIPAP1;TRIM34;PTK2B;TRIM6;GCNT2;UBE2Z;RELB;APOBEC3F;TMTC1;FANCA;PRKAG2;RAP1GAP2;BRCA2;PCGF5;N4BP2L1;LYNX1;DESI1;NFIX;TLR3;DENND1B;PPP2R2A;ARHGEF3;APOBEC3G;PRICKLE1;ATXN7;LONRF1;YEATS2;TRPC4AP;HPS5;RABGAP1L;SETX;NCOA7;ARAP2;FMR1;SPATA13;FNDC3A;GART;CPEB2;HDX;PANX1;PGAP1;CLIC4;PLAA;FARP2;GRIN3A;BCL2L14;PRLR;UVRAG;C1GALT1;ENPP2;LRRCC1;SRBD1;HESX1;GBP7,"[185, 670, 908, 1099, 1138, 1271, 1318, 1330, 1560, 1583, 2076, 2393, 2516, 3107, 3237, 3280, 3323, 3351, 3460, 3796, 3878, 4099, 4124, 4225, 4313, 4323, 4763, 4969, 5048, 5421, 5819, 6076, 6372, 6454, 6471, 6612, 6659, 6676, 6944, 7449, 7721, 8245, 8550, 8783, 8868, 8964, 9072, 9362, 9556, 9845, 10348, 10466, 10708, 10733, 11046, 11087, 11239, 11270, 11380, 11513, 11565, 11621, 11644, 11700, 12171, 12273, 12478, 12746, 13137, 13926, 14167, 14403, 14572, 14945, 14951, 15009, 15034, 15202, 15504, 15519, 15999, 16196, 16259, 16574, 16578, 16864, 17147]",c7.vax__ZAK_PBMC_MRKAD5_HIV_1_GAG_POL_NEF_AGE_20_50YO_1DY_ADDNL_EXON_LVL_UP
c7.vax,GARCIA_PINERES_PBMC_HPV_16_L1_VLP_AGE_18_25YO_STIMULATED_VS_UNSTIMULATED_0DY_VACCINATION_INDEPENDENT_DN,prerank,-0.2158132819510547,-0.9322022530376232,0.6064516129032258,0.9268806308089365,1.0,17_121,17/121,10.00%,HTR2C;RCAN3;ENOSF1;ALDH1A1;CRHBP;PMS2;LAMC2;ITIH3;PFKFB1;C5;SCD;IL5RA;CHRM4;CD8B;NPFFR1;PLEK2;PRKG2,CELSR1;TNNI2;TG;PLIN2;F13A1;FOLR2;HAMP;MARCO;APOC2;TREM2;PLTP;TRIM16;IMPA2;NQO1;AK1;LMO1;RARG;SLC26A2;COL1A2;SMAD6;TFCP2L1;DPEP2;GCM1;ZNF124;NPL;WNT7A;ABCC3;CHRNA1;PAPSS2;APOC1;APOE;INSR;IRS2;CXXC4;MRC2;CYP27A1;CPM;ITGAE;SHH;PLXNA1;TNS1;NEO1;SH3BP4;SERPINF1;ALDH7A1;PTGES;EFNA5;ALDH3A2;STEAP1;GPRC5B;CEP250;KDELR2;NDRG2;PELI2;A2M;EPAS1;GPX3;HSD17B4;CRYGD;CAV3;BCL11B;GLT8D2;HS3ST2;EDA2R;DTWD1;ITGAV;FABP4;CADM1;RNASE4;CHRNG;KCNMA1;ZFYVE9;SNCA;FABP3;HTT;STXBP1;OAT;CDK6;GLIPR1;OSGEPL1;TSPAN5;ATXN1;RARRES1;PDPN;TRAIP;CD96;NRCAM;ENC1;KEL;HPCAL4;CHIT1;SSR3;SLC2A11;FGF9;SDS;SCML1;EIF1AX;MMP2;SORL1;CLIC5;PLXNC1;NINJ2;CD9;CYP2C18;PRKG2;PLEK2;NPFFR1;CD8B;CHRM4;IL5RA;SCD;C5;PFKFB1;ITIH3;LAMC2;PMS2;CRHBP;ALDH1A1;ENOSF1;RCAN3;HTR2C,"[49, 274, 489, 537, 631, 862, 943, 977, 1014, 1129, 1178, 1182, 1295, 1507, 1543, 1608, 1922, 2127, 2167, 2322, 2451, 2477, 2539, 2858, 2943, 2958, 3146, 3512, 3588, 3747, 3783, 3939, 4288, 4395, 4528, 4678, 4854, 5251, 5253, 5302, 5393, 5528, 5702, 6107, 6141, 6202, 6393, 6494, 6891, 6909, 7027, 7101, 7189, 7414, 7759, 7874, 7997, 8214, 8308, 8484, 9083, 9223, 9403, 9446, 9582, 9683, 9876, 9989, 10310, 10398, 10409, 10726, 10807, 11064, 11247, 11395, 11650, 11655, 11881, 11947, 12118, 12370, 12374, 12416, 12533, 12596, 12639, 12941, 13006, 13366, 13403, 13471, 13598, 13601, 13674, 13898, 14150, 14153, 14179, 14713, 14798, 14820, 15173, 15316, 15768, 15892, 16142, 16145, 16207, 16261, 16479, 16539, 16585, 16747, 16796, 16933, 17031, 17233, 17433, 17489, 17504]",c7.vax__GARCIA_PINERES_PBMC_HPV_16_L1_VLP_AGE_18_25YO_STIMULATED_VS_UNSTIMULATED_0DY_VACCINATION_INDEPENDENT_DN
c7.vax,HOEK_NEUTROPHIL_2011_2012_TIV_ADULT_7DY_DN,prerank,-0.2727189867332374,-0.9383120533579626,0.5633528265107213,0.9336482771889774,1.0,11_38,11/38,19.53%,IFI44L;RTP4;IFI44;RSAD2;IFT52;NUP54;CMPK2;EPSTI1;SRXN1;DIMT1;IFI6,IFITM3;GBP6;LILRA4;SERPING1;COA6;BATF2;OSM;APOBEC3D;OAS1;RILP;CCDC85B;APEX2;ATF3;LY6E;GBP5;PNPT1;ISG15;APOL3;FRMD3;ETV7;AP1M2;HEBP1;LIMK1;PPDPF;OAS3;OAS2;NASP;IFI6;DIMT1;SRXN1;EPSTI1;CMPK2;NUP54;IFT52;RSAD2;IFI44;RTP4;IFI44L,"[970, 1330, 1689, 2181, 2712, 2906, 3455, 3536, 3619, 3683, 4053, 4215, 4249, 4330, 4474, 4532, 4942, 5545, 6041, 6098, 7329, 7350, 7358, 8669, 10622, 12167, 12408, 14097, 14127, 14200, 14518, 14841, 14876, 15077, 15853, 16698, 16949, 17246]",c7.vax__HOEK_NEUTROPHIL_2011_2012_TIV_ADULT_7DY_DN
c7.vax,ANDERSON_BLOOD_CN54GP140_ADJUVANTED_WITH_GLA_AF_AGE_18_45YO_7DY_UP,prerank,0.22227640002145554,0.7167915343929889,0.9032258064516129,0.9401611370404512,1.0,3_29,3/29,7.92%,HBE1;IGFBP1;RFX4,HBE1;IGFBP1;RFX4;NME2;RASSF6;HECA;DTNA;ALDH8A1;RAD51;TMEM156;TMEM70;BMP8B;TMSB4X;CAMK2A;RPS6KA3;TAOK3;KCTD7;PCYOX1;ZNF568;ITM2B;STAR;ZNF160;CDK6;ING3;ZNF320;EXO5;ICA1L;ZNF93;HTR2A,"[440, 866, 1386, 3426, 4087, 4282, 4949, 6073, 6244, 6408, 6495, 8875, 8993, 9057, 9145, 9645, 9819, 10352, 10935, 11214, 11290, 11622, 11655, 13294, 13630, 14199, 14843, 15275, 16984]",c7.vax__ANDERSON_BLOOD_CN54GP140_ADJUVANTED_WITH_GLA_AF_AGE_18_45YO_7DY_UP
c7.vax,FRANCO_BLOOD_SANOFI_PASTEUR_SA_INACTIVATED_INFLUENZA_VACCINE_CORRELATED_WITH_ANTIBODY_RESPONSE_AGE_18_40YO_14DY_POSITIVE,prerank,0.24347567679664206,0.7208757423237675,0.8713692946058091,0.9417927725531904,1.0,6_21,6/21,22.52%,MCM7;CD79A;LRP5L;ECHDC2;ZNF558;DHCR7,MCM7;CD79A;LRP5L;ECHDC2;ZNF558;DHCR7;CCDC24;PNKD;MRPL49;ANKRD10;ABCF2;CDR2;UBR7;TRMT10B;ZNF514;CD19;HERC2;PRKAB2;MLH1;ANAPC5;SWSAP1,"[2223, 2657, 3233, 3491, 3649, 3944, 5887, 6449, 6697, 7543, 7800, 7833, 8766, 8965, 9529, 11727, 12206, 12463, 13955, 14274, 14348]",c7.vax__FRANCO_BLOOD_SANOFI_PASTEUR_SA_INACTIVATED_INFLUENZA_VACCINE_CORRELATED_WITH_ANTIBODY_RESPONSE_AGE_18_40YO_14DY_POSITIVE
c7.vax,HOFT_CD4_POSITIVE_ALPHA_BETA_MEMORY_T_CELL_BCG_VACCINE_AGE_18_45YO_ID_7DY_TOP_100_DEG_EX_VIVO_UP,prerank,0.237406761760167,0.7383767752010869,0.8404669260700389,0.9418238099846064,1.0,6_23,6/23,21.84%,TSC22D3;FXYD1;DPEP2;ATG16L2;CTSF;CPXM1,TSC22D3;FXYD1;DPEP2;ATG16L2;CTSF;CPXM1;CHST15;GRAMD4;PI16;TECPR1;AGMAT;LDLRAP1;ZDHHC14;RASA3;THG1L;FAM8A1;AVL9;ACSL3;APBB3;USP33;MAP6D1;CLIC5;METTL2A,"[1034, 2075, 2477, 2669, 3805, 3825, 5966, 7185, 7977, 8492, 8801, 8835, 9021, 9045, 9753, 11709, 11985, 12248, 12947, 13356, 14422, 14713, 14979]",c7.vax__HOFT_CD4_POSITIVE_ALPHA_BETA_MEMORY_T_CELL_BCG_VACCINE_AGE_18_45YO_ID_7DY_TOP_100_DEG_EX_VIVO_UP
c7.vax,OCONNOR_PBMC_MENVEO_ACWYVAX_AGE_30_70YO_7DY_AFTER_SECOND_DOSE_VS_7DY_AFTER_FIRST_DOSE_DN,prerank,0.15784443622407282,0.7328204207452846,0.9882352941176471,0.9418597015007963,1.0,43_225,43/225,19.62%,MLKL;RBM47;TLR2;HSPH1;PTGDR;TSC22D3;ANAPC16;CDC14A;HLA-DPB1;ZFP36L2;KLF4;FCRLA;MCL1;BID;MAF;LILRB2;SWAP70;TGFBR2;FPR2;DSE;SNAP23;GPR160;MAX;CDK2AP1;HERPUD1;CPQ;ATP1B3;ALDH2;RELL1;TLR6;SP100;TRNAU1AP;NFE2L2;MXI1;FAM117B;KCTD6;NUDT9;CA2;RIN2;EVI2B;TCP1;SOCS2;SGK1,MLKL;RBM47;TLR2;HSPH1;PTGDR;TSC22D3;ANAPC16;CDC14A;HLA-DPB1;ZFP36L2;KLF4;FCRLA;MCL1;BID;MAF;LILRB2;SWAP70;TGFBR2;FPR2;DSE;SNAP23;GPR160;MAX;CDK2AP1;HERPUD1;CPQ;ATP1B3;ALDH2;RELL1;TLR6;SP100;TRNAU1AP;NFE2L2;MXI1;FAM117B;KCTD6;NUDT9;CA2;RIN2;EVI2B;TCP1;SOCS2;SGK1;HNRNPF;CCT4;LRRC37B;CTSC;RIPK2;MPZL1;AXIN2;WAC;PPM1D;ABHD5;SLC25A43;CRTAP;GBP1;SRP14;PRKCH;PPP2R2D;RCBTB2;FOXN3;HSD17B11;ZNF274;TRAK1;MAN2B2;PRDM8;BANK1;ST6GAL1;AHCTF1;SH2B3;CAMK2G;RBMS1;IFIH1;SSBP2;MORC3;CCDC50;PGRMC2;OGFRL1;CDKN1B;TCHP;YIPF4;ZMIZ1;COPB1;NBPF11;ZNF654;IKZF5;NCOA1;PSMC4;ARID2;WWP2;TMEM248;ZNF586;JAK1;MARCKS;SPPL2A;SEC24B;TSPYL1;GSPT2;UBE2E3;NIP7;GGPS1;SEC22C;PUM1;UBTD2;MAT2B;CEP95;CD8A;RAB1A;ZCCHC9;PROSER1;ZNF207;LAMP2;PTEN;ZNF700;MAU2;IDE;CXCR6;TRMT1L;SLC15A4;ATG4C;RBBP5;TTYH2;CIAO1;ELOVL5;THEMIS;NPTN;JKAMP;SERPINE2;NRBF2;ZNF567;WDR20;FCRL3;AGAP6;TMEM192;ZNF621;ALG13;KPNB1;FAM120A;DEGS1;OSBPL10;CASP8;AFF3;USP24;ITM2B;CDC5L;SLC40A1;LIPT1;ZC3H14;ANXA7;ARF4;HPRT1;PPM1A;ZFP3;LMBRD1;UBXN4;S100PBP;ABLIM1;VPS35;PKIA;VKORC1L1;FBXO21;FAM149B1;RSBN1L;PPT1;PTGER4;ATMIN;CD96;TMEM69;IKZF3;CLPX;RAB5A;DPYD;NNT;TPK1;SYPL1;INPP4A;SMARCA5;UBE2G1;PSIP1;TOPBP1;TRIM23;IREB2;RNF13;ELMO2;TRIM33;RUNDC1;TRIM24;SCAF11;DIMT1;TAF2;PIGB;SRP54;PHOSPHO2;TRAPPC11;EXOC1;USP48;LIPA;MPPE1;MRPS30;PRPS2;MRI1;PLEKHB2;TSEN15;CHMP2B;JMJD1C;PAG1;SCAF8;MAP7;SDHD;TSNAX;RBBP4;RBM12;GMPS;NFAT5;KHDRBS1;MFSD6;TIA1;SLC35E3;FBXO7;WIPF1;OSBPL9;ZNF23;MTR;RSPH3;ALDH1A1,"[36, 469, 493, 718, 740, 1034, 1100, 1167, 1268, 1382, 1437, 1514, 1560, 1667, 1694, 1887, 2042, 2124, 2137, 2158, 2185, 2201, 2237, 2238, 2276, 2372, 2392, 2440, 2511, 2518, 2704, 2807, 2861, 2951, 2965, 2987, 3006, 3033, 3113, 3269, 3387, 3433, 3436, 3590, 3888, 4030, 4088, 4669, 4774, 4815, 5043, 5105, 5145, 5151, 5379, 5727, 5729, 5804, 5895, 5925, 5960, 6219, 6267, 6337, 6347, 6403, 6502, 6550, 6622, 6650, 6757, 6787, 7032, 7059, 7104, 7283, 7426, 7450, 7474, 7633, 7739, 8160, 8170, 8195, 8329, 8344, 8350, 8490, 8514, 8519, 8533, 8666, 8760, 8773, 8846, 8871, 8936, 8952, 8985, 9026, 9047, 9162, 9163, 9247, 9288, 9335, 9566, 9713, 9745, 9789, 9835, 9877, 9891, 9920, 10014, 10099, 10133, 10168, 10174, 10185, 10198, 10262, 10302, 10315, 10322, 10384, 10415, 10488, 10544, 10552, 10570, 10665, 10694, 10841, 10850, 10928, 10936, 10974, 11005, 11047, 11055, 11116, 11166, 11214, 11226, 11228, 11236, 11307, 11320, 11346, 11740, 11786, 11792, 11836, 11903, 11906, 11926, 11933, 11975, 12008, 12011, 12079, 12202, 12235, 12343, 12488, 12596, 12745, 12755, 12766, 12909, 13053, 13056, 13098, 13152, 13156, 13211, 13212, 13430, 13538, 13540, 13661, 13716, 13853, 13991, 14035, 14043, 14085, 14127, 14154, 14266, 14417, 14574, 14631, 14729, 14752, 14802, 14864, 14888, 14962, 15117, 15128, 15167, 15219, 15238, 15298, 15368, 15415, 15525, 15557, 15563, 15582, 15630, 15785, 15913, 15992, 16053, 16104, 16187, 16279, 16378, 16401, 16816, 16953, 17233]",c7.vax__OCONNOR_PBMC_MENVEO_ACWYVAX_AGE_30_70YO_7DY_AFTER_SECOND_DOSE_VS_7DY_AFTER_FIRST_DOSE_DN
c7.vax,THAKAR_PBMC_INACTIVATED_INFLUENZA_AGE_21_30YO_VS_70PLS_0DY_UP,prerank,0.2607467221471532,0.7264311884848237,0.8326359832635983,0.9420660895077958,1.0,4_16,4/16,16.88%,FCGBP;ALDOB;CD248;NAA16,FCGBP;ALDOB;CD248;NAA16;ARRDC5;GTPBP3;LRRN3;EP300;RAI1;PPTC7;CSAD;SREBF1;IQSEC1;AAK1;PDE7A;AGAP4,"[854, 1645, 2282, 2956, 4653, 5280, 6481, 7366, 8314, 9214, 9967, 10078, 10768, 15234, 15969, 16894]",c7.vax__THAKAR_PBMC_INACTIVATED_INFLUENZA_AGE_21_30YO_VS_70PLS_0DY_UP
c7.vax,NAKAYA_PBMC_FLUARIX_FLUVIRIN_AGE_18_50YO_3DY_DN,prerank,0.1531225888852934,0.7438731001600849,0.9978632478632479,0.942093295628562,1.0,41_385,41/385,15.07%,G0S2;DNAJB1;MAFF;CXCR4;ZC3H12A;BCL3;ITPKB;ARID5A;RHOH;VEGFA;BANP;SLC2A3;GATA3;SLC2A14;CDK11A;CDC14A;PER1;BTG1;TLE3;TNFAIP3;RGCC;TNFRSF25;MAP4K1;DDIT3;UBALD2;USP21;PHF1;LRP10;PIM3;THSD1;NXT1;PAPOLA;IGF1R;HERPUD1;CDK11B;RBM14;MED26;RELL1;THBD;TSEN54;LPIN1,G0S2;DNAJB1;MAFF;CXCR4;ZC3H12A;BCL3;ITPKB;ARID5A;RHOH;VEGFA;BANP;SLC2A3;GATA3;SLC2A14;CDK11A;CDC14A;PER1;BTG1;TLE3;TNFAIP3;RGCC;TNFRSF25;MAP4K1;DDIT3;UBALD2;USP21;PHF1;LRP10;PIM3;THSD1;NXT1;PAPOLA;IGF1R;HERPUD1;CDK11B;RBM14;MED26;RELL1;THBD;TSEN54;LPIN1;PBX4;IFRD1;NAA16;SYTL3;SENP3;EIF1AD;AKAP8;STK35;OSM;UBE2B;KDM2A;HNRNPH3;POLR1C;LUC7L2;TIPARP;ZNF746;NLRP1;CYTIP;AKT2;BHLHE40;HECA;IL11RA;EIF3B;LENG8;SFI1;MSI2;HBP1;SEC31B;QSOX2;CWC25;SETD1B;AXIN2;IP6K2;FBXO33;ZNF609;ARID3B;SLC25A28;SMPD4;WHAMM;GMEB2;WDR33;GOLGA6L9;CLK1;NDUFB8;SIAH1;KLHDC2;DGKA;ZRANB1;MPHOSPH8;RGPD6;MTCH1;ZBTB5;EIF1;COX4I1;MALSU1;KDM3A;IL6ST;RBM33;HIP1R;PNISR;DDX51;YTHDF1;RPL10;PCBP2;ZFAND6;TRIM13;FAM153A;CCNL2;JOSD1;NAP1L4;ZNF274;ZFYVE27;PABPC1;PPIL4;SGSM2;PELI1;TRA2A;TSPYL2;ZBTB7A;TUFT1;TMEM50B;RNF10;HNRNPM;JMY;IVNS1ABP;RNF216;PIGA;LSG1;RSRC2;STMN3;RUNX2;DDX52;ACAP1;TPM2;ATG2A;GPR183;ANKRD11;APBA2;COPA;HINT1;CDKN1B;SRSF1;GTF2B;ILKAP;ZC3H12D;RRP1B;ANKRD10;WTAP;NOL11;SREK1;RBBP6;PHF10;SIVA1;SYNCRIP;ZBTB10;RBM19;MED10;CDR2;C1orf52;RORA;RANBP2;SPTAN1;USPL1;DNAJC7;SRSF10;PSMD12;SF3A1;RYK;PPIA;HIF1A;HSF2;PDE4D;NOP58;SLCO3A1;IKZF5;GORAB;SPOCK2;PPM1B;ILF3;GSPT1;OGT;DUSP2;USP36;JAK1;RAD23B;ZNF512B;FBXO3;ASXL1;UNKL;NDEL1;BTG3;SPG7;WDR26;PPTC7;CNOT2;GNE;UHRF2;ATL2;CEP95;POLR3E;SOX6;UBAP2L;U2AF1;PARP8;RBM39;ZBTB43;PURB;HERC3;ZNF639;KAT6B;MED6;HPS4;YRDC;OFD1;CHD2;CBX3;EXOC3;SUPV3L1;PTPN1;BRD7;PHF3;DNAJB9;KANSL2;PPP2R5C;UBE2A;SNRNP200;QRICH1;SENP1;MYLIP;RLIM;WDR20;ELF2;GOLGA4;GGNBP2;NGDN;ZBTB11;TFRC;COQ10B;HNRNPD;PDCD4;YTHDC1;DDX24;MTAP;OSBP;PPP2CA;HNRNPA3;MEF2D;RNF103;ATXN1L;SPTY2D1;FOXJ3;ATXN7;PPP1R16B;AP1G1;MED23;CAPRIN1;TMEM59;CLDND1;RAPGEF2;MAPK1IP1L;MOAP1;SEC31A;CD6;PRDM2;TAF11;GNL1;MDM4;FAM8A1;ZEB1;AFF4;PPM1A;SLC6A6;ENTPD4;HAUS3;RBM8A;USP3;RABGGTB;SDE2;PTS;CYLD;PRKCZ;TMEM41B;FUS;HABP4;ZNF14;ATG16L1;BBX;CDK12;DYNC1LI2;TRAPPC10;RICTOR;SAR1A;ZNF655;HMGB1;RPAIN;PDZD8;SSBP1;NECAP1;USP15;DDX21;SNRK;EIF2AK3;AP3M2;ZNF430;NDUFAF5;CTDSPL2;AGFG1;SEMA4D;KRAS;MDH1;RGPD5;FNIP1;HNRNPA1;SON;DDX50;GOLGA8A;PIK3IP1;TM2D3;SBDS;BEX2;ATP2B1;PNN;RPRD1B;KLF9;CCNL1;PCNP;SMURF1;NUP153;MAPK8;CDC42;BCLAF1;EBLN2;SUB1;ZNF880;MBD4;PLK3;MGAT5;SCAF11;CCNT2;ZSCAN25;SERINC1;SORL1;PDE4B;PSMA3;DIP2B;PTBP2;ANAPC1;ZNF529;ITCH;SFPQ;SNRPA1;PGM2L1;GOLGA8B;RAB11FIP2;STAM;SLC25A36;USP16;ZBTB25;AAK1;JMJD1C;ZDBF2;CHD7;KLHL20;CLK4;U2SURP;SLC25A16;NKTR;FASTKD2;DDX47;MDN1;SMC4;RGPD8;SPRTN;PDE7A;ITPR1;RBM25;IST1;GPRASP1;SGTB;CIRBP;DCAF16;MTX3;AMY2A;RCAN3,"[1, 8, 25, 50, 273, 332, 423, 449, 884, 930, 931, 935, 951, 983, 1028, 1167, 1212, 1239, 1298, 1329, 1356, 1360, 1466, 1519, 1561, 1676, 1808, 1876, 1911, 1954, 2095, 2239, 2274, 2276, 2354, 2437, 2493, 2511, 2546, 2629, 2639, 2710, 2935, 2956, 2971, 3148, 3188, 3223, 3409, 3455, 3667, 3786, 3927, 4063, 4090, 4114, 4116, 4228, 4243, 4256, 4265, 4282, 4359, 4398, 4428, 4525, 4534, 4570, 4661, 4703, 4752, 4757, 4815, 4841, 4886, 4913, 4924, 4944, 4959, 4964, 4979, 5037, 5071, 5156, 5183, 5242, 5290, 5317, 5358, 5425, 5450, 5496, 5567, 5574, 5598, 5714, 5717, 5726, 5741, 5776, 5792, 5815, 5828, 5905, 5999, 6010, 6014, 6165, 6183, 6186, 6266, 6267, 6349, 6350, 6368, 6397, 6476, 6490, 6557, 6562, 6613, 6614, 6624, 6663, 6665, 6723, 6726, 6753, 6790, 6797, 6856, 6869, 6870, 6912, 6931, 6953, 7031, 7113, 7123, 7356, 7390, 7474, 7477, 7483, 7498, 7509, 7530, 7543, 7635, 7657, 7662, 7691, 7698, 7722, 7742, 7778, 7779, 7816, 7833, 7894, 7937, 8025, 8034, 8039, 8052, 8053, 8088, 8102, 8110, 8153, 8186, 8251, 8318, 8328, 8343, 8344, 8388, 8491, 8604, 8609, 8612, 8676, 8683, 8684, 8760, 8765, 8776, 8925, 8930, 8939, 8973, 9036, 9084, 9138, 9214, 9228, 9237, 9248, 9305, 9335, 9369, 9459, 9468, 9543, 9557, 9610, 9719, 9755, 9974, 9996, 10009, 10034, 10067, 10103, 10149, 10186, 10190, 10213, 10223, 10235, 10273, 10277, 10291, 10306, 10341, 10358, 10421, 10441, 10457, 10462, 10541, 10570, 10599, 10631, 10638, 10660, 10663, 10683, 10780, 10784, 10899, 10939, 10973, 10981, 11041, 11081, 11090, 11119, 11183, 11203, 11229, 11257, 11270, 11350, 11383, 11413, 11425, 11460, 11481, 11499, 11516, 11520, 11534, 11543, 11572, 11658, 11684, 11698, 11709, 11741, 11775, 11786, 11809, 11838, 11919, 11920, 11924, 11964, 12013, 12025, 12046, 12117, 12119, 12178, 12188, 12190, 12287, 12311, 12313, 12337, 12366, 12467, 12484, 12520, 12555, 12571, 12576, 12616, 12673, 12743, 12765, 12792, 12802, 12823, 12868, 12876, 12890, 12951, 12957, 12990, 13000, 13008, 13039, 13047, 13048, 13073, 13099, 13111, 13124, 13165, 13251, 13348, 13361, 13415, 13542, 13575, 13579, 13647, 13715, 13764, 13775, 13803, 13812, 13814, 13872, 13887, 13899, 13970, 14085, 14091, 14143, 14156, 14179, 14187, 14195, 14374, 14453, 14472, 14688, 14704, 14769, 14904, 14911, 14971, 15039, 15065, 15127, 15161, 15175, 15234, 15238, 15343, 15400, 15448, 15539, 15551, 15584, 15604, 15633, 15645, 15736, 15839, 15841, 15851, 15969, 16164, 16235, 16242, 16250, 16486, 17093, 17156, 17336, 17417, 17489]",c7.vax__NAKAYA_PBMC_FLUARIX_FLUVIRIN_AGE_18_50YO_3DY_DN
c7.vax,VOIGT_PBMC_FLUARIX_AGE_50_74YO_FEMALES_VS_MALES_0DY_TO_28D_UP,prerank,-0.2612862872393675,-0.7343071953991605,0.8286852589641435,0.9442285099038903,1.0,3_16,3/16,10.47%,ADD2;KHDRBS2;RALGPS2,SPIB;CD40;CD22;MOXD1;BLNK;NXPH4;TSPAN13;STAP1;PTPRK;PAWR;CD19;DPF3;CDCA7L;RALGPS2;KHDRBS2;ADD2,"[547, 1644, 3309, 4031, 4333, 4705, 7035, 7686, 10583, 10762, 11727, 13254, 14433, 15684, 16172, 17179]",c7.vax__VOIGT_PBMC_FLUARIX_AGE_50_74YO_FEMALES_VS_MALES_0DY_TO_28D_UP
c7.vax,THAKAR_PBMC_INACTIVATED_INFLUENZA_AGE_70PLS_NONRESPONDER_2DY_UP,prerank,-0.17976631672075036,-0.7518902845923783,0.94831013916501,0.947392843167319,1.0,53_99,53/99,41.56%,PRKAA1;RPS6KA5;SCOC;LYRM7;UBLCP1;MTF2;AGL;YEATS4;DYNLT3;IFT74;NUP54;RRM1;PTPN4;USO1;THNSL1;DNAJB14;PCMTD1;GART;ZNF146;VBP1;VPS37A;SMARCA5;FAM107B;RNGTT;TMEM14B;COBLL1;PURA;TRAK2;SAR1A;CDC42SE2;FAM98A;ACTR6;LEMD3;SAR1B;BOLA3;ZNF91;LEPROTL1;RPP40;SYTL2;MSMO1;LSM5;FYTTD1;OCIAD2;MCM6;DENND1B;SEC62;NUP43;ERGIC2;NRBF2;TMCO1;THEMIS;CISD1;NTRK1,FKBP5;CKS2;PNP;SLC38A2;BTLA;PUS3;CD160;CCDC167;ROMO1;TBPL1;SOCS2;DYNLL1;PPP6R2;RPL14;NOSIP;C12orf57;DPY30;RBM34;LARP4;RPL23;ECI2;CCDC34;FAM133B;TAPT1;TEX30;TC2N;SRPRB;BLOC1S5;UGCG;STAP1;UBE2Q2;LDHB;ASF1A;CEBPZ;ZNF654;SP4;ZNF260;PPM1B;VPS26A;AIDA;CCNB1IP1;TRA2B;MED31;TSC22D2;USP38;USP1;NTRK1;CISD1;THEMIS;TMCO1;NRBF2;ERGIC2;NUP43;SEC62;DENND1B;MCM6;OCIAD2;FYTTD1;LSM5;MSMO1;SYTL2;RPP40;LEPROTL1;ZNF91;BOLA3;SAR1B;LEMD3;ACTR6;FAM98A;CDC42SE2;SAR1A;TRAK2;PURA;COBLL1;TMEM14B;RNGTT;FAM107B;SMARCA5;VPS37A;VBP1;ZNF146;GART;PCMTD1;DNAJB14;THNSL1;USO1;PTPN4;RRM1;NUP54;IFT74;DYNLT3;YEATS4;AGL;MTF2;UBLCP1;LYRM7;SCOC;RPS6KA5;PRKAA1,"[215, 262, 345, 573, 979, 1471, 2369, 3097, 3150, 3284, 3433, 3652, 3804, 4093, 4431, 4688, 4846, 5189, 5218, 5443, 5713, 6042, 6068, 6260, 6648, 6828, 6969, 7547, 7602, 7686, 7776, 7900, 7968, 8306, 8329, 8354, 8592, 8604, 8690, 8805, 8934, 9238, 9563, 9837, 9905, 10138, 10238, 10319, 10322, 10396, 10544, 10569, 10633, 10651, 10708, 10952, 11009, 11026, 11048, 11135, 11264, 11455, 11458, 11651, 11996, 12070, 12180, 12221, 12422, 12425, 12484, 12635, 12679, 12773, 12881, 12894, 13132, 13211, 13605, 13718, 13773, 13926, 14068, 14388, 14502, 14761, 14770, 14793, 14876, 14975, 15027, 15204, 15242, 15272, 15446, 15483, 15685, 16336, 16607]",c7.vax__THAKAR_PBMC_INACTIVATED_INFLUENZA_AGE_70PLS_NONRESPONDER_2DY_UP
c7.vax,FRANCO_BLOOD_SANOFI_PASTEUR_SA_INACTIVATED_INFLUENZA_VACCINE_CORRELATED_WITH_ANTIBODY_RESPONSE_AGE_18_40YO_14DY_NEGATIVE,prerank,-0.2214061920412405,-0.695412703464882,0.9092702169625246,0.9551770610867969,1.0,8_25,8/25,27.25%,IRX1;NEXN;FARP2;TIPRL;DUSP5;ZNF146;RTF1;SPATA13,ITPRIPL2;GPBAR1;PTPN6;EPPK1;NPC2;RXRG;RBMX2;AKAP7;DNASE1L1;KCMF1;NAPA;STAC2;PRR14L;BDKRB1;MUC6;KDM2B;VSX2;SPATA13;RTF1;ZNF146;DUSP5;TIPRL;FARP2;NEXN;IRX1,"[1050, 1276, 2040, 2626, 2760, 3203, 6123, 6296, 6695, 7208, 7401, 7476, 8625, 9088, 9732, 9947, 11449, 12746, 12939, 13773, 14554, 14703, 15034, 16482, 16877]",c7.vax__FRANCO_BLOOD_SANOFI_PASTEUR_SA_INACTIVATED_INFLUENZA_VACCINE_CORRELATED_WITH_ANTIBODY_RESPONSE_AGE_18_40YO_14DY_NEGATIVE
c7.vax,NAKAYA_MYELOID_DENDRITIC_CELL_FLUARIX_FLUVIRIN_AGE_18_50YO_7DY_DN,prerank,-0.198487231635298,-0.9399793049162941,0.6510204081632653,0.9570485061038365,1.0,106_253,106/253,36.60%,HBB;KCNE1;KRT5;SLC14A2;TCP11L1;SFRP1;GAS7;CES2;PLCB1;MFSD6;OPA1;ATP8A1;DMXL2;PJA2;PANK3;SIDT1;RCOR3;KIF2A;ZNF3;EPS15;ZNF93;ATF7IP;ZBTB25;DLG1;SNRPN;RAB11FIP2;PHKB;CD47;BRWD1;ARL4C;IDS;MAP4K5;PIK3C3;MAP9;SRP72;SNX1;CENPF;DLAT;CCNJ;PIK3R4;COX11;IL1RAP;SIRT5;PDHB;PTPN11;ZNF589;MDM2;YLPM1;MAN1A2;INSIG1;TRAF5;ARHGEF9;TTC3;ING3;CCND2;UBE2G1;LRBA;DHX29;CENPN;SEMA4D;RTF1;TGOLN2;MRPS18B;CDC42BPA;SORD;TAB1;ARHGAP26;ORC5;LRRFIP2;CHD8;NR3C1;TINF2;GTPBP8;SAR1A;MXRA7;NIF3L1;C2CD3;ICOSLG;CAMSAP1;ZC3H15;MPHOSPH9;COPS2;EIF2S1;ITGB1;ANKRD17;SLC44A1;TOX4;SLC35D1;AFF4;AMMECR1;KDM5A;NUP88;PRDM2;SMARCA4;TMCO6;ZFC3H1;DIAPH2;CASK;ZC3H14;NEK1;RIOK3;DHX9;CDHR5;CD164;MEF2D;N4BP2L2,CXCR4;HIGD1B;CEBPD;LILRA5;EZR;MAPKAPK2;AQP3;MFNG;PUS3;PPP2R1B;EHBP1L1;DBN1;BCL2;SWAP70;SLC26A2;U2AF2;DVL1;RRM2;HES1;GNA13;TLR6;BIRC5;PKP2;CC2D1A;ST20;AKAP8L;IL13RA1;CTSA;SLC7A1;SCARB1;CKS1B;NCKIPSD;TRAF3IP3;NF2;QTRT1;DUS1L;PRDX1;LDLR;POLG;HAUS5;BLNK;JUP;WDR1;USB1;SF3A2;CBL;SSRP1;UBXN1;ZNF609;PHEX;NOP14;PARVB;PEPD;RPS6KA4;PPIL6;TAF6;PTGIR;CTSB;POP5;PTPN12;KLHL22;SMAD3;FOXN3;OTUD4;RNF24;RRBP1;EIF5B;MLX;PRCC;DAB2;ARL3;UCHL3;ATP2B4;TCF20;TK2;RAB11B;SSBP2;MORC3;PDLIM5;PIGC;CHD4;IPO8;SUMO3;OTUB1;IDH3G;TXNL4A;PAK2;CHST10;PPP2R5D;ZNF331;PSMD11;ITGB3;CDK4;PHC1;TOMM22;MSL1;LAMP1;VEZF1;ARHGEF7;SLCO3A1;AUTS2;SLC39A8;GPN1;SNURF;CBFA2T2;HADH;PRR14L;MTMR1;SCCPDH;TBC1D13;RPP25;MTMR10;INO80D;PRKACA;CLN8;TCF4;GLTP;STX6;HK1;HNRNPC;GPD1L;EXT2;SRGAP3;HIF1AN;PHTF1;DMD;HUWE1;CDYL;ATP6V0A1;MAU2;ENOX2;PFAS;RNF146;FAS;TXLNG;SMC6;TBK1;AGPAT3;NME6;ARNT;TFDP2;GLS;KLHL7;FNBP1;MGMT;GNB5;OTUD3;N4BP2L2;MEF2D;CD164;CDHR5;DHX9;RIOK3;NEK1;ZC3H14;CASK;DIAPH2;ZFC3H1;TMCO6;SMARCA4;PRDM2;NUP88;KDM5A;AMMECR1;AFF4;SLC35D1;TOX4;SLC44A1;ANKRD17;ITGB1;EIF2S1;COPS2;MPHOSPH9;ZC3H15;CAMSAP1;ICOSLG;C2CD3;NIF3L1;MXRA7;SAR1A;GTPBP8;TINF2;NR3C1;CHD8;LRRFIP2;ORC5;ARHGAP26;TAB1;SORD;CDC42BPA;MRPS18B;TGOLN2;RTF1;SEMA4D;CENPN;DHX29;LRBA;UBE2G1;CCND2;ING3;TTC3;ARHGEF9;TRAF5;INSIG1;MAN1A2;YLPM1;MDM2;ZNF589;PTPN11;PDHB;SIRT5;IL1RAP;COX11;PIK3R4;CCNJ;DLAT;CENPF;SNX1;SRP72;MAP9;PIK3C3;MAP4K5;IDS;ARL4C;BRWD1;CD47;PHKB;RAB11FIP2;SNRPN;DLG1;ZBTB25;ATF7IP;ZNF93;EPS15;ZNF3;KIF2A;RCOR3;SIDT1;PANK3;PJA2;DMXL2;ATP8A1;OPA1;MFSD6;PLCB1;CES2;GAS7;SFRP1;TCP11L1;SLC14A2;KRT5;KCNE1;HBB,"[50, 129, 312, 324, 669, 941, 1057, 1233, 1471, 1640, 1796, 1869, 1935, 2042, 2127, 2229, 2240, 2378, 2380, 2456, 2518, 2532, 2695, 2790, 2897, 3049, 3069, 3149, 3153, 3216, 3424, 3473, 3481, 3826, 3928, 3975, 4033, 4047, 4164, 4200, 4333, 4440, 4639, 4737, 4740, 4760, 4860, 4906, 4913, 5120, 5186, 5204, 5299, 5452, 5493, 5499, 5656, 5660, 5716, 5746, 5782, 5959, 5960, 5969, 6031, 6372, 6540, 6547, 6664, 6756, 6774, 6792, 6804, 6876, 6885, 6992, 7059, 7104, 7105, 7138, 7181, 7191, 7222, 7255, 7270, 7533, 7541, 7646, 7655, 7658, 7748, 7794, 7809, 7840, 8023, 8055, 8103, 8158, 8272, 8343, 8377, 8507, 8558, 8579, 8599, 8617, 8625, 8658, 8670, 8671, 8725, 8977, 8984, 8995, 9132, 9193, 9271, 9287, 9406, 9545, 9552, 9607, 9668, 9717, 9735, 9797, 9846, 9926, 9981, 10014, 10071, 10233, 10296, 10342, 10369, 10414, 10517, 10522, 10551, 10553, 10563, 10601, 10735, 10852, 10857, 10890, 11004, 11107, 11119, 11137, 11194, 11224, 11232, 11301, 11307, 11332, 11352, 11488, 11515, 11525, 11572, 11674, 11737, 11742, 11775, 11779, 11878, 11908, 11910, 11941, 11948, 11953, 12007, 12183, 12212, 12315, 12391, 12400, 12405, 12484, 12493, 12519, 12532, 12548, 12552, 12567, 12568, 12654, 12758, 12814, 12892, 12930, 12939, 12957, 12967, 13113, 13146, 13212, 13238, 13294, 13391, 13406, 13474, 13508, 13551, 13570, 13617, 13780, 13915, 13916, 14049, 14062, 14073, 14188, 14212, 14214, 14326, 14328, 14505, 14562, 14671, 14771, 14810, 14821, 14838, 14865, 14988, 15039, 15060, 15116, 15175, 15216, 15275, 15283, 15313, 15450, 15580, 15603, 15637, 15660, 15728, 15757, 15789, 15992, 15994, 16144, 16432, 16533, 16856, 17000, 17270, 17326, 17414]",c7.vax__NAKAYA_MYELOID_DENDRITIC_CELL_FLUARIX_FLUVIRIN_AGE_18_50YO_7DY_DN
c7.vax,NAKAYA_MONOCYTE_FLUARIX_FLUVIRIN_AGE_18_50YO_7DY_UP,prerank,-0.18895948436618565,-0.752716463401157,0.9492600422832981,0.9663583081315874,1.0,11_78,11/78,13.15%,FLT3;NPR3;RBM3;EGR1;BTAF1;TRMT11;SLC38A1;GPR75;SRD5A1;AAK1;ATF7IP,BCL3;FCER1A;CD300A;SIGLEC9;MAPKAPK2;CDC14A;IER5;ZNF692;SLC10A1;PPP1R15A;XPO1;ST20;FKBP8;ARAP3;CD22;P2RY14;INSR;MDFIC;SIRT3;ID2;UNC45A;SPIN2A;SPIN2B;HMGA1;PRMT2;NRIP2;RFXANK;ASNS;DLG5;ALK;ITIH2;RNF24;MYL5;CLN5;MTMR3;MCM3;SEL1L3;GBE1;WWP2;UBE2H;OGT;BET1;TARDBP;SUGP2;BCL11A;RAB3GAP1;MED6;ZFP64;SMC6;SPTBN1;FUBP1;CCL4;SNCA;SNAPC5;S100PBP;AVL9;FAM149B1;NFX1;UEVLD;COBLL1;SMC5;PRKCI;RBM12B-AS1;TRIM37;SCAF11;DUSP10;OXCT1;ATF7IP;AAK1;SRD5A1;GPR75;SLC38A1;TRMT11;BTAF1;EGR1;RBM3;NPR3;FLT3,"[332, 722, 812, 934, 941, 1167, 1186, 1363, 1762, 2264, 2418, 2897, 2926, 3144, 3309, 3460, 3939, 4015, 4257, 4384, 4412, 4955, 4968, 5375, 5378, 5487, 5643, 5694, 5758, 5774, 5984, 6031, 6808, 7421, 7432, 7471, 7843, 8500, 8519, 8570, 8676, 8741, 9089, 9215, 9457, 9960, 10034, 10176, 10414, 10461, 10463, 10797, 10807, 10917, 11906, 11985, 12079, 12227, 12595, 12773, 13143, 13632, 13680, 13827, 14085, 14136, 14447, 15216, 15234, 15326, 15431, 15469, 16126, 16734, 17016, 17131, 17408, 17410]",c7.vax__NAKAYA_MONOCYTE_FLUARIX_FLUVIRIN_AGE_18_50YO_7DY_UP
c7.vax,ANDERSON_BLOOD_CN54GP140_ADJUVANTED_WITH_GLA_AF_AGE_18_45YO_6HR_UP,prerank,0.20581939289036366,0.6554985018122859,0.953307392996109,0.9674512387966385,1.0,3_30,3/30,9.37%,RAPSN;CCR2;NFKBIZ,RAPSN;CCR2;NFKBIZ;OTP;RASSF6;MYOF;ZFYVE27;RPN2;AP1M2;TAF15;PHAX;TMSB4X;FAM200A;SLC25A51;CREB1;CIAO1;PCYOX1;C4orf3;SPTY2D1;SLU7;PTGR2;RAB18;SLC4A4;ING3;ATG3;UFSP2;KRR1;PTPRO;LYPLAL1;IPP,"[426, 711, 1641, 3324, 4087, 5210, 6349, 6616, 7329, 8122, 8892, 8993, 9330, 9567, 9625, 10302, 10352, 10795, 11229, 11407, 11704, 12855, 13005, 13294, 13487, 14119, 14155, 14674, 15419, 16084]",c7.vax__ANDERSON_BLOOD_CN54GP140_ADJUVANTED_WITH_GLA_AF_AGE_18_45YO_6HR_UP
c7.vax,DHIMAN_PBMC_ATTENUVAX_AGE_15_25YO_SUBQ_7_OR_14DY_UP,prerank,-0.2482116853192183,-0.8831551839066036,0.6617954070981211,0.9708320867878962,1.0,17_44,17/44,23.40%,PLK4;COL8A1;PROCR;PLS3;RNASE1;RYR2;RPGRIP1L;MAGI1;ASPA;SLC11A2;ADAM9;EEA1;BCAS2;EPM2AIP1;PIGL;UBE2V2;ZSCAN12,UPK1A;MAGEC1;CIITA;GATA3;UNC119;SLC19A1;S1PR1;ASCL1;SMARCD2;MATN3;SGK1;YES1;BBC3;HNRNPAB;FCHO1;COBL;SPIN2A;PFN1;PSMD3;ABCG1;TST;F2R;ATF2;CKMT2;GIGYF2;ITGB1BP1;UBE2N;ZSCAN12;UBE2V2;PIGL;EPM2AIP1;BCAS2;EEA1;ADAM9;SLC11A2;ASPA;MAGI1;RPGRIP1L;RYR2;RNASE1;PLS3;PROCR;COL8A1;PLK4,"[52, 435, 815, 951, 1131, 1962, 1972, 2072, 3283, 3358, 3436, 3581, 3828, 4405, 4554, 4937, 4955, 5977, 6063, 7448, 7708, 7732, 8026, 9710, 10020, 10194, 12640, 13419, 13442, 13662, 13781, 13841, 14101, 14459, 14916, 15225, 15371, 15380, 15613, 16286, 16291, 16717, 17046, 17216]",c7.vax__DHIMAN_PBMC_ATTENUVAX_AGE_15_25YO_SUBQ_7_OR_14DY_UP
c7.vax,ERWIN_COHEN_BLOOD_VACCINE_TC_83_AGE_23_48YO_VACCINATED_VS_CONTROL_2DY_DN,prerank,0.20825673304940234,0.6577699613436928,0.9436893203883495,0.9713036622639893,1.0,5_27,5/27,14.54%,FCER1A;GRAMD1C;STEAP4;IGF1R;THBD,FCER1A;GRAMD1C;STEAP4;IGF1R;THBD;SGK1;IRS2;ITM2A;TP53INP1;RUNX2;GPR27;PIGX;ABAT;FCHO2;SH3YL1;CAMK1D;BRI3BP;RRAGD;KBTBD7;PDZD8;DIP2A;DPY19L3;TMCC3;CEP68;FRY;STXBP5;RNF141,"[722, 1214, 1358, 2274, 2546, 3436, 4288, 5805, 5872, 6869, 7228, 8540, 9591, 10126, 10592, 11313, 11476, 12348, 12358, 12576, 12769, 13739, 13927, 14687, 15346, 16009, 16211]",c7.vax__ERWIN_COHEN_BLOOD_VACCINE_TC_83_AGE_23_48YO_VACCINATED_VS_CONTROL_2DY_DN
c7.vax,HOFT_PBMC_TICE_BCG_RBCG_AG85A_AG85B_AGE_18_40YO_CORRELATED_WITH_WHOLE_BLOOD_BACTERICIDAL_ACTIVITY_NEGATIVE,prerank,0.18011126858986204,0.6130986212494323,0.9820359281437125,0.9742355114219409,1.0,9_36,9/36,22.87%,CST7;TGFBR3;SH2D1B;CD247;PRF1;ADCY9;COLQ;RASGEF1A;FGFBP2,CST7;TGFBR3;SH2D1B;CD247;PRF1;ADCY9;COLQ;RASGEF1A;FGFBP2;CACNA2D2;PHLDB2;PRSS23;CCL5;PDGFD;ATP2B4;FCRL6;NMUR1;IGFBP3;GNLY;HOPX;MCTP2;GZMB;FRMPD3;KLRF1;SPIRE1;YPEL1;GZMH;SLC4A4;ELOVL6;KLRB1;NKG7;AGAP1;IL12RB2;SYNE1;PRR5L;IL2RB,"[291, 870, 1076, 2961, 2997, 3108, 3414, 3900, 4005, 4871, 4901, 5059, 5546, 6282, 6804, 6857, 7172, 7422, 8051, 8803, 9481, 9864, 10916, 11397, 11470, 12124, 12153, 13005, 13603, 14129, 15287, 15521, 15565, 15752, 15878, 16545]",c7.vax__HOFT_PBMC_TICE_BCG_RBCG_AG85A_AG85B_AGE_18_40YO_CORRELATED_WITH_WHOLE_BLOOD_BACTERICIDAL_ACTIVITY_NEGATIVE
c7.vax,THAKAR_PBMC_INACTIVATED_INFLUENZA_AGE_21_30YO_RESPONDERS_7DY_UP,prerank,0.12215489840556416,0.6243343840818524,1.0,0.9756161691110304,1.0,70_587,70/587,17.99%,MZB1;CKS2;UBE2C;MOB4;GZMM;IGLL1;PDZK1IP1;STIP1;SLC43A3;NAPSA;ADORA2A;ARL6IP4;SLC38A2;HSPH1;SLA;SASH3;KLRD1;CCDC117;CD52;BTLA;HSPD1;HSP90AA1;MANF;STK38;GRAP2;CDKN2C;ARHGAP15;HSPE1;CISH;CES1;PUS3;MGAT1;TAGLN2;SDF2L1;GIMAP5;LMAN2L;BST2;ORAI1;LY6G6F;LSM10;PLEKHO2;CHI3L2;IFI27L2;FXR1;DBI;NDUFA13;PAPOLA;PDIA4;CD160;S1PR4;CRYZ;RPS19BP1;GTF2E2;CXCL5;NT5DC2;RABAC1;GNB2;SAC3D1;CCT3;RPS27L;GP1BA;RPL13;ITGA2B;FAM117B;AKAP8L;CCDC167;FKBP2;DNAJC3;SARNP;ROMO1,MZB1;CKS2;UBE2C;MOB4;GZMM;IGLL1;PDZK1IP1;STIP1;SLC43A3;NAPSA;ADORA2A;ARL6IP4;SLC38A2;HSPH1;SLA;SASH3;KLRD1;CCDC117;CD52;BTLA;HSPD1;HSP90AA1;MANF;STK38;GRAP2;CDKN2C;ARHGAP15;HSPE1;CISH;CES1;PUS3;MGAT1;TAGLN2;SDF2L1;GIMAP5;LMAN2L;BST2;ORAI1;LY6G6F;LSM10;PLEKHO2;CHI3L2;IFI27L2;FXR1;DBI;NDUFA13;PAPOLA;PDIA4;CD160;S1PR4;CRYZ;RPS19BP1;GTF2E2;CXCL5;NT5DC2;RABAC1;GNB2;SAC3D1;CCT3;RPS27L;GP1BA;RPL13;ITGA2B;FAM117B;AKAP8L;CCDC167;FKBP2;DNAJC3;SARNP;ROMO1;SS18L2;SMARCD2;SH2D1A;EMC6;PMVK;ARMC7;TMX1;MRPS31;STAT5A;ABCC4;SEC61A1;TMEM106C;CDC26;TNFRSF17;COX7C;TMED9;MRPL27;RPL14;ZNF32;GCC1;CHCHD4;SH3BP5L;CYTIP;NDUFB7;ITM2C;COX17;GNAI3;NDUFAF2;UBE2T;SIRT1;ZMPSTE24;MRPL12;DAD1;FXR2;LRR1;CFDP1;IFI27L1;OST4;LEPR;CALR;ZNF428;ZFYVE21;ZNF263;RPL23A;NECAP2;TXNDC11;PDS5A;NDUFA8;SLC35C1;MSL3;CGGBP1;RPL7;PFDN5;WDR33;PANK2;MRPL51;SYS1;TOR3A;PPP2R5A;PARVB;LARP4;CLPTM1L;MLEC;LMO4;RPL23;CCT8;GIMAP7;LSM1;KIAA2013;GRWD1;HSP90B1;MRPL14;NFE2L1;PRMT1;PRDX5;PDIA6;ITM2A;MPDU1;CNOT6;APTX;KRCC1;CANT1;COX14;GPR65;FAM133B;PSMG4;PSMB5;SEC61B;NDUFS5;HDDC2;UAP1;BLCAP;TAF7;RPL26L1;UBL5;ASNSD1;HAX1;NIPBL;SMAP1;CTTN;SURF4;LRRN3;PCNA;TTC1;COX6C;FGFR1OP2;BIRC2;TEX30;UPF2;SF3B5;TATDN2;TMED3;MCUR1;CCT6A;SNRPG;ABI1;SSR4;CCT2;PREB;PEF1;NUDT1;UBE2Z;SRPRB;PITHD1;DNPH1;BLOC1S1;SWI5;KDELR2;KDM1A;OGDH;C2orf74;CWF19L2;ZBTB33;IPO8;TCAIM;CERS6;IMPA1;COX16;HINT1;TXNRD1;TRIAP1;SETDB2;CLN5;DERL1;NDUFA4;POMP;SUPT3H;BLOC1S5;ST13;PHF5A;AFTPH;UQCRB;EIF3E;CD244;MEA1;ARF5;SIVA1;DCP2;MRPL36;YTHDF2;CPNE3;MKRN2;CDK4;DPH5;SEL1L3;C1orf43;HSPA8;LDHB;NDUFA6;ASF1A;TXNDC17;DNAJC7;NUDT5;SSR1;TUBA4A;SAMD9;CISD2;ZNF480;VEZF1;PSMC1;ACOT13;SPCS2;ODC1;PSMD8;RALA;ETFA;GLUD1;CEBPZ;RBX1;ACAT1;MRPL15;RSL24D1;RPL39L;MRPL48;XRN1;BAK1;MRPL1;TP53RK;RPN1;SRP68;MRPL11;SEC11C;PIGF;PNPLA8;DNAJB11;GPN1;COPS5;CEPT1;USP7;PSMD10;PPM1B;GGCT;ZFR;ZNF586;NDUFB2;RDH14;PPIL1;HOPX;AIDA;STT3A;RMI1;PAICS;HDAC2;ZNF845;RSBN1;PARP1;MRPS33;FAM13B;TMEM101;MRPL54;HAT1;GGPS1;PDS5B;IFNAR1;ATP6V1D;TMEM208;NCOA3;ATP11B;MRPL46;COIL;AHCY;TRA2B;ZNF816;ICMT;POLR3K;RAB8B;RPA2;RAB33B;CETN3;NDUFB3;RAB5C;SLC25A4;PPAT;SERBP1;EIF3D;ZNF613;ARL6IP1;DNAJA2;MED31;ATP8B4;MRPL50;PRMT5;SHOC2;RBM39;TOMM5;UBE2J1;GNL3;CPEB3;CMPK1;XRCC6;TCEAL8;SNX14;METAP2;HBQ1;MSH6;VCPIP1;PRPF40A;MGAT2;USP38;MBNL1;PPIH;RNF181;DR1;CEP350;TRMT12;ABHD10;PUM2;RAP2A;NIN;THOC2;USP1;C6orf47;RWDD1;PRDX4;AP1S1;TRAM1;CANX;NAA38;ZNF148;CISD1;THEMIS;LSM3;PHF14;FIS1;YTHDF3;GOLGB1;GLO1;RPRD1A;NDUFS4;DCTPP1;IAH1;GRSF1;MRPL24;MKKS;COX7B;PEBP1;DENND1B;FH;RNF20;COPS4;ELL2;GANAB;CMC2;SDHAF1;AGPAT1;VPS41;COQ5;DYRK4;MATR3;OCIAD2;FYTTD1;LSM5;NUDT2;EEF1E1;NDUFA10;TRIP12;MRPS23;SLC40A1;YWHAG;TIMM8B;TMED2;KPNA3;KLRF1;EFR3A;MRPS18C;NME1;RPP40;UTP14A;TMX2;PDE12;FOXN2;RFX7;GORASP2;RABGAP1L;ZNF91;MRPL35;BNIP3;DDX1;CASP3;EIF3A;ZCCHC17;AP2B1;SLC30A7;VPS35;ITGB1;SRP19;EIF2S1;MYNN;ELP6;PKIA;GMFB;BOLA3;SLC25A26;ARCN1;STYX;TTC19;IPO11;GZMH;LEMD3;PPIG;PSMC2;ACTR6;SPNS3;RAP1B;CSE1L;RNF14;CUL4B;FAM98A;CDC42SE2;AK2;EDEM3;RPF2;MAGEH1;CAPZA2;TM9SF3;TRAK2;MCTS1;GDI2;REEP5;COBLL1;ACADM;EXOC6;CRBN;ACBD3;SMIM19;HSDL2;MBNL2;RNGTT;RAB5A;TOR1A;VMA21;IDH2;GSKIP;MDH1;PPIL3;DDX50;ARL5A;WDFY1;HMGCR;SLAIN1;FAM107B;ARMC1;SLMAP;SMARCA5;UQCRC2;SUPT16H;PSIP1;WDR7;SPCS3;CPSF3;BPNT1;KBTBD8;VPS37A;VBP1;DSTN;ZNF322;MIS18BP1;MDP1;ZNF146;CDC42;SUB1;TMEM141;CALU;CLCN3;DCUN1D4;ITGB3BP;PIGN;PTPN11;GART;CAV1;CNPY2;FEN1;NRIP1;MAN2A1;HDHD2;ZNF451;KLRB1;MEF2C;TDG;NET1;TOP2B;GPX7;DNAJB14;SLAMF7;HGD;FRG1;OCA2;FBXO4;TXNDC5;SLC35A5;UBE3A;RPA3;CHCHD7;ALCAM;USO1;PTPN4;RRM1;GM2A;NOC3L;TICAM2;PRIM1;MAD2L1;DYNLT3;CMSS1;PIGK;DDX18;AGL;MRPS17;IFT27;ARPP19;GTF2H5;LRPPRC;TXNDC9;SCOC;NOMO2;MYCBP2;ERCC6L2;PLRG1;RPAP3;SMC4;FAR1;PDE5A;MYL9;SLC30A9;HSD17B8;ZNF281;DNAJC10;HLTF;HMGCS1;ENDOD1;MYB;UBASH3B;CMTM5;IER3IP1;GZMA;CD38;HBB,"[75, 262, 304, 329, 341, 373, 388, 418, 429, 442, 456, 505, 573, 718, 734, 758, 759, 791, 830, 979, 987, 996, 1077, 1120, 1150, 1222, 1319, 1341, 1417, 1470, 1471, 1488, 1537, 1576, 1583, 1605, 1831, 1837, 1963, 2030, 2053, 2100, 2101, 2139, 2198, 2220, 2239, 2283, 2369, 2389, 2469, 2479, 2556, 2588, 2616, 2676, 2698, 2787, 2859, 2875, 2904, 2917, 2928, 2965, 3049, 3097, 3111, 3122, 3137, 3150, 3227, 3283, 3378, 3462, 3529, 3566, 3568, 3659, 3694, 3712, 3753, 3754, 3756, 3818, 3856, 3872, 4058, 4093, 4121, 4139, 4190, 4201, 4243, 4250, 4272, 4311, 4315, 4337, 4342, 4365, 4421, 4422, 4424, 4475, 4499, 4548, 4560, 4582, 4592, 4607, 4713, 4720, 4750, 4751, 4775, 4796, 4802, 4832, 4873, 4889, 4957, 4984, 5007, 5037, 5048, 5102, 5137, 5160, 5176, 5204, 5218, 5301, 5323, 5402, 5443, 5451, 5480, 5522, 5576, 5592, 5669, 5670, 5680, 5708, 5750, 5789, 5805, 5904, 5920, 5935, 5940, 5946, 5998, 6067, 6068, 6110, 6153, 6228, 6257, 6297, 6299, 6300, 6323, 6327, 6344, 6345, 6357, 6381, 6384, 6390, 6448, 6481, 6509, 6569, 6573, 6620, 6635, 6648, 6657, 6679, 6710, 6749, 6754, 6765, 6769, 6770, 6863, 6900, 6907, 6913, 6942, 6944, 6969, 7019, 7047, 7058, 7100, 7101, 7109, 7124, 7141, 7152, 7164, 7191, 7194, 7202, 7223, 7324, 7390, 7394, 7399, 7416, 7421, 7456, 7461, 7485, 7523, 7547, 7563, 7565, 7570, 7589, 7600, 7682, 7711, 7719, 7722, 7734, 7756, 7772, 7777, 7799, 7809, 7815, 7843, 7864, 7892, 7900, 7901, 7968, 8046, 8052, 8076, 8106, 8107, 8115, 8140, 8157, 8158, 8182, 8188, 8200, 8236, 8266, 8290, 8301, 8302, 8306, 8332, 8340, 8355, 8365, 8368, 8371, 8372, 8374, 8379, 8396, 8422, 8427, 8443, 8448, 8470, 8480, 8549, 8558, 8564, 8565, 8571, 8584, 8604, 8630, 8649, 8666, 8682, 8685, 8761, 8803, 8805, 8815, 8820, 8829, 8857, 8880, 8882, 8903, 8907, 8992, 9010, 9014, 9028, 9047, 9055, 9159, 9167, 9176, 9202, 9203, 9207, 9208, 9224, 9238, 9254, 9268, 9325, 9347, 9373, 9381, 9389, 9420, 9421, 9429, 9447, 9494, 9497, 9519, 9532, 9559, 9563, 9572, 9580, 9589, 9609, 9610, 9647, 9655, 9684, 9685, 9690, 9692, 9760, 9766, 9800, 9808, 9859, 9872, 9899, 9900, 9905, 9907, 9977, 10004, 10029, 10066, 10070, 10072, 10087, 10117, 10127, 10136, 10138, 10154, 10166, 10203, 10224, 10225, 10226, 10244, 10281, 10319, 10322, 10349, 10392, 10394, 10413, 10438, 10458, 10465, 10476, 10511, 10536, 10542, 10562, 10588, 10672, 10690, 10708, 10746, 10758, 10770, 10814, 10818, 10865, 10870, 10897, 10898, 10905, 10931, 10979, 11009, 11026, 11048, 11094, 11128, 11158, 11185, 11211, 11228, 11283, 11289, 11303, 11304, 11397, 11410, 11433, 11445, 11455, 11462, 11496, 11517, 11547, 11570, 11597, 11644, 11651, 11657, 11691, 11718, 11745, 11772, 11774, 11810, 11902, 11933, 11941, 11942, 11948, 11958, 11962, 11975, 11994, 11996, 12010, 12088, 12116, 12127, 12131, 12153, 12180, 12187, 12195, 12221, 12226, 12286, 12352, 12377, 12382, 12422, 12425, 12490, 12492, 12494, 12587, 12590, 12625, 12635, 12647, 12693, 12738, 12773, 12793, 12800, 12820, 12848, 12866, 12882, 12884, 12894, 12909, 12970, 12971, 12981, 12985, 13000, 13065, 13073, 13090, 13095, 13105, 13116, 13132, 13170, 13194, 13211, 13322, 13381, 13430, 13521, 13549, 13567, 13568, 13589, 13605, 13718, 13724, 13752, 13755, 13769, 13773, 13775, 13814, 13825, 13838, 13865, 13871, 13888, 13906, 13915, 13926, 13967, 13976, 13981, 14013, 14040, 14103, 14108, 14129, 14202, 14247, 14325, 14358, 14364, 14388, 14391, 14504, 14516, 14527, 14553, 14592, 14601, 14621, 14624, 14640, 14739, 14761, 14770, 14793, 14858, 14874, 14963, 14964, 14997, 15027, 15038, 15066, 15143, 15242, 15292, 15309, 15315, 15408, 15522, 15548, 15685, 15708, 15731, 15750, 15769, 15776, 15839, 16087, 16130, 16189, 16206, 16234, 16304, 16422, 16538, 16564, 16759, 17052, 17123, 17194, 17224, 17331, 17344, 17414]",c7.vax__THAKAR_PBMC_INACTIVATED_INFLUENZA_AGE_21_30YO_RESPONDERS_7DY_UP
c7.vax,VAN_DEN_BIGGELAAR_PBMC_PREVNAR_9MO_INFANT_STIMULATED_VS_UNSTIMULATED_8MO_UP,prerank,-0.24914102893980292,-0.9431105341041783,0.5580448065173116,0.9760887741608597,1.0,21_59,21/59,23.94%,DUSP4;PSG5;ITGA2;AQP7;NUF2;NEK2;RHO;CLSPN;IL12RB2;NEIL3;MCM4;EXO1;CENPF;FAM90A1;CHAF1B;MTFR2;PBK;ELOVL6;IDI2;HTR1A;PRC1,SIX1;KIF14;CDC45;IL9;DIAPH3;APOL4;IL18R1;FOXM1;GBP6;CD274;SERPING1;AURKB;MLC1;C1S;OSM;GBP5;KIF15;CDCA2;TICRR;GBP4;NUSAP1;TRIP13;ARHGAP11A;RAD51;ZBTB32;FGL2;CIT;GNLY;E2F8;TNFSF4;CDK1;CKAP2L;ARHGEF39;AURKA;OR2T8;BUB1B;SHC4;RP1L1;PRC1;HTR1A;IDI2;ELOVL6;PBK;MTFR2;CHAF1B;FAM90A1;CENPF;EXO1;MCM4;NEIL3;IL12RB2;CLSPN;RHO;NEK2;NUF2;AQP7;ITGA2;PSG5;DUSP4,"[63, 413, 881, 995, 1230, 1285, 1289, 1317, 1330, 2015, 2181, 2257, 2598, 3007, 3455, 4474, 4545, 4927, 4997, 5220, 5329, 5938, 6164, 6244, 6747, 6896, 7160, 8051, 8471, 8505, 8675, 9742, 9743, 9855, 10167, 10680, 12289, 12764, 13325, 13346, 13591, 13603, 13950, 13957, 14171, 14233, 14326, 14514, 14691, 15158, 15565, 16166, 16416, 16512, 16632, 16743, 16779, 17383, 17470]",c7.vax__VAN_DEN_BIGGELAAR_PBMC_PREVNAR_9MO_INFANT_STIMULATED_VS_UNSTIMULATED_8MO_UP
c7.vax,NAKAYA_MYELOID_DENDRITIC_CELL_FLUARIX_FLUVIRIN_AGE_18_50YO_7DY_UP,prerank,-0.16767135067597272,-0.8241570034988365,0.9650655021834061,0.9775690039329822,1.0,145_364,145/364,34.44%,RCAN3;AMY2A;TARBP1;HLA-DOB;LANCL1;MTR;BTAF1;WSB1;ANKHD1;CD226;RASGRP1;ATR;SECISBP2L;RBM25;ZNF629;ITPR1;GSAP;PLA2G4C;TIA1;SENP6;SMC4;GOLT1B;MAN2A2;OPN3;MAP7;ZNF557;SRD5A1;LYRM9;PSME4;XRCC4;SLC20A2;CAMKK2;AKAP9;SLC35D2;CREB5;NBN;SLC11A2;SNRPA1;NOC3L;USP4;BRWD1;USP9X;MTRR;ATF6;CEP68;TRAPPC11;ZBTB20;PKD2;STX12;DHDDS;PTBP2;ATP9B;PHIP;CITED2;CYB5A;STK39;NFATC2IP;DEPDC5;LONP2;OSBPL3;CREG1;TAF1B;RAD17;GTF2H1;TRIM33;GSK3B;PHTF2;MED7;ACLY;STX18;RBFA;MDM2;AMY2B;NSG1;RCBTB1;GON4L;SPTLC1;SCAPER;ZMYM4;CALM1;P2RY13;SMC5;TUBB3;YTHDC2;ZDHHC6;PTPN22;ST8SIA4;CBR1;ZNF544;RNGTT;ARFGEF2;ACBD3;MYH10;CLPX;MTMR2;CEP57;ADAM19;GPR107;NECAP1;MCTS1;TRAK2;SSBP1;CPD;ATP6V1B2;LRRFIP2;SLC39A6;PRPSAP1;ATMIN;SETDB1;ERAP1;CSE1L;AASDHPPT;SFN;LEMD3;FUS;EXOSC9;SPAG9;RALGAPB;COPS8;C10orf88;METTL22;TMEM41B;ASXL2;FBXO21;FIP1L1;EIF2S1;ITGB1;OVCA2;FNTA;TP53BP1;LMBRD1;UBE2K;BCAP29;ERP44;RABGAP1L;RETSAT;ATP7A;PITPNA;RFX5;NUP50;GABBR1;SLC33A1;CCDC59;DNAJC16;VWA5A,PLA1A;LAT;SOCS3;NCF1;RUNX3;FGR;TCIRG1;CEBPB;TNIP2;LILRA2;IFITM2;LY96;SLA;GADD45B;KLF2;FLT3LG;SIGLEC9;LRCH4;STK38;CDC14A;BTG1;TACC3;SAMD4A;RGCC;SULT1A3;NOTCH2;LYL1;SLC30A1;TCF3;NADK;ARL4A;SOAT1;NOL12;NXT1;CAB39L;PTPN9;JUN;NCK2;SULT1A2;IL1B;RABAC1;SP100;HIC2;NTAN1;TRIM28;ITGAX;RASSF1;SAP30;LRP5L;FPR3;MZT2B;TCP1;AHCYL2;P2RY14;SRRM2;TFIP11;ECI1;LMBR1L;PACS1;TAPBP;BAIAP2;PKNOX1;POLR1C;MSRB2;ATF3;GNAI3;MUTYH;KLC2;ATF5;TNFAIP8;RAF1;SH3GL1;TOMM34;ZBTB22;MAN2C1;CCP110;SCAF4;TMED5;PDE4A;DTNA;SNX11;SPIN2A;GNAS;SLC4A3;TSEN34;SLFN12;DPH1;IRF2;WDR59;ZNF35;ADAP1;COX5B;MLEC;PFKL;UBE2I;PELO;OSGIN2;GBP1;THADA;OTUD4;HPS1;KDELR1;MAST2;FOXP1;SRSF7;NIPBL;SMAP1;FDFT1;RHOT1;IFFO1;ATG9A;ISG20L2;NADSYN1;UBQLN2;NCK1;HSPBAP1;AHCTF1;CCDC86;ZCCHC10;SOCS6;TCF20;BAG6;SEPHS1;IFIH1;AMFR;LDOC1;EXOSC2;PDLIM5;TRIB2;TRIAP1;CCL3;POLA1;CHD3;TXNL4A;MAPK14;AKAP13;TAF10;PKP4;TBC1D9B;ZNF225;DCAKD;ACOT11;SRSF10;CYB5R3;SF3A1;LAMP1;SPNS1;RCHY1;UBN1;URI1;PRPF39;RANBP9;PCGF3;ZFR;MDH2;FAM13B;CYB5B;CTNND1;TBCE;UPP1;POLR3K;PLEKHA5;ACSL1;SOD2;SULT1A1;RPA2;ACTN4;VDAC1;TWF1;MECP2;UBAP2L;SMYD2;GNAQ;VPS33B;TRAPPC12;ATG13;MAP1LC3B;SUN1;FKBP11;FDPS;TSC22D2;ZXDB;FNBP1L;RPGR;PAXBP1;PARP4;HSPA9;STK38L;SGCE;PUM2;HNRNPA0;RAP2A;SF1;ZNF410;ZFP64;BAZ2B;NLRP3;EXOC3;RNF19B;METAP1;ELOVL5;BTN2A1;EML4;NUP43;ASB13;FN3KRP;IQSEC1;ALG13;CD72;LARP4B;ANKHD1-EIF4EBP3;TTLL5;ABCC1;N4BP2L2;FKBP15;RIOK3;KPNA3;CCNG2;RAP2C;VWA5A;DNAJC16;CCDC59;SLC33A1;GABBR1;NUP50;RFX5;PITPNA;ATP7A;RETSAT;RABGAP1L;ERP44;BCAP29;UBE2K;LMBRD1;TP53BP1;FNTA;OVCA2;ITGB1;EIF2S1;FIP1L1;FBXO21;ASXL2;TMEM41B;METTL22;C10orf88;COPS8;RALGAPB;SPAG9;EXOSC9;FUS;LEMD3;SFN;AASDHPPT;CSE1L;ERAP1;SETDB1;ATMIN;PRPSAP1;SLC39A6;LRRFIP2;ATP6V1B2;CPD;SSBP1;TRAK2;MCTS1;NECAP1;GPR107;ADAM19;CEP57;MTMR2;CLPX;MYH10;ACBD3;ARFGEF2;RNGTT;ZNF544;CBR1;ST8SIA4;PTPN22;ZDHHC6;YTHDC2;TUBB3;SMC5;P2RY13;CALM1;ZMYM4;SCAPER;SPTLC1;GON4L;RCBTB1;NSG1;AMY2B;MDM2;RBFA;STX18;ACLY;MED7;PHTF2;GSK3B;TRIM33;GTF2H1;RAD17;TAF1B;CREG1;OSBPL3;LONP2;DEPDC5;NFATC2IP;STK39;CYB5A;CITED2;PHIP;ATP9B;PTBP2;DHDDS;STX12;PKD2;ZBTB20;TRAPPC11;CEP68;ATF6;MTRR;USP9X;BRWD1;USP4;NOC3L;SNRPA1;SLC11A2;NBN;CREB5;SLC35D2;AKAP9;CAMKK2;SLC20A2;XRCC4;PSME4;LYRM9;SRD5A1;ZNF557;MAP7;OPN3;MAN2A2;GOLT1B;SMC4;SENP6;TIA1;PLA2G4C;GSAP;ITPR1;ZNF629;RBM25;SECISBP2L;ATR;RASGRP1;CD226;ANKHD1;WSB1;BTAF1;MTR;LANCL1;HLA-DOB;TARBP1;AMY2A;RCAN3,"[101, 152, 158, 306, 371, 382, 437, 464, 565, 572, 633, 686, 734, 762, 811, 883, 934, 984, 1120, 1167, 1239, 1320, 1352, 1356, 1536, 1705, 1861, 1863, 1891, 1916, 1948, 2002, 2061, 2095, 2197, 2281, 2405, 2527, 2568, 2654, 2676, 2704, 2713, 2865, 2993, 2994, 3020, 3104, 3233, 3317, 3374, 3387, 3439, 3460, 3575, 3603, 3609, 3625, 3761, 3865, 3922, 4045, 4063, 4223, 4249, 4315, 4341, 4394, 4489, 4544, 4575, 4604, 4615, 4645, 4708, 4805, 4823, 4847, 4897, 4949, 4951, 4955, 5066, 5097, 5122, 5131, 5140, 5196, 5212, 5240, 5243, 5276, 5323, 5478, 5531, 5619, 5682, 5727, 5944, 5969, 6005, 6238, 6290, 6316, 6320, 6381, 6384, 6431, 6436, 6442, 6461, 6533, 6558, 6559, 6604, 6605, 6622, 6623, 6698, 6712, 6876, 6948, 6954, 7032, 7057, 7065, 7093, 7105, 7361, 7399, 7409, 7433, 7439, 7533, 7542, 7606, 7618, 7621, 7637, 7775, 7785, 7958, 8053, 8060, 8102, 8103, 8193, 8275, 8325, 8433, 8474, 8479, 8537, 8649, 8938, 8992, 9007, 9109, 9124, 9229, 9325, 9326, 9364, 9365, 9370, 9373, 9398, 9443, 9463, 9465, 9468, 9475, 9500, 9522, 9581, 9606, 9680, 9694, 9714, 9750, 9837, 9847, 9910, 9946, 9982, 9995, 10002, 10076, 10083, 10087, 10108, 10117, 10118, 10122, 10176, 10208, 10212, 10213, 10253, 10309, 10315, 10449, 10559, 10633, 10684, 10765, 10768, 10928, 10987, 10996, 11006, 11016, 11096, 11107, 11210, 11232, 11304, 11389, 11419, 11486, 11489, 11500, 11535, 11537, 11560, 11605, 11606, 11610, 11612, 11644, 11750, 11811, 11818, 11836, 11845, 11856, 11938, 11941, 11948, 11963, 12011, 12071, 12119, 12132, 12143, 12146, 12147, 12159, 12162, 12178, 12180, 12219, 12262, 12352, 12354, 12362, 12488, 12527, 12529, 12552, 12573, 12586, 12616, 12635, 12647, 12673, 12677, 12696, 12736, 12747, 12766, 12774, 12848, 12850, 12894, 12984, 13032, 13038, 13052, 13064, 13069, 13101, 13143, 13259, 13283, 13292, 13344, 13396, 13422, 13448, 13563, 13615, 13617, 13672, 13699, 13765, 13808, 13895, 13944, 13991, 13999, 14061, 14075, 14117, 14124, 14142, 14165, 14232, 14241, 14314, 14327, 14365, 14437, 14453, 14573, 14584, 14603, 14620, 14631, 14687, 14709, 14756, 14784, 14838, 14866, 14874, 14904, 14916, 14935, 15011, 15113, 15184, 15193, 15223, 15282, 15302, 15317, 15326, 15361, 15415, 15434, 15449, 15682, 15839, 15885, 16053, 16080, 16122, 16164, 16221, 16235, 16462, 16480, 16548, 16551, 16705, 16707, 16734, 16816, 16883, 17030, 17060, 17417, 17489]",c7.vax__NAKAYA_MYELOID_DENDRITIC_CELL_FLUARIX_FLUVIRIN_AGE_18_50YO_7DY_UP
c7.vax,TSANG_PBMC_FLUVIRIN_PANDEMRIX_ADULT_CORR_WITH_CELL_FREQ_CD27HI_CD38HI_CD20_NEG_PLASMABLASTS_AND_CD38PLUS_OF_IGD_CD27PLUS_MEM_B_CELLS_7DY_POSITIVE,prerank,-0.2190807798749391,-0.8356415511464146,0.7660818713450293,0.9794472882016623,1.0,19_64,19/64,25.61%,CD38;TYMS;KLHL14;TSHR;SHCBP1;MYO1D;FBXO16;PARM1;MANEA;HSPA13;ERLEC1;MTDH;CAV1;PBK;SUB1;SPCS3;KIF11;ZBP1;CHEK1,CCNA2;TRAM2;PLK1;ARHGAP42;PHGDH;XBP1;HSPA5;CHAC2;KCNN3;PDIA4;RRM2;NT5DC2;TOP2A;TNFRSF17;ITM2C;MKI67;B4GALT3;HSP90B1;TP53INP1;FBXO5;SPATS2;UAP1;RAB30;MAGED1;SEL1L3;BHLHE41;SEC11C;CDK1;PIM2;APOBEC3B;MEI1;IRF4;UBE2J1;SEC24A;LMAN1;GPRC5D;DENND5B;ELL2;GLCCI1;BUB1;DTL;CCNB2;SLC44A1;TPD52;MAN1A1;CHEK1;ZBP1;KIF11;SPCS3;SUB1;PBK;CAV1;MTDH;ERLEC1;HSPA13;MANEA;PARM1;FBXO16;MYO1D;SHCBP1;TSHR;KLHL14;TYMS;CD38,"[750, 1064, 1157, 1215, 1281, 1799, 2084, 2145, 2196, 2283, 2378, 2616, 2999, 3818, 4272, 4334, 4540, 5669, 5872, 5948, 5958, 6299, 7502, 7631, 7843, 8040, 8448, 8675, 8896, 8966, 9318, 9586, 9655, 9733, 9969, 10189, 10347, 10814, 11058, 11204, 11495, 11568, 11908, 12197, 12602, 13033, 13120, 13224, 13549, 13814, 13950, 13967, 13974, 14205, 14216, 14428, 15141, 15792, 16289, 16442, 16748, 17090, 17252, 17344]",c7.vax__TSANG_PBMC_FLUVIRIN_PANDEMRIX_ADULT_CORR_WITH_CELL_FREQ_CD27HI_CD38HI_CD20_NEG_PLASMABLASTS_AND_CD38PLUS_OF_IGD_CD27PLUS_MEM_B_CELLS_7DY_POSITIVE
c7.vax,HOFT_CD4_POSITIVE_ALPHA_BETA_MEMORY_T_CELL_BCG_VACCINE_AGE_18_45YO_56D_TOP_100_DEG_AFTER_IN_VITRO_RE_STIMULATION_UP,prerank,-0.30942758288193695,-0.8882631663795096,0.6391752577319587,0.9826511280981886,1.0,3_19,3/19,13.19%,ANKRD36C;ZNF93;PHF20L1,DAPP1;ZDHHC11;METTL17;TNFAIP8L1;TUBD1;TMEM70;SNRNP25;UBE2Z;PTMA;IFT20;PI16;GPKOW;CA5B;COPS2;LUC7L3;SBDS;PHF20L1;ZNF93;ANKRD36C,"[3322, 3517, 3920, 4389, 5851, 6495, 6499, 6944, 7036, 7288, 7977, 8464, 10947, 11953, 12580, 13165, 15209, 15275, 17161]",c7.vax__HOFT_CD4_POSITIVE_ALPHA_BETA_MEMORY_T_CELL_BCG_VACCINE_AGE_18_45YO_56D_TOP_100_DEG_AFTER_IN_VITRO_RE_STIMULATION_UP
c7.vax,NAKAYA_MYELOID_DENDRITIC_CELL_FLUMIST_AGE_18_50YO_7DY_DN,prerank,-0.15829922097972002,-0.7549801602727688,0.9920634920634921,0.984694339907404,1.0,82_253,82/253,31.00%,TENM1;PCYOX1L;IFI44;SP140;ZNF155;ZNF264;ZNF337;AKAP6;SFRP1;DDX60;ENPP2;FBXO7;CES2;BCAT1;STAT1;SMC4;INSM1;OASL;NR4A3;RCOR3;XPO4;PTK2;MASP2;MAP7;NPAT;ATF7IP;CUL5;OGFOD3;NOC3L;KRT86;PEX7;KMO;CPPED1;PIK3C3;CCR6;ZNF706;NIPSNAP1;DDX19A;ELMO2;SPATA2L;MTMR4;MTPAP;ZNF589;ZNF211;TM2D1;NUP153;SLC48A1;TOE1;MDM2;NAA40;FXN;PSIP1;FBXW7;ZSCAN12;HMGN4;ASAP2;MAL;SYPL1;DUOX1;ARIH1;SOX4;PDCD2;PTCD3;RGL1;KRAS;COBLL1;CLPX;XPO6;GPR107;NR3C1;SAR1A;NCAPG;NUP37;SRRD;ERAP1;ICOSLG;PLA2G7;RALGAPB;KPNA2;TMEM41B;DZIP3;SMARCA2,G0S2;BAG3;NFKB2;LAT;ADAMTS2;CASP4;TCF7L1;RAB20;VEGFA;CDK10;TNFRSF25;KIF1C;SMAGP;TICAM1;KIAA0040;LY6G5C;TFEC;MID1;SZRD1;TFF3;DDB2;RAB27A;NAA16;ZBTB40;CREM;CD22;FLOT1;ZBTB17;STAT3;RING1;TFIP11;LMBR1L;UBE2B;QDPR;PRKD1;SLC7A11;TMEM106C;IL15;SMAD4;E2F5;TMEM147;MSRB2;CCDC92;SLC25A20;ZNF672;CLEC11A;CDR1;AGRN;CPT1A;SEC31B;TAF1C;ZNF821;SNRNP35;JAK3;CRAT;IGF2R;PPARD;DTNA;WAC;MMP11;PPM1D;MYOF;SIAH1;C9orf78;GNPDA1;LMO4;SNRPB;TCF7L2;GBP1;UBTF;APPL2;PCDHGC3;PTRH2;PBX2;ALDH6A1;GLRX2;XPNPEP3;AKIP1;PTTG1;SRSF7;RCN1;NRP1;NUAK2;SNUPN;ABL1;TMEM50B;ARMC9;CASP9;ZMIZ2;IFIH1;TSPAN13;RS1;PDLIM5;DUT;CRTC3;PIK3CA;MALT1;PCIF1;TRIB2;EI24;RAB28;RRP1B;ELK3;CRIPT;SAE1;APOBEC3F;ZFX;ABCF2;BNIP1;XRCC1;COPB1;TRIM38;SPNS1;SLC29A1;POLR2C;GEMIN2;GBE1;LY75;ZBTB18;OGT;YAF2;UBXN7;NDEL1;PJA1;SRI;TTBK2;PRKRIP1;LPAR1;ACSL1;RANBP6;TCEAL2;NCAM1;SLC25A24;VRK3;POLR3D;MAP1A;G6PC3;KPNA6;SENP5;ARFGAP2;ATP2C1;SF1;ZFP64;PIGG;AMZ2;EP400;PSEN2;TMCO1;CDK5R1;HEMK1;TFRC;KLHL7;CMC2;CHUK;MRPS10;CLCN5;GOT1;FAM120A;MRS2;APOBEC3G;C2orf68;CHN2;ARHGAP1;KPNA3;ZC3H14;DCAF7;TTLL3;DGKE;ENTPD4;ASAH1;IFIT5;SMARCA2;DZIP3;TMEM41B;KPNA2;RALGAPB;PLA2G7;ICOSLG;ERAP1;SRRD;NUP37;NCAPG;SAR1A;NR3C1;GPR107;XPO6;CLPX;COBLL1;KRAS;RGL1;PTCD3;PDCD2;SOX4;ARIH1;DUOX1;SYPL1;MAL;ASAP2;HMGN4;ZSCAN12;FBXW7;PSIP1;FXN;NAA40;MDM2;TOE1;SLC48A1;NUP153;TM2D1;ZNF211;ZNF589;MTPAP;MTMR4;SPATA2L;ELMO2;DDX19A;NIPSNAP1;ZNF706;CCR6;PIK3C3;CPPED1;KMO;PEX7;KRT86;NOC3L;OGFOD3;CUL5;ATF7IP;NPAT;MAP7;MASP2;PTK2;XPO4;RCOR3;NR4A3;OASL;INSM1;SMC4;STAT1;BCAT1;CES2;FBXO7;ENPP2;DDX60;SFRP1;AKAP6;ZNF337;ZNF264;ZNF155;SP140;IFI44;PCYOX1L;TENM1,"[1, 15, 127, 152, 321, 394, 550, 698, 930, 1121, 1360, 1477, 1877, 2008, 2331, 2361, 2463, 2534, 2687, 2699, 2801, 2940, 2956, 3062, 3086, 3309, 3404, 3500, 3562, 3602, 3603, 3625, 3667, 3696, 3703, 3745, 3754, 3762, 3853, 3936, 4140, 4223, 4284, 4310, 4358, 4468, 4473, 4482, 4523, 4661, 4696, 4725, 4726, 4746, 4768, 4804, 4819, 4949, 5043, 5090, 5105, 5210, 5242, 5311, 5339, 5402, 5464, 5609, 5727, 5770, 5871, 5909, 6012, 6091, 6124, 6140, 6246, 6283, 6319, 6320, 6329, 6343, 6412, 6458, 6536, 6614, 6845, 6927, 7021, 7032, 7035, 7075, 7105, 7211, 7226, 7246, 7292, 7321, 7361, 7429, 7473, 7530, 7544, 7613, 7680, 7721, 7729, 7800, 7847, 7926, 8170, 8176, 8193, 8271, 8390, 8413, 8500, 8551, 8576, 8676, 8848, 8932, 8973, 8974, 9101, 9147, 9149, 9309, 9364, 9372, 9451, 9462, 9478, 9498, 9675, 9700, 9768, 9778, 9883, 9943, 10052, 10118, 10176, 10206, 10236, 10251, 10351, 10396, 10566, 10673, 10683, 10735, 10865, 10904, 10920, 10943, 10970, 10974, 11011, 11087, 11121, 11184, 11300, 11304, 11307, 11640, 11689, 11752, 11838, 11946, 12020, 12089, 12110, 12119, 12142, 12147, 12277, 12315, 12354, 12399, 12436, 12441, 12484, 12532, 12677, 12713, 12766, 12773, 12990, 12999, 13049, 13051, 13059, 13062, 13094, 13152, 13217, 13270, 13395, 13419, 13420, 13430, 13505, 13602, 13617, 13626, 13695, 13715, 13719, 13738, 13780, 13806, 13829, 13847, 13853, 13934, 14270, 14293, 14555, 14671, 14733, 14746, 14781, 14817, 14874, 15076, 15156, 15216, 15301, 15415, 15416, 15420, 15511, 15580, 15706, 15788, 15817, 15839, 16067, 16088, 16144, 16187, 16259, 16525, 16533, 16560, 16565, 16581, 16655, 16684, 16698, 16764, 16867]",c7.vax__NAKAYA_MYELOID_DENDRITIC_CELL_FLUMIST_AGE_18_50YO_7DY_DN
c7.vax,THAKAR_PBMC_INACTIVATED_INFLUENZA_AGE_21_30YO_RESPONDERS_28DY_UP,prerank,-0.19630041304818757,-0.9653909776508836,0.5753424657534246,0.9864849275840931,1.0,125_391,125/391,31.13%,HBA2;MPL;HBD;MEIS1;HBA1;SRBD1;CD226;POC1B;KLHL28;MTPN;PPP1R14A;DNM3;C1GALT1;CD8B;FAXDC2;HSD17B12;AKAP11;ZNF189;MFSD6;ZNF559;MAP3K7CL;VRK1;OSBPL8;PLCL2;ABCE1;PPP1R2;CLK4;KIF2A;UBLCP1;GFM1;NUCKS1;MTF2;MMD;HBG2;SLC35B3;YEATS4;SMC2;IDI1;BMI1;CCSER2;CLIC4;LAPTM4B;ATP9A;MYLK;NUP54;CHM;ZNF17;NUDT21;PAIP2;ORC3;MTMR6;COPG2;TPM1;OSBP2;SRP72;PHIP;SPC25;PSMA3;ANKRD13A;ECHDC1;SERINC1;EIF1AX;PCMTD1;MRPL3;CENPK;MTDH;PGRMC1;TMEM30A;BCLAF1;ZFAND1;TSPAN9;ADK;C2orf88;UBE2V2;ISCA1;HMGN4;LCLAT1;PIK3R1;XK;ING3;ASAP2;GIN1;ANAPC10;LRBA;DHX29;CCDC91;MSANTD3;UBQLN1;SOX4;PTPN22;ST8SIA4;SH3BGRL2;AGFG1;MFSD1;CCDC65;RBM27;RNF138;TMEM14B;CNOT7;C1GALT1C1;SUZ12;ABLIM3;PURA;SPAST;PCMT1;SSBP1;UBP1;MRPL42;CPD;PDCD10;HMGB1;ALG5;DOCK11;PRKAB2;UBE2E1;PTGER4;THOC7;NMD3;RAB11A;ZC3H15;TBC1D15;COPS8;TBCA;RNF11;AMD1,CELA1;SMOX;PTCRA;MYL4;GMPR;F13A1;CLDN5;VASP;PDLIM1;PIM1;ESAM;ANAPC16;GYPC;ITGB5;AQP10;BMP6;STOM;GIMAP2;SCGB1C1;DLEU1;IRF2BP2;VWF;BCL2;GNA12;CHSY1;GPR160;MAX;FLI1;NCK2;CBFB;TREML1;IRF2BPL;ANTXR2;CTDSPL;RIT1;BCL2L1;BAX;IFRD1;NDUFV2;PTGES3;TNNC2;RPL34;ABCC3;G3BP1;TBPL1;GTF3A;LAX1;NFIB;RGS18;OSBPL11;DYNLL1;CCNG1;TSC22D1;PCDHGB6;MFHAS1;DCAF12;TOMM7;GLRX;SERP1;MEX3C;HECA;KIFC3;TMEM126A;NOSIP;RPS3A;SOD1;CREBRF;DPY30;TMED5;FBXO33;ACRBP;MFAP1;RBM34;MRPL21;ITGAE;SLITRK4;TUBA3D;ZNF318;RGS10;EPC1;PTPN12;CCDC6;PRDX6;NT5M;TP53INP1;FOXN3;FRMD3;CCDC34;NSA2;CAMLG;CALD1;TAPT1;AKAP7;INTS8;UBQLN2;NCK1;AHCTF1;PTGS1;IVNS1ABP;DAB2;NKRF;UCHL3;CDKN2AIP;TSTD1;STAG2;TC2N;GPR183;PTMA;RAD21;MAP3K1;DEK;MGLL;OPTN;CDV3;NAP1L1;RPA1;ATP6V1G1;RIOK2;SRSF1;INTS6;LARP7;TIMM9;UGCG;WTAP;STAP1;C1orf198;ZCCHC7;YIPF4;PSMA4;UBE2Q2;ITGB3;FKBP3;GRB14;YWHAH;MAST4;GPBP1;MRPL47;INPP4B;YBEY;PRPF18;CGRRF1;NDUFAB1;RPS6KB1;TCF12;RBBP7;COPB1;NRGN;PROS1;EMC3;TMEM14A;RYBP;ERH;GTF2F2;TMEM158;GALNT1;STRADB;KLRC2;CAST;TNFSF4;SLC39A8;UBE2D2;PSMA2;FHL2;VDAC3;NUCB2;RCAN1;TNPO1;COX7A2L;PHAX;TMEM123;CCNB1IP1;NXT2;MORF4L1;RB1CC1;ATG5;SAP18;MAP3K7;RAB10;LIMS1;EBAG9;YPEL5;ANKRD12;MAT2B;FUNDC1;RAB21;ZBTB4;ETF1;CCDC90B;OSTM1;CLEC2D;CD3G;SP3;MRPS28;METTL23;ADPRM;ADD3;ALG6;IGF2BP2;SRSF3;TSC22D2;LAMP2;SPARC;PTEN;BMPR2;C12orf76;PSMD14;PRNP;RPL15;ZBTB8OS;ALOX12;BAZ2B;C6orf62;NT5C3A;TM9SF2;DNAJB9;EIF4G2;CORO1C;NPTN;JKAMP;CYP4V2;TBK1;ACSBG1;ERGIC2;PSMC6;TMEM140;KLHL9;ARL6IP5;SEC62;NGDN;ARFIP1;FEZ2;ARPC5;MTX2;MRPS35;ASB8;RDH11;SNCA;HIGD1A;ARL8B;HPGD;PAQR8;GNB5;ANKRD46;CDC23;MMADHC;PI4K2B;GOPC;N4BP2L2;NELL2;LEPROT;ACVR1;DENR;DIAPH2;MRPL13;RNASEH2B;DNAJC15;LEPROTL1;CHD9;EEF1B2;FRYL;ENSA;NUP88;TAX1BP1;TLK1;SAMD14;FHL1;AMD1;RNF11;TBCA;COPS8;TBC1D15;ZC3H15;RAB11A;NMD3;THOC7;PTGER4;UBE2E1;PRKAB2;DOCK11;ALG5;HMGB1;PDCD10;CPD;MRPL42;UBP1;SSBP1;PCMT1;SPAST;PURA;ABLIM3;SUZ12;C1GALT1C1;CNOT7;TMEM14B;RNF138;RBM27;CCDC65;MFSD1;AGFG1;SH3BGRL2;ST8SIA4;PTPN22;SOX4;UBQLN1;MSANTD3;CCDC91;DHX29;LRBA;ANAPC10;GIN1;ASAP2;ING3;XK;PIK3R1;LCLAT1;HMGN4;ISCA1;UBE2V2;C2orf88;ADK;TSPAN9;ZFAND1;BCLAF1;TMEM30A;PGRMC1;MTDH;CENPK;MRPL3;PCMTD1;EIF1AX;SERINC1;ECHDC1;ANKRD13A;PSMA3;SPC25;PHIP;SRP72;OSBP2;TPM1;COPG2;MTMR6;ORC3;PAIP2;NUDT21;ZNF17;CHM;NUP54;MYLK;ATP9A;LAPTM4B;CLIC4;CCSER2;BMI1;IDI1;SMC2;YEATS4;SLC35B3;HBG2;MMD;MTF2;NUCKS1;GFM1;UBLCP1;KIF2A;CLK4;PPP1R2;ABCE1;PLCL2;OSBPL8;VRK1;MAP3K7CL;ZNF559;MFSD6;ZNF189;AKAP11;HSD17B12;FAXDC2;CD8B;C1GALT1;DNM3;PPP1R14A;MTPN;KLHL28;POC1B;CD226;SRBD1;HBA1;MEIS1;HBD;MPL;HBA2,"[225, 421, 509, 552, 555, 631, 781, 840, 843, 991, 1058, 1100, 1209, 1262, 1401, 1492, 1517, 1677, 1701, 1819, 1836, 1921, 1935, 2039, 2093, 2201, 2237, 2406, 2527, 2635, 2719, 2737, 2764, 2783, 2824, 2851, 2888, 2935, 2966, 2982, 3060, 3066, 3146, 3159, 3284, 3303, 3499, 3509, 3611, 3642, 3652, 3763, 3795, 3963, 4064, 4083, 4113, 4115, 4186, 4224, 4282, 4336, 4415, 4431, 4491, 4670, 4710, 4846, 4847, 4886, 5091, 5138, 5189, 5213, 5251, 5336, 5355, 5511, 5578, 5661, 5746, 5771, 5787, 5850, 5872, 5960, 6041, 6042, 6077, 6081, 6176, 6260, 6296, 6375, 6559, 6604, 6622, 6627, 6723, 6756, 6768, 6792, 6794, 6801, 6811, 6828, 7031, 7036, 7067, 7092, 7099, 7114, 7154, 7196, 7238, 7252, 7273, 7463, 7477, 7478, 7488, 7549, 7602, 7635, 7686, 7723, 7725, 7739, 7767, 7776, 7794, 7807, 7819, 7842, 7861, 7867, 7913, 7949, 7956, 7991, 8004, 8065, 8108, 8123, 8169, 8170, 8205, 8219, 8230, 8305, 8312, 8337, 8349, 8394, 8416, 8423, 8441, 8487, 8505, 8507, 8559, 8582, 8700, 8723, 8724, 8774, 8810, 8836, 8892, 8922, 8934, 8998, 9012, 9043, 9094, 9180, 9199, 9227, 9243, 9246, 9260, 9281, 9288, 9289, 9359, 9409, 9442, 9533, 9537, 9564, 9585, 9600, 9635, 9739, 9749, 9769, 9783, 9793, 9816, 9837, 9877, 9882, 9891, 9942, 10013, 10016, 10039, 10085, 10107, 10175, 10208, 10241, 10263, 10276, 10291, 10293, 10359, 10384, 10415, 10485, 10517, 10529, 10569, 10572, 10600, 10627, 10639, 10651, 10660, 10687, 10722, 10736, 10741, 10760, 10763, 10792, 10807, 10809, 10847, 10856, 10866, 10890, 10894, 10908, 10910, 11025, 11063, 11107, 11189, 11213, 11255, 11338, 11352, 11367, 11388, 11417, 11458, 11503, 11512, 11577, 11616, 11674, 11693, 11694, 11873, 11954, 12065, 12073, 12138, 12146, 12176, 12183, 12253, 12259, 12304, 12343, 12395, 12463, 12466, 12487, 12555, 12577, 12586, 12599, 12614, 12616, 12622, 12633, 12679, 12692, 12831, 12836, 12839, 12881, 12887, 12925, 12929, 12949, 12951, 13028, 13038, 13052, 13059, 13067, 13070, 13108, 13113, 13146, 13175, 13225, 13270, 13294, 13326, 13367, 13386, 13395, 13414, 13442, 13489, 13523, 13582, 13776, 13803, 13860, 13933, 13974, 14017, 14064, 14068, 14150, 14156, 14183, 14186, 14195, 14350, 14365, 14505, 14511, 14533, 14589, 14646, 14665, 14680, 14716, 14788, 14804, 14876, 14897, 14909, 14932, 14951, 15092, 15130, 15180, 15203, 15204, 15217, 15218, 15224, 15272, 15285, 15437, 15446, 15450, 15539, 15628, 15729, 15772, 15821, 15836, 15894, 15915, 15992, 16030, 16037, 16059, 16118, 16145, 16196, 16248, 16332, 16409, 16411, 16457, 16551, 16578, 16828, 17058, 17089, 17192, 17205]",c7.vax__THAKAR_PBMC_INACTIVATED_INFLUENZA_AGE_21_30YO_RESPONDERS_28DY_UP
c7.vax,FRANCO_BLOOD_SANOFI_PASTEUR_SA_INACTIVATED_INFLUENZA_VACCINE_CORRELATED_WITH_ANTIBODY_RESPONSE_AGE_18_40YO_1DY_NEGATIVE,prerank,-0.2651895236584479,-0.768267579923784,0.7833001988071571,0.9903855884335174,1.0,3_19,3/19,8.33%,STRIP2;NCALD;HSD17B12,CARHSP1;MXD4;EML3;FADD;CCDC92;NMNAT3;KLHL22;TOX2;ANKRD33;FKBP11;CXCR6;GLS;MEF2D;GMCL1;PIK3IP1;PRKDC;HSD17B12;NCALD;STRIP2,"[1441, 2086, 3147, 3465, 4284, 5353, 5782, 7616, 9410, 9714, 10133, 10601, 11119, 12858, 13111, 14728, 16059, 16146, 16869]",c7.vax__FRANCO_BLOOD_SANOFI_PASTEUR_SA_INACTIVATED_INFLUENZA_VACCINE_CORRELATED_WITH_ANTIBODY_RESPONSE_AGE_18_40YO_1DY_NEGATIVE
c7.vax,OVSYANNIKOVA_PBMC_FLUARIX_AGE_50_74YO_COMMON_WITH_BOTH_HAI_AND_VNA_28DY_VS_3DY_USED_IN_HAI_AND_VNA_RESPONSE_MODELS_DN,prerank,-0.27390751674620717,-0.7831376215757169,0.757700205338809,0.9940518601791303,1.0,4_17,4/17,19.96%,CRHBP;FOXP3;PARP2;STAG3,CEBPG;NEIL1;REC8;ELOVL7;TAPT1;RAD54B;MAN1B1;GSTM3;CS;DLG4;RAD51B;IL12A;POLL;STAG3;PARP2;FOXP3;CRHBP,"[1273, 1690, 3114, 4761, 6260, 7380, 8161, 8568, 8623, 8634, 11240, 11372, 12334, 14022, 14289, 16395, 17031]",c7.vax__OVSYANNIKOVA_PBMC_FLUARIX_AGE_50_74YO_COMMON_WITH_BOTH_HAI_AND_VNA_28DY_VS_3DY_USED_IN_HAI_AND_VNA_RESPONSE_MODELS_DN
c7.vax,NAKAYA_B_CELL_FLUARIX_FLUVIRIN_AGE_18_50YO_7DY_UP,prerank,-0.16534748939737587,-0.7992470394342037,0.9813278008298755,0.9943200710494914,1.0,141_334,141/334,37.69%,CD36;PYROXD1;ZNF226;ITGA4;PLN;DDX60;DNAJC10;LTN1;AMPD3;TBC1D3C;DCAF8;PDE5A;ZNF236;ANKMY1;MAK16;KLHDC10;ME2;KIDINS220;CNTNAP2;TBC1D3;GCOM1;TMEM260;PAK1;GTF2H5;ITFG1;LYRM9;YWHAQ;ZNF780B;DYNLT3;ZNF83;PHKB;MYO5A;FABP5;DNM1L;GK;USP4;GM2A;KRT86;PLXNC1;PEX7;EIF4E;ITCH;AIMP2;FBXO38;PSEN1;SYNJ2;TERF1;FUBP3;MCCC2;SLAMF7;TAF9B;CHKB-CPT1B;NET1;SAPCD1;AGPS;ZNF451;RAD50;RCN2;R3HDM1;FEN1;GART;CLCN3;ELMO2;SLC39A9;BECN1;YLPM1;OGFOD1;TOP3A;MICAL3;WSB2;M6PR;NFYA;MED1;TOR1A;GLYR1;MBNL2;CALM3;TTF1;CSNK2A1;ATP6AP2;PAK1IP1;HRK;PCMT1;KIN;ORC5;LRRFIP2;COPB2;ARMC8;SPIN1;FUCA1;GTPBP8;TM7SF3;ERAP1;IPO9;BBX;CYFIP2;THOC7;ATP6V1C1;AASDHPPT;COPS8;C10orf88;RNF11;CYLD;ANKFY1;EIF2S1;UTP14C;DENND4A;SUPT7L;PHF20;SLC35D1;ERP44;SLC20A1;NUP50;GABBR1;SEC31A;TMCO6;ATP1A1;UTP14A;CCNG2;NCOA4;ARF4;FBXO22;NFYB;FAHD2A;RIOK3;DET1;PFDN4;IPO5;EPHA4;ARF3;NAB1;APOBEC3G;PPP2CA;POLR2M;LARP4B;WNK1;IMP4;GPM6B;RPS6KC1;CDC16;SNAPC5,CELSR1;MT2A;MT1X;FGR;RELA;CPT1B;RNASE6;IKZF1;CTRL;CDK2AP2;RASA4B;CDC14A;TYMP;CEBPG;HHEX;RASA4;ANXA2;CHST11;SLC7A7;IL6R;ITGAL;SAMHD1;XBP1;ZCCHC8;TCF3;NADK;THSD1;MAP3K8;TNXB;PPP4C;TXLNA;U2AF2;PTPN9;PDIA4;IL21R;RRM2;PLIN3;GPX1;MILR1;GSTM4;BCL2L1;BAX;CD247;PASK;CLTB;BAZ1A;FLOT1;TPD52L2;PMVK;CD58;UBE2B;CCNG1;NPRL2;AP5Z1;GLRX;ZNF32;SHC1;NANS;TOR1B;SEC31B;RARA;PSMB1;ISG15;RNF113A;COPS6;SLFN12;DYNLT1;BLVRB;PLEKHJ1;UQCRQ;ATF6B;RABEP2;CRELD2;COX6A1;PDIA6;RRS1;OTUD4;DGUOK;PCBP2;WDR74;PGAP3;PBX2;KDELR1;GALNT10;MAST2;RAP2B;PEX5;ARFIP2;SERPINB1;PIP4K2B;ERCC1;RPN2;MYO9B;SMAD2;RPF1;MAML1;TERF2;DNAJB12;BLOC1S1;PTPN2;PRDX2;MTHFR;SPTSSA;OTUB1;TOP1;PELI2;HECTD3;ATF7IP2;ST13;TBC1D9B;CBX5;GYG1;SYNCRIP;NDUFC1;TBC1D10B;CPNE3;RBM19;BTN2A2;ETFDH;DHX16;BLMH;TBC1D3F;RANBP2;SF3B3;CYB5R3;IFIT1;DECR1;PPFIBP1;DESI2;SNRNP27;RANBP9;NDC80;PPP1R7;COPS5;RHEB;FTSJ1;DCTN2;AAMDC;NUCB2;C1QBP;PRKAG2;COA3;PAICS;HDAC2;PAIP1;UBR5;ANXA4;ASPH;CCNB1IP1;EIF4E2;GTF2A2;SNRPC;MNDA;LIMS1;ICMT;SOD2;AHR;ANXA6;UBXN2B;VPS33B;GPD1L;KCTD9;PRKCD;UBE2J1;TTI1;ZNF207;HEG1;ZNF780A;PSMD14;MED6;STK38L;RAP2A;BAZ2B;TIMM17A;POLE3;RNF19B;TM9SF2;MED8;CIAO1;ZNF117;PSMA6;SGCB;TMCO1;SNRNP200;GOLGB1;RPRD1A;SNAP29;GNB1;TBK1;MDC1;TALDO1;AIMP1;QKI;SNAPC5;CDC16;RPS6KC1;GPM6B;IMP4;WNK1;LARP4B;POLR2M;PPP2CA;APOBEC3G;NAB1;ARF3;EPHA4;IPO5;PFDN4;DET1;RIOK3;FAHD2A;NFYB;FBXO22;ARF4;NCOA4;CCNG2;UTP14A;ATP1A1;TMCO6;SEC31A;GABBR1;NUP50;SLC20A1;ERP44;SLC35D1;PHF20;SUPT7L;DENND4A;UTP14C;EIF2S1;ANKFY1;CYLD;RNF11;C10orf88;COPS8;AASDHPPT;ATP6V1C1;THOC7;CYFIP2;BBX;IPO9;ERAP1;TM7SF3;GTPBP8;FUCA1;SPIN1;ARMC8;COPB2;LRRFIP2;ORC5;KIN;PCMT1;HRK;PAK1IP1;ATP6AP2;CSNK2A1;TTF1;CALM3;MBNL2;GLYR1;TOR1A;MED1;NFYA;M6PR;WSB2;MICAL3;TOP3A;OGFOD1;YLPM1;BECN1;SLC39A9;ELMO2;CLCN3;GART;FEN1;R3HDM1;RCN2;RAD50;ZNF451;AGPS;SAPCD1;NET1;CHKB-CPT1B;TAF9B;SLAMF7;MCCC2;FUBP3;TERF1;SYNJ2;PSEN1;FBXO38;AIMP2;ITCH;EIF4E;PEX7;PLXNC1;KRT86;GM2A;USP4;GK;DNM1L;FABP5;MYO5A;PHKB;ZNF83;DYNLT3;ZNF780B;YWHAQ;LYRM9;ITFG1;GTF2H5;PAK1;TMEM260;GCOM1;TBC1D3;CNTNAP2;KIDINS220;ME2;KLHDC10;MAK16;ANKMY1;ZNF236;PDE5A;DCAF8;TBC1D3C;AMPD3;LTN1;DNAJC10;DDX60;PLN;ITGA4;ZNF226;PYROXD1;CD36,"[49, 145, 318, 382, 401, 602, 662, 693, 796, 890, 963, 1167, 1187, 1273, 1312, 1354, 1542, 1587, 1607, 1632, 1702, 1789, 1799, 1853, 1891, 1916, 1954, 2038, 2055, 2057, 2099, 2229, 2281, 2283, 2346, 2378, 2434, 2540, 2672, 2735, 2851, 2888, 2961, 2981, 3018, 3403, 3404, 3490, 3529, 3647, 3667, 3763, 3992, 4085, 4115, 4121, 4467, 4505, 4552, 4661, 4735, 4739, 4942, 5062, 5106, 5131, 5193, 5221, 5318, 5327, 5328, 5616, 5665, 5786, 5789, 5927, 5969, 5995, 5999, 6022, 6054, 6091, 6238, 6241, 6290, 6378, 6429, 6462, 6571, 6576, 6578, 6616, 6940, 6984, 7013, 7014, 7034, 7054, 7058, 7146, 7162, 7163, 7218, 7255, 7370, 7414, 7466, 7503, 7563, 7637, 7643, 7689, 7742, 7763, 7764, 7777, 7779, 7883, 7884, 7896, 7898, 7942, 8025, 8045, 8060, 8117, 8196, 8286, 8367, 8473, 8479, 8485, 8510, 8564, 8608, 8610, 8641, 8654, 8724, 8735, 8783, 8802, 8829, 8857, 8876, 8879, 8894, 8927, 8934, 8940, 8972, 9011, 9168, 9243, 9268, 9365, 9440, 9469, 9492, 9522, 9552, 9630, 9634, 9655, 9689, 9835, 9865, 9902, 10016, 10034, 10076, 10117, 10208, 10216, 10227, 10253, 10276, 10300, 10302, 10327, 10360, 10387, 10396, 10421, 10438, 10465, 10471, 10493, 10517, 10625, 10674, 10676, 10821, 10917, 10923, 10925, 10948, 10949, 10980, 10996, 11059, 11081, 11087, 11114, 11127, 11168, 11202, 11215, 11220, 11232, 11233, 11242, 11308, 11346, 11387, 11389, 11462, 11478, 11515, 11534, 11537, 11560, 11619, 11750, 11779, 11863, 11866, 11874, 11925, 11948, 11998, 12046, 12073, 12143, 12146, 12262, 12279, 12304, 12306, 12311, 12314, 12354, 12472, 12493, 12500, 12502, 12526, 12534, 12552, 12567, 12583, 12622, 12663, 12680, 12688, 12732, 12826, 12877, 12884, 12945, 12970, 12998, 13054, 13130, 13214, 13260, 13269, 13514, 13570, 13678, 13809, 13853, 13865, 13926, 13981, 13992, 14066, 14079, 14108, 14140, 14176, 14325, 14333, 14346, 14391, 14461, 14473, 14532, 14543, 14594, 14626, 14679, 14704, 14751, 14781, 14798, 14817, 14858, 14866, 14896, 14940, 14946, 14948, 14988, 15002, 15027, 15251, 15258, 15317, 15356, 15408, 15429, 15577, 15598, 15605, 15696, 15766, 15823, 15927, 15981, 16066, 16106, 16130, 16140, 16260, 16265, 16404, 16422, 16525, 16738, 16938, 16980, 17049, 17499]",c7.vax__NAKAYA_B_CELL_FLUARIX_FLUVIRIN_AGE_18_50YO_7DY_UP
c7.vax,NAKAYA_PBMC_FLUMIST_AGE_18_50YO_3DY_DN,prerank,-0.16391847347300906,-0.8377799401219931,0.9937106918238994,0.9989885832325714,1.0,212_631,212/631,32.98%,DUSP4;PLCXD2;MME;ANKRD33B;CAMK4;GPCPD1;GPRIN3;ZNF136;SLC12A6;MED14;RNF125;PRKAA1;NAF1;SECISBP2L;PDK1;PHACTR1;CD69;SC5D;RPS6KA5;TTC39B;WIPF1;ATG14;GPRASP1;PTP4A1;BOD1L1;SEPSECS;STXBP5;MAK16;TBRG1;CYP4F3;FUT8;RGPD8;SMC4;FBXO16;OPA1;ARMCX5;GCNT7;TP53INP2;PJA2;FASTKD2;RBM12;RCOR3;CLK4;RIF1;CCNH;CHD7;CSNK1A1;SCAF8;ANKRD28;ZDBF2;ARPP19;ERMN;PSME4;TAB3;JMJD1C;FAM209B;PHF20L1;DOCK4;USP16;SLC25A36;DICER1;SNX13;RNMT;STAM;RAB11FIP2;TNIK;PLAA;LITAF;NUP54;SIK3;NAP1L5;BRWD1;ARL4C;IDS;HSPA14;FAM76B;SFPQ;EIF4E;DIS3;C14orf28;GALNT3;TMX4;AREL1;UFM1;FUBP3;DPP8;PTBP2;CDK17;DIP2B;NUFIP1;TAF9B;NET1;TPP2;PIGB;PIK3C2A;STAMBPL1;SORL1;PSPC1;G2E3;SERINC1;HEXA;ZNF451;NDFIP1;RTN4;MGAT5;ZNF791;EIF4G3;GSK3B;DNAJC27;HIVEP1;TMCC3;CCDC66;PLK3;SCML1;FNBP4;SPATA2L;ZNF708;EBLN2;BCLAF1;UBL3;CDC42;ZNF211;POLR2D;NUP153;ADNP2;ZNF292;PPP6C;HMGXB4;GALC;CCNL1;SYAP1;TRIM23;TCP11L2;SUCO;PSIP1;ISCA1;PIK3R1;ATP2B1;WBP11;DCTN4;SLC9A8;SVIP;SLAIN1;MZT1;ARIH1;SON;PDP1;RGPD5;RFC1;KRAS;ENC1;RBM27;GABARAPL1;MBNL2;NDUFAF5;ZNF430;RAB18;SFSWAP;AP3M2;EIF2AK3;SPATA13;ANGEL2;TAF1D;TMEM135;BACH2;PDZD8;RNF38;B3GNT2;ARMC8;CAND1;SAR1A;RICTOR;ARIH2;NSMAF;ATXN1;TRAPPC10;SLC25A37;TMF1;CDK12;BBX;ATG16L1;NMD3;SFN;PLCL1;BORA;HABP4;ZC3H15;TBC1D15;EXOSC9;SPAG9;COPS8;TMEM41B;CYLD;CUL2;PTS;CSNK1G3;FBXO21;ZFP1;MYNN;SF3B1;NEDD1;SMN2;PPP3R1;DENND4A;CD28;PPM1A;SLC35D1;AFF4;EIF3A;DHX40;CASP3;ZEB1,DNAJB1;DDIT4;MAFF;HIC1;MKNK2;ZC3H12A;CHORDC1;RUNX3;RELA;METRNL;CEBPB;FAM209A;TRIM59;SESN2;SLC26A6;EZR;PBXIP1;RHOH;VEGFA;MAPKAPK2;GATA3;CDK11A;LATS2;DNAJA1;PER1;MTFP1;ZDHHC18;TNFAIP3;FOSL2;RGCC;CASS4;PPP1R3B;RBM38;GKAP1;LONRF3;CHST11;ZNF395;ZFP36L1;CHIC2;KIF25;MAF;ADAM8;CTDSP2;PHF1;IRF2BP2;LRP10;S1PR1;GMNN;CD59;DNAJB6;ABCA1;GJB6;NXT1;PMAIP1;ST7;IGF1R;KDM6B;NFKBID;KIF5B;GNA13;SMAD7;RELL1;HIC2;PPP4R2;GPR132;IFRD1;NDUFV2;SYTL3;CLTB;FOXO1;JUND;ARAP3;AKAP8;TMEM170A;STK35;YKT6;MEGF6;BCL7B;YES1;NFKBIB;TFIP11;ANKDD1A;UBE2B;HNRNPH3;ALKBH5;STK17A;CD44;LUC7L2;ZNF746;NTMT1;BRPF3;BHLHE40;FGFR1;GNAI3;RHBDD2;BCCIP;SIRT1;JAG1;MLF2;ARAF;MSI2;HBP1;RAF1;PATL1;CREBRF;RARA;MED21;CWC25;TXNDC11;PDS5A;ZBTB44;ZBTB2;CRY1;LMNA;ARID3B;SLC25A28;NDE1;PGS1;MIDN;WDR33;WAC;GNAS;PPM1D;SYS1;ABHD5;CLK1;RAE1;ZRANB1;CSNK1D;METTL16;RGPD6;KDM5C;IFNGR1;EPC1;OSGIN2;KDM3A;UBXN6;RBM33;RPS27;PNISR;PRKCH;ITM2A;KCTD2;APPL2;ASB6;CNOT6L;CANT1;FOXN3;KPNA5;PKN2;MSL2;NFRKB;DNAJC2;CSNK1E;ZHX1;JOSD1;SLAIN2;ZNF274;PDXDC1;ZNF317;FOXP1;ZFYVE27;SAMD4B;PPIL4;WIPF2;ZNF24;SURF4;XCL1;LYSMD3;TSPYL2;RRP12;FGFR1OP2;AHCTF1;RNF10;TEX30;JMY;IVNS1ABP;PIGA;MAP4K4;TGS1;ZNF518B;CNST;KLF3;SAP130;OTUD5;BCR;LRRFIP1;CWF19L2;IMPA1;PIK3CA;TMEM39A;LRPAP1;DDA1;BAZ2A;PCIF1;EP300;TOP1;PDIA3;WDR48;PELI2;PGRMC2;SUMO1;RELB;DERL1;ATP6V1H;KDM5B;CBX4;MED13;RAB30;ELK4;VCP;PI4K2A;PHF5A;THUMPD2;WTAP;POM121C;SREK1;MIER1;RBBP6;PHF10;ZFX;BSDC1;CDR2;PHC1;RMND5A;KBTBD2;FOXO3;RORA;GRPEL2;CGRRF1;ATAD2;RANBP2;SPTAN1;PPP4R1;TMPO;RPS6KB1;RYK;CISD2;CUL4A;SMN1;DDX20;BRAP;KAT6A;UNK;JARID2;PPFIBP1;FBXL3;CEBPZ;PDE4D;UBN1;NOP58;NCOA1;PRPF3;PNPLA8;SPOCK2;KPNA4;WWP2;EMC7;TIMM23;PPM1B;ZFR;STAG1;USP36;JAK1;TFB2M;DHRS13;FAF2;HNRNPL;BRD1;USP42;PAIP1;RSBN1;FAM210B;FBXO3;TVP23B;THUMPD3;INO80D;TBC1D25;RNF19A;BTG3;RB1CC1;TFG;ARID4A;CUL3;MAP3K2;ZNF12;WDR26;SEC22C;ATP11B;RASA2;ATL2;CEP95;ZFP91;RAB8B;POM121;POLR3E;NDUFAF7;MCPH1;MBIP;TWF1;UBAP2L;MCTP2;HNRNPC;HIPK1;RC3H1;RBM39;LCOR;MIER3;MAP1LC3B;CDK7;RRN3;FKBP11;PURB;METAP2;SIPA1L1;CDC73;TSC22D2;PDK3;NUP160;SNX9;WASL;SENP5;MPZL3;STT3B;USP38;FAM169A;EZH2;HERC3;HSPA9;KLHL24;GIGYF2;ZNF131;ZNF644;RIOK1;SENP2;PNO1;ZNF410;FBXO45;CHD2;RALGAPA2;SUPV3L1;RNF19B;BRD7;PHF3;ELOVL5;PPP2R5C;SNW1;NR1D2;QSOX1;ZNF507;SFXN1;MIS12;KIF1B;MYLIP;FUBP1;CHD1;NRBF2;ZNF567;EML4;TFDP2;CDC37L1;CIR1;KLHL9;GOLGA4;GGNBP2;ZBTB11;ZNF805;TACC1;DENND1B;FAM168B;TXNL1;THBS1;HNRNPD;TFAM;NAP1L3;ELL2;ABHD13;LRRC8C;PDCD4;DHX8;YTHDC1;MCM6;CWF19L1;DDX24;TBC1D23;TPCN2;MRPS22;OSBP;CAPZA1;PPP2CA;GTPBP1;MCM9;RNF103;CCNT1;PAFAH1B2;ATXN7;DENND6A;HOOK1;ZNF184;KPNA3;POLB;CRY2;PPP1R16B;AP1G1;MED23;KDM6A;LEPROTL1;CLDND1;ZFC3H1;RAPGEF2;PDE12;PPP1CB;NUP50;PRDM2;FRYL;RBM26;CDS2;METTL14;ESCO1;ZEB1;CASP3;DHX40;EIF3A;AFF4;SLC35D1;PPM1A;CD28;DENND4A;PPP3R1;SMN2;NEDD1;SF3B1;MYNN;ZFP1;FBXO21;CSNK1G3;PTS;CUL2;CYLD;TMEM41B;COPS8;SPAG9;EXOSC9;TBC1D15;ZC3H15;HABP4;BORA;PLCL1;SFN;NMD3;ATG16L1;BBX;CDK12;TMF1;SLC25A37;TRAPPC10;ATXN1;NSMAF;ARIH2;RICTOR;SAR1A;CAND1;ARMC8;B3GNT2;RNF38;PDZD8;BACH2;TMEM135;TAF1D;ANGEL2;SPATA13;EIF2AK3;AP3M2;SFSWAP;RAB18;ZNF430;NDUFAF5;MBNL2;GABARAPL1;RBM27;ENC1;KRAS;RFC1;RGPD5;PDP1;SON;ARIH1;MZT1;SLAIN1;SVIP;SLC9A8;DCTN4;WBP11;ATP2B1;PIK3R1;ISCA1;PSIP1;SUCO;TCP11L2;TRIM23;SYAP1;CCNL1;GALC;HMGXB4;PPP6C;ZNF292;ADNP2;NUP153;POLR2D;ZNF211;CDC42;UBL3;BCLAF1;EBLN2;ZNF708;SPATA2L;FNBP4;SCML1;PLK3;CCDC66;TMCC3;HIVEP1;DNAJC27;GSK3B;EIF4G3;ZNF791;MGAT5;RTN4;NDFIP1;ZNF451;HEXA;SERINC1;G2E3;PSPC1;SORL1;STAMBPL1;PIK3C2A;PIGB;TPP2;NET1;TAF9B;NUFIP1;DIP2B;CDK17;PTBP2;DPP8;FUBP3;UFM1;AREL1;TMX4;GALNT3;C14orf28;DIS3;EIF4E;SFPQ;FAM76B;HSPA14;IDS;ARL4C;BRWD1;NAP1L5;SIK3;NUP54;LITAF;PLAA;TNIK;RAB11FIP2;STAM;RNMT;SNX13;DICER1;SLC25A36;USP16;DOCK4;PHF20L1;FAM209B;JMJD1C;TAB3;PSME4;ERMN;ARPP19;ZDBF2;ANKRD28;SCAF8;CSNK1A1;CHD7;CCNH;RIF1;CLK4;RCOR3;RBM12;FASTKD2;PJA2;TP53INP2;GCNT7;ARMCX5;OPA1;FBXO16;SMC4;RGPD8;FUT8;CYP4F3;TBRG1;MAK16;STXBP5;SEPSECS;BOD1L1;PTP4A1;GPRASP1;ATG14;WIPF1;TTC39B;RPS6KA5;SC5D;CD69;PHACTR1;PDK1;SECISBP2L;NAF1;PRKAA1;RNF125;MED14;SLC12A6;ZNF136;GPRIN3;GPCPD1;CAMK4;ANKRD33B;MME;PLCXD2;DUSP4,"[8, 17, 25, 124, 171, 273, 315, 371, 401, 409, 464, 482, 545, 586, 604, 669, 760, 884, 930, 941, 951, 1028, 1138, 1202, 1212, 1274, 1322, 1329, 1355, 1356, 1362, 1381, 1428, 1495, 1506, 1587, 1590, 1595, 1601, 1604, 1694, 1742, 1753, 1808, 1836, 1876, 1972, 2000, 2017, 2051, 2070, 2074, 2095, 2205, 2210, 2274, 2299, 2345, 2356, 2456, 2510, 2511, 2713, 2727, 2791, 2935, 2966, 2971, 3018, 3040, 3051, 3144, 3223, 3343, 3409, 3541, 3573, 3580, 3581, 3587, 3603, 3612, 3667, 3927, 3987, 3991, 4043, 4090, 4116, 4192, 4261, 4265, 4268, 4315, 4325, 4332, 4365, 4378, 4391, 4511, 4534, 4570, 4575, 4667, 4710, 4735, 4741, 4752, 4796, 4802, 4878, 4879, 4903, 4905, 4924, 4944, 4958, 4972, 5018, 5037, 5043, 5066, 5105, 5137, 5145, 5156, 5205, 5358, 5392, 5408, 5450, 5572, 5652, 5661, 5682, 5717, 5725, 5741, 5753, 5792, 5804, 5805, 5811, 5871, 5921, 5931, 5946, 5960, 6028, 6035, 6045, 6059, 6093, 6138, 6177, 6186, 6198, 6267, 6298, 6315, 6316, 6349, 6359, 6368, 6423, 6424, 6448, 6469, 6521, 6557, 6582, 6620, 6622, 6624, 6648, 6665, 6723, 6753, 6824, 6846, 6978, 6979, 6986, 7038, 7043, 7045, 7051, 7152, 7223, 7246, 7263, 7268, 7299, 7308, 7321, 7366, 7370, 7372, 7377, 7414, 7426, 7442, 7449, 7456, 7462, 7475, 7481, 7490, 7502, 7510, 7515, 7546, 7565, 7629, 7635, 7639, 7662, 7675, 7691, 7698, 7729, 7751, 7833, 7840, 7891, 7923, 7929, 7937, 7954, 8004, 8009, 8025, 8034, 8036, 8059, 8108, 8110, 8140, 8203, 8212, 8213, 8221, 8244, 8278, 8284, 8286, 8296, 8306, 8318, 8325, 8328, 8350, 8444, 8480, 8491, 8509, 8519, 8527, 8598, 8604, 8649, 8664, 8684, 8760, 8780, 8808, 8818, 8826, 8861, 8864, 8876, 8882, 8911, 8925, 8944, 8960, 8984, 8991, 9023, 9036, 9043, 9060, 9076, 9107, 9113, 9123, 9138, 9162, 9203, 9210, 9305, 9335, 9341, 9347, 9350, 9369, 9393, 9431, 9437, 9463, 9468, 9481, 9545, 9576, 9604, 9610, 9617, 9669, 9680, 9701, 9709, 9714, 9755, 9800, 9811, 9834, 9837, 9852, 9858, 9863, 9881, 9883, 9896, 9898, 9905, 9938, 9948, 9974, 10002, 10005, 10020, 10025, 10053, 10082, 10093, 10095, 10122, 10182, 10186, 10188, 10223, 10253, 10273, 10277, 10315, 10341, 10375, 10401, 10417, 10424, 10432, 10433, 10437, 10462, 10463, 10489, 10544, 10552, 10559, 10563, 10598, 10616, 10627, 10631, 10638, 10663, 10697, 10698, 10708, 10711, 10749, 10764, 10784, 10804, 10805, 10814, 10874, 10891, 10899, 10934, 10939, 10952, 10967, 10973, 10992, 10998, 11002, 11041, 11080, 11081, 11118, 11140, 11183, 11200, 11249, 11270, 11273, 11279, 11298, 11304, 11337, 11344, 11350, 11383, 11413, 11442, 11458, 11481, 11488, 11499, 11517, 11554, 11560, 11572, 11577, 11585, 11590, 11609, 11680, 11741, 11745, 11770, 11772, 11775, 11779, 11786, 11843, 11874, 11883, 11893, 11896, 11897, 11958, 11970, 12011, 12019, 12025, 12030, 12046, 12119, 12146, 12159, 12162, 12176, 12183, 12188, 12191, 12192, 12219, 12259, 12287, 12311, 12313, 12328, 12360, 12366, 12370, 12431, 12465, 12467, 12484, 12509, 12526, 12538, 12539, 12576, 12588, 12604, 12646, 12700, 12746, 12802, 12823, 12840, 12855, 12868, 12876, 12884, 12915, 12925, 12941, 12990, 13007, 13008, 13041, 13048, 13062, 13087, 13116, 13157, 13172, 13176, 13306, 13348, 13367, 13414, 13430, 13516, 13533, 13540, 13566, 13575, 13580, 13655, 13673, 13698, 13702, 13715, 13735, 13738, 13775, 13790, 13803, 13812, 13824, 13847, 13862, 13898, 13899, 13912, 13927, 13932, 13941, 13944, 13953, 13966, 13970, 13972, 14033, 14108, 14133, 14156, 14166, 14175, 14179, 14245, 14250, 14266, 14287, 14325, 14346, 14366, 14374, 14385, 14453, 14465, 14473, 14480, 14481, 14491, 14681, 14684, 14727, 14751, 14769, 14797, 14809, 14810, 14821, 14838, 14848, 14868, 14876, 14933, 15009, 15030, 15039, 15065, 15084, 15086, 15122, 15127, 15161, 15185, 15209, 15233, 15238, 15299, 15302, 15312, 15315, 15343, 15358, 15368, 15372, 15400, 15411, 15506, 15539, 15580, 15582, 15633, 15660, 15720, 15722, 15782, 15789, 15792, 15839, 15841, 15909, 15923, 15976, 15981, 16009, 16041, 16068, 16215, 16250, 16274, 16279, 16290, 16336, 16370, 16391, 16421, 16431, 16462, 16488, 16607, 16659, 16834, 16939, 17078, 17148, 17154, 17180, 17211, 17362, 17438, 17470]",c7.vax__NAKAYA_PBMC_FLUMIST_AGE_18_50YO_3DY_DN
c7.vax,THAKAR_PBMC_INACTIVATED_INFLUENZA_AGE_21_30YO_NONRESPONDER_7DY_UP,prerank,-0.203478927554286,-0.8610621241131909,0.7803921568627451,0.9996041610589482,1.0,57_118,57/118,42.51%,MOSPD2;HMGCS1;DNAJC10;FAR1;PJA2;TXNDC9;LRPPRC;GFM1;AGL;COX15;ZNF26;NOC3L;ALCAM;TOP2B;TDG;ZNF451;PIGN;BCLAF1;C5orf15;ZNF146;ZNF322;CPSF3;SLMAP;ARMC1;WDFY1;ST8SIA4;HSDL2;ACBD3;EXOC6;COBLL1;TRAK2;DOCK11;CUL4B;CPED1;VPS13C;EIF2S1;DDX1;RFX7;FOXN2;CHD9;DNAJC15;EFR3A;GLE1;MATR3;VPS41;GANAB;RNF20;MKKS;RPRD1A;YTHDF3;RABGAP1;EIF4G2;C6orf62;BAZ2B;NIN;PUM2;ABHD10,SLC43A3;SLC38A2;BTLA;BST2;CHSY1;PAPOLA;SLC18B1;FAM117B;AKAP8L;MAT2A;STAT5A;MRPL27;CHCHD4;ZNF263;NECAP2;PDS5A;MSL3;PFDN5;PPP2R5A;USF1;CNOT6;ARHGAP24;KRCC1;BLCAP;RCN1;NIPBL;BIRC2;UPF2;ICAM3;SRPRB;MAP3K1;ZBTB33;CERS6;CLN5;PAK2;DCP2;ZNF480;PSMC1;GLUD1;XRN1;CEPT1;USP7;PPM1B;RMI1;HDAC2;TMEM123;MTMR10;FAM13B;RB1CC1;MAP3K7;SCYL2;RAB10;PPP6R3;LPAR1;RAB8B;RAB33B;BCL11A;SERBP1;DNAJA2;ALG6;USP38;ABHD10;PUM2;NIN;BAZ2B;C6orf62;EIF4G2;RABGAP1;YTHDF3;RPRD1A;MKKS;RNF20;GANAB;VPS41;MATR3;GLE1;EFR3A;DNAJC15;CHD9;FOXN2;RFX7;DDX1;EIF2S1;VPS13C;CPED1;CUL4B;DOCK11;TRAK2;COBLL1;EXOC6;ACBD3;HSDL2;ST8SIA4;WDFY1;ARMC1;SLMAP;CPSF3;ZNF322;ZNF146;C5orf15;BCLAF1;PIGN;ZNF451;TDG;TOP2B;ALCAM;NOC3L;ZNF26;COX15;AGL;GFM1;LRPPRC;TXNDC9;PJA2;FAR1;DNAJC10;HMGCS1;MOSPD2,"[429, 573, 979, 1831, 2093, 2239, 2623, 2965, 3049, 3135, 3694, 4058, 4190, 4750, 4775, 4802, 4889, 5007, 5176, 5401, 5920, 5928, 5940, 6300, 6329, 6381, 6635, 6657, 6783, 6969, 7092, 7164, 7202, 7421, 7541, 7734, 8157, 8182, 8302, 8372, 8565, 8571, 8604, 8820, 8857, 8922, 8977, 8992, 9043, 9199, 9204, 9227, 9286, 9309, 9347, 9381, 9457, 9494, 9559, 9783, 9905, 10072, 10087, 10127, 10208, 10241, 10293, 10313, 10413, 10465, 10588, 10758, 10818, 10898, 10979, 11088, 11410, 11417, 11503, 11547, 11570, 11718, 11948, 12001, 12310, 12382, 12466, 12635, 12773, 12800, 12848, 12882, 13038, 13095, 13170, 13194, 13567, 13752, 13773, 13785, 13803, 13906, 14108, 14247, 14358, 14739, 14874, 14991, 15046, 15242, 15437, 15522, 15548, 15660, 16087, 16422, 16564, 16689]",c7.vax__THAKAR_PBMC_INACTIVATED_INFLUENZA_AGE_21_30YO_NONRESPONDER_7DY_UP
c7.vax,HARALAMBIEVA_PBMC_TIV_AGE_50_74YO_CORRELATED_WITH_MEMORY_B_CELL_RESPONSE_3DY_NEGATIVE,prerank,-0.14709263484940666,-0.3796180275342237,1.0,0.9998891650965055,1.0,4_13,4/13,30.62%,ZNF780B;ZNF233;TTLL1;LRP11,CHMP4A;PMVK;ACTL10;THAP3;BLCAP;CDK4;DHRS13;MAP4;RAD51C;LRP11;TTLL1;ZNF233;ZNF780B,"[1282, 3529, 5073, 5347, 6300, 7809, 8808, 9346, 10044, 12155, 13160, 13561, 15251]",c7.vax__HARALAMBIEVA_PBMC_TIV_AGE_50_74YO_CORRELATED_WITH_MEMORY_B_CELL_RESPONSE_3DY_NEGATIVE
c7.vax,HOFT_CD4_POSITIVE_ALPHA_BETA_MEMORY_T_CELL_BCG_VACCINE_AGE_18_45YO_ID_7DY_TOP_100_DEG_EX_VIVO_DN,prerank,-0.35041724456872647,-0.9433059264607165,0.5216494845360825,1.0,1.0,3_14,3/14,3.94%,HBB;HBA2;HBA1,MAFF;HSPE1;PIM3;PMAIP1;SAMSN1;UBE2Z;DENND4C;CAPZA1;COPS2;LUC7L3;FABP5;HBA1;HBA2;HBB,"[25, 1341, 1911, 2205, 4147, 6944, 10033, 11080, 11953, 12580, 14946, 16828, 17205, 17414]",c7.vax__HOFT_CD4_POSITIVE_ALPHA_BETA_MEMORY_T_CELL_BCG_VACCINE_AGE_18_45YO_ID_7DY_TOP_100_DEG_EX_VIVO_DN
c7.vax,NAKAYA_PBMC_FLUMIST_AGE_18_50YO_7DY_UP,prerank,-0.15503749883338006,-0.8388882215289903,1.0,1.0,1.0,466_1404,466/1404,32.48%,CRTAM;EOMES;AMY2A;FLT3;GZMA;IER3IP1;SLFN5;ALG10B;CIRBP;POC5;LBH;ITGA4;PLGLB2;ZNF280D;AGAP4;TRIM44;NR2C2;NAA25;PCYOX1L;BMP2K;WSB1;NHLRC3;MOSPD2;SP140;CCDC88A;SLC22A15;DOCK10;RASGRP1;L3HYPDH;ZKSCAN1;HLTF;TTC14;NDUFS1;NUDT7;UVSSA;DNAJC10;FADS1;RUFY2;MRPL30;AMPD3;LRIG2;METTL8;TMEM168;NREP;TRIM66;CES2;GSAP;MSH2;LACTB2;GPR89B;SESTD1;ELOVL1;POLR2J2;HSD17B12;TIA1;MFSD8;AKAP11;IBTK;SLC25A45;PLCB1;PDE7A;C6orf89;IQGAP2;AZI2;UBE4A;KLHDC10;C9orf72;SCARB2;ZNF559;SENP6;C8orf44;BDP1;ME2;MTCH2;BIRC6;TXK;PLRG1;KIDINS220;SLC25A40;MCEE;SCOC;ZC3H13;LRRC8D;GALNT7;TRIQK;FBXW2;PPP1R2;TMEM260;RBBP4;TSNAX;UCHL5;MON2;FBXO9;LYRM7;OXR1;GPR75;PAK1;CEP170;PWWP2A;GTF2H5;HDAC9;TRMT13;TTL;CSNK1A1;MOB3B;CXorf38;ZNF439;CREBZF;SEC23IP;NPAT;EPS15;RAPGEF6;PAFAH1B1;AGL;PRKACB;SLC35B3;ATF7IP;PHF20L1;BPTF;TSEN15;LNPEP;SPG11;DICER1;CRYBG3;MRI1;SLC35D2;SH3BP5;PIGM;PMM2;VAMP4;REEP3;COX15;RAP1GDS1;TMX3;CACNA2D4;RASA1;METTL2A;DNM1L;TMOD2;WDR12;FARSB;RECK;POT1;TTC13;BRWD1;TRAPPC6B;TBC1D10C;CHM;DTD2;RBM41;MEF2A;B3GALNT2;USO1;GTPBP10;TFCP2;SLC38A9;USP48;PSMG1;EXOC1;RFXAP;TIPRL;AIMP2;PIK3C3;NVL;TRAPPC11;WDR77;VPS36;SLC35A5;COX18;PSEN1;STX12;PAM;CAPN3;CLTC;AP1AR;RSPRY1;PPM1L;ARSG;SEC23B;SUCLA2;ANAPC1;DIS3L2;TSPAN32;GATAD1;MCCC2;CLIP4;HGSNAT;SERINC3;POLK;SLAMF7;VTA1;PPIE;C2CD5;GTF2A1;SNX1;SRFBP1;AP1S2;MEMO1;DNAJC24;RECQL;SLC25A46;NFATC2IP;SDAD1;SYTL1;PDCD6IP;ECHDC1;DDX46;PSPC1;ZC3H6;NIT2;CNTRL;LONP2;HEXA;PMS1;OSBPL3;UFSP2;C5orf22;HDHD2;EEA1;ADHFE1;GCFC2;RAD50;PCMTD1;C15orf40;RAD17;TRAPPC8;NDFIP1;PYCR2;CPOX;RNF170;NAPB;GTF2H1;TRIM33;SEC63;CNPY2;MTDH;RTN4;TATDN1;LIAS;YIPF5;DOCK9;DDX19A;GART;LPXN;PDHB;RAD1;SEC22A;CLCN3;RPE;SLC46A2;ZNF573;THEM4;TAOK1;RAB3GAP2;C5orf15;CRYZL1;ZNF146;ACLY;MIS18BP1;HEATR3;BRCC3;TET2;ZNF224;API5;TM2D1;VBP1;STAMBP;COX10;STX18;ANAPC4;AMY2B;NAA40;FUCA2;CPSF3;TDRD3;MDM1;SNRNP40;MBOAT1;OGFOD1;SNRPD3;ATG3;HOOK3;AQR;TRAF5;SSR3;IMMT;MGA;EXOC5;UBE2V2;ZNF789;GON4L;KRIT1;SAMD3;CLCC1;SUPT16H;RPAP2;PRKAG1;ORMDL1;USP33;ANKIB1;NBPF12;GLT8D1;IPCEF1;TMEM165;ZMYM4;POLI;CLOCK;LY9;CDC7;RAPH1;GIN1;AGK;WDR11;ARMC1;INPP4A;SMC5;ZNF75D;PCM1;ATRN;M6PR;VPS8;TSEN2;PAAF1;PARN;APEH;WDR73;AUH;MTHFD1;NNT;PTPN22;POLR1B;SON;SYNRG;MRPS9;XRCC5;MED1;ALKBH3;MACF1;TXNDC15;TGOLN2;NBR1;MPEG1;GNL2;ARMC10;CAPRIN2;UBA5;MRPS18B;APPL1;MBNL2;ABCD3;METTL3;ACADM;DIP2A;CLPX;NMRAL1;DCAF13;TMEM69;REEP5;CSNK2A1;GPATCH4;PPP3CB;FCF1;MAVS;PURA;VIPR1;NSMCE4A;MCTS1;SPAST;SLC4A1AP;CNOT1;PCMT1;SMARCAD1;AP4B1;LUC7L3;ARHGAP26;SETD4;KATNBL1;COPB2;PRPSAP1;ARMC8;ESYT2;CD27;C11orf54;EDEM3;AK2;ATMIN;TM7SF3;ARIH2;ATP6V0A2;PDZD11;SPTLC2;LETMD1;SDHC;SRGAP2;HELQ;PREP;NASP;GOLGA5;SNX19;NSF;ORC2;SETDB1;ERAP1;SCFD1;FBXL20;IPO9;DIS3L;ERI1;NAIP;SMG1;ATP6V1C1;TCTN3;MICAL2;COPS7A;COQ2;GLG1;RSBN1L;PPP1R12A;RNPC3;FUS;RBM5;RALGAPB;ZW10;ARV1;STYX;SAMD9L;SMARCA2;TTC17;ASXL2;HNRNPH2;ARSD;SPIN3;MRTO4;PBRM1;YIF1A;SLC7A6;MPHOSPH9;ANKFY1;QRSL1;AVL9;RNF111;EIF2S1;OSGEPL1;ACTR3;TMEM63A;VPS35;UTP14C;MRPS14;RBM8A;SIGMAR1;ANKRD17;NSRP1;SLC44A1;S100PBP;SLC30A7;GLIPR1;WDR46;PHF20;STX7;ABRACL;FNTA;PDE6D;VPS13D;TTC27;ANAPC7;GPATCH2,MRPS6;MS4A6A;KLHL6;LAT;TLR5;PARVG;FKBP5;DOK2;SH3TC1;LCK;C3AR1;TOR4A;STAB1;STIP1;ITPKB;SLC43A3;SIRPB2;CD4;LILRB1;ITGB2;BATF;FZD2;MS4A14;CASP1;LAIR1;IRF8;RASAL3;NID1;ICAM2;SLAMF6;RNASE6;FGD2;RNASE2;GALM;IKZF1;FLT4;CCR2;PTGDR;KLRD1;ABI3;AHSA1;CD300A;CD163;CDK2AP2;CD2;IRAK3;NBPF10;CSF1R;CD33;IL7R;PYHIN1;ITPRIPL2;ENGASE;TRAM2;NACC2;STK38;GPR171;CDC14A;VAMP8;AHNAK;NFATC2;TMEM216;PFKP;CHMP4A;HMBOX1;ACSL5;IRF5;KIAA0930;RASA4;PSTPIP1;EHMT1;TES;MRPL38;SPN;LY86;ASB3;SCRIB;SULT1A3;ANXA2;SHMT2;SELPLG;PHF21A;LMAN2L;IL6R;RAC2;USP21;GIMAP2;LILRA4;ITGAL;NOTCH2;KRI1;KLRG1;CCND3;GAPT;CYBRD1;IRF3;SAMHD1;EHBP1L1;CACYBP;MRPL18;RNASEH2C;ATP13A1;NADK;BCL2;WBP1L;TNFAIP8L2;RASEF;GIMAP1;HIBCH;CD84;MICA;PTPN6;ARL11;IL27RA;MS4A7;GIMAP6;CAPG;SLC26A2;ZRSR2;ATP6V0E1;CASP6;CD53;TRIM4;P2RX7;KCNK6;PDIA4;GOLPH3L;FTSJ3;CLEC12A;APBB1IP;GIMAP4;CD160;PIEZO1;JUN;FLI1;XPO1;RBM14;CLIC3;TFEC;SUGT1;CALML4;MID1;TRIP4;DPP3;SULT1A2;RBM6;MGST2;CTSH;NLRP12;GOLGA3;SLC18B1;HDAC1;STAT6;LRIF1;MORC2;LGALS1;DEF6;CCT3;GAB3;TFEB;CTBP2;SLC38A10;FAM78A;RAB27A;MKLN1;PRF1;NUDT9;FLII;PDE4DIP;MITD1;ZBTB40;CREBBP;BTN3A2;SAP30;COASY;ADCY9;ABCC10;SLC7A1;G3BP1;IKBKB;TRPS1;ST3GAL1;C1orf162;CCT5;VCAN;TTC7A;ATF1;WDSUB1;TSPAN14;GIMAP8;FYN;DAPP1;RUVBL2;MPLKIP;BAZ1A;AHCYL2;PPID;ZGPAT;ASCL2;TRAF3IP3;TMOD3;TNIP1;MGST1;MRPS5;KLF6;PLGLB1;HSCB;GMIP;NMT1;ANKZF1;PAPSS2;HNRNPF;ACTL6A;PRDM15;OSBPL11;CD58;ARHGAP27;MRPS31;ITK;MRPL34;ARHGAP30;TMEM214;PCID2;PSD4;DDX23;ARHGEF10L;BTBD7;CCT4;RASGEF1A;NUP62;METTL17;BTN3A3;TNFSF8;INSR;NELFB;MED12;TRIM56;GEMIN7;RGS3;RBM4B;STK17B;TRADD;KRTCAP2;MDFIC;PRDX1;GLB1;DUSP18;RASSF4;CARD8;CTSC;LUC7L2;MTA1;MTRF1;DAGLB;LMAN2;CHCHD4;NBPF9;MEX3C;IDH1;RPS6KA1;HECA;RAB3D;CENPB;SGPL1;MTMR11;IFI16;UBE2L3;FAM117A;EIF3B;FAM118B;HNRNPAB;CALHM2;MYO1G;RPS27A;DLGAP4;KCTD15;PNPT1;TRIM52;CFDP1;OSTC;TRAPPC3;SP1;TNFSF13;TPP1;COMT;KANSL1L;PIGV;LIMD1;CREBL2;MAPKAP1;CDC25B;TRIM27;SUSD3;VPS72;ING4;NDUFA8;IP6K2;DPY30;CPM;CNOT4;EZH1;MSL3;UQCR10;ZNF609;EIF2S2;DGKZ;PSMA7;VKORC1;CGGBP1;DENND4B;DHPS;MTIF3;WDR33;ACAA1;CPSF1;BAZ1B;SLC25A43;TOR3A;WRAP73;ASRGL1;HERC4;WDR59;DIAPH1;HPS3;EIF2B4;KLHDC3;IL17RA;CLPTM1L;BABAM1;MLEC;CABIN1;GNPDA1;ATP8B2;PRMT2;DIDO1;MZF1;MTO1;MPHOSPH8;ZBTB48;GBA2;FAM219B;SNTB2;SIN3B;RBM42;LGALS3;EIF1;FLAD1;KCTD12;CLK2;SUPT20H;TCF7L2;TNRC18;CTSB;NFYC;MRPL14;CISD3;SYNGR2;ECI2;POP5;ZDHHC16;POU2F2;UBTF;PDIA6;TADA3;SETD3;CCM2;MAD1L1;UBA1;ECH1;MPDU1;CNOT6;RCBTB2;APTX;LAMTOR2;KRCC1;GPR89A;PIH1D1;TRIM13;NEK9;CLTA;SEC11A;HM13;ADAP2;UQCRC1;TTC9C;CCT7;MMS19;CASP2;CWC27;CD1D;CCNL2;ATL3;OGG1;LONP1;KDELR1;ATP8B1;C11orf21;AKIP1;DHX32;FGD4;SRSF7;PPP2CB;NPEPPS;C14orf119;INTS8;NIPBL;NLRC4;OLIG1;MUS81;SOS1;GCDH;SNAPIN;RHOT1;IFFO1;DENND2D;PNKD;SNUPN;PHKA2;ALDH3A2;TMEM14C;VPS16;NUMB;EIF5B;MLX;ST6GAL1;NADSYN1;TTC1;TXN2;ETNK1;ZNF106;HSPBAP1;TMEM50B;CIDEB;ADCY7;PILRB;HIVEP3;ZNF664;DNMT1;ARID1A;TBCK;POLR1D;HAUS1;CCT6A;TPCN1;SNX27;ATP2B4;NMT2;MAP4K4;MED11;SPOP;ANKLE2;TK2;ARF1;PREB;TIMMDC1;EIF4A1;CELF1;SRPRB;HPCAL1;TERF2;MRPS21;METTL5;GPD2;KDELR2;DCLRE1C;OGDH;MED13L;RUVBL1;TRIM73;C2orf74;PDHA1;IPO8;TCAIM;STYXL1;SPTSSA;OTUB1;HADHB;TMEM107;COMMD1;TMEM218;COPA;UTP6;INTS3;EVL;RCSD1;SETDB2;CLEC12B;CX3CR1;THYN1;FASTKD1;MCM3;RAB28;SRSF1;CREB3L2;FAM200B;ATF7IP2;PFDN6;MCMBP;ANKRD10;ELK3;HDLBP;SLC25A11;SHQ1;ZNF354A;AKAP13;SGMS2;TCHP;TM9SF4;TBC1D9B;PCCA;PDCD11;PIN4;SAE1;CD244;DFFA;DCP1B;EEF1A1;APOBEC3F;CUL1;TMED10;SYNCRIP;MRPL36;CPNE3;CACNA2D3;ABCF2;COPZ1;CDK4;ALDH3B1;USP28;GSTK1;DTNBP1;BTN2A2;NDUFV3;DHX16;ELAVL1;NFATC3;INTS7;TDRD7;ADH5;DCAF10;KCNE3;DCPS;ESYT1;KIAA0319L;HNMT;SF3B3;DNAJC7;TMPO;PSAP;SSR1;TAF15;TCF12;HS2ST1;APOBEC3C;DDX41;KLHL8;BICD2;SPNS1;NBPF11;DECR1;SPCS2;CUL4A;MTIF2;HSD17B4;NUDT16;NCBP2;RALA;ZNF862;EXOC4;NEK4;RAI1;PTER;ACAT1;MRPL15;EEF2K;AP3S2;MRPL48;CTNNA1;CCZ1B;NDUFAF1;AP4E1;NUDCD1;GTF2E1;GALNT1;COQ9;TMEM87B;UBA7;NCOA6;ZNF638;NAAA;POGLUT1;PIGF;FIG4;PSMC4;HMOX2;SFT2D1;QSER1;ATP6AP1;AP1M1;ZSWIM6;HENMT1;CBX1;TMEM248;TIMM13;DCLRE1B;SAMM50;COPS5;CEPT1;EIF4ENIF1;CBFA2T2;IQGAP1;KAT2B;HADH;PRR14L;EYA3;GGCT;RGS14;MCM5;LRRC37A2;ASCC1;PID1;KLHDC4;OGT;RHOB;GNPAT;NSUN5;VDAC3;ARL17A;BRD8;CDK8;TP53;RCAN1;PRKAG2;SDCCAG8;NBPF1;NUDCD3;AIDA;ALG8;STT3A;RER1;AKAP10;LDLRAP1;ZNF641;HDAC2;ATXN2;PRDX3;MANBA;USP34;ANXA4;EWSR1;HELZ;GOT2;HYOU1;MOB1B;CYB5B;LRRC47;COA5;NT5C2;SAP30L;GSE1;GGPS1;CEP164;COMMD10;SPG7;TARDBP;ABCB7;TBCE;ARL17B;CLN8;RPS6KA3;COG2;PUM1;ATP6V1D;MNDA;MRPL37;VAMP1;MAP3K7;NCOA3;SUGP2;APLP2;RAB10;DNAJA3;UBTD2;METTL2B;PPP6R3;STX6;PSMD1;POLR3K;CENPJ;SMARCAL1;XIAP;NBPF8;ELP3;SULT1A1;RPA2;STRAP;CCZ1;CYP20A1;OMA1;UGP2;GALT;NEK7;ANXA6;SETD5;SERBP1;VRK3;ZNF514;OSTM1;LPP;GPD1L;CLEC2D;TRAPPC12;SLC46A3;SP3;PDIA5;EXT2;FAM111A;PRPF38A;CREB1;PRKCD;MRPS28;CBR4;TAOK3;DUSP7;TOMM5;FBXW11;ZNF248;PEX11B;FAM114A2;STAM2;TMEM223;SUN1;G6PC3;INTS10;ALG6;CLNS1A;DUSP22;SRSF3;ZNF207;HUWE1;TMEM80;TIMP2;HDDC3;PPP1R21;VPS45;MGAT2;GATC;MBNL1;SFXN4;RAB3GAP1;CPNE2;NCBP1;PAXBP1;PARP4;PSMD14;GIGYF2;MPV17;RAD51C;ATP2C1;SCPEP1;CEP350;TFB1M;LUC7L;RSF1;CEP104;IDE;ZNF302;POGZ;HADHA;THOC2;ANKH;CMAS;GMPR2;CRIM1;ZFP64;PIGG;HEXB;ZNF721;CANX;PUS7;TTYH2;MBP;SNX5;TRRAP;ZNF148;NIT1;RNF146;CIAO1;DPYSL2;METAP1;RNASE4;RABGAP1;CISD1;WDFY2;PCYOX1;AIFM1;CIAPIN1;PHF14;TMCO1;RFC2;CPSF2;EXOSC10;TRIT1;BTN2A1;RPRD1A;ADSL;CYP4V2;DDX17;GEMIN6;AGPAT3;BRD3;GRSF1;NME6;MKKS;RAB7A;GLS;MLXIP;UBAP2;NUP43;PITRM1;UPF3A;ARL6IP5;DDI2;FCRL3;CHCHD3;UBXN11;ATG7;CRLS1;ZFP90;FEZ2;TRPV2;EFCAB14;KLHL7;MTX2;SKP2;FH;DAB1;NCSTN;NCOR1;RDH11;GANAB;QKI;METTL13;YPEL2;ZNF512;PRPSAP2;FNBP1;PAQR8;ATPAF1;BIVM;COQ5;CDC16;ALG13;UBN2;BFAR;UBA3;WNK1;SS18;LARP4B;DCAF6;ZSCAN29;MRS2;CAB39;REV1;GLCCI1;GOPC;SMC1A;COMMD3;SKA2;PITPNB;APOBEC3G;AHCYL1;RMND1;DNAJC13;N4BP2L2;ACER3;CD164;ACAP2;NDUFA10;VIPAS39;FKBP15;LRCH3;XPO7;DRAM2;ZC3H14;FBXO22;SHPRH;DIAPH2;PALB2;UGGT1;MCM3AP;EIF3J;SLC30A5;ZDHHC13;RNF213;RTN1;APPBP2;CAPRIN1;CEP85;DYM;ROCK2;TSC1;MAPK1;UTP14A;BRI3BP;APAF1;ZFC3H1;DNAJC16;TMX2;NCEH1;CHD9;LCORL;PDHX;YEATS2;MAPK1IP1L;FNIP2;SMARCA4;SEC31A;SLC33A1;PRDM2;GSR;SCML4;VPS52;DHX33;IPO7;TEX10;TGFBI;DCAF7;NUP210;SETX;ZMYM6;ATM;KDM5A;SLC35A1;AMMECR1;DPY19L4;TNPO3;DNAJC17;GPATCH2;ANAPC7;TTC27;VPS13D;PDE6D;FNTA;ABRACL;STX7;PHF20;WDR46;GLIPR1;SLC30A7;S100PBP;SLC44A1;NSRP1;ANKRD17;SIGMAR1;RBM8A;MRPS14;UTP14C;VPS35;TMEM63A;ACTR3;OSGEPL1;EIF2S1;RNF111;AVL9;QRSL1;ANKFY1;MPHOSPH9;SLC7A6;YIF1A;PBRM1;MRTO4;SPIN3;ARSD;HNRNPH2;ASXL2;TTC17;SMARCA2;SAMD9L;STYX;ARV1;ZW10;RALGAPB;RBM5;FUS;RNPC3;PPP1R12A;RSBN1L;GLG1;COQ2;COPS7A;MICAL2;TCTN3;ATP6V1C1;SMG1;NAIP;ERI1;DIS3L;IPO9;FBXL20;SCFD1;ERAP1;SETDB1;ORC2;NSF;SNX19;GOLGA5;NASP;PREP;HELQ;SRGAP2;SDHC;LETMD1;SPTLC2;PDZD11;ATP6V0A2;ARIH2;TM7SF3;ATMIN;AK2;EDEM3;C11orf54;CD27;ESYT2;ARMC8;PRPSAP1;COPB2;KATNBL1;SETD4;ARHGAP26;LUC7L3;AP4B1;SMARCAD1;PCMT1;CNOT1;SLC4A1AP;SPAST;MCTS1;NSMCE4A;VIPR1;PURA;MAVS;FCF1;PPP3CB;GPATCH4;CSNK2A1;REEP5;TMEM69;DCAF13;NMRAL1;CLPX;DIP2A;ACADM;METTL3;ABCD3;MBNL2;APPL1;MRPS18B;UBA5;CAPRIN2;ARMC10;GNL2;MPEG1;NBR1;TGOLN2;TXNDC15;MACF1;ALKBH3;MED1;XRCC5;MRPS9;SYNRG;SON;POLR1B;PTPN22;NNT;MTHFD1;AUH;WDR73;APEH;PARN;PAAF1;TSEN2;VPS8;M6PR;ATRN;PCM1;ZNF75D;SMC5;INPP4A;ARMC1;WDR11;AGK;GIN1;RAPH1;CDC7;LY9;CLOCK;POLI;ZMYM4;TMEM165;IPCEF1;GLT8D1;NBPF12;ANKIB1;USP33;ORMDL1;PRKAG1;RPAP2;SUPT16H;CLCC1;SAMD3;KRIT1;GON4L;ZNF789;UBE2V2;EXOC5;MGA;IMMT;SSR3;TRAF5;AQR;HOOK3;ATG3;SNRPD3;OGFOD1;MBOAT1;SNRNP40;MDM1;TDRD3;CPSF3;FUCA2;NAA40;AMY2B;ANAPC4;STX18;COX10;STAMBP;VBP1;TM2D1;API5;ZNF224;TET2;BRCC3;HEATR3;MIS18BP1;ACLY;ZNF146;CRYZL1;C5orf15;RAB3GAP2;TAOK1;THEM4;ZNF573;SLC46A2;RPE;CLCN3;SEC22A;RAD1;PDHB;LPXN;GART;DDX19A;DOCK9;YIPF5;LIAS;TATDN1;RTN4;MTDH;CNPY2;SEC63;TRIM33;GTF2H1;NAPB;RNF170;CPOX;PYCR2;NDFIP1;TRAPPC8;RAD17;C15orf40;PCMTD1;RAD50;GCFC2;ADHFE1;EEA1;HDHD2;C5orf22;UFSP2;OSBPL3;PMS1;HEXA;LONP2;CNTRL;NIT2;ZC3H6;PSPC1;DDX46;ECHDC1;PDCD6IP;SYTL1;SDAD1;NFATC2IP;SLC25A46;RECQL;DNAJC24;MEMO1;AP1S2;SRFBP1;SNX1;GTF2A1;C2CD5;PPIE;VTA1;SLAMF7;POLK;SERINC3;HGSNAT;CLIP4;MCCC2;GATAD1;TSPAN32;DIS3L2;ANAPC1;SUCLA2;SEC23B;ARSG;PPM1L;RSPRY1;AP1AR;CLTC;CAPN3;PAM;STX12;PSEN1;COX18;SLC35A5;VPS36;WDR77;TRAPPC11;NVL;PIK3C3;AIMP2;TIPRL;RFXAP;EXOC1;PSMG1;USP48;SLC38A9;TFCP2;GTPBP10;USO1;B3GALNT2;MEF2A;RBM41;DTD2;CHM;TBC1D10C;TRAPPC6B;BRWD1;TTC13;POT1;RECK;FARSB;WDR12;TMOD2;DNM1L;METTL2A;RASA1;CACNA2D4;TMX3;RAP1GDS1;COX15;REEP3;VAMP4;PMM2;PIGM;SH3BP5;SLC35D2;MRI1;CRYBG3;DICER1;SPG11;LNPEP;TSEN15;BPTF;PHF20L1;ATF7IP;SLC35B3;PRKACB;AGL;PAFAH1B1;RAPGEF6;EPS15;NPAT;SEC23IP;CREBZF;ZNF439;CXorf38;MOB3B;CSNK1A1;TTL;TRMT13;HDAC9;GTF2H5;PWWP2A;CEP170;PAK1;GPR75;OXR1;LYRM7;FBXO9;MON2;UCHL5;TSNAX;RBBP4;TMEM260;PPP1R2;FBXW2;TRIQK;GALNT7;LRRC8D;ZC3H13;SCOC;MCEE;SLC25A40;KIDINS220;PLRG1;TXK;BIRC6;MTCH2;ME2;BDP1;C8orf44;SENP6;ZNF559;SCARB2;C9orf72;KLHDC10;UBE4A;AZI2;IQGAP2;C6orf89;PDE7A;PLCB1;SLC25A45;IBTK;AKAP11;MFSD8;TIA1;HSD17B12;POLR2J2;ELOVL1;SESTD1;GPR89B;LACTB2;MSH2;GSAP;CES2;TRIM66;NREP;TMEM168;METTL8;LRIG2;AMPD3;MRPL30;RUFY2;FADS1;DNAJC10;UVSSA;NUDT7;NDUFS1;TTC14;HLTF;ZKSCAN1;L3HYPDH;RASGRP1;DOCK10;SLC22A15;CCDC88A;SP140;MOSPD2;NHLRC3;WSB1;BMP2K;PCYOX1L;NAA25;NR2C2;TRIM44;AGAP4;ZNF280D;PLGLB2;ITGA4;LBH;POC5;CIRBP;ALG10B;SLFN5;IER3IP1;GZMA;FLT3;AMY2A;EOMES;CRTAM,"[80, 137, 148, 152, 160, 167, 215, 247, 266, 292, 349, 351, 357, 418, 423, 429, 431, 463, 474, 507, 521, 534, 539, 580, 610, 613, 620, 637, 640, 661, 662, 663, 667, 674, 693, 701, 711, 740, 759, 800, 804, 812, 818, 890, 933, 950, 971, 973, 998, 1012, 1016, 1050, 1051, 1064, 1082, 1120, 1142, 1167, 1175, 1208, 1221, 1254, 1271, 1282, 1284, 1318, 1337, 1347, 1354, 1376, 1388, 1398, 1454, 1473, 1509, 1522, 1529, 1536, 1542, 1562, 1568, 1602, 1605, 1632, 1635, 1676, 1677, 1689, 1702, 1705, 1720, 1732, 1758, 1759, 1772, 1781, 1789, 1796, 1798, 1854, 1896, 1902, 1916, 1935, 1941, 1945, 1947, 1951, 1968, 1992, 2019, 2040, 2052, 2078, 2085, 2107, 2112, 2127, 2131, 2142, 2147, 2172, 2217, 2249, 2256, 2283, 2310, 2317, 2333, 2337, 2363, 2369, 2383, 2405, 2406, 2418, 2437, 2460, 2463, 2468, 2515, 2534, 2561, 2564, 2568, 2570, 2579, 2612, 2620, 2622, 2623, 2627, 2660, 2666, 2684, 2686, 2789, 2859, 2873, 2900, 2902, 2921, 2923, 2940, 2995, 2997, 3006, 3030, 3034, 3061, 3062, 3077, 3099, 3104, 3106, 3108, 3134, 3153, 3159, 3163, 3167, 3177, 3183, 3191, 3195, 3200, 3239, 3247, 3262, 3264, 3313, 3322, 3338, 3363, 3403, 3439, 3447, 3471, 3476, 3481, 3485, 3521, 3531, 3538, 3544, 3551, 3553, 3567, 3578, 3579, 3588, 3590, 3607, 3631, 3642, 3647, 3657, 3659, 3688, 3695, 3731, 3737, 3817, 3819, 3857, 3866, 3885, 3888, 3900, 3909, 3920, 3924, 3935, 3939, 3940, 3942, 3945, 3950, 3966, 3976, 3996, 3997, 4011, 4015, 4033, 4038, 4044, 4046, 4071, 4088, 4090, 4134, 4150, 4166, 4188, 4190, 4222, 4224, 4236, 4277, 4282, 4290, 4298, 4317, 4323, 4346, 4361, 4379, 4398, 4403, 4405, 4416, 4433, 4464, 4516, 4518, 4532, 4535, 4548, 4579, 4599, 4636, 4642, 4644, 4655, 4687, 4728, 4744, 4756, 4781, 4784, 4794, 4797, 4799, 4830, 4832, 4841, 4846, 4854, 4867, 4885, 4889, 4902, 4913, 4917, 4933, 4941, 4956, 4957, 5000, 5006, 5020, 5037, 5040, 5060, 5076, 5151, 5160, 5190, 5198, 5203, 5212, 5247, 5249, 5259, 5281, 5292, 5301, 5312, 5323, 5326, 5339, 5374, 5378, 5380, 5419, 5424, 5425, 5440, 5441, 5457, 5494, 5517, 5530, 5562, 5574, 5582, 5600, 5601, 5602, 5609, 5620, 5660, 5668, 5670, 5671, 5698, 5713, 5716, 5742, 5761, 5770, 5789, 5806, 5809, 5829, 5848, 5885, 5900, 5904, 5920, 5925, 5935, 5936, 5940, 5972, 5981, 6014, 6021, 6049, 6058, 6108, 6130, 6154, 6157, 6160, 6166, 6168, 6180, 6182, 6183, 6188, 6217, 6221, 6238, 6240, 6250, 6283, 6291, 6295, 6320, 6348, 6362, 6367, 6375, 6381, 6386, 6396, 6404, 6414, 6430, 6433, 6436, 6442, 6444, 6449, 6458, 6465, 6494, 6503, 6530, 6531, 6540, 6547, 6550, 6558, 6569, 6574, 6588, 6597, 6605, 6614, 6633, 6640, 6642, 6652, 6673, 6683, 6684, 6691, 6694, 6737, 6765, 6771, 6776, 6804, 6817, 6824, 6847, 6867, 6874, 6885, 6886, 6907, 6910, 6924, 6929, 6969, 6972, 7034, 7064, 7072, 7090, 7101, 7117, 7124, 7128, 7131, 7132, 7141, 7156, 7191, 7194, 7206, 7218, 7255, 7272, 7317, 7335, 7341, 7356, 7371, 7374, 7391, 7413, 7416, 7427, 7438, 7441, 7443, 7471, 7473, 7477, 7479, 7486, 7503, 7525, 7536, 7543, 7544, 7556, 7559, 7566, 7596, 7606, 7623, 7633, 7634, 7637, 7651, 7656, 7677, 7680, 7682, 7685, 7688, 7718, 7721, 7730, 7741, 7742, 7756, 7777, 7780, 7800, 7804, 7809, 7817, 7821, 7852, 7873, 7883, 7885, 7896, 7903, 7917, 7924, 7927, 7946, 7980, 7981, 7996, 8000, 8031, 8041, 8045, 8052, 8059, 8082, 8106, 8122, 8123, 8143, 8147, 8163, 8187, 8189, 8193, 8195, 8196, 8200, 8203, 8209, 8214, 8218, 8264, 8290, 8293, 8294, 8300, 8314, 8333, 8340, 8355, 8359, 8364, 8371, 8375, 8376, 8389, 8395, 8399, 8400, 8416, 8417, 8424, 8446, 8454, 8459, 8462, 8465, 8470, 8472, 8490, 8493, 8496, 8513, 8518, 8522, 8525, 8528, 8531, 8533, 8534, 8538, 8563, 8564, 8565, 8566, 8599, 8601, 8615, 8617, 8625, 8626, 8630, 8633, 8642, 8648, 8652, 8655, 8662, 8676, 8680, 8697, 8722, 8723, 8743, 8750, 8751, 8757, 8774, 8783, 8784, 8788, 8804, 8805, 8806, 8815, 8824, 8825, 8835, 8839, 8857, 8863, 8865, 8872, 8884, 8894, 8921, 8953, 8970, 8989, 8999, 9007, 9008, 9013, 9015, 9037, 9039, 9047, 9053, 9082, 9084, 9089, 9100, 9124, 9126, 9132, 9145, 9158, 9163, 9167, 9168, 9172, 9188, 9199, 9202, 9215, 9216, 9227, 9245, 9247, 9264, 9286, 9287, 9292, 9325, 9344, 9348, 9351, 9355, 9360, 9370, 9373, 9375, 9390, 9392, 9402, 9432, 9438, 9461, 9469, 9491, 9494, 9498, 9529, 9537, 9547, 9552, 9564, 9581, 9583, 9600, 9603, 9607, 9616, 9621, 9625, 9634, 9635, 9639, 9645, 9646, 9647, 9648, 9650, 9656, 9666, 9673, 9691, 9694, 9768, 9773, 9783, 9787, 9803, 9816, 9835, 9846, 9869, 9874, 9875, 9878, 9892, 9900, 9901, 9907, 9914, 9960, 9966, 9972, 9982, 9995, 10016, 10020, 10030, 10044, 10052, 10059, 10066, 10069, 10079, 10086, 10091, 10099, 10115, 10129, 10131, 10136, 10137, 10152, 10159, 10169, 10176, 10206, 10217, 10222, 10226, 10250, 10262, 10265, 10278, 10279, 10281, 10292, 10296, 10302, 10305, 10309, 10310, 10313, 10319, 10333, 10352, 10367, 10379, 10392, 10396, 10402, 10426, 10431, 10440, 10449, 10465, 10483, 10485, 10498, 10513, 10522, 10539, 10542, 10551, 10588, 10594, 10601, 10621, 10629, 10633, 10634, 10637, 10639, 10645, 10665, 10666, 10667, 10669, 10706, 10707, 10722, 10723, 10732, 10735, 10741, 10744, 10746, 10779, 10781, 10785, 10792, 10818, 10821, 10830, 10844, 10848, 10849, 10852, 10866, 10871, 10885, 10905, 10923, 10928, 10944, 10957, 10968, 10980, 10993, 10996, 10999, 11001, 11011, 11027, 11045, 11058, 11063, 11075, 11076, 11083, 11085, 11087, 11095, 11100, 11103, 11107, 11120, 11137, 11146, 11158, 11162, 11210, 11212, 11276, 11296, 11307, 11308, 11333, 11352, 11362, 11370, 11377, 11390, 11399, 11408, 11412, 11422, 11423, 11425, 11429, 11430, 11451, 11452, 11454, 11462, 11476, 11485, 11488, 11489, 11496, 11501, 11503, 11506, 11510, 11513, 11516, 11522, 11525, 11534, 11535, 11572, 11586, 11595, 11596, 11598, 11608, 11620, 11627, 11640, 11671, 11700, 11707, 11714, 11737, 11739, 11742, 11747, 11780, 11803, 11829, 11837, 11844, 11848, 11854, 11856, 11858, 11861, 11863, 11864, 11881, 11902, 11906, 11908, 11909, 11910, 11918, 11920, 11921, 11925, 11933, 11936, 11939, 11947, 11948, 11984, 11985, 11986, 11998, 12007, 12016, 12018, 12032, 12043, 12049, 12056, 12060, 12071, 12083, 12089, 12091, 12116, 12123, 12126, 12147, 12160, 12178, 12186, 12199, 12202, 12210, 12230, 12255, 12260, 12261, 12279, 12293, 12297, 12298, 12308, 12314, 12318, 12353, 12354, 12362, 12367, 12371, 12389, 12397, 12408, 12418, 12420, 12426, 12428, 12439, 12443, 12445, 12462, 12465, 12472, 12488, 12490, 12492, 12497, 12505, 12521, 12526, 12527, 12534, 12541, 12542, 12568, 12580, 12612, 12613, 12622, 12626, 12627, 12633, 12647, 12655, 12662, 12679, 12697, 12708, 12709, 12722, 12732, 12738, 12745, 12752, 12763, 12766, 12769, 12793, 12849, 12872, 12884, 12885, 12892, 12904, 12912, 12919, 12923, 12924, 12927, 12930, 12933, 12991, 12997, 12998, 13013, 13021, 13025, 13048, 13050, 13052, 13056, 13068, 13071, 13077, 13078, 13082, 13089, 13104, 13126, 13130, 13134, 13141, 13142, 13143, 13156, 13170, 13174, 13219, 13225, 13231, 13237, 13247, 13253, 13286, 13292, 13293, 13304, 13308, 13314, 13319, 13356, 13375, 13378, 13379, 13381, 13383, 13401, 13410, 13422, 13423, 13442, 13454, 13463, 13470, 13471, 13474, 13475, 13485, 13487, 13492, 13514, 13526, 13545, 13546, 13552, 13567, 13592, 13602, 13615, 13633, 13699, 13703, 13708, 13718, 13719, 13720, 13726, 13744, 13753, 13754, 13755, 13765, 13773, 13774, 13785, 13805, 13817, 13837, 13856, 13858, 13864, 13865, 13901, 13905, 13916, 13923, 13926, 13934, 13938, 13945, 13954, 13960, 13972, 13974, 13976, 13982, 13991, 13999, 14015, 14018, 14021, 14024, 14033, 14054, 14061, 14065, 14068, 14079, 14082, 14095, 14101, 14103, 14115, 14119, 14124, 14132, 14133, 14142, 14146, 14164, 14169, 14175, 14177, 14183, 14218, 14226, 14231, 14232, 14240, 14251, 14291, 14299, 14311, 14315, 14328, 14336, 14342, 14380, 14390, 14391, 14400, 14408, 14421, 14450, 14461, 14462, 14463, 14467, 14472, 14486, 14487, 14490, 14520, 14521, 14525, 14540, 14550, 14564, 14584, 14594, 14596, 14601, 14604, 14613, 14631, 14650, 14671, 14679, 14703, 14723, 14729, 14740, 14752, 14754, 14755, 14757, 14761, 14779, 14792, 14794, 14803, 14804, 14814, 14831, 14838, 14847, 14882, 14884, 14885, 14907, 14910, 14940, 14979, 15014, 15018, 15028, 15032, 15046, 15050, 15056, 15103, 15104, 15111, 15113, 15117, 15120, 15122, 15150, 15162, 15167, 15170, 15209, 15216, 15217, 15220, 15242, 15277, 15280, 15283, 15301, 15334, 15351, 15353, 15362, 15367, 15372, 15385, 15402, 15403, 15408, 15414, 15424, 15429, 15431, 15454, 15483, 15492, 15516, 15550, 15557, 15563, 15577, 15628, 15636, 15655, 15668, 15669, 15674, 15685, 15695, 15703, 15766, 15769, 15781, 15804, 15815, 15823, 15825, 15867, 15885, 15915, 15918, 15926, 15927, 15931, 15934, 15943, 15950, 15969, 15994, 16002, 16033, 16037, 16048, 16053, 16059, 16071, 16075, 16078, 16079, 16082, 16102, 16122, 16144, 16148, 16156, 16202, 16204, 16237, 16265, 16321, 16322, 16367, 16422, 16437, 16455, 16465, 16504, 16538, 16540, 16546, 16548, 16569, 16610, 16614, 16684, 16689, 16694, 16707, 16739, 16764, 16774, 16803, 16889, 16894, 16895, 16922, 16938, 17008, 17025, 17093, 17209, 17213, 17224, 17331, 17410, 17417, 17457, 17507]",c7.vax__NAKAYA_PBMC_FLUMIST_AGE_18_50YO_7DY_UP
c7.vax,NAKAYA_B_CELL_FLUARIX_FLUVIRIN_AGE_18_50YO_7DY_DN,prerank,-0.19721200689771695,-0.9434002743565091,0.6224066390041494,1.0,1.0,94_277,94/277,31.93%,PAX3;PMS2;LANCL1;TCP11L1;WSB1;ZNF264;TRPC1;HR;SC5D;FADS1;RBBP9;SLC35E3;ANKMY1;DMXL1;TMSB15B;GALNT7;PDZK1;HERC1;SDHD;NF1;OXR1;MAN2A2;KLHL20;SCAF8;ZNF81;NPAT;PSD3;MTF2;DDX18;PARM1;DICER1;TIMM23B;RBFOX2;RBM41;USP9X;KMO;EVI5;GALNT11;UBE3A;ZBTB20;PSEN1;PANX1;ANAPC1;TDG;SUV39H1;NFATC2IP;SORL1;DYRK2;TUBGCP4;TRIM33;YIPF5;MTSS1;TBL1XR1;SLC31A1;YLPM1;ARHGEF9;WWP1;PNN;SGPP1;MICALL1;MIS18A;INPP5F;DHX29;DUOX1;SOX4;APOL5;ELMO1;ZNF107;SNRK;COBLL1;ANGEL2;NECAP1;STK10;NIPSNAP3B;MCTS1;PCMT1;AGO4;BACH2;CCDC25;SCUBE3;PER2;FASTKD3;COPS7A;JAM3;SNX24;TPD52;OAS2;FGFR2;KCTD20;LYST;RBPJ;AGO1;TUBGCP3;UTP14C,FKBP4;TNFRSF4;BACE2;TGFB1;IL6;PPP1R13L;RAPGEF3;LAMA5;OLFML2A;ZNF692;HGFAC;SHMT2;MYO7A;PPP2R1B;TLE1;CACYBP;ATN1;GNA12;ABCA1;SIGIRR;PAPOLA;ARHGAP19;HES1;GTF2E2;ACIN1;STK19;CREM;CD302;TBPL1;USE1;NOD1;TGM4;KIAA1614;NFIB;BCL7B;RING1;F11;BTBD7;RPL28;RBPMS;SAFB;BHLHE40;NEU1;KRT3;WNT16;ID2;TNS3;ASS1;CLEC7A;SLC35F2;AGRN;VPS37B;TBC1D1;PGLS;FYCO1;KHSRP;HUS1;SSBP3;TOR3A;CYFIP1;ZNF35;RRAS2;DIDO1;EPS15L1;USP39;LSM1;PEX11A;SNED1;DKC1;CLMN;NFYC;HIPK2;DAAM1;TAF6L;ITM2A;DGKQ;PNKP;MPDU1;LETM1;SMAD3;SPEN;NR4A2;ING2;PDAP1;SLC1A4;NCLN;UBE2O;WIPF2;DENND2D;PAM16;FMO5;ARID1A;IFI35;WIPI1;CFLAR;GPD2;ANKRD11;DCLRE1C;TMOD1;NDRG2;NHP2;VGLL4;MTMR3;RAB28;PHLPP1;LAMC1;AKAP13;GTF2IRD2B;CDADC1;MKRN2;ACTR1A;NFATC3;FOXO3;RNF187;DGCR8;NR3C2;FGF18;SKIL;ZNF576;KPNA4;UBE2H;TIMM23;TMEM127;PPM1B;OGT;USP36;RXRB;RCAN1;HOPX;MAPK13;USP34;CUBN;PFKM;ZDHHC14;LRRC37A3;SLC25A12;CLN8;AMT;TTBK2;SFT2D2;ETF1;SMPD1;ZMAT3;NOX1;MED31;GTF2IRD2;CENPM;FBXO28;PCNT;DCAF11;DNAJC8;WASL;CDC42EP3;FEM1B;RBM12B;TMEM222;EIF4G2;USP10;BTN2A1;SPTBN1;GNB1;TFDP2;NUP43;MGMT;SLC19A2;N4BP2L2;AFF3;MEF2D;NAA50;CD164;DHX9;BTN3A1;DIAPH2;PALB2;MAPK8IP1;APPBP2;MRPS18C;RNH1;RBM26;IPO7;SLC35A1;CORO2B;NCOA2;UTP14C;TUBGCP3;AGO1;RBPJ;LYST;KCTD20;FGFR2;OAS2;TPD52;SNX24;JAM3;COPS7A;FASTKD3;PER2;SCUBE3;CCDC25;BACH2;AGO4;PCMT1;MCTS1;NIPSNAP3B;STK10;NECAP1;ANGEL2;COBLL1;SNRK;ZNF107;ELMO1;APOL5;SOX4;DUOX1;DHX29;INPP5F;MIS18A;MICALL1;SGPP1;PNN;WWP1;ARHGEF9;YLPM1;SLC31A1;TBL1XR1;MTSS1;YIPF5;TRIM33;TUBGCP4;DYRK2;SORL1;NFATC2IP;SUV39H1;TDG;ANAPC1;PANX1;PSEN1;ZBTB20;UBE3A;GALNT11;EVI5;KMO;USP9X;RBM41;RBFOX2;TIMM23B;DICER1;PARM1;DDX18;MTF2;PSD3;NPAT;ZNF81;SCAF8;KLHL20;MAN2A2;OXR1;NF1;SDHD;HERC1;PDZK1;GALNT7;TMSB15B;DMXL1;ANKMY1;SLC35E3;RBBP9;FADS1;SC5D;HR;TRPC1;ZNF264;WSB1;TCP11L1;LANCL1;PMS2;PAX3,"[331, 335, 527, 664, 719, 783, 962, 1026, 1096, 1363, 1463, 1562, 1571, 1640, 1726, 1798, 1812, 2039, 2070, 2191, 2239, 2268, 2380, 2556, 2876, 2929, 3086, 3230, 3284, 3371, 3384, 3430, 3493, 3509, 3580, 3602, 3873, 3885, 3938, 4035, 4245, 4265, 4355, 4357, 4362, 4384, 4409, 4436, 4462, 4476, 4482, 4510, 4559, 4646, 4789, 4842, 4962, 4978, 5160, 5202, 5240, 5286, 5380, 5422, 5492, 5522, 5539, 5581, 5618, 5655, 5668, 5675, 5791, 5801, 5805, 5846, 5855, 5904, 5950, 5959, 6017, 6025, 6046, 6208, 6227, 6334, 6422, 6423, 6444, 6572, 6575, 6684, 6730, 6760, 6908, 7090, 7113, 7117, 7144, 7189, 7229, 7405, 7432, 7473, 7562, 7583, 7606, 7673, 7736, 7799, 7841, 7917, 7929, 7989, 8138, 8254, 8285, 8404, 8501, 8509, 8570, 8598, 8603, 8604, 8676, 8684, 8758, 8774, 8803, 8840, 8884, 8916, 8976, 9021, 9040, 9131, 9132, 9141, 9147, 9300, 9442, 9487, 9538, 9548, 9563, 9601, 9636, 9670, 9706, 9796, 9818, 9881, 10042, 10090, 10124, 10142, 10293, 10338, 10449, 10461, 10493, 10563, 10633, 10857, 11000, 11107, 11116, 11119, 11132, 11137, 11224, 11342, 11352, 11362, 11405, 11423, 11433, 11509, 11585, 11608, 11739, 11766, 11841, 11925, 11930, 11997, 12042, 12078, 12080, 12121, 12167, 12197, 12222, 12245, 12255, 12282, 12305, 12357, 12499, 12588, 12621, 12622, 12647, 12664, 12671, 12673, 12700, 12773, 12792, 12928, 12964, 13034, 13059, 13094, 13113, 13188, 13336, 13339, 13353, 13361, 13371, 13406, 13570, 13717, 13722, 13911, 13945, 13991, 13994, 14072, 14179, 14232, 14234, 14247, 14472, 14572, 14594, 14620, 14621, 14719, 14745, 14746, 14784, 14794, 14842, 14990, 15122, 15141, 15143, 15272, 15296, 15301, 15305, 15368, 15448, 15449, 15454, 15474, 15525, 15592, 15635, 15668, 15967, 15980, 16066, 16104, 16324, 16367, 16370, 16376, 16515, 16581, 16707, 16856, 16883, 16933, 17485]",c7.vax__NAKAYA_B_CELL_FLUARIX_FLUVIRIN_AGE_18_50YO_7DY_DN
