TermCollection,Term,name,es,nes,pval,fdr,fwerp,leadhits_total,tag %,gene %,lead_genes,matched_genes,hits,TermCollection_Term
h.all,HALLMARK_APOPTOSIS,prerank,0.48223246867549274,2.1318930873655026,0.0,0.0,0.0,60_157,60/157,17.83%,HSPB1;KRT18;TNFRSF12A;CASP7;IL18;HGF;CASP4;RELA;HMOX1;CASP1;PDGFRB;CDKN1A;IL6;CLU;IRF1;GADD45B;TGFBR3;TSPO;CD2;CDK2;IFITM3;TGFB2;IGFBP6;GUCY2D;DNAJA1;CD14;BIRC3;LEF1;DCN;TIMP1;DDIT3;TNF;MCL1;AIFM3;EMP1;BID;TAP1;BMF;ERBB2;SAT1;CASP6;PMAIP1;BGN;IER3;BCL2L10;JUN;SMAD7;GPX1;TIMP3;IL1B;PLCB2;ISG20;BCL2L1;BAX;WEE1;PRF1;TOP2A;BCAP31;CREBBP;DNAJC3,HSPB1;KRT18;TNFRSF12A;CASP7;IL18;HGF;CASP4;RELA;HMOX1;CASP1;PDGFRB;CDKN1A;IL6;CLU;IRF1;GADD45B;TGFBR3;TSPO;CD2;CDK2;IFITM3;TGFB2;IGFBP6;GUCY2D;DNAJA1;CD14;BIRC3;LEF1;DCN;TIMP1;DDIT3;TNF;MCL1;AIFM3;EMP1;BID;TAP1;BMF;ERBB2;SAT1;CASP6;PMAIP1;BGN;IER3;BCL2L10;JUN;SMAD7;GPX1;TIMP3;IL1B;PLCB2;ISG20;BCL2L1;BAX;WEE1;PRF1;TOP2A;BCAP31;CREBBP;DNAJC3;GCH1;BIK;GNA15;CD44;BCL2L11;SQSTM1;ATF3;SOD1;RARA;CDC25B;IGF2R;EBP;LMNA;ANXA1;NEDD9;GPX4;NEFH;PEA15;GSN;PLAT;LGALS3;IFNGR1;RHOT2;TXNIP;GADD45A;CASP2;BCL10;HMGB2;ROCK1;DAP;FDXR;CFLAR;CASP9;ADD1;F2;CDKN1B;DFFA;F2R;GPX3;SPTAN1;VDAC2;BRCA1;RHOB;ENO2;GSTM1;BTG3;XIAP;SOD2;BTG2;ETF1;TIMP2;PPP2R5B;RNASEL;ANKH;MADD;FAS;PSEN2;MGMT;PDCD4;DAP3;CASP8;SATB1;EREG;BMP2;ERBB3;GSR;RETSAT;SLC20A1;CASP3;CCNA1;PPP3R1;BCL2L2;CYLD;LUM;PPT1;DPYD;CCND2;CCND1;CTNNB1;FEZ1;APP;CAV1;DIABLO;MMP2;PSEN1;CTH;IL1A;DNM1L;BNIP3L;TNFSF10;PTK2;PAK1;SC5D;CD69;AVPR1A;EGR3;CD38,"[4, 166, 251, 263, 366, 374, 394, 401, 444, 580, 646, 715, 719, 751, 753, 762, 870, 915, 933, 966, 970, 972, 1105, 1109, 1202, 1238, 1351, 1357, 1395, 1515, 1519, 1526, 1560, 1596, 1664, 1667, 1919, 1929, 1996, 2029, 2147, 2205, 2213, 2252, 2292, 2405, 2510, 2540, 2602, 2654, 2668, 2691, 2851, 2888, 2909, 2997, 2999, 3036, 3077, 3122, 3660, 3914, 3988, 4043, 4089, 4128, 4249, 4670, 4735, 4784, 4804, 4894, 4905, 5053, 5082, 5118, 5178, 5340, 5373, 5388, 5562, 5652, 5722, 5739, 6156, 6168, 6561, 6590, 6690, 6821, 6882, 6908, 6927, 6970, 7278, 7474, 7685, 7732, 7997, 8034, 8587, 8672, 8680, 8733, 8821, 9036, 9351, 9365, 9417, 9442, 9874, 9963, 10003, 10137, 10289, 10342, 10351, 10857, 10899, 11054, 11055, 11159, 11223, 11288, 11491, 11586, 11612, 11619, 11745, 11869, 11883, 12028, 12046, 12182, 12235, 13053, 13238, 13458, 13480, 13734, 13823, 13967, 14118, 14153, 14594, 14765, 14936, 14940, 15148, 15232, 15420, 15429, 16370, 16391, 16636, 16690, 17344]",h.all__HALLMARK_APOPTOSIS
h.all,HALLMARK_ALLOGRAFT_REJECTION,prerank,0.5159852028191889,2.314272777469285,0.0,0.0,0.0,73_181,73/181,15.17%,MMP9;FCGR2B;CSF1;HCLS1;IL4R;IRF7;IL2RG;LCK;BCL3;LIF;STAB1;IL18;FGR;NCF4;CD4;TLR2;ITGB2;IRF8;CCL2;TGFB1;SPI1;CXCL9;CCR2;IL6;KLRD1;ELF4;CD86;ICAM1;HLA-DRA;CD74;CD7;HLA-DMB;CD2;TGFB2;WAS;IL9;SRGN;INHBB;TRAF2;CD80;RPL3L;MAP4K1;LY86;TIMP1;TNF;CD3E;CD40;CTSS;ITGAL;HLA-DMA;HLA-DQA1;CCL22;CCND3;SOCS1;EGFR;CCR1;C2;TAP1;IL18RAP;ZAP70;PTPN6;IL27RA;CAPG;RPS19;CSK;CCR5;PTPRC;TLR6;CDKN2A;IFNGR2;HLA-DOA;IL1B;CD79A,MMP9;FCGR2B;CSF1;HCLS1;IL4R;IRF7;IL2RG;LCK;BCL3;LIF;STAB1;IL18;FGR;NCF4;CD4;TLR2;ITGB2;IRF8;CCL2;TGFB1;SPI1;CXCL9;CCR2;IL6;KLRD1;ELF4;CD86;ICAM1;HLA-DRA;CD74;CD7;HLA-DMB;CD2;TGFB2;WAS;IL9;SRGN;INHBB;TRAF2;CD80;RPL3L;MAP4K1;LY86;TIMP1;TNF;CD3E;CD40;CTSS;ITGAL;HLA-DMA;HLA-DQA1;CCL22;CCND3;SOCS1;EGFR;CCR1;C2;TAP1;IL18RAP;ZAP70;PTPN6;IL27RA;CAPG;RPS19;CSK;CCR5;PTPRC;TLR6;CDKN2A;IFNGR2;HLA-DOA;IL1B;CD79A;HLA-E;CD247;PRF1;DYRK3;IKBKB;RPL9;LCP2;CXCL13;ITK;ETS1;IL15;TAPBP;GBP2;RPS3A;RIPK2;RPS9;AKT1;TAP2;RPL39;IGSF6;CCL5;ACHE;IFNGR1;IL12B;LTB;GPR65;IL10;CD1D;THY1;BCL10;LYN;NCK1;ABI1;FLNA;CFP;EIF5A;HLA-A;F2;F2R;PSMB10;IL11;HIF1A;MTIF2;PF4;IL13;GALNT1;LY75;BRCA1;B2M;JAK2;IL4;HLA-G;MAP3K7;TLR1;EIF3D;CD8A;CD3G;IRF4;APBB1;IFNAR2;ACVR2A;GZMB;NLRP3;FAS;PRKCG;TLR3;SOCS5;CCL4;DEGS1;ELANE;EREG;IL12A;EIF3J;NME1;UBE2D1;EIF3A;GLMN;CD28;TPD52;ICOSLG;CD96;UBE2N;NOS2;NPM1;ST8SIA4;CCND2;IL12RB1;STAT4;EIF4G3;MRPL3;GCNT1;CARTPT;CD47;PRKCB;HDAC9;KRT1;ABCE1;IL7;STAT1;BCAT1;CD8B;IL2RB;HLA-DOB;IL16;INHBA;CCL19;GZMA;CRTAM,"[9, 180, 185, 219, 222, 229, 264, 292, 332, 352, 357, 366, 382, 392, 463, 493, 507, 613, 636, 664, 677, 692, 711, 719, 759, 803, 827, 847, 855, 908, 912, 914, 933, 972, 985, 995, 1146, 1148, 1193, 1256, 1405, 1466, 1509, 1515, 1526, 1555, 1644, 1687, 1702, 1712, 1718, 1738, 1758, 1768, 1890, 1907, 1909, 1919, 1930, 1939, 2040, 2078, 2112, 2336, 2360, 2393, 2422, 2518, 2543, 2560, 2615, 2654, 2657, 2908, 2961, 2997, 3121, 3163, 3204, 3280, 3388, 3688, 3740, 3762, 3865, 4039, 4491, 4669, 4925, 5056, 5067, 5363, 5466, 5546, 5553, 5652, 5684, 6057, 6067, 6118, 6182, 6446, 6561, 6593, 6604, 6770, 6813, 6854, 6945, 7026, 7278, 7732, 8058, 8126, 8186, 8209, 8298, 8393, 8416, 8551, 8672, 8759, 8819, 9155, 9169, 9199, 9285, 9497, 9566, 9585, 9586, 9631, 9657, 9698, 9864, 10212, 10342, 10416, 10466, 10695, 10797, 11005, 11164, 11223, 11372, 11390, 11445, 11751, 11772, 11834, 11843, 12197, 12315, 12596, 12640, 12760, 12801, 13038, 13238, 13309, 13432, 13953, 14064, 14396, 14862, 14865, 15245, 15403, 15640, 15729, 15968, 16067, 16088, 16145, 16545, 17030, 17050, 17099, 17102, 17331, 17507]",h.all__HALLMARK_ALLOGRAFT_REJECTION
h.all,HALLMARK_COMPLEMENT,prerank,0.4372842723629204,1.9806182915185342,0.0,0.0,0.0,70_190,70/190,19.15%,HSPA1A;S100A12;MAFF;KLK1;SERPINC1;C1QA;IRF7;CASP7;C1QC;LCK;PLAUR;CASP4;CDA;SERPINA1;CEBPB;CP;C3;PIK3R5;CASP1;CXCL1;ADRA2B;IL6;CFB;CLU;IRF1;F10;S100A9;FCER1G;GATA3;CFH;KLKB1;WAS;PIM1;ITGAM;MT3;NOTCH4;RCE1;TNFAIP3;C1R;TIMP1;GNGT2;CASP5;PRCP;CTSS;TMPRSS6;C2;SERPINE1;SIRT6;PLSCR1;CD59;PPP4C;HSPA5;SERPING1;CPQ;CR1;PLEK;MMP14;CTSH;SRC;GNB2;GP1BA;FCN1;C1S;CA2;LRP1;KYNU;LCP2;FYN;PRSS3;CASP10,HSPA1A;S100A12;MAFF;KLK1;SERPINC1;C1QA;IRF7;CASP7;C1QC;LCK;PLAUR;CASP4;CDA;SERPINA1;CEBPB;CP;C3;PIK3R5;CASP1;CXCL1;ADRA2B;IL6;CFB;CLU;IRF1;F10;S100A9;FCER1G;GATA3;CFH;KLKB1;WAS;PIM1;ITGAM;MT3;NOTCH4;RCE1;TNFAIP3;C1R;TIMP1;GNGT2;CASP5;PRCP;CTSS;TMPRSS6;C2;SERPINE1;SIRT6;PLSCR1;CD59;PPP4C;HSPA5;SERPING1;CPQ;CR1;PLEK;MMP14;CTSH;SRC;GNB2;GP1BA;FCN1;C1S;CA2;LRP1;KYNU;LCP2;FYN;PRSS3;CASP10;KCNIP2;CSRP1;APOC1;ANG;MMP15;PRSS36;CTSC;BRPF3;GNAI3;C9;ANXA5;RAF1;CTSD;CPM;GNAI2;STX4;PHEX;IRF2;LTF;PLAT;CCL5;LGALS3;FDX1;CTSB;RABIF;PIK3CG;PFN1;EHD1;PPP2CB;LYN;SH2B3;DGKG;PDGFB;CASP9;GPD2;PIK3CA;F2;S100A13;CD55;MSRB1;APOBEC3F;LTA4H;ATOX1;RNF4;RHOG;PSMB9;SPOCK2;COL4A2;XPNPEP1;JAK2;AKAP10;ITIH1;PRKCD;PLA2G4A;GZMB;VCPIP1;TIMP2;LAMP2;TFPI2;L3MBTL4;GRB2;LGMN;CDK5R1;C4BPB;PRDM4;APOBEC3G;HNF4A;PLG;KCNIP3;ZEB1;CASP3;GNG2;GMFB;OLR1;F5;PLA2G7;PREP;FN1;USP8;LAP3;ZFPM2;USP15;CALM3;PDP1;F3;CALM1;HPCAL4;SCG3;F8;ME1;DOCK9;ERAP2;USP14;CD46;DYRK2;CDH13;ADAM9;DUSP5;PSEN1;CBLB;LIPA;DPP4;USP16;DOCK4;KIF2A;GNB4;CR2;CTSO;F7;GCA;ACTN2;SERPINB2;DUSP6;DGKH;RASGRP1;DOCK10;PCLO;PCSK9;GZMA;CD36,"[2, 11, 25, 35, 178, 196, 229, 263, 280, 292, 295, 394, 406, 459, 464, 546, 554, 564, 580, 594, 714, 719, 742, 751, 753, 817, 820, 857, 951, 967, 968, 985, 991, 1038, 1108, 1183, 1300, 1329, 1505, 1515, 1648, 1649, 1681, 1687, 1782, 1909, 1969, 1978, 1987, 2017, 2057, 2084, 2181, 2372, 2413, 2474, 2529, 2612, 2680, 2698, 2904, 2968, 3007, 3033, 3045, 3173, 3280, 3313, 3321, 3353, 3597, 3628, 3747, 3768, 3937, 4086, 4088, 4261, 4315, 4373, 4406, 4575, 4656, 4854, 5047, 5094, 5120, 5196, 5338, 5388, 5546, 5562, 5595, 5660, 5733, 5764, 5977, 6162, 6348, 6593, 6650, 6656, 6686, 6927, 7090, 7246, 7278, 7311, 7327, 7340, 7721, 8011, 8098, 8120, 8233, 8351, 8491, 8521, 8742, 8819, 8825, 9033, 9634, 9780, 9864, 9872, 9874, 9877, 9956, 10045, 10155, 10504, 10566, 10670, 10926, 11087, 11254, 11564, 11733, 11741, 11745, 11817, 11994, 12129, 12241, 12277, 12418, 12440, 12524, 12648, 12716, 12743, 12877, 13041, 13150, 13283, 13366, 13479, 13730, 13863, 13938, 13951, 14034, 14057, 14072, 14209, 14459, 14554, 14594, 14616, 14802, 15020, 15161, 15185, 15450, 15650, 15881, 15890, 16191, 16271, 16276, 16394, 16481, 16505, 16548, 16569, 16886, 16929, 17331, 17499]",h.all__HALLMARK_COMPLEMENT
h.all,HALLMARK_P53_PATHWAY,prerank,0.48404195075608236,2.171859987643001,0.0,0.0,0.0,86_189,86/189,24.32%,DDIT4;NUPR1;EPHA2;RRAD;RHBDF2;MKNK2;S100A4;ALOX15B;LIF;TPD52L1;HMOX1;CASP1;SLC3A2;TGFB1;TM4SF1;OSGIN1;CDKN1A;ITGB4;PERP;EPHX1;TP63;INHBB;VAMP8;IER5;FOS;BTG1;RXRA;KLF4;STOM;DDIT3;AK1;S100A10;ZFP36L1;CCND3;SOCS1;DCXR;HEXIM1;TAP1;HSPA4L;SAT1;AEN;MXD4;NOTCH1;DRAM1;NINJ1;IER3;SERTAD3;PPP1R15A;RPL36;SPHK1;JUN;CDKN2A;MXD1;PLXNB2;DEF6;DDB2;ABHD4;JAG2;RPS27L;BAX;RALGDS;RPL18;CEBPA;ST14;IRAK1;RGS16;SESN1;VDR;TCN2;SLC7A11;SEC61A1;CD81;CCNG1;TOB1;TSC22D1;CTSF;STEAP3;BAIAP2;CCNK;CDKN2B;TNNI1;GPX2;RPS12;EPS8L2;ATF3;PMM1,DDIT4;NUPR1;EPHA2;RRAD;RHBDF2;MKNK2;S100A4;ALOX15B;LIF;TPD52L1;HMOX1;CASP1;SLC3A2;TGFB1;TM4SF1;OSGIN1;CDKN1A;ITGB4;PERP;EPHX1;TP63;INHBB;VAMP8;IER5;FOS;BTG1;RXRA;KLF4;STOM;DDIT3;AK1;S100A10;ZFP36L1;CCND3;SOCS1;DCXR;HEXIM1;TAP1;HSPA4L;SAT1;AEN;MXD4;NOTCH1;DRAM1;NINJ1;IER3;SERTAD3;PPP1R15A;RPL36;SPHK1;JUN;CDKN2A;MXD1;PLXNB2;DEF6;DDB2;ABHD4;JAG2;RPS27L;BAX;RALGDS;RPL18;CEBPA;ST14;IRAK1;RGS16;SESN1;VDR;TCN2;SLC7A11;SEC61A1;CD81;CCNG1;TOB1;TSC22D1;CTSF;STEAP3;BAIAP2;CCNK;CDKN2B;TNNI1;GPX2;RPS12;EPS8L2;ATF3;PMM1;TNFSF9;HRAS;ERCC5;SP1;CTSD;PHLDA3;CCP110;IP6K2;DNTTIP2;PPM1D;WRAP73;ADA;TRAF4;DGKA;PRMT2;NDRG1;RAD9A;PITPNC1;SDC1;TXNIP;TPRKB;HDAC3;MAPKAPK3;GADD45A;BLCAP;CSRNP2;RAP2B;PCNA;TSPYL2;CDKN2AIP;ZBTB16;FDXR;TRIB3;HINT1;TRIAP1;EI24;NOL8;TCHH;TAX1BP3;PDGFA;ABCC5;F2R;RRP8;LDHB;FOXO3;IFI30;CGRRF1;ACVR1B;RCHY1;BAK1;RAB40C;TP53;GLS2;UPP1;RB1;POM121;BTG2;ZMAT3;ISCU;ABAT;NUDT15;RAD51C;RNF19B;FAS;PRKAB1;CDK5R1;SLC19A2;BMP2;APAF1;VWA5A;RETSAT;PLK2;SLC35D1;TRAFD1;SFN;CYFIP2;POLH;TM7SF3;FUCA1;PTPRE;HBEGF;XPC;KRT17;FAM162A;CCND2;WWP1;PTPN14;FBXW7;MDM2;KIF13B;APP;PLK3;CDH13;ANKRA2;CD82;GM2A;IL1A;ZNF365;FGF13;TGFA;CLCA2;PROCR;NHLH2,"[17, 54, 66, 76, 115, 171, 245, 254, 352, 389, 444, 580, 634, 664, 694, 703, 715, 867, 937, 942, 1135, 1148, 1175, 1186, 1219, 1239, 1409, 1437, 1517, 1519, 1543, 1551, 1595, 1758, 1768, 1786, 1814, 1919, 2009, 2029, 2066, 2086, 2094, 2111, 2130, 2252, 2262, 2264, 2297, 2315, 2405, 2543, 2544, 2606, 2789, 2801, 2839, 2854, 2875, 2888, 2998, 3110, 3219, 3236, 3238, 3278, 3375, 3453, 3610, 3745, 3753, 3757, 3763, 3777, 3795, 3805, 3911, 3922, 3968, 3977, 4037, 4048, 4156, 4176, 4249, 4260, 4374, 4564, 4630, 4636, 4656, 4684, 4805, 4841, 5025, 5105, 5190, 5260, 5261, 5317, 5378, 5400, 5514, 5525, 5589, 5739, 5747, 5797, 5929, 6156, 6300, 6324, 6378, 6509, 6557, 6794, 6815, 6882, 7236, 7390, 7399, 7429, 7501, 7520, 7522, 7605, 7667, 7732, 7795, 7900, 7929, 7978, 8004, 8050, 8275, 8374, 8605, 8757, 9090, 9229, 9270, 9350, 9417, 9538, 9542, 9591, 9861, 10044, 10253, 10342, 10371, 10566, 11000, 11288, 11485, 11486, 11612, 11728, 11779, 11988, 12219, 12306, 12390, 12472, 12500, 12557, 12920, 12977, 13183, 13208, 13238, 13371, 13382, 13420, 13617, 13665, 13823, 13899, 14209, 14272, 14722, 14858, 14936, 15131, 15618, 16269, 16310, 16717, 16997]",h.all__HALLMARK_P53_PATHWAY
h.all,HALLMARK_IL2_STAT5_SIGNALING,prerank,0.4633335609963482,2.0863883747985317,0.0,0.0,0.0,61_187,61/187,13.17%,MAFF;ETV4;IL1R2;SERPINC1;CSF1;IL4R;CST7;NFIL3;TNFRSF4;PNP;LIF;P4HA1;PTH1R;PTGER2;BATF;TNFRSF1B;PLIN2;IRF8;GALM;MUC1;HK2;GADD45B;DHRS3;AGER;CD86;FLT3LG;RHOH;SLC1A5;SELL;SLC2A3;MAPKAPK2;IFITM3;PIM1;MYC;PLEC;AHNAK;NOP2;IL18R1;CISH;TGM2;TLR7;NFKBIZ;CXCL10;WLS;EMP1;IL10RA;CCND3;SOCS1;XBP1;ENO3;BCL2;ARL4A;FURIN;PLSCR1;COL6A1;MAP3K8;SWAP70;CAPG;PHLDA1;IGF1R;CD79B,MAFF;ETV4;IL1R2;SERPINC1;CSF1;IL4R;CST7;NFIL3;TNFRSF4;PNP;LIF;P4HA1;PTH1R;PTGER2;BATF;TNFRSF1B;PLIN2;IRF8;GALM;MUC1;HK2;GADD45B;DHRS3;AGER;CD86;FLT3LG;RHOH;SLC1A5;SELL;SLC2A3;MAPKAPK2;IFITM3;PIM1;MYC;PLEC;AHNAK;NOP2;IL18R1;CISH;TGM2;TLR7;NFKBIZ;CXCL10;WLS;EMP1;IL10RA;CCND3;SOCS1;XBP1;ENO3;BCL2;ARL4A;FURIN;PLSCR1;COL6A1;MAP3K8;SWAP70;CAPG;PHLDA1;IGF1R;CD79B;MXD1;CD48;CTSZ;ABCB1;IL1RL1;BCL2L1;CA2;MYO1C;PUS1;RGS16;SOCS2;SERPINB6;KLF6;ITGA6;CD81;FAH;CD44;SHE;IKZF2;BHLHE40;LRIG1;CDC6;IGF2R;TRAF1;CCNE1;SPP1;GPX4;CYFIP1;GBP4;GSTO1;SLC29A2;ITGAE;ENPP1;ECM1;NDRG1;MAP6;ITIH5;IFNGR1;HIPK2;SYNGR2;PRKCH;PTRH2;LTB;GPR65;IL10;NRP1;TNFRSF18;CD83;FGL2;CDCP1;CKAP4;SCN9A;S100A1;RORA;PDCD2L;DCPS;NT5E;ODC1;SPRED2;IL13;SLC39A8;RHOB;PRAF2;HOPX;CDKN1C;ANXA4;NCS1;NCOA3;AHCY;PTCH1;AHR;IRF4;ITGAV;UMPS;SNX14;HUWE1;SNX9;BMPR2;PRNP;CTLA4;SMPDL3A;GPR83;IKZF4;LRRC8C;POU2F1;BMP2;RNH1;BATF3;RABGAP1L;CASP3;ST3GAL4;DRC1;RRAGD;CDC42SE2;APLP1;MYO1E;TWSG1;ADAM19;TNFRSF21;GABARAPL1;SH3BGRL2;SPRY4;CCND2;PLAGL1;LCLAT1;DENND5A;PHTF2;UCK2;P2RX4;CAPN3;ALCAM;AMACR;TIAM1;TNFSF10;GATA1;SELP;TTC39B;SYT11;IL2RB;GLIPR2;TNFRSF8;F2RL2;IRF6;EOMES;COCH;PENK,"[25, 30, 33, 178, 185, 222, 291, 310, 335, 345, 352, 424, 443, 510, 521, 525, 537, 613, 674, 723, 744, 762, 776, 822, 827, 883, 884, 916, 928, 935, 941, 970, 991, 1027, 1115, 1208, 1270, 1289, 1417, 1442, 1546, 1641, 1647, 1657, 1664, 1728, 1758, 1768, 1799, 1875, 1935, 1948, 1952, 1987, 2004, 2038, 2042, 2112, 2253, 2274, 2306, 2544, 2604, 2634, 2773, 2840, 2851, 3033, 3267, 3276, 3278, 3433, 3459, 3544, 3749, 3757, 3983, 4043, 4091, 4242, 4265, 4672, 4732, 4804, 5013, 5095, 5115, 5118, 5202, 5220, 5230, 5235, 5251, 5263, 5343, 5400, 5407, 5435, 5652, 5675, 5698, 5804, 6012, 6057, 6067, 6118, 6343, 6535, 6688, 6896, 7319, 7516, 7561, 7770, 7937, 7986, 7996, 8133, 8236, 8384, 8393, 8507, 8680, 8731, 8803, 8841, 8894, 9152, 9202, 9224, 9434, 9440, 9586, 9683, 9763, 9766, 9846, 9863, 9942, 10039, 10060, 10197, 10718, 10734, 10891, 10895, 11288, 11509, 11556, 11644, 11745, 11801, 12217, 12348, 12425, 12435, 12518, 12551, 12696, 12698, 12915, 13028, 13076, 13238, 13384, 13386, 13763, 13895, 13907, 13964, 14550, 14739, 14901, 15019, 15232, 15745, 16232, 16290, 16354, 16545, 16626, 16935, 17193, 17365, 17457, 17495, 17511]",h.all__HALLMARK_IL2_STAT5_SIGNALING
h.all,HALLMARK_HYPOXIA,prerank,0.544427974212393,2.459583832712661,0.0,0.0,0.0,104_184,104/184,24.48%,DDIT4;MAFF;CXCR4;P4HA2;PCK1;MT2A;STC1;ADM;JMJD6;STC2;S100A4;PLAUR;MT1E;NFIL3;P4HA1;HMOX1;PLIN2;CP;ANGPTL4;SLC2A5;CDKN1A;IL6;PGF;HK2;TPST2;PLAC8;IGFBP1;PNRC1;VEGFA;SLC2A3;TGFB3;PIM1;PKP1;FOS;PPP1R3C;BTG1;PFKP;TNFAIP3;FOSL2;DCN;KIF5A;TES;SELENBP1;TGM2;SLC25A1;PYGM;CHST3;ADORA2B;DDIT3;ANXA2;ALDOB;AK4;SDC2;ZFP36;ENO3;BCAN;EGFR;GPC4;BCL2;SERPINE1;HSPA5;EFNA1;CASP6;BGN;IER3;PPP1R15A;SIAH2;SDC4;JUN;GPC3;PFKFB3;GAPDHS;ISG20;DUSP1;MXI1;SLC2A1;TMEM45A;SAP30;TKTL1;MIF;SCARB1;GAA;GCK;KLF6;ANKZF1;SRPX;ALDOA;COL5A1;MYH9;ERRFI1;ETS1;DPYSL4;SULT2B1;CHST2;TIPARP;GLRX;CSRP2;ILVBL;PGM2;KDELR3;ENO1;ATF3;BHLHE40;IRS2,DDIT4;MAFF;CXCR4;P4HA2;PCK1;MT2A;STC1;ADM;JMJD6;STC2;S100A4;PLAUR;MT1E;NFIL3;P4HA1;HMOX1;PLIN2;CP;ANGPTL4;SLC2A5;CDKN1A;IL6;PGF;HK2;TPST2;PLAC8;IGFBP1;PNRC1;VEGFA;SLC2A3;TGFB3;PIM1;PKP1;FOS;PPP1R3C;BTG1;PFKP;TNFAIP3;FOSL2;DCN;KIF5A;TES;SELENBP1;TGM2;SLC25A1;PYGM;CHST3;ADORA2B;DDIT3;ANXA2;ALDOB;AK4;SDC2;ZFP36;ENO3;BCAN;EGFR;GPC4;BCL2;SERPINE1;HSPA5;EFNA1;CASP6;BGN;IER3;PPP1R15A;SIAH2;SDC4;JUN;GPC3;PFKFB3;GAPDHS;ISG20;DUSP1;MXI1;SLC2A1;TMEM45A;SAP30;TKTL1;MIF;SCARB1;GAA;GCK;KLF6;ANKZF1;SRPX;ALDOA;COL5A1;MYH9;ERRFI1;ETS1;DPYSL4;SULT2B1;CHST2;TIPARP;GLRX;CSRP2;ILVBL;PGM2;KDELR3;ENO1;ATF3;BHLHE40;IRS2;PHKG1;PGM1;NCAN;DTNA;NDRG1;PFKL;GPI;EFNA3;KDM3A;PRDX5;GAPDH;GCNT2;PDGFB;AKAP12;NAGK;FBP1;MAP3K1;TPI1;IGFBP3;CDKN1B;GYS1;HDLBP;GALK1;NEDD4L;GPC1;FOXO3;RORA;GRHPR;GBE1;ENO2;XPNPEP1;CDKN1C;B3GALT6;HK1;UGP2;HAS1;LDHA;SDC3;PDK3;PGK1;NDST2;KLHL24;EXT1;ALDOC;PRKCA;LOX;KLF7;PPFIA4;CCNG2;VHL;ATP7A;TGFBI;PPARGC1A;SLC6A6;RBPJ;TPD52;RRAGD;NR3C1;HS3ST1;INHA;TPBG;F3;FAM162A;NDST1;ZNF292;CAV1;HEXA;CITED2;PAM;IDS;BNIP3L;AMPD3;LXN;PDK1;CA12;WSB1;BRS3;PKLR;LDHC;VLDLR,"[17, 25, 50, 136, 139, 145, 156, 159, 176, 182, 245, 295, 308, 310, 424, 444, 537, 546, 590, 673, 715, 719, 727, 744, 746, 834, 866, 875, 930, 935, 978, 991, 1087, 1219, 1237, 1239, 1271, 1329, 1355, 1395, 1396, 1398, 1432, 1442, 1464, 1487, 1489, 1501, 1519, 1542, 1645, 1740, 1795, 1852, 1875, 1880, 1890, 1903, 1935, 1969, 2084, 2118, 2147, 2213, 2252, 2264, 2266, 2329, 2405, 2526, 2535, 2545, 2691, 2914, 2951, 3001, 3005, 3104, 3190, 3194, 3216, 3369, 3382, 3544, 3579, 3586, 3593, 3633, 3676, 3734, 3740, 3779, 4007, 4050, 4114, 4115, 4118, 4131, 4145, 4204, 4248, 4249, 4265, 4288, 4381, 4458, 4539, 4949, 5400, 5478, 5533, 5647, 5717, 5750, 5812, 6676, 6686, 6752, 6788, 7002, 7092, 7148, 7422, 7474, 7537, 7556, 7576, 7744, 7918, 7929, 7937, 8142, 8500, 8733, 8742, 8841, 9379, 9406, 9432, 9466, 9695, 9841, 9852, 9884, 9913, 10005, 10491, 10502, 10548, 10644, 10862, 11014, 11389, 11542, 11610, 11627, 11703, 11809, 12042, 12197, 12348, 12532, 12827, 12859, 12974, 13150, 13208, 13411, 13698, 13967, 14133, 14327, 14564, 14810, 15148, 16265, 16365, 16431, 16620, 16707, 16838, 16858, 16959, 17001]",h.all__HALLMARK_HYPOXIA
h.all,HALLMARK_INTERFERON_GAMMA_RESPONSE,prerank,0.44702649658365723,2.0318921126173652,0.0,0.0,0.0,59_193,59/193,12.46%,MT2A;SOCS3;IL4R;IRF7;CASP7;PNP;CASP4;NFKBIA;CXCL11;MTHFD2;HLA-DRB1;CASP1;IL15RA;IRF8;IFITM2;CCL2;CXCL9;CDKN1A;IL6;CFB;IRF1;FCGR1A;CIITA;CD86;ICAM1;CD74;CFH;IFITM3;PIM1;FPR1;LATS2;VAMP8;BTG1;PFKP;SECTM1;TNFAIP3;GBP6;IRF5;C1R;VAMP5;CD40;CXCL10;HLA-DMA;HLA-DQA1;IL10RA;SOCS1;SAMHD1;BST2;OGFR;TAP1;ARL4A;PLSCR1;TNFAIP6;CD274;PTPN6;NLRC5;PML;KLRK1;SERPING1,MT2A;SOCS3;IL4R;IRF7;CASP7;PNP;CASP4;NFKBIA;CXCL11;MTHFD2;HLA-DRB1;CASP1;IL15RA;IRF8;IFITM2;CCL2;CXCL9;CDKN1A;IL6;CFB;IRF1;FCGR1A;CIITA;CD86;ICAM1;CD74;CFH;IFITM3;PIM1;FPR1;LATS2;VAMP8;BTG1;PFKP;SECTM1;TNFAIP3;GBP6;IRF5;C1R;VAMP5;CD40;CXCL10;HLA-DMA;HLA-DQA1;IL10RA;SOCS1;SAMHD1;BST2;OGFR;TAP1;ARL4A;PLSCR1;TNFAIP6;CD274;PTPN6;NLRC5;PML;KLRK1;SERPING1;HELZ2;ISG20;BATF2;C1S;IRF9;HLA-B;LCP2;MYD88;IFI27;TRIM26;NOD1;P2RY14;STAT3;GCH1;PSMB8;IL15;TAPBP;RBCK1;NFKB1;RIPK1;UBE2L6;LY6E;MX2;TRIM21;PNPT1;TOR1B;USP18;TRIM25;RIPK2;ISG15;SLC25A28;NMI;PSME2;IRF2;GBP4;CMKLR1;CCL5;IL18BP;PSME1;TXNIP;LYSMD2;XCL1;PELI1;BANK1;DHX58;IFI35;FGL2;ITGB7;ISOC1;HLA-A;IFIH1;XAF1;LGALS3BP;PTPN2;TNFAIP2;CSF2RB;TDRD7;IFI30;PARP12;PSMB10;IFIT1;HIF1A;PARP14;MX1;PSMB9;AUTS2;SP110;PSMA2;B2M;JAK2;ZNFX1;SPPL2A;MVP;SRI;NAMPT;HLA-G;ARID5B;NCOA3;UPP1;STAT2;TRIM14;SOD2;ADAR;IRF4;IFNAR2;EIF2AK2;PLA2G4A;PTPN1;FAS;OAS3;CASP8;RNF213;CASP3;TRAFD1;SAMD9L;GPR18;OAS2;ST3GAL5;LAP3;IFIT2;ST8SIA4;ZBP1;STAT4;BPGM;PTGS2;PSMB2;PDE4B;PSMA3;SLAMF7;IFIT3;EPSTI1;VCAM1;NUP93;RNF31;HERC6;CMPK2;SSPN;EIF4E3;TNFSF10;RAPGEF6;APOL6;OASL;RSAD2;IL7;STAT1;SELP;CD69;DDX60;IL2RB;IFI44;RTP4;IFI44L;GZMA;CD38,"[145, 158, 222, 229, 263, 345, 394, 438, 511, 532, 558, 580, 589, 613, 633, 636, 692, 715, 719, 742, 753, 808, 815, 827, 847, 908, 967, 970, 991, 1004, 1138, 1175, 1239, 1271, 1275, 1329, 1330, 1337, 1505, 1610, 1644, 1647, 1712, 1718, 1728, 1768, 1789, 1831, 1892, 1919, 1948, 1987, 1998, 2015, 2040, 2076, 2122, 2178, 2181, 2365, 2691, 2906, 3007, 3170, 3273, 3280, 3306, 3312, 3344, 3384, 3460, 3562, 3660, 3668, 3762, 3865, 3930, 4057, 4099, 4279, 4330, 4368, 4452, 4532, 4552, 4553, 4649, 4669, 4942, 4944, 5088, 5113, 5196, 5220, 5370, 5546, 5580, 5690, 5739, 6330, 6469, 6476, 6502, 6611, 6730, 6896, 6915, 6994, 7026, 7032, 7088, 7121, 7146, 7305, 7897, 7927, 7978, 8015, 8058, 8117, 8186, 8234, 8341, 8351, 8377, 8508, 8582, 8759, 8819, 8830, 8846, 8859, 9101, 9148, 9169, 9174, 9202, 9229, 9251, 9338, 9365, 9405, 9586, 9657, 9688, 9780, 10235, 10342, 10622, 11055, 11412, 11745, 11988, 12091, 12092, 12167, 12309, 12648, 12748, 13038, 13120, 13432, 13557, 13656, 14007, 14187, 14195, 14391, 14434, 14518, 14570, 14611, 14663, 14735, 14841, 14880, 14949, 15232, 15280, 15564, 15788, 15853, 15968, 16067, 16232, 16391, 16525, 16545, 16698, 16949, 17246, 17331, 17344]",h.all__HALLMARK_INTERFERON_GAMMA_RESPONSE
h.all,HALLMARK_INFLAMMATORY_RESPONSE,prerank,0.5183019867551804,2.3565314143526552,0.0,0.0,0.0,75_191,75/191,15.16%,CXCL6;CCL17;ADM;CSF1;LTA;IL4R;IRF7;EBI3;SLC7A2;LCK;PLAUR;C3AR1;LIF;STAB1;IL18;EMP3;RELA;LAMP3;NFKBIA;TLR2;C5AR1;PTGER2;CXCL11;TNFRSF1B;CCL20;PIK3R5;IL15RA;NOD2;CCL2;FFAR2;CSF3;CXCL9;CDKN1A;IL6;IRF1;ITGA5;MEFV;IFITM1;ICAM1;CSF3R;SELL;MARCO;FPR1;IL7R;MYC;CD14;IRAK2;IL18R1;PTAFR;ADORA2B;TIMP1;OSMR;CLEC5A;CD40;CXCL10;SCARF1;AXL;IL10RA;CCL22;BST2;IL18RAP;SERPINE1;TNFAIP6;OPRK1;ABCA1;MSR1;P2RX7;SPHK1;RNF144B;GPC3;MMP14;MXD1;IFNGR2;CD48;IL1B,CXCL6;CCL17;ADM;CSF1;LTA;IL4R;IRF7;EBI3;SLC7A2;LCK;PLAUR;C3AR1;LIF;STAB1;IL18;EMP3;RELA;LAMP3;NFKBIA;TLR2;C5AR1;PTGER2;CXCL11;TNFRSF1B;CCL20;PIK3R5;IL15RA;NOD2;CCL2;FFAR2;CSF3;CXCL9;CDKN1A;IL6;IRF1;ITGA5;MEFV;IFITM1;ICAM1;CSF3R;SELL;MARCO;FPR1;IL7R;MYC;CD14;IRAK2;IL18R1;PTAFR;ADORA2B;TIMP1;OSMR;CLEC5A;CD40;CXCL10;SCARF1;AXL;IL10RA;CCL22;BST2;IL18RAP;SERPINE1;TNFAIP6;OPRK1;ABCA1;MSR1;P2RX7;SPHK1;RNF144B;GPC3;MMP14;MXD1;IFNGR2;CD48;IL1B;GPR132;RGS1;GP1BA;SLC7A1;PROK2;RGS16;LCP2;IL1R1;OSM;KLF6;HRH1;GCH1;IL15;APLNR;CCRL2;TAPBP;GNA15;LDLR;CHST2;NFKB1;GNAI3;LY6E;TNFSF9;ADRM1;NDP;EDN1;RAF1;RIPK2;P2RY2;FZD5;NMI;CMKLR1;CCL5;MEP1A;PTGIR;IL12B;CYBB;IL10;ITGB8;LYN;PVR;ABI1;CALCRL;HPN;GPR183;SCN1B;NMUR1;CD55;SGMS2;ITGB3;CX3CL1;ACVR1B;HIF1A;RHOG;KCNJ2;BDKRB1;SRI;NAMPT;IFNAR1;TACR3;TLR1;LPAR1;BTG2;AHR;EIF2AK2;ACVR2A;ATP2C1;CXCR6;NLRP3;KIF1B;TLR3;CD70;NPFFR2;EREG;GABBR1;KCNMB2;PCDH7;ROS1;AQP9;OLR1;ICOSLG;PTGER4;PDPN;PTPRE;CCR7;HBEGF;SEMA4D;TPBG;SLC4A4;SLC1A2;F3;BEST1;ATP2B1;DCBLD2;ATP2A2;SLC31A1;P2RX4;SELE;PDE4B;PSEN1;CD82;SLC11A2;IL1A;VIP;TNFSF10;MET;SLC31A2;HAS2;CD69;IL2RB;RASGRP1;RTP4;KCNA3;INHBA;SLC28A2;TACR1,"[46, 67, 159, 185, 209, 222, 229, 235, 276, 292, 295, 349, 352, 357, 366, 387, 401, 404, 438, 493, 497, 510, 511, 525, 561, 564, 589, 626, 636, 655, 665, 692, 715, 719, 753, 772, 807, 842, 847, 848, 928, 977, 1004, 1012, 1027, 1238, 1247, 1289, 1412, 1501, 1515, 1558, 1621, 1644, 1647, 1652, 1696, 1728, 1738, 1831, 1930, 1969, 1998, 2031, 2070, 2162, 2249, 2315, 2390, 2526, 2529, 2544, 2560, 2604, 2654, 2791, 2808, 2904, 3153, 3224, 3278, 3280, 3361, 3455, 3544, 3548, 3660, 3762, 3782, 3794, 3865, 3988, 4047, 4050, 4057, 4315, 4330, 4374, 4377, 4500, 4526, 4575, 4669, 4716, 4914, 5088, 5370, 5546, 5599, 5656, 5684, 5847, 6118, 6493, 6593, 6704, 6770, 6831, 6918, 7031, 7046, 7172, 7327, 7623, 7794, 7987, 8050, 8186, 8233, 8941, 9088, 9101, 9148, 9159, 9179, 9285, 9309, 9417, 9440, 9688, 9698, 10052, 10133, 10212, 10437, 10466, 10811, 11147, 11223, 11537, 11581, 11812, 11898, 12114, 12129, 12315, 12343, 12416, 12557, 12666, 12920, 12957, 12974, 13005, 13011, 13150, 13222, 13348, 13643, 13652, 13717, 13964, 14111, 14187, 14594, 14722, 14916, 14936, 15229, 15232, 15339, 16016, 16101, 16391, 16545, 16548, 16949, 17040, 17099, 17210, 17343]",h.all__HALLMARK_INFLAMMATORY_RESPONSE
h.all,HALLMARK_IL6_JAK_STAT3_SIGNALING,prerank,0.6154463907923133,2.4216102137121633,0.0,0.0,0.0,41_78,41/78,15.16%,IL1R2;SOCS3;CSF1;IL17RB;IL4R;EBI3;TNFRSF12A;IL2RG;HMOX1;TNFRSF1A;TLR2;CXCL11;TNFRSF1B;PIK3R5;IL15RA;CXCL1;TGFB1;LTBR;CXCL9;IL6;IRF1;CSF3R;CXCL3;PIM1;CNTFR;ACVRL1;CD14;IL18R1;DNTT;TNF;OSMR;CXCL10;SOCS1;INHBE;CCR1;MAP3K8;IL10RB;TYK2;JUN;IFNGR2;IL1B,IL1R2;SOCS3;CSF1;IL17RB;IL4R;EBI3;TNFRSF12A;IL2RG;HMOX1;TNFRSF1A;TLR2;CXCL11;TNFRSF1B;PIK3R5;IL15RA;CXCL1;TGFB1;LTBR;CXCL9;IL6;IRF1;CSF3R;CXCL3;PIM1;CNTFR;ACVRL1;CD14;IL18R1;DNTT;TNF;OSMR;CXCL10;SOCS1;INHBE;CCR1;MAP3K8;IL10RB;TYK2;JUN;IFNGR2;IL1B;IL13RA1;IRF9;MYD88;IL1R1;CXCL13;STAT3;CD44;PDGFC;LEPR;CBL;IL17RA;IFNGR1;IL6ST;LTB;HAX1;PTPN2;A2M;ITGB3;CSF2RB;ACVR1B;PF4;BAK1;IFNAR1;STAT2;STAM2;GRB2;PTPN1;FAS;TNFRSF21;IL12RB1;PTPN11;CD9;IL7;STAT1;ITGA4;CD38;CD36,"[33, 158, 185, 192, 222, 235, 251, 264, 444, 465, 493, 511, 525, 564, 589, 594, 664, 679, 692, 719, 753, 848, 873, 991, 1224, 1232, 1238, 1289, 1429, 1526, 1558, 1647, 1768, 1859, 1907, 2038, 2113, 2267, 2405, 2560, 2654, 3069, 3170, 3306, 3361, 3388, 3562, 4043, 4382, 4592, 4760, 5292, 5652, 5726, 6057, 6357, 7146, 7759, 7794, 7897, 8050, 8298, 8374, 9159, 9251, 9673, 10155, 10235, 10342, 12698, 13309, 13915, 15173, 15968, 16067, 16938, 17344, 17499]",h.all__HALLMARK_IL6_JAK_STAT3_SIGNALING
h.all,HALLMARK_TNFA_SIGNALING_VIA_NFKB,prerank,0.5439261564626324,2.468773978097947,0.0,0.0,0.0,82_193,82/193,14.62%,G0S2;MAFF;CXCL6;NFKB2;TRIP10;SOCS3;CSF1;GEM;ZC3H12A;PLAUR;NFIL3;CEBPD;BCL3;LIF;IL18;RELA;NFKBIA;CEBPB;TGIF1;TLR2;CXCL11;CCL20;TNIP2;IL15RA;CLCF1;CXCL1;BCL6;CCL2;CDKN1A;IL6;IRF1;GADD45B;KLF2;FOSL1;ICAM1;CXCL3;PNRC1;VEGFA;SIK1;SLC2A3;IL7R;MAP2K3;MYC;DNAJB4;BCL2A1;IER5;PER1;FOS;BTG1;CD80;TNFAIP3;BIRC3;FOSL2;KLF4;TNF;MCL1;B4GALT1;CXCL10;GFPT2;ZFP36;TAP1;SERPINE1;TNFAIP6;SAT1;MAP3K8;ABCA1;IER2;DRAM1;EFNA1;NINJ1;IER3;PHLDA1;PPP1R15A;KDM6B;SPHK1;SDC4;HES1;JUN;PLEK;PFKFB3;MXD1;IFNGR2,G0S2;MAFF;CXCL6;NFKB2;TRIP10;SOCS3;CSF1;GEM;ZC3H12A;PLAUR;NFIL3;CEBPD;BCL3;LIF;IL18;RELA;NFKBIA;CEBPB;TGIF1;TLR2;CXCL11;CCL20;TNIP2;IL15RA;CLCF1;CXCL1;BCL6;CCL2;CDKN1A;IL6;IRF1;GADD45B;KLF2;FOSL1;ICAM1;CXCL3;PNRC1;VEGFA;SIK1;SLC2A3;IL7R;MAP2K3;MYC;DNAJB4;BCL2A1;IER5;PER1;FOS;BTG1;CD80;TNFAIP3;BIRC3;FOSL2;KLF4;TNF;MCL1;B4GALT1;CXCL10;GFPT2;ZFP36;TAP1;SERPINE1;TNFAIP6;SAT1;MAP3K8;ABCA1;IER2;DRAM1;EFNA1;NINJ1;IER3;PHLDA1;PPP1R15A;KDM6B;SPHK1;SDC4;HES1;JUN;PLEK;PFKFB3;MXD1;IFNGR2;IL1B;NFE2L2;DUSP1;IL23A;KYNU;SGK1;TNIP1;KLF6;GCH1;STAT5A;CCRL2;TSC22D1;CXCL2;PLAU;CD44;LDLR;NFKB1;TIPARP;SQSTM1;ATF3;BHLHE40;IRS2;TNFSF9;JAG1;ID2;EDN1;TNFAIP8;RIPK2;TRAF1;SNN;CCL5;EIF1;IL12B;IL6ST;JUNB;B4GALT5;SMAD3;NR4A2;SPSB1;GADD45A;EHD1;PMEPA1;BIRC2;SLC2A6;CD83;CFLAR;GPR183;IFIH1;PDLIM5;LAMB3;TNFAIP2;RELB;ZBTB10;FOSB;ETS2;NFKBIE;FJX1;RHOB;DUSP2;MARCKS;RCAN1;BTG3;NAMPT;SOD2;BTG2;F2RL1;YRDC;TANK;RNF19B;TUBB2A;TRIB1;CCL4;BMP2;PHLDA2;PLK2;OLR1;ICOSLG;PTGER4;PTPRE;IFIT2;NR4A1;HBEGF;F3;ATP2B1;CCND1;KLF9;CCNL1;PTGS2;SLC16A6;DENND5A;PDE4B;MSC;DUSP5;PANX1;SERPINB8;LITAF;IL1A;REL;PTX3;FUT4;NR4A3;KLF10;NFAT5;CD69;SERPINB2;EGR3;EGR1;INHBA;TNC;EGR2;DUSP4,"[1, 25, 46, 127, 154, 158, 185, 249, 273, 295, 310, 312, 332, 352, 366, 401, 438, 464, 475, 493, 511, 561, 565, 589, 592, 594, 611, 636, 715, 719, 753, 762, 811, 828, 847, 873, 875, 930, 932, 935, 1012, 1025, 1027, 1031, 1133, 1186, 1212, 1219, 1239, 1256, 1329, 1351, 1355, 1437, 1526, 1560, 1628, 1647, 1770, 1852, 1919, 1969, 1998, 2029, 2038, 2070, 2071, 2111, 2118, 2130, 2252, 2253, 2264, 2299, 2315, 2329, 2380, 2405, 2474, 2535, 2544, 2560, 2654, 2861, 2914, 3039, 3173, 3436, 3521, 3544, 3660, 3694, 3794, 3795, 3816, 3981, 4043, 4047, 4057, 4114, 4128, 4249, 4265, 4288, 4374, 4378, 4384, 4526, 4544, 4669, 5013, 5051, 5546, 5574, 5684, 5726, 5749, 5910, 5959, 6025, 6032, 6156, 6162, 6443, 6635, 6672, 6688, 6908, 7031, 7032, 7105, 7297, 7305, 7449, 7778, 7914, 7952, 8362, 8453, 8680, 8683, 8773, 8774, 9036, 9148, 9365, 9417, 10094, 10103, 10158, 10253, 10383, 10636, 10797, 11288, 11321, 11728, 12129, 12315, 12343, 12557, 12748, 12865, 12920, 13150, 13348, 13458, 13542, 13575, 13656, 13658, 13763, 14187, 14292, 14554, 14572, 14734, 14933, 14936, 15061, 15139, 15348, 15706, 15725, 15785, 16391, 16394, 16690, 17016, 17099, 17288, 17423, 17470]",h.all__HALLMARK_TNFA_SIGNALING_VIA_NFKB
h.all,HALLMARK_UV_RESPONSE_UP,prerank,0.4561145955285455,1.9893751026216044,0.0,0.0,0.0,57_152,57/152,24.28%,DNAJB1;SPR;RRAD;SLC6A12;MSX1;FKBP4;GAL;STIP1;NFKBIA;HMOX1;IL6;IRF1;ICAM1;EPHX1;CDK2;AQP3;HYAL2;LHX2;COL2A1;DNAJA1;FOS;BTG1;CEBPG;MGAT1;POLR2H;BID;CCND3;STARD3;TAP1;FURIN;MRPL23;NXF1;BSG;MMP14;AP2S1;DGAT1;ABCB1;CDC34;RAB27A;CLTB;ARRB2;CA2;WIZ;YKT6;IGFBP2;ALDOA;GCH1;CYP1A1;CXCL2;HLA-F;E2F5;CDKN2B;RFC4;BCL2L11;SQSTM1;ATF3;MAOA,DNAJB1;SPR;RRAD;SLC6A12;MSX1;FKBP4;GAL;STIP1;NFKBIA;HMOX1;IL6;IRF1;ICAM1;EPHX1;CDK2;AQP3;HYAL2;LHX2;COL2A1;DNAJA1;FOS;BTG1;CEBPG;MGAT1;POLR2H;BID;CCND3;STARD3;TAP1;FURIN;MRPL23;NXF1;BSG;MMP14;AP2S1;DGAT1;ABCB1;CDC34;RAB27A;CLTB;ARRB2;CA2;WIZ;YKT6;IGFBP2;ALDOA;GCH1;CYP1A1;CXCL2;HLA-F;E2F5;CDKN2B;RFC4;BCL2L11;SQSTM1;ATF3;MAOA;CDO1;MAPK8IP2;ACAA1;CCNE1;SLC6A8;CCK;KLHDC3;GGH;ASNS;IL6ST;JUNB;MARK2;GRINA;ATP6V1F;FMO1;CLCN2;HSPA2;UROD;TMBIM6;PDAP1;LYN;KCNH2;STK25;ONECUT1;TYRO3;PSMC3;GRPEL1;CHRNA5;TCHH;NTRK3;TST;SHOX2;FOSB;GPX3;TUBA4A;FGF18;EIF5;BAK1;RPN1;PRPF3;DLG4;RHOB;ENO2;RXRB;CDKN1C;EIF2S3;PRKACA;CYB5B;BTG3;TACR3;SOD2;SULT1A1;BTG2;SLC25A4;PPAT;PRKCD;HTR7;NAT1;CYB5R1;POLG2;POLE3;TGFBRAP1;GLS;C4BPB;TFRC;ALAS1;RET;CDC5L;BMP2;APOM;CHKA;CASP3;OLFM1;NPTXR;SIGMAR1;AMD1;PLCL1;PDLIM3;PPT1;PPIF;ATP6V1C1;HNRNPU;DDX21;NR4A1;FEN1;CREG1;HSPA13;PARP2;AGO2;NPTX2;PPP1R2;CNP;EPCAM;PTPRD;RASGRP1,"[8, 62, 76, 95, 265, 331, 339, 418, 438, 444, 719, 753, 847, 942, 966, 1057, 1134, 1155, 1158, 1202, 1219, 1239, 1273, 1488, 1559, 1667, 1758, 1913, 1919, 1952, 1988, 2183, 2433, 2529, 2630, 2659, 2773, 2785, 2940, 3018, 3025, 3033, 3241, 3541, 3564, 3593, 3660, 3781, 3816, 3913, 3936, 3977, 4059, 4089, 4128, 4249, 4253, 4853, 4961, 5040, 5095, 5152, 5278, 5281, 5474, 5694, 5726, 5749, 5798, 5917, 5953, 6071, 6100, 6101, 6105, 6122, 6208, 6593, 6715, 6820, 7070, 7082, 7216, 7290, 7388, 7520, 7569, 7708, 7828, 7914, 7997, 8107, 8285, 8369, 8374, 8422, 8444, 8634, 8680, 8733, 8758, 8841, 8887, 8995, 9007, 9036, 9179, 9365, 9370, 9417, 9429, 9447, 9634, 9772, 9916, 9922, 9951, 10227, 10582, 10601, 10670, 10683, 10954, 11018, 11226, 11288, 11421, 11453, 11745, 11756, 11905, 11918, 12065, 12192, 12200, 12235, 12272, 12279, 12398, 12765, 12865, 13981, 14117, 14216, 14289, 14974, 15230, 15628, 16429, 16430, 16498, 16548]",h.all__HALLMARK_UV_RESPONSE_UP
h.all,HALLMARK_KRAS_SIGNALING_UP,prerank,0.4545308909569007,2.045012163500988,0.0,0.0,0.0,53_182,53/182,11.37%,G0S2;MMP9;ETV4;SLPI;CXCR4;PPBP;TLR8;IL2RG;MPZL2;IGF2;PLAUR;C3AR1;LIF;LAT2;CD37;ITGB2;TNFRSF1B;TMEM176A;CCL20;TMEM100;ANGPTL4;TMEM176B;IRF8;F13A1;RETN;LY96;IKZF1;FLT4;CFB;FCER1G;LCP1;LAPTM5;SERPINA3;CFH;GADD45G;IL7R;GYPC;ARG1;TNFAIP3;BIRC3;KLF4;MAP4K1;SOX9;CXCL10;EMP1;CTSS;IL10RA;ADAM8;GFPT2;DOCK2;GNG11;TFPI;NGF,G0S2;MMP9;ETV4;SLPI;CXCR4;PPBP;TLR8;IL2RG;MPZL2;IGF2;PLAUR;C3AR1;LIF;LAT2;CD37;ITGB2;TNFRSF1B;TMEM176A;CCL20;TMEM100;ANGPTL4;TMEM176B;IRF8;F13A1;RETN;LY96;IKZF1;FLT4;CFB;FCER1G;LCP1;LAPTM5;SERPINA3;CFH;GADD45G;IL7R;GYPC;ARG1;TNFAIP3;BIRC3;KLF4;MAP4K1;SOX9;CXCL10;EMP1;CTSS;IL10RA;ADAM8;GFPT2;DOCK2;GNG11;TFPI;NGF;CAB39L;PPP1R15A;GPNMB;APOD;IL1B;ABCB1;WNT7A;CA2;DNMBP;RGS16;PSMB8;KCNN4;ETS1;PLAU;PRRX1;GLRX;AKT2;TNNT2;ID2;JUP;CPE;CBL;CIDEA;TRAF1;WDR33;MMP11;SPP1;ENG;CMKLR1;PLAT;MALL;MAFB;NRP1;ST6GAL1;SPRY2;AKAP12;GPRC5B;RBM4;TSPAN13;SCN1B;MAP3K1;TRIB2;IGFBP3;PDCD1LG2;CDADC1;SPARCL1;CBX8;TSPAN1;TMEM158;TOR1AIP2;TSPAN7;PLVAP;SDCCAG8;MTMR10;ACE;GABRA3;PCSK1N;CBR4;ZNF639;F2RL1;YRDC;NIN;ANKH;KIF5C;RBP4;TRIB1;SNAP91;CLEC4A;PRDM1;SATB1;EREG;BTC;BMP2;VWA5A;RABGAP1L;IL1RL2;AMMECR1;AVL9;SCG5;ITGBL1;HSD11B1;ZNF277;FUCA1;NAP1L2;USP12;HBEGF;USH1C;ATG10;CCND2;SCG3;BPGM;FGF9;CROT;DCBLD2;PTGS2;EPHB2;ALDH1A2;PTBP2;ADAM17;FBXO4;SNAP25;GALNT3;IL33;EVI5;MYCN;ETV5;CCSER2;BTBD3;MMD;PTPRR;HDAC9;MAP7;ALDH1A3;ANO1;PEG3;PRKG2;EPB41L3;PLEK2;PTCD2;DUSP6;ITGA2;HKDC1;ETV1;STRN;NR1H4;INHBA;PCP4;RELN;TPH1,"[1, 9, 30, 42, 50, 65, 203, 264, 275, 278, 295, 349, 352, 368, 436, 507, 525, 540, 561, 582, 590, 597, 613, 631, 672, 686, 693, 701, 742, 857, 901, 919, 958, 967, 1011, 1012, 1209, 1261, 1329, 1351, 1437, 1466, 1483, 1647, 1664, 1687, 1728, 1742, 1770, 1779, 1851, 1966, 1990, 2197, 2264, 2421, 2562, 2654, 2773, 2958, 3033, 3178, 3278, 3668, 3671, 3740, 3981, 4073, 4115, 4256, 4289, 4384, 4440, 4663, 4760, 4840, 5013, 5037, 5090, 5115, 5298, 5370, 5388, 5648, 6096, 6343, 6550, 6728, 6752, 6909, 6981, 7035, 7046, 7092, 7361, 7422, 7459, 7736, 7992, 8099, 8356, 8394, 8504, 8618, 8694, 8784, 8977, 9399, 9536, 9597, 9639, 9996, 10094, 10103, 10127, 10137, 10261, 10335, 10636, 10767, 10843, 11133, 11159, 11223, 11241, 11288, 11486, 11644, 11687, 11742, 11985, 12003, 12154, 12344, 12392, 12500, 12741, 12790, 12920, 13074, 13220, 13238, 13479, 13557, 13601, 13624, 13643, 13656, 13801, 14172, 14453, 14545, 14553, 14657, 14681, 14708, 14745, 15023, 15078, 15092, 15168, 15224, 15247, 15403, 15415, 15501, 15528, 15744, 15768, 15850, 15892, 15974, 16481, 16779, 16841, 16924, 16994, 17071, 17099, 17145, 17289, 17377]",h.all__HALLMARK_KRAS_SIGNALING_UP
h.all,HALLMARK_COAGULATION,prerank,0.44332691847813754,1.8702112795474033,0.0,0.00023711666139740754,0.002,44_118,44/118,17.39%,MMP9;MAFF;SERPINC1;C1QA;CFD;APOA1;SERPINA1;C3;CFB;CLU;PROC;F10;RAPGEF3;CFH;KLKB1;APOC2;CFI;PROZ;CAPN2;ACOX2;C1R;TIMP1;BMP1;TMPRSS6;C2;VWF;FURIN;SERPINE1;CRIP2;CTSK;SH2B2;SERPING1;CPQ;PLEK;MMP14;THBD;TIMP3;C8G;CTSH;GNB2;GP1BA;GNG12;C1S;LRP1,MMP9;MAFF;SERPINC1;C1QA;CFD;APOA1;SERPINA1;C3;CFB;CLU;PROC;F10;RAPGEF3;CFH;KLKB1;APOC2;CFI;PROZ;CAPN2;ACOX2;C1R;TIMP1;BMP1;TMPRSS6;C2;VWF;FURIN;SERPINE1;CRIP2;CTSK;SH2B2;SERPING1;CPQ;PLEK;MMP14;THBD;TIMP3;C8G;CTSH;GNB2;GP1BA;GNG12;C1S;LRP1;FYN;F12;CSRP1;APOC1;ANG;F11;MMP15;PLAU;MSRB2;C9;WDR1;MST1;DUSP14;ANXA1;PRSS23;MMP11;GSN;PLAT;MEP1A;CTSB;RABIF;RGN;HTRA1;SIRT2;PDGFB;PEF1;HPN;CASP9;LEFTY2;F2;S100A13;A2M;S100A1;ITGB3;LTA4H;PROS1;PF4;USP11;ITIH1;ISCU;RAC1;LAMP2;SPARC;TFPI2;CAPN5;LGMN;HRG;THBS1;KLF7;HNF4A;ARF4;PLG;CPB2;OLR1;PREP;FN1;F3;F8;MMP2;ADAM9;TF;DPP4;CD9;P2RY1;MASP2;GDA;CTSO;DCT;SERPINB2;FBN1;DUSP6;ITGA2;F2RL2;MMP3,"[9, 25, 178, 196, 367, 457, 459, 554, 742, 751, 782, 817, 962, 967, 968, 1014, 1145, 1176, 1314, 1443, 1505, 1515, 1594, 1782, 1909, 1921, 1952, 1969, 2152, 2173, 2175, 2181, 2372, 2474, 2529, 2546, 2602, 2608, 2612, 2698, 2904, 2964, 3007, 3045, 3313, 3527, 3628, 3747, 3768, 3873, 3937, 3981, 4223, 4373, 4639, 4835, 4953, 5053, 5059, 5090, 5373, 5388, 5599, 5660, 5733, 5794, 6398, 6589, 6686, 6913, 6918, 6927, 7266, 7278, 7311, 7759, 7770, 7794, 8011, 8219, 8298, 8524, 9033, 9542, 9784, 9877, 9882, 9956, 10153, 10504, 10671, 10764, 10862, 11254, 11346, 11564, 11762, 12129, 12418, 12440, 13150, 13730, 14153, 14459, 14706, 15020, 15173, 15190, 15416, 15536, 15890, 16115, 16394, 16399, 16481, 16779, 17193, 17502]",h.all__HALLMARK_COAGULATION
h.all,HALLMARK_ESTROGEN_RESPONSE_EARLY,prerank,0.41518725930150224,1.8735230215043035,0.0,0.0002553564045818235,0.002,72_188,72/188,23.13%,MLPH;CELSR1;TFAP2C;CLDN7;KRT18;MICB;STC2;IL17RB;FKBP5;SLC7A2;FKBP4;TJP3;TPD52L1;FOXC1;KRT15;MUC1;DHRS3;SLC7A5;TSKU;SCNN1A;MYC;GJA1;AQP3;UNC119;INHBB;KRT19;PODXL;TMPRSS3;FOS;RHOD;THSD4;CISH;KLF4;TGM2;KRT8;B4GALT1;CHPT1;XBP1;WFS1;TGIF2;BCL2;HSPB8;NXT1;SLC26A2;PMAIP1;SIAH2;IGF1R;HES1;CLIC3;NPY1R;NBL1;TFF3;SLC2A1;ADCY9;GREB1;AFF1;SCARB1;KLK10;MED24;IGFBP4;RHOBTB3;CBFA2T3;PAPSS2;ELF1;SLC16A1;TOB1;KRT13;DHCR7;ITPK1;SULT2B1;CD44;RAB31,MLPH;CELSR1;TFAP2C;CLDN7;KRT18;MICB;STC2;IL17RB;FKBP5;SLC7A2;FKBP4;TJP3;TPD52L1;FOXC1;KRT15;MUC1;DHRS3;SLC7A5;TSKU;SCNN1A;MYC;GJA1;AQP3;UNC119;INHBB;KRT19;PODXL;TMPRSS3;FOS;RHOD;THSD4;CISH;KLF4;TGM2;KRT8;B4GALT1;CHPT1;XBP1;WFS1;TGIF2;BCL2;HSPB8;NXT1;SLC26A2;PMAIP1;SIAH2;IGF1R;HES1;CLIC3;NPY1R;NBL1;TFF3;SLC2A1;ADCY9;GREB1;AFF1;SCARB1;KLK10;MED24;IGFBP4;RHOBTB3;CBFA2T3;PAPSS2;ELF1;SLC16A1;TOB1;KRT13;DHCR7;ITPK1;SULT2B1;CD44;RAB31;TIPARP;BHLHE40;WWC1;NCOR2;LRIG1;P2RY2;RARA;RAB17;PRSS23;FARP1;MYOF;BLVRB;RAPGEFL1;DLC1;PEX11A;OLFML3;IL6ST;CANT1;SLC37A1;OVOL2;PTGES;SLC1A4;FDFT1;ANXA9;ISG20L2;KDM4B;NADSYN1;SYBU;RRP12;SEC14L2;ARL3;ABCA3;TTC39A;CELSR2;PGR;AMFR;MED13L;TMEM164;BAG1;SLC22A5;ESRP2;AR;UGCG;GLA;ALDH3B1;MAST4;MYBBP1A;CALCR;AKAP1;FHL2;RPS6KA2;JAK2;SLC27A2;SVIL;BCL11B;ABAT;ADD3;ABHD2;FASN;SLC1A1;MAPT;TUBB2B;ELOVL5;ELOVL2;SLC24A3;ASB13;KCNK5;SYNGR1;SLC19A2;RET;GFRA1;NAV2;OLFM1;ABLIM1;GAB2;REEP1;PDLIM3;SFN;SNX24;PPIF;RBBP8;FLNB;CALB2;SOX3;MYBL1;SLC39A6;TPBG;ZNF185;INPP5F;CYP26B1;CCND1;TBC1D30;NRIP1;DEPTOR;SYT12;ELF3;TIAM1;DYNLT3;ADCY1;SH3BP5;KCNK15;MPPED2;KAZN;OPN3;PDZK1;MREG;KLF10;DHRS2;CXCL12;HR;FRK;RASGRP1;CA12;EGR3;ENDOD1;MYB,"[19, 49, 83, 122, 166, 177, 182, 192, 215, 276, 331, 346, 389, 660, 682, 723, 776, 790, 861, 920, 1027, 1052, 1057, 1131, 1148, 1151, 1161, 1169, 1219, 1248, 1333, 1417, 1437, 1442, 1580, 1628, 1662, 1799, 1846, 1912, 1935, 2046, 2095, 2127, 2205, 2266, 2274, 2380, 2460, 2581, 2587, 2699, 3001, 3108, 3125, 3127, 3216, 3255, 3299, 3331, 3366, 3576, 3588, 3605, 3677, 3777, 3883, 3944, 3953, 4007, 4043, 4051, 4114, 4265, 4493, 4624, 4672, 4716, 4735, 4960, 5059, 5080, 5210, 5221, 5439, 5501, 5539, 5607, 5726, 5946, 6078, 6116, 6202, 6227, 6431, 6452, 6533, 6555, 6558, 6560, 6582, 6689, 6774, 6897, 6947, 6993, 7052, 7057, 7128, 7382, 7383, 7395, 7464, 7574, 7602, 7624, 7817, 7861, 8006, 8144, 8529, 8700, 8732, 8819, 9009, 9017, 9083, 9591, 9769, 9866, 9932, 9935, 10181, 10249, 10315, 10366, 10418, 10684, 10887, 10942, 11000, 11018, 11143, 11155, 11756, 11926, 12098, 12152, 12200, 12219, 12222, 12272, 12347, 12351, 12454, 12495, 12528, 12529, 12974, 13080, 13188, 13273, 13458, 13621, 14013, 14184, 14351, 14662, 15019, 15027, 15107, 15111, 15311, 15383, 15394, 15434, 15635, 15693, 15725, 15826, 15960, 16376, 16541, 16548, 16620, 16690, 16759, 17052]",h.all__HALLMARK_ESTROGEN_RESPONSE_EARLY
h.all,HALLMARK_EPITHELIAL_MESENCHYMAL_TRANSITION,prerank,0.37806373221037337,1.7000945408051593,0.0,0.002766361049636421,0.024,59_191,59/191,15.53%,SERPINH1;CXCL6;ANPEP;PCOLCE;TNFRSF11B;GAS1;GEM;TNFRSF12A;MSX1;FZD8;PLAUR;IL32;FBLN1;EMP3;PLOD1;PLOD3;CXCL1;COL5A3;PDGFRB;TGFB1;IL6;GADD45B;ITGA5;FMOD;TGFBR3;VEGFA;GJA1;COLGALT1;PDLIM4;FSTL3;FOXC2;ITGB5;TNFAIP3;DCN;VIM;TGM2;FGF2;EFEMP2;TIMP1;MFAP5;COL6A2;BMP1;NOTCH2;PLOD2;SERPINE1;CD59;SAT1;CAPG;COL1A2;BGN;MCM7;PCOLCE2;SDC4;JUN;MMP14;TIMP3;COL8A2;LGALS1;COL7A1,SERPINH1;CXCL6;ANPEP;PCOLCE;TNFRSF11B;GAS1;GEM;TNFRSF12A;MSX1;FZD8;PLAUR;IL32;FBLN1;EMP3;PLOD1;PLOD3;CXCL1;COL5A3;PDGFRB;TGFB1;IL6;GADD45B;ITGA5;FMOD;TGFBR3;VEGFA;GJA1;COLGALT1;PDLIM4;FSTL3;FOXC2;ITGB5;TNFAIP3;DCN;VIM;TGM2;FGF2;EFEMP2;TIMP1;MFAP5;COL6A2;BMP1;NOTCH2;PLOD2;SERPINE1;CD59;SAT1;CAPG;COL1A2;BGN;MCM7;PCOLCE2;SDC4;JUN;MMP14;TIMP3;COL8A2;LGALS1;COL7A1;LRP1;COL1A1;VCAN;FAP;LOXL1;FSTL1;IGFBP4;MATN3;LOXL2;LAMA3;IGFBP2;COL5A1;DKK1;IL15;CD44;PRRX1;COL11A1;COL16A1;CDH2;ID2;DPYSL3;SPP1;SLC6A8;CDH6;ECM1;OXTR;SDC1;LAMA1;VEGFC;FERMT2;MEST;GADD45A;CALD1;HTRA1;FBLN5;NNMT;PMEPA1;THY1;PVR;DAB2;FLNA;TPM2;SNAI2;COPA;IGFBP3;CDH11;LAMC1;POSTN;PPIB;ITGB3;GPC1;NT5E;LAMA2;SNTB1;SGCG;COL4A2;RHOB;ADAM12;ENO2;WNT5A;MGP;ITGAV;SPARC;COL6A3;TFPI2;CADM1;FBLN2;FAS;SGCB;QSOX1;SERPINE2;BASP1;LOX;CRLF1;THBS1;ELN;MAGEE1;SGCD;TPM4;TGFBI;COL4A1;GLIPR1;ITGB1;LUM;COL5A2;APLP1;FN1;FUCA1;MXRA5;NTM;PFN2;ECM2;THBS2;CALU;SLIT3;MMP2;GPX7;TPM1;VCAM1;PMP22;SPOCK1;MYLK;CTHRC1;PTX3;DST;SLIT2;CAP2;EDIL3;ABI3BP;COL3A1;MATN2;FBN2;NID2;CXCL12;PTHLH;MYL9;WIPF1;RGS4;FBN1;SFRP1;TAGLN;COL12A1;ITGA2;LAMC2;SCG2;INHBA;SFRP4;GREM1;TNC;BDNF;ACTA2;MMP3,"[5, 46, 112, 200, 216, 228, 249, 251, 265, 277, 295, 314, 317, 387, 451, 520, 594, 627, 646, 664, 719, 762, 772, 795, 870, 930, 1052, 1110, 1112, 1116, 1240, 1262, 1329, 1395, 1399, 1442, 1446, 1453, 1515, 1516, 1579, 1594, 1705, 1803, 1969, 2017, 2029, 2112, 2167, 2213, 2223, 2296, 2329, 2405, 2529, 2602, 2677, 2686, 2720, 3045, 3083, 3195, 3214, 3256, 3319, 3331, 3358, 3448, 3503, 3564, 3633, 3672, 3762, 4043, 4073, 4078, 4095, 4129, 4384, 4777, 5115, 5152, 5172, 5343, 5390, 5589, 5980, 6029, 6060, 6144, 6156, 6176, 6398, 6410, 6420, 6443, 6446, 6704, 6756, 6813, 6931, 7184, 7356, 7422, 7517, 7583, 7665, 7668, 7794, 7918, 8133, 8134, 8297, 8339, 8521, 8680, 8718, 8733, 8926, 9257, 9683, 9882, 9939, 9956, 9989, 10304, 10342, 10387, 10417, 10488, 10595, 10644, 10678, 10764, 11019, 11115, 11221, 11539, 11627, 11830, 11881, 11941, 12182, 12252, 12435, 12440, 12500, 12525, 12550, 13460, 13584, 13590, 13838, 13997, 14153, 14364, 14533, 14570, 14599, 14628, 14897, 15058, 15139, 15276, 15284, 15341, 15498, 15819, 15835, 15865, 15901, 15922, 15960, 16131, 16189, 16279, 16326, 16399, 16533, 16652, 16720, 16779, 16796, 16902, 17099, 17173, 17275, 17288, 17407, 17447, 17502]",h.all__HALLMARK_EPITHELIAL_MESENCHYMAL_TRANSITION
h.all,HALLMARK_UNFOLDED_PROTEIN_RESPONSE,prerank,0.4092432339810928,1.691296912482305,0.003952569169960474,0.0029046791021182425,0.027,27_105,27/105,20.14%,BAG3;DDIT4;STC2;CEBPB;MTHFD2;CCL2;CHAC1;EIF4EBP1;SLC7A5;IGFBP1;VEGFA;ATF4;CEBPG;DNAJA4;XBP1;WFS1;CXXC1;HSPA5;HERPUD1;KIF5B;NABP1;PSAT1;DNAJC3;BANF1;CKS1B;ZBTB17;NOP56,BAG3;DDIT4;STC2;CEBPB;MTHFD2;CCL2;CHAC1;EIF4EBP1;SLC7A5;IGFBP1;VEGFA;ATF4;CEBPG;DNAJA4;XBP1;WFS1;CXXC1;HSPA5;HERPUD1;KIF5B;NABP1;PSAT1;DNAJC3;BANF1;CKS1B;ZBTB17;NOP56;SERP1;KDELR3;ATF3;SHC1;IMP3;RPS14;CALR;KHSRP;CNOT4;NOP14;ARFGAP1;LSM1;DKC1;LSM4;HSP90B1;ASNS;PDIA6;CNOT6;SEC11A;SLC1A4;EXOSC4;TSPYL2;TATDN2;WIPI1;EIF4G1;PREB;EIF4A1;ALDH18A1;SRPRB;EXOSC2;EDC4;NHP2;DCP2;GEMIN4;XPOT;SSR1;IFIT1;ATP6V0D1;POP4;PAIP1;HYOU1;EEF2;CNOT2;RRP9;PDIA5;EIF4A2;EXOC2;HSPA9;DNAJB9;TUBB2A;EXOSC10;GOSR2;EIF4A3;DCTN1;NFYB;SLC30A5;SEC31A;EXOSC5;NOLC1;EIF2S1;DDX10;YIF1A;EXOSC1;EXOSC9;FUS;EDEM1;FKBP14;NPM1;EIF2AK3;NFYA;PARN;ERN1;SPCS3;YWHAZ;SDAD1;ATF6;EIF4E;SPCS1,"[15, 17, 182, 464, 532, 636, 741, 768, 790, 866, 930, 1272, 1273, 1646, 1799, 1846, 1942, 2084, 2276, 2356, 2903, 2963, 3122, 3266, 3424, 3500, 3528, 4186, 4204, 4249, 4467, 4507, 4601, 4607, 4842, 4867, 5186, 5486, 5522, 5618, 5628, 5669, 5694, 5789, 5920, 6058, 6227, 6278, 6557, 6710, 6760, 6785, 6907, 6924, 6935, 6969, 7093, 7112, 7229, 7734, 7806, 7811, 8106, 8117, 8129, 8335, 8876, 8989, 9092, 9228, 9301, 9603, 9614, 9930, 10002, 10291, 10383, 10431, 10808, 11039, 11154, 11242, 11399, 11534, 11749, 11890, 11948, 11961, 12018, 12031, 12162, 12178, 12185, 12797, 12801, 12802, 13054, 13082, 13205, 13549, 13740, 14231, 14709, 14751, 14777]",h.all__HALLMARK_UNFOLDED_PROTEIN_RESPONSE
h.all,HALLMARK_ANGIOGENESIS,prerank,0.5049220599344881,1.6738344075475526,0.0,0.0033196332595637054,0.033,12_33,12/33,18.95%,CXCL6;STC1;SERPINA5;S100A4;MSX1;VEGFA;TIMP1;KCNJ8;THBD;JAG2;VCAN;FSTL1,CXCL6;STC1;SERPINA5;S100A4;MSX1;VEGFA;TIMP1;KCNJ8;THBD;JAG2;VCAN;FSTL1;FGFR1;JAG1;SPP1;NRP1;LRPAP1;SLCO2A1;PDGFA;POSTN;VAV2;PF4;LPL;ITGAV;OLR1;LUM;COL5A2;TNFRSF21;CCND2;APP;PTK2;COL3A1;PGLYRP1,"[46, 156, 164, 245, 265, 930, 1515, 2514, 2546, 2854, 3195, 3319, 4268, 4378, 5115, 6343, 7268, 7389, 7605, 7665, 8155, 8298, 9605, 9683, 12129, 12182, 12252, 12698, 13238, 13823, 15420, 15835, 16414]",h.all__HALLMARK_ANGIOGENESIS
h.all,HALLMARK_ESTROGEN_RESPONSE_LATE,prerank,0.3693169167118732,1.6518985381514901,0.0,0.004241753609442513,0.043,73_186,73/186,23.76%,TFAP2C;SERPINA5;MICB;IL17RB;FKBP5;FKBP4;GAL;TJP3;TPD52L1;SERPINA1;BATF;FOXC1;SLC7A5;S100A9;SCNN1A;PERP;SERPINA3;KRT19;TMPRSS3;FOS;IMPA2;CISH;KLF4;ACOX2;CHPT1;TNNC1;DCXR;XBP1;WFS1;ZFP36;BCL2;HSPA4L;PTPN6;HSPB8;ASCL1;NXT1;SLC26A2;LLGL2;ST6GALNAC2;SIAH2;TRIM29;EMP2;XRCC3;NAB2;TPSAB1;CLIC3;PLXNB1;NPY1R;NBL1;ISG20;TFF3;TOP2A;CA2;AFF1;SCARB1;ST14;KLK10;IGFBP4;CKB;SGK1;LSR;FGFR3;PAPSS2;SLC16A1;TOB1;KRT13;DHCR7;ITPK1;SULT2B1;CD44;RAB31;CHST8;TH,TFAP2C;SERPINA5;MICB;IL17RB;FKBP5;FKBP4;GAL;TJP3;TPD52L1;SERPINA1;BATF;FOXC1;SLC7A5;S100A9;SCNN1A;PERP;SERPINA3;KRT19;TMPRSS3;FOS;IMPA2;CISH;KLF4;ACOX2;CHPT1;TNNC1;DCXR;XBP1;WFS1;ZFP36;BCL2;HSPA4L;PTPN6;HSPB8;ASCL1;NXT1;SLC26A2;LLGL2;ST6GALNAC2;SIAH2;TRIM29;EMP2;XRCC3;NAB2;TPSAB1;CLIC3;PLXNB1;NPY1R;NBL1;ISG20;TFF3;TOP2A;CA2;AFF1;SCARB1;ST14;KLK10;IGFBP4;CKB;SGK1;LSR;FGFR3;PAPSS2;SLC16A1;TOB1;KRT13;DHCR7;ITPK1;SULT2B1;CD44;RAB31;CHST8;TH;ID2;ASS1;NCOR2;CPE;CDC6;CACNA2D2;UGDH;PRSS23;FARP1;MYOF;BLVRB;LTF;PKP3;RAPGEFL1;IL6ST;DLG5;OVOL2;DNAJC1;MEST;PTGES;SLC1A4;FDFT1;ANXA9;ALDH3A2;PRKAR2B;SLC2A8;COX6C;KIF20A;ARL3;GALE;ATP2B4;ABCA3;CELSR2;TSPAN13;UNC13B;PGR;AMFR;GJB3;BAG1;SLC22A5;MDK;GLA;TST;ALDH3B1;CALCR;SLC29A1;STIL;DUSP2;RPS6KA2;JAK1;JAK2;MAPK13;SLC27A2;BTG3;ETFB;SCUBE2;ADD3;MOCS2;CDH1;ABHD2;TFPI2;MAPT;CXCL14;ELOVL5;SLC24A3;DNAJC12;KCNK5;RNASEH2A;PDCD4;RET;HOMER2;HPRT1;OLFM1;CCNA1;RABEP1;PDLIM3;SFN;PPIF;RBBP8;FLNB;SOX3;CYP4F11;SORD;METTL3;TPBG;IDH2;CYP26B1;CCND1;CAV1;NRIP1;GINS2;IGSF1;FABP5;SNX10;TIAM1;DYNLT3;CD9;OPN3;PRLR;PDZK1;DHRS2;CXCL12;NMU;HR;FRK;CA12;EGR3;LAMC2;PTGER3;MYB;CDC20;PCP4;PLK4,"[83, 164, 177, 192, 215, 331, 339, 346, 389, 459, 521, 660, 790, 820, 920, 937, 958, 1151, 1169, 1219, 1295, 1417, 1437, 1443, 1662, 1752, 1786, 1799, 1846, 1852, 1935, 2009, 2040, 2046, 2072, 2095, 2127, 2212, 2242, 2266, 2338, 2358, 2367, 2379, 2414, 2460, 2491, 2581, 2587, 2691, 2699, 2999, 3033, 3127, 3216, 3236, 3255, 3331, 3385, 3436, 3482, 3534, 3588, 3677, 3777, 3883, 3944, 3953, 4007, 4043, 4051, 4105, 4161, 4384, 4436, 4624, 4663, 4732, 4871, 4930, 5059, 5080, 5210, 5221, 5338, 5377, 5439, 5726, 5758, 6116, 6143, 6144, 6202, 6227, 6431, 6452, 6494, 6516, 6526, 6573, 6596, 6774, 6803, 6804, 6897, 6993, 7035, 7040, 7052, 7057, 7304, 7383, 7395, 7521, 7624, 7708, 7817, 8144, 8271, 8567, 8683, 8732, 8760, 8819, 8840, 9009, 9036, 9070, 9313, 9769, 9840, 9857, 9866, 9956, 10181, 10280, 10315, 10418, 10519, 10887, 10896, 10899, 11018, 11126, 11740, 11756, 11869, 11872, 12200, 12219, 12272, 12347, 12351, 12495, 12720, 12758, 12849, 12974, 12981, 13273, 13458, 13967, 14013, 14583, 14889, 14946, 14985, 15019, 15027, 15173, 15434, 15519, 15635, 15826, 15960, 16263, 16376, 16541, 16620, 16690, 16796, 16958, 17052, 17104, 17145, 17216]",h.all__HALLMARK_ESTROGEN_RESPONSE_LATE
h.all,HALLMARK_XENOBIOTIC_METABOLISM,prerank,0.3637842966747975,1.632687038740182,0.00404040404040404,0.0052415261993111134,0.056,64_185,64/185,22.11%,EPHA2;SLC6A12;AKR1C2;MT2A;ATOH8;FBLN1;VNN1;ACSM1;CDA;SERTAD1;SMOX;HMOX1;TNFRSF1A;TMEM176B;IRF8;FMO3;CFB;F10;IGFBP1;CYP2S1;SLC1A5;ABCC2;EPHX1;TGFB2;CRP;ARG1;LEAP2;ACOX2;HGFAC;CES1;DDAH2;NQO1;SHMT2;DCXR;PYCR1;AKR1C3;PTGDS;SERPINE1;PDK4;NINJ1;CASP6;GNMT;ALDH2;GSTM4;LCAT;PTGES3;CA2;POR;ABCC3;KYNU;PC;SPINT2;IGFBP4;IL1R1;ARG2;SLC12A4;BCAR1;NMT1;PAPSS2;GCH1;CYP1A1;APOE;CCL25;F11,EPHA2;SLC6A12;AKR1C2;MT2A;ATOH8;FBLN1;VNN1;ACSM1;CDA;SERTAD1;SMOX;HMOX1;TNFRSF1A;TMEM176B;IRF8;FMO3;CFB;F10;IGFBP1;CYP2S1;SLC1A5;ABCC2;EPHX1;TGFB2;CRP;ARG1;LEAP2;ACOX2;HGFAC;CES1;DDAH2;NQO1;SHMT2;DCXR;PYCR1;AKR1C3;PTGDS;SERPINE1;PDK4;NINJ1;CASP6;GNMT;ALDH2;GSTM4;LCAT;PTGES3;CA2;POR;ABCC3;KYNU;PC;SPINT2;IGFBP4;IL1R1;ARG2;SLC12A4;BCAR1;NMT1;PAPSS2;GCH1;CYP1A1;APOE;CCL25;F11;FAH;SLC22A1;IDH1;MAOA;PMM1;ID2;JUP;COMT;CYP27A1;PPARD;CDO1;UGDH;DHPS;DHRS1;PGD;DHRS7;BLVRB;GSTO1;CYP4F2;GSTT2;AOX1;TAT;ECH1;FMO1;CYP2J2;TMBIM6;PTGES;LONP1;LPIN2;GCNT2;TMEM97;TPST1;FBP1;HES6;PDLIM5;RAP1GAP;NDRG2;TTPA;PINK1;UPB1;NFS1;PEMT;ETFDH;ADH5;ETS2;PSMB10;PROS1;PTGR1;ACOX3;ACO2;DDT;ITIH1;ABHD6;AHCY;UPP1;CNDP2;SLC46A3;NPC1;CYP26A1;CAT;CSAD;SLC35B1;ELOVL5;RBP4;FAS;HRG;ENPEP;ASL;ALDH9A1;ALAS1;TDO2;HNF4A;PLG;GSR;RETSAT;ACOX1;HPRT1;SLC35D1;ITIH4;BPHL;SLC6A6;GCKR;PTS;SAR1B;AQP9;CYFIP2;HSD11B1;MAN1A1;AP4B1;GABARAPL1;CBR1;MTHFD1;ACP2;SSR3;CROT;ATP2A2;CYP2E1;GART;PGRMC1;ANGPTL3;ACP1;CYB5A;MPP2;MCCC2;GSS;ARPP19;CYP2C18;GCLC;DDC;ABCD2;BCAT1;IGF1;ENTPD5;FETUB;GAD1;ESR1;HACL1;CYP17A1;ALDH3A1;FABP1;CD36,"[66, 95, 116, 145, 244, 317, 323, 400, 406, 411, 421, 444, 465, 597, 613, 624, 742, 817, 866, 876, 916, 917, 942, 972, 1140, 1261, 1283, 1443, 1463, 1470, 1500, 1507, 1562, 1786, 1856, 1888, 1932, 1969, 2104, 2130, 2147, 2231, 2440, 2735, 2782, 2982, 3033, 3100, 3146, 3173, 3246, 3318, 3331, 3361, 3411, 3454, 3506, 3578, 3588, 3660, 3781, 3783, 3814, 3873, 3983, 4218, 4236, 4253, 4260, 4384, 4440, 4655, 4678, 4819, 4853, 4930, 5006, 5089, 5171, 5216, 5221, 5230, 5368, 5465, 5482, 5535, 5900, 6071, 6103, 6122, 6202, 6221, 6477, 6676, 6999, 7001, 7002, 7030, 7105, 7183, 7189, 7398, 7410, 7444, 7507, 7577, 7884, 7946, 7952, 8058, 8219, 8232, 8425, 8708, 8961, 9033, 9211, 9224, 9229, 9531, 9583, 9677, 9721, 9738, 9967, 10040, 10315, 10335, 10342, 10671, 10752, 10883, 10914, 10954, 11040, 11254, 11564, 11586, 11612, 11648, 11740, 11779, 11782, 11798, 11809, 11828, 12025, 12070, 12114, 12306, 12344, 12602, 12612, 12915, 13032, 13068, 13075, 13471, 13624, 13652, 13924, 13926, 13933, 13943, 14239, 14314, 14431, 14461, 14519, 15315, 15316, 15499, 15625, 16070, 16088, 16385, 16418, 16724, 16776, 16823, 16845, 17007, 17019, 17237, 17499]",h.all__HALLMARK_XENOBIOTIC_METABOLISM
h.all,HALLMARK_APICAL_SURFACE,prerank,0.45589959600172125,1.6051972358894244,0.006,0.007220202339551059,0.081,13_42,13/42,13.53%,HSPB1;GAS1;IL2RG;PLAUR;GATA3;SLC2A4;EPHB4;RHCG;B4GALT1;ATP6V0A4;LYPD3;CROCC;CD160,HSPB1;GAS1;IL2RG;PLAUR;GATA3;SLC2A4;EPHB4;RHCG;B4GALT1;ATP6V0A4;LYPD3;CROCC;CD160;ADIPOR2;SRPX;AFAP1L2;FLOT2;SULF2;ATP8B1;AKAP7;EFNA5;THY1;LYN;CX3CL1;NCOA6;GSTM3;BRCA1;SHROOM2;GHRL;RTN4RL1;NTNG1;ADAM10;TMEM8B;MAL;SLC34A3;DCBLD2;APP;MDGA1;PKHD1;IL2RB;SCUBE1;PCSK9,"[4, 228, 264, 295, 951, 1137, 1589, 1626, 1628, 1955, 1958, 2011, 2369, 2776, 3586, 4096, 4550, 6218, 6240, 6296, 6393, 6446, 6593, 7987, 8454, 8568, 8672, 8713, 8763, 11418, 11805, 12690, 13203, 13217, 13631, 13643, 13823, 15914, 15966, 16545, 16905, 16929]",h.all__HALLMARK_APICAL_SURFACE
h.all,HALLMARK_MTORC1_SIGNALING,prerank,0.34981052051362466,1.5751400820667134,0.0019569471624266144,0.008587746910610455,0.11,65_193,65/193,24.35%,SERPINH1;DDIT4;CXCR4;NUPR1;STC1;NFIL3;PNP;STIP1;P4HA1;ITGB2;MTHFD2;CDKN1A;SLA;HK2;SLC7A5;SLC1A5;SLC2A3;HSPD1;MAP2K3;PLK1;PHGDH;HSPE1;TES;DDIT3;SHMT2;SDF2L1;UNG;AK4;CACYBP;XBP1;PLOD2;IGFBP5;HSPA5;PPP1R15A;PSPH;RRM2;DDX39A;CCNF;ADIPOR2;RIT1;HSPA4;IFRD1;PSAT1;SLC2A1;FKBP2;DAPP1;YKT6;NMT1;NFKBIB;ALDOA;QDPR;SLC7A11;CCNG1;GGA2;DHCR7;PRDX1;LDLR;CTSC;MTHFD2L;GLRX;SQSTM1;SERP1;IDH1;ENO1;BHLHE40,SERPINH1;DDIT4;CXCR4;NUPR1;STC1;NFIL3;PNP;STIP1;P4HA1;ITGB2;MTHFD2;CDKN1A;SLA;HK2;SLC7A5;SLC1A5;SLC2A3;HSPD1;MAP2K3;PLK1;PHGDH;HSPE1;TES;DDIT3;SHMT2;SDF2L1;UNG;AK4;CACYBP;XBP1;PLOD2;IGFBP5;HSPA5;PPP1R15A;PSPH;RRM2;DDX39A;CCNF;ADIPOR2;RIT1;HSPA4;IFRD1;PSAT1;SLC2A1;FKBP2;DAPP1;YKT6;NMT1;NFKBIB;ALDOA;QDPR;SLC7A11;CCNG1;GGA2;DHCR7;PRDX1;LDLR;CTSC;MTHFD2L;GLRX;SQSTM1;SERP1;IDH1;ENO1;BHLHE40;PGM1;CALR;CDC25A;EBP;EIF2S2;PFKL;EGLN3;GPI;UBE2D3;NFYC;HSP90B1;ASNS;DHFR;GAPDH;SEC11A;PSMB5;PDAP1;SLC1A4;G6PD;PIK3R3;CCT6A;CFP;FDXR;FGL2;TMEM97;TPI1;TUBG1;TRIB3;RPA1;FADS2;ARPC5L;TXNRD1;GLA;PSMA4;ABCF2;IFI30;LTA4H;CORO1A;PSMD12;SSR1;TUBA4A;PPIA;RPN1;PPA1;PSMC4;GBE1;COPS5;HMBS;CYB5B;TOMM40;NAMPT;ATP6V1D;TCEA1;RRP9;NUP205;BTG2;ETF1;LDHA;RAB1A;ADD3;AURKA;PGK1;HSPA9;PSMD14;PNO1;CANX;PSMD13;ELOVL5;LGMN;TBK1;PSMC6;DHCR24;TFRC;ACACA;RDH11;GOT1;PITPNB;EEF1E1;BUB1;SYTL2;GSR;HPRT1;SLC6A6;ACTR3;MLLT11;PSME3;EDEM1;PSMC2;ACSL3;SORD;HMGCR;M6PR;SKAP2;IMMT;INSIG1;ELOVL6;SQLE;ATP2A2;STARD4;MCM2;ACLY;ME1;GSK3B;GTF2H1;PSMA3;NUFIP1;UFM1;MCM4;PSMG1;USO1;CTH;POLR3G;CD9;IDI1;SRD5A1;GCLC;UCHL5;GMPS;ACTR2;BCAT1;TM7SF2;CYP51A1;FADS1;SC5D;PDK1;SCD;HMGCS1;VLDLR,"[5, 17, 50, 54, 156, 310, 345, 418, 424, 507, 532, 715, 734, 744, 790, 916, 935, 987, 1025, 1157, 1281, 1341, 1398, 1519, 1562, 1576, 1665, 1740, 1798, 1799, 1803, 1810, 2084, 2264, 2364, 2378, 2671, 2750, 2776, 2824, 2885, 2935, 2963, 3001, 3111, 3322, 3541, 3578, 3587, 3593, 3696, 3745, 3763, 3864, 3944, 4033, 4047, 4088, 4102, 4115, 4128, 4186, 4236, 4248, 4265, 4458, 4607, 4877, 4894, 4917, 5478, 5505, 5533, 5637, 5668, 5669, 5694, 5783, 5812, 6058, 6153, 6208, 6227, 6615, 6685, 6765, 6854, 6882, 6896, 6999, 7148, 7195, 7236, 7252, 7257, 7365, 7394, 7624, 7767, 7800, 7978, 8011, 8030, 8088, 8106, 8107, 8153, 8422, 8463, 8490, 8500, 8564, 8827, 9007, 9087, 9148, 9167, 9171, 9301, 9415, 9417, 9442, 9695, 9713, 9769, 9855, 9884, 10002, 10016, 10095, 10226, 10247, 10315, 10504, 10517, 10572, 10613, 10683, 10775, 10792, 10970, 11085, 11128, 11204, 11264, 11586, 11740, 11809, 11939, 11957, 12096, 12185, 12195, 12248, 12758, 13105, 13130, 13288, 13470, 13508, 13603, 13634, 13652, 13654, 13686, 13765, 13863, 13944, 13999, 14195, 14366, 14480, 14691, 14740, 14761, 14765, 14891, 15173, 15180, 15326, 15499, 15550, 15630, 15982, 16088, 16151, 16247, 16367, 16370, 16431, 16479, 16564, 17001]",h.all__HALLMARK_MTORC1_SIGNALING
h.all,HALLMARK_PI3K_AKT_MTOR_SIGNALING,prerank,0.38224447074502693,1.579723972938783,0.006060606060606061,0.00867631420113241,0.106,29_100,29/100,19.32%,CXCR4;MKNK2;IL2RG;FGF17;LCK;TNFRSF1A;CDKN1A;SLA;CDK2;MAP2K3;PLCG1;TRAF2;VAV3;DDIT3;PPP2R1B;FGF22;EGFR;NGF;PAK4;CAB39L;ECSIT;AKT1S1;RIT1;SLC2A1;ADCY2;ATF1;MYD88;DAPP1;NOD1,CXCR4;MKNK2;IL2RG;FGF17;LCK;TNFRSF1A;CDKN1A;SLA;CDK2;MAP2K3;PLCG1;TRAF2;VAV3;DDIT3;PPP2R1B;FGF22;EGFR;NGF;PAK4;CAB39L;ECSIT;AKT1S1;RIT1;SLC2A1;ADCY2;ATF1;MYD88;DAPP1;NOD1;NFKBIB;RIPK1;CSNK2B;SQSTM1;RPS6KA1;HRAS;RAF1;CALR;MAPKAP1;GNA14;AKT1;UBE2D3;HSP90B1;ARHGDIA;PFN1;AP2M1;PIN1;NCK1;PIK3R3;MKNK1;ARF1;SMAD2;TRIB3;CFL1;RPTOR;PPP1CA;CDKN1B;MAP2K6;E2F1;CDK4;TSC2;IRAK4;CDK1;ARPC3;RPS6KA3;IL4;MAP3K7;STAT2;PRKAR2A;RAC1;PTEN;GRB2;MAPK10;TBK1;ACACA;DUSP3;CAB39;MAPK1;RALB;ACTR3;PRKAA2;SFN;UBE2N;ITPR2;YWHAB;PIKFYVE;PRKAG1;PLA2G12A;MAPK9;MAPK8;THEM4;PTPN11;GSK3B;CLTC;EIF4E;TIAM1;PRKCB;ACTR2;PLCB1;PDK1;CAMK4,"[50, 171, 264, 282, 292, 465, 715, 734, 966, 1025, 1030, 1193, 1461, 1519, 1640, 1860, 1890, 1990, 2059, 2197, 2408, 2415, 2824, 3001, 3133, 3239, 3306, 3322, 3384, 3587, 4099, 4109, 4128, 4277, 4564, 4575, 4607, 4781, 4825, 5056, 5637, 5669, 5678, 5977, 6306, 6395, 6604, 6685, 6858, 6886, 6984, 7236, 7296, 7322, 7430, 7474, 7669, 7791, 7809, 8001, 8469, 8675, 8867, 9145, 9155, 9199, 9251, 9371, 9784, 9891, 10155, 10274, 10517, 10775, 10986, 11027, 11454, 11636, 11939, 12047, 12219, 12640, 12687, 13201, 13299, 13378, 13663, 13747, 13764, 13837, 13915, 13944, 14540, 14751, 15019, 15245, 15982, 15994, 16431, 17180]",h.all__HALLMARK_PI3K_AKT_MTOR_SIGNALING
h.all,HALLMARK_MYOGENESIS,prerank,0.3503597810687638,1.5877840221301638,0.0,0.008694277584571608,0.101,68_191,68/191,19.37%,TCAP;SMTN;STC2;TNNI2;CFD;TPD52L1;TEAD4;CKM;MYL4;MRAS;TGFB1;HSPB2;CDKN1A;CLU;GADD45B;ITGB4;TNNT3;CRYAB;FOXO4;AEBP1;PPP1R3C;ITGB5;DMPK;SORBS3;ITGA7;PDLIM7;FGF2;PYGM;TNNT1;PICK1;NQO1;AK1;SH3BGR;COL6A2;COX6A2;MYOM2;MYH7;TNNC1;ENO3;KLF5;HSPB8;FXYD1;NOTCH1;WWTR1;SPHK1;MYL7;CTF1;CASQ1;ANKRD2;ACTA1;APOD;PLXNB2;LPIN1;MYL3;RIT1;CNN3;IFRD1;FLII;PDE4DIP;TNNC2;COL1A1;ADCY9;MAPK12;PC;MYO1C;GAA;CKB;RYR1,TCAP;SMTN;STC2;TNNI2;CFD;TPD52L1;TEAD4;CKM;MYL4;MRAS;TGFB1;HSPB2;CDKN1A;CLU;GADD45B;ITGB4;TNNT3;CRYAB;FOXO4;AEBP1;PPP1R3C;ITGB5;DMPK;SORBS3;ITGA7;PDLIM7;FGF2;PYGM;TNNT1;PICK1;NQO1;AK1;SH3BGR;COL6A2;COX6A2;MYOM2;MYH7;TNNC1;ENO3;KLF5;HSPB8;FXYD1;NOTCH1;WWTR1;SPHK1;MYL7;CTF1;CASQ1;ANKRD2;ACTA1;APOD;PLXNB2;LPIN1;MYL3;RIT1;CNN3;IFRD1;FLII;PDE4DIP;TNNC2;COL1A1;ADCY9;MAPK12;PC;MYO1C;GAA;CKB;RYR1;CHRNA1;MYH9;MYH4;APLNR;TNNI1;CAMK2B;CACNA1H;PTP4A3;AKT2;BHLHE40;TNNT2;KIFC3;AGRN;SORBS1;CHRNB1;CRAT;ATP2A1;SH2B1;DTNA;FKBP1B;HDAC5;SLC6A8;MAPRE3;GSN;MYH1;MYL6B;ACHE;SYNGR2;SOD3;LSP1;OCEL1;BIN1;COX7A1;SIRT2;KCNH2;MYBPH;EPHB3;TPM2;COL15A1;GNAO1;FST;BAG1;IGFBP3;GPX3;TSC2;SPTAN1;LAMA2;SPEG;SGCG;CAV3;TPM3;ATP6AP1;COL4A2;ADAM12;GABARAPL2;PFKM;SVIL;RB1;ACSL1;NCAM1;EIF4A2;CKMT2;FDPS;DMD;SPARC;COL6A3;PRNP;MYBPC3;PSEN2;CHRNG;PPFIA4;FABP3;MEF2D;NAV2;DAPK2;SGCD;MYH3;IGFBP7;MB;ERBB3;ABLIM1;ITGB1;FHL1;PKIA;REEP1;VIPR1;HRC;MYOM1;HBEGF;APP;MEF2C;CDH13;MEF2A;SSPN;MYLK;AGL;PVALB;MYOZ1;SPDEF;COL3A1;SGCA;SCHIP1;NOS1;BDKRB2;MYOG;ACTC1;EFS;ACTN2;MYH8;IGF1;CACNG1;GJA5;SCD;MYF6;MYH11;TAGLN;SLN;CASQ2;DES;PTGIS;LDB3;KCNH1;CD36,"[40, 53, 182, 274, 367, 389, 461, 487, 552, 651, 664, 704, 715, 751, 762, 867, 947, 969, 1086, 1181, 1237, 1262, 1345, 1367, 1389, 1414, 1446, 1487, 1493, 1499, 1507, 1543, 1556, 1579, 1615, 1680, 1710, 1752, 1875, 1906, 2046, 2075, 2094, 2096, 2315, 2324, 2407, 2464, 2500, 2524, 2562, 2606, 2639, 2682, 2824, 2853, 2935, 3030, 3034, 3060, 3083, 3108, 3184, 3246, 3267, 3369, 3385, 3392, 3512, 3676, 3719, 3782, 4037, 4042, 4169, 4233, 4256, 4265, 4289, 4336, 4482, 4541, 4561, 4768, 4851, 4915, 4949, 5064, 5112, 5152, 5342, 5373, 5399, 5445, 5553, 5698, 5705, 5942, 6006, 6167, 6484, 6589, 6715, 6734, 6906, 6931, 7145, 7199, 7227, 7383, 7422, 7997, 8001, 8034, 8134, 8208, 8339, 8484, 8503, 8518, 8521, 8718, 8813, 8976, 9017, 9270, 9364, 9462, 9614, 9710, 9750, 9797, 9882, 9939, 10039, 10215, 10351, 10398, 11014, 11064, 11119, 11155, 11156, 11221, 11263, 11361, 11474, 11491, 11926, 11941, 11954, 11975, 12152, 12662, 12751, 12842, 12920, 13823, 14202, 14209, 14792, 14880, 14897, 15242, 15410, 15514, 15671, 15835, 15873, 15891, 16029, 16109, 16180, 16182, 16216, 16276, 16362, 16385, 16408, 16440, 16479, 16573, 16634, 16652, 16806, 16961, 17091, 17094, 17101, 17396, 17499]",h.all__HALLMARK_MYOGENESIS
h.all,HALLMARK_WNT_BETA_CATENIN_SIGNALING,prerank,0.4478043218622979,1.5595916360294548,0.017857142857142856,0.009751422699968385,0.128,22_42,22/42,27.51%,WNT6;FZD8;MYC;NOTCH4;LEF1;KAT2A;DLL1;AXIN1;FZD1;WNT5B;NOTCH1;FRAT1;JAG2;DVL2;DKK4;DKK1;JAG1;HEY2;TCF7;NCOR2;AXIN2;PPARD,WNT6;FZD8;MYC;NOTCH4;LEF1;KAT2A;DLL1;AXIN1;FZD1;WNT5B;NOTCH1;FRAT1;JAG2;DVL2;DKK4;DKK1;JAG1;HEY2;TCF7;NCOR2;AXIN2;PPARD;HDAC5;CSNK1E;NUMB;MAML1;CUL1;HEY1;TP53;HDAC2;NKD1;PTCH1;PSEN2;SKP2;NCSTN;RBPJ;HDAC11;CCND2;CTNNB1;ADAM17;GNAI1;WNT1,"[223, 277, 1027, 1183, 1357, 1719, 1813, 1850, 2005, 2073, 2094, 2381, 2854, 2896, 3271, 3672, 4378, 4509, 4529, 4624, 4815, 4819, 5112, 6138, 6531, 7014, 7730, 8717, 8757, 8857, 9274, 9434, 10351, 10744, 10781, 12042, 12907, 13238, 13480, 14545, 16238, 16459]",h.all__HALLMARK_WNT_BETA_CATENIN_SIGNALING
h.all,HALLMARK_NOTCH_SIGNALING,prerank,0.45810405173367097,1.4972790252406383,0.024,0.01520392032880177,0.201,16_32,16/32,28.06%,HEYL;DTX2;NOTCH2;KAT2A;DLL1;FZD1;NOTCH1;HES1;NOTCH3;SAP30;MAML2;DTX1;ST3GAL6;JAG1;PPARD;FZD5,HEYL;DTX2;NOTCH2;KAT2A;DLL1;FZD1;NOTCH1;HES1;NOTCH3;SAP30;MAML2;DTX1;ST3GAL6;JAG1;PPARD;FZD5;LFNG;TCF7L2;FZD7;CUL1;PSENEN;RBX1;WNT5A;FBXW11;WNT2;PSEN2;PRKCA;APH1A;SKP1;CCND1;DTX4;ARRB1,"[462, 1044, 1705, 1719, 1813, 2005, 2094, 2380, 2667, 3104, 3202, 3823, 4205, 4378, 4819, 4914, 5324, 5609, 7139, 7730, 8005, 8332, 8926, 9648, 10192, 10351, 10548, 10876, 11677, 13458, 14686, 14689]",h.all__HALLMARK_NOTCH_SIGNALING
h.all,HALLMARK_INTERFERON_ALPHA_RESPONSE,prerank,0.3591686071724392,1.4510637113914837,0.011650485436893204,0.022471363603200466,0.293,48_94,48/94,29.80%,CSF1;IL4R;IRF7;LAMP3;CXCL11;GMPR;CASP1;IFITM2;IRF1;TRIM5;IFITM1;CD74;SELL;IFITM3;CXCL10;MOV10;BST2;OGFR;TAP1;PLSCR1;HELZ2;ISG20;BATF2;C1S;IRF9;IFI27;TRIM26;PARP9;ELF1;OAS1;PSMB8;IL15;CCRL2;GBP2;UBE2L6;LY6E;TRIM21;PNPT1;USP18;TRIM25;RIPK2;ISG15;SLC25A28;HLA-C;NMI;PSME2;IRF2;GBP4,CSF1;IL4R;IRF7;LAMP3;CXCL11;GMPR;CASP1;IFITM2;IRF1;TRIM5;IFITM1;CD74;SELL;IFITM3;CXCL10;MOV10;BST2;OGFR;TAP1;PLSCR1;HELZ2;ISG20;BATF2;C1S;IRF9;IFI27;TRIM26;PARP9;ELF1;OAS1;PSMB8;IL15;CCRL2;GBP2;UBE2L6;LY6E;TRIM21;PNPT1;USP18;TRIM25;RIPK2;ISG15;SLC25A28;HLA-C;NMI;PSME2;IRF2;GBP4;NUB1;PSME1;TXNIP;MVB12A;DHX58;IFI35;IFIH1;LGALS3BP;TDRD7;IFI30;PARP12;SAMD9;PARP14;MX1;PSMB9;UBA7;SP110;B2M;STAT2;TRIM14;ADAR;LPAR6;EIF2AK2;TMEM140;CASP8;TRAFD1;SAMD9L;NCOA7;LAP3;IFIT2;PSMA3;IFIT3;EPSTI1;RNF31;HERC6;CMPK2;CD47;OASL;RSAD2;IL7;CNP;DDX60;IFI44;PROCR;RTP4;IFI44L,"[185, 222, 229, 404, 511, 555, 580, 633, 753, 786, 842, 908, 928, 970, 1647, 1790, 1831, 1892, 1919, 1987, 2365, 2691, 2906, 3007, 3170, 3312, 3344, 3488, 3605, 3619, 3668, 3762, 3794, 4039, 4279, 4330, 4452, 4532, 4553, 4649, 4669, 4942, 4944, 5034, 5088, 5113, 5196, 5220, 5559, 5690, 5739, 6333, 6611, 6730, 7032, 7121, 7927, 7978, 8015, 8115, 8234, 8341, 8351, 8446, 8508, 8759, 9251, 9338, 9405, 9574, 9688, 10600, 11055, 11988, 12091, 12171, 12648, 12748, 14195, 14434, 14518, 14663, 14735, 14841, 14865, 15788, 15853, 15968, 16429, 16525, 16698, 16717, 16949, 17246]",h.all__HALLMARK_INTERFERON_ALPHA_RESPONSE
h.all,HALLMARK_GLYCOLYSIS,prerank,0.31741270912638003,1.432060291206638,0.009940357852882704,0.026126743246566195,0.347,71_191,71/191,24.48%,DDIT4;CXCR4;P4HA2;STC1;STC2;FKBP4;CLDN9;P4HA1;PLOD1;ANGPTL4;ABCB6;HK2;GYS2;VEGFA;CHST4;SLC16A3;PFKP;DCN;SOX9;ADORA2B;B4GALT1;ALDOB;AK4;SDC2;PLOD2;CENPA;EGFR;GPC4;MERTK;HSPA5;CASP6;IER3;GPC3;CHST1;GAPDHS;ARTN;ISG20;PKP2;TFF3;PYGL;CHPF2;MXI1;IL13RA1;SAP30;TKTL1;MIF;VCAN;PC;MED24;GMPPA;DSC2;SPAG4;ANKZF1;ALDOA;COL5A1;ANG;DPYSL4;BIK;RBCK1;NOL3;CD44;CHST2;GLRX;PGM2;CACNA1H;KDELR3;IDH1;ENO1;CHPF;B3GAT3;IRS2,DDIT4;CXCR4;P4HA2;STC1;STC2;FKBP4;CLDN9;P4HA1;PLOD1;ANGPTL4;ABCB6;HK2;GYS2;VEGFA;CHST4;SLC16A3;PFKP;DCN;SOX9;ADORA2B;B4GALT1;ALDOB;AK4;SDC2;PLOD2;CENPA;EGFR;GPC4;MERTK;HSPA5;CASP6;IER3;GPC3;CHST1;GAPDHS;ARTN;ISG20;PKP2;TFF3;PYGL;CHPF2;MXI1;IL13RA1;SAP30;TKTL1;MIF;VCAN;PC;MED24;GMPPA;DSC2;SPAG4;ANKZF1;ALDOA;COL5A1;ANG;DPYSL4;BIK;RBCK1;NOL3;CD44;CHST2;GLRX;PGM2;CACNA1H;KDELR3;IDH1;ENO1;CHPF;B3GAT3;IRS2;AGRN;PGLS;SOD1;B4GALT4;GNPDA1;EGLN3;B4GALT2;CLN6;CHST12;SDC1;EFNA3;GPR87;ALDH7A1;XYLT2;PPP2CB;HAX1;PHKA2;KIF20A;G6PD;GUSB;PYGB;GALE;LHPP;TPST1;B4GALT7;PKM;TPI1;IGFBP3;GYS1;HDLBP;B3GAT1;GALK1;NDUFV3;GPC1;AK3;NT5E;HS2ST1;PPIA;PSMC4;CDK1;ENO2;IDUA;TXN;MDH2;GOT2;COG2;GNE;POLR3K;B3GALT6;UGP2;EXT2;NANP;LDHA;AKR1A1;SDC3;PDK3;AURKA;PGK1;CAPN5;GFPT1;QSOX1;EXT1;NSDHL;TALDO1;ALDH9A1;GOT1;PPFIA4;MPI;SLC25A10;PGAM1;ALG1;TGFBI;STMN1;RRAGD;NASP;SDHC;COPB2;TPBG;MDH1;HMMR;FAM162A;BPNT1;PRPS1;ZNF292;GAL3ST1;GMPPB;ME1;RPE;PAXIP1;CYB5A;CITED2;DLD;PAM;LCT;ELF3;HOMER1;CTH;DEPDC1;PMM2;ECD;CHST6;AGL;ARPP19;MET;KIF2A;GCLC;NDST3;GALK2;ME2;SRD5A3;SLC35A3;FUT8;TGFA;HS6ST2;PFKFB1;GLCE;SLC25A13;LDHC;VLDLR;CLDN3,"[17, 50, 136, 156, 182, 331, 390, 424, 451, 590, 730, 744, 879, 930, 1101, 1200, 1271, 1395, 1483, 1501, 1628, 1645, 1740, 1795, 1803, 1848, 1890, 1903, 2013, 2084, 2147, 2252, 2526, 2528, 2545, 2600, 2691, 2695, 2699, 2745, 2784, 2951, 3069, 3104, 3190, 3194, 3195, 3246, 3299, 3333, 3352, 3524, 3579, 3593, 3633, 3768, 3779, 3914, 3930, 3946, 4043, 4050, 4115, 4145, 4169, 4204, 4236, 4248, 4262, 4274, 4288, 4482, 4646, 4670, 5267, 5339, 5505, 5523, 5544, 5560, 5589, 5647, 5947, 6141, 6321, 6348, 6357, 6465, 6596, 6615, 6617, 6725, 6803, 6887, 7001, 7110, 7140, 7148, 7422, 7537, 7556, 7564, 7576, 7885, 7918, 8047, 8133, 8143, 8153, 8490, 8675, 8733, 8754, 8900, 8938, 8970, 9158, 9237, 9325, 9379, 9432, 9607, 9623, 9695, 9825, 9841, 9852, 9855, 9884, 10153, 10404, 10417, 10491, 10654, 10674, 10914, 10970, 11014, 11101, 11171, 11351, 11624, 11627, 12100, 12348, 12408, 12428, 12534, 12974, 13000, 13114, 13208, 13568, 13618, 13698, 13736, 13844, 13863, 13864, 14258, 14314, 14327, 14360, 14564, 14605, 14662, 14702, 14765, 15071, 15103, 15105, 15198, 15242, 15315, 15339, 15450, 15499, 15638, 15709, 15823, 15847, 15864, 15909, 16269, 16448, 16585, 16701, 16891, 16959, 17001, 17452]",h.all__HALLMARK_GLYCOLYSIS
h.all,HALLMARK_TGF_BETA_SIGNALING,prerank,0.38248553723362766,1.416944872929145,0.055666003976143144,0.028928232690483717,0.385,13_54,13/54,15.00%,TGIF1;TGFB1;ID3;BCAR3;NOG;FURIN;SERPINE1;WWTR1;PPP1R15A;SMAD6;SMAD7;IFNGR2;HDAC1,TGIF1;TGFB1;ID3;BCAR3;NOG;FURIN;SERPINE1;WWTR1;PPP1R15A;SMAD6;SMAD7;IFNGR2;HDAC1;LTBP2;RAB31;ID2;NCOR2;ENG;TGFBR1;ID1;CDK9;UBE2D3;HIPK2;JUNB;SKI;SMAD3;PMEPA1;BMPR1A;SMAD1;FKBP1A;LEFTY2;PPP1CA;RHOA;SKIL;CDKN1C;MAP3K7;XIAP;APC;CDH1;BMPR2;SMURF2;SPTBN1;THBS1;ACVR1;BMP2;SLC20A1;PPM1A;FNTA;TJP1;CTNNB1;SMURF1;TRIM33;ARID4B;KLF10,"[475, 664, 956, 1029, 1617, 1952, 1969, 2096, 2264, 2322, 2510, 2560, 2627, 3608, 4051, 4384, 4624, 5298, 5314, 5430, 5587, 5637, 5675, 5749, 5856, 5959, 6443, 6667, 7119, 7174, 7266, 7430, 7805, 8404, 8841, 9199, 9351, 9727, 9857, 9942, 10097, 10461, 10764, 11255, 11288, 11619, 11786, 11856, 12993, 13480, 13647, 13991, 14053, 15725]",h.all__HALLMARK_TGF_BETA_SIGNALING
h.all,HALLMARK_REACTIVE_OXYGEN_SPECIES_PATHWAY,prerank,0.3718792945893645,1.3208600042001892,0.0775347912524851,0.06936888811364157,0.685,23_47,23/47,35.35%,SBNO2;FES;PDLIM1;PFKP;HHEX;NQO1;FTL;EGLN2;MGST1;PRDX1;GLRX;TXNRD2;SOD1;SCAF4;NDUFS2;GPX4;NDUFB4;JUNB;PRDX6;LSP1;CDKN2D;GLRX2;ERCC2,SBNO2;FES;PDLIM1;PFKP;HHEX;NQO1;FTL;EGLN2;MGST1;PRDX1;GLRX;TXNRD2;SOD1;SCAF4;NDUFS2;GPX4;NDUFB4;JUNB;PRDX6;LSP1;CDKN2D;GLRX2;ERCC2;G6PD;STK25;PRDX2;TXNRD1;MSRA;LAMTOR5;OXSR1;NDUFA6;GPX3;ATOX1;HMOX2;TXN;GCLM;SOD2;CAT;PRNP;PRDX4;MBP;ABCC1;GSR;IPCEF1;SRXN1;MPO;GCLC,"[559, 696, 843, 1271, 1312, 1507, 3009, 3307, 3531, 4033, 4115, 4527, 4670, 4823, 4999, 5118, 5258, 5749, 5787, 5942, 6129, 6140, 6191, 6615, 6820, 7162, 7394, 7458, 7731, 7825, 7901, 7997, 8098, 8493, 8900, 9306, 9365, 9738, 10039, 10203, 10265, 11096, 11586, 13304, 14200, 14227, 15499]",h.all__HALLMARK_REACTIVE_OXYGEN_SPECIES_PATHWAY
h.all,HALLMARK_APICAL_JUNCTION,prerank,0.280206579676265,1.2640785171467768,0.05631067961165048,0.10976920644957318,0.845,37_183,37/183,16.19%,MMP9;ITGA10;CLDN7;TNFRSF11B;ALOX15B;MPZL2;CLDN9;CLDN15;CLDN6;PARD6G;ICAM2;INPPL1;CLDN5;SYK;CD86;VASP;ICAM1;ITGB4;PLCG1;SORBS3;NRTN;CD34;BMP1;B4GALT1;RAC2;EGFR;VWF;CD274;TSPAN4;MAPK11;ARHGEF6;PTPRC;ACTA1;AMH;SRC;CLDN14;WNK4,MMP9;ITGA10;CLDN7;TNFRSF11B;ALOX15B;MPZL2;CLDN9;CLDN15;CLDN6;PARD6G;ICAM2;INPPL1;CLDN5;SYK;CD86;VASP;ICAM1;ITGB4;PLCG1;SORBS3;NRTN;CD34;BMP1;B4GALT1;RAC2;EGFR;VWF;CD274;TSPAN4;MAPK11;ARHGEF6;PTPRC;ACTA1;AMH;SRC;CLDN14;WNK4;RRAS;CD209;VCAN;NRAP;LAMA3;MYH9;NF2;BAIAP2;CLDN4;ZYX;COL16A1;ACTN1;AKT2;JUP;SHC1;PARVA;HRAS;MSN;TRO;SIRPA;CRAT;CD276;MPZL1;CDH4;IRS1;TRAF1;GNAI2;STX4;CDH6;TAOK2;CLDN18;SYMPK;ITGA9;PFN1;PBX2;CNN2;THY1;MVD;PIK3R3;KCNH2;GTF2F1;NLGN2;TIAL1;TUBG1;RHOF;LAMB3;EVL;CADM3;CDH11;MDK;MAPK14;IKBKG;PKD1;YWHAH;DHX16;CX3CL1;ADAM15;VAV2;SPEG;THBS3;EXOC4;CTNNA1;MAP4K2;HADH;SHROOM2;CDK8;NRXN2;MADCAM1;LDLRAP1;MAPK13;ITGA3;CAP1;MYL12B;CTNND1;ACTN4;ATP1A3;ICAM5;SDC3;CDH1;WASL;PTEN;GAMT;SGCE;PCDH1;ACTB;AMIGO1;LAYN;ADRA1B;FSCN1;COL9A1;ARPC2;CNTN1;TSC1;ACTG1;TGFBI;NFASC;RSU1;ITGB1;CERCAM;NLGN3;PIK3CB;CDH3;JAM3;SLC30A3;CALB2;VCL;CADM2;MYH10;GRB7;TJP1;NEGR1;TMEM8B;SKAP2;INSIG1;PPP2R2C;ADAM23;EPB41L2;MMP2;AKT3;CRB3;ADAM9;VCAM1;RASA1;DLG1;SLIT2;CLDN11;PTK2;NF1;KRT31;FLNC;DSC1;AMIGO2;ACTC1;MYL9;CDH8;GNAI1;ACTN2;COL17A1;FBN1;NEXN;ITGA2;LAMC2;ACTG2;LIMA1;ADAMTS5;CDH15,"[9, 81, 122, 216, 254, 275, 390, 420, 496, 524, 640, 695, 781, 810, 827, 840, 847, 867, 1030, 1367, 1460, 1566, 1594, 1628, 1635, 1890, 1921, 2015, 2036, 2200, 2278, 2422, 2524, 2585, 2680, 2771, 2836, 3075, 3094, 3195, 3417, 3503, 3676, 3826, 3922, 3933, 4017, 4095, 4155, 4256, 4440, 4467, 4495, 4564, 4608, 4614, 4625, 4768, 4772, 4774, 4831, 4919, 5013, 5047, 5094, 5172, 5513, 5612, 5663, 5891, 5977, 6091, 6158, 6446, 6554, 6685, 6715, 6739, 6781, 7024, 7195, 7210, 7297, 7391, 7400, 7517, 7521, 7542, 7641, 7752, 7842, 7896, 7987, 8067, 8155, 8208, 8276, 8294, 8375, 8476, 8617, 8713, 8751, 8791, 8811, 8835, 8840, 8920, 9027, 9029, 9109, 9398, 9477, 9817, 9841, 9857, 9881, 9891, 9976, 10083, 10092, 10243, 10259, 10506, 10580, 10704, 10927, 11250, 11329, 11452, 11600, 11627, 11666, 11937, 11941, 12009, 12177, 12207, 12228, 12245, 12363, 12454, 12508, 12601, 12774, 12969, 12993, 13149, 13203, 13288, 13508, 13560, 14023, 14145, 14153, 14271, 14337, 14459, 14570, 15014, 15116, 15284, 15303, 15420, 15474, 15697, 15699, 16044, 16113, 16182, 16189, 16210, 16238, 16276, 16351, 16399, 16482, 16779, 16796, 16820, 17203, 17472, 17473]",h.all__HALLMARK_APICAL_JUNCTION
h.all,HALLMARK_ADIPOGENESIS,prerank,0.2774269462986617,1.2415435091490574,0.08171206225680934,0.12721691330198973,0.89,69_188,69/188,29.83%,MRAP;CYP4B1;PLIN2;C3;ANGPTL4;BCL6;RETN;SLC1A5;RREB1;CDKN2C;CD151;ITGA7;SLC25A1;STOM;LTC4S;PIM3;ARL4A;SLC19A1;HIBCH;HSPB8;ABCA1;FZD4;OMD;TKT;ATP1B3;ALDH2;VEGFB;ESRRA;PFKFB3;DGAT1;CMBL;ADIPOR2;NABP1;UCK1;POR;SCARB1;CD302;CHCHD10;PPARG;NMT1;ALDOA;SNCG;STAT5A;QDPR;TOB1;APOE;DHCR7;SOWAHC;FAH;UBC;SLC5A6;IDH1;NDUFB7;PGM1;ARAF;JAGN1;SORBS1;RAB34;SOD1;UQCR11;CRAT;CIDEA;UQCR10;PEX14;ELMOD3;GPX4;PPP1R15B;DHRS7;SLC27A1,MRAP;CYP4B1;PLIN2;C3;ANGPTL4;BCL6;RETN;SLC1A5;RREB1;CDKN2C;CD151;ITGA7;SLC25A1;STOM;LTC4S;PIM3;ARL4A;SLC19A1;HIBCH;HSPB8;ABCA1;FZD4;OMD;TKT;ATP1B3;ALDH2;VEGFB;ESRRA;PFKFB3;DGAT1;CMBL;ADIPOR2;NABP1;UCK1;POR;SCARB1;CD302;CHCHD10;PPARG;NMT1;ALDOA;SNCG;STAT5A;QDPR;TOB1;APOE;DHCR7;SOWAHC;FAH;UBC;SLC5A6;IDH1;NDUFB7;PGM1;ARAF;JAGN1;SORBS1;RAB34;SOD1;UQCR11;CRAT;CIDEA;UQCR10;PEX14;ELMOD3;GPX4;PPP1R15B;DHRS7;SLC27A1;UQCRQ;ITIH5;PFKL;ECHS1;ITSN1;GPAM;IFNGR1;COX6A1;ECH1;REEP6;UQCRC1;GADD45A;COQ3;CYC1;ACADL;LIFR;ACADS;PREB;ADCY6;GPD2;MGLL;COL15A1;IDH3G;GRPEL1;BAZ2A;NDUFS3;ACAA2;PEMT;TST;SPARCL1;GPX3;ESYT1;COX8A;NDUFAB1;MGST3;SUCLG1;DECR1;MRPL15;COQ9;GBE1;SAMM50;PPM1B;HADH;CS;ACO2;PRDX3;MDH2;DDT;ETFB;APLP2;RMDN3;ATL2;PHYH;SULT1A1;LPCAT3;LPL;CMPK1;CAT;LAMA4;FABP4;ABCB8;RTN3;TANK;DNAJB9;AIFM1;SCP2;AGPAT3;DHRS7B;SDHB;COX7B;TALDO1;MAP4K3;EPHX2;PDCD4;CHUK;COQ5;GHITM;BCL2L13;MCCC1;LIPE;BCKDHA;SLC25A10;RIOK3;YWHAG;DRAM2;CCNG2;DNAJC15;RETSAT;ACOX1;COL4A1;UCP2;NKIRAS1;RNF11;SDHC;AK2;REEP5;ACADM;GPHN;PTCD3;UBQLN1;ANGPT1;PHLDB1;IMMT;ELOVL6;ACLY;ME1;DLAT;DLD;CPT2;G3BP2;SSPN;MYLK;NDUFA5;IDH3A;MTCH2;ENPP2;DBT;PTGER3;CD36,"[163, 491, 537, 554, 590, 611, 672, 916, 1095, 1222, 1260, 1389, 1464, 1517, 1827, 1911, 1948, 1962, 1968, 2046, 2070, 2143, 2151, 2303, 2392, 2440, 2475, 2492, 2535, 2659, 2729, 2776, 2903, 3011, 3100, 3216, 3230, 3311, 3389, 3578, 3593, 3670, 3694, 3696, 3777, 3783, 3944, 3970, 3983, 4171, 4184, 4236, 4250, 4458, 4511, 4514, 4541, 4638, 4670, 4711, 4768, 4840, 4902, 5004, 5110, 5118, 5206, 5216, 5225, 5327, 5435, 5478, 5529, 5568, 5632, 5652, 5786, 5900, 6104, 6154, 6156, 6232, 6317, 6631, 6638, 6736, 6907, 7066, 7090, 7114, 7145, 7270, 7290, 7308, 7397, 7514, 7577, 7708, 7992, 7997, 8000, 8032, 8065, 8084, 8165, 8196, 8355, 8417, 8500, 8563, 8604, 8617, 8623, 8708, 8865, 8938, 8961, 9070, 9216, 9222, 9305, 9342, 9370, 9484, 9605, 9690, 9738, 9839, 9876, 10031, 10109, 10158, 10291, 10367, 10403, 10522, 10554, 10585, 10672, 10674, 10769, 10819, 10899, 10904, 10905, 10911, 11036, 11082, 11105, 11160, 11171, 11232, 11283, 11296, 11389, 11417, 11612, 11648, 11830, 11886, 11949, 12073, 12428, 12490, 12738, 12793, 12813, 13049, 13067, 13199, 13302, 13470, 13603, 13765, 13863, 14214, 14360, 14608, 14672, 14880, 14897, 15239, 15381, 15815, 16259, 16532, 16958, 17499]",h.all__HALLMARK_ADIPOGENESIS
h.all,HALLMARK_HEDGEHOG_SIGNALING,prerank,0.3744719775451622,1.2348210393422385,0.16565656565656567,0.12822083465064812,0.898,8_35,8/35,12.12%,CELSR1;GLI1;VEGFA;CNTFR;TLE3;NKX6-1;TLE1;PML,CELSR1;GLI1;VEGFA;CNTFR;TLE3;NKX6-1;TLE1;PML;NRP2;MYH9;HEY2;OPHN1;AMOT;SHH;ACHE;NRP1;THY1;L1CAM;ETS2;CRMP1;HEY1;PTCH1;DPYSL2;CDK5R1;LDB1;RTN1;PLG;CDK6;NRCAM;UNC5C;RASA1;NF1;SLIT1;SCG2;VLDLR,"[49, 198, 930, 1224, 1298, 1440, 1726, 2122, 3571, 3676, 4509, 4648, 4718, 5253, 5553, 6343, 6446, 7846, 7952, 8202, 8717, 9434, 10305, 10566, 11357, 11422, 11564, 11655, 12639, 13528, 15014, 15474, 15718, 16902, 17001]",h.all__HALLMARK_HEDGEHOG_SIGNALING
h.all,HALLMARK_SPERMATOGENESIS,prerank,-0.33473325573115664,-1.415336551418832,0.012195121951219513,0.1457725947521866,0.356,38_115,38/115,23.06%,CFTR;DCC;ADCYAP1;TCP11;CCT6B;CAMK4;IL13RA2;ODF1;BRAF;PHF7;LDHC;GAD1;NEK2;CHRM4;NOS1;SLC12A2;ZPBP;MEP1B;IL12RB2;MAP7;NPY5R;MTNR1A;PSMG1;SPATA6;MLF1;CLGN;CDKN3;DMC1;PARP2;CLVS1;RAD17;PIAS2;DDX4;CHFR;TNNI3;STRBP;TOPBP1;SCG3,GPR182;HSPA1L;ART3;SLC2A5;DPEP3;POMC;ARL4A;HSPA4L;PCSK4;GAPDHS;LPIN1;TULP2;TTK;PAPOLB;ELOVL3;TKTL1;ZC2HC1C;KIF2C;NAA11;NF2;CNIH2;RFC4;SHE;PHKG2;SIRT1;PGS1;ACRBP;NEFH;IP6K1;HBZ;HSPA2;MAST2;CSNK2A2;NPHP1;GFI1;ALOX15;ZNRF4;TLE4;NCAPH;RPL39L;GSTM3;CDK1;VDAC3;GSG1;COIL;MLLT10;ACRV1;PRKAR2A;ACE;PCSK1N;PACRG;STAM2;AURKA;YBX2;EZH2;IDE;TEKT2;TALDO1;PEBP1;SNAP91;OAZ3;DDX25;BUB1;ZC3H14;GRM8;MTOR;DBF4;HTR5A;CCNB2;IFT88;CCNA1;SCG5;JAM3;CLPB;GMCL1;AGFG1;TSN;SCG3;TOPBP1;STRBP;TNNI3;CHFR;DDX4;PIAS2;RAD17;CLVS1;PARP2;DMC1;CDKN3;CLGN;MLF1;SPATA6;PSMG1;MTNR1A;NPY5R;MAP7;IL12RB2;MEP1B;ZPBP;SLC12A2;NOS1;CHRM4;NEK2;GAD1;LDHC;PHF7;BRAF;ODF1;IL13RA2;CAMK4;CCT6B;TCP11;ADCYAP1;DCC;CFTR,"[427, 445, 570, 673, 691, 1372, 1948, 2009, 2288, 2545, 2639, 2731, 2815, 3008, 3032, 3190, 3367, 3400, 3732, 3826, 3890, 4059, 4091, 4305, 4365, 4972, 5091, 5178, 5481, 5697, 6101, 6290, 6342, 6358, 6365, 6841, 7204, 7360, 8086, 8368, 8568, 8675, 8723, 8756, 9208, 9253, 9304, 9371, 9399, 9597, 9642, 9673, 9855, 9897, 9948, 10099, 10456, 10674, 10690, 10767, 10879, 11007, 11204, 11307, 11391, 11465, 11526, 11559, 11568, 11820, 11869, 12003, 12245, 12504, 12858, 12951, 13117, 13479, 13538, 13554, 13613, 13677, 13843, 13866, 14061, 14080, 14289, 14334, 14524, 14579, 14632, 14724, 14740, 14744, 14873, 15415, 15565, 15755, 15870, 15947, 16029, 16207, 16512, 16776, 16959, 16978, 17096, 17100, 17146, 17180, 17188, 17391, 17419, 17427, 17465]",h.all__HALLMARK_SPERMATOGENESIS
h.all,HALLMARK_KRAS_SIGNALING_DN,prerank,-0.2910406266105788,-1.2927471667850132,0.034552845528455285,0.22481373501781665,0.745,34_164,34/164,12.27%,PAX3;DCC;CPB1;KRT5;IFI44L;PLAG1;CALCB;GPR3;GRID2;ARPP21;NTF3;IL5;ALOX12B;CLDN16;ITIH3;SSTR4;KCNMB1;SCN10A;C5;PROP1;SLC16A7;CACNG1;SERPINB2;NPY4R;ACTC1;EPHA5;NOS1;MFSD6;RSAD2;KRT1;RYR2;SIDT1;EDAR;KCNQ2,HSD11B2;CKM;TG;CYP39A1;TCF7L1;OXT;KRT15;UGT2B17;MEFV;PRODH;TGFB2;ADRA2C;PKP1;SLC6A3;MYOT;COL2A1;CNTFR;NGB;CD80;INSL5;SLC5A5;MYH7;FGF22;LYPD3;TGM1;SLC12A3;TFCP2L1;GP1BA;HNF1A;BRDT;BMPR1B;ZC2HC1C;RYR1;SGK1;EFHD1;EGF;FGFR3;IGFBP2;CPA2;SCGB1A1;KRT13;CHST2;COPZ2;WNT16;HTR1D;EDN1;SERPINA10;SPHK2;SLC29A3;GTF3C5;SNN;SMPX;ARHGDIG;LFNG;NRIP2;SOX10;PNMT;ATP4A;NR6A1;IL12B;FGF16;BARD1;GPR19;NR4A2;RGS11;MYO15A;SNCB;KLHDC8A;CACNA1F;KCND1;ZBTB16;MAST3;CELSR2;CCDC106;MTHFR;PDCD1;TEX15;GPRC5C;SHOX2;ZNF112;MX1;SKIL;THRB;CAPN9;IDUA;MAGIX;SYNPO;ASB7;DTNB;UPK3B;BTG2;CDKAL1;CPEB3;YBX2;GAMT;ABCG4;CHRNG;CLSTN3;KCNE2;SLC25A23;DLK2;KLK7;CAMK1D;RIBC2;P2RX6;CLPS;PDK2;CCNA1;NUDT11;PDE6B;YPEL1;SLC30A3;ENTPD7;TENM2;MSH5;ITGB1BP2;HTR1B;THNSL2;ATP6V1B1;PTGFR;TNNI3;SPTBN2;PTPRJ;STAG3;FGGY;TAS2R4;IRS4;NPHS1;ABCB11;GDNF;KCNQ2;EDAR;SIDT1;RYR2;KRT1;RSAD2;MFSD6;NOS1;EPHA5;ACTC1;NPY4R;SERPINB2;CACNG1;SLC16A7;PROP1;C5;SCN10A;KCNMB1;SSTR4;ITIH3;CLDN16;ALOX12B;IL5;NTF3;ARPP21;GRID2;GPR3;CALCB;PLAG1;IFI44L;KRT5;CPB1;DCC;PAX3,"[98, 487, 489, 530, 550, 618, 682, 765, 807, 859, 972, 1002, 1087, 1106, 1143, 1158, 1224, 1245, 1256, 1597, 1695, 1710, 1860, 1958, 2028, 2435, 2451, 2904, 2915, 2959, 3189, 3367, 3392, 3436, 3511, 3525, 3534, 3564, 3572, 3821, 3883, 4050, 4138, 4362, 4470, 4526, 4651, 4690, 4798, 5003, 5051, 5164, 5322, 5324, 5487, 5491, 5502, 5532, 5681, 5684, 5693, 5779, 5822, 6025, 6277, 6400, 6435, 6456, 6649, 6778, 6815, 6965, 6993, 7025, 7163, 7295, 7326, 7385, 7828, 8263, 8341, 8404, 8543, 8728, 8754, 8866, 8915, 9156, 9185, 9314, 9417, 9665, 9685, 9897, 9976, 10288, 10398, 10445, 10543, 10611, 10826, 11073, 11313, 11348, 11375, 11494, 11569, 11869, 12035, 12077, 12124, 12363, 12406, 12581, 12703, 12833, 13362, 13440, 13468, 13558, 13613, 13619, 13891, 14022, 14078, 14185, 14370, 14503, 14610, 14818, 15369, 15487, 15603, 15613, 15640, 15853, 15992, 16029, 16099, 16182, 16298, 16394, 16408, 16446, 16475, 16539, 16598, 16726, 16740, 16747, 16777, 16934, 16971, 17073, 17082, 17130, 17132, 17163, 17212, 17246, 17270, 17308, 17427, 17485]",h.all__HALLMARK_KRAS_SIGNALING_DN
h.all,HALLMARK_MYC_TARGETS_V2,prerank,0.3087601992405923,1.1461591996825864,0.22828282828282828,0.2396171643721438,0.986,9_57,9/57,11.21%,HK2;MAP3K6;HSPD1;MYC;PLK1;NOP2;HSPE1;UNG;SLC19A1,HK2;MAP3K6;HSPD1;MYC;PLK1;NOP2;HSPE1;UNG;SLC19A1;TCOF1;PUS1;NOP56;NOP16;SLC29A2;GRWD1;WDR74;RRP12;TMEM97;FARSA;TBRG4;BYSL;PPRC1;NOC4L;PES1;CDK4;PPAN;SRM;MYBBP1A;MCM5;DUSP2;TFB2M;NIP7;RRP9;RCL1;NDUFAF4;MPHOSPH10;GNL3;CBX3;SUPV3L1;PA2G4;DCTPP1;IMP4;RABEPK;EXOSC5;NOLC1;MRTO4;LAS1L;SORD;NPM1;IPO4;PRMT3;WDR43;UTP20;AIMP2;MCM4;DDX18;PLK4,"[744, 813, 987, 1027, 1157, 1270, 1341, 1665, 1962, 3023, 3276, 3528, 5126, 5235, 5592, 6022, 6582, 6999, 7402, 7435, 7661, 7693, 7706, 7737, 7809, 7858, 7859, 8006, 8642, 8683, 8780, 9026, 9301, 9337, 9345, 9444, 9684, 10190, 10223, 10510, 10511, 10949, 11583, 11749, 11890, 12043, 12050, 12758, 12801, 13544, 13845, 14178, 14445, 14679, 14691, 15143, 17216]",h.all__HALLMARK_MYC_TARGETS_V2
h.all,HALLMARK_PANCREAS_BETA_CELLS,prerank,-0.3595215696188192,-1.1843030231744445,0.2131782945736434,0.36777885757477596,0.95,5_32,5/32,3.77%,PAK3;SST;PCSK1;NEUROD1;PKLR,NEUROG3;NKX6-1;SCGN;CHGA;HNF1A;FOXO1;GCK;VDR;ELP4;PAX6;G6PC2;SRP14;NKX2-2;SEC11A;MAFB;SRPRB;ABCC8;SRP9;PCSK2;LMO2;SYT13;STXBP1;DCX;AKT3;SPCS1;DPP4;INSM1;PKLR;NEUROD1;PCSK1;SST;PAK3,"[921, 1440, 1620, 2611, 2915, 3040, 3382, 3453, 3750, 3830, 5227, 5729, 5923, 6058, 6096, 6969, 8762, 9394, 10027, 10397, 10526, 11395, 13641, 14271, 14777, 15020, 15817, 16858, 16873, 16952, 17376, 17382]",h.all__HALLMARK_PANCREAS_BETA_CELLS
h.all,HALLMARK_G2M_CHECKPOINT,prerank,0.23036853742931618,1.044534845058628,0.3378640776699029,0.4373616819475182,1.0,35_185,35/185,18.04%,MT2A;CKS2;UBE2C;BCL3;MYBL2;E2F2;TGFB1;CCNA2;SLC7A5;CDC45;MYC;ESPL1;PLK1;FANCC;CDKN2C;TLE3;TACC3;RAD54L;NOTCH2;E2F4;CENPA;PML;AURKB;KIF5B;XPO1;RBM14;DTYMK;BIRC5;DDX39A;CCNF;TTK;TOP2A;SAP30;SLC7A1;G3BP1,MT2A;CKS2;UBE2C;BCL3;MYBL2;E2F2;TGFB1;CCNA2;SLC7A5;CDC45;MYC;ESPL1;PLK1;FANCC;CDKN2C;TLE3;TACC3;RAD54L;NOTCH2;E2F4;CENPA;PML;AURKB;KIF5B;XPO1;RBM14;DTYMK;BIRC5;DDX39A;CCNF;TTK;TOP2A;SAP30;SLC7A1;G3BP1;KIF2C;CKS1B;EGF;CHMP1A;SMARCC1;UPF1;MKI67;ATF5;KIF15;CDC6;HIRA;CDC25B;CDC25A;HUS1;TROAP;POLE;NUSAP1;HMGA1;CTCF;DKC1;RBL1;BARD1;FBXO5;SMAD3;FOXN3;KATNA1;PTTG1;EFNA5;ABL1;TFDP1;RAD21;BUB3;TOP1;MCM3;CDKN1B;SRSF1;NUP98;MAPK14;ODF2;CUL1;SYNCRIP;E2F1;CDK4;HSPA8;POLQ;SRSF10;TMPO;UBE2S;HIF1A;CUL4A;ODC1;NDC80;CBX1;STIL;ILF3;GSPT1;MCM5;LBR;STAG1;CDK1;TNPO2;RAD23B;MARCKS;CHAF1A;EWSR1;RACGAP1;BRCA2;PDS5B;ARID4A;TPX2;CUL3;TRA2B;RPA2;NUMA1;PRMT5;POLA2;DMD;AURKA;EZH2;DR1;HNRNPD;KPNB1;YTHDC1;MCM6;SS18;LMNB1;SNRPD1;SMC1A;CCNT1;BUB1;MEIS2;KIF22;ATRX;DBF4;LIG3;NUP50;CCNB2;NCL;NOLC1;AMD1;STMN1;KPNA2;HNRNPU;NASP;TRAIP;ORC5;MNAT1;PURA;SRSF2;CHEK1;HMMR;KIF11;CDC7;PRC1;CCND1;KIF23;SQLE;MCM2;INCENP;ORC6;CDC27;UCK2;PBK;KIF4A;SUV39H1;CENPF;EXO1;CDKN3;GINS2;CENPE;HMGN2;E2F3;SFPQ;HMGB3;MAD2L1;CUL5;SMC2;MTF2;PAFAH1B1;RASAL2;SLC38A1;WRN;SMC4;SLC12A2;RPS6KA5;NEK2;KIF20B;MEIS1;CDC20;PLK4,"[145, 262, 304, 332, 358, 628, 664, 750, 790, 881, 1027, 1126, 1157, 1163, 1222, 1298, 1320, 1327, 1705, 1736, 1848, 2122, 2257, 2356, 2418, 2437, 2488, 2532, 2671, 2750, 2815, 2999, 3104, 3153, 3159, 3400, 3424, 3525, 3780, 3934, 3965, 4334, 4489, 4545, 4732, 4763, 4784, 4877, 4962, 5141, 5309, 5329, 5375, 5434, 5618, 5625, 5779, 5948, 5959, 5960, 6303, 6319, 6393, 6536, 6570, 7067, 7367, 7370, 7471, 7474, 7477, 7489, 7542, 7573, 7730, 7742, 7791, 7809, 7892, 7904, 8053, 8059, 8109, 8186, 8203, 8236, 8485, 8531, 8567, 8609, 8612, 8642, 8661, 8664, 8675, 8702, 8765, 8773, 8781, 8921, 8924, 8964, 9055, 9076, 9078, 9107, 9238, 9373, 9416, 9589, 9662, 9797, 9855, 9948, 10029, 10784, 10936, 10939, 10952, 10993, 11024, 11069, 11075, 11200, 11204, 11265, 11322, 11432, 11526, 11528, 11560, 11568, 11697, 11890, 12065, 12100, 12142, 12398, 12408, 12533, 12567, 12649, 12679, 12742, 13033, 13114, 13224, 13237, 13325, 13458, 13499, 13634, 13686, 13749, 13779, 13789, 13907, 13950, 14052, 14234, 14326, 14514, 14524, 14583, 14653, 14670, 14682, 14769, 14919, 14997, 15156, 15203, 15272, 15277, 15409, 15469, 15676, 15839, 15947, 16336, 16512, 16793, 17058, 17104, 17216]",h.all__HALLMARK_G2M_CHECKPOINT
h.all,HALLMARK_CHOLESTEROL_HOMEOSTASIS,prerank,0.2685447582580364,1.0342142021429335,0.3984526112185687,0.4491938033512488,1.0,25_70,25/70,25.63%,TNFRSF12A;PLAUR;NFIL3;HSD17B7;CLU;PNRC1;S100A11;CXCL16;GSTM2;PLSCR1;CBS;ANTXR2;ETHE1;GPX8;PPARG;PMVK;ERRFI1;LSS;DHCR7;LDLR;FBXO6;ATF3;JAG1;ANXA5;ATF5,TNFRSF12A;PLAUR;NFIL3;HSD17B7;CLU;PNRC1;S100A11;CXCL16;GSTM2;PLSCR1;CBS;ANTXR2;ETHE1;GPX8;PPARG;PMVK;ERRFI1;LSS;DHCR7;LDLR;FBXO6;ATF3;JAG1;ANXA5;ATF5;EBP;LGALS3;TP53INP1;ECH1;STX5;FDFT1;MVD;GUSB;TMEM97;GLDC;TRIB3;FADS2;ACSS2;PCYT2;ATXN2;ANXA13;LPL;FDPS;PDK3;FASN;SREBF2;ABCA2;ALDOC;LGMN;NSDHL;MVK;CHKA;ACTG1;HMGCR;CTNNB1;ACAT2;SQLE;STARD4;CPEB2;ALCAM;FABP5;CD9;IDI1;TM7SF2;GNAI1;CYP51A1;SC5D;SCD;HMGCS1;AVPR1A,"[251, 295, 310, 706, 751, 875, 1102, 1455, 1841, 1987, 2489, 2764, 2817, 3218, 3389, 3529, 3734, 3829, 3944, 4047, 4239, 4249, 4378, 4406, 4489, 4894, 5562, 5872, 5900, 6145, 6431, 6554, 6617, 6999, 7053, 7236, 7257, 7712, 8526, 8863, 9256, 9605, 9750, 9852, 9932, 10171, 10283, 10502, 10504, 10654, 11447, 11453, 11600, 13105, 13480, 13534, 13634, 13654, 14167, 14739, 14946, 15173, 15180, 16151, 16238, 16247, 16370, 16479, 16564, 16636]",h.all__HALLMARK_CHOLESTEROL_HOMEOSTASIS
h.all,HALLMARK_PROTEIN_SECRETION,prerank,-0.27184341825363356,-1.0990085211227825,0.28053435114503816,0.49991901522513765,0.997,42_92,42/92,35.53%,TSPAN8;VPS4B;MON2;ICA1;DST;CAV2;STAM;VAMP4;DNM1L;SSPN;USO1;STX12;PAM;CLTC;CLCN3;GALC;ATP6V1B1;RAB2A;M6PR;RAB14;ARFGEF1;NAPG;RAB5A;ARFGEF2;ADAM10;ANP32E;COPB2;PPT1;TPD52;ZW10;ARCN1;STX7;AP2B1;BNIP3;ATP7A;SEC31A;ATP1A1;MAPK1;AP1G1;YIPF6;TMED2;SCRN1,KRT18;EGFR;ABCA1;SNAP23;AP2S1;RAB9A;CD63;YKT6;TMX1;CTSC;SOD1;IGF2R;GNAS;SCAMP3;CLTA;ERGIC3;STX16;AP2M1;ARF1;COPE;NAPA;CLN5;ATP6V1H;GLA;TMED10;OCRL;TSG101;SEC24D;COPB1;SGMS1;ARFGAP3;BET1;RER1;GBF1;RPS6KA3;COG2;SNX2;SH3GL2;LAMP2;VPS45;LMAN1;AP3S1;VAMP3;AP3B1;KIF1B;RAB22A;TOM1L1;GOLGA4;ARFIP1;GOSR2;SCRN1;TMED2;YIPF6;AP1G1;MAPK1;ATP1A1;SEC31A;ATP7A;BNIP3;AP2B1;STX7;ARCN1;ZW10;TPD52;PPT1;COPB2;ANP32E;ADAM10;ARFGEF2;RAB5A;NAPG;ARFGEF1;RAB14;M6PR;RAB2A;ATP6V1B1;GALC;CLCN3;CLTC;PAM;STX12;USO1;SSPN;DNM1L;VAMP4;STAM;CAV2;DST;ICA1;MON2;VPS4B;TSPAN8,"[166, 1890, 2070, 2185, 2630, 3017, 3076, 3541, 3568, 4088, 4670, 4804, 5066, 5890, 6049, 6236, 6243, 6306, 6886, 7169, 7401, 7421, 7462, 7624, 7741, 7750, 7812, 7971, 8170, 8313, 8688, 8741, 8824, 9118, 9145, 9158, 9357, 9467, 9877, 9892, 9969, 10100, 10201, 10436, 10437, 10508, 10589, 10631, 10687, 10808, 11294, 11303, 11360, 11383, 11454, 11478, 11534, 11610, 11691, 11810, 11861, 12088, 12126, 12197, 12235, 12534, 12553, 12690, 12850, 12909, 12916, 12936, 12942, 13130, 13360, 13468, 13580, 13865, 14540, 14564, 14584, 14761, 14880, 14940, 15056, 15065, 15265, 15276, 15422, 15516, 15829, 16789]",h.all__HALLMARK_PROTEIN_SECRETION
h.all,HALLMARK_ANDROGEN_RESPONSE,prerank,0.23687412286029508,0.9699363110061007,0.5178197064989518,0.608368900832543,1.0,14_94,14/94,12.55%,AZGP1;FKBP5;SLC38A2;TMPRSS2;KRT19;STEAP4;KRT8;B4GALT1;MAF;CCND3;MERTK;SAT1;SLC26A2;DBI,AZGP1;FKBP5;SLC38A2;TMPRSS2;KRT19;STEAP4;KRT8;B4GALT1;MAF;CCND3;MERTK;SAT1;SLC26A2;DBI;BMPR1B;MYL12A;NKX3-1;SGK1;ADAMTS1;ABCC4;TSC22D1;ACTN1;RAB4A;GNAI3;ADRM1;TNFAIP8;AKT1;PTPN21;NDRG1;UBE2I;SMS;UAP1;SRF;PMEPA1;HSD17B14;RRP12;PTK2B;LIFR;AKAP12;PDLIM5;ELK4;ZBTB10;INPP4B;SEC24D;ZMIZ1;B2M;RPS6KA3;ARID5B;GPD1L;UBE2J1;ITGAV;XRCC6;ABHD2;TMEM50A;LMAN1;HERC3;ANKH;DNAJB9;ELOVL5;NGLY1;PA2G4;DHCR24;ELL2;HPGD;VAPA;HOMER2;NCOA4;APPBP2;PGM3;GSR;CDK6;MAK;SRP19;TPD52;ACSL3;SORD;CENPN;XRCC5;HMGCR;CDC14B;CCND1;INSIG1;SPCS3;PIAS1;STK39;IDI1;CAMKK2;MAP7;ALDH1A3;SPDEF;IQGAP2;FADS1;SCD;HMGCS1,"[100, 215, 573, 889, 1151, 1358, 1580, 1628, 1694, 1758, 2013, 2029, 2127, 2198, 3189, 3359, 3364, 3436, 3516, 3712, 3795, 4155, 4285, 4315, 4377, 4544, 5056, 5357, 5400, 5531, 5814, 6299, 6318, 6443, 6522, 6582, 6612, 6638, 6752, 7105, 7510, 7778, 7949, 7971, 8160, 8759, 9145, 9174, 9552, 9655, 9683, 9692, 9866, 9961, 9969, 9974, 10137, 10291, 10315, 10334, 10510, 10613, 10814, 10856, 11042, 11126, 11387, 11423, 11424, 11586, 11655, 11835, 11942, 12197, 12248, 12758, 12967, 13013, 13105, 13320, 13458, 13508, 13549, 13646, 14241, 15180, 15193, 15415, 15501, 15671, 15943, 16367, 16479, 16564]",h.all__HALLMARK_ANDROGEN_RESPONSE
h.all,HALLMARK_HEME_METABOLISM,prerank,0.20296967921013345,0.9076797665236537,0.7131931166347992,0.7704240756722578,1.0,35_182,35/182,18.82%,P4HA2;NFE2;TAL1;PDZK1IP1;SMOX;EPOR;CLIC2;MYL4;C3;E2F2;ABCB6;BCAM;MAP2K3;AQP3;GYPC;RBM38;SELENBP1;GYPA;SLC6A9;CCND3;SLC30A1;LRP10;ALDH1L1;FTCD;HDGF;BSG;TMCC2;KLF1;ACP5;MXI1;SLC2A1;CA2;KHNYN;PC;MOCOS,P4HA2;NFE2;TAL1;PDZK1IP1;SMOX;EPOR;CLIC2;MYL4;C3;E2F2;ABCB6;BCAM;MAP2K3;AQP3;GYPC;RBM38;SELENBP1;GYPA;SLC6A9;CCND3;SLC30A1;LRP10;ALDH1L1;FTCD;HDGF;BSG;TMCC2;KLF1;ACP5;MXI1;SLC2A1;CA2;KHNYN;PC;MOCOS;NARF;SEC14L1;SLC7A11;UBAC1;CTNS;MFHAS1;SLC25A38;HAGH;PGLS;EZH1;PIGQ;SLC30A10;SLC10A3;SLC6A8;HTATIP2;BLVRB;ERMAP;TNS1;CCDC28A;CTSB;NFE2L1;ASNS;UROS;HBZ;DAAM1;ARL2BP;RHD;MARK3;SDCBP;UROD;ALDH6A1;ATG4A;LPIN2;BACH1;RAD23A;GLRX5;ADD1;KLF3;PSMD9;OPTN;PRDX2;RAP1GAP;MOSPD1;HTRA2;HEBP1;TOP1;MPP1;TMEM9B;TNRC6B;CDR2;FOXO3;DCAF10;MGST3;MINPP1;VEZF1;BLVRA;CAST;KAT2B;MKRN1;RANBP10;NUDT4;HMBS;FN3K;GYPE;RNF19A;EPB42;TCEA1;YPEL5;GCLM;RCL1;RNF123;BTG2;NEK7;ADIPOR1;CAT;DCAF11;HBQ1;LAMP2;PPOX;PPP2R5B;ATP6V0A1;DCUN1D1;GDE1;ARHGEF12;LMO2;SIDT2;TFDP2;CIR1;TFRC;SNCA;ELL2;BTRC;FBXO34;RIOK3;XPO7;NCOA4;ABCG2;EIF2AK1;UCP2;GAPVD1;TSPAN5;RBM5;ALAD;SLC25A37;NR3C1;FOXJ2;TRAK2;USP15;EPB41;KEL;NNT;PICALM;XK;SLC22A4;ISCA1;BPGM;MBOAT2;IGSF3;CDC27;CLCN3;CPOX;ACSL6;OSBP2;SYNJ1;SLC11A2;BNIP3L;FBXO9;GCLC;TRIM58;GMPS;AGPAT4;GATA1;FECH;FBXO7;ANK1;GYPB;BMP2K;ENDOD1;RHCE;SPTB;SLC4A1;HBD;CA1;ADD2;TSPO2;ALAS2;HBB,"[136, 234, 293, 388, 421, 484, 544, 552, 554, 628, 730, 940, 1025, 1057, 1209, 1428, 1432, 1636, 1666, 1758, 1863, 1876, 2032, 2277, 2323, 2433, 2655, 2846, 2930, 2951, 3001, 3033, 3199, 3246, 3296, 3545, 3716, 3745, 3837, 3861, 4064, 4370, 4519, 4646, 4885, 4993, 5017, 5133, 5152, 5179, 5221, 5387, 5393, 5479, 5660, 5680, 5694, 5696, 5697, 5791, 5837, 5881, 5988, 5990, 6105, 6124, 6187, 6477, 6606, 6621, 6674, 6970, 6986, 7062, 7154, 7162, 7183, 7224, 7337, 7350, 7370, 7580, 7649, 7787, 7833, 7929, 7980, 8084, 8118, 8158, 8265, 8487, 8615, 8699, 8747, 8767, 8827, 8895, 8928, 9023, 9117, 9171, 9260, 9306, 9337, 9412, 9417, 9461, 9480, 9738, 9796, 9808, 9877, 9955, 9963, 9981, 9998, 10161, 10337, 10397, 10446, 10563, 10616, 10683, 10807, 10814, 10953, 11130, 11232, 11276, 11387, 11649, 11871, 11886, 12082, 12118, 12160, 12238, 12360, 12532, 12634, 12635, 12743, 12996, 13006, 13056, 13168, 13326, 13389, 13414, 13557, 13649, 13705, 13789, 13865, 14021, 14298, 14511, 14656, 14916, 15148, 15492, 15499, 15594, 15630, 15657, 15745, 15838, 16187, 16513, 16682, 16739, 16759, 16910, 16981, 17059, 17089, 17135, 17179, 17232, 17335, 17414]",h.all__HALLMARK_HEME_METABOLISM
h.all,HALLMARK_PEROXISOME,prerank,0.21325578414156388,0.8743727080666376,0.7431906614785992,0.8398672146696174,1.0,11_103,11/103,10.81%,HSD11B2;CRABP1;CEL;HSD3B7;UGT2B17;DHRS3;TSPO;CRABP2;ACSL5;ABCD1;PEX6,HSD11B2;CRABP1;CEL;HSD3B7;UGT2B17;DHRS3;TSPO;CRABP2;ACSL5;ABCD1;PEX6;ABCB1;TOP2A;RXRG;SCGB1A1;SMARCC1;SULT2B1;PRDX1;CTBP1;DIO1;IDH1;HRAS;SOD1;CRAT;PEX14;ACAA1;NR1I2;SIAH1;NUDT19;PEX11A;CLN6;CTPS1;ECI2;PRDX5;ECH1;MLYCD;HSD17B11;ACOT8;PABPC1;PEX5;BCL10;ERCC1;PEX2;ISOC1;ABCC5;YWHAH;GSTK1;SLC25A19;HAO2;HSD17B4;DLG4;GNPAT;ABCC8;MVP;CNBP;SLC27A2;CLN8;ACSL1;SOD2;ABCB4;SLC25A4;PEX11B;CDK7;CAT;FDPS;CADM1;IDE;ITGB1BP1;ELOVL5;FIS1;SCP2;DHCR24;RDH11;EPHX2;PEX13;ERCC3;ALDH9A1;CACNA1B;RETSAT;ACOX1;ABCB9;ATXN1;ABCD3;HMGCL;IDH2;SLC25A17;ESR2;SLC35B2;SLC23A2;LONP2;SEMA3C;FABP6;IDI1;TTR;STS;EHHADH;ACSL4;VPS4B;ABCD2;MSH2;FADS1;ALDH1A1;ALB,"[98, 181, 336, 670, 765, 776, 915, 982, 1318, 1858, 1893, 2773, 2999, 3203, 3821, 3934, 4007, 4033, 4072, 4209, 4236, 4564, 4670, 4768, 5004, 5040, 5117, 5242, 5320, 5539, 5544, 5635, 5713, 5750, 5900, 6087, 6219, 6285, 6350, 6429, 6561, 6578, 6802, 6994, 7667, 7842, 7852, 7890, 8190, 8214, 8634, 8697, 8762, 8859, 8946, 9009, 9132, 9364, 9365, 9423, 9429, 9656, 9701, 9738, 9750, 9989, 10099, 10194, 10315, 10394, 10403, 10613, 10792, 10819, 10824, 10892, 10914, 11259, 11612, 11648, 11884, 12370, 12872, 12895, 12981, 13003, 13388, 13636, 14016, 14142, 14269, 15074, 15180, 15340, 15473, 15670, 15786, 15829, 16070, 16102, 16367, 17233, 17324]",h.all__HALLMARK_PEROXISOME
h.all,HALLMARK_DNA_REPAIR,prerank,0.18587307761738728,0.8093897634989402,0.9036885245901639,0.9322360101169775,1.0,35_146,35/146,27.00%,HCLS1;PNP;CDA;PDE6G;BCAM;POLD1;VPS37D;AK1;POLR2H;POLE4;NME3;POLR2J;SAC3D1;DDB2;NME4;NUDT9;BCAP31;VPS28;SEC61A1;NELFB;SUPT5H;RFC4;POLR1C;NELFCD;RAD52;COX17;ADRM1;DAD1;NPR2;VPS37B;UPF3B;CCNO;ERCC5;TAF1C;POLR3GL,HCLS1;PNP;CDA;PDE6G;BCAM;POLD1;VPS37D;AK1;POLR2H;POLE4;NME3;POLR2J;SAC3D1;DDB2;NME4;NUDT9;BCAP31;VPS28;SEC61A1;NELFB;SUPT5H;RFC4;POLR1C;NELFCD;RAD52;COX17;ADRM1;DAD1;NPR2;VPS37B;UPF3B;CCNO;ERCC5;TAF1C;POLR3GL;SSRP1;GTF3C5;GPX4;SURF1;RAE1;ADA;POLR2E;MPG;TAF6;TAF12;CANT1;SDCBP;DGUOK;GUK1;ERCC2;RAD51;SMAD5;PCNA;ELL;ERCC1;POLR1D;GTF2F1;SNAPC4;TK2;POLD4;ADCY6;LIG1;EDF1;DUT;CSTF3;POLR2I;POLA1;GTF2B;TAF10;TARBP2;TSG101;ZNF707;TAF13;EIF1B;AK3;AAAS;MRPL40;DGCR8;RFC5;POLR2F;NCBP2;RALA;RBX1;SF3A3;POLR2C;USP11;CLP1;IMPDH2;TP53;NELFE;GTF2A2;APRT;ITPA;SUPT4H1;POM121;RPA2;TAF9;ARL6IP1;BRF2;CETN2;POLA2;UMPS;ALYREF;GMPR2;NT5C3A;RFC2;POLD3;POLR2K;ERCC4;ERCC3;SNAPC5;ERCC8;TMED2;POLB;NME1;STX3;HPRT1;ZWINT;NFX1;DDB1;POLL;POLH;NT5C;POLR2A;AGO4;POLR2G;XPC;MPC2;DCTN4;SRSF6;POLR2D;FEN1;GTF2H1;PDE4B;RRM2B;RPA3;REV3L;NUDT21;POLR3C;CMPK2;PRIM1;GTF2H3;RNMT;GTF2H5;RFC3;TYMS,"[219, 345, 406, 412, 940, 1190, 1383, 1543, 1559, 1864, 1917, 2663, 2787, 2801, 2989, 3006, 3036, 3410, 3753, 3940, 4012, 4059, 4063, 4162, 4168, 4311, 4377, 4424, 4454, 4510, 4538, 4566, 4630, 4696, 4729, 4860, 5003, 5118, 5201, 5205, 5260, 5381, 5437, 5499, 5930, 5946, 5990, 5995, 6044, 6191, 6244, 6288, 6509, 6538, 6578, 6694, 6739, 6773, 6885, 7028, 7066, 7071, 7157, 7211, 7219, 7293, 7433, 7483, 7618, 7766, 7812, 7826, 7831, 7909, 8047, 8079, 8127, 8138, 8172, 8241, 8264, 8290, 8332, 8382, 8390, 8524, 8556, 8646, 8757, 8771, 8972, 9114, 9209, 9291, 9350, 9373, 9374, 9532, 9578, 9649, 9662, 9763, 10051, 10159, 10263, 10402, 10460, 10467, 10796, 10892, 10917, 11195, 11303, 11337, 11445, 11692, 11740, 12115, 12227, 12239, 12334, 12390, 12522, 12584, 12621, 12623, 12977, 13125, 13176, 13187, 13735, 13981, 13999, 14187, 14193, 14624, 14669, 14716, 14787, 14841, 14964, 15070, 15084, 15408, 16749, 17252]",h.all__HALLMARK_DNA_REPAIR
h.all,HALLMARK_E2F_TARGETS,prerank,0.17882186095234265,0.8097407738812812,0.9323017408123792,0.9554585471436562,1.0,31_193,31/193,17.13%,CKS2;MYBL2;MTHFD2;CDKN1A;CHEK2;MYC;ESPL1;PLK1;POLD1;CDKN2C;DIAPH3;TACC3;UNG;ASF1B;KIF18B;CDCA3;POLE4;PAN2;MELK;TIMELESS;MCM7;AURKB;RRM2;XPO1;BIRC5;CDKN2A;DDX39A;MXD3;WEE1;SHMT1;TOP2A,CKS2;MYBL2;MTHFD2;CDKN1A;CHEK2;MYC;ESPL1;PLK1;POLD1;CDKN2C;DIAPH3;TACC3;UNG;ASF1B;KIF18B;CDCA3;POLE4;PAN2;MELK;TIMELESS;MCM7;AURKB;RRM2;XPO1;BIRC5;CDKN2A;DDX39A;MXD3;WEE1;SHMT1;TOP2A;KIF2C;CKS1B;DONSON;NOP56;MMS22L;TK1;LYAR;PSMC3IP;MKI67;UBE2T;SPAG5;CDC25B;CCP110;EED;SSRP1;CDC25A;HUS1;CCNE1;WDR90;PPM1D;POLE;HMGA1;CTCF;SNRPB;POLD2;NCAPD2;CTPS1;BARD1;TRIP13;CDCA8;TUBB;SLBP;PTTG1;PCNA;HMGB2;DNMT1;RAD21;LIG1;DEK;CIT;TUBG1;DUT;NAP1L1;RPA1;POP7;TBRG4;MCM3;CDKN1B;SRSF1;PHF5A;CBX5;SYNCRIP;CDK4;ASF1A;ATAD2;TMPO;UBE2S;RBBP7;E2F8;DCLRE1B;RAN;HELLS;ILF3;GSPT1;SPC24;MCM5;LBR;STAG1;BRCA1;CDK1;TP53;UBR7;PAICS;RACGAP1;BRCA2;PDS5B;TRA2B;RPA2;NUP205;PPP1R8;CENPM;GINS1;POLA2;XRCC6;AURKA;SMC3;EZH2;RAD51C;USP1;PRDX4;NAA38;RFC2;SMC6;POLD3;PA2G4;DCTPP1;BUB1B;TFRC;HNRNPD;RNASEH2A;MCM6;LMNB1;SMC1A;KIF22;TCF19;NME1;CCNB2;RANBP1;IPO7;NOLC1;EIF2S1;STMN1;ZW10;KPNA2;CSE1L;ORC2;NASP;AK2;ANP32E;LUC7L3;SRSF2;TIPIN;RFC1;CHEK1;HMMR;ING3;PNN;PSIP1;PRPS1;MCM2;NUP153;ORC6;RAD1;MLH1;BRMS1L;KIF4A;RAD50;SUV39H1;GINS4;SPC25;GINS3;CDKN3;RPA3;CENPE;MCM4;NUDT21;PRKDC;DCK;HMGB3;NBN;MAD2L1;DEPDC1;EXOSC8;NUP107;SMC4;MSH2;RAD51AP1;RFC3;DSCC1;PMS2;CDC20;PLK4,"[262, 358, 532, 715, 755, 1027, 1126, 1157, 1190, 1222, 1230, 1320, 1665, 1717, 1723, 1743, 1864, 1870, 1934, 1979, 2223, 2257, 2378, 2418, 2532, 2543, 2671, 2722, 2909, 2988, 2999, 3400, 3424, 3438, 3528, 3655, 3770, 4100, 4133, 4334, 4342, 4580, 4784, 4805, 4833, 4860, 4877, 4962, 5095, 5100, 5105, 5309, 5375, 5434, 5464, 5476, 5489, 5635, 5779, 5938, 5964, 6040, 6189, 6319, 6509, 6590, 6683, 7067, 7071, 7099, 7160, 7195, 7211, 7238, 7252, 7344, 7435, 7471, 7474, 7477, 7565, 7643, 7742, 7809, 7968, 8009, 8059, 8109, 8169, 8471, 8538, 8539, 8569, 8609, 8612, 8638, 8642, 8661, 8664, 8672, 8675, 8757, 8766, 8829, 8924, 8964, 9055, 9238, 9373, 9415, 9565, 9636, 9654, 9662, 9692, 9855, 9871, 9948, 10044, 10138, 10203, 10244, 10402, 10414, 10460, 10510, 10511, 10680, 10683, 10784, 10896, 10952, 11024, 11075, 11322, 11330, 11445, 11568, 11601, 11608, 11890, 11948, 12100, 12126, 12142, 12352, 12367, 12408, 12490, 12553, 12580, 12742, 12856, 13007, 13033, 13114, 13294, 13361, 13430, 13618, 13686, 13715, 13779, 13905, 13955, 14047, 14052, 14079, 14234, 14256, 14350, 14458, 14524, 14624, 14653, 14691, 14716, 14728, 14748, 14919, 14935, 14997, 15071, 15256, 15678, 15839, 16102, 16272, 16749, 16812, 16933, 17104, 17216]",h.all__HALLMARK_E2F_TARGETS
h.all,HALLMARK_UV_RESPONSE_DN,prerank,0.17550727556653317,0.7613222856158168,0.9604743083003953,0.9677945451601213,1.0,20_138,20/138,12.99%,MT1E;FZD2;PDGFRB;RUNX1;TGFBR3;MYC;GJA1;RXRA;ADORA2B;ANXA2;NOTCH2;PIK3CD;SDC2;IGFBP5;TFPI;SERPINE1;ERBB2;TGFBR2;COL1A2;IGF1R,MT1E;FZD2;PDGFRB;RUNX1;TGFBR3;MYC;GJA1;RXRA;ADORA2B;ANXA2;NOTCH2;PIK3CD;SDC2;IGFBP5;TFPI;SERPINE1;ERBB2;TGFBR2;COL1A2;IGF1R;SMAD7;DUSP1;COL1A1;SLC7A1;FYN;PPARG;NFIB;MRPS31;RBPMS;LDLR;NFKB1;COL11A1;MTA1;BHLHE40;MMP16;RND3;IRS1;PEX14;PTPN21;ID1;DLC1;SLC22A18;SMAD3;NRP1;NIPBL;FBLN5;PRKAR2B;BMPR1A;PIK3R3;DAB2;ATP2B4;SPOP;MIOS;GRK5;PDLIM5;MGLL;SNAI2;CDKN1B;MAPK14;LAMC1;ITGB3;DBP;MAP2K5;INPP4B;VAV2;ZMIZ1;PIAS3;FHL2;ANXA4;CDK13;SRI;RASA2;LPAR1;SFMBT1;NEK7;DDAH1;EFEMP1;ACVR2A;ADD3;SIPA1L1;AMPH;PTEN;CELF2;ATP2C1;PHF3;DYRK1A;NR1D2;KCNMA1;PRKCA;MGMT;YTHDC1;ABCC1;BCKDHB;WDR37;ATRX;PRDM2;LTBP1;COL5A2;ATXN1;AGGF1;NR3C1;CDC42BPA;TJP1;ATRN;PTPRM;F3;MAGI2;KALRN;CACNA1A;ATP2B1;ARHGEF9;INSIG1;PTGFR;CAV1;APBB2;AKT3;PRKCE;CITED2;GCNT1;SYNJ2;PMP22;CDON;DLG1;MAP1B;MET;CAP2;SCAF8;ICA1;SYNE1;COL3A1;SCHIP1;HAS2;PLCB4;RGS4;KIT;VLDLR;BDNF;SCN8A,"[308, 534, 646, 845, 870, 1027, 1052, 1409, 1501, 1542, 1705, 1757, 1795, 1810, 1966, 1969, 1996, 2124, 2167, 2274, 2510, 2914, 3083, 3153, 3313, 3389, 3509, 3659, 4035, 4047, 4057, 4078, 4134, 4265, 4420, 4714, 4919, 5004, 5357, 5430, 5501, 5548, 5959, 6343, 6381, 6410, 6516, 6667, 6685, 6756, 6804, 6867, 7008, 7077, 7105, 7114, 7184, 7474, 7542, 7583, 7794, 7824, 7910, 7949, 8155, 8160, 8246, 8700, 8894, 9066, 9101, 9210, 9309, 9315, 9461, 9489, 9633, 9698, 9769, 9811, 9827, 9891, 9927, 10052, 10277, 10400, 10401, 10409, 10548, 10857, 10939, 11096, 11227, 11238, 11432, 11572, 12051, 12252, 12370, 12376, 12532, 12814, 12993, 13134, 13147, 13150, 13164, 13210, 13264, 13348, 13406, 13508, 13558, 13967, 14210, 14271, 14322, 14327, 14396, 14543, 14599, 14875, 15116, 15271, 15339, 15341, 15368, 15422, 15752, 15835, 15891, 16101, 16253, 16326, 16477, 17001, 17407, 17428]",h.all__HALLMARK_UV_RESPONSE_DN
h.all,HALLMARK_MYC_TARGETS_V1,prerank,0.1513877065224494,0.6749440261148061,1.0,0.9867609864053114,1.0,40_193,40/193,25.11%,CCNA2;CDC45;CDK2;HSPD1;MYC;HSPE1;MRPL23;MCM7;HDGF;XPO1;HSP90AB1;LSM7;SNRPA;PRPF31;CCT3;IFRD1;PTGES3;TRIM28;RPS10;RPL34;RPL18;G3BP1;CCT5;RUVBL2;RPS3;TCP1;PCBP1;FBL;NOP56;RPS5;CCT4;SMARCC1;RFC4;RPL14;STARD7;RPL6;RPS6;UBE2L3;PPM1G;EIF3B,CCNA2;CDC45;CDK2;HSPD1;MYC;HSPE1;MRPL23;MCM7;HDGF;XPO1;HSP90AB1;LSM7;SNRPA;PRPF31;CCT3;IFRD1;PTGES3;TRIM28;RPS10;RPL34;RPL18;G3BP1;CCT5;RUVBL2;RPS3;TCP1;PCBP1;FBL;NOP56;RPS5;CCT4;SMARCC1;RFC4;RPL14;STARD7;RPL6;RPS6;UBE2L3;PPM1G;EIF3B;EIF2S2;PSMA7;NOP16;SNRPD2;RPS2;POLD2;CTPS1;TUFM;LSM2;PSMD3;RPL22;CCT7;RPLP0;HDDC2;CYC1;SRSF7;RNPS1;PABPC1;PCNA;TFDP1;COX5A;SNRPG;PSMA1;PSMB3;CCT2;EIF4A1;DEK;DUT;NHP2;NAP1L1;SRPK1;HNRNPA2B1;BUB3;SRSF1;CAD;TXNL4A;CUL1;SYNCRIP;PSMA4;CDK4;XPOT;SET;SRM;MRPL9;SF3B3;NDUFAB1;SF3A1;PPIA;ODC1;NCBP2;PSMD8;ERH;EXOSC7;SSB;PSMC4;RAN;COPS5;PSMA2;GSPT1;MCM5;IMPDH2;VDAC3;C1QBP;PSMD7;RAD23B;PHB2;HDAC2;PRDX3;CNBP;GOT2;PABPC4;ILF2;DHX15;TARDBP;TRA2B;PSMD1;RRP9;ETF1;VDAC1;SERBP1;EIF3D;U2AF1;HNRNPC;UBA2;APEX1;GNL3;XRCC6;LDHA;CLNS1A;SNRPB2;SRSF3;PGK1;YWHAE;NCBP1;PSMD14;AP3S1;USP1;CBX3;PRDX4;CANX;POLE3;EIF4G2;PSMA6;GLO1;PA2G4;PSMC6;HNRNPD;KPNB1;MCM6;FAM120A;SNRPD1;HNRNPA3;EIF3J;NME1;EEF1B2;RANBP1;SLC25A3;HPRT1;RSL1D1;NOLC1;EIF2S1;HNRNPR;KPNA2;EIF4H;ORC2;UBE2E1;HNRNPU;SSBP1;SRSF2;DDX21;NPM1;MRPS18B;HNRNPA1;SNRPD3;MCM2;VBP1;PSMB2;EIF1AX;ACP1;CSTF2;PWP1;AIMP2;MCM4;EIF4E;RRM1;SNRPA1;PRPS2;MAD2L1;DDX18;YWHAQ;ABCE1;CDC20;TYMS,"[750, 881, 966, 987, 1027, 1341, 1988, 2223, 2323, 2418, 2454, 2610, 2621, 2793, 2859, 2935, 2982, 2993, 3058, 3066, 3110, 3159, 3191, 3338, 3341, 3387, 3441, 3480, 3528, 3685, 3888, 3934, 4059, 4093, 4208, 4220, 4340, 4361, 4386, 4398, 4917, 4941, 5126, 5315, 5472, 5476, 5635, 5691, 5916, 6063, 6109, 6160, 6265, 6297, 6317, 6320, 6339, 6350, 6509, 6570, 6700, 6769, 6772, 6871, 6900, 6924, 7099, 7211, 7229, 7238, 7279, 7364, 7367, 7477, 7484, 7533, 7730, 7742, 7767, 7809, 7811, 7822, 7859, 7988, 8045, 8065, 8102, 8153, 8236, 8264, 8266, 8337, 8347, 8412, 8490, 8539, 8564, 8582, 8612, 8642, 8646, 8723, 8735, 8738, 8765, 8772, 8857, 8865, 8946, 8970, 9044, 9049, 9069, 9089, 9238, 9292, 9301, 9442, 9443, 9494, 9497, 9543, 9545, 9667, 9678, 9684, 9692, 9695, 9787, 9799, 9816, 9884, 9903, 9972, 10016, 10100, 10138, 10190, 10203, 10226, 10227, 10293, 10360, 10458, 10510, 10572, 10784, 10936, 10952, 10974, 11069, 11090, 11390, 11445, 11512, 11601, 11630, 11740, 11788, 11890, 11948, 11992, 12142, 12319, 12367, 12395, 12398, 12616, 12742, 12765, 12801, 12892, 13047, 13492, 13686, 13718, 14007, 14150, 14239, 14275, 14649, 14679, 14691, 14751, 14793, 14904, 14962, 14997, 15143, 15258, 15729, 17104, 17252]",h.all__HALLMARK_MYC_TARGETS_V1
h.all,HALLMARK_OXIDATIVE_PHOSPHORYLATION,prerank,-0.11340809882336261,-0.5099431994351038,1.0,0.9994735989633948,1.0,44_183,44/183,34.30%,ACADSB;NDUFS1;OPA1;SDHD;LRPPRC;IDH3A;NDUFA5;COX15;NDUFA7;MRPS30;MTRR;SUCLA2;DLD;CYB5A;DLAT;COX11;MPC1;PDHB;COX10;FXN;AFG3L2;IMMT;ISCA1;ATP1B1;UQCRC2;OXA1L;NNT;PDP1;MDH1;IDH2;ACADM;SDHC;NDUFA9;ATP6V1C1;SLC25A5;CYCS;ATP6V1E1;NDUFB5;SDHA;MRPL35;OAT;SLC25A3;RETSAT;PDHX,CASP7;TCIRG1;ACADVL;PDK4;ATP6V0E1;NDUFS8;BAX;NDUFV2;POR;MRPS15;ECI1;MRPL34;COX7C;MRPS12;MTRF1;IDH1;NDUFB7;SLC25A20;COX17;NDUFA3;MAOB;CPT1A;UQCR11;NDUFA8;UQCR10;NDUFS2;UQCRH;ACAA1;GPX4;ATP6V0B;NDUFB8;SURF1;NDUFA1;NDUFB4;COX5B;UQCRQ;PMPCA;NQO2;ECHS1;GPI;FDX1;COX4I1;RHOT2;COX6A1;NDUFS7;NDUFS6;ECH1;ATP6V1F;ALDH6A1;UQCRC1;CYC1;HSD17B10;RHOT1;COX6B1;COX6C;TIMM50;COX5A;COX7A2;NDUFA2;OGDH;PDHA1;DLST;IDH3G;HADHB;ATP6V1G1;GRPEL1;MRPS11;HTRA2;NDUFB6;IDH3B;NDUFS3;NDUFA4;ATP6V1H;ACAA2;TIMM9;SLC25A11;UQCRB;NDUFV1;NDUFC1;ETFDH;LDHB;NDUFA6;BDH2;UQCRFS1;TOMM22;COX8A;CYB5R3;NDUFAB1;MGST3;SUCLG1;DECR1;POLR2F;ETFA;GLUD1;ACAT1;MRPL15;MRPL11;HCCS;ATP6AP1;TIMM13;VDAC2;CS;NDUFB2;ACO2;VDAC3;PHB2;NDUFB1;COX7A2L;PRDX3;MDH2;GOT2;ETFB;ABCB7;SLC25A12;ATP6V1D;ATP6V0C;PHYH;NDUFB3;SLC25A4;VDAC1;ISCU;LDHA;HSPA9;HADHA;TIMM17A;SUPV3L1;AIFM1;NDUFC2;NDUFS4;MFN2;SDHB;COX7B;MTX2;FH;ALAS1;MRPS22;TIMM10;BCKDHA;TIMM8B;PDHX;RETSAT;SLC25A3;OAT;MRPL35;SDHA;NDUFB5;ATP6V1E1;CYCS;SLC25A5;ATP6V1C1;NDUFA9;SDHC;ACADM;IDH2;MDH1;PDP1;NNT;OXA1L;UQCRC2;ATP1B1;ISCA1;IMMT;AFG3L2;FXN;COX10;PDHB;MPC1;COX11;DLAT;CYB5A;DLD;SUCLA2;MTRR;MRPS30;NDUFA7;COX15;NDUFA5;IDH3A;LRPPRC;SDHD;OPA1;NDUFS1;ACADSB,"[263, 437, 1496, 2104, 2142, 2794, 2888, 2966, 3100, 3532, 3609, 3695, 3856, 4077, 4150, 4236, 4250, 4310, 4311, 4443, 4457, 4523, 4711, 4832, 4902, 4999, 5030, 5040, 5118, 5168, 5183, 5201, 5246, 5258, 5276, 5327, 5412, 5495, 5529, 5533, 5595, 5598, 5722, 5786, 5800, 5898, 5900, 5953, 6124, 6154, 6317, 6363, 6436, 6529, 6573, 6634, 6700, 6903, 7042, 7124, 7156, 7170, 7270, 7272, 7273, 7290, 7323, 7337, 7379, 7393, 7397, 7461, 7462, 7514, 7549, 7559, 7589, 7640, 7763, 7884, 7900, 7901, 7951, 7970, 8023, 8032, 8060, 8065, 8084, 8165, 8196, 8241, 8301, 8302, 8340, 8355, 8443, 8481, 8518, 8534, 8587, 8623, 8682, 8708, 8723, 8772, 8798, 8836, 8865, 8938, 8970, 9070, 9100, 9131, 9167, 9190, 9342, 9420, 9429, 9443, 9542, 9695, 10002, 10131, 10216, 10223, 10367, 10459, 10476, 10514, 10585, 10672, 10741, 10746, 10954, 11002, 11072, 11160, 11289, 11510, 11612, 11630, 11650, 11657, 11816, 11892, 11934, 12163, 12234, 12279, 12284, 12428, 12793, 12981, 13000, 13041, 13056, 13061, 13322, 13412, 13414, 13470, 13478, 13505, 13703, 13916, 14026, 14073, 14214, 14314, 14360, 14486, 14756, 14888, 14965, 15046, 15239, 15381, 15522, 15525, 15789, 16465, 16668]",h.all__HALLMARK_OXIDATIVE_PHOSPHORYLATION
h.all,HALLMARK_FATTY_ACID_METABOLISM,prerank,-0.1669642567364066,-0.7426724469085281,0.9842209072978304,1.0,1.0,17_149,17/149,11.38%,CD36;FABP1;ALDH1A1;GAD2;ALDH3A1;AQP7;GPD1;AOC3;HMGCS1;CYP4A11;GSTZ1;ACSL4;TP53INP2;MCEE;EHHADH;CA4;SDHD,G0S2;VNN1;CEL;HSD17B7;HSPH1;EPHX1;HSP90AA1;PCBD1;ACSL5;ACADVL;S100A10;LTC4S;ENO3;HIBCH;PPARA;CRYZ;GAPDHS;LGALS1;ADIPOR2;CBR3;IL4I1;GLUL;CA2;BMPR1B;MIF;ALDOA;ECI1;ACSS1;CYP1A1;NTHL1;IDH1;MAOA;UBE2L6;CPT1A;OSTC;CRAT;CIDEA;UGDH;ACAA1;NCAPH2;ECHS1;PSME1;UROS;ECI2;PRDX6;SMS;ECH1;ERP29;SUCLG2;D2HGDH;FMO1;MLYCD;REEP6;UROD;CD1D;RDH16;HSD17B11;ACOT8;HSD17B10;ACOT2;GCDH;ALDH3A2;ACADL;ACADS;GPD2;MGLL;PDHA1;DLST;IDH3G;HADHB;IDH3B;SLC22A5;ACAA2;YWHAH;ETFDH;GRHPR;SUCLG1;HAO2;DECR1;HSD17B4;ODC1;BLVRA;HCCS;HADH;ACO2;ENO2;MDH2;ACSL1;APEX1;LDHA;FASN;ACSM3;METAP1;ELOVL5;PTPRG;ADSL;DHCR24;NSDHL;FH;RDH11;HPGD;ALDH9A1;TDO2;BCKDHB;RETSAT;ACOX1;BPHL;SDHA;INMT;PTS;ALAD;SDHC;ACADM;HSDL2;HMGCL;GABARAPL1;MDH1;CBR1;CYP4A22;AUH;ACAT2;ME1;PDHB;CPOX;SERINC1;DLD;SUCLA2;CPT2;AADAT;NBN;RAP1GDS1;IDI1;SDHD;CA4;EHHADH;MCEE;TP53INP2;ACSL4;GSTZ1;CYP4A11;HMGCS1;AOC3;GPD1;AQP7;ALDH3A1;GAD2;ALDH1A1;FABP1;CD36,"[1, 323, 336, 706, 718, 942, 996, 1192, 1318, 1496, 1551, 1827, 1875, 1968, 1970, 2469, 2545, 2686, 2776, 2812, 2849, 2868, 3033, 3189, 3194, 3593, 3609, 3727, 3781, 3961, 4236, 4253, 4279, 4523, 4579, 4768, 4840, 4930, 5040, 5111, 5529, 5690, 5696, 5713, 5787, 5814, 5900, 5913, 5983, 6033, 6071, 6087, 6104, 6105, 6182, 6212, 6219, 6285, 6363, 6371, 6430, 6494, 6631, 6736, 7090, 7114, 7156, 7170, 7270, 7272, 7393, 7395, 7514, 7842, 7884, 8142, 8165, 8190, 8196, 8214, 8236, 8265, 8481, 8617, 8708, 8733, 8938, 9364, 9678, 9695, 9932, 9954, 10309, 10315, 10354, 10483, 10613, 10654, 10746, 10792, 10856, 10914, 11040, 11227, 11612, 11648, 11798, 11816, 11977, 12025, 12238, 12428, 12793, 12882, 12895, 12915, 13000, 13032, 13057, 13071, 13534, 13863, 13916, 14021, 14156, 14360, 14486, 14608, 14776, 14935, 15032, 15180, 15525, 15600, 15670, 15695, 15720, 15786, 16358, 16438, 16564, 16588, 16711, 16743, 17019, 17219, 17233, 17237, 17499]",h.all__HALLMARK_FATTY_ACID_METABOLISM
h.all,HALLMARK_BILE_ACID_METABOLISM,prerank,-0.1963387218109573,-0.8268768678614113,0.8518518518518519,1.0,1.0,26_106,26/106,22.23%,ALDH1A1;NR1H4;PEX11G;HACL1;CYP7B1;FADS1;NUDT12;PEX1;ABCD2;PECR;SOAT2;ABCA5;RBP1;TTR;IDI1;SLCO1A2;EFHC1;AMACR;PEX7;PIPOX;LONP2;SLC23A2;PAOX;SLC35B2;SLC23A1;CROT,LCK;APOA1;CYP39A1;HSD3B7;BCAR3;ACSL5;NEDD4;RXRA;BMP6;ABCD1;PEX6;ABCA1;GNMT;SULT1B1;TFCP2L1;KLF1;BBOX1;RXRG;HSD3B1;ABCA4;SULT2B1;DIO1;IDH1;SLC27A5;SOD1;CYP27A1;PXMP2;ABCG8;NR1I2;PEX12;PEX11A;SLC22A18;CYP8B1;PRDX5;ALDH8A1;MLYCD;HSD17B11;CYP46A1;HSD17B6;FDXR;ABCA3;ISOC1;OPTN;FADS2;AR;GSTK1;HSD17B4;CYP7A1;NR3C2;SLC29A1;PNPLA8;GNPAT;PFKM;SLC27A2;GCLM;PHYH;ACSL1;NPC1;CAT;ABCA2;ABCG4;SCP2;CH25H;DHCR24;EPHX2;PEX13;ALDH9A1;LIPE;DIO2;PEX16;RETSAT;AQP9;PEX19;ABCA9;ATXN1;ABCA8;ABCA6;ABCD3;PEX26;IDH2;CROT;SLC23A1;SLC35B2;PAOX;SLC23A2;LONP2;PIPOX;PEX7;AMACR;EFHC1;SLCO1A2;IDI1;TTR;RBP1;ABCA5;SOAT2;PECR;ABCD2;PEX1;NUDT12;FADS1;CYP7B1;HACL1;PEX11G;NR1H4;ALDH1A1,"[292, 457, 530, 670, 1029, 1318, 1335, 1409, 1492, 1858, 1893, 2070, 2231, 2341, 2451, 2846, 2962, 3203, 3489, 3701, 4007, 4209, 4236, 4345, 4670, 4678, 4681, 4923, 5117, 5256, 5539, 5548, 5633, 5750, 6073, 6087, 6219, 6239, 6809, 6882, 6897, 6994, 7154, 7257, 7574, 7852, 8214, 8226, 8254, 8271, 8480, 8697, 8976, 9009, 9306, 9342, 9364, 9677, 9738, 10283, 10288, 10403, 10558, 10613, 10819, 10824, 10914, 11105, 11177, 11315, 11612, 12114, 12148, 12270, 12370, 12610, 12796, 12872, 12917, 12981, 13624, 13635, 13636, 13675, 14016, 14142, 14225, 14781, 14901, 14977, 15125, 15180, 15340, 15591, 15705, 15802, 15860, 16070, 16114, 16129, 16367, 16783, 16845, 16868, 17071, 17233]",h.all__HALLMARK_BILE_ACID_METABOLISM
h.all,HALLMARK_MITOTIC_SPINDLE,prerank,-0.13269500749290852,-0.6055887540337336,1.0,1.0,1.0,51_196,51/196,29.50%,ALMS1;KIF20B;TUBGCP5;CCDC88A;CEP192;NEK2;SMC4;LRPPRC;NF1;RASAL2;RAPGEF6;PAFAH1B1;DST;DOCK4;DLG1;TIAM1;RASA1;KNTC1;RAPGEF5;CENPE;PKD2;ARHGEF2;CENPF;NET1;ALS2;CNTRL;EPB41L2;KIF4A;CDC27;CDC42;DYNC1H1;INCENP;SORBS2;KIF23;HOOK3;PRC1;KIF11;PCM1;RFC1;EPB41;ARFGEF1;CDC42BPA;MYH10;CEP57;KIF3B;MYO1E;VCL;CEP72;RICTOR;KIFAP3;FLNB,EZR;PIF1;MID1IP1;PXN;PLEKHG2;ESPL1;PLK1;ATG4B;KPTN;NOTCH2;DOCK2;PALLD;MAP1S;KIF5B;NCK2;BIRC5;MID1;CDC42EP4;PPP4R2;SAC3D1;TTK;WASF2;SUN2;TOP2A;ARAP3;UXT;KIF2C;KLC1;ARHGAP4;CLIP2;BCAR1;TBCD;ARHGAP27;MYH9;ARHGAP5;BCL2L11;ARHGAP10;FGD6;RALBP1;KIF15;OPHN1;FARP1;NEDD9;ARHGAP29;NUSAP1;GSN;CSNK1D;SHROOM1;TAOK2;ITSN1;ARHGDIA;RHOT2;HDAC6;STAU1;TUBD1;FBXO5;CNTROB;BIN1;MARK4;ABR;FGD4;KATNA1;CTTN;SOS1;ARFIP2;PREX1;ABL1;MAPRE1;TUBGCP6;NCK1;ROCK1;ABI1;FLNA;ARF6;MYO9B;CYTH2;CEP250;BCR;PDLIM5;RHOF;ANLN;MAP3K11;TUBGCP2;AKAP13;GEMIN4;CAPZB;ARHGEF11;SPTAN1;TUBA4A;KIF3C;TRIO;ARHGEF7;RANBP9;NDC80;ARL8A;CDK1;SHROOM2;KATNB1;MARCKS;SYNPO;RACGAP1;BRCA2;CLIP1;PCGF5;TPX2;LLGL1;CD2AP;RASA2;CENPJ;ACTN4;NUMA1;CLASP1;LATS1;PCNT;APC;DYNLL2;AURKA;SMC3;WASL;YWHAE;RAB3GAP1;STK38L;NIN;RABGAP1;ARHGEF12;SSH2;KIF1B;SPTBN1;FSCN1;LMNB1;SASS6;ARHGEF3;SMC1A;BUB1;KIF22;CKAP5;ECT2;TSC1;CCNB2;TLK1;WASF1;TUBGCP3;CDC42EP1;CDK5RAP2;CDC42EP2;FLNB;KIFAP3;RICTOR;CEP72;VCL;MYO1E;KIF3B;CEP57;MYH10;CDC42BPA;ARFGEF1;EPB41;RFC1;PCM1;KIF11;PRC1;HOOK3;KIF23;SORBS2;INCENP;DYNC1H1;CDC42;CDC27;KIF4A;EPB41L2;CNTRL;ALS2;NET1;CENPF;ARHGEF2;PKD2;CENPE;RAPGEF5;KNTC1;RASA1;TIAM1;DLG1;DOCK4;DST;PAFAH1B1;RAPGEF6;RASAL2;NF1;LRPPRC;SMC4;NEK2;CEP192;CCDC88A;TUBGCP5;KIF20B;ALMS1,"[669, 699, 852, 856, 1018, 1126, 1157, 1173, 1325, 1705, 1779, 2056, 2340, 2356, 2527, 2532, 2534, 2569, 2727, 2787, 2815, 2820, 2890, 2999, 3144, 3290, 3400, 3401, 3432, 3456, 3506, 3638, 3657, 3676, 3943, 4089, 4143, 4353, 4423, 4545, 4648, 5080, 5082, 5187, 5329, 5373, 5392, 5477, 5513, 5568, 5678, 5722, 5736, 5817, 5851, 5948, 6119, 6167, 6226, 6293, 6295, 6303, 6390, 6414, 6462, 6491, 6536, 6545, 6579, 6604, 6690, 6770, 6813, 6875, 6940, 6988, 7027, 7045, 7105, 7210, 7253, 7258, 7506, 7606, 7806, 7893, 7999, 8034, 8107, 8124, 8207, 8272, 8479, 8485, 8511, 8675, 8713, 8752, 8773, 8915, 8924, 8964, 9018, 9072, 9078, 9108, 9187, 9210, 9344, 9398, 9416, 9551, 9553, 9706, 9727, 9828, 9855, 9871, 9881, 9903, 9960, 10076, 10127, 10313, 10337, 10356, 10437, 10461, 10704, 11024, 11031, 11046, 11075, 11204, 11322, 11336, 11434, 11452, 11568, 11694, 11887, 11930, 11972, 12157, 12254, 12351, 12427, 12467, 12480, 12508, 12518, 12537, 12736, 12774, 12814, 12936, 12996, 13007, 13141, 13224, 13325, 13485, 13499, 13710, 13749, 13750, 13775, 13789, 14052, 14145, 14146, 14215, 14325, 14326, 14371, 14603, 14653, 14966, 15005, 15014, 15019, 15116, 15185, 15276, 15277, 15280, 15409, 15474, 15522, 15839, 16512, 16563, 16614, 16637, 16793, 17035]",h.all__HALLMARK_MITOTIC_SPINDLE
