TermCollection,Term,name,es,nes,pval,fdr,fwerp,leadhits_total,tag %,gene %,lead_genes,matched_genes,hits,TermCollection_Term
MSigDB_Oncogenic_Signatures,MEL18 DN.V1 UP,prerank,0.5442398379058575,2.1040803096038685,0.0,0.0,0.0,54_134,54/134,18.06%,DDIT4;EPHA2;SLCO4A1;MT1F;WISP1;CSF1;MICB;ITPR3;PLAUR;SLC7A5;STC2;ADM;ZC3H12A;FURIN;GFPT2;C3AR1;GAL;TGFBR3;FADS3;SLC19A1;CHST11;VNN1;KCNJ15;LIF;TGFB2;SRPX2;WNT5B;C2CD2;VEGFA;LCP1;LHFPL2;ITGA5;TAP1;CXCL1;SLC1A5;SIK1;GNB3;MICA;FOSL1;IL7R;CHST3;CSPG4;CTSS;PIEZO1;TIE1;SLC6A9;CPA4;INHBE;CRISPLD2;LEPREL2;KCNN3;TMEM51;P2RX5;CHST2,DDIT4;EPHA2;SLCO4A1;MT1F;WISP1;CSF1;MICB;ITPR3;PLAUR;SLC7A5;STC2;ADM;ZC3H12A;FURIN;GFPT2;C3AR1;GAL;TGFBR3;FADS3;SLC19A1;CHST11;VNN1;KCNJ15;LIF;TGFB2;SRPX2;WNT5B;C2CD2;VEGFA;LCP1;LHFPL2;ITGA5;TAP1;CXCL1;SLC1A5;SIK1;GNB3;MICA;FOSL1;IL7R;CHST3;CSPG4;CTSS;PIEZO1;TIE1;SLC6A9;CPA4;INHBE;CRISPLD2;LEPREL2;KCNN3;TMEM51;P2RX5;CHST2;HLA-DQA1;COL7A1;NRP2;TNFAIP6;TFEC;MMP15;FAP;SUN2;LTBP4;AGRN;SLC7A11;COL16A1;ENTPD6;TNFSF9;STEAP3;LRIG1;JAG1;ECM1;PLXNA1;EDN1;KIF21B;PLAT;PMEPA1;SLC1A4;SPP1;C2CD2L;PYGB;VEGFC;NRP1;SLC2A6;ATP13A2;CD83;TYRO3;HS3ST3A1;ITGB8;LAMB3;CDCP1;SLCO2A1;DDX11;ABCC5;PDCD1LG2;ERO1L;TEK;GDF5;NT5E;STX1A;SLC29A1;FJX1;ADAM12;ITGA3;LPL;ASPH;PAPPA;F3;HBEGF;SLC16A6;CDH13;ADAM19;FZD6;CLDN1;ABLIM3;SLC22A4;CACNG4;CCND1;HAS2;ARL4C;CLSPN;BDKRB2;CA12;MLL;PTHLH;TNFRSF8;NTM;ITGA4;CD97;INHBA;GPR3;GREM1;COL13A1;VLDLR,"[11, 39, 46, 55, 130, 137, 152, 175, 296, 312, 321, 468, 480, 555, 568, 582, 816, 894, 966, 989, 1014, 1053, 1123, 1188, 1191, 1290, 1392, 1424, 1439, 1537, 1607, 1748, 1758, 1774, 1927, 1969, 2026, 2136, 2188, 2230, 2417, 2442, 2465, 2488, 2491, 2569, 2637, 2822, 2899, 2957, 3048, 3120, 3133, 3162, 3372, 3411, 3520, 3571, 3880, 3949, 3972, 3986, 4551, 4626, 4658, 4683, 4841, 4887, 5142, 5218, 5281, 5366, 5525, 5566, 5723, 5897, 6198, 6210, 6253, 6346, 6390, 6620, 6661, 6666, 6705, 6724, 6772, 6801, 7057, 7368, 7434, 7514, 7565, 7605, 7607, 7844, 7870, 7956, 8071, 8112, 8230, 8404, 8461, 8739, 8940, 9020, 10492, 11051, 12285, 12448, 12477, 12717, 12762, 12800, 12952, 13349, 13622, 13673, 13898, 13903, 14087, 14242, 14735, 14766, 14886, 15094, 15469, 15698, 16033, 16208, 16438, 16612, 17066, 17256]",MSigDB_Oncogenic_Signatures__MEL18 DN.V1 UP
MSigDB_Oncogenic_Signatures,PRC2 EDD UP.V1 UP,prerank,0.5263757956137465,2.1179306865137035,0.0,0.0,0.0,72_180,72/180,21.79%,TCAP;TNFRSF10D;MIA;HIC1;MRAS;STXBP2;TCIRG1;FZD8;SIPA1;FKBP5;ITPKB;GLI1;GSDMD;PRICKLE3;MICALL2;TACC3;TOP3B;HMOX1;MCM10;POLD1;PLK1;MAP3K6;SLC9A3R2;INHBB;TRPM4;RAD54L;HS6ST1;MYBL2;ARRB2;H1FX;PTGER2;AP1G2;RDH5;RASSF1;TNIP1;CDC45;RANGAP1;PC;XRCC3;FOSL2;PCDH12;HP1BP3;CHST3;CSPG4;PHKG2;DNAJB2;CASKIN2;RIPK1;TNK2;BTBD7;WIZ;PACS1;ORC1;FBXO17;MCOLN1;ARHGEF17;PFKFB4;PLXNB1;EED;QTRT1;ANKZF1;RAPGEF1;MAPK7;ASF1B;FBXL6;MFHAS1;SLC12A4;GNAI2;BTBD2;CUL9;TUT1;BBC3,TCAP;TNFRSF10D;MIA;HIC1;MRAS;STXBP2;TCIRG1;FZD8;SIPA1;FKBP5;ITPKB;GLI1;GSDMD;PRICKLE3;MICALL2;TACC3;TOP3B;HMOX1;MCM10;POLD1;PLK1;MAP3K6;SLC9A3R2;INHBB;TRPM4;RAD54L;HS6ST1;MYBL2;ARRB2;H1FX;PTGER2;AP1G2;RDH5;RASSF1;TNIP1;CDC45;RANGAP1;PC;XRCC3;FOSL2;PCDH12;HP1BP3;CHST3;CSPG4;PHKG2;DNAJB2;CASKIN2;RIPK1;TNK2;BTBD7;WIZ;PACS1;ORC1;FBXO17;MCOLN1;ARHGEF17;PFKFB4;PLXNB1;EED;QTRT1;ANKZF1;RAPGEF1;MAPK7;ASF1B;FBXL6;MFHAS1;SLC12A4;GNAI2;BTBD2;CUL9;TUT1;BBC3;ARHGAP19;USP20;LSS;TAF1C;NYNRIN;SP1;NUP188;AZI1;CDK18;PCDHGA3;JUP;SYMPK;MICAL1;ERCC2;TGFBR1;FER;TMEM59L;SYN1;CDCA8;EXOSC2;ZNF446;VARS;MVD;WFDC1;PCDHGC3;HIVEP3;SLC2A6;ATP13A2;PTK2B;FADS2;TUBGCP2;CAD;ODF2;ACAA2;GALK1;PDCD1LG2;DBF4B;KCNS1;TSC2;CORO1A;VAV2;SLC26A1;PDE4D;VAC14;MCM5;HELLS;PRMT7;CA9;DCLRE1B;ENO2;EHMT2;ALG12;TRMT2A;SURF2;RNF19A;LIN7A;CSDC2;PLA2G16;BUB1B;DUSP7;DDX31;LIPE;SV2A;FASN;POLA2;PLXNB3;AMDHD2;GPR176;TNS4;ABCB8;DLK2;KCNA4;PACSIN3;AFF3;TRIM46;ACY1;APLP1;LRRC20;CLPB;LMOD1;KIF23;ABCB9;NDRG4;PWP2;INCENP;BCKDK;KIF4A;INSIG1;PEAK1;OSGEPL1;FRS2;GLE1;CLSPN;CHAF1B;IDH2;MCM2;UTRN;RAD54L2;CXCL12;SLC35C2;SCD;CHM;TBL3;DAK;ZWILCH;PNPLA3;ZDHHC6;THRAP3,"[17, 48, 53, 124, 185, 197, 208, 225, 226, 246, 279, 369, 374, 450, 594, 605, 649, 693, 843, 863, 869, 926, 1008, 1020, 1029, 1094, 1149, 1213, 1250, 1293, 1376, 1435, 1485, 1540, 1584, 1692, 1743, 1947, 1959, 2063, 2291, 2328, 2417, 2442, 2542, 2641, 2694, 2701, 2702, 2782, 2825, 2856, 2860, 2904, 2922, 2934, 3002, 3116, 3207, 3329, 3334, 3438, 3561, 3579, 3582, 3621, 3688, 3746, 3752, 3767, 3809, 3816, 3964, 4231, 4326, 4362, 4479, 4488, 4837, 5121, 5185, 5265, 5286, 5304, 5370, 5609, 5624, 5664, 5878, 5960, 6204, 6296, 6328, 6452, 6482, 6524, 6605, 6664, 6666, 6705, 6883, 7286, 7298, 7457, 7497, 7513, 7555, 7607, 7892, 7991, 7998, 8042, 8144, 8255, 8278, 8356, 8417, 8418, 8518, 8610, 8638, 8715, 8759, 8938, 9008, 9085, 9115, 9388, 9392, 9567, 9585, 9634, 9725, 9728, 9759, 9820, 9889, 9915, 10006, 10087, 10297, 10427, 10469, 10523, 10881, 10951, 11117, 11398, 11430, 11558, 11710, 11847, 12159, 12189, 12255, 12382, 12586, 12611, 12644, 12857, 13015, 13253, 13783, 13788, 14087, 14111, 14286, 14346, 14669, 15051, 15207, 15241, 15398, 15551, 15595, 15740, 15747, 15827, 16069, 16408]",MSigDB_Oncogenic_Signatures__PRC2 EDD UP.V1 UP
MSigDB_Oncogenic_Signatures,PDGF ERK DN.V1 DN,prerank,0.551799730225539,2.1612017244818174,0.0,0.0,0.0,45_140,45/140,13.65%,DNAJB1;MAFF;SLC3A2;SMOX;PNRC1;MGAT1;NFIL3;NFKBIA;CKS2;IL2RG;CEBPB;FRAT2;DTX2;CDK2AP2;ADM;TGIF1;SCO2;TFIP11;MBD3;FZD2;BTG1;DHX34;PER1;MAPK3;MYC;THAP11;ZFP36L2;TBX2;SMAD7;BCL7B;FAM89B;PPP1R10;HINFP;FADD;MFSD5;TBKBP1;TMEM115;HIC2;IL7R;KDM2A;CCNF;MAFG;LY86;KLHL25;TMEM11,DNAJB1;MAFF;SLC3A2;SMOX;PNRC1;MGAT1;NFIL3;NFKBIA;CKS2;IL2RG;CEBPB;FRAT2;DTX2;CDK2AP2;ADM;TGIF1;SCO2;TFIP11;MBD3;FZD2;BTG1;DHX34;PER1;MAPK3;MYC;THAP11;ZFP36L2;TBX2;SMAD7;BCL7B;FAM89B;PPP1R10;HINFP;FADD;MFSD5;TBKBP1;TMEM115;HIC2;IL7R;KDM2A;CCNF;MAFG;LY86;KLHL25;TMEM11;SAC3D1;MAP3K3;JUN;PPP6R1;NOP16;FBXL14;OMD;PKD1P1;CIC;NCAPH2;RTN2;APC2;IRF2;DUSP1;EFNB2;ANKRD40;TMED5;ARHGEF16;ZBTB5;PDE4A;PRCC;ZNF202;MOGS;TNFSF8;KRT13;EFNA3;PNMT;PITPNM1;NEFH;ARF6;BCL10;C2CD2L;PISD;JUNB;ZNF324;SPRY2;SNAPC4;BNC1;BRPF1;MORC3;MNT;FAM50B;GTF2B;DUSP8;CDKN1B;PHLPP1;PPRC1;ERF;IDUA;RHOB;MAD2L1BP;ITGB6;BCL9;SUOX;SULT1A1;CDR2L;GIPC1;TRIB1;FAM102A;POLG2;RNF139;PDGFRA;LTBP1;DNAJB9;FBXL18;KIAA0922;PPP2R5B;TBCC;CCNG2;UNC50;MPPED1;E2F6;TRAIP;HAUS3;PPM1A;PRSS16;DIP2A;MON1B;LRRC6;MYCN;ANGEL1;BAG5;IRAK1BP1;KLF10;SLC25A44;CNTRL;EGR1;DUSP6;USP33;DYRK2;GRIN2B;MAB21L1;ZNF500;BPGM;LRRC40,"[9, 26, 40, 80, 85, 100, 110, 132, 176, 180, 311, 388, 403, 412, 468, 481, 524, 565, 818, 841, 856, 974, 1010, 1114, 1232, 1453, 1465, 1641, 1659, 1737, 1769, 1812, 1854, 2019, 2022, 2100, 2144, 2184, 2230, 2251, 2271, 2367, 2387, 2389, 2391, 2586, 2656, 2824, 3318, 3444, 3638, 3803, 3828, 3896, 3913, 3941, 4159, 4161, 4446, 4454, 4544, 4616, 4968, 5081, 5284, 5394, 5418, 5571, 5653, 5682, 5941, 6030, 6113, 6181, 6249, 6271, 6346, 6404, 6511, 6600, 6637, 6681, 6785, 6887, 6912, 6945, 7074, 7239, 7440, 7452, 7622, 7658, 8290, 8588, 8719, 8864, 8865, 8949, 9136, 9159, 9343, 10157, 10208, 10318, 10334, 10394, 10418, 10550, 10653, 10722, 10965, 11118, 11561, 11833, 11913, 11969, 12060, 12546, 12720, 12941, 13129, 13198, 13277, 13648, 14163, 14320, 14353, 14384, 14531, 14583, 14697, 15627, 15916, 16101, 16186, 16281, 16419, 16545, 16582, 17027]",MSigDB_Oncogenic_Signatures__PDGF ERK DN.V1 DN
MSigDB_Oncogenic_Signatures,HINATA NFKB IMMU INF,prerank,0.7591889293341434,2.001801089281923,0.0021141649048625794,0.0008756766592366829,0.002,11_17,11/17,16.67%,RELA;NFKBIA;CXCL6;IRF1;CCL20;CCL2;ICAM1;IL6;CXCL3;NFKB1;IL8,RELA;NFKBIA;CXCL6;IRF1;CCL20;CCL2;ICAM1;IL6;CXCL3;NFKB1;IL8;IL1B;CXCL2;CD83;TNFAIP2;OLR1;PTX3,"[68, 132, 232, 538, 1617, 1826, 1872, 2121, 2258, 2835, 2920, 4629, 5578, 6724, 7216, 10770, 13208]",MSigDB_Oncogenic_Signatures__HINATA NFKB IMMU INF
MSigDB_Oncogenic_Signatures,GCNP SHH UP LATE.V1 DN,prerank,0.47640564269922353,1.903260978002224,0.0,0.0014010826547786927,0.004,67_166,67/166,22.65%,FZD9;PTH1R;EBI3;FCGRT;SLC11A1;NACC2;IL4R;DOK1;LTA;NBEAL2;AGER;PTPRU;AXIN1;PAK4;SLC19A1;VNN1;IKZF1;ITGA7;MDFI;PDZK1IP1;MIIP;CD52;ARID3A;ADRB2;KANK3;RP9;ZNHIT2;WLS;MUC3A;SAT1;TGFB3;S100A11;SLC25A47;ARG1;SSBP4;SELL;ZFYVE19;WIPI2;ADCY9;AGTRAP;PUS1;COX6A2;TMEM214;S1PR1;IRF9;HTR3A;B3GAT3;CLRN3;SLC2A1;TNNC1;PPM1M;NTHL1;GP1BA;TNNC2;KIAA1161;TBC1D1;NRP2;LTC4S;TCEA2;MAN2B1;STX2;GJB6;MED12;LSR;PSMB8;PTPN18;ARAF,FZD9;PTH1R;EBI3;FCGRT;SLC11A1;NACC2;IL4R;DOK1;LTA;NBEAL2;AGER;PTPRU;AXIN1;PAK4;SLC19A1;VNN1;IKZF1;ITGA7;MDFI;PDZK1IP1;MIIP;CD52;ARID3A;ADRB2;KANK3;RP9;ZNHIT2;WLS;MUC3A;SAT1;TGFB3;S100A11;SLC25A47;ARG1;SSBP4;SELL;ZFYVE19;WIPI2;ADCY9;AGTRAP;PUS1;COX6A2;TMEM214;S1PR1;IRF9;HTR3A;B3GAT3;CLRN3;SLC2A1;TNNC1;PPM1M;NTHL1;GP1BA;TNNC2;KIAA1161;TBC1D1;NRP2;LTC4S;TCEA2;MAN2B1;STX2;GJB6;MED12;LSR;PSMB8;PTPN18;ARAF;NECAP2;WWC1;CD276;ZC3H12C;ESRP1;CLCN6;OGG1;ITGAE;RAB34;FRRS1;F8A1;EDN1;EPHB6;NMI;ENPP1;PITPNM1;ATAD3A;TTC23;SERPINF1;RBKS;VEGFC;HSPG2;CNN2;RHD;LGALS4;POLD4;FMO1;NUDT1;DDA1;WNK2;ZDHHC5;S100A13;GRIN2C;CDCP1;PEMT;GLA;IKBKG;RBBP6;MLLT1;SNX21;CX3CL1;EIF6;STX1A;PLD2;LOR;DLG4;LYSMD1;NCOA6;SOX18;HYOU1;EIF4ENIF1;MAP3K2;PARP8;EYA1;FAM111A;ACTN4;VIPR2;CDHR5;PPFIA4;LGALS2;ART5;NPTN;PTGER4;SLC30A3;ACOT1;DLX5;GRB7;EPB41L4B;H2AFJ;FAHD1;PIP5K1A;PTPRJ;VSNL1;NCOA7;EEPD1;KLK6;GNPTAB;GCM2;ACVR1;AMOTL2;DHODH;SH3BGRL2;UBE3C;UBE2V2;NDUFA10;STX3;PDCD7;ANXA7;BCL2L2;ZIK1;CNN1;LAMC2;MEF2A;EPHA3;SLC25A45;ANKRD33B;MRPL3;GPR3;KPNA1,"[83, 218, 243, 266, 440, 454, 462, 477, 631, 717, 759, 857, 877, 912, 989, 1053, 1092, 1142, 1159, 1230, 1379, 1470, 1543, 1595, 1623, 1671, 1767, 1784, 1829, 1858, 1861, 1895, 1984, 2020, 2021, 2053, 2066, 2077, 2127, 2143, 2196, 2434, 2513, 2528, 2767, 2787, 3006, 3079, 3156, 3173, 3222, 3287, 3373, 3376, 3418, 3500, 3520, 3532, 3672, 3690, 3724, 3788, 3811, 3813, 3936, 3962, 3967, 4100, 4150, 4209, 4590, 4737, 4895, 5263, 5292, 5293, 5377, 5435, 5566, 5600, 5763, 5903, 6113, 6155, 6428, 6444, 6478, 6620, 6635, 6810, 6822, 6870, 6886, 6938, 6948, 7050, 7078, 7262, 7331, 7345, 7434, 7482, 7530, 7584, 7657, 7714, 7801, 7950, 8000, 8112, 8450, 8480, 8524, 8624, 8767, 8914, 9087, 9395, 9404, 9482, 9505, 9663, 9667, 9694, 9695, 9941, 10099, 10205, 10232, 10354, 10367, 10400, 10738, 10752, 11043, 11138, 11768, 11952, 12148, 12175, 12289, 12488, 12536, 12558, 12622, 12679, 12935, 13059, 13219, 13531, 13836, 13843, 13869, 13882, 14172, 14527, 14546, 14675, 14822, 15464, 15920, 16142, 16163, 16293, 16438, 16527]",MSigDB_Oncogenic_Signatures__GCNP SHH UP LATE.V1 DN
MSigDB_Oncogenic_Signatures,AKT UP.V1 DN,prerank,0.4624567833352917,1.846016335780915,0.0,0.0026270299777100482,0.012,52_173,52/173,15.24%,MRPS6;SERPINF2;HIC1;RAMP1;ITPKB;TPD52L1;SIX5;PHF1;GAS1;SLC7A5;RCE1;SASH1;SMARCD3;VSIG2;EFEMP2;ZNF771;TCF3;OGN;CELA1;PLTP;NID1;GRAMD1A;FMO3;TP53I13;SYPL2;ANGPTL4;ID3;SCARA5;KLF2;S1PR3;PDLIM4;SH3BGR;NR1D1;FAM115C;PPP1R3C;DRAM1;SLC18A1;CBS;ISLR;PKP1;CXCR7;KRT15;TSPAN4;TENC1;FXYD1;SIRT3;IRS2;ZNF385A;SFRP2;GNMT;MERTK;IFRD2,MRPS6;SERPINF2;HIC1;RAMP1;ITPKB;TPD52L1;SIX5;PHF1;GAS1;SLC7A5;RCE1;SASH1;SMARCD3;VSIG2;EFEMP2;ZNF771;TCF3;OGN;CELA1;PLTP;NID1;GRAMD1A;FMO3;TP53I13;SYPL2;ANGPTL4;ID3;SCARA5;KLF2;S1PR3;PDLIM4;SH3BGR;NR1D1;FAM115C;PPP1R3C;DRAM1;SLC18A1;CBS;ISLR;PKP1;CXCR7;KRT15;TSPAN4;TENC1;FXYD1;SIRT3;IRS2;ZNF385A;SFRP2;GNMT;MERTK;IFRD2;C1R;MSRB2;TIMP3;CD248;IL17RC;FAH;TNNC2;ZFYVE21;LTC4S;PDZRN3;BTBD2;IL13RA1;AXIN2;AQP5;STAT5A;C1S;PDE9A;LIMD1;AMPD2;POLD2;KCNN4;ZC3H12C;MOCOS;BLVRB;SLC39A13;CHST12;HPS1;IRS1;ASS1;FBXO32;FAM20C;MSL2;GNA14;BCS1L;ITIH5;KCTD12;IFFO1;TNFRSF19;PPAP2B;FMO2;HTRA1;G6PC2;MEPE;CNN2;HEBP1;RPS6KB2;GHR;RTKN;ALPL;DPT;SCARA3;UPB1;PM20D1;TULP3;PI16;NT5DC3;ASF1A;SLCO3A1;ZNF213;LPHN1;PAQR7;RNF25;SCCPDH;EFEMP1;LPL;PLA2G4A;GSPT2;CSDC2;FAS;CHAD;NCAM1;PDIA5;RXRB;FKBP11;CHN2;WIF1;KCNK3;PDGFRA;TSPYL4;ITGBL1;EDARADD;DNAJA3;FUT10;SATB1;SLC39A4;ESR2;PDLIM3;FHOD3;MYOC;RMND1;PUS7;SLIT3;GATAD2B;ZEB1;PLEK2;MMAA;NR4A3;ADHFE1;TYW1;CAP2;PROM1;CAV2;POLI;COL17A1;NAT8;PDE4B;FANK1;MATN2;EXOSC1;CDC42BPA;BEX4;IBSP;GSTA4;ZDHHC6;FUT8;PTGIS;RECK;KRT5;EIF4E3;RORC;RPAP3,"[21, 96, 124, 260, 279, 288, 290, 297, 310, 312, 485, 540, 545, 659, 686, 699, 734, 753, 796, 964, 998, 1011, 1042, 1125, 1287, 1365, 1413, 1429, 1446, 1504, 1521, 1552, 1578, 1642, 1733, 1745, 1763, 1781, 1808, 1833, 1941, 2033, 2045, 2112, 2198, 2350, 2357, 2493, 2606, 2626, 2629, 2668, 2808, 2876, 3019, 3050, 3234, 3343, 3376, 3473, 3532, 3615, 3752, 3851, 3853, 4046, 4109, 4215, 4230, 4304, 4340, 4374, 4563, 4590, 4598, 4651, 4742, 4824, 4859, 5115, 5245, 5331, 5409, 5535, 5615, 5886, 5923, 5968, 5980, 6177, 6184, 6406, 6416, 6473, 6749, 6810, 7165, 7191, 7202, 7377, 7488, 7501, 7517, 7561, 7852, 7885, 7894, 7906, 7993, 8210, 8406, 8563, 8627, 8726, 8900, 8928, 8940, 9214, 9375, 9392, 9493, 9537, 9574, 9591, 9818, 9893, 9911, 10133, 10181, 10418, 10637, 10842, 10850, 11060, 11254, 11290, 11349, 11385, 11501, 11597, 11890, 12018, 12032, 12463, 12672, 12675, 13132, 13316, 13351, 13603, 13711, 13989, 14117, 14528, 14640, 14802, 14827, 15138, 15233, 15263, 15529, 15610, 15631, 15643, 15806, 16069, 16183, 16232, 16270, 16425, 16609, 16946, 16966]",MSigDB_Oncogenic_Signatures__AKT UP.V1 DN
MSigDB_Oncogenic_Signatures,BMI1 DN MEL18 DN.V1 UP,prerank,0.4691672265767726,1.8365117863723053,0.0,0.0027243273842919025,0.014,51_135,51/135,18.04%,MT1F;CSF1;PLAUR;SLC7A5;STC2;ADM;ZC3H12A;GFPT2;C3AR1;MARCH3;ADM2;GAL;PIM1;BMP5;FADS3;SLC19A1;CHST11;VNN1;PODXL;LIF;TGFB2;WNT5B;C2CD2;VEGFA;PLEKHO1;LCP1;ADRB2;LHFPL2;ITGA5;ARL4A;CXCL1;ANXA3;SIK1;BIRC3;MICA;FOSL1;IL7R;CHST3;CSPG4;PIEZO1;SLC6A9;ABCA1;CPA4;INHBE;CRISPLD2;IL8;TIMP3;KCNN3;TMEM51;P2RX5;PSAT1,MT1F;CSF1;PLAUR;SLC7A5;STC2;ADM;ZC3H12A;GFPT2;C3AR1;MARCH3;ADM2;GAL;PIM1;BMP5;FADS3;SLC19A1;CHST11;VNN1;PODXL;LIF;TGFB2;WNT5B;C2CD2;VEGFA;PLEKHO1;LCP1;ADRB2;LHFPL2;ITGA5;ARL4A;CXCL1;ANXA3;SIK1;BIRC3;MICA;FOSL1;IL7R;CHST3;CSPG4;PIEZO1;SLC6A9;ABCA1;CPA4;INHBE;CRISPLD2;IL8;TIMP3;KCNN3;TMEM51;P2RX5;PSAT1;COL7A1;NRP2;TNFAIP6;TFEC;FAP;WEE1;KCNN4;SLC7A11;COL16A1;TNFSF9;JAG1;FAM189A1;EDN1;HTR1D;ATF3;KIF21B;PLAT;PMEPA1;SLC1A4;EHD1;TUFT1;C2CD2L;PIK3CG;VEGFC;ATP13A2;GADD45A;ITGB8;MGLL;BST1;TRIB3;LAMB3;NPPB;OGFRL1;PDCD1LG2;TEK;GDF5;NT5E;STX1A;TRIO;RUSC2;FJX1;ADAM12;TACR3;ITGA3;ITGB6;ASPH;SCML2;PAPPA;GAB2;CDC42EP2;F3;KLF7;ZNF639;MICALL1;NAV2;HBEGF;DUSP10;CDH13;IL1A;ADAM19;CLDN1;ABLIM3;SLC22A4;CCND1;HAS2;ARL4C;ARNTL2;ZEB2;TNIP3;APBB2;TAGLN;MLL;PTHLH;TNFRSF8;NTM;ITGA4;CD97;LSAMP;NKAIN1;INHBA;HAPLN1;GREM1;COL13A1;VLDLR,"[55, 137, 296, 312, 321, 468, 480, 568, 582, 633, 793, 816, 858, 925, 966, 989, 1014, 1053, 1091, 1188, 1191, 1392, 1424, 1439, 1506, 1537, 1595, 1607, 1748, 1751, 1774, 1938, 1969, 1994, 2136, 2188, 2230, 2417, 2442, 2488, 2569, 2620, 2637, 2822, 2899, 2920, 3019, 3048, 3120, 3133, 3159, 3411, 3520, 3571, 3880, 3972, 4251, 4563, 4658, 4683, 4887, 5281, 5282, 5566, 5643, 5684, 5723, 5897, 6198, 6210, 6268, 6335, 6346, 6453, 6620, 6705, 6740, 7057, 7099, 7161, 7315, 7368, 7489, 7549, 7607, 7870, 7956, 8071, 8112, 8219, 8374, 8404, 8461, 8564, 8739, 8865, 9020, 9961, 10492, 10756, 10934, 11051, 11636, 11832, 11926, 11936, 12285, 12383, 12477, 12614, 12717, 12800, 12952, 13349, 13673, 13898, 13903, 14065, 14204, 14330, 14428, 14577, 14766, 14886, 15094, 15469, 15698, 16033, 16058, 16084, 16208, 16268, 16612, 17066, 17256]",MSigDB_Oncogenic_Signatures__BMI1 DN MEL18 DN.V1 UP
MSigDB_Oncogenic_Signatures,ALK DN.V1 UP,prerank,0.4774221267751961,1.8461440552271613,0.0,0.00300231997452577,0.012,28_118,28/118,12.40%,DDIT4;CARD9;IL1R2;MRAS;ANGPT2;CEBPG;SLC7A5;STC2;VNN2;MTHFD2;CA3;CHAC1;XBP1;GDF15;IGLL1;NOD2;ANGPTL4;VEGFA;RBM17;CCNK;HLA-DMB;CCL20;TBX2;CBS;MT1H;SLC1A5;IL6;LYL1,DDIT4;CARD9;IL1R2;MRAS;ANGPT2;CEBPG;SLC7A5;STC2;VNN2;MTHFD2;CA3;CHAC1;XBP1;GDF15;IGLL1;NOD2;ANGPTL4;VEGFA;RBM17;CCNK;HLA-DMB;CCL20;TBX2;CBS;MT1H;SLC1A5;IL6;LYL1;SLC6A9;INHBE;MLC1;PSAT1;STEAP4;TREM1;RRAS;LTC4S;FBXL8;SLC1A3;TFEC;CXCL5;FLVCR2;FAP;ARHGAP4;THAP3;BMPR1B;CA2;GNA15;KYNU;NFKBIL1;SLC7A11;CHST8;ASNS;ACTL6B;CSTA;ADAM28;PDZD7;SMPX;P2RX3;SPP1;OLFML3;CHI3L1;PYGB;PIK3CG;CTRB2;VEGFC;AIF1;DECR2;FMO1;KRT81;BEGAIN;BST1;TRIB3;ZNRF4;GALK1;SCN9A;EPAS1;GDF5;PCK2;FJX1;ADAM12;B3GALT4;NTRK1;CH25H;EREG;TBL1Y;TDO2;RIBC2;CATSPERG;GRM1;VSTM4;TTLL2;CCR7;CRYGA;PRDM1;AQP9;SLC12A8;SCN1A;GRPR;SLAMF7;STMN2;ZNF639;GNAT2;UNC13A;MPO;CLSPN;ENPP2;BDKRB2;ENTPD3;NNAT;AQP7;PNOC;CTH;FOXP3;CCL19;ETV1;DLX6;CFTR;FAM188A,"[11, 16, 148, 185, 198, 257, 312, 321, 387, 723, 727, 875, 1084, 1105, 1265, 1266, 1365, 1439, 1516, 1542, 1587, 1617, 1641, 1781, 1911, 1927, 2121, 2171, 2569, 2822, 2954, 3159, 3262, 3333, 3458, 3532, 3587, 3630, 3880, 3891, 3960, 3972, 3994, 4060, 4114, 4119, 4188, 4450, 4525, 4658, 4752, 4899, 5154, 5233, 5496, 5851, 5912, 6174, 6253, 6280, 6323, 6390, 6453, 6614, 6620, 6768, 6804, 6938, 6952, 7092, 7161, 7315, 7495, 7555, 7637, 7864, 7956, 8217, 8404, 8461, 9209, 9253, 9360, 9491, 9636, 9732, 9775, 9989, 10008, 10103, 10200, 10347, 10387, 10431, 10543, 10564, 10708, 10755, 11492, 11770, 11832, 12301, 12440, 12599, 14087, 14102, 14242, 14251, 14424, 14801, 15276, 15409, 15494, 15722, 15928, 15982, 17252, 17373]",MSigDB_Oncogenic_Signatures__ALK DN.V1 UP
MSigDB_Oncogenic_Signatures,ERB2 UP.V1 UP,prerank,0.46051103558551637,1.8490741657529872,0.0,0.0032108144172011705,0.011,43_182,43/182,11.94%,P4HA2;CXCR4;PNRC1;AKR1C2;LAMB2;PTOV1;UPK1A;GDPD3;CAPN2;BCL3;VASP;BCL6;BACE2;TNFRSF11B;ZNF467;S100A6;S100P;EPHX1;PTPRU;MPZL2;RPRM;SLC9A3R2;CHST11;FAM46C;GDF15;MUC1;BCAM;SERPINA1;ANGPTL4;FGFR4;ULBP2;PGPEP1;VEGFB;PTMS;PPP1R3C;DRAM1;SERHL2;SAT1;ITGB4;PPAP2A;GRAMD3;SOX9;LRP5,P4HA2;CXCR4;PNRC1;AKR1C2;LAMB2;PTOV1;UPK1A;GDPD3;CAPN2;BCL3;VASP;BCL6;BACE2;TNFRSF11B;ZNF467;S100A6;S100P;EPHX1;PTPRU;MPZL2;RPRM;SLC9A3R2;CHST11;FAM46C;GDF15;MUC1;BCAM;SERPINA1;ANGPTL4;FGFR4;ULBP2;PGPEP1;VEGFB;PTMS;PPP1R3C;DRAM1;SERHL2;SAT1;ITGB4;PPAP2A;GRAMD3;SOX9;LRP5;TNNT1;AQP3;CYP1B1;NME4;KIAA1199;PACS1;IL8;ATP6V0A4;NPC2;CNOT8;ST6GALNAC2;METRN;TCEA2;ALDH4A1;GNAI2;NOTCH3;BMPR1B;PAPSS2;LOXL1;ABCC3;SPAG4;MAOA;SLC2A10;KCNN4;DNAJC4;MAPRE3;UROS;IL1R1;CSTA;PLEKHB1;CYP1A1;EDN1;TBC1D8;VTCN1;EGLN3;SDCBP;HSD17B11;ACHE;NDRG1;MALL;CSGALNACT1;CLMN;PPAP2C;MVD;WIPI1;FMO5;HSPA2;KRT81;DAB2;CA8;FADS2;HOXB7;ST13;ABCG1;CREB3L2;EPAS1;MGAT4A;TSPAN1;PDE4D;SCAMP4;APOBEC3B;RFTN1;UPK3B;ENO2;LMO3;CAST;ITGB6;HEY1;SCCPDH;ASPH;PCSK1N;ANXA6;B3GALT4;FAM174B;EPB41L4A;GBF1;SH3GLB2;PCDH1;CRLF1;GAMT;VWA1;KCNMA1;DBNDD2;PTGER4;CAPN5;SLC9A6;MSX2;ALDOC;PACSIN3;GABBR2;MIA3;APLP1;TTC9;SLC6A6;RAB5C;GUCY1B3;CADPS2;ST8SIA4;KIAA0513;SPTBN2;CAMK2N1;VIPR1;PCDH8;GUCY1A3;RRAGD;ANKMY2;FAM129A;DHRS7B;MXRA7;KMO;LIMCH1;PARM1;ARNT2;MPI;CDS2;OPN3;NNT;TNFRSF21;KRT7;FGF13;SGPP1;SEPT10;PRPS1;MYO1D;TPK1;ETV5;ATXN1;GALNT12;SLC12A2;PDE4B;DOCK10;PTPRE;UPK2;ZNF365;DUSP6;CXADR;BNIP3L;APH1B;DUSP4,"[12, 77, 85, 111, 160, 193, 206, 278, 285, 347, 382, 489, 600, 664, 708, 722, 786, 819, 857, 937, 948, 1008, 1014, 1073, 1105, 1180, 1209, 1224, 1365, 1389, 1402, 1454, 1509, 1518, 1733, 1745, 1804, 1858, 1867, 1894, 1926, 2005, 2090, 2385, 2445, 2464, 2581, 2817, 2856, 2920, 3028, 3069, 3301, 3498, 3567, 3672, 3735, 3746, 3857, 4114, 4137, 4163, 4275, 4286, 4513, 4514, 4563, 4641, 4665, 5140, 5151, 5233, 5278, 5385, 5566, 5675, 5773, 5778, 5806, 5817, 5873, 6152, 6187, 6238, 6417, 6448, 6482, 6509, 6672, 6834, 6952, 7000, 7152, 7286, 7372, 7462, 7499, 7542, 7864, 7919, 8183, 8278, 8352, 8361, 8473, 8594, 8715, 8766, 8821, 8865, 8866, 8900, 9020, 9109, 9127, 9209, 9261, 9465, 9467, 9533, 9802, 9811, 9819, 9869, 10001, 10202, 10354, 10375, 10474, 10513, 10567, 10881, 11031, 11234, 11430, 11480, 11639, 11683, 12015, 12033, 12051, 12105, 12210, 12223, 12267, 12418, 12642, 12842, 12846, 12875, 12886, 13033, 13213, 13234, 13243, 13340, 13410, 13483, 13548, 14068, 14131, 14141, 14173, 14288, 14460, 14725, 14803, 14806, 14899, 14916, 14994, 15054, 15138, 15305, 15544, 15637, 15743, 15916, 16037, 16159, 16361, 17396]",MSigDB_Oncogenic_Signatures__ERB2 UP.V1 UP
MSigDB_Oncogenic_Signatures,CAHOY NEURONAL,prerank,-0.4964310735487288,-1.8171593809357351,0.0018587360594795538,0.0033976895710916576,0.01,52_96,52/96,34.72%,PENK;COL19A1;CALN1;SST;CALB1;GAD2;KRT222;SLC35F4;TSPYL5;SCG2;CLSTN2;CRHBP;CRH;PPFIA2;NXPH2;SLC8A1;MYO5B;PNOC;DYNC1I1;SIDT1;RGS4;NTS;CBLN4;GRP;NEUROD6;CNTNAP4;SV2B;GDA;TRHDE;MYT1L;PGM2L1;GABRG2;GLRA2;CDH9;NAPB;SLC6A17;MLIP;HCN1;MEF2C;KCNIP4;SYT1;GREM2;NELL1;FGF9;HPCA;SLC17A6;CELF6;KIAA1239;PRSS12;KIAA0319;SYT4;NSF,RAMP3;RASGEF1A;METRN;RPRML;CAMK2B;LIN7B;SLC25A22;ITPKA;CCK;CELF4;PRDM8;EPB49;RASL10A;CPNE5;SLC6A7;TBR1;CAMKV;CKMT1A;NRGN;STX1A;HSD17B4;SATB2;CPNE4;EPHA7;BCL11B;ENO2;HS3ST2;ICAM5;DRD1;BCL11A;JPH4;GABRD;SYT13;KIAA1045;RTN4RL1;GPR22;NEFM;SYT5;CACNG3;MYH3;FABP3;STXBP1;GABRA5;SH2D5;NSF;SYT4;KIAA0319;PRSS12;KIAA1239;CELF6;SLC17A6;HPCA;FGF9;NELL1;GREM2;SYT1;KCNIP4;MEF2C;HCN1;MLIP;SLC6A17;NAPB;CDH9;GLRA2;GABRG2;PGM2L1;MYT1L;TRHDE;GDA;SV2B;CNTNAP4;NEUROD6;GRP;CBLN4;NTS;RGS4;SIDT1;DYNC1I1;PNOC;MYO5B;SLC8A1;NXPH2;PPFIA2;CRH;CRHBP;CLSTN2;SCG2;TSPYL5;SLC35F4;KRT222;GAD2;CALB1;SST;CALN1;COL19A1;PENK,"[378, 3400, 3567, 3872, 4493, 4559, 4622, 5585, 6217, 6397, 6401, 6642, 7048, 7076, 7158, 7507, 7887, 7994, 8054, 8112, 8387, 8399, 8547, 8607, 8698, 8715, 8733, 8990, 8994, 9018, 9246, 9581, 9647, 9954, 10085, 10141, 10277, 10414, 10553, 10577, 10707, 10837, 10979, 11053, 11436, 11473, 11579, 11613, 11667, 11680, 11853, 11873, 12107, 12171, 12318, 12427, 12519, 12683, 12716, 12757, 12878, 13112, 13140, 13211, 13432, 13467, 13473, 13480, 13532, 13793, 14046, 14143, 14218, 14387, 14463, 14643, 14715, 14785, 15276, 15331, 15701, 16217, 16420, 16441, 16446, 16484, 16544, 16581, 16598, 16606, 16716, 16968, 17040, 17069, 17091, 17492]",MSigDB_Oncogenic_Signatures__CAHOY NEURONAL
MSigDB_Oncogenic_Signatures,BMI1 DN.V1 UP,prerank,0.45286915087199325,1.7858539675209506,0.0,0.003772145609019557,0.028,54_138,54/138,18.18%,EPHA2;SLCO4A1;CSF1;ANPEP;MICB;SLC7A5;STC2;FES;DHRS3;FURIN;GFPT2;C3AR1;MARCH3;GABRE;BMP4;GAL;BMP5;GPRC5A;FADS3;SLC19A1;CHST11;VNN1;PODXL;LIF;TGFB2;SRPX2;LCP1;ADRB2;LHFPL2;CCL20;ITGA5;TAP1;CXCL1;SLC1A5;ANXA3;CXCR7;LRP5;MICA;IL7R;CHST3;CSPG4;CTSS;PIEZO1;TIE1;ABCA1;CPA4;MFAP5;INHBE;CRISPLD2;LEPREL2;TIMP3;TMEM51;SLC2A1;SIRPA,EPHA2;SLCO4A1;CSF1;ANPEP;MICB;SLC7A5;STC2;FES;DHRS3;FURIN;GFPT2;C3AR1;MARCH3;GABRE;BMP4;GAL;BMP5;GPRC5A;FADS3;SLC19A1;CHST11;VNN1;PODXL;LIF;TGFB2;SRPX2;LCP1;ADRB2;LHFPL2;CCL20;ITGA5;TAP1;CXCL1;SLC1A5;ANXA3;CXCR7;LRP5;MICA;IL7R;CHST3;CSPG4;CTSS;PIEZO1;TIE1;ABCA1;CPA4;MFAP5;INHBE;CRISPLD2;LEPREL2;TIMP3;TMEM51;SLC2A1;SIRPA;COL7A1;NRP2;TNFAIP6;CTNS;SLC5A6;KCNC4;MMP15;FAP;LTBP4;FGFR1;AGRN;COL16A1;DKK1;TNFSF9;SLC29A2;LRIG1;JAG1;CSPG5;PLXNA2;EDN1;FZD5;PLAT;PMEPA1;SLC1A4;C2CD2L;B4GALNT1;VEGFC;SLC2A6;ATP13A2;NOV;ITGB8;BST1;MFGE8;LAMB3;CDCP1;SLCO2A1;PDCD1LG2;TEK;GDF5;NT5E;STX1A;POMT2;TRIO;SLC29A1;FJX1;ADAM12;ITGA3;ITGB6;ASPH;FAM57A;PAPPA;KRT17;F3;FLNB;HBEGF;VANGL1;FKRP;CLDN1;CD82;CCND1;HAS2;PROP1;CLSPN;BDKRB2;PANX1;TAGLN;MLL;PTHLH;TNFRSF8;FOXP3;ITGA4;CD97;LSAMP;INHBA;HAPLN1;SEMA3G;TMEM62;GREM1;PSG5;COL13A1;ACTA2;ATF6;VLDLR;MMP3,"[39, 46, 137, 149, 152, 312, 321, 329, 406, 555, 568, 582, 633, 646, 730, 816, 925, 941, 966, 989, 1014, 1053, 1091, 1188, 1191, 1290, 1537, 1595, 1607, 1617, 1748, 1758, 1774, 1927, 1938, 1941, 2090, 2136, 2230, 2417, 2442, 2465, 2488, 2491, 2620, 2637, 2696, 2822, 2899, 2957, 3019, 3120, 3156, 3184, 3411, 3520, 3571, 3646, 3649, 3855, 3949, 3972, 4551, 4624, 4626, 4683, 4704, 4887, 5205, 5218, 5281, 5417, 5561, 5566, 5568, 5897, 6198, 6210, 6346, 6435, 6620, 6666, 6705, 7052, 7057, 7161, 7208, 7368, 7434, 7514, 7607, 7870, 7956, 8071, 8112, 8134, 8219, 8230, 8404, 8461, 8739, 8865, 9020, 9232, 10492, 10572, 11051, 11919, 12285, 12377, 12510, 12800, 13246, 13673, 13898, 14084, 14087, 14242, 14534, 14577, 14766, 14886, 15094, 15494, 15698, 16033, 16058, 16208, 16268, 16386, 16542, 16612, 16720, 17066, 17077, 17166, 17256, 17427]",MSigDB_Oncogenic_Signatures__BMI1 DN.V1 UP
MSigDB_Oncogenic_Signatures,CYCLIN D1 KE .V1 UP,prerank,0.43948740334917613,1.7887223820532492,0.0,0.0039405449665650735,0.027,55_182,55/182,17.09%,HSPA1B;EPHA2;SMTN;PLOD1;HK3;E2F4;GLI1;ZNF787;CEBPD;LTBR;NFE2;POLD1;AXIN1;HSPH1;FAM189A2;RASSF7;HSF4;DNASE1;PKN1;GGT5;COASY;RUNX1;FGFR4;CTBP1;CD52;BATF;GCHFR;KLC1;GLB1;IFITM1;CCL20;ADRA2B;MED24;THOP1;CDKN1A;PCGF2;LCN2;DNASE2;FOSL2;PPID;GPT;S100A2;HGFAC;PPM1F;PHKG2;IFRD2;LMF2;APOC4;SUPT5H;TGFBR2;SLC6A3;KLF4;PLCB2;PMPCA;COX17,HSPA1B;EPHA2;SMTN;PLOD1;HK3;E2F4;GLI1;ZNF787;CEBPD;LTBR;NFE2;POLD1;AXIN1;HSPH1;FAM189A2;RASSF7;HSF4;DNASE1;PKN1;GGT5;COASY;RUNX1;FGFR4;CTBP1;CD52;BATF;GCHFR;KLC1;GLB1;IFITM1;CCL20;ADRA2B;MED24;THOP1;CDKN1A;PCGF2;LCN2;DNASE2;FOSL2;PPID;GPT;S100A2;HGFAC;PPM1F;PHKG2;IFRD2;LMF2;APOC4;SUPT5H;TGFBR2;SLC6A3;KLF4;PLCB2;PMPCA;COX17;RRAS;CDKN2A;GNAI2;RGS3;ZYX;KIFC1;MMP15;RAB31;THBD;NPR2;TRIM25;APOC1;KDM5C;MARK3;CENPB;MPHOSPH6;ASNS;PFKL;FOXK2;TTLL12;KCTD2;MAD1L1;INTS9;DTNA;FZD5;TRAF1;PPP5C;TNNT2;LPIN2;ADRA2A;HSD17B10;ID1;ALDH3A2;MALL;BIRC2;MUC5AC;EIF5A;ARL3;TROAP;DAP;CARS;HSPG2;PIGC;PDE4C;THY1;COX7A1;SCAP;APOA2;SNX17;CHRNA5;PPIB;NTN3;PKD1;MAT1A;CDR2;ETS2;TSC2;TCF12;TRIO;DRD5;LOR;PRPH;FHL2;BRF1;BCL9;KCNAB2;CRIP1;POLR2C;AHR;INPP5A;CDR2L;COL18A1;PRRC2A;STT3A;SNRPC;KAT5;SNRPB2;DMWD;COL5A2;GOT1;NRG1;ABLIM1;CDK6;HTR6;ST3GAL4;CELA2B;FSHR;CDS1;MASP1;FAM3C;DUSP5;CHKA;CGREF1;DYRK4;KLK6;THOC1;PPP3CB;PTPN3;TFAP2A;CASP3;ZIC1;PTS;KIF22;SLC35D1;PHF20;CYP2E1;REEP5;CA4;PLK3;DCAF7;RHO;ATXN1;MAN2A2;SLN;EGR3;NEK3;DGKD;ARCN1;CHRNB4;REN;MGAT5;HBA2;SKIV2L2;CCKAR;PTPRH;STAM;DUSP4,"[7, 39, 49, 54, 200, 229, 369, 520, 569, 640, 688, 863, 877, 913, 1012, 1015, 1161, 1235, 1248, 1341, 1351, 1384, 1389, 1410, 1470, 1480, 1500, 1562, 1582, 1596, 1617, 1646, 1673, 1691, 1714, 1786, 1836, 1893, 2063, 2108, 2170, 2374, 2463, 2469, 2542, 2668, 2675, 2724, 2731, 2773, 2789, 2806, 2865, 2911, 2992, 3458, 3605, 3746, 3774, 3873, 3897, 3949, 4054, 4174, 4211, 4214, 4775, 4779, 4793, 4800, 4855, 4899, 4981, 4996, 5063, 5243, 5308, 5469, 5512, 5568, 5590, 5644, 5671, 5918, 5932, 6026, 6042, 6051, 6187, 6219, 6239, 6333, 6378, 6430, 6456, 6591, 6635, 6649, 6761, 6789, 6873, 7042, 7104, 7273, 7557, 7641, 7753, 7769, 7783, 7841, 7937, 7998, 8094, 8219, 8328, 8480, 8531, 8535, 8876, 8949, 8954, 9221, 9284, 9293, 9316, 9343, 9457, 9538, 9790, 10196, 10458, 10569, 10615, 10693, 10780, 10902, 10960, 11099, 11107, 11754, 11775, 11912, 12021, 12028, 12029, 12154, 12264, 12385, 12407, 12536, 12548, 12602, 12700, 12910, 12945, 13001, 13006, 13220, 13490, 13837, 14038, 14098, 14112, 14209, 14512, 14884, 14916, 15082, 15144, 15206, 15378, 15436, 15556, 15573, 15761, 15997, 16398, 16786, 16872, 16916, 17215, 17396]",MSigDB_Oncogenic_Signatures__CYCLIN D1 KE .V1 UP
MSigDB_Oncogenic_Signatures,ESC J1 UP EARLY.V1 UP,prerank,0.44795657793436566,1.7917491522870865,0.0,0.003980348451075831,0.025,49_161,49/161,15.75%,P4HA2;AKR1C2;BNIPL;RAB3IL1;CRELD1;NAGS;P4HA1;CPT1B;PHF21A;PDGFRB;NR1H3;NCF1;AUP1;ADM;PCTP;TSHZ1;STC1;FXYD3;A4GALT;CYP2S1;DPP7;NME3;SOX15;NR1D1;CD33;KANK3;NARF;GADD45B;GADD45G;FGFRL1;TEX264;PCSK4;SLC18A1;BMP7;THRA;GPT;FOSL1;NANOS1;NHSL1;ZBTB7C;DLL1;SCNN1A;AQP3;FSCN3;FMNL3;KIAA0195;TYMP;APOC4;ADCYAP1R1,P4HA2;AKR1C2;BNIPL;RAB3IL1;CRELD1;NAGS;P4HA1;CPT1B;PHF21A;PDGFRB;NR1H3;NCF1;AUP1;ADM;PCTP;TSHZ1;STC1;FXYD3;A4GALT;CYP2S1;DPP7;NME3;SOX15;NR1D1;CD33;KANK3;NARF;GADD45B;GADD45G;FGFRL1;TEX264;PCSK4;SLC18A1;BMP7;THRA;GPT;FOSL1;NANOS1;NHSL1;ZBTB7C;DLL1;SCNN1A;AQP3;FSCN3;FMNL3;KIAA0195;TYMP;APOC4;ADCYAP1R1;TMEM106C;COLQ;CHRNB1;ALX3;HPGDS;CEACAM21;PDK4;DHRS7;EVPL;DIDO1;SESN3;ACSS1;LOXL2;PRSS8;SLC24A6;PTPRCAP;ST5;MOCS1;SIL1;ZIC2;TFF3;ASCL2;IL15;GRINA;ADCK3;CD68;RPL22;GPRIN1;KRT13;TMED3;NDRG1;PPAP2B;TEX101;CACNB3;PIGC;HIVEP3;NARG2;EPHB3;DAB2;CIDEB;ZBTB16;HES6;RASL11B;TRIB2;NECAB3;TLE6;CDKN1B;ABCG1;SEMA4G;PCMTD2;NAGA;TSPAN1;CUL4A;ADSSL1;NAAA;CUBN;HEY1;AMPH;DSCAM;RB1;NLRP3;TMEM38A;ENPP5;CORO2A;DBNDD2;SLC22A13;PTGER4;CDHR1;SERPINE2;EDARADD;PDPN;DRAM2;PRSS12;ZFPM2;GDE1;NGLY1;TRAFD1;CDH3;LYRM5;TTR;ECE2;POLH;NAGLU;LMBRD1;MEP1B;FAM134B;FGF14;CD82;P2RX4;BTN1A1;HOMER1;MAG;MKL2;WBSCR27;ANGPTL7;KRT7;IRX2;PIK3R1;BCL2L2;C4BPA;NEK2;CPPED1;CXCL12;MYB;MPP2;TXNDC16;METTL20;GZMA;ATP5S;CD47;FLT3;SCRN3,"[12, 111, 138, 159, 244, 250, 306, 322, 371, 420, 444, 461, 467, 468, 500, 596, 634, 690, 713, 862, 957, 1299, 1327, 1578, 1612, 1623, 1625, 1626, 1669, 1713, 1728, 1741, 1763, 2039, 2052, 2170, 2188, 2241, 2334, 2346, 2363, 2441, 2445, 2524, 2687, 2690, 2704, 2724, 2758, 2950, 3087, 3148, 3169, 3489, 3496, 3521, 3589, 3645, 3798, 3906, 4015, 4066, 4170, 4225, 4242, 4319, 4341, 4508, 4599, 4669, 4691, 4728, 5176, 5261, 5305, 5460, 5606, 5682, 6114, 6152, 6184, 6565, 6569, 6649, 6664, 6914, 6965, 7000, 7101, 7188, 7215, 7225, 7287, 7307, 7326, 7452, 7499, 7871, 7911, 8100, 8183, 8475, 8628, 8672, 8753, 8866, 9183, 9437, 9620, 9658, 10027, 10058, 10065, 10202, 10340, 10354, 10481, 10534, 10850, 11303, 11598, 11613, 11705, 11708, 11811, 11955, 12052, 12288, 12341, 12432, 12508, 12695, 12699, 13120, 13168, 13236, 13246, 13278, 13580, 13602, 13761, 13906, 14001, 14021, 14141, 14340, 14526, 14527, 14849, 14911, 15008, 15207, 15452, 15699, 16072, 16198, 16671, 16949, 17045, 17194, 17501]",MSigDB_Oncogenic_Signatures__ESC J1 UP EARLY.V1 UP
MSigDB_Oncogenic_Signatures,MTOR UP.V1 DN,prerank,0.44722878638252644,1.805279012687912,0.0,0.004028112632488741,0.023,57_174,57/174,16.44%,HSPA1A;FZD9;NFIL3;TNIP2;SIX5;PHF1;DTX2;UNC119;MAX;RCE1;SASH1;SMARCD3;NCF4;VSIG2;EFEMP2;DDIT3;TCF3;PDE6G;PLTP;OSGIN1;GRAMD1A;SLC6A20;LEPREL4;TGIF2;MYC;H1FX;KCNQ1;ZNF746;KLF2;S1PR3;HSD17B1;SH3BGR;NR1D1;IFITM1;TREM2;PPP1R3C;CXCL1;RASD1;DNASE2;SLC2A4;CXCR7;TBC1D17;KRT15;TSPAN4;TENC1;UBXN2A;FXYD1;IRS2;SH2D1B;QPRT;GDPD2;ABCA1;DNMBP;C2;C1R;SERPIND1;DPEP1,HSPA1A;FZD9;NFIL3;TNIP2;SIX5;PHF1;DTX2;UNC119;MAX;RCE1;SASH1;SMARCD3;NCF4;VSIG2;EFEMP2;DDIT3;TCF3;PDE6G;PLTP;OSGIN1;GRAMD1A;SLC6A20;LEPREL4;TGIF2;MYC;H1FX;KCNQ1;ZNF746;KLF2;S1PR3;HSD17B1;SH3BGR;NR1D1;IFITM1;TREM2;PPP1R3C;CXCL1;RASD1;DNASE2;SLC2A4;CXCR7;TBC1D17;KRT15;TSPAN4;TENC1;UBXN2A;FXYD1;IRS2;SH2D1B;QPRT;GDPD2;ABCA1;DNMBP;C2;C1R;SERPIND1;DPEP1;OSMR;RFTN2;NTHL1;FAH;TNNC2;HIGD1C;CTNS;SLC12A4;SYF2;ARTN;SLC25A28;AQP5;PDE9A;DUSP1;ID2;MFAP2;CSRP2;SLC39A13;MOXD1;CHST12;CPE;NGFR;ADCK3;TMEM186;FBXO32;WDTC1;HYAL3;SULT2B1;TH;PRSS23;HLA-DQB1;BBS2;ITIH5;DENND1A;OLFML3;HTRA1;WFDC1;CES3;CLEC4M;LIFR;CHRD;IFT172;RNF41;KCNH3;SCARA3;UPB1;PDGFA;MLLT1;PHC1;PI16;MIF4GD;STX1A;THBS3;KCNC1;C1QTNF4;ZNF213;GEMIN2;COL20A1;FN3K;CSDC2;PLEKHA5;NCAM1;PDIA5;MESP2;PHAX;PTPRS;PDE6H;NELL2;WIF1;KCNK3;ICOSLG;COL11A2;PTGER4;SLC44A1;LTBP1;CSAD;NR1D2;KAT6B;PDLIM3;NFXL1;MYOC;CRY2;ARL4D;SLIT3;GCOM1;PHIP;MMAA;ADAMTS8;PRDM4;SLC33A1;CCDC134;UGGT1;B3GALNT2;WBSCR27;PPP1R14A;MYCN;MYH11;AOC3;PDE4B;FANK1;IGF1;EXOSC1;CDC42BPA;RBP1;RRM2B;MED12L;CLPX;UBR3;PTGIS;KRT5;BACE1;CSGALNACT2;L2HGDH;ZMYM5;CCT6B;CIRBP;PDE10A,"[2, 83, 110, 127, 290, 297, 403, 413, 484, 485, 540, 545, 553, 659, 686, 729, 734, 933, 964, 996, 1011, 1160, 1174, 1215, 1232, 1293, 1330, 1403, 1446, 1504, 1515, 1552, 1578, 1596, 1622, 1733, 1774, 1847, 1893, 1904, 1941, 1982, 2033, 2045, 2112, 2161, 2198, 2357, 2525, 2546, 2548, 2620, 2674, 2744, 2808, 2837, 2879, 3035, 3244, 3287, 3343, 3376, 3634, 3646, 3688, 3741, 3758, 4003, 4046, 4230, 4446, 4494, 4570, 4621, 4742, 4786, 4824, 4846, 4970, 5261, 5323, 5331, 5349, 5399, 5450, 5573, 5736, 5810, 5842, 5923, 5976, 6280, 6416, 6524, 6709, 6736, 6831, 6899, 7083, 7198, 7241, 7517, 7561, 7604, 7714, 7839, 7894, 8046, 8112, 8282, 8302, 8317, 8406, 8705, 8995, 9011, 9392, 9411, 9574, 9591, 9831, 9932, 10043, 10075, 10078, 10133, 10181, 10255, 10300, 10354, 10371, 10550, 10698, 10853, 11325, 11501, 11693, 11890, 12022, 12322, 12463, 12613, 12727, 13316, 13321, 13341, 13356, 13499, 13932, 13933, 14001, 14139, 14163, 14282, 14529, 15138, 15233, 15473, 15529, 15610, 15663, 15782, 15955, 16063, 16139, 16232, 16425, 16494, 16511, 16638, 16862, 17047, 17337, 17394]",MSigDB_Oncogenic_Signatures__MTOR UP.V1 DN
MSigDB_Oncogenic_Signatures,CYCLIN D1 UP.V1 UP,prerank,0.4397714104496127,1.7573436496779242,0.0,0.004203247964336078,0.036,44_169,44/169,16.02%,HSPA1B;EPHA2;SMTN;PLOD1;ETV4;SMOX;ANPEP;HK3;TGFB1;CEBPD;RCVRN;LTBR;APOA1;NFE2;RXRA;MNX1;AXIN1;BMP5;SLC19A1;FAM189A2;RASSF7;DVL1;FOXO4;GGT5;CD52;BATF;GCHFR;PTMS;GLB1;IFITM1;ADRA2B;TAP1;BMP1;PCGF2;DNASE2;GPT;CTF1;FCGBP;SELPLG;SLC6A9;APOC4;SUPT5H;SLC6A3;KLF4,HSPA1B;EPHA2;SMTN;PLOD1;ETV4;SMOX;ANPEP;HK3;TGFB1;CEBPD;RCVRN;LTBR;APOA1;NFE2;RXRA;MNX1;AXIN1;BMP5;SLC19A1;FAM189A2;RASSF7;DVL1;FOXO4;GGT5;CD52;BATF;GCHFR;PTMS;GLB1;IFITM1;ADRA2B;TAP1;BMP1;PCGF2;DNASE2;GPT;CTF1;FCGBP;SELPLG;SLC6A9;APOC4;SUPT5H;SLC6A3;KLF4;COX17;HAGH;DEFB1;RRAS;MSLN;NDUFB7;SLC12A4;FGD1;MED12;ZYX;MMP15;CHGA;UBXN1;RAB31;MYL6;STAT5A;THBD;TRIM25;PTPN21;KDM5C;MARK3;CENPB;TTLL12;RPS6KA1;MSN;MAD1L1;PDE2A;INTS9;FZD5;TRAF1;RGR;PPP5C;TK2;MKI67;ADRA2A;SYN1;HSD17B10;ID1;ALDH3A2;MALL;MUC5AC;GALNS;EIF5A;KSR1;BIN1;ATP4A;HSPG2;GADD45A;THY1;BLM;FDXR;SCAP;CHRNA5;PPIB;PKD1;MAT1A;ETS2;TSC2;WNT10B;COL4A2;DRD5;PCDHGA12;SPOCK2;CCIN;FHL2;CA9;TFPI2;BCL9;KCNAB2;ABCA2;PRRC2A;PDE1B;RXRB;SNRPC;DMWD;GOT1;ABLIM1;HTR6;HNRNPA0;HRC;OPRD1;PAX2;ITGB1BP1;ST3GAL4;FSHR;NCSTN;MASP1;PCSK7;CGREF1;DYRK4;KLK6;PTPN3;MYT1;CASP3;CETP;PTS;S100B;NAT6;KIF22;NKG7;SGCA;GNL1;RABEPK;REEP5;CA4;PLK3;WNT1;TRPC3;DCAF7;TAGLN;CACNG1;MLL;RHO;SLN;CYP2A7;NEK3;CPT2;ARCN1;EGR1;MGAT5;GTF2H4;HBA2;CCKAR;RASGRF1;SHC3,"[7, 39, 49, 54, 69, 80, 149, 200, 386, 569, 636, 640, 666, 688, 710, 714, 877, 925, 989, 1012, 1015, 1089, 1318, 1341, 1470, 1480, 1500, 1518, 1582, 1596, 1646, 1758, 1768, 1786, 1893, 2170, 2253, 2345, 2361, 2569, 2724, 2731, 2789, 2806, 2992, 3186, 3286, 3458, 3606, 3611, 3688, 3710, 3811, 3873, 3949, 3971, 3982, 4054, 4094, 4109, 4174, 4214, 4577, 4779, 4793, 4800, 5063, 5141, 5230, 5308, 5434, 5469, 5568, 5590, 5614, 5644, 5872, 5891, 5932, 5960, 6026, 6042, 6051, 6187, 6239, 6292, 6333, 6359, 6479, 6560, 6635, 6740, 6789, 6875, 6876, 7042, 7557, 7641, 7769, 7783, 7937, 7998, 8235, 8242, 8328, 8433, 8470, 8478, 8535, 8610, 8832, 8949, 8954, 9329, 9538, 9646, 9818, 10196, 10615, 10780, 10960, 11107, 11409, 11419, 11498, 11698, 11730, 11754, 11912, 11977, 12028, 12070, 12385, 12407, 12536, 12700, 12740, 12945, 12974, 13006, 13073, 13169, 13220, 13309, 13343, 13407, 13947, 14098, 14112, 14209, 14329, 14429, 14512, 14577, 14607, 14766, 14884, 15144, 15304, 15378, 15472, 15556, 15627, 15997, 16328, 16398, 16872, 17048, 17200]",MSigDB_Oncogenic_Signatures__CYCLIN D1 UP.V1 UP
MSigDB_Oncogenic_Signatures,LEF1 UP.V1 UP,prerank,0.430599093331738,1.7625084387922771,0.0,0.004378383296183414,0.035,50_184,50/184,17.23%,G0S2;HSPA1A;CARD9;ISYNA1;MIA;SLC5A3;CXCR4;SLC17A9;SLC43A3;EMP3;STC2;S100A4;CXCR2;TNFRSF1B;RUNX3;CDA;SLC2A3;CST7;FOXF2;STRA6;PLTP;CHST11;LCK;CRABP2;PLEKHO1;PDLIM4;IGFBP6;DBN1;AXL;CBS;PLEKHF1;NES;BMP7;RAI2;FOSL1;COL6A1;LGALS1;CYBRD1;S100A2;VIM;ZAP70;GNG11;GATA3;SH2D2A;PTGDS;INHBE;FBXO17;TGM2;DENND1C;CD302,G0S2;HSPA1A;CARD9;ISYNA1;MIA;SLC5A3;CXCR4;SLC17A9;SLC43A3;EMP3;STC2;S100A4;CXCR2;TNFRSF1B;RUNX3;CDA;SLC2A3;CST7;FOXF2;STRA6;PLTP;CHST11;LCK;CRABP2;PLEKHO1;PDLIM4;IGFBP6;DBN1;AXL;CBS;PLEKHF1;NES;BMP7;RAI2;FOSL1;COL6A1;LGALS1;CYBRD1;S100A2;VIM;ZAP70;GNG11;GATA3;SH2D2A;PTGDS;INHBE;FBXO17;TGM2;DENND1C;CD302;CHST2;KCNG1;EMP1;CEACAM21;CDKN2A;HOXB2;TCEA2;RYR1;TMEM47;TULP2;ZNF22;ARG2;ARHGAP4;SERPINE1;LOXL1;MAOA;KCNN4;MFAP2;EMR2;FOXG1;DKK1;LTBP2;PRF1;PARVB;PAX6;MAOB;ARID3B;PCSK5;NTSR1;OBSL1;PHLDA3;SLC6A8;DKK4;MSN;HEY2;ALLC;MLN;TH;KRT13;GPR64;KCTD12;PMEPA1;RAMP2;KRT81;AKAP12;ERVMER34-1;TMOD1;PELI2;PDGFA;CHST10;ELK3;TCHH;FNDC4;ROR2;L1CAM;IL11;TMEM158;MPP6;FJX1;PRPH;AUTS2;RPP25;GZMB;WNT5A;LPL;S100A3;DLL3;TREML2;PCSK1N;CRIP1;WT1;EPB41L4A;PRKCDBP;MAP7D3;TUBB2B;PDZD2;TRPV2;NELL2;LMO2;ELOVL5;IGFBP7;FNBP1;CCR7;SLC26A4;APOBEC3G;FN1;KCNJ12;WASF3;PRKAA2;ZFPM2;FHL1;FGF9;EDAR;ADAM19;RRAGD;CCND2;ADAMTS8;WWC2;SLIT1;MYL9;GNAL;FLNC;SCML1;ZNF350;TRPV6;HAS2;DCLK1;NR3C1;ANO1;CHGB;FGF13;DHRS2;PTPRN2;NRIP1;COL9A3;PRPS1;NMNAT2;ZNF134;SCN5A;EGR3;GNG4;GJB1;NRIP3;CTH;RBP1;MAP1B;HBA2;ARC;KRT5;FADS1;EGR2;DNAJC6;EN2;ZNF236,"[1, 2, 16, 18, 53, 59, 77, 139, 187, 270, 321, 576, 680, 720, 751, 815, 833, 849, 923, 943, 964, 1014, 1019, 1490, 1506, 1521, 1605, 1619, 1739, 1781, 1884, 2023, 2039, 2154, 2188, 2219, 2269, 2338, 2374, 2436, 2462, 2472, 2530, 2655, 2819, 2822, 2904, 2975, 2993, 3017, 3162, 3310, 3435, 3496, 3605, 3613, 3672, 3704, 3874, 3882, 3921, 3931, 3994, 4011, 4163, 4513, 4563, 4570, 4609, 4648, 4704, 4705, 4709, 4748, 4803, 4914, 4933, 4943, 4971, 4993, 5073, 5128, 5202, 5230, 5306, 5342, 5474, 5573, 5682, 5870, 5968, 6198, 6924, 6952, 6959, 7209, 7300, 7438, 7604, 7608, 7613, 7632, 7706, 7746, 7827, 8041, 8243, 8331, 8404, 8531, 8775, 8803, 8826, 8910, 8940, 8986, 9053, 9073, 9109, 9221, 9281, 9465, 9507, 9513, 9546, 9959, 10070, 10078, 10086, 10117, 10189, 10211, 10347, 10356, 10385, 10662, 10966, 11289, 11483, 11705, 11823, 12107, 12495, 12717, 12842, 12887, 13321, 13344, 13362, 13517, 13591, 13618, 13637, 13735, 13757, 13898, 13966, 14123, 14132, 14158, 14173, 14369, 14383, 14451, 14609, 14725, 14835, 15124, 15125, 15206, 15235, 15287, 15389, 15409, 15663, 15803, 16398, 16423, 16425, 16481, 16961, 17023, 17046, 17499]",MSigDB_Oncogenic_Signatures__LEF1 UP.V1 UP
MSigDB_Oncogenic_Signatures,ESC V6.5 UP EARLY.V1 DN,prerank,0.4436967120599902,1.7458832857418207,0.0,0.004378383296183414,0.04,60_160,60/160,21.32%,NUPR1;SERPINF2;CARD14;MRAS;PCOLCE;HES7;FGF17;CAPN2;BCL3;TNFRSF12A;SMARCD3;S100A4;CD37;SOCS3;STARD8;KRT18;S100A6;BMP4;DSP;ABCA7;IGF2;RASSF8;CFB;NID1;INHBB;LBP;ESRRA;TM4SF1;BCAN;LTBP3;PNRC2;NAB2;AHNAK;AXL;TUBB6;ANXA3;TINAGL1;ZFP36L1;FGF2;AEBP1;AQP3;CIZ1;CALML4;KLF4;FBXO6;ACTA1;KRT19;TGM1;ANXA2;CMTM7;ALX3;BGN;YES1;EMP1;SLC39A1;CEACAM21;KRT8;TSHZ2;SLC5A5;OAF,NUPR1;SERPINF2;CARD14;MRAS;PCOLCE;HES7;FGF17;CAPN2;BCL3;TNFRSF12A;SMARCD3;S100A4;CD37;SOCS3;STARD8;KRT18;S100A6;BMP4;DSP;ABCA7;IGF2;RASSF8;CFB;NID1;INHBB;LBP;ESRRA;TM4SF1;BCAN;LTBP3;PNRC2;NAB2;AHNAK;AXL;TUBB6;ANXA3;TINAGL1;ZFP36L1;FGF2;AEBP1;AQP3;CIZ1;CALML4;KLF4;FBXO6;ACTA1;KRT19;TGM1;ANXA2;CMTM7;ALX3;BGN;YES1;EMP1;SLC39A1;CEACAM21;KRT8;TSHZ2;SLC5A5;OAF;FAP;COL1A2;SERPINE1;CSRP1;TGFB1I1;TFCP2L1;LOXL1;TFEB;PARVA;KLK10;ANXA5;COL11A1;COL16A1;BHLHE40;CPE;ZADH2;COL1A1;KRT16;PLAU;PRCC;GBP2;FZD5;GPX2;CD44;CTGF;GSN;ANXA1;CCDC34;HTRA1;SERPINF1;LAMA1;JUNB;CALD1;B4GALT7;SLC41A3;T;ZBTB32;SNTG1;GYS1;GJB3;SCARA3;IGFBP3;SDPR;COL4A2;VAC14;MGP;FHL2;B2M;MAPK13;CYR61;TRIM54;PTRF;F2RL1;TTYH2;ABCA2;FBLN2;LOX;MYO7B;COL4A1;SFN;CDC42EP1;IGFBP7;TIMP2;KIF18A;KRT17;FBXO28;CADPS;NTN1;CRY2;CAV1;GJB5;ADAM21;HBEGF;GAP43;CACNA1E;PMP22;DEGS2;COL3A1;KCNA1;TAS2R4;ALCAM;FAM198B;SLC8A3;BAG5;TAGLN;SP5;LAMC2;CCDC80;PBX1;UTS2;APP;PLCL2;KIT;INHBA;TNC;GBX2;CAMK4;WSB1;DDHD1;GPCPD1,"[70, 96, 171, 185, 211, 275, 282, 285, 347, 503, 545, 576, 617, 619, 638, 674, 722, 730, 740, 742, 826, 953, 981, 998, 1020, 1099, 1143, 1244, 1385, 1388, 1416, 1451, 1663, 1739, 1877, 1938, 2056, 2102, 2211, 2412, 2445, 2460, 2596, 2806, 2818, 2840, 2855, 2870, 3075, 3124, 3169, 3245, 3392, 3435, 3471, 3496, 3573, 3612, 3728, 3734, 3972, 3978, 4011, 4051, 4073, 4091, 4163, 4229, 4403, 4423, 4481, 4498, 4683, 4717, 4846, 4903, 5109, 5146, 5250, 5394, 5440, 5568, 5584, 5731, 5847, 6007, 6173, 6277, 6416, 6444, 6474, 6511, 6568, 6892, 6919, 6937, 7184, 7469, 7509, 7516, 7517, 7570, 7689, 8242, 8356, 8492, 8535, 8604, 8706, 8965, 8985, 9126, 9196, 9244, 9329, 9425, 9652, 9670, 9975, 9994, 10091, 10189, 10271, 10289, 10572, 11146, 11658, 11694, 12022, 12109, 12241, 12259, 12285, 12313, 12376, 12705, 12825, 12899, 13115, 13200, 13645, 13660, 14133, 14353, 14577, 14623, 14822, 14863, 15130, 15437, 15665, 15678, 15737, 16208, 16400, 16648, 16852, 17092, 17269, 17463]",MSigDB_Oncogenic_Signatures__ESC V6.5 UP EARLY.V1 DN
MSigDB_Oncogenic_Signatures,CRX NRL DN.V1 UP,prerank,0.4482405297777258,1.7240056920657838,0.0,0.004465950962107083,0.051,37_132,37/132,15.52%,HSPA1A;HSPA1B;TNIP2;WISP1;PCOLCE;EPS8L1;HCLS1;DHRS3;RFX2;SAMD11;SNTG2;CDKN2C;RHPN1;KLHL36;MYO7A;GFAP;GRTP1;ZFP36L2;CROCC;PPARA;CCDC107;SLC16A3;DIAPH3;NRM;SSBP4;TENC1;KCNJ14;TNFAIP3;ABHD14A;SAP30;SNTA1;TNNT1;ST3GAL1;BEST2;AQP1;B4GALT1;REC8,HSPA1A;HSPA1B;TNIP2;WISP1;PCOLCE;EPS8L1;HCLS1;DHRS3;RFX2;SAMD11;SNTG2;CDKN2C;RHPN1;KLHL36;MYO7A;GFAP;GRTP1;ZFP36L2;CROCC;PPARA;CCDC107;SLC16A3;DIAPH3;NRM;SSBP4;TENC1;KCNJ14;TNFAIP3;ABHD14A;SAP30;SNTA1;TNNT1;ST3GAL1;BEST2;AQP1;B4GALT1;REC8;WWTR1;ZC3H3;LLGL2;IER3;SLC5A5;BCL2L11;ARG2;PTPN18;CTIF;KCNN4;GUCA1B;TFF3;RDH12;STK17B;SNTB2;PDE6A;ARHGAP10;SLC29A2;SH2D1A;RTBDN;PLEKHA2;TNNT2;REEP6;MEST;NXNL2;PSD;CRYBB1;GALNT10;CABP4;MC1R;RNF207;PPAP2C;GNAT1;FXYD6;BBS9;SEC14L2;GADD45A;DOHH;BST1;RS1;TTC39C;ESRRB;DRD4;ALPL;PIP4K2C;CDR2;CKMT1A;SLC25A25;CCDC64;NXNL1;PLA2R1;ST8SIA1;PPP1R42;CRYGB;AHRR;RNF123;ZDHHC12;ABCG4;BUB1B;PDIA5;DHH;KCNE2;POLG2;CAMK1D;UBXN11;TAOK3;SYTL1;LRRC2;DPF3;EXT1;IMPG1;ARL4D;SLC16A6;MEF2C;PPARGC1B;PRKAB1;MOGAT1;PAQR4;MLF1;PDE8A;ATP8A2;RHO;ARMC1;CNGA1;MLL3;NRL;ANKRD33B;GPSM2;KCNB1;ACVR2B;FAIM;COL19A1;SLC24A1;TCP11;GAS7,"[2, 7, 127, 130, 211, 248, 286, 406, 436, 584, 604, 960, 992, 1245, 1323, 1409, 1449, 1465, 1603, 1634, 1677, 1750, 1881, 1967, 2021, 2112, 2130, 2189, 2246, 2262, 2273, 2385, 2408, 2454, 2580, 2609, 2718, 2900, 3095, 3365, 3480, 3728, 3812, 3931, 3962, 4267, 4563, 4633, 4669, 4770, 4901, 4977, 5036, 5047, 5205, 5268, 5611, 5639, 5671, 5910, 5973, 6017, 6059, 6255, 6299, 6377, 6421, 6425, 6448, 6542, 6624, 6638, 6673, 6740, 7151, 7161, 7212, 7263, 7362, 7398, 7488, 7726, 7841, 7994, 8049, 8146, 8261, 8579, 8649, 8899, 8958, 9241, 9251, 9378, 9514, 9585, 9591, 9746, 9854, 10334, 10673, 11055, 11288, 11432, 11916, 11927, 12204, 12299, 12322, 12448, 12683, 13100, 13247, 14023, 14119, 14374, 14553, 14653, 14884, 15070, 15243, 15521, 15933, 16163, 16355, 16390, 16673, 16950, 17091, 17125, 17154, 17270]",MSigDB_Oncogenic_Signatures__CRX NRL DN.V1 UP
MSigDB_Oncogenic_Signatures,MEK UP.V1 UP,prerank,0.4297716481032495,1.7355429780368394,0.0,0.004572978109347122,0.047,48_186,48/186,16.31%,EPHA2;CXCR4;AKR1C2;PTOV1;UPK1A;CAPN2;BCL3;VASP;IL4R;ADM;SIX2;BACE2;TNFRSF11B;S100A6;CLDN9;S100P;GAL;EPHX1;PTPRU;MPZL2;SAMD4A;CHST11;PTK7;GDF15;POR;EHBP1L1;BCAM;COTL1;ANGPTL4;ULBP2;PTMS;ITGB4;PDLIM7;PPAP2A;GRAMD3;BMP7;LRP5;RAI2;FOSL1;AKR1C3;AQP3;CYP1B1;NT5DC2;NME4;KLF4;KIAA1199;ARHGDIB;PACS1,EPHA2;CXCR4;AKR1C2;PTOV1;UPK1A;CAPN2;BCL3;VASP;IL4R;ADM;SIX2;BACE2;TNFRSF11B;S100A6;CLDN9;S100P;GAL;EPHX1;PTPRU;MPZL2;SAMD4A;CHST11;PTK7;GDF15;POR;EHBP1L1;BCAM;COTL1;ANGPTL4;ULBP2;PTMS;ITGB4;PDLIM7;PPAP2A;GRAMD3;BMP7;LRP5;RAI2;FOSL1;AKR1C3;AQP3;CYP1B1;NT5DC2;NME4;KLF4;KIAA1199;ARHGDIB;PACS1;GOLM1;NPC2;PPARG;ST6GALNAC2;PDK4;APOD;ALDH4A1;STRN4;FLVCR2;TGFB1I1;CRAT;EFHD2;LOXL1;TRIM29;ABCC3;CLDN4;FGFR3;ABCC4;EPHA1;MAOA;SLC2A10;KCNN4;SLC7A11;TNS3;NUMB;PLAU;CYP1A1;EDN1;GPX2;NEDD9;TBC1D8;TNFAIP8;EGLN3;SDCBP;FERMT2;WNT11;MALL;CSGALNACT1;PRKCH;LHFP;CLMN;SLC2A6;FAM105A;PPP1R13B;KRT81;FADS2;ST13;ABCG1;DBNDD1;LAMC1;L1CAM;ERO1L;EPAS1;LRP8;LPHN2;GPX3;CORO1A;SCAMP4;RFTN1;UPK3B;CCNJL;ENO2;IGF2BP2;ACSL1;SCCPDH;TP53I11;ASPH;F2RL1;RAI14;SH3GLB2;CDC42BPB;NT5C2;TGFBI;PCDH1;CRLF1;VWA1;TUBB2A;RAB8B;GNE;DBNDD2;TIMP2;PTGER4;CAPN5;SLC9A6;COL5A2;PACSIN3;ELL2;SGCE;GABBR2;MICAL2;SPAG1;MAN1A1;SPTLC2;TTC9;SLC6A6;LGALSL;RAB5C;PKIA;ST3GAL4;FHL1;KAL1;CUEDC1;GUCY1B3;CADPS2;SPTBN2;CAMK2N1;CHKA;MEF2C;MXRA7;PEG10;MAP3K9;LIMCH1;CBLB;PARM1;OPN3;TMPRSS4;GCNT1;ARL4C;TNFRSF21;KRT7;ARRB1;SGPP1;PCDH9;SEPT10;AGAP1;MYO1D;ETV5;ATXN1;GALNT12;SLC12A2;PTPRE;MYO5A;UPK2;ALDH3A1;SORL1;CXADR;ALDH1A3;DUSP4,"[39, 77, 111, 193, 206, 285, 347, 382, 462, 468, 474, 600, 664, 722, 743, 786, 816, 819, 857, 937, 952, 1014, 1081, 1105, 1133, 1176, 1209, 1300, 1365, 1402, 1518, 1867, 1870, 1894, 1926, 2039, 2090, 2154, 2188, 2427, 2445, 2464, 2522, 2581, 2806, 2817, 2833, 2856, 3018, 3069, 3284, 3498, 3521, 3557, 3735, 3860, 3960, 4073, 4092, 4117, 4163, 4206, 4275, 4357, 4371, 4382, 4472, 4513, 4514, 4563, 4658, 4975, 5201, 5250, 5385, 5566, 5584, 5625, 5675, 5744, 5778, 5806, 6039, 6105, 6187, 6238, 6300, 6369, 6417, 6666, 6860, 6869, 6952, 7286, 7462, 7499, 7559, 7640, 7827, 7844, 7864, 7888, 7907, 7945, 8042, 8352, 8473, 8594, 8636, 8715, 8776, 8884, 8900, 8909, 9020, 9196, 9402, 9533, 9707, 9736, 9768, 9802, 9811, 9869, 9904, 9955, 10191, 10202, 10271, 10354, 10375, 10474, 10693, 10881, 10930, 10978, 11031, 11037, 11151, 11169, 11467, 11480, 11639, 11672, 11683, 11726, 11754, 11823, 11939, 11962, 12015, 12033, 12210, 12223, 12264, 12683, 13033, 13155, 13184, 13234, 13235, 13243, 13548, 13875, 13886, 13903, 14131, 14141, 14181, 14288, 14317, 14460, 14670, 14803, 14899, 14916, 14994, 15054, 15544, 15545, 15637, 15706, 15971, 16037, 16272, 17396]",MSigDB_Oncogenic_Signatures__MEK UP.V1 UP
MSigDB_Oncogenic_Signatures,CRX DN.V1 DN,prerank,0.45052658144280616,1.7259782638257584,0.0,0.004701001012744298,0.051,43_124,43/124,19.28%,NUPR1;PCOLCE;FKBP5;RGL3;CEBPB;BCL3;TNFRSF12A;TMEM176A;TLE1;CEBPD;SOCS3;S100A6;C1QC;PLEC;CHAC1;INHBB;IRF5;FMO3;DDX3Y;SPG21;GFAP;NAB2;PYCR1;CDKN1A;PLOD2;TUBB6;TAGLN2;CDH20;GNG11;SERPINA3;CALCA;NFKB1;MAP3K8;TGM2;TIMP1;OSMR;EFNA1;HNF1A;ANXA2;CLRN3;STEAP4;SERPING1;TNNC2,NUPR1;PCOLCE;FKBP5;RGL3;CEBPB;BCL3;TNFRSF12A;TMEM176A;TLE1;CEBPD;SOCS3;S100A6;C1QC;PLEC;CHAC1;INHBB;IRF5;FMO3;DDX3Y;SPG21;GFAP;NAB2;PYCR1;CDKN1A;PLOD2;TUBB6;TAGLN2;CDH20;GNG11;SERPINA3;CALCA;NFKB1;MAP3K8;TGM2;TIMP1;OSMR;EFNA1;HNF1A;ANXA2;CLRN3;STEAP4;SERPING1;TNNC2;RXRG;C1QTNF6;ACSS1;WWC1;TCTE3;CAMK2B;KDELR3;SLC22A7;COL16A1;CTNNAL1;TRIM13;DHX32;CEBPA;CXCL13;FABP7;ATP8B2;CD44;PLAT;GDAP1L1;SH3BP4;TMBIM1;KSR1;PHOSPHO1;JUNB;SEMA5B;ZNF474;CAPN12;LIX1;TMOD1;S100A16;SEL1L3;PTER;COL4A2;MPP6;DCAF4;INSM2;RNASE4;H6PD;RAI14;PCSK2;MFSD4;EYA1;FOXD1;RBP4;ZDHHC14;SPSB2;FRMD6;SLC26A4;PRDM1;SMPDL3A;LECT1;JAM3;LRRC4;CCKBR;LDB1;B3GNT2;CADPS2;BACH2;NAB1;DUSP16;CRYBG3;ST3GAL3;FMN1;SMOC2;FABP5;SKAP2;MYOZ1;PPP1R14A;TRPC3;KLF10;MYOCD;LXN;ACBD6;INSM1;CHRNB4;EGR1;GLIPR2;FUT4;CHRNA3;APOBEC2;TECTA,"[70, 211, 246, 264, 311, 347, 503, 541, 542, 569, 619, 722, 771, 832, 875, 1020, 1040, 1042, 1049, 1168, 1409, 1451, 1529, 1714, 1827, 1877, 2137, 2284, 2472, 2558, 2750, 2835, 2891, 2975, 2996, 3035, 3065, 3074, 3075, 3079, 3262, 3289, 3376, 3602, 3759, 4015, 4150, 4180, 4493, 4620, 4635, 4683, 4817, 5059, 5101, 5110, 5314, 5549, 5604, 5731, 5897, 6053, 6200, 6222, 6359, 6380, 6511, 6615, 6625, 6644, 7003, 7300, 7750, 7824, 8162, 8242, 8331, 8642, 8748, 9014, 9299, 9402, 9409, 9439, 9505, 9543, 9547, 9744, 10140, 10348, 10356, 10431, 10466, 10578, 10822, 11299, 11437, 11461, 11910, 12033, 12303, 12337, 12378, 12756, 12811, 13138, 13260, 13621, 13661, 14104, 14139, 14429, 14531, 14737, 15141, 15149, 15438, 15573, 15627, 15929, 15967, 16155, 16313, 17371]",MSigDB_Oncogenic_Signatures__CRX DN.V1 DN
MSigDB_Oncogenic_Signatures,EGFR UP.V1 UP,prerank,0.4314231044127693,1.7360371065215752,0.0,0.004841976821661658,0.047,44_178,44/178,14.07%,NFKB2;NFIL3;CASP7;CAPN2;BCL3;IL4R;ADM;IL15RA;FHOD1;IRF1;CEBPD;BACE2;S100A8;TNFRSF11B;S100P;GAL;MPZL2;SAMD4A;FADS3;PHLDA1;LPIN1;SQRDL;ETHE1;LIF;TGFB2;COTL1;HK2;ANGPTL4;RHOQ;GJA1;LHFPL2;DRAM1;TAP1;CCL2;SAT1;PDLIM7;ICAM1;GRAMD3;BMP7;VAV3;S100A9;EGFR;TNNT1;CYP1B1,NFKB2;NFIL3;CASP7;CAPN2;BCL3;IL4R;ADM;IL15RA;FHOD1;IRF1;CEBPD;BACE2;S100A8;TNFRSF11B;S100P;GAL;MPZL2;SAMD4A;FADS3;PHLDA1;LPIN1;SQRDL;ETHE1;LIF;TGFB2;COTL1;HK2;ANGPTL4;RHOQ;GJA1;LHFPL2;DRAM1;TAP1;CCL2;SAT1;PDLIM7;ICAM1;GRAMD3;BMP7;VAV3;S100A9;EGFR;TNNT1;CYP1B1;KLF4;SOCS2;KIAA1199;CRISPLD2;FNDC3B;RAB27A;ISG20;TFPI;PMAIP1;CCL22;CYP27B1;LOXL2;PAPSS2;GLRX;SNX16;ABCC3;FGFR3;TMEM45A;MAP3K5;MAOA;RGS16;RND1;SLC7A11;CTNNAL1;TNS3;IL1R1;GBP2;EDN1;TBC1D8;ATF3;TNFAIP8;EGLN3;SDCBP;CTGF;ENPP1;LRRC16A;FERMT2;P2RY6;MALL;CSGALNACT1;AOX1;KTN1;WIPI1;JUNB;GBP1;HSPA2;PIGA;KRT81;AKAP12;MGLL;IMPA1;SLCO2A1;ELK3;A2M;SEL1L3;ERO1L;EPAS1;LRP8;MGAT4A;ETS2;PSMB10;MAP2K4;PSMB9;SGMS1;APOBEC3B;CCDC68;ITGA3;IGF2BP2;ITGB6;SCCPDH;WNT5A;CYR61;LPP;ASPH;RCAN1;RNF19A;LPAR6;ARFGAP3;F2RL1;GCLM;RPS6KA3;ARID5B;SOD2;NT5C2;TUBB2A;KCNS3;KIAA0247;SNAPC1;DBNDD2;TMEM121;SLC9A6;COL5A2;ELL2;GABBR2;SPAG1;SPTLC2;ALAS1;ARAP2;CADPS2;DUSP5;EXT1;HBEGF;CLDN1;PLAGL1;TAF1A;CBLB;ARNT2;SLC4A7;PGM3;HOMER1;GCNT1;TNFRSF21;MBNL2;KRT7;SGPP1;PCDH9;SEPT10;ACTG2;SEC23A;ZNF281;ETV5;ATXN1;SLC12A2;PDE4B;IQCG;PTPRE;GK;ITGA2;DUSP6;CXADR;IFIT3;INHBA;HIVEP2;DUSP4,"[56, 110, 112, 285, 347, 462, 468, 491, 536, 538, 569, 600, 639, 664, 786, 816, 937, 952, 966, 1095, 1110, 1131, 1156, 1188, 1191, 1300, 1337, 1365, 1400, 1579, 1607, 1745, 1758, 1826, 1858, 1870, 1872, 1926, 2039, 2050, 2310, 2347, 2385, 2464, 2806, 2811, 2817, 2899, 3059, 3307, 3309, 3378, 3544, 3794, 3820, 4066, 4137, 4181, 4248, 4275, 4371, 4400, 4419, 4513, 4541, 4614, 4658, 4817, 4975, 5151, 5440, 5566, 5675, 5684, 5744, 5778, 5806, 5847, 5903, 5959, 6039, 6180, 6187, 6238, 6337, 6357, 6509, 6511, 6521, 6834, 6872, 6952, 6959, 7099, 7169, 7514, 7613, 7770, 7824, 7844, 7864, 7888, 7919, 7937, 8147, 8233, 8284, 8319, 8361, 8720, 8739, 8776, 8865, 8900, 8910, 8965, 8989, 9020, 9045, 9115, 9144, 9192, 9196, 9357, 9363, 9401, 9445, 9736, 9904, 9978, 9980, 10135, 10202, 10330, 10474, 10693, 10930, 11031, 11151, 11467, 11488, 11599, 12033, 12154, 12204, 12285, 12800, 12860, 13188, 13235, 13340, 13450, 13525, 13602, 13886, 14131, 14138, 14141, 14288, 14317, 14460, 14818, 14832, 14857, 14899, 14916, 15054, 15138, 15219, 15544, 15601, 15635, 15916, 16037, 16042, 16208, 17099, 17396]",MSigDB_Oncogenic_Signatures__EGFR UP.V1 UP
MSigDB_Oncogenic_Signatures,ATF2 UP.V1 UP,prerank,0.41970089522026816,1.6845233517214324,0.0,0.005837844394911219,0.069,30_163,30/163,12.16%,HSPA6;G0S2;CARD9;TCIRG1;FGR;PLCB3;CLDN15;S100A4;C3AR1;IL32;PAFAH1B3;GALR2;ADM2;ICAM2;IGF2;POLD1;STRA6;FSD1;PODXL;FOXM1;LILRA5;RSPH6A;NME3;WNT5B;SH3BGR;FOXL2;ISLR;NES;PTDSS2;EMILIN2,HSPA6;G0S2;CARD9;TCIRG1;FGR;PLCB3;CLDN15;S100A4;C3AR1;IL32;PAFAH1B3;GALR2;ADM2;ICAM2;IGF2;POLD1;STRA6;FSD1;PODXL;FOXM1;LILRA5;RSPH6A;NME3;WNT5B;SH3BGR;FOXL2;ISLR;NES;PTDSS2;EMILIN2;PRSS50;COL2A1;PACS1;NFKBIB;REEP2;ALX3;PLBD1;GRAP;APOD;GDF10;MELK;STAT5A;GNA15;PTGER1;SULT1B1;NFKBIL1;LYPD1;FOXG1;TRPM2;BAIAP3;GTF3C5;TK1;EFHD1;PELP1;PLAU;CENPO;DGKZ;ALLC;HSD3B1;ADAM28;NEO1;GNA14;NEDD9;LRTM1;TSC22D4;PIN1;CCDC94;LTB;GSTT2;C2CD2L;FGF20;DENND2A;RAD51;FGF16;ATP13A2;ANKRD11;TBC1D29;ZFR2;KRT81;ARHGAP22;LIG1;CBX5;INPP4B;DCAF4;FABP4;NRXN2;ENDOG;BRAP;CHRNG;PCSK1N;UPP1;GALNT6;CD8A;PTPRT;KCNA2;TRIM14;PRKCD;HPGD;KISS1;VIPR2;LIPE;ALOX12;PCDH1;CD19;PLXNB3;DTL;SLC5A2;KCNK3;NEFM;FAM102A;HMX1;ANKRD34C;CNTN5;SMARCAL1;SCUBE3;MAGEC3;NCAPG;APBA1;ARSJ;MLF1IP;SAG;ITGA8;ZNF639;DNAJC15;ABCB9;RNF43;BAALC;TSPAN32;KCNAB3;TNFSF18;CLDN1;LAS1L;GMPPB;ABLIM3;PRMT8;DNASE2B;DIP2A;FANCF;STEAP1B;CORO2B;APAF1;SERPINB2;MNAT1;KRT7;GPR63;ASPN;RNF2;NNAT;GINS2;GINS3;PLCB4;RBP1;HOXD1;CEP41;CA14;MAP2;GUCA1A;ZNF324B;PCDHA9;PCP4;TRIM9;PLK4;MAS1,"[0, 1, 16, 208, 341, 441, 514, 576, 582, 585, 587, 657, 793, 814, 826, 863, 943, 1062, 1091, 1135, 1150, 1296, 1299, 1392, 1552, 1699, 1808, 2023, 2048, 2129, 2459, 2752, 2856, 2943, 3160, 3169, 3210, 3390, 3557, 3659, 4009, 4109, 4188, 4313, 4409, 4525, 4571, 4648, 4738, 4815, 4873, 4874, 5000, 5114, 5250, 5266, 5267, 5342, 5378, 5496, 5597, 5615, 5625, 5892, 6087, 6165, 6240, 6278, 6342, 6346, 6436, 6571, 6595, 6665, 6705, 6708, 6760, 6806, 6952, 6987, 6992, 7506, 7953, 8642, 8786, 8801, 8993, 9033, 9061, 9109, 9224, 9275, 9346, 9417, 9477, 9530, 9580, 9608, 9673, 9694, 9728, 9781, 9802, 9857, 9915, 9948, 10044, 10181, 10277, 10318, 10471, 10568, 10663, 10690, 10706, 10896, 11049, 11179, 11268, 11502, 11577, 11611, 11832, 12149, 12189, 12395, 12566, 12632, 12708, 12731, 12800, 12827, 12925, 12952, 13013, 13056, 13198, 13210, 13492, 13632, 13773, 13879, 13965, 14141, 14309, 14312, 14327, 14424, 14645, 14723, 15159, 15663, 15726, 15828, 15830, 15965, 16066, 16302, 16467, 16559, 16617, 17310, 17432]",MSigDB_Oncogenic_Signatures__ATF2 UP.V1 UP
MSigDB_Oncogenic_Signatures,AKT UP MTOR DN.V1 UP,prerank,0.41788094757667776,1.6575990171234634,0.0,0.007164627211936497,0.087,58_165,58/165,22.22%,NFKB2;HIF3A;NFIL3;METRNL;TJP3;TGIF1;IGF1R;TNFRSF12A;BACE2;S100A8;A4GALT;RASAL3;LRG1;GAK;ABCA7;MPZL2;CXCL16;NOL12;AK4;VAT1;KCNQ1;ZNF746;FLT1;RASSF1;VAMP5;CXCL1;RASD1;FKBP8;ARG1;APOC2;HIC2;ADORA2B;GPR56;DAGLB;GDPD2;PON2;NEU1;FXR2;VILL;FBXO6;IL8;TOR3A;FBXL15;GGA1;PLSCR1;SYT17;KLF6;HCK;SGPL1;AKAP2;CEACAM21;SPHK1;CTNS;PYGL;VANGL2;HIST1H4H;CDKN2B;CXCL5,NFKB2;HIF3A;NFIL3;METRNL;TJP3;TGIF1;IGF1R;TNFRSF12A;BACE2;S100A8;A4GALT;RASAL3;LRG1;GAK;ABCA7;MPZL2;CXCL16;NOL12;AK4;VAT1;KCNQ1;ZNF746;FLT1;RASSF1;VAMP5;CXCL1;RASD1;FKBP8;ARG1;APOC2;HIC2;ADORA2B;GPR56;DAGLB;GDPD2;PON2;NEU1;FXR2;VILL;FBXO6;IL8;TOR3A;FBXL15;GGA1;PLSCR1;SYT17;KLF6;HCK;SGPL1;AKAP2;CEACAM21;SPHK1;CTNS;PYGL;VANGL2;HIST1H4H;CDKN2B;CXCL5;MSR1;GCH1;LSS;HIST1H4I;DHCR7;DUSP1;EFNB2;UBE2R2;ST6GALNAC6;LYPD1;CPE;SYT8;GPX8;IL1R1;TMEM186;EDN1;ATF3;ING2;CPNE6;HLA-DQB1;PLAT;MAN2B2;TPRN;ELL;RUNDC3A;RBM4;CLMN;GUSB;JUNB;SOCS6;SEC14L2;HCN2;GLDC;CAMKK1;GPD2;HOXB3;RNF41;KCNH3;PFDN2;PPP1R3F;DUSP8;CD55;MLLT1;TRAF3;BSND;IFIT1;ANXA13;SLC39A8;MVP;BMP8B;PSMD7;SUSD4;DAZL;KCNK5;DSCAM;PDK3;CRLF1;DHCR24;KCTD9;GIPC1;TMEM56;SLC44A1;ANGPTL1;ALDOC;PLK2;RNF19B;PACSIN3;TESC;NIN;RIMKLB;PON1;SLC6A6;MICU1;GDE1;LGMN;TMCC3;FXYD4;PTPRJ;HBEGF;DUSP10;ARRDC4;PSCA;PLAGL1;FAM129A;CIR1;SH3BGRL2;PARM1;ADAM10;TMPRSS4;SFTPD;TMEM40;MYCN;PDZD11;PAK1;KLF10;SAA2;LAMC2;RAB3IP;BCAS2;MYO5B;MPP2;PRSS37;TACSTD2;CALCB;TTLL1;GSDMC;PDE10A,"[56, 61, 110, 128, 354, 481, 486, 503, 600, 639, 713, 715, 721, 736, 742, 937, 983, 1241, 1249, 1283, 1330, 1403, 1534, 1540, 1770, 1774, 1847, 1961, 2020, 2165, 2184, 2190, 2351, 2481, 2548, 2575, 2715, 2765, 2775, 2818, 2920, 2973, 3039, 3134, 3220, 3298, 3324, 3336, 3417, 3484, 3496, 3596, 3646, 3749, 3764, 3772, 3838, 3891, 4026, 4221, 4326, 4390, 4439, 4446, 4454, 4530, 4546, 4571, 4846, 5034, 5127, 5151, 5323, 5566, 5684, 5742, 5798, 5810, 5897, 5999, 6064, 6131, 6135, 6387, 6417, 6432, 6511, 6633, 6673, 6692, 6950, 6967, 7017, 7140, 7198, 7241, 7278, 7282, 7440, 7474, 7714, 7749, 8102, 8187, 8483, 8529, 8574, 8796, 9152, 9235, 9243, 9341, 9437, 9801, 9811, 9913, 9945, 10157, 10251, 10371, 10451, 10567, 10655, 10810, 10881, 10941, 10983, 11499, 11595, 11639, 11679, 11708, 11720, 12045, 12081, 12148, 12285, 12383, 12528, 12758, 12860, 12875, 13043, 13219, 13243, 13386, 13875, 14031, 14124, 14163, 14238, 14368, 14531, 14579, 14822, 14830, 15015, 15331, 15699, 15909, 16130, 16218, 16238, 16676, 17394]",MSigDB_Oncogenic_Signatures__AKT UP MTOR DN.V1 UP
MSigDB_Oncogenic_Signatures,AKT UP MTOR DN.V1 DN,prerank,0.4065897350808232,1.644459802624798,0.0,0.007919162831357828,0.099,49_168,49/168,19.28%,ISYNA1;MRPS6;MLPH;SERPINF2;HIC1;MSX1;RAMP1;ITPKB;GAS1;SLC7A5;FRAT2;SASH1;SMARCD3;STAB1;ZNF771;FKBP10;OGN;CELA1;RGS19;NID1;FMO3;TP53I13;TM4SF1;ANGPTL4;S1PR3;SH3BGR;MLXIPL;PPP1R3C;SLC18A1;CBS;PKP1;BMP7;TSPAN4;FXYD1;ABHD14A;GNG11;GNMT;MERTK;IFRD2;TYMP;C1R;MSRB2;PMPCB;CD248;SHMT1;PSAT1;IL17RC;LRRC1;TNNC2,ISYNA1;MRPS6;MLPH;SERPINF2;HIC1;MSX1;RAMP1;ITPKB;GAS1;SLC7A5;FRAT2;SASH1;SMARCD3;STAB1;ZNF771;FKBP10;OGN;CELA1;RGS19;NID1;FMO3;TP53I13;TM4SF1;ANGPTL4;S1PR3;SH3BGR;MLXIPL;PPP1R3C;SLC18A1;CBS;PKP1;BMP7;TSPAN4;FXYD1;ABHD14A;GNG11;GNMT;MERTK;IFRD2;TYMP;C1R;MSRB2;PMPCB;CD248;SHMT1;PSAT1;IL17RC;LRRC1;TNNC2;MGAT4B;PDZRN3;VCAN;MAZ;IL13RA1;AQP5;ITGA6;WEE1;LIMD1;AMPD2;ZC3HC1;POLD2;SARS2;KCNN4;MOCOS;KLF1;BLVRB;FAM134C;CHST12;ITSN1;IRS1;ASS1;FAM20C;MSL2;GNA14;BCS1L;MYO1G;KCTD12;CBY1;TNFRSF19;PPAP2B;HAUS1;METTL5;MEPE;TMEM97;JPH3;STEAP1;KRBA1;RPS6KB2;SFRP5;RTKN;CADM3;DPT;TULP3;PI16;ASF1A;SLCO3A1;ADORA1;ERF;TACR3;RNF25;EFEMP1;LPL;PLA2G4A;CHRDL1;GSPT2;CPLX2;FAS;GPR83;CHAD;PDIA5;HPGD;PRKRIP1;POLM;FKBP11;CHN2;PHLDA2;KCNK3;COIL;TBCE;VPS33B;TSPYL4;COL5A2;DNAJA3;RTN1;SATB1;ESR2;ACY1;FEZ2;SPATA5;HARS2;PUS7;CENPQ;NDRG4;GNAT2;DPYD;MCM6;GATAD2B;KCNAB3;PLEK2;MMAA;NR4A3;ADHFE1;TYW1;AP2B1;BDH1;CAP2;PROM1;TIPIN;CAV2;POLI;CAMKK2;COL17A1;NAT8;IL7;MYB;CD200;CDC42BPA;MTHFD1;BEX4;IBSP;GSTA4;UTP20;PARP2;EIF4E3;AGPAT5;LANCL2;FBN1;TPH1,"[18, 21, 71, 96, 124, 231, 260, 279, 310, 312, 388, 540, 545, 695, 699, 752, 753, 796, 914, 998, 1042, 1125, 1244, 1365, 1504, 1552, 1621, 1733, 1763, 1781, 1833, 2039, 2045, 2198, 2246, 2472, 2626, 2629, 2668, 2704, 2808, 2876, 2981, 3050, 3082, 3159, 3234, 3332, 3376, 3609, 3615, 3662, 3840, 3851, 4046, 4120, 4251, 4304, 4340, 4360, 4374, 4475, 4563, 4598, 4600, 4651, 4718, 4824, 5037, 5115, 5245, 5409, 5535, 5615, 5886, 5914, 5968, 6075, 6177, 6184, 6469, 6680, 6749, 6818, 6830, 7137, 7171, 7191, 7249, 7377, 7484, 7501, 7885, 7894, 7993, 8210, 8257, 8290, 8564, 8726, 8928, 8940, 9214, 9336, 9375, 9454, 9493, 9527, 9537, 9591, 9608, 9722, 9808, 9893, 9911, 9928, 10181, 10256, 10389, 10599, 10637, 10693, 11060, 11186, 11290, 11385, 11398, 11908, 11984, 11994, 12032, 12085, 12255, 12301, 12366, 12498, 12672, 12708, 13132, 13316, 13351, 13603, 13711, 13857, 13915, 13989, 14117, 14302, 14528, 14640, 14750, 14802, 14827, 14894, 15452, 15606, 15610, 15626, 15631, 15643, 15806, 15895, 16516, 16609, 16670, 17022, 17116, 17362]",MSigDB_Oncogenic_Signatures__AKT UP MTOR DN.V1 DN
MSigDB_Oncogenic_Signatures,CRX DN.V1 UP,prerank,0.4236298831419522,1.6150451837506363,0.0,0.00924714552153937,0.123,27_125,27/125,12.98%,HSPA1A;HSPA1B;GPSM3;MMP23B;WISP1;UBTD1;HCLS1;CLDN7;SNTG2;RCVRN;KRT18;GZMM;BCAR3;STRA6;RHPN1;KLKB1;SELENBP1;GRTP1;RANGRF;RDH5;CCDC107;NRM;STK35;KCNJ14;PLEKHF2;TNFAIP3;SNTA1,HSPA1A;HSPA1B;GPSM3;MMP23B;WISP1;UBTD1;HCLS1;CLDN7;SNTG2;RCVRN;KRT18;GZMM;BCAR3;STRA6;RHPN1;KLKB1;SELENBP1;GRTP1;RANGRF;RDH5;CCDC107;NRM;STK35;KCNJ14;PLEKHF2;TNFAIP3;SNTA1;AQP1;B4GALT1;INSL5;LLGL2;IER3;PPP3CC;BATF2;ARG2;DOCK8;PTPN21;DUSP14;GUCA1B;ABCA4;RDH12;STK17B;SNTB2;PDE6A;ARHGAP10;SH2D1A;JAG1;RTBDN;RGR;REEP6;NXNL2;ALPK2;CABP4;MC1R;RNF207;PPAP2C;GNAT1;RAD51;DOHH;BST1;RS1;TTC39C;TMEM218;ESRRB;ONECUT1;ALPL;CDR2;CKMT1A;SLC25A25;CCDC64;SGCG;NXNL1;ANKRD33;PLA2R1;ST8SIA1;PPP1R42;NAT1;RNF123;ZDHHC12;BUB1B;PDIA5;DHH;PACRG;KCNE2;TMEM35;PDE6H;POLG2;GCKR;WDR78;FAM107B;UBXN11;TAOK3;FAM161A;TMEM229B;DPF3;TRAFD1;RABGEF1;OSGEP;OPN1SW;PRPH2;MEF2C;SH3YL1;TMLHE;SUV39H2;ZFP57;TMEM27;FAAH;PAQR4;GRK1;PFKFB2;SP6;MYLK;MDM1;SYNPO2;GPSM2;WDR31;RPGRIP1;CSGALNACT2;FAIM;COL19A1;RPE65;SLC24A1;TCP11;DDHD1;GAS7,"[2, 7, 72, 89, 130, 177, 286, 300, 604, 636, 674, 677, 735, 943, 992, 1027, 1289, 1449, 1456, 1485, 1677, 1967, 2087, 2130, 2159, 2189, 2273, 2580, 2609, 2965, 3365, 3480, 3642, 3801, 3931, 3992, 4577, 4585, 4633, 4735, 4770, 4901, 4977, 5036, 5047, 5268, 5281, 5611, 5614, 5910, 6017, 6127, 6377, 6421, 6425, 6448, 6542, 6595, 7151, 7161, 7212, 7263, 7306, 7362, 7437, 7488, 7841, 7994, 8049, 8146, 8212, 8261, 8569, 8579, 8649, 8899, 9217, 9251, 9378, 9585, 9591, 9746, 9750, 9854, 9921, 10075, 10334, 10455, 10669, 10958, 11055, 11288, 11512, 11686, 11927, 11955, 12006, 12451, 12469, 12550, 12683, 12806, 13374, 13705, 13713, 13739, 13888, 14119, 14182, 14254, 14618, 14708, 14880, 14925, 16355, 16416, 16453, 16511, 16950, 17091, 17113, 17125, 17154, 17269, 17270]",MSigDB_Oncogenic_Signatures__CRX DN.V1 UP
MSigDB_Oncogenic_Signatures,BCAT GDS748 UP,prerank,0.4958491374315446,1.6181353454037284,0.006276150627615063,0.009413524086794342,0.12,10_45,10/45,9.53%,BAG3;SLC3A2;CEBPB;FLT4;COTL1;LEF1;RUNX1;TP53I3;HHEX;GADD45G,BAG3;SLC3A2;CEBPB;FLT4;COTL1;LEF1;RUNX1;TP53I3;HHEX;GADD45G;AQP3;ABCB1;FAH;SLC39A14;LY6G6D;CA2;GCH1;PKP2;SRPX;ASRGL1;DEFA5;QPCT;NEDD9;BAMBI;KCTD12;ITGA9;WNT11;CASP9;FGF20;FZD7;KLRC3;PDE4D;DDAH1;PHLDA2;LMO2;MSX2;AIM1;NPTX1;FAM3C;GCNT1;UBE2N;DYNC1I1;MYB;GAD1;PLEKHB2,"[24, 40, 311, 525, 1300, 1377, 1384, 1426, 1628, 1669, 2445, 3190, 3343, 3796, 3920, 4119, 4221, 4440, 4900, 4965, 5080, 5439, 5625, 5733, 5968, 6033, 6105, 6429, 6436, 7442, 8137, 8278, 9627, 9928, 10086, 10513, 10593, 11865, 12029, 13886, 14060, 14785, 15452, 16002, 16999]",MSigDB_Oncogenic_Signatures__BCAT GDS748 UP
MSigDB_Oncogenic_Signatures,VEGF A UP.V1 UP,prerank,0.39750055893699016,1.5982837905806422,0.0,0.010070281581221854,0.148,66_177,66/177,22.78%,DDIT4;MIA;NFKB2;RFNG;HSD11B2;MYO1F;SLC22A2;GLI1;IL32;ZNF205;ADORA2A;FCGR2B;DDIT3;IFT140;EPHX1;NINJ1;PLTP;FAM189A2;IRF5;PHLDA1;KIAA0930;TNFSF12;ABHD3;ETV2;GUCY2D;CXCL11;KANK3;SHC2;LHX2;CCL2;ITGB4;ICAM1;PPP6R2;ALDOB;TENC1;RHBDD3;RFPL1;SMG6;IRS2;ENO3;KIAA0556;HLA-DMA;SERPINA3;MERTK;IRF9;EMILIN1;DBH;UBE2L6;GDF11;COLQ;SDC4;CLIP2;ISG20;CCDC22;TNNC2;SH3BP2;TCEA2;SUPT6H;LCAT;CALCOCO1;RGS3;DENND3;MTMR11;CIC;PSMB8;PTPRC,DDIT4;MIA;NFKB2;RFNG;HSD11B2;MYO1F;SLC22A2;GLI1;IL32;ZNF205;ADORA2A;FCGR2B;DDIT3;IFT140;EPHX1;NINJ1;PLTP;FAM189A2;IRF5;PHLDA1;KIAA0930;TNFSF12;ABHD3;ETV2;GUCY2D;CXCL11;KANK3;SHC2;LHX2;CCL2;ITGB4;ICAM1;PPP6R2;ALDOB;TENC1;RHBDD3;RFPL1;SMG6;IRS2;ENO3;KIAA0556;HLA-DMA;SERPINA3;MERTK;IRF9;EMILIN1;DBH;UBE2L6;GDF11;COLQ;SDC4;CLIP2;ISG20;CCDC22;TNNC2;SH3BP2;TCEA2;SUPT6H;LCAT;CALCOCO1;RGS3;DENND3;MTMR11;CIC;PSMB8;PTPRC;RAB40AL;LY6E;CPA1;CD79A;ID2;HDAC5;CHRNA1;NCF2;ABCA4;RBMX2;CLCN6;AMOT;IQCK;TKTL1;ECM1;ZCCHC24;TRAF1;NEDD9;ATF3;SHH;CABP1;ZNF76;ITM2A;CCS;LTB;DSG2;TXNIP;FMO5;OPTN;THY1;KIAA1462;CD5;CCDC57;DUSP8;RELB;ZNRF4;PIN4;MLL2;PKD1;PPL;CRYGD;NFKBIE;UBA7;SPINK2;OVOL1;ENO2;TP53I11;FEV;BMP8A;INPP5J;ETFB;AKAP3;CACNB1;ZC3H7B;ADARB1;CD19;TUB;DYRK1B;PPFIA4;COL11A2;APOBEC3G;ABCB10;PYY;GABRA5;ITIH4;KCNC3;PTGFR;ME3;HS3ST1;OPRD1;PER2;MMP2;CLIP3;LMOD1;HTT;PTPRJ;FPGS;TRAF5;DCX;RMND5B;P2RX4;NKG7;FMO4;MYL9;CORO2B;ARL4C;ENPP2;MTSS1;FKBP6;TAGLN;KCNMB1;NAT8;TLL2;DTX4;TMEM8B;SLC12A2;SPOCK3;GRIK2;MYO1A;MATN2;MN1;PLA2G4C;MGAT5;HTR2A;HSD17B8;ARC;TM7SF2;LONP2;DLG2;SEMA5A;AKAP5,"[11, 53, 56, 126, 242, 339, 342, 369, 585, 597, 691, 716, 729, 797, 819, 932, 964, 1012, 1040, 1095, 1305, 1308, 1536, 1539, 1557, 1566, 1623, 1762, 1802, 1826, 1867, 1872, 1970, 2084, 2112, 2157, 2267, 2321, 2357, 2362, 2444, 2494, 2558, 2629, 2767, 2883, 2906, 2986, 3076, 3087, 3208, 3280, 3309, 3315, 3376, 3568, 3672, 3701, 3706, 3715, 3774, 3823, 3876, 3896, 3936, 3989, 4254, 4334, 4373, 4455, 4494, 4646, 4686, 4720, 4735, 4876, 4895, 4997, 5004, 5191, 5366, 5519, 5590, 5625, 5684, 5805, 5908, 5979, 6024, 6095, 6278, 6470, 6506, 6672, 6786, 6789, 7075, 7134, 7371, 7440, 7492, 7495, 7629, 7633, 7769, 7977, 8125, 8430, 8451, 8495, 8523, 8715, 8909, 8998, 9031, 9123, 9264, 9377, 9757, 9762, 9852, 9857, 9877, 9901, 9941, 10300, 10385, 10803, 10882, 10979, 11047, 11145, 11263, 11301, 11344, 11498, 11506, 11784, 11799, 11847, 11996, 12148, 12155, 12914, 12922, 13070, 13278, 13309, 13419, 13517, 13632, 13903, 14102, 14231, 14509, 14577, 14747, 14827, 14902, 14973, 14992, 15054, 15102, 15222, 15261, 15263, 15912, 15948, 15997, 16012, 16329, 16423, 16848, 16890, 16933, 17054, 17253]",MSigDB_Oncogenic_Signatures__VEGF A UP.V1 UP
MSigDB_Oncogenic_Signatures,RB P130 DN.V1 UP,prerank,0.42019188174532507,1.5993036694178506,0.0,0.010378390035397722,0.147,25_122,25/122,12.98%,SLC7A9;CASP7;MRAS;SLC43A3;RGL3;CYBA;SLC11A1;RASA4;TRAF2;SGSM3;VSIG2;FAM73B;MBD3;GLIS2;UBE2C;TAL2;SDF2L1;RHOJ;GRTP1;ELOF1;RUVBL2;RASD1;GFER;H2AFB1;SNTA1,SLC7A9;CASP7;MRAS;SLC43A3;RGL3;CYBA;SLC11A1;RASA4;TRAF2;SGSM3;VSIG2;FAM73B;MBD3;GLIS2;UBE2C;TAL2;SDF2L1;RHOJ;GRTP1;ELOF1;RUVBL2;RASD1;GFER;H2AFB1;SNTA1;ZBTB17;CRTAC1;ORC1;CMTM7;QTRT1;TEAD1;IER3;ZNF428;RIPK3;OAF;RENBP;PPP1R15B;AQP5;SNRPB;CUEDC2;AURKB;BIRC5;POLD2;SULT1B1;ZBTB12;SNN;RGS16;FAM64A;B4GALT4;SLC13A2;LSM4;TK1;PCSK5;SEMA6B;PARS2;STAT5B;ADCK3;HYAL3;ATP2A1;HMGA2;TRAF4;ALK;EXOSC2;SEMA5B;STMN3;CHCHD6;SIM2;POLR2I;KIF20A;ERG;HINT1;FADS2;FST;NPPB;EIF1B;PF4;ART1;SLC29A1;NXNL1;CDK1;NKD2;EFTUD2;RAD51D;NSMCE1;SLC22A3;ABCG4;GPN3;RACGAP1;CRLF1;CCNB2;AURKA;SNRPC;COL11A2;WNT2B;PIWIL1;RSPH9;DCTPP1;AVP;SPATA13;MYOZ2;FGF10;CRB3;GREM2;DUSP13;TWIST2;NKX2-8;PDZK1;LITAF;KIF22;CDC7;TMEM151B;CACNG4;RABEPK;ICA1;MYLK;TINAG;ANAPC5;KAZN;CHCHD7;ATP2A3;RASGRF1;USP13,"[22, 112, 185, 187, 264, 417, 440, 452, 494, 629, 659, 701, 818, 867, 1115, 1210, 1284, 1306, 1449, 1494, 1716, 1847, 2057, 2240, 2273, 2776, 2809, 2860, 3124, 3329, 3355, 3480, 3483, 3729, 3734, 3841, 3953, 4046, 4167, 4195, 4224, 4324, 4374, 4409, 4416, 4504, 4541, 4650, 4700, 4819, 4871, 4874, 4943, 5055, 5079, 5095, 5261, 5399, 5412, 5446, 5636, 5957, 6296, 6615, 6953, 6962, 6968, 7194, 7197, 7244, 7246, 7286, 7467, 7489, 7963, 8058, 8067, 8230, 8261, 8376, 8721, 8774, 9164, 9168, 9323, 9514, 9607, 9612, 9811, 9950, 10139, 10196, 10300, 10827, 10920, 11120, 11258, 11326, 11414, 11709, 12099, 12150, 12318, 12391, 12588, 12888, 13107, 13134, 13220, 13361, 13493, 13622, 13947, 14590, 14708, 15037, 15267, 15694, 16433, 16443, 17048, 17404]",MSigDB_Oncogenic_Signatures__RB P130 DN.V1 UP
MSigDB_Oncogenic_Signatures,MTOR UP.N4.V1 UP,prerank,0.3906466159744712,1.60155252066499,0.002277904328018223,0.010508119910840195,0.143,37_188,37/188,11.07%,DDIT4;SLC3A2;SLCO4A1;NFIL3;CHORDC1;CEBPG;CEBPB;SLC7A5;TSC22D3;EIF4EBP1;ADM;GAS2L1;GTF2E2;DDIT3;OGN;HERPUD1;DOK2;CHAC1;SLC43A1;TIMM44;SQRDL;PSPH;PHGDH;CDRT1;SDF2L1;COASY;RIT1;MARS;VEGFA;BATF;PYCR1;DBN1;DLEU1;ARL4A;LHX2;SLC1A5;ANXA3,DDIT4;SLC3A2;SLCO4A1;NFIL3;CHORDC1;CEBPG;CEBPB;SLC7A5;TSC22D3;EIF4EBP1;ADM;GAS2L1;GTF2E2;DDIT3;OGN;HERPUD1;DOK2;CHAC1;SLC43A1;TIMM44;SQRDL;PSPH;PHGDH;CDRT1;SDF2L1;COASY;RIT1;MARS;VEGFA;BATF;PYCR1;DBN1;DLEU1;ARL4A;LHX2;SLC1A5;ANXA3;ISOC2;IL7R;CNIH4;SLC6A9;CALML4;IDH1;NANS;IFRD1;TRAF3IP2;E2F5;CD79B;FAH;NME7;TSNAXIP1;RPAP1;SLC39A14;ARG2;PDXK;IL21R;TFPT;GCH1;DHCR7;LPCAT4;STX4;SLC7A11;NQO2;BHLHE40;LDLR;ASNS;LARS2;ASS1;HYAL3;ITK;ATF3;KIF21B;CCDC86;MAST2;CYTL1;GLRX2;ARL3;RRP12;VARS;OPRL1;CARS;ETNK1;GALE;GPR65;TBRG4;TRIB3;GRM2;PCCA;GPRC5C;ULBP1;UGCG;MRPL22;SSTR2;ICT1;IFI30;CAMKV;MGAT4A;SEC24D;PHACTR2;PCK2;VPS54;SPRED2;SYNPO;GBE1;ASCC1;PFKM;CCBL1;RBM28;ABHD6;SREBF1;FAS;PJA1;MAP1A;PLS1;ADARB1;ASPHD1;FKBP11;TUBB2A;RRP9;BSPRY;VPS33B;GOT1;CDK16;PIR;USH1C;MSMO1;DDN;PTPRK;MCPH1;FGF1;DNMT3B;SLC39A4;SLC6A6;SARS;CLPB;LGMN;RIMS3;KIAA0020;GFPT1;ACACA;KLHL7;CHUK;E2F6;MFAP4;TM6SF1;YRDC;BNIP3;OPCML;GUCY1A3;COQ2;BCHE;FAM129A;PTS;PDHX;APOL6;MRPL39;CLIC4;EBNA1BP2;OPN3;SAR1B;CUTC;RABEPK;TMEM135;RRP15;OBFC1;EIF2B3;PLCB1;IDH3A;ADAM9;SLC4A1AP;PAK1IP1;ZNF259;TRPM6;EAF2;GK;ITPR1;SLC31A1;POLR3G;BCAT1;COX10;PANK3;ELOVL6;SLC25A32;GALK2;MIPEP;LIMA1;NUP155;VLDLR,"[11, 40, 46, 110, 164, 257, 311, 312, 366, 455, 468, 573, 616, 729, 753, 817, 821, 875, 1004, 1055, 1131, 1219, 1243, 1255, 1284, 1351, 1364, 1427, 1439, 1480, 1529, 1619, 1670, 1751, 1802, 1927, 1938, 2163, 2230, 2418, 2569, 2596, 2666, 2785, 2802, 2915, 3102, 3339, 3343, 3371, 3428, 3479, 3796, 3931, 3985, 3990, 4175, 4221, 4439, 4442, 4586, 4658, 4673, 4717, 4749, 4899, 5131, 5245, 5399, 5489, 5684, 5723, 6034, 6109, 6137, 6221, 6378, 6391, 6452, 6582, 6591, 6698, 6703, 6823, 7157, 7315, 7486, 7515, 7539, 7580, 7585, 7630, 7729, 7825, 7881, 7887, 7919, 7965, 8157, 8217, 8378, 8388, 8543, 8557, 8883, 8947, 9372, 9415, 9430, 9432, 9493, 9520, 9568, 9734, 9852, 9890, 9893, 9904, 10037, 10321, 10599, 10780, 10802, 10844, 10869, 10879, 10976, 11127, 11167, 11280, 11295, 11349, 11639, 11676, 11710, 11720, 11816, 11860, 11888, 11923, 11988, 12017, 12060, 12110, 12181, 12253, 12352, 12443, 12642, 12821, 12838, 12875, 13006, 13020, 13058, 13179, 13304, 13318, 13548, 13565, 13841, 13947, 14026, 14370, 14520, 14732, 14865, 14975, 15012, 15048, 15088, 15177, 15280, 15342, 15601, 15616, 15794, 16005, 16100, 16431, 16463, 16478, 16570, 16757, 16766, 16894, 17180, 17256]",MSigDB_Oncogenic_Signatures__MTOR UP.N4.V1 UP
MSigDB_Oncogenic_Signatures,ESC V6.5 UP LATE.V1 DN,prerank,0.4011169006697276,1.588141129306613,0.0,0.010689294392061576,0.16,50_167,50/167,18.64%,ETV4;NUPR1;TCF15;BNIPL;DEDD2;PRX;MRAS;PCOLCE;HES7;FGF17;BCL3;GLI1;S100A4;SOCS3;S100A6;BID;CHAC1;FTSJ3;LCK;INHBB;MYC;NOL12;TM4SF1;TCEA3;SEMA4B;ANGPTL4;RASIP1;GLI2;TMEM79;ICAM1;PTCD1;ZNF423;JAM2;RASGRP2;ERAS;CLTB;PRADC1;CALML4;AVPI1;ATF1;KLF4;TGM1;MSRB2;DYRK3;CBR3;TIMP1;GTPBP5;NOTUM;BGN;PCOLCE2,ETV4;NUPR1;TCF15;BNIPL;DEDD2;PRX;MRAS;PCOLCE;HES7;FGF17;BCL3;GLI1;S100A4;SOCS3;S100A6;BID;CHAC1;FTSJ3;LCK;INHBB;MYC;NOL12;TM4SF1;TCEA3;SEMA4B;ANGPTL4;RASIP1;GLI2;TMEM79;ICAM1;PTCD1;ZNF423;JAM2;RASGRP2;ERAS;CLTB;PRADC1;CALML4;AVPI1;ATF1;KLF4;TGM1;MSRB2;DYRK3;CBR3;TIMP1;GTPBP5;NOTUM;BGN;PCOLCE2;EMP1;ZNF428;ARMC6;ZMYM3;PLA2G1B;AOAH;PHB;SERPINE1;AP4M1;SEPT1;PLEKHA4;PDGFC;TFEB;TAF1C;KLK10;SPTBN4;SGK1;CRCP;DAPP1;TEX14;DDX51;ECH1;ACOT8;PRCC;FZD5;GPX2;ACACB;CBY1;ZBTB45;ADA;ANXA1;NEFH;SPP1;LGALS3;ZNF274;RRP12;ZCCHC10;GADD45A;ITGB7;RIOK2;HADHB;ZBTB32;TRIB3;POLA1;ESRRB;TLE4;GYS1;GJB3;NR0B1;E2F8;DBR1;CRMP1;N6AMT2;VAC14;MGP;GPA33;KAT2B;DCLRE1B;GGCT;SLC27A2;GEMIN2;RPP25;CBX7;PTRF;TTYH2;ABCA2;SULT4A1;MANBA;FBLN2;LOX;BSCL2;CCNB1IP1;SFN;RRP9;FAM169A;KIF18A;MORC1;KRT17;PDSS1;OLIG2;KAT6B;TUBB3;TRMT1L;MSC;SPRY4;GJB5;DDX4;FAM208B;WDR46;KCNA1;NPHS1;PDE12;ZFP1;GPATCH4;ZFP57;BDH1;PLK3;SMPDL3B;ZNF566;RBM43;TTC39B;CTH;EXOSC1;DIMT1;FBXO15;ZBTB8A;INHBA;ZC3H8;GBX2;WDR75;UFM1;MDN1;BIRC6;FASTKD2;CD38;QTRTD1;MED29,"[69, 70, 133, 138, 158, 182, 185, 211, 275, 282, 347, 369, 576, 619, 722, 779, 875, 904, 1019, 1020, 1232, 1241, 1244, 1343, 1348, 1365, 1432, 1477, 1787, 1872, 1906, 1993, 2156, 2194, 2201, 2398, 2483, 2596, 2763, 2770, 2806, 2870, 2876, 2923, 2990, 2996, 3161, 3232, 3245, 3264, 3435, 3483, 3570, 3627, 3744, 3780, 3831, 4011, 4033, 4125, 4133, 4144, 4229, 4362, 4423, 4518, 4545, 4745, 4829, 4935, 5144, 5302, 5361, 5394, 5568, 5584, 5622, 6075, 6124, 6139, 6173, 6181, 6253, 6287, 6370, 6391, 6486, 6740, 7085, 7119, 7160, 7184, 7315, 7340, 7362, 7431, 7509, 7516, 7720, 8154, 8156, 8192, 8320, 8356, 8492, 8602, 8626, 8638, 8653, 8654, 8705, 8803, 9118, 9126, 9244, 9329, 9376, 9421, 9425, 9652, 9684, 9990, 9994, 10037, 10259, 10289, 10545, 10572, 10989, 10992, 11325, 11364, 11725, 12129, 12130, 12241, 12693, 12781, 13080, 13115, 13323, 13497, 13552, 13708, 13713, 13915, 14209, 14431, 14479, 14504, 14927, 15409, 15529, 15949, 16166, 16175, 16208, 16637, 16648, 16667, 16782, 16785, 16893, 17005, 17102, 17134, 17363]",MSigDB_Oncogenic_Signatures__ESC V6.5 UP LATE.V1 DN
MSigDB_Oncogenic_Signatures,PIGF UP.V1 DN,prerank,0.39419563957410775,1.5842205940870917,0.0,0.010975147462433093,0.169,42_169,42/169,15.68%,NFKB2;MEF2B;RFNG;MYO1F;PIK3R2;MTSS1L;AURKC;S100A4;PXN;TOP3B;CCDC9;CLDN9;PTPRU;CDKN2C;DHX34;DDX3Y;MSI1;BCAM;AK4;TNFSF12;IRF2BP1;GPR182;GYPC;CLASRP;IGFBP6;DPF1;ENTPD2;ADH1B;ITGB4;CTRL;GNB3;TNFAIP3;ZFHX2;ALOX5AP;CTF1;SMG6;DLEC1;SPN;SERPINA3;GRAP2;MAST1;IGFBP5,NFKB2;MEF2B;RFNG;MYO1F;PIK3R2;MTSS1L;AURKC;S100A4;PXN;TOP3B;CCDC9;CLDN9;PTPRU;CDKN2C;DHX34;DDX3Y;MSI1;BCAM;AK4;TNFSF12;IRF2BP1;GPR182;GYPC;CLASRP;IGFBP6;DPF1;ENTPD2;ADH1B;ITGB4;CTRL;GNB3;TNFAIP3;ZFHX2;ALOX5AP;CTF1;SMG6;DLEC1;SPN;SERPINA3;GRAP2;MAST1;IGFBP5;SPRY1;SDC4;UTF1;EVPL;CBFA2T3;LOXL1;NUCB1;RPS4Y1;NPR2;LY6E;KLK10;TAOK2;CAMK2B;MCF2L;KCNN4;FOXG1;APOC1;IGFBP2;LTK;ZNF646;IQCK;PDE6A;CACNA1H;CLPTM1;CEBPA;KRT9;ACTL6B;SLC29A2;LRRC23;CYP1A1;NR6A1;SLC30A10;SH3BP1;SHH;C9;CTSW;PKP3;NCR3;TROAP;SRCAP;NOS1AP;PRPF19;EFNA5;HBZ;DOLPP1;OGDH;THY1;ZFR2;TMEM97;POU2F3;PAIP2B;GPR17;FCN2;GPR37L1;CD5;CACNA1C;FZD7;GRM2;RELB;MLL2;SSTR2;PKD1;GRIA1;SMARCD1;TRIO;TMEM158;NPAS3;ERF;NOX1;ATP1A3;KCNAB2;COL18A1;MAP1A;NCAM1;PDE1B;UBE2H;ELAVL3;GFRA2;DHCR24;SRGAP3;PPFIA4;NELL2;COL11A2;BMP2;KCNC3;NFASC;PTGFR;PDPN;OBSCN;NOS2;TTLL3;RAB5C;PAX2;HOMER2;RIMS3;PIP5K1A;SNX29;RRP7A;DAAM2;KRT31;AVPR1B;MYL9;KCNQ3;GNAL;DLGAP1;MYOG;ACAT2;USP9Y;ZNF185;ENPP2;ENTPD3;ATP2B2;ANGEL1;SHBG;KHDRBS2;SLC14A2;PKLR;SLC6A15;SVEP1;CREBZF;TAS2R14;ARC;VGF;CDC20;PTPRH;SPTB;TMSB4Y,"[56, 121, 126, 339, 350, 409, 475, 576, 628, 649, 687, 743, 857, 960, 974, 1049, 1203, 1209, 1249, 1308, 1310, 1371, 1383, 1391, 1605, 1679, 1681, 1865, 1867, 1888, 2026, 2189, 2231, 2249, 2253, 2321, 2426, 2541, 2558, 2574, 2699, 2746, 2949, 3208, 3461, 3645, 3915, 4163, 4169, 4185, 4211, 4334, 4423, 4451, 4493, 4532, 4563, 4648, 4775, 4812, 4932, 4941, 5004, 5036, 5062, 5070, 5110, 5150, 5154, 5205, 5290, 5385, 5392, 5505, 5531, 5805, 5937, 5967, 6274, 6362, 6430, 6553, 6606, 6612, 6617, 6646, 6719, 6725, 6789, 6806, 6818, 7027, 7028, 7040, 7062, 7107, 7134, 7402, 7442, 7486, 7492, 7633, 7729, 7769, 8002, 8135, 8219, 8243, 8250, 8290, 8800, 8842, 8954, 9457, 9568, 9574, 9646, 9760, 9771, 9810, 9913, 9938, 9941, 10078, 10300, 10854, 11145, 11262, 11263, 11303, 11315, 11576, 11631, 11683, 11698, 11737, 11816, 11952, 12428, 12682, 12746, 12889, 13239, 13517, 13557, 13591, 13657, 13675, 13813, 13873, 14056, 14102, 14251, 14287, 14320, 15155, 15338, 15440, 15524, 15808, 15874, 15960, 16059, 16423, 16489, 16543, 16916, 16935, 17392]",MSigDB_Oncogenic_Signatures__PIGF UP.V1 DN
MSigDB_Oncogenic_Signatures,RB DN.V1 DN,prerank,0.4187528433287908,1.579421655642484,0.0,0.011274336987672292,0.184,16_117,16/117,6.92%,DDIT4;MMP9;CELSR1;NFIL3;PPBP;P4HA1;SLC7A5;STC2;FURIN;LGALS9;GJB2;DDIT3;CHAC1;DDX3Y;PPP2R1B;UNC119B,DDIT4;MMP9;CELSR1;NFIL3;PPBP;P4HA1;SLC7A5;STC2;FURIN;LGALS9;GJB2;DDIT3;CHAC1;DDX3Y;PPP2R1B;UNC119B;HSPA5;CXCR7;PMVK;BST2;HIST1H2BD;DYNLL1;CISH;SH3BP5L;BCCIP;SERP1;WNT3;KIAA1161;ATF5;KRT8;PSME2;ANKRD40;DUSP14;USP18;AGRN;DNAJC4;CTSC;BHLHE40;MOXD1;CTNNAL1;RPS2;PSME1;ANXA11;ADAMTS1;UROS;PLXNA2;NEDD9;SLC7A3;CD44;DKK3;TMEM50B;CDIPT;NDRG1;PDGFB;GADD45A;BNC1;LIFR;SERPINB1;FLNA;RASL11B;LAMB3;SLCO2A1;CREB3L2;IGFBP3;S100A16;RHOV;TUBA4A;STARD3NL;PSMB10;ADAM12;MVP;ANXA6;F2RL1;COL18A1;RB1;TMEM140;BASP1;ST8SIA2;LMAN1;TMEM66;FAM102A;CAP1;MSMO1;CYTH1;MICAL2;NKAP;S1PR5;LRRC4;HS3ST1;TMEM42;FHL1;NSDHL;FEZ2;TMCC3;CAV1;HIST1H2BC;SQLE;EFTUD1;CD9;IL33;ANKFY1;MYADM;CCRN4L;LAMTOR3;KRT7;GOSR2;CDC42SE2;UBA5;LAMC2;SEC23A;PDCD6;TLL1;CALCB;TNC;ARL1;PRKAR1A;EIF4E,"[11, 27, 78, 110, 294, 306, 312, 321, 555, 718, 724, 729, 875, 1049, 1140, 1212, 1765, 1941, 2250, 2419, 2489, 2497, 2714, 2728, 2790, 2908, 3325, 3418, 3506, 3573, 3856, 4544, 4585, 4613, 4626, 4641, 4687, 4717, 4786, 4817, 4852, 4930, 5046, 5129, 5140, 5561, 5625, 5685, 5731, 5972, 5986, 6097, 6152, 6544, 6740, 6785, 6831, 6844, 7192, 7225, 7368, 7514, 7542, 7570, 7750, 7936, 8024, 8044, 8147, 8461, 8574, 9127, 9196, 9457, 9620, 9740, 9875, 9905, 10266, 10270, 10318, 10635, 10879, 10917, 11037, 11092, 11247, 11299, 11344, 11532, 11823, 11828, 11908, 12045, 12109, 12582, 12919, 12987, 13114, 13145, 13225, 13373, 13482, 13718, 14141, 14323, 14361, 14486, 14822, 14832, 16075, 16091, 16218, 16400, 16456, 16685, 16760]",MSigDB_Oncogenic_Signatures__RB DN.V1 DN
MSigDB_Oncogenic_Signatures,IL2 UP.V1 UP,prerank,0.398791668801015,1.5798082924535368,0.0,0.011638025277597205,0.184,59_164,59/164,21.85%,MAFF;SLCO4A1;RHBDF2;PTH1R;TNFSF14;SLC7A5;TNFRSF4;DHRS3;FLT3LG;TNFRSF12A;TNFRSF1B;RAC3;PLEC;SLC2A3;PIM1;INHBB;CLDN5;LIF;STX11;TM4SF1;RSPH6A;HK2;GFAP;CD52;EHD2;FLT1;GADD45B;SLC1A5;FOSL2;GPT;FOSL1;PUS1;CXCL3;SH2D4A;SIGLEC9;PRSS50;KIF1C;CALML4;PLXNA3;CISH;SOCS2;FOS;INSR;RAB11FIP1;GNRH2;KCNG1;ABTB2;TRMU;KLF6;KLRK1;SOCS1;CAPN10;ELMO3;TMPRSS6;SPHK1;EVPL;ALDH4A1;RGS3;MEGF6,MAFF;SLCO4A1;RHBDF2;PTH1R;TNFSF14;SLC7A5;TNFRSF4;DHRS3;FLT3LG;TNFRSF12A;TNFRSF1B;RAC3;PLEC;SLC2A3;PIM1;INHBB;CLDN5;LIF;STX11;TM4SF1;RSPH6A;HK2;GFAP;CD52;EHD2;FLT1;GADD45B;SLC1A5;FOSL2;GPT;FOSL1;PUS1;CXCL3;SH2D4A;SIGLEC9;PRSS50;KIF1C;CALML4;PLXNA3;CISH;SOCS2;FOS;INSR;RAB11FIP1;GNRH2;KCNG1;ABTB2;TRMU;KLF6;KLRK1;SOCS1;CAPN10;ELMO3;TMPRSS6;SPHK1;EVPL;ALDH4A1;RGS3;MEGF6;IL18RAP;PRR7;CCDC85B;RGS16;VDR;REST;RPA4;IRS1;SLC29A2;CDC25A;OSM;PDE4A;FZD5;KIF21B;TNFAIP8;AIM2;KCTD12;ITGA9;GABARAPL3;SPP1;LILRB4;WISP3;PPAP2C;JUNB;WDR62;SPRY2;NR2F2;DGKG;IL10;PQLC2;ZBTB32;CDCP1;ESRP2;LRP8;IL13;TMEM158;MPP6;DUSP2;RHOB;LMO3;MAGIX;RNF144A;RPP25;NCS1;USP36;PTCH1;PIM2;PRAF2;FAM57A;AHR;KCNK5;TLR3;PRKCD;HEG1;IFNW1;GABRB3;TRIB1;BTC;PAK6;CNKSR2;KIF13A;BMP2;ZNF343;PTPN7;TPBG;LGALSL;USH2A;PUS7;CDH3;VSNL1;YRDC;AATK;IL1A;ASPA;ADAM19;CD3EAP;SPATA2L;AP3M2;GALNT8;LRRC6;URB2;RNF20;CD69;TNFRSF21;HABP4;PMM2;AMIGO2;PPP4R4;KCNE1L;EGR3;CXCL12;IQCG;IL5;TBC1D9;FOXP3;EGR1;DUSP6;POLR3G;F2RL2;PYCRL;KCNA3;ZNF215;EGR2;HTR4;DUSP4,"[26, 46, 103, 218, 291, 312, 373, 406, 438, 503, 720, 747, 832, 833, 858, 1020, 1059, 1188, 1199, 1244, 1296, 1337, 1409, 1470, 1502, 1534, 1626, 1927, 2063, 2170, 2188, 2196, 2258, 2287, 2335, 2459, 2592, 2596, 2610, 2714, 2811, 2889, 3052, 3179, 3187, 3310, 3321, 3323, 3324, 3412, 3430, 3488, 3510, 3549, 3596, 3645, 3735, 3774, 3826, 3895, 4047, 4067, 4541, 4946, 4978, 4979, 5115, 5205, 5226, 5273, 5284, 5568, 5723, 5744, 5965, 5968, 6033, 6207, 6253, 6263, 6332, 6448, 6511, 6630, 6637, 6803, 6896, 6941, 7071, 7184, 7434, 7625, 7888, 8159, 8243, 8331, 8364, 8719, 8766, 8773, 8782, 8803, 8839, 8920, 9019, 9063, 9094, 9232, 9293, 9341, 9420, 9580, 9721, 9795, 9903, 10208, 10247, 10408, 10700, 10737, 10854, 11393, 11431, 11460, 11672, 11885, 12032, 12052, 12175, 12253, 12423, 12614, 12652, 12717, 13039, 13503, 13521, 13634, 13648, 13792, 13806, 13891, 14131, 14236, 14336, 14765, 14837, 15038, 15206, 15207, 15219, 15390, 15410, 15494, 15627, 15916, 16005, 16081, 16126, 16219, 16273, 16961, 17206, 17396]",MSigDB_Oncogenic_Signatures__IL2 UP.V1 UP
MSigDB_Oncogenic_Signatures,PTEN DN.V2 UP,prerank,0.41059430968998767,1.5665016451723557,0.002232142857142857,0.01220640191663255,0.199,38_117,38/117,16.67%,G0S2;TNFRSF10D;CSF1;ANO2;IL4R;CASP4;RHBDF1;IL32;SERPINA5;CHAC1;SAMD4A;OSGIN1;GYS2;ANGPTL4;TP53I3;SH3BGR;CD86;SPIB;VAMP5;LCN2;SLC2A4;ANXA3;PC;BIRC3;KRT15;HSPB8;TNFRSF10C;IL7R;AKR1C3;ZNF668;HSPA4L;ARHGEF5;CPA4;PTGDS;JUN;ARHGDIB;BNC2;IL8,G0S2;TNFRSF10D;CSF1;ANO2;IL4R;CASP4;RHBDF1;IL32;SERPINA5;CHAC1;SAMD4A;OSGIN1;GYS2;ANGPTL4;TP53I3;SH3BGR;CD86;SPIB;VAMP5;LCN2;SLC2A4;ANXA3;PC;BIRC3;KRT15;HSPB8;TNFRSF10C;IL7R;AKR1C3;ZNF668;HSPA4L;ARHGEF5;CPA4;PTGDS;JUN;ARHGDIB;BNC2;IL8;SECTM1;EMP1;CEACAM21;ZMAT5;SLC1A3;NAALAD2;GMIP;BBC3;IL11RA;LAMA3;LOXL2;KLK10;OTUB2;RND1;IL1B;TBX5;FYB;PLAU;GNA14;APOL3;P2RY2;PPAP2B;DENND2A;LSP1;GPR87;TRIB2;THBS4;GPR183;BUD31;ARVCF;ERN2;NOL4;TMEM127;CHRDL1;LIPG;OVGP1;ZMAT3;GPM6A;PTGS2;RTN1;CA5B;HTR1B;SATB1;CLPB;MPV17;KCNJ3;ST3GAL4;HSPB7;CUEDC1;PCSK7;VPS13C;ZNF549;ALDH1A2;SLITRK3;EHF;GLRA2;MON1B;CTNNBIP1;PQLC3;ARL4C;CHRM4;ATP2B2;NNAT;KLHL28;UTRN;CLIP4;ULK4;AGPAT4;SPOCK1;UPK2;NID2;DNAJB5;CEP41;LIG4;ALDH1A3;GRID2;ANKMY1;COL13A1;NAV3,"[1, 48, 137, 431, 462, 515, 547, 585, 641, 875, 952, 996, 1216, 1365, 1426, 1552, 1574, 1660, 1770, 1836, 1904, 1938, 1947, 1994, 2033, 2088, 2135, 2230, 2427, 2451, 2521, 2544, 2637, 2819, 2824, 2833, 2866, 2920, 3034, 3435, 3496, 3604, 3630, 3731, 3750, 3816, 3842, 3919, 4066, 4423, 4528, 4614, 4629, 4864, 4906, 5250, 5615, 5809, 6020, 6184, 6571, 6575, 6878, 7287, 7386, 7403, 7503, 7909, 8676, 8950, 8978, 9336, 9619, 9638, 9859, 11109, 11182, 11186, 11226, 11252, 11290, 11710, 11741, 11745, 11754, 11846, 11962, 12070, 12320, 12677, 12901, 12903, 13183, 13211, 13277, 13367, 13498, 13903, 14061, 14287, 14424, 14626, 14669, 14749, 14888, 15399, 15630, 15637, 15709, 15776, 15828, 16077, 16272, 16564, 16683, 17066, 17240]",MSigDB_Oncogenic_Signatures__PTEN DN.V2 UP
MSigDB_Oncogenic_Signatures,SNF5 DN.V1 UP,prerank,0.38745111096508683,1.5641046872852016,0.0022172949002217295,0.012259473229313561,0.205,47_164,47/164,16.94%,RCC1;CXCR4;FBLN1;ANPEP;LAMB2;MSX1;GAS1;PPP4C;C3AR1;C1QC;SLC2A3;ITGB2;SPI1;MT3;RABAC1;DDX3Y;WAS;UBE2C;ZMYND19;CD52;SOX2;MKL1;LCP1;CSF1R;LILRB3;FCGR1A;VAMP5;LHX2;TGFB3;TAPBP;IER5L;SLC1A5;FMOD;GTF3A;LRP5;ABHD14A;ADI1;SELPLG;LY86;CD53;SFRP2;PLD4;MLF2;C1R;FBXO6;IL8;CD93,RCC1;CXCR4;FBLN1;ANPEP;LAMB2;MSX1;GAS1;PPP4C;C3AR1;C1QC;SLC2A3;ITGB2;SPI1;MT3;RABAC1;DDX3Y;WAS;UBE2C;ZMYND19;CD52;SOX2;MKL1;LCP1;CSF1R;LILRB3;FCGR1A;VAMP5;LHX2;TGFB3;TAPBP;IER5L;SLC1A5;FMOD;GTF3A;LRP5;ABHD14A;ADI1;SELPLG;LY86;CD53;SFRP2;PLD4;MLF2;C1R;FBXO6;IL8;CD93;PLEK;ISG20;TREX1;GABRQ;APOD;STOML2;CXCL10;ACTL6A;KCNJ10;PSMB8;PTPRC;MMP14;AQP5;APOE;LRRC33;C1S;AURKB;DHRS1;PRRX2;HAPLN2;ID2;CD48;CDO1;PLD3;SRPX;FYB;NCAN;ASS1;CD68;TMEM106A;LSM2;POFUT2;FABP7;SOSTDC1;RBL1;MEST;NDE1;SMAD2;TAP2;GRK6;GBP1;MYH1;PLCE1;AIF1;OLIG1;FAM105A;LIX1;CFP;KIF20A;CD109;EVL;LGALS3BP;COL15A1;CX3CR1;CCL3;DCAKD;FGF18;IFIT1;INPP5B;PSMB9;MCM5;PSMD8;DDX3X;HAT1;FAM65B;PRKCDBP;ZNFX1;BUB1;DTL;ELN;EWSR1;LMO2;CKAP2;DLK1;DENND4C;FNBP1;FDPS;GOT1;EGFL6;SEMA4D;COPS4;SLC6A6;DARS;TF;PPIL2;C1QTNF3;IFIT2;EVI2A;PITPNB;RNF13;CORO1C;CD9;ABI3BP;NCAPG2;LGR5;OASL;ERAP1;ENPP3;ATP1B1;USP15;TIPIN;PRPS1;GALC;GTF2A1;PNN;FNDC1;CCDC132;ZWILCH;IARS;SCG2;TERF1;IFI44L;EGR2;PIGP;KIAA1524;ABCE1;PENK,"[13, 77, 109, 149, 160, 231, 310, 423, 582, 771, 833, 902, 942, 967, 1038, 1049, 1067, 1115, 1444, 1470, 1488, 1519, 1537, 1549, 1620, 1740, 1770, 1802, 1861, 1863, 1925, 1927, 2003, 2068, 2090, 2246, 2300, 2361, 2387, 2531, 2606, 2727, 2786, 2808, 2818, 2920, 2967, 3296, 3309, 3447, 3465, 3557, 3648, 3676, 3778, 3827, 3936, 3989, 4031, 4046, 4072, 4183, 4215, 4224, 4255, 4383, 4492, 4494, 4535, 4647, 4872, 4900, 4906, 5017, 5245, 5305, 5334, 5400, 5465, 5549, 5658, 5706, 5973, 5998, 6205, 6338, 6438, 6521, 6589, 6601, 6768, 6812, 6860, 7003, 7041, 7197, 7252, 7283, 7314, 7382, 7588, 7600, 7788, 8121, 8187, 8224, 8284, 8417, 8583, 8765, 9331, 9344, 9507, 9649, 9690, 9948, 9991, 10050, 10086, 10121, 10158, 10162, 10211, 10275, 10780, 11003, 11152, 11157, 11639, 11904, 11964, 12660, 12829, 12848, 12873, 13012, 13035, 13111, 13114, 13391, 13574, 13633, 13640, 13745, 13935, 14240, 14292, 14302, 14725, 14728, 15277, 15425, 15727, 15746, 15747, 16282, 16544, 16643, 16902, 16961, 17017, 17178, 17352, 17492]",MSigDB_Oncogenic_Signatures__SNF5 DN.V1 UP
MSigDB_Oncogenic_Signatures,IL15 UP.V1 UP,prerank,0.38661707541842255,1.5533853353107188,0.0,0.01318379859184117,0.23,51_165,51/165,20.26%,MAFF;SLCO4A1;ETV4;TPST2;PTH1R;SLC7A5;OR7C1;NOP2;TNFRSF4;DHRS3;FLT3LG;LIME1;TNFRSF12A;MED26;ZNF205;PLEC;PIM1;INHBB;MAF;LIF;CENPT;IRF2BP1;HK2;APOBR;KANK3;GADD45B;ACVRL1;SLC1A5;HS3ST3B1;GPT;LYL1;FOSL1;PUS1;SH2D4A;KIF1C;CALML4;PLXNA3;CPA4;CISH;SOCS2;FOS;HRH3;REEP2;RAB11FIP1;TRMU;LLGL2;SOCS1;CAPN10;ELMO3;LTC4S;TMPRSS6,MAFF;SLCO4A1;ETV4;TPST2;PTH1R;SLC7A5;OR7C1;NOP2;TNFRSF4;DHRS3;FLT3LG;LIME1;TNFRSF12A;MED26;ZNF205;PLEC;PIM1;INHBB;MAF;LIF;CENPT;IRF2BP1;HK2;APOBR;KANK3;GADD45B;ACVRL1;SLC1A5;HS3ST3B1;GPT;LYL1;FOSL1;PUS1;SH2D4A;KIF1C;CALML4;PLXNA3;CPA4;CISH;SOCS2;FOS;HRH3;REEP2;RAB11FIP1;TRMU;LLGL2;SOCS1;CAPN10;ELMO3;LTC4S;TMPRSS6;RGS3;KHDRBS3;IL18RAP;CCDC85B;ZNF614;CCNE1;ZBTB48;RGS16;KCNJ9;L1TD1;VDR;REST;TIMM50;IRS1;SLC29A2;CDC25A;OSM;PDE4A;ECM1;MAFK;FZD5;KRT13;KIF21B;TNFAIP8;HABP2;C9;AIM2;KCTD12;PNMT;ZNF276;ZBTB7A;SPP1;LILRB4;HSD17B14;JUNB;LSP1;SPRY2;NR2F2;DGKG;IL10;PQLC2;ZBTB32;S100A1;LRP8;CYP7A1;IL13;NEUROD4;TMEM158;MPP6;DUSP2;KCNJ2;SHROOM2;RHOB;RNF144A;RPP25;DLX2;USP36;PTCH1;PIM2;FAM57A;CCL4;AHR;TLR3;CLSTN3;HEG1;SPINT1;SMEK2;TRIB1;PAK6;BMP2;PNO1;HS3ST1;ZNF343;APLP1;PTPN7;SLAMF7;PER2;LGALSL;FAM3C;PUS7;CDH3;YRDC;IL1A;ADAM19;SLCO1A2;AMD1;CD3EAP;UTP3;AP3M2;URB2;CD69;TNFRSF21;PMM2;NOX4;EGR3;CXCL12;IL5;FOXP3;PTGER3;EGR1;SPOCK1;TET3;CCDC132;DUSP6;NUDT13;POLR3G;PYCRL;ZNF215;CNNM4;ZBBX;EGR2;TMEM209;RAB40A;DUSP4,"[26, 46, 69, 163, 218, 312, 316, 355, 373, 406, 438, 483, 503, 559, 597, 832, 858, 1020, 1021, 1188, 1239, 1310, 1337, 1434, 1623, 1626, 1627, 1927, 2169, 2170, 2171, 2188, 2196, 2287, 2592, 2596, 2610, 2637, 2714, 2811, 2889, 3026, 3160, 3179, 3323, 3365, 3430, 3488, 3510, 3532, 3549, 3774, 3779, 3895, 4067, 4244, 4289, 4520, 4541, 4831, 4866, 4946, 4978, 5100, 5115, 5205, 5226, 5273, 5284, 5366, 5461, 5568, 5682, 5723, 5744, 5751, 5937, 5965, 5968, 6030, 6102, 6178, 6253, 6263, 6358, 6511, 6575, 6637, 6803, 6896, 6941, 7071, 7184, 7779, 7888, 8012, 8159, 8221, 8243, 8331, 8364, 8539, 8637, 8719, 8782, 8803, 8833, 8920, 9019, 9063, 9232, 9267, 9293, 9420, 9643, 9721, 10018, 10045, 10208, 10408, 10854, 11205, 11344, 11393, 11430, 11431, 11492, 11506, 11672, 12029, 12032, 12052, 12253, 12614, 12717, 12776, 12793, 13039, 13502, 13521, 13792, 13891, 14131, 14336, 14437, 15206, 15207, 15390, 15494, 15604, 15627, 15630, 15645, 15746, 15916, 15951, 16005, 16126, 16273, 16290, 16547, 16961, 17088, 17330, 17396]",MSigDB_Oncogenic_Signatures__IL15 UP.V1 UP
MSigDB_Oncogenic_Signatures,P53 DN.V1 UP,prerank,0.38642761169650836,1.5551680656137163,0.0,0.01331028522039758,0.227,59_179,59/179,21.87%,G0S2;MAFF;KLK1;LAMB2;RAMP1;AZGP1;VASP;DHRS3;ADM;IRF1;IL18;KRT18;BMP4;BCAR3;DSP;S100P;CFB;INHBB;FYN;PTK7;PODXL;NR2F1;LAMP3;ELF4;IGFBP6;LHFPL2;AXL;ARL4A;ITGB4;SOX9;YAP1;KRT15;ADORA2B;OLFML2A;SAP30;LRRC42;EGFR;SMAGP;SCNN1A;MYCL1;KIAA1199;KRT19;GLUL;REEP2;SPINT2;SDC4;PPARG;CNN3;NEBL;YES1;KLF5;IFI27;CDKN2A;MSLN;SMAD6;PPARD;KHDRBS3;LSR;TMEM30B,G0S2;MAFF;KLK1;LAMB2;RAMP1;AZGP1;VASP;DHRS3;ADM;IRF1;IL18;KRT18;BMP4;BCAR3;DSP;S100P;CFB;INHBB;FYN;PTK7;PODXL;NR2F1;LAMP3;ELF4;IGFBP6;LHFPL2;AXL;ARL4A;ITGB4;SOX9;YAP1;KRT15;ADORA2B;OLFML2A;SAP30;LRRC42;EGFR;SMAGP;SCNN1A;MYCL1;KIAA1199;KRT19;GLUL;REEP2;SPINT2;SDC4;PPARG;CNN3;NEBL;YES1;KLF5;IFI27;CDKN2A;MSLN;SMAD6;PPARD;KHDRBS3;LSR;TMEM30B;COL1A2;LOXL1;PRSS3;DSC2;UQCRH;MAP3K5;KLK10;LPCAT4;EFNB2;DKK1;CPE;RRAS2;LRIG1;ASS1;PLAU;MARK2;DAAM1;UCHL1;MEST;CDKN2D;MYOF;ANXA1;UNC13B;BIRC2;FOXN3;BCL10;TJP2;PLCE1;SPRY2;NR2F2;PRDX2;CAMK1;OIP5;SH3GLB1;CDH11;PROSAPIP1;HIST1H2AE;PPL;TUBA4A;RP2;NDC80;FHL2;AUTS2;EFEMP1;CYR61;MARCKS;RNASE4;AMPH;C4BPB;AHR;FBLN2;ZNF415;TGFBI;CAT;INPP1;CLTCL1;CORO2A;CRIM1;DMD;KAT5;LTBP1;AIM1;GSTT1;SUN1;USP1;SLC16A2;F3;ZNF44;ME3;CST6;NKX2-1;TPBG;UGT8;CLIP3;ZNF799;PTN;ANKRD1;CAND2;MEIS2;CHKA;VIPR1;MTAP;CDH13;SCRN1;RNF11;THOC1;ZNF160;SULF1;CNR1;COL3A1;SYNJ2;CD9;CTNNBIP1;RABGAP1L;EDIL3;NMU;ZNF185;TOX3;APBB2;SLIT2;ENPP4;COL17A1;NMNAT2;EPCAM;TSPAN8;ZNF165;GRIK2;ITGA2;RBP1;HDAC9;CXADR;TACSTD2;EXPH5;HAPLN1;GPSM2;SCG2;PTPRH;CALB1;COL13A1;CLDN3,"[1, 26, 142, 160, 260, 324, 382, 406, 468, 538, 662, 674, 730, 735, 740, 786, 981, 1020, 1046, 1081, 1091, 1093, 1163, 1471, 1605, 1607, 1739, 1751, 1867, 2005, 2016, 2033, 2190, 2244, 2262, 2289, 2347, 2435, 2441, 2670, 2817, 2855, 3113, 3160, 3198, 3208, 3284, 3319, 3357, 3392, 3478, 3603, 3605, 3606, 3626, 3681, 3779, 3813, 3830, 3978, 4163, 4176, 4318, 4384, 4419, 4423, 4442, 4454, 4704, 4846, 4949, 5218, 5245, 5250, 5254, 5546, 5855, 5973, 6003, 6084, 6173, 6195, 6219, 6260, 6271, 6354, 6601, 6637, 6803, 6845, 6902, 7014, 7319, 7390, 7643, 7914, 7977, 8024, 8063, 8153, 8535, 8775, 8928, 8965, 9000, 9014, 9183, 9210, 9293, 9425, 9686, 9768, 9839, 9848, 10041, 10065, 10072, 10392, 10458, 10550, 10593, 10601, 10603, 10872, 11033, 11051, 11052, 11301, 11446, 11450, 11460, 11563, 11799, 11805, 11900, 11940, 11954, 12117, 12264, 12267, 12284, 12477, 12497, 12537, 12548, 12554, 12577, 12824, 12899, 13003, 13114, 13367, 13451, 13751, 13858, 14056, 14137, 14428, 14538, 14597, 14802, 14835, 14854, 14882, 14974, 15222, 15635, 15663, 15818, 16037, 16130, 16158, 16268, 16355, 16544, 16916, 16968, 17066, 17081]",MSigDB_Oncogenic_Signatures__P53 DN.V1 UP
MSigDB_Oncogenic_Signatures,NOTCH DN.V1 DN,prerank,0.390832794210334,1.5484166009877056,0.004073319755600814,0.013584821686536649,0.244,38_155,38/155,15.24%,KLF15;RAB3IL1;SLPI;PSPN;FCGRT;SH3TC1;CLIC2;VNN2;TMEM92;ZC3H12A;CEL;C3AR1;FSTL3;LRP4;RASSF8;NID1;ITGA7;TBX3;TMEM132A;MMP25;KLF2;HLA-DRA;CCNK;PTCRA;DNAJC3;DRAM1;SHC2;HCRT;E2F2;CXCR7;ORAI2;LY6G6C;IL7R;DCLK2;ZNF74;SCNN1A;ABCA1;CHST1,KLF15;RAB3IL1;SLPI;PSPN;FCGRT;SH3TC1;CLIC2;VNN2;TMEM92;ZC3H12A;CEL;C3AR1;FSTL3;LRP4;RASSF8;NID1;ITGA7;TBX3;TMEM132A;MMP25;KLF2;HLA-DRA;CCNK;PTCRA;DNAJC3;DRAM1;SHC2;HCRT;E2F2;CXCR7;ORAI2;LY6G6C;IL7R;DCLK2;ZNF74;SCNN1A;ABCA1;CHST1;SLC45A2;FIGF;BAIAP2;HES1;UTF1;CAPN10;TMPRSS6;NOTCH3;SERPINE1;CCDC81;BBOX1;CA2;VPREB3;FCN1;CD209;KRT9;HS1BP3;RCBTB2;ID4;ALLC;PHKG1;FUT3;CPNE6;PKD2L1;SNED1;PLAT;ITGA9;ID1;AIPL1;SAMD4B;KCNA5;CYP4F2;IPO8;ARHGAP6;MRM1;OGDH;POF1B;TBC1D29;GPR65;LGALS4;RAMP2;DOC2A;ACADL;CIDEB;CA8;ZBTB16;ADCK4;IFI30;IL11;CRMP1;RPL39L;CHRND;MAPK13;GZMB;TFPI2;VN1R1;LPAR6;ATP8B3;SUSD4;BCAS1;EPB41L4A;TUBB2B;CLSTN3;MYO7B;CNGB3;DIO2;PPFIA4;KLHL12;WIF1;DLK1;FMNL2;CD27;MAGEC3;MYO1E;MAN1A1;SELE;CRHR2;ZSCAN5A;LHX6;PPARGC1A;LMTK2;PBOV1;TM4SF20;SPRY4;ARSD;ABCB9;NSUN6;GUCY1A3;DDX4;SLC28A3;GPR68;AMOTL2;CR2;LZTFL1;KCNA1;CD82;TRPV6;TNFSF10;PGLYRP1;CA4;MYCN;TRPC3;ZFP37;MYO1D;RHO;TNFRSF8;SLN;MYO1A;INSM1;CYP7B1;ZNF221;CRH;KCNE1;SP140;GABRG3;FAIM;FAT2,"[106, 159, 207, 254, 266, 268, 289, 387, 407, 480, 508, 582, 583, 661, 953, 998, 1142, 1154, 1286, 1399, 1446, 1505, 1542, 1559, 1630, 1745, 1762, 1821, 1883, 1941, 1952, 2025, 2230, 2371, 2402, 2441, 2620, 2669, 2892, 3119, 3246, 3383, 3461, 3488, 3549, 3857, 4011, 4040, 4071, 4119, 4643, 5015, 5076, 5150, 5244, 5275, 5301, 5342, 5493, 5506, 5798, 5854, 5877, 5897, 6033, 6042, 6054, 6069, 6341, 6414, 6442, 6468, 6634, 6725, 6754, 6760, 6823, 6870, 6924, 6961, 7064, 7101, 7152, 7188, 7264, 7881, 8041, 8192, 8325, 8390, 8706, 8826, 8832, 9046, 9144, 9225, 9235, 9361, 9465, 9546, 9643, 9670, 9814, 9847, 9941, 10057, 10133, 10158, 10502, 10630, 10896, 10970, 11169, 11222, 11260, 11357, 11608, 11622, 11958, 12036, 12094, 12130, 12142, 12189, 12350, 12642, 12693, 12773, 12923, 12935, 12962, 13067, 13115, 13246, 13757, 13874, 14027, 14112, 14163, 14429, 14603, 14803, 14884, 15094, 15144, 15261, 15438, 15679, 15681, 16441, 16624, 16688, 16900, 16950, 17517]",MSigDB_Oncogenic_Signatures__NOTCH DN.V1 DN
MSigDB_Oncogenic_Signatures,ESC J1 UP LATE.V1 DN,prerank,0.38055711790911034,1.545053867057383,0.002028397565922921,0.014287356019124826,0.26,51_177,51/177,19.05%,ETV4;TCF15;MRAS;PCOLCE;HOOK2;FGF17;NAPSA;BCL3;GLI1;DDX27;SMARCD3;GFPT2;SOCS3;NAA10;MRPL18;TSPAN17;LCK;NXF1;DDX3Y;SLC47A1;MYC;FOXN4;TCEA3;ANGPTL4;RASIP1;GLI2;LMNB2;ICAM1;DNASE2;SLC1A5;ZNF423;PTCH2;JAM2;RASGRP2;ERAS;UXT;CLTB;WDR83;PASK;CALML4;ATPAF2;KLF4;SOCS2;TGM1;MSRB2;GTPBP5;AMH;NOTUM;PCOLCE2;TRPS1;HCK,ETV4;TCF15;MRAS;PCOLCE;HOOK2;FGF17;NAPSA;BCL3;GLI1;DDX27;SMARCD3;GFPT2;SOCS3;NAA10;MRPL18;TSPAN17;LCK;NXF1;DDX3Y;SLC47A1;MYC;FOXN4;TCEA3;ANGPTL4;RASIP1;GLI2;LMNB2;ICAM1;DNASE2;SLC1A5;ZNF423;PTCH2;JAM2;RASGRP2;ERAS;UXT;CLTB;WDR83;PASK;CALML4;ATPAF2;KLF4;SOCS2;TGM1;MSRB2;GTPBP5;AMH;NOTUM;PCOLCE2;TRPS1;HCK;ZNF428;MAPK7;ARMC6;PLA2G1B;AOAH;DDX49;PHB;EVC;PDGFC;TFEB;DLC1;BHLHE40;CRCP;DAPP1;NGFR;SNTB2;SALL1;PIH1D1;ECH1;SLC4A3;EDN1;GPX2;MMP11;ACACB;DPYS;POLE;PPIL4;NEFH;RRP12;ZCCHC10;VEGFC;MED11;ATG2A;CD1D;DOC2A;CAMKK1;ITGB7;RIOK2;INTS6;POLA1;TLE4;ANKRD10;GYS1;TTPA;NR0B1;SYNCRIP;RRP8;TAF13;CORO1A;FGF18;E2F8;DBR1;CRMP1;PPP4R1;QSER1;SLC27A2;GEMIN2;RPP25;STK4;WWP2;ENDOG;PTRF;GSPT2;SULT4A1;TUBB2B;TDGF1;TRH;MCF2;PHLDA2;ZFP62;CCNB1IP1;SFN;POLR3K;RRP9;GNG3;FAM169A;TMEM121;TBCE;MORC1;VPS33B;HELB;BMS1;PDSS1;MVK;TUBB3;PARK2;GRASP;ETAA1;RPP40;NTN1;STAT4;TRMT1L;HARS2;PUS7;SPRY4;GAP43;RNPC3;INA;TRAIP;FAM129A;TTC27;DHODH;DDC;ADAM23;NPHS1;GPATCH4;TGM3;NSUN4;NNAT;MRPL19;DNAJC24;EXOSC1;EGR1;ERCC6L;DIMT1;XRCC5;PTGIS;MKI67IP;TET1;GBX2;WDR75;MDN1;PIK3R4;PPCS;CIRBP;PRMT6,"[69, 133, 185, 211, 274, 282, 338, 347, 369, 391, 545, 568, 619, 658, 850, 919, 1019, 1036, 1049, 1144, 1232, 1334, 1343, 1365, 1432, 1477, 1800, 1872, 1893, 1927, 1993, 2094, 2156, 2194, 2201, 2323, 2398, 2504, 2560, 2596, 2598, 2806, 2811, 2870, 2876, 3161, 3211, 3232, 3264, 3276, 3336, 3483, 3561, 3570, 3744, 3780, 3787, 3831, 4069, 4144, 4229, 4657, 4717, 4745, 4829, 4970, 4977, 5206, 5246, 5302, 5491, 5566, 5584, 5605, 5622, 5794, 5832, 6028, 6181, 6391, 6486, 6620, 6727, 6755, 6891, 6961, 6967, 7085, 7119, 7250, 7340, 7431, 7456, 7509, 7521, 7720, 7728, 7800, 7834, 8042, 8121, 8154, 8156, 8192, 8195, 8575, 8654, 8705, 8803, 8809, 8816, 8993, 9126, 9375, 9376, 9546, 9723, 9906, 9919, 9928, 9940, 9990, 9994, 10004, 10037, 10116, 10259, 10330, 10389, 10545, 10599, 10666, 10848, 10989, 11336, 11364, 11511, 11612, 11620, 11668, 11694, 11706, 11725, 11994, 12032, 12130, 12313, 12409, 12481, 12546, 12875, 12891, 13059, 13144, 13317, 13323, 13708, 14071, 14360, 14424, 14599, 15484, 15529, 15627, 15868, 15949, 16129, 16232, 16594, 16630, 16648, 16667, 16785, 16837, 16926, 17337, 17472]",MSigDB_Oncogenic_Signatures__ESC J1 UP LATE.V1 DN
MSigDB_Oncogenic_Signatures,RAPA EARLY UP.V1 DN,prerank,0.38066681104005146,1.5364570170163858,0.00202020202020202,0.014437985893756042,0.278,49_179,49/179,20.57%,HSPA1A;NHLH1;GRN;BCAT2;FRAT2;FLT3LG;PRELP;EIF4EBP1;NCF1;SCO2;F10;ITPKC;STK11;WFS1;NR2F1;ESRRA;PDZK1IP1;KCNQ1;FLOT1;CHKB;AXL;EPHB4;PLEKHO2;CRIP2;MUC3A;BRMS1;TSPAN4;MGST2;GPT;FXYD1;TAF4;SNTA1;EMR1;SELPLG;LHB;TRIM22;APBA3;GLUL;GALR3;GNRH2;PSMA7;MID1;ABTB2;HLA-E;GDPD5;PLIN3;MINK1;MFSD7;IFI27,HSPA1A;NHLH1;GRN;BCAT2;FRAT2;FLT3LG;PRELP;EIF4EBP1;NCF1;SCO2;F10;ITPKC;STK11;WFS1;NR2F1;ESRRA;PDZK1IP1;KCNQ1;FLOT1;CHKB;AXL;EPHB4;PLEKHO2;CRIP2;MUC3A;BRMS1;TSPAN4;MGST2;GPT;FXYD1;TAF4;SNTA1;EMR1;SELPLG;LHB;TRIM22;APBA3;GLUL;GALR3;GNRH2;PSMA7;MID1;ABTB2;HLA-E;GDPD5;PLIN3;MINK1;MFSD7;IFI27;SLC9A3R1;BBC3;IL11RA;ARHGAP4;CCDC85B;NAGPA;YIPF2;SF3A2;DUSP14;NFE2L1;TRPM2;GRIN1;OSBPL2;SEC16A;DPH1;LRIG1;MARK2;WDTC1;LMNA;HDAC6;RNF167;TH;CIB2;PLXND1;ENG;SOS1;ACHE;SMAP1;KDM4B;PSD;PPAP2B;LTB;GALNS;SOX10;PISD;TROAP;SMAD9;GNAT1;SNAPC4;MEP1A;SLC22A14;ATG2A;RBMS1;PHYHIP;PTGS1;CBX4;MTMR3;CIT;HAAO;LGALS3BP;PINK1;GRM2;ZNRF4;ZNF175;IGFBP3;ROR2;NCAPH;XRCC1;CAV3;CRMP1;SNTB1;DUSP2;OVOL1;PTCH1;INPP5J;NUMA1;PCSK2;PRH2;GBF1;KDM4A;MAP1A;CDH22;KISS1;FAM182B;GFRA2;GABRB1;GRM1;ZBTB6;COL9A1;COL9A2;KRT17;CNKSR2;WNK1;SERBP1;COL10A1;MSMO1;DDN;TNN;ACTR1B;YTHDF3;ACY1;MICU1;PAX2;NUP210;ZNF799;CRY2;COBLL1;PCBP4;PSMD13;PNPLA4;IL12RB1;FAM49A;THOC1;BCKDK;TFAP2A;GPR12;SF3B1;ADH6;DSG1;PRKCE;MET;MTMR2;MYCN;FARP2;MOG;RAB5B;CDH12;AOC3;CHMP3;FAM168A;CACNB4;CYP2A7;SYNGR4;COG5;ALDH1B1;FTO;NUPL2;ZNF3;TACR1;HLCS,"[2, 238, 330, 375, 388, 438, 442, 455, 461, 524, 770, 970, 977, 994, 1093, 1143, 1230, 1330, 1686, 1696, 1739, 1755, 1790, 1816, 1829, 1869, 2045, 2145, 2170, 2198, 2272, 2273, 2331, 2361, 2383, 2486, 3077, 3113, 3128, 3187, 3240, 3279, 3321, 3356, 3419, 3518, 3577, 3583, 3603, 3738, 3816, 3842, 3994, 4067, 4298, 4531, 4540, 4585, 4722, 4738, 4890, 4990, 5005, 5158, 5218, 5254, 5349, 5411, 5473, 5541, 5573, 5781, 5795, 5813, 5826, 5873, 5977, 5985, 6059, 6184, 6278, 6292, 6399, 6404, 6430, 6481, 6542, 6681, 6696, 6711, 6755, 6805, 6808, 6934, 7228, 7235, 7267, 7312, 7314, 7359, 7486, 7495, 7496, 7570, 7746, 7972, 8006, 8160, 8192, 8201, 8364, 8523, 9019, 9123, 9366, 9409, 9441, 9467, 9560, 9568, 9632, 9673, 9677, 9810, 9868, 10008, 10138, 10308, 10536, 10572, 10700, 10728, 10772, 10785, 10879, 10976, 11080, 11105, 11323, 11398, 11679, 11698, 11712, 11805, 12022, 12074, 12209, 12242, 12345, 12365, 12471, 12548, 12611, 12910, 13089, 13294, 13299, 13365, 13636, 13901, 14075, 14163, 14184, 14190, 14289, 14348, 14529, 15194, 15218, 15294, 15304, 15520, 15661, 16045, 16182, 16470, 16495, 16625, 17189]",MSigDB_Oncogenic_Signatures__RAPA EARLY UP.V1 DN
MSigDB_Oncogenic_Signatures,E2F1 UP.V1 DN,prerank,0.381570658756558,1.5405233191892735,0.0021551724137931034,0.01454970449193258,0.268,54_179,54/179,17.04%,BAG3;CSF1;SLPI;ZMYND8;CAPN2;SIX5;SERTAD1;DTX2;DOK1;ZC3H12A;BCL6;SASH1;PLIN2;IL18;A4GALT;EFNA4;FMO3;XBP1;PHLDA1;LBP;UNC93B1;C3;PDZK1IP1;MYC;SEMA4B;ANGPTL4;KLF2;MCL1;PDE4DIP;CXCL1;CRIP2;CCL2;TGFB3;CXCR7;AQP8;STOM;PTDSS2;B4GALT3;NOTCH2;NHSL1;NFKBIZ;CYP1B1;SNAI1;SERPINA3;CALML4;STAT6;IDH1;AVPI1;POU5F1;NFKB1;RAB9A;TRAF3IP2;TGM2;RGS2,BAG3;CSF1;SLPI;ZMYND8;CAPN2;SIX5;SERTAD1;DTX2;DOK1;ZC3H12A;BCL6;SASH1;PLIN2;IL18;A4GALT;EFNA4;FMO3;XBP1;PHLDA1;LBP;UNC93B1;C3;PDZK1IP1;MYC;SEMA4B;ANGPTL4;KLF2;MCL1;PDE4DIP;CXCL1;CRIP2;CCL2;TGFB3;CXCR7;AQP8;STOM;PTDSS2;B4GALT3;NOTCH2;NHSL1;NFKBIZ;CYP1B1;SNAI1;SERPINA3;CALML4;STAT6;IDH1;AVPI1;POU5F1;NFKB1;RAB9A;TRAF3IP2;TGM2;RGS2;TNXB;STAT3;RALGDS;APBB1IP;HLA-E;CD3E;PGD;SLC35E4;VCAN;CXCL5;TGFB1I1;APC2;TMEM45A;COL11A1;SGK1;STX4;CPT1A;MLX;IL1RL1;ENTPD6;NPR1;SLC6A8;ADAMTS1;IL1R1;LRIG1;FCHO1;GBP2;IL6ST;RAB11FIP5;TRIM41;FER;CYTIP;PLXND1;PLAT;RAP2B;ANXA1;USP19;GADD45A;ZFR2;KLF3;RUNX2;POLD4;IFT20;PTGS1;DAB2;EPS8;GHR;HES6;TRIB3;RTKN;MDK;SDPR;PKD1;MX1;SYNPO;RUNX1T1;ANXA4;PLA2G4A;NUMA1;RASA3;FAS;SAMD10;PPTC7;LIPE;SLC1A1;UBE2H;LAMA4;TCF4;ADARB1;ERBB3;WDFY2;LGALS2;WDR26;PDGFRA;GFRA1;PLK2;PSEN2;TANK;ABLIM1;F3;PPP3CA;PTGS2;ASL;TRAPPC4;ITPR2;CHRNA7;ST3GAL4;CCNG2;EBF1;VPS45;XPR1;NDRG4;ARL4D;HBG2;TUBG2;ZBTB20;IFIT2;EVI2A;CCND2;COL3A1;ACOX1;LCLAT1;APBB2;MLL5;SEC23A;TSHR;SNAPC3;LXN;ALDH3A1;GSTA4;AMPD3;ATP2A3;DCAF8;ALAS2;SLC11A2;SERAC1;HMGCS1;MDN1;LIMA1;ANKHD1;CD47;STAC;PAK3;CIRBP;ALDH1A1,"[24, 137, 207, 258, 285, 290, 304, 403, 477, 480, 489, 540, 632, 662, 713, 795, 1042, 1084, 1095, 1099, 1101, 1102, 1230, 1232, 1348, 1365, 1446, 1483, 1760, 1774, 1816, 1826, 1861, 1941, 2000, 2042, 2048, 2151, 2279, 2334, 2368, 2464, 2526, 2558, 2596, 2644, 2666, 2763, 2795, 2835, 2858, 2915, 2975, 2984, 3106, 3143, 3266, 3320, 3356, 3429, 3550, 3614, 3662, 3891, 4073, 4159, 4400, 4498, 4545, 4586, 4767, 4802, 4810, 4841, 5045, 5128, 5129, 5151, 5218, 5365, 5440, 5448, 5621, 5646, 5664, 5717, 5795, 5897, 6006, 6173, 6412, 6740, 6806, 6809, 6841, 6886, 6932, 6934, 7000, 7145, 7202, 7215, 7315, 7377, 7550, 7689, 7769, 8348, 8543, 9029, 9157, 9214, 9366, 9446, 9493, 9532, 9554, 9728, 9755, 9760, 9784, 9842, 9852, 9861, 9902, 10099, 10344, 10418, 10430, 10655, 10674, 10953, 10960, 11051, 11156, 11182, 11228, 11452, 11545, 11644, 11754, 11833, 12053, 12182, 12247, 12255, 12322, 12472, 12478, 12625, 12848, 12873, 12887, 12899, 13978, 13985, 14428, 14562, 14832, 14895, 14968, 15141, 15706, 15806, 16083, 16443, 16473, 16487, 16501, 16574, 16695, 16785, 16894, 16988, 17045, 17127, 17241, 17337, 17443]",MSigDB_Oncogenic_Signatures__E2F1 UP.V1 DN
MSigDB_Oncogenic_Signatures,KRAS.600.LUNG.BREAST UP.V1 UP,prerank,0.37299464689344186,1.537497856281667,0.0022222222222222222,0.014711367875176273,0.277,55_227,55/227,16.94%,G0S2;MMP9;SLCO4A1;GPR4;MIA;ETV4;HIC1;IL1R2;PPBP;PLAUR;LAT2;ANO2;FLT4;CD37;TMEM176B;STC1;DDIT3;OSGIN1;CLDN5;LY96;TBX3;LIF;PTTG2;ANGPTL4;GYPC;GFAP;RDH5;ADAM8;CCL20;SPIB;FOXL2;CXCL1;CSF3;RETN;KIF5A;BIRC3;ARG1;KCNJ14;LAMC3;LYL1;TNFAIP3;CXCL3;LHB;CD160;GNG11;FAM155B;TONSL;BMP6;CD247;SH2D2A;ST3GAL6;PPP1R15A;PLA2G3;IL8;KCNK7,G0S2;MMP9;SLCO4A1;GPR4;MIA;ETV4;HIC1;IL1R2;PPBP;PLAUR;LAT2;ANO2;FLT4;CD37;TMEM176B;STC1;DDIT3;OSGIN1;CLDN5;LY96;TBX3;LIF;PTTG2;ANGPTL4;GYPC;GFAP;RDH5;ADAM8;CCL20;SPIB;FOXL2;CXCL1;CSF3;RETN;KIF5A;BIRC3;ARG1;KCNJ14;LAMC3;LYL1;TNFAIP3;CXCL3;LHB;CD160;GNG11;FAM155B;TONSL;BMP6;CD247;SH2D2A;ST3GAL6;PPP1R15A;PLA2G3;IL8;KCNK7;NGF;CHST2;LAG3;ISG20;MGC4771;TFPI;SPHK1;SLC5A5;ZNF671;CCL22;ETS1;WNT7A;IL23A;SLC25A31;CXCL5;MMP15;AKT2;PRSS3;GLRX;RPS4Y1;LILRA6;DHRS9;PRRX1;NDOR1;BRSK2;ID2;MTMR8;IL1B;IL1RL1;SIGLEC15;L1TD1;GPR124;NACC1;TAPT1;CTNNA2;PDE2A;CXCL2;ITPKA;TRAF1;TNNT2;WDR25;SMPX;ESM1;CMKLR1;ARHGAP24;S100A5;KCNA5;SSTR5;SOX10;HSD3B2;ATP4A;SPRY2;TMEM156;KCNH2;AKAP12;GFI1;CCR10;MGLL;RBMXL2;SFRP5;FBP1;HPN;NMUR1;NPPB;ZNRF4;SOX17;PPP1R14D;IGFBP3;PDCD1LG2;A2M;FNDC8;HAO2;STX1A;TSPAN1;TMEM158;OGDHL;KCNC1;PLVAP;TAGLN3;SEMA3A;MKRN3;LPL;GPRC5D;GABRA3;IL24;NTRK1;FAM174B;RBP4;NCAM1;IFNA8;CLPS;POLM;PLXNB3;MB;NELL2;SYP;TTC22;SNAP91;MAPK10;PRDM1;ADAMTS6;CLEC4A;KIF5C;DENND5B;HSD11B1;KRT33B;BMP2;SAMD14;PIWIL1;TRIM46;PTGS2;SLCO5A1;CECR1;KCNC2;CELA2B;ZNF639;USH2A;MYOC;HBEGF;IMPG1;ST6GALNAC5;NRCAM;KCNK15;KCNAB3;ADAM19;SCG5;EVI2A;FAM120C;TERT;GRIN2A;SNAP25;NPHS1;CCR6;HAS2;PTPRR;ANO1;TOX3;MYF6;GRP;CHRNA2;WNT1;RNASE1;SLIT2;CACNG1;COL9A3;DYNC1I1;GULP1;DNAH9;ATG10;DCAF13;TIGD6;NR1H4;DCBLD2;NTM;ITGA2;HOXD1;HDAC9;NRL;FBXO4;LDB3;INHBA;PTGIS;KIF24;DOCK4;IL13RA2;RELN;CLSTN2;OSBP2;KIAA0754;CALB1;NAV3;TRIM45,"[1, 27, 46, 51, 53, 69, 124, 148, 294, 296, 325, 431, 525, 617, 626, 634, 729, 996, 1059, 1117, 1154, 1188, 1359, 1365, 1383, 1409, 1485, 1533, 1617, 1660, 1699, 1774, 1776, 1835, 1843, 1994, 2020, 2130, 2141, 2171, 2189, 2258, 2383, 2405, 2472, 2479, 2543, 2547, 2564, 2655, 2797, 2828, 2857, 2920, 2966, 3051, 3162, 3277, 3309, 3375, 3378, 3596, 3728, 3777, 3794, 3821, 3834, 3864, 3871, 3891, 3949, 3956, 4176, 4181, 4185, 4233, 4302, 4314, 4376, 4380, 4494, 4606, 4629, 4810, 4828, 4866, 5014, 5026, 5339, 5369, 5434, 5578, 5585, 5590, 5671, 5680, 5912, 6036, 6226, 6305, 6325, 6341, 6368, 6399, 6446, 6560, 6637, 6829, 6843, 6959, 7032, 7090, 7099, 7128, 7249, 7260, 7279, 7419, 7489, 7495, 7508, 7543, 7570, 7607, 7770, 7854, 7984, 8112, 8183, 8243, 8254, 8302, 8393, 8444, 8858, 8877, 8940, 8967, 8974, 9230, 9253, 9261, 9547, 9574, 9616, 9625, 9808, 9915, 9920, 10078, 10081, 10150, 10186, 10309, 10431, 10559, 10598, 10618, 10631, 10667, 10788, 10854, 10909, 10920, 11117, 11182, 11183, 11321, 11508, 11775, 11832, 11885, 11890, 12285, 12299, 12308, 12401, 12692, 12708, 12717, 12854, 12873, 12970, 13041, 13106, 13308, 13323, 13588, 13898, 13925, 14132, 14137, 14140, 14218, 14234, 14329, 14461, 14538, 14607, 14609, 14785, 14807, 14870, 14943, 15009, 15069, 15445, 15459, 15469, 15635, 15726, 15818, 15933, 15994, 16152, 16208, 16232, 16258, 16312, 16321, 16364, 16484, 16629, 16931, 16968, 17240, 17345]",MSigDB_Oncogenic_Signatures__KRAS.600.LUNG.BREAST UP.V1 UP
MSigDB_Oncogenic_Signatures,KRAS.LUNG.BREAST UP.V1 UP,prerank,0.41198619252002283,1.5322626662344359,0.0021691973969631237,0.01488650320702361,0.292,28_111,28/111,15.16%,G0S2;MMP9;SLCO4A1;GPR4;IL1R2;PPBP;LAT2;CD37;STC1;OSGIN1;TBX3;LIF;ANGPTL4;GYPC;ADAM8;CCL20;CXCL1;CSF3;RETN;KIF5A;BIRC3;KCNJ14;TNFAIP3;CXCL3;FAM155B;BMP6;CD247;SH2D2A,G0S2;MMP9;SLCO4A1;GPR4;IL1R2;PPBP;LAT2;CD37;STC1;OSGIN1;TBX3;LIF;ANGPTL4;GYPC;ADAM8;CCL20;CXCL1;CSF3;RETN;KIF5A;BIRC3;KCNJ14;TNFAIP3;CXCL3;FAM155B;BMP6;CD247;SH2D2A;ST3GAL6;IL8;ISG20;ETS1;IL23A;SLC25A31;CXCL5;AKT2;PRSS3;GLRX;RPS4Y1;LILRA6;DHRS9;NDOR1;ID2;IL1RL1;CTNNA2;PDE2A;CXCL2;ITPKA;TRAF1;SMPX;ESM1;CMKLR1;SPRY2;GFI1;MGLL;RBMXL2;HPN;NPPB;IGFBP3;PDCD1LG2;A2M;FNDC8;TSPAN1;KCNC1;TAGLN3;MKRN3;GABRA3;FAM174B;RBP4;IFNA8;CLPS;POLM;NELL2;TTC22;SNAP91;PRDM1;ADAMTS6;KIF5C;HSD11B1;PTGS2;SLCO5A1;KCNC2;ZNF639;HBEGF;KCNK15;ADAM19;SCG5;TERT;SNAP25;CCR6;HAS2;PTPRR;GRP;CHRNA2;RNASE1;GULP1;DNAH9;ATG10;NR1H4;NTM;ITGA2;NRL;LDB3;INHBA;DOCK4;IL13RA2;RELN;CLSTN2;OSBP2;CALB1;NAV3,"[1, 27, 46, 51, 148, 294, 325, 617, 634, 996, 1154, 1188, 1365, 1383, 1533, 1617, 1774, 1776, 1835, 1843, 1994, 2130, 2189, 2258, 2479, 2547, 2564, 2655, 2797, 2920, 3309, 3821, 3864, 3871, 3891, 3956, 4176, 4181, 4185, 4233, 4302, 4376, 4494, 4810, 5369, 5434, 5578, 5585, 5590, 5912, 6036, 6226, 6637, 7032, 7099, 7128, 7279, 7489, 7570, 7607, 7770, 7854, 8183, 8302, 8444, 8877, 8974, 9261, 9547, 9616, 9625, 9808, 10078, 10150, 10186, 10431, 10559, 10618, 10667, 11182, 11183, 11508, 11832, 12285, 12692, 12717, 12854, 13041, 13308, 13588, 13898, 13925, 14218, 14234, 14461, 14807, 14870, 14943, 15445, 15469, 15635, 15933, 16152, 16208, 16312, 16321, 16364, 16484, 16629, 16968, 17240]",MSigDB_Oncogenic_Signatures__KRAS.LUNG.BREAST UP.V1 UP
MSigDB_Oncogenic_Signatures,SRC UP.V1 UP,prerank,0.391243071191745,1.5272801062254224,0.002070393374741201,0.01572145071931905,0.311,41_133,41/133,17.92%,NPC1L1;FES;VPS37D;SMO;DTX2;PIK3R5;CLDN9;RPRM;NAALADL1;CEACAM19;LYVE1;IRF8;LAMP3;BCL2;SCARF2;FOXO4;TMUB1;BAHD1;SH3BGR;TAF3;MLXIPL;PPP1R3B;MRPS34;STAC3;FBXO44;LAMC3;BMF;SRC;TMEM11;PRADC1;TONSL;COL4A4;NEU1;ASPSCR1;CRTAC1;FOS;TMEM106C;CDRT15;ABTB1;LGI4;TCEAL3,NPC1L1;FES;VPS37D;SMO;DTX2;PIK3R5;CLDN9;RPRM;NAALADL1;CEACAM19;LYVE1;IRF8;LAMP3;BCL2;SCARF2;FOXO4;TMUB1;BAHD1;SH3BGR;TAF3;MLXIPL;PPP1R3B;MRPS34;STAC3;FBXO44;LAMC3;BMF;SRC;TMEM11;PRADC1;TONSL;COL4A4;NEU1;ASPSCR1;CRTAC1;FOS;TMEM106C;CDRT15;ABTB1;LGI4;TCEAL3;SOCS1;CHCHD10;CAPS;MATK;POU3F2;QPCTL;RARRES3;APC2;GRWD1;MMP16;CCDC23;SLC25A22;GPR55;WTIP;MAPK8IP2;RFXANK;YIF1B;STAB2;PDZD7;SYN1;AIM2;FMN2;SLC22A6;PIN1;IGFALS;MAMDC4;OPRL1;TFR2;ETV7;ACAP1;KCNH3;NKX6-3;HDLBP;GALK1;FNDC4;MED10;FNDC8;PI16;SMTNL1;DCLRE1A;ATOX1;AAAS;SLC26A1;COX4I2;SEC11C;NAT8L;ICAM5;DLL3;CD70;RAB3A;SULT4A1;FBLN2;CPLX2;HPX;FAM182B;SRMS;HMX1;SLC4A9;PACSIN3;VN1R2;LYZL4;PRR3;APBA1;SLC25A23;ESR2;ACY3;CLIP3;VWA3B;TTC21A;DYRK4;TMEM88;CCDC65;ATP6V1E1;ANGPTL6;AGPAT3;TOX3;UBIAD1;TMEFF2;RNASE1;MORN3;GINS2;ATP8A2;CCDC19;OR1F1;PFKFB1;LPO;PCP4;SLC35F4;LEKR1;DNAJC22;TECTA;TMSB4Y,"[30, 329, 352, 393, 403, 466, 743, 948, 956, 961, 1023, 1129, 1163, 1238, 1288, 1318, 1380, 1484, 1552, 1561, 1621, 1636, 1702, 1891, 1997, 2141, 2180, 2278, 2391, 2483, 2543, 2709, 2715, 2791, 2809, 2889, 2950, 2970, 2991, 3105, 3139, 3430, 3530, 3661, 3832, 3852, 3885, 4103, 4159, 4539, 4548, 4562, 4622, 4889, 4908, 4918, 5078, 5148, 5178, 5851, 5960, 5965, 6027, 6062, 6165, 6172, 6302, 6582, 6636, 6714, 7079, 7241, 7379, 7395, 7555, 7706, 7829, 7854, 7894, 7942, 8105, 8143, 8169, 8255, 8271, 8548, 8743, 8990, 9053, 9283, 9354, 9376, 9425, 9454, 9617, 9677, 10272, 10471, 10730, 10881, 10895, 10910, 11076, 11179, 11236, 11385, 11663, 11799, 11877, 12359, 12407, 12818, 12865, 13063, 13336, 13538, 14137, 14193, 14325, 14461, 14575, 14645, 14653, 15062, 15411, 16062, 16199, 16559, 16598, 17019, 17101, 17371, 17392]",MSigDB_Oncogenic_Signatures__SRC UP.V1 UP
MSigDB_Oncogenic_Signatures,P53 DN.V2 UP,prerank,0.39323037274071243,1.5252116535501634,0.004366812227074236,0.015762179866260294,0.317,33_124,33/124,12.91%,FZD9;NFKBIA;MPZ;CXCL6;MT1G;RFX2;INPP5D;P2RY11;LRRC32;CA3;CLCF1;SLA;RIPK4;TFAP4;OSGIN1;CHRNA10;IKZF1;HIST1H1T;FGF22;ANGPTL4;CLEC1A;GUCY2D;CCL20;DPF1;FOXL2;CXCL1;BAX;PIDD;BPI;FOSL2;TNFAIP3;ALOX5AP;IL1RN,FZD9;NFKBIA;MPZ;CXCL6;MT1G;RFX2;INPP5D;P2RY11;LRRC32;CA3;CLCF1;SLA;RIPK4;TFAP4;OSGIN1;CHRNA10;IKZF1;HIST1H1T;FGF22;ANGPTL4;CLEC1A;GUCY2D;CCL20;DPF1;FOXL2;CXCL1;BAX;PIDD;BPI;FOSL2;TNFAIP3;ALOX5AP;IL1RN;SLC15A2;INSL3;IL8;SDC4;WNT3;RNF39;EML3;IER3;SLC16A4;PRDM11;CXCL5;RND2;CDH4;HTR1E;CHST8;NCKAP1L;NTSR1;FPR3;OSGIN2;CD68;CXCL2;RGR;DPYS;APOL3;PKD2L1;SYN1;ITM2A;BFSP2;P2RY6;CD83;RHD;RFPL2;PTK2B;POU6F1;XAF1;CYP2D6;MMP17;RELB;GALK1;NTRK3;PRRG3;ADAM12;GPA33;TP53;HS3ST2;CTLA4;CCL4;H6PD;CH25H;PCDH1;KCNK3;CD5L;NFIX;PYY;SARDH;ANGPTL3;ME3;TNNI3K;TUBB1;CACNG2;AVPR2;EVI2A;KRT31;PTX3;CYP2C8;GP5;BARX2;PRKCE;POU2AF1;CD69;IL1RAPL1;PDC;MOG;GYPB;SLC4A10;KCNMB1;PCDHA6;C4BPA;ETV5;PRTN3;CXCL12;DLX6;RQCD1;ATP12A;TNR;TDRKH;PPEF1;RORC;CYP17A1;NF1;MMP3,"[83, 132, 186, 232, 302, 436, 448, 513, 671, 727, 750, 778, 866, 951, 996, 1018, 1092, 1112, 1206, 1365, 1433, 1557, 1617, 1679, 1699, 1774, 1799, 1885, 1898, 2063, 2189, 2249, 2260, 2495, 2805, 2920, 3208, 3325, 3359, 3448, 3480, 3576, 3802, 3891, 4135, 4663, 4721, 4752, 4799, 4971, 5242, 5287, 5305, 5578, 5614, 5794, 5809, 5854, 5960, 6024, 6088, 6180, 6724, 6822, 6835, 6883, 7077, 7203, 7348, 7364, 7492, 7555, 7586, 7766, 8461, 8602, 8693, 8733, 8921, 9267, 9299, 9360, 9802, 10181, 10464, 10671, 10882, 11013, 11085, 11301, 11717, 11787, 12261, 12620, 12873, 12889, 13208, 13463, 13533, 13536, 13636, 13732, 13891, 13972, 14035, 14190, 14372, 14380, 14747, 14784, 14849, 14899, 15129, 15207, 15982, 16164, 16245, 16585, 16631, 16865, 16946, 17326, 17391, 17427]",MSigDB_Oncogenic_Signatures__P53 DN.V2 UP
MSigDB_Oncogenic_Signatures,BCAT GDS748 DN,prerank,0.4742802397477093,1.5144106086977298,0.019522776572668113,0.01700758667050802,0.343,8_42,8/42,5.48%,DDIT4;ISYNA1;CELSR1;GAS1;HLX;CHMP4A;FAM46A;HMG20B,DDIT4;ISYNA1;CELSR1;GAS1;HLX;CHMP4A;FAM46A;HMG20B;RDH5;COL2A1;CNPY3;CDK5RAP3;ZNF32;TCF25;MZT2A;UROS;ZNF318;RALY;PMFBP1;PDHA1;BMPR1A;SNAI2;ZNF273;BASP1;ARL6IP1;SKP2;KLHL9;MYBL1;TTR;EXOC2;PABPC3;LAP3;ACAD8;HSDL2;ZBED5;ADAMTS20;MLH1;RPS6KA5;PBLD;SLC27A6;VPS13B;SLC35E3,"[11, 18, 78, 310, 337, 435, 878, 959, 1485, 2752, 2772, 3294, 3388, 3909, 4336, 5140, 5161, 5946, 6376, 6459, 6579, 7384, 9789, 9875, 10036, 11550, 12188, 12207, 12341, 12534, 12580, 12912, 13116, 13334, 13702, 14565, 16252, 16291, 16668, 16839, 17110, 17286]",MSigDB_Oncogenic_Signatures__BCAT GDS748 DN
MSigDB_Oncogenic_Signatures,KRAS.BREAST UP.V1 UP,prerank,0.4006335402813474,1.5105020807759912,0.004291845493562232,0.01736124159182293,0.353,25_109,25/109,14.55%,MMP9;IL17RB;IL1R2;IL2RG;PPBP;ANO2;TMEM176A;STC1;NFE2;TLR8;IGF2;NDUFA4L2;OSGIN1;LIF;ETV2;KIF5A;BIRC3;DNAJA4;KCNJ14;LYL1;TNFAIP3;CXCL3;CASS4;FAM155B;BMP6,MMP9;IL17RB;IL1R2;IL2RG;PPBP;ANO2;TMEM176A;STC1;NFE2;TLR8;IGF2;NDUFA4L2;OSGIN1;LIF;ETV2;KIF5A;BIRC3;DNAJA4;KCNJ14;LYL1;TNFAIP3;CXCL3;CASS4;FAM155B;BMP6;PPP1R15A;TFPI;CCL22;GLRX;LILRA6;DHRS9;PRRX1;IL1B;MAPK4;IL1RL1;BAIAP3;TAPT1;CTNNA2;PDE2A;CXCL2;TRAF1;WNT16;SMPX;ESM1;CMKLR1;S100A5;FMO2;EFNA5;SPRY2;NPAS1;PCDHGA11;AKAP12;GFI1;MGLL;GPR37L1;HDLBP;NPPB;SOX17;IGFBP3;A2M;STX1A;TAGLN3;GSG1;MKRN3;GABRA3;SCEL;KCNA2;CLPS;SYP;KCNJ16;KCNK3;ACPP;COL9A1;PRDM1;HSD11B1;KRT33B;SAMD14;CCRL1;CEACAM1;CYB5R2;KCNC2;USH2A;KLK6;KCNK15;KCNAB3;PSCA;OCA2;SCG5;TERT;SNAP25;SPON2;PDE3B;TMPRSS4;HAS2;IL1RAPL1;MYCN;COL9A3;GULP1;OR2C1;NR1H4;WDR96;NRL;ATP12A;KIF24;IL13RA2;GPR144;CLSTN2;KIAA0754;CALB1,"[27, 34, 148, 180, 294, 431, 541, 634, 688, 783, 826, 928, 996, 1188, 1539, 1843, 1994, 2067, 2130, 2171, 2189, 2258, 2294, 2479, 2547, 2828, 3378, 3794, 4181, 4233, 4302, 4314, 4629, 4801, 4810, 4815, 5339, 5369, 5434, 5578, 5590, 5824, 5912, 6036, 6226, 6325, 6406, 6617, 6637, 6863, 6894, 6959, 7032, 7099, 7107, 7395, 7489, 7508, 7570, 7770, 8112, 8444, 8446, 8877, 8974, 9350, 9477, 9625, 10081, 10156, 10181, 10248, 10308, 10431, 10667, 10788, 10909, 10948, 11025, 11241, 11508, 11885, 12536, 12692, 12708, 12758, 12803, 12854, 13041, 13308, 13655, 13856, 13875, 13898, 13972, 14163, 14609, 14807, 15278, 15445, 15792, 15933, 16245, 16258, 16321, 16342, 16484, 16931, 16968]",MSigDB_Oncogenic_Signatures__KRAS.BREAST UP.V1 UP
MSigDB_Oncogenic_Signatures,TBK1.DF DN,prerank,-0.3663475592928902,-1.5423175113961172,0.0,0.01925357423618606,0.294,89_274,89/274,22.41%,MSH2;DCAF16;CCDC41;MTR;NF1;ZKSCAN1;RLF;POLR3B;NAA35;MTPAP;SEC63;RPAP3;PPCS;RSRC1;VRK1;MFSD6;IMPACT;HMGCS1;MPDZ;SLC25A13;GOLT1B;PANK3;NSMAF;BPTF;BRWD1;CDC27;ATG2B;AKAP9;EXPH5;CUL5;SIKE1;LIAS;LRIG2;GALNT11;UFL1;CXADR;DDX60;KIF3A;WHSC1L1;MST4;DNAJC16;ITCH;SLC35A5;CHMP2B;RIF1;ALDH3A1;ITGA2;AGFG1;SCAF11;DCK;APPL1;ZNF557;GTF2A1;GALNT7;CLOCK;CCNE2;ARMC1;AP1AR;SPIN1;COL17A1;SLK;DICER1;DNAJB14;NRIP1;EXOC5;RCBTB1;TRIM23;PPIG;TSPAN5;COL4A5;OSBPL3;KCTD3;AMMECR1;UGGT1;BDH1;MINA;ARFGEF2;BPHL;SMARCA2;NAA15;GALNT3;ERAP1;PRKRA;GTPBP8;MIS18BP1;CCND1;MPHOSPH9;LUC7L3;UBXN4,RCC1;GAS1;ZNF395;PCBD1;HMBOX1;PAFAH1B3;RXRA;LEPREL1;BCL2L1;KIF14;COASY;NDUFA13;ANGPTL4;TCOF1;GJA1;HIST1H1C;DNAJC3;STOM;CASP6;IL1RN;CRK;SCARB1;CDCA4;MTA1;FOS;TMOD3;CBFB;GNPDA1;GNAI3;TEAD1;YES1;KLF5;PMAIP1;SLC26A2;TLN1;PRKD3;UBL4A;PSMB8;IRF2;SNX15;MAOA;DKK1;IL1RL1;SNTB2;LETM1;SLC6A8;CLEC16A;BNIP2;PNISR;PLEKHA2;LMO4;TERF2;PMEPA1;SMAD5;HIPK3;KTN1;RBM4;HIPK2;BACH1;ZCCHC10;SPRY2;ETNK1;ANKRD11;PTGES;HRSP12;ADCY6;MED13L;HIST1H1E;CLN5;SLC22A5;ODF2;CBX5;GOLGA2;PDGFA;LSM14A;PKP4;SDPR;DCP2;YTHDF2;TBC1D10B;TNRC6B;GEMIN4;CDR2;HIST1H4C;BLMH;USP22;IFIT1;TAF15;PSMB9;RPS6KB1;ZNF654;SLC39A8;RALA;FLRT3;ITGB6;MBP;CD2AP;MRPS33;LIMS1;NEK7;PROSC;UBE2W;THBS1;RAI14;KDM4A;NIP7;NCOA3;FNBP1L;COL4A1;KIAA0247;BMPR2;GNE;ZZZ3;TTBK2;DSN1;DENND1B;KIAA1598;HOOK1;LMNB1;SERPINE2;COL5A2;NME6;ELL2;SRPR;CDK6;TTPAL;RRN3;CBX6;COPS4;GOLGA4;SMURF2;NUPL1;ACAP2;RNF5;HNRNPA0;RSF1;KPNA6;HIST1H1D;KLF7;THOC2;NEK1;ALDH9A1;PLEKHA1;ZWINT;INSIG2;CCNG2;PCYOX1;USP46;RMND1;IGF2BP3;IDE;PRRC2B;SEPHS2;RBBP5;ROCK2;KLF13;CAMK2N1;TFAM;MTAP;TTI1;SMG1;NFYB;MYO6;TBK1;ATP6V1C1;RFX7;SEMA3C;ATP2B1;AFF4;C1D;OSBPL1A;ZNHIT6;SMC5;KIAA1467;ERLIN2;FAM115A;CCND2;PDHX;EHF;ANKFY1;ATP6AP2;ESF1;RFWD3;NLK;ADAM10;UBXN4;LUC7L3;MPHOSPH9;CCND1;MIS18BP1;GTPBP8;PRKRA;ERAP1;GALNT3;NAA15;SMARCA2;BPHL;ARFGEF2;MINA;BDH1;UGGT1;AMMECR1;KCTD3;OSBPL3;COL4A5;TSPAN5;PPIG;TRIM23;RCBTB1;EXOC5;NRIP1;DNAJB14;DICER1;SLK;COL17A1;SPIN1;AP1AR;ARMC1;CCNE2;CLOCK;GALNT7;GTF2A1;ZNF557;APPL1;DCK;SCAF11;AGFG1;ITGA2;ALDH3A1;RIF1;CHMP2B;SLC35A5;ITCH;DNAJC16;MST4;WHSC1L1;KIF3A;DDX60;CXADR;UFL1;GALNT11;LRIG2;LIAS;SIKE1;CUL5;EXPH5;AKAP9;ATG2B;CDC27;BRWD1;BPTF;NSMAF;PANK3;GOLT1B;SLC25A13;MPDZ;HMGCS1;IMPACT;MFSD6;VRK1;RSRC1;PPCS;RPAP3;SEC63;MTPAP;NAA35;POLR3B;RLF;ZKSCAN1;NF1;MTR;CCDC41;DCAF16;MSH2,"[13, 310, 348, 397, 402, 587, 710, 733, 1087, 1170, 1351, 1357, 1365, 1541, 1579, 1601, 1630, 2042, 2212, 2260, 2270, 2430, 2627, 2852, 2889, 2941, 3010, 3073, 3127, 3355, 3392, 3478, 3544, 3546, 3565, 3671, 3886, 3936, 4161, 4333, 4513, 4704, 4810, 4977, 5077, 5128, 5143, 5309, 5451, 5639, 5799, 5904, 6198, 6234, 6237, 6357, 6387, 6403, 6464, 6486, 6637, 6698, 6708, 6773, 6838, 6958, 7053, 7089, 7347, 7374, 7497, 7506, 7578, 7604, 7611, 7680, 7689, 7723, 7759, 7764, 7790, 7808, 7841, 8036, 8068, 8090, 8187, 8276, 8284, 8326, 8389, 8529, 8587, 8686, 8865, 9036, 9057, 9130, 9177, 9181, 9200, 9294, 9307, 9402, 9560, 9806, 9917, 9957, 9975, 9980, 10005, 10191, 10253, 10276, 10329, 10349, 10386, 10438, 10489, 10534, 10693, 10916, 10930, 11059, 11099, 11113, 11129, 11139, 11157, 11158, 11219, 11271, 11307, 11387, 11409, 11448, 11451, 11602, 11636, 11660, 11665, 11792, 11794, 11796, 11808, 11833, 11973, 12012, 12018, 12031, 12047, 12128, 12151, 12162, 12203, 12216, 12223, 12226, 12284, 12297, 12317, 12358, 12363, 12506, 12523, 12529, 12543, 12581, 12594, 12608, 12739, 12763, 12798, 12815, 12840, 12874, 12887, 13020, 13183, 13225, 13252, 13337, 13348, 13369, 13386, 13593, 13644, 13667, 13673, 13677, 13696, 13697, 13745, 13789, 13799, 13818, 13842, 13844, 13877, 13915, 13932, 13954, 14013, 14045, 14154, 14191, 14267, 14366, 14367, 14430, 14451, 14585, 14768, 14790, 14802, 14963, 15060, 15070, 15109, 15146, 15245, 15277, 15315, 15377, 15388, 15513, 15517, 15635, 15706, 15786, 15822, 15824, 15849, 15887, 15891, 15898, 15974, 16028, 16037, 16039, 16046, 16048, 16049, 16133, 16145, 16158, 16195, 16230, 16259, 16263, 16356, 16460, 16463, 16517, 16678, 16682, 16695, 16805, 16818, 16846, 16917, 16926, 16966, 16970, 17071, 17141, 17242, 17317, 17355, 17391, 17470, 17481, 17493, 17502]",MSigDB_Oncogenic_Signatures__TBK1.DF DN
MSigDB_Oncogenic_Signatures,KRAS.KIDNEY UP.V1 UP,prerank,-0.4234141849508343,-1.6374314951286337,0.001841620626151013,0.020725906383659114,0.113,64_133,64/133,29.93%,CRTAM;ALDH1A1;ANK3;EPB41L3;COPG2;CALB1;DNM3;GRM5;ARPP21;PEG3;TRIM9;PCP4;RCAN2;RELN;SLC6A1;TRIM2;GAD1;SORL1;ZNF536;RNLS;ETV1;DUSP6;SLC6A15;KIT;NRN1;ANK2;GRIK2;SFRP1;PLCB1;NMNAT2;DYNC1I1;DDX6;MAP7;SCN2A;PCDH9;MAGEH1;CHGB;GPR37;SV2B;PMP2;ADCY1;GRIA2;NME5;TUBB4A;GABRA1;OCLM;CRYM;SNAP25;LIMCH1;CCND2;SCG3;SCG5;MEF2C;XK;ASPA;PLP1;NRXN1;HPCAL4;SYT1;ERC2;NRCAM;RAPGEF4;GAP43;ESRRG,TMEM100;GABRR2;CAB39L;MPZL2;METTL7A;CP;CRYAB;ST3GAL6;KCNJ8;WSCD1;NEBL;PLSCR4;EMP1;AQP4;GCGR;SLC1A3;GPNMB;CHGA;ATP1A2;CA2;SLC12A3;SORBS1;SIGLEC15;CPE;GPR19;CDR1;KCNA5;MAFB;SOBP;GATM;GLDC;GPRC5B;SCN1B;TRIB2;TMOD1;RIT2;PELI2;A2M;SPARCL1;TSPAN7;LMO3;HEY1;NOL4;NDN;FAM153B;SEPP1;VIPR2;CPEB3;TCEAL2;GABRB1;WIF1;SNAP91;CDK5R1;KIF5C;AK5;ITGBL1;PNMA2;SERPINI1;GABRA5;NUDT11;PLCL1;GPM6A;RTN1;SLC12A5;SATB1;DLGAP2;NAP1L2;FZD3;FGF9;ESRRG;GAP43;RAPGEF4;NRCAM;ERC2;SYT1;HPCAL4;NRXN1;PLP1;ASPA;XK;MEF2C;SCG5;SCG3;CCND2;LIMCH1;SNAP25;CRYM;OCLM;GABRA1;TUBB4A;NME5;GRIA2;ADCY1;PMP2;SV2B;GPR37;CHGB;MAGEH1;PCDH9;SCN2A;MAP7;DDX6;DYNC1I1;NMNAT2;PLCB1;SFRP1;GRIK2;ANK2;NRN1;KIT;SLC6A15;DUSP6;ETV1;RNLS;ZNF536;SORL1;GAD1;TRIM2;SLC6A1;RELN;RCAN2;PCP4;TRIM9;PEG3;ARPP21;GRM5;DNM3;CALB1;COPG2;EPB41L3;ANK3;ALDH1A1;CRTAM,"[563, 570, 903, 937, 1503, 1606, 2111, 2797, 2848, 3099, 3357, 3423, 3435, 3526, 3575, 3630, 3711, 3971, 4012, 4119, 4461, 4612, 4828, 4846, 5702, 5786, 6341, 6394, 6840, 6905, 6950, 7106, 7178, 7287, 7300, 7394, 7438, 7770, 7967, 8501, 8766, 8866, 8950, 9598, 9615, 9682, 9694, 9700, 9807, 9868, 10133, 10186, 10324, 10618, 10632, 10842, 10860, 10961, 10979, 11019, 11045, 11109, 11186, 11225, 11290, 11403, 11682, 12043, 12107, 12275, 12313, 12388, 12401, 12412, 12427, 12457, 12564, 12583, 12652, 12678, 12683, 12854, 12882, 12887, 13234, 13308, 13417, 13435, 13541, 13545, 13629, 13642, 13767, 13780, 13793, 13846, 14158, 14196, 14317, 14513, 14559, 14776, 14785, 14835, 14865, 15127, 15222, 15234, 15296, 15737, 15808, 15916, 15928, 15932, 15970, 15971, 16002, 16234, 16284, 16364, 16461, 16559, 16617, 16633, 16686, 16741, 16878, 16968, 17131, 17221, 17425, 17443, 17471]",MSigDB_Oncogenic_Signatures__KRAS.KIDNEY UP.V1 UP
MSigDB_Oncogenic_Signatures,JAK2 DN.V1 DN,prerank,-0.41267957656057785,-1.5690900348522843,0.003656307129798903,0.02233980892992765,0.23,33_118,33/118,19.43%,ZNF280D;RUFY2;ALS2CR8;VEZT;REPS1;ZNF529;PAPD4;EPM2AIP1;KIAA0754;DMTF1;PHC3;SLC4A5;CDRT4;MPDZ;SLC25A16;GRM3;OXNAD1;TAF9B;MGAT5;CEP41;PEX3;ZNF221;NOTCH2NL;SOCS7;DCAF13;MLL;SNRPN;GRIK1;PGAP1;CAPRIN2;FAN1;TRIM36;TMEM212,FLCN;GABRE;NOL12;CEP152;ADAMTSL4;SPIB;EEF1G;SRA1;SLC15A2;TRIM52;DBH;SCAF4;MTRF1L;NAALAD2;MTMR11;SEC31B;ZBTB44;FBXW12;ZNF550;SIGLEC15;DAPP1;MYO15B;NEUROD2;NSMCE2;SLC27A3;IKZF2;61E3.4;PNISR;TNRC18;LRRC37A;OXTR;ALDH8A1;ATP8B1;ZNF551;TDRD12;DOCK5;HIBADH;TLE4;AGXT2L1;SLC35E1;DBF4B;ERO1LB;LRRC37A2;MAGIX;PCDHB13;EXOC4;DLL3;AMT;DSCAM;EREG;TMEM163;KIRREL;FKBP11;MRPL20;ZBTB6;CSAD;KIF13A;ITGBL1;KIAA1731;ECM2;SGCE;ZNF44;CMC1;ATM;GPR1;ZNF721;GABBR1;CDH3;CEP97;MYBL1;DGKE;NSUN6;RFX3;VPS53;ZNF160;LONRF1;MBTD1;CTTNBP2NL;SCG5;DYM;FBXO22;DIP2A;GOLGA8A;CCNL1;GOLGA8B;TMEM212;TRIM36;FAN1;CAPRIN2;PGAP1;GRIK1;SNRPN;MLL;DCAF13;SOCS7;NOTCH2NL;ZNF221;PEX3;CEP41;MGAT5;TAF9B;OXNAD1;GRM3;SLC25A16;MPDZ;CDRT4;SLC4A5;PHC3;DMTF1;KIAA0754;EPM2AIP1;PAPD4;ZNF529;REPS1;VEZT;ALS2CR8;RUFY2;ZNF280D,"[566, 646, 1241, 1530, 1600, 1660, 1845, 2314, 2495, 2864, 2906, 2910, 3177, 3731, 3876, 4152, 4364, 4437, 4780, 4828, 4829, 4883, 4916, 5030, 5203, 5229, 5364, 5451, 5539, 5694, 6281, 6392, 6583, 6942, 7166, 7321, 7325, 7431, 7624, 7765, 7892, 8075, 8350, 8773, 8935, 8951, 9053, 9202, 9437, 9491, 9584, 9856, 9893, 10048, 10138, 10698, 10737, 10842, 10907, 10963, 10978, 11052, 11100, 11270, 11392, 11567, 11903, 12052, 12093, 12207, 12283, 12350, 12470, 12509, 12554, 12607, 12633, 12786, 12854, 12908, 13128, 13198, 13289, 13496, 13832, 14116, 14180, 14343, 14413, 14422, 14578, 14676, 14766, 15009, 15242, 15308, 15681, 15712, 15828, 15997, 16286, 16379, 16537, 16621, 16682, 16725, 16800, 16903, 16907, 16931, 17018, 17024, 17072, 17294, 17315, 17361, 17444, 17448]",MSigDB_Oncogenic_Signatures__JAK2 DN.V1 DN
MSigDB_Oncogenic_Signatures,ERB2 UP.V1 DN,prerank,-0.3863534560714605,-1.544849126624514,0.0018450184501845018,0.022628612543470438,0.287,56_182,56/182,18.00%,ATR;MSH2;ARMCX5;PLK4;ERI2;FKTN;ZNF43;LTN1;LPGAT1;RPAP3;IFI44L;USP16;WDR43;MPDZ;RALGAPA1;PLA2G12A;TAF2;IFI44;BRWD1;TRMT61B;GNL2;CUL5;DDX60;RASGRP1;RAD51AP1;DDX58;KIAA0947;NOC3L;RIF1;AGL;TOPBP1;PTBP2;RECQL;LAMB1;MYB;KRR1;PRMT3;MATN2;EGR3;SMARCA5;PAK1IP1;ADAM9;WIPF1;GULP1;AMIGO2;ZNF84;HERC6;POLI;COL9A3;MRPL19;DNAJB14;KLF10;NRIP1;IFIT5;RRP15;MAD2L1,GPER;IRF7;SLC7A2;IGF1R;PSPH;MYC;BCL2;TM4SF1;SMAD7;ANXA3;HSPB8;ASCL1;GREB1;PUS1;CASP6;MED17;BST2;HSPA4L;ATF1;STK17A;HIRA;NPY1R;PMAIP1;SLC26A2;IFI27;RHOBTB3;ZCCHC2;CLIC3;RAB31;TTK;OAS1;ID2;TMED5;DLC1;TCN1;LIN7C;IRS1;LRIG1;ASS1;NPEPPS;FOLR1;ARHGAP29;FBXO5;KANK1;ATP8B1;PRKAR2B;IFIH1;TTC39A;FASTKD1;NOL8;RAD54B;ZBTB10;HS2ST1;IFIT1;ZNF267;MTIF2;MGP;FHL2;SLMO2;MTERFD1;CEBPZ;BTG3;SSB;TFPI2;STIL;JAK2;RMI1;CETN3;ANKRD12;IFT57;ADD3;ARMCX1;DTL;CBR4;SMC3;RANBP6;CALB2;GFRA1;SSFA2;CHD1;KIF5C;EIF2S3;ABLIM1;NCAPG;OAS2;RRN3;GOLGA4;ECT2;MAP4K3;ZBTB11;SS18;CYP26B1;EHBP1;FLNB;DBF4;RPRD1A;CAV1;MARCH7;MYBL1;CCDC59;NRCAM;ZNF107;WISP2;UBA6;XK;HAUS3;DEPDC1;CPOX;INPP5F;RNF138;ZNF430;PDZK1;IFI6;AASDHPPT;PEG10;ALG13;ACTR6;GOLGA8A;TAF1D;CENPE;TIAM1;NAA15;HSPA13;KCTD3;RBBP8;MBNL2;MAD2L1;RRP15;IFIT5;NRIP1;KLF10;DNAJB14;MRPL19;COL9A3;POLI;HERC6;ZNF84;AMIGO2;GULP1;WIPF1;ADAM9;PAK1IP1;SMARCA5;EGR3;MATN2;PRMT3;KRR1;MYB;LAMB1;RECQL;PTBP2;TOPBP1;AGL;RIF1;NOC3L;KIAA0947;DDX58;RAD51AP1;RASGRP1;DDX60;CUL5;GNL2;TRMT61B;BRWD1;IFI44;TAF2;PLA2G12A;RALGAPA1;MPDZ;WDR43;USP16;IFI44L;RPAP3;LPGAT1;LTN1;ZNF43;FKTN;ERI2;PLK4;ARMCX5;MSH2;ATR,"[29, 161, 469, 486, 1219, 1232, 1238, 1244, 1659, 1938, 2088, 2116, 2183, 2196, 2212, 2333, 2419, 2521, 2770, 3031, 3092, 3215, 3544, 3546, 3603, 3858, 3974, 4030, 4054, 4301, 4410, 4494, 4616, 4657, 4772, 4809, 5115, 5218, 5245, 5662, 5727, 5793, 5834, 5982, 6583, 6764, 6949, 7069, 7275, 7361, 7392, 7778, 8152, 8187, 8365, 8487, 8492, 8535, 8536, 8670, 8695, 8730, 8781, 8832, 8840, 8889, 9049, 9250, 9484, 9526, 9836, 9892, 9948, 10131, 10273, 10307, 10422, 10430, 10459, 10554, 10618, 10791, 10960, 11049, 11058, 11129, 11158, 11338, 11491, 11526, 11559, 11581, 11876, 11919, 12067, 12080, 12109, 12167, 12207, 12279, 12401, 12436, 12480, 12535, 12678, 12720, 12791, 12929, 12930, 13051, 13101, 13107, 13124, 13146, 13155, 13216, 13262, 13289, 13505, 13509, 13688, 13799, 13994, 14013, 14125, 14138, 14365, 14370, 14439, 14451, 14531, 14585, 14599, 14609, 14640, 14641, 14654, 14765, 14807, 14990, 15012, 15088, 15114, 15206, 15263, 15375, 15386, 15452, 15592, 15634, 15651, 15770, 15777, 15786, 15876, 15941, 15992, 16001, 16013, 16028, 16145, 16231, 16237, 16263, 16309, 16345, 16352, 16374, 16682, 16765, 16813, 16902, 16966, 17124, 17171, 17193, 17226, 17257, 17310, 17320, 17502, 17503]",MSigDB_Oncogenic_Signatures__ERB2 UP.V1 DN
MSigDB_Oncogenic_Signatures,PIGF UP.V1 UP,prerank,-0.3953119208354616,-1.5970258724540858,0.001851851851851852,0.022651263807277718,0.182,75_183,75/183,27.50%,ATR;MBTPS2;ABCE1;OPA1;ZNF268;NUP155;LRRC17;THSD7A;DMTF1;PEX1;SKIV2L2;MAPK6;MIPEP;AGA;BPGM;MTF2;PRKACB;ATP2A3;TDG;CDC27;AKAP9;OSBPL8;UFL1;ASCC3;RIF1;AGL;CCPG1;BCLAF1;ITGA2;RECQL;TWISTNB;SCAF11;COL8A1;TTC37;DHX29;STAU2;SMC4;IREB2;TDRD3;SUCLA2;BCAS2;ADAM9;ZNF451;SACS;REV3L;TSPAN8;PGAP1;IRAK1BP1;ZNF674;PPIG;CPD;TRIP11;HSPA13;SPRYD7;ANAPC13;TNFSF10;GPR37;ROR1;ZC3H14;ACADM;SLC4A7;ATP13A3;SLC33A1;NECAP1;HNRNPA3;KIAA1033;RNF13;CR2;GMFB;N4BP2L2;CRYBG3;PCDHA12;RASGRP3;RDH11;PDCD10,ANGPT2;CLEC2B;GJA4;TGFBR3;PAPOLA;PSPH;DNAJC3;MMRN1;ARL4A;SAT1;DNASE2;MKLN1;KLRG1;CFH;PPID;KIF5B;CRYZ;TDP2;RGS2;AHCYL2;TRMU;ARMC6;VCAN;CCL22;RIPK2;KIAA0040;LPCAT4;TMED5;LARP4;IL1RL1;RRS1;ITSN2;F11;MARK2;RCBTB2;IL6ST;MAFK;MAGOH;RAP1A;UPF2;SLC38A6;SYNE2;TOPORS;STON1;PHEX;MAST2;MTM1;PISD;BACH1;ARMCX2;ZNF354A;SREK1;DCP2;GRB14;HS2ST1;MAP2K4;HIF1A;SGMS1;HSD17B4;CEBPZ;FABP4;GGCX;TFPI2;FAM208A;RUNX1T1;CD2AP;NUCB2;NEK7;AMPH;PLA2G4A;NAT1;GLRB;DZIP1;UGP2;RNF6;RPGR;BAZ2B;TWF1;PPAT;STK38L;TAF9;ZZZ3;SMC3;ZNF117;SP3;RARB;CALB2;CEP350;CREB1;ABCA8;LTBP1;LGALS8;PHF3;DNAJB9;STAM2;NAP1L3;EIF2S3;PTGS2;SOCS5;THOC2;NEK1;AIMP1;MARCH7;STXBP3;TTR;RFK;NRCAM;SULF1;PDCD10;RDH11;RASGRP3;PCDHA12;CRYBG3;N4BP2L2;GMFB;CR2;RNF13;KIAA1033;HNRNPA3;NECAP1;SLC33A1;ATP13A3;SLC4A7;ACADM;ZC3H14;ROR1;GPR37;TNFSF10;ANAPC13;SPRYD7;HSPA13;TRIP11;CPD;PPIG;ZNF674;IRAK1BP1;PGAP1;TSPAN8;REV3L;SACS;ZNF451;ADAM9;BCAS2;SUCLA2;TDRD3;IREB2;SMC4;STAU2;DHX29;TTC37;COL8A1;SCAF11;TWISTNB;RECQL;ITGA2;BCLAF1;CCPG1;AGL;RIF1;ASCC3;UFL1;OSBPL8;AKAP9;CDC27;TDG;ATP2A3;PRKACB;MTF2;BPGM;AGA;MIPEP;MAPK6;SKIV2L2;PEX1;DMTF1;THSD7A;LRRC17;NUP155;ZNF268;OPA1;ABCE1;MBTPS2;ATR,"[198, 389, 430, 894, 1076, 1219, 1630, 1637, 1751, 1858, 1893, 2004, 2047, 2051, 2108, 2312, 2780, 2980, 2984, 3088, 3323, 3570, 3662, 3794, 4056, 4338, 4442, 4616, 4672, 4810, 4921, 5197, 5199, 5254, 5275, 5448, 5461, 5507, 5616, 5707, 5811, 5857, 5906, 5954, 6023, 6109, 6261, 6404, 6464, 6982, 7493, 7645, 7723, 7810, 8152, 8233, 8234, 8319, 8387, 8695, 8786, 8798, 8832, 8942, 9029, 9057, 9098, 9181, 9183, 9214, 9217, 9416, 9438, 9502, 9586, 9711, 9779, 9835, 9844, 9982, 10023, 10253, 10273, 10292, 10351, 10395, 10422, 10450, 10478, 10479, 10550, 10584, 10629, 10653, 10684, 10776, 10791, 11182, 11475, 11660, 11665, 11722, 12167, 12185, 12341, 12361, 12401, 12577, 12701, 12721, 12728, 12743, 12756, 12844, 12898, 12962, 13035, 13048, 13094, 13285, 13356, 13406, 13450, 13487, 13607, 13726, 13846, 13874, 13894, 13937, 13994, 14070, 14091, 14267, 14299, 14384, 14422, 14882, 14926, 14961, 14982, 15012, 15015, 15029, 15101, 15123, 15156, 15314, 15327, 15357, 15368, 15513, 15568, 15634, 15635, 15650, 15673, 15777, 15786, 15908, 16039, 16051, 16195, 16259, 16308, 16443, 16466, 16567, 16582, 16745, 16766, 16768, 16786, 16895, 16907, 16977, 17158, 17180, 17190, 17236, 17352, 17387, 17503]",MSigDB_Oncogenic_Signatures__PIGF UP.V1 UP
MSigDB_Oncogenic_Signatures,ATF2 S UP.V1 DN,prerank,0.36741939543657404,1.474632655504242,0.004484304932735426,0.024928837660823013,0.469,57_172,57/172,20.73%,STXBP2;CCL17;NPFF;CRELD1;SBNO2;GAS1;TLE3;IL4R;TMEM176A;TNFRSF11B;NFE2;AIRE;NDUFA4L2;AK4;ANGPTL4;THOC6;PTGER2;LTBP3;ID3;HSD17B1;ADORA3;PDE4DIP;CRIP2;CCL2;ADH1B;SLC7A7;FMOD;GPT;GLTPD1;NFIB;CYP1B1;BMP6;SERPINA3;ABHD8;ST3GAL6;KIAA1199;FOS;SLC4A2;RGS2;CD302;OSMR;NGF;PLXNB1;SPINT2;SERPING1;TREM1;RNF39;DNTT;COL7A1;PLSCR4;NPIP;ST6GALNAC2;ATF5;TNFAIP6;KRT8;SMAD6;SLC1A3,STXBP2;CCL17;NPFF;CRELD1;SBNO2;GAS1;TLE3;IL4R;TMEM176A;TNFRSF11B;NFE2;AIRE;NDUFA4L2;AK4;ANGPTL4;THOC6;PTGER2;LTBP3;ID3;HSD17B1;ADORA3;PDE4DIP;CRIP2;CCL2;ADH1B;SLC7A7;FMOD;GPT;GLTPD1;NFIB;CYP1B1;BMP6;SERPINA3;ABHD8;ST3GAL6;KIAA1199;FOS;SLC4A2;RGS2;CD302;OSMR;NGF;PLXNB1;SPINT2;SERPING1;TREM1;RNF39;DNTT;COL7A1;PLSCR4;NPIP;ST6GALNAC2;ATF5;TNFAIP6;KRT8;SMAD6;SLC1A3;EVC;BMPR1B;GCH1;ABCC3;TAF1C;COL11A1;SLC29A3;SORBS1;COL16A1;DAPK1;PARD6B;IGFBP2;CLDN14;IL1R1;CSTA;JUP;ID4;TNNT2;POLE;ITIH5;KCTD12;VASH1;CCK;CSGALNACT1;CHI3L1;PISD;CLMN;LAMA1;MYH1;MYBPH;COL15A1;NPPB;GPRC5C;SIK2;A2M;ERO1L;PPL;VAV2;LAMA2;PTER;SGCG;CCIN;PID1;SLC39A8;ENO2;MAGIX;NXT2;EFEMP1;KCNAB2;CBX7;C1RL;WT1;FBLN2;GMEB1;PLA2G16;GABRD;CRLF1;ADARB1;CELF2;CATSPERG;DENND4C;SDC3;ABCA8;SLC12A8;ITGBL1;PNMA2;DNAJC12;HCRTR2;PTGS2;RARRES1;IRS4;PDLIM3;VCAM1;STMN2;ACACA;PCSK7;COBLL1;FGF7;FGF9;PADI2;KBTBD11;SLIT3;CWF19L1;CLGN;PLEK2;IL33;SNCAIP;GLRA2;OSGEPL1;IL1RAP;DPP4;ROR1;KCND2;TPD52;PLN;KLHL28;KLHL3;MYO1D;C4BPA;GALNT12;IQCG;DGKD;DES;ADAM22;ITPR1;REN;SVEP1;MN1;RGS5;PTGIS;HAPLN1;SFRP4;GPRASP1;KIAA1456;RHCE,"[197, 210, 214, 244, 303, 310, 349, 462, 541, 664, 688, 847, 928, 1249, 1365, 1370, 1376, 1388, 1413, 1515, 1629, 1760, 1816, 1826, 1865, 1979, 2003, 2170, 2254, 2440, 2464, 2547, 2558, 2636, 2797, 2817, 2889, 2964, 2984, 3017, 3035, 3051, 3116, 3198, 3289, 3333, 3359, 3381, 3411, 3423, 3469, 3498, 3506, 3571, 3573, 3626, 3630, 4069, 4114, 4221, 4275, 4362, 4498, 4574, 4612, 4683, 4698, 4741, 4812, 4823, 5151, 5233, 5286, 5301, 5671, 5832, 5923, 5968, 6183, 6217, 6238, 6323, 6404, 6417, 6474, 6589, 7270, 7382, 7489, 7539, 7590, 7770, 7844, 7977, 8144, 8158, 8162, 8212, 8478, 8511, 8529, 8715, 8773, 8881, 8928, 8954, 9118, 9265, 9281, 9425, 9449, 9567, 9581, 9811, 9852, 9974, 9989, 10162, 10352, 10479, 10564, 10842, 10860, 11155, 11168, 11182, 11294, 11477, 11501, 11751, 11770, 11923, 12070, 12074, 12101, 12107, 12268, 12356, 12463, 12850, 13105, 13132, 13145, 13201, 13211, 13253, 13453, 13510, 13726, 13920, 14165, 14544, 14626, 14709, 14803, 14849, 14994, 15219, 15436, 15563, 15599, 15616, 15761, 15874, 15912, 15962, 16232, 16268, 16403, 16445, 16687, 16802]",MSigDB_Oncogenic_Signatures__ATF2 S UP.V1 DN
MSigDB_Oncogenic_Signatures,KRAS.AMP.LUNG UP.V1 UP,prerank,0.38690107127288176,1.4625588933737237,0.004123711340206186,0.02691365405735601,0.503,23_111,23/111,14.88%,HSPA6;SLC7A9;KLK14;HSPA1L;DUSP9;VENTX;SOX12;HSF1;GABRR2;C3AR1;MAGEA12;PAGE4;EFNA2;HPR;FCER1G;F13A1;SLC2A4;FCER1A;GNGT2;HGFAC;FAM155B;CD247;CRYBA1,HSPA6;SLC7A9;KLK14;HSPA1L;DUSP9;VENTX;SOX12;HSF1;GABRR2;C3AR1;MAGEA12;PAGE4;EFNA2;HPR;FCER1G;F13A1;SLC2A4;FCER1A;GNGT2;HGFAC;FAM155B;CD247;CRYBA1;ST3GAL6;OPRK1;NGF;CD3E;CLEC5A;SLC25A31;ASIP;MMP15;AKT2;NDOR1;EGF;MAN1C1;MCF2L;REST;TUBA8;DEFA5;JAK3;ALLC;ZNF835;TNNT2;LRRC37A;EFNA3;NPHP1;SPP1;HSD3B2;AFP;CEBPE;CA5A;CCDC57;NMUR1;RAB30;ABCC6;NPAS3;KCNC1;LY75;GPR6;TDRD1;GPR25;LPL;FAM174B;ZNF257;SDCCAG8;CLSTN3;HCN4;CAMK1G;ST8SIA2;TMEM35;NELL2;PNMA3;SLC26A4;GCKR;CLEC4A;DLX5;LENEP;PIWIL1;SSTR1;TTLL3;SLC6A6;CELA2B;B3GNTL1;FGF7;OPN1SW;ABCG5;GATA1;GPR68;CFHR5;NPHS1;BMPER;NPBWR2;XPNPEP2;PRKG2;MYOZ1;GRP;BTG4;FKBP6;HECW1;DYNC1I1;ATG10;SEMA3E;DOCK3;NOVA1;CYP3A7;HIST1H2BN;RCAN2;CLSTN2;OSBP2;EFCAB6;GABRA6,"[0, 22, 67, 188, 317, 422, 443, 497, 570, 582, 624, 702, 1070, 1396, 1513, 1558, 1904, 2001, 2199, 2463, 2479, 2564, 2605, 2797, 3014, 3051, 3429, 3594, 3871, 3910, 3949, 3956, 4376, 4444, 4456, 4532, 4978, 5069, 5080, 5207, 5342, 5432, 5671, 5694, 5941, 6080, 6253, 6446, 6888, 6917, 7210, 7371, 7419, 7444, 7661, 8250, 8302, 8339, 8342, 8371, 8868, 8940, 9261, 9324, 9338, 9643, 9710, 9758, 9905, 9921, 10078, 10315, 10356, 10455, 10598, 10738, 10897, 10920, 11330, 11631, 11639, 11775, 12016, 12101, 12469, 12511, 12826, 12923, 13031, 13323, 13653, 13754, 13817, 14050, 14104, 14218, 14426, 14509, 14613, 14785, 14943, 15257, 15555, 15560, 15570, 15752, 16461, 16484, 16629, 17318, 17516]",MSigDB_Oncogenic_Signatures__KRAS.AMP.LUNG UP.V1 UP
MSigDB_Oncogenic_Signatures,PKCA DN.V1 DN,prerank,0.37719186443239,1.463726090476985,0.007751937984496124,0.027000030326464388,0.498,33_142,33/142,13.52%,NANOS2;NFIL3;HES7;CFD;CPT1B;PDGFRB;KANK2;RFX2;ADM;ZC3H12A;TNFRSF12A;FERMT3;CA3;TLR2;TNNI2;BID;MAP3K6;WAS;CENPT;ZNF503;RHOJ;HK2;WDR5;PYCR1;ZDHHC1;CP;SLC30A1;SIK1;CFH;TIFA;TWF2;ZNF319;NFKBIZ,NANOS2;NFIL3;HES7;CFD;CPT1B;PDGFRB;KANK2;RFX2;ADM;ZC3H12A;TNFRSF12A;FERMT3;CA3;TLR2;TNNI2;BID;MAP3K6;WAS;CENPT;ZNF503;RHOJ;HK2;WDR5;PYCR1;ZDHHC1;CP;SLC30A1;SIK1;CFH;TIFA;TWF2;ZNF319;NFKBIZ;CHST1;ARHGEF10;ANKS1A;SEMA6C;PSAT1;CD79B;SLC14A1;TXNRD2;KCNIP2;PDGFC;KLHL1;OTUB2;ABCA4;APOC1;SNTB2;TMPRSS5;PLAU;BAI1;CD44;CLEC7A;ALDH7A1;BARD1;ZBTB7A;CYGB;MUC5AC;MC1R;GBP1;HS3ST3A1;GLDC;ITGB7;CABYR;LARP7;ST6GALNAC1;CKAP4;GJB3;NEUROD4;FANCI;DLG4;NOP58;ADAM11;ITGB6;LPL;NUCB2;SUOX;BEX1;SLC1A1;CD19;PCDHB15;TRPV2;ZSCAN2;TRIB1;DENND1B;PRPF40A;ACOT1;MYO1B;APOF;PRKCA;POU3F4;BCKDHB;SLC46A2;BATF3;NKX2-1;PARK2;MBOAT1;GAS2;GABBR1;PTK6;FXYD4;MSC;EXT1;ECE2;SLIT3;CENPF;GATAD2B;TTC36;MAGT1;SYT12;KIAA1033;PARM1;AHSG;ABI3BP;FAM198B;UGGT1;SHF;GGNBP2;ETV3;ZEB2;DNAH8;FABP6;EDN3;SAA2;ENPP4;RWDD3;PIGO;DDX6;MGAT4C;IRX1;WDFY3;EAF2;METTL1;NR1H4;PROCR;SLC32A1;EIF4E3;PSPC1;COL25A1;FAM86B2;NR2C2;COCH,"[14, 110, 275, 280, 322, 420, 432, 436, 468, 480, 503, 630, 727, 745, 763, 779, 926, 1067, 1239, 1297, 1306, 1337, 1478, 1529, 1580, 1606, 1726, 1969, 2051, 2086, 2295, 2327, 2368, 2669, 2940, 2958, 2976, 3159, 3339, 3442, 3714, 4106, 4144, 4202, 4528, 4735, 4775, 4977, 5003, 5250, 5479, 5731, 5747, 5966, 6150, 6178, 6201, 6239, 6421, 6521, 6801, 6950, 7085, 7139, 7346, 7356, 7405, 7516, 8221, 8465, 8524, 8631, 8851, 8865, 8940, 9098, 9136, 9738, 9755, 9857, 10010, 10070, 10097, 10208, 10349, 10388, 10400, 10409, 10717, 10873, 11018, 11216, 11221, 11362, 11450, 11511, 11619, 11650, 11903, 12025, 12081, 12129, 12204, 12432, 12463, 12520, 12672, 12742, 12748, 12928, 13048, 13243, 13296, 13391, 13660, 13932, 14048, 14121, 14186, 14204, 14284, 14332, 14394, 14579, 14597, 14657, 14773, 14776, 14831, 14999, 15213, 15342, 15400, 15445, 15775, 16295, 16609, 16919, 16943, 17169, 17369, 17399]",MSigDB_Oncogenic_Signatures__PKCA DN.V1 DN
MSigDB_Oncogenic_Signatures,KRAS.LUNG UP.V1 DN,prerank,0.37260817262303736,1.4230179611333076,0.008247422680412371,0.03832769377735943,0.645,31_115,31/115,17.54%,S100A12;IHH;S100A7;GAS1;PROC;INPP5D;FCGR3B;SCARF1;PTPRU;OR3A3;PRODH;CYP4B1;CRABP2;METTL7A;ADORA3;KRT15;VAV3;RHCG;CCR2;CRYAB;PALM;OLFML2A;LMO1;IL10RA;APOBEC3A;SLC6A9;COL2A1;TGM1;CD248;LYPD3;CBL,S100A12;IHH;S100A7;GAS1;PROC;INPP5D;FCGR3B;SCARF1;PTPRU;OR3A3;PRODH;CYP4B1;CRABP2;METTL7A;ADORA3;KRT15;VAV3;RHCG;CCR2;CRYAB;PALM;OLFML2A;LMO1;IL10RA;APOBEC3A;SLC6A9;COL2A1;TGM1;CD248;LYPD3;CBL;DEFB1;PLA2G10;EMID1;RYR1;GPNMB;BBC3;BBOX1;RAB40AL;NYNRIN;COBL;IGFBP2;NGFR;CD22;KRT16;MEGF8;HEY2;SH3BP1;SCGB1A1;PPFIBP2;HTR1D;KRT13;WNT16;ZNF750;ACHE;TSC22D4;DHX58;ATAT1;MAFB;FMO2;RDH16;CACNA1F;EPHB3;MAP3K1;SLC39A2;ERG;HAAO;CHRM5;MAP2K6;POSTN;PSORS1C1;ZNF862;CDKN1C;UPK3B;SCRG1;MC5R;CXCL14;SOX30;THAP9;KLK7;GABRB1;MXRA8;RAG1;ACPP;MORC1;PDE6B;CLCA4;HTR1B;LY6D;CYP26B1;SGCD;TF;GDNF;SERPINB13;SPTBN2;PIK3C2B;CYP2C18;GPR45;KRT1;SLC3A1;TRHDE;GALNT8;TNFSF10;SH3GL3;PROM1;SCN10A;CALML3;CDH12;CCDC132;SRD5A3;PLCH2;ADD2;RTP4;COL19A1;AKAP6,"[37, 168, 235, 310, 364, 448, 611, 739, 857, 1116, 1278, 1352, 1490, 1503, 1629, 2033, 2050, 2073, 2082, 2111, 2235, 2244, 2364, 2448, 2551, 2569, 2752, 2870, 3050, 3070, 3071, 3286, 3358, 3540, 3704, 3711, 3816, 4071, 4254, 4479, 4807, 4812, 4970, 5130, 5146, 5179, 5306, 5531, 5545, 5635, 5643, 5682, 5824, 5867, 5873, 6087, 6182, 6381, 6394, 6406, 6684, 6765, 6965, 7054, 7218, 7244, 7312, 7448, 7672, 7719, 8165, 8301, 8377, 8594, 8692, 9268, 9270, 9368, 9529, 9717, 9868, 10161, 10241, 10248, 10545, 10548, 10913, 11252, 11531, 11581, 11594, 11964, 12063, 12116, 12210, 12233, 12404, 12733, 12750, 12814, 13480, 13634, 13874, 14062, 14117, 14233, 14316, 14348, 15746, 16324, 16498, 16769, 17079, 17091, 17479]",MSigDB_Oncogenic_Signatures__KRAS.LUNG UP.V1 DN
MSigDB_Oncogenic_Signatures,ATF2 S UP.V1 UP,prerank,0.3586884416318793,1.4217489735643645,0.013824884792626729,0.03833150659300197,0.654,32_165,32/165,11.13%,HSPA6;GPER;IL17RB;MRAS;MPZ;PSPN;FOXJ1;S100A4;C3AR1;IL32;GALR2;PAGE4;ARNTL;UNG;PML;FSD1;SCIN;FOXM1;PSTPIP1;SLC13A4;RSPH6A;MYO7A;WNT5B;SH3BGR;ADRB2;ADAMTSL4;FAM107A;CXCL1;LHX2;CTRL;ANXA3;MBOAT7,HSPA6;GPER;IL17RB;MRAS;MPZ;PSPN;FOXJ1;S100A4;C3AR1;IL32;GALR2;PAGE4;ARNTL;UNG;PML;FSD1;SCIN;FOXM1;PSTPIP1;SLC13A4;RSPH6A;MYO7A;WNT5B;SH3BGR;ADRB2;ADAMTSL4;FAM107A;CXCL1;LHX2;CTRL;ANXA3;MBOAT7;S100A9;DLEC1;PTGDS;IL8;ALX3;BCL7C;CCDC81;ITGA6;GNA15;KLHL1;EFNB2;FOXH1;SLC9A2;VPREB3;FOXG1;NQO2;TRPM2;TK1;PMEL;TOP2A;PLAU;HSD3B1;GNA14;PLEKHA2;IFNA21;IL20RA;CLCN2;CCDC94;GSTT2;GALNT14;RGS11;RDH16;ANKRD11;DECR2;ZFR2;TMEM156;KRT81;ARHGAP22;ASB4;KIF20A;TRPC4;DBNDD1;BARX1;CACNA2D3;ETS2;DYSF;POMT2;SYNGR3;PSMB9;RPL39L;SATB2;GSG1;OVOL1;TNFSF4;CUBN;ENDOG;PCSK1N;UPP1;GALNT6;CD8A;PRKCD;B3GALT2;EZH2;NEFM;SLCO1B1;AIM1;PCNT;PIR;MAGEC3;ANGPTL3;GRHL2;ARSJ;MLF1IP;LHX6;ITGA8;HSD17B3;FAT4;KIF23;TTR;INA;BAALC;TNFSF18;CLDN1;LAS1L;SLC13A3;ABLIM3;APOL6;SSPN;PRSS16;FANCF;ZNF804A;MON1B;CTNNBIP1;STEAP1B;APAF1;USP9Y;CDKN3;SPDEF;ATP2B2;GPR63;NNAT;N6AMT1;DDX6;NFE2L3;ABCD2;RBFA;EPX;ITIH3;PLCB4;COQ4;NIPAL3;RSAD2;HBD;HOXD1;DIRAS3;MAP1B;CEP41;TBC1D19;RASGRP1;HTR2B;ZNF324B;RELN;CHML;KCNB1;CHCHD7;PCDHA9;LRRTM2;NLGN1;NRXN3;SEMA5A;LRRC17;PPM1H;MAS1,"[0, 29, 34, 185, 186, 254, 346, 576, 582, 585, 657, 702, 705, 940, 985, 1062, 1109, 1135, 1136, 1192, 1296, 1323, 1392, 1552, 1595, 1600, 1631, 1774, 1802, 1888, 1938, 1949, 2310, 2426, 2819, 2920, 3169, 3665, 4040, 4120, 4188, 4202, 4454, 4521, 4607, 4643, 4648, 4673, 4738, 4874, 4924, 5039, 5250, 5378, 5615, 5639, 5807, 5945, 6159, 6240, 6342, 6405, 6480, 6684, 6708, 6804, 6806, 6829, 6952, 6987, 7051, 7197, 7285, 7559, 7664, 7784, 7937, 8098, 8134, 8150, 8284, 8325, 8399, 8446, 8523, 8620, 8753, 8993, 9109, 9224, 9275, 9346, 9580, 9706, 9837, 10277, 10574, 10593, 10697, 10844, 10896, 11085, 11136, 11268, 11502, 11608, 11611, 11815, 11975, 12159, 12341, 12481, 12566, 12731, 12800, 12827, 12839, 12952, 13058, 13061, 13129, 13210, 13267, 13277, 13367, 13492, 13773, 13873, 13942, 14225, 14287, 14309, 14424, 14572, 14776, 14959, 15010, 15047, 15110, 15121, 15159, 15323, 15346, 15449, 15675, 15726, 15780, 15803, 15828, 15975, 16013, 16026, 16302, 16364, 16377, 16390, 16433, 16467, 16580, 16739, 16969, 17054, 17158, 17235, 17432]",MSigDB_Oncogenic_Signatures__ATF2 S UP.V1 UP
MSigDB_Oncogenic_Signatures,AKT UP.V1 UP,prerank,0.35789999863246236,1.4251746346287708,0.014256619144602852,0.03842675222297443,0.639,52_154,52/154,21.94%,HIF3A;NFIL3;METRNL;TJP3;TNFRSF12A;BACE2;SGSM3;LRG1;GAK;ABCA7;BID;MPZL2;CXCL16;UBE2C;PFKP;AK4;VAT1;GTF2IRD1;KCNQ1;FLT1;RASSF1;COMTD1;VAMP5;ARG1;HIC2;ADORA2B;GPR56;HIST1H2BD;GDPD2;PON2;NEU1;FXR2;VILL;FBXO6;IL8;TOR3A;SECTM1;P2RX5;SLC2A1;PLSCR1;SYT17;KLF6;HCK;SGPL1;AKAP2;SPHK1;RIPK3;PYGL;CTRB1;HIST1H4H;CDKN2B;SEPT9,HIF3A;NFIL3;METRNL;TJP3;TNFRSF12A;BACE2;SGSM3;LRG1;GAK;ABCA7;BID;MPZL2;CXCL16;UBE2C;PFKP;AK4;VAT1;GTF2IRD1;KCNQ1;FLT1;RASSF1;COMTD1;VAMP5;ARG1;HIC2;ADORA2B;GPR56;HIST1H2BD;GDPD2;PON2;NEU1;FXR2;VILL;FBXO6;IL8;TOR3A;SECTM1;P2RX5;SLC2A1;PLSCR1;SYT17;KLF6;HCK;SGPL1;AKAP2;SPHK1;RIPK3;PYGL;CTRB1;HIST1H4H;CDKN2B;SEPT9;MMP15;GCH1;LSS;HIST1H4I;DHCR7;ST6GALNAC6;FAM3B;LDLR;SYT8;GPX8;IL1R1;EDN1;GPX2;TRAF4;ATF3;PLAT;MAN2B2;TPRN;RUNDC3A;FDFT1;PRKCH;CLMN;GUSB;SOCS6;SEC14L2;HN1;PDGFD;CAMKK1;GPD2;PPP1R3F;S100A14;CD55;ERO1L;KCNE3;RHOV;IFIT1;ACOT9;ANXA13;ASB11;DLG4;KCNK5;MFSD4;PDK3;CRLF1;DHCR24;TFRC;GIPC1;TMEM56;ANGPTL1;ALDOC;PLK2;GOT1;TOM1L1;MSMO1;PACSIN3;TESC;RIMKLB;UGT8;SLC6A6;MICU1;GDE1;LGMN;INSIG2;UNC5B;CCNG2;TMCC3;SAA4;PTPRJ;PTPN14;DUSP10;POLE3;PSCA;IFIT2;PLAGL1;FAM129A;PREP;CIR1;SH3BGRL2;PARM1;ADAM10;FABP5;TMPRSS4;SFTPD;TMEM40;PDZD11;PAK1;ROPN1L;SAA2;CYP51A1;LDHC;MYO5B;IDI1;SPECC1;PRSS37;IFIT3;NKAIN1;TACSTD2;CALCB;PDK1;BPGM;GSDMC;DNAJB13,"[61, 110, 128, 354, 503, 600, 629, 721, 736, 742, 779, 937, 983, 1115, 1158, 1249, 1283, 1304, 1330, 1534, 1540, 1731, 1770, 2020, 2184, 2190, 2351, 2489, 2548, 2575, 2715, 2765, 2775, 2818, 2920, 2973, 3034, 3133, 3156, 3220, 3298, 3324, 3336, 3417, 3484, 3596, 3729, 3749, 3761, 3772, 3838, 3843, 3949, 4221, 4326, 4390, 4439, 4546, 4739, 4749, 5034, 5127, 5151, 5566, 5584, 5636, 5684, 5897, 5999, 6064, 6135, 6284, 6300, 6417, 6432, 6633, 6673, 6796, 6943, 6967, 7017, 7282, 7332, 7474, 7844, 7931, 7936, 8187, 8380, 8483, 8513, 8524, 9341, 9439, 9801, 9811, 9913, 10105, 10157, 10251, 10451, 10567, 10655, 10780, 10823, 10879, 10881, 10941, 11499, 11563, 11639, 11679, 11708, 11720, 11808, 11819, 11833, 12045, 12049, 12148, 12296, 12383, 12411, 12758, 12848, 12860, 12875, 12884, 13043, 13219, 13243, 13386, 13621, 13875, 14031, 14124, 14238, 14368, 14443, 14579, 15131, 15324, 15331, 15748, 15845, 15909, 16042, 16084, 16130, 16218, 16370, 16582, 16676, 16974]",MSigDB_Oncogenic_Signatures__AKT UP.V1 UP
MSigDB_Oncogenic_Signatures,BCAT BILD ET AL UP,prerank,0.4522634789048161,1.4255341889268727,0.03382663847780127,0.038985124869217125,0.636,19_42,19/42,22.00%,STXBP2;DTX2;CASP4;BMP4;TCF3;ZNF703;CNOT3;CD151;FOXQ1;B4GALT1;FHDC1;RPL37A;CD2BP2;SIRPA;CTSD;ST6GALNAC2;CAPS;CALR;AXIN2,STXBP2;DTX2;CASP4;BMP4;TCF3;ZNF703;CNOT3;CD151;FOXQ1;B4GALT1;FHDC1;RPL37A;CD2BP2;SIRPA;CTSD;ST6GALNAC2;CAPS;CALR;AXIN2;RPL27A;TMEM63B;RPS6KA1;CAMKMT;KLHL15;WIPI1;DTNBP1;SCAMP4;SLC27A2;PALMD;ICAM5;EEF2;ACTN4;IGSF8;DACH1;NDRG4;MYADM;MYL9;HMGB1;TAGLN;SLC35C2;CYP24A1;MTCH2,"[197, 403, 515, 730, 734, 748, 975, 1022, 2571, 2609, 2613, 2663, 2793, 3184, 3494, 3498, 3661, 3686, 3853, 4296, 4395, 5141, 6052, 6348, 6509, 7913, 8352, 8654, 8918, 8990, 9332, 9667, 11192, 11356, 12255, 13373, 13517, 14226, 14577, 15241, 15989, 17431]",MSigDB_Oncogenic_Signatures__BCAT BILD ET AL UP
MSigDB_Oncogenic_Signatures,ESC J1 UP LATE.V1 UP,prerank,0.3518743711731038,1.4155366059481223,0.01511879049676026,0.03998923410514185,0.675,40_173,40/173,18.58%,P4HA2;PTH1R;RGL3;CLDN7;P4HA1;PCBD1;TNFRSF12A;APOA1;FXYD3;DSP;HLA-DRB1;IGF2;TGFBR3;PODXL;PHLDA1;MYO7A;GADD45B;VAMP8;TEX264;DRAM1;WLS;TINAGL1;CRYAB;APOC2;IRS2;TMPRSS2;TNNT1;SNAI1;FOXQ1;NEU1;COL2A1;AMN;SEPN1;KRT19;CTSH;PLXNB2;EFNA1;CHRNB1;BGN;MYL3,P4HA2;PTH1R;RGL3;CLDN7;P4HA1;PCBD1;TNFRSF12A;APOA1;FXYD3;DSP;HLA-DRB1;IGF2;TGFBR3;PODXL;PHLDA1;MYO7A;GADD45B;VAMP8;TEX264;DRAM1;WLS;TINAGL1;CRYAB;APOC2;IRS2;TMPRSS2;TNNT1;SNAI1;FOXQ1;NEU1;COL2A1;AMN;SEPN1;KRT19;CTSH;PLXNB2;EFNA1;CHRNB1;BGN;MYL3;GNG12;OCLN;OAF;TFEC;SESN3;FLVCR2;LOXL2;TCN2;PRSS8;SLC22A23;ST5;GPC3;PARVA;ID2;PTPN21;PLA2G12B;TFF3;CTSC;MORC4;FARP1;AMOT;IGFBP4;GRINA;ABHD5;HMGA2;RAB11FIP5;ATF3;BICC1;CTGF;GSN;CHST15;TMED3;TUFT1;HTRA1;LAMA1;TEX101;AFP;TPCN1;RAMP2;DAB2;CIDEB;APOA2;CBX4;RNF130;FST;KLB;CD55;SOX17;SLCO2A1;GPRC5C;TAX1BP3;GYG1;S100A1;SEL1L3;FRZB;GPX3;TDRD7;NAGA;COL4A2;SLC39A8;FHL2;CUBN;CYP26A1;CYR61;RAB6B;DAZL;VIL1;ZFPM1;APOB;ENPEP;RBP4;RAB33B;PDIA5;SEPP1;HNF4A;SPP2;PCDH1;CITED1;COL4A1;ENPP5;CRIM1;CDC42EP1;LGALS2;DLK1;DBNDD2;PDGFRA;SERPINE2;PGA5;PRICKLE1;APOM;SHROOM3;BMP2;SGCE;SLC40A1;F3;LPAR3;HS3ST1;GLIPR1;ARAP2;PRSS12;LGMN;UNC5B;LMO7;ANKRD1;TTR;MYO6;LMBRD1;SOAT2;CITED2;RHOU;FAM134B;PARM1;P2RX4;ADAM10;HNF1B;DPP4;WBSCR27;CA4;KRT7;RNF128;MTTP;LXN;ZDHHC9;MYO5B;LAMB1;SPOCK1;APP;GATA6;HKDC1;FUT8;PEG3;FGF5;NRK,"[12, 218, 264, 300, 306, 397, 503, 666, 690, 740, 784, 826, 894, 1091, 1095, 1323, 1626, 1711, 1728, 1745, 1784, 2056, 2111, 2165, 2357, 2381, 2385, 2526, 2571, 2715, 2752, 2779, 2829, 2855, 2919, 2956, 3065, 3148, 3245, 3253, 3370, 3491, 3734, 3880, 3906, 3960, 4066, 4077, 4170, 4287, 4319, 4351, 4403, 4494, 4577, 4618, 4669, 4687, 4928, 4982, 4997, 5049, 5176, 5346, 5446, 5621, 5684, 5831, 5847, 6007, 6099, 6114, 6335, 6416, 6474, 6565, 6888, 6916, 6924, 7000, 7101, 7104, 7228, 7240, 7467, 7470, 7474, 7508, 7514, 7539, 7562, 7652, 7779, 7824, 7828, 7945, 8060, 8100, 8242, 8529, 8535, 8753, 8895, 8965, 9215, 9243, 9305, 9318, 9399, 9470, 9547, 9572, 9591, 9682, 9719, 9788, 9802, 9851, 9975, 10058, 10072, 10091, 10099, 10158, 10202, 10418, 10534, 10587, 10729, 10777, 10816, 10854, 10978, 11015, 11051, 11119, 11344, 11479, 11599, 11613, 11720, 11819, 11855, 11940, 12341, 12363, 12699, 12861, 12866, 12996, 13168, 13243, 13278, 13386, 13408, 13510, 14001, 14112, 14141, 14176, 14598, 15141, 15224, 15331, 15592, 15630, 15665, 15710, 16097, 16183, 16633, 16780, 17477]",MSigDB_Oncogenic_Signatures__ESC J1 UP LATE.V1 UP
MSigDB_Oncogenic_Signatures,VEGF A UP.V1 DN,prerank,-0.36069006846129337,-1.4544552004170606,0.0018050541516245488,0.042907965440643216,0.578,71_186,71/186,23.60%,USP13;PLK4;CYB561D2;NUP155;LRRC17;CCNH;SLC30A9;EPM2AIP1;RAB3B;PTPRD;VRK1;MDN1;MAPK6;MBD4;SEL1L;TRAPPC8;PRKACB;CEP170;NBN;ZNF253;CDC27;MCM4;NUDT21;UFL1;RGS5;MAP1B;RIF1;HIST1H2BN;XRCC4;PSD3;GATA6;CD8B;BCLAF1;ITGA2;RECQL;CHM;MYO5A;PTPRE;SCAF11;PNN;PRMT3;POP1;TTC37;DHX29;SMC4;ADAM9;SACS;TSPAN8;CSE1L;CACNA2D1;AASS;RGS4;ORC2;MRPL19;SETBP1;PGAP1;MAD2L1;PPIG;DNAJC13;NUP50;DDX21;CDKN3;SERPINB2;GPR37;ZC3H15;CENPE;ACADM;KLF9;SLC4A7;ATP13A3;IPO5,GPR4;CKS2;ANGPT2;FKBP5;TLE3;SLC7A2;MT1X;INHBB;PAPOLA;NR2F1;CNTFR;FLT1;MMRN1;DLEU1;CDC45;SAT1;AQP8;MKLN1;ROM1;IL6;RFC4;ZNF124;CRYZ;RGS2;CBL;HIRA;TRMU;YES1;ARMC6;CENPA;BAZ1A;MMP14;TRIM25;CCNE1;TTK;BIRC5;MFAP3;SULT1B1;RRM2;NOC2L;DKK1;POP5;IL1RL1;CTNNAL1;MPHOSPH6;RRS1;SPAG5;B4GALT5;AZI1;MAFK;RAP1A;RND3;ARHGAP29;DHFR;UAP1;MEST;CCDC86;BCL10;RRP12;VEGFC;NRP1;PHKA1;UCHL3;LRRFIP1;STEAP1;ST13;ITGB3;LRP8;RP2;NDC80;TMPO;CCNB1;CEBPZ;BAK1;FABP4;ACE;ASPH;NEK7;AMPH;ATP8B3;ATIC;UGP2;RASA2;BUB1B;RNF6;MAP3K7;BUB1;RPGR;TGFBI;TWF1;NCOA3;CCNB2;ZNF117;OSTF1;PRPF40A;LMNB1;PCDH7;EIF2S3;CDC42EP2;GABBR2;PLCL1;PNO1;SPTLC2;THOC2;HMMR;AIMP1;KIAA0020;DBF4;KIF23;TFAM;EXO1;RDH11;AMD1;KIF22;KIF11;IPO5;ATP13A3;SLC4A7;KLF9;ACADM;CENPE;ZC3H15;GPR37;SERPINB2;CDKN3;DDX21;NUP50;DNAJC13;PPIG;MAD2L1;PGAP1;SETBP1;MRPL19;ORC2;RGS4;AASS;CACNA2D1;CSE1L;TSPAN8;SACS;ADAM9;SMC4;DHX29;TTC37;POP1;PRMT3;PNN;SCAF11;PTPRE;MYO5A;CHM;RECQL;ITGA2;BCLAF1;CD8B;GATA6;PSD3;XRCC4;HIST1H2BN;RIF1;MAP1B;RGS5;UFL1;NUDT21;MCM4;CDC27;ZNF253;NBN;CEP170;PRKACB;TRAPPC8;SEL1L;MBD4;MAPK6;MDN1;VRK1;PTPRD;RAB3B;EPM2AIP1;SLC30A9;CCNH;LRRC17;NUP155;CYB561D2;PLK4;USP13,"[51, 176, 198, 246, 349, 469, 544, 1020, 1076, 1093, 1386, 1534, 1637, 1670, 1692, 1858, 2000, 2004, 2044, 2121, 2646, 2723, 2780, 2984, 3071, 3092, 3323, 3392, 3570, 3907, 3922, 4031, 4214, 4289, 4301, 4324, 4344, 4409, 4435, 4534, 4704, 4706, 4810, 4817, 4855, 4921, 4980, 4987, 5121, 5461, 5616, 5629, 5793, 5804, 5944, 5973, 6034, 6271, 6391, 6620, 6661, 6731, 6858, 6976, 7137, 7462, 7795, 7888, 8063, 8153, 8174, 8226, 8695, 8735, 8786, 8966, 9020, 9181, 9183, 9225, 9278, 9502, 9519, 9585, 9586, 9639, 9690, 9711, 9768, 9835, 9917, 9950, 10292, 10320, 10388, 10489, 10751, 10791, 10934, 11031, 11045, 11205, 11467, 11660, 11716, 11722, 11860, 12067, 12159, 12226, 12455, 12721, 12793, 13220, 13279, 13385, 13406, 13450, 13485, 13487, 13509, 13537, 13846, 13879, 13942, 13964, 14042, 14223, 14267, 14365, 14422, 14447, 14599, 14629, 14643, 14679, 14753, 14844, 14882, 14961, 15012, 15156, 15327, 15357, 15363, 15375, 15425, 15513, 15544, 15545, 15551, 15634, 15635, 15650, 15708, 15710, 15729, 15735, 15752, 15786, 15803, 15962, 16039, 16113, 16190, 16259, 16274, 16435, 16436, 16466, 16575, 16663, 16724, 16768, 16785, 16846, 16923, 17013, 17018, 17021, 17029, 17158, 17180, 17277, 17310, 17404]",MSigDB_Oncogenic_Signatures__VEGF A UP.V1 DN
MSigDB_Oncogenic_Signatures,TGFB UP.V1 DN,prerank,0.34697138505471947,1.4062932080404054,0.006507592190889371,0.043592776236182504,0.711,45_174,45/174,17.47%,MRPS6;SLC5A3;TLR5;PRX;ZMYND8;PPP1R3D;ZNF395;FRAT2;CLEC2B;BCL6;GOLPH3L;IRF1;FSTL3;TBX19;RBM47;TRPM4;IRF5;PHF15;FOXO4;ANGPTL4;ADRB2;SMAD7;SLC30A1;CXCL1;PLEKHF1;CXCR7;BIRC3;VAV3;SCGB1D2;ZNF652;IGFBP1;TMCC2;RAI2;SAP30;ZNF74;PAQR5;GATA3;TRO;FHL3;AVPI1;SMPD2;SPRY1;RGS2;FBXL15;FNDC3B,MRPS6;SLC5A3;TLR5;PRX;ZMYND8;PPP1R3D;ZNF395;FRAT2;CLEC2B;BCL6;GOLPH3L;IRF1;FSTL3;TBX19;RBM47;TRPM4;IRF5;PHF15;FOXO4;ANGPTL4;ADRB2;SMAD7;SLC30A1;CXCL1;PLEKHF1;CXCR7;BIRC3;VAV3;SCGB1D2;ZNF652;IGFBP1;TMCC2;RAI2;SAP30;ZNF74;PAQR5;GATA3;TRO;FHL3;AVPI1;SMPD2;SPRY1;RGS2;FBXL15;FNDC3B;FCN3;FBXL14;THBD;GCH1;PEX12;ID2;OTUB2;FAM13A;ADAMTS1;MLYCD;PLXNA2;CXCL2;NPEPPS;OSR2;CCDC130;ID1;TBC1D22B;TUFT1;HSD3B2;MAPKBP1;PGBD5;MRM1;HSPG2;SPRY2;LGR4;SNAPC4;RDH16;SYBU;NR2F2;PIK3R3;NPAS1;RASL10A;CDKN1B;GPRC5C;CHST7;SDPR;TEK;CCDC51;PCBP3;MINPP1;CAV3;IFIT1;MITF;PRR15L;CHRND;HSF2;GPR39;RPP25;PTCH1;CHRNG;ZNF512B;NUDT6;ARID5B;FRS3;ZNF696;COL4A1;STK38L;RAB38;GNE;KIF18A;PTGER4;ZXDC;KIAA0922;SAV1;PEX11B;BAG4;HS3ST1;IL36G;ZNF184;SKP2;UGT8;ZFP64;ATRNL1;SLC35A1;TF;NRSN2;ENTPD7;MYBL1;FRMD4B;RAB33A;RNF43;KITLG;BET1L;TP53BP1;KIAA1467;ANKMY2;IFIT2;CITED2;EVI2A;TFAP2A;ZPBP;RIMS2;SERTAD2;EHF;WNT8B;PTX3;FANCF;SEPT4;TM7SF3;POLL;CYP2E1;ZNF292;BDKRB2;SH3TC2;EIF2AK3;NUDT18;RGL1;AP1AR;MPPED2;UPK2;IRX5;RAB11FIP2;MN1;DUSP6;GNAI1;IFT74;EHHADH;DDX58;GIT2;CXADR;IFIT3;MUSK;HAPLN1;PLA2G12A;NUFIP1;EYA4;ANKMY1;RASGRF1;DUSP4,"[21, 59, 95, 182, 258, 313, 348, 388, 389, 489, 493, 538, 583, 898, 921, 1029, 1040, 1280, 1318, 1365, 1595, 1659, 1726, 1774, 1884, 1941, 1994, 2050, 2115, 2117, 2133, 2134, 2154, 2262, 2402, 2490, 2530, 2689, 2753, 2763, 2796, 2949, 2984, 3039, 3059, 3542, 3638, 4174, 4221, 4369, 4494, 4528, 4967, 5129, 5543, 5561, 5578, 5662, 5665, 5990, 6042, 6309, 6335, 6446, 6455, 6508, 6634, 6635, 6637, 6660, 6681, 6684, 6738, 6803, 6862, 6863, 7048, 7452, 7539, 7601, 7689, 7870, 8004, 8091, 8140, 8160, 8187, 8314, 8345, 8390, 8519, 8632, 8803, 9019, 9061, 9158, 9309, 9401, 9443, 9641, 9975, 9982, 10152, 10191, 10289, 10354, 10624, 10965, 11072, 11074, 11230, 11344, 11347, 11361, 11550, 11563, 11642, 11692, 11863, 11964, 11974, 12136, 12207, 12243, 12306, 12395, 12483, 12670, 12764, 12815, 12846, 12848, 12866, 12873, 12910, 12927, 13082, 13109, 13183, 13192, 13208, 13210, 13368, 13848, 13904, 14038, 14095, 14242, 14478, 14600, 14841, 14846, 15060, 15385, 15637, 15762, 15907, 15912, 15916, 15942, 15947, 15973, 15992, 16032, 16037, 16042, 16254, 16268, 16352, 16375, 16524, 16683, 17048, 17396]",MSigDB_Oncogenic_Signatures__TGFB UP.V1 DN
MSigDB_Oncogenic_Signatures,TGFB UP.V1 UP,prerank,0.3521946698392947,1.3893647912659373,0.010893246187363835,0.05069706974528164,0.777,36_175,36/175,14.78%,JMJD6;SMTN;SMOX;RRAD;NFATC4;HLX;TLE3;FLT4;PPP1R13L;STC1;CLCF1;PIK3CD;FOXF2;TBC1D2B;MPZL2;CHST11;TBX3;LIF;ID3;MKL1;PDLIM4;CSF1R;PFKFB3;GADD45B;ITGA5;HYAL1;ZFP36L1;CRYAB;JAM2;KDM6B;CD163;CHST3;MTRF1;SNAI1;MED18;TBPL1,JMJD6;SMTN;SMOX;RRAD;NFATC4;HLX;TLE3;FLT4;PPP1R13L;STC1;CLCF1;PIK3CD;FOXF2;TBC1D2B;MPZL2;CHST11;TBX3;LIF;ID3;MKL1;PDLIM4;CSF1R;PFKFB3;GADD45B;ITGA5;HYAL1;ZFP36L1;CRYAB;JAM2;KDM6B;CD163;CHST3;MTRF1;SNAI1;MED18;TBPL1;KLF4;JUN;NGF;ABTB2;WNT3;SLC26A2;SPHK1;CASP5;SMAD6;WNT4;PPARD;KHDC1;WNT7A;CDKN2B;SSBP3;TFEB;HRH1;SGK1;KCNN4;LYPD1;NCOR2;BRDT;DLC1;COL16A1;LTBP2;BHLHE40;ZCCHC14;IL1RL1;CSNK1E;IRS1;EDN1;HTR1D;ANKLE2;ATF3;TNFAIP8;WNT16;CTGF;FZR1;KANK1;FERMT2;WNT11;RGS12;PMEPA1;PHF16;MAFB;RGS11;CDKN2AIP;JUNB;SPSB1;PDGFB;CYP2J2;SOCS6;MAP3K4;SEC14L2;OVOL2;T;AKAP12;PAIP2B;MYBPC2;ABCG1;SLCO2A1;DACT1;PDGFA;ELK3;ETS2;IL11;RUSC2;ZNF654;SKIL;RHOB;HS3ST2;ITGB6;S100A3;RNASE4;F2RL1;BHMT;CKMT2;FOXD1;LIPG;LARP6;ACSBG1;SKAP1;FNBP1L;BMPR2;MLXIP;EPHA4;DPY19L1;TRIB1;TNS4;RNF19B;CYTH1;ELL2;BCOR;SMURF2;FGF1;PHLDB1;CST6;CYP26B1;RCOR1;KLF7;PKIA;PLEKHA1;ARHGAP12;FAT4;MATN1;CCDC93;RAPGEF2;PMP22;CD3EAP;DDC;SLC7A6;LEMD3;TUBB4A;THPO;PVRIG;YIPF5;TULP4;NDST1;CAPRIN2;KLF10;TAGLN;ANK1;CCDC82;UBL3;MMD;CDK17;JMJD1C;NTF3;ADAM22;LRP12;SMURF1;CYP24A1;PPP2R2B;DYRK2;SCHIP1;LMCD1;TMC7;DIEXF;MAS1,"[31, 49, 80, 239, 262, 337, 349, 525, 613, 634, 750, 790, 923, 934, 937, 1014, 1154, 1188, 1413, 1519, 1521, 1549, 1594, 1626, 1748, 2015, 2102, 2111, 2156, 2172, 2304, 2417, 2431, 2526, 2582, 2588, 2806, 2824, 3051, 3321, 3325, 3546, 3596, 3624, 3626, 3643, 3681, 3825, 3834, 3838, 4178, 4229, 4460, 4545, 4563, 4571, 4578, 4652, 4657, 4683, 4705, 4717, 4782, 4810, 5083, 5115, 5566, 5643, 5656, 5684, 5744, 5824, 5847, 5882, 5982, 6039, 6105, 6151, 6198, 6384, 6394, 6480, 6496, 6511, 6530, 6544, 6548, 6633, 6651, 6673, 6704, 6937, 6959, 7028, 7422, 7499, 7514, 7544, 7604, 7613, 7937, 8041, 8374, 8389, 8425, 8719, 8733, 8865, 8986, 9014, 9196, 9256, 9468, 9543, 9619, 9668, 9824, 9826, 9957, 10005, 10073, 10180, 10188, 10208, 10297, 10810, 10917, 10930, 11173, 11219, 11280, 11333, 11446, 11581, 11600, 11636, 11726, 11794, 11798, 11975, 12095, 12371, 12603, 12705, 13039, 13144, 13261, 13265, 13545, 13556, 13927, 14152, 14213, 14395, 14413, 14531, 14577, 14850, 14862, 14898, 15045, 15135, 15310, 15460, 15599, 15686, 15731, 15989, 16160, 16186, 16288, 16655, 16666, 17067, 17432]",MSigDB_Oncogenic_Signatures__TGFB UP.V1 UP
MSigDB_Oncogenic_Signatures,RELA DN.V1 DN,prerank,0.35972509154264876,1.38572398223607,0.014861995753715499,0.05127237818565129,0.787,38_118,38/118,21.21%,GPER;IL17RB;IL2RG;RAMP1;RFX2;TMEM176A;NFE2;MUC4;CLDN6;C7;KCNJ15;SRPX2;HSD17B1;CCNK;CXCL11;OXT;MYOM2;PC;RHOH;PRRG2;IL7R;EMR1;CD53;CD247;GNMT;HTR3A;SERPIND1;CASC5;ATP6V0A4;GNRH2;MECOM;PLA2G10;DUOX2;FTCD;TEF;CXCL10;NPL;TXNRD2,GPER;IL17RB;IL2RG;RAMP1;RFX2;TMEM176A;NFE2;MUC4;CLDN6;C7;KCNJ15;SRPX2;HSD17B1;CCNK;CXCL11;OXT;MYOM2;PC;RHOH;PRRG2;IL7R;EMR1;CD53;CD247;GNMT;HTR3A;SERPIND1;CASC5;ATP6V0A4;GNRH2;MECOM;PLA2G10;DUOX2;FTCD;TEF;CXCL10;NPL;TXNRD2;TFEC;ECEL1;BMPR1B;PRSS8;SLC9A5;MMP16;MST1R;TBX5;CALY;TRAF1;CYTIP;PSD;CLCN1;P2RY6;VEGFC;FMO5;LGALS4;SIGLEC5;RBMXL2;RAB30;L1CAM;TAF13;HIST1H2AE;GDF5;NEURL;SLC22A18AS;HOXD3;GSTM1;CAPN9;SPINK2;TACR3;IDUA;CA9;SEZ6L;CUBN;SEMA3A;HAS1;KCNK5;WNT2;CH25H;RASA3;KCNA2;KLK7;DLK1;EGFL6;TNNI3;SLC12A5;AVP;HRC;PTPN7;MYOC;PTN;SPRY4;DNAJC15;CHIT1;DNMT3A;MYOM1;KRT1;PSCA;ADRA1D;KCNJ1;CDON;STAG3;XPNPEP2;GCNT1;MBNL2;NNAT;HTR3B;TNFRSF8;UTS2;PVRL1;KLF8;PKLR;RBP1;HDAC9;TACSTD2;GPR3;DSG3;NRXN3;RBBP9,"[29, 34, 180, 260, 436, 541, 688, 766, 864, 1107, 1123, 1290, 1515, 1542, 1566, 1666, 1780, 1947, 1975, 2075, 2230, 2331, 2531, 2564, 2626, 2787, 2837, 2921, 3028, 3187, 3227, 3358, 3366, 3439, 3640, 3676, 3695, 3714, 3880, 4113, 4114, 4170, 4179, 4548, 4680, 4864, 5523, 5590, 5717, 6059, 6100, 6180, 6620, 6672, 6870, 7082, 7128, 7444, 7827, 7834, 7914, 7956, 7969, 8051, 8062, 8329, 8382, 8495, 8564, 8588, 8610, 8713, 8753, 8858, 9101, 9341, 9348, 9360, 9446, 9477, 9717, 10158, 11003, 11027, 11225, 11326, 11419, 11431, 11890, 11900, 12130, 12149, 12295, 12561, 12609, 12750, 12758, 13269, 13274, 13288, 13300, 13817, 13886, 14138, 14424, 14522, 15094, 15437, 15463, 15505, 15524, 15663, 15818, 16130, 16438, 16590, 16969, 17513]",MSigDB_Oncogenic_Signatures__RELA DN.V1 DN
MSigDB_Oncogenic_Signatures,TBK1.DF UP,prerank,0.32837884939317813,1.3901060793047346,0.0,0.05128963289814857,0.775,68_272,68/272,18.18%,G0S2;MMP9;NFIL3;CASP7;ANPEP;SH3TC1;EMP3;PNP;PLAUR;TRAM2;ZC3H12A;IGF1R;GOLPH3L;PCTP;CHIC2;SCO2;TNFRSF10B;S100A8;HMOX1;BID;PIK3CD;DDAH2;SLC2A3;BTG1;TMEM184B;RAB7L1;DNAJB6;PTK7;SWAP70;NME3;NCK2;RIT1;SNAP23;RUNX1;TP53I3;TRAPPC2;CRABP2;ADAM8;LAPTM4A;SLC30A1;CRIP2;ADCY9;MICA;PLEKHF2;TNFAIP3;GLTPD1;CYBRD1;GPR56;TFE3;AKR1C3;GNG11;CKB;PASK;CREM;TBPL1;ATPAF2;RIN2;SNX11;NFKB1;PKNOX1;TP53BP2;WWTR1;IL8;ITPK1;EFNA1;P2RX5;ARAP3;SIRPA,G0S2;MMP9;NFIL3;CASP7;ANPEP;SH3TC1;EMP3;PNP;PLAUR;TRAM2;ZC3H12A;IGF1R;GOLPH3L;PCTP;CHIC2;SCO2;TNFRSF10B;S100A8;HMOX1;BID;PIK3CD;DDAH2;SLC2A3;BTG1;TMEM184B;RAB7L1;DNAJB6;PTK7;SWAP70;NME3;NCK2;RIT1;SNAP23;RUNX1;TP53I3;TRAPPC2;CRABP2;ADAM8;LAPTM4A;SLC30A1;CRIP2;ADCY9;MICA;PLEKHF2;TNFAIP3;GLTPD1;CYBRD1;GPR56;TFE3;AKR1C3;GNG11;CKB;PASK;CREM;TBPL1;ATPAF2;RIN2;SNX11;NFKB1;PKNOX1;TP53BP2;WWTR1;IL8;ITPK1;EFNA1;P2RX5;ARAP3;SIRPA;RRAS;LSM6;ACYP1;PPP3CC;NF2;VCAN;RGS3;ATP10D;ARAF;PRSS3;GCH1;RABIF;CLDN4;TMEM45A;SLC2A10;DUSP14;TMED5;SRPX;NGFR;TNS3;OSBPL2;IQCK;CCDC6;IL1R1;GRINA;CIB1;PLAU;FKBP1B;DAAM1;CXCL2;GPX2;ATF3;KCTD14;TNFAIP8;SLC38A6;SLC37A1;FERMT2;TNFAIP1;GALNT10;TUFT1;ABR;PPAP2C;VOPP1;PELI1;LSP1;CD83;CAMK2G;HSPA2;DAB2;MAST3;SLC35A2;TPST1;MGLL;STEAP1;RGS20;TNFAIP2;SAP30BP;UXS1;PHF10;PIP4K2C;OCRL;ICT1;MAST4;DCUN1D2;TMEM104;BBS1;CORO1A;CGRRF1;PROS1;MINPP1;SLCO3A1;PXDN;NFKBIE;MEX3D;PID1;CCNJL;NUDT4;ENO2;CCDC68;BTG3;CCDC109B;GTF2E1;ENDOG;TBC1D13;FAM63B;DERA;ANXA6;FAM57A;ATP11B;CDK8;MAP3K2;ITGAV;PRPF4B;IFT57;LIPG;RB1;NT5C2;CDC42EP3;OSTM1;KIAA0355;MCAT;VAMP3;GINS1;TUBB2A;DPY19L1;RAB21;RAB4B;DLG3;HSD11B1;SNCA;EPB41L4B;DNMT3B;SLC39A4;LIPT1;TMEM50A;NRBF2;CIAPIN1;EIF4B;CHD9;DUSP3;UBA3;RABGEF1;PTK6;RLN2;SERPINB13;DUSP5;MYBL1;HBEGF;IGSF3;RNF103;TEX2;TRAK2;IL1A;ACVR1;FZD6;EXTL2;KLF11;ANKMY2;INPP5F;TMEM41B;DEGS1;SERTAD2;PEG10;GOLGA8A;SNX10;SLC33A1;FEZ1;DNAJC17;STEAP1B;OPN3;SLC39A6;USP10;GCC2;CLCA2;STX3;ARIH2;MKL2;C1GALT1C1;AVL9;PPP2R3A;NETO2;NFYA;PAQR3;RHOBTB1;TTC33;TMEM40;CHGB;FAM69A;TRIM36;PHTF2;SNX24;TIMP4;MREG;PTHLH;TGFA;SACS;RNF38;GALNT12;NUP62CL;LPXN;GPHN;RNGTT;GPR107;SPOCK1;BEX4;LRP12;GTF2H1;RAD51AP1;CD97;ZDHHC6;GCA;SCHIP1;CNNM4;CSGALNACT2;EML1;DMTF1;STX12;PCLO;TUBA1A;ENDOD1;STAM;LANCL1;ZFYVE16;FAT2,"[1, 27, 110, 112, 149, 268, 270, 271, 296, 394, 480, 486, 493, 500, 517, 524, 539, 639, 693, 779, 790, 801, 833, 856, 897, 916, 968, 1081, 1261, 1299, 1329, 1364, 1381, 1384, 1426, 1457, 1490, 1533, 1592, 1726, 1816, 2127, 2136, 2159, 2189, 2254, 2338, 2351, 2359, 2427, 2472, 2545, 2560, 2587, 2588, 2598, 2619, 2827, 2835, 2836, 2880, 2900, 2920, 2989, 3065, 3133, 3182, 3184, 3458, 3504, 3599, 3642, 3658, 3662, 3774, 3791, 3967, 4176, 4221, 4330, 4357, 4400, 4514, 4585, 4616, 4900, 4970, 4975, 4990, 5004, 5060, 5151, 5176, 5183, 5250, 5466, 5546, 5578, 5584, 5684, 5718, 5744, 5811, 5992, 6039, 6168, 6299, 6335, 6349, 6448, 6523, 6537, 6575, 6724, 6774, 6834, 7000, 7038, 7068, 7096, 7099, 7137, 7144, 7216, 7220, 7527, 7676, 7726, 7748, 7825, 7868, 7878, 7901, 7968, 8042, 8055, 8108, 8140, 8210, 8227, 8430, 8503, 8511, 8636, 8678, 8715, 8720, 8730, 8859, 8939, 8993, 9022, 9054, 9122, 9127, 9232, 9302, 9311, 9404, 9460, 9494, 9526, 9619, 9620, 9736, 9763, 9827, 9833, 9840, 9874, 9881, 9904, 10188, 10238, 10294, 10405, 10667, 10959, 11043, 11295, 11349, 11472, 11482, 11640, 11795, 11807, 11886, 11967, 11970, 12006, 12025, 12040, 12116, 12154, 12207, 12285, 12354, 12494, 12501, 12578, 12614, 12679, 12762, 12841, 12843, 12846, 12930, 13008, 13075, 13109, 13155, 13289, 13303, 13356, 13416, 13486, 13492, 13548, 13550, 13738, 13748, 13774, 13869, 13897, 13906, 13928, 13936, 13962, 14015, 14044, 14073, 14107, 14115, 14124, 14158, 14159, 14180, 14261, 14355, 14682, 14810, 14886, 14919, 14961, 14962, 14994, 15133, 15176, 15320, 15470, 15507, 15630, 15631, 15686, 15705, 16001, 16033, 16069, 16283, 16288, 16290, 16511, 16854, 16907, 16944, 16957, 17082, 17163, 17215, 17264, 17329, 17517]",MSigDB_Oncogenic_Signatures__TBK1.DF UP
MSigDB_Oncogenic_Signatures,ESC V6.5 UP LATE.V1 UP,prerank,0.3466892845022678,1.383190440446822,0.008908685968819599,0.05176881673589067,0.792,29_174,29/174,10.63%,FXYD2;P4HA2;MACROD1;PTH1R;FZD8;RGL3;SIX5;P4HA1;GAS1;FRAT2;CYBA;APOA1;FZD2;RIPK4;DCXR;HBE1;IER5;PODXL;PURG;KIAA0930;VEGFB;LCP1;NARF;PKDCC;VAMP8;FGFRL1;WLS;PLOD2;CTDSPL,FXYD2;P4HA2;MACROD1;PTH1R;FZD8;RGL3;SIX5;P4HA1;GAS1;FRAT2;CYBA;APOA1;FZD2;RIPK4;DCXR;HBE1;IER5;PODXL;PURG;KIAA0930;VEGFB;LCP1;NARF;PKDCC;VAMP8;FGFRL1;WLS;PLOD2;CTDSPL;TINAGL1;APOC2;TMPRSS2;FOXQ1;COL2A1;SMPD2;BAIAP2L1;SEPN1;CTSH;PLXNB2;ANKS1A;EFNA1;TNNC1;MYL3;OCLN;CDH2;PDZRN3;STX2;LOXL2;TCN2;PRSS8;SLC22A23;GPC3;GRIK5;SIL1;MFAP2;KDELR3;DKK1;LIMD2;ARID3B;ARHGEF16;FARP1;AMOT;FGF8;GRINA;SLC27A3;CMTM8;APLNR;TNNT2;EGLN3;LPIN2;CHST15;NDRG1;HBZ;AFP;RAMP2;DAB2;MOSPD1;RNF130;HPN;CD55;SOX17;GPRC5C;GYG1;H1F0;ARF5;POSTN;SEL1L3;FRZB;PCMTD2;GPX3;FOXA1;COL4A2;RAI1;SPOCK2;TSPAN7;SLC39A8;CUBN;IGF2BP2;HEY1;CYP26A1;SCCPDH;BVES;ARFGAP3;VIL1;ZFPM1;APOB;RBP4;SEPP1;SPP2;CITED1;NENF;COL4A1;CLDND1;GATS;MYLIP;MSX2;PTPN13;PRICKLE1;APOM;BMP2;EPB41;FAM107B;G6PC3;SGCE;NUDT11;SATB1;PDLIM3;PRSS12;MICU1;BBX;LGMN;UNC5B;CCNG2;TTR;MYO6;SLIT3;HBG2;GATAD2B;NAGLU;LMBRD1;TMEM98;PLAGL1;SOAT2;FBXL20;RHOU;FAM134B;PARM1;HNF1B;SH3RF1;DPP4;OPN3;CA4;KRT7;RNF128;STX7;MTTP;TRAPPC6A;KIF21A;ZDHHC9;ZNF521;APP;GATA6;CA14;SAMD8;RASAL2;RECK;PRKACB;PJA2;FGF5;HEXA;EOMES;IMPAD1;NRK;LHX1,"[5, 12, 101, 218, 225, 264, 290, 306, 310, 388, 417, 666, 841, 866, 918, 1051, 1066, 1091, 1240, 1305, 1509, 1537, 1625, 1687, 1711, 1713, 1784, 1827, 1862, 2056, 2165, 2381, 2571, 2752, 2796, 2815, 2829, 2919, 2956, 2958, 3065, 3173, 3253, 3491, 3499, 3615, 3724, 4066, 4077, 4170, 4287, 4351, 4406, 4508, 4570, 4620, 4704, 4912, 4933, 4968, 4982, 4997, 5132, 5176, 5203, 5329, 5520, 5671, 5778, 5918, 6099, 6152, 6646, 6888, 6924, 7000, 7127, 7240, 7279, 7474, 7508, 7539, 7652, 7673, 7702, 7719, 7824, 7828, 7911, 7945, 8215, 8242, 8372, 8470, 8501, 8529, 8753, 8776, 8866, 8895, 8900, 9083, 9192, 9305, 9318, 9399, 9547, 9682, 9788, 9851, 9864, 9975, 10054, 10298, 10445, 10513, 10575, 10729, 10777, 10854, 10919, 10958, 10974, 10978, 11019, 11290, 11501, 11613, 11679, 11697, 11720, 11819, 11833, 12341, 12363, 12463, 12472, 12672, 12695, 12699, 12834, 12860, 12861, 12920, 12996, 13168, 13243, 13408, 13484, 13510, 13548, 14112, 14141, 14176, 14476, 14598, 14606, 15211, 15224, 15528, 15665, 15710, 15830, 15860, 15903, 16270, 16466, 16665, 16780, 17062, 17333, 17474, 17477, 17510]",MSigDB_Oncogenic_Signatures__ESC V6.5 UP LATE.V1 UP
MSigDB_Oncogenic_Signatures,KRAS.DF.V1 UP,prerank,0.33959761911028663,1.3809809896167389,0.017316017316017316,0.052044382780633516,0.797,63_181,63/181,24.69%,SMTN;ANPEP;RRAD;ZMYND8;EMP3;HCLS1;BCL3;ACADVL;BCL6;SMARCD3;GFPT2;TLR2;S100P;CDA;MAP3K6;FAM173A;CLDN5;BCL2L1;EHBP1L1;TM4SF1;LTBP3;TP53I3;RASIP1;ADAM8;IFITM1;CCL20;MED24;CXCL1;CSF3;CTNNBL1;CXCL3;SAP30;DDB2;AKR1C3;GNG11;QPRT;BMP6;IRF9;CRYZ;IL8;RAC2;RGS2;SCAND1;ISG20;MUM1;PLIN3;SLC26A2;IFI27;SMARCA1;VCAN;KHDRBS3;CDKN2B;CXCL5;SERPINE1;LOXL2;CCDC85B;CALHM2;PRSS3;GLRX;GCH1;AURKB;SPAG4;DLGAP4,SMTN;ANPEP;RRAD;ZMYND8;EMP3;HCLS1;BCL3;ACADVL;BCL6;SMARCD3;GFPT2;TLR2;S100P;CDA;MAP3K6;FAM173A;CLDN5;BCL2L1;EHBP1L1;TM4SF1;LTBP3;TP53I3;RASIP1;ADAM8;IFITM1;CCL20;MED24;CXCL1;CSF3;CTNNBL1;CXCL3;SAP30;DDB2;AKR1C3;GNG11;QPRT;BMP6;IRF9;CRYZ;IL8;RAC2;RGS2;SCAND1;ISG20;MUM1;PLIN3;SLC26A2;IFI27;SMARCA1;VCAN;KHDRBS3;CDKN2B;CXCL5;SERPINE1;LOXL2;CCDC85B;CALHM2;PRSS3;GLRX;GCH1;AURKB;SPAG4;DLGAP4;SLC2A10;PDLIM2;STX4;DKK1;IL1RL1;SRPX;PLAU;PPM1D;FKBP1B;PITPNC1;TBC1D8;ING2;PLAT;ALDH7A1;GSTT2;G6PD;HERC5;PPAP2C;PELI1;VEGFC;SPRY2;BBS9;NRP1;ETNK1;DNASE1L1;HS3ST3A1;HSPA2;HRSP12;SERPINB1;IFI35;AKAP12;STEAP1;FADS2;LGALS3BP;CPVL;CHRNA5;ELK3;LRP8;INPP4B;SEC24D;CORO1A;E2F8;IFIT1;PXDN;TMEM158;ZNF654;PID1;MVP;FLRT3;STK4;COL6A3;TFPI2;JAK2;GLS2;ASPH;NAT1;ETFB;GALNT6;TMEM160;UBE2W;CAT;BMPR2;CBR4;GNE;DSN1;PTPRG;ALDOC;CUX2;BMP2;ARHGEF3;SMYD3;PDPN;ANKRD46;ABHD10;DPYSL2;CLPB;EIF4B;CCNG2;RGS17;GLMN;MTAP;DPYD;TUBG2;CBLC;RETSAT;BORA;SCG5;INPP5F;SLC22A4;MPI;SLC4A7;KIN;CUTC;TMEM135;TSPAN5;CAPRIN2;OBFC1;TIMP4;AKT3;FAM168A;BEX4;GATA6;PROCR;CCNT2;KIF3A;CD97;FUT8;INHBA;ALDH1A3;RPS6KA5;IFI44;IL13RA2;FAR2;PLCH2;GREM1;ATP9A;IFI44L;TRPC1,"[49, 149, 239, 258, 270, 286, 347, 411, 489, 545, 568, 745, 786, 815, 926, 980, 1059, 1087, 1176, 1244, 1388, 1426, 1432, 1533, 1596, 1617, 1673, 1774, 1776, 1900, 2258, 2262, 2302, 2427, 2472, 2546, 2547, 2767, 2780, 2920, 2938, 2984, 3036, 3309, 3385, 3518, 3546, 3603, 3650, 3662, 3779, 3838, 3891, 4011, 4066, 4067, 4141, 4176, 4181, 4221, 4224, 4286, 4325, 4514, 4583, 4586, 4704, 4810, 4900, 5250, 5276, 5466, 5618, 5675, 5742, 5897, 5966, 6342, 6351, 6447, 6448, 6537, 6620, 6637, 6638, 6661, 6698, 6732, 6801, 6834, 6838, 6844, 6879, 6959, 7137, 7286, 7314, 7336, 7557, 7613, 7888, 7953, 7965, 8042, 8154, 8187, 8227, 8243, 8389, 8511, 8574, 8686, 8809, 8818, 8832, 8889, 8917, 9020, 9217, 9264, 9275, 9285, 9294, 9839, 10005, 10131, 10191, 10329, 10411, 10567, 10764, 10854, 11016, 11302, 11303, 11379, 11389, 11489, 11710, 11807, 11833, 12096, 12199, 12284, 12366, 12478, 12618, 12655, 12799, 12854, 12930, 13349, 13410, 13450, 13820, 13841, 14026, 14191, 14413, 14520, 14682, 14998, 15218, 15631, 15710, 15775, 15787, 15974, 16033, 16183, 16208, 16272, 16291, 16309, 16321, 16371, 16498, 16612, 16806, 16902, 17384]",MSigDB_Oncogenic_Signatures__KRAS.DF.V1 UP
MSigDB_Oncogenic_Signatures,JNK DN.V1 DN,prerank,0.34726323462856773,1.3775651089567944,0.021321961620469083,0.05331578872795147,0.808,40_163,40/163,17.21%,G0S2;FXYD2;ITGA10;MIA;SERPINF2;INPPL1;OR7A5;SIPA1;VASP;GJA4;SMARCD3;POLD1;PLK1;ITGB2;PML;UBE2C;IRF8;IRF2BP1;PLCD1;IRGC;ACVRL1;CDC45;ASGR1;NR2E1;STK35;TBKBP1;TENC1;SRC;TULP1;LY86;CRYBA1;BTK;TRO;TYMP;CTRC;KCNJ8;GPR171;DYRK3;SPRY1;OPRK1,G0S2;FXYD2;ITGA10;MIA;SERPINF2;INPPL1;OR7A5;SIPA1;VASP;GJA4;SMARCD3;POLD1;PLK1;ITGB2;PML;UBE2C;IRF8;IRF2BP1;PLCD1;IRGC;ACVRL1;CDC45;ASGR1;NR2E1;STK35;TBKBP1;TENC1;SRC;TULP1;LY86;CRYBA1;BTK;TRO;TYMP;CTRC;KCNJ8;GPR171;DYRK3;SPRY1;OPRK1;NPY1R;SERPING1;SYT17;NRP2;GCGR;MFSD7;BCL2L11;ETS1;UBL4A;PTPN18;ARHGAP4;SHB;NFKBIL1;RGS16;ZIC2;RND1;ABCA4;ZCCHC14;PTP4A3;NPR1;RARA;CYP1A1;MAFK;FER;NMB;CABP1;STON1;SMAP1;P2RX3;CAPN11;SOX10;SMAD9;PDGFB;EFNA5;VEGFC;EPHB1;THY1;JPH3;BLM;STEAP1;NDRG2;GRIN2C;DUSP8;FAM110B;ZRSR1;AR;APOBEC3F;MAT1A;LRP8;NRGN;SGCG;RGS14;KLHL35;IDUA;GGCX;RAB11FIP3;BCL9;PIM2;SMYD2;RAB6B;FAM182B;PACRG;ABHD2;MCAT;PDE6H;NELL2;KAT5;KCNA4;CDC42EP2;SLC12A5;PCYT1B;APLP1;PFAS;TTLL3;MMP2;HSD17B3;ANKRD1;QSOX1;TRAF6;YPEL1;ZNF549;DAAM2;GPR12;KIF22;CRYM;MYL9;SV2B;GCNT1;KPNA3;CDKN3;PAQR4;MBNL2;IL2RB;DENND5A;PCDH9;FABP6;MLL;NAT8;PLCB1;WIPF1;TSPAN2;POP1;SLC14A2;CHD1L;NOVA1;FAM131B;FLRT1;MAP1B;SVEP1;GIT2;LRIG2;SLC6A5;KNTC1;KCNV2;ATP2A3;RCAN2;TNIK;RIMS1;ARR3;COL13A1;RAB40A;DUSP4;ERVW-1,"[1, 5, 52, 53, 96, 157, 169, 226, 382, 430, 545, 863, 869, 902, 985, 1115, 1129, 1310, 1474, 1514, 1627, 1692, 1998, 2060, 2087, 2100, 2112, 2278, 2384, 2387, 2605, 2617, 2689, 2704, 2747, 2848, 2871, 2923, 2949, 3014, 3215, 3289, 3298, 3520, 3575, 3583, 3812, 3821, 3886, 3962, 3994, 4220, 4525, 4541, 4599, 4614, 4735, 4782, 4879, 5045, 5072, 5385, 5461, 5664, 5775, 5908, 5954, 5977, 6174, 6340, 6399, 6481, 6544, 6617, 6620, 6652, 6789, 6830, 6875, 7137, 7185, 7345, 7440, 7463, 7504, 7620, 7741, 7783, 7888, 8054, 8212, 8321, 8498, 8588, 8798, 8838, 8949, 9063, 9184, 9215, 9677, 9750, 9828, 9840, 10075, 10078, 10458, 10523, 10934, 11225, 11300, 11430, 11536, 11631, 11784, 11815, 11940, 11986, 11998, 12300, 12677, 12746, 13089, 13220, 13417, 13517, 13793, 13886, 13887, 13942, 14119, 14138, 14160, 14210, 14317, 14332, 14766, 14827, 14865, 14990, 15321, 15363, 15440, 15554, 15560, 15587, 15702, 15803, 15874, 16032, 16048, 16180, 16260, 16359, 16443, 16461, 16472, 16492, 16993, 17066, 17330, 17396, 17407]",MSigDB_Oncogenic_Signatures__JNK DN.V1 DN
MSigDB_Oncogenic_Signatures,PRC1 BMI UP.V1 UP,prerank,0.3455490662314479,1.375855999385668,0.008350730688935281,0.053359780945099806,0.813,31_158,31/158,12.38%,MIA;CARD14;UPK1A;FKBP5;GAS1;FES;FOXJ1;PLA1A;PCK1;APOA1;ZNF771;PAGE4;AANAT;SLC9A3R2;TRPM4;MAPK3;ITGA7;CIITA;TBXAS1;GFAP;AP1G2;RDH5;HLA-DPB1;GNB1L;TPSD1;HYAL1;LY6G6C;DNMT3L;PRRG2;LAMC3;MTHFS,MIA;CARD14;UPK1A;FKBP5;GAS1;FES;FOXJ1;PLA1A;PCK1;APOA1;ZNF771;PAGE4;AANAT;SLC9A3R2;TRPM4;MAPK3;ITGA7;CIITA;TBXAS1;GFAP;AP1G2;RDH5;HLA-DPB1;GNB1L;TPSD1;HYAL1;LY6G6C;DNMT3L;PRRG2;LAMC3;MTHFS;QPRT;CALCA;FBXO17;PYCARD;E2F5;FBXL8;BMI1;EVPL;CUL9;BBC3;CLIC3;RND2;PSD4;PRSS8;GNA15;TSPAN12;MYH13;FGFR3;HAPLN2;LRRC36;CLDN14;PLIN1;CACNA2D2;SLC27A3;TNNT2;CYP27A1;SYN1;SLC22A6;P2RX3;GABARAPL3;PILRA;PDGFB;EFNA5;OVOL2;T;STMN3;PADI1;CA5A;ADCK4;FZD10;GPR183;SNTG1;ZNRF4;GALK1;MLL2;BARX1;FNDC4;MLLT1;APOBEC3F;HHIPL2;KCNJ4;CORO1A;CYP2C19;IFIT1;KCNC1;SDK2;NXT2;CXCR6;FN3K;RNF19A;HCN4;LIPE;ADAMTS7;CNGB3;GJC2;PLXNB3;SPINT1;NACAD;DNAI1;ZXDC;SLC16A10;PACSIN3;DDX25;HCRTR2;SLC25A23;RBPJL;DPY19L4;EPHX2;LHX6;KCNF1;LMOD1;SHANK1;MPPED1;USP46;TM4SF20;ARSD;SPTBN2;KBTBD11;OPCML;PIK3C2G;FLG;SOAT2;FAM106A;PEAK1;NAT6;GLRA2;MON1B;NPFFR1;PTPRO;PQLC3;SV2B;PROP1;CLSPN;RNF2;PCDHA10;CAND1;FKBP6;RAPGEF5;ATP8A2;RAD54L2;ONECUT2;CHM;CYP3A7;LRP12;IMPG2;PNPLA3;ANKS1B;BPNT1;CHRNA3;PWWP2A;KIAA0368;OXNAD1;ATP2A3;L2HGDH;MFSD6;SYN3;DCC,"[53, 171, 206, 246, 310, 329, 346, 365, 572, 666, 699, 702, 807, 1008, 1029, 1114, 1142, 1218, 1346, 1409, 1435, 1485, 1615, 1778, 1919, 2015, 2025, 2064, 2075, 2141, 2167, 2546, 2750, 2904, 3056, 3102, 3587, 3628, 3645, 3767, 3816, 4030, 4135, 4136, 4170, 4188, 4238, 4358, 4371, 4492, 4713, 4823, 4945, 5057, 5203, 5671, 5688, 5960, 6062, 6174, 6207, 6494, 6544, 6617, 6704, 6937, 6953, 7163, 7210, 7264, 7367, 7403, 7469, 7495, 7555, 7633, 7664, 7706, 7714, 7741, 7831, 7845, 8042, 8163, 8187, 8302, 8545, 8881, 8931, 9011, 9115, 9710, 9728, 9804, 9814, 9900, 9915, 10018, 10056, 10376, 10624, 10799, 10881, 11042, 11168, 11236, 11314, 11578, 11584, 11608, 11804, 11847, 11951, 11969, 12012, 12094, 12142, 12210, 12356, 12443, 12690, 12766, 12861, 12953, 13015, 13169, 13211, 13277, 13327, 13395, 13498, 13793, 14084, 14087, 14327, 14391, 14466, 14509, 14567, 14653, 15051, 15348, 15551, 15570, 15686, 15769, 15827, 15981, 16034, 16155, 16251, 16303, 16379, 16443, 16638, 16818, 16830, 17281]",MSigDB_Oncogenic_Signatures__PRC1 BMI UP.V1 UP
MSigDB_Oncogenic_Signatures,WNT UP.V1 DN,prerank,0.3398240919391699,1.3395003348513945,0.018480492813141684,0.0739946777054997,0.911,39_154,39/154,17.42%,G0S2;ETV4;IRF7;DNASE1L3;RAMP3;CYBA;HSD3B7;STC1;MRAP;STK11IP;F10;HLA-DRB1;AIRE;TGFBR3;LBP;TAL2;PPP1R1A;NFATC2;GFAP;VEGFA;HLA-DMB;IGFBP6;CMBL;RASD1;TBXA2R;RAI2;ADCY4;LHB;VIM;NT5DC2;ABCA1;CLN3;SH2D2A;DARC;IRF9;SERGEF;CD93;TRAPPC5;NGF,G0S2;ETV4;IRF7;DNASE1L3;RAMP3;CYBA;HSD3B7;STC1;MRAP;STK11IP;F10;HLA-DRB1;AIRE;TGFBR3;LBP;TAL2;PPP1R1A;NFATC2;GFAP;VEGFA;HLA-DMB;IGFBP6;CMBL;RASD1;TBXA2R;RAI2;ADCY4;LHB;VIM;NT5DC2;ABCA1;CLN3;SH2D2A;DARC;IRF9;SERGEF;CD93;TRAPPC5;NGF;CD79B;PLA2G10;OCLN;MAPK7;PLA2G1B;FBXO8;TLR6;LSR;PXMP2;APC2;THBD;ABCC3;CECR5;OAS1;EFNB2;CD48;ST6GALNAC6;USP18;DNAJC4;CDO1;ADRB1;SYT8;HDGFL1;BIK;PLXNA1;ISG15;NEO1;TGFBR1;CD44;AGT;GBP4;CCDC130;SLC22A18;NMT2;FOXN3;ATP7B;NAGK;LAMA1;ST3GAL2;CELF1;TFR2;MEP1A;IFIH1;KCND1;CD5;LGALS3BP;GRIN2C;FAM60A;FZD7;CSF2RB;GPX3;ACVR1B;ADAM12;SEPT6;TUSC2;NGEF;HEY1;PIM2;MAP3K2;KCNA2;DIO2;COL9A1;KCNA4;OLFM1;GRM8;PCDH7;ADAR;CYTH1;AKR1E2;CEACAM1;TNNI3;DDX25;PTGS2;GGNBP1;EIF2AK2;PTPN22;CNTN1;DNAJC11;SLC1A6;DPF3;IL12RB1;KDM5A;KITLG;SDSL;ADAM19;NCOA2;RSPH1;TANC1;GABRG2;GPATCH2;MYOG;FAAH;MET;PHOSPHO2;TNFRSF21;TSPAN5;CMPK2;PCDHA10;ASH2L;TNFRSF8;CASQ2;PIGN;SYNGR4;UBR1;CFHR1;GSTA4;DDX46;CORT;PCP2;KCNA3;BPGM;SYT11;MMP3;MAK16;LHX1,"[1, 69, 161, 307, 378, 417, 502, 634, 667, 668, 770, 784, 847, 894, 1099, 1210, 1271, 1367, 1409, 1439, 1587, 1605, 1709, 1847, 2131, 2154, 2248, 2383, 2436, 2522, 2620, 2645, 2655, 2725, 2767, 2942, 2967, 3045, 3051, 3339, 3358, 3491, 3561, 3744, 3745, 3775, 3813, 3932, 4159, 4174, 4275, 4282, 4410, 4454, 4535, 4546, 4613, 4641, 4647, 4776, 5034, 5181, 5375, 5525, 5552, 5597, 5624, 5731, 5734, 5902, 5990, 6111, 6112, 6260, 6310, 6319, 6474, 6550, 6567, 6636, 6696, 6949, 6984, 7134, 7314, 7345, 7400, 7442, 7860, 7945, 8084, 8461, 8683, 8763, 8814, 8866, 9063, 9404, 9477, 9847, 10308, 10523, 10742, 10745, 10751, 10871, 10917, 10993, 11025, 11027, 11042, 11182, 11377, 11535, 11540, 11555, 11719, 11735, 11927, 12365, 12479, 12483, 12635, 12717, 13040, 13175, 13291, 13432, 13613, 13675, 13888, 13901, 13957, 14131, 14191, 14328, 14391, 14752, 15094, 15353, 15434, 15520, 15532, 15577, 15806, 15870, 15954, 16144, 16219, 16582, 17137, 17427, 17457, 17510]",MSigDB_Oncogenic_Signatures__WNT UP.V1 DN
MSigDB_Oncogenic_Signatures,KRAS.LUNG UP.V1 UP,prerank,0.3555911009224745,1.3403740239488842,0.038876889848812095,0.07461321121877006,0.909,31_111,31/111,18.71%,G0S2;SLCO4A1;AURKC;C3AR1;TMEM176B;LILRB1;EGFL7;MT3;IKZF1;TBX3;ANGPTL4;ADAM8;CCL20;SLC18A1;CSF3;SLC6A4;RETN;CRYAA;NES;CD247;SH2D2A;ADCYAP1R1;ST3GAL6;BCL2A1;DOCK2;IL8;NGF;CD80;ABCB1;ASGR2;LAG3,G0S2;SLCO4A1;AURKC;C3AR1;TMEM176B;LILRB1;EGFL7;MT3;IKZF1;TBX3;ANGPTL4;ADAM8;CCL20;SLC18A1;CSF3;SLC6A4;RETN;CRYAA;NES;CD247;SH2D2A;ADCYAP1R1;ST3GAL6;BCL2A1;DOCK2;IL8;NGF;CD80;ABCB1;ASGR2;LAG3;ETS1;WNT7A;IL23A;CXCL5;ZNF821;AKT2;ZBTB44;NDOR1;ZBTB48;CD48;NDNF;IL1RL1;SIGLEC15;DEFA5;JAK3;LRIG1;ALLC;TNNT2;CYTIP;SMPX;KCNA5;SLC6A11;CYP2J2;NRP1;HS3ST3A1;BANK1;HPN;PPP1R14D;CX3CR1;PDCD1LG2;FNDC8;TSPAN1;TMEM158;OGDHL;HTR7;PCDH17;SDCCAG8;RBP4;IFNA8;CLSTN3;POLM;NELL2;TTC22;BTC;CLEC4A;KIF5C;HSD11B1;FABP3;SLCO5A1;CECR1;SARM1;CELA2B;ZNF639;B3GNTL1;HBEGF;SCG5;EVI2A;GRIN2A;SLC16A8;NPHS1;PTPRR;IGSF1;PRKG2;ANO1;ADAMTS3;RNASE1;RGS4;ATG10;ZNF749;DCBLD2;NTM;ITGA2;FBXO4;LDB3;INHBA;DOCK4;IL13RA2;RELN;GPR3;NAV3,"[1, 46, 475, 582, 626, 820, 835, 967, 1092, 1154, 1365, 1533, 1617, 1763, 1776, 1789, 1835, 1964, 2023, 2564, 2655, 2758, 2797, 2841, 2897, 2920, 3051, 3114, 3190, 3226, 3277, 3821, 3834, 3864, 3891, 3948, 3956, 4364, 4376, 4520, 4535, 4714, 4810, 4828, 5080, 5207, 5218, 5342, 5671, 5717, 5912, 6341, 6443, 6548, 6661, 6801, 6877, 7279, 7543, 7588, 7607, 7854, 8183, 8243, 8254, 9170, 9333, 9338, 9547, 9616, 9643, 9808, 10078, 10150, 10247, 10598, 10618, 10667, 10707, 11183, 11321, 11369, 11775, 11832, 12016, 12285, 12854, 12873, 13106, 13319, 13323, 13925, 13995, 14050, 14132, 14335, 14461, 14643, 14943, 15004, 15459, 15469, 15635, 15994, 16152, 16208, 16312, 16321, 16364, 16438, 17240]",MSigDB_Oncogenic_Signatures__KRAS.LUNG UP.V1 UP
MSigDB_Oncogenic_Signatures,CAHOY ASTROGLIAL,prerank,0.3658632669941467,1.3286917889566134,0.05625,0.08155917684644427,0.929,24_89,24/89,17.11%,MRPS6;ATOH8;EMP3;FOXJ1;KLHL21;TNFRSF12A;CASP1;HMOX1;OGN;TSPO;TBC1D2B;LBP;C3;PSTPIP1;LPIN3;CP;LCN2;FMOD;AEBP1;BST2;RHOD;CCNG1;CRYGS;TIMP1,MRPS6;ATOH8;EMP3;FOXJ1;KLHL21;TNFRSF12A;CASP1;HMOX1;OGN;TSPO;TBC1D2B;LBP;C3;PSTPIP1;LPIN3;CP;LCN2;FMOD;AEBP1;BST2;RHOD;CCNG1;CRYGS;TIMP1;DEFB1;SERPING1;CCDC28B;RASSF4;GPNMB;OMD;SERPINE1;LOXL2;PKP2;LTBP2;COL5A1;MORC4;MSN;TRAF1;GNA14;PRSS23;CTTN;MYOF;ANXA1;LGALS3;GPR126;FBLN5;NUAK2;PSRC1;CD109;CASP12;IGFBP3;C1QTNF1;DYSF;PON3;ANXA4;PCDH17;EREG;FAS;LOX;PHACTR3;SLC24A3;MXRA8;FAM26E;COL4A6;ITGBL1;LRP2;PCDH8;WISP2;P2RY1;KIRREL3;TMEM37;CCDC96;PQLC3;CLCN4;NOX4;TAGLN;CNN1;SPATA6;GPHN;COL8A1;OMG;ATP8A1;GLIPR2;FAM178A;TDG;CAPS2;KAZALD1;ACTA2;VLDLR,"[21, 228, 270, 346, 361, 503, 645, 693, 753, 780, 934, 1099, 1102, 1136, 1274, 1606, 1836, 2003, 2412, 2419, 2653, 2754, 2939, 2996, 3286, 3289, 3454, 3564, 3711, 3803, 4011, 4066, 4440, 4705, 4715, 4928, 5230, 5590, 5615, 5736, 5769, 6084, 6173, 6287, 6658, 6820, 6973, 7247, 7252, 7296, 7570, 8073, 8098, 8955, 9157, 9333, 9491, 9493, 9652, 10011, 10083, 10161, 10542, 10672, 10842, 12026, 12418, 12480, 12524, 12541, 13199, 13311, 13498, 14020, 14437, 14577, 14675, 14763, 15320, 15368, 15648, 15652, 15929, 16279, 16308, 16873, 17035, 17077, 17256]",MSigDB_Oncogenic_Signatures__CAHOY ASTROGLIAL
MSigDB_Oncogenic_Signatures,PTEN DN.V1 UP,prerank,0.3310131805120444,1.321993235755803,0.02564102564102564,0.08427407610086764,0.937,45_159,45/159,17.98%,GPER;MIA;TCF7L1;CNTD2;TLE1;CYP39A1;PAGE4;ADRA2C;TGFBR3;ITGB2;OSGIN1;INHBB;FAM46C;NR2F1;HIST1H1T;MEFV;PSPH;MMRN2;HPR;FCER1G;KANK3;GADD45G;SHC2;LHX2;TNNT3;MYBPC1;MYOT;BMP7;LAMC3;HS3ST3B1;NGB;ALOX5AP;SRA1;ACSS3;PRSS50;TONSL;AQP1;C2;IRF9;RASL12;RGS2;PFKFB4;GEMIN7;GALR3;CHRNB1,GPER;MIA;TCF7L1;CNTD2;TLE1;CYP39A1;PAGE4;ADRA2C;TGFBR3;ITGB2;OSGIN1;INHBB;FAM46C;NR2F1;HIST1H1T;MEFV;PSPH;MMRN2;HPR;FCER1G;KANK3;GADD45G;SHC2;LHX2;TNNT3;MYBPC1;MYOT;BMP7;LAMC3;HS3ST3B1;NGB;ALOX5AP;SRA1;ACSS3;PRSS50;TONSL;AQP1;C2;IRF9;RASL12;RGS2;PFKFB4;GEMIN7;GALR3;CHRNB1;DEFB1;HOXB2;GDF10;ZNF22;AZU1;BMPR1B;DOK5;MAP3K5;NYNRIN;LYPD1;SLC9A2;DEFA5;JAG1;MX2;SLC30A10;EDN1;ARHGDIG;EEF1A2;UCHL1;ADRA2A;CNR2;CAPN11;TXNIP;SSBP2;PLCE1;MYO15A;PRKAR2B;GNAO1;CELSR2;PGR;CPVL;COL15A1;B3GAT1;TCHH;ZBTB10;KLRC4;BAI2;PTPRZ1;SPOCK2;CYP26A1;GLT8D2;H2AFY2;LRRC19;SCEL;TUBB2B;CLPS;GGTLC2;SEPP1;EFNB3;GJC2;FNBP1L;CLTCL1;LRCH1;EPHA4;IFNA6;SLC26A4;KCNQ4;RARB;ZNF613;P2RX6;CD27;NAP1L3;JAM3;MAL;GABRA5;NTNG1;MAN1A1;ATP6V1B1;CYB5R2;HTR1B;NFASC;FGF1;HSPA12A;PARK2;GAL3ST1;VCAM1;TUSC3;KALRN;MSC;PTPRJ;PCDHB12;FAM49A;WISP2;SORBS2;RBP3;EVI2A;BCL2L14;PDZK1;IL33;NR4A3;TMLHE;TMEM151B;ASPN;PCDHA5;CAMTA1;PRR16;CCDC102B;LPPR4;TSPAN2;SLC16A7;RSAD2;SPOCK1;HOXD1;KCNH7;SLC6A1;CDKL2;DSG3;RTP4;C5;COPG2;DCC;PAX3;BDNF;HTR2C,"[29, 53, 230, 331, 542, 637, 702, 831, 894, 902, 996, 1020, 1073, 1093, 1112, 1190, 1219, 1319, 1396, 1513, 1623, 1669, 1762, 1802, 1848, 1896, 1957, 2039, 2141, 2169, 2177, 2249, 2314, 2349, 2459, 2543, 2580, 2744, 2767, 2777, 2984, 3002, 3042, 3128, 3148, 3286, 3613, 3659, 3921, 4083, 4114, 4347, 4419, 4479, 4571, 4607, 5080, 5281, 5294, 5505, 5566, 5743, 5848, 5855, 5932, 6160, 6340, 6506, 6525, 6601, 6753, 6764, 6775, 6895, 7328, 7336, 7382, 7522, 7632, 7778, 7921, 7958, 8386, 8470, 8895, 9005, 9017, 9037, 9350, 9546, 9625, 9660, 9682, 9803, 9900, 9957, 10041, 10164, 10180, 10218, 10356, 10374, 10395, 10537, 10580, 10630, 10776, 10822, 10887, 10979, 11121, 11169, 11176, 11241, 11252, 11262, 11280, 11283, 11511, 11554, 11751, 11867, 11920, 12129, 12148, 12305, 12471, 12480, 12853, 12871, 12873, 12934, 13107, 13145, 13351, 13374, 13493, 14312, 14811, 15022, 15192, 15199, 15271, 15321, 15328, 15449, 15630, 15726, 15883, 16284, 16549, 16590, 17079, 17107, 17131, 17281, 17350, 17360, 17447]",MSigDB_Oncogenic_Signatures__PTEN DN.V1 UP
MSigDB_Oncogenic_Signatures,ALK DN.V1 DN,prerank,0.3463075698107444,1.3221987654421459,0.04592901878914405,0.08533867079106583,0.937,34_120,34/120,17.49%,MIA;SERPINF2;DNASE1L2;HSPA1L;FZD8;LPAR2;INPP5D;TTC38;SLMO1;SLA;DOK3;EFNA2;UNC93B1;PRODH;AP1G2;IGFBP6;ADORA3;PROZ;DNAJA4;CRYAB;CTF1;AGRP;AQP3;GPR162;THSD4;ABHD8;CTRC;IRF9;VAV1;DPEP1;FOS;MAEA;ADCY2;VPS37B,MIA;SERPINF2;DNASE1L2;HSPA1L;FZD8;LPAR2;INPP5D;TTC38;SLMO1;SLA;DOK3;EFNA2;UNC93B1;PRODH;AP1G2;IGFBP6;ADORA3;PROZ;DNAJA4;CRYAB;CTF1;AGRP;AQP3;GPR162;THSD4;ABHD8;CTRC;IRF9;VAV1;DPEP1;FOS;MAEA;ADCY2;VPS37B;SLC10A1;STUB1;RXRG;IFI27;CIC;CCDC81;LILRA6;OAS1;KCNN4;ESRP1;CD300C;KCNJ9;ARID3B;EFHD1;GPX2;CMKLR1;ITIH2;MYH1;FXYD6;PPP2R1A;MTHFR;PTK2B;DOC2A;CIDEB;NDRG2;FGL2;GRM2;TRIM17;VAV2;PSORS1C1;FOXA1;ATP2C2;MX1;PTPRZ1;GSG1;PRPH;GYPE;SEMA7A;CAMK2A;GPA33;BCMO1;HPX;DIO2;NAT2;GCKR;LECT1;GRB7;PYY;PTPRF;EGFL6;OLFM4;KCNC3;SERPINI2;RBPJL;DLGAP2;OPRD1;USP46;ST8SIA3;PCDH8;GPR45;ZFYVE26;IFI6;GABRG2;LCN1;LGR5;TIAM1;ANGPTL7;CHRM4;COL9A3;NMNAT2;RHO;P2RX2;SEMA3E;CASQ2;KAZN;HDAC9;CEP41;CNTNAP2;SLC28A2;LPA;IFI44L;KIAA0408;SPTB;RTP4;UTY;PENK,"[53, 96, 166, 188, 225, 395, 448, 492, 548, 778, 1057, 1070, 1101, 1278, 1435, 1605, 1629, 1923, 2067, 2111, 2253, 2322, 2445, 2468, 2477, 2636, 2747, 2767, 2843, 2879, 2889, 2909, 3009, 3063, 3513, 3574, 3602, 3603, 3896, 4040, 4233, 4410, 4563, 4737, 4766, 4831, 4933, 5000, 5584, 6226, 6536, 6589, 6624, 6695, 6721, 6883, 6961, 7101, 7185, 7289, 7486, 7970, 8144, 8165, 8215, 8274, 8348, 8386, 8446, 8531, 8560, 8591, 8596, 8602, 9495, 9617, 9847, 10067, 10455, 10578, 10752, 10882, 10944, 11003, 11087, 11145, 11148, 11314, 11403, 11498, 12012, 12152, 12418, 12733, 13038, 13124, 13432, 13567, 13633, 13688, 14021, 14061, 14609, 14835, 14884, 15195, 15257, 15353, 15694, 15818, 15828, 15853, 16269, 16652, 16902, 16918, 16935, 17079, 17177, 17492]",MSigDB_Oncogenic_Signatures__ALK DN.V1 DN
MSigDB_Oncogenic_Signatures,BRCA1 DN.V1 DN,prerank,0.3503125156773228,1.3188611094751037,0.049783549783549784,0.08537847427557659,0.941,36_114,36/114,19.63%,GPR35;TCF7L1;HSD11B2;FOXJ1;GSDMD;SMO;AURKC;MEOX2;SCARF1;CARD10;MC4R;LYVE1;CDK11A;GPR157;SPG21;FGF22;PLEKHO1;GNA12;GATAD2A;STX10;E2F2;FCER1A;GPT;LYL1;CNIH4;ZNF668;SNAI1;ZNF124;INSR;COLQ;CD80;GNRH2;PLBD1;CYSLTR2;ZNF32;RAPGEF1,GPR35;TCF7L1;HSD11B2;FOXJ1;GSDMD;SMO;AURKC;MEOX2;SCARF1;CARD10;MC4R;LYVE1;CDK11A;GPR157;SPG21;FGF22;PLEKHO1;GNA12;GATAD2A;STX10;E2F2;FCER1A;GPT;LYL1;CNIH4;ZNF668;SNAI1;ZNF124;INSR;COLQ;CD80;GNRH2;PLBD1;CYSLTR2;ZNF32;RAPGEF1;OLFML2B;HIST1H4E;EXD3;BMPR1B;CYTH3;ZBTB44;SPHK2;NDOR1;CD79A;DPYSL3;PCDHGB6;MX2;HTATIP2;GPR19;CTDSP1;SMPX;CTSW;ZMYND10;WFDC1;ATP4A;EFNA5;IFI35;CCDC106;XCL1;SCNN1D;ZRSR1;MLL2;TMEM143;TRAF3;GDF5;HAO2;NRGN;ERO1LB;BRCA1;RAB40C;GRIP1;INPP5J;FAM57A;RBP4;VAMP3;GABRB3;PTH2R;SLC5A2;PNMA3;DLK2;EPB41L5;CDC42EP2;ICMT;WDR60;CYSLTR1;ITGB1BP2;MSH5;PDLIM3;HHAT;PPP1R9A;CHD2;FGF9;ASPA;SLC3A1;NPFFR1;KCNQ2;SCN10A;PROX1;SLC5A1;GM2A;ITIH3;TMPRSS11D;RSAD2;SUSD5;CCDC132;CA14;ZNF253;KLHL11;LRRC17;PTCD2;PPM1E;EXOC6B;GREB1L,"[156, 230, 242, 346, 374, 393, 475, 672, 739, 861, 870, 1023, 1106, 1151, 1168, 1206, 1506, 1633, 1721, 1860, 1883, 2001, 2170, 2171, 2418, 2451, 2526, 2723, 3052, 3087, 3114, 3187, 3210, 3223, 3388, 3438, 3552, 3870, 3944, 4114, 4140, 4364, 4366, 4376, 4455, 4457, 5138, 5294, 5594, 5702, 5859, 5912, 5967, 6254, 6524, 6560, 6617, 6879, 6925, 7121, 7349, 7504, 7633, 7642, 7749, 7956, 7984, 8054, 8075, 8479, 8734, 8810, 9123, 9232, 9547, 9874, 9903, 9953, 10044, 10315, 10469, 10718, 10934, 10939, 11050, 11181, 11213, 11249, 11501, 11510, 11542, 11699, 12107, 12652, 12814, 13327, 13715, 14233, 14536, 14588, 15083, 15121, 15247, 15449, 15713, 15746, 15830, 16274, 16701, 17158, 17222, 17232, 17293, 17490]",MSigDB_Oncogenic_Signatures__BRCA1 DN.V1 DN
MSigDB_Oncogenic_Signatures,PTEN DN.V2 DN,prerank,0.339460681721103,1.3132335211132382,0.033542976939203356,0.08896367219201663,0.95,23_126,23/126,11.22%,SERPINH1;MT1M;HCLS1;FES;NOS3;UNC119;TRAF2;TMEM176A;BMP4;IZUMO4;TRPM4;DDX3Y;MAPK3;TBX3;FRAT1;AP1G2;PLEKHO1;ZNF574;SMAD7;UCP3;CRIP2;PIDD;CRYAA,SERPINH1;MT1M;HCLS1;FES;NOS3;UNC119;TRAF2;TMEM176A;BMP4;IZUMO4;TRPM4;DDX3Y;MAPK3;TBX3;FRAT1;AP1G2;PLEKHO1;ZNF574;SMAD7;UCP3;CRIP2;PIDD;CRYAA;TULP1;ARHGEF40;ZNF124;MXD3;RGS2;HNF1A;MID1;APBB1IP;SCGN;NRTN;AHSA2;ST6GALNAC2;ATF5;SPHK1;APOLD1;HIST1H4E;FCAR;AP4M1;LOXL1;RPS4Y1;FGFR3;NDOR1;COPZ2;MAP3K5;FOXH1;SGK1;CHST12;GTF3C5;CEBPA;MEGF8;ADCK3;MRC2;MAFK;NEO1;BAMBI;CLEC7A;BARD1;ZNF446;SSTR5;RBM4;NR4A2;HIVEP3;ARHGAP33;RIT2;GPRC5C;MLL2;ABLIM2;ZFY;OGDHL;PRMT7;FANCA;DLX2;PCSK1N;CBX7;ATP11B;HIST1H3D;RASA3;CYP20A1;SEPP1;ELANE;DDX31;TGFBI;RIBC2;KCNE2;TACC2;CCDC88C;PTEN;ASB7;BAHCC1;ENC1;BCOR;BATF3;IRS4;TUBB1;ENTPD7;DYRK4;STMN1;RIC3;TERT;BARX2;CCDC53;CORO2B;MAGOHB;KRT7;SPDEF;MGA;FABP6;DHRS2;NUDT18;PVRL3;WIPF1;CRBN;REPS2;NIPAL3;CCDC132;RPGRIP1L;HBA2;GPR3;NVL;KLHL11;GFM1;AKAP5;PLAG1,"[8, 162, 286, 329, 335, 413, 494, 541, 730, 891, 1029, 1049, 1114, 1154, 1279, 1435, 1506, 1560, 1659, 1806, 1816, 1885, 1964, 2384, 2585, 2723, 2903, 2984, 3074, 3279, 3320, 3340, 3421, 3432, 3498, 3506, 3596, 3868, 3870, 3926, 4033, 4163, 4185, 4371, 4376, 4391, 4419, 4521, 4545, 4824, 4873, 5110, 5179, 5261, 5456, 5461, 5597, 5733, 5747, 6150, 6328, 6368, 6387, 6629, 6664, 6788, 7394, 7539, 7633, 7685, 8053, 8254, 8518, 8525, 8833, 9109, 9118, 9302, 9327, 9446, 9676, 9682, 9713, 9725, 9768, 9775, 9854, 10096, 10401, 10528, 10723, 11036, 11096, 11173, 11362, 11477, 11787, 12136, 12407, 12454, 12778, 13041, 13536, 13575, 13632, 13700, 14141, 14225, 14232, 14332, 14369, 14841, 14881, 14990, 15112, 15282, 15346, 15746, 16050, 16398, 16438, 16634, 16701, 17097, 17253, 17462]",MSigDB_Oncogenic_Signatures__PTEN DN.V2 DN
MSigDB_Oncogenic_Signatures,NRL DN.V1 DN,prerank,0.34036003189337805,1.303344847649441,0.06079664570230608,0.0957990265204931,0.96,25_124,25/124,12.47%,CASP7;PARVG;INPPL1;RGL3;PNP;SALL3;SOCS3;GZMM;PLEC;BMP5;ECE1;MFNG;TMED9;ORAI1;ABHD3;ADRB2;TSPAN33;DNAJC9;ALDH2;BAX;LMNB2;CCL2;CLIC1;TRAPPC3;GREB1,CASP7;PARVG;INPPL1;RGL3;PNP;SALL3;SOCS3;GZMM;PLEC;BMP5;ECE1;MFNG;TMED9;ORAI1;ABHD3;ADRB2;TSPAN33;DNAJC9;ALDH2;BAX;LMNB2;CCL2;CLIC1;TRAPPC3;GREB1;BST2;CALCA;ARHGDIB;NFKB1;GTF2I;METRN;RXRG;IL17D;WWC1;PIK3AP1;IFITM10;FAM134C;MAP6;PRMT1;ADRB1;MOXD1;ERMAP;GPR124;RNF149;LAMTOR2;ATP2A1;FABP7;SLC7A3;TUFT1;HES5;FKBP9;SLAMF9;RAB8A;PDIA3;TC2N;RGS20;ABCC9;ELK3;TRIM17;DYSF;TMEM158;MPP6;GGT7;RNF25;ABCB4;RNASE4;TNPO2;ARPC3;CPLX2;EYA1;RASA2;CNGB3;ELOVL2;BSPRY;PRDM1;SMPDL3A;PTPN13;ATOH7;KIF5C;NR4A1;GABRA2;U2AF1;PLEKHH2;JAM3;HRASLS;CCKBR;TOM1L2;BBX;CLPB;GLRA1;QSOX1;HARS2;GLRA3;PDE1C;USP25;CRYBG3;ST3GAL3;DPRX;CTBS;CLIC4;NOXO1;CDT1;AP2B1;MINA;MOGAT1;DFNA5;SLC8A3;GJD2;DIXDC1;MYOCD;DYNC1LI1;ACBD6;ZNF146;RASGRF2;CTH;ATE1;TTLL1;DPP8;SUPT16H;WDR31;PRKCQ;SLC25A13;EPM2AIP1;EN2,"[112, 120, 157, 264, 271, 533, 619, 677, 832, 925, 972, 1481, 1520, 1523, 1536, 1595, 1662, 1682, 1718, 1799, 1800, 1826, 1955, 2069, 2183, 2419, 2750, 2833, 2835, 2937, 3567, 3602, 4138, 4150, 4411, 4596, 4718, 4751, 4768, 4776, 4786, 4897, 5014, 5105, 5330, 5412, 5549, 5685, 6335, 6408, 6849, 6856, 6908, 7058, 7091, 7144, 7417, 7613, 7970, 8098, 8243, 8331, 8457, 8726, 8856, 9014, 9233, 9308, 9454, 9505, 9519, 9814, 9838, 10321, 10431, 10466, 10575, 10604, 10618, 10627, 10734, 10811, 10821, 10822, 10945, 11437, 11503, 11697, 11710, 11917, 11986, 11994, 12459, 12612, 12669, 12756, 12811, 12877, 13066, 13304, 13472, 13771, 13857, 13877, 14023, 14081, 14133, 14444, 14631, 14737, 14924, 15149, 15175, 15351, 15409, 15758, 16238, 16305, 16339, 16416, 16535, 16678, 17018, 17046]",MSigDB_Oncogenic_Signatures__NRL DN.V1 DN
MSigDB_Oncogenic_Signatures,KRAS.KIDNEY UP.V1 DN,prerank,0.3397693917838419,1.301187739198471,0.05150214592274678,0.09642310030862518,0.962,22_107,22/107,13.26%,CARD9;NPC1L1;KLK1;GPR35;BMP4;EGFL7;TYROBP;MDFI;SLC6A20;STX11;PTGER2;CSF1R;CXCL11;CCL20;TREM2;FOLR2;SERHL2;HINFP;NES;IL6;SRC;AGRP,CARD9;NPC1L1;KLK1;GPR35;BMP4;EGFL7;TYROBP;MDFI;SLC6A20;STX11;PTGER2;CSF1R;CXCL11;CCL20;TREM2;FOLR2;SERHL2;HINFP;NES;IL6;SRC;AGRP;CD14;VILL;INSL5;NGF;CBL;ADAMTSL2;LILRA4;CXCL10;SLC5A5;ETS1;IL23A;ECEL1;SEC31B;THBD;PTPRCAP;OAS1;BRDT;EFHD1;PHLDA3;DDX51;MX2;FCHO1;KIF21B;LFNG;ITIH5;EPS8L3;LILRB4;PGP;ABCA3;KLF3;KLHDC8A;KCND1;GRM2;NPPB;PDCD1;HHIPL2;IFI30;FOXA1;THRB;MX1;CAPN9;ACE;PRSS21;TACR2;LRRC48;CHRNG;CLEC3B;HRG;EREG;SLC9A3;LIPE;TTLL2;IL1RL2;KRT17;GRM8;B3GALT5;LRRC31;ABCB11;KCNF1;MSC;CETP;CHRNA9;NPFFR1;LMAN1L;PROP1;ASPN;APBB3;CACNA1S;CNN1;EPHA5;BAAT;SPATA6;DEPDC5;ACTC1;NR1I3;RSAD2;CHRM2;SRD5A3;RYR2;DSG3;SGK2;IFI44L;GRM4;RASGRF1;SEMA5A,"[16, 30, 142, 156, 730, 835, 865, 1159, 1160, 1199, 1376, 1549, 1566, 1617, 1622, 1729, 1804, 1854, 2023, 2121, 2278, 2322, 2611, 2775, 2965, 3051, 3071, 3270, 3572, 3676, 3728, 3821, 3864, 4113, 4152, 4174, 4242, 4410, 4652, 5000, 5073, 5144, 5294, 5365, 5723, 5856, 5923, 5964, 6263, 6555, 6744, 6809, 6813, 6984, 7486, 7489, 7552, 7831, 7881, 8215, 8336, 8348, 8382, 8966, 9006, 9010, 9034, 9061, 9162, 9226, 9491, 9703, 9728, 10200, 10345, 10572, 10745, 10845, 11023, 11763, 11804, 12129, 12974, 13287, 13327, 13839, 14084, 14312, 14445, 14515, 14675, 14720, 14724, 14763, 14828, 14935, 15184, 15449, 15902, 16324, 16332, 16590, 16614, 16902, 16981, 17048, 17054]",MSigDB_Oncogenic_Signatures__KRAS.KIDNEY UP.V1 DN
MSigDB_Oncogenic_Signatures,DCA UP.V1 DN,prerank,0.3282844174493735,1.2932082391913253,0.0525164113785558,0.102721736998792,0.967,44_159,44/159,19.84%,SLC7A9;LAT;UPK1A;TCIRG1;TBX6;CDK10;FGR;GSDMD;TG;TXLNA;CHEK2;ADM2;CST7;STARD3;GMPR;SIAH2;POR;IRF2BP1;NUP62;ACIN1;RNPEPL1;RBM14;PKP1;COL21A1;ARHGAP15;ZNF652;TMEM115;GPT;ENO3;MTRF1;IL10RA;PHKG2;TRIM52;INSL5;SHMT1;GALR3;CHST2;RAB11FIP1;RALGDS;ZNF32;ANKRD2;NPIP;SP140L;IP6K2,SLC7A9;LAT;UPK1A;TCIRG1;TBX6;CDK10;FGR;GSDMD;TG;TXLNA;CHEK2;ADM2;CST7;STARD3;GMPR;SIAH2;POR;IRF2BP1;NUP62;ACIN1;RNPEPL1;RBM14;PKP1;COL21A1;ARHGAP15;ZNF652;TMEM115;GPT;ENO3;MTRF1;IL10RA;PHKG2;TRIM52;INSL5;SHMT1;GALR3;CHST2;RAB11FIP1;RALGDS;ZNF32;ANKRD2;NPIP;SP140L;IP6K2;RASSF4;ATP10D;PKD1P1;LRRC14;LAMA3;ZNF821;LRP5L;KLHL1;SLC22A17;TAF1C;PRRX2;LIN7B;SLC29A3;JOSD1;MARCH2;NACC1;PDE6A;NUMB;FUT3;ZCCHC24;TNRC18;GPR19;MATN4;ALK;GPR137B;PIN1;YIPF3;C2CD2L;SNCB;PPP1R13B;PRPF38B;GRAMD4;RASL10A;MFGE8;CA5A;RS1;S100A14;NOL8;NR5A1;ASPM;AGXT2L1;MLL2;PES1;PKD1;SHOX2;CX3CL1;TDRD7;LRRC37A2;SKIL;IRAK4;POGLUT1;GPR116;HIST1H3D;SIRPB1;CPB2;PTPRG;NR4A1;CDK5R2;RSG1;SLC16A10;ZNF248;ZNF286A;NUDT11;CMC1;MSH5;NFASC;CNTLN;ANKRD46;SLC6A6;PDK2;FGF9;AGAP2;IPCEF1;MED23;FAM204A;CLIC5;TGFBRAP1;TNFSF18;KRT1;N4BP2L2;SPC25;ARHGEF9;MCTP1;CDON;STAG3;PPCDC;VPS52;STEAP1B;DCAF17;MNAT1;KCTD3;MAGEH1;PLK3;SNX24;SETBP1;CACNA1S;ZNF84;DHX35;ANAPC10;DCAF13;SETD4;WDR91;TRPM6;NOTCH2NL;PEX19;PPP1R17;PLA2G4C;CNNM4;KRT5;ABCA5;GRID2;ZKSCAN4;LONP2;PPP1R12B;DHX57,"[22, 194, 206, 208, 236, 295, 341, 374, 504, 558, 581, 793, 849, 873, 906, 1065, 1133, 1310, 1525, 1550, 1551, 1738, 1833, 1855, 1933, 2117, 2144, 2170, 2362, 2431, 2448, 2542, 2864, 2965, 3082, 3128, 3162, 3179, 3266, 3388, 3422, 3469, 3472, 3474, 3564, 3791, 3828, 3888, 3919, 3948, 3969, 4202, 4252, 4362, 4383, 4559, 4574, 4747, 5019, 5026, 5036, 5201, 5506, 5519, 5539, 5702, 5802, 5957, 6143, 6165, 6208, 6346, 6864, 6869, 6957, 7030, 7048, 7208, 7210, 7212, 7332, 7361, 7472, 7490, 7624, 7633, 7735, 7769, 7805, 7950, 8060, 8350, 8425, 8568, 8982, 9185, 9327, 9515, 9992, 10411, 10627, 10754, 10767, 10799, 10835, 11007, 11019, 11100, 11249, 11262, 11292, 11379, 11639, 11759, 12107, 12200, 12331, 12373, 12639, 12662, 12725, 12731, 12750, 12844, 12990, 13170, 13204, 13288, 13300, 13387, 13389, 13492, 13772, 13965, 14013, 14196, 14209, 14355, 14447, 14515, 14654, 14664, 14812, 15009, 15168, 15209, 15280, 15308, 15614, 15721, 15948, 16290, 16425, 16444, 16564, 16829, 16890, 17335, 17354]",MSigDB_Oncogenic_Signatures__DCA UP.V1 DN
MSigDB_Oncogenic_Signatures,HOXA9 DN.V1 DN,prerank,0.32297250977923736,1.2909341159446455,0.04072398190045249,0.10342581035532437,0.968,34_173,34/173,13.18%,HSPA6;MACROD1;MICB;FKBP5;MT1G;ZNF395;TSC22D3;ADM;SLC7A2;ITGB5;RBM38;FCGR2A;FCGR2B;SLC25A1;SLC2A3;MCM10;CST7;SLC2A5;H1FX;CD300A;VEGFB;CCNK;HHEX;CDC45;TEX264;GADD45GIP1;CBS;SLC1A5;GNA13;METTL21B;TBXA2R;NOTCH2;HMGN5;TES,HSPA6;MACROD1;MICB;FKBP5;MT1G;ZNF395;TSC22D3;ADM;SLC7A2;ITGB5;RBM38;FCGR2A;FCGR2B;SLC25A1;SLC2A3;MCM10;CST7;SLC2A5;H1FX;CD300A;VEGFB;CCNK;HHEX;CDC45;TEX264;GADD45GIP1;CBS;SLC1A5;GNA13;METTL21B;TBXA2R;NOTCH2;HMGN5;TES;SMAGP;NME4;ORC1;MEN1;TMEM106C;SHMT1;ATF5;RHOBTB3;LSS;KCTD15;TMEM45A;DHCR7;FANCG;SP1;RGS16;TOMM34;BHLHE40;PARVB;IGFBP2;RGS1;METTL16;CEP55;CDC6;SLC29A2;ECH1;TRMT2B;INTS9;NCAPD2;ALKBH1;SPP1;ARHGAP11A;MVD;SPRY2;HIST1H1E;CIDEB;EPS8;FADS2;TRIB3;GRB10;WBP2;TEX15;PHLPP1;CPNE3;ERO1L;NFATC3;ATAD2;NRGN;E2F8;PTER;SLC29A1;SCAMP4;APOBEC3B;HELLS;FANCI;MEX3D;BRCA2;RNF144A;SOX18;AIDA;CRIP1;UBE2E3;SREBF1;RB1;DUSP7;SV2A;ALOX12;GINS1;LPCAT3;ACPP;LMAN1;MYO1B;ALDOC;DLX5;MSMO1;RNASEH2A;GPM6B;SAV1;PER2;PFAS;TMCO6;KLHL7;MFAP4;FANCL;RAB33A;GINS4;XK;FZD6;NPY;PLAGL1;SQLE;ZIC1;CD3EAP;EXOSC5;TBC1D30;NPTX2;RFWD3;SLITRK5;TMEM48;MPI;GABRA4;HMGCR;SPON2;CDT1;NET1;GMCL1;ARRB1;TIPIN;COL9A3;EPB41L2;SERINC5;GINS3;ALDH5A1;KCTD20;SNAPC3;TAF4B;CYP51A1;BFAR;EGR1;ITGA4;NUTF2;SLC38A1;PTPLA;TBL1XR1;SSR3;BCAT1;PSIP1;ALDH1A3;MEIS1;PDK1;SAR1A;ELOVL6;FADS1;HMGCS1;NPR3;EXOC1;STAM;DCTN4;PLK4;COCH,"[0, 101, 152, 246, 302, 348, 366, 468, 469, 577, 622, 648, 716, 768, 833, 843, 849, 976, 1293, 1311, 1509, 1542, 1628, 1692, 1728, 1757, 1781, 1927, 1948, 1983, 2131, 2279, 2305, 2308, 2435, 2581, 2860, 2948, 2950, 3082, 3506, 3858, 4326, 4353, 4400, 4439, 4445, 4488, 4541, 4660, 4717, 4748, 4812, 4861, 4958, 4992, 5149, 5205, 5302, 5408, 5469, 5630, 6096, 6253, 6471, 6482, 6637, 7089, 7101, 7145, 7286, 7315, 7360, 7460, 7491, 7622, 7777, 7844, 7891, 8015, 8054, 8154, 8162, 8230, 8352, 8361, 8418, 8465, 8503, 8630, 8782, 8914, 9092, 9221, 9381, 9432, 9620, 9634, 9759, 9781, 9881, 10009, 10248, 10266, 10409, 10567, 10738, 10879, 10972, 11057, 11072, 11506, 11536, 11987, 11988, 12110, 12124, 12306, 12474, 12678, 12762, 12769, 12860, 12919, 13001, 13039, 13042, 13123, 13326, 13348, 13376, 13402, 13410, 13516, 13646, 13655, 13771, 14067, 14179, 14181, 14302, 14609, 14689, 14721, 14723, 14947, 14956, 14968, 15065, 15131, 15498, 15627, 15698, 15945, 16010, 16011, 16035, 16095, 16100, 16132, 16272, 16346, 16370, 16428, 16478, 16481, 16695, 16939, 16972, 17215, 17280, 17310, 17399]",MSigDB_Oncogenic_Signatures__HOXA9 DN.V1 DN
MSigDB_Oncogenic_Signatures,WNT UP.V1 UP,prerank,0.32152336749970706,1.2869648374278653,0.035343035343035345,0.10529420153902709,0.97,34_160,34/160,12.78%,EYA2;ZNF358;GLI1;SLC7A2;GPR97;LTA;FXYD3;A4GALT;LRG1;TCF3;IGF2;CYP2S1;CLDN6;CLEC4E;INHBB;GDF15;CD74;KLRD1;AP1G2;HTRA3;OXT;ENTPD2;PPP1R3C;AP2S1;CXCL1;ISLR;CCL2;LCN2;EDA;AKR1B1;MKLN1;IL6;RASGRP2;POMC,EYA2;ZNF358;GLI1;SLC7A2;GPR97;LTA;FXYD3;A4GALT;LRG1;TCF3;IGF2;CYP2S1;CLDN6;CLEC4E;INHBB;GDF15;CD74;KLRD1;AP1G2;HTRA3;OXT;ENTPD2;PPP1R3C;AP2S1;CXCL1;ISLR;CCL2;LCN2;EDA;AKR1B1;MKLN1;IL6;RASGRP2;POMC;SERPINA3;GNMT;COL4A4;FOS;NBL1;CDH5;DPYSL4;SDC4;C8G;STK36;UTF1;TEF;BCL7C;LCAT;MAZ;STRN4;KIFC1;INSRR;TGFB1I1;FPR2;AURKB;POLD2;SNN;MFAP2;TFF3;MST1R;MTF1;KCNJ9;NEUROD2;TCF7L2;NTSR1;RAD9A;CLEC16A;RBPMS;UTS2R;PLAC9;POU1F1;BAI1;ADAM28;P2RY2;CCDC86;MAST2;HES5;MC1R;SERPINF1;MAPKBP1;KDELR2;SEMA5B;IL12B;SYT3;IRX3;FOXK1;THYN1;KCNK4;CKAP4;VAX2;POSTN;F2R;DBP;AP1B1;KCND3;HOXD3;FGF18;CRMP1;THRB;GRIN2D;LTB4R;VAMP1;HYOU1;GALNT6;CKMT2;DTNB;DHCR24;SFN;CFC1;RNF112;TEN1;CD96;PMF1;OLR1;HPS4;CCRL1;UBXN11;KCNC3;NLRX1;CYP4A22;HS3ST1;UGT8;CHRNA7;FNTB;ST8SIA3;PDYN;PLA2G6;RSPO1;MAPK8IP1;MYOM1;ZFP92;FICD;CPS1;KRT86;PTPRO;SETD6;FABP5;CHRNB2;PDC;CYP2E1;BTG4;GJD2;STS;PPT1;TPK1;SYT9;SLN;MYO5B;INSM1;PKLR;KLRC1;TSPO2;GALNT11;PKIB;RPAP3;DNAJB13;LANCL2;DCC;MAPRE2;NF1,"[220, 277, 369, 469, 561, 631, 690, 713, 721, 734, 826, 862, 864, 910, 1020, 1105, 1313, 1325, 1435, 1489, 1666, 1681, 1733, 1749, 1774, 1808, 1826, 1836, 1963, 1995, 2004, 2121, 2194, 2238, 2558, 2626, 2709, 2889, 2896, 2999, 3016, 3208, 3265, 3446, 3461, 3640, 3665, 3706, 3840, 3860, 3897, 3918, 4073, 4171, 4224, 4374, 4504, 4570, 4669, 4680, 4795, 4831, 4916, 4922, 4971, 5087, 5143, 5316, 5328, 5333, 5391, 5479, 5496, 6020, 6034, 6109, 6408, 6421, 6444, 6455, 6485, 6615, 6713, 6784, 6933, 6994, 7179, 7201, 7405, 7529, 7719, 7751, 7836, 7884, 7924, 8062, 8121, 8192, 8336, 8633, 8660, 8979, 9087, 9275, 9468, 9577, 9913, 9994, 10142, 10228, 10299, 10380, 10562, 10770, 10828, 10948, 11055, 11145, 11200, 11233, 11344, 11563, 11644, 11981, 12152, 12335, 12453, 12551, 12556, 12609, 12703, 12992, 13162, 13293, 13395, 13620, 13621, 14006, 14035, 14038, 14426, 14444, 14685, 14691, 14806, 15017, 15144, 15331, 15438, 15524, 15696, 15978, 16046, 16762, 16966, 16974, 17022, 17281, 17380, 17391]",MSigDB_Oncogenic_Signatures__WNT UP.V1 UP
MSigDB_Oncogenic_Signatures,RAF UP.V1 DN,prerank,0.31808790648219953,1.283111201704413,0.040339702760084924,0.10736963411120715,0.971,29_184,29/184,12.47%,DDIT4;BAG3;GPER;MICB;STC2;TSC22D3;FRAT2;PDGFRL;SLC7A2;IGF1R;CRABP1;TGFB2;TGIF2;BCL2;TM4SF1;AK4;SELENBP1;SNAP23;SMAD7;GPC4;PPP1R3C;CXCR7;MXI1;SOX9;VAV3;HSPB8;ASCL1;SDC2;GREB1,DDIT4;BAG3;GPER;MICB;STC2;TSC22D3;FRAT2;PDGFRL;SLC7A2;IGF1R;CRABP1;TGFB2;TGIF2;BCL2;TM4SF1;AK4;SELENBP1;SNAP23;SMAD7;GPC4;PPP1R3C;CXCR7;MXI1;SOX9;VAV3;HSPB8;ASCL1;SDC2;GREB1;GPR56;SERPINA3;PALLD;IGFBP5;TMPRSS3;FOS;GTF2I;NPY1R;TRPS1;CCDC22;TFPI;ZNF32;PMAIP1;UGDH;HIST1H4H;DIDO1;RHOBTB3;CBFA2T3;CLIC3;ZHX2;KYNU;EFNB2;ID2;SLC16A1;DLC1;TFF3;DKK1;THADA;TCN1;LIN7C;IGFBP2;CTNNAL1;CPE;MYO10;IGFBP4;CCDC6;IRS1;LRIG1;CSTA;RND3;OSR2;BAMBI;ID1;CHST15;DLG5;ARL3;MAFB;ARMC9;CELSR2;GPD2;MED13L;TTC39A;GHR;PGR;S100A14;SHQ1;MDK;TSPAN3;PKP4;NEDD4L;ZBTB10;INPP4B;CALCR;TCF12;MINPP1;SGCG;PXDN;SATB2;MGP;SLC39A8;SHROOM2;BTG3;AUTS2;JAK2;PCGF3;SCUBE2;IL24;IFT57;ABAT;FTSJ1;PLS1;SLC1A1;SH3BGRL;PDK3;OSTM1;ELOVL2;SLC24A3;ENAH;MYO1B;CALB2;GFRA1;AIM1;PLK2;EIF2S3;SYTL2;SLC19A2;SOX3;ABLIM1;EPB41L4B;RRN3;DNAJC12;ABCA12;KDM6A;WASF3;HDGFRP3;KIAA1324;PDCD4;CAV1;B3GALNT1;MYBL1;MEGF9;WISP2;KITLG;PMP22;SOX4;KIAA1467;TFAP2A;INPP5F;PCSK6;TBC1D16;PDZK1;TBC1D30;FANCF;ARNT2;GPATCH2;ALCAM;CCND1;CSTF2T;CASK;APBB2;CRNKL1;COL9A3;EPB41L2;MYLK;SIDT1;GALC;CA12;GULP1;PLCB1;SPIN1;PLCB4;EGR3;JMJD1C;MYB;GAPVD1;PTBP2;IRX5;GDAP1;RASGRP1;FTO;BTBD3;MPDZ;ROBO1;LPGAT1;PPM1E,"[11, 24, 29, 152, 321, 366, 388, 456, 469, 486, 550, 1191, 1215, 1238, 1244, 1249, 1289, 1381, 1659, 1676, 1733, 1941, 1986, 2005, 2050, 2088, 2116, 2140, 2183, 2351, 2558, 2741, 2746, 2794, 2889, 2937, 3215, 3276, 3315, 3378, 3388, 3544, 3718, 3772, 3798, 3858, 3915, 4030, 4198, 4450, 4454, 4494, 4611, 4657, 4669, 4704, 4753, 4772, 4809, 4812, 4817, 4846, 4931, 5049, 5060, 5115, 5218, 5233, 5629, 5665, 5733, 6042, 6099, 6262, 6378, 6394, 6848, 6895, 7017, 7053, 7069, 7202, 7328, 7332, 7342, 7550, 7650, 7680, 7756, 7778, 7953, 7973, 8094, 8140, 8212, 8227, 8399, 8492, 8529, 8637, 8730, 8775, 8889, 9119, 9189, 9230, 9526, 9642, 9685, 9734, 9755, 9791, 9801, 9827, 9838, 10083, 10169, 10409, 10422, 10430, 10593, 10655, 10791, 10935, 10943, 10947, 10960, 11043, 11129, 11155, 11202, 11256, 11289, 11434, 11806, 11845, 12109, 12134, 12207, 12425, 12480, 12483, 12705, 12801, 12815, 12910, 12930, 12948, 12951, 13107, 13123, 13210, 13340, 13613, 13645, 13673, 13948, 14262, 14428, 14459, 14609, 14689, 14708, 14715, 14728, 14735, 14807, 14865, 14963, 15159, 15206, 15310, 15452, 15567, 15651, 15762, 15966, 16013, 16182, 16327, 16682, 17060, 17124, 17232]",MSigDB_Oncogenic_Signatures__RAF UP.V1 DN
MSigDB_Oncogenic_Signatures,CSR LATE UP.V1 UP,prerank,0.3131585027424014,1.2404144761858362,0.07077625570776255,0.15492563631705839,0.996,27_156,27/156,13.03%,MT1F;MT2A;AHSA1;MRAS;CCND3;CXCL6;MT1G;FAM83D;MT1X;CHEK2;SAMD11;NUDC;KRT18;POLD1;UBE2C;FOXM1;MYBL2;DTYMK;CYP4B1;SLC16A3;LMNB2;DIAPH3;MT1H;STRA13;EIF3B;IL7R;GMNN,MT1F;MT2A;AHSA1;MRAS;CCND3;CXCL6;MT1G;FAM83D;MT1X;CHEK2;SAMD11;NUDC;KRT18;POLD1;UBE2C;FOXM1;MYBL2;DTYMK;CYP4B1;SLC16A3;LMNB2;DIAPH3;MT1H;STRA13;EIF3B;IL7R;GMNN;S1PR1;CRISPLD2;TIMP1;CBFB;TIMP3;ALKBH7;CDH2;LYAR;ACTL6A;MAZ;KCNC4;PGM2;GTF3C6;ITGA6;BIRC5;HERC4;RRM2;NOC2L;TOMM34;LTBP2;CDC6;ASB6;DRAP1;SMS;PPP5C;NMB;ARHGEF1;PREB;CASP2;CDK5;TRIP13;CDCA8;YIPF3;MAPRE1;CCDC34;EIF5A;MYH1;VEGFC;TRNP1;HN1;PSMC3;TUBG1;FKBP1A;MCM3;PDLIM5;TSPAN13;TRPC4;FARSA;SLC16A5;TPM2;SLC25A11;ANLN;GYS1;IGFBP3;SRM;TUBA4A;TMEM130;DCBLD1;CDK1;TAGLN3;NUDCD1;PSMD2;FANCA;DNAJB11;HIP1;HAT1;TCEB1;KISS1;BEX1;EZH2;TCF19;POLR3K;PRMT5;CKAP2;PAICS;PDCL3;EEF1E1;ILF2;PBK;UMPS;DCTPP1;SSTR1;NKX2-1;ANKRD32;ST3GAL4;CIAPIN1;ZWINT;PSMD14;MZT1;GREM2;POLE3;KIF22;CDC7;TMEM48;COPS3;FABP5;IMP4;PARP11;UTP18;PA2G4;MET;NETO2;WSB2;CLSPN;HMGB1;RPF2;TRPC3;GINS2;EXOSC9;GINS3;PRIM1;FEN1;NUP88;CXCL12;ZNF367;AP1S2;YEATS4;MTHFD1;ZWILCH;HAUS2;NUF2;SHCBP1;KIAA1279;EML1;FARSB;SNRPA1;RAD18;KATNAL1;MMP3,"[55, 129, 183, 185, 223, 232, 302, 476, 544, 581, 584, 598, 674, 863, 1115, 1135, 1213, 1321, 1352, 1750, 1800, 1881, 1911, 2079, 2149, 2230, 2281, 2528, 2899, 2996, 3010, 3019, 3290, 3499, 3751, 3778, 3840, 3855, 3889, 3900, 4120, 4324, 4342, 4435, 4534, 4660, 4705, 5149, 5208, 5252, 5564, 5644, 5775, 5981, 6073, 6081, 6185, 6199, 6204, 6208, 6230, 6277, 6333, 6589, 6620, 6669, 6796, 6885, 7009, 7100, 7142, 7150, 7224, 7285, 7293, 7299, 7309, 7418, 7500, 7509, 7570, 7886, 8024, 8056, 8148, 8376, 8444, 8466, 8522, 8525, 8807, 9203, 9331, 9461, 9673, 9738, 9837, 9907, 10004, 10089, 10121, 10291, 10317, 10644, 10675, 11081, 11137, 11258, 11330, 11450, 11493, 11754, 11795, 11796, 11848, 12220, 12318, 12411, 13220, 13361, 13402, 13443, 13621, 13638, 13659, 13717, 13880, 13901, 14015, 14034, 14087, 14226, 14389, 14429, 14645, 14698, 14723, 14730, 14856, 15053, 15207, 15237, 15420, 15458, 15626, 15747, 15837, 16240, 16512, 16803, 16854, 16870, 16976, 17033, 17034, 17427]",MSigDB_Oncogenic_Signatures__CSR LATE UP.V1 UP
MSigDB_Oncogenic_Signatures,IL15 UP.V1 DN,prerank,0.313840415566734,1.235259721668225,0.06289308176100629,0.15987353864349724,0.996,36_149,36/149,17.86%,PNRC1;CD177;GPR35;SLPI;ADAMTS2;GEM;TSC22D3;CLEC2B;GOLPH3L;TG;FSTL3;SERPINA5;PBXIP1;FZD2;LYVE1;DOK3;SOX15;KCNQ1;ETV2;GPC4;RETN;MMP19;ELTD1;RNASE2;CCR2;SESN1;BEST2;RIN2;RASL12;PTGDS;ARHGEF10;ATP6V0A4;RPL3L;EFNA1;VWF;GALR3,PNRC1;CD177;GPR35;SLPI;ADAMTS2;GEM;TSC22D3;CLEC2B;GOLPH3L;TG;FSTL3;SERPINA5;PBXIP1;FZD2;LYVE1;DOK3;SOX15;KCNQ1;ETV2;GPC4;RETN;MMP19;ELTD1;RNASE2;CCR2;SESN1;BEST2;RIN2;RASL12;PTGDS;ARHGEF10;ATP6V0A4;RPL3L;EFNA1;VWF;GALR3;WNT4;BCL2L10;PRDM11;KCNC4;SLC25A31;HBP1;TGFB1I1;KCNIP2;ZNF571;SPAG4;ZBTB44;TCN1;SIGLEC15;TOM1;TNS3;POU1F1;GPX2;OSR2;LRRC37A;TMEM180;FAM124B;FUT2;TXNIP;LGR4;SEC14L2;LGALS4;SCN3A;KCND1;PRKG1;KIAA1462;EPS8;SLC26A3;TNFAIP2;SNAI2;DACT1;IL22RA1;MAP2K6;KCNS1;PCDHB3;CCDC64;CDKN1C;IL4;ADAM12;KLHL35;CRYGB;S100A3;RAB6B;EYA1;ADRA1B;BHLHB9;DTNB;ASPHD1;TMEM35;LRMP;CD72;CACNG3;MYH7B;CUX2;PLCL1;CYB5R2;TCEAL4;TNFRSF11A;WDR52;CNTN1;CCNG2;PDCD4;TANC2;RLN2;GDNF;CHIT1;GNAT2;CACNA1E;ERC2;SYT1;TSPAN32;FLG;CLDN11;PIK3IP1;EVI2A;TBC1D2;CLGN;PRSS16;ADAM29;GLRA2;NPY5R;SELP;PARP11;ARL4C;DEPTOR;TGM3;RHOBTB1;PROM1;LRP2BP;SEPT10;SNRPN;MYLK;ABCD2;SLN;TMPRSS11D;TRPM6;CNTNAP3B;DOCK3;ATP8A1;HTR2B;PWWP2A;CRHBP;DNAI2;EBF2;ACTN2;ATP10B;SEMA6D;AKAP5;ENTPD5,"[85, 91, 156, 207, 255, 323, 366, 389, 493, 504, 583, 641, 692, 841, 1023, 1057, 1327, 1330, 1539, 1676, 1835, 1899, 1913, 1937, 2082, 2306, 2454, 2619, 2777, 2819, 2940, 3028, 3040, 3065, 3112, 3128, 3643, 3669, 3802, 3855, 3871, 3903, 4073, 4106, 4187, 4286, 4364, 4772, 4828, 4843, 4975, 5391, 5584, 5665, 5694, 5930, 6050, 6191, 6506, 6660, 6673, 6870, 6918, 6984, 7044, 7075, 7145, 7200, 7216, 7384, 7544, 7668, 7672, 7991, 8132, 8146, 8377, 8442, 8461, 8498, 8958, 8986, 9215, 9505, 9536, 9565, 9577, 9890, 9921, 10007, 10026, 10553, 10688, 10764, 11045, 11241, 11305, 11457, 11549, 11555, 11833, 11845, 11872, 12040, 12063, 12295, 12301, 12376, 12412, 12427, 12632, 12766, 12822, 12828, 12873, 12896, 13105, 13129, 13157, 13211, 13464, 13476, 13659, 13903, 13996, 14071, 14107, 14117, 14427, 14460, 14676, 14708, 15010, 15144, 15247, 15280, 15442, 15555, 15652, 16026, 16251, 16446, 16486, 16867, 17020, 17142, 17186, 17253, 17366]",MSigDB_Oncogenic_Signatures__IL15 UP.V1 DN
MSigDB_Oncogenic_Signatures,EIF4E UP,prerank,0.3357839122750683,1.230380206078436,0.11464968152866242,0.16509873013762386,0.997,16_89,16/89,12.35%,FAM65C;RSAD1;AHSA1;MAP2K3;DEDD;IL18;HAUS7;MON1A;DOM3Z;SLC25A30;FOXD2;VPS28;CHCHD1;STRA13;LAMC3;ISOC2,FAM65C;RSAD1;AHSA1;MAP2K3;DEDD;IL18;HAUS7;MON1A;DOM3Z;SLC25A30;FOXD2;VPS28;CHCHD1;STRA13;LAMC3;ISOC2;TMEM11;IDH1;VPS72;ITPK1;NOP16;ACYP1;TUFM;RGS3;UBL4A;ATP5J2;DPY30;FAM117A;LST1;JOSD1;UROS;FKBP1B;FABP7;NDRG1;SNRNP25;CACNB3;AGXT2L2;UCHL3;PFDN2;MRPL17;TAX1BP3;TST;BOLA1;SNTB1;NPM3;MYH6;TP53I11;NUDCD2;ATP8B3;ZNF576;MDH2;CKMT2;VIPR2;BMP3;OSBPL10;UBFD1;CNTN4;TALDO1;SNX8;PNO1;CAMK2N2;KCNC2;MTX2;CARTPT;MRPS35;MS4A1;NEGR1;GEMIN6;MAPK8IP1;FN3KRP;NKX2-8;SRXN1;PTS;EIF4A3;FBXL13;PMM2;MRPL30;TAF11;FETUB;SSSCA1;METTL1;ANKRD16;KLF8;CFHR1;DNAJB5;FBXO4;NTPCR;PPCS;GTF2H5,"[10, 172, 183, 292, 464, 662, 917, 1071, 1173, 1764, 1889, 2038, 2059, 2079, 2141, 2163, 2391, 2666, 2933, 2989, 3444, 3599, 3698, 3774, 3886, 3999, 4078, 4108, 4379, 4747, 5140, 5466, 5549, 6152, 6343, 6569, 6750, 6858, 7278, 7487, 7562, 7722, 7781, 8201, 8491, 8823, 8909, 8930, 9225, 9236, 9356, 9468, 9694, 9778, 10357, 10560, 10716, 10721, 10779, 11205, 11214, 11508, 11839, 12042, 12234, 12319, 12445, 12540, 12556, 12702, 12888, 12938, 13006, 13191, 14258, 14336, 14892, 15147, 15163, 15372, 15400, 15483, 15505, 15577, 15776, 15994, 16764, 16926, 17245]",MSigDB_Oncogenic_Signatures__EIF4E UP
MSigDB_Oncogenic_Signatures,ESC J1 UP EARLY.V1 DN,prerank,0.30515524698691393,1.22111709563893,0.07555555555555556,0.1775295870168951,0.998,44_168,44/168,20.40%,ETV4;TCF15;MRAS;RAMP1;FGF17;NAPSA;BCL3;TNFRSF12A;CEBPD;SOCS3;BMP4;INHBB;HYAL2;MYC;NOL12;PPP1R1A;ANGPTL4;ID3;TLR9;APOBR;NAB2;TREM2;SLC30A1;BMP1;ANXA3;ZNF423;ZFP36L1;ERAS;FAM118B;UXT;KLF4;ACTA1;KRT19;TGM1;EMP2;STAT3;GTPBP5;AMH;FKBPL;TRPS1;TREX1;ATF5;MAPK7;KRT8,ETV4;TCF15;MRAS;RAMP1;FGF17;NAPSA;BCL3;TNFRSF12A;CEBPD;SOCS3;BMP4;INHBB;HYAL2;MYC;NOL12;PPP1R1A;ANGPTL4;ID3;TLR9;APOBR;NAB2;TREM2;SLC30A1;BMP1;ANXA3;ZNF423;ZFP36L1;ERAS;FAM118B;UXT;KLF4;ACTA1;KRT19;TGM1;EMP2;STAT3;GTPBP5;AMH;FKBPL;TRPS1;TREX1;ATF5;MAPK7;KRT8;ZFP36;CTRB1;PHB;ARHGAP35;SERPINE1;AP4M1;ZNF35;TFEB;ARHGEF10L;ANXA5;KLF1;FBXO33;CA7;CENPB;DAPP1;MAD1L1;TMC6;GBP2;EDN1;GNA14;REEP6;ID1;ANXA1;LTB;RRP12;ADAP2;LAMA1;LIMS2;JUNB;GBP1;MRPS11;ZNF48;PQLC2;RIOK2;RPS6KB2;SAP30BP;TRIB3;DRD4;TLE4;RELB;VAX2;IGFBP3;RRP8;FGF18;DBR1;ERF;UBA7;QSER1;DCLRE1B;KTI12;RPP25;STK4;CYR61;LPP;RNASE4;GSPT2;B3GALT6;LLPH;SFN;CORO2A;CRYL1;DNAJC30;RNASEL;TMEM121;USP38;VPS33B;TSPYL4;ZBP1;VWA5A;BMS1;NUDT11;SLC16A2;MAPT;MVK;UBE2J1;HDGFRP3;PTPN22;MED6;SPRY4;KLF13;NINJ2;CCDC59;RAB33A;GAP43;METTL13;ZNF808;TRAIP;HIST1H2BC;GSG2;TMEM98;SYT12;ENTPD4;ADAM23;REM2;MYL9;PAFAH2;LUC7L3;GPATCH4;ZFP57;PPP2R3A;TGM3;DPYSL5;BAG5;NSUN4;PACRGL;TAGLN;CNN1;LAMC2;FETUB;DNAJC24;ATP9B;EGR1;RECQL;DUSP6;DIMT1;PTGIS;BRWD1;UHRF1BP1L;MKI67IP;GBX2;MDN1;PPCS;WSB1;CIRBP,"[69, 133, 185, 260, 282, 338, 347, 503, 569, 619, 730, 1020, 1152, 1232, 1241, 1271, 1365, 1413, 1414, 1434, 1451, 1622, 1726, 1768, 1938, 1993, 2102, 2201, 2210, 2323, 2806, 2840, 2855, 2870, 2928, 3143, 3161, 3211, 3217, 3276, 3447, 3506, 3561, 3573, 3755, 3761, 3831, 3973, 4011, 4033, 4080, 4229, 4463, 4481, 4600, 4677, 4743, 4800, 4829, 5308, 5359, 5440, 5566, 5615, 5910, 6042, 6173, 6278, 6391, 6457, 6474, 6495, 6511, 6521, 6855, 6928, 7071, 7119, 7191, 7220, 7315, 7398, 7431, 7492, 7529, 7570, 7800, 8121, 8156, 8290, 8451, 8575, 8638, 8723, 8803, 8809, 8965, 8989, 9014, 9375, 9753, 9952, 9994, 10065, 10124, 10194, 10263, 10330, 10383, 10599, 10637, 10739, 10789, 10848, 11019, 11033, 11206, 11336, 11355, 11434, 11540, 12035, 12130, 12216, 12217, 12279, 12306, 12313, 12315, 12493, 12546, 12582, 12765, 12834, 12928, 13214, 13317, 13433, 13517, 13617, 13644, 13708, 13713, 13962, 14071, 14243, 14353, 14360, 14386, 14577, 14675, 14822, 15163, 15484, 15620, 15627, 15634, 15916, 15949, 16232, 16263, 16311, 16594, 16648, 16785, 16926, 17092, 17337]",MSigDB_Oncogenic_Signatures__ESC J1 UP EARLY.V1 DN
MSigDB_Oncogenic_Signatures,RPS14 DN.V1 UP,prerank,0.29713536713832667,1.2143441303152134,0.07912087912087912,0.1851618295955966,0.999,48_179,48/179,18.32%,ANPEP;MYO1F;MS4A6A;CLEC2B;BCL6;C3AR1;CASP1;TYROBP;ITGB2;RBM47;MAF;SPTLC3;VNN1;GDF15;LY96;SASH3;CD300A;ITGAM;F13A1;GJA1;HLA-DMB;CDKN1A;CCL2;ANXA3;BIRC3;TNFRSF10C;SESN1;DCN;LY86;CYP1B1;CTSS;CAPG;TRIM22;HLA-DMA;CD14;RIN2;SH2D2A;SLAMF8;ITGAL;ST3GAL6;PTGDS;BCL2A1;CTSH;IL8;PYCARD;VWF;SIRPA;SDC4,ANPEP;MYO1F;MS4A6A;CLEC2B;BCL6;C3AR1;CASP1;TYROBP;ITGB2;RBM47;MAF;SPTLC3;VNN1;GDF15;LY96;SASH3;CD300A;ITGAM;F13A1;GJA1;HLA-DMB;CDKN1A;CCL2;ANXA3;BIRC3;TNFRSF10C;SESN1;DCN;LY86;CYP1B1;CTSS;CAPG;TRIM22;HLA-DMA;CD14;RIN2;SH2D2A;SLAMF8;ITGAL;ST3GAL6;PTGDS;BCL2A1;CTSH;IL8;PYCARD;VWF;SIRPA;SDC4;HCK;EMP1;CLEC5A;GPNMB;TFEC;FLVCR2;RAB31;AZU1;ITGAX;CR1;LST1;MDFIC;KYNU;NYNRIN;EVI2B;P2RY14;IL1B;NCF2;EPS8L2;GNAZ;IFI16;CSTA;PLAU;RCBTB2;JAG1;MX2;ARHGAP25;CLEC7A;HLA-DQB1;SMAD3;CPM;ADRA2A;KCTD12;ADA;GPR137B;SPP1;IGSF6;PILRA;ATP8B1;ICAM3;AIF1;SCN3A;GFI1;BST1;TNFAIP2;GPR183;CDCP1;SNTG1;PDGFA;CELA2A;PDE4D;LY75;MX1;PID1;MNDA;RHOB;HEY1;MARCKS;ANXA6;SFXN3;ATP8B4;ELANE;CDC42EP3;TGFBI;ZMAT3;SPINT1;CRIM1;IGFBP7;PTGER4;PTPRG;ADAMTS6;GNB5;COLEC12;PLK2;TAC3;F5;CCNA1;CCRL1;ARHGEF3;CYSLTR1;CECR1;PTPN22;PLA2G7;ANKRD1;SEMA3D;TM6SF1;PADI2;KBTBD11;CCL1;CYFIP2;RASGRP3;EVI2A;CD9;SH3BP5;KMO;NKG7;NR4A3;PTPRO;IL1RAP;CEACAM8;ALCAM;SLC31A2;PMP2;STX3;CD69;ARL4C;FBN2;SH3GL3;ENPP2;PROM1;LECT2;TRIM36;FUCA1;SEPT10;RGL1;PRTN3;LPXN;EGR3;CACNB4;PTPRE;CROT;RASAL2;SORL1;DMXL2;HESX1;FRY;MPL;CALB1;ACTA2;DNAJC22;CRTAM,"[149, 339, 385, 389, 489, 582, 645, 865, 902, 921, 1021, 1039, 1053, 1105, 1117, 1201, 1311, 1487, 1558, 1579, 1587, 1714, 1826, 1938, 1994, 2135, 2306, 2386, 2387, 2464, 2465, 2484, 2486, 2494, 2611, 2619, 2655, 2721, 2736, 2797, 2819, 2841, 2919, 2920, 3056, 3112, 3184, 3208, 3336, 3435, 3594, 3711, 3880, 3960, 4054, 4083, 4130, 4307, 4379, 4438, 4450, 4479, 4543, 4593, 4629, 4720, 4797, 4995, 5020, 5233, 5250, 5275, 5281, 5294, 5553, 5747, 5810, 5844, 5845, 5932, 5968, 6139, 6143, 6253, 6339, 6494, 6583, 6610, 6768, 6918, 7032, 7161, 7216, 7403, 7434, 7469, 7604, 7659, 8278, 8339, 8348, 8511, 8616, 8719, 8866, 9000, 9127, 9292, 9362, 9713, 9763, 9768, 9859, 10018, 10072, 10189, 10354, 10411, 10559, 10609, 10638, 10655, 10676, 10833, 10863, 10948, 11016, 11181, 11321, 11540, 11738, 11940, 11978, 12181, 12268, 12356, 12414, 12542, 12728, 12873, 13114, 13160, 13213, 13309, 13351, 13395, 13453, 13495, 13645, 13752, 13780, 13869, 13891, 13903, 13922, 14062, 14102, 14117, 14156, 14180, 14256, 14460, 14846, 15129, 15176, 15206, 15294, 15544, 15622, 15903, 15971, 16505, 16551, 16588, 16653, 16968, 17077, 17101, 17471]",MSigDB_Oncogenic_Signatures__RPS14 DN.V1 UP
MSigDB_Oncogenic_Signatures,E2F3 UP.V1 UP,prerank,0.29734752494502925,1.19708629229916,0.10105263157894737,0.21254077926658252,0.999,24_171,24/171,10.55%,IL17RB;MICB;SIX5;LCN6;CBX2;SAMD1;SAMD11;TSHZ1;LRP4;MNX1;ZNF703;GKAP1;UNG;CDKN2C;FAM43B;INHBB;NR2F1;TP53I13;ABHD15;LEF1;SH3BGR;LRRC45;EGLN1;RASD1,IL17RB;MICB;SIX5;LCN6;CBX2;SAMD1;SAMD11;TSHZ1;LRP4;MNX1;ZNF703;GKAP1;UNG;CDKN2C;FAM43B;INHBB;NR2F1;TP53I13;ABHD15;LEF1;SH3BGR;LRRC45;EGLN1;RASD1;TIFA;FAM78A;SAC3D1;CHST1;TMEM106C;CDRT15;ARRDC2;CHST2;GPR160;PCOLCE2;PLSCR4;MFHAS1;SMAD6;RYR1;KHDRBS3;MEX3B;APOLD1;PXMP2;MMP15;GCH1;CCNE1;FGFR3;FAM92A1;LIN7B;ZIC2;KLF16;CEBPA;CRY1;SLC27A3;HEY2;CSPG5;RAB26;SLC4A3;CCP110;KISS1R;TAF5;WNT9A;PDIA2;PLXND1;POLE;EEF1A2;SYN1;ANKRD18A;PIN1;PCNA;SNRNP25;SHANK3;CD83;TMEM97;HSPA2;NPAS1;KCNA6;CHST7;SYNM;RTN4R;BAI2;EPHX4;ATAD2;TLE2;SYNGR3;TMEM158;UBE2QL1;L3MBTL3;CDKN1C;SLC6A2;DHRS13;FANCA;DCLRE1B;SLC27A2;ENO2;NAT8L;NGEF;HEY1;CYP26A1;NUDT22;PTCH1;SLC30A4;TMEM201;CABLES2;MANEAL;ZDHHC12;SBK1;SEPT3;FOXD1;HPGD;DDAH1;ZDHHC14;GINS1;DTL;KCNS3;RTN4RL1;LMO2;CDK5R1;TMEM121;TMEM155;RHOBTB2;ABCG2;FBXL16;ZFP30;HRK;E2F7;UGT8;REEP1;MBOAT1;JPH1;ATRNL1;CHRDL2;NPTX1;FGF9;PDXP;TM6SF1;INA;MAP6D1;RRAGD;CDK19;ATP6V1E1;RAB9B;TLCD1;PEG10;SNX10;TIAM1;DSCR6;BRI3BP;TSPAN5;CMPK2;EML6;TPPP;ANTXRL;ZDHHC23;SHISA8;EFS;FEN1;CCNE2;ZNF367;DCK;MYB;TMOD2;GAD1;RASGRP1;CHML;HBA2;POLE2;EGR2;ZNF483;EPB41L3;GPR137C;FAM150B,"[34, 152, 290, 336, 414, 521, 584, 596, 661, 714, 748, 931, 940, 960, 971, 1020, 1093, 1125, 1294, 1377, 1552, 1616, 1719, 1847, 2086, 2307, 2586, 2669, 2950, 2970, 3037, 3162, 3213, 3264, 3423, 3621, 3626, 3704, 3779, 3815, 3868, 3932, 3949, 4221, 4289, 4371, 4549, 4559, 4599, 4974, 5110, 5174, 5203, 5306, 5417, 5436, 5491, 5494, 5517, 5667, 5748, 5779, 5795, 5832, 5848, 5960, 6068, 6165, 6282, 6343, 6413, 6724, 6818, 6834, 6863, 7353, 7601, 7904, 7943, 7958, 7985, 8015, 8078, 8150, 8243, 8279, 8304, 8377, 8506, 8512, 8525, 8638, 8654, 8715, 8743, 8814, 8866, 8895, 8996, 9019, 9106, 9245, 9249, 9286, 9378, 9408, 9459, 9543, 9608, 9627, 9744, 9881, 9948, 9978, 10085, 10086, 10324, 10330, 10361, 10406, 10849, 10964, 11022, 11201, 11478, 11563, 11565, 11619, 11675, 11692, 11753, 11865, 12107, 12121, 12181, 12481, 12771, 12842, 13021, 13063, 13110, 13127, 13155, 13303, 13688, 13794, 13830, 14191, 14328, 14435, 14551, 14646, 14686, 14745, 14852, 14856, 15109, 15237, 15388, 15452, 15584, 16002, 16013, 16377, 16398, 16418, 16961, 17065, 17221, 17311, 17382]",MSigDB_Oncogenic_Signatures__E2F3 UP.V1 UP
MSigDB_Oncogenic_Signatures,CORDENONSI YAP CONSERVED SIGNATURE,prerank,0.35073498029376826,1.1824447550914805,0.17758985200845667,0.23404832540369366,0.999,13_57,13/57,16.99%,AGFG2;ITGB5;ITGB2;CDKN2C;TGFB2;PHGDH;GADD45B;GAS6;AXL;FGF2;SH2D4A;EMP2;TGM2,AGFG2;ITGB5;ITGB2;CDKN2C;TGFB2;PHGDH;GADD45B;GAS6;AXL;FGF2;SH2D4A;EMP2;TGM2;FSTL1;SERPINE1;BIRC5;MDFIC;DUSP1;SGK1;PDLIM2;DLC1;TK1;TOP2A;GGH;TNNT2;BICC1;CTGF;TNS1;NDRG1;LHFP;DAB2;DUT;FLNA;TSPAN3;SDPR;COL4A3;CYR61;MARCKS;THBS1;DDAH1;CRIM1;ASAP1;GLS;FSCN1;HEXB;ECT2;HMMR;ANKRD1;STMN1;CENPF;PMP22;AMOTL2;SLIT2;ETV5;SCHIP1;SHCBP1;CDC20,"[237, 577, 902, 960, 1191, 1243, 1626, 1651, 1739, 2211, 2287, 2928, 2975, 3983, 4011, 4324, 4438, 4446, 4545, 4583, 4657, 4874, 5039, 5610, 5671, 5831, 5847, 6093, 6152, 6369, 7000, 7170, 7192, 7650, 7689, 8021, 8965, 9000, 9307, 9627, 10072, 10665, 10680, 10815, 11261, 11338, 11716, 11940, 12454, 12520, 12705, 12935, 14538, 14899, 16288, 16512, 16543]",MSigDB_Oncogenic_Signatures__CORDENONSI YAP CONSERVED SIGNATURE
MSigDB_Oncogenic_Signatures,MYC UP.V1 UP,prerank,0.29553327698616266,1.1837603312054883,0.1145374449339207,0.23457455483893877,0.999,32_160,32/160,16.50%,HSPA6;PUS3;AHSA1;OR7C1;HP;ANO2;SLMO1;TDRD10;CD320;UNG;DPP7;SLC19A1;MON1A;MTFP1;LEPREL4;HSPE1;MMP25;TRNAU1AP;TRMT1;REPIN1;USE1;ISOC2;PUS1;LRRC61;WDR83;NR2C2AP;SAC3D1;CALML4;CCDC124;ZNF420;TSSC4;FOS,HSPA6;PUS3;AHSA1;OR7C1;HP;ANO2;SLMO1;TDRD10;CD320;UNG;DPP7;SLC19A1;MON1A;MTFP1;LEPREL4;HSPE1;MMP25;TRNAU1AP;TRMT1;REPIN1;USE1;ISOC2;PUS1;LRRC61;WDR83;NR2C2AP;SAC3D1;CALML4;CCDC124;ZNF420;TSSC4;FOS;P2RX5;PCOLCE2;QTRT1;CHCHD10;CAPS;TOP1MT;OAF;QSOX2;PRR7;IL17D;NOP14;AMPD2;ABCC4;MMP16;EMR2;SLC25A22;ALG3;KLF16;SLC29A4;ADCK3;PLD6;TAF5;CAMKMT;ENDOU;NEFH;GLRX5;HSPBAP1;RRP12;KLRG2;HS3ST3A1;TMEM97;DENND2D;MNT;SMYD5;ERVMER34-1;RPTOR;HDLBP;PPRC1;FOXRED2;NOC4L;PES1;CCDC78;N6AMT2;DUSP2;LYPD6;TECTB;PUS7L;DCAF4;SLC27A2;MTERFD1;DGAT2;GLS2;TFB2M;ICAM5;DLL3;PIM2;PLA2G4A;TTYH2;TMEM201;SIX3;NDUFAF4;NIP7;SHISA9;RRP9;HLF;GPD1L;MPHOSPH10;EEF1E1;WDR4;PRR3;DCTPP1;LHX6;RPP40;JPH1;VWA3B;B3GNTL1;PUS7;CHKA;CGREF1;ECE2;ZNF593;ZNF549;TGFBRAP1;LAS1L;POLR1E;CD3EAP;EXOSC5;SLC25A26;MRTO4;ESF1;AGPAT3;UTP14A;TMEM132B;RPUSD4;CDCA7L;IPO4;GEMIN5;UBIAD1;DPYSL5;TMEFF2;PMM2;RRP15;TSFM;DIS3L;DDX10;NLE1;EXOSC9;SORD;TAF4B;SSSCA1;PRMT3;METTL1;DGKD;TTC18;NOL6;ITPR1;HS6ST2;SLC6A15;MBLAC2;PIGW;UTP15;ZNF215;ZNF667;WDR43;PRAP1;SLC25A15;FARSB;SCFD2,"[0, 174, 183, 316, 396, 431, 548, 794, 908, 940, 957, 989, 1071, 1155, 1174, 1194, 1399, 1498, 1643, 1665, 2146, 2163, 2196, 2232, 2504, 2565, 2586, 2596, 2697, 2705, 2849, 2889, 3133, 3264, 3329, 3530, 3661, 3699, 3734, 4017, 4047, 4138, 4312, 4340, 4382, 4548, 4609, 4622, 4951, 4974, 5033, 5261, 5420, 5667, 6052, 6060, 6181, 6212, 6367, 6391, 6797, 6801, 6818, 6846, 6945, 6985, 7209, 7231, 7395, 7658, 7683, 7698, 7735, 7995, 8320, 8364, 8412, 8436, 8490, 8642, 8654, 8670, 8754, 8917, 8969, 8990, 9053, 9063, 9214, 9244, 9245, 9359, 9466, 9806, 9829, 10037, 10062, 10402, 10636, 10644, 10874, 11076, 11258, 11608, 11668, 11675, 11877, 12016, 12032, 12264, 12385, 12432, 12499, 12677, 12725, 12827, 12972, 13039, 13042, 13050, 13136, 13337, 13538, 13628, 13765, 13992, 14040, 14080, 14127, 14193, 14243, 14325, 14336, 14370, 14376, 14501, 14516, 14614, 14698, 15002, 15065, 15372, 15375, 15400, 15436, 15457, 15582, 15616, 15719, 15808, 15875, 16082, 16179, 16273, 16568, 16765, 16783, 16838, 16870, 17128]",MSigDB_Oncogenic_Signatures__MYC UP.V1 UP
MSigDB_Oncogenic_Signatures,SIRNA EIF4GI DN,prerank,-0.3508314069652044,-1.2728133190905433,0.06994328922495274,0.2472668585361954,0.993,19_87,19/87,16.16%,DUSP4;MAPKAPK5;CFTR;HSD17B12;KIAA1279;SHCBP1;MBD5;TXNDC9;SSR3;ATMIN;TRPC5;SLC31A1;PDE6D;TAF11;MAN2A2;RAB7A;PSME3;STAMBP;DCTN6,SLC43A3;CDKN2C;NEDD4;C2CD2;ATP6V0E1;CCL2;S1PR1;FCHSD2;MFAP5;HLA-DPA1;SP140L;ACYP1;ADIPOR2;PSMC3IP;FSTL1;RIPK2;LOXL2;MYD88;PAPSS2;CDC6;ITGAE;UAP1;CYTL1;TRIP13;HDHD1;ATP2B4;TMEM156;SRPK1;TMEM39A;IMPA1;SPTSSA;CDH11;CDR2;ANKRD49;C1QTNF1;HIST1H3A;MRPL9;VPS54;APITD1;STAG1;IGF2BP2;BET1;NEK7;PBX3;AKAP10;SLC17A7;FAM111A;SCML2;ENOX2;RARB;RNF34;HSD11B1;RAB1A;TANK;SMURF2;MAP4K3;PPME1;WDYHV1;FAM206A;OPN1SW;PDCD10;PMP22;EIF5A2;PDHX;RIMS2;MYO19;SNX10;COPS7A;DCTN6;STAMBP;PSME3;RAB7A;MAN2A2;TAF11;PDE6D;SLC31A1;TRPC5;ATMIN;SSR3;TXNDC9;MBD5;SHCBP1;KIAA1279;HSD17B12;CFTR;MAPKAPK5;DUSP4,"[187, 960, 1328, 1424, 1810, 1826, 2528, 2538, 2696, 2875, 3472, 3599, 3692, 3713, 3983, 4056, 4066, 4132, 4137, 5149, 5292, 5944, 6137, 6199, 6512, 6626, 6829, 7006, 7098, 7169, 7222, 7390, 7841, 7926, 8073, 8116, 8206, 8378, 8520, 8530, 8776, 8878, 9181, 9195, 9603, 9653, 9663, 9961, 10290, 10395, 10633, 10667, 10946, 10953, 11219, 11491, 11623, 11947, 11959, 12469, 12701, 12705, 12967, 13020, 13082, 13193, 13303, 13328, 14688, 14885, 14933, 15081, 15082, 15147, 15736, 15794, 15885, 15961, 16095, 16249, 16483, 16512, 16803, 17007, 17252, 17285, 17396]",MSigDB_Oncogenic_Signatures__SIRNA EIF4GI DN
MSigDB_Oncogenic_Signatures,KRAS.50 UP.V1 DN,prerank,0.38471903156700943,1.170716211479851,0.21141649048625794,0.25411302673277836,1.0,12_36,12/36,18.48%,S100A7;RRAD;TUBAL3;GADD45G;CXCR7;OLFML2A;PYHIN1;SLC6A3;TGM1;ABCB1;PLBD1;KIF25,S100A7;RRAD;TUBAL3;GADD45G;CXCR7;OLFML2A;PYHIN1;SLC6A3;TGM1;ABCB1;PLBD1;KIF25;PTPRCAP;TRPM2;KRT16;MX2;SCGB1A1;EPHB6;KRT13;PPFIA3;NCR3;CRYGD;PSORS1C1;THRB;ATP6V1B1;HTR1B;LY6D;EPHX2;SDS;SERPINB13;CGREF1;TAS2R4;NTF3;NOS1;SOX11;IFI44L,"[235, 239, 709, 1669, 1941, 2244, 2633, 2789, 2870, 3190, 3210, 3236, 4242, 4738, 5146, 5294, 5545, 5600, 5682, 6134, 6362, 8125, 8165, 8336, 11176, 11252, 11531, 11584, 11605, 12116, 12385, 13200, 15460, 15846, 16271, 16902]",MSigDB_Oncogenic_Signatures__KRAS.50 UP.V1 DN
MSigDB_Oncogenic_Signatures,GCNP SHH UP EARLY.V1 DN,prerank,0.29617731095396277,1.168555182380044,0.13062098501070663,0.25555335540029595,1.0,26_153,26/153,12.15%,SLC43A3;RAMP1;SIX4;IRF3;LAT2;CYBA;TMEM176A;LGALS9;CFB;MAF;RABAC1;AKR1C1;DDX3Y;IER2;TM4SF1;MIIP;LTBP3;UIMC1;HTRA3;CRABP2;LCP1;SH3BGR;SLC6A4;CCL2;CCR2;ADCY9,SLC43A3;RAMP1;SIX4;IRF3;LAT2;CYBA;TMEM176A;LGALS9;CFB;MAF;RABAC1;AKR1C1;DDX3Y;IER2;TM4SF1;MIIP;LTBP3;UIMC1;HTRA3;CRABP2;LCP1;SH3BGR;SLC6A4;CCL2;CCR2;ADCY9;S100A9;NOTCH1;MERTK;NUB1;VAV1;CRYGS;CDK5RAP3;BPIFB1;PLA2G10;HES1;EMP1;MAN2B1;LSR;CYP27B1;ETS1;CBFA2T3;ACSS1;SRRM2;ELMOD3;UBTF;PEPD;ID2;GAPDHS;MST1R;CCRL2;CPT1A;GRIN1;UROS;IL1R1;LRRC23;MX2;NR6A1;CAMLG;GNA14;PPFIBP2;SLC7A3;MAP2K1;GPR19;PPP2R3C;HIST2H2BE;PHLDB2;SLC22A6;PAM16;LIN9;CDK5;RAG2;GUSB;NR4A2;ZNF518B;JPH3;POLD4;SMYD5;LRRC57;HOXB3;MAP4K4;LAMB3;NPPB;BTD;DBP;CALCR;ERO1LB;TMPO;FOXA1;NR5A2;TAF15;VPS54;MGP;UPK3B;KIAA1217;MIPOL1;SOX18;FAM208A;ASPH;POPDC3;PLA2G4A;TMEM160;RSPO2;GABRD;PDE1B;CBX1;DPPA4;DLK1;BTC;FRMD5;AIM1;PLK2;HTR1A;JAM3;XIAP;NLRX1;ZNF436;EEPD1;PCBD2;RRAGD;CITED2;AMOTL2;TXLNG;LYST;TERF2IP;PIGT;WWC2;GABRA1;SETDB1;MAP3K12;HAS2;LCLAT1;DDB1;ANKRD44;CNN1;STS;C4BPA;WIPF1;TIRAP;TM2D1;GLB1L;MYO5B;PTGER3;EGR1;ITGA4;SEZ6;PCP2;PEX7;GBP7;DCAF8;CD38;EOMES;NSUN3,"[187, 260, 299, 315, 325, 417, 541, 718, 981, 1021, 1038, 1043, 1049, 1118, 1244, 1379, 1388, 1404, 1489, 1490, 1537, 1552, 1789, 1826, 2082, 2127, 2310, 2437, 2629, 2748, 2843, 2939, 3294, 3304, 3358, 3383, 3435, 3690, 3813, 3820, 3821, 3915, 4015, 4038, 4306, 4396, 4447, 4494, 4589, 4680, 4725, 4767, 4890, 5140, 5151, 5290, 5294, 5392, 5583, 5615, 5635, 5685, 5701, 5702, 5821, 5861, 6021, 6062, 6106, 6128, 6185, 6247, 6432, 6629, 6702, 6830, 6886, 6985, 7065, 7140, 7148, 7368, 7489, 7627, 7836, 7973, 8075, 8174, 8215, 8229, 8276, 8378, 8492, 8594, 8819, 8897, 8914, 8942, 9020, 9048, 9214, 9285, 9291, 9581, 9646, 9918, 10042, 10158, 10247, 10305, 10593, 10655, 10749, 10822, 11034, 11200, 11490, 12488, 12590, 12842, 12866, 12935, 12995, 13016, 13023, 13270, 13344, 13541, 13668, 13737, 13898, 13985, 14043, 14217, 14675, 14685, 14849, 14990, 15108, 15274, 15295, 15331, 15604, 15627, 15698, 15865, 16144, 16171, 16267, 16473, 17102, 17333, 17495]",MSigDB_Oncogenic_Signatures__GCNP SHH UP EARLY.V1 DN
MSigDB_Oncogenic_Signatures,NRL DN.V1 UP,prerank,0.298813402514762,1.1666836929702253,0.15011037527593818,0.25602341767264136,1.0,30_128,30/128,14.90%,STARD10;WISP1;PCOLCE;BCL3;DHRS3;RFX2;SAMD11;SNTG2;CCNA2;CNOT3;RHPN1;KLHL36;SOX15;GRTP1;ZFP36L2;PPARA;RHBDL3;CLDN23;STK35;KCNJ14;PLEKHF2;HIC2;TNFAIP3;SAP30;SNTA1;LMO1;ST3GAL1;AQP1;NME4;B4GALT1,STARD10;WISP1;PCOLCE;BCL3;DHRS3;RFX2;SAMD11;SNTG2;CCNA2;CNOT3;RHPN1;KLHL36;SOX15;GRTP1;ZFP36L2;PPARA;RHBDL3;CLDN23;STK35;KCNJ14;PLEKHF2;HIC2;TNFAIP3;SAP30;SNTA1;LMO1;ST3GAL1;AQP1;NME4;B4GALT1;IGFBP5;ZC3H3;LLGL2;PLAGL2;EML3;SUPT6H;BCL2L11;ARG2;EBPL;APC2;PTPRCAP;CTIF;GRIK5;FOXH1;KCNN4;DUSP14;TFF3;STK17B;SNTB2;PDE6A;ARHGAP10;SLC29A2;SH2D1A;PLEKHA2;TNNT2;REEP6;SPEN;GALNT10;NLGN2;MC1R;RNF207;PPAP2C;GNAT1;BBS9;SEC14L2;MKNK1;GADD45A;BST1;TNFAIP2;TTC39C;ESRRB;ALPL;CDR2;SEMA4G;CCDC64;NXNL1;PLA2R1;ST8SIA1;GRIP1;SLC26A8;HAS1;AHRR;CSDC2;PDIA5;ELAVL3;POLG2;CRYGA;PDE6B;CDK5R2;DIRAS1;TAOK3;SHISA2;LRRC2;DPF3;GNB1;EXT1;IMPG1;NGDN;SLC16A6;MEF2C;POLR2A;STYX;PPARGC1B;TAS2R4;MLF1;SCN2A;ATP8A2;MLL;RHO;ARMC1;CNGA1;GALNT7;CALU;MLL3;NRL;ZDHHC6;NUF2;GPSM2;KCNB1;ACVR2B;IRF6;FAIM;CALN1;COL19A1;SLC24A1;TCP11;GAS7;TRPC1,"[58, 130, 211, 347, 406, 436, 584, 604, 799, 975, 992, 1245, 1327, 1449, 1465, 1634, 1794, 1803, 2087, 2130, 2159, 2184, 2189, 2262, 2273, 2364, 2408, 2580, 2581, 2609, 2746, 3095, 3365, 3399, 3448, 3701, 3812, 3931, 4058, 4159, 4242, 4267, 4406, 4521, 4563, 4585, 4669, 4901, 4977, 5036, 5047, 5205, 5268, 5639, 5671, 5910, 6167, 6299, 6322, 6421, 6425, 6448, 6542, 6638, 6673, 6710, 6740, 7161, 7216, 7263, 7362, 7488, 7841, 7871, 8146, 8261, 8579, 8649, 8810, 8962, 9101, 9241, 9392, 9591, 9771, 10334, 10387, 10548, 10754, 11112, 11288, 11380, 11916, 11927, 12079, 12204, 12299, 12420, 12448, 12683, 12851, 12981, 13100, 13200, 14374, 14513, 14653, 14766, 14884, 15070, 15243, 15245, 15250, 15521, 15933, 16069, 16240, 16355, 16390, 16673, 16733, 16950, 17069, 17091, 17125, 17154, 17270, 17384]",MSigDB_Oncogenic_Signatures__NRL DN.V1 UP
MSigDB_Oncogenic_Signatures,SIRNA EIF4GI UP,prerank,0.3226295362156408,1.1639887908464723,0.18669527896995708,0.25918016063614463,1.0,19_86,19/86,17.41%,HSPB1;FRAT2;INPP5D;CEBPD;HSPD1;FXYD3;FBXO46;PERP;CPNE1;ZFP36L2;NDUFS8;TNNT1;ECI1;NQO1;TRAF3IP2;CTSH;CORO1B;PMPCB;CCT4,HSPB1;FRAT2;INPP5D;CEBPD;HSPD1;FXYD3;FBXO46;PERP;CPNE1;ZFP36L2;NDUFS8;TNNT1;ECI1;NQO1;TRAF3IP2;CTSH;CORO1B;PMPCB;CCT4;MTO1;HLA-B;PYGL;TCF25;FCAR;SUN2;CA2;IGF2R;CTSC;THADA;PSME1;ASS1;CAMLG;NCAPD2;ATF3;SPG20;DAG1;NONO;ALDH7A1;PDHA1;TXNIP;HTRA2;LRPAP1;HADHB;S100A14;ST13;ESYT1;MAGEF1;PSAP;GLUD1;BTG2;SAMM50;DDX54;DRG1;PTPN13;ATP5A1;EIF3K;QARS;MIA3;ATP1A1;MPV17;RMND1;EID1;WISP2;SLCO1A2;MATR3;LAP3;ADSL;TCTN1;CSDE1;SLC25A3;PAPSS1;SETDB1;SLC25A5;ASAH1;XPC;CSE1L;GIN1;DTX4;AFG3L2;LETMD1;UBE2E1;UQCRC2;KIF2A;GSS;MRPS30;DDX50,"[3, 388, 448, 569, 682, 690, 1037, 1335, 1398, 1465, 1492, 2385, 2507, 2676, 2915, 2919, 2953, 2981, 3049, 3361, 3617, 3749, 3909, 3926, 3986, 4119, 4495, 4687, 4753, 4930, 5245, 5583, 5630, 5684, 5738, 5871, 5890, 5966, 6459, 6506, 6990, 7031, 7160, 7332, 7462, 8043, 8170, 8185, 8416, 8882, 9464, 9863, 10437, 10575, 10699, 10852, 10859, 11234, 11293, 11741, 12018, 12435, 12480, 12776, 12869, 12912, 13172, 13173, 13382, 13514, 13563, 13668, 13855, 14148, 14321, 14844, 14960, 14973, 15046, 15196, 15371, 15798, 15905, 16076, 16442, 16576]",MSigDB_Oncogenic_Signatures__SIRNA EIF4GI UP
MSigDB_Oncogenic_Signatures,CSR EARLY UP.V1 UP,prerank,0.2914672534969541,1.1578408784329097,0.15106382978723404,0.26022031009976243,1.0,24_154,24/154,10.09%,SMTN;DDIT4L;FZD8;PNP;MAP2K3;PLAUR;HLX;TNFRSF12A;PXN;STC1;BCAR3;DSP;GAL;DNAJA1;ITPRIPL2;ID3;CD274;TMEM2;CD33;TBX2;SMAD7;SLC30A1;PDE4DIP;GATA2,SMTN;DDIT4L;FZD8;PNP;MAP2K3;PLAUR;HLX;TNFRSF12A;PXN;STC1;BCAR3;DSP;GAL;DNAJA1;ITPRIPL2;ID3;CD274;TMEM2;CD33;TBX2;SMAD7;SLC30A1;PDE4DIP;GATA2;SOX9;B3GNT6;IRAK1;ST3GAL1;SNAI1;CRISPLD2;CBFB;TIMM22;ADRM1;TCEB3;DKC1;DNTTIP2;NOP16;BCAR1;DOT1L;UGDH;ZBTB2;AMMECR1L;ETS1;RIPK2;SHB;LRRC8A;ZBTB12;SLC16A1;HMGA1;YOD1;CSRNP2;REST;PTPN12;RNPS1;FAM180A;UAP1;PAPD7;ELL;MAPRE1;ZNF324;SPRY2;EHD4;TRNP1;BRPF1;TOP1;EIF4A1;HPCAL1;MYO9B;VGLL4;ELK3;IL11;NT5E;DCBLD1;SREK1IP1;FJX1;PLCH1;BDKRB1;TIMM23;DLX2;SLC28A1;USP36;MOB1B;TXNDC12;KPNA4;TCEB1;FOXD1;RGMB;ZNF800;POM121;NIP7;SEC24A;RRP9;FRMD6;GABPB2;ILF2;TMEM200A;FAM107B;PHLPP2;F3;TFG;SRSF3;PTGS2;YWHAG;PHLDB1;NRBF2;KIAA0020;CHUK;PCSK7;SPRY4;KLF13;MRPS35;CCDC59;HBEGF;RFK;PTPN1;POLE3;SMARCA4;AMD1;ZPBP;EIF4A3;MESDC1;UTP3;PPIF;NMD3;DDX21;MNAT1;UBE2N;NET1;ZNF697;NRIP1;KLF10;PANX1;USP12;ACTR3;NCL;DHX33;REPS2;GTPBP4;NUP54;PRKRIR;HECTD2;INHBA;GNL2;SCHIP1;VTA1;TDG;MKI67IP;EIF4H;SRP72;DIS3;PHF20L1;UFM1;PTP4A1;PAPD4,"[49, 212, 225, 271, 292, 296, 337, 503, 628, 634, 735, 740, 816, 1024, 1082, 1413, 1524, 1570, 1612, 1641, 1659, 1726, 1760, 1766, 2005, 2330, 2376, 2408, 2526, 2899, 3010, 3047, 3132, 3274, 3394, 3414, 3444, 3512, 3590, 3718, 3722, 3740, 3821, 4056, 4220, 4227, 4416, 4611, 4727, 4733, 4957, 4978, 5237, 5271, 5467, 5944, 6004, 6131, 6230, 6600, 6637, 6662, 6669, 6887, 6951, 7033, 7088, 7156, 7380, 7613, 8041, 8071, 8148, 8241, 8404, 8437, 8507, 8745, 8833, 8911, 8920, 9030, 9042, 9134, 9461, 9543, 9633, 9688, 9701, 9806, 9979, 10037, 10348, 10626, 10675, 10928, 10958, 11011, 11051, 11116, 11131, 11182, 11291, 11333, 11640, 11860, 12017, 12070, 12130, 12216, 12234, 12279, 12285, 12361, 12370, 12411, 12442, 12793, 12927, 13191, 13401, 13502, 13578, 13821, 13964, 13965, 14060, 14067, 14094, 14451, 14531, 14534, 14564, 14586, 14777, 14813, 15282, 15763, 15799, 16131, 16172, 16208, 16231, 16288, 16296, 16308, 16594, 16697, 16706, 16737, 16781, 16782, 16929, 17024]",MSigDB_Oncogenic_Signatures__CSR EARLY UP.V1 UP
MSigDB_Oncogenic_Signatures,ATF2 UP.V1 DN,prerank,0.2851512986843596,1.1583471801265606,0.13279678068410464,0.26206083488756465,1.0,44_171,44/171,20.70%,SLCO4A1;WISP1;STXBP2;GAS1;KLHL21;ZC3H12A;HEXIM1;TOP3B;TNFRSF11B;AIRE;PIM1;NDUFA4L2;CFB;AK4;HDHD3;PDE4DIP;CCL2;PC;SIK1;FMOD;CFH;ZNF652;PPP4R2;ADORA2B;AFF1;CYBRD1;IRS2;NFIB;CYP1B1;SERPINA3;KIAA1199;FOS;CD302;MRPL44;RAB11FIP1;SPINT2;TREM1;KLRK1;PLSCR4;NPIP;ST6GALNAC2;SERPINB9;HOXB2;SMAD6,SLCO4A1;WISP1;STXBP2;GAS1;KLHL21;ZC3H12A;HEXIM1;TOP3B;TNFRSF11B;AIRE;PIM1;NDUFA4L2;CFB;AK4;HDHD3;PDE4DIP;CCL2;PC;SIK1;FMOD;CFH;ZNF652;PPP4R2;ADORA2B;AFF1;CYBRD1;IRS2;NFIB;CYP1B1;SERPINA3;KIAA1199;FOS;CD302;MRPL44;RAB11FIP1;SPINT2;TREM1;KLRK1;PLSCR4;NPIP;ST6GALNAC2;SERPINB9;HOXB2;SMAD6;SLC25A28;EVC;GCH1;ABCC3;TAF1C;TGM5;PKP2;SP1;GUCA1B;BHLHE40;IGFBP2;IL1R1;JUP;ID4;CD68;CCP110;ITIH5;STON1;KCTD12;CCK;CSGALNACT1;CHI3L1;PISD;DENND2D;GPRC5B;PELI2;NPPB;GPRC5C;SHOX2;ERO1L;PPL;ADAM15;HS2ST1;PTER;SGCG;RPS6KB1;PID1;SLC39A8;KCNJ2;CA9;SCRG1;EFEMP1;S100A3;RNASE4;PLA2G4A;BHMT;C1RL;ATP8B4;FBLN2;SOD2;EDNRA;PLA2G16;PLS1;CRLF1;CELF2;SLC24A3;ACVR2A;DENND4C;SDC3;ABCA8;SLC12A8;MYH3;GSTT1;POGZ;ITGBL1;UBXN2B;PNMA2;KEL;ARHGEF3;ZNF432;DNAJC12;PTGS2;PTGFR;NUPL1;RARRES1;PDPN;CECR1;PDLIM3;VCAM1;ERAP2;ACACA;PCSK7;FGF7;FGF9;MFAP4;SLIT3;CDK5RAP2;CDH13;PLEK2;IL33;SNCAIP;PTX3;GLRA2;LIMCH1;GOLGA8A;ARNT2;IL1RAP;RBL2;FAM198B;ROR1;EDIL3;GPR37;KCND2;TPD52;GSR;PLN;EIF2AK3;MYO1D;REV3L;GALNT12;CXCL12;IQCG;SCD;CTH;PIGN;DGKD;CD200;SVEP1;MN1;HKDC1;PER3;PTGIS;HAPLN1;SFRP4;FRY;SLC25A15;HMG20A,"[46, 130, 197, 310, 361, 480, 560, 649, 664, 847, 858, 928, 981, 1249, 1437, 1760, 1826, 1947, 1969, 2003, 2051, 2117, 2118, 2190, 2242, 2338, 2357, 2440, 2464, 2558, 2817, 2889, 3017, 3068, 3179, 3198, 3333, 3412, 3423, 3469, 3498, 3556, 3613, 3626, 4003, 4069, 4221, 4275, 4362, 4431, 4440, 4488, 4633, 4717, 4812, 5151, 5286, 5301, 5305, 5494, 5923, 5954, 5968, 6217, 6238, 6323, 6404, 6846, 7106, 7438, 7489, 7539, 7805, 7844, 7977, 8085, 8152, 8162, 8212, 8326, 8511, 8529, 8539, 8610, 8692, 8928, 8986, 9014, 9214, 9256, 9265, 9362, 9425, 9445, 9524, 9567, 9734, 9811, 9974, 10083, 10101, 10162, 10352, 10479, 10564, 10577, 10601, 10813, 10842, 10857, 10860, 10995, 11016, 11111, 11155, 11182, 11263, 11271, 11294, 11303, 11321, 11501, 11751, 11838, 11923, 12070, 12101, 12107, 12110, 12463, 12476, 12477, 13132, 13145, 13201, 13208, 13211, 13234, 13289, 13340, 13453, 13576, 13660, 13726, 13751, 13846, 13920, 14165, 14462, 14544, 14600, 14803, 14926, 14994, 15207, 15219, 15398, 15409, 15434, 15436, 15606, 15874, 15912, 16097, 16170, 16232, 16268, 16403, 16588, 16838, 17220]",MSigDB_Oncogenic_Signatures__ATF2 UP.V1 DN
MSigDB_Oncogenic_Signatures,TBK1.DN.48HRS DN,prerank,0.3486333669356933,1.1584361062496114,0.20394736842105263,0.26469048861556455,1.0,6_50,6/50,7.72%,HSPA1A;PAFAH1B3;AKAP8;XBP1;BCL2;COASY,HSPA1A;PAFAH1B3;AKAP8;XBP1;BCL2;COASY;CRYZ;RGS2;IER3;IL13RA1;PSMB8;PLEKHJ1;GNA15;BIRC5;EGF;CTNNAL1;BIRC2;H2AFV;GALE;TRIB3;MSRA;ANKRD10;PDGFA;CPNE3;INPP4B;STX1A;CDK1;RALA;GTF2A2;ATP6V1D;COL4A1;RAD51C;DUSP22;PPOX;KIAA0100;RALB;ITGB1BP1;ABCF1;PDHX;TERF2IP;BPHL;ATG3;MAPK9;ST3GAL5;DLD;DCK;TOR1A;PRKCQ;UFM1;DUSP4,"[2, 587, 588, 1084, 1238, 1351, 2780, 2984, 3480, 3851, 3936, 4025, 4188, 4324, 4444, 4817, 6219, 6396, 6703, 7315, 7375, 7456, 7604, 7777, 7953, 8112, 8376, 8587, 9282, 9550, 9975, 10499, 10956, 11154, 11445, 11557, 11730, 12704, 13020, 13023, 13842, 14620, 14702, 14997, 15272, 15388, 16264, 16535, 16782, 17396]",MSigDB_Oncogenic_Signatures__TBK1.DN.48HRS DN
MSigDB_Oncogenic_Signatures,CTIP DN.V1 UP,prerank,0.3093281163639344,1.1597092500199966,0.15368421052631578,0.26487228767684123,1.0,27_104,27/104,18.50%,KLK1;PTH1R;ADAMTS2;FGF17;PDGFRL;LGALS9;DDIT3;EGFL7;SLC43A1;UPK1B;BCAN;CCL20;FFAR2;ROM1;CD34;LMO1;TULP1;BEST2;SNAI1;MED18;SERPIND1;ACTA1;IL8;GEMIN7;INSR;CD80;LAIR2,KLK1;PTH1R;ADAMTS2;FGF17;PDGFRL;LGALS9;DDIT3;EGFL7;SLC43A1;UPK1B;BCAN;CCL20;FFAR2;ROM1;CD34;LMO1;TULP1;BEST2;SNAI1;MED18;SERPIND1;ACTA1;IL8;GEMIN7;INSR;CD80;LAIR2;OLFML2B;SLC16A4;GDF10;KCNC4;COL1A2;KCNIP2;RND2;SLC9A5;COPZ2;PMEL;CD22;TRAF1;TNFRSF17;PKD2L1;LRTM1;PNMT;KCNA5;MTL5;CTRB2;FAM153A;CAMK1;BARX1;S100A1;MIP;TEK;HIST1H2AE;KLRC4;KCNS1;NPPA;ZNF20;RALYL;MYH6;CTLA4;CXCR6;CLEC3B;RGSL1;APOB;KCNB2;KCNK2;PDE6H;GNG7;BSPRY;GRPR;CYSLTR1;PTGFR;FSTL4;SALL2;TUBB1;OXCT2;TTR;OPN1SW;INA;PRPH2;MYOM1;ASPA;BCL2L14;TERT;IFI6;ALPK3;NANOG;ZNF528;MYF6;SMPDL3B;HTR3B;KLHL28;PCDHA5;CHODL;EFS;ONECUT2;HDAC9;PER3;ZNF253;RPGRIP1;GRID2;SP140;PPEF1;COCH,"[142, 218, 255, 282, 456, 718, 729, 835, 1004, 1061, 1385, 1617, 1966, 2044, 2142, 2364, 2384, 2454, 2526, 2582, 2837, 2840, 2920, 3042, 3052, 3114, 3239, 3552, 3576, 3659, 3855, 3978, 4106, 4135, 4179, 4391, 4924, 5130, 5590, 5623, 5854, 5892, 6030, 6341, 6388, 6614, 6747, 6902, 7664, 7779, 7837, 7870, 7914, 7921, 7991, 8110, 8213, 8635, 8823, 8921, 8931, 9162, 9266, 9399, 9407, 9997, 10075, 10209, 10321, 10755, 11181, 11263, 11365, 11592, 11787, 11918, 12341, 12469, 12481, 12550, 12609, 12652, 12934, 13041, 13124, 13159, 14064, 14129, 14140, 14431, 14522, 14626, 14811, 14845, 14852, 15348, 15818, 16170, 16274, 16453, 16564, 16688, 16865, 17399]",MSigDB_Oncogenic_Signatures__CTIP DN.V1 UP
MSigDB_Oncogenic_Signatures,MYC UP.V1 DN,prerank,0.29420617546033645,1.1509079516833838,0.1488469601677149,0.27233544102260837,1.0,33_140,33/140,13.97%,MMP9;PPM1N;PLK5;S100A8;B9D2;IL18;FAM73B;ARNTL;ZNF467;TLR2;AGER;PLK1;MAP3K6;GPRC5A;IRAK2;TRPM4;PODN;FGD2;ANGPTL4;WNT5B;PLEKHG2;IRGC;ABHD3;CCL20;PC;IL6;GAS2L2;CXCL3;HIST1H2AC;S100A9;LMTK3;AKR1C3;ASAP3,MMP9;PPM1N;PLK5;S100A8;B9D2;IL18;FAM73B;ARNTL;ZNF467;TLR2;AGER;PLK1;MAP3K6;GPRC5A;IRAK2;TRPM4;PODN;FGD2;ANGPTL4;WNT5B;PLEKHG2;IRGC;ABHD3;CCL20;PC;IL6;GAS2L2;CXCL3;HIST1H2AC;S100A9;LMTK3;AKR1C3;ASAP3;REC8;PBX4;TGM2;LYPD3;CARD16;CLIP2;BCAR1;DUSP18;HOXB2;PCDHB4;PPARD;PSMC3IP;MEGF6;MTMR11;GBP3;TEP1;FGD6;TGM5;NYNRIN;HOXC4;BCO2;CA7;JOSD1;NGFR;TRIM56;IL1R1;UTS2R;MICAL1;NR6A1;ARRDC3;OR2A7;RAP1A;PLEKHA2;WNT9A;SDR16C5;PLAT;CDCA8;TP53INP1;ZNF414;NRP1;SERPINB1;PTK2B;CD1D;FBXO27;TNFAIP2;PRRT2;MLL2;PROSAPIP1;SAMD9;SKIL;ATXN7L3;RNF152;BCL9;VAMP1;RNASE4;RHBDL2;RNF19A;GRHL1;PBX3;HIP1;KLF12;CPNE2;KRT80;EREG;CLSTN3;HEG1;GAMT;GINS1;PDZD2;RAB4B;TTC7B;POGZ;CLCA4;SPNS3;AGPAT9;PDK2;GRID1;GJB5;SYT1;MCHR1;NBEAL1;DSG1;ADHFE1;ACAT2;SPOCD1;WDR47;ZNF789;CCDC82;GALNTL6;PTPRE;ATL1;NID2;SMURF1;MN1;SLC6A1;OSBP2;KIAA1841;SLITRK6;PJA2;SPTB;KATNAL1;TUBA1A;PAK3;MMP3;ZNF334;ZNF236;CDKL5,"[27, 333, 635, 639, 651, 662, 701, 705, 708, 745, 759, 869, 926, 941, 990, 1029, 1041, 1075, 1365, 1392, 1448, 1514, 1536, 1617, 1947, 2121, 2237, 2258, 2286, 2310, 2342, 2427, 2447, 2718, 2737, 2975, 3070, 3238, 3280, 3512, 3554, 3613, 3666, 3681, 3713, 3826, 3876, 4222, 4297, 4422, 4431, 4479, 4662, 4707, 4743, 4747, 4970, 5111, 5151, 5328, 5370, 5392, 5410, 5591, 5616, 5639, 5748, 5833, 5897, 6204, 6245, 6398, 6661, 6844, 6883, 6891, 6960, 7216, 7232, 7633, 7643, 8047, 8425, 8702, 8906, 8949, 8979, 9014, 9076, 9115, 9169, 9195, 9203, 9297, 9334, 9463, 9491, 9643, 9721, 9819, 9881, 9959, 10294, 10470, 10813, 10913, 11329, 11603, 11759, 11924, 12241, 12427, 12719, 13360, 13365, 13603, 13813, 13861, 14521, 14858, 14862, 15087, 15544, 15562, 15709, 15731, 15912, 16284, 16629, 16646, 16662, 16665, 16935, 17034, 17082, 17241, 17427, 17468, 17499, 17515]",MSigDB_Oncogenic_Signatures__MYC UP.V1 DN
MSigDB_Oncogenic_Signatures,P53 DN.V1 DN,prerank,0.28212764432780435,1.1425906815811422,0.1740976645435244,0.28351429199158734,1.0,40_179,40/179,16.79%,FXYD2;MIA;LAT;SOCS3;PLIN2;CASP1;HMOX1;RUNX3;ADRA2C;NINJ1;NID1;DDX3Y;LY96;ZNF516;RHOQ;ABCC2;CDKN1A;CXCL1;MYOM2;BAX;CTSZ;AKR1B1;CTSK;STOM;CRYAB;TENC1;APOC2;GREB1;DDB2;VIM;FAM155B;TRIM22;CD247;STAT6;ITGAL;ST3GAL6;BCL2A1;KCNJ8;DOCK2;ARHGEF10,FXYD2;MIA;LAT;SOCS3;PLIN2;CASP1;HMOX1;RUNX3;ADRA2C;NINJ1;NID1;DDX3Y;LY96;ZNF516;RHOQ;ABCC2;CDKN1A;CXCL1;MYOM2;BAX;CTSZ;AKR1B1;CTSK;STOM;CRYAB;TENC1;APOC2;GREB1;DDB2;VIM;FAM155B;TRIM22;CD247;STAT6;ITGAL;ST3GAL6;BCL2A1;KCNJ8;DOCK2;ARHGEF10;NRP2;SLC26A2;SLC16A4;HOXB2;VCAN;GPNMB;MATK;RENBP;CHGA;CA2;THBD;RPS4Y1;OAS1;ACP5;SGK1;GAPDHS;ABCA4;APOC1;IGFBP2;TNFSF9;PMEL;IFI16;IL1R1;PPM1D;ECM1;QPCT;ITK;TRAF4;CYP27A1;AJAP1;SPG20;IFFO1;KANK1;ESM1;ADA;GPR137B;SPP1;SOX10;LAMA1;ACADS;FBLN5;HSPA2;FDXR;CD1D;GLDC;FAM50B;MTUS1;MGLL;GPRC5B;RGS20;CBX4;CPVL;S100A1;L1CAM;GPR143;CTSL1;TRIM38;MITF;TAGLN3;TSPAN7;ST8SIA1;IRF4;NAMPT;TFPI2;BTG2;KCNAB2;CDH1;PLA2G4A;FAS;NDN;MLANA;GAMT;ELOVL2;BASP1;IGFBP7;NEFM;SLC26A4;CDH19;GFRA1;RAD51C;PTPN13;NR4A1;GLS;MAL;SLC19A2;HSPA12A;GAL3ST1;STAT4;GRAMD1B;B3GNTL1;CAPN3;FRMD4B;KBTBD11;NRCAM;CYFIP2;VPS41;CHL1;SOX4;OCA2;BCHE;HGD;PDE1A;S100B;RASSF2;CPS1;ADAM23;ARNT2;NR4A3;SLC39A6;FABP5;ADCY1;PTPRM;DFNA5;IL2RB;TMEM5;COLEC10;NCALD;CA12;PLXNC1;ST3GAL5;TDRD3;PDE4B;PLCB4;GBA;MYO5A;DCT;SLC24A5;BEX4;ITGA4;SLC6A15;VGF;ARMC2;ACTA2;EPB41L3;NAV3;VLDLR;GAS7;ZFYVE16;ALDH1A1,"[5, 53, 194, 619, 632, 645, 693, 751, 831, 932, 998, 1049, 1117, 1254, 1400, 1475, 1714, 1774, 1780, 1799, 1973, 1995, 2008, 2042, 2111, 2112, 2165, 2183, 2302, 2436, 2479, 2486, 2564, 2644, 2736, 2797, 2841, 2848, 2897, 2940, 3520, 3546, 3576, 3613, 3662, 3711, 3832, 3841, 3971, 4119, 4174, 4185, 4410, 4430, 4545, 4589, 4735, 4775, 4812, 4887, 4924, 5020, 5151, 5276, 5366, 5439, 5489, 5636, 5688, 5692, 5738, 5980, 5982, 6036, 6139, 6143, 6253, 6399, 6474, 6663, 6820, 6834, 6876, 6891, 6950, 7074, 7086, 7099, 7106, 7144, 7228, 7336, 7779, 7827, 7848, 7883, 8076, 8314, 8444, 8501, 8649, 8729, 8789, 8832, 8882, 8954, 8970, 9214, 9493, 9598, 9704, 9819, 9838, 9875, 10189, 10277, 10356, 10377, 10430, 10499, 10575, 10627, 10680, 10887, 10943, 11283, 11554, 11706, 11729, 12016, 12174, 12243, 12356, 12401, 12542, 12579, 12685, 12801, 12803, 12838, 12856, 12942, 13073, 13093, 13162, 13317, 13340, 13351, 13550, 13621, 13767, 13835, 14081, 14160, 14532, 14571, 14693, 14735, 14988, 14997, 15101, 15138, 15159, 15281, 15545, 15548, 15580, 15631, 15698, 15808, 16489, 16814, 17077, 17221, 17240, 17256, 17270, 17329, 17443]",MSigDB_Oncogenic_Signatures__P53 DN.V1 DN
MSigDB_Oncogenic_Signatures,LTE2 UP.V1 UP,prerank,0.2826016219097312,1.1434317336669877,0.14799154334038056,0.2850186287644558,1.0,40_176,40/176,18.88%,P4HA2;MMP9;CXCR4;PNRC1;PTOV1;EPS8L1;SASH1;BACE2;SOAT1;TNFRSF11B;EPHX1;BTG1;RAB7L1;CHST11;FAM46C;SERPINA1;ACOX2;FGFR4;RHOQ;ULBP2;PPP1R3C;DRAM1;SERHL2;BMP7;RAB4A;TNNT1;AQP3;CYP1B1;QPRT;RIN2;IGFBP5;KIAA1199;CD302;GOLM1;ATP6V0A4;NPC2;PGM1;ORAI3;SYT17;RAB27A,P4HA2;MMP9;CXCR4;PNRC1;PTOV1;EPS8L1;SASH1;BACE2;SOAT1;TNFRSF11B;EPHX1;BTG1;RAB7L1;CHST11;FAM46C;SERPINA1;ACOX2;FGFR4;RHOQ;ULBP2;PPP1R3C;DRAM1;SERHL2;BMP7;RAB4A;TNNT1;AQP3;CYP1B1;QPRT;RIN2;IGFBP5;KIAA1199;CD302;GOLM1;ATP6V0A4;NPC2;PGM1;ORAI3;SYT17;RAB27A;SLC26A2;DHRS7;ALDH4A1;KLHDC2;HRAS;CLIC3;PSTPIP2;FAM117A;TFPT;ABCC3;DSC2;MAP3K5;MAOA;SLC2A10;ELF5;TK1;ASRGL1;TNS3;B4GALT5;UROS;IL1R1;NUMB;ECI2;TMC6;APPL2;EDN1;GGH;GNA14;TBC1D8;VTCN1;LMO4;SDCBP;FERMT2;KATNA1;PPFIA3;UNC13B;CSGALNACT1;EPN3;PRKCH;AOX1;HSD17B14;CLMN;PPAP2C;AKAP12;DAB2;ATP6V1H;PIGH;SCARA3;CREB3L2;TST;EPAS1;LRP8;MGAT4A;GPX3;CGRRF1;PROS1;PHACTR2;ADORA1;RFTN1;NUDT4;GLTP;TIMM13;MARCKS;ASPH;MBP;RCAN1;NUCB2;ANXA6;GCLM;CEP76;EHD3;PTGER4;SLC9A6;EPB41L1;FA2H;FBXL18;ABCG2;DIAPH2;PBK;SPTLC2;DPYSL2;REEP1;UBE3B;INSIG2;RMND1;MICAL3;RLN2;NUP43;MEIS2;KIF13B;GBAS;MRPL13;CYFIP2;RRAGD;ANKMY2;PLAGL1;DEGS1;EHF;KMO;P2RX4;RAB40B;OPN3;KIN;GCNT1;CDKN3;ACOX1;SGPP1;PCDH9;SEPT10;PDE8A;PRPS1;ACTG2;SEC23A;GALNT12;SORD;SLC12A2;PLCB4;STAU2;MYO5A;NOVA1;EFCAB11;SORL1;BNIP3L;RPS6KA5;UHRF1BP1L;POLE2;PCP4;PJA2;HMGCS1;SECISBP2L;GTDC1;GSTZ1;UST;LONP2;ENOSF1;DUSP4,"[12, 27, 77, 85, 193, 248, 540, 600, 663, 664, 819, 856, 916, 1014, 1073, 1224, 1301, 1389, 1400, 1402, 1733, 1745, 1804, 2039, 2256, 2385, 2445, 2464, 2546, 2619, 2746, 2817, 3017, 3018, 3028, 3069, 3151, 3219, 3298, 3307, 3546, 3589, 3735, 3901, 3976, 4030, 4034, 4108, 4175, 4275, 4318, 4419, 4513, 4514, 4523, 4874, 4965, 4975, 4987, 5140, 5151, 5201, 5296, 5359, 5413, 5566, 5610, 5615, 5675, 5773, 5799, 5806, 6039, 6086, 6134, 6195, 6238, 6273, 6300, 6337, 6358, 6417, 6448, 6959, 7000, 7439, 7498, 7517, 7542, 7722, 7864, 7888, 7919, 7945, 8055, 8108, 8157, 8257, 8473, 8678, 8696, 8804, 9000, 9020, 9036, 9045, 9098, 9127, 9357, 10122, 10187, 10354, 10474, 10594, 10678, 10722, 10849, 10864, 11081, 11467, 11489, 11565, 11797, 11808, 12018, 12027, 12040, 12077, 12117, 12122, 12173, 12232, 12542, 12842, 12846, 12860, 13075, 13183, 13213, 13278, 13466, 13548, 13820, 13886, 13942, 13978, 14288, 14317, 14460, 14553, 14725, 14818, 14832, 14994, 15002, 15054, 15159, 15314, 15545, 15560, 15676, 15971, 16159, 16291, 16311, 16418, 16559, 16665, 16695, 16740, 16744, 16791, 16885, 16890, 17395, 17396]",MSigDB_Oncogenic_Signatures__LTE2 UP.V1 UP
MSigDB_Oncogenic_Signatures,SRC UP.V1 DN,prerank,-0.3100525016377015,-1.2139060996178404,0.09208103130755065,0.3031356859153957,1.0,28_145,28/145,15.19%,ZNF782;SLC7A14;MMP3;PLK4;TTC14;ZNF135;MYSM1;PAK3;KIAA0754;CERKL;ACSL4;KIAA1841;ZNF3;MCM4;OTUD6B;MN1;CENPH;IRX5;NID2;PTBP2;POLR1A;COL8A1;POP1;COQ4;GALNTL6;CPPED1;ZNF451;ZNF789,GDPD3;UNC119;PRR19;SOAT1;CDK11B;STARD3;MAP3K6;IRAK2;MON1A;TMCO2;NOL12;SNX32;S1PR3;IRGC;ABHD3;PC;FAM173B;IL7R;S100A9;EMR1;DISC1;CHAC2;LYPD3;CARD16;HOXB2;PCDHB4;ACTL6A;GJB6;MEGF6;CXCL5;TREML1;RNF220;TGM5;PKP2;NYNRIN;IFITM10;CA7;COBL;STK17B;SEMA6B;RARA;GTF2H2;RCBTB2;UTS2R;ARRDC3;ZNF628;RAP1A;LFNG;PLAT;ADA;CAPN12;NRP1;SLC2A6;FAM153A;HS3ST3A1;LIG1;MCM3;TRIM73;TMOD1;SPDYE1;ATAD2;E2F8;IFIT1;RNF168;CTDP1;TMEM14A;EMB;MCM5;NFKBIE;RFTN1;APITD1;FTSJD1;PPIL1;EREG;RAB33B;RACGAP1;EZH2;PCDH19;GINS1;KCNMB3;ST8SIA2;PHLDA2;DTWD1;SCRN2;DISP2;PTGER4;ANO7;GFRA3;CSAD;ARL15;CLCA4;COMMD9;CWH43;RRN3;SLC12A5;ARSJ;SPNS3;ZNF436;ZNF721;CDCA7;GRID1;SYT15;FANCL;PIK3C2B;FRMD4B;DPYD;RTN4IP1;SYT1;PIK3C2G;IFI6;NBEAL1;NPY5R;SUV39H2;DCAF17;SERPINB2;EIF3CL;SH3TC2;ZNF789;ZNF451;CPPED1;GALNTL6;COQ4;POP1;COL8A1;POLR1A;PTBP2;NID2;IRX5;CENPH;MN1;OTUD6B;MCM4;ZNF3;KIAA1841;ACSL4;CERKL;KIAA0754;PAK3;MYSM1;ZNF135;TTC14;PLK4;MMP3;SLC7A14;ZNF782,"[278, 413, 537, 663, 854, 873, 926, 990, 1071, 1225, 1241, 1253, 1504, 1514, 1536, 1947, 2070, 2230, 2310, 2331, 2378, 2660, 3070, 3238, 3613, 3666, 3778, 3788, 3826, 3891, 4082, 4148, 4431, 4440, 4479, 4596, 4743, 4807, 4901, 5055, 5072, 5172, 5275, 5328, 5410, 5557, 5616, 5856, 5897, 6139, 6644, 6661, 6666, 6747, 6801, 6992, 7142, 7217, 7300, 7638, 8015, 8154, 8187, 8203, 8251, 8287, 8311, 8417, 8430, 8473, 8520, 8605, 9051, 9491, 9572, 9612, 9837, 9841, 9881, 9894, 9905, 9928, 9988, 10051, 10082, 10354, 10533, 10549, 10698, 10757, 10913, 10931, 10949, 11129, 11225, 11268, 11329, 11490, 11567, 11704, 11924, 12071, 12124, 12233, 12243, 12366, 12421, 12427, 12690, 13124, 13360, 13464, 13705, 13772, 13879, 14271, 14478, 14858, 14982, 15008, 15087, 15323, 15363, 15368, 15636, 15651, 15709, 15762, 15893, 15912, 16071, 16190, 16495, 16646, 16680, 16731, 16931, 17241, 17263, 17296, 17307, 17310, 17427, 17459, 17506]",MSigDB_Oncogenic_Signatures__SRC UP.V1 DN
MSigDB_Oncogenic_Signatures,BCAT BILD ET AL DN,prerank,-0.38748727032224484,-1.2373660922644707,0.14785992217898833,0.3035269350175214,0.999,12_44,12/44,16.37%,ZNF236;ANKRD28;ASH1L;PRKDC;SORL1;RASAL2;RIF1;LNPEP;ATP9B;PTHLH;ZNF281;SECISBP2,NBPF10;IRAK2;IER5;CTBP2;TNFAIP3;ATP10D;LSS;SHC1;RAP1A;CLK1;ARHGAP29;ARHGEF18;SMAD5;PRPF38B;SRSF1;COPB1;ZSWIM6;H2AFY;GCLM;STARD13;ISCU;OSBPL10;FRYL;PUM1;SMURF2;EFR3A;GRID1;IL1A;PLAGL1;ARPC2;IL1RAP;TAF1D;SECISBP2;ZNF281;PTHLH;ATP9B;LNPEP;RIF1;RASAL2;SORL1;PRKDC;ASH1L;ANKRD28;ZNF236,"[595, 990, 1066, 1322, 2189, 3791, 4326, 4654, 5616, 5648, 5793, 6209, 6234, 6957, 7195, 8333, 8551, 8834, 9357, 9766, 10088, 10357, 10503, 10573, 11219, 11223, 11924, 12614, 12860, 13091, 13453, 13505, 14651, 14857, 14886, 15620, 15638, 15786, 15903, 15971, 16539, 16613, 16615, 17499]",MSigDB_Oncogenic_Signatures__BCAT BILD ET AL DN
MSigDB_Oncogenic_Signatures,CSR EARLY UP.V1 DN,prerank,-0.3181644678722458,-1.2233548365358686,0.10877862595419847,0.3067773913738658,1.0,25_133,25/133,9.65%,ZNF226;SLC7A14;SLC9A7;ALDH1A1;SPG11;CIRBP;LTN1;FBN1;ROBO1;FBXO38;MRI1;CDRT4;CYP2R1;ZNF500;MAB21L1;ZNF585B;MPPE1;ANKRD33B;MOSPD2;USP33;LRIG2;ZNF33A;UFSP2;ZNF337;INCA1,SIX1;SIX5;STC2;DHRS3;NR1H3;ADM;ZNF467;HEBP2;PEX6;FZD2;GSDMB;FAM46C;RAPGEF3;DOM3Z;IGLL1;PLCD1;ADAMTSL4;CC2D1A;PAN2;OTUD1;CKB;ING4;STOX1;ABCC10;TDRD6;ANKZF1;TRIM69;IP6K2;ACYP1;SNPH;BBC3;HBP1;PAPLN;WEE1;ELMOD3;NYNRIN;AKIP1;NDNF;ACBD4;ERMAP;COL1A1;TRIM56;TNFSF13;ARRDC3;STX16;ZFYVE1;NMT2;TXNIP;HSPG2;XAF1;PRRT2;CDKN1B;DCP1B;SDPR;GDF5;KIAA0319L;TAF15;NBPF3;LRIG3;GRHL1;AMT;STAT2;EIF4EBP3;BRD8;GFRA1;ATP11A;LRRK2;FAM63A;YPEL2;DDX17;FUT10;ZNF302;LDB1;KBTBD6;SKP2;SAG;PRSS12;ZFP64;UBN2;KIAA1147;ERAP2;ACCS;ARL4D;ELMOD2;ARRDC4;SULF1;ASPA;PHIP;DAAM2;IFIT2;TFAP2A;YEATS2;NPHP3;AP4S1;ALDH1L2;GLG1;RABGAP1;FBXO25;FUS;GTPBP8;RNF20;POLL;APBB3;SLC25A46;RBFOX2;PDE5A;SLC16A7;ATF7IP;INCA1;ZNF337;UFSP2;ZNF33A;LRIG2;USP33;MOSPD2;ANKRD33B;MPPE1;ZNF585B;MAB21L1;ZNF500;CYP2R1;CDRT4;MRI1;FBXO38;ROBO1;FBN1;LTN1;CIRBP;SPG11;ALDH1A1;SLC9A7;SLC7A14;ZNF226,"[252, 290, 321, 406, 444, 468, 708, 731, 839, 841, 885, 1073, 1120, 1173, 1265, 1474, 1600, 1730, 1931, 2158, 2545, 2621, 2738, 2842, 2927, 3334, 3347, 3474, 3599, 3786, 3816, 3903, 3951, 4251, 4306, 4479, 4681, 4714, 4854, 4897, 5109, 5111, 5347, 5410, 5441, 5920, 6112, 6506, 6635, 7203, 7232, 7452, 7609, 7689, 7956, 8223, 8276, 8502, 8871, 9169, 9202, 9534, 9896, 10025, 10430, 10525, 10661, 10787, 10851, 11153, 11254, 11456, 11461, 11504, 11550, 11577, 11613, 11642, 11656, 11779, 11838, 11879, 12322, 12458, 12528, 12577, 12652, 12727, 12746, 12848, 12910, 13102, 13187, 13255, 13264, 13354, 13546, 13623, 13643, 13696, 13806, 13904, 14445, 14932, 14946, 15268, 15328, 15395, 15829, 15889, 15983, 15996, 16048, 16101, 16146, 16163, 16235, 16246, 16419, 16545, 16713, 16725, 16759, 16925, 17060, 17116, 17171, 17337, 17358, 17443, 17452, 17459, 17476]",MSigDB_Oncogenic_Signatures__CSR EARLY UP.V1 DN
MSigDB_Oncogenic_Signatures,GCNP SHH UP EARLY.V1 UP,prerank,-0.2966923429880659,-1.1742581159837302,0.14312267657992564,0.3103902679511266,1.0,56_159,56/159,28.68%,VPS4B;ANKRD13C;TOP2B;FIP1L1;TYMS;IRF6;TIA1;MPDZ;NVL;SLC23A2;OXNAD1;NUP107;RRM1;TINF2;SMC2;AZIN1;GTF2H1;TBP;BEX4;MYB;HMGCL;CCNJ;KBTBD7;PRMT10;FNBP4;SEH1L;ZNF281;FEN1;CLIP4;E2F3;MRE11A;CHEK1;CDC23;PHTF2;UQCC;LUC7L3;GPATCH2;PRC1;MYT1L;CYP2C8;VHL;ARL5A;SEC62;DHODH;STYX;CR2;MATR3;KIF4A;MBTD1;AFF4;PUM2;TRAIP;PPP1CB;RLIM;MCM6;RNF103,CSF1;CKS2;FCGRT;MCM10;FTSJ3;IRF5;XPO1;DNAJC3;RETN;FOSL1;TMPRSS2;SNAPC2;SGOL1;ATF1;CD2BP2;MTA1;UPF3B;NTHL1;TNNC2;KIFC1;LOXL2;STAT5A;CD276;AURKB;UBE2T;SHC1;KIAA2013;CLCN6;SHE;TOP2A;ADAMTS1;HDGFL1;SLC27A1;NEK9;DIO1;KIF1A;LUC7L2;DHFR;ARHGEF1;VPRBP;SOX10;STAG2;DOLPP1;ADCY6;FOXK1;NAP1L1;SRSF1;MAPK14;LARP7;JMJD8;CD55;RHPN2;ANLN;RBBP6;NR0B1;SLC35E1;KCNJ4;PLCG2;INTS7;DCPS;SRSF10;E2F8;MRPL9;RYK;RPL39L;OXSM;MCM5;LBR;TNPO1;ICAM5;RUNX1T1;PDS5B;ATL2;OVGP1;NCAM2;ELOVL2;CNOT2;POLA2;LATS1;MSH6;PARG;AURKA;ZZZ3;GGPS1;SDC3;MLLT10;ARHGAP8;ABCB10;RBM39;BCKDHA;MRPL50;EPB41L4B;MAN1A1;RIMKLB;GNL3;FBXO45;KIF1B;COX7B;DARS;STRN3;FNTB;KRT12;RC3H2;RNF103;MCM6;RLIM;PPP1CB;TRAIP;PUM2;AFF4;MBTD1;KIF4A;MATR3;CR2;STYX;DHODH;SEC62;ARL5A;VHL;CYP2C8;MYT1L;PRC1;GPATCH2;LUC7L3;UQCC;PHTF2;CDC23;CHEK1;MRE11A;E2F3;CLIP4;FEN1;ZNF281;SEH1L;FNBP4;PRMT10;KBTBD7;CCNJ;HMGCL;MYB;BEX4;TBP;GTF2H1;AZIN1;SMC2;TINF2;RRM1;NUP107;OXNAD1;SLC23A2;NVL;MPDZ;TIA1;IRF6;TYMS;FIP1L1;TOP2B;ANKRD13C;VPS4B,"[137, 176, 266, 843, 904, 1040, 1469, 1630, 1835, 2188, 2381, 2654, 2657, 2770, 2793, 2852, 2951, 3287, 3376, 3897, 4066, 4109, 4209, 4224, 4467, 4654, 4763, 4895, 4927, 5039, 5129, 5181, 5383, 5425, 5497, 5510, 5783, 5804, 5981, 6090, 6399, 6717, 6719, 6958, 6994, 7021, 7195, 7304, 7346, 7401, 7474, 7479, 7500, 7657, 7720, 7765, 7845, 7982, 7996, 8107, 8142, 8154, 8206, 8260, 8325, 8337, 8417, 8625, 8972, 8990, 9029, 9386, 9516, 9638, 9655, 9838, 9858, 9889, 9929, 10063, 10074, 10139, 10253, 10316, 10352, 10494, 10769, 10803, 10819, 10908, 10991, 11043, 11169, 11499, 11505, 11520, 11534, 11850, 11904, 11966, 11981, 12280, 12307, 12494, 12498, 12505, 12507, 12546, 12575, 12594, 12633, 12644, 12869, 12962, 12981, 13059, 13161, 13338, 13393, 13463, 13473, 13566, 13613, 13644, 13926, 14261, 14305, 14334, 14398, 14549, 14749, 14856, 14857, 14930, 15078, 15190, 15229, 15259, 15297, 15452, 15631, 15689, 15705, 15892, 16090, 16109, 16148, 16256, 16379, 16519, 16634, 16682, 16708, 16733, 16776, 16905, 16912, 17001, 17161]",MSigDB_Oncogenic_Signatures__GCNP SHH UP EARLY.V1 UP
MSigDB_Oncogenic_Signatures,SNF5 DN.V1 DN,prerank,0.2897181941463006,1.1287014751090636,0.1797520661157025,0.31212803194813216,1.0,37_141,37/141,19.09%,RRAD;TPD52L1;PPBP;FLT4;TMEM176A;HSD17B7;TMEM176B;KRT18;DSP;CARD10;FADS3;SLC9A3R2;VNN1;RAPGEF3;ITGA7;ANGPTL4;CP;GATAD2A;SLC16A3;WFIKKN1;PKP1;SLC38A10;DNASE2;TINAGL1;DNAJA4;MGST2;ENO3;NFKBIZ;SERPINA3;TRO;DPEP1;CBR3;SMARCB1;P2RX5;CHRNB1;PCOLCE2;FAH,RRAD;TPD52L1;PPBP;FLT4;TMEM176A;HSD17B7;TMEM176B;KRT18;DSP;CARD10;FADS3;SLC9A3R2;VNN1;RAPGEF3;ITGA7;ANGPTL4;CP;GATAD2A;SLC16A3;WFIKKN1;PKP1;SLC38A10;DNASE2;TINAGL1;DNAJA4;MGST2;ENO3;NFKBIZ;SERPINA3;TRO;DPEP1;CBR3;SMARCB1;P2RX5;CHRNB1;PCOLCE2;FAH;CDKN2A;PKP2;PRKAR1B;YIPF2;RGS16;FOXG1;ABCA4;NPR1;OTUD7A;TNNT2;MRVI1;UCHL1;EFNA3;ACYP2;CSGALNACT1;RAG2;CELF4;DSG2;BNC1;SIM2;NNMT;PDLIM5;TMEM53;FRZB;GPX3;IL11;C1QTNF1;SPEG;CRMP1;SLCO3A1;LY75;PTPRZ1;KNG1;MAPK13;ITGA3;FABP4;TFPI2;CCDC109B;EFEMP1;SLC30A4;CD99L2;RPS6KA2;FLYWCH2;NIPAL2;FOXD1;RBP4;CDH10;BEX1;DIO2;KIRREL;GABRB1;SLC44A4;LOXL4;CCR7;STAR;PAPPA;MYH3;OLR1;SYTL2;SNCA;PTPRK;LTB4R2;IRS4;RIMKLB;CNTN1;PRSS12;SLC1A6;LMOD1;ANKRD1;GRIA3;GDNF;FBLIM1;RFX3;PDZK1;SH3RF1;RABEPK;PRKG2;TNFRSF21;FGF13;RNF128;STMN4;PANX1;TRAPPC6A;DDOST;ATP8A2;MYLK;CHODL;CACNB4;CTH;DES;CYP7B1;MST4;RGS5;RAB3GAP2;ESR1;IL13RA2;RCAN2;TET1;KCNAB1;ATP9A;EBF2;NPR3;ANK3;MMP3,"[239, 288, 294, 525, 541, 590, 626, 674, 740, 861, 966, 1008, 1053, 1120, 1142, 1365, 1606, 1721, 1750, 1813, 1833, 1846, 1893, 2056, 2067, 2145, 2362, 2368, 2558, 2689, 2879, 2990, 3041, 3133, 3148, 3264, 3343, 3605, 4440, 4473, 4531, 4541, 4648, 4735, 5045, 5522, 5671, 5801, 5855, 5941, 5978, 6238, 6247, 6397, 6470, 6785, 6968, 6981, 7150, 7316, 7828, 7945, 8041, 8073, 8133, 8192, 8210, 8339, 8386, 8499, 8706, 8739, 8786, 8832, 8859, 8928, 9106, 9135, 9145, 9153, 9306, 9543, 9547, 9651, 9738, 9847, 9856, 9868, 10128, 10184, 10347, 10420, 10492, 10577, 10770, 10935, 10959, 11127, 11324, 11477, 11499, 11555, 11613, 11735, 11847, 11940, 11991, 12063, 12397, 12470, 13107, 13484, 13947, 14050, 14131, 14173, 14176, 14187, 14534, 14606, 14615, 14653, 14708, 14845, 15294, 15409, 15563, 15679, 15891, 15962, 16087, 16134, 16321, 16461, 16630, 16650, 16806, 16867, 16939, 17425, 17427]",MSigDB_Oncogenic_Signatures__SNF5 DN.V1 DN
MSigDB_Oncogenic_Signatures,RB P107 DN.V1 UP,prerank,0.2941440474500164,1.1241556795607814,0.21336206896551724,0.3158394185572638,1.0,33_133,33/133,17.69%,PCOLCE;S100A4;HAUS8;FKBP10;NXT1;POLD1;RBPMS2;PML;LCK;GSTM2;ANAPC11;ETHE1;SRPX2;H1FX;TMEM119;VEGFB;CDK2;DNAJC9;DNA2;CDC45;PIDD;NRM;COL6A1;CCNF;GMNN;CD81;RHEBL1;KIAA0195;HEXDC;TSSC4;MCM7;CD248;COL6A2,PCOLCE;S100A4;HAUS8;FKBP10;NXT1;POLD1;RBPMS2;PML;LCK;GSTM2;ANAPC11;ETHE1;SRPX2;H1FX;TMEM119;VEGFB;CDK2;DNAJC9;DNA2;CDC45;PIDD;NRM;COL6A1;CCNF;GMNN;CD81;RHEBL1;KIAA0195;HEXDC;TSSC4;MCM7;CD248;COL6A2;BGN;CDH2;ASF1B;KHDRBS3;COL1A2;FSTL1;TMEM45B;CA2;LOXL1;CDC25B;CCNE1;RRM2;DUSP1;COX6B2;LYPD1;SNCG;BLVRB;COL16A1;COL5A1;DYNLT1;NSMCE2;COL1A1;WDR90;MRGPRF;GTSE1;SPIRE2;SLBP;NCAPD2;DHFR;BICC1;POLE;PCNA;H2AFV;SERPINF1;RPA1;FBLN5;LIG1;TUBG1;PTMA;MFGE8;LGALS3BP;SYCE2;CDH11;SIVA1;E2F1;TEK;NCAPH;DCLRE1A;E2F8;RPL39L;CDKN1C;MCM5;FANCA;RFC5;FBLN2;SAMD10;ABAT;TCF19;TRPV2;TCFL5;RPA2;UBR7;PRDX4;CENPK;FANCL;STMN1;SLIT3;GINS4;MCM6;INCENP;KIF4A;TRPM1;RFC2;KCNA1;PRC1;BEX2;CHAF1B;PAQR4;MCM2;MAD2L1;TAGLN;PRIM1;ACTG2;TYRP1;EFS;FEN1;ORC6;RPA3;CES5A;NAA40;CCNE2;HMGN2;DCT;IPO9;CENPH;RRM1;POLE2;WDHD1;FBN1;RFC3,"[211, 576, 592, 752, 802, 863, 886, 985, 1019, 1035, 1096, 1156, 1290, 1293, 1473, 1509, 1573, 1682, 1690, 1692, 1885, 1967, 2219, 2271, 2281, 2595, 2603, 2690, 2708, 2849, 2994, 3050, 3098, 3245, 3499, 3579, 3779, 3978, 3983, 4098, 4119, 4163, 4257, 4289, 4435, 4446, 4550, 4571, 4604, 4651, 4683, 4715, 4939, 5030, 5109, 5184, 5311, 5480, 5529, 5569, 5630, 5804, 5831, 5832, 6282, 6396, 6444, 6545, 6820, 6992, 7009, 7095, 7208, 7314, 7339, 7390, 7692, 7793, 7870, 7972, 8105, 8154, 8325, 8377, 8417, 8525, 8556, 9425, 9532, 9642, 9907, 10070, 10274, 10282, 10306, 10397, 11995, 12124, 12454, 12463, 12474, 12498, 12586, 12644, 12651, 12745, 13115, 13566, 13740, 14111, 14119, 14346, 14365, 14577, 14730, 14818, 14819, 14852, 14856, 14949, 14991, 15064, 15089, 15109, 15143, 15548, 15618, 15893, 16148, 16418, 16881, 17116, 17159]",MSigDB_Oncogenic_Signatures__RB P107 DN.V1 UP
MSigDB_Oncogenic_Signatures,PRC2 SUZ12 UP.V1 UP,prerank,0.28501412389550945,1.1241909958712317,0.21814254859611232,0.31901995291816404,1.0,35_153,35/153,16.33%,TCAP;KLF15;STXBP2;UPK1A;KAT8;FOXJ1;MAP1LC3C;RFX2;SDCCAG3;NAA10;AGER;RAD54L;ARRB2;IGLL1;MED20;PTTG2;ACVRL1;CLEC10A;LMNB2;PKP1;HYAL1;TINAGL1;FXYD1;GNGT2;LRRC61;IL1RN;ST3GAL1;IL10RA;CD247;RPL37A;BTBD7;RAVER2;PTGDS;LPCAT1;ORC1,TCAP;KLF15;STXBP2;UPK1A;KAT8;FOXJ1;MAP1LC3C;RFX2;SDCCAG3;NAA10;AGER;RAD54L;ARRB2;IGLL1;MED20;PTTG2;ACVRL1;CLEC10A;LMNB2;PKP1;HYAL1;TINAGL1;FXYD1;GNGT2;LRRC61;IL1RN;ST3GAL1;IL10RA;CD247;RPL37A;BTBD7;RAVER2;PTGDS;LPCAT1;ORC1;ADCY2;HLA-DQA1;EVPL;AMBP;BBC3;IL23A;TFEC;CBFA2T3;LRP5L;PRSS8;GNA15;TSPAN12;CCNE1;MYH13;ACP5;EPPK1;HAUS5;HAPLN2;CA7;USP2;CLDN14;ARHGEF16;CACNA2D2;CD22;CIB1;DFFB;KLHL23;TNNT2;KRT3;LILRA3;RUNDC3A;FRMD8;WFDC1;ROCK1;EFNA5;ATG2A;CD1D;T;NPY2R;ALOXE3;ADCK4;AP1M2;NDUFC1;CORO1A;PF4;HS2ST1;MAP2K4;ZNF695;ATP2C2;RPS6KA2;MC5R;ZNF696;DRP2;ADAMTS7;POLA2;CHN2;DNAI1;ADRB3;SLC16A10;KCNMB2;MAPT;SLC12A5;LDB2;PARK2;EPHX2;LHX6;MARK1;SLC6A6;LMOD1;KALRN;SHPRH;GUCY1B3;TM4SF20;MEIS2;ARSD;CACNG2;KBTBD11;OPCML;MYOM1;NPY;SOAT2;SLITRK3;DCX;BCL2L14;GLRA2;SLC7A6;NPFFR1;PTPRO;SLC35D1;DLGAP1;SUZ12;MYF6;CHEK1;PGAP1;ANK1;SRSF11;ATG16L1;STAU2;ONECUT2;TTC18;ALDH3A1;CCL19;ZWILCH;ZIC4;IMPG2;PNPLA3;BPNT1;PYCRL;SCHIP1;ATP2A3;WRN;CHRNA6;TACR1;KLHL11;NLGN1;SYN3;DCC;SLC4A8,"[17, 106, 197, 206, 256, 346, 380, 436, 473, 658, 759, 1094, 1250, 1265, 1316, 1359, 1627, 1759, 1800, 1833, 2015, 2056, 2198, 2199, 2232, 2260, 2408, 2448, 2564, 2663, 2782, 2783, 2819, 2820, 2860, 3009, 3372, 3645, 3769, 3816, 3864, 3880, 3915, 3969, 4170, 4188, 4238, 4289, 4358, 4430, 4470, 4474, 4492, 4743, 4765, 4823, 4968, 5057, 5130, 5183, 5280, 5344, 5671, 5712, 6044, 6135, 6501, 6524, 6585, 6617, 6755, 6891, 6937, 7113, 7173, 7264, 7541, 7758, 8042, 8058, 8152, 8233, 8265, 8274, 9145, 9268, 9641, 9751, 9804, 9889, 9911, 10376, 10582, 10799, 11070, 11206, 11225, 11274, 11511, 11584, 11608, 11630, 11639, 11847, 11920, 11934, 12015, 12094, 12117, 12142, 12261, 12356, 12443, 12609, 12769, 12861, 12903, 12922, 12934, 13211, 13261, 13327, 13395, 13490, 13657, 13872, 14140, 14334, 14422, 14850, 15040, 15099, 15314, 15348, 15457, 15706, 15722, 15747, 15767, 15769, 15827, 16034, 16126, 16288, 16443, 16497, 16521, 16625, 16701, 16739, 16830, 17281, 17512]",MSigDB_Oncogenic_Signatures__PRC2 SUZ12 UP.V1 UP
MSigDB_Oncogenic_Signatures,PDGF ERK DN.V1 UP,prerank,-0.30607432587322836,-1.1779334362354081,0.13257575757575757,0.3230232013659283,1.0,47_135,47/135,26.92%,NDUFS1;RBM3;GTF2H5;ATF6;ORC3;STX12;SNRPD3;NEU3;PPIP5K2;FAM149B1;XPA;INHBA;LUZP2;MAP2;EXOSC8;ZIC4;SERINC1;TTC18;HCRTR1;CREG1;SNX19;SNRNP40;ALDH5A1;MAML3;ZNF84;NRIP1;TAF1B;RARS;OXCT1;TSPAN5;ANXA7;ZNF185;TAB1;SERPINB2;DSCR6;GALNT3;CORO2B;MPI;ATXN7;GLRA2;CDC14B;CPS1;KIFAP3;AAGAB;TRAF5;LAS1L;OCA2,LRCH4;CLEC2B;CHEK2;HEBP2;SWAP70;TP53I3;PPIC;PAN2;HYAL1;AQP3;HSPA4L;FCHSD2;CALML4;GNMT;SOX21;PTGDS;FLI1;ELP4;PPP1R37;OPRK1;MID1;CFDP1;GLRX;ACP5;MAOA;RPIA;NCKAP1L;TBX5;IFNA13;REST;SPAG5;TAF12;ANXA11;COL1A1;AZI1;NEK9;CCP110;CCL25;TNNT2;PKN2;CLCN2;TAT;ST6GAL1;RRBP1;MTHFR;MRPS11;LRPAP1;PDIA3;ADCY7;HDLBP;SLC39A7;ACOT11;PSMB10;DNAJC7;RALYL;EXOSC7;MYBPC3;NDN;KLK7;CETN2;NMBR;TCEAL2;PHLDA2;ATXN2;NUP160;LMAN1;NBAS;COL10A1;NRG1;FTSJD2;MYO1E;DDN;CDK6;NTNG1;MVK;MAGEA8;FSTL4;LEPROT;NOS2;THOC2;PAX2;TSPAN9;VPS39;EXOSC10;GAP43;KBTBD11;IL12RB1;PMP22;OCA2;LAS1L;TRAF5;AAGAB;KIFAP3;CPS1;CDC14B;GLRA2;ATXN7;MPI;CORO2B;GALNT3;DSCR6;SERPINB2;TAB1;ZNF185;ANXA7;TSPAN5;OXCT1;RARS;TAF1B;NRIP1;ZNF84;MAML3;ALDH5A1;SNRNP40;SNX19;CREG1;HCRTR1;TTC18;SERINC1;ZIC4;EXOSC8;MAP2;LUZP2;INHBA;XPA;FAM149B1;PPIP5K2;NEU3;SNRPD3;STX12;ORC3;ATF6;GTF2H5;RBM3;NDUFS1,"[368, 389, 581, 731, 1261, 1426, 1777, 1931, 2015, 2445, 2521, 2538, 2596, 2626, 2683, 2819, 2838, 2918, 3008, 3014, 3279, 3420, 4181, 4430, 4513, 4744, 4799, 4864, 4952, 4978, 4980, 5042, 5046, 5109, 5121, 5425, 5494, 5547, 5671, 5765, 6159, 6321, 6529, 6657, 6721, 6855, 7031, 7058, 7067, 7395, 7763, 7918, 8147, 8324, 8635, 8797, 9128, 9598, 9717, 9720, 9749, 9807, 9928, 10049, 10193, 10266, 10444, 10785, 10902, 10921, 10970, 10976, 11099, 11121, 11336, 11359, 11365, 11495, 11576, 11660, 11698, 11713, 11852, 11944, 12313, 12356, 12365, 12705, 12803, 12827, 12914, 12963, 13009, 13162, 13167, 13211, 13292, 13410, 13632, 13789, 13794, 13879, 13969, 14056, 14172, 14191, 14310, 14333, 14402, 14451, 14654, 14918, 14947, 14967, 15023, 15330, 15370, 15457, 15583, 15767, 15867, 15965, 15988, 16208, 16248, 16384, 16411, 16777, 16826, 16944, 17103, 17166, 17245, 17249, 17390]",MSigDB_Oncogenic_Signatures__PDGF ERK DN.V1 UP
MSigDB_Oncogenic_Signatures,RAPA EARLY UP.V1 UP,prerank,0.2817352033634805,1.1187850445406022,0.17813765182186234,0.3251262339080198,1.0,27_160,27/160,13.77%,FZD9;ANPEP;IRF7;CDK10;FOXJ1;TLE3;ADCY10;FRAT2;SLC25A42;CCDC9;VSIG4;NINJ1;NR2F6;TICAM1;CTBP2;GPR182;ETV2;ITGA5;LHX2;CTSF;FAM50A;PTGDR;GREB1;COL6A1;OLFML2A;B3GNT6;AEBP1,FZD9;ANPEP;IRF7;CDK10;FOXJ1;TLE3;ADCY10;FRAT2;SLC25A42;CCDC9;VSIG4;NINJ1;NR2F6;TICAM1;CTBP2;GPR182;ETV2;ITGA5;LHX2;CTSF;FAM50A;PTGDR;GREB1;COL6A1;OLFML2A;B3GNT6;AEBP1;KRT19;NAT9;GNG12;SSH1;SOCS1;CES1;CTSD;ARHGEF15;P2RX7;KCNC4;HBP1;GMDS;NUCB1;KIAA0040;LST1;GAPDHS;SNCG;CDH4;CLDN14;AMOT;RAD9A;CEBPA;PDE4A;ITGAE;TGM4;ISG20L2;PDE2A;FABP7;ITPKA;CLK1;KRT13;BAP1;KSR1;GNAT1;EFNA5;PTGIR;PHKA1;LDOC1;CHRD;HSPB6;FKBP1A;ALOX15;TNFAIP2;CHD5;GRIN2C;ESRRB;CACNA1C;CBX5;GAS8;L1CAM;BAI2;PET112;PLA2G5;SLC22A18AS;TRIM38;ATP2C2;TAGLN3;KLHL35;ABCC8;SYNPO;ACOX3;NCOA1;HMBS;ASPH;NUDCD3;PLEKHA6;ADRA1B;HPGD;PRKCG;PDE1B;DAGLA;BASP1;PTH2R;TIMP2;CCDC88C;NDST2;HERC3;COL5A2;DLX5;GRPR;ATG13;PPIP5K1;FSCN1;CDC42EP2;FGFR2;PPP3CA;HCRTR2;ASTN2;SEPT11;CCNG2;MPPED1;PTK6;MATN1;ST8SIA3;FPGS;PIP5K1B;KLK6;MPO;AVPR2;NPY;NKX2-8;MXRA7;PARM1;CDON;SLIT1;USP9Y;GABRB2;PROP1;TCTA;PAQR4;GRK1;CASK;CYP4A11;MLL;PIGO;HIVEP1;SCN2B;ANK1;MAN1A2;DNAH3;PDE5A;CLCC1;NRL;CD97;VGF;PTPRD;SFPQ;SST;COPG2;ATF6;SHC3;DRD3;TMSB4Y,"[83, 149, 161, 295, 346, 349, 372, 388, 506, 687, 774, 932, 1098, 1184, 1322, 1371, 1539, 1748, 1802, 1903, 2009, 2128, 2183, 2219, 2244, 2330, 2412, 2855, 2932, 3370, 3396, 3430, 3434, 3494, 3664, 3790, 3855, 3903, 4131, 4169, 4338, 4379, 4589, 4604, 4663, 4823, 4997, 5087, 5110, 5284, 5292, 5382, 5426, 5434, 5549, 5585, 5648, 5682, 6345, 6359, 6542, 6617, 6622, 6731, 6748, 6899, 7036, 7100, 7159, 7216, 7310, 7345, 7362, 7402, 7506, 7798, 7827, 7958, 7997, 8050, 8051, 8076, 8274, 8444, 8498, 8504, 8543, 8770, 8813, 9001, 9020, 9279, 9385, 9536, 9608, 9622, 9646, 9796, 9875, 9953, 10271, 10401, 10608, 10639, 10693, 10738, 10755, 10774, 10807, 10815, 10934, 11001, 11156, 11168, 11284, 11395, 11833, 11969, 12025, 12095, 12152, 12155, 12325, 12536, 12599, 12620, 12769, 12888, 13033, 13243, 13288, 13362, 13873, 13883, 14084, 14090, 14119, 14182, 14262, 14759, 14766, 14773, 14789, 14794, 14850, 15174, 15253, 15268, 15401, 15933, 16033, 16489, 16923, 17028, 17040, 17131, 17166, 17200, 17282, 17392]",MSigDB_Oncogenic_Signatures__RAPA EARLY UP.V1 UP
MSigDB_Oncogenic_Signatures,PRC2 EZH2 UP.V1 UP,prerank,0.27630922843405753,1.1147149593323833,0.1932059447983015,0.33233256000849143,1.0,47_172,47/172,17.86%,IL17RB;FKBP5;TPD52L1;GAS1;SLC7A2;TACC3;LRRC32;NFE2;HMOX1;PAGE4;MCM10;CD320;INHBB;TRPM4;FUT7;RAD54L;MEFV;MYBL2;PSPH;PLCD1;RDH5;ZNF574;CASC3;DNA2;THOP1;CDC45;GNB1L;ZNF219;PAN2;XRCC3;FOSL2;DNMT3L;LRRC61;DDB2;HP1BP3;NFIB;MED18;WDR76;RFC4;HCFC1R1;BCCIP;PTGDS;DEF6;MXD3;NGF;VPS37B;GALR3,IL17RB;FKBP5;TPD52L1;GAS1;SLC7A2;TACC3;LRRC32;NFE2;HMOX1;PAGE4;MCM10;CD320;INHBB;TRPM4;FUT7;RAD54L;MEFV;MYBL2;PSPH;PLCD1;RDH5;ZNF574;CASC3;DNA2;THOP1;CDC45;GNB1L;ZNF219;PAN2;XRCC3;FOSL2;DNMT3L;LRRC61;DDB2;HP1BP3;NFIB;MED18;WDR76;RFC4;HCFC1R1;BCCIP;PTGDS;DEF6;MXD3;NGF;VPS37B;GALR3;UTF1;FCN3;OLFML2B;CUL9;ETS1;GNA15;KIF15;AURKB;TTK;AGTR1;HAUS5;MST1R;METTL16;CACNA2D2;CDC25A;KCTD2;NR6A1;OCEL1;HJURP;SYN1;FOXN3;OXTR;ZNF446;SLC2A6;PILRB;NPAS1;CEBPE;SCN3A;KRT81;KCND1;OIP5;SIGLEC5;PSRC1;ADCK4;BARX1;NCAPH;KCNS1;CORO1A;IFIT1;PCK2;TOX;HELLS;LBR;RNF19A;INO80D;LIN7A;BUB1;CYB5B;NMBR;CNGB3;EZH2;GJC2;SYP;IQCC;LMNB1;SLC16A10;ELL2;AFF3;GUCY1A2;MSH5;PCYT1B;ECT2;APLP1;MLF1IP;SKP2;LRRC20;DPY19L4;EPHX2;THBS2;HMMR;CPEB1;LMOD1;PUS7;NUP43;TFAM;CENPF;SULF1;KIF4A;DEPDC1;SOAT2;TBC1D2;NUP37;PEAK1;GLRA2;LEMD3;MYT1L;MIS18BP1;CDT1;HAS2;MCM2;FKBP6;PLN;PRIM1;DEPDC5;ACTC1;ATG16L1;CXCL12;DOC2B;PNOC;CHM;CYP3A7;HBD;LRP12;SLC8A1;CDH17;GTPBP4;MRPS18B;EXOSC8;MST4;POLR3G;RPS6KA6;KNTC1;OXNAD1;KLHL11;NLGN1;LINS;CAMK4;PTPRD;DSCC1;NPR3;GRM4;LPGAT1;SYT11;DDHD2;ADAMTS5,"[34, 246, 288, 310, 469, 605, 671, 688, 693, 702, 843, 908, 1020, 1029, 1048, 1094, 1190, 1213, 1219, 1474, 1485, 1560, 1613, 1690, 1691, 1692, 1778, 1864, 1931, 1959, 2063, 2064, 2232, 2302, 2328, 2440, 2582, 2622, 2646, 2719, 2790, 2819, 2872, 2903, 3051, 3063, 3128, 3461, 3542, 3552, 3767, 3821, 4188, 4218, 4224, 4301, 4464, 4474, 4680, 4958, 5057, 5226, 5243, 5392, 5619, 5819, 5960, 6260, 6281, 6328, 6666, 6837, 6863, 6917, 6918, 6952, 6984, 7014, 7082, 7247, 7264, 7664, 7972, 7991, 8042, 8187, 8217, 8367, 8418, 8625, 9115, 9320, 9388, 9690, 9737, 9749, 9814, 9837, 9900, 10081, 10265, 10489, 10799, 10930, 10951, 11029, 11249, 11300, 11338, 11430, 11502, 11550, 11558, 11578, 11584, 11701, 11716, 11739, 11847, 12032, 12077, 12226, 12520, 12577, 12644, 12791, 12861, 12896, 12986, 13015, 13211, 13265, 13473, 13677, 13771, 13898, 14346, 14509, 14544, 14730, 14828, 14935, 15099, 15207, 15246, 15276, 15551, 15570, 15675, 15686, 15701, 15717, 15763, 15834, 15867, 15891, 16005, 16192, 16260, 16379, 16701, 16739, 16763, 16852, 16923, 16934, 16939, 16981, 17124, 17137, 17275, 17321]",MSigDB_Oncogenic_Signatures__PRC2 EZH2 UP.V1 UP
MSigDB_Oncogenic_Signatures,ATM DN.V1 UP,prerank,0.28919466507054276,1.111847220948059,0.22661122661122662,0.3361197288814084,1.0,25_127,25/127,14.09%,NPC1L1;SIPA1;CLIC2;SLC7A5;FSTL3;FCGR2A;PDE6G;PLTP;CSF3R;CIITA;RSPH6A;CNTFR;HPR;ULBP2;VEGFA;FLT1;F13A1;EPN1;FCGR1A;TNNT3;PIDD;ENO3;S100A2;LHB;GPR162,NPC1L1;SIPA1;CLIC2;SLC7A5;FSTL3;FCGR2A;PDE6G;PLTP;CSF3R;CIITA;RSPH6A;CNTFR;HPR;ULBP2;VEGFA;FLT1;F13A1;EPN1;FCGR1A;TNNT3;PIDD;ENO3;S100A2;LHB;GPR162;SOX21;EFNA1;QTRT1;TREM1;TNNC2;BCL2L11;GHRHR;SPAG4;PARVA;NFKBIL1;GCM1;GAPDHS;CLDN14;CLCN6;NGFR;SULT1C2;IGFBP4;NUMB;PHKG1;TRAF1;OCM;NFIC;SYN1;SLC22A6;RGS12;TAT;HSD3B2;ZNF324;SNCB;APBA2;PTK2B;CEBPE;CCR10;XCL1;TIAM2;XAF1;LHPP;KCNJ4;PPL;DYSF;VAV2;CAV3;BDKRB1;PRODH2;S100A3;ICAM5;IL24;H6PD;CD8A;RAB3A;TEKT2;LIPE;ADARB1;CD19;PARP3;SLC5A2;RET;DNAI1;ABCA8;GAB2;ECM2;SARDH;HRK;CRHR2;ME3;BEST1;LCT;HSD17B3;ACACA;CRHR1;NDRG4;TTR;ABCG5;P2RY1;MYOM1;CLIC5;BCHE;REL;MEP1B;GLRA2;STAG3;CYP4F3;TXK;CHGB;N6AMT1;GRIK1;COL9A3;ITIH3;GJB1;DLX6;CYP24A1;ZNF214;ZNF215;SLC6A1;SRD5A1;PSG5;FGF5;NDST4;RPE65;AKAP5;BDNF;CD36,"[30, 226, 289, 312, 583, 648, 933, 964, 1164, 1218, 1296, 1386, 1396, 1402, 1439, 1534, 1558, 1572, 1740, 1848, 1885, 2362, 2374, 2383, 2468, 2683, 3065, 3329, 3333, 3376, 3812, 4232, 4286, 4403, 4525, 4527, 4589, 4823, 4895, 4970, 4986, 5049, 5201, 5493, 5590, 5598, 5825, 5960, 6062, 6151, 6321, 6446, 6600, 6864, 6868, 6883, 6917, 7090, 7121, 7129, 7203, 7230, 7845, 7977, 8098, 8144, 8160, 8507, 8983, 8986, 8990, 9230, 9299, 9346, 9354, 9689, 9728, 9852, 9857, 9971, 10044, 10215, 10376, 10479, 10756, 10963, 11013, 11201, 11260, 11301, 11350, 11633, 11815, 11923, 12254, 12255, 12341, 12511, 12524, 12609, 12662, 12838, 12847, 13120, 13211, 13300, 13350, 13819, 14158, 14572, 14578, 14609, 15121, 15287, 15982, 15989, 16194, 16273, 16284, 16476, 16720, 16780, 16824, 17113, 17253, 17360, 17434]",MSigDB_Oncogenic_Signatures__ATM DN.V1 UP
MSigDB_Oncogenic_Signatures,MEK UP.V1 DN,prerank,-0.2947594983202933,-1.1793308733139711,0.11775362318840579,0.3435586877846142,1.0,45_183,45/183,18.41%,ARMCX5;FKTN;ZNF43;LTN1;LPGAT1;TOP2B;IFI44L;POT1;MPDZ;PCP4;ELOVL6;RALGAPA1;TAF2;IFI44;GNL2;ARMCX3;FTO;HIST1H2BF;DDX60;RASGRP1;DDX58;GDAP1;SLC35A5;AGL;PMS1;PTBP2;MYB;PRMT3;JMJD1C;EGR3;MAN1A2;WIPF1;AMIGO2;METTL3;GALC;MYLK;ZNF84;HERC6;POLI;COL9A3;NRIP1;IFIT5;APBB2;ANGEL2;AQR,GPER;IRF7;IGF1R;S100A8;SAMHD1;RAB7L1;PSPH;MYC;BCL2;TM4SF1;IFITM1;HIST1H1C;SMAD7;TAP1;LSM7;HSPB8;ASCL1;ZNF652;GREB1;HIST1H2AC;BST2;HSPA4L;QPRT;IRF9;ATF1;UBE2L6;HIRA;PLBD1;NPY1R;SP100;TFPI;SLC26A2;IFI27;HIST1H4H;RHOBTB3;OAS1;F12;ID2;MOCOS;USP18;DLC1;TCN1;LIN7C;LRIG1;CSTA;ASS1;BLNK;HIST1H2BH;ISG15;NPEPPS;ATF3;MAFB;ATP8B1;HIST1H2BE;PRKAR2B;HIST1H3H;ANXA9;IFI35;IFIH1;PRPF38B;TTC39A;HIST1H2AG;FASTKD1;PGR;NOL8;ZBTB10;HIST1H2AE;INPP4B;SEC24D;CALCR;TDRD7;TCF12;MINPP1;PTER;IFIT1;SGCG;OXSM;SP110;SATB2;MTIF2;MGP;SLMO2;ZNF140;NDUFAF1;AUTS2;TFPI2;JAK2;RSBN1;CETN3;CHN1;IFT57;TRIM14;BAZ2B;OAS3;ARMCX1;ELOVL5;CBR4;CASP8;KIAA1598;CALB2;GFRA1;SSFA2;SMPDL3A;KIF5C;DCAF6;SOX3;ABLIM1;OAS2;MOCS2;GOLGA4;ABCA12;CYP26B1;SYCP2;KIAA1324;INSIG2;NGLY1;PDCD4;UBA3;RMND1;RPRD1A;STXBP3;MYBL1;RNF43;ZNF107;SLC16A6;WISP2;INPP5F;HIST1H2BG;PDZK1;IFI6;ALG13;ACTR6;GOLGA8A;SNX10;KIAA0430;UTP14A;OASL;KCTD3;AQR;ANGEL2;APBB2;IFIT5;NRIP1;COL9A3;POLI;HERC6;ZNF84;MYLK;GALC;METTL3;AMIGO2;WIPF1;MAN1A2;EGR3;JMJD1C;PRMT3;MYB;PTBP2;PMS1;AGL;SLC35A5;GDAP1;DDX58;RASGRP1;DDX60;HIST1H2BF;FTO;ARMCX3;GNL2;IFI44;TAF2;RALGAPA1;ELOVL6;PCP4;MPDZ;POT1;IFI44L;TOP2B;LPGAT1;LTN1;ZNF43;FKTN;ARMCX5,"[29, 161, 486, 639, 852, 916, 1219, 1232, 1238, 1244, 1596, 1601, 1659, 1758, 1878, 2088, 2116, 2117, 2183, 2286, 2419, 2521, 2546, 2767, 2770, 2986, 3092, 3210, 3215, 3363, 3378, 3546, 3603, 3772, 3858, 4410, 4449, 4494, 4598, 4613, 4657, 4772, 4809, 5218, 5233, 5245, 5354, 5431, 5552, 5662, 5684, 6394, 6583, 6628, 6764, 6850, 6859, 6879, 6949, 6957, 7069, 7162, 7275, 7328, 7361, 7778, 7914, 7953, 7965, 7973, 8060, 8094, 8140, 8162, 8187, 8212, 8337, 8383, 8399, 8487, 8492, 8536, 8542, 8747, 8775, 8832, 8889, 9121, 9250, 9383, 9526, 9530, 9779, 9872, 9892, 10117, 10131, 10378, 10386, 10422, 10430, 10459, 10466, 10618, 10865, 10947, 10960, 11058, 11095, 11158, 11202, 11581, 11583, 11806, 11808, 11811, 11845, 11970, 12018, 12080, 12185, 12207, 12395, 12436, 12448, 12480, 12930, 13104, 13107, 13124, 13216, 13262, 13289, 13303, 13612, 13628, 13640, 14013, 14294, 14298, 14428, 14439, 14451, 14609, 14640, 14641, 14654, 14708, 14728, 14762, 14765, 14990, 15174, 15206, 15310, 15375, 15452, 15651, 15684, 15777, 15824, 15966, 15992, 16013, 16028, 16040, 16182, 16205, 16231, 16309, 16345, 16374, 16478, 16559, 16682, 16684, 16902, 16912, 17124, 17171, 17193, 17226, 17320]",MSigDB_Oncogenic_Signatures__MEK UP.V1 DN
MSigDB_Oncogenic_Signatures,GLI1 UP.V1 DN,prerank,-0.41818331666575614,-1.1889391767493387,0.21172022684310018,0.3439877549932712,1.0,11_27,11/27,25.28%,GTDC1;TMEM62;SPECC1;ZMYND11;CYP3A7;BTBD16;RSAD2;ACSL6;OPN3;TMEM181;ARPC2,QRICH2;RUNX1;SEPT9;YIPF1;SELM;RNF10;SLC22A1;CCNL2;FOLR1;COPZ1;ESYT1;TMEM189;LIN37;PPIL1;CD2AP;BBX;ARPC2;TMEM181;OPN3;ACSL6;RSAD2;BTBD16;CYP3A7;ZMYND11;SPECC1;TMEM62;GTDC1,"[884, 1384, 3843, 4389, 4826, 4937, 5066, 5724, 5727, 7840, 8043, 8396, 8488, 9051, 9057, 11697, 13091, 13396, 13548, 13889, 15449, 15503, 15570, 15660, 15845, 16542, 16744]",MSigDB_Oncogenic_Signatures__GLI1 UP.V1 DN
MSigDB_Oncogenic_Signatures,P53 DN.V2 DN,prerank,0.28705786170896463,1.1045939838523753,0.22981366459627328,0.35060012620012854,1.0,42_131,42/131,22.31%,ANPEP;FKBP5;CFD;ANO2;PRICKLE3;CYP39A1;GZMM;ARNTL;C5AR1;LILRA2;PGF;ACOX2;IGFBP6;RNF17;ZNHIT2;E2F2;GNA13;SELL;TINAGL1;HS3ST3B1;CCNF;HP1BP3;SNAI1;SLC6A3;PTGDS;KCNJ8;SERGEF;NFKBIB;SERPING1;SYT17;QTRT1;TNNC2;RAD52;NOL3;NPL;GMIP;SNPH;BCL2L11;CYP27B1;POU3F2;TULP2;CENPA,ANPEP;FKBP5;CFD;ANO2;PRICKLE3;CYP39A1;GZMM;ARNTL;C5AR1;LILRA2;PGF;ACOX2;IGFBP6;RNF17;ZNHIT2;E2F2;GNA13;SELL;TINAGL1;HS3ST3B1;CCNF;HP1BP3;SNAI1;SLC6A3;PTGDS;KCNJ8;SERGEF;NFKBIB;SERPING1;SYT17;QTRT1;TNNC2;RAD52;NOL3;NPL;GMIP;SNPH;BCL2L11;CYP27B1;POU3F2;TULP2;CENPA;EVC;BMPR1B;FPR2;PBX2;SIL1;MMP16;KCNJ9;TAF12;IGFBP4;DIO1;RAB17;SMPX;SERPINF1;MTHFR;CLEC4M;HIST1H1E;HOXB3;SLCO2A1;SCN9A;CDADC1;SSTR2;NDC80;SNTB1;TDRD1;EPHA7;TLR1;LLGL1;FABP4;ADAM11;ELAVL2;PCDHB13;ACSM3;MYBPC3;NUDT6;ALOX5;SREBF1;ENPEP;EYA1;HPGD;LIPE;BMP3;RAB8B;CNTF;BMPR2;CLTCL1;PDE6H;RAB38;RAB4B;PNMA3;GRK4;ELL2;ATP6V1B1;SSTR1;BEST1;HNRNPA0;NKX2-1;EPHX2;HMMR;TTR;ABCG5;PPIL2;PRMT8;PLEK2;GPR75;AGPAT3;TRPV6;FRS2;FAAH;RNF2;RASAL1;GUCY2C;PNOC;NTF3;CHD1L;HBD;ITGA4;PPP1R17;PTPN11;TP73;KCNIP1;BCAT1;PER3;RECK;GPSM2;HSF2BP;GAD2;SLC27A6;NRXN3;SLC24A1,"[149, 246, 280, 431, 450, 637, 677, 705, 805, 958, 1138, 1301, 1605, 1752, 1767, 1883, 1948, 2053, 2056, 2169, 2271, 2328, 2526, 2789, 2819, 2848, 2942, 2943, 3289, 3298, 3329, 3376, 3505, 3693, 3695, 3750, 3786, 3812, 3820, 3852, 3882, 3907, 4069, 4114, 4171, 4480, 4508, 4548, 4831, 5042, 5049, 5497, 5830, 5912, 6444, 6721, 6736, 7089, 7140, 7514, 7637, 7708, 7729, 8153, 8201, 8371, 8607, 8679, 8740, 8786, 8851, 8893, 8935, 9095, 9128, 9309, 9403, 9432, 9470, 9505, 9608, 9728, 9778, 9955, 9983, 10005, 10041, 10075, 10152, 10294, 10315, 10900, 10930, 11176, 11330, 11350, 11409, 11450, 11584, 11716, 12341, 12511, 12660, 13013, 13132, 13380, 13538, 13757, 13783, 13888, 14327, 14855, 15269, 15276, 15460, 15554, 15675, 15698, 15721, 16007, 16047, 16093, 16100, 16170, 16270, 16355, 16607, 16716, 16839, 16969, 17125]",MSigDB_Oncogenic_Signatures__P53 DN.V2 DN
MSigDB_Oncogenic_Signatures,KRAS.50 UP.V1 UP,prerank,0.3429154352794972,1.1010348741567417,0.291220556745182,0.35222605817646385,1.0,6_45,6/45,8.76%,G0S2;PPBP;STC1;ITGB2;ANGPTL4;ADAM8,G0S2;PPBP;STC1;ITGB2;ANGPTL4;ADAM8;FAM155B;ST3GAL6;CXCL5;GLRX;LILRA6;DHRS9;IL1RL1;SIGLEC15;MMP11;CDR1;GLDC;HPN;A2M;LMO3;HEY1;HTR7;RBP4;SNAP91;KIF5C;HSD11B1;FABP3;FGF9;NRCAM;PCDH8;SCG5;SCG3;TERT;SNAP25;CHGB;DYNC1I1;ETV5;NTM;ITGA2;ETV1;DOCK4;IL13RA2;RELN;PEG3;CALB1,"[1, 294, 634, 902, 1365, 1533, 2479, 2797, 3891, 4181, 4233, 4302, 4810, 4828, 5605, 5786, 6950, 7279, 7770, 8766, 8866, 9170, 9547, 10186, 10618, 10667, 10707, 12107, 12401, 12418, 12854, 12882, 13041, 13308, 14158, 14785, 14899, 15469, 15635, 15928, 16312, 16321, 16364, 16633, 16968]",MSigDB_Oncogenic_Signatures__KRAS.50 UP.V1 UP
MSigDB_Oncogenic_Signatures,RPS14 DN.V1 DN,prerank,0.27392525309248217,1.0952758161687242,0.23789473684210527,0.3529549809304641,1.0,41_177,41/177,16.99%,BAG3;MACROD1;PCOLCE;AGFG2;SIRT4;AOC2;KANK2;IL15RA;PCK1;TPRA1;MRPS2;CA3;GAL;MCM10;POLD1;PLK1;CHAC1;CD320;SLC43A1;BAG2;MYBL2;RASIP1;PYCR1;ZNHIT2;CBS;KIF5A;CDCA3;PC;DNAJA4;ISOC2;HMGN5;CYBRD1;ZNF74;APOBEC3A;ESPL1;DARC;ORC1;DBH;DYRK3;EMP2;TGM2,BAG3;MACROD1;PCOLCE;AGFG2;SIRT4;AOC2;KANK2;IL15RA;PCK1;TPRA1;MRPS2;CA3;GAL;MCM10;POLD1;PLK1;CHAC1;CD320;SLC43A1;BAG2;MYBL2;RASIP1;PYCR1;ZNHIT2;CBS;KIF5A;CDCA3;PC;DNAJA4;ISOC2;HMGN5;CYBRD1;ZNF74;APOBEC3A;ESPL1;DARC;ORC1;DBH;DYRK3;EMP2;TGM2;SHMT1;PSAT1;CNN3;ELMO3;SPHK1;RPS28;SLC25A21;GPR125;MRPL12;TRIM29;KIF15;KIF2C;TK1;ASNS;RRS1;SLC6A8;LARS2;STEAP3;CDC6;SLC29A2;MAMLD1;TMSB15A;FZD5;ERCC2;KRT13;ENG;FBXO5;MKI67;ID1;GCDH;NEFH;ATP1B2;TRIP13;VARS;ARHGAP11A;COLEC11;LGR4;TLX2;TUBG1;RAP1GAP;TBRG4;KIF20A;CAD;BYSL;FOXRED2;PES1;GEMIN4;CDR2;SRM;CHST5;NCAPH;ATAD2;E2F8;CRMP1;SLC29A1;MCM5;S100A3;EYA3;RPUSD2;TUBB2B;TUBB2A;CCNB2;LLPH;GATC;MYLIP;EPB41;DDN;PBK;ECT2;LRRC20;STMN2;MDM4;MYOC;KLHL7;USP5;PCSK7;COBLL1;B3GALNT1;KIF23;MYH10;EXO1;INCENP;DEPDC1;ART4;FICD;TLN2;MRTO4;MYO19;GLRA2;TMEM48;ALAD;CENPE;PRC1;SUV39H2;GPATCH4;NMU;CLCN4;IPO4;DOCK9;SRR;SH3TC2;NLE1;FAM203A;GINS2;AGAP1;EIF2B3;EPCAM;IL7;MANEA;KCTD20;REPS2;SSSCA1;PRMT3;PKLR;TWISTNB;NID2;ZWILCH;SLC31A1;GSTA4;ERCC6L;NOC3L;RGS5;TSPO2;BCAT1;SRD5A3;GTF2H4;CDC20;MIPEP;ADD2;GUF1;TUBGCP4;SPTB;APOOL;MTPAP;NUP155;MSH2,"[24, 101, 211, 237, 259, 360, 432, 491, 572, 623, 712, 727, 816, 843, 863, 869, 875, 908, 1004, 1026, 1213, 1432, 1529, 1767, 1781, 1843, 1932, 1947, 2067, 2163, 2305, 2338, 2402, 2551, 2630, 2725, 2860, 2906, 2923, 2928, 2975, 3082, 3159, 3319, 3510, 3596, 3736, 3854, 4042, 4166, 4206, 4218, 4284, 4874, 4899, 4921, 5128, 5131, 5142, 5149, 5205, 5368, 5472, 5568, 5609, 5682, 5813, 5834, 5891, 6042, 6076, 6181, 6196, 6199, 6452, 6471, 6552, 6660, 6980, 7009, 7118, 7157, 7197, 7457, 7634, 7683, 7735, 7808, 7841, 7886, 7938, 7972, 8015, 8154, 8192, 8230, 8417, 8986, 9065, 9102, 9546, 9904, 9950, 9952, 10053, 10445, 10919, 10976, 11081, 11338, 11558, 11770, 11817, 11890, 11988, 12048, 12070, 12074, 12134, 12159, 12400, 12455, 12586, 12791, 12979, 12992, 13068, 13136, 13193, 13211, 13402, 13422, 13509, 13566, 13705, 13708, 13858, 14020, 14080, 14359, 14473, 14478, 14614, 14630, 14645, 14670, 14732, 14854, 14894, 14921, 14956, 15282, 15372, 15375, 15524, 15568, 15709, 15747, 15794, 15806, 15868, 15876, 15962, 15978, 16100, 16324, 16328, 16543, 16766, 16769, 16770, 16889, 16935, 16996, 17071, 17180, 17502]",MSigDB_Oncogenic_Signatures__RPS14 DN.V1 DN
MSigDB_Oncogenic_Signatures,CRX NRL DN.V1 DN,prerank,0.28962392284455335,1.1019936086590703,0.24261603375527427,0.3535158183730209,1.0,20_120,20/120,13.04%,INPPL1;RGL3;PNP;GDPD3;TNFRSF12A;SALL3;RREB1;PLEC;ECE1;INHBB;DDX3Y;MFNG;ADRB2;TSPAN33;DNAJC9;BAX;PYGM;TRAPPC3;GREB1;CDH20,INPPL1;RGL3;PNP;GDPD3;TNFRSF12A;SALL3;RREB1;PLEC;ECE1;INHBB;DDX3Y;MFNG;ADRB2;TSPAN33;DNAJC9;BAX;PYGM;TRAPPC3;GREB1;CDH20;NFKB1;GTF2I;SDC4;NTNG2;TNNC2;METRN;RXRG;IL17D;WWC1;KLHL1;CAMK2B;CCDC23;FAM134C;PRMT1;ERMAP;GPR124;RNF149;ELOVL7;FABP7;FZD5;BAMBI;HES5;PDIA3;HEBP1;MYBPH;ABCC9;PTER;TMEM158;GGT7;RNF25;INSM2;RERG;GABRA3;ASPH;TNPO2;ARPC3;MFSD4;CPLX2;EYA1;RASA2;RBP4;NMBR;CNGB3;ELOVL2;CITED1;SPINT1;BSPRY;FRMD6;SLC26A4;PRDM1;SMPDL3A;PTPN13;ATOH7;KIF5C;NR4A1;CAP1;GABRA2;U2AF1;JAM3;HRASLS;SGCE;NIN;ENC1;LRRC4;HS3ST1;CCKBR;CLPB;MTNR1A;QSOX1;LSM12;XK;CRYBG3;DPRX;CTBS;FMN1;RAB27B;CLIC4;ZNF600;RBP7;TMEM106B;TMEM87A;AP2B1;MINA;PAM;DFNA5;MYOCD;PVRL3;ACBD6;ZNF146;GRIK2;RASGRF2;CHRNB4;EGR1;RTKN2;KAZN;CHRNA3;TNC;NTN4;SLC25A13;ADAT2,"[157, 264, 271, 278, 503, 533, 806, 832, 972, 1020, 1049, 1481, 1595, 1662, 1682, 1799, 1918, 2069, 2183, 2284, 2835, 2937, 3208, 3250, 3376, 3567, 3602, 4138, 4150, 4202, 4493, 4562, 4718, 4768, 4897, 5014, 5105, 5478, 5549, 5568, 5733, 6408, 7058, 7165, 7270, 7417, 8162, 8243, 8457, 8726, 8748, 8874, 8974, 9020, 9233, 9308, 9439, 9454, 9505, 9519, 9547, 9749, 9814, 9838, 9851, 10018, 10321, 10348, 10356, 10431, 10466, 10575, 10604, 10618, 10627, 10635, 10734, 10811, 10822, 10945, 10978, 10983, 11096, 11299, 11344, 11437, 11710, 11800, 11986, 12349, 12678, 12756, 12877, 13066, 13138, 13238, 13304, 13352, 13418, 13680, 13800, 13857, 13877, 13976, 14081, 14737, 14881, 15149, 15175, 15222, 15351, 15573, 15627, 15685, 15694, 16155, 16400, 16578, 16678, 17084]",MSigDB_Oncogenic_Signatures__CRX NRL DN.V1 DN
MSigDB_Oncogenic_Signatures,PRC2 EZH2 UP.V1 DN,prerank,0.2727867689702785,1.0987629082882144,0.21814254859611232,0.35414384891822004,1.0,24_178,24/178,11.55%,CARD9;NPC1L1;ETV4;ANPEP;SLPI;CLEC2B;IL15RA;PCTP;ART3;TMEM100;GFPT2;SLC2A3;CLEC4E;OSGIN1;IRF8;PPP2R1B;SRPX2;TBXAS1;ANGPTL4;ELTD1;ORAI2;FZD1;IL6R;NES,CARD9;NPC1L1;ETV4;ANPEP;SLPI;CLEC2B;IL15RA;PCTP;ART3;TMEM100;GFPT2;SLC2A3;CLEC4E;OSGIN1;IRF8;PPP2R1B;SRPX2;TBXAS1;ANGPTL4;ELTD1;ORAI2;FZD1;IL6R;NES;GPR56;PAQR5;RASL12;KLF4;IL8;FOLR3;SLC14A1;TNFAIP6;GMIP;MTHFD2L;KCNJ10;FLVCR2;PRSS3;NPAS2;KYNU;OTUB2;RGS16;YOD1;IL1RL1;BHMT2;NTSR1;FPR3;JUP;HYAL3;EDN1;KCTD12;ESM1;UBE2O;MALL;PMEPA1;CCK;B4GALNT1;ST6GAL1;ZNF324;FXYD6;NR4A2;HS3ST3A1;AFP;TSPAN13;ACTL8;CDCP1;DUSP8;OPA3;PDGFA;CDADC1;KIAA0895;L1CAM;TUBA4A;PCBP3;POMT2;KIAA0319L;NR3C2;TSPAN7;CCNJL;CCDC68;MTMR10;SEMA3A;POPDC3;EYA3;CLIP1;F2RL1;B3GALT4;CD70;KCNA2;EREG;AHNAK2;CNIH3;KLK7;OSTM1;TUB;TMEM35;PPFIA4;TRIB1;DMD;SMPDL3A;PTPRB;COL4A6;APOF;COL10A1;VWA5A;PIR;BMP2;SLC19A2;GPM6B;DNAJC12;TTLL7;NUPL1;ANKRD46;PKIA;ERAP2;ANKH;DUSP3;MAN2A1;RGS17;KIAA0513;VSNL1;KLF13;YRDC;HBEGF;AATK;MEGF9;WDR37;CDH13;KLF11;ALDH1A2;DKK2;ABLIM3;KCNA1;IL33;PAMR1;MCTP1;SLC16A8;SLC35D2;KIAA1644;OPN3;CORO2B;SCML1;PIK3CB;GPR37;SERPINB2;ARL4C;AMMECR1;EPHB2;PRKG2;COL4A5;FAM69A;ASPN;PCDH9;SETBP1;COLEC10;IDS;PLCB1;PTHLH;ATXN1;DCBLD2;NOVA1;CROT;ITGA2;PTBP2;SLC6A15;ETV1;TBC1D19;TRAF3IP1;ALDH1A3;ZNF215;IFI44;IL13RA2;SRD5A1;BPGM;TMC7;COL13A1;ATF6;SLC5A7;ANGPTL2,"[16, 30, 69, 149, 207, 389, 491, 500, 518, 563, 568, 833, 910, 996, 1129, 1140, 1290, 1346, 1365, 1913, 1952, 1987, 2017, 2023, 2351, 2490, 2777, 2806, 2920, 3189, 3442, 3571, 3750, 3770, 3827, 3960, 4176, 4199, 4450, 4528, 4541, 4733, 4810, 4954, 4971, 5242, 5286, 5399, 5566, 5968, 6036, 6047, 6187, 6198, 6217, 6435, 6529, 6600, 6624, 6629, 6801, 6888, 7224, 7352, 7434, 7440, 7532, 7604, 7708, 7819, 7827, 8024, 8091, 8134, 8223, 8411, 8501, 8636, 8720, 8756, 8858, 9048, 9065, 9175, 9196, 9209, 9283, 9477, 9491, 9569, 9645, 9717, 9827, 9877, 9921, 9941, 10208, 10392, 10466, 10643, 10672, 10717, 10785, 10789, 10844, 10854, 10943, 11057, 11155, 11189, 11271, 11379, 11726, 11838, 11901, 11967, 12050, 12096, 12105, 12175, 12216, 12253, 12285, 12423, 12425, 12456, 12477, 12843, 12901, 12906, 12952, 13115, 13145, 13154, 13204, 13319, 13383, 13542, 13548, 13632, 13637, 13676, 13846, 13879, 13903, 13954, 14005, 14050, 14154, 14159, 14312, 14317, 14447, 14571, 14660, 14865, 14886, 14916, 15459, 15560, 15622, 15635, 15651, 15808, 15928, 15975, 16105, 16272, 16273, 16309, 16321, 16476, 16582, 16666, 17066, 17166, 17356, 17416]",MSigDB_Oncogenic_Signatures__PRC2 EZH2 UP.V1 DN
MSigDB_Oncogenic_Signatures,STK33 DN,prerank,0.25988069204763026,1.0957969237955922,0.20734341252699784,0.354781224599798,1.0,36_242,36/242,9.68%,ANPEP;RSAD1;HK3;SLPI;ANKLE1;TPD52L1;STC2;PCBD1;PDGFRL;ART3;BACE2;NFE2;GJB2;SLC25A39;CDA;POLD1;CHPT1;FAM173A;MAP4K1;SLC43A1;LCK;FAM46C;PODXL;LAMP3;LEPREL4;STX11;PSPH;BCL2;ACOX2;PARP16;ID3;RANGRF;F13A1;FANCE;FAM117B;CARS2,ANPEP;RSAD1;HK3;SLPI;ANKLE1;TPD52L1;STC2;PCBD1;PDGFRL;ART3;BACE2;NFE2;GJB2;SLC25A39;CDA;POLD1;CHPT1;FAM173A;MAP4K1;SLC43A1;LCK;FAM46C;PODXL;LAMP3;LEPREL4;STX11;PSPH;BCL2;ACOX2;PARP16;ID3;RANGRF;F13A1;FANCE;FAM117B;CARS2;BPI;ANXA3;PRAM1;BTLA;ARHGEF26;GPT2;TRAF7;MAPKAP1;ZNRF3;BTN3A3;ACP6;SLC27A5;KDELC1;SLC38A5;KLF5;ELMO3;WDR18;MAP3K15;MTG1;GJB6;MFSD3;PSTPIP2;IL17D;ST6GALNAC3;POLD2;TMEM45A;RGS16;PSMG4;ASNS;ENHO;UAP1L1;FAM84B;OBSL1;PROK2;DGKZ;CPXM1;NEO1;TNFAIP8;PLXND1;ZNF664;CCL5;CYP4F2;VARS;DSG2;PRKAR2B;KLRG2;NR2F2;PIK3R3;SYDE2;FDXR;WDR54;ACAP1;CA8;HES6;ABHD14B;MAPK14;CCDC125;CAD;TEX15;TMEM143;SETMAR;CACNA2D3;MGAT4A;BDH2;DCHS1;PDCD2L;GPAT2;EEF2K;OGDHL;SATB2;PLCH1;SCLY;SLC35F1;RNF144A;SLC9B2;CAST;KATNB1;NXT2;PFKM;SLC26A8;ADCY3;PM20D2;FERMT1;KCNN2;CDK8;FAM65B;ALOX5;RMI2;DDAH1;FTSJ1;PLS1;CDC42EP3;PAWR;CLTCL1;BEND5;RET;BSPRY;STAR;AIM1;SIDT2;LRRK2;TMEM55A;NHLRC2;RXFP1;PNMA2;PROSER1;AFF3;ABLIM1;NUDT11;MICAL2;GPM6B;AKR1A1;GPM6A;LPAR3;ASL;PCYT1B;SPNS3;SHISA2;ACY1;SYTL1;HN1L;VCL;GAS2;LGALSL;JPH1;MPRIP;TANC2;OXCT2;PCYOX1;TRIT1;PADI2;VPS13C;KBTBD11;LPCAT2;CYFIP2;SLCO4C1;OSBPL1A;GPRASP2;RORB;CR2;FAM134B;VAT1L;TRIM58;CYP4F3;FAHD2A;TRHDE;ALCAM;PIK3CB;APEH;WDR36;BEX2;TNFSF10;SERPINB2;FBN2;BMX;VKORC1L1;ZNF280C;SH3GL3;DHRS11;TCTA;TXNRD3;MANSC1;RRP15;APBB2;TNKS;BEND6;CEP57;NDFIP1;FAM203A;ZDHHC23;MREG;GALNT12;FBLN7;CCNJ;MATN2;TSPAN2;SCD;DPH2;ZBED3;HPDL;KAZN;SLC8A1;KIT;MBLAC2;TRPC5;SETD7;RASGRP1;BPNT1;PIGW;VMA21;HSD17B8;CHML;ELOVL6;SLC25A32;SPIN4;GZMA;PPAPDC2;PCCB;TMEFF1;ENDOD1;FLT3;PPM1H;POLR3B;HHLA2;LYRM7;MTR,"[149, 172, 200, 207, 213, 288, 321, 397, 456, 518, 600, 688, 724, 809, 815, 863, 978, 980, 993, 1004, 1019, 1073, 1091, 1163, 1174, 1199, 1219, 1238, 1301, 1405, 1413, 1456, 1558, 1602, 1668, 1695, 1898, 1938, 2024, 2517, 2562, 2680, 2926, 2995, 3022, 3109, 3141, 3295, 3338, 3433, 3478, 3510, 3522, 3743, 3776, 3788, 4027, 4034, 4138, 4322, 4374, 4400, 4541, 4693, 4899, 4909, 4964, 4983, 4993, 5193, 5267, 5486, 5597, 5744, 5795, 6350, 6365, 6414, 6452, 6470, 6764, 6797, 6803, 6862, 6866, 6876, 6907, 7079, 7152, 7215, 7277, 7304, 7335, 7457, 7491, 7642, 7755, 7784, 7919, 7935, 7952, 8069, 8216, 8245, 8254, 8399, 8437, 8549, 8685, 8782, 8788, 8821, 8841, 8881, 8947, 8962, 9021, 9078, 9093, 9188, 9311, 9344, 9403, 9473, 9627, 9685, 9734, 9763, 9998, 10041, 10060, 10215, 10321, 10420, 10593, 10659, 10661, 10792, 10795, 10840, 10860, 10890, 10951, 10960, 11019, 11037, 11057, 11077, 11109, 11119, 11228, 11300, 11329, 11380, 11398, 11432, 11572, 11575, 11650, 11672, 11675, 11743, 11872, 11918, 11973, 12258, 12268, 12320, 12356, 12504, 12542, 12713, 12739, 12774, 12864, 12962, 13168, 13197, 13322, 13350, 13384, 13480, 13645, 13676, 13691, 13724, 13740, 13874, 13879, 13922, 13982, 14010, 14014, 14062, 14074, 14090, 14142, 14185, 14370, 14428, 14449, 14458, 14580, 14595, 14630, 14686, 14810, 14994, 15050, 15259, 15263, 15321, 15398, 15454, 15491, 15621, 15694, 15701, 15737, 15875, 15885, 15890, 16013, 16034, 16082, 16216, 16329, 16377, 16478, 16570, 16627, 16671, 16871, 17008, 17052, 17163, 17194, 17235, 17242, 17397, 17419, 17470]",MSigDB_Oncogenic_Signatures__STK33 DN
MSigDB_Oncogenic_Signatures,E2F3 UP.V1 DN,prerank,0.2866172017322771,1.096786487871805,0.23516949152542374,0.3556414805379915,1.0,29_118,29/118,17.53%,HSPA6;SH3TC1;NACC2;B9D2;TLR2;S100P;ADM2;AXIN1;GPRC5A;IRAK2;PODN;LIF;CIITA;RSPH6A;IRGC;ADAM8;TREM2;PC;MFSD2A;IL6;GAS2L2;GIPR;STK40;SLCO2B1;SH2D2A;DOK7;NAT9;TGM2;LYPD3,HSPA6;SH3TC1;NACC2;B9D2;TLR2;S100P;ADM2;AXIN1;GPRC5A;IRAK2;PODN;LIF;CIITA;RSPH6A;IRGC;ADAM8;TREM2;PC;MFSD2A;IL6;GAS2L2;GIPR;STK40;SLCO2B1;SH2D2A;DOK7;NAT9;TGM2;LYPD3;PMAIP1;TMPRSS6;RNF215;PCDHB4;PPARD;MEGF6;THBD;TGM5;NYNRIN;EMR2;HOXC4;BCO2;NCKAP1L;ZNF646;IFNA13;RARA;MARK2;UTS2R;NR6A1;PCNXL3;RAP1A;CLEC7A;LFNG;PLAT;RBM4;RAB43;FBXL19;SLC2A6;SNAPC4;SERPINB1;FBXO27;TBRG4;IFNE;URB1;NKX6-3;BYSL;ZCCHC7;PPAN;INTS7;STX1A;TAF15;HAPLN4;SOX1;KRT80;EREG;DTWD1;INO80C;ARHGAP18;APOBEC3G;ZNF284;OLFM1;ARL15;NUPL1;CBX3;SPNS3;EBLN2;ANKRD46;LHX6;HSD17B3;GRID1;MRPL55;GJB5;CBLC;NT5C;ESF1;MAGOHB;ETV3;FAM86A;ZBTB49;BDKRB2;EIF3CL;KLHL28;PCSK9;GALNTL6;POP1;STXBP5L;POLR1A;RIF1;NRL;ZNF3;FUBP3;KIAA0754;SPTB;DCC;ZNF135;CDH15;MMP3;RUFY2;ZNF782,"[0, 268, 454, 651, 745, 786, 793, 877, 941, 990, 1041, 1188, 1218, 1296, 1514, 1533, 1622, 1947, 2098, 2121, 2237, 2424, 2449, 2616, 2655, 2853, 2932, 2975, 3070, 3544, 3549, 3566, 3666, 3681, 3826, 4174, 4431, 4479, 4609, 4662, 4707, 4799, 4941, 4952, 5072, 5254, 5328, 5392, 5423, 5616, 5747, 5856, 5897, 6387, 6467, 6609, 6666, 6681, 6844, 6960, 7157, 7187, 7237, 7379, 7634, 7696, 7897, 7996, 8112, 8276, 8441, 8764, 9463, 9491, 9988, 10079, 10223, 10385, 10657, 10742, 10757, 11271, 11297, 11329, 11334, 11379, 11608, 11815, 11924, 12169, 12241, 12618, 12849, 13337, 13700, 14186, 14227, 14237, 14242, 14271, 14626, 15077, 15087, 15363, 15481, 15636, 15786, 15933, 16495, 16868, 16931, 16935, 17281, 17296, 17414, 17427, 17444, 17506]",MSigDB_Oncogenic_Signatures__E2F3 UP.V1 DN
MSigDB_Oncogenic_Signatures,PTEN DN.V1 DN,prerank,0.27277486701395154,1.0886440759202873,0.24034334763948498,0.3663896007184002,1.0,38_155,38/155,20.26%,DNASE1L2;EMP3;FGR;PRKX;HLA-DRB1;HEYL;MC4R;TBX3;SETD1A;ACOX2;KLRD1;HLA-DRA;LCP1;CXCL11;UGT2B17;HIST1H4D;HLA-DPB1;MRPL41;TWIST1;SELL;FOSL1;CLDN10;TBX1;HMGN5;VIM;GNG11;HLA-DMA;ADCYAP1R1;SLC5A4;HLA-DPA1;FBXO17;PYCARD;ALX3;FOLR3;DUOX2;SLC14A1;FCN3;TMPRSS6,DNASE1L2;EMP3;FGR;PRKX;HLA-DRB1;HEYL;MC4R;TBX3;SETD1A;ACOX2;KLRD1;HLA-DRA;LCP1;CXCL11;UGT2B17;HIST1H4D;HLA-DPB1;MRPL41;TWIST1;SELL;FOSL1;CLDN10;TBX1;HMGN5;VIM;GNG11;HLA-DMA;ADCYAP1R1;SLC5A4;HLA-DPA1;FBXO17;PYCARD;ALX3;FOLR3;DUOX2;SLC14A1;FCN3;TMPRSS6;KCNJ10;IL18RAP;ASIP;PRSS3;LILRA6;PTPRCAP;P2RY14;CDO1;MATN3;IL1RL1;CLDN14;MAMLD1;SERPINA10;FMNL1;IFNA21;HLA-DQB1;WNT16;NEB;CHI3L1;WISP3;GALNT14;B4GALNT1;CAMK1;KRT81;ADCK4;HAAO;TLE6;CDH11;FST;NPPB;ZRSR1;TAS2R10;ULBP1;CHST7;CHST10;RTDR1;CORO7;KCNJ4;INPP4B;SLC22A18AS;C1QTNF1;PSMB9;FJX1;NR3C2;ARL17A;RFTN1;TSPAN7;CCDC68;CXCR6;PON3;ATP8B3;LIN7A;CPLX2;ANKRD53;CDH22;CDH10;ACSBG2;MLANA;SH3BGRL;GABRB1;KCNMB3;PNMA3;LUM;MSX2;PTEN;SERPINE2;ANKRD34C;PAH;ABCA6;NOL10;CAMK1D;CYP4F11;OLFM1;B3GALT5;SGCE;GPM6A;SEMA4D;RARRES1;HS3ST1;UGT8;BTBD18;CAND2;RLN2;ST8SIA3;OPRM1;HPCAL4;EIF1AY;XK;PIK3C2G;TPPP3;MTUS2;SV2B;SERPINB2;PDC;FARP2;KIAA0087;SCN10A;NDST3;PROX1;KLHL28;C4BPA;ETV5;TGFA;ATG16L1;ITIH3;PRTN3;NRN1;DGKB;CD97;KCNIP1;ZNF556;ZNF667;TNR;HMGCS1;KIAA1024;ZNF132;SV2C,"[166, 270, 341, 357, 784, 830, 870, 1154, 1196, 1301, 1325, 1505, 1537, 1566, 1569, 1614, 1615, 1624, 1908, 2053, 2188, 2200, 2277, 2305, 2436, 2472, 2494, 2758, 2874, 2875, 2904, 3056, 3169, 3189, 3366, 3442, 3542, 3549, 3827, 3895, 3910, 4176, 4233, 4242, 4593, 4647, 4656, 4810, 4823, 5368, 5650, 5729, 5807, 5810, 5824, 6283, 6323, 6332, 6405, 6435, 6902, 6952, 7264, 7312, 7326, 7390, 7467, 7489, 7504, 7569, 7580, 7601, 7608, 7644, 7687, 7845, 7953, 8051, 8073, 8284, 8404, 8411, 8471, 8473, 8501, 8720, 8931, 8955, 9225, 9388, 9454, 9590, 9632, 9651, 9702, 9704, 9791, 9868, 9894, 10315, 10350, 10513, 10528, 10534, 10568, 10607, 10623, 10652, 10673, 10701, 10742, 10845, 10978, 11109, 11152, 11294, 11344, 11563, 11569, 11954, 12040, 12152, 12246, 12457, 12668, 12678, 12690, 13024, 13119, 13793, 13879, 14035, 14184, 14212, 14233, 14467, 14536, 14626, 14849, 14899, 14919, 15099, 15121, 15129, 15296, 15345, 16033, 16093, 16297, 16568, 16585, 16695, 16743, 17185, 17417]",MSigDB_Oncogenic_Signatures__PTEN DN.V1 DN
MSigDB_Oncogenic_Signatures,BCAT.100 UP.V1 UP,prerank,0.3364269412489594,1.0870874515825633,0.32231404958677684,0.36709329602899987,1.0,10_46,10/46,10.76%,IHH;BMP4;LBP;TBX3;SASH3;PPP1R1A;RUNX1;DNAJC3;GADD45G;PLEKHF1,IHH;BMP4;LBP;TBX3;SASH3;PPP1R1A;RUNX1;DNAJC3;GADD45G;PLEKHF1;ARHGEF5;ABCB1;LY6G6D;FLVCR2;DKK1;FUT1;DEFA5;IRS1;BIK;HYAL3;QPCT;EEF1A2;ITGA9;WNT11;FGF20;ERVMER34-1;SLC7A8;DBNDD1;ENO2;EFEMP1;PTRF;LMO2;SERPINI1;ENC1;SORBS2;CD9;CRYM;GCNT1;ENPP2;CHODL;ETV5;RBP1;DUSP6;GAD1;HBA2;DUSP4,"[168, 730, 1099, 1154, 1201, 1271, 1384, 1630, 1669, 1884, 2544, 3190, 3920, 3960, 4704, 4784, 5080, 5115, 5375, 5399, 5439, 5848, 6033, 6105, 6436, 7209, 7295, 7559, 8715, 8928, 9126, 10086, 10961, 11096, 12853, 13114, 13417, 13886, 14102, 14845, 14899, 15663, 15916, 16002, 16398, 17396]",MSigDB_Oncogenic_Signatures__BCAT.100 UP.V1 UP
MSigDB_Oncogenic_Signatures,STK33 NOMO DN,prerank,0.2549337257042006,1.0727780670746145,0.24615384615384617,0.40053450393485873,1.0,39_242,39/242,11.73%,JDP2;ANPEP;DPAGT1;HK3;ANKLE1;TPD52L1;PCBD1;PDGFRL;ART3;BACE2;FCGR3B;GJB2;SIRPB2;CDA;POLD1;CHPT1;FAM173A;MAP4K1;SLC43A1;LCK;SLC47A1;LAMP3;STX11;PSPH;BCL2;IGLL1;VAT1;ACOX2;NEDD4;PTGER2;RANGRF;F13A1;FANCE;FAM117B;CARS2;ANXA3;ARG1;PRAM1;SELL,JDP2;ANPEP;DPAGT1;HK3;ANKLE1;TPD52L1;PCBD1;PDGFRL;ART3;BACE2;FCGR3B;GJB2;SIRPB2;CDA;POLD1;CHPT1;FAM173A;MAP4K1;SLC43A1;LCK;SLC47A1;LAMP3;STX11;PSPH;BCL2;IGLL1;VAT1;ACOX2;NEDD4;PTGER2;RANGRF;F13A1;FANCE;FAM117B;CARS2;ANXA3;ARG1;PRAM1;SELL;BTLA;HSPA4L;GPT2;SOCS2;ATP6V1C2;MAPKAP1;ZNRF3;BTN3A3;IL18R1;ALX3;KDELC1;KLF5;WDR18;SLC16A4;CLEC5A;MAP3K15;MTHFD2L;MTG1;GJB6;SLC39A14;IL18RAP;PLEKHJ1;MFSD3;PSTPIP2;SEPT1;IL17D;FPR2;GCH1;PTPRCAP;CR1;ST6GALNAC3;ST14;POLD2;TMEM45A;PSMG4;ASNS;ENHO;OBSL1;GPR124;PROK2;DGKZ;CMTM8;BIK;MOGS;NEO1;RGR;EGLN3;PLXND1;HEATR5A;PPP1R1B;ZNF664;VARS;DSG2;LGR4;SOBP;PIK3R3;SYDE2;FDXR;KRT81;ACAP1;ITGB7;CCR10;XAF1;HES6;ABHD14B;MAPK14;TEX15;TMEM143;H1F0;MGAT4A;BDH2;CKMT1A;APOBEC3C;PRG4;GPAT2;SATB2;PLCH1;SDK2;SLC35F1;RNF144A;SLC9B2;KATNB1;NXT2;SLC26A8;PRSS21;ADCY3;PM20D2;FERMT1;CHRDL1;ALOX5;RMI2;ZNF623;DDAH1;PLS1;PAWR;BEND5;GALT;RET;ACPP;BSPRY;CCR7;STAR;AIM1;TCEAL8;SIDT2;LRRK2;CAMK1D;TMEM55A;NHLRC2;PNMA2;PROSER1;AFF3;SLC40A1;NUDT11;MICAL2;AKR1A1;GPM6A;ASL;PCYT1B;HNF4G;SHISA2;ACY1;SLAIN1;JPH1;OXCT2;PCYOX1;BIVM;BHLHE22;MZT1;PADI2;VPS13C;LPCAT2;CYFIP2;SEMA3C;OSBPL1A;RORB;CR2;FAM134B;ADSL;VAT1L;TRIM58;CYP4F3;POLR2J2;FAHD2A;BTBD11;TRHDE;GDA;ALCAM;APEH;WDR36;BEX2;FBN2;BMX;ICK;VKORC1L1;ZNF280C;DHRS11;TCTA;TXNRD3;MANSC1;RRP15;APBB2;TNKS;BEND6;FAM203A;ZDHHC23;DOPEY2;GALNT12;FMR1;FBLN7;SLC35C2;MATN2;SLC16A14;TSPAN2;SCD;USP44;HPDL;KAZN;SLC8A1;KIT;MBLAC2;SETD7;TIGD1;RASGRP1;BPNT1;PIGW;EXPH5;VMA21;MAGI2;CHML;TMTC2;SLC25A32;SPIN4;TET1;GZMA;MFSD6;PPAPDC2;PCCB;FLT3;SAMD13;HHLA2;LYRM7;MTR,"[33, 149, 195, 200, 213, 288, 397, 456, 518, 600, 611, 724, 762, 815, 863, 978, 980, 993, 1004, 1019, 1144, 1163, 1199, 1219, 1238, 1265, 1283, 1301, 1328, 1376, 1456, 1558, 1602, 1668, 1695, 1938, 2020, 2024, 2053, 2517, 2521, 2680, 2811, 2924, 2995, 3022, 3109, 3123, 3169, 3338, 3478, 3522, 3576, 3594, 3743, 3770, 3776, 3788, 3796, 3895, 4025, 4027, 4034, 4125, 4138, 4171, 4221, 4242, 4307, 4322, 4332, 4374, 4400, 4693, 4899, 4909, 4993, 5014, 5193, 5267, 5329, 5375, 5571, 5597, 5614, 5778, 5795, 6079, 6119, 6350, 6452, 6470, 6660, 6840, 6862, 6866, 6876, 6952, 7079, 7085, 7090, 7203, 7215, 7277, 7304, 7491, 7642, 7673, 7919, 7935, 7994, 8018, 8211, 8216, 8399, 8437, 8545, 8685, 8782, 8788, 8841, 8881, 8962, 9006, 9021, 9078, 9093, 9336, 9403, 9473, 9594, 9627, 9734, 9998, 10060, 10199, 10215, 10248, 10321, 10347, 10420, 10593, 10595, 10659, 10661, 10673, 10792, 10795, 10860, 10890, 10951, 11015, 11019, 11037, 11077, 11109, 11228, 11300, 11313, 11380, 11398, 11413, 11675, 11918, 11973, 12001, 12172, 12220, 12268, 12320, 12504, 12542, 12543, 12739, 12864, 12962, 13168, 13172, 13197, 13322, 13350, 13375, 13384, 13461, 13480, 13532, 13645, 13691, 13724, 13740, 13922, 13982, 14008, 14010, 14014, 14074, 14090, 14142, 14185, 14370, 14428, 14449, 14458, 14630, 14686, 14871, 14994, 15036, 15050, 15241, 15263, 15306, 15321, 15398, 15423, 15621, 15694, 15701, 15737, 15875, 15890, 15979, 16013, 16034, 16082, 16158, 16216, 16331, 16377, 16389, 16570, 16627, 16630, 16671, 16818, 16871, 17008, 17194, 17370, 17397, 17419, 17470]",MSigDB_Oncogenic_Signatures__STK33 NOMO DN
MSigDB_Oncogenic_Signatures,PKCA DN.V1 UP,prerank,0.2732051872422634,1.0694186493387654,0.28879310344827586,0.4057617413619779,1.0,30_144,30/144,17.33%,KLF15;FBLN1;PCK1;MRAP;SLC2A5;TSKU;GSTM4;SLC47A1;SLC6A20;GFAP;GLI2;RDH5;LEAP2;SLC16A3;PLEKHF1;PPP6R2;FMR1NB;ADORA2B;CASP6;POMC;ZBTB7C;GDPD2;PASK;PLXNA3;TYMP;PTGDS;SLC5A4;YJEFN3;ZNF865;SECTM1,KLF15;FBLN1;PCK1;MRAP;SLC2A5;TSKU;GSTM4;SLC47A1;SLC6A20;GFAP;GLI2;RDH5;LEAP2;SLC16A3;PLEKHF1;PPP6R2;FMR1NB;ADORA2B;CASP6;POMC;ZBTB7C;GDPD2;PASK;PLXNA3;TYMP;PTGDS;SLC5A4;YJEFN3;ZNF865;SECTM1;HLA-E;CES1;PDK4;LTC4S;TEF;PSMC3IP;BBOX1;CA2;DHRS1;ELMOD3;SPTBN4;KERA;IL15;RDH12;PPAPDC3;DKK4;ACOT12;WNT10A;DIO1;RTBDN;ACHE;NXNL2;NMT2;ADA;SSBP2;CYP2J2;SEC14L2;RDH16;PHKA1;GNAO1;AFP;LIX1;FBP1;SLC7A8;CYP2D6;SGK3;RAB30;CREB3L2;DBNDD1;UPB1;TCHH;CDR2;SPNS2;ORMDL3;NXNL1;GSTM1;GHRL;USP27X;FTSJD1;PAQR7;SLC27A2;LTB4R;CRYGB;PRODH2;ICAM5;ADCY3;GALNT6;ZFPM1;ADRA1A;TUBB2B;KIRREL;SMPD3;VWA1;OAS3;TUB;SLCO1C1;PACSIN1;TMEM56;BSN;TPMT;CYP11A1;CLEC4A;GSTT1;MGMT;OAS2;LPAR3;RBPJL;SHISA2;TREH;PER2;LCT;PDK2;DLX1;SLC23A1;TTI1;NECAB2;CYP2C18;WISP2;RETSAT;NRG4;IL33;CYP2C8;SLC20A1;PIPOX;ENPP3;TMEM135;PROP1;LECT2;RNASE1;SP6;GPR155;NR1I3;EGR3;ARSG;GSTA4;NOS1;SCOC;DDX60;LPO;MUSK;EGR4;SLC23A2;TET1;CD36,"[106, 109, 572, 667, 976, 1128, 1139, 1144, 1160, 1409, 1477, 1485, 1678, 1750, 1884, 1970, 2119, 2190, 2212, 2238, 2346, 2548, 2560, 2610, 2704, 2819, 2874, 3004, 3011, 3034, 3356, 3434, 3521, 3532, 3640, 3713, 4071, 4119, 4255, 4306, 4518, 4615, 4728, 4770, 4848, 5202, 5297, 5355, 5497, 5611, 5873, 6017, 6112, 6139, 6525, 6548, 6673, 6684, 6731, 6775, 6888, 7003, 7260, 7295, 7348, 7351, 7444, 7542, 7559, 7561, 7632, 7841, 7863, 8040, 8261, 8329, 8489, 8601, 8605, 8627, 8654, 8660, 8958, 8983, 8990, 9021, 9275, 9318, 9503, 9546, 9856, 9867, 9869, 9872, 9877, 9931, 9996, 10251, 10293, 10477, 10566, 10598, 10601, 10781, 11058, 11119, 11314, 11380, 11454, 11506, 11633, 11759, 11874, 12133, 12297, 12321, 12404, 12480, 12655, 12707, 13145, 13463, 13742, 13775, 13935, 14026, 14084, 14156, 14461, 14618, 15098, 15184, 15206, 15391, 15806, 15846, 15958, 16028, 16199, 16254, 16401, 16519, 16630, 17434]",MSigDB_Oncogenic_Signatures__PKCA DN.V1 UP
MSigDB_Oncogenic_Signatures,ESC V6.5 UP EARLY.V1 UP,prerank,0.26683194521687764,1.0655352061858405,0.2925311203319502,0.4087472660893635,1.0,23_157,23/157,10.00%,IFNA2;GDPD3;PHF21A;ARAP1;SASH1;GABRR2;ZNF771;TNFRSF1B;AGER;AIRE;ECE1;PTK7;MDFI;NME3;LEF1;RUNX1;VEGFB;CCNK;F13A1;ADAMTSL4;NARF;GADD45G;SLC16A3,IFNA2;GDPD3;PHF21A;ARAP1;SASH1;GABRR2;ZNF771;TNFRSF1B;AGER;AIRE;ECE1;PTK7;MDFI;NME3;LEF1;RUNX1;VEGFB;CCNK;F13A1;ADAMTSL4;NARF;GADD45G;SLC16A3;FAM189B;TMCO4;FOXQ1;PTPN23;DNAJB2;MARCH9;SMPD2;ZNF865;ARHGAP27;CGNL1;ANKRD2;GPR153;OCLN;ZMAT5;HIGD1C;CELSR3;ACSS1;CLEC11A;CRAT;CCDC114;KLC2;EFNB2;SP1;SLC5A11;DLC1;LIMD2;ARID3B;ARHGEF16;SLC29A4;SYT8;AZI1;LRIG1;TCEAL1;TMEM186;OTUD7A;ATP8B2;ERCC2;CYP27A1;EGLN3;ENG;C9;GSTT2;PMFBP1;LTF;HIVEP3;SYT3;DOC2A;HTRA2;MAST3;SCAP;GPRC5B;HES6;STIM1;FBP1;TTPA;ABCC6;MLLT1;TNRC6B;TMEM158;PSMB9;KCNC1;RAI1;PARP6;SPOCK2;GPA33;PCYT2;DLL3;CSNK1G1;RNF123;WT1;SEPP1;RYR3;SSX2IP;POU3F1;GATS;TMEM121;CACNG3;PRICKLE1;GRM8;PURB;EPB41;SYTL2;ZNF286A;ARHGEF3;IGSF8;SATB1;DACH1;OPRD1;TMEM42;MBOAT1;BBX;VPS39;SLC23A1;KLF13;HDAC11;LPAR4;TEX2;GATAD2B;ZPBP;RPRD2;NCOA2;TERT;ZNF322;PDZK1;CHD7;SH3RF1;SUV39H2;DEPTOR;ENPP2;CA4;MGA;CBWD1;SPEF1;IRX2;WIPF1;ITIH3;KIF21A;WDFY3;TEX9;MYB;MAGI3;RASAL2;NRL;GPD1;CORT;ZDHHC6;METTL20;SOX11;PRKACB;PCP4;MBD4;SGTB;FGF5;PKDREJ,"[178, 278, 371, 459, 540, 570, 699, 720, 759, 847, 972, 1081, 1159, 1299, 1377, 1384, 1509, 1542, 1558, 1600, 1625, 1669, 1750, 2316, 2555, 2571, 2612, 2641, 2792, 2796, 3011, 3178, 3297, 3422, 3445, 3491, 3604, 3634, 3675, 4015, 4079, 4092, 4134, 4327, 4454, 4488, 4556, 4657, 4912, 4933, 4968, 5033, 5034, 5121, 5218, 5258, 5323, 5522, 5604, 5609, 5688, 5778, 5813, 5937, 6342, 6376, 6558, 6664, 6784, 6961, 6990, 7038, 7042, 7106, 7215, 7253, 7260, 7521, 7661, 7714, 7790, 8243, 8284, 8302, 8372, 8424, 8470, 8602, 8811, 9053, 9223, 9251, 9281, 9682, 9956, 10102, 10111, 10298, 10330, 10553, 10729, 10745, 10912, 10919, 10935, 11007, 11016, 11192, 11290, 11356, 11498, 11532, 11619, 11697, 11852, 12133, 12216, 12245, 12294, 12501, 12672, 12927, 12944, 13040, 13041, 13079, 13107, 13218, 13484, 13705, 13996, 14102, 14112, 14232, 14307, 14331, 14340, 14990, 15121, 15211, 15213, 15309, 15452, 15542, 15903, 15933, 15940, 15954, 16069, 16198, 16271, 16466, 16559, 16724, 16732, 16780, 17181]",MSigDB_Oncogenic_Signatures__ESC V6.5 UP EARLY.V1 UP
MSigDB_Oncogenic_Signatures,ATM DN.V1 DN,prerank,0.27795496266529135,1.0668230721267025,0.3071593533487298,0.40912864486193873,1.0,38_119,38/119,22.38%,TCAP;MRAS;ADCY10;F10;CLEC4E;LILRA2;MDFI;ABCD1;PLCD1;ACVRL1;RETN;ITGB4;RNASE2;CFH;PRRG2;ZFP36L1;HS3ST3B1;CXCL3;TMPRSS2;ST3GAL1;PRSS50;CRYBA1;CD14;CTRC;PLA2G3;TLR7;PLSCR2;PLXNB1;ALX3;KCNG1;IFI27;TXNRD2;STX2;GMIP;PRDM11;KCNC4;TFEC;LY6G6D,TCAP;MRAS;ADCY10;F10;CLEC4E;LILRA2;MDFI;ABCD1;PLCD1;ACVRL1;RETN;ITGB4;RNASE2;CFH;PRRG2;ZFP36L1;HS3ST3B1;CXCL3;TMPRSS2;ST3GAL1;PRSS50;CRYBA1;CD14;CTRC;PLA2G3;TLR7;PLSCR2;PLXNB1;ALX3;KCNG1;IFI27;TXNRD2;STX2;GMIP;PRDM11;KCNC4;TFEC;LY6G6D;KCNIP2;EPHA1;SRPK3;STK17B;PMEL;TEX14;FCN1;ITPKA;FER;IFNA21;SMPX;ZNF208;CYP2J2;CYBB;PI15;FMO5;GPR65;FCN2;NTRK2;HAAO;LHCGR;CSF2RB;TEK;ANGPT4;PCDHB3;GRIN2D;FBXO24;SEMA3A;PRSS21;CLEC3B;WNT2;ARSF;RDX;BMPR2;GPR22;KCNQ4;WASL;ADRB3;GRM8;XIAP;LPAR3;LSM5;SPTLC2;SAG;PPARGC1A;GDNF;ENTPD7;RAPGEF4;OPCML;TSPAN32;PPIL2;TCEB3B;GPR68;AVPR1B;AP4S1;NLGN3;RASSF9;MAG;GABRB2;CD69;IL1RAPL1;CLCN4;CTAGE5;EDN3;NNAT;TAGLN;DNAH9;TLL2;NEUROD1;SETD4;GTF2A1;HCRTR1;IMPG2;TRPC5;PTPN11;GPSM2;DSG3;KCNE1;SLC24A2;AZI2;HHLA2,"[17, 185, 372, 770, 910, 958, 1159, 1233, 1474, 1627, 1835, 1867, 1937, 2051, 2075, 2102, 2169, 2258, 2381, 2408, 2459, 2605, 2611, 2747, 2857, 2886, 3072, 3116, 3169, 3310, 3603, 3714, 3724, 3750, 3802, 3855, 3880, 3920, 4106, 4472, 4608, 4901, 4924, 4935, 5015, 5585, 5664, 5807, 5912, 6269, 6548, 6563, 6590, 6672, 6823, 7062, 7280, 7312, 7700, 7860, 7870, 7876, 8132, 8633, 8634, 8858, 9006, 9162, 9348, 9542, 9853, 10005, 10141, 10374, 10524, 10582, 10745, 11034, 11119, 11354, 11467, 11577, 11622, 12063, 12136, 12388, 12443, 12632, 12660, 12715, 12923, 13239, 13255, 13363, 13449, 13761, 13883, 13891, 13972, 14020, 14313, 14394, 14424, 14577, 14870, 14902, 14937, 15168, 15277, 15370, 15769, 15885, 16007, 16355, 16590, 16624, 16674, 16799, 17397]",MSigDB_Oncogenic_Signatures__ATM DN.V1 DN
MSigDB_Oncogenic_Signatures,JNK DN.V1 UP,prerank,0.26752993880286524,1.0631223450024692,0.2952586206896552,0.4119674612998401,1.0,32_158,32/158,14.94%,IFNA2;MRAS;EYA2;RRAD;TNFSF14;STC2;GABRR2;CD37;DDIT3;RUNX3;UNG;RASSF8;BAG2;ABCD1;CXCL11;TBX2;CEACAM4;ARL4A;PROZ;CXCR7;CTSZ;SLC7A7;BIRC3;YAP1;BMP7;PRRG2;ZFHX2;AGRP;AKR1C3;IL10RA;S1PR1;SLCO2B1,IFNA2;MRAS;EYA2;RRAD;TNFSF14;STC2;GABRR2;CD37;DDIT3;RUNX3;UNG;RASSF8;BAG2;ABCD1;CXCL11;TBX2;CEACAM4;ARL4A;PROZ;CXCR7;CTSZ;SLC7A7;BIRC3;YAP1;BMP7;PRRG2;ZFHX2;AGRP;AKR1C3;IL10RA;S1PR1;SLCO2B1;TGM1;IL8;KCNN3;TNNC1;C8G;CCL22;TFEC;SLC25A20;RNF8;PAPSS2;C1S;GCH1;PTPRCAP;HOXC4;KDM5C;KCNJ5;KCNJ9;PMEL;GNAZ;EFHD1;PDE6A;CACNA1H;KRT9;F11;BEAN1;HSD3B1;PHKG1;DGKQ;TNNT2;MVD;CLDN18;ROCK1;CD83;RUNX2;ACADL;HIST1H1E;GPR37L1;RAB35;CBX4;MMP17;ZNF280B;SLC22A5;SNAI2;MED13;IGFBP3;TEK;KCND3;KCNS1;CRMP1;ADAM12;ANXA13;TNFSF4;NOX1;PIP4K2A;DRD1;CACNB2;INPP5J;CCL4;FAM65B;SLC25A24;ARSF;SLC26A10;UHRF2;KLK7;TDO2;STARD13;PDK3;SKAP1;PPFIA4;ELN;EPHA4;B3GALT5;ABL2;ECM2;SLC16A2;PRR3;HTR6;APBA1;HSPA12A;PPP1R8;FAM161A;PTPN22;CLIP3;MS4A1;IL12RB1;CCL1;HIST1H2AK;MYOM1;GPR45;N4BP2L2;RASSF2;ZNF79;HNF1B;ARMC8;BMX;CLCN4;ADAMTS3;MAP7;NLE1;SCN2B;RGL1;MAN2A2;PDE4B;PNOC;MDM2;EPM2A;GPX7;TET3;NID2;HIST1H2BN;EPHA3;SYNE1;SPICE1;ALOX12B;SLC6A1;KIAA0368;IL13RA2;TRIM24;TACR1;MPL;RAD17;HR;TSN;AGTPBP1;SHC3;PLAA,"[178, 185, 220, 239, 291, 321, 570, 617, 729, 751, 940, 953, 1026, 1233, 1566, 1641, 1720, 1751, 1923, 1941, 1973, 1979, 1994, 2016, 2039, 2075, 2231, 2322, 2427, 2448, 2528, 2616, 2870, 2920, 3048, 3173, 3265, 3794, 3880, 3894, 4005, 4137, 4215, 4221, 4242, 4662, 4779, 4811, 4831, 4924, 4995, 5000, 5036, 5062, 5150, 5199, 5337, 5378, 5493, 5558, 5671, 6482, 6535, 6585, 6724, 6841, 7064, 7089, 7107, 7164, 7228, 7364, 7370, 7374, 7384, 7430, 7570, 7870, 7924, 7991, 8192, 8461, 8483, 8620, 8800, 8806, 8994, 8997, 9123, 9267, 9344, 9382, 9542, 9708, 9716, 9717, 9732, 9766, 9801, 9826, 9941, 9991, 10180, 10845, 10950, 10963, 11033, 11076, 11107, 11179, 11283, 11368, 11512, 11540, 11799, 12319, 12365, 12414, 12489, 12609, 12733, 12844, 13093, 13284, 13408, 13934, 13982, 14020, 14335, 14559, 14614, 14794, 14846, 15082, 15138, 15276, 15285, 15334, 15468, 15645, 15709, 15752, 15920, 16088, 16178, 16212, 16284, 16303, 16321, 16520, 16625, 16653, 16664, 16807, 16995, 17162, 17200, 17365]",MSigDB_Oncogenic_Signatures__JNK DN.V1 UP
MSigDB_Oncogenic_Signatures,PRC2 SUZ12 UP.V1 DN,prerank,0.2638569759627549,1.050889606312028,0.31634819532908703,0.44158470280394535,1.0,36_164,36/164,17.54%,SLCO4A1;HIGD1B;ETV4;SLPI;LIME1;TNFRSF1B;SLC15A3;DOK2;NEIL1;CAB39L;CLEC4E;CFB;CHST11;KRI1;KCNJ15;GGT5;LCP1;CCNK;SPIB;KRT15;NGB;TMEM187;MTRF1;PRSS50;CYP1B1;CTSS;SLC6A9;CALML4;NKX6-1;GIMAP4;VILL;SMPD2;ACTA1;SERGEF;RPL3L;CBL,SLCO4A1;HIGD1B;ETV4;SLPI;LIME1;TNFRSF1B;SLC15A3;DOK2;NEIL1;CAB39L;CLEC4E;CFB;CHST11;KRI1;KCNJ15;GGT5;LCP1;CCNK;SPIB;KRT15;NGB;TMEM187;MTRF1;PRSS50;CYP1B1;CTSS;SLC6A9;CALML4;NKX6-1;GIMAP4;VILL;SMPD2;ACTA1;SERGEF;RPL3L;CBL;FOLR3;MYL3;BTN3A2;LCAT;GMIP;PSMB8;STAT5A;OTUB2;KCNN4;LYPD1;SRPK3;BRDT;ZNF550;CYP4F12;ERMAP;REST;PDE6A;STAB2;FCHO1;EDN1;CIDEA;WDR25;FMNL1;PKD2L1;ZNF76;PMEPA1;CCK;ZNF208;CA11;RBM4;ZNF324;PTGIR;KRT81;FCN2;ACAP1;SLC39A2;GRIN2C;ACTL8;ZRSR1;OPA3;ALX4;CDADC1;DCP2;CACNA2D3;ERO1L;PCBP3;POMT2;CBX8;KIAA0319L;SCTR;UPK3B;MTMR10;GPC6;ACE;CNPY4;IFNA1;PCSK1N;CBX7;CD70;CH25H;PLEKHA5;FAM182B;ELANE;BMP3;POLM;OSTM1;PPFIA4;RNASEL;PAQR6;IL1RL2;GAB2;ECM2;DNAJC12;POU2F1;NUPL1;DACH1;THNSL2;ANKRD46;TOM1L2;ZNF177;ERAP2;USP46;FGF9;HBEGF;IPCEF1;AATK;CCNT1;TAS2R13;GUCY1A3;XK;MYT1;GATA1;SLC13A3;SCG5;ALDH1A2;TRPC6;MRS2;PLEK2;MCTP1;TRIM58;ZNF471;ST18;XPNPEP2;SERPINB2;ARL4C;PRKG2;GRP;SETBP1;CCDC87;ATXN1;SEMA3E;DCBLD2;ITGA2;TET3;SLC6A15;TRAF3IP1;DYNC2LI1;ALDH1A3;BFSP1;GAD2;KIAA1024;HR;SPTB;SST;COL13A1;PTCD2;COCH;FAT2,"[46, 66, 69, 207, 483, 720, 773, 821, 899, 903, 910, 981, 1014, 1103, 1123, 1341, 1537, 1542, 1660, 2033, 2177, 2352, 2431, 2459, 2464, 2465, 2569, 2596, 2679, 2685, 2775, 2796, 2840, 2942, 3040, 3071, 3189, 3253, 3670, 3706, 3750, 3936, 4109, 4528, 4563, 4571, 4608, 4652, 4780, 4880, 4897, 4978, 5036, 5178, 5365, 5566, 5679, 5680, 5729, 5854, 5979, 6198, 6217, 6269, 6327, 6387, 6600, 6622, 6952, 7062, 7079, 7218, 7345, 7352, 7504, 7532, 7626, 7708, 7723, 7784, 7844, 8091, 8134, 8175, 8223, 8540, 8594, 8756, 8867, 8966, 8977, 9040, 9109, 9118, 9283, 9360, 9411, 9677, 9713, 9778, 9808, 9827, 9941, 10263, 10267, 10345, 10756, 10963, 11155, 11212, 11271, 11356, 11376, 11379, 11503, 11591, 11838, 12012, 12107, 12285, 12331, 12423, 12626, 12637, 12642, 12678, 12740, 12826, 12839, 12854, 12901, 12932, 12982, 13132, 13204, 13322, 13601, 13694, 13817, 13879, 13903, 14050, 14218, 14447, 14490, 14916, 15257, 15459, 15635, 15645, 15808, 16105, 16177, 16272, 16380, 16716, 16743, 16807, 16935, 17040, 17066, 17222, 17399, 17517]",MSigDB_Oncogenic_Signatures__PRC2 SUZ12 UP.V1 DN
MSigDB_Oncogenic_Signatures,KRAS.600 UP.V1 UP,prerank,0.2523329642939828,1.0485159968892148,0.3,0.44430021944857073,1.0,33_237,33/237,11.81%,G0S2;MMP9;SLCO4A1;GPR4;ETV4;CXCR4;IL1R2;ANPEP;PPBP;AURKC;CEL;FLT4;STC1;GALR2;TLR8;IGF2;ITGB2;MAP4K1;TBX3;LAPTM5;ACOX2;ANGPTL4;GFAP;RDH5;ADAM8;ETV2;MLXIPL;CSF3;RETN;KIF5A;SOX9;BMP7;DNAJA4,G0S2;MMP9;SLCO4A1;GPR4;ETV4;CXCR4;IL1R2;ANPEP;PPBP;AURKC;CEL;FLT4;STC1;GALR2;TLR8;IGF2;ITGB2;MAP4K1;TBX3;LAPTM5;ACOX2;ANGPTL4;GFAP;RDH5;ADAM8;ETV2;MLXIPL;CSF3;RETN;KIF5A;SOX9;BMP7;DNAJA4;HS3ST3B1;CXCL3;GNG11;FAM155B;SH2D2A;DNMBP;ADCYAP1R1;ST3GAL6;KCNJ8;PLA2G3;DBH;KCNK7;TGM2;CD80;REEP2;LAG3;MGC4771;TFPI;EMP1;TLR4;APOD;AMBP;CYP27B1;WNT7A;SLC25A31;CXCL5;CHGA;ATP1A2;KCNJ13;GLRX;LILRA6;DHRS9;MTMR8;FOXG1;IL1RL1;SIGLEC15;FEZF2;ZDHHC11;GPR124;DEFA5;PLAU;TAPT1;CTNNA2;PDE2A;CPA2;ITPKA;MMP11;GPR19;CDR1;PLAT;SMPX;ESM1;CDHR2;CMKLR1;SPP1;ARHGAP24;CEND1;KCNA5;ALDH8A1;ATP4A;VEGFC;SPRY2;NRP1;TMEM156;KCNH2;GLDC;GFI1;SCN1B;CTNND2;HPN;TRIB2;MMP17;PELI2;BUD31;NTRK3;A2M;FNDC8;MGAT4A;C1QTNF1;STX1A;TMEM158;KCNC1;TAGLN3;CCNJL;LMO3;SEMA3A;HEY1;MKRN3;NOL4;GABRA3;HTR7;FAM174B;RBP4;IFNA8;BEX1;GPR18;MCF2;GRM1;LRCH1;KCNK3;SNAP91;MAPK10;CDK5R1;APOBEC3G;FMNL2;ANKRD34C;KIF5C;HSD11B1;FABP3;ITGBL1;PNMA2;USH1C;PIWIL1;CEACAM1;PTGS2;SLCO5A1;RTN1;SATB1;DLGAP2;UGT8;NAP1L2;KIAA0226L;ASTN1;FGF9;HBEGF;NRCAM;ERC2;PCDH8;SYT1;ZEB1;KCNAB3;ADAM19;MOBP;RRAGD;SCG5;EVI2A;SCG3;TERT;GRIN2A;PTX3;LIMCH1;SNAP25;NR4A3;SLIT1;GABRA1;CCR6;NME5;ST18;GPR37;HAS2;ARL4C;KCNK10;ZNF528;ANO1;TOX3;MYF6;CHGB;TRIM36;MAGEH1;PCDH9;DIRAS2;RNASE1;SCN2A;DDX6;DYNC1I1;NMNAT2;ETV5;MMD;LPXN;OR2C1;DCBLD2;NTM;ITGA2;KIT;SLC6A15;DUSP6;ETV1;PLA2G4C;SORL1;PFKFB1;LDB3;CHRNA3;INHBA;LPPR1;TRIM2;DOCK4;IL13RA2;RELN;RCAN2;CLSTN2;PCP4;PEG3;DNM3;CLUL1;CALB1;EN2;ZNF529;NAV3;EXOC6B;EFCAB6;TRIM45;TPH1;DUSP4;ANK3,"[1, 27, 46, 51, 69, 77, 148, 149, 294, 475, 508, 525, 634, 657, 783, 826, 902, 993, 1154, 1292, 1301, 1365, 1409, 1485, 1533, 1539, 1621, 1776, 1835, 1843, 2005, 2039, 2067, 2169, 2258, 2472, 2479, 2655, 2674, 2758, 2797, 2848, 2857, 2906, 2966, 2975, 3114, 3160, 3277, 3375, 3378, 3435, 3516, 3557, 3769, 3820, 3834, 3871, 3891, 3971, 4012, 4028, 4181, 4233, 4302, 4606, 4648, 4810, 4828, 4845, 4847, 5014, 5080, 5250, 5339, 5369, 5434, 5444, 5585, 5605, 5702, 5786, 5897, 5912, 6036, 6192, 6226, 6253, 6305, 6336, 6341, 6392, 6560, 6620, 6637, 6661, 6829, 6843, 6950, 7032, 7178, 7233, 7279, 7287, 7364, 7438, 7503, 7586, 7770, 7854, 7919, 8073, 8112, 8243, 8302, 8444, 8636, 8766, 8858, 8866, 8877, 8950, 8974, 9170, 9261, 9547, 9616, 9738, 9887, 9919, 10008, 10164, 10181, 10186, 10309, 10324, 10385, 10502, 10568, 10618, 10667, 10707, 10842, 10860, 10869, 10920, 11025, 11182, 11183, 11186, 11290, 11403, 11563, 11682, 11748, 11777, 12107, 12285, 12401, 12412, 12418, 12427, 12675, 12708, 12717, 12724, 12842, 12854, 12873, 12882, 13041, 13106, 13208, 13234, 13308, 13351, 13362, 13541, 13588, 13629, 13694, 13846, 13898, 13903, 14037, 14129, 14132, 14137, 14140, 14158, 14180, 14196, 14317, 14403, 14461, 14513, 14776, 14785, 14835, 14899, 15045, 15176, 15278, 15459, 15469, 15635, 15737, 15808, 15916, 15928, 15948, 15971, 16062, 16152, 16155, 16208, 16224, 16234, 16312, 16321, 16364, 16461, 16484, 16559, 16633, 16878, 16945, 16968, 17046, 17072, 17240, 17293, 17318, 17345, 17362, 17396, 17425]",MSigDB_Oncogenic_Signatures__KRAS.600 UP.V1 UP
MSigDB_Oncogenic_Signatures,KRAS.AMP.LUNG UP.V1 DN,prerank,0.27223999966323464,1.0401454930356138,0.3421588594704684,0.4598341399401849,1.0,35_121,35/121,21.41%,SLC19A3;PLCB3;INPP5D;STARD8;HDAC7;CXCR2;FCGR2B;SCARF1;ICAM2;ADRA2C;HIST1H1T;RAPGEF3;SETD1A;ABCD1;PRODH;CD300A;TBXAS1;PGPEP1;GCNT3;EMILIN2;CD34;CTF1;EMR1;PYHIN1;MXD3;CBL;SLC6A16;WDR33;ST20;GP1BA;TLR4;LILRA4;GDF10;ALDH4A1;GMIP,SLC19A3;PLCB3;INPP5D;STARD8;HDAC7;CXCR2;FCGR2B;SCARF1;ICAM2;ADRA2C;HIST1H1T;RAPGEF3;SETD1A;ABCD1;PRODH;CD300A;TBXAS1;PGPEP1;GCNT3;EMILIN2;CD34;CTF1;EMR1;PYHIN1;MXD3;CBL;SLC6A16;WDR33;ST20;GP1BA;TLR4;LILRA4;GDF10;ALDH4A1;GMIP;APC2;GRIK5;RPA4;GNAZ;HEY2;USP53;DGKQ;HTR1D;ENPP1;PPFIA3;CEND1;IL12B;CACNA1F;SNCB;CAMK1;POU2F3;PAIP2B;GPR17;FGL2;P2RX1;SNTG1;RELB;TBR1;GPRC5C;PDCD1;DBF4B;KIAA1967;HIST1H3A;SYNGR3;ZNF480;DNM1;ZNF862;DRD5;PODNL1;ACE;HHLA1;TRMT2A;HIST1H2BJ;CPLX2;DTNB;OVGP1;GABRB1;DPPA4;SLC5A2;NAT2;RAG1;ABCB8;EPB41;H2AFJ;SDS;SHANK1;TF;CRY2;CGREF1;CYP2C18;AATK;WISP2;CHL1;RBFOX1;ALDH1A2;TRHDE;BARX2;CORO2B;RHOBTB1;PROM1;SCN10A;CACNG1;MLL;CCDC82;KREMEN2;ZNF134;FLJ14082;HBA1;CA1;CEP41;TSGA10;ODF1;CLDN16;SYNPO2L;PLCH2;PTPRH;C5;PDE11A;PPM1H;DCC;ADAMTS5,"[345, 441, 448, 638, 678, 680, 716, 739, 814, 831, 1112, 1120, 1196, 1233, 1278, 1311, 1346, 1454, 1706, 2129, 2142, 2253, 2331, 2633, 2903, 3071, 3078, 3108, 3300, 3373, 3516, 3572, 3659, 3735, 3750, 4159, 4406, 4979, 4995, 5306, 5380, 5558, 5643, 5903, 6134, 6336, 6713, 6765, 6864, 6902, 7027, 7028, 7040, 7289, 7455, 7469, 7492, 7507, 7539, 7552, 7892, 8014, 8116, 8150, 8190, 8266, 8301, 8328, 8402, 8966, 9003, 9008, 9391, 9454, 9577, 9638, 9868, 10042, 10044, 10067, 10241, 10427, 10919, 11138, 11605, 11951, 11964, 12022, 12385, 12404, 12423, 12480, 12685, 12881, 12901, 13480, 13536, 13632, 14107, 14117, 14233, 14607, 14766, 14862, 15061, 15124, 15208, 15448, 15640, 15828, 15864, 16073, 16187, 16277, 16498, 16916, 17107, 17176, 17235, 17281, 17321]",MSigDB_Oncogenic_Signatures__KRAS.AMP.LUNG UP.V1 DN
MSigDB_Oncogenic_Signatures,KRAS.300 UP.V1 DN,prerank,0.2718438732626128,1.040537641662065,0.3326271186440678,0.46255187089013233,1.0,28_115,28/115,18.48%,NPC1L1;S100A7;RRAD;PLEKHH3;PROC;DTX2;MTSS1L;TUBAL3;CIITA;CRABP2;UGT2B17;TREM2;GADD45G;CXCR7;HSPB8;OLFML2A;BST2;PYHIN1;NKX6-1;VILL;SLC6A3;TGM1;MXD3;DENND1C;CBL;ABCB1;PLBD1;KIF25,NPC1L1;S100A7;RRAD;PLEKHH3;PROC;DTX2;MTSS1L;TUBAL3;CIITA;CRABP2;UGT2B17;TREM2;GADD45G;CXCR7;HSPB8;OLFML2A;BST2;PYHIN1;NKX6-1;VILL;SLC6A3;TGM1;MXD3;DENND1C;CBL;ABCB1;PLBD1;KIF25;CACNA1I;PTPRCAP;FGFR3;OAS1;BRDT;TRPM2;COBL;KRT16;DFNB31;MX2;SCGB1A1;EPHB6;HTR1D;KRT13;DPYS;LFNG;ZNF750;CTSW;PPFIA3;MUC5AC;NCR3;GBP1;TBC1D29;HAAO;P2RX1;GRM2;TEX15;DPT;MAP2K6;CRYGD;PSORS1C1;THRB;MX1;PODNL1;SYNPO;MAGIX;SLC30A4;YBX2;CSDC2;APOB;DTNB;MXRA8;PDE6B;CAMK1D;TNNI3;KCNMB2;ATP6V1B1;CA5B;HTR1B;PCYT1B;LY6D;EPHX2;SDS;SERPINB13;SPTBN2;CGREF1;EDAR;RUNDC3B;KRT1;SLC3A1;TAS2R4;MYL9;KCNQ3;EDIL3;TNFSF10;PROP1;APBB3;COLEC10;TAGLN;SIDT1;ACTG2;RASAL1;MAML3;TMEM8B;NTF3;NOS1;CHRM2;CLDN16;TTLL1;SOX11;RYR2;DSG3;KCNE1;IFI44L;RTP4;PDE11A;SLC9A7,"[30, 235, 239, 359, 364, 403, 409, 709, 1218, 1490, 1569, 1622, 1669, 1941, 2088, 2244, 2419, 2633, 2679, 2775, 2789, 2870, 2903, 2993, 3071, 3190, 3210, 3236, 3829, 4242, 4371, 4410, 4652, 4738, 4807, 5146, 5155, 5294, 5545, 5600, 5643, 5682, 5794, 5856, 5867, 5967, 6134, 6239, 6362, 6521, 6760, 7312, 7455, 7486, 7491, 7501, 7672, 8125, 8165, 8336, 8348, 8402, 8543, 8773, 9106, 9156, 9392, 9399, 9577, 10161, 10548, 10673, 11027, 11070, 11176, 11226, 11252, 11300, 11531, 11584, 11605, 12116, 12210, 12385, 12495, 12730, 12750, 12814, 13200, 13517, 13557, 13751, 13874, 14084, 14445, 14571, 14577, 14715, 14818, 14855, 14918, 14992, 15460, 15846, 15902, 16187, 16238, 16271, 16332, 16590, 16624, 16902, 17079, 17176, 17452]",MSigDB_Oncogenic_Signatures__KRAS.300 UP.V1 DN
MSigDB_Oncogenic_Signatures,CAHOY OLIGODENDROCUTIC,prerank,-0.30304010518897045,-1.1117220580407294,0.24854368932038834,0.4687962185713715,1.0,21_91,21/91,20.04%,ATP10B;SEMA5A;USP16;PRKCQ;BACE1;FBXO7;ELOVL6;ZNF536;NR2C1;CNTNAP2;DCT;TSPAN2;PLLP;DOCK10;CLYBL;WIPF1;SERINC5;RCBTB1;G2E3;SLC35B2;ICK,P4HA2;CRIP2;NRM;KIAA1958;FAM89A;ABHD8;FIGN;GAB3;MAP3K15;DMRTA1;FSTL1;GNG8;PSTPIP2;EFHD2;SRPK3;RNF122;FEZF2;PKIG;DOCK7;CTGF;DKK3;IFFO1;BFSP2;ZNF276;HIP1R;LHFP;SOX10;NRP1;SIRT2;BCR;GPR17;FBP1;SOX8;RTKN;EPN2;LPHN2;TUBA4A;DUSP19;DCPS;SPEG;PRKAG2;KCTD1;POP4;CLN8;COL20A1;LRRC48;FAM57A;AHR;CDR2L;BCAS1;CSDC2;ERBB3;NGRN;PLXNB3;RBM11;FA2H;PHLDB1;PPP1R21;GAL3ST1;UGT8;LCORL;SEMA3D;RNASEH2B;PUS7;NINJ2;MAP6D1;EVI2A;CPOX;CRYM;CCRN4L;ICK;SLC35B2;G2E3;RCBTB1;SERINC5;WIPF1;CLYBL;DOCK10;PLLP;TSPAN2;DCT;CNTNAP2;NR2C1;ZNF536;ELOVL6;FBXO7;BACE1;PRKCQ;USP16;SEMA5A;ATP10B,"[12, 1816, 1967, 2043, 2150, 2636, 2760, 3083, 3743, 3898, 3983, 4018, 4034, 4117, 4608, 4758, 4845, 5559, 5593, 5847, 5972, 5980, 6088, 6102, 6176, 6369, 6399, 6661, 6743, 7004, 7040, 7260, 7323, 7377, 7406, 7907, 8024, 8095, 8107, 8133, 8791, 8843, 8847, 8976, 8995, 9034, 9232, 9293, 9343, 9361, 9392, 9861, 9865, 9915, 10019, 10678, 11333, 11527, 11554, 11563, 11614, 11978, 12005, 12032, 12217, 12771, 12873, 12929, 13417, 13482, 14008, 14126, 14250, 14367, 14721, 14990, 15106, 15305, 15317, 15321, 15548, 15853, 15904, 15970, 16478, 16479, 16494, 16535, 16813, 17054, 17142]",MSigDB_Oncogenic_Signatures__CAHOY OLIGODENDROCUTIC
MSigDB_Oncogenic_Signatures,HOXA9 DN.V1 UP,prerank,0.25476939608585963,1.034282108436898,0.37083333333333335,0.4695086354607348,1.0,43_184,43/184,16.67%,CARD9;FCGRT;MS4A6A;TNFRSF10B;S100A8;CXCR2;FZD2;SAMHD1;TYROBP;RBM47;TRPM4;RABAC1;FYN;IER5;GDF15;LY96;HDAC4;TICAM1;NOD2;FRAT1;TP53I3;HLA-DRA;FCER1G;CD86;CHPF2;SLC30A1;BAX;CCR2;HIST1H2AC;SESN1;S100A9;CSPG4;IL10RA;CYP1B1;TRIM22;HIST1H2BD;HLA-DMA;TYMP;ST3GAL6;KLF4;FOS;CRISPLD2;IL8,CARD9;FCGRT;MS4A6A;TNFRSF10B;S100A8;CXCR2;FZD2;SAMHD1;TYROBP;RBM47;TRPM4;RABAC1;FYN;IER5;GDF15;LY96;HDAC4;TICAM1;NOD2;FRAT1;TP53I3;HLA-DRA;FCER1G;CD86;CHPF2;SLC30A1;BAX;CCR2;HIST1H2AC;SESN1;S100A9;CSPG4;IL10RA;CYP1B1;TRIM22;HIST1H2BD;HLA-DMA;TYMP;ST3GAL6;KLF4;FOS;CRISPLD2;IL8;FNDC3B;CD84;MS4A4A;SLC26A2;VCAN;IL13RA1;TSEN34;TFEC;ZCCHC2;TOB1;THBD;TGM5;NCF2;ZNF394;MARCH2;IFI16;CD209;CRY1;RCBTB2;HIST1H2BH;ISG15;CYTIP;ACYP2;IFFO1;MYOF;SLC22A18;GPR137B;VASH1;NAGK;CHI3L1;HIST1H2BK;FCER2;ICAM3;GADD45A;FAM105A;PIK3R3;FDXR;MAP4K4;BST1;RNF130;FGL2;SGK3;THBS4;GPR183;TAX1BP3;IFI30;CTSL1;PARP12;TDRD7;MNDA;COL6A3;CCDC109B;JAK2;ROGDI;LPAR6;UBE2W;CDK8;FAS;IFT57;OSTM1;TWF1;ZMAT3;NGRN;GPR18;PTGER4;KIAA1598;SLC46A3;GNS;PLK2;CCNA1;ARHGEF3;NUPL1;CECR1;ANKRD46;SCPEP1;GLIPR1;BZRAP1;COQ10B;CHUK;SUV420H1;IPCEF1;ARHGAP26;ZNF107;AKIRIN1;RNF11;CYFIP2;MPO;OAT;ERLIN2;N4BP2L2;HPSE;ENTPD4;SNX10;SLC22A4;SLC35D2;SLC39A6;SAR1B;CSNK1G3;ZNF277;RPS6KC1;FNDC3A;ARL4C;PAQR3;FUCA1;PHTF2;USP15;XPC;RCBTB1;NDFIP1;GALC;FAM98A;DYNLT3;DICER1;CYLD;SERPINB8;TPK1;STK39;ATXN1;ADAM9;GALNT7;DHX29;ANKRA2;PTPRE;CLK4;ASCC3;IFT74;SORL1;FBXL5;SCHIP1;UHRF1BP1L;SRD5A1;FRY;KIAA1279;KIAA0232;STX12;ACTA2;AGTPBP1;UGGT2;GAS7;ZFYVE16;PLAA,"[16, 266, 385, 539, 639, 680, 841, 852, 865, 921, 1029, 1038, 1046, 1066, 1105, 1117, 1124, 1184, 1266, 1279, 1426, 1505, 1513, 1574, 1658, 1726, 1799, 2082, 2286, 2306, 2310, 2442, 2448, 2464, 2486, 2489, 2494, 2704, 2797, 2806, 2889, 2899, 2920, 3059, 3150, 3313, 3546, 3662, 3851, 3878, 3880, 3974, 4156, 4174, 4431, 4720, 4870, 5019, 5020, 5076, 5174, 5275, 5431, 5552, 5717, 5978, 5980, 6084, 6111, 6143, 6183, 6319, 6323, 6497, 6557, 6610, 6740, 6860, 6862, 6876, 7148, 7161, 7240, 7289, 7351, 7386, 7403, 7562, 7881, 7883, 8023, 8060, 8616, 8818, 8859, 8889, 8968, 9144, 9294, 9311, 9493, 9526, 9827, 9835, 9859, 9865, 9887, 10354, 10386, 10498, 10538, 10655, 10863, 11016, 11271, 11321, 11379, 11418, 11479, 11616, 11813, 12017, 12046, 12331, 12351, 12436, 12521, 12537, 12542, 12599, 12779, 12840, 12844, 13014, 13214, 13303, 13349, 13383, 13550, 13565, 13671, 13672, 13796, 13895, 13903, 14073, 14256, 14261, 14292, 14321, 14367, 14595, 14728, 14748, 14756, 14768, 14772, 14793, 14806, 14914, 14916, 15012, 15245, 15327, 15333, 15544, 15591, 15908, 15947, 15971, 16036, 16288, 16311, 16476, 16588, 16803, 16810, 16944, 17077, 17162, 17251, 17270, 17329, 17365]",MSigDB_Oncogenic_Signatures__HOXA9 DN.V1 UP
MSigDB_Oncogenic_Signatures,KRAS.600 UP.V1 DN,prerank,0.24694326907095981,1.0344534106794456,0.36323851203501095,0.47286539598780875,1.0,56_230,56/230,19.07%,NPC1L1;S100A7;RRAD;PLEKHH3;PROC;RAMP3;DTX2;MTSS1L;TUBAL3;LGALS9;PRRG4;PTPRU;NINJ1;NAALADL1;ADAMTS9;TGFB2;CIITA;PRODH;IMPA2;CD300A;CNTFR;AQP6;CKM;CRABP2;UGT2B17;TREM2;ADRA2B;GADD45G;FOLR2;MYOM2;CXCR7;VAV3;HSPB8;OLFML2A;C1QL1;FCGBP;BST2;CSPG4;PYHIN1;NKX6-1;COL2A1;VILL;SLC6A3;TGM1;MXD3;DENND1C;HRH3;CD248;LYPD3;CBL;GNRH2;ABCB1;PLBD1;KIF25;SERPING1;SCGN,NPC1L1;S100A7;RRAD;PLEKHH3;PROC;RAMP3;DTX2;MTSS1L;TUBAL3;LGALS9;PRRG4;PTPRU;NINJ1;NAALADL1;ADAMTS9;TGFB2;CIITA;PRODH;IMPA2;CD300A;CNTFR;AQP6;CKM;CRABP2;UGT2B17;TREM2;ADRA2B;GADD45G;FOLR2;MYOM2;CXCR7;VAV3;HSPB8;OLFML2A;C1QL1;FCGBP;BST2;CSPG4;PYHIN1;NKX6-1;COL2A1;VILL;SLC6A3;TGM1;MXD3;DENND1C;HRH3;CD248;LYPD3;CBL;GNRH2;ABCB1;PLBD1;KIF25;SERPING1;SCGN;BBC3;CACNA1I;PIP5K1C;CLIC3;HLA-DOA;THBD;PTPRCAP;FGFR3;OAS1;NYNRIN;SLC29A3;BRDT;MAPRE3;YOD1;TRPM2;COBL;SCN7A;PCDHGB6;DDX51;KRT16;DFNB31;MX2;BLNK;ARHGEF38;SCGB1A1;EDN1;EPHB6;HTR1D;KRT13;DPYS;APOL3;WNT16;LFNG;ZNF750;ENPP1;CTSW;PNMT;PPFIA3;CNR2;MUC5AC;ARHGAP28;NCR3;GBP1;TBC1D29;KLF3;EPHB3;MAST3;ZBTB16;XAF1;HAAO;P2RX1;GRM2;TEX15;DPT;MAP2K6;FOXRED2;DBF4B;CATSPERB;ART1;HIST1H3A;CRYGD;CYP2C19;PSORS1C1;THRB;MX1;PODNL1;SYNPO;BCL11B;MAGIX;CHRNG;SLC30A4;YBX2;CXCL14;SLC22A11;CSDC2;APOB;ABCG4;DTNB;MLANA;KLK7;TRH;SLC5A2;MXRA8;DLK2;PDE6B;KRT17;CAMK1D;GPR173;ZBP1;HRASLS;LRRC31;TNNI3;KCNMB2;ATP6V1B1;CA5B;HTR1B;PCYT1B;THNSL2;LY6D;EPHX2;SDS;NOX3;ABCB11;MTNR1A;CNGB1;ANKRD1;ZNF154;SERPINB13;SPTBN2;PIK3C2B;FRAS1;CGREF1;CYP2C18;EDAR;MCHR1;RUNDC3B;KRT1;SLC3A1;KRT31;TAS2R4;CADM4;DSG1;MYL9;KCNQ3;EDIL3;CLCA2;TNFSF10;VGLL3;PGLYRP1;PROP1;KIAA0087;SCN10A;CALML3;SMPDL3B;APBB3;FGGY;COLEC10;TAGLN;SIDT1;KCNMB1;SPATA6;ACTG2;RASAL1;MAML3;TMEM8B;PRTN3;FETUB;NR1I3;CCDC102B;MATN2;IL5;NTF3;GPR52;KLF8;NOS1;CHRM2;DLX6;CLDN16;CALCB;TTLL1;SOX11;RYR2;ATP2A3;DSG3;KCNE1;NEU3;IFI44L;PTPRH;CCDC33;NRXN3;RTP4;PDE11A;CD36;SLC9A7,"[30, 235, 239, 359, 364, 378, 403, 409, 709, 718, 765, 857, 932, 956, 1111, 1191, 1218, 1278, 1295, 1311, 1386, 1401, 1419, 1490, 1569, 1622, 1646, 1669, 1729, 1780, 1941, 2050, 2088, 2244, 2324, 2345, 2419, 2442, 2633, 2679, 2752, 2775, 2789, 2870, 2903, 2993, 3026, 3050, 3070, 3071, 3187, 3190, 3210, 3236, 3289, 3340, 3816, 3829, 3945, 4030, 4041, 4174, 4242, 4371, 4410, 4479, 4574, 4652, 4665, 4733, 4738, 4807, 4973, 5138, 5144, 5146, 5155, 5294, 5354, 5468, 5545, 5566, 5600, 5643, 5682, 5794, 5809, 5824, 5856, 5867, 5903, 5967, 6030, 6134, 6160, 6239, 6276, 6362, 6521, 6760, 6809, 6965, 7038, 7188, 7203, 7312, 7455, 7486, 7491, 7501, 7672, 7683, 7892, 7966, 8067, 8116, 8125, 8163, 8165, 8336, 8348, 8402, 8543, 8698, 8773, 9061, 9106, 9156, 9270, 9370, 9392, 9399, 9514, 9577, 9704, 9717, 9906, 10044, 10161, 10469, 10548, 10572, 10673, 10731, 10739, 10945, 11023, 11027, 11070, 11176, 11226, 11252, 11300, 11376, 11531, 11584, 11605, 11627, 11763, 11800, 11893, 11940, 12108, 12116, 12210, 12233, 12257, 12385, 12404, 12495, 12719, 12730, 12750, 12814, 12889, 13200, 13306, 13365, 13517, 13557, 13751, 13774, 13874, 13881, 14027, 14084, 14212, 14233, 14316, 14431, 14445, 14550, 14571, 14577, 14715, 14747, 14763, 14818, 14855, 14918, 14992, 15129, 15163, 15184, 15199, 15263, 15390, 15460, 15462, 15505, 15846, 15902, 15982, 16187, 16218, 16238, 16271, 16332, 16443, 16590, 16624, 16777, 16902, 16916, 16927, 16969, 17079, 17176, 17434, 17452]",MSigDB_Oncogenic_Signatures__KRAS.600 UP.V1 DN
MSigDB_Oncogenic_Signatures,RB DN.V1 UP,prerank,0.26317575572883944,1.0273624399923311,0.3779697624190065,0.4850669732396521,1.0,40_131,40/131,21.79%,DDIT4L;SLC25A42;TPRA1;NXT1;EPHX1;DCXR;UCK1;RAD54L;IER2;MYC;RP9;DNAJC9;DNA2;TMEM54;TIMELESS;GNB1L;CRIP2;SLC7A7;THRA;PMM1;EMR1;AKR1C3;NME4;ARHGEF40;NANS;TGM1;PLXNB2;MCM7;ZNF688;GAB3;SLC2A9;PPM1M;LAGE3;BAZ1B;HES1;STUB1;SMARCA1;ZBTB2;ARTN;BBC3,DDIT4L;SLC25A42;TPRA1;NXT1;EPHX1;DCXR;UCK1;RAD54L;IER2;MYC;RP9;DNAJC9;DNA2;TMEM54;TIMELESS;GNB1L;CRIP2;SLC7A7;THRA;PMM1;EMR1;AKR1C3;NME4;ARHGEF40;NANS;TGM1;PLXNB2;MCM7;ZNF688;GAB3;SLC2A9;PPM1M;LAGE3;BAZ1B;HES1;STUB1;SMARCA1;ZBTB2;ARTN;BBC3;CCNE1;RRM2;UBE2T;FAM92A1;PCBP2;TNFSF9;ZSCAN22;CLN6;HEY2;NUMBL;MRPL49;SLBP;CTDSP1;LCMT1;VPS16;ID1;SLC2A8;SULF2;ADA;PCNA;RPA1;FXYD6;DNMT1;OVOL2;DNASE1L1;POLD4;EI24;TNFRSF18;TUBG1;FBP1;FAM118A;MCMBP;SIVA1;AAAS;MAN1B1;NUDT5;MAPK13;ACOX3;BTG2;PALMD;CTC1;HAT1;GCLM;PLEKHA6;LYNX1;MSH6;DUOXA1;DSN1;CCDC88C;AHCY;RAD51C;PCDH10;GRM8;GRB7;MRPL45;ZFP30;PEX11B;ST3GAL4;PDXP;TTI1;PLA2G6;STMN1;MCM6;ALPK3;PRKAB1;PKHD1;SNAP25;NOXO1;PRKCE;ZW10;SLC35B2;MANSC1;TIPIN;MRE11A;PRIM1;TYRP1;CCNE2;SFRP1;MDM2;DCT;SPOCK1;GANC;DAK;ZBTB8A;SPICE1;POLE2;SLC24A1;RFC3;HEATR5B;IFT27;PMS2,"[212, 506, 623, 802, 819, 918, 1047, 1094, 1118, 1232, 1671, 1682, 1690, 1698, 1771, 1778, 1816, 1979, 2052, 2329, 2331, 2427, 2581, 2585, 2785, 2870, 2956, 2994, 3001, 3083, 3170, 3222, 3233, 3330, 3383, 3574, 3650, 3722, 3758, 3816, 4289, 4435, 4467, 4549, 4719, 4887, 4891, 4962, 5306, 5396, 5533, 5569, 5859, 5909, 5934, 6042, 6045, 6121, 6139, 6282, 6545, 6624, 6654, 6704, 6732, 6886, 6944, 6954, 7009, 7260, 7265, 7432, 7692, 8169, 8296, 8322, 8706, 8770, 8882, 8918, 9079, 9331, 9357, 9385, 9413, 10063, 10225, 10329, 10401, 10439, 10499, 10527, 10745, 10752, 10954, 11022, 11074, 11754, 12121, 12297, 12453, 12454, 12498, 13159, 13247, 13282, 13308, 13472, 13636, 14011, 14126, 14185, 14302, 14398, 14730, 14819, 15109, 15127, 15285, 15548, 15630, 15671, 15740, 16175, 16178, 16418, 17125, 17159, 17165, 17168, 17324]",MSigDB_Oncogenic_Signatures__RB DN.V1 UP
MSigDB_Oncogenic_Signatures,SINGH KRAS DEPENDENCY SIGNATURE ,prerank,0.398096312089062,1.0257838705702589,0.3917748917748918,0.48581392626045605,1.0,5_15,5/15,13.19%,CLDN7;SH2D3A;SEMA4B;ADAM8;FAM83A,CLDN7;SH2D3A;SEMA4B;ADAM8;FAM83A;LAMA3;TMEM45B;MAOA;MST1R;DAPP1;SDR16C5;LAMC2;TGFA;AMPD3;PRSS22,"[300, 1078, 1348, 1533, 2309, 3919, 4098, 4513, 4680, 4829, 5833, 14822, 14919, 16083, 16135]",MSigDB_Oncogenic_Signatures__SINGH KRAS DEPENDENCY SIGNATURE 
MSigDB_Oncogenic_Signatures,KRAS.BREAST UP.V1 DN,prerank,-0.2831493022267136,-1.073807528633741,0.3036750483558994,0.5114059281793644,1.0,34_115,34/115,22.85%,GABRA6;SLC9A7;ENTPD5;ADAMTS5;PPM1E;KDM4D;NOX5;TRIM9;CRH;EGR4;KCNA3;CALCB;ALOX12B;NOS1;SLC8A1;EXOSC1;KLF8;PVRL1;NTF3;PBX1;MAML3;SIDT1;ADAMTS20;FGGY;XYLB;SMPDL3B;CDH12;PROP1;ELMO1;POLL;SV2B;EDIL3;KCNQ3;MYL9,NFATC4;FGR;RAMP3;DTX2;GJA4;CRABP1;ATHL1;EGFL7;NAALADL1;CYP21A2;LAIR1;SELENBP1;HPR;RBM17;GADD45G;MYOM2;MYH7;IL18R1;ABCB1;PLBD1;KIF25;DPEP2;SERPING1;TLR6;P2RX7;POU3F2;TSPAN12;CCDC121;FGFR3;NDNF;SCN7A;NPR1;MEGF8;CDK18;SERPINA10;TTYH1;DPYS;APOL3;MUC13;NCR3;PI15;HBZ;HCN2;MTHFR;SOBP;DENND2D;CAMK1;MAST3;CCDC57;P2RX1;TEX15;DPT;ART1;CRYGD;GP6;GLS2;HHLA1;APOB;DTNB;CLSTN3;ASPHD1;LATS1;PAQR6;SLC30A3;PDE6B;COL5A2;TNNI3;ATP6V1B1;CA5B;PTGFR;EPHX2;SDS;CACNA1A;KCNJ3;ANKRD1;SPTBN2;FRAS1;YPEL1;RUNDC3B;SYNDIG1;PDE3A;MYL9;KCNQ3;EDIL3;SV2B;POLL;ELMO1;PROP1;CDH12;SMPDL3B;XYLB;FGGY;ADAMTS20;SIDT1;MAML3;PBX1;NTF3;PVRL1;KLF8;EXOSC1;SLC8A1;NOS1;ALOX12B;CALCB;KCNA3;EGR4;CRH;TRIM9;NOX5;KDM4D;PPM1E;ADAMTS5;ENTPD5;SLC9A7;GABRA6,"[262, 341, 378, 403, 430, 550, 749, 835, 956, 1077, 1183, 1289, 1396, 1516, 1669, 1780, 2695, 3123, 3190, 3210, 3236, 3288, 3289, 3775, 3790, 3852, 4238, 4259, 4371, 4714, 4973, 5045, 5179, 5185, 5650, 5741, 5794, 5809, 6242, 6362, 6590, 6646, 6692, 6721, 6840, 6846, 6902, 7038, 7371, 7455, 7491, 7501, 8067, 8125, 8202, 8917, 9003, 9399, 9577, 9643, 9890, 9929, 10267, 10367, 10548, 10693, 11027, 11176, 11226, 11263, 11584, 11605, 11635, 11745, 11940, 12210, 12257, 12300, 12730, 12820, 13044, 13517, 13557, 13751, 13793, 13904, 13975, 14084, 14348, 14431, 14440, 14550, 14565, 14715, 14918, 15130, 15460, 15463, 15505, 15529, 15701, 15846, 16212, 16218, 16219, 16401, 16441, 16617, 16834, 17086, 17232, 17321, 17366, 17452, 17516]",MSigDB_Oncogenic_Signatures__KRAS.BREAST UP.V1 DN
MSigDB_Oncogenic_Signatures,PRC2 EDD UP.V1 DN,prerank,-0.2733084054843389,-1.0816089581272523,0.2532347504621072,0.5129189928626312,1.0,55_165,55/165,26.79%,ZNF226;PLAG1;BMP2K;PPM1H;SEMA6D;HIVEP2;CDRT4;MPDZ;SCG2;EVI5;BTBD3;IL13RA2;HDAC9;SLC6A15;PTBP2;CTSO;CNGA1;P2RX2;TAF11;LXN;RNF38;ADAM17;REV3L;ATXN1;SERINC5;KLHL28;USP12;CCDC87;FUCA1;SCN10A;MTSS1;ENPP2;AVL9;ARL4C;SERPINB2;GPR37;GALNT3;KCNQ2;ZNF277;CORO2B;RAB40B;RABGAP1L;SLC35D2;MCTP1;ZNF91;IFI6;CLGN;HIST1H2BG;MRS2;DKK2;CCND2;FAM129A;SCG5;N4BP2L2;GATA1,SLPI;LRCH4;PCBD1;RBM47;OSGIN1;CHST11;LY96;KCNJ15;IRF8;ANGPTL4;C2CD2;ZHX3;HIST1H1C;GADD45G;ZNHIT2;HINFP;ELTD1;HIC2;HIST1H2AC;TMEM187;AKR1C3;RASL12;PTGDS;RPL3L;WDR33;ORAI3;TRPS1;MS4A4A;PLSCR4;CXCL10;SLC5A5;MTHFD2L;ELF1;NKIRAS2;IL1RL1;ERMAP;PDZRN4;FPR3;CYP1A1;SLC30A10;RGR;CIDEA;ATF3;PKD2L1;HIST2H2BE;NMT2;CDHR2;PMEPA1;CCK;ARHGAP24;TUFT1;BACH1;MYH1;GPC5;MAPK8IP3;RFPL2;AFP;ASB4;ACAP1;CD5;TSPAN13;DUSP8;ST13;PDGFA;CDADC1;CD244;DCP2;CACNA2D3;GDF5;CBX8;CDKN1C;NR3C2;GSG1;SLMO2;SCTR;CUBN;MADCAM1;SLC28A1;PCSK1N;PCGF3;CLIP1;GPR116;PTPRT;ADRA1B;TOR1AIP2;BAZ2B;OSTM1;CBR4;TRIB1;DMD;IL12A;SLC12A8;DNAJC12;NUPL1;SATB1;OBSCN;THNSL2;ANKRD46;PTPN7;TNFRSF11A;KIF1B;ZNF177;PRSS12;USP46;SUV420H1;NXPH3;AATK;KLK6;HIST1H2BC;ZBTB20;GATA1;N4BP2L2;SCG5;FAM129A;CCND2;DKK2;MRS2;HIST1H2BG;CLGN;IFI6;ZNF91;MCTP1;SLC35D2;RABGAP1L;RAB40B;CORO2B;ZNF277;KCNQ2;GALNT3;GPR37;SERPINB2;ARL4C;AVL9;ENPP2;MTSS1;SCN10A;FUCA1;CCDC87;USP12;KLHL28;SERINC5;ATXN1;REV3L;ADAM17;RNF38;LXN;TAF11;P2RX2;CNGA1;CTSO;PTBP2;SLC6A15;HDAC9;IL13RA2;BTBD3;EVI5;SCG2;MPDZ;CDRT4;HIVEP2;SEMA6D;PPM1H;BMP2K;PLAG1;ZNF226,"[207, 368, 397, 921, 996, 1014, 1117, 1123, 1129, 1365, 1424, 1586, 1601, 1669, 1767, 1854, 1913, 2184, 2286, 2352, 2427, 2777, 2819, 3040, 3108, 3219, 3276, 3313, 3423, 3676, 3728, 3770, 4016, 4323, 4810, 4897, 5118, 5242, 5385, 5505, 5614, 5679, 5684, 5854, 5861, 6112, 6192, 6198, 6217, 6305, 6335, 6464, 6589, 6679, 6821, 6835, 6888, 7051, 7079, 7134, 7224, 7440, 7462, 7604, 7708, 7718, 7723, 7784, 7956, 8175, 8377, 8411, 8446, 8536, 8540, 8753, 8757, 8911, 9109, 9119, 9175, 9185, 9417, 9536, 9552, 9779, 9827, 10131, 10208, 10392, 10432, 10564, 11155, 11271, 11290, 11315, 11376, 11379, 11431, 11457, 11534, 11591, 11613, 12012, 12046, 12069, 12423, 12536, 12582, 12625, 12826, 12844, 12854, 12875, 12887, 12906, 12982, 13104, 13105, 13124, 13189, 13204, 13383, 13451, 13466, 13632, 13672, 13715, 13789, 13846, 13879, 13903, 13936, 14102, 14231, 14233, 14256, 14490, 14564, 14626, 14721, 14916, 14926, 14928, 14962, 15141, 15147, 15195, 15243, 15482, 15651, 15808, 15818, 16321, 16327, 16502, 16544, 16682, 16725, 17099, 17186, 17235, 17338, 17462, 17476]",MSigDB_Oncogenic_Signatures__PRC2 EDD UP.V1 DN
MSigDB_Oncogenic_Signatures,RB P107 DN.V1 DN,prerank,0.2633544453459017,1.0148676056869816,0.41318681318681316,0.5138014999765155,1.0,19_121,19/121,9.78%,DDIT4;SLPI;PPBP;ACADVL;PAFAH1B3;S100A8;ARPC1B;KRT18;GJB2;TLR2;CHAC1;POR;BIN3;UNC119B;COASY;PTPN9;CRABP2;DGAT1;HIGD2A,DDIT4;SLPI;PPBP;ACADVL;PAFAH1B3;S100A8;ARPC1B;KRT18;GJB2;TLR2;CHAC1;POR;BIN3;UNC119B;COASY;PTPN9;CRABP2;DGAT1;HIGD2A;S100A9;PLEKHA7;DYNLL1;STAT6;NFE2L2;BCCIP;GNG12;NME7;UBE2G2;NRBP1;PGD;TARS;DAD1;GLRX;ACP5;APTX;AP3D1;NFE2L1;PINX1;UROS;EDN1;MOGS;TXN2;BLCAP;NMI;ANXA1;AARS;TPRG1L;SERPINB1;POMP;BSDC1;S100A16;CTSL1;PHF8;TDRD7;GBE1;RNF25;COQ9;NUCB2;ANXA4;SRI;PANK1;LPCAT3;SLIRP;CCDC90B;CBR4;COA5;PRND;CAP1;LPAR3;SYTL1;PPA2;PRSS12;AIMP1;KIAA1147;UBE3B;HIST1H2BC;RDH11;LAS1L;POLR1E;EFTUD1;RHOU;EIF3C;ERCC3;SAR1B;MBNL3;BDH1;KRT7;TXNRD3;RBM8A;PLK3;SIGMAR1;ELOVL1;RARS;PMM2;STX7;UBA5;CLIP4;MYO1D;NIPSNAP1;CXCL12;SCD;PTPRE;PEX19;NSUN2;PEX3;GSTA4;NARS;POLR3G;GALNT11;PDCD6;COG6;AKAP9;IARS;ARL1;LACTB2;ELOVL6;PIK3R4;RSRC1;HSD17B12;LPGAT1;SPG11,"[11, 207, 294, 411, 587, 639, 654, 674, 724, 745, 875, 1133, 1189, 1212, 1351, 1441, 1490, 1710, 1712, 2310, 2429, 2497, 2644, 2684, 2790, 3370, 3371, 3413, 3538, 3550, 3607, 3800, 4181, 4430, 4552, 4667, 4722, 5010, 5140, 5566, 5571, 5592, 5757, 5763, 6173, 6395, 6616, 6844, 7411, 7730, 7750, 7883, 7988, 8060, 8557, 8726, 8943, 9098, 9157, 9322, 9485, 10009, 10013, 10021, 10131, 10192, 10509, 10635, 11119, 11432, 11528, 11613, 11722, 11779, 11797, 12582, 12721, 12827, 12972, 12987, 12996, 13078, 13398, 13565, 13741, 13915, 14141, 14142, 14188, 14209, 14235, 14272, 14333, 14336, 14476, 14486, 14749, 14803, 15161, 15207, 15398, 15544, 15614, 15669, 15712, 15806, 15888, 16005, 16046, 16075, 16110, 16195, 16282, 16456, 16458, 16478, 16837, 16917, 17007, 17124, 17358]",MSigDB_Oncogenic_Signatures__RB P107 DN.V1 DN
MSigDB_Oncogenic_Signatures,JAK2 DN.V1 UP,prerank,-0.2719581908621631,-1.0617524390030608,0.30434782608695654,0.525163888555782,1.0,23_142,23/142,12.89%,ZNF236;AKAP6;PDE10A;ACTA2;SEMA5A;GRM4;GRM5;TSPYL5;GRID2;CDKL2;PCDHA9;EGR4;FABP1;FBXO4;EPHA3;IMPG2;HOXD1;CD8B;SLC8A1;GPR52;HCRTR1;CACNB4;MYO1A,NPC1L1;CLDN7;FLT3LG;GFPT2;CXCR2;PTTG2;HPR;GRTP1;FOXE3;RANGAP1;ASGR1;CCR2;TNFRSF10C;JAM2;CSPG4;CYP1B1;SPN;CHST4;TYMP;ADCYAP1R1;TGM1;LILRB5;CDH5;HRH3;PLSCR2;ILVBL;ASGR2;WNT3;UTF1;METRN;DOT1L;ZNF821;SLC22A17;MYH13;FRMPD1;EPPK1;TAF7L;L1TD1;CRYBA2;TUBA8;PDZRN4;LRIG1;CSTA;BAI1;DGKQ;CIDEA;MATN4;SHH;RAB17;C9;FGF20;LAMA1;VOPP1;WFDC8;SNCB;GPR37L1;CDH11;ALPL;SOX17;GJB3;GALK1;KRTAP5-9;CBX8;CSN1S1;CCIN;RALYL;PRDM12;COL6A3;ABCB4;SLC28A1;FN3K;ATP8B3;IL24;NEK11;MC5R;ZFHX4;FOXD1;RBP4;BHLHB9;KISS1;OR51E2;GZMH;NELL2;ZSCAN2;PCDHGA9;DMD;LARGE;COL4A6;CNKSR2;BMP2;AFF3;HSPA12A;RBPJL;MAGEA8;PHF14;DUOX1;HIST1H1D;ATRNL1;PTN;NAV2;KLF13;ESRRG;PCDHB12;INA;KITLG;KCNIP4;ZEB1;RBP3;PTPRO;LRRC6;DLGAP1;CCND1;SUV39H2;PIPOX;CLCNKB;WNT1;NDST3;FKBP6;SIDT1;MYO1A;CACNB4;HCRTR1;GPR52;SLC8A1;CD8B;HOXD1;IMPG2;EPHA3;FBXO4;FABP1;EGR4;PCDHA9;CDKL2;GRID2;TSPYL5;GRM5;GRM4;SEMA5A;ACTA2;PDE10A;AKAP6;ZNF236,"[30, 300, 438, 568, 680, 1359, 1396, 1449, 1688, 1743, 1998, 2082, 2135, 2156, 2442, 2464, 2541, 2661, 2704, 2758, 2870, 2931, 2999, 3026, 3072, 3181, 3226, 3325, 3461, 3567, 3590, 3948, 4252, 4358, 4408, 4470, 4853, 4866, 4972, 5069, 5118, 5218, 5233, 5479, 5558, 5679, 5802, 5805, 5830, 5937, 6436, 6474, 6523, 6549, 6864, 7107, 7390, 7488, 7508, 7516, 7555, 8081, 8175, 8476, 8478, 8635, 8737, 8818, 8856, 8911, 9011, 9225, 9230, 9237, 9268, 9431, 9543, 9547, 9565, 9673, 9754, 9977, 10078, 10097, 10359, 10392, 10620, 10672, 10700, 10854, 10951, 11283, 11314, 11359, 11421, 11509, 11602, 11692, 11900, 11936, 12216, 12275, 12305, 12481, 12483, 12519, 12675, 12871, 13395, 13648, 13657, 13673, 13705, 13775, 13850, 14329, 14467, 14509, 14715, 15261, 15294, 15370, 15462, 15701, 15708, 15726, 15769, 15920, 15994, 16196, 16401, 16467, 16549, 16564, 16581, 16741, 16981, 17054, 17077, 17394, 17479, 17499]",MSigDB_Oncogenic_Signatures__JAK2 DN.V1 UP
MSigDB_Oncogenic_Signatures,MTOR UP.N4.V1 DN,prerank,-0.27221851110369555,-1.0859705099508785,0.26706827309236947,0.5265819242914818,1.0,42_159,42/159,22.30%,DCAF16;SENP6;ALS2CR8;ZNF268;RCOR3;DMXL1;FAIM;KIAA0754;MME;LONP2;CEP68;EFHC1;SLC23A2;ZNF682;RYR2;BRWD1;SENP7;ZNF711;CLK4;ELAC1;ATF7IP;ZNF180;EPM2A;GALNT7;ACTR8;CRBN;ATP6V1G2;ZNF544;SLC2A11;MRE11A;TRIM23;ANGEL2;ZNF14;CYP2E1;PCNXL2;TM7SF3;GCC2;ERAP1;ST18;MIS18BP1;ZNF277;KIAA0430,PNRC1;VNN2;FRAT2;WDR45;CHIC2;MEPCE;NFE2;ADORA2A;PBXIP1;IFT140;FRAT1;CD52;MXD4;GIMAP6;HIST1H2AC;MPHOSPH8;S1PR1;ING4;ZNF124;IGBP1;ATF1;SPRY1;TFPI;DNTT;HES1;AHSA2;BIN2;RPS28;SYF2;TRIOBP;ECHDC2;HBP1;CBFA2T3;TPP1;PTPRCAP;CCNE1;ANXA5;EVI2B;CCDC28A;ZNF394;MARCH8;IKZF2;SPATS2;CLK1;LRRC37A;FOLR1;HSD17B11;SYNE2;RAG2;LTB;TRA2A;HSPBAP1;HIST1H2BK;TXNIP;ZNF34;FBLN5;HIST1H3H;MAML1;SCN3A;SLC41A3;MNT;STMN3;ZBTB16;TPM2;CLN5;H1F0;TNRC6B;ZNF443;PCMTD2;BBS1;RNF44;VEZF1;CUX1;GPA33;KAT2B;CEP135;BTG2;CBX7;HHLA3;GALNT6;ARID5B;FAM13B;KIAA0355;SMPD3;YPEL5;RAG1;ZNF117;TMEM80;ZXDC;RAD51B;NR1D2;KIAA1731;BCKDHA;PLCL1;BCOR;XYLT1;ELF2;DACH1;SRGAP2;HHAT;FBXL4;TRMT1L;CCNG2;PDCD4;SUV420H1;ST8SIA4;CAMK2N1;BRIP1;POLH;BAALC;ZBTB20;SOS2;REL;EVI2A;CIR1;LZTFL1;SLC35D1;KIAA0430;ZNF277;MIS18BP1;ST18;ERAP1;GCC2;TM7SF3;PCNXL2;CYP2E1;ZNF14;ANGEL2;TRIM23;MRE11A;SLC2A11;ZNF544;ATP6V1G2;CRBN;ACTR8;GALNT7;EPM2A;ZNF180;ATF7IP;ELAC1;CLK4;ZNF711;SENP7;BRWD1;RYR2;ZNF682;SLC23A2;EFHC1;CEP68;LONP2;MME;KIAA0754;FAIM;DMXL1;RCOR3;ZNF268;ALS2CR8;SENP6;DCAF16,"[85, 387, 388, 399, 517, 528, 688, 691, 692, 797, 1279, 1470, 1972, 2224, 2286, 2395, 2528, 2621, 2723, 2759, 2770, 2949, 3378, 3381, 3383, 3432, 3511, 3736, 3741, 3837, 3867, 3903, 3915, 4006, 4242, 4289, 4481, 4543, 4679, 4870, 5214, 5229, 5550, 5648, 5694, 5727, 5817, 5857, 6247, 6278, 6279, 6367, 6497, 6506, 6795, 6820, 6850, 6909, 6918, 6919, 6945, 6953, 7188, 7309, 7347, 7673, 7790, 7895, 7911, 7968, 8027, 8088, 8237, 8602, 8626, 8646, 8882, 9118, 9197, 9275, 9401, 9418, 9833, 9867, 9885, 10241, 10292, 10440, 10624, 10702, 10853, 10907, 10908, 11045, 11173, 11204, 11322, 11356, 11439, 11510, 11580, 11725, 11833, 11845, 12046, 12051, 12223, 12449, 12508, 12566, 12625, 12680, 12847, 12873, 13043, 13067, 13490, 13612, 13672, 13677, 13694, 13745, 13748, 13848, 13930, 14038, 14077, 14298, 14366, 14398, 14700, 14879, 14900, 15112, 15134, 15245, 15334, 15381, 15395, 15465, 15591, 15662, 15848, 16263, 16332, 16480, 16519, 16626, 16875, 16890, 16915, 16931, 16950, 16960, 17074, 17190, 17361, 17385, 17493]",MSigDB_Oncogenic_Signatures__MTOR UP.N4.V1 DN
MSigDB_Oncogenic_Signatures,CAMP UP.V1 UP,prerank,0.248035666170584,1.002031052430391,0.44395604395604393,0.5489645224388934,1.0,40_187,40/187,16.67%,SESN2;MT2A;DPAGT1;CEBPG;ATF4;CYBA;CRABP1;MTHFD2;SAT2;ECSIT;MYC;SELENBP1;CD74;MARS;TMED9;IFITM1;SEC61A1;HLA-DRB5;FLOT1;PDE4DIP;HSPA5;P4HB;POLR3H;IFITM3;DDX23;RPL18A;SCARB1;GMPPA;ZNF385A;FBXO42;CCDC124;TYMP;METTL17;ALDOA;IFRD1;PPP1R15A;FOS;IST1;MAEA;IL8,SESN2;MT2A;DPAGT1;CEBPG;ATF4;CYBA;CRABP1;MTHFD2;SAT2;ECSIT;MYC;SELENBP1;CD74;MARS;TMED9;IFITM1;SEC61A1;HLA-DRB5;FLOT1;PDE4DIP;HSPA5;P4HB;POLR3H;IFITM3;DDX23;RPL18A;SCARB1;GMPPA;ZNF385A;FBXO42;CCDC124;TYMP;METTL17;ALDOA;IFRD1;PPP1R15A;FOS;IST1;MAEA;IL8;AATF;GPR160;PLSCR1;RABGGTA;PMAIP1;RBCK1;WDR24;WBP1;NLRP1;GLRX;NDUFS2;SLC35A4;SLC22A17;KIAA0040;PEX12;LRR1;SIL1;NQO2;PRMT1;HAX1;CLPTM1;TMEM9;MIDN;RHOT2;ATP5G2;HSP90B1;MAGOH;LONP1;BLCAP;ARF1;DPM2;MRRF;SPOP;CCL5;AARS;WIPI1;RUVBL1;HMGB2;SEC13;COPE;IVNS1ABP;CEP250;NUAK2;SMYD5;SRPK1;PDIA3;NDRG2;RNF41;HDLBP;SLC25A11;HSPBP1;NDUFV1;MAGED1;PPIB;COPZ1;CHST5;CKMT1A;APOBEC3C;TRIM38;COX8A;AAAS;WAPAL;RCHY1;PLCH1;MRPL15;COL6A3;TFPI2;ACO2;RPN1;CHAF1A;LIMS1;UPP1;MDH2;NDEL1;CS;URM1;BSCL2;TGFBI;CNDP2;ELN;AHCYL1;KAT5;ILF2;ATP5A1;FTSJD2;TRMT61A;NME1;CPEB4;ATP1A1;ALAS1;STAT4;ANKHD1-EIF4EBP3;TMEM116;NRSN2;HSPA9;TOMM40L;NDUFB5;RAPGEF2;ATP5B;PIGS;IFIT2;OCIAD1;FAHD2A;DIP2B;STRADA;TBC1D15;TAF1D;ZBED5;SNW1;SLC25A5;PA2G4;ELMO1;KIAA0141;IPO4;MRPS18A;EARS2;MAD2L1;ZDHHC23;PRIM1;EIF2B3;ATXN7L3B;ETV5;NFX1;DAP3;PCMTD1;CLOCK;PXK;LETMD1;ZNF367;PYCR2;ANKRA2;HNRNPU;CEP41;AZIN1;WWP1;OXA1L;SSR3;COG6;TRIM2;TNIK;SDAD1;VAMP4;ACSL4;UFM1;NT5DC1;AKAP6;NSUN3,"[108, 129, 195, 257, 381, 417, 550, 723, 728, 954, 1232, 1289, 1313, 1427, 1520, 1596, 1656, 1667, 1686, 1760, 1765, 1840, 1849, 1873, 2065, 2179, 2430, 2474, 2493, 2502, 2697, 2704, 2732, 2768, 2802, 2828, 2889, 2898, 2909, 2920, 3146, 3213, 3220, 3535, 3544, 3647, 3668, 3797, 3955, 4181, 4184, 4226, 4252, 4338, 4369, 4421, 4508, 4673, 4768, 4867, 5070, 5071, 5099, 5125, 5145, 5272, 5507, 5514, 5757, 6147, 6313, 6318, 6355, 6365, 6395, 6509, 6513, 6576, 6603, 6700, 6898, 6926, 6973, 6985, 7006, 7058, 7185, 7198, 7395, 7418, 7535, 7591, 7595, 7641, 7840, 7938, 7994, 8018, 8076, 8139, 8169, 8277, 8420, 8437, 8477, 8818, 8832, 8846, 9023, 9035, 9177, 9224, 9356, 9422, 9436, 9506, 9684, 9768, 9910, 9991, 10453, 10458, 10675, 10699, 10921, 10980, 11144, 11149, 11293, 11488, 11706, 11752, 11868, 11974, 12206, 12324, 12563, 12603, 12634, 12691, 12848, 13049, 13384, 13420, 13446, 13481, 13505, 13702, 13833, 13855, 13880, 13975, 13981, 14080, 14155, 14357, 14365, 14686, 14730, 14732, 14767, 14899, 14908, 15084, 15092, 15146, 15166, 15196, 15237, 15291, 15333, 15455, 15828, 15892, 15953, 15959, 16095, 16110, 16234, 16472, 16523, 16599, 16680, 16782, 16985, 17479, 17495]",MSigDB_Oncogenic_Signatures__CAMP UP.V1 UP
MSigDB_Oncogenic_Signatures,CYCLIN D1 UP.V1 DN,prerank,-0.2606709750054083,-1.0438916291382856,0.3345724907063197,0.5592435239275387,1.0,26_171,26/171,12.99%,CDKL5;ATR;AKAP6;TFCP2;HERC1;ANK3;CBLN1;BRAF;USP9X;EML1;CAMK4;WDR67;TIA1;PRKCQ;KRT5;INHBA;PDCD2;CYP24A1;YLPM1;ZNF266;NOS1;LAMB1;SCAF11;IGF1;GUCY2C;PTPN4,MT1F;CXCR4;MYO1F;VASP;TXLNA;PCK1;S100A4;PAFAH1B3;PBXIP1;AGER;GAL;BTG1;UNG;CFB;RNASE6;IFNGR2;DNAJB4;NEDD4;HLA-DRA;PPARA;SPIB;SLC6A4;TNNT3;RBMS2;CXCR7;LMAN2;TOB2;IL7R;CAPG;WWOX;GCK;FXR2;RAB9A;MLC1;ASGR2;NTHL1;MYO1C;RXRG;FLOT2;AMBP;ACAA1;BBC3;MATK;ZNF35;CUL7;KIAA0040;MFAP3;PEPD;HRH1;EPHA1;PBX2;RGS16;NCKAP1L;HPS1;MAPK8IP2;RRS1;GNAZ;NR6A1;SULT2B1;KIF1A;ASNA1;CCR9;CASP2;EIF4G1;LILRB4;CASP9;RLBP1;GAB1;ATF7;MYL5;BAG1;ERG;TPM2;GYS1;ACAA2;WTAP;GALK1;TARBP2;TUBA4A;ATF2;RYK;BRCA2;SART3;ITGA3;ITGB6;TPM3;CLP1;RNASE4;CHRNG;ILF3;HRG;DAZL;ZNF133;ALOX5;HDAC2;EZH2;CD19;TRH;SMPD1;CHRM1;VAMP2;ROS1;COG2;PARG;POU3F1;SNAPC1;GNS;KRT17;UCP2;PSEN2;HTR1A;AP3B1;GUCY1A2;UMPS;SSTR1;GPR1;BTN2A1;SPTLC2;ALPPL2;KCNJ3;CCNG2;HPCA;ARNT;SYPL1;CAV1;NELL1;PDYN;ERCC4;SYT1;PUM2;IL1A;ACVR1;GATA1;PVALB;ATP6V1A;MPI;KLF9;PAFAH1B2;MYL9;KIAA0141;NNT;TPD52;PPIG;MRE11A;PIK3R1;PTPN4;GUCY2C;IGF1;SCAF11;LAMB1;NOS1;ZNF266;YLPM1;CYP24A1;PDCD2;INHBA;KRT5;PRKCQ;TIA1;WDR67;CAMK4;EML1;USP9X;BRAF;CBLN1;ANK3;HERC1;TFCP2;AKAP6;ATR;CDKL5,"[55, 77, 339, 382, 558, 572, 576, 587, 692, 759, 816, 856, 940, 981, 1044, 1147, 1169, 1328, 1505, 1634, 1660, 1789, 1848, 1892, 1941, 1950, 2122, 2230, 2484, 2505, 2648, 2765, 2858, 2954, 3226, 3287, 3393, 3602, 3663, 3769, 3799, 3816, 3832, 4080, 4164, 4338, 4344, 4447, 4460, 4472, 4480, 4541, 4799, 4859, 4918, 4921, 4995, 5392, 5450, 5510, 5634, 5772, 6081, 6233, 6263, 6429, 6476, 6503, 6701, 6763, 7180, 7244, 7309, 7509, 7513, 7531, 7555, 7771, 8024, 8136, 8260, 8630, 8648, 8739, 8865, 8908, 8937, 9014, 9061, 9070, 9226, 9243, 9364, 9403, 9498, 9837, 9857, 9906, 9914, 9935, 9949, 10040, 10068, 10074, 10111, 10135, 10538, 10572, 10606, 10674, 10749, 10936, 11029, 11137, 11330, 11392, 11462, 11467, 11514, 11745, 11833, 11873, 11989, 12089, 12109, 12171, 12335, 12343, 12427, 12575, 12614, 12679, 12826, 12830, 13379, 13410, 13485, 13515, 13517, 13981, 14068, 14165, 14267, 14398, 14526, 15244, 15269, 15473, 15513, 15592, 15846, 15884, 15917, 15989, 16173, 16208, 16425, 16535, 16708, 16787, 16852, 16854, 17064, 17259, 17349, 17425, 17437, 17467, 17479, 17503, 17515]",MSigDB_Oncogenic_Signatures__CYCLIN D1 UP.V1 DN
MSigDB_Oncogenic_Signatures,KRAS.600.LUNG.BREAST UP.V1 DN,prerank,0.2389067727010079,0.9960882109098745,0.4638949671772429,0.5631231406086522,1.0,54_240,54/240,18.78%,S100A12;S100A7;GAS1;PROC;RAMP3;DTX2;INPP5D;CRABP1;COL5A3;CXCR2;LGALS9;SCARF1;ATHL1;IFT140;PTPRU;NEIL1;NINJ1;NAALADL1;FAM189A2;CYP21A2;CIITA;SELENBP1;IMPA2;CKM;CRABP2;METTL7A;RBM17;FLT1;MRPL41;ADORA3;GADD45G;MYOM2;CXCR7;PLAC8;VAV3;TBKBP1;CRYAB;OLFML2A;EMR1;RARRES2;SLC6A9;PYHIN1;MYH7;COL2A1;SLC6A3;TGM1;MXD3;DENND1C;CD248;IL18R1;PLBD1;KIF25;DEFB1;SERPING1,S100A12;S100A7;GAS1;PROC;RAMP3;DTX2;INPP5D;CRABP1;COL5A3;CXCR2;LGALS9;SCARF1;ATHL1;IFT140;PTPRU;NEIL1;NINJ1;NAALADL1;FAM189A2;CYP21A2;CIITA;SELENBP1;IMPA2;CKM;CRABP2;METTL7A;RBM17;FLT1;MRPL41;ADORA3;GADD45G;MYOM2;CXCR7;PLAC8;VAV3;TBKBP1;CRYAB;OLFML2A;EMR1;RARRES2;SLC6A9;PYHIN1;MYH7;COL2A1;SLC6A3;TGM1;MXD3;DENND1C;CD248;IL18R1;PLBD1;KIF25;DEFB1;SERPING1;GP1BA;KLRK1;EMID1;BTN3A2;RYR1;CACNA1I;BBOX1;RARRES3;KCNIP2;APC2;DGCR6L;CCDC121;FGFR3;SLC12A3;NYNRIN;SNN;BRDT;EPHX3;HTR1E;TRPM2;COBL;IGFBP2;SCN7A;KRT16;DFNB31;MEGF8;GBP2;SCGB1A1;HTR1D;SERPINA10;KRT13;DPYS;PLXND1;APOL3;ZNF750;PPFIA3;NCR3;HEPH;GBP1;HBZ;HCN2;MTHFR;TBC1D29;SOBP;DENND2D;MAST3;MAP3K1;GPRC5B;CD5;HOXB3;CHRM5;P2RX1;TEX15;DPT;TBR1;VAX2;MAP2K6;MMP28;CACNA2D3;FSCN2;GRIA1;ART1;HIST1H3A;PSORS1C1;AAAS;GP6;THBS3;BDKRB1;UPK3B;FBXO24;PRDM12;GLS2;PRODH2;HHLA1;YBX2;CXCL14;APOB;PCSK2;EPB41L4A;THAP9;DTNB;GAMT;DYRK1B;PARP3;ZSCAN2;CD6;MXRA8;RAG1;PAQR6;ZNF391;SLC30A3;IL12A;PDE6B;COL5A2;TNNI3;KCNMB2;ATP6V1B1;HRK;SELE;CA5B;SLC25A23;HTR1B;PTGFR;FGF1;CNTLN;THNSL2;ZNF343;LY6D;CYP26B1;EPHX2;SDS;PAX2;ERAP2;ANKRD1;GDNF;SERPINB13;PTPRJ;SPTBN2;PIK3C2B;FRAS1;YPEL1;NSUN6;MYOM1;RUNDC3B;DAAM2;KRT1;CREB3L1;SLC3A1;SYNDIG1;PVALB;PDE3A;TAS2R4;TRIM58;GABRA4;MYL9;GALNT8;CLCA2;IL12RB2;TNFSF10;IL5RA;ELMO1;SH3GL3;PROM1;LECT2;SCN10A;CALML3;CDH12;FGGY;ADAMTS20;SIDT1;KCNMB1;TYRP1;MAML3;NEUROD1;ALDH5A1;TMEM8B;PBX1;CCDC102B;IQCG;NLGN4Y;IL5;NTF3;PVRL1;KLF8;CCDC132;NOS1;DLX6;CLDN16;ALOX12B;CALCB;TTLL1;SOX11;CPB1;KCNB1;PPFIA2;RIMS1;TRIM9;KIAA1456;ADD2;NOX5;IFI44L;RTP4;COL19A1;ENTPD5;CD36;AKAP6,"[37, 235, 310, 364, 378, 403, 448, 550, 660, 680, 718, 739, 749, 797, 857, 899, 932, 956, 1012, 1077, 1218, 1289, 1295, 1419, 1490, 1503, 1516, 1534, 1624, 1629, 1669, 1780, 1941, 1971, 2050, 2100, 2111, 2244, 2331, 2452, 2569, 2633, 2695, 2752, 2789, 2870, 2903, 2993, 3050, 3123, 3210, 3236, 3286, 3289, 3373, 3412, 3540, 3670, 3704, 3829, 4071, 4103, 4106, 4159, 4162, 4259, 4371, 4461, 4479, 4504, 4652, 4692, 4721, 4738, 4807, 4812, 4973, 5146, 5155, 5179, 5440, 5545, 5643, 5650, 5682, 5794, 5795, 5809, 5867, 6134, 6362, 6400, 6521, 6646, 6692, 6721, 6760, 6840, 6846, 7038, 7054, 7106, 7134, 7140, 7448, 7455, 7491, 7501, 7507, 7529, 7672, 7744, 7784, 7915, 8002, 8067, 8116, 8165, 8169, 8202, 8282, 8507, 8594, 8634, 8737, 8917, 8983, 9003, 9156, 9270, 9399, 9409, 9465, 9529, 9577, 9819, 9901, 9971, 10097, 10125, 10161, 10241, 10267, 10332, 10367, 10432, 10548, 10693, 11027, 11070, 11176, 11201, 11222, 11226, 11236, 11252, 11263, 11280, 11292, 11376, 11393, 11531, 11581, 11584, 11605, 11698, 11838, 11940, 12063, 12116, 12148, 12210, 12233, 12257, 12300, 12350, 12609, 12730, 12746, 12750, 12752, 12814, 12820, 12830, 13044, 13200, 13322, 13516, 13517, 13634, 13774, 13865, 13874, 13885, 13975, 14062, 14117, 14156, 14233, 14316, 14348, 14550, 14565, 14715, 14747, 14819, 14918, 14937, 14947, 14992, 15130, 15199, 15219, 15262, 15390, 15460, 15463, 15505, 15746, 15846, 15982, 16187, 16212, 16218, 16238, 16271, 16385, 16390, 16420, 16492, 16617, 16687, 16769, 16834, 16902, 17079, 17091, 17366, 17434, 17479]",MSigDB_Oncogenic_Signatures__KRAS.600.LUNG.BREAST UP.V1 DN
MSigDB_Oncogenic_Signatures,GLI1 UP.V1 UP,prerank,0.3458547455446308,0.9899015074293528,0.4353448275862069,0.5780855913913276,1.0,8_25,8/25,17.62%,PTH1R;IGJ;IGFBP6;ZC3H18;STAU1;PPT2;TMOD3;YBX1,PTH1R;IGJ;IGFBP6;ZC3H18;STAU1;PPT2;TMOD3;YBX1;PRKD3;WEE1;POFUT2;PLXNA2;HLA-DQB1;CSGALNACT1;SGTA;ZBTB16;TXNDC12;LMO7;CCND2;FEM1A;M6PR;TRIM23;IFT74;SAR1A;PPAPDC2,"[218, 356, 1605, 1791, 2516, 2733, 2941, 3086, 3671, 4251, 5465, 5561, 5810, 6238, 6999, 7188, 9042, 11855, 12887, 13190, 13779, 14366, 15947, 16428, 16871]",MSigDB_Oncogenic_Signatures__GLI1 UP.V1 UP
MSigDB_Oncogenic_Signatures,STK33 SKM DN,prerank,0.23688469507576007,0.9836008150723462,0.512249443207127,0.5800616910269824,1.0,36_235,36/235,10.84%,ANPEP;RSAD1;SLPI;DDIT4L;ANKLE1;TPD52L1;STC2;PCBD1;PDGFRL;BACE2;NFE2;TEAD4;CDA;LILRA2;CHPT1;CXCL16;NID1;SLC43A1;FAM46C;PODXL;LEPREL4;PSPH;BCL2;ACOX2;GPR84;PARP16;ID3;RANGRF;PYROXD2;SPIB;FAM117B;CARS2;PPP1R3C;PCGF2;CRIP2;BPI,ANPEP;RSAD1;SLPI;DDIT4L;ANKLE1;TPD52L1;STC2;PCBD1;PDGFRL;BACE2;NFE2;TEAD4;CDA;LILRA2;CHPT1;CXCL16;NID1;SLC43A1;FAM46C;PODXL;LEPREL4;PSPH;BCL2;ACOX2;GPR84;PARP16;ID3;RANGRF;PYROXD2;SPIB;FAM117B;CARS2;PPP1R3C;PCGF2;CRIP2;BPI;CCR2;PRSS50;BTLA;TONSL;ARHGEF26;KIAA1199;TRAF7;SPRY1;RPL3L;KCNN3;ACP6;KDELC1;ANKRD2;WDR18;MTG1;PRDM11;DHRS9;CRIP3;POLD2;TMEM45A;RGS16;KAAG1;MOCOS;TMEM173;PSMG4;ASNS;UAP1L1;FAM84B;OBSL1;PROK2;HMGA2;ATP8B2;TNFAIP8;YDJC;MSRB3;CCL5;CALD1;ICAM3;PRKAR2B;KLRG2;NR2F2;SYDE2;BANK1;FOXP2;ACAP1;CA8;TSPAN13;ABHD14B;MAPK14;CCDC125;GRB10;LAMB3;THBS4;TEX15;TMEM143;SETMAR;CACNA2D3;GRB14;SPNS2;TUBA4A;PDCD2L;SNTB1;EEF2K;OGDHL;PLCH1;MCTP2;SLC35F1;STK33;CAST;PFKM;MARCKS;ADCY3;FERMT1;KCNN2;CDK8;FAM65B;ALOX5;OR2W3;DZIP1;TBL1Y;TEKT2;PLS1;SV2A;CDC42EP3;SPP2;PAWR;PHACTR3;CLTCL1;BEND5;CRIM1;RAB38;N4BP2L1;FRMD5;MYO1B;STAR;AIM1;LRRK2;TMEM55A;RXFP1;AFF3;ABLIM1;GABRA5;NUDT11;GPM6B;LPAR3;ASL;SPNS3;SHISA2;ACY1;VCL;EPHX2;GAS2;JPH1;ZNF488;LRRC34;TANC2;FAM186B;OXCT2;SLC39A3;CC2D2A;TRIT1;PADI2;PWP2;FBLIM1;PCDH8;CYFIP2;SLCO4C1;GPRASP2;SYNJ2;TBC1D30;SH3BGRL2;RAB27B;ALDH1L2;TANC1;CYP4F3;SLITRK5;GABRA4;BICD1;PIK3CB;ZFP57;WDR36;BEX2;GPR37;IL12RB2;TNFSF10;SERPINB2;BMX;VKORC1L1;SH3GL3;DHRS11;TXNRD3;TPD52;MANSC1;ZNF829;MUSTN1;APBB2;ZMYM6;RAPGEF5;FAM203A;ZDHHC23;SERPINB8;MREG;TMEM144;GALNT12;SBDS;ZNF134;SCD;DPH2;GPX7;ZBED3;CYP7B1;KAZN;KIT;PROCR;PRTG;SLC6A15;SORL1;BPNT1;PFKFB1;HSD17B8;CHML;CDH7;HBA2;ELOVL6;SLC25A32;SPIN4;GBX2;SH3D19;CAMK4;NPR3;PCCB;TMEFF1;FLT3;PPM1H;POLR3B;ADAMTS5;BMP2K;LYRM7;MTR,"[149, 172, 207, 212, 213, 288, 321, 397, 456, 600, 688, 785, 815, 958, 978, 983, 998, 1004, 1073, 1091, 1174, 1219, 1238, 1301, 1387, 1405, 1413, 1456, 1654, 1660, 1668, 1695, 1733, 1786, 1816, 1898, 2082, 2459, 2517, 2543, 2562, 2817, 2926, 2949, 3040, 3048, 3141, 3338, 3422, 3522, 3776, 3802, 4302, 4339, 4374, 4400, 4541, 4568, 4598, 4659, 4693, 4899, 4964, 4983, 4993, 5193, 5446, 5604, 5744, 6025, 6227, 6365, 6568, 6610, 6764, 6797, 6803, 6866, 6877, 6903, 7079, 7152, 7224, 7277, 7304, 7335, 7360, 7368, 7386, 7491, 7642, 7755, 7784, 7810, 7863, 8024, 8069, 8201, 8245, 8254, 8437, 8667, 8685, 8778, 8821, 8947, 9000, 9021, 9093, 9188, 9311, 9344, 9403, 9424, 9438, 9636, 9689, 9734, 9759, 9763, 9788, 9998, 10011, 10041, 10060, 10072, 10152, 10198, 10305, 10409, 10420, 10593, 10661, 10792, 10840, 10951, 10960, 10979, 11019, 11057, 11119, 11228, 11329, 11380, 11398, 11575, 11584, 11650, 11675, 11687, 11695, 11872, 11878, 11918, 11949, 12145, 12258, 12268, 12382, 12397, 12418, 12542, 12713, 12774, 13003, 13123, 13219, 13238, 13264, 13291, 13350, 13376, 13516, 13540, 13676, 13713, 13724, 13740, 13846, 13865, 13874, 13879, 13982, 14010, 14062, 14074, 14142, 14165, 14185, 14206, 14315, 14428, 14561, 14567, 14630, 14686, 14793, 14810, 14948, 14994, 15025, 15124, 15398, 15454, 15468, 15491, 15679, 15694, 15737, 15775, 15800, 15808, 15971, 16034, 16062, 16329, 16377, 16392, 16398, 16478, 16570, 16627, 16648, 16822, 16852, 16939, 17008, 17052, 17194, 17235, 17242, 17321, 17338, 17419, 17470]",MSigDB_Oncogenic_Signatures__STK33 SKM DN
MSigDB_Oncogenic_Signatures,NOTCH DN.V1 UP,prerank,0.24387230006797733,0.9875774696815127,0.4692144373673036,0.5809804354904166,1.0,16_160,16/160,8.48%,HSPA1A;SLC17A9;RRAD;CNTD2;KLHL21;PROC;PPP1R13L;STARD8;S100A8;KRT18;HMOX1;ITPKC;MEFV;SETD1A;KLRD1;RDH5,HSPA1A;SLC17A9;RRAD;CNTD2;KLHL21;PROC;PPP1R13L;STARD8;S100A8;KRT18;HMOX1;ITPKC;MEFV;SETD1A;KLRD1;RDH5;CDKN1A;CTF1;RFPL1;GPR56;NEUROG3;PRSS50;GNG11;CASKIN2;SLC5A4;LEPREL2;RGS2;PPEF2;ABTB2;RNF39;ASB9;KCNK12;MTG1;ZNF671;TGFB1I1;SSH3;RAB23;NYNRIN;KCNN4;GUCA1B;CHST8;CHRNA4;GTF3C5;GRIN1;FYB;ADAP1;RPS6KA4;DHX32;ADAMTS1;NR6A1;CPA2;SLC30A10;TGFBR1;TNFSF8;CIB2;ZNF230;TMEM59L;EFNA3;ESM1;TNS1;P2RX3;CDHR2;ATP1B2;RAG2;EPN3;KSR1;CLMN;PGP;FGF16;LDOC1;RUNX2;KCNH2;FKBP9;KCND1;PAIP2B;PRKG1;MAP3K1;KLHL26;DPT;UPB1;AGXT2L1;SDPR;LHCGR;ANGPT4;RP2;DCLRE1A;IFIT1;CTDP1;PIAS3;SCTR;LMO3;BTG2;PIM2;YBX2;AMPH;CRIP1;MAP3K2;PRKACA;STAT2;BHLHB9;CPEB3;INPP1;COL4A1;RAG1;IQCC;LMAN1;CDHR1;CCNA1;TNNI3;CDKAL1;NPTXR;CA5B;SLC39A4;ZNF507;SRGAP2;PLA2G7;CDC37L1;NPTX1;ANKH;GDNF;KIF13B;SPTBN2;DGKE;HPCAL4;P2RY1;DAAM2;SYT12;NAT6;BBS10;CRYM;BARX2;NME5;DLGAP1;ANGPTL7;FGF13;FARP2;HABP4;TPPP;SLC5A1;FOXP3;WDR7;ATP8A1;CDKL1;PNPLA3;MN1;RASGRP1;TTC21B;CLDN16;CPB1;ZBBX;RANBP17;RHCE;MFSD6;CALB1;PKDREJ;FLT3;SCN8A;HHLA2;SLC9A7;DGKI,"[2, 139, 239, 331, 361, 364, 613, 638, 639, 674, 693, 970, 1190, 1196, 1325, 1485, 1714, 2253, 2267, 2351, 2375, 2459, 2472, 2694, 2874, 2957, 2984, 3144, 3321, 3359, 3517, 3760, 3776, 3777, 4073, 4292, 4458, 4479, 4563, 4633, 4752, 4827, 4873, 4890, 4906, 5054, 5082, 5101, 5129, 5392, 5444, 5505, 5624, 5653, 5781, 5803, 5878, 5941, 6036, 6093, 6174, 6192, 6196, 6247, 6273, 6359, 6417, 6555, 6665, 6748, 6841, 6843, 6849, 6984, 7028, 7044, 7054, 7459, 7501, 7561, 7624, 7689, 7700, 7876, 8063, 8105, 8187, 8251, 8362, 8540, 8766, 8882, 9063, 9156, 9183, 9221, 9404, 9427, 9534, 9565, 9700, 9848, 9975, 10241, 10265, 10266, 10481, 10863, 11027, 11110, 11175, 11226, 11349, 11399, 11439, 11738, 11836, 11865, 11901, 12063, 12122, 12210, 12283, 12457, 12524, 12746, 12928, 13169, 13209, 13417, 13536, 13629, 13657, 14021, 14173, 14184, 14236, 14551, 14588, 15494, 15539, 15652, 15756, 15827, 15912, 16013, 16019, 16187, 16385, 16547, 16593, 16802, 16818, 16968, 17181, 17194, 17340, 17397, 17452, 17466]",MSigDB_Oncogenic_Signatures__NOTCH DN.V1 UP
MSigDB_Oncogenic_Signatures,IL2 UP.V1 DN,prerank,0.24825697557896054,0.986172631292076,0.47890295358649787,0.5810661931947413,1.0,35_163,35/163,17.86%,PNRC1;CNTD2;IGJ;CLEC2B;GOLPH3L;TG;CEL;FCGR2A;IL18;CXCR2;PBXIP1;SLA;EFNA4;FZD2;AIRE;UNC93B1;PLCD1;METTL7A;HIST1H3C;SARNP;TNNT3;RNASE2;CD34;SESN1;CD160;DLEC1;RIN2;VILL;RASL12;RGS2;RPL3L;COLQ;ZNF408;BTN3A3;GALR3,PNRC1;CNTD2;IGJ;CLEC2B;GOLPH3L;TG;CEL;FCGR2A;IL18;CXCR2;PBXIP1;SLA;EFNA4;FZD2;AIRE;UNC93B1;PLCD1;METTL7A;HIST1H3C;SARNP;TNNT3;RNASE2;CD34;SESN1;CD160;DLEC1;RIN2;VILL;RASL12;RGS2;RPL3L;COLQ;ZNF408;BTN3A3;GALR3;PLEK;MYCT1;SNPH;HBP1;CCDC81;ZNF571;MAB21L2;NDOR1;SULT1B1;HDAC5;PCSK5;TNS3;RABEP2;GPX2;LRRC37A;ZNF230;NR1I2;FAM124B;CNR2;ZNF446;SSTR5;TTC23;CYP46A1;ARHGAP6;TXNIP;SEC14L2;SLC17A5;KLHDC8A;PIK3R3;SCN3A;PRKG1;KIAA1462;HIST1H2AG;TNFAIP2;TRIB2;SNAI2;FAM110B;TMEM19;MAP2K6;HHIPL2;TEK;GDF5;KCNS1;CCDC64;KIAA0319L;ZNF695;ATP2C2;CDKN1C;PLCH1;TAGLN3;TSPAN7;ALG12;GPRC5D;H2AFY2;SDCCAG8;EYA1;TMEM140;CAMK1G;ASPHD1;CD72;NACAD;ACPP;ZNF391;PDE6B;CACNG3;CUX2;GUCY1A2;PLCL1;H2AFJ;ZNF362;TCEAL4;INHA;WDR52;NAP1L2;CCNG2;PDCD4;TANC2;FZD3;IL25;BTN3A1;PPP2R5C;CACNA1E;ERC2;SYT1;PDE1C;TRPM1;RASGRP3;THAP10;RORB;EVI2A;A4GNT;PRSS16;ARNT2;POU2AF1;ARL4C;NUAK1;DEPTOR;WSCD2;TGM3;RHOBTB1;PROM1;CHGB;LRP2BP;MYLK;ABCD2;PBX1;SLN;KDM5D;AGBL2;CHRNB4;ZSCAN16;ZNF629;PLA2G4C;EHHADH;DDX58;HTR2B;HKDC1;CLDN16;SCHIP1;MAGI2;FUT9;HSF2BP;SLC24A1;UTY;SEMA6D;FLT3;PAK3;CBLN1,"[85, 331, 356, 389, 493, 504, 508, 648, 662, 680, 692, 778, 795, 841, 847, 1101, 1474, 1503, 1805, 1828, 1848, 1937, 2142, 2306, 2405, 2426, 2619, 2775, 2777, 2984, 3040, 3087, 3090, 3109, 3128, 3296, 3441, 3786, 3903, 4040, 4187, 4328, 4376, 4409, 4646, 4943, 4975, 5196, 5584, 5694, 5803, 6022, 6050, 6160, 6328, 6368, 6428, 6441, 6468, 6506, 6673, 6737, 6813, 6862, 6918, 7044, 7075, 7162, 7216, 7287, 7384, 7463, 7592, 7672, 7831, 7870, 7956, 7991, 8146, 8223, 8265, 8274, 8377, 8437, 8444, 8501, 8938, 8967, 9017, 9338, 9505, 9740, 9758, 9890, 10026, 10056, 10248, 10332, 10548, 10553, 10764, 11029, 11045, 11138, 11267, 11305, 11372, 11549, 11682, 11833, 11845, 11872, 12043, 12112, 12140, 12168, 12376, 12412, 12427, 12612, 12651, 12728, 12783, 12864, 12873, 13037, 13129, 13340, 13732, 13903, 13974, 13996, 14069, 14071, 14107, 14117, 14158, 14427, 14708, 15010, 15130, 15144, 15238, 15283, 15573, 15615, 15820, 15948, 15973, 15992, 16026, 16097, 16187, 16288, 16331, 16417, 16607, 17125, 17177, 17186, 17194, 17241, 17349]",MSigDB_Oncogenic_Signatures__IL2 UP.V1 DN
MSigDB_Oncogenic_Signatures,IL21 UP.V1 UP,prerank,0.2471668240777374,0.9836383924766924,0.47717842323651455,0.5844496822244956,1.0,40_165,40/165,20.63%,TPST2;DNASE1L2;MPZ;PTH1R;CFD;CLDN7;SLC7A5;NR1H3;SERPINC1;ZC3H12A;BCL6;PIM1;CLDN6;LAMP3;MUC1;LIF;MMP25;RDH5;FAM107A;FOXD2;PYGM;ARG1;LYL1;GIPR;SCNN1A;PRSS50;CPA4;AMN;LEPREL2;CDH5;DPYSL4;CBL;LAG3;TRMU;CD79B;CAPN10;ST6GALNAC2;TEAD3;MFSD7;HOXB2,TPST2;DNASE1L2;MPZ;PTH1R;CFD;CLDN7;SLC7A5;NR1H3;SERPINC1;ZC3H12A;BCL6;PIM1;CLDN6;LAMP3;MUC1;LIF;MMP25;RDH5;FAM107A;FOXD2;PYGM;ARG1;LYL1;GIPR;SCNN1A;PRSS50;CPA4;AMN;LEPREL2;CDH5;DPYSL4;CBL;LAG3;TRMU;CD79B;CAPN10;ST6GALNAC2;TEAD3;MFSD7;HOXB2;ALDH4A1;TLR6;IL18RAP;P2RY14;BOK;TP53AIP1;USP2;BAIAP3;VDR;MARCH2;CT62;FUZ;SLC29A2;ECM1;MAFK;MYH4;LEFTY1;CYP27A1;KIF21B;SPG20;SMPX;AIM2;ZNF76;SPP1;LILRB4;CHI3L1;PPAP2C;MVD;OPRL1;PTPRN;DGKG;ARHGAP22;PAIP2B;HIST1H1E;COL15A1;SCN9A;ROR2;S100A1;FOSB;SPARCL1;PUS7L;ABCC8;AGMAT;SEMA7A;RPP25;PCDHB13;PIM2;ELOVL4;TLR3;CLSTN3;HEG1;NMBR;DYRK1B;GABRB3;SPINT1;GPR176;CD6;PAQR6;SLC12A8;ABCA6;FA2H;OLFM1;ZNF345;NUDT11;ITIH4;KCNC3;SLCO5A1;TPBG;UGT8;NOS2;PLA2G7;ABCB11;CASC1;TF;GUCY1B3;CDH3;PCSK7;SPRY4;ST8SIA3;GDF9;VSNL1;AGAP2;NDRG4;MYOZ3;AATK;GPR85;BET1L;SLCO1A2;NKX2-8;C6;GRIN2A;EHF;PTX3;MGC4294;ARHGAP32;NKG7;PTPRO;GNAL;XPNPEP2;MYOZ1;HABP4;PCDHA5;TSHR;ZNF749;ANKRD7;CXCL12;IQCG;GRIA4;RSAD2;PRR4;IBSP;ZIC4;DIRAS3;TBC1D19;DLX6;MYH15;SLC28A2;CNNM4;OXNAD1;CCKAR;EGR2;SST;HTR4;SCN8A;FAT2,"[163, 166, 186, 218, 280, 300, 312, 444, 470, 480, 489, 858, 864, 1163, 1180, 1188, 1399, 1485, 1631, 1889, 1918, 2020, 2171, 2424, 2441, 2459, 2637, 2779, 2957, 2999, 3016, 3071, 3277, 3323, 3339, 3488, 3498, 3547, 3583, 3613, 3735, 3775, 3895, 4593, 4634, 4724, 4765, 4815, 4946, 5019, 5137, 5190, 5205, 5366, 5461, 5575, 5642, 5688, 5723, 5738, 5912, 5965, 5979, 6253, 6263, 6323, 6448, 6482, 6582, 6598, 6896, 6987, 7028, 7089, 7382, 7637, 7746, 7779, 7855, 7967, 8490, 8504, 8552, 8591, 8803, 8935, 9063, 9272, 9420, 9643, 9721, 9749, 9901, 9903, 10018, 10087, 10125, 10267, 10564, 10623, 10678, 10742, 10984, 11019, 11047, 11145, 11183, 11460, 11563, 11576, 11738, 11763, 11960, 11964, 12015, 12052, 12070, 12130, 12152, 12163, 12175, 12200, 12255, 12394, 12423, 12585, 12670, 12776, 12888, 13010, 13106, 13183, 13208, 13248, 13272, 13309, 13395, 13591, 13817, 14104, 14236, 14811, 14895, 15004, 15107, 15207, 15219, 15384, 15449, 15571, 15643, 15767, 15780, 15975, 15982, 16220, 16269, 16290, 16379, 16872, 16961, 17040, 17206, 17340, 17517]",MSigDB_Oncogenic_Signatures__IL21 UP.V1 UP
MSigDB_Oncogenic_Signatures,CYCLIN D1 KE .V1 DN,prerank,-0.25540765965209977,-1.0158241693446386,0.4075471698113208,0.6315532710484143,1.0,23_171,23/171,9.55%,DAO;PENK;AKAP6;TFCP2;ALDH1A1;CFTR;ZNF132;GART;TUBA1A;ACTN2;EML1;CAMK4;DNM1L;UBE3A;PCP4;PRKCQ;KRT5;GRIN2B;PDCD2;IFIT3;CYP24A1;YLPM1;NOS1,GPSM3;TCIRG1;PTH1R;FES;MYO1F;PROC;TXLNA;PCK1;PAFAH1B3;CD37;UNG;CFB;INHBB;C1QB;RNASE6;DNAJB4;NEDD4;TAZ;GYPC;FLT1;PTCRA;GJA1;SPIB;OXT;DPF1;ARL4A;TNNT3;ADH1B;CXCR7;MXI1;TOB2;IL7R;CXCL3;CAPG;CD53;ERBB2;CD14;TESK1;FXR2;KCNJ8;GYPA;RXRG;TCEA2;NKX3-1;MATK;ZNF35;KIAA0040;PEPD;EPHA1;PBX2;NCKAP1L;MAPK4;NTSR1;GNAZ;IL1R1;BNIP2;NR6A1;TMSB15A;KIF1A;KRT13;PIP4K2B;ALK;POU2F2;LILRB4;MC1R;RLBP1;GAB1;FCER2;ATF7;MYL5;NPAS1;BAG1;RRP1B;HPN;RIT2;DRD4;SLC25A11;ALPL;WTAP;A2M;TARBP2;FKBP3;PLCG2;GRIA1;TUBA4A;ATF2;CRMP1;MX1;PIP4K2A;BET1;ILF3;LIMS1;HRG;DAZL;EYA1;HPX;PGM5;ADD3;DIO2;ADARB1;VAMP2;LRMP;ROS1;COG2;PDE6H;POU3F1;GALT;ATP2B3;KRT17;UCP2;IFNAR1;CD27;PSG3;SOX3;F3;ANGPT1;ATP6V1B1;SPTLC2;ALPPL2;SALL2;VCAM1;CNGB1;ARNT;CAV1;NELL1;MS4A1;PDYN;GATA1;PVALB;COL3A1;DSG1;MPI;KLF9;MAG;KIAA0141;CHRNB2;CHD8;PRKG2;NNT;TGM3;PPIG;RAB5B;PIK3R1;RAPGEF5;ACTC1;CXCL12;DNAH3;PSME4;NOS1;YLPM1;CYP24A1;IFIT3;PDCD2;GRIN2B;KRT5;PRKCQ;PCP4;UBE3A;DNM1L;CAMK4;EML1;ACTN2;TUBA1A;GART;ZNF132;CFTR;ALDH1A1;TFCP2;AKAP6;PENK;DAO,"[72, 208, 218, 329, 339, 364, 558, 572, 587, 617, 940, 981, 1020, 1031, 1044, 1169, 1328, 1338, 1383, 1534, 1559, 1579, 1660, 1666, 1679, 1751, 1848, 1865, 1941, 1986, 2122, 2230, 2258, 2484, 2531, 2593, 2611, 2642, 2765, 2848, 2930, 3602, 3672, 3726, 3832, 4080, 4338, 4447, 4472, 4480, 4799, 4801, 4971, 4995, 5151, 5309, 5392, 5472, 5510, 5682, 5956, 5957, 6013, 6263, 6421, 6476, 6503, 6557, 6701, 6763, 6863, 7180, 7255, 7279, 7394, 7398, 7418, 7488, 7531, 7770, 7771, 7814, 7982, 8002, 8024, 8136, 8192, 8348, 8806, 8878, 9070, 9177, 9226, 9243, 9505, 9617, 9743, 9836, 9847, 9852, 9949, 10007, 10040, 10068, 10075, 10111, 10199, 10514, 10572, 10606, 10611, 10630, 10677, 10947, 11051, 11065, 11176, 11467, 11514, 11592, 11751, 11893, 11989, 12109, 12171, 12319, 12335, 12826, 12830, 12899, 13365, 13410, 13485, 13761, 13981, 14006, 14047, 14050, 14068, 14071, 14267, 14289, 14526, 14567, 14935, 15207, 15253, 15553, 15846, 15917, 15989, 16042, 16173, 16281, 16425, 16535, 16559, 16756, 16779, 16852, 16854, 17020, 17082, 17114, 17185, 17252, 17443, 17467, 17479, 17492, 17498]",MSigDB_Oncogenic_Signatures__CYCLIN D1 KE .V1 DN
MSigDB_Oncogenic_Signatures,E2F1 UP.V1 UP,prerank,0.23875667906056194,0.963360975116499,0.5214592274678111,0.6400461078008579,1.0,36_180,36/180,16.54%,CASP7;HSPB2;KLHL21;FRAT2;MTSS1L;CYBA;SDCCAG3;ART3;USF2;MCM10;PTPRU;PIM1;BCL2;MED20;PARP16;VEGFA;KANK3;DNA2;THOP1;RHBDL3;SRSF4;MXI1;SLC7A1;NOP56;HDGFRP2;ZSWIM7;ARHGAP39;PRADC1;USP39;MAP3K3;SGOL1;FMNL3;CRYZ;SOCS2;PACS1;NBL1,CASP7;HSPB2;KLHL21;FRAT2;MTSS1L;CYBA;SDCCAG3;ART3;USF2;MCM10;PTPRU;PIM1;BCL2;MED20;PARP16;VEGFA;KANK3;DNA2;THOP1;RHBDL3;SRSF4;MXI1;SLC7A1;NOP56;HDGFRP2;ZSWIM7;ARHGAP39;PRADC1;USP39;MAP3K3;SGOL1;FMNL3;CRYZ;SOCS2;PACS1;NBL1;VPS37B;SIRPA;PPM1M;HES1;ATP5D;MPG;ADIPOR2;SLC9A3R1;KIFC1;RELL1;KRT72;RND2;AURKB;EFNB2;UBE2T;MFI2;GRWD1;CNIH2;PTPN21;BOK;VPREB3;TK1;CLN6;ITSN1;TOP2A;DNAJC2;RBM15;TAF6;SLBP;ERCC2;GPR19;LPIN2;ARHGEF1;PHF12;VPRBP;PITPNM1;ADA;RDH13;TYRO3;CDV3;PIGA;IVNS1ABP;INO80E;ADCY6;TLX2;PAIP2B;SMAD1;RRP1B;EVL;MAPK14;TPM2;MAP3K11;FAM60A;TLE4;CAD;UBR2;HSPBP1;PKP4;TRAF3;SLC35E1;NCAPH;EIF6;ELAVL1;E2F8;UBN1;BRCA2;PIP4K2A;STIL;RBM22;PBX3;ZFPM1;CDR2L;NDUFAF4;RB1;BUB1;PARP1;DNAJC21;ELANE;EZH2;POLA2;TAF9;MRPL46;INO80C;SSX2IP;FNBP1;CDK5R1;LMNB1;ARHGAP8;DCTPP1;ARF3;DLX1;GPN2;MASP1;DBF4;NUP43;TFAM;NAB1;NASP;GRSF1;BOLA3;CCRN4L;PRC1;USP10;SLC20A1;NOLC1;KPNA3;UQCC;DDB1;DFNA5;CHAF1B;TPD52;SPEF1;CHEK1;CAPRIN2;E2F3;CNOT7;HMGB3;FEN1;PSME3;SHBG;LARP4B;TRNT1;UPK2;ERMP1;TBP;GATA6;UCK2;DDX46;KIF2A;SMC2;CSTF2;TINF2;RRM1;MCM4;FANCM;WRN;MSH3;KPNA1;DMBT1;GUF1;TYMS;WBP11;WDHD1;PLK4,"[112, 298, 361, 388, 409, 417, 473, 518, 700, 843, 857, 858, 1238, 1316, 1405, 1439, 1623, 1690, 1691, 1794, 1916, 1986, 2037, 2049, 2354, 2413, 2422, 2483, 2498, 2656, 2657, 2687, 2780, 2811, 2856, 2896, 3063, 3184, 3222, 3383, 3455, 3639, 3692, 3738, 3897, 3988, 4127, 4135, 4224, 4454, 4467, 4483, 4539, 4565, 4577, 4634, 4643, 4874, 4962, 5037, 5039, 5090, 5169, 5501, 5569, 5609, 5702, 5918, 5981, 6008, 6090, 6113, 6139, 6259, 6772, 6817, 6872, 6898, 6900, 6958, 6980, 7028, 7143, 7255, 7283, 7304, 7309, 7357, 7400, 7431, 7457, 7523, 7535, 7680, 7749, 7765, 7972, 8000, 8106, 8154, 8521, 8630, 8806, 8840, 9120, 9195, 9318, 9343, 9466, 9620, 9690, 9697, 9705, 9713, 9837, 9889, 10023, 10035, 10079, 10102, 10211, 10324, 10489, 10769, 11258, 11621, 11874, 11933, 12028, 12067, 12077, 12226, 12337, 12374, 12597, 12998, 13482, 13566, 13738, 13742, 13753, 13887, 13926, 14043, 14081, 14111, 14165, 14331, 14334, 14413, 14549, 14624, 14632, 14856, 14933, 15155, 15210, 15380, 15637, 15677, 15689, 15710, 15781, 15870, 15905, 16090, 16102, 16109, 16148, 16190, 16299, 16497, 16504, 16527, 16749, 16770, 16776, 16849, 16881, 17310]",MSigDB_Oncogenic_Signatures__E2F1 UP.V1 UP
MSigDB_Oncogenic_Signatures,KRAS.300 UP.V1 UP,prerank,0.25250947063102563,0.9614856562580364,0.5615866388308977,0.6415392955162322,1.0,15_122,15/122,10.53%,G0S2;GPR4;ETV4;ANPEP;PPBP;CEL;STC1;ITGB2;MAP4K1;ANGPTL4;RDH5;ADAM8;CSF3;RETN;KIF5A,G0S2;GPR4;ETV4;ANPEP;PPBP;CEL;STC1;ITGB2;MAP4K1;ANGPTL4;RDH5;ADAM8;CSF3;RETN;KIF5A;DNAJA4;CXCL3;FAM155B;ST3GAL6;DBH;KCNK7;TFPI;APOD;WNT7A;SLC25A31;CXCL5;CHGA;ATP1A2;GLRX;LILRA6;DHRS9;IL1RL1;SIGLEC15;TAPT1;CTNNA2;PDE2A;MMP11;GPR19;CDR1;SMPX;SPP1;ARHGAP24;SPRY2;KCNH2;GLDC;SCN1B;HPN;TRIB2;A2M;FNDC8;LMO3;SEMA3A;HEY1;MKRN3;NOL4;GABRA3;HTR7;RBP4;BEX1;MCF2;LRCH1;SNAP91;MAPK10;CDK5R1;APOBEC3G;KIF5C;HSD11B1;FABP3;ITGBL1;USH1C;CEACAM1;SLCO5A1;RTN1;NAP1L2;ASTN1;FGF9;NRCAM;ERC2;PCDH8;SYT1;ADAM19;RRAGD;SCG5;EVI2A;SCG3;TERT;GRIN2A;PTX3;SNAP25;GABRA1;NME5;HAS2;KCNK10;ZNF528;ANO1;TOX3;CHGB;TRIM36;RNASE1;SCN2A;DDX6;DYNC1I1;ETV5;DCBLD2;NTM;ITGA2;SLC6A15;DUSP6;ETV1;SORL1;DOCK4;IL13RA2;RELN;RCAN2;PCP4;PEG3;DNM3;CLUL1;CALB1;NAV3;EFCAB6;ANK3,"[1, 51, 69, 149, 294, 508, 634, 902, 993, 1365, 1485, 1533, 1776, 1835, 1843, 2067, 2258, 2479, 2797, 2906, 2966, 3378, 3557, 3834, 3871, 3891, 3971, 4012, 4181, 4233, 4302, 4810, 4828, 5339, 5369, 5434, 5605, 5702, 5786, 5912, 6253, 6305, 6637, 6843, 6950, 7178, 7279, 7287, 7770, 7854, 8766, 8858, 8866, 8877, 8950, 8974, 9170, 9547, 9738, 9919, 10164, 10186, 10309, 10324, 10385, 10618, 10667, 10707, 10842, 10869, 11025, 11183, 11186, 11682, 11777, 12107, 12401, 12412, 12418, 12427, 12717, 12842, 12854, 12873, 12882, 13041, 13106, 13208, 13308, 13541, 13629, 13898, 14037, 14129, 14132, 14137, 14158, 14180, 14461, 14513, 14776, 14785, 14899, 15459, 15469, 15635, 15808, 15916, 15928, 15971, 16312, 16321, 16364, 16461, 16559, 16633, 16878, 16945, 16968, 17240, 17318, 17425]",MSigDB_Oncogenic_Signatures__KRAS.300 UP.V1 UP
MSigDB_Oncogenic_Signatures,CAMP UP.V1 DN,prerank,-0.24830877327122908,-1.0029598649923146,0.44649446494464945,0.6508643687509884,1.0,33_193,33/193,14.39%,TARBP1;TRPC1;MFN1;PAK3;EPB41L3;PCYOX1L;SYT11;PLS3;MTMR9;THSD7A;PCLO;PTPRD;ATP9A;EIF4E;SRRM1;UNC79;LMBR1;FRY;BACE1;RALGAPA1;FUT8;MAP2;SVEP1;SEPT7;ATP8A1;SERINC1;ATL1;NTM;MYO5B;DST;MED4;RWDD2B;AKT3,HSPA1A;CASP7;DEDD2;RRAD;GEM;MS4A6A;IL4R;EZR;LTA;SLC2A3;HSP90AA1;DNAJA1;SNRPA;SLC13A4;NFATC2;RERE;BIRC3;IL7R;FAM189B;CD160;SLC15A2;DYNLL1;PALLD;IGFBP5;NFKB1;PFKFB4;CHST2;PLEK;GNG12;TSC22D1;ARHGAP5;SMARCC1;ZFP36;RPL7;FSTL1;PTPRC;RAB31;TUBB4B;UBTF;DPYSL3;NYNRIN;ID2;SNN;KCNN4;FAM134C;NCF2;ZCCHC14;RGS1;MYO15B;IQCK;ITSN1;UBE2E2;RGS18;CLK1;NPEPPS;CCR9;DAG1;CHST15;NDRG1;ANXA1;TMBIM1;FOXN3;DLG5;PRDM8;GAL3ST3;PELI1;BAG6;ATP2B4;CAPN12;CD83;TMEM97;AKAP12;LRRFIP1;BCR;NAP1L1;MAP4K4;HINT1;PINK1;ST13;PES1;SEL1L3;FOSB;HSPA8;ETS2;TUBA4A;ESYT1;UBE2QL1;ZMIZ1;JARID2;MBD2;SPOCK2;HENMT1;ENO2;USP36;KLHDC4;UBTD2;MPZL3;TMSB4X;TUBB2B;DDAH1;SLC17A7;ITPA;PGBD3;SH3PXD2A;CELF2;RASD2;TIMP2;BSN;RAP2A;USP38;PRDM1;AK5;GLS;GNAQ;TTYH3;STXBP1;DCAF6;ARHGEF12;ABLIM1;NUDT11;PHLDB1;TUBB3;SEPT11;GLO1;ASAP2;NAP1L2;PKIA;PAEP;EIF4B;TANC2;SYPL1;NDRG4;BACH2;KBTBD11;MYH10;ERC2;ATP2B1;MAPK1;OAT;TMEM98;SCG5;INSIG1;CCND2;TJP1;RNF138;SLC35E2;TLN2;BCL2L13;ACAT2;ANKRD6;SERPINB2;CAMK2D;PAM;CDCA7L;TSPAN5;SRSF2;BZW1;ME1;IDS;CALM1;AKT3;RWDD2B;MED4;DST;MYO5B;NTM;ATL1;SERINC1;ATP8A1;SEPT7;SVEP1;MAP2;FUT8;RALGAPA1;BACE1;FRY;LMBR1;UNC79;SRRM1;EIF4E;ATP9A;PTPRD;PCLO;THSD7A;MTMR9;PLS3;SYT11;PCYOX1L;EPB41L3;PAK3;MFN1;TRPC1;TARBP1,"[2, 112, 158, 239, 323, 385, 462, 507, 631, 833, 876, 1024, 1030, 1192, 1367, 1640, 1994, 2230, 2316, 2405, 2495, 2497, 2741, 2746, 2835, 3002, 3162, 3296, 3370, 3531, 3679, 3733, 3755, 3887, 3983, 3989, 4054, 4115, 4396, 4457, 4479, 4494, 4504, 4563, 4718, 4720, 4782, 4861, 4883, 5004, 5037, 5038, 5310, 5648, 5662, 5772, 5871, 6099, 6152, 6173, 6222, 6260, 6262, 6401, 6423, 6537, 6613, 6626, 6644, 6724, 6818, 6959, 6976, 7004, 7021, 7148, 7246, 7359, 7462, 7735, 7824, 7855, 7879, 7937, 8024, 8043, 8279, 8299, 8370, 8398, 8470, 8651, 8715, 8920, 8923, 9137, 9146, 9219, 9546, 9627, 9653, 9657, 9943, 9963, 9974, 10090, 10271, 10293, 10369, 10383, 10431, 10632, 10680, 10758, 10784, 10837, 10865, 10898, 10960, 11019, 11333, 11364, 11395, 11537, 11638, 11682, 11726, 11773, 11807, 11872, 12089, 12255, 12303, 12356, 12400, 12412, 12581, 12772, 12779, 12834, 12854, 12857, 12887, 12926, 13051, 13064, 13068, 13547, 13813, 13862, 13879, 13938, 13976, 14040, 14191, 14385, 14397, 14484, 14660, 14779, 14998, 15085, 15230, 15239, 15331, 15469, 15562, 15583, 15652, 15733, 15874, 15965, 16183, 16374, 16494, 16588, 16592, 16715, 16723, 16760, 16806, 16923, 16957, 16977, 17111, 17135, 17137, 17208, 17221, 17241, 17377, 17384, 17389]",MSigDB_Oncogenic_Signatures__CAMP UP.V1 DN
MSigDB_Oncogenic_Signatures,CSR LATE UP.V1 DN,prerank,0.23851227231892247,0.9542990193383126,0.5701559020044543,0.6588643856377057,1.0,33_152,33/152,14.54%,GAS1;TSC22D3;SLC25A1;TBC1D2B;MAMDC2;MOB3C;LPIN1;TSKU;POR;PGF;IGDCC4;KIAA0930;GYPC;TMEM119;PLCD1;ACVRL1;HHEX;GAS6;PYROXD2;CMBL;DRAM1;VAMP5;CCL2;CTSF;MXD4;CFH;ADORA2B;OLFML2A;DDB2;ROBO3;IRS2;TRIM22;QPRT,GAS1;TSC22D3;SLC25A1;TBC1D2B;MAMDC2;MOB3C;LPIN1;TSKU;POR;PGF;IGDCC4;KIAA0930;GYPC;TMEM119;PLCD1;ACVRL1;HHEX;GAS6;PYROXD2;CMBL;DRAM1;VAMP5;CCL2;CTSF;MXD4;CFH;ADORA2B;OLFML2A;DDB2;ROBO3;IRS2;TRIM22;QPRT;IGBP1;UBE2L6;GLI3;TNXB;CHST2;SFTPB;BTBD19;EBP;OAF;RARRES3;MLLT6;LSS;DHCR7;COL8A2;NYNRIN;IL1B;LDLR;KLHL29;LRIG1;ASS1;ECH1;MRGPRF;MAMLD1;EPHB6;APOL3;FAM131C;GSN;SLC22A18;TP53INP1;BCL10;FDFT1;BACH1;MVD;CALD1;DENND2A;FDXR;PRKG1;NOV;ITGB8;XAF1;PRRT2;FADS2;SDPR;FTH1;L1CAM;BAI2;SUMF1;TRERF1;SNTB1;TOX;NFKBIE;BTG2;GLT8D2;CLEC3B;SOD2;DYRK1B;FDPS;KIAA1598;GFRA1;ABCA6;MSMO1;CDC42EP2;CCRL1;ANKRD29;LPAR3;MAN1A1;SAMD5;PRSS12;TSPAN9;KIAA1147;ACCS;DDX60L;FIBIN;PDP1;LONRF1;CHL1;DAAM2;INSIG1;DKK2;SNX18;RASSF2;PAMR1;P2RX4;CDS2;DPP4;EPSTI1;EXOC6;F8;SCML1;HMGCR;PLEKHG4;STARD4;ME1;FGGY;PLBD2;ADAM17;PRKCI;PDE5A;GJD3;SCD;TCEAL7;ERMP1;KIT;IDI1;NBEA;SVEP1;RNLS;ANKRD33B;DYNC2LI1;RCAN2;ELOVL6;FADS1;NTN4;HMGCS1;TM7SF2;MME;SGIP1;DUSP4;ANGPTL2,"[310, 366, 768, 934, 955, 1032, 1110, 1128, 1133, 1138, 1167, 1305, 1383, 1473, 1474, 1627, 1628, 1651, 1654, 1709, 1745, 1770, 1826, 1903, 1972, 2051, 2190, 2244, 2302, 2336, 2357, 2486, 2546, 2759, 2986, 2987, 3106, 3162, 3415, 3652, 3700, 3734, 4103, 4145, 4326, 4439, 4453, 4479, 4629, 4749, 5097, 5218, 5245, 5302, 5311, 5368, 5600, 5809, 5942, 6007, 6111, 6245, 6271, 6284, 6464, 6482, 6568, 6571, 6876, 7044, 7052, 7057, 7203, 7232, 7286, 7689, 7737, 7827, 7958, 8118, 8179, 8201, 8367, 8430, 8882, 9005, 9162, 9445, 9901, 10275, 10386, 10430, 10623, 10879, 10934, 10948, 10957, 11119, 11169, 11562, 11613, 11713, 11779, 11879, 11929, 11942, 12090, 12607, 12685, 12746, 12857, 12906, 12959, 13093, 13154, 13278, 13483, 13510, 13524, 13534, 13595, 13637, 13646, 13812, 13866, 14484, 14550, 14843, 14928, 15221, 15268, 15307, 15398, 15607, 15677, 15737, 15748, 15838, 15874, 15932, 16163, 16177, 16461, 16478, 16481, 16578, 16695, 16848, 16915, 16965, 17396, 17416]",MSigDB_Oncogenic_Signatures__CSR LATE UP.V1 DN
MSigDB_Oncogenic_Signatures,EGFR UP.V1 DN,prerank,-0.2470213024198779,-0.9870331045040784,0.48114901256732495,0.6806138492491772,1.0,56_186,56/186,25.20%,ANK3;ZNF43;LTN1;IFI44L;POT1;MPDZ;TRIM24;DMXL2;PRKACB;KRIT1;IFI44;FTO;HIST1H2BF;TBL1XR1;DDX60;RASGRP1;AGL;PTBP2;BRCC3;CLK4;NDUFA5;MYB;ATF7IP;MATN2;EGR3;WIPF1;GULP1;METTL3;GALC;EPB41L2;HERC6;POLI;COL9A3;ENPP4;NRIP1;APBB2;ANGEL2;BDKRB2;SIGMAR1;TSPAN5;NET1;BDH1;NMU;PHF20;TMEM106B;KIAA0430;NCAPG2;TMEM48;RFWD3;GOLGA8A;KIF11;ALG13;PEG10;IFI6;PDZK1;HIST1H2BG,GPER;MICB;TSC22D3;CYBA;RUFY1;IGF1R;PSPH;BCL2;NME3;HIST1H1C;SMAD7;ARL4A;CXCR7;FAM50A;ASCL1;GREB1;CASP6;HIST1H2AC;TMEM187;BST2;HIST1H2BD;HSPA4L;TMPRSS3;CTSH;GTF2I;HIRA;NPY1R;LLGL2;IFI27;PRKD3;HIST1H4H;RHOBTB3;CBFA2T3;PRR7;SNX7;EFNB2;ID2;ELF5;MOCOS;DLC1;TCN1;CPE;EFHD1;TAF12;IRS1;SLC27A3;CSTA;HIST1H2BH;ZSCAN18;OSR2;ID1;ARL3;MAFB;CDKN2AIP;RCN1;HIST1H2BE;OVOL2;ARMC9;HIST1H3H;ANXA9;CELSR2;TTC39A;EPS8;HIST1H2AG;HEBP1;PGR;SGK3;GRB10;MDK;PCMTD2;HIST1H2AE;CALCR;E2F8;SGCG;PRR15L;SATB2;MEX3D;SLC39A8;SLC27A2;BTG3;MFF;RPP25;STIL;DERA;GPATCH1;CHN1;PRPF6;SH3GLB2;SLC1A1;BAZ2B;ZNF273;ADD3;EZH2;ELOVL2;ARMCX1;DTL;ELOVL5;CBR4;NUP205;CALB2;GFRA1;SSFA2;CADM1;LTBP1;KIF5C;EIF2S3;DCAF6;SOX3;ABLIM1;DNAJC12;SPTBN1;PDLIM3;MLF1IP;CYP26B1;SYCP2;KIAA1324;PDCD4;SGCB;PCYOX1;CAV1;FANCL;RNF43;ZNF107;BRIP1;WISP2;XK;DEPDC1;KIAA1467;FAM115A;INPP5F;HIST1H2BG;PDZK1;IFI6;PEG10;ALG13;KIF11;GOLGA8A;RFWD3;TMEM48;NCAPG2;KIAA0430;TMEM106B;PHF20;NMU;BDH1;NET1;TSPAN5;SIGMAR1;BDKRB2;ANGEL2;APBB2;NRIP1;ENPP4;COL9A3;POLI;HERC6;EPB41L2;GALC;METTL3;GULP1;WIPF1;EGR3;MATN2;ATF7IP;MYB;NDUFA5;CLK4;BRCC3;PTBP2;AGL;RASGRP1;DDX60;TBL1XR1;HIST1H2BF;FTO;IFI44;KRIT1;PRKACB;DMXL2;TRIM24;MPDZ;POT1;IFI44L;LTN1;ZNF43;ANK3,"[29, 152, 366, 417, 465, 486, 1219, 1238, 1299, 1601, 1659, 1751, 1941, 2009, 2116, 2183, 2212, 2286, 2352, 2419, 2489, 2521, 2794, 2919, 2937, 3092, 3215, 3365, 3603, 3671, 3772, 3858, 3915, 4047, 4260, 4454, 4494, 4523, 4598, 4657, 4772, 4846, 5000, 5042, 5115, 5203, 5233, 5431, 5565, 5665, 6042, 6378, 6394, 6496, 6597, 6628, 6704, 6848, 6850, 6859, 6895, 7069, 7145, 7162, 7165, 7328, 7351, 7360, 7550, 7911, 7914, 7973, 8154, 8212, 8345, 8399, 8503, 8529, 8654, 8730, 8802, 8803, 8840, 9122, 9374, 9383, 9472, 9533, 9755, 9779, 9789, 9836, 9837, 9838, 9892, 9948, 10117, 10131, 10174, 10422, 10430, 10459, 10496, 10550, 10618, 10791, 10865, 10947, 10960, 11155, 11161, 11501, 11502, 11581, 11583, 11806, 11845, 11880, 11973, 12109, 12124, 12395, 12436, 12449, 12480, 12678, 12791, 12815, 12874, 12930, 13104, 13107, 13124, 13155, 13216, 13279, 13289, 13348, 13402, 13574, 13612, 13680, 13837, 13858, 13915, 14067, 14191, 14235, 14242, 14298, 14428, 14451, 14597, 14609, 14640, 14641, 14689, 14728, 14762, 14807, 14990, 15206, 15263, 15395, 15452, 15506, 15591, 15605, 15651, 15777, 16013, 16028, 16035, 16040, 16182, 16309, 16415, 16466, 16505, 16520, 16682, 16684, 16902, 17171, 17193, 17425]",MSigDB_Oncogenic_Signatures__EGFR UP.V1 DN
MSigDB_Oncogenic_Signatures,KRAS.PROSTATE UP.V1 UP,prerank,0.25470671740086803,0.9441357433405739,0.5928270042194093,0.6860861276114989,1.0,25_103,25/103,15.05%,TG;CEL;ADM2;ITGB2;FOXF2;MAP4K1;FSD1;FGF22;LAPTM5;ACOX2;ANGPTL4;MLXIPL;TWIST1;NES;KLRG1;CFH;JAM2;IL7R;ZSWIM1;LMO1;IL10RA;RARRES2;THSD4;FAM155B;ABHD8,TG;CEL;ADM2;ITGB2;FOXF2;MAP4K1;FSD1;FGF22;LAPTM5;ACOX2;ANGPTL4;MLXIPL;TWIST1;NES;KLRG1;CFH;JAM2;IL7R;ZSWIM1;LMO1;IL10RA;RARRES2;THSD4;FAM155B;ABHD8;CD80;REEP2;LAIR2;TLR4;PDK4;KHDC1;LILRA6;DHRS9;CD79A;HAL;CAMK2B;FOXH1;LIN7B;CDH4;LIMD2;TUBA8;MEGF8;MMP11;TGFBR1;TNNI1;HABP2;ENG;MYRIP;ARHGAP24;VEGFC;BANK1;GRK5;MAP3K1;CBX4;MMP17;CX3CL1;DNM1;RAB40C;NOL4;ADRA1B;MYO7B;CNGB3;SLCO1C1;SLC7A4;LRCH1;IL1RL2;POPDC2;APOBEC3G;SYT5;ANKRD34C;CNTN5;FABP3;TEX12;PTPN7;MYOC;CADPS2;NXPH3;YPEL1;ZEB1;CR2;GLB1L2;AHSG;NR4A3;FEZ1;TIMP4;TPK1;ETV5;SYNPO2;KREMEN2;PLLP;INSM1;ITGA2;NBEA;HKDC1;CHRNA3;LPPR1;PCDHA2;PLCH2;CYP2R1;ZNF529;GSTCD;STRN;SV2C,"[504, 508, 793, 902, 923, 993, 1062, 1206, 1292, 1301, 1365, 1621, 1908, 2023, 2047, 2051, 2156, 2230, 2296, 2364, 2448, 2452, 2477, 2479, 2636, 3114, 3160, 3239, 3516, 3521, 3825, 4233, 4302, 4455, 4476, 4493, 4521, 4559, 4663, 4912, 5069, 5179, 5605, 5624, 5703, 5751, 5813, 5955, 6305, 6620, 6877, 6911, 7054, 7228, 7364, 7950, 8266, 8734, 8950, 9536, 9670, 9814, 9931, 10120, 10164, 10345, 10368, 10385, 10414, 10568, 10663, 10707, 11266, 11431, 11890, 12033, 12069, 12300, 12675, 12962, 13036, 13296, 13351, 13416, 14682, 14806, 14899, 14925, 15061, 15317, 15438, 15635, 15838, 16097, 16155, 16224, 16326, 16498, 16713, 17072, 17075, 17246, 17417]",MSigDB_Oncogenic_Signatures__KRAS.PROSTATE UP.V1 UP
MSigDB_Oncogenic_Signatures,PRC1 BMI UP.V1 DN,prerank,0.2335631340494311,0.9298614518386135,0.681917211328976,0.7257867611504513,1.0,28_159,28/159,16.67%,SLCO4A1;SLPI;TRABD;LIME1;S100P;RIPK4;NEIL1;CLEC4E;OSGIN1;KRI1;IRF8;MDFI;MMP25;GADD45G;KIF5A;PLEKHF1;ZNF423;BIRC3;PTCH2;HIC2;TNFAIP3;ZSWIM1;TMEM187;SERPINA3;SH2D2A;PTGDS;DPEP1;IL8,SLCO4A1;SLPI;TRABD;LIME1;S100P;RIPK4;NEIL1;CLEC4E;OSGIN1;KRI1;IRF8;MDFI;MMP25;GADD45G;KIF5A;PLEKHF1;ZNF423;BIRC3;PTCH2;HIC2;TNFAIP3;ZSWIM1;TMEM187;SERPINA3;SH2D2A;PTGDS;DPEP1;IL8;MYL3;ANKRD2;CXCL10;GMIP;AZU1;KLHL1;RGS16;MTMR8;FOXG1;ADCY8;PAX6;ERMAP;BHMT2;PDE6A;IKZF2;FPR3;FCHO1;HYAL3;FOXP1;MAFK;ARHGEF38;EDN1;EPS8L3;NR1I2;ATP1B2;PMEPA1;RBM4;ADAP2;PELI1;COLEC11;FAM153A;RFPL2;SIM2;PAIP2B;CD5;GRIN2C;ACTL8;PELI2;GRM2;OPA3;PAX5;CDADC1;DCP2;ZBTB10;CACNA2D3;TLE2;KIAA0319L;DUSP2;TSPAN7;SCTR;MADCAM1;ABCB4;ACE;EYA3;YBX2;SDCCAG8;TOR1AIP2;CDH22;GNG3;PADI4;ZNF117;DMD;CD5L;PRND;DENND5B;COL10A1;CCL8;SLC19A2;NIN;LRRC31;TNN;ANGPTL3;CDK6;LPAR3;DNAJC12;SLC1A2;NUPL1;ZNF184;THNSL2;ANKRD46;PTPN7;DEC1;CCBP2;TNNI3K;ERAP2;HSPB7;USP46;AGAP2;PCDHB12;AATK;CCNT1;GUCY1A3;MYT1;KRT1;RIC3;GATA1;CCND2;DKK2;DYM;TRPC6;PLEK2;ZNF91;MCTP1;CHD7;GABRA4;TTLL4;GALNT3;XPNPEP2;ARL4C;AMMECR1;NEUROD6;RGS6;KLHL28;SSTR4;CDK17;CNGA1;SOHLH2;IL5;NTM;FGF12;FAM76A;SLC6A15;EHHADH;CLDN16;HBA2;FAM86C1;GAD2;EGR2;COL13A1;CLDN3;LRRC8B,"[46, 207, 363, 483, 786, 866, 899, 910, 996, 1103, 1129, 1159, 1399, 1669, 1843, 1884, 1993, 1994, 2094, 2184, 2189, 2296, 2352, 2558, 2655, 2819, 2879, 2920, 3253, 3422, 3676, 3750, 4083, 4202, 4541, 4606, 4648, 4754, 4803, 4897, 4954, 5036, 5229, 5242, 5365, 5399, 5437, 5461, 5468, 5566, 5964, 6022, 6196, 6198, 6387, 6457, 6537, 6552, 6747, 6835, 6968, 7028, 7134, 7345, 7352, 7438, 7486, 7532, 7690, 7708, 7723, 7778, 7784, 8078, 8223, 8364, 8501, 8540, 8757, 8856, 8966, 9065, 9156, 9338, 9552, 9632, 10116, 10245, 10292, 10392, 10464, 10509, 10631, 10785, 10836, 10943, 10983, 11023, 11080, 11085, 11099, 11119, 11155, 11209, 11271, 11361, 11376, 11379, 11431, 11443, 11507, 11717, 11838, 11846, 12012, 12200, 12305, 12423, 12626, 12642, 12740, 12750, 12778, 12826, 12887, 12906, 12908, 12932, 13132, 13189, 13204, 13218, 13516, 13609, 13789, 13817, 13903, 13954, 14143, 14168, 14626, 14795, 15135, 15243, 15248, 15390, 15469, 15531, 15656, 15808, 15973, 16187, 16398, 16447, 16716, 16961, 17066, 17081, 17123]",MSigDB_Oncogenic_Signatures__PRC1 BMI UP.V1 DN
MSigDB_Oncogenic_Signatures,NFE2L2.V2,prerank,0.21354585832349537,0.9278344156996566,0.7555066079295154,0.7267472391767971,1.0,74_369,74/369,18.10%,KCNE4;FAM167B;JDP2;HIGD1B;NUPR1;ABCB6;CCL17;CCND3;TPD52L1;STC2;HVCN1;TNFRSF11B;HMOX1;MTHFD2;EPHX1;MCM10;CHAC1;OSGIN1;AKR1C1;TSKU;SLC47A1;LILRA5;TKT;PRR5;PHGDH;SYK;NEDD4;OSCAR;LEF1;BCAN;MARS;ABCC2;FLT1;ACVRL1;CDC45;GCNT3;CBS;RHBDL3;LCN2;SLC2A4;RFX4;CXCR7;PRSS53;AKR1B1;PTDSS2;AIFM2;RDM1;SRGN;SMG6;MAFG;AKR1C3;CFI;SPN;SLCO2B1;IDH1;NQO1;GPT2;NFE2L2;PALLD;CALCA;SQSTM1;ORC1;FTL;EMP2;CBR3;ABHD4;SHMT1;GGA2;FIGF;IL18R1;RAB42;JAKMIP3;PSAT1;SLC2A9,KCNE4;FAM167B;JDP2;HIGD1B;NUPR1;ABCB6;CCL17;CCND3;TPD52L1;STC2;HVCN1;TNFRSF11B;HMOX1;MTHFD2;EPHX1;MCM10;CHAC1;OSGIN1;AKR1C1;TSKU;SLC47A1;LILRA5;TKT;PRR5;PHGDH;SYK;NEDD4;OSCAR;LEF1;BCAN;MARS;ABCC2;FLT1;ACVRL1;CDC45;GCNT3;CBS;RHBDL3;LCN2;SLC2A4;RFX4;CXCR7;PRSS53;AKR1B1;PTDSS2;AIFM2;RDM1;SRGN;SMG6;MAFG;AKR1C3;CFI;SPN;SLCO2B1;IDH1;NQO1;GPT2;NFE2L2;PALLD;CALCA;SQSTM1;ORC1;FTL;EMP2;CBR3;ABHD4;SHMT1;GGA2;FIGF;IL18R1;RAB42;JAKMIP3;PSAT1;SLC2A9;DEFB1;TREX1;TLR4;PGD;UBE2D4;GPNMB;UGDH;AMBP;BCL2L11;CDKN2B;AXIN2;ASIP;POU3F3;HLA-DOA;FGL1;EIF2S2;TRIM29;C1S;KIAA0040;ODF3L1;ZNF143;RRM2;MDFIC;MFI2;SLC5A11;SLC7A11;NQO2;FLJ22184;MGST1;NCF2;FUT1;ENTPD6;CYP4F12;ASNS;CSTA;CRTAP;NUMBL;PANX2;GPX2;HTATIP2;CD101;MRAP2;AGT;SPG20;PLXND1;DHFR;HLA-DQB1;HJURP;UCHL1;KPNA5;SMPX;ALDH7A1;NR1I2;ALDH3A2;WNT11;P2RY6;FXYD7;SLC1A4;MUC5AC;SPP1;ARHGAP28;G6PD;CYP4F2;B4GALNT1;SMAD9;CYP8B1;ATP5G3;LOXL3;DGKG;CAMK1;IL10;CAMKK1;NAP1L1;ITGB8;MCM3;TXNRD1;HPN;ACTL8;CKAP4;FZD7;SNTG1;ZC3H12D;SCARA3;GLA;LANCL3;IGFBP3;AGXT2L1;NR0B1;FTH1;RPL22L1;L1CAM;DDX43;LRP8;DBF4B;GPC1;ACOT11;FAM5C;ASF1A;ANKS6;ELAVL1;PRG4;PCK2;PTGR1;PPIA;ZNF486;DRD5;PTPRZ1;TSPAN7;ZSWIM6;TRIML2;RAB15;FNDC9;GLP2R;FERMT1;HRG;VIL1;SRI;ADAMTS12;GCLM;BCAS1;ZNF326;SREBF1;CPLX2;ADRA1A;TDO2;CAMK1G;RESP18;PPAT;UNKL;TRIM16L;ST8SIA2;SFN;TFRC;GNE;RET;CCDC138;OSTF1;ESCO2;DMD;CPLX1;GCKR;PDE6B;KIF5C;CYP4F11;TALDO1;NDUFC2;GRPR;ARHGAP8;F5;PIR;ICMT;ECM2;SF1;HRK;FAT3;PHLDB1;CBWD6;RNF212;SHISA2;ESR2;METAP2;WDR87;REEP1;KIAA0319;SDS;CBR1;SLC6A6;GAS2;STAT4;CHRDL2;UBE2D1;KIAA1324;TMEM237;CYCS;NAV2;TF;IDE;STYK1;DBF4;TM4SF20;FGF7;NEIL3;NINJ2;MACC1;PNPLA4;DUSP13;NRCAM;SIAE;BRIP1;WHSC1;NRG4;SLCO4C1;SMC5;ZNF649;HGD;SRXN1;PCSK6;TPPP3;TERT;HSPB3;ZNF430;PDZK1;DDC;SLC48A1;MRO;USP6;ATPAF1;ADH6;NKPD1;CYP4F3;PPIF;VSIG1;IQGAP2;SUB1;SUV39H2;KCNQ2;UBXN10;PAPL;PFN2;PA2G4;UBE2N;TXNRD3;FAM69A;MOG;KIAA1430;DNAH8;CBWD1;TNIP3;CDH12;XYLB;GSR;ME1;HECW1;CIB4;PARL;METTL3;TM9SF3;PTPMT1;PCSK9;AKR1B15;CXCL12;ZNF429;ZNF367;REPS2;ZIM2;EIF1AX;TMEM64;MPPED2;INADL;STXBP5L;HPDL;MPP3;EFCAB11;RTKN2;ALDH3A1;KIT;HDAC9;SPDYE3;HLA-DOB;GCLC;NUTF2;MAP2;TP73;F2RL2;BCAT1;SCUBE1;RIMKLA;FAM178A;KIAA0368;SEMA3G;PPFIA2;NLN;TET1;PEG3;ZNF714;GRM5;IMPACT;KIAA0232;HYDIN;GPR135;WDHD1;PTPRD;SPTB;RABL3;FECH;NT5DC1;ALB;TMEM18;CNTNAP5;GAS7;ZNF135;LRPPRC;MED29;MTBP;GPCPD1,"[4, 19, 33, 66, 70, 76, 210, 223, 288, 321, 650, 664, 693, 723, 819, 843, 875, 996, 1043, 1128, 1144, 1150, 1182, 1195, 1243, 1267, 1328, 1362, 1377, 1385, 1427, 1475, 1534, 1627, 1692, 1706, 1781, 1794, 1836, 1904, 1910, 1941, 1981, 1995, 2048, 2207, 2217, 2229, 2321, 2367, 2427, 2455, 2541, 2616, 2666, 2676, 2680, 2684, 2741, 2750, 2762, 2860, 2914, 2928, 2990, 3046, 3082, 3097, 3119, 3123, 3145, 3155, 3159, 3170, 3286, 3447, 3516, 3550, 3632, 3711, 3718, 3769, 3812, 3838, 3853, 3910, 3968, 4041, 4043, 4201, 4206, 4215, 4338, 4365, 4401, 4435, 4438, 4483, 4556, 4658, 4673, 4697, 4710, 4720, 4784, 4841, 4880, 4899, 5233, 5300, 5396, 5452, 5584, 5594, 5660, 5725, 5734, 5738, 5795, 5804, 5810, 5819, 5855, 5900, 5912, 5966, 6022, 6051, 6105, 6180, 6206, 6210, 6239, 6253, 6276, 6351, 6414, 6435, 6481, 6647, 6722, 6824, 6896, 6902, 6941, 6967, 7021, 7057, 7142, 7174, 7279, 7352, 7405, 7442, 7469, 7485, 7517, 7530, 7563, 7570, 7624, 7720, 7737, 7773, 7827, 7874, 7888, 7892, 7908, 7918, 7930, 7993, 8025, 8106, 8211, 8217, 8220, 8248, 8309, 8328, 8386, 8501, 8551, 8567, 8790, 8896, 9062, 9093, 9226, 9305, 9322, 9349, 9357, 9361, 9426, 9432, 9454, 9503, 9732, 9758, 9813, 9844, 9849, 9871, 9905, 9994, 10105, 10191, 10215, 10319, 10320, 10339, 10392, 10416, 10455, 10548, 10618, 10701, 10721, 10727, 10755, 10769, 10833, 10844, 10939, 10963, 10998, 11201, 11332, 11333, 11341, 11343, 11380, 11385, 11543, 11547, 11565, 11579, 11605, 11625, 11639, 11650, 11706, 11753, 11786, 11806, 11825, 11932, 11936, 11964, 12047, 12059, 12067, 12094, 12101, 12205, 12217, 12344, 12345, 12391, 12401, 12431, 12449, 12466, 12707, 12713, 12798, 12832, 12856, 12938, 12948, 13024, 13041, 13096, 13101, 13107, 13144, 13158, 13164, 13227, 13241, 13299, 13346, 13350, 13578, 13581, 13650, 13682, 13705, 13715, 13746, 13762, 13871, 13880, 14060, 14142, 14159, 14190, 14239, 14284, 14307, 14330, 14348, 14440, 14462, 14484, 14613, 14706, 14716, 14762, 14829, 14840, 15077, 15165, 15207, 15225, 15237, 15282, 15356, 15362, 15373, 15385, 15471, 15481, 15621, 15653, 15676, 15685, 15706, 15737, 15818, 15833, 15856, 15915, 15945, 15965, 16047, 16081, 16100, 16181, 16193, 16279, 16303, 16386, 16420, 16601, 16630, 16633, 16718, 16741, 16805, 16810, 16869, 16876, 16881, 16923, 16935, 16956, 16983, 16985, 17145, 17151, 17243, 17270, 17296, 17309, 17363, 17445, 17463]",MSigDB_Oncogenic_Signatures__NFE2L2.V2
MSigDB_Oncogenic_Signatures,RELA DN.V1 UP,prerank,0.23935182554009746,0.9257470650317023,0.6405919661733616,0.7282178232615714,1.0,38_133,38/133,22.13%,FZD9;SIRT4;FGF17;P2RY11;CLDN15;GNRH1;PEX6;WRNIP1;ULBP2;VEGFA;VEGFB;GADD45B;ZNHIT2;CCL2;SLC7A1;DNMT3L;ZFP36L1;GPT;FOSL1;FGF2;CTF1;SNAI1;CHST1;RIPK1;JUN;PPP1R15A;FOS;EFNA1;DEFB1;KLF6;RNF39;GRAP;TREX1;ZFP36;PRDM11;CDKN2B;KCNC4;MTMR11,FZD9;SIRT4;FGF17;P2RY11;CLDN15;GNRH1;PEX6;WRNIP1;ULBP2;VEGFA;VEGFB;GADD45B;ZNHIT2;CCL2;SLC7A1;DNMT3L;ZFP36L1;GPT;FOSL1;FGF2;CTF1;SNAI1;CHST1;RIPK1;JUN;PPP1R15A;FOS;EFNA1;DEFB1;KLF6;RNF39;GRAP;TREX1;ZFP36;PRDM11;CDKN2B;KCNC4;MTMR11;THBD;IL1B;DAPP1;TEX14;ADAMTS13;VDR;SAMSN1;ATP2A1;CLK1;ATF3;NFIC;ESM1;FXYD7;PODXL2;BIN1;JUNB;SRCAP;HTR1F;ZNF324;APBA2;PRKG1;XCL1;INTS6;GPR183;DUSP8;MLL2;CRB1;LHCGR;FOSB;PPAN;ETFDH;TRIM38;DYSF;AP4E1;RNF25;GLS2;NOL4;MYBPC3;APOB;BCMO1;SIRPB1;CDHR5;SNAPC1;KCNJ16;KCNQ4;CRYGA;MAK;HOOK1;TPMT;WASL;CDK5R2;TANK;ZNF286A;F3;PTGS2;FHL5;CYP26B1;LGMN;LMO7;GPR85;SCG5;KCNA1;MEP1B;KMO;NLK;PAFAH1B2;ATP5C1;DLGAP1;USP9Y;NTS;KLF10;ZFP37;ATP8A2;LAMC2;INE1;ZNF165;EGR3;KDM5D;PDE5A;GJB1;AGPAT4;NTM;PGGT1B;NOVA1;EGR1;FLRT1;GAD1;BPNT1;PDK1;TNC;ZNF222;SLC27A6;CD38;GAS7;DGKI,"[83, 259, 282, 513, 514, 653, 839, 963, 1402, 1439, 1509, 1626, 1767, 1826, 2037, 2064, 2102, 2170, 2188, 2211, 2253, 2526, 2669, 2701, 2824, 2828, 2889, 3065, 3286, 3324, 3359, 3390, 3447, 3755, 3802, 3838, 3855, 3876, 4174, 4629, 4829, 4935, 4936, 4946, 5279, 5412, 5648, 5684, 5825, 6036, 6206, 6461, 6479, 6511, 6553, 6599, 6600, 6868, 7044, 7121, 7250, 7403, 7440, 7633, 7679, 7700, 7855, 7897, 8001, 8076, 8098, 8566, 8726, 8917, 8950, 9128, 9399, 9495, 9515, 9695, 10135, 10156, 10374, 10387, 10428, 10438, 10477, 10524, 10754, 10953, 11007, 11051, 11182, 11199, 11581, 11720, 11855, 12585, 12854, 13115, 13120, 13213, 13369, 13515, 13587, 13657, 13873, 14463, 14531, 14603, 14653, 14822, 14910, 14974, 15206, 15238, 15268, 15287, 15399, 15469, 15490, 15560, 15627, 15702, 16002, 16034, 16370, 16400, 16508, 16839, 17102, 17270, 17466]",MSigDB_Oncogenic_Signatures__RELA DN.V1 UP
MSigDB_Oncogenic_Signatures,TBK1.DN.48HRS UP,prerank,-0.2941514285420797,-0.9649000831441269,0.5285714285714286,0.7350289802934005,1.0,12_50,12/50,20.83%,ECD;RNMT;CHMP6;SLC11A2;PTK2;COPB2;MTFR1;MYLK;TEX10;MYCBP;ARL4C;FKBP14,CHEK2;FSD1;SOX2;CNOT4;TIMM22;MLEC;CDKN2A;UGDH;APOE;DDR1;KIAA0907;CEBPA;UBQLN2;FCHO1;EDN1;CXCL2;BAMBI;RBM15B;MAP3K4;LRPAP1;PSRC1;IGFBP3;CDK4;OXSR1;ZMIZ1;P4HTM;LBR;CNDP2;TM9SF2;UBE2J1;TMCO1;DUSP3;SCP2;CALM3;PIK3C2B;TP53BP1;APPBP2;SDHB;FKBP14;ARL4C;MYCBP;TEX10;MYLK;MTFR1;COPB2;PTK2;SLC11A2;CHMP6;RNMT;ECD,"[581, 1062, 1488, 2186, 3047, 3328, 3605, 3718, 4072, 4896, 5085, 5110, 5194, 5365, 5566, 5578, 5733, 6286, 6651, 7031, 7247, 7570, 7822, 7873, 8299, 8508, 8625, 9910, 11208, 11355, 11610, 11967, 12157, 12212, 12233, 12764, 13142, 13413, 13870, 13903, 14118, 14489, 14708, 15033, 15778, 16229, 16501, 16711, 16987, 17297]",MSigDB_Oncogenic_Signatures__TBK1.DN.48HRS UP
MSigDB_Oncogenic_Signatures,LTE2 UP.V1 DN,prerank,-0.2234142322506707,-0.9005074495972479,0.7573529411764706,0.7859403992381955,1.0,40_190,40/190,17.58%,ARMCX5;PPM1E;FKTN;ZNF43;ZNF268;LTN1;LPGAT1;GART;PSPC1;IFI44L;POT1;MTMR6;IFI44;GCA;FTO;IFIT3;DDX60;DDX58;MST4;RIF1;KAZN;PTBP2;SLC16A7;JMJD1C;MATN2;EGR3;WIPF1;PLCB1;AMIGO2;ZMYM2;CA12;EPB41L2;ZNF84;ATP8A2;HERC6;POLI;COL9A3;DNAJB14;NRIP1;IFIT5,GPER;NFIL3;MICB;IRF7;CEBPG;STC2;GEM;IGF1R;CRABP1;TSPO;GAL;SAMHD1;LAMP3;BCL2;TM4SF1;ELF4;IFITM1;TAP1;ANXA3;ASCL1;GREB1;LGALS1;HIST1H2AC;MPHOSPH8;BST2;NOTCH1;IRF9;IFRD1;KLF4;GTF2I;UBE2L6;PSAT1;NPY1R;PLSCR1;SP100;HES1;PMAIP1;IFI27;HIST1H4H;BCL2L11;RHOBTB3;CBFA2T3;LAMA3;RAB31;OAS1;AGTR1;NCOR2;MOCOS;SLC16A1;USP18;DLC1;SLC7A11;MYO10;TAF12;CSTA;JAG1;DTNA;ISG15;ATF3;PRSS23;NMI;ID1;HERC5;LGR4;NRP1;GADD45A;PRKAR2B;PTGES;CNN2;HIST1H3H;IFI35;IFIH1;HIST1H2AG;LGALS3BP;GRB10;MDK;UGCG;PHF11;CALCR;PARP12;SAMD9;TDRD7;BHLHE41;PTER;IFIT1;PSMB9;DUSP2;SP110;SATB2;MGP;FHL2;ZNF140;SVIL;BTG3;TFPI2;JAK2;EFEMP1;IL24;CDK8;RPS6KA3;CHN1;DSCAM;TRIM14;RNF6;SLC1A1;ZNF273;NIP7;ADD3;ELOVL2;OAS3;SLC24A3;NUP160;CASP8;CALB2;GFRA1;CHD1;SYTL2;SOX3;OAS2;PTPRK;RRN3;NUPL1;NCBP1;PDLIM3;EIF2AK2;ARHGAP12;NAV2;CAV1;ZNF107;WISP2;USP25;XK;N4BP2L2;TFAP2A;INPP5F;PCSK6;HIST1H2BG;PDZK1;IFI6;PEG10;ALG13;CBLL1;RFWD3;UTP14A;OASL;CSTF2T;AMMECR1;CAP2;HSPA13;IGSF1;IFIT5;NRIP1;DNAJB14;COL9A3;POLI;HERC6;ATP8A2;ZNF84;EPB41L2;CA12;ZMYM2;AMIGO2;PLCB1;WIPF1;EGR3;MATN2;JMJD1C;SLC16A7;PTBP2;KAZN;RIF1;MST4;DDX58;DDX60;IFIT3;FTO;GCA;IFI44;MTMR6;POT1;IFI44L;PSPC1;GART;LPGAT1;LTN1;ZNF268;ZNF43;FKTN;PPM1E;ARMCX5,"[29, 110, 152, 161, 257, 321, 323, 486, 550, 780, 816, 852, 1163, 1238, 1244, 1471, 1596, 1758, 1938, 2116, 2183, 2269, 2286, 2395, 2419, 2437, 2767, 2802, 2806, 2937, 2986, 3159, 3215, 3220, 3363, 3383, 3544, 3603, 3772, 3812, 3858, 3915, 3919, 4054, 4410, 4464, 4578, 4598, 4611, 4613, 4657, 4658, 4931, 5042, 5233, 5281, 5512, 5552, 5684, 5736, 5763, 6042, 6447, 6660, 6661, 6740, 6764, 6773, 6810, 6850, 6879, 6949, 7162, 7314, 7360, 7550, 7585, 7833, 7973, 8023, 8047, 8060, 8086, 8162, 8187, 8284, 8364, 8383, 8399, 8492, 8535, 8542, 8639, 8730, 8832, 8889, 8928, 9230, 9311, 9363, 9383, 9437, 9530, 9586, 9755, 9789, 9806, 9836, 9838, 9872, 10083, 10193, 10378, 10422, 10430, 10554, 10935, 10947, 11058, 11127, 11129, 11271, 11282, 11501, 11535, 11798, 11936, 12109, 12436, 12480, 12669, 12678, 12844, 12910, 12930, 12948, 13104, 13107, 13124, 13155, 13216, 13257, 13348, 13628, 13640, 13948, 13954, 13989, 13994, 13995, 14439, 14451, 14585, 14609, 14640, 14641, 14653, 14654, 14689, 14735, 14740, 14765, 14865, 14990, 15206, 15263, 15310, 15328, 15651, 15694, 15786, 15891, 15992, 16028, 16042, 16182, 16283, 16309, 16387, 16684, 16902, 16919, 17114, 17124, 17171, 17190, 17193, 17226, 17232, 17320]",MSigDB_Oncogenic_Signatures__LTE2 UP.V1 DN
MSigDB_Oncogenic_Signatures,YAP1 DN,prerank,-0.3017831821473849,-0.942358008361999,0.5376344086021505,0.7862253667506096,1.0,12_36,12/36,19.69%,FAM122C;THNSL1;APOBEC2;SLC6A5;ITGA2;CACNB4;GUCY2C;PIGO;ORC2;CCDC87;LONRF2;WSCD2,RFX1;IL4R;ACOX2;RHBDL1;IQCF1;WBSCR16;TIMP3;LIMD1;PRCC;TEX101;SLC9A1;KATNB1;HEY1;LCA5L;SLC17A7;MYO1B;MYLIP;ITGBL1;DOCK11;VSNL1;PDIK1L;ZBTB39;FICD;CHCHD3;WSCD2;LONRF2;CCDC87;ORC2;PIGO;GUCY2C;CACNB4;ITGA2;SLC6A5;APOBEC2;THNSL1;FAM122C,"[401, 462, 1301, 1928, 2917, 2944, 3019, 4304, 5394, 6565, 7867, 8841, 8866, 9238, 9653, 10409, 10445, 10842, 11516, 12175, 12312, 12654, 12992, 13002, 14069, 14446, 14490, 14629, 14773, 15269, 15294, 15635, 16180, 16313, 16349, 16529]",MSigDB_Oncogenic_Signatures__YAP1 DN
MSigDB_Oncogenic_Signatures,PDGF UP.V1 DN,prerank,0.23962317649952558,0.9052307829588452,0.6666666666666666,0.7876648095003583,1.0,27_111,27/111,17.24%,MSX1;BCL3;VENTX;CRABP1;FCGR2A;CLCN7;UNG;HIST1H1T;MAPK3;CDC14A;ACVRL1;TBX2;TPSD1;CYP3A4;CRYAB;TENC1;IL7R;LY86;DNMBP;ARSE;C2;JUN;HLA-DPA1;LILRB5;ZNF688;ADCY2;TIMP3,MSX1;BCL3;VENTX;CRABP1;FCGR2A;CLCN7;UNG;HIST1H1T;MAPK3;CDC14A;ACVRL1;TBX2;TPSD1;CYP3A4;CRYAB;TENC1;IL7R;LY86;DNMBP;ARSE;C2;JUN;HLA-DPA1;LILRB5;ZNF688;ADCY2;TIMP3;KLF5;SLC26A2;OMD;COL1A2;EGF;KLF1;SLC9A2;BHLHE40;SLC13A2;RAD9A;FPR3;CYP1A1;HYAL3;TNFSF8;KRT13;PLAT;GIF;VPRBP;CHST15;SLC22A18;ZBTB7A;AOX1;MC1R;ACADL;CTNND2;LIMK1;DBP;HIST1H2AE;GNLY;PF4;LY75;GPR39;CUBN;KIAA1217;ITGB6;SLC28A1;ASPH;ARSF;BMP3;SLC8A2;SLC26A4;CRYGA;LTBP1;ADRB3;HERC3;MXRA5;PPP2R5B;PARK2;SAG;LRP2;CYB5R1;DUSP10;PCDH8;SEMA3C;TRAIP;CCNT1;EVI2A;GNL3L;KL;PRSS16;ADAM23;PAFAH2;DSC1;TP53TG5;FBN2;RHOBTB1;COL4A5;ZNF33B;EDN3;MAP7;INE1;GK;HOXD1;USP33;TACSTD2;LRRTM2;BPGM;SP140;CCBL2;CCKAR;ZNF10;ALB;CBLN1;PLAG1,"[231, 347, 422, 550, 648, 851, 940, 1112, 1114, 1575, 1627, 1641, 1919, 2099, 2111, 2112, 2230, 2387, 2674, 2678, 2744, 2824, 2875, 2931, 3001, 3009, 3019, 3478, 3546, 3803, 3978, 4444, 4600, 4607, 4717, 4819, 5087, 5242, 5385, 5399, 5653, 5682, 5897, 5988, 6090, 6099, 6111, 6178, 6337, 6421, 7064, 7233, 7458, 7836, 7914, 7939, 8058, 8339, 8632, 8753, 8819, 8865, 8911, 9020, 9542, 9778, 10176, 10356, 10387, 10550, 10582, 10639, 11030, 11118, 11511, 11577, 12026, 12339, 12383, 12418, 12543, 12546, 12626, 12873, 12879, 13092, 13129, 13317, 13617, 13733, 13744, 13922, 14107, 14154, 14280, 14394, 14559, 14910, 15601, 15726, 16101, 16130, 16580, 16582, 16688, 16863, 16872, 17056, 17145, 17349, 17462]",MSigDB_Oncogenic_Signatures__PDGF UP.V1 DN
MSigDB_Oncogenic_Signatures,KRAS.DF.V1 DN,prerank,-0.23441049921628637,-0.9315517310664354,0.6368821292775665,0.7945559982175084,1.0,22_162,22/162,12.03%,MAS1;PHF7;PAK3;TMEM168;LANCL2;RNMT;PCLO;SLC25A13;SPINK5;PAPPA2;NUPL2;TNC;SYNE1;ODF1;NUP153;CXADR;HDAC9;COG5;MPP3;OMG;MYO5C;OR1F1,KLF15;RAB3IL1;TJP3;WNT6;BMP4;RPRM;LAMP3;BCAM;PSPH;CNTFR;MMP25;LCP1;ADRB2;FANCE;SMAD7;TGFB3;LRRC61;TAF4;ROBO3;DVL3;CD2;CYTH4;GCC1;HTR3A;KLF4;NGF;TNXB;SIRPA;RNF39;HUS1;NRP2;SMAD6;LCAT;ACTL6A;HMGN3;PRSS8;PTGER1;COPZ2;TMEM45A;ZFHX3;EPPK1;SP1;SF3A2;SSTR3;RNF122;ARFGAP1;COBL;IGFBP2;NEUROD2;ARID3B;LETM1;SRF;CDK18;CYP1A1;HIST1H2BH;KIF21B;UCHL1;SMAP1;CNR2;TRA2A;TUFT1;RDH16;FAM153A;LYRM4;HSPB6;MALT1;CBX4;URB1;CHRM5;OGFRL1;IGFBP3;PDGFA;LSM14B;PAX5;KLK5;CAMKV;ETS2;PCBP3;DCAF10;DUSP2;MEX3D;BDKRB1;GJB4;SLMO2;SEZ6L;LLGL1;AUTS2;EXOSC7;TSPYL1;ZNF512B;RAB6B;IL24;AHR;ALOX5;HIST2H2AA3;HPX;POM121;ZNF764;SYP;MXRA8;RET;MLLT4;TCFL5;COL11A2;SLC30A3;FAM63A;VWA5A;ERN1;EPB41L4B;PTGS2;KDM6A;MAVS;THUMPD1;THNSL2;GLIPR1;PER2;SEMA6A;HOMER2;WASF1;PTPN14;CDK20;ZNF239;GAP43;ARHGAP26;RNF43;SP2;SEMA3C;ATP2B1;CLDN1;KLF11;ALG13;TRAPPC10;GPATCH2;STX3;FBN2;COL4A5;SCN2A;HRH2;MAP7;TAGLN;OR1F1;MYO5C;OMG;MPP3;COG5;HDAC9;CXADR;NUP153;ODF1;SYNE1;TNC;NUPL2;PAPPA2;SPINK5;SLC25A13;PCLO;RNMT;LANCL2;TMEM168;PAK3;PHF7;MAS1,"[106, 159, 354, 579, 730, 948, 1163, 1209, 1219, 1386, 1399, 1537, 1595, 1602, 1659, 1861, 2232, 2272, 2336, 2492, 2509, 2659, 2706, 2787, 2806, 3051, 3106, 3184, 3359, 3476, 3520, 3626, 3706, 3778, 4087, 4170, 4313, 4391, 4400, 4417, 4470, 4488, 4540, 4696, 4758, 4788, 4807, 4812, 4916, 4933, 5077, 5159, 5185, 5385, 5431, 5723, 5855, 5977, 6160, 6279, 6335, 6684, 6747, 6963, 7036, 7227, 7228, 7237, 7448, 7549, 7570, 7604, 7666, 7690, 7821, 7887, 7937, 8091, 8151, 8364, 8503, 8507, 8527, 8536, 8713, 8740, 8775, 8797, 8891, 9158, 9215, 9230, 9293, 9403, 9595, 9617, 9701, 10047, 10081, 10161, 10215, 10230, 10274, 10300, 10367, 10787, 10789, 10889, 11043, 11182, 11256, 11317, 11360, 11376, 11479, 11506, 11718, 11737, 12034, 12296, 12298, 12302, 12313, 12351, 12395, 12439, 12543, 12581, 12800, 12843, 13216, 13230, 13613, 13869, 13922, 14154, 14513, 14547, 14559, 14577, 15411, 15467, 15648, 15653, 15661, 15818, 16037, 16065, 16073, 16088, 16400, 16470, 16586, 16600, 16678, 16957, 16987, 17022, 17157, 17241, 17334, 17432]",MSigDB_Oncogenic_Signatures__KRAS.DF.V1 DN
MSigDB_Oncogenic_Signatures,MEL18 DN.V1 DN,prerank,-0.2341350507689654,-0.9011048324912503,0.7307692307692307,0.8104395677605896,1.0,30_138,30/138,17.94%,PENK;GAS7;EPB41L3;ATXN3;CCKAR;EBF2;VPS8;PEG3;PCP4;COL14A1;EYA4;GPR88;TRIM2;DDX60;EPHA3;DIRAS3;EGR1;MPPED2;PDE5A;SEMA3E;PDE4B;PLCB1;NMNAT2;GULP1;COL9A3;TRAPPC6A;MAP7;PLN;NTS;TSFM,BAG3;MIA;SLPI;AK1;TMEM176A;CRABP1;TMEM176B;FAM46A;MAF;SOX2;CRABP2;IFITM1;PCGF2;VAV3;BST2;SCNN1A;AQP3;CREM;IRF9;SOCS2;FOS;GTF2I;RGS2;UBE2L6;SYT17;SLC16A4;IFI27;HIST1H4H;APOE;CA2;PLEKHA4;LY6E;DOK5;OAS1;PKP2;ID2;ESRP1;STK17B;MAOB;EFHD1;IL1R1;JUP;ID4;BLNK;ZCCHC24;EEF1A2;STON1;GPR137B;ALDH6A1;PDLIM5;NDRG2;TMOD1;B3GAT1;A2M;WFDC2;PTER;TSPAN1;IFIT1;DUSP2;PID1;MVP;GLS2;CRIP1;CXCL14;PRPF6;RBP4;CDH22;CDH10;SEPP1;SH3BGRL;TCEAL2;DIO2;CHN2;PHYH;KCNJ16;DLK1;GNG7;OSBPL10;DMD;GPD1L;LECT1;CUX2;SERPINI1;EGFL6;OLFM4;PNMAL1;PPARGC1A;GAS2;CLIP3;SLC17A6;PIK3C2B;FRMD4B;DPYD;PCDH8;PDE7B;BAALC;SULF1;UNC5C;IFIT2;FAM115A;TFAP2A;IFI6;DDC;SNCAIP;FANCF;MCTS1;SKAP2;PROM1;TSFM;NTS;PLN;MAP7;TRAPPC6A;COL9A3;GULP1;NMNAT2;PLCB1;PDE4B;SEMA3E;PDE5A;MPPED2;EGR1;DIRAS3;EPHA3;DDX60;TRIM2;GPR88;EYA4;COL14A1;PCP4;PEG3;VPS8;EBF2;CCKAR;ATXN3;EPB41L3;GAS7;PENK,"[24, 53, 207, 305, 541, 550, 626, 878, 1021, 1488, 1490, 1596, 1786, 2050, 2419, 2441, 2445, 2587, 2767, 2811, 2889, 2937, 2984, 2986, 3298, 3576, 3603, 3772, 4072, 4119, 4133, 4334, 4347, 4410, 4440, 4494, 4737, 4901, 4914, 5000, 5151, 5286, 5301, 5354, 5519, 5848, 5954, 6143, 6214, 7150, 7185, 7300, 7522, 7770, 7787, 8162, 8183, 8187, 8364, 8511, 8574, 8917, 9221, 9270, 9472, 9547, 9632, 9651, 9682, 9791, 9807, 9847, 9911, 10084, 10156, 10158, 10209, 10357, 10392, 10402, 10578, 10764, 10961, 11003, 11087, 11319, 11622, 11650, 11799, 11853, 12233, 12243, 12366, 12418, 12468, 12566, 12577, 12729, 12848, 12874, 12910, 13124, 13144, 13201, 13210, 13455, 13661, 14117, 14376, 14463, 14544, 14559, 14606, 14609, 14807, 14835, 14865, 15138, 15257, 15268, 15385, 15627, 15780, 15920, 16028, 16234, 16394, 16524, 16546, 16559, 16633, 16864, 16867, 16872, 17153, 17221, 17270, 17492]",MSigDB_Oncogenic_Signatures__MEL18 DN.V1 DN
MSigDB_Oncogenic_Signatures,STK33 NOMO UP,prerank,0.21244020700861818,0.8956430735328267,0.810989010989011,0.8106875914907432,1.0,63_266,63/266,20.61%,MAFF;IL1R2;DDIT4L;CXCL6;PPBP;BCL3;CLEC2B;TGIF1;BCL6;C3AR1;STC1;HMOX1;C1QC;C5AR1;CAB39L;PHLDA1;GDF15;LY96;KCNJ15;RIT1;LRRC25;GJA1;CCL20;GNA12;PPP1R3B;CXCL1;CSRNP1;ICAM1;ZFP36L1;OTUD1;IL7R;CXCL3;CRK;SIGLEC9;ST3GAL1;IL10RA;GNG11;FOXQ1;RIN2;ABCA1;MERTK;SQSTM1;BTBD7;JUN;PPP1R15A;FOS;MAP3K8;RGS2;CD80;WHAMM;SDC4;KIFC3;CREBL2;KLF6;TREM1;YES1;SGPL1;EMP1;IER3;THAP1;TNFAIP6;HAVCR2;MGAT4B,MAFF;IL1R2;DDIT4L;CXCL6;PPBP;BCL3;CLEC2B;TGIF1;BCL6;C3AR1;STC1;HMOX1;C1QC;C5AR1;CAB39L;PHLDA1;GDF15;LY96;KCNJ15;RIT1;LRRC25;GJA1;CCL20;GNA12;PPP1R3B;CXCL1;CSRNP1;ICAM1;ZFP36L1;OTUD1;IL7R;CXCL3;CRK;SIGLEC9;ST3GAL1;IL10RA;GNG11;FOXQ1;RIN2;ABCA1;MERTK;SQSTM1;BTBD7;JUN;PPP1R15A;FOS;MAP3K8;RGS2;CD80;WHAMM;SDC4;KIFC3;CREBL2;KLF6;TREM1;YES1;SGPL1;EMP1;IER3;THAP1;TNFAIP6;HAVCR2;MGAT4B;GPNMB;ZFP36;TLR6;TFEC;HBP1;FAM134A;THBD;GBP3;ACP5;DUSP1;KYNU;EFNB2;TPSAB1;SGK1;P2RY14;ZIC2;EMR2;KDELR3;IL1B;DAPK1;CD300C;ZCCHC14;STK17B;FAM13A;IFI16;MIDN;RNF149;IRS1;IL1R1;GAN;PLAU;FBXO32;USP53;ARRDC3;APPL2;IL6ST;ADAM28;CXCL2;RND3;NPEPPS;CLEC7A;SOS1;GPR137B;CC2D1B;PGBD5;JUNB;PELI1;NRP1;MANBAL;GCNT2;IL10;DAB2;ARL5B;LAMB3;LIMK1;WBP2;ELK4;ZRSR1;FAM114A1;A2M;EPAS1;CGRRF1;HNMT;UNK;PID1;KCNJ2;TLR1;RHOB;BTG3;BBS12;FABP4;NAMPT;COL6A3;BTG2;PTGFRN;WNT5A;ASPH;ACSM3;LY6K;RNF19A;SPRED1;UPP1;CCL4;UBE2W;PTPLAD2;ARID5B;ANKRD12;LCOR;CNIH3;TDO2;OSTM1;ABHD2;TWF1;TUBB2A;RAB8B;SLC24A3;FCHO2;MORN2;RNASEL;DENND1B;CADM1;AQP9;NCEH1;HSD11B1;STAM2;GALNT4;OLR1;VWA5A;NR1D2;STX6;SAMD9L;CPEB4;SEMA4D;SIPA1L2;TMEM159;GLIPR1;MAP4K3;DPY19L4;WDR20;MYOZ2;PPP3R1;COQ10B;CDC37L1;GFPT1;RAB12;DUSP5;TM6SF1;HINT3;NKIRAS1;GNPDA2;KITLG;JAKMIP2;FAM199X;HIST1H2BC;IL1A;WDR19;ACVR1;PTPN3;RASGRP3;CTTNBP2NL;KIAA1467;FCRLB;CLVS1;HIST1H2BG;PTX3;KMO;NECAP1;ARNT2;PTPRO;UBE3C;SAR1B;GPATCH2;FAM198B;AKTIP;FNDC3A;ARL4C;CAMK2D;KBTBD8;NUAK1;KCTD3;CYP2E1;TRIP11;ZEB2;UEVLD;MTSS1;FBXL13;TRIM23;CAPRIN2;SETBP1;SEPT10;PANX1;LACC1;KLHL28;DYX1C1;AUH;KIAA1468;CFL2;SYNJ1;EGR3;TTC30B;PTBP2;ZMYND11;PSD3;GPRIN3;HECTD2;DOCK4;SLC12A6;SLC11A2;ZNF222;SCG2;NRAS;DOLK;KIAA1279;KIAA0232;PPCS;STX12;EGR2;MTMR9;ULK2;TBCEL;EOMES;ATG14;HECW2,"[26, 148, 212, 232, 294, 347, 389, 481, 489, 582, 634, 693, 771, 805, 903, 1095, 1105, 1117, 1123, 1364, 1467, 1579, 1617, 1633, 1636, 1774, 1782, 1872, 2102, 2158, 2230, 2258, 2270, 2335, 2408, 2448, 2472, 2571, 2619, 2620, 2629, 2762, 2782, 2824, 2828, 2889, 2891, 2984, 3114, 3136, 3208, 3261, 3322, 3324, 3333, 3392, 3417, 3435, 3480, 3555, 3571, 3593, 3609, 3711, 3755, 3775, 3880, 3903, 3912, 4174, 4222, 4430, 4446, 4450, 4454, 4468, 4545, 4593, 4599, 4609, 4620, 4629, 4698, 4766, 4782, 4901, 4967, 5020, 5099, 5105, 5115, 5151, 5227, 5250, 5331, 5380, 5410, 5413, 5448, 5496, 5578, 5629, 5662, 5747, 5826, 6143, 6415, 6508, 6511, 6537, 6661, 6757, 6890, 6941, 7000, 7061, 7368, 7458, 7460, 7465, 7504, 7554, 7770, 7864, 8055, 8092, 8414, 8511, 8539, 8679, 8719, 8730, 8769, 8786, 8789, 8818, 8882, 8904, 8910, 9020, 9095, 9096, 9115, 9194, 9224, 9267, 9294, 9369, 9401, 9484, 9523, 9645, 9732, 9827, 9828, 9835, 9904, 9955, 10083, 10171, 10201, 10263, 10349, 10496, 10543, 10649, 10667, 10684, 10747, 10770, 10789, 10853, 10856, 10981, 11149, 11152, 11253, 11469, 11479, 11491, 11578, 11609, 11709, 11801, 11813, 11836, 11888, 11957, 12154, 12181, 12239, 12270, 12403, 12483, 12533, 12574, 12582, 12614, 12653, 12679, 12700, 12728, 12786, 12815, 12819, 13027, 13104, 13208, 13213, 13285, 13340, 13395, 13531, 13565, 13613, 13660, 13720, 13895, 13903, 13938, 13952, 13974, 14013, 14038, 14070, 14204, 14205, 14231, 14258, 14366, 14413, 14447, 14460, 14534, 14601, 14626, 14804, 14861, 14929, 14958, 15067, 15206, 15516, 15651, 15660, 15729, 15910, 16172, 16312, 16485, 16501, 16508, 16544, 16714, 16722, 16803, 16810, 16926, 16944, 16961, 17111, 17198, 17325, 17333, 17484, 17507]",MSigDB_Oncogenic_Signatures__STK33 NOMO UP
MSigDB_Oncogenic_Signatures,LEF1 UP.V1 DN,prerank,0.22070612309447638,0.8889934698730962,0.7660944206008584,0.8248999226675158,1.0,36_173,36/173,18.12%,IL17RB;SEMA3F;GDPD3;PDGFRL;IL18;MLLT3;RBM47;TRPM4;SLC6A20;PDZK1IP1;TM4SF1;SELENBP1;NME3;KCNQ1;ID3;CCL20;PLOD2;PLAC8;ACSL5;ACSF2;DISC1;AKR1C3;CYP1B1;SMAD4;HCFC1R1;VILL;TMPRSS3;MXD3;TRAF3IP2;CTSH;RAC2;CDK3;FBXL15;RAB25;BTN3A3;TNNC1,IL17RB;SEMA3F;GDPD3;PDGFRL;IL18;MLLT3;RBM47;TRPM4;SLC6A20;PDZK1IP1;TM4SF1;SELENBP1;NME3;KCNQ1;ID3;CCL20;PLOD2;PLAC8;ACSL5;ACSF2;DISC1;AKR1C3;CYP1B1;SMAD4;HCFC1R1;VILL;TMPRSS3;MXD3;TRAF3IP2;CTSH;RAC2;CDK3;FBXL15;RAB25;BTN3A3;TNNC1;CNN3;PLSCR4;CXCL5;ELL3;PAPSS2;PDGFC;SEC31B;PRSS8;OAS1;MDFIC;EFNB2;DPYSL3;MOCOS;USP18;DAPK1;CPE;TEX14;TNS3;SULT1C2;EFHD1;MARCH2;TCEAL1;ATP2A1;RAB26;NLRP2;CXCL2;FAM83E;CTGF;IL20RA;MYRIP;ID1;SLC22A18;TMED3;HAUS4;HDHD1;CYP2J2;MFGE8;TMEM53;S100A14;AP1M2;GRB14;BDH2;SAMD9;PF4;PROS1;KLRC3;TSPAN1;DECR1;FOXA1;KIAA0319L;TMEM14A;PRR15L;PIAS3;GSTM3;MVP;ERN2;EHMT2;RNF144A;SH3GL2;C4BPB;CLEC2D;NUDT6;GSPT2;TLR3;MANBA;RBP4;KLRF1;SEPP1;SLC1A1;SH3BGRL;CAT;OAS3;SLC44A4;RHOBTB2;SMPDL3A;PTPN13;AIM1;OLR1;ENC1;CYP26B1;STAT4;GDE1;ERAP2;NSUN6;ELF3;XK;MEF2C;RRAGB;SCG5;KCNV1;CPOX;FPGT;IL33;FAM134B;EHF;ANKFY1;LIMCH1;RAB27B;OSGEPL1;HNF1B;DPP4;OPN3;LGR5;ALCAM;FAM172A;TMEM135;TPM1;MANSC1;ATP1B1;BDKRB2;ENTPD3;PAK1;DIXDC1;HERC6;GALC;NUDT18;TSPAN8;MANEA;ALDH5A1;TMEM144;GALNT12;KDM5D;PLLP;ATP8A1;ZNF711;GATA6;CDH17;KIT;SORL1;DDX58;DYNC2LI1;DMXL2;PCP4;SLC24A1;CFTR;COCH;ANK3,"[34, 107, 278, 456, 662, 888, 921, 1029, 1160, 1230, 1244, 1289, 1299, 1330, 1413, 1617, 1827, 1971, 2243, 2265, 2378, 2427, 2464, 2618, 2719, 2775, 2794, 2903, 2915, 2919, 2938, 2997, 3039, 3055, 3109, 3173, 3319, 3423, 3891, 4004, 4137, 4144, 4152, 4170, 4410, 4438, 4454, 4457, 4598, 4613, 4698, 4846, 4935, 4975, 4986, 5000, 5019, 5258, 5412, 5436, 5443, 5578, 5690, 5847, 5945, 5955, 6042, 6111, 6114, 6360, 6512, 6548, 7208, 7316, 7332, 7541, 7810, 7935, 8047, 8058, 8108, 8137, 8183, 8208, 8215, 8223, 8287, 8345, 8362, 8401, 8574, 8676, 8759, 8782, 8953, 9210, 9258, 9309, 9375, 9420, 9421, 9547, 9681, 9682, 9755, 9791, 9839, 9872, 10128, 10406, 10466, 10575, 10593, 10770, 11096, 11581, 11706, 11708, 11838, 12350, 12379, 12678, 12683, 12833, 12854, 12870, 12929, 12969, 13145, 13168, 13183, 13225, 13234, 13238, 13253, 13408, 13510, 13548, 13633, 13645, 13949, 14026, 14058, 14185, 14240, 14242, 14251, 14368, 14631, 14641, 14728, 14841, 14882, 14921, 14947, 14948, 14994, 15238, 15317, 15652, 15662, 15710, 15717, 15737, 15971, 15992, 16177, 16505, 16559, 17125, 17252, 17399, 17425]",MSigDB_Oncogenic_Signatures__LEF1 UP.V1 DN
MSigDB_Oncogenic_Signatures,KRAS.PROSTATE UP.V1 DN,prerank,0.23294729954670634,0.8858277053338476,0.7531914893617021,0.828390119637902,1.0,21_120,21/120,14.02%,PTH1R;S100A7;RRAD;SLC19A3;SMO;S100A8;TUBAL3;MUC4;KLKB1;CNTFR;HLA-DMB;OXT;GCNT3;LCN2;FOXD2;CXCR7;ARG1;KCNJ14;GNGT2;ACSS3;CFI,PTH1R;S100A7;RRAD;SLC19A3;SMO;S100A8;TUBAL3;MUC4;KLKB1;CNTFR;HLA-DMB;OXT;GCNT3;LCN2;FOXD2;CXCR7;ARG1;KCNJ14;GNGT2;ACSS3;CFI;TGM1;ABCB1;PI3;GPNMB;NDP;POU3F2;ASIP;EGF;CD48;KLF1;COBL;MAOB;KRT16;MLYCD;EDN1;EPHB6;KRT13;ZNF750;ENPP1;ARHGAP28;NCR3;MAFB;SOX10;SOD3;ITGB7;CCR10;FBXO40;ZBTB16;HDLBP;GRM2;IGFBP3;LHCGR;CRYGD;RAI1;ARL17A;IDUA;MAGIX;PCDHB13;SLC30A4;YBX2;ATP8B3;VIL1;SCEL;KCNA2;ABCG4;MLANA;SLC26A10;TRH;BEND5;LUM;CD96;SH2D3C;AK5;CAMK1D;CWH43;DNAJC12;ITGB1BP2;CA5B;PPP1R9A;REEP1;EPHX2;SDS;CRY2;CGREF1;AATK;OPCML;CADM4;ADAM23;NPHS1;CCDC134;TUBB4A;KCNQ2;NPBWR2;MUC16;SERPINB2;VGLL3;RGS6;KIAA0087;COLEC10;TAGLN;SSTR4;PLCB1;PRTN3;NTF3;IBSP;FLRT1;DIRAS3;NOS1;RASGRP1;TTC21B;PTGIS;HBA2;GPRASP1;ARPP21;NEU3;PTPRH;C5;DZANK1;SLC4A8,"[218, 235, 239, 345, 393, 639, 709, 766, 1027, 1386, 1587, 1666, 1706, 1836, 1889, 1941, 2020, 2130, 2199, 2349, 2455, 2870, 3190, 3275, 3711, 3783, 3852, 3910, 4444, 4535, 4600, 4807, 4914, 5146, 5543, 5566, 5600, 5682, 5867, 5903, 6276, 6362, 6394, 6399, 6504, 7085, 7090, 7110, 7188, 7395, 7486, 7570, 7700, 8125, 8372, 8471, 8588, 8773, 8935, 9106, 9156, 9225, 9305, 9350, 9477, 9514, 9704, 9708, 9906, 10060, 10350, 10380, 10384, 10632, 10673, 10949, 11155, 11213, 11226, 11542, 11565, 11584, 11605, 12022, 12385, 12423, 12443, 13306, 13317, 13323, 13499, 13545, 13715, 13754, 13838, 13879, 13881, 14168, 14212, 14571, 14577, 14795, 14865, 15129, 15460, 15643, 15702, 15780, 15846, 16013, 16019, 16232, 16398, 16445, 16686, 16777, 16916, 17107, 17192, 17512]",MSigDB_Oncogenic_Signatures__KRAS.PROSTATE UP.V1 DN
MSigDB_Oncogenic_Signatures,BMI1 DN.V1 DN,prerank,-0.23218489420129027,-0.9016912627353743,0.6950092421441775,0.8364174430352876,1.0,26_128,26/128,16.63%,SNX4;GAS7;LANCL1;IFI44L;CCKAR;PEG3;API5;PCP4;GPR88;TRIM2;CLDN16;DDX60;EHHADH;ETV1;CHMP2B;FAM76A;EGR1;BRCC3;PDE5A;SEMA3E;PDE4B;NMNAT2;DYNLT3;DCTN6;COL9A3;TRAPPC6A,KLF15;SLPI;LPAR2;TMEM176A;S100A4;TMEM176B;TSPO;HS6ST1;SOX2;METTL7A;IFITM1;ARHGAP15;ZNF423;VAV3;TNNT1;BST2;SCNN1A;GPR162;SNAI1;CREM;ABHD8;IDH1;SOCS2;TP63;MSRB2;FOS;TRAF3IP2;GTF2I;TRPS1;CES1;RXRG;IFI27;BMI1;HIST1H4H;CA2;PLEKHA4;DOK5;MYH13;BLVRB;ESRP1;MAOB;TEX14;EFHD1;IL1R1;ID4;ECH1;WDR25;WNT16;EEF1A2;HIST2H2BE;SUCLG2;STON1;SSBP2;PRDX2;PIK3R3;ISOC1;NDRG2;ALX4;WFDC2;GPX3;TSPAN1;PID1;PRPH;MVP;LMO3;ETFB;SOD2;PRPF6;CDH22;SEPP1;PLS1;SH3BGRL;TCEAL2;CITED1;NENF;KCNJ16;EPHA4;GPD1L;MSX2;CYP11A1;LECT1;DNAJC12;PNMAL1;PPARGC1A;GAS2;ARHGAP12;CLIP3;EIF4B;COL4A3BP;PDCD4;SLC17A6;CAB39;SFXN1;PADI2;DPYD;PCDH8;CHL1;TFAP2A;SSPN;IFI6;CTNNBIP1;TTC33;TRAPPC6A;COL9A3;DCTN6;DYNLT3;NMNAT2;PDE4B;SEMA3E;PDE5A;BRCC3;EGR1;FAM76A;CHMP2B;ETV1;EHHADH;DDX60;CLDN16;TRIM2;GPR88;PCP4;API5;PEG3;CCKAR;IFI44L;LANCL1;GAS7;SNX4,"[106, 207, 395, 541, 576, 626, 780, 1149, 1488, 1503, 1596, 1933, 1993, 2050, 2385, 2419, 2441, 2468, 2526, 2587, 2636, 2666, 2811, 2867, 2876, 2889, 2915, 2937, 3276, 3434, 3602, 3603, 3628, 3772, 4119, 4133, 4347, 4358, 4651, 4737, 4914, 4935, 5000, 5151, 5301, 5302, 5680, 5824, 5848, 5861, 5939, 5954, 6525, 6845, 6862, 7023, 7185, 7626, 7787, 7945, 8183, 8511, 8531, 8574, 8766, 9264, 9445, 9472, 9632, 9682, 9734, 9791, 9807, 9851, 9864, 10156, 10180, 10402, 10513, 10566, 10578, 11155, 11319, 11622, 11650, 11798, 11799, 11807, 11840, 11845, 11853, 11898, 11921, 12268, 12366, 12418, 12685, 12910, 13061, 13124, 13367, 14115, 14606, 14609, 14688, 14756, 14835, 15138, 15257, 15268, 15605, 15627, 15656, 15822, 15928, 15973, 16028, 16187, 16234, 16394, 16559, 16597, 16633, 16872, 16902, 17264, 17270, 17319]",MSigDB_Oncogenic_Signatures__BMI1 DN.V1 DN
MSigDB_Oncogenic_Signatures,PDGF UP.V1 UP,prerank,-0.2318108912573838,-0.903188999207495,0.7184466019417476,0.861520594567123,1.0,38_138,38/138,23.47%,NDUFS1;PPP1R12B;ATF6;ZBTB24;ARR3;SNRPD3;NEU3;MAPK6;NRAS;ARC;FAM149B1;GPSM2;INHBA;TET3;EGR1;SERINC1;AGFG1;RNF14;EGR3;ADAM9;SNRNP40;FAM98A;DIXDC1;ORC2;PANX1;KLF10;SEPT10;TRIP12;ANXA7;ATP6V0A2;GLOD4;URB2;SLC20A1;UTP3;RAB40B;ATAD2B;MPI;GNL1,DDIT4;SLC5A3;SLC7A5;CBX2;EZR;TFIP11;MORC2;HDAC4;TGIF2;NAB2;PFKFB3;CDKN1A;SLC30A1;SIK1;FOSL1;FKBP2;GNG11;FOS;ELP4;PPP1R37;ARHGEF15;LSM1;PAF1;SNRNP35;CCNE1;MOB1A;HTR1E;JOSD1;NCKAP1L;PEX11A;ZNF394;TAF12;CDC6;CDC25A;FDX1;CCL25;NEDD9;ATF3;UAP1;CCDC94;TJP2;GADD45A;HSPA2;MRPS11;PSMC3;LRPAP1;RAB35;CBX4;MMP17;HDLBP;P2RX1;MBTPS1;SLC39A7;ACOT11;ETS2;SLCO3A1;TMEM158;BICD2;RNF4;NDUFAF1;TFPI2;ETFB;NDN;NMBR;ELOVL2;CITED1;ATXN2;CLDND1;PARG;KCNK3;NUP160;RANBP6;SDC3;NBAS;DNAJA2;IFNAR1;STK10;MADD;CDK5R2;RNF19B;SERPINI1;CDK6;KDM6A;ZNF460;PSMC6;THOC2;VPS39;EXOSC10;FAM3C;CAPZA2;DUSP5;NDRG4;CHKA;KBTBD11;LAS1L;ZNF304;TRAF5;DEGS1;WDR46;ATXN7;GNL1;MPI;ATAD2B;RAB40B;UTP3;SLC20A1;URB2;GLOD4;ATP6V0A2;ANXA7;TRIP12;SEPT10;KLF10;PANX1;ORC2;DIXDC1;FAM98A;SNRNP40;ADAM9;EGR3;RNF14;AGFG1;SERINC1;EGR1;TET3;INHBA;GPSM2;FAM149B1;ARC;NRAS;MAPK6;NEU3;SNRPD3;ARR3;ZBTB24;ATF6;PPP1R12B;NDUFS1,"[11, 59, 312, 414, 507, 565, 1063, 1124, 1215, 1451, 1594, 1714, 1726, 1969, 2188, 2288, 2472, 2889, 2918, 3008, 3664, 4143, 4247, 4276, 4289, 4542, 4721, 4747, 4799, 4830, 4870, 5042, 5149, 5226, 5315, 5547, 5625, 5684, 5944, 6240, 6354, 6740, 6834, 6855, 6885, 7031, 7164, 7228, 7364, 7395, 7455, 7745, 7763, 7918, 7937, 8210, 8243, 8514, 8682, 8747, 8832, 9264, 9598, 9749, 9838, 9851, 10049, 10054, 10074, 10181, 10193, 10307, 10352, 10444, 10597, 10611, 10692, 10705, 10754, 10810, 10961, 11099, 11256, 11340, 11615, 11660, 11852, 11944, 12029, 12037, 12154, 12255, 12264, 12356, 12827, 12858, 12914, 13075, 13080, 13292, 13407, 13410, 13448, 13466, 13502, 13742, 13792, 13863, 13900, 14172, 14414, 14460, 14531, 14534, 14629, 14631, 14748, 14967, 15012, 15206, 15450, 15517, 15583, 15627, 15645, 16208, 16355, 16384, 16423, 16714, 16768, 16777, 16826, 16993, 17115, 17166, 17335, 17390]",MSigDB_Oncogenic_Signatures__PDGF UP.V1 UP
MSigDB_Oncogenic_Signatures,KRAS.LUNG.BREAST UP.V1 DN,prerank,0.22782231533699987,0.8669447997869936,0.7853982300884956,0.8671893316163889,1.0,28_120,28/120,18.76%,S100A7;PROC;RAMP3;DTX2;INPP5D;LGALS9;SCARF1;ATHL1;PTPRU;CYP21A2;CRABP2;METTL7A;RBM17;FLT1;GADD45G;CXCR7;VAV3;OLFML2A;EMR1;RARRES2;SLC6A9;COL2A1;TGM1;MXD3;CD248;PLBD1;KIF25;DEFB1,S100A7;PROC;RAMP3;DTX2;INPP5D;LGALS9;SCARF1;ATHL1;PTPRU;CYP21A2;CRABP2;METTL7A;RBM17;FLT1;GADD45G;CXCR7;VAV3;OLFML2A;EMR1;RARRES2;SLC6A9;COL2A1;TGM1;MXD3;CD248;PLBD1;KIF25;DEFB1;RYR1;CACNA1I;CCDC121;FGFR3;SLC12A3;NYNRIN;HTR1E;TRPM2;COBL;IGFBP2;SCN7A;KRT16;MEGF8;SERPINA10;KRT13;NCR3;HCN2;MTHFR;SOBP;MAST3;P2RX1;DPT;TBR1;VAX2;MAP2K6;MMP28;ART1;HIST1H3A;BDKRB1;UPK3B;GLS2;HHLA1;CXCL14;APOB;EPB41L4A;DTNB;GAMT;PARP3;CD6;MXRA8;RAG1;PAQR6;PDE6B;COL5A2;TNNI3;ATP6V1B1;HRK;HTR1B;THNSL2;LY6D;EPHX2;ERAP2;ANKRD1;GDNF;SERPINB13;SPTBN2;PIK3C2B;FRAS1;YPEL1;NSUN6;RUNDC3B;SLC3A1;SYNDIG1;PVALB;PDE3A;TAS2R4;GABRA4;MYL9;CLCA2;TNFSF10;IL5RA;CALML3;CDH12;ADAMTS20;SIDT1;KCNMB1;ALDH5A1;PBX1;NTF3;CCDC132;NOS1;ALOX12B;CALCB;TTLL1;SOX11;TRIM9;ADD2;NOX5;IFI44L;RTP4;CD36;AKAP6,"[235, 364, 378, 403, 448, 718, 739, 749, 857, 1077, 1490, 1503, 1516, 1534, 1669, 1941, 2050, 2244, 2331, 2452, 2569, 2752, 2870, 2903, 3050, 3210, 3236, 3286, 3704, 3829, 4259, 4371, 4461, 4479, 4721, 4738, 4807, 4812, 4973, 5146, 5179, 5650, 5682, 6362, 6692, 6721, 6840, 7038, 7455, 7501, 7507, 7529, 7672, 7744, 8067, 8116, 8507, 8594, 8917, 9003, 9270, 9399, 9465, 9577, 9819, 9971, 10125, 10161, 10241, 10267, 10548, 10693, 11027, 11176, 11201, 11252, 11376, 11531, 11584, 11838, 11940, 12063, 12116, 12210, 12233, 12257, 12300, 12350, 12730, 12814, 12820, 12830, 13044, 13200, 13516, 13517, 13774, 13874, 13885, 14316, 14348, 14565, 14715, 14747, 14947, 15130, 15460, 15746, 15846, 16212, 16218, 16238, 16271, 16617, 16769, 16834, 16902, 17079, 17434, 17479]",MSigDB_Oncogenic_Signatures__KRAS.LUNG.BREAST UP.V1 DN
MSigDB_Oncogenic_Signatures,CTIP DN.V1 DN,prerank,0.22848425413988346,0.8685046960501442,0.7819706498951782,0.8692755861924035,1.0,24_117,24/117,18.04%,PLEKHH3;LRRC32;RAC3;RUNX3;DDAH2;CARD10;FAM46C;LAIR1;BCAM;TREM2;CD7;MYOT;OLFML2A;CTF1;IL1RN;CYBRD1;MAPK11;CD53;INSL3;KIAA1199;TGM1;ZBTB22;FLJ11235;REEP2,PLEKHH3;LRRC32;RAC3;RUNX3;DDAH2;CARD10;FAM46C;LAIR1;BCAM;TREM2;CD7;MYOT;OLFML2A;CTF1;IL1RN;CYBRD1;MAPK11;CD53;INSL3;KIAA1199;TGM1;ZBTB22;FLJ11235;REEP2;SERPINB9;CASP5;TFEC;TFCP2L1;CYP4F12;MAOB;SCGB1A1;EDN1;KRT13;GPR19;WNT16;CHST15;PSORS1C2;CMKLR1;NRIP2;CLMN;RGS11;MYH1;PI15;KCTD17;PTGIR;FMO5;IL12B;PTGS1;RBMXL2;ADCK4;HIBADH;MYH14;ALX4;FOXRED2;ABLIM2;KLK5;CAMKV;CX3CL1;ZFY;ADAM15;KCNC1;CDKN1C;PTPRZ1;KNG1;TSPAN7;GZMB;ABCB4;RNF19A;AMPH;HIP1;CDH22;HCN4;CITED1;CNTF;ZSCAN2;KIAA1009;FAM169A;CCNA1;MORN1;APBA1;NUPL1;TTLL3;MAGEL2;DIP2C;ACOXL;ECE2;SLC3A1;SYNDIG1;TRPC6;NAT6;TAS2R4;STAG3;ARL5A;CYP4F3;NLGN3;CTNNBIP1;ABI3BP;SLC35D1;LCN1;ANO1;MGA;CCDC82;SACS;EDEM1;IQCG;RNF125;CA14;HLA-DOB;KCNH7;METTL10;PYCRL;IGSF9B;GPR144;OXNAD1;KPNA1;RASGRF1;EPB41L3,"[359, 671, 747, 751, 801, 861, 1073, 1183, 1209, 1622, 1650, 1957, 2244, 2253, 2260, 2338, 2344, 2531, 2805, 2817, 2870, 2968, 3057, 3160, 3556, 3624, 3880, 4091, 4880, 4914, 5545, 5566, 5682, 5702, 5824, 6099, 6225, 6226, 6243, 6417, 6480, 6589, 6590, 6611, 6622, 6672, 6713, 6934, 7128, 7264, 7325, 7464, 7626, 7683, 7685, 7821, 7887, 7950, 8053, 8085, 8302, 8377, 8386, 8499, 8501, 8826, 8856, 9115, 9183, 9203, 9632, 9710, 9851, 9983, 10097, 10137, 10259, 10863, 11164, 11179, 11271, 11631, 11895, 11915, 12328, 12432, 12814, 12820, 12932, 13169, 13200, 13300, 13338, 13350, 13363, 13367, 13391, 13490, 13567, 14132, 14232, 14862, 14961, 15140, 15219, 15364, 15830, 15856, 15883, 16000, 16126, 16156, 16342, 16379, 16527, 17048, 17221]",MSigDB_Oncogenic_Signatures__CTIP DN.V1 DN
MSigDB_Oncogenic_Signatures,STK33 SKM UP,prerank,-0.20828769015026197,-0.8590208081897603,0.8837638376383764,0.87245235739697,1.0,33_248,33/248,12.18%,HECW2;CD36;GPR137C;MYEF2;ACTA2;ZNF675;PLCXD2;STX12;PPCS;GPR135;STOX2;PKIB;KIAA1841;SERAC1;EVI5;SLC12A6;ZNF682;RNF141;AMN1;KIAA1107;DYNC2LI1;MFSD9;MAP2;ETV1;FAM177A1;SAMD8;ZNF763;PPP1R17;EGR1;TMOD2;TTC30B;SYNJ2BP;MPPED2,ACRC;NFKBIA;EMP3;FGR;BCL3;TMEM71;ADM;IRF1;TNFRSF11B;HMOX1;VSIG4;C5AR1;TYROBP;PHLDA1;LY96;DNAJB4;CMTM3;RIT1;RHOC;CD86;ARHGAP42;ADORA3;CDKN1A;MXD1;CTSK;BMF;LGALS1;CRK;HIST1H2AC;CYBRD1;CEP19;NFKBIZ;IL10RA;GNG11;HIST1H2BD;CD53;FCHSD1;CYTH4;PALLD;SQSTM1;IRF9;BTBD7;BCL2A1;FOS;PLXNB2;RGS2;ERRFI1;GPR132;OSBPL11;ST20;KLF6;TFPI;TNF;THAP1;ZFP36;HIST1H4H;TLR6;TFEC;MILR1;TGFB1I1;CALHM2;THBD;CD58;GBP3;SNX16;MFAP3;DUSP1;SGK1;P2RY14;IL1B;SLC7A11;NCF2;IL15;ZCCHC14;RGS1;ERMAP;IFI16;MIDN;GPR34;PLAU;RCBTB2;NMNAT1;FAM20C;ARRDC3;APPL2;GBP2;ADAM28;DAAM1;RND3;CD101;TBC1D8;SLC38A6;LFNG;HIST2H2BE;TK2;SULF2;GPR137B;SH2B3;ANXA1;NLRC4;TP53INP1;FGD4;MAFB;JUNB;CYBB;OLIG1;GPR65;HIST1H3H;NOV;ITGB8;ARL5B;TMEM107;HIST1H2AG;TNFAIP2;MYBPH;FGL2;GPR183;DUSP8;ASB2;TLR10;KIAA0895;HIST1H2AE;MFAP3L;CMTM1;HIST1H3A;LRRC37A2;CDKN1C;UNK;SKIL;PID1;KCNJ2;TMTC3;TLR1;RHOB;BBS12;FABP4;NAMPT;TFPI2;BTG2;ASPH;RNF19A;LPAR6;UPP1;CCL4;UBE2W;HIST1H2BJ;ARID5B;LCOR;TWF1;UNKL;FNBP1L;ZBTB6;FCHO2;MORN2;TRIB1;ZNF117;PLK2;STAM2;EPB41L5;OLR1;RNF19B;GDPD1;STX6;FAM131A;ZNF432;CPEB4;MPEG1;RTN1;TTLL7;SIPA1L2;GLIPR1;DPY19L4;SYCP2;NFXL1;CDC37L1;DNAJC15;DUSP5;NINJ2;ATRX;HINT3;HBEGF;KITLG;HIST1H2BC;AFF4;IL1A;WDR19;RASGRP3;CLDN1;CREB5;HIST1H2BG;CD9;KMO;NECAP1;NBEAL1;ZNF407;PTPRO;ZNF678;ZNF254;TP53INP2;LMBRD2;PTPRM;ACSL6;AMMECR1;TRIP11;TNFRSF21;MNS1;CPEB2;TRIM23;SETBP1;TCTEX1D1;KLHL28;DYX1C1;CFL2;PRTFDC1;LPXN;MPPED2;SYNJ2BP;TTC30B;TMOD2;EGR1;PPP1R17;ZNF763;SAMD8;FAM177A1;ETV1;MAP2;MFSD9;DYNC2LI1;KIAA1107;AMN1;RNF141;ZNF682;SLC12A6;EVI5;SERAC1;KIAA1841;PKIB;STOX2;GPR135;PPCS;STX12;PLCXD2;ZNF675;ACTA2;MYEF2;GPR137C;CD36;HECW2,"[62, 132, 270, 341, 347, 453, 468, 538, 664, 693, 774, 805, 865, 1095, 1117, 1169, 1198, 1364, 1447, 1574, 1589, 1629, 1714, 1793, 2008, 2180, 2269, 2270, 2286, 2338, 2366, 2368, 2448, 2472, 2489, 2531, 2608, 2659, 2741, 2762, 2767, 2782, 2841, 2889, 2956, 2984, 3005, 3058, 3158, 3300, 3324, 3378, 3515, 3555, 3755, 3772, 3775, 3880, 4059, 4073, 4141, 4174, 4213, 4222, 4248, 4344, 4446, 4545, 4593, 4629, 4658, 4720, 4728, 4782, 4861, 4897, 5020, 5099, 5106, 5250, 5275, 5325, 5409, 5410, 5413, 5440, 5496, 5546, 5629, 5660, 5675, 5811, 5856, 5861, 5872, 6121, 6143, 6169, 6173, 6231, 6245, 6256, 6394, 6511, 6563, 6812, 6823, 6850, 7052, 7057, 7061, 7130, 7162, 7216, 7270, 7289, 7403, 7440, 7473, 7816, 7819, 7914, 7928, 7947, 8116, 8350, 8377, 8414, 8425, 8511, 8539, 8609, 8679, 8719, 8769, 8786, 8789, 8832, 8882, 9020, 9115, 9144, 9224, 9267, 9294, 9391, 9401, 9523, 9835, 9849, 9957, 10138, 10171, 10201, 10208, 10292, 10655, 10684, 10718, 10770, 10810, 10847, 10856, 11084, 11111, 11149, 11170, 11186, 11189, 11253, 11479, 11578, 11583, 11693, 11836, 12149, 12154, 12217, 12221, 12239, 12285, 12483, 12582, 12594, 12614, 12653, 12728, 12800, 12917, 13104, 13114, 13213, 13285, 13360, 13381, 13395, 13430, 13585, 13610, 13690, 13835, 13889, 13954, 14070, 14131, 14135, 14178, 14366, 14447, 14493, 14626, 14804, 14958, 14976, 15176, 15385, 15443, 15516, 15584, 15627, 15721, 15858, 15860, 15897, 15928, 15965, 16024, 16177, 16253, 16424, 16437, 16480, 16485, 16502, 16574, 16646, 16762, 16860, 16876, 16926, 16944, 16991, 17014, 17077, 17273, 17311, 17434, 17507]",MSigDB_Oncogenic_Signatures__STK33 SKM UP
MSigDB_Oncogenic_Signatures,IL21 UP.V1 DN,prerank,0.22060861413541066,0.8557060356169458,0.8247422680412371,0.8831289695642558,1.0,11_143,11/143,5.69%,CD177;TLR5;ZNF358;FES;RAMP3;ECHDC3;TG;CEL;MEOX2;AIRE;OSGIN1,CD177;TLR5;ZNF358;FES;RAMP3;ECHDC3;TG;CEL;MEOX2;AIRE;OSGIN1;GPC4;LCN2;ELTD1;TINAGL1;CLDN10;BEST2;RIN2;RHOD;PTGDS;TIMP3;PLEK;TREM1;WNT4;BCL2L10;LRP3;NDP;KCNC4;SLC25A31;LRP5L;ITGA6;SLC24A6;GPC3;HAL;SPTBN4;CYP3A5;USP18;GUCA1B;SLC22A7;ZNF550;SCN7A;F11;POU1F1;AP3B2;HYAL3;PHKG1;ADAM28;DGKQ;GPX2;CIDEA;CLEC7A;ACHE;FAM124B;CCK;CMKLR1;ZNF446;MTL5;CYP46A1;EFNA5;FGF16;SEC14L2;SLC17A5;LDOC1;KLHDC8A;DOC2A;PRKG1;KIAA1462;EPS8;GJB3;CACNA2D3;KCNS1;PCDHB3;CCDC64;SP4;TSPAN7;USP27X;CRYGB;ADRA1B;THEG;GPR20;PACRG;ASPHD1;LATS1;CD72;NACAD;CORO2A;ACVR2A;KDR;LRCH1;PNMA3;FRMD4A;IL12A;PDE6B;CUX2;SOX3;ZNF286A;TNNI3;SLC16A2;CNTN2;MTNR1A;LMOD1;DNAH7;GDNF;HIST1H2AK;NRXN1;PDE1C;A4GNT;PDE3A;PRSS16;PARM1;NPY5R;USP9Y;PRR5L;PRKG2;CHGB;RALGPS2;PCDH9;DIRAS2;LRP2BP;GSR;HTR3B;PROX1;MYLK;PLCB4;LPPR4;OR1F1;CNTNAP3B;NTF3;ITGA2;HBD;ZNF629;CEP41;GCNT4;HKDC1;CHFR;ZNF324B;BTBD3;MAB21L1;PCP4;LPA;MPDZ;NUDT7;ZNF155,"[91, 95, 277, 329, 378, 429, 504, 508, 672, 847, 996, 1676, 1836, 1913, 2056, 2200, 2454, 2619, 2653, 2819, 3019, 3296, 3333, 3643, 3669, 3678, 3783, 3855, 3871, 3969, 4120, 4225, 4351, 4476, 4518, 4567, 4613, 4633, 4635, 4780, 4973, 5199, 5391, 5395, 5399, 5493, 5496, 5558, 5584, 5679, 5747, 5873, 6050, 6217, 6226, 6328, 6388, 6441, 6617, 6665, 6673, 6737, 6748, 6813, 6961, 7044, 7075, 7145, 7516, 7784, 7991, 8132, 8146, 8359, 8501, 8601, 8958, 9536, 9712, 9741, 9750, 9890, 9929, 10026, 10056, 10065, 10101, 10163, 10164, 10315, 10360, 10432, 10548, 10764, 10947, 11007, 11027, 11033, 11306, 11800, 11847, 11941, 12063, 12489, 12564, 12612, 13037, 13044, 13129, 13243, 13464, 13873, 13956, 14050, 14158, 14296, 14317, 14403, 14427, 14462, 14522, 14536, 14708, 15159, 15271, 15411, 15442, 15460, 15635, 15675, 15820, 15828, 16022, 16097, 16285, 16302, 16327, 16419, 16559, 16652, 16682, 16750, 16880]",MSigDB_Oncogenic_Signatures__IL21 UP.V1 DN
MSigDB_Oncogenic_Signatures,BMI1 DN MEL18 DN.V1 DN,prerank,0.2207764657073778,0.857699827114233,0.8453389830508474,0.8842996418949997,1.0,31_135,31/135,18.26%,MIA;SLPI;FCGRT;AK1;TMEM176A;S100A4;TMEM176B;NUDT9;ITGA7;ACOX2;MTA2;SOX2;METTL7A;IFITM1;ZNF423;VAV3;NR2E1;BST2;SCNN1A;AQP3;CREM;IDH1;IRF9;SOCS2;MSRB2;FOS;CTSH;UBE2L6;SECTM1;REEP2;SPINT2,MIA;SLPI;FCGRT;AK1;TMEM176A;S100A4;TMEM176B;NUDT9;ITGA7;ACOX2;MTA2;SOX2;METTL7A;IFITM1;ZNF423;VAV3;NR2E1;BST2;SCNN1A;AQP3;CREM;IDH1;IRF9;SOCS2;MSRB2;FOS;CTSH;UBE2L6;SECTM1;REEP2;SPINT2;SLC16A4;IFI27;BMI1;TCEA2;APOE;CA2;SEC31B;LY6E;DOK5;ID2;DPM3;ABCA4;ESRP1;PEX11A;MAOB;EFHD1;IL1R1;ID4;LEPR;HIST2H2BE;STON1;KLHL2;CYTL1;GPR137B;NEFH;PRDX2;PDLIM5;TMOD1;A2M;WFDC2;GPX3;TSPAN1;OGDHL;DUSP2;LMO3;ETFB;CXCL14;CH25H;RBP4;CDH10;SEPP1;TCEAL2;CRLF1;ASPHD1;SPINT1;KCNJ16;DLK1;EPHA4;OSBPL10;LECT1;CUX2;SERPINI1;MXRA5;OLFM4;PNMAL1;NSF;SLC4A4;PPARGC1A;GAS2;CLIP3;PDCD4;SLC17A6;ARSD;ERCC4;DPYD;PCDH8;PDE7B;GNPTAB;CHL1;UNC5C;KCNV1;PDE3A;SSPN;IFI6;MCTS1;TTC33;PROM1;TSFM;EDN3;MAP7;COL9A3;SPAG16;DYNLT3;NMNAT2;PDE4B;SEMA3E;PDE5A;PIGN;DIRAS3;PCSK1;EHHADH;DDX60;TRIM2;GPR88;RNF115;EVI5;EYA4;COL14A1;PCP4;API5;PEG3;CCKAR;GAS7;PENK,"[53, 207, 266, 305, 541, 576, 626, 962, 1142, 1301, 1393, 1488, 1503, 1596, 1993, 2050, 2060, 2419, 2441, 2445, 2587, 2666, 2767, 2811, 2876, 2889, 2919, 2986, 3034, 3160, 3198, 3576, 3603, 3628, 3672, 4072, 4119, 4152, 4334, 4347, 4494, 4506, 4735, 4737, 4830, 4914, 5000, 5151, 5301, 5645, 5861, 5954, 6031, 6137, 6143, 6181, 6845, 7150, 7300, 7770, 7787, 7945, 8183, 8254, 8364, 8766, 9264, 9270, 9360, 9547, 9651, 9682, 9807, 9811, 9890, 10018, 10156, 10158, 10180, 10357, 10578, 10764, 10961, 11030, 11087, 11319, 11436, 11524, 11622, 11650, 11799, 11845, 11853, 12142, 12343, 12366, 12418, 12468, 12558, 12685, 12729, 12870, 13044, 13061, 13124, 13455, 14115, 14117, 14376, 14394, 14559, 14609, 14733, 14756, 14835, 15138, 15257, 15268, 15434, 15780, 15963, 15973, 16028, 16234, 16394, 16450, 16502, 16524, 16546, 16559, 16597, 16633, 16872, 17270, 17492]",MSigDB_Oncogenic_Signatures__BMI1 DN MEL18 DN.V1 DN
MSigDB_Oncogenic_Signatures,EIF4E DN,prerank,0.2278997425985924,0.8335516021219299,0.8101010101010101,0.923395039379745,1.0,11_95,11/95,10.30%,MMP9;KLHL21;TRIM47;FXR1;C3;SQRDL;ANGPTL4;C2CD2;TNIP1;ITPRIP;CLDN23,MMP9;KLHL21;TRIM47;FXR1;C3;SQRDL;ANGPTL4;C2CD2;TNIP1;ITPRIP;CLDN23;CYP1B1;NKAPL;TP53BP2;FNDC3B;CASP10;PDK4;USP47;STAT5A;LOXL1;MAP3K5;CTSC;ESRP1;ALPK1;MYO10;PLAU;RCBTB2;CWC22;MGEA5;DOCK1;NPEPPS;UPF2;SDR16C5;TBCK;TSPAN6;DENND2D;CCAR1;CNKSR3;CD55;NEDD4L;EPDR1;RANBP2;PTER;IQGAP1;UBA7;SVIL;NCOA6;KPNA4;PLEKHA5;PARP8;FAS;FAM160B1;SORT1;OFD1;SNAPC1;PRDX4;SLC46A3;SEMA4D;MCPH1;PTGS2;IL36G;CLINT1;COL4A3BP;LMO7;FZD3;SAA4;EP400;FRMD4B;NCOA7;VPS13C;MYH10;PHIP;SGPP2;TP53BP1;SH3YL1;APPBP2;ARHGAP32;DIP2B;MKL2;TRIP11;TPD52;FUCA1;STRBP;LRBA;ADAM9;PRMT10;WDFY3;ARID4B;SIK3;GATA6;CLTC;KIAA0196;PRRC2C;GALNT5;DCTN4,"[27, 361, 526, 1074, 1102, 1131, 1365, 1424, 1584, 1783, 1803, 2464, 2523, 2880, 3059, 3306, 3521, 3618, 4109, 4163, 4419, 4687, 4737, 4849, 4931, 5250, 5275, 5372, 5574, 5632, 5662, 5707, 5833, 6085, 6211, 6846, 6940, 6971, 7474, 7756, 7916, 8103, 8162, 8419, 8451, 8639, 8767, 9134, 9411, 9482, 9493, 9923, 9962, 10126, 10135, 10397, 10498, 11152, 11167, 11182, 11347, 11606, 11840, 11855, 12043, 12049, 12087, 12243, 12289, 12320, 12400, 12727, 12737, 12764, 12806, 13142, 13272, 13420, 13906, 14070, 14165, 14256, 14419, 14938, 15012, 15190, 15213, 15255, 15426, 15710, 15879, 16092, 16094, 17155, 17280]",MSigDB_Oncogenic_Signatures__EIF4E DN
MSigDB_Oncogenic_Signatures,RB P130 DN.V1 DN,prerank,-0.21262927945299115,-0.8170603818984181,0.9039855072463768,0.929854971346757,1.0,19_124,19/124,13.20%,GPCPD1;MFN1;SPG11;PYROXD1;STAT1;RASA1;EVI5;UHRF1BP1L;TXNDC9;AKAP9;ATAD1;DDX46;TYW5;IDI1;ATP9B;DYNC1I2;APPL1;KIF16B;CXCL12,HSPA1B;RAB24;CLU;GDPD3;RNASET2;GJB2;DSP;HK2;PNRC2;KRT10;CTSK;CASP6;STAT6;IDH1;SOX21;SH3BP5L;ZMPSTE24;GNAI3;SLC2A1;PLBD1;SEC24C;DEFB1;KIAA1161;RRAS;PVRL4;USP47;PCDHB17;FAM32A;EBPL;PARP9;EIF2S2;CTSB;IFITM10;USP18;TOMM34;CTSC;VDR;SELK;DNAJC1;SLC10A6;ARHGAP24;SPOP;HTRA1;VOPP1;RCN1;GADD45A;BNC1;LIFR;CD1D;MORC3;PRPF38B;KDM5B;NRARP;RHOV;LAMP1;DNAJC7;COPB1;HLA-G;CHMP1B;B2M;TMEM123;DDX3X;DSTYK;TFB2M;RRAGA;LAMP2;CLIP1;SCEL;RB1;KLK7;TMEM140;LLPH;RAB8B;SMEK2;SNX2;WDR26;GNS;OLR1;ABCG2;FBXO28;GLO1;LGALSL;ASB13;CAPZA2;RAP2C;NAB1;BNIP3;ZDHHC20;ARRDC4;KLK6;KRT1;PTPLB;TXLNG;ANKFY1;ATP6AP2;ESF1;CSDE1;UBXN4;DDX1;ERAP1;TMEM87A;AVL9;EIF3J;NCL;SEC23A;CXCL12;KIF16B;APPL1;DYNC1I2;ATP9B;IDI1;TYW5;DDX46;ATAD1;AKAP9;TXNDC9;UHRF1BP1L;EVI5;RASA1;STAT1;PYROXD1;SPG11;MFN1;GPCPD1,"[7, 42, 216, 278, 482, 724, 740, 1337, 1416, 1852, 2008, 2212, 2644, 2666, 2683, 2728, 2844, 3127, 3156, 3210, 3282, 3286, 3418, 3458, 3493, 3618, 3839, 4013, 4058, 4116, 4201, 4381, 4596, 4613, 4660, 4687, 4946, 5211, 5800, 5911, 6305, 6355, 6416, 6523, 6597, 6740, 6785, 6831, 6891, 6912, 6957, 7138, 7898, 7936, 8117, 8324, 8333, 8447, 8482, 8604, 8640, 8765, 8933, 8969, 9080, 9133, 9175, 9350, 9620, 9717, 9740, 9952, 9955, 10045, 10146, 10344, 10538, 10770, 10849, 11146, 11537, 11672, 11835, 12037, 12334, 12337, 12352, 12518, 12528, 12536, 12750, 12916, 12995, 13225, 13252, 13337, 13382, 13593, 13598, 13745, 13800, 13936, 14349, 14777, 14832, 15207, 15344, 15377, 15533, 15620, 15748, 15814, 15870, 16185, 16195, 16249, 16311, 16502, 16602, 16938, 17267, 17358, 17377, 17463]",MSigDB_Oncogenic_Signatures__RB P130 DN.V1 DN
MSigDB_Oncogenic_Signatures,BRCA1 DN.V1 UP,prerank,0.220226884318388,0.8218649405988407,0.8586278586278586,0.93233530578297,1.0,19_107,19/107,17.09%,ISYNA1;RCN3;SIX1;LGALS9;CLDN6;SLC43A1;UPK1B;FAM46C;MYBPC1;ARHGAP15;RHOH;ZNF423;CD34;FCGBP;CD160;CILP;VAV1;LEPREL2;DENND1C,ISYNA1;RCN3;SIX1;LGALS9;CLDN6;SLC43A1;UPK1B;FAM46C;MYBPC1;ARHGAP15;RHOH;ZNF423;CD34;FCGBP;CD160;CILP;VAV1;LEPREL2;DENND1C;LTC4S;SLC16A4;MTMR8;RNF122;CLDN14;ETNK2;HMGA2;OSR2;WDR25;CLEC7A;IQCA1;LRTM1;AIM2;CMKLR1;RAG2;HIST1H3E;NKX2-2;POU2F3;CDX1;CHD5;HAAO;HOXB7;ANGPT4;CRYGD;EXTL1;NEUROD4;GPR6;SP4;KLHL35;TACR3;RPP25;CTLA4;DNAAF1;PRSS21;DAZL;HIST1H2BJ;KCNB2;KCNA2;CDH22;B3GALT2;DAGLA;GABRB1;LRMP;APBB1;PTPRS;KCNJ16;IL1RL2;RLN1;STAR;CYP2U1;DDX25;TTLL7;LDB2;CCKBR;LHX6;THBS2;PAEP;SHANK1;TRPA1;SLC16A6;CDH13;TRPM8;SLCO1A2;SGCA;ROPN1B;THPO;TP53TG5;TRPV6;USP9Y;NEUROD6;GJA5;BTG4;CNTN6;TIMP4;INE1;NLGN4Y;IL5;KCNH7;CTNNA3;MAP2;TNC;ZNF682;CHRNA6;GRID2;LRRTM2;ZNF780B;ZNF529;CDKL5,"[18, 181, 252, 718, 864, 1004, 1061, 1073, 1896, 1933, 1975, 1993, 2142, 2345, 2405, 2649, 2843, 2957, 2993, 3532, 3576, 4606, 4758, 4823, 4860, 5446, 5665, 5680, 5747, 5885, 5892, 5965, 6226, 6247, 6373, 6510, 7027, 7271, 7310, 7312, 7372, 7876, 8125, 8182, 8221, 8342, 8359, 8498, 8564, 8803, 8921, 8925, 9006, 9243, 9391, 9407, 9477, 9632, 9706, 9796, 9868, 10007, 10022, 10043, 10156, 10345, 10363, 10420, 10937, 11042, 11189, 11274, 11437, 11608, 11701, 11773, 11951, 12111, 12448, 12477, 12610, 12776, 13343, 13512, 13556, 13744, 13757, 13873, 14143, 14171, 14426, 14545, 14682, 14910, 15262, 15390, 15883, 15937, 15965, 16400, 16480, 16521, 16564, 16580, 16717, 17072, 17515]",MSigDB_Oncogenic_Signatures__BRCA1 DN.V1 UP
MSigDB_Oncogenic_Signatures,DCA UP.V1 UP,prerank,0.20806232334272654,0.8240003066015399,0.9051724137931034,0.9348175971475793,1.0,14_147,14/147,10.37%,NPC1L1;WISP1;EYA2;SIX1;GDPD3;USF2;PRRG4;DCXR;RPRM;FGF22;SERPINA1;IRGC;CDC45;CRIP2,NPC1L1;WISP1;EYA2;SIX1;GDPD3;USF2;PRRG4;DCXR;RPRM;FGF22;SERPINA1;IRGC;CDC45;CRIP2;LAMC3;ZSWIM1;GIPR;PIGV;TSKS;INSL3;IL8;COLQ;SERPING1;MYCT1;FGD1;IL23A;AURKB;LIMD1;COPZ2;FRMPD1;ACP5;MCF2L;COBL;MAPK8IP2;CLN6;INO80B;CABIN1;EPHB6;TNNT2;WDR25;KRT13;ARHGDIG;CLEC7A;SPIN2A;WNT16;ZNF750;PNMT;CASP2;CLCN2;ATP1B2;CAPN11;SLC22A14;AIF1;TYRO3;BCAS4;SNX17;F2;MDK;NTN3;DNAL4;CATSPERB;GRIA1;KIF17;MX1;RAI1;TACR3;GPA33;GRIN2D;MCTP2;OR3A2;CUBN;NRXN2;SLC28A1;GLS2;CRYGB;HHLA1;CD70;WNT2;PTPRT;ANKRD53;OVGP1;LRFN3;CYP3A43;CNGB3;RNASEL;ZNF117;TNS4;ELAVL4;WASL;ADARB2;CD27;AK5;SARDH;HTR6;LPAR3;PTGFR;PHLDB1;BEST1;KLRB1;ITGA8;TTLL3;CLPB;ZNF639;VPS39;OXCT2;ANKRD1;KIAA0513;BTN3A1;MYOZ3;SOS2;TCEB3B;ADAM19;GPR45;IFIT2;CREB5;RIMS2;ZNF91;CACNG5;CD82;ZNF157;PQLC3;GABRB2;BMX;ZNF185;USP6NL;DPP6;CCDC87;KLHL3;EFS;DNAJC28;ZSCAN12;KREMEN2;PAK1IP1;RNF125;TTC18;DNAJC16;CORT;KIAA1107;MAPK8;BFSP1;GARNL3;CCDC71;GRM5;RPE65;COPG2;ATF6;PLAA,"[30, 130, 220, 252, 278, 700, 765, 918, 948, 1206, 1224, 1514, 1692, 1816, 2141, 2296, 2424, 2597, 2682, 2805, 2920, 3087, 3289, 3441, 3710, 3864, 4224, 4304, 4391, 4408, 4430, 4532, 4807, 4918, 4962, 4989, 5041, 5600, 5671, 5680, 5682, 5743, 5747, 5796, 5824, 5867, 6030, 6081, 6159, 6196, 6340, 6711, 6768, 6772, 7049, 7273, 7524, 7550, 7753, 7761, 7966, 8002, 8263, 8348, 8372, 8564, 8602, 8633, 8667, 8749, 8753, 8801, 8911, 8917, 8958, 9003, 9283, 9348, 9417, 9590, 9638, 9731, 9767, 9814, 10263, 10292, 10297, 10303, 10524, 10541, 10630, 10632, 11013, 11107, 11119, 11263, 11333, 11350, 11447, 11611, 11631, 11710, 11832, 11852, 11918, 11940, 12105, 12140, 12394, 12680, 12715, 12717, 12733, 12848, 12917, 13082, 13189, 13205, 13246, 13438, 13498, 13883, 13982, 14056, 14211, 14275, 14490, 14709, 14852, 14893, 15000, 15061, 15088, 15364, 15457, 15887, 15954, 16253, 16304, 16380, 16595, 16690, 16741, 17113, 17131, 17166, 17365]",MSigDB_Oncogenic_Signatures__DCA UP.V1 UP
MSigDB_Oncogenic_Signatures,GCNP SHH UP LATE.V1 UP,prerank,0.19518440872514162,0.7885853424763279,0.9700214132762313,0.9726828266015196,1.0,29_172,29/172,15.17%,CKS2;HSPB2;SIX4;CASP4;PVRL2;IGF2;MCM10;MRPL18;FTSJ3;UNG;NXF1;SQRDL;MUC1;CYP4B1;XPO1;FANCC;THOP1;PAN2;NOP56;CCR2;UFD1L;FMR1NB;SDC2;DDX39A;PLEKHA7;ASB3;USP39;CREM;SGOL1,CKS2;HSPB2;SIX4;CASP4;PVRL2;IGF2;MCM10;MRPL18;FTSJ3;UNG;NXF1;SQRDL;MUC1;CYP4B1;XPO1;FANCC;THOP1;PAN2;NOP56;CCR2;UFD1L;FMR1NB;SDC2;DDX39A;PLEKHA7;ASB3;USP39;CREM;SGOL1;SOCS2;TMOD3;HNF1A;CD80;LLGL2;CFDP1;TEAD3;SERPINB9;VCAN;PSMC3IP;DIDO1;KIFC1;PTPRC;LOXL2;AURKB;PTPRCAP;KIF2C;RRM2;MOB1A;BOK;TK1;TOP2A;CDC25A;LRRC23;GBP2;MAGOH;LEFTY1;P2RY2;NUSAP1;VPRBP;MIOS;TRIP13;POLRMT;RAG2;SPOP;NKX2-2;NPAS1;IVNS1ABP;LIG1;PIK3CA;CD5;SRSF1;LARP7;FAM60A;NAA30;PFDN6;SLTM;ZFX;SRSF10;E2F8;GFM2;FOXA1;NR5A2;SLC29A1;RYK;COPB1;CDK1;MBD2;MCM5;CUL4A;LBR;ZNF638;DDX3X;ELAVL2;PCSK2;MAP3K7;ELOVL2;POLA2;SSX2IP;CD6;AURKA;TARDBP;ZNF644;COIL;FRMD6;MPHOSPH10;PLK2;PCNT;HIGD1A;SARDH;CLCN5;YTHDF3;SYT4;GNL3;SACM1L;CDCA7;COX7B;NPTX1;STRN3;SPATA5;FBXO11;MCM6;RLIM;METAP1;INCENP;EIF3A;MATR3;CCND2;YWHAE;HNRNPA3;MRTO4;SLC7A6;CLIC4;ARL5A;CDC25C;ATAD2B;PRC1;LUC7L3;MIS18BP1;GALNT3;NAA15;TNFSF10;EIF2A;PHTF2;IDH2;CHEK1;ZMYM6;CLIP4;TM9SF3;ZNF281;SLC12A1;SFRP1;SMC4;CASD1;MYB;PSME4;DES;NPM1;SMC2;RRM1;MCM4;FANCM;ARIH1;SLC23A2;DNM1L;MDN1;TOP2B;TIMM8A;PTCD3;GART;VPS4B;ABCE1;ZKSCAN1,"[176, 298, 299, 515, 574, 826, 843, 850, 904, 940, 1036, 1131, 1180, 1352, 1469, 1672, 1691, 1931, 2049, 2082, 2107, 2119, 2140, 2153, 2429, 2461, 2498, 2587, 2657, 2811, 2941, 3074, 3114, 3365, 3420, 3547, 3556, 3662, 3713, 3798, 3897, 3989, 4066, 4224, 4242, 4284, 4435, 4542, 4634, 4874, 5039, 5226, 5290, 5440, 5507, 5642, 6020, 6066, 6090, 6136, 6199, 6202, 6247, 6355, 6510, 6863, 6898, 6992, 7105, 7134, 7195, 7346, 7400, 7412, 7436, 7655, 7727, 8142, 8154, 8200, 8215, 8229, 8230, 8260, 8333, 8376, 8398, 8417, 8475, 8625, 8658, 8765, 8893, 9409, 9639, 9838, 9889, 10102, 10125, 10139, 10154, 10254, 10256, 10348, 10636, 10655, 10697, 11000, 11013, 11115, 11323, 11473, 11505, 11538, 11704, 11850, 11865, 11966, 11984, 12416, 12498, 12505, 12552, 12586, 12714, 12869, 12887, 12907, 13094, 13136, 13261, 13304, 13338, 13437, 13448, 13566, 13644, 13677, 13789, 13799, 13874, 14039, 14261, 14286, 14334, 14561, 14749, 14829, 14857, 15113, 15127, 15156, 15191, 15452, 15553, 15563, 15766, 16090, 16148, 16190, 16299, 16353, 16519, 16779, 16785, 16912, 16964, 17073, 17114, 17161, 17352, 17355]",MSigDB_Oncogenic_Signatures__GCNP SHH UP LATE.V1 UP
MSigDB_Oncogenic_Signatures,STK33 UP,prerank,0.18539688263116244,0.7808853707475768,0.987012987012987,0.974044337290937,1.0,45_261,45/261,16.50%,MAFF;PPBP;BCL3;CLEC2B;TMEM71;ADM;TGIF1;BCL6;STC1;HMOX1;VSIG4;C5AR1;TYROBP;PHLDA1;GDF15;LY96;CMTM3;RIT1;RHOC;LRRC25;GJA1;ADORA3;CDKN1A;CXCL1;CSRNP1;ICAM1;ZFP36L1;OTUD1;BMF;CXCL3;CRK;HIST1H2AC;CYBRD1;IL10RA;GNG11;FOXQ1;RIN2;ABCA1;SQSTM1;IRF9;BTBD7;JUN;PPP1R15A;BCL2A1;FOS,MAFF;PPBP;BCL3;CLEC2B;TMEM71;ADM;TGIF1;BCL6;STC1;HMOX1;VSIG4;C5AR1;TYROBP;PHLDA1;GDF15;LY96;CMTM3;RIT1;RHOC;LRRC25;GJA1;ADORA3;CDKN1A;CXCL1;CSRNP1;ICAM1;ZFP36L1;OTUD1;BMF;CXCL3;CRK;HIST1H2AC;CYBRD1;IL10RA;GNG11;FOXQ1;RIN2;ABCA1;SQSTM1;IRF9;BTBD7;JUN;PPP1R15A;BCL2A1;FOS;RGS2;ST20;KLF6;TREM1;NME7;TFPI;EMP1;TNF;THAP1;HAVCR2;ZFP36;TLR6;TFEC;HBP1;MILR1;THBD;GBP3;SNX16;MFAP3;DUSP1;KYNU;ANKRD40;SGK1;P2RY14;IL1B;SLC7A11;DAPK1;NCF2;ZCCHC14;RGS1;IFI16;MIDN;RNF149;GPR34;GAN;PLAU;USP53;FAM20C;ARRDC3;APPL2;IL6ST;ADAM28;DAAM1;CXCL2;RND3;CD101;SLC38A6;SOS1;LFNG;HIST2H2BE;SULF2;GPR137B;ANXA1;NLRC4;TP53INP1;MAFB;CC2D1B;CYTH2;JUNB;PELI1;SOCS6;NRP1;MANBAL;GPR65;NOV;ITGB8;ARL5B;FGL2;DUSP8;CDKN1B;LIMK1;WBP2;ASB2;ZRSR1;TLR10;KIAA0895;CMTM1;HNMT;HIST1H3A;UNK;PID1;KCNJ2;TLR1;RHOB;BTG3;BBS12;FABP4;NAMPT;COL6A3;TFPI2;BTG2;WNT5A;ASPH;ACSM3;RNF19A;LPAR6;SPRED1;UPP1;CCL4;UBE2W;ARID5B;ANKRD12;LCOR;CNIH3;TDO2;OSTM1;ABHD2;TWF1;UNKL;FNBP1L;ZBTB6;FCHO2;MORN2;TRIB1;ZNF117;AQP9;NCEH1;STAM2;GALNT4;OLR1;VWA5A;RNF19B;STX6;SAMD9L;CPEB4;MPEG1;RTN1;TTLL7;SIPA1L2;BTN2A1;GLIPR1;MAP4K3;DPY19L4;WDR20;NFXL1;MYOZ2;PPP3R1;COQ10B;CDC37L1;GFPT1;RAB12;DNAJC15;DUSP5;HINT3;NKIRAS1;HBEGF;GNPDA2;KITLG;RNF121;HIST1H2BC;AFF4;IL1A;WDR19;ACVR1;RASGRP3;CLDN1;CREB5;CLVS1;HIST1H2BG;CD9;KMO;NECAP1;NBEAL1;PTPRO;GPATCH2;FAM198B;LMBRD2;AKTIP;FNDC3A;KBTBD8;NUAK1;TRIP11;CPEB2;ZEB2;MTSS1;TRIM23;SETBP1;SEPT10;PANX1;KLHL28;DYX1C1;AUH;ATXN1;KIAA1468;CFL2;PRTFDC1;SYNJ1;EGR3;TTC30B;EGR1;ZMYND11;PPP1R17;SAMD8;FAM177A1;GPRIN3;DYNC2LI1;KIAA1107;DOCK4;AMN1;RNF141;SLC12A6;ZNF222;SCG2;GLCE;KIAA1841;PKIB;GPR135;PPCS;STX12;EGR2;PLCXD2;MTMR9;GPR137C;CD36;ATG14;HECW2,"[26, 294, 347, 389, 453, 468, 481, 489, 634, 693, 774, 805, 865, 1095, 1105, 1117, 1198, 1364, 1447, 1467, 1579, 1629, 1714, 1774, 1782, 1872, 2102, 2158, 2180, 2258, 2270, 2286, 2338, 2448, 2472, 2571, 2619, 2620, 2762, 2767, 2782, 2824, 2828, 2841, 2889, 2984, 3300, 3324, 3333, 3371, 3378, 3435, 3515, 3555, 3593, 3755, 3775, 3880, 3903, 4059, 4174, 4222, 4248, 4344, 4446, 4450, 4544, 4545, 4593, 4629, 4658, 4698, 4720, 4782, 4861, 5020, 5099, 5105, 5106, 5227, 5250, 5380, 5409, 5410, 5413, 5448, 5496, 5546, 5578, 5629, 5660, 5811, 5826, 5856, 5861, 6121, 6143, 6173, 6231, 6245, 6394, 6415, 6427, 6511, 6537, 6633, 6661, 6757, 6823, 7052, 7057, 7061, 7289, 7440, 7452, 7458, 7460, 7473, 7504, 7816, 7819, 7947, 8092, 8116, 8414, 8511, 8539, 8679, 8719, 8730, 8769, 8786, 8789, 8818, 8832, 8882, 8910, 9020, 9095, 9115, 9144, 9194, 9224, 9267, 9294, 9401, 9484, 9523, 9645, 9732, 9827, 9828, 9835, 9849, 9957, 10138, 10171, 10201, 10208, 10292, 10543, 10649, 10684, 10747, 10770, 10789, 10810, 10856, 10981, 11149, 11170, 11186, 11189, 11253, 11462, 11479, 11491, 11578, 11609, 11693, 11709, 11801, 11813, 11836, 11888, 11957, 12149, 12154, 12239, 12270, 12285, 12403, 12483, 12516, 12582, 12594, 12614, 12653, 12679, 12728, 12800, 12917, 13027, 13104, 13114, 13213, 13285, 13360, 13395, 13613, 13660, 13690, 13720, 13895, 13952, 13974, 14070, 14178, 14204, 14231, 14366, 14447, 14460, 14534, 14626, 14804, 14861, 14916, 14929, 14958, 14976, 15067, 15206, 15516, 15627, 15660, 15721, 15860, 15897, 15910, 16177, 16253, 16312, 16424, 16437, 16485, 16508, 16544, 16632, 16646, 16762, 16876, 16926, 16944, 16961, 16991, 17111, 17311, 17434, 17484, 17507]",MSigDB_Oncogenic_Signatures__STK33 UP
MSigDB_Oncogenic_Signatures,RAF UP.V1 UP,prerank,0.1908383241915975,0.7712679013002238,0.978448275862069,0.97622289710321,1.0,37_183,37/183,19.16%,CAPN2;CEBPD;BACE2;S100A8;LEPREL1;S100P;TBC1D2B;MPZL2;FYN;IMPA2;COTL1;NEDD4;ANGPTL4;NTAN1;PTMS;GATA2;SAT1;GRAMD3;LRP5;JAM2;TES;S100A9;EGFR;TNNT1;SMAGP;CYP1B1;FCHSD2;MYCL1;SOCS2;CRISPLD2;NPC2;PGM1;LAIR2;PPARG;KLF6;CCR1;TEAD1,CAPN2;CEBPD;BACE2;S100A8;LEPREL1;S100P;TBC1D2B;MPZL2;FYN;IMPA2;COTL1;NEDD4;ANGPTL4;NTAN1;PTMS;GATA2;SAT1;GRAMD3;LRP5;JAM2;TES;S100A9;EGFR;TNNT1;SMAGP;CYP1B1;FCHSD2;MYCL1;SOCS2;CRISPLD2;NPC2;PGM1;LAIR2;PPARG;KLF6;CCR1;TEAD1;DHRS7;ACYP1;NPL;PYGL;KHDRBS3;MTMR11;ITGA6;GLRX;TSPAN12;ABCC3;DSC2;ABCC4;PARVA;MAP3K5;KCNN4;CERK;MORC4;RRAS2;FAM13A;CEP70;CDK18;BLNK;HSD3B1;QPCT;FZD5;TBC1D8;CD44;TNFAIP8;NMI;VTCN1;SDCBP;HSD17B11;SYNE2;KCTD12;FERMT2;NMT2;CSGALNACT1;PRKCH;CLMN;HERC5;SLC2A6;OPTN;HSPA2;CABYR;ERVMER34-1;RASL11B;MALT1;GRB10;SCARA3;CREB3L2;ZNF331;LAMC1;L1CAM;EPAS1;CORO1A;TLE2;PSMB10;NDC80;PTER;PDE4D;PSMB9;KAT2B;SEPT6;RNF144A;CAST;TFPI2;ITGB6;ACSL1;SCCPDH;ASPH;RCAN1;UPP1;FBXO3;GCLM;ABHD6;ENPEP;HPGD;HEG1;CDC42EP3;TUBB2A;CRIM1;PHYH;GNE;DBNDD2;PTGER4;MSX2;SERPINI1;SGCE;ARHGEF3;GABBR2;MICAL2;MAN1A1;XYLT1;FGF1;ALAS1;UGT8;DHTKD1;NAV2;KLHL7;CAMK2N1;HBEGF;ARHGAP26;FAM49A;OSBPL1A;CLDN1;ANKMY2;TBC1D2;PEG10;NR4A3;AAK1;OPN3;SKAP2;ERAP1;SLC31A2;GPR37;NMU;ANKRD6;NUAK1;ACOX1;MTMR2;TNFRSF21;GJA5;SGPP1;CAPRIN2;SEPT10;STS;PRPS1;ETV5;NFE2L3;GALNT12;GM2A;RSAD2;UPK2;GNAI1;C1GALT1;PTPLA;PER3;TMSB15B;PKD2;SCG2;BPGM;ACSL4;PLS3;MAPRE2;DUSP4;ME2,"[285, 569, 600, 639, 733, 786, 934, 937, 1046, 1295, 1300, 1328, 1365, 1411, 1518, 1766, 1858, 1926, 2090, 2156, 2308, 2310, 2347, 2385, 2435, 2464, 2538, 2670, 2811, 2899, 3069, 3151, 3239, 3284, 3324, 3341, 3355, 3589, 3599, 3695, 3749, 3779, 3876, 4120, 4181, 4238, 4275, 4318, 4382, 4403, 4419, 4563, 4783, 4928, 4949, 4967, 5107, 5185, 5354, 5378, 5439, 5568, 5675, 5731, 5744, 5763, 5773, 5806, 5817, 5857, 5968, 6039, 6112, 6238, 6300, 6417, 6447, 6666, 6786, 6834, 7139, 7209, 7225, 7227, 7360, 7517, 7542, 7594, 7640, 7827, 7864, 8042, 8078, 8147, 8153, 8162, 8278, 8284, 8626, 8683, 8782, 8821, 8832, 8865, 8884, 8900, 9020, 9045, 9224, 9262, 9357, 9430, 9470, 9608, 9721, 9763, 9904, 10072, 10084, 10191, 10202, 10354, 10513, 10961, 10978, 11016, 11031, 11037, 11169, 11204, 11280, 11488, 11563, 11674, 11936, 11988, 12223, 12285, 12351, 12471, 12739, 12800, 12846, 12896, 13155, 13351, 13399, 13548, 13661, 13745, 13752, 13846, 13858, 13862, 13974, 13978, 14075, 14131, 14171, 14288, 14413, 14460, 14685, 14725, 14899, 14959, 14994, 15083, 15449, 15637, 15942, 15943, 16011, 16170, 16306, 16348, 16544, 16582, 16680, 17135, 17380, 17396, 17460]",MSigDB_Oncogenic_Signatures__RAF UP.V1 UP
MSigDB_Oncogenic_Signatures,BCAT.100 UP.V1 DN,prerank,-0.24089376607293972,-0.7347044073512178,0.8932584269662921,0.9796338489826918,1.0,13_31,13/31,25.41%,DSG3;KLHL4;ZNF711;DOCK3;ZNF749;KLF10;CDH12;RALGPS2;CHRNA2;CCDC53;GLRA2;NAT6;TLN2,SLMO1;B9D2;FAM46A;FZD4;TMPRSS2;IGFBP5;SERGEF;AMH;TBX5;WISP3;SNAI2;KIAA0319L;DAZL;HIST2H2AA3;EBLN2;EXOC3;PARK2;TTR;TLN2;NAT6;GLRA2;CCDC53;CHRNA2;RALGPS2;CDH12;KLF10;ZNF749;DOCK3;ZNF711;KLHL4;DSG3,"[548, 651, 878, 1368, 2381, 2746, 2942, 3211, 4864, 6332, 7384, 8223, 9243, 9595, 11334, 11353, 11511, 12341, 13068, 13169, 13211, 13575, 14234, 14296, 14348, 14531, 15004, 15555, 15662, 15935, 16590]",MSigDB_Oncogenic_Signatures__BCAT.100 UP.V1 DN
MSigDB_Oncogenic_Signatures,CAHOY ASTROCYTIC,prerank,0.19516063376534037,0.7257071258767304,0.978494623655914,0.9897664535191928,1.0,17_99,17/99,17.82%,PPP1R3D;BTG1;FAM20A;VNN1;SYPL2;IMPA2;VEGFA;AIFM3;PPARA;CBS;SLC7A10;ADORA2B;MERTK;ADCYAP1R1;PLA2G3;LGI4;TMEM51,PPP1R3D;BTG1;FAM20A;VNN1;SYPL2;IMPA2;VEGFA;AIFM3;PPARA;CBS;SLC7A10;ADORA2B;MERTK;ADCYAP1R1;PLA2G3;LGI4;TMEM51;KIAA1161;AKT2;BMPR1B;PAPSS2;FGFR3;FGD6;SLC46A1;SLC25A34;ELF5;SLC7A11;NTSR2;ASNS;GABRG1;HEY2;SLC27A1;PHKG1;SLC30A10;KCTD14;AGT;NMB;RNF24;GPAM;TNFRSF19;HEPH;SLC6A11;LYRM4;RGS20;MFGE8;GRIN2C;IL17RD;TTPA;NRARP;TECTB;PLD2;RAN;GRHL1;THRSP;CHRDL1;PANK1;RASA2;SLC13A5;GOT2;ELOVL2;DIO2;STK38L;KCNJ16;FRMD5;ATP13A4;DNAI1;MYOM3;AQP9;NCEH1;HSD11B1;CYP4F11;TTYH3;EGFL6;SLC1A2;SPIRE1;ATP1A1;RARRES1;ABHD1;ABCB9;BTBD17;RSPO1;GPR85;FARS2;RORB;SCG3;CORO1C;PTPLAD1;ABCD2;SEMA3E;CKAP5;NIPAL3;AGPAT4;APP;CYP7B1;BCAT1;HAPLN1;COX10;LPGAT1;PAK3,"[313, 856, 872, 1053, 1287, 1295, 1439, 1461, 1634, 1781, 2072, 2190, 2629, 2758, 2857, 3105, 3120, 3418, 3956, 4114, 4137, 4371, 4422, 4502, 4507, 4523, 4658, 4813, 4899, 5012, 5306, 5383, 5493, 5505, 5718, 5734, 5775, 5889, 5963, 6177, 6400, 6443, 6963, 7144, 7208, 7345, 7445, 7521, 7898, 8436, 8450, 8903, 9169, 9260, 9336, 9485, 9519, 9559, 9604, 9838, 9847, 9982, 10156, 10305, 10313, 10376, 10446, 10543, 10649, 10667, 10701, 10784, 11003, 11209, 11229, 11293, 11294, 11724, 12189, 12405, 12551, 12585, 12741, 12864, 12882, 13111, 13669, 15010, 15257, 15322, 15346, 15399, 15665, 15679, 16100, 16268, 16431, 17124, 17241]",MSigDB_Oncogenic_Signatures__CAHOY ASTROCYTIC
MSigDB_Oncogenic_Signatures,MTOR UP.V1 UP,prerank,0.18588516084905676,0.7404553416210058,0.9868421052631579,0.9900215956349044,1.0,14_154,14/154,9.89%,ISYNA1;TNFRSF12A;TG;HMOX1;BID;UBE2C;PFKP;HSPE1;AK4;IGLL1;ADRA2B;IL27RA;CMBL;COMTD1,ISYNA1;TNFRSF12A;TG;HMOX1;BID;UBE2C;PFKP;HSPE1;AK4;IGLL1;ADRA2B;IL27RA;CMBL;COMTD1;ADORA2B;BST2;HIST1H2BD;SERPINA3;SLC2A1;PSAT1;PCDHB5;SP100;MS4A7;PYGL;CTRB1;CDKN2B;SEPT9;IL18RAP;SIGLEC1;GCH1;LSS;RD3;RRM2;DHCR7;ELF5;USP18;SLC22A7;NQO2;FAM134C;FAM3B;LDLR;NTSR1;TMEM106A;GPX2;ATF3;PLAT;C9;CCDC86;ALPK2;PCNA;FDFT1;LGALS3;CCL5;RGS11;CAPN12;HIVEP3;ZNF518B;HN1;KIF9;TMEM97;IFI35;SLC41A3;STEAP1;KRBA1;INTS3;KCNK4;TMEM53;S100A14;IFI30;PPAN;KCNE3;SMTNL1;KIAA1967;IFIT1;CDK1;MCM5;HELLS;ASB11;DLG4;ANKRD33;NIPSNAP3A;PCYT2;RANBP9;CYP26A1;PRAF2;H6PD;ABCA2;ADRA1B;HSD17B13;LIPG;MYO7B;TCF19;DHCR24;TFRC;DUOXA1;TARS2;FDPS;MAK;MSX2;ALDOC;EEF1E1;PRKCA;MSMO1;ERN1;TESC;OAS2;FAM131A;LTV1;RCOR2;NSDHL;ATXN7L1;HTT;DBF4;NEIL3;PTPN14;BACH2;STMN1;MCM6;FNDC7;IFIT2;PREP;SQLE;VIP;BLK;GABRG2;PAFAH2;FABP5;AP2B1;STARD4;TMPRSS4;MINA;MKL2;BDH1;DFNA5;TMEM40;TIPIN;IDH3A;CPPED1;CYP51A1;SELRC1;COQ4;LDHC;TRMT5;MTHFD1;CDH17;IDI1;GSS;NKAIN1;PDK1;CDC20;GSDMC;HMGCS1;APOOL;TPH1,"[18, 503, 504, 693, 779, 1115, 1158, 1194, 1249, 1265, 1646, 1657, 1709, 1731, 2190, 2419, 2489, 2558, 3156, 3159, 3172, 3363, 3539, 3749, 3761, 3838, 3843, 3895, 4124, 4221, 4326, 4402, 4435, 4439, 4523, 4613, 4635, 4673, 4718, 4739, 4749, 4971, 5334, 5584, 5684, 5897, 5937, 6034, 6127, 6282, 6284, 6287, 6365, 6480, 6644, 6664, 6702, 6796, 6815, 6818, 6879, 6919, 7137, 7171, 7186, 7201, 7316, 7332, 7881, 7897, 7931, 7942, 8014, 8187, 8376, 8417, 8418, 8513, 8524, 8569, 8622, 8811, 8817, 8895, 9094, 9299, 9329, 9536, 9561, 9619, 9670, 9907, 9913, 10105, 10225, 10231, 10275, 10428, 10513, 10567, 10644, 10873, 10879, 10889, 10941, 11058, 11084, 11308, 11812, 11828, 11854, 11996, 12067, 12205, 12296, 12303, 12454, 12498, 12759, 12848, 12884, 12919, 12940, 13357, 13432, 13617, 13621, 13857, 13866, 13875, 13877, 13906, 13915, 14081, 14124, 14302, 14975, 15008, 15131, 15212, 15323, 15324, 15441, 15626, 15717, 15748, 16076, 16084, 16370, 16543, 16676, 16695, 16996, 17362]",MSigDB_Oncogenic_Signatures__MTOR UP.V1 UP
MSigDB_Oncogenic_Signatures,YAP1 UP,prerank,0.18683418525002646,0.5833848542725693,0.9916492693110647,0.999010599099304,1.0,12_41,12/41,24.32%,CYP4B1;SNAP23;RHOQ;FLOT1;DDB2;GLTSCR1;ARHGEF10;TEAD1;MAML2;KCNK12;GTPBP3;SNX7,CYP4B1;SNAP23;RHOQ;FLOT1;DDB2;GLTSCR1;ARHGEF10;TEAD1;MAML2;KCNK12;GTPBP3;SNX7;MSN;SAMSN1;RPN2;CDIPT;FAM45A;FLJ27352;COX8A;FAM167A;RFTN1;RAB40C;LLGL1;CCDC8;FAM35A;DLX5;FAF2;MOCS2;DRAM2;SHISA4;SIAE;SEMA3C;ZNHIT6;KIAA1033;CDK14;CNP;YWHAZ;MYLK;PTPMT1;NRAS;CAMK4,"[1352, 1381, 1400, 1686, 2302, 2625, 2940, 3355, 3619, 3760, 4196, 4260, 5230, 5279, 5693, 6097, 6715, 8034, 8139, 8405, 8473, 8734, 8740, 9821, 10204, 10738, 10771, 11095, 11598, 12194, 12431, 12543, 12763, 13048, 14000, 14636, 14665, 14708, 14840, 16714, 16852]",MSigDB_Oncogenic_Signatures__YAP1 UP
