TermCollection,Term,name,es,nes,pval,fdr,fwerp,leadhits_total,tag %,gene %,lead_genes,matched_genes,hits,TermCollection_Term
c4.cgn,GNF2_CD1D,prerank,0.6898062618691895,2.1901970175262764,0.0,0.0,0.0,25_44,25/44,19.05%,HK3;MS4A6A;CASP1;TNFRSF1B;TLR2;TYROBP;VNN1;STX11;NOD2;COTL1;TBXAS1;CD86;CD33;LILRB3;SLC7A7;CTSS;CD14;TYMP;FOS;RGS2;CD302;PYCARD;PLBD1;LILRB2;HCK,HK3;MS4A6A;CASP1;TNFRSF1B;TLR2;TYROBP;VNN1;STX11;NOD2;COTL1;TBXAS1;CD86;CD33;LILRB3;SLC7A7;CTSS;CD14;TYMP;FOS;RGS2;CD302;PYCARD;PLBD1;LILRB2;HCK;LILRA6;DUSP1;FCN1;LILRA3;IGSF6;MAFB;CYBB;AIF1;CD1D;CFP;TNFAIP2;RNF130;FGL2;CPVL;LILRA1;PSAP;CLEC4A;CPPED1;AP1S2,"[200, 385, 645, 720, 745, 865, 1053, 1199, 1266, 1300, 1346, 1574, 1612, 1620, 1979, 2465, 2611, 2704, 2889, 2984, 3017, 3056, 3210, 3308, 3336, 4233, 4446, 5015, 6044, 6339, 6394, 6563, 6768, 6891, 7041, 7216, 7240, 7289, 7336, 7636, 8185, 10598, 15008, 15420]",c4.cgn__GNF2_CD1D
c4.cgn,GNF2_CD14,prerank,0.7254851812316527,2.247401527760109,0.0,0.0,0.0,21_35,21/35,19.05%,HK3;MS4A6A;SCO2;TLR2;TYROBP;VNN1;STX11;NOD2;TBXAS1;CD33;LILRB3;SLC7A7;CTSS;CD14;TYMP;CD93;RGS2;CD302;PLBD1;LILRB2;HCK,HK3;MS4A6A;SCO2;TLR2;TYROBP;VNN1;STX11;NOD2;TBXAS1;CD33;LILRB3;SLC7A7;CTSS;CD14;TYMP;CD93;RGS2;CD302;PLBD1;LILRB2;HCK;DUSP1;FCN1;LILRA3;MAFB;CD1D;CFP;TNFAIP2;RNF130;FGL2;LILRA1;IFI30;PSAP;SULT1A1;AP1S2,"[200, 385, 524, 745, 865, 1053, 1199, 1266, 1346, 1612, 1620, 1979, 2465, 2611, 2704, 2967, 2984, 3017, 3210, 3308, 3336, 4446, 5015, 6044, 6394, 6891, 7041, 7216, 7240, 7289, 7636, 7881, 8185, 9159, 15420]",c4.cgn__GNF2_CD14
c4.cgn,GNF2_CASP1,prerank,0.6236525118488173,2.368129997695743,0.0,0.0,0.0,55_107,55/107,19.08%,HK3;TCIRG1;HCLS1;FES;MYO1F;FGR;MS4A6A;ZDHHC7;S100A4;CASP1;ARPC1B;TNFRSF1B;TLR2;TLR8;LILRB1;SAMHD1;TYROBP;ITGB2;LILRA2;VNN1;GMFG;IER2;PSTPIP1;TKT;STX11;ARRB2;NOD2;RIN3;COTL1;TBXAS1;MCL1;ITGAM;FCER1G;CD86;CD33;LILRB3;SELL;SH3BGRL3;IL10RA;CTSS;APOBEC3A;MAP3K3;TYMP;CNPY3;PLCB2;RGS2;CD302;PYCARD;PLBD1;PLSCR1;DPEP2;CMTM6;LILRB2;HCK;CCR1,HK3;TCIRG1;HCLS1;FES;MYO1F;FGR;MS4A6A;ZDHHC7;S100A4;CASP1;ARPC1B;TNFRSF1B;TLR2;TLR8;LILRB1;SAMHD1;TYROBP;ITGB2;LILRA2;VNN1;GMFG;IER2;PSTPIP1;TKT;STX11;ARRB2;NOD2;RIN3;COTL1;TBXAS1;MCL1;ITGAM;FCER1G;CD86;CD33;LILRB3;SELL;SH3BGRL3;IL10RA;CTSS;APOBEC3A;MAP3K3;TYMP;CNPY3;PLCB2;RGS2;CD302;PYCARD;PLBD1;PLSCR1;DPEP2;CMTM6;LILRB2;HCK;CCR1;GMIP;AOAH;MYD88;LILRA6;LST1;DUSP1;EVI2B;NCF2;FCN1;MX2;GABARAP;IFNGR1;FMNL1;CD44;HSD17B11;CHST15;IGSF6;MAFB;PILRA;JUNB;CYBB;AIF1;THEMIS2;CD1D;CFP;BST1;TNFAIP2;FGL2;CPVL;LILRA1;RHOG;PSAP;IQGAP1;MNDA;NAAA;TMEM127;PRKCD;USP3;CLEC4A;NAIP;ACAP2;EVI2A;FKBP15;SKAP2;MFSD1;PPT1;DAZAP2;CPPED1;KRR1;AP1S2;FBXL5;CSGALNACT2,"[200, 208, 286, 329, 339, 341, 385, 512, 576, 645, 654, 720, 745, 783, 820, 852, 865, 902, 958, 1053, 1113, 1118, 1136, 1182, 1199, 1250, 1266, 1273, 1300, 1346, 1483, 1487, 1513, 1574, 1612, 1620, 2053, 2356, 2448, 2465, 2551, 2656, 2704, 2772, 2865, 2984, 3017, 3056, 3210, 3220, 3288, 3299, 3308, 3336, 3341, 3750, 3780, 4132, 4233, 4379, 4446, 4543, 4720, 5015, 5294, 5318, 5613, 5729, 5731, 5817, 6099, 6339, 6394, 6494, 6511, 6563, 6768, 6857, 6891, 7041, 7161, 7216, 7289, 7336, 7636, 8079, 8185, 8419, 8616, 8672, 8978, 9580, 10483, 10598, 10862, 11307, 12873, 13060, 13661, 13834, 14691, 14718, 15008, 15386, 15420, 16036, 16511]",c4.cgn__GNF2_CASP1
c4.cgn,GNF2_TNFRSF1B,prerank,0.6877841043337399,2.366701031351431,0.0,0.0,0.0,34_62,34/62,19.08%,STXBP2;TCIRG1;FGR;MS4A6A;S100A4;CASP1;ARPC1B;TNFRSF1B;TLR2;LILRB1;DOK2;TYROBP;ITGB2;LILRA2;PSTPIP1;ARRB2;NOD2;RIN3;COTL1;TBXAS1;FCER1G;LILRB3;SLC7A7;SH3BGRL3;CTSS;TYMP;CNPY3;RGS2;PYCARD;DPEP2;CMTM6;LILRB2;HCK;CCR1,STXBP2;TCIRG1;FGR;MS4A6A;S100A4;CASP1;ARPC1B;TNFRSF1B;TLR2;LILRB1;DOK2;TYROBP;ITGB2;LILRA2;PSTPIP1;ARRB2;NOD2;RIN3;COTL1;TBXAS1;FCER1G;LILRB3;SLC7A7;SH3BGRL3;CTSS;TYMP;CNPY3;RGS2;PYCARD;DPEP2;CMTM6;LILRB2;HCK;CCR1;GMIP;AOAH;MYD88;LILRA6;LST1;DUSP1;NCF2;FCN1;HSD17B11;LILRA3;NAGK;IGSF6;PILRA;CYBB;AIF1;THEMIS2;CD1D;CFP;RNF130;FGL2;CPVL;LILRA1;RHOG;PSAP;TMEM127;CLEC4A;PPT1;AP1S2,"[197, 208, 341, 385, 576, 645, 654, 720, 745, 820, 821, 865, 902, 958, 1136, 1250, 1266, 1273, 1300, 1346, 1513, 1620, 1979, 2356, 2465, 2704, 2772, 2984, 3056, 3288, 3299, 3308, 3336, 3341, 3750, 3780, 4132, 4233, 4379, 4446, 4720, 5015, 5817, 6044, 6319, 6339, 6494, 6563, 6768, 6857, 6891, 7041, 7240, 7289, 7336, 7636, 8079, 8185, 8978, 10598, 14691, 15420]",c4.cgn__GNF2_TNFRSF1B
c4.cgn,GNF2_HLA_C,prerank,0.7424386771240468,2.3957595343139286,0.0,0.0,0.0,26_44,26/44,16.78%,GPSM3;PNRC1;SIPA1;HCLS1;TSC22D3;LRCH4;CYBA;INPP5D;MAX;IRF1;FXYD5;WAS;SASH3;RIN3;LAPTM5;ELF4;TAP1;TAPBP;TRIM22;CD53;STAT6;PTPN6;ARHGDIB;VAV1;SERP1;RAC2,GPSM3;PNRC1;SIPA1;HCLS1;TSC22D3;LRCH4;CYBA;INPP5D;MAX;IRF1;FXYD5;WAS;SASH3;RIN3;LAPTM5;ELF4;TAP1;TAPBP;TRIM22;CD53;STAT6;PTPN6;ARHGDIB;VAV1;SERP1;RAC2;HLA-E;HLA-B;PTPRC;HLA-F;PSD4;CD48;HLA-C;CYTIP;ARF6;GRK6;HLA-A;CORO7;PHF11;CORO1A;PSMB10;HLA-G;B2M;PRR13,"[72, 85, 226, 286, 366, 368, 417, 448, 484, 538, 683, 1067, 1201, 1273, 1292, 1471, 1758, 1863, 2486, 2531, 2644, 2686, 2833, 2843, 2908, 2938, 3356, 3617, 3989, 4126, 4136, 4535, 5482, 5717, 6249, 6438, 7039, 7687, 7833, 8042, 8147, 8447, 8604, 14016]",c4.cgn__GNF2_HLA_C
c4.cgn,GNF2_FGR,prerank,0.7593642542197127,2.314978943135265,0.0,0.0,0.0,23_32,23/32,21.58%,TCIRG1;FGR;S100A4;CASP1;ARPC1B;TNFRSF1B;TYROBP;ITGB2;RGS19;RIN3;COTL1;ITGAM;FCER1G;LILRB3;SH3BGRL3;CTSS;RGS2;PYCARD;CMTM6;LILRB2;HCK;GMIP;AOAH,TCIRG1;FGR;S100A4;CASP1;ARPC1B;TNFRSF1B;TYROBP;ITGB2;RGS19;RIN3;COTL1;ITGAM;FCER1G;LILRB3;SH3BGRL3;CTSS;RGS2;PYCARD;CMTM6;LILRB2;HCK;GMIP;AOAH;EFHD2;AIF1;THEMIS2;CFP;FGL2;LILRA1;IFI30;RHOG;TMEM127,"[208, 341, 576, 645, 654, 720, 865, 902, 914, 1273, 1300, 1487, 1513, 1620, 2356, 2465, 2984, 3056, 3299, 3308, 3336, 3750, 3780, 4117, 6768, 6857, 7041, 7289, 7636, 7881, 8079, 8978]",c4.cgn__GNF2_FGR
c4.cgn,GNF2_PECAM1,prerank,0.6669217151000209,2.266378000660616,0.0,0.0,0.0,29_54,29/54,19.08%,TCIRG1;CEBPB;MS4A6A;CEBPD;S100A4;CASP1;TNFRSF1B;TLR2;TLR8;TYROBP;ITGB2;LILRA2;NOD2;TBXAS1;MCL1;FCER1G;LILRB3;SH3BGRL3;CTSS;TYMP;CD93;RGS2;CD302;PYCARD;PLBD1;CMTM6;LILRB2;HCK;CCR1,TCIRG1;CEBPB;MS4A6A;CEBPD;S100A4;CASP1;TNFRSF1B;TLR2;TLR8;TYROBP;ITGB2;LILRA2;NOD2;TBXAS1;MCL1;FCER1G;LILRB3;SH3BGRL3;CTSS;TYMP;CD93;RGS2;CD302;PYCARD;PLBD1;CMTM6;LILRB2;HCK;CCR1;ZFP36;LILRA6;LST1;DUSP1;NCF2;FCN1;IFNGR1;HSD17B11;CHST15;IGSF6;MAFB;CYBB;AIF1;THEMIS2;CFP;TNFAIP2;RNF130;FGL2;LILRA1;PSAP;TMEM127;CLEC4A;MFSD1;PPT1;AP1S2,"[208, 311, 385, 569, 576, 645, 720, 745, 783, 865, 902, 958, 1266, 1346, 1483, 1513, 1620, 2356, 2465, 2704, 2967, 2984, 3017, 3056, 3210, 3299, 3308, 3336, 3341, 3755, 4233, 4379, 4446, 4720, 5015, 5613, 5817, 6099, 6339, 6394, 6563, 6768, 6857, 7041, 7216, 7240, 7289, 7636, 8185, 8978, 10598, 13834, 14691, 15420]",c4.cgn__GNF2_PECAM1
c4.cgn,GNF2_ITGB2,prerank,0.6977749140157418,2.34875206406826,0.0,0.0,0.0,38_53,38/53,23.59%,TCIRG1;HCLS1;MYO1F;FGR;IRF1;S100A4;CASP1;TNFRSF1B;DOK2;TYROBP;ITGB2;WAS;GMFG;PSTPIP1;ARRB2;RIN3;APOBR;ELF4;MCL1;ITGAM;FCER1G;ADAM8;SH3BGRL3;SELPLG;IL10RA;PLCB2;RGS2;PYCARD;DPEP2;CMTM6;RAB27A;HCK;BIN2;GMIP;AOAH;EFHD2;ITGAX;MYD88,TCIRG1;HCLS1;MYO1F;FGR;IRF1;S100A4;CASP1;TNFRSF1B;DOK2;TYROBP;ITGB2;WAS;GMFG;PSTPIP1;ARRB2;RIN3;APOBR;ELF4;MCL1;ITGAM;FCER1G;ADAM8;SH3BGRL3;SELPLG;IL10RA;PLCB2;RGS2;PYCARD;DPEP2;CMTM6;RAB27A;HCK;BIN2;GMIP;AOAH;EFHD2;ITGAX;MYD88;LST1;MSN;FMNL1;HSD17B11;ICAM3;AIF1;THEMIS2;LILRA1;RHOG;IQGAP1;TMEM127;OSTF1;PTGER4;ACAP2;FBXL5,"[208, 286, 339, 341, 538, 576, 645, 720, 821, 865, 902, 1067, 1113, 1136, 1250, 1273, 1434, 1471, 1483, 1487, 1513, 1533, 2356, 2361, 2448, 2865, 2984, 3056, 3288, 3299, 3307, 3336, 3511, 3750, 3780, 4117, 4130, 4132, 4379, 5230, 5729, 5817, 6610, 6768, 6857, 7636, 8079, 8419, 8978, 10320, 10354, 11307, 16036]",c4.cgn__GNF2_ITGB2
c4.cgn,GNF2_S100A4,prerank,0.7297403269227554,2.3359348145902854,0.0,0.0,0.0,29_46,29/46,19.08%,STXBP2;TCIRG1;MYO1F;FGR;S100A4;CASP1;TNFRSF1B;DOK2;TYROBP;ITGB2;LILRA2;PSTPIP1;ARRB2;NOD2;RIN3;COTL1;TBXAS1;MCL1;FCER1G;LILRB3;SH3BGRL3;APOBEC3A;TYMP;RGS2;PYCARD;DPEP2;LILRB2;HCK;CCR1,STXBP2;TCIRG1;MYO1F;FGR;S100A4;CASP1;TNFRSF1B;DOK2;TYROBP;ITGB2;LILRA2;PSTPIP1;ARRB2;NOD2;RIN3;COTL1;TBXAS1;MCL1;FCER1G;LILRB3;SH3BGRL3;APOBEC3A;TYMP;RGS2;PYCARD;DPEP2;LILRB2;HCK;CCR1;GMIP;GLRX;LST1;NCF2;FCN1;HSD17B11;IGSF6;PILRA;AIF1;THEMIS2;CFP;FGL2;CPVL;LILRA1;TMEM127;CLEC4A;TNFSF10,"[197, 208, 339, 341, 576, 645, 720, 821, 865, 902, 958, 1136, 1250, 1266, 1273, 1300, 1346, 1483, 1513, 1620, 2356, 2551, 2704, 2984, 3056, 3288, 3308, 3336, 3341, 3750, 4181, 4379, 4720, 5015, 5817, 6339, 6494, 6768, 6857, 7041, 7289, 7336, 7636, 8978, 10598, 13874]",c4.cgn__GNF2_S100A4
c4.cgn,GCM_RAN,prerank,-0.5341705124689835,-2.150260960901228,0.0,0.0,0.0,93_184,93/184,27.58%,BOD1L1;KLHL42;DCTN4;LANCL1;OGFOD1;CLASP2;CCDC88A;TTL;KIDINS220;MFSD8;WSB1;ZNF529;NUP133;KLHL11;EXOSC6;PJA2;CLCN3;ADO;FADS1;RALGAPA1;ABI2;ZFP14;TAF9B;HECTD1;ATG2B;PTK2;MTMR4;USP33;TSNAX;UFSP2;MAP1B;TMEM30A;ARPP19;IPO9;GSK3B;DYNC1I2;C2CD5;GPR107;SIK3;ZNF565;BRD9;RTN4;PREPL;FBXO21;TRIM33;STAMBP;CCDC82;CALM1;TUBGCP3;ZNF84;ISCA1;FAM8A1;ANKRD17;ZFAND5;DNAJB14;CAND1;CRNKL1;ZNF512;FAN1;ATP2B2;PPIG;CHTOP;RBM8A;YIPF5;NAPG;UBE2N;WSB2;KPNA3;XPO6;IPO7;TRIM37;HERC2;ACSL3;TP53INP2;KIF3B;SPAST;PHYHIPL;GORASP1;VPS52;IPO5;ATP6V1A;NLK;LEMD3;APPBP2;SPAG9;OCIAD1;RALGPS1;SS18L1;GPRASP2;FAM168B;FN3KRP;BTRC;ATP6V1B2,BCL2L1;RERE;ZER1;RABL2B;CIZ1;BRPF3;CCDC92;POGK;NF2;SESN3;FBXO30;SH2B1;GBA2;SNX15;ZNF275;MAP6;CSRNP2;IQCK;CLEC16A;PITPNC1;PHF2;PIP4K2B;SNX27;TBCK;VPS26B;USP19;MAPK8IP3;STMN3;MAP4K4;RNF41;MTMR3;FAM219A;NAA30;WBP2;DFFA;PHF10;TBC1D10B;PHC1;FOXO3;POMT2;AAAS;TMEM245;ATXN7L3;PPM1B;ASCC1;RAN;SAP30L;TNPO2;EPC2;UBE2E3;EIF4ENIF1;ABHD6;CS;NCAM1;TMEM183A;GSPT1;HIPK1;NGRN;PHAX;BMPR2;KLHL12;MECP2;SLC8A2;UBR7;RAP2A;KIF5C;TSPYL4;FBXW11;POGZ;GOLGA7;MOAP1;GABBR2;DDX17;KDM3B;SPIRE1;YWHAG;KIF1B;TMEM237;RMDN3;NDRG3;CHD9;JKAMP;RABGEF1;RBPJ;PDXP;PRRC2B;ZNF710;GZF1;NAB1;UBE2K;MAPK8IP1;ATP6V1B2;BTRC;FN3KRP;FAM168B;GPRASP2;SS18L1;RALGPS1;OCIAD1;SPAG9;APPBP2;LEMD3;NLK;ATP6V1A;IPO5;VPS52;GORASP1;PHYHIPL;SPAST;KIF3B;TP53INP2;ACSL3;HERC2;TRIM37;IPO7;XPO6;KPNA3;WSB2;UBE2N;NAPG;YIPF5;RBM8A;CHTOP;PPIG;ATP2B2;FAN1;ZNF512;CRNKL1;CAND1;DNAJB14;ZFAND5;ANKRD17;FAM8A1;ISCA1;ZNF84;TUBGCP3;CALM1;CCDC82;STAMBP;TRIM33;FBXO21;PREPL;RTN4;BRD9;ZNF565;SIK3;GPR107;C2CD5;DYNC1I2;GSK3B;IPO9;ARPP19;TMEM30A;MAP1B;UFSP2;TSNAX;USP33;MTMR4;PTK2;ATG2B;HECTD1;TAF9B;ZFP14;ABI2;RALGAPA1;FADS1;ADO;CLCN3;PJA2;EXOSC6;KLHL11;NUP133;ZNF529;WSB1;MFSD8;KIDINS220;TTL;CCDC88A;CLASP2;OGFOD1;LANCL1;DCTN4;KLHL42;BOD1L1,"[1087, 1640, 2103, 2175, 2460, 2902, 3225, 3397, 3658, 3906, 3937, 4052, 4280, 4333, 4547, 4751, 4957, 5004, 5143, 5618, 5659, 5956, 5983, 6085, 6170, 6412, 6821, 6953, 7148, 7198, 7235, 7303, 7412, 7460, 7631, 7676, 7764, 7839, 8003, 8134, 8169, 8286, 8702, 8873, 8883, 8903, 9148, 9233, 9355, 9381, 9395, 9430, 9436, 9574, 9637, 9773, 9817, 9865, 9932, 10005, 10057, 10143, 10176, 10306, 10369, 10618, 10637, 10709, 10813, 10832, 11002, 11031, 11153, 11224, 11229, 11291, 11534, 11825, 11831, 11883, 11886, 11968, 12006, 12114, 12121, 12128, 12161, 12281, 12337, 12419, 12556, 12688, 12697, 12702, 12738, 12774, 12794, 12831, 13049, 13077, 13142, 13265, 13369, 13379, 13385, 13389, 13439, 13506, 13551, 13608, 13610, 13614, 13619, 13662, 13808, 13847, 13887, 14034, 14060, 14122, 14152, 14188, 14266, 14267, 14287, 14343, 14411, 14459, 14466, 14585, 14591, 14611, 14635, 14639, 14654, 14712, 14779, 14862, 14885, 14904, 14917, 14964, 14995, 15128, 15214, 15426, 15507, 15522, 15533, 15613, 15618, 15742, 15754, 15803, 15983, 16017, 16101, 16200, 16229, 16230, 16243, 16286, 16319, 16343, 16374, 16481, 16540, 16560, 16665, 16692, 16701, 17025, 17072, 17092, 17120, 17129, 17130, 17150, 17170, 17191, 17264, 17280, 17304, 17376]",c4.cgn__GCM_RAN
c4.cgn,GNF2_HCK,prerank,0.675768917536692,2.4707499126256467,0.0,0.0,0.0,51_92,51/92,19.08%,STXBP2;HK3;MYO1F;FGR;MS4A6A;S100A4;CASP1;FCGR2A;ZNF467;TNFRSF1B;TLR2;TLR8;C5AR1;CDA;LILRB1;TYROBP;ITGB2;SPI1;LILRA2;VNN1;LY96;LILRA5;STX11;ARRB2;NOD2;FRAT1;COTL1;TBXAS1;MCL1;FCER1G;LILRB3;SLC7A7;S100A9;SH3BGRL3;CTSS;APOBEC3A;FPR1;CD14;TYMP;CD93;RGS2;CD302;SECTM1;PYCARD;PLBD1;DPEP2;CMTM6;LILRB2;TREM1;HCK;CCR1,STXBP2;HK3;MYO1F;FGR;MS4A6A;S100A4;CASP1;FCGR2A;ZNF467;TNFRSF1B;TLR2;TLR8;C5AR1;CDA;LILRB1;TYROBP;ITGB2;SPI1;LILRA2;VNN1;LY96;LILRA5;STX11;ARRB2;NOD2;FRAT1;COTL1;TBXAS1;MCL1;FCER1G;LILRB3;SLC7A7;S100A9;SH3BGRL3;CTSS;APOBEC3A;FPR1;CD14;TYMP;CD93;RGS2;CD302;SECTM1;PYCARD;PLBD1;DPEP2;CMTM6;LILRB2;TREM1;HCK;CCR1;GMIP;ITGAX;LILRA6;LST1;EVI2B;NCF2;FCN1;GABARAP;IFNGR1;CLEC7A;SDCBP;HSD17B11;LILRA3;CHST15;NAGK;IGSF6;PILRA;CYBB;AIF1;THEMIS2;CD1D;CFP;BST1;TNFAIP2;RNF130;FGL2;CPVL;LILRA1;RHOG;PSAP;MNDA;TMEM127;SULT1A1;CLEC4A;UBE2D1;DPYD;EVI2A;TNFSF10;PPT1;AP1S2;FBXL5,"[197, 200, 339, 341, 385, 576, 645, 648, 708, 720, 745, 783, 805, 815, 820, 865, 902, 942, 958, 1053, 1117, 1150, 1199, 1250, 1266, 1279, 1300, 1346, 1483, 1513, 1620, 1979, 2310, 2356, 2465, 2551, 2561, 2611, 2704, 2967, 2984, 3017, 3034, 3056, 3210, 3288, 3299, 3308, 3333, 3336, 3341, 3750, 4130, 4233, 4379, 4543, 4720, 5015, 5318, 5613, 5747, 5806, 5817, 6044, 6099, 6319, 6339, 6494, 6563, 6768, 6857, 6891, 7041, 7161, 7216, 7240, 7289, 7336, 7636, 8079, 8185, 8616, 8978, 9159, 10598, 11786, 12366, 12873, 13874, 14691, 15420, 16036]",c4.cgn__GNF2_HCK
c4.cgn,GNF2_CARD15,prerank,0.6396859004234628,2.214957368920074,0.0,0.0,0.0,36_68,36/68,19.08%,HK3;MS4A6A;S100A4;CASP1;TNFRSF1B;TLR2;TLR8;CDA;TYROBP;LILRA2;VNN1;STX11;NOD2;COTL1;TBXAS1;MCL1;CD86;CD33;LILRB3;FCGR1A;SLC7A7;S100A9;CTSS;APOBEC3A;FPR1;CD14;TYMP;FOS;CD93;RGS2;CD302;PYCARD;PLBD1;LILRB2;HCK;CCR1,HK3;MS4A6A;S100A4;CASP1;TNFRSF1B;TLR2;TLR8;CDA;TYROBP;LILRA2;VNN1;STX11;NOD2;COTL1;TBXAS1;MCL1;CD86;CD33;LILRB3;FCGR1A;SLC7A7;S100A9;CTSS;APOBEC3A;FPR1;CD14;TYMP;FOS;CD93;RGS2;CD302;PYCARD;PLBD1;LILRB2;HCK;CCR1;VCAN;LILRA6;LST1;DUSP1;NCF2;FCN1;LILRA3;CHST15;IGSF6;MAFB;PILRA;CYBB;AIF1;THEMIS2;CD1D;CFP;BST1;TNFAIP2;RNF130;FGL2;CPVL;LILRA1;PSAP;MNDA;SULT1A1;CLEC4A;NAIP;MFSD1;PPT1;CPPED1;AP1S2;DUSP6,"[200, 385, 576, 645, 720, 745, 783, 815, 865, 958, 1053, 1199, 1266, 1300, 1346, 1483, 1574, 1612, 1620, 1740, 1979, 2310, 2465, 2551, 2561, 2611, 2704, 2889, 2967, 2984, 3017, 3056, 3210, 3308, 3336, 3341, 3662, 4233, 4379, 4446, 4720, 5015, 6044, 6099, 6339, 6394, 6494, 6563, 6768, 6857, 6891, 7041, 7161, 7216, 7240, 7289, 7336, 7636, 8185, 8616, 9159, 10598, 10862, 13834, 14691, 15008, 15420, 15916]",c4.cgn__GNF2_CARD15
c4.cgn,GNF2_CD97,prerank,0.6745879931793196,2.109774153854007,0.0,5.584761791293729e-05,0.001,22_36,22/36,23.56%,STK38;MYO1F;CLEC2B;DOK2;ITGB2;PSTPIP1;RIN3;CD300A;PTGER2;APOBR;ELF4;ADAM8;GIMAP6;SELPLG;IL10RA;ITGAL;HLA-E;BIN2;AOAH;PTPRC;EFHD2;HLA-F,STK38;MYO1F;CLEC2B;DOK2;ITGB2;PSTPIP1;RIN3;CD300A;PTGER2;APOBR;ELF4;ADAM8;GIMAP6;SELPLG;IL10RA;ITGAL;HLA-E;BIN2;AOAH;PTPRC;EFHD2;HLA-F;ID2;CYTIP;GPR65;ADCY7;CX3CR1;CD244;IQGAP1;HLA-G;JAK1;OSTF1;PTGER4;STK10;RAP1B;LITAF,"[222, 339, 389, 821, 902, 1136, 1273, 1311, 1376, 1434, 1471, 1533, 2224, 2361, 2448, 2736, 3356, 3511, 3780, 3989, 4117, 4126, 4494, 5717, 6823, 7067, 7588, 7718, 8419, 8447, 9271, 10320, 10354, 10692, 12892, 13134]",c4.cgn__GNF2_CD97
c4.cgn,GNF2_CD48,prerank,0.7024571911996785,2.1233179778595934,0.0,5.9570792440466444e-05,0.001,19_32,19/32,23.56%,SIPA1;HCLS1;INPP5D;CSK;SASH3;LAPTM5;TAPBP;CD53;STAT6;PTPN6;ARHGDIB;VAV1;DOCK2;RAC2;HLA-E;HLA-B;PSMB8;PTPRC;HLA-F,SIPA1;HCLS1;INPP5D;CSK;SASH3;LAPTM5;TAPBP;CD53;STAT6;PTPN6;ARHGDIB;VAV1;DOCK2;RAC2;HLA-E;HLA-B;PSMB8;PTPRC;HLA-F;CD48;LIMD2;HLA-C;TNFAIP8;GRK6;HLA-A;CORO7;PHF11;CORO1A;TRIM38;PSMB10;SP110;MBD2,"[226, 286, 448, 829, 1201, 1292, 1863, 2531, 2644, 2686, 2833, 2843, 2897, 2938, 3356, 3617, 3936, 3989, 4126, 4535, 4912, 5482, 5744, 6438, 7039, 7687, 7833, 8042, 8076, 8147, 8383, 8398]",c4.cgn__GNF2_CD48
c4.cgn,GCM_TPT1,prerank,0.6138638646263266,2.127221765096002,0.0,6.382584904335691e-05,0.001,48_64,48/64,25.84%,RPS21;RPS19;EEF1G;RPS16;RPS8;RPLP1;TPT1;RPS10;RPL34;RPS3;RPL18;RPL9;RPL31;RPL27;RPL13A;RPL14;RPLP2;RPL6;RPS7;RPL35A;RPL7A;RPL3;RPS24;RPS29;RPS11;RPL38;UBA52;NACA;RPS25;RPL35;RPL28;RPS14;RPS27A;RPS28;RPS6;RPL29;RPL7;RPL23A;RPL4;RPL19;RPL32;RPS18;RPSA;RPS3A;RPL27A;RPL23;NDUFA12;RPL11,RPS21;RPS19;EEF1G;RPS16;RPS8;RPLP1;TPT1;RPS10;RPL34;RPS3;RPL18;RPL9;RPL31;RPL27;RPL13A;RPL14;RPLP2;RPL6;RPS7;RPL35A;RPL7A;RPL3;RPS24;RPS29;RPS11;RPL38;UBA52;NACA;RPS25;RPL35;RPL28;RPS14;RPS27A;RPS28;RPS6;RPL29;RPL7;RPL23A;RPL4;RPL19;RPL32;RPS18;RPSA;RPS3A;RPL27A;RPL23;NDUFA12;RPL11;RPS9;RPS2;RPL36A;RPL17;RPS17;RPLP0;RPS23;CLEC18C;RPL10A;CFL1;RPL21;PPIA;EEF2;SLC25A3;NCL;NPM1,"[810, 1703, 1845, 1909, 1915, 1935, 2036, 2055, 2326, 2390, 2393, 2420, 2425, 2446, 2457, 2534, 2774, 2812, 2854, 2893, 2907, 2972, 3103, 3157, 3166, 3230, 3337, 3349, 3416, 3450, 3625, 3677, 3702, 3736, 3757, 3862, 3887, 3924, 3957, 4014, 4122, 4139, 4210, 4216, 4296, 4415, 4418, 4526, 4699, 4852, 5084, 5534, 5576, 5663, 6216, 6675, 6728, 6939, 7103, 8248, 9332, 13514, 14777, 15766]",c4.cgn__GCM_TPT1
c4.cgn,MORF_NME2,prerank,0.5478332399643104,2.131887357021322,0.0,6.873552973899975e-05,0.001,83_146,83/146,27.89%,POLR2H;HDGF;HSPD1;HSP90AA1;JTB;MRPL23;XBP1;EEF1D;OAZ1;RPS19;LYPLA2;EEF1G;RPL13;UBE2I;RPS16;RPS8;CLIC1;HSP90AB1;RPS10;RPL18A;BANF1;ENO1;RPL34;RPL8;TMEM147;RPS3;RPL18;RPL9;RPL31;RPL27;RPL13A;MIF;RPS5;RPL36AL;RPL24;COX7C;ALDOA;RPLP2;COPS6;RPL6;RPS7;RPS24;RPS29;RPS11;RPL38;PSMB1;SSR2;RPS20;NACA;RPS25;RPL35;TSR3;UBC;NME2;STOML2;RPS14;CALR;RPS27A;RPS6;RPS12;RPL7;RPL23A;RPL19;MYL6;RPL32;SNRPB;RPS3A;RPS13;RPS4X;RPL27A;NDUFA1;RPL11;SSNA1;RPS9;UBA1;PCBP2;GNAS;FAU;UBB;COX5B;PDAP1;COX4I1;SRP14,POLR2H;HDGF;HSPD1;HSP90AA1;JTB;MRPL23;XBP1;EEF1D;OAZ1;RPS19;LYPLA2;EEF1G;RPL13;UBE2I;RPS16;RPS8;CLIC1;HSP90AB1;RPS10;RPL18A;BANF1;ENO1;RPL34;RPL8;TMEM147;RPS3;RPL18;RPL9;RPL31;RPL27;RPL13A;MIF;RPS5;RPL36AL;RPL24;COX7C;ALDOA;RPLP2;COPS6;RPL6;RPS7;RPS24;RPS29;RPS11;RPL38;PSMB1;SSR2;RPS20;NACA;RPS25;RPL35;TSR3;UBC;NME2;STOML2;RPS14;CALR;RPS27A;RPS6;RPS12;RPL7;RPL23A;RPL19;MYL6;RPL32;SNRPB;RPS3A;RPS13;RPS4X;RPL27A;NDUFA1;RPL11;SSNA1;RPS9;UBA1;PCBP2;GNAS;FAU;UBB;COX5B;PDAP1;COX4I1;SRP14;RPL36A;CCT7;PFN1;COX6A1;RPS27;ATP6V1F;RPL17;RPS15A;BTF3;CYC1;RPLP0;RPL30;EEF1A2;AP2M1;RALY;PABPC1;RPS23;PSMB4;COX6B1;COX7A2;NEDD8;NDUFA2;CFL1;SUMO3;EIF4A1;OTUB1;RPL21;HINT1;UQCRB;ARF5;SUMO2;TBCB;COX8A;PPIA;DNPEP;PSMC1;RPL12;PSMD8;PUF60;RAN;COX7A2L;EEF2;URM1;LDHA;TUBA1B;PGK1;SAP18;SNRPE;SPAG7;DRG1;HUWE1;HNRNPC;NME1;RPL15;ACTB;CALM2;EIF4G2;CANX;GANAB;ACTG1;YWHAZ;HMGN2;NPM1,"[134, 318, 682, 876, 880, 987, 1084, 1270, 1344, 1703, 1817, 1845, 1853, 1857, 1909, 1915, 1955, 1985, 2055, 2179, 2209, 2285, 2326, 2353, 2360, 2390, 2393, 2420, 2425, 2446, 2457, 2475, 2520, 2623, 2693, 2712, 2768, 2774, 2781, 2812, 2854, 3103, 3157, 3166, 3230, 3303, 3305, 3327, 3349, 3416, 3450, 3485, 3543, 3600, 3648, 3677, 3686, 3702, 3757, 3808, 3887, 3924, 4014, 4094, 4122, 4167, 4216, 4265, 4288, 4296, 4429, 4526, 4628, 4699, 4716, 4719, 4729, 4734, 4750, 4769, 4796, 4836, 4885, 5084, 5096, 5360, 5419, 5455, 5476, 5534, 5586, 5589, 5661, 5663, 5756, 5848, 5915, 5946, 6002, 6216, 6246, 6303, 6515, 6619, 6766, 6939, 7026, 7033, 7059, 7103, 7246, 7480, 7702, 7732, 7767, 8139, 8248, 8312, 8434, 8558, 8583, 8815, 8903, 9100, 9332, 9506, 9549, 9644, 9922, 10222, 10370, 10413, 10437, 10571, 11073, 11144, 11953, 12262, 12311, 12560, 12788, 13207, 13331, 14665, 15143, 15766]",c4.cgn__MORF_NME2
c4.cgn,GNF2_ICAM3,prerank,0.6844708181272033,2.142945491126338,0.0,7.446349055058306e-05,0.001,20_37,20/37,15.34%,GPSM3;EMP3;HCLS1;MYO1F;MAX;CASP4;IRF1;SLA;ITGB2;WAS;GMFG;PSTPIP1;ARRB2;RIN3;APOBR;ADAM8;SELL;SH3BGRL3;STAT6;PTPN6,GPSM3;EMP3;HCLS1;MYO1F;MAX;CASP4;IRF1;SLA;ITGB2;WAS;GMFG;PSTPIP1;ARRB2;RIN3;APOBR;ADAM8;SELL;SH3BGRL3;STAT6;PTPN6;DPEP2;HLA-E;GMIP;PTPRC;HLA-F;LST1;EVI2B;ARHGAP25;FMNL1;HSD17B11;TXNIP;ICAM3;HLA-G;TMEM127;ACAP2;DAZAP2;GIT2,"[72, 270, 286, 339, 484, 515, 538, 778, 902, 1067, 1113, 1136, 1250, 1273, 1434, 1533, 2053, 2356, 2644, 2686, 3288, 3356, 3750, 3989, 4126, 4379, 4543, 5553, 5729, 5817, 6506, 6610, 8447, 8978, 11307, 14718, 16032]",c4.cgn__GNF2_ICAM3
c4.cgn,GNF2_CD33,prerank,0.6196232478925388,2.058307352590327,0.0,0.00023514786489657805,0.003,26_51,26/51,18.89%,HK3;FES;MS4A6A;CASP1;TLR2;TLR8;TYROBP;VNN1;IER2;STX11;NOD2;TBXAS1;CD33;LILRB3;FCGR1A;SLC7A7;CD163;CTSS;CD14;FOS;CD93;RGS2;CD302;PYCARD;PLBD1;LILRB2,HK3;FES;MS4A6A;CASP1;TLR2;TLR8;TYROBP;VNN1;IER2;STX11;NOD2;TBXAS1;CD33;LILRB3;FCGR1A;SLC7A7;CD163;CTSS;CD14;FOS;CD93;RGS2;CD302;PYCARD;PLBD1;LILRB2;VCAN;LILRA6;DUSP1;FCN1;LILRA3;MAFB;CYBB;CD1D;CFP;BST1;TNFAIP2;RNF130;FGL2;CPVL;LILRA1;IFI30;NLRP3;LGALS2;CLEC4A;NAIP;MFSD1;PPT1;CPPED1;AP1S2;DUSP6,"[200, 329, 385, 645, 745, 783, 865, 1053, 1118, 1199, 1266, 1346, 1612, 1620, 1740, 1979, 2304, 2465, 2611, 2889, 2967, 2984, 3017, 3056, 3210, 3308, 3662, 4233, 4446, 5015, 6044, 6394, 6563, 6891, 7041, 7161, 7216, 7240, 7289, 7336, 7636, 7881, 9658, 10099, 10598, 10862, 13834, 14691, 15008, 15420, 15916]",c4.cgn__GNF2_CD33
c4.cgn,GNF2_GLTSCR2,prerank,0.6907328633262507,2.076385872348316,0.0,0.00024821163516861017,0.003,23_30,23/30,22.92%,RPS21;EEF1D;RPS19;EEF1G;RPL13;RPS16;RPLP1;RPS15;RPS10;RPL18A;RPL34;RPL18;RPL13A;RPLP2;RPL35A;RPL3;RPS29;RPL38;RPL35;RPL28;RPS14;RPL23A;RPL19,RPS21;EEF1D;RPS19;EEF1G;RPL13;RPS16;RPLP1;RPS15;RPS10;RPL18A;RPL34;RPL18;RPL13A;RPLP2;RPL35A;RPL3;RPS29;RPL38;RPL35;RPL28;RPS14;RPL23A;RPL19;RPS9;FAU;RPS27;RPL30;ARHGEF18;RPL12;EEF1B2,"[810, 1270, 1703, 1845, 1853, 1909, 1935, 1974, 2055, 2179, 2326, 2393, 2457, 2774, 2893, 2972, 3157, 3230, 3450, 3625, 3677, 3924, 4014, 4699, 4734, 5455, 5756, 6209, 8558, 12656]",c4.cgn__GNF2_GLTSCR2
c4.cgn,GNF2_STAT6,prerank,0.5820286217164223,2.0800700493465514,0.0,0.0002628123195902931,0.003,30_77,30/77,16.78%,GPSM3;TCIRG1;EMP3;HCLS1;LAT2;TGFB1;CYBA;INPP5D;RNASET2;CASP4;ARPC1B;FXYD5;WAS;TYK2;RIN3;LAPTM5;SNAP23;ELF4;LCP1;TAPBP;CLIC1;SELL;CD53;STAT6;PTPN6;ARHGDIB;VAV1;DOCK2;SERP1;RAC2,GPSM3;TCIRG1;EMP3;HCLS1;LAT2;TGFB1;CYBA;INPP5D;RNASET2;CASP4;ARPC1B;FXYD5;WAS;TYK2;RIN3;LAPTM5;SNAP23;ELF4;LCP1;TAPBP;CLIC1;SELL;CD53;STAT6;PTPN6;ARHGDIB;VAV1;DOCK2;SERP1;RAC2;CMTM6;HLA-E;HLA-B;GMIP;PSMB8;HLA-F;MYD88;CD48;MOB1A;EVI2B;ANXA11;MSN;BNIP2;HLA-C;FMNL1;SEC11A;ARF6;GRK6;JUNB;LSP1;ICAM3;LYN;LRRFIP1;HLA-A;PAK2;CORO7;CORO1A;TRIM38;PSMB10;MBD2;IQGAP1;HLA-G;B2M;ARPC3;OSTF1;USP3;CAP1;ARPC5;ACAP2;ARPC2;PRR13;ADPGK;CAPZA1;ACTR3;DAZAP2;GIT2;ACTR2,"[72, 208, 270, 286, 325, 386, 417, 448, 482, 515, 654, 683, 1067, 1122, 1273, 1292, 1381, 1471, 1537, 1863, 1955, 2053, 2531, 2644, 2686, 2833, 2843, 2897, 2908, 2938, 3299, 3356, 3617, 3750, 3936, 4126, 4132, 4535, 4542, 4543, 5046, 5230, 5309, 5482, 5729, 5752, 6249, 6438, 6511, 6575, 6610, 6930, 6976, 7039, 7446, 7687, 8042, 8076, 8147, 8398, 8419, 8447, 8604, 9308, 10320, 10483, 10635, 10877, 11307, 13091, 14016, 14051, 14203, 14586, 14718, 16032, 16913]",c4.cgn__GNF2_STAT6
c4.cgn,GCM_PTK2,prerank,-0.5289670070864082,-2.0585666446460933,0.0,0.00036501905635923787,0.001,68_136,68/136,23.69%,DDHD2;LANCL1;EPB41L3;ULK2;CLASP2;CCDC88A;TTL;KIDINS220;WSB1;DNAJC6;PTPRD;USP32;PEG3;CLCN3;BACE1;FADS1;RALGAPA1;ABI2;BTBD3;ZFP14;PTK2;USP33;DCUN1D4;DLG1;TSNAX;UFSP2;ANKS1B;ZNF536;NIPA1;ATRN;TMEM30A;ARPP19;TMOD2;NOL6;DYNC1I2;GPR107;SIK3;AGPAT4;FAXDC2;ZNF565;RTN4;PREPL;FBXO21;STAMBP;CCDC82;ZNF84;FAM8A1;ANKRD17;DNAJB14;RABEP1;DOCK9;PPIG;TULP4;ZEB2;YIPF5;NAPG;MTMR2;WSB2;DZIP3;TRIM37;HERC2;TP53INP2;ARHGAP21;RAPH1;PHYHIPL;GORASP1;VPS52;NLK,TRIM8;KLHL21;TMEM184B;ZER1;RABL2B;CCDC92;SESN3;GBA2;HERC4;MAPK8IP2;MYO10;PLEKHB1;BBS2;SNX27;TJAP1;CAMK2G;MAPK8IP3;GPRC5B;RASSF3;MAP4K4;MGAT3;FAM219A;NAA30;WBP2;PKP4;C1orf198;POMT2;GLTP;NCS1;RAN;SAP30L;TTYH2;EIF4ENIF1;ABHD6;UBE2H;NGRN;CLDND1;NPTN;AHCYL1;FMNL2;FRYL;KIF5C;CNKSR2;FBXW11;GOLGA7;MOAP1;PHLPP2;DIRAS1;SPIRE1;YWHAG;SLAIN1;DYNC1LI2;KIF1B;PLEKHA1;NDRG3;RABGEF1;PDP1;ZNF710;GZF1;ARHGAP26;MEGF9;TEX2;BTRC;FAM168B;FNIP2;RNF13;OCIAD1;APPBP2;NLK;VPS52;GORASP1;PHYHIPL;RAPH1;ARHGAP21;TP53INP2;HERC2;TRIM37;DZIP3;WSB2;MTMR2;NAPG;YIPF5;ZEB2;TULP4;PPIG;DOCK9;RABEP1;DNAJB14;ANKRD17;FAM8A1;ZNF84;CCDC82;STAMBP;FBXO21;PREPL;RTN4;ZNF565;FAXDC2;AGPAT4;SIK3;GPR107;DYNC1I2;NOL6;TMOD2;ARPP19;TMEM30A;ATRN;NIPA1;ZNF536;ANKS1B;UFSP2;TSNAX;DLG1;DCUN1D4;USP33;PTK2;ZFP14;BTBD3;ABI2;RALGAPA1;FADS1;BACE1;CLCN3;PEG3;USP32;PTPRD;DNAJC6;WSB1;KIDINS220;TTL;CCDC88A;CLASP2;ULK2;EPB41L3;LANCL1;DDHD2,"[41, 361, 897, 2103, 2175, 3225, 3906, 4280, 4342, 4918, 4931, 5278, 5842, 5983, 6108, 6774, 6821, 7106, 7146, 7148, 7221, 7303, 7412, 7460, 7680, 7740, 8134, 8696, 8839, 8903, 9148, 9244, 9395, 9430, 9760, 9865, 10054, 10232, 10453, 10502, 10503, 10618, 10700, 10709, 10832, 11002, 11011, 11112, 11229, 11291, 11413, 11494, 11534, 11794, 11883, 12006, 12090, 12161, 12281, 12351, 12425, 12501, 12697, 12738, 13018, 13035, 13049, 13142, 13369, 13389, 13439, 13506, 13555, 13577, 13610, 13619, 13662, 13945, 14034, 14075, 14122, 14152, 14204, 14213, 14267, 14359, 14563, 14585, 14611, 14635, 14654, 14862, 14885, 14917, 14964, 14995, 15214, 15270, 15399, 15426, 15507, 15533, 15582, 15584, 15742, 15754, 15816, 15826, 15970, 15981, 15983, 16017, 16023, 16067, 16101, 16229, 16319, 16327, 16343, 16374, 16481, 16494, 16560, 16633, 16778, 16923, 17023, 17092, 17129, 17130, 17150, 17170, 17198, 17221, 17264, 17275]",c4.cgn__GCM_PTK2
c4.cgn,GNF2_PTPN6,prerank,0.6202352624186781,2.010854986178524,0.0,0.0004873973926947254,0.009,21_44,21/44,23.56%,GPSM3;SIPA1;EMP3;HCLS1;LRCH4;FXYD5;WAS;LAPTM5;TAPBP;SELL;CD53;STAT6;PTPN6;ARHGDIB;RAC2;DPEP2;HLA-E;HLA-B;GMIP;PTPRC;HLA-F,GPSM3;SIPA1;EMP3;HCLS1;LRCH4;FXYD5;WAS;LAPTM5;TAPBP;SELL;CD53;STAT6;PTPN6;ARHGDIB;RAC2;DPEP2;HLA-E;HLA-B;GMIP;PTPRC;HLA-F;CD48;EVI2B;LIMD2;CRLF3;ANXA11;HLA-C;ARHGAP25;FMNL1;GRK6;TXNIP;LSP1;ICAM3;LYN;LRRFIP1;HLA-A;CORO7;CORO1A;SP110;HLA-G;B2M;ARPC3;ACAP2;GIT2,"[72, 226, 270, 286, 368, 683, 1067, 1292, 1863, 2053, 2531, 2644, 2686, 2833, 2938, 3288, 3356, 3617, 3750, 3989, 4126, 4535, 4543, 4912, 4953, 5046, 5482, 5553, 5729, 6438, 6506, 6575, 6610, 6930, 6976, 7039, 7687, 8042, 8383, 8447, 8604, 9308, 11307, 16032]",c4.cgn__GNF2_PTPN6
c4.cgn,GNF2_SPI1,prerank,0.6578284721678915,2.0213625610437442,0.0,0.0004914590376338482,0.008,12_34,12/34,7.31%,NADK;PPBP;MYO1F;VASP;FRAT2;FCGR2A;C5AR1;SPI1;LY96;CSF3R;ARRB2;FRAT1,NADK;PPBP;MYO1F;VASP;FRAT2;FCGR2A;C5AR1;SPI1;LY96;CSF3R;ARRB2;FRAT1;APOBEC3A;FPR1;SECTM1;FOLR3;HCK;LST1;NCF2;RARA;CLEC7A;IGSF6;BACH1;PILRA;MSRB1;MNDA;TLR1;TMEM127;AQP9;P2RY13;UBE2D1;TNFSF10;PLXNC1;GCA,"[44, 294, 339, 382, 388, 648, 805, 942, 1117, 1164, 1250, 1279, 2551, 2561, 3034, 3189, 3336, 4379, 4720, 5072, 5747, 6339, 6464, 6494, 7123, 8616, 8679, 8978, 10543, 11425, 11786, 13874, 14988, 16283]",c4.cgn__GNF2_SPI1
c4.cgn,GNF2_MYD88,prerank,0.5925120056759445,2.003588065810105,0.0,0.0005050567185169981,0.01,29_58,29/58,21.41%,TCIRG1;HCLS1;CYBA;RNASET2;CASP1;ARPC1B;TNFRSF1B;LILRB1;TYROBP;ITGB2;WAS;RIN3;ELF4;MCL1;FCER1G;SELL;SH3BGRL3;SELPLG;CD53;STAT6;CYTH4;CNPY3;DOCK2;RGS2;PYCARD;CMTM6;HLA-B;MAN2B1;GMIP,TCIRG1;HCLS1;CYBA;RNASET2;CASP1;ARPC1B;TNFRSF1B;LILRB1;TYROBP;ITGB2;WAS;RIN3;ELF4;MCL1;FCER1G;SELL;SH3BGRL3;SELPLG;CD53;STAT6;CYTH4;CNPY3;DOCK2;RGS2;PYCARD;CMTM6;HLA-B;MAN2B1;GMIP;MYD88;LILRA6;LST1;RPS6KA1;MX2;FMNL1;SH2B3;CYBB;LSP1;THEMIS2;RAB8A;LYN;PAK2;RHOA;CORO1A;PSMB10;IQGAP1;TMEM127;ARPC3;PRKCD;OSTF1;USP3;CAP1;ARPC5;FKBP15;SKAP2;DAZAP2;PTPRE;ACTR2,"[208, 286, 417, 482, 645, 654, 720, 820, 865, 902, 1067, 1273, 1471, 1483, 1513, 2053, 2356, 2361, 2531, 2644, 2659, 2772, 2897, 2984, 3056, 3299, 3617, 3690, 3750, 4132, 4233, 4379, 5141, 5294, 5729, 6169, 6563, 6575, 6857, 6908, 6930, 7446, 7817, 8042, 8147, 8419, 8978, 9308, 9580, 10320, 10483, 10635, 10877, 13060, 13661, 14718, 15544, 16913]",c4.cgn__GNF2_MYD88
c4.cgn,GNF2_TPT1,prerank,0.6512753607066529,2.018990471208044,0.0,0.0005106067923468552,0.009,33_38,33/38,32.86%,EEF1G;RPLP1;TPT1;RPS10;RPL9;RPL31;RPL27;RPL13A;RPL37A;RPS24;RPS11;RPL38;RPS20;UBA52;RPS14;RPS6;RPS12;RPL23A;RPL19;RPL32;RPS18;RPS3A;RPS13;RPS4X;RPL27A;RPL23;RPS2;RPL39;RPL10;RPS27;RPS17;RPL37;RPL30,EEF1G;RPLP1;TPT1;RPS10;RPL9;RPL31;RPL27;RPL13A;RPL37A;RPS24;RPS11;RPL38;RPS20;UBA52;RPS14;RPS6;RPS12;RPL23A;RPL19;RPL32;RPS18;RPS3A;RPS13;RPS4X;RPL27A;RPL23;RPS2;RPL39;RPL10;RPS27;RPS17;RPL37;RPL30;RPL41;RPS23;RPL21;EEF1A1;RPL12,"[1845, 1935, 2036, 2055, 2420, 2425, 2446, 2457, 2663, 3103, 3166, 3230, 3327, 3337, 3677, 3757, 3808, 3924, 4014, 4122, 4139, 4216, 4265, 4288, 4296, 4415, 4852, 5209, 5223, 5455, 5576, 5716, 5756, 6144, 6216, 7103, 7703, 8558]",c4.cgn__GNF2_TPT1
c4.cgn,GCM_MAP1B,prerank,-0.6047282869705577,-2.0753178038099827,0.0,0.0005475285845388568,0.001,36_64,36/64,25.36%,KLHL42;ULK2;CLASP2;TTL;KIDINS220;PTPRD;SCARB2;PEG3;ADO;CEP170;RALGAPA1;ABI2;ZFP14;ELMO2;MAP1B;ARPP19;GSK3B;CDC42BPA;SIK3;PREPL;RBFOX2;CALM1;ZNF84;FAM8A1;CAND1;WSB2;NUAK1;BEX2;TRIM37;HERC2;ACSL3;PHYHIPL;RABGAP1L;NLK;APPBP2;SPAG9,DUSP26;CCDC92;MAPK8IP2;CSRNP2;NISCH;PHF2;SMAP1;FAM219A;NAA30;AMER2;USP22;RAN;EIF4ENIF1;NCAM1;NGRN;CELF3;KIF5C;FBXW11;GABBR2;DIRAS1;SPIRE1;KIF1B;ASAP2;TMEM237;NPTX1;PDXP;NAB1;BTRC;SPAG9;APPBP2;NLK;RABGAP1L;PHYHIPL;ACSL3;HERC2;TRIM37;BEX2;NUAK1;WSB2;CAND1;FAM8A1;ZNF84;CALM1;RBFOX2;PREPL;SIK3;CDC42BPA;GSK3B;ARPP19;MAP1B;ELMO2;ZFP14;ABI2;RALGAPA1;CEP170;ADO;PEG3;SCARB2;PTPRD;KIDINS220;TTL;CLASP2;ULK2;KLHL42,"[2807, 3225, 4918, 4957, 5009, 5659, 5977, 7303, 7412, 7725, 8090, 8903, 9395, 9574, 9865, 9947, 10618, 10709, 11031, 11112, 11229, 11534, 11638, 11825, 11865, 12121, 12337, 12697, 13077, 13142, 13369, 13451, 13506, 13614, 13619, 13662, 13740, 13974, 14034, 14466, 14635, 14654, 14779, 14946, 14964, 15426, 15610, 15613, 15742, 15803, 16287, 16319, 16343, 16374, 16436, 16540, 16633, 16804, 16923, 17129, 17130, 17170, 17198, 17304]",c4.cgn__GCM_MAP1B
c4.cgn,GNF2_SELL,prerank,0.6222350204754798,1.9864176136179732,0.0,0.0006329396696799559,0.014,22_46,22/46,18.84%,GPSM3;TCIRG1;HCLS1;LRCH4;RNASET2;CASP4;CASP1;FXYD5;WAS;GMFG;ARRB2;LAPTM5;MCL1;SELL;CD53;STAT6;CYTH4;PTPN6;CNPY3;ARHGDIB;DPEP2;CMTM6,GPSM3;TCIRG1;HCLS1;LRCH4;RNASET2;CASP4;CASP1;FXYD5;WAS;GMFG;ARRB2;LAPTM5;MCL1;SELL;CD53;STAT6;CYTH4;PTPN6;CNPY3;ARHGDIB;DPEP2;CMTM6;HLA-B;GMIP;MYD88;EVI2B;MX2;FMNL1;HSD17B11;JUNB;LSP1;ICAM3;THEMIS2;LYN;LRRFIP1;PAK2;CORO1A;TRIM38;B2M;ARPC3;USP3;ACAP2;SKAP2;DAZAP2;GIT2;OSBPL8,"[72, 208, 286, 368, 482, 515, 645, 683, 1067, 1113, 1250, 1292, 1483, 2053, 2531, 2644, 2659, 2686, 2772, 2833, 3288, 3299, 3617, 3750, 4132, 4543, 5294, 5729, 5817, 6511, 6575, 6610, 6857, 6930, 6976, 7446, 8042, 8076, 8604, 9308, 10483, 11307, 13661, 14718, 16032, 16051]",c4.cgn__GNF2_SELL
c4.cgn,GNF2_PTPRC,prerank,0.5592392360789907,1.968836494413474,0.0,0.0006433645583570375,0.015,30_63,30/63,23.56%,STK38;SIPA1;HCLS1;TSC22D3;LRCH4;CLEC2B;WAS;PSTPIP1;RIN3;KLF2;ADAM8;GIMAP6;IL10RA;TRIM22;CD53;PTPN6;ITGAL;FLI1;VAV1;RAC2;BTN3A3;HLA-E;LCP2;HECA;BIN2;HLA-B;TRAF3IP3;PTPRC;ARHGAP4;HLA-F,STK38;SIPA1;HCLS1;TSC22D3;LRCH4;CLEC2B;WAS;PSTPIP1;RIN3;KLF2;ADAM8;GIMAP6;IL10RA;TRIM22;CD53;PTPN6;ITGAL;FLI1;VAV1;RAC2;BTN3A3;HLA-E;LCP2;HECA;BIN2;HLA-B;TRAF3IP3;PTPRC;ARHGAP4;HLA-F;CD48;ZNF394;HLA-C;CYTIP;FMNL1;GRK6;TXNIP;ICAM3;GPR65;C11orf21;HLA-A;ADCY7;PHF11;PARP12;RNF44;CORO1A;MSL1;HLA-G;JAK1;PARP8;OSTF1;CASP8;SNX6;STK10;CYTH1;DDX5;SEMA4D;MBNL1;KDM5A;RAP1B;SNRK;WIPF1;GSAP,"[222, 226, 286, 366, 368, 389, 1067, 1136, 1273, 1446, 1533, 2224, 2448, 2486, 2531, 2686, 2736, 2838, 2843, 2938, 3109, 3356, 3402, 3468, 3511, 3617, 3697, 3989, 3994, 4126, 4535, 4870, 5482, 5717, 5729, 6438, 6506, 6610, 6823, 6854, 7039, 7067, 7833, 8023, 8027, 8042, 8368, 8447, 9271, 9482, 10320, 10378, 10488, 10692, 10917, 11020, 11152, 11269, 12479, 12892, 13411, 14990, 17095]",c4.cgn__GNF2_PTPRC
c4.cgn,GNF2_CD53,prerank,0.5851430627075954,1.9631071708614447,0.0,0.0006873552973899975,0.017,24_56,24/56,16.78%,GPSM3;HCLS1;LRCH4;INPP5D;FXYD5;PIK3CD;CSK;WAS;SASH3;LAPTM5;ELF4;MFNG;LCP1;TAP1;TAPBP;SELL;TRIM22;CD53;STAT6;PTPN6;ARHGDIB;VAV1;DOCK2;RAC2,GPSM3;HCLS1;LRCH4;INPP5D;FXYD5;PIK3CD;CSK;WAS;SASH3;LAPTM5;ELF4;MFNG;LCP1;TAP1;TAPBP;SELL;TRIM22;CD53;STAT6;PTPN6;ARHGDIB;VAV1;DOCK2;RAC2;HLA-E;HLA-B;PSMB8;PTPRC;HLA-F;MYD88;CD48;LIMD2;PSME1;CRLF3;IFI16;RPS6KA1;HLA-C;CYTIP;FMNL1;GRK6;LSP1;HLA-A;PAK2;CORO7;PHF11;CORO1A;PSMB10;PSMB9;SP110;HLA-G;B2M;OSTF1;ACTR3;WIPF1;GIT2;ACTR2,"[72, 286, 368, 448, 683, 790, 829, 1067, 1201, 1292, 1471, 1481, 1537, 1758, 1863, 2053, 2486, 2531, 2644, 2686, 2833, 2843, 2897, 2938, 3356, 3617, 3936, 3989, 4126, 4132, 4535, 4912, 4930, 4953, 5020, 5141, 5482, 5717, 5729, 6438, 6575, 7039, 7446, 7687, 7833, 8042, 8147, 8284, 8383, 8447, 8604, 10320, 14586, 14990, 16032, 16913]",c4.cgn__GNF2_CD53
c4.cgn,MORF_TPT1,prerank,0.5206074478071521,1.9475780400195268,0.0,0.0008604670019178487,0.023,73_99,73/99,32.86%,OAZ1;RPS19;LYPLA2;EEF1G;RPL13;RPS16;RPS8;RPLP1;TPT1;RPS10;RPL18A;RPL34;RPL8;RPS3;RPL18;RPL9;RPL31;RPL27;RPL13A;JUND;RPS5;RPL24;COX7C;RPLP2;RPL6;RPS7;RPL3;YBX1;RPS24;RPS29;RPS11;RPL38;RPS20;NACA;RPS25;UBC;RPL28;RPS14;RPS27A;RPS6;RPS12;RPL29;RPL7;RPL23A;RPL4;ARAF;RPL19;MYL6;RPL32;RPS18;RPS3A;RPS13;RPS4X;RPL27A;RPL23;RPL11;RPS9;PCBP2;FAU;UBB;SRP14;RPL36A;RPL5;RPL10;RPS27;RPL22;RPL17;RPS17;RPS15A;BTF3;RPLP0;RPL37;RPL30,OAZ1;RPS19;LYPLA2;EEF1G;RPL13;RPS16;RPS8;RPLP1;TPT1;RPS10;RPL18A;RPL34;RPL8;RPS3;RPL18;RPL9;RPL31;RPL27;RPL13A;JUND;RPS5;RPL24;COX7C;RPLP2;RPL6;RPS7;RPL3;YBX1;RPS24;RPS29;RPS11;RPL38;RPS20;NACA;RPS25;UBC;RPL28;RPS14;RPS27A;RPS6;RPS12;RPL29;RPL7;RPL23A;RPL4;ARAF;RPL19;MYL6;RPL32;RPS18;RPS3A;RPS13;RPS4X;RPL27A;RPL23;RPL11;RPS9;PCBP2;FAU;UBB;SRP14;RPL36A;RPL5;RPL10;RPS27;RPL22;RPL17;RPS17;RPS15A;BTF3;RPLP0;RPL37;RPL30;PABPC1;RPS23;GPR161;RPL10A;CFL1;PTMA;RPL21;EEF1A1;SUMO2;RHOA;PPIA;ZFPL1;RPL12;B2M;EEF2;TUBA1B;PGK1;EIF4A2;HNRNPK;RPL15;ACTB;EIF4G2;EEF1B2;ACTG1;NPM1;RBM3,"[1344, 1703, 1817, 1845, 1853, 1909, 1915, 1935, 2036, 2055, 2179, 2326, 2353, 2390, 2393, 2420, 2425, 2446, 2457, 2470, 2520, 2693, 2712, 2774, 2812, 2854, 2972, 3086, 3103, 3157, 3166, 3230, 3327, 3349, 3416, 3543, 3625, 3677, 3702, 3757, 3808, 3862, 3887, 3924, 3957, 3967, 4014, 4094, 4122, 4139, 4216, 4265, 4288, 4296, 4415, 4526, 4699, 4719, 4734, 4750, 4885, 5084, 5122, 5223, 5455, 5460, 5534, 5576, 5586, 5589, 5663, 5716, 5756, 6002, 6216, 6632, 6728, 6939, 7095, 7103, 7703, 7732, 7817, 8248, 8429, 8558, 8604, 9332, 9644, 9922, 10269, 10590, 11953, 12262, 12560, 12656, 13331, 15766, 17249]",c4.cgn__MORF_TPT1
c4.cgn,GNF2_INPP5D,prerank,0.6044593076346833,1.9399887088295944,0.0,0.0009573877356503534,0.025,23_42,23/42,23.62%,SIPA1;HCLS1;INPP5D;CSK;WAS;SASH3;LAPTM5;ELF4;MFNG;TAP1;TAPBP;CD53;STAT6;CSNK1G2;ARHGDIB;VAV1;RAC2;CBFB;HLA-E;HLA-B;PSMB8;HLA-F;PSD4,SIPA1;HCLS1;INPP5D;CSK;WAS;SASH3;LAPTM5;ELF4;MFNG;TAP1;TAPBP;CD53;STAT6;CSNK1G2;ARHGDIB;VAV1;RAC2;CBFB;HLA-E;HLA-B;PSMB8;HLA-F;PSD4;CD48;PSME1;IFI16;HLA-C;CYTIP;ARF6;GRK6;CDV3;HLA-A;PHF11;CORO1A;PSMB10;HLA-G;RNF4;STK10;KDM5A;RAP1B;ACTR3;WIPF1,"[226, 286, 448, 829, 1067, 1201, 1292, 1471, 1481, 1758, 1863, 2531, 2644, 2729, 2833, 2843, 2938, 3010, 3356, 3617, 3936, 4126, 4136, 4535, 4930, 5020, 5482, 5717, 6249, 6438, 6817, 7039, 7833, 8042, 8147, 8447, 8682, 10692, 12479, 12892, 14586, 14990]",c4.cgn__GNF2_INPP5D
c4.cgn,GNF2_VAV1,prerank,0.6276985063085284,1.9369563717206337,0.0,0.001016811802001065,0.027,17_36,17/36,16.78%,GPSM3;HCLS1;CYBA;INPP5D;PIK3CD;CSK;WAS;SASH3;LAPTM5;ELF4;TRIM22;CD53;STAT6;ARHGDIB;VAV1;DOCK2;RAC2,GPSM3;HCLS1;CYBA;INPP5D;PIK3CD;CSK;WAS;SASH3;LAPTM5;ELF4;TRIM22;CD53;STAT6;ARHGDIB;VAV1;DOCK2;RAC2;HLA-E;HLA-B;PTPRC;HLA-F;CD48;HLA-C;CYTIP;GRK6;PAK2;CORO7;PHF11;CORO1A;TRIM38;PSMB10;SP110;HLA-G;OSTF1;GIT2;ACTR2,"[72, 286, 417, 448, 790, 829, 1067, 1201, 1292, 1471, 2486, 2531, 2644, 2833, 2843, 2897, 2938, 3356, 3617, 3989, 4126, 4535, 5482, 5717, 6438, 7446, 7687, 7833, 8042, 8076, 8147, 8383, 8447, 10320, 16032, 16913]",c4.cgn__GNF2_VAV1
c4.cgn,GCM_ZNF198,prerank,-0.533378395640341,-1.9892290673120925,0.0,0.0017520914705243418,0.008,57_111,57/111,24.28%,KLHL42;NAA25;REPS1;PPM1E;HMG20A;RBM25;HEATR5B;KIDINS220;ZNF529;EPM2AIP1;DMTF1;DHX36;SCARB2;USP37;CEP170;RALGAPA1;ZFP14;USP33;TRAPPC6B;PTBP2;GSK3B;CLK4;DYNC1I2;CDC5L;HNRNPU;ZNF462;ARID4B;KAT7;CCDC82;ZMYM2;TUBGCP3;ZNF655;ISCA1;FAM8A1;CNOT7;ANKRD17;ZFAND5;ZNF566;CAND1;C2CD3;CRNKL1;EXOC5;CHTOP;PDCL;UBE2N;NFYA;KPNA3;BEX2;PRKRA;LUC7L3;ACSL3;SPAST;PAFAH1B2;PHYHIPL;RABGAP1L;NLK;LEMD3,SLC5A3;KANK2;NCOA5;MED17;HNRNPH3;RBM4B;BRPF3;MEX3C;CREBRF;FBXO30;PHF2;TAF5;ZHX1;ARID1A;SMAD2;USP19;CELF1;ISOC1;HECTD3;NAA30;DFFA;BSDC1;PATZ1;RMND5A;FOXO3;VEZF1;PARP6;QSER1;NUDT4;PPM1B;FBXO3;EPC2;UBE2E3;EIF4ENIF1;NCAM1;SLC25A29;UBE2H;PAIP1;HIPK1;NGRN;CEP76;TARDBP;GNE;SMC3;KAT6B;NPTX1;RABGEF1;FANCL;NAB1;SYNC;BTRC;CRYBG3;SS18L1;SPAG9;LEMD3;NLK;RABGAP1L;PHYHIPL;PAFAH1B2;SPAST;ACSL3;LUC7L3;PRKRA;BEX2;KPNA3;NFYA;UBE2N;PDCL;CHTOP;EXOC5;CRNKL1;C2CD3;CAND1;ZNF566;ZFAND5;ANKRD17;CNOT7;FAM8A1;ISCA1;ZNF655;TUBGCP3;ZMYM2;CCDC82;KAT7;ARID4B;ZNF462;HNRNPU;CDC5L;DYNC1I2;CLK4;GSK3B;PTBP2;TRAPPC6B;USP33;ZFP14;RALGAPA1;CEP170;USP37;SCARB2;DHX36;DMTF1;EPM2AIP1;ZNF529;KIDINS220;HEATR5B;RBM25;HMG20A;PPM1E;REPS1;NAA25;KLHL42,"[59, 432, 1326, 2333, 2651, 2778, 2902, 2969, 3501, 3937, 5659, 5667, 5720, 6058, 6205, 6412, 6567, 7023, 7269, 7412, 7631, 7730, 7785, 7927, 8003, 8088, 8424, 8575, 8678, 8873, 9262, 9355, 9381, 9395, 9574, 9583, 9760, 9776, 9817, 9865, 10122, 10154, 10191, 10273, 11325, 11865, 12006, 12124, 12337, 12450, 12697, 12756, 12794, 13077, 13265, 13369, 13451, 13506, 13515, 13551, 13614, 13644, 13697, 13740, 13887, 14044, 14060, 14145, 14266, 14430, 14459, 14464, 14466, 14479, 14591, 14611, 14624, 14635, 14639, 14705, 14712, 14740, 14862, 15044, 15255, 15387, 15455, 15527, 15533, 15591, 15613, 15651, 15751, 16101, 16319, 16374, 16436, 16672, 16804, 16832, 16907, 17018, 17072, 17129, 17165, 17217, 17220, 17232, 17294, 17300, 17304]",c4.cgn__GCM_ZNF198
c4.cgn,GCM_NCAM1,prerank,-0.5170100632648842,-1.9562976661332316,0.0,0.002053232192020713,0.015,57_120,57/120,23.69%,KLHL42;REPS1;DCTN4;PPM1E;HMG20A;CLASP2;KIDINS220;MTMR9;ZNF529;DMTF1;SCARB2;UBE3A;PEG3;CLCN3;ADO;CEP170;RALGAPA1;ZFP14;ZNF536;GSTA4;MAP1B;PTBP2;IPO9;GSK3B;C2CD5;ZNF462;KAT7;RBFOX2;CCDC82;CALM1;ZMYM2;ZNF84;FAM8A1;ANKRD17;ZFAND5;DCAF7;ZNF566;CAND1;CRNKL1;EXOC5;CHTOP;RBM8A;UBE2N;NFYA;WSB2;NUAK1;ALS2;IPO7;ERBB4;BEX2;CORO2B;ACSL3;SPAST;PAFAH1B2;PHYHIPL;RABGAP1L;NLK,RASA4;IGDCC4;SMAD7;SUFU;AHDC1;ABHD14A;NFIB;RBM4B;PKNOX1;BRPF3;TEAD1;SESN3;FBXO30;CSRNP2;IQCK;NISCH;ZBTB5;PHF2;SMAP1;VPS26B;USP19;CELF1;DENND2A;PGRMC2;MTMR3;NAA30;AMER2;BSDC1;PHC1;FOXO3;USP22;PARP6;QSER1;NUDT4;RAN;FBXO3;EPC2;UBE2E3;EIF4ENIF1;NCAM1;UBE2H;PAIP1;NGRN;MECP2;CADM1;KIF5C;TSPYL4;GABBR2;SPIRE1;KAT6B;KIF1B;REEP1;ASAP2;TMEM237;NPTX1;RABGEF1;NAB1;SYNC;TRAK2;BTRC;CRYBG3;SS18L1;SPAG9;NLK;RABGAP1L;PHYHIPL;PAFAH1B2;SPAST;ACSL3;CORO2B;BEX2;ERBB4;IPO7;ALS2;NUAK1;WSB2;NFYA;UBE2N;RBM8A;CHTOP;EXOC5;CRNKL1;CAND1;ZNF566;DCAF7;ZFAND5;ANKRD17;FAM8A1;ZNF84;ZMYM2;CALM1;CCDC82;RBFOX2;KAT7;ZNF462;C2CD5;GSK3B;IPO9;PTBP2;MAP1B;GSTA4;ZNF536;ZFP14;RALGAPA1;CEP170;ADO;CLCN3;PEG3;UBE3A;SCARB2;DMTF1;ZNF529;MTMR9;KIDINS220;CLASP2;HMG20A;PPM1E;DCTN4;REPS1;KLHL42,"[452, 1167, 1659, 1875, 2080, 2246, 2440, 2778, 2836, 2902, 3355, 3906, 3937, 4957, 5004, 5009, 5081, 5659, 5977, 6170, 6412, 6567, 6571, 7214, 7235, 7412, 7725, 7730, 7839, 8003, 8090, 8424, 8575, 8678, 8903, 9262, 9355, 9381, 9395, 9574, 9760, 9776, 9865, 10143, 10496, 10618, 10637, 11031, 11229, 11325, 11534, 11565, 11638, 11825, 11865, 12006, 12337, 12450, 12578, 12697, 12756, 12794, 13077, 13369, 13451, 13506, 13515, 13551, 13614, 13632, 13740, 13750, 13808, 13929, 13974, 14034, 14044, 14060, 14188, 14266, 14430, 14459, 14466, 14479, 14512, 14591, 14611, 14635, 14654, 14740, 14779, 14862, 14946, 15044, 15387, 15522, 15613, 15618, 15651, 15803, 15806, 15970, 16319, 16374, 16436, 16540, 16560, 16633, 16756, 16804, 16907, 17072, 17111, 17129, 17170, 17220, 17232, 17280, 17294, 17304]",c4.cgn__GCM_NCAM1
c4.cgn,GNF2_TNFSF10,prerank,0.6395995565152892,1.8787029740719425,0.0,0.0021445485278567917,0.058,16_30,16/30,19.08%,MYO1F;S100A4;FCGR2A;C5AR1;SPI1;LILRA2;LY96;CSF3R;ARRB2;APOBEC3A;FPR1;RGS2;SECTM1;DPEP2;HCK;CCR1,MYO1F;S100A4;FCGR2A;C5AR1;SPI1;LILRA2;LY96;CSF3R;ARRB2;APOBEC3A;FPR1;RGS2;SECTM1;DPEP2;HCK;CCR1;LST1;EVI2B;NCF2;CLEC7A;SDCBP;IGSF6;PILRA;AIF1;MNDA;TLR1;P2RY13;UBE2D1;TNFSF10;PLXNC1,"[339, 576, 648, 805, 942, 958, 1117, 1164, 1250, 2551, 2561, 2984, 3034, 3288, 3336, 3341, 4379, 4543, 4720, 5747, 5806, 6339, 6494, 6768, 8616, 8679, 11425, 11786, 13874, 14988]",c4.cgn__GNF2_TNFSF10
c4.cgn,GCM_MAP4K4,prerank,-0.4971457195190375,-1.9902541888520648,0.0,0.0021901143381554272,0.008,72_164,72/164,25.71%,DDHD2;LANCL1;ULK2;CLASP2;CCDC88A;TTL;KIDINS220;MFSD8;WSB1;STX12;PTPRD;CLCN3;ADO;FADS1;TNIK;RNF141;RALGAPA1;ABI2;ZFP14;PTK2;MTMR4;DCUN1D4;DLG1;TSNAX;ANKS1B;ATMIN;ATRN;TMEM30A;SCD5;TMOD2;DYNC1H1;DYNC1I2;GPR107;SIK3;AGPAT4;ZNF565;RTN4;PREPL;FBXO21;UBL3;CALM1;EPB41L2;ZNF84;ANKRD17;DNAJB14;C2CD3;TNKS;FAN1;PPIG;ZEB2;NAPG;MTMR2;WSB2;DZIP3;MACF1;IPO7;RAB22A;TRIM37;HERC2;ARHGAP21;RAPH1;GORASP1;VPS52;IPO5;ARNT2;ANKFY1;APPBP2;ZNF404;SPAG9;OCIAD1;RNF13;PEAK1,HMBOX1;LRP4;PDE4DIP;SLC18B1;RABL2B;CRKL;PSAT1;CCDC92;ZFAND3;SESN3;SH2B1;IL17D;APC2;LRRC8A;GBA2;ZNF275;MYO10;NACC1;CLEC16A;PLEKHB1;IL6ST;DTNA;PITPNC1;OAZ2;BBS2;SNX27;TBCK;TJAP1;HIPK2;SIRT2;MAPK8IP3;PREX1;MTUS1;GPRC5B;RASSF3;MAP4K4;PACS2;FAM219A;SH3GLB1;NAA30;WBP2;CHST10;PHF10;C1orf198;TBC1D10B;POMT2;SCAMP5;GLTP;RAN;AIDA;SAP30L;TTYH2;EIF4ENIF1;ABHD6;UBE2H;HIPK1;RDX;NGRN;PHAX;PDZD2;BMPR2;CLDND1;NPTN;CEP350;AHCYL1;FMNL2;FRYL;TSPYL4;FBXW11;GAB2;POGZ;GOLGA7;PHLPP2;GPM6B;DDX17;KDM3B;SPIRE1;YWHAG;MYO9A;SLAIN1;DYNC1LI2;KIF1B;CLIP3;RMDN3;TANC2;USP46;ZNF710;GZF1;UBE2K;ARL8B;BTRC;FAM168B;PEAK1;RNF13;OCIAD1;SPAG9;ZNF404;APPBP2;ANKFY1;ARNT2;IPO5;VPS52;GORASP1;RAPH1;ARHGAP21;HERC2;TRIM37;RAB22A;IPO7;MACF1;DZIP3;WSB2;MTMR2;NAPG;ZEB2;PPIG;FAN1;TNKS;C2CD3;DNAJB14;ANKRD17;ZNF84;EPB41L2;CALM1;UBL3;FBXO21;PREPL;RTN4;ZNF565;AGPAT4;SIK3;GPR107;DYNC1I2;DYNC1H1;TMOD2;SCD5;TMEM30A;ATRN;ATMIN;ANKS1B;TSNAX;DLG1;DCUN1D4;MTMR4;PTK2;ZFP14;ABI2;RALGAPA1;RNF141;TNIK;FADS1;ADO;CLCN3;PTPRD;STX12;WSB1;MFSD8;KIDINS220;TTL;CCDC88A;CLASP2;ULK2;LANCL1;DDHD2,"[402, 661, 1760, 2174, 2175, 3142, 3159, 3225, 3403, 3906, 4052, 4138, 4159, 4227, 4280, 4547, 4931, 5026, 5143, 5278, 5448, 5512, 5618, 5686, 5842, 5983, 6085, 6108, 6403, 6743, 6821, 6884, 7086, 7106, 7146, 7148, 7259, 7303, 7319, 7412, 7460, 7608, 7676, 7740, 7764, 8134, 8657, 8696, 8903, 9092, 9148, 9244, 9395, 9430, 9760, 9817, 9853, 9865, 9932, 9959, 10005, 10054, 10232, 10450, 10453, 10502, 10503, 10637, 10709, 10756, 10813, 10832, 11011, 11057, 11153, 11224, 11229, 11291, 11401, 11413, 11494, 11534, 11799, 11831, 11872, 12012, 12161, 12281, 12419, 12676, 12697, 12738, 13015, 13035, 13049, 13077, 13117, 13142, 13225, 13340, 13385, 13389, 13439, 13555, 13577, 13619, 13662, 13795, 13808, 13941, 13945, 14034, 14075, 14122, 14204, 14267, 14343, 14449, 14464, 14585, 14611, 14654, 14689, 14779, 14898, 14917, 14964, 14995, 15214, 15399, 15426, 15507, 15533, 15541, 15584, 15728, 15754, 15816, 15961, 15981, 16017, 16023, 16067, 16200, 16229, 16319, 16343, 16374, 16437, 16472, 16481, 16540, 16560, 16923, 16944, 17092, 17120, 17129, 17130, 17150, 17170, 17198, 17264, 17275]",c4.cgn__GCM_MAP4K4
c4.cgn,GCM_PTPRD,prerank,-0.5960192303594055,-1.9564133850138954,0.0,0.0023465510765951006,0.015,27_53,27/53,18.92%,LANCL1;ULK2;CLASP2;CCDC88A;TTL;PTPRD;SCARB2;PEG3;BACE1;FADS1;RALGAPA1;ABI2;ZFP14;PTK2;ANKS1B;ZNF536;NIPA1;MAP1B;ARPP19;SIK3;ZNF565;PREPL;ANKRD17;DNAJB14;RABEP1;DOCK9;ZEB2,TRIM8;GPRC5B;RASSF3;MAP4K4;FAM219A;NAA30;PKP4;POMT2;TTYH2;ABHD6;UBE2H;FRYL;FBXW11;ACER3;MOAP1;SPIRE1;SLAIN1;KIF1B;PLEKHA1;NDRG3;GZF1;MEGF9;BTRC;NLK;PHYHIPL;HERC2;ZEB2;DOCK9;RABEP1;DNAJB14;ANKRD17;PREPL;ZNF565;SIK3;ARPP19;MAP1B;NIPA1;ZNF536;ANKS1B;PTK2;ZFP14;ABI2;RALGAPA1;FADS1;BACE1;PEG3;SCARB2;PTPRD;TTL;CCDC88A;CLASP2;ULK2;LANCL1,"[41, 7106, 7146, 7148, 7303, 7412, 7680, 8134, 9244, 9430, 9760, 10503, 10709, 10846, 11002, 11229, 11413, 11534, 11794, 11883, 12281, 12425, 12697, 13369, 13506, 13619, 14204, 14359, 14563, 14585, 14611, 14964, 15214, 15426, 15742, 15803, 15826, 15970, 15981, 16229, 16319, 16343, 16374, 16481, 16494, 16633, 16804, 16923, 17130, 17150, 17170, 17198, 17264]",c4.cgn__GCM_PTPRD
c4.cgn,MORF_ACTG1,prerank,0.4790087940150911,1.8574713553673259,0.0,0.002651861082833667,0.073,79_135,79/135,27.89%,HDGF;HSP90AA1;JTB;OAZ1;RPS19;LYPLA2;EEF1G;RPL13;UBE2I;RPS16;RPS8;RPLP1;CLIC1;HSP90AB1;TPT1;RPS10;TAGLN2;RPL18A;ENO1;RPL34;RPL8;RPS3;RPL18;RPL9;RPL31;RPL27;RPL13A;JUND;RPS5;RPL14;RPL24;COX7C;RPLP2;RPL6;RPS7;RPL3;YBX1;RPS24;RPS29;RPS11;RPL38;PSMB1;SSR2;RPS20;NACA;RPS25;UBC;NME2;RPL28;RPS14;RPS27A;RPS28;BTBD2;RPS6;RPS12;MAZ;RPL29;RPL7;RPL23A;RPL4;RPL19;MYL6;RPL32;RPS18;SNRPB;RPS3A;RPS13;RPS4X;RPL27A;RPL23;RPL11;RPS9;PCBP2;GNAS;FAU;UBB;COX5B;COX4I1;SRP14,HDGF;HSP90AA1;JTB;OAZ1;RPS19;LYPLA2;EEF1G;RPL13;UBE2I;RPS16;RPS8;RPLP1;CLIC1;HSP90AB1;TPT1;RPS10;TAGLN2;RPL18A;ENO1;RPL34;RPL8;RPS3;RPL18;RPL9;RPL31;RPL27;RPL13A;JUND;RPS5;RPL14;RPL24;COX7C;RPLP2;RPL6;RPS7;RPL3;YBX1;RPS24;RPS29;RPS11;RPL38;PSMB1;SSR2;RPS20;NACA;RPS25;UBC;NME2;RPL28;RPS14;RPS27A;RPS28;BTBD2;RPS6;RPS12;MAZ;RPL29;RPL7;RPL23A;RPL4;RPL19;MYL6;RPL32;RPS18;SNRPB;RPS3A;RPS13;RPS4X;RPL27A;RPL23;RPL11;RPS9;PCBP2;GNAS;FAU;UBB;COX5B;COX4I1;SRP14;RPL36A;RPL5;RPL10;PFN1;COX6A1;RPS27;RPL22;RPL17;RPS17;RPS15A;BTF3;RPLP0;RPL37;RPL30;PABPC1;RPS23;RPL10A;CFL1;NAP1L1;SUMO3;EIF4A1;PTMA;RPL21;HINT1;EEF1A1;SUMO2;RHOA;COX8A;PPIA;ZFPL1;RPL12;B2M;RAN;ARPC3;EEF2;LDHA;TUBA1B;PGK1;EIF4A2;HNRNPK;HNRNPC;RPL15;ACTB;CALM2;EIF4G2;EEF1B2;ARPC2;ACTG1;SLC25A3;YWHAZ;DAZAP2;NCL;HMGN2;HNRNPA1;NPM1;RBM3,"[318, 876, 880, 1344, 1703, 1817, 1845, 1853, 1857, 1909, 1915, 1935, 1955, 1985, 2036, 2055, 2137, 2179, 2285, 2326, 2353, 2390, 2393, 2420, 2425, 2446, 2457, 2470, 2520, 2534, 2693, 2712, 2774, 2812, 2854, 2972, 3086, 3103, 3157, 3166, 3230, 3303, 3305, 3327, 3349, 3416, 3543, 3600, 3625, 3677, 3702, 3736, 3752, 3757, 3808, 3840, 3862, 3887, 3924, 3957, 4014, 4094, 4122, 4139, 4167, 4216, 4265, 4288, 4296, 4415, 4526, 4699, 4719, 4729, 4734, 4750, 4769, 4836, 4885, 5084, 5122, 5223, 5360, 5419, 5455, 5460, 5534, 5576, 5586, 5589, 5663, 5716, 5756, 6002, 6216, 6728, 6939, 7021, 7026, 7033, 7095, 7103, 7246, 7703, 7732, 7817, 8139, 8248, 8429, 8558, 8604, 8903, 9308, 9332, 9549, 9644, 9922, 10269, 10590, 11073, 11953, 12262, 12311, 12560, 12656, 13091, 13331, 13514, 14665, 14718, 14777, 15143, 15588, 15766, 17249]",c4.cgn__MORF_ACTG1
c4.cgn,GNF2_LYN,prerank,0.6494079679003077,1.843563412167114,0.0,0.0027365332777339268,0.075,16_26,16/26,18.84%,LAT2;CYBA;RNASET2;HLA-DRB1;WAS;SYK;LAPTM5;HLA-DRA;HLA-DMB;SELL;HLA-DMA;STAT6;PTPN6;CNPY3;SERP1;CMTM6,LAT2;CYBA;RNASET2;HLA-DRB1;WAS;SYK;LAPTM5;HLA-DRA;HLA-DMB;SELL;HLA-DMA;STAT6;PTPN6;CNPY3;SERP1;CMTM6;MYD88;ERP29;LYN;LTA4H;SP110;ARPC3;SNX2;SKAP2;DAZAP2;GIT2,"[325, 417, 482, 784, 1067, 1267, 1292, 1505, 1587, 2053, 2494, 2644, 2686, 2772, 2908, 3299, 4132, 4884, 6930, 8186, 8383, 9308, 10146, 13661, 14718, 16032]",c4.cgn__GNF2_LYN
c4.cgn,GCM_DFFA,prerank,-0.5158933479132283,-1.9567914286936265,0.0,0.002737642922694284,0.015,61_119,61/119,24.30%,BOD1L1;TCERG1;KLHL42;NAA25;REPS1;RBM25;OGFOD1;HEATR5B;ZNF529;NUP133;EPM2AIP1;DMTF1;DHX36;SCARB2;YME1L1;RALGAPA1;TAF9B;HECTD1;USP33;UFSP2;RPL7L1;TRAPPC6B;IPO9;CLK4;DYNC1I2;C2CD5;HNRNPU;WDR70;RTCA;ARID4B;KAT7;CCDC82;ZMYM2;TUBGCP3;ZNF655;ISCA1;FAM8A1;CNOT7;ANKRD17;ZFAND5;CAND1;C2CD3;CRNKL1;EXOC5;ZNF512;CHTOP;RBM8A;PDCL;HNRNPR;NFYA;ARMC8;KPNA3;PA2G4;PRKRA;SPAST;VPS52;IPO5;CSDE1;ARL5A;LEMD3;ACTR6,KANK2;MEPCE;BCL2L1;NCOA5;RBM17;ZNF384;MED17;CIZ1;ASB3;HNRNPH3;CTDNEP1;FBRSL1;BRPF3;MEX3C;FBXO30;PHF2;ARID1A;SMAD2;USP19;CELF1;ZBTB33;BAZ2A;HECTD3;NAA30;DFFA;TBC1D10B;RMND5A;C1orf52;PRPF8;VEZF1;PPM1B;RAN;MTMR1;EPC2;CS;SLC25A29;NGRN;ZFP62;SLC25A33;CEP76;TARDBP;SMC3;UBR7;POGZ;COMMD9;SNRNP200;KDM3B;UBA2;PFAS;RMDN3;RABGEF1;RBPJ;PRRC2B;GTPBP1;SMG1;NAB1;BTRC;FAM168B;ACTR6;LEMD3;ARL5A;CSDE1;IPO5;VPS52;SPAST;PRKRA;PA2G4;KPNA3;ARMC8;NFYA;HNRNPR;PDCL;RBM8A;CHTOP;ZNF512;EXOC5;CRNKL1;C2CD3;CAND1;ZFAND5;ANKRD17;CNOT7;FAM8A1;ISCA1;ZNF655;TUBGCP3;ZMYM2;CCDC82;KAT7;ARID4B;RTCA;WDR70;HNRNPU;C2CD5;DYNC1I2;CLK4;IPO9;TRAPPC6B;RPL7L1;UFSP2;USP33;HECTD1;TAF9B;RALGAPA1;YME1L1;SCARB2;DHX36;DMTF1;EPM2AIP1;NUP133;ZNF529;HEATR5B;OGFOD1;RBM25;REPS1;NAA25;KLHL42;TCERG1;BOD1L1,"[432, 528, 1087, 1326, 1516, 2263, 2333, 2460, 2461, 2651, 2698, 2861, 2902, 2969, 3937, 5659, 6058, 6205, 6412, 6567, 6927, 7234, 7269, 7412, 7631, 7764, 7927, 7934, 7992, 8088, 8873, 8903, 9176, 9355, 9436, 9583, 9865, 9940, 10030, 10122, 10154, 10273, 10306, 10813, 10931, 11123, 11224, 11381, 11536, 11831, 12006, 12114, 12128, 12160, 12317, 12337, 12697, 12738, 13262, 13265, 13338, 13382, 13385, 13389, 13551, 13697, 13880, 13887, 13934, 14044, 14083, 14145, 14188, 14266, 14411, 14430, 14459, 14464, 14466, 14591, 14611, 14624, 14635, 14639, 14705, 14712, 14740, 14862, 15044, 15255, 15264, 15367, 15455, 15522, 15533, 15591, 15618, 15751, 15918, 15983, 16101, 16243, 16286, 16374, 16459, 16804, 16832, 16907, 17018, 17025, 17072, 17165, 17191, 17217, 17294, 17300, 17304, 17332, 17376]",c4.cgn__GCM_DFFA
c4.cgn,GCM_ERBB2IP,prerank,-0.5629632368556331,-1.9335698704472755,0.0,0.0027984794320874903,0.022,32_59,32/59,28.20%,SCRN3;DDHD2;MFSD8;VPS13B;WSB1;AGPAT5;MTMR4;OTUD6B;DLG1;ATRN;DYNC1I2;RNF14;WDR11;DICER1;PCNP;TNKS;EIF3J;NAPG;MTMR2;MACF1;RAB22A;PRKAB2;TBC1D15;GORASP1;ANKFY1;ZNF404;OCIAD1;RNF13;FAM168B;SNX5;ARL8B;VPS41,CRP;ARFGAP1;NEK9;IL6ST;BBS2;FAM156A;RASSF3;MAP4K4;GLTP;AIDA;TMEM248;RDX;NPTN;ZZZ3;RAB10;CEP350;AHCYL1;FRYL;FBXW11;SEC22C;GOLGA7;FBXO45;ARAP2;EFCAB14;TOR1AIP1;EHBP1;CAB39;VPS41;ARL8B;SNX5;FAM168B;RNF13;OCIAD1;ZNF404;ANKFY1;GORASP1;TBC1D15;PRKAB2;RAB22A;MACF1;MTMR2;NAPG;EIF3J;TNKS;PCNP;DICER1;WDR11;RNF14;DYNC1I2;ATRN;DLG1;OTUD6B;MTMR4;AGPAT5;WSB1;VPS13B;MFSD8;DDHD2;SCRN3,"[2639, 4788, 5425, 5448, 5842, 5849, 7146, 7148, 8696, 9092, 9735, 9853, 10232, 10253, 10353, 10450, 10453, 10503, 10709, 10762, 10832, 11520, 11599, 11721, 11774, 11876, 11898, 12579, 12676, 12709, 12738, 13035, 13049, 13117, 13225, 13439, 13481, 13709, 13795, 13941, 14075, 14122, 14349, 14449, 14729, 14768, 15313, 15450, 15533, 15816, 16023, 16071, 16200, 16670, 17092, 17110, 17120, 17275, 17501]",c4.cgn__GCM_ERBB2IP
c4.cgn,GCM_CALM1,prerank,-0.5091188723712256,-1.9063402428159517,0.0,0.0028869689002957903,0.028,42_104,42/104,22.33%,LANCL1;CLASP2;TTL;KIDINS220;NUP133;STX12;EXOSC6;PJA2;CLCN3;ADO;RALGAPA1;ABI2;TAF9B;MTMR4;USP33;GSTA4;MAP1B;TMEM30A;GSK3B;DYNC1H1;DYNC1I2;GPR107;SIK3;RALGAPB;RTN4;PREPL;FBXO21;CALM1;IDS;ZNF84;ANKRD17;NDFIP1;CAND1;NAPG;WSB2;NUAK1;XPO6;TRIM37;CORO2B;HERC2;ACSL3;KIF3B,RERE;ZER1;DUSP26;CRKL;CCDC92;POGK;SESN3;APC2;GBA2;MCF2L;ZNF275;MAP6;CSRNP2;NISCH;CLEC16A;PHF2;SNX27;VPS26B;USP19;MAPK8IP3;STMN3;MAP4K4;RNF41;FAM219A;NAA30;WBP2;TCHP;CHST10;FOXO3;SCAMP5;RAN;TNPO2;EIF4ENIF1;NCAM1;DDAH1;NGRN;BMPR2;SLC8A2;KIF5C;TSPYL4;FBXW11;POGZ;MOAP1;DDX17;KDM3B;SPIRE1;YWHAG;KIF1B;PPME1;ASAP2;CLIP3;RMDN3;PDXP;NCKAP1;UBE2K;MAPK8IP1;ATP6V1B2;BTRC;FAM168B;GPRASP2;APPBP2;VPS52;KIF3B;ACSL3;HERC2;CORO2B;TRIM37;XPO6;NUAK1;WSB2;NAPG;CAND1;NDFIP1;ANKRD17;ZNF84;IDS;CALM1;FBXO21;PREPL;RTN4;RALGAPB;SIK3;GPR107;DYNC1I2;DYNC1H1;GSK3B;TMEM30A;MAP1B;GSTA4;USP33;MTMR4;TAF9B;ABI2;RALGAPA1;ADO;CLCN3;PJA2;EXOSC6;STX12;NUP133;KIDINS220;TTL;CLASP2;LANCL1,"[1640, 2103, 2807, 3142, 3225, 3397, 3906, 4159, 4280, 4532, 4547, 4751, 4957, 5009, 5143, 5659, 5983, 6170, 6412, 6821, 6953, 7148, 7198, 7303, 7412, 7460, 7564, 7608, 8003, 8657, 8903, 9233, 9395, 9574, 9627, 9865, 10005, 10176, 10618, 10637, 10709, 10813, 11002, 11153, 11224, 11229, 11291, 11534, 11623, 11638, 11799, 11831, 12121, 12193, 12419, 12556, 12688, 12697, 12738, 12774, 13142, 13389, 13608, 13614, 13619, 13632, 13662, 13847, 13974, 14034, 14122, 14466, 14595, 14611, 14654, 14660, 14779, 14917, 14964, 14995, 15185, 15426, 15507, 15533, 15541, 15613, 15754, 15803, 15806, 16101, 16200, 16286, 16343, 16374, 16540, 16560, 16665, 16692, 16944, 17025, 17129, 17130, 17170, 17264]",c4.cgn__GCM_CALM1
c4.cgn,GCM_MYST2,prerank,-0.4847988027551921,-1.9065845731352284,0.0,0.003175665790325369,0.028,67_163,67/163,24.36%,KLHL42;NAA25;REPS1;DCTN4;PPM1E;HMG20A;RBM25;KIDINS220;ZNF529;NUP133;EPM2AIP1;DMTF1;WBP11;DHX36;SCARB2;UBE3A;KLHL11;USP37;CEP170;RALGAPA1;ZFP14;USP33;RPL7L1;TRAPPC6B;PTBP2;IPO9;GSK3B;DYNC1I2;C2CD5;ZNF462;ACBD6;KAT7;RBFOX2;FOXJ3;CCDC82;ZMYM2;DHX40;ZNF655;ZNF84;ISCA1;FAM8A1;CNOT7;ANKRD17;ZFAND5;DCAF7;ZNF566;CAND1;CRNKL1;EXOC5;PPIG;CHTOP;RBM8A;HNRNPR;UBE2N;NFYA;KPNA3;IPO7;PRKRA;LUC7L3;TADA1;ACSL3;SPAST;PAFAH1B2;RABGAP1L;CSDE1;LEMD3;GTF3C4,CEBPG;NCOA5;REPIN1;PAN2;SF3B4;AHDC1;RABL2B;ZNF384;MED17;HNRNPH3;RBM4B;PKNOX1;FBRSL1;BRPF3;MEX3C;ZFAND3;STRN4;FBXO30;MFAP3;ADNP;CSRNP2;TRIM13;ZBTB5;PPM1D;PHF2;PHACTR4;ARID1A;CDIPT;VPS26B;SMAD5;ZSCAN21;SAP130;USP19;CELF1;BRD2;ZBTB33;IDH3G;ARL5B;PGRMC2;MTMR3;HECTD3;NAA30;MED13;POM121C;DFFA;PHF10;SYNCRIP;BSDC1;PATZ1;PHC1;FOXO3;VEZF1;USP22;ZMIZ1;PARP6;QSER1;NUDT4;TNPO1;ILF3;FBXO3;EPC2;UBE2E3;EIF4ENIF1;HSBP1;NCAM1;SLC25A29;PAIP1;ZNF273;HIPK1;NGRN;SETD5;ARL6IP1;GATC;TARDBP;SMC3;UBR7;LMNB1;POGZ;COMMD9;SNRNP200;KDM3B;KAT6B;TMEM237;RMDN3;CHD9;JKAMP;RABGEF1;PRRC2B;GTPBP1;NAB1;UBE2K;SYNC;FN3KRP;FAM168B;SS18L1;SPAG9;GTF3C4;LEMD3;CSDE1;RABGAP1L;PAFAH1B2;SPAST;ACSL3;TADA1;LUC7L3;PRKRA;IPO7;KPNA3;NFYA;UBE2N;HNRNPR;RBM8A;CHTOP;PPIG;EXOC5;CRNKL1;CAND1;ZNF566;DCAF7;ZFAND5;ANKRD17;CNOT7;FAM8A1;ISCA1;ZNF84;ZNF655;DHX40;ZMYM2;CCDC82;FOXJ3;RBFOX2;KAT7;ACBD6;ZNF462;C2CD5;DYNC1I2;GSK3B;IPO9;PTBP2;TRAPPC6B;RPL7L1;USP33;ZFP14;RALGAPA1;CEP170;USP37;KLHL11;UBE3A;SCARB2;DHX36;WBP11;DMTF1;EPM2AIP1;NUP133;ZNF529;KIDINS220;RBM25;HMG20A;PPM1E;DCTN4;REPS1;NAA25;KLHL42,"[257, 1326, 1665, 1931, 2027, 2080, 2175, 2263, 2333, 2651, 2778, 2836, 2861, 2902, 2969, 3403, 3860, 3937, 4344, 4723, 4957, 5059, 5081, 5276, 5659, 6000, 6058, 6097, 6170, 6234, 6236, 6291, 6412, 6567, 6720, 6927, 7002, 7061, 7214, 7235, 7269, 7412, 7430, 7553, 7631, 7676, 7728, 7730, 7785, 7839, 8003, 8088, 8090, 8299, 8424, 8575, 8678, 8972, 9070, 9262, 9355, 9381, 9395, 9489, 9574, 9583, 9776, 9789, 9817, 9865, 9898, 10036, 10053, 10154, 10273, 10306, 10489, 10813, 10931, 11123, 11224, 11325, 11825, 11831, 11886, 11968, 12006, 12128, 12160, 12337, 12419, 12450, 12702, 12738, 12794, 13077, 13251, 13265, 13382, 13451, 13515, 13551, 13614, 13635, 13644, 13697, 13808, 13887, 14044, 14060, 14083, 14188, 14266, 14267, 14430, 14459, 14466, 14479, 14512, 14591, 14611, 14624, 14635, 14639, 14654, 14705, 14731, 14740, 14862, 14901, 14946, 15044, 15149, 15387, 15522, 15533, 15613, 15618, 15651, 15751, 15918, 16101, 16319, 16374, 16436, 16672, 16701, 16756, 16804, 16832, 16849, 16907, 17018, 17025, 17072, 17129, 17217, 17220, 17232, 17280, 17294, 17300, 17304]",c4.cgn__GCM_MYST2
c4.cgn,GNF2_CASP4,prerank,0.6526823267894908,1.8226479439159338,0.0021691973969631237,0.003465937014718048,0.097,16_23,16/23,21.41%,TCIRG1;HCLS1;CASP4;WAS;GMFG;PSTPIP1;RIN3;LAPTM5;ZFP36L2;ELF4;SELL;SH3BGRL3;STAT6;CMTM6;HLA-B;GMIP,TCIRG1;HCLS1;CASP4;WAS;GMFG;PSTPIP1;RIN3;LAPTM5;ZFP36L2;ELF4;SELL;SH3BGRL3;STAT6;CMTM6;HLA-B;GMIP;HSD17B11;ICAM3;IQGAP1;B2M;ARPC3;DAZAP2;ACTR2,"[208, 286, 515, 1067, 1113, 1136, 1273, 1292, 1465, 1471, 2053, 2356, 2644, 3299, 3617, 3750, 5817, 6610, 8419, 8604, 9308, 14718, 16913]",c4.cgn__GNF2_CASP4
c4.cgn,GNF2_MLH1,prerank,-0.5968834433492681,-1.8574823035205505,0.0,0.0038692019974079215,0.048,12_38,12/38,8.30%,MSH2;TCERG1;LRPPRC;RBMX;RBBP4;U2SURP;SNRPD3;SUPT16H;KNTC1;NUP107;MLH1;NUP153,CCT5;TCP1;SSRP1;RFC4;PTGES3;DKC1;SLBP;CCT2;MCM3;HNRNPA2B1;SRSF1;NDC80;FANCI;MSH6;SMC3;SNRPE;ILF2;SERBP1;USP1;CBX3;SNRPD1;PA2G4;MRPL42;CNOT1;EIF2S1;NCL;NUP153;MLH1;NUP107;KNTC1;SUPT16H;SNRPD3;U2SURP;RBBP4;RBMX;LRPPRC;TCERG1;MSH2,"[1508, 2233, 2303, 2646, 2761, 3394, 5569, 6142, 7142, 7153, 7195, 8153, 8465, 10063, 10273, 10370, 10675, 10772, 10872, 11297, 12984, 13880, 13917, 14101, 14673, 14777, 16065, 16252, 16256, 16260, 16339, 16826, 16908, 17106, 17199, 17309, 17332, 17502]",c4.cgn__GNF2_MLH1
c4.cgn,GCM_RAB10,prerank,-0.47541291677138875,-1.8823598071508725,0.0,0.004015209619951617,0.043,80_166,80/166,27.46%,SCRN3;SLC39A9;VEZT;DCTN4;KIDINS220;MFSD8;VPS13B;NUP133;HSD17B12;DMTF1;AGPAT5;SEL1L;MON2;CLCN3;ADO;EVI5;IWS1;ZFP14;HECTD1;USP33;PRRC2C;DCUN1D4;FBXL5;UFSP2;UBP1;TMEM30A;IPO9;GAPVD1;DYNC1I2;AGAP4;GPR107;RNF14;WDR11;GTF2A1;ARID4B;MPC1;RAB14;FNBP4;FBXO21;FOXJ3;ZRANB2;SPTLC1;RNASEH1;DICER1;FAM98A;UBQLN1;EPB41L2;ACTR10;ANKRD17;NDFIP1;SLC25A44;CAND1;CRNKL1;ZNF512;EIF3J;EEA1;ZNF770;FOXJ2;MACF1;TMEM184C;EDEM3;KPNA3;RNF111;NMD3;RAB22A;PRKAB2;ZC3H14;GORASP1;VPS52;ANKFY1;SNX12;OCIAD1;RNF13;PITPNB;TNPO3;TMED7;ACAD9;CTTNBP2NL;FAM168B;SNX5,HMBOX1;CDK2AP1;ZNF444;MKLN1;TAB2;TOB2;CACTIN;SOCS4;CRP;STARD7;MAEA;POGK;ZFAND3;GPR153;CSNK1D;PTAR1;SESN3;SRRM2;GTPBP3;LRRC8A;MFAP3;YTHDF1;ARFGAP1;OSBPL2;NACC1;UBQLN2;NEK9;LUC7L2;FAM156A;TBCK;SAP130;USP19;IPO8;KIAA1191;RASSF3;FAM219A;SH3GLB1;NAA30;PHF10;KANSL3;XPOT;TMEM245;RALA;URI1;PPM1B;MTMR1;ZNF133;EIF4ENIF1;UBR5;APMAP;TMEM248;UBE2H;HIPK1;OSTM1;RDX;GNPAT;ZZZ3;ZNF644;RAB10;RAP2A;CEP350;AHCYL1;FBXW11;SERBP1;SNRNP200;SPIRE1;YWHAG;YTHDF3;ZNF677;UBA2;ZNF507;ZNF302;FBXO45;KLF7;ASAP2;BRD7;C5orf24;RMDN3;CAB39;JKAMP;UBA3;NCKAP1;UPF3A;TTI1;MED23;UBE2K;SNX5;FAM168B;CTTNBP2NL;ACAD9;TMED7;TNPO3;PITPNB;RNF13;OCIAD1;SNX12;ANKFY1;VPS52;GORASP1;ZC3H14;PRKAB2;RAB22A;NMD3;RNF111;KPNA3;EDEM3;TMEM184C;MACF1;FOXJ2;ZNF770;EEA1;EIF3J;ZNF512;CRNKL1;CAND1;SLC25A44;NDFIP1;ANKRD17;ACTR10;EPB41L2;UBQLN1;FAM98A;DICER1;RNASEH1;SPTLC1;ZRANB2;FOXJ3;FBXO21;FNBP4;RAB14;MPC1;ARID4B;GTF2A1;WDR11;RNF14;GPR107;AGAP4;DYNC1I2;GAPVD1;IPO9;TMEM30A;UBP1;UFSP2;FBXL5;DCUN1D4;PRRC2C;USP33;HECTD1;ZFP14;IWS1;EVI5;ADO;CLCN3;MON2;SEL1L;AGPAT5;DMTF1;HSD17B12;NUP133;VPS13B;MFSD8;KIDINS220;DCTN4;VEZT;SLC39A9;SCRN3,"[402, 1104, 1132, 2004, 2058, 2122, 2205, 2573, 2639, 2743, 2909, 3397, 3403, 3445, 3453, 3785, 3906, 4038, 4196, 4227, 4344, 4580, 4788, 4990, 5026, 5194, 5425, 5783, 5849, 6085, 6291, 6412, 6442, 7097, 7146, 7303, 7319, 7412, 7676, 7820, 7830, 8286, 8587, 8694, 8873, 9176, 9364, 9395, 9528, 9599, 9735, 9760, 9817, 9827, 9853, 9936, 10253, 10254, 10353, 10369, 10450, 10453, 10709, 10772, 11123, 11229, 11291, 11323, 11352, 11381, 11399, 11456, 11520, 11636, 11638, 11715, 11791, 11831, 11898, 11968, 11970, 12193, 12213, 12297, 12373, 12419, 12709, 12738, 12786, 12787, 12810, 12921, 13012, 13035, 13049, 13118, 13225, 13389, 13439, 13607, 13709, 13795, 13821, 13851, 13887, 13896, 13923, 13941, 13973, 14263, 14308, 14349, 14411, 14459, 14466, 14583, 14595, 14611, 14687, 14689, 14692, 14748, 14768, 14787, 14836, 14838, 14901, 14917, 15078, 15080, 15097, 15255, 15277, 15313, 15450, 15507, 15519, 15533, 15567, 15618, 15754, 15880, 15983, 16036, 16067, 16094, 16101, 16243, 16319, 16399, 16502, 16540, 16560, 16620, 16663, 16670, 16907, 17007, 17025, 17110, 17120, 17129, 17280, 17315, 17487, 17501]",c4.cgn__GCM_RAB10
c4.cgn,GCM_UBE2N,prerank,-0.4793731062341779,-1.8629578351851943,0.0,0.004067355199431508,0.047,58_145,58/145,24.36%,NAA25;REPS1;DCTN4;KIDINS220;ZNF529;EPM2AIP1;TUBGCP4;WBP11;DHX36;TIA1;KLHL11;EXOSC6;YME1L1;CEP170;RALGAPA1;BPTF;HECTD1;USP33;PTBP2;IPO9;GSK3B;DYNC1I2;C2CD5;ACBD6;KAT7;RBFOX2;TRIM33;CCDC82;ZMYM2;DHX40;TUBGCP3;ZNF84;ISCA1;ZFAND5;DCAF7;ZNF566;CAND1;CRNKL1;APBB3;EXOC5;CXXC5;PPIG;CHTOP;RBM8A;ZNF292;HNRNPR;UBE2N;NFYA;WSB2;PRKRA;LUC7L3;TADA1;SPAST;PAFAH1B2;VPS52;NLK;LEMD3;GTF3C4,NCOA5;SUFU;AHDC1;RABL2B;ZNF384;MED17;NFIB;CIZ1;HNRNPH3;RBM4B;PKNOX1;BRPF3;NF2;FBXO30;MFAP3;ADNP;CSRNP2;IQCK;CLEC16A;CNOT6;PHF2;ARID1A;CDIPT;VPS26B;SMAD2;SAP130;USP19;CELF1;ABHD16A;IDH3G;RNF41;PGRMC2;BAZ2A;MTMR3;NAA30;MED13;WBP2;PHF10;BSDC1;FOXO3;VEZF1;AAAS;ZMIZ1;MSL1;NUDT4;PPM1B;RAN;RSBN1;VDAC3;FBXO3;EPC2;UBE2E3;EIF4ENIF1;CS;NCAM1;SLC25A29;TMEM183A;ZNF273;HIPK1;NGRN;ARL6IP1;MECP2;TARDBP;SMC3;UBR7;RANBP6;DLG3;CREB1;TSPYL4;ZXDB;POGZ;COMMD9;MOAP1;ASTN2;KAT6B;CHD9;RABGEF1;PRRC2B;UPF3A;NAB1;UBE2K;SYNC;YTHDC1;BTRC;FN3KRP;FAM168B;SS18L1;GTF3C4;LEMD3;NLK;VPS52;PAFAH1B2;SPAST;TADA1;LUC7L3;PRKRA;WSB2;NFYA;UBE2N;HNRNPR;ZNF292;RBM8A;CHTOP;PPIG;CXXC5;EXOC5;APBB3;CRNKL1;CAND1;ZNF566;DCAF7;ZFAND5;ISCA1;ZNF84;TUBGCP3;DHX40;ZMYM2;CCDC82;TRIM33;RBFOX2;KAT7;ACBD6;C2CD5;DYNC1I2;GSK3B;IPO9;PTBP2;USP33;HECTD1;BPTF;RALGAPA1;CEP170;YME1L1;EXOSC6;KLHL11;TIA1;DHX36;WBP11;TUBGCP4;EPM2AIP1;ZNF529;KIDINS220;DCTN4;REPS1;NAA25,"[1326, 1875, 2080, 2175, 2263, 2333, 2440, 2460, 2651, 2778, 2836, 2902, 3658, 3937, 4344, 4723, 4957, 5004, 5143, 5221, 5659, 6058, 6097, 6170, 6205, 6291, 6412, 6567, 6745, 7002, 7198, 7214, 7234, 7235, 7412, 7430, 7460, 7676, 7730, 8003, 8088, 8169, 8299, 8368, 8678, 8873, 8903, 9121, 9165, 9262, 9355, 9381, 9395, 9436, 9574, 9583, 9637, 9789, 9817, 9865, 10036, 10143, 10154, 10273, 10306, 10307, 10405, 10478, 10637, 10798, 10813, 10931, 11002, 11284, 11325, 11886, 12006, 12128, 12213, 12337, 12419, 12450, 12475, 12697, 12702, 12738, 12794, 13251, 13265, 13369, 13389, 13515, 13551, 13635, 13644, 13697, 14034, 14044, 14060, 14083, 14095, 14188, 14266, 14267, 14281, 14430, 14445, 14459, 14466, 14479, 14512, 14591, 14639, 14654, 14712, 14731, 14740, 14862, 14904, 14946, 15044, 15149, 15522, 15533, 15613, 15618, 15651, 16101, 16243, 16356, 16374, 16436, 16459, 16692, 16701, 16708, 16832, 16849, 16889, 17018, 17072, 17129, 17280, 17294, 17300]",c4.cgn__GCM_UBE2N
c4.cgn,MORF_ZNF10,prerank,-0.5807172575464395,-1.8509505529554817,0.0,0.004106464384041426,0.054,18_41,18/41,15.96%,COCH;TPH1;DCC;AKAP5;ZNF10;LRRTM2;RPGRIP1;CHRNA3;RPGRIP1L;ZBTB25;HDAC9;ZNF264;MPPED2;TBC1D12;CASQ2;IREB2;WIPF1;BAAT,ART3;RBM17;RFPL3S;MTRF1L;OPHN1;DFFB;DIO1;AP4E1;DCAF4;SMYD2;DZIP1;ORC4;CUL3;GRM8;ZNF177;LCT;ATRNL1;ASTN1;ST8SIA4;ZNF154;NELL1;VPS41;ANGPTL7;BAAT;WIPF1;IREB2;CASQ2;TBC1D12;MPPED2;ZNF264;HDAC9;ZBTB25;RPGRIP1L;CHRNA3;RPGRIP1;LRRTM2;ZNF10;AKAP5;DCC;TPH1;COCH,"[518, 1516, 3174, 3177, 4771, 5280, 5497, 8566, 8642, 9184, 9438, 9548, 10069, 10745, 11591, 11633, 11692, 11777, 12051, 12108, 12171, 12579, 14021, 14724, 14990, 15123, 15353, 15366, 15385, 15565, 15818, 16027, 16050, 16155, 16453, 16580, 17056, 17253, 17281, 17362, 17399]",c4.cgn__MORF_ZNF10
c4.cgn,GCM_IL6ST,prerank,-0.567675038712689,-1.870040532417703,0.0,0.004295993509458722,0.047,20_51,20/51,24.51%,MTCH2;DDHD2;LANCL1;GLT8D1;WSB1;PJA2;MTMR4;DLG1;TSNAX;ATMIN;TMEM30A;RTN4;CCDC25;ATP2B2;NAPG;RAB22A;KIF3B;GORASP1;IPO5;ANKFY1,CRKL;KCNJ10;SH2B1;TMED5;MYO10;IL6ST;SIRT2;PREX1;MAP4K4;PACS2;FAM219A;CHST10;C1orf198;TBC1D10B;XPOT;GFM2;SPRED2;GLTP;AIDA;TEX261;RDX;PHAX;CLDND1;FBXW11;GOLGA7;ACAD11;MYO9A;DYNC1LI2;EFCAB14;TACC1;ARL8B;ANKFY1;IPO5;GORASP1;KIF3B;RAB22A;NAPG;ATP2B2;CCDC25;RTN4;TMEM30A;ATMIN;TSNAX;DLG1;MTMR4;PJA2;WSB1;GLT8D1;LANCL1;DDHD2;MTCH2,"[3142, 3827, 4052, 4616, 4931, 5448, 6743, 6884, 7148, 7259, 7303, 7608, 7740, 7764, 7830, 8200, 8388, 8696, 9092, 9412, 9853, 9932, 10054, 10709, 10832, 11304, 11401, 11494, 11721, 12441, 12676, 13225, 13385, 13439, 13608, 13795, 14122, 14287, 14434, 14995, 15754, 15961, 16017, 16023, 16200, 16665, 17092, 17184, 17264, 17275, 17431]",c4.cgn__GCM_IL6ST
c4.cgn,GCM_RBM8A,prerank,-0.5203057226283898,-1.8411432274931163,0.0,0.004495497852003245,0.071,32_74,32/74,19.84%,DCTN4;NUCKS1;KIDINS220;ZNF529;USP9X;NUP133;SCARB2;UBE3A;TIA1;ADO;CEP170;TAF9B;RPL7L1;GSTA4;IPO9;GSK3B;C2CD5;KAT7;DHX40;ZNF84;ISCA1;DCAF7;CAND1;CRNKL1;APBB3;EXOC5;ZNF512;CHTOP;RBM8A;ZNF292;UBE2N;NFYA,ATG4B;NCOA5;ZNF384;MED17;ASB3;RBM4B;PKNOX1;BRPF3;FBXO30;MFAP3;MAP6;CSRNP2;IQCK;CLEC16A;PHF2;VPS26B;VASH1;USP19;CELF1;PGRMC2;BAZ2A;MTMR3;MED13;DFFA;PHC1;FOXO3;VEZF1;RAN;EPC2;UBE2E3;NCAM1;SLC25A29;GSPT1;NGRN;SETD5;POGZ;ZNF286A;PRRC2B;NAB1;SYNC;SPAG9;IPO7;NFYA;UBE2N;ZNF292;RBM8A;CHTOP;ZNF512;EXOC5;APBB3;CRNKL1;CAND1;DCAF7;ISCA1;ZNF84;DHX40;KAT7;C2CD5;GSK3B;IPO9;GSTA4;RPL7L1;TAF9B;CEP170;ADO;TIA1;UBE3A;SCARB2;NUP133;USP9X;ZNF529;KIDINS220;NUCKS1;DCTN4,"[151, 1326, 2263, 2333, 2461, 2778, 2836, 2902, 3937, 4344, 4751, 4957, 5004, 5143, 5659, 6170, 6183, 6412, 6567, 7214, 7234, 7235, 7430, 7631, 7839, 8003, 8088, 8903, 9355, 9381, 9574, 9583, 9773, 9865, 9898, 10813, 11007, 12128, 12337, 12450, 13077, 13808, 14044, 14060, 14095, 14188, 14266, 14411, 14430, 14445, 14459, 14466, 14512, 14639, 14654, 14731, 15044, 15522, 15613, 15618, 15806, 15918, 16286, 16436, 16540, 16708, 16756, 16804, 17025, 17064, 17072, 17129, 17195, 17280]",c4.cgn__GCM_RBM8A
c4.cgn,GCM_BMPR2,prerank,-0.5066837988299526,-1.8437848566327881,0.0,0.004501901695097268,0.067,34_83,34/83,22.33%,KIDINS220;MFSD8;NUP133;STX12;EXOSC6;PJA2;CLCN3;ADO;RALGAPA1;ABI2;MTMR4;USP33;GSTA4;TMEM30A;GSK3B;DYNC1H1;DYNC1I2;GPR107;RALGAPB;RTN4;PREPL;FBXO21;CALM1;ZNF84;NDFIP1;CAND1;PPIG;WSB2;MACF1;IPO7;TRIM37;HERC2;ACSL3;KIF3B,RERE;RABL2B;NFIA;CRKL;CCDC92;POGK;ZFAND3;SESN3;GBA2;ZNF275;MYO10;CSRNP2;IQCK;CLEC16A;PHF2;OAZ2;SNX27;TBCK;VPS26B;DLG5;MAGED4;STMN3;MAP4K4;FAM219A;WBP2;CHST10;PHF10;PHC1;FOXO3;RAN;TMEM248;NGRN;PHAX;BMPR2;TSPYL4;FBXW11;POGZ;GOLGA7;DDX17;SPIRE1;KIF1B;ASAP2;RMDN3;NCKAP1;NAB1;UBE2K;FAM168B;APPBP2;VPS52;KIF3B;ACSL3;HERC2;TRIM37;IPO7;MACF1;WSB2;PPIG;CAND1;NDFIP1;ZNF84;CALM1;FBXO21;PREPL;RTN4;RALGAPB;GPR107;DYNC1I2;DYNC1H1;GSK3B;TMEM30A;GSTA4;USP33;MTMR4;ABI2;RALGAPA1;ADO;CLCN3;PJA2;EXOSC6;STX12;NUP133;MFSD8;KIDINS220,"[1640, 2175, 2959, 3142, 3225, 3397, 3403, 3906, 4280, 4547, 4931, 4957, 5004, 5143, 5659, 5686, 5983, 6085, 6170, 6262, 6272, 6953, 7148, 7303, 7460, 7608, 7676, 7839, 8003, 8903, 9735, 9865, 9932, 10005, 10637, 10709, 10813, 10832, 11153, 11229, 11534, 11638, 11831, 12193, 12337, 12419, 12738, 13142, 13389, 13608, 13614, 13619, 13662, 13808, 13941, 14034, 14267, 14466, 14595, 14654, 14779, 14917, 14964, 14995, 15185, 15507, 15533, 15541, 15613, 15754, 15806, 16101, 16200, 16343, 16374, 16540, 16560, 16665, 16692, 16944, 17025, 17120, 17129]",c4.cgn__GCM_BMPR2
c4.cgn,GNF2_KPNB1,prerank,-0.5359274557711756,-1.8448562339837296,0.0,0.004702304314274888,0.066,33_67,33/67,22.73%,KHDRBS1;RBMX;SFPQ;TSN;U2SURP;DDX18;SNRPD3;SRP54;NAE1;DDX47;PSIP1;XRCC5;NUP153;NOC3L;EXOSC8;TPR;UQCRC2;TOPBP1;CPSF6;HNRNPU;SMARCA5;SSBP1;NCL;CNOT7;CEP57;ELAC2;KPNB1;HNRNPR;SUZ12;NAA15;COPS2;OARD1;ZC3H15,PABPN1;PRPF31;HDAC1;FBL;HNRNPF;SF3B2;EED;PDS5A;NOP14;ZBTB1;SRSF7;MAGOH;HNRNPM;PSMA1;MAP3K4;BUB3;SRSF1;NOL11;SYNCRIP;SRSF10;DHX15;TARDBP;SMC3;SNRPE;PRPF40A;HNRNPK;USP1;SNRNP200;SRSF3;EIF3D;AIMP1;PPIH;LAS1L;RNF138;ZC3H15;OARD1;COPS2;NAA15;SUZ12;HNRNPR;KPNB1;ELAC2;CEP57;CNOT7;NCL;SSBP1;SMARCA5;HNRNPU;CPSF6;TOPBP1;UQCRC2;TPR;EXOSC8;NOC3L;NUP153;XRCC5;PSIP1;DDX47;NAE1;SRP54;SNRPD3;DDX18;U2SURP;TSN;SFPQ;RBMX;KHDRBS1,"[844, 1145, 2268, 2514, 2946, 3165, 3207, 3317, 4312, 5093, 5313, 5507, 5926, 6584, 6651, 7131, 7195, 7621, 7728, 8142, 9589, 10154, 10273, 10370, 10388, 10590, 10872, 11123, 11131, 11188, 11722, 11757, 12827, 13051, 13537, 13625, 13755, 13799, 13872, 14083, 14483, 14525, 14580, 14624, 14777, 14903, 15114, 15455, 15659, 15770, 15798, 15832, 15867, 15876, 16065, 16129, 16132, 16226, 16265, 16500, 16826, 16843, 16908, 16995, 17028, 17199, 17248]",c4.cgn__GNF2_KPNB1
c4.cgn,GNF2_CEBPA,prerank,0.5304249495408351,1.7887384575990586,0.002012072434607646,0.00496715284025654,0.14,24_55,24/55,23.54%,SERPINF2;PROC;HP;TMEM176A;TMEM176B;DCXR;ORM2;ASGR1;APOC2;ADI1;HGFAC;HAMP;APOC4;SERPIND1;ASGR2;C8G;SERPING1;SLC27A5;CES1;FTCD;LCAT;AMBP;ECHS1;HPD,SERPINF2;PROC;HP;TMEM176A;TMEM176B;DCXR;ORM2;ASGR1;APOC2;ADI1;HGFAC;HAMP;APOC4;SERPIND1;ASGR2;C8G;SERPING1;SLC27A5;CES1;FTCD;LCAT;AMBP;ECHS1;HPD;APOC1;CYP4F12;SLC22A1;CEBPA;ANG;CYP27A1;IGFALS;RDH16;HSD17B6;NNMT;CIDEB;HPN;CYP2D6;F2;GALK1;UPB1;TST;MAT1A;GSTM1;ITIH1;HRG;RBP4;HPX;ITIH4;ASL;SDS;SAA4;CYP2C8;CYP2E1;MASP2;CYP2A6,"[96, 364, 396, 541, 626, 918, 1317, 1998, 2165, 2300, 2463, 2500, 2724, 2837, 3226, 3265, 3289, 3295, 3434, 3439, 3706, 3769, 3946, 4123, 4775, 4880, 5066, 5110, 5171, 5688, 6172, 6684, 6807, 6981, 7101, 7279, 7348, 7524, 7555, 7561, 7722, 7783, 8329, 8394, 9226, 9547, 9617, 11047, 11228, 11605, 12049, 13463, 14038, 16068, 16405]",c4.cgn__GNF2_CEBPA
c4.cgn,GCM_SUFU,prerank,-0.5229030482098168,-1.821002800797114,0.0,0.0057490501376579965,0.091,34_72,34/72,23.69%,NAA25;REPS1;DCTN4;KIDINS220;ZNF529;USP9X;DMTF1;SCARB2;CEP170;RALGAPA1;ZFP14;HECTD1;USP33;UFSP2;TRAPPC6B;DYNC1I2;C2CD5;CCDC82;ZNF84;ISCA1;ANKRD17;ZFAND5;ZNF566;CRNKL1;EXOC5;PPIG;CHTOP;UBE2N;NFYA;LUC7L3;SPAST;AARS2;VPS52;NLK,NCOA5;PAGR1;SUFU;RABL2B;RBM4B;PKNOX1;BRPF3;FBXO30;MFAP3;NEIL2;IQCK;UBQLN2;PHF2;TBCK;CDIPT;VPS26B;SMAD5;USP19;CELF1;MTMR3;NAA30;MED13;BSDC1;FOXO3;FBXO3;EPC2;ZNF133;EIF4ENIF1;NCAM1;NGRN;POGZ;KAT6B;RABGEF1;NAB1;SYNC;BTRC;SS18L1;SPAG9;NLK;VPS52;AARS2;SPAST;LUC7L3;NFYA;UBE2N;CHTOP;PPIG;EXOC5;CRNKL1;ZNF566;ZFAND5;ANKRD17;ISCA1;ZNF84;CCDC82;C2CD5;DYNC1I2;TRAPPC6B;UFSP2;USP33;HECTD1;ZFP14;RALGAPA1;CEP170;SCARB2;DMTF1;USP9X;ZNF529;KIDINS220;DCTN4;REPS1;NAA25,"[1326, 1417, 1875, 2175, 2778, 2836, 2902, 3937, 4344, 4878, 5004, 5194, 5659, 6085, 6097, 6170, 6234, 6412, 6567, 7235, 7412, 7430, 7730, 8003, 9262, 9355, 9364, 9395, 9574, 9865, 10813, 11325, 12006, 12337, 12450, 12697, 12794, 13077, 13369, 13389, 13403, 13551, 13644, 14044, 14060, 14266, 14267, 14430, 14459, 14479, 14591, 14611, 14639, 14654, 14862, 15522, 15533, 15751, 15983, 16101, 16243, 16319, 16374, 16436, 16804, 16907, 17064, 17072, 17129, 17280, 17294, 17300]",c4.cgn__GCM_SUFU
c4.cgn,GNF2_MSH2,prerank,-0.6237767111346608,-1.8088416280889545,0.001834862385321101,0.005773937800591581,0.098,10_27,10/27,15.20%,MSH2;TCERG1;LRPPRC;U2SURP;SUPT16H;MLH1;RRM1;RAD51AP1;SMC4;FEN1,RFC4;MCM7;DKC1;TOP2A;PCNA;LIG1;MCM3;NDC80;FANCI;GINS1;MSH6;SERBP1;USP1;NASP;MCM6;SNRPD1;ITGB3BP;FEN1;SMC4;RAD51AP1;RRM1;MLH1;SUPT16H;U2SURP;LRPPRC;TCERG1;MSH2,"[2646, 2994, 3394, 5039, 6282, 6992, 7142, 8153, 8465, 9881, 10063, 10772, 10872, 12374, 12498, 12984, 13237, 14856, 15156, 16001, 16148, 16252, 16339, 16908, 17309, 17332, 17502]",c4.cgn__GNF2_MSH2
c4.cgn,GNF2_FOS,prerank,0.5632730415945298,1.7770411058778375,0.0,0.005897508451606177,0.167,20_39,20/39,22.87%,NFKBIA;HK3;FES;MS4A6A;IER2;STX11;NOD2;CD33;CD163;CTSS;CAPG;KLF4;FOS;CD302;PYCARD;PLBD1;LILRB2;VCAN;ZFP36;TPP1,NFKBIA;HK3;FES;MS4A6A;IER2;STX11;NOD2;CD33;CD163;CTSS;CAPG;KLF4;FOS;CD302;PYCARD;PLBD1;LILRB2;VCAN;ZFP36;TPP1;LILRA6;DUSP1;FCN1;MAFB;CYBB;CD1D;CFP;RNF130;FGL2;CPVL;LILRA1;NLRP3;LGALS2;NAIP;SCPEP1;MFSD1;CPPED1;AP1S2;DUSP6,"[132, 200, 329, 385, 1118, 1199, 1266, 1612, 2304, 2465, 2484, 2806, 2889, 3017, 3056, 3210, 3308, 3662, 3755, 4006, 4233, 4446, 5015, 6394, 6563, 6891, 7041, 7240, 7289, 7336, 7636, 9658, 10099, 10862, 11418, 13834, 15008, 15420, 15916]",c4.cgn__GNF2_FOS
c4.cgn,GNF2_HAT1,prerank,-0.5516673071783392,-1.810289079677757,0.0,0.00604888721966737,0.098,21_48,21/48,25.89%,RBMX;U2SURP;VRK1;USP14;RRM1;NUP153;EXOSC8;SMC4;FEN1;VBP1;PRPS1;EIF2S1;MCM2;NUP50;MRPL35;PA2G4;SUZ12;COPS3;ANP32E;CHCHD3;SNRPD1,PTGES3;PSMD6;ANP32B;SLBP;NUSAP1;SNRPG;RPA1;HMGB2;METTL5;RAD21;DEK;MCM3;SRSF1;NDC80;MCM5;ETFA;SRI;HAT1;DHX15;SMC3;SNRPE;SERBP1;USP1;SRSF3;CBX3;METAP2;CENPF;SNRPD1;CHCHD3;ANP32E;COPS3;SUZ12;PA2G4;MRPL35;NUP50;MCM2;EIF2S1;PRPS1;VBP1;FEN1;SMC4;EXOSC8;NUP153;RRM1;USP14;VRK1;U2SURP;RBMX,"[2761, 4459, 4820, 5569, 6066, 6491, 6545, 6576, 6680, 6793, 7046, 7142, 7195, 8153, 8417, 8467, 9322, 9331, 9589, 10273, 10370, 10772, 10872, 11131, 11297, 11543, 12520, 12984, 13002, 13005, 13443, 13872, 13880, 14009, 14042, 14346, 14673, 14725, 14758, 14856, 15156, 15867, 16065, 16148, 16314, 16846, 16908, 17199]",c4.cgn__GNF2_HAT1
c4.cgn,GCM_ATM,prerank,0.640340551883649,1.7603194349421696,0.002053388090349076,0.007049210438788528,0.202,7_22,7/22,6.63%,MICB;BCL3;BCAT2;AANAT;PLK1;WAS;HSF4,MICB;BCL3;BCAT2;AANAT;PLK1;WAS;HSF4;DRG2;RABGGTA;RENBP;LTK;TH;MYBPC2;NR1H2;SIRPB1;CDK13;ADRB3;ATM;HSD17B3;HTT;SCNN1G;MPP2,"[152, 347, 375, 807, 869, 1067, 1161, 2257, 3535, 3841, 4932, 5573, 7422, 7734, 9515, 10426, 10582, 11270, 11815, 11996, 14066, 15699]",c4.cgn__GCM_ATM
c4.cgn,MORF_ARAF1,prerank,0.5000971022586872,1.7336358706710429,0.0,0.008597514368434887,0.25,37_73,37/73,25.80%,GPR35;LPAR2;LGALS9;STK19;HMG20B;PML;RASSF7;RABAC1;HSF4;MMP25;PCGF2;LYPLA2;TPT1;B4GALT3;CNOT4;CACTIN;MTX1;DRG2;CIZ1;NELFB;TNK2;RPLP2;COPS6;RPS24;PRKCSH;EML3;PLIN3;RABGGTA;SLC12A4;ALDH4A1;BTBD2;ARAF;MAN2C1;DHRS1;CNPPD1;GSK3A;PAX8,GPR35;LPAR2;LGALS9;STK19;HMG20B;PML;RASSF7;RABAC1;HSF4;MMP25;PCGF2;LYPLA2;TPT1;B4GALT3;CNOT4;CACTIN;MTX1;DRG2;CIZ1;NELFB;TNK2;RPLP2;COPS6;RPS24;PRKCSH;EML3;PLIN3;RABGGTA;SLC12A4;ALDH4A1;BTBD2;ARAF;MAN2C1;DHRS1;CNPPD1;GSK3A;PAX8;NUDT3;LTK;FZR1;ARHGEF1;GTF2F1;GRK6;GPR161;OTUB1;PTMA;TUBGCP2;MR1;IKBKG;IGHMBP2;SLC9A1;ARVCF;ADAM15;PCBP3;ZFPL1;PRPH;RAP1GAP2;USP11;LUZP1;RXRB;TUB;PDPK1;MVK;CNTN1;ATXN7L1;LMTK2;AGPAT1;M6PR;CNP;KAT7;TSPO2;IGSF9B;GRM4,"[156, 395, 718, 920, 959, 985, 1015, 1038, 1161, 1399, 1786, 1817, 2036, 2151, 2186, 2205, 2215, 2257, 2460, 2632, 2702, 2774, 2781, 3103, 3248, 3448, 3518, 3535, 3688, 3735, 3752, 3967, 3984, 4255, 4405, 4452, 4519, 4736, 4932, 5882, 5981, 6163, 6438, 6632, 7059, 7095, 7298, 7537, 7584, 7849, 7867, 7909, 8085, 8091, 8429, 8531, 8584, 8663, 8936, 9818, 9877, 10975, 11336, 11555, 11854, 11958, 13440, 13779, 14636, 15044, 15978, 16156, 16981]",c4.cgn__MORF_ARAF1
c4.cgn,GNF2_RTN1,prerank,-0.541879915986001,-1.7736778750375923,0.0,0.008760457352621707,0.152,34_48,34/48,39.39%,DNAJC6;ATP9A;TRIM2;GAD1;C14orf132;FAM131B;DOCK3;ANK2;NMNAT2;DYNC1I1;WDR47;STMN4;DCLK1;ADCY1;KCNQ2;MYT1L;RGS7;NRXN1;INA;GAP43;CAMK2N1;SCN3B;CLIP3;ASTN1;KIF1B;SRGAP2;MLLT11;MAPT;RTN1;GPM6A;GABBR2;STXBP1;NAP1L3;KIF5C,NCAN;CSPG5;TUBB;FXYD6;GNAO1;GDI1;SOBP;CTNND2;YWHAH;KIF3C;RALYL;NRXN2;SNAP91;CDK5R1;KIF5C;NAP1L3;STXBP1;GABBR2;GPM6A;RTN1;MAPT;MLLT11;SRGAP2;KIF1B;ASTN1;CLIP3;SCN3B;CAMK2N1;GAP43;INA;NRXN1;RGS7;MYT1L;KCNQ2;ADCY1;DCLK1;STMN4;WDR47;DYNC1I1;NMNAT2;ANK2;DOCK3;FAM131B;C14orf132;GAD1;TRIM2;ATP9A;DNAJC6,"[5017, 5417, 5726, 6624, 6775, 6781, 6840, 7233, 7832, 8080, 8635, 8801, 10186, 10324, 10618, 10776, 10837, 11031, 11109, 11186, 11206, 11242, 11439, 11534, 11777, 11799, 12115, 12223, 12313, 12481, 12564, 13240, 13473, 13715, 13767, 13966, 14187, 14521, 14785, 14835, 15234, 15555, 15587, 15716, 16002, 16234, 16806, 17023]",c4.cgn__GNF2_RTN1
c4.cgn,GCM_CRKL,prerank,-0.5060622078013401,-1.7417191226131914,0.0,0.011520001418697546,0.21,31_61,31/61,25.52%,KLHL42;HMG20A;WSB1;STX12;ADO;TSR1;RALGAPA1;ABI2;ZFP14;MTMR4;TSNAX;TMEM30A;GSK3B;DYNC1H1;DYNC1I2;GPR107;GTF2A1;RTN4;CALM1;ZNF84;ANKRD17;C2CD3;FAN1;CHTOP;MTMR2;XPO6;IPO7;HERC2;IPO5;ANKFY1;OCIAD1,POLDIP3;ALKBH5;REPIN1;TRO;CRKL;MYO10;IL6ST;OAZ2;MAP4K4;PACS2;NAA30;PRPF8;SPRED2;UBE2W;TEX261;CS;UBE2H;NGRN;BMPR2;GOLGA7;ZNF286A;DDX17;KDM3B;SPIRE1;RMDN3;TANC2;NAB1;UBE2K;ARL8B;FAM168B;OCIAD1;ANKFY1;IPO5;HERC2;IPO7;XPO6;MTMR2;CHTOP;FAN1;C2CD3;ANKRD17;ZNF84;CALM1;RTN4;GTF2A1;GPR107;DYNC1I2;DYNC1H1;GSK3B;TMEM30A;TSNAX;MTMR4;ZFP14;ABI2;RALGAPA1;TSR1;ADO;STX12;WSB1;HMG20A;KLHL42,"[608, 1315, 1665, 2689, 3142, 4931, 5448, 5686, 7148, 7259, 7412, 7992, 8388, 9294, 9412, 9436, 9760, 9865, 10005, 10832, 11007, 11153, 11224, 11229, 11831, 11872, 12337, 12419, 12676, 12738, 13049, 13225, 13385, 13619, 13808, 13847, 14075, 14266, 14343, 14464, 14611, 14654, 14779, 14995, 15277, 15507, 15533, 15541, 15613, 15754, 16017, 16200, 16319, 16343, 16374, 16469, 16540, 16944, 17092, 17220, 17304]",c4.cgn__GCM_CRKL
c4.cgn,GNF2_TST,prerank,0.4586182950543023,1.6993671301900468,0.00202020202020202,0.011730863742122623,0.338,37_90,37/90,22.53%,SERPINF2;PROC;HP;SERPINC1;TMEM176A;PCK1;TMEM176B;APOA1;F10;DCXR;GSTM2;ACOX2;ORM2;ALDOB;APOC2;RARRES2;HGFAC;HAMP;QPRT;ZGPAT;GNMT;APOC4;SERPIND1;ALDH1L1;ASGR2;C8G;SERPING1;SLC27A5;FAH;CES1;FTCD;ATF5;LCAT;ALDH4A1;AMBP;PXMP2;ECHS1,SERPINF2;PROC;HP;SERPINC1;TMEM176A;PCK1;TMEM176B;APOA1;F10;DCXR;GSTM2;ACOX2;ORM2;ALDOB;APOC2;RARRES2;HGFAC;HAMP;QPRT;ZGPAT;GNMT;APOC4;SERPIND1;ALDH1L1;ASGR2;C8G;SERPING1;SLC27A5;FAH;CES1;FTCD;ATF5;LCAT;ALDH4A1;AMBP;PXMP2;ECHS1;HPD;F12;KHK;SLC22A7;APOC1;SLC22A1;CEBPA;ANG;CYP27A1;HABP2;IGFALS;TAT;CYP4F2;TFR2;RDH16;HSD17B6;NNMT;CIDEB;HPN;CYP2D6;F2;UPB1;ABCC6;TST;MAT1A;PCK2;GSTM1;ITIH1;PON3;HRG;ETFB;RBP4;HPX;CDHR5;GAMT;AKR7A3;CYP4F11;SARDH;ITIH4;ASL;PON1;SDS;SAA4;AHSG;CYP2C8;CYP2E1;CYP4A11;ITIH3;HMGCL;PKLR;CYP2A6;GSTZ1;CES2,"[96, 364, 396, 470, 541, 572, 626, 666, 770, 918, 1035, 1301, 1317, 2084, 2165, 2452, 2463, 2500, 2546, 2583, 2626, 2724, 2837, 3122, 3226, 3265, 3289, 3295, 3343, 3434, 3439, 3506, 3706, 3735, 3769, 3932, 3946, 4123, 4449, 4573, 4635, 4775, 5066, 5110, 5171, 5688, 5751, 6172, 6321, 6414, 6636, 6684, 6807, 6981, 7101, 7279, 7348, 7524, 7561, 7661, 7722, 7783, 8217, 8329, 8394, 8955, 9226, 9264, 9547, 9617, 9695, 9819, 10312, 10701, 11013, 11047, 11228, 11595, 11605, 12049, 13296, 13463, 14038, 14759, 15121, 15297, 15524, 16405, 16791, 17408]",c4.cgn__GNF2_TST
c4.cgn,MORF_ATF2,prerank,-0.4114030830257551,-1.743252669708333,0.0,0.011817491949630327,0.207,99_272,99/272,24.43%,CDKL5;SLC4A8;PDE10A;MFN1;ADCYAP1;PPP1R12B;DBT;PPM1E;ULK2;ZNF132;ATXN3;ATP10B;STAC;DNAJC22;COL19A1;CALN1;POLR3F;CAMK4;MAGI1;MON2;FRY;CLCN3;COL14A1;KPNA1;TRIM24;MSH3;ELOVL6;TNIK;RPS6KA5;GCA;BRWD1;COQ7;NXPH2;RBMXL1;LDB3;TLL1;MASP2;EHHADH;MAP2;DNAJC16;ZNF266;MPP3;CDH8;PAX7;IPO9;CDC42BPA;ADAM22;CHRNB4;IL16;SLC14A2;KRR1;COL8A1;TSPAN2;MDM2;REPS2;GUCY2C;GNG4;WBP4;ZNF134;ITIH3;CAMTA1;NFX1;IL7;DEPDC5;NXPE3;AQP7;NFAT5;CACNA2D1;GRIK1;CNTN6;B4GALT6;SPA17;PIK3C2A;ADAMTS3;ATP2B2;ZNF33B;STARD5;MGA;LECT2;CYP2E1;EPHB2;AMMECR1;KRT83;PTPRR;ATP6V0A2;GABRB2;ARFGEF2;GLE1;EDIL3;PCM1;THPO;BARX2;PGM3;ZNF157;SLC33A1;CADM4;KRT86;PAXIP1;RGS7,IFNA2;HSPA1L;NPFF;TPD52L1;DMPK;TLE1;LRP4;RREB1;TBX19;GYS2;BRD4;ZNF141;SLC6A4;CTRL;CFH;ZBTB40;FOSL1;FGF2;F2RL3;MSL3;COX6A2;SPATA2;PLXNA3;CHST1;GPR171;HNF1A;MAP2K7;ABCB1;NTNG2;SLC14A1;LILRA4;NHEJ1;RXRG;MPZL1;BCL2L11;IL11RA;IL13RA1;CXCL5;NPAS2;USP20;GHRHR;BIRC5;CTSB;GCM1;SRPK3;CDH4;HTR1E;FUT1;PAX6;LGI1;FAM13A;SCN7A;PDE6A;PLEKHB1;KLHL23;ADAMTSL3;ZNF202;FZD5;GPR19;CDR1;TMEM26;RNF24;DDX52;POU6F2;NR1I2;PSD;NEB;S100A5;KCNA5;ARL3;HEPH;CYP4F2;HSD3B2;PVR;ATP8B1;SOCS6;RUNX2;ZBTB33;SIM2;MAP3K1;POU6F1;SLC16A5;SUPT3H;HOXB7;C1orf216;FAM110B;LILRA1;MAP2K6;PHF10;ROR2;NEDD4L;KLRC4;JRKL;FGF18;ATF2;CYP2C19;TRIO;PDE4D;NR3C2;IL4;RBBP7;BRCA1;ABCC8;SLC6A2;STAG1;PLA2R1;ST8SIA1;TENM4;ELAVL2;NOL4;EXOC4;RB1CC1;DRD1;IFNA1;FLRT2;RAD51D;F2RL1;DAZL;MC5R;SULT4A1;AKAP3;FAS;ADRA1A;EYA1;IFNA8;CPEB3;IFNW1;GPR18;RYR3;CPB2;PTPRS;TACC2;TNK1;CDC73;DMD;SYT5;MLLT10;SLC46A3;PTEN;CYP11A1;PTPRB;UBE4B;ABCB10;TFDP2;ITGBL1;PRKCA;POLR2K;PPP2R5B;HCRTR2;ZBTB14;SMYD3;PHLDB1;MAGEA8;COLGALT2;NOS2;FBXL4;SGCD;R3HCC1L;SEMA6A;TANC2;FSHR;FNTB;USP46;GJB5;CRHR1;LPAR4;ERCC4;ADAM20;GLRA3;MYT1;SOAT2;RORB;C6;RGS7;PAXIP1;KRT86;CADM4;SLC33A1;ZNF157;PGM3;BARX2;THPO;PCM1;EDIL3;GLE1;ARFGEF2;GABRB2;ATP6V0A2;PTPRR;KRT83;AMMECR1;EPHB2;CYP2E1;LECT2;MGA;STARD5;ZNF33B;ATP2B2;ADAMTS3;PIK3C2A;SPA17;B4GALT6;CNTN6;GRIK1;CACNA2D1;NFAT5;AQP7;NXPE3;DEPDC5;IL7;NFX1;CAMTA1;ITIH3;ZNF134;WBP4;GNG4;GUCY2C;REPS2;MDM2;TSPAN2;COL8A1;KRR1;SLC14A2;IL16;CHRNB4;ADAM22;CDC42BPA;IPO9;PAX7;CDH8;MPP3;ZNF266;DNAJC16;MAP2;EHHADH;MASP2;TLL1;LDB3;RBMXL1;NXPH2;COQ7;BRWD1;GCA;RPS6KA5;TNIK;ELOVL6;MSH3;TRIM24;KPNA1;COL14A1;CLCN3;FRY;MON2;MAGI1;CAMK4;POLR3F;CALN1;COL19A1;DNAJC22;STAC;ATP10B;ATXN3;ZNF132;ULK2;PPM1E;DBT;PPP1R12B;ADCYAP1;MFN1;PDE10A;SLC4A8;CDKL5,"[178, 188, 214, 288, 529, 542, 661, 806, 898, 1216, 1421, 1512, 1789, 1888, 2051, 2152, 2188, 2211, 2216, 2401, 2434, 2450, 2610, 2669, 2871, 3074, 3121, 3190, 3250, 3442, 3572, 3592, 3602, 3732, 3812, 3842, 3851, 3891, 4199, 4231, 4232, 4324, 4381, 4527, 4608, 4663, 4721, 4784, 4803, 4940, 4967, 4973, 5036, 5278, 5344, 5401, 5418, 5568, 5702, 5786, 5880, 5889, 5919, 5991, 6022, 6059, 6283, 6325, 6341, 6378, 6400, 6414, 6446, 6517, 6583, 6633, 6841, 6927, 6968, 7054, 7077, 7299, 7327, 7372, 7435, 7463, 7636, 7672, 7676, 7746, 7756, 7921, 7986, 8121, 8136, 8163, 8219, 8278, 8411, 8442, 8460, 8479, 8504, 8506, 8530, 8579, 8649, 8681, 8893, 8950, 8951, 8973, 8994, 9040, 9108, 9164, 9196, 9243, 9268, 9376, 9377, 9493, 9503, 9505, 9616, 9700, 9795, 9887, 9956, 9992, 10043, 10096, 10129, 10314, 10392, 10414, 10494, 10498, 10528, 10566, 10643, 10794, 10803, 10817, 10842, 10873, 10988, 11118, 11168, 11245, 11302, 11333, 11359, 11529, 11576, 11580, 11594, 11711, 11718, 11872, 11912, 11981, 12012, 12241, 12254, 12294, 12343, 12375, 12459, 12740, 12861, 12864, 13010, 13240, 13244, 13293, 13306, 13356, 13438, 13525, 13536, 13556, 13706, 13751, 13788, 13844, 13883, 13900, 13925, 13939, 13954, 14005, 14038, 14156, 14232, 14247, 14280, 14287, 14335, 14351, 14390, 14436, 14545, 14578, 14753, 14755, 14801, 14821, 14828, 14894, 14908, 15022, 15121, 15124, 15169, 15235, 15269, 15282, 15285, 15321, 15368, 15386, 15440, 15497, 15573, 15599, 15610, 15618, 15619, 15633, 15653, 15884, 15887, 15965, 15973, 16068, 16091, 16152, 16161, 16217, 16236, 16263, 16283, 16291, 16472, 16478, 16504, 16520, 16527, 16546, 16560, 16588, 16620, 16752, 16852, 16986, 17069, 17091, 17101, 17127, 17142, 17153, 17185, 17198, 17232, 17276, 17335, 17339, 17377, 17394, 17512, 17515]",c4.cgn__MORF_ATF2
c4.cgn,MORF_NPM1,prerank,0.4278536065665644,1.7010171167806858,0.0,0.011827937604297876,0.332,83_157,83/157,27.89%,HDGF;HSPD1;HSP90AA1;JTB;MRPL23;EEF1D;OAZ1;RPS19;EEF1G;RPL13;UBE2I;RPS16;RPS8;RPLP1;CLIC1;HSP90AB1;TPT1;RPS10;UBE2L3;RPL18A;ENO1;RPL34;RPL8;RPS3;RPL18;RPL9;RPL31;RPL27;RPL13A;RPS5;RPL14;RPL24;COX7C;RPLP2;COPS6;RPL6;RPS7;RPL3;PARK7;YBX1;RPS24;RPS29;RPS11;RPL38;PSMB1;RPS20;NACA;RPS25;RPL35;UBC;NME2;RPL28;RPS14;RPS27A;RPS28;RPS6;DDX49;RPS12;MAZ;RPL29;RPL7;RPL23A;RPL4;RPL19;RPL32;RPS18;SNRPB;RPS3A;RPS13;RPS4X;RPL27A;UQCRH;RPL23;RPL11;RPS9;PCBP2;GNAS;FAU;UBB;ANP32B;COX4I1;RPS2;SRP14,HDGF;HSPD1;HSP90AA1;JTB;MRPL23;EEF1D;OAZ1;RPS19;EEF1G;RPL13;UBE2I;RPS16;RPS8;RPLP1;CLIC1;HSP90AB1;TPT1;RPS10;UBE2L3;RPL18A;ENO1;RPL34;RPL8;RPS3;RPL18;RPL9;RPL31;RPL27;RPL13A;RPS5;RPL14;RPL24;COX7C;RPLP2;COPS6;RPL6;RPS7;RPL3;PARK7;YBX1;RPS24;RPS29;RPS11;RPL38;PSMB1;RPS20;NACA;RPS25;RPL35;UBC;NME2;RPL28;RPS14;RPS27A;RPS28;RPS6;DDX49;RPS12;MAZ;RPL29;RPL7;RPL23A;RPL4;RPL19;RPL32;RPS18;SNRPB;RPS3A;RPS13;RPS4X;RPL27A;UQCRH;RPL23;RPL11;RPS9;PCBP2;GNAS;FAU;UBB;ANP32B;COX4I1;RPS2;SRP14;RPL36A;CCT7;RPL5;RNPS1;PFN1;COX6A1;RPS27;RPL22;RPL17;RPS17;RPS15A;BTF3;RPLP0;RPL37;TUBB;RPL30;NONO;PABPC1;CCT2;RPS23;RPL10A;CFL1;NAP1L1;SUMO3;EIF4A1;PTMA;RPL21;HINT1;EIF3E;EEF1A1;SUMO2;RHOA;UQCRFS1;USP22;PPIA;RPL12;RAN;ARPC3;EEF2;LDHA;TUBA1B;PGK1;STRAP;PHB2;EIF4A2;SNRPE;DRG1;HNRNPK;U2AF1;HNRNPC;EIF3D;CBX3;XRCC6;EIF3H;UBA2;EIF3F;EIF3M;RPL15;ACTB;EIF4G2;EEF1B2;ACTG1;SLC25A3;CCNI;SRSF2;YWHAZ;NCL;HMGN2;GDI2;HNRNPA1;NPM1;ACP1;YWHAQ;HMGN1,"[318, 682, 876, 880, 987, 1270, 1344, 1703, 1845, 1853, 1857, 1909, 1915, 1935, 1955, 1985, 2036, 2055, 2076, 2179, 2285, 2326, 2353, 2390, 2393, 2420, 2425, 2446, 2457, 2520, 2534, 2693, 2712, 2774, 2781, 2812, 2854, 2972, 3030, 3086, 3103, 3157, 3166, 3230, 3303, 3327, 3349, 3416, 3450, 3543, 3600, 3625, 3677, 3702, 3736, 3757, 3787, 3808, 3840, 3862, 3887, 3924, 3957, 4014, 4122, 4139, 4167, 4216, 4265, 4288, 4296, 4384, 4415, 4526, 4699, 4719, 4729, 4734, 4750, 4820, 4836, 4852, 4885, 5084, 5096, 5122, 5271, 5360, 5419, 5455, 5460, 5534, 5576, 5586, 5589, 5663, 5716, 5726, 5756, 5890, 6002, 6142, 6216, 6728, 6939, 7021, 7026, 7033, 7095, 7103, 7246, 7547, 7703, 7732, 7817, 7978, 8090, 8248, 8558, 8903, 9308, 9332, 9549, 9644, 9922, 9939, 10159, 10269, 10370, 10437, 10590, 10811, 11073, 11188, 11297, 11348, 11375, 11381, 11586, 11654, 11953, 12262, 12560, 12656, 13331, 13514, 13685, 14385, 14665, 14777, 15143, 15227, 15588, 15766, 15957, 16842, 16952]",c4.cgn__MORF_NPM1
c4.cgn,MORF_MDM2,prerank,-0.4108417826020706,-1.717153680829559,0.0,0.014572683865418804,0.252,70_231,70/231,21.77%,CDKL5;SLC4A8;PDE10A;MFN1;ADCYAP1;PPP1R12B;DBT;ULK2;ZNF132;ATXN3;ATP10B;STAC;LPGAT1;DNAJC22;COL19A1;CALN1;POLR3F;CAMK4;MAGI1;MON2;CLCN3;COL14A1;TRIM24;MSH3;ELOVL6;RPS6KA5;GCA;COQ7;RBMXL1;MAP2;DNAJC16;ZNF266;GPLD1;PAX7;IPO9;NOVA1;IL16;IL5;KRR1;COL8A1;TSPAN2;MDM2;GUCY2C;GNG4;WBP4;CLOCK;ZNF134;ITIH3;IL7;NXPE3;AQP7;NFAT5;CACNA2D1;ZNF200;GRIK1;CNTN6;SPA17;ERC1;ATP2B2;LECT2;CYP2E1;EPHB2;AMMECR1;PTPRR;ATP6V0A2;GABRB2;ARFGEF2;GLE1;EDIL3;PCM1,NPFF;DMPK;RREB1;TBX19;GMPR;MPZL2;PPP1R1A;BRD4;ZNF141;FLT1;CTRL;CFH;ZBTB40;FOSL1;FGF2;MSL3;TNFRSF25;COX6A2;NCKIPSD;GPR171;HNF1A;MAP2K7;SLC2A1;ABCB1;NTNG2;CASP10;CD3E;LILRA4;NHEJ1;RXRG;MPZL1;BCL2L11;IL11RA;CXCL5;NPAS2;CTSB;GRIK5;VKORC1;GCM1;ATF6B;SRPK3;HTR1E;PAX6;TBX5;LGI1;PDE6A;PLEKHB1;ADAMTSL3;ZNF202;SLC4A3;FZD5;GPR19;CDR1;TMEM26;RNF24;POU6F2;NR1I2;PSD;SLC22A6;NEB;S100A5;KCNA5;ARL3;CYP4F2;HSD3B2;PVR;ATP8B1;SIM2;POU6F1;SLC16A5;SUPT3H;C1orf216;DPT;LILRA1;MAP2K6;PHF10;RBMS3;ROR2;BNIP1;KLRC4;JRKL;FGF18;ATF2;TRIO;NR3C2;IL4;RBBP7;BRCA1;KNG1;ABCC8;SLC6A2;STAG1;PLA2R1;ST8SIA1;TENM4;ELAVL2;EXOC4;RB1CC1;DRD1;ADCY3;IFNA1;RAD51D;F2RL1;MC5R;SULT4A1;AKAP3;FAS;PAX9;CPEB3;IFNW1;GPR18;RYR3;CPB2;PTPRS;TACC2;TNK1;CDC73;DMD;SYT5;MLLT10;SLC46A3;CYP11A1;PTPRB;KRT33B;UBE4B;ABCB10;TFDP2;ITGBL1;PRKCA;ECM2;POLR2K;PPP2R5B;HCRTR2;ZBTB14;PHLDB1;MAGEA8;COLGALT2;NOS2;FBXL4;R3HCC1L;TANC2;FSHR;FNTB;ABCB9;GJB5;CRHR1;ERCC4;ADAM20;MYOZ3;GLRA3;MYT1;KRT1;SOAT2;RORB;PAXIP1;KRT86;CADM4;SLC33A1;ZNF157;PGM3;BARX2;PCM1;EDIL3;GLE1;ARFGEF2;GABRB2;ATP6V0A2;PTPRR;AMMECR1;EPHB2;CYP2E1;LECT2;ATP2B2;ERC1;SPA17;CNTN6;GRIK1;ZNF200;CACNA2D1;NFAT5;AQP7;NXPE3;IL7;ITIH3;ZNF134;CLOCK;WBP4;GNG4;GUCY2C;MDM2;TSPAN2;COL8A1;KRR1;IL5;IL16;NOVA1;IPO9;PAX7;GPLD1;ZNF266;DNAJC16;MAP2;RBMXL1;COQ7;GCA;RPS6KA5;ELOVL6;MSH3;TRIM24;COL14A1;CLCN3;MON2;MAGI1;CAMK4;POLR3F;CALN1;COL19A1;DNAJC22;LPGAT1;STAC;ATP10B;ATXN3;ZNF132;ULK2;DBT;PPP1R12B;ADCYAP1;MFN1;PDE10A;SLC4A8;CDKL5,"[214, 529, 806, 898, 906, 937, 1271, 1421, 1512, 1534, 1888, 2051, 2152, 2188, 2211, 2401, 2404, 2434, 2826, 2871, 3074, 3121, 3156, 3190, 3250, 3306, 3429, 3572, 3592, 3602, 3732, 3812, 3842, 3891, 4199, 4381, 4406, 4516, 4527, 4537, 4608, 4721, 4803, 4864, 4940, 5036, 5278, 5401, 5418, 5491, 5568, 5702, 5786, 5880, 5889, 5991, 6022, 6059, 6062, 6283, 6325, 6341, 6378, 6414, 6446, 6517, 6583, 6968, 7077, 7299, 7327, 7435, 7501, 7636, 7672, 7676, 7701, 7746, 7890, 7921, 7986, 8121, 8136, 8219, 8411, 8442, 8460, 8479, 8499, 8504, 8506, 8530, 8579, 8649, 8681, 8893, 8951, 8973, 8994, 9021, 9040, 9164, 9196, 9268, 9376, 9377, 9493, 9570, 9700, 9795, 9887, 9956, 9992, 10043, 10096, 10129, 10314, 10392, 10414, 10494, 10498, 10566, 10643, 10788, 10794, 10803, 10817, 10842, 10873, 10963, 10988, 11118, 11168, 11245, 11333, 11359, 11529, 11576, 11580, 11711, 11872, 11912, 11981, 12189, 12241, 12254, 12343, 12375, 12394, 12459, 12740, 12750, 12861, 12864, 13244, 13293, 13306, 13356, 13438, 13525, 13536, 13706, 13751, 13788, 13844, 13883, 13900, 13925, 13954, 14005, 14038, 14156, 14287, 14363, 14390, 14545, 14578, 14681, 14753, 14755, 14801, 14821, 14894, 15121, 15124, 15146, 15169, 15235, 15269, 15285, 15321, 15368, 15386, 15390, 15497, 15560, 15618, 15619, 15817, 15884, 15887, 15965, 16161, 16236, 16283, 16291, 16478, 16504, 16520, 16546, 16560, 16620, 16752, 16852, 16986, 17069, 17091, 17101, 17124, 17127, 17142, 17153, 17185, 17198, 17276, 17335, 17339, 17377, 17394, 17512, 17515]",c4.cgn__MORF_MDM2
c4.cgn,GNF2_MCL1,prerank,0.504191162388046,1.6719089819668038,0.0,0.014989500647832369,0.413,24_54,24/54,19.08%,TCIRG1;S100A4;CASP1;TLR2;TLR8;SAMHD1;ITGB2;IER2;STX11;ARRB2;NOD2;MCL1;SELL;CTSS;CNPY3;PLCB2;RGS2;CD302;PYCARD;RAB11FIP1;DPEP2;CMTM6;HCK;CCR1,TCIRG1;S100A4;CASP1;TLR2;TLR8;SAMHD1;ITGB2;IER2;STX11;ARRB2;NOD2;MCL1;SELL;CTSS;CNPY3;PLCB2;RGS2;CD302;PYCARD;RAB11FIP1;DPEP2;CMTM6;HCK;CCR1;GMIP;MYD88;LILRA6;EVI2B;NCF2;IFNGR1;FMNL1;HSD17B11;CHST15;IGSF6;JUNB;CYBB;AIF1;THEMIS2;CFP;LILRA1;MNDA;PRKCD;USP3;CLEC4A;NAIP;ACAP2;SKAP2;MFSD1;PPT1;DAZAP2;AP1S2;PTPRE;FBXL5;CSGALNACT2,"[208, 576, 645, 745, 783, 852, 902, 1118, 1199, 1250, 1266, 1483, 2053, 2465, 2772, 2865, 2984, 3017, 3056, 3179, 3288, 3299, 3336, 3341, 3750, 4132, 4233, 4543, 4720, 5613, 5729, 5817, 6099, 6339, 6511, 6563, 6768, 6857, 7041, 7636, 8616, 9580, 10483, 10598, 10862, 11307, 13661, 13834, 14691, 14718, 15420, 15544, 16036, 16511]",c4.cgn__GNF2_MCL1
c4.cgn,GNF2_PTPN4,prerank,0.5044286115499732,1.6542687950991548,0.004246284501061571,0.017609707423864713,0.473,23_45,23/45,24.01%,TTC38;GZMM;RUNX3;CST7;FYN;KLRD1;PTGER2;RASSF1;CD7;MYOM2;PTGDR;NPRL2;CD160;ZAP70;CD247;ITGAL;BTN3A3;TBX21;KLRK1;MATK;IL18RAP;SUN2;ABHD17A,TTC38;GZMM;RUNX3;CST7;FYN;KLRD1;PTGER2;RASSF1;CD7;MYOM2;PTGDR;NPRL2;CD160;ZAP70;CD247;ITGAL;BTN3A3;TBX21;KLRK1;MATK;IL18RAP;SUN2;ABHD17A;PRF1;CTSW;PRKCH;NCR3;GPR65;RORA;GNLY;KLRC3;CCL4;JAK1;KLRF1;GZMH;ARHGEF3;S1PR5;KLRB1;GNPTAB;NKG7;SPON2;ARL4C;IL2RB;PTPN4;GZMA,"[492, 677, 751, 849, 1046, 1325, 1376, 1540, 1650, 1780, 2128, 2313, 2405, 2462, 2564, 2736, 3109, 3251, 3412, 3832, 3895, 3986, 4205, 4709, 5967, 6300, 6362, 6823, 7923, 7939, 8137, 9267, 9271, 9681, 9977, 11016, 11247, 11447, 12558, 13309, 13655, 13903, 14160, 15244, 16671]",c4.cgn__GNF2_PTPN4
c4.cgn,GNF2_EIF3S6,prerank,0.4285406574932038,1.635199778046162,0.0,0.021317833580481206,0.542,60_114,60/114,24.53%,RPS21;PAPOLA;RPL36;PNRC2;RPS19;EEF1G;RPL13;LSM7;RPS16;RPS8;RPS15;RPS10;GTF3A;RPL18A;UXT;RPL34;RPL8;RPS3;RPL18;RPL9;RPL31;RPL27;RPL13A;FBL;RPL14;RPL36AL;RPL24;COX7C;RPLP2;RPL6;RPS7;RPL35A;RPL7A;RPL3;PMPCB;RPS24;RPS29;RPL38;RPS20;UBA52;NACA;RPS25;RPL35;RPL28;RPS14;RPS28;RPS6;RPS12;RPL29;RPL7;RPL23A;RPL4;RPL19;RPL32;RPS18;RPSA;RPS3A;RPS13;RPS4X;RPL27A,RPS21;PAPOLA;RPL36;PNRC2;RPS19;EEF1G;RPL13;LSM7;RPS16;RPS8;RPS15;RPS10;GTF3A;RPL18A;UXT;RPL34;RPL8;RPS3;RPL18;RPL9;RPL31;RPL27;RPL13A;FBL;RPL14;RPL36AL;RPL24;COX7C;RPLP2;RPL6;RPS7;RPL35A;RPL7A;RPL3;PMPCB;RPS24;RPS29;RPL38;RPS20;UBA52;NACA;RPS25;RPL35;RPL28;RPS14;RPS28;RPS6;RPS12;RPL29;RPL7;RPL23A;RPL4;RPL19;RPL32;RPS18;RPSA;RPS3A;RPS13;RPS4X;RPL27A;RPL23;RPL11;RPS9;FAU;RPS2;RPL36A;RPL5;RPL39;SRSF7;RPL22;RPL17;RPS17;BTF3;POLR1D;INTS8;NSA2;RPL37;RPL30;PABPC1;RPL41;RPS23;RPL10A;CDV3;NAP1L1;PTMA;RPL21;ST13;UQCRB;EIF3E;NOL11;RBBP6;EIF3L;MTIF2;RPL12;EIF3K;EIF3D;EIF3H;EIF3F;AIMP1;EIF4B;RPL15;CCDC59;PABPC3;EEF1B2;TAF1D;CNOT7;DAP3;GDI2;HNRNPA1;NPM1;DDX47;DDX50;SRRM1;HMGN1,"[810, 1076, 1282, 1416, 1703, 1845, 1853, 1878, 1909, 1915, 1974, 2055, 2068, 2179, 2323, 2326, 2353, 2390, 2393, 2420, 2425, 2446, 2457, 2514, 2534, 2623, 2693, 2712, 2774, 2812, 2854, 2893, 2907, 2972, 2981, 3103, 3157, 3230, 3327, 3337, 3349, 3416, 3450, 3625, 3677, 3736, 3757, 3808, 3862, 3887, 3924, 3957, 4014, 4122, 4139, 4210, 4216, 4265, 4288, 4296, 4415, 4526, 4699, 4734, 4852, 5084, 5122, 5209, 5313, 5460, 5534, 5576, 5589, 5596, 5654, 5676, 5716, 5756, 6002, 6144, 6216, 6728, 6817, 7021, 7095, 7103, 7462, 7480, 7547, 7621, 7657, 8017, 8487, 8558, 10852, 11188, 11375, 11586, 11722, 11807, 11953, 12279, 12580, 12656, 13505, 14624, 15084, 15227, 15588, 15766, 16226, 16576, 16723, 16952]",c4.cgn__GNF2_EIF3S6
c4.cgn,GCM_DLG1,prerank,-0.4831262035518374,-1.6776624531985433,0.0017985611510791368,0.022671739167201548,0.364,34_70,34/70,28.06%,DDHD2;LANCL1;EPB41L3;FBXO9;BTBD3;ATG2B;PTK2;MTMR4;DLG1;TSNAX;NIPA1;DYNC1I2;GPR107;SIK3;FAXDC2;ZNF565;NAPEPLD;RTN4;PREPL;STAMBP;DNAJB14;CCDC25;ATP2B2;NAPG;HERC2;ARHGAP21;GORASP1;IPO5;OCIAD1;RNF13;FAM168B;ARL8B;PRRG1;RAPGEF2,KLHL21;ZER1;CCDC92;KCNJ10;SUN2;HERC4;PLEKHB1;IL6ST;CAMK2G;MAPK8IP3;GPRC5B;MAP4K4;FAM219A;TBC1D10B;GLTP;NCS1;AIDA;SAP30L;ABHD6;SH3GLB2;CLDND1;NPTN;MAPK10;FRYL;FBXW11;GOLGA7;HIGD1A;MOAP1;PHLPP2;SLAIN1;IQSEC1;EFCAB14;PLEKHA1;TF;PDP1;ZNF710;RAPGEF2;PRRG1;ARL8B;FAM168B;RNF13;OCIAD1;IPO5;GORASP1;ARHGAP21;HERC2;NAPG;ATP2B2;CCDC25;DNAJB14;STAMBP;PREPL;RTN4;NAPEPLD;ZNF565;FAXDC2;SIK3;GPR107;DYNC1I2;NIPA1;TSNAX;DLG1;MTMR4;PTK2;ATG2B;BTBD3;FBXO9;EPB41L3;LANCL1;DDHD2,"[361, 2103, 3225, 3827, 3986, 4342, 5278, 5448, 6774, 6821, 7106, 7148, 7303, 7764, 8696, 8839, 9092, 9148, 9430, 9533, 10054, 10232, 10309, 10503, 10709, 10832, 11000, 11002, 11011, 11413, 11515, 11721, 11794, 11964, 12090, 12161, 12603, 12648, 12676, 12738, 13035, 13049, 13385, 13439, 13577, 13619, 14122, 14287, 14434, 14585, 14885, 14964, 14995, 15188, 15214, 15270, 15426, 15507, 15533, 15826, 16017, 16023, 16200, 16229, 16230, 16327, 16334, 17221, 17264, 17275]",c4.cgn__GCM_DLG1
c4.cgn,GCM_PPM1D,prerank,-0.6090993302109284,-1.6677762390536215,0.013409961685823755,0.024169476088929536,0.395,11_23,11/23,22.65%,NAA25;PPM1E;WBP11;USP37;CEP170;PTBP2;KAT7;ZNF566;EXOC5;ANKRD50;SPAST,RBM4B;PPM1D;ZHX1;CELF1;VEZF1;PARP6;NUDT4;SMC3;LMNB1;KAT6B;ESRRG;SYNC;SPAST;ANKRD50;EXOC5;ZNF566;KAT7;PTBP2;CEP170;USP37;WBP11;PPM1E;NAA25,"[2778, 5276, 5720, 6567, 8088, 8424, 8678, 10273, 10489, 11325, 12275, 12450, 13551, 13582, 14430, 14479, 15044, 15651, 16436, 16672, 16849, 17232, 17300]",c4.cgn__GCM_PPM1D
c4.cgn,GNF2_CD7,prerank,0.5121633916890111,1.6148273518724383,0.01642710472279261,0.025061293842977624,0.589,20_36,20/36,24.01%,GZMM;RUNX3;CST7;KLRD1;PTGER2;CD7;MYOM2;PTGDR;GIMAP6;NPRL2;CD160;ZAP70;CD247;ITGAL;BTN3A3;TBX21;KLRK1;IL18RAP;SUN2;ABHD17A,GZMM;RUNX3;CST7;KLRD1;PTGER2;CD7;MYOM2;PTGDR;GIMAP6;NPRL2;CD160;ZAP70;CD247;ITGAL;BTN3A3;TBX21;KLRK1;IL18RAP;SUN2;ABHD17A;PRF1;CTSW;PRKCH;RORA;GNLY;KLRC3;CCL4;KLRF1;GZMH;CD96;KLRB1;NKG7;ARL4C;IL2RB;PTPN4;GZMA,"[677, 751, 849, 1325, 1376, 1650, 1780, 2128, 2224, 2313, 2405, 2462, 2564, 2736, 3109, 3251, 3412, 3895, 3986, 4205, 4709, 5967, 6300, 7923, 7939, 8137, 9267, 9681, 9977, 10380, 11447, 13309, 13903, 14160, 15244, 16671]",c4.cgn__GNF2_CD7
c4.cgn,GCM_PFN1,prerank,0.4841649756707722,1.5952437971406785,0.008213552361396304,0.027700418484816892,0.666,18_48,18/48,17.72%,GPSM3;HCLS1;PPP4C;SNRPA;OAZ1;RPS19;RPS8;SRSF9;CLIC1;HDAC1;RPL27;RPS5;RPL14;ARHGDIB;RPS7;CSNK2B;CBFB;RPS24,GPSM3;HCLS1;PPP4C;SNRPA;OAZ1;RPS19;RPS8;SRSF9;CLIC1;HDAC1;RPL27;RPS5;RPL14;ARHGDIB;RPS7;CSNK2B;CBFB;RPS24;RPL29;RPL19;NDUFA12;SNRPD2;PRMT1;PSME1;MSN;DRAP1;PFN1;NONO;HNRNPM;ARHGEF1;CFL1;EIF4A1;PTMA;RPL21;RHOA;SET;PPIA;PSMD8;APRT;HNRNPL;ILF2;APEX1;MCM6;SLC25A3;HNRNPD;NCL;SNRPD3;PSMB2,"[72, 286, 423, 1030, 1344, 1703, 1915, 1920, 1955, 2268, 2446, 2520, 2534, 2833, 2854, 2962, 3010, 3103, 3862, 4014, 4418, 4575, 4768, 4930, 5230, 5252, 5360, 5890, 5926, 5981, 6939, 7033, 7095, 7103, 7817, 7850, 8248, 8583, 9799, 9987, 10675, 12075, 12498, 13514, 14319, 14777, 16826, 17105]",c4.cgn__GCM_PFN1
c4.cgn,GNF2_ITGAL,prerank,0.47851167712777065,1.5964738240077148,0.012526096033402923,0.027833502170056233,0.66,24_51,24/51,24.01%,STK38;SIPA1;CLEC2B;GZMM;FYN;PTGER2;RASSF1;CD7;SIGIRR;GIMAP6;NPRL2;ZAP70;CD247;ITGAL;BTN3A3;LCP2;KLRK1;BIN2;BTN3A2;TRAF3IP3;SUN2;PTPRC;HLA-F;ABHD17A,STK38;SIPA1;CLEC2B;GZMM;FYN;PTGER2;RASSF1;CD7;SIGIRR;GIMAP6;NPRL2;ZAP70;CD247;ITGAL;BTN3A3;LCP2;KLRK1;BIN2;BTN3A2;TRAF3IP3;SUN2;PTPRC;HLA-F;ABHD17A;TMC6;CYTIP;VPS16;CTSW;PRKCH;GPR65;C11orf21;ADCY7;DUSP2;JAK1;PARP8;CASP8;CD96;STK10;CYTH1;ARHGEF3;SEMA4D;MBNL1;KLRB1;BTN3A1;RAP1B;CBLB;SNRK;ARL4C;PTPN4;SYNRG;RASGRP1,"[222, 226, 389, 677, 1046, 1376, 1540, 1650, 2114, 2224, 2313, 2462, 2564, 2736, 3109, 3402, 3412, 3511, 3670, 3697, 3986, 3989, 4126, 4205, 5359, 5717, 5934, 5967, 6300, 6823, 6854, 7067, 8364, 9271, 9482, 10378, 10380, 10692, 10917, 11016, 11152, 11269, 11447, 12140, 12892, 13235, 13411, 13903, 15244, 15855, 16013]",c4.cgn__GNF2_ITGAL
c4.cgn,GNF2_HPN,prerank,0.4244837366010936,1.6032277258997836,0.004123711340206186,0.02796442540585987,0.646,43_111,43/111,22.53%,SERPINF2;PROC;HP;SERPINC1;TMEM176A;PCK1;TMEM176B;APOA1;F10;DCXR;CFB;GSTM2;C3;ACOX2;ORM2;HPR;ALDOB;APOC2;RARRES2;HGFAC;HAMP;QPRT;ZGPAT;GNMT;APOC4;SERPIND1;SHMT1;ALDH1L1;ASGR2;C8G;SERPING1;SLC27A5;FAH;CES1;FTCD;ATF5;SLC10A1;TMPRSS6;LCAT;ALDH4A1;AMBP;PXMP2;ECHS1,SERPINF2;PROC;HP;SERPINC1;TMEM176A;PCK1;TMEM176B;APOA1;F10;DCXR;CFB;GSTM2;C3;ACOX2;ORM2;HPR;ALDOB;APOC2;RARRES2;HGFAC;HAMP;QPRT;ZGPAT;GNMT;APOC4;SERPIND1;SHMT1;ALDH1L1;ASGR2;C8G;SERPING1;SLC27A5;FAH;CES1;FTCD;ATF5;SLC10A1;TMPRSS6;LCAT;ALDH4A1;AMBP;PXMP2;ECHS1;HPD;F12;KHK;SLC22A7;APOC1;CYP4F12;SLC22A1;CEBPA;ANG;ASS1;CYP27A1;HABP2;IGFALS;TAT;CYP4F2;RDH16;HSD17B6;NNMT;CIDEB;APOA2;HPN;HAAO;CYP2D6;PEMT;F2;UPB1;ABCC6;TST;MAT1A;PCK2;GSTM1;ITIH1;PON3;PRODH2;C4BPB;HRG;RBP4;HPX;CDHR5;SPP2;GAMT;PLG;AKR7A3;CYP4F11;APOF;SARDH;ITIH4;ASL;SLC25A10;PON1;SDS;SAA4;C6;AHSG;ADH6;CYP2C8;PIPOX;CYP2E1;CYP4A11;C4BPA;ITIH3;FETUB;GJB1;HMGCL;MASP2;CYP2A6;GSTZ1;CES2,"[96, 364, 396, 470, 541, 572, 626, 666, 770, 918, 981, 1035, 1102, 1301, 1317, 1396, 2084, 2165, 2452, 2463, 2500, 2546, 2583, 2626, 2724, 2837, 3082, 3122, 3226, 3265, 3289, 3295, 3343, 3434, 3439, 3506, 3513, 3549, 3706, 3735, 3769, 3932, 3946, 4123, 4449, 4573, 4635, 4775, 4880, 5066, 5110, 5171, 5245, 5688, 5751, 6172, 6321, 6414, 6684, 6807, 6981, 7101, 7104, 7279, 7312, 7348, 7482, 7524, 7561, 7661, 7722, 7783, 8217, 8329, 8394, 8955, 8983, 9210, 9226, 9547, 9617, 9695, 9788, 9819, 9981, 10312, 10701, 10717, 11013, 11047, 11228, 11435, 11595, 11605, 12049, 13010, 13296, 13299, 13463, 13775, 14038, 14759, 14849, 15121, 15163, 15287, 15297, 16068, 16405, 16791, 17408]",c4.cgn__GNF2_HPN
c4.cgn,GNF2_GSTM1,prerank,0.43239824698812535,1.5971375540024626,0.00819672131147541,0.028302601495356395,0.658,37_93,37/93,22.53%,SERPINF2;PROC;HP;SERPINC1;TMEM176A;PCK1;TMEM176B;APOA1;F10;DCXR;GSTM2;ACOX2;ORM2;APOC2;RARRES2;HGFAC;HAMP;ZGPAT;GNMT;APOC4;SERPIND1;ALDH1L1;ASGR2;C8G;SERPING1;SLC27A5;FAH;CES1;FTCD;ATF5;SLC10A1;TMPRSS6;LCAT;ALDH4A1;AMBP;PXMP2;ECHS1,SERPINF2;PROC;HP;SERPINC1;TMEM176A;PCK1;TMEM176B;APOA1;F10;DCXR;GSTM2;ACOX2;ORM2;APOC2;RARRES2;HGFAC;HAMP;ZGPAT;GNMT;APOC4;SERPIND1;ALDH1L1;ASGR2;C8G;SERPING1;SLC27A5;FAH;CES1;FTCD;ATF5;SLC10A1;TMPRSS6;LCAT;ALDH4A1;AMBP;PXMP2;ECHS1;HPD;F12;KHK;SLC22A7;APOC1;CYP4F12;SLC22A1;CEBPA;ANG;CYP27A1;IGFALS;TAT;CYP4F2;RDH16;HSD17B6;NNMT;CIDEB;HPN;HAAO;CYP2D6;PEMT;F2;GALK1;UPB1;ABCC6;TST;MAT1A;GSTM1;ITIH1;PON3;HRG;RBP4;HPX;CDHR5;GAMT;AKR7A3;CYP4F11;APOF;SARDH;ITIH4;ASL;PON1;SDS;SAA4;C6;CYP2C8;PIPOX;CYP2E1;CYP4A11;ITIH3;GJB1;HMGCL;MASP2;CYP2A6;GSTZ1;CES2,"[96, 364, 396, 470, 541, 572, 626, 666, 770, 918, 1035, 1301, 1317, 2165, 2452, 2463, 2500, 2583, 2626, 2724, 2837, 3122, 3226, 3265, 3289, 3295, 3343, 3434, 3439, 3506, 3513, 3549, 3706, 3735, 3769, 3932, 3946, 4123, 4449, 4573, 4635, 4775, 4880, 5066, 5110, 5171, 5688, 6172, 6321, 6414, 6684, 6807, 6981, 7101, 7279, 7312, 7348, 7482, 7524, 7555, 7561, 7661, 7722, 7783, 8329, 8394, 8955, 9226, 9547, 9617, 9695, 9819, 10312, 10701, 10717, 11013, 11047, 11228, 11595, 11605, 12049, 13010, 13463, 13775, 14038, 14759, 15121, 15287, 15297, 16068, 16405, 16791, 17408]",c4.cgn__GNF2_GSTM1
c4.cgn,MORF_JUND,prerank,0.4695726854982535,1.5986233257120364,0.0021141649048625794,0.028415267994102492,0.653,44_60,44/60,31.91%,DNAJB6;NXF1;IER2;MCL1;EEF1G;RPL13;CLIC1;TPT1;RPL34;RPL18;RPL9;RPL31;RPL27;RPL13A;JUND;RPL24;RPLP2;RPL6;RPS7;RPS24;RPS20;NACA;RPS25;UBC;RPS27A;RPS6;RPS12;RPL7;RPL19;MYL6;RPS3A;RPL27A;RPL11;PCBP2;FAU;UBB;SRP14;RPL36A;RPL5;RPS27;RPL22;RPL17;RPS15A;BTF3,DNAJB6;NXF1;IER2;MCL1;EEF1G;RPL13;CLIC1;TPT1;RPL34;RPL18;RPL9;RPL31;RPL27;RPL13A;JUND;RPL24;RPLP2;RPL6;RPS7;RPS24;RPS20;NACA;RPS25;UBC;RPS27A;RPS6;RPS12;RPL7;RPL19;MYL6;RPS3A;RPL27A;RPL11;PCBP2;FAU;UBB;SRP14;RPL36A;RPL5;RPS27;RPL22;RPL17;RPS15A;BTF3;RPL30;RPL10A;CFL1;RPL21;LSM14A;RHOA;EEF2;EIF4A2;HNRNPK;DDX5;EIF4G2;EEF1B2;ACTG1;DAZAP2;FBXO7;RBM3,"[968, 1036, 1118, 1483, 1845, 1853, 1955, 2036, 2326, 2393, 2420, 2425, 2446, 2457, 2470, 2693, 2774, 2812, 2854, 3103, 3327, 3349, 3416, 3543, 3702, 3757, 3808, 3887, 4014, 4094, 4216, 4296, 4526, 4719, 4734, 4750, 4885, 5084, 5122, 5455, 5460, 5534, 5586, 5589, 5756, 6728, 6939, 7103, 7611, 7817, 9332, 10269, 10590, 11020, 12560, 12656, 13331, 14718, 16479, 17249]",c4.cgn__MORF_JUND
c4.cgn,MORF_PML,prerank,0.41131710178555364,1.5838894221940845,0.0021141649048625794,0.03012580074846446,0.703,57_129,57/129,25.80%,EPOR;MGAT1;GPR35;MSX1;KAT8;HSPB2;LPAR2;DOK1;PCGF1;IFT140;CARD10;HMG20B;PML;RABAC1;LBP;HSF4;BCL2;IRF2BP1;GGT5;MMP25;PTPN9;BAHD1;SLC30A1;PCGF2;CD40;PPP1R10;B4GALT3;CNOT4;MTX1;DRG2;TNFRSF25;WWOX;SLC6A9;SLC2A1;IKBKE;PRKCSH;KIFC3;KHNYN;ADAMTSL2;EML3;CSNK1D;PLIN3;RABGGTA;SLC12A4;CALCOCO1;KLHL18;ARAF;AQP5;SH2B1;IRF2;DHRS1;ZNF592;GRIK5;FANCG;HAUS5;CAMK2B;PAX8,EPOR;MGAT1;GPR35;MSX1;KAT8;HSPB2;LPAR2;DOK1;PCGF1;IFT140;CARD10;HMG20B;PML;RABAC1;LBP;HSF4;BCL2;IRF2BP1;GGT5;MMP25;PTPN9;BAHD1;SLC30A1;PCGF2;CD40;PPP1R10;B4GALT3;CNOT4;MTX1;DRG2;TNFRSF25;WWOX;SLC6A9;SLC2A1;IKBKE;PRKCSH;KIFC3;KHNYN;ADAMTSL2;EML3;CSNK1D;PLIN3;RABGGTA;SLC12A4;CALCOCO1;KLHL18;ARAF;AQP5;SH2B1;IRF2;DHRS1;ZNF592;GRIK5;FANCG;HAUS5;CAMK2B;PAX8;NUDT3;CRCP;NTSR2;LTK;AP2A2;JAK3;MOK;NFRKB;ARPC4;MCRS1;AMFR;PNMT;CASP2;TRA2A;CRYBA4;SSTR5;USP19;WDR62;GPR161;FDXR;MYO9B;SLC6A7;RPS6KB2;TUBGCP2;MR1;DDX11;ACR;IKBKG;BTD;IGHMBP2;SLC9A1;ADAM15;PCBP3;PRPH;HTR7;ITGAV;ANKRD12;TUB;SLC5A2;CDK5R1;SDC3;SLC30A3;TPMT;PMF1;CRHR2;CNTN2;GHITM;ITPR2;EXTL3;LSM12;MCM3AP;FKBP15;PRSS16;PFDN1;RBBP8;RBM8A;PLK3;SPEF1;NDST1;CNP;F7;SIK3;MPP2;PIGB;TSPO2;IGSF9B;HMGXB3;ARC;ZKSCAN3;SPTB;SLC24A1;HTR4,"[45, 100, 156, 231, 256, 298, 395, 477, 556, 797, 861, 959, 985, 1038, 1099, 1161, 1238, 1310, 1341, 1399, 1441, 1484, 1726, 1786, 1795, 1812, 2151, 2186, 2215, 2257, 2404, 2505, 2569, 3156, 3163, 3248, 3261, 3268, 3270, 3448, 3453, 3518, 3535, 3688, 3715, 3930, 3967, 4046, 4052, 4161, 4255, 4317, 4406, 4445, 4474, 4493, 4519, 4736, 4745, 4813, 4932, 5162, 5207, 5429, 5498, 5513, 5728, 5936, 6030, 6081, 6279, 6311, 6368, 6412, 6630, 6632, 6876, 7156, 7158, 7191, 7298, 7537, 7565, 7577, 7584, 7627, 7849, 7867, 8085, 8091, 8531, 9170, 9460, 9484, 9877, 10044, 10324, 10352, 10367, 10477, 10562, 11260, 11306, 11417, 11545, 11588, 12349, 12415, 13060, 13129, 13431, 14125, 14188, 14209, 14331, 14395, 14636, 14816, 15426, 15699, 15927, 15978, 16156, 16189, 16423, 16462, 16935, 17125, 17206]",c4.cgn__MORF_PML
c4.cgn,MORF_RAD51L3,prerank,-0.38034000578316257,-1.6354807807048688,0.0,0.03172133347844474,0.516,102_323,102/323,22.80%,CDKL5;SLC4A8;HTR2C;PDE10A;MFN1;ADCYAP1;PPP1R12B;DBT;PPM1E;ULK2;ZNF132;ATXN3;ATP10B;STAC;LPGAT1;DNAJC22;COL19A1;CALN1;POLR3F;CAMK4;MAGI1;MON2;FRY;PAPPA2;CLCN3;COL14A1;KPNA1;TRIM24;MSH3;TNIK;RPS6KA5;GCA;BRWD1;COQ7;RBMXL1;LDB3;TLL1;MASP2;MAP2;DNAJC16;ZNF266;MPP3;ITGA2;CDH8;PAX7;IPO9;CDC42BPA;ADAM22;CHRNB4;NOVA1;IL16;SLC14A2;TTN;IL5;KRR1;COL8A1;TSPAN2;MDM2;REPS2;GUCY2C;GNG4;WBP4;ZNF134;ITIH3;CAMTA1;IL7;NXPE3;AQP7;NFAT5;CACNA2D1;ZNF200;ATP8A2;GRIK1;CNTN6;B4GALT6;EDN3;SPA17;ERC1;PIK3C2A;ATP2B2;ZNF33B;STARD5;HABP4;MGA;TPD52;LECT2;CYP2E1;EPHB2;AMMECR1;PTPRR;ATP6V0A2;GABRB2;ARFGEF2;LRP6;GLE1;EDIL3;PCM1;PIK3CB;THPO;GABRA1;BARX2;PGM3,IFNA2;HSPA1L;NPFF;TPD52L1;DMPK;LRP4;CA3;NOTCH4;RREB1;TBX19;MPZL2;NR2F1;GYS2;PPP1R1A;BRD4;ZNF141;CPZ;SLC18A1;CTRL;CFH;ZBTB40;FOSL1;FGF2;F2RL3;MSL3;COX6A2;SPATA2;CHST1;HTR3A;NCKIPSD;GPR171;GYPA;HNF1A;MAP2K7;ABCB1;NTNG2;CASP10;SGPL1;NRTN;CD3E;LILRA4;NHEJ1;RXRG;RYR1;MPZL1;BCL2L11;IL11RA;IL13RA1;CXCL5;NPAS2;USP20;GHRHR;BIRC5;CTSB;GRIK5;GCM1;ATF6B;SRPK3;CDH4;HTR1E;FUT1;PAX6;LGI1;FAM13A;SCN7A;PDE6A;PLEKHB1;KLHL23;ADAMTSL3;ZNF202;POFUT2;SLC4A3;FZD5;OCM;GPR19;CDR1;TMEM26;RNF24;DDX52;POU6F2;NR1I2;PSD;SLC22A6;NEB;S100A5;KCNA5;ARL3;HEPH;CYP4F2;HSD3B2;PVR;ATP8B1;SOCS6;RUNX2;SIM2;ASB4;MAP3K1;POU6F1;SLC16A5;HAAO;SUPT3H;CYP2D6;HOXB7;C1orf216;FAM110B;PDCD1;LILRA1;PHF10;RBMS3;ROR2;NEDD4L;BNIP1;KLRC4;JRKL;FGF18;ATF2;IL13;CYP2C19;TRIO;PDE4D;ITIH1;NR3C2;IL4;RBBP7;BRCA1;KNG1;ABCC8;SLC6A2;STAG1;PLA2R1;ST8SIA1;TENM4;FIG4;ELAVL2;NOL4;EXOC4;RB1CC1;DRD1;ADCY3;IFNA1;FLRT2;RAD51D;F2RL1;DAZL;MC5R;CD8A;ZNF133;SULT4A1;AKAP3;FAS;ADRA1A;EYA1;PAX9;IFNA8;SLC17A7;CPEB3;CACNB1;IFNW1;GPR18;RYR3;CPB2;PTPRS;TACC2;VSTM4;TNK1;KDR;CDC73;SLC26A4;DMD;SYT5;MLLT10;SLC46A3;CYP11A1;PTPRB;AFF2;UBE4B;ABCB10;TFDP2;ITGBL1;PRKCA;ECM2;POLR2K;PPP2R5B;HCRTR2;ZBTB14;HTR1B;SMYD3;PDPN;PHLDB1;MAGEA8;SLC4A4;COLGALT2;NOS2;FBXL4;SGCD;R3HCC1L;SEMA6A;CELA2B;TANC2;FSHR;FNTB;USP46;OTC;GJB5;CRHR1;LPAR4;ERCC4;ADAM20;MYOZ3;OPCML;GLRA3;MYT1;SOAT2;RORB;SYNJ2;RGS7;PAXIP1;KRT86;CADM4;SLC33A1;ZNF157;PGM3;BARX2;GABRA1;THPO;PIK3CB;PCM1;EDIL3;GLE1;LRP6;ARFGEF2;GABRB2;ATP6V0A2;PTPRR;AMMECR1;EPHB2;CYP2E1;LECT2;TPD52;MGA;HABP4;STARD5;ZNF33B;ATP2B2;PIK3C2A;ERC1;SPA17;EDN3;B4GALT6;CNTN6;GRIK1;ATP8A2;ZNF200;CACNA2D1;NFAT5;AQP7;NXPE3;IL7;CAMTA1;ITIH3;ZNF134;WBP4;GNG4;GUCY2C;REPS2;MDM2;TSPAN2;COL8A1;KRR1;IL5;TTN;SLC14A2;IL16;NOVA1;CHRNB4;ADAM22;CDC42BPA;IPO9;PAX7;CDH8;ITGA2;MPP3;ZNF266;DNAJC16;MAP2;MASP2;TLL1;LDB3;RBMXL1;COQ7;BRWD1;GCA;RPS6KA5;TNIK;MSH3;TRIM24;KPNA1;COL14A1;CLCN3;PAPPA2;FRY;MON2;MAGI1;CAMK4;POLR3F;CALN1;COL19A1;DNAJC22;LPGAT1;STAC;ATP10B;ATXN3;ZNF132;ULK2;PPM1E;DBT;PPP1R12B;ADCYAP1;MFN1;PDE10A;HTR2C;SLC4A8;CDKL5,"[178, 188, 214, 288, 529, 661, 727, 781, 806, 898, 937, 1093, 1216, 1271, 1421, 1512, 1568, 1763, 1888, 2051, 2152, 2188, 2211, 2216, 2401, 2434, 2450, 2669, 2787, 2826, 2871, 2930, 3074, 3121, 3190, 3250, 3306, 3417, 3421, 3429, 3572, 3592, 3602, 3704, 3732, 3812, 3842, 3851, 3891, 4199, 4231, 4232, 4324, 4381, 4406, 4527, 4537, 4608, 4663, 4721, 4784, 4803, 4940, 4967, 4973, 5036, 5278, 5344, 5401, 5418, 5465, 5491, 5568, 5598, 5702, 5786, 5880, 5889, 5919, 5991, 6022, 6059, 6062, 6283, 6325, 6341, 6378, 6400, 6414, 6446, 6517, 6583, 6633, 6841, 6968, 7051, 7054, 7077, 7299, 7312, 7327, 7348, 7372, 7435, 7463, 7552, 7636, 7676, 7701, 7746, 7756, 7890, 7921, 7986, 8121, 8136, 8159, 8163, 8219, 8278, 8394, 8411, 8442, 8460, 8479, 8499, 8504, 8506, 8530, 8579, 8649, 8681, 8855, 8893, 8950, 8951, 8973, 8994, 9021, 9040, 9108, 9164, 9196, 9243, 9268, 9346, 9364, 9376, 9377, 9493, 9503, 9505, 9570, 9616, 9653, 9700, 9757, 9795, 9887, 9956, 9992, 10043, 10096, 10103, 10129, 10163, 10314, 10356, 10392, 10414, 10494, 10498, 10566, 10643, 10687, 10794, 10803, 10817, 10842, 10873, 10963, 10988, 11118, 11168, 11245, 11252, 11302, 11303, 11333, 11359, 11524, 11529, 11576, 11580, 11594, 11711, 11718, 11775, 11872, 11912, 11981, 12012, 12240, 12241, 12254, 12294, 12343, 12375, 12394, 12443, 12459, 12740, 12861, 12864, 13003, 13240, 13244, 13293, 13306, 13356, 13438, 13525, 13536, 13541, 13556, 13676, 13706, 13751, 13788, 13826, 13844, 13883, 13900, 13925, 13954, 14005, 14038, 14156, 14165, 14232, 14236, 14247, 14280, 14287, 14351, 14363, 14390, 14394, 14436, 14545, 14578, 14653, 14681, 14753, 14755, 14801, 14821, 14894, 15022, 15121, 15124, 15169, 15235, 15269, 15282, 15285, 15321, 15368, 15386, 15390, 15422, 15440, 15497, 15560, 15573, 15599, 15610, 15618, 15619, 15633, 15635, 15653, 15884, 15887, 15965, 16068, 16091, 16152, 16161, 16236, 16263, 16283, 16291, 16472, 16504, 16520, 16527, 16546, 16560, 16586, 16588, 16620, 16752, 16852, 16986, 17069, 17091, 17101, 17124, 17127, 17142, 17153, 17185, 17198, 17232, 17276, 17335, 17339, 17377, 17394, 17447, 17512, 17515]",c4.cgn__MORF_RAD51L3
c4.cgn,MORF_MAGEA9,prerank,-0.3758497782594084,-1.640569104371342,0.0,0.03194546086343951,0.498,117_355,117/355,24.43%,CDKL5;SLC4A8;HTR2C;PDE10A;NF1;MFN1;CBLN1;ADCYAP1;PPP1R12B;DBT;PPM1E;ULK2;ZNF132;ATXN3;ATP10B;STAC;LPGAT1;DNAJC22;COL19A1;CALN1;LDLRAD4;POLR3F;CAMK4;NTPCR;MAGI1;MON2;FRY;CLCN3;COL14A1;ZNF500;KPNA1;TRIM24;MSH3;ELOVL6;TNIK;SFRP4;RPS6KA5;GCA;COQ7;RBMXL1;LDB3;ESR1;TLL1;MASP2;MAP2;DNAJC16;ZNF266;MPP3;CDH8;PAX7;IPO9;CDC42BPA;CHRNB4;NOVA1;IL16;STXBP5L;SLC14A2;KRR1;COL8A1;TSPAN2;MDM2;REPS2;GUCY2C;GNG4;WBP4;SCAPER;CLOCK;ZNF134;ITIH3;CAMTA1;NFX1;IL7;DEPDC5;NXPE3;AQP7;NFAT5;CACNA2D1;ZNF200;ATP8A2;GRIK1;CNTN6;B4GALT6;EDN3;SPA17;ERC1;PIK3C2A;ATP2B2;ZNF33B;STARD5;HABP4;MGA;ETV3;TPD52;LECT2;CYP2E1;EPHB2;AMMECR1;PTPRR;ATP6V0A2;GABRB2;ARFGEF2;LRP6;GLE1;EDIL3;PCM1;PIK3CB;THPO;GABRA1;BARX2;PGM3;ZNF157;CRYM;SLC33A1;CADM4;KRT86;PAXIP1;RGS7,IFNA2;NPFF;DMPK;LRP4;CA3;RREB1;TBX19;GMPR;MPZL2;NR2F1;GYS2;PPP1R1A;RUNX1;BRD4;ZNF141;FLT1;CPZ;PDE4DIP;SLC18A1;SLC6A4;CTRL;CFH;THRA;ZBTB40;CNKSR1;FOSL1;FGF2;F2RL3;MSL3;TNFRSF25;COX6A2;SPATA2;TIE1;PLXNA3;CHST1;COL4A4;HTR3A;NCKIPSD;GPR171;STK17A;HNF1A;COLQ;MAP2K7;SLC2A1;ABCB1;NTNG2;CASP10;SGPL1;NRTN;CD3E;NRP2;LILRA4;NHEJ1;RXRG;MPZL1;BCL2L11;IL11RA;IL13RA1;CXCL5;NPAS2;USP20;GHRHR;CTSB;GRIK5;VKORC1;GCM1;ATF6B;LTBP4;SRPK3;CDH4;HTR1E;FUT1;PAX6;SLC13A2;TBX5;LGI1;FAM13A;SCN7A;PDE6A;TAF12;PLEKHB1;ADAMTSL3;ZNF202;POFUT2;SLC4A3;FZD5;OCM;GPR19;CDR1;TMEM26;RNF24;DDX52;POU6F2;NR1I2;PSD;SLC22A6;NMT2;NEB;S100A5;KCNA5;ARL3;HEPH;CYP4F2;HSD3B2;PVR;ATP8B1;SOCS6;RUNX2;SIM2;ASB4;MAP3K1;POU6F1;SLC16A5;HAAO;SUPT3H;CYP2D6;HOXB7;C1orf216;DPT;PDCD1;LILRA1;PHF10;RBMS3;ROR2;NEDD4L;BNIP1;KLRC4;JRKL;FGF18;ATF2;IL13;CYP2C19;TRIO;PDE4D;NR3C2;IL4;RBBP7;BRCA1;KNG1;ABCC8;SLC6A2;STAG1;PLA2R1;ST8SIA1;TENM4;FIG4;ELAVL2;EXOC4;RB1CC1;DRD1;ADCY3;IFNA1;FLRT2;RAD51D;F2RL1;DAZL;MC5R;CD8A;ZNF133;SULT4A1;AKAP3;FAS;ADRA1A;PAX9;SLC17A7;CPEB3;CACNB1;IFNW1;GPR18;GNPAT;RYR3;CPB2;PTPRS;TACC2;DAPK2;CD6;TNK1;KDR;ENOX2;CDC73;SLC26A4;DMD;SYT5;MLLT10;SLC46A3;FRYL;PTEN;CYP11A1;PTPRB;AFF2;KRT33B;UBE4B;ABCB10;TFDP2;ITGBL1;PRKCA;ARHGEF12;ELL2;ECM2;POLR2K;ITIH4;PPP2R5B;HCRTR2;ZBTB14;HTR1B;SMYD3;PDPN;PHLDB1;MAGEA8;COLGALT2;NOS2;FBXL4;SGCD;R3HCC1L;SEMA6A;CELA2B;TANC2;FSHR;FNTB;USP46;ZNF710;ABCB9;OTC;GJB5;CRHR1;LPAR4;ERCC4;ADAM20;MYOZ3;GLRA3;MYT1;KRT1;SOAT2;RORB;VIP;GPATCH8;SYNJ2;C6;RGS7;PAXIP1;KRT86;CADM4;SLC33A1;CRYM;ZNF157;PGM3;BARX2;GABRA1;THPO;PIK3CB;PCM1;EDIL3;GLE1;LRP6;ARFGEF2;GABRB2;ATP6V0A2;PTPRR;AMMECR1;EPHB2;CYP2E1;LECT2;TPD52;ETV3;MGA;HABP4;STARD5;ZNF33B;ATP2B2;PIK3C2A;ERC1;SPA17;EDN3;B4GALT6;CNTN6;GRIK1;ATP8A2;ZNF200;CACNA2D1;NFAT5;AQP7;NXPE3;DEPDC5;IL7;NFX1;CAMTA1;ITIH3;ZNF134;CLOCK;SCAPER;WBP4;GNG4;GUCY2C;REPS2;MDM2;TSPAN2;COL8A1;KRR1;SLC14A2;STXBP5L;IL16;NOVA1;CHRNB4;CDC42BPA;IPO9;PAX7;CDH8;MPP3;ZNF266;DNAJC16;MAP2;MASP2;TLL1;ESR1;LDB3;RBMXL1;COQ7;GCA;RPS6KA5;SFRP4;TNIK;ELOVL6;MSH3;TRIM24;KPNA1;ZNF500;COL14A1;CLCN3;FRY;MON2;MAGI1;NTPCR;CAMK4;POLR3F;LDLRAD4;CALN1;COL19A1;DNAJC22;LPGAT1;STAC;ATP10B;ATXN3;ZNF132;ULK2;PPM1E;DBT;PPP1R12B;ADCYAP1;CBLN1;MFN1;NF1;PDE10A;HTR2C;SLC4A8;CDKL5,"[178, 214, 529, 661, 727, 806, 898, 906, 937, 1093, 1216, 1271, 1384, 1421, 1512, 1534, 1568, 1760, 1763, 1789, 1888, 2051, 2052, 2152, 2173, 2188, 2211, 2216, 2401, 2404, 2434, 2450, 2491, 2610, 2669, 2709, 2787, 2826, 2871, 3031, 3074, 3087, 3121, 3156, 3190, 3250, 3306, 3417, 3421, 3429, 3520, 3572, 3592, 3602, 3732, 3812, 3842, 3851, 3891, 4199, 4231, 4232, 4381, 4406, 4516, 4527, 4537, 4551, 4608, 4663, 4721, 4784, 4803, 4819, 4864, 4940, 4967, 4973, 5036, 5042, 5278, 5401, 5418, 5465, 5491, 5568, 5598, 5702, 5786, 5880, 5889, 5919, 5991, 6022, 6059, 6062, 6112, 6283, 6325, 6341, 6378, 6400, 6414, 6446, 6517, 6583, 6633, 6841, 6968, 7051, 7054, 7077, 7299, 7312, 7327, 7348, 7372, 7435, 7501, 7552, 7636, 7676, 7701, 7746, 7756, 7890, 7921, 7986, 8121, 8136, 8159, 8163, 8219, 8278, 8411, 8442, 8460, 8479, 8499, 8504, 8506, 8530, 8579, 8649, 8681, 8855, 8893, 8951, 8973, 8994, 9021, 9040, 9108, 9164, 9196, 9243, 9268, 9346, 9364, 9376, 9377, 9493, 9503, 9570, 9653, 9700, 9757, 9795, 9887, 9936, 9956, 9992, 10043, 10096, 10107, 10125, 10129, 10163, 10290, 10314, 10356, 10392, 10414, 10494, 10498, 10503, 10528, 10566, 10643, 10687, 10788, 10794, 10803, 10817, 10842, 10873, 10898, 10930, 10963, 10988, 11047, 11118, 11168, 11245, 11252, 11302, 11303, 11333, 11359, 11529, 11576, 11580, 11594, 11711, 11718, 11775, 11872, 11912, 11981, 12012, 12161, 12189, 12240, 12241, 12254, 12294, 12343, 12375, 12394, 12459, 12740, 12750, 12861, 12864, 12940, 12947, 13003, 13010, 13240, 13244, 13293, 13306, 13356, 13417, 13438, 13525, 13536, 13541, 13556, 13676, 13706, 13751, 13788, 13826, 13844, 13883, 13900, 13925, 13954, 14005, 14038, 14156, 14165, 14186, 14232, 14236, 14247, 14280, 14287, 14351, 14363, 14390, 14394, 14436, 14545, 14578, 14653, 14681, 14753, 14755, 14801, 14821, 14828, 14894, 14908, 15022, 15121, 15124, 15146, 15154, 15169, 15235, 15269, 15282, 15285, 15321, 15368, 15386, 15440, 15481, 15497, 15560, 15573, 15610, 15618, 15619, 15633, 15653, 15884, 15887, 15965, 16068, 16091, 16134, 16152, 16161, 16236, 16283, 16291, 16403, 16472, 16478, 16504, 16520, 16527, 16545, 16546, 16560, 16588, 16620, 16752, 16764, 16852, 16986, 17015, 17069, 17091, 17101, 17124, 17127, 17142, 17153, 17185, 17198, 17232, 17276, 17335, 17339, 17349, 17377, 17391, 17394, 17447, 17512, 17515]",c4.cgn__MORF_MAGEA9
c4.cgn,GNF2_PTX3,prerank,0.504370171734649,1.5737192749834987,0.008438818565400843,0.032132485442387594,0.725,9_34,9/34,12.11%,SERPINH1;PLOD1;RCN3;CXCL6;GFPT2;CXCL1;CCL2;PLOD2;IL6,SERPINH1;PLOD1;RCN3;CXCL6;GFPT2;CXCL1;CCL2;PLOD2;IL6;B4GALT1;FAP;COL1A2;FSTL1;SERPINE1;LOXL2;LOXL1;COL5A1;SRPX;COL1A1;PTGS1;CDH11;LAMC1;PXDN;EFEMP1;LOX;COL5A2;THBS2;COL3A1;PTX3;YIPF5;CALU;LAMB1;FBN1;LRRC17,"[8, 54, 181, 232, 568, 1774, 1826, 1827, 2121, 2609, 3972, 3978, 3983, 4011, 4066, 4163, 4715, 4900, 5109, 6934, 7390, 7640, 8227, 8928, 9652, 10693, 11701, 12899, 13208, 14152, 15250, 15592, 17116, 17158]",c4.cgn__GNF2_PTX3
c4.cgn,MORF_FSHR,prerank,-0.392359230230889,-1.6365997886621144,0.0,0.03248669601597217,0.514,76_228,76/228,24.43%,SLC4A8;PDE10A;PPP1R12B;EXOC6B;DBT;PPM1E;ULK2;ZNF132;ATXN3;ATP10B;STAC;DNAJC22;COL19A1;CALN1;POLR3F;CAMK4;MON2;FRY;CLCN3;COL14A1;TRIM24;MSH3;RPS6KA5;GCA;BRWD1;COQ7;LDB3;TLL1;MAP2;YLPM1;ZNF266;GPLD1;MPP3;IPO9;CDC42BPA;ADAM22;CHRNB4;IL16;TTN;IL5;COL8A1;TSPAN2;MDM2;GUCY2C;GNG4;WBP4;ITIH3;CAMTA1;IL7;NXPE3;AQP7;NFAT5;CACNA2D1;GRIK1;B4GALT6;SPA17;ATP2B2;ZNF33B;ENTPD3;LECT2;CYP2E1;EPHB2;AMMECR1;PTPRR;GABRB2;EDIL3;PCM1;CCR6;THPO;PGM3;ZNF157;SLC33A1;KCNJ6;CADM4;PAXIP1;RGS7,IFNA2;HSPA1L;NPFF;TPD52L1;DMPK;RREB1;TBX19;CKM;BRD4;ZNF141;CFH;ZBTB40;FOSL1;FGF2;F2RL3;COX6A2;GPR171;GYPA;HNF1A;MAP2K7;ABCB1;NTNG2;SGPL1;NHEJ1;RXRG;RYR1;NDP;BCL2L11;IL11RA;CXCL5;GHRHR;CTSB;GCM1;ATF6B;SRPK3;CDH4;HTR1E;FUT1;PAX6;LGI1;FAM13A;AMOT;PDE6A;ADAMTSL3;ZNF202;FZD5;OCM;GPR19;CDR1;TMEM26;RNF24;DDX52;POU6F2;NR1I2;SLC22A6;NEB;S100A5;KCNA5;ARL3;HEPH;CYP4F2;HSD3B2;PVR;ATP8B1;RUNX2;SIM2;MAP3K1;POU6F1;SUPT3H;C1orf216;PCDHGB7;PDCD1;LILRA1;PHF10;RBMS3;KLRC4;JRKL;FGF18;ATF2;CYP2C19;TRIO;PDE4D;NR3C2;IL4;RBBP7;KNG1;ABCC8;SLC6A2;PLA2R1;ST8SIA1;TENM4;ELAVL2;NOL4;EXOC4;RB1CC1;DRD1;IFNA1;FLRT2;RAD51D;F2RL1;DAZL;MC5R;CD8A;SULT4A1;FAS;EYA1;SIRPB1;IFNA8;CPEB3;IFNW1;GPR18;RYR3;CPB2;TACC2;VSTM4;TNK1;KDR;CDC73;SLC26A4;DMD;SYT5;MLLT10;SLC46A3;PTPRB;ABCB10;TFDP2;ITGBL1;PRKCA;ECM2;HCRTR2;ZBTB14;SMYD3;PHLDB1;MAGEA8;COLGALT2;NOS2;FBXL4;SGCD;R3HCC1L;TANC2;FSHR;FNTB;USP46;FGF9;GJB5;CRHR1;ERCC4;ADAM20;GLRA3;MYT1;RORB;C6;RGS7;PAXIP1;CADM4;KCNJ6;SLC33A1;ZNF157;PGM3;THPO;CCR6;PCM1;EDIL3;GABRB2;PTPRR;AMMECR1;EPHB2;CYP2E1;LECT2;ENTPD3;ZNF33B;ATP2B2;SPA17;B4GALT6;GRIK1;CACNA2D1;NFAT5;AQP7;NXPE3;IL7;CAMTA1;ITIH3;WBP4;GNG4;GUCY2C;MDM2;TSPAN2;COL8A1;IL5;TTN;IL16;CHRNB4;ADAM22;CDC42BPA;IPO9;MPP3;GPLD1;ZNF266;YLPM1;MAP2;TLL1;LDB3;COQ7;BRWD1;GCA;RPS6KA5;MSH3;TRIM24;COL14A1;CLCN3;FRY;MON2;CAMK4;POLR3F;CALN1;COL19A1;DNAJC22;STAC;ATP10B;ATXN3;ZNF132;ULK2;PPM1E;DBT;EXOC6B;PPP1R12B;PDE10A;SLC4A8,"[178, 188, 214, 288, 529, 806, 898, 1419, 1421, 1512, 2051, 2152, 2188, 2211, 2216, 2434, 2871, 2930, 3074, 3121, 3190, 3250, 3417, 3592, 3602, 3704, 3783, 3812, 3842, 3891, 4232, 4381, 4527, 4537, 4608, 4663, 4721, 4784, 4803, 4940, 4967, 4997, 5036, 5401, 5418, 5568, 5598, 5702, 5786, 5880, 5889, 5919, 5991, 6022, 6062, 6283, 6325, 6341, 6378, 6400, 6414, 6446, 6517, 6583, 6841, 6968, 7054, 7077, 7327, 7435, 7451, 7552, 7636, 7676, 7701, 7921, 7986, 8121, 8136, 8163, 8219, 8278, 8411, 8442, 8460, 8499, 8504, 8506, 8579, 8649, 8681, 8893, 8950, 8951, 8973, 8994, 9040, 9108, 9164, 9196, 9243, 9268, 9346, 9376, 9493, 9505, 9515, 9616, 9700, 9795, 9887, 9956, 9992, 10096, 10103, 10129, 10163, 10314, 10356, 10392, 10414, 10494, 10498, 10643, 10803, 10817, 10842, 10873, 10963, 11168, 11245, 11302, 11333, 11359, 11529, 11576, 11580, 11594, 11711, 11872, 11912, 11981, 12012, 12107, 12241, 12254, 12343, 12375, 12459, 12740, 12864, 13010, 13240, 13244, 13306, 13342, 13356, 13438, 13525, 13556, 13588, 13706, 13751, 13883, 13925, 13954, 14005, 14038, 14156, 14251, 14280, 14287, 14390, 14436, 14578, 14753, 14755, 14801, 14821, 14894, 15022, 15121, 15169, 15235, 15269, 15285, 15321, 15368, 15390, 15422, 15497, 15573, 15599, 15610, 15618, 15653, 15817, 15884, 15917, 15965, 16091, 16152, 16236, 16263, 16283, 16291, 16504, 16520, 16546, 16560, 16588, 16620, 16852, 16986, 17069, 17091, 17101, 17127, 17142, 17153, 17185, 17198, 17232, 17276, 17293, 17335, 17394, 17512]",c4.cgn__MORF_FSHR
c4.cgn,GCM_LTK,prerank,0.5097596675056157,1.5679613165435649,0.01882845188284519,0.033166914732294994,0.743,12_36,12/36,12.89%,MICB;FES;BCL3;AANAT;DGCR6;PLK1;WAS;HSF4;FANCC;SLC2A4;RING1;DRG2,MICB;FES;BCL3;AANAT;DGCR6;PLK1;WAS;HSF4;FANCC;SLC2A4;RING1;DRG2;PLCB2;RABGGTA;RENBP;UBE2D3;LTK;MLN;TH;CCR9;ADD1;AMFR;ZNF8;NR1H2;IDUA;SIRPB1;ADRB3;MADD;PTPN5;ATM;HSD17B3;HTT;MPP2;ODF1;GPR3;GRM4,"[152, 329, 347, 807, 834, 869, 1067, 1161, 1672, 1904, 1978, 2257, 2865, 3535, 3841, 4427, 4932, 5474, 5573, 5772, 5928, 5936, 6092, 7734, 8588, 9515, 10582, 10705, 10768, 11270, 11815, 11996, 15699, 16073, 16438, 16981]",c4.cgn__GCM_LTK
c4.cgn,GNF2_XRCC5,prerank,-0.46888932739102984,-1.6269614534357015,0.0019157088122605363,0.03394677224140912,0.549,21_68,21/68,17.66%,ABCE1;RBMX;SFPQ;U2SURP;SNRPD3;PSMA3;SRP54;MRPL3;NAE1;XRCC5;PSMC2;UQCRC2;CPSF6;HNRNPU;RTCA;PSMA5;SSBP1;NCL;EIF2S1;KPNB1;CAPRIN1,CCT3;OSR1;BANF1;TCP1;SSRP1;PTGES3;IFRD1;HNRNPF;GNAI3;SF3B2;SNRPD2;MAGOH;NONO;MAPRE1;SNRPG;RPA1;PSMA1;EIF4A1;BUB3;HNRNPA2B1;SRSF1;SUMO1;PSMB7;POMP;PSMD11;SYNCRIP;PSMA4;SRSF10;RAN;DDX39B;DHX15;TARDBP;SNRPE;PRPF40A;SNRPB2;HNRNPK;ILF2;HNRNPC;SRSF3;ZNF207;PSMD14;MMADHC;GRSF1;PRPF4;MCTS1;COPS2;PA2G4;CAPRIN1;KPNB1;EIF2S1;NCL;SSBP1;PSMA5;RTCA;HNRNPU;CPSF6;UQCRC2;PSMC2;XRCC5;NAE1;MRPL3;SRP54;PSMA3;SNRPD3;U2SURP;SFPQ;RBMX;ABCE1,"[1222, 1717, 2209, 2233, 2303, 2761, 2802, 2946, 3127, 3165, 4575, 5507, 5890, 6230, 6491, 6545, 6584, 7033, 7131, 7153, 7195, 7337, 7404, 7411, 7716, 7728, 7762, 8142, 8903, 9247, 9589, 10154, 10370, 10388, 10569, 10590, 10675, 11073, 11131, 11275, 11848, 12393, 12597, 13099, 13455, 13755, 13880, 14425, 14483, 14673, 14777, 14903, 14940, 15264, 15455, 15659, 15798, 16078, 16129, 16265, 16293, 16500, 16801, 16826, 16908, 17028, 17199, 17352]",c4.cgn__GNF2_XRCC5
c4.cgn,GNF2_MSN,prerank,0.5485713340888074,1.5536709004240588,0.023255813953488372,0.03691097946984286,0.78,8_23,8/23,11.17%,EMP3;HCLS1;TGFB1;ITGB2;WAS;ELF4;ADAM8;CLIC1,EMP3;HCLS1;TGFB1;ITGB2;WAS;ELF4;ADAM8;CLIC1;STAT6;LASP1;MSN;PFN1;RAP2B;IQGAP1;OSTF1;CAP1;ARPC5;RAP1B;ARPC2;ADAM10;CAPZA1;ACTR3;CDC42,"[270, 286, 386, 902, 1067, 1471, 1533, 1955, 2644, 3541, 5230, 5360, 6006, 8419, 10320, 10635, 10877, 12892, 13091, 13386, 14203, 14586, 16108]",c4.cgn__GNF2_MSN
c4.cgn,MORF_SUPT3H,prerank,-0.3813965680471962,-1.6116483630355822,0.0,0.03899067192928222,0.614,87_272,87/272,22.80%,CDKL5;SLC4A8;HTR2C;CBLN1;PPP1R12B;DBT;PPM1E;ULK2;ZNF132;ATXN3;STAC;DNAJC22;COL19A1;CALN1;POLR3F;CAMK4;MAGI1;MON2;FRY;CLCN3;COL14A1;KPNA1;TRIM24;MSH3;TNIK;SFRP4;RPS6KA5;GCA;SOX11;BRWD1;COQ7;RBMXL1;LDB3;TLL1;MASP2;MAP2;DNAJC16;ZNF266;MPP3;ITGA2;CDH8;PAX7;IPO9;RUFY3;ADAM22;CHRNB4;NOVA1;IL16;SLC14A2;TTN;IL5;COL8A1;TSPAN2;MDM2;REPS2;GUCY2C;GNG4;WBP4;ZNF134;ITIH3;CAMTA1;IL7;AQP7;NFAT5;CACNA2D1;GRIK1;B4GALT6;SPA17;ERC1;ATP2B2;ZNF33B;ENTPD3;STARD5;LECT2;CYP2E1;EPHB2;AMMECR1;PTPRR;GABRB2;ARFGEF2;GLE1;EDIL3;PCM1;THPO;GABRA1;BARX2;PGM3,OR7A5;IFNA2;HSPA1L;NPFF;TPD52L1;DMPK;LRP4;MEOX2;CA3;RREB1;TBX19;GYS2;BRD4;ZNF141;PKP1;CTRL;CFH;ZBTB40;FOSL1;FGF2;F2RL3;MSL3;COX6A2;SPATA2;GPR171;HNF1A;MAP2K7;ABCB1;NTNG2;LILRA4;NHEJ1;RXRG;RYR1;MPZL1;BCL2L11;IL11RA;IL13RA1;CXCL5;NPAS2;GHRHR;BIRC5;CTSB;GCM1;ATF6B;SRPK3;CDH4;HTR1E;FUT1;PAX6;LGI1;SCN7A;PDE6A;PLEKHB1;ADAMTSL3;ZNF202;FZD5;OCM;GPR19;CDR1;TMEM26;RNF24;DDX52;POU6F2;NR1I2;PSD;SLC22A6;NEB;S100A5;KCNA5;ARL3;HEPH;HSD3B2;PVR;ATP8B1;SOCS6;RUNX2;SIM2;MAP3K1;POU6F1;SUPT3H;CYP2D6;HOXB7;C1orf216;PCDHGB7;FAM110B;PDCD1;LILRA1;PHF10;ROR2;NEDD4L;KLRC4;JRKL;FGF18;ATF2;CYP2C19;TRIO;PDE4D;NR3C2;IL4;RBBP7;BRCA1;KNG1;ABCC8;SLC6A2;STAG1;PLA2R1;ST8SIA1;TENM4;ELAVL2;NOL4;EXOC4;RB1CC1;DRD1;IFNA1;FLRT2;RAD51D;F2RL1;DAZL;MC5R;CD8A;SULT4A1;AKAP3;FAS;EYA1;IFNA8;CPEB3;CACNB1;IFNW1;GPR18;RYR3;CPB2;TACC2;VSTM4;TNK1;KDR;CDC73;SLC26A4;DMD;SYT5;MLLT10;SLC46A3;CYP11A1;PTPRB;UBE4B;ABCB10;TFDP2;ITGBL1;PRKCA;ECM2;POLR2K;PPP2R5B;HCRTR2;ZBTB14;SMYD3;PDPN;PHLDB1;MAGEA8;SLC4A4;COLGALT2;NOS2;FBXL4;SGCD;R3HCC1L;SEMA6A;TANC2;FSHR;FNTB;USP46;OTC;GJB5;CRHR1;ERCC4;ADAM20;OPCML;GLRA3;MYT1;SOAT2;RORB;VIP;C6;RGS7;PAXIP1;CADM4;SLC33A1;ZNF157;PGM3;BARX2;GABRA1;THPO;PCM1;EDIL3;GLE1;ARFGEF2;GABRB2;PTPRR;AMMECR1;EPHB2;CYP2E1;LECT2;STARD5;ENTPD3;ZNF33B;ATP2B2;ERC1;SPA17;B4GALT6;GRIK1;CACNA2D1;NFAT5;AQP7;IL7;CAMTA1;ITIH3;ZNF134;WBP4;GNG4;GUCY2C;REPS2;MDM2;TSPAN2;COL8A1;IL5;TTN;SLC14A2;IL16;NOVA1;CHRNB4;ADAM22;RUFY3;IPO9;PAX7;CDH8;ITGA2;MPP3;ZNF266;DNAJC16;MAP2;MASP2;TLL1;LDB3;RBMXL1;COQ7;BRWD1;SOX11;GCA;RPS6KA5;SFRP4;TNIK;MSH3;TRIM24;KPNA1;COL14A1;CLCN3;FRY;MON2;MAGI1;CAMK4;POLR3F;CALN1;COL19A1;DNAJC22;STAC;ATXN3;ZNF132;ULK2;PPM1E;DBT;PPP1R12B;CBLN1;HTR2C;SLC4A8;CDKL5,"[169, 178, 188, 214, 288, 529, 661, 672, 727, 806, 898, 1216, 1421, 1512, 1833, 1888, 2051, 2152, 2188, 2211, 2216, 2401, 2434, 2450, 2871, 3074, 3121, 3190, 3250, 3572, 3592, 3602, 3704, 3732, 3812, 3842, 3851, 3891, 4199, 4232, 4324, 4381, 4527, 4537, 4608, 4663, 4721, 4784, 4803, 4940, 4973, 5036, 5278, 5401, 5418, 5568, 5598, 5702, 5786, 5880, 5889, 5919, 5991, 6022, 6059, 6062, 6283, 6325, 6341, 6378, 6400, 6446, 6517, 6583, 6633, 6841, 6968, 7054, 7077, 7327, 7348, 7372, 7435, 7451, 7463, 7552, 7636, 7676, 7746, 7756, 7921, 7986, 8121, 8136, 8163, 8219, 8278, 8411, 8442, 8460, 8479, 8499, 8504, 8506, 8530, 8579, 8649, 8681, 8893, 8950, 8951, 8973, 8994, 9040, 9108, 9164, 9196, 9243, 9268, 9346, 9376, 9377, 9493, 9505, 9616, 9700, 9757, 9795, 9887, 9956, 9992, 10096, 10103, 10129, 10163, 10314, 10356, 10392, 10414, 10494, 10498, 10566, 10643, 10794, 10803, 10817, 10842, 10873, 10963, 10988, 11118, 11168, 11245, 11302, 11303, 11333, 11359, 11524, 11529, 11576, 11580, 11594, 11711, 11718, 11872, 11912, 11981, 12012, 12240, 12241, 12254, 12343, 12375, 12443, 12459, 12740, 12861, 12864, 12940, 13010, 13240, 13244, 13306, 13356, 13438, 13525, 13536, 13541, 13556, 13706, 13751, 13788, 13844, 13883, 13925, 13954, 14005, 14038, 14156, 14247, 14251, 14280, 14287, 14363, 14390, 14436, 14578, 14753, 14755, 14801, 14894, 15022, 15121, 15124, 15169, 15235, 15269, 15282, 15285, 15321, 15368, 15390, 15422, 15440, 15497, 15560, 15573, 15599, 15611, 15618, 15619, 15633, 15635, 15653, 15884, 15887, 15965, 16068, 16091, 16152, 16161, 16236, 16263, 16271, 16283, 16291, 16403, 16472, 16504, 16520, 16527, 16546, 16560, 16588, 16620, 16752, 16852, 16986, 17069, 17091, 17101, 17127, 17153, 17185, 17198, 17232, 17276, 17335, 17349, 17447, 17512, 17515]",c4.cgn__MORF_SUPT3H
c4.cgn,MORF_GPX4,prerank,0.4596467118214871,1.5439784197978677,0.012658227848101266,0.03968763549194094,0.81,13_52,13/52,13.48%,GNB2;JTB;BCAP31;EEF1D;TECR;TMED9;GLB1;AP2S1;TRAPPC3;MAP2K2;FASTK;BANF1;TMEM147,GNB2;JTB;BCAP31;EEF1D;TECR;TMED9;GLB1;AP2S1;TRAPPC3;MAP2K2;FASTK;BANF1;TMEM147;CSNK2B;SSR2;GPX4;UBA1;TMBIM6;KDELR1;PDAP1;CLTA;COX6A1;ATP6V1F;CYC1;KXD1;AP2M1;RALY;PSMB4;COX6B1;SSR4;DAP;GPAA1;PPP2R1A;COPE;WBP2;NDUFV1;ARF5;COX8A;PSMD8;RHEB;PPP1R7;ATP6AP1;ATP6V0C;COPS5;SRP9;RER1;DRG1;RAC1;CANX;GANAB;DDOST;PSMB2,"[746, 880, 1256, 1270, 1425, 1520, 1582, 1749, 2069, 2104, 2132, 2209, 2360, 2962, 3305, 4303, 4716, 4731, 4746, 4796, 5058, 5419, 5476, 5661, 5883, 5915, 5946, 6246, 6303, 6308, 6456, 6643, 6695, 6700, 7460, 7591, 7702, 8139, 8583, 8835, 8862, 8926, 9303, 9312, 9423, 10239, 10437, 11471, 12788, 13207, 14615, 17105]",c4.cgn__MORF_GPX4
c4.cgn,MORF_MLLT10,prerank,-0.37763097326246853,-1.600767155108482,0.0,0.04193424806291715,0.648,85_252,85/252,24.40%,SLC4A8;MFN1;DBT;PPM1E;ULK2;ZNF132;ATXN3;ATP10B;STAC;DNAJC22;COL19A1;CALN1;POLR3F;CAMK4;PIAS2;MON2;FRY;CLCN3;COL14A1;TRIM24;MSH3;ELOVL6;RPS6KA5;GCA;BRWD1;COQ7;RBMXL1;LDB3;TLL1;MASP2;MAP2;DNAJC16;ZNF266;MPP3;PAX7;IPO9;RUFY3;CHRNB4;NOVA1;IL16;TTN;KRR1;COL8A1;TSPAN2;MDM2;GUCY2C;GNG4;WBP4;ZNF134;ITIH3;CAMTA1;NFX1;IL7;NXPE3;AQP7;NFAT5;CACNA2D1;GRIK1;CNTN6;B4GALT6;SPA17;ERC1;PIK3C2A;ZNF33B;MGA;TPD52;LECT2;CYP2E1;EPHB2;AMMECR1;ATP6V0A2;GABRB2;ARFGEF2;GLE1;EDIL3;PCM1;PIK3CB;THPO;BARX2;PGM3;ZNF157;SLC33A1;CADM4;KRT86;PAXIP1,IFNA2;NPFF;TPD52L1;DMPK;TLE1;LRP4;RREB1;TBX19;BRD4;ZNF141;CTRL;CFH;ZBTB40;FOSL1;FGF2;F2RL3;TMEM11;MSL3;COX6A2;SPATA2;TIE1;CHST1;GPR171;HNF1A;ABCB1;NTNG2;CASP10;SGPL1;NRTN;NHEJ1;RXRG;MPZL1;BCL2L11;IL11RA;IL13RA1;CXCL5;NPAS2;USP20;GHRHR;BIRC5;CTSB;GRIK5;GCM1;SRPK3;CDH4;HTR1E;FUT1;PAX6;LGI1;FAM13A;SCN7A;AMOT;PDE6A;PLEKHB1;ADAMTSL3;ZNF202;SULT2B1;FZD5;OCM;GPR19;CDR1;TMEM26;RNF24;DDX52;POU6F2;NR1I2;PSD;SLC22A6;NEB;S100A5;KCNA5;ARL3;CYP4F2;HSD3B2;PVR;ATP8B1;RUNX2;ZBTB33;SIM2;MAP3K1;POU6F1;SUPT3H;CYP2D6;C1orf216;FAM110B;LILRA1;PHF10;BNIP1;KLRC4;JRKL;FGF18;ATF2;PDE4D;NR3C2;IL4;BRCA1;ABCC8;SLC6A2;STAG1;ST8SIA1;TENM4;ELAVL2;NOL4;EXOC4;RB1CC1;DRD1;ADCY3;IFNA1;SURF2;FLRT2;RAD51D;F2RL1;DAZL;MC5R;CD8A;SULT4A1;AKAP3;FAS;PAX9;CPEB3;CACNB1;IFNW1;GPR18;RYR3;CPB2;TACC2;TNK1;KDR;CDC73;DMD;SYT5;MLLT10;SLC46A3;PTEN;CYP11A1;PTPRB;UBE4B;ABCB10;TFDP2;ITGBL1;PRKCA;POLR2K;PPP2R5B;CDYL;HCRTR2;ZBTB14;SMYD3;PHLDB1;MAGEA8;COLGALT2;NOS2;FBXL4;SGCD;R3HCC1L;CELA2B;TANC2;FSHR;FNTB;USP46;GJB5;CRHR1;ERCC4;ADAM20;GLRA3;MYT1;RORB;GPATCH8;PAXIP1;KRT86;CADM4;SLC33A1;ZNF157;PGM3;BARX2;THPO;PIK3CB;PCM1;EDIL3;GLE1;ARFGEF2;GABRB2;ATP6V0A2;AMMECR1;EPHB2;CYP2E1;LECT2;TPD52;MGA;ZNF33B;PIK3C2A;ERC1;SPA17;B4GALT6;CNTN6;GRIK1;CACNA2D1;NFAT5;AQP7;NXPE3;IL7;NFX1;CAMTA1;ITIH3;ZNF134;WBP4;GNG4;GUCY2C;MDM2;TSPAN2;COL8A1;KRR1;TTN;IL16;NOVA1;CHRNB4;RUFY3;IPO9;PAX7;MPP3;ZNF266;DNAJC16;MAP2;MASP2;TLL1;LDB3;RBMXL1;COQ7;BRWD1;GCA;RPS6KA5;ELOVL6;MSH3;TRIM24;COL14A1;CLCN3;FRY;MON2;PIAS2;CAMK4;POLR3F;CALN1;COL19A1;DNAJC22;STAC;ATP10B;ATXN3;ZNF132;ULK2;PPM1E;DBT;MFN1;SLC4A8,"[178, 214, 288, 529, 542, 661, 806, 898, 1421, 1512, 1888, 2051, 2152, 2188, 2211, 2216, 2391, 2401, 2434, 2450, 2491, 2669, 2871, 3074, 3190, 3250, 3306, 3417, 3421, 3592, 3602, 3732, 3812, 3842, 3851, 3891, 4199, 4231, 4232, 4324, 4381, 4406, 4527, 4608, 4663, 4721, 4784, 4803, 4940, 4967, 4973, 4997, 5036, 5278, 5401, 5418, 5450, 5568, 5598, 5702, 5786, 5880, 5889, 5919, 5991, 6022, 6059, 6062, 6283, 6325, 6341, 6378, 6414, 6446, 6517, 6583, 6841, 6927, 6968, 7054, 7077, 7327, 7348, 7435, 7463, 7636, 7676, 7890, 7921, 7986, 8121, 8136, 8278, 8411, 8442, 8479, 8504, 8506, 8530, 8649, 8681, 8893, 8950, 8951, 8973, 8994, 9021, 9040, 9085, 9108, 9164, 9196, 9243, 9268, 9346, 9376, 9377, 9493, 9570, 9700, 9757, 9795, 9887, 9956, 9992, 10096, 10129, 10163, 10314, 10392, 10414, 10494, 10498, 10528, 10566, 10643, 10794, 10803, 10817, 10842, 10873, 10988, 11118, 11159, 11168, 11245, 11302, 11333, 11359, 11529, 11576, 11580, 11594, 11711, 11775, 11872, 11912, 11981, 12012, 12241, 12254, 12343, 12375, 12459, 12740, 12864, 12947, 13244, 13293, 13306, 13356, 13438, 13525, 13536, 13556, 13676, 13706, 13751, 13788, 13844, 13883, 13900, 13954, 14005, 14038, 14156, 14165, 14232, 14280, 14351, 14363, 14390, 14436, 14545, 14578, 14753, 14755, 14801, 14821, 14894, 14908, 15022, 15121, 15124, 15169, 15235, 15269, 15285, 15321, 15368, 15386, 15422, 15497, 15560, 15573, 15611, 15618, 15619, 15653, 15884, 15887, 15965, 16068, 16091, 16152, 16161, 16236, 16263, 16283, 16291, 16478, 16504, 16520, 16546, 16560, 16588, 16620, 16696, 16852, 16986, 17069, 17091, 17101, 17127, 17142, 17153, 17185, 17198, 17232, 17276, 17377, 17512]",c4.cgn__MORF_MLLT10
c4.cgn,MORF_MBD4,prerank,-0.44741701919643906,-1.5963447340100894,0.0,0.042988815723222246,0.671,28_79,28/79,28.14%,NDUFS1;CD47;PSMA3;MBD4;PRKAR1A;PPP6C;UBE4A;RNF115;PSMC2;PDCD6;RAB5A;DYNC1I2;MTDH;TMED2;SPTLC1;FAM20B;FAM120A;BAG5;YWHAB;UTP18;TBCA;ATP6AP2;GMFB;CANX;SRP19;SKP1;ENSA;MDH1,CTBP1;YY1;IST1;RALBP1;CFDP1;SETD3;CTCF;NDUFA1;COX4I1;STX16;AP2M1;PSMB4;COX5A;SEC13;NEDD8;CLEC18C;NDUFA2;RAD21;PPP1CA;HADHB;SUMO1;UQCRB;BUD31;PSMA4;DNPEP;COPB1;PSMC1;URI1;PPP1R7;COX7A2L;LAMP2;PSMD7;COPS5;SRP9;HSBP1;UGP2;URM1;GABARAPL2;UBR5;RNF6;RAD23B;EBAG9;CNBP;SAP18;EIF4E2;SMG7;ADAR;PSMC6;SLC35A1;HARS2;SYPL1;MDH1;ENSA;SKP1;SRP19;CANX;GMFB;ATP6AP2;TBCA;UTP18;YWHAB;BAG5;FAM120A;FAM20B;SPTLC1;TMED2;MTDH;DYNC1I2;RAB5A;PDCD6;PSMC2;RNF115;UBE4A;PPP6C;PRKAR1A;MBD4;PSMA3;CD47;NDUFS1,"[1410, 1746, 2898, 3283, 3420, 3687, 4074, 4429, 4836, 5441, 5915, 6246, 6389, 6603, 6619, 6675, 6766, 6793, 7117, 7160, 7337, 7480, 7503, 7762, 8312, 8333, 8434, 8694, 8862, 9100, 9133, 9152, 9312, 9423, 9489, 9502, 9506, 9518, 9528, 9586, 9640, 9785, 10132, 10222, 10288, 10715, 10871, 11615, 11863, 11994, 12089, 12589, 12665, 12689, 12777, 12788, 12898, 13252, 13459, 13717, 13801, 14353, 14417, 14668, 14836, 15290, 15416, 15533, 15603, 16075, 16078, 16450, 16474, 16622, 16685, 16724, 16801, 17045, 17390]",c4.cgn__MORF_MBD4
c4.cgn,GNF2_AF1Q,prerank,-0.5490824628134026,-1.5748018423586747,0.024734982332155476,0.04778941799410945,0.727,17_25,17/25,36.59%,PTPRD;ATP9A;GAD1;ANK2;DYNC1I1;STMN4;DCLK1;ADCY1;MYT1L;INA;GAP43;CLIP3;ASTN1;STMN2;MLLT11;RTN1;GPM6A,NCAN;CSPG5;TUBB;GNAO1;SOBP;KIF3C;RALYL;KIF5C;GPM6A;RTN1;MLLT11;STMN2;ASTN1;CLIP3;GAP43;INA;MYT1L;ADCY1;DCLK1;STMN4;DYNC1I1;ANK2;GAD1;ATP9A;PTPRD,"[5017, 5417, 5726, 6775, 6840, 8080, 8635, 10618, 11109, 11186, 11242, 11770, 11777, 11799, 12313, 12481, 13473, 13767, 13966, 14187, 14785, 15234, 16002, 16806, 16923]",c4.cgn__GNF2_AF1Q
c4.cgn,GNF2_LCAT,prerank,0.4065948125067203,1.5195455322046694,0.010438413361169102,0.048103414895676655,0.861,40_106,40/106,22.53%,SERPINF2;PROC;HP;SERPINC1;TMEM176A;PCK1;TMEM176B;APOA1;F10;DCXR;CFB;GSTM2;C3;ACOX2;ORM2;HPR;APOC2;RARRES2;HGFAC;HAMP;ZGPAT;GNMT;APOC4;SERPIND1;ALDH1L1;ASGR2;C8G;SERPING1;SLC27A5;FAH;CES1;FTCD;ATF5;SLC10A1;TMPRSS6;LCAT;ALDH4A1;AMBP;PXMP2;ECHS1,SERPINF2;PROC;HP;SERPINC1;TMEM176A;PCK1;TMEM176B;APOA1;F10;DCXR;CFB;GSTM2;C3;ACOX2;ORM2;HPR;APOC2;RARRES2;HGFAC;HAMP;ZGPAT;GNMT;APOC4;SERPIND1;ALDH1L1;ASGR2;C8G;SERPING1;SLC27A5;FAH;CES1;FTCD;ATF5;SLC10A1;TMPRSS6;LCAT;ALDH4A1;AMBP;PXMP2;ECHS1;HPD;F12;KHK;SLC22A7;APOC1;CYP4F12;SLC22A1;CEBPA;ANG;CYP27A1;HABP2;IGFALS;TAT;CYP4F2;TFR2;RDH16;HSD17B6;NNMT;CIDEB;APOA2;HPN;HAAO;CYP2D6;PEMT;F2;UPB1;ABCC6;TST;MAT1A;GSTM1;ITIH1;PON3;C4BPB;HRG;RBP4;HPX;CDHR5;SPP2;GAMT;AKR7A3;CYP4F11;APOF;SARDH;ITIH4;ASL;SLC25A10;PON1;SDS;SAA4;C6;AHSG;ADH6;CYP2C8;PIPOX;CYP2E1;CYP4A11;C4BPA;ITIH3;FETUB;GJB1;HMGCL;PKLR;MASP2;CYP2A6;GSTZ1;CES2,"[96, 364, 396, 470, 541, 572, 626, 666, 770, 918, 981, 1035, 1102, 1301, 1317, 1396, 2165, 2452, 2463, 2500, 2583, 2626, 2724, 2837, 3122, 3226, 3265, 3289, 3295, 3343, 3434, 3439, 3506, 3513, 3549, 3706, 3735, 3769, 3932, 3946, 4123, 4449, 4573, 4635, 4775, 4880, 5066, 5110, 5171, 5688, 5751, 6172, 6321, 6414, 6636, 6684, 6807, 6981, 7101, 7104, 7279, 7312, 7348, 7482, 7524, 7561, 7661, 7722, 7783, 8329, 8394, 8955, 9210, 9226, 9547, 9617, 9695, 9788, 9819, 10312, 10701, 10717, 11013, 11047, 11228, 11435, 11595, 11605, 12049, 13010, 13296, 13299, 13463, 13775, 14038, 14759, 14849, 15121, 15163, 15287, 15297, 15524, 16068, 16405, 16791, 17408]",c4.cgn__GNF2_LCAT
c4.cgn,GCM_FANCL,prerank,-0.5737655403332266,-1.5584636822097897,0.022018348623853212,0.04862053830705049,0.773,12_21,12/21,18.57%,NAA25;DMTF1;USP37;ZFP14;CCDC82;ZMYM2;ZNF655;ANKRD17;C2CD3;CRNKL1;ZNF512;CHTOP,NCOA5;REPIN1;NAA30;PATZ1;EPC2;FANCL;NAB1;SS18L1;LUC7L3;CHTOP;ZNF512;CRNKL1;C2CD3;ANKRD17;ZNF655;ZMYM2;CCDC82;ZFP14;USP37;DMTF1;NAA25,"[1326, 1665, 7412, 7785, 9355, 12124, 12337, 12794, 13644, 14266, 14411, 14459, 14464, 14611, 14705, 14740, 14862, 16319, 16672, 16907, 17300]",c4.cgn__GCM_FANCL
c4.cgn,GCM_RAD21,prerank,-0.5091173502430083,-1.5756446622956357,0.022058823529411766,0.04878767861180445,0.724,13_36,13/36,18.53%,LRPPRC;KHDRBS1;HMGN1;YWHAQ;NAE1;TPR;BCLAF1;HNRNPA1;HNRNPU;NCL;YWHAZ;SRSF2;DYRK1A,PCBP1;SRSF4;TCP1;HCFC1;MAZ;CTCF;SRP14;NONO;HNRNPM;RAD21;NAP1L1;SUMO1;PSMD11;SUMO2;SET;COPS5;TCEA1;TRA2B;ILF2;DDX5;APEX1;HTATSF1;EIF4G2;DYRK1A;SRSF2;YWHAZ;NCL;HNRNPU;HNRNPA1;BCLAF1;TPR;NAE1;YWHAQ;HMGN1;KHDRBS1;LRPPRC,"[1366, 1916, 2233, 2400, 3840, 4074, 4885, 5890, 5926, 6793, 7021, 7337, 7716, 7732, 7850, 9312, 9794, 10366, 10675, 11020, 12075, 12287, 12560, 14273, 14385, 14665, 14777, 15455, 15588, 15650, 15832, 16265, 16842, 16952, 17248, 17309]",c4.cgn__GCM_RAD21
c4.cgn,GCM_DEAF1,prerank,-0.539003512857581,-1.5623682859257886,0.022641509433962263,0.04892104236740204,0.761,14_26,14/26,22.26%,DDHD2;FBXO9;TRIM44;USP33;DCUN1D4;TMEM30A;GPR107;RAB14;UBQLN1;G3BP2;DNAJB14;NAPG;FOXJ2;HERC2,TMEM184B;GPR153;UBQLN2;DEAF1;MAPK8IP3;FAM219A;FBXW11;MOAP1;YWHAG;UBE2K;RAPGEF2;FAM168B;HERC2;FOXJ2;NAPG;DNAJB14;G3BP2;UBQLN1;RAB14;GPR107;TMEM30A;DCUN1D4;USP33;TRIM44;FBXO9;DDHD2,"[897, 3445, 5194, 5255, 6821, 7303, 10709, 11002, 11291, 12419, 12603, 12738, 13619, 13973, 14122, 14585, 14644, 14692, 15080, 15507, 15754, 16067, 16101, 16325, 16334, 17275]",c4.cgn__GCM_DEAF1
c4.cgn,GCM_DDX5,prerank,-0.45043327133657185,-1.5640698767624062,0.009174311926605505,0.04919935423927727,0.754,23_64,23/64,22.86%,RBM3;KHDRBS1;HMGN1;DDX18;YWHAQ;EIF4H;USP14;NUP153;BCLAF1;HNRNPA1;HNRNPU;PNN;NCL;YWHAZ;RABGGTB;CAPRIN1;SRSF2;HNRNPD;DYRK1A;DHX9;ZNHIT3;FUS;SLC25A3,PCBP1;SRSF4;TCP1;AFF1;PTGES3;CBFB;RAF1;DNTTIP2;SMARCC1;MAZ;PSMD6;COL16A1;SRP14;MSN;HNRNPH1;NONO;HNRNPM;MAPRE1;RAD21;ESD;NAP1L1;HNRNPA2B1;SUMO2;SET;COPB1;SSR1;ARHGEF7;RB1CC1;DDX39B;USP7;TCEA1;SPG7;HNRNPL;TAF9;TIMM17A;TRA2B;SF1;DDX5;HTATSF1;EIF4G2;SRSF5;SLC25A3;FUS;ZNHIT3;DHX9;DYRK1A;HNRNPD;SRSF2;CAPRIN1;RABGGTB;YWHAZ;NCL;PNN;HNRNPU;HNRNPA1;BCLAF1;NUP153;USP14;EIF4H;YWHAQ;DDX18;HMGN1;KHDRBS1;RBM3,"[1366, 1916, 2233, 2242, 2761, 3010, 3033, 3414, 3733, 3840, 4459, 4683, 4885, 5230, 5823, 5890, 5926, 6230, 6793, 6955, 7021, 7153, 7732, 7850, 8333, 8485, 8537, 8973, 9247, 9680, 9794, 9934, 9987, 10023, 10170, 10366, 10998, 11020, 12287, 12560, 12755, 13514, 13643, 13710, 14245, 14273, 14319, 14385, 14425, 14514, 14665, 14777, 15425, 15455, 15588, 15650, 16065, 16314, 16697, 16842, 16843, 16952, 17248, 17249]",c4.cgn__GCM_DDX5
c4.cgn,MORF_BRCA1,prerank,-0.3773050392557956,-1.5587250318299064,0.0,0.049650887552500876,0.773,80_232,80/232,24.40%,SLC4A8;NF1;MFN1;PPP1R12B;SNX4;ATXN3;STAC;LPGAT1;COL19A1;EN2;POLR3F;CAMK4;PIAS2;ZNF500;TRIM24;MSH3;TAF2;RPS6KA5;BRWD1;TPP2;COQ7;RBMXL1;ESR1;GSS;CLPX;MAP2;DIMT1;NR2C1;DNAJC16;ZNF266;KAZN;TAF5L;RECQL;PAX7;IPO9;IL16;KRR1;TSPAN2;MDM2;GNG4;WBP4;ZNF134;ITIH3;REV3L;NEK2;NFX1;KLHDC10;NXPE3;AQP7;NFAT5;ZNF200;KIAA0586;SPA17;MAD2L1;ERC1;PIK3C2A;ZNF33B;STARD5;HABP4;SIGMAR1;MGA;CYP2E1;LEPROTL1;EPHB2;HSPA13;AMMECR1;ATP6V0A2;GABRB2;ARFGEF2;GLE1;PIK3CB;TTLL4;SPAST;BARX2;PGM3;ZNF157;SLC33A1;CADM4;KRT86;PAXIP1,UPK1A;NPFF;PPP1R3D;INPP5E;RREB1;TMEM184B;TBX19;PPP1R1A;RUNX1;NMT1;DNA2;CTRL;CFH;ZBTB40;CNKSR1;HIC2;FOSL1;CCNF;IRS2;TMEM11;MSL3;COX6A2;NCKIPSD;ZBTB22;HNF1A;SLC2A1;IKBKE;NTNG2;NRTN;NRP2;RXRG;BCL2L11;IL11RA;KLHL18;FPR2;USP20;GRIK5;LTBP4;CPSF4;TBC1D22A;PDE6A;DKK4;PLEKHB1;ZNF202;SULT2B1;POFUT2;GTSE1;SLC4A3;DTNA;RAP1A;PPP5C;TAF5;GPR19;MKI67;AMFR;POU6F2;NR1I2;SLC22A6;NMT2;S100A5;ARL3;CSTF3;SLC6A11;ARHGAP11A;PVR;NKRF;ATP8B1;CAMK2G;RUNX2;ZBTB33;SMYD5;POU6F1;SLC16A5;SUPT3H;POLA1;C1orf216;DPT;PCF11;PHF10;BNIP1;KLRC4;FGF18;ATF2;IL13;PDE4D;SPRED2;NR3C2;FANCI;BRCA1;PIGF;ABCC8;STAG1;RFC5;POP4;FIG4;ELAVL2;RB1CC1;ADCY3;SURF2;YAF2;RAD51D;HTR7;CETN3;MC5R;CDK8;ZNF133;PSMF1;SULT4A1;PRKACA;FOXD1;PAX9;CPEB3;PDK3;GPR18;GNPAT;CPB2;RRP9;CDC73;SYT5;MLLT10;FRYL;CYP11A1;LY9;AFF2;UBE4B;ABCB10;TFDP2;POLR2K;PPP2R5B;CDYL;ZBTB14;PHLDB1;COLGALT2;NOS2;EXTL3;CELA2B;INSIG2;TANC2;CHD9;FNTB;TTLL5;EP400;ABCB9;ATRX;GJB5;CRHR1;TTI1;SMG1;ERCC4;ADAM20;GPATCH8;SYNJ2;PAXIP1;KRT86;CADM4;SLC33A1;ZNF157;PGM3;BARX2;SPAST;TTLL4;PIK3CB;GLE1;ARFGEF2;GABRB2;ATP6V0A2;AMMECR1;HSPA13;EPHB2;LEPROTL1;CYP2E1;MGA;SIGMAR1;HABP4;STARD5;ZNF33B;PIK3C2A;ERC1;MAD2L1;SPA17;KIAA0586;ZNF200;NFAT5;AQP7;NXPE3;KLHDC10;NFX1;NEK2;REV3L;ITIH3;ZNF134;WBP4;GNG4;MDM2;TSPAN2;KRR1;IL16;IPO9;PAX7;RECQL;TAF5L;KAZN;ZNF266;DNAJC16;NR2C1;DIMT1;MAP2;CLPX;GSS;ESR1;RBMXL1;COQ7;TPP2;BRWD1;RPS6KA5;TAF2;MSH3;TRIM24;ZNF500;PIAS2;CAMK4;POLR3F;EN2;COL19A1;LPGAT1;STAC;ATXN3;SNX4;PPP1R12B;MFN1;NF1;SLC4A8,"[206, 214, 313, 557, 806, 897, 898, 1271, 1384, 1591, 1690, 1888, 2051, 2152, 2173, 2184, 2188, 2271, 2357, 2391, 2401, 2434, 2826, 2968, 3074, 3156, 3163, 3250, 3421, 3520, 3602, 3812, 3842, 3930, 4171, 4231, 4406, 4551, 4602, 4963, 5036, 5202, 5278, 5418, 5450, 5465, 5480, 5491, 5512, 5616, 5644, 5667, 5702, 5891, 5936, 5991, 6022, 6062, 6112, 6325, 6378, 6385, 6443, 6471, 6517, 6541, 6583, 6774, 6841, 6927, 6985, 7077, 7299, 7327, 7340, 7435, 7501, 7649, 7676, 7890, 7921, 8121, 8136, 8159, 8278, 8388, 8411, 8465, 8479, 8497, 8504, 8530, 8556, 8847, 8855, 8893, 8973, 9021, 9085, 9125, 9164, 9170, 9250, 9268, 9311, 9364, 9367, 9376, 9427, 9543, 9570, 9700, 9801, 9887, 9936, 9992, 10037, 10314, 10414, 10494, 10503, 10566, 10570, 10687, 10794, 10803, 10817, 10988, 11118, 11159, 11245, 11333, 11529, 11576, 11588, 11775, 11808, 11872, 11886, 11981, 12082, 12087, 12189, 12221, 12241, 12254, 12297, 12317, 12343, 12375, 12947, 13003, 13244, 13293, 13306, 13356, 13438, 13525, 13536, 13551, 13609, 13676, 13788, 13844, 13883, 13900, 13954, 13994, 14005, 14017, 14038, 14232, 14235, 14236, 14247, 14280, 14351, 14363, 14365, 14390, 14502, 14681, 14755, 14801, 14821, 14906, 14908, 14911, 14926, 15121, 15124, 15169, 15235, 15285, 15321, 15386, 15497, 15618, 15619, 15634, 15683, 15694, 15884, 15887, 15904, 15949, 15965, 16063, 16076, 16134, 16161, 16236, 16261, 16263, 16291, 16345, 16504, 16520, 16545, 16696, 16852, 16986, 17046, 17091, 17124, 17127, 17153, 17319, 17335, 17377, 17391, 17512]",c4.cgn__MORF_BRCA1
c4.cgn,MORF_ITGA2,prerank,-0.4999005226006125,-1.567992159911293,0.014953271028037384,0.04987985405148985,0.747,13_42,13/42,12.28%,SLC4A8;DBT;ZNF132;STAC;DNAJC22;COL19A1;CLCN3;COL14A1;LDB3;TLL1;MAP2;ITGA2;COL8A1,IFNA2;NPFF;RREB1;GPR171;NHEJ1;CXCL5;LGI1;ADAMTSL3;HEPH;SUPT3H;NR3C2;SLC6A2;ST8SIA1;EXOC4;RAD51D;CD8A;EYA1;IFNA8;VSTM4;CDC73;DMD;PTPRB;FBXL4;TANC2;OPCML;GLRA3;CADM4;SPA17;IL7;COL8A1;ITGA2;MAP2;TLL1;LDB3;COL14A1;CLCN3;COL19A1;DNAJC22;STAC;ZNF132;DBT;SLC4A8,"[178, 214, 806, 2871, 3592, 3891, 4940, 5401, 6400, 7327, 8411, 8506, 8649, 8951, 9164, 9346, 9505, 9616, 10103, 10314, 10392, 10643, 11580, 11872, 12443, 12459, 13306, 14390, 14894, 15368, 15635, 15965, 16091, 16152, 16546, 16560, 17091, 17101, 17127, 17185, 17276, 17512]",c4.cgn__MORF_ITGA2
c4.cgn,GCM_MLL,prerank,-0.389741358593734,-1.5476041030097691,0.001953125,0.049925667667747184,0.812,60_161,60/161,24.28%,BOD1L1;TTC14;NAA25;RBM25;MTMR7;PTCD3;ZNF529;USP9X;NUP133;EPM2AIP1;U2SURP;TUBGCP4;DHX36;TIA1;KLHL11;BPTF;TAF9B;ATG2B;DDX47;MTMR4;MTPN;CUL5;USP33;OTUD6B;RPL7L1;SENP7;TRAPPC6B;IPO9;CLK4;SIN3A;DYNC1I2;C2CD5;WDR70;ANKRA2;BRD9;TTC17;ACTR10;ZNF84;ISCA1;ZFAND5;APBB3;EXOC5;ZNF512;FAN1;PPIG;CHTOP;RBM8A;ZNF292;HNRNPR;UBE2N;NFYA;PRKRA;TMEM106B;LUC7L3;PAFAH1B2;CHAMP1;AARS2;IPO5;PRDM4;LEMD3,SPECC1L;ATG4B;MEPCE;MOB4;NXF1;NCOA5;BAHD1;SMAD7;SUFU;RABL2B;ZNF384;MED17;ASB3;SAFB;ING4;HNRNPH3;METTL17;RBM4B;PKNOX1;MAEA;HGS;ZBTB22;INTS5;PATL1;CREBRF;NF2;TUT1;RNF8;SH2B1;ZNF212;CNPPD1;CSRNP2;IQCK;CLEC16A;CNOT6;PHF2;CASP2;TBCK;VPS26B;SAP130;TBC1D22B;ZNF274;USP19;CELF1;ABHD16A;SLC41A3;IDH3G;PGRMC2;BAZ2A;MTMR3;PACS2;ANKRD10;DFFA;PCF11;TBC1D10B;COQ10A;GPBP1;C1orf52;PRPF8;FOXO3;AAAS;GFM2;TMEM245;ZMIZ1;MSL1;ASCC1;TNPO1;TNPO2;EPC2;NUMA1;TEX261;CS;ANKRD12;SLC25A29;GSPT1;MORF4L1;TARDBP;ZNF644;UBR7;CREB1;POGZ;COMMD9;ZNF286A;KDM3B;KAT6B;THUMPD1;MICU1;TEFM;CHD9;JKAMP;FNTB;RABGEF1;PRRC2B;UPF3A;SMG1;DENND4A;VPS53;WDR19;FAM168B;FBXL20;OCIAD1;LEMD3;PRDM4;IPO5;AARS2;CHAMP1;PAFAH1B2;LUC7L3;TMEM106B;PRKRA;NFYA;UBE2N;HNRNPR;ZNF292;RBM8A;CHTOP;PPIG;FAN1;ZNF512;EXOC5;APBB3;ZFAND5;ISCA1;ZNF84;ACTR10;TTC17;BRD9;ANKRA2;WDR70;C2CD5;DYNC1I2;SIN3A;CLK4;IPO9;TRAPPC6B;SENP7;RPL7L1;OTUD6B;USP33;CUL5;MTPN;MTMR4;DDX47;ATG2B;TAF9B;BPTF;KLHL11;TIA1;DHX36;TUBGCP4;U2SURP;EPM2AIP1;NUP133;USP9X;ZNF529;PTCD3;MTMR7;RBM25;NAA25;TTC14;BOD1L1,"[98, 151, 528, 997, 1036, 1326, 1484, 1659, 1875, 2175, 2263, 2333, 2461, 2532, 2621, 2651, 2732, 2778, 2836, 2909, 2925, 2968, 3410, 3437, 3501, 3658, 3809, 4005, 4052, 4258, 4405, 4957, 5004, 5143, 5221, 5659, 6081, 6085, 6170, 6291, 6309, 6370, 6412, 6567, 6745, 6919, 7002, 7214, 7234, 7235, 7259, 7456, 7631, 7649, 7764, 7905, 7910, 7934, 7992, 8003, 8169, 8200, 8286, 8299, 8368, 8883, 8972, 9233, 9355, 9366, 9412, 9436, 9484, 9583, 9773, 9976, 10154, 10254, 10306, 10478, 10813, 10931, 11007, 11224, 11325, 11360, 11679, 11858, 11886, 11968, 11981, 12006, 12128, 12213, 12317, 12390, 12509, 12653, 12738, 12920, 13049, 13265, 13341, 13385, 13403, 13414, 13515, 13644, 13680, 13697, 14044, 14060, 14083, 14095, 14188, 14266, 14267, 14343, 14411, 14430, 14445, 14591, 14639, 14654, 14687, 14781, 15128, 15333, 15367, 15522, 15533, 15543, 15591, 15618, 15751, 15848, 15918, 16071, 16101, 16145, 16188, 16200, 16226, 16230, 16286, 16356, 16701, 16708, 16832, 16889, 16908, 17018, 17025, 17064, 17072, 17073, 17160, 17217, 17300, 17307, 17376]",c4.cgn__GCM_MLL
c4.cgn,MORF_IL16,prerank,-0.38333857364848745,-1.5759690607520016,0.0018832391713747645,0.04992868768200278,0.724,65_202,65/202,24.40%,SLC4A8;NF1;MFN1;DBT;ATXN3;ATP10B;LPGAT1;COL19A1;EN2;POLR3F;CAMK4;MON2;CLCN3;ZNF500;TRIM24;MSH3;RPS6KA5;COQ7;RBMXL1;ESR1;NR2C1;DNAJC16;ZNF266;GPLD1;IPO9;IL16;IL5;KRR1;COL8A1;TSPAN2;MDM2;GUCY2C;GNG4;WBP4;ZNF134;ITIH3;NXPE3;AQP7;NFAT5;CACNA2D1;ZNF200;GRIK1;SPA17;ERC1;PIK3C2A;ZNF33B;TPD52;CYP2E1;EPHB2;AMMECR1;ATP6V0A2;GABRB2;ARFGEF2;GLE1;EDIL3;PCM1;PIK3CB;BICD1;BARX2;PGM3;ZNF157;SLC33A1;CADM4;KRT86;PAXIP1,NPFF;RREB1;TBX19;PPP1R1A;ZNF141;SLC18A1;CTRL;CFH;ZBTB40;FOSL1;TMEM11;MSL3;COX6A2;SPATA2;GPR171;ZBTB22;HNF1A;SLC2A1;ABCB1;NTNG2;CASP10;SGPL1;NRTN;NRP2;NHEJ1;RXRG;BCL2L11;IL11RA;CXCL5;KLHL18;GHRHR;GRIK5;GCM1;LTBP4;HTR1E;PAX6;TBX5;TBC1D22A;FAM13A;AMOT;PDE6A;PLEKHB1;ADAMTSL3;ZNF202;SULT2B1;POFUT2;SLC4A3;FZD5;GPR19;TMEM26;POU6F2;NR1I2;SLC22A6;NMT2;KCNA5;ARL3;CYP4F2;SLC6A11;PVR;OPRL1;ATP8B1;RUNX2;ZBTB33;SIM2;ASB4;POU6F1;SUPT3H;CYP2D6;C1orf216;PHF10;BNIP1;KLRC4;JRKL;FGF18;ATF2;IL13;ITIH1;NR3C2;BRCA1;KNG1;ABCC8;SLC6A2;TENM4;FIG4;ELAVL2;EXOC4;RB1CC1;ADCY3;SURF2;RAD51D;MC5R;ZNF133;SULT4A1;FAS;PAX9;CPEB3;GPR18;RYR3;CPB2;KDR;CDC73;SYT5;MLLT10;SLC46A3;FRYL;PTEN;CYP11A1;LY9;PTPRB;AFF2;UBE4B;ABCB10;TFDP2;PRKCA;POLR2K;PPP2R5B;CDYL;HCRTR2;ZBTB14;PHLDB1;MAGEA8;COLGALT2;NOS2;FBXL4;SGCD;R3HCC1L;CELA2B;TANC2;FSHR;FNTB;GJB5;CRHR1;RAP2C;ERCC4;ADAM20;RORB;GPATCH8;PAXIP1;KRT86;CADM4;SLC33A1;ZNF157;PGM3;BARX2;BICD1;PIK3CB;PCM1;EDIL3;GLE1;ARFGEF2;GABRB2;ATP6V0A2;AMMECR1;EPHB2;CYP2E1;TPD52;ZNF33B;PIK3C2A;ERC1;SPA17;GRIK1;ZNF200;CACNA2D1;NFAT5;AQP7;NXPE3;ITIH3;ZNF134;WBP4;GNG4;GUCY2C;MDM2;TSPAN2;COL8A1;KRR1;IL5;IL16;IPO9;GPLD1;ZNF266;DNAJC16;NR2C1;ESR1;RBMXL1;COQ7;RPS6KA5;MSH3;TRIM24;ZNF500;CLCN3;MON2;CAMK4;POLR3F;EN2;COL19A1;LPGAT1;ATP10B;ATXN3;DBT;MFN1;NF1;SLC4A8,"[214, 806, 898, 1271, 1512, 1763, 1888, 2051, 2152, 2188, 2391, 2401, 2434, 2450, 2871, 2968, 3074, 3156, 3190, 3250, 3306, 3417, 3421, 3520, 3592, 3602, 3812, 3842, 3891, 3930, 4232, 4406, 4527, 4551, 4721, 4803, 4864, 4963, 4967, 4997, 5036, 5278, 5401, 5418, 5450, 5465, 5491, 5568, 5702, 5880, 5991, 6022, 6062, 6112, 6341, 6378, 6414, 6443, 6517, 6582, 6583, 6841, 6927, 6968, 7051, 7077, 7327, 7348, 7435, 7676, 7890, 7921, 7986, 8121, 8136, 8159, 8394, 8411, 8479, 8499, 8504, 8506, 8681, 8855, 8893, 8951, 8973, 9021, 9085, 9164, 9268, 9364, 9376, 9493, 9570, 9700, 9887, 9956, 9992, 10163, 10314, 10414, 10494, 10498, 10503, 10528, 10566, 10570, 10643, 10687, 10794, 10803, 10817, 10873, 10988, 11118, 11159, 11168, 11245, 11333, 11359, 11529, 11576, 11580, 11594, 11711, 11775, 11872, 11912, 11981, 12241, 12254, 12334, 12343, 12375, 12864, 12947, 13244, 13293, 13306, 13356, 13438, 13525, 13536, 13540, 13676, 13706, 13751, 13788, 13844, 13883, 13900, 13954, 14005, 14038, 14165, 14280, 14351, 14363, 14390, 14578, 14681, 14753, 14755, 14801, 14821, 15121, 15124, 15169, 15235, 15269, 15285, 15321, 15368, 15386, 15390, 15497, 15618, 15817, 15884, 15887, 15904, 16134, 16161, 16236, 16291, 16504, 16520, 16545, 16560, 16620, 16852, 16986, 17046, 17091, 17124, 17142, 17153, 17276, 17377, 17391, 17512]",c4.cgn__MORF_IL16
c4.cgn,GCM_CHUK,prerank,-0.4464703535964625,-1.5649480970355014,0.001949317738791423,0.05005212524028379,0.753,22_70,22/70,15.93%,BOD1L1;RBM25;MTMR7;PTCD3;SPDL1;YME1L1;SUMF2;TMX3;TAF9B;UBE2G1;DDX47;MTMR4;MTPN;OTUD6B;TSNAX;RPL7L1;SIN3A;ANAPC5;PSME3;STAMBP;SPTLC1;PCNP,POLDIP3;MOB4;NXF1;ING1;ALKBH5;MRPS5;GNA13;TADA2B;MED17;METTL17;NF2;KLHL18;SH2B1;TMED5;ACOT8;FOXN3;TBC1D22B;ZNF274;EIF4EBP2;ABHD16A;CCAR1;DCLRE1C;PCF11;SLTM;TBC1D10B;COQ10A;GPBP1;C1orf52;PRPF8;GFM2;ASCC1;TEX261;CS;TMEM167B;MORF4L1;UBR7;COMMD9;TBC1D14;TOR1AIP1;CHD9;CAB39;CHUK;DENND4A;DENR;FBXL20;OCIAD1;LEMD3;IPO5;PCNP;SPTLC1;STAMBP;PSME3;ANAPC5;SIN3A;RPL7L1;TSNAX;OTUD6B;MTPN;MTMR4;DDX47;UBE2G1;TAF9B;TMX3;SUMF2;YME1L1;SPDL1;PTCD3;MTMR7;RBM25;BOD1L1,"[608, 997, 1036, 1121, 1315, 1772, 1948, 2187, 2333, 2732, 3658, 3930, 4052, 4616, 5361, 6260, 6309, 6370, 6420, 6745, 6940, 7037, 7649, 7655, 7764, 7905, 7910, 7934, 7992, 8200, 8883, 9412, 9436, 9727, 9976, 10306, 10931, 11174, 11774, 11886, 11898, 12017, 12390, 12426, 12920, 13049, 13265, 13385, 14729, 14836, 14885, 14933, 15267, 15543, 15918, 16017, 16071, 16188, 16200, 16226, 16250, 16286, 16323, 16397, 16459, 16468, 17073, 17160, 17217, 17376]",c4.cgn__GCM_CHUK
c4.cgn,MORF_EIF4E,prerank,-0.43684846525377324,-1.5793734678745277,0.0037174721189591076,0.0500684472306088,0.718,25_82,25/82,14.52%,LANCL1;GTF2H3;SEC63;ZMYM4;DDX18;EIF4E;IMMT;NUP93;NUFIP1;TAF2;USP14;TPP2;GNL2;CLPX;NUDT13;DIMT1;DDX46;PEX3;PMS1;DLAT;HMGN4;RTCA;AFG3L2;SUCLA2;IDH3A,NELFA;TFAP4;CDK11A;BAHD1;NUP62;TRIM27;DDX39A;CCNF;IFRD2;CCT4;ACTL6A;CPSF4;MMS19;NUP188;MZF1;PSMD3;LARS2;NFRKB;RAP1A;EIF5B;KATNA1;CSTF3;RUVBL1;NKRF;SGTA;CTR9;POLA1;GRB10;RANBP2;DNAJC7;CEBPZ;NDUFAF1;NXT2;CLP1;GTF2A2;HDAC2;HNRNPL;BMS1;KDM3B;PTPN7;THOC2;AIMP1;GLMN;TTI1;METAP1;ABCF1;COQ2;EXTL2;INTS10;ANP32E;MFN2;CDC7;SFSWAP;OARD1;XPO6;RFC1;ANKRD17;IDH3A;SUCLA2;AFG3L2;RTCA;HMGN4;DLAT;PMS1;PEX3;DDX46;DIMT1;NUDT13;CLPX;GNL2;TPP2;USP14;TAF2;NUFIP1;NUP93;IMMT;EIF4E;DDX18;ZMYM4;SEC63;GTF2H3;LANCL1,"[652, 951, 1106, 1484, 1525, 1611, 2153, 2271, 2668, 3049, 3778, 4602, 4778, 4837, 4955, 4956, 5131, 5498, 5616, 5863, 6086, 6385, 6513, 6541, 6999, 7281, 7340, 7360, 8103, 8324, 8695, 8747, 8881, 8937, 9282, 9498, 9987, 10848, 11224, 11431, 11660, 11722, 12199, 12297, 12552, 12704, 12821, 12841, 12978, 13005, 13019, 13361, 13427, 13625, 13847, 14088, 14611, 14975, 15029, 15046, 15264, 15558, 15682, 15684, 15712, 15870, 15949, 15951, 16063, 16231, 16261, 16314, 16345, 16375, 16383, 16491, 16760, 16843, 16898, 16970, 17089, 17264]",c4.cgn__MORF_EIF4E
c4.cgn,MORF_CAMK4,prerank,-0.36648017892683304,-1.5482481176629956,0.0,0.05041825715961973,0.807,74_238,74/238,24.43%,SLC4A8;HTR2C;PPP1R12B;DBT;PPM1E;ULK2;ZNF132;ATXN3;ATP10B;STAC;LPGAT1;DNAJC22;COL19A1;CALN1;CAMK4;MAGI1;MON2;PAPPA2;CLCN3;COL14A1;TRIM24;MSH3;RPS6KA5;GCA;COQ7;RBMXL1;LDB3;TLL1;MAP2;DNAJC16;ZNF266;GPLD1;MPP3;CDH8;PAX7;IPO9;CDC42BPA;NOVA1;IL16;STXBP5L;IL5;COL8A1;MDM2;GUCY2C;GNG4;WBP4;ZNF134;ITIH3;IL7;NXPE3;AQP7;CACNA2D1;GRIK1;B4GALT6;SPA17;ERC1;ATP2B2;ZNF33B;LECT2;CYP2E1;EPHB2;AMMECR1;GABRB2;GLE1;EDIL3;PCM1;THPO;PGM3;ZNF157;SLC33A1;CADM4;KRT86;PAXIP1;RGS7,NPFF;TPD52L1;DMPK;LRP4;RREB1;TBX19;GMPR;NR2F1;PPP1R1A;BRD4;ZNF141;CTRL;CFH;THRA;ZBTB40;FOSL1;FGF2;F2RL3;MSL3;COX6A2;SPATA2;COL4A4;GPR171;KCNN3;HNF1A;MAP2K7;ABCB1;NTNG2;SGPL1;LILRA4;NHEJ1;RXRG;RYR1;MPZL1;BCL2L11;IL11RA;CXCL5;NPAS2;GHRHR;BIRC5;CTSB;GCM1;ATF6B;SRPK3;CDH4;HTR1E;FUT1;PAX6;LGI1;FAM13A;SCN7A;PDE6A;PLEKHB1;KLHL23;ADAMTSL3;ZNF202;FZD5;OCM;GPR19;CDR1;TMEM26;NR1I2;PSD;SLC22A6;NEB;S100A5;KCNA5;ARL3;HEPH;HSD3B2;PVR;ATP8B1;RUNX2;SIM2;ASB4;POU6F1;SUPT3H;CYP2D6;HOXB7;PDCD1;LILRA1;PHF10;RBMS3;ROR2;NEDD4L;KLRC4;JRKL;FGF18;ATF2;CYP2C19;TRIO;PDE4D;NR3C2;IL4;CCIN;BRCA1;KNG1;ABCC8;SLC6A2;ST8SIA1;TENM4;ELAVL2;NOL4;EXOC4;RB1CC1;DRD1;IFNA1;SURF2;FLRT2;RAD51D;F2RL1;DAZL;MC5R;CD8A;SULT4A1;AKAP3;FAS;PAX9;CPEB3;GPR18;RYR3;CPB2;TACC2;TNK1;KDR;ENOX2;CDC73;SLC26A4;DMD;SYT5;MLLT10;SLC46A3;CYP11A1;PTPRB;UBE4B;ABCB10;TFDP2;ITGBL1;PRKCA;ECM2;PPP2R5B;HCRTR2;ZBTB14;SMYD3;PHLDB1;MAGEA8;COLGALT2;NOS2;FBXL4;SGCD;R3HCC1L;TANC2;FSHR;FNTB;USP46;OTC;GJB5;CRHR1;ERCC4;ADAM20;GLRA3;MYT1;SOAT2;RORB;RGS7;PAXIP1;KRT86;CADM4;SLC33A1;ZNF157;PGM3;THPO;PCM1;EDIL3;GLE1;GABRB2;AMMECR1;EPHB2;CYP2E1;LECT2;ZNF33B;ATP2B2;ERC1;SPA17;B4GALT6;GRIK1;CACNA2D1;AQP7;NXPE3;IL7;ITIH3;ZNF134;WBP4;GNG4;GUCY2C;MDM2;COL8A1;IL5;STXBP5L;IL16;NOVA1;CDC42BPA;IPO9;PAX7;CDH8;MPP3;GPLD1;ZNF266;DNAJC16;MAP2;TLL1;LDB3;RBMXL1;COQ7;GCA;RPS6KA5;MSH3;TRIM24;COL14A1;CLCN3;PAPPA2;MON2;MAGI1;CAMK4;CALN1;COL19A1;DNAJC22;LPGAT1;STAC;ATP10B;ATXN3;ZNF132;ULK2;PPM1E;DBT;PPP1R12B;HTR2C;SLC4A8,"[214, 288, 529, 661, 806, 898, 906, 1093, 1271, 1421, 1512, 1888, 2051, 2052, 2152, 2188, 2211, 2216, 2401, 2434, 2450, 2709, 2871, 3048, 3074, 3121, 3190, 3250, 3417, 3572, 3592, 3602, 3704, 3732, 3812, 3842, 3891, 4199, 4232, 4324, 4381, 4527, 4537, 4608, 4663, 4721, 4784, 4803, 4940, 4967, 4973, 5036, 5278, 5344, 5401, 5418, 5568, 5598, 5702, 5786, 5880, 6022, 6059, 6062, 6283, 6325, 6341, 6378, 6400, 6446, 6517, 6583, 6841, 6968, 7051, 7077, 7327, 7348, 7372, 7552, 7636, 7676, 7701, 7746, 7756, 7921, 7986, 8121, 8136, 8163, 8219, 8278, 8411, 8442, 8478, 8479, 8499, 8504, 8506, 8649, 8681, 8893, 8950, 8951, 8973, 8994, 9040, 9085, 9108, 9164, 9196, 9243, 9268, 9346, 9376, 9377, 9493, 9570, 9700, 9887, 9956, 9992, 10096, 10129, 10163, 10290, 10314, 10356, 10392, 10414, 10494, 10498, 10566, 10643, 10794, 10803, 10817, 10842, 10873, 10963, 11118, 11168, 11245, 11302, 11333, 11359, 11529, 11576, 11580, 11594, 11711, 11872, 11912, 11981, 12012, 12240, 12241, 12254, 12343, 12375, 12459, 12740, 12861, 12864, 13240, 13244, 13293, 13306, 13356, 13438, 13525, 13556, 13706, 13751, 13788, 13883, 13954, 14005, 14038, 14156, 14280, 14287, 14363, 14390, 14436, 14578, 14753, 14801, 14821, 14894, 15121, 15124, 15169, 15235, 15269, 15285, 15368, 15390, 15481, 15497, 15560, 15610, 15618, 15619, 15633, 15653, 15817, 15884, 15887, 15965, 16091, 16152, 16161, 16236, 16283, 16291, 16504, 16520, 16546, 16560, 16586, 16620, 16752, 16852, 17069, 17091, 17101, 17124, 17127, 17142, 17153, 17185, 17198, 17232, 17276, 17335, 17447, 17512]",c4.cgn__MORF_CAMK4
c4.cgn,GNF2_DNM1,prerank,-0.44422113704248706,-1.5488817456339385,0.00390625,0.05132789241442985,0.806,39_74,39/74,39.53%,SYT11;RPH3A;RCAN2;ZNF365;PSD3;NRN1;CAMTA1;PREPL;ATP6V1G2;NMNAT2;DIRAS2;ATP2B2;NUAK1;SV2B;KCNQ2;CORO2B;GABRA1;ARNT2;SNAP25;RGS7;ARHGEF9;RBFOX1;SYT1;GAP43;NDRG4;CAMK2N1;VSNL1;CLIP3;NAP1L2;SLC12A5;MAPT;NPTXR;GABBR2;PNMA2;STXBP1;NAP1L3;OLFM1;KIF5C;EPB41L1,SLC1A3;SLC22A17;CAMK2B;FAIM2;TMEM59L;SYN1;RUNDC3A;FXYD7;CA11;PGBD5;TYRO3;GDI1;PHYHIP;SNCB;CTNND2;YWHAH;DNM1;TAGLN3;TSPAN7;CAMK2A;RALYL;SH3GL2;AMPH;RAB6B;RAB3A;SULT4A1;CHN1;MAP1A;SLC17A7;SV2A;VAMP2;GNG3;SNAP91;EHD3;BSN;EPB41L1;KIF5C;OLFM1;NAP1L3;STXBP1;PNMA2;GABBR2;NPTXR;MAPT;SLC12A5;NAP1L2;CLIP3;VSNL1;CAMK2N1;NDRG4;GAP43;SYT1;RBFOX1;ARHGEF9;RGS7;SNAP25;ARNT2;GABRA1;CORO2B;KCNQ2;SV2B;NUAK1;ATP2B2;DIRAS2;NMNAT2;ATP6V1G2;PREPL;CAMTA1;NRN1;PSD3;ZNF365;RCAN2;RPH3A;SYT11,"[3630, 4252, 4493, 5092, 5878, 5960, 6135, 6206, 6327, 6508, 6772, 6781, 6808, 6864, 7233, 7832, 8266, 8444, 8501, 8596, 8635, 8953, 9183, 9215, 9354, 9376, 9383, 9568, 9653, 9759, 9949, 10116, 10186, 10187, 10293, 10594, 10618, 10742, 10776, 10837, 10860, 11031, 11175, 11206, 11225, 11682, 11799, 12175, 12223, 12255, 12313, 12427, 12881, 13170, 13240, 13308, 13340, 13541, 13632, 13715, 13793, 13974, 14287, 14403, 14835, 14900, 14964, 15022, 15296, 15729, 15743, 16461, 16825, 17137]",c4.cgn__GNF2_DNM1
c4.cgn,MORF_SP3,prerank,-0.43778369534680495,-1.5504093037143643,0.005504587155963303,0.05175335403423803,0.802,30_76,30/76,28.35%,KHDRBS1;YWHAQ;EIF4H;PRKAR1A;RAB6A;PSMC2;GTF2H1;ARCN1;DYNC1I2;MTDH;TMED2;ZNF146;DAP3;RTN4;PRPSAP1;G3BP2;FAM120A;BZW1;BAG5;YWHAB;UTP18;UBXN4;RBL2;IK;PPP2R5E;GMFB;CANX;MDH1;PUM2;METAP1,G3BP1;TRAPPC3;SMNDC1;STARD7;SERP1;EIF2B4;NONO;PSMB4;RPA1;RAD21;TIAL1;DEK;HNRNPA2B1;SUMO1;VGLL4;SUMO2;SET;SPCS2;DNPEP;URI1;PPP1R7;COX7A2L;PSMD7;COPS5;GPN1;SRP9;UBR5;RAD23B;EBAG9;ATXN2;PARG;CNBP;ZZZ3;COIL;SP3;DRG1;PHF3;FBXW11;POGZ;ARPC5;SNRNP200;LYPLA1;RAC1;C6orf62;SYPL1;CALM2;METAP1;PUM2;MDH1;CANX;GMFB;PPP2R5E;IK;RBL2;UBXN4;UTP18;YWHAB;BAG5;BZW1;FAM120A;G3BP2;PRPSAP1;RTN4;DAP3;ZNF146;TMED2;MTDH;DYNC1I2;ARCN1;GTF2H1;PSMC2;RAB6A;PRKAR1A;EIF4H;YWHAQ;KHDRBS1,"[1438, 2069, 2319, 2743, 2908, 3656, 5890, 6246, 6545, 6793, 6913, 7046, 7153, 7337, 7380, 7732, 7850, 8291, 8312, 8694, 8862, 9100, 9152, 9312, 9389, 9423, 9528, 9640, 9785, 10049, 10074, 10132, 10253, 10256, 10351, 10437, 10629, 10709, 10813, 10877, 11123, 11250, 11471, 11871, 12089, 12311, 12552, 12575, 12589, 12788, 12898, 12931, 13457, 13576, 13593, 13717, 13801, 14353, 14397, 14417, 14644, 14912, 14995, 15084, 15175, 15290, 15416, 15533, 15556, 15705, 16078, 16294, 16685, 16697, 16842, 17248]",c4.cgn__MORF_SP3
c4.cgn,MORF_PTPRR,prerank,-0.43262286458366095,-1.5385059687097002,0.0037313432835820895,0.05326358070393999,0.835,19_74,19/74,14.98%,CDKL5;DBT;ZNF132;ATXN3;STAC;DNAJC22;COL19A1;CALN1;CLCN3;LDB3;TLL1;MAP2;MPP3;CDH8;COL8A1;MDM2;GNG4;CAMTA1;IL7,IFNA2;NPFF;RREB1;BRD4;HNF1A;MAP2K7;ABCB1;NHEJ1;NPAS2;CTSB;GCM1;SRPK3;HTR1E;PAX6;LGI1;ADAMTSL3;FZD5;OCM;GPR19;TMEM26;RNF24;NEB;KCNA5;HSD3B2;SUPT3H;KLRC4;ATF2;NR3C2;ST8SIA1;TENM4;EXOC4;DRD1;IFNA1;RAD51D;DAZL;AKAP3;RYR3;CDC73;DMD;SLC46A3;ITGBL1;HCRTR2;MAGEA8;FSHR;USP46;CRHR1;ADAM20;GLRA3;RORB;CADM4;ZNF157;EDIL3;PTPRR;LECT2;GRIK1;IL7;CAMTA1;GNG4;MDM2;COL8A1;CDH8;MPP3;MAP2;TLL1;LDB3;CLCN3;CALN1;COL19A1;DNAJC22;STAC;ATXN3;ZNF132;DBT;CDKL5,"[178, 214, 806, 1421, 3074, 3121, 3190, 3592, 4199, 4381, 4527, 4608, 4721, 4803, 4940, 5401, 5568, 5598, 5702, 5880, 5889, 6283, 6341, 6446, 7327, 7921, 8136, 8411, 8649, 8681, 8951, 8994, 9040, 9164, 9243, 9377, 9956, 10314, 10392, 10498, 10842, 11168, 11359, 11912, 12012, 12254, 12375, 12459, 12864, 13306, 13438, 13751, 13925, 14156, 14578, 14894, 15022, 15235, 15285, 15368, 15633, 15653, 15965, 16091, 16152, 16560, 17069, 17091, 17101, 17127, 17153, 17185, 17276, 17515]",c4.cgn__MORF_PTPRR
c4.cgn,MORF_THPO,prerank,-0.40873360376397944,-1.5324165793970828,0.0,0.0540579183273556,0.846,25_97,25/97,14.98%,SLC4A8;DBT;PPM1E;ZNF132;ATXN3;ATP10B;DNAJC22;COL19A1;CALN1;CAMK4;MON2;COL14A1;GCA;LDB3;TLL1;EHHADH;CDH8;IPO9;DOCK3;COL8A1;GUCY2C;GNG4;ITIH3;CAMTA1;IL7,HSPA1L;NPFF;TPD52L1;RREB1;TBX19;ZNF141;GPR171;GYPA;HNF1A;ABCB1;NTNG2;NHEJ1;CXCL5;GCM1;HTR1E;FUT1;LGI1;PDE6A;KLHL23;ADAMTSL3;FZD5;CDR1;HSD3B2;MAP3K1;SUPT3H;FAM110B;LILRA1;KLRC4;JRKL;ATF2;NR3C2;IL4;SLC6A2;EXOC4;RB1CC1;DRD1;IFNA1;FLRT2;RAD51D;EYA1;IFNW1;GPR18;RYR3;CPB2;TNK1;CDC73;DMD;MLLT10;PTPRB;ABCB10;ITGBL1;PRKCA;HCRTR2;ZBTB14;SMYD3;MAGEA8;FBXL4;FSHR;CRHR1;GLRA3;SOAT2;RORB;CADM4;ZNF157;PGM3;THPO;PCM1;EDIL3;CLCN4;CYP2E1;SPA17;B4GALT6;IL7;CAMTA1;ITIH3;GNG4;GUCY2C;COL8A1;DOCK3;IPO9;CDH8;EHHADH;TLL1;LDB3;GCA;COL14A1;MON2;CAMK4;CALN1;COL19A1;DNAJC22;ATP10B;ATXN3;ZNF132;PPM1E;DBT;SLC4A8,"[188, 214, 288, 806, 898, 1512, 2871, 2930, 3074, 3190, 3250, 3592, 3891, 4527, 4721, 4784, 4940, 5036, 5344, 5401, 5568, 5786, 6446, 7054, 7327, 7463, 7636, 7921, 7986, 8136, 8411, 8442, 8506, 8951, 8973, 8994, 9040, 9108, 9164, 9505, 9795, 9887, 9956, 9992, 10129, 10314, 10392, 10494, 10643, 10803, 10842, 10873, 11168, 11245, 11302, 11359, 11580, 11912, 12254, 12459, 12861, 12864, 13306, 13438, 13525, 13556, 13706, 13751, 14020, 14038, 14390, 14436, 14894, 15022, 15121, 15235, 15269, 15368, 15555, 15618, 15633, 15973, 16091, 16152, 16283, 16546, 16620, 16852, 17069, 17091, 17101, 17142, 17153, 17185, 17232, 17276, 17512]",c4.cgn__MORF_THPO
c4.cgn,GNF2_RBBP6,prerank,-0.45172080706355766,-1.5338010239158992,0.023255813953488372,0.05438783939752644,0.842,22_67,22/67,17.89%,HSPA14;RBM25;RBMX;BTAF1;FIP1L1;DDX18;USP16;SRP72;DDX50;TRAPPC8;BPTF;DDX47;UBP1;EXOSC8;HNRNPA1;SCAF11;PNN;ZNF146;SMARCA5;CNOT7;PIKFYVE;SRSF2,PABPN1;PAPOLA;GTF3A;HDAC1;FBL;HNRNPH3;RPS7;RPL35A;MRPS31;PMPCB;PDS5A;NACA;RBM34;RPL5;RBM15;SRSF7;RPL22;RSRC2;INTS8;NSA2;RPS23;CDV3;DCLRE1C;PTMA;NOL8;EIF3E;NOL11;RBBP6;CEBPZ;OFD1;TARDBP;RBM39;EIF3D;THUMPD1;CDK5RAP1;THOC2;AIMP1;EIF4B;NGLY1;CCDC59;RNF138;ESF1;UBXN4;FUS;SUZ12;SRSF2;PIKFYVE;CNOT7;SMARCA5;ZNF146;PNN;SCAF11;HNRNPA1;EXOSC8;UBP1;DDX47;BPTF;TRAPPC8;DDX50;SRP72;USP16;DDX18;FIP1L1;BTAF1;RBMX;RBM25;HSPA14,"[844, 1076, 2068, 2268, 2514, 2651, 2854, 2893, 2936, 2981, 3317, 3349, 4832, 5122, 5169, 5313, 5460, 5551, 5654, 5676, 6216, 6817, 7037, 7095, 7361, 7547, 7621, 7657, 8695, 10126, 10154, 10819, 11188, 11360, 11484, 11660, 11722, 11807, 11811, 12279, 13051, 13337, 13593, 13643, 13872, 14385, 14617, 14624, 15114, 15175, 15425, 15513, 15588, 15867, 15880, 16226, 16356, 16575, 16576, 16706, 16813, 16843, 16905, 17000, 17199, 17217, 17247]",c4.cgn__GNF2_RBBP6
c4.cgn,GCM_MAPK10,prerank,-0.42894519141150006,-1.5288807163184897,0.003745318352059925,0.054628889717763675,0.853,20_79,20/79,17.21%,DDHD2;LANCL1;EPB41L3;SYT11;DNAJC6;DNM3;RNF141;BTBD3;DLG1;ANKS1B;NIPA1;SCD5;TMOD2;SIK3;PREPL;NMNAT2;SCN2B;NRSN1;IDS;NDFIP2,LRP4;FAM107A;SLC1A3;TEF;KCNJ10;PDXK;ATP1A2;IL17D;EFHD1;PLEKHB1;FAM171B;DTNA;BBS2;HIPK2;CAMK2G;GPRC5B;NDRG2;CTNND2;TOLLIP;FAM219A;CAMK2A;SCAMP5;LMO3;NCS1;MBP;CBX7;RAB6B;TTYH2;CLDND1;SNAP91;MAPK10;AHCYL1;ALDOC;CNKSR2;FBXW11;PCDH7;SERPINI1;PHLPP2;GPM6B;NFASC;FGF1;SLAIN1;APLP1;NSF;DYNC1LI2;IQSEC1;PLEKHA1;CLIP3;GABBR1;VSNL1;CAMK2N1;TACC1;PLP1;PRRG1;ARNT2;FEZ1;KCNQ3;ARHGAP21;DCLK1;NDFIP2;IDS;NRSN1;SCN2B;NMNAT2;PREPL;SIK3;TMOD2;SCD5;NIPA1;ANKS1B;DLG1;BTBD3;RNF141;DNM3;DNAJC6;SYT11;EPB41L3;LANCL1;DDHD2,"[661, 1631, 3630, 3640, 3827, 3985, 4012, 4138, 5000, 5278, 5324, 5512, 5842, 6403, 6774, 7106, 7185, 7233, 7236, 7303, 8596, 8657, 8766, 8839, 9036, 9118, 9215, 9244, 10054, 10186, 10309, 10453, 10567, 10700, 10709, 10751, 10961, 11011, 11057, 11262, 11280, 11413, 11430, 11436, 11494, 11515, 11794, 11799, 11903, 12175, 12223, 12441, 12583, 12648, 13340, 13416, 13557, 13577, 13966, 14505, 14660, 14719, 14794, 14835, 14964, 15426, 15584, 15728, 15826, 15981, 16023, 16327, 16437, 16878, 17023, 17137, 17221, 17264, 17275]",c4.cgn__GCM_MAPK10
c4.cgn,GNF2_NS,prerank,-0.5012659965363858,-1.5236187304494733,0.018656716417910446,0.05609126166053622,0.864,12_37,12/37,15.62%,ABCE1;LRPPRC;HMGN1;PSMA3;PRKDC;MRPL3;NPM1;GTPBP4;MRPS27;PSMA5;SSBP1;OLA1,MTHFD2;CCT3;CCNG1;CCT4;CCT8;SNRPD2;HNRNPA2B1;PSMA4;RSL24D1;PSMA2;RAN;MRPS33;IMPDH2;ATIC;C1QBP;PARP1;MSH6;PAICS;SNRPE;GNL3;GLO1;HSPA9;SNRPF;ADSL;TAF1D;OLA1;SSBP1;PSMA5;MRPS27;GTPBP4;NPM1;MRPL3;PRKDC;PSMA3;HMGN1;LRPPRC;ABCE1,"[723, 1222, 2754, 3049, 3814, 4575, 7153, 7762, 8517, 8576, 8903, 9130, 9186, 9278, 9551, 9697, 10063, 10291, 10370, 11505, 11537, 12206, 13074, 13172, 13505, 14783, 14903, 14940, 15404, 15763, 15766, 16293, 16539, 16801, 16952, 17309, 17352]",c4.cgn__GNF2_NS
c4.cgn,GNF2_MMP1,prerank,0.5015044665829916,1.4981526703704862,0.022774327122153208,0.05632689201575376,0.895,11_29,11/29,14.90%,SERPINH1;PLOD1;CXCL6;GFPT2;CXCL1;CSF3;CCL2;PLOD2;IL6;CXCL3;B4GALT1,SERPINH1;PLOD1;CXCL6;GFPT2;CXCL1;CSF3;CCL2;PLOD2;IL6;CXCL3;B4GALT1;CDH2;TNFAIP6;CXCL5;SERPINE1;LOXL2;LOXL1;KDELR3;IL1B;PTGS1;PXDN;RAI14;THBS2;TWSG1;PTX3;CALU;GREM1;FBN1;LRRC17,"[8, 54, 232, 568, 1774, 1776, 1826, 1827, 2121, 2258, 2609, 3499, 3571, 3891, 4011, 4066, 4163, 4620, 4629, 6934, 8227, 9402, 11701, 12336, 13208, 15250, 16612, 17116, 17158]",c4.cgn__GNF2_MMP1
c4.cgn,MORF_PTPRB,prerank,-0.3682580716482037,-1.5180413837709852,0.001851851851851852,0.05779910839695641,0.874,65_210,65/210,22.80%,SLC4A8;PDE10A;EXOC6B;DBT;PPM1E;ULK2;ZNF132;ATXN3;STAC;DNAJC22;COL19A1;CALN1;POLR3F;CAMK4;FRY;CLCN3;COL14A1;TRIM24;RPS6KA5;GCA;BRWD1;COQ7;LDB3;TLL1;MAP2;YLPM1;ZNF266;GPLD1;ITGA2;IPO9;RUFY3;ADAM22;CHRNB4;IL16;TTN;KRR1;COL8A1;TSPAN2;MDM2;GUCY2C;GNG4;WBP4;ZNF134;ITIH3;IL7;AQP7;NFAT5;CACNA2D1;GRIK1;B4GALT6;SPA17;ERC1;PIK3C2A;ZNF33B;TPD52;LECT2;CYP2E1;EPHB2;AMMECR1;GABRB2;EDIL3;PCM1;THPO;BICD1;PGM3,IFNA2;HSPA1L;NPFF;TPD52L1;MEOX2;RREB1;TBX19;GYS2;ZNF141;PKP1;CTRL;CFH;ZBTB40;FOSL1;TPO;FGF2;F2RL3;MSL3;COX6A2;SPATA2;GPR171;HNF1A;ABCB1;NTNG2;MYL3;SGPL1;NHEJ1;RXRG;NDP;BCL2L11;IL11RA;CXCL5;FPR2;GCM1;HTR1E;FUT1;PAX6;LGI1;FAM13A;SCN7A;AMOT;PDE6A;KLHL23;ADAMTSL3;ZNF202;FZD5;OCM;GPR19;CDR1;TMEM26;DDX52;POU6F2;NR1I2;SLC22A6;NEB;S100A5;ARL3;HEPH;HSD3B2;PVR;ATP8B1;RUNX2;ZBTB33;SIM2;PRKG1;MAP3K1;POU6F1;SUPT3H;C1orf216;FAM110B;LILRA1;PHF10;KLRC4;JRKL;FGF18;ATF2;CYP2C19;PDE4D;ITIH1;NR3C2;KNG1;ABCC8;SLC6A2;PLA2R1;ST8SIA1;TENM4;ELAVL2;EXOC4;RB1CC1;DRD1;IFNA1;FLRT2;RAD51D;DAZL;MC5R;CD8A;SULT4A1;FAS;EYA1;SIRPB1;IFNA8;CPEB3;IFNW1;GPR18;RYR3;CPB2;VSTM4;KDR;CDC73;SLC26A4;DMD;MLLT10;PTPRB;ABCB10;TFDP2;PRKCA;POLR2K;PPP2R5B;HCRTR2;HRK;ZBTB14;SMYD3;PHLDB1;MAGEA8;COLGALT2;FBXL4;SGCD;R3HCC1L;CELA2B;TANC2;FSHR;FNTB;NIPA2;FGF9;GJB5;ERCC4;ADAM20;GLRA3;NRXN1;MYT1;RORB;RGS7;CADM4;SLC33A1;ZNF157;PGM3;BICD1;THPO;PCM1;EDIL3;GABRB2;AMMECR1;EPHB2;CYP2E1;LECT2;TPD52;ZNF33B;PIK3C2A;ERC1;SPA17;B4GALT6;GRIK1;CACNA2D1;NFAT5;AQP7;IL7;ITIH3;ZNF134;WBP4;GNG4;GUCY2C;MDM2;TSPAN2;COL8A1;KRR1;TTN;IL16;CHRNB4;ADAM22;RUFY3;IPO9;ITGA2;GPLD1;ZNF266;YLPM1;MAP2;TLL1;LDB3;COQ7;BRWD1;GCA;RPS6KA5;TRIM24;COL14A1;CLCN3;FRY;CAMK4;POLR3F;CALN1;COL19A1;DNAJC22;STAC;ATXN3;ZNF132;ULK2;PPM1E;DBT;EXOC6B;PDE10A;SLC4A8,"[178, 188, 214, 288, 672, 806, 898, 1216, 1512, 1833, 1888, 2051, 2152, 2188, 2192, 2211, 2216, 2401, 2434, 2450, 2871, 3074, 3190, 3250, 3253, 3417, 3592, 3602, 3783, 3812, 3842, 3891, 4171, 4527, 4721, 4784, 4803, 4940, 4967, 4973, 4997, 5036, 5344, 5401, 5418, 5568, 5598, 5702, 5786, 5880, 5919, 5991, 6022, 6062, 6283, 6325, 6378, 6400, 6446, 6517, 6583, 6841, 6927, 6968, 7044, 7054, 7077, 7327, 7435, 7463, 7636, 7676, 7921, 7986, 8121, 8136, 8163, 8278, 8394, 8411, 8499, 8504, 8506, 8579, 8649, 8681, 8893, 8951, 8973, 8994, 9040, 9108, 9164, 9243, 9268, 9346, 9376, 9493, 9505, 9515, 9616, 9700, 9795, 9887, 9956, 9992, 10103, 10163, 10314, 10356, 10392, 10494, 10643, 10803, 10817, 10873, 10988, 11118, 11168, 11201, 11245, 11302, 11333, 11359, 11529, 11580, 11594, 11711, 11775, 11872, 11912, 11981, 12008, 12107, 12241, 12343, 12375, 12459, 12564, 12740, 12864, 13240, 13306, 13356, 13438, 13525, 13540, 13556, 13706, 13751, 13883, 13954, 14005, 14038, 14156, 14165, 14280, 14351, 14363, 14390, 14436, 14578, 14753, 14755, 14801, 14894, 15121, 15124, 15169, 15235, 15269, 15285, 15321, 15368, 15386, 15422, 15497, 15573, 15599, 15611, 15618, 15635, 15817, 15884, 15917, 15965, 16091, 16152, 16236, 16263, 16283, 16291, 16520, 16546, 16560, 16588, 16852, 16986, 17069, 17091, 17101, 17127, 17153, 17185, 17198, 17232, 17276, 17293, 17394, 17512]",c4.cgn__MORF_PTPRB
c4.cgn,GNF2_HPX,prerank,0.3965913163254892,1.4846395844128326,0.006289308176100629,0.06253337560022892,0.922,43_112,43/112,22.53%,SERPINF2;PROC;HP;SERPINC1;TMEM176A;PCK1;TMEM176B;APOA1;F10;DCXR;CFB;GSTM2;C3;ACOX2;ORM2;HPR;ASGR1;ALDOB;APOC2;RARRES2;HGFAC;HAMP;ZGPAT;GNMT;APOC4;C2;SERPIND1;ALDH1L1;ASGR2;C8G;SERPING1;SLC27A5;FAH;CES1;FTCD;ATF5;SLC10A1;TMPRSS6;LCAT;ALDH4A1;AMBP;PXMP2;ECHS1,SERPINF2;PROC;HP;SERPINC1;TMEM176A;PCK1;TMEM176B;APOA1;F10;DCXR;CFB;GSTM2;C3;ACOX2;ORM2;HPR;ASGR1;ALDOB;APOC2;RARRES2;HGFAC;HAMP;ZGPAT;GNMT;APOC4;C2;SERPIND1;ALDH1L1;ASGR2;C8G;SERPING1;SLC27A5;FAH;CES1;FTCD;ATF5;SLC10A1;TMPRSS6;LCAT;ALDH4A1;AMBP;PXMP2;ECHS1;HPD;F12;KHK;SLC22A7;APOC1;CYP4F12;SLC22A1;CEBPA;ANG;CYP27A1;AGT;HABP2;IGFALS;TAT;CYP4F2;RDH16;HSD17B6;NNMT;CIDEB;APOA2;HPN;HAAO;CYP2D6;PEMT;F2;UPB1;ABCC6;TST;MAT1A;GSTM1;ITIH1;PON3;C4BPB;HRG;RBP4;HPX;CDHR5;SPP2;GAMT;PLG;CPB2;AKR7A3;CYP4F11;APOF;SARDH;ITIH4;ASL;PON1;SDS;SAA4;C6;AHSG;ADH6;CYP2C8;PIPOX;CYP2E1;LECT2;CFHR4;CYP4A11;C4BPA;ITIH3;FETUB;GJB1;HMGCL;MASP2;CYP2A6;GSTZ1;ALB;CES2,"[96, 364, 396, 470, 541, 572, 626, 666, 770, 918, 981, 1035, 1102, 1301, 1317, 1396, 1998, 2084, 2165, 2452, 2463, 2500, 2583, 2626, 2724, 2744, 2837, 3122, 3226, 3265, 3289, 3295, 3343, 3434, 3439, 3506, 3513, 3549, 3706, 3735, 3769, 3932, 3946, 4123, 4449, 4573, 4635, 4775, 4880, 5066, 5110, 5171, 5688, 5734, 5751, 6172, 6321, 6414, 6684, 6807, 6981, 7101, 7104, 7279, 7312, 7348, 7482, 7524, 7561, 7661, 7722, 7783, 8329, 8394, 8955, 9210, 9226, 9547, 9617, 9695, 9788, 9819, 9981, 9992, 10312, 10701, 10717, 11013, 11047, 11228, 11595, 11605, 12049, 13010, 13296, 13299, 13463, 13775, 14038, 14156, 14616, 14759, 14849, 15121, 15163, 15287, 15297, 16068, 16405, 16791, 17145, 17408]",c4.cgn__GNF2_HPX
c4.cgn,MORF_FEN1,prerank,0.4279065485517049,1.47176690664678,0.014705882352941176,0.06704795397437326,0.935,23_60,23/60,19.40%,AHSA1;NUDC;NAA10;UNG;CHERP;FOXM1;HSPE1;CCT3;CCT5;TRIM28;DNAJC9;RBM14;PPM1G;LMNB2;HSPA4;EIF3B;HNRNPAB;ESPL1;CSNK2B;MCM7;MFAP1;BAZ1B;SOD1,AHSA1;NUDC;NAA10;UNG;CHERP;FOXM1;HSPE1;CCT3;CCT5;TRIM28;DNAJC9;RBM14;PPM1G;LMNB2;HSPA4;EIF3B;HNRNPAB;ESPL1;CSNK2B;MCM7;MFAP1;BAZ1B;SOD1;LSM4;HDDC2;ACOT7;CCT2;EIF4G1;PCNA;NHP2;BUB3;MCM3;POLR2I;SRSF1;CDK4;DHX16;CCNB1;HCCS;HAT1;ALG8;GSPT1;VDAC1;TARDBP;NUP205;ZWINT;NSDHL;CYCS;HSPA9;MCM6;RFC2;KPNA2;DDX1;VBP1;FEN1;SSBP1;MTHFD1;PTPN11;RRM1;SNRPA1;PSMB2,"[183, 598, 658, 940, 1100, 1135, 1194, 1222, 1508, 1635, 1682, 1738, 1775, 1800, 2101, 2149, 2299, 2630, 2962, 2994, 3314, 3330, 3398, 4871, 5884, 6071, 6142, 6233, 6282, 6828, 7131, 7142, 7194, 7195, 7822, 7974, 8226, 8674, 9331, 9623, 9773, 9800, 10154, 10174, 11796, 11828, 11932, 12206, 12498, 12745, 13366, 13598, 14758, 14856, 14903, 15626, 16007, 16148, 16976, 17105]",c4.cgn__MORF_FEN1
c4.cgn,GCM_HBP1,prerank,-0.4302410222589167,-1.4969480981738408,0.014925373134328358,0.0670866602529715,0.907,23_65,23/65,22.33%,SCAF8;TCERG1;RBM25;DHX36;BTF3L4;HECTD1;CUL5;RPL7L1;SENP7;MTDH;ARID4B;FNBP4;FOXJ3;OLA1;PCNP;ACTR10;ZFAND5;CHTOP;HNRNPR;COPS2;LAMTOR3;PRKRA;ZC3H14,ZCCHC8;IRF2BP2;SF3B4;TAB2;MED17;HNRNPH3;COPS6;RAB9A;USP47;KLHDC2;HBP1;ZNF212;SLAIN2;LUC7L2;PHACTR4;PPIL4;ARID1A;SAP130;ZBTB33;NAA30;PCF11;KANSL3;C1orf52;C1orf43;PRPF8;USPL1;RANBP9;RNASEK;PPM1B;MAP3K2;MKRN1;TARDBP;ZNF644;COMMD9;MRPL45;SNRNP200;RRN3;YTHDF3;EAPP;JKAMP;GTPBP1;TBC1D23;ZC3H14;PRKRA;LAMTOR3;COPS2;HNRNPR;CHTOP;ZFAND5;ACTR10;PCNP;OLA1;FOXJ3;FNBP4;ARID4B;MTDH;SENP7;RPL7L1;CUL5;HECTD1;BTF3L4;DHX36;RBM25;TCERG1;SCAF8,"[744, 1355, 2027, 2058, 2333, 2651, 2781, 2858, 3618, 3901, 3903, 4258, 5247, 5783, 6000, 6028, 6058, 6291, 6927, 7412, 7649, 7820, 7934, 7960, 7992, 8077, 8817, 8827, 8873, 9404, 10100, 10154, 10254, 10931, 10954, 11123, 11129, 11323, 11358, 11968, 12160, 12643, 13607, 13697, 13718, 13755, 14083, 14266, 14591, 14687, 14729, 14783, 14901, 15078, 15255, 15416, 15848, 15918, 16145, 16243, 16292, 16832, 17217, 17332, 17406]",c4.cgn__GCM_HBP1
c4.cgn,GNF2_CYP2B6,prerank,0.4589919108123509,1.4728709158947546,0.03006012024048096,0.06762852594425585,0.935,14_43,14/43,21.16%,SERPINF2;PROC;DCXR;ORM2;GCHFR;HGFAC;HAMP;APOC4;C8G;SERPING1;SLC27A5;CES1;FCN3;LCAT,SERPINF2;PROC;DCXR;ORM2;GCHFR;HGFAC;HAMP;APOC4;C8G;SERPING1;SLC27A5;CES1;FCN3;LCAT;HPD;F12;APOC1;SLC22A1;ANG;CYP27A1;IGFALS;TAT;RDH16;HSD17B6;NNMT;FBP1;HPN;CYP2D6;F2;UPB1;ABCC6;TST;MAT1A;HRG;HPX;ITIH4;ASL;SDS;SAA4;CYP2C8;CYP2E1;C4BPA;CYP2A6,"[96, 364, 918, 1317, 1500, 2463, 2500, 2724, 3265, 3289, 3295, 3434, 3542, 3706, 4123, 4449, 4775, 5066, 5171, 5688, 6172, 6321, 6684, 6807, 6981, 7260, 7279, 7348, 7524, 7561, 7661, 7722, 7783, 9226, 9617, 11047, 11228, 11605, 12049, 13463, 14038, 14849, 16405]",c4.cgn__GNF2_CYP2B6
c4.cgn,GCM_GSPT1,prerank,-0.38000785335052445,-1.4976663053604704,0.0071301247771836,0.06775666233668352,0.906,56_157,56/157,23.85%,BOD1L1;VEZT;NAA25;DCTN4;MTMR7;KIDINS220;MFSD8;ZNF529;NUP133;EPM2AIP1;DHX36;KLHL11;PJA2;RALGAPA1;TAF9B;HECTD1;ATG2B;MTMR4;USP33;OTUD6B;UFSP2;RPL7L1;COG5;IPO9;SIN3A;DYNC1I2;C2CD5;AGAP4;ANKRA2;BRD9;TRIM33;TTC17;DHX40;ZNF84;ISCA1;ZFAND5;CAND1;CRNKL1;APBB3;ZNF512;FAN1;PPIG;CHTOP;RBM8A;SLC35B2;NAPG;NFYA;WSB2;XPO6;PRKRA;TMEM106B;GORASP1;AARS2;VPS52;IPO5;PRDM4,ATG4B;WDR6;MEPCE;BCL2L1;SETD1A;BAHD1;RBM6;MRPS5;RABL2B;ZNF384;MED17;CIZ1;ASB3;SOCS4;ING4;APOC4;METTL17;BRPF3;MAEA;HGS;NF2;TSEN34;SH2B1;SNX15;BABAM1;MFAP3;CNPPD1;ARFGAP1;CSRNP2;OSBPL2;IQCK;ERAL1;CLEC16A;B4GALT2;CENPO;PHF2;XYLT2;LUC7L2;MARK4;TBCK;VPS26B;SAP130;ABHD16A;AP2A1;KIAA1191;RNF41;BAZ2A;HECTD3;THTPA;NAA30;ANKRD10;PHF10;TBC1D10B;PHC1;COPZ1;GPBP1;FOXO3;AAAS;TMEM245;MSL1;PPM1B;RAN;TNPO2;EPC2;ZNF133;UBE2E3;TEX261;CS;EDNRA;GSPT1;NGRN;KLHL12;TARDBP;ZNF644;UBR7;WNK1;POGZ;COMMD9;ZNF286A;KDM3B;MYO9A;ATP2C1;C5orf24;RMDN3;EHBP1;CHD9;MICALL1;JKAMP;FNTB;RABGEF1;EVI5L;PRRC2B;UPF3A;NAB1;VPS53;BTRC;LIG3;FAM168B;SS18L1;PREP;OCIAD1;PRDM4;IPO5;VPS52;AARS2;GORASP1;TMEM106B;PRKRA;XPO6;WSB2;NFYA;NAPG;SLC35B2;RBM8A;CHTOP;PPIG;FAN1;ZNF512;APBB3;CRNKL1;CAND1;ZFAND5;ISCA1;ZNF84;DHX40;TTC17;TRIM33;BRD9;ANKRA2;AGAP4;C2CD5;DYNC1I2;SIN3A;IPO9;COG5;RPL7L1;UFSP2;OTUD6B;USP33;MTMR4;ATG2B;HECTD1;TAF9B;RALGAPA1;PJA2;KLHL11;DHX36;EPM2AIP1;NUP133;ZNF529;MFSD8;KIDINS220;MTMR7;DCTN4;NAA25;VEZT;BOD1L1,"[151, 196, 528, 1087, 1196, 1484, 1649, 1772, 2175, 2263, 2333, 2460, 2461, 2573, 2621, 2724, 2732, 2902, 2909, 2925, 3658, 3878, 4052, 4333, 4337, 4344, 4405, 4788, 4957, 4990, 5004, 5023, 5143, 5228, 5266, 5659, 5767, 5783, 5874, 6085, 6170, 6291, 6745, 6922, 7097, 7198, 7234, 7269, 7290, 7412, 7456, 7676, 7764, 7839, 7840, 7910, 8003, 8169, 8286, 8368, 8873, 8903, 9233, 9355, 9364, 9381, 9412, 9436, 9524, 9773, 9865, 10057, 10154, 10254, 10306, 10728, 10813, 10931, 11007, 11224, 11401, 11707, 11791, 11831, 11876, 11886, 11926, 11968, 11981, 12006, 12078, 12128, 12213, 12337, 12509, 12697, 12722, 12738, 12794, 12884, 13049, 13341, 13385, 13389, 13403, 13439, 13680, 13697, 13847, 14034, 14044, 14122, 14126, 14188, 14266, 14267, 14343, 14411, 14445, 14459, 14466, 14591, 14639, 14654, 14731, 14781, 14904, 15128, 15333, 15519, 15522, 15533, 15543, 15618, 15661, 15918, 15983, 16071, 16101, 16200, 16230, 16243, 16286, 16374, 16665, 16701, 16832, 17018, 17025, 17072, 17120, 17129, 17160, 17280, 17300, 17315, 17376]",c4.cgn__GCM_GSPT1
c4.cgn,GNF2_SMC4L1,prerank,-0.4174063517877364,-1.493147415152252,0.005555555555555556,0.06819562921911554,0.913,22_80,22/80,16.41%,MSH2;PLK4;RFC3;PCCB;VRK1;TYMS;CDC20;SHCBP1;POLE2;SUPT16H;MCM4;RRM1;SMC2;NUP153;RAD51AP1;EXOSC8;ZWILCH;SMC4;FEN1;PRIM1;EIF2S1;GINS2,CKS2;CCNA2;FOXM1;DTYMK;DNAJC9;GMNN;HNRNPAB;SSRP1;RFC4;MCM7;KIF18B;DKC1;TTK;ANP32B;TOP2A;SLBP;DHFR;FBXO5;NUSAP1;CDCA8;PCNA;SNRPG;HMGB2;DEK;MCM3;DUT;SRSF1;ASPM;NDC80;E2F8;TMPO;GAR1;CDK1;MCM5;FANCI;HAT1;BUB1B;RACGAP1;GINS1;DTL;CCNB2;CKAP2;AURKA;SERBP1;USP1;CBX3;METAP2;HMMR;ZWINT;NASP;CENPF;SNRPD1;ANP32E;KIF11;COPS3;PRC1;MRPL35;MCM2;GINS2;EIF2S1;PRIM1;FEN1;SMC4;ZWILCH;EXOSC8;RAD51AP1;NUP153;SMC2;RRM1;MCM4;SUPT16H;POLE2;SHCBP1;CDC20;TYMS;VRK1;PCCB;RFC3;PLK4;MSH2,"[176, 799, 1135, 1321, 1682, 2281, 2299, 2303, 2646, 2994, 3110, 3394, 4301, 4820, 5039, 5569, 5804, 5834, 6066, 6204, 6282, 6491, 6576, 7046, 7142, 7170, 7195, 7490, 8153, 8154, 8174, 8181, 8376, 8417, 8465, 9331, 9585, 9612, 9881, 9948, 9950, 10121, 10139, 10772, 10872, 11297, 11543, 11716, 11796, 12374, 12520, 12984, 13005, 13279, 13443, 13566, 14009, 14346, 14645, 14673, 14730, 14856, 15156, 15747, 15867, 16001, 16065, 16090, 16148, 16190, 16339, 16418, 16512, 16543, 16776, 16846, 17008, 17159, 17310, 17502]",c4.cgn__GNF2_SMC4L1
c4.cgn,GNF2_PAK2,prerank,0.5076707603294301,1.4538841681717953,0.044585987261146494,0.0767554515478688,0.96,14_27,14/27,18.85%,HCLS1;PHF21A;WAS;GMFG;TYK2;ELF4;SELL;CD53;STAT6;ARHGDIB;VAV1;DOCK2;RAF1;CNOT8,HCLS1;PHF21A;WAS;GMFG;TYK2;ELF4;SELL;CD53;STAT6;ARHGDIB;VAV1;DOCK2;RAF1;CNOT8;MYD88;BNIP2;FMNL1;PAK2;ARPC3;USP3;ARPC5;ACAP2;ADAM10;CAPZA1;ACTR3;OSBPL8;ACTR2,"[286, 371, 1067, 1113, 1122, 1471, 2053, 2531, 2644, 2833, 2843, 2897, 3033, 3301, 4132, 5309, 5729, 7446, 9308, 10483, 10877, 11307, 13386, 14203, 14586, 16051, 16913]",c4.cgn__GNF2_PAK2
c4.cgn,GNF2_UBE2I,prerank,0.4655851578302122,1.4520921840620222,0.05421686746987952,0.07686121494631183,0.961,17_38,17/38,22.92%,PTBP1;TRMT112;UBE2I;LSM7;RPS16;RPS15;SMNDC1;UXT;RPL8;FBL;SERP1;HNRNPF;PSMA7;UBA52;RPS14;UBXN1;RPL19,PTBP1;TRMT112;UBE2I;LSM7;RPS16;RPS15;SMNDC1;UXT;RPL8;FBL;SERP1;HNRNPF;PSMA7;UBA52;RPS14;UBXN1;RPL19;BTF3;POLR1D;RBM4;PSMA1;EIF4A1;PTMA;SUMO2;EIF3L;UBE2D2;TRA2B;HNRNPK;U2AF1;EIF3K;SRSF3;EIF3D;ZNF207;XRCC6;EIF3F;RPL15;POLR2G;KHDRBS1,"[179, 1466, 1857, 1878, 1909, 1974, 2319, 2323, 2353, 2514, 2908, 2946, 3240, 3337, 3677, 3982, 4014, 5589, 5596, 6387, 6584, 7033, 7095, 7732, 8017, 9139, 10366, 10590, 10811, 10852, 11131, 11188, 11275, 11348, 11586, 11953, 14055, 17248]",c4.cgn__GNF2_UBE2I
c4.cgn,MORF_DMPK,prerank,-0.3723301649368404,-1.4746979754130014,0.005893909626719057,0.07921532199362172,0.942,51_145,51/145,24.05%,MFN1;PPM1E;ZNF132;ATXN3;DNAJC22;COL19A1;CALN1;POLR3F;CAMK4;CLCN3;COL14A1;MSH3;ELOVL6;GCA;BRWD1;COQ7;RBMXL1;LDB3;MAP2;MPP3;IPO9;CDC42BPA;CHRNB4;COL8A1;MDM2;GNG4;MAN1A2;WBP4;ZNF134;ITIH3;CAMTA1;AQP7;CACNA2D1;SPA17;PIK3C2A;ZNF33B;CYP2E1;EPHB2;MNAT1;AMMECR1;ATP6V0A2;GABRB2;GLE1;EDIL3;PCM1;BARX2;PGM3;PAFAH1B2;ZNF157;SLC33A1;CADM4,NPFF;DMPK;TLE1;LRP4;RREB1;TMEM184B;TBX19;BRD4;ZNF141;CFH;ZBTB40;FOSL1;GPR171;HNF1A;ABCB1;NTNG2;YES1;NHEJ1;RXRG;IL13RA1;CXCL5;BIRC5;CTSB;GCM1;HTR1E;FUT1;PAX6;LGI1;AMOT;CYP1A1;ADAMTSL3;ZNF202;FZD5;GPR19;GNA11;DDX52;NR1I2;NEB;KCNA5;HEPH;HSD3B2;PVR;ATP8B1;SUPT3H;HOXB7;PHF10;NEDD4L;KLRC4;JRKL;FGF18;ATF2;TRIO;NR3C2;SLC6A2;STAG1;ST8SIA1;EXOC4;RB1CC1;DRD1;IFNA1;SURF2;RAD51D;F2RL1;MC5R;SULT4A1;CPEB3;RYR3;CPB2;TNK1;CDC73;DMD;MLLT10;SLC46A3;EPB41L1;PCDH7;UBE4B;ABCB10;ITGBL1;PRKCA;CDYL;HCRTR2;ZBTB14;PHLDB1;MAGEA8;FBXL4;R3HCC1L;TANC2;FSHR;FNTB;USP46;GJB5;CRHR1;GLRA3;RORB;CADM4;SLC33A1;ZNF157;PAFAH1B2;PGM3;BARX2;PCM1;EDIL3;GLE1;GABRB2;ATP6V0A2;AMMECR1;MNAT1;EPHB2;CYP2E1;ZNF33B;PIK3C2A;SPA17;CACNA2D1;AQP7;CAMTA1;ITIH3;ZNF134;WBP4;MAN1A2;GNG4;MDM2;COL8A1;CHRNB4;CDC42BPA;IPO9;MPP3;MAP2;LDB3;RBMXL1;COQ7;BRWD1;GCA;ELOVL6;MSH3;COL14A1;CLCN3;CAMK4;POLR3F;CALN1;COL19A1;DNAJC22;ATXN3;ZNF132;PPM1E;MFN1,"[214, 529, 542, 661, 806, 897, 898, 1421, 1512, 2051, 2152, 2188, 2871, 3074, 3190, 3250, 3392, 3592, 3602, 3851, 3891, 4324, 4381, 4527, 4721, 4784, 4803, 4940, 4997, 5385, 5401, 5418, 5568, 5702, 5737, 5919, 6022, 6283, 6341, 6400, 6446, 6517, 6583, 7327, 7372, 7676, 7756, 7921, 7986, 8121, 8136, 8219, 8411, 8506, 8530, 8649, 8951, 8973, 8994, 9040, 9085, 9164, 9196, 9268, 9376, 9700, 9956, 9992, 10129, 10314, 10392, 10494, 10498, 10594, 10751, 10794, 10803, 10842, 10873, 11159, 11168, 11245, 11333, 11359, 11580, 11711, 11872, 11912, 11981, 12012, 12241, 12254, 12459, 12864, 13306, 13356, 13438, 13515, 13525, 13536, 13706, 13751, 13788, 13883, 13900, 13954, 13965, 14005, 14038, 14280, 14351, 14390, 14753, 14801, 15022, 15121, 15124, 15169, 15174, 15235, 15285, 15368, 15573, 15610, 15618, 15653, 15965, 16152, 16161, 16236, 16263, 16283, 16478, 16504, 16546, 16560, 16852, 16986, 17069, 17091, 17101, 17153, 17185, 17232, 17377]",c4.cgn__MORF_DMPK
c4.cgn,MORF_ERCC4,prerank,-0.345958210748658,-1.4706207268592424,0.0019011406844106464,0.0794006206365693,0.942,81_268,81/268,24.43%,SLC4A8;NF1;MFN1;PPP1R12B;EXOC6B;DBT;PPM1E;ULK2;IFT27;ATXN3;STAC;LPGAT1;COL19A1;CALN1;EN2;CAMK4;MAGI1;MON2;FRY;PAPPA2;CLCN3;COL14A1;ZNF500;TRIM24;MSH3;RPS6KA5;GCA;COQ7;MAP2;DNAJC16;ZNF266;GPLD1;PAX7;IPO9;RUFY3;CHRNB4;NOVA1;IL16;KRR1;COL8A1;TSPAN2;MDM2;GNG4;WBP4;ZNF134;ITIH3;NXPE3;AQP7;NFAT5;CACNA2D1;ZNF200;GRIK1;OSBP;SPA17;ERC1;PIK3C2A;ZNF33B;ENTPD3;STARD5;HABP4;ETV3;TPD52;LECT2;CYP2E1;EPHB2;AMMECR1;ATP6V0A2;GABRB2;GLE1;EDIL3;PCM1;PIK3CB;GABRA1;PGM3;ZNF157;SLC33A1;KCNJ6;CADM4;KRT86;PAXIP1;RGS7,UPK1A;NPFF;MEOX2;NOTCH4;RREB1;TBX19;NR2F1;PPP1R1A;MAGEC1;BRD4;ZNF141;CEACAM4;PDE4DIP;SLC18A1;PKP1;CTRL;CFH;ZBTB40;FOSL1;FGF2;F2RL3;IRS2;MSL3;COX6A2;SPATA2;TIE1;COL4A4;HTR3A;GPR171;HNF1A;MAP2K7;ABCB1;NTNG2;MYL3;CASP10;SGPL1;NRTN;NRP2;NHEJ1;RXRG;MPZL1;NDP;BCL2L11;IL11RA;CXCL5;FPR2;NPAS2;GRIK5;VKORC1;GCM1;LTBP4;SRPK3;CDH4;HTR1E;FUT1;PAX6;LGI1;TBC1D22A;SCN7A;AMOT;IQCK;PDE6A;PLEKHB1;PDE4A;ADAMTSL3;ZNF202;SULT2B1;POFUT2;GTSE1;SLC4A3;FZD5;OCM;DOCK1;GPR19;TMEM26;POU6F2;NR1I2;SLC22A6;NMT2;NEB;S100A5;KCNA5;ARL3;CYP4F2;HSD3B2;PVR;OPRL1;ATP8B1;RUNX2;SIM2;ASB4;MAP3K1;POU6F1;SLC16A5;SUPT3H;CYP2D6;CACNA1C;C1orf216;PCDHGB7;PDCD1;LILRA1;PHF10;BNIP1;KLRC4;JRKL;FGF18;ATF2;IL13;CYP2C19;TRIO;PDE4D;ITIH1;NR3C2;BRCA1;KNG1;ABCC8;SLC6A2;PLA2R1;ST8SIA1;TENM4;FIG4;ELAVL2;EXOC4;RB1CC1;DRD1;ADCY3;IFNA1;SURF2;RAD51D;MC5R;CD8A;ZNF133;SULT4A1;FAS;PAX9;IFNA8;CPEB3;CACNB1;GPR18;GNPAT;RYR3;CPB2;VSTM4;KDR;CDC73;SLC26A4;DMD;SYT5;MLLT10;SLC46A3;CYP11A1;LY9;PTPRB;AFF2;ABCB10;TFDP2;ITGBL1;PRKCA;POLR2K;PPP2R5B;CDYL;HCRTR2;MAPT;ZBTB14;PDPN;PHLDB1;MAGEA8;COLGALT2;NOS2;FBXL4;SGCD;R3HCC1L;CELA2B;TANC2;FSHR;FNTB;USP46;ABCB9;GJB5;CRHR1;ERCC4;ADAM20;GLRA3;NRXN1;MYT1;RORB;SYNJ2;RGS7;PAXIP1;KRT86;CADM4;KCNJ6;SLC33A1;ZNF157;PGM3;GABRA1;PIK3CB;PCM1;EDIL3;GLE1;GABRB2;ATP6V0A2;AMMECR1;EPHB2;CYP2E1;LECT2;TPD52;ETV3;HABP4;STARD5;ENTPD3;ZNF33B;PIK3C2A;ERC1;SPA17;OSBP;GRIK1;ZNF200;CACNA2D1;NFAT5;AQP7;NXPE3;ITIH3;ZNF134;WBP4;GNG4;MDM2;TSPAN2;COL8A1;KRR1;IL16;NOVA1;CHRNB4;RUFY3;IPO9;PAX7;GPLD1;ZNF266;DNAJC16;MAP2;COQ7;GCA;RPS6KA5;MSH3;TRIM24;ZNF500;COL14A1;CLCN3;PAPPA2;FRY;MON2;MAGI1;CAMK4;EN2;CALN1;COL19A1;LPGAT1;STAC;ATXN3;IFT27;ULK2;PPM1E;DBT;EXOC6B;PPP1R12B;MFN1;NF1;SLC4A8,"[206, 214, 672, 781, 806, 898, 1093, 1271, 1356, 1421, 1512, 1720, 1760, 1763, 1833, 1888, 2051, 2152, 2188, 2211, 2216, 2357, 2401, 2434, 2450, 2491, 2709, 2787, 2871, 3074, 3121, 3190, 3250, 3253, 3306, 3417, 3421, 3520, 3592, 3602, 3732, 3783, 3812, 3842, 3891, 4171, 4199, 4406, 4516, 4527, 4551, 4608, 4663, 4721, 4784, 4803, 4940, 4963, 4973, 4997, 5004, 5036, 5278, 5284, 5401, 5418, 5450, 5465, 5480, 5491, 5568, 5598, 5632, 5702, 5880, 5991, 6022, 6062, 6112, 6283, 6325, 6341, 6378, 6414, 6446, 6517, 6582, 6583, 6841, 6968, 7051, 7054, 7077, 7299, 7327, 7348, 7402, 7435, 7451, 7552, 7636, 7676, 7890, 7921, 7986, 8121, 8136, 8159, 8163, 8219, 8278, 8394, 8411, 8479, 8499, 8504, 8506, 8579, 8649, 8681, 8855, 8893, 8951, 8973, 8994, 9021, 9040, 9085, 9164, 9268, 9346, 9364, 9376, 9493, 9570, 9616, 9700, 9757, 9887, 9936, 9956, 9992, 10103, 10163, 10314, 10356, 10392, 10414, 10494, 10498, 10566, 10570, 10643, 10687, 10803, 10817, 10842, 10873, 10988, 11118, 11159, 11168, 11206, 11245, 11303, 11333, 11359, 11529, 11576, 11580, 11594, 11711, 11775, 11872, 11912, 11981, 12012, 12189, 12241, 12254, 12343, 12375, 12459, 12564, 12740, 12864, 13003, 13240, 13244, 13293, 13306, 13342, 13356, 13438, 13525, 13541, 13676, 13706, 13751, 13788, 13883, 13900, 13954, 14005, 14038, 14156, 14165, 14186, 14236, 14247, 14251, 14280, 14351, 14363, 14390, 14433, 14578, 14681, 14753, 14755, 14801, 14821, 15121, 15124, 15169, 15235, 15285, 15321, 15368, 15386, 15497, 15560, 15573, 15611, 15618, 15619, 15817, 15884, 15887, 15965, 16236, 16283, 16291, 16504, 16520, 16545, 16546, 16560, 16586, 16588, 16620, 16752, 16852, 17046, 17069, 17091, 17124, 17127, 17153, 17168, 17198, 17232, 17276, 17293, 17335, 17377, 17391, 17512]",c4.cgn__MORF_ERCC4
c4.cgn,GNF2_APEX1,prerank,-0.4110005989622165,-1.4723233609150708,0.013011152416356878,0.0794098957109522,0.942,27_83,27/83,22.13%,TCERG1;KHDRBS1;RBMX;SFPQ;HMGN1;U2SURP;SNRPD3;SRP72;MTF2;SUPT16H;DIMT1;EXOSC8;TOPBP1;CPSF6;HNRNPA1;CHD1L;HNRNPU;ANAPC5;HMGN2;NCL;WDR41;SRSF2;HMGB1;HNRNPR;SUZ12;NOLC1;FUS,PTBP1;PABPN1;XPO1;LSM7;NOP56;HNRNPAB;FBL;EED;PDS5A;DKC1;ZNF22;RPL4;NOP14;SRSF7;BTF3;NONO;PTMA;DUT;SRSF1;HINT1;NOL11;SYNCRIP;SUMO2;PES1;EIF3L;MRPL16;SRSF10;SF3B3;MRPL9;PPIA;MCM5;SSB;IMPDH2;DHX15;TARDBP;TRA2B;SNRPE;ILF2;SERBP1;U2AF1;USP1;PSMA6;HNRNPC;COMMD3;SRSF3;EIF3D;LSM5;ARMCX6;PPIH;APEX1;NUP43;POLE3;GRSF1;EIF3A;SNRPD1;WDR46;FUS;NOLC1;SUZ12;HNRNPR;HMGB1;SRSF2;WDR41;NCL;HMGN2;ANAPC5;HNRNPU;CHD1L;HNRNPA1;CPSF6;TOPBP1;EXOSC8;DIMT1;SUPT16H;MTF2;SRP72;SNRPD3;U2SURP;HMGN1;SFPQ;RBMX;KHDRBS1;TCERG1,"[179, 844, 1469, 1878, 2049, 2299, 2514, 3207, 3317, 3394, 3921, 3957, 4312, 5313, 5589, 5890, 7095, 7170, 7195, 7246, 7621, 7728, 7732, 7735, 8017, 8127, 8142, 8176, 8206, 8248, 8417, 8781, 9186, 9589, 10154, 10366, 10370, 10675, 10772, 10811, 10872, 11032, 11073, 11101, 11131, 11188, 11354, 11468, 11757, 12075, 12077, 12411, 12597, 12714, 12984, 13080, 13643, 13753, 13872, 14083, 14226, 14385, 14542, 14777, 15143, 15267, 15455, 15554, 15588, 15659, 15770, 15867, 15949, 16339, 16567, 16706, 16826, 16908, 16952, 17028, 17199, 17248, 17332]",c4.cgn__GNF2_APEX1
c4.cgn,GNF2_IL2RB,prerank,0.4597896749600563,1.4436249461299246,0.0408997955010225,0.08065494668292005,0.967,17_37,17/37,24.01%,TTC38;GZMM;RUNX3;CST7;KLRD1;PTGER2;CD7;MYOM2;PTGDR;CD160;CD247;LAIR2;TBX21;MATK;IL18RAP;SUN2;ABHD17A,TTC38;GZMM;RUNX3;CST7;KLRD1;PTGER2;CD7;MYOM2;PTGDR;CD160;CD247;LAIR2;TBX21;MATK;IL18RAP;SUN2;ABHD17A;ASCL2;PRF1;CTSW;PRKCH;NCR3;CX3CR1;CD244;GNLY;KLRC3;CCL4;KLRF1;GZMH;S1PR5;GNPTAB;NKG7;SPON2;ARL4C;IL2RB;PTPN4;GZMA,"[492, 677, 751, 849, 1325, 1376, 1650, 1780, 2128, 2405, 2564, 3239, 3251, 3832, 3895, 3986, 4205, 4691, 4709, 5967, 6300, 6362, 7588, 7718, 7939, 8137, 9267, 9681, 9977, 11247, 12558, 13309, 13655, 13903, 14160, 15244, 16671]",c4.cgn__GNF2_IL2RB
c4.cgn,GNF2_RAB3A,prerank,-0.46990456203710135,-1.4628052034603096,0.03861003861003861,0.08265074347562743,0.959,22_37,22/37,41.86%,SYT11;GRM3;RCAN2;DPP6;SV2B;KCNQ2;ARNT2;RGS7;ARHGEF9;SYT1;NRCAM;GAP43;NDRG4;CAMK2N1;GABBR1;SLC12A5;GABBR2;STXBP1;KIF5C;EPB41L1;EHD3;SNAP91,FAIM2;SYN1;RUNDC3A;FXYD7;GDI1;KIF3C;DNM1;TAGLN3;RALYL;SH3GL2;RAB6B;RAB3A;SULT4A1;SV2A;VAMP2;SNAP91;EHD3;EPB41L1;KIF5C;STXBP1;GABBR2;SLC12A5;GABBR1;CAMK2N1;NDRG4;GAP43;NRCAM;SYT1;ARHGEF9;RGS7;ARNT2;KCNQ2;SV2B;DPP6;RCAN2;GRM3;SYT11,"[5092, 5960, 6135, 6206, 6781, 8080, 8266, 8444, 8635, 8953, 9215, 9354, 9376, 9759, 9949, 10186, 10187, 10594, 10618, 10837, 11031, 11225, 11903, 12223, 12255, 12313, 12401, 12427, 13170, 13240, 13340, 13715, 13793, 14275, 16461, 16537, 17137]",c4.cgn__GNF2_RAB3A
c4.cgn,MORF_ARL3,prerank,-0.3458434141644081,-1.4637509754850655,0.0,0.08334798033673758,0.956,76_259,76/259,24.43%,SLC4A8;PDE10A;NF1;MFN1;ADCYAP1;PPP1R12B;DBT;HTR4;ULK2;IFT27;ATXN3;ATP10B;STAC;LPGAT1;COL19A1;CALN1;EN2;CAMK4;MAGI1;MON2;FRY;COL14A1;ZNF500;TRIM24;MSH3;CYP2A6;RPS6KA5;GCA;COQ7;ESR1;MAP2;DNAJC16;ZNF266;GPLD1;PAX7;IPO9;IL16;KRR1;COL8A1;TSPAN2;MDM2;GUCY2C;GNG4;WBP4;SCAPER;ITIH3;NXPE3;AQP7;NFAT5;GRIK1;SPA17;ERC1;PIK3C2A;ZNF33B;HABP4;ETV3;TPD52;CYP2E1;EPHB2;AMMECR1;ATP6V0A2;GABRB2;ARFGEF2;GLE1;EDIL3;PCM1;PIK3CB;GABRA1;BARX2;PGM3;ZNF157;SLC33A1;CADM4;KRT86;PAXIP1;RGS7,NPFF;MSX1;NOTCH4;RREB1;IGF2;TBX19;NR2F1;BCL2;PPP1R1A;BRD4;ZNF141;FLT1;CEACAM4;SLC18A1;CTRL;CFH;ZBTB40;FOSL1;F2RL3;TMEM11;MSL3;TNFRSF25;COX6A2;TIE1;HTR3A;NCKIPSD;GPR171;STK17A;HNF1A;COLQ;SLC2A1;ABCB1;NTNG2;MYL3;CASP10;SGPL1;NRTN;NRP2;NHEJ1;RXRG;BCL2L11;IL11RA;CXCL5;KLHL18;AQP5;GRIK5;GCM1;LTBP4;SRPK3;HTR1E;PAX6;SLC13A2;TBX5;NEUROD2;LGI1;TBC1D22A;SCN7A;AMOT;IQCK;PDE6A;DKK4;PLEKHB1;ADAMTSL3;ZNF202;SULT2B1;POFUT2;SLC4A3;DTNA;FZD5;OCM;DOCK1;GPR19;NFIC;TMEM26;DDX52;POU6F2;NR1I2;SLC22A6;SKI;S100A5;KCNA5;ARL3;CYP4F2;SLC6A11;HSD3B2;PVR;OPRL1;ATP8B1;ATF7;CAMK2G;RUNX2;SIM2;SMYD5;ASB4;POU6F1;SLC16A5;SUPT3H;CYP2D6;C1orf216;DPT;PHF10;BNIP1;KLRC4;JRKL;ART1;FGF18;ATF2;IL13;TRIO;PDE4D;NR3C2;BRCA1;KNG1;ABCC8;SLC6A2;TENM4;SEZ6L;FIG4;ELAVL2;EXOC4;RB1CC1;ADCY3;RAD51D;HTR7;MC5R;CD8A;ZNF133;SULT4A1;PRKACA;FAS;SIRPB1;PAX9;CACNB1;GPR18;GNPAT;RYR3;CPB2;TACC2;CD6;KDR;CDC73;SYT5;MLLT10;SLC46A3;FRYL;CYP11A1;LY9;PTPRB;AFF2;UBE4B;ABCB10;TFDP2;ELL2;POLR2K;ITIH4;PPP2R5B;HCRTR2;ATP6V1B1;MAPT;ZBTB14;HTR1B;PHLDB1;MAGEA8;COLGALT2;NOS2;FBXL4;R3HCC1L;CELA2B;TANC2;FSHR;FNTB;ABCB9;GJB5;CRHR1;ERCC4;ADAM20;MYOZ3;INA;NRXN1;MYT1;RORB;GPATCH8;SYNJ2;RGS7;PAXIP1;KRT86;CADM4;SLC33A1;ZNF157;PGM3;BARX2;GABRA1;PIK3CB;PCM1;EDIL3;GLE1;ARFGEF2;GABRB2;ATP6V0A2;AMMECR1;EPHB2;CYP2E1;TPD52;ETV3;HABP4;ZNF33B;PIK3C2A;ERC1;SPA17;GRIK1;NFAT5;AQP7;NXPE3;ITIH3;SCAPER;WBP4;GNG4;GUCY2C;MDM2;TSPAN2;COL8A1;KRR1;IL16;IPO9;PAX7;GPLD1;ZNF266;DNAJC16;MAP2;ESR1;COQ7;GCA;RPS6KA5;CYP2A6;MSH3;TRIM24;ZNF500;COL14A1;FRY;MON2;MAGI1;CAMK4;EN2;CALN1;COL19A1;LPGAT1;STAC;ATP10B;ATXN3;IFT27;ULK2;HTR4;DBT;PPP1R12B;ADCYAP1;MFN1;NF1;PDE10A;SLC4A8,"[214, 231, 781, 806, 826, 898, 1093, 1238, 1271, 1421, 1512, 1534, 1720, 1763, 1888, 2051, 2152, 2188, 2216, 2391, 2401, 2404, 2434, 2491, 2787, 2826, 2871, 3031, 3074, 3087, 3156, 3190, 3250, 3253, 3306, 3417, 3421, 3520, 3592, 3602, 3812, 3842, 3891, 3930, 4046, 4406, 4527, 4551, 4608, 4721, 4803, 4819, 4864, 4916, 4940, 4963, 4973, 4997, 5004, 5036, 5202, 5278, 5401, 5418, 5450, 5465, 5491, 5512, 5568, 5598, 5632, 5702, 5825, 5880, 5919, 5991, 6022, 6062, 6189, 6325, 6341, 6378, 6414, 6443, 6446, 6517, 6582, 6583, 6701, 6774, 6841, 6968, 6985, 7051, 7077, 7299, 7327, 7348, 7435, 7501, 7676, 7890, 7921, 7986, 8067, 8121, 8136, 8159, 8219, 8278, 8411, 8479, 8499, 8504, 8506, 8681, 8713, 8855, 8893, 8951, 8973, 9021, 9164, 9170, 9268, 9346, 9364, 9376, 9427, 9493, 9515, 9570, 9757, 9887, 9936, 9956, 9992, 10096, 10125, 10163, 10314, 10414, 10494, 10498, 10503, 10566, 10570, 10643, 10687, 10794, 10803, 10817, 10930, 10988, 11047, 11118, 11168, 11176, 11206, 11245, 11252, 11333, 11359, 11529, 11576, 11580, 11711, 11775, 11872, 11912, 11981, 12189, 12241, 12254, 12343, 12375, 12394, 12481, 12564, 12740, 12864, 12947, 13003, 13240, 13244, 13293, 13306, 13356, 13438, 13525, 13536, 13541, 13676, 13706, 13751, 13788, 13844, 13883, 13900, 13954, 14005, 14038, 14165, 14186, 14236, 14280, 14351, 14363, 14390, 14578, 14755, 14801, 14821, 15121, 15154, 15169, 15235, 15269, 15285, 15321, 15368, 15386, 15497, 15618, 15619, 15817, 15884, 15887, 15965, 16134, 16236, 16283, 16291, 16405, 16504, 16520, 16545, 16546, 16588, 16620, 16752, 16852, 17046, 17069, 17091, 17124, 17127, 17142, 17153, 17168, 17198, 17206, 17276, 17335, 17339, 17377, 17391, 17394, 17512]",c4.cgn__MORF_ARL3
c4.cgn,MORF_BCL2L11,prerank,-0.3731280077991759,-1.4515312117058656,0.003976143141153081,0.08843007816136798,0.976,44_145,44/145,24.40%,SLC4A8;PDE10A;DBT;ATXN3;STAC;COL19A1;CALN1;CAMK4;MON2;TRIM24;RPS6KA5;MASP2;MAP2;DNAJC16;ZNF266;GPLD1;PAX7;IPO9;IL16;KRR1;COL8A1;MDM2;GUCY2C;GNG4;ZNF134;IL7;NXPE3;AQP7;NFAT5;ZNF200;SPA17;ATP2B2;LECT2;CYP2E1;EPHB2;AMMECR1;ATP6V0A2;GLE1;EDIL3;PCM1;PGM3;ZNF157;CADM4;PAXIP1,NPFF;RREB1;TBX19;CTRL;CFH;FOSL1;F2RL3;MSL3;COX6A2;SPATA2;GPR171;HNF1A;NTNG2;NRTN;RXRG;BCL2L11;IL11RA;CXCL5;ZNF821;GCM1;LTBP4;SRPK3;HTR1E;LGI1;SCN7A;AMOT;PDE6A;ADAMTSL3;SLC4A3;FZD5;OCM;GPR19;TMEM26;RNF24;POU6F2;NR1I2;SLC22A6;S100A5;KCNA5;ARL3;PVR;ATP8B1;RUNX2;SIM2;POU6F1;SUPT3H;C1orf216;PHF10;KLRC4;FGF18;ATF2;PDE4D;NR3C2;BRCA1;KNG1;ABCC8;SLC6A2;PLA2R1;TENM4;ELAVL2;EXOC4;RB1CC1;RAD51D;MC5R;CD8A;SULT4A1;FAS;SIRPB1;PAX9;GPR18;GNPAT;RYR3;CPB2;CDC73;DMD;SYT5;MLLT10;CYP11A1;PTPRB;ABCB10;TFDP2;POLR2K;HCRTR2;ZBTB14;PHLDB1;COLGALT2;NOS2;FBXL4;R3HCC1L;TANC2;FSHR;FNTB;USP46;GJB5;CRHR1;ERCC4;ADAM20;GLRA3;NRXN1;SOAT2;RORB;PAXIP1;CADM4;ZNF157;PGM3;PCM1;EDIL3;GLE1;ATP6V0A2;AMMECR1;EPHB2;CYP2E1;LECT2;ATP2B2;SPA17;ZNF200;NFAT5;AQP7;NXPE3;IL7;ZNF134;GNG4;GUCY2C;MDM2;COL8A1;KRR1;IL16;IPO9;PAX7;GPLD1;ZNF266;DNAJC16;MAP2;MASP2;RPS6KA5;TRIM24;MON2;CAMK4;CALN1;COL19A1;STAC;ATXN3;DBT;PDE10A;SLC4A8,"[214, 806, 898, 1888, 2051, 2188, 2216, 2401, 2434, 2450, 2871, 3074, 3250, 3421, 3602, 3812, 3842, 3891, 3948, 4527, 4551, 4608, 4721, 4940, 4973, 4997, 5036, 5401, 5491, 5568, 5598, 5702, 5880, 5889, 5991, 6022, 6062, 6325, 6341, 6378, 6517, 6583, 6841, 6968, 7077, 7327, 7435, 7676, 7921, 8121, 8136, 8278, 8411, 8479, 8499, 8504, 8506, 8579, 8681, 8893, 8951, 8973, 9164, 9268, 9346, 9376, 9493, 9515, 9570, 9887, 9936, 9956, 9992, 10314, 10392, 10414, 10494, 10566, 10643, 10803, 10817, 10988, 11168, 11245, 11333, 11529, 11576, 11580, 11711, 11872, 11912, 11981, 12012, 12241, 12254, 12343, 12375, 12459, 12564, 12861, 12864, 13244, 13306, 13438, 13525, 13706, 13751, 13788, 13900, 13954, 14005, 14038, 14156, 14287, 14390, 14681, 14755, 14801, 14821, 14894, 15124, 15235, 15269, 15285, 15368, 15386, 15497, 15618, 15619, 15817, 15884, 15887, 15965, 16068, 16291, 16520, 16620, 16852, 17069, 17091, 17127, 17153, 17276, 17394, 17512]",c4.cgn__MORF_BCL2L11
c4.cgn,MORF_IL4,prerank,-0.3695562087201738,-1.4518647575687957,0.005859375,0.08952092357210309,0.976,40_150,40/150,21.77%,CDKL5;PPM1E;ZNF132;ATXN3;ATP10B;STAC;DNAJC22;COL19A1;CALN1;MID2;CAMK4;MAGI1;KPNA1;TNIK;SFRP4;GCA;LDB3;TLL1;MPP3;CDH8;PAX7;IPO9;STXBP5L;SLC14A2;COL8A1;MDM2;REPS2;GNG4;IL7;DEPDC5;ATP8A2;GRIK1;B4GALT6;EDN3;ATP2B2;LECT2;AMMECR1;GABRB2;EDIL3;PCM1,NPFF;LRP4;CA3;RAC3;TBX19;BRD4;SLC6A4;THRA;FOSL1;FGF2;PLXNA3;NCKIPSD;GPR171;HNF1A;MAP2K7;ABCB1;NTNG2;LILRA4;NHEJ1;RXRG;MPZL1;NPAS2;DOK5;CTSB;GCM1;ATF6B;SRPK3;CDH4;HTR1E;PAX6;LGI1;PDE6A;ADAMTSL3;ZNF202;FZD5;GPR19;RNF24;AIM2;POU6F2;PSD;NEB;KCNA5;PVR;ATP8B1;SOCS6;SLC16A5;SUPT3H;HOXB7;PDCD1;LILRA1;MAP2K6;PHF10;RBMS3;ROR2;KLRC4;JRKL;ATF2;TRIO;PDE4D;NR3C2;IL4;CCIN;SLC6A2;ST8SIA1;TENM4;TSPYL1;EXOC4;RB1CC1;DRD1;IFNA1;RAD51D;F2RL1;SULT4A1;AKAP3;SLC17A7;IFNW1;RYR3;GZMH;CPB2;PTPRS;TACC2;TNK1;ENOX2;CDC73;DMD;MLLT10;SLC46A3;UBE4B;ITGBL1;ELL2;ECM2;HCRTR2;ZBTB14;PHLDB1;MAGEA8;COLGALT2;NOS2;SEMA6A;FSHR;OTC;GJB5;CRHR1;ADAM20;GLRA3;SOAT2;VIP;C6;CADM4;ZNF157;THPO;PCM1;EDIL3;GABRB2;AMMECR1;LECT2;ATP2B2;EDN3;B4GALT6;GRIK1;ATP8A2;DEPDC5;IL7;GNG4;REPS2;MDM2;COL8A1;SLC14A2;STXBP5L;IPO9;PAX7;CDH8;MPP3;TLL1;LDB3;GCA;SFRP4;TNIK;KPNA1;MAGI1;CAMK4;MID2;CALN1;COL19A1;DNAJC22;STAC;ATP10B;ATXN3;ZNF132;PPM1E;CDKL5,"[214, 661, 727, 747, 898, 1421, 1789, 2052, 2188, 2211, 2610, 2826, 2871, 3074, 3121, 3190, 3250, 3572, 3592, 3602, 3732, 4199, 4347, 4381, 4527, 4537, 4608, 4663, 4721, 4803, 4940, 5036, 5401, 5418, 5568, 5702, 5889, 5965, 5991, 6059, 6283, 6341, 6517, 6583, 6633, 7299, 7327, 7372, 7552, 7636, 7672, 7676, 7701, 7746, 7921, 7986, 8136, 8219, 8278, 8411, 8442, 8478, 8506, 8649, 8681, 8891, 8951, 8973, 8994, 9040, 9164, 9196, 9376, 9377, 9653, 9795, 9956, 9977, 9992, 10043, 10096, 10129, 10290, 10314, 10392, 10494, 10498, 10794, 10842, 10930, 10963, 11168, 11245, 11333, 11359, 11529, 11576, 11718, 11912, 12240, 12241, 12254, 12375, 12459, 12861, 12940, 13010, 13306, 13438, 13556, 13706, 13751, 13883, 13954, 14156, 14287, 14394, 14436, 14578, 14653, 14828, 14894, 15235, 15282, 15285, 15368, 15440, 15481, 15618, 15619, 15633, 15653, 16091, 16152, 16283, 16403, 16472, 16527, 16752, 16852, 16856, 17069, 17091, 17101, 17127, 17142, 17153, 17185, 17232, 17515]",c4.cgn__MORF_IL4
c4.cgn,MORF_IFNA1,prerank,-0.3591715451765416,-1.445403280660931,0.0,0.09225027060715284,0.979,50_164,50/164,23.30%,CDKL5;SLC4A8;DBT;PPM1E;ZNF132;ATXN3;ATP10B;STAC;DNAJC22;COL19A1;CALN1;CAMK4;MON2;CLCN3;COL14A1;KPNA1;TRIM24;GCA;COQ7;LDB3;TLL1;MAP2;MPP3;CDH8;IPO9;TTN;COL8A1;MDM2;GUCY2C;GNG4;ITIH3;CAMTA1;LIPC;IL7;CACNA2D1;GRIK1;B4GALT6;SPA17;ATP2B2;LECT2;CYP2E1;CLCN4;AMMECR1;PTPRR;GABRB2;EDIL3;PCM1;THPO;PGM3;ZNF157,IFNA2;HSPA1L;NPFF;TPD52L1;DMPK;LRP4;RREB1;TBX19;BRD4;ZNF141;CFH;ZBTB40;FOSL1;FGF2;GPR171;GYPA;HNF1A;MAP2K7;ABCB1;NTNG2;NHEJ1;RXRG;RYR1;CXCL5;NPAS2;DOK5;CTSB;GCM1;ATF6B;HTR1E;FUT1;PAX6;LGI1;PDE6A;ADAMTSL3;ZNF202;FZD5;GPR19;CDR1;TMEM26;DDX52;POU6F2;NR1I2;PSD;NEB;S100A5;KCNA5;HEPH;HSD3B2;PVR;ATP8B1;SIM2;MAP3K1;SUPT3H;FAM110B;LILRA1;ROR2;KLRC4;JRKL;FGF18;ATF2;PDE4D;NR3C2;IL4;RBBP7;SLC6A2;ST8SIA1;NOL4;EXOC4;RB1CC1;DRD1;IFNA1;FLRT2;RAD51D;F2RL1;DAZL;MC5R;SULT4A1;AKAP3;EYA1;IFNA8;IFNW1;GPR18;RYR3;CPB2;TNK1;CDC73;SLC26A4;DMD;MLLT10;SLC46A3;PTPRB;ABCB10;ITGBL1;PRKCA;HCRTR2;ZBTB14;SMYD3;PHLDB1;MAGEA8;COLGALT2;FBXL4;SGCD;R3HCC1L;FSHR;OTC;GJB5;CRHR1;ERCC4;ADAM20;GLRA3;RORB;C6;CADM4;ZNF157;PGM3;THPO;PCM1;EDIL3;GABRB2;PTPRR;AMMECR1;CLCN4;CYP2E1;LECT2;ATP2B2;SPA17;B4GALT6;GRIK1;CACNA2D1;IL7;LIPC;CAMTA1;ITIH3;GNG4;GUCY2C;MDM2;COL8A1;TTN;IPO9;CDH8;MPP3;MAP2;TLL1;LDB3;COQ7;GCA;TRIM24;KPNA1;COL14A1;CLCN3;MON2;CAMK4;CALN1;COL19A1;DNAJC22;STAC;ATP10B;ATXN3;ZNF132;PPM1E;DBT;SLC4A8;CDKL5,"[178, 188, 214, 288, 529, 661, 806, 898, 1421, 1512, 2051, 2152, 2188, 2211, 2871, 2930, 3074, 3121, 3190, 3250, 3592, 3602, 3704, 3891, 4199, 4347, 4381, 4527, 4537, 4721, 4784, 4803, 4940, 5036, 5401, 5418, 5568, 5702, 5786, 5880, 5919, 5991, 6022, 6059, 6283, 6325, 6341, 6400, 6446, 6517, 6583, 6968, 7054, 7327, 7463, 7636, 7746, 7921, 7986, 8121, 8136, 8278, 8411, 8442, 8460, 8506, 8649, 8950, 8951, 8973, 8994, 9040, 9108, 9164, 9196, 9243, 9268, 9376, 9377, 9505, 9616, 9795, 9887, 9956, 9992, 10129, 10314, 10356, 10392, 10494, 10498, 10643, 10803, 10842, 10873, 11168, 11245, 11302, 11333, 11359, 11529, 11580, 11594, 11711, 11912, 12240, 12241, 12254, 12343, 12375, 12459, 12864, 13010, 13306, 13438, 13525, 13556, 13706, 13751, 13883, 13925, 13954, 14020, 14038, 14156, 14287, 14390, 14436, 14578, 14753, 14894, 14941, 15022, 15121, 15235, 15269, 15285, 15368, 15422, 15618, 15633, 15653, 15965, 16091, 16152, 16236, 16283, 16520, 16527, 16546, 16560, 16620, 16852, 17069, 17091, 17101, 17127, 17142, 17153, 17185, 17232, 17276, 17512, 17515]",c4.cgn__MORF_IFNA1
c4.cgn,MORF_CSNK1D,prerank,0.4063605444025845,1.4181612405230157,0.04008438818565401,0.0942987028459946,0.985,25_67,25/67,20.18%,MGAT1;GPR35;PCGF1;STK19;PML;RASSF7;RABAC1;BAHD1;SRRT;FAM89B;PCGF2;PPP1R10;SDR39U1;B4GALT3;MTX1;NELFB;RAF1;ZC3H3;STAT3;PRKCSH;KHNYN;EML3;CSNK1D;PLIN3;RABGGTA,MGAT1;GPR35;PCGF1;STK19;PML;RASSF7;RABAC1;BAHD1;SRRT;FAM89B;PCGF2;PPP1R10;SDR39U1;B4GALT3;MTX1;NELFB;RAF1;ZC3H3;STAT3;PRKCSH;KHNYN;EML3;CSNK1D;PLIN3;RABGGTA;ALDH4A1;SH2B1;DHRS1;MRPL28;ST14;NAP1L4;NUDT3;KDM5C;CIB1;ARPC4;ATG9A;MORC3;TIAL1;OTUB1;TUBGCP2;MR1;IKBKG;SLC9A1;ADAM15;PCBP3;MKRN1;BRD3;RAB1A;SS18;LSM12;NFYB;RNF103;METAP1;POLR2A;RPRD2;MFN2;TERF2IP;SFSWAP;AGPAT1;BECN1;DDB1;CHD8;CNP;PARN;TPR;SLC25A36;PRKAG1,"[100, 156, 556, 920, 985, 1015, 1038, 1484, 1571, 1769, 1786, 1812, 2011, 2151, 2215, 2632, 3033, 3095, 3143, 3248, 3268, 3448, 3453, 3518, 3535, 3735, 4052, 4255, 4262, 4332, 4529, 4736, 4779, 5183, 5513, 5732, 6912, 6913, 7059, 7298, 7537, 7584, 7867, 8085, 8091, 10100, 10940, 10946, 11559, 12349, 12358, 12494, 12552, 12851, 12944, 13019, 13023, 13427, 13440, 14024, 14043, 14047, 14636, 15639, 15832, 16642, 16705]",c4.cgn__MORF_CSNK1D
c4.cgn,GNF2_CASP8,prerank,0.5061648759605626,1.4216231971132787,0.0778688524590164,0.09481844599979727,0.985,11_24,11/24,22.78%,STK38;GIMAP6;GIMAP4;ITGAL;BTN3A3;LCP2;HECA;BIN2;BTN3A2;TRAF3IP3;PTPRC,STK38;GIMAP6;GIMAP4;ITGAL;BTN3A3;LCP2;HECA;BIN2;BTN3A2;TRAF3IP3;PTPRC;TMC6;CYTIP;C11orf21;RNF44;PARP8;CASP8;STK10;CYTH1;SEMA4D;MBNL1;ATM;BTN3A1;SNRK,"[222, 2224, 2685, 2736, 3109, 3402, 3468, 3511, 3670, 3697, 3989, 5359, 5717, 6854, 8027, 9482, 10378, 10692, 10917, 11152, 11269, 11270, 12140, 13411]",c4.cgn__GNF2_CASP8
c4.cgn,GNF2_TYK2,prerank,0.4684616949670114,1.4194878345327173,0.05991735537190083,0.09485939520043798,0.985,10_32,10/32,16.54%,HCLS1;PHF21A;ARPC1B;PAPOLA;TYK2;ELF4;LCP1;STAT6;ARHGDIB;DOCK2,HCLS1;PHF21A;ARPC1B;PAPOLA;TYK2;ELF4;LCP1;STAT6;ARHGDIB;DOCK2;ARHGAP4;EIF1;MOB1A;NCKAP1L;BNIP2;GRK6;CDV3;LRRFIP1;PAK2;CORO7;CORO1A;PSMB10;DDX3X;MANBA;USP3;CHD1;DDX5;ADPGK;FAM120A;HEATR3;GDI2;ACTR2,"[286, 371, 654, 1076, 1122, 1471, 1537, 2644, 2833, 2897, 3994, 4426, 4542, 4799, 5309, 6438, 6817, 6976, 7446, 7687, 8042, 8147, 8765, 9421, 10483, 10554, 11020, 14051, 14417, 14869, 15227, 16913]",c4.cgn__GNF2_TYK2
c4.cgn,GCM_RAP2A,prerank,-0.4692930658987513,-1.4392745997198142,0.038817005545286505,0.09489405856216723,0.981,11_34,11/34,17.43%,CLASP2;CCDC88A;KIDINS220;ADO;RALGAPA1;ABI2;ZFP14;TMEM30A;TUBGCP3;UBQLN1;CAND1,HMBOX1;TEAD1;ZFAND3;LRRC8A;CLEC16A;SOX5;PHF2;SMAP1;SNX27;RAN;MTMR1;NGRN;ENAH;RAB10;RAP2A;CEP350;FBXW11;GABBR2;SPIRE1;NAB1;SPAG9;PHYHIPL;IPO7;CAND1;UBQLN1;TUBGCP3;TMEM30A;ZFP14;ABI2;RALGAPA1;ADO;KIDINS220;CCDC88A;CLASP2,"[402, 3355, 3403, 4227, 5143, 5260, 5659, 5977, 5983, 8903, 9176, 9865, 10169, 10353, 10369, 10450, 10709, 11031, 11229, 12337, 13077, 13506, 13808, 14466, 14692, 14712, 15754, 16319, 16343, 16374, 16540, 17129, 17150, 17170]",c4.cgn__GCM_RAP2A
c4.cgn,MORF_CCNF,prerank,-0.40795251976234154,-1.4284622449841913,0.02830188679245283,0.09683651382663616,0.985,29_72,29/72,26.82%,HLTF;PLK4;LPGAT1;SEC23IP;EIF4E;MSH3;TAF2;TPP2;CLPX;NUDT13;DIMT1;DDX46;PEX3;HMGN4;KPNB1;MAD2L1;SIGMAR1;MYCBP;HSPA13;UBE2V2;OARD1;SPAST;CDC7;PAXIP1;MFN2;ANP32E;SYNJ2;EXTL2;COQ2,NELFA;TIMM44;CDK11A;TRIM27;DNA2;CCNF;TMEM11;CENPA;FANCG;CPSF4;MPHOSPH6;LARS2;PDXDC1;PLEKHB1;GTSE1;RAP1A;PPP5C;TAF5;EIF5B;MKI67;TRIP13;CSTF3;ARHGAP11A;NKRF;WDR62;CAMK2G;POLA1;C1orf216;PHF10;SPRED2;FANCI;BRCA1;PIGF;RFC5;CETN3;HNRNPL;RRP9;FRYL;AFF2;BMS1;TTI1;SMG1;NFYB;COQ2;EXTL2;SYNJ2;ANP32E;MFN2;PAXIP1;CDC7;SPAST;OARD1;UBE2V2;HSPA13;MYCBP;SIGMAR1;MAD2L1;KPNB1;HMGN4;PEX3;DDX46;DIMT1;NUDT13;CLPX;TPP2;TAF2;MSH3;EIF4E;SEC23IP;LPGAT1;PLK4;HLTF,"[652, 1055, 1106, 1611, 1690, 2271, 2391, 3907, 4445, 4602, 4855, 5131, 5277, 5278, 5480, 5616, 5644, 5667, 5863, 5891, 6199, 6385, 6471, 6541, 6630, 6774, 7340, 7435, 7676, 8388, 8465, 8479, 8497, 8556, 9250, 9987, 10037, 10503, 10687, 10848, 12297, 12317, 12358, 12821, 12841, 13003, 13005, 13019, 13244, 13361, 13551, 13625, 13836, 13994, 14118, 14235, 14365, 14483, 15558, 15712, 15870, 15949, 15951, 16063, 16261, 16345, 16504, 16760, 16797, 17124, 17310, 17368]",c4.cgn__MORF_CCNF
c4.cgn,GNF2_CCNA1,prerank,-0.4308709466772424,-1.4285398714127069,0.024761904761904763,0.09815413836634604,0.985,13_48,13/48,17.95%,PHF7;SPAG6;TCP11;KDM4D;PIAS2;APH1B;IL13RA2;ODF1;LDHC;ANKRD7;SPATA6;SPA17;MLF1,HSPA1L;IQCE;FSCN3;ZC2HC1C;SLC6A16;RFPL3S;GID4;GAPDHS;TEX14;TKTL1;SOX5;ZMYND10;RBMXL2;CABYR;KCNK4;ODF2;DNALI1;ACR;GSTM3;GSG1;CCIN;ACRV1;YBX2;MROH7;AKAP3;ACSBG2;RIBC2;TCFL5;CCNA1;GRK4;DDX25;CLPB;OAZ3;ZPBP;ROPN1;MLF1;SPA17;SPATA6;ANKRD7;LDHC;ODF1;IL13RA2;APH1B;PIAS2;KDM4D;TCP11;SPAG6;PHF7,"[188, 1234, 2524, 2557, 3078, 3174, 3271, 4589, 4935, 5191, 5260, 6254, 7128, 7139, 7201, 7497, 7572, 7577, 8401, 8446, 8478, 9055, 9156, 9198, 9377, 9702, 9775, 10274, 10863, 10900, 11042, 11710, 11747, 12927, 13113, 14374, 14390, 14763, 15107, 15324, 16073, 16321, 16361, 16696, 17086, 17154, 17288, 17334]",c4.cgn__GNF2_CCNA1
c4.cgn,GCM_NF2,prerank,-0.3420596816637368,-1.4312876343866163,0.005802707930367505,0.09874558994205121,0.985,81_272,81/272,19.89%,MTCH2;BOD1L1;IFT52;VEZT;NUCKS1;OGFOD1;GLT8D1;MTMR7;MFSD8;WSB1;PTCD3;ZNF529;NUP133;TMEM138;U2SURP;TUBGCP4;ZNF559;MRI1;KLHL11;EXOSC6;PJA2;ASH1L;SCG2;YME1L1;SUMF2;FBXO9;TAF9B;HECTD1;ATG2B;DDX47;MTMR4;MTPN;TINF2;USP33;OTUD6B;LRIG2;TSNAX;RPL7L1;TMEM199;COG5;SUV39H1;SIN3A;DYNC1I2;C2CD5;AGAP4;WDR70;ANKRA2;TOX4;GTF2A1;ANAPC5;DBNL;BRD9;RAB14;RTN4;SNAPC3;PSME3;FOXJ3;MRPL30;STAMBP;SPTLC1;TM9SF3;TTC17;DHX40;ACTR10;ZNF84;ISCA1;ZFAND5;CAND1;ZNF512;FAN1;ZDHHC4;ATP2B2;PPIG;CHTOP;SLC35B2;NAPG;ZNF292;HNRNPR;DHRS11;UBE2N;WSB2,SPECC1L;KLHL17;ATG4B;WDR6;NPFF;MEPCE;POLDIP3;SMG5;MBD3;SNX33;MOB4;BCL2L1;ING1;SETD1A;ALKBH5;SCAMP2;BAHD1;MRPS5;ZER1;RABL2B;TADA2B;MED17;CIZ1;ASB3;SAFB;RIPK1;METTL17;COPS6;HGS;TRAF7;GMEB2;WDR33;MTRF1L;URGCP;INTS5;PATL1;RAPGEF1;NF2;AMMECR1L;TUT1;STRN4;TSEN34;KLHL18;SH2B1;DCUN1D3;EPS15L1;RABIF;SNX15;BABAM1;CNPPD1;DHCR7;ANKRD40;ZNF275;MAP6;KIAA2013;ARFGAP1;CSRNP2;OSBPL2;IQCK;ERAL1;CLEC16A;ASB6;AAR2;B4GALT2;CENPO;RTBDN;RNF216;EMC8;NCLN;LUC7L2;PIP4K2B;SAMD4B;TBCK;VPS26B;SAP130;TBC1D22B;USP19;EIF4EBP2;UBQLN4;ABHD16A;MAPK8IP3;AP2A1;IDH3G;KIAA1191;RNF41;BAZ2A;VCP;PACS2;HAAO;NAA30;ANKRD10;WBP2;PHF10;MRPL10;TBC1D10B;COQ10A;GPBP1;C1orf52;PRPF8;FOXO3;AAAS;GFM2;TMEM245;MSL1;GGT7;ATXN7L3;ASCC1;RAN;TNPO1;ZFR;TNPO2;KLF12;ZNF133;NUMA1;TEX261;CS;DHX37;EDNRA;APMAP;TMEM167B;GSPT1;PHAX;MORF4L1;ZNF12;KLHL12;ZNF644;UBR7;RANBP6;SLC38A7;TSPYL4;SIDT2;ASB7;SEC22C;ZXDB;POGZ;GOLGA7;COMMD9;PEX11B;SNRNP200;DDX17;TBC1D14;KDM3B;ACAD11;MYO9A;KPNA6;POLR2M;CIAPIN1;VRK3;RMDN3;EHBP1;CHD9;JKAMP;FNTB;RABGEF1;CHUK;EVI5L;PRRC2B;ZNF710;UPF3A;DENND4A;UBE2K;DENR;VPS53;MAPK8IP1;WDR19;PIGS;FN3KRP;LIG3;FAM168B;MKS1;RALGPS1;MMAB;PREP;FBXL20;MFN2;OCIAD1;RMND5B;APPBP2;TRPC4AP;LEMD3;PRDM4;IPO5;VPS52;AARS2;CHAMP1;GORASP1;TBC1D15;TMEM106B;PRKRA;RPS6KC1;XPO6;WSB2;UBE2N;DHRS11;HNRNPR;ZNF292;NAPG;SLC35B2;CHTOP;PPIG;ATP2B2;ZDHHC4;FAN1;ZNF512;CAND1;ZFAND5;ISCA1;ZNF84;ACTR10;DHX40;TTC17;TM9SF3;SPTLC1;STAMBP;MRPL30;FOXJ3;PSME3;SNAPC3;RTN4;RAB14;BRD9;DBNL;ANAPC5;GTF2A1;TOX4;ANKRA2;WDR70;AGAP4;C2CD5;DYNC1I2;SIN3A;SUV39H1;COG5;TMEM199;RPL7L1;TSNAX;LRIG2;OTUD6B;USP33;TINF2;MTPN;MTMR4;DDX47;ATG2B;HECTD1;TAF9B;FBXO9;SUMF2;YME1L1;SCG2;ASH1L;PJA2;EXOSC6;KLHL11;MRI1;ZNF559;TUBGCP4;U2SURP;TMEM138;NUP133;ZNF529;PTCD3;WSB1;MFSD8;MTMR7;GLT8D1;OGFOD1;NUCKS1;VEZT;IFT52;BOD1L1;MTCH2,"[98, 131, 151, 196, 214, 528, 608, 767, 818, 824, 997, 1087, 1121, 1196, 1315, 1423, 1484, 1772, 2103, 2175, 2187, 2333, 2460, 2461, 2532, 2701, 2732, 2781, 2925, 2926, 3032, 3108, 3177, 3194, 3410, 3437, 3438, 3658, 3740, 3809, 3860, 3878, 3930, 4052, 4095, 4172, 4330, 4333, 4337, 4405, 4439, 4544, 4547, 4751, 4763, 4788, 4957, 4990, 5004, 5023, 5143, 5208, 5217, 5228, 5266, 5611, 5647, 5681, 5697, 5783, 5956, 6069, 6085, 6170, 6291, 6309, 6412, 6420, 6492, 6745, 6821, 6922, 7002, 7097, 7198, 7234, 7245, 7259, 7312, 7412, 7456, 7460, 7676, 7738, 7764, 7905, 7910, 7934, 7992, 8003, 8169, 8200, 8286, 8368, 8457, 8702, 8883, 8903, 8972, 9149, 9233, 9297, 9364, 9366, 9412, 9436, 9517, 9524, 9599, 9727, 9773, 9932, 9976, 9985, 10057, 10254, 10306, 10307, 10443, 10637, 10659, 10723, 10762, 10798, 10813, 10832, 10931, 11074, 11123, 11153, 11174, 11224, 11304, 11401, 11451, 11574, 11795, 11803, 11831, 11876, 11886, 11968, 11981, 12006, 12017, 12078, 12128, 12161, 12213, 12390, 12419, 12426, 12509, 12556, 12653, 12691, 12702, 12722, 12738, 12780, 12831, 12837, 12884, 12920, 13019, 13049, 13070, 13142, 13254, 13265, 13341, 13385, 13389, 13403, 13414, 13439, 13481, 13680, 13697, 13796, 13847, 14034, 14060, 14074, 14083, 14095, 14122, 14126, 14266, 14267, 14287, 14297, 14343, 14411, 14466, 14591, 14639, 14654, 14687, 14731, 14781, 14829, 14836, 14885, 14892, 14901, 14933, 14968, 14995, 15080, 15128, 15173, 15267, 15277, 15319, 15333, 15367, 15519, 15522, 15533, 15543, 15572, 15661, 15691, 15918, 16017, 16048, 16071, 16101, 16109, 16188, 16200, 16226, 16230, 16243, 16286, 16334, 16397, 16459, 16544, 16613, 16665, 16692, 16701, 16759, 16887, 16889, 16908, 16914, 17025, 17072, 17073, 17092, 17120, 17160, 17184, 17191, 17195, 17315, 17336, 17376, 17431]",c4.cgn__GCM_NF2
c4.cgn,MORF_PRKCA,prerank,-0.3604666579766088,-1.4291018996034377,0.007547169811320755,0.09910267380153308,0.985,46_144,46/144,24.05%,SLC4A8;DBT;PPM1E;ZNF132;ATXN3;STAC;DNAJC22;COL19A1;CAMK4;CLCN3;COL14A1;TNIK;COQ7;RBMXL1;LDB3;TLL1;MAP2;IPO9;CDC42BPA;CHRNB4;IL16;COL8A1;MDM2;GNG4;ITIH3;CAMTA1;IL7;AQP7;CACNA2D1;GRIK1;CNTN6;B4GALT6;SPA17;PIK3C2A;LECT2;CYP2E1;EPHB2;AMMECR1;GABRB2;EDIL3;PCM1;THPO;PGM3;ZNF157;SLC33A1;CADM4,IFNA2;NPFF;DMPK;LRP4;RREB1;TBX19;ZNF141;CTRL;CFH;ZBTB40;FOSL1;GPR171;HNF1A;ABCB1;NTNG2;NHEJ1;RXRG;IL11RA;CXCL5;GHRHR;CTSB;GCM1;HTR1E;FUT1;PAX6;LGI1;FAM13A;PDE6A;ADAMTSL3;ZNF202;FZD5;GPR19;CDR1;RNF24;DDX52;POU6F2;NR1I2;NEB;HEPH;HSD3B2;PVR;MAP3K1;POU6F1;SUPT3H;FAM110B;LILRA1;PHF10;KLRC4;JRKL;ATF2;CYP2C19;PDE4D;NR3C2;SLC6A2;ST8SIA1;TENM4;EXOC4;RB1CC1;DRD1;IFNA1;FLRT2;RAD51D;F2RL1;MC5R;SULT4A1;ADRA1A;EYA1;CPEB3;IFNW1;GPR18;RYR3;CPB2;CDC73;DMD;MLLT10;SLC46A3;PTPRB;UBE4B;ABCB10;ITGBL1;PRKCA;HCRTR2;ZBTB14;SMYD3;PHLDB1;MAGEA8;FBXL4;SGCD;R3HCC1L;TANC2;FSHR;GJB5;CRHR1;ERCC4;ADAM20;GLRA3;MYT1;RORB;CADM4;SLC33A1;ZNF157;PGM3;THPO;PCM1;EDIL3;GABRB2;AMMECR1;EPHB2;CYP2E1;LECT2;PIK3C2A;SPA17;B4GALT6;CNTN6;GRIK1;CACNA2D1;AQP7;IL7;CAMTA1;ITIH3;GNG4;MDM2;COL8A1;IL16;CHRNB4;CDC42BPA;IPO9;MAP2;TLL1;LDB3;RBMXL1;COQ7;TNIK;COL14A1;CLCN3;CAMK4;COL19A1;DNAJC22;STAC;ATXN3;ZNF132;PPM1E;DBT;SLC4A8,"[178, 214, 529, 661, 806, 898, 1512, 1888, 2051, 2152, 2188, 2871, 3074, 3190, 3250, 3592, 3602, 3842, 3891, 4232, 4381, 4527, 4721, 4784, 4803, 4940, 4967, 5036, 5401, 5418, 5568, 5702, 5786, 5889, 5919, 5991, 6022, 6283, 6400, 6446, 6517, 7054, 7077, 7327, 7463, 7636, 7676, 7921, 7986, 8136, 8163, 8278, 8411, 8506, 8649, 8681, 8951, 8973, 8994, 9040, 9108, 9164, 9196, 9268, 9376, 9503, 9505, 9700, 9795, 9887, 9956, 9992, 10314, 10392, 10494, 10498, 10643, 10794, 10803, 10842, 10873, 11168, 11245, 11302, 11333, 11359, 11580, 11594, 11711, 11872, 11912, 12241, 12254, 12343, 12375, 12459, 12740, 12864, 13306, 13356, 13438, 13525, 13556, 13706, 13751, 13883, 13954, 14005, 14038, 14156, 14351, 14390, 14436, 14545, 14578, 14753, 14801, 14894, 15022, 15121, 15235, 15285, 15368, 15497, 15573, 15610, 15618, 15965, 16091, 16152, 16161, 16236, 16472, 16546, 16560, 16852, 17091, 17101, 17127, 17153, 17185, 17232, 17276, 17512]",c4.cgn__MORF_PRKCA
c4.cgn,MORF_UBE2A,prerank,-0.4477742582556143,-1.4320167295249127,0.03718199608610567,0.09956968347658093,0.985,19_45,19/45,29.87%,PRKAG1;PRKAR1A;RASA1;TPR;PARN;ARCN1;CUL4B;PRPSAP1;XPC;DNAJC13;DDB1;RAB11A;OARD1;RPRD2;CANX;PDCD10;METAP1;CALM2;HTATSF1,ILVBL;LASP1;MRPL28;PSMB6;UBA1;NUBP1;ZNHIT1;ATP6V1F;SMAD2;VGLL4;MEA1;ARF5;TBCB;CAPZB;DNPEP;PPP1R7;PSMD10;ATXN2;ZZZ3;FBXW11;ARPC5;RAB1A;PPP1R11;PEX11B;RAC1;UBE2A;HTATSF1;CALM2;METAP1;PDCD10;CANX;RPRD2;OARD1;RAB11A;DDB1;DNAJC13;XPC;PRPSAP1;CUL4B;ARCN1;PARN;TPR;RASA1;PRKAR1A;PRKAG1,"[3181, 3541, 4262, 4299, 4716, 5177, 5353, 5476, 6205, 7380, 7695, 7702, 7767, 8009, 8312, 8862, 9104, 10049, 10253, 10709, 10877, 10946, 10997, 11074, 11471, 11882, 12287, 12311, 12552, 12701, 12788, 12944, 13625, 13852, 14043, 14223, 14321, 14912, 15024, 15556, 15639, 15832, 16602, 16685, 16705]",c4.cgn__MORF_UBE2A
c4.cgn,MORF_AP2M1,prerank,0.3417144020118114,1.3939268250679289,0.008602150537634409,0.11135155817717958,0.992,78_206,78/206,27.89%,POLR2H;HDGF;IMPDH1;PLOD3;RXRA;GNB2;HSP90AA1;JTB;MRPL23;BCAP31;EEF1D;CTBP1;TMED9;AP2S1;LYPLA2;P4HB;UBE2I;SRSF9;CLIC1;HSP90AB1;TRAPPC3;UBE2L3;MAP2K2;BANF1;HNRNPAB;TMEM147;POLR2L;MRPS12;PIEZO1;RPL36AL;CAPN1;CTDNEP1;COX7C;STARD7;COG4;COPS6;RPL6;IST1;CSNK2B;SLC4A2;SF3B2;PSMB1;SSR2;NACA;SOD1;TSR3;SMARCD2;LASP1;UBC;PGD;NME2;STOML2;CALR;SETD3;GNAI2;DDX49;TCF25;SNRPB;PSMB6;GPX4;NDUFA1;STX4;SSNA1;AP3D1;TADA3;UBA1;PCBP2;GNAS;TMBIM6;FAU;KDELR1;PRMT1;COX5B;PDAP1;ARHGDIA;ANP32B;COX4I1;SRP14,POLR2H;HDGF;IMPDH1;PLOD3;RXRA;GNB2;HSP90AA1;JTB;MRPL23;BCAP31;EEF1D;CTBP1;TMED9;AP2S1;LYPLA2;P4HB;UBE2I;SRSF9;CLIC1;HSP90AB1;TRAPPC3;UBE2L3;MAP2K2;BANF1;HNRNPAB;TMEM147;POLR2L;MRPS12;PIEZO1;RPL36AL;CAPN1;CTDNEP1;COX7C;STARD7;COG4;COPS6;RPL6;IST1;CSNK2B;SLC4A2;SF3B2;PSMB1;SSR2;NACA;SOD1;TSR3;SMARCD2;LASP1;UBC;PGD;NME2;STOML2;CALR;SETD3;GNAI2;DDX49;TCF25;SNRPB;PSMB6;GPX4;NDUFA1;STX4;SSNA1;AP3D1;TADA3;UBA1;PCBP2;GNAS;TMBIM6;FAU;KDELR1;PRMT1;COX5B;PDAP1;ARHGDIA;ANP32B;COX4I1;SRP14;CLTA;CCT7;GPI;SNX3;GABARAP;SEC61B;COX6A1;ATP6V1F;CYC1;RPN2;KXD1;AP2M1;RALY;PSMB4;HNRNPUL1;COX6B1;NEDD8;GPAA1;PIGC;CLEC18C;PPP2R1A;COPE;NDUFA2;TIAL1;CFL1;PKM;TPI1;SUMO3;EIF4A1;IDH3B;OTUB1;FKBP1A;PPP1CA;HADHB;POLR2I;VCP;SUMO1;MAP3K11;MORF4L2;PSMB7;WBP2;UQCRB;BUD31;ARF5;SUMO2;PSMA4;TBCB;HSPA8;AP1B1;UQCRFS1;CAPZB;COX8A;ATOX1;MRPL9;PPIA;DNPEP;PSMC1;PSMD8;PUF60;RHEB;PPP1R7;RAN;ATP6AP1;COX7A2L;PSMD7;DCTN2;ATP6V0C;COPS5;SRP9;HSBP1;URM1;LDHA;COMMD4;TUBA1B;ACTN4;VAMP3;TUBB2A;PGK1;CNBP;SAP18;RER1;EIF4E2;SNRPE;DRG1;HUWE1;ARPC5;RAB1A;HNRNPC;CBX3;XRCC6;DNAJC8;RAC1;ARF3;ARFGAP2;PGAM1;SEPHS2;CALM2;TMEM59;EIF4G2;MDH1;C1D;ENSA;SKP1;CANX;PCMT1;GMFB;EIF3C;ARPC2;GANAB;VPS52;SLC25A3;YWHAB;SDHA;CAPZA1;RAB5B;BAG5;DDOST;YWHAZ;DAZAP2;CALM1;DAP3;GDI2;TMED2;DYNC1I2;PRKAR1A;MBD4;YWHAQ;HMGN1,"[134, 318, 434, 707, 710, 746, 876, 880, 987, 1256, 1270, 1410, 1520, 1749, 1817, 1840, 1857, 1920, 1955, 1985, 2069, 2076, 2104, 2209, 2299, 2360, 2399, 2485, 2488, 2623, 2681, 2698, 2712, 2743, 2745, 2781, 2812, 2898, 2962, 2964, 3165, 3303, 3305, 3349, 3398, 3485, 3528, 3541, 3543, 3550, 3600, 3648, 3686, 3687, 3746, 3787, 3909, 4167, 4299, 4303, 4429, 4586, 4628, 4667, 4689, 4716, 4719, 4729, 4731, 4734, 4746, 4768, 4769, 4796, 4816, 4820, 4836, 4885, 5058, 5096, 5213, 5248, 5318, 5404, 5419, 5476, 5661, 5693, 5883, 5915, 5946, 6246, 6288, 6303, 6619, 6643, 6649, 6675, 6695, 6700, 6766, 6913, 6939, 7001, 7010, 7026, 7033, 7055, 7059, 7100, 7117, 7160, 7194, 7245, 7337, 7357, 7391, 7404, 7460, 7480, 7503, 7702, 7732, 7762, 7767, 7879, 7884, 7978, 8009, 8139, 8143, 8206, 8248, 8312, 8434, 8583, 8815, 8835, 8862, 8903, 8926, 9100, 9152, 9173, 9303, 9312, 9423, 9489, 9506, 9549, 9556, 9644, 9667, 9874, 9904, 9922, 10132, 10222, 10239, 10288, 10370, 10437, 10571, 10877, 10946, 11073, 11297, 11348, 11464, 11471, 11621, 11662, 11781, 12151, 12311, 12410, 12560, 12589, 12608, 12665, 12689, 12788, 12872, 12898, 13078, 13091, 13207, 13389, 13514, 13801, 13860, 14203, 14289, 14353, 14615, 14665, 14718, 14779, 15084, 15227, 15290, 15533, 16685, 16724, 16842, 16952]",c4.cgn__MORF_AP2M1
c4.cgn,GCM_SIRT2,prerank,-0.4454239911754146,-1.3955843249919364,0.0625,0.12260200872714672,0.997,13_40,13/40,25.71%,DDHD2;LANCL1;WSB1;TMEM30A;SCD5;DYNC1H1;RTN4;UBL3;KIF3B;GORASP1;ANKFY1;MFN2;PEAK1,PDE4DIP;TNK2;KCNJ10;MYO10;PLEKHB1;IL6ST;PITPNC1;SNX27;SEC14L2;SIRT2;MAPK8IP3;PREX1;MTUS1;MAP4K4;FAM219A;C1orf198;SCAMP5;GLTP;AIDA;DDAH1;FBXW11;GOLGA7;MYO9A;DYNC1LI2;EFCAB14;GABBR1;ZNF710;PEAK1;MFN2;ANKFY1;GORASP1;KIF3B;UBL3;RTN4;DYNC1H1;SCD5;TMEM30A;WSB1;LANCL1;DDHD2,"[1760, 2702, 3827, 4931, 5278, 5448, 5618, 5983, 6673, 6743, 6821, 6884, 7086, 7148, 7303, 7740, 8657, 8696, 9092, 9627, 10709, 10832, 11401, 11494, 11721, 11903, 12161, 13015, 13019, 13225, 13439, 13608, 14898, 14995, 15541, 15728, 15754, 17092, 17264, 17275]",c4.cgn__GCM_SIRT2
c4.cgn,GCM_CSNK1A1,prerank,-0.45145437346223527,-1.3930796057044024,0.059674502712477394,0.12344944486069426,0.997,12_35,12/35,18.57%,SENP6;RBM25;DMTF1;YME1L1;FBXL5;CSNK1A1;ARID4B;FOXJ3;PCNP;ANKRD17;EIF3J;CHTOP,POLDIP3;GNA13;MED17;PPP1R15B;ARFGAP1;OTUD4;RSRC2;LUC7L2;C1orf52;PRPF8;DHX15;TMEM167B;HIPK1;UBR7;SEC22C;SERBP1;SNRNP200;ATP2C1;TOR1AIP1;EHBP1;ARL8B;OCIAD1;TBC1D15;CHTOP;EIF3J;ANKRD17;PCNP;FOXJ3;ARID4B;CSNK1A1;FBXL5;YME1L1;DMTF1;RBM25;SENP6,"[608, 1948, 2333, 3953, 4788, 5463, 5551, 5783, 7934, 7992, 9589, 9727, 9817, 10306, 10762, 10772, 11123, 11707, 11774, 11876, 12676, 13049, 13481, 14266, 14349, 14611, 14729, 14901, 15255, 15773, 16036, 16459, 16907, 17217, 17385]",c4.cgn__GCM_CSNK1A1
c4.cgn,MORF_BMPR2,prerank,-0.433557958478834,-1.395695787255081,0.04873294346978557,0.1241764828167851,0.997,15_44,15/44,14.44%,DCC;AKAP5;LRRTM2;RPGRIP1;INVS;DDO;RPGRIP1L;ETV1;HDAC9;ZNF264;CHM;MPPED2;TBC1D12;IREB2;WIPF1,CXCL6;ART3;KIAA0930;GNA12;PPP6R2;MYH7;RFPL3S;MTRF1L;PRKD3;OPHN1;DFFB;DIO1;ESM1;PTGDR2;IPO8;ODF2;SLITRK2;KIF17;AP4E1;EPHA7;SMYD2;ORC4;BMPR2;CUL3;ASTN1;ST8SIA4;VPS41;ANGPTL7;TRPC3;WIPF1;IREB2;TBC1D12;MPPED2;CHM;ZNF264;HDAC9;ETV1;RPGRIP1L;DDO;INVS;RPGRIP1;LRRTM2;AKAP5;DCC,"[232, 518, 1305, 1633, 1970, 2695, 3174, 3177, 3671, 4771, 5280, 5497, 6036, 6166, 6442, 7497, 8207, 8263, 8566, 8607, 9184, 9548, 10005, 10069, 11777, 12051, 12579, 14021, 14429, 14990, 15123, 15366, 15385, 15551, 15565, 15818, 15928, 16050, 16099, 16391, 16453, 16580, 17253, 17281]",c4.cgn__MORF_BMPR2
c4.cgn,MORF_CDC16,prerank,-0.39707507949902826,-1.3871738843688484,0.04007633587786259,0.1260737896607004,0.998,29_67,29/67,31.05%,LRPPRC;DDX19A;SRRM1;SRP72;MYCBP2;PRKDC;IMMT;KRIT1;XRCC5;DDX19B;XPO7;EIF1AX;ANAPC5;PIBF1;CAMKK2;HNRNPD;AK2;HNRNPR;ARIH2;MPHOSPH9;SDHB;TNPO3;ZFC3H1;ANP32A;USP24;UPF3A;CDC16;RBPJ;GNB1,PPP1CC;TREX2;KHSRP;HCFC1;SAFB;CBFB;BAZ1B;DKC1;SMARCC1;ERCC5;DIAPH1;DEAF1;SLBP;PDIA6;RAD23A;KXD1;MAPRE1;EIF4EBP2;ESD;PTDSS1;DUT;RMND5A;RNF44;NPM3;DCTD;VDAC2;VDAC3;DDX39B;GTF2A2;ASXL1;POM121;CBR4;TARDBP;PRPF40A;MDC1;NDUFS4;TM9SF2;MBNL1;GNB1;RBPJ;CDC16;UPF3A;USP24;ANP32A;ZFC3H1;TNPO3;SDHB;MPHOSPH9;ARIH2;HNRNPR;AK2;HNRNPD;CAMKK2;PIBF1;ANAPC5;EIF1AX;XPO7;DDX19B;XRCC5;KRIT1;IMMT;PRKDC;MYCBP2;SRP72;SRRM1;DDX19A;LRPPRC,"[665, 2245, 2315, 2400, 2532, 3010, 3330, 3394, 3733, 4096, 5025, 5255, 5569, 5581, 5797, 5883, 6230, 6420, 6955, 6996, 7170, 7927, 8027, 8491, 8787, 8987, 9165, 9247, 9282, 9610, 9701, 10131, 10154, 10388, 11048, 11106, 11208, 11269, 12079, 12114, 12118, 12213, 12248, 12532, 12592, 12921, 13413, 13667, 13897, 14083, 14278, 14319, 14750, 15139, 15267, 15362, 15424, 15451, 16129, 16415, 16491, 16539, 16702, 16706, 16723, 17058, 17309]",c4.cgn__MORF_CDC16
c4.cgn,GNF2_DENR,prerank,-0.43189891606740527,-1.3883296525123814,0.05301645338208409,0.12646469438151436,0.998,14_47,14/47,14.29%,KHDRBS1;RBMX;SRP72;DDX50;DDX47;DIMT1;EXOSC8;TOPBP1;CPSF6;HNRNPA1;HNRNPU;MTDH;ZNF146;BCAS2,PABPN1;PAPOLA;XPO1;SMNDC1;HNRNPH3;PDS5A;ZNF22;RBM15;INTS8;PTMA;SYNCRIP;SUMO2;MRPL9;PPIA;SPCS2;COPB1;SSB;BRD8;TARDBP;TRA2B;MPHOSPH10;RWDD1;PSMC6;PPIH;CCDC59;DENR;EIF3A;SRP19;MRPS10;ZC3H15;MAPK1IP1L;FUS;HNRNPR;BCAS2;ZNF146;MTDH;HNRNPU;HNRNPA1;CPSF6;TOPBP1;EXOSC8;DIMT1;DDX47;DDX50;SRP72;RBMX;KHDRBS1,"[844, 1076, 1469, 2319, 2651, 3317, 3921, 5169, 5654, 7095, 7728, 7732, 8206, 8248, 8291, 8333, 8781, 10025, 10154, 10366, 10636, 11064, 11615, 11757, 12279, 12426, 12714, 12777, 13095, 13537, 13594, 13643, 14083, 15015, 15175, 15416, 15455, 15588, 15659, 15770, 15867, 15949, 16226, 16576, 16706, 17199, 17248]",c4.cgn__GNF2_DENR
c4.cgn,GNF2_MCM5,prerank,-0.41011608122214116,-1.3810743594432544,0.03333333333333333,0.13032584231472327,0.998,18_58,18/58,20.82%,RBMX;SFPQ;U2SURP;VRK1;TYMS;MCM4;RRM1;NUP153;EXOSC8;TOPBP1;CPSF6;HNRNPU;SMC4;FEN1;GINS2;MCM2;PA2G4;SUZ12,PTBP1;NUP62;NOP56;HNRNPAB;SSRP1;MCM7;EED;DKC1;NOP14;ANP32B;TOP2A;SLBP;MCUR1;CDCA8;PCNA;SNRPG;HMGB2;DEK;MCM3;DUT;SRSF1;NDC80;SF3B3;MCM5;CENPM;SRI;HAT1;DHX15;GINS1;POLA2;DTL;TRA2B;LMNB1;SERBP1;USP1;SMC1A;ZWINT;APEX1;NASP;LAS1L;SUZ12;PA2G4;MCM2;GINS2;FEN1;SMC4;HNRNPU;CPSF6;TOPBP1;EXOSC8;NUP153;RRM1;MCM4;TYMS;VRK1;U2SURP;SFPQ;RBMX,"[179, 1525, 2049, 2299, 2303, 2994, 3207, 3394, 4312, 4820, 5039, 5569, 6203, 6204, 6282, 6491, 6576, 7046, 7142, 7170, 7195, 8153, 8176, 8417, 8941, 9322, 9331, 9589, 9881, 9889, 9948, 10366, 10489, 10772, 10872, 11281, 11796, 12075, 12374, 12827, 13872, 13880, 14346, 14645, 14856, 15156, 15455, 15659, 15770, 15867, 16065, 16148, 16190, 16776, 16846, 16908, 17028, 17199]",c4.cgn__GNF2_MCM5
c4.cgn,MORF_CDC10,prerank,-0.3506768636984746,-1.3691720052982057,0.0149812734082397,0.13419068032155934,0.998,43_141,43/141,21.82%,SPG11;LRPPRC;LANCL1;KHDRBS1;SEC63;YWHAQ;SRRM1;PRKAG1;TERF1;PRKDC;IMMT;NAE1;FRG1;DYRK2;XRCC5;OXA1L;DDX46;PSME4;RNGTT;XPO7;EIF1AX;ANAPC5;AFG3L2;SRSF11;FOXJ3;ASH2L;CNP;HNRNPH2;CUL2;CAPRIN1;HNRNPD;TAX1BP1;HMGB1;CAPZA1;CNOT1;RFC1;HNRNPR;DDB1;ARIH2;XPO6;KRAS;COPS2;PRKRA,TXLNA;GAK;TFAP4;CDK11A;XPO1;TCOF1;CDK2;CASC3;RBM6;SDR39U1;AFF1;SMNDC1;SAFB;HNRNPH3;CTDNEP1;STARD7;SERP1;CCT4;CRKL;AATF;NACA;PLIN3;SUN2;NAP1L4;AP3D1;ARL2BP;NUP188;ATXN2L;DIAPH1;RNPS1;RPL22;STK24;NSA2;KXD1;NONO;ADD1;PITPNM1;PIN1;DHX38;PSMA1;MORC3;TIAL1;DEK;HNRNPA2B1;DUT;SUMO2;HSPA8;PRPF8;RNF44;CLSTN1;ARHGEF7;LBR;TMEM123;SSB;VDAC3;GTF2A2;POLR2C;ATP11B;ARPC3;CS;SUGP2;POM121;TCEA1;VAMP3;PGK1;HNRNPL;SHOC2;BRD8;TIMM17A;EIF4A2;RPA2;HNRNPK;SUMO4;ILF2;BMS1;TRRAP;USP1;PTP4A2;SNRNP200;KDM3B;MCFD2;ACAP2;DNAJC8;ZNF131;EIF3M;CHUK;GNB1;CALM2;TACC1;PUM2;PHIP;PPP2CA;TP53BP1;SMC5;POLR2A;TERF2IP;SFSWAP;ZC3H15;PRKRA;COPS2;KRAS;XPO6;ARIH2;DDB1;HNRNPR;RFC1;CNOT1;CAPZA1;HMGB1;TAX1BP1;HNRNPD;CAPRIN1;CUL2;HNRNPH2;CNP;ASH2L;FOXJ3;SRSF11;AFG3L2;ANAPC5;EIF1AX;XPO7;RNGTT;PSME4;DDX46;OXA1L;XRCC5;DYRK2;FRG1;NAE1;IMMT;PRKDC;TERF1;PRKAG1;SRRM1;YWHAQ;SEC63;KHDRBS1;LANCL1;LRPPRC;SPG11,"[558, 736, 951, 1106, 1469, 1541, 1573, 1613, 1649, 2011, 2242, 2319, 2532, 2651, 2698, 2743, 2908, 3049, 3142, 3146, 3349, 3518, 3986, 4529, 4667, 4694, 4837, 5018, 5025, 5271, 5460, 5567, 5676, 5883, 5890, 5928, 6113, 6165, 6533, 6584, 6912, 6913, 7046, 7153, 7170, 7732, 7879, 7992, 8027, 8057, 8537, 8625, 8640, 8781, 9165, 9282, 9284, 9302, 9308, 9436, 9588, 9701, 9794, 9874, 9922, 9987, 10016, 10025, 10170, 10269, 10282, 10590, 10640, 10675, 10848, 10855, 10872, 10987, 11123, 11224, 11265, 11307, 11464, 11544, 11654, 12017, 12079, 12311, 12441, 12575, 12727, 12732, 12764, 12798, 12851, 13023, 13427, 13537, 13697, 13755, 13814, 13847, 13897, 14043, 14083, 14088, 14101, 14203, 14226, 14274, 14319, 14425, 14541, 14566, 14636, 14752, 14901, 15040, 15046, 15267, 15362, 15424, 15470, 15553, 15870, 15959, 16129, 16186, 16201, 16265, 16491, 16539, 16643, 16705, 16723, 16842, 16970, 17248, 17264, 17309, 17358]",c4.cgn__MORF_CDC10
c4.cgn,MORF_CTSB,prerank,-0.3479300071114638,-1.3751821590129283,0.011695906432748537,0.13431777175143095,0.998,43_146,43/146,21.77%,CDKL5;CBLN1;PPM1E;ZNF132;ATXN3;STAC;DNAJC22;COL19A1;CALN1;CAMK4;CLCN3;KPNA1;TNIK;SOX11;LDB3;TLL1;MAP2;MPP3;CDH8;IPO9;CHRNB4;SLC14A2;COL8A1;MDM2;REPS2;GNG4;CAMTA1;IL7;ATP8A2;GRIK1;B4GALT6;EDN3;SPA17;ATP2B2;LECT2;CYP2E1;AMMECR1;PTPRR;GABRB2;ARFGEF2;LRP6;EDIL3;PCM1,OR7A5;IFNA2;NPFF;DMPK;LRP4;CA3;RREB1;TBX19;BRD4;ZBTB40;FOSL1;PLXNA3;GPR171;HNF1A;MAP2K7;ABCB1;NTNG2;LILRA4;NHEJ1;RXRG;MPZL1;NPAS2;GHRHR;CTSB;GCM1;ATF6B;SRPK3;HTR1E;ADRB1;PAX6;LGI1;PDE6A;ADAMTSL3;ZNF202;FZD5;GPR19;CDR1;RNF24;NR1I2;PSD;NEB;KCNA5;HSD3B2;PVR;SOCS6;GPD2;SUPT3H;HOXB7;LILRA1;PHF10;KLRC4;JRKL;ATF2;TRIO;NR3C2;IL4;RBBP7;SLC6A2;ST8SIA1;TENM4;EXOC4;RB1CC1;DRD1;IFNA1;RAD51D;F2RL1;DAZL;MC5R;SULT4A1;AKAP3;IFNW1;GPR18;RYR3;CPB2;PDE6H;TACC2;TNK1;CDC73;DMD;MLLT10;SLC46A3;UBE4B;ITGBL1;PRKCA;HCRTR2;ZBTB14;SMYD3;MAGEA8;SLC4A4;SEMA6A;TANC2;FSHR;USP46;OTC;GJB5;CRHR1;LPAR4;ADAM20;GLRA3;MYT1;RORB;CADM4;ZNF157;PCM1;EDIL3;LRP6;ARFGEF2;GABRB2;PTPRR;AMMECR1;CYP2E1;LECT2;ATP2B2;SPA17;EDN3;B4GALT6;GRIK1;ATP8A2;IL7;CAMTA1;GNG4;REPS2;MDM2;COL8A1;SLC14A2;CHRNB4;IPO9;CDH8;MPP3;MAP2;TLL1;LDB3;SOX11;TNIK;KPNA1;CLCN3;CAMK4;CALN1;COL19A1;DNAJC22;STAC;ATXN3;ZNF132;PPM1E;CBLN1;CDKL5,"[169, 178, 214, 529, 661, 727, 806, 898, 1421, 2152, 2188, 2610, 2871, 3074, 3121, 3190, 3250, 3572, 3592, 3602, 3732, 4199, 4232, 4381, 4527, 4537, 4608, 4721, 4776, 4803, 4940, 5036, 5401, 5418, 5568, 5702, 5786, 5889, 6022, 6059, 6283, 6341, 6446, 6517, 6633, 7017, 7327, 7372, 7636, 7676, 7921, 7986, 8136, 8219, 8411, 8442, 8460, 8506, 8649, 8681, 8951, 8973, 8994, 9040, 9164, 9196, 9243, 9268, 9376, 9377, 9795, 9887, 9956, 9992, 10075, 10096, 10129, 10314, 10392, 10494, 10498, 10794, 10842, 10873, 11168, 11245, 11302, 11359, 11524, 11718, 11872, 11912, 12012, 12240, 12241, 12254, 12294, 12375, 12459, 12740, 12864, 13306, 13438, 13706, 13751, 13826, 13844, 13883, 13925, 13954, 14038, 14156, 14287, 14390, 14394, 14436, 14578, 14653, 14894, 15022, 15235, 15282, 15285, 15368, 15440, 15573, 15618, 15633, 15653, 15965, 16091, 16152, 16271, 16472, 16527, 16560, 16852, 17069, 17091, 17101, 17127, 17153, 17185, 17232, 17349, 17515]",c4.cgn__MORF_CTSB
c4.cgn,MORF_MAGEA8,prerank,-0.3316521884947241,-1.3694134201029766,0.007619047619047619,0.1355066474955068,0.998,55_207,55/207,20.76%,SLC4A8;DBT;PPM1E;ZNF132;ATXN3;ATP10B;STAC;DNAJC22;COL19A1;CALN1;CAMK4;MON2;CLCN3;COL14A1;KPNA1;TRIM24;RPS6KA5;GCA;COQ7;RBMXL1;LDB3;TLL1;EHHADH;MAP2;ZNF266;MPP3;CDH8;IPO9;CHRNB4;DOCK3;IL16;TTN;IL5;COL8A1;MDM2;GUCY2C;GNG4;WBP4;ITIH3;CAMTA1;LIPC;IL7;AQP7;NFAT5;CACNA2D1;GRIK1;B4GALT6;SPA17;ATP2B2;LECT2;CYP2E1;EPHB2;AMMECR1;PTPRR;GABRB2,IFNA2;HSPA1L;NPFF;TPD52L1;DMPK;LRP4;CA3;RREB1;TBX19;GYS2;BRD4;ZNF141;CTRL;CFH;ZBTB40;FOSL1;FGF2;SPATA2;GPR171;GYPA;HNF1A;MAP2K7;ABCB1;NTNG2;LILRA4;NHEJ1;RXRG;RYR1;MPZL1;IL11RA;CXCL5;NPAS2;GHRHR;BIRC5;CTSB;GCM1;ATF6B;SRPK3;CDH4;HTR1E;ADRB1;FUT1;PAX6;LGI1;FAM13A;PDE6A;KLHL23;ADAMTSL3;ZNF202;FZD5;OCM;GPR19;CDR1;TMEM26;RNF24;DDX52;POU6F2;NR1I2;PSD;NEB;S100A5;KCNA5;ARL3;HEPH;HSD3B2;PVR;ATP8B1;SIM2;MAP3K1;POU6F1;SUPT3H;PCDHGB7;FAM110B;LILRA1;PHF10;RBMS3;ROR2;NEDD4L;KLRC4;JRKL;FGF18;ATF2;CYP2C19;PDE4D;NR3C2;IL4;ABCC8;SLC6A2;ST8SIA1;TENM4;NOL4;EXOC4;RB1CC1;DRD1;IFNA1;FLRT2;RAD51D;F2RL1;DAZL;MC5R;CD8A;SULT4A1;AKAP3;FAS;EYA1;IFNA8;CPEB3;IFNW1;GPR18;RYR3;CPB2;VSTM4;TNK1;CDC73;SLC26A4;DMD;MLLT10;SLC46A3;PTPRB;UBE4B;ABCB10;ITGBL1;PRKCA;HCRTR2;ZBTB14;SMYD3;PHLDB1;MAGEA8;SLC4A4;COLGALT2;NOS2;FBXL4;SGCD;R3HCC1L;TANC2;FSHR;GJB5;CRHR1;LPAR4;ERCC4;ADAM20;GLRA3;MYT1;RORB;RGS7;CADM4;SLC33A1;ZNF157;PGM3;THPO;PCM1;EDIL3;GABRB2;PTPRR;AMMECR1;EPHB2;CYP2E1;LECT2;ATP2B2;SPA17;B4GALT6;GRIK1;CACNA2D1;NFAT5;AQP7;IL7;LIPC;CAMTA1;ITIH3;WBP4;GNG4;GUCY2C;MDM2;COL8A1;IL5;TTN;IL16;DOCK3;CHRNB4;IPO9;CDH8;MPP3;ZNF266;MAP2;EHHADH;TLL1;LDB3;RBMXL1;COQ7;GCA;RPS6KA5;TRIM24;KPNA1;COL14A1;CLCN3;MON2;CAMK4;CALN1;COL19A1;DNAJC22;STAC;ATP10B;ATXN3;ZNF132;PPM1E;DBT;SLC4A8,"[178, 188, 214, 288, 529, 661, 727, 806, 898, 1216, 1421, 1512, 1888, 2051, 2152, 2188, 2211, 2450, 2871, 2930, 3074, 3121, 3190, 3250, 3572, 3592, 3602, 3704, 3732, 3842, 3891, 4199, 4232, 4324, 4381, 4527, 4537, 4608, 4663, 4721, 4776, 4784, 4803, 4940, 4967, 5036, 5344, 5401, 5418, 5568, 5598, 5702, 5786, 5880, 5889, 5919, 5991, 6022, 6059, 6283, 6325, 6341, 6378, 6400, 6446, 6517, 6583, 6968, 7054, 7077, 7327, 7451, 7463, 7636, 7676, 7701, 7746, 7756, 7921, 7986, 8121, 8136, 8163, 8278, 8411, 8442, 8504, 8506, 8649, 8681, 8950, 8951, 8973, 8994, 9040, 9108, 9164, 9196, 9243, 9268, 9346, 9376, 9377, 9493, 9505, 9616, 9700, 9795, 9887, 9956, 9992, 10103, 10129, 10314, 10356, 10392, 10494, 10498, 10643, 10794, 10803, 10842, 10873, 11168, 11245, 11302, 11333, 11359, 11524, 11529, 11576, 11580, 11594, 11711, 11872, 11912, 12241, 12254, 12294, 12343, 12375, 12459, 12740, 12864, 13240, 13306, 13356, 13438, 13525, 13556, 13706, 13751, 13883, 13925, 13954, 14005, 14038, 14156, 14287, 14390, 14436, 14578, 14753, 14755, 14801, 14894, 14941, 15022, 15121, 15169, 15235, 15269, 15285, 15368, 15390, 15422, 15497, 15555, 15573, 15618, 15633, 15653, 15884, 15965, 15973, 16091, 16152, 16161, 16236, 16283, 16291, 16520, 16527, 16546, 16560, 16620, 16852, 17069, 17091, 17101, 17127, 17142, 17153, 17185, 17232, 17276, 17512]",c4.cgn__MORF_MAGEA8
c4.cgn,GNF2_DEK,prerank,-0.4101615149793856,-1.3723255859323962,0.05075187969924812,0.13581446539486342,0.998,21_55,21/55,21.04%,RBMX;SFPQ;U2SURP;VRK1;SRP72;TDG;NUP153;EXOSC8;TOPBP1;CPSF6;HNRNPU;SMC4;NCL;VBP1;CEP57;SRSF2;HMGB1;HNRNPR;NUP50;SUZ12;SNW1,PTBP1;ZCCHC8;PAPOLA;XPO1;HNRNPAB;PTGES3;PDS5A;DKC1;ANP32B;SLBP;HNRNPM;RPA1;HMGB2;STAG2;RAD21;DEK;DUT;SRSF1;SUMO2;MCM5;SSB;SRI;HAT1;DHX15;TARDBP;TRA2B;SERBP1;USP1;SRSF3;CBX3;EIF3A;SNRPD1;ANP32E;COPS3;SNW1;SUZ12;NUP50;HNRNPR;HMGB1;SRSF2;CEP57;VBP1;NCL;SMC4;HNRNPU;CPSF6;TOPBP1;EXOSC8;NUP153;TDG;SRP72;VRK1;U2SURP;SFPQ;RBMX,"[179, 744, 1076, 1469, 2299, 2761, 3317, 3394, 4820, 5569, 5926, 6545, 6576, 6717, 6793, 7046, 7170, 7195, 7732, 8417, 8781, 9322, 9331, 9589, 10154, 10366, 10772, 10872, 11131, 11297, 12714, 12984, 13005, 13443, 13833, 13872, 14042, 14083, 14226, 14385, 14580, 14758, 14777, 15156, 15455, 15659, 15770, 15867, 16065, 16308, 16706, 16846, 16908, 17028, 17199]",c4.cgn__GNF2_DEK
c4.cgn,GNF2_MAPT,prerank,-0.4326548533149407,-1.3696562603303466,0.06095238095238095,0.1369497422562622,0.998,26_40,26/40,39.39%,PSD3;DOCK3;ANK2;DYNC1I1;DIRAS2;SV2B;KCNQ2;GRIA2;ARNT2;RGS7;NRXN1;SYT1;GAP43;CAMK2N1;SCN3B;CLIP3;KIF1B;MAPT;RTN1;NPTXR;GPM6A;GABBR2;PNMA2;STXBP1;NAP1L3;KIF5C,PALM;SLC1A3;SYN1;RUNDC3A;FXYD7;GNAO1;SNCB;DNM1;RALYL;SH3GL2;RAB6B;SV2A;SNAP91;ELAVL4;KIF5C;NAP1L3;STXBP1;PNMA2;GABBR2;GPM6A;NPTXR;RTN1;MAPT;KIF1B;CLIP3;SCN3B;CAMK2N1;GAP43;SYT1;NRXN1;RGS7;ARNT2;GRIA2;KCNQ2;SV2B;DIRAS2;DYNC1I1;ANK2;DOCK3;PSD3,"[2235, 3630, 5960, 6135, 6206, 6775, 6864, 8266, 8635, 8953, 9215, 9759, 10186, 10303, 10618, 10776, 10837, 10860, 11031, 11109, 11175, 11186, 11206, 11534, 11799, 12115, 12223, 12313, 12427, 12564, 13240, 13340, 13642, 13715, 13793, 14403, 14785, 15234, 15555, 15729]",c4.cgn__GNF2_MAPT
c4.cgn,MORF_TNFRSF6,prerank,-0.3466152005870418,-1.3643975264152186,0.01890359168241966,0.1372210924013335,0.999,41_136,41/136,24.05%,SLC4A8;DBT;PPM1E;ATXN3;STAC;COL19A1;CALN1;CAMK4;RPS6KA5;GCA;COQ7;LDB3;MAP2;ZNF266;IPO9;IL16;IL5;KRR1;COL8A1;MDM2;GNG4;WBP4;ZNF134;ITIH3;AQP7;CACNA2D1;ZNF200;GRIK1;B4GALT6;SPA17;TPD52;LECT2;CYP2E1;EPHB2;AMMECR1;EDIL3;PCM1;PGM3;ZNF157;SLC33A1;CADM4,NPFF;RREB1;TBX19;BRD4;ZNF141;CFH;ZBTB40;FOSL1;FGF2;F2RL3;MSL3;COX6A2;SPATA2;GPR171;HNF1A;NTNG2;SGPL1;NHEJ1;RXRG;BCL2L11;IL11RA;CXCL5;GCM1;HTR1E;FUT1;LGI1;FAM13A;PDE6A;ADAMTSL3;ZNF202;FZD5;OCM;GPR19;TMEM26;NR1I2;SLC22A6;S100A5;ARL3;PVR;ATP8B1;RUNX2;SIM2;ASB4;POU6F1;SUPT3H;CYP2D6;PHF10;KLRC4;JRKL;FGF18;ATF2;NR3C2;ABCC8;SLC6A2;TENM4;ELAVL2;EXOC4;RB1CC1;FLRT2;RAD51D;MC5R;CD8A;SULT4A1;FAS;GPR18;CPB2;VSTM4;KDR;CDC73;SLC26A4;DMD;MLLT10;PTPRB;ABCB10;TFDP2;HCRTR2;ZBTB14;PHLDB1;MAGEA8;COLGALT2;NOS2;FBXL4;R3HCC1L;CELA2B;TANC2;FSHR;FNTB;GJB5;CRHR1;ERCC4;ADAM20;OPCML;GLRA3;SOAT2;RORB;CADM4;SLC33A1;ZNF157;PGM3;PCM1;EDIL3;AMMECR1;EPHB2;CYP2E1;LECT2;TPD52;SPA17;B4GALT6;GRIK1;ZNF200;CACNA2D1;AQP7;ITIH3;ZNF134;WBP4;GNG4;MDM2;COL8A1;KRR1;IL5;IL16;IPO9;ZNF266;MAP2;LDB3;COQ7;GCA;RPS6KA5;CAMK4;CALN1;COL19A1;STAC;ATXN3;PPM1E;DBT;SLC4A8,"[214, 806, 898, 1421, 1512, 2051, 2152, 2188, 2211, 2216, 2401, 2434, 2450, 2871, 3074, 3250, 3417, 3592, 3602, 3812, 3842, 3891, 4527, 4721, 4784, 4940, 4967, 5036, 5401, 5418, 5568, 5598, 5702, 5880, 6022, 6062, 6325, 6378, 6517, 6583, 6841, 6968, 7051, 7077, 7327, 7348, 7676, 7921, 7986, 8121, 8136, 8411, 8504, 8506, 8681, 8893, 8951, 8973, 9108, 9164, 9268, 9346, 9376, 9493, 9887, 9992, 10103, 10163, 10314, 10356, 10392, 10494, 10643, 10803, 10817, 11168, 11245, 11333, 11359, 11529, 11576, 11580, 11711, 11775, 11872, 11912, 11981, 12241, 12254, 12343, 12375, 12443, 12459, 12861, 12864, 13306, 13356, 13438, 13525, 13706, 13751, 13954, 14005, 14038, 14156, 14165, 14390, 14436, 14578, 14681, 14753, 14801, 15121, 15124, 15169, 15235, 15285, 15368, 15386, 15390, 15497, 15618, 15884, 15965, 16152, 16236, 16283, 16291, 16852, 17069, 17091, 17127, 17153, 17232, 17276, 17512]",c4.cgn__MORF_TNFRSF6
c4.cgn,MORF_NOS2A,prerank,-0.3243827457186271,-1.359005361076714,0.005660377358490566,0.14149426927035916,0.999,72_243,72/243,24.40%,NF1;MFN1;ADCYAP1;PPP1R12B;DBT;HTR4;ZNF132;ATXN3;ATP10B;STAC;LPGAT1;COL19A1;CALN1;CAMK4;NTPCR;MAGI1;MON2;ZNF500;TRIM24;MSH3;TNIK;RPS6KA5;RBMXL1;ESR1;MAP2;PIGB;DNAJC16;PAX7;IPO9;IL16;KRR1;COL8A1;MDM2;GNG4;WBP4;SCAPER;CLOCK;ZNF134;ITIH3;NFX1;IL7;NXPE3;AQP7;ZNF200;ATP8A2;GRIK1;B4GALT6;SPA17;ERC1;PIK3C2A;ATP2B2;STARD5;HABP4;MGA;LECT2;CYP2E1;EPHB2;AMMECR1;ATP6V0A2;GABRB2;ARFGEF2;GLE1;EDIL3;PCM1;PIK3CB;BARX2;PGM3;ZNF157;SLC33A1;CADM4;KRT86;PAXIP1,NPFF;MSX1;RREB1;TBX19;MPZL2;NR2F1;BCL2;PPP1R1A;RUNX1;BRD4;FLT1;CPZ;KANK3;SLC18A1;CTRL;CFH;ZBTB40;FOSL1;TMEM11;MSL3;TNFRSF25;COX6A2;TIE1;PLXNA3;CHST1;HTR3A;NCKIPSD;GPR171;STK17A;HNF1A;COLQ;SLC2A1;ABCB1;NTNG2;CASP10;NRTN;CD3E;LILRA4;RXRG;MPZL1;BCL2L11;IL11RA;KLHL18;AQP5;USP20;GHRHR;ZNF592;GRIK5;GCM1;LTBP4;SRPK3;HTR1E;PAX6;SLC13A2;TBX5;TBC1D22A;PDE6A;PLEKHB1;ADAMTSL3;ZNF202;SULT2B1;POFUT2;MLN;SLC4A3;FZD5;TGFBR1;GPR19;TMEM26;RNF24;POU6F2;NR1I2;PSD;SLC22A6;NEB;S100A5;KCNA5;ARL3;CYP4F2;SLC6A11;PVR;OPRL1;ATP8B1;SOCS6;CAMK2G;RUNX2;SIM2;POU6F1;MYO9B;SLC16A5;SUPT3H;CYP2D6;C1orf216;DPT;LILRA1;PHF10;BNIP1;KLRC4;JRKL;FGF18;ATF2;IL13;TRIO;PDE4D;NR3C2;IL4;BRCA1;ABCC8;SLC6A2;TENM4;FIG4;ELAVL2;EXOC4;RB1CC1;ADCY3;RAD51D;HTR7;MC5R;WT1;SIX3;ZNF133;SULT4A1;AKAP3;FAS;PAX9;GPR18;RYR3;CPB2;PTPRS;TACC2;DAPK2;CD6;TNK1;CDC73;SLC30A3;SYT5;MLLT10;SLC46A3;FRYL;CYP11A1;AFF2;KRT33B;UBE4B;ABCB10;TFDP2;ELL2;POLR2K;ITIH4;PPP2R5B;HCRTR2;ZBTB14;HTR1B;PHLDB1;MAGEA8;COLGALT2;NOS2;CELA2B;TANC2;FSHR;FNTB;ABCB9;GJB5;CRHR1;ERCC4;ADAM20;MYOZ3;MYT1;KRT1;SOAT2;RORB;GPATCH8;SYNJ2;PAXIP1;KRT86;CADM4;SLC33A1;ZNF157;PGM3;BARX2;PIK3CB;PCM1;EDIL3;GLE1;ARFGEF2;GABRB2;ATP6V0A2;AMMECR1;EPHB2;CYP2E1;LECT2;MGA;HABP4;STARD5;ATP2B2;PIK3C2A;ERC1;SPA17;B4GALT6;GRIK1;ATP8A2;ZNF200;AQP7;NXPE3;IL7;NFX1;ITIH3;ZNF134;CLOCK;SCAPER;WBP4;GNG4;MDM2;COL8A1;KRR1;IL16;IPO9;PAX7;DNAJC16;PIGB;MAP2;ESR1;RBMXL1;RPS6KA5;TNIK;MSH3;TRIM24;ZNF500;MON2;MAGI1;NTPCR;CAMK4;CALN1;COL19A1;LPGAT1;STAC;ATP10B;ATXN3;ZNF132;HTR4;DBT;PPP1R12B;ADCYAP1;MFN1;NF1,"[214, 231, 806, 898, 937, 1093, 1238, 1271, 1384, 1421, 1534, 1568, 1623, 1763, 1888, 2051, 2152, 2188, 2391, 2401, 2404, 2434, 2491, 2610, 2669, 2787, 2826, 2871, 3031, 3074, 3087, 3156, 3190, 3250, 3306, 3421, 3429, 3572, 3602, 3732, 3812, 3842, 3930, 4046, 4231, 4232, 4317, 4406, 4527, 4551, 4608, 4721, 4803, 4819, 4864, 4963, 5036, 5278, 5401, 5418, 5450, 5465, 5474, 5491, 5568, 5624, 5702, 5880, 5889, 5991, 6022, 6059, 6062, 6283, 6325, 6341, 6378, 6414, 6443, 6517, 6582, 6583, 6633, 6774, 6841, 6968, 7077, 7156, 7299, 7327, 7348, 7435, 7501, 7636, 7676, 7890, 7921, 7986, 8121, 8136, 8159, 8219, 8278, 8411, 8442, 8479, 8504, 8506, 8681, 8855, 8893, 8951, 8973, 9021, 9164, 9170, 9268, 9281, 9359, 9364, 9376, 9377, 9493, 9570, 9887, 9956, 9992, 10043, 10096, 10107, 10125, 10129, 10314, 10367, 10414, 10494, 10498, 10503, 10566, 10687, 10788, 10794, 10803, 10817, 10930, 10988, 11047, 11118, 11168, 11245, 11252, 11333, 11359, 11529, 11576, 11775, 11872, 11912, 11981, 12189, 12241, 12254, 12343, 12375, 12394, 12740, 12750, 12861, 12864, 12947, 13003, 13244, 13293, 13306, 13356, 13438, 13525, 13536, 13676, 13706, 13751, 13788, 13844, 13883, 13900, 13954, 14005, 14038, 14156, 14232, 14236, 14247, 14287, 14351, 14363, 14390, 14436, 14578, 14653, 14681, 14801, 14821, 14894, 14908, 15121, 15124, 15146, 15154, 15169, 15235, 15285, 15368, 15386, 15497, 15618, 15619, 15887, 15927, 15965, 16134, 16161, 16291, 16472, 16504, 16520, 16545, 16620, 16752, 16764, 16852, 17069, 17091, 17124, 17127, 17142, 17153, 17185, 17206, 17276, 17335, 17339, 17377, 17391]",c4.cgn__MORF_NOS2A
c4.cgn,GNF2_PA2G4,prerank,-0.38113197082106204,-1.3492093138016623,0.030131826741996232,0.15082502520611066,0.999,18_76,18/76,16.25%,NDUFS1;ABCE1;LRPPRC;U2SURP;PSMA3;MRPL3;NAE1;NUP107;MLH1;MCM4;RRM1;XRCC5;GMPS;SSBP1;CSE1L;OLA1;NCL;EIF2S1,MTHFD2;SNRPA;CCT3;CCT5;BANF1;TCP1;GMNN;SSRP1;PTGES3;MCM7;CCT4;DKC1;NOP16;CKS1B;MELK;SNRPB;LSM4;SLBP;CCT6A;CCT2;MCUR1;PCNA;SNRPG;METTL5;BUB3;MCM3;HNRNPA2B1;CAD;MRPL22;PSMD11;PSMA4;CDK4;MRPL16;NDC80;SF3B3;MCM5;ETFA;MRPL15;RAN;CENPM;HAT1;BUB1B;FDPS;PAICS;SNRPE;SERBP1;LSM5;PSMD14;CLNS1A;NASP;FH;SNRPD1;NUP37;CHCHD3;MRPL39;PA2G4;MRPL35;RANBP1;EIF2S1;NCL;OLA1;CSE1L;SSBP1;GMPS;XRCC5;RRM1;MCM4;MLH1;NUP107;NAE1;MRPL3;PSMA3;U2SURP;LRPPRC;ABCE1;NDUFS1,"[723, 1030, 1222, 1508, 2209, 2233, 2281, 2303, 2761, 2994, 3049, 3394, 3444, 3684, 4009, 4167, 4871, 5569, 5971, 6142, 6203, 6282, 6491, 6680, 7131, 7142, 7153, 7457, 7630, 7716, 7762, 7822, 8127, 8153, 8176, 8417, 8467, 8477, 8903, 8941, 9331, 9585, 10275, 10291, 10370, 10772, 11354, 11848, 12106, 12374, 12562, 12984, 12986, 13002, 13179, 13880, 14009, 14228, 14673, 14777, 14783, 14844, 14903, 16118, 16129, 16148, 16190, 16252, 16256, 16265, 16293, 16801, 16908, 17309, 17352, 17390]",c4.cgn__GNF2_PA2G4
c4.cgn,MORF_MAP2K7,prerank,-0.34072537236531264,-1.3417969964082328,0.015355086372360844,0.15612030958237497,1.0,41_146,41/146,21.77%,CBLN1;PPM1E;ULK2;ZNF132;ATXN3;STAC;DNAJC22;COL19A1;CALN1;CAMK4;MON2;CLCN3;KPNA1;SFRP4;GCA;SOX11;LDB3;MASP2;MAP2;DNAJC16;CDH8;PAX7;IPO9;SLC14A2;COL8A1;MDM2;REPS2;GNG4;ITIH3;IL7;ATP8A2;GRIK1;SPA17;STARD5;LECT2;EPHB2;AMMECR1;PTPRR;GABRB2;EDIL3;PCM1,OR7A5;NPFF;LRP4;CA3;RREB1;TBX19;GYS2;BRD4;SLC6A4;CTRL;ZBTB40;FOSL1;COX6A2;PLXNA3;GPR171;HNF1A;MAP2K7;ABCB1;NTNG2;LILRA4;NHEJ1;RXRG;MPZL1;NPAS2;CTSB;GCM1;SRPK3;CDH4;HTR1E;PAX6;LGI1;PDE6A;ADAMTSL3;ZNF202;FZD5;GPR19;TMEM26;RNF24;POU6F2;NR1I2;PSD;NEB;S100A5;KCNA5;HSD3B2;PVR;SOCS6;SIM2;SUPT3H;HOXB7;LILRA1;PHF10;ROR2;KLRC4;JRKL;FGF18;ATF2;TRIO;PDE4D;NR3C2;IL4;RBBP7;SLC6A2;ST8SIA1;TENM4;EXOC4;RB1CC1;DRD1;IFNA1;RAD51D;F2RL1;MC5R;SULT4A1;AKAP3;IFNW1;RYR3;CPB2;TACC2;TNK1;CDC73;DMD;SLC46A3;ITGBL1;POLR2K;HCRTR2;ZBTB14;SMYD3;PHLDB1;MAGEA8;SLC4A4;COLGALT2;TANC2;FSHR;GJB5;CRHR1;ERCC4;ADAM20;GLRA3;MYT1;RORB;VIP;C6;RGS7;CADM4;ZNF157;PCM1;EDIL3;GABRB2;PTPRR;AMMECR1;EPHB2;LECT2;STARD5;SPA17;GRIK1;ATP8A2;IL7;ITIH3;GNG4;REPS2;MDM2;COL8A1;SLC14A2;IPO9;PAX7;CDH8;DNAJC16;MAP2;MASP2;LDB3;SOX11;GCA;SFRP4;KPNA1;CLCN3;MON2;CAMK4;CALN1;COL19A1;DNAJC22;STAC;ATXN3;ZNF132;ULK2;PPM1E;CBLN1,"[169, 214, 661, 727, 806, 898, 1216, 1421, 1789, 1888, 2152, 2188, 2434, 2610, 2871, 3074, 3121, 3190, 3250, 3572, 3592, 3602, 3732, 4199, 4381, 4527, 4608, 4663, 4721, 4803, 4940, 5036, 5401, 5418, 5568, 5702, 5880, 5889, 5991, 6022, 6059, 6283, 6325, 6341, 6446, 6517, 6633, 6968, 7327, 7372, 7636, 7676, 7746, 7921, 7986, 8121, 8136, 8219, 8278, 8411, 8442, 8460, 8506, 8649, 8681, 8951, 8973, 8994, 9040, 9164, 9196, 9268, 9376, 9377, 9795, 9956, 9992, 10096, 10129, 10314, 10392, 10498, 10842, 10988, 11168, 11245, 11302, 11333, 11359, 11524, 11529, 11872, 11912, 12241, 12254, 12343, 12375, 12459, 12740, 12864, 12940, 13010, 13240, 13306, 13438, 13706, 13751, 13883, 13925, 13954, 14005, 14156, 14247, 14390, 14578, 14653, 14894, 15121, 15235, 15282, 15285, 15368, 15440, 15618, 15619, 15633, 15887, 15965, 16068, 16152, 16271, 16283, 16403, 16527, 16560, 16620, 16852, 17069, 17091, 17101, 17127, 17153, 17185, 17198, 17232, 17349]",c4.cgn__MORF_MAP2K7
c4.cgn,MORF_PSMC2,prerank,-0.3582725780739536,-1.3432450358782442,0.029250457038391225,0.15630367730582814,0.999,37_110,37/110,28.35%,KHDRBS1;PSMA3;MBD4;EIF4H;XPA;PSMC2;PDCD6;KIF2A;COPB2;POLR3C;GTF2H1;RAB5A;ARCN1;MTDH;TMED2;DLD;SDHC;FAM20B;PGRMC1;FAM120A;BZW1;BAG5;XPC;RAB11A;YWHAB;UBXN4;IK;GLG1;ATP6AP2;PITPNB;PPP2R5E;GMFB;CANX;SRP19;SKP1;ENSA;METAP1,BCAP31;G3BP1;BANF1;HNRNPAB;RPL36AL;CLN3;RAB9A;RAE1;IST1;RPP38;SHMT1;CFDP1;STX4;UBA1;PRMT1;COX4I1;SEC61B;ATP6V1F;PSMB4;COX5A;SEC13;NEDD8;PIGC;CLEC18C;RAD21;TIAL1;VCP;SUMO1;MORF4L2;ATP6V1H;BUD31;ARF5;SPCS2;DNPEP;COPB1;PSMC1;ETFA;EIF5;NCBP2;URI1;DUSP11;PUF60;PPP1R7;COX7A2L;PSMD7;COPS5;SRP9;HSBP1;URM1;UBR5;RNF6;RAD23B;EBAG9;ZNF410;CNBP;RER1;ZZZ3;COIL;SP3;DRG1;SMG7;ADAR;RAB1A;PEX11B;FUBP1;DPM1;SEC61G;RAC1;PSMC6;C6orf62;HARS2;SYPL1;HTATSF1;METAP1;ENSA;SKP1;SRP19;CANX;GMFB;PPP2R5E;PITPNB;ATP6AP2;GLG1;IK;UBXN4;YWHAB;RAB11A;XPC;BAG5;BZW1;FAM120A;PGRMC1;FAM20B;SDHC;DLD;TMED2;MTDH;ARCN1;RAB5A;GTF2H1;POLR3C;COPB2;KIF2A;PDCD6;PSMC2;XPA;EIF4H;MBD4;PSMA3;KHDRBS1,"[1256, 1438, 2209, 2299, 2623, 2645, 2858, 2890, 2898, 2901, 3082, 3420, 4586, 4716, 4768, 4836, 5404, 5476, 6246, 6389, 6603, 6619, 6649, 6675, 6793, 6913, 7245, 7337, 7391, 7439, 7503, 7702, 8291, 8312, 8333, 8434, 8467, 8533, 8656, 8694, 8701, 8815, 8862, 9100, 9152, 9312, 9423, 9489, 9506, 9528, 9586, 9640, 9785, 10123, 10132, 10239, 10253, 10256, 10351, 10437, 10715, 10871, 10946, 11074, 11276, 11388, 11422, 11471, 11615, 11871, 11994, 12089, 12287, 12552, 12665, 12689, 12777, 12788, 12898, 12931, 13012, 13252, 13354, 13457, 13593, 13801, 13852, 14321, 14353, 14397, 14417, 14655, 14668, 15164, 15272, 15290, 15416, 15556, 15603, 15705, 15750, 15778, 15905, 16075, 16078, 16248, 16697, 16724, 16801, 17248]",c4.cgn__MORF_PSMC2
c4.cgn,MORF_REV3L,prerank,-0.3945250271638386,-1.3159334519384411,0.0687732342007435,0.18810375281865263,1.0,15_56,15/56,14.92%,MFN1;SNX4;SEC23IP;PIAS2;ZNF500;MSH3;TAF2;CLPX;DIMT1;TPR;NFATC2IP;TAF5L;RNF14;REV3L;KLHDC10,PPP1R3D;INPP5E;NMT1;OSR1;TMEM11;TBPL1;IGBP1;ZBTB22;CPSF4;NUBP1;PDXDC1;PPP5C;NKRF;CHD3;PCF11;FAM91A1;FANCI;BRCA1;SSR1;PIGF;POP4;CETN3;CDK8;PSMF1;TBCE;FRYL;UBE4B;CDYL;CHD9;TTLL5;EP400;STXBP3;ATRX;TTI1;NFYB;GPATCH8;PAXIP1;SPAST;OARD1;RSU1;ATP6V0A2;KLHDC10;REV3L;RNF14;TAF5L;NFATC2IP;TPR;DIMT1;CLPX;TAF2;MSH3;ZNF500;PIAS2;SEC23IP;SNX4;MFN1,"[313, 557, 1591, 1717, 2391, 2588, 2759, 2968, 4602, 5177, 5277, 5644, 6541, 7478, 7649, 7711, 8465, 8479, 8485, 8497, 8847, 9250, 9311, 9367, 10389, 10503, 10794, 11159, 11886, 12082, 12087, 12185, 12221, 12297, 12358, 12947, 13244, 13551, 13625, 13864, 13900, 14906, 14926, 15450, 15683, 15807, 15832, 15949, 16063, 16345, 16504, 16545, 16696, 16797, 17319, 17377]",c4.cgn__MORF_REV3L
c4.cgn,MORF_RPA1,prerank,-0.38053911932295825,-1.306279415677989,0.08611599297012303,0.19721859279136977,1.0,6_59,6/59,3.86%,MSH2;KHDRBS1;RBMX;AIMP2;PWP1;YWHAQ,UNG;G3BP1;DDX39A;HNRNPAB;RFC4;MTA1;TMEM106C;SHMT1;SOD1;CFDP1;EIF2B4;ACTL6A;PSMB6;POP5;PRMT1;NUP188;RPA1;GPAA1;RAD21;DEK;HNRNPA2B1;POLR2I;SUMO1;SYNCRIP;SET;HSPA8;SPCS2;SART3;NCBP2;PSMD7;COPS5;HAT1;HDAC2;RAD23B;CYB5B;PARG;ZZZ3;COIL;SP3;ILF2;FBXW11;USP1;SNRNP200;LYPLA1;RAC1;CLNS1A;POLE3;METAP1;IK;SDHA;PRPSAP1;HNRNPU;GTF2H1;YWHAQ;PWP1;AIMP2;RBMX;KHDRBS1;MSH2,"[940, 1438, 2153, 2299, 2646, 2852, 2950, 3082, 3398, 3420, 3656, 3778, 4299, 4706, 4768, 4837, 6545, 6643, 6793, 7046, 7153, 7194, 7337, 7728, 7850, 7879, 8291, 8648, 8656, 9152, 9312, 9331, 9498, 9640, 9737, 10074, 10253, 10256, 10351, 10675, 10709, 10872, 11123, 11250, 11471, 12106, 12411, 12552, 13457, 13860, 14912, 15455, 15705, 16842, 17002, 17042, 17199, 17248, 17502]",c4.cgn__MORF_RPA1
c4.cgn,GNF2_RAN,prerank,-0.36685826003146516,-1.304353481684057,0.07909604519774012,0.19795538890142883,1.0,24_78,24/78,20.77%,ABCE1;LRPPRC;RFC3;SNRPD3;PSMA3;CDC20;PRKDC;IMMT;MRPL3;NAE1;RRM1;XRCC5;GMPS;RTCA;RPA3;PSMA5;SSBP1;CSE1L;OLA1;EIF2S1;RANBP1;MRPL35;MRPL42;PA2G4,POLR2H;MTHFD2;SNRPA;CCT3;CCT5;BANF1;TCP1;SSRP1;RFC4;PTGES3;CCT4;NOP16;CKS1B;CCT8;MELK;EIF2S2;SNRPD2;CTPS1;LSM4;CCT7;SLBP;NCAPD2;CCT6A;CCT2;SNRPG;BUB3;MCM3;HNRNPA2B1;KIF20A;MRPL22;PSMA4;ODC1;ETFA;MRPL15;PSMA2;RAN;MRPS33;ATIC;C1QBP;SLIRP;MSH6;PRMT5;SNRPC;PAICS;SNRPE;SERBP1;HNRNPC;NME1;GNL3;PSMD14;HSPA9;SNRPD1;SNRPF;ADSL;PA2G4;MRPL42;MRPL35;RANBP1;EIF2S1;OLA1;CSE1L;SSBP1;PSMA5;RPA3;RTCA;GMPS;XRCC5;RRM1;NAE1;MRPL3;IMMT;PRKDC;CDC20;PSMA3;SNRPD3;RFC3;LRPPRC;ABCE1,"[134, 723, 1030, 1222, 1508, 2209, 2233, 2303, 2646, 2761, 3049, 3444, 3684, 3814, 4009, 4201, 4575, 4655, 4871, 5096, 5569, 5630, 5971, 6142, 6491, 7131, 7142, 7153, 7197, 7630, 7762, 8369, 8467, 8477, 8576, 8903, 9130, 9278, 9551, 10013, 10063, 10089, 10196, 10291, 10370, 10772, 11073, 11144, 11505, 11848, 12206, 12984, 13074, 13172, 13880, 13917, 14009, 14228, 14673, 14783, 14844, 14903, 14940, 14991, 15264, 16118, 16129, 16148, 16265, 16293, 16491, 16539, 16543, 16801, 16826, 17159, 17309, 17352]",c4.cgn__GNF2_RAN
c4.cgn,GCM_GSTA4,prerank,-0.38083574825841615,-1.3072288695749614,0.0782122905027933,0.1980593399805225,1.0,18_62,18/62,21.52%,DCTN4;KIDINS220;KLHL11;EXOSC6;GSTA4;IPO9;C2CD5;RALGAPB;RBFOX2;CALM1;ZNF84;ZFAND5;DCAF7;APBB3;PPIG;RBM8A;WSB2;ERBB4,MSI1;RERE;ABHD14A;NFIB;RBM4B;PKNOX1;BRPF3;HGS;MAP6;CSRNP2;IQCK;NISCH;ZBTB5;CLEC16A;APPL2;PHF2;CDIPT;VPS26B;DLG5;ATAT1;BRD2;PGRMC2;MTMR3;MED13;WBP2;PHF10;AMER2;PHC1;FOXO3;USP22;TNPO2;UBE2E3;NCAM1;NGRN;BMPR2;SLC8A2;TSPYL4;POGZ;ASTN2;TMEM237;PRRC2B;RALGPS1;DCX;GTF3C4;ERBB4;WSB2;RBM8A;PPIG;APBB3;DCAF7;ZFAND5;ZNF84;CALM1;RBFOX2;RALGAPB;C2CD5;IPO9;GSTA4;EXOSC6;KLHL11;KIDINS220;DCTN4,"[1203, 1640, 2246, 2440, 2778, 2836, 2902, 2925, 4751, 4957, 5004, 5009, 5081, 5143, 5413, 5659, 6097, 6170, 6262, 6381, 6720, 7214, 7235, 7430, 7460, 7676, 7725, 7839, 8003, 8090, 9233, 9381, 9574, 9865, 10005, 10176, 10637, 10813, 11284, 11825, 12128, 12831, 12922, 13251, 13750, 14034, 14188, 14267, 14445, 14512, 14591, 14654, 14779, 14946, 15185, 15522, 15618, 15806, 16692, 16701, 17129, 17280]",c4.cgn__GCM_GSTA4
c4.cgn,MORF_RAD21,prerank,-0.3279431622019159,-1.2983860415233055,0.036036036036036036,0.199934385238452,1.0,48_166,48/166,28.35%,MSH2;NDUFS1;COA1;KHDRBS1;RBMX;PSMB2;HMGN1;YWHAQ;MBD4;EIF4H;PRKAR1A;PSMC2;PDCD6;KIF2A;UQCRC2;ARCN1;NDUFA5;HNRNPU;MTDH;UBE2E1;TMED2;DLD;GDI2;TAF11;PRPSAP1;SSBP1;FAM20B;FAM120A;BZW1;POLR2G;SDHA;YWHAB;UTP18;RBL2;SLC25A3;TBCA;IK;KPNA2;EIF3C;TPGS2;GMFB;CANX;SRP19;PPP2CA;SKP1;ENSA;MDH1;METAP1,HSP90AA1;BCAP31;EEF1D;G3BP1;SRSF9;UBE2L3;WIPI2;BANF1;HNRNPAB;SMNDC1;RPL36AL;STARD7;IFRD1;MTA1;IST1;CSNK2B;PARK7;SHMT1;SF3B2;NACA;SOD1;CFDP1;SMARCD2;STOML2;CTCF;TMBIM6;PRMT1;ANP32B;COX4I1;COX6A1;CYC1;NONO;HNRNPM;CCT2;PSMB4;PCNA;COX5A;SNRPG;COX6C;RPA1;SEC13;RAD21;MAML1;TIAL1;SUMO3;DEK;PPP1CA;HNRNPA2B1;NDUFS3;POLR2I;SUMO1;MORF4L2;PSMB7;UQCRB;BUD31;CUL1;SYNCRIP;SUMO2;PSMA4;SET;HSPA8;KBTBD2;MRPL9;CUX1;SPCS2;DNPEP;COPB1;PSMC1;ETFA;PSMA2;PSMD8;PUF60;RHEB;PPP1R7;RAN;ILF3;COX7A2L;PSMD7;DCTN2;COPS5;HAT1;SRP9;HDAC2;UBR5;C1QBP;RAD23B;EBAG9;CNBP;ZZZ3;COIL;AP3S1;SP3;SNRPE;DRG1;UBAP2L;ILF2;FBXW11;SMG7;U2AF1;USP1;RAB1A;HPRT1;HNRNPC;SNRNP200;LYPLA1;CBX3;UBA2;DPM1;SEC61G;RAC1;PSMC6;LSM3;COX7B;C6orf62;SYPL1;HSPA9;HTATSF1;POLE3;METAP1;MDH1;ENSA;SKP1;PPP2CA;SRP19;CANX;GMFB;TPGS2;EIF3C;KPNA2;IK;TBCA;SLC25A3;RBL2;UTP18;YWHAB;SDHA;POLR2G;BZW1;FAM120A;FAM20B;SSBP1;PRPSAP1;TAF11;GDI2;DLD;TMED2;UBE2E1;MTDH;HNRNPU;NDUFA5;ARCN1;UQCRC2;KIF2A;PDCD6;PSMC2;PRKAR1A;EIF4H;MBD4;YWHAQ;HMGN1;PSMB2;RBMX;KHDRBS1;COA1;NDUFS1;MSH2,"[876, 1256, 1270, 1438, 1920, 2076, 2077, 2209, 2299, 2319, 2623, 2743, 2802, 2852, 2898, 2962, 3030, 3082, 3165, 3349, 3398, 3420, 3528, 3648, 4074, 4731, 4768, 4820, 4836, 5419, 5661, 5890, 5926, 6142, 6246, 6282, 6389, 6491, 6499, 6545, 6603, 6793, 6909, 6913, 7026, 7046, 7117, 7153, 7168, 7194, 7337, 7391, 7404, 7480, 7503, 7681, 7728, 7732, 7762, 7850, 7879, 8097, 8206, 8237, 8291, 8312, 8333, 8434, 8467, 8576, 8583, 8815, 8835, 8862, 8903, 9070, 9100, 9152, 9173, 9312, 9331, 9423, 9498, 9528, 9551, 9640, 9785, 10132, 10253, 10256, 10281, 10351, 10370, 10437, 10463, 10675, 10709, 10715, 10811, 10872, 10946, 11035, 11073, 11123, 11250, 11297, 11381, 11388, 11422, 11471, 11615, 11643, 11850, 11871, 12089, 12206, 12287, 12411, 12552, 12589, 12665, 12689, 12732, 12777, 12788, 12898, 13076, 13078, 13366, 13457, 13459, 13514, 13576, 13717, 13801, 13860, 14055, 14397, 14417, 14668, 14903, 14912, 15147, 15227, 15272, 15290, 15371, 15416, 15455, 15506, 15556, 15798, 15905, 16075, 16078, 16685, 16697, 16724, 16842, 16952, 17105, 17199, 17248, 17347, 17390, 17502]",c4.cgn__MORF_RAD21
c4.cgn,GNF2_RPA1,prerank,-0.4549061309371144,-1.298489366798518,0.12992125984251968,0.20193320179567117,1.0,6_26,6/26,8.30%,RBMX;U2SURP;SNRPD3;TDG;XRCC5;NUP153,ZCCHC8;OSR1;SSRP1;PTGES3;HNRNPF;HNRNPM;RPA1;RAD21;DEK;BUB3;SRSF1;SRSF10;HAT1;DHX15;HNRNPK;USP1;SRSF3;ANP32E;NUP50;ELAC2;NUP153;XRCC5;TDG;SNRPD3;U2SURP;RBMX,"[744, 1717, 2303, 2761, 2946, 5926, 6545, 6793, 7046, 7131, 7195, 8142, 9331, 9589, 10590, 10872, 11131, 13005, 14042, 14525, 16065, 16129, 16308, 16826, 16908, 17199]",c4.cgn__GNF2_RPA1
c4.cgn,GCM_BAG5,prerank,-0.41771748642852014,-1.2988809953259726,0.0959409594095941,0.2037630571063423,1.0,20_36,20/36,32.47%,FBXO9;HECTD1;USP33;PRRC2C;DYNC1I2;MPC1;RAB14;SPTLC1;ACTR10;G3BP2;BAG5;NAPG;VPS52;FAM168B;FN3KRP;NAGLU;UBE2K;MED23;JKAMP;RMDN3,TAB2;STARD7;MAEA;GPR153;SETD3;KLHDC2;UBQLN2;TMEM50B;SAP130;KIAA1191;C1orf43;APMAP;ZNF644;XIAP;YTHDF3;SACM1L;RMDN3;JKAMP;MED23;UBE2K;NAGLU;FN3KRP;FAM168B;VPS52;NAPG;BAG5;G3BP2;ACTR10;SPTLC1;RAB14;MPC1;DYNC1I2;PRRC2C;USP33;HECTD1;FBXO9,"[2058, 2743, 2909, 3445, 3687, 3901, 5194, 5986, 6291, 7097, 7960, 9599, 10254, 11034, 11323, 11538, 11831, 11968, 12373, 12419, 12695, 12702, 12738, 13389, 14122, 14353, 14644, 14687, 14836, 15080, 15097, 15533, 16094, 16101, 16243, 16334]",c4.cgn__GCM_BAG5
c4.cgn,MORF_NF1,prerank,-0.3304569186720586,-1.289981227127769,0.06049149338374291,0.20523382678010577,1.0,31_148,31/148,15.78%,NF1;MFN1;ADCYAP1;HTR4;IFT27;LPGAT1;EN2;CCKAR;SP140;FRY;ZNF500;TRIM24;MSH3;GPR3;CYP2A6;AGPS;RPS6KA5;ESR1;PIGB;DNAJC16;ZNF266;GPLD1;IL16;KRR1;WBP4;SCAPER;DTX4;NFX1;NXPE3;AQP7;NFAT5,MSX1;RREB1;TBX19;LBP;BCL2;FLT1;RASSF1;KANK3;CEACAM4;SLC18A1;CTRL;CFH;FOSL1;IRS2;TMEM11;MSL3;TNFRSF25;COX6A2;ZBTB22;STK17A;SLC2A1;NTNG2;CASP10;NRTN;NRP2;TMPRSS6;RXRG;IL11RA;KLHL18;AQP5;IRF2;ZNF592;GRIK5;LTBP4;SLC13A2;TBX5;NEUROD2;TBC1D22A;DKK4;PLEKHB1;SULT2B1;POFUT2;MLN;GTSE1;SLC4A3;DTNA;DOCK1;LEFTY1;POU6F2;NR1I2;SLC22A6;SKI;ARL3;SLC6A11;PVR;OPRL1;CAMK2G;SIM2;SMYD5;POU6F1;MYO9B;SLC6A7;SLC16A5;CYP2D6;SLC25A11;DPT;FGF18;IL13;PDE4D;BRCA1;ABCC8;FIG4;ELAVL2;ADCY3;HTR7;MC5R;WT1;ZNF133;SULT4A1;BRD1;PRKACA;PAX9;GNPAT;DAPK2;SLC30A3;SYT5;FRYL;CYP11A1;LY9;AFF2;KRT33B;ABCB10;TFDP2;POLR2K;ITIH4;ATP6V1B1;COLGALT2;ITPR2;NOS2;EXTL3;CELA2B;FNTB;ABCB9;GJB5;ERCC4;GSTM5;GPATCH8;PAXIP1;KRT86;PIK3CB;GLE1;ATP6V0A2;EPHB2;CYP2E1;ETV3;SPEF1;ERC1;NFAT5;AQP7;NXPE3;NFX1;DTX4;SCAPER;WBP4;KRR1;IL16;GPLD1;ZNF266;DNAJC16;PIGB;ESR1;RPS6KA5;AGPS;CYP2A6;GPR3;MSH3;TRIM24;ZNF500;FRY;SP140;CCKAR;EN2;LPGAT1;IFT27;HTR4;ADCYAP1;MFN1;NF1,"[231, 806, 898, 1099, 1238, 1534, 1540, 1623, 1720, 1763, 1888, 2051, 2188, 2357, 2391, 2401, 2404, 2434, 2968, 3031, 3156, 3250, 3306, 3421, 3520, 3549, 3602, 3842, 3930, 4046, 4161, 4317, 4406, 4551, 4819, 4864, 4916, 4963, 5202, 5278, 5450, 5465, 5474, 5480, 5491, 5512, 5632, 5642, 5991, 6022, 6062, 6189, 6378, 6443, 6517, 6582, 6774, 6968, 6985, 7077, 7156, 7158, 7299, 7348, 7418, 7501, 8121, 8159, 8278, 8479, 8504, 8855, 8893, 9021, 9170, 9268, 9281, 9364, 9376, 9380, 9427, 9570, 9936, 10107, 10367, 10414, 10503, 10566, 10570, 10687, 10788, 10803, 10817, 10988, 11047, 11176, 11529, 11545, 11576, 11588, 11775, 11981, 12189, 12241, 12343, 12486, 12947, 13244, 13293, 13676, 13788, 13900, 14005, 14038, 14186, 14331, 14363, 14755, 14801, 14821, 14908, 14973, 15154, 15169, 15386, 15497, 15817, 15884, 15887, 15927, 16134, 16291, 16310, 16405, 16438, 16504, 16520, 16545, 16588, 16688, 16872, 17046, 17124, 17168, 17206, 17339, 17377, 17391]",c4.cgn__MORF_NF1
c4.cgn,MORF_HDAC2,prerank,-0.30938744770446214,-1.2911872882974713,0.021032504780114723,0.20565625205246094,1.0,65_260,65/260,19.70%,MSH2;TCERG1;LRPPRC;KHDRBS1;RBMX;PSMB2;DDX19A;AIMP2;PWP1;SEC63;ZMYM4;DDX18;YWHAQ;EIF4E;SRRM1;PRKAG1;EIF4H;PRKDC;IMMT;KRIT1;NUFIP1;NAE1;GNL2;RRM1;XRCC5;PRPS2;PDHB;CLTC;DDX46;ARFGEF1;MRPS18B;UQCRC2;ATXN10;MTCP1;SON;HMGN4;DOCK3;HNRNPU;DDX19B;XPO7;MTDH;MRPS27;UBE2E1;EIF1AX;DLD;ANAPC5;AFG3L2;SUCLA2;RTN4;SSBP1;VBP1;CAMKK2;PPT1;G3BP2;ANKRD17;ACTR3;FAM120A;BZW1;MCM2;HNRNPD;RANBP1;CAPZA1;ANXA7;HNRNPR;NNT,AHSA1;TXLNA;NUDC;NELFA;PPP1CC;PABPN1;UNG;TFAP4;CNOT3;SNRPA;RAD54L;CHERP;CDK11A;PRPF31;HSPE1;G3BP1;XPO1;CCT5;NUP62;CDK2;DNAJC9;RUVBL2;PPM1G;TRAPPC3;MAP2K2;DDX39A;TREX2;HDAC1;HNRNPAB;SSRP1;KHSRP;SMNDC1;HCFC1;SAFB;RFC4;CTDNEP1;STARD7;PTGES3;IFRD1;MTA1;SERP1;CCT4;AATF;RNPEP;SEC24C;MFAP1;MLEC;BAZ1B;DKC1;SOD1;TUFM;ACTL6A;EIF2S2;EIF3I;GNG5;MMS19;NUP188;PMEL;RNF126;DGUOK;AKR7A2;DGKZ;LSM2;F8A1;MAGOH;STK24;SLBP;TFDP1;RAD23A;KXD1;HDDC2;NONO;HNRNPM;CCT2;EIF4EBP2;RPA1;GPAA1;DNMT1;RAD21;TIAL1;EI24;ESD;PTDSS1;SGTA;IDH3G;DEK;EDC4;BUB3;HNRNPA2B1;HADHB;DUT;POLR2I;SRSF1;SUMO1;TXNL4A;CAD;TM9SF4;NDUFV1;DFFA;CUL1;NDUFC1;XPOT;SET;HSPA8;PRPF8;RNF44;MRPL9;RCHY1;MTIF2;SART3;NCBP2;HCCS;CEBPZ;NDUFAF1;SSB;DCTD;COQ9;VDAC2;RPN1;CHAF1A;ILF3;VDAC3;VPS26A;DDX39B;HADH;GTF2A2;POLR2C;COPS5;HAT1;PRDX3;GPN1;ATG12;SRP9;CS;FIBP;HDAC2;BUB1B;GOT2;BUB1;POM121;TCEA1;VDAC1;CNBP;TARDBP;ZZZ3;NDUFB3;AP3S1;RPA2;SNRPE;PABPC4;DRG1;ILF2;FBXW11;SERBP1;ETF1;U2AF1;BMS1;USP1;SNRNP200;TM9SF2;LYPLA1;MCFD2;ACAP2;UBA2;DNAJC8;ZNF131;EIF3M;THOC2;DNAJC11;ZWINT;NSDHL;MTX2;C6orf62;CYCS;GNB1;CLNS1A;HSPA9;POLE3;MCM6;ANP32A;METAP1;FH;MDH1;ABCF1;PPP2CA;POLR2A;PREP;TNPO3;SDHB;TGDS;PAPSS1;R3HDM1;FUS;XPO6;SDHA;NNT;HNRNPR;ANXA7;CAPZA1;RANBP1;HNRNPD;MCM2;BZW1;FAM120A;ACTR3;ANKRD17;G3BP2;PPT1;CAMKK2;VBP1;SSBP1;RTN4;SUCLA2;AFG3L2;ANAPC5;DLD;EIF1AX;UBE2E1;MRPS27;MTDH;XPO7;DDX19B;HNRNPU;DOCK3;HMGN4;SON;MTCP1;ATXN10;UQCRC2;MRPS18B;ARFGEF1;DDX46;CLTC;PDHB;PRPS2;XRCC5;RRM1;GNL2;NAE1;NUFIP1;KRIT1;IMMT;PRKDC;EIF4H;PRKAG1;SRRM1;EIF4E;YWHAQ;DDX18;ZMYM4;SEC63;PWP1;AIMP2;DDX19A;PSMB2;RBMX;KHDRBS1;LRPPRC;TCERG1;MSH2,"[183, 558, 598, 652, 665, 844, 940, 951, 975, 1030, 1094, 1100, 1106, 1145, 1194, 1438, 1469, 1508, 1525, 1573, 1682, 1716, 1775, 2069, 2104, 2153, 2245, 2268, 2299, 2303, 2315, 2319, 2400, 2532, 2646, 2698, 2743, 2761, 2802, 2852, 2908, 3049, 3146, 3242, 3282, 3314, 3328, 3330, 3394, 3398, 3698, 3778, 4201, 4270, 4434, 4778, 4837, 4924, 5160, 5189, 5253, 5267, 5400, 5435, 5507, 5567, 5569, 5705, 5797, 5883, 5884, 5890, 5926, 6142, 6420, 6545, 6643, 6654, 6793, 6913, 6944, 6955, 6996, 6999, 7002, 7046, 7109, 7131, 7153, 7160, 7170, 7194, 7195, 7337, 7397, 7457, 7476, 7591, 7631, 7681, 7758, 7830, 7850, 7879, 7992, 8027, 8206, 8420, 8487, 8648, 8656, 8674, 8695, 8747, 8781, 8787, 8943, 8987, 9023, 9035, 9070, 9165, 9239, 9247, 9255, 9282, 9284, 9312, 9331, 9353, 9389, 9390, 9423, 9436, 9475, 9498, 9585, 9604, 9690, 9701, 9794, 9800, 10132, 10154, 10253, 10262, 10281, 10282, 10370, 10433, 10437, 10675, 10709, 10772, 10790, 10811, 10848, 10872, 11123, 11208, 11250, 11265, 11307, 11381, 11464, 11544, 11654, 11660, 11719, 11796, 11828, 11839, 11871, 11932, 12079, 12106, 12206, 12411, 12498, 12532, 12552, 12562, 12589, 12704, 12732, 12851, 12884, 12921, 13413, 13558, 13563, 13630, 13643, 13847, 13860, 14068, 14083, 14172, 14203, 14228, 14319, 14346, 14397, 14417, 14586, 14611, 14644, 14691, 14750, 14758, 14903, 14995, 15029, 15046, 15267, 15272, 15362, 15371, 15404, 15416, 15424, 15451, 15455, 15555, 15558, 15586, 15608, 15760, 15798, 15834, 15835, 15870, 15879, 15926, 15987, 16129, 16148, 16231, 16265, 16375, 16415, 16491, 16539, 16697, 16705, 16723, 16760, 16842, 16843, 16898, 16970, 17002, 17042, 17058, 17105, 17199, 17248, 17309, 17332, 17502]",c4.cgn__MORF_HDAC2
c4.cgn,GNF2_SMC1L1,prerank,-0.44977393382265957,-1.292021062597163,0.13333333333333333,0.20662359959035106,1.0,8_26,8/26,12.83%,RBMX;SFPQ;U2SURP;PSMA3;PSIP1;NUP153;UQCRC2;DLD,PTBP1;BANF1;TCP1;HNRNPF;EED;PSME2;RRM2;SNRPG;MCM3;MCM5;CENPM;DHX15;POLA2;LMNB1;HNRNPK;SMC1A;LAS1L;ELAC2;DLD;UQCRC2;NUP153;PSIP1;PSMA3;U2SURP;SFPQ;RBMX,"[179, 2209, 2233, 2946, 3207, 3856, 4435, 6491, 7142, 8417, 8941, 9589, 9889, 10489, 10590, 11281, 12827, 14525, 15272, 15798, 16065, 16132, 16801, 16908, 17028, 17199]",c4.cgn__GNF2_SMC1L1
c4.cgn,GCM_TPR,prerank,-0.4383150571690754,-1.2810138148882415,0.14232209737827714,0.21422603398667311,1.0,13_30,13/30,22.13%,KHDRBS1;TSN;DDX18;TPR;ARCN1;IDH3A;CAPRIN1;POLR2B;DHX9;ZNHIT3;PCM1;SETDB1;FUS,PPP1CC;PCBP1;PTGES3;TRIM26;MEN1;DHPS;RAD21;COPA;CTR9;PSMD11;PI4KB;DDX39B;SP3;TRA2B;SF1;MPV17;CALM2;FUS;SETDB1;PCM1;ZNHIT3;DHX9;POLR2B;CAPRIN1;IDH3A;ARCN1;TPR;DDX18;TSN;KHDRBS1,"[665, 1366, 2761, 2916, 2948, 3623, 6793, 7070, 7281, 7716, 7802, 9247, 10351, 10366, 10998, 11741, 12311, 13643, 13668, 13706, 13710, 14245, 14253, 14425, 14975, 15556, 15832, 16843, 16995, 17248]",c4.cgn__GCM_TPR
c4.cgn,GNF2_TIMP2,prerank,0.4403294758909242,1.30002204377698,0.11991434689507495,0.21540256993814116,1.0,9_30,9/30,15.14%,MAFF;EBI3;ADM;PAGE4;GDF15;HSD17B1;IGFBP1;EGFR;S100A10,MAFF;EBI3;ADM;PAGE4;GDF15;HSD17B1;IGFBP1;EGFR;S100A10;MAN1C1;GCM1;HSD3B1;MMP11;CDKN1C;ADAM12;KISS1;CRIM1;TIMP2;PAPPA;PSG3;EGFL6;PSG9;TFAP2A;CYP19A1;FBN2;RHOBTB1;SVEP1;CRH;PAPPA2;PSG5,"[26, 243, 468, 702, 1105, 1515, 2133, 2347, 2652, 4456, 4527, 5378, 5605, 8377, 8461, 9673, 10072, 10271, 10492, 10677, 11003, 12256, 12910, 13478, 13922, 14107, 15874, 16441, 16586, 16720]",c4.cgn__GNF2_TIMP2
c4.cgn,MORF_SMC1L1,prerank,-0.3821436468509327,-1.2814148597135542,0.09829867674858223,0.21581475177651788,1.0,15_57,15/57,19.61%,MSH2;KHDRBS1;RBMX;EIF4H;RRM1;PRRC2C;ACLY;HNRNPU;EIF1AX;ANAPC5;GDI2;NCL;G3BP2;HNRNPD;HNRNPR,CHERP;G3BP1;XPO1;TRIM28;UBE2L3;HDAC1;HNRNPAB;STARD7;MCM7;CTCF;SLBP;RAD23A;NONO;HNRNPM;CCT2;PCNA;DEK;BUB3;HNRNPA2B1;NDUFS3;SRSF1;SYNCRIP;SET;DDX39B;COPS5;HAT1;GPN1;PARP1;MSH6;CNBP;TARDBP;TRA2B;USP1;SNRNP200;SMC1A;CBX3;XRCC6;UBA2;NASP;POLE3;SMARCA4;R3HDM1;HNRNPR;HNRNPD;G3BP2;NCL;GDI2;ANAPC5;EIF1AX;HNRNPU;ACLY;PRRC2C;RRM1;EIF4H;RBMX;KHDRBS1;MSH2,"[1100, 1438, 1469, 1635, 2076, 2268, 2299, 2743, 2994, 4074, 5569, 5797, 5890, 5926, 6142, 6282, 7046, 7131, 7153, 7168, 7195, 7728, 7850, 9247, 9312, 9331, 9389, 9697, 10063, 10132, 10154, 10366, 10872, 11123, 11281, 11297, 11348, 11381, 12374, 12411, 12442, 13630, 14083, 14319, 14644, 14777, 15227, 15267, 15362, 15455, 15559, 16094, 16148, 16697, 17199, 17248, 17502]",c4.cgn__MORF_SMC1L1
c4.cgn,GCM_ERCC4,prerank,-0.4532850946172281,-1.2735438447538612,0.1442495126705653,0.2231965037884536,1.0,8_25,8/25,12.58%,ADCYAP1;COL14A1;TAF1;CD8B;MPP2;ERV3-1;SLC14A2;CHIC1,PTPRU;FANCC;SLC18A1;SLC2A4;CSPG4;NDUFA1;TMEM106A;HMGA2;CCR9;IFNA21;KCNA6;NRF1;SMARCD1;FEV;SLC30A3;ERCC4;LYST;CHIC1;SLC14A2;ERV3-1;MPP2;CD8B;TAF1;COL14A1;ADCYAP1,"[857, 1672, 1763, 1904, 2442, 4429, 5334, 5446, 5772, 5807, 7353, 7477, 8135, 8998, 10367, 12343, 13016, 15316, 15440, 15647, 15699, 15708, 16157, 16546, 17339]",c4.cgn__GCM_ERCC4
c4.cgn,MORF_EI24,prerank,0.33085909430692184,1.2887875382243066,0.06535947712418301,0.2260185948476521,1.0,37_129,37/129,19.40%,SLC3A2;AHSA1;NUDC;NAA10;DEXI;SNRPA;HSPE1;CCT3;BCAP31;CCT5;TMED9;NUP62;GLB1;RUVBL2;AP2S1;PPM1G;SLC1A5;TRAPPC3;HNRNPAB;SSRP1;KHSRP;SCARB1;DYNLL1;RFC4;STARD7;PTGES3;IFRD1;SERP1;TMEM106C;CSNK2B;RNPEP;SEC24C;MFAP1;MLEC;BAZ1B;DKC1;SOD1,SLC3A2;AHSA1;NUDC;NAA10;DEXI;SNRPA;HSPE1;CCT3;BCAP31;CCT5;TMED9;NUP62;GLB1;RUVBL2;AP2S1;PPM1G;SLC1A5;TRAPPC3;HNRNPAB;SSRP1;KHSRP;SCARB1;DYNLL1;RFC4;STARD7;PTGES3;IFRD1;SERP1;TMEM106C;CSNK2B;RNPEP;SEC24C;MFAP1;MLEC;BAZ1B;DKC1;SOD1;TUFM;ACTL6A;NDUFS2;EIF2S2;GNG5;NCOR2;HAX1;LSM4;ALG3;DGUOK;AKR7A2;LSM2;F8A1;STK24;RAD23A;KXD1;HDDC2;TRIP13;EIF4G1;EI24;ESD;IDH3G;BUB3;HNRNPA2B1;POLR2I;SRSF1;TM9SF4;NDUFV1;NDUFC1;XPOT;UBE2S;CCNB1;SART3;NCBP2;HCCS;SSB;RHEB;COQ9;VDAC2;VDAC3;VPS26A;GTF2A2;HAT1;PRDX3;CS;HDAC2;GOT2;ALG8;BUB1;TCEA1;VDAC1;NDUFB3;LARP1;PRDX4;SNRNP200;TM9SF2;LYPLA1;MCFD2;RAC1;GLO1;DNAJC11;ZWINT;NSDHL;CYCS;GNB1;CALM3;METAP1;FH;MDH1;ABCF1;GANAB;SDHB;IPO7;SDHA;FAM120A;G3BP2;PPT1;VBP1;SSBP1;RTN4;AFG3L2;XPO7;DDX19B;DOCK3;MTCP1;ATXN10;MRPS18B;PDHB;PRPS2;IMMT;PRKDC;PSMB2,"[40, 183, 598, 658, 827, 1030, 1194, 1222, 1256, 1508, 1520, 1525, 1582, 1716, 1749, 1775, 1927, 2069, 2299, 2303, 2315, 2430, 2497, 2646, 2743, 2761, 2802, 2908, 2950, 2962, 3242, 3282, 3314, 3328, 3330, 3394, 3398, 3698, 3778, 4184, 4201, 4434, 4578, 4867, 4871, 4951, 5189, 5253, 5400, 5435, 5567, 5797, 5883, 5884, 6199, 6233, 6944, 6955, 7002, 7131, 7153, 7194, 7195, 7476, 7591, 7758, 7830, 8209, 8226, 8648, 8656, 8674, 8781, 8835, 8943, 8987, 9165, 9239, 9282, 9331, 9353, 9436, 9498, 9604, 9623, 9690, 9794, 9800, 10262, 10304, 10397, 11123, 11208, 11250, 11265, 11471, 11537, 11719, 11796, 11828, 11932, 12079, 12212, 12552, 12562, 12589, 12704, 13207, 13413, 13808, 13860, 14417, 14644, 14691, 14758, 14903, 14995, 15046, 15424, 15451, 15555, 15608, 15760, 15834, 15926, 15987, 16491, 16539, 17105]",c4.cgn__MORF_EI24
c4.cgn,MORF_MSH2,prerank,-0.3763950304138683,-1.2703673563497173,0.10456273764258556,0.22622592810593706,1.0,13_58,13/58,14.93%,MSH2;LRPPRC;KHDRBS1;PSMB2;AIMP2;NAE1;RRM1;MRPS18B;GTF2H1;HNRNPU;SUCLA2;PRPSAP1;SSBP1,NUDC;UNG;G3BP1;XPO1;CCT5;RUVBL2;DDX39A;HNRNPAB;SSRP1;RFC4;BAZ1B;SOD1;EIF2B4;ACTL6A;POP5;NUP188;PCNA;RPA1;RAD21;DEK;BUB3;HNRNPA2B1;POLR2I;SRSF1;SET;SPCS2;SART3;CHAF1A;COPS5;HAT1;GPN1;HDAC2;ALG8;MSH6;PARG;ZZZ3;ILF2;TRRAP;USP1;SNRNP200;SMC1A;CLNS1A;METAP1;RANBP1;MCM2;SSBP1;PRPSAP1;SUCLA2;HNRNPU;GTF2H1;MRPS18B;RRM1;NAE1;AIMP2;PSMB2;KHDRBS1;LRPPRC;MSH2,"[598, 940, 1438, 1469, 1508, 1716, 2153, 2299, 2303, 2646, 3330, 3398, 3656, 3778, 4706, 4837, 6282, 6545, 6793, 7046, 7131, 7153, 7194, 7195, 7850, 8291, 8648, 9035, 9312, 9331, 9389, 9498, 9623, 10063, 10074, 10253, 10675, 10855, 10872, 11123, 11281, 12106, 12552, 14228, 14346, 14903, 14912, 15029, 15455, 15705, 15834, 16148, 16265, 17042, 17105, 17248, 17309, 17502]",c4.cgn__MORF_MSH2
c4.cgn,MORF_ESPL1,prerank,0.38077282230015413,1.289495486909134,0.08130081300813008,0.22820503644376594,1.0,22_56,22/56,19.01%,NUDC;PPP1CC;PLK1;SNRPA;CHERP;FOXM1;CCT5;TRIM28;DNAJC9;PPM1G;LMNB2;HNRNPAB;SSRP1;KHSRP;HCFC1;ESPL1;RFC4;PTGES3;CSNK2B;CLPP;MFAP1;BAZ1B,NUDC;PPP1CC;PLK1;SNRPA;CHERP;FOXM1;CCT5;TRIM28;DNAJC9;PPM1G;LMNB2;HNRNPAB;SSRP1;KHSRP;HCFC1;ESPL1;RFC4;PTGES3;CSNK2B;CLPP;MFAP1;BAZ1B;KIFC1;AURKB;TFDP1;RAD23A;DNMT1;NUDT1;BUB3;MCM3;HNRNPA2B1;HAT1;CS;BUB1B;GOT2;BUB1;VDAC1;POLA2;TARDBP;GLO1;ZWINT;CYCS;GNB1;MCM6;KIF11;FUS;HNRNPD;MCM2;FEN1;SSBP1;AFG3L2;DDX19B;PRPS2;RRM1;TYMS;PSMB2,"[598, 665, 869, 1030, 1100, 1135, 1508, 1635, 1682, 1775, 1800, 2299, 2303, 2315, 2400, 2630, 2646, 2761, 2962, 3176, 3314, 3330, 3897, 4224, 5705, 5797, 6654, 6948, 7131, 7142, 7153, 9331, 9436, 9585, 9604, 9690, 9800, 9889, 10154, 11537, 11796, 11932, 12079, 12498, 13279, 13643, 14319, 14346, 14856, 14903, 15046, 15451, 15987, 16148, 16776, 17105]",c4.cgn__MORF_ESPL1
c4.cgn,MORF_TERF1,prerank,-0.36578914119191197,-1.266254903167114,0.1018867924528302,0.2286353016283988,1.0,20_64,20/64,22.13%,LRPPRC;KHDRBS1;YWHAQ;SRRM1;TERF1;KRIT1;XRCC5;ACP1;ARFGEF1;HNRNPU;XPO7;EIF1AX;ANAPC5;FOXJ3;HNRNPD;TAX1BP1;CAPZA1;HNRNPR;ARIH2;FUS,GAK;PABPN1;XPO1;RBM6;SDR39U1;SMNDC1;SAFB;CTDNEP1;STARD7;SERP1;DDX49;NAP1L4;ATXN2L;RNPS1;STK24;RAD23A;KXD1;NONO;HNRNPUL1;DHX38;GPAA1;TIAL1;SUMO2;PRPF8;RNF44;SMARCC2;DDX39B;POLR2C;CS;POM121;TCEA1;BRD8;EIF4A2;PUM1;HNRNPK;ILF2;U2AF1;PTP4A2;SNRNP200;DNAJC8;ARFGAP2;GNB1;PUM2;POLR2A;FUS;ARIH2;HNRNPR;CAPZA1;TAX1BP1;HNRNPD;FOXJ3;ANAPC5;EIF1AX;XPO7;HNRNPU;ARFGEF1;ACP1;XRCC5;KRIT1;TERF1;SRRM1;YWHAQ;KHDRBS1;LRPPRC,"[736, 844, 1469, 1649, 2011, 2319, 2532, 2698, 2743, 2908, 3787, 4529, 5018, 5271, 5567, 5797, 5883, 5890, 6288, 6533, 6643, 6913, 7732, 7992, 8027, 8662, 9247, 9284, 9436, 9701, 9794, 10025, 10269, 10573, 10590, 10675, 10811, 10987, 11123, 11464, 11662, 12079, 12575, 12851, 13643, 13897, 14083, 14203, 14274, 14319, 14901, 15267, 15362, 15424, 15455, 15835, 15957, 16129, 16415, 16643, 16723, 16842, 17248, 17309]",c4.cgn__MORF_TERF1
c4.cgn,MORF_MSH3,prerank,-0.3103394073709189,-1.2665811126936048,0.040229885057471264,0.23019590121233646,1.0,65_215,65/215,24.40%,NF1;MFN1;PPP1R12B;IFT27;ATXN3;LPGAT1;COL19A1;CAMK4;PIAS2;MON2;FRY;ZNF500;TRIM24;MSH3;TNIK;TAF2;RPS6KA5;BRWD1;COQ7;ESR1;CLPX;DIMT1;NR2C1;DNAJC16;ZNF266;KAZN;TAF5L;PAX7;IL16;RNF14;KRR1;MDM2;GNG4;WBP4;CLOCK;ZNF134;ITIH3;REV3L;NFX1;KLHDC10;NXPE3;AQP7;NFAT5;KIAA0586;SPA17;ERC1;PIK3C2A;ZNF33B;HABP4;CYP2E1;LEPROTL1;EPHB2;HSPA13;AMMECR1;ATP6V0A2;BPHL;GLE1;PIK3CB;SPAST;BARX2;PGM3;ZNF157;SLC33A1;KRT86;PAXIP1,NPFF;PPP1R3D;DMPK;INPP5E;RREB1;TMEM184B;TBX19;PPP1R1A;RUNX1;CPZ;NMT1;SLC18A1;HCRT;CTRL;CFH;ZBTB40;CNKSR1;HIC2;FOSL1;CCNF;TMEM11;MSL3;COX6A2;ZBTB22;HNF1A;COLQ;SLC2A1;IKBKE;NTNG2;CASP10;NRTN;NRP2;RXRG;KLHL18;AQP5;IRF2;FPR2;USP20;ZNF592;GRIK5;LTBP4;KHK;CPSF4;HTR1E;TBC1D22A;AMOT;IQCK;PDE6A;DKK4;PLEKHB1;SULT2B1;POFUT2;GTSE1;SLC4A3;RAP1A;DOCK1;PPP5C;WIPF2;GPR19;GNA11;AMFR;POU6F2;NR1I2;SLC22A6;ARL3;PVR;NKRF;ATP8B1;CAMK2G;RUNX2;SIM2;SMYD5;POU6F1;SLC16A5;SUPT3H;POLA1;CYP2D6;C1orf216;DPT;PCF11;PHF10;BNIP1;KLRC4;FGF18;ATF2;IL13;SPRED2;BRCA1;PIGF;ABCC8;POP4;FIG4;ELAVL2;ADCY3;SURF2;YAF2;RAD51D;HTR7;MC5R;ZNF133;PSMF1;SULT4A1;PRKACA;FOXD1;PAX9;CPEB3;CACNB1;GPR18;GNPAT;CPB2;CDC73;SYT5;MLLT10;FRYL;PTEN;CYP11A1;LY9;AFF2;UBE4B;ABCB10;TFDP2;POLR2K;PPP2R5B;CDYL;ATP6V1B1;ZBTB14;PHLDB1;COLGALT2;NOS2;EXTL3;CELA2B;ARHGAP12;TANC2;CHD9;FSHR;FNTB;USP46;TTLL5;EP400;ABCB9;ATRX;GJB5;CRHR1;TTI1;SMG1;ERCC4;NFYB;PITPNA;GPATCH8;SYNJ2;PAXIP1;KRT86;SLC33A1;ZNF157;PGM3;BARX2;SPAST;PIK3CB;GLE1;BPHL;ATP6V0A2;AMMECR1;HSPA13;EPHB2;LEPROTL1;CYP2E1;HABP4;ZNF33B;PIK3C2A;ERC1;SPA17;KIAA0586;NFAT5;AQP7;NXPE3;KLHDC10;NFX1;REV3L;ITIH3;ZNF134;CLOCK;WBP4;GNG4;MDM2;KRR1;RNF14;IL16;PAX7;TAF5L;KAZN;ZNF266;DNAJC16;NR2C1;DIMT1;CLPX;ESR1;COQ7;BRWD1;RPS6KA5;TAF2;TNIK;MSH3;TRIM24;ZNF500;FRY;MON2;PIAS2;CAMK4;COL19A1;LPGAT1;ATXN3;IFT27;PPP1R12B;MFN1;NF1,"[214, 313, 529, 557, 806, 897, 898, 1271, 1384, 1568, 1591, 1763, 1821, 1888, 2051, 2152, 2173, 2184, 2188, 2271, 2391, 2401, 2434, 2968, 3074, 3087, 3156, 3163, 3250, 3306, 3421, 3520, 3602, 3930, 4046, 4161, 4171, 4231, 4317, 4406, 4551, 4573, 4602, 4721, 4963, 4997, 5004, 5036, 5202, 5278, 5450, 5465, 5480, 5491, 5616, 5632, 5644, 5670, 5702, 5737, 5936, 5991, 6022, 6062, 6378, 6517, 6541, 6583, 6774, 6841, 6968, 6985, 7077, 7299, 7327, 7340, 7348, 7435, 7501, 7649, 7676, 7890, 7921, 8121, 8136, 8159, 8388, 8479, 8497, 8504, 8847, 8855, 8893, 9021, 9085, 9125, 9164, 9170, 9268, 9364, 9367, 9376, 9427, 9543, 9570, 9700, 9757, 9887, 9936, 9992, 10314, 10414, 10494, 10503, 10528, 10566, 10570, 10687, 10794, 10803, 10817, 10988, 11118, 11159, 11176, 11245, 11333, 11529, 11576, 11588, 11775, 11798, 11872, 11886, 11912, 11981, 12012, 12082, 12087, 12189, 12221, 12241, 12254, 12297, 12317, 12343, 12358, 12792, 12947, 13003, 13244, 13293, 13356, 13438, 13525, 13536, 13551, 13676, 13788, 13842, 13900, 13954, 13994, 14005, 14017, 14038, 14236, 14280, 14351, 14363, 14390, 14502, 14755, 14801, 14821, 14906, 14908, 14926, 15121, 15124, 15146, 15169, 15235, 15285, 15386, 15450, 15497, 15619, 15683, 15694, 15884, 15887, 15904, 15949, 16063, 16134, 16236, 16263, 16291, 16345, 16472, 16504, 16520, 16545, 16588, 16620, 16696, 16852, 17091, 17124, 17153, 17168, 17335, 17377, 17391]",c4.cgn__MORF_MSH3
c4.cgn,MORF_RUNX1,prerank,-0.3299643238003289,-1.2610863362453033,0.0637065637065637,0.23063746133023696,1.0,43_132,43/132,26.10%,MFN1;ADCYAP1;KLHL20;HTR4;SLC24A1;LPGAT1;COL19A1;NTPCR;PIAS2;ZNF500;MSH3;TAF2;ESR1;CLPX;PIGB;DNAJC16;TAF5L;PAX7;KRR1;WBP4;ZNF134;NFX1;AQP7;ZNF200;UTRN;KIAA0586;ERC1;SPEF1;MGA;RBBP8;EPHB2;AMMECR1;ATP6V0A2;ARFGEF2;GLE1;PIK3CB;ZNF157;SLC33A1;KRT86;PAXIP1;TLN2;SYNJ2;GPATCH8,NPFF;KANK2;INPP5E;TBX19;BCL2;RUNX1;CTRL;FOSL1;TMEM11;MSL3;TNFRSF25;COX6A2;NCKIPSD;HNF1A;COLQ;SLC2A1;NRTN;KLHL18;AQP5;ZNF592;GRIK5;LTBP4;SLC13A2;TBC1D22A;PDE6A;PLEKHB1;POFUT2;MLN;SLC4A3;DTNA;GPR19;AMFR;POU6F2;NR1I2;SLC22A6;SSTR5;PVR;NKRF;WDR62;CAMK2G;RUNX2;POU6F1;SLC16A5;C1orf216;DPT;PCF11;PHF10;IL13;BRCA1;RFC5;SEZ6L;POP4;FIG4;ADCY3;HTR7;MC5R;ZNF133;PSMF1;SULT4A1;BRD1;PAX9;CACNB1;TACC2;DAPK2;SLC30A3;SYT5;CDK13;FRYL;CYP11A1;AFF2;UBE4B;POLR2K;ITIH4;CDYL;ZBTB14;COLGALT2;NOS2;TANC2;CHD9;FNTB;EP400;ZNF710;ATRX;GJB5;CRHR1;TTI1;SMG1;IPCEF1;ADAM20;GPATCH8;SYNJ2;TLN2;PAXIP1;KRT86;SLC33A1;ZNF157;PIK3CB;GLE1;ARFGEF2;ATP6V0A2;AMMECR1;EPHB2;RBBP8;MGA;SPEF1;ERC1;KIAA0586;UTRN;ZNF200;AQP7;NFX1;ZNF134;WBP4;KRR1;PAX7;TAF5L;DNAJC16;PIGB;CLPX;ESR1;TAF2;MSH3;ZNF500;PIAS2;NTPCR;COL19A1;LPGAT1;SLC24A1;HTR4;KLHL20;ADCYAP1;MFN1,"[214, 432, 557, 898, 1238, 1384, 1888, 2188, 2391, 2401, 2404, 2434, 2826, 3074, 3087, 3156, 3421, 3930, 4046, 4317, 4406, 4551, 4819, 4963, 5036, 5278, 5465, 5474, 5491, 5512, 5702, 5936, 5991, 6022, 6062, 6368, 6517, 6541, 6630, 6774, 6841, 7077, 7299, 7435, 7501, 7649, 7676, 8159, 8479, 8556, 8713, 8847, 8855, 9021, 9170, 9268, 9364, 9367, 9376, 9380, 9570, 9757, 10096, 10107, 10367, 10414, 10426, 10503, 10566, 10687, 10794, 10988, 11047, 11159, 11245, 11529, 11576, 11872, 11886, 11981, 12087, 12161, 12221, 12241, 12254, 12297, 12317, 12331, 12375, 12947, 13003, 13068, 13244, 13293, 13356, 13438, 13676, 13788, 13844, 13900, 13954, 14005, 14125, 14232, 14331, 14363, 14502, 14669, 14681, 14801, 14908, 15124, 15169, 15386, 15619, 15683, 15887, 15927, 16063, 16134, 16345, 16504, 16545, 16696, 16764, 17091, 17124, 17125, 17206, 17262, 17339, 17377]",c4.cgn__MORF_RUNX1
c4.cgn,MORF_RAB11A,prerank,-0.37788736239068677,-1.2631453247449937,0.10789980732177264,0.23107792090718954,1.0,22_56,22/56,27.50%,XPA;PSMC2;TPR;NFATC2IP;POLR3C;GTF2H1;ARCN1;SDHC;NUP88;PSMA5;PRPSAP1;BAG5;XPC;RAB11A;ZNHIT3;OARD1;IK;PRPF4;TERF2IP;PPP2R5E;GMFB;PDCD10,SCRIB;WIPI2;TBPL1;RAE1;ILVBL;CFDP1;EIF2B2;NUBP1;SMAD2;TBCB;PRPF18;KBTBD2;CUX1;SPCS2;DNPEP;URI1;DUSP11;PPP1R7;COX7A2L;PSMD10;UBR5;ATXN2;PARG;ZNF410;CNBP;ZZZ3;COIL;FAF2;PEX11B;DPM1;TOR1AIP1;UBE2A;STXBP3;HTATSF1;PDCD10;GMFB;PPP2R5E;TERF2IP;PRPF4;IK;OARD1;ZNHIT3;RAB11A;XPC;BAG5;PRPSAP1;PSMA5;NUP88;SDHC;ARCN1;GTF2H1;POLR3C;NFATC2IP;TPR;PSMC2;XPA,"[761, 2077, 2588, 2890, 3181, 3420, 4808, 5177, 6205, 7767, 8031, 8097, 8237, 8291, 8312, 8694, 8701, 8862, 9100, 9104, 9528, 10049, 10074, 10123, 10132, 10253, 10256, 10771, 11074, 11388, 11774, 11882, 12185, 12287, 12701, 12898, 12931, 13023, 13099, 13457, 13625, 13710, 13852, 14321, 14353, 14912, 14940, 15053, 15164, 15556, 15705, 15750, 15807, 15832, 16078, 16248]",c4.cgn__MORF_RAB11A
c4.cgn,GNF2_RAP1B,prerank,0.41822200272901233,1.2811420135234755,0.13513513513513514,0.23136870278216878,1.0,13_33,13/33,23.56%,STK38;CLEC2B;INPP5D;ELF4;ADAM8;RASSF1;ITGAL;RAC2;BTN3A3;HLA-E;BIN2;PTPRC;HLA-F,STK38;CLEC2B;INPP5D;ELF4;ADAM8;RASSF1;ITGAL;RAC2;BTN3A3;HLA-E;BIN2;PTPRC;HLA-F;MSN;CYTIP;VPS16;RAP2B;GPR65;ADCY7;IQGAP1;HLA-G;JAK1;MAT2B;OSTF1;SNX6;STK10;MBNL1;CAB39;KDM5A;RAP1B;ADAM10;ACTR3;SCAF8,"[222, 389, 448, 1471, 1533, 1540, 2736, 2938, 3109, 3356, 3511, 3989, 4126, 5230, 5717, 5934, 6006, 6823, 7067, 8419, 8447, 9271, 9924, 10320, 10488, 10692, 11269, 11898, 12479, 12892, 13386, 14586, 17406]",c4.cgn__GNF2_RAP1B
c4.cgn,GNF2_BUB3,prerank,-0.4410793990406117,-1.261264534986151,0.1776061776061776,0.23241038804472947,1.0,9_26,9/26,17.33%,U2SURP;SNRPD3;PSMA3;NAE1;PSIP1;XRCC5;PSMA5;SSBP1;KPNB1,SNRPA;CCT3;BANF1;TCP1;PTGES3;HNRNPF;SNRPG;RPA1;BUB3;MCM3;HNRNPA2B1;SRSF10;TP53;RAN;SMC3;HNRNPC;PA2G4;KPNB1;SSBP1;PSMA5;XRCC5;PSIP1;NAE1;PSMA3;SNRPD3;U2SURP,"[1030, 1222, 2209, 2233, 2761, 2946, 6491, 6545, 7131, 7142, 7153, 8142, 8693, 8903, 10273, 11073, 13880, 14483, 14903, 14940, 16129, 16132, 16265, 16801, 16826, 16908]",c4.cgn__GNF2_BUB3
c4.cgn,GNF2_MSH6,prerank,-0.4339287228872709,-1.2570935493093611,0.14285714285714285,0.23280513558750326,1.0,14_29,14/29,25.37%,MSH2;LRPPRC;RFC3;PRKDC;MLH1;GMPS;MRPS27;CSE1L;MAD2L1;RANBP1;MRPL42;ITGB3BP;ADSL;SNRPF,PPP1CC;MTHFD2;CCT3;TCP1;RFC4;CCT4;CCT2;LIG1;MCM3;HNRNPA2B1;RAN;MSH6;PAICS;SNRPE;GNL3;SNRPF;ADSL;ITGB3BP;MRPL42;RANBP1;MAD2L1;CSE1L;MRPS27;GMPS;MLH1;PRKDC;RFC3;LRPPRC;MSH2,"[665, 723, 1222, 2233, 2646, 3049, 6142, 6992, 7142, 7153, 8903, 10063, 10291, 10370, 11505, 13074, 13172, 13237, 13917, 14228, 14365, 14844, 15404, 16118, 16252, 16539, 17159, 17309, 17502]",c4.cgn__GNF2_MSH6
c4.cgn,MORF_PAPSS1,prerank,-0.3413866962578085,-1.2583639277035694,0.08867924528301886,0.23300383097598018,1.0,26_100,26/100,19.11%,LRPPRC;KHDRBS1;SEC63;YWHAQ;SRRM1;KRIT1;RAB6A;XRCC5;PDHB;ARFGEF1;ATXN10;XPO7;MTDH;EIF1AX;ANAPC5;PTPRA;AFG3L2;RTN4;PPT1;G3BP2;ACTR3;FAM120A;HNRNPD;TAX1BP1;CAPZA1;ANXA7,GAK;GNB2;PABPN1;XPO1;TMED9;TRAPPC3;HDAC1;SMNDC1;DYNLL1;CTDNEP1;STARD7;IFRD1;SERP1;RNPEP;SEC24C;BMI1;GNG5;NAP1L4;DGKZ;RAD23A;KXD1;NONO;EIF4EBP2;GPAA1;TIAL1;ESD;IDH3G;HADHB;VGLL4;SUMO2;NDUFC1;CAPZB;RNF44;CLSTN1;RCHY1;ZNF638;SMARCC2;DCTD;VDAC2;RPN1;VDAC3;VPS26A;DDX39B;GTF2A2;GPN1;CS;HDAC2;SH3BGRL;TCEA1;VAMP3;BRD8;AP3S1;AHCYL1;CAP1;FBXW11;ARPC5;SNRNP200;SREBF2;TM9SF2;HADHA;LYPLA1;DNAJC8;ZNF131;EFCAB14;GNB1;CALM2;METAP1;PUM2;MDH1;CANX;TNPO3;GANAB;ARF4;PAPSS1;ANXA7;CAPZA1;TAX1BP1;HNRNPD;FAM120A;ACTR3;G3BP2;PPT1;RTN4;AFG3L2;PTPRA;ANAPC5;EIF1AX;MTDH;XPO7;ATXN10;ARFGEF1;PDHB;XRCC5;RAB6A;KRIT1;SRRM1;YWHAQ;SEC63;KHDRBS1;LRPPRC,"[736, 746, 844, 1469, 1520, 2069, 2268, 2319, 2497, 2698, 2743, 2802, 2908, 3242, 3282, 3628, 4434, 4529, 5267, 5797, 5883, 5890, 6420, 6643, 6913, 6955, 7002, 7160, 7380, 7732, 7758, 8009, 8027, 8057, 8420, 8658, 8662, 8787, 8987, 9023, 9165, 9239, 9247, 9282, 9389, 9436, 9498, 9791, 9794, 9874, 10025, 10281, 10453, 10635, 10709, 10877, 11123, 11150, 11208, 11235, 11250, 11464, 11544, 11721, 12079, 12311, 12552, 12575, 12589, 12788, 12921, 13207, 13518, 13563, 14172, 14203, 14274, 14319, 14417, 14586, 14644, 14691, 14995, 15046, 15193, 15267, 15362, 15416, 15424, 15760, 15835, 15926, 16129, 16294, 16415, 16723, 16842, 16970, 17248, 17309]",c4.cgn__MORF_PAPSS1
c4.cgn,MORF_UBE2I,prerank,0.3129564911868283,1.2816988669429428,0.029350104821802937,0.23373765929521276,1.0,70_230,70/230,22.21%,PTBP1;HDGF;ATF4;HSPD1;GNB2;CSK;HSP90AA1;JTB;SENP3;MRPL23;EEF1D;OAZ1;CTBP1;XPO1;TRIM28;RPS19;BCL7B;LYPLA2;EEF1G;RPL13;UBE2I;LSM7;SRSF9;CLIC1;HSP90AB1;SDR39U1;UBE2L3;RPL18A;BANF1;ZNF384;HNRNPAB;RPL34;RPL18;RPL9;RPL31;RPL27;FBL;RPS5;RPL14;RPL24;CTDNEP1;COX7C;STARD7;RPLP2;COPS6;RPL6;RPS7;IST1;HGS;PARK7;RAF1;YBX1;RPS24;AATF;RPS11;PSMB1;SSR2;NACA;RPS25;UBC;NME2;TUFM;EBP;RPS27A;SNRNP70;RPS6;DDX49;RPS12;RPL7;SART1,PTBP1;HDGF;ATF4;HSPD1;GNB2;CSK;HSP90AA1;JTB;SENP3;MRPL23;EEF1D;OAZ1;CTBP1;XPO1;TRIM28;RPS19;BCL7B;LYPLA2;EEF1G;RPL13;UBE2I;LSM7;SRSF9;CLIC1;HSP90AB1;SDR39U1;UBE2L3;RPL18A;BANF1;ZNF384;HNRNPAB;RPL34;RPL18;RPL9;RPL31;RPL27;FBL;RPS5;RPL14;RPL24;CTDNEP1;COX7C;STARD7;RPLP2;COPS6;RPL6;RPS7;IST1;HGS;PARK7;RAF1;YBX1;RPS24;AATF;RPS11;PSMB1;SSR2;NACA;RPS25;UBC;NME2;TUFM;EBP;RPS27A;SNRNP70;RPS6;DDX49;RPS12;RPL7;SART1;RPL19;SNRPB;RPS3A;RPS13;EIF3I;UQCRH;CNPPD1;RPL11;NAP1L4;UBA1;PCBP2;GNAS;FAU;UBB;COX5B;PDAP1;ANP32B;COX4I1;NUP188;SRP14;CCT7;RPL5;RNPS1;SEC61B;COX6A1;RPL22;ATP6V1F;RPL17;BTF3;CYC1;RPL30;KXD1;NONO;AP2M1;HNRNPM;RALY;PABPC1;CCT2;HNRNPUL1;COX6B1;DHX38;PSMB3;BAG6;GPAA1;PPP2R1A;BRD2;RPL10A;CHD4;CDV3;RAB8A;TIAL1;CFL1;NUDT1;TOP1;NAP1L1;SUMO3;EIF4A1;DEK;IDH3B;OTUB1;PTMA;RPL21;HNRNPA2B1;NDUFS3;POLR2I;HINT1;PSMB7;LSM14A;SUMO2;TBCB;RHOA;SET;UQCRFS1;PRPF8;EIF6;USP22;COX8A;MRPL9;PPIA;ZFPL1;UBN1;ERH;PSMD8;PUF60;RAN;ILF3;COX7A2L;DDX39B;ARPC3;EEF2;TEX261;CS;LDHA;TUBA1B;PGK1;STRAP;BRD8;CNBP;TARDBP;PHB2;EIF4A2;SNRPE;DRG1;SNRPB2;HUWE1;PUM1;HNRNPK;ILF2;U2AF1;EIF3K;PTP4A2;HPRT1;HNRNPC;SNRNP200;SRSF3;EIF3D;CBX3;XRCC6;EIF3H;UBA2;DNAJC8;EIF3M;ARFGAP2;CALM2;POLE3;NGDN;EIF4G2;PPP2CA;FAM168B;CANX;POLR2A;PCMT1;GANAB;ACTG1;IK;SLC25A3;ZC3H15;FUS;HNRNPD;SRSF2;YWHAZ;DAZAP2;NCL;FOXJ3;DAP3;GDI2;ANAPC5;EIF1AX;HNRNPA1;ATXN10;NPM1;ACP1;OXA1L;XRCC5;EIF4H;YWHAQ;HMGN1;RBMX;KHDRBS1;RBM3,"[179, 318, 381, 682, 746, 829, 876, 880, 922, 987, 1270, 1344, 1410, 1469, 1635, 1703, 1737, 1817, 1845, 1853, 1857, 1878, 1920, 1955, 1985, 2011, 2076, 2179, 2209, 2263, 2299, 2326, 2393, 2420, 2425, 2446, 2514, 2520, 2534, 2693, 2698, 2712, 2743, 2774, 2781, 2812, 2854, 2898, 2925, 3030, 3033, 3086, 3103, 3146, 3166, 3303, 3305, 3349, 3416, 3543, 3600, 3698, 3700, 3702, 3756, 3757, 3787, 3808, 3887, 3890, 4014, 4167, 4216, 4265, 4270, 4384, 4405, 4526, 4529, 4716, 4719, 4729, 4734, 4750, 4769, 4796, 4820, 4836, 4837, 4885, 5096, 5122, 5271, 5404, 5419, 5460, 5476, 5534, 5589, 5661, 5756, 5883, 5890, 5915, 5926, 5946, 6002, 6142, 6288, 6303, 6533, 6562, 6613, 6643, 6695, 6720, 6728, 6811, 6817, 6908, 6913, 6939, 6948, 6951, 7021, 7026, 7033, 7046, 7055, 7059, 7095, 7103, 7153, 7168, 7194, 7246, 7404, 7611, 7732, 7767, 7817, 7850, 7978, 7992, 8000, 8090, 8139, 8206, 8248, 8429, 8521, 8550, 8583, 8815, 8903, 9070, 9100, 9247, 9308, 9332, 9412, 9436, 9549, 9644, 9922, 9939, 10025, 10132, 10154, 10159, 10269, 10370, 10437, 10569, 10571, 10573, 10590, 10675, 10811, 10852, 10987, 11035, 11073, 11123, 11131, 11188, 11297, 11348, 11375, 11381, 11464, 11654, 11662, 12311, 12411, 12420, 12560, 12732, 12738, 12788, 12851, 12872, 13207, 13331, 13457, 13514, 13537, 13643, 14319, 14385, 14665, 14718, 14777, 14901, 15084, 15227, 15267, 15362, 15588, 15760, 15766, 15957, 15959, 16129, 16697, 16842, 16952, 17199, 17248, 17249]",c4.cgn__MORF_UBE2I
c4.cgn,MORF_RAP1A,prerank,-0.32705215061559406,-1.2520775083648747,0.06486486486486487,0.2344888936249179,1.0,45_127,45/127,26.10%,MFN1;SLC24A1;LPGAT1;SEC23IP;EIF4E;ZNF500;MSH3;TAF2;AGPS;TPP2;CLPX;LIAS;DIMT1;PIGB;NR2C1;DDX46;PEX3;TAF5L;GSK3B;HMGN4;DCK;SEC31A;KLHDC10;AQP7;UTRN;KIAA0586;PIK3C2A;SPEF1;RBBP8;MYCBP;ZNF292;RFC1;LEPROTL1;HSPA13;ATP6V0A2;BPHL;PIK3CB;OARD1;SPAST;SFSWAP;PAXIP1;SEC62;MFN2;SYNJ2;GPATCH8,MSX1;PCGF1;INPP5E;LAIR1;BAHD1;NMT1;TRIM27;DNA2;OSR1;HIC2;CCNF;TMEM11;MSL3;COX6A2;ZBTB22;SLC2A1;NRTN;KLHL18;AQP5;SH2B1;LSM1;IRF2;GRIK5;CPSF4;TBC1D22A;NUMB;DKK4;PLEKHB1;JAG1;GTSE1;DTNA;ERCC2;RAP1A;PPP5C;EIF5B;AMFR;SLC22A6;SSTR5;CSTF3;SLC6A11;NKRF;OPRL1;CAMK2G;POLA1;SLC25A11;C1orf216;CHD3;DPT;PCF11;PHF10;IL13;SPRED2;BRCA1;PIGF;POP4;FIG4;YAF2;HTR7;MC5R;PAX9;RB1;CNOT2;HNRNPL;POLR3D;CDK13;CEP350;FRYL;BMS1;POLR2K;CDYL;ATP6V1B1;EXTL3;AIMP1;CHD9;FNTB;ATRX;TTI1;SMG1;IPCEF1;NFYB;ECE2;SMC5;GPATCH8;SYNJ2;MFN2;SEC62;PAXIP1;SFSWAP;SPAST;OARD1;PIK3CB;BPHL;ATP6V0A2;HSPA13;LEPROTL1;RFC1;ZNF292;MYCBP;RBBP8;SPEF1;PIK3C2A;KIAA0586;UTRN;AQP7;KLHDC10;SEC31A;DCK;HMGN4;GSK3B;TAF5L;PEX3;DDX46;NR2C1;PIGB;DIMT1;LIAS;CLPX;TPP2;AGPS;TAF2;MSH3;ZNF500;EIF4E;SEC23IP;LPGAT1;SLC24A1;MFN1,"[231, 556, 557, 1183, 1484, 1591, 1611, 1690, 1717, 2184, 2271, 2391, 2401, 2434, 2968, 3156, 3421, 3930, 4046, 4052, 4143, 4161, 4406, 4602, 4963, 5201, 5202, 5278, 5281, 5480, 5512, 5609, 5616, 5644, 5863, 5936, 6062, 6368, 6385, 6443, 6541, 6582, 6774, 7340, 7418, 7435, 7478, 7501, 7649, 7676, 8159, 8388, 8479, 8497, 8847, 8855, 9125, 9170, 9268, 9570, 9620, 9858, 9987, 10242, 10426, 10450, 10503, 10848, 10988, 11159, 11176, 11588, 11722, 11886, 11981, 12221, 12297, 12317, 12331, 12358, 12432, 12798, 12947, 13003, 13019, 13161, 13244, 13427, 13551, 13625, 13676, 13842, 13900, 13994, 14017, 14088, 14095, 14118, 14125, 14331, 14351, 14502, 14669, 14801, 14906, 15076, 15388, 15558, 15613, 15683, 15712, 15870, 15904, 15927, 15949, 16049, 16063, 16261, 16310, 16345, 16504, 16545, 16760, 16797, 17124, 17125, 17377]",c4.cgn__MORF_RAP1A
c4.cgn,MORF_TFDP2,prerank,-0.3062273169820472,-1.253033129820728,0.05747126436781609,0.2352103876139716,1.0,56_202,56/202,24.40%,SLC4A8;NF1;MFN1;DBT;IFT27;ATXN3;COL19A1;EN2;CCKAR;CAMK4;PIAS2;SP140;MON2;FRY;ZNF500;TRIM24;MSH3;GPR3;RPS6KA5;COQ7;ESR1;NR2C1;DNAJC16;ZNF266;GPLD1;IL16;KRR1;MDM2;WBP4;SCAPER;ZNF134;ITIH3;NXPE3;AQP7;NFAT5;IDS;OSBP;SPA17;ERC1;PIK3C2A;ZNF33B;TPD52;CYP2E1;EPHB2;AMMECR1;ATP6V0A2;PTBP3;GLE1;PIK3CB;BARX2;PGM3;ZNF157;SLC33A1;CADM4;KRT86;PAXIP1,NPFF;MSX1;RREB1;TBX19;ECE1;BCL2;PPP1R1A;ZNF141;FLT1;KANK3;CEACAM4;SLC18A1;HCRT;CTRL;CFH;ZBTB40;CNKSR1;HIC2;FOSL1;IRS2;TMEM11;MSL3;COX6A2;TIE1;GYPA;ZBTB22;STK17A;HNF1A;SLC2A1;NTNG2;CASP10;SGPL1;NRTN;NRP2;RXRG;BCL2L11;IL11RA;KLHL18;AQP5;IRF2;USP20;ZNF592;GRIK5;LTBP4;KHK;TBX5;NEUROD2;TBC1D22A;AMOT;IQCK;PLEKHB1;SULT2B1;POFUT2;GTSE1;SLC4A3;DOCK1;WIPF2;GPR19;TMEM26;POU6F2;NR1I2;SLC22A6;SKI;S100A5;ARL3;CYP4F2;SLC6A11;PVR;OPRL1;ATP8B1;ATF7;CAMK2G;RUNX2;ZBTB33;SIM2;SMYD5;ASB4;POU6F1;SLC16A5;SUPT3H;CYP2D6;C1orf216;DPT;PHF10;BNIP1;ART1;FGF18;ATF2;IL13;PDE4D;BRCA1;KNG1;ABCC8;FIG4;ELAVL2;RB1CC1;ADCY3;SURF2;YAF2;RAD51D;HTR7;MC5R;WT1;PSMF1;SULT4A1;BRD1;PRKACA;FAS;LCOR;PAX9;CACNB1;GPR18;GNPAT;CPB2;CD6;POLR3D;CDC73;SYT5;MLLT10;FRYL;PTEN;CYP11A1;LY9;PTPRB;ABCB10;TFDP2;POLR2K;PPP2R5B;CDYL;ATP6V1B1;MAPT;COLGALT2;NOS2;EXTL3;CELA2B;TANC2;FSHR;FNTB;ABCB9;GJB5;CRHR1;RAP2C;ERCC4;MYOZ3;PITPNA;GPATCH8;PAXIP1;KRT86;CADM4;SLC33A1;ZNF157;PGM3;BARX2;PIK3CB;GLE1;PTBP3;ATP6V0A2;AMMECR1;EPHB2;CYP2E1;TPD52;ZNF33B;PIK3C2A;ERC1;SPA17;OSBP;IDS;NFAT5;AQP7;NXPE3;ITIH3;ZNF134;SCAPER;WBP4;MDM2;KRR1;IL16;GPLD1;ZNF266;DNAJC16;NR2C1;ESR1;COQ7;RPS6KA5;GPR3;MSH3;TRIM24;ZNF500;FRY;MON2;SP140;PIAS2;CAMK4;CCKAR;EN2;COL19A1;ATXN3;IFT27;DBT;MFN1;NF1;SLC4A8,"[214, 231, 806, 898, 972, 1238, 1271, 1512, 1534, 1623, 1720, 1763, 1821, 1888, 2051, 2152, 2173, 2184, 2188, 2357, 2391, 2401, 2434, 2491, 2930, 2968, 3031, 3074, 3156, 3250, 3306, 3417, 3421, 3520, 3602, 3812, 3842, 3930, 4046, 4161, 4231, 4317, 4406, 4551, 4573, 4864, 4916, 4963, 4997, 5004, 5278, 5450, 5465, 5480, 5491, 5632, 5670, 5702, 5880, 5991, 6022, 6062, 6189, 6325, 6378, 6414, 6443, 6517, 6582, 6583, 6701, 6774, 6841, 6927, 6968, 6985, 7051, 7077, 7299, 7327, 7348, 7435, 7501, 7676, 7890, 8067, 8121, 8136, 8159, 8278, 8479, 8499, 8504, 8855, 8893, 8973, 9021, 9085, 9125, 9164, 9170, 9268, 9281, 9367, 9376, 9380, 9427, 9493, 9523, 9570, 9757, 9887, 9936, 9992, 10125, 10242, 10314, 10414, 10494, 10503, 10528, 10566, 10570, 10643, 10803, 10817, 10988, 11118, 11159, 11176, 11206, 11529, 11576, 11588, 11775, 11872, 11912, 11981, 12189, 12241, 12254, 12334, 12343, 12394, 12792, 12947, 13244, 13293, 13306, 13356, 13438, 13525, 13536, 13676, 13788, 13890, 13900, 13954, 14005, 14038, 14165, 14280, 14351, 14363, 14390, 14433, 14660, 14755, 14801, 14821, 15121, 15124, 15154, 15169, 15285, 15386, 15497, 15817, 15884, 15887, 15904, 16134, 16236, 16291, 16438, 16504, 16520, 16545, 16588, 16620, 16688, 16696, 16852, 16872, 17046, 17091, 17153, 17168, 17276, 17377, 17391, 17512]",c4.cgn__MORF_TFDP2
c4.cgn,GCM_CBFB,prerank,-0.362450413927816,-1.2541100063342678,0.09747292418772563,0.23550697680792246,1.0,22_67,22/67,23.91%,KHDRBS1;RBBP4;PWP1;HMGN1;DDX18;YWHAQ;SNRPD3;ATXN10;HNRNPU;PSMA5;NCL;YWHAZ;CAPRIN1;SRSF2;HNRNPD;DHX9;CAPZA1;POLR2G;ZNHIT3;SLC25A3;ACADM;ACTG1,PPP1CC;SNRPA;PCBP1;XPO1;UBE2I;SRSF9;HDAC1;CBFB;POLG;CTCF;NDUFA12;PSME1;PFN1;SLBP;NONO;HNRNPM;PSMA1;ESD;NAP1L1;MCM3;DUT;SUMO2;TBCB;SET;BLMH;PPIA;ERH;TP53;COPS5;TCEA1;HNRNPL;BRD8;TRA2B;SNRPE;ILF2;DDX5;PSMA6;HPRT1;SMC1A;ACAP2;EIF3F;APEX1;NASP;STMN1;SNRPF;ACTG1;ACADM;SLC25A3;ZNHIT3;POLR2G;CAPZA1;DHX9;HNRNPD;SRSF2;CAPRIN1;YWHAZ;NCL;PSMA5;HNRNPU;ATXN10;SNRPD3;YWHAQ;DDX18;HMGN1;PWP1;RBBP4;KHDRBS1,"[665, 1030, 1366, 1469, 1857, 1920, 2268, 3010, 3012, 4074, 4418, 4930, 5360, 5569, 5890, 5926, 6584, 6955, 7021, 7142, 7170, 7732, 7767, 7850, 8068, 8248, 8550, 8693, 9312, 9794, 9987, 10025, 10366, 10370, 10675, 11020, 11032, 11035, 11281, 11307, 11586, 12075, 12374, 12454, 13074, 13331, 13487, 13514, 13710, 14055, 14203, 14245, 14319, 14385, 14425, 14665, 14777, 14940, 15455, 15760, 16826, 16842, 16843, 16952, 17002, 17106, 17248]",c4.cgn__GCM_CBFB
c4.cgn,MORF_PTEN,prerank,-0.35117416985073174,-1.243622924447125,0.1224105461393597,0.24153152255353222,1.0,28_76,28/76,24.40%,MFN1;PIAS2;FRY;ZNF500;MSH3;RPS6KA5;ZNF253;RBMXL1;DNAJC16;ZNF266;IL16;KRR1;WBP4;ZNF134;NFX1;AQP7;CNTN6;KIAA0586;MGA;ATP6V0A2;PTBP3;ARFGEF2;GLE1;PIK3CB;ZNF157;SLC33A1;KRT86;PAXIP1,PPP1R3D;INPP5E;TBX19;CTRL;FOSL1;TMEM11;MSL3;COX6A2;ZBTB22;HNF1A;NTNG2;NRTN;IL13RA1;GRIK5;TBC1D22A;SULT2B1;WIPF2;GPR19;NR1I2;PVR;POU6F1;PHF10;BNIP1;ATF2;STAG1;POP4;ELAVL2;MC5R;PSMF1;SULT4A1;BRD1;PAX9;CPEB3;SYT5;MLLT10;FRYL;PTEN;CYP11A1;UBE4B;ABCB10;TFDP2;POLR2K;CDYL;ZBTB14;FNTB;GJB5;RAP2C;GPATCH8;PAXIP1;KRT86;SLC33A1;ZNF157;PIK3CB;GLE1;ARFGEF2;PTBP3;ATP6V0A2;MGA;KIAA0586;CNTN6;AQP7;NFX1;ZNF134;WBP4;KRR1;IL16;ZNF266;DNAJC16;RBMXL1;ZNF253;RPS6KA5;MSH3;ZNF500;FRY;PIAS2;MFN1,"[313, 557, 898, 1888, 2188, 2391, 2401, 2434, 2968, 3074, 3250, 3421, 3851, 4406, 4963, 5450, 5670, 5702, 6022, 6517, 7077, 7676, 7890, 8136, 8530, 8847, 8893, 9268, 9367, 9376, 9380, 9570, 9700, 10414, 10494, 10503, 10528, 10566, 10794, 10803, 10817, 10988, 11159, 11245, 11981, 12241, 12334, 12947, 13244, 13293, 13356, 13438, 13676, 13788, 13844, 13890, 13900, 14232, 14502, 14545, 14801, 14908, 15124, 15169, 15386, 15497, 15884, 15887, 16161, 16274, 16291, 16504, 16545, 16588, 16696, 17377]",c4.cgn__MORF_PTEN
c4.cgn,MORF_UBE2N,prerank,-0.34200571561639215,-1.2457876558772853,0.08719851576994433,0.2423661929082621,1.0,26_89,26/89,23.44%,KHDRBS1;DDX19A;SNRPA1;WDR43;SRRM1;EIF4H;PRRC2C;PTPN11;PRPS2;ACP1;KIF2A;ATXN10;DDX19B;MTDH;EIF1AX;ANAPC5;TAF11;VBP1;HNRNPD;HNRNPR;UBE2N;DDX21;FUS;CDC123;SLC25A3;SDHB,CHERP;TRIM28;DNAJC9;PPM1G;SRSF9;UBE2L3;HDAC1;HNRNPAB;STARD7;PTGES3;IFRD1;NDUFV2;PARK7;SF3B2;DKC1;TUFM;DDX49;CTCF;MAGOH;SLBP;PDIA6;TATDN2;RAD23A;KXD1;NONO;HNRNPM;CCT2;MAPRE1;CHD4;EDC4;BUB3;NDUFS3;SRSF1;SUMO1;NDUFV1;SET;UQCRFS1;MRPL9;SF3A1;HCCS;VDAC2;ILF3;DDX39B;HAT1;DHX15;POM121;TARDBP;DR1;SMC3;TRA2B;SNRPE;UBAP2L;U2AF1;SNRNP200;SRSF3;CBX3;UBA2;CYCS;HSPA9;CALM3;POLE3;SKP1;TLK1;SDHB;SLC25A3;CDC123;FUS;DDX21;UBE2N;HNRNPR;HNRNPD;VBP1;TAF11;ANAPC5;EIF1AX;MTDH;DDX19B;ATXN10;KIF2A;ACP1;PRPS2;PTPN11;PRRC2C;EIF4H;SRRM1;WDR43;SNRPA1;DDX19A;KHDRBS1,"[1100, 1635, 1682, 1775, 1920, 2076, 2268, 2299, 2743, 2761, 2802, 2803, 3030, 3165, 3394, 3698, 3787, 4074, 5507, 5569, 5581, 5710, 5797, 5883, 5890, 5926, 6142, 6230, 6811, 7109, 7131, 7168, 7195, 7337, 7591, 7850, 7978, 8206, 8267, 8674, 8987, 9070, 9247, 9331, 9589, 9701, 10154, 10243, 10273, 10366, 10370, 10463, 10811, 11123, 11131, 11297, 11381, 11932, 12206, 12212, 12411, 12689, 12946, 13413, 13514, 13599, 13643, 13964, 14060, 14083, 14319, 14758, 15147, 15267, 15362, 15416, 15451, 15760, 15905, 15957, 15987, 16007, 16094, 16697, 16723, 16765, 16976, 17058, 17248]",c4.cgn__MORF_UBE2N
c4.cgn,MORF_HAT1,prerank,-0.3140206418307272,-1.2436343272567238,0.06273764258555133,0.2436310085905092,1.0,42_163,42/163,19.75%,MSH2;NDUFS1;KHDRBS1;RBMX;PSMB2;AIMP2;SNRPA1;EIF4H;IMMT;MRPL3;RRM1;PRRC2C;PTPN11;PRPS2;PDHB;KIF2A;CLTC;MRPS18B;MTHFD1;ACLY;DOCK3;HNRNPU;XPO7;MTDH;UBE2E1;EIF1AX;DLD;TAF11;AFG3L2;RTN4;SSBP1;FEN1;VBP1;G3BP2;MRPL19;FAM120A;BZW1;HNRNPD;CDC23;CAPZA1;HNRNPR;UBE2N,AHSA1;NUDC;UNG;SNRPA;CHERP;PRPF31;HSPE1;G3BP1;XPO1;CCT5;TRIM28;DNAJC9;AP2S1;PPM1G;SRSF9;TRAPPC3;UBE2L3;HSPA4;BANF1;HNRNPAB;ESPL1;RFC4;STARD7;PTGES3;IFRD1;NDUFV2;CSNK2B;PARK7;MFAP1;BAZ1B;SOD1;TUFM;GNG5;PRMT1;PMEL;RNF126;DGUOK;AKR7A2;LSM2;F8A1;MAGOH;SLBP;TFDP1;RAD23A;KXD1;HDDC2;NONO;HNRNPM;CCT2;EIF4G1;PCNA;COX5A;EIF4EBP2;RPA1;RAD21;MAML1;EI24;DEK;BUB3;HNRNPA2B1;NDUFS3;POLR2I;SRSF1;SUMO1;PSMB7;NDUFV1;NDUFC1;SET;MRPL9;CCNB1;SART3;HCCS;CEBPZ;VDAC2;ILF3;VPS26A;COPS5;HAT1;PRDX3;GPN1;SRP9;HDAC2;C1QBP;ALG8;RAD23B;BUB1;POM121;GSPT1;VDAC1;CNBP;TARDBP;ZZZ3;NDUFB3;SMC3;AP3S1;SNRPE;UBAP2L;SMG7;U2AF1;USP1;SNRNP200;LYPLA1;SMC1A;LSM3;ZWINT;NSDHL;COX7B;C6orf62;CYCS;SYPL1;HSPA9;POLE3;METAP1;MDH1;SKP1;KPNA2;SDHB;DDX1;CDC123;R3HDM1;FUS;UBE2N;HNRNPR;CAPZA1;CDC23;HNRNPD;BZW1;FAM120A;MRPL19;G3BP2;VBP1;FEN1;SSBP1;RTN4;AFG3L2;TAF11;DLD;EIF1AX;UBE2E1;MTDH;XPO7;HNRNPU;DOCK3;ACLY;MTHFD1;MRPS18B;CLTC;KIF2A;PDHB;PRPS2;PTPN11;PRRC2C;RRM1;MRPL3;IMMT;EIF4H;SNRPA1;AIMP2;PSMB2;RBMX;KHDRBS1;NDUFS1;MSH2,"[183, 598, 940, 1030, 1100, 1145, 1194, 1438, 1469, 1508, 1635, 1682, 1749, 1775, 1920, 2069, 2076, 2101, 2209, 2299, 2630, 2646, 2743, 2761, 2802, 2803, 2962, 3030, 3314, 3330, 3398, 3698, 4434, 4768, 4924, 5160, 5189, 5253, 5400, 5435, 5507, 5569, 5705, 5797, 5883, 5884, 5890, 5926, 6142, 6233, 6282, 6389, 6420, 6545, 6793, 6909, 6944, 7046, 7131, 7153, 7168, 7194, 7195, 7337, 7404, 7591, 7758, 7850, 8206, 8226, 8648, 8674, 8695, 8987, 9070, 9239, 9312, 9331, 9353, 9389, 9423, 9498, 9551, 9623, 9640, 9690, 9701, 9773, 9800, 10132, 10154, 10253, 10262, 10273, 10281, 10370, 10463, 10715, 10811, 10872, 11123, 11250, 11281, 11643, 11796, 11828, 11850, 11871, 11932, 12089, 12206, 12411, 12552, 12589, 12689, 13366, 13413, 13598, 13599, 13630, 13643, 14060, 14083, 14203, 14305, 14319, 14397, 14417, 14599, 14644, 14758, 14856, 14903, 14995, 15046, 15147, 15272, 15362, 15371, 15416, 15424, 15455, 15555, 15559, 15626, 15834, 15879, 15905, 15926, 15987, 16007, 16094, 16148, 16293, 16491, 16697, 16976, 17042, 17105, 17199, 17248, 17390, 17502]",c4.cgn__MORF_HAT1
c4.cgn,GCM_PPP1CC,prerank,-0.36834417639871236,-1.2384124698153036,0.1280148423005566,0.24789828672397207,1.0,18_53,18/53,23.91%,KHDRBS1;PWP1;HMGN1;YWHAQ;SNRPD3;NAE1;TPR;NPM1;HNRNPU;PSMA5;NCL;VBP1;HNRNPD;CAPZA1;ZNHIT3;SLC25A3;IK;ACTG1,PPP1CC;SNRPA;SRSF4;SRSF9;TCP1;CSNK2B;CBFB;POLG;CCT4;NACA;NDUFA12;PRMT1;CCT7;NONO;HNRNPM;PSMA1;CFL1;NAP1L1;DUT;SUMO2;TBCB;SET;PPIA;ERH;RPP30;EEF2;TCEA1;BRD8;TRA2B;ILF2;PPP1R8;EIF3F;APEX1;NASP;EIF4G2;ACTG1;IK;SLC25A3;ZNHIT3;CAPZA1;HNRNPD;VBP1;NCL;PSMA5;HNRNPU;NPM1;TPR;NAE1;SNRPD3;YWHAQ;HMGN1;PWP1;KHDRBS1,"[665, 1030, 1916, 1920, 2233, 2962, 3010, 3012, 3049, 3349, 4418, 4768, 5096, 5890, 5926, 6584, 6939, 7021, 7170, 7732, 7767, 7850, 8248, 8550, 8945, 9332, 9794, 10025, 10366, 10675, 11368, 11586, 12075, 12374, 12560, 13331, 13457, 13514, 13710, 14203, 14319, 14758, 14777, 14940, 15455, 15766, 15832, 16265, 16826, 16842, 16952, 17002, 17248]",c4.cgn__GCM_PPP1CC
c4.cgn,GNF2_FEN1,prerank,-0.3710425398134237,-1.2332696472737235,0.1310592459605027,0.25197451063388204,1.0,10_54,10/54,8.67%,MSH2;PLK4;PCCB;VRK1;TYMS;SHCBP1;POLE2;MCM4;RRM1;RAD51AP1,CKS2;CCNA2;FOXM1;DTYMK;DNAJC9;GMNN;HNRNPAB;RFC4;MCM7;KIF18B;DKC1;TTK;TOP2A;DHFR;NUSAP1;PCNA;HMGB2;MCM3;DUT;NDC80;E2F8;GAR1;CDK1;MCM5;FANCI;RFC5;HAT1;RACGAP1;GINS1;DTL;CCNB2;METAP2;HMMR;ZWINT;NASP;CENPF;SNRPD1;KIF11;COPS3;PRC1;MCM2;GINS2;FEN1;SMC4;RAD51AP1;RRM1;MCM4;POLE2;SHCBP1;TYMS;VRK1;PCCB;PLK4;MSH2,"[176, 799, 1135, 1321, 1682, 2281, 2299, 2646, 2994, 3110, 3394, 4301, 5039, 5804, 6066, 6282, 6576, 7142, 7170, 8153, 8154, 8181, 8376, 8417, 8465, 8556, 9331, 9612, 9881, 9948, 9950, 11543, 11716, 11796, 12374, 12520, 12984, 13279, 13443, 13566, 14346, 14645, 14856, 15156, 16001, 16148, 16190, 16418, 16512, 16776, 16846, 17008, 17310, 17502]",c4.cgn__GNF2_FEN1
c4.cgn,CAR_TNFRSF25,prerank,-0.4333368904197997,-1.2336899984435274,0.16970802919708028,0.25346361705806464,1.0,5_26,5/26,8.95%,SLC4A8;TMSB4Y;ADCYAP1;IGSF9B;NUDT13,BCL3;RREB1;CD40;TNFRSF25;SLC6A9;NCKIPSD;ADAMTSL2;SLC12A4;GPR19;POU6F2;POU4F1;IGHMBP2;PCBP3;NPPA;WNT10B;SULT4A1;MLANA;SEMA4D;PRSS16;KRT86;CNTN6;NUDT13;IGSF9B;ADCYAP1;TMSB4Y;SLC4A8,"[347, 806, 1795, 2404, 2569, 2826, 3270, 3688, 5702, 5991, 6361, 7849, 8091, 8110, 8235, 9376, 9704, 11152, 13129, 13293, 14545, 15951, 16156, 17339, 17392, 17512]",c4.cgn__CAR_TNFRSF25
c4.cgn,GNF2_NPM1,prerank,-0.35497101219491634,-1.2290411523756541,0.14102564102564102,0.25492018348488277,1.0,14_68,14/68,15.74%,TCERG1;LRPPRC;RBMX;HMGN1;SNRPD3;NAE1;DIMT1;NPM1;GTPBP4;CPSF6;HNRNPA1;SSBP1;NCL;RPL26,XPO1;LSM7;HSPA4;RPS3;FBL;RPL14;RPL6;RPS7;RPL7A;RPS24;DKC1;RPS25;RPS6;CCT8;RPL7;RPL4;RPSA;SNRPD2;DNAJC2;RPL5;RPL17;RPS17;BTF3;RPL37;NAP1L1;HNRNPA2B1;SRSF1;RRP1B;FASTKD1;ST13;EIF3E;NOL11;EIF3L;NOL7;PPIA;SSB;DDX39B;DHX15;TARDBP;SNRPE;SERBP1;POLR3E;HNRNPC;LSM5;GNL3;EIF3M;AIMP1;NUP43;CLNS1A;EIF3A;SNRPD1;GTF3C3;NOLC1;HNRNPR;RPL26;NCL;SSBP1;HNRNPA1;CPSF6;GTPBP4;NPM1;DIMT1;NAE1;SNRPD3;HMGN1;RBMX;LRPPRC;TCERG1,"[1469, 1878, 2101, 2390, 2514, 2534, 2812, 2854, 2907, 3103, 3394, 3416, 3757, 3814, 3887, 3957, 4210, 4575, 5090, 5122, 5534, 5576, 5589, 5716, 7021, 7153, 7195, 7255, 7275, 7462, 7547, 7621, 8017, 8070, 8248, 8781, 9247, 9589, 10154, 10370, 10772, 11021, 11073, 11354, 11505, 11654, 11722, 12077, 12106, 12714, 12984, 13353, 13753, 14083, 14761, 14777, 14903, 15588, 15659, 15763, 15766, 15949, 16265, 16826, 16952, 17199, 17309, 17332]",c4.cgn__GNF2_NPM1
c4.cgn,MORF_FOSL1,prerank,-0.2848540054800158,-1.230061897167755,0.03802281368821293,0.2554703960330713,1.0,90_348,90/348,21.94%,SLC4A8;NF1;MFN1;CBLN1;ADCYAP1;PPP1R12B;PPM1E;HTR4;ULK2;ZNF132;IFT27;ATXN3;STAC;SLC24A1;LPGAT1;COL19A1;CALN1;EN2;CAMK4;NTPCR;MAGI1;PIAS2;MON2;FRY;ZNF500;TRIM24;MSH3;TNIK;SFRP4;AGPS;RPS6KA5;GCA;COQ7;RBMXL1;ESR1;MASP2;CLPX;MAP2;NR2C1;DNAJC16;ZNF266;KAZN;PAX7;IPO9;CDC42BPA;CHRNB4;IL16;KRR1;COL8A1;MDM2;GNG4;WBP4;SCAPER;CLOCK;ZNF134;ITIH3;NFX1;IL7;DEPDC5;NXPE3;AQP7;NFAT5;ZNF200;UTRN;ATP8A2;GRIK1;CNTN6;KIAA0586;B4GALT6;OSBP;SPA17;ERC1;PIK3C2A;ATP2B2;ZNF33B;STARD5;HABP4;MGA;LECT2;CYP2E1;EPHB2;AMMECR1;ATP6V0A2;GABRB2;ARFGEF2;LRP6;GLE1;EDIL3;PCM1;PIK3CB,FXYD2;UPK1A;NPFF;MSX1;ITPKB;PPP1R3D;KANK2;DMPK;INPP5E;NOTCH4;RREB1;IGF2;TBX19;GMPR;ECE1;NR2F1;BCL2;PPP1R1A;RUNX1;BRD4;FLT1;CPZ;KANK3;CEACAM4;SLC18A1;HCRT;CTRL;CFH;ZBTB40;CNKSR1;HIC2;FOSL1;F2RL3;LMO1;TMEM11;MSL3;TNFRSF25;COX6A2;TIE1;PLXNA3;HTR3A;NCKIPSD;GPR171;ZBTB22;STK17A;HNF1A;COLQ;MAP2K7;SLC2A1;ABCB1;NTNG2;MYL3;SGPL1;NRTN;CD3E;NRP2;LILRA4;NHEJ1;RXRG;MPZL1;BCL2L11;IL11RA;IL13RA1;CXCL5;KLHL18;AQP5;FPR2;NPAS2;USP20;GHRHR;ZNF592;CTSB;GRIK5;VKORC1;GCM1;LTBP4;SRPK3;CDH4;HTR1E;PARVB;PAX6;SLC13A2;TBX5;LGI1;TBC1D22A;SCN7A;IQCK;PDE6A;TAF12;DKK4;PLEKHB1;JAG1;PDE4A;ADAMTSL3;ZNF202;SULT2B1;POFUT2;MLN;GTSE1;SLC4A3;DTNA;FZD5;ACACB;TGFBR1;DOCK1;GPR19;TMEM26;RNF24;AMFR;POU6F2;NR1I2;PSD;SLC22A6;NEB;S100A5;KCNA5;ARL3;CYP4F2;SLC6A11;HSD3B2;PVR;OPRL1;ATP8B1;SOCS6;CAMK2G;RUNX2;SIM2;SMYD5;ASB4;POU6F1;MYO9B;SLC16A5;HAAO;SUPT3H;CYP2D6;C1orf216;DPT;CHST7;BTD;LILRA1;PHF10;BNIP1;KLRC4;JRKL;FGF18;ATF2;IL13;CYP2C19;TRIO;PDE4D;NR3C2;IL4;BRCA1;KNG1;ABCC8;SLC6A2;RFC5;TENM4;SEZ6L;POP4;FIG4;ELAVL2;EXOC4;RB1CC1;ADCY3;IFNA1;RAD51D;HTR7;F2RL1;MC5R;CD8A;ZNF133;PSMF1;SULT4A1;AKAP3;BRD1;FAS;ADRA1A;LCOR;FOXD1;PAX9;SLC17A7;CPEB3;CACNB1;ACO1;IFNW1;GPR18;GNPAT;RYR3;CPB2;PTPRS;TACC2;DAPK2;CD6;TNK1;CDC73;SLC30A3;SYT5;MLLT10;SLC46A3;FRYL;PTEN;CYP11A1;LY9;PTPRB;AFF2;UBE4B;ABCB10;TFDP2;WNT2B;ITGBL1;PRKCA;ELL2;POLR2K;POU3F4;ITIH4;PPP2R5B;CDYL;HCRTR2;ATP6V1B1;ZBTB14;HTR1B;PDPN;PHLDB1;MAGEA8;COLGALT2;NOS2;EXTL3;SGCD;CELA2B;INSIG2;TANC2;FSHR;FNTB;USP46;ZNF710;ABCB9;ATRX;GJB5;CRHR1;TTI1;SMG1;ERCC4;ADAM20;MYOZ3;NRXN1;MYT1;RORB;GPATCH8;SYNJ2;PAXIP1;KRT86;CADM4;SLC33A1;ZNF157;PGM3;BARX2;GABRA1;PIK3CB;PCM1;EDIL3;GLE1;LRP6;ARFGEF2;GABRB2;ATP6V0A2;AMMECR1;EPHB2;CYP2E1;LECT2;MGA;HABP4;STARD5;ZNF33B;ATP2B2;PIK3C2A;ERC1;SPA17;OSBP;B4GALT6;KIAA0586;CNTN6;GRIK1;ATP8A2;UTRN;ZNF200;NFAT5;AQP7;NXPE3;DEPDC5;IL7;NFX1;ITIH3;ZNF134;CLOCK;SCAPER;WBP4;GNG4;MDM2;COL8A1;KRR1;IL16;CHRNB4;CDC42BPA;IPO9;PAX7;KAZN;ZNF266;DNAJC16;NR2C1;MAP2;CLPX;MASP2;ESR1;RBMXL1;COQ7;GCA;RPS6KA5;AGPS;SFRP4;TNIK;MSH3;TRIM24;ZNF500;FRY;MON2;PIAS2;MAGI1;NTPCR;CAMK4;EN2;CALN1;COL19A1;LPGAT1;SLC24A1;STAC;ATXN3;IFT27;ZNF132;ULK2;HTR4;PPM1E;PPP1R12B;ADCYAP1;CBLN1;MFN1;NF1;SLC4A8,"[5, 206, 214, 231, 279, 313, 432, 529, 557, 781, 806, 826, 898, 906, 972, 1093, 1238, 1271, 1384, 1421, 1534, 1568, 1623, 1720, 1763, 1821, 1888, 2051, 2152, 2173, 2184, 2188, 2216, 2364, 2391, 2401, 2404, 2434, 2491, 2610, 2787, 2826, 2871, 2968, 3031, 3074, 3087, 3121, 3156, 3190, 3250, 3253, 3417, 3421, 3429, 3520, 3572, 3592, 3602, 3732, 3812, 3842, 3851, 3891, 3930, 4046, 4171, 4199, 4231, 4232, 4317, 4381, 4406, 4516, 4527, 4551, 4608, 4663, 4721, 4748, 4803, 4819, 4864, 4940, 4963, 4973, 5004, 5036, 5042, 5202, 5278, 5281, 5284, 5401, 5418, 5450, 5465, 5474, 5480, 5491, 5512, 5568, 5622, 5624, 5632, 5702, 5880, 5889, 5936, 5991, 6022, 6059, 6062, 6283, 6325, 6341, 6378, 6414, 6443, 6446, 6517, 6582, 6583, 6633, 6774, 6841, 6968, 6985, 7051, 7077, 7156, 7299, 7312, 7327, 7348, 7435, 7501, 7601, 7627, 7636, 7676, 7890, 7921, 7986, 8121, 8136, 8159, 8163, 8219, 8278, 8411, 8442, 8479, 8499, 8504, 8506, 8556, 8681, 8713, 8847, 8855, 8893, 8951, 8973, 9021, 9040, 9164, 9170, 9196, 9268, 9346, 9364, 9367, 9376, 9377, 9380, 9493, 9503, 9523, 9543, 9570, 9653, 9700, 9757, 9764, 9795, 9887, 9936, 9956, 9992, 10043, 10096, 10107, 10125, 10129, 10314, 10367, 10414, 10494, 10498, 10503, 10528, 10566, 10570, 10643, 10687, 10794, 10803, 10817, 10827, 10842, 10873, 10930, 10988, 11018, 11047, 11118, 11159, 11168, 11176, 11245, 11252, 11303, 11333, 11359, 11529, 11576, 11588, 11594, 11775, 11808, 11872, 11912, 11981, 12012, 12161, 12189, 12221, 12241, 12254, 12297, 12317, 12343, 12375, 12394, 12564, 12740, 12864, 12947, 13003, 13244, 13293, 13306, 13356, 13438, 13525, 13536, 13541, 13676, 13706, 13751, 13788, 13826, 13844, 13883, 13900, 13954, 14005, 14038, 14156, 14232, 14236, 14247, 14280, 14287, 14351, 14363, 14390, 14433, 14436, 14502, 14545, 14578, 14653, 14669, 14681, 14755, 14801, 14821, 14828, 14894, 14908, 15121, 15124, 15146, 15154, 15169, 15235, 15285, 15368, 15386, 15497, 15573, 15610, 15618, 15619, 15694, 15884, 15887, 15904, 15965, 16063, 16068, 16134, 16161, 16236, 16283, 16291, 16310, 16403, 16472, 16504, 16520, 16545, 16588, 16620, 16696, 16752, 16764, 16852, 17046, 17069, 17091, 17124, 17125, 17127, 17153, 17168, 17185, 17198, 17206, 17232, 17335, 17339, 17349, 17377, 17391, 17512]",c4.cgn__MORF_FOSL1
c4.cgn,MORF_PDCD1,prerank,-0.3661274534593121,-1.226200906580164,0.12737642585551331,0.2580262392361545,1.0,7_53,7/53,7.06%,SLC4A8;ATXN3;STAC;COL19A1;CALN1;CAMK4;GCA,NPFF;RREB1;TBX19;BRD4;F2RL3;GPR171;NTNG2;SGPL1;NHEJ1;RXRG;HTR1E;FUT1;PAX6;LGI1;ADAMTSL3;FZD5;OCM;TMEM26;NEB;S100A5;PVR;ATP8B1;SUPT3H;PCDHGB7;PDCD1;JRKL;NR3C2;IL4;SLC6A2;EXOC4;RAD51D;CD8A;CDC73;SLC26A4;ITGBL1;ZBTB14;FBXL4;FSHR;ERCC4;ADAM20;CADM4;PGM3;EDIL3;LECT2;SPA17;COL8A1;GCA;CAMK4;CALN1;COL19A1;STAC;ATXN3;SLC4A8,"[214, 806, 898, 1421, 2216, 2871, 3250, 3417, 3592, 3602, 4721, 4784, 4803, 4940, 5401, 5568, 5598, 5880, 6283, 6325, 6517, 6583, 7327, 7451, 7552, 7986, 8411, 8442, 8506, 8951, 9164, 9346, 10314, 10356, 10842, 11245, 11580, 11912, 12343, 12375, 13306, 13525, 13751, 14156, 14390, 15368, 16283, 16852, 17069, 17091, 17127, 17153, 17512]",c4.cgn__MORF_PDCD1
c4.cgn,GCM_NPM1,prerank,0.3388065543722564,1.2619351634235296,0.06016597510373444,0.2593846546897211,1.0,58_108,58/108,28.15%,PPP1CC;FXR1;TRIM28;RPS19;EEF1G;RPS16;RPS8;SRSF9;CLIC1;HSP90AB1;TPT1;UBE2L3;TCP1;RPL34;RPS3;RPL18;RPL9;RPL31;RPL27;RPL13A;RPS5;RPL14;RPL6;RPS7;RPL35A;RPL7A;CSNK2B;RPL3;POLG;RPS24;RPS11;UBA52;NACA;RPL35;RPL28;RPS14;RPS27A;RPS28;RPS6;RPL29;RPL7;RPL4;RPL19;RPL32;RPS18;RPSA;RPS3A;RPL27A;UQCRH;RPL23;NDUFA12;RPL11;SNRPD2;COL16A1;RPS9;PRMT1;RPS2;PSME1,PPP1CC;FXR1;TRIM28;RPS19;EEF1G;RPS16;RPS8;SRSF9;CLIC1;HSP90AB1;TPT1;UBE2L3;TCP1;RPL34;RPS3;RPL18;RPL9;RPL31;RPL27;RPL13A;RPS5;RPL14;RPL6;RPS7;RPL35A;RPL7A;CSNK2B;RPL3;POLG;RPS24;RPS11;UBA52;NACA;RPL35;RPL28;RPS14;RPS27A;RPS28;RPS6;RPL29;RPL7;RPL4;RPL19;RPL32;RPS18;RPSA;RPS3A;RPL27A;UQCRH;RPL23;NDUFA12;RPL11;SNRPD2;COL16A1;RPS9;PRMT1;RPS2;PSME1;RPL36A;RPL17;HNRNPH1;NONO;HNRNPM;RPS23;PSMB4;PSMA1;CLEC18C;RPL10A;TIAL1;ESD;NAP1L1;PTMA;RPL21;DUT;HINT1;SUMO2;TBCB;SET;PPIA;PSMA2;EEF2;APRT;TAF9;SAP18;SNRPE;ILF2;EIF3F;EIF4B;APEX1;NASP;EEF1B2;SNRPF;ACTG1;IK;SLC25A3;ZNHIT3;POLR2G;RABGGTB;NCL;PSMA5;PNN;HNRNPU;HNRNPA1;NPM1;SNRPD3;SNRPA1;PWP1;KHDRBS1,"[665, 1074, 1635, 1703, 1845, 1909, 1915, 1920, 1955, 1985, 2036, 2076, 2233, 2326, 2390, 2393, 2420, 2425, 2446, 2457, 2520, 2534, 2812, 2854, 2893, 2907, 2962, 2972, 3012, 3103, 3166, 3337, 3349, 3450, 3625, 3677, 3702, 3736, 3757, 3862, 3887, 3957, 4014, 4122, 4139, 4210, 4216, 4296, 4384, 4415, 4418, 4526, 4575, 4683, 4699, 4768, 4852, 4930, 5084, 5534, 5823, 5890, 5926, 6216, 6246, 6584, 6675, 6728, 6913, 6955, 7021, 7095, 7103, 7170, 7246, 7732, 7767, 7850, 8248, 8576, 9332, 9799, 10023, 10222, 10370, 10675, 11586, 11807, 12075, 12374, 12656, 13074, 13331, 13457, 13514, 13710, 14055, 14514, 14777, 14940, 15425, 15455, 15588, 15766, 16826, 16976, 17002, 17248]",c4.cgn__GCM_NPM1
c4.cgn,GNF2_CKS2,prerank,-0.37522453987221077,-1.22339573974169,0.14909090909090908,0.2609018584719828,1.0,17_48,17/48,22.89%,PLK4;RFC3;VRK1;TYMS;CDC20;SHCBP1;MCM4;RRM1;SMC2;SMC4;RPA3;FEN1;GINS2;MCM2;MRPL35;PRC1;CENPE,CKS2;CCNA2;FOXM1;CDCA3;GMNN;HNRNPAB;RFC4;TTK;BIRC5;TOP2A;SLBP;NUSAP1;CCT2;PCNA;HMGB2;PTTG1;KIF20A;ASPM;NDC80;CDK1;FANCI;RACGAP1;GINS1;DTL;CCNB2;CKAP2;METAP2;HMMR;ZWINT;CENPF;SNRPD1;CENPE;PRC1;MRPL35;MCM2;GINS2;FEN1;RPA3;SMC4;SMC2;RRM1;MCM4;SHCBP1;CDC20;TYMS;VRK1;RFC3;PLK4,"[176, 799, 1135, 1932, 2281, 2299, 2646, 4301, 4324, 5039, 5569, 6066, 6142, 6282, 6576, 6641, 7197, 7490, 8153, 8376, 8465, 9612, 9881, 9948, 9950, 10121, 11543, 11716, 11796, 12520, 12984, 13509, 13566, 14009, 14346, 14645, 14856, 14991, 15156, 16090, 16148, 16190, 16512, 16543, 16776, 16846, 17159, 17310]",c4.cgn__GNF2_CKS2
c4.cgn,MORF_RAGE,prerank,0.32649928707905024,1.2529348312277453,0.04741379310344827,0.2709726421135717,1.0,34_126,34/126,18.67%,MGAT1;GPR35;MSX1;HSPB2;KANK2;DOK1;PCGF1;IFT140;CARD10;PML;EFNA2;LBP;HSF4;BCL2;IRF2BP1;GGT5;MMP25;PTPN9;BAHD1;TCOF1;SLC30A1;CRYAA;B4GALT3;MTX1;LMO1;TNFRSF25;WWOX;SLC6A9;NCKIPSD;COLQ;SLC2A1;KIFC3;KHNYN;ADAMTSL2,MGAT1;GPR35;MSX1;HSPB2;KANK2;DOK1;PCGF1;IFT140;CARD10;PML;EFNA2;LBP;HSF4;BCL2;IRF2BP1;GGT5;MMP25;PTPN9;BAHD1;TCOF1;SLC30A1;CRYAA;B4GALT3;MTX1;LMO1;TNFRSF25;WWOX;SLC6A9;NCKIPSD;COLQ;SLC2A1;KIFC3;KHNYN;ADAMTSL2;EML3;SLC12A4;CALCOCO1;KLHL18;AQP5;SH2B1;LSM1;ZNF592;TCF7;GRIK5;FANCG;HAUS5;CAMK2B;PAX8;NUDT3;CRCP;NTSR2;SLC13A2;TBX5;LTK;AP2A2;JAK3;MOK;SLC4A3;NFRKB;AMFR;CASP2;PITPNM1;CRYBA4;SSTR5;USP19;WDR62;FDXR;PAIP2B;MYO9B;SLC6A7;IMPA1;RPS6KB2;SLC16A5;DPT;MR1;DDX11;IKBKG;IGHMBP2;ADAM15;PCBP3;PRPH;HTR7;SIX3;ANKRD12;PAX9;TUB;SLC5A2;DAPK2;CDK5R1;SDC3;SLC30A3;CYP11A1;ALDOC;GRK4;ITIH4;CRHR2;CNTN2;GHITM;ITPR2;CNTN1;EXTL3;LSM12;ECE2;TLN2;PRSS16;BPHL;RBBP8;RBM8A;SPEF1;F7;CLOCK;SIK3;MPP2;CD8B;PIGB;TSPO2;IGSF9B;MUSK;ARC;ZKSCAN3;ZNF500;ADD2;TUBGCP4;SPTB;SLC24A1;HTR4,"[100, 156, 231, 298, 432, 477, 556, 797, 861, 985, 1070, 1099, 1161, 1238, 1310, 1341, 1399, 1441, 1484, 1541, 1726, 1964, 2151, 2215, 2364, 2404, 2505, 2569, 2826, 3087, 3156, 3261, 3268, 3270, 3448, 3688, 3715, 3930, 4046, 4052, 4143, 4317, 4349, 4406, 4445, 4474, 4493, 4519, 4736, 4745, 4813, 4819, 4864, 4932, 5162, 5207, 5429, 5491, 5498, 5936, 6081, 6113, 6311, 6368, 6412, 6630, 6876, 7028, 7156, 7158, 7169, 7191, 7299, 7501, 7537, 7565, 7584, 7849, 8085, 8091, 8531, 9170, 9359, 9484, 9570, 9877, 10044, 10107, 10324, 10352, 10367, 10566, 10567, 10900, 11047, 11260, 11306, 11417, 11545, 11555, 11588, 12349, 12432, 13068, 13129, 13842, 14125, 14188, 14331, 14816, 15146, 15426, 15699, 15708, 15927, 15978, 16156, 16254, 16423, 16462, 16545, 16769, 16889, 16935, 17125, 17206]",c4.cgn__MORF_RAGE
c4.cgn,GCM_VAV1,prerank,0.37793057386295004,1.2505105473293414,0.13118279569892474,0.27160609180715956,1.0,20_46,20/46,22.81%,GPSM3;INPP5D;DGCR6;CLCN7;RGS19;PDE6G;WAS;AIP;FANCC;DRG2;SPN;MYH7;PTGES3;VAV1;VPS72;SMARCD2;RABGGTA;TEC;RENBP;ARHGAP4,GPSM3;INPP5D;DGCR6;CLCN7;RGS19;PDE6G;WAS;AIP;FANCC;DRG2;SPN;MYH7;PTGES3;VAV1;VPS72;SMARCD2;RABGGTA;TEC;RENBP;ARHGAP4;SLC29A2;DRAP1;HMGA2;NMI;CCR9;ZNF76;ARHGEF1;TRIP13;PIK3CG;GLA;SMARCD1;HNRNPL;PDE6B;SUPT4H1;MADD;MPV17;LYST;ITGB3BP;CAPRIN1;ZNF134;TAF11;TTF1;COX10;NSMAF;DDX18;GRM4,"[72, 448, 834, 851, 914, 933, 1067, 1644, 1672, 2257, 2541, 2695, 2761, 2843, 2933, 3528, 3535, 3674, 3841, 3994, 5205, 5252, 5446, 5763, 5772, 5979, 5981, 6199, 6453, 7530, 8135, 9987, 10548, 10648, 10705, 11741, 13016, 13237, 14425, 15124, 15147, 16422, 16431, 16460, 16843, 16981]",c4.cgn__GCM_VAV1
c4.cgn,GCM_TINF2,prerank,-0.3953062096401162,-1.2147110003694561,0.17830882352941177,0.27241313302048575,1.0,11_38,11/38,15.63%,BOD1L1;TMEM138;DDX47;TINF2;RPL7L1;SIN3A;DHX29;ANAPC5;DBNL;PSME3;TTC17,SNX33;ING1;BAHD1;TADA2B;METTL17;NF2;BABAM1;CNPPD1;TBC1D22B;ZNF274;ABHD16A;ANKRD10;TBC1D10B;COQ10A;GFM2;TEX261;DHX37;MORF4L1;COMMD9;TBC1D14;POLR2M;DENND4A;S100PBP;MMAB;FBXL20;RMND5B;PRDM4;TTC17;PSME3;DBNL;ANAPC5;DHX29;SIN3A;RPL7L1;TINF2;DDX47;TMEM138;BOD1L1,"[824, 1121, 1484, 2187, 2732, 3658, 4337, 4405, 6309, 6370, 6745, 7456, 7764, 7905, 8200, 9412, 9517, 9976, 10931, 11174, 11574, 12390, 12530, 12837, 12920, 13070, 13341, 14781, 14933, 15173, 15267, 15327, 15543, 15918, 16109, 16226, 16914, 17376]",c4.cgn__GCM_TINF2
c4.cgn,GNF2_RFC4,prerank,-0.354716262357356,-1.2147964026990754,0.1446886446886447,0.2744498158630787,1.0,18_58,18/58,18.79%,MSH2;PLK4;RFC3;TYMS;SUPT16H;KNTC1;MLH1;MCM4;RRM1;SMC2;RAD51AP1;SMC4;RPA3;FEN1;PRIM1;GINS2;MCM2;RANBP1,CKS2;CCNA2;MCM10;RAD54L;UBE2C;FOXM1;TIMELESS;GMNN;SSRP1;RFC4;MCM7;DKC1;CKS1B;TTK;BIRC5;CTPS1;TOP2A;SLBP;NCAPD2;CCT2;PCNA;LIG1;MCM3;ASPM;NDC80;CDK1;FANCI;RFC5;RAN;GINS1;CCNB2;MSH6;PAICS;SNRPE;ZWINT;MCM6;CENPF;SNRPD1;ITGB3BP;KIF11;RANBP1;MCM2;GINS2;PRIM1;FEN1;RPA3;SMC4;RAD51AP1;SMC2;RRM1;MCM4;MLH1;KNTC1;SUPT16H;TYMS;RFC3;PLK4;MSH2,"[176, 799, 843, 1094, 1115, 1135, 1771, 2281, 2303, 2646, 2994, 3394, 3684, 4301, 4324, 4655, 5039, 5569, 5630, 6142, 6282, 6992, 7142, 7490, 8153, 8376, 8465, 8556, 8903, 9881, 9950, 10063, 10291, 10370, 11796, 12498, 12520, 12984, 13237, 13279, 14228, 14346, 14645, 14730, 14856, 14991, 15156, 16001, 16090, 16148, 16190, 16252, 16260, 16339, 16776, 17159, 17310, 17502]",c4.cgn__GNF2_RFC4
c4.cgn,MORF_PTPN9,prerank,0.3789674899449966,1.2442912124031134,0.13524590163934427,0.2757770265238953,1.0,16_52,16/52,21.06%,MGAT1;GPR35;IFT140;PML;HSF4;PTPN9;TCOF1;B4GALT3;CNOT4;DRG2;SLC6A9;ORC1;KHNYN;ADAMTSL2;EML3;SLC12A4,MGAT1;GPR35;IFT140;PML;HSF4;PTPN9;TCOF1;B4GALT3;CNOT4;DRG2;SLC6A9;ORC1;KHNYN;ADAMTSL2;EML3;SLC12A4;PSD4;GSK3A;CAMK2B;PAX8;NUDT3;MOK;CASP2;PITPNM1;USP19;FDXR;PAIP2B;DDX11;ACR;IKBKG;IGHMBP2;ADAM15;PCBP3;PRPH;ANKRD12;RXRB;TUB;RPA2;TPMT;MVK;GHITM;CNTN1;FKBP15;PFDN1;M6PR;RBM8A;NDST1;CNP;TSPO2;ODF1;IGSF9B;HMGXB3,"[100, 156, 797, 985, 1161, 1441, 1541, 2151, 2186, 2257, 2569, 2860, 3268, 3270, 3448, 3688, 4136, 4452, 4493, 4519, 4736, 5429, 6081, 6113, 6412, 6876, 7028, 7565, 7577, 7584, 7849, 8085, 8091, 8531, 9484, 9818, 9877, 10282, 10477, 11336, 11417, 11555, 13060, 13431, 13779, 14188, 14395, 14636, 15978, 16073, 16156, 16189]",c4.cgn__MORF_PTPN9
c4.cgn,MORF_SART1,prerank,0.36356728453104264,1.2448555118868903,0.12753036437246965,0.2785256550875268,1.0,19_61,19/61,22.21%,HDGF;HSP90AA1;MRPL23;EEF1D;BCL7B;UBE2I;CLIC1;UBE2L3;RPL18;RPL24;RPLP2;RPL6;PSMB1;NACA;RPS27A;RPS6;DDX49;RPS12;SART1,HDGF;HSP90AA1;MRPL23;EEF1D;BCL7B;UBE2I;CLIC1;UBE2L3;RPL18;RPL24;RPLP2;RPL6;PSMB1;NACA;RPS27A;RPS6;DDX49;RPS12;SART1;PCBP2;FAU;ANP32B;COX4I1;SRP14;CCT7;RNPS1;RPL30;RALY;HNRNPUL1;DHX38;PSMB3;RPL10A;TIAL1;SUMO3;EIF4A1;IDH3B;RPL21;LSM14A;SUMO2;UQCRFS1;USP22;MRPL9;PUF60;DDX39B;EEF2;STRAP;DRG1;HUWE1;HNRNPK;U2AF1;HNRNPC;EIF3M;EIF4G2;FAM168B;SLC25A3;ZC3H15;YWHAZ;NCL;GDI2;HNRNPA1;ACP1,"[318, 876, 987, 1270, 1737, 1857, 1955, 2076, 2393, 2693, 2774, 2812, 3303, 3349, 3702, 3757, 3787, 3808, 3890, 4719, 4734, 4820, 4836, 4885, 5096, 5271, 5756, 5946, 6288, 6533, 6562, 6728, 6913, 7026, 7033, 7055, 7103, 7611, 7732, 7978, 8090, 8206, 8815, 9247, 9332, 9939, 10437, 10571, 10590, 10811, 11073, 11654, 12560, 12738, 13514, 13537, 14665, 14777, 15227, 15588, 15957]",c4.cgn__MORF_SART1
c4.cgn,GNF2_TTN,prerank,0.4388109402011734,1.2386225661446455,0.19057377049180327,0.2824713727070144,1.0,12_23,12/23,21.15%,TNNI2;CKM;TNNT3;MYBPC1;PYGM;MYOT;ENO3;TNNT1;CASQ1;TNNC2;ANKRD2;RYR1,TNNI2;CKM;TNNT3;MYBPC1;PYGM;MYOT;ENO3;TNNT1;CASQ1;TNNC2;ANKRD2;RYR1;ATP2A1;TNNI1;NEB;MYH1;MYBPC2;TPM3;MYOZ1;SLN;KLHL41;TTN;LDB3,"[763, 1419, 1848, 1896, 1918, 1957, 2362, 2385, 2821, 3376, 3422, 3704, 5412, 5703, 6283, 6589, 7422, 8908, 14104, 15144, 15406, 15422, 16152]",c4.cgn__GNF2_TTN
c4.cgn,GCM_CSNK1D,prerank,-0.40852444395184906,-1.2064898193776612,0.1958174904942966,0.285144126370484,1.0,8_30,8/30,16.17%,PJA2;EVI5;PRRC2C;FBXL5;TMEM30A;GPR107;UBQLN1;ACTR10,TAB2;ZFAND3;GPR153;CSNK1D;SRRM2;YTHDF1;ARFGAP1;UBQLN2;RNF216;SAP130;PHF10;KANSL3;CHMP4B;UBR5;TMEM248;ZNF644;RAB10;RMDN3;UPF3A;FAM168B;VPS52;TBC1D15;ACTR10;UBQLN1;GPR107;TMEM30A;FBXL5;PRRC2C;EVI5;PJA2,"[2058, 3403, 3445, 3453, 4038, 4580, 4788, 5194, 5647, 6291, 7676, 7820, 8703, 9528, 9735, 10254, 10353, 11831, 12213, 12738, 13389, 13481, 14687, 14692, 15507, 15754, 16036, 16094, 16502, 16665]",c4.cgn__GCM_CSNK1D
c4.cgn,MORF_EPHA7,prerank,-0.31915772268582854,-1.2036463963467912,0.12617702448210924,0.28786967151873893,1.0,34_109,34/109,20.45%,GABRA6;COCH;TPH1;DCC;AKAP5;SYT11;KCNH1;FAM13C;TRIM9;HSF2BP;LRRTM2;RPGRIP1;TTF1;CHRNA3;RPGRIP1L;LCMT2;HDAC9;ZNF264;MPPED2;TBC1D12;CASQ2;SPAG8;IREB2;TMEM8B;WIPF1;RFXAP;FRK;BAAT;SCN2A;WNT1;AVPR1A;PDCL;ANGPTL7;AVL9,GPR4;TCF15;ATG4B;CXCL6;RFX1;SERPINC1;ART3;SERPINA5;TNNI2;MLLT3;IRGC;RBM17;PPP6R2;TAF4;IL9;MPHOSPH8;MYH7;MTRF1L;LCAT;IL18RAP;PEX12;BRDT;OPHN1;DFFB;ABHD5;DIO1;C9;ZNF208;HIPK2;SEC14L2;BNC1;GCNT2;DOC2A;ODF2;SLCO2A1;ZFY;SLITRK2;AP4E1;EPHA7;DCAF4;SMYD2;BHMT;RAB3A;DZIP1;ORC4;TEKT2;NMBR;STARD13;PHTF1;CNTF;BMPR2;NACAD;CUL3;GPR176;SSX2IP;FOXN2;SLCO1B1;GRM8;FSTL4;TTC9;ZNF177;LCT;ATRNL1;ASTN1;IFT88;KALRN;SAA4;ST8SIA4;ZNF154;NELL1;VPS41;MYT1;EIF2B1;NPY5R;BMPER;AVL9;ANGPTL7;PDCL;AVPR1A;WNT1;SCN2A;BAAT;FRK;RFXAP;WIPF1;TMEM8B;IREB2;SPAG8;CASQ2;TBC1D12;MPPED2;ZNF264;HDAC9;LCMT2;RPGRIP1L;CHRNA3;TTF1;RPGRIP1;LRRTM2;HSF2BP;TRIM9;FAM13C;KCNH1;SYT11;AKAP5;DCC;TPH1;COCH;GABRA6,"[51, 133, 151, 232, 401, 470, 518, 641, 763, 888, 1514, 1516, 1970, 2272, 2276, 2395, 2695, 3177, 3706, 3895, 4369, 4652, 4771, 5280, 5346, 5497, 5937, 6269, 6403, 6673, 6785, 6890, 6961, 7497, 7514, 8053, 8207, 8566, 8607, 8642, 9184, 9256, 9354, 9438, 9548, 9689, 9749, 9766, 9897, 9983, 10005, 10056, 10069, 10087, 10102, 10390, 10574, 10745, 11365, 11480, 11591, 11633, 11692, 11777, 11814, 11920, 12049, 12051, 12108, 12171, 12579, 12740, 13180, 13464, 13653, 13936, 14021, 14145, 14324, 14329, 14513, 14724, 14738, 14979, 14990, 14992, 15123, 15293, 15353, 15366, 15385, 15565, 15818, 15944, 16050, 16155, 16422, 16453, 16580, 16607, 16617, 16845, 17117, 17137, 17253, 17281, 17362, 17399, 17516]",c4.cgn__MORF_EPHA7
c4.cgn,MORF_DCC,prerank,-0.3295926808789717,-1.20042058030824,0.14794007490636704,0.2913024519694604,1.0,26_87,26/87,15.96%,GABRA6;COCH;TPH1;DCC;AKAP5;ZNF10;FAM13C;TRIM9;LRRTM2;RPGRIP1;TTF1;CHRNA3;RPGRIP1L;LCMT2;HDAC9;ZNF264;MPPED2;TBC1D12;CASQ2;SPAG8;IREB2;TMEM8B;WIPF1;RFXAP;FRK;BAAT,GPR4;TCF15;ATG4B;CXCL6;RFX1;SERPINC1;ART3;TNNI2;MLLT3;IRGC;RBM17;GNA12;PPP6R2;TAF4;IL9;MYH7;RFPL3S;MTRF1L;LCAT;BRDT;OPHN1;DFFB;OSGIN2;IPO8;GCNT2;GLDC;DOC2A;ODF2;SLCO2A1;SLITRK2;AP4E1;EPHA7;DCAF4;DZIP1;ORC4;STARD13;BMPR2;CUL3;GPR176;SSX2IP;FOXN2;SLCO1B1;IFNAR1;GRM8;ZNF177;LCT;ATRNL1;ASTN1;IFT88;KALRN;ST8SIA4;ZNF154;PTPRJ;VPS41;MYT1;EIF2B1;BMPER;ANGPTL7;PDCL;AVPR1A;TRPC3;BAAT;FRK;RFXAP;WIPF1;TMEM8B;IREB2;SPAG8;CASQ2;TBC1D12;MPPED2;ZNF264;HDAC9;LCMT2;RPGRIP1L;CHRNA3;TTF1;RPGRIP1;LRRTM2;TRIM9;FAM13C;ZNF10;AKAP5;DCC;TPH1;COCH;GABRA6,"[51, 133, 151, 232, 401, 470, 518, 763, 888, 1514, 1516, 1633, 1970, 2272, 2276, 2695, 3174, 3177, 3706, 4652, 4771, 5280, 5287, 6442, 6890, 6950, 6961, 7497, 7514, 8207, 8566, 8607, 8642, 9438, 9548, 9766, 10005, 10069, 10087, 10102, 10390, 10574, 10611, 10745, 11591, 11633, 11692, 11777, 11814, 11920, 12051, 12108, 12148, 12579, 12740, 13180, 13653, 14021, 14145, 14324, 14429, 14724, 14738, 14979, 14990, 14992, 15123, 15293, 15353, 15366, 15385, 15565, 15818, 15944, 16050, 16155, 16422, 16453, 16580, 16617, 16845, 17056, 17253, 17281, 17362, 17399, 17516]",c4.cgn__MORF_DCC
c4.cgn,MORF_TTN,prerank,-0.38503214361745414,-1.1955971540027,0.17647058823529413,0.2933573920792343,1.0,9_39,9/39,12.28%,DBT;CLCN3;COL14A1;RPS6KA5;GCA;MAP2;ZNF266;TTN;COL8A1,RREB1;ZNF141;ZBTB40;GPR171;ABCB1;NTNG2;CXCL5;ADAMTSL3;TMEM26;NR1I2;HSD3B2;SUPT3H;JRKL;IFNA1;RAD51D;IFNA8;CDC73;MLLT10;PTPRB;ABCB10;MAGEA8;FBXL4;R3HCC1L;FSHR;GJB5;GLRA3;RORB;CADM4;PGM3;SPA17;COL8A1;TTN;ZNF266;MAP2;GCA;RPS6KA5;COL14A1;CLCN3;DBT,"[806, 1512, 2152, 2871, 3190, 3250, 3891, 5401, 5880, 6022, 6446, 7327, 7986, 9040, 9164, 9616, 10314, 10494, 10643, 10803, 11359, 11580, 11711, 11912, 12241, 12459, 12864, 13306, 13525, 14390, 15368, 15422, 15884, 15965, 16283, 16291, 16546, 16560, 17276]",c4.cgn__MORF_TTN
c4.cgn,MORF_CDH4,prerank,-0.3219991532389227,-1.197709561034431,0.13346228239845262,0.29396296395843213,1.0,30_104,30/104,26.59%,HTR2C;PPM1E;ZNF132;ATXN3;STAC;DNAJC22;COL19A1;CALN1;CAMK4;KPNA1;LDB3;MAP2;PAX7;IPO9;COL8A1;GNG4;GRIK1;B4GALT6;ADAMTS3;STARD5;LECT2;AMMECR1;EDIL3;PCM1;ZNF157;CADM4;RGS7;VIP;RORB;SOAT2,NPFF;TBX19;GYS2;SLC6A4;CTRL;FOSL1;FGF2;F2RL3;PLXNA3;HNF1A;MAP2K7;ABCB1;NTNG2;NHEJ1;RXRG;MPZL1;IL11RA;NPAS2;GCM1;SRPK3;CDH4;HTR1E;PAX6;LGI1;SCN7A;ADAMTSL3;ZNF202;FZD5;GPR19;TMEM26;NR1I2;PSD;NEB;S100A5;KCNA5;HSD3B2;SUPT3H;HOXB7;LILRA1;ROR2;KLRC4;FGF18;ATF2;TRIO;NR3C2;IL4;SLC6A2;ST8SIA1;TENM4;EXOC4;DRD1;RAD51D;F2RL1;SULT4A1;AKAP3;SLC17A7;RYR3;TACC2;TNK1;CDC73;DMD;MLLT10;SLC46A3;ELL2;HCRTR2;PHLDB1;MAGEA8;COLGALT2;FSHR;GJB5;CRHR1;ERCC4;ADAM20;GLRA3;SOAT2;RORB;VIP;RGS7;CADM4;ZNF157;PCM1;EDIL3;AMMECR1;LECT2;STARD5;ADAMTS3;B4GALT6;GRIK1;GNG4;COL8A1;IPO9;PAX7;MAP2;LDB3;KPNA1;CAMK4;CALN1;COL19A1;DNAJC22;STAC;ATXN3;ZNF132;PPM1E;HTR2C,"[214, 898, 1216, 1789, 1888, 2188, 2211, 2216, 2610, 3074, 3121, 3190, 3250, 3592, 3602, 3732, 3842, 4199, 4527, 4608, 4663, 4721, 4803, 4940, 4973, 5401, 5418, 5568, 5702, 5880, 6022, 6059, 6283, 6325, 6341, 6446, 7327, 7372, 7636, 7746, 7921, 8121, 8136, 8219, 8411, 8442, 8506, 8649, 8681, 8951, 8994, 9164, 9196, 9376, 9377, 9653, 9956, 10096, 10129, 10314, 10392, 10494, 10498, 10930, 11168, 11333, 11359, 11529, 11912, 12241, 12254, 12343, 12375, 12459, 12861, 12864, 12940, 13240, 13306, 13438, 13706, 13751, 13954, 14156, 14247, 14335, 14436, 14578, 15235, 15368, 15618, 15619, 15965, 16152, 16527, 16852, 17069, 17091, 17101, 17127, 17153, 17185, 17232, 17447]",c4.cgn__MORF_CDH4
c4.cgn,MORF_CASP10,prerank,-0.32019229308451824,-1.1962649908602583,0.1233140655105973,0.29444304625294243,1.0,34_104,34/104,24.40%,NF1;MFN1;IFT27;SP140;ZNF500;TRIM24;MSH3;GPR3;RPS6KA5;ESR1;PIGB;DNAJC16;ZNF266;GPLD1;IL16;KRR1;MDM2;WBP4;DTX4;NXPE3;AQP7;NFAT5;OSBP;PIK3C2A;CYP2E1;EPHB2;ATP6V0A2;GLE1;PIK3CB;PGM3;SLC33A1;KCNJ6;KRT86;PAXIP1,NPFF;MSX1;RREB1;TBX19;FLT1;SLC18A1;CFH;ZBTB40;TMEM11;MSL3;COX6A2;ZBTB22;STK17A;SLC2A1;IKBKE;NTNG2;CASP10;SGPL1;TMPRSS6;RXRG;KLHL18;ZNF592;GRIK5;TBX5;NEUROD2;TBC1D22A;SULT2B1;SLC4A3;NR1I2;SLC22A6;KCNA5;ARL3;SLC6A11;PVR;OPRL1;ATP8B1;SIM2;POU6F1;SLC16A5;C1orf216;DPT;BNIP1;IL13;ABCC8;FIG4;ELAVL2;ADCY3;RAD51D;HTR7;MC5R;WT1;SULT4A1;PRKACA;PAX9;GPR18;GNPAT;MLLT10;SLC46A3;CYP11A1;LY9;ABCB10;TFDP2;NOS2;CELA2B;HSD17B3;FNTB;ABCB9;GJB5;CRHR1;ERCC4;PAXIP1;KRT86;KCNJ6;SLC33A1;PGM3;PIK3CB;GLE1;ATP6V0A2;EPHB2;CYP2E1;PIK3C2A;OSBP;NFAT5;AQP7;NXPE3;DTX4;WBP4;MDM2;KRR1;IL16;GPLD1;ZNF266;DNAJC16;PIGB;ESR1;RPS6KA5;GPR3;MSH3;TRIM24;ZNF500;SP140;IFT27;MFN1;NF1,"[214, 231, 806, 898, 1534, 1763, 2051, 2152, 2391, 2401, 2434, 2968, 3031, 3156, 3163, 3250, 3306, 3417, 3549, 3602, 3930, 4317, 4406, 4864, 4916, 4963, 5450, 5491, 6022, 6062, 6341, 6378, 6443, 6517, 6582, 6583, 6968, 7077, 7299, 7435, 7501, 7890, 8159, 8504, 8855, 8893, 9021, 9164, 9170, 9268, 9281, 9376, 9427, 9570, 9887, 9936, 10494, 10498, 10566, 10570, 10803, 10817, 11576, 11775, 11815, 11981, 12189, 12241, 12254, 12343, 13244, 13293, 13342, 13356, 13525, 13676, 13788, 13900, 14005, 14038, 14351, 14433, 14755, 14801, 14821, 14973, 15169, 15285, 15386, 15497, 15817, 15884, 15887, 15927, 16134, 16291, 16438, 16504, 16520, 16545, 16688, 17168, 17377, 17391]",c4.cgn__MORF_CASP10
c4.cgn,MORF_KDR,prerank,-0.3378839140199027,-1.1929539336206534,0.16037735849056603,0.29625893991819274,1.0,18_73,18/73,24.05%,SLC4A8;EXOC6B;DBT;ATXN3;COL19A1;CAMK4;COL14A1;ZNF266;IL16;COL8A1;ITIH3;AQP7;SPA17;CYP2E1;EPHB2;EDIL3;PGM3;CADM4,NPFF;RREB1;TBX19;F2RL3;COX6A2;GPR171;HNF1A;NTNG2;MYL3;SGPL1;RXRG;IL11RA;CXCL5;LGI1;AMOT;ADAMTSL3;FZD5;OCM;TMEM26;NR1I2;SLC22A6;S100A5;ARL3;PVR;SIM2;ASB4;POU6F1;SUPT3H;PCDHGB7;NTRK3;JRKL;FGF18;NR3C2;KNG1;ABCC8;SLC6A2;PLA2R1;RAD51D;MC5R;CD8A;FAS;VSTM4;KDR;CDC73;DMD;MLLT10;PTPRB;ABCB10;PHLDB1;COLGALT2;FBXL4;SGCD;FSHR;GJB5;ERCC4;CADM4;PGM3;EDIL3;EPHB2;CYP2E1;SPA17;AQP7;ITIH3;COL8A1;IL16;ZNF266;COL14A1;CAMK4;COL19A1;ATXN3;DBT;EXOC6B;SLC4A8,"[214, 806, 898, 2216, 2434, 2871, 3074, 3250, 3253, 3417, 3602, 3842, 3891, 4940, 4997, 5401, 5568, 5598, 5880, 6022, 6062, 6325, 6378, 6517, 6968, 7051, 7077, 7327, 7451, 7586, 7986, 8121, 8411, 8499, 8504, 8506, 8579, 9164, 9268, 9346, 9493, 10103, 10163, 10314, 10392, 10494, 10643, 10803, 11333, 11529, 11580, 11594, 11912, 12241, 12343, 13306, 13525, 13751, 14005, 14038, 14390, 14801, 15121, 15368, 15497, 15884, 16546, 16852, 17091, 17153, 17276, 17293, 17512]",c4.cgn__MORF_KDR
c4.cgn,GNF2_JAK1,prerank,0.41347591618245644,1.2274151203567631,0.15510204081632653,0.2989834863187359,1.0,13_29,13/29,24.01%,STK38;CLEC2B;FYN;PTGER2;RASSF1;CD247;ITGAL;BTN3A3;HLA-E;BIN2;SUN2;PTPRC;ABHD17A,STK38;CLEC2B;FYN;PTGER2;RASSF1;CD247;ITGAL;BTN3A3;HLA-E;BIN2;SUN2;PTPRC;ABHD17A;CYTIP;CTSW;PRKCH;NCR3;GPR65;JAK1;STK10;CYTH1;ARHGEF3;KLRB1;PPP2R5C;RAP1B;SNRK;ARL4C;PTPN4;GSAP,"[222, 389, 1046, 1376, 1540, 2564, 2736, 3109, 3356, 3511, 3986, 3989, 4205, 5717, 5967, 6300, 6362, 6823, 9271, 10692, 10917, 11016, 11447, 12168, 12892, 13411, 13903, 15244, 17095]",c4.cgn__GNF2_JAK1
c4.cgn,GNF2_PCAF,prerank,-0.40902162848163326,-1.1885768950742808,0.23925233644859814,0.3021777074519372,1.0,12_30,12/30,19.00%,FECH;SPTB;RHCE;ALAS2;FBXO9;TSPO2;EIF2AK1;XPO7;SLC4A1;ANK1;GYPB;TSPAN5,CLIC2;MAP2K3;SELENBP1;GYPA;CA2;MARK3;ERMAP;LPIN2;RHD;GYPE;KAT2B;HMBS;HBQ1;EPB42;PPOX;TRAK2;EIF1AY;ALAD;TSPAN5;GYPB;ANK1;SLC4A1;XPO7;EIF2AK1;TSPO2;FBXO9;ALAS2;RHCE;SPTB;FECH,"[289, 292, 1289, 2930, 4119, 4793, 4897, 5918, 6822, 8560, 8626, 9001, 9132, 9240, 11154, 12578, 12668, 13422, 14191, 14372, 14850, 15393, 15424, 15783, 15978, 16334, 16487, 16802, 16935, 16983]",c4.cgn__GNF2_PCAF
c4.cgn,MORF_MT4,prerank,0.2945391768656926,1.21647448258301,0.07127429805615551,0.3156793762479795,1.0,58_220,58/220,20.10%,JMJD6;ZDHHC18;GPR35;MSX1;HSPB2;LRCH4;PHF21A;KANK2;DOK1;PCGF1;INPP5E;AANAT;PEX6;PICK1;STK19;ECE1;PML;IKZF1;LBP;LAIR1;BCL2;IRF2BP1;RUNX1;MMP25;BAHD1;FLT1;RASSF1;KANK3;RERE;SLC30A1;SLC18A1;CTRL;CRYAA;B4GALT3;FOSL1;MTX1;LMO1;TMEM11;MSL3;TNFRSF25;COX6A2;SLC6A9;GALNT2;ZBTB17;NCKIPSD;DPYSL4;STK17A;COLQ;SLC2A1;IKBKE;PRKCSH;KIFC3;ADAMTSL2;ZNF32;NRTN;EML3;PLIN3;NRP2,JMJD6;ZDHHC18;GPR35;MSX1;HSPB2;LRCH4;PHF21A;KANK2;DOK1;PCGF1;INPP5E;AANAT;PEX6;PICK1;STK19;ECE1;PML;IKZF1;LBP;LAIR1;BCL2;IRF2BP1;RUNX1;MMP25;BAHD1;FLT1;RASSF1;KANK3;RERE;SLC30A1;SLC18A1;CTRL;CRYAA;B4GALT3;FOSL1;MTX1;LMO1;TMEM11;MSL3;TNFRSF25;COX6A2;SLC6A9;GALNT2;ZBTB17;NCKIPSD;DPYSL4;STK17A;COLQ;SLC2A1;IKBKE;PRKCSH;KIFC3;ADAMTSL2;ZNF32;NRTN;EML3;PLIN3;NRP2;SLC12A4;KLHL18;SUN2;AQP5;SH2B1;CRAT;LSM1;IRF2;ZNF592;GRIK5;FANCG;HAUS5;PAX8;LTBP4;CPSF4;NUDT3;CRCP;PARVB;SLC13A2;TBX5;NEUROD2;LTK;TBC1D22A;DKK4;JAK3;OGG1;PLEKHB1;JAG1;FCHO1;NEK9;MOK;MLN;GTSE1;SLC4A3;NFRKB;DTNA;ERCC2;RAP1A;WIPF2;AMFR;PNMT;SLC22A6;FOXN3;CRYBA4;SSTR5;CSTF3;SLC6A11;OPRL1;ROCK1;WDR62;CAMK2G;FDXR;POU6F1;MYO9B;SLC6A7;IMPA1;RPS6KB2;SLC16A5;SLC25A11;ST13;CHD3;DPT;DDX11;BTD;KCNJ4;ADAM15;PCBP3;RANBP2;IL13;SEZ6L;CLP1;CACNB2;HTR7;MC5R;PSMF1;BRD1;LCOR;PAX9;CNOT2;HNRNPL;SLC5A2;DAPK2;TTC22;POLR3D;SLC30A3;RNF139;CDK13;CEP350;FRYL;CYP11A1;ALDOC;LY9;SUMO4;AFF2;CDK5R2;TFDP2;POLR2K;ITIH4;ATP6V1B1;CRHR2;CNTN2;ESR2;ITPR2;EXTL3;HSD17B3;CHD9;ZNF710;ATRX;TTI1;IPCEF1;LSM12;NFYB;ECE2;SMC5;ANTXR1;GPATCH8;TLN2;PAXIP1;KRT86;AAK1;SFSWAP;PIK3CB;GLE1;BPHL;ATP6V0A2;LEPROTL1;RFC1;ZNF292;NR3C1;RBBP8;PLK3;SPEF1;TNKS;KIAA0586;RWDD3;UTRN;AQP7;F7;DTX4;SEC31A;KRR1;SIK3;TAF5L;MPP2;CD8B;NR2C1;PIGB;TSPO2;CLPX;ESR1;FRG1;AGPS;CYP2A6;ARC;ZKSCAN3;ZNF500;ADD2;CCKAR;TUBGCP4;SLC24A1;HTR4;NF1,"[31, 135, 156, 231, 298, 368, 371, 432, 477, 556, 557, 807, 839, 909, 920, 972, 985, 1092, 1099, 1183, 1238, 1310, 1384, 1399, 1484, 1534, 1540, 1623, 1640, 1726, 1763, 1888, 1964, 2151, 2188, 2215, 2364, 2391, 2401, 2404, 2434, 2569, 2570, 2776, 2826, 3016, 3031, 3087, 3156, 3163, 3248, 3261, 3270, 3388, 3421, 3448, 3518, 3520, 3688, 3930, 3986, 4046, 4052, 4092, 4143, 4161, 4317, 4406, 4445, 4474, 4519, 4551, 4602, 4736, 4745, 4748, 4819, 4864, 4916, 4932, 4963, 5202, 5207, 5263, 5278, 5281, 5365, 5425, 5429, 5474, 5480, 5491, 5498, 5512, 5609, 5616, 5670, 5936, 6030, 6062, 6260, 6311, 6368, 6385, 6443, 6582, 6585, 6630, 6774, 6876, 7077, 7156, 7158, 7169, 7191, 7299, 7418, 7462, 7478, 7501, 7565, 7627, 7845, 8085, 8091, 8103, 8159, 8713, 8937, 8997, 9170, 9268, 9367, 9380, 9523, 9570, 9858, 9987, 10044, 10107, 10150, 10242, 10367, 10394, 10426, 10450, 10503, 10566, 10567, 10570, 10640, 10687, 10754, 10817, 10988, 11047, 11176, 11260, 11306, 11385, 11545, 11588, 11815, 11886, 12161, 12221, 12297, 12331, 12349, 12358, 12432, 12798, 12885, 12947, 13068, 13244, 13293, 13399, 13427, 13676, 13788, 13842, 13900, 14017, 14088, 14095, 14123, 14125, 14209, 14331, 14449, 14502, 14657, 14669, 14801, 14816, 14973, 15076, 15386, 15426, 15683, 15699, 15708, 15904, 15927, 15978, 16063, 16134, 16201, 16310, 16405, 16423, 16462, 16545, 16769, 16872, 16889, 17125, 17206, 17391]",c4.cgn__MORF_MT4
c4.cgn,MORF_LTK,prerank,0.3131604616936665,1.2028030987316154,0.12526539278131635,0.3390332150526344,1.0,25_126,25/126,12.65%,GPR35;MSX1;KAT8;HSPB2;PHF21A;DOK1;IFT140;AANAT;CARD10;PICK1;PML;LBP;HSF4;LAIR1;BCL2;IRF2BP1;GGT5;MMP25;BAHD1;FLT1;RASSF1;SLC30A1;CRYAA;B4GALT3;MTX1,GPR35;MSX1;KAT8;HSPB2;PHF21A;DOK1;IFT140;AANAT;CARD10;PICK1;PML;LBP;HSF4;LAIR1;BCL2;IRF2BP1;GGT5;MMP25;BAHD1;FLT1;RASSF1;SLC30A1;CRYAA;B4GALT3;MTX1;TNFRSF25;SLC6A9;NCKIPSD;DPYSL4;SLC2A1;IKBKE;KIFC3;ADAMTSL2;EML3;SLC12A4;KLHL18;ARAF;SUN2;AQP5;IRF2;ZNF592;GRIK5;HAUS5;CAMK2B;PAX8;NUDT3;CRCP;NTSR2;SLC13A2;TBX5;PTP4A3;LTK;TBC1D22A;JAK3;OGG1;FCHO1;MOK;SLC4A3;NFRKB;AMFR;PNMT;CASP2;TRA2A;CRYBA4;SSTR5;WDR62;GPR161;FDXR;PAIP2B;GPR17;MYO9B;SLC6A7;RPS6KB2;SLC16A5;DPT;MR1;DDX11;IGHMBP2;ADAM15;PCBP3;PRPH;HTR7;SIX3;ANKRD12;PAX9;TUB;SLC5A2;DAPK2;CDK5R1;SDC3;SLC30A3;CYP11A1;ITIH4;CRHR2;CNTN2;ITPR2;EXTL3;HSD17B3;ZNF710;LSM12;ECE2;GSTM5;N4BP2L2;PRSS16;PIK3CB;RBBP8;RBM8A;SPEF1;SMPDL3B;F7;DTX4;CLOCK;SIK3;MPP2;PIGB;TSPO2;IGSF9B;CYP2A6;ARC;ZKSCAN3;ZNF500;CCKAR;TUBGCP4;SLC24A1;HTR4;TMSB4Y,"[156, 231, 256, 298, 371, 477, 797, 807, 861, 909, 985, 1099, 1161, 1183, 1238, 1310, 1341, 1399, 1484, 1534, 1540, 1726, 1964, 2151, 2215, 2404, 2569, 2826, 3016, 3156, 3163, 3261, 3270, 3448, 3688, 3930, 3967, 3986, 4046, 4161, 4317, 4406, 4474, 4493, 4519, 4736, 4745, 4813, 4819, 4864, 4879, 4932, 4963, 5207, 5263, 5365, 5429, 5491, 5498, 5936, 6030, 6081, 6279, 6311, 6368, 6630, 6632, 6876, 7028, 7040, 7156, 7158, 7191, 7299, 7501, 7537, 7565, 7849, 8085, 8091, 8531, 9170, 9359, 9484, 9570, 9877, 10044, 10107, 10324, 10352, 10367, 10566, 11047, 11260, 11306, 11545, 11588, 11815, 12161, 12349, 12432, 12486, 12844, 13129, 13676, 14125, 14188, 14331, 14431, 14816, 14973, 15146, 15426, 15699, 15927, 15978, 16156, 16405, 16423, 16462, 16545, 16872, 16889, 17125, 17206, 17392]",c4.cgn__MORF_LTK
c4.cgn,MORF_CASP2,prerank,0.3288178017538221,1.1984309527042853,0.1322314049586777,0.33912328340969977,1.0,17_90,17/90,12.89%,ITGA10;MGAT1;GPR35;P2RY11;CXCR2;IFT140;CARD10;PML;HSF4;IRF2BP1;MMP25;PTPN9;TCOF1;PPP1R10;B4GALT3;CNOT4;DRG2,ITGA10;MGAT1;GPR35;P2RY11;CXCR2;IFT140;CARD10;PML;HSF4;IRF2BP1;MMP25;PTPN9;TCOF1;PPP1R10;B4GALT3;CNOT4;DRG2;KIF1C;ORC1;PRKCSH;KHNYN;ADAMTSL2;EML3;SLC12A4;PSD4;TCF7;GSK3A;CAMK2B;PAX8;NUDT3;CRCP;NTSR2;LTK;MOK;NFRKB;PKN2;EFNA3;PNMT;CASP2;PITPNM1;GTF2F1;TRA2A;CRYBA4;USP19;GPR161;FDXR;PAIP2B;DDX11;ACR;IKBKG;IGHMBP2;ADAM15;PCBP3;WNT10B;PRPH;RAP1GAP2;GPA33;H6PD;ANKRD12;TUB;SLC5A2;RPA2;TPMT;PKMYT1;PDPK1;MVK;GHITM;CNTN1;LMTK2;LSM12;FKBP15;PFDN1;M6PR;RBM8A;PFKFB2;NDST1;CNP;SIK3;PTGER3;MPP2;ZNF337;PIGB;TSPO2;HTR2A;ODF1;IGSF9B;HMGXB3;ZKSCAN3;GPRIN2;ADD2,"[52, 100, 156, 513, 680, 797, 861, 985, 1161, 1310, 1399, 1441, 1541, 1812, 2151, 2186, 2257, 2592, 2860, 3248, 3268, 3270, 3448, 3688, 4136, 4349, 4452, 4493, 4519, 4736, 4745, 4813, 4932, 5429, 5498, 5765, 5941, 6030, 6081, 6113, 6163, 6279, 6311, 6412, 6632, 6876, 7028, 7565, 7577, 7584, 7849, 8085, 8091, 8235, 8531, 8584, 8602, 9299, 9484, 9877, 10044, 10282, 10477, 10922, 10975, 11336, 11417, 11555, 11958, 12349, 13060, 13431, 13779, 14188, 14254, 14395, 14636, 15426, 15604, 15699, 15889, 15927, 15978, 16012, 16073, 16156, 16189, 16462, 16641, 16769]",c4.cgn__MORF_CASP2
c4.cgn,MORF_FDXR,prerank,0.2919670575535899,1.1998964127432425,0.07768924302788845,0.34033538356143983,1.0,49_202,49/202,18.67%,MGAT1;GPR35;MSX1;KAT8;HSPB2;KANK2;DOK1;RCE1;PCGF1;CARD10;HMG20B;ELK1;PML;EFNA2;LBP;HSF4;MYC;BCL2;IRF2BP1;PTPN9;BAHD1;RASSF1;TCOF1;TRIM27;RERE;TBCD;SLC30A1;PPP1R10;CRYAA;B4GALT3;MTX1;ABHD14A;TBX1;LMO1;TMEM11;TNFRSF25;WWOX;SLC6A9;GALNT2;NELFB;NCKIPSD;COLQ;SLC2A1;IKBKE;ILVBL;PRKCSH;KIFC3;KHNYN;ADAMTSL2,MGAT1;GPR35;MSX1;KAT8;HSPB2;KANK2;DOK1;RCE1;PCGF1;CARD10;HMG20B;ELK1;PML;EFNA2;LBP;HSF4;MYC;BCL2;IRF2BP1;PTPN9;BAHD1;RASSF1;TCOF1;TRIM27;RERE;TBCD;SLC30A1;PPP1R10;CRYAA;B4GALT3;MTX1;ABHD14A;TBX1;LMO1;TMEM11;TNFRSF25;WWOX;SLC6A9;GALNT2;NELFB;NCKIPSD;COLQ;SLC2A1;IKBKE;ILVBL;PRKCSH;KIFC3;KHNYN;ADAMTSL2;EML3;RABGGTA;SLC12A4;CALCOCO1;KLHL18;RTN2;AQP5;SH2B1;SETD1B;LSM1;IRF2;DHRS1;ZNF592;TCF7;GRIK5;FANCG;HAUS5;CAMK2B;PAX8;LTBP4;CPSF4;MUTYH;NUDT3;CRCP;PARVB;SLC13A2;TBX5;CYP4F12;LTK;TBC1D22A;ERAL1;DDX51;AP2A2;DKK4;JAK3;PLEKHB1;JAG1;MOK;MLN;SLC4A3;NFRKB;ERCC2;PPP5C;NFIC;EIF5B;AMFR;CASP2;PITPNM1;CRYBA4;SSTR5;CSTF3;USP19;WDR62;CAMK2G;FDXR;PAIP2B;MYO9B;SLC6A7;IMPA1;RPS6KB2;TUBGCP2;SLC16A5;SLC25A11;CHD3;DPT;MR1;DDX11;IKBKG;BTD;IGHMBP2;ADAM15;PCBP3;RANBP2;WNT10B;CHRND;RFC5;CEP135;CLP1;SULT1A1;HTR7;SIX3;ANKRD12;PAX9;HNRNPL;SLC5A2;DAPK2;CD6;RPA2;CDK5R1;SDC3;SLC30A3;CDK13;FRYL;PMF1;CYP11A1;ALDOC;GRK4;PKMYT1;AP3B1;ITIH4;CRHR2;CNTN2;LDB1;ITPR2;EXTL3;DIP2C;ATRX;TTI1;IPCEF1;LSM12;NFYB;ECE2;PPIL2;MFN2;FKBP15;TLN2;PRSS16;PAXIP1;KRT86;SFSWAP;AGPAT1;CYP19A1;PIK3CB;GLE1;BPHL;DDB1;RBBP8;RBM8A;SPEF1;NDST1;CNP;F7;KLHDC10;CLOCK;SIK3;GSK3B;PARN;MPP2;CD8B;TPR;PIGB;CLPX;IGSF9B;MUSK;TAF2;ZKSCAN3;ZNF500;CSNK2A1;TUBGCP4;SPTB;GTF2H3;SLC24A1;HTR4,"[100, 156, 231, 256, 298, 432, 477, 485, 556, 861, 959, 973, 985, 1070, 1099, 1161, 1232, 1238, 1310, 1441, 1484, 1540, 1541, 1611, 1640, 1694, 1726, 1812, 1964, 2151, 2215, 2246, 2277, 2364, 2391, 2404, 2505, 2569, 2570, 2632, 2826, 3087, 3156, 3163, 3181, 3248, 3261, 3268, 3270, 3448, 3535, 3688, 3715, 3930, 3941, 4046, 4052, 4088, 4143, 4161, 4255, 4317, 4349, 4406, 4445, 4474, 4493, 4519, 4551, 4602, 4649, 4736, 4745, 4748, 4819, 4864, 4880, 4932, 4963, 5023, 5144, 5162, 5202, 5207, 5278, 5281, 5429, 5474, 5491, 5498, 5609, 5644, 5825, 5863, 5936, 6081, 6113, 6311, 6368, 6385, 6412, 6630, 6774, 6876, 7028, 7156, 7158, 7169, 7191, 7298, 7299, 7418, 7478, 7501, 7537, 7565, 7584, 7627, 7849, 8085, 8091, 8103, 8235, 8390, 8556, 8646, 8937, 9159, 9170, 9359, 9484, 9570, 9987, 10044, 10107, 10125, 10282, 10324, 10352, 10367, 10426, 10503, 10562, 10566, 10567, 10900, 10922, 10936, 11047, 11260, 11306, 11461, 11545, 11588, 11915, 12221, 12297, 12331, 12349, 12358, 12432, 12660, 13019, 13060, 13068, 13129, 13244, 13293, 13427, 13440, 13478, 13676, 13788, 13842, 14043, 14125, 14188, 14331, 14395, 14636, 14816, 14906, 15146, 15426, 15613, 15639, 15699, 15708, 15832, 15927, 16063, 16156, 16254, 16345, 16462, 16545, 16833, 16889, 16935, 17089, 17125, 17206]",c4.cgn__MORF_FDXR
c4.cgn,MORF_FRK,prerank,-0.31907888751972086,-1.1632475921230434,0.1785028790786948,0.3422858842462765,1.0,28_86,28/86,19.97%,GABRA6;TPH1;DCC;AKAP5;KCNH1;FAM13C;TRIM9;LRRTM2;RPGRIP1;CHRNA3;RPGRIP1L;LCMT2;KCNH7;HDAC9;ZNF264;TBC1D12;CASQ2;SPAG8;IREB2;TMEM8B;WIPF1;FRK;BAAT;SCN2A;AVPR1A;KIAA0087;PDCL;ANGPTL7,GPR4;TCF15;ATG4B;RFX1;SERPINC1;ART3;SERPINA5;TNNI2;MLLT3;RBM17;PPP6R2;TAF4;IL9;CRP;MTRF1L;LCAT;BRDT;OPHN1;DFFB;SNUPN;MATN4;P2RY6;ZNF208;GCNT2;DOC2A;MYBPH;ODF2;SLCO2A1;SLITRK2;AP4E1;EPHA7;DCAF4;DZIP1;ORC4;NMBR;STARD13;PHTF1;CNTF;NACAD;CUL3;GPR176;SSX2IP;SLCO1B1;GRM8;AVP;ZNF177;LCT;ATRNL1;ASTN1;IFT88;KALRN;SAA4;ST8SIA4;ZNF154;VPS41;MYT1;EIF2B1;BMPER;ANGPTL7;PDCL;KIAA0087;AVPR1A;SCN2A;BAAT;FRK;WIPF1;TMEM8B;IREB2;SPAG8;CASQ2;TBC1D12;ZNF264;HDAC9;KCNH7;LCMT2;RPGRIP1L;CHRNA3;RPGRIP1;LRRTM2;TRIM9;FAM13C;KCNH1;AKAP5;DCC;TPH1;GABRA6,"[51, 133, 151, 401, 470, 518, 641, 763, 888, 1516, 1970, 2272, 2276, 2639, 3177, 3706, 4652, 4771, 5280, 5532, 5802, 6180, 6269, 6890, 6961, 7270, 7497, 7514, 8207, 8566, 8607, 8642, 9438, 9548, 9749, 9766, 9897, 9983, 10056, 10069, 10087, 10102, 10574, 10745, 11326, 11591, 11633, 11692, 11777, 11814, 11920, 12049, 12051, 12108, 12579, 12740, 13180, 13653, 14021, 14145, 14212, 14324, 14513, 14724, 14738, 14990, 14992, 15123, 15293, 15353, 15366, 15565, 15818, 15883, 15944, 16050, 16155, 16453, 16580, 16617, 16845, 17117, 17253, 17281, 17362, 17516]",c4.cgn__MORF_FRK
c4.cgn,GNF2_RRM1,prerank,-0.32253821821315587,-1.1664619401774685,0.18694885361552027,0.3433210062872369,1.0,28_84,28/84,25.89%,MSH2;PLK4;RFC3;PCCB;VRK1;TYMS;CDC20;SHCBP1;USP14;MCM4;RRM1;SMC2;RAD51AP1;SMC4;FEN1;PRIM1;EIF2S1;GINS2;MCM2;MRPL35;PA2G4;PRC1;CENPE;KIF11;ANP32E;CHCHD3;NUP37;SNRPD1,CKS2;CCNA2;UBE2C;FOXM1;KIF14;DTYMK;TCP1;GMNN;HNRNPAB;SSRP1;RFC4;PTGES3;MCM7;KIF18B;MELK;AURKB;TTK;BIRC5;RRM2;TOP2A;SLBP;DHFR;MKI67;CCT6A;NUSAP1;CDCA8;PCNA;SNRPG;HMGB2;MCM3;ASPM;NDC80;E2F8;TMPO;CDK1;MCM5;FANCI;RAN;CENPM;HAT1;BUB1B;RACGAP1;GINS1;DTL;CCNB2;AURKA;PAICS;SERBP1;METAP2;HMMR;ZWINT;PSMD14;NASP;MCM6;CENPF;FH;SNRPD1;NUP37;CHCHD3;ANP32E;KIF11;CENPE;PRC1;PA2G4;MRPL35;MCM2;GINS2;EIF2S1;PRIM1;FEN1;SMC4;RAD51AP1;SMC2;RRM1;MCM4;USP14;SHCBP1;CDC20;TYMS;VRK1;PCCB;RFC3;PLK4;MSH2,"[176, 799, 1115, 1135, 1170, 1321, 2233, 2281, 2299, 2303, 2646, 2761, 2994, 3110, 4009, 4224, 4301, 4324, 4435, 5039, 5569, 5804, 5891, 5971, 6066, 6204, 6282, 6491, 6576, 7142, 7490, 8153, 8154, 8174, 8376, 8417, 8465, 8903, 8941, 9331, 9585, 9612, 9881, 9948, 9950, 10139, 10291, 10772, 11543, 11716, 11796, 11848, 12374, 12498, 12520, 12562, 12984, 12986, 13002, 13005, 13279, 13509, 13566, 13880, 14009, 14346, 14645, 14673, 14730, 14856, 15156, 16001, 16090, 16148, 16190, 16314, 16512, 16543, 16776, 16846, 17008, 17159, 17310, 17502]",c4.cgn__GNF2_RRM1
c4.cgn,MORF_CUL1,prerank,-0.3306611120224347,-1.160995685704328,0.1898238747553816,0.3441596826932782,1.0,19_68,19/68,20.96%,LRPPRC;KHDRBS1;PSMB2;PWP1;YWHAQ;EIF4H;IMMT;ARCN1;HNRNPU;XPO7;EIF1AX;AFG3L2;RTN4;SSBP1;BZW1;CAPZA1;DDB1;SDHA;XPO6,DAXX;TXLNA;GAK;PRPF31;NUP62;TRAPPC3;UBE2L3;HNRNPAB;SMNDC1;CTDNEP1;STARD7;AATF;EIF2S2;AP3D1;NUP188;SMS;KXD1;NONO;HNRNPM;DHX38;GPAA1;RAD21;TIAL1;DEK;HNRNPA2B1;POLR2I;CUL1;SUMO2;PSMA4;HSPA8;SART3;SSB;PUF60;GPN1;CS;HDAC2;BRD8;TARDBP;ZZZ3;DRG1;ILF2;ARPC5;SNRNP200;DNAJC8;METAP1;MDH1;PPP2CA;POLR2A;MTOR;XPO6;SDHA;DDB1;CAPZA1;BZW1;SSBP1;RTN4;AFG3L2;EIF1AX;XPO7;HNRNPU;ARCN1;IMMT;EIF4H;YWHAQ;PWP1;PSMB2;KHDRBS1;LRPPRC,"[554, 558, 736, 1145, 1525, 2069, 2076, 2299, 2319, 2698, 2743, 3146, 4201, 4667, 4837, 5564, 5883, 5890, 5926, 6533, 6643, 6793, 6913, 7046, 7153, 7194, 7681, 7732, 7762, 7879, 8648, 8781, 8815, 9389, 9436, 9498, 10025, 10154, 10253, 10437, 10675, 10877, 11123, 11464, 12552, 12589, 12732, 12851, 13065, 13847, 13860, 14043, 14203, 14397, 14903, 14995, 15046, 15362, 15424, 15455, 15556, 16491, 16697, 16842, 17002, 17105, 17248, 17309]",c4.cgn__MORF_CUL1
c4.cgn,MORF_IL9,prerank,-0.3257358282339942,-1.1632811001639944,0.1851106639839034,0.3447402198948357,1.0,27_76,27/76,19.97%,TPH1;DCC;SYT11;KCNH1;RASGRF1;FAM13C;NEU3;TRIM9;LRRTM2;RPGRIP1;COX10;KCNA3;CHRNA3;RPGRIP1L;HDAC9;ZNF264;CASQ2;SPAG8;NLGN4Y;WIPF1;FRK;BAAT;NLE1;SCN2A;AVPR1A;PDCL;ANGPTL7,GPR4;TCF15;ATG4B;RFX1;SERPINC1;ART3;TNNI2;MLLT3;RBM17;SLC2A4;IL9;MPHOSPH8;CRP;COG7;LCAT;IL18RAP;KCNJ13;BRDT;MATN4;P2RY6;HIPK2;SEC14L2;GCNT2;DOC2A;HAVCR1;MYBPH;ODF2;SLCO2A1;ZFY;EPHA7;DCAF4;CXCR6;GLRB;TEKT2;NACAD;GPR176;FOXN2;C1orf21;SOX3;AVP;FSTL4;LCT;ATRNL1;ASTN1;SAA4;ZNF239;VPS41;EIF2B1;BMPER;ANGPTL7;PDCL;AVPR1A;SCN2A;NLE1;BAAT;FRK;WIPF1;NLGN4Y;SPAG8;CASQ2;ZNF264;HDAC9;RPGRIP1L;CHRNA3;KCNA3;COX10;RPGRIP1;LRRTM2;TRIM9;NEU3;FAM13C;RASGRF1;KCNH1;SYT11;DCC;TPH1,"[51, 133, 151, 401, 470, 518, 763, 888, 1516, 1904, 2276, 2395, 2639, 2726, 3706, 3895, 4028, 4652, 5802, 6180, 6403, 6673, 6890, 6961, 7015, 7270, 7497, 7514, 8053, 8607, 8642, 8931, 9416, 9689, 10056, 10087, 10390, 10522, 10947, 11326, 11365, 11633, 11692, 11777, 12049, 12302, 12579, 13180, 13653, 14021, 14145, 14324, 14513, 14614, 14724, 14738, 14990, 15262, 15293, 15353, 15565, 15818, 16050, 16155, 16219, 16431, 16453, 16580, 16617, 16777, 16845, 17048, 17117, 17137, 17281, 17362]",c4.cgn__MORF_IL9
c4.cgn,MORF_CD8A,prerank,-0.31131433033095723,-1.1594681900186623,0.18097014925373134,0.34510171219702723,1.0,14_100,14/100,13.69%,SLC4A8;EXOC6B;DBT;ATXN3;STAC;COL19A1;CALN1;CAMK4;COL14A1;GCA;MAP2;ITGA2;COL8A1;ITIH3,NPFF;RREB1;TBX19;ZNF141;ZBTB40;FOSL1;F2RL3;COX6A2;TIE1;GPR171;HNF1A;ABCB1;NTNG2;SGPL1;RXRG;BCL2L11;IL11RA;CXCL5;HTR1E;LGI1;ADAMTSL3;FZD5;OCM;GPR19;TMEM26;NR1I2;SLC22A6;S100A5;ARL3;HSD3B2;PVR;RUNX2;SIM2;ASB4;POU6F1;SUPT3H;PCDHGB7;PDCD1;KLRC4;JRKL;FGF18;PDE4D;NR3C2;KNG1;ABCC8;SLC6A2;PLA2R1;TENM4;ELAVL2;EXOC4;RAD51D;MC5R;CD8A;FAS;GPR18;VSTM4;KDR;CDC73;DMD;MLLT10;PTPRB;ABCB10;ITGBL1;HCRTR2;PHLDB1;MAGEA8;FBXL4;SGCD;R3HCC1L;TANC2;FSHR;GJB5;ERCC4;ADAM20;GLRA3;NRXN1;MYT1;RORB;CADM4;ZNF157;PGM3;EPHB2;CYP2E1;LECT2;SPA17;AQP7;ITIH3;COL8A1;ITGA2;MAP2;GCA;COL14A1;CAMK4;CALN1;COL19A1;STAC;ATXN3;DBT;EXOC6B;SLC4A8,"[214, 806, 898, 1512, 2152, 2188, 2216, 2434, 2491, 2871, 3074, 3190, 3250, 3417, 3602, 3812, 3842, 3891, 4721, 4940, 5401, 5568, 5598, 5702, 5880, 6022, 6062, 6325, 6378, 6446, 6517, 6841, 6968, 7051, 7077, 7327, 7451, 7552, 7921, 7986, 8121, 8278, 8411, 8499, 8504, 8506, 8579, 8681, 8893, 8951, 9164, 9268, 9346, 9493, 9887, 10103, 10163, 10314, 10392, 10494, 10643, 10803, 10842, 11168, 11333, 11359, 11580, 11594, 11711, 11872, 11912, 12241, 12343, 12375, 12459, 12564, 12740, 12864, 13306, 13438, 13525, 14005, 14038, 14156, 14390, 14801, 15121, 15368, 15635, 15965, 16283, 16546, 16852, 17069, 17091, 17127, 17153, 17276, 17293, 17512]",c4.cgn__MORF_CD8A
c4.cgn,MORF_PAX7,prerank,-0.2810814994867456,-1.163319325407297,0.1147227533460803,0.3471984991450428,1.0,53_222,53/222,21.51%,CBLN1;ADCYAP1;PPP1R12B;HTR4;ZNF132;ATXN3;ATP10B;STAC;LPGAT1;COL19A1;MID2;CAMK4;RPH3A;NTPCR;MAGI1;MON2;ZNF500;TRIM24;MSH3;SFRP4;ESR1;DNAJC16;KAZN;EGR1;PAX7;IPO9;STXBP5L;SLC14A2;KRR1;MDM2;GNG4;ENTPD1;WBP4;SCAPER;CLOCK;DEPDC5;NXPE3;AQP7;ATP8A2;ERC1;ATP2B2;STARD5;HABP4;ETV3;LECT2;CYP2E1;EPHB2;AMMECR1;ATP6V0A2;GABRB2;ARFGEF2;GLE1;EDIL3,NPFF;MSX1;KAT8;KANK2;RAC3;RREB1;TBX19;GMPR;NR2F1;MYC;BCL2;RUNX1;BRD4;FLT1;CPZ;SLC18A1;CTRL;CFH;THRA;ZBTB40;CNKSR1;FOSL1;MSL3;TNFRSF25;COX6A2;PLXNA3;ABCA1;NCKIPSD;STK17A;HNF1A;COLQ;MAP2K7;SLC2A1;NTNG2;NRTN;CD3E;LILRA4;RXRG;MPZL1;BCL2L11;AQP5;NPAS2;ZNF592;GRIK5;VKORC1;GCM1;LTBP4;SRPK3;CDH4;HTR1E;PAX6;SLC13A2;TBX5;TBC1D22A;SCN7A;PDE6A;PLEKHB1;ZNF202;POFUT2;MLN;SLC4A3;FZD5;GPR19;NFIC;TMEM26;AMFR;POU6F2;NR1I2;PSD;SLC22A6;NEB;S100A5;KCNA5;ARL3;PVR;ATP8B1;CAMK2G;RUNX2;SIM2;POU6F1;MYO9B;RPS6KB2;SLC16A5;HAAO;SUPT3H;CYP2D6;C1orf216;DPT;PHF10;ROR2;BNIP1;KLRC4;FGF18;ATF2;TRIO;PDE4D;NR3C2;IL4;CCIN;BRCA1;ABCC8;RFC5;RALYL;CEP135;TENM4;SEZ6L;FIG4;TSPYL1;ELAVL2;EXOC4;RB1CC1;ADCY3;RAD51D;MC5R;SIX3;ZNF133;SULT4A1;AKAP3;PAX9;SLC17A7;CACNB1;GPR18;GNPAT;CPB2;PTPRS;TACC2;DAPK2;CD6;TNK1;ENOX2;CDC73;SDC3;SLC30A3;SYT5;MLLT10;SLC46A3;CYP11A1;AFF2;ZNF330;KRT33B;UBE4B;ELL2;ECM2;POLR2K;ITIH4;PPP2R5B;HCRTR2;ZBTB14;HTR1B;PHLDB1;COLGALT2;NOS2;FNTB;ZNF710;ABCB9;GJB5;CRHR1;ERCC4;ADAM20;MYOZ3;MYT1;KRT1;SOAT2;SYNJ2;PAXIP1;KRT86;CADM4;ZNF157;BARX2;EDIL3;GLE1;ARFGEF2;GABRB2;ATP6V0A2;AMMECR1;EPHB2;CYP2E1;LECT2;ETV3;HABP4;STARD5;ATP2B2;ERC1;ATP8A2;AQP7;NXPE3;DEPDC5;CLOCK;SCAPER;WBP4;ENTPD1;GNG4;MDM2;KRR1;SLC14A2;STXBP5L;IPO9;PAX7;EGR1;KAZN;DNAJC16;ESR1;SFRP4;MSH3;TRIM24;ZNF500;MON2;MAGI1;NTPCR;RPH3A;CAMK4;MID2;COL19A1;LPGAT1;STAC;ATP10B;ATXN3;ZNF132;HTR4;PPP1R12B;ADCYAP1;CBLN1,"[214, 231, 256, 432, 747, 806, 898, 906, 1093, 1232, 1238, 1384, 1421, 1534, 1568, 1763, 1888, 2051, 2052, 2152, 2173, 2188, 2401, 2404, 2434, 2610, 2620, 2826, 3031, 3074, 3087, 3121, 3156, 3250, 3421, 3429, 3572, 3602, 3732, 3812, 4046, 4199, 4317, 4406, 4516, 4527, 4551, 4608, 4663, 4721, 4803, 4819, 4864, 4963, 4973, 5036, 5278, 5418, 5465, 5474, 5491, 5568, 5702, 5825, 5880, 5936, 5991, 6022, 6059, 6062, 6283, 6325, 6341, 6378, 6517, 6583, 6774, 6841, 6968, 7077, 7156, 7191, 7299, 7312, 7327, 7348, 7435, 7501, 7676, 7746, 7890, 7921, 8121, 8136, 8219, 8278, 8411, 8442, 8478, 8479, 8504, 8556, 8635, 8646, 8681, 8713, 8855, 8891, 8893, 8951, 8973, 9021, 9164, 9268, 9359, 9364, 9376, 9377, 9570, 9653, 9757, 9887, 9936, 9992, 10043, 10096, 10107, 10125, 10129, 10290, 10314, 10352, 10367, 10414, 10494, 10498, 10566, 10687, 10746, 10788, 10794, 10930, 10963, 10988, 11047, 11118, 11168, 11245, 11252, 11333, 11529, 11576, 11981, 12161, 12189, 12241, 12254, 12343, 12375, 12394, 12740, 12750, 12861, 13003, 13244, 13293, 13306, 13438, 13536, 13751, 13788, 13844, 13883, 13900, 13954, 14005, 14038, 14156, 14186, 14236, 14247, 14287, 14363, 14653, 14801, 14821, 14828, 15146, 15154, 15169, 15171, 15235, 15285, 15386, 15440, 15481, 15618, 15619, 15627, 15694, 15887, 16134, 16403, 16504, 16520, 16545, 16620, 16752, 16764, 16825, 16852, 16856, 17091, 17124, 17127, 17142, 17153, 17185, 17206, 17335, 17339, 17349]",c4.cgn__MORF_PAX7
c4.cgn,GNF2_TDG,prerank,-0.3792466448581973,-1.1569033785396876,0.25092936802973975,0.34798395838368124,1.0,12_34,12/34,19.61%,RBMX;SFPQ;U2SURP;SNRPD3;TDG;NUP153;EXOSC8;CPSF6;HNRNPU;NCL;SRSF2;HNRNPR,PTBP1;ZCCHC8;PAPOLA;XPO1;HNRNPAB;PTGES3;PDS5A;MAGOH;HNRNPM;RPA1;DEK;SRSF1;SUMO2;SRI;DHX15;TARDBP;TRA2B;HNRNPK;SERBP1;SRSF3;CBX3;EIF3A;HNRNPR;SRSF2;NCL;HNRNPU;CPSF6;EXOSC8;NUP153;TDG;SNRPD3;U2SURP;SFPQ;RBMX,"[179, 744, 1076, 1469, 2299, 2761, 3317, 5507, 5926, 6545, 7046, 7195, 7732, 9322, 9589, 10154, 10366, 10590, 10772, 11131, 11297, 12714, 14083, 14385, 14777, 15455, 15659, 15867, 16065, 16308, 16826, 16908, 17028, 17199]",c4.cgn__GNF2_TDG
c4.cgn,GCM_DPF2,prerank,-0.4008528904056221,-1.155508249782839,0.21443298969072164,0.3486270934497341,1.0,8_28,8/28,13.44%,ADCYAP1;GRM4;PRKAG1;COX10;TAF1;ODF1;MPP2;SDHC,BCAT2;DGCR6;FANCC;RING1;DRG2;VPS72;AAMP;DPF2;TMEM106A;HMGA2;TTC1;ZNF8;FUT2;CSTF3;BNIP1;SMARCD1;TIMM17A;SUPT4H1;RFX5;TP53BP1;SDHC;MPP2;ODF1;TAF1;COX10;PRKAG1;GRM4;ADCYAP1,"[375, 834, 1672, 1978, 2257, 2933, 3845, 3954, 5334, 5446, 5820, 6092, 6191, 6385, 7890, 8135, 10170, 10648, 12736, 12764, 15164, 15699, 16073, 16157, 16431, 16705, 16981, 17339]",c4.cgn__GCM_DPF2
c4.cgn,GNF2_SPRR1B,prerank,0.47538528835164773,1.190731784560501,0.22505307855626328,0.3520633833231567,1.0,6_15,6/15,16.39%,S100A7;CSTB;PKP1;RHCG;IL1RN;TGM1,S100A7;CSTB;PKP1;RHCG;IL1RN;TGM1;EVPL;KRT16;CSTA;KRT13;PPL;LY6D;SERPINB13;TGM3;SPINK5,"[235, 1263, 1833, 2073, 2260, 2870, 3645, 5146, 5233, 5682, 7977, 11531, 12116, 14071, 16600]",c4.cgn__GNF2_SPRR1B
c4.cgn,GCM_FCGR2B,prerank,0.38746552637314563,1.1873950153044728,0.20121951219512196,0.3549486192943696,1.0,14_33,14/33,21.95%,EBI3;BCAT2;FCGR2B;AANAT;DGCR6;MAPK3;FANCC;SLC2A4;DRG2;VPS72;RABGGTA;GCGR;RENBP;AAMP,EBI3;BCAT2;FCGR2B;AANAT;DGCR6;MAPK3;FANCC;SLC2A4;DRG2;VPS72;RABGGTA;GCGR;RENBP;AAMP;HMGA2;PNMT;ZNF8;TLK2;IDUA;FEV;SIRPB1;PDE6B;SUPT4H1;MADD;PTPN5;AVPR1B;BECN1;SCNN1G;AQP7;MPP2;PRKAG1;GSTZ1;GRM4,"[243, 375, 716, 807, 834, 1114, 1672, 1904, 2257, 2933, 3535, 3575, 3841, 3845, 5446, 6030, 6092, 7583, 8588, 8998, 9515, 10548, 10648, 10705, 10768, 13239, 14024, 14066, 14801, 15699, 16705, 16791, 16981]",c4.cgn__GCM_FCGR2B
c4.cgn,GCM_PRKAG1,prerank,0.37305483506614806,1.1813854475811587,0.19916142557651992,0.35548177705215317,1.0,13_44,13/44,12.95%,EBI3;BCAT2;FCGR2B;AANAT;DGCR6;PLK1;WAS;MAPK3;AIP;FANCC;RING1;DRG2;HDAC1,EBI3;BCAT2;FCGR2B;AANAT;DGCR6;PLK1;WAS;MAPK3;AIP;FANCC;RING1;DRG2;HDAC1;VPS72;DHPS;RENBP;DPF2;TMEM106A;HMGA2;CCR9;ZNF76;PNMT;ZNF8;FUT2;TRIP13;TLK2;SMARCD1;FEV;PRKCG;TIMM17A;PDE6B;MADD;ABCC1;LYST;ZNF134;TAF11;MPP2;ODF1;TAF1;CENPI;TTF1;PRKAG1;GSTZ1;GRM4,"[243, 375, 716, 807, 834, 869, 1067, 1114, 1644, 1672, 1978, 2257, 2268, 2933, 3623, 3841, 3954, 5334, 5446, 5772, 5979, 6030, 6092, 6191, 6199, 7583, 8135, 8998, 9622, 10170, 10548, 10705, 12718, 13016, 15124, 15147, 15699, 16073, 16157, 16366, 16422, 16705, 16791, 16981]",c4.cgn__GCM_PRKAG1
c4.cgn,GNF2_RAD23A,prerank,0.3526754266430291,1.1820910344916014,0.19915254237288135,0.35816062913765145,1.0,11_61,11/61,7.90%,SMOX;TAL1;PNP;CLIC2;MAP2K3;RBM38;NFE2;BSG;UBAC1;SELENBP1;GYPC,SMOX;TAL1;PNP;CLIC2;MAP2K3;RBM38;NFE2;BSG;UBAC1;SELENBP1;GYPC;TMCC2;GYPA;CA2;SLC12A3;BLVRB;RPIA;MARK3;ERMAP;UROD;TFDP1;RAD23A;UBE2O;GLRX5;RHD;TOP1;MPP1;FOXO3;GYPE;NUDT4;RANBP10;HMBS;HBQ1;EPB42;RNF123;TFDP2;SNCA;DCAF11;PPOX;TRAK2;EIF1AY;XK;SLC22A4;ACSL6;TSPAN5;GYPB;ISCA1;ANK1;SLC4A1;XPO7;EIF2AK1;TSPO2;BNIP3L;CDC27;FBXO9;FBXO7;ALAS2;OSBP2;RHCE;SPTB;FECH,"[80, 105, 271, 289, 292, 622, 688, 1058, 1207, 1289, 1383, 2134, 2930, 4119, 4461, 4651, 4744, 4793, 4897, 4913, 5705, 5797, 6047, 6212, 6822, 6951, 7461, 8003, 8560, 8678, 8892, 9001, 9132, 9240, 9251, 10817, 10959, 11128, 11154, 12578, 12668, 12678, 13349, 13889, 14191, 14372, 14639, 14850, 15393, 15424, 15783, 15978, 16159, 16259, 16334, 16479, 16487, 16629, 16802, 16935, 16983]",c4.cgn__GNF2_RAD23A
c4.cgn,MORF_IKBKG,prerank,0.310966946149329,1.1825272813793024,0.1320754716981132,0.361296856151429,1.0,45_122,45/122,25.80%,MGAT1;GPR35;PCGF1;IFT140;HMG20B;PML;RASSF7;RABAC1;HSF4;MMP25;PTPN9;BAHD1;TCOF1;PPP1R10;B4GALT3;CNOT4;MTX1;DRG2;WWOX;SLC6A9;NELFB;COPS6;ORC1;ILVBL;PRKCSH;KHNYN;ADAMTSL2;EML3;CSNK1D;PLIN3;RABGGTA;SLC12A4;ALDH4A1;ARAF;SH2B1;SETD1B;PSD4;DHRS1;ZNF592;ST14;CNPPD1;FANCG;GSK3A;CAMK2B;PAX8,MGAT1;GPR35;PCGF1;IFT140;HMG20B;PML;RASSF7;RABAC1;HSF4;MMP25;PTPN9;BAHD1;TCOF1;PPP1R10;B4GALT3;CNOT4;MTX1;DRG2;WWOX;SLC6A9;NELFB;COPS6;ORC1;ILVBL;PRKCSH;KHNYN;ADAMTSL2;EML3;CSNK1D;PLIN3;RABGGTA;SLC12A4;ALDH4A1;ARAF;SH2B1;SETD1B;PSD4;DHRS1;ZNF592;ST14;CNPPD1;FANCG;GSK3A;CAMK2B;PAX8;NUDT3;CRCP;AP2A2;CIB1;MOK;NFRKB;ARPC4;MCRS1;ARHGEF1;CASP2;PITPNM1;GTF2F1;TRA2A;CRYBA4;USP19;GRK6;WDR62;FDXR;PAIP2B;OTUB1;RPS6KB2;TUBGCP2;MR1;DDX11;IKBKG;IGHMBP2;SLC9A1;ADAM15;PCBP3;ZFPL1;PRPH;SCAMP5;USP11;ANKRD12;RXRB;VAMP3;TUB;HNRNPL;SLC5A2;RPA2;TPMT;PMF1;PKMYT1;AP3B1;KDM3B;CRHR2;MVK;GRB2;GHITM;LDB1;CNTN1;DIP2C;LSM12;MCM3AP;POLR2A;RPRD2;FKBP15;SFSWAP;PFDN1;CDC25C;M6PR;DDB1;RBM8A;NDST1;CAMSAP1;DCAF7;CNP;SIK3;PARN;MPP2;PIGB;TSPO2;IGSF9B;DYRK2;HMGXB3;ZKSCAN3;CSNK2A1,"[100, 156, 556, 797, 959, 985, 1015, 1038, 1161, 1399, 1441, 1484, 1541, 1812, 2151, 2186, 2215, 2257, 2505, 2569, 2632, 2781, 2860, 3181, 3248, 3268, 3270, 3448, 3453, 3518, 3535, 3688, 3735, 3967, 4052, 4088, 4136, 4255, 4317, 4332, 4405, 4445, 4452, 4493, 4519, 4736, 4745, 5162, 5183, 5429, 5498, 5513, 5728, 5981, 6081, 6113, 6163, 6279, 6311, 6412, 6438, 6630, 6876, 7028, 7059, 7191, 7298, 7537, 7565, 7584, 7849, 7867, 8085, 8091, 8429, 8531, 8657, 8663, 9484, 9818, 9874, 9877, 9987, 10044, 10282, 10477, 10562, 10922, 10936, 11224, 11260, 11336, 11405, 11417, 11461, 11555, 11915, 12349, 12415, 12851, 12944, 13060, 13427, 13431, 13437, 13779, 14043, 14188, 14395, 14491, 14512, 14636, 15426, 15639, 15699, 15927, 15978, 16156, 16186, 16189, 16462, 16833]",c4.cgn__MORF_IKBKG
c4.cgn,MORF_RAD23B,prerank,-0.2864235924289467,-1.1391542642793662,0.18850987432675045,0.3702954697532307,1.0,31_164,31/164,18.26%,NDUFS1;COA1;KHDRBS1;PSMB2;PSMA3;MAPK6;MBD4;PRKAR1A;PPP6C;UBE4A;PSMC2;PDCD6;KIF2A;COPB2;RAB5A;ARCN1;DYNC1I2;MTDH;ATP2A2;TMED2;DLD;SDHC;PRPSAP1;SSBP1;SPTLC1;FAM20B;PGRMC1;FAM120A;BZW1;BAG5;XPC,SLC25A1;UNG;BCAP31;G3BP1;AP2S1;TRAPPC3;HSPA4;BANF1;CRK;HNRNPAB;TMEM147;RPL36AL;CLN3;COG4;MTA1;RAB9A;RPP38;VPS72;TMEM106C;CSNK2B;SHMT1;SF3B2;SOD1;CFDP1;STOML2;EIF2B4;RUSC1;PSMB6;LSS;POP5;UBA1;TMBIM6;PRMT1;PDAP1;EIF2B2;COX4I1;PSMB5;CYC1;PSMB4;COX5A;PSMD9;DAP;SNRPG;RPA1;SEC13;NEDD8;PPP2R1A;RAD21;TMEM97;PSMC3;MAML1;PPP1CA;POLR2I;VCP;SUMO1;MORF4L2;ATP6V1H;BUD31;SET;VTI1B;NDUFAB1;ATOX1;SPCS2;DNPEP;PSMC1;ETFA;EIF5;PSMA2;PSMD8;SART3;GGCT;URI1;PPP1R7;MAD2L1BP;PSMD7;DCTN2;PSMC4;COPS5;HAT1;PRDX3;SRP9;HSBP1;URM1;UBR5;RNF6;ALG8;RAD23B;GSPT1;EBAG9;PARG;CNBP;RER1;ZZZ3;COIL;EIF4E2;SP3;UBAP2L;FBXW11;SMG7;ADAR;RAB1A;PEX11B;LYPLA1;DPM1;SEC61G;RAC1;PSMC6;ARF3;LSM3;PPP2R2A;NSDHL;C6orf62;CYCS;HARS2;SYPL1;SEPHS2;HSPA9;RFK;MDH1;ENSA;SKP1;SRP19;CANX;GMFB;YWHAE;TPGS2;KPNA2;TBCA;DDX1;UTP18;USP10;YWHAB;SDHA;XPC;BAG5;BZW1;FAM120A;PGRMC1;FAM20B;SPTLC1;SSBP1;PRPSAP1;SDHC;DLD;TMED2;ATP2A2;MTDH;DYNC1I2;ARCN1;RAB5A;COPB2;KIF2A;PDCD6;PSMC2;UBE4A;PPP6C;PRKAR1A;MBD4;MAPK6;PSMA3;PSMB2;KHDRBS1;COA1;NDUFS1,"[768, 940, 1256, 1438, 1749, 2069, 2101, 2209, 2270, 2299, 2360, 2623, 2645, 2745, 2852, 2858, 2901, 2933, 2950, 2962, 3082, 3165, 3398, 3420, 3648, 3656, 3884, 4299, 4326, 4706, 4716, 4731, 4768, 4796, 4808, 4836, 5338, 5661, 6246, 6389, 6409, 6456, 6491, 6545, 6603, 6619, 6695, 6793, 6818, 6885, 6909, 7117, 7194, 7245, 7337, 7391, 7439, 7503, 7850, 7882, 8115, 8143, 8291, 8312, 8434, 8467, 8533, 8576, 8583, 8648, 8653, 8694, 8862, 8864, 9152, 9173, 9276, 9312, 9331, 9353, 9423, 9489, 9506, 9528, 9586, 9623, 9640, 9773, 9785, 10074, 10132, 10239, 10253, 10256, 10288, 10351, 10463, 10709, 10715, 10871, 10946, 11074, 11250, 11388, 11422, 11471, 11615, 11621, 11643, 11670, 11828, 11871, 11932, 11994, 12089, 12151, 12206, 12361, 12589, 12665, 12689, 12777, 12788, 12898, 12907, 13076, 13366, 13459, 13598, 13717, 13738, 13801, 13860, 14321, 14353, 14397, 14417, 14655, 14668, 14836, 14903, 14912, 15164, 15272, 15290, 15339, 15416, 15533, 15556, 15603, 15778, 15905, 16075, 16078, 16474, 16622, 16685, 16724, 16768, 16801, 17105, 17248, 17347, 17390]",c4.cgn__MORF_RAD23B
c4.cgn,CAR_MLANA,prerank,-0.3767961408120247,-1.142594031128211,0.22448979591836735,0.3710238768920208,1.0,4_34,4/34,7.78%,SLC4A8;ADCYAP1;ZKSCAN3;IGSF9B,RREB1;CEACAM4;CD40;FOSL1;TNFRSF25;NCKIPSD;SLC12A4;PAX6;EFNA3;POU6F2;ATP1B2;POU4F1;ST3GAL2;IGHMBP2;PCBP3;NPPA;WNT10B;PRPH;VAMP1;SULT4A1;SIRPB1;MLANA;SLC30A3;CYP11A1;SEMA4D;PRSS16;KRT86;TRIM58;ZNF157;PFKFB2;IGSF9B;ZKSCAN3;ADCYAP1;SLC4A8,"[806, 1720, 1795, 2188, 2404, 2826, 3688, 4803, 5941, 5991, 6196, 6361, 6550, 7849, 8091, 8110, 8235, 8531, 8979, 9376, 9515, 9704, 10367, 10566, 11152, 13129, 13293, 13322, 13438, 14254, 16156, 16462, 17339, 17512]",c4.cgn__CAR_MLANA
c4.cgn,GCM_MAX,prerank,-0.3789221962985819,-1.1394763583904746,0.27906976744186046,0.37230422835907434,1.0,13_30,13/30,25.51%,TCERG1;RBM25;MYCBP2;MTPN;CLK4;CRBN;FAM76B;HNRNPR;MEMO1;COPS2;CSDE1;LEMD3;RNF138,CCDC117;MAX;BANF1;ABT1;SMAD2;STAG2;CCAR1;LARP7;LSM14A;NOL11;PCF11;USPL1;TARDBP;PRPF40A;DCUN1D1;EAPP;SMG1;RNF138;LEMD3;CSDE1;COPS2;MEMO1;HNRNPR;FAM76B;CRBN;CLK4;MTPN;MYCBP2;RBM25;TCERG1,"[118, 484, 2209, 3859, 6205, 6717, 6940, 7346, 7611, 7621, 7649, 8077, 10154, 10388, 10634, 11358, 12317, 13051, 13265, 13382, 13755, 13768, 14083, 14799, 15112, 15591, 16188, 16702, 17217, 17332]",c4.cgn__GCM_MAX
c4.cgn,MORF_PHB,prerank,0.30811201272499866,1.166029716035413,0.16494845360824742,0.372327381218322,1.0,36_116,36/116,21.33%,MGAT1;DAXX;PCGF1;PABPN1;STK19;TFAP4;HMG20B;ELK1;KAT2A;MPST;BAHD1;NUP62;TCOF1;SRRT;PCGF2;SDR39U1;B4GALT3;MTX1;DRG2;SCARB1;NELFB;IFRD2;COPS6;CCT4;AATF;ILVBL;PRKCSH;MLEC;EML3;CSNK1D;PLIN3;WDR18;RABGGTA;SLC12A4;EBP;ALDH4A1,MGAT1;DAXX;PCGF1;PABPN1;STK19;TFAP4;HMG20B;ELK1;KAT2A;MPST;BAHD1;NUP62;TCOF1;SRRT;PCGF2;SDR39U1;B4GALT3;MTX1;DRG2;SCARB1;NELFB;IFRD2;COPS6;CCT4;AATF;ILVBL;PRKCSH;MLEC;EML3;CSNK1D;PLIN3;WDR18;RABGGTA;SLC12A4;EBP;ALDH4A1;SH2B1;PSD4;MRPL28;PSMB6;CNPPD1;FANCG;PAX8;NAP1L4;CPSF4;TOMM34;NUDT3;NUP188;PSMD3;ERAL1;CIB1;NFRKB;MCRS1;CSTF3;GRK6;WDR62;GPAA1;FDXR;OTUB1;TUBGCP2;SLC25A11;CAD;CHD3;DDX11;IKBKG;MEA1;PRPF8;EIF6;ESYT1;ADAM15;PCBP3;DNAJC7;PSMD2;TEX261;CS;HNRNPL;TIMM17A;RPA2;DRG1;ILF2;SPRN;BMS1;PKMYT1;BRD3;PPP1R11;DNAJC8;USP5;LSM12;NFYB;METAP1;TP53BP1;POLR2A;RPRD2;MFN2;TERF2IP;SFSWAP;PFDN1;CDC25C;AGPAT1;BPHL;XPO6;ARIH2;DDB1;RBBP8;NDST1;CNP;IDH3A;AFG3L2;PARN;TPR;IGSF9B;DYRK2;GNL2;PRKAG1;DDX18;PWP1,"[100, 554, 556, 844, 920, 951, 959, 973, 986, 1450, 1484, 1525, 1541, 1571, 1786, 2011, 2151, 2215, 2257, 2430, 2632, 2668, 2781, 3049, 3146, 3181, 3248, 3328, 3448, 3453, 3518, 3522, 3535, 3688, 3700, 3735, 4052, 4136, 4262, 4299, 4405, 4445, 4519, 4529, 4602, 4660, 4736, 4837, 4956, 5023, 5183, 5498, 5728, 6385, 6438, 6630, 6643, 6876, 7059, 7298, 7418, 7457, 7478, 7565, 7584, 7695, 7992, 8000, 8043, 8085, 8091, 8324, 8522, 9412, 9436, 9987, 10170, 10282, 10437, 10675, 10741, 10848, 10922, 10940, 10997, 11464, 12048, 12349, 12358, 12552, 12764, 12851, 12944, 13019, 13023, 13427, 13431, 13437, 13440, 13842, 13847, 13897, 14043, 14125, 14395, 14636, 14975, 15046, 15639, 15832, 16156, 16186, 16231, 16705, 16843, 17002]",c4.cgn__MORF_PHB
c4.cgn,MORF_CDK2,prerank,-0.32789180260715384,-1.143099281486064,0.22803738317757008,0.3726300920024731,1.0,13_70,13/70,11.96%,LRPPRC;KHDRBS1;PWP1;YWHAQ;SRRM1;PRKDC;NAE1;DYRK2;XRCC5;CLTC;DOCK3;HNRNPU;XPO7,PABPN1;SNRPA;NUP62;TCOF1;CDK2;RUVBL2;HNRNPAB;SSRP1;SCARB1;CTDNEP1;STARD7;COPS6;SLC4A2;CCT4;AATF;EBP;EIF3I;NUP188;ATXN2L;KXD1;NONO;GPAA1;NUDT1;DEK;BUB3;HNRNPA2B1;PSMB7;CAD;SUMO2;PRPF8;ESYT1;PSMD2;SSB;GTF2A2;POLR2C;TEX261;CS;HDAC2;TCEA1;ARL6IP1;RPA2;ILF2;ETF1;U2AF1;PKMYT1;SNRNP200;DNAJC8;ZNF131;GNB1;POLR2A;PCMT1;FUS;XPO6;DDB1;HNRNPD;MCM2;AFG3L2;XPO7;HNRNPU;DOCK3;CLTC;XRCC5;DYRK2;NAE1;PRKDC;SRRM1;YWHAQ;PWP1;KHDRBS1;LRPPRC,"[844, 1030, 1525, 1541, 1573, 1716, 2299, 2303, 2430, 2698, 2743, 2781, 2964, 3049, 3146, 3700, 4270, 4837, 5018, 5883, 5890, 6643, 6948, 7046, 7131, 7153, 7404, 7457, 7732, 7992, 8043, 8522, 8781, 9282, 9284, 9412, 9436, 9498, 9794, 10036, 10282, 10675, 10790, 10811, 10922, 11123, 11464, 11544, 12079, 12851, 12872, 13643, 13847, 14043, 14319, 14346, 15046, 15424, 15455, 15555, 15879, 16129, 16186, 16265, 16539, 16723, 16842, 17002, 17248, 17309]",c4.cgn__MORF_CDK2
c4.cgn,GNF2_MMP11,prerank,0.4079650518113455,1.171394474332132,0.2170212765957447,0.3729747856350169,1.0,7_26,7/26,15.14%,MAFF;EBI3;PAGE4;GDF15;HSD17B1;IGFBP1;S100A10,MAFF;EBI3;PAGE4;GDF15;HSD17B1;IGFBP1;S100A10;MAN1C1;GCM1;HSD3B1;MMP11;ADAM12;KISS1;CRIM1;TIMP2;PAPPA;PSG3;EGFL6;PSG9;TFAP2A;CYP19A1;RHOBTB1;SVEP1;CRH;PAPPA2;PSG5,"[26, 243, 702, 1105, 1515, 2133, 2652, 4456, 4527, 5378, 5605, 8461, 9673, 10072, 10271, 10492, 10677, 11003, 12256, 12910, 13478, 14107, 15874, 16441, 16586, 16720]",c4.cgn__GNF2_MMP11
c4.cgn,GNF2_PCNA,prerank,-0.33301522619913737,-1.1404345579851765,0.22686025408348456,0.37300863430612186,1.0,11_63,11/63,8.67%,MSH2;PLK4;VRK1;TYMS;CDC20;SHCBP1;POLE2;MCM4;RRM1;SMC2;RAD51AP1,CKS2;CCNA2;RAD54L;FOXM1;MYBL2;DNAJC9;GMNN;HNRNPAB;ESPL1;RFC4;MCM7;KIF18B;MELK;KIF15;TTK;BIRC5;RRM2;TOP2A;SLBP;MKI67;NUSAP1;CDCA8;PCNA;HMGB2;MCM3;ASPM;NDC80;TMPO;CDK1;MCM5;FANCI;TPX2;BUB1B;RACGAP1;GINS1;DTL;CCNB2;AURKA;HMMR;ZWINT;MCM6;CENPF;PAXIP1;KIF11;CENPE;PRC1;PA2G4;MCM2;GINS2;PRIM1;FEN1;SMC4;RAD51AP1;SMC2;RRM1;MCM4;POLE2;SHCBP1;CDC20;TYMS;VRK1;PLK4;MSH2,"[176, 799, 1094, 1135, 1213, 1682, 2281, 2299, 2630, 2646, 2994, 3110, 4009, 4218, 4301, 4324, 4435, 5039, 5569, 5891, 6066, 6204, 6282, 6576, 7142, 7490, 8153, 8174, 8376, 8417, 8465, 8870, 9585, 9612, 9881, 9948, 9950, 10139, 11716, 11796, 12498, 12520, 13244, 13279, 13509, 13566, 13880, 14346, 14645, 14730, 14856, 15156, 16001, 16090, 16148, 16190, 16418, 16512, 16543, 16776, 16846, 17310, 17502]",c4.cgn__GNF2_PCNA
c4.cgn,GNF2_CDH11,prerank,0.4098384906956442,1.1664213933782872,0.24835164835164836,0.37570763324404965,1.0,2_25,2/25,3.25%,SERPINH1;GFPT2,SERPINH1;GFPT2;COL6A1;COL6A2;COL1A2;FSTL1;SERPINE1;LOXL2;LOXL1;COL5A1;SRPX;COL1A1;FKBP9;CDH11;LAMC1;PXDN;RAI14;FN1;COL5A2;THBS2;COL3A1;PTX3;CALU;LAMB1;FBN1,"[8, 568, 2219, 3098, 3978, 3983, 4011, 4066, 4163, 4715, 4900, 5109, 6849, 7390, 7640, 8227, 9402, 10662, 10693, 11701, 12899, 13208, 15250, 15592, 17116]",c4.cgn__GNF2_CDH11
c4.cgn,GNF2_KISS1,prerank,0.39093413948974354,1.1602146193783118,0.24197002141327623,0.37691800145171434,1.0,8_31,8/31,15.14%,MAFF;EBI3;PAGE4;GDF15;HSD17B1;IGFBP1;EGFR;S100A10,MAFF;EBI3;PAGE4;GDF15;HSD17B1;IGFBP1;EGFR;S100A10;SLC16A4;MAN1C1;GCM1;HSD3B1;MMP11;CDKN1C;ADAM12;KISS1;CRIM1;TIMP2;PAPPA;TAC3;PSG3;EGFL6;PSG9;TFAP2A;CYP19A1;FBN2;RHOBTB1;SVEP1;CRH;PAPPA2;PSG5,"[26, 243, 702, 1105, 1515, 2133, 2347, 2652, 3576, 4456, 4527, 5378, 5605, 8377, 8461, 9673, 10072, 10271, 10492, 10676, 10677, 11003, 12256, 12910, 13478, 13922, 14107, 15874, 16441, 16586, 16720]",c4.cgn__GNF2_KISS1
c4.cgn,MORF_DDX11,prerank,0.2987189774510066,1.1674302364357654,0.13319672131147542,0.37766190055197757,1.0,53_140,53/140,25.80%,MGAT1;GPR35;MSX1;KAT8;HSPB2;DOK1;PCGF1;IFT140;CARD10;HMG20B;PML;HSF4;BCL2;IRF2BP1;PTPN9;BAHD1;RASSF1;TCOF1;TBCD;SLC30A1;GCAT;B4GALT3;MTX1;TNFRSF25;CIZ1;WWOX;SLC6A9;GALNT2;NELFB;NCKIPSD;SLC2A1;PRKCSH;KIFC3;KHNYN;ADAMTSL2;EML3;PLIN3;RABGGTA;SLC12A4;CALCOCO1;KLHL18;AQP5;SH2B1;SETD1B;LSM1;IRF2;ZNF592;TCF7;GRIK5;FANCG;HAUS5;CAMK2B;PAX8,MGAT1;GPR35;MSX1;KAT8;HSPB2;DOK1;PCGF1;IFT140;CARD10;HMG20B;PML;HSF4;BCL2;IRF2BP1;PTPN9;BAHD1;RASSF1;TCOF1;TBCD;SLC30A1;GCAT;B4GALT3;MTX1;TNFRSF25;CIZ1;WWOX;SLC6A9;GALNT2;NELFB;NCKIPSD;SLC2A1;PRKCSH;KIFC3;KHNYN;ADAMTSL2;EML3;PLIN3;RABGGTA;SLC12A4;CALCOCO1;KLHL18;AQP5;SH2B1;SETD1B;LSM1;IRF2;ZNF592;TCF7;GRIK5;FANCG;HAUS5;CAMK2B;PAX8;CPSF4;NUDT3;CRCP;LTK;MOK;NFRKB;MCRS1;EIF5B;AMFR;CASP2;PITPNM1;TRA2A;CRYBA4;SSTR5;CSTF3;USP19;WDR62;FDXR;MYO9B;IMPA1;RPS6KB2;SLC25A11;CHD3;DPT;MR1;DDX11;IKBKG;BTD;IGHMBP2;ADAM15;PCBP3;RANBP2;WNT10B;PRPH;CLP1;HTR7;ANKRD12;HNRNPL;SLC5A2;RPA2;CDK5R1;SLC30A3;CDK13;PMF1;ALDOC;GRK4;PKMYT1;AP3B1;CRHR2;CNTN2;GHITM;EXTL3;TTI1;LSM12;NFYB;ECE2;PPIL2;FKBP15;TLN2;PRSS16;SFSWAP;PFDN1;AGPAT1;BPHL;DDB1;RBBP8;RBM8A;SPEF1;NDST1;CNP;F7;SIK3;MPP2;CD8B;TPR;PIGB;TSPO2;CLPX;IGSF9B;HMGXB3;ZKSCAN3;ZNF500;CSNK2A1;SPTB;GTF2H3;SLC24A1;HTR4,"[100, 156, 231, 256, 298, 477, 556, 797, 861, 959, 985, 1161, 1238, 1310, 1441, 1484, 1540, 1541, 1694, 1726, 1809, 2151, 2215, 2404, 2460, 2505, 2569, 2570, 2632, 2826, 3156, 3248, 3261, 3268, 3270, 3448, 3518, 3535, 3688, 3715, 3930, 4046, 4052, 4088, 4143, 4161, 4317, 4349, 4406, 4445, 4474, 4493, 4519, 4602, 4736, 4745, 4932, 5429, 5498, 5728, 5863, 5936, 6081, 6113, 6279, 6311, 6368, 6385, 6412, 6630, 6876, 7156, 7169, 7191, 7418, 7478, 7501, 7537, 7565, 7584, 7627, 7849, 8085, 8091, 8103, 8235, 8531, 8937, 9170, 9484, 9987, 10044, 10282, 10324, 10367, 10426, 10562, 10567, 10900, 10922, 10936, 11260, 11306, 11417, 11588, 12297, 12349, 12358, 12432, 12660, 13060, 13068, 13129, 13427, 13431, 13440, 13842, 14043, 14125, 14188, 14331, 14395, 14636, 14816, 15426, 15699, 15708, 15832, 15927, 15978, 16063, 16156, 16189, 16462, 16545, 16833, 16935, 17089, 17125, 17206]",c4.cgn__MORF_DDX11
c4.cgn,MORF_PCNA,prerank,-0.31664016005744783,-1.1314700407072977,0.21575984990619138,0.3791191505836011,1.0,8_76,8/76,4.69%,MSH2;KHDRBS1;RBMX;PSMB2;SNRPA1;HMGN1;YWHAQ;EIF4H,HSPD1;UNG;CHERP;HSPE1;G3BP1;XPO1;TRIM28;PPM1G;SRSF9;UBE2L3;BANF1;HNRNPAB;FBL;CSNK2B;MCM7;PARK7;SOD1;TUFM;CTCF;AURKB;PRMT1;ANP32B;NONO;HNRNPM;CCT2;PCNA;SNRPG;RAD21;DEK;BUB3;HNRNPA2B1;NDUFS3;POLR2I;SRSF1;SUMO1;PSMB7;SYNCRIP;SET;ERH;PSMD8;RAN;COPS5;HAT1;SRP9;C1QBP;PARP1;MSH6;SNRPE;EEF1E1;U2AF1;USP1;HPRT1;SNRNP200;SRSF3;SMC1A;CBX3;XRCC6;UBA2;CYCS;HSPA9;POLE3;SLC25A3;FUS;MCM2;NCL;FEN1;SSBP1;MTHFD1;EIF4H;YWHAQ;HMGN1;SNRPA1;PSMB2;RBMX;KHDRBS1;MSH2,"[682, 940, 1100, 1194, 1438, 1469, 1635, 1775, 1920, 2076, 2209, 2299, 2514, 2962, 2994, 3030, 3398, 3698, 4074, 4224, 4768, 4820, 5890, 5926, 6142, 6282, 6491, 6793, 7046, 7131, 7153, 7168, 7194, 7195, 7337, 7404, 7728, 7850, 8550, 8583, 8903, 9312, 9331, 9423, 9551, 9697, 10063, 10370, 10644, 10811, 10872, 11035, 11123, 11131, 11281, 11297, 11348, 11381, 11932, 12206, 12411, 13514, 13643, 14346, 14777, 14856, 14903, 15626, 16697, 16842, 16952, 16976, 17105, 17199, 17248, 17502]",c4.cgn__MORF_PCNA
c4.cgn,MORF_G22P1,prerank,0.2949575860032098,1.1608500393750834,0.14473684210526316,0.3796557888326694,1.0,40_161,40/161,19.12%,PTBP1;HDGF;IMPDH1;HSPD1;HSP90AA1;JTB;MRPL23;SNRPA;CCT3;ATP1B3;CTBP1;EIF3G;TRIM28;RBM14;PPM1G;UBE2I;CDC37;LSM7;SRSF9;CLIC1;HSP90AB1;UBE2L3;TCP1;HDAC1;DYNLL1;FBL;RPL14;RPL24;CTDNEP1;COX7C;STARD7;NDUFV2;MAEA;CSNK2B;MCM7;PARK7;YBX1;WDR1;PSMB1;NACA,PTBP1;HDGF;IMPDH1;HSPD1;HSP90AA1;JTB;MRPL23;SNRPA;CCT3;ATP1B3;CTBP1;EIF3G;TRIM28;RBM14;PPM1G;UBE2I;CDC37;LSM7;SRSF9;CLIC1;HSP90AB1;UBE2L3;TCP1;HDAC1;DYNLL1;FBL;RPL14;RPL24;CTDNEP1;COX7C;STARD7;NDUFV2;MAEA;CSNK2B;MCM7;PARK7;YBX1;WDR1;PSMB1;NACA;TUFM;DDX49;SNRPB;EIF3I;UQCRH;SNRPD2;AP3D1;FAU;PRMT1;COX5B;ANP32B;COX4I1;SRP14;CCT7;MYL6B;SNX3;RNPS1;LSM2;PDIA6;BTF3;NSA2;RAD23A;TTC1;KXD1;NONO;AP2M1;HNRNPM;NDUFS5;CCT2;PCNA;HNRNPUL1;COX6B1;PSMB3;BAG6;CHD4;CDV3;NUDT1;NAP1L1;SUMO3;EIF4A1;DEK;IDH3B;BUB3;NDUFS3;POLR2I;TXNL4A;PSMB7;UQCRB;NDUFV1;SUMO2;PSMA4;SET;AP1B1;UQCRFS1;USP22;NDUFAB1;SF3A1;ERH;PSMD8;PUF60;RAN;VDAC2;GPN1;SRP9;SAMM50;COMMD4;DHX15;PGK1;STRAP;TARDBP;PHB2;TRA2B;SNRPE;DRG1;SNRPB2;ILF2;U2AF1;EIF3K;HNRNPC;NDUFS4;SNRNP200;SRSF3;EIF3D;HADHA;ZNF207;SMC1A;CBX3;XRCC6;EIF3H;UBA2;EIF3M;CLNS1A;EID1;EIF4G2;MDH1;FAM168B;PCMT1;EIF3C;GANAB;SDHB;SLC25A3;CDC123;FUS;DHX9;HNRNPD;SRSF2;NCL;GDI2;ANAPC5;ACLY;HNRNPA1;ATXN10;NPM1;TOMM20;ACP1;XRCC5;EIF4H;YWHAQ;HMGN1;RBMX;KHDRBS1,"[179, 318, 434, 682, 876, 880, 987, 1030, 1222, 1382, 1410, 1588, 1635, 1738, 1775, 1857, 1874, 1878, 1920, 1955, 1985, 2076, 2233, 2268, 2497, 2514, 2534, 2693, 2698, 2712, 2743, 2803, 2909, 2962, 2994, 3030, 3086, 3199, 3303, 3349, 3698, 3787, 4167, 4270, 4384, 4575, 4667, 4734, 4768, 4769, 4820, 4836, 4885, 5096, 5116, 5248, 5271, 5400, 5581, 5589, 5676, 5797, 5820, 5883, 5890, 5915, 5926, 6012, 6142, 6282, 6288, 6303, 6562, 6613, 6811, 6817, 6948, 7021, 7026, 7033, 7046, 7055, 7131, 7168, 7194, 7397, 7404, 7480, 7591, 7732, 7762, 7850, 7884, 7978, 8090, 8115, 8267, 8550, 8583, 8815, 8903, 8987, 9389, 9423, 9464, 9556, 9589, 9922, 9939, 10154, 10159, 10366, 10370, 10437, 10569, 10675, 10811, 10852, 11073, 11106, 11123, 11131, 11188, 11235, 11275, 11281, 11297, 11348, 11375, 11381, 11654, 12106, 12435, 12560, 12589, 12738, 12872, 13078, 13207, 13413, 13514, 13599, 13643, 14245, 14319, 14385, 14777, 15227, 15267, 15559, 15588, 15760, 15766, 15815, 15957, 16129, 16697, 16842, 16952, 17199, 17248]",c4.cgn__MORF_G22P1
c4.cgn,GCM_BCL2L1,prerank,-0.37697021782585277,-1.1321442358169358,0.258364312267658,0.3800667807234351,1.0,10_33,10/33,22.86%,BOD1L1;NUCKS1;ZNF529;TAF9B;RTN4;TRIM33;ISCA1;CHTOP;PRKRA;PAFAH1B2,MEPCE;BCL2L1;ASB3;BRPF3;NF2;CSRNP2;PHF2;RNF41;BAZ2A;DFFA;FOXO3;AAAS;RAN;TNPO2;UBE2E3;CS;GSPT1;WNK1;COMMD9;KDM3B;RABGEF1;PRRC2B;GTPBP1;PAFAH1B2;PRKRA;CHTOP;ISCA1;TRIM33;RTN4;TAF9B;ZNF529;NUCKS1;BOD1L1,"[528, 1087, 2461, 2902, 3658, 4957, 5659, 7198, 7234, 7631, 8003, 8169, 8903, 9233, 9381, 9436, 9773, 10728, 10931, 11224, 12006, 12128, 12160, 13515, 13697, 14266, 14639, 14904, 14995, 16286, 17072, 17195, 17376]",c4.cgn__GCM_BCL2L1
c4.cgn,GNF2_TAL1,prerank,-0.33034648058287003,-1.1326503509836678,0.225,0.38167992616456636,1.0,16_63,16/63,12.14%,BMP2K;FECH;SPTB;RHCE;ADD2;OSBP2;ALAS2;FBXO7;CDC27;BNIP3L;TSPO2;EIF2AK1;HBD;CA1;XPO7;SLC4A1,TAL1;CLIC2;MAP2K3;HDGF;NFE2;UBAC1;SELENBP1;GYPC;NARF;TMCC2;GYPA;CA2;SLC12A3;KLF1;BLVRB;ERMAP;UROD;TFDP1;RAD23A;GLRX5;RHD;PRDX2;HEBP1;MPP1;MINPP1;GYPE;NUDT4;RANBP10;HMBS;HBQ1;EPB42;GCLM;CAT;TFRC;SNCA;KEL;DCAF11;PPOX;TRAK2;EIF1AY;XK;GATA1;SLC22A4;ALAD;TSPAN5;GYPB;ANK1;SLC4A1;XPO7;CA1;HBD;EIF2AK1;TSPO2;BNIP3L;CDC27;FBXO7;ALAS2;OSBP2;ADD2;RHCE;SPTB;FECH;BMP2K,"[105, 289, 292, 318, 688, 1207, 1289, 1383, 1625, 2134, 2930, 4119, 4461, 4600, 4651, 4897, 4913, 5705, 5797, 6212, 6822, 6845, 7165, 7461, 8140, 8560, 8678, 8892, 9001, 9132, 9240, 9357, 9839, 10105, 10959, 10995, 11128, 11154, 12578, 12668, 12678, 12826, 13349, 13422, 14191, 14372, 14850, 15393, 15424, 15640, 15675, 15783, 15978, 16159, 16259, 16479, 16487, 16629, 16769, 16802, 16935, 16983, 17338]",c4.cgn__GNF2_TAL1
c4.cgn,GNF2_SNRK,prerank,0.3938783651693195,1.1555680794805818,0.23958333333333334,0.38309784454617385,1.0,10_27,10/27,22.78%,STK38;CLEC2B;GIMAP6;ITGAL;BTN3A3;LCP2;HECA;BIN2;BTN3A2;PTPRC,STK38;CLEC2B;GIMAP6;ITGAL;BTN3A3;LCP2;HECA;BIN2;BTN3A2;PTPRC;CYTIP;CCL5;GPR65;MSL1;JAK1;PARP8;CASP8;STK10;CYTH1;ARHGEF3;SEMA4D;MBNL1;KLRB1;BTN3A1;SNRK;SYNRG;RASGRP1,"[222, 389, 2224, 2736, 3109, 3402, 3468, 3511, 3670, 3989, 5717, 6365, 6823, 8368, 9271, 9482, 10378, 10692, 10917, 11016, 11152, 11269, 11447, 12140, 13411, 15855, 16013]",c4.cgn__GNF2_SNRK
c4.cgn,MORF_LCAT,prerank,-0.3005683839699844,-1.1259901885879138,0.22727272727272727,0.38592734790749506,1.0,27_108,27/108,18.24%,GABRA6;TPH1;DCC;SYT11;KCNH1;RASGRF1;FAM13C;NEU3;TRIM9;LRRTM2;RPGRIP1;COX10;KCNA3;CHRNA3;RPGRIP1L;HDAC9;CCL19;ZNF264;SPAG8;TMEM8B;FRK;BAAT;NLE1;SCN2A;TRPC3;WNT1;AVPR1A,GPR4;TCF15;ATG4B;RFX1;SOX12;SERPINC1;ART3;TNNI2;MLLT3;RBM17;SLC2A4;IL9;MPHOSPH8;PHKG2;CRP;MYH7;MTRF1L;LCAT;IL18RAP;ELF5;BRDT;OPHN1;KIF1A;SNUPN;TNNT2;MATN4;C9;PTGDR2;P2RY6;ZNF208;HIPK2;SEC14L2;CRYBB3;GCNT2;DOC2A;DOHH;MYBPH;ODF2;SLCO2A1;ZFY;SLITRK2;AP4E1;EPHA7;DCAF4;CD3G;BHMT;GLRB;DZIP1;TEKT2;VIPR2;NMBR;STARD13;NACAD;CUL3;GPR176;SSX2IP;BTC;FOXN2;GRM7;C1orf21;GRM8;SOX3;SLC16A2;PDE6C;AVP;FSTL4;LCT;ATRNL1;ASTN1;IFT88;SAA4;ZNF154;ZNF239;OPN1SW;VPS41;EIF2B1;NPY5R;BMPER;XPNPEP2;ANGPTL7;PDCL;AVPR1A;WNT1;TRPC3;SCN2A;NLE1;BAAT;FRK;TMEM8B;SPAG8;ZNF264;CCL19;HDAC9;RPGRIP1L;CHRNA3;KCNA3;COX10;RPGRIP1;LRRTM2;TRIM9;NEU3;FAM13C;RASGRF1;KCNH1;SYT11;DCC;TPH1;GABRA6,"[51, 133, 151, 401, 443, 470, 518, 763, 888, 1516, 1904, 2276, 2395, 2542, 2639, 2695, 3177, 3706, 3895, 4523, 4652, 4771, 5510, 5532, 5671, 5802, 5937, 6166, 6180, 6269, 6403, 6673, 6819, 6890, 6961, 7151, 7270, 7497, 7514, 8053, 8207, 8566, 8607, 8642, 8645, 9256, 9416, 9438, 9689, 9694, 9749, 9766, 10056, 10069, 10087, 10102, 10247, 10390, 10449, 10522, 10745, 10947, 11033, 11079, 11326, 11365, 11633, 11692, 11777, 11814, 12049, 12108, 12302, 12469, 12579, 13180, 13464, 13653, 13817, 14021, 14145, 14324, 14329, 14429, 14513, 14614, 14724, 14738, 14992, 15293, 15565, 15722, 15818, 16050, 16155, 16219, 16431, 16453, 16580, 16617, 16777, 16845, 17048, 17117, 17137, 17281, 17362, 17516]",c4.cgn__MORF_LCAT
c4.cgn,MORF_THRA,prerank,-0.35219346992846007,-1.126448889254225,0.2722007722007722,0.3875399971989055,1.0,12_43,12/43,24.12%,ADCYAP1;CAMK4;RPH3A;PAX7;STXBP5L;SCAPER;CLOCK;ATP8A2;ATP2B2;GLE1;ZNF157;KRT86,THRA;TNFRSF25;PLXNA3;ABCA1;NCKIPSD;SLC2A1;SRPK3;HTR1E;SLC13A2;PLEKHB1;ZNF202;PSD;SLC16A5;TRIO;IL4;CCIN;RALYL;TSPYL1;SULT4A1;AKAP3;SLC17A7;PTPRS;TACC2;ENOX2;SYT5;CYP11A1;ZNF330;ELL2;COLGALT2;CRHR1;KRT1;KRT86;ZNF157;GLE1;ATP2B2;ATP8A2;CLOCK;SCAPER;STXBP5L;PAX7;RPH3A;CAMK4;ADCYAP1,"[2052, 2404, 2610, 2620, 2826, 3156, 4608, 4721, 4819, 5278, 5418, 6059, 7299, 8219, 8442, 8478, 8635, 8891, 9376, 9377, 9653, 10043, 10096, 10290, 10414, 10566, 10746, 10930, 11529, 12254, 12750, 13293, 13438, 13788, 14287, 14653, 15146, 15154, 15481, 15619, 16825, 16852, 17339]",c4.cgn__MORF_THRA
c4.cgn,MORF_RFC4,prerank,-0.2925190651712667,-1.1190653893704523,0.1969111969111969,0.3987821104000953,1.0,23_136,23/136,12.07%,MSH2;LRPPRC;KHDRBS1;RFC3;PSMB2;SEC63;DDX18;TYMS;SRRM1;PRKDC;IMMT;NAE1;RRM1;PRPS2;PDHB;MRPS18B;ATXN10;MTCP1;DOCK3;HNRNPU;DDX19B;XPO7;MRPS27,NUDC;PPP1CC;SHMT2;CCNA2;UNG;SNRPA;RAD54L;CDK11A;KIF14;HSPE1;XPO1;CCT5;DNAJC9;RUVBL2;PPM1G;DDX39A;TREX2;HNRNPAB;SSRP1;KHSRP;SAFB;ESPL1;RFC4;PTGES3;IFRD1;SERP1;CCT4;MLEC;BAZ1B;DKC1;ACTL6A;EIF2S2;EIF3I;MMS19;NUP188;PMEL;ALG3;SPAG5;TOP2A;DGUOK;AKR7A2;LSM2;STK24;SLBP;TFDP1;RAD23A;KXD1;HDDC2;NONO;TRIP13;RPA1;DNMT1;EI24;ESD;SRPK1;DEK;BUB3;MCM3;HNRNPA2B1;DUT;SRSF1;CAD;XPOT;SET;NDC80;UBE2S;NCBP2;HCCS;CEBPZ;SSB;VDAC2;CHAF1A;VDAC3;HADH;GTF2A2;HAT1;GPN1;CS;HDAC2;BUB1B;GOT2;BUB1;POM121;TCEA1;VDAC1;NDUFB3;PABPC4;ILF2;TRRAP;USP1;SNRNP200;LYPLA1;MCFD2;ZNF131;HMMR;DNAJC11;ZWINT;MTX2;CYCS;NASP;MCM6;METAP1;FH;ABCF1;TNPO3;TGDS;R3HDM1;SDHA;HNRNPR;MCM2;PPT1;SSBP1;AFG3L2;MRPS27;XPO7;DDX19B;HNRNPU;DOCK3;MTCP1;ATXN10;MRPS18B;PDHB;PRPS2;RRM1;NAE1;IMMT;PRKDC;SRRM1;TYMS;DDX18;SEC63;PSMB2;RFC3;KHDRBS1;LRPPRC;MSH2,"[598, 665, 738, 799, 940, 1030, 1094, 1106, 1170, 1194, 1469, 1508, 1682, 1716, 1775, 2153, 2245, 2299, 2303, 2315, 2532, 2630, 2646, 2761, 2802, 2908, 3049, 3328, 3330, 3394, 3778, 4201, 4270, 4778, 4837, 4924, 4951, 4980, 5039, 5189, 5253, 5400, 5567, 5569, 5705, 5797, 5883, 5884, 5890, 6199, 6545, 6654, 6944, 6955, 7006, 7046, 7131, 7142, 7153, 7170, 7195, 7457, 7830, 7850, 8153, 8209, 8656, 8674, 8695, 8781, 8987, 9035, 9165, 9255, 9282, 9331, 9389, 9436, 9498, 9585, 9604, 9690, 9701, 9794, 9800, 10262, 10433, 10675, 10855, 10872, 11123, 11250, 11265, 11544, 11716, 11719, 11796, 11839, 11932, 12374, 12498, 12552, 12562, 12704, 12921, 13558, 13630, 13860, 14083, 14346, 14691, 14903, 15046, 15404, 15424, 15451, 15455, 15555, 15608, 15760, 15834, 15926, 15987, 16148, 16265, 16491, 16539, 16723, 16776, 16843, 16970, 17105, 17159, 17248, 17309, 17502]",c4.cgn__MORF_RFC4
c4.cgn,GNF2_SERPINI2,prerank,0.4595090606709107,1.1423797288594335,0.29475982532751094,0.409802690761996,1.0,8_15,8/15,24.97%,CEL;CTRL;AQP8;CTRC;PLA2G1B;CTRB1;PRSS3;CPA1,CEL;CTRL;AQP8;CTRC;PLA2G1B;CTRB1;PRSS3;CPA1;CPA2;PDIA2;CELA2A;CLPS;SERPINI2;CELA2B;CPB1,"[508, 1888, 2000, 2747, 3744, 3761, 4176, 4373, 5444, 5779, 7659, 9625, 11148, 11775, 16385]",c4.cgn__GNF2_SERPINI2
c4.cgn,MORF_PPP2R5B,prerank,-0.2810962122919799,-1.1122472646376573,0.22264150943396227,0.4117054739558164,1.0,41_146,41/146,24.40%,MFN1;PPP1R12B;IFT27;LPGAT1;COL19A1;CAMK4;TRIM24;MSH3;RPS6KA5;COQ7;NR2C1;DNAJC16;PAX7;IPO9;IL16;KRR1;MDM2;GNG4;WBP4;ZNF134;ITIH3;AQP7;ERC1;ZNF33B;STARD5;CYP2E1;EPHB2;AMMECR1;ATP6V0A2;GABRB2;ARFGEF2;GLE1;EDIL3;PIK3CB;BARX2;PGM3;ZNF157;SLC33A1;CADM4;KRT86;PAXIP1,NPFF;RREB1;TMEM184B;TBX19;GMPR;NR2F1;CEACAM4;SLC18A1;CTRL;ZBTB40;CNKSR1;FOSL1;F2RL3;TMEM11;MSL3;COX6A2;TIE1;ZBTB22;HNF1A;NTNG2;SGPL1;NRTN;NHEJ1;RXRG;MPZL1;IL11RA;IL13RA1;GRIK5;LTBP4;HTR1E;TBC1D22A;PDE6A;PLEKHB1;ZNF202;SULT2B1;POFUT2;SLC4A3;GPR19;TMEM26;POU6F2;NR1I2;SLC22A6;S100A5;ARL3;PVR;ATP8B1;RUNX2;SIM2;POU6F1;SLC16A5;SUPT3H;CYP2D6;C1orf216;PHF10;KLRC4;JRKL;FGF18;ATF2;IL13;PDE4D;NR3C2;BRCA1;ABCC8;TENM4;FIG4;ELAVL2;EXOC4;RB1CC1;ADCY3;RAD51D;MC5R;ZNF133;PSMF1;SULT4A1;PAX9;CPEB3;CACNB1;GPR18;TACC2;CDC73;SYT5;MLLT10;SLC46A3;FRYL;CYP11A1;PTPRB;AFF2;ABCB10;TFDP2;POLR2K;PPP2R5B;CDYL;ZBTB14;PHLDB1;COLGALT2;NOS2;CELA2B;TANC2;FNTB;ABCB9;GJB5;CRHR1;ERCC4;ADAM20;GPATCH8;PAXIP1;KRT86;CADM4;SLC33A1;ZNF157;PGM3;BARX2;PIK3CB;EDIL3;GLE1;ARFGEF2;GABRB2;ATP6V0A2;AMMECR1;EPHB2;CYP2E1;STARD5;ZNF33B;ERC1;AQP7;ITIH3;ZNF134;WBP4;GNG4;MDM2;KRR1;IL16;IPO9;PAX7;DNAJC16;NR2C1;COQ7;RPS6KA5;MSH3;TRIM24;CAMK4;COL19A1;LPGAT1;IFT27;PPP1R12B;MFN1,"[214, 806, 897, 898, 906, 1093, 1720, 1763, 1888, 2152, 2173, 2188, 2216, 2391, 2401, 2434, 2491, 2968, 3074, 3250, 3417, 3421, 3592, 3602, 3732, 3842, 3851, 4406, 4551, 4721, 4963, 5036, 5278, 5418, 5450, 5465, 5491, 5702, 5880, 5991, 6022, 6062, 6325, 6378, 6517, 6583, 6841, 6968, 7077, 7299, 7327, 7348, 7435, 7676, 7921, 7986, 8121, 8136, 8159, 8278, 8411, 8479, 8504, 8681, 8855, 8893, 8951, 8973, 9021, 9164, 9268, 9364, 9367, 9376, 9570, 9700, 9757, 9887, 10096, 10314, 10414, 10494, 10498, 10503, 10566, 10643, 10687, 10803, 10817, 10988, 11118, 11159, 11245, 11333, 11529, 11576, 11775, 11872, 11981, 12189, 12241, 12254, 12343, 12375, 12947, 13244, 13293, 13306, 13356, 13438, 13525, 13536, 13676, 13751, 13788, 13844, 13883, 13900, 13954, 14005, 14038, 14247, 14280, 14363, 14801, 15121, 15124, 15169, 15235, 15285, 15386, 15497, 15618, 15619, 15887, 15904, 16236, 16291, 16504, 16520, 16852, 17091, 17124, 17168, 17335, 17377]",c4.cgn__MORF_PPP2R5B
c4.cgn,MORF_MAP2K2,prerank,0.29760486564707683,1.1387248526629161,0.20302375809935205,0.4148008336775637,1.0,30_124,30/124,18.51%,SLC3A2;IMPDH1;GNB2;JTB;SNRPA;PRPF31;BCAP31;CCT5;TMED9;GLB1;TRIM28;RUVBL2;RANGAP1;AP2S1;PPM1G;SRSF9;TRAPPC3;MAP2K2;BANF1;HNRNPAB;TMEM147;CTDNEP1;STARD7;IFRD1;MTA1;CSNK2B;SLC4A2;PARK7;SF3B2;RNPEP,SLC3A2;IMPDH1;GNB2;JTB;SNRPA;PRPF31;BCAP31;CCT5;TMED9;GLB1;TRIM28;RUVBL2;RANGAP1;AP2S1;PPM1G;SRSF9;TRAPPC3;MAP2K2;BANF1;HNRNPAB;TMEM147;CTDNEP1;STARD7;IFRD1;MTA1;CSNK2B;SLC4A2;PARK7;SF3B2;RNPEP;SOD1;TUFM;DDX49;EIF3I;GPX4;GNG5;AP3D1;COX5B;NUP188;HAX1;LSM4;ERP29;CCT7;GPI;AKR7A2;DGKZ;LSM2;CYC1;RAD23A;KXD1;NONO;AP2M1;NDUFS5;HNRNPUL1;EIF4EBP2;GPAA1;PPP2R1A;COPE;PTDSS1;IDH3G;IDH3B;BUB3;HADHB;NDUFS3;POLR2I;PSMB7;NDUFV1;NDUFC1;SET;COX8A;MRPL9;UBE2S;PSMD8;HCCS;PUF60;RHEB;ATP6AP1;VDAC2;RPN1;VDAC3;DCTN2;VPS26A;COPS5;PRDX3;CS;FIBP;HDAC2;TCEA1;AP3S1;SNRPE;DRG1;U2AF1;EIF3K;SNRNP200;HADHA;LYPLA1;RAC1;NSDHL;CYCS;GNB1;MDH1;CANX;PCMT1;GANAB;SDHB;SLC25A3;SDHA;CAPZA1;FAM120A;DDOST;PPT1;SSBP1;AFG3L2;ANAPC5;MTDH;XPO7;TBL3;MTCP1;ATXN10;MRPS18B;PDHB;YWHAQ;PSMB2;KHDRBS1,"[40, 434, 746, 880, 1030, 1145, 1256, 1508, 1520, 1582, 1635, 1716, 1743, 1749, 1775, 1920, 2069, 2104, 2209, 2299, 2360, 2698, 2743, 2802, 2852, 2962, 2964, 3030, 3165, 3242, 3398, 3698, 3787, 4270, 4303, 4434, 4667, 4769, 4837, 4867, 4871, 4884, 5096, 5213, 5253, 5267, 5400, 5661, 5797, 5883, 5890, 5915, 6012, 6288, 6420, 6643, 6695, 6700, 6996, 7002, 7055, 7131, 7160, 7168, 7194, 7404, 7591, 7758, 7850, 8139, 8206, 8209, 8583, 8674, 8815, 8835, 8926, 8987, 9023, 9165, 9173, 9239, 9312, 9353, 9436, 9475, 9498, 9794, 10281, 10370, 10437, 10811, 10852, 11123, 11235, 11250, 11471, 11828, 11932, 12079, 12589, 12788, 12872, 13207, 13413, 13514, 13860, 14203, 14417, 14615, 14691, 14903, 15046, 15267, 15416, 15424, 15595, 15608, 15760, 15834, 15926, 16842, 17105, 17248]",c4.cgn__MORF_MAP2K2
c4.cgn,MORF_PPP2R5E,prerank,-0.3106598696366858,-1.107589269880823,0.2611111111111111,0.419822015467918,1.0,27_79,27/79,28.35%,SNX4;XPA;PSMC2;TPR;NFATC2IP;POLR3C;SNX1;ARCN1;SDHC;NUP88;FMR1;MTFR1;PSMA5;PRPSAP1;EIF2S1;ORC5;RAB11A;ZNHIT3;OARD1;UBXN4;PSEN1;IK;PRPF4;RPRD2;PPP2R5E;PDCD10;METAP1,SCRIB;METTL18;SMNDC1;TBPL1;CLN3;RAE1;RAF1;SHMT1;ILVBL;MRPL28;PSMB6;SLC10A3;CPSF4;CENPB;EIF2B2;FOXK2;NUBP1;ZNHIT1;SMAD2;NKRF;BLOC1S1;BAG1;MEA1;CAPZB;PRPF18;ATP6V0D1;CUX1;SPCS2;DNPEP;SSR1;PIGF;DUSP11;PSMD10;CDK8;TAF9;ATXN2;PARG;ZNF410;ZZZ3;COIL;SP3;FBXW11;FAF2;RAB1A;PEX11B;DPM1;RAC1;RALB;TOR1AIP1;SNAPC5;STXBP3;HTATSF1;METAP1;PDCD10;PPP2R5E;RPRD2;PRPF4;IK;PSEN1;UBXN4;OARD1;ZNHIT3;RAB11A;ORC5;EIF2S1;PRPSAP1;PSMA5;MTFR1;FMR1;NUP88;SDHC;ARCN1;SNX1;POLR3C;NFATC2IP;TPR;PSMC2;XPA;SNX4,"[761, 855, 2319, 2588, 2645, 2890, 3033, 3082, 3181, 4262, 4299, 4477, 4602, 4800, 4808, 4996, 5177, 5353, 6205, 6541, 7005, 7180, 7695, 8009, 8031, 8189, 8237, 8291, 8312, 8485, 8497, 8701, 9104, 9311, 10023, 10049, 10074, 10123, 10253, 10256, 10351, 10709, 10771, 10946, 11074, 11388, 11471, 11557, 11774, 11985, 12185, 12287, 12552, 12701, 12931, 12944, 13099, 13457, 13571, 13593, 13625, 13710, 13852, 13987, 14673, 14912, 14940, 15033, 15036, 15053, 15164, 15556, 15649, 15750, 15807, 15832, 16078, 16248, 17319]",c4.cgn__MORF_PPP2R5E
c4.cgn,GNF2_ANP32B,prerank,-0.36101610327157263,-1.1026599341799903,0.2830188679245283,0.4260549525058102,1.0,13_36,13/36,23.27%,VRK1;NUP153;EXOSC8;HNRNPU;SMC4;HMGN2;VBP1;PRPS1;CEP57;SRSF2;HMGB1;SUZ12;COPS3,PTBP1;DNAJC9;HNRNPAB;PTGES3;ANP32B;HMGB2;NUDT1;HTRA2;DEK;DUT;SRSF1;SUMO2;GAR1;MCM5;SRI;HAT1;TRA2B;SERBP1;USP1;SRSF3;CBX3;GTPBP1;ANP32E;COPS3;SUZ12;HMGB1;SRSF2;CEP57;PRPS1;VBP1;HMGN2;SMC4;HNRNPU;EXOSC8;NUP153;VRK1,"[179, 1682, 2299, 2761, 4820, 6576, 6948, 6990, 7046, 7170, 7195, 7732, 8181, 8417, 9322, 9331, 10366, 10772, 10872, 11131, 11297, 12160, 13005, 13443, 13872, 14226, 14385, 14580, 14725, 14758, 15143, 15156, 15455, 15867, 16065, 16846]",c4.cgn__GNF2_ANP32B
c4.cgn,GNF2_TM4SF2,prerank,-0.3877710470974541,-1.1033119479702838,0.301556420233463,0.42739228017802583,1.0,12_26,12/26,41.86%,NMNAT2;DIRAS2;ATP2B2;SV2B;SNAP25;HPCAL4;CLIP3;NAP1L2;SLC12A5;STXBP1;BSN;SNAP91,FAIM2;SYN1;RUNDC3A;CA11;PGBD5;GNAO1;PHYHIP;KIF3C;DNM1;TAGLN3;TSPAN7;RALYL;SH3GL2;SV2A;SNAP91;BSN;STXBP1;SLC12A5;NAP1L2;CLIP3;HPCAL4;SNAP25;SV2B;ATP2B2;DIRAS2;NMNAT2,"[5092, 5960, 6135, 6327, 6508, 6775, 6808, 8080, 8266, 8444, 8501, 8635, 8953, 9759, 10186, 10293, 10837, 11225, 11682, 11799, 12457, 13308, 13793, 14287, 14403, 14835]",c4.cgn__GNF2_TM4SF2
c4.cgn,GNF2_MAP2K3,prerank,0.3250144327402321,1.1243660979250727,0.2540650406504065,0.4449472798486902,1.0,12_66,12/66,9.28%,TAL1;PNP;CLIC2;MAP2K3;HDGF;RBM38;NFE2;BSG;UBAC1;SELENBP1;GYPC;NARF,TAL1;PNP;CLIC2;MAP2K3;HDGF;RBM38;NFE2;BSG;UBAC1;SELENBP1;GYPC;NARF;TMCC2;GYPA;CA2;SLC12A3;KLF1;BLVRB;RPIA;MARK3;ERMAP;UROD;TFDP1;RAD23A;GLRX5;PSMD9;RHD;TOP1;MPP1;FOXO3;GYPE;KAT2B;NUDT4;RANBP10;HMBS;HBQ1;EPB42;RCL1;CAT;MKRN1;SNCA;DCAF11;PPOX;TRAK2;EIF1AY;XK;SLC22A4;ALAD;USP15;GYPB;ANK1;SLC4A1;XPO7;NCOA4;CA1;EIF2AK1;TSPO2;BNIP3L;CDC27;FBXO9;FBXO7;ALAS2;OSBP2;RHCE;SPTB;FECH,"[105, 271, 289, 292, 318, 622, 688, 1058, 1207, 1289, 1383, 1625, 2134, 2930, 4119, 4461, 4600, 4651, 4744, 4793, 4897, 4913, 5705, 5797, 6212, 6409, 6822, 6951, 7461, 8003, 8560, 8626, 8678, 8892, 9001, 9132, 9240, 9693, 9839, 10100, 10959, 11128, 11154, 12578, 12668, 12678, 13349, 13422, 14292, 14372, 14850, 15393, 15424, 15564, 15640, 15783, 15978, 16159, 16259, 16334, 16479, 16487, 16629, 16802, 16935, 16983]",c4.cgn__GNF2_MAP2K3
c4.cgn,MORF_PRKACA,prerank,-0.29182230618878907,-1.0891306872957032,0.2901353965183752,0.45322812004248303,1.0,26_100,26/100,22.80%,NF1;MFN1;IFT27;CCKAR;SP140;ZNF500;MSH3;CYP2A6;ESR1;PIGB;NR2C1;GPLD1;GSK3B;WBP4;SCAPER;CLOCK;NXPE3;AQP7;SMPDL3B;ERC1;CYP2E1;EPHB2;ATP6V0A2;GLE1;PIK3CB;PGM3,MSX1;KAT8;PCGF1;BCL2;SLC18A1;CFH;CNKSR1;IRS2;TMEM11;TNFRSF25;COX6A2;ZBTB22;STK17A;SLC2A1;IKBKE;CASP10;NRTN;TMPRSS6;KLHL18;AQP5;IRF2;ZNF592;GRIK5;LTBP4;SLC13A2;TBX5;TBC1D22A;PLEKHB1;JAG1;SULT2B1;SLC4A3;NFIC;SLC22A6;ARL3;SLC6A11;PVR;ATP8B1;CAMK2G;SMYD5;POU6F1;MYO9B;RPS6KB2;SLC16A5;SLC25A11;C1orf216;DPT;BNIP1;IL13;BRCA1;PIGF;ABCC8;HMOX2;FIG4;HTR7;MC5R;WT1;CDR2L;PRKACA;PAX9;GNPAT;CD6;POLR3D;CYP11A1;LY9;TFDP2;ATP6V1B1;MAPT;EXTL3;CELA2B;HSD17B3;FNTB;ABCB9;GJB5;PAXIP1;PGM3;PIK3CB;GLE1;ATP6V0A2;EPHB2;CYP2E1;ERC1;SMPDL3B;AQP7;NXPE3;CLOCK;SCAPER;WBP4;GSK3B;GPLD1;NR2C1;PIGB;ESR1;CYP2A6;MSH3;ZNF500;SP140;CCKAR;IFT27;MFN1;NF1,"[231, 256, 556, 1238, 1763, 2051, 2173, 2357, 2391, 2404, 2434, 2968, 3031, 3156, 3163, 3306, 3421, 3549, 3930, 4046, 4161, 4317, 4406, 4551, 4819, 4864, 4963, 5278, 5281, 5450, 5491, 5825, 6062, 6378, 6443, 6517, 6583, 6774, 6985, 7077, 7156, 7191, 7299, 7418, 7435, 7501, 7890, 8159, 8479, 8497, 8504, 8768, 8855, 9170, 9268, 9281, 9343, 9427, 9570, 9936, 10125, 10242, 10566, 10570, 10817, 11176, 11206, 11588, 11775, 11815, 11981, 12189, 12241, 13244, 13525, 13676, 13788, 13900, 14005, 14038, 14363, 14431, 14801, 14821, 15146, 15154, 15169, 15613, 15817, 15904, 15927, 16134, 16405, 16504, 16545, 16688, 16872, 17168, 17377, 17391]",c4.cgn__MORF_PRKACA
c4.cgn,CAR_HPX,prerank,0.3393816771063345,1.1190634909085857,0.2505050505050505,0.45360701915891877,1.0,10_54,10/54,14.07%,SERPINF2;HP;SERPINC1;APOA1;FMO3;ARG1;CFH;ALDOB;IGFBP1;HGFAC,SERPINF2;HP;SERPINC1;APOA1;FMO3;ARG1;CFH;ALDOB;IGFBP1;HGFAC;SERPIND1;ASGR2;AMBP;FGL1;HPD;F12;CDO1;APOC1;SLC22A1;ANG;AGT;DPYS;C9;TFR2;HSD17B6;F2;ITIH1;SLC27A2;PON3;C4BPB;HRG;APOB;RBP4;HPX;TDO2;PLG;CPB2;AQP9;PAH;APOF;SDS;SAA4;C6;DHODH;CPS1;ADH6;CYP2C8;CYP2E1;LECT2;CFHR4;C4BPA;ITIH3;CYP3A7;LPA,"[96, 396, 470, 666, 1042, 2020, 2051, 2084, 2133, 2463, 2837, 3226, 3769, 4043, 4123, 4449, 4647, 4775, 5066, 5171, 5734, 5794, 5937, 6636, 6807, 7524, 8394, 8654, 8955, 9210, 9226, 9399, 9547, 9617, 9732, 9981, 9992, 10543, 10607, 10717, 11605, 12049, 13010, 13059, 13162, 13299, 13463, 14038, 14156, 14616, 14849, 15121, 15570, 16652]",c4.cgn__CAR_HPX
c4.cgn,MORF_RFC5,prerank,-0.3128250400595876,-1.0892057086556721,0.28627450980392155,0.45590178179545043,1.0,17_71,17/71,21.30%,MMACHC;LPGAT1;GTF2H3;NTPCR;TAF2;TPP2;CLPX;NUDT13;DNAJC16;KAZN;PAX7;NFX1;ZNF200;HABP4;SIGMAR1;UBE2V2;GLE1,KANK2;MYC;RUNX1;TRIM27;FOSL1;CCNF;TNFRSF25;NCKIPSD;COLQ;SLC2A1;GRIK5;MUTYH;MPHOSPH6;ERAL1;TAF12;PLEKHB1;MLN;SLC4A3;NFRKB;PPP5C;TAF5;EIF5B;AMFR;CSTF3;ARHGAP11A;NKRF;WDR62;CAMK2G;FDXR;SLC16A5;POLA1;C1orf216;DPT;PHF10;BRCA1;RFC5;CEP135;FRYL;CYP11A1;AFF2;ZNF330;UBE4B;POLR2K;ZBTB14;CHD9;EP400;ATRX;CRHR1;TTI1;SMG1;IPCEF1;SYNJ2;PAXIP1;KRT86;GLE1;UBE2V2;SIGMAR1;HABP4;ZNF200;NFX1;PAX7;KAZN;DNAJC16;NUDT13;CLPX;TPP2;TAF2;NTPCR;GTF2H3;LPGAT1;MMACHC,"[432, 1232, 1384, 1611, 2188, 2271, 2404, 2826, 3087, 3156, 4406, 4649, 4855, 5023, 5042, 5278, 5474, 5491, 5498, 5644, 5667, 5863, 5936, 6385, 6471, 6541, 6630, 6774, 6876, 7299, 7340, 7435, 7501, 7676, 8479, 8556, 8646, 10503, 10566, 10687, 10746, 10794, 10988, 11245, 11886, 12087, 12221, 12254, 12297, 12317, 12331, 13003, 13244, 13293, 13788, 13836, 14235, 14236, 14681, 14908, 15619, 15694, 15887, 15951, 16063, 16261, 16345, 16764, 17089, 17124, 17465]",c4.cgn__MORF_RFC5
c4.cgn,MORF_SKP1A,prerank,-0.2695102931624226,-1.0846084885766045,0.2602996254681648,0.4618992723619254,1.0,25_190,25/190,13.92%,NDUFS1;COA1;KHDRBS1;COX11;RBMX;PSMB2;SNRPA1;HMGN1;PSMA3;MBD4;EIF4H;PPP6C;UBE4A;YME1L1;PRRC2C;PSMC2;PDCD6;KIF2A;AZIN1;RAB5A;NDUFA5;MTDH;TMED2;TAF11;RAB14,HDGF;HSP90AA1;JTB;BCAP31;EEF1D;TRIM28;YY1;AP2S1;PPM1G;SRSF9;TRAPPC3;UBE2L3;WIPI2;BANF1;HNRNPAB;RPL36AL;COX7C;STARD7;NDUFV2;IST1;HGS;CSNK2B;PARK7;SF3B2;PSMB1;SSR2;NACA;SOD1;CFDP1;SMARCD2;DDX49;CTCF;LSS;NDUFA1;UBA1;TMBIM6;PRMT1;PDAP1;ANP32B;COX4I1;SRP14;CLTA;SNX3;COX6A1;BTF3;CYC1;RAD23A;KXD1;NONO;AP2M1;RALY;CCT2;PSMB4;HNRNPUL1;COX6B1;COX5A;PSMD9;DAP;SNRPG;COX6C;SEC13;NEDD8;PPP2R1A;COPE;NDUFA2;RAD21;MAML1;TIAL1;SUMO3;EIF4A1;DEK;PPP1CA;HADHB;NDUFS3;VCP;SUMO1;MORF4L2;WBP2;UQCRB;BUD31;EIF3E;NDUFV1;SUMO2;SET;VTI1B;UQCRFS1;MRPL9;DNPEP;COPB1;PSMC1;ETFA;PSMA2;PSMD8;GGCT;PUF60;RHEB;PPP1R7;MAD2L1BP;RAN;ATP6AP1;ILF3;COX7A2L;PSMD7;DCTN2;ATP6V0C;COPS5;HAT1;SRP9;HSBP1;URM1;GABARAPL2;UBR5;RNF6;TMEM183A;RAD23B;EBAG9;CNBP;RER1;COIL;EIF4E2;SNRPE;DRG1;UBAP2L;SMG7;U2AF1;HNRNPC;SNRNP200;SRSF3;LYPLA1;CBX3;UBA2;RAC1;PSMC6;ARF3;LSM3;PPP2R2A;GDE1;NSDHL;COX7B;HARS2;SYPL1;HSPA9;CALM3;POLE3;MDH1;ENSA;SKP1;SRP19;CANX;GMFB;YWHAE;TLK1;EIF3C;KPNA2;VPS52;TBCA;SLC25A3;CDC123;UTP18;YWHAB;GLOD4;UBE2N;BAG5;BZW1;YWHAZ;RAB14;TAF11;TMED2;MTDH;NDUFA5;RAB5A;AZIN1;KIF2A;PDCD6;PSMC2;PRRC2C;YME1L1;UBE4A;PPP6C;EIF4H;MBD4;PSMA3;HMGN1;SNRPA1;PSMB2;RBMX;COX11;KHDRBS1;COA1;NDUFS1,"[318, 876, 880, 1256, 1270, 1635, 1746, 1749, 1775, 1920, 2069, 2076, 2077, 2209, 2299, 2623, 2712, 2743, 2803, 2898, 2925, 2962, 3030, 3165, 3303, 3305, 3349, 3398, 3420, 3528, 3787, 4074, 4326, 4429, 4716, 4731, 4768, 4796, 4820, 4836, 4885, 5058, 5248, 5419, 5589, 5661, 5797, 5883, 5890, 5915, 5946, 6142, 6246, 6288, 6303, 6389, 6409, 6456, 6491, 6499, 6603, 6619, 6695, 6700, 6766, 6793, 6909, 6913, 7026, 7033, 7046, 7117, 7160, 7168, 7245, 7337, 7391, 7460, 7480, 7503, 7547, 7591, 7732, 7850, 7882, 7978, 8206, 8312, 8333, 8434, 8467, 8576, 8583, 8653, 8815, 8835, 8862, 8864, 8903, 8926, 9070, 9100, 9152, 9173, 9303, 9312, 9331, 9423, 9489, 9506, 9518, 9528, 9586, 9637, 9640, 9785, 10132, 10239, 10256, 10288, 10370, 10437, 10463, 10715, 10811, 11073, 11123, 11131, 11250, 11297, 11381, 11471, 11615, 11621, 11643, 11670, 11708, 11828, 11850, 11994, 12089, 12206, 12212, 12411, 12589, 12665, 12689, 12777, 12788, 12898, 12907, 12946, 13078, 13366, 13389, 13459, 13514, 13599, 13717, 13801, 13863, 14060, 14353, 14397, 14665, 15080, 15147, 15290, 15416, 15506, 15603, 15892, 15905, 16075, 16078, 16094, 16459, 16474, 16622, 16697, 16724, 16801, 16952, 16976, 17105, 17199, 17219, 17248, 17347, 17390]",c4.cgn__MORF_SKP1A
c4.cgn,GNF2_ATM,prerank,-0.37465600891996176,-1.0784581517858467,0.358974358974359,0.4743319330108195,1.0,6_26,6/26,12.52%,PPWD1;RASGRP1;ZNF266;SYNRG;RNF125;RAPGEF6,LAT;RASGRP2;GPR171;DEF6;HECA;BTN3A2;TRAF3IP3;SFI1;TMC6;ITK;DENND2D;ACAP1;LDLRAP1;DUSP2;OGT;CLEC2D;CASP8;ATM;BTN3A1;PIK3IP1;RAPGEF6;RNF125;SYNRG;ZNF266;RASGRP1;PPWD1,"[194, 2194, 2871, 2872, 3468, 3670, 3697, 4842, 5359, 5489, 6846, 7079, 8358, 8364, 9058, 9258, 10378, 11270, 12140, 12828, 15326, 15364, 15855, 15884, 16013, 17464]",c4.cgn__GNF2_ATM
c4.cgn,MORF_ATRX,prerank,-0.2655663022603524,-1.0704949091724438,0.27191413237924866,0.47697371929967397,1.0,52_197,52/197,22.65%,MFN1;SNX4;KLHL20;HTR4;LTN1;SLC24A1;LPGAT1;NTPCR;PIAS2;VAMP4;ZNF500;PAFAH1B1;MSH3;TAF2;AGPS;ESR1;CLPX;DIMT1;PIGB;NR2C1;DNAJC16;TPR;PEX3;KAZN;TAF5L;PARN;GSK3B;GCFC2;RNF14;SIK3;CLOCK;SEC31A;REV3L;NFX1;KLHDC10;UTRN;FAM8A1;KIAA0586;ERC1;PIK3C2A;SPEF1;MGA;RBBP8;NR3C1;ZNF292;LEPROTL1;ATP6V0A2;BPHL;GLE1;PIK3CB;OARD1;SPAST,MSX1;KAT8;PPP1R3D;PHF21A;KANK2;DOK1;PCGF1;INPP5E;GOLGA3;BCL2;RUNX1;BAHD1;RASSF1;NMT1;TRIM27;KANK3;RERE;DNA2;FOSL1;MTX1;TMEM11;MSL3;TNFRSF25;COX6A2;IGBP1;NCKIPSD;ZBTB22;COLQ;SLC2A1;IKBKE;ZNF32;NRTN;CALCOCO1;KLHL18;AQP5;SH2B1;LSM1;IRF2;ZNF592;GRIK5;FANCG;LTBP4;CPSF4;MUTYH;TBX5;CYP4F12;TBC1D22A;NUMB;PDXDC1;PLEKHB1;NEK9;SULT2B1;MLN;GTSE1;SLC4A3;NFRKB;DTNA;ERCC2;RAP1A;PPP5C;WIPF2;EIF5B;AMFR;POU6F2;SSTR5;CSTF3;SLC6A11;NKRF;WDR62;TMCC1;CAMK2G;FDXR;IMPA1;RPS6KB2;SLC16A5;POLA1;SLC25A11;C1orf216;ST13;CHD3;DPT;UBR2;BTD;PCF11;PHF10;ADH5;TCF12;IL13;SPRED2;BRCA1;PIGF;RFC5;CEP135;SEZ6L;POP4;FIG4;CLP1;CACNB2;ADCY3;YAF2;HTR7;CETN3;MC5R;ZNF133;PSMF1;BRD1;PAX9;RB1;HNRNPL;NSL1;SLC30A3;TBCE;CDK13;CEP350;FRYL;CYP11A1;UBE4B;POLR2K;ITIH4;CDYL;KDM3B;SS18;EXTL3;AIMP1;ARHGAP12;INSIG2;CHD9;FNTB;MICAL3;TTLL5;EP400;ATRX;TTI1;SMG1;IPCEF1;NFYB;ECE2;PPIL2;SMC5;GPATCH8;SYNJ2;TLN2;SEC62;PAXIP1;KRT86;SPAST;OARD1;PIK3CB;GLE1;BPHL;ATP6V0A2;LEPROTL1;ZNF292;NR3C1;RBBP8;MGA;SPEF1;PIK3C2A;ERC1;KIAA0586;FAM8A1;UTRN;KLHDC10;NFX1;REV3L;SEC31A;CLOCK;SIK3;RNF14;GCFC2;GSK3B;PARN;TAF5L;KAZN;PEX3;TPR;DNAJC16;NR2C1;PIGB;DIMT1;CLPX;ESR1;AGPS;TAF2;MSH3;PAFAH1B1;ZNF500;VAMP4;PIAS2;NTPCR;LPGAT1;SLC24A1;LTN1;HTR4;KLHL20;SNX4;MFN1,"[231, 256, 313, 371, 432, 477, 556, 557, 711, 1238, 1384, 1484, 1540, 1591, 1611, 1623, 1640, 1690, 2188, 2215, 2391, 2401, 2404, 2434, 2759, 2826, 2968, 3087, 3156, 3163, 3388, 3421, 3715, 3930, 4046, 4052, 4143, 4161, 4317, 4406, 4445, 4551, 4602, 4649, 4864, 4880, 4963, 5201, 5277, 5278, 5425, 5450, 5474, 5480, 5491, 5498, 5512, 5609, 5616, 5644, 5670, 5863, 5936, 5991, 6368, 6385, 6443, 6541, 6630, 6723, 6774, 6876, 7169, 7191, 7299, 7340, 7418, 7435, 7462, 7478, 7501, 7523, 7627, 7649, 7676, 8007, 8094, 8159, 8388, 8479, 8497, 8556, 8646, 8713, 8847, 8855, 8937, 8997, 9021, 9125, 9170, 9250, 9268, 9364, 9367, 9380, 9570, 9620, 9987, 10185, 10367, 10389, 10426, 10450, 10503, 10566, 10794, 10988, 11047, 11159, 11224, 11559, 11588, 11722, 11798, 11808, 11886, 11981, 12027, 12082, 12087, 12221, 12297, 12317, 12331, 12358, 12432, 12660, 12798, 12947, 13003, 13068, 13161, 13244, 13293, 13551, 13625, 13676, 13788, 13842, 13900, 14017, 14095, 14123, 14125, 14232, 14331, 14351, 14363, 14502, 14635, 14669, 14906, 14908, 14926, 15076, 15146, 15426, 15450, 15609, 15613, 15639, 15683, 15694, 15712, 15832, 15887, 15904, 15927, 15949, 16063, 16134, 16310, 16345, 16504, 16518, 16545, 16599, 16696, 16764, 17124, 17125, 17171, 17206, 17262, 17319, 17377]",c4.cgn__MORF_ATRX
c4.cgn,GNF2_ELAC2,prerank,-0.337023299935193,-1.0710055340241056,0.3352059925093633,0.47861343184342336,1.0,16_43,16/43,22.73%,RBMX;SFPQ;U2SURP;DDX18;SRP54;DDX47;EXOSC8;CPSF6;SMARCA5;ELAC2;KPNB1;HNRNPR;DDX21;NAA15;FUS;ZC3H15,ZCCHC8;PABPN1;PRPF31;NUP62;NMT1;BANF1;HDAC1;HNRNPF;SF3B2;EED;PDS5A;PSME2;NOP14;HNRNPM;RPA1;PSMA1;SRSF1;SRSF10;SART3;DHX15;TARDBP;PRPF40A;HNRNPK;SNRNP200;SMC1A;PSMC6;LAS1L;ZC3H15;FUS;NAA15;DDX21;HNRNPR;KPNB1;ELAC2;SMARCA5;CPSF6;EXOSC8;DDX47;SRP54;DDX18;U2SURP;SFPQ;RBMX,"[744, 844, 1145, 1525, 1591, 2209, 2268, 2946, 3165, 3207, 3317, 3856, 4312, 5926, 6545, 6584, 7195, 8142, 8648, 9589, 10154, 10388, 10590, 11123, 11281, 11615, 12827, 13537, 13643, 13799, 13964, 14083, 14483, 14525, 15114, 15659, 15867, 16226, 16500, 16843, 16908, 17028, 17199]",c4.cgn__GNF2_ELAC2
c4.cgn,MORF_PPP1CC,prerank,-0.2726433461310443,-1.0718479851347482,0.24665391969407266,0.479050561689721,1.0,38_152,38/152,23.60%,LRPPRC;KHDRBS1;RBBP4;SEC63;TYMS;SRRM1;SRP72;MYCBP2;PRKDC;IMMT;PPIE;NAE1;RRM1;XRCC5;PRPS2;ATXN10;HNRNPU;DDX19B;XPO7;MRPS27;EIF1AX;ANAPC5;PIBF1;AFG3L2;SSBP1;PPT1;G3BP2;MCM2;HNRNPD;AK2;HNRNPR;NNT;DDX21;IPO7;R3HDM1;TGDS;SDHB;IPO5,NUDC;PPP1CC;SHMT2;SNRPA;XPO1;CCT5;DNAJC9;RUVBL2;PPM1G;LMNB2;SRSF9;TCP1;TREX2;HDAC1;SSRP1;KHSRP;HCFC1;SAFB;ESPL1;RFC4;PTGES3;IFRD1;CBFB;CLPP;MLEC;BAZ1B;DKC1;TUFM;SMARCC1;CCT8;KIFC1;EIF3I;GNG5;RPIA;ERP29;PMEL;DGUOK;AKR7A2;DEAF1;LSM2;STK24;SLBP;PDIA6;UQCRC1;TFDP1;RAD23A;KXD1;HDDC2;NONO;MAPRE1;EIF4EBP2;TUBA3E;PTTG1;DNMT1;NUDT1;ESD;PTDSS1;SRPK1;EDC4;BUB3;MCM3;DUT;SRSF1;NDUFV1;NDUFC1;XPOT;RMND5A;PRPF8;RNF44;UBE2S;NPM3;LBR;DCTD;VDAC2;CHAF1A;UBE2D2;VDAC3;IMPDH2;SF3A3;HADH;GTF2A2;GPN1;ABCB7;CS;HDAC2;GOT2;ASXL1;BUB1;POM121;TCEA1;VDAC1;ELOVL5;CBR4;SMC3;PAICS;TRA2B;PABPC4;SERBP1;USP1;MDC1;SNRNP200;SREBF2;ZNF131;ZWINT;GNB1;CDC16;UPF3A;NASP;STMN1;MCM6;ANP32A;FH;TNPO3;AASDHPPT;IPO5;SDHB;TGDS;R3HDM1;IPO7;DDX21;NNT;HNRNPR;AK2;HNRNPD;MCM2;G3BP2;PPT1;SSBP1;AFG3L2;PIBF1;ANAPC5;EIF1AX;MRPS27;XPO7;DDX19B;HNRNPU;ATXN10;PRPS2;XRCC5;RRM1;NAE1;PPIE;IMMT;PRKDC;MYCBP2;SRP72;SRRM1;TYMS;SEC63;RBBP4;KHDRBS1;LRPPRC,"[598, 665, 738, 1030, 1469, 1508, 1682, 1716, 1775, 1800, 1920, 2233, 2245, 2268, 2303, 2315, 2400, 2532, 2630, 2646, 2761, 2802, 3010, 3176, 3328, 3330, 3394, 3698, 3733, 3814, 3897, 4270, 4434, 4744, 4884, 4924, 5189, 5253, 5255, 5400, 5567, 5569, 5581, 5608, 5705, 5797, 5883, 5884, 5890, 6230, 6420, 6422, 6641, 6654, 6948, 6955, 6996, 7006, 7109, 7131, 7142, 7170, 7195, 7591, 7758, 7830, 7927, 7992, 8027, 8209, 8491, 8625, 8787, 8987, 9035, 9139, 9165, 9186, 9216, 9255, 9282, 9389, 9393, 9436, 9498, 9604, 9610, 9690, 9701, 9794, 9800, 10117, 10131, 10273, 10291, 10366, 10433, 10772, 10872, 11048, 11123, 11150, 11544, 11796, 12079, 12118, 12213, 12374, 12454, 12498, 12532, 12562, 12921, 13146, 13385, 13413, 13558, 13630, 13808, 13964, 14068, 14083, 14278, 14319, 14346, 14644, 14691, 14903, 15046, 15139, 15267, 15362, 15404, 15424, 15451, 15455, 15760, 15987, 16129, 16148, 16265, 16307, 16491, 16539, 16702, 16706, 16723, 16776, 16970, 17106, 17248, 17309]",c4.cgn__MORF_PPP1CC
c4.cgn,GCM_NUMA1,prerank,-0.32643382375432584,-1.072212835201063,0.32287822878228783,0.4810342797720823,1.0,12_50,12/50,17.74%,NUCKS1;MTMR7;DHX36;TAF9B;MTMR4;RPL7L1;SIN3A;ANKRA2;SPTLC1;TTC17;WDR73;ZNF512,WDR6;MOB4;BAHD1;MED17;CIZ1;SAFB;METTL17;NF2;SH2B1;SAMD4B;VPS26B;SAP130;ABHD16A;RNF41;BAZ2A;TBC1D10B;COQ10A;C1orf52;PRPF8;TMEM245;MSL1;TNPO2;NUMA1;TEX261;MORF4L1;ASB7;SEC22C;POGZ;COMMD9;SNRNP200;KDM3B;THUMPD1;CHD9;PRRC2B;UPF3A;LEMD3;PRDM4;GORASP1;ZNF512;WDR73;TTC17;SPTLC1;ANKRA2;SIN3A;RPL7L1;MTMR4;TAF9B;DHX36;MTMR7;NUCKS1,"[196, 997, 1484, 2333, 2460, 2532, 2732, 3658, 4052, 6069, 6170, 6291, 6745, 7198, 7234, 7764, 7905, 7934, 7992, 8286, 8368, 9233, 9366, 9412, 9976, 10723, 10762, 10813, 10931, 11123, 11224, 11360, 11886, 12128, 12213, 13265, 13341, 13439, 14411, 14539, 14781, 14836, 15333, 15543, 15918, 16200, 16286, 16832, 17160, 17195]",c4.cgn__GCM_NUMA1
c4.cgn,MORF_PSMF1,prerank,-0.2757438044709088,-1.074188188200871,0.2727272727272727,0.4820236335060893,1.0,46_152,46/152,24.40%,MFN1;IFT27;SLC24A1;LPGAT1;NTPCR;PIAS2;ZNF500;TRIM24;MSH3;TAF2;RPS6KA5;ESR1;CLPX;DIMT1;NR2C1;DNAJC16;TAF5L;GSK3B;RNF14;KRR1;WBP4;ZNF134;REV3L;NFX1;KLHDC10;AQP7;UTRN;CNTN6;WDR47;KIAA0586;ERC1;MGA;RBBP8;EPHB2;AMMECR1;ATP6V0A2;ARFGEF2;BPHL;GLE1;PIK3CB;OARD1;SPAST;BARX2;SLC33A1;KRT86;PAXIP1,UPK1A;PPP1R3D;PHF21A;KANK2;INPP5E;TMEM184B;TBX19;RUNX1;NMT1;KANK3;OSR1;CTRL;CNKSR1;FOSL1;TMEM11;MSL3;COX6A2;ZBTB17;NCKIPSD;ZBTB22;COLQ;IKBKE;NTNG2;ZNF32;NRTN;KLHL18;ZNF592;GRIK5;LTBP4;CPSF4;PARVB;TBC1D22A;NUMB;PLEKHB1;SULT2B1;POFUT2;SLC4A3;DTNA;ERCC2;WIPF2;GPR19;AMFR;POU6F2;NR1I2;CSTF3;NKRF;TMCC1;CAMK2G;POU6F1;IMPA1;SLC16A5;C1orf216;ST13;CHD3;DPT;BTD;PCF11;PHF10;BNIP1;IL13;BRCA1;PIGF;SEZ6L;POP4;FIG4;CACNB2;ADCY3;HTR7;MC5R;ZNF133;PSMF1;SULT4A1;BRD1;PAX9;CPEB3;CACNB1;DAPK2;SLC30A3;TBCE;SYT5;CDK13;FRYL;PTEN;CYP11A1;UBE4B;TFDP2;POLR2K;ITIH4;PPP2R5B;CDYL;EXTL3;ARHGAP12;TANC2;CHD9;FNTB;MICAL3;TTLL5;EP400;ZNF710;ATRX;GJB5;TTI1;SMG1;NFYB;SLC35B1;GPATCH8;PAXIP1;KRT86;SLC33A1;BARX2;SPAST;OARD1;PIK3CB;GLE1;BPHL;ARFGEF2;ATP6V0A2;AMMECR1;EPHB2;RBBP8;MGA;ERC1;KIAA0586;WDR47;CNTN6;UTRN;AQP7;KLHDC10;NFX1;REV3L;ZNF134;WBP4;KRR1;RNF14;GSK3B;TAF5L;DNAJC16;NR2C1;DIMT1;CLPX;ESR1;RPS6KA5;TAF2;MSH3;TRIM24;ZNF500;PIAS2;NTPCR;LPGAT1;SLC24A1;IFT27;MFN1,"[206, 313, 371, 432, 557, 897, 898, 1384, 1591, 1623, 1717, 1888, 2173, 2188, 2391, 2401, 2434, 2776, 2826, 2968, 3087, 3163, 3250, 3388, 3421, 3930, 4317, 4406, 4551, 4602, 4748, 4963, 5201, 5278, 5450, 5465, 5491, 5512, 5609, 5670, 5702, 5936, 5991, 6022, 6385, 6541, 6723, 6774, 7077, 7169, 7299, 7435, 7462, 7478, 7501, 7627, 7649, 7676, 7890, 8159, 8479, 8497, 8713, 8847, 8855, 8997, 9021, 9170, 9268, 9364, 9367, 9376, 9380, 9570, 9700, 9757, 10107, 10367, 10389, 10414, 10426, 10503, 10528, 10566, 10794, 10817, 10988, 11047, 11118, 11159, 11588, 11798, 11872, 11886, 11981, 12027, 12082, 12087, 12161, 12221, 12241, 12297, 12317, 12358, 12553, 12947, 13244, 13293, 13356, 13536, 13551, 13625, 13676, 13788, 13842, 13844, 13900, 13954, 14005, 14125, 14232, 14363, 14502, 14521, 14545, 14669, 14801, 14906, 14908, 14926, 15124, 15169, 15386, 15450, 15613, 15683, 15887, 15904, 15949, 16063, 16134, 16291, 16345, 16504, 16520, 16545, 16696, 16764, 17124, 17125, 17168, 17377]",c4.cgn__MORF_PSMF1
c4.cgn,GNF2_MLF1,prerank,-0.3083560182185714,-1.0725281688327706,0.3038461538461538,0.48319907705353365,1.0,14_63,14/63,17.95%,PHF7;SPAG6;TCP11;KDM4D;CCT6B;PIAS2;APH1B;IL13RA2;ODF1;LDHC;ANKRD7;SPATA6;SPA17;MLF1,HSPA1L;IZUMO4;IQCE;DKKL1;ZNF473;DPEP3;CSPG4;HSPA4L;FSCN3;ZC2HC1C;CEP112;SLC6A16;GID4;GAPDHS;BRDT;LRRC36;TEX14;TRIM13;SOX5;IFT122;RBMXL2;CABYR;KCNK4;ODF2;DNALI1;ACR;FNDC8;GSTM3;GSG1;CCIN;ACRV1;YBX2;MROH7;AKAP3;ACSBG2;RIBC2;TCFL5;CCNA1;GRK4;DDX25;CLPB;OAZ3;IFT88;DDX4;ZPBP;ROPN1;ADAM29;ZC3H14;NME5;MLF1;SPA17;SPATA6;ANKRD7;LDHC;ODF1;IL13RA2;APH1B;PIAS2;CCT6B;KDM4D;TCP11;SPAG6;PHF7,"[188, 891, 1234, 1264, 1360, 1917, 2442, 2521, 2524, 2557, 2869, 3078, 3271, 4589, 4652, 4713, 4935, 5059, 5260, 5822, 7128, 7139, 7201, 7497, 7572, 7577, 7854, 8401, 8446, 8478, 9055, 9156, 9198, 9377, 9702, 9775, 10274, 10863, 10900, 11042, 11710, 11747, 11814, 12693, 12927, 13113, 13157, 13607, 13629, 14374, 14390, 14763, 15107, 15324, 16073, 16321, 16361, 16696, 17047, 17086, 17154, 17288, 17334]",c4.cgn__GNF2_MLF1
c4.cgn,GCM_USP6,prerank,-0.3065412302814609,-1.0631879907809694,0.33267716535433073,0.4925514372672082,1.0,25_67,25/67,27.05%,MTCH2;BOD1L1;MTMR7;TMEM138;ADD2;DNAJC27;TMX3;OTUD6B;LRIG2;COG5;SIN3A;SNAPC3;ISCA1;FAN1;ATP2B2;DHRS11;GLYCTK;DIP2B;IPO5;PRDM4;COPS7A;USP6;RMND5B;FBXL20;MKS1,KLHL17;ATG4B;SMG5;SCAMP2;BAHD1;TADA2B;RIPK1;ZNF672;URGCP;TUT1;KLHL18;SH2B1;GIGYF1;EPS15L1;CNPPD1;MMP16;ERAL1;SEMA4F;TBC1D22B;AP2A1;VCP;DDX11;TBC1D10B;COQ10A;GFM2;FAM167A;GGT7;TMEM254;TEX261;CS;DHX37;EDNRA;SEC24A;FAM81A;PEX11B;ACAD11;MYO9A;KPNA6;POLR2M;EVI5L;DENND4A;VPS53;MKS1;FBXL20;RMND5B;USP6;COPS7A;PRDM4;IPO5;DIP2B;GLYCTK;DHRS11;ATP2B2;FAN1;ISCA1;SNAPC3;SIN3A;COG5;LRIG2;OTUD6B;TMX3;DNAJC27;ADD2;TMEM138;MTMR7;BOD1L1;MTCH2,"[131, 151, 767, 1423, 1484, 2187, 2701, 3084, 3194, 3809, 3930, 4052, 4070, 4172, 4405, 4548, 5023, 6141, 6309, 6922, 7245, 7565, 7764, 7905, 8200, 8405, 8457, 9394, 9412, 9436, 9517, 9524, 9979, 10670, 11074, 11304, 11401, 11451, 11574, 12078, 12390, 12509, 12780, 12920, 13070, 13227, 13328, 13341, 13385, 13420, 13491, 14074, 14287, 14343, 14639, 14968, 15543, 15661, 16048, 16071, 16323, 16404, 16769, 16914, 17160, 17376, 17431]",c4.cgn__GCM_USP6
c4.cgn,MORF_DEK,prerank,-0.25317661145560955,-1.0528711010430074,0.29891304347826086,0.5159161856638648,1.0,56_249,56/249,23.19%,MSH2;COA1;LRPPRC;KHDRBS1;RBMX;PSMB2;SEC63;HMGN1;YWHAQ;SRRM1;EIF4H;KRIT1;XRCC5;PRRC2C;OXA1L;ACP1;KIF2A;CLTC;ATXN10;SON;ACLY;DOCK3;HNRNPU;XPO7;MTDH;UBE2E1;EIF1AX;ANAPC5;GDI2;TAF11;DAP3;AFG3L2;RTN4;SSBP1;FOXJ3;NCL;PRPS1;YWHAZ;G3BP2;FAM120A;BZW1;MCM2;HNRNPD;RANBP1;CAPZA1;HNRNPR;SDHA;SLC25A5;XPO6;YWHAB;FUS;R3HDM1;CDC123;ZC3H15;SLC25A3;IK,HSP90AA1;JTB;SNRPA;CHERP;PRPF31;CTBP1;XPO1;CDK2;TRIM28;BCL7B;PPM1G;UBE2I;LSM7;SRSF9;SDR39U1;TRAPPC3;UBE2L3;DDX39A;BANF1;HDAC1;HNRNPAB;SMNDC1;FBL;SAFB;RPL36AL;RFC4;CTDNEP1;COX7C;STARD7;COPS6;IFRD1;RPL6;IST1;SERP1;CSNK2B;PARK7;RAF1;CRKL;AATF;PSMB1;NACA;SOD1;ACYP1;STOML2;TUFM;EBP;RPS27A;DDX49;CTCF;SNRPB;AURKB;EIF3I;UQCRH;NAP1L4;PCBP2;PRMT1;ANP32B;COX4I1;NUP188;SRP14;CCT7;DGUOK;RNPS1;LSM2;SEC61B;STK24;CYC1;NSA2;RAD23A;KXD1;NONO;HNRNPM;RALY;CCT2;PIN1;PSMB4;PCNA;HNRNPUL1;DHX38;RPA1;HMGB2;GPAA1;RAD21;TIAL1;NUDT1;TOP1;NAP1L1;SUMO3;EIF4A1;DEK;IDH3B;RPL21;BUB3;HNRNPA2B1;HADHB;NDUFS3;DUT;POLR2I;SRSF1;SUMO1;PSMB7;UQCRB;ACAA2;NDUFV1;CUL1;SYNCRIP;SUMO2;PSMA4;SET;HSPA8;UQCRFS1;PRPF8;MRPL9;ERH;PSMA2;TMEM123;SSB;PUF60;RHEB;RAN;VDAC2;ILF3;COX7A2L;DDX39B;COPS5;HAT1;GPN1;SRP9;CS;HDAC2;LDHA;C1QBP;POM121;TCEA1;PGK1;BRD8;MSH6;CNBP;TARDBP;PHB2;ZZZ3;EIF4A2;AP3S1;SP3;TRA2B;SNRPE;DRG1;HUWE1;PUM1;HNRNPK;ILF2;FBXW11;ETF1;U2AF1;EIF3K;USP1;ARPC5;HPRT1;HNRNPC;SNRNP200;SRSF3;SREBF2;KDM3B;LYPLA1;SMC1A;CBX3;XRCC6;EIF3H;UBA2;HNRNPA0;SEC61G;DNAJC8;EIF3M;ARFGAP2;COX7B;GNB1;SYPL1;CLNS1A;HTATSF1;CALM2;POLE3;METAP1;PUM2;MDH1;SKP1;PPP2CA;FAM168B;CANX;POLR2A;PCMT1;TERF2IP;GANAB;ITGB3BP;IK;SLC25A3;ZC3H15;CDC123;R3HDM1;FUS;YWHAB;XPO6;SLC25A5;SDHA;HNRNPR;CAPZA1;RANBP1;HNRNPD;MCM2;BZW1;FAM120A;G3BP2;YWHAZ;PRPS1;NCL;FOXJ3;SSBP1;RTN4;AFG3L2;DAP3;TAF11;GDI2;ANAPC5;EIF1AX;UBE2E1;MTDH;XPO7;HNRNPU;DOCK3;ACLY;SON;ATXN10;CLTC;KIF2A;ACP1;OXA1L;PRRC2C;XRCC5;KRIT1;EIF4H;SRRM1;YWHAQ;HMGN1;SEC63;PSMB2;RBMX;KHDRBS1;LRPPRC;COA1;MSH2,"[876, 880, 1030, 1100, 1145, 1410, 1469, 1573, 1635, 1737, 1775, 1857, 1878, 1920, 2011, 2069, 2076, 2153, 2209, 2268, 2299, 2319, 2514, 2532, 2623, 2646, 2698, 2712, 2743, 2781, 2802, 2812, 2898, 2908, 2962, 3030, 3033, 3142, 3146, 3303, 3349, 3398, 3599, 3648, 3698, 3700, 3702, 3787, 4074, 4167, 4224, 4270, 4384, 4529, 4719, 4768, 4820, 4836, 4837, 4885, 5096, 5189, 5271, 5400, 5404, 5567, 5661, 5676, 5797, 5883, 5890, 5926, 5946, 6142, 6165, 6246, 6282, 6288, 6533, 6545, 6576, 6643, 6793, 6913, 6948, 6951, 7021, 7026, 7033, 7046, 7055, 7103, 7131, 7153, 7160, 7168, 7170, 7194, 7195, 7337, 7404, 7480, 7513, 7591, 7681, 7728, 7732, 7762, 7850, 7879, 7978, 7992, 8206, 8550, 8576, 8640, 8781, 8815, 8835, 8903, 8987, 9070, 9100, 9247, 9312, 9331, 9389, 9423, 9436, 9498, 9549, 9551, 9701, 9794, 9922, 10025, 10063, 10132, 10154, 10159, 10253, 10269, 10281, 10351, 10366, 10370, 10437, 10571, 10573, 10590, 10675, 10709, 10790, 10811, 10852, 10872, 10877, 11035, 11073, 11123, 11131, 11150, 11224, 11250, 11281, 11297, 11348, 11375, 11381, 11409, 11422, 11464, 11654, 11662, 11850, 12079, 12089, 12106, 12287, 12311, 12411, 12552, 12575, 12589, 12689, 12732, 12738, 12788, 12851, 12872, 13023, 13207, 13237, 13457, 13514, 13537, 13599, 13630, 13643, 13801, 13847, 13855, 13860, 14083, 14203, 14228, 14319, 14346, 14397, 14417, 14644, 14665, 14725, 14777, 14901, 14903, 14995, 15046, 15084, 15147, 15227, 15267, 15362, 15371, 15416, 15424, 15455, 15555, 15559, 15586, 15760, 15879, 15905, 15957, 15959, 16094, 16129, 16415, 16697, 16723, 16842, 16952, 16970, 17105, 17199, 17248, 17309, 17347, 17502]",c4.cgn__MORF_DEK
c4.cgn,MORF_LMO1,prerank,0.3431313098652779,1.0825534102389527,0.3091286307053942,0.5407764330724403,1.0,13_39,13/39,18.02%,KANK2;EFNA2;LBP;BCL2;IRF2BP1;GGT5;FOSL1;LMO1;TNFRSF25;SLC6A9;NCKIPSD;COLQ;SLC2A1,KANK2;EFNA2;LBP;BCL2;IRF2BP1;GGT5;FOSL1;LMO1;TNFRSF25;SLC6A9;NCKIPSD;COLQ;SLC2A1;AQP5;GRIK5;PAX8;PARVB;MOK;SLC4A3;AMFR;WDR62;FDXR;IMPA1;SLC16A5;DPT;SEZ6L;HTR7;PAX9;DAPK2;SLC30A3;CYP11A1;ITIH4;HTR1B;RBBP8;SPEF1;ZNF500;NTPCR;SLC24A1;HTR4,"[432, 1070, 1099, 1238, 1310, 1341, 2188, 2364, 2404, 2569, 2826, 3087, 3156, 4046, 4406, 4519, 4748, 5429, 5491, 5936, 6630, 6876, 7169, 7299, 7501, 8713, 9170, 9570, 10107, 10367, 10566, 11047, 11252, 14125, 14331, 16545, 16764, 17125, 17206]",c4.cgn__MORF_LMO1
c4.cgn,GCM_SMARCD1,prerank,0.2963578870644042,1.0843512571667078,0.3141683778234086,0.5412796718014057,1.0,21_89,21/89,13.95%,MICB;EBI3;BCAT2;FCGR2A;ADORA2A;AGER;AANAT;DGCR6;CLCN7;PTPRU;PLK1;PDE6G;WAS;FANCC;SLC18A1;SLC2A4;RING1;TBXA2R;DRG2;TFE3;CSPG4,MICB;EBI3;BCAT2;FCGR2A;ADORA2A;AGER;AANAT;DGCR6;CLCN7;PTPRU;PLK1;PDE6G;WAS;FANCC;SLC18A1;SLC2A4;RING1;TBXA2R;DRG2;TFE3;CSPG4;VAV1;VPS72;SMARCD2;RABGGTA;RENBP;AAMP;DPF2;NDUFA1;GCM1;SLC16A1;HTR1E;TMEM106A;HMGA2;TH;CCR9;IFNA21;EFNA3;ZNF76;PNMT;ZNF8;CLCN1;PEX5;TCF20;FUT2;TRIP13;MYBPC2;L1CAM;BNIP1;SMARCD1;IDUA;DRD1;FEV;SIRPB1;PRKCG;HNRNPL;TIMM17A;SLC30A3;PDE6B;SUPT4H1;MADD;PTPN5;MVK;ERCC4;ABCC1;LYST;AVPR1B;SCNN1G;GJA5;ZNF134;TAF11;CHIC1;SLC14A2;SCAF11;ERV3-1;MPP2;CD8B;ODF1;TAF1;CENPI;TTF1;COX10;GPR3;COL14A1;PRKAG1;GSTZ1;GRM4;ZNF132;ADCYAP1,"[152, 243, 375, 648, 691, 759, 807, 834, 851, 857, 869, 933, 1067, 1672, 1763, 1904, 1978, 2131, 2257, 2359, 2442, 2843, 2933, 3528, 3535, 3841, 3845, 3954, 4429, 4527, 4611, 4721, 5334, 5446, 5573, 5772, 5807, 5941, 5979, 6030, 6092, 6100, 6153, 6188, 6191, 6199, 7422, 7827, 7890, 8135, 8588, 8994, 8998, 9515, 9622, 9987, 10170, 10367, 10548, 10648, 10705, 10768, 11336, 12343, 12718, 13016, 13239, 14066, 14171, 15124, 15147, 15316, 15440, 15513, 15647, 15699, 15708, 16073, 16157, 16366, 16422, 16431, 16438, 16546, 16705, 16791, 16981, 17185, 17339]",c4.cgn__GCM_SMARCD1
c4.cgn,MORF_PPP2CA,prerank,-0.2718777782288311,-1.041883331263345,0.34709193245778613,0.5420272259037283,1.0,41_124,41/124,29.87%,LRPPRC;KHDRBS1;RBMX;PWP1;YWHAQ;EIF4H;CLTC;SON;HNRNPU;XPO7;EIF1AX;GDI2;AFG3L2;RTN4;FOXJ3;NCL;G3BP2;HNRNPH2;BZW1;HNRNPD;CAPZA1;BECN1;SLC25A5;XPO6;ZC3H15;SLC25A3;IK;TERF2IP;GMFB;RAP1B;PCMT1;POLR2A;CANX;FAM168B;PPP2CA;C1D;MDH1;METAP1;POLE3;CALM2;HTATSF1,GAK;PRPF31;XPO1;UBE2I;SDR39U1;TRAPPC3;UBE2L3;DDX39A;HNRNPAB;SMNDC1;SAFB;HNRNPH3;CTDNEP1;COX7C;STARD7;IFRD1;IST1;RAF1;AATF;PSMB1;NACA;RPS27A;NAP1L4;AP3D1;NUP188;RNPS1;SEC61B;ATP6V1F;KXD1;NONO;HNRNPM;CCT2;PIN1;DHX38;PSMA1;GPAA1;RAD21;CDV3;MORC3;TIAL1;DEK;IDH3B;HNRNPA2B1;HADHB;PSMB7;CUL1;SUMO2;PSMA4;SET;HSPA8;CAPZB;MRPL9;DNAJC7;UBN1;RNF4;SSB;PUF60;GPN1;CS;HDAC2;POM121;TCEA1;PGK1;TAF9;BRD8;CNBP;TARDBP;ZZZ3;AP3S1;DRG1;PUM1;HNRNPK;ILF2;FBXW11;ETF1;U2AF1;HNRNPC;SNRNP200;LYPLA1;ZNF207;DNAJC8;EIF3M;ARFGAP2;HTATSF1;CALM2;POLE3;METAP1;MDH1;C1D;PPP2CA;FAM168B;CANX;POLR2A;PCMT1;RAP1B;GMFB;TERF2IP;IK;SLC25A3;ZC3H15;XPO6;SLC25A5;BECN1;CAPZA1;HNRNPD;BZW1;HNRNPH2;G3BP2;NCL;FOXJ3;RTN4;AFG3L2;GDI2;EIF1AX;XPO7;HNRNPU;SON;CLTC;EIF4H;YWHAQ;PWP1;RBMX;KHDRBS1;LRPPRC,"[736, 1145, 1469, 1857, 2011, 2069, 2076, 2153, 2299, 2319, 2532, 2651, 2698, 2712, 2743, 2802, 2898, 3033, 3146, 3303, 3349, 3702, 4529, 4667, 4837, 5271, 5404, 5476, 5883, 5890, 5926, 6142, 6165, 6533, 6584, 6643, 6793, 6817, 6912, 6913, 7046, 7055, 7153, 7160, 7404, 7681, 7732, 7762, 7850, 7879, 8009, 8206, 8324, 8521, 8682, 8781, 8815, 9389, 9436, 9498, 9701, 9794, 9922, 10023, 10025, 10132, 10154, 10253, 10281, 10437, 10573, 10590, 10675, 10709, 10790, 10811, 11073, 11123, 11250, 11275, 11464, 11654, 11662, 12287, 12311, 12411, 12552, 12589, 12608, 12732, 12738, 12788, 12851, 12872, 12892, 12898, 13023, 13457, 13514, 13537, 13847, 13855, 14024, 14203, 14319, 14397, 14566, 14644, 14777, 14901, 14995, 15046, 15227, 15362, 15424, 15455, 15586, 15879, 16697, 16842, 17002, 17199, 17248, 17309]",c4.cgn__MORF_PPP2CA
c4.cgn,MORF_DEAF1,prerank,-0.31433475244092446,-1.0314439342725925,0.3893129770992366,0.5642378686364309,1.0,12_48,12/48,21.18%,LRPPRC;SRP72;PRKDC;IMMT;MRPS18B;XPO7;MRPS27;AFG3L2;CAMKK2;AK2;HNRNPR;IPO7,NUDC;PPP1CC;TREX2;KHSRP;SAFB;DKC1;NDUFS2;EIF3I;AKR7A2;DEAF1;LSM2;RAD23A;KXD1;HDDC2;ESD;PTDSS1;TXNL4A;NDUFV1;NPM3;DCTD;VDAC2;VDAC3;IMPDH2;SF3A3;HADH;GTF2A2;CS;POM121;PABPC4;NDUFS4;DNAJC11;CDC16;UPF3A;ANP32A;FH;SDHB;IPO7;HNRNPR;AK2;CAMKK2;AFG3L2;MRPS27;XPO7;MRPS18B;IMMT;PRKDC;SRP72;LRPPRC,"[598, 665, 2245, 2315, 2532, 3394, 4184, 4270, 5253, 5255, 5400, 5797, 5883, 5884, 6955, 6996, 7397, 7591, 8491, 8787, 8987, 9165, 9186, 9216, 9255, 9282, 9436, 9701, 10433, 11106, 11719, 12118, 12213, 12532, 12562, 13413, 13808, 14083, 14278, 14750, 15046, 15404, 15424, 15834, 16491, 16539, 16706, 17309]",c4.cgn__MORF_DEAF1
c4.cgn,MORF_PRKDC,prerank,-0.258369441198062,-1.0324407525680068,0.3560606060606061,0.5649069474232735,1.0,43_174,43/174,20.96%,LRPPRC;LANCL1;KHDRBS1;SEC63;DDX18;YWHAQ;TYMS;SRRM1;PRKDC;IMMT;USP14;PPIE;NAE1;GNL2;RRM1;XRCC5;PRPS2;PDHB;DDX46;MRPS18B;ATXN10;MTCP1;HMGN4;HNRNPU;DDX19B;XPO7;MRPS27;EIF1AX;ANAPC5;AFG3L2;IDH3A;SSBP1;CAMKK2;ANKRD17;MCM2;HNRNPD;AK2;CAPZA1;CNOT1;HNRNPR;DDB1;ARIH2;XPO6,TXLNA;NUDC;PPP1CC;SHMT2;PABPN1;TFAP4;CDKN2C;SNRPA;RAD54L;CDK11A;PRPF31;XPO1;CCT5;NUP62;TCOF1;ARID3A;CDK2;THOP1;RUVBL2;DDX39A;TCP1;TREX2;SSRP1;KHSRP;HCFC1;SCARB1;SAFB;RFC4;IFRD2;CTDNEP1;STARD7;CCT4;AATF;PGM1;RNPEP;MLEC;BAZ1B;DKC1;WDR18;BMI1;SMARCC1;ACTL6A;EIF2S2;EIF3I;GNG5;RPIA;MMS19;NUP188;ALG3;MZF1;PSMD3;DIAPH1;AKR7A2;DEAF1;LSM2;SLBP;TFDP1;RAD23A;KXD1;NONO;PIN1;TRIP13;RUVBL1;PSMA1;GPAA1;DNMT1;EI24;NUDT1;ESD;PTDSS1;SRPK1;PDIA3;BUB3;MCM3;HNRNPA2B1;DUT;TXNL4A;CAD;DFFA;PRPF8;NAGA;MCM5;NPM3;PSMD2;LBR;CEBPZ;SSB;DCTD;COQ9;VDAC2;RPN1;CHAF1A;VDAC3;HADH;GTF2A2;GPN1;CS;HDAC2;BUB1B;GOT2;POM121;TCEA1;HNRNPL;BRD8;TIMM17A;RPA2;PABPC4;ILF2;BMS1;TRRAP;USP1;PKMYT1;SNRNP200;SREBF2;TM9SF2;MCFD2;DNAJC8;ZNF131;DNAJC11;ZWINT;GNB1;CDC16;UPF3A;PWP2;MCM6;ANP32A;FH;ABCF1;POLR2A;TNPO3;CDC7;XPO6;ARIH2;DDB1;HNRNPR;CNOT1;CAPZA1;AK2;HNRNPD;MCM2;ANKRD17;CAMKK2;SSBP1;IDH3A;AFG3L2;ANAPC5;EIF1AX;MRPS27;XPO7;DDX19B;HNRNPU;HMGN4;MTCP1;ATXN10;MRPS18B;DDX46;PDHB;PRPS2;XRCC5;RRM1;GNL2;NAE1;PPIE;USP14;IMMT;PRKDC;SRRM1;TYMS;YWHAQ;DDX18;SEC63;KHDRBS1;LANCL1;LRPPRC,"[558, 598, 665, 738, 844, 951, 960, 1030, 1094, 1106, 1145, 1469, 1508, 1525, 1541, 1543, 1573, 1691, 1716, 2153, 2233, 2245, 2303, 2315, 2400, 2430, 2532, 2646, 2668, 2698, 2743, 3049, 3146, 3151, 3242, 3328, 3330, 3394, 3522, 3628, 3733, 3778, 4201, 4270, 4434, 4744, 4778, 4837, 4951, 4955, 4956, 5025, 5253, 5255, 5400, 5569, 5705, 5797, 5883, 5890, 6165, 6199, 6513, 6584, 6643, 6654, 6944, 6948, 6955, 6996, 7006, 7058, 7131, 7142, 7153, 7170, 7397, 7457, 7631, 7992, 8100, 8417, 8491, 8522, 8625, 8695, 8781, 8787, 8943, 8987, 9023, 9035, 9165, 9255, 9282, 9389, 9436, 9498, 9585, 9604, 9701, 9794, 9987, 10025, 10170, 10282, 10433, 10675, 10848, 10855, 10872, 10922, 11123, 11150, 11208, 11265, 11464, 11544, 11719, 11796, 12079, 12118, 12213, 12382, 12498, 12532, 12562, 12704, 12851, 12921, 13361, 13847, 13897, 14043, 14083, 14101, 14203, 14278, 14319, 14346, 14611, 14750, 14903, 14975, 15046, 15267, 15362, 15404, 15424, 15451, 15455, 15558, 15608, 15760, 15834, 15870, 15926, 15987, 16129, 16148, 16231, 16265, 16307, 16314, 16491, 16539, 16723, 16776, 16842, 16843, 16970, 17248, 17264, 17309]",c4.cgn__MORF_PRKDC
c4.cgn,MORF_SOD1,prerank,-0.24775653169027995,-1.0296455503227868,0.34296028880866425,0.5660292872374856,1.0,43_257,43/257,16.41%,MSH2;NDUFS1;COA1;LRPPRC;KHDRBS1;RBMX;PSMB2;AIMP2;SNRPA1;HMGN1;YWHAQ;PSMA3;EIF4H;PRKAR1A;MRPL3;PDCD6;PTPN11;PRPS2;PDHB;KIF2A;MRPS18B;UQCRC2;ATXN10;MTHFD1;TBL3;ACLY;DOCK3;HNRNPU;XPO7;MTDH;UBE2E1;TMED2;DLD;ANAPC5;TAF11;AFG3L2;RTN4;SSBP1;FEN1;VBP1;FAM20B;PGRMC1;G3BP2,SLC3A2;AHSA1;NUDC;HSPD1;HSP90AA1;UNG;SNRPA;CHERP;PRPF31;HSPE1;CCT3;BCAP31;TECR;G3BP1;NDUFS8;CCT5;TRIM28;RUVBL2;AP2S1;PPM1G;SRSF9;TRAPPC3;UBE2L3;HSPA4;MAP2K2;EIF3B;BANF1;HNRNPAB;TMEM147;DYNLL1;FBL;CTDNEP1;STARD7;PTGES3;IFRD1;NDUFV2;MTA1;TMEM106C;CSNK2B;SLC4A2;PARK7;SF3B2;PSMB1;MFAP1;SOD1;CFDP1;SMARCD2;STOML2;EIF2B4;TUFM;DDX49;NDUFS2;EIF3I;PSMB6;LSS;UQCRH;POP5;TMBIM6;PRMT1;ANP32B;COX4I1;HAX1;LSM4;CCT7;SCAMP3;DGUOK;AKR7A2;LSM2;COX6A1;MAGOH;CYC1;RAD23A;KXD1;NONO;AP2M1;NDUFS5;ACOT7;CCT2;PSMB4;PCNA;COX5A;PSMD9;DAP;SNRPG;COX6C;RPA1;SEC13;NEDD8;GPAA1;PPP2R1A;RAD21;NHP2;MAML1;EI24;DEK;PPP1CA;BUB3;HNRNPA2B1;HADHB;NDUFS3;POLR2I;SRSF1;SUMO1;MORF4L2;PSMB7;UQCRB;NDUFV1;NDUFC1;PSMA4;CDK4;XPOT;SET;HSPA8;DHX16;NDUFAB1;ATOX1;MRPL9;CCNB1;SPCS2;PSMC1;ETFA;ACOT13;ERH;PSMA2;PSMD8;SART3;GGCT;HCCS;SSB;PUF60;RHEB;PPP1R7;RAN;VDAC2;ILF3;PSMD7;DCTN2;VPS26A;ATIC;COPS5;HAT1;PRDX3;GPN1;SRP9;CS;FIBP;HSBP1;HDAC2;C1QBP;ALG8;RAD23B;GSPT1;EBAG9;VDAC1;CNBP;TARDBP;PHB2;ZZZ3;NDUFB3;FDPS;EIF4E2;LARP1;SNRPE;PRDX4;DRG1;UBAP2L;HUWE1;EEF1E1;ILF2;FBXW11;SMG7;U2AF1;HNRNPC;SNRNP200;NME1;LYPLA1;CBX3;UBA2;SEC61G;RAC1;GLO1;ARF3;LSM3;MPV17;NSDHL;COX7B;C6orf62;CYCS;SYPL1;CLNS1A;HSPA9;CALM3;POLE3;METAP1;MDH1;ENSA;SKP1;CANX;YWHAE;TPGS2;EIF3C;GANAB;KPNA2;TBCA;SLC25A3;DDX1;CDC123;FUS;UTP18;YWHAB;SDHA;CDC23;BZW1;FAM120A;G3BP2;PGRMC1;FAM20B;VBP1;FEN1;SSBP1;RTN4;AFG3L2;TAF11;ANAPC5;DLD;TMED2;UBE2E1;MTDH;XPO7;HNRNPU;DOCK3;ACLY;TBL3;MTHFD1;ATXN10;UQCRC2;MRPS18B;KIF2A;PDHB;PRPS2;PTPN11;PDCD6;MRPL3;PRKAR1A;EIF4H;PSMA3;YWHAQ;HMGN1;SNRPA1;AIMP2;PSMB2;RBMX;KHDRBS1;LRPPRC;COA1;NDUFS1;MSH2,"[40, 183, 598, 682, 876, 940, 1030, 1100, 1145, 1194, 1222, 1256, 1425, 1438, 1492, 1508, 1635, 1716, 1749, 1775, 1920, 2069, 2076, 2101, 2104, 2149, 2209, 2299, 2360, 2497, 2514, 2698, 2743, 2761, 2802, 2803, 2852, 2950, 2962, 2964, 3030, 3165, 3303, 3314, 3398, 3420, 3528, 3648, 3656, 3698, 3787, 4184, 4270, 4299, 4326, 4384, 4706, 4731, 4768, 4820, 4836, 4867, 4871, 5096, 5104, 5189, 5253, 5400, 5419, 5507, 5661, 5797, 5883, 5890, 5915, 6012, 6071, 6142, 6246, 6282, 6389, 6409, 6456, 6491, 6499, 6545, 6603, 6619, 6643, 6695, 6793, 6828, 6909, 6944, 7046, 7117, 7131, 7153, 7160, 7168, 7194, 7195, 7337, 7391, 7404, 7480, 7591, 7758, 7762, 7822, 7830, 7850, 7879, 7974, 8115, 8143, 8206, 8226, 8291, 8434, 8467, 8468, 8550, 8576, 8583, 8648, 8653, 8674, 8781, 8815, 8835, 8862, 8903, 8987, 9070, 9152, 9173, 9239, 9278, 9312, 9331, 9353, 9389, 9423, 9436, 9475, 9489, 9498, 9551, 9623, 9640, 9773, 9785, 9800, 10132, 10154, 10159, 10253, 10262, 10275, 10288, 10304, 10370, 10397, 10437, 10463, 10571, 10644, 10675, 10709, 10715, 10811, 11073, 11123, 11144, 11250, 11297, 11381, 11422, 11471, 11537, 11621, 11643, 11741, 11828, 11850, 11871, 11932, 12089, 12106, 12206, 12212, 12411, 12552, 12589, 12665, 12689, 12788, 12907, 13076, 13078, 13207, 13366, 13459, 13514, 13598, 13599, 13643, 13717, 13801, 13860, 14305, 14397, 14417, 14644, 14655, 14668, 14758, 14856, 14903, 14995, 15046, 15147, 15267, 15272, 15290, 15371, 15416, 15424, 15455, 15555, 15559, 15595, 15626, 15760, 15798, 15834, 15905, 15926, 15987, 16007, 16075, 16293, 16685, 16697, 16801, 16842, 16952, 16976, 17042, 17105, 17199, 17248, 17309, 17347, 17390, 17502]",c4.cgn__MORF_SOD1
c4.cgn,GCM_SUPT4H1,prerank,0.31904267164117606,1.06379047272248,0.34122287968441817,0.5850441627479948,1.0,15_54,15/54,17.13%,MICB;BCAT2;FCGR2A;FCGR2B;AANAT;DGCR6;PTPRU;MAPK3;FANCC;SLC2A4;RING1;DRG2;VAV1;VPS72;CDH5,MICB;BCAT2;FCGR2A;FCGR2B;AANAT;DGCR6;PTPRU;MAPK3;FANCC;SLC2A4;RING1;DRG2;VAV1;VPS72;CDH5;RABGGTA;AAMP;DPF2;NDUFA1;SLC16A1;NGFR;TMEM106A;HMGA2;CCR9;ZNF8;FUT2;TRIP13;CSTF3;NRF1;TLK2;BNIP1;SMARCD1;FEV;NCAPD3;TIMM17A;SLC30A3;PDE6B;SUPT4H1;MADD;MVK;SP2;RFX5;LYST;AVPR1B;SDHC;CHIC1;MPP2;ODF1;TAF1;CENPI;COL14A1;DDX18;GRM4;ADCYAP1,"[152, 375, 648, 716, 807, 834, 857, 1114, 1672, 1904, 1978, 2257, 2843, 2933, 2999, 3535, 3845, 3954, 4429, 4611, 4970, 5334, 5446, 5772, 6092, 6191, 6199, 6385, 7477, 7583, 7890, 8135, 8998, 9082, 10170, 10367, 10548, 10648, 10705, 11336, 12439, 12736, 13016, 13239, 15164, 15316, 15699, 16073, 16157, 16366, 16546, 16843, 16981, 17339]",c4.cgn__GCM_SUPT4H1
c4.cgn,GNF2_IGFBP1,prerank,0.3829108951705879,1.0647003564014772,0.37154989384288745,0.5881960474779215,1.0,6_23,6/23,12.18%,EBI3;PAGE4;IGF2;GDF15;HSD17B1;IGFBP1,EBI3;PAGE4;IGF2;GDF15;HSD17B1;IGFBP1;GPC3;GCM1;HSD3B1;MMP11;ADAM12;KISS1;TIMP2;PAPPA;TAC3;PSG3;EGFL6;PSG9;CYP19A1;SVEP1;CRH;PAPPA2;PSG5,"[243, 702, 826, 1105, 1515, 2133, 4351, 4527, 5378, 5605, 8461, 9673, 10271, 10492, 10676, 10677, 11003, 12256, 13478, 15874, 16441, 16586, 16720]",c4.cgn__GNF2_IGFBP1
c4.cgn,MORF_BUB1B,prerank,0.30207744908883194,1.0551148792016953,0.3405639913232104,0.5886615506702778,1.0,17_59,17/59,15.11%,NUDC;SHMT2;CCNA2;PLK1;CDKN2C;RAD54L;CDK11A;KIF14;CCT5;ARID3A;DLEU1;TBXA2R;TREX2;KHSRP;HCFC1;ESPL1;RFC4,NUDC;SHMT2;CCNA2;PLK1;CDKN2C;RAD54L;CDK11A;KIF14;CCT5;ARID3A;DLEU1;TBXA2R;TREX2;KHSRP;HCFC1;ESPL1;RFC4;BAZ1B;PLAGL2;ACTL6A;CENPA;TTK;TOP2A;TMC6;TFDP1;TRIP13;DNMT1;TYRO3;ESD;SRPK1;NAGA;NDC80;CDK1;CEBPZ;TPX2;GTF2A2;HDAC2;BUB1B;GOT2;BUB1;HMMR;ZWINT;GLMN;MCM6;ABCF1;ANP32E;CDC7;IPO5;OXCT1;MCM2;MRPS18B;DDX46;USP14;IMMT;PRKDC;KIF20B;RFC3;PLK4;ABCE1,"[598, 738, 799, 869, 960, 1094, 1106, 1170, 1508, 1543, 1670, 2131, 2245, 2315, 2400, 2630, 2646, 3330, 3399, 3778, 3907, 4301, 5039, 5359, 5705, 6199, 6654, 6772, 6955, 7006, 8100, 8153, 8376, 8695, 8870, 9282, 9498, 9585, 9604, 9690, 11716, 11796, 12199, 12498, 12704, 13005, 13361, 13385, 14310, 14346, 15834, 15870, 16314, 16491, 16539, 16788, 17159, 17310, 17352]",c4.cgn__MORF_BUB1B
c4.cgn,GCM_HMGA2,prerank,0.28268897060639214,1.0563012405111247,0.3210633946830266,0.5904897521053121,1.0,28_103,28/103,17.13%,MICB;EBI3;BCAT2;FCGR2A;ADORA2A;FCGR2B;AGER;AANAT;DGCR6;PTPRU;PLK1;IRF5;WAS;CHRNE;FANCC;SLC18A1;CCL2;MMP19;SLC2A4;RING1;DRG2;CSPG4;GCK;MYH7;FHL3;VAV1;VPS72;CDH5,MICB;EBI3;BCAT2;FCGR2A;ADORA2A;FCGR2B;AGER;AANAT;DGCR6;PTPRU;PLK1;IRF5;WAS;CHRNE;FANCC;SLC18A1;CCL2;MMP19;SLC2A4;RING1;DRG2;CSPG4;GCK;MYH7;FHL3;VAV1;VPS72;CDH5;IKBKE;GABRQ;RABGGTA;TEC;RENBP;DPF2;GHRHR;NDUFA1;GCM1;SSTR3;HTR1E;UROD;NGFR;ITSN1;TMEM106A;HMGA2;CCR9;IFNA21;PNMT;ZNF8;CLCN1;FUT2;TRIP13;GRIN2C;KCNA6;MYBPC2;CHRM5;ELK4;NRF1;L1CAM;BNIP1;SMARCD1;CTLA4;DRD1;FEV;SIRPB1;PRKCG;TUB;SLC30A3;PDE6B;SUPT4H1;MADD;FABP3;PTPN5;MVK;STAT4;ERCC4;ABCC1;KRT31;LYST;AVPR1B;BDH1;KRT83;SCNN1G;GJA5;AQP7;CHIC1;POP1;SLC14A2;ERV3-1;MPP2;CD8B;NR2C1;ODF1;TAF1;CENPI;COX10;GPR3;COL14A1;PRKAG1;GSTZ1;GRM4;ZNF132;ADCYAP1;HTR2C,"[152, 243, 375, 648, 691, 716, 759, 807, 834, 857, 869, 1040, 1067, 1336, 1672, 1763, 1826, 1899, 1904, 1978, 2257, 2442, 2648, 2695, 2753, 2843, 2933, 2999, 3163, 3465, 3535, 3674, 3841, 3954, 4232, 4429, 4527, 4696, 4721, 4913, 4970, 5037, 5334, 5446, 5772, 5807, 6030, 6092, 6100, 6191, 6199, 7345, 7353, 7422, 7448, 7465, 7477, 7827, 7890, 8135, 8921, 8994, 8998, 9515, 9622, 9877, 10367, 10548, 10648, 10705, 10707, 10768, 11336, 11706, 12343, 12718, 12889, 13016, 13239, 13915, 13939, 14066, 14171, 14801, 15316, 15363, 15440, 15647, 15699, 15708, 15904, 16073, 16157, 16366, 16431, 16438, 16546, 16705, 16791, 16981, 17185, 17339, 17447]",c4.cgn__GCM_HMGA2
c4.cgn,GNF2_MBD4,prerank,0.3728141809811687,1.0590057791247782,0.359026369168357,0.5936492279012071,1.0,9_23,9/23,19.12%,PAPOLA;RPS8;UXT;RPL34;JUND;RPL35A;RPS29;UBA52;NACA,PAPOLA;RPS8;UXT;RPL34;JUND;RPL35A;RPS29;UBA52;NACA;PFDN5;FAU;RPL22;RSRC2;INTS8;NSA2;RPS23;CDV3;PTMA;SNX2;DDX5;ING3;SCAF11;MBD4,"[1076, 1915, 2323, 2326, 2470, 2893, 3157, 3337, 3349, 4241, 4734, 5460, 5551, 5654, 5676, 6216, 6817, 7095, 10146, 11020, 13918, 15513, 16724]",c4.cgn__GNF2_MBD4
c4.cgn,GCM_FANCC,prerank,0.2795181345758142,1.0563732751779675,0.34685598377281945,0.5959971030087444,1.0,37_112,37/112,21.95%,MICB;EBI3;BCAT2;FCGR2A;FCGR2B;AGER;AANAT;DGCR6;CLCN7;PLK1;WAS;MAPK3;RIT1;AQP6;AIP;FANCC;CHMP1A;SLC18A1;CCL2;SLC2A4;RING1;DRG2;TFE3;MYH7;VAV1;VPS72;CDH5;IKBKE;GABRQ;SMARCD2;RABGGTA;GCGR;TEC;SMARCC1;MAZ;RENBP;AAMP,MICB;EBI3;BCAT2;FCGR2A;FCGR2B;AGER;AANAT;DGCR6;CLCN7;PLK1;WAS;MAPK3;RIT1;AQP6;AIP;FANCC;CHMP1A;SLC18A1;CCL2;SLC2A4;RING1;DRG2;TFE3;MYH7;VAV1;VPS72;CDH5;IKBKE;GABRQ;SMARCD2;RABGGTA;GCGR;TEC;SMARCC1;MAZ;RENBP;AAMP;DPF2;NDUFA1;SLC16A1;NQO2;PPP2R5A;LTK;NGFR;SLC29A2;DRAP1;RNPS1;TMEM106A;HMGA2;TH;CCR9;IFNA21;TTC1;PSD;ZNF8;PEX5;TCF20;FUT2;TRIP13;MAPRE1;CSTF3;NRF1;GLA;TLK2;BNIP1;SMARCD1;IDUA;DRD1;FEV;SIRPB1;MAP1A;PRKCG;PLG;HNRNPL;TIMM17A;PDE6B;ADRB3;SUPT4H1;MADD;PTPN5;SF1;MVK;ERCC4;ABCC1;RFX5;LYST;AVPR1B;KRT83;BECN1;GJA5;SIGMAR1;HIVEP1;AQP7;ZNF134;TAF11;SDHC;CHIC1;ERV3-1;MPP2;CD8B;ODF1;TAF1;CENPI;TTF1;COX10;GPR3;COL14A1;PRKAG1;GSTZ1;DDX18;GRM4;ADCYAP1,"[152, 243, 375, 648, 716, 759, 807, 834, 851, 869, 1067, 1114, 1364, 1401, 1644, 1672, 1684, 1763, 1826, 1904, 1978, 2257, 2359, 2695, 2843, 2933, 2999, 3163, 3465, 3528, 3535, 3575, 3674, 3733, 3840, 3841, 3845, 3954, 4429, 4611, 4673, 4755, 4932, 4970, 5205, 5252, 5271, 5334, 5446, 5573, 5772, 5807, 5820, 6059, 6092, 6153, 6188, 6191, 6199, 6230, 6385, 7477, 7530, 7583, 7890, 8135, 8588, 8994, 8998, 9515, 9568, 9622, 9981, 9987, 10170, 10548, 10582, 10648, 10705, 10768, 10998, 11336, 12343, 12718, 12736, 13016, 13239, 13939, 14024, 14171, 14235, 14789, 14801, 15124, 15147, 15164, 15316, 15647, 15699, 15708, 16073, 16157, 16366, 16422, 16431, 16438, 16546, 16705, 16791, 16843, 16981, 17339]",c4.cgn__GCM_FANCC
c4.cgn,CAR_IGFBP1,prerank,0.328353051223249,1.0496818136938098,0.39662447257383965,0.5995715960841758,1.0,9_45,9/45,14.07%,SERPINF2;PCK1;APOA1;ADH1B;ARG1;CFH;CYP3A4;IGFBP1;HGFAC,SERPINF2;PCK1;APOA1;ADH1B;ARG1;CFH;CYP3A4;IGFBP1;HGFAC;ASGR2;HPD;F12;CDO1;SLC22A1;DPYS;C9;TFR2;F2;ITIH1;SLC27A2;PON3;APOB;HPX;TDO2;PLG;CPB2;AQP9;PAH;HSD11B1;APOF;APOM;SDS;SAA4;C6;DHODH;CPS1;AHSG;ADH6;CYP2C8;LECT2;CFHR4;CYP4A11;C4BPA;CYP3A7;LPA,"[96, 572, 666, 1865, 2020, 2051, 2099, 2133, 2463, 3226, 4123, 4449, 4647, 5066, 5794, 5937, 6636, 7524, 8394, 8654, 8955, 9399, 9617, 9732, 9981, 9992, 10543, 10607, 10667, 10717, 10777, 11605, 12049, 13010, 13059, 13162, 13296, 13299, 13463, 14156, 14616, 14759, 14849, 15570, 16652]",c4.cgn__CAR_IGFBP1
c4.cgn,GNF2_ST13,prerank,0.3052280951001382,1.0473524371395464,0.3657505285412262,0.6010414589054089,1.0,32_62,32/62,26.12%,EEF1G;LSM7;UXT;RPL8;RPS3;RPL9;RPL31;RPL27;FBL;RPL14;RPL24;RPL6;RPS7;RPL35A;RPL7A;RPL3;RPS24;RPL38;RPS20;NACA;RPS6;RPS12;RPL7;RPL4;RPL19;RPL32;RPSA;RPS3A;RPS13;RPS4X;RPL23;SNRPD2,EEF1G;LSM7;UXT;RPL8;RPS3;RPL9;RPL31;RPL27;FBL;RPL14;RPL24;RPL6;RPS7;RPL35A;RPL7A;RPL3;RPS24;RPL38;RPS20;NACA;RPS6;RPS12;RPL7;RPL4;RPL19;RPL32;RPSA;RPS3A;RPS13;RPS4X;RPL23;SNRPD2;RPL36A;RPL5;RPL22;RPL17;RPS17;BTF3;NSA2;RPL37;RPS23;RPL10A;ST13;EIF3E;EIF3L;NOL7;RPL12;BRD8;SNRPE;SRSF3;EIF3D;EIF3H;EIF4B;RPL15;EEF1B2;CNOT7;HNRNPA1;NPM1;DDX50;SNRPD3;PWP1;RBMX,"[1845, 1878, 2323, 2353, 2390, 2420, 2425, 2446, 2514, 2534, 2693, 2812, 2854, 2893, 2907, 2972, 3103, 3230, 3327, 3349, 3757, 3808, 3887, 3957, 4014, 4122, 4210, 4216, 4265, 4288, 4415, 4575, 5084, 5122, 5460, 5534, 5576, 5589, 5676, 5716, 6216, 6728, 7462, 7547, 8017, 8070, 8558, 10025, 10370, 11131, 11188, 11375, 11807, 11953, 12656, 14624, 15588, 15766, 16576, 16826, 17002, 17199]",c4.cgn__GNF2_ST13
c4.cgn,GCM_PRKCG,prerank,0.32103753368931287,1.043568706230372,0.386,0.6011704021151457,1.0,13_51,13/51,13.47%,BCAT2;AANAT;DGCR6;CLCN7;PLK1;ELK1;WAS;CHERP;FANCC;SLC2A4;RING1;DRG2;TFE3,BCAT2;AANAT;DGCR6;CLCN7;PLK1;ELK1;WAS;CHERP;FANCC;SLC2A4;RING1;DRG2;TFE3;VPS72;RABGGTA;GCGR;DHPS;RENBP;TMEM106A;HMGA2;TH;CCR9;EFNA3;CLCN1;TRIP13;MYBPC2;L1CAM;SMARCD1;DRD1;FEV;SIRPB1;MAP1A;PRKCG;PDE6B;ADRB3;MADD;ABCC1;LYST;TLN2;AVPR1B;SCNN1G;PAK1;HIVEP1;ERV3-1;MPP2;ODF1;TTF1;COL14A1;PRKAG1;GSTZ1;GRM4,"[375, 807, 834, 851, 869, 973, 1067, 1100, 1672, 1904, 1978, 2257, 2359, 2933, 3535, 3575, 3623, 3841, 5334, 5446, 5573, 5772, 5941, 6100, 6199, 7422, 7827, 8135, 8994, 8998, 9515, 9568, 9622, 10548, 10582, 10705, 12718, 13016, 13068, 13239, 14066, 14368, 14789, 15647, 15699, 16073, 16422, 16546, 16705, 16791, 16981]",c4.cgn__GCM_PRKCG
c4.cgn,MORF_CNTN1,prerank,0.28250007778629216,1.0368863184101496,0.3702928870292887,0.6037845537190258,1.0,19_95,19/95,18.67%,ITGA10;MGAT1;GPR35;TGFB1;P2RY11;IFT140;HSF4;MMP25;PTPN9;TCOF1;B4GALT3;CNOT4;DRG2;KIF1C;TNK2;ORC1;PRKCSH;KHNYN;ADAMTSL2,ITGA10;MGAT1;GPR35;TGFB1;P2RY11;IFT140;HSF4;MMP25;PTPN9;TCOF1;B4GALT3;CNOT4;DRG2;KIF1C;TNK2;ORC1;PRKCSH;KHNYN;ADAMTSL2;EML3;SLC12A4;ARAF;PSD4;CNPPD1;GSK3A;CAMK2B;PAX8;NUDT3;MOK;KIF21B;FZR1;EFNA3;ARHGEF1;PNMT;CASP2;PITPNM1;GTF2F1;TRA2A;CRYBA4;USP19;GPR161;KCNH2;PAIP2B;GLP1R;ACR;IKBKG;CELA2A;IGHMBP2;ARVCF;APOBEC3C;ADAM15;PCBP3;ZFPL1;PRPH;RAP1GAP2;GPA33;USP11;VAMP1;H6PD;ANKRD12;RXRB;TUB;RPA2;TPMT;PKMYT1;PDPK1;MVK;GHITM;CNTN1;UBE3B;LMTK2;LSM12;ITGAD;FKBP15;ADSL;PFDN1;PLEKHG3;M6PR;SNW1;RBM8A;PFKFB2;NDST1;CNP;KAT7;SIK3;PTGER3;MPP2;XRCC2;ZNF337;TSPO2;HTR2A;ODF1;IGSF9B;ZKSCAN3;GPRIN2,"[52, 100, 156, 386, 513, 797, 1161, 1399, 1441, 1541, 2151, 2186, 2257, 2592, 2702, 2860, 3248, 3268, 3270, 3448, 3688, 3967, 4136, 4405, 4452, 4493, 4519, 4736, 5429, 5723, 5882, 5941, 5981, 6030, 6081, 6113, 6163, 6279, 6311, 6412, 6632, 6843, 7028, 7182, 7577, 7584, 7659, 7849, 7909, 8018, 8085, 8091, 8429, 8531, 8584, 8602, 8663, 8979, 9299, 9484, 9818, 9877, 10282, 10477, 10922, 10975, 11336, 11417, 11555, 11797, 11958, 12349, 12744, 13060, 13172, 13431, 13611, 13779, 13833, 14188, 14254, 14395, 14636, 15044, 15426, 15604, 15699, 15886, 15889, 15978, 16012, 16073, 16156, 16462, 16641]",c4.cgn__MORF_CNTN1
c4.cgn,MORF_GSPT1,prerank,0.31511111050908786,1.0383890509441414,0.3651804670912951,0.605078249053408,1.0,9_48,9/48,13.13%,AHSA1;NAA10;UNG;G3BP1;CCT5;PPM1G;HSPA4;EIF3B;HNRNPAB,AHSA1;NAA10;UNG;G3BP1;CCT5;PPM1G;HSPA4;EIF3B;HNRNPAB;SF3B2;MFAP1;SOD1;PRMT1;SCAMP3;RNF126;MAGOH;ACOT7;EIF4G1;PSMD9;NHP2;CDK4;CCNB1;GGCT;HCCS;ATIC;HAT1;ALG8;RAD23B;GSPT1;VDAC1;TOMM40;LARP1;UBAP2L;SMG7;MRFAP1L1;NSDHL;CYCS;HSPA9;KPNA2;UTP3;DDX1;CDC23;MRPL19;VBP1;FEN1;SSBP1;MTHFD1;SNRPA1,"[183, 658, 940, 1438, 1508, 1775, 2101, 2149, 2299, 3165, 3314, 3398, 4768, 5104, 5160, 5507, 6071, 6233, 6409, 6828, 7822, 8226, 8653, 8674, 9278, 9331, 9623, 9640, 9773, 9800, 9825, 10304, 10463, 10715, 10831, 11828, 11932, 12206, 13366, 13502, 13598, 14305, 14599, 14758, 14856, 14903, 15626, 16976]",c4.cgn__MORF_GSPT1
c4.cgn,MORF_RAC1,prerank,-0.2503112313006899,-1.01311350930198,0.4197292069632495,0.6054906567772651,1.0,47_203,47/203,23.92%,COA1;KHDRBS1;PSMB2;PWP1;PRKAG1;PRKAR1A;GORASP2;RAB6A;PSMC2;PDCD6;CLTC;ARFGEF1;MRPS18B;COPB2;POLR3C;SNX1;MTCP1;RAB5A;ARCN1;DOCK3;DYNC1I2;XPO7;MTDH;ATP2A2;TMED2;SDHC;NIPSNAP1;FMR1;RTN4;PRPSAP1;PPT1;PGRMC1;ANKRD17;FAM120A;PMM2;XPC;RAB5B;DDB1;PICALM;SDHA;XPO6;YWHAB;YIF1A;UBE3C;ARF4;GLG1;COPS7A,PCBD1;PLOD3;JTB;CNOT3;BCAP31;TMED9;NUP62;GLB1;AP2S1;TRAPPC3;MAP2K2;BANF1;CRK;HNRNPAB;SMNDC1;TMEM147;CLN3;CTDNEP1;CSNK1G2;STARD7;MTA1;IST1;SERP1;TMEM106C;CSNK2B;SLC4A2;RAF1;SHMT1;ILVBL;SEC24C;SOD1;CFDP1;SMARCD2;RBCK1;ACTL6A;MRPL28;PSMB6;GPX4;SLC10A3;STX4;UBA1;TMBIM6;KDELR1;PDAP1;CENPB;EIF2B2;FOXK2;SEC61B;COX6A1;F8A1;ATP6V1F;STK24;CYC1;KXD1;NONO;AP2M1;PSMB4;SSR4;ABR;COX5A;DAP;RPA1;SEC13;GPAA1;PIGC;PPP2R1A;RAD21;MAML1;TIAL1;EI24;IDH3G;BLOC1S1;OTUB1;HNRNPA2B1;HADHB;POLR2I;SUMO1;VGLL4;MORF4L2;ATP6V1H;WBP2;MEA1;ARF5;SUMO2;NDUFC1;HSPA8;CAPZB;COX8A;ATOX1;ATP6V0D1;MRPL9;SPCS2;DNPEP;EML2;PSMD8;SART3;GGCT;NCBP2;RNF4;RHEB;PPP1R7;RAN;ATP6AP1;COX7A2L;PSMD7;DCTN2;VPS26A;POLR2C;COPS5;ATG12;SRP9;CS;UBR5;RAD23B;ACTN4;EBAG9;BRD8;ATXN2;PARG;ISCU;ZZZ3;AP3S1;SP3;PRDX4;DRG1;AHCYL1;UBAP2L;PHF3;FBXW11;CDK16;ARPC5;RAB1A;PPP1R11;PEX11B;SNRNP200;LYPLA1;DPM1;SEC61G;RAC1;ARF3;NSDHL;C6orf62;UBE2A;CYCS;SNAPC5;SYPL1;SEPHS2;HTATSF1;METAP1;MDH1;ENSA;SKP1;CANX;GMFB;PPP2R5E;GANAB;COPS7A;GLG1;ARF4;UBE3C;YIF1A;YWHAB;XPO6;SDHA;PICALM;DDB1;RAB5B;XPC;PMM2;FAM120A;ANKRD17;PGRMC1;PPT1;PRPSAP1;RTN4;FMR1;NIPSNAP1;SDHC;TMED2;ATP2A2;MTDH;XPO7;DYNC1I2;DOCK3;ARCN1;RAB5A;MTCP1;SNX1;POLR3C;COPB2;MRPS18B;ARFGEF1;CLTC;PDCD6;PSMC2;RAB6A;GORASP2;PRKAR1A;PRKAG1;PWP1;PSMB2;KHDRBS1;COA1,"[397, 707, 880, 975, 1256, 1520, 1525, 1582, 1749, 2069, 2104, 2209, 2270, 2299, 2319, 2360, 2645, 2698, 2729, 2743, 2852, 2898, 2908, 2950, 2962, 2964, 3033, 3082, 3181, 3282, 3398, 3420, 3528, 3647, 3778, 4262, 4299, 4303, 4477, 4586, 4716, 4731, 4746, 4796, 4800, 4808, 4996, 5404, 5419, 5435, 5476, 5567, 5661, 5883, 5890, 5915, 6246, 6308, 6349, 6389, 6456, 6545, 6603, 6643, 6649, 6695, 6793, 6909, 6913, 6944, 7002, 7005, 7059, 7153, 7160, 7194, 7337, 7380, 7391, 7439, 7460, 7695, 7702, 7732, 7758, 7879, 8009, 8139, 8143, 8189, 8206, 8291, 8312, 8400, 8583, 8648, 8653, 8656, 8682, 8835, 8862, 8903, 8926, 9100, 9152, 9173, 9239, 9284, 9312, 9390, 9423, 9436, 9528, 9640, 9667, 9785, 10025, 10049, 10074, 10088, 10253, 10281, 10351, 10397, 10437, 10453, 10463, 10629, 10709, 10802, 10877, 10946, 10997, 11074, 11123, 11250, 11388, 11422, 11471, 11621, 11828, 11871, 11882, 11932, 11985, 12089, 12151, 12287, 12552, 12589, 12665, 12689, 12788, 12898, 12931, 13207, 13328, 13354, 13518, 13531, 13572, 13801, 13847, 13860, 13967, 14043, 14289, 14321, 14336, 14417, 14611, 14655, 14691, 14912, 14995, 15036, 15161, 15164, 15290, 15339, 15416, 15424, 15533, 15555, 15556, 15603, 15608, 15649, 15750, 15778, 15834, 15835, 15879, 16075, 16078, 16294, 16318, 16685, 16705, 17002, 17105, 17248, 17347]",c4.cgn__MORF_RAC1
c4.cgn,GNF2_MATK,prerank,0.3674127513661199,1.0436894319510495,0.3987473903966597,0.6063975721592593,1.0,12_24,12/24,24.01%,GZMM;KLRD1;RASSF1;PTGDR;ZAP70;CD247;BTN3A3;KLRK1;MATK;IL18RAP;SUN2;ABHD17A,GZMM;KLRD1;RASSF1;PTGDR;ZAP70;CD247;BTN3A3;KLRK1;MATK;IL18RAP;SUN2;ABHD17A;PRF1;CTSW;PRKCH;GZMH;ARHGEF3;S1PR5;KLRB1;NKG7;ARL4C;IL2RB;PTPN4;GZMA,"[677, 1325, 1540, 2128, 2462, 2564, 3109, 3412, 3832, 3895, 3986, 4205, 4709, 5967, 6300, 9977, 11016, 11247, 11447, 13309, 13903, 14160, 15244, 16671]",c4.cgn__GNF2_MATK
c4.cgn,MORF_FLT1,prerank,-0.27028145571160633,-1.0139876625269368,0.42034548944337813,0.6066171053889164,1.0,22_106,22/106,16.18%,NF1;ADCYAP1;HTR4;ATP10B;CCKAR;MON2;ZNF500;ZKSCAN3;GPR3;ESR1;PIGB;GPLD1;MPP2;PAX7;KRR1;MDM2;SCAPER;CLOCK;NXPE3;F7;AQP7;TGOLN2,MSX1;HSPB2;AANAT;TBX19;BCL2;FLT1;KANK3;HCRT;CTRL;CFH;ZBTB40;FOSL1;TBX1;TNFRSF25;TIE1;NCKIPSD;STK17A;COLQ;SLC2A1;IKBKE;CASP10;CD3E;KLHL18;AQP5;ZNF592;GRIK5;HAUS5;PAX8;LTBP4;SLC13A2;TBX5;NEUROD2;LTK;TBC1D22A;PLEKHB1;SLC4A3;GPR19;SLC22A6;SSTR5;ARL3;ATP8B1;POU6F1;MYO9B;SLC16A5;DPT;BNIP1;IL13;ELAVL2;HTR7;MC5R;WT1;SIX3;SULT4A1;BRD1;PAX9;TACC2;DAPK2;CD6;CDK5R1;SLC30A3;SYT5;CYP11A1;KRT33B;TFDP2;ITIH4;ITPR2;NOS2;HSD17B3;FNTB;ZNF710;ABCB9;GJB5;CRHR1;MYOZ3;KRT1;GPATCH8;PRSS16;PAXIP1;KRT86;ZNF157;PIK3CB;GLE1;ATP6V0A2;CYP2E1;TGOLN2;AQP7;F7;NXPE3;CLOCK;SCAPER;MDM2;KRR1;PAX7;MPP2;GPLD1;PIGB;ESR1;GPR3;ZKSCAN3;ZNF500;MON2;CCKAR;ATP10B;HTR4;ADCYAP1;NF1,"[231, 298, 807, 898, 1238, 1534, 1623, 1821, 1888, 2051, 2152, 2188, 2277, 2404, 2491, 2826, 3031, 3087, 3156, 3163, 3306, 3429, 3930, 4046, 4317, 4406, 4474, 4519, 4551, 4819, 4864, 4916, 4932, 4963, 5278, 5491, 5702, 6062, 6368, 6378, 6583, 7077, 7156, 7299, 7501, 7890, 8159, 8893, 9170, 9268, 9281, 9359, 9376, 9380, 9570, 10096, 10107, 10125, 10324, 10367, 10414, 10566, 10788, 10817, 11047, 11545, 11576, 11815, 11981, 12161, 12189, 12241, 12254, 12394, 12750, 12947, 13129, 13244, 13293, 13438, 13676, 13788, 13900, 14038, 14684, 14801, 14816, 14821, 15146, 15154, 15285, 15386, 15619, 15699, 15817, 15927, 16134, 16438, 16462, 16545, 16620, 16872, 17142, 17206, 17339, 17391]",c4.cgn__MORF_FLT1
c4.cgn,GCM_CSNK2B,prerank,0.28698427127632364,1.0392777752839184,0.36796536796536794,0.6080688638360612,1.0,42_91,42/91,27.52%,PPP1CC;GPS2;SNRPA;PCBP1;ATP1B3;TRIM28;LMNB2;EEF1G;RPS16;RPS8;SRSF4;SRSF9;CLIC1;HSP90AB1;RPL18;RPL27;RPS5;RPL14;RPL6;RPS7;CSNK2B;RPL3;POLG;RAF1;YBX1;SF3B2;NACA;DHPS;RPL29;RPL7;RPL4;RPL19;RPL32;RPSA;RPL23;NDUFA12;RPL11;SNRPD2;PCBP2;UBB;PRMT1;ANP32B,PPP1CC;GPS2;SNRPA;PCBP1;ATP1B3;TRIM28;LMNB2;EEF1G;RPS16;RPS8;SRSF4;SRSF9;CLIC1;HSP90AB1;RPL18;RPL27;RPS5;RPL14;RPL6;RPS7;CSNK2B;RPL3;POLG;RAF1;YBX1;SF3B2;NACA;DHPS;RPL29;RPL7;RPL4;RPL19;RPL32;RPSA;RPL23;NDUFA12;RPL11;SNRPD2;PCBP2;UBB;PRMT1;ANP32B;PSME1;PFN1;RPL17;NONO;HNRNPM;PSMB4;PSMA1;PSMC3;CFL1;PTMA;RPL21;BUD31;PSMD11;SUMO2;TBCB;RHOA;SET;EMD;PPIA;PSMD8;DDX39B;EEF2;TCEA1;HNRNPL;ILF2;POLR2K;SF1;EIF3F;EIF4B;APEX1;NASP;EIF3C;ACTG1;IK;SLC25A3;FUS;ZNHIT3;POLR2G;HNRNPD;YWHAZ;NCL;HNRNPU;HNRNPA1;NPM1;EIF4H;SNRPD3;PWP1;PSMB2;KHDRBS1,"[665, 758, 1030, 1366, 1382, 1635, 1800, 1845, 1909, 1915, 1916, 1920, 1955, 1985, 2393, 2446, 2520, 2534, 2812, 2854, 2962, 2972, 3012, 3033, 3086, 3165, 3349, 3623, 3862, 3887, 3957, 4014, 4122, 4210, 4415, 4418, 4526, 4575, 4719, 4750, 4768, 4820, 4930, 5360, 5534, 5890, 5926, 6246, 6584, 6885, 6939, 7095, 7103, 7503, 7716, 7732, 7767, 7817, 7850, 8016, 8248, 8583, 9247, 9332, 9794, 9987, 10675, 10988, 10998, 11586, 11807, 12075, 12374, 13078, 13331, 13457, 13514, 13643, 13710, 14055, 14319, 14665, 14777, 15455, 15588, 15766, 16697, 16826, 17002, 17105, 17248]",c4.cgn__GCM_CSNK2B
c4.cgn,GCM_DENR,prerank,-0.30871505619429535,-1.006778971679409,0.4366438356164384,0.6196639021938496,1.0,11_49,11/49,15.93%,BOD1L1;MTMR7;SUMF2;CHFR;DDX47;MTMR4;MCM4;SIN3A;ANAPC5;PSME3;PCNP,POLDIP3;MBD3;SPG21;AK4;ALKBH5;REPIN1;GATAD2A;TMEM39B;MED17;NF2;CPSF4;ARFGAP1;ZNF317;ACOT8;ABHD16A;CCAR1;DDA1;GPBP1;C1orf52;PRPF8;AAAS;GFM2;CCZ1B;TEX261;CS;TMEM167B;MORF4L1;UBR7;COMMD9;DDX17;TBC1D14;ACAD11;TOR1AIP1;CHUK;DENND4A;DENR;S100PBP;IPO5;PCNP;PSME3;ANAPC5;SIN3A;MCM4;MTMR4;DDX47;CHFR;SUMF2;MTMR7;BOD1L1,"[608, 818, 1168, 1249, 1315, 1665, 1721, 2078, 2333, 3658, 4602, 4788, 4984, 5361, 6745, 6940, 7050, 7910, 7934, 7992, 8169, 8200, 8379, 9412, 9436, 9727, 9976, 10306, 10931, 11153, 11174, 11304, 11774, 12017, 12390, 12426, 12530, 13385, 14729, 14933, 15267, 15543, 16190, 16200, 16226, 16285, 16397, 17160, 17376]",c4.cgn__GCM_DENR
c4.cgn,GNF2_BNIP2,prerank,0.3321476130664057,1.0209038332059797,0.40963855421686746,0.629575974072326,1.0,8_34,8/34,11.17%,HCLS1;PHF21A;PAPOLA;GMFG;TYK2;LAPTM5;ELF4;CLIC1,HCLS1;PHF21A;PAPOLA;GMFG;TYK2;LAPTM5;ELF4;CLIC1;STAT6;DOCK2;NACA;BNIP2;INTS8;SEC11A;CDV3;PAK2;WTAP;EIF3L;MBD2;SSR1;ARPC3;ATG12;USP3;DDX5;KDM5A;ADPGK;FAM120A;ACTR3;GDI2;MTDH;TRAPPC8;PDCD6IP;ACTR2;RBM3,"[286, 371, 1076, 1113, 1122, 1292, 1471, 1955, 2644, 2897, 3349, 5309, 5654, 5752, 6817, 7446, 7531, 8017, 8398, 8485, 9308, 9390, 10483, 11020, 12479, 14051, 14417, 14586, 15227, 15416, 16575, 16669, 16913, 17249]",c4.cgn__GNF2_BNIP2
c4.cgn,MORF_RBBP8,prerank,0.25222646751098377,1.0223957349902206,0.40501043841336115,0.6303263249159373,1.0,33_190,33/190,13.73%,MGAT1;GPR35;MSX1;KAT8;HSPB2;PHF21A;KANK2;DOK1;PCGF1;INPP5E;AANAT;PEX6;PML;IKZF1;LBP;LAIR1;MYC;BCL2;IRF2BP1;RUNX1;MMP25;BAHD1;RASSF1;TCOF1;SRRT;RERE;SLC30A1;CRYAA;B4GALT3;MTX1;LMO1;TMEM11;TNFRSF25,MGAT1;GPR35;MSX1;KAT8;HSPB2;PHF21A;KANK2;DOK1;PCGF1;INPP5E;AANAT;PEX6;PML;IKZF1;LBP;LAIR1;MYC;BCL2;IRF2BP1;RUNX1;MMP25;BAHD1;RASSF1;TCOF1;SRRT;RERE;SLC30A1;CRYAA;B4GALT3;MTX1;LMO1;TMEM11;TNFRSF25;SLC6A9;NCKIPSD;DPYSL4;STK17A;COLQ;SLC2A1;IKBKE;KIFC3;ADAMTSL2;NRTN;EML3;PLIN3;SLC12A4;KLHL18;AQP5;SH2B1;LSM1;IRF2;ZNF592;GRIK5;FANCG;HAUS5;CAMK2B;PAX8;CPSF4;NUDT3;CRCP;PARVB;SLC13A2;TBX5;LTK;TBC1D22A;DKK4;JAK3;PLEKHB1;FCHO1;NEK9;MOK;SLC4A3;NFRKB;ERCC2;RAP1A;PPP5C;EIF5B;AMFR;CRYBA4;SSTR5;CSTF3;ROCK1;WDR62;CAMK2G;FDXR;PAIP2B;MYO9B;SLC6A7;IMPA1;RPS6KB2;SLC16A5;SLC25A11;ST13;CHD3;DPT;DDX11;BTD;ADAM15;PCBP3;RANBP2;IL13;CEP135;SEZ6L;CLP1;HTR7;SIX3;PSMF1;BRD1;ANKRD12;PAX9;GNPAT;HNRNPL;SLC5A2;DAPK2;CDK5R1;SLC30A3;CDK13;FRYL;PMF1;CYP11A1;ALDOC;AFF2;BMS1;PKMYT1;ITIH4;ATP6V1B1;CRHR2;ZBTB11;ITPR2;SS18;EXTL3;HSD17B3;CHD9;ZNF710;ATRX;TTI1;IPCEF1;LSM12;NFYB;ECE2;GSTM5;SMC5;GPATCH8;MFN2;TLN2;PRSS16;PAXIP1;KRT86;SFSWAP;CYP19A1;IQGAP2;PIK3CB;GLE1;BPHL;ATP6V0A2;LEPROTL1;RFC1;RBBP8;RBM8A;SPEF1;NDST1;TNKS;RWDD3;F7;CLOCK;SIK3;GSK3B;TAF5L;PMS1;MPP2;CD8B;PIGB;TSPO2;CLPX;ESR1;IGSF9B;MUSK;AGPS;TAF2;CYP2A6;ARC;ZKSCAN3;PAFAH1B1;ZNF500;CCKAR;TUBGCP4;GTF2H3;SLC24A1;HTR4;ADCYAP1,"[100, 156, 231, 256, 298, 371, 432, 477, 556, 557, 807, 839, 985, 1092, 1099, 1183, 1232, 1238, 1310, 1384, 1399, 1484, 1540, 1541, 1571, 1640, 1726, 1964, 2151, 2215, 2364, 2391, 2404, 2569, 2826, 3016, 3031, 3087, 3156, 3163, 3261, 3270, 3421, 3448, 3518, 3688, 3930, 4046, 4052, 4143, 4161, 4317, 4406, 4445, 4474, 4493, 4519, 4602, 4736, 4745, 4748, 4819, 4864, 4932, 4963, 5202, 5207, 5278, 5365, 5425, 5429, 5491, 5498, 5609, 5616, 5644, 5863, 5936, 6311, 6368, 6385, 6585, 6630, 6774, 6876, 7028, 7156, 7158, 7169, 7191, 7299, 7418, 7462, 7478, 7501, 7565, 7627, 8085, 8091, 8103, 8159, 8646, 8713, 8937, 9170, 9359, 9367, 9380, 9484, 9570, 9936, 9987, 10044, 10107, 10324, 10367, 10426, 10503, 10562, 10566, 10567, 10687, 10848, 10922, 11047, 11176, 11260, 11526, 11545, 11559, 11588, 11815, 11886, 12161, 12221, 12297, 12331, 12349, 12358, 12432, 12486, 12798, 12947, 13019, 13068, 13129, 13244, 13293, 13427, 13478, 13650, 13676, 13788, 13842, 13900, 14017, 14088, 14125, 14188, 14331, 14395, 14449, 14657, 14816, 15146, 15426, 15613, 15683, 15684, 15699, 15708, 15927, 15978, 16063, 16134, 16156, 16254, 16310, 16345, 16405, 16423, 16462, 16518, 16545, 16872, 16889, 17089, 17125, 17206, 17339]",c4.cgn__MORF_RBBP8
c4.cgn,GCM_AIP,prerank,0.336220461046715,1.0237482138709,0.4148936170212766,0.6315914885878822,1.0,14_35,14/35,22.81%,BCAT2;PLK1;WAS;AIP;FANCC;LMNB2;DRG2;HDAC1;VAV1;SMARCD2;DHPS;SMARCC1;RENBP;ARHGAP4,BCAT2;PLK1;WAS;AIP;FANCC;LMNB2;DRG2;HDAC1;VAV1;SMARCD2;DHPS;SMARCC1;RENBP;ARHGAP4;UBE2D3;PRMT1;SLC29A2;DRAP1;NONO;ZNF76;ARHGEF1;TRIP13;BLMH;HNRNPL;TIMM17A;PDE6B;ILF2;POLR2K;SF1;ABCC1;SIGMAR1;SCAF11;TTF1;PRKAG1;DDX18,"[375, 869, 1067, 1644, 1672, 1800, 2257, 2268, 2843, 3528, 3623, 3733, 3841, 3994, 4427, 4768, 5205, 5252, 5890, 5979, 5981, 6199, 8068, 9987, 10170, 10548, 10675, 10988, 10998, 12718, 14235, 15513, 16422, 16705, 16843]",c4.cgn__GCM_AIP
c4.cgn,MORF_MYST2,prerank,0.29719594635450103,1.025512696291651,0.39019189765458423,0.6321040970603264,1.0,20_64,20/64,22.76%,GPR35;LPAR2;LGALS9;PIM1;STK19;RASSF7;LY6G6C;B4GALT3;CNOT4;DRG2;TNK2;ORC1;PRKCSH;SLC12A4;RPS27A;ALDH4A1;PEX10;ARAF;MAN2C1;SUN2,GPR35;LPAR2;LGALS9;PIM1;STK19;RASSF7;LY6G6C;B4GALT3;CNOT4;DRG2;TNK2;ORC1;PRKCSH;SLC12A4;RPS27A;ALDH4A1;PEX10;ARAF;MAN2C1;SUN2;CNPPD1;GSK3A;CAMK2B;NUDT3;RPL22;KIF21B;FZR1;EFNA3;PNMT;GTF2F1;GPR161;NR1H2;E2F1;ARVCF;PRPF8;APOBEC3C;PCBP3;ZFPL1;PRPH;RAP1GAP2;USP11;VAMP1;RXRB;TUB;TPMT;HNRNPK;PDPK1;MVK;DNAJC8;CNTN1;GIGYF2;UBE3B;GNL1;M6PR;SNW1;PFKFB2;KAT7;PTGER3;XRCC2;ZNF337;TSPO2;ODF1;GPRIN2;GRM4,"[156, 395, 718, 858, 920, 1015, 2025, 2151, 2186, 2257, 2702, 2860, 3248, 3688, 3702, 3735, 3935, 3967, 3984, 3986, 4405, 4452, 4493, 4736, 5460, 5723, 5882, 5941, 6030, 6163, 6632, 7734, 7793, 7909, 7992, 8018, 8091, 8429, 8531, 8584, 8663, 8979, 9818, 9877, 10477, 10590, 10975, 11336, 11464, 11555, 11646, 11797, 13407, 13779, 13833, 14254, 15044, 15604, 15886, 15889, 15978, 16073, 16641, 16981]",c4.cgn__MORF_MYST2
c4.cgn,GNF2_PPP6C,prerank,-0.32574535936542104,-0.998278351767283,0.44064386317907445,0.6408650001615035,1.0,12_36,12/36,27.07%,RBM3;SNRPD3;PPP6C;GDI2;DAP3;ACTR3;FAM120A;SNW1;MAPK1IP1L;IK;RNF138;SRP19,PAPOLA;YY1;SMNDC1;PSMB1;UBA52;PANK2;UBE2D3;TMA7;PSMD4;MAPRE1;ARF6;PSMA1;KCMF1;CDV3;SUMO2;SF3A1;POP4;PSMG2;SAP18;HNRNPK;SRSF3;EIF3D;ZNF207;CCDC59;SRP19;RNF138;IK;MAPK1IP1L;SNW1;FAM120A;ACTR3;DAP3;GDI2;PPP6C;SNRPD3;RBM3,"[1076, 1746, 2319, 3303, 3337, 3457, 4427, 5198, 5212, 6230, 6249, 6584, 6756, 6817, 7732, 8267, 8847, 9211, 10222, 10590, 11131, 11188, 11275, 12279, 12777, 13051, 13457, 13594, 13833, 14417, 14586, 15084, 15227, 16622, 16826, 17249]",c4.cgn__GNF2_PPP6C
c4.cgn,GNF2_EGFR,prerank,0.36284856443448366,1.0090715288302974,0.4346938775510204,0.6487109118298459,1.0,4_22,4/22,8.65%,MAFF;PAGE4;GDF15;HSD17B1,MAFF;PAGE4;GDF15;HSD17B1;EGFR;GCM1;HSD3B1;SDC1;ADAM12;KISS1;TIMP2;PAPPA;PSG3;PSG9;TFAP2A;CYP19A1;SERPINB2;FBN2;SVEP1;CRH;PAPPA2;PSG5,"[26, 702, 1105, 1515, 2347, 4527, 5378, 6228, 8461, 9673, 10271, 10492, 10677, 12256, 12910, 13478, 13879, 13922, 15874, 16441, 16586, 16720]",c4.cgn__GNF2_EGFR
c4.cgn,GNF2_BNIP3L,prerank,0.29988950687632443,1.0124093160249699,0.4216101694915254,0.6495813051578759,1.0,10_61,10/61,9.86%,SMOX;TAL1;PNP;CLIC2;MAP2K3;NFE2;BSG;SELENBP1;GYPC;SLC30A1,SMOX;TAL1;PNP;CLIC2;MAP2K3;NFE2;BSG;SELENBP1;GYPC;SLC30A1;TMCC2;GYPA;CA2;SLC12A3;BLVRB;RPIA;MARK3;ERMAP;UROD;TFDP1;RAD23A;UBE2O;GLRX5;RHD;TOP1;MPP1;FOXO3;RBX1;GYPE;NUDT4;RANBP10;HMBS;HBQ1;EPB42;MKRN1;SNCA;DCAF11;PPOX;TRAK2;EIF1AY;SLC22A4;ALAD;ACSL6;TSPAN5;GYPB;ISCA1;ANK1;SLC4A1;XPO7;EIF2AK1;GCLC;TSPO2;BNIP3L;CDC27;FBXO9;FBXO7;ALAS2;OSBP2;RHCE;SPTB;FECH,"[80, 105, 271, 289, 292, 688, 1058, 1289, 1383, 1726, 2134, 2930, 4119, 4461, 4651, 4744, 4793, 4897, 4913, 5705, 5797, 6047, 6212, 6822, 6951, 7461, 8003, 8474, 8560, 8678, 8892, 9001, 9132, 9240, 10100, 10959, 11128, 11154, 12578, 12668, 13349, 13422, 13889, 14191, 14372, 14639, 14850, 15393, 15424, 15783, 15915, 15978, 16159, 16259, 16334, 16479, 16487, 16629, 16802, 16935, 16983]",c4.cgn__GNF2_BNIP3L
c4.cgn,MORF_BUB1,prerank,0.31044490414223896,1.0105488635314026,0.44742729306487694,0.649672499471814,1.0,11_43,11/43,19.01%,NUDC;PPP1CC;PLK1;FOXM1;KIF14;CCT5;KHSRP;ESPL1;RFC4;MFAP1;BAZ1B,NUDC;PPP1CC;PLK1;FOXM1;KIF14;CCT5;KHSRP;ESPL1;RFC4;MFAP1;BAZ1B;KIF2C;PMEL;SPAG5;TFDP1;HDDC2;TYRO3;EI24;SRPK1;BUB3;SRSF1;XPOT;NDC80;CCNB1;TPX2;HAT1;HDAC2;BUB1B;GOT2;BUB1;VDAC1;USP1;HMMR;ZWINT;CYCS;MCM6;KIF11;VBP1;SSBP1;MRPS18B;RRM1;IMMT;RFC3,"[598, 665, 869, 1135, 1170, 1508, 2315, 2630, 2646, 3314, 3330, 4284, 4924, 4980, 5705, 5884, 6772, 6944, 7006, 7131, 7195, 7830, 8153, 8226, 8870, 9331, 9498, 9585, 9604, 9690, 9800, 10872, 11716, 11796, 11932, 12498, 13279, 14758, 14903, 15834, 16148, 16491, 17159]",c4.cgn__MORF_BUB1
c4.cgn,GCM_CASP2,prerank,-0.3496223140336765,-0.9908396180586216,0.45161290322580644,0.6588822104194468,1.0,4_24,4/24,11.28%,BOD1L1;THRAP3;DDX47;SIN3A,MEPCE;MED17;USP39;METTL17;STAT5B;CASP2;TBC1D22B;CCAR1;BAZ2A;DDX11;COQ10A;CS;DHX37;RRP9;COMMD9;VRK3;TEFM;DENND4A;S100PBP;FBXL20;SIN3A;DDX47;THRAP3;BOD1L1,"[528, 2333, 2498, 2732, 5095, 6081, 6309, 6940, 7234, 7565, 7905, 9436, 9517, 10037, 10931, 11803, 11858, 12390, 12530, 12920, 15543, 16226, 16408, 17376]",c4.cgn__GCM_CASP2
c4.cgn,MORF_WNT1,prerank,-0.27341720265964786,-0.9892717118122035,0.44223826714801445,0.6597502906964876,1.0,21_88,21/88,22.07%,GABRA6;SYT11;KCNH1;RASGRF1;NEU3;LRRTM2;RPGRIP1;COX10;RPGRIP1L;ZNF264;SPAG8;SCN5A;BAAT;NLE1;TRPC3;WNT1;AVPR1A;ANGPTL7;XPNPEP2;DSC1;BMPER,TCF15;RFX1;SERPINC1;ART3;MLLT3;IRGC;RBM17;MPHOSPH8;PHKG2;MYH7;MTRF1L;LCAT;CTRB1;CDKN2B;IL18RAP;PDE9A;FOXH1;BRDT;CHRNA1;OPHN1;ATP2A1;KIF1A;TNNT2;MATN4;PTGDR2;ZNF208;HIPK2;SEC14L2;BNC1;CRYBB3;DOC2A;CA5A;MYBPH;ODF2;NTN3;ZFY;SLITRK2;AP4E1;EPHA7;CD3G;BHMT;RAB3A;TEKT2;VIPR2;NMBR;NACAD;CUL3;GPR176;FOXN2;C1orf21;CYP4F11;GRM8;SOX3;DDN;PDE6C;AVP;FSTL4;LCT;ATRNL1;ASTN1;SAA4;ZNF154;ZNF239;OPN1SW;VPS41;EIF2B1;NPY5R;BMPER;DSC1;XPNPEP2;ANGPTL7;AVPR1A;WNT1;TRPC3;NLE1;BAAT;SCN5A;SPAG8;ZNF264;RPGRIP1L;COX10;RPGRIP1;LRRTM2;NEU3;RASGRF1;KCNH1;SYT11;GABRA6,"[133, 401, 470, 518, 888, 1514, 1516, 2395, 2542, 2695, 3177, 3706, 3761, 3838, 3895, 4230, 4521, 4652, 4686, 4771, 5412, 5510, 5671, 5802, 6166, 6269, 6403, 6673, 6785, 6819, 6961, 7210, 7270, 7497, 7753, 8053, 8207, 8566, 8607, 8645, 9256, 9354, 9689, 9694, 9749, 10056, 10069, 10087, 10390, 10522, 10701, 10745, 10947, 10976, 11079, 11326, 11365, 11633, 11692, 11777, 12049, 12108, 12302, 12469, 12579, 13180, 13464, 13653, 13733, 13817, 14021, 14324, 14329, 14429, 14614, 14724, 15125, 15293, 15565, 16050, 16431, 16453, 16580, 16777, 17048, 17117, 17137, 17516]",c4.cgn__MORF_WNT1
c4.cgn,MORF_RAF1,prerank,-0.26417654693019804,-0.9859423448427879,0.4783427495291902,0.6619773528020181,1.0,35_110,35/110,29.87%,KHDRBS1;PWP1;SEC63;YWHAQ;SRRM1;PRKAG1;EIF4H;SLC25A36;OXA1L;CLTC;TPR;NFATC2IP;FOXJ3;YWHAZ;HNRNPH2;XPC;CAPZA1;DDB1;XPO6;ZC3H15;IK;SFSWAP;TERF2IP;MFN2;RPRD2;PPP2R5E;GMFB;POLR2A;CANX;FAM168B;PPP2CA;METAP1;POLE3;DENND4A;HTATSF1,PABPN1;JTB;STK19;NUP62;SRRT;UBE2I;DDX39A;HNRNPAB;SMNDC1;NELFB;CTDNEP1;CSNK1G2;IST1;RAF1;PRKCSH;NACA;CSNK1D;PLIN3;MRPL28;UBE2D3;NAP1L4;PDAP1;NUP188;ATXN2L;SEC61B;ATP6V1F;KXD1;NONO;ABR;DHX38;GPAA1;MORC3;TIAL1;DEK;IDH3B;OTUB1;HNRNPA2B1;HADHB;SUMO1;SYNCRIP;SUMO2;PRPF8;CAPZB;KBTBD2;COX8A;MRPL9;CUX1;DNPEP;UBN1;RNF4;COX7A2L;POLR2C;ATG12;CS;CNOT2;TAF9;MKRN1;ZNF410;CNBP;ZZZ3;AP3S1;DRG1;HNRNPK;ILF2;FBXW11;ETF1;BRD3;RAB1A;HNRNPC;SNRNP200;KDM3B;DNAJC8;RAC1;ARFGAP2;TOR1AIP1;HTATSF1;DENND4A;POLE3;METAP1;PPP2CA;FAM168B;CANX;POLR2A;GMFB;PPP2R5E;RPRD2;MFN2;TERF2IP;SFSWAP;IK;ZC3H15;XPO6;DDB1;CAPZA1;XPC;HNRNPH2;YWHAZ;FOXJ3;NFATC2IP;TPR;CLTC;OXA1L;SLC25A36;EIF4H;PRKAG1;SRRM1;YWHAQ;SEC63;PWP1;KHDRBS1,"[844, 880, 920, 1525, 1571, 1857, 2153, 2299, 2319, 2632, 2698, 2729, 2898, 3033, 3248, 3349, 3453, 3518, 4262, 4427, 4529, 4796, 4837, 5018, 5404, 5476, 5883, 5890, 6349, 6533, 6643, 6912, 6913, 7046, 7055, 7059, 7153, 7160, 7337, 7728, 7732, 7992, 8009, 8097, 8139, 8206, 8237, 8312, 8521, 8682, 9100, 9284, 9390, 9436, 9858, 10023, 10100, 10123, 10132, 10253, 10281, 10437, 10590, 10675, 10709, 10790, 10940, 10946, 11073, 11123, 11224, 11464, 11471, 11662, 11774, 12287, 12390, 12411, 12552, 12732, 12738, 12788, 12851, 12898, 12931, 12944, 13019, 13023, 13427, 13457, 13537, 13847, 14043, 14203, 14321, 14566, 14665, 14901, 15807, 15832, 15879, 15959, 16642, 16697, 16705, 16723, 16842, 16970, 17002, 17248]",c4.cgn__MORF_RAF1
c4.cgn,MORF_RAB5A,prerank,-0.2698049722327235,-0.9868896279379059,0.462406015037594,0.6629094677189271,1.0,14_91,14/91,13.44%,CD47;PSMA3;MBD4;PPP6C;UBE4A;NBN;PSMC2;PDCD6;CHMP2B;COPB2;RAB5A;GPR107;TMED2;SDHC,SLC25A1;OGFR;MAPK3;BCAP31;TAPBP;DDB2;RNF114;RPL36AL;CLN3;RAB9A;RAE1;IST1;RPP38;VPS72;CFDP1;UBA1;TMBIM6;EIF2B2;COX4I1;GRINA;STX16;PSMB4;TM9SF1;COX5A;SEC13;CLEC18C;SUMO1;MORF4L2;ATP6V1H;WBP2;BUD31;ARF5;TMED10;VTI1B;ATOX1;ATP6V0D1;DNPEP;PSMC1;EIF5;DUSP11;PPP1R7;MAD2L1BP;COX7A2L;PSMD7;HSBP1;UBR5;RNF6;RAD23B;EBAG9;ISCU;ZNF410;NPTN;RER1;COIL;SMG7;ADAR;RAB1A;PEX11B;EFR3A;FUBP1;DPM1;RAC1;PSMC6;ARF3;HARS2;SYPL1;TPM4;ENSA;SKP1;SRP19;GMFB;ATP6V1E1;ATP6AP2;UBXN4;YWHAB;PICALM;BAG5;SDHC;TMED2;GPR107;RAB5A;COPB2;CHMP2B;PDCD6;PSMC2;NBN;UBE4A;PPP6C;MBD4;PSMA3;CD47,"[768, 1013, 1114, 1256, 1863, 2302, 2318, 2623, 2645, 2858, 2890, 2898, 2901, 2933, 3420, 4716, 4731, 4808, 4836, 5176, 5441, 6246, 6363, 6389, 6603, 6675, 7337, 7391, 7439, 7460, 7503, 7702, 7736, 7882, 8143, 8189, 8312, 8434, 8533, 8701, 8862, 8864, 9100, 9152, 9489, 9528, 9586, 9640, 9785, 10088, 10123, 10232, 10239, 10256, 10715, 10871, 10946, 11074, 11223, 11276, 11388, 11471, 11615, 11621, 11994, 12089, 12104, 12665, 12689, 12777, 12898, 13063, 13252, 13593, 13801, 13967, 14353, 15164, 15290, 15507, 15603, 15778, 15822, 16075, 16078, 16435, 16474, 16622, 16724, 16801, 17045]",c4.cgn__MORF_RAB5A
c4.cgn,MORF_RAB6A,prerank,-0.28264111797430413,-0.9793335135324979,0.5018939393939394,0.6767879160466023,1.0,10_65,10/65,14.41%,KHDRBS1;PRKAR1A;RAB6A;ARFGEF1;DYNC1I2;XPO7;MTDH;TMED2;AFG3L2;RTN4,BCAP31;GLB1;TRAPPC3;CTDNEP1;STARD7;MTA1;SERP1;SEC24C;SMARCD2;TMBIM6;KDELR1;CLTA;F8A1;KXD1;NONO;ABR;GPAA1;PPP2R1A;TIAL1;IDH3G;HADHB;SUMO1;VGLL4;WBP2;CLSTN1;MRPL9;SPCS2;SART3;PPP1R7;ATP6AP1;DCTN2;VPS26A;COPS5;ATG12;CS;TCEA1;ATXN2;AP3S1;SP3;AHCYL1;PHF3;FBXW11;ARPC5;RAB1A;SNRNP200;LYPLA1;RAC1;ARF3;METAP1;MDH1;ENSA;CANX;PAPSS1;SDHA;FAM120A;RTN4;AFG3L2;TMED2;MTDH;XPO7;DYNC1I2;ARFGEF1;RAB6A;PRKAR1A;KHDRBS1,"[1256, 1582, 2069, 2698, 2743, 2852, 2908, 3282, 3528, 4731, 4746, 5058, 5435, 5883, 5890, 6349, 6643, 6695, 6913, 7002, 7160, 7337, 7380, 7460, 8057, 8206, 8291, 8648, 8862, 8926, 9173, 9239, 9312, 9390, 9436, 9794, 10049, 10281, 10351, 10453, 10629, 10709, 10877, 10946, 11123, 11250, 11471, 11621, 12552, 12589, 12665, 12788, 13563, 13860, 14417, 14995, 15046, 15290, 15416, 15424, 15533, 15835, 16294, 16685, 17248]",c4.cgn__MORF_RAB6A
c4.cgn,GNF2_SPTB,prerank,-0.2836363003940257,-0.9747223275795875,0.49619771863117873,0.6831833039565828,1.0,14_64,14/64,12.14%,FECH;SPTB;RHCE;OSBP2;ALAS2;FBXO7;CDC27;BNIP3L;TSPO2;EIF2AK1;HBD;CA1;XPO7;SLC4A1,TAL1;CLIC2;MAP2K3;NFE2;BSG;UBAC1;SELENBP1;GYPC;NARF;TMCC2;GYPA;CA2;SLC12A3;KLF1;BLVRB;ERMAP;UROD;SLC6A8;TFDP1;RAD23A;GLRX5;RHD;PRDX2;HEBP1;MPP1;FOXO3;MINPP1;GYPE;KAT2B;NUDT4;RANBP10;HMBS;HBQ1;EPB42;RNF123;GCLM;SNCA;KEL;DCAF11;PPOX;TRAK2;EIF1AY;XK;GATA1;SLC22A4;ALAD;ACSL6;TSPAN5;GYPB;ANK1;SLC4A1;XPO7;CA1;HBD;EIF2AK1;TSPO2;BNIP3L;CDC27;FBXO7;ALAS2;OSBP2;RHCE;SPTB;FECH,"[105, 289, 292, 688, 1058, 1207, 1289, 1383, 1625, 2134, 2930, 4119, 4461, 4600, 4651, 4897, 4913, 5128, 5705, 5797, 6212, 6822, 6845, 7165, 7461, 8003, 8140, 8560, 8626, 8678, 8892, 9001, 9132, 9240, 9251, 9357, 10959, 10995, 11128, 11154, 12578, 12668, 12678, 12826, 13349, 13422, 13889, 14191, 14372, 14850, 15393, 15424, 15640, 15675, 15783, 15978, 16159, 16259, 16479, 16487, 16629, 16802, 16935, 16983]",c4.cgn__GNF2_SPTB
c4.cgn,GNF2_ANK1,prerank,-0.2836363003940257,-0.9747223275795875,0.49619771863117873,0.6831833039565828,1.0,14_64,14/64,12.14%,FECH;SPTB;RHCE;OSBP2;ALAS2;FBXO7;CDC27;BNIP3L;TSPO2;EIF2AK1;HBD;CA1;XPO7;SLC4A1,TAL1;CLIC2;MAP2K3;NFE2;BSG;UBAC1;SELENBP1;GYPC;NARF;TMCC2;GYPA;CA2;SLC12A3;KLF1;BLVRB;ERMAP;UROD;SLC6A8;TFDP1;RAD23A;GLRX5;RHD;PRDX2;HEBP1;MPP1;FOXO3;MINPP1;GYPE;KAT2B;NUDT4;RANBP10;HMBS;HBQ1;EPB42;RNF123;GCLM;SNCA;KEL;DCAF11;PPOX;TRAK2;EIF1AY;XK;GATA1;SLC22A4;ALAD;ACSL6;TSPAN5;GYPB;ANK1;SLC4A1;XPO7;CA1;HBD;EIF2AK1;TSPO2;BNIP3L;CDC27;FBXO7;ALAS2;OSBP2;RHCE;SPTB;FECH,"[105, 289, 292, 688, 1058, 1207, 1289, 1383, 1625, 2134, 2930, 4119, 4461, 4600, 4651, 4897, 4913, 5128, 5705, 5797, 6212, 6822, 6845, 7165, 7461, 8003, 8140, 8560, 8626, 8678, 8892, 9001, 9132, 9240, 9251, 9357, 10959, 10995, 11128, 11154, 12578, 12668, 12678, 12826, 13349, 13422, 13889, 14191, 14372, 14850, 15393, 15424, 15640, 15675, 15783, 15978, 16159, 16259, 16479, 16487, 16629, 16802, 16935, 16983]",c4.cgn__GNF2_ANK1
c4.cgn,MORF_RAN,prerank,0.2399378021834822,0.9943517078260822,0.4657534246575342,0.6890330171117102,1.0,65_250,65/250,22.41%,POLR2H;PTBP1;HDGF;HSPD1;HSP90AA1;JTB;MRPL23;SNRPA;CCT3;BCAP31;EEF1D;CTBP1;XPO1;TRIM28;RUVBL2;AP2S1;PPM1G;EEF1G;RPL13;UBE2I;SRSF9;HSP90AB1;RPS10;UBE2L3;BANF1;HDAC1;HNRNPAB;TMEM147;RPL18;MIF;MRPS12;DYNLL1;FBL;RPS5;RPL14;RPL36AL;RPL24;CTDNEP1;COX7C;STARD7;PRDX1;RPLP2;COPS6;RPL6;IST1;CSNK2B;PARK7;YBX1;RPS24;PSMB1;SSR2;NACA;SOD1;RPS25;SMARCD2;NME2;STOML2;TUFM;EBP;RPS27A;RPS6;DDX49;RPS12;RPL7;RPL23A,POLR2H;PTBP1;HDGF;HSPD1;HSP90AA1;JTB;MRPL23;SNRPA;CCT3;BCAP31;EEF1D;CTBP1;XPO1;TRIM28;RUVBL2;AP2S1;PPM1G;EEF1G;RPL13;UBE2I;SRSF9;HSP90AB1;RPS10;UBE2L3;BANF1;HDAC1;HNRNPAB;TMEM147;RPL18;MIF;MRPS12;DYNLL1;FBL;RPS5;RPL14;RPL36AL;RPL24;CTDNEP1;COX7C;STARD7;PRDX1;RPLP2;COPS6;RPL6;IST1;CSNK2B;PARK7;YBX1;RPS24;PSMB1;SSR2;NACA;SOD1;RPS25;SMARCD2;NME2;STOML2;TUFM;EBP;RPS27A;RPS6;DDX49;RPS12;RPL7;RPL23A;SNRPB;RPS13;PSMB6;UQCRH;NDUFA1;RPL11;SNRPD2;UBA1;PCBP2;GNAS;TMBIM6;FAU;UBB;PRMT1;COX5B;PDAP1;ANP32B;COX4I1;HAX1;ERP29;SRP14;CLTA;CCT7;MYL6B;RPL5;GPI;RNPS1;LSM2;SEC61B;COX6A1;ATP6V1F;BTF3;CYC1;RPN2;RPL30;RAD23A;KXD1;NONO;AP2M1;RALY;PABPC1;NDUFS5;CCT2;PSMB4;PCNA;HNRNPUL1;COX6B1;COX5A;SNRPG;COX6C;PSMB3;NEDD8;GPAA1;PPP2R1A;COPE;NDUFA2;RAD21;TIAL1;TPI1;NAP1L1;SUMO3;EIF4A1;DEK;IDH3B;RPL21;PPP1CA;BUB3;HNRNPA2B1;HADHB;NDUFS3;POLR2I;HINT1;SUMO1;PSMB7;UQCRB;EIF3E;NDUFV1;SUMO2;PSMA4;SET;HSPA8;UQCRFS1;NDUFAB1;COX8A;MRPL9;PPIA;PSMC1;ERH;PSMA2;PSMD8;PUF60;RHEB;PPP1R7;RAN;VDAC2;COX7A2L;PSMD7;DCTN2;DDX39B;COPS5;EEF2;SRP9;CS;FIBP;LDHA;C1QBP;COMMD4;TUBA1B;TCEA1;TUBB2A;PGK1;CNBP;TARDBP;PHB2;FDPS;SNRPE;DRG1;SNRPB2;HUWE1;EEF1E1;ILF2;U2AF1;EIF3K;HPRT1;HNRNPC;SNRNP200;SRSF3;NME1;LYPLA1;CBX3;XRCC6;EIF3H;UBA2;DNAJC8;RAC1;EIF3M;PGAM1;COX7B;CYCS;CLNS1A;CALM2;POLE3;METAP1;EIF4G2;MDH1;SKP1;CANX;PCMT1;EIF3C;GANAB;ACTG1;SLC25A3;CDC123;FUS;UTP18;YWHAB;SLC25A5;SDHA;CAPZA1;SRSF2;YWHAZ;NCL;SSBP1;DAP3;NIPSNAP1;GDI2;ANAPC5;TMED2;EIF1AX;MTDH;DOCK3;ACLY;ATXN10;NPM1;UQCRC2;PDCD6;PRKAR1A;EIF4H;YWHAQ;HMGN1;PWP1;PSMB2;RBMX;KHDRBS1;COA1,"[134, 179, 318, 682, 876, 880, 987, 1030, 1222, 1256, 1270, 1410, 1469, 1635, 1716, 1749, 1775, 1845, 1853, 1857, 1920, 1985, 2055, 2076, 2209, 2268, 2299, 2360, 2393, 2475, 2485, 2497, 2514, 2520, 2534, 2623, 2693, 2698, 2712, 2743, 2756, 2774, 2781, 2812, 2898, 2962, 3030, 3086, 3103, 3303, 3305, 3349, 3398, 3416, 3528, 3600, 3648, 3698, 3700, 3702, 3757, 3787, 3808, 3887, 3924, 4167, 4265, 4299, 4384, 4429, 4526, 4575, 4716, 4719, 4729, 4731, 4734, 4750, 4768, 4769, 4796, 4820, 4836, 4867, 4884, 4885, 5058, 5096, 5116, 5122, 5213, 5271, 5400, 5404, 5419, 5476, 5589, 5661, 5693, 5756, 5797, 5883, 5890, 5915, 5946, 6002, 6012, 6142, 6246, 6282, 6288, 6303, 6389, 6491, 6499, 6562, 6619, 6643, 6695, 6700, 6766, 6793, 6913, 7010, 7021, 7026, 7033, 7046, 7055, 7103, 7117, 7131, 7153, 7160, 7168, 7194, 7246, 7337, 7404, 7480, 7547, 7591, 7732, 7762, 7850, 7879, 7978, 8115, 8139, 8206, 8248, 8434, 8550, 8576, 8583, 8815, 8835, 8862, 8903, 8987, 9100, 9152, 9173, 9247, 9312, 9332, 9423, 9436, 9475, 9549, 9551, 9556, 9644, 9794, 9904, 9922, 10132, 10154, 10159, 10275, 10370, 10437, 10569, 10571, 10644, 10675, 10811, 10852, 11035, 11073, 11123, 11131, 11144, 11250, 11297, 11348, 11375, 11381, 11464, 11471, 11654, 11781, 11850, 11932, 12106, 12311, 12411, 12552, 12560, 12589, 12689, 12788, 12872, 13078, 13207, 13331, 13514, 13599, 13643, 13717, 13801, 13855, 13860, 14203, 14385, 14665, 14777, 14903, 15084, 15161, 15227, 15267, 15290, 15362, 15416, 15555, 15559, 15760, 15766, 15798, 16075, 16685, 16697, 16842, 16952, 17002, 17105, 17199, 17248, 17347]",c4.cgn__MORF_RAN
c4.cgn,MORF_TNFRSF25,prerank,-0.2354421017199134,-0.9712422375775629,0.5378787878787878,0.6894132869213796,1.0,30_230,30/230,10.85%,FAT2;MMACHC;NF1;MFN1;ADCYAP1;HTR4;ATP10B;SLC24A1;LPGAT1;LDLRAD4;SPTB;TUBGCP4;CCKAR;RPH3A;NTPCR;TRIM66;PIAS2;GREM1;ZNF500;ZKSCAN3;CYP2A6;MUSK;ESR1;CLPX;PIGB;DNAJC16;CD8B;MPP2;KAZN;PAX7,PTH1R;MSX1;KAT8;ITPKB;HSPB2;KANK2;DOK1;PCGF1;AANAT;TBX19;MPZL2;PML;EFNA2;LBP;MYC;BCL2;GGT5;RUNX1;BAHD1;FLT1;RASSF1;CPZ;SLC30A1;SLC18A1;HCRT;CTRL;RHBDL1;CRYAA;THRA;ZBTB40;CNKSR1;FOSL1;TBX1;LMO1;TMEM11;MSL3;TNFRSF25;COX6A2;SLC6A9;PLXNA3;ABCA1;NCKIPSD;STK17A;HNF1A;COLQ;SLC2A1;IKBKE;ADAMTSL2;NRTN;CD3E;EML3;SLC12A4;CALCOCO1;KLHL18;AQP5;IRF2;ZNF592;GRIK5;HAUS5;VKORC1;PAX8;LTBP4;SRPK3;CRCP;PARVB;SLC13A2;TBX5;LTK;TBC1D22A;NGFR;TAF12;DKK4;JAK3;PLEKHB1;JAG1;MOK;MLN;SLC4A3;NFRKB;GPR19;NFIC;EIF5B;AMFR;POU6F2;PSD;SLC22A6;SSTR5;ARL3;PVR;WDR62;SOCS6;CAMK2G;FDXR;POU6F1;MYO9B;IMPA1;RPS6KB2;SLC16A5;CYP2D6;C1orf216;DPT;DDX11;BTD;PHF10;BNIP1;PCBP3;IL13;RFC5;RALYL;CEP135;SNRNP27;TENM4;SEZ6L;TSPYL1;ELAVL2;ADCY3;HTR7;MC5R;WT1;SIX3;SULT4A1;AKAP3;BRD1;PRKACA;ADRA1B;PAX9;SLC17A7;GNPAT;PTPRS;SLC5A2;TACC2;DAPK2;CD6;CDK5R1;SDC3;SLC30A3;SYT5;SLC46A3;FRYL;CYP11A1;AFF2;ZNF330;KRT33B;UBE4B;ARHGEF12;GRK4;ELL2;POLR2K;ITIH4;HTR1B;CNTN2;ITPR2;NOS2;EXTL3;FNTB;ARNT;ZNF710;ABCB9;ATRX;GJB5;CRHR1;IPCEF1;LSM12;MYOZ3;ECE2;GSTM5;PPIL2;MYT1;KRT1;GPATCH8;SYNJ2;TLN2;RIMS2;PRSS16;PAXIP1;KRT86;ZNF157;CYP19A1;BARX2;PIK3CB;GLE1;ARFGEF2;ATP6V0A2;AMMECR1;CYP2E1;RBBP8;ETV3;HABP4;ATP2B2;SPEF1;ATP8A2;TGOLN2;AQP7;F7;NXPE3;DEPDC5;NFX1;CLOCK;SCAPER;MDM2;PAX7;KAZN;MPP2;CD8B;DNAJC16;PIGB;CLPX;ESR1;MUSK;CYP2A6;ZKSCAN3;ZNF500;GREM1;PIAS2;TRIM66;NTPCR;RPH3A;CCKAR;TUBGCP4;SPTB;LDLRAD4;LPGAT1;SLC24A1;ATP10B;HTR4;ADCYAP1;MFN1;NF1;MMACHC;FAT2,"[218, 231, 256, 279, 298, 432, 477, 556, 807, 898, 937, 985, 1070, 1099, 1232, 1238, 1341, 1384, 1484, 1534, 1540, 1568, 1726, 1763, 1821, 1888, 1928, 1964, 2052, 2152, 2173, 2188, 2277, 2364, 2391, 2401, 2404, 2434, 2569, 2610, 2620, 2826, 3031, 3074, 3087, 3156, 3163, 3270, 3421, 3429, 3448, 3688, 3715, 3930, 4046, 4161, 4317, 4406, 4474, 4516, 4519, 4551, 4608, 4745, 4748, 4819, 4864, 4932, 4963, 4970, 5042, 5202, 5207, 5278, 5281, 5429, 5474, 5491, 5498, 5702, 5825, 5863, 5936, 5991, 6059, 6062, 6368, 6378, 6517, 6630, 6633, 6774, 6876, 7077, 7156, 7169, 7191, 7299, 7348, 7435, 7501, 7565, 7627, 7676, 7890, 8091, 8159, 8556, 8635, 8646, 8668, 8681, 8713, 8891, 8893, 9021, 9170, 9268, 9281, 9359, 9376, 9377, 9380, 9427, 9536, 9570, 9653, 9936, 10043, 10044, 10096, 10107, 10125, 10324, 10352, 10367, 10414, 10498, 10503, 10566, 10687, 10746, 10788, 10794, 10898, 10900, 10930, 10988, 11047, 11252, 11306, 11545, 11576, 11588, 11981, 11989, 12161, 12189, 12221, 12241, 12254, 12331, 12349, 12394, 12432, 12486, 12660, 12740, 12750, 12947, 13003, 13068, 13082, 13129, 13244, 13293, 13438, 13478, 13536, 13676, 13788, 13844, 13900, 13954, 14038, 14125, 14186, 14236, 14287, 14331, 14653, 14684, 14801, 14816, 14821, 14828, 14908, 15146, 15154, 15285, 15619, 15694, 15699, 15708, 15887, 15927, 16063, 16134, 16254, 16405, 16462, 16545, 16612, 16696, 16734, 16764, 16825, 16872, 16889, 16935, 17015, 17124, 17125, 17142, 17206, 17339, 17377, 17391, 17465, 17517]",c4.cgn__MORF_TNFRSF25
c4.cgn,GNF2_TTK,prerank,-0.3136504452047634,-0.9697446788264354,0.5,0.6902133433901513,1.0,10_38,10/38,18.11%,PLK4;TYMS;CDC20;MCM4;RRM1;SMC2;SMC4;FEN1;GINS2;MCM2,CKS2;CCNA2;FOXM1;GMNN;RFC4;KIF18B;MELK;KIF2C;TTK;TOP2A;HJURP;NUSAP1;CCT2;PCNA;ASPM;NDC80;CDK1;FANCI;TPX2;BUB1B;RACGAP1;CCNB2;HMMR;ZWINT;DBF4;CENPF;KIF11;PRC1;MCM2;GINS2;FEN1;SMC4;SMC2;RRM1;MCM4;CDC20;TYMS;PLK4,"[176, 799, 1135, 2281, 2646, 3110, 4009, 4284, 4301, 5039, 5819, 6066, 6142, 6282, 7490, 8153, 8376, 8465, 8870, 9585, 9612, 9950, 11716, 11796, 12067, 12520, 13279, 13566, 14346, 14645, 14856, 15156, 16090, 16148, 16190, 16543, 16776, 17310]",c4.cgn__GNF2_TTK
c4.cgn,GNF2_HMMR,prerank,-0.2984292238690739,-0.9652610130117568,0.5218978102189781,0.6962385255804373,1.0,8_46,8/46,8.16%,PLK4;RFC3;TYMS;CDC20;SHCBP1;MCM4;RRM1;SMC2,CKS2;CCNA2;PLK1;UBE2C;FOXM1;CDCA3;GMNN;ESPL1;KIF18B;MELK;AURKB;TTK;BIRC5;RRM2;TOP2A;MKI67;NUSAP1;CDCA8;PCNA;KIF20A;ASPM;NDC80;E2F8;CDK1;BUB1B;BUB1;CCNB2;AURKA;HMMR;ZWINT;CENPF;KIF11;CENPE;PRC1;MCM2;GINS2;FEN1;SMC4;SMC2;RRM1;MCM4;SHCBP1;CDC20;TYMS;RFC3;PLK4,"[176, 799, 869, 1115, 1135, 1932, 2281, 2630, 3110, 4009, 4224, 4301, 4324, 4435, 5039, 5891, 6066, 6204, 6282, 7197, 7490, 8153, 8154, 8376, 9585, 9690, 9950, 10139, 11716, 11796, 12520, 13279, 13509, 13566, 14346, 14645, 14856, 15156, 16090, 16148, 16190, 16512, 16543, 16776, 17159, 17310]",c4.cgn__GNF2_HMMR
c4.cgn,GCM_CDH5,prerank,-0.32241415932452977,-0.9630370470657356,0.5149812734082397,0.6985293554577762,1.0,7_29,7/29,12.58%,ADCYAP1;COL14A1;TAF1;CD8B;MPP2;ERV3-1;CHIC1,AGER;AANAT;PTPRU;FANCC;SLC18A1;CDH5;GABRQ;SLC10A1;NDUFA1;ITSN1;HMGA2;CCR9;IFNA21;ZNF8;CALCRL;CTLA4;FEV;SLC30A3;SUPT4H1;MVK;LYST;AVPR1B;CHIC1;ERV3-1;MPP2;CD8B;TAF1;COL14A1;ADCYAP1,"[759, 807, 857, 1672, 1763, 2999, 3465, 3513, 4429, 5037, 5446, 5772, 5807, 6092, 6921, 8921, 8998, 10367, 10648, 11336, 13016, 13239, 15316, 15647, 15699, 15708, 16157, 16546, 17339]",c4.cgn__GCM_CDH5
c4.cgn,GNF2_DDX5,prerank,-0.2848811516650994,-0.9657553266469704,0.4963768115942029,0.6985932008201127,1.0,17_58,17/58,24.12%,SCAF8;ACTR2;UFM1;MBD4;TRAPPC8;BPTF;UBP1;ITGA4;SCAF11;CRBN;SRSF6;ADPGK;RBM5;UBXN4;CCNL1;IK;SF3B1,STK38;NXF1;PAPOLA;TYK2;RPL34;IKBKB;TRIM22;CSNK1G2;NACA;HECA;PTPRC;ARHGAP4;TAF1C;ZNF394;BNIP2;STX16;RSRC2;VPS16;NIPBL;TTC31;BIRC2;CDV3;ADCY7;MBD1;PHF11;MSL1;DDX3X;RBM22;ATG12;SETD2;YPEL5;SNX6;CHD1;ZXDC;RBM39;DDX5;MBNL1;VPS13C;YTHDC1;KDM5A;SRSF5;SF3B1;IK;CCNL1;UBXN4;RBM5;ADPGK;SRSF6;CRBN;SCAF11;ITGA4;UBP1;BPTF;TRAPPC8;MBD4;UFM1;ACTR2;SCAF8,"[222, 1036, 1076, 1122, 2326, 2341, 2486, 2729, 3349, 3468, 3989, 3994, 4362, 4870, 5309, 5441, 5551, 5934, 5994, 6049, 6219, 6817, 7067, 7582, 7833, 8368, 8765, 9120, 9390, 9665, 9885, 10488, 10554, 10624, 10819, 11020, 11269, 12320, 12475, 12479, 12755, 13294, 13457, 13496, 13593, 13849, 14051, 14257, 15112, 15513, 15698, 15880, 16356, 16575, 16724, 16782, 16913, 17406]",c4.cgn__GNF2_DDX5
c4.cgn,CAR_MYST2,prerank,-0.3500781495707143,-0.9605503604669882,0.5065420560747663,0.702514122596409,1.0,7_23,7/23,23.96%,ADCYAP1;GRM4;IGSF9B;KAT7;PFKFB2;ZNF157;TRIM58,RREB1;CEACAM4;LY6G6C;NCKIPSD;LILRA4;SLC12A4;EFNA3;ATP1B2;POU4F1;AIF1;IGHMBP2;PCBP3;NPPA;WNT10B;PRPH;VAMP1;TRIM58;ZNF157;PFKFB2;KAT7;IGSF9B;GRM4;ADCYAP1,"[806, 1720, 2025, 2826, 3572, 3688, 5941, 6196, 6361, 6768, 7849, 8091, 8110, 8235, 8531, 8979, 13322, 13438, 14254, 15044, 16156, 16981, 17339]",c4.cgn__CAR_MYST2
c4.cgn,GNF2_CDC27,prerank,0.2952451203734057,0.98418332537603,0.47540983606557374,0.7038725010688235,1.0,9_54,9/54,9.61%,TAL1;MAP2K3;HDGF;RBM38;UBAC1;SELENBP1;GYPC;NARF;DNAJC9,TAL1;MAP2K3;HDGF;RBM38;UBAC1;SELENBP1;GYPC;NARF;DNAJC9;GYPA;CA2;KLF1;BLVRB;RPIA;MARK3;ERMAP;UROD;TFDP1;RAD23A;GLRX5;PSMD9;TOP1;HTRA2;MINPP1;RBX1;GYPE;NUDT4;HMBS;HBQ1;EPB42;GCLM;RCL1;TFRC;DCUN1D1;DCAF11;PPOX;TRAK2;EIF1AY;XK;SLC22A4;ALAD;GYPB;ANK1;SLC4A1;XPO7;EIF2AK1;GCLC;BNIP3L;CDC27;FBXO7;ALAS2;RHCE;SPTB;FECH,"[105, 292, 318, 622, 1207, 1289, 1383, 1625, 1682, 2930, 4119, 4600, 4651, 4744, 4793, 4897, 4913, 5705, 5797, 6212, 6409, 6951, 6990, 8140, 8474, 8560, 8678, 9001, 9132, 9240, 9357, 9693, 10105, 10634, 11128, 11154, 12578, 12668, 12678, 13349, 13422, 14372, 14850, 15393, 15424, 15783, 15915, 16159, 16259, 16479, 16487, 16802, 16935, 16983]",c4.cgn__GNF2_CDC27
c4.cgn,GCM_BECN1,prerank,0.2888709461136228,0.9876103768035339,0.4650112866817156,0.7043556957247001,1.0,26_59,26/59,27.62%,BCAT2;FCGR2B;DGCR6;PLK1;MAPK3;FANCC;CHMP1A;CHKB;SLC2A4;SRSF4;RING1;DRG2;UPF1;VPS72;IKBKE;RABGGTA;GCGR;RENBP;AAMP;PSMB6;NDUFA12;UBE2D3;PSMD6;NQO2;ARHGDIA;NUP188,BCAT2;FCGR2B;DGCR6;PLK1;MAPK3;FANCC;CHMP1A;CHKB;SLC2A4;SRSF4;RING1;DRG2;UPF1;VPS72;IKBKE;RABGGTA;GCGR;RENBP;AAMP;PSMB6;NDUFA12;UBE2D3;PSMD6;NQO2;ARHGDIA;NUP188;RNPS1;TTC1;HNRNPM;PNMT;ZNF8;ARF1;MAPRE1;CYTH2;ESD;TLK2;PCK2;IDUA;USP7;TIMM17A;UBAP2L;ADRB3;SMG7;HTT;SP2;SKP1;SLC25A3;FUS;CCNI;RSU1;BECN1;TAX1BP1;DAZAP2;SDHC;BCLAF1;MPP2;EIF4H;GSTZ1;GRM4,"[375, 716, 834, 869, 1114, 1672, 1684, 1696, 1904, 1916, 1978, 2257, 2591, 2933, 3163, 3535, 3575, 3841, 3845, 4299, 4418, 4427, 4459, 4673, 4816, 4837, 5271, 5820, 5926, 6030, 6092, 6147, 6230, 6427, 6955, 7583, 8217, 8588, 9680, 10170, 10463, 10582, 10715, 11996, 12439, 12689, 13514, 13643, 13685, 13864, 14024, 14274, 14718, 15164, 15650, 15699, 16697, 16791, 16981]",c4.cgn__GCM_BECN1
c4.cgn,MORF_FANCG,prerank,0.24914132975526374,0.9819411700898965,0.49166666666666664,0.705200482139091,1.0,30_151,30/151,15.03%,MGAT1;MSX1;HSPB2;DOK1;DAXX;PCGF1;CARD10;STK19;TFAP4;PML;LBP;HSF4;BCL2;IRF2BP1;BAHD1;NUP62;RASSF1;TCOF1;SRRT;RERE;DNA2;PCGF2;B4GALT3;MTX1;CCNF;TMEM11;WWOX;SLC6A9;GALNT2;NELFB,MGAT1;MSX1;HSPB2;DOK1;DAXX;PCGF1;CARD10;STK19;TFAP4;PML;LBP;HSF4;BCL2;IRF2BP1;BAHD1;NUP62;RASSF1;TCOF1;SRRT;RERE;DNA2;PCGF2;B4GALT3;MTX1;CCNF;TMEM11;WWOX;SLC6A9;GALNT2;NELFB;SLC2A1;ILVBL;PRKCSH;KIFC3;ADAMTSL2;EML3;PLIN3;SLC12A4;CALCOCO1;KLHL18;AQP5;SH2B1;LSM1;IRF2;ZNF592;GRIK5;FANCG;HAUS5;PAX8;CPSF4;NUDT3;NUP188;PSMD3;ERAL1;DKK4;MOK;SLC4A3;NFRKB;DTNA;ERCC2;PPP5C;PKN2;EIF5B;MKI67;AMFR;PITPNM1;CRYBA4;SSTR5;CSTF3;NKRF;WDR62;FDXR;MYO9B;IMPA1;RPS6KB2;SLC25A11;CHD3;MR1;DDX11;IKBKG;BTD;MEA1;ADAM15;PCBP3;RANBP2;DNAJC7;CLP1;HTR7;HNRNPL;SLC5A2;RPA2;SLC30A3;CDK13;FRYL;PMF1;BMS1;PKMYT1;AP3B1;KDM3B;CRHR2;LDB1;SS18;EXTL3;CHD9;DIP2C;ATRX;TTI1;IPCEF1;LSM12;NFYB;ECE2;PPIL2;SMC5;POLR2A;RPRD2;MFN2;PAXIP1;SFSWAP;CDC25C;AGPAT1;OARD1;BPHL;XPO6;LEPROTL1;DDB1;RFC1;RBBP8;SPEF1;NDST1;CNP;F7;SEC31A;SIK3;GSK3B;PARN;MPP2;CD8B;TPR;PIGB;CLPX;IGSF9B;TAF2;ZKSCAN3;PAFAH1B1;ZNF500;PRKAG1;CSNK2A1;PWP1;GTF2H3;SLC24A1;HTR4,"[100, 231, 298, 477, 554, 556, 861, 920, 951, 985, 1099, 1161, 1238, 1310, 1484, 1525, 1540, 1541, 1571, 1640, 1690, 1786, 2151, 2215, 2271, 2391, 2505, 2569, 2570, 2632, 3156, 3181, 3248, 3261, 3270, 3448, 3518, 3688, 3715, 3930, 4046, 4052, 4143, 4161, 4317, 4406, 4445, 4474, 4519, 4602, 4736, 4837, 4956, 5023, 5202, 5429, 5491, 5498, 5512, 5609, 5644, 5765, 5863, 5891, 5936, 6113, 6311, 6368, 6385, 6541, 6630, 6876, 7156, 7169, 7191, 7418, 7478, 7537, 7565, 7584, 7627, 7695, 8085, 8091, 8103, 8324, 8937, 9170, 9987, 10044, 10282, 10367, 10426, 10503, 10562, 10848, 10922, 10936, 11224, 11260, 11461, 11559, 11588, 11886, 11915, 12221, 12297, 12331, 12349, 12358, 12432, 12660, 12798, 12851, 12944, 13019, 13244, 13427, 13437, 13440, 13625, 13842, 13847, 14017, 14043, 14088, 14125, 14331, 14395, 14636, 14816, 15076, 15426, 15613, 15639, 15699, 15708, 15832, 15927, 16063, 16156, 16345, 16462, 16518, 16545, 16705, 16833, 17002, 17089, 17125, 17206]",c4.cgn__MORF_FANCG
c4.cgn,GNF2_CDKN1C,prerank,0.36769874776857314,0.9796026623801023,0.47474747474747475,0.7064357305613058,1.0,3_18,3/18,8.65%,MAFF;GDF15;HSD17B1,MAFF;GDF15;HSD17B1;MAN1C1;GCM1;HSD3B1;CDKN1C;ADAM12;KISS1;TIMP2;PSG3;EGFL6;PSG9;CYP19A1;SVEP1;CRH;PAPPA2;PSG5,"[26, 1105, 1515, 4456, 4527, 5378, 8377, 8461, 9673, 10271, 10677, 11003, 12256, 13478, 15874, 16441, 16586, 16720]",c4.cgn__GNF2_CDKN1C
c4.cgn,MORF_ANP32B,prerank,0.2474273549842159,0.9849779561665563,0.4660633484162896,0.7071077476942563,1.0,52_186,52/186,22.21%,PTBP1;HDGF;HSPD1;GNB2;HSP90AA1;JTB;SNRPA;EEF1D;CTBP1;EIF3G;TRIM28;BCL7B;PPM1G;EEF1G;UBE2I;LSM7;SRSF9;CLIC1;HSP90AB1;UBE2L3;BANF1;HDAC1;HNRNPAB;RPL18;FBL;RPL14;RPL36AL;RPL24;COX7C;STARD7;RPLP2;COPS6;RPL6;IST1;CSNK2B;MCM7;PARK7;YBX1;RPS24;SF3B2;PSMB1;SSR2;NACA;SOD1;SMARCD2;TUFM;RPS27A;RPS6;DDX49;RPS12;RPL7;SART1,PTBP1;HDGF;HSPD1;GNB2;HSP90AA1;JTB;SNRPA;EEF1D;CTBP1;EIF3G;TRIM28;BCL7B;PPM1G;EEF1G;UBE2I;LSM7;SRSF9;CLIC1;HSP90AB1;UBE2L3;BANF1;HDAC1;HNRNPAB;RPL18;FBL;RPL14;RPL36AL;RPL24;COX7C;STARD7;RPLP2;COPS6;RPL6;IST1;CSNK2B;MCM7;PARK7;YBX1;RPS24;SF3B2;PSMB1;SSR2;NACA;SOD1;SMARCD2;TUFM;RPS27A;RPS6;DDX49;RPS12;RPL7;SART1;CTCF;SNRPB;AURKB;UQCRH;NDUFA1;SF3A2;SNRPD2;PCBP2;GNAS;FAU;COX5B;PDAP1;ANP32B;COX4I1;ERP29;SRP14;CCT7;RPL5;SNX3;RNPS1;COX6A1;TAF7;BTF3;CYC1;TATDN2;RPL30;RAD23A;KXD1;NONO;AP2M1;RALY;PABPC1;CCT2;PSMB4;PCNA;HNRNPUL1;COX6B1;HMGB2;PPP2R1A;COPE;RPL10A;RAD21;CHD4;NUDT1;NAP1L1;SUMO3;EIF4A1;DEK;RPL21;PPP1CA;BUB3;NDUFS3;HINT1;SUMO1;PSMB7;UQCRB;EIF3E;NDUFV1;SUMO2;SET;UQCRFS1;MRPL9;SF3A1;PSMC1;PSMD8;PUF60;RAN;VDAC2;ILF3;COX7A2L;DDX39B;COPS5;EEF2;SRP9;URM1;COMMD4;TCEA1;CNBP;TARDBP;PHB2;SNRPE;DRG1;U2AF1;EIF3K;HPRT1;HNRNPC;SNRNP200;SRSF3;HADHA;LYPLA1;CBX3;XRCC6;EIF3H;UBA2;EIF3M;EIF4B;CLNS1A;CALM3;POLE3;EIF4G2;SKP1;FAM168B;CANX;PCMT1;EIF3C;GANAB;SLC25A3;CDC123;FUS;CCNI;SDHA;HNRNPD;SRSF2;RSL1D1;DDOST;YWHAZ;DAZAP2;NCL;TAF11;GDI2;ANAPC5;MTDH;HNRNPA1;ATXN10;NPM1;AZIN1;ACP1;EIF4H;YWHAQ;HMGN1;SNRPA1;RBBP4;RBMX;KHDRBS1,"[179, 318, 682, 746, 876, 880, 1030, 1270, 1410, 1588, 1635, 1737, 1775, 1845, 1857, 1878, 1920, 1955, 1985, 2076, 2209, 2268, 2299, 2393, 2514, 2534, 2623, 2693, 2712, 2743, 2774, 2781, 2812, 2898, 2962, 2994, 3030, 3086, 3103, 3165, 3303, 3305, 3349, 3398, 3528, 3698, 3702, 3757, 3787, 3808, 3887, 3890, 4074, 4167, 4224, 4384, 4429, 4540, 4575, 4719, 4729, 4734, 4769, 4796, 4820, 4836, 4884, 4885, 5096, 5122, 5248, 5271, 5419, 5526, 5589, 5661, 5710, 5756, 5797, 5883, 5890, 5915, 5946, 6002, 6142, 6246, 6282, 6288, 6303, 6576, 6695, 6700, 6728, 6793, 6811, 6948, 7021, 7026, 7033, 7046, 7103, 7117, 7131, 7168, 7246, 7337, 7404, 7480, 7547, 7591, 7732, 7850, 7978, 8206, 8267, 8434, 8583, 8815, 8903, 8987, 9070, 9100, 9247, 9312, 9332, 9423, 9506, 9556, 9794, 10132, 10154, 10159, 10370, 10437, 10811, 10852, 11035, 11073, 11123, 11131, 11235, 11250, 11297, 11348, 11375, 11381, 11654, 11807, 12106, 12212, 12411, 12560, 12689, 12738, 12788, 12872, 13078, 13207, 13514, 13599, 13643, 13685, 13860, 14319, 14385, 14477, 14615, 14665, 14718, 14777, 15147, 15227, 15267, 15416, 15588, 15760, 15766, 15892, 15957, 16697, 16842, 16952, 16976, 17106, 17199, 17248]",c4.cgn__MORF_ANP32B
c4.cgn,MORF_BUB3,prerank,-0.2299330601190603,-0.9553851798313752,0.6312849162011173,0.7103232413692204,1.0,51_255,51/255,19.75%,MSH2;LRPPRC;KHDRBS1;RBMX;RBBP4;PSMB2;SNRPA1;YWHAQ;TYMS;SRRM1;EIF4H;PRKDC;IMMT;PPIE;NAE1;RRM1;XRCC5;GMPS;PTPN11;PRPS2;ACP1;PDHB;MRPS18B;ATXN10;MTCP1;ACLY;DOCK3;HNRNPU;DDX19B;XPO7;MTDH;MRPS27;EIF1AX;ANAPC5;TAF11;DAP3;AFG3L2;SSBP1;FEN1;NCL;VBP1;PPT1;G3BP2;DDOST;RSL1D1;MCM2;HNRNPD;AK2;CAPZA1;HNRNPR;UBE2N,AHSA1;IMPDH1;NUDC;NAA10;PPP1CC;CSK;SNRPA;CHERP;PRPF31;HSPE1;CCT3;XPO1;CCT5;TMED9;CDK2;TRIM28;DNAJC9;THOP1;RUVBL2;RANGAP1;PPM1G;LMNB2;LSM7;SRSF9;SLC1A5;TRAPPC3;UBE2L3;MAP2K2;TCP1;HDAC1;HNRNPAB;SSRP1;KHSRP;HCFC1;DYNLL1;FBL;SAFB;ESPL1;RFC4;CTDNEP1;STARD7;PTGES3;IFRD1;SERP1;CSNK2B;MCM7;PARK7;AATF;SF3B2;CLPP;RNPEP;SEC24C;BAZ1B;DKC1;SOD1;TUFM;ACTL6A;DDX49;NDUFS2;EIF2S2;AURKB;EIF3I;UQCRH;GNG5;SF3A2;ANP32B;NUP188;HAX1;LSM4;ERP29;PMEL;CCT7;SCAMP3;DGUOK;AKR7A2;LSM2;STK24;SLBP;PDIA6;UQCRC1;CYC1;TFDP1;RAD23A;KXD1;HDDC2;NONO;HNRNPM;NDUFS5;CCT2;MAPRE1;PCNA;HNRNPUL1;EIF4EBP2;BAG6;DNMT1;PPP2R1A;EI24;NUDT1;ESD;PTDSS1;IDH3G;DEK;EDC4;BUB3;MCM3;HNRNPA2B1;NDUFS3;DUT;POLR2I;SRSF1;TXNL4A;PSMB7;CAD;NDUFV1;NDUFC1;XPOT;SET;SRM;PRPF8;MRPL9;UBE2S;MCM5;PSMD8;NCBP2;HCCS;SSB;DCTD;RHEB;RAN;VDAC2;CHAF1A;ILF3;VDAC3;IMPDH2;DDX39B;HADH;GTF2A2;COPS5;HAT1;PRDX3;GPN1;TEX261;CS;FIBP;HDAC2;GOT2;BUB1;POM121;TCEA1;VDAC1;POLA2;BRD8;TARDBP;PHB2;NDUFB3;SMC3;AP3S1;RPA2;PAICS;SNRPE;PABPC4;DRG1;UBAP2L;ILF2;SERBP1;U2AF1;EIF3K;USP1;HNRNPC;NDUFS4;SNRNP200;SRSF3;SREBF2;HADHA;LYPLA1;SMC1A;CBX3;XRCC6;UBA2;DNAJC8;GLO1;DNAJC11;ZWINT;NSDHL;CYCS;GNB1;HSPA9;CALM3;NASP;POLE3;STMN1;MCM6;ANP32A;METAP1;FH;MDH1;TNPO3;GANAB;SDHB;SLC25A3;R3HDM1;FUS;IPO7;SDHA;UBE2N;HNRNPR;CAPZA1;AK2;HNRNPD;MCM2;RSL1D1;DDOST;G3BP2;PPT1;VBP1;NCL;FEN1;SSBP1;AFG3L2;DAP3;TAF11;ANAPC5;EIF1AX;MRPS27;MTDH;XPO7;DDX19B;HNRNPU;DOCK3;ACLY;MTCP1;ATXN10;MRPS18B;PDHB;ACP1;PRPS2;PTPN11;GMPS;XRCC5;RRM1;NAE1;PPIE;IMMT;PRKDC;EIF4H;SRRM1;TYMS;YWHAQ;SNRPA1;PSMB2;RBBP4;RBMX;KHDRBS1;LRPPRC;MSH2,"[183, 434, 598, 658, 665, 829, 1030, 1100, 1145, 1194, 1222, 1469, 1508, 1520, 1573, 1635, 1682, 1691, 1716, 1743, 1775, 1800, 1878, 1920, 1927, 2069, 2076, 2104, 2233, 2268, 2299, 2303, 2315, 2400, 2497, 2514, 2532, 2630, 2646, 2698, 2743, 2761, 2802, 2908, 2962, 2994, 3030, 3146, 3165, 3176, 3242, 3282, 3330, 3394, 3398, 3698, 3778, 3787, 4184, 4201, 4224, 4270, 4384, 4434, 4540, 4820, 4837, 4867, 4871, 4884, 4924, 5096, 5104, 5189, 5253, 5400, 5567, 5569, 5581, 5608, 5661, 5705, 5797, 5883, 5884, 5890, 5926, 6012, 6142, 6230, 6282, 6288, 6420, 6613, 6654, 6695, 6944, 6948, 6955, 6996, 7002, 7046, 7109, 7131, 7142, 7153, 7168, 7170, 7194, 7195, 7397, 7404, 7457, 7591, 7758, 7830, 7850, 7886, 7992, 8206, 8209, 8417, 8583, 8656, 8674, 8781, 8787, 8835, 8903, 8987, 9035, 9070, 9165, 9186, 9247, 9255, 9282, 9312, 9331, 9353, 9389, 9412, 9436, 9475, 9498, 9604, 9690, 9701, 9794, 9800, 9889, 10025, 10154, 10159, 10262, 10273, 10281, 10282, 10291, 10370, 10433, 10437, 10463, 10675, 10772, 10811, 10852, 10872, 11073, 11106, 11123, 11131, 11150, 11235, 11250, 11281, 11297, 11348, 11381, 11464, 11537, 11719, 11796, 11828, 11932, 12079, 12206, 12212, 12374, 12411, 12454, 12498, 12532, 12552, 12562, 12589, 12921, 13207, 13413, 13514, 13630, 13643, 13808, 13860, 14060, 14083, 14203, 14278, 14319, 14346, 14477, 14615, 14644, 14691, 14758, 14777, 14856, 14903, 15046, 15084, 15147, 15267, 15362, 15404, 15416, 15424, 15451, 15455, 15555, 15559, 15608, 15760, 15834, 15926, 15957, 15987, 16007, 16118, 16129, 16148, 16265, 16307, 16491, 16539, 16697, 16723, 16776, 16842, 16976, 17105, 17106, 17199, 17248, 17309, 17502]",c4.cgn__MORF_BUB3
c4.cgn,MORF_MAP3K14,prerank,-0.26074515844210144,-0.9560358123507631,0.5380434782608695,0.7121521789568731,1.0,18_96,18/96,18.24%,GABRA6;AKAP5;SYT11;KCNH1;RASGRF1;NEU3;RPGRIP1;COX10;KCNA3;KIT;ZNF264;CHM;SPOCK3;BAAT;NLE1;SCN2A;WNT1;AVPR1A,TCF15;CXCL6;RFX1;SERPINC1;ART3;MLLT3;IRGC;RBM17;SMG6;MPHOSPH8;PHKG2;MYH7;MTRF1L;LCAT;CTRB1;CDKN2B;IL18RAP;CYTH3;PDE9A;FOXH1;BRDT;CHRNA1;OPHN1;ATP2A1;KIF1A;MATN4;SOS1;C9;BTBD9;PTGDR2;P2RY6;ZNF208;HIPK2;IPO8;SEC14L2;CRYBB3;DOC2A;DOHH;CA5A;MYBPH;ODF2;NTN3;ZFY;SLITRK2;KIF17;AP4E1;EPHA7;DCAF4;CD3G;BHMT;RAB3A;ORC4;TEKT2;VIPR2;NACAD;CUL3;GPR176;BTC;FOXN2;C1orf21;CYP4F11;GRM8;SOX3;PDE6C;LDB2;FSTL4;ATRNL1;ASTN1;SAA4;ZNF154;ZNF239;OPN1SW;VPS41;EIF2B1;NPY5R;DSC1;XPNPEP2;ANGPTL7;AVPR1A;WNT1;SCN2A;NLE1;BAAT;SPOCK3;CHM;ZNF264;KIT;KCNA3;COX10;RPGRIP1;NEU3;RASGRF1;KCNH1;SYT11;AKAP5;GABRA6,"[133, 232, 401, 470, 518, 888, 1514, 1516, 2321, 2395, 2542, 2695, 3177, 3706, 3761, 3838, 3895, 4140, 4230, 4521, 4652, 4686, 4771, 5412, 5510, 5802, 5826, 5937, 6149, 6166, 6180, 6269, 6403, 6442, 6673, 6819, 6961, 7151, 7210, 7270, 7497, 7753, 8053, 8207, 8263, 8566, 8607, 8642, 8645, 9256, 9354, 9548, 9689, 9694, 10056, 10069, 10087, 10247, 10390, 10522, 10701, 10745, 10947, 11079, 11274, 11365, 11692, 11777, 12049, 12108, 12302, 12469, 12579, 13180, 13464, 13733, 13817, 14021, 14324, 14329, 14513, 14614, 14724, 15102, 15551, 15565, 15737, 16219, 16431, 16453, 16777, 17048, 17117, 17137, 17253, 17516]",c4.cgn__MORF_MAP3K14
c4.cgn,GNF2_PRDX2,prerank,0.3354489736725086,0.9736861110331309,0.49586776859504134,0.7133719660085305,1.0,4_28,4/28,7.90%,TAL1;HDGF;UBAC1;GYPC,TAL1;HDGF;UBAC1;GYPC;CA2;KLF1;BLVRB;UROD;GLRX5;PRDX2;HEBP1;MINPP1;HMBS;HBQ1;GCLM;TFRC;KEL;DCAF11;PPOX;XK;GATA1;ALAD;AMMECR1;ANK1;CA1;HBD;ADD2;SPTB,"[105, 318, 1207, 1383, 4119, 4600, 4651, 4913, 6212, 6845, 7165, 8140, 9001, 9132, 9357, 10105, 10995, 11128, 11154, 12678, 12826, 13422, 13954, 14850, 15640, 15675, 16769, 16935]",c4.cgn__GNF2_PRDX2
c4.cgn,MORF_GMPS,prerank,0.3023094426539921,0.9716480537164863,0.5083333333333333,0.7137116140706211,1.0,15_45,15/45,21.78%,SNRPA;CHERP;NDUFS8;TRIM28;PPM1G;LMNB2;SRSF9;IRAK1;PTGES3;NDUFV2;CSNK2B;PARK7;SF3B2;TUFM;CCT8,SNRPA;CHERP;NDUFS8;TRIM28;PPM1G;LMNB2;SRSF9;IRAK1;PTGES3;NDUFV2;CSNK2B;PARK7;SF3B2;TUFM;CCT8;LSM4;ERP29;SCAMP3;UQCRC1;RAD23A;HDDC2;BUB3;NDUFS3;NDUFV1;CDK4;SF3A1;ACOT13;HCCS;VDAC2;VDAC1;NUP205;SMC3;HADHA;NSDHL;CYCS;HSPA9;RFC2;EIF3C;SDHB;DDX1;VBP1;MTDH;PTPN11;GMPS;SNRPA1,"[1030, 1100, 1492, 1635, 1775, 1800, 1920, 2376, 2761, 2803, 2962, 3030, 3165, 3698, 3814, 4871, 4884, 5104, 5608, 5797, 5884, 7131, 7168, 7591, 7822, 8267, 8468, 8674, 8987, 9800, 10174, 10273, 11235, 11828, 11932, 12206, 12745, 13078, 13413, 13598, 14758, 15416, 16007, 16118, 16976]",c4.cgn__MORF_GMPS
c4.cgn,GNF2_SPTA1,prerank,0.28105820568219514,0.9737530849494963,0.5031185031185031,0.7188492624923144,1.0,12_71,12/71,12.19%,ABCB6;SMOX;TAL1;CLIC2;MAP2K3;NFE2;BSG;SELENBP1;GYPC;SLC30A1;MXI1;TMCC2,ABCB6;SMOX;TAL1;CLIC2;MAP2K3;NFE2;BSG;SELENBP1;GYPC;SLC30A1;MXI1;TMCC2;GYPA;CA2;SLC12A3;KLF1;BLVRB;RPIA;MARK3;ERMAP;UROD;SLC6A8;TFDP1;RAD23A;UBE2O;GLRX5;RHD;MPP1;FOXO3;MINPP1;GYPE;KAT2B;NUDT4;RANBP10;HMBS;HBQ1;EPB42;RNF123;TFDP2;SNCA;KEL;DCAF11;PPOX;TRAK2;EIF1AY;XK;GATA1;TRIM58;SLC22A4;ALAD;ACSL6;TSPAN5;GYPB;ISCA1;ANK1;SLC4A1;XPO7;CA1;HBD;EIF2AK1;GCLC;TSPO2;BNIP3L;CDC27;FBXO9;FBXO7;ALAS2;OSBP2;RHCE;SPTB;FECH,"[76, 80, 105, 289, 292, 688, 1058, 1289, 1383, 1726, 1986, 2134, 2930, 4119, 4461, 4600, 4651, 4744, 4793, 4897, 4913, 5128, 5705, 5797, 6047, 6212, 6822, 7461, 8003, 8140, 8560, 8626, 8678, 8892, 9001, 9132, 9240, 9251, 10817, 10959, 10995, 11128, 11154, 12578, 12668, 12678, 12826, 13322, 13349, 13422, 13889, 14191, 14372, 14639, 14850, 15393, 15424, 15640, 15675, 15783, 15915, 15978, 16159, 16259, 16334, 16479, 16487, 16629, 16802, 16935, 16983]",c4.cgn__GNF2_SPTA1
c4.cgn,GNF2_HDAC1,prerank,-0.2539598451932341,-0.9498637282591135,0.5668549905838042,0.7224453341272964,1.0,21_105,21/105,17.89%,KHDRBS1;RBMX;U2SURP;DDX18;SNRPD3;SRRM1;CDC40;DDX50;DDX47;OXA1L;UBP1;DDX46;EXOSC8;SCAF11;HNRNPU;SMARCA5;DAP3;CNOT7;ELAC2;KPNB1;SRSF2,ZCCHC8;CSK;PABPN1;PAPOLA;PNRC2;OSR1;YY1;TAPBP;SRSF4;GTF3A;HDAC1;UXT;RPL34;RPS3;FBL;SS18L2;RPS7;HNRNPF;CBFB;SF3B2;EED;PDS5A;NACA;RBM10;PSME2;ABT1;PSMB8;NDUFA1;POP5;CLK2;IFI16;ZBTB1;RBM15;SRSF7;RPL22;MAGOH;TAF7;BTF3;NONO;HNRNPM;TTC31;RPS23;TRA2A;PSMA1;RPF1;TIAL1;SRSF1;NOL11;RBBP6;SUMO2;ANKRD49;SRSF10;SF3A1;SART3;RNF4;UBE2D2;DDX39B;DHX15;FAM111A;TARDBP;FNBP1;TRA2B;HNRNPK;COPS7B;EIF2S3;RBM39;SF1;HNRNPC;SNRNP200;SRSF3;EIF3D;ZNF207;CDK5RAP1;AIMP1;EIF4B;CCDC59;MCM3AP;YTHDC1;RNF138;EIF2B1;SF3B1;UTP3;ZC3H15;HNRNPR;SRSF2;KPNB1;ELAC2;CNOT7;DAP3;SMARCA5;HNRNPU;SCAF11;EXOSC8;DDX46;UBP1;OXA1L;DDX47;DDX50;CDC40;SRRM1;SNRPD3;DDX18;U2SURP;RBMX;KHDRBS1,"[744, 829, 844, 1076, 1416, 1717, 1746, 1863, 1916, 2068, 2268, 2323, 2326, 2390, 2514, 2607, 2854, 2946, 3010, 3165, 3207, 3317, 3349, 3553, 3856, 3859, 3936, 4429, 4706, 4942, 5020, 5093, 5169, 5313, 5460, 5507, 5526, 5589, 5890, 5926, 6049, 6216, 6279, 6584, 6739, 6913, 7195, 7621, 7657, 7732, 7926, 8142, 8267, 8648, 8682, 9139, 9247, 9589, 9663, 10154, 10211, 10366, 10590, 10759, 10791, 10819, 10998, 11073, 11123, 11131, 11188, 11275, 11484, 11722, 11807, 12279, 12415, 12475, 13051, 13180, 13294, 13502, 13537, 14083, 14385, 14483, 14525, 14624, 15084, 15114, 15455, 15513, 15867, 15870, 15880, 15959, 16226, 16576, 16658, 16723, 16826, 16843, 16908, 17199, 17248]",c4.cgn__GNF2_HDAC1
c4.cgn,GNF2_FBL,prerank,-0.24222147069596645,-0.9379368202985003,0.6101694915254238,0.7537871650728486,1.0,18_137,18/137,11.02%,TCERG1;KHDRBS1;HSPA14;RBMX;PWP1;HMGN1;RBM12;U2SURP;SNRPD3;SRRM1;DDX50;NAE1;DIMT1;NOC3L;EXOSC8;NPM1;CPSF6;HNRNPA1,RPS21;PABPN1;RPL36;XPO1;RPS19;EEF1G;RPL13;UBE2I;LSM7;RPS16;RPS8;RPS15;RPS10;GTF3A;HDAC1;UXT;RPL8;RPS3;RPL9;RPL27;RPL13A;FBL;RPL14;RPL24;COX7C;RPL6;RPS7;RPL35A;RPL7A;HNRNPF;RPL3;PMPCB;RPS29;RPL38;RPS20;NACA;DKC1;RPS25;RPL35;RBM10;RPL28;RPS6;RPS12;RPL29;RPL7;RPL23A;RPL4;RPL19;RPL32;RPSA;RPS4X;SNRPD2;RPS2;RPL5;RBM15;SRSF7;RPL22;RPL17;RPS17;BTF3;POLR1D;NSA2;RPL37;NONO;RPS23;RPL10A;NAP1L1;PTMA;HNRNPA2B1;SRSF1;HINT1;RRP1B;ST13;EIF3E;NOL11;RBBP6;SYNCRIP;EIF3L;NOL7;MRPL16;SRSF10;MRPL9;PPIA;MTIF2;RPL12;NSUN5;DDX39B;DHX15;TARDBP;TRA2B;SNRPE;EIF2S3;SF1;POLR3E;HNRNPC;SNRNP200;SRSF3;EIF3D;KANSL2;EIF3H;NUP210;AIMP1;PPIH;EIF4B;RPL15;APEX1;CCDC59;EEF1B2;RFX5;UTP3;TAF1D;SUZ12;HNRNPR;HNRNPD;SRSF2;KPNB1;CNOT7;NCL;DAP3;HNRNPA1;CPSF6;NPM1;EXOSC8;NOC3L;DIMT1;NAE1;DDX50;SRRM1;SNRPD3;U2SURP;RBM12;HMGN1;PWP1;RBMX;HSPA14;KHDRBS1;TCERG1,"[810, 844, 1282, 1469, 1703, 1845, 1853, 1857, 1878, 1909, 1915, 1974, 2055, 2068, 2268, 2323, 2353, 2390, 2420, 2446, 2457, 2514, 2534, 2693, 2712, 2812, 2854, 2893, 2907, 2946, 2972, 2981, 3157, 3230, 3327, 3349, 3394, 3416, 3450, 3553, 3625, 3757, 3808, 3862, 3887, 3924, 3957, 4014, 4122, 4210, 4288, 4575, 4852, 5122, 5169, 5313, 5460, 5534, 5576, 5589, 5596, 5676, 5716, 5890, 6216, 6728, 7021, 7095, 7153, 7195, 7246, 7255, 7462, 7547, 7621, 7657, 7728, 8017, 8070, 8127, 8142, 8206, 8248, 8487, 8558, 9090, 9247, 9589, 10154, 10366, 10370, 10791, 10998, 11021, 11073, 11123, 11131, 11188, 11243, 11375, 11712, 11722, 11757, 11807, 11953, 12075, 12279, 12656, 12736, 13502, 13505, 13872, 14083, 14319, 14385, 14483, 14624, 14777, 15084, 15588, 15659, 15766, 15867, 15876, 15949, 16265, 16576, 16723, 16826, 16908, 16936, 16952, 17002, 17199, 17247, 17248, 17332]",c4.cgn__GNF2_FBL
c4.cgn,MORF_PRDX3,prerank,-0.26487667274862103,-0.9343161580400903,0.5831775700934579,0.7563176032348132,1.0,16_76,16/76,17.71%,NDUFS1;KHDRBS1;PSMB2;PDHB;MRPS18B;UQCRC2;ATXN10;MTDH;DLD;AFG3L2;SSBP1;VBP1;PPT1;G3BP2;ACTR3;FAM120A,AHSA1;G3BP1;CCT5;GLB1;AP2S1;PPM1G;TRAPPC3;HSPA4;MAP2K2;HNRNPAB;STARD7;IFRD1;NDUFV2;TMEM106C;CSNK2B;PARK7;SOD1;TUFM;GNG5;POP5;HAX1;AKR7A2;CYC1;RAD23A;KXD1;COX5A;DAP;EI24;IDH3G;BUB3;HNRNPA2B1;HADHB;SRSF1;SUMO1;NDUFV1;NDUFC1;SET;HCCS;PSMD7;VPS26A;COPS5;HAT1;PRDX3;SRP9;HDAC2;ALG8;RAD23B;NDUFB3;AP3S1;SNRPE;HADHA;LYPLA1;NSDHL;CYCS;SYPL1;HSPA9;MDH1;CANX;KPNA2;SDHB;FAM120A;ACTR3;G3BP2;PPT1;VBP1;SSBP1;AFG3L2;DLD;MTDH;ATXN10;UQCRC2;MRPS18B;PDHB;PSMB2;KHDRBS1;NDUFS1,"[183, 1438, 1508, 1582, 1749, 1775, 2069, 2101, 2104, 2299, 2743, 2802, 2803, 2950, 2962, 3030, 3398, 3698, 4434, 4706, 4867, 5253, 5661, 5797, 5883, 6389, 6456, 6944, 7002, 7131, 7153, 7160, 7195, 7337, 7591, 7758, 7850, 8674, 9152, 9239, 9312, 9331, 9353, 9423, 9498, 9623, 9640, 10262, 10281, 10370, 11235, 11250, 11828, 11932, 12089, 12206, 12589, 12788, 13366, 13413, 14417, 14586, 14644, 14691, 14758, 14903, 15046, 15272, 15416, 15760, 15798, 15834, 15926, 17105, 17248, 17390]",c4.cgn__MORF_PRDX3
c4.cgn,MORF_RFC1,prerank,-0.25447681501213304,-0.9351780391828618,0.6171428571428571,0.7576263664755337,1.0,28_98,28/98,20.96%,HLTF;LANCL1;GTF2H3;SEC63;ZMYM4;EIF4E;PRKAG1;USP14;TPP2;GNL2;FRG1;CLPX;PIGB;DDX46;PEX3;HMGN4;SIK3;RTCA;IDH3A;ASH2L;CUL2;NDST1;RBBP8;CNOT1;RFC1;LEPROTL1;ARIH2;XPO6,MGAT1;P4HA1;DOK1;PCGF1;TFAP4;RAD54L;CDK11A;LPIN1;LAIR1;BAHD1;NUP62;TCOF1;ARID3A;TRIM27;RERE;B4GALT3;ORC1;CCT4;PRKCSH;MLEC;PLIN3;BMI1;SH2B1;PSD4;FANCG;CPSF4;NUDT3;MMS19;NUP188;MZF1;NFRKB;ERCC2;RAP1A;EIF5B;KATNA1;PITPNM1;CSTF3;WDR62;IMPA1;ADAM15;PCBP3;RANBP2;DNAJC7;UBXN7;HTR7;GTF2A2;POLR2C;ATP11B;HNRNPL;FRYL;SUMO4;BMS1;PKMYT1;KDM3B;ATM;ACAP2;LDB1;DNAJC8;ZNF131;THOC2;CHD9;GLMN;LSM12;SMC5;EXTL2;POLR2A;INTS10;MFN2;CDC7;SFSWAP;XPO6;ARIH2;LEPROTL1;RFC1;CNOT1;RBBP8;NDST1;CUL2;ASH2L;IDH3A;RTCA;SIK3;HMGN4;PEX3;DDX46;PIGB;CLPX;FRG1;GNL2;TPP2;USP14;PRKAG1;EIF4E;ZMYM4;SEC63;GTF2H3;LANCL1;HLTF,"[100, 306, 477, 556, 951, 1094, 1106, 1110, 1183, 1484, 1525, 1541, 1543, 1611, 1640, 2151, 2860, 3049, 3248, 3328, 3518, 3628, 4052, 4136, 4445, 4602, 4736, 4778, 4837, 4955, 5498, 5609, 5616, 5863, 6086, 6113, 6385, 6630, 7169, 8085, 8091, 8103, 8324, 9154, 9170, 9282, 9284, 9302, 9987, 10503, 10640, 10848, 10922, 11224, 11270, 11307, 11461, 11464, 11544, 11660, 11886, 12199, 12349, 12798, 12841, 12851, 12978, 13019, 13361, 13427, 13847, 13897, 14017, 14088, 14101, 14125, 14395, 14541, 14752, 14975, 15264, 15426, 15558, 15712, 15870, 15927, 16063, 16201, 16231, 16261, 16314, 16705, 16760, 16898, 16970, 17089, 17264, 17368]",c4.cgn__MORF_RFC1
c4.cgn,MORF_DNMT1,prerank,-0.2487296012275479,-0.9289845461585176,0.6313725490196078,0.7640929008030932,1.0,18_108,18/108,14.93%,TCERG1;LRPPRC;KHDRBS1;TYMS;SRRM1;PRKDC;IMMT;PPIE;NAE1;RRM1;XRCC5;HNRNPU;DDX19B;XPO7;MRPS27;EIF1AX;AFG3L2;SSBP1,NUDC;PPP1CC;SNRPA;RAD54L;CDK11A;XPO1;CCT5;DNAJC9;RUVBL2;PPM1G;LMNB2;TCP1;TREX2;SSRP1;KHSRP;HCFC1;SAFB;ESPL1;RFC4;PTGES3;CBFB;CLPP;BAZ1B;DKC1;EIF3I;RPIA;NUP188;PMEL;SPAG5;LSM2;SLBP;PDIA6;TFDP1;RAD23A;KXD1;HDDC2;NONO;HNRNPM;MAPRE1;DNMT1;NUDT1;ESD;SRPK1;BUB3;MCM3;HNRNPA2B1;DUT;SRSF1;TXNL4A;PRPF8;MCM5;LBR;VDAC2;CHAF1A;VDAC3;SF3A3;HADH;GTF2A2;CS;HDAC2;BUB1B;GOT2;POM121;TCEA1;POLA2;TARDBP;SMC3;TRA2B;PABPC4;TRRAP;USP1;SNRNP200;SREBF2;ZNF131;DNAJC11;ZWINT;GNB1;UPF3A;NASP;STMN1;MCM6;ANP32A;FH;TNPO3;EBNA1BP2;R3HDM1;FUS;HNRNPR;HNRNPD;MCM2;SSBP1;AFG3L2;EIF1AX;MRPS27;XPO7;DDX19B;HNRNPU;XRCC5;RRM1;NAE1;PPIE;IMMT;PRKDC;SRRM1;TYMS;KHDRBS1;LRPPRC;TCERG1,"[598, 665, 1030, 1094, 1106, 1469, 1508, 1682, 1716, 1775, 1800, 2233, 2245, 2303, 2315, 2400, 2532, 2630, 2646, 2761, 3010, 3176, 3330, 3394, 4270, 4744, 4837, 4924, 4980, 5400, 5569, 5581, 5705, 5797, 5883, 5884, 5890, 5926, 6230, 6654, 6948, 6955, 7006, 7131, 7142, 7153, 7170, 7195, 7397, 7992, 8417, 8625, 8987, 9035, 9165, 9216, 9255, 9282, 9436, 9498, 9585, 9604, 9701, 9794, 9889, 10154, 10273, 10366, 10433, 10855, 10872, 11123, 11150, 11544, 11719, 11796, 12079, 12213, 12374, 12454, 12498, 12532, 12562, 12921, 13318, 13630, 13643, 14083, 14319, 14346, 14903, 15046, 15362, 15404, 15424, 15451, 15455, 16129, 16148, 16265, 16307, 16491, 16539, 16723, 16776, 17248, 17309, 17332]",c4.cgn__MORF_DNMT1
c4.cgn,MORF_RAD54L,prerank,-0.25814775107517496,-0.9294995608058042,0.6254826254826255,0.7664557831875474,1.0,17_93,17/93,14.93%,LRPPRC;LANCL1;SEC63;DDX18;KIF20B;SRRM1;PRKDC;IMMT;USP14;NAE1;GNL2;RRM1;DDX46;XPO7;AFG3L2;IDH3A;SSBP1,TXLNA;NUDC;PABPN1;RAD54L;CDK11A;NUP62;TCOF1;ARID3A;THOP1;RUVBL2;DDX39A;TREX2;SSRP1;KHSRP;SCARB1;SAFB;RFC4;IFRD2;CCT4;PGM1;MLEC;BAZ1B;ACTL6A;EIF2S2;EIF3I;MMS19;NUP188;ALG3;MZF1;LSM2;TFDP1;TRIP13;DNMT1;ESD;SGTA;SRPK1;HNRNPA2B1;CAD;DFFA;PRPF8;NAGA;CEBPZ;SSB;CHAF1A;VDAC3;HADH;GTF2A2;CS;HDAC2;BUB1B;GOT2;POM121;HNRNPL;RPA2;PABPC4;BMS1;TRRAP;PKMYT1;TM9SF2;MCFD2;ZNF131;THOC2;DNAJC11;ZWINT;GLMN;PWP2;ABCF1;POLR2A;PREP;TNPO3;CDC7;SFSWAP;XPO6;ARIH2;RFC1;MCM2;SSBP1;IDH3A;AFG3L2;XPO7;DDX46;RRM1;GNL2;NAE1;USP14;IMMT;PRKDC;SRRM1;KIF20B;DDX18;SEC63;LANCL1;LRPPRC,"[558, 598, 844, 1094, 1106, 1525, 1541, 1543, 1691, 1716, 2153, 2245, 2303, 2315, 2430, 2532, 2646, 2668, 3049, 3151, 3328, 3330, 3778, 4201, 4270, 4778, 4837, 4951, 4955, 5400, 5705, 6199, 6654, 6955, 6999, 7006, 7153, 7457, 7631, 7992, 8100, 8695, 8781, 9035, 9165, 9255, 9282, 9436, 9498, 9585, 9604, 9701, 9987, 10282, 10433, 10848, 10855, 10922, 11208, 11265, 11544, 11660, 11719, 11796, 12199, 12382, 12704, 12851, 12884, 12921, 13361, 13427, 13847, 13897, 14088, 14346, 14903, 14975, 15046, 15424, 15870, 16148, 16231, 16265, 16314, 16491, 16539, 16723, 16788, 16843, 16970, 17264, 17309]",c4.cgn__MORF_RAD54L
c4.cgn,MORF_JAG1,prerank,-0.25615007190990297,-0.9242368941990362,0.6215686274509804,0.769924740513367,1.0,19_82,19/82,21.94%,MFN1;HTR4;SLC24A1;TUBGCP4;ZNF500;ZKSCAN3;ARC;CYP2A6;PIGB;DNAJC16;MPP2;CLOCK;F7;AQP7;SPEF1;ATP6V0A2;BPHL;GLE1;PIK3CB,MSX1;PCGF1;ECE1;BCL2;BAHD1;CPZ;FOSL1;TMEM11;TNFRSF25;COX6A2;NCKIPSD;STK17A;SLC2A1;IKBKE;TMPRSS6;CALCOCO1;KLHL18;AQP5;SH2B1;ZNF592;GRIK5;PAX8;LTBP4;TBX5;TBC1D22A;PLEKHB1;JAG1;SULT2B1;SLC4A3;RAP1A;AMFR;SLC22A6;WDR62;TMCC1;FDXR;MYO9B;RPS6KB2;SLC16A5;DPT;CHST7;BTD;IL13;SEZ6L;HTR7;MC5R;ZNF133;PRKACA;COL18A1;PAX9;DAPK2;CD6;SDC3;SLC30A3;CYP11A1;ITIH4;ATP6V1B1;EXTL3;FNTB;GJB5;ECE2;GPATCH8;PAXIP1;KRT86;PIK3CB;GLE1;BPHL;ATP6V0A2;SPEF1;AQP7;F7;CLOCK;MPP2;DNAJC16;PIGB;CYP2A6;ARC;ZKSCAN3;ZNF500;TUBGCP4;SLC24A1;HTR4;MFN1,"[231, 556, 972, 1238, 1484, 1568, 2188, 2391, 2404, 2434, 2826, 3031, 3156, 3163, 3549, 3715, 3930, 4046, 4052, 4317, 4406, 4519, 4551, 4864, 4963, 5278, 5281, 5450, 5491, 5616, 5936, 6062, 6630, 6723, 6876, 7156, 7191, 7299, 7501, 7601, 7627, 8159, 8713, 9170, 9268, 9364, 9427, 9457, 9570, 10107, 10125, 10352, 10367, 10566, 11047, 11176, 11588, 11981, 12241, 12432, 12947, 13244, 13293, 13676, 13788, 13842, 13900, 14331, 14801, 14816, 15146, 15699, 15887, 15927, 16405, 16423, 16462, 16545, 16889, 17125, 17206, 17377]",c4.cgn__MORF_JAG1
c4.cgn,MORF_TERF2IP,prerank,-0.24642931662974196,-0.9250535915822912,0.6170634920634921,0.7714872309456643,1.0,41_110,41/110,29.87%,KHDRBS1;PWP1;YWHAQ;PRKAG1;EIF4H;SLC25A36;FBXO7;DYRK2;TPR;NFATC2IP;PARN;FOXJ3;CNP;HNRNPH2;CNOT1;CHD8;DDB1;BECN1;RAB11A;XPO6;KRAS;ZNHIT3;PRKRA;OARD1;ZC3H15;IK;AGPAT1;SFSWAP;TERF2IP;MFN2;RPRD2;POLR2A;SMC5;CANX;TP53BP1;PPP2CA;METAP1;DENND4A;NFYB;CALM2;HTATSF1,STK38;STK19;TFAP4;RABAC1;SRRT;SDR39U1;B4GALT3;CNOT4;DRG2;SMNDC1;WWOX;NELFB;HNRNPH3;COPS6;IST1;RAF1;AATF;PRKCSH;NACA;CSNK1D;PLIN3;RPS27A;ALDH4A1;SH2B1;CNPPD1;UBE2D3;NAP1L4;CPSF4;NUDT3;ATXN2L;NUBP1;SEC61B;SMAD2;DHX38;ROCK1;GPAA1;MORC3;TIAL1;DEK;OTUB1;SUMO2;SLC9A1;CAPZB;CLSTN1;KBTBD2;CUX1;DNPEP;UBN1;SMARCC2;COX7A2L;CNOT2;TAF9;BRD8;MKRN1;CNBP;EIF4A2;DRG1;HNRNPK;GNB5;ILF2;BRD3;RAB1A;SNRNP200;KDM3B;EAPP;DNAJC8;TBCC;ARFGAP2;TOR1AIP1;HTATSF1;CALM2;NFYB;DENND4A;METAP1;PPP2CA;TP53BP1;CANX;SMC5;POLR2A;RPRD2;MFN2;TERF2IP;SFSWAP;AGPAT1;IK;ZC3H15;OARD1;PRKRA;ZNHIT3;KRAS;XPO6;RAB11A;BECN1;DDB1;CHD8;CNOT1;HNRNPH2;CNP;FOXJ3;PARN;NFATC2IP;TPR;DYRK2;FBXO7;SLC25A36;EIF4H;PRKAG1;YWHAQ;PWP1;KHDRBS1,"[222, 920, 951, 1038, 1571, 2011, 2151, 2186, 2257, 2319, 2505, 2632, 2651, 2781, 2898, 3033, 3146, 3248, 3349, 3453, 3518, 3702, 3735, 4052, 4405, 4427, 4529, 4602, 4736, 5018, 5177, 5404, 6205, 6533, 6585, 6643, 6912, 6913, 7046, 7059, 7732, 7867, 8009, 8057, 8097, 8237, 8312, 8521, 8662, 9100, 9858, 10023, 10025, 10100, 10132, 10269, 10437, 10590, 10609, 10675, 10940, 10946, 11123, 11224, 11358, 11464, 11561, 11662, 11774, 12287, 12311, 12358, 12390, 12552, 12732, 12764, 12788, 12798, 12851, 12944, 13019, 13023, 13427, 13440, 13457, 13537, 13625, 13697, 13710, 13814, 13847, 13852, 14024, 14043, 14047, 14101, 14566, 14636, 14901, 15639, 15807, 15832, 16186, 16479, 16642, 16697, 16705, 16842, 17002, 17248]",c4.cgn__MORF_TERF2IP
c4.cgn,MORF_GNB1,prerank,-0.21881974668166068,-0.9222038835052522,0.7468123861566485,0.7719052482028959,1.0,63_285,63/285,22.86%,LRPPRC;LANCL1;KHDRBS1;RBMX;RBBP4;PSMB2;DDX19A;SEC63;ACTR2;YWHAQ;TYMS;SRRM1;SRP72;EIF4H;TERF1;PRKDC;IMMT;PPIE;RRM1;XRCC5;PRRC2C;PRPS2;OXA1L;ACP1;PDHB;TOMM20;ATXN10;MTCP1;DOCK3;HNRNPU;DDX19B;XPO7;MTDH;EIF1AX;ANAPC5;PTPRA;AFG3L2;RTN4;SSBP1;NCL;CAMKK2;PPT1;G3BP2;DDOST;ACTR3;CAPRIN1;SRSF2;MCM2;HNRNPD;AK2;TAX1BP1;CAPZA1;HNRNPR;ARIH2;SDHA;XPO6;CCNI;MPHOSPH9;FUS;R3HDM1;PPIF;PAPSS1;SLC25A3,PTBP1;ATF4;IMPDH1;TXLNA;NUDC;PPP1CC;GAK;GNB2;CSK;PABPN1;JTB;SNRPA;PRPF31;PKN1;CTBP1;XPO1;TMED9;CDK2;TRIM28;DNAJC9;THOP1;RUVBL2;PPM1G;LSM7;SRSF9;TRAPPC3;UBE2L3;MAP2K2;TCP1;TREX2;HDAC1;HNRNPAB;KHSRP;SMNDC1;HCFC1;DYNLL1;SAFB;ESPL1;CTDNEP1;STARD7;PTGES3;IFRD1;SERP1;CSNK2B;CBFB;PARK7;CLPP;WDR1;RNPEP;SEC24C;MLEC;BAZ1B;DKC1;BMI1;TUFM;SMARCC1;DDX49;KIFC1;NDUFS2;EIF3I;UQCRH;GNG5;SF3A2;NCOR2;TMED5;AP3D1;RPIA;NUP188;HAX1;ERP29;SRP14;ATXN2L;DIAPH1;CCT7;DGUOK;SNX3;AKR7A2;DGKZ;RNPS1;LSM2;STK24;SLBP;PDIA6;UQCRC1;TRAK1;RAD23A;KXD1;NONO;HNRNPM;ADD1;NDUFS5;PIN1;MAPRE1;HNRNPUL1;EIF4EBP2;GUSB;PSMA1;BAG6;GPAA1;DNMT1;PPP2R1A;COPE;CHD4;TIAL1;EI24;NUDT1;ESD;PTDSS1;IDH3G;DEK;IDH3B;EDC4;BUB3;HNRNPA2B1;HADHB;DUT;BAZ2A;MAP3K11;TXNL4A;PSMB7;NDUFV1;SUMO2;NDUFC1;SET;RMND5A;UQCRFS1;PRPF8;RNF44;CLSTN1;MRPL9;UBE2S;SF3A1;SND1;TMEM123;SMARCC2;HCCS;RNF4;SSB;DCTD;RHEB;ATP6AP1;VDAC2;RPN1;ILF3;UBE2D2;VDAC3;VPS26A;DDX39B;HADH;GTF2A2;POLR2C;ARPC3;GPN1;TEX261;CS;HDAC2;MGRN1;SUGP2;GOT2;ASXL1;POM121;SH3BGRL;TCEA1;VDAC1;VAMP3;POLA2;PGK1;BRD8;ELOVL5;TARDBP;PHB2;TIMM17A;DR1;AP3S1;TRA2B;SNRPE;PRPF40A;PABPC4;AHCYL1;CAP1;ILF2;FBXW11;U2AF1;EIF3K;USP1;PTP4A2;MDC1;HNRNPC;NDUFS4;SNRNP200;SREBF2;EIF3D;TM9SF2;HADHA;LYPLA1;MCFD2;CBX3;UBE2J1;EIF3H;UBA2;DNAJC8;ZNF131;EIF3M;NDUFA7;GNB1;CDC16;CALM3;UPF3A;CALM2;STMN1;MCM6;ANP32A;FH;PUM2;MDH1;FAM168B;POLR2A;PCMT1;TNPO3;ARPC2;GANAB;SDHB;SLC25A3;PAPSS1;PPIF;R3HDM1;FUS;MPHOSPH9;CCNI;XPO6;SDHA;ARIH2;HNRNPR;CAPZA1;TAX1BP1;AK2;HNRNPD;MCM2;SRSF2;CAPRIN1;ACTR3;DDOST;G3BP2;PPT1;CAMKK2;NCL;SSBP1;RTN4;AFG3L2;PTPRA;ANAPC5;EIF1AX;MTDH;XPO7;DDX19B;HNRNPU;DOCK3;MTCP1;ATXN10;TOMM20;PDHB;ACP1;OXA1L;PRPS2;PRRC2C;XRCC5;RRM1;PPIE;IMMT;PRKDC;TERF1;EIF4H;SRP72;SRRM1;TYMS;YWHAQ;ACTR2;SEC63;DDX19A;PSMB2;RBBP4;RBMX;KHDRBS1;LANCL1;LRPPRC,"[179, 381, 434, 558, 598, 665, 736, 746, 829, 844, 880, 1030, 1145, 1248, 1410, 1469, 1520, 1573, 1635, 1682, 1691, 1716, 1775, 1878, 1920, 2069, 2076, 2104, 2233, 2245, 2268, 2299, 2315, 2319, 2400, 2497, 2532, 2630, 2698, 2743, 2761, 2802, 2908, 2962, 3010, 3030, 3176, 3199, 3242, 3282, 3328, 3330, 3394, 3628, 3698, 3733, 3787, 3897, 4184, 4270, 4384, 4434, 4540, 4578, 4616, 4667, 4744, 4837, 4867, 4884, 4885, 5018, 5025, 5096, 5189, 5248, 5253, 5267, 5271, 5400, 5567, 5569, 5581, 5608, 5628, 5797, 5883, 5890, 5926, 5928, 6012, 6165, 6230, 6288, 6420, 6432, 6584, 6613, 6643, 6654, 6695, 6700, 6811, 6913, 6944, 6948, 6955, 6996, 7002, 7046, 7055, 7109, 7131, 7153, 7160, 7170, 7234, 7357, 7397, 7404, 7591, 7732, 7758, 7850, 7927, 7978, 7992, 8027, 8057, 8206, 8209, 8267, 8600, 8640, 8662, 8674, 8682, 8781, 8787, 8835, 8926, 8987, 9023, 9070, 9139, 9165, 9239, 9247, 9255, 9282, 9284, 9308, 9389, 9412, 9436, 9498, 9587, 9588, 9604, 9610, 9701, 9791, 9794, 9800, 9874, 9889, 9922, 10025, 10117, 10154, 10159, 10170, 10243, 10281, 10366, 10370, 10388, 10433, 10453, 10635, 10675, 10709, 10811, 10852, 10872, 10987, 11048, 11073, 11106, 11123, 11150, 11188, 11208, 11235, 11250, 11265, 11297, 11355, 11375, 11381, 11464, 11544, 11654, 12000, 12079, 12118, 12212, 12213, 12311, 12454, 12498, 12532, 12562, 12575, 12589, 12738, 12851, 12872, 12921, 13091, 13207, 13413, 13514, 13563, 13578, 13630, 13643, 13667, 13685, 13847, 13860, 13897, 14083, 14203, 14274, 14278, 14319, 14346, 14385, 14425, 14586, 14615, 14644, 14691, 14750, 14777, 14903, 14995, 15046, 15193, 15267, 15362, 15416, 15424, 15451, 15455, 15555, 15608, 15760, 15815, 15926, 15957, 15959, 15987, 16094, 16129, 16148, 16307, 16491, 16539, 16643, 16697, 16706, 16723, 16776, 16842, 16913, 16970, 17058, 17105, 17106, 17199, 17248, 17264, 17309]",c4.cgn__MORF_GNB1
c4.cgn,MORF_PPP2R4,prerank,0.2895306068761551,0.9330614859054452,0.5717299578059072,0.7914310724562857,1.0,13_46,13/46,27.45%,POLR2H;SLC25A1;BANF1;TMEM147;VPS72;CFDP1;TSR3;NME2;NDUFA1;UBA1;TMBIM6;PRMT1;EIF2B2,POLR2H;SLC25A1;BANF1;TMEM147;VPS72;CFDP1;TSR3;NME2;NDUFA1;UBA1;TMBIM6;PRMT1;EIF2B2;PSMB5;AP2M1;CDIPT;CAPNS1;PSMB4;TM9SF1;NEDD8;PSMC3;VCP;MORF4L2;UQCRB;BUD31;SIVA1;TMED10;VTI1B;ATOX1;PSMC1;ETFA;PSMD8;PPP1R7;NDUFB1;PSMC4;HSBP1;URM1;RAD23B;RER1;EIF4E2;TBCA;YWHAB;SPTLC1;TMED2;CNPY2;PDCD6,"[134, 768, 2209, 2360, 2933, 3420, 3485, 3600, 4429, 4716, 4731, 4768, 4808, 5338, 5915, 6097, 6148, 6246, 6363, 6619, 6885, 7245, 7391, 7480, 7503, 7692, 7736, 7882, 8143, 8434, 8467, 8583, 8862, 9143, 9276, 9489, 9506, 9640, 10239, 10288, 13459, 13801, 14836, 15290, 15934, 16075]",c4.cgn__MORF_PPP2R4
c4.cgn,GNF2_ZAP70,prerank,0.3276360815740167,0.9445943914754673,0.5205183585313174,0.7917581730607717,1.0,12_25,12/25,22.76%,GZMM;CD7;NPRL2;ZAP70;CD247;ITGAL;BTN3A3;KLRK1;BTN3A2;MATK;IL18RAP;SUN2,GZMM;CD7;NPRL2;ZAP70;CD247;ITGAL;BTN3A3;KLRK1;BTN3A2;MATK;IL18RAP;SUN2;SH2D1A;CTSW;PRKCH;RORA;CD96;KLRB1;MYBL1;NKG7;TXK;ARL4C;PTPN4;RASGRP1;GZMA,"[677, 1650, 2313, 2462, 2564, 2736, 3109, 3412, 3670, 3832, 3895, 3986, 5268, 5967, 6300, 7923, 10380, 11447, 12207, 13309, 13819, 13903, 15244, 16013, 16671]",c4.cgn__GNF2_ZAP70
c4.cgn,MORF_RBM8A,prerank,0.26183027609170867,0.9331462073897162,0.6166666666666667,0.7970438661088647,1.0,9_76,9/76,8.80%,EPOR;HSPB2;IFT140;CARD10;PML;HSF4;MMP25;PTPN9;TCOF1,EPOR;HSPB2;IFT140;CARD10;PML;HSF4;MMP25;PTPN9;TCOF1;CNOT4;SLC6A9;KHNYN;ADAMTSL2;EML3;SLC12A4;ZNF592;TCF7;GSK3A;HAUS5;CAMK2B;PAX8;NUDT3;CRCP;NTSR2;LTK;MOK;PKN2;PNMT;CASP2;PITPNM1;TRA2A;USP19;GPR161;FDXR;DDX11;ACR;IKBKG;IGHMBP2;ADAM15;PCBP3;TAGLN3;PRPH;GPA33;H6PD;ANKRD12;TUB;SLC5A2;CDK5R1;TPMT;PMF1;DMWD;NTNG1;SEMA4D;MVK;GHITM;CNTN1;LMTK2;LSM12;ITGAD;FKBP15;PRSS16;PFDN1;MAG;RBBP8;RBM8A;F7;PTGER3;MPP2;PIGB;TSPO2;HTR2A;ODF1;IGSF9B;HMGXB3;ZKSCAN3;GPRIN2,"[45, 298, 797, 861, 985, 1161, 1399, 1441, 1541, 2186, 2569, 3268, 3270, 3448, 3688, 4317, 4349, 4452, 4474, 4493, 4519, 4736, 4745, 4813, 4932, 5429, 5765, 6030, 6081, 6113, 6279, 6412, 6632, 6876, 7565, 7577, 7584, 7849, 8085, 8091, 8444, 8531, 8602, 9299, 9484, 9877, 10044, 10324, 10477, 10562, 10615, 11121, 11152, 11336, 11417, 11555, 11958, 12349, 12744, 13060, 13129, 13431, 13761, 14125, 14188, 14816, 15604, 15699, 15927, 15978, 16012, 16073, 16156, 16189, 16462, 16641]",c4.cgn__MORF_RBM8A
c4.cgn,GCM_SMO,prerank,0.2764767052633203,0.936908323901213,0.569937369519833,0.7977206048601644,1.0,6_56,6/56,4.71%,KLHL17;WDR6;SMO;MIER2;SMG5;SNX33,KLHL17;WDR6;SMO;MIER2;SMG5;SNX33;TADA2B;ARL2;RHOD;URGCP;C1QTNF6;TUT1;CCDC3;CIC;GIGYF1;DCUN1D3;CNPPD1;MMP16;DNAJC4;CMTM4;STAT5B;FZR1;PIP4K2B;SEMA4F;ST6GALNAC4;ZDHHC3;AP2A1;VCP;F2;KCTD10;GGT7;TMEM254;DHX37;EDNRA;SEC24A;PEX11B;KPNA6;POLR2M;TRAFD1;VPS53;MKS1;FBXL20;RMND5B;COPS7A;PRDM4;TRPV6;DHRS11;SIN3A;COG5;PPIE;INVS;ASH1L;ADD2;AZI2;TMEM138;USP13,"[131, 196, 393, 398, 767, 824, 2187, 2537, 2653, 3194, 3759, 3809, 3866, 3896, 4070, 4095, 4405, 4548, 4641, 5061, 5095, 5882, 5956, 6141, 6608, 6826, 6922, 7245, 7524, 8363, 8457, 9394, 9517, 9524, 9979, 11074, 11451, 11574, 11955, 12509, 12780, 12920, 13070, 13328, 13341, 13757, 14074, 15543, 15661, 16307, 16391, 16613, 16769, 16799, 16914, 17404]",c4.cgn__GCM_SMO
c4.cgn,MORF_CTBP1,prerank,0.2388650219596774,0.938010142609925,0.6068376068376068,0.8002631119122601,1.0,35_162,35/162,19.12%,PTBP1;HDGF;IMPDH1;GAK;GNB2;CSK;HSP90AA1;JTB;MRPL23;CTBP1;XPO1;LYPLA2;UBE2I;SRSF9;TRAPPC3;UBE2L3;ZNF384;HDAC1;HNRNPAB;MRPS12;PIEZO1;DYNLL1;CTDNEP1;COX7C;STARD7;COPS6;IST1;MAEA;CSNK2B;PARK7;SF3B2;WDR1;PSMB1;SSR2;NACA,PTBP1;HDGF;IMPDH1;GAK;GNB2;CSK;HSP90AA1;JTB;MRPL23;CTBP1;XPO1;LYPLA2;UBE2I;SRSF9;TRAPPC3;UBE2L3;ZNF384;HDAC1;HNRNPAB;MRPS12;PIEZO1;DYNLL1;CTDNEP1;COX7C;STARD7;COPS6;IST1;MAEA;CSNK2B;PARK7;SF3B2;WDR1;PSMB1;SSR2;NACA;SETD3;SNRNP70;DDX49;ACAA1;AP3D1;TADA3;UBA1;PCBP2;COX5B;MARK3;ANP32B;COX4I1;SRP14;DIAPH1;CLTA;CCT7;SNX3;RNPS1;BTF3;CYC1;RAD23A;KXD1;NONO;AP2M1;ADD1;CCT2;PIN1;HNRNPUL1;COX6B1;DHX38;BAG6;GPAA1;PPP2R1A;NDUFA2;CHD4;TIAL1;SUMO3;DEK;IDH3B;PPP1CA;HADHB;NDUFS3;POLR2I;SUMO1;PSMB7;UQCRB;NDUFV1;SUMO2;PSMA4;RHOA;SET;AP1B1;UQCRFS1;CAPZB;MRPL9;PUF60;RHEB;PPP1R7;RAN;VDAC2;RPN1;DDX39B;COPS5;GPN1;SRP9;MGRN1;PGK1;CNBP;TARDBP;AP3S1;SNRPE;DRG1;HNRNPK;CAP1;U2AF1;EIF3K;HNRNPC;ARHGAP1;NDUFS4;SNRNP200;HADHA;LYPLA1;CBX3;XRCC6;EIF3H;UBA2;DNAJC8;ARFGAP2;EFCAB14;GNB1;SYPL1;CALM2;FNTA;EIF4G2;MDH1;FAM168B;CANX;PCMT1;GMFB;ARPC2;GANAB;VPS52;SLC25A3;YWHAB;CAPZA1;HNRNPD;FAM120A;YWHAZ;DAZAP2;DICER1;NCL;DAP3;GDI2;ANAPC5;TMED2;EIF1AX;MTDH;XPO7;ACLY;ACP1;XRCC5;FBXO9;EIF4H;MBD4;YWHAQ;HMGN1;KHDRBS1,"[179, 318, 434, 736, 746, 829, 876, 880, 987, 1410, 1469, 1817, 1857, 1920, 2069, 2076, 2263, 2268, 2299, 2485, 2488, 2497, 2698, 2712, 2743, 2781, 2898, 2909, 2962, 3030, 3165, 3199, 3303, 3305, 3349, 3687, 3756, 3787, 3799, 4667, 4689, 4716, 4719, 4769, 4793, 4820, 4836, 4885, 5025, 5058, 5096, 5248, 5271, 5589, 5661, 5797, 5883, 5890, 5915, 5928, 6142, 6165, 6288, 6303, 6533, 6613, 6643, 6695, 6766, 6811, 6913, 7026, 7046, 7055, 7117, 7160, 7168, 7194, 7337, 7404, 7480, 7591, 7732, 7762, 7817, 7850, 7884, 7978, 8009, 8206, 8815, 8835, 8862, 8903, 8987, 9023, 9247, 9312, 9389, 9423, 9587, 9922, 10132, 10154, 10281, 10370, 10437, 10590, 10635, 10811, 10852, 11073, 11078, 11106, 11123, 11235, 11250, 11297, 11348, 11375, 11381, 11464, 11662, 11721, 12079, 12089, 12311, 12538, 12560, 12589, 12738, 12788, 12872, 12898, 13091, 13207, 13389, 13514, 13801, 14203, 14319, 14417, 14665, 14718, 14768, 14777, 15084, 15227, 15267, 15290, 15362, 15416, 15424, 15559, 15957, 16129, 16334, 16697, 16724, 16842, 16952, 17248]",c4.cgn__MORF_CTBP1
c4.cgn,MORF_CSNK2B,prerank,0.22071202637863932,0.9336575712121047,0.6382022471910113,0.8015720418594552,1.0,56_268,56/268,18.92%,SLC3A2;PTOV1;HDGF;IMPDH1;NAA10;HSPD1;GNB2;HSP90AA1;JTB;SNRPA;CHERP;PRPF31;CCT3;BCAP31;CTBP1;TECR;NDUFS8;CCT5;TMED9;GLB1;TRIM28;RUVBL2;RBM14;AP2S1;PPM1G;LMNB2;SRSF9;SLC1A5;TRAPPC3;UBE2L3;MAP2K2;EIF3B;BANF1;HDAC1;HNRNPAB;TMEM147;DYNLL1;FBL;ESPL1;CTDNEP1;STARD7;PTGES3;IFRD1;NDUFV2;MAEA;CSNK2B;SLC4A2;MCM7;PARK7;SF3B2;CLPP;LAGE3;RNPEP;SEC24C;PSMB1;MFAP1,SLC3A2;PTOV1;HDGF;IMPDH1;NAA10;HSPD1;GNB2;HSP90AA1;JTB;SNRPA;CHERP;PRPF31;CCT3;BCAP31;CTBP1;TECR;NDUFS8;CCT5;TMED9;GLB1;TRIM28;RUVBL2;RBM14;AP2S1;PPM1G;LMNB2;SRSF9;SLC1A5;TRAPPC3;UBE2L3;MAP2K2;EIF3B;BANF1;HDAC1;HNRNPAB;TMEM147;DYNLL1;FBL;ESPL1;CTDNEP1;STARD7;PTGES3;IFRD1;NDUFV2;MAEA;CSNK2B;SLC4A2;MCM7;PARK7;SF3B2;CLPP;LAGE3;RNPEP;SEC24C;PSMB1;MFAP1;SOD1;SMARCD2;EIF2B4;TUFM;DDX49;NDUFS2;EIF3I;GPX4;LSS;UQCRH;GNG5;DHCR7;SF3A2;SNRPD2;AP3D1;UBA1;TMBIM6;KDELR1;PRMT1;COX5B;PDAP1;ARHGDIA;ANP32B;COX4I1;HAX1;LSM4;ERP29;CLTA;CCT7;SCAMP3;DGUOK;GPI;SNX3;AKR7A2;LSM2;COX6A1;UQCRC1;CYC1;RAD23A;KXD1;HDDC2;NONO;AP2M1;RALY;NDUFS5;ACOT7;CCT2;EIF4G1;PSMB4;PCNA;HNRNPUL1;COX6B1;COX5A;PSMD9;DAP;SNRPG;COX6C;SEC13;BAG6;PPP2R1A;COPE;RAD21;CHD4;NHP2;EI24;IDH3G;EIF4A1;DEK;PPP1CA;BUB3;HNRNPA2B1;HADHB;NDUFS3;POLR2I;SRSF1;SUMO1;PSMB7;UQCRB;NDUFV1;SUMO2;MBTPS1;NDUFC1;CDK4;SET;DHX16;UQCRFS1;NDUFAB1;MRPL9;SF3A1;ACOT13;ERH;PSMD8;GGCT;HCCS;PUF60;RHEB;PPP1R7;RAN;ATP6AP1;VDAC2;ILF3;DCTN2;VPS26A;DDX39B;ATIC;COPS5;HAT1;PRDX3;GPN1;SRP9;CS;FIBP;URM1;C1QBP;COMMD4;ALG8;RAD23B;TCEA1;VDAC1;TUBB2A;TARDBP;PHB2;RER1;NDUFB3;AP3S1;EIF4E2;LARP1;SNRPE;DRG1;UBAP2L;HUWE1;CAP1;EEF1E1;SMG7;U2AF1;EIF3K;HNRNPC;NDUFS4;SNRNP200;SRSF3;HADHA;LYPLA1;CBX3;XRCC6;UBA2;RAC1;GLO1;ARF3;LSM3;MPV17;EIF4B;NSDHL;CYCS;GNB1;SYPL1;HSPA9;CALM3;MDH1;SKP1;RFC2;CANX;YWHAE;EIF3C;GANAB;KPNA2;VPS52;SDHB;SLC25A3;DDX1;CDC123;FUS;YWHAB;SDHA;CDC23;BZW1;FAM120A;DDOST;G3BP2;VBP1;FEN1;SSBP1;AFG3L2;DAP3;TAF11;ANAPC5;MTDH;XPO7;DDX19B;DOCK3;ACLY;TBL3;ATXN10;UQCRC2;MRPS18B;KIF2A;PDHB;ACP1;PRPS2;PTPN11;PDCD6;PRRC2C;GMPS;EIF4H;YWHAQ;HMGN1;SNRPA1;PSMB2;RBBP4;RBMX;KHDRBS1;COA1;NDUFS1,"[40, 193, 318, 434, 658, 682, 746, 876, 880, 1030, 1100, 1145, 1222, 1256, 1410, 1425, 1492, 1508, 1520, 1582, 1635, 1716, 1738, 1749, 1775, 1800, 1920, 1927, 2069, 2076, 2104, 2149, 2209, 2268, 2299, 2360, 2497, 2514, 2630, 2698, 2743, 2761, 2802, 2803, 2909, 2962, 2964, 2994, 3030, 3165, 3176, 3233, 3242, 3282, 3303, 3314, 3398, 3528, 3656, 3698, 3787, 4184, 4270, 4303, 4326, 4384, 4434, 4439, 4540, 4575, 4667, 4716, 4731, 4746, 4768, 4769, 4796, 4816, 4820, 4836, 4867, 4871, 4884, 5058, 5096, 5104, 5189, 5213, 5248, 5253, 5400, 5419, 5608, 5661, 5797, 5883, 5884, 5890, 5915, 5946, 6012, 6071, 6142, 6233, 6246, 6282, 6288, 6303, 6389, 6409, 6456, 6491, 6499, 6603, 6613, 6695, 6700, 6793, 6811, 6828, 6944, 7002, 7033, 7046, 7117, 7131, 7153, 7160, 7168, 7194, 7195, 7337, 7404, 7480, 7591, 7732, 7745, 7758, 7822, 7850, 7974, 7978, 8115, 8206, 8267, 8468, 8550, 8583, 8653, 8674, 8815, 8835, 8862, 8903, 8926, 8987, 9070, 9173, 9239, 9247, 9278, 9312, 9331, 9353, 9389, 9423, 9436, 9475, 9506, 9551, 9556, 9623, 9640, 9794, 9800, 9904, 10154, 10159, 10239, 10262, 10281, 10288, 10304, 10370, 10437, 10463, 10571, 10635, 10644, 10715, 10811, 10852, 11073, 11106, 11123, 11131, 11235, 11250, 11297, 11348, 11381, 11471, 11537, 11621, 11643, 11741, 11807, 11828, 11932, 12079, 12089, 12206, 12212, 12589, 12689, 12745, 12788, 12907, 13078, 13207, 13366, 13389, 13413, 13514, 13598, 13599, 13643, 13801, 13860, 14305, 14397, 14417, 14615, 14644, 14758, 14856, 14903, 15046, 15084, 15147, 15267, 15416, 15424, 15451, 15555, 15559, 15595, 15760, 15798, 15834, 15905, 15926, 15957, 15987, 16007, 16075, 16094, 16118, 16697, 16842, 16952, 16976, 17105, 17106, 17199, 17248, 17347, 17390]",c4.cgn__MORF_CSNK2B
c4.cgn,MORF_RAB3A,prerank,0.2618354708387743,0.9395318628220867,0.547568710359408,0.8016487362400061,1.0,9_70,9/70,8.66%,TCF15;DNASE1L2;CXCL6;RFX1;SERPINC1;ART3;MLLT3;IRGC;RBM17,TCF15;DNASE1L2;CXCL6;RFX1;SERPINC1;ART3;MLLT3;IRGC;RBM17;MPHOSPH8;MYH7;MTRF1L;IL18RAP;PDE9A;BRDT;OPHN1;ATP2A1;DIO1;ZNF208;HIPK2;IPO8;SEC14L2;DOC2A;ODF2;NTN3;SLITRK2;AP4E1;EPHA7;CD3G;SMYD2;BHMT;RAB3A;ORC4;TEKT2;GABRB1;CUL3;GPR176;FOXN2;GRM8;FSTL4;LCT;ATRNL1;ASTN1;SAA4;ZNF154;ZNF239;VPS41;EIF2B1;NPY5R;BTN1A1;DSC1;ANGPTL7;AVPR1A;WNT1;BAAT;NLGN4Y;SPAG8;TBC1D12;MPPED2;CHM;ZNF264;KIT;RPGRIP1L;CHRNA3;KCNA3;RPGRIP1;LRRTM2;KCNH1;SYT11;AKAP5,"[133, 166, 232, 401, 470, 518, 888, 1514, 1516, 2395, 2695, 3177, 3895, 4230, 4652, 4771, 5412, 5497, 6269, 6403, 6442, 6673, 6961, 7497, 7753, 8207, 8566, 8607, 8645, 9184, 9256, 9354, 9548, 9689, 9868, 10069, 10087, 10390, 10745, 11365, 11633, 11692, 11777, 12049, 12108, 12302, 12579, 13180, 13464, 13580, 13733, 14021, 14324, 14329, 14724, 15262, 15293, 15366, 15385, 15551, 15565, 15737, 16050, 16155, 16219, 16453, 16580, 17117, 17137, 17253]",c4.cgn__MORF_RAB3A
c4.cgn,MORF_BNIP1,prerank,-0.22812206712980426,-0.9083140650408021,0.7030651340996169,0.8067559928887786,1.0,42_166,42/166,24.40%,MFN1;ADCYAP1;HTR4;IFT27;LPGAT1;COL19A1;CCKAR;PIAS2;ZNF500;MSH3;ESR1;PIGB;NR2C1;DNAJC16;ZNF266;PAX7;GSK3B;IL16;KRR1;MDM2;WBP4;SCAPER;CLOCK;ZNF134;NXPE3;AQP7;OSBP;ERC1;CA4;CYP2E1;EPHB2;AMMECR1;ATP6V0A2;ARFGEF2;GLE1;PIK3CB;BARX2;PGM3;ZNF157;SLC33A1;KRT86;PAXIP1,NPFF;MSX1;KAT8;PPP1R3D;INPP5E;RREB1;TBX19;BCL2;PPP1R1A;FLT1;SLC18A1;HCRT;CTRL;ZBTB40;CNKSR1;FOSL1;TMEM11;MSL3;TNFRSF25;COX6A2;TIE1;NCKIPSD;ZBTB22;STK17A;HNF1A;SLC2A1;IKBKE;NTNG2;CASP10;SGPL1;NRTN;RXRG;KLHL18;AQP5;ZNF592;GRIK5;VKORC1;LTBP4;KHK;TBX5;TBC1D22A;IQCK;PLEKHB1;SULT2B1;GTSE1;SLC4A3;DOCK1;WIPF2;GPR19;NR1I2;SLC22A6;S100A5;KCNA5;SSTR5;ARL3;SLC6A11;PVR;OPRL1;ATP8B1;CAMK2G;RUNX2;SIM2;POU6F1;MYO9B;SLC16A5;CYP2D6;C1orf216;DPT;PHF10;BNIP1;IL13;BRCA1;ABCC8;TENM4;POP4;FIG4;ELAVL2;RB1CC1;CACNB2;ADCY3;SURF2;YAF2;RAD51D;HTR7;MC5R;WT1;PSMF1;SULT4A1;BRD1;PRKACA;PAX9;CACNB1;GPR18;GNPAT;CD6;CDC73;SLC30A3;SYT5;MLLT10;FRYL;PTEN;CYP11A1;AFF2;UBE4B;ABCB10;TFDP2;POLR2K;ITIH4;CDYL;ZBTB14;ITPR2;NOS2;EXTL3;HSD17B3;FNTB;USP46;ABCB9;GJB5;CRHR1;RAP2C;ERCC4;MYOZ3;LIG3;GPATCH8;PAXIP1;KRT86;SLC33A1;ZNF157;PGM3;BARX2;PIK3CB;GLE1;ARFGEF2;ATP6V0A2;AMMECR1;EPHB2;CYP2E1;CA4;ERC1;OSBP;AQP7;NXPE3;ZNF134;CLOCK;SCAPER;WBP4;MDM2;KRR1;IL16;GSK3B;PAX7;ZNF266;DNAJC16;NR2C1;PIGB;ESR1;MSH3;ZNF500;PIAS2;CCKAR;COL19A1;LPGAT1;IFT27;HTR4;ADCYAP1;MFN1,"[214, 231, 256, 313, 557, 806, 898, 1238, 1271, 1534, 1763, 1821, 1888, 2152, 2173, 2188, 2391, 2401, 2404, 2434, 2491, 2826, 2968, 3031, 3074, 3156, 3163, 3250, 3306, 3417, 3421, 3602, 3930, 4046, 4317, 4406, 4516, 4551, 4573, 4864, 4963, 5004, 5278, 5450, 5480, 5491, 5632, 5670, 5702, 6022, 6062, 6325, 6341, 6368, 6378, 6443, 6517, 6582, 6583, 6774, 6841, 6968, 7077, 7156, 7299, 7348, 7435, 7501, 7676, 7890, 8159, 8479, 8504, 8681, 8847, 8855, 8893, 8973, 8997, 9021, 9085, 9125, 9164, 9170, 9268, 9281, 9367, 9376, 9380, 9427, 9570, 9757, 9887, 9936, 10125, 10314, 10367, 10414, 10494, 10503, 10528, 10566, 10687, 10794, 10803, 10817, 10988, 11047, 11159, 11245, 11545, 11576, 11588, 11815, 11981, 12012, 12189, 12241, 12254, 12334, 12343, 12394, 12722, 12947, 13244, 13293, 13356, 13438, 13525, 13536, 13676, 13788, 13844, 13900, 13954, 14005, 14038, 14112, 14363, 14433, 14801, 14821, 15124, 15146, 15154, 15169, 15285, 15386, 15497, 15613, 15619, 15884, 15887, 15904, 15927, 16134, 16504, 16545, 16696, 16872, 17091, 17124, 17168, 17206, 17339, 17377]",c4.cgn__MORF_BNIP1
c4.cgn,MORF_PPP5C,prerank,-0.2505796167471016,-0.9016215402006753,0.6862003780718336,0.8092901913668256,1.0,19_84,19/84,22.65%,MFN1;SLC24A1;ZNF500;MSH3;TAF2;CLPX;DIMT1;PIGB;NR2C1;GSK3B;REV3L;KLHDC10;KIAA0586;SIGMAR1;RBBP8;ATP6V0A2;BPHL;OARD1;SPAST,PIK3R2;PCGF1;INPP5E;BAHD1;NMT1;TRIM27;MTX1;CCNF;TMEM11;GALNT2;ILVBL;KLHL18;SH2B1;ZNF592;GRIK5;FANCG;CPSF4;MUTYH;CYP4F12;ERAL1;PDXDC1;PLEKHB1;NFRKB;ERCC2;RAP1A;PPP5C;EIF5B;AMFR;CSTF3;NKRF;WDR62;CAMK2G;FDXR;IMPA1;RPS6KB2;SLC25A11;PFDN6;CHD3;BTD;PHF10;MEA1;SPRED2;FANCI;BRCA1;SSR1;PIGF;RFC5;POP4;CLP1;HTR7;CETN3;FOXD1;HNRNPL;SLC30A3;CDK13;FRYL;UBE4B;EXTL3;FNTB;EP400;ATRX;TTI1;NFYB;SYNJ2;PAXIP1;SPAST;OARD1;BPHL;ATP6V0A2;RBBP8;SIGMAR1;KIAA0586;KLHDC10;REV3L;GSK3B;NR2C1;PIGB;DIMT1;CLPX;TAF2;MSH3;ZNF500;SLC24A1;MFN1,"[350, 556, 557, 1484, 1591, 1611, 2215, 2271, 2391, 2570, 3181, 3930, 4052, 4317, 4406, 4445, 4602, 4649, 4880, 5023, 5277, 5278, 5498, 5609, 5616, 5644, 5863, 5936, 6385, 6541, 6630, 6774, 6876, 7169, 7191, 7418, 7436, 7478, 7627, 7676, 7695, 8388, 8465, 8479, 8485, 8497, 8556, 8847, 8937, 9170, 9250, 9543, 9987, 10367, 10426, 10503, 10794, 11588, 11981, 12087, 12221, 12297, 12358, 13003, 13244, 13551, 13625, 13842, 13900, 14125, 14235, 14502, 14906, 14926, 15613, 15904, 15927, 15949, 16063, 16345, 16504, 16545, 17125, 17377]",c4.cgn__MORF_PPP5C
c4.cgn,GCM_SMARCC1,prerank,-0.2948864666706266,-0.9058732917688719,0.5886792452830188,0.8094324814994186,1.0,9_35,9/35,18.69%,KHDRBS1;GRM4;DDX18;TTF1;PNN;TAF11;CAPRIN1;SRSF2;DHX9,DGCR6;PCBP1;AIP;FANCC;DRG2;PTGES3;DNTTIP2;SMARCD2;SMARCC1;MAZ;RENBP;SLC29A2;MSN;DRAP1;MAPRE1;TLK2;HNRNPL;TAF9;TIMM17A;TRAM1;PDE6B;MADD;SF1;DDX5;ABCC1;FUS;DHX9;SRSF2;CAPRIN1;TAF11;PNN;TTF1;DDX18;GRM4;KHDRBS1,"[834, 1366, 1644, 1672, 2257, 2761, 3414, 3528, 3733, 3840, 3841, 5205, 5230, 5252, 6230, 7583, 9987, 10023, 10170, 10410, 10548, 10705, 10998, 11020, 12718, 13643, 14245, 14385, 14425, 15147, 15425, 16422, 16843, 16981, 17248]",c4.cgn__GCM_SMARCC1
c4.cgn,GCM_RING1,prerank,-0.24277045282189075,-0.9017664436599527,0.6635160680529301,0.8127697717484685,1.0,18_96,18/96,13.67%,ADCYAP1;GRM4;DDX18;GSTZ1;PRKAG1;COL14A1;GPR3;COX10;TTF1;CENPI;TAF1;ODF1;CD8B;MPP2;ERV3-1;CHIC1;SDHC;ZNF134,MICB;EBI3;BCAT2;FCGR2A;AANAT;DGCR6;PLK1;WAS;MAPK3;FANCC;SLC18A1;SLC2A4;RING1;DRG2;MYH7;VPS72;IKBKE;NTHL1;SMARCD2;RABGGTA;GCGR;TEC;RENBP;AAMP;DPF2;SLC16A1;HTR1E;NUP188;LTK;NGFR;SLC29A2;RNPS1;TMEM106A;HMGA2;TH;CCR9;TTC1;NFIC;ZNF76;PNMT;ZNF8;FUT2;TRIP13;MAPRE1;STIM1;MYBPC2;NRF1;GLA;TLK2;BNIP1;SMARCD1;IDUA;DRD1;FEV;INPP5J;SIRPB1;PRKCG;TIMM17A;PDE6B;ADRB3;SUPT4H1;MADD;PTPN5;SF1;MVK;HTT;RAB33A;SP2;ABCC1;KRT31;LYST;AVPR1B;BDH1;BECN1;SCNN1G;GJA5;SIGMAR1;AQP7;ZNF134;SDHC;CHIC1;ERV3-1;MPP2;CD8B;ODF1;TAF1;CENPI;TTF1;COX10;GPR3;COL14A1;PRKAG1;GSTZ1;DDX18;GRM4;ADCYAP1,"[152, 243, 375, 648, 807, 834, 869, 1067, 1114, 1672, 1763, 1904, 1978, 2257, 2695, 2933, 3163, 3287, 3528, 3535, 3575, 3674, 3841, 3845, 3954, 4611, 4721, 4837, 4932, 4970, 5205, 5271, 5334, 5446, 5573, 5772, 5820, 5825, 5979, 6030, 6092, 6191, 6199, 6230, 7253, 7422, 7477, 7530, 7583, 7890, 8135, 8588, 8994, 8998, 9123, 9515, 9622, 10170, 10548, 10582, 10648, 10705, 10768, 10998, 11336, 11996, 12306, 12439, 12718, 12889, 13016, 13239, 13915, 14024, 14066, 14171, 14235, 14801, 15124, 15164, 15316, 15647, 15699, 15708, 16073, 16157, 16366, 16422, 16431, 16438, 16546, 16705, 16791, 16843, 16981, 17339]",c4.cgn__GCM_RING1
c4.cgn,MORF_ESR1,prerank,-0.2328922896575674,-0.9026686946759791,0.690522243713733,0.8141750052092801,1.0,32_149,32/149,19.87%,NF1;MFN1;ADCYAP1;HTR4;LPGAT1;PIAS2;ZNF500;TRIM24;MSH3;ZKSCAN3;TAF2;ESR1;CLPX;PIGB;DNAJC16;MPP2;PAX7;IL16;KRR1;SCAPER;CLOCK;ZNF134;NFX1;NXPE3;AQP7;UTRN;KIAA0586;ERC1;MGA;ETV3;RBBP8;CYP2E1,NPFF;MSX1;KAT8;PPP1R3D;DOK1;TBX19;MYC;BCL2;RUNX1;FLT1;RASSF1;CTRL;CRYAA;CFH;FOSL1;TMEM11;MSL3;TNFRSF25;COX6A2;NCKIPSD;ZBTB22;STK17A;COLQ;SLC2A1;IKBKE;NTNG2;CASP10;NRTN;RXRG;KLHL18;AQP5;IRF2;ZNF592;GRIK5;PAX8;LTBP4;SLC13A2;TBX5;TBC1D22A;PLEKHB1;SULT2B1;MLN;SLC4A3;DTNA;GPR19;AMFR;NR1I2;SLC22A6;SSTR5;ARL3;SLC6A11;PVR;CAMK2G;POU6F1;MYO9B;RPS6KB2;SLC16A5;C1orf216;DPT;PCF11;PHF10;BNIP1;IL13;BRCA1;CEP135;FIG4;ELAVL2;ADCY3;HTR7;MC5R;WT1;SIX3;ZNF133;PSMF1;SULT4A1;BRD1;PRKACA;PAX9;GNPAT;SLC5A2;TACC2;DAPK2;CD6;SLC30A3;SYT5;CDK13;FRYL;CYP11A1;AFF2;UBE4B;TFDP2;POLR2K;ITIH4;ITPR2;NOS2;CHD9;FNTB;EP400;ZNF710;ABCB9;ATRX;GJB5;CRHR1;TTI1;SMG1;IPCEF1;ECE2;KRT1;GPATCH8;PRSS16;PAXIP1;KRT86;ZNF157;BARX2;PIK3CB;GLE1;ATP6V0A2;CYP2E1;RBBP8;ETV3;MGA;ERC1;KIAA0586;UTRN;AQP7;NXPE3;NFX1;ZNF134;CLOCK;SCAPER;KRR1;IL16;PAX7;MPP2;DNAJC16;PIGB;CLPX;ESR1;TAF2;ZKSCAN3;MSH3;TRIM24;ZNF500;PIAS2;LPGAT1;HTR4;ADCYAP1;MFN1;NF1,"[214, 231, 256, 313, 477, 898, 1232, 1238, 1384, 1534, 1540, 1888, 1964, 2051, 2188, 2391, 2401, 2404, 2434, 2826, 2968, 3031, 3087, 3156, 3163, 3250, 3306, 3421, 3602, 3930, 4046, 4161, 4317, 4406, 4519, 4551, 4819, 4864, 4963, 5278, 5450, 5474, 5491, 5512, 5702, 5936, 6022, 6062, 6368, 6378, 6443, 6517, 6774, 7077, 7156, 7191, 7299, 7435, 7501, 7649, 7676, 7890, 8159, 8479, 8646, 8855, 8893, 9021, 9170, 9268, 9281, 9359, 9364, 9367, 9376, 9380, 9427, 9570, 9936, 10044, 10096, 10107, 10125, 10367, 10414, 10426, 10503, 10566, 10687, 10794, 10817, 10988, 11047, 11545, 11576, 11886, 11981, 12087, 12161, 12189, 12221, 12241, 12254, 12297, 12317, 12331, 12432, 12750, 12947, 13129, 13244, 13293, 13438, 13536, 13676, 13788, 13900, 14038, 14125, 14186, 14232, 14363, 14502, 14669, 14801, 14821, 14908, 15124, 15146, 15154, 15386, 15497, 15619, 15699, 15887, 15927, 16063, 16134, 16345, 16462, 16504, 16520, 16545, 16696, 17124, 17206, 17339, 17377, 17391]",c4.cgn__MORF_ESR1
c4.cgn,GNF2_SPINK1,prerank,0.3652644572467431,0.92349742016911,0.5614035087719298,0.8152832372170278,1.0,8_15,8/15,24.97%,CEL;CUZD1;CTRL;CTRC;PLA2G1B;CTRB1;PRSS3;CPA1,CEL;CUZD1;CTRL;CTRC;PLA2G1B;CTRB1;PRSS3;CPA1;CPA2;PDIA2;CELA2A;CLPS;SERPINI2;CPB1;CFTR,"[508, 534, 1888, 2747, 3744, 3761, 4176, 4373, 5444, 5779, 7659, 9625, 11148, 16385, 17252]",c4.cgn__GNF2_SPINK1
c4.cgn,MORF_ERCC2,prerank,0.2512657623407776,0.9167242046161901,0.639412997903564,0.8235662054894484,1.0,15_92,15/92,13.65%,MGAT1;P4HA1;DOK1;PCGF1;INPP5E;PEX6;LAIR1;MPST;BAHD1;RASSF1;TRIM27;RERE;B4GALT3;MTX1;TMEM11,MGAT1;P4HA1;DOK1;PCGF1;INPP5E;PEX6;LAIR1;MPST;BAHD1;RASSF1;TRIM27;RERE;B4GALT3;MTX1;TMEM11;PLIN3;KLHL18;SH2B1;IRF2;ZNF592;GRIK5;FANCG;PAX8;CPSF4;MUTYH;PARVB;TBC1D22A;NUMB;PLEKHB1;NEK9;NFRKB;ERCC2;RAP1A;PPP5C;EIF5B;AMFR;SSTR5;CSTF3;NKRF;WDR62;CAMK2G;FDXR;IMPA1;SLC25A11;CHD3;DPT;BTD;DNAJC7;PIGF;CLP1;HTR7;PSMF1;PAX9;HNRNPL;SLC30A3;CDK13;FRYL;ITIH4;EXTL3;CHD9;ATRX;TTI1;NFYB;DENND4A;GPATCH8;INTS10;MFN2;TLN2;PAXIP1;SFSWAP;OARD1;PIK3CB;GLE1;BPHL;LEPROTL1;DDB1;RFC1;RBBP8;SPEF1;KIAA0586;SEC31A;SIK3;GSK3B;TAF5L;TPR;PIGB;DIMT1;CLPX;AGPS;TAF2;ZNF500;SLC24A1,"[100, 306, 477, 556, 557, 839, 1183, 1450, 1484, 1540, 1611, 1640, 2151, 2215, 2391, 3518, 3930, 4052, 4161, 4317, 4406, 4445, 4519, 4602, 4649, 4748, 4963, 5201, 5278, 5425, 5498, 5609, 5616, 5644, 5863, 5936, 6368, 6385, 6541, 6630, 6774, 6876, 7169, 7418, 7478, 7501, 7627, 8324, 8497, 8937, 9170, 9367, 9570, 9987, 10367, 10426, 10503, 11047, 11588, 11886, 12221, 12297, 12358, 12390, 12947, 12978, 13019, 13068, 13244, 13427, 13625, 13676, 13788, 13842, 14017, 14043, 14088, 14125, 14331, 14502, 15076, 15426, 15613, 15683, 15832, 15927, 15949, 16063, 16310, 16345, 16545, 17125]",c4.cgn__MORF_ERCC2
c4.cgn,GCM_TEC,prerank,0.30856768248059013,0.9179152771412359,0.5553235908141962,0.8260360018475642,1.0,9_30,9/30,16.23%,FCGR2A;DGCR6;PTPRU;FANCC;SLC18A1;SLC2A4;RING1;MYH7;VAV1,FCGR2A;DGCR6;PTPRU;FANCC;SLC18A1;SLC2A4;RING1;MYH7;VAV1;TEC;NDUFA1;TMEM106A;HMGA2;CCR9;IFNA21;ZNF8;CHRM5;NRF1;FEV;SLC30A3;PDE6B;MADD;MVK;AVPR1B;KRT83;CHIC1;MPP2;CD8B;GRM4;ADCYAP1,"[648, 834, 857, 1672, 1763, 1904, 1978, 2695, 2843, 3674, 4429, 5334, 5446, 5772, 5807, 6092, 7448, 7477, 8998, 10367, 10548, 10705, 11336, 13239, 13939, 15316, 15699, 15708, 16981, 17339]",c4.cgn__GCM_TEC
c4.cgn,MORF_RRM1,prerank,-0.24480219881948037,-0.8890815863716892,0.7260536398467433,0.8271419562065802,1.0,10_90,10/90,7.93%,MSH2;LRPPRC;KHDRBS1;TYMS;SRRM1;PRKDC;IMMT;NAE1;RRM1;XRCC5,NUDC;PPP1CC;SNRPA;RAD54L;CHERP;HSPE1;XPO1;CCT5;DNAJC9;RUVBL2;PPM1G;LMNB2;TCP1;SSRP1;KHSRP;HCFC1;SAFB;ESPL1;RFC4;PTGES3;MFAP1;BAZ1B;PMEL;SPAG5;LSM2;SLBP;TFDP1;HDDC2;NONO;HNRNPM;MAPRE1;DNMT1;NUDT1;ESD;BUB3;MCM3;HNRNPA2B1;DUT;SRSF1;TXNL4A;RMND5A;LBR;VDAC2;CHAF1A;HADH;GTF2A2;HAT1;GPN1;CS;HDAC2;GOT2;BUB1;PARP1;POM121;VDAC1;NDUFB3;SMC3;TRA2B;PABPC4;USP1;SNRNP200;SMC1A;ZWINT;GNB1;NASP;STMN1;MCM6;CENPF;ANP32A;FH;KIF11;R3HDM1;HNRNPR;HNRNPD;MCM2;G3BP2;FEN1;SSBP1;AFG3L2;HNRNPU;XRCC5;RRM1;NAE1;IMMT;PRKDC;SRRM1;TYMS;KHDRBS1;LRPPRC;MSH2,"[598, 665, 1030, 1094, 1100, 1194, 1469, 1508, 1682, 1716, 1775, 1800, 2233, 2303, 2315, 2400, 2532, 2630, 2646, 2761, 3314, 3330, 4924, 4980, 5400, 5569, 5705, 5884, 5890, 5926, 6230, 6654, 6948, 6955, 7131, 7142, 7153, 7170, 7195, 7397, 7927, 8625, 8987, 9035, 9255, 9282, 9331, 9389, 9436, 9498, 9604, 9690, 9697, 9701, 9800, 10262, 10273, 10366, 10433, 10872, 11123, 11281, 11796, 12079, 12374, 12454, 12498, 12520, 12532, 12562, 13279, 13630, 14083, 14319, 14346, 14644, 14856, 14903, 15046, 15455, 16129, 16148, 16265, 16491, 16539, 16723, 16776, 17248, 17309, 17502]",c4.cgn__MORF_RRM1
c4.cgn,MORF_PRKAG1,prerank,-0.21941316567070374,-0.8902095847579727,0.7819548872180451,0.8279478619227767,1.0,52_209,52/209,23.78%,HLTF;LRPPRC;LANCL1;KHDRBS1;PWP1;SEC63;DDX18;YWHAQ;CSNK2A1;SEC23IP;PRKAG1;PARP2;GNL2;DIMT1;CLTC;MRPS18B;TPR;PARN;HMGN4;ARCN1;DOCK3;XPO7;RTCA;NIPSNAP1;DAP3;SEC31A;AFG3L2;CUL4B;RTN4;CNP;ANKRD17;HNRNPH2;NDST1;PMM2;CAPZA1;ANXA7;MYCBP;RFC1;DDB1;BECN1;ARIH2;SDHA;XPO6;BPHL;ZNHIT3;OARD1;YIF1A;UBE3C;AGPAT1;CDC25C;SFSWAP;GLG1,MGAT1;P4HA1;PCGF1;TXLNA;GOLGA3;DEXI;PABPN1;STK19;TFAP4;CNOT3;RABAC1;MPST;BAHD1;NUP62;TCOF1;SRRT;EIF2B5;RUVBL2;SDR39U1;B4GALT3;MTX1;SMNDC1;SCARB1;NELFB;CTDNEP1;CSNK1G2;COPS6;MTA1;SERP1;SLC4A2;RAF1;CCT4;AATF;ILVBL;PRKCSH;MLEC;EML3;CSNK1D;PLIN3;EBP;ALDH4A1;ACTL6A;SH2B1;MRPL28;EIF3I;PSMB6;FANCG;TMED1;NAP1L4;NCOR2;CPSF4;TOMM34;NUDT3;MMS19;NUP188;ALG3;MZF1;PSMD3;ATXN2L;CIB1;DRAP1;PDXDC1;SEC61B;ATP6V1F;NFRKB;RPN2;KXD1;NONO;ILK;SMAD2;ABR;CSTF3;GPAA1;PIGC;PPP2R1A;TIAL1;SGTA;OTUB1;HNRNPA2B1;HADHB;VGLL4;SLC25A11;CAD;ST13;CHD3;MEA1;SUMO2;HSPA8;PRPF8;CAPZB;ESYT1;CLSTN1;ADAM15;COX8A;MRPL9;DNAJC7;GLUD1;SSR1;PSMD2;SART3;NCBP2;SSB;COQ9;CETN3;POLR2C;ATP11B;RPS6KA3;CS;HDAC2;TCEA1;VAMP3;TBL2;HNRNPL;TAF9;BRD8;ATXN2;PARG;NSL1;ZZZ3;AP3S1;RPA2;PRDX4;DRG1;AHCYL1;HUWE1;SUMO4;ILF2;FBXW11;BMS1;PKMYT1;AP3B1;BRD3;RAB1A;PPP1R11;SNRNP200;KDM3B;MCFD2;KPNA6;DNAJC8;RAC1;SS18;TOR1AIP1;EHBP1;UBE2A;USP5;CALM2;LSM12;NFYB;METAP1;TP53BP1;CANX;POLR2A;RPRD2;INTS10;MFN2;TERF2IP;SEC62;GLG1;SFSWAP;CDC25C;AGPAT1;UBE3C;YIF1A;OARD1;ZNHIT3;BPHL;XPO6;SDHA;ARIH2;BECN1;DDB1;RFC1;MYCBP;ANXA7;CAPZA1;PMM2;NDST1;HNRNPH2;ANKRD17;CNP;RTN4;CUL4B;AFG3L2;SEC31A;DAP3;NIPSNAP1;RTCA;XPO7;DOCK3;ARCN1;HMGN4;PARN;TPR;MRPS18B;CLTC;DIMT1;GNL2;PARP2;PRKAG1;SEC23IP;CSNK2A1;YWHAQ;DDX18;SEC63;PWP1;KHDRBS1;LANCL1;LRPPRC;HLTF,"[100, 306, 556, 558, 711, 827, 844, 920, 951, 975, 1038, 1450, 1484, 1525, 1541, 1571, 1685, 1716, 2011, 2151, 2215, 2319, 2430, 2632, 2698, 2729, 2781, 2852, 2908, 2964, 3033, 3049, 3146, 3181, 3248, 3328, 3448, 3453, 3518, 3700, 3735, 3778, 4052, 4262, 4270, 4299, 4445, 4522, 4529, 4578, 4602, 4660, 4736, 4778, 4837, 4951, 4955, 4956, 5018, 5183, 5252, 5277, 5404, 5476, 5498, 5693, 5883, 5890, 5935, 6205, 6349, 6385, 6643, 6649, 6695, 6913, 6999, 7059, 7153, 7160, 7380, 7418, 7457, 7462, 7478, 7695, 7732, 7879, 7992, 8009, 8043, 8057, 8085, 8139, 8206, 8324, 8416, 8485, 8522, 8648, 8656, 8781, 8943, 9250, 9284, 9302, 9363, 9436, 9498, 9794, 9874, 9984, 9987, 10023, 10025, 10049, 10074, 10185, 10253, 10281, 10282, 10397, 10437, 10453, 10571, 10640, 10675, 10709, 10848, 10922, 10936, 10940, 10946, 10997, 11123, 11224, 11265, 11451, 11464, 11471, 11559, 11774, 11876, 11882, 12048, 12311, 12349, 12358, 12552, 12764, 12788, 12851, 12944, 12978, 13019, 13023, 13161, 13354, 13427, 13437, 13440, 13531, 13572, 13625, 13710, 13842, 13847, 13860, 13897, 14024, 14043, 14088, 14118, 14172, 14203, 14336, 14395, 14566, 14611, 14636, 14995, 15024, 15046, 15076, 15084, 15161, 15264, 15424, 15555, 15556, 15558, 15639, 15832, 15834, 15879, 15949, 16231, 16516, 16705, 16797, 16833, 16842, 16843, 16970, 17002, 17248, 17264, 17309, 17368]",c4.cgn__MORF_PRKAG1
c4.cgn,MORF_RPA2,prerank,-0.22190353229632576,-0.8873788490363925,0.7700205338809035,0.828004686538374,1.0,43_181,43/181,23.36%,LRPPRC;LANCL1;KHDRBS1;GTF2H3;PWP1;ZMYM4;DDX18;YWHAQ;CSNK2A1;SRRM1;PRKAG1;PRKDC;PARP2;IMMT;PPIE;DYRK2;IGSF9B;PDE6D;PARN;HMGN4;XPO7;EIF1AX;AFG3L2;ASH2L;CNP;DCAF7;CAPRIN1;NDST1;TSFM;MCM2;HNRNPD;CAPZA1;CNOT1;DDB1;ARIH2;XPO6;M6PR;PPIF;ZC3H15;AGPAT1;CDC25C;PFDN1;SFSWAP,MGAT1;E2F4;TXLNA;DEXI;CSK;PABPN1;ELK1;RAD54L;PRPF31;PTPN9;XPO1;TMED9;NUP62;TCOF1;CDK2;THOP1;PPP1R10;B4GALT3;CNOT4;MTX1;SMNDC1;WWOX;NELFB;IFRD2;CTDNEP1;COPS6;ORC1;SERP1;MEN1;CCT4;AATF;PRKCSH;KHNYN;MLEC;EML3;PLIN3;WDR18;BMI1;EBP;SMARCC1;ALDH4A1;DDX49;PSD4;EIF2S2;EIF3I;CNPPD1;FANCG;GSK3A;NAP1L4;NUDT3;NUP188;ATXN2L;DIAPH1;NFRKB;ARPC4;MCRS1;KXD1;NONO;CASP2;PITPNM1;GTF2F1;CRYBA4;USP19;GRK6;PSMA1;ABL1;GPAA1;OGDH;FDXR;NUDT1;OTUB1;BUB3;HNRNPA2B1;MAP3K11;CAD;DDX11;IKBKG;CELA2A;SUMO2;EPAS1;PRPF8;EIF6;ESYT1;CLSTN1;ADAM15;PCBP3;SMARCD1;MRPL9;PSMD2;PRPH;SMARCC2;USP11;COQ9;RPN1;VDAC3;GTF2A2;RPS6KA3;TEX261;CS;HDAC2;LDHA;TCEA1;RXRB;VAMP3;POLA2;PGK1;HNRNPL;BRD8;ARL6IP1;PHB2;TIMM17A;AP3S1;RPA2;DRG1;SUMO4;ILF2;PKMYT1;AP3B1;SNRNP200;SREBF2;KDM3B;MVK;GRB2;GHITM;DNAJC8;ZNF131;CNTN1;EIF3M;USP5;CALM2;LSM12;METAP1;POLR2A;PCMT1;RPRD2;MFN2;FKBP15;ADSL;SFSWAP;PFDN1;CDC25C;AGPAT1;ZC3H15;PPIF;M6PR;XPO6;ARIH2;DDB1;CNOT1;CAPZA1;HNRNPD;MCM2;TSFM;NDST1;CAPRIN1;DCAF7;CNP;ASH2L;AFG3L2;EIF1AX;XPO7;HMGN4;PARN;PDE6D;IGSF9B;DYRK2;PPIE;IMMT;PARP2;PRKDC;PRKAG1;SRRM1;CSNK2A1;YWHAQ;DDX18;ZMYM4;PWP1;GTF2H3;KHDRBS1;LANCL1;LRPPRC,"[100, 229, 558, 827, 829, 844, 973, 1094, 1145, 1441, 1469, 1520, 1525, 1541, 1573, 1691, 1812, 2151, 2186, 2215, 2319, 2505, 2632, 2668, 2698, 2781, 2860, 2908, 2948, 3049, 3146, 3248, 3268, 3328, 3448, 3518, 3522, 3628, 3700, 3733, 3735, 3787, 4136, 4201, 4270, 4405, 4445, 4452, 4529, 4736, 4837, 5018, 5025, 5498, 5513, 5728, 5883, 5890, 6081, 6113, 6163, 6311, 6412, 6438, 6584, 6593, 6643, 6725, 6876, 6948, 7059, 7131, 7153, 7357, 7457, 7565, 7584, 7659, 7732, 7864, 7992, 8000, 8043, 8057, 8085, 8091, 8135, 8206, 8522, 8531, 8662, 8663, 8943, 9023, 9165, 9282, 9363, 9412, 9436, 9498, 9549, 9794, 9818, 9874, 9889, 9922, 9987, 10025, 10036, 10159, 10170, 10281, 10282, 10437, 10640, 10675, 10922, 10936, 11123, 11150, 11224, 11336, 11405, 11417, 11464, 11544, 11555, 11654, 12048, 12311, 12349, 12552, 12851, 12872, 12944, 13019, 13060, 13172, 13427, 13431, 13437, 13440, 13537, 13578, 13779, 13847, 13897, 14043, 14101, 14203, 14319, 14346, 14376, 14395, 14425, 14512, 14636, 14752, 15046, 15362, 15424, 15558, 15639, 15736, 16156, 16186, 16307, 16491, 16516, 16539, 16705, 16723, 16833, 16842, 16843, 16898, 17002, 17089, 17248, 17264, 17309]",c4.cgn__MORF_RPA2
c4.cgn,MORF_ACP1,prerank,-0.21731420270892618,-0.8906353346060824,0.812962962962963,0.8308347584514624,1.0,38_203,38/203,19.75%,LRPPRC;KHDRBS1;DDX19A;HMGN1;YWHAQ;SRRM1;SRP72;EIF4H;TERF1;YME1L1;PPIE;XRCC5;PRRC2C;OXA1L;ACP1;TOMM20;NPM1;ATXN10;HNRNPA1;PNN;XPO7;EIF1AX;ANAPC5;GDI2;TAF11;RAB14;FOXJ3;NCL;YWHAZ;DDOST;RABGGTB;RSL1D1;SRSF2;HNRNPD;TAX1BP1;PPIG;HNRNPR;UBE2N,HDGF;ATF4;GNB2;CSK;HSP90AA1;JTB;CTBP1;XPO1;EIF3G;TRIM28;THOP1;BCL7B;UBE2I;LSM7;SRSF9;HSP90AB1;UBE2L3;TCP1;HDAC1;RPL18;SAFB;RPL14;STARD7;PTGES3;RPLP2;HGS;CSNK2B;PARK7;YBX1;WDR1;PSMB1;NACA;DKC1;TUFM;RPS27A;SMARCC1;SNRNP70;DDX49;RPS12;MED12;SART1;DPF2;ERCC5;EIF3I;UQCRH;CNPPD1;NAP1L4;SF3A2;PCBP2;GNAS;ANP32B;ERP29;SRP14;DIAPH1;CCT7;RPL5;SNX3;RNPS1;RPL22;PDIA6;BTF3;NSA2;TATDN2;RAD23A;TTC1;KXD1;NONO;HNRNPM;CCT2;MAPRE1;HNRNPUL1;DHX38;PSMA1;BAG6;COPE;BRD2;RPL10A;CHD4;RAB8A;TIAL1;NAP1L1;SUMO3;EIF4A1;DEK;RPL21;BUB3;DUT;BAZ2A;HINT1;PSMB7;EIF3E;NDUFV1;LSM14A;SUMO2;RHOA;SET;UQCRFS1;PRPF8;USP22;MRPL9;SF3A1;ZFPL1;ERH;TMEM123;RHEB;VDAC2;ILF3;DDX39B;ARPC3;TEX261;CS;DHX15;POM121;TCEA1;STRAP;BRD8;TARDBP;PHB2;DR1;EIF4A2;TRA2B;SNRPE;DRG1;PUM1;HNRNPK;CAP1;ILF2;U2AF1;EIF3K;PTP4A2;HNRNPC;NDUFS4;SNRNP200;SRSF3;SREBF2;EIF3D;HADHA;LYPLA1;CBX3;XRCC6;EIF3H;UBA2;DNAJC8;EIF3F;EIF3M;EFCAB14;EIF4B;NDUFA7;GNB1;CALM3;POLE3;ANP32A;EIF4G2;ZFC3H1;CIAO1;NAGLU;PHIP;FAM168B;TLK1;GANAB;ATAD2B;SLC25A3;ZC3H15;FUS;CCNI;UBE2N;HNRNPR;PPIG;TAX1BP1;HNRNPD;SRSF2;RSL1D1;RABGGTB;DDOST;YWHAZ;NCL;FOXJ3;RAB14;TAF11;GDI2;ANAPC5;EIF1AX;XPO7;PNN;HNRNPA1;ATXN10;NPM1;TOMM20;ACP1;OXA1L;PRRC2C;XRCC5;PPIE;YME1L1;TERF1;EIF4H;SRP72;SRRM1;YWHAQ;HMGN1;DDX19A;KHDRBS1;LRPPRC,"[318, 381, 746, 829, 876, 880, 1410, 1469, 1588, 1635, 1691, 1737, 1857, 1878, 1920, 1985, 2076, 2233, 2268, 2393, 2532, 2534, 2743, 2761, 2774, 2925, 2962, 3030, 3086, 3199, 3303, 3349, 3394, 3698, 3702, 3733, 3756, 3787, 3808, 3811, 3890, 3954, 4096, 4270, 4384, 4405, 4529, 4540, 4719, 4729, 4820, 4884, 4885, 5025, 5096, 5122, 5248, 5271, 5460, 5581, 5589, 5676, 5710, 5797, 5820, 5883, 5890, 5926, 6142, 6230, 6288, 6533, 6584, 6613, 6700, 6720, 6728, 6811, 6908, 6913, 7021, 7026, 7033, 7046, 7103, 7131, 7170, 7234, 7246, 7404, 7547, 7591, 7611, 7732, 7817, 7850, 7978, 7992, 8090, 8206, 8267, 8429, 8550, 8640, 8835, 8987, 9070, 9247, 9308, 9412, 9436, 9589, 9701, 9794, 9939, 10025, 10154, 10159, 10243, 10269, 10366, 10370, 10437, 10573, 10590, 10635, 10675, 10811, 10852, 10987, 11073, 11106, 11123, 11131, 11150, 11188, 11235, 11250, 11297, 11348, 11375, 11381, 11464, 11586, 11654, 11721, 11807, 12000, 12079, 12212, 12411, 12532, 12560, 12592, 12615, 12695, 12727, 12738, 12946, 13207, 13448, 13514, 13537, 13643, 13685, 14060, 14083, 14267, 14274, 14319, 14385, 14477, 14514, 14615, 14665, 14777, 14901, 15080, 15147, 15227, 15267, 15362, 15424, 15425, 15588, 15760, 15766, 15815, 15957, 15959, 16094, 16129, 16307, 16459, 16643, 16697, 16706, 16723, 16842, 16952, 17058, 17248, 17309]",c4.cgn__MORF_ACP1
c4.cgn,CAR_WBSCR22,prerank,-0.3126269062911692,-0.8916903086036764,0.6373626373626373,0.8320725127458405,1.0,9_27,9/27,25.06%,ADCYAP1;ZKSCAN3;IGSF9B;KAT7;PFKFB2;ZNF157;TRIM58;KRT86;PRSS16,RREB1;CARD10;LY6G6C;NCKIPSD;ITGA2B;SLC12A4;EFNA3;ATP1B2;POU4F1;ST3GAL2;IGHMBP2;PCBP3;WNT10B;VAMP1;SULT4A1;MLANA;SLC30A3;CYP11A1;PRSS16;KRT86;TRIM58;ZNF157;PFKFB2;KAT7;IGSF9B;ZKSCAN3;ADCYAP1,"[806, 861, 2025, 2826, 3407, 3688, 5941, 6196, 6361, 6550, 7849, 8091, 8235, 8979, 9376, 9704, 10367, 10566, 13129, 13293, 13322, 13438, 14254, 15044, 16156, 16462, 17339]",c4.cgn__CAR_WBSCR22
c4.cgn,GCM_PSME1,prerank,-0.2473720861438957,-0.8831551555833059,0.7106227106227107,0.8349133021684327,1.0,20_79,20/79,23.91%,KHDRBS1;SNRPA1;HMGN1;SNRPD3;NPM1;HNRNPA1;HNRNPU;PNN;PSMA5;NCL;YWHAZ;RABGGTB;SRSF2;HNRNPD;CAPZA1;POLR2G;ZNHIT3;SLC25A3;IK;ACTG1,PCBP1;RPS19;RPS8;SRSF9;CLIC1;HDAC1;RPL27;RPS5;RPL6;ARHGDIB;RPS7;RPL35A;CSNK2B;CBFB;POLG;RPS24;NACA;RPL7;RPL19;TMSB10;NDUFA12;RPL11;SNRPD2;PRMT1;PSME1;MSN;PFN1;RPL17;SLBP;HNRNPM;PSMB3;PSMA1;CLEC18C;RPL10A;TIAL1;CFL1;NAP1L1;PTMA;RPL21;DUT;SUMO2;RHOA;SET;PPIA;COPS5;TCEA1;APRT;BRD8;SAP18;TRA2B;ILF2;POLR2K;PSMA6;HPRT1;EIF3F;APEX1;NASP;EEF1B2;SNRPF;ACTG1;IK;SLC25A3;ZNHIT3;POLR2G;CAPZA1;HNRNPD;SRSF2;RABGGTB;YWHAZ;NCL;PSMA5;PNN;HNRNPU;HNRNPA1;NPM1;SNRPD3;HMGN1;SNRPA1;KHDRBS1,"[1366, 1703, 1915, 1920, 1955, 2268, 2446, 2520, 2812, 2833, 2854, 2893, 2962, 3010, 3012, 3103, 3349, 3887, 4014, 4055, 4418, 4526, 4575, 4768, 4930, 5230, 5360, 5534, 5569, 5926, 6562, 6584, 6675, 6728, 6913, 6939, 7021, 7095, 7103, 7170, 7732, 7817, 7850, 8248, 9312, 9794, 9799, 10025, 10222, 10366, 10675, 10988, 11032, 11035, 11586, 12075, 12374, 12656, 13074, 13331, 13457, 13514, 13710, 14055, 14203, 14319, 14385, 14514, 14665, 14777, 14940, 15425, 15455, 15588, 15766, 16826, 16952, 16976, 17248]",c4.cgn__GCM_PSME1
c4.cgn,GNF2_RFC3,prerank,-0.28247525885279084,-0.8807844788279567,0.656934306569343,0.836961017061582,1.0,16_39,16/39,25.89%,RFC3;SUPT16H;MCM4;RRM1;SMC2;RAD51AP1;SMC4;RPA3;GINS2;RANBP1;MRPL35;CENPE;KIF11;ITGB3BP;ADSL;SNRPD1,CKS2;CCNA2;UBE2C;FOXM1;TIMELESS;SSRP1;RFC4;CKS1B;BIRC5;CTPS1;TOP2A;NCAPD2;MCM3;ASPM;NDC80;CDK1;FANCI;RAN;MSH6;PAICS;PFAS;HMMR;MCM6;SNRPD1;ADSL;ITGB3BP;KIF11;CENPE;MRPL35;RANBP1;GINS2;RPA3;SMC4;RAD51AP1;SMC2;RRM1;MCM4;SUPT16H;RFC3,"[176, 799, 1115, 1135, 1771, 2303, 2646, 3684, 4324, 4655, 5039, 5630, 7142, 7490, 8153, 8376, 8465, 8903, 10063, 10291, 11536, 11716, 12498, 12984, 13172, 13237, 13279, 13509, 14009, 14228, 14645, 14991, 15156, 16001, 16090, 16148, 16190, 16339, 17159]",c4.cgn__GNF2_RFC3
c4.cgn,MORF_EIF4A2,prerank,0.23277965908757417,0.9004552245843402,0.6960167714884696,0.8594916483876527,1.0,50_130,50/130,27.15%,ATF4;POLDIP3;CLCN7;XPO1;CASC3;EEF1G;RPL13;UBE2I;LSM7;HSP90AB1;SDR39U1;TPT1;ZNF384;RPL34;RPL18;RPL9;RPL31;RPL27;JUND;RPL14;HNRNPH3;RPL24;COX7C;RPLP2;RPL6;RPS7;YBX1;RPS24;NACA;RPS25;UBC;RPS27A;SNRNP70;RPS6;DDX49;RPS12;RPL7;RPL4;RPL19;RPS3A;UQCRH;RPL23;RPL11;NAP1L4;CCDC28A;ARL2BP;PCBP2;FAU;UBB;PPP2R5A,ATF4;POLDIP3;CLCN7;XPO1;CASC3;EEF1G;RPL13;UBE2I;LSM7;HSP90AB1;SDR39U1;TPT1;ZNF384;RPL34;RPL18;RPL9;RPL31;RPL27;JUND;RPL14;HNRNPH3;RPL24;COX7C;RPLP2;RPL6;RPS7;YBX1;RPS24;NACA;RPS25;UBC;RPS27A;SNRNP70;RPS6;DDX49;RPS12;RPL7;RPL4;RPL19;RPS3A;UQCRH;RPL23;RPL11;NAP1L4;CCDC28A;ARL2BP;PCBP2;FAU;UBB;PPP2R5A;SRP14;CRLF3;MYL6B;RPL5;RNPS1;RPL22;RPL17;BTF3;NSA2;RPL30;NONO;BRD2;RPL10A;TIAL1;NAP1L1;DEK;IDH3B;RPL21;EIF3E;LSM14A;SUMO2;RHOA;PRPF8;RNF44;ZFPL1;TMEM123;SMARCC2;COX7A2L;DDX39B;ARPC3;EEF2;RXRB;PGK1;BRD8;EIF4A2;DRG1;PUM1;HNRNPK;ILF2;BRD3;PTP4A2;DDX5;HNRNPC;SNRNP200;DDX17;EIF3D;EIF3H;UBA2;DNAJC8;EIF3F;EIF3M;CALM2;EIF4G2;PUM2;EEF1B2;FAM168B;TERF2IP;ACTG1;IK;SLC25A3;ZC3H15;CCNI;RBM5;HNRNPD;SRSF2;YWHAZ;NCL;FOXJ3;SRSF11;DAP3;GDI2;ANAPC5;HNRNPA1;NPM1;ACP1;OXA1L;TERF1;YWHAQ;TOP2B;KHDRBS1,"[381, 608, 851, 1469, 1613, 1845, 1853, 1857, 1878, 1985, 2011, 2036, 2263, 2326, 2393, 2420, 2425, 2446, 2470, 2534, 2651, 2693, 2712, 2774, 2812, 2854, 3086, 3103, 3349, 3416, 3543, 3702, 3756, 3757, 3787, 3808, 3887, 3957, 4014, 4216, 4384, 4415, 4526, 4529, 4679, 4694, 4719, 4734, 4750, 4755, 4885, 4953, 5116, 5122, 5271, 5460, 5534, 5589, 5676, 5756, 5890, 6720, 6728, 6913, 7021, 7046, 7055, 7103, 7547, 7611, 7732, 7817, 7992, 8027, 8429, 8640, 8662, 9100, 9247, 9308, 9332, 9818, 9922, 10025, 10269, 10437, 10573, 10590, 10675, 10940, 10987, 11020, 11073, 11123, 11153, 11188, 11375, 11381, 11464, 11586, 11654, 12311, 12560, 12575, 12656, 12738, 13023, 13331, 13457, 13514, 13537, 13685, 13849, 14319, 14385, 14665, 14777, 14901, 15040, 15084, 15227, 15267, 15588, 15766, 15957, 15959, 16643, 16842, 16912, 17248]",c4.cgn__MORF_EIF4A2
c4.cgn,GNF2_DAP3,prerank,0.23969711992653947,0.9018137599467025,0.7034764826175869,0.8616186562864917,1.0,42_111,42/111,24.53%,PRICKLE4;PTBP1;PAPOLA;PNRC2;RPS16;RPS8;GTF3A;HDAC1;UXT;RPS3;RPL9;RPL31;RPL27;RPL13A;FBL;RPL14;RPL37A;RPL24;COX7C;IFRD1;RPL6;RPS7;RPL35A;RPL7A;RPL3;RPS24;RPS29;RPL38;PSMA7;PSMB1;UBA52;NACA;RPS28;RPS6;RPL7;RPL23A;RPL4;RPL19;RPL32;RPSA;RPS3A;RPL27A,PRICKLE4;PTBP1;PAPOLA;PNRC2;RPS16;RPS8;GTF3A;HDAC1;UXT;RPS3;RPL9;RPL31;RPL27;RPL13A;FBL;RPL14;RPL37A;RPL24;COX7C;IFRD1;RPL6;RPS7;RPL35A;RPL7A;RPL3;RPS24;RPS29;RPL38;PSMA7;PSMB1;UBA52;NACA;RPS28;RPS6;RPL7;RPL23A;RPL4;RPL19;RPL32;RPSA;RPS3A;RPL27A;RPL23;RPS2;RPL5;RBM15;TMA7;RPL39;SRSF7;RPL22;MAGOH;RPL17;RPS17;BTF3;INTS8;NSA2;RPL37;RPL41;RPS23;PSMA1;CDV3;PTMA;SRSF1;EIF3E;NOL11;SUMO2;EIF3L;PPIA;RPL12;DDX39B;ABCB7;DHX15;ATG5;TARDBP;TRA2B;SNRPE;EIF3K;RWDD1;HNRNPC;COMMD3;SNRNP200;SRSF3;EIF3D;ZNF207;PPP1R8;PPIH;PSMD13;CCDC59;SRP19;RNF138;UTP3;MAPK1IP1L;DDX21;HNRNPR;SRSF2;CNOT7;DAP3;GDI2;HNRNPU;HNRNPA1;CPSF6;EXOSC8;DDX46;DDX50;PPP6C;SRP72;SRRM1;SNRPD3;RBMX;HSPA14;KHDRBS1,"[32, 179, 1076, 1416, 1909, 1915, 2068, 2268, 2323, 2390, 2420, 2425, 2446, 2457, 2514, 2534, 2663, 2693, 2712, 2802, 2812, 2854, 2893, 2907, 2972, 3103, 3157, 3230, 3240, 3303, 3337, 3349, 3736, 3757, 3887, 3924, 3957, 4014, 4122, 4210, 4216, 4296, 4415, 4852, 5122, 5169, 5198, 5209, 5313, 5460, 5507, 5534, 5576, 5589, 5654, 5676, 5716, 6144, 6216, 6584, 6817, 7095, 7195, 7547, 7621, 7732, 8017, 8248, 8558, 9247, 9393, 9589, 9626, 10154, 10366, 10370, 10852, 11064, 11073, 11101, 11123, 11131, 11188, 11275, 11368, 11757, 12242, 12279, 12777, 13051, 13502, 13594, 13964, 14083, 14385, 14624, 15084, 15227, 15455, 15588, 15659, 15867, 15870, 16576, 16622, 16706, 16723, 16826, 17199, 17247, 17248]",c4.cgn__GNF2_DAP3
c4.cgn,MORF_STK17A,prerank,-0.22013992476926325,-0.8650663595759499,0.8070866141732284,0.8637289006548342,1.0,33_148,33/148,21.94%,NF1;MFN1;ADCYAP1;HTR4;SLC24A1;COL19A1;TUBGCP4;CCKAR;NTPCR;MAGI1;ZNF500;ZKSCAN3;ESR1;PIGB;DNAJC16;PAX7;KRR1;SCAPER;CLOCK;DTX4;NXPE3;AQP7;TNKS;OSBP;PIK3C2A;SPEF1;RBBP8;CYP2E1;EPHB2;AMMECR1;ATP6V0A2;GLE1;PIK3CB,NPFF;MSX1;KAT8;KANK2;TBX19;NR2F1;MYC;BCL2;BAHD1;FLT1;RASSF1;CPZ;KANK3;SLC18A1;CTRL;ZBTB40;CNKSR1;FOSL1;TMEM11;MSL3;TNFRSF25;COX6A2;ABCA1;NCKIPSD;ZBTB22;STK17A;HNF1A;COLQ;SLC2A1;IKBKE;CASP10;NRTN;CD3E;TMPRSS6;RXRG;KLHL18;AQP5;ZNF592;GRIK5;VKORC1;LTBP4;SLC13A2;TBX5;TBC1D22A;DKK4;PLEKHB1;JAG1;POFUT2;SLC4A3;DTNA;DOCK1;AMFR;POU6F2;SLC22A6;S100A5;KCNA5;SSTR5;ARL3;SLC6A11;PVR;OPRL1;CAMK2G;SIM2;POU6F1;MYO9B;RPS6KB2;SLC16A5;CYP2D6;C1orf216;DPT;BNIP1;IL13;CEP135;TENM4;SEZ6L;FIG4;ELAVL2;ADCY3;HTR7;MC5R;WT1;SIX3;SULT4A1;BRD1;PRKACA;PAX9;GNPAT;DAPK2;CD6;SDC3;SLC30A3;SYT5;SLC46A3;CYP11A1;AFF2;TFDP2;POLR2K;ITIH4;ZBTB14;HTR1B;ITPR2;NOS2;EXTL3;FNTB;ABCB9;GJB5;CRHR1;ADAM20;MYT1;GPATCH8;SYNJ2;PAXIP1;KRT86;SLC33A1;ZNF157;PIK3CB;GLE1;ATP6V0A2;AMMECR1;EPHB2;CYP2E1;RBBP8;SPEF1;PIK3C2A;OSBP;TNKS;AQP7;NXPE3;DTX4;CLOCK;SCAPER;KRR1;PAX7;DNAJC16;PIGB;ESR1;ZKSCAN3;ZNF500;MAGI1;NTPCR;CCKAR;TUBGCP4;COL19A1;SLC24A1;HTR4;ADCYAP1;MFN1;NF1,"[214, 231, 256, 432, 898, 1093, 1232, 1238, 1484, 1534, 1540, 1568, 1623, 1763, 1888, 2152, 2173, 2188, 2391, 2401, 2404, 2434, 2620, 2826, 2968, 3031, 3074, 3087, 3156, 3163, 3306, 3421, 3429, 3549, 3602, 3930, 4046, 4317, 4406, 4516, 4551, 4819, 4864, 4963, 5202, 5278, 5281, 5465, 5491, 5512, 5632, 5936, 5991, 6062, 6325, 6341, 6368, 6378, 6443, 6517, 6582, 6774, 6968, 7077, 7156, 7191, 7299, 7348, 7435, 7501, 7890, 8159, 8646, 8681, 8713, 8855, 8893, 9021, 9170, 9268, 9281, 9359, 9376, 9380, 9427, 9570, 9936, 10107, 10125, 10352, 10367, 10414, 10498, 10566, 10687, 10817, 10988, 11047, 11245, 11252, 11545, 11576, 11588, 11981, 12189, 12241, 12254, 12375, 12740, 12947, 13003, 13244, 13293, 13356, 13438, 13676, 13788, 13900, 13954, 14005, 14038, 14125, 14331, 14351, 14433, 14449, 14801, 14821, 14973, 15146, 15154, 15386, 15619, 15887, 15927, 16134, 16462, 16545, 16752, 16764, 16872, 16889, 17091, 17125, 17206, 17339, 17377, 17391]",c4.cgn__MORF_STK17A
c4.cgn,GNF2_CCNB2,prerank,-0.26038679916170926,-0.8681980169882967,0.7067395264116576,0.8640827522263973,1.0,7_53,7/53,8.16%,PLK4;TYMS;CDC20;SHCBP1;MCM4;RRM1;SMC2,CKS2;CCNA2;UBE2C;FOXM1;CDCA3;GMNN;ESPL1;RFC4;KIF18B;MELK;KIF2C;TTK;BIRC5;RRM2;SPAG5;TOP2A;NUSAP1;CDCA8;PCNA;HMGB2;PTTG1;OIP5;KIF20A;ASPM;NCAPH;NDC80;UBE2S;CDK1;TPX2;BUB1B;RACGAP1;BUB1;CCNB2;CKAP2;AURKA;PBK;HMMR;ZWINT;CENPF;KIF4A;KIF11;CENPE;PRC1;MCM2;FEN1;SMC4;SMC2;RRM1;MCM4;SHCBP1;CDC20;TYMS;PLK4,"[176, 799, 1115, 1135, 1932, 2281, 2630, 2646, 3110, 4009, 4284, 4301, 4324, 4435, 4980, 5039, 6066, 6204, 6282, 6576, 6641, 7014, 7197, 7490, 7972, 8153, 8209, 8376, 8870, 9585, 9612, 9690, 9950, 10121, 10139, 11081, 11716, 11796, 12520, 12644, 13279, 13509, 13566, 14346, 14856, 15156, 16090, 16148, 16190, 16512, 16543, 16776, 17310]",c4.cgn__GNF2_CCNB2
c4.cgn,MORF_HEAB,prerank,-0.24243176427952975,-0.8657183353877874,0.765625,0.8661593740596524,1.0,12_75,12/75,11.95%,HTR4;SLC24A1;CSNK2A1;EIF4E;ZNF500;TAF2;AGPS;CLPX;DIMT1;PIGB;MPP2;SIK3,KANK2;DOK1;PCGF1;INPP5E;IRF2BP1;BAHD1;DNA2;SLC30A1;B4GALT3;MTX1;TMEM11;GALNT2;NCKIPSD;COLQ;EML3;KLHL18;SH2B1;LSM1;ZNF592;GRIK5;FANCG;PAX8;CPSF4;MUTYH;ERAL1;NFRKB;ERCC2;PPP5C;EIF5B;AMFR;SSTR5;CSTF3;WDR62;FDXR;IMPA1;CHD3;DDX11;BTD;RANBP2;DNAJC7;CLP1;HTR7;HNRNPL;SLC30A3;CDK13;FRYL;AP3B1;ITIH4;LDB1;EXTL3;CHD9;ATRX;TTI1;LSM12;NFYB;PPIL2;GPATCH8;MFN2;OARD1;BPHL;RBBP8;SPEF1;KIAA0586;SIK3;MPP2;PIGB;DIMT1;CLPX;AGPS;TAF2;ZNF500;EIF4E;CSNK2A1;SLC24A1;HTR4,"[432, 477, 556, 557, 1310, 1484, 1690, 1726, 2151, 2215, 2391, 2570, 2826, 3087, 3448, 3930, 4052, 4143, 4317, 4406, 4445, 4519, 4602, 4649, 5023, 5498, 5609, 5644, 5863, 5936, 6368, 6385, 6630, 6876, 7169, 7478, 7565, 7627, 8103, 8324, 8937, 9170, 9987, 10367, 10426, 10503, 10936, 11047, 11461, 11588, 11886, 12221, 12297, 12349, 12358, 12660, 12947, 13019, 13625, 13842, 14125, 14331, 14502, 15426, 15699, 15927, 15949, 16063, 16310, 16345, 16545, 16760, 16833, 17125, 17206]",c4.cgn__MORF_HEAB
c4.cgn,GNF2_CDC2,prerank,-0.255754292901671,-0.8575994650241905,0.7380497131931166,0.8771204192746146,1.0,12_58,12/58,18.11%,PLK4;RFC3;TYMS;CDC20;SHCBP1;RRM1;SMC2;SMC4;FEN1;PRIM1;GINS2;MCM2,CKS2;CCNA2;UBE2C;FOXM1;MYBL2;DNAJC9;CDCA3;CCNF;RFC4;KIF18B;KIFC1;MELK;KIF15;TTK;BIRC5;RRM2;TOP2A;HJURP;MKI67;NUSAP1;CDCA8;PCNA;HMGB2;PTTG1;KIF20A;ASPM;ASF1A;NDC80;E2F8;TMPO;UBE2S;CDK1;FANCI;TPX2;EZH2;CCNB2;CKAP2;AURKA;NCAPG;HMMR;ZWINT;CENPF;KIF4A;KIF11;CENPE;PRC1;MCM2;GINS2;PRIM1;FEN1;SMC4;SMC2;RRM1;SHCBP1;CDC20;TYMS;RFC3;PLK4,"[176, 799, 1115, 1135, 1213, 1682, 1932, 2271, 2646, 3110, 3897, 4009, 4218, 4301, 4324, 4435, 5039, 5819, 5891, 6066, 6204, 6282, 6576, 6641, 7197, 7490, 7993, 8153, 8154, 8174, 8209, 8376, 8465, 8870, 9837, 9950, 10121, 10139, 11049, 11716, 11796, 12520, 12644, 13279, 13509, 13566, 14346, 14645, 14730, 14856, 15156, 16090, 16148, 16512, 16543, 16776, 17159, 17310]",c4.cgn__GNF2_CDC2
c4.cgn,MORF_RAD23A,prerank,0.2077994381006822,0.8910071135205463,0.8504464285714286,0.8805196854535413,1.0,71_320,71/320,19.40%,SLC3A2;AHSA1;HDGF;IMPDH1;NUDC;NAA10;PPP1CC;GNB2;CSK;PABPN1;JTB;SNRPA;CHERP;PRPF31;UBAC1;PKN1;BCAP31;CTBP1;XPO1;NDUFS8;CCT5;TMED9;GLB1;TRIM28;DNAJC9;THOP1;RUVBL2;AP2S1;PPM1G;LMNB2;SRSF9;SLC1A5;TRAPPC3;UBE2L3;MAP2K2;PPID;EIF3B;DDX39A;TCP1;TREX2;HDAC1;HNRNPAB;KHSRP;SMNDC1;IRAK1;MRPS12;PIEZO1;DYNLL1;FBL;SAFB;ESPL1;RFC4;CTDNEP1;STARD7;PTGES3;IFRD1;NDUFV2;SERP1;CSNK2B;PARK7;AATF;SF3B2;CLPP;WDR1;LAGE3;RNPEP;SEC24C;MFAP1;BAZ1B;DKC1;SOD1,SLC3A2;AHSA1;HDGF;IMPDH1;NUDC;NAA10;PPP1CC;GNB2;CSK;PABPN1;JTB;SNRPA;CHERP;PRPF31;UBAC1;PKN1;BCAP31;CTBP1;XPO1;NDUFS8;CCT5;TMED9;GLB1;TRIM28;DNAJC9;THOP1;RUVBL2;AP2S1;PPM1G;LMNB2;SRSF9;SLC1A5;TRAPPC3;UBE2L3;MAP2K2;PPID;EIF3B;DDX39A;TCP1;TREX2;HDAC1;HNRNPAB;KHSRP;SMNDC1;IRAK1;MRPS12;PIEZO1;DYNLL1;FBL;SAFB;ESPL1;RFC4;CTDNEP1;STARD7;PTGES3;IFRD1;NDUFV2;SERP1;CSNK2B;PARK7;AATF;SF3B2;CLPP;WDR1;LAGE3;RNPEP;SEC24C;MFAP1;BAZ1B;DKC1;SOD1;SMARCD2;TUFM;SMARCC1;DDX49;KIFC1;CHMP2A;ERCC5;NDUFS2;EIF2S2;EIF3I;UQCRH;GNG5;DHCR7;SF3A2;AP3D1;RPIA;ANP32B;NUP188;HAX1;LSM4;ERP29;PMEL;DIAPH1;CLTA;CCT7;SCAMP3;RNF126;DGUOK;SNX3;AKR7A2;DEAF1;DGKZ;RNPS1;LSM2;F8A1;MAGOH;SLBP;PDIA6;UQCRC1;CYC1;TFDP1;RAD23A;TTC1;KXD1;HDDC2;NONO;HNRNPM;NDUFS5;ACOT7;CCT2;MAPRE1;HNRNPUL1;EIF4EBP2;DHX38;BAG6;GPAA1;DNMT1;PPP2R1A;COPE;CHD4;TIAL1;EI24;NUDT1;ESD;PTDSS1;IDH3G;EIF4A1;DEK;IDH3B;EDC4;BUB3;MCM3;HNRNPA2B1;HADHB;NDUFS3;DUT;POLR2I;SRSF1;FARSA;SUMO1;TXNL4A;PSMB7;CAD;EIF3E;NDUFV1;SUMO2;NDUFC1;XPOT;SET;UQCRFS1;PRPF8;MRPL9;SF3A1;NPM3;HCCS;CEBPZ;SSB;DCTD;PUF60;RHEB;RAN;ATP6AP1;VDAC2;RPN1;ILF3;HYOU1;VDAC3;VPS26A;DDX39B;HADH;GTF2A2;COPS5;HAT1;PRDX3;GPN1;TEX261;CS;FIBP;HDAC2;MGRN1;DHX15;GOT2;POM121;TCEA1;VDAC1;POLA2;TARDBP;PHB2;NUP205;DR1;NDUFB3;AP3S1;LARP1;SNRPE;PABPC4;DRG1;UBAP2L;CAP1;ILF2;U2AF1;EIF3K;MDC1;HNRNPC;NDUFS4;SNRNP200;SREBF2;TM9SF2;HADHA;LYPLA1;SMC1A;CBX3;XRCC6;EIF3H;UBA2;DNAJC8;GLO1;ZNF131;ARF3;DNAJC11;ZWINT;NSDHL;CYCS;NDUFA7;GNB1;CDC16;HSPA9;CALM3;UPF3A;POLE3;MCM6;ANP32A;FH;MDH1;SDHD;CIAO1;SKP1;FAM168B;CANX;POLR2A;PCMT1;PREP;TNPO3;GANAB;SDHB;SLC25A3;PAPSS1;PPIF;DDX1;CDC123;R3HDM1;FUS;SDHA;UBE2N;HNRNPR;CAPZA1;PPIG;AK2;HNRNPD;MCM2;BZW1;FAM120A;RSL1D1;ACTR3;DDOST;G3BP2;PPT1;VBP1;NCL;SSBP1;AFG3L2;TAF11;ANAPC5;EIF1AX;MTDH;XPO7;DDX19B;HNRNPU;DOCK3;ACLY;TBL3;MTCP1;ATXN10;TOMM20;MRPS18B;PDHB;ACP1;PRPS2;PTPN11;PRRC2C;GMPS;XRCC5;PPIE;KRIT1;NSMAF;IMMT;PRKDC;TERF1;EIF4H;SRP72;SRRM1;TYMS;YWHAQ;SNRPA1;DDX19A;PSMB2;RBBP4;RBMX;KHDRBS1;LRPPRC,"[40, 183, 318, 434, 598, 658, 665, 746, 829, 844, 880, 1030, 1100, 1145, 1207, 1248, 1256, 1410, 1469, 1492, 1508, 1520, 1582, 1635, 1682, 1691, 1716, 1749, 1775, 1800, 1920, 1927, 2069, 2076, 2104, 2108, 2149, 2153, 2233, 2245, 2268, 2299, 2315, 2319, 2376, 2485, 2488, 2497, 2514, 2532, 2630, 2646, 2698, 2743, 2761, 2802, 2803, 2908, 2962, 3030, 3146, 3165, 3176, 3199, 3233, 3242, 3282, 3314, 3330, 3394, 3398, 3528, 3698, 3733, 3787, 3897, 3925, 4096, 4184, 4201, 4270, 4384, 4434, 4439, 4540, 4667, 4744, 4820, 4837, 4867, 4871, 4884, 4924, 5025, 5058, 5096, 5104, 5160, 5189, 5248, 5253, 5255, 5267, 5271, 5400, 5435, 5507, 5569, 5581, 5608, 5661, 5705, 5797, 5820, 5883, 5884, 5890, 5926, 6012, 6071, 6142, 6230, 6288, 6420, 6533, 6613, 6643, 6654, 6695, 6700, 6811, 6913, 6944, 6948, 6955, 6996, 7002, 7033, 7046, 7055, 7109, 7131, 7142, 7153, 7160, 7168, 7170, 7194, 7195, 7293, 7337, 7397, 7404, 7457, 7547, 7591, 7732, 7758, 7830, 7850, 7978, 7992, 8206, 8267, 8491, 8674, 8695, 8781, 8787, 8815, 8835, 8903, 8926, 8987, 9023, 9070, 9087, 9165, 9239, 9247, 9255, 9282, 9312, 9331, 9353, 9389, 9412, 9436, 9475, 9498, 9587, 9589, 9604, 9701, 9794, 9800, 9889, 10154, 10159, 10174, 10243, 10262, 10281, 10304, 10370, 10433, 10437, 10463, 10635, 10675, 10811, 10852, 11048, 11073, 11106, 11123, 11150, 11208, 11235, 11250, 11281, 11297, 11348, 11375, 11381, 11464, 11537, 11544, 11621, 11719, 11796, 11828, 11932, 12000, 12079, 12118, 12206, 12212, 12213, 12411, 12498, 12532, 12562, 12589, 12596, 12615, 12689, 12738, 12788, 12851, 12872, 12884, 12921, 13207, 13413, 13514, 13563, 13578, 13598, 13599, 13630, 13643, 13860, 14060, 14083, 14203, 14267, 14278, 14319, 14346, 14397, 14417, 14477, 14586, 14615, 14644, 14691, 14758, 14777, 14903, 15046, 15147, 15267, 15362, 15416, 15424, 15451, 15455, 15555, 15559, 15595, 15608, 15760, 15815, 15834, 15926, 15957, 15987, 16007, 16094, 16118, 16129, 16307, 16415, 16460, 16491, 16539, 16643, 16697, 16706, 16723, 16776, 16842, 16976, 17058, 17105, 17106, 17199, 17248, 17309]",c4.cgn__MORF_RAD23A
c4.cgn,GNF2_H2AFX,prerank,-0.2969272511636828,-0.8537614843575461,0.7182835820895522,0.8819012492912669,1.0,8_28,8/28,22.89%,TYMS;CDC20;SHCBP1;RRM1;SMC4;MCM2;PRC1;CENPE,CCNA2;FOXM1;DNAJC9;CCNF;KIF18B;BIRC5;RRM2;NUSAP1;CDCA8;PCNA;HMGB2;PTTG1;ASPM;TMPO;UBE2S;CDK1;CCNB2;AURKA;ZWINT;CENPF;CENPE;PRC1;MCM2;SMC4;RRM1;SHCBP1;CDC20;TYMS,"[799, 1135, 1682, 2271, 3110, 4324, 4435, 6066, 6204, 6282, 6576, 6641, 7490, 8174, 8209, 8376, 9950, 10139, 11796, 12520, 13509, 13566, 14346, 15156, 16148, 16512, 16543, 16776]",c4.cgn__GNF2_H2AFX
c4.cgn,MORF_BMI1,prerank,0.24661328884608005,0.8677012080549046,0.7172995780590717,0.8830995196167901,1.0,17_76,17/76,19.38%,MGAT1;INPP5D;TXLNA;CSK;PABPN1;CDKN2C;SLC43A1;TCOF1;ARID3A;MFSD10;B4GALT3;SMNDC1;NELFB;SERP1;CCT4;PRKCSH;DKC1,MGAT1;INPP5D;TXLNA;CSK;PABPN1;CDKN2C;SLC43A1;TCOF1;ARID3A;MFSD10;B4GALT3;SMNDC1;NELFB;SERP1;CCT4;PRKCSH;DKC1;BMI1;PSD4;NUDT3;MMS19;ATXN2L;DIAPH1;DGKZ;KXD1;PITPNM1;GTF2F1;EIF4EBP2;GRK6;TIAL1;ESD;PTDSS1;CAD;CELA2A;PRPF8;PCBP3;RPN1;UBE2D2;VDAC3;GTF2A2;ATP11B;CS;POM121;SH3BGRL;TCEA1;HNRNPL;AP3S1;RPA2;SREBF2;TM9SF2;ACAP2;DNAJC8;ZNF131;GNB1;POLR2A;TNPO3;PAPSS1;COPS2;M6PR;ARIH2;RFC1;CNOT1;CAPZA1;HNRNPD;CAPRIN1;DCAF7;CNP;AFG3L2;XPO7;HMGN4;DYRK2;PPIE;USP14;PRKDC;SRRM1;SEC63,"[100, 448, 558, 829, 844, 960, 1004, 1541, 1543, 1951, 2151, 2319, 2632, 2908, 3049, 3248, 3394, 3628, 4136, 4736, 4778, 5018, 5025, 5267, 5883, 6113, 6163, 6420, 6438, 6913, 6955, 6996, 7457, 7659, 7992, 8091, 9023, 9139, 9165, 9282, 9302, 9436, 9701, 9791, 9794, 9987, 10281, 10282, 11150, 11208, 11307, 11464, 11544, 12079, 12851, 12921, 13563, 13755, 13779, 13897, 14088, 14101, 14203, 14319, 14425, 14512, 14636, 15046, 15424, 15558, 16186, 16307, 16314, 16539, 16723, 16970]",c4.cgn__MORF_BMI1
c4.cgn,GCM_APEX1,prerank,-0.22525584456939166,-0.8501186638177445,0.8143939393939394,0.8858659253590614,1.0,27_106,27/106,23.91%,KHDRBS1;PSMB2;PWP1;SNRPA1;HMGN1;YWHAQ;SNRPD3;NPM1;BCLAF1;HNRNPA1;HNRNPU;PNN;GDI2;PSMA5;NCL;YWHAZ;CAPRIN1;SRSF2;HNRNPD;DHX9;CAPZA1;POLR2G;ZNHIT3;CDC123;SLC25A3;IK;ACTG1,PPP1CC;SNRPA;FXR1;PCBP1;TRIM28;RPS19;LMNB2;EEF1G;RPS8;SRSF4;SRSF9;CLIC1;TCP1;HDAC1;RPL18;RPL27;RPS5;RPL14;RPL6;RPS7;CSNK2B;CBFB;POLG;CCT4;RPS24;NACA;DHPS;MAZ;RPL29;RPL7;RPL19;NDUFA12;SNRPD2;PCBP2;PRMT1;PSME1;CCT7;PFN1;RPL17;SLBP;NONO;HNRNPM;RPS23;PSMA1;RPL10A;RAD21;TIAL1;CFL1;ESD;NAP1L1;EIF4A1;PTMA;RPL21;MCM3;DUT;SUMO2;RHOA;SET;BLMH;PPIA;ERH;PSMD8;DDX39B;COPS5;EEF2;TAF9;TRA2B;SNRPE;ILF2;POLR2K;HPRT1;SRSF3;EIF3F;EIF4B;APEX1;NASP;MCM6;EEF1B2;SNRPF;ACTG1;IK;SLC25A3;CDC123;ZNHIT3;POLR2G;CAPZA1;DHX9;HNRNPD;SRSF2;CAPRIN1;YWHAZ;NCL;PSMA5;GDI2;PNN;HNRNPU;HNRNPA1;BCLAF1;NPM1;SNRPD3;YWHAQ;HMGN1;SNRPA1;PWP1;PSMB2;KHDRBS1,"[665, 1030, 1074, 1366, 1635, 1703, 1800, 1845, 1915, 1916, 1920, 1955, 2233, 2268, 2393, 2446, 2520, 2534, 2812, 2854, 2962, 3010, 3012, 3049, 3103, 3349, 3623, 3840, 3862, 3887, 4014, 4418, 4575, 4719, 4768, 4930, 5096, 5360, 5534, 5569, 5890, 5926, 6216, 6584, 6728, 6793, 6913, 6939, 6955, 7021, 7033, 7095, 7103, 7142, 7170, 7732, 7817, 7850, 8068, 8248, 8550, 8583, 9247, 9312, 9332, 10023, 10366, 10370, 10675, 10988, 11035, 11131, 11586, 11807, 12075, 12374, 12498, 12656, 13074, 13331, 13457, 13514, 13599, 13710, 14055, 14203, 14245, 14319, 14385, 14425, 14665, 14777, 14940, 15227, 15425, 15455, 15588, 15650, 15766, 16826, 16842, 16952, 16976, 17002, 17105, 17248]",c4.cgn__GCM_APEX1
c4.cgn,GNF2_CDC20,prerank,-0.25527983821131567,-0.8423250810050906,0.7703435804701627,0.8863323356377606,1.0,7_52,7/52,8.16%,PLK4;TYMS;CDC20;SHCBP1;MCM4;RRM1;SMC2,CKS2;CCNA2;PLK1;UBE2C;FOXM1;CDCA3;GMNN;ESPL1;KIF18B;CKS1B;MELK;AURKB;KIF2C;TTK;BIRC5;RRM2;SPAG5;TOP2A;MKI67;NUSAP1;CDCA8;PCNA;PTTG1;KIF20A;ASPM;NCAPH;NDC80;UBE2S;CDK1;TPX2;RAN;BUB1B;RACGAP1;BUB1;CCNB2;AURKA;HMMR;ZWINT;CENPF;KIF4A;KIF11;CENPE;PRC1;MCM2;SMC4;SMC2;RRM1;MCM4;SHCBP1;CDC20;TYMS;PLK4,"[176, 799, 869, 1115, 1135, 1932, 2281, 2630, 3110, 3684, 4009, 4224, 4284, 4301, 4324, 4435, 4980, 5039, 5891, 6066, 6204, 6282, 6641, 7197, 7490, 7972, 8153, 8209, 8376, 8870, 8903, 9585, 9612, 9690, 9950, 10139, 11716, 11796, 12520, 12644, 13279, 13509, 13566, 14346, 15156, 16090, 16148, 16190, 16512, 16543, 16776, 17310]",c4.cgn__GNF2_CDC20
c4.cgn,GNF2_MYL2,prerank,0.29025497621801827,0.8680134096543234,0.6832971800433839,0.8881945582081106,1.0,7_29,7/29,19.27%,TCAP;COX6A2;MYH7;RPL3L;TNNC1;MYL3;MYL7,TCAP;COX6A2;MYH7;RPL3L;TNNC1;MYL3;MYL7;PTP4A3;TNNT2;COX7A1;NPPA;MYH6;NMRK2;MYBPC3;CKMT2;SLC25A4;MB;POPDC2;FABP3;TNNI3;HRC;MYOZ2;HSPB7;FLNC;ACTC1;CASQ2;DES;SYNPO2L;ACTN2,"[17, 2434, 2695, 3040, 3173, 3253, 3374, 4879, 5671, 6873, 8110, 8823, 9052, 9128, 9468, 9747, 9920, 10368, 10707, 11027, 11419, 11709, 11846, 13618, 14935, 15353, 15563, 16277, 17020]",c4.cgn__GNF2_MYL2
c4.cgn,GCM_PTPRU,prerank,-0.2554105158267439,-0.8426323490746026,0.75,0.8897787476689228,1.0,9_49,9/49,12.58%,ADCYAP1;COL14A1;TAF1;CD8B;MPP2;ERV3-1;SLC14A2;POP1;CHIC1,FCGR2A;AANAT;PTPRU;CHRNE;SLC18A1;CSPG4;GCK;MYH7;FHL3;VPS72;CDH5;GABRQ;TEC;GHRHR;NDUFA1;SSTR3;ITSN1;TMEM106A;HMGA2;CCR9;IFNA21;ZNF8;FUT2;KCNA6;CHRM5;ELK4;BNIP1;SMARCD1;FEV;SLC30A3;SUPT4H1;FABP3;PRKCA;MVK;STAT4;KRT12;ERCC4;AVPR1B;KRT86;KRT83;CHIC1;POP1;SLC14A2;ERV3-1;MPP2;CD8B;TAF1;COL14A1;ADCYAP1,"[648, 807, 857, 1336, 1763, 2442, 2648, 2695, 2753, 2933, 2999, 3465, 3674, 4232, 4429, 4696, 5037, 5334, 5446, 5772, 5807, 6092, 6191, 7353, 7448, 7465, 7890, 8135, 8998, 10367, 10648, 10707, 10873, 11336, 11706, 12280, 12343, 13239, 13293, 13939, 15316, 15363, 15440, 15647, 15699, 15708, 16157, 16546, 17339]",c4.cgn__GCM_PTPRU
c4.cgn,MORF_PDPK1,prerank,-0.24106495044492016,-0.8384239980594569,0.807920792079208,0.8907254205557532,1.0,10_67,10/67,10.93%,GRM4;GPRIN2;IVD;IGSF9B;ODF1;HTR2A;TSPO2;ZNF337;XRCC2;PTGER3,GPR35;BCL3;LGALS9;PIM1;HSF4;CNOT4;CACTIN;DRG2;KIF1C;KHNYN;SLC12A4;ARAF;CNPPD1;GSK3A;CAMK2B;NUDT3;KIF21B;CPNE6;FZR1;EFNA3;PNMT;CASP2;GTF2F1;TRA2A;GPR161;RAP1GAP;ACR;NR1H2;E2F1;IGHMBP2;ARVCF;APOBEC3C;PCBP3;ZFPL1;PRPH;RAP1GAP2;GPA33;USP11;VAMP1;ANKRD12;RXRB;TUB;TPMT;PDPK1;MVK;GHITM;CNTN1;GIGYF2;UBE3B;LMTK2;PHIP;GNL1;PLEKHG3;M6PR;SNW1;PFKFB2;KAT7;PTGER3;XRCC2;ZNF337;TSPO2;HTR2A;ODF1;IGSF9B;IVD;GPRIN2;GRM4,"[156, 347, 718, 858, 1161, 2186, 2205, 2257, 2592, 3268, 3688, 3967, 4405, 4452, 4493, 4736, 5723, 5798, 5882, 5941, 6030, 6081, 6163, 6279, 6632, 7118, 7577, 7734, 7793, 7849, 7909, 8018, 8091, 8429, 8531, 8584, 8602, 8663, 8979, 9484, 9818, 9877, 10477, 10975, 11336, 11417, 11555, 11646, 11797, 11958, 12727, 13407, 13611, 13779, 13833, 14254, 15044, 15604, 15886, 15889, 15978, 16012, 16073, 16156, 16635, 16641, 16981]",c4.cgn__MORF_PDPK1
c4.cgn,MORF_ATOX1,prerank,-0.23957944942135834,-0.8458355881802873,0.7879924953095685,0.8910249117676283,1.0,12_72,12/72,16.35%,COA1;PSMB2;PSMA3;PRKAR1A;PDCD6;CNPY2;RAB5A;DYNC1I2;TMED2;SDHC;FAM20B;PGRMC1,POLR2H;PLOD3;SLC25A1;BCAP31;CSTB;AP2S1;BANF1;TMEM147;CLN3;RAB9A;SHMT1;SOD1;CFDP1;PSMB6;UBA1;TMBIM6;PRMT1;CENPB;EIF2B2;PSMB5;ATP6V1F;AP2M1;PSMB4;COX5A;SNRPG;NEDD8;SUMO1;MORF4L2;ATP6V1H;UQCRB;BUD31;ARF5;VTI1B;ATOX1;DNPEP;PSMC1;ETFA;PSMD8;GGCT;PPP1R7;PSMD7;DCTN2;PSMC4;COPS5;HSBP1;ALG8;RAD23B;RER1;EIF4E2;RAB1A;DPM1;SEC61G;RAC1;HARS2;SEPHS2;ENSA;CANX;GMFB;TBCA;YWHAB;PGRMC1;FAM20B;SDHC;TMED2;DYNC1I2;RAB5A;CNPY2;PDCD6;PRKAR1A;PSMA3;PSMB2;COA1,"[134, 707, 768, 1256, 1263, 1749, 2209, 2360, 2645, 2858, 3082, 3398, 3420, 4299, 4716, 4731, 4768, 4800, 4808, 5338, 5476, 5915, 6246, 6389, 6491, 6619, 7337, 7391, 7439, 7480, 7503, 7702, 7882, 8143, 8312, 8434, 8467, 8583, 8653, 8862, 9152, 9173, 9276, 9312, 9489, 9623, 9640, 10239, 10288, 10946, 11388, 11422, 11471, 11994, 12151, 12665, 12788, 12898, 13459, 13801, 14655, 14668, 15164, 15290, 15533, 15603, 15934, 16075, 16685, 16801, 17105, 17347]",c4.cgn__MORF_ATOX1
c4.cgn,MORF_XRCC5,prerank,-0.20634171889345915,-0.8438632922893499,0.9246704331450094,0.8913265330187987,1.0,41_216,41/216,18.93%,TCERG1;LRPPRC;KHDRBS1;DDX19A;ACTR2;YWHAQ;TYMS;SRRM1;TERF1;API5;PRKDC;IMMT;PPIE;NAE1;RRM1;XRCC5;PRPS2;ACP1;PDHB;TOMM20;ATXN10;ACLY;DOCK3;HNRNPU;DDX19B;XPO7;EIF1AX;ANAPC5;PTPRA;DAP3;AFG3L2;SSBP1;NCL;CAMKK2;G3BP2;SRSF2;MCM2;HNRNPD;DHX9;HMGB1;CAPZA1,PTBP1;AHSA1;IMPDH1;TXLNA;NUDC;PPP1CC;CSK;PABPN1;JTB;SNRPA;PRPF31;CTBP1;XPO1;CDK2;DNAJC9;THOP1;RUVBL2;PPM1G;UBE2I;LSM7;SRSF9;TRAPPC3;UBE2L3;TCP1;TREX2;HDAC1;HNRNPAB;SSRP1;HCFC1;DYNLL1;SAFB;CTDNEP1;STARD7;PTGES3;IFRD1;CBFB;PARK7;AATF;CLPP;WDR1;RNPEP;MLEC;BAZ1B;DKC1;WDR18;TUFM;SMARCC1;SNRNP70;DDX49;NDUFS2;EIF3I;UQCRH;GNG5;NAP1L4;AP3D1;RPIA;COX5B;NUP188;HAX1;SRP14;DIAPH1;CCT7;AKR7A2;RNPS1;LSM2;STK24;SLBP;PDIA6;NSA2;RAD23A;KXD1;HDDC2;NONO;HNRNPM;ADD1;NDUFS5;CCT2;PIN1;MAPRE1;HNRNPUL1;EIF4EBP2;PSMA1;BAG6;GPAA1;DNMT1;TIAL1;NUDT1;ESD;PTDSS1;DEK;IDH3B;BUB3;HNRNPA2B1;HADHB;DUT;SRSF1;TXNL4A;PSMB7;NDUFV1;SUMO2;SET;PRPF8;RNF44;LBR;TMEM123;SMARCC2;SSB;DCTD;COQ9;VDAC2;RPN1;CHAF1A;UBE2D2;VDAC3;DDX39B;HADH;GTF2A2;ARPC3;GPN1;CS;FIBP;HDAC2;MGRN1;POM121;TCEA1;POLA2;BRD8;TARDBP;PHB2;TIMM17A;TRA2B;SNRPE;PRPF40A;PABPC4;CAP1;ILF2;U2AF1;TRRAP;USP1;HNRNPC;NDUFS4;SNRNP200;SREBF2;EIF3D;TM9SF2;LYPLA1;MCFD2;XRCC6;EIF3H;DNAJC8;EIF3M;DNAJC11;NDUFA7;GNB1;CDC16;UPF3A;CALM2;STMN1;MCM6;ANP32A;FH;PUM2;MDH1;FAM168B;POLR2A;PCMT1;GANAB;SDHB;SLC25A3;PAPSS1;R3HDM1;FUS;MPHOSPH9;ARIH2;HNRNPR;CAPZA1;HMGB1;DHX9;HNRNPD;MCM2;SRSF2;G3BP2;CAMKK2;NCL;SSBP1;AFG3L2;DAP3;PTPRA;ANAPC5;EIF1AX;XPO7;DDX19B;HNRNPU;DOCK3;ACLY;ATXN10;TOMM20;PDHB;ACP1;PRPS2;XRCC5;RRM1;NAE1;PPIE;IMMT;PRKDC;API5;TERF1;SRRM1;TYMS;YWHAQ;ACTR2;DDX19A;KHDRBS1;LRPPRC;TCERG1,"[179, 183, 434, 558, 598, 665, 829, 844, 880, 1030, 1145, 1410, 1469, 1573, 1682, 1691, 1716, 1775, 1857, 1878, 1920, 2069, 2076, 2233, 2245, 2268, 2299, 2303, 2400, 2497, 2532, 2698, 2743, 2761, 2802, 3010, 3030, 3146, 3176, 3199, 3242, 3328, 3330, 3394, 3522, 3698, 3733, 3756, 3787, 4184, 4270, 4384, 4434, 4529, 4667, 4744, 4769, 4837, 4867, 4885, 5025, 5096, 5253, 5271, 5400, 5567, 5569, 5581, 5676, 5797, 5883, 5884, 5890, 5926, 5928, 6012, 6142, 6165, 6230, 6288, 6420, 6584, 6613, 6643, 6654, 6913, 6948, 6955, 6996, 7046, 7055, 7131, 7153, 7160, 7170, 7195, 7397, 7404, 7591, 7732, 7850, 7992, 8027, 8625, 8640, 8662, 8781, 8787, 8943, 8987, 9023, 9035, 9139, 9165, 9247, 9255, 9282, 9308, 9389, 9436, 9475, 9498, 9587, 9701, 9794, 9889, 10025, 10154, 10159, 10170, 10366, 10370, 10388, 10433, 10635, 10675, 10811, 10855, 10872, 11073, 11106, 11123, 11150, 11188, 11208, 11250, 11265, 11348, 11375, 11464, 11654, 11719, 12000, 12079, 12118, 12213, 12311, 12454, 12498, 12532, 12562, 12575, 12589, 12738, 12851, 12872, 13207, 13413, 13514, 13563, 13630, 13643, 13667, 13897, 14083, 14203, 14226, 14245, 14319, 14346, 14385, 14644, 14750, 14777, 14903, 15046, 15084, 15193, 15267, 15362, 15424, 15451, 15455, 15555, 15559, 15760, 15815, 15926, 15957, 15987, 16129, 16148, 16265, 16307, 16491, 16539, 16597, 16643, 16723, 16776, 16842, 16913, 17058, 17248, 17309, 17332]",c4.cgn__MORF_XRCC5
c4.cgn,GNF2_ESPL1,prerank,0.2805577360282619,0.8681053785371479,0.6645702306079665,0.8939157131258545,1.0,13_35,13/35,25.32%,CCNA2;PLK1;UBE2C;FOXM1;ESPL1;ASF1B;CKS1B;CENPA;MELK;AURKB;KIF2C;BIRC5;RRM2,CCNA2;PLK1;UBE2C;FOXM1;ESPL1;ASF1B;CKS1B;CENPA;MELK;AURKB;KIF2C;BIRC5;RRM2;SPAG5;TOP2A;NCAPD2;MKI67;CDCA8;PCNA;KIF20A;ASPM;TPX2;CENPM;BUB1B;BUB1;CCNB2;PAICS;HMMR;MCM6;KIF11;CENPE;MAD2L1;SMC2;MCM4;CDC20,"[799, 869, 1115, 1135, 2630, 3579, 3684, 3907, 4009, 4224, 4284, 4324, 4435, 4980, 5039, 5630, 5891, 6204, 6282, 7197, 7490, 8870, 8941, 9585, 9690, 9950, 10291, 11716, 12498, 13279, 13509, 14365, 16090, 16190, 16543]",c4.cgn__GNF2_ESPL1
c4.cgn,MORF_UNG,prerank,0.24909797399583014,0.8685751359101673,0.7424892703862661,0.8987783559990807,1.0,14_68,14/68,13.13%,AHSA1;NUDC;NAA10;UNG;HSPE1;CCT3;G3BP1;CCT5;TRIM28;RBM14;PPM1G;EIF3B;BANF1;HNRNPAB,AHSA1;NUDC;NAA10;UNG;HSPE1;CCT3;G3BP1;CCT5;TRIM28;RBM14;PPM1G;EIF3B;BANF1;HNRNPAB;RFC4;TMEM106C;MFAP1;BAZ1B;SOD1;TUFM;POP5;PRMT1;MAGOH;CCT2;EIF4G1;PCNA;RPA1;NHP2;HNRNPA2B1;NDUFS3;POLR2I;SRSF1;CDK4;SET;NDUFAB1;HCCS;PSMD7;ATIC;COPS5;HAT1;HDAC2;C1QBP;ALG8;RAD23B;GSPT1;VDAC1;NSDHL;CYCS;HSPA9;POLE3;KPNA2;DDX1;UTP18;CDC23;MRPL19;VBP1;FEN1;SSBP1;HNRNPU;DOCK3;MTHFD1;MRPS18B;PDCD6;MRPL3;SNRPA1;AIMP2;PSMB2;MSH2,"[183, 598, 658, 940, 1194, 1222, 1438, 1508, 1635, 1738, 1775, 2149, 2209, 2299, 2646, 2950, 3314, 3330, 3398, 3698, 4706, 4768, 5507, 6142, 6233, 6282, 6545, 6828, 7153, 7168, 7194, 7195, 7822, 7850, 8115, 8674, 9152, 9278, 9312, 9331, 9498, 9551, 9623, 9640, 9773, 9800, 11828, 11932, 12206, 12411, 13366, 13598, 13717, 14305, 14599, 14758, 14856, 14903, 15455, 15555, 15626, 15834, 16075, 16293, 16976, 17042, 17105, 17502]",c4.cgn__MORF_UNG
c4.cgn,MORF_DDB1,prerank,0.2113083253682427,0.8819870187126447,0.8301075268817204,0.8995588195502111,1.0,54_232,54/232,20.18%,MGAT1;DAXX;PCGF1;TXLNA;GOLGA3;DEXI;PEX6;STK19;TFAP4;ELK1;CNOT3;KAT2A;RABAC1;PRPF31;MPST;BAHD1;NUP62;TCOF1;SRRT;CDK2;TRIM27;RERE;RANBP3;EIF2B5;RUVBL2;PCGF2;PDIA4;RING1;SDR39U1;B4GALT3;DDX39A;MTX1;HNRNPAB;SSRP1;SMNDC1;SCARB1;NELFB;CTDNEP1;CSNK1G2;STARD7;COPS6;SERP1;SLC4A2;RAF1;CCT4;AATF;ILVBL;PRKCSH;MLEC;EML3;CSNK1D;PLIN3;WDR18;RABGGTA,MGAT1;DAXX;PCGF1;TXLNA;GOLGA3;DEXI;PEX6;STK19;TFAP4;ELK1;CNOT3;KAT2A;RABAC1;PRPF31;MPST;BAHD1;NUP62;TCOF1;SRRT;CDK2;TRIM27;RERE;RANBP3;EIF2B5;RUVBL2;PCGF2;PDIA4;RING1;SDR39U1;B4GALT3;DDX39A;MTX1;HNRNPAB;SSRP1;SMNDC1;SCARB1;NELFB;CTDNEP1;CSNK1G2;STARD7;COPS6;SERP1;SLC4A2;RAF1;CCT4;AATF;ILVBL;PRKCSH;MLEC;EML3;CSNK1D;PLIN3;WDR18;RABGGTA;EBP;ALDH4A1;ACTL6A;SH2B1;MRPL28;PSMB6;FANCG;TMED1;NAP1L4;NCOR2;CPSF4;TOMM34;NUDT3;MMS19;PDAP1;NUP188;ALG3;PSMD3;FOXK2;ATXN2L;CIB1;DRAP1;PDXDC1;ATP6V1F;NFRKB;ERCC2;ATG9A;KXD1;NONO;ILK;PIN1;TRIP13;SMAD2;ABR;CSTF3;WDR62;GPAA1;DNPH1;FDXR;TIAL1;SGTA;IDH3B;OTUB1;HNRNPA2B1;TUBGCP2;VGLL4;SLC25A11;CAD;CHD3;DDX11;IKBKG;CUL1;MEA1;SUMO2;HSPA8;PRPF8;EIF6;CAPZB;ESYT1;CLSTN1;ADAM15;PCBP3;COX8A;SPCS2;DNAJC7;GLUD1;SSR1;PSMD2;SART3;NCBP2;SMARCC2;SSB;PUF60;CETN3;POLR2C;TEX261;CS;ACTN4;TCEA1;VAMP3;TBL2;HNRNPL;TAF9;BRD8;ATXN2;PARG;PHB2;NSL1;RPA2;PRDX4;DRG1;AHCYL1;HUWE1;SUMO4;ILF2;SPRN;BMS1;TRRAP;PKMYT1;AP3B1;BRD3;RAB1A;PPP1R11;SNRNP200;KDM3B;KPNA6;DNAJC8;RAC1;SS18;EXTL3;EHBP1;UBE2A;SNAPC5;USP5;TTI1;CALM2;NFYB;DENND4A;METAP1;NDUFB5;ABCF1;TP53BP1;CANX;SMC5;POLR2A;RPRD2;MFN2;TERF2IP;PRPF4;SEC62;SFSWAP;CDC25C;AGPAT1;UBE3C;YIF1A;OARD1;ZNHIT3;BPHL;XPO6;SDHA;STX3;BECN1;DDB1;MYCBP;DNAJC13;MCM2;NDST1;ANKRD17;CNP;EIF2S1;CUL4B;AFG3L2;SEC31A;DAP3;PTPRA;XPO7;DOCK3;ARCN1;HMGN4;PARN;PDE6D;TPR;DDX46;CLTC;DIMT1;GNL2;PARP2;PRKDC;PRKAG1;SEC23IP;CSNK2A1;YWHAQ;DDX18;PWP1;KHDRBS1;LANCL1;LRPPRC;HLTF,"[100, 554, 556, 558, 711, 827, 839, 920, 951, 973, 975, 986, 1038, 1145, 1450, 1484, 1525, 1541, 1571, 1573, 1611, 1640, 1683, 1685, 1716, 1786, 1934, 1978, 2011, 2151, 2153, 2215, 2299, 2303, 2319, 2430, 2632, 2698, 2729, 2743, 2781, 2908, 2964, 3033, 3049, 3146, 3181, 3248, 3328, 3448, 3453, 3518, 3522, 3535, 3700, 3735, 3778, 4052, 4262, 4299, 4445, 4522, 4529, 4578, 4602, 4660, 4736, 4778, 4796, 4837, 4951, 4956, 4996, 5018, 5183, 5252, 5277, 5476, 5498, 5609, 5732, 5883, 5890, 5935, 6165, 6199, 6205, 6349, 6385, 6630, 6643, 6762, 6876, 6913, 6999, 7055, 7059, 7153, 7298, 7380, 7418, 7457, 7478, 7565, 7584, 7681, 7695, 7732, 7879, 7992, 8000, 8009, 8043, 8057, 8085, 8091, 8139, 8291, 8324, 8416, 8485, 8522, 8648, 8656, 8662, 8781, 8815, 9250, 9284, 9412, 9436, 9667, 9794, 9874, 9984, 9987, 10023, 10025, 10049, 10074, 10159, 10185, 10282, 10397, 10437, 10453, 10571, 10640, 10675, 10741, 10848, 10855, 10922, 10936, 10940, 10946, 10997, 11123, 11224, 11451, 11464, 11471, 11559, 11588, 11876, 11882, 11985, 12048, 12297, 12311, 12358, 12390, 12552, 12563, 12704, 12764, 12788, 12798, 12851, 12944, 13019, 13023, 13099, 13161, 13427, 13437, 13440, 13531, 13572, 13625, 13710, 13842, 13847, 13860, 13869, 14024, 14043, 14118, 14223, 14346, 14395, 14611, 14636, 14673, 15024, 15046, 15076, 15084, 15193, 15424, 15555, 15556, 15558, 15639, 15736, 15832, 15870, 15879, 15949, 16231, 16516, 16539, 16705, 16797, 16833, 16842, 16843, 17002, 17248, 17264, 17309, 17368]",c4.cgn__MORF_DDB1
c4.cgn,MORF_IL13,prerank,-0.20361948010606626,-0.8306931850483529,0.9087523277467412,0.9025137089901031,1.0,43_203,43/203,20.76%,NF1;MFN1;HTR4;IFT27;SLC24A1;LPGAT1;COL19A1;TUBGCP4;CCKAR;NTPCR;ZNF500;MSH3;TNIK;AGPS;ESR1;CLPX;PIGB;NR2C1;DNAJC16;ZNF266;TAF5L;IL16;KRR1;WBP4;SCAPER;ZNF134;ITIH3;DTX4;AQP7;ZNF200;UTRN;KIAA0586;OSBP;ERC1;PIK3C2A;SPEF1;RBBP8;ZNF292;CYP2E1;EPHB2;AMMECR1;ATP6V0A2;GABRB2,UPK1A;NPFF;MSX1;LRCH4;KANK2;INPP5E;RREB1;AANAT;TBX19;ECE1;NR2F1;LBP;BCL2;PPP1R1A;RUNX1;BAHD1;FLT1;KANK3;SLC18A1;HCRT;CTRL;ZBTB40;CNKSR1;FOSL1;IRS2;TMEM11;MSL3;TNFRSF25;COX6A2;TIE1;HTR3A;NCKIPSD;ZBTB22;STK17A;HNF1A;COLQ;SLC2A1;IKBKE;CASP10;SGPL1;NRTN;CD3E;NRP2;RXRG;IL11RA;KLHL18;AQP5;IRF2;FPR2;ZNF592;GRIK5;LTBP4;PARVB;TBX5;TBC1D22A;DKK4;PLEKHB1;JAG1;PDE4A;SULT2B1;POFUT2;GTSE1;SLC4A3;RAP1A;ACACB;DOCK1;GPR19;POU6F2;NR1I2;SLC22A6;S100A5;SSTR5;ARL3;SLC6A11;PVR;OPRL1;WDR62;CAMK2G;RUNX2;SIM2;ASB4;POU6F1;SLC16A5;CYP2D6;C1orf216;DPT;PHF10;NPHP4;KCNJ4;BNIP1;IL13;BRCA1;ABCC8;TENM4;SEZ6L;FIG4;ELAVL2;CACNB2;ADCY3;RAD51D;HTR7;MC5R;ZNF133;PSMF1;SULT4A1;BRD1;PRKACA;LCOR;PAX9;CACNB1;GPR18;GNPAT;CD6;POLR3D;CDC73;SLC30A3;SYT5;FRYL;CYP11A1;LY9;AFF2;UBE4B;ABCB10;TFDP2;ARHGEF12;POLR2K;ITIH4;PPP2R5B;CDYL;ATP6V1B1;ZBTB14;HTR1B;PHLDB1;ITPR2;NOS2;EXTL3;SGCD;CELA2B;HSD17B3;TANC2;FNTB;ZNF710;ATRX;GJB5;CRHR1;RAP2C;ERCC4;MYOZ3;ECE2;NRXN1;TJP1;GPATCH8;SYNJ2;PAXIP1;KRT86;SLC33A1;ZNF157;PGM3;PIK3CB;GLE1;GABRB2;ATP6V0A2;AMMECR1;EPHB2;CYP2E1;ZNF292;RBBP8;SPEF1;PIK3C2A;ERC1;OSBP;KIAA0586;UTRN;ZNF200;AQP7;DTX4;ITIH3;ZNF134;SCAPER;WBP4;KRR1;IL16;TAF5L;ZNF266;DNAJC16;NR2C1;PIGB;CLPX;ESR1;AGPS;TNIK;MSH3;ZNF500;NTPCR;CCKAR;TUBGCP4;COL19A1;LPGAT1;SLC24A1;IFT27;HTR4;MFN1;NF1,"[206, 214, 231, 368, 432, 557, 806, 807, 898, 972, 1093, 1099, 1238, 1271, 1384, 1484, 1534, 1623, 1763, 1821, 1888, 2152, 2173, 2188, 2357, 2391, 2401, 2404, 2434, 2491, 2787, 2826, 2968, 3031, 3074, 3087, 3156, 3163, 3306, 3417, 3421, 3429, 3520, 3602, 3842, 3930, 4046, 4161, 4171, 4317, 4406, 4551, 4748, 4864, 4963, 5202, 5278, 5281, 5284, 5450, 5465, 5480, 5491, 5616, 5622, 5632, 5702, 5991, 6022, 6062, 6325, 6368, 6378, 6443, 6517, 6582, 6630, 6774, 6841, 6968, 7051, 7077, 7299, 7348, 7435, 7501, 7676, 7757, 7845, 7890, 8159, 8479, 8504, 8681, 8713, 8855, 8893, 8997, 9021, 9164, 9170, 9268, 9364, 9367, 9376, 9380, 9427, 9523, 9570, 9757, 9887, 9936, 10125, 10242, 10314, 10367, 10414, 10503, 10566, 10570, 10687, 10794, 10803, 10817, 10898, 10988, 11047, 11118, 11159, 11176, 11245, 11252, 11333, 11545, 11576, 11588, 11594, 11775, 11815, 11872, 11981, 12161, 12221, 12241, 12254, 12334, 12343, 12394, 12432, 12564, 12926, 12947, 13003, 13244, 13293, 13356, 13438, 13525, 13676, 13788, 13883, 13900, 13954, 14005, 14038, 14095, 14125, 14331, 14351, 14363, 14433, 14502, 14669, 14681, 14801, 14973, 15121, 15124, 15154, 15169, 15386, 15497, 15683, 15884, 15887, 15904, 15927, 16063, 16134, 16310, 16472, 16504, 16545, 16764, 16872, 16889, 17091, 17124, 17125, 17168, 17206, 17377, 17391]",c4.cgn__MORF_IL13
c4.cgn,GCM_BNIP1,prerank,0.24759504928075796,0.8543708190146352,0.7510373443983402,0.9036246783104205,1.0,14_69,14/69,12.89%,BCAT2;FCGR2A;AANAT;DGCR6;PTPRU;IRF5;MAPK3;FANCC;CHMP1A;SLC18A1;CCL2;SLC2A4;RING1;DRG2,BCAT2;FCGR2A;AANAT;DGCR6;PTPRU;IRF5;MAPK3;FANCC;CHMP1A;SLC18A1;CCL2;SLC2A4;RING1;DRG2;MYH7;VPS72;IKBKE;RABGGTA;AAMP;DPF2;GHRHR;NDUFA1;NQO2;HTR1E;UROD;TMEM106A;HMGA2;CCR9;TTC1;NFIC;ZNF8;FUT2;CSTF3;CHRM5;ELK4;BNIP1;SMARCD1;DRD1;FEV;NCAPD3;PLG;TIMM17A;PDE6B;SUPT4H1;MADD;FABP3;PTPN5;MVK;HTT;LPAR4;N4BP2L2;KRT31;AVPR1B;BDH1;KRT83;AQP7;ZNF134;SDHC;CHIC1;MPP2;CD8B;TAF1;HMGXB3;ATP12A;CENPI;COX10;GSTZ1;GRM4;ADCYAP1,"[375, 648, 807, 834, 857, 1040, 1114, 1672, 1684, 1763, 1826, 1904, 1978, 2257, 2695, 2933, 3163, 3535, 3845, 3954, 4232, 4429, 4673, 4721, 4913, 5334, 5446, 5772, 5820, 5825, 6092, 6191, 6385, 7448, 7465, 7890, 8135, 8994, 8998, 9082, 9981, 10170, 10548, 10648, 10705, 10707, 10768, 11336, 11996, 12294, 12844, 12889, 13239, 13915, 13939, 14801, 15124, 15164, 15316, 15699, 15708, 16157, 16189, 16245, 16366, 16431, 16791, 16981, 17339]",c4.cgn__GCM_BNIP1
c4.cgn,GNF2_CENPF,prerank,0.2557109495285024,0.868904837613539,0.721030042918455,0.9039199101088901,1.0,13_57,13/57,17.76%,CKS2;CCNA2;MCM10;UBE2C;FOXM1;MYBL2;DTYMK;DNAJC9;CDCA3;CCNF;RFC4;MCM7;KIF18B,CKS2;CCNA2;MCM10;UBE2C;FOXM1;MYBL2;DTYMK;DNAJC9;CDCA3;CCNF;RFC4;MCM7;KIF18B;KIFC1;KIF15;TTK;BIRC5;RRM2;TOP2A;HJURP;MKI67;NUSAP1;CDCA8;PCNA;HMGB2;PTTG1;MCM3;ASPM;NDC80;E2F8;TMPO;UBE2S;CDK1;FANCI;TPX2;HAT1;CCNB2;CKAP2;AURKA;HMMR;ZWINT;CENPF;KIF4A;KIF11;CENPE;PRC1;MCM2;GINS2;PRIM1;FEN1;SMC4;SMC2;RRM1;SHCBP1;CDC20;TYMS;PLK4,"[176, 799, 843, 1115, 1135, 1213, 1321, 1682, 1932, 2271, 2646, 2994, 3110, 3897, 4218, 4301, 4324, 4435, 5039, 5819, 5891, 6066, 6204, 6282, 6576, 6641, 7142, 7490, 8153, 8154, 8174, 8209, 8376, 8465, 8870, 9331, 9950, 10121, 10139, 11716, 11796, 12520, 12644, 13279, 13509, 13566, 14346, 14645, 14730, 14856, 15156, 16090, 16148, 16512, 16543, 16776, 17310]",c4.cgn__GNF2_CENPF
c4.cgn,MORF_BCL2,prerank,0.21135752921668816,0.8556166922094268,0.86892177589852,0.9066361078952463,1.0,33_196,33/196,14.67%,GPR35;MSX1;KAT8;HSPB2;KANK2;DOK1;PCGF1;AANAT;TBX19;ECE1;PML;LBP;MYC;BCL2;IRF2BP1;RUNX1;MMP25;BAHD1;FLT1;RASSF1;KANK3;SLC30A1;SLC18A1;CTRL;CRYAA;FOSL1;LMO1;TMEM11;MSL3;TNFRSF25;COX6A2;TIE1;SLC6A9,GPR35;MSX1;KAT8;HSPB2;KANK2;DOK1;PCGF1;AANAT;TBX19;ECE1;PML;LBP;MYC;BCL2;IRF2BP1;RUNX1;MMP25;BAHD1;FLT1;RASSF1;KANK3;SLC30A1;SLC18A1;CTRL;CRYAA;FOSL1;LMO1;TMEM11;MSL3;TNFRSF25;COX6A2;TIE1;SLC6A9;NCKIPSD;STK17A;COLQ;SLC2A1;IKBKE;KIFC3;ADAMTSL2;NRTN;CD3E;NRP2;TMPRSS6;SLC12A4;KLHL18;AQP5;SH2B1;IRF2;ZNF592;GRIK5;FANCG;HAUS5;PAX8;LTBP4;CRCP;PARVB;SLC13A2;TBX5;NEUROD2;LTK;TBC1D22A;DKK4;JAK3;PLEKHB1;JAG1;MOK;MLN;GTSE1;SLC4A3;NFRKB;DTNA;LEFTY1;AMFR;POU6F2;SLC22A6;SSTR5;ARL3;SLC6A11;OPRL1;WDR62;CAMK2G;FDXR;SMYD5;POU6F1;MYO9B;SLC6A7;IMPA1;RPS6KB2;SLC16A5;SLC25A11;C1orf216;DPT;MR1;DDX11;BNIP1;ADAM15;PCBP3;IL13;MGP;CEP135;SEZ6L;ELAVL2;ADCY3;HTR7;MC5R;WT1;SIX3;SULT4A1;BRD1;PRKACA;LCOR;PAX9;SLC5A2;DAPK2;CD6;CDK5R1;SDC3;SLC30A3;SYT5;CDK13;FRYL;CYP11A1;ALDOC;LY9;AFF2;TFDP2;POLR2K;ITIH4;ATP6V1B1;HTR1B;CRHR2;CNTN2;ITPR2;NOS2;EXTL3;HSD17B3;FNTB;ZNF710;ABCB9;ATRX;GJB5;IPCEF1;LSM12;ECE2;GSTM5;KRT1;N4BP2L2;GPATCH8;TLN2;PRSS16;PAXIP1;KRT86;AAK1;PIK3CB;GLE1;BPHL;ATP6V0A2;EPHB2;ZNF292;RBBP8;ETV3;SPEF1;ERC1;SMPDL3B;TNKS;UTRN;KCNMB1;AQP7;F7;NXPE3;KCTD20;DTX4;CLOCK;SCAPER;KRR1;PAX7;MPP2;CD8B;DNAJC16;PIGB;CLPX;ESR1;AGPS;CYP2A6;ARC;GPR3;ZKSCAN3;ZNF500;CCKAR;TUBGCP4;SLC24A1;HTR4;ADCYAP1;NF1;TMSB4Y,"[156, 231, 256, 298, 432, 477, 556, 807, 898, 972, 985, 1099, 1232, 1238, 1310, 1384, 1399, 1484, 1534, 1540, 1623, 1726, 1763, 1888, 1964, 2188, 2364, 2391, 2401, 2404, 2434, 2491, 2569, 2826, 3031, 3087, 3156, 3163, 3261, 3270, 3421, 3429, 3520, 3549, 3688, 3930, 4046, 4052, 4161, 4317, 4406, 4445, 4474, 4519, 4551, 4745, 4748, 4819, 4864, 4916, 4932, 4963, 5202, 5207, 5278, 5281, 5429, 5474, 5480, 5491, 5498, 5512, 5642, 5936, 5991, 6062, 6368, 6378, 6443, 6582, 6630, 6774, 6876, 6985, 7077, 7156, 7158, 7169, 7191, 7299, 7418, 7435, 7501, 7537, 7565, 7890, 8085, 8091, 8159, 8492, 8646, 8713, 8893, 9021, 9170, 9268, 9281, 9359, 9376, 9380, 9427, 9523, 9570, 10044, 10107, 10125, 10324, 10352, 10367, 10414, 10426, 10503, 10566, 10567, 10570, 10687, 10817, 10988, 11047, 11176, 11252, 11260, 11306, 11545, 11576, 11588, 11815, 11981, 12161, 12189, 12221, 12241, 12331, 12349, 12432, 12486, 12750, 12844, 12947, 13068, 13129, 13244, 13293, 13399, 13676, 13788, 13842, 13900, 14005, 14095, 14125, 14186, 14331, 14363, 14431, 14449, 14669, 14747, 14801, 14816, 14821, 14956, 14973, 15146, 15154, 15386, 15619, 15699, 15708, 15887, 15927, 16063, 16134, 16310, 16405, 16423, 16438, 16462, 16545, 16872, 16889, 17125, 17206, 17339, 17391, 17392]",c4.cgn__MORF_BCL2
c4.cgn,GNF2_IGF1,prerank,0.31781228168540243,0.869399751794368,0.6345381526104418,0.9088197618351558,1.0,7_21,7/21,18.81%,ORM2;HGFAC;HAMP;APOC4;C8G;SERPING1;SLC27A5,ORM2;HGFAC;HAMP;APOC4;C8G;SERPING1;SLC27A5;SLC22A1;IGFALS;RDH16;HSD17B6;NNMT;F2;MAT1A;HRG;ITIH4;SDS;CYP2C8;CYP2E1;IGF1;CYP2A6,"[1317, 2463, 2500, 2724, 3265, 3289, 3295, 5066, 6172, 6684, 6807, 6981, 7524, 7783, 9226, 11047, 11605, 13463, 14038, 15473, 16405]",c4.cgn__GNF2_IGF1
c4.cgn,MORF_PPP6C,prerank,-0.22286407371099837,-0.8207635852136934,0.874031007751938,0.9094595150761529,1.0,20_96,20/96,24.50%,CD47;FUBP3;PSMA3;MBD4;PPP6C;UBE4A;NBN;PDCD6;CHMP2B;RAB5A;USP8;SPTLC1;POLR2G;ANAPC13;GLOD4;UTP18;UBXN4;TBCA;PITRM1;USP6,PPP4C;DNAJA1;EEF1D;PSMC5;DBI;CHMP1A;YY1;WIPI2;RNF114;RPL36AL;RAB9A;RAE1;RPP38;COX17;CFDP1;PAF1;NDUFA1;RBM42;ADNP;COX4I1;PSME1;STX16;PHF2;SEC11A;EEF1A2;CDIPT;PSMB4;TM9SF1;RBM4;COX5A;PSMD9;SNRPG;NEDD8;MRPS11;PSMC3;PPP1CA;VCP;SUMO1;ATP6V1H;BUD31;TLK2;SIVA1;LAMTOR5;TMED10;VTI1B;PSMC1;ETFA;EIF5;PSMA2;MAD2L1BP;NDUFB1;PSMD7;HSBP1;URM1;GABARAPL2;UBR5;RNF6;TMEM183A;RAD23B;ZNF410;CNBP;SAP18;COIL;EIF4E2;CDK7;SUPT4H1;ADAR;FUBP1;DPM1;PSMC6;LSM3;HARS2;SYPL1;SP2;SKP1;SRP19;USP6;PITRM1;TBCA;UBXN4;UTP18;GLOD4;ANAPC13;POLR2G;SPTLC1;USP8;RAB5A;CHMP2B;PDCD6;NBN;UBE4A;PPP6C;MBD4;PSMA3;FUBP3;CD47,"[423, 1024, 1270, 1517, 1597, 1684, 1746, 2077, 2318, 2623, 2858, 2890, 2901, 2992, 3420, 4247, 4429, 4517, 4723, 4836, 4930, 5441, 5659, 5752, 5848, 6097, 6246, 6363, 6387, 6389, 6409, 6491, 6619, 6855, 6885, 7117, 7245, 7337, 7439, 7503, 7583, 7692, 7709, 7736, 7882, 8434, 8467, 8533, 8576, 8864, 9143, 9152, 9489, 9506, 9518, 9528, 9586, 9637, 9640, 10123, 10132, 10222, 10256, 10288, 10485, 10648, 10871, 11276, 11388, 11615, 11643, 11994, 12089, 12439, 12689, 12777, 13227, 13280, 13459, 13593, 13717, 13863, 13894, 14055, 14836, 15374, 15603, 15822, 16075, 16435, 16474, 16622, 16724, 16801, 16868, 17045]",c4.cgn__MORF_PPP6C
c4.cgn,MORF_EIF3S2,prerank,0.21146564009299082,0.8759932897068924,0.826530612244898,0.9098272124170527,1.0,49_227,49/227,19.40%,SLC3A2;ATF4;IMPDH1;TXLNA;NUDC;PPP1CC;GNB2;DEXI;CSK;PABPN1;SNRPA;RAD54L;PRPF31;HSPE1;XPO1;TCOF1;CDK2;THOP1;RUVBL2;PPM1G;UBE2I;LSM7;SRSF9;UBE2L3;MAP2K2;TCP1;HNRNPAB;SSRP1;FBL;SAFB;RPL14;RFC4;CTDNEP1;STARD7;PTGES3;IFRD1;SERP1;CSNK2B;SLC4A2;PARK7;CCT4;YBX1;AATF;CLPP;RNPEP;MLEC;BAZ1B;DKC1;SOD1,SLC3A2;ATF4;IMPDH1;TXLNA;NUDC;PPP1CC;GNB2;DEXI;CSK;PABPN1;SNRPA;RAD54L;PRPF31;HSPE1;XPO1;TCOF1;CDK2;THOP1;RUVBL2;PPM1G;UBE2I;LSM7;SRSF9;UBE2L3;MAP2K2;TCP1;HNRNPAB;SSRP1;FBL;SAFB;RPL14;RFC4;CTDNEP1;STARD7;PTGES3;IFRD1;SERP1;CSNK2B;SLC4A2;PARK7;CCT4;YBX1;AATF;CLPP;RNPEP;MLEC;BAZ1B;DKC1;SOD1;WDR18;TUFM;EBP;DDX49;NDUFS2;EIF2S2;EIF3I;UQCRH;GNG5;NAP1L4;SF3A2;RPIA;NUP188;LSM4;ALG3;CCT7;DGUOK;GPI;AKR7A2;DEAF1;RNPS1;HSP90B1;LSM2;PDIA6;CYC1;NSA2;RAD23A;KXD1;NONO;NDUFS5;CCT2;PIN1;EIF4EBP2;PSMA1;BAG6;GPAA1;DNMT1;PPP2R1A;CDV3;NUDT1;ESD;PTDSS1;NAP1L1;EIF4A1;DEK;IDH3B;BUB3;HNRNPA2B1;DUT;POLR2I;TXNL4A;PSMB7;CAD;NDUFV1;PPIB;CELA2A;SUMO2;SET;SRM;LDHB;UQCRFS1;PRPF8;MRPL9;NPM3;PSMD2;HCCS;CEBPZ;SSB;DCTD;RHEB;COQ9;VDAC2;RPN1;CHAF1A;ILF3;VDAC3;IMPDH2;DDX39B;HADH;GTF2A2;POLR2C;GPN1;CS;SAMM50;FIBP;HDAC2;LDHA;POM121;TCEA1;VDAC1;PGK1;BRD8;PHB2;TIMM17A;AP3S1;RPA2;SNRPE;PABPC4;DRG1;HUWE1;ILF2;SERBP1;U2AF1;EIF3K;PKMYT1;HNRNPC;SNRNP200;SREBF2;EIF3D;HADHA;LYPLA1;CBX3;XRCC6;EIF3H;UBA2;DNAJC8;ZNF131;EIF3M;CYCS;NDUFA7;GNB1;CLNS1A;POLE3;FH;MDH1;CIAO1;FAM168B;POLR2A;PCMT1;GANAB;SDHB;SLC25A3;ZC3H15;FUS;COPS2;SLC25A5;ARIH2;HNRNPR;CAPZA1;AK2;HNRNPD;MCM2;CAPRIN1;RSL1D1;DDOST;G3BP2;NCL;SSBP1;AFG3L2;DAP3;ANAPC5;EIF1AX;MRPS27;XPO7;DDX19B;DOCK3;ACLY;TBL3;ATXN10;TOMM20;MRPS18B;PDHB;ACP1;OXA1L;PRPS2;XRCC5;NAE1;PPIE;IMMT;PRKDC;EIF4H;PRKAG1;SRP72;SRRM1;YWHAQ;PSMB2;KHDRBS1;LRPPRC,"[40, 381, 434, 558, 598, 665, 746, 827, 829, 844, 1030, 1094, 1145, 1194, 1469, 1541, 1573, 1691, 1716, 1775, 1857, 1878, 1920, 2076, 2104, 2233, 2299, 2303, 2514, 2532, 2534, 2646, 2698, 2743, 2761, 2802, 2908, 2962, 2964, 3030, 3049, 3086, 3146, 3176, 3242, 3328, 3330, 3394, 3398, 3522, 3698, 3700, 3787, 4184, 4201, 4270, 4384, 4434, 4529, 4540, 4744, 4837, 4871, 4951, 5096, 5189, 5213, 5253, 5255, 5271, 5272, 5400, 5581, 5661, 5676, 5797, 5883, 5890, 6012, 6142, 6165, 6420, 6584, 6613, 6643, 6654, 6695, 6817, 6948, 6955, 6996, 7021, 7033, 7046, 7055, 7131, 7153, 7170, 7194, 7397, 7404, 7457, 7591, 7641, 7659, 7732, 7850, 7886, 7949, 7978, 7992, 8206, 8491, 8522, 8674, 8695, 8781, 8787, 8835, 8943, 8987, 9023, 9035, 9070, 9165, 9186, 9247, 9255, 9282, 9284, 9389, 9436, 9464, 9475, 9498, 9549, 9701, 9794, 9800, 9922, 10025, 10159, 10170, 10281, 10282, 10370, 10433, 10437, 10571, 10675, 10772, 10811, 10852, 10922, 11073, 11123, 11150, 11188, 11235, 11250, 11297, 11348, 11375, 11381, 11464, 11544, 11654, 11932, 12000, 12079, 12106, 12411, 12562, 12589, 12615, 12738, 12851, 12872, 13207, 13413, 13514, 13537, 13643, 13755, 13855, 13897, 14083, 14203, 14278, 14319, 14346, 14425, 14477, 14615, 14644, 14777, 14903, 15046, 15084, 15267, 15362, 15404, 15424, 15451, 15555, 15559, 15595, 15760, 15815, 15834, 15926, 15957, 15959, 15987, 16129, 16265, 16307, 16491, 16539, 16697, 16705, 16706, 16723, 16842, 17105, 17248, 17309]",c4.cgn__MORF_EIF3S2
c4.cgn,MORF_PTPN11,prerank,0.2323795593331374,0.871012570846275,0.7629310344827587,0.9107614123002389,1.0,27_100,27/100,19.40%,NAA10;CHERP;THAP11;NDUFS8;CCT5;TRIM28;DNAJC9;RBM14;PPM1G;LMNB2;SRSF9;SLC1A5;PPID;EIF3B;KHSRP;IRAK1;PTGES3;IFRD1;NDUFV2;CSNK2B;CBFB;PARK7;SF3B2;LAGE3;MFAP1;BAZ1B;SOD1,NAA10;CHERP;THAP11;NDUFS8;CCT5;TRIM28;DNAJC9;RBM14;PPM1G;LMNB2;SRSF9;SLC1A5;PPID;EIF3B;KHSRP;IRAK1;PTGES3;IFRD1;NDUFV2;CSNK2B;CBFB;PARK7;SF3B2;LAGE3;MFAP1;BAZ1B;SOD1;CCT8;LSM4;PMEL;SCAMP3;NDUFS6;AKR7A2;MAGOH;SLBP;MOGS;PDIA6;RAD23A;HDDC2;ACOT7;MAPRE1;NHP2;UCHL3;BUB3;NDUFS3;SRSF1;NDUFV1;NDUFC1;CDK4;XPOT;SET;RMND5A;DHX16;NDC80;ACOT13;HCCS;VDAC2;ILF3;VPS26A;HAT1;VDAC1;TARDBP;NUP205;DR1;NDUFB3;SMC3;LARP1;MRFAP1L1;NDUFS4;MPV17;NSDHL;CYCS;HSPA9;UPF3A;EID1;MCM6;ANP32A;RFC2;KIF11;SDHB;UTP3;DDX1;CDC123;R3HDM1;UBE2N;HNRNPR;G3BP2;VBP1;FEN1;SSBP1;MTDH;DDX19B;RAD1;PTPN11;PRRC2C;GMPS;SNRPD3;SNRPA1;DDX19A;KIDINS220,"[658, 1100, 1453, 1492, 1508, 1635, 1682, 1738, 1775, 1800, 1920, 1927, 2108, 2149, 2315, 2376, 2761, 2802, 2803, 2962, 3010, 3030, 3165, 3233, 3314, 3330, 3398, 3814, 4871, 4924, 5104, 5133, 5253, 5507, 5569, 5571, 5581, 5797, 5884, 6071, 6230, 6828, 6858, 7131, 7168, 7195, 7591, 7758, 7822, 7830, 7850, 7927, 7974, 8153, 8468, 8674, 8987, 9070, 9239, 9331, 9800, 10154, 10174, 10243, 10262, 10273, 10304, 10831, 11106, 11741, 11828, 11932, 12206, 12213, 12435, 12498, 12532, 12745, 13279, 13413, 13502, 13598, 13599, 13630, 14060, 14083, 14644, 14758, 14856, 14903, 15416, 15451, 15617, 16007, 16094, 16118, 16826, 16976, 17058, 17129]",c4.cgn__MORF_PTPN11
c4.cgn,MORF_PPP1CA,prerank,-0.20917508450612035,-0.8240600240439618,0.9073083778966132,0.9114297700379945,1.0,11_154,11/154,5.97%,NDUFS1;KHDRBS1;RBMX;PSMB2;HMGN1;PSMA3;MBD4;EIF4H;PRKAR1A;PPP6C;UBE4A,HDGF;ARPC1B;HSPD1;HSP90AA1;JTB;BCAP31;EEF1D;CTBP1;TECR;TRIM28;YY1;AP2S1;PPM1G;SRSF9;BANF1;HDAC1;HNRNPAB;TMEM147;RPL36AL;STARD7;CSNK2B;PARK7;SF3B2;PSMB1;SSR2;SOD1;CFDP1;SMARCD2;STOML2;TUFM;DDX49;CTCF;NDUFA1;SNRPD2;UBA1;TMBIM6;PRMT1;COX5B;PDAP1;ARHGDIA;ANP32B;COX4I1;ERP29;CLTA;CCT7;COX6A1;CYC1;NONO;AP2M1;RALY;HSD17B10;CDIPT;CCT2;PSMB4;HNRNPUL1;COX6B1;COX5A;PSMD9;DAP;SNRPG;COX6C;NEDD8;CLEC18C;PPP2R1A;COPE;NDUFA2;RAD21;PSMC3;BLOC1S1;SUMO3;PPP1CA;NDUFS3;POLR2I;VCP;SUMO1;UQCRB;BUD31;NDUFV1;ARF5;SUMO2;MBTPS1;SET;VTI1B;AP1B1;MRPL9;DNPEP;PSMC1;ETFA;PSMD8;GGCT;PUF60;PPP1R7;RAN;ATP6AP1;COX7A2L;PSMD7;DCTN2;ATIC;COPS5;SRP9;FIBP;HSBP1;URM1;GABARAPL2;RNF6;RAD23B;CNBP;RER1;COIL;EIF4E2;SNRPE;DRG1;UBAP2L;SMG7;EIF3K;HNRNPC;SRSF3;LYPLA1;CBX3;PSMC6;ARF3;LSM3;HARS2;SYPL1;POLE3;MDH1;ENSA;SKP1;CANX;EIF3C;GANAB;TBCA;SLC25A3;CDC123;UTP18;YWHAB;POLR2G;FAM120A;YWHAZ;TAF11;TMED2;MTDH;PDCD6;UBE4A;PPP6C;PRKAR1A;EIF4H;MBD4;PSMA3;HMGN1;PSMB2;RBMX;KHDRBS1;NDUFS1,"[318, 654, 682, 876, 880, 1256, 1270, 1410, 1425, 1635, 1746, 1749, 1775, 1920, 2209, 2268, 2299, 2360, 2623, 2743, 2962, 3030, 3165, 3303, 3305, 3398, 3420, 3528, 3648, 3698, 3787, 4074, 4429, 4575, 4716, 4731, 4768, 4769, 4796, 4816, 4820, 4836, 4884, 5058, 5096, 5419, 5661, 5890, 5915, 5946, 6026, 6097, 6142, 6246, 6288, 6303, 6389, 6409, 6456, 6491, 6499, 6619, 6675, 6695, 6700, 6766, 6793, 6885, 7005, 7026, 7117, 7168, 7194, 7245, 7337, 7480, 7503, 7591, 7702, 7732, 7745, 7850, 7882, 7884, 8206, 8312, 8434, 8467, 8583, 8653, 8815, 8862, 8903, 8926, 9100, 9152, 9173, 9278, 9312, 9423, 9475, 9489, 9506, 9518, 9586, 9640, 10132, 10239, 10256, 10288, 10370, 10437, 10463, 10715, 10852, 11073, 11131, 11250, 11297, 11615, 11621, 11643, 11994, 12089, 12411, 12589, 12665, 12689, 12788, 13078, 13207, 13459, 13514, 13599, 13717, 13801, 14055, 14417, 14665, 15147, 15290, 15416, 16075, 16474, 16622, 16685, 16697, 16724, 16801, 16952, 17105, 17199, 17248, 17390]",c4.cgn__MORF_PPP1CA
c4.cgn,MORF_XPC,prerank,-0.24371095748593566,-0.8218162731036166,0.7955390334572491,0.9115596559855489,1.0,13_58,13/58,23.78%,PRKAR1A;TOR1A;PSMC2;TPR;ARCN1;PRPSAP1;XPC;SDHA;RAB11A;SNW1;YWHAB;IK;GLG1,POR;WIPI2;DDB2;CLN3;COPS6;RAF1;ILVBL;UBA1;PDAP1;EIF2B2;NUBP1;ZNHIT1;ATP6V1F;ARPC4;BLCAP;PSMB4;COX5A;TIAL1;OTUB1;HADHB;VGLL4;ARF5;CAPZB;CUX1;DNPEP;URI1;PPP1R7;COX7A2L;COPS5;UBR5;RAD23B;CNBP;ZZZ3;COIL;DRG1;HUWE1;FAF2;RAB1A;PEX11B;DPM1;RAC1;UBE2A;HTATSF1;METAP1;CANX;GLG1;IK;YWHAB;SNW1;RAB11A;SDHA;XPC;PRPSAP1;ARCN1;TPR;PSMC2;TOR1A;PRKAR1A,"[1133, 2077, 2302, 2645, 2781, 3033, 3181, 4716, 4796, 4808, 5177, 5353, 5476, 5513, 5757, 6246, 6389, 6913, 7059, 7160, 7380, 7702, 8009, 8237, 8312, 8694, 8862, 9100, 9312, 9528, 9640, 10132, 10253, 10256, 10437, 10571, 10771, 10946, 11074, 11388, 11471, 11882, 12287, 12552, 12788, 13354, 13457, 13801, 13833, 13852, 13860, 14321, 14912, 15556, 15832, 16078, 16264, 16685]",c4.cgn__MORF_XPC
c4.cgn,MORF_AP3D1,prerank,-0.21451994750683617,-0.8164180595059659,0.8792184724689165,0.9134079281014083,1.0,23_120,23/120,18.93%,KHDRBS1;PSMB2;YWHAQ;EIF4H;PRKAR1A;IMMT;XRCC5;PDHB;ATXN10;ACLY;HNRNPU;XPO7;ANAPC5;ZNF146;AFG3L2;RTN4;SSBP1;G3BP2;ACTR3;FAM120A;BZW1;TAX1BP1;CAPZA1,PTBP1;IMPDH1;GAK;SNRPA;COASY;CTBP1;XPO1;TMED9;RUVBL2;SRSF9;TRAPPC3;UBE2L3;MAP2K2;HDAC1;POLR2L;DYNLL1;CTDNEP1;COX7C;STARD7;IFRD1;CSNK2B;WDR1;PSMB1;NDUFS2;EIF2S2;UQCRH;NCOR2;AP3D1;COX5B;HAX1;CCT7;LSM2;STK24;PDIA6;RAD23A;KXD1;NONO;AP2M1;PIN1;HNRNPUL1;BAG6;GPAA1;RBMS1;TIAL1;IDH3B;FKBP1A;HNRNPA2B1;HADHB;POLR2I;TXNL4A;PSMB7;CUL1;SUMO2;NDUFC1;PSMA4;HSPA8;CAPZB;CYB5R3;SND1;SSB;RHEB;VDAC2;VDAC3;DCTN2;COPS5;GPN1;CS;MGRN1;TCEA1;PGK1;BRD8;TARDBP;NDUFB3;AP3S1;PSMD1;AHCYL1;CAP1;ILF2;FBXW11;ARPC5;NDUFS4;SNRNP200;SREBF2;MCFD2;XRCC6;DNAJC8;PGAM1;GNB1;FNTA;MDH1;PPP2CA;FAM168B;CANX;GANAB;SLC25A3;YWHAB;SDHA;CAPZA1;TAX1BP1;BZW1;FAM120A;ACTR3;G3BP2;SSBP1;RTN4;AFG3L2;ZNF146;ANAPC5;XPO7;HNRNPU;ACLY;ATXN10;PDHB;XRCC5;IMMT;PRKAR1A;EIF4H;YWHAQ;PSMB2;KHDRBS1,"[179, 434, 736, 1030, 1351, 1410, 1469, 1520, 1716, 1920, 2069, 2076, 2104, 2268, 2399, 2497, 2698, 2712, 2743, 2802, 2962, 3199, 3303, 4184, 4201, 4384, 4578, 4667, 4769, 4867, 5096, 5400, 5567, 5581, 5797, 5883, 5890, 5915, 6165, 6288, 6613, 6643, 6805, 6913, 7055, 7100, 7153, 7160, 7194, 7397, 7404, 7681, 7732, 7758, 7762, 7879, 8009, 8124, 8600, 8781, 8835, 8987, 9165, 9173, 9312, 9389, 9436, 9587, 9794, 9922, 10025, 10154, 10262, 10281, 10336, 10453, 10635, 10675, 10709, 10877, 11106, 11123, 11150, 11265, 11348, 11464, 11781, 12079, 12538, 12589, 12732, 12738, 12788, 13207, 13514, 13801, 13860, 14203, 14274, 14397, 14417, 14586, 14644, 14903, 14995, 15046, 15175, 15267, 15424, 15455, 15559, 15760, 15926, 16129, 16491, 16685, 16697, 16842, 17105, 17248]",c4.cgn__MORF_AP3D1
c4.cgn,GNF2_G22P1,prerank,0.28826831432717814,0.8720109821410865,0.6846473029045643,0.914417869252039,1.0,6_32,6/32,12.27%,PTBP1;PABPN1;TRMT112;NUP62;UBE2I;EIF3B,PTBP1;PABPN1;TRMT112;NUP62;UBE2I;EIF3B;PSMB1;PSMD4;RPL26L1;RBM4;EIF4A1;PSMB7;SUMO2;PES1;MRPL9;PSMG2;DHX15;SNRPC;SAP18;TRA2B;ILF2;U2AF1;PSMA6;SRSF3;ZNF207;XRCC6;UTP18;CPSF6;EXOSC8;SNRPD3;WBP11;KHDRBS1,"[179, 844, 1466, 1525, 1857, 2149, 3303, 5212, 5753, 6387, 7033, 7404, 7732, 7735, 8206, 9211, 9589, 10196, 10222, 10366, 10675, 10811, 11032, 11131, 11275, 11348, 13717, 15659, 15867, 16826, 16849, 17248]",c4.cgn__GNF2_G22P1
c4.cgn,MORF_JAK3,prerank,-0.22897606377310248,-0.8132688632247483,0.8269230769230769,0.91501632241084,1.0,11_79,11/79,10.39%,HTR4;SLC24A1;CCKAR;ZNF500;ZKSCAN3;ARC;AGPS;IGSF9B;PIGB;CD8B;MPP2,MSX1;DOK1;PML;LBP;BCL2;IRF2BP1;MMP25;BAHD1;RASSF1;SLC30A1;TMEM11;TNFRSF25;SLC6A9;SLC2A1;IKBKE;KIFC3;SLC12A4;KLHL18;AQP5;SH2B1;IRF2;ZNF592;GRIK5;HAUS5;PAX8;CRCP;SLC13A2;LTK;TBC1D22A;JAK3;MOK;MLN;SLC4A3;NFRKB;AMFR;SSTR5;WDR62;CAMK2G;FDXR;PAIP2B;MYO9B;SLC6A7;SLC16A5;DPT;ADAM15;PCBP3;RANBP2;SEZ6L;HTR7;PAX9;HNRNPL;SLC30A3;CDK13;CYP11A1;AFF2;ITIH4;CNTN2;ITPR2;EXTL3;LSM12;ECE2;TLN2;PIK3CB;ATP6V0A2;RBBP8;SPEF1;F7;KCTD20;MPP2;CD8B;PIGB;IGSF9B;AGPS;ARC;ZKSCAN3;ZNF500;CCKAR;SLC24A1;HTR4,"[231, 477, 985, 1099, 1238, 1310, 1399, 1484, 1540, 1726, 2391, 2404, 2569, 3156, 3163, 3261, 3688, 3930, 4046, 4052, 4161, 4317, 4406, 4474, 4519, 4745, 4819, 4932, 4963, 5207, 5429, 5474, 5491, 5498, 5936, 6368, 6630, 6774, 6876, 7028, 7156, 7158, 7299, 7501, 8085, 8091, 8103, 8713, 9170, 9570, 9987, 10367, 10426, 10566, 10687, 11047, 11306, 11545, 11588, 12349, 12432, 13068, 13676, 13900, 14125, 14331, 14816, 14956, 15699, 15708, 15927, 16156, 16310, 16423, 16462, 16545, 16872, 17125, 17206]",c4.cgn__MORF_JAK3
c4.cgn,GNF2_CENPE,prerank,-0.26193585086526516,-0.8036706950864654,0.810126582278481,0.9153969922388989,1.0,6_37,6/37,8.16%,RFC3;TYMS;CDC20;SHCBP1;RRM1;SMC2,CKS2;CCNA2;UBE2C;FOXM1;MYBL2;CDCA3;CCNF;ESPL1;KIF18B;CKS1B;AURKB;BIRC5;RRM2;MKI67;NUSAP1;CDCA8;PCNA;ASPM;NDC80;TMPO;CDK1;BUB1;CCNB2;AURKA;HMMR;ZWINT;CENPF;KIF11;CENPE;PRC1;PRIM1;SMC2;RRM1;SHCBP1;CDC20;TYMS;RFC3,"[176, 799, 1115, 1135, 1213, 1932, 2271, 2630, 3110, 3684, 4224, 4324, 4435, 5891, 6066, 6204, 6282, 7490, 8153, 8174, 8376, 9690, 9950, 10139, 11716, 11796, 12520, 13279, 13509, 13566, 14730, 16090, 16148, 16512, 16543, 16776, 17159]",c4.cgn__GNF2_CENPE
c4.cgn,MORF_MTA1,prerank,-0.21846766772504916,-0.8080488479496126,0.8715083798882681,0.9161153054141623,1.0,11_98,11/98,12.00%,KHDRBS1;PSMB2;PWP1;PRKAG1;PRKAR1A;RAB6A;MRPS18B;MTCP1;DOCK3;XPO7;MTDH,PABPN1;CNOT3;SNRPA;BCAP31;NUP62;PPM1G;MAP2K2;BANF1;HNRNPAB;CTDNEP1;MTA1;SERP1;TMEM106C;SLC4A2;SHMT1;ILVBL;SOD1;CFDP1;SMARCD2;TUFM;ACTL6A;MRPL28;PSMB6;TMBIM6;KDELR1;PDAP1;CENPB;NUP188;AKR7A2;F8A1;CYC1;NONO;PSMB4;COX5A;RPA1;GPAA1;PIGC;PPP2R1A;RAD21;MAML1;TIAL1;POLR2I;SUMO1;NDUFV1;XPOT;SET;MRPL9;SPCS2;SART3;GGCT;NCBP2;PUF60;PPP1R7;PSMD7;DCTN2;COPS5;ATG12;SRP9;CS;FIBP;HDAC2;RAD23B;TCEA1;ZZZ3;COIL;AP3S1;DRG1;UBAP2L;PHF3;ILF2;FBXW11;SMG7;SNRNP200;LYPLA1;RAC1;ARF3;ARFGAP2;NSDHL;SLC35A1;POLE3;METAP1;ENSA;CANX;XPO6;SDHA;FAM120A;AFG3L2;MTDH;XPO7;DOCK3;MTCP1;MRPS18B;RAB6A;PRKAR1A;PRKAG1;PWP1;PSMB2;KHDRBS1,"[844, 975, 1030, 1256, 1525, 1775, 2104, 2209, 2299, 2698, 2852, 2908, 2950, 2964, 3082, 3181, 3398, 3420, 3528, 3698, 3778, 4262, 4299, 4731, 4746, 4796, 4800, 4837, 5253, 5435, 5661, 5890, 6246, 6389, 6545, 6643, 6649, 6695, 6793, 6909, 6913, 7194, 7337, 7591, 7830, 7850, 8206, 8291, 8648, 8653, 8656, 8815, 8862, 9152, 9173, 9312, 9390, 9423, 9436, 9475, 9498, 9640, 9794, 10253, 10256, 10281, 10437, 10463, 10629, 10675, 10709, 10715, 11123, 11250, 11471, 11621, 11662, 11828, 11863, 12411, 12552, 12665, 12788, 13847, 13860, 14417, 15046, 15416, 15424, 15555, 15608, 15834, 16294, 16685, 16705, 17002, 17105, 17248]",c4.cgn__MORF_MTA1
c4.cgn,MORF_FBL,prerank,-0.21041671257519462,-0.8103670789079597,0.9017341040462428,0.9161755158861892,1.0,21_132,21/132,18.11%,COA1;KHDRBS1;RBMX;RBBP4;PSMB2;SNRPA1;HMGN1;YWHAQ;EIF4H;TOMM20;ATXN10;TBL3;HNRNPA1;DOCK3;ANAPC5;TAF11;SSBP1;NCL;DDOST;RSL1D1;MCM2,HDGF;HSPD1;HSP90AA1;JTB;SNRPA;CCT3;EIF3G;TRIM28;RUVBL2;PPM1G;UBE2I;LSM7;SRSF9;HSP90AB1;UBE2L3;EIF3B;BANF1;HNRNPAB;TMEM147;FBL;RPL14;STARD7;PTGES3;RPL6;CSNK2B;MCM7;PARK7;YBX1;PSMB1;SOD1;TUFM;DDX49;SNRPB;AURKB;EIF3I;UQCRH;SF3A2;SNRPD2;FAU;PRMT1;PDAP1;ANP32B;LSM4;CCT7;GPI;RNPS1;LSM2;BTF3;CYC1;RAD23A;KXD1;NONO;RALY;CCT2;PCNA;HNRNPUL1;PPP2R1A;RPL10A;NUDT1;NAP1L1;SUMO3;EIF4A1;DEK;IDH3B;BUB3;HNRNPA2B1;NDUFS3;POLR2I;PSMB7;EIF3E;NDUFV1;SUMO2;SET;UQCRFS1;MRPL9;PSMD8;HCCS;PUF60;RAN;VDAC2;ILF3;IMPDH2;CS;FIBP;C1QBP;TARDBP;PHB2;SNRPE;DRG1;AHCY;EEF1E1;ILF2;SERBP1;U2AF1;EIF3K;HPRT1;HNRNPC;SRSF3;NME1;LYPLA1;CBX3;XRCC6;UBA2;EIF4B;CYCS;CLNS1A;POLE3;EIF3C;SLC25A3;CDC123;FUS;MCM2;RSL1D1;DDOST;NCL;SSBP1;TAF11;ANAPC5;DOCK3;HNRNPA1;TBL3;ATXN10;TOMM20;EIF4H;YWHAQ;HMGN1;SNRPA1;PSMB2;RBBP4;RBMX;KHDRBS1;COA1,"[318, 682, 876, 880, 1030, 1222, 1588, 1635, 1716, 1775, 1857, 1878, 1920, 1985, 2076, 2149, 2209, 2299, 2360, 2514, 2534, 2743, 2761, 2812, 2962, 2994, 3030, 3086, 3303, 3398, 3698, 3787, 4167, 4224, 4270, 4384, 4540, 4575, 4734, 4768, 4796, 4820, 4871, 5096, 5213, 5271, 5400, 5589, 5661, 5797, 5883, 5890, 5946, 6142, 6282, 6288, 6695, 6728, 6948, 7021, 7026, 7033, 7046, 7055, 7131, 7153, 7168, 7194, 7404, 7547, 7591, 7732, 7850, 7978, 8206, 8583, 8674, 8815, 8903, 8987, 9070, 9186, 9436, 9475, 9551, 10154, 10159, 10370, 10437, 10439, 10644, 10675, 10772, 10811, 10852, 11035, 11073, 11131, 11144, 11250, 11297, 11348, 11381, 11807, 11932, 12106, 12411, 13078, 13514, 13599, 13643, 14346, 14477, 14615, 14777, 14903, 15147, 15267, 15555, 15588, 15595, 15760, 15815, 16697, 16842, 16952, 16976, 17105, 17106, 17199, 17248, 17347]",c4.cgn__MORF_FBL
c4.cgn,GNF2_CDH3,prerank,-0.2875856114589549,-0.8004302416270003,0.7806215722120659,0.9167226442680404,1.0,6_23,6/23,21.38%,ALDH1A3;PTHLH;LAMC2;COL17A1;AMIGO2;CLCA2,ANXA3;S100A2;KRT19;TP63;LAMA3;GPR87;S100A14;LAMB3;GJB3;FERMT1;UPP1;AHNAK2;SFN;KRT17;F3;CDH3;GJB5;CLCA2;AMIGO2;COL17A1;LAMC2;PTHLH;ALDH1A3,"[1938, 2374, 2855, 2867, 3919, 6878, 7332, 7368, 7516, 9093, 9224, 9569, 9994, 10572, 11051, 12052, 12241, 13774, 14765, 14802, 14822, 14886, 16272]",c4.cgn__GNF2_CDH3
c4.cgn,MORF_SS18,prerank,-0.23414050820788043,-0.794605094689987,0.8361904761904762,0.917275802632382,1.0,18_57,18/57,23.36%,TTF2;PRKAG1;TAF2;CLPX;DIMT1;PIGB;TPR;NFATC2IP;PARN;SEC31A;RBBP8;DDB1;LEPROTL1;BPHL;PIK3CB;OARD1;AGPAT1;SFSWAP,PIK3R2;PCGF1;INPP5E;BAHD1;NUP62;RERE;B4GALT3;MTX1;TMEM11;NELFB;PRKCSH;CSNK1D;PLIN3;SH2B1;IRF2;FANCG;CPSF4;DRAP1;PDXDC1;SMAD2;CSTF3;SLC25A11;CHD3;MEA1;DNAJC7;SSR1;PIGF;CNOT2;TAF9;CDK13;FRYL;KPNA6;ZBTB11;SS18;ATRX;NFYB;METAP1;RPRD2;MFN2;SFSWAP;AGPAT1;OARD1;PIK3CB;BPHL;LEPROTL1;DDB1;RBBP8;SEC31A;PARN;NFATC2IP;TPR;PIGB;DIMT1;CLPX;TAF2;PRKAG1;TTF2,"[350, 556, 557, 1484, 1525, 1640, 2151, 2215, 2391, 2632, 3248, 3453, 3518, 4052, 4161, 4445, 4602, 5252, 5277, 6205, 6385, 7418, 7478, 7695, 8324, 8485, 8497, 9858, 10023, 10426, 10503, 11451, 11526, 11559, 12221, 12358, 12552, 12944, 13019, 13427, 13440, 13625, 13676, 13842, 14017, 14043, 14125, 15076, 15639, 15807, 15832, 15927, 15949, 16063, 16345, 16705, 17051]",c4.cgn__MORF_SS18
c4.cgn,GNF2_CKS1B,prerank,-0.2579786437308108,-0.8049577157121152,0.8100558659217877,0.917392439282499,1.0,10_36,10/36,24.20%,RFC3;CDC20;GMPS;SMC2;RPA3;RANBP1;MRPL35;PA2G4;CENPE;KIF11,CCNA2;UBE2C;TCP1;ESPL1;RFC4;CCT4;ASF1B;CKS1B;MELK;AURKB;KIF2C;BIRC5;NCAPD2;TRIP13;CDCA8;MCM3;KIF20A;ASPM;NDC80;TPX2;RAN;ATIC;BUB1;PAICS;RNASEH2A;MCM6;KIF11;CENPE;PA2G4;MRPL35;RANBP1;RPA3;SMC2;GMPS;CDC20;RFC3,"[799, 1115, 2233, 2630, 2646, 3049, 3579, 3684, 4009, 4224, 4284, 4324, 5630, 6199, 6204, 7142, 7197, 7490, 8153, 8870, 8903, 9278, 9690, 10291, 10972, 12498, 13279, 13509, 13880, 14009, 14228, 14991, 16090, 16118, 16543, 17159]",c4.cgn__GNF2_CKS1B
c4.cgn,MORF_AATF,prerank,-0.19581603946932022,-0.7947850597508291,0.9676190476190476,0.9209992359722585,1.0,45_199,45/199,23.36%,LRPPRC;KHDRBS1;AIMP2;PWP1;DDX18;YWHAQ;SRRM1;PRKAG1;EIF4H;PRKDC;IMMT;NAE1;GNL2;DYRK2;XRCC5;OXA1L;ATXN10;PDE6D;ACLY;HNRNPU;XPO7;EIF1AX;ANAPC5;DAP3;AFG3L2;IDH3A;SSBP1;NCL;ASH2L;CNP;CAPRIN1;MCM2;HNRNPD;CAPZA1;CNOT1;DDB1;ARIH2;SDHA;XPO6;ZNHIT3;FUS;ZC3H15;IK;AGPAT1;SFSWAP,AHSA1;TXLNA;NUDC;CSK;PABPN1;TFAP4;KAT2A;SNRPA;PRPF31;XPO1;NUP62;TCOF1;SRRT;CDK2;CASC3;EIF2B5;THOP1;RUVBL2;UBE2I;LSM7;SDR39U1;TRAPPC3;UBE2L3;DDX39A;MTX1;HNRNPAB;SSRP1;SMNDC1;SCARB1;SAFB;NELFB;CTDNEP1;STARD7;COPS6;SERP1;CCT4;AATF;PRKCSH;MLEC;BAZ1B;WDR18;TUFM;EBP;ALDH4A1;ACTL6A;DDX49;EIF3I;PSMB6;CNPPD1;NAP1L4;POP5;NUDT3;MMS19;NUP188;ALG3;PSMD3;RNPS1;LSM2;CYC1;RAD23A;KXD1;NONO;RALY;CCT2;PIN1;RUVBL1;DHX38;PSMB3;GPAA1;TIAL1;PTDSS1;SGTA;DEK;IDH3B;BUB3;HNRNPA2B1;HADHB;POLR2I;PSMB7;CAD;CUL1;SUMO2;SET;HSPA8;PRPF8;EIF6;ESYT1;CLSTN1;MRPL9;GLUD1;MCM5;PSMD2;SART3;SMARCC2;CEBPZ;SSB;PUF60;COQ9;VDAC2;RPN1;VDAC3;DDX39B;HADH;GTF2A2;POLR2C;COPS5;GPN1;TEX261;CS;FIBP;HDAC2;POM121;TCEA1;BRD8;PHB2;TIMM17A;ZZZ3;RPA2;PABPC4;DRG1;HUWE1;SUMO4;ILF2;SERBP1;ETF1;BMS1;EIF3K;TRRAP;USP1;PKMYT1;HNRNPC;SNRNP200;KDM3B;LYPLA1;DNAJC8;EIF3M;ARFGAP2;DNAJC11;USP5;CLNS1A;CALM2;POLE3;METAP1;PUM2;MDH1;PPP2CA;TP53BP1;CANX;POLR2A;PREP;MFN2;TERF2IP;MTOR;ADSL;SFSWAP;AGPAT1;IK;ZC3H15;FUS;ZNHIT3;XPO6;SDHA;ARIH2;DDB1;CNOT1;CAPZA1;HNRNPD;MCM2;CAPRIN1;CNP;ASH2L;NCL;SSBP1;IDH3A;AFG3L2;DAP3;ANAPC5;EIF1AX;XPO7;HNRNPU;ACLY;PDE6D;ATXN10;OXA1L;XRCC5;DYRK2;GNL2;NAE1;IMMT;PRKDC;EIF4H;PRKAG1;SRRM1;YWHAQ;DDX18;PWP1;AIMP2;KHDRBS1;LRPPRC,"[183, 558, 598, 829, 844, 951, 986, 1030, 1145, 1469, 1525, 1541, 1571, 1573, 1613, 1685, 1691, 1716, 1857, 1878, 2011, 2069, 2076, 2153, 2215, 2299, 2303, 2319, 2430, 2532, 2632, 2698, 2743, 2781, 2908, 3049, 3146, 3248, 3328, 3330, 3522, 3698, 3700, 3735, 3778, 3787, 4270, 4299, 4405, 4529, 4706, 4736, 4778, 4837, 4951, 4956, 5271, 5400, 5661, 5797, 5883, 5890, 5946, 6142, 6165, 6513, 6533, 6562, 6643, 6913, 6996, 6999, 7046, 7055, 7131, 7153, 7160, 7194, 7404, 7457, 7681, 7732, 7850, 7879, 7992, 8000, 8043, 8057, 8206, 8416, 8417, 8522, 8648, 8662, 8695, 8781, 8815, 8943, 8987, 9023, 9165, 9247, 9255, 9282, 9284, 9312, 9389, 9412, 9436, 9475, 9498, 9701, 9794, 10025, 10159, 10170, 10253, 10282, 10433, 10437, 10571, 10640, 10675, 10772, 10790, 10848, 10852, 10855, 10872, 10922, 11073, 11123, 11224, 11250, 11464, 11654, 11662, 11719, 12048, 12106, 12311, 12411, 12552, 12575, 12589, 12732, 12764, 12788, 12851, 12884, 13019, 13023, 13065, 13172, 13427, 13440, 13457, 13537, 13643, 13710, 13847, 13860, 13897, 14043, 14101, 14203, 14319, 14346, 14425, 14636, 14752, 14777, 14903, 14975, 15046, 15084, 15267, 15362, 15424, 15455, 15559, 15736, 15760, 15959, 16129, 16186, 16231, 16265, 16491, 16539, 16697, 16705, 16723, 16842, 16843, 17002, 17042, 17248, 17309]",c4.cgn__MORF_AATF
c4.cgn,MORF_PRKAR1A,prerank,-0.20426285444927159,-0.7881775820751517,0.9454887218045113,0.922915110113247,1.0,21_133,21/133,18.93%,PSMB2;MBD4;PRKAR1A;GORASP2;RAB6A;TOR1A;PDCD6;ARFGEF1;ARCN1;DYNC1I2;MTDH;TMED2;SDHC;DAP3;PRPSAP1;YWHAZ;FAM120A;BZW1;XPC;RAB5B;CAPZA1,RXRA;JTB;BCAP31;EEF1D;GLB1;ATP6V0E1;TRAPPC3;BANF1;DYNLL1;CLN3;CTDNEP1;COX7C;STARD7;COG4;MTA1;IST1;SSR2;SOD1;CFDP1;SMARCD2;RBCK1;SETD3;PSMB6;NDUFA1;AP3D1;TADA3;UBA1;TMBIM6;KDELR1;COX5B;COX4I1;CLTA;COX6A1;CYC1;RPN2;KXD1;AP2M1;PSMB4;ABR;COX6C;NEDD8;GPAA1;PIGC;CLEC18C;PPP2R1A;NDUFA2;RAD21;TIAL1;PPP1CA;HADHB;SUMO1;VGLL4;MORF4L2;ATP6V1H;WBP2;UQCRB;ARF5;SUMO2;PSMA4;HSPA8;CAPZB;COX8A;ATOX1;SPCS2;DNPEP;NCBP2;ZNF638;PUF60;PPP1R7;RAN;ATP6AP1;COX7A2L;LAMP2;PSMD7;DCTN2;COPS5;SRP9;HSBP1;UGP2;RAD23B;EBAG9;PGK1;ATXN2;EIF4E2;SP3;SNRPE;DRG1;AHCYL1;PHF3;FBXW11;ARPC5;RAB1A;PPP1R11;LYPLA1;NSF;RAC1;ARF3;EFCAB14;SLC35A1;UBE2A;SEPHS2;CALM2;TMEM59;METAP1;PUM2;MDH1;ENSA;CANX;GMFB;GANAB;YWHAB;SDHA;CAPZA1;RAB5B;XPC;BZW1;FAM120A;YWHAZ;PRPSAP1;DAP3;SDHC;TMED2;MTDH;DYNC1I2;ARCN1;ARFGEF1;PDCD6;TOR1A;RAB6A;GORASP2;PRKAR1A;MBD4;PSMB2,"[710, 880, 1256, 1270, 1582, 1810, 2069, 2209, 2497, 2645, 2698, 2712, 2743, 2745, 2852, 2898, 3305, 3398, 3420, 3528, 3647, 3687, 4299, 4429, 4667, 4689, 4716, 4731, 4746, 4769, 4836, 5058, 5419, 5661, 5693, 5883, 5915, 6246, 6349, 6499, 6619, 6643, 6649, 6675, 6695, 6766, 6793, 6913, 7117, 7160, 7337, 7380, 7391, 7439, 7460, 7480, 7702, 7732, 7762, 7879, 8009, 8139, 8143, 8291, 8312, 8656, 8658, 8815, 8862, 8903, 8926, 9100, 9133, 9152, 9173, 9312, 9423, 9489, 9502, 9640, 9785, 9922, 10049, 10288, 10351, 10370, 10437, 10453, 10629, 10709, 10877, 10946, 10997, 11250, 11436, 11471, 11621, 11721, 11863, 11882, 12151, 12311, 12410, 12552, 12575, 12589, 12665, 12788, 12898, 13207, 13801, 13860, 14203, 14289, 14321, 14397, 14417, 14665, 14912, 15084, 15164, 15290, 15416, 15533, 15556, 15835, 16075, 16264, 16294, 16318, 16685, 16724, 17105]",c4.cgn__MORF_PRKAR1A
c4.cgn,MORF_BAG5,prerank,-0.23896637908027926,-0.7789322603057542,0.8656716417910447,0.9316025597389238,1.0,14_53,14/53,27.71%,MBD4;PSMC2;PDCD6;RAB5A;TMED2;FAM120A;BAG5;RAB11A;YWHAB;IK;GMFB;CANX;SKP1;ENSA,JTB;EEF1D;BANF1;RPL36AL;STARD7;IST1;SETD3;CTCF;UBA1;PRMT1;COX4I1;AP2M1;PSMB4;HNRNPUL1;NEDD8;TIAL1;ATP6V1G1;VCP;SUMO1;BUD31;SYNCRIP;TBCB;DNPEP;PSMC1;PUF60;PPP1R7;COX7A2L;PSMD7;COPS5;SRP9;URM1;RAD23B;EBAG9;CNBP;COIL;SP3;ADAR;ARFGAP2;SYPL1;ENSA;SKP1;CANX;GMFB;IK;YWHAB;RAB11A;BAG5;FAM120A;TMED2;RAB5A;PDCD6;PSMC2;MBD4,"[880, 1270, 2209, 2623, 2743, 2898, 3687, 4074, 4716, 4768, 4836, 5915, 6246, 6288, 6619, 6913, 7136, 7245, 7337, 7503, 7728, 7767, 8312, 8434, 8815, 8862, 9100, 9152, 9312, 9423, 9506, 9640, 9785, 10132, 10256, 10351, 10871, 11662, 12089, 12665, 12689, 12788, 12898, 13457, 13801, 13852, 14353, 14417, 15290, 15603, 16075, 16078, 16724]",c4.cgn__MORF_BAG5
c4.cgn,MORF_MYC,prerank,-0.21933258717634194,-0.7641284795518999,0.9251968503937008,0.9461431973247716,1.0,12_68,12/68,16.18%,ADCYAP1;HTR4;RPH3A;ZKSCAN3;ESR1;PIGB;MPP2;PAX7;SCAPER;CLOCK;F7;TGOLN2,MSX1;KAT8;DOK1;MYC;BCL2;RASSF1;TNFRSF25;SLC6A9;NCKIPSD;STK17A;COLQ;SLC2A1;KLHL18;AQP5;ZNF592;GRIK5;HAUS5;PAX8;LTBP4;SLC13A2;TBX5;PLEKHB1;MLN;SLC4A3;NFRKB;NFIC;AMFR;SSTR5;FDXR;MYO9B;RPS6KB2;SLC16A5;DPT;RFC5;CEP135;HTR7;SIX3;PAX9;SLC5A2;DAPK2;CD6;CDK5R1;SLC30A3;CYP11A1;ZNF330;GRK4;ITIH4;ITPR2;CRHR1;IPCEF1;KRT1;PRSS16;PAXIP1;KRT86;GLE1;RBBP8;TGOLN2;F7;CLOCK;SCAPER;PAX7;MPP2;PIGB;ESR1;ZKSCAN3;RPH3A;HTR4;ADCYAP1,"[231, 256, 477, 1232, 1238, 1540, 2404, 2569, 2826, 3031, 3087, 3156, 3930, 4046, 4317, 4406, 4474, 4519, 4551, 4819, 4864, 5278, 5474, 5491, 5498, 5825, 5936, 6368, 6876, 7156, 7191, 7299, 7501, 8556, 8646, 9170, 9359, 9570, 10044, 10107, 10125, 10324, 10367, 10566, 10746, 10900, 11047, 11545, 12254, 12331, 12750, 13129, 13244, 13293, 13788, 14125, 14684, 14816, 15146, 15154, 15619, 15699, 15927, 16134, 16462, 16825, 17206, 17339]",c4.cgn__MORF_MYC
c4.cgn,GNF2_CCNA2,prerank,-0.21938449272506813,-0.7553057300411535,0.9144385026737968,0.9479909912705767,1.0,13_64,13/64,18.11%,RFC3;TYMS;CDC20;SHCBP1;MCM4;RRM1;SMC2;RAD51AP1;SMC4;FEN1;PRIM1;GINS2;MCM2,CKS2;CCNA2;PLK1;UBE2C;FOXM1;KIF14;CDCA3;GMNN;ESPL1;RFC4;MCM7;KIF18B;ASF1B;CKS1B;CENPA;MELK;AURKB;TTK;BIRC5;RRM2;TOP2A;NCAPD2;HJURP;MKI67;NUSAP1;CDCA8;PCNA;HMGB2;MCM3;KIF20A;ASPM;NDC80;E2F8;TMPO;CDK1;FANCI;TPX2;BUB1B;RACGAP1;EZH2;CCNB2;AURKA;NCAPG;HMMR;ZWINT;MCM6;CENPF;KIF4A;KIF11;CENPE;PRC1;MCM2;GINS2;PRIM1;FEN1;SMC4;RAD51AP1;SMC2;RRM1;MCM4;SHCBP1;CDC20;TYMS;RFC3,"[176, 799, 869, 1115, 1135, 1170, 1932, 2281, 2630, 2646, 2994, 3110, 3579, 3684, 3907, 4009, 4224, 4301, 4324, 4435, 5039, 5630, 5819, 5891, 6066, 6204, 6282, 6576, 7142, 7197, 7490, 8153, 8154, 8174, 8376, 8465, 8870, 9585, 9612, 9837, 9950, 10139, 11049, 11716, 11796, 12498, 12520, 12644, 13279, 13509, 13566, 14346, 14645, 14730, 14856, 15156, 16001, 16090, 16148, 16190, 16512, 16543, 16776, 17159]",c4.cgn__GNF2_CCNA2
c4.cgn,GNF2_SERPINB5,prerank,-0.2711141217892873,-0.7585838734511557,0.8283018867924529,0.948534854391788,1.0,5_24,5/24,15.51%,KRT5;ALDH1A3;PTHLH;LAMC2;COL17A1,PERP;ANXA3;S100A2;KRT19;TP63;LAMA3;GPR87;S100A14;LAMB3;GJB3;FERMT1;UPP1;AHNAK2;SFN;KRT17;F3;CDH3;GJB5;CLCA2;COL17A1;LAMC2;PTHLH;ALDH1A3;KRT5,"[1335, 1938, 2374, 2855, 2867, 3919, 6878, 7332, 7368, 7516, 9093, 9224, 9569, 9994, 10572, 11051, 12052, 12241, 13774, 14802, 14822, 14886, 16272, 16425]",c4.cgn__GNF2_SERPINB5
c4.cgn,MORF_RAB1A,prerank,-0.18729772921843366,-0.7443750102964587,0.988909426987061,0.9509485506330113,1.0,51_184,51/184,29.87%,AREL1;KHDRBS1;PWP1;PRKAG1;PRKAR1A;SLC25A36;GORASP2;RAB6A;PSMC2;CLTC;ARFGEF1;TPR;COPB2;RAB5A;ARCN1;DYNC1I2;TMED2;SDHC;RTN4;YWHAZ;BZW1;PMM2;XPC;RAB5B;CAPZA1;DDB1;BECN1;PICALM;XPO6;YWHAB;UBXN4;ARF4;GLG1;ATP6AP2;GANAB;PRPF4;TERF2IP;RPRD2;PPP2R5E;GMFB;POLR2A;CANX;ENSA;C1D;MDH1;METAP1;RNF103;TMEM59;PTPN1;CALM2;HTATSF1,RXRA;JTB;STK19;CNOT3;RABAC1;POR;BCAP31;NUP62;FAM89B;P4HB;VPS9D1;B4GALT3;GAA;KDM2A;SMNDC1;RPL36AL;NELFB;CLN3;CTDNEP1;CSNK1G2;COPS6;RAE1;IST1;SERP1;SLC4A2;RAF1;SHMT1;ZC3H3;ILVBL;PRKCSH;SSR2;CSNK1D;LASP1;RBCK1;TMSB10;DHRS1;MRPL28;PSMB6;STX4;TADA3;UBA1;TMBIM6;KDELR1;COX5B;PDAP1;CENPB;EIF2B2;COX4I1;NUBP1;CIB1;ZNHIT1;SEC61B;COX6A1;ATP6V1F;ARPC4;LEPR;RPN2;ATG9A;AP2M1;SMAD2;PSMB4;ABR;GPAA1;PIGC;CLEC18C;PPP2R1A;RAD21;MORC3;TIAL1;BLOC1S1;SUMO3;OTUB1;HADHB;SUMO1;VGLL4;MORF4L2;WBP2;MEA1;ARF5;SUMO2;SLC9A1;CAPZB;COX8A;ATOX1;ATP6V0D1;MRPL9;CUX1;SPCS2;DNPEP;SSR1;DUSP11;PUF60;RHEB;PPP1R7;COX7A2L;LAMP2;DCTN2;COPS5;UBE2E3;UBR5;RAD23B;ACTN4;EBAG9;VAMP3;PGK1;TAF9;ATXN2;MKRN1;ZNF410;CNBP;ZZZ3;COIL;AP3S1;DRG1;HUWE1;PHF3;ILF2;FBXW11;ETF1;CDK16;ARPC5;BRD3;RAB1A;PPP1R11;PEX11B;DPM1;SEC61G;RAC1;ARF3;ARFGAP2;TOR1AIP1;UBE2A;SEPHS2;HTATSF1;CALM2;PTPN1;TMEM59;RNF103;METAP1;MDH1;C1D;ENSA;CANX;POLR2A;GMFB;PPP2R5E;RPRD2;TERF2IP;PRPF4;GANAB;ATP6AP2;GLG1;ARF4;UBXN4;YWHAB;XPO6;PICALM;BECN1;DDB1;CAPZA1;RAB5B;XPC;PMM2;BZW1;YWHAZ;RTN4;SDHC;TMED2;DYNC1I2;ARCN1;RAB5A;COPB2;TPR;ARFGEF1;CLTC;PSMC2;RAB6A;GORASP2;SLC25A36;PRKAR1A;PRKAG1;PWP1;KHDRBS1;AREL1,"[710, 880, 920, 975, 1038, 1133, 1256, 1525, 1769, 1840, 1922, 2151, 2218, 2251, 2319, 2623, 2632, 2645, 2698, 2729, 2781, 2890, 2898, 2908, 2964, 3033, 3082, 3095, 3181, 3248, 3305, 3453, 3541, 3647, 4055, 4255, 4262, 4299, 4586, 4689, 4716, 4731, 4746, 4769, 4796, 4800, 4808, 4836, 5177, 5183, 5353, 5404, 5419, 5476, 5513, 5645, 5693, 5732, 5915, 6205, 6246, 6349, 6643, 6649, 6675, 6695, 6793, 6912, 6913, 7005, 7026, 7059, 7160, 7337, 7380, 7391, 7460, 7695, 7702, 7732, 7867, 8009, 8139, 8143, 8189, 8206, 8237, 8291, 8312, 8485, 8701, 8815, 8835, 8862, 9100, 9133, 9173, 9312, 9381, 9528, 9640, 9667, 9785, 9874, 9922, 10023, 10049, 10100, 10123, 10132, 10253, 10256, 10281, 10437, 10571, 10629, 10675, 10709, 10790, 10802, 10877, 10940, 10946, 10997, 11074, 11388, 11422, 11471, 11621, 11662, 11774, 11882, 12151, 12287, 12311, 12370, 12410, 12494, 12552, 12589, 12608, 12665, 12788, 12851, 12898, 12931, 12944, 13023, 13099, 13207, 13252, 13354, 13518, 13593, 13801, 13847, 13967, 14024, 14043, 14203, 14289, 14321, 14336, 14397, 14665, 14995, 15164, 15290, 15533, 15556, 15603, 15778, 15832, 15835, 15879, 16078, 16294, 16318, 16642, 16685, 16705, 17002, 17248, 17274]",c4.cgn__MORF_RAB1A
c4.cgn,MORF_HDAC1,prerank,-0.17937176120652892,-0.7378905047877645,0.9945255474452555,0.9526096089355469,1.0,50_240,50/240,23.58%,KHDRBS1;RBMX;RBBP4;PSMB2;DDX19A;HMGN1;ACTR2;YWHAQ;SRRM1;EIF4H;FBXO9;PPIE;XRCC5;PRRC2C;ACP1;PDHB;UQCRC2;ATXN10;ACLY;HNRNPU;XPO7;MTDH;EIF1AX;ANAPC5;GDI2;TAF11;AFG3L2;NCL;VBP1;YWHAZ;G3BP2;DDOST;FAM120A;SRSF2;HNRNPD;IDH2;AK2;CAPZA1;HNRNPR;UBE2N;SDHA;YWHAB;CCNI;FUS;R3HDM1;CDC123;PAPSS1;SLC25A3;SDHB;VPS52,PTBP1;HDGF;IMPDH1;PPP1CC;HSPD1;GNB2;CSK;JTB;SNRPA;CHERP;UBAC1;PKN1;CTBP1;XPO1;TMED9;EIF3G;TRIM28;PPM1G;CDC37;LSM7;SRSF9;TRAPPC3;UBE2L3;TCP1;HDAC1;HNRNPAB;MRPS12;DYNLL1;RPL14;CTDNEP1;COX7C;STARD7;PTGES3;COPS6;IFRD1;NDUFV2;CSNK2B;PARK7;SF3B2;WDR1;PSMB1;NACA;DKC1;SMARCD2;SETD3;TUFM;DDX49;MED12;CHMP2A;NDUFS2;UQCRH;GNG5;SF3A2;SNRPD2;AP3D1;TADA3;COX5B;ANP32B;COX4I1;HAX1;ERP29;SRP14;DIAPH1;CLTA;CCT7;SCAMP3;SNX3;AKR7A2;DGKZ;RNPS1;LSM2;COX6A1;PDIA6;BTF3;CYC1;TATDN2;RAD23A;TTC1;KXD1;NONO;HNRNPM;NDUFS5;CCT2;HNRNPUL1;COX6B1;EIF4EBP2;GUSB;HMGB2;BAG6;GPAA1;PPP2R1A;COPE;CHD4;RAB8A;TIAL1;NUDT1;IDH3G;SUMO3;EIF4A1;DEK;EDC4;PPP1CA;BUB3;HNRNPA2B1;HADHB;NDUFS3;DUT;BAZ2A;SUMO1;MAP3K11;PSMB7;UQCRB;EIF3E;NDUFV1;SUMO2;NDUFC1;SET;AP1B1;UQCRFS1;PRPF8;RNF44;MRPL9;SF3A1;ERH;PUF60;RAN;ATP6AP1;VDAC2;RPN1;ILF3;UBE2D2;VDAC3;VPS26A;DDX39B;COPS5;GPN1;TEX261;SRP9;CS;HDAC2;MGRN1;SH3BGRL;TCEA1;POLA2;PGK1;TARDBP;PHB2;DR1;AP3S1;TRA2B;SNRPE;DRG1;UCP2;CAP1;U2AF1;EIF3K;HNRNPC;NDUFS4;SNRNP200;SRSF3;SREBF2;EIF3D;HADHA;LYPLA1;SMC1A;CBX3;XRCC6;EIF3H;UBA2;DNAJC8;ARF3;EIF3M;EFCAB14;NSDHL;NDUFA7;GNB1;SYPL1;CALM3;POLE3;EID1;ANP32A;MDH1;SDHD;CIAO1;FAM168B;CANX;PCMT1;TLK1;ARPC2;GANAB;VPS52;SDHB;SLC25A3;PAPSS1;CDC123;R3HDM1;FUS;CCNI;YWHAB;SDHA;UBE2N;HNRNPR;CAPZA1;AK2;IDH2;HNRNPD;SRSF2;FAM120A;DDOST;G3BP2;YWHAZ;VBP1;NCL;AFG3L2;TAF11;GDI2;ANAPC5;EIF1AX;MTDH;XPO7;HNRNPU;ACLY;ATXN10;UQCRC2;PDHB;ACP1;PRRC2C;XRCC5;PPIE;FBXO9;EIF4H;SRRM1;YWHAQ;ACTR2;HMGN1;DDX19A;PSMB2;RBBP4;RBMX;KHDRBS1,"[179, 318, 434, 665, 682, 746, 829, 880, 1030, 1100, 1207, 1248, 1410, 1469, 1520, 1588, 1635, 1775, 1874, 1878, 1920, 2069, 2076, 2233, 2268, 2299, 2485, 2497, 2534, 2698, 2712, 2743, 2761, 2781, 2802, 2803, 2962, 3030, 3165, 3199, 3303, 3349, 3394, 3528, 3687, 3698, 3787, 3811, 3925, 4184, 4384, 4434, 4540, 4575, 4667, 4689, 4769, 4820, 4836, 4867, 4884, 4885, 5025, 5058, 5096, 5104, 5248, 5253, 5267, 5271, 5400, 5419, 5581, 5589, 5661, 5710, 5797, 5820, 5883, 5890, 5926, 6012, 6142, 6288, 6303, 6420, 6432, 6576, 6613, 6643, 6695, 6700, 6811, 6908, 6913, 6948, 7002, 7026, 7033, 7046, 7109, 7117, 7131, 7153, 7160, 7168, 7170, 7234, 7337, 7357, 7404, 7480, 7547, 7591, 7732, 7758, 7850, 7884, 7978, 7992, 8027, 8206, 8267, 8550, 8815, 8903, 8926, 8987, 9023, 9070, 9139, 9165, 9239, 9247, 9312, 9389, 9412, 9423, 9436, 9498, 9587, 9791, 9794, 9889, 9922, 10154, 10159, 10243, 10281, 10366, 10370, 10437, 10606, 10635, 10811, 10852, 11073, 11106, 11123, 11131, 11150, 11188, 11235, 11250, 11281, 11297, 11348, 11375, 11381, 11464, 11621, 11654, 11721, 11828, 12000, 12079, 12089, 12212, 12411, 12435, 12532, 12589, 12596, 12615, 12738, 12788, 12872, 12946, 13091, 13207, 13389, 13413, 13514, 13563, 13599, 13630, 13643, 13685, 13801, 13860, 14060, 14083, 14203, 14278, 14286, 14319, 14385, 14417, 14615, 14644, 14665, 14758, 14777, 15046, 15147, 15227, 15267, 15362, 15416, 15424, 15455, 15559, 15760, 15798, 15926, 15957, 16094, 16129, 16307, 16334, 16697, 16723, 16842, 16913, 16952, 17058, 17105, 17106, 17199, 17248]",c4.cgn__MORF_HDAC1
c4.cgn,MORF_ETV3,prerank,-0.21951326339131377,-0.7463806309567307,0.9273743016759777,0.9530632415520764,1.0,12_55,12/55,21.94%,NF1;ADCYAP1;ESR1;DNAJC16;PAX7;NXPE3;AQP7;UTRN;ETV3;EPHB2;GLE1;PIK3CB,MSX1;TBX19;BCL2;CTRL;TNFRSF25;COX6A2;NCKIPSD;SLC2A1;NRTN;RXRG;P2RX7;KLHL18;GRIK5;LTBP4;SLC13A2;TBC1D22A;PLEKHB1;MLN;SLC4A3;ARL3;POU6F1;MYO9B;SLC16A5;DPT;CHST7;HTR7;MC5R;SULT4A1;PAX9;DAPK2;SLC30A3;SYT5;CYP11A1;LY9;AFF2;KRT33B;ITIH4;HTR1B;FNTB;ABCB9;GJB5;ERCC4;KRT86;PIK3CB;GLE1;EPHB2;ETV3;UTRN;AQP7;NXPE3;PAX7;DNAJC16;ESR1;ADCYAP1;NF1,"[231, 898, 1238, 1888, 2404, 2434, 2826, 3156, 3421, 3602, 3790, 3930, 4406, 4551, 4819, 4963, 5278, 5474, 5491, 6378, 7077, 7156, 7299, 7501, 7601, 9170, 9268, 9376, 9570, 10107, 10367, 10414, 10566, 10570, 10687, 10788, 11047, 11252, 11981, 12189, 12241, 12343, 13293, 13676, 13788, 14005, 14186, 14669, 14801, 14821, 15619, 15887, 16134, 17339, 17391]",c4.cgn__MORF_ETV3
c4.cgn,GCM_ANP32B,prerank,-0.23069161672022423,-0.7178984872971338,0.914396887159533,0.9640093439257905,1.0,7_35,7/35,18.27%,KHDRBS1;SNRPA1;HMGN1;HNRNPA1;HMGN2;NCL;HNRNPD,SNRPA;FXR1;TRIM28;EEF1G;SRSF9;CLIC1;HDAC1;CSNK2B;NACA;EBP;SNRPB;RPL11;ANP32B;DRAP1;NAP1L1;DUT;PPIA;MCM5;APRT;GAMT;HNRNPL;ILF2;U2AF1;HPRT1;EIF4B;MCM6;EEF1B2;SLC25A3;HNRNPD;NCL;HMGN2;HNRNPA1;HMGN1;SNRPA1;KHDRBS1,"[1030, 1074, 1635, 1845, 1920, 1955, 2268, 2962, 3349, 3700, 4167, 4526, 4820, 5252, 7021, 7170, 8248, 8417, 9799, 9819, 9987, 10675, 10811, 11035, 11807, 12498, 12656, 13514, 14319, 14777, 15143, 15588, 16952, 16976, 17248]",c4.cgn__GCM_ANP32B
c4.cgn,GNF2_MKI67,prerank,0.27352292668925504,0.7987484911818341,0.7841880341880342,0.9659959001604619,1.0,9_27,9/27,25.32%,CCNA2;UBE2C;FOXM1;ESPL1;KIF18B;CENPA;MELK;BIRC5;RRM2,CCNA2;UBE2C;FOXM1;ESPL1;KIF18B;CENPA;MELK;BIRC5;RRM2;TOP2A;NCAPD2;MKI67;NUSAP1;PCNA;KIF20A;ASPM;CDK1;TPX2;AURKA;NCAPG;HMMR;ZWINT;CENPF;KIF11;CENPE;RRM1;CDC20,"[799, 1115, 1135, 2630, 3110, 3907, 4009, 4324, 4435, 5039, 5630, 5891, 6066, 6282, 7197, 7490, 8376, 8870, 10139, 11049, 11716, 11796, 12520, 13279, 13509, 16148, 16543]",c4.cgn__GNF2_MKI67
c4.cgn,GNF2_CBFB,prerank,0.26738038370085776,0.7936891810557134,0.8214285714285714,0.9679205766893973,1.0,8_29,8/29,17.19%,INPP5D;CSK;MFNG;LCP1;HDAC1;DOCK2;HNRNPF;CBFB,INPP5D;CSK;MFNG;LCP1;HDAC1;DOCK2;HNRNPF;CBFB;PSMB8;IFI16;ZBTB1;RBM15;NONO;MAPRE1;PSMA1;PSMB10;RCHY1;RNF4;FAM111A;FNBP1;EIF3D;TAOK3;AIMP1;ZC3H15;POLR2G;CNOT7;SRRM1;RBMX;KHDRBS1,"[448, 829, 1481, 1537, 2268, 2897, 2946, 3010, 3936, 5020, 5093, 5169, 5890, 6230, 6584, 8147, 8420, 8682, 9663, 10211, 11188, 11288, 11722, 13537, 14055, 14624, 16723, 17199, 17248]",c4.cgn__GNF2_CBFB
c4.cgn,GCM_MYCL1,prerank,0.29163403238764085,0.7812333615697062,0.782051282051282,0.968355724279295,1.0,5_21,5/21,12.89%,EBI3;BCAT2;IRF5;CCL2;DRG2,EBI3;BCAT2;IRF5;CCL2;DRG2;IKBKE;NDUFA1;UROD;TMEM106A;HMGA2;ZNF8;FUT2;BNIP1;MVK;AVPR1B;KRT83;AQP7;MPP2;HMGXB3;GRM4;ADCYAP1,"[243, 375, 1040, 1826, 2257, 3163, 4429, 4913, 5334, 5446, 6092, 6191, 7890, 11336, 13239, 13939, 14801, 15699, 16189, 16981, 17339]",c4.cgn__GCM_MYCL1
c4.cgn,GCM_ACTG1,prerank,0.21227515181091286,0.8008722763613516,0.9213250517598344,0.9686043307966105,1.0,43_114,43/114,26.12%,PPP1CC;HSP90AA1;SNRPA;FXR1;PCBP1;ATP1B3;TRIM28;RPS19;EEF1G;RPS8;SRSF9;CLIC1;HSP90AB1;TCP1;RPS3;RPL9;RPL27;RPL6;RPL35A;CSNK2B;RPL3;CBFB;RPS24;SSR2;UBA52;NACA;EBP;RPS27A;RPS6;MAZ;RPL29;RPL7;RPL4;RPL19;TMSB10;RPL32;SNRPB;RPS3A;UQCRH;NDUFA12;PSMD6;RPL11;SNRPD2,PPP1CC;HSP90AA1;SNRPA;FXR1;PCBP1;ATP1B3;TRIM28;RPS19;EEF1G;RPS8;SRSF9;CLIC1;HSP90AB1;TCP1;RPS3;RPL9;RPL27;RPL6;RPL35A;CSNK2B;RPL3;CBFB;RPS24;SSR2;UBA52;NACA;EBP;RPS27A;RPS6;MAZ;RPL29;RPL7;RPL4;RPL19;TMSB10;RPL32;SNRPB;RPS3A;UQCRH;NDUFA12;PSMD6;RPL11;SNRPD2;PRMT1;SRP14;PSME1;COX6A1;RPL17;TATDN2;NONO;HNRNPM;RPS23;PSMB4;DHX38;PSMB3;PSMA1;RPL10A;TIAL1;CFL1;NAP1L1;EIF4A1;PTMA;RPL21;HNRNPA2B1;DUT;SUMO2;TBCB;RHOA;SET;PPIA;DDX39B;COPS5;EEF2;USP7;APRT;BRD8;CUL3;CNBP;SAP18;TRA2B;SNRPE;HNRNPK;ILF2;U2AF1;EIF3F;APEX1;EIF4G2;EEF1B2;SNRPF;ACTG1;IK;SLC25A3;ZNHIT3;SUZ12;POLR2G;HMGB1;DHX9;SRSF2;YWHAZ;NCL;PSMA5;HMGN2;HNRNPU;HNRNPA1;BCLAF1;NPM1;UQCRC2;FRG1;EIF4H;SNRPD3;YWHAQ;HMGN1;SNRPA1;KHDRBS1,"[665, 876, 1030, 1074, 1366, 1382, 1635, 1703, 1845, 1915, 1920, 1955, 1985, 2233, 2390, 2420, 2446, 2812, 2893, 2962, 2972, 3010, 3103, 3305, 3337, 3349, 3700, 3702, 3757, 3840, 3862, 3887, 3957, 4014, 4055, 4122, 4167, 4216, 4384, 4418, 4459, 4526, 4575, 4768, 4885, 4930, 5419, 5534, 5710, 5890, 5926, 6216, 6246, 6533, 6562, 6584, 6728, 6913, 6939, 7021, 7033, 7095, 7103, 7153, 7170, 7732, 7767, 7817, 7850, 8248, 9247, 9312, 9332, 9680, 9799, 10025, 10069, 10132, 10222, 10366, 10370, 10590, 10675, 10811, 11586, 12075, 12560, 12656, 13074, 13331, 13457, 13514, 13710, 13872, 14055, 14226, 14245, 14385, 14665, 14777, 14940, 15143, 15455, 15588, 15650, 15766, 15798, 16201, 16697, 16826, 16842, 16952, 16976, 17248]",c4.cgn__GCM_ACTG1
c4.cgn,MORF_MYL3,prerank,0.23115014093903943,0.7841718685100234,0.8720173535791758,0.9702774437010607,1.0,13_58,13/58,18.58%,NPFF;MEOX2;RREB1;TBX19;MAGEC1;PKP1;ZBTB40;FOSL1;COX6A2;HTR3A;ABCB1;NTNG2;MYL3,NPFF;MEOX2;RREB1;TBX19;MAGEC1;PKP1;ZBTB40;FOSL1;COX6A2;HTR3A;ABCB1;NTNG2;MYL3;RXRG;IL11RA;FPR2;LGI1;SCN7A;TMEM26;NR1I2;SLC22A6;S100A5;ARL3;HSD3B2;RUNX2;SIM2;CYP2D6;JRKL;FGF18;CYP2C19;PDE4D;ABCC8;ELAVL2;ZNF133;KDR;CDC73;SLC26A4;PTPRB;ABCB10;COLGALT2;FBXL4;SGCD;TANC2;GJB5;ERCC4;NRXN1;PGM3;AMMECR1;EPHB2;ZNF33B;ERC1;SPA17;NFAT5;AQP7;ITIH3;WBP4;COL19A1;SLC4A8,"[214, 672, 806, 898, 1356, 1833, 2152, 2188, 2434, 2787, 3190, 3250, 3253, 3602, 3842, 4171, 4940, 4973, 5880, 6022, 6062, 6325, 6378, 6446, 6841, 6968, 7348, 7986, 8121, 8163, 8278, 8504, 8893, 9364, 10163, 10314, 10356, 10643, 10803, 11529, 11580, 11594, 11872, 12241, 12343, 12564, 13525, 13954, 14005, 14280, 14363, 14390, 14755, 14801, 15121, 15169, 17091, 17512]",c4.cgn__MORF_MYL3
c4.cgn,MORF_TPR,prerank,0.20272867735011957,0.787691754543485,0.9466666666666667,0.9712359870446318,1.0,32_138,32/138,20.18%,STK38;PPP1R3D;PIK3R2;PCGF1;INPP5E;TFAP4;RABAC1;MPST;BAHD1;NUP62;SRRT;NMT1;OSR1;PCGF2;RING1;SDR39U1;B4GALT3;MTX1;TMEM11;WWOX;TBPL1;NELFB;CSNK1G2;IGBP1;ZBTB22;RAF1;ILVBL;PRKCSH;EML3;CSNK1D;PLIN3;RABGGTA,STK38;PPP1R3D;PIK3R2;PCGF1;INPP5E;TFAP4;RABAC1;MPST;BAHD1;NUP62;SRRT;NMT1;OSR1;PCGF2;RING1;SDR39U1;B4GALT3;MTX1;TMEM11;WWOX;TBPL1;NELFB;CSNK1G2;IGBP1;ZBTB22;RAF1;ILVBL;PRKCSH;EML3;CSNK1D;PLIN3;RABGGTA;SH2B1;IRF2;DHRS1;MRPL28;PSMB6;ZNF592;FANCG;CPSF4;KDM5C;FOXK2;NUBP1;DRAP1;PDXDC1;ZNHIT1;NFRKB;ERCC2;ATG9A;SMAD2;CSTF3;NKRF;ROCK1;FDXR;OTUB1;BAG1;TUBGCP2;SLC25A11;CHD3;MR1;DDX11;BTD;MEA1;FANCI;SSR1;PIGF;NCOA6;SULT1A1;CETN3;CDK8;CNOT2;TAF9;NSL1;GGPS1;TBCE;CDK13;FRYL;HUWE1;ILF2;FAF2;BRD3;RAB1A;PPP1R11;CDYL;KDM3B;KPNA6;RALB;SS18;EXTL3;TOR1AIP1;UBE2A;TTLL5;STXBP3;ATRX;HTATSF1;TTI1;NFYB;DENND4A;METAP1;PDCD10;PPP2R5E;RPRD2;GPATCH8;MFN2;TERF2IP;PRPF4;SFSWAP;AGPAT1;IK;OARD1;ZNHIT3;BPHL;XPO6;RAB11A;BECN1;DDB1;CHD8;MYCBP;DNAJC13;XPC;KIAA0586;KLHDC10;REV3L;CUL4B;NUP88;SEC31A;GSK3B;PARN;NFATC2IP;TPR;DIMT1;CLPX;TAF2;PRKAG1;SEC23IP;PWP1;TTF2;SNX4,"[222, 313, 350, 556, 557, 951, 1038, 1450, 1484, 1525, 1571, 1591, 1717, 1786, 1978, 2011, 2151, 2215, 2391, 2505, 2588, 2632, 2729, 2759, 2968, 3033, 3181, 3248, 3448, 3453, 3518, 3535, 4052, 4161, 4255, 4262, 4299, 4317, 4445, 4602, 4779, 4996, 5177, 5252, 5277, 5353, 5498, 5609, 5732, 6205, 6385, 6541, 6585, 6876, 7059, 7180, 7298, 7418, 7478, 7537, 7565, 7627, 7695, 8465, 8485, 8497, 8767, 9159, 9250, 9311, 9858, 10023, 10185, 10316, 10389, 10426, 10503, 10571, 10675, 10771, 10940, 10946, 10997, 11159, 11224, 11451, 11557, 11559, 11588, 11774, 11882, 12082, 12185, 12221, 12287, 12297, 12358, 12390, 12552, 12701, 12931, 12944, 12947, 13019, 13023, 13099, 13427, 13440, 13457, 13625, 13710, 13842, 13847, 13852, 14024, 14043, 14047, 14118, 14223, 14321, 14502, 14906, 14926, 15024, 15053, 15076, 15613, 15639, 15807, 15832, 15949, 16063, 16345, 16705, 16797, 17002, 17051, 17319]",c4.cgn__MORF_TPR
c4.cgn,GCM_MSN,prerank,0.27511234297232817,0.8010579113690155,0.7815845824411135,0.974403947857573,1.0,5_27,5/27,16.18%,GPSM3;PCBP1;SPN;PTGES3;ARHGDIB,GPSM3;PCBP1;SPN;PTGES3;ARHGDIB;SMARCC1;ARHGAP4;PSME1;MSN;DRAP1;PFN1;ARHGEF1;MAPRE1;RHOA;SET;HNRNPL;TAF9;TRAM1;SF1;DDX5;EEF1B2;ABCC1;DHX9;HNRNPD;SRSF2;YWHAZ;HMGN1,"[72, 1366, 2541, 2761, 2833, 3733, 3994, 4930, 5230, 5252, 5360, 5981, 6230, 7817, 7850, 9987, 10023, 10410, 10998, 11020, 12656, 12718, 14245, 14319, 14385, 14665, 16952]",c4.cgn__GCM_MSN
c4.cgn,GNF2_SMC2L1,prerank,0.2538868324195681,0.7705869272258016,0.8480725623582767,0.9767869488288686,1.0,4_32,4/32,6.93%,CKS2;CCNA2;FOXM1;MYBL2,CKS2;CCNA2;FOXM1;MYBL2;ESPL1;RFC4;KIF18B;CKS1B;TTK;BIRC5;TOP2A;NUSAP1;CDCA8;PCNA;MCM3;ASPM;NDC80;CDK1;BUB1;CCNB2;HMMR;ZWINT;MCM6;CENPF;KIF11;CENPE;PRIM1;SMC4;SMC2;RRM1;CDC20;RFC3,"[176, 799, 1135, 1213, 2630, 2646, 3110, 3684, 4301, 4324, 5039, 6066, 6204, 6282, 7142, 7490, 8153, 8376, 9690, 9950, 11716, 11796, 12498, 12520, 13279, 13509, 14730, 15156, 16090, 16148, 16543, 17159]",c4.cgn__GNF2_SMC2L1
c4.cgn,MORF_ORC1L,prerank,0.2353592898198455,0.8119632573009583,0.8309278350515464,0.9800529123151563,1.0,10_65,10/65,16.33%,MGAT1;GPR35;TXLNA;IRF2BP1;PTPN9;TCOF1;B4GALT3;DRG2;TNK2;ORC1,MGAT1;GPR35;TXLNA;IRF2BP1;PTPN9;TCOF1;B4GALT3;DRG2;TNK2;ORC1;PRKCSH;PLIN3;SLC12A4;PSD4;GSK3A;CAMK2B;PAX8;TOMM34;NUDT3;FCHO1;PNMT;CASP2;PITPNM1;GTF2F1;CRYBA4;GRK6;PSMA1;GPR161;PAIP2B;IKBKG;CELA2A;IGHMBP2;PRPF8;ADAM15;PCBP3;ZFPL1;RAP1GAP2;ARPC3;ANKRD12;TUB;HNRNPL;RPA2;SUMO4;PKMYT1;MVK;GHITM;DNAJC8;CNTN1;LSM12;POLR2A;COPS2;M6PR;ARIH2;RFC1;HMGB1;NDST1;CNP;KAT7;SIK3;PTGER3;XRCC2;ZNF337;TSPO2;IGSF9B;TAF1,"[100, 156, 558, 1310, 1441, 1541, 2151, 2257, 2702, 2860, 3248, 3518, 3688, 4136, 4452, 4493, 4519, 4660, 4736, 5365, 6030, 6081, 6113, 6163, 6311, 6438, 6584, 6632, 7028, 7584, 7659, 7849, 7992, 8085, 8091, 8429, 8584, 9308, 9484, 9877, 9987, 10282, 10640, 10922, 11336, 11417, 11464, 11555, 12349, 12851, 13755, 13779, 13897, 14088, 14226, 14395, 14636, 15044, 15426, 15604, 15886, 15889, 15978, 16156, 16157]",c4.cgn__MORF_ORC1L
c4.cgn,MORF_CDC2L5,prerank,0.2094214243157863,0.8010968419340356,0.9201773835920177,0.9805088514468445,1.0,18_129,18/129,12.65%,ZDHHC18;MSX1;PHF21A;KANK2;DOK1;PCGF1;INPP5E;PEX6;BCL2;RUNX1;BAHD1;RASSF1;RERE;OSR1;SLC30A1;CRYAA;B4GALT3;MTX1,ZDHHC18;MSX1;PHF21A;KANK2;DOK1;PCGF1;INPP5E;PEX6;BCL2;RUNX1;BAHD1;RASSF1;RERE;OSR1;SLC30A1;CRYAA;B4GALT3;MTX1;TMEM11;GALNT2;COLQ;SLC2A1;IKBKE;NRTN;EML3;SLC12A4;KLHL18;AQP5;SH2B1;IRF2;ZNF592;GRIK5;FANCG;PAX8;CPSF4;TBX5;TBC1D22A;NUMB;JAK3;PLEKHB1;NEK9;NFRKB;ERCC2;RAP1A;PPP5C;AMFR;SSTR5;CSTF3;NKRF;ROCK1;WDR62;CAMK2G;FDXR;MYO9B;IMPA1;RPS6KB2;SLC25A11;CHD3;DPT;MR1;DDX11;BTD;PCF11;PCBP3;PIGF;SEZ6L;CLP1;HTR7;PSMF1;BRD1;PAX9;HNRNPL;DAPK2;TTC22;SLC30A3;CDK13;CEP350;FRYL;AFF2;SPRN;ITIH4;ATP6V1B1;SS18;EXTL3;CHD9;FNTB;TTLL5;EP400;ATRX;TTI1;IPCEF1;NFYB;ECE2;TP53BP1;SMC5;GPATCH8;TLN2;PAXIP1;SFSWAP;OARD1;PIK3CB;GLE1;BPHL;ATP6V0A2;LEPROTL1;RBBP8;SPEF1;KIAA0586;UTRN;SEC31A;SIK3;GSK3B;TAF5L;MPP2;TPR;NR2C1;PIGB;DIMT1;CLPX;ESR1;AGPS;TAF2;ARC;ZKSCAN3;PAFAH1B1;ZNF500;PIAS2;SLC24A1;HTR4,"[135, 231, 371, 432, 477, 556, 557, 839, 1238, 1384, 1484, 1540, 1640, 1717, 1726, 1964, 2151, 2215, 2391, 2570, 3087, 3156, 3163, 3421, 3448, 3688, 3930, 4046, 4052, 4161, 4317, 4406, 4445, 4519, 4602, 4864, 4963, 5201, 5207, 5278, 5425, 5498, 5609, 5616, 5644, 5936, 6368, 6385, 6541, 6585, 6630, 6774, 6876, 7156, 7169, 7191, 7418, 7478, 7501, 7537, 7565, 7627, 7649, 8091, 8497, 8713, 8937, 9170, 9367, 9380, 9570, 9987, 10107, 10150, 10367, 10426, 10450, 10503, 10687, 10741, 11047, 11176, 11559, 11588, 11886, 11981, 12082, 12087, 12221, 12297, 12331, 12358, 12432, 12764, 12798, 12947, 13068, 13244, 13427, 13625, 13676, 13788, 13842, 13900, 14017, 14125, 14331, 14502, 14669, 15076, 15426, 15613, 15683, 15699, 15832, 15904, 15927, 15949, 16063, 16134, 16310, 16345, 16423, 16462, 16518, 16545, 16696, 17125, 17206]",c4.cgn__MORF_CDC2L5
c4.cgn,GNF2_MCM4,prerank,0.24198330309951033,0.804125105738857,0.8072562358276644,0.9816090355612019,1.0,12_52,12/52,17.76%,CKS2;CCNA2;POLD1;UBE2C;FOXM1;KIF14;TCP1;GMNN;ESPL1;RFC4;MCM7;KIF18B,CKS2;CCNA2;POLD1;UBE2C;FOXM1;KIF14;TCP1;GMNN;ESPL1;RFC4;MCM7;KIF18B;ASF1B;MELK;AURKB;TTK;RRM2;TOP2A;CDCA8;PCNA;MCM3;ASPM;NDC80;MCM5;HELLS;FANCI;CENPM;BUB1B;RACGAP1;BUB1;GINS1;CCNB2;AURKA;PAICS;LMNB1;HMMR;ZWINT;NASP;MCM6;KIF11;PA2G4;MCM2;MAD2L1;GINS2;FEN1;SMC4;RAD51AP1;RRM1;MCM4;CDC20;TYMS;RFC3,"[176, 799, 863, 1115, 1135, 1170, 2233, 2281, 2630, 2646, 2994, 3110, 3579, 4009, 4224, 4301, 4435, 5039, 6204, 6282, 7142, 7490, 8153, 8417, 8418, 8465, 8941, 9585, 9612, 9690, 9881, 9950, 10139, 10291, 10489, 11716, 11796, 12374, 12498, 13279, 13880, 14346, 14365, 14645, 14856, 15156, 16001, 16148, 16190, 16543, 16776, 17159]",c4.cgn__GNF2_MCM4
c4.cgn,GCM_ING1,prerank,0.24003685713346928,0.814147054526082,0.8229376257545271,0.982343642626306,1.0,13_61,13/61,15.60%,PRKD2;THAP4;SMG5;MBD3;SNX33;ING1;SCAMP2;BAHD1;MRPS5;CNOT11;TADA2B;SAFB;METTL17,PRKD2;THAP4;SMG5;MBD3;SNX33;ING1;SCAMP2;BAHD1;MRPS5;CNOT11;TADA2B;SAFB;METTL17;URGCP;NF2;TUT1;KLHL18;DCUN1D3;RABIF;BABAM1;CNPPD1;TAOK2;EIF4EBP2;ABHD16A;AP2A1;TBC1D10B;COQ10A;C1orf52;GFM2;GGT7;SURF2;TEX261;CS;DHX37;RRP9;COMMD9;PEX11B;POLR2M;VRK3;TRAFD1;CHUK;DENND4A;VPS53;S100PBP;MMAB;FBXL20;RMND5B;PRDM4;DHRS11;PSME3;DBNL;ANAPC5;SIN3A;SUV39H1;TINF2;MTMR4;DDX47;TMX3;SUMF2;TMEM138;BOD1L1,"[224, 488, 767, 818, 824, 1121, 1423, 1484, 1772, 2096, 2187, 2532, 2732, 3194, 3658, 3809, 3930, 4095, 4330, 4337, 4405, 4451, 6420, 6745, 6922, 7764, 7905, 7934, 8200, 8457, 9085, 9412, 9436, 9517, 10037, 10931, 11074, 11574, 11803, 11955, 12017, 12390, 12509, 12530, 12837, 12920, 13070, 13341, 14074, 14933, 15173, 15267, 15543, 15572, 16109, 16200, 16226, 16323, 16397, 16914, 17376]",c4.cgn__GCM_ING1
c4.cgn,GNF2_RAB7L1,prerank,0.2510688437824554,0.742548344566455,0.8639175257731959,0.9849417301285416,1.0,10_31,10/31,24.01%,RUNX3;KLRD1;PTGER2;RASSF1;TES;CD247;BTN3A3;BIN2;SUN2;ABHD17A,RUNX3;KLRD1;PTGER2;RASSF1;TES;CD247;BTN3A3;BIN2;SUN2;ABHD17A;PRF1;CYTIP;CTSW;PRKCH;NCR3;GPR65;KLRC3;CCL4;JAK1;KLRF1;GZMH;APOBEC3G;STK10;CYTH1;GNPTAB;NKG7;ARL4C;IL2RB;PTPN4;GZMA;GSAP,"[751, 1325, 1376, 1540, 2308, 2564, 3109, 3511, 3986, 4205, 4709, 5717, 5967, 6300, 6362, 6823, 8137, 9267, 9271, 9681, 9977, 10385, 10692, 10917, 12558, 13309, 13903, 14160, 15244, 16671, 17095]",c4.cgn__GNF2_RAB7L1
c4.cgn,GCM_HDAC1,prerank,0.2603366307430833,0.8051374199523573,0.8091106290672451,0.9861314612829944,1.0,8_37,8/37,17.19%,GPSM3;AIP;LMNB2;SRSF9;HDAC1;DDB2;MEN1;CBFB,GPSM3;AIP;LMNB2;SRSF9;HDAC1;DDB2;MEN1;CBFB;NDUFA12;PRMT1;ANP32B;PSME1;DRAP1;PFN1;NONO;HNRNPM;ARHGEF1;ESD;RPL21;SET;ANXA6;TCEA1;HNRNPL;TIMM17A;ILF2;SRSF3;EIF4B;APEX1;NASP;SLC25A3;SIGMAR1;HNRNPD;SRSF2;NCL;SCAF11;PRKAG1;HMGN1,"[72, 1644, 1800, 1920, 2268, 2302, 2948, 3010, 4418, 4768, 4820, 4930, 5252, 5360, 5890, 5926, 5981, 6955, 7103, 7850, 9127, 9794, 9987, 10170, 10675, 11131, 11807, 12075, 12374, 13514, 14235, 14319, 14385, 14777, 15513, 16705, 16952]",c4.cgn__GCM_HDAC1
c4.cgn,MORF_ERH,prerank,0.19728027541786491,0.7341301925998243,0.9661016949152542,0.9870096481168967,1.0,22_105,22/105,21.62%,HSPD1;HSP90AA1;JTB;CCT3;TRIM28;YY1;UBE2I;SRSF9;UBE2L3;BANF1;HDAC1;DYNLL1;COX7C;STARD7;PRDX1;CSNK2B;PARK7;PSMB1;SOD1;STOML2;TUFM;DDX49,HSPD1;HSP90AA1;JTB;CCT3;TRIM28;YY1;UBE2I;SRSF9;UBE2L3;BANF1;HDAC1;DYNLL1;COX7C;STARD7;PRDX1;CSNK2B;PARK7;PSMB1;SOD1;STOML2;TUFM;DDX49;SNRPB;UQCRH;NDUFA1;SNRPD2;PRMT1;COX5B;COX4I1;HAX1;SRP14;CCT7;RNPS1;COX6A1;CYC1;KXD1;NONO;RALY;CCT2;PSMB4;PCNA;HNRNPUL1;COX6B1;SNRPG;PSMB3;NEDD8;NDUFA2;SUMO3;EIF4A1;DEK;NDUFS3;POLR2I;PSMB7;UQCRB;SUMO2;PSMA4;SET;UQCRFS1;NDUFAB1;PSMC1;ERH;PSMA2;PSMD8;PUF60;RHEB;RAN;COPS5;SRP9;C1QBP;STRAP;CNBP;PHB2;SNRPE;DRG1;SNRPB2;EEF1E1;U2AF1;EIF3K;HPRT1;HNRNPC;SRSF3;NME1;CBX3;XRCC6;UBA2;COX7B;CALM2;MDH1;EIF3C;GANAB;SLC25A3;CDC123;UTP18;YWHAB;POLR2G;BZW1;YWHAZ;NCL;GDI2;ACLY;ACP1;PDCD6;EIF4H;YWHAQ;HMGN1,"[682, 876, 880, 1222, 1635, 1746, 1857, 1920, 2076, 2209, 2268, 2497, 2712, 2743, 2756, 2962, 3030, 3303, 3398, 3648, 3698, 3787, 4167, 4384, 4429, 4575, 4768, 4769, 4836, 4867, 4885, 5096, 5271, 5419, 5661, 5883, 5890, 5946, 6142, 6246, 6282, 6288, 6303, 6491, 6562, 6619, 6766, 7026, 7033, 7046, 7168, 7194, 7404, 7480, 7732, 7762, 7850, 7978, 8115, 8434, 8550, 8576, 8583, 8815, 8835, 8903, 9312, 9423, 9551, 9939, 10132, 10159, 10370, 10437, 10569, 10644, 10811, 10852, 11035, 11073, 11131, 11144, 11297, 11348, 11381, 11850, 12311, 12589, 13078, 13207, 13514, 13599, 13717, 13801, 14055, 14397, 14665, 14777, 15227, 15559, 15957, 16075, 16697, 16842, 16952]",c4.cgn__MORF_ERH
c4.cgn,GNF2_BUB1B,prerank,0.22826626403833794,0.7565642082487573,0.8852813852813853,0.9876534181997153,1.0,8_49,8/49,15.02%,CCNA2;POLD1;PLK1;UBE2C;KIF14;TCP1;GMNN;ESPL1,CCNA2;POLD1;PLK1;UBE2C;KIF14;TCP1;GMNN;ESPL1;ASF1B;MELK;AURKB;TTK;RRM2;SPAG5;CEP55;TOP2A;NCAPD2;HJURP;CDCA8;PCNA;MCM3;KIF20A;ASPM;NDC80;HELLS;FANCI;CENPM;BUB1B;RACGAP1;BUB1;GINS1;CCNB2;AURKA;NUP205;PAICS;LMNB1;HMMR;ZWINT;NASP;MRPL39;KIF11;PA2G4;MCM2;CSE1L;SMC4;RRM1;MCM4;CDC20;TYMS,"[799, 863, 869, 1115, 1170, 2233, 2281, 2630, 3579, 4009, 4224, 4301, 4435, 4980, 4992, 5039, 5630, 5819, 6204, 6282, 7142, 7197, 7490, 8153, 8418, 8465, 8941, 9585, 9612, 9690, 9881, 9950, 10139, 10174, 10291, 10489, 11716, 11796, 12374, 13179, 13279, 13880, 14346, 14844, 15156, 16148, 16190, 16543, 16776]",c4.cgn__GNF2_BUB1B
c4.cgn,MORF_CCNI,prerank,0.20693509991788722,0.7454701494562096,0.9492273730684326,0.9878511713635798,1.0,20_84,20/84,22.58%,HDGF;ATF4;GNB2;JTB;EEF1G;SRSF9;HDAC1;RPL18;RPL14;RPL24;RPLP2;YBX1;WDR1;NACA;RPS27A;RPS6;DDX49;RPS12;RPL7;DPF2,HDGF;ATF4;GNB2;JTB;EEF1G;SRSF9;HDAC1;RPL18;RPL14;RPL24;RPLP2;YBX1;WDR1;NACA;RPS27A;RPS6;DDX49;RPS12;RPL7;DPF2;PCBP2;GNAS;FAU;ANP32B;ERP29;SRP14;RPL5;SNX3;RNPS1;GABARAP;RPL22;BTF3;RPL30;NONO;HNRNPUL1;BRD2;RPL10A;CHD4;RAB8A;NAP1L1;EIF4A1;RPL21;BAZ2A;HINT1;EIF3E;LSM14A;SUMO2;RHOA;PRPF8;USP22;MRPL9;SF3A1;TMEM123;ARPC3;EEF2;EIF4A2;HNRNPK;UCP2;U2AF1;PTP4A2;HNRNPC;EIF3D;CBX3;EIF3H;EIF3F;EIF4B;GNB1;EIF4G2;FAM168B;SLC25A3;CCNI;TAX1BP1;HNRNPD;SRSF2;RSL1D1;DDOST;YWHAZ;DAZAP2;ANAPC5;HNRNPA1;NPM1;ACP1;SRRM1;KHDRBS1,"[318, 381, 746, 880, 1845, 1920, 2268, 2393, 2534, 2693, 2774, 3086, 3199, 3349, 3702, 3757, 3787, 3808, 3887, 3954, 4719, 4729, 4734, 4820, 4884, 4885, 5122, 5248, 5271, 5318, 5460, 5589, 5756, 5890, 6288, 6720, 6728, 6811, 6908, 7021, 7033, 7103, 7234, 7246, 7547, 7611, 7732, 7817, 7992, 8090, 8206, 8267, 8640, 9308, 9332, 10269, 10590, 10606, 10811, 10987, 11073, 11188, 11297, 11375, 11586, 11807, 12079, 12560, 12738, 13514, 13685, 14274, 14319, 14385, 14477, 14615, 14665, 14718, 15267, 15588, 15766, 15957, 16723, 17248]",c4.cgn__MORF_CCNI
c4.cgn,GCM_RAF1,prerank,-0.210329895074376,-0.6556066557329848,0.9610894941634242,0.9898512276664841,1.0,9_39,9/39,22.86%,KHDRBS1;HMGN1;HNRNPA1;HNRNPU;CAPRIN1;HNRNPD;PCM1;FUS;SLC25A3,GPS2;PCBP1;TRIM28;LMNB2;SRSF4;PTGES3;CSNK2B;RAF1;DHPS;MAZ;UBE2D3;PCBP2;PRMT1;DRAP1;NONO;PABPC1;CFL1;EIF4A1;SET;DNAJC7;IDUA;DDX39B;USP7;HNRNPL;TAF9;DR1;ILF2;SF1;DDX5;HNRNPC;SLC25A3;FUS;PCM1;HNRNPD;CAPRIN1;HNRNPU;HNRNPA1;HMGN1;KHDRBS1,"[758, 1366, 1635, 1800, 1916, 2761, 2962, 3033, 3623, 3840, 4427, 4719, 4768, 5252, 5890, 6002, 6939, 7033, 7850, 8324, 8588, 9247, 9680, 9987, 10023, 10243, 10675, 10998, 11020, 11073, 13514, 13643, 13706, 14319, 14425, 15455, 15588, 16952, 17248]",c4.cgn__GCM_RAF1
c4.cgn,MORF_USP5,prerank,0.19560096401151086,0.6395429892839217,0.9839679358717435,0.9904060240381459,1.0,12_47,12/47,21.13%,TXLNA;TFAP4;ELK1;RING1;MTX1;NELFB;CTDNEP1;STARD7;AATF;ILVBL;WDR18;EBP,TXLNA;TFAP4;ELK1;RING1;MTX1;NELFB;CTDNEP1;STARD7;AATF;ILVBL;WDR18;EBP;MRPL28;PSMB6;NAP1L4;TOMM34;NUP188;PSMD3;KXD1;GPAA1;OTUB1;MEA1;EIF6;ESYT1;PSMD2;CS;RPA2;DRG1;ILF2;BMS1;PPP1R11;DNAJC8;USP5;HTATSF1;CALM2;METAP1;POLR2A;MFN2;AGPAT1;XPO6;DDB1;CNP;AFG3L2;PARN;GNL2;PRKAG1;PWP1,"[558, 951, 973, 1978, 2215, 2632, 2698, 2743, 3146, 3181, 3522, 3700, 4262, 4299, 4529, 4660, 4837, 4956, 5883, 6643, 7059, 7695, 8000, 8043, 8522, 9436, 10282, 10437, 10675, 10848, 10997, 11464, 12048, 12287, 12311, 12552, 12851, 13019, 13440, 13847, 14043, 14636, 15046, 15639, 16231, 16705, 17002]",c4.cgn__MORF_USP5
c4.cgn,MORF_DAP,prerank,0.1715750323451737,0.6114836287229717,0.9956896551724138,0.9906970279138805,1.0,9_76,9/76,11.82%,PTOV1;BCAP31;TECR;NDUFS8;GLB1;TRIM28;AP2S1;PPM1G;TRAPPC3,PTOV1;BCAP31;TECR;NDUFS8;GLB1;TRIM28;AP2S1;PPM1G;TRAPPC3;CSNK2B;SF3B2;SEC24C;SOD1;SMARCD2;GPX4;LSS;DHCR7;TMBIM6;KDELR1;ERP29;CLTA;AKR7A2;F8A1;SSR4;PSMD9;DAP;SEC13;PPP2R1A;COPE;MAML1;IDH3G;PPP1CA;HADHB;SUMO1;WBP2;NDUFC1;PSMD8;GGCT;ATP6AP1;DCTN2;VPS26A;COPS5;PRDX3;SREBF1;RAD23B;AP3S1;SMG7;HADHA;RAC1;ARF3;LSM3;GDE1;MPV17;NSDHL;SLC35A1;SYPL1;CALM3;MDH1;ENSA;SKP1;CANX;GANAB;KPNA2;ATP6V1A;ARF4;YWHAB;SDHA;FAM120A;DDOST;VBP1;TMED2;MTDH;PDCD6;UBE4A;PSMB2;NDUFS1,"[193, 1256, 1425, 1492, 1582, 1635, 1749, 1775, 2069, 2962, 3165, 3282, 3398, 3528, 4303, 4326, 4439, 4731, 4746, 4884, 5058, 5253, 5435, 6308, 6409, 6456, 6603, 6695, 6700, 6909, 7002, 7117, 7160, 7337, 7460, 7758, 8583, 8653, 8926, 9173, 9239, 9312, 9353, 9432, 9640, 10281, 10715, 11235, 11471, 11621, 11643, 11708, 11741, 11828, 11863, 12089, 12212, 12589, 12665, 12689, 12788, 13207, 13366, 13379, 13518, 13801, 13860, 14417, 14615, 14758, 15290, 15416, 16075, 16474, 17105, 17390]",c4.cgn__MORF_DAP
c4.cgn,GNF2_BUB1,prerank,-0.2219615839189076,-0.6290758739323505,0.9638095238095238,0.9922642416454268,1.0,7_26,7/26,22.89%,CDC20;MCM4;SMC2;RANBP1;CHAF1B;CDT1;CENPE,PLK1;FOXM1;GMNN;ESPL1;ASF1B;CKS1B;MELK;AURKB;KIF2C;RRM2;SPAG5;CDCA8;KIF20A;ASPM;NDC80;BUB1B;BUB1;CCNB2;HMMR;CENPE;CDT1;CHAF1B;RANBP1;SMC2;MCM4;CDC20,"[869, 1135, 2281, 2630, 3579, 3684, 4009, 4224, 4284, 4435, 4980, 6204, 7197, 7490, 8153, 9585, 9690, 9950, 11716, 13509, 13771, 14111, 14228, 16090, 16190, 16543]",c4.cgn__GNF2_BUB1
c4.cgn,GNF2_RRM2,prerank,0.22046562662562524,0.6923740320518121,0.9361233480176211,0.9922672856355672,1.0,4_38,4/38,6.48%,CCNA2;PLK1;UBE2C;FOXM1,CCNA2;PLK1;UBE2C;FOXM1;GMNN;ESPL1;KIF18B;MELK;AURKB;BIRC5;RRM2;TOP2A;MKI67;NUSAP1;CDCA8;PCNA;MCM3;ASPM;NDC80;CDK1;CENPM;BUB1B;BUB1;CCNB2;AURKA;LMNB1;SMC1A;HMMR;ZWINT;MCM6;CENPF;KIF11;CENPE;MCM2;RRM1;MCM4;CDC20;TYMS,"[799, 869, 1115, 1135, 2281, 2630, 3110, 4009, 4224, 4324, 4435, 5039, 5891, 6066, 6204, 6282, 7142, 7490, 8153, 8376, 8941, 9585, 9690, 9950, 10139, 10489, 11281, 11716, 11796, 12498, 12520, 13279, 13509, 14346, 16148, 16190, 16543, 16776]",c4.cgn__GNF2_RRM2
c4.cgn,MORF_EIF3S6,prerank,0.197229476769417,0.7461960353174718,0.9627192982456141,0.992901501822228,1.0,32_118,32/118,22.19%,HDGF;HSP90AA1;JTB;SNRPA;TKT;EEF1D;EIF3G;SRSF9;HSP90AB1;HDAC1;RPL18;FBL;RPL14;RPL24;CTDNEP1;COX7C;STARD7;RPLP2;IFRD1;RPL6;IST1;PARK7;RPS24;PSMB1;SSR2;NACA;SMARCD2;RPS27A;RPS6;DDX49;RPS12;RPL7,HDGF;HSP90AA1;JTB;SNRPA;TKT;EEF1D;EIF3G;SRSF9;HSP90AB1;HDAC1;RPL18;FBL;RPL14;RPL24;CTDNEP1;COX7C;STARD7;RPLP2;IFRD1;RPL6;IST1;PARK7;RPS24;PSMB1;SSR2;NACA;SMARCD2;RPS27A;RPS6;DDX49;RPS12;RPL7;UQCRH;SF3A2;PCBP2;FAU;COX5B;ANP32B;COX4I1;ERP29;SRP14;CCT7;RPL5;SNX3;RPL22;BTF3;CYC1;RPL30;RAD23A;KXD1;NONO;CCT2;HNRNPUL1;PPP2R1A;RPL10A;RAB8A;NAP1L1;EIF4A1;RPL21;HADHB;UQCRB;EIF3E;NDUFV1;SUMO2;SET;UQCRFS1;MRPL9;RAN;VDAC2;COX7A2L;DDX39B;COPS5;EEF2;SH3BGRL;TCEA1;CNBP;EIF4A2;AP3S1;SNRPE;DRG1;U2AF1;EIF3K;HNRNPC;NDUFS4;SRSF3;EIF3D;HADHA;LYPLA1;CBX3;EIF3H;UBA2;EIF3M;EIF4B;MDH1;SKP1;CANX;PCMT1;SLC25A3;CCNI;RSL1D1;DDOST;YWHAZ;DAZAP2;NCL;TAF11;LETMD1;GDI2;ANAPC5;MTDH;HNRNPA1;NPM1;UQCRC2;ACP1;EIF4H;YWHAQ;HMGN1;RBMX;KHDRBS1,"[318, 876, 880, 1030, 1182, 1270, 1588, 1920, 1985, 2268, 2393, 2514, 2534, 2693, 2698, 2712, 2743, 2774, 2802, 2812, 2898, 3030, 3103, 3303, 3305, 3349, 3528, 3702, 3757, 3787, 3808, 3887, 4384, 4540, 4719, 4734, 4769, 4820, 4836, 4884, 4885, 5096, 5122, 5248, 5460, 5589, 5661, 5756, 5797, 5883, 5890, 6142, 6288, 6695, 6728, 6908, 7021, 7033, 7103, 7160, 7480, 7547, 7591, 7732, 7850, 7978, 8206, 8903, 8987, 9100, 9247, 9312, 9332, 9791, 9794, 10132, 10269, 10281, 10370, 10437, 10811, 10852, 11073, 11106, 11131, 11188, 11235, 11250, 11297, 11375, 11381, 11654, 11807, 12589, 12689, 12788, 12872, 13514, 13685, 14477, 14615, 14665, 14718, 14777, 15147, 15196, 15227, 15267, 15416, 15588, 15766, 15798, 15957, 16697, 16842, 16952, 17199, 17248]",c4.cgn__MORF_EIF3S6
c4.cgn,MORF_PSMC1,prerank,0.17430898910753456,0.7005919676540409,0.9979381443298969,0.9934251305550406,1.0,34_176,34/176,21.05%,POLR2H;PPP4C;HSP90AA1;JTB;BCAP31;EEF1D;TECR;PSMC5;YY1;AP2S1;ATP6V0E1;EIF3B;BANF1;HNRNPAB;TMEM147;RPL36AL;RAE1;IST1;RPP38;MAEA;VPS72;COX17;ADRM1;SF3B2;AKT1;PSMB1;SSR2;SOD1;CFDP1;TSR3;SMARCD2;NME2;STOML2;SETD3,POLR2H;PPP4C;HSP90AA1;JTB;BCAP31;EEF1D;TECR;PSMC5;YY1;AP2S1;ATP6V0E1;EIF3B;BANF1;HNRNPAB;TMEM147;RPL36AL;RAE1;IST1;RPP38;MAEA;VPS72;COX17;ADRM1;SF3B2;AKT1;PSMB1;SSR2;SOD1;CFDP1;TSR3;SMARCD2;NME2;STOML2;SETD3;CTCF;PAF1;LSS;NDUFA1;RBM42;SSNA1;UBA1;TMBIM6;PRMT1;ARHGDIA;ANP32B;COX4I1;CLTA;CCT7;PSMB5;COX6A1;STX16;CYC1;EEF1A2;AP2M1;HSD17B10;CDIPT;CCT2;CAPNS1;PSMB4;HNRNPUL1;COX6B1;TM9SF1;RBM4;COX5A;PSMD9;SNRPG;COX7A2;SEC13;NEDD8;CLEC18C;PPP2R1A;NDUFA2;RAD21;MRPS11;PSMC3;SUMO3;PPP1CA;NDUFS3;VCP;SUMO1;MORF4L2;UQCRB;BUD31;SIVA1;ARF5;LAMTOR5;TMED10;MBTPS1;PSMA4;VTI1B;NDUFAB1;ATOX1;MRPL9;DNPEP;PSMC1;ETFA;EIF5;ERH;PSMA2;PSMD8;GGCT;URI1;PUF60;PPP1R7;MAD2L1BP;RAN;COX7A2L;NDUFB1;PSMD7;DCTN2;PSMC4;ATIC;COPS5;SRP9;HSBP1;URM1;GABARAPL2;UBR5;COMMD4;RNF6;TMEM183A;RAD23B;CNBP;SAP18;RER1;COIL;EIF4E2;SNRPE;DRG1;CDK7;SMG7;ADAR;FUBP1;CBX3;DPM1;PSMC6;ARF3;LSM3;HARS2;SYPL1;SEPHS2;ENSA;SKP1;SRP19;CANX;GMFB;YWHAE;ATP6V1E1;EIF3C;PITRM1;KPNA2;VPS52;TBCA;CDC123;ZC3H14;UTP18;YWHAB;GLOD4;POLR2G;BAG5;FAM20B;CALM1;SPTLC1;TMED2;MTDH;RAB5A;PDCD6;PSMC2;TDG;UBE4A;PPP6C;MBD4;PSMA3;HMGN1;COX11;NDUFS1,"[134, 423, 876, 880, 1256, 1270, 1425, 1517, 1746, 1749, 1810, 2149, 2209, 2299, 2360, 2623, 2890, 2898, 2901, 2909, 2933, 2992, 3132, 3165, 3267, 3303, 3305, 3398, 3420, 3485, 3528, 3600, 3648, 3687, 4074, 4247, 4326, 4429, 4517, 4628, 4716, 4731, 4768, 4816, 4820, 4836, 5058, 5096, 5338, 5419, 5441, 5661, 5848, 5915, 6026, 6097, 6142, 6148, 6246, 6288, 6303, 6363, 6387, 6389, 6409, 6491, 6515, 6603, 6619, 6675, 6695, 6766, 6793, 6855, 6885, 7026, 7117, 7168, 7245, 7337, 7391, 7480, 7503, 7692, 7702, 7709, 7736, 7745, 7762, 7882, 8115, 8143, 8206, 8312, 8434, 8467, 8533, 8550, 8576, 8583, 8653, 8694, 8815, 8862, 8864, 8903, 9100, 9143, 9152, 9173, 9276, 9278, 9312, 9423, 9489, 9506, 9518, 9528, 9556, 9586, 9637, 9640, 10132, 10222, 10239, 10256, 10288, 10370, 10437, 10485, 10715, 10871, 11276, 11297, 11388, 11615, 11621, 11643, 11994, 12089, 12151, 12665, 12689, 12777, 12788, 12898, 12907, 13063, 13078, 13280, 13366, 13389, 13459, 13599, 13607, 13717, 13801, 13863, 14055, 14353, 14668, 14779, 14836, 15290, 15416, 15603, 16075, 16078, 16308, 16474, 16622, 16724, 16801, 16952, 17219, 17390]",c4.cgn__MORF_PSMC1
c4.cgn,MORF_SNRP70,prerank,0.19157514593273725,0.6417262992907512,0.9880715705765407,0.9953124814364191,1.0,6_60,6/60,10.61%,PTBP1;ATF4;CSK;NXF1;CTBP1;UBE2I,PTBP1;ATF4;CSK;NXF1;CTBP1;UBE2I;SAFB;WDR1;NACA;SNRNP70;DDX49;CNPPD1;SRP14;DIAPH1;SRF;RNPS1;RPL22;KXD1;ADD1;HNRNPUL1;DHX38;PSMA1;LSM14A;SUMO2;RHOA;PRPF8;RNF44;ZFPL1;DDX39B;SUGP2;RXRB;BRD8;EIF4A2;HNRNPK;U2AF1;PTP4A2;DDX17;EIF3D;DNAJC8;EFCAB14;TACC1;EIF4G2;ZFC3H1;PHIP;FAM168B;ARPC2;SNW1;RBM5;CAPZA1;HNRNPD;SRSF2;RABGGTB;NCL;ANAPC5;DGKD;ZNF337;ACP1;XRCC5;PPIE;API5,"[179, 381, 829, 1036, 1410, 1857, 2532, 3199, 3349, 3756, 3787, 4405, 4885, 5025, 5159, 5271, 5460, 5883, 5928, 6288, 6533, 6584, 7611, 7732, 7817, 7992, 8027, 8429, 9247, 9588, 9818, 10025, 10269, 10590, 10811, 10987, 11153, 11188, 11464, 11721, 12441, 12560, 12592, 12727, 12738, 13091, 13833, 13849, 14203, 14319, 14385, 14514, 14777, 15267, 15436, 15889, 15957, 16129, 16307, 16597]",c4.cgn__MORF_SNRP70
c4.cgn,GNF2_MYL3,prerank,0.22773657787919382,0.67365599181898,0.9419354838709677,0.9958239520617587,1.0,6_27,6/27,19.27%,AK1;COX6A2;MYH7;TNNC1;MYL3;MYL7,AK1;COX6A2;MYH7;TNNC1;MYL3;MYL7;PTP4A3;SLC4A3;TNNT2;COX7A1;NPPA;FHL2;MYH6;NMRK2;MYBPC3;CKMT2;POPDC2;FABP3;TNNI3;HRC;MYOZ2;HSPB7;SGCA;ACTC1;CASQ2;DES;SYNPO2L,"[305, 2434, 2695, 3173, 3253, 3374, 4879, 5491, 5671, 6873, 8110, 8535, 8823, 9052, 9128, 9468, 10368, 10707, 11027, 11419, 11709, 11846, 13343, 14935, 15353, 15563, 16277]",c4.cgn__GNF2_MYL3
c4.cgn,MORF_BECN1,prerank,0.17919485348179212,0.6538096376135385,0.9956989247311828,0.9974321454597591,1.0,25_98,25/98,23.15%,PHF21A;DEDD;STK19;RASSF7;RABAC1;KLC1;SRRT;CASC3;SDR39U1;B4GALT3;MTX1;NELFB;RPLP2;PRKCSH;CSNK1D;PLIN3;RABGGTA;LASP1;UBC;MYH9;MAN2C1;SUN2;ATP6V0B;SH2B1;TMSB10,PHF21A;DEDD;STK19;RASSF7;RABAC1;KLC1;SRRT;CASC3;SDR39U1;B4GALT3;MTX1;NELFB;RPLP2;PRKCSH;CSNK1D;PLIN3;RABGGTA;LASP1;UBC;MYH9;MAN2C1;SUN2;ATP6V0B;SH2B1;TMSB10;NAP1L4;ARL2BP;NUDT3;PPP2R5A;ANXA11;NUBP1;ERCC1;SEC61B;ATP6V1F;RPN2;ATG9A;DCTN3;ARHGEF1;SMAD2;MORC3;TIAL1;BAG1;TUBGCP2;SUMO2;TBCB;YWHAH;CAPZB;CYB5R3;DNAJC7;UBN1;JAK1;NT5C2;CNOT2;PGK1;TAF9;BRD8;MKRN1;NSL1;HNRNPK;ILF2;SPRN;BRD3;RAB1A;EAPP;DNAJC8;TBCC;CHUK;CAPZA2;CALM2;DENND4A;TMEM59;MCM3AP;C1D;PPP2CA;TP53BP1;SMC5;POLR2A;TERF2IP;SFSWAP;IK;ZC3H15;PRKRA;ZNHIT3;KRAS;BECN1;DDB1;CAPZA1;DNAJC13;HNRNPH2;CUL4B;SERINC1;PARN;TPR;OXA1L;CTNNB1;FRG1;PRKAG1;RBM3,"[371, 464, 920, 1015, 1038, 1562, 1571, 1613, 2011, 2151, 2215, 2632, 2774, 3248, 3453, 3518, 3535, 3541, 3543, 3551, 3984, 3986, 4000, 4052, 4055, 4529, 4694, 4736, 4755, 5046, 5177, 5200, 5404, 5476, 5693, 5732, 5735, 5981, 6205, 6912, 6913, 7180, 7298, 7732, 7767, 7832, 8009, 8124, 8324, 8521, 9271, 9736, 9858, 9922, 10023, 10025, 10100, 10185, 10590, 10675, 10741, 10940, 10946, 11358, 11464, 11561, 12017, 12037, 12311, 12390, 12410, 12415, 12608, 12732, 12764, 12798, 12851, 13023, 13427, 13457, 13537, 13697, 13710, 13814, 14024, 14043, 14203, 14223, 14566, 15024, 15583, 15639, 15832, 15959, 16018, 16201, 16705, 17249]",c4.cgn__MORF_BECN1
c4.cgn,GCM_DDX11,prerank,0.2183174674158991,0.7009757884499699,0.9447852760736196,0.9989298778600759,1.0,4_41,4/41,8.44%,PRKD2;SMG5;SCAMP2;WDR5,PRKD2;SMG5;SCAMP2;WDR5;TADA2B;URGCP;TUT1;GIGYF1;CNPPD1;DNAJC4;STAT5B;RTBDN;CASP2;SEMA4F;AP2A1;DDX11;COQ10A;GFM2;ITIH1;GGT7;TEX261;DHX37;SEC24A;RRP9;COL11A2;ACAD11;KPNA6;MEF2D;DENND4A;VPS53;S100PBP;MKS1;RMND5B;USP6;COPS7A;GLYCTK;COMMD2;DBNL;SIN3A;THRAP3;ADD2,"[224, 767, 1423, 1478, 2187, 3194, 3809, 4070, 4405, 4641, 5095, 5611, 6081, 6141, 6922, 7565, 7905, 8200, 8394, 8457, 9412, 9517, 9979, 10037, 10300, 11304, 11451, 12103, 12390, 12509, 12530, 12780, 13070, 13227, 13328, 13491, 13983, 15173, 15543, 16408, 16769]",c4.cgn__GCM_DDX11
c4.cgn,GCM_AQP4,prerank,-0.15377807167381333,-0.4905993342281312,1.0,0.999326118665183,1.0,15_43,15/43,34.39%,RNF141;SCD5;TMOD2;EPB41L2;ARHGAP21;RAPH1;ARNT2;ANKFY1;ZNF404;DAAM2;TACC1;PDE8B;DNER;SLC4A4;DYNC1LI2,LRP4;SAMD4A;PDE4DIP;CDC42EP4;PSAT1;AQP4;TMEM47;IL17D;LRIG1;DTNA;AGT;TTYH1;BBS2;NLGN2;HIPK2;PREX1;GPRC5B;IMPA1;NDRG2;OGFRL1;C1orf198;TTYH2;SRI;RDX;QKI;AHCYL1;FMNL2;GPM6B;DYNC1LI2;SLC4A4;DNER;PDE8B;TACC1;DAAM2;ZNF404;ANKFY1;ARNT2;RAPH1;ARHGAP21;EPB41L2;TMOD2;SCD5;RNF141,"[661, 952, 1760, 2579, 3159, 3526, 3874, 4138, 5218, 5512, 5734, 5741, 5842, 6322, 6403, 6884, 7106, 7169, 7185, 7549, 7740, 9244, 9322, 9853, 10020, 10453, 10502, 11057, 11494, 11524, 11766, 12347, 12441, 12746, 13117, 13225, 13340, 13555, 13577, 14689, 15584, 15728, 16437]",c4.cgn__GCM_AQP4
c4.cgn,MORF_DAP3,prerank,0.17598244853176923,0.7071888740892577,0.9956331877729258,1.0,1.0,38_184,38/184,21.13%,POLR2H;IMPDH1;HSPD1;JTB;MRPL23;SNRPA;CCT3;CTBP1;XPO1;EIF2B5;RUVBL2;UBE2I;SRSF9;HSP90AB1;SDR39U1;TRAPPC3;UBE2L3;BANF1;HNRNPAB;SMNDC1;TMEM147;DYNLL1;NELFB;CTDNEP1;COX7C;STARD7;COPS6;SERP1;CSNK2B;PARK7;AATF;PSMB1;SSR2;STOML2;EIF2B4;SETD3;TUFM;EBP,POLR2H;IMPDH1;HSPD1;JTB;MRPL23;SNRPA;CCT3;CTBP1;XPO1;EIF2B5;RUVBL2;UBE2I;SRSF9;HSP90AB1;SDR39U1;TRAPPC3;UBE2L3;BANF1;HNRNPAB;SMNDC1;TMEM147;DYNLL1;NELFB;CTDNEP1;COX7C;STARD7;COPS6;SERP1;CSNK2B;PARK7;AATF;PSMB1;SSR2;STOML2;EIF2B4;SETD3;TUFM;EBP;DDX49;SNRPB;EIF3I;PSMB6;UQCRH;NAP1L4;POP5;UBA1;COX5B;PDAP1;COX4I1;NUP188;HAX1;SRP14;ALG3;CCT7;DGUOK;LSM2;SEC61B;COX6A1;ATP6V1F;CYC1;RPN2;KXD1;NONO;AP2M1;RALY;CCT2;PIN1;PSMB4;HNRNPUL1;COX6B1;PSMB3;BAG6;GPAA1;PIGC;PPP2R1A;TIAL1;DEK;IDH3B;BUB3;HNRNPA2B1;HADHB;NDUFS3;POLR2I;SUMO1;VGLL4;PSMB7;UQCRB;NDUFV1;SUMO2;TBCB;SET;HSPA8;EIF6;CAPZB;COX8A;MRPL9;SPCS2;DNPEP;PSMD2;PSMD8;NCBP2;SMARCC2;PUF60;RHEB;PPP1R7;RAN;VDAC2;COX7A2L;DDT;DDX39B;COPS5;GPN1;SRP9;CS;FIBP;TCEA1;PGK1;BRD8;CNBP;PHB2;EIF4A2;FDPS;SP3;SNRPE;DRG1;AHCYL1;HUWE1;ILF2;FBXW11;EIF3K;ARPC5;BRD3;PPP1R11;HNRNPC;SNRNP200;LYPLA1;CBX3;DNAJC8;EIF3M;ARFGAP2;RPP40;COX7B;CLNS1A;CALM2;METAP1;NDUFB5;PUM2;MDH1;CANX;GANAB;IK;SLC25A3;ZC3H15;ZNHIT3;YWHAB;SLC25A5;SDHA;DDB1;CAPZA1;FAM120A;DDOST;YWHAZ;NCL;AFG3L2;DAP3;NIPSNAP1;ZNF146;GDI2;ANAPC5;EIF1AX;XPO7;ACLY;TBL3;ATXN10;PDHB;OXA1L;XRCC5;PRKAR1A;PRKAG1;YWHAQ;SLC30A9;PSMB2;KHDRBS1;LRPPRC,"[134, 434, 682, 880, 987, 1030, 1222, 1410, 1469, 1685, 1716, 1857, 1920, 1985, 2011, 2069, 2076, 2209, 2299, 2319, 2360, 2497, 2632, 2698, 2712, 2743, 2781, 2908, 2962, 3030, 3146, 3303, 3305, 3648, 3656, 3687, 3698, 3700, 3787, 4167, 4270, 4299, 4384, 4529, 4706, 4716, 4769, 4796, 4836, 4837, 4867, 4885, 4951, 5096, 5189, 5400, 5404, 5419, 5476, 5661, 5693, 5883, 5890, 5915, 5946, 6142, 6165, 6246, 6288, 6303, 6562, 6613, 6643, 6649, 6695, 6913, 7046, 7055, 7131, 7153, 7160, 7168, 7194, 7337, 7380, 7404, 7480, 7591, 7732, 7767, 7850, 7879, 8000, 8009, 8139, 8206, 8291, 8312, 8522, 8583, 8656, 8662, 8815, 8835, 8862, 8903, 8987, 9100, 9110, 9247, 9312, 9389, 9423, 9436, 9475, 9794, 9922, 10025, 10132, 10159, 10269, 10275, 10351, 10370, 10437, 10453, 10571, 10675, 10709, 10852, 10877, 10940, 10997, 11073, 11123, 11250, 11297, 11464, 11654, 11662, 11668, 11850, 12106, 12311, 12552, 12563, 12575, 12589, 12788, 13207, 13457, 13514, 13537, 13710, 13801, 13855, 13860, 14043, 14203, 14417, 14615, 14665, 14777, 15046, 15084, 15161, 15175, 15227, 15267, 15362, 15424, 15559, 15595, 15760, 15926, 15959, 16129, 16685, 16705, 16842, 17021, 17105, 17248, 17309]",c4.cgn__MORF_DAP3
