TermCollection,Term,name,es,nes,pval,fdr,fwerp,leadhits_total,tag %,gene %,lead_genes,matched_genes,hits,TermCollection_Term
c2.cp.wikipathways,WP_TYROBP_CAUSAL_NETWORK_IN_MICROGLIA,prerank,0.6981414915655074,2.360601353082938,0.0,0.0,0.0,34_58,34/58,18.96%,CD4;TCIRG1;HCLS1;HLX;PPP1R18;CD37;IL18;TNFRSF1B;RUNX3;C1QC;TYROBP;ITGB2;RBM47;CXCL16;MAF;RNASE6;C3;GPX1;ZFP36L2;ELF4;ITGAM;LHFPL2;SLC1A5;SLC7A7;GIMAP2;LYL1;IL10RA;CAPG;PYCARD;NPC2;CD84;PLEK;GAPT;APBB1IP,CD4;TCIRG1;HCLS1;HLX;PPP1R18;CD37;IL18;TNFRSF1B;RUNX3;C1QC;TYROBP;ITGB2;RBM47;CXCL16;MAF;RNASE6;C3;GPX1;ZFP36L2;ELF4;ITGAM;LHFPL2;SLC1A5;SLC7A7;GIMAP2;LYL1;IL10RA;CAPG;PYCARD;NPC2;CD84;PLEK;GAPT;APBB1IP;BIN2;IL13RA1;STAT5A;ITGAX;GAL3ST4;ABCC4;NCF2;NCKAP1L;RGS1;RPS6KA1;SAMSN1;TMEM106A;TGFBR1;CYTL1;SH2B3;SPP1;IGSF6;ADAP2;LOXL3;CREB3L2;KCNE3;SFT2D2;DPYD;FKBP15,"[204, 208, 286, 337, 340, 617, 662, 720, 751, 771, 865, 902, 921, 983, 1021, 1044, 1102, 1260, 1465, 1471, 1487, 1607, 1927, 1979, 2018, 2171, 2448, 2484, 3056, 3069, 3150, 3296, 3311, 3320, 3511, 3851, 4109, 4130, 4269, 4382, 4720, 4799, 4861, 5141, 5279, 5334, 5624, 6137, 6169, 6253, 6339, 6457, 6824, 7542, 7931, 8750, 12366, 13060]",c2.cp.wikipathways__WP_TYROBP_CAUSAL_NETWORK_IN_MICROGLIA
c2.cp.wikipathways,WP_APOPTOSIS_MODULATION_AND_SIGNALING,prerank,0.6185696295706704,2.2388628877369685,0.0,0.0,0.0,35_83,35/83,16.50%,HSPA1A;BAG3;TNFRSF10D;CASP7;NFKBIA;IL1R2;TNFRSF1A;CASP4;TNFRSF10B;DAXX;TNFRSF10A;CASP1;TNFRSF1B;BID;BCL2L1;MAPK3;BCL2;MCL1;BAX;BIRC3;FADD;TNFRSF10C;BMF;AIFM2;CASP6;IKBKB;IRAK1;BAD;TNFRSF25;PRKD1;RIPK1;JUN;NFKB1;BCL2A1;FOS,HSPA1A;BAG3;TNFRSF10D;CASP7;NFKBIA;IL1R2;TNFRSF1A;CASP4;TNFRSF10B;DAXX;TNFRSF10A;CASP1;TNFRSF1B;BID;BCL2L1;MAPK3;BCL2;MCL1;BAX;BIRC3;FADD;TNFRSF10C;BMF;AIFM2;CASP6;IKBKB;IRAK1;BAD;TNFRSF25;PRKD1;RIPK1;JUN;NFKB1;BCL2A1;FOS;CASP10;PMAIP1;CDKN2A;BCL2L10;BCL2L11;BBC3;PEA15;TRADD;BIRC7;MYD88;BIRC5;MAP3K5;BOK;PTRH2;IL1R1;DFFB;BIK;CASP2;CAPNS1;BIRC2;CASP9;HTRA2;CFLAR;TOLLIP;DFFA;TRAF3;TP53;BAK1;ENDOG;FAS;CRADD;CASP8;PTPN13;MADD;NAIP;XIAP;HRK;CYCS;TRAF6;BNIP3;AIFM1;CASP3;BLK;APAF1;TNFSF10;BCL2L2;MAPK8;DIABLO,"[2, 24, 48, 112, 132, 148, 390, 515, 539, 554, 591, 645, 720, 779, 1087, 1114, 1238, 1483, 1799, 1994, 2019, 2135, 2180, 2207, 2212, 2341, 2376, 2388, 2404, 2628, 2701, 2824, 2835, 2841, 2889, 3306, 3544, 3605, 3669, 3812, 3816, 3824, 4084, 4089, 4132, 4324, 4419, 4634, 4959, 5151, 5280, 5375, 6081, 6148, 6219, 6429, 6990, 7112, 7236, 7631, 7749, 8693, 8735, 8993, 9493, 9669, 10378, 10575, 10705, 10862, 11034, 11201, 11932, 11998, 12352, 12943, 12945, 13357, 13773, 13874, 14527, 16304, 16448]",c2.cp.wikipathways__WP_APOPTOSIS_MODULATION_AND_SIGNALING
c2.cp.wikipathways,WP_NUCLEOTIDEBINDING_OLIGOMERIZATION_DOMAIN_NOD_PATHWAY,prerank,0.6852297554053829,2.173194861044107,0.0,0.0,0.0,23_38,23/38,23.16%,CARD9;RELA;CASP7;NFKBIA;CASP1;IL18;HSP90AA1;MEFV;NLRP4;NOD2;NDUFA13;CARD6;SUGT1;IKBKB;COPS6;PYCARD;NOD1;DUOX2;CASP5;CARD8;AAMP;NLRP1;RIPK2,CARD9;RELA;CASP7;NFKBIA;CASP1;IL18;HSP90AA1;MEFV;NLRP4;NOD2;NDUFA13;CARD6;SUGT1;IKBKB;COPS6;PYCARD;NOD1;DUOX2;CASP5;CARD8;AAMP;NLRP1;RIPK2;NLRP12;IL1B;NLRP2;AIM2;NLRC4;CASP9;ACAP1;IKBKG;NLRP3;CASP8;PRDM1;NAIP;XIAP;RAC1;CHUK,"[16, 68, 112, 132, 645, 662, 876, 1190, 1202, 1266, 1357, 1779, 1946, 2341, 2781, 3056, 3101, 3366, 3624, 3717, 3845, 3955, 4056, 4356, 4629, 5443, 5965, 6231, 6429, 7079, 7584, 9658, 10378, 10431, 10862, 11034, 11471, 12017]",c2.cp.wikipathways__WP_NUCLEOTIDEBINDING_OLIGOMERIZATION_DOMAIN_NOD_PATHWAY
c2.cp.wikipathways,WP_PROSTAGLANDIN_SIGNALING,prerank,0.7289538829861038,2.1857839651183992,0.0,0.0,0.0,13_28,13/28,12.11%,MMP9;CSF1;IRF7;TGFB1;CASP1;KLRD1;PTGER2;VEGFA;CXCL1;CCL2;CXCL9;CCR2;IL6,MMP9;CSF1;IRF7;TGFB1;CASP1;KLRD1;PTGER2;VEGFA;CXCL1;CCL2;CXCL9;CCR2;IL6;NFKB1;PYCARD;TNF;CXCL10;IL1B;PIK3CG;PTGES;CCL3;IFNA1;AHR;NLRP3;CD28;PTGER4;IL12A;IL1A,"[27, 137, 161, 386, 645, 1325, 1376, 1439, 1774, 1826, 2028, 2082, 2121, 2835, 3056, 3515, 3676, 4629, 6453, 6773, 7600, 9040, 9293, 9658, 9793, 10354, 10432, 12614]",c2.cp.wikipathways__WP_PROSTAGLANDIN_SIGNALING
c2.cp.wikipathways,WP_CYTOKINECYTOKINE_RECEPTOR_INTERACTION,prerank,0.5548589758692022,2.273070071553985,0.0,0.0,0.0,64_194,64/194,13.98%,IL17RB;EPOR;CXCR4;CSF1;IL1R2;IFNA2;IL2RG;CXCL6;TNFSF14;PPBP;TNFRSF4;TGFB1;TNFRSF1A;IL4R;IL15RA;TNFRSF12A;TNFRSF10B;TNFRSF10A;CXCR1;LTA;LTBR;IL18;TNFRSF11B;CXCR2;TNFRSF1B;BMP4;CLCF1;BMP5;CXCL16;INHBB;GDF15;IFNGR2;CSF3R;LIF;TGFB2;TNFSF12;CNTFR;IL10RB;CSF1R;CXCL11;CCL20;ACVRL1;IL27RA;IL27;CXCL1;CSF3;CD40;CCL2;TGFB3;EDA;IL6R;CXCL9;BMP7;CCR2;IL6;TNFRSF10C;TPO;IL7R;CXCL3;IL1RN;IL9;CCL26;TNFRSF25;IL10RA,IL17RB;EPOR;CXCR4;CSF1;IL1R2;IFNA2;IL2RG;CXCL6;TNFSF14;PPBP;TNFRSF4;TGFB1;TNFRSF1A;IL4R;IL15RA;TNFRSF12A;TNFRSF10B;TNFRSF10A;CXCR1;LTA;LTBR;IL18;TNFRSF11B;CXCR2;TNFRSF1B;BMP4;CLCF1;BMP5;CXCL16;INHBB;GDF15;IFNGR2;CSF3R;LIF;TGFB2;TNFSF12;CNTFR;IL10RB;CSF1R;CXCL11;CCL20;ACVRL1;IL27RA;IL27;CXCL1;CSF3;CD40;CCL2;TGFB3;EDA;IL6R;CXCL9;BMP7;CCR2;IL6;TNFRSF10C;TPO;IL7R;CXCL3;IL1RN;IL9;CCL26;TNFRSF25;IL10RA;BMP6;TGFBR2;INHBE;NGF;GDF11;IL18R1;AMH;IL17RC;CCR1;TNF;TNFSF13B;IFNL3;GDF10;CXCL10;TNFRSF14;CCL22;IL34;IL11RA;IL13RA1;IL23A;CXCL5;IL18RAP;IL21R;IL17B;BMPR1B;IL17D;CCR5;IL15;MSTN;IL1RL1;ANP32B;TNFSF9;NGFR;IL17RA;IL1R1;CXCL13;IL6ST;CCL25;CXCL2;IFNGR1;TNFRSF17;TGFBR1;LEPR;CCR9;NFIC;IL20RA;IL20RB;TNFRSF19;LTB;CCL5;BMPR1A;LIFR;IL10;TNFRSF18;GDF6;CCR10;XCL1;GHR;CX3CR1;CCL3;CCL4L2;IL22RA1;CSF2RB;CX3CL1;GDF5;IL11;PF4;ACVR1B;RELT;IL13;IL4;TNFSF4;BMP8B;EDA2R;CXCR6;IL24;CCL28;CCL4;CXCL14;CD70;FAS;EPO;BMP3;IFNAR2;IFNW1;CNTF;BMPR2;INHBC;ACVR2A;TSLP;IL17C;IL1RL2;CCR7;TNFRSF13C;IFNLR1;IFNAR1;CD27;CCL8;IFNL1;IL36G;INHA;TNFRSF11A;GDF7;IL25;GDF9;IL12RB1;CCL1;EDAR;IL1A;ACVR1;PRLR;IL33;IL1RAP;NODAL;CCR6;IL12RB2;TNFSF10;IL5RA;TNFRSF21;IL2RB;IL7;TNFRSF8;CXCL12;IL5;CCL19;ACVR1C;INHBA;IL13RA2;MPL;ACVR2B,"[34, 45, 77, 137, 148, 178, 180, 232, 291, 294, 373, 386, 390, 462, 491, 503, 539, 591, 599, 631, 640, 662, 664, 680, 720, 730, 750, 925, 983, 1020, 1105, 1147, 1164, 1188, 1191, 1308, 1386, 1462, 1549, 1566, 1617, 1627, 1657, 1736, 1774, 1776, 1795, 1826, 1861, 1963, 2017, 2028, 2039, 2082, 2121, 2135, 2192, 2230, 2258, 2260, 2276, 2380, 2404, 2448, 2547, 2773, 2822, 3051, 3076, 3123, 3211, 3234, 3341, 3515, 3536, 3560, 3659, 3676, 3763, 3794, 3805, 3842, 3851, 3864, 3891, 3895, 3990, 4039, 4114, 4138, 4246, 4728, 4756, 4810, 4820, 4887, 4970, 5027, 5151, 5314, 5448, 5547, 5578, 5613, 5623, 5624, 5645, 5772, 5825, 5945, 6035, 6177, 6278, 6365, 6579, 6831, 6941, 6954, 7066, 7090, 7121, 7202, 7588, 7600, 7660, 7668, 7860, 7950, 7956, 8041, 8058, 8084, 8099, 8159, 8442, 8620, 8796, 8894, 8931, 9230, 9263, 9267, 9270, 9283, 9493, 9692, 9778, 9792, 9795, 9983, 10005, 10017, 10101, 10214, 10343, 10345, 10347, 10364, 10462, 10611, 10630, 10836, 10977, 11347, 11372, 11457, 11771, 12112, 12163, 12365, 12414, 12495, 12614, 12679, 12867, 13145, 13453, 13579, 13588, 13865, 13874, 13885, 14131, 14160, 14894, 15094, 15207, 15390, 15722, 15998, 16208, 16321, 16653, 16673]",c2.cp.wikipathways__WP_CYTOKINECYTOKINE_RECEPTOR_INTERACTION
c2.cp.wikipathways,WP_TRANSCRIPTIONAL_REGULATION_OF_MEMORY_B_CELL_DIFFERENTIATION,prerank,0.6965724958062732,2.2730512654077493,0.0,0.0,0.0,27_45,27/45,21.55%,TLR5;MEF2B;CCND3;IL4R;BCL6;TCF3;TLR2;TLR8;SPI1;BCL2L1;IRF8;MYC;SYK;ID3;TLR9;SPIB;CDKN1A;CD40;IL6;STAT6;NFKB1;TLR7;STAT3;CD79B;TLR4;CDKN2A;TLR6,TLR5;MEF2B;CCND3;IL4R;BCL6;TCF3;TLR2;TLR8;SPI1;BCL2L1;IRF8;MYC;SYK;ID3;TLR9;SPIB;CDKN1A;CD40;IL6;STAT6;NFKB1;TLR7;STAT3;CD79B;TLR4;CDKN2A;TLR6;IL21R;CD79A;POU2F2;LYN;BCR;CDKN1B;E2F1;TLR10;TLR1;IRF4;TLR3;EZH2;TCF4;ICOSLG;TNFRSF13C;MEF2C;CCND2;POU2AF1,"[95, 121, 223, 462, 489, 734, 745, 783, 942, 1087, 1129, 1232, 1267, 1413, 1414, 1660, 1714, 1795, 2121, 2644, 2835, 2886, 3143, 3339, 3516, 3605, 3775, 3990, 4455, 6013, 6930, 7004, 7452, 7793, 7816, 8679, 8729, 9420, 9837, 9842, 10255, 10364, 12683, 12887, 13732]",c2.cp.wikipathways__WP_TRANSCRIPTIONAL_REGULATION_OF_MEMORY_B_CELL_DIFFERENTIATION
c2.cp.wikipathways,WP_IL4_SIGNALING,prerank,0.6376837801515447,2.16573911030384,0.0,0.000221030838713797,0.001,28_54,28/54,19.59%,RELA;NFIL3;NFKBIA;IL2RG;CEBPB;FES;PIK3R2;INPP5D;IL4R;SOCS3;PIK3CD;DOK2;ELK1;MAPK3;TYK2;IKBKB;MAPK11;IRS2;BAD;GATA3;STAT6;PTPN6;NFKB1;FOS;CBL;STAT3;AKT1;SOCS1,RELA;NFIL3;NFKBIA;IL2RG;CEBPB;FES;PIK3R2;INPP5D;IL4R;SOCS3;PIK3CD;DOK2;ELK1;MAPK3;TYK2;IKBKB;MAPK11;IRS2;BAD;GATA3;STAT6;PTPN6;NFKB1;FOS;CBL;STAT3;AKT1;SOCS1;STAT5A;BIRC5;HRH1;SHC1;STAT5B;CEBPA;IRS1;JAK3;SOS1;PIK3CA;FLNA;EP300;MAPK14;ATF2;RPS6KB1;IL4;JAK2;JAK1;GAB2;GRB2;SOCS5;CHUK;MAPK1;PIK3R1;PTPN11;STAT1,"[68, 110, 132, 180, 311, 329, 350, 448, 462, 619, 790, 821, 973, 1114, 1122, 2341, 2344, 2357, 2388, 2530, 2644, 2686, 2835, 2889, 3071, 3143, 3267, 3430, 4109, 4324, 4460, 4654, 5095, 5110, 5115, 5207, 5826, 7105, 7192, 7268, 7304, 8136, 8326, 8442, 8889, 9271, 10756, 11405, 11475, 12017, 12772, 14526, 16007, 16938]",c2.cp.wikipathways__WP_IL4_SIGNALING
c2.cp.wikipathways,WP_CYTOPLASMIC_RIBOSOMAL_PROTEINS,prerank,0.5856778733021252,2.1450761080281735,0.0,0.0003868039677491447,0.002,75_88,75/88,32.86%,RPS21;RPL36;RPS19;RPL13;RPS16;RPS8;RPLP1;RPS15;RPS10;RPL18A;RPL34;RPL8;RPS3;RPL18;RPL9;RPL31;RPL27;RPL13A;RPS5;RPL14;RPL37A;RPL24;RPLP2;RPL6;RPS7;RPL35A;RPL7A;RPL3;RPL3L;RPS24;RPS29;RPS11;RPL38;RPS20;UBA52;RPS25;RPL35;RPL28;RPS14;RPS27A;RPS28;RPS6;RPS12;RPL29;RPL7;RPL23A;RPL4;RPL19;RPS26;RPL32;RPS18;RPS4Y1;RPSA;RPS3A;RPS13;RPS4X;RPL27A;RPL23;RPL11;RPS9;FAU;RPS2;RPL36A;RPL5;RPS6KA1;RPL39;RPL10;RPS27;RPL22;RPL17;RPS17;RPS15A;RPLP0;RPL37;RPL30,RPS21;RPL36;RPS19;RPL13;RPS16;RPS8;RPLP1;RPS15;RPS10;RPL18A;RPL34;RPL8;RPS3;RPL18;RPL9;RPL31;RPL27;RPL13A;RPS5;RPL14;RPL37A;RPL24;RPLP2;RPL6;RPS7;RPL35A;RPL7A;RPL3;RPL3L;RPS24;RPS29;RPS11;RPL38;RPS20;UBA52;RPS25;RPL35;RPL28;RPS14;RPS27A;RPS28;RPS6;RPS12;RPL29;RPL7;RPL23A;RPL4;RPL19;RPS26;RPL32;RPS18;RPS4Y1;RPSA;RPS3A;RPS13;RPS4X;RPL27A;RPL23;RPL11;RPS9;FAU;RPS2;RPL36A;RPL5;RPS6KA1;RPL39;RPL10;RPS27;RPL22;RPL17;RPS17;RPS15A;RPLP0;RPL37;RPL30;RPL41;RPS23;RPL10A;RPL21;RPS6KB2;RPS6KB1;RPL12;RPS6KA2;RPS6KA3;RPL15;MRPL19;RPL26;RPS6KA6,"[810, 1282, 1703, 1853, 1909, 1915, 1935, 1974, 2055, 2179, 2326, 2353, 2390, 2393, 2420, 2425, 2446, 2457, 2520, 2534, 2663, 2693, 2774, 2812, 2854, 2893, 2907, 2972, 3040, 3103, 3157, 3166, 3230, 3327, 3337, 3416, 3450, 3625, 3677, 3702, 3736, 3757, 3808, 3862, 3887, 3924, 3957, 4014, 4020, 4122, 4139, 4185, 4210, 4216, 4265, 4288, 4296, 4415, 4526, 4699, 4734, 4852, 5084, 5122, 5141, 5209, 5223, 5455, 5460, 5534, 5576, 5586, 5663, 5716, 5756, 6144, 6216, 6728, 7103, 7191, 8326, 8558, 9145, 9363, 11953, 14599, 14761, 16192]",c2.cp.wikipathways__WP_CYTOPLASMIC_RIBOSOMAL_PROTEINS
c2.cp.wikipathways,WP_INTERACTIONS_BETWEEN_IMMUNE_CELLS_AND_MICRORNAS_IN_TUMOR_MICROENVIRONMENT,prerank,0.734340272830829,2.1394169069075857,0.0,0.0006876514982207018,0.003,19_27,19/27,20.99%,NFKB2;IL2RG;TGFB1;IL4R;TLR8;TGFB2;CD274;CD86;CCL2;TGFB3;STAT6;TGFBR2;NFKB1;TLR7;CD80;STAT3;SOCS1;TLR4;CXCL10,NFKB2;IL2RG;TGFB1;IL4R;TLR8;TGFB2;CD274;CD86;CCL2;TGFB3;STAT6;TGFBR2;NFKB1;TLR7;CD80;STAT3;SOCS1;TLR4;CXCL10;CCL5;PDCD1;PIAS3;IL4;IRAK4;CTLA4;TRAF6;IL2RB,"[56, 180, 386, 462, 783, 1191, 1524, 1574, 1826, 1861, 2644, 2773, 2835, 2886, 3114, 3143, 3430, 3516, 3676, 6365, 7552, 8362, 8442, 8568, 8921, 11998, 14160]",c2.cp.wikipathways__WP_INTERACTIONS_BETWEEN_IMMUNE_CELLS_AND_MICRORNAS_IN_TUMOR_MICROENVIRONMENT
c2.cp.wikipathways,WP_HEMATOPOIETIC_STEM_CELL_DIFFERENTIATION,prerank,0.6333353226232419,2.114818666887283,0.0,0.0007736079354982896,0.004,27_51,27/51,17.74%,CXCR4;CSF1;NFE2;PIM1;SPI1;IRF5;IKZF1;MUC1;CIITA;NFATC2;LEF1;RUNX1;GATA2;CSF3;RHOH;MXI1;IL6;CD34;LYL1;TPO;HMGN5;NOTCH1;FLI1;VAV1;FOS;GYPA;TNXB,CXCR4;CSF1;NFE2;PIM1;SPI1;IRF5;IKZF1;MUC1;CIITA;NFATC2;LEF1;RUNX1;GATA2;CSF3;RHOH;MXI1;IL6;CD34;LYL1;TPO;HMGN5;NOTCH1;FLI1;VAV1;FOS;GYPA;TNXB;ITGA2B;TRAF3IP3;CBFA2T3;STAT5A;TRIM29;KLF1;IL1B;NCKAP1L;ZNF835;SEC14L2;KCNH2;HES6;ITGB3;FOSB;ACVR1B;THRB;EPO;LMO2;KITLG;RIOK3;IL1A;GATA1;IL5;MYB,"[77, 137, 688, 858, 942, 1040, 1092, 1180, 1218, 1367, 1377, 1384, 1766, 1776, 1975, 1986, 2121, 2142, 2171, 2192, 2305, 2437, 2838, 2843, 2889, 2930, 3106, 3407, 3697, 3915, 4109, 4206, 4600, 4629, 4799, 5432, 6673, 6843, 7215, 7795, 7855, 8084, 8336, 9692, 10086, 12483, 12545, 12614, 12826, 15390, 15452]",c2.cp.wikipathways__WP_HEMATOPOIETIC_STEM_CELL_DIFFERENTIATION
c2.cp.wikipathways,WP_BURN_WOUND_HEALING,prerank,0.5610100629888303,2.0747933069204465,0.0,0.0008703089274355757,0.008,47_91,47/91,20.08%,SERPINH1;MMP9;CXCR4;TLR5;NFKBIA;IFNA2;PDGFRB;CXCR2;S100A6;TLR2;TLR8;HGF;LY96;TGFB2;BCL2;NOD2;FGFR4;TLR9;BRD4;VEGFA;F13A1;CXCL1;BAX;CCL2;TGFB3;ICAM1;S100A11;TPT1;IL6;TNFAIP3;LGALS1;S100A9;NFKBIZ;DCN;VIM;SFRP2;KLF4;NFKB1;ACTA1;TLR7;TIMP1;CD248;NOD1;AKT1;CD3E;TNF;TLR4,SERPINH1;MMP9;CXCR4;TLR5;NFKBIA;IFNA2;PDGFRB;CXCR2;S100A6;TLR2;TLR8;HGF;LY96;TGFB2;BCL2;NOD2;FGFR4;TLR9;BRD4;VEGFA;F13A1;CXCL1;BAX;CCL2;TGFB3;ICAM1;S100A11;TPT1;IL6;TNFAIP3;LGALS1;S100A9;NFKBIZ;DCN;VIM;SFRP2;KLF4;NFKB1;ACTA1;TLR7;TIMP1;CD248;NOD1;AKT1;CD3E;TNF;TLR4;AMBP;TLR6;COL1A2;MYD88;FGFR3;EGF;FGFR1;IL1B;IL15;COL1A1;PFN1;SMAD3;ACHE;CNN2;SNAI2;FST;MMP28;ADAM12;TLR1;TP53;CXCL14;SPARC;SCEL;TLR3;ELN;KDR;TIMP2;FN1;CDK16;FGFR2;CHRNA7;MMP2;IL1A;FLG;CASP3;HMGB1;NOX4;TAGLN;CXCL12;INHBA;TNC;KRT222;FBN1;MMP3,"[8, 27, 77, 95, 132, 178, 420, 680, 722, 745, 783, 893, 1117, 1191, 1238, 1266, 1389, 1414, 1421, 1439, 1558, 1774, 1799, 1826, 1861, 1872, 1895, 2036, 2121, 2189, 2269, 2310, 2368, 2386, 2436, 2606, 2806, 2835, 2840, 2886, 2996, 3050, 3101, 3267, 3429, 3515, 3516, 3769, 3775, 3978, 4132, 4371, 4444, 4624, 4629, 4728, 5109, 5360, 5844, 5873, 6810, 7384, 7467, 7744, 8461, 8679, 8693, 9270, 9277, 9350, 9420, 9991, 10163, 10271, 10662, 10802, 11001, 11644, 11784, 12614, 12766, 12945, 14226, 14437, 14577, 15207, 16208, 16400, 16606, 17116, 17427]",c2.cp.wikipathways__WP_BURN_WOUND_HEALING
c2.cp.wikipathways,WP_DENGUE2_INTERACTIONS_WITH_COMPLEMENT_AND_COAGULATION_CASCADES,prerank,0.6205191429567861,2.0771970744115418,0.0,0.0009283295225979474,0.008,28_56,28/56,19.29%,SERPINF2;CLU;CFD;PLAUR;PROC;SERPINC1;C1QA;C3AR1;SERPINA5;F10;C1QC;C5AR1;CFB;KLKB1;C1QB;C3;C7;SERPINA1;C4B;CFH;CFI;C2;C1R;SERPIND1;VWF;C8G;SERPING1;TFPI,SERPINF2;CLU;CFD;PLAUR;PROC;SERPINC1;C1QA;C3AR1;SERPINA5;F10;C1QC;C5AR1;CFB;KLKB1;C1QB;C3;C7;SERPINA1;C4B;CFH;CFI;C2;C1R;SERPIND1;VWF;C8G;SERPING1;TFPI;SERPINE1;THBD;C1S;CR1;F12;PLAU;PLAT;C9;APOA2;CD55;F2;F2R;PROS1;KNG1;BDKRB1;PLG;CPB2;LMAN1;F5;F3;MASP1;CR2;C6;F8;CD46;F7;CLTC;MASP2,"[96, 216, 280, 296, 364, 470, 479, 582, 641, 770, 771, 805, 981, 1027, 1031, 1102, 1107, 1224, 1395, 2051, 2455, 2744, 2808, 2837, 3112, 3265, 3289, 3378, 4011, 4174, 4215, 4307, 4449, 5250, 5897, 5937, 7104, 7474, 7524, 7751, 8108, 8499, 8507, 9981, 9992, 10266, 10833, 11051, 12028, 12962, 13010, 13595, 14150, 14816, 15879, 16068]",c2.cp.wikipathways__WP_DENGUE2_INTERACTIONS_WITH_COMPLEMENT_AND_COAGULATION_CASCADES
c2.cp.wikipathways,WP_MICROGLIA_PATHOGEN_PHAGOCYTOSIS_PATHWAY,prerank,0.6632929469949852,2.08543769251823,0.0,0.0009521328436902025,0.007,24_39,24/39,19.05%,LAT;PIK3R2;CYBA;NCF1;C1QA;NCF4;ARPC1B;RAC3;C1QC;PIK3CD;TYROBP;ITGB2;C1QB;SYK;ITGAM;FCER1G;TREM2;FCGR1A;VAV3;PTPN6;VAV1;RAC2;TREM1;HCK,LAT;PIK3R2;CYBA;NCF1;C1QA;NCF4;ARPC1B;RAC3;C1QC;PIK3CD;TYROBP;ITGB2;C1QB;SYK;ITGAM;FCER1G;TREM2;FCGR1A;VAV3;PTPN6;VAV1;RAC2;TREM1;HCK;SIGLEC7;NCF2;NCKAP1L;PIK3CG;CYBB;PIK3R3;LYN;PIK3CA;PLCG2;VAV2;RAC1;PIK3CB;PIK3C2A;PIK3R1;PIK3C3,"[194, 350, 417, 461, 479, 553, 654, 747, 771, 790, 865, 902, 1031, 1267, 1487, 1513, 1622, 1740, 2050, 2686, 2843, 2938, 3333, 3336, 4414, 4720, 4799, 6453, 6563, 6862, 6930, 7105, 7982, 8144, 11471, 13676, 14351, 14526, 17167]",c2.cp.wikipathways__WP_MICROGLIA_PATHOGEN_PHAGOCYTOSIS_PATHWAY
c2.cp.wikipathways,WP_CELL_INTERACTIONS_IN_PANCREATIC_CANCER_MICROENVIRONMENT,prerank,0.7453667641269527,2.0969059455652714,0.0,0.0009845919179069138,0.006,12_23,12/23,11.89%,BAG3;CXCR4;CSF1;TGFB1;HLA-DRB1;IFITM2;VEGFA;HLA-DRA;CSF1R;CD86;CCL2;CCR2,BAG3;CXCR4;CSF1;TGFB1;HLA-DRB1;IFITM2;VEGFA;HLA-DRA;CSF1R;CD86;CCL2;CCR2;CD80;LAG3;CXCL10;CCR5;CCL5;NRP1;ITGB6;CTLA4;FAS;KDR;CXCL12,"[24, 77, 137, 386, 784, 1436, 1439, 1505, 1549, 1574, 1826, 2082, 3114, 3277, 3676, 4246, 6365, 6661, 8865, 8921, 9493, 10163, 15207]",c2.cp.wikipathways__WP_CELL_INTERACTIONS_IN_PANCREATIC_CANCER_MICROENVIRONMENT
c2.cp.wikipathways,WP_COMPLEMENT_AND_COAGULATION_CASCADES,prerank,0.6213022382213627,2.0789530315375484,0.0,0.0009946387742120865,0.008,28_55,28/55,19.29%,SERPINF2;CLU;CFD;PLAUR;PROC;SERPINC1;C1QA;C3AR1;SERPINA5;F10;C1QC;C5AR1;CFB;KLKB1;C1QB;C3;C7;SERPINA1;C4B;CFH;CFI;C2;C1R;SERPIND1;VWF;C8G;SERPING1;TFPI,SERPINF2;CLU;CFD;PLAUR;PROC;SERPINC1;C1QA;C3AR1;SERPINA5;F10;C1QC;C5AR1;CFB;KLKB1;C1QB;C3;C7;SERPINA1;C4B;CFH;CFI;C2;C1R;SERPIND1;VWF;C8G;SERPING1;TFPI;SERPINE1;THBD;C1S;CR1;F12;PLAU;PLAT;C9;CD55;F2;F2R;PROS1;KNG1;BDKRB1;PLG;CPB2;LMAN1;F5;F3;MASP1;CR2;C6;F8;CD46;F7;CLTC;MASP2,"[96, 216, 280, 296, 364, 470, 479, 582, 641, 770, 771, 805, 981, 1027, 1031, 1102, 1107, 1224, 1395, 2051, 2455, 2744, 2808, 2837, 3112, 3265, 3289, 3378, 4011, 4174, 4215, 4307, 4449, 5250, 5897, 5937, 7474, 7524, 7751, 8108, 8499, 8507, 9981, 9992, 10266, 10833, 11051, 12028, 12962, 13010, 13595, 14150, 14816, 15879, 16068]",c2.cp.wikipathways__WP_COMPLEMENT_AND_COAGULATION_CASCADES
c2.cp.wikipathways,WP_MEASLES_VIRUS_INFECTION,prerank,0.5443898412923621,2.094834174781843,0.0,0.0010314772473310526,0.007,38_120,38/120,16.91%,HSPA6;HSPA1A;HSPA1B;NFKB2;RELA;NFKBIA;IRF7;IFNA2;IL2RG;HSPA1L;CCND3;IRF3;PIK3R2;FCGR2B;TLR2;BID;PIK3CD;BCL2L1;TYK2;BCL2;TLR9;CDK2;BAX;FADD;TAB2;IL6;TNFAIP3;IKBKB;IRAK1;BAD;IRF9;JUN;NFKB1;RAB9A;TLR7;FOS;NFKBIB;CSNK2B,HSPA6;HSPA1A;HSPA1B;NFKB2;RELA;NFKBIA;IRF7;IFNA2;IL2RG;HSPA1L;CCND3;IRF3;PIK3R2;FCGR2B;TLR2;BID;PIK3CD;BCL2L1;TYK2;BCL2;TLR9;CDK2;BAX;FADD;TAB2;IL6;TNFAIP3;IKBKB;IRAK1;BAD;IRF9;JUN;NFKB1;RAB9A;TLR7;FOS;NFKBIB;CSNK2B;STAT3;IKBKE;CD3E;TLR4;BBC3;CSNK2A2;TRADD;STAT5A;MYD88;CCNE1;OAS1;IL1B;IFNA13;CD209;STAT5B;JAK3;MSN;IFNA21;CASP9;IL12B;CLEC4M;HSPA2;PIK3R3;IFIH1;PIK3CA;CDKN1B;IKBKG;TRAF3;CDK4;HSPA8;MX1;RCHY1;IRAK4;CD3G;TP53;BAK1;IFNA1;JAK1;FAS;STAT2;IFNA8;MAP3K7;IFNAR2;CD28;OAS3;IFNA6;MAPK10;CASP8;IL12A;IFNAR1;ADAR;OAS2;CDK6;MAVS;EIF3H;EIF2AK2;CYCS;TRAF6;CHUK;TBK1;IL1A;CCND2;CASP3;RAB9B;CBLB;CCND1;PIK3CB;EIF2AK4;APAF1;CD46;IL2RB;PIK3R1;EIF2AK3;EIF2S1;MAPK9;CCNE2;EIF2AK1;TP73;CSNK2A3;MAPK8;CSNK2A1;STAT1,"[0, 2, 7, 56, 68, 132, 161, 178, 180, 188, 223, 315, 350, 716, 745, 779, 790, 1087, 1122, 1238, 1414, 1573, 1799, 2019, 2058, 2121, 2189, 2341, 2376, 2388, 2767, 2824, 2835, 2858, 2886, 2889, 2943, 2962, 3143, 3163, 3429, 3516, 3816, 4037, 4084, 4109, 4132, 4289, 4410, 4629, 4952, 5076, 5095, 5207, 5230, 5807, 6429, 6713, 6736, 6834, 6862, 6949, 7105, 7452, 7584, 7749, 7822, 7879, 8348, 8420, 8568, 8645, 8693, 8735, 9040, 9271, 9493, 9534, 9616, 9639, 9792, 9793, 9872, 10218, 10309, 10378, 10432, 10611, 10871, 11058, 11099, 11317, 11375, 11535, 11932, 11998, 12017, 12506, 12614, 12887, 12945, 13110, 13235, 13673, 13676, 13687, 13773, 14150, 14160, 14526, 14600, 14673, 14702, 15109, 15783, 16047, 16104, 16304, 16833, 16938]",c2.cp.wikipathways__WP_MEASLES_VIRUS_INFECTION
c2.cp.wikipathways,WP_TOLLLIKE_RECEPTOR_SIGNALING,prerank,0.5657822654843457,2.063085746524205,0.0,0.0011831650778209135,0.012,41_86,41/86,20.08%,RELA;TLR5;NFKBIA;IRF7;IFNA2;MAP2K3;IRF3;TLR2;TLR8;IRF5;LBP;MAPK3;LY96;TICAM1;TLR9;CXCL11;CD86;CD40;FADD;CXCL9;TAB2;MAP2K2;IL6;IKBKB;MAPK11;IRAK1;CD14;RIPK1;JUN;NFKB1;TLR7;FOS;MAP3K8;NFKBIB;MAPK12;CD80;MAP2K7;IKBKE;AKT1;TNF;TLR4,RELA;TLR5;NFKBIA;IRF7;IFNA2;MAP2K3;IRF3;TLR2;TLR8;IRF5;LBP;MAPK3;LY96;TICAM1;TLR9;CXCL11;CD86;CD40;FADD;CXCL9;TAB2;MAP2K2;IL6;IKBKB;MAPK11;IRAK1;CD14;RIPK1;JUN;NFKB1;TLR7;FOS;MAP3K8;NFKBIB;MAPK12;CD80;MAP2K7;IKBKE;AKT1;TNF;TLR4;CXCL10;TLR6;AKT2;MYD88;IL1B;IFNA13;MAP2K1;IFNA21;SPP1;CCL5;IL12B;TOLLIP;MAPK14;IKBKG;CCL3;MAP2K6;TRAF3;MAP2K4;IRAK4;TLR1;MAPK13;IFNA1;CCL4;TLR3;IFNA8;MAP3K7;IFNAR2;IFNA6;MAPK10;CASP8;IL12A;IFNAR1;RAC1;TRAF6;CHUK;TBK1;TICAM2;MAPK1;TAB1;MAPK9;AKT3;TIRAP;MAPK8;STAT1;TAB3,"[68, 95, 132, 161, 178, 292, 315, 745, 783, 1040, 1099, 1114, 1117, 1184, 1414, 1566, 1574, 1795, 2019, 2028, 2058, 2104, 2121, 2341, 2344, 2376, 2611, 2701, 2824, 2835, 2886, 2889, 2891, 2943, 2998, 3114, 3121, 3163, 3267, 3515, 3516, 3676, 3775, 3956, 4132, 4629, 4952, 5701, 5807, 6253, 6365, 6713, 7236, 7304, 7584, 7600, 7672, 7749, 8233, 8568, 8679, 8706, 9040, 9267, 9420, 9616, 9639, 9792, 10218, 10309, 10378, 10432, 10611, 11471, 11998, 12017, 12506, 12768, 12772, 13969, 14702, 14998, 15108, 16304, 16938, 17016]",c2.cp.wikipathways__WP_TOLLLIKE_RECEPTOR_SIGNALING
c2.cp.wikipathways,WP_FIBRIN_COMPLEMENT_RECEPTOR_3_SIGNALING,prerank,0.6482474974049103,2.0467164352346536,0.0,0.001465783456733601,0.016,23_40,23/40,20.99%,RELA;IRF3;TYROBP;ITGB2;IRAK2;LBP;LY96;TICAM1;SYK;ITGAM;FCER1G;CCL2;IL6;CXCL3;SRC;IKBKB;IRAK1;CD14;NFKB1;AKT1;TNF;TLR4;CXCL10,RELA;IRF3;TYROBP;ITGB2;IRAK2;LBP;LY96;TICAM1;SYK;ITGAM;FCER1G;CCL2;IL6;CXCL3;SRC;IKBKB;IRAK1;CD14;NFKB1;AKT1;TNF;TLR4;CXCL10;MYD88;PLAT;IL12B;PIK3CA;IKBKG;RHOA;RASSF5;IRAK4;TLR3;PLG;NOS2;TRAF6;CHUK;TICAM2;REL;CBLB;TIRAP,"[68, 315, 865, 902, 990, 1099, 1117, 1184, 1267, 1487, 1513, 1826, 2121, 2258, 2278, 2341, 2376, 2611, 2835, 3267, 3515, 3516, 3676, 4132, 5897, 6713, 7105, 7584, 7817, 8008, 8568, 9420, 9981, 11576, 11998, 12017, 12768, 12847, 13235, 15108]",c2.cp.wikipathways__WP_FIBRIN_COMPLEMENT_RECEPTOR_3_SIGNALING
c2.cp.wikipathways,WP_1P36_COPY_NUMBER_VARIATION_SYNDROME,prerank,0.5595031343674168,2.0492861401869455,0.0,0.0015472158709965791,0.016,27_88,27/88,14.95%,NADK;MMP23B;KLHL17;TNFRSF4;TGFB1;PLEKHN1;SSU72;UBE2J2;TRAF2;MEPCE;SAMD11;LRP4;CDK11B;ATAD3C;TAS1R3;DVL1;CDK11A;VEGFA;CALML6;MIB2;TMEM52;PANK4;DLL1;CD160;BTLA;PHKG2;SMAD4,NADK;MMP23B;KLHL17;TNFRSF4;TGFB1;PLEKHN1;SSU72;UBE2J2;TRAF2;MEPCE;SAMD11;LRP4;CDK11B;ATAD3C;TAS1R3;DVL1;CDK11A;VEGFA;CALML6;MIB2;TMEM52;PANK4;DLL1;CD160;BTLA;PHKG2;SMAD4;AURKAIP1;TNFRSF14;PEX10;TRIM25;PEX12;NOC2L;AGRN;PARD6B;PUSL1;INTS9;ISG15;CCNL2;HES4;SMAD3;ACAP3;DKK3;SLC35E2B;PEX5;ATAD3A;SKI;SMAD2;ARF6;DLST;HES5;PEX2;IFIH1;TNFRSF18;COMMD1;SCNN1D;SDF4;HSPA8;ELAVL1;IFIT1;RBX1;TNFSF4;ATAD3B;GABRD;B3GALT6;VWA1;MRPL20;CUL3;MXRA8;RER1;ANKRD65;KRT17;MORN1;GDE1;C1orf159;GNB1;TMEM88B;TNFSF18;TRAF5;INTS10;PRKCZ;METTL14;MCM2;INTS4;GRIK2;ESR1;MUSK;PLCH2,"[44, 89, 131, 373, 386, 424, 425, 426, 494, 528, 584, 661, 854, 895, 1054, 1089, 1106, 1439, 1491, 1567, 1742, 2010, 2363, 2405, 2517, 2542, 2618, 3291, 3763, 3935, 4214, 4369, 4534, 4626, 4741, 5013, 5469, 5552, 5724, 5771, 5844, 5927, 5972, 6098, 6153, 6155, 6189, 6205, 6249, 6301, 6408, 6534, 6949, 6954, 7016, 7349, 7450, 7879, 8106, 8187, 8474, 8620, 9571, 9581, 9753, 9869, 10048, 10069, 10161, 10239, 10240, 10572, 11164, 11708, 11842, 12079, 12187, 12731, 12914, 12978, 13086, 13586, 14346, 15020, 15222, 16134, 16254, 16498]",c2.cp.wikipathways__WP_1P36_COPY_NUMBER_VARIATION_SYNDROME
c2.cp.wikipathways,WP_ACUTE_VIRAL_MYOCARDITIS,prerank,0.5549490510110578,2.0059271095401354,0.0,0.0024889994446466706,0.032,34_81,34/81,20.40%,MMP9;NFKB2;CXCR4;TLR5;CASP7;CD4;TGFB1;CASP1;RAC3;BID;ITGB2;FYN;BCL2L1;MAPK3;TICAM1;BCL2;NOD2;PTCRA;BAX;IL6;MICA;CASP6;SRC;HLA-DMA;ITGAL;RAC2;PYCARD;CD80;STAT3;AKT1;SOCS1;TNF;TLR4;KRT8,MMP9;NFKB2;CXCR4;TLR5;CASP7;CD4;TGFB1;CASP1;RAC3;BID;ITGB2;FYN;BCL2L1;MAPK3;TICAM1;BCL2;NOD2;PTCRA;BAX;IL6;MICA;CASP6;SRC;HLA-DMA;ITGAL;RAC2;PYCARD;CD80;STAT3;AKT1;SOCS1;TNF;TLR4;KRT8;CCR5;DFFB;BNIP2;EDN1;SOS1;DAG1;ILK;PABPC1;CASP2;EIF4G1;CASP9;ABL1;IL12B;AIF1;IL10;CHRAC1;CD55;CAAP1;DFFA;LAMA2;SGCG;MYH6;ENDOG;JAK1;TLR3;PARP1;CASP8;DMD;IL12A;CREB1;ABL2;SGCD;SGCB;CYCS;CAV1;ACTB;EIF4G2;MAPK1;CASP3;SGCA;CCND1;PIK3R1;GSK3B;NOS1;CXADR;RASA1;STAT1,"[27, 56, 77, 95, 112, 204, 386, 645, 747, 779, 902, 1046, 1087, 1114, 1184, 1238, 1266, 1559, 1799, 2121, 2136, 2212, 2278, 2494, 2736, 2938, 3056, 3114, 3143, 3267, 3430, 3515, 3516, 3573, 4246, 5280, 5309, 5566, 5826, 5871, 5935, 6002, 6081, 6233, 6429, 6593, 6713, 6768, 6941, 7087, 7474, 7546, 7631, 8158, 8212, 8823, 8993, 9271, 9420, 9697, 10378, 10392, 10432, 10478, 10950, 11594, 11880, 11932, 12109, 12262, 12560, 12772, 12945, 13343, 13673, 14526, 15613, 15846, 16037, 16602, 16938]",c2.cp.wikipathways__WP_ACUTE_VIRAL_MYOCARDITIS
c2.cp.wikipathways,WP_MIRNA_ROLE_IN_IMMUNE_RESPONSE_IN_SEPSIS,prerank,0.6414533387443019,2.0065233888476204,0.0,0.002531807788903493,0.031,15_36,15/36,16.48%,NFKB2;RELA;NFKBIA;IRF7;IRF1;TLR8;IRF5;LCN2;ICAM1;TAB2;IL6;IKBKB;IRAK1;NFKB1;TLR7,NFKB2;RELA;NFKBIA;IRF7;IRF1;TLR8;IRF5;LCN2;ICAM1;TAB2;IL6;IKBKB;IRAK1;NFKB1;TLR7;TNF;TLR4;MYD88;IL10;MAPK14;RELB;IKBKG;CCL3;TRAF3;IRAK4;GZMB;CCL4;MAP3K7;ELANE;VCAM1;TRAF6;CHUK;IL1A;REL;TAB1;MAPK8,"[56, 68, 132, 161, 538, 783, 1040, 1836, 1872, 2058, 2121, 2341, 2376, 2835, 2886, 3515, 3516, 4132, 6941, 7304, 7492, 7584, 7600, 7749, 8568, 8826, 9267, 9639, 9713, 11751, 11998, 12017, 12614, 12847, 13969, 16304]",c2.cp.wikipathways__WP_MIRNA_ROLE_IN_IMMUNE_RESPONSE_IN_SEPSIS
c2.cp.wikipathways,WP_OVERVIEW_OF_PROINFLAMMATORY_AND_PROFIBROTIC_MEDIATORS,prerank,0.5607446104095497,2.0079746257504443,0.0,0.002652370064565564,0.031,26_82,26/82,13.59%,MMP9;CSF1;IFNA2;CCL17;CXCL6;EBI3;PPBP;TGFB1;LTA;IL18;CXCL16;LIF;VEGFA;CXCL11;CCL20;IL27;CXCL1;CSF3;CCL2;CXCL9;IL6;CTF1;CXCL3;IL1RN;IL9;CCL26,MMP9;CSF1;IFNA2;CCL17;CXCL6;EBI3;PPBP;TGFB1;LTA;IL18;CXCL16;LIF;VEGFA;CXCL11;CCL20;IL27;CXCL1;CSF3;CCL2;CXCL9;IL6;CTF1;CXCL3;IL1RN;IL9;CCL26;NFKB1;TNF;TNFSF13B;IFNL3;CXCL10;CCL22;IL23A;CXCL5;IL17B;IL17D;IL1B;IL15;IFNA13;OSM;CXCL13;TNFSF13;CCL25;CXCL2;IFNA21;SPP1;CCL5;IL12B;IL10;XCL1;CCL3;CCL4L2;CX3CL1;IL11;PF4;IL13;IL4;IFNA1;IL24;CCL28;CCL4;CXCL14;IFNA8;EPO;IFNW1;CNTF;TSLP;IFNA6;IL17C;IL12A;CCL8;IFNL1;IL36G;IL25;CCL1;IL1A;IL33;IL7;CXCL12;IL5;CCL19;MMP3,"[27, 137, 178, 210, 232, 243, 294, 386, 631, 662, 983, 1188, 1439, 1566, 1617, 1736, 1774, 1776, 1826, 2028, 2121, 2253, 2258, 2260, 2276, 2380, 2835, 3515, 3536, 3560, 3676, 3794, 3864, 3891, 4039, 4138, 4629, 4728, 4952, 5273, 5314, 5347, 5547, 5578, 5807, 6253, 6365, 6713, 6941, 7121, 7600, 7660, 7950, 8041, 8058, 8159, 8442, 9040, 9230, 9263, 9267, 9270, 9616, 9692, 9795, 9983, 10214, 10218, 10343, 10432, 10836, 10977, 11347, 12112, 12414, 12614, 13145, 14894, 15207, 15390, 15722, 17427]",c2.cp.wikipathways__WP_OVERVIEW_OF_PROINFLAMMATORY_AND_PROFIBROTIC_MEDIATORS
c2.cp.wikipathways,WP_PHOTODYNAMIC_THERAPYINDUCED_AP1_SURVIVAL_SIGNALING,prerank,0.6085608110519783,1.9982685378932767,0.0,0.002707627774244013,0.035,25_47,25/47,21.77%,MAP2K3;BCL3;TNFRSF1A;TRAF2;BID;CCNA2;HSP90AA1;ELK1;BCL2L1;BCL2;MCL1;CDKN1A;BAX;IL6;BMF;MAPK11;EGFR;NFE2L2;JUN;FOS;MAPK12;MAP2K7;TNF;CDKN2A;BCL2L11,MAP2K3;BCL3;TNFRSF1A;TRAF2;BID;CCNA2;HSP90AA1;ELK1;BCL2L1;BCL2;MCL1;CDKN1A;BAX;IL6;BMF;MAPK11;EGFR;NFE2L2;JUN;FOS;MAPK12;MAP2K7;TNF;CDKN2A;BCL2L11;CCNE1;MAP3K5;JUNB;CFLAR;MAPK14;MAP2K6;ATF2;MAP2K4;TP53;MAPK13;BAK1;FAS;RB1;PDGFRA;MMP2;TRAF6;FGF7;HBEGF;TRAF5;CCND1;TNFSF10;MAPK8,"[292, 347, 390, 494, 779, 799, 876, 973, 1087, 1238, 1483, 1714, 1799, 2121, 2180, 2344, 2347, 2684, 2824, 2889, 2998, 3121, 3515, 3605, 3812, 4289, 4419, 6511, 7112, 7304, 7672, 8136, 8233, 8693, 8706, 8735, 9493, 9620, 10418, 11784, 11998, 12101, 12285, 12914, 13673, 13874, 16304]",c2.cp.wikipathways__WP_PHOTODYNAMIC_THERAPYINDUCED_AP1_SURVIVAL_SIGNALING
c2.cp.wikipathways,WP_T_CELL_MODULATION_AND_DESMOPLASIA_IN_PANCREATIC_CANCER,prerank,0.614963865262198,2.0103356378110626,0.0,0.0027076277742440133,0.03,16_48,16/48,12.96%,CXCR4;CCL17;TNFRSF4;TGFB1;LGALS9;PGF;TGFB2;VEGFA;VEGFB;CD274;CD86;CD40;TGFB3;ARG1;IL6;LGALS1,CXCR4;CCL17;TNFRSF4;TGFB1;LGALS9;PGF;TGFB2;VEGFA;VEGFB;CD274;CD86;CD40;TGFB3;ARG1;IL6;LGALS1;CD80;HAVCR2;CCL22;FAP;PDGFC;CD276;TNFSF9;VDR;VTCN1;SHH;LGALS3;PVR;PDGFB;VEGFC;IL10;PDGFD;HLA-A;PDCD1;PDGFA;PDCD1LG2;NT5E;IL13;IL4;B2M;TNFSF4;CTLA4;FAS;CD28;TIGIT;ENTPD1;CXCL12;CD226,"[77, 210, 373, 386, 718, 1138, 1191, 1439, 1509, 1524, 1574, 1795, 1861, 2020, 2121, 2269, 3114, 3593, 3794, 3972, 4144, 4209, 4887, 4946, 5773, 5805, 6287, 6517, 6544, 6620, 6941, 6943, 7039, 7552, 7604, 7607, 8071, 8159, 8442, 8604, 8620, 8921, 9493, 9793, 14113, 15171, 15207, 15265]",c2.cp.wikipathways__WP_T_CELL_MODULATION_AND_DESMOPLASIA_IN_PANCREATIC_CANCER
c2.cp.wikipathways,WP_PATHOGENESIS_OF_SARSCOV2_MEDIATED_BY_NSP9NSP10_COMPLEX,prerank,0.7503135099507388,1.9902069472364659,0.0,0.0029087658374735686,0.039,14_19,14/19,15.07%,CD4;HLA-DRB1;LCK;FYN;LBP;IGLL1;MMP25;HLA-DRA;HLA-DRB5;IL6;ZAP70;CD2;CD247;CRP,CD4;HLA-DRB1;LCK;FYN;LBP;IGLL1;MMP25;HLA-DRA;HLA-DRB5;IL6;ZAP70;CD2;CD247;CRP;CD3E;NKRF;CD3G;CD8A;CD8B,"[204, 784, 1019, 1046, 1099, 1265, 1399, 1505, 1667, 2121, 2462, 2509, 2564, 2639, 3429, 6541, 8645, 9346, 15708]",c2.cp.wikipathways__WP_PATHOGENESIS_OF_SARSCOV2_MEDIATED_BY_NSP9NSP10_COMPLEX
c2.cp.wikipathways,WP_TYPE_I_COLLAGEN_SYNTHESIS_IN_THE_CONTEXT_OF_OSTEOGENESIS_IMPERFECTA,prerank,0.6666318724939012,1.974643725674248,0.0,0.003041079470579483,0.048,14_30,14/30,11.94%,SERPINH1;P4HA2;PLOD1;ADAMTS2;P4HA1;COLGALT1;IFITM5;TNFRSF11B;FKBP10;BMP1;PLOD2;P4HB;FZD1;LRP5,SERPINH1;P4HA2;PLOD1;ADAMTS2;P4HA1;COLGALT1;IFITM5;TNFRSF11B;FKBP10;BMP1;PLOD2;P4HB;FZD1;LRP5;COL1A2;COL1A1;CRTAP;SERPINF1;PPIB;MBTPS1;LOX;MIA3;TNFRSF11A;CREB3L1;LRP6;TMEM38B;WNT1;ITPR1;SP7;MBTPS2,"[8, 12, 54, 255, 306, 319, 487, 664, 752, 1768, 1827, 1840, 1987, 2090, 3978, 5109, 5300, 6444, 7641, 7745, 9652, 11234, 11457, 12752, 13826, 14144, 14329, 15616, 15881, 17387]",c2.cp.wikipathways__WP_TYPE_I_COLLAGEN_SYNTHESIS_IN_THE_CONTEXT_OF_OSTEOGENESIS_IMPERFECTA
c2.cp.wikipathways,WP_METABOLIC_PATHWAYS_OF_FIBROBLASTS,prerank,0.6686362138919244,1.9730953489835248,0.0,0.003094431741993158,0.051,12_30,12/30,11.01%,SERPINH1;P4HA2;PLOD1;ADAMTS2;P4HA1;PLCG1;PSPH;PHGDH;FGFR4;PYCR1;BMP1;SLC1A5,SERPINH1;P4HA2;PLOD1;ADAMTS2;P4HA1;PLCG1;PSPH;PHGDH;FGFR4;PYCR1;BMP1;SLC1A5;GCK;PGM1;SLC2A1;PSAT1;UGDH;LOXL2;SLC16A1;FGFR1;GPI;ALDH18A1;RHOA;GLUD1;LPAR1;UGP2;LDHA;GLS;P4HA3;CD36,"[8, 12, 54, 255, 306, 405, 1219, 1243, 1389, 1529, 1768, 1927, 2648, 3151, 3156, 3159, 3718, 4066, 4611, 4624, 5213, 6115, 7817, 8416, 8629, 9502, 9549, 10680, 14175, 17434]",c2.cp.wikipathways__WP_METABOLIC_PATHWAYS_OF_FIBROBLASTS
c2.cp.wikipathways,WP_WHITE_FAT_CELL_DIFFERENTIATION,prerank,0.6478984497988041,1.9756290915607289,0.0,0.0031496894516716075,0.048,17_31,17/31,19.86%,KLF15;TCF7L1;CEBPB;IRF3;TLE3;NR1H3;CEBPD;DDIT3;KLF2;GATA2;ZNF423;GATA3;KLF4;MECOM;PPARG;FOXO1;KLF5,KLF15;TCF7L1;CEBPB;IRF3;TLE3;NR1H3;CEBPD;DDIT3;KLF2;GATA2;ZNF423;GATA3;KLF4;MECOM;PPARG;FOXO1;KLF5;STAT5A;RARA;STAT5B;CEBPA;NR2F2;RORA;WNT10B;CTNNA1;IRF4;SREBF1;CREB1;EBF1;NR3C1;EGR2,"[106, 230, 311, 315, 349, 444, 569, 729, 1446, 1766, 1993, 2530, 2806, 3227, 3284, 3351, 3478, 4109, 5072, 5095, 5110, 6803, 7923, 8235, 8413, 8729, 9432, 10478, 12053, 14123, 16961]",c2.cp.wikipathways__WP_WHITE_FAT_CELL_DIFFERENTIATION
c2.cp.wikipathways,WP_TH17_CELL_DIFFERENTIATION_PATHWAY,prerank,0.5762361787435175,1.9783093665997664,0.0,0.0031517360335115495,0.046,29_59,29/59,16.50%,NFIL3;NFKBIA;LAT;CD4;TGFB1;PLCG1;IL4R;SOCS3;RXRA;HSP90AA1;PER1;LCK;TYK2;RUNX1;NR1D1;IL27RA;NFATC1;IL27;IL6R;IL6;IKBKB;ZAP70;HLA-DMA;GATA3;CD247;STAT6;JUN;NFKB1;FOS,NFIL3;NFKBIA;LAT;CD4;TGFB1;PLCG1;IL4R;SOCS3;RXRA;HSP90AA1;PER1;LCK;TYK2;RUNX1;NR1D1;IL27RA;NFATC1;IL27;IL6R;IL6;IKBKB;ZAP70;HLA-DMA;GATA3;CD247;STAT6;JUN;NFKB1;FOS;STAT3;TBX21;CD3E;IL23A;IL21R;STAT5A;IL1B;RARA;CRY1;IFNGR1;TGFBR1;SMAD2;MAPK14;RORA;HIF1A;IL4;CD3G;IRF4;JAK2;JAK1;AHR;PPP3CA;MAPK1;MTOR;CLOCK;FOXP3;MAPK8;PRKCQ;STAT1;RORC,"[110, 132, 194, 204, 386, 405, 462, 619, 710, 876, 1010, 1019, 1122, 1384, 1578, 1657, 1675, 1736, 2017, 2121, 2341, 2462, 2494, 2530, 2564, 2644, 2824, 2835, 2889, 3143, 3251, 3429, 3864, 3990, 4109, 4629, 5072, 5174, 5613, 5624, 6205, 7304, 7923, 8234, 8442, 8645, 8729, 8889, 9271, 9293, 11156, 12772, 13065, 15146, 15494, 16304, 16535, 16938, 16946]",c2.cp.wikipathways__WP_TH17_CELL_DIFFERENTIATION_PATHWAY
c2.cp.wikipathways,WP_COMPLEMENT_SYSTEM_IN_NEURONAL_DEVELOPMENT_AND_PLASTICITY,prerank,0.5325240919010276,1.9787552530997239,0.0,0.003213448347454433,0.045,40_96,40/96,20.85%,CASP7;CLU;PARD6G;CFD;PARD3;TGFB1;DEDD;C1QA;C3AR1;SCRIB;C1QC;BID;C5AR1;ITGB2;CFB;C1QB;C3;C7;TGFB2;CD59;C4B;ITGAM;GAS6;AXL;BAX;TGFB3;CFH;CFI;C4A;MERTK;C2;C1R;PLSCR1;C8G;SERPING1;CASP10;LLGL2;PLSCR4;FCN3;C5AR2,CASP7;CLU;PARD6G;CFD;PARD3;TGFB1;DEDD;C1QA;C3AR1;SCRIB;C1QC;BID;C5AR1;ITGB2;CFB;C1QB;C3;C7;TGFB2;CD59;C4B;ITGAM;GAS6;AXL;BAX;TGFB3;CFH;CFI;C4A;MERTK;C2;C1R;PLSCR1;C8G;SERPING1;CASP10;LLGL2;PLSCR4;FCN3;C5AR2;ITGAX;C1S;CR1;ATP10A;PARD6A;CRB2;PARD6B;MARK3;FCN1;MARK2;ATP11C;ATP8B2;C9;PLSCR3;CASP9;COLEC11;ATP8B1;TYRO3;HTRA2;CFP;FCN2;MFGE8;CD55;CX3CR1;CRB1;ITGB3;CX3CL1;PROS1;BAK1;MBP;C4BPB;ATP8B3;SUSD4;ITGAV;FAS;CASP8;ATP11A;CAP1;COLEC12;XIAP;MARK1;CYCS;MASP1;CASP3;CR2;C6;PRKCZ;CSMD1;APAF1;CD46;COLEC10;C4BPA;PRKCI;MASP2;DIABLO;C5,"[112, 216, 245, 280, 308, 386, 464, 479, 582, 761, 771, 779, 805, 902, 981, 1031, 1102, 1107, 1191, 1312, 1395, 1487, 1651, 1739, 1799, 1861, 2051, 2455, 2614, 2629, 2744, 2808, 3220, 3265, 3289, 3306, 3365, 3423, 3542, 3651, 4130, 4215, 4307, 4398, 4630, 4632, 4741, 4793, 5015, 5254, 5269, 5604, 5937, 6065, 6429, 6552, 6583, 6772, 6990, 7041, 7062, 7208, 7474, 7588, 7679, 7795, 7950, 8108, 8735, 9036, 9210, 9225, 9235, 9460, 9493, 10378, 10525, 10635, 10638, 11034, 11630, 11932, 12028, 12945, 12962, 13010, 13086, 13679, 13773, 14150, 14571, 14849, 15221, 16068, 16448, 17107]",c2.cp.wikipathways__WP_COMPLEMENT_SYSTEM_IN_NEURONAL_DEVELOPMENT_AND_PLASTICITY
c2.cp.wikipathways,WP_TNFRELATED_WEAK_INDUCER_OF_APOPTOSIS_TWEAK_SIGNALING,prerank,0.616105291847098,1.9653989791696218,0.0,0.0034438030677020628,0.058,20_41,20/41,17.32%,MMP9;NFKB2;RELA;CASP7;NFKBIA;TRAF2;TNFRSF12A;MAPK3;TNFSF12;CCL2;BIRC3;FADD;IL6;HDAC1;IKBKB;RIPK1;JUN;NFKB1;NFKBIB;RAF1,MMP9;NFKB2;RELA;CASP7;NFKBIA;TRAF2;TNFRSF12A;MAPK3;TNFSF12;CCL2;BIRC3;FADD;IL6;HDAC1;IKBKB;RIPK1;JUN;NFKB1;NFKBIB;RAF1;AKT1;TNF;AKT2;TRAF1;BIRC2;CCL5;TRIM63;MAPK14;RELB;TRAF3;MAP3K7;CASP8;RAC1;CHUK;MAPK1;TRAF5;CASP3;MAPK9;GSK3B;CTNNB1;MAPK8,"[27, 56, 68, 112, 132, 494, 503, 1114, 1308, 1826, 1994, 2019, 2121, 2268, 2341, 2701, 2824, 2835, 2943, 3033, 3267, 3515, 3956, 5590, 6219, 6365, 6742, 7304, 7492, 7749, 9639, 10378, 11471, 12017, 12772, 12914, 12945, 14702, 15613, 16018, 16304]",c2.cp.wikipathways__WP_TNFRELATED_WEAK_INDUCER_OF_APOPTOSIS_TWEAK_SIGNALING
c2.cp.wikipathways,WP_IL1_AND_MEGAKARYOCYTES_IN_OBESITY,prerank,0.706028649455923,1.958117931158614,0.0020920502092050207,0.003722988189585518,0.066,11_22,11/22,17.11%,MMP9;IL18;TLR2;SELENBP1;CCL2;ICAM1;FCER1A;S100A9;IRAK1;NFKB1;TIMP1,MMP9;IL18;TLR2;SELENBP1;CCL2;ICAM1;FCER1A;S100A9;IRAK1;NFKB1;TIMP1;MYD88;IL1B;IL1R1;PIK3CA;F2;F2R;TLR1;NLRP3;TIMP2;PLA2G7;HBEGF,"[27, 662, 745, 1289, 1826, 1872, 2001, 2310, 2376, 2835, 2996, 4132, 4629, 5151, 7105, 7524, 7751, 8679, 9658, 10271, 11738, 12285]",c2.cp.wikipathways__WP_IL1_AND_MEGAKARYOCYTES_IN_OBESITY
c2.cp.wikipathways,WP_NEOVASCULARIZATION_PROCESSES,prerank,0.6347075289634941,1.9554275293415166,0.0,0.0037508263539311006,0.069,13_37,13/37,10.63%,MMP9;NFKB2;RELA;CXCR4;DLL4;TGFB1;FLT4;NOTCH4;MAPK3;TGFB2;ACVRL1;EPHB4;TGFB3,MMP9;NFKB2;RELA;CXCR4;DLL4;TGFB1;FLT4;NOTCH4;MAPK3;TGFB2;ACVRL1;EPHB4;TGFB3;NOTCH1;NFKB1;AKT1;NOTCH3;JAG1;TGFBR1;SMAD3;SMAD2;SMAD5;SMAD9;PDGFB;SMAD1;RELB;HIF1A;KDR;ANGPT1;KITLG;MAPK1;REL;EPHB2;MAPK9;CXCL12;KIT;MAPK8,"[27, 56, 68, 77, 332, 386, 525, 781, 1114, 1191, 1627, 1755, 1861, 2437, 2835, 3267, 3857, 5281, 5624, 5844, 6205, 6234, 6481, 6544, 7143, 7492, 8234, 10163, 11065, 12483, 12772, 12847, 14005, 14702, 15207, 15737, 16304]",c2.cp.wikipathways__WP_NEOVASCULARIZATION_PROCESSES
c2.cp.wikipathways,WP_APOPTOSIS,prerank,0.5433899907811399,1.9469103126670781,0.0,0.00432310316896103,0.083,33_83,33/83,16.81%,RELA;CASP7;NFKBIA;IRF7;IRF3;TNFRSF1A;IGF1R;TRAF2;CASP4;IRF1;TNFRSF10B;LTA;CASP1;TNFRSF1B;BID;IGF2;IRF5;BCL2L1;MYC;BCL2;MCL1;BAX;BIRC3;FADD;CASP6;IKBKB;BAD;TNFRSF25;RIPK1;JUN;NFKB1;TP63;NFKBIB,RELA;CASP7;NFKBIA;IRF7;IRF3;TNFRSF1A;IGF1R;TRAF2;CASP4;IRF1;TNFRSF10B;LTA;CASP1;TNFRSF1B;BID;IGF2;IRF5;BCL2L1;MYC;BCL2;MCL1;BAX;BIRC3;FADD;CASP6;IKBKB;BAD;TNFRSF25;RIPK1;JUN;NFKB1;TP63;NFKBIB;AKT1;CASP10;TNF;PMAIP1;CDKN2A;BCL2L11;BBC3;TRADD;IRF2;BIRC5;BOK;PRF1;DFFB;TRAF1;CASP2;BIRC2;CASP9;MAP3K1;CFLAR;IKBKG;DFFA;TRAF3;MAP2K4;HELLS;NFKBIE;TP53;IRF4;BAK1;GZMB;FAS;CRADD;MAPK10;CASP8;XIAP;HRK;CYCS;CHUK;CASP3;APAF1;TNFSF10;TNFRSF21;PIK3R1;BCL2L2;MDM2;IGF1;SCAF11;TP73;BNIP3L;DIABLO;IRF6,"[68, 112, 132, 161, 315, 390, 486, 494, 515, 538, 539, 631, 645, 720, 779, 826, 1040, 1087, 1232, 1238, 1483, 1799, 1994, 2019, 2212, 2341, 2388, 2404, 2701, 2824, 2835, 2867, 2943, 3267, 3306, 3515, 3544, 3605, 3812, 3816, 4084, 4161, 4324, 4634, 4709, 5280, 5590, 6081, 6219, 6429, 7054, 7112, 7584, 7631, 7749, 8233, 8418, 8430, 8693, 8729, 8735, 8826, 9493, 9669, 10309, 10378, 11034, 11201, 11932, 12017, 12945, 13773, 13874, 14131, 14526, 14527, 15285, 15473, 15513, 16047, 16159, 16448, 16733]",c2.cp.wikipathways__WP_APOPTOSIS
c2.cp.wikipathways,WP_CANCER_PATHWAYS,prerank,0.4342723724428675,1.943056391329792,0.0,0.00442061677427594,0.088,160_479,160/479,19.45%,EPOR;NFKB2;RELA;CXCR4;FZD9;CASP7;NFKBIA;LAMB2;IFNA2;IL2RG;CCND3;FZD8;TCF7L1;DLL4;PIK3R2;GLI1;TGFB1;FRAT2;SMO;LPAR2;PLCG1;PDGFRB;FLT3LG;PLCB3;IL4R;MAX;IGF1R;IL15RA;TRAF2;FLT4;WNT6;RASGRP4;KIF7;HMOX1;RXRA;BMP4;GNB2;RAC3;BID;NOTCH4;PIK3CD;CCNA2;IGF2;HEYL;FZD2;PIM1;HSP90AA1;AXIN1;HGF;SPI1;ELK1;PML;GSTM2;BCL2L1;DVL1;MAPK3;PGF;GSTM4;IFNGR2;CSF3R;TGFB2;MYC;BCL2;FRAT1;CTBP2;FZD4;PTGER2;LEF1;RUNX1;FGFR4;WNT5B;CTBP1;VEGFA;GLI2;CALML6;VEGFB;RASSF1;CSF1R;CDK2;GADD45B;GNA12;GADD45G;LAMA5;CDKN1A;EGLN1;DVL2;BAX;GSTP1;TGFB3;SUFU;E2F2;KEAP1;GNA13;CREBBP;HSP90AB1;FZD1;BIRC3;IL6R;FADD;GNB3;DAPK3;LRP5;PTCH2;MAP2K2;IL6;ADCY9;LAMC3;MGST2;JAG2;RASGRP2;GNGT2;F2RL3;IL7R;ADCY4;HDAC1;CRK;NOTCH2;DDB2;EGLN2;LPAR5;IKBKB;EGFR;DLL1;BAD;NOTCH1;GNG11;DVL3;ERBB2;CALML4;SMAD4;STAT6;NQO1;NFE2L2;COL4A4;TGFBR2;ZBTB17;JUN;NFKB1;PLCB2;FOS;RAC2;GLI3;ADCY2;RAF1;CBL;GNAI3;CRKL;STAT3;SLC2A1;GSTT2B;MECOM;RALGDS;AKT1;RALBP1;PPARG;WNT3;FOXO1;GNG12;HES1;ITGA2B,EPOR;NFKB2;RELA;CXCR4;FZD9;CASP7;NFKBIA;LAMB2;IFNA2;IL2RG;CCND3;FZD8;TCF7L1;DLL4;PIK3R2;GLI1;TGFB1;FRAT2;SMO;LPAR2;PLCG1;PDGFRB;FLT3LG;PLCB3;IL4R;MAX;IGF1R;IL15RA;TRAF2;FLT4;WNT6;RASGRP4;KIF7;HMOX1;RXRA;BMP4;GNB2;RAC3;BID;NOTCH4;PIK3CD;CCNA2;IGF2;HEYL;FZD2;PIM1;HSP90AA1;AXIN1;HGF;SPI1;ELK1;PML;GSTM2;BCL2L1;DVL1;MAPK3;PGF;GSTM4;IFNGR2;CSF3R;TGFB2;MYC;BCL2;FRAT1;CTBP2;FZD4;PTGER2;LEF1;RUNX1;FGFR4;WNT5B;CTBP1;VEGFA;GLI2;CALML6;VEGFB;RASSF1;CSF1R;CDK2;GADD45B;GNA12;GADD45G;LAMA5;CDKN1A;EGLN1;DVL2;BAX;GSTP1;TGFB3;SUFU;E2F2;KEAP1;GNA13;CREBBP;HSP90AB1;FZD1;BIRC3;IL6R;FADD;GNB3;DAPK3;LRP5;PTCH2;MAP2K2;IL6;ADCY9;LAMC3;MGST2;JAG2;RASGRP2;GNGT2;F2RL3;IL7R;ADCY4;HDAC1;CRK;NOTCH2;DDB2;EGLN2;LPAR5;IKBKB;EGFR;DLL1;BAD;NOTCH1;GNG11;DVL3;ERBB2;CALML4;SMAD4;STAT6;NQO1;NFE2L2;COL4A4;TGFBR2;ZBTB17;JUN;NFKB1;PLCB2;FOS;RAC2;GLI3;ADCY2;RAF1;CBL;GNAI3;CRKL;STAT3;SLC2A1;GSTT2B;MECOM;RALGDS;AKT1;RALBP1;PPARG;WNT3;FOXO1;GNG12;HES1;ITGA2B;PMAIP1;RXRG;CDKN2A;WNT4;PPARD;CKS1B;TXNRD2;NKX3-1;GNAI2;BCL2L11;BBC3;ETS1;WNT7A;CDKN2B;IL13RA1;AXIN2;NOTCH3;IL23A;LAMA3;AKT2;ARAF;HRAS;GNG8;BIRC7;STAT5A;ITGA6;APC2;MST1;GSTO1;CCNE1;PTGER1;BIRC5;TCF7;FGFR3;GNG5;EGF;AGTR1;SP1;CAMK2B;PAX8;FGFR1;DAPK1;MGST1;IL15;GNAS;ADCY8;TCF7L2;IFNA13;CCDC6;RARA;STAT5B;CEBPA;JAK3;HSP90B1;JAG1;JUP;HEY2;WNT10A;CTNNA2;IL6ST;EDN1;FZD5;EDNRB;TRAF1;IFNGR1;TGFBR1;TRAF4;WNT7B;MAP2K1;AGT;GNA11;WNT9A;EGLN3;SHH;IFNA21;WNT16;SOS1;SMAD3;ALK;ARHGEF1;WNT9B;WNT11;SMAD2;BIRC2;LAMB4;GSTT2;HES5;CASP9;LAMA1;PDGFB;ROCK1;ABL1;RAD51;VEGFC;IL12B;GADD45A;CAMK2G;PIK3R3;ADCY6;BCR;ADCY7;PIK3CA;TXNRD1;ZBTB16;RPS6KB2;EP300;FZD10;LAMB3;FZD7;CDKN1B;F2;IKBKG;PDGFA;AR;LAMC1;CUL1;TRAF3;F2R;E2F1;RHOA;CDK4;CSF2RB;EPAS1;ARHGEF11;PLCG2;RASSF5;COL4A3;LAMA2;IL13;MGST3;HIF1A;WNT10B;COL4A2;GNG13;MITF;RPS6KB1;GSTM1;GSTM3;CTNNA1;IL4;PLD2;RBX1;KNG1;BDKRB1;RALA;CAMK2A;LPAR1;BRCA2;TP53;BAK1;ITGA3;NCOA1;HEY1;JAK2;TPM3;WNT5A;CDH1;PTCH1;ADCY3;RUNX1T1;IFNA1;DLL3;PIM2;LPAR6;NTRK1;JAK1;WNT2;PRKACA;ITGAV;FAS;HDAC2;EDNRA;STAT2;IFNA8;RB1;PRKCG;EPO;LAMA4;IFNAR2;RXRB;APC;NCOA3;COL4A1;MSH6;DAPK2;GNG3;GNG7;RET;IFNA6;MAPK10;PTGER4;CASP8;RARB;PDGFRA;IL12A;PTEN;GSTA1;GNB5;IFNAR1;FN1;COL4A6;GNG2;GNAQ;WNT2B;BMP2;CCNA1;PRKCA;ARHGEF12;ADCY5;FGFR2;XIAP;CDK6;TFG;LPAR3;PTGS2;FGF1;ITGB1;ESR2;GRB2;RAC1;SKP2;RALB;NOS2;STAT4;PLEKHG5;MMP2;CYCS;ARNT;TRAF6;CHUK;FZD3;GNB1;EML4;ROCK2;WNT8A;LPAR4;IL12RB1;KITLG;GSTM5;FH;HHIP;SOS2;SKP1;RASGRP3;FZD6;MAPK1;CCND2;TRAF5;CASP3;TERT;MTOR;WNT8B;ARNT2;VHL;PLD1;CCND1;PIK3CB;ADCY1;APAF1;KRAS;LRP6;IL12RB2;IL5RA;MET;CAMK2D;TXNRD3;COL4A5;IL2RB;BDKRB2;CALML3;WNT1;GNB4;PIK3R1;CUL2;E2F3;PRKCB;MAPK9;LAMC2;PLCB1;IL7;TGFA;AKT3;POLK;CCNE2;PLCB4;CXCL12;GNG4;MDM2;APPL1;IL5;IGF1;NCOA4;LAMB1;PTGER3;GSK3B;ITGA2;GNG10;KIT;GSTA4;TPR;CTNNA3;GNAI1;GSTO2;RASGRP1;CTNNB1;ESR1;PTK2;MLH1;RPS6KA5;MAPK8;PRKACB;MSH3;NRAS;STAT1;FLT3;BRAF;DCC;MMP3;MSH2,"[45, 56, 68, 77, 83, 112, 132, 160, 178, 180, 223, 225, 230, 332, 350, 369, 386, 388, 393, 395, 405, 420, 438, 441, 462, 484, 486, 491, 494, 525, 579, 615, 644, 693, 710, 730, 746, 747, 779, 781, 790, 799, 826, 830, 841, 858, 876, 877, 893, 942, 973, 985, 1035, 1087, 1089, 1114, 1138, 1139, 1147, 1164, 1191, 1232, 1238, 1279, 1322, 1368, 1376, 1377, 1384, 1389, 1392, 1410, 1439, 1477, 1491, 1509, 1540, 1549, 1573, 1626, 1633, 1669, 1680, 1714, 1719, 1798, 1799, 1811, 1861, 1875, 1883, 1924, 1948, 1980, 1985, 1987, 1994, 2017, 2019, 2026, 2034, 2090, 2094, 2104, 2121, 2127, 2141, 2145, 2168, 2194, 2199, 2216, 2230, 2248, 2268, 2270, 2279, 2302, 2317, 2339, 2341, 2347, 2363, 2388, 2437, 2472, 2492, 2593, 2596, 2618, 2644, 2676, 2684, 2709, 2773, 2776, 2824, 2835, 2865, 2889, 2938, 2987, 3009, 3033, 3071, 3127, 3142, 3143, 3156, 3200, 3227, 3266, 3267, 3283, 3284, 3325, 3351, 3370, 3383, 3407, 3544, 3602, 3605, 3643, 3681, 3684, 3714, 3726, 3746, 3812, 3816, 3821, 3834, 3838, 3851, 3853, 3857, 3864, 3919, 3956, 3967, 3976, 4018, 4089, 4109, 4120, 4159, 4234, 4263, 4289, 4313, 4324, 4349, 4371, 4434, 4444, 4464, 4488, 4493, 4519, 4624, 4698, 4710, 4728, 4729, 4754, 4922, 4952, 5060, 5072, 5095, 5110, 5207, 5272, 5281, 5286, 5306, 5355, 5369, 5448, 5566, 5568, 5580, 5590, 5613, 5624, 5636, 5668, 5701, 5734, 5737, 5748, 5778, 5805, 5807, 5824, 5826, 5844, 5957, 5981, 6089, 6105, 6205, 6219, 6251, 6342, 6408, 6429, 6474, 6544, 6585, 6593, 6595, 6620, 6713, 6740, 6774, 6862, 6958, 7004, 7067, 7105, 7174, 7188, 7191, 7268, 7367, 7368, 7442, 7452, 7524, 7584, 7604, 7620, 7640, 7681, 7749, 7751, 7793, 7817, 7822, 7860, 7864, 7981, 7982, 8008, 8021, 8158, 8159, 8191, 8234, 8235, 8242, 8244, 8314, 8326, 8329, 8401, 8413, 8442, 8450, 8474, 8499, 8507, 8587, 8596, 8629, 8630, 8693, 8735, 8739, 8813, 8866, 8889, 8908, 8910, 8970, 9019, 9021, 9029, 9040, 9053, 9063, 9144, 9253, 9271, 9348, 9427, 9460, 9493, 9498, 9524, 9534, 9616, 9620, 9622, 9692, 9784, 9792, 9818, 9884, 9917, 9975, 10063, 10107, 10116, 10209, 10215, 10218, 10309, 10354, 10378, 10395, 10418, 10432, 10528, 10539, 10609, 10611, 10662, 10672, 10725, 10758, 10827, 10854, 10863, 10873, 10898, 10986, 11001, 11034, 11099, 11116, 11119, 11182, 11280, 11311, 11385, 11405, 11471, 11550, 11557, 11576, 11706, 11755, 11784, 11932, 11989, 11998, 12017, 12043, 12079, 12195, 12203, 12291, 12294, 12365, 12483, 12486, 12562, 12646, 12680, 12689, 12728, 12762, 12772, 12887, 12914, 12945, 13041, 13065, 13192, 13340, 13393, 13456, 13673, 13676, 13767, 13773, 13814, 13826, 13865, 13885, 13901, 13938, 14142, 14154, 14160, 14242, 14316, 14329, 14500, 14526, 14541, 14549, 14648, 14702, 14822, 14865, 14894, 14919, 14998, 15086, 15109, 15159, 15207, 15235, 15285, 15377, 15390, 15473, 15564, 15592, 15604, 15613, 15635, 15670, 15737, 15806, 15832, 15937, 15942, 15977, 16013, 16018, 16134, 16229, 16252, 16291, 16304, 16466, 16504, 16714, 16938, 17194, 17259, 17281, 17427, 17502]",c2.cp.wikipathways__WP_CANCER_PATHWAYS
c2.cp.wikipathways,WP_SIGNAL_TRANSDUCTION_THROUGH_IL1R,prerank,0.6398052478457869,1.9401505421698078,0.0,0.004641647612989737,0.096,15_31,15/31,16.19%,RELA;NFKBIA;MAP2K3;TGFB1;ECSIT;IRAK2;TGFB2;IRAK3;TGFB3;IL6;IL1RN;IKBKB;IRAK1;JUN;NFKB1,RELA;NFKBIA;MAP2K3;TGFB1;ECSIT;IRAK2;TGFB2;IRAK3;TGFB3;IL6;IL1RN;IKBKB;IRAK1;JUN;NFKB1;TNF;MYD88;IL1B;IL1R1;MAP3K1;TOLLIP;MAPK14;MAP2K6;IFNA1;MAP3K7;TRAF6;CHUK;IL1A;IL1RAP;TAB1;MAPK8,"[68, 132, 292, 386, 954, 990, 1191, 1369, 1861, 2121, 2260, 2341, 2376, 2824, 2835, 3515, 4132, 4629, 5151, 7054, 7236, 7304, 7672, 9040, 9639, 11998, 12017, 12614, 13453, 13969, 16304]",c2.cp.wikipathways__WP_SIGNAL_TRANSDUCTION_THROUGH_IL1R
c2.cp.wikipathways,WP_APOPTOSISRELATED_NETWORK_DUE_TO_ALTERED_NOTCH3_IN_OVARIAN_CANCER,prerank,0.5926287164090042,1.9348640808997017,0.0,0.0049343641291242244,0.104,22_52,22/52,16.19%,HSPB1;CASP7;CARD14;BCL3;TNFRSF10B;SOCS3;HSPD1;AXIN1;RNF7;YBX3;PKN1;SMAD7;CDKN1A;HSPA5;VAV3;IL7R;HDAC1;VIM;JUND;NQO1;SQSTM1;NFKB1,HSPB1;CASP7;CARD14;BCL3;TNFRSF10B;SOCS3;HSPD1;AXIN1;RNF7;YBX3;PKN1;SMAD7;CDKN1A;HSPA5;VAV3;IL7R;HDAC1;VIM;JUND;NQO1;SQSTM1;NFKB1;AKT1;IER3;TNF;ETS1;RIPK2;APOE;BIRC5;ANXA5;TRAF1;ABL1;PTK2B;PAK2;CDKN1B;CUL1;F2R;RPS6KB1;CTNNA1;HELLS;THBS1;ERBB3;SERBP1;ERN1;NRG1;MAPK1;NET1;TNFRSF21;APP;GCLC;CUL5;PTK2,"[3, 112, 171, 347, 539, 619, 682, 877, 935, 1085, 1248, 1659, 1714, 1765, 2050, 2230, 2268, 2436, 2470, 2676, 2762, 2835, 3267, 3480, 3515, 3821, 4056, 4072, 4324, 4481, 5590, 6593, 6883, 7446, 7452, 7681, 7751, 8326, 8413, 8418, 9307, 9861, 10772, 10889, 10902, 12772, 14067, 14131, 15665, 15915, 16145, 16229]",c2.cp.wikipathways__WP_APOPTOSISRELATED_NETWORK_DUE_TO_ALTERED_NOTCH3_IN_OVARIAN_CANCER
c2.cp.wikipathways,WP_TOLLLIKE_RECEPTOR_SIGNALING_RELATED_TO_MYD88,prerank,0.6522180758371796,1.9305101085330958,0.002150537634408602,0.005130242098567604,0.111,14_31,14/31,18.06%,NFKB2;RELA;TLR5;IRF7;IRF3;TLR2;TLR8;TICAM1;TLR9;IKBKB;IRAK1;NFKB1;TLR7;IKBKE,NFKB2;RELA;TLR5;IRF7;IRF3;TLR2;TLR8;TICAM1;TLR9;IKBKB;IRAK1;NFKB1;TLR7;IKBKE;TLR4;TLR6;MYD88;TOLLIP;RELB;IKBKG;TRAF3;IRAK4;TLR1;TLR3;TRAF6;CHUK;TBK1;TICAM2;MAPK1;REL;TIRAP,"[56, 68, 95, 161, 315, 745, 783, 1184, 1414, 2341, 2376, 2835, 2886, 3163, 3516, 3775, 4132, 7236, 7492, 7584, 7749, 8568, 8679, 9420, 11998, 12017, 12506, 12768, 12772, 12847, 15108]",c2.cp.wikipathways__WP_TOLLLIKE_RECEPTOR_SIGNALING_RELATED_TO_MYD88
c2.cp.wikipathways,WP_PARKINUBIQUITIN_PROTEASOMAL_SYSTEM_PATHWAY,prerank,0.5459973658643017,1.9212918890828525,0.0,0.0057524692639616395,0.126,14_67,14/67,12.00%,HSPA6;HSPA1A;HSPA1B;HSPA1L;UBE2J2;CASP1;TUBAL3;SIAH2;TUBA1C;PSMC5;HSPA5;TUBB6;UBE2L3;HSPA4,HSPA6;HSPA1A;HSPA1B;HSPA1L;UBE2J2;CASP1;TUBAL3;SIAH2;TUBA1C;PSMC5;HSPA5;TUBB6;UBE2L3;HSPA4;UBE2L6;UBE2G2;STUB1;TUBB8;TUBB4B;CCNE1;PSMD6;UBA1;PSMD3;SIAH1;TUBA8;PSMD4;TUBB;TUBA3D;PSMD9;TUBA3E;HSPA2;PSMC3;CUL1;PSMD11;HSPA8;TUBA4A;PSMD12;PSMC1;PSMD2;PSMD8;PSMD10;RNF19A;PSMD7;PSMC4;TUBB2B;TUBA1B;TUBB2A;PSMD1;CASP8;SNCA;UBE2J1;TUBB3;PSMC6;TUBB1;PSMD14;HSPA9;PSMD13;FBXW7;SNCAIP;TUBB4A;GPR37;CASK;PSMC2;UBE2G1;PSMD5;TUBA1A;HSPA14,"[0, 2, 7, 188, 426, 645, 709, 1065, 1307, 1517, 1765, 1877, 2076, 2101, 2986, 3413, 3574, 3819, 4115, 4289, 4459, 4716, 4956, 5011, 5069, 5212, 5726, 5836, 6409, 6422, 6834, 6885, 7681, 7716, 7879, 8024, 8225, 8434, 8522, 8583, 9104, 9115, 9152, 9276, 9546, 9644, 9904, 10336, 10378, 10959, 11355, 11364, 11615, 11787, 11848, 12206, 12242, 12813, 13201, 13545, 13846, 14262, 16078, 16250, 16315, 17082, 17247]",c2.cp.wikipathways__WP_PARKINUBIQUITIN_PROTEASOMAL_SYSTEM_PATHWAY
c2.cp.wikipathways,WP_CATABOLISM_OF_SKELETAL_MUSCLE_IN_CACHEXIA,prerank,0.6153313498528127,1.918200527635473,0.0,0.0058794203097870005,0.133,18_40,18/40,20.07%,NFKB2;RELA;NFKBIA;CEBPB;TNFRSF1A;IGF1R;TNFRSF12A;TNFSF12;AKT1S1;IL6R;IL6;IKBKB;MAPK11;SMAD4;NFKB1;STAT3;AKT1;TNF,NFKB2;RELA;NFKBIA;CEBPB;TNFRSF1A;IGF1R;TNFRSF12A;TNFSF12;AKT1S1;IL6R;IL6;IKBKB;MAPK11;SMAD4;NFKB1;STAT3;AKT1;TNF;IL1B;MSTN;IL1R1;MLST8;FBXO32;SMAD3;SMAD2;TRIM63;RPTOR;EP300;RELB;IKBKG;FOXO3;MAP1LC3A;JAK1;ACVR2A;CHUK;IL1A;REL;MTOR;IGF1;PDK1,"[56, 68, 132, 311, 390, 486, 503, 1308, 1340, 2017, 2121, 2341, 2344, 2618, 2835, 3143, 3267, 3515, 4629, 4756, 5151, 5180, 5331, 5844, 6205, 6742, 7231, 7268, 7492, 7584, 8003, 8138, 9271, 10101, 12017, 12614, 12847, 13065, 15473, 16370]",c2.cp.wikipathways__WP_CATABOLISM_OF_SKELETAL_MUSCLE_IN_CACHEXIA
c2.cp.wikipathways,WP_DIFFERENTIATION_OF_WHITE_AND_BROWN_ADIPOCYTE,prerank,0.6868840846464147,1.910437872887942,0.002173913043478261,0.00615202501086735,0.144,9_21,9/21,11.83%,CEBPG;CEBPB;BMP4;MPZL2;PRDM16;PLAC8;ZNF423;BMP7;SLC7A10,CEBPG;CEBPB;BMP4;MPZL2;PRDM16;PLAC8;ZNF423;BMP7;SLC7A10;PPARG;CEBPA;CIDEA;SMAD5;SMAD9;SMAD1;EBF3;BMP2;PPARGC1A;HSPB7;ZIC1;PPARGC1B,"[257, 311, 730, 937, 944, 1971, 1993, 2039, 2072, 3284, 5110, 5679, 6234, 6481, 7143, 8500, 10854, 11622, 11846, 13001, 13100]",c2.cp.wikipathways__WP_DIFFERENTIATION_OF_WHITE_AND_BROWN_ADIPOCYTE
c2.cp.wikipathways,WP_DEVELOPMENT_OF_URETERIC_DERIVED_COLLECTING_SYSTEM,prerank,0.5941940164498539,1.9113504702449422,0.0,0.006226600456449647,0.143,18_45,18/45,17.56%,ETV4;CELSR1;SIX1;GLI1;TGFB1;SMO;SIX2;BMP4;BMP5;TGFB2;RARG;GLI2;BMP7;DCN;CTDNEP1;SPRY1;GLI3;GDF11,ETV4;CELSR1;SIX1;GLI1;TGFB1;SMO;SIX2;BMP4;BMP5;TGFB2;RARG;GLI2;BMP7;DCN;CTDNEP1;SPRY1;GLI3;GDF11;VANGL2;GPC3;RARA;SALL1;SHH;WNT11;BMPR1A;SMAD1;FST;FREM2;GRIP1;EYA1;BMPR2;CRIM1;RET;RARB;GFRA1;BMP2;ITGA8;PAX2;GDNF;FRAS1;BMPER;CCND1;MYCN;ETV5;FREM1,"[69, 78, 252, 369, 386, 393, 474, 730, 925, 1191, 1258, 1477, 2039, 2386, 2698, 2949, 2987, 3076, 3764, 4351, 5072, 5206, 5805, 6105, 6579, 7143, 7467, 7869, 8810, 9505, 10005, 10072, 10215, 10395, 10430, 10854, 11611, 11698, 12063, 12257, 13653, 13673, 14163, 14899, 16610]",c2.cp.wikipathways__WP_DEVELOPMENT_OF_URETERIC_DERIVED_COLLECTING_SYSTEM
c2.cp.wikipathways,WP_INITIATION_OF_TRANSCRIPTION_AND_TRANSLATION_ELONGATION_AT_THE_HIV1_LTR,prerank,0.640177464194126,1.9074109855466332,0.0,0.006620644657287686,0.158,15_32,15/32,16.19%,RELA;NFKBIA;NFATC4;HEXIM1;NELFA;HDAC7;HDAC4;NFATC2;NFATC1;NELFCD;CREBBP;HDAC1;NELFB;SUPT5H;NFKB1,RELA;NFKBIA;NFATC4;HEXIM1;NELFA;HDAC7;HDAC4;NFATC2;NFATC1;NELFCD;CREBBP;HDAC1;NELFB;SUPT5H;NFKB1;HDAC8;PPP3CC;HDAC3;SP1;CDK9;HDAC5;EP300;NFATC3;NELFE;HDAC2;PPP3R2;SUPT4H1;PPP3CA;PPP3R1;PPP3CB;CCNT1;HDAC9,"[68, 132, 262, 560, 652, 678, 1124, 1367, 1675, 1939, 1980, 2268, 2632, 2731, 2835, 3224, 3642, 3950, 4488, 4491, 4646, 7268, 7891, 9248, 9498, 10012, 10648, 11156, 11801, 12602, 12626, 15818]",c2.cp.wikipathways__WP_INITIATION_OF_TRANSCRIPTION_AND_TRANSLATION_ELONGATION_AT_THE_HIV1_LTR
c2.cp.wikipathways,WP_SARSCOV2_INNATE_IMMUNITY_EVASION_AND_CELLSPECIFIC_IMMUNE_RESPONSE,prerank,0.5543584808097213,1.9058292639406627,0.0,0.006681159442939772,0.162,27_61,27/61,20.99%,IRF7;CXCL6;PPBP;IRF3;TGFB1;TRAF2;CXCR2;BSG;TP53I3;CXCL11;IFITM1;CXCL1;CCL2;IL6R;FADD;CXCL9;IL6;CXCL3;CD160;RIPK1;NFKB1;TLR7;RAE1;LAG3;TNF;HAVCR2;CXCL10,IRF7;CXCL6;PPBP;IRF3;TGFB1;TRAF2;CXCR2;BSG;TP53I3;CXCL11;IFITM1;CXCL1;CCL2;IL6R;FADD;CXCL9;IL6;CXCL3;CD160;RIPK1;NFKB1;TLR7;RAE1;LAG3;TNF;HAVCR2;CXCL10;CXCL5;TRADD;TRIM25;CXCL13;CXCL2;SMAD3;DHX58;CCL5;IL10;EP300;NUP98;CCL3;TRAF3;PF4;MX1;CCL4;JAK1;HDAC2;STAT2;IFNAR2;LARP1;CASP8;IFNAR1;TANK;MAVS;TRAF6;ACE2;TBK1;IFIT2;TFAP2A;TRAF5;AP1G1;CXCL12;STAT1,"[161, 232, 294, 315, 386, 494, 680, 1058, 1426, 1566, 1596, 1774, 1826, 2017, 2019, 2028, 2121, 2258, 2405, 2701, 2835, 2886, 2890, 3277, 3515, 3593, 3676, 3891, 4084, 4214, 5314, 5578, 5844, 6182, 6365, 6941, 7268, 7363, 7600, 7749, 8058, 8348, 9267, 9271, 9498, 9534, 9792, 10304, 10378, 10611, 10953, 11317, 11998, 12402, 12506, 12848, 12910, 12914, 14742, 15207, 16938]",c2.cp.wikipathways__WP_SARSCOV2_INNATE_IMMUNITY_EVASION_AND_CELLSPECIFIC_IMMUNE_RESPONSE
c2.cp.wikipathways,WP_PI3KAKT_SIGNALING,prerank,0.44082696758813533,1.8987165522206155,0.0,0.007289105881139439,0.178,76_303,76/303,13.64%,DDIT4;EPHA2;EPOR;ITGA10;RELA;CSF1;LAMB2;IFNA2;IL2RG;ANGPT2;CCND3;FGF17;NOS3;PIK3R2;PKN3;ATF4;LPAR2;PDGFRB;FLT3LG;EIF4EBP1;IL4R;PIK3R5;IGF1R;FLT4;PCK1;ITGB5;TLR2;GNB2;PIK3CD;EFNA4;IGF2;HSP90AA1;HGF;STK11;EFNA2;BCL2L1;MAPK3;PGF;PPP2R1B;ITGA7;CSF3R;FGF11;FGF22;GYS2;MYC;BCL2;PKN1;SYK;FGFR4;VEGFA;MCL1;VEGFB;FLT1;CSF1R;CDK2;LAMA5;CDKN1A;ITGA5;CSF3;ITGB4;CDC37;HSP90AB1;IL6R;GNB3;ITGA11;MAP2K2;IL6;LAMC3;GNGT2;FGF2;COL6A1;IL7R;LPAR5;IKBKB;EGFR;BAD,DDIT4;EPHA2;EPOR;ITGA10;RELA;CSF1;LAMB2;IFNA2;IL2RG;ANGPT2;CCND3;FGF17;NOS3;PIK3R2;PKN3;ATF4;LPAR2;PDGFRB;FLT3LG;EIF4EBP1;IL4R;PIK3R5;IGF1R;FLT4;PCK1;ITGB5;TLR2;GNB2;PIK3CD;EFNA4;IGF2;HSP90AA1;HGF;STK11;EFNA2;BCL2L1;MAPK3;PGF;PPP2R1B;ITGA7;CSF3R;FGF11;FGF22;GYS2;MYC;BCL2;PKN1;SYK;FGFR4;VEGFA;MCL1;VEGFB;FLT1;CSF1R;CDK2;LAMA5;CDKN1A;ITGA5;CSF3;ITGB4;CDC37;HSP90AB1;IL6R;GNB3;ITGA11;MAP2K2;IL6;LAMC3;GNGT2;FGF2;COL6A1;IL7R;LPAR5;IKBKB;EGFR;BAD;GNG11;COL4A4;COL2A1;NFKB1;RAF1;OSMR;NGF;INSR;EFNA1;COL6A2;TNXB;VWF;CREB3;AKT1;GNG12;ITGA2B;TLR4;RPS6;BCL2L11;LAMA3;AKT2;HRAS;COL1A2;GNG8;CREB3L3;ITGA6;PDGFC;PPP2R2D;CCNE1;FGFR3;PIK3AP1;GNG5;EGF;ATF6B;SGK1;EIF4E1B;FGFR1;PPP2R5A;IFNA13;NGFR;COL1A1;IRS1;FGF8;MLST8;JAK3;HSP90B1;OSM;MAP2K1;PKN2;IFNA21;PPP2R3C;SOS1;EFNA3;PPP2CB;ITGA9;LAMB4;SPP1;CASP9;FGF20;PIK3CG;G6PC2;LAMA1;COL6A6;PDGFB;EFNA5;VEGFC;PPP2R1A;PIK3R3;PDGFD;ITGB8;ITGB7;PIK3CA;RPS6KB2;GHR;RPTOR;ITGA1;NTRK2;SGK3;LAMB3;THBS4;CDKN1B;GYS1;CREB3L2;IKBKG;PDGFA;PPP2R5D;PHLPP1;LAMC1;F2R;ITGB3;CDK4;TEK;ANGPT4;TSC2;FOXO3;COL4A3;FGF18;ATF2;LAMA2;PCK2;COL4A2;GNG13;THBS3;RPS6KB1;IL4;BRCA1;LPAR1;TP53;ITGA3;COL6A3;RHEB;ITGB6;JAK2;IFNA1;LPAR6;NTRK1;JAK1;THBS1;ITGAV;CHAD;IFNA8;EPO;LAMA4;IFNAR2;CD19;CHRM1;COL4A1;GNG3;KDR;GNG7;IFNA6;EIF4E2;COL9A1;PDGFRA;CREB1;PTEN;COL9A2;GNB5;IFNAR1;FN1;COL4A6;GNG2;PRKCA;CREB3L4;G6PC3;PDPK1;FGFR2;PHLPP2;ANGPT1;TNN;CDK6;PPP2R5B;LPAR3;FGF1;ITGB1;GRB2;RAC1;PRKAA2;ITGA8;PPP2R2A;THBS2;EIF4B;CHUK;GNB1;FGF10;FGF7;FGF9;PPP2R5C;LPAR4;KITLG;SOS2;PPP2CA;CREB3L1;MAPK1;PRLR;CCND2;CREB5;PPP2R5E;MTOR;FGF14;RBL2;CCND1;PIK3CB;KRAS;MET;PPP2R3A;COL4A5;IL2RB;FGF13;TSC1;COL6A5;GNB4;PPP2R2C;PIK3R1;COL9A3;LAMC2;IL7;TGFA;AKT3;CCNE2;GNG4;MDM2;MYB;NTF3;IGF1;FGF12;LAMB1;GSK3B;ITGA2;IBSP;GNG10;ITGA4;KIT;CHRM2;PPP2R2B;PTK2;RELN;TNC;TNR;SGK2;THEM4;NRAS;EIF4E;FGF5;FLT3;BDNF;PRKAA1,"[11, 39, 45, 52, 68, 137, 160, 178, 180, 198, 223, 282, 335, 350, 367, 381, 395, 420, 438, 455, 462, 466, 486, 525, 572, 577, 745, 746, 790, 795, 826, 876, 893, 977, 1070, 1087, 1114, 1138, 1140, 1142, 1164, 1166, 1206, 1216, 1232, 1238, 1248, 1267, 1389, 1439, 1483, 1509, 1534, 1549, 1573, 1680, 1714, 1748, 1776, 1867, 1874, 1985, 2017, 2026, 2089, 2104, 2121, 2141, 2199, 2211, 2219, 2230, 2339, 2341, 2347, 2388, 2472, 2709, 2752, 2835, 3033, 3035, 3051, 3052, 3065, 3098, 3106, 3112, 3259, 3267, 3370, 3407, 3516, 3757, 3812, 3919, 3956, 3976, 3978, 4018, 4064, 4120, 4144, 4283, 4289, 4371, 4411, 4434, 4444, 4537, 4545, 4566, 4624, 4755, 4952, 4970, 5109, 5115, 5132, 5180, 5207, 5272, 5273, 5701, 5765, 5807, 5821, 5826, 5941, 5975, 6033, 6251, 6253, 6429, 6436, 6453, 6473, 6474, 6520, 6544, 6617, 6620, 6695, 6862, 6943, 7057, 7085, 7105, 7191, 7202, 7231, 7251, 7280, 7351, 7368, 7386, 7452, 7509, 7542, 7584, 7604, 7617, 7622, 7640, 7751, 7795, 7822, 7870, 7876, 7998, 8003, 8021, 8121, 8136, 8158, 8217, 8242, 8244, 8282, 8326, 8442, 8479, 8629, 8693, 8739, 8818, 8835, 8865, 8889, 9040, 9144, 9253, 9271, 9307, 9460, 9537, 9616, 9692, 9784, 9792, 9857, 9935, 9975, 10116, 10163, 10209, 10218, 10288, 10308, 10418, 10478, 10528, 10536, 10609, 10611, 10662, 10672, 10725, 10873, 10914, 10974, 10975, 11001, 11011, 11065, 11080, 11099, 11118, 11119, 11280, 11311, 11405, 11471, 11483, 11611, 11670, 11701, 11807, 12017, 12079, 12099, 12101, 12107, 12168, 12294, 12483, 12680, 12732, 12752, 12772, 12867, 12887, 12917, 12931, 13065, 13236, 13576, 13673, 13676, 13814, 13901, 13962, 14154, 14160, 14173, 14195, 14418, 14500, 14523, 14526, 14609, 14822, 14894, 14919, 14998, 15109, 15235, 15285, 15452, 15460, 15473, 15531, 15592, 15613, 15635, 15643, 15670, 15698, 15737, 15902, 16160, 16229, 16364, 16400, 16585, 16614, 16616, 16714, 16760, 16780, 17194, 17360, 17412]",c2.cp.wikipathways__WP_PI3KAKT_SIGNALING
c2.cp.wikipathways,WP_NOTCH_SIGNALING_WP268,prerank,0.5810832879192197,1.8934061336545418,0.0,0.007769714482613255,0.191,20_45,20/45,14.23%,RFNG;DLL4;DTX2;DTX3;NOTCH4;KAT2A;DVL1;CTBP2;CTBP1;MFNG;PTCRA;DTX3L;DVL2;CREBBP;JAG2;HDAC1;NOTCH2;DLL1;NOTCH1;DVL3,RFNG;DLL4;DTX2;DTX3;NOTCH4;KAT2A;DVL1;CTBP2;CTBP1;MFNG;PTCRA;DTX3L;DVL2;CREBBP;JAG2;HDAC1;NOTCH2;DLL1;NOTCH1;DVL3;DTX1;HES1;NOTCH3;NCOR2;KCNJ5;NUMB;INPP5K;JAG1;NUMBL;LFNG;HES5;MAML1;KAT2B;DLL3;HDAC2;PSEN2;RBPJL;NCSTN;RBPJ;APH1A;PSEN1;MAML3;ADAM17;DTX4;APH1B,"[126, 332, 403, 610, 781, 986, 1089, 1322, 1410, 1481, 1559, 1785, 1798, 1980, 2168, 2268, 2279, 2363, 2437, 2492, 2979, 3383, 3857, 4578, 4811, 5201, 5236, 5281, 5396, 5856, 6408, 6909, 8626, 9053, 9498, 10674, 11314, 11977, 12114, 13434, 13571, 14918, 14928, 14973, 16361]",c2.cp.wikipathways__WP_NOTCH_SIGNALING_WP268
c2.cp.wikipathways,WP_ADIPOGENESIS,prerank,0.4831528956608622,1.886152690923914,0.0,0.008427388573938814,0.21,52_124,52/124,21.02%,KLF15;MEF2B;E2F4;CFD;CEBPB;TGFB1;NR1H3;CEBPD;PCK1;SOCS3;PLIN2;RXRA;DDIT3;BMP4;DVL1;NR2F1;LPIN1;LIF;LPIN3;AGPAT2;CNTFR;WNT5B;ID3;GADD45B;PPARA;CDKN1A;GATA2;BMP1;RETN;SLC2A4;TWIST1;FZD1;GTF3A;IL6;IRS2;MIF;GATA3;STAT6;ZMPSTE24;WWTR1;FOXC2;HNF1A;STAT3;PPARG;KLF6;FOXO1;SOCS1;KLF5;TNF;RXRG;GDF10;PPARD,KLF15;MEF2B;E2F4;CFD;CEBPB;TGFB1;NR1H3;CEBPD;PCK1;SOCS3;PLIN2;RXRA;DDIT3;BMP4;DVL1;NR2F1;LPIN1;LIF;LPIN3;AGPAT2;CNTFR;WNT5B;ID3;GADD45B;PPARA;CDKN1A;GATA2;BMP1;RETN;SLC2A4;TWIST1;FZD1;GTF3A;IL6;IRS2;MIF;GATA3;STAT6;ZMPSTE24;WWTR1;FOXC2;HNF1A;STAT3;PPARG;KLF6;FOXO1;SOCS1;KLF5;TNF;RXRG;GDF10;PPARD;ASIP;SERPINE1;STAT5A;SP1;NCOR2;HMGA1;PLIN1;RARA;STAT5B;CEBPA;IRS1;OSM;LMNA;IL6ST;RBL1;AGT;SMAD3;LPIN2;CELF1;GADD45A;LIFR;TRIB3;E2F1;FRZB;EPAS1;RORA;PCK2;HIF1A;WNT10B;NAMPT;NCOA1;CYP26A1;LPL;AHR;SREBF1;FAS;STAT2;NDN;RB1;BSCL2;LIPE;BMP3;CISD1;DLK1;CREB1;BMP2;MBNL1;IRS4;CYP26B1;PPARGC1A;KLF7;EBF1;MEF2D;MEF2C;NCOR1;PRLR;NCOA2;RBL2;NR3C1;WNT1;NRIP1;SCD;MEF2A;IGF1;MIXL1;SPOCK1;PNPLA3;CTNNB1;PTGIS;SFRP4;STAT1;EGR2,"[106, 121, 229, 280, 311, 386, 444, 569, 572, 619, 632, 710, 729, 730, 1089, 1093, 1110, 1188, 1274, 1353, 1386, 1392, 1413, 1626, 1634, 1714, 1766, 1768, 1835, 1904, 1908, 1987, 2068, 2121, 2357, 2475, 2530, 2644, 2844, 2900, 3060, 3074, 3143, 3284, 3324, 3351, 3430, 3478, 3515, 3602, 3659, 3681, 3910, 4011, 4109, 4488, 4578, 4727, 4945, 5072, 5095, 5110, 5115, 5273, 5411, 5448, 5706, 5734, 5844, 5918, 6567, 6740, 6831, 7315, 7793, 7828, 7864, 7923, 8217, 8234, 8235, 8789, 8813, 8895, 8940, 9293, 9432, 9493, 9534, 9598, 9620, 9684, 9728, 9778, 10119, 10158, 10478, 10854, 11269, 11477, 11581, 11622, 11636, 12053, 12103, 12683, 12807, 12867, 13040, 13576, 14123, 14329, 14451, 15398, 15464, 15473, 15628, 15630, 15827, 16018, 16232, 16403, 16938, 16961]",c2.cp.wikipathways__WP_ADIPOGENESIS
c2.cp.wikipathways,WP_TCELL_ACTIVATION_SARSCOV2,prerank,0.5233421273898758,1.8816770797680347,0.0,0.00896095858618852,0.223,40_81,40/81,22.78%,RELA;NFKBIA;LAT;CD4;PLCG1;LTA;HLA-DRB1;PIK3CD;LCK;FYN;BCL2L1;MAPK3;TYK2;IRF2BPL;HLA-DRA;CD86;NFATC1;CDKN1A;BAX;MAP2K2;IKBKB;ZAP70;CD247;GRAP2;JUN;NFKB1;FOS;RAF1;CD80;IL18R1;AKT1;LCP2;CD3E;TNF;CDKN2A;CARD11;PPP3CC;IL23A;HRAS;PTPRC,RELA;NFKBIA;LAT;CD4;PLCG1;LTA;HLA-DRB1;PIK3CD;LCK;FYN;BCL2L1;MAPK3;TYK2;IRF2BPL;HLA-DRA;CD86;NFATC1;CDKN1A;BAX;MAP2K2;IKBKB;ZAP70;CD247;GRAP2;JUN;NFKB1;FOS;RAF1;CD80;IL18R1;AKT1;LCP2;CD3E;TNF;CDKN2A;CARD11;PPP3CC;IL23A;HRAS;PTPRC;MYD88;MLST8;MAP2K1;SOS1;BCL10;IL12B;MALT1;RPTOR;IKBKG;TSC2;FOXO3;IL4;CD3G;TP53;RHEB;JAK2;CTLA4;CCL28;IFNAR2;CD28;IL12A;PTEN;IFNAR1;PDPK1;GRB2;STAT4;CHUK;IL12RB1;RICTOR;MAPK1;MTOR;CCND1;IL12RB2;DEPTOR;TSC1;PIK3R1;GSK3B;ITPR1;CCL19;RASGRP1;PRKCQ,"[68, 132, 194, 204, 405, 631, 784, 790, 1019, 1046, 1087, 1114, 1122, 1443, 1505, 1574, 1675, 1714, 1799, 2104, 2341, 2462, 2564, 2574, 2824, 2835, 2889, 3033, 3114, 3123, 3267, 3402, 3429, 3515, 3605, 3620, 3642, 3864, 3976, 3989, 4132, 5180, 5701, 5826, 6271, 6713, 7227, 7231, 7584, 7998, 8003, 8442, 8645, 8693, 8835, 8889, 8921, 9263, 9792, 9793, 10432, 10528, 10611, 10975, 11405, 11706, 12017, 12365, 12747, 12772, 13065, 13673, 13865, 13996, 14195, 14526, 15613, 15616, 15722, 16013, 16535]",c2.cp.wikipathways__WP_TCELL_ACTIVATION_SARSCOV2
c2.cp.wikipathways,WP_TCELL_RECEPTOR_SIGNALING,prerank,0.5277648716458947,1.8752003360916747,0.0,0.00953590189879524,0.242,38_84,38/84,19.58%,RELA;NFKBIA;LAT;CD4;PIK3R2;TGFB1;PLCG1;IL15RA;MAP4K1;LCK;FYN;WAS;MAPK3;PSTPIP1;NFATC2;NFATC1;VAV3;MAP2K2;IL6;CRK;IL9;IKBKB;VIM;ZAP70;GATA3;CD247;GRAP2;JUN;NFKB1;VAV1;FOS;MAP3K8;RAF1;CBL;CRKL;AKT1;LCP2;CD3E,RELA;NFKBIA;LAT;CD4;PIK3R2;TGFB1;PLCG1;IL15RA;MAP4K1;LCK;FYN;WAS;MAPK3;PSTPIP1;NFATC2;NFATC1;VAV3;MAP2K2;IL6;CRK;IL9;IKBKB;VIM;ZAP70;GATA3;CD247;GRAP2;JUN;NFKB1;VAV1;FOS;MAP3K8;RAF1;CBL;CRKL;AKT1;LCP2;CD3E;CARD11;HRAS;RIPK2;CCR5;IL1B;SHC1;ITK;MAP2K1;SOS1;NCK1;SH2B3;BCL10;CD83;PTK2B;MALT1;MAPK14;IKBKG;ATF2;CD3G;IRF4;CD8A;FAS;PRKCD;MAP3K7;CD28;SKAP1;CREB1;GAB2;PDPK1;GRB2;TRAF6;CHUK;OPRM1;IL1A;MAPK1;REL;CBLB;PAK1;PIK3R1;MAPK9;DBNL;ITPR1;PTPN11;CDC42;MAPK8;PRKCQ,"[68, 132, 194, 204, 350, 386, 405, 491, 993, 1019, 1046, 1067, 1114, 1136, 1367, 1675, 2050, 2104, 2121, 2270, 2276, 2341, 2436, 2462, 2530, 2564, 2574, 2824, 2835, 2843, 2889, 2891, 3033, 3071, 3142, 3267, 3402, 3429, 3620, 3976, 4056, 4246, 4629, 4654, 5489, 5701, 5826, 6129, 6169, 6271, 6724, 6883, 7227, 7304, 7584, 8136, 8645, 8729, 9346, 9493, 9580, 9639, 9793, 9826, 10478, 10756, 10975, 11405, 11998, 12017, 12246, 12614, 12772, 12847, 13235, 14368, 14526, 14702, 15173, 15616, 16007, 16108, 16304, 16535]",c2.cp.wikipathways__WP_TCELL_RECEPTOR_SIGNALING
c2.cp.wikipathways,WP_FOCAL_ADHESION_PI3KAKTMTORSIGNALING,prerank,0.4394491591384505,1.8678384834881485,0.0,0.009890046547938916,0.258,85_283,85/283,18.02%,DDIT4;EPHA2;EPOR;ITGA10;HIF3A;CSF1;LAMB2;IL2RG;ANGPT2;FGF17;NOS3;PIK3R2;ATF4;LPAR2;PDGFRB;EIF4EBP1;IL4R;PIK3R5;IGF1R;FLT4;ITGB5;COL5A3;GNB2;PIK3CD;EFNA4;SLC2A3;HSP90AA1;HGF;ITGB2;CAB39L;STK11;EFNA2;MAPK3;PGF;PPP2R1B;ITGA7;CSF3R;FGF11;FGF22;GYS2;AKT1S1;FGFR4;VEGFA;ITGAM;VEGFB;FLT1;CSF1R;PFKFB3;LAMA5;CDKN1A;ITGA5;CSF3;ITGB4;CDC37;SLC2A4;HSP90AB1;IL6R;GNB3;ITGA11;MAP2K2;LAMC3;GNGT2;FGF2;IL7R;LPAR5;IKBKB;EGFR;IRS2;BAD;GNG11;CRTC2;COL4A4;ULK1;ITGAL;COL2A1;PFKFB4;RAF1;OSMR;NGF;INSR;EFNA1;COL6A2;TNXB;VWF;SLC2A1,DDIT4;EPHA2;EPOR;ITGA10;HIF3A;CSF1;LAMB2;IL2RG;ANGPT2;FGF17;NOS3;PIK3R2;ATF4;LPAR2;PDGFRB;EIF4EBP1;IL4R;PIK3R5;IGF1R;FLT4;ITGB5;COL5A3;GNB2;PIK3CD;EFNA4;SLC2A3;HSP90AA1;HGF;ITGB2;CAB39L;STK11;EFNA2;MAPK3;PGF;PPP2R1B;ITGA7;CSF3R;FGF11;FGF22;GYS2;AKT1S1;FGFR4;VEGFA;ITGAM;VEGFB;FLT1;CSF1R;PFKFB3;LAMA5;CDKN1A;ITGA5;CSF3;ITGB4;CDC37;SLC2A4;HSP90AB1;IL6R;GNB3;ITGA11;MAP2K2;LAMC3;GNGT2;FGF2;IL7R;LPAR5;IKBKB;EGFR;IRS2;BAD;GNG11;CRTC2;COL4A4;ULK1;ITGAL;COL2A1;PFKFB4;RAF1;OSMR;NGF;INSR;EFNA1;COL6A2;TNXB;VWF;SLC2A1;CREB3;AKT1;FOXO1;GNG12;ITGA2B;TBC1D1;RPS6;LAMA3;PELO;AKT2;HRAS;COL1A2;GNG8;CREB3L3;ITGA6;ITGAX;PDGFC;PPP2R2D;FGFR3;GNG5;EGF;COL11A1;ATF6B;EIF4E1B;FGFR1;COL5A1;PPP2R5A;NGFR;COL1A1;IRS1;FGF8;MLST8;JAK3;HSP90B1;OSM;ITGAE;MAP2K1;PPP2R3C;SOS1;EFNA3;PPP2CB;ITGA9;SPP1;CASP9;FGF20;PIK3CG;LAMA1;PDGFB;EFNA5;VEGFC;FGF16;PPP2R1A;RAB11B;RAB8A;PDGFD;ITGB8;ITGB7;PIK3CA;RPS6KB2;GHR;RPTOR;LAMB3;THBS4;CDKN1B;GYS1;CREB3L2;IKBKG;PDGFA;PPP2R5D;PHLPP1;LAMC1;F2R;ITGB3;EPAS1;TEK;ANGPT4;TSC2;FOXO3;ELAVL1;FGF18;ATF2;LAMA2;FOXA1;HIF1A;COL4A2;GNG13;THBS3;RPS6KB1;LPAR1;ITGA3;RHEB;ITGB6;JAK2;LPAR6;JAK1;THBS1;SREBF1;ITGAV;CHAD;EPO;LIPE;LAMA4;IFNAR2;CHRM1;COL4A1;GNG3;KDR;GNG7;EIF4E2;COL11A2;RAB10;PDGFRA;CREB1;PTEN;IFNAR1;FN1;COL4A6;COL5A2;GNG2;CREB3L4;PDPK1;FGFR2;PHLPP2;ANGPT1;TNN;PPP2R5B;LPAR3;FGF1;ITGB1;GRB2;IRS4;PRKAA2;NOS2;ITGA8;PPARGC1A;THBS2;EIF4B;CAB39;ACACA;GNB1;FGF10;FGF7;FGF9;PPP2R5C;PIK3C2B;LPAR4;KITLG;PPP2CA;ITGAD;CREB3L1;MAPK1;PIK3IP1;PRLR;COL3A1;CREB5;PPP2R5E;MTOR;FGF14;STRADA;PIK3CB;KRAS;MET;PPP2R3A;IL2RB;FGF13;TSC1;PFKFB2;PIK3C2A;RAB2A;GNB4;PPP2R2C;PIK3R1;LAMC2;AKT3;RAB14;GNG4;MDM2;IGF1;FGF12;LAMB1;GSK3B;ITGA2;IBSP;GNG10;ITGA4;KIT;NOS1;CHRM2;PFKFB1;PPP2R2B;PTK2;RELN;TNC;TNR;NRAS;EIF4E;PIK3R4;PRKAA1,"[11, 39, 45, 52, 61, 137, 160, 180, 198, 282, 335, 350, 381, 395, 420, 455, 462, 466, 486, 525, 577, 660, 746, 790, 795, 833, 876, 893, 902, 903, 977, 1070, 1114, 1138, 1140, 1142, 1164, 1166, 1206, 1216, 1340, 1389, 1439, 1487, 1509, 1534, 1549, 1594, 1680, 1714, 1748, 1776, 1867, 1874, 1904, 1985, 2017, 2026, 2089, 2104, 2141, 2199, 2211, 2230, 2339, 2341, 2347, 2357, 2388, 2472, 2510, 2709, 2735, 2736, 2752, 3002, 3033, 3035, 3051, 3052, 3065, 3098, 3106, 3112, 3156, 3259, 3267, 3351, 3370, 3407, 3500, 3757, 3919, 3938, 3956, 3976, 3978, 4018, 4064, 4120, 4130, 4144, 4283, 4371, 4434, 4444, 4498, 4537, 4566, 4624, 4715, 4755, 4970, 5109, 5115, 5132, 5180, 5207, 5272, 5273, 5292, 5701, 5821, 5826, 5941, 5975, 6033, 6253, 6429, 6436, 6453, 6474, 6544, 6617, 6620, 6665, 6695, 6712, 6908, 6943, 7057, 7085, 7105, 7191, 7202, 7231, 7368, 7386, 7452, 7509, 7542, 7584, 7604, 7617, 7622, 7640, 7751, 7795, 7864, 7870, 7876, 7998, 8003, 8106, 8121, 8136, 8158, 8215, 8234, 8242, 8244, 8282, 8326, 8629, 8739, 8835, 8865, 8889, 9144, 9271, 9307, 9432, 9460, 9537, 9692, 9728, 9784, 9792, 9935, 9975, 10116, 10163, 10209, 10288, 10300, 10353, 10418, 10478, 10528, 10611, 10662, 10672, 10693, 10725, 10914, 10975, 11001, 11011, 11065, 11080, 11118, 11119, 11280, 11311, 11405, 11477, 11483, 11576, 11611, 11622, 11701, 11807, 11898, 11923, 12079, 12099, 12101, 12107, 12168, 12233, 12294, 12483, 12732, 12744, 12752, 12772, 12828, 12867, 12899, 12917, 12931, 13065, 13236, 13446, 13676, 13814, 13901, 13962, 14160, 14173, 14195, 14254, 14351, 14415, 14500, 14523, 14526, 14822, 14998, 15080, 15235, 15285, 15473, 15531, 15592, 15613, 15635, 15643, 15670, 15698, 15737, 15846, 15902, 16062, 16160, 16229, 16364, 16400, 16585, 16714, 16760, 16837, 17412]",c2.cp.wikipathways__WP_FOCAL_ADHESION_PI3KAKTMTORSIGNALING
c2.cp.wikipathways,WP_TLR4_SIGNALING_AND_TOLERANCE,prerank,0.6456929138382432,1.8684486447509605,0.0021598272138228943,0.010056903161477764,0.257,15_26,15/26,20.08%,NFKBIA;IRF7;IRF3;INPP5D;TICAM1;IRAK3;TAB2;IL6;IKBKB;IRAK1;RIPK1;NFKB1;IKBKE;TNF;TLR4,NFKBIA;IRF7;IRF3;INPP5D;TICAM1;IRAK3;TAB2;IL6;IKBKB;IRAK1;RIPK1;NFKB1;IKBKE;TNF;TLR4;MYD88;IKBKG;TRAF3;IRAK4;MAP3K7;TRAM1;TRAF6;CHUK;TBK1;TAB1;TIRAP,"[132, 161, 315, 448, 1184, 1369, 2058, 2121, 2341, 2376, 2701, 2835, 3163, 3515, 3516, 4132, 7584, 7749, 8568, 9639, 10410, 11998, 12017, 12506, 13969, 15108]",c2.cp.wikipathways__WP_TLR4_SIGNALING_AND_TOLERANCE
c2.cp.wikipathways,WP_HEPATITIS_C_AND_HEPATOCELLULAR_CARCINOMA,prerank,0.58081876843731,1.8642118954815716,0.0,0.010116411464208401,0.266,20_46,20/46,18.66%,CASP7;TGFB1;CXCR1;BCL2L1;PODXL;MAPK3;MYC;LEF1;VEGFA;CDKN1A;E2F2;BIRC3;IL6R;IL6;SMAD4;JUN;NFKB1;HNF1A;STAT3;AKT1,CASP7;TGFB1;CXCR1;BCL2L1;PODXL;MAPK3;MYC;LEF1;VEGFA;CDKN1A;E2F2;BIRC3;IL6R;IL6;SMAD4;JUN;NFKB1;HNF1A;STAT3;AKT1;BIRC5;RRM2;TGFBR1;CD44;CTTN;SOS1;SMAD3;UCHL1;MYOF;CASP9;MAPK14;FRZB;VAV2;HIF1A;COL4A2;BRCA1;TP53;JAK1;PTGS2;GRB2;RAC1;NOS2;CASP3;CCND1;PTPN11;MAPK8,"[112, 386, 599, 1087, 1091, 1114, 1232, 1377, 1439, 1714, 1883, 1994, 2017, 2121, 2618, 2824, 2835, 3074, 3143, 3267, 4324, 4435, 5624, 5731, 5769, 5826, 5844, 5855, 6084, 6429, 7304, 7828, 8144, 8234, 8242, 8479, 8693, 9271, 11182, 11405, 11471, 11576, 12945, 13673, 16007, 16304]",c2.cp.wikipathways__WP_HEPATITIS_C_AND_HEPATOCELLULAR_CARCINOMA
c2.cp.wikipathways,WP_IMMUNE_INFILTRATION_IN_PANCREATIC_CANCER,prerank,0.6245918102234077,1.8583171556432359,0.006369426751592357,0.0104801980695806,0.276,12_31,12/31,12.96%,MMP9;TGFB1;LGALS9;TGFB2;VEGFA;VEGFB;CCL20;CXCL1;CCL2;TGFB3;IL6;LGALS1,MMP9;TGFB1;LGALS9;TGFB2;VEGFA;VEGFB;CCL20;CXCL1;CCL2;TGFB3;IL6;LGALS1;TNF;IL23A;CXCL5;IL17B;IL17D;IL1B;LGALS3;CCL5;VEGFC;IL12B;IL10;IL13;IL4;CCL28;IL17C;IL12A;IL25;CXCL12;IL5,"[27, 386, 718, 1191, 1439, 1509, 1617, 1774, 1826, 1861, 2121, 2269, 3515, 3864, 3891, 4039, 4138, 4629, 6287, 6365, 6620, 6713, 6941, 8159, 8442, 9263, 10343, 10432, 12112, 15207, 15390]",c2.cp.wikipathways__WP_IMMUNE_INFILTRATION_IN_PANCREATIC_CANCER
c2.cp.wikipathways,WP_ENDOCHONDRAL_OSSIFICATION,prerank,0.5425181774274589,1.8534378289033662,0.0,0.010774248701667087,0.294,22_57,22/57,17.24%,SERPINH1;MMP9;IHH;PTH1R;SLC38A2;TGFB1;IGF1R;RUNX3;IGF2;CHST11;SCIN;HDAC4;TGFB2;VEGFA;SOX9;BMP7;THRA;FGF2;BMP6;COL2A1;GLI3;TIMP3,SERPINH1;MMP9;IHH;PTH1R;SLC38A2;TGFB1;IGF1R;RUNX3;IGF2;CHST11;SCIN;HDAC4;TGFB2;VEGFA;SOX9;BMP7;THRA;FGF2;BMP6;COL2A1;GLI3;TIMP3;AKT1;FGFR3;FGFR1;STAT5B;ADAMTS1;PLAU;SOX5;PLAT;ENPP1;SPP1;BMPR1A;RUNX2;ACAN;GHR;ALPL;FRZB;FGF18;CDKN1C;MGP;PTCH1;PRKACA;SOX6;COL10A1;IFT88;CAB39;MEF2C;DDR2;ADAMTS4;CALM1;PTHLH;IGF1;KIF3A;HMGCS1;STAT1;ADAMTS5,"[8, 27, 168, 218, 301, 386, 486, 751, 826, 1014, 1109, 1124, 1191, 1439, 2005, 2039, 2052, 2211, 2547, 2752, 2987, 3019, 3267, 4371, 4624, 5095, 5129, 5250, 5260, 5897, 5903, 6253, 6579, 6841, 7193, 7202, 7488, 7828, 8121, 8377, 8492, 9019, 9427, 9745, 10785, 11814, 11898, 12683, 13390, 13535, 14779, 14886, 15473, 15974, 16695, 16938, 17321]",c2.cp.wikipathways__WP_ENDOCHONDRAL_OSSIFICATION
c2.cp.wikipathways,WP_ENDOCHONDRAL_OSSIFICATION_WITH_SKELETAL_DYSPLASIAS,prerank,0.5425181774274589,1.8534378289033662,0.0,0.010774248701667087,0.294,22_57,22/57,17.24%,SERPINH1;MMP9;IHH;PTH1R;SLC38A2;TGFB1;IGF1R;RUNX3;IGF2;CHST11;SCIN;HDAC4;TGFB2;VEGFA;SOX9;BMP7;THRA;FGF2;BMP6;COL2A1;GLI3;TIMP3,SERPINH1;MMP9;IHH;PTH1R;SLC38A2;TGFB1;IGF1R;RUNX3;IGF2;CHST11;SCIN;HDAC4;TGFB2;VEGFA;SOX9;BMP7;THRA;FGF2;BMP6;COL2A1;GLI3;TIMP3;AKT1;FGFR3;FGFR1;STAT5B;ADAMTS1;PLAU;SOX5;PLAT;ENPP1;SPP1;BMPR1A;RUNX2;ACAN;GHR;ALPL;FRZB;FGF18;CDKN1C;MGP;PTCH1;PRKACA;SOX6;COL10A1;IFT88;CAB39;MEF2C;DDR2;ADAMTS4;CALM1;PTHLH;IGF1;KIF3A;HMGCS1;STAT1;ADAMTS5,"[8, 27, 168, 218, 301, 386, 486, 751, 826, 1014, 1109, 1124, 1191, 1439, 2005, 2039, 2052, 2211, 2547, 2752, 2987, 3019, 3267, 4371, 4624, 5095, 5129, 5250, 5260, 5897, 5903, 6253, 6579, 6841, 7193, 7202, 7488, 7828, 8121, 8377, 8492, 9019, 9427, 9745, 10785, 11814, 11898, 12683, 13390, 13535, 14779, 14886, 15473, 15974, 16695, 16938, 17321]",c2.cp.wikipathways__WP_ENDOCHONDRAL_OSSIFICATION_WITH_SKELETAL_DYSPLASIAS
c2.cp.wikipathways,WP_ULCERATIVE_COLITIS_SIGNALING,prerank,0.6902325240638125,1.838314814995405,0.00646551724137931,0.012063038994210615,0.341,11_17,11/17,16.19%,IL2RG;TGFB1;IL4R;TLR2;MAF;NOD2;NFATC1;HLA-DMA;GATA3;STAT6;NFKB1,IL2RG;TGFB1;IL4R;TLR2;MAF;NOD2;NFATC1;HLA-DMA;GATA3;STAT6;NFKB1;TNF;IL10;IL13;IL4;IL5;FOXP3,"[180, 386, 462, 745, 1021, 1266, 1675, 2494, 2530, 2644, 2835, 3515, 6941, 8159, 8442, 15390, 15494]",c2.cp.wikipathways__WP_ULCERATIVE_COLITIS_SIGNALING
c2.cp.wikipathways,WP_IL18_SIGNALING,prerank,0.4397364022421084,1.8388370253940696,0.0,0.012217670153731605,0.341,87_249,87/249,19.12%,HSPB1;MMP9;NFKB2;RELA;NFKBIA;NFATC4;CEBPB;HDGF;GRN;TNFRSF1A;PLCG1;NR1H3;NCF1;ZC3H12A;ZDHHC7;CLDN15;MEPCE;IRF1;TSHZ1;PPP1R13L;SOCS3;IL18;TNFRSF11B;CCDC9;HMOX1;PLOD3;BID;CCNA2;CXCL16;LCK;UCK1;BSG;BCL2L1;MAPK3;ZNF444;BCL2;PKN1;ULBP2;VEGFA;KLF2;PTMS;KLC1;CCL20;RANGAP1;BAX;LMNB2;CCL2;ZNF219;ICAM1;BIRC3;FADD;ARG1;HSPB8;IL6;TNFAIP3;CXCL3;IL9;ENO1;IKBKB;NFKBIZ;IRAK1;BAD;STK40;CD81;FAM110A;MYH7;PPT2;IMP3;JUN;NFKB1;ACTA1;FOS;RAE1;TGM2;SEMA6C;COX17;TIMP1;TIMP3;MAP2K7;IL18R1;RPS11;SDC4;IL17RC;TBX21;KIFC3;BAZ1B;NACA,HSPB1;MMP9;NFKB2;RELA;NFKBIA;NFATC4;CEBPB;HDGF;GRN;TNFRSF1A;PLCG1;NR1H3;NCF1;ZC3H12A;ZDHHC7;CLDN15;MEPCE;IRF1;TSHZ1;PPP1R13L;SOCS3;IL18;TNFRSF11B;CCDC9;HMOX1;PLOD3;BID;CCNA2;CXCL16;LCK;UCK1;BSG;BCL2L1;MAPK3;ZNF444;BCL2;PKN1;ULBP2;VEGFA;KLF2;PTMS;KLC1;CCL20;RANGAP1;BAX;LMNB2;CCL2;ZNF219;ICAM1;BIRC3;FADD;ARG1;HSPB8;IL6;TNFAIP3;CXCL3;IL9;ENO1;IKBKB;NFKBIZ;IRAK1;BAD;STK40;CD81;FAM110A;MYH7;PPT2;IMP3;JUN;NFKB1;ACTA1;FOS;RAE1;TGM2;SEMA6C;COX17;TIMP1;TIMP3;MAP2K7;IL18R1;RPS11;SDC4;IL17RC;TBX21;KIFC3;BAZ1B;NACA;ITGA2B;IER3;TNF;S1PR4;RUSC1;IL18RAP;NCAPH2;HDAC3;COL1A2;MMP14;MYD88;RND2;CLDN4;ZNF143;SLC12A3;ITM2C;SP1;RGS16;IL1B;MTCH1;NCF2;CPT1A;FUT1;ARFGAP1;CENPB;CLDN12;HPS1;COL1A1;LARS2;ECH1;PRCC;NSMF;CXCL2;TRAF1;ACACB;ATF3;IL18BP;ZBTB7A;ARF6;SPP1;FOXN3;LTB;HCAR2;TRPM7;CA11;CCL5;PYGB;BIN1;ACADS;IL12B;CD83;ABHD16A;RUNX2;KCNH2;APBA2;IL10;LRRFIP1;DEK;CFLAR;EPS8;TNFAIP2;RPTOR;NPPB;CCL3;MBTPS1;NDUFC1;ELAVL1;NPPA;IL13;SNTB1;RPS6KB1;PTPRZ1;NFKBIE;STOML1;B2M;TP53;NOX1;MYH6;BTG2;TMSB4X;HADH;CCL4;EEF2;RASA3;FAS;PRKCD;MAP3K7;PARP1;RXRB;TOMM40;CCNB2;CASP8;GRM7;PTEN;NR4A1;FN1;CDK5R2;BMP2;PRKCA;EPB41;PTGS2;CNTN2;PTPN7;TMEM165;NOS2;ARFGAP2;PLA2G7;MMP2;FAM186B;CYCS;TF;TRAF6;CHUK;USP5;ARL4D;CCL1;STMN1;KITLG;ANP32A;ABCF1;RFX5;TICAM2;MAPK1;CLDN1;FBXW7;GATA1;REL;KRT31;COL3A1;CASP3;CETP;PTX3;TRPC4AP;PIGT;SLC4A7;PLD1;PHF20;ALS2;UGGT1;SYT10;TNIP3;PIK3R1;PRKCB;MAPK9;NRN1;MEF2A;DES;GSK3B;CCL19;CTNNB1;GRIN2B;BPGM;TACR1;IRF6;LONP2;ACTA2;CLDN3;SEMA6D;ADAMTS5;PRKAA1;MMP3;CD36,"[3, 27, 56, 68, 132, 262, 311, 318, 330, 390, 405, 444, 461, 480, 512, 514, 528, 538, 596, 613, 619, 662, 664, 687, 693, 707, 779, 799, 983, 1019, 1047, 1058, 1087, 1114, 1132, 1238, 1248, 1402, 1439, 1446, 1518, 1562, 1617, 1743, 1799, 1800, 1826, 1864, 1872, 1994, 2019, 2020, 2088, 2121, 2189, 2258, 2276, 2285, 2341, 2368, 2376, 2388, 2449, 2595, 2602, 2695, 2733, 2788, 2824, 2835, 2840, 2889, 2890, 2975, 2976, 2992, 2996, 3019, 3121, 3123, 3166, 3208, 3234, 3251, 3261, 3330, 3349, 3407, 3480, 3515, 3563, 3884, 3895, 3913, 3950, 3978, 4031, 4132, 4135, 4357, 4401, 4461, 4465, 4488, 4541, 4629, 4631, 4720, 4767, 4784, 4788, 4800, 4844, 4859, 5109, 5131, 5302, 5394, 5445, 5578, 5590, 5622, 5684, 6094, 6178, 6249, 6253, 6260, 6278, 6307, 6324, 6327, 6365, 6390, 6479, 6663, 6713, 6724, 6745, 6841, 6843, 6868, 6941, 6976, 7046, 7112, 7145, 7216, 7231, 7489, 7600, 7745, 7758, 8106, 8110, 8159, 8201, 8326, 8386, 8430, 8449, 8604, 8693, 8800, 8823, 8882, 9219, 9255, 9267, 9332, 9446, 9493, 9580, 9639, 9697, 9818, 9825, 9950, 10378, 10449, 10528, 10627, 10662, 10754, 10854, 10873, 10919, 11182, 11306, 11431, 11551, 11576, 11662, 11738, 11784, 11878, 11932, 11964, 11998, 12017, 12048, 12322, 12414, 12454, 12483, 12532, 12704, 12736, 12768, 12772, 12800, 12813, 12826, 12847, 12889, 12899, 12945, 12974, 13208, 13254, 13270, 13450, 13456, 13837, 13929, 13932, 13960, 14330, 14526, 14648, 14702, 15296, 15464, 15563, 15613, 15722, 16018, 16281, 16582, 16625, 16733, 16890, 17077, 17081, 17186, 17321, 17412, 17427, 17434]",c2.cp.wikipathways__WP_IL18_SIGNALING
c2.cp.wikipathways,WP_APOPTOSIS_MODULATION_BY_HSP70,prerank,0.7054662359415383,1.8396434702320934,0.003952569169960474,0.012269150415621995,0.338,8_18,8/18,16.19%,HSPA1A;CASP7;TNFRSF1A;BID;FADD;CASP6;RIPK1;NFKB1,HSPA1A;CASP7;TNFRSF1A;BID;FADD;CASP6;RIPK1;NFKB1;CASP2;CASP9;MAP3K1;FAS;MAPK10;CASP8;CYCS;AIFM1;CASP3;APAF1,"[2, 112, 390, 779, 2019, 2212, 2701, 2835, 6081, 6429, 7054, 9493, 10309, 10378, 11932, 12943, 12945, 13773]",c2.cp.wikipathways__WP_APOPTOSIS_MODULATION_BY_HSP70
c2.cp.wikipathways,WP_INTERLEUKIN1_IL1_STRUCTURAL_PATHWAY,prerank,0.5549921437554216,1.8422893469168122,0.0,0.012294840403454957,0.334,22_48,22/48,17.82%,RELA;MKNK2;NFKBIA;IRF7;MAP2K3;MAPKAPK2;ELK1;IRAK2;MAPK3;MYC;TAB2;MAP2K2;IKBKB;MAPK11;IRAK1;SAFB;MAP3K3;NFKB1;FOS;MAP3K8;NFKBIB;MAP2K7,RELA;MKNK2;NFKBIA;IRF7;MAP2K3;MAPKAPK2;ELK1;IRAK2;MAPK3;MYC;TAB2;MAP2K2;IKBKB;MAPK11;IRAK1;SAFB;MAP3K3;NFKB1;FOS;MAP3K8;NFKBIB;MAP2K7;MYD88;IL1R1;MAP2K1;MKNK1;MAP3K1;TOLLIP;MAPK14;MAP2K6;ATF2;MAP2K4;IRAK4;MBP;MAP3K7;MAPK10;TANK;TRAF6;CHUK;IL1A;MAPK1;IL1RAP;TAB1;MAPK9;RPS6KA5;MAPK8;EIF4E;TAB3,"[68, 81, 132, 161, 292, 344, 973, 990, 1114, 1232, 2058, 2104, 2341, 2344, 2376, 2532, 2656, 2835, 2889, 2891, 2943, 3121, 4132, 5151, 5701, 6710, 7054, 7236, 7304, 7672, 8136, 8233, 8568, 9036, 9639, 10309, 10953, 11998, 12017, 12614, 12772, 13453, 13969, 14702, 16291, 16304, 16760, 17016]",c2.cp.wikipathways__WP_INTERLEUKIN1_IL1_STRUCTURAL_PATHWAY
c2.cp.wikipathways,WP_NRP1TRIGGERED_SIGNALING_IN_PANCREATIC_CANCER,prerank,0.5488003773627145,1.831166594554031,0.0,0.012808918276283153,0.363,19_51,19/51,17.13%,MMP9;NFKB2;RELA;HGF;TGFBR3;MAPK3;TGFB2;VEGFA;FLT1;CDK2;TGFB3;MAP2K2;SRC;EGFR;SNAI1;SMAD4;TGFBR2;NFKB1;CDH5,MMP9;NFKB2;RELA;HGF;TGFBR3;MAPK3;TGFB2;VEGFA;FLT1;CDK2;TGFB3;MAP2K2;SRC;EGFR;SNAI1;SMAD4;TGFBR2;NFKB1;CDH5;AKT1;BCAR1;AKT2;COL1A2;CCNE1;EGF;GSK3A;COL1A1;PLXNA1;PLXNA2;TGFBR1;MAP2K1;SMAD3;SMAD2;NRP1;SNAI2;CDKN1B;RELB;SEMA3A;PLXNA4;KDR;CHD1;SLC39A4;RAC1;CHD2;MMP2;MAPK1;REL;MET;AKT3;CCNE2;PTK2,"[27, 56, 68, 893, 894, 1114, 1191, 1439, 1534, 1573, 1861, 2104, 2278, 2347, 2526, 2618, 2773, 2835, 2999, 3267, 3512, 3956, 3978, 4289, 4444, 4452, 5109, 5525, 5561, 5624, 5701, 5844, 6205, 6661, 7384, 7452, 7492, 8858, 9015, 10163, 10554, 11349, 11471, 11699, 11784, 12772, 12847, 13901, 14998, 15109, 16229]",c2.cp.wikipathways__WP_NRP1TRIGGERED_SIGNALING_IN_PANCREATIC_CANCER
c2.cp.wikipathways,WP_HOSTPATHOGEN_INTERACTION_OF_HUMAN_CORONAVIRUSES_APOPTOSIS,prerank,0.6897005935027495,1.8319182491832688,0.0,0.012867678660454882,0.358,14_20,14/20,21.79%,CASP7;BID;BCL2L1;BCL2;MCL1;BAX;FADD;MAPK11;BAD;MAPK12;AKT1;TNF;BCL2L11;BBC3,CASP7;BID;BCL2L1;BCL2;MCL1;BAX;FADD;MAPK11;BAD;MAPK12;AKT1;TNF;BCL2L11;BBC3;CASP9;MAPK14;MAPK13;CASP8;CASP3;APAF1,"[112, 779, 1087, 1238, 1483, 1799, 2019, 2344, 2388, 2998, 3267, 3515, 3812, 3816, 6429, 7304, 8706, 10378, 12945, 13773]",c2.cp.wikipathways__WP_HOSTPATHOGEN_INTERACTION_OF_HUMAN_CORONAVIRUSES_APOPTOSIS
c2.cp.wikipathways,WP_LDL_INFLUENCE_ON_CD14_AND_TLR4,prerank,0.6465049852177828,1.821403976375418,0.008658008658008658,0.013777588946493346,0.387,11_23,11/23,20.08%,NFKB2;RELA;ATF4;CCL2;IL6;MAPK11;CD14;NFKB1;MAPK12;CREB3;TLR4,NFKB2;RELA;ATF4;CCL2;IL6;MAPK11;CD14;NFKB1;MAPK12;CREB3;TLR4;CREB3L3;IL1B;IL10;MAPK14;RELB;CREB3L2;MAPK13;CREB1;CREB3L4;CREB3L1;REL;CREB5,"[56, 68, 381, 1826, 2121, 2344, 2611, 2835, 2998, 3259, 3516, 4064, 4629, 6941, 7304, 7492, 7542, 8706, 10478, 10914, 12752, 12847, 12917]",c2.cp.wikipathways__WP_LDL_INFLUENCE_ON_CD14_AND_TLR4
c2.cp.wikipathways,WP_NUCLEAR_RECEPTORS_METAPATHWAY,prerank,0.4328853232540152,1.8224961529169872,0.0,0.013875032649582224,0.386,105_281,105/281,20.30%,HSPA1A;DNAJB1;MAFF;EPHA2;NFKB2;SLC5A3;SLC6A13;FKBP5;SLC7A5;TSC22D3;TGFB1;NR1H3;PCK1;APOA1;HMOX1;RXRA;SLC39A11;AGER;PRRG4;S100P;SLC2A3;HSP90AA1;HGF;TGFBR3;PLTP;SLC2A5;GSTM2;GSTM4;SLC6A20;TGFB2;SERPINA1;MYC;SRPX2;SLC39A12;ANGPTL4;ABCC2;PSMC5;DBI;CCL20;GADD45B;PPARA;AIP;SLC6A4;BAX;GSTP1;CCL2;CDC37;SLC2A4;KEAP1;SLC5A10;HSP90AB1;BIRC3;STOM;CYP3A4;IGFBP1;MGST2;TNFAIP3;SRGN;ALOX5AP;SRC;EGFR;IRS2;MAFG;SCNN1A;CYP1B1;JUND;SLC2A14;SLC6A9;SLCO2B1;IP6K3;SLC39A5;NQO1;NFE2L2;GCC1;PRDX1;PTGES3;SQSTM1;TGFBR2;SLC6A3;POU5F1;JUN;SLC5A4;FTL;SPRY1;RGS2;CBR3;SLC6A16;STAT3;SLC2A1;SLC2A9;ABCB1;SLC27A5;FOXO1;HES1;SLC5A9;SEC14L1;CES1;GPR153;SLC39A1;SLC10A1;TNF;PDK4;SLC26A2;PGD;SERPINB9,HSPA1A;DNAJB1;MAFF;EPHA2;NFKB2;SLC5A3;SLC6A13;FKBP5;SLC7A5;TSC22D3;TGFB1;NR1H3;PCK1;APOA1;HMOX1;RXRA;SLC39A11;AGER;PRRG4;S100P;SLC2A3;HSP90AA1;HGF;TGFBR3;PLTP;SLC2A5;GSTM2;GSTM4;SLC6A20;TGFB2;SERPINA1;MYC;SRPX2;SLC39A12;ANGPTL4;ABCC2;PSMC5;DBI;CCL20;GADD45B;PPARA;AIP;SLC6A4;BAX;GSTP1;CCL2;CDC37;SLC2A4;KEAP1;SLC5A10;HSP90AB1;BIRC3;STOM;CYP3A4;IGFBP1;MGST2;TNFAIP3;SRGN;ALOX5AP;SRC;EGFR;IRS2;MAFG;SCNN1A;CYP1B1;JUND;SLC2A14;SLC6A9;SLCO2B1;IP6K3;SLC39A5;NQO1;NFE2L2;GCC1;PRDX1;PTGES3;SQSTM1;TGFBR2;SLC6A3;POU5F1;JUN;SLC5A4;FTL;SPRY1;RGS2;CBR3;SLC6A16;STAT3;SLC2A1;SLC2A9;ABCB1;SLC27A5;FOXO1;HES1;SLC5A9;SEC14L1;CES1;GPR153;SLC39A1;SLC10A1;TNF;PDK4;SLC26A2;PGD;SERPINB9;SLC5A6;SMARCA1;PPARD;SLC5A5;SLC39A14;ACAA1;IL17B;THBD;LRRC8A;ABCC3;ABCC4;SP1;SLC2A10;SLC5A11;CYP3A5;ZIC2;IL1B;BLVRB;SLC7A11;MGST1;BHLHE40;SLC39A13;CPT1A;ETNK2;CYP4F12;VDR;SLC2A12;SLC6A8;SLC27A1;CYP1A1;PRDX6;GPX2;ABCG8;GPAM;NR1I2;SLC2A8;MYOF;BIRC2;FGD4;GSTT2;G6PD;KTN1;SLC6A11;SOD3;JUNB;PDGFB;CYP8B1;SLC2A6;CES3;IL12B;ARL5B;APOA2;SLC6A7;TXNRD1;MFGE8;SLC39A2;EP300;SNAI2;CDKN1B;ABCC5;AKAP13;CUL1;FTH1;SLC39A7;CDK4;GPX3;CYP7A1;IL11;CYP2C19;MGST3;PTGR1;DNAJC7;GSTM1;CDK1;CDKN1C;GSTM3;SLC6A2;SLC39A8;KAT2B;GGT1;NCOA6;NCOA1;ABCB4;SLC5A8;TXN;SULT1A1;AHRR;AHR;GCLM;SREBF1;CDC42EP3;FASN;ABHD2;NCOA3;SLC5A2;B3GNT5;TNS4;IL12A;GSTA1;SLCO1B1;PLK2;NRG1;SLC19A2;EPB41L4B;ENC1;CPEB4;PTGS2;SMC1A;SLC39A4;ALAS1;PPP1R14C;PPARGC1A;CBR1;SLC6A6;ABCB11;DNER;ANKRD1;SLC39A3;ARNT;CES4A;DNAJC15;SCP2;SLC5A12;HBEGF;GSTM5;ABCG5;SLC6A17;SRXN1;NCOA2;SLC2A13;SERTAD2;ACADM;SLC39A6;CCND1;PMP2;SERPINB2;ACOX1;CAP2;SLC39A10;NR3C1;TXNRD3;FGF13;NRIP1;GSR;ME1;SLC5A1;SLC2A11;BAAT;CYP4A11;AMIGO2;TGFA;CES5A;POLK;PDE4B;NR1I3;SCD;NR1H4;CPT2;CYP3A7;EGR1;ALDH3A1;GSTA4;SLC6A15;SPINK13;GCLC;EPHA3;EHHADH;ESR1;SLC6A5;FABP1;SLC6A1;CYP2A6;NAV3;SLC5A7;CES2;SLC39A9,"[2, 9, 26, 39, 56, 59, 199, 246, 312, 366, 386, 444, 572, 666, 693, 710, 737, 759, 765, 786, 833, 876, 893, 894, 964, 976, 1035, 1139, 1160, 1191, 1224, 1232, 1290, 1342, 1365, 1475, 1517, 1597, 1617, 1626, 1634, 1644, 1789, 1799, 1811, 1826, 1874, 1904, 1924, 1944, 1985, 1994, 2042, 2099, 2133, 2145, 2189, 2229, 2249, 2278, 2347, 2357, 2367, 2441, 2464, 2470, 2512, 2569, 2616, 2638, 2650, 2676, 2684, 2706, 2756, 2761, 2762, 2773, 2789, 2795, 2824, 2874, 2914, 2949, 2984, 2990, 3078, 3143, 3156, 3170, 3190, 3295, 3351, 3383, 3404, 3405, 3434, 3445, 3471, 3513, 3515, 3521, 3546, 3550, 3556, 3649, 3650, 3681, 3728, 3796, 3799, 4039, 4174, 4227, 4275, 4382, 4488, 4514, 4556, 4567, 4599, 4629, 4651, 4658, 4710, 4717, 4742, 4767, 4860, 4880, 4946, 5043, 5128, 5383, 5385, 5524, 5584, 5875, 5963, 6022, 6045, 6084, 6219, 6256, 6342, 6351, 6357, 6443, 6504, 6511, 6544, 6647, 6666, 6709, 6713, 7061, 7104, 7158, 7174, 7208, 7218, 7268, 7384, 7452, 7605, 7635, 7681, 7737, 7763, 7822, 7945, 8012, 8041, 8163, 8191, 8220, 8324, 8329, 8376, 8377, 8401, 8506, 8529, 8626, 8643, 8767, 8813, 8856, 8898, 8981, 9159, 9241, 9293, 9357, 9432, 9763, 9820, 9828, 9917, 10044, 10108, 10297, 10432, 10539, 10574, 10655, 10902, 10943, 11043, 11096, 11149, 11182, 11281, 11349, 11488, 11552, 11622, 11625, 11639, 11763, 11766, 11940, 11949, 11989, 12072, 12149, 12157, 12260, 12285, 12486, 12511, 12878, 12938, 13040, 13047, 13109, 13487, 13550, 13673, 13780, 13879, 13978, 13989, 14057, 14123, 14142, 14173, 14451, 14462, 14484, 14588, 14700, 14724, 14759, 14765, 14919, 15064, 15086, 15138, 15184, 15398, 15445, 15472, 15570, 15627, 15706, 15806, 15808, 15913, 15915, 15920, 15973, 16134, 16180, 16196, 16284, 16405, 17240, 17356, 17408, 17487]",c2.cp.wikipathways__WP_NUCLEAR_RECEPTORS_METAPATHWAY
c2.cp.wikipathways,WP_THYMIC_STROMAL_LYMPHOPOIETIN_TSLP_SIGNALING,prerank,0.5721035110629699,1.8162617703582808,0.00423728813559322,0.01409416957485946,0.403,23_41,23/41,21.45%,NFKB2;RELA;NFKBIA;FES;EIF4EBP1;LCK;FYN;MAPK3;MYC;MAP2K2;IL6;IL7R;SRC;BTK;STAT6;CISH;NFKB1;STAT3;AKT1;HCK;YES1;TEC;RPS6,NFKB2;RELA;NFKBIA;FES;EIF4EBP1;LCK;FYN;MAPK3;MYC;MAP2K2;IL6;IL7R;SRC;BTK;STAT6;CISH;NFKB1;STAT3;AKT1;HCK;YES1;TEC;RPS6;STAT5A;STAT5B;MAP2K1;LYN;MAPK14;RELB;TNFSF4;JAK2;JAK1;TSLP;GAB2;STAT4;MAPK1;MTOR;MAPK9;PTPN11;MAPK8;STAT1,"[56, 68, 132, 329, 455, 1019, 1046, 1114, 1232, 2104, 2121, 2230, 2278, 2617, 2644, 2714, 2835, 3143, 3267, 3336, 3392, 3674, 3757, 4109, 5095, 5701, 6930, 7304, 7492, 8620, 8889, 9271, 10214, 10756, 11706, 12772, 13065, 14702, 16007, 16304, 16938]",c2.cp.wikipathways__WP_THYMIC_STROMAL_LYMPHOPOIETIN_TSLP_SIGNALING
c2.cp.wikipathways,WP_CYTOKINES_AND_INFLAMMATORY_RESPONSE,prerank,0.659362647514295,1.8112373220547369,0.0,0.014972288967028433,0.43,8_21,8/21,12.11%,CSF1;CD4;TGFB1;HLA-DRB1;HLA-DRA;CXCL1;CSF3;IL6,CSF1;CD4;TGFB1;HLA-DRB1;HLA-DRA;CXCL1;CSF3;IL6;TNF;IL1B;IL15;CXCL2;IL12B;IL10;PDGFA;IL11;IL13;IL4;IL1A;IL7;IL5,"[137, 204, 386, 784, 1505, 1774, 1776, 2121, 3515, 4629, 4728, 5578, 6713, 6941, 7604, 8041, 8159, 8442, 12614, 14894, 15390]",c2.cp.wikipathways__WP_CYTOKINES_AND_INFLAMMATORY_RESPONSE
c2.cp.wikipathways,WP_MAMMARY_GLAND_DEVELOPMENT_INVOLUTION_STAGE_4_OF_4,prerank,0.7891775719656667,1.800216156793415,0.0,0.01694904658682616,0.472,4_10,4/10,10.28%,MMP9;SOCS3;MYC;BAX,MMP9;SOCS3;MYC;BAX;STAT3;IL6ST;CHI3L1;E2F1;TP53;CDH1,"[27, 619, 1232, 1799, 3143, 5448, 6323, 7793, 8693, 8970]",c2.cp.wikipathways__WP_MAMMARY_GLAND_DEVELOPMENT_INVOLUTION_STAGE_4_OF_4
c2.cp.wikipathways,WP_PLURIPOTENT_STEM_CELL_DIFFERENTIATION_PATHWAY,prerank,0.5683274183515904,1.7989296139103879,0.0,0.01701937458096237,0.478,15_42,15/42,13.92%,CSF1;TGFB1;FLT3LG;CXCR1;BMP4;HGF;VEGFA;CSF1R;TGFB3;NOG;IL6R;IL6;TPO;FGF2;NOTCH1,CSF1;TGFB1;FLT3LG;CXCR1;BMP4;HGF;VEGFA;CSF1R;TGFB3;NOG;IL6R;IL6;TPO;FGF2;NOTCH1;EGF;DKK1;FGF8;LEFTY1;WNT7B;SHH;ALK;PDGFB;FST;PDGFA;GDF5;IL11;NT5E;WNT5A;WNT2;EPO;CNTF;WNT2B;FGF1;TF;FGF10;KITLG;NODAL;WNT1;IGF1;KIT;INHBA,"[137, 386, 438, 599, 730, 893, 1439, 1549, 1861, 1901, 2017, 2121, 2192, 2211, 2437, 4444, 4704, 5132, 5642, 5668, 5805, 5957, 6544, 7467, 7604, 7956, 8041, 8071, 8910, 9348, 9692, 9983, 10827, 11280, 11964, 12099, 12483, 13579, 14329, 15473, 15737, 16208]",c2.cp.wikipathways__WP_PLURIPOTENT_STEM_CELL_DIFFERENTIATION_PATHWAY
c2.cp.wikipathways,WP_CONGENITAL_GENERALIZED_LIPODYSTROPHY,prerank,0.697731856033307,1.793286606144255,0.002109704641350211,0.017445419530946932,0.498,6_15,6/15,10.66%,FYN;LPIN1;LPIN3;AGPAT2;DGAT1;ITGB4,FYN;LPIN1;LPIN3;AGPAT2;DGAT1;ITGB4;AKT2;IRS1;LPIN2;PIK3CA;HIF1A;DGAT2;BSCL2;GRB2;CAV1,"[1046, 1110, 1274, 1353, 1710, 1867, 3956, 5115, 5918, 7105, 8234, 8754, 9684, 11405, 12109]",c2.cp.wikipathways__WP_CONGENITAL_GENERALIZED_LIPODYSTROPHY
c2.cp.wikipathways,WP_LUNG_PATHOLOGY_OF_COVID19,prerank,0.7000077444062914,1.794728749961056,0.0021321961620469083,0.01754269759615239,0.496,11_16,11/16,20.99%,IRF3;IL18;TLR8;CXCL11;CCL2;CXCL9;IL6;NFKB1;TLR7;TNF;CXCL10,IRF3;IL18;TLR8;CXCL11;CCL2;CXCL9;IL6;NFKB1;TLR7;TNF;CXCL10;IL1B;IFIH1;TLR3;MAVS;TBK1,"[315, 662, 783, 1566, 1826, 2028, 2121, 2835, 2886, 3515, 3676, 4629, 6949, 9420, 11317, 12506]",c2.cp.wikipathways__WP_LUNG_PATHOLOGY_OF_COVID19
c2.cp.wikipathways,WP_EXTRAFOLLICULAR_AND_FOLLICULAR_B_CELL_ACTIVATION_BY_SARSCOV2,prerank,0.5204415531383774,1.7867465294626168,0.002105263157894737,0.01850028120034481,0.52,29_63,29/63,23.58%,CXCR4;EBI3;BCL6;ITGB2;MAF;XBP1;C3;IRF8;SYK;PTCRA;IFITM1;CD40;SELL;IL6;BTLA;C4A;CRP;TLR7;CD80;TBX21;FOXO1;TNF;TLR4;TNFSF13B;ETS1;PTPRC;TMSB10;STAT5A;ITGAX,CXCR4;EBI3;BCL6;ITGB2;MAF;XBP1;C3;IRF8;SYK;PTCRA;IFITM1;CD40;SELL;IL6;BTLA;C4A;CRP;TLR7;CD80;TBX21;FOXO1;TNF;TLR4;TNFSF13B;ETS1;PTPRC;TMSB10;STAT5A;ITGAX;CR1;CD79A;CD22;SH2D1A;CXCL13;TNFSF13;BLNK;ISG15;CD1D;IL10;BCR;MFGE8;GPR183;PDCD1;PAX5;HSPA8;IL4;IRF4;IFNAR2;CD19;ICOSLG;CCR7;PRDM1;IL12A;SLAMF7;BACH2;MS4A1;IFIT2;CR2;CD82;CD69;ZEB2;CXCL12;CCL19,"[77, 243, 489, 902, 1021, 1084, 1102, 1129, 1267, 1559, 1596, 1795, 2053, 2121, 2517, 2614, 2639, 2886, 3114, 3251, 3351, 3515, 3516, 3536, 3821, 3989, 4055, 4109, 4130, 4307, 4455, 5130, 5268, 5314, 5347, 5354, 5552, 6891, 6941, 7004, 7208, 7403, 7552, 7690, 7879, 8442, 8729, 9792, 9857, 10255, 10347, 10431, 10432, 11492, 12303, 12319, 12848, 12962, 13246, 13891, 14204, 15207, 15722]",c2.cp.wikipathways__WP_EXTRAFOLLICULAR_AND_FOLLICULAR_B_CELL_ACTIVATION_BY_SARSCOV2
c2.cp.wikipathways,WP_EBSTEINBARR_VIRUS_LMP1_SIGNALING,prerank,0.6520529946007103,1.77967047361187,0.0,0.019490622152693017,0.546,10_20,10/20,16.19%,NFKB2;RELA;NFKBIA;HSP90AA1;CCL20;PDLIM7;IKBKB;IRAK1;MAP3K3;NFKB1,NFKB2;RELA;NFKBIA;HSP90AA1;CCL20;PDLIM7;IKBKB;IRAK1;MAP3K3;NFKB1;TNF;TRADD;TRAF1;CCL5;IKBKG;MAP3K7;TRAF6;CHUK;MAPK1;MAPK8,"[56, 68, 132, 876, 1617, 1870, 2341, 2376, 2656, 2835, 3515, 4084, 5590, 6365, 7584, 9639, 11998, 12017, 12772, 16304]",c2.cp.wikipathways__WP_EBSTEINBARR_VIRUS_LMP1_SIGNALING
c2.cp.wikipathways,WP_HEPATITIS_B_INFECTION,prerank,0.4630641569964574,1.7798981718142068,0.0,0.01969976263916771,0.545,53_140,53/140,20.08%,MMP9;RELA;IRF7;IFNA2;NFATC4;MAP2K3;IRF3;PIK3R2;ATF4;TGFB1;TLR2;BID;PIK3CD;ELK1;MAPK3;TYK2;TICAM1;TGFB2;MYC;BCL2;NFATC2;NFATC1;CDKN1A;BAX;TGFB3;CREBBP;FADD;TAB2;MAP2K2;IL6;SRC;DDB2;IKBKB;MAPK11;IRAK1;BAD;SMAD4;STAT6;TGFBR2;JUN;NFKB1;FOS;MAPK12;RAF1;MAP2K7;STAT3;IKBKE;CREB3;AKT1;CASP10;SLC10A1;TNF;TLR4,MMP9;RELA;IRF7;IFNA2;NFATC4;MAP2K3;IRF3;PIK3R2;ATF4;TGFB1;TLR2;BID;PIK3CD;ELK1;MAPK3;TYK2;TICAM1;TGFB2;MYC;BCL2;NFATC2;NFATC1;CDKN1A;BAX;TGFB3;CREBBP;FADD;TAB2;MAP2K2;IL6;SRC;DDB2;IKBKB;MAPK11;IRAK1;BAD;SMAD4;STAT6;TGFBR2;JUN;NFKB1;FOS;MAPK12;RAF1;MAP2K7;STAT3;IKBKE;CREB3;AKT1;CASP10;SLC10A1;TNF;TLR4;AKT2;ARAF;HRAS;CREB3L3;STAT5A;MYD88;BIRC5;ATF6B;IFNA13;STAT5B;JAK3;TGFBR1;MAP2K1;IFNA21;SOS1;SMAD3;SMAD2;PCNA;CASP9;HSPG2;PIK3R3;PTK2B;IFIH1;MAP3K1;PIK3CA;EP300;MAPK14;CREB3L2;IKBKG;MAP2K6;TRAF3;NFATC3;ATF2;MAP2K4;IRAK4;MAPK13;DDX3X;JAK2;ATP6AP1;IFNA1;VDAC3;JAK1;TLR3;FAS;STAT2;IFNA8;PRKCG;MAP3K7;IFNA6;MAPK10;CASP8;CREB1;IFNAR1;PRKCA;CREB3L4;MAVS;GRB2;STAT4;CYCS;TRAF6;CHUK;TBK1;SOS2;CREB3L1;TICAM2;MAPK1;CREB5;CASP3;PIK3CB;APAF1;YWHAB;KRAS;TAB1;DDB1;PIK3R1;PRKCB;YWHAZ;MAPK9;AKT3;TIRAP;EGR3;MAPK8;NRAS;YWHAQ;STAT1;EGR2;BRAF,"[27, 68, 161, 178, 262, 292, 315, 350, 381, 386, 745, 779, 790, 973, 1114, 1122, 1184, 1191, 1232, 1238, 1367, 1675, 1714, 1799, 1861, 1980, 2019, 2058, 2104, 2121, 2278, 2302, 2341, 2344, 2376, 2388, 2618, 2644, 2773, 2824, 2835, 2889, 2998, 3033, 3121, 3143, 3163, 3259, 3267, 3306, 3513, 3515, 3516, 3956, 3967, 3976, 4064, 4109, 4132, 4324, 4537, 4952, 5095, 5207, 5624, 5701, 5807, 5826, 5844, 6205, 6282, 6429, 6635, 6862, 6883, 6949, 7054, 7105, 7268, 7304, 7542, 7584, 7672, 7749, 7891, 8136, 8233, 8568, 8706, 8765, 8889, 8926, 9040, 9165, 9271, 9420, 9493, 9534, 9616, 9622, 9639, 10218, 10309, 10378, 10478, 10611, 10873, 10914, 11317, 11405, 11706, 11932, 11998, 12017, 12506, 12680, 12752, 12768, 12772, 12917, 12945, 13676, 13773, 13801, 13814, 13969, 14043, 14526, 14648, 14665, 14702, 14998, 15108, 15206, 16304, 16714, 16842, 16938, 16961, 17259]",c2.cp.wikipathways__WP_HEPATITIS_B_INFECTION
c2.cp.wikipathways,WP_EXTRACELLULAR_VESICLES_IN_THE_CROSSTALK_OF_CARDIAC_CELLS,prerank,0.658558727637692,1.7752506345471837,0.006880733944954129,0.02007141684703781,0.563,9_18,9/18,20.08%,HSPB1;MMP9;CD63;IL6;EGFR;CD81;STAT3;SOD1;TLR4,HSPB1;MMP9;CD63;IL6;EGFR;CD81;STAT3;SOD1;TLR4;BIRC5;EGF;SPP1;PDLIM5;ETS2;KDR;PTEN;SORBS2;IGF1,"[3, 27, 1647, 2121, 2347, 2595, 3143, 3398, 3516, 4324, 4444, 6253, 7150, 7937, 10163, 10528, 12853, 15473]",c2.cp.wikipathways__WP_EXTRACELLULAR_VESICLES_IN_THE_CROSSTALK_OF_CARDIAC_CELLS
c2.cp.wikipathways,WP_IMATINIB_AND_CHRONIC_MYELOID_LEUKEMIA,prerank,0.6477267728798061,1.769661469169641,0.00398406374501992,0.020897729030927126,0.591,7_20,7/20,12.40%,NOP2;PDGFRB;PIM1;MYC;FLT1;CSF1R;LYL1,NOP2;PDGFRB;PIM1;MYC;FLT1;CSF1R;LYL1;ABCB1;ABL1;GADD45A;BCR;CDKN1B;FOXO3;SPRED2;PIM2;PDGFRA;GAB2;ABCG2;SKP2;KIT,"[355, 420, 858, 1232, 1534, 1549, 2171, 3190, 6593, 6740, 7004, 7452, 8003, 8388, 9063, 10418, 10756, 10849, 11550, 15737]",c2.cp.wikipathways__WP_IMATINIB_AND_CHRONIC_MYELOID_LEUKEMIA
c2.cp.wikipathways,WP_SELECTIVE_EXPRESSION_OF_CHEMOKINE_RECEPTORS_DURING_TCELL_POLARIZATION,prerank,0.6494066035638212,1.7700507222120059,0.002136752136752137,0.021159222452007267,0.59,8_22,8/22,11.89%,CXCR4;CD4;TGFB1;IL4R;IFNGR2;TGFB2;TGFB3;CCR2,CXCR4;CD4;TGFB1;IL4R;IFNGR2;TGFB2;TGFB3;CCR2;IL18R1;CCR1;CCR5;IFNGR1;IL12B;CCL3;IL4;CCL4;CD28;CCR7;IL12A;IL12RB1;IL12RB2;IL5,"[77, 204, 386, 462, 1147, 1191, 1861, 2082, 3123, 3341, 4246, 5613, 6713, 7600, 8442, 9267, 9793, 10347, 10432, 12365, 13865, 15390]",c2.cp.wikipathways__WP_SELECTIVE_EXPRESSION_OF_CHEMOKINE_RECEPTORS_DURING_TCELL_POLARIZATION
c2.cp.wikipathways,WP_DEVELOPMENT_OF_PULMONARY_DENDRITIC_CELLS_AND_MACROPHAGE_SUBSETS,prerank,0.7486149290438799,1.7659061100739832,0.006263048016701462,0.021803528918912317,0.614,6_12,6/12,12.52%,CSF1;FLT3LG;SPI1;IKZF1;IRF8;TPO,CSF1;FLT3LG;SPI1;IKZF1;IRF8;TPO;STAT3;ID2;RUNX2;IRF4;TCF4;BATF3,"[137, 438, 942, 1092, 1129, 2192, 3143, 4494, 6841, 8729, 9842, 11362]",c2.cp.wikipathways__WP_DEVELOPMENT_OF_PULMONARY_DENDRITIC_CELLS_AND_MACROPHAGE_SUBSETS
c2.cp.wikipathways,WP_ANGIOGENESIS,prerank,0.626355969670701,1.7624121218472386,0.004395604395604396,0.022137088615797208,0.632,10_24,10/24,18.66%,MMP9;NOS3;PLCG1;VEGFA;FLT1;CREBBP;FGF2;SRC;TIMP3;AKT1,MMP9;NOS3;PLCG1;VEGFA;FLT1;CREBBP;FGF2;SRC;TIMP3;AKT1;PDGFB;PIK3CA;SMAD1;MAPK14;TEK;HIF1A;KDR;TIMP2;PDGFRA;FGFR2;ANGPT1;ARNT;MAPK1;PTK2,"[27, 335, 405, 1439, 1534, 1980, 2211, 2278, 3019, 3267, 6544, 7105, 7143, 7304, 7870, 8234, 10163, 10271, 10418, 11001, 11065, 11989, 12772, 16229]",c2.cp.wikipathways__WP_ANGIOGENESIS
c2.cp.wikipathways,WP_SMALL_CELL_LUNG_CANCER,prerank,0.47639645916198975,1.7631013338509518,0.0,0.022283927284872804,0.629,28_95,28/95,16.81%,RELA;NFKBIA;LAMB2;CKS2;PIK3R2;MAX;TRAF2;RXRA;BID;PIK3CD;BCL2L1;MYC;BCL2;CDK2;GADD45B;GADD45G;LAMA5;CDKN1A;BAX;E2F2;BIRC3;LAMC3;DDB2;IKBKB;COL4A4;ZBTB17;NFKB1;NFKBIB,RELA;NFKBIA;LAMB2;CKS2;PIK3R2;MAX;TRAF2;RXRA;BID;PIK3CD;BCL2L1;MYC;BCL2;CDK2;GADD45B;GADD45G;LAMA5;CDKN1A;BAX;E2F2;BIRC3;LAMC3;DDB2;IKBKB;COL4A4;ZBTB17;NFKB1;NFKBIB;AKT1;ITGA2B;RXRG;CKS1B;CDKN2B;LAMA3;AKT2;BIRC7;ITGA6;CCNE1;TRAF1;TRAF4;BIRC2;LAMB4;CASP9;LAMA1;GADD45A;PIK3R3;PIK3CA;LAMB3;CDKN1B;IKBKG;LAMC1;TRAF3;E2F1;CDK4;COL4A3;LAMA2;COL4A2;CDKN1C;TP53;BAK1;ITGA3;ITGAV;RB1;LAMA4;RXRB;COL4A1;CASP8;RARB;PTEN;FN1;COL4A6;CDK6;PTGS2;ITGB1;FHIT;NOS2;CYCS;TRAF6;CHUK;SKP1;TRAF5;CASP3;CCND1;PIK3CB;APAF1;COL4A5;PIK3R1;E2F3;LAMC2;AKT3;POLK;CCNE2;LAMB1;ITGA2;PTK2,"[68, 132, 160, 176, 350, 484, 494, 710, 779, 790, 1087, 1232, 1238, 1573, 1626, 1669, 1680, 1714, 1799, 1883, 1994, 2141, 2302, 2341, 2709, 2776, 2835, 2943, 3267, 3407, 3602, 3684, 3838, 3919, 3956, 4089, 4120, 4289, 5590, 5636, 6219, 6251, 6429, 6474, 6740, 6862, 7105, 7368, 7452, 7584, 7640, 7749, 7793, 7822, 8021, 8158, 8242, 8377, 8693, 8735, 8739, 9460, 9620, 9784, 9818, 9975, 10378, 10395, 10528, 10662, 10672, 11099, 11182, 11311, 11500, 11576, 11932, 11998, 12017, 12689, 12914, 12945, 13673, 13676, 13773, 14154, 14526, 14549, 14822, 14998, 15086, 15109, 15592, 15635, 16229]",c2.cp.wikipathways__WP_SMALL_CELL_LUNG_CANCER
c2.cp.wikipathways,WP_STING_PATHWAY_IN_KAWASAKILIKE_DISEASE_AND_COVID19,prerank,0.6713474734447511,1.7588664898918511,0.0021598272138228943,0.02273819780034213,0.639,5_18,5/18,3.70%,RELA;NFKBIA;IRF3;GSDMD;FCGR2A,RELA;NFKBIA;IRF3;GSDMD;FCGR2A;IKBKB;NFKB1;IKBKE;IL1B;IKBKG;NFKBIE;NLRP3;F3;NLRX1;CHUK;TBK1;REL;ITPR1,"[68, 132, 315, 374, 648, 2341, 2835, 3163, 4629, 7584, 8430, 9658, 11051, 11200, 12017, 12506, 12847, 15616]",c2.cp.wikipathways__WP_STING_PATHWAY_IN_KAWASAKILIKE_DISEASE_AND_COVID19
c2.cp.wikipathways,WP_IL1_SIGNALING,prerank,0.5247769064086826,1.7525198633421275,0.003968253968253968,0.02394316560367206,0.662,23_54,23/54,18.66%,RELA;NFKBIA;MAP2K3;HSPB2;MAPKAPK2;PIK3R2;PLCG1;ECSIT;IRAK2;MAPK3;IRAK3;CCL2;TAB2;MAP2K2;IKBKB;IRAK1;MAP3K3;SQSTM1;JUN;NFKB1;NFKBIB;MAP2K7;AKT1,RELA;NFKBIA;MAP2K3;HSPB2;MAPKAPK2;PIK3R2;PLCG1;ECSIT;IRAK2;MAPK3;IRAK3;CCL2;TAB2;MAP2K2;IKBKB;IRAK1;MAP3K3;SQSTM1;JUN;NFKB1;NFKBIB;MAP2K7;AKT1;MYD88;IL1B;IL1R1;MAP2K1;PELI1;MAP3K1;TOLLIP;MAPK14;PELI2;IKBKG;MAP2K6;ATF2;MAP2K4;IRAK4;MAP3K2;MAP3K7;TRAF6;CHUK;IL1A;MAPK1;REL;PRKCZ;IL1RAP;TAB1;UBE2N;PIK3R1;MAPK9;UBE2V1;PTPN11;MAPK8;TAB3,"[68, 132, 292, 298, 344, 350, 405, 954, 990, 1114, 1369, 1826, 2058, 2104, 2341, 2376, 2656, 2762, 2824, 2835, 2943, 3121, 3267, 4132, 4629, 5151, 5701, 6537, 7054, 7236, 7304, 7438, 7584, 7672, 8136, 8233, 8568, 9404, 9639, 11998, 12017, 12614, 12772, 12847, 13086, 13453, 13969, 14060, 14526, 14702, 15215, 16007, 16304, 17016]",c2.cp.wikipathways__WP_IL1_SIGNALING
c2.cp.wikipathways,WP_RESISTIN_AS_A_REGULATOR_OF_INFLAMMATION,prerank,0.5763900657870109,1.746965723895088,0.0020876826722338203,0.02454790058739694,0.681,16_32,16/32,20.07%,RELA;NFKBIA;PLCG1;PLCB3;PIK3CD;MAPK3;PLCD1;RETN;IL6;IKBKB;PLCD4;NFKB1;PLCD3;PLCB2;AKT1;TNF,RELA;NFKBIA;PLCG1;PLCB3;PIK3CD;MAPK3;PLCD1;RETN;IL6;IKBKB;PLCD4;NFKB1;PLCD3;PLCB2;AKT1;TNF;AKT2;PIK3CG;PLCE1;IL12B;PIK3CA;MAPK14;IKBKG;PLCG2;IL12A;CHUK;MAPK1;PIK3CB;PLCB1;AKT3;PLCB4;ITPR1,"[68, 132, 405, 441, 790, 1114, 1474, 1835, 2121, 2341, 2739, 2835, 2851, 2865, 3267, 3515, 3956, 6453, 6601, 6713, 7105, 7304, 7584, 7982, 10432, 12017, 12772, 13676, 14865, 14998, 15159, 15616]",c2.cp.wikipathways__WP_RESISTIN_AS_A_REGULATOR_OF_INFLAMMATION
c2.cp.wikipathways,WP_MODULATORS_OF_TCR_SIGNALING_AND_T_CELL_ACTIVATION,prerank,0.5205323292561475,1.748530949140426,0.0022222222222222222,0.02462174392240235,0.676,26_57,26/57,20.67%,RELA;NFKBIA;LAT;PIK3R2;PLCG1;RNF7;MAP4K1;LCK;GNA13;RHOH;ZFP36L1;TNFAIP3;IKBKB;ZAP70;CD247;GRAP2;PTPN6;NFKB1;VAV1;MAP3K8;SMARCB1;AKT1;LCP2;CD3E;SOCS1;CARD11,RELA;NFKBIA;LAT;PIK3R2;PLCG1;RNF7;MAP4K1;LCK;GNA13;RHOH;ZFP36L1;TNFAIP3;IKBKB;ZAP70;CD247;GRAP2;PTPN6;NFKB1;VAV1;MAP3K8;SMARCB1;AKT1;LCP2;CD3E;SOCS1;CARD11;NDUFB10;PCBP2;DGKZ;SH2D1A;ITK;DGKA;SH2B3;BCL10;CD5;MALT1;CDKN1B;IKBKG;CD3G;CD8A;FIBP;RASA2;CD28;PDPK1;GRB2;TMEM222;TRAF6;CHUK;MEF2D;REL;CBLB;ARIH2;PIK3R1;AGO1;RPRD1B;CUL5;PRKCQ,"[68, 132, 194, 350, 405, 935, 993, 1019, 1948, 1975, 2102, 2189, 2341, 2462, 2564, 2574, 2686, 2835, 2843, 2891, 3041, 3267, 3402, 3429, 3430, 3620, 4266, 4719, 5267, 5268, 5489, 5536, 6169, 6271, 7134, 7227, 7452, 7584, 8645, 9346, 9475, 9519, 9793, 10975, 11405, 11416, 11998, 12017, 12103, 12847, 13235, 13897, 14526, 14589, 15999, 16145, 16535]",c2.cp.wikipathways__WP_MODULATORS_OF_TCR_SIGNALING_AND_T_CELL_ACTIVATION
c2.cp.wikipathways,WP_IL17_SIGNALING,prerank,0.6019286798208412,1.7410226394751778,0.0,0.02501028949116823,0.698,12_29,12/29,18.66%,IL17RB;RELA;CEBPB;CEBPD;MAPK3;IKBKB;NFKB1;TRAF3IP2;NFKBIB;STAT3;IL17RC;AKT1,IL17RB;RELA;CEBPB;CEBPD;MAPK3;IKBKB;NFKB1;TRAF3IP2;NFKBIB;STAT3;IL17RC;AKT1;IL17B;IL17D;SP1;IL17RA;PIK3CA;IL17RD;IKBKG;TRAF3;JAK2;JAK1;MAP3K7;IL17C;TRAF6;IL25;MAPK1;IL17RE;GSK3B,"[34, 68, 311, 569, 1114, 2341, 2835, 2915, 2943, 3143, 3234, 3267, 4039, 4138, 4488, 5027, 7105, 7445, 7584, 7749, 8889, 9271, 9639, 10343, 11998, 12112, 12772, 13564, 15613]",c2.cp.wikipathways__WP_IL17_SIGNALING
c2.cp.wikipathways,WP_RANKLRANK_SIGNALING,prerank,0.5255344769171596,1.743290694967788,0.002145922746781116,0.025109635882317974,0.692,23_54,23/54,18.66%,NFKB2;RELA;NFKBIA;PIK3R2;PLCG1;TRAF2;TNFRSF11B;SPI1;MAPK3;SYK;NFATC1;ICAM1;CTSK;TAB2;SRC;IKBKB;SQSTM1;JUN;NFKB1;FOS;CBL;MAP2K7;AKT1,NFKB2;RELA;NFKBIA;PIK3R2;PLCG1;TRAF2;TNFRSF11B;SPI1;MAPK3;SYK;NFATC1;ICAM1;CTSK;TAB2;SRC;IKBKB;SQSTM1;JUN;NFKB1;FOS;CBL;MAP2K7;AKT1;AKT2;PAPSS2;ACP5;TRAF1;MAP2K1;LYN;MAPK14;RELB;IKBKG;MAP2K6;TRAF3;CALCR;MITF;FHL2;MAP3K7;GAB2;TNFRSF11A;RAC1;VCAM1;TRAF6;CHUK;MAPK1;TRAF5;MTOR;TAB1;PIK3R1;MAPK9;CDC42;PTK2;MAPK8;STAT1,"[56, 68, 132, 350, 405, 494, 664, 942, 1114, 1267, 1675, 1872, 2008, 2058, 2278, 2341, 2762, 2824, 2835, 2889, 3071, 3121, 3267, 3956, 4137, 4430, 5590, 5701, 6930, 7304, 7492, 7584, 7672, 7749, 7973, 8314, 8535, 9639, 10756, 11457, 11471, 11751, 11998, 12017, 12772, 12914, 13065, 13969, 14526, 14702, 16108, 16229, 16304, 16938]",c2.cp.wikipathways__WP_RANKLRANK_SIGNALING
c2.cp.wikipathways,WP_HAIR_FOLLICLE_DEVELOPMENT_CYTODIFFERENTIATION_STAGE_3_OF_3,prerank,0.49075289674528993,1.741434603440099,0.0,0.025308031032729755,0.698,31_72,31/72,16.50%,KLK14;MSX1;GAS1;S100A4;BMP4;TCF3;RUNX3;PHLDA1;PERP;LEF1;GLI2;SOX2;NFATC1;LHX2;FZD1;SOX9;KRT15;CD34;NOTCH2;EGFR;NOTCH1;GATA3;BMP6;FOXQ1;SMAD4;IGFBP5;JUN;NFKB1;KRT19;TP63;FOS,KLK14;MSX1;GAS1;S100A4;BMP4;TCF3;RUNX3;PHLDA1;PERP;LEF1;GLI2;SOX2;NFATC1;LHX2;FZD1;SOX9;KRT15;CD34;NOTCH2;EGFR;NOTCH1;GATA3;BMP6;FOXQ1;SMAD4;IGFBP5;JUN;NFKB1;KRT19;TP63;FOS;GJB6;DSC2;DKK1;DKK4;LRIG1;SOSTDC1;DKK3;BMPR1A;KLK4;SMAD1;ZBTB16;FST;KLK5;FOSB;CUX1;BCL11B;WNT5A;GPRC5D;ELANE;KLK7;TCF4;WIF1;MSX2;DLX3;RBPJ;KITLG;KLK6;DSG1;LGR5;PROM1;NR3C1;ADAMTS20;ADAM17;SFRP1;IGF1;CD200;GTPBP4;CTNNB1;SPINK5;HR;EGR2,"[67, 231, 310, 576, 730, 734, 751, 1095, 1335, 1377, 1477, 1488, 1675, 1802, 1987, 2005, 2033, 2142, 2279, 2347, 2437, 2530, 2547, 2571, 2618, 2746, 2824, 2835, 2855, 2867, 2889, 3788, 4318, 4704, 5202, 5218, 5658, 5972, 6579, 7012, 7143, 7188, 7467, 7821, 7855, 8237, 8698, 8910, 8967, 9713, 9717, 9842, 10133, 10513, 11071, 12114, 12483, 12536, 13365, 13633, 14117, 14123, 14565, 14928, 15127, 15473, 15606, 15763, 16018, 16600, 16807, 16961]",c2.cp.wikipathways__WP_HAIR_FOLLICLE_DEVELOPMENT_CYTODIFFERENTIATION_STAGE_3_OF_3
c2.cp.wikipathways,WP_MAPK_SIGNALING,prerank,0.4182156234909768,1.7368231666479907,0.0,0.025888879515861357,0.712,61_233,61/233,17.94%,HSPA6;HSPA1A;HSPB1;HSPA1B;NFKB2;RELA;MKNK2;IL1R2;MRAS;HSPA1L;FGF17;MAP2K3;DUSP9;MAPKAPK2;ATF4;TGFB1;TNFRSF1A;PDGFRB;MAX;TRAF2;DAXX;RASGRP4;DDIT3;RAC3;MAP3K6;ECSIT;ELK1;MAP4K1;MAPK3;FGF11;TGFB2;FGF22;MYC;ARRB2;FGFR4;GNA12;NFATC1;TGFB3;TAB2;MAP2K2;RASGRP2;FGF2;CRK;IKBKB;MAPK11;EGFR;JUND;PLA2G4E;PLA2G4B;CD14;TGFBR2;JUN;NFKB1;FOS;MAP3K8;RAC2;MAPK12;RAF1;NGF;MAP2K7;CRKL,HSPA6;HSPA1A;HSPB1;HSPA1B;NFKB2;RELA;MKNK2;IL1R2;MRAS;HSPA1L;FGF17;MAP2K3;DUSP9;MAPKAPK2;ATF4;TGFB1;TNFRSF1A;PDGFRB;MAX;TRAF2;DAXX;RASGRP4;DDIT3;RAC3;MAP3K6;ECSIT;ELK1;MAP4K1;MAPK3;FGF11;TGFB2;FGF22;MYC;ARRB2;FGFR4;GNA12;NFATC1;TGFB3;TAB2;MAP2K2;RASGRP2;FGF2;CRK;IKBKB;MAPK11;EGFR;JUND;PLA2G4E;PLA2G4B;CD14;TGFBR2;JUN;NFKB1;FOS;MAP3K8;RAC2;MAPK12;RAF1;NGF;MAP2K7;CRKL;AKT1;GNG12;RRAS;TNF;MAPK7;PPP3CC;CACNA1I;AKT2;ARAF;HRAS;CACNG7;CDC25B;FGFR3;MAP3K5;EGF;DUSP1;TAOK2;FGFR1;IL1B;MAPK8IP2;RRAS2;CACNA2D2;CACNA1H;RPS6KA4;FGF8;IL1R1;SRF;RAP1A;TGFBR1;PPP5C;MAP2K1;SOS1;MAPKAPK3;FGF20;PDGFB;CACNB3;MAP3K4;FGF16;MKNK1;GADD45A;CACNA1F;MAPK8IP3;HSPA2;MAP3K1;PLA2G4D;MAP4K4;FLNA;NTRK2;MAPK14;MAP3K11;CACNG6;CACNA1C;DUSP8;PAK2;ELK4;RELB;IKBKG;PDGFA;MAP2K6;CACNA2D3;HSPA8;NFATC3;MAP2K5;FGF18;ATF2;MAP2K4;STK3;DUSP2;CACNG8;MAP4K2;TP53;MAPK13;STK4;PPM1B;CACNB2;PLA2G4A;NTRK1;RPS6KA3;MAP3K2;PRKACA;FAS;RASA2;PRKCD;PRKCG;DUSP7;MAP3K7;CACNB1;PPP3R2;CACNA1B;MAPK10;CACNG3;NR4A1;LRRK2;PTPN5;PRKCA;FGFR2;CACNA1G;PPP3CA;MAPT;FGF1;TAOK3;GRB2;PTPN7;RAC1;MAP4K3;CACNA1A;PPP3R1;FLNB;DUSP3;TRAF6;CHUK;FGF10;FGF7;FGF9;CACNG2;CACNA1E;DUSP16;DUSP10;STMN1;MAPK8IP1;PPP3CB;RAPGEF2;IL1A;SOS2;MEF2C;RASGRP3;MAPK1;RAP1B;PPM1A;CASP3;CACNG5;FGF14;CACNA2D4;NLK;FLNC;CACNG4;LAMTOR3;MAP3K12;KRAS;PTPRR;TAB1;FGF13;ARRB1;CACNA1D;PAK1;CACNA1S;CACNG1;MAPK9;CACNA2D1;AKT3;CACNB4;RASGRF2;NTF3;FGF12;TAOK1;DUSP6;PLA2G4C;RASGRP1;CDC42;RPS6KA5;MAPK8;PRKACB;RASA1;NRAS;MAP3K13;FGF5;RASGRF1;BRAF;MAPKAPK5;BDNF;NF1;DUSP4,"[0, 2, 3, 7, 56, 68, 81, 148, 185, 188, 282, 292, 317, 344, 381, 386, 390, 420, 484, 494, 554, 615, 729, 747, 926, 954, 973, 993, 1114, 1166, 1191, 1206, 1232, 1250, 1389, 1633, 1675, 1861, 2058, 2104, 2194, 2211, 2270, 2341, 2344, 2347, 2470, 2518, 2559, 2611, 2773, 2824, 2835, 2889, 2891, 2938, 2998, 3033, 3051, 3121, 3142, 3267, 3370, 3458, 3515, 3561, 3642, 3829, 3956, 3967, 3976, 4111, 4257, 4371, 4419, 4444, 4446, 4451, 4624, 4629, 4918, 4949, 5057, 5062, 5082, 5132, 5151, 5159, 5616, 5624, 5644, 5701, 5826, 5839, 6436, 6544, 6569, 6651, 6665, 6710, 6740, 6765, 6821, 6834, 7054, 7132, 7148, 7192, 7280, 7304, 7357, 7365, 7402, 7440, 7446, 7465, 7492, 7584, 7604, 7672, 7784, 7879, 7891, 7975, 8121, 8136, 8233, 8246, 8364, 8486, 8664, 8693, 8706, 8809, 8873, 8997, 9214, 9253, 9363, 9404, 9427, 9493, 9519, 9580, 9622, 9634, 9639, 9757, 10012, 10301, 10309, 10553, 10627, 10661, 10768, 10873, 11001, 11061, 11156, 11206, 11280, 11288, 11405, 11431, 11471, 11491, 11635, 11801, 11919, 11967, 11998, 12017, 12099, 12101, 12107, 12261, 12376, 12378, 12383, 12454, 12556, 12602, 12603, 12614, 12680, 12683, 12728, 12772, 12892, 12941, 12945, 13205, 13236, 13302, 13369, 13618, 13622, 13718, 13737, 13814, 13925, 13969, 14173, 14181, 14197, 14368, 14515, 14607, 14702, 14753, 14998, 15294, 15351, 15460, 15531, 15809, 15916, 15948, 16013, 16108, 16291, 16304, 16466, 16602, 16714, 16761, 16780, 17048, 17259, 17285, 17360, 17391, 17396]",c2.cp.wikipathways__WP_MAPK_SIGNALING
c2.cp.wikipathways,WP_VEGFAVEGFR2_SIGNALING,prerank,0.39679537820880845,1.734595167460671,0.0,0.02626710162599939,0.726,124_414,124/414,18.08%,HSPA1A;HSPB1;P4HA2;EPHA2;RELA;TAL1;STIP1;NFKBIA;C15orf39;PRKD2;PNP;CAPN2;MAP2K3;PLAUR;DLL4;NOS3;HLX;MAPKAPK2;PIK3R2;ATF4;PLCG1;PLCB3;NCF1;DOK1;EZR;FHOD1;ITGB5;PXN;HDAC7;PBXIP1;PLOD3;NOTCH4;TEAD4;HERPUD1;CSK;CHAC1;HSP90AA1;ELK1;DNAJA1;FYN;BSG;SIAH2;IER5;BCL2L1;ADAMTS9;MAPK3;HDAC4;PGF;MOV10;DNAJB4;TKT;TRIP4;BCL2;ARRB2;GPX1;SDF2L1;RHOJ;TUBA1C;FOXO4;MMRN2;AKT1S1;NFATC2;BRD4;VEGFA;PTPN9;RHOC;FLT1;EPN1;GJA1;ADRB2;NFATC1;AP2S1;PDE4DIP;SHC2;GATA2;PPM1G;CRIP2;CCL2;P4HB;ICAM1;KATNAL2;CLIC1;CREBBP;FLII;FADD;SLC7A1;MAP2K2;TNFRSF10C;RPL18A;RAB4A;HDAC1;CRK;SRC;SH3BGRL3;TNFRSF25;TMEM170A;RPL27;RPL13A;SLC2A14;S1PR1;FGD5;PRKD1;STAT6;SH2D2A;PTPN6;FMNL3;CCDC124;FXR2;ALDOA;RPLP2;JUN;NFKB1;TRAF3IP2;HGS;TMOD3;MAPKAP1;MAPK12;CDH5;RAF1;CBL;TNXB;MAP2K7;STAT3;RPS11,HSPA1A;HSPB1;P4HA2;EPHA2;RELA;TAL1;STIP1;NFKBIA;C15orf39;PRKD2;PNP;CAPN2;MAP2K3;PLAUR;DLL4;NOS3;HLX;MAPKAPK2;PIK3R2;ATF4;PLCG1;PLCB3;NCF1;DOK1;EZR;FHOD1;ITGB5;PXN;HDAC7;PBXIP1;PLOD3;NOTCH4;TEAD4;HERPUD1;CSK;CHAC1;HSP90AA1;ELK1;DNAJA1;FYN;BSG;SIAH2;IER5;BCL2L1;ADAMTS9;MAPK3;HDAC4;PGF;MOV10;DNAJB4;TKT;TRIP4;BCL2;ARRB2;GPX1;SDF2L1;RHOJ;TUBA1C;FOXO4;MMRN2;AKT1S1;NFATC2;BRD4;VEGFA;PTPN9;RHOC;FLT1;EPN1;GJA1;ADRB2;NFATC1;AP2S1;PDE4DIP;SHC2;GATA2;PPM1G;CRIP2;CCL2;P4HB;ICAM1;KATNAL2;CLIC1;CREBBP;FLII;FADD;SLC7A1;MAP2K2;TNFRSF10C;RPL18A;RAB4A;HDAC1;CRK;SRC;SH3BGRL3;TNFRSF25;TMEM170A;RPL27;RPL13A;SLC2A14;S1PR1;FGD5;PRKD1;STAT6;SH2D2A;PTPN6;FMNL3;CCDC124;FXR2;ALDOA;RPLP2;JUN;NFKB1;TRAF3IP2;HGS;TMOD3;MAPKAP1;MAPK12;CDH5;RAF1;CBL;TNXB;MAP2K7;STAT3;RPS11;AKT1;CGNL1;FOXO1;MYO1C;RAPGEF1;OCLN;BCAR1;NRP2;PGD;MYH9;ARHGEF15;CALR;RPS6;TUBB8;ETS1;APOLD1;RPL7;HRAS;TPP1;MMP14;CSRP1;TMSB10;SHB;BIRC5;MAP3K5;TAOK2;RND1;CSRP2;HDAC5;SHC1;DKK1;NCF2;CCRL2;GAPDH;FUT1;AMOT;CCT7;RPL5;ADAMTS1;SRF;MLST8;NUMB;PSMD4;INPP5K;PLAU;JAG1;PFN1;PRDX6;PDIA6;RAP1A;ACACB;MAP2K1;SDCBP;ENG;KANK1;PABPC1;NCK1;NDRG1;ANXA1;EIF4G1;ARF6;SSR4;HTRA1;BIN1;GAB1;TXNIP;CYBB;ROCK1;ABL1;RCN1;NR4A2;MKNK1;RPL10A;PRDX2;PTK2B;AP2A1;CFL1;SRPK1;NAP1L1;PRKG1;PTMA;PIK3CA;PPP1CA;ARPC5L;ERG;NAPA;TMOD1;MAPK14;LARP7;GRB10;SLC25A11;PAK2;LIMK1;IGFBP3;MAP2K6;PSMD11;OCRL;ITGB3;ABCF2;RHOA;SET;NRARP;GPC1;INPP4B;FOXO3;CAPZB;SLC25A25;PLA2G5;ATF2;VAV2;ATP6V0D1;DECR1;MAP2K4;RPS6KB1;ACOT9;PTPRZ1;FJX1;CTNNA1;GLUD1;IQGAP1;FHL2;SND1;SHROOM2;TPM3;TXN;RCAN1;HYOU1;SCUBE2;PLA2G4A;TMSB4X;SOD2;ITGAV;FAS;LDHA;PRKCD;CDC42BPB;CTNND1;ARMCX1;PGK1;QKI;EWSR1;GIPC1;KDR;IGFBP7;LMAN1;COPG1;UBAP2L;CREB1;LRRC59;NR4A1;DNAJB9;FN1;FBXW11;TPCN2;FSCN1;RBM39;LUC7L;BMP2;PRKCA;ERN1;EPB41;PDPK1;MICAL2;F3;PBK;KCNC3;PPP3CA;PTGS2;EIF3D;SELE;SPIRE1;LDB2;ITGB1;EIF3H;DPM1;GRB2;RAC1;PRKAA2;VCL;EIF3F;RAB37;GIGYF2;MMP2;VPS39;FLNB;ACACA;CYCS;ARNT;WASF1;CAV1;PTPRJ;DUSP5;ROCK2;TFAM;HBEGF;PTPN14;MYO6;PTPN1;EIF4G2;GRSF1;MEF2C;PPP2CA;RICTOR;TXNDC5;MAPK1;RAP1B;YWHAE;ATP6V1E1;MTOR;PRKCZ;KL;ACTG1;NR4A3;ADAM10;TBCA;CYP2C8;ARF4;ZC3H15;PRKCE;CCND1;PRKRA;DSC1;USP10;FRS2;SMARCA2;RAB11A;BMX;EPHB2;EIF2A;HMGB1;MYH11;IDH2;EEA1;LRRFIP2;PAK1;FAM120A;TRPC3;NOX4;PIK3R1;EIF2AK3;CNP;PRKCB;MAPK9;CAMKK2;CACNA2D1;RPL26;NCL;NEXN;ADAM9;SYNJ1;EGR3;PRKCI;CALU;ZNF555;MDM2;DHX29;RAB5A;GSK3B;EGR1;HBD;SLC8A1;HDAC9;ITCH;CLTC;ASCC3;ACP1;PTPN11;CTNNB1;PRRC2C;SSR3;CDC42;PTK2;RPS6KA5;MAPK8;RCAN2;SRP54;FAF1;EIF4E;DHX36;FARSB;STAT1;EPS15;ALB;ATF6;SEMA6D;STAM;MAPKAPK5;TRPC1;PRKAA1;TFCP2,"[2, 3, 12, 39, 68, 105, 115, 132, 201, 224, 271, 285, 292, 296, 332, 335, 337, 344, 350, 381, 405, 441, 461, 477, 507, 536, 577, 628, 678, 692, 707, 781, 785, 817, 829, 875, 876, 973, 1024, 1046, 1058, 1065, 1066, 1087, 1111, 1114, 1124, 1138, 1153, 1169, 1182, 1220, 1238, 1250, 1260, 1284, 1306, 1307, 1318, 1319, 1340, 1367, 1421, 1439, 1441, 1447, 1534, 1572, 1579, 1595, 1675, 1749, 1760, 1762, 1766, 1775, 1816, 1826, 1840, 1872, 1879, 1955, 1980, 2012, 2019, 2037, 2104, 2135, 2179, 2256, 2268, 2270, 2278, 2356, 2404, 2416, 2446, 2457, 2512, 2528, 2540, 2628, 2644, 2655, 2686, 2687, 2697, 2765, 2768, 2774, 2824, 2835, 2915, 2925, 2941, 2995, 2998, 2999, 3033, 3071, 3106, 3121, 3143, 3166, 3267, 3297, 3351, 3393, 3438, 3491, 3512, 3520, 3550, 3551, 3664, 3686, 3757, 3819, 3821, 3868, 3887, 3976, 4006, 4031, 4051, 4055, 4220, 4324, 4419, 4451, 4614, 4621, 4646, 4654, 4704, 4720, 4725, 4761, 4784, 4997, 5096, 5122, 5129, 5159, 5180, 5201, 5212, 5236, 5250, 5281, 5360, 5524, 5581, 5616, 5622, 5701, 5806, 5813, 5982, 6002, 6129, 6152, 6173, 6233, 6249, 6308, 6416, 6479, 6503, 6506, 6563, 6585, 6593, 6597, 6629, 6710, 6728, 6845, 6883, 6922, 6939, 7006, 7021, 7044, 7095, 7105, 7117, 7211, 7244, 7256, 7300, 7304, 7346, 7360, 7418, 7446, 7458, 7570, 7672, 7716, 7748, 7795, 7809, 7817, 7850, 7898, 7908, 7953, 8003, 8009, 8049, 8050, 8136, 8144, 8189, 8208, 8233, 8326, 8380, 8386, 8404, 8413, 8416, 8419, 8535, 8600, 8637, 8908, 8981, 9045, 9087, 9189, 9214, 9219, 9445, 9460, 9493, 9549, 9580, 9707, 9769, 9892, 9922, 10020, 10050, 10157, 10163, 10189, 10266, 10328, 10463, 10478, 10530, 10627, 10653, 10662, 10709, 10783, 10815, 10819, 10824, 10854, 10873, 10889, 10919, 10975, 11037, 11051, 11081, 11145, 11156, 11182, 11188, 11222, 11229, 11274, 11311, 11375, 11388, 11405, 11471, 11483, 11575, 11586, 11626, 11646, 11784, 11852, 11919, 11923, 11932, 11989, 12034, 12109, 12148, 12154, 12203, 12226, 12285, 12296, 12363, 12370, 12560, 12597, 12683, 12732, 12747, 12760, 12772, 12892, 12907, 13063, 13065, 13086, 13092, 13331, 13351, 13386, 13459, 13463, 13518, 13537, 13636, 13673, 13697, 13733, 13738, 13783, 13818, 13852, 13982, 14005, 14039, 14226, 14282, 14286, 14308, 14352, 14368, 14417, 14429, 14437, 14526, 14600, 14636, 14648, 14702, 14750, 14753, 14761, 14777, 14954, 15012, 15067, 15206, 15221, 15250, 15273, 15285, 15327, 15603, 15613, 15627, 15675, 15701, 15818, 15849, 15879, 15908, 15957, 16007, 16018, 16094, 16095, 16108, 16229, 16291, 16304, 16461, 16500, 16719, 16760, 16832, 16870, 16938, 16978, 17145, 17166, 17186, 17215, 17285, 17384, 17412, 17467]",c2.cp.wikipathways__WP_VEGFAVEGFR2_SIGNALING
c2.cp.wikipathways,WP_UROTENSINIIMEDIATED_SIGNALING,prerank,0.49146883906078515,1.7311560663482208,0.0,0.02698836774976987,0.738,23_69,23/69,16.19%,MMP9;RELA;IRF3;TGFB1;CYBA;NCF1;NCF4;HMOX1;DDIT3;MAPK3;BCL2;CDK2;BAX;ICAM1;CREBBP;IL6;AIFM2;IKBKB;EGFR;ABCA1;ESPL1;COL2A1;NFKB1,MMP9;RELA;IRF3;TGFB1;CYBA;NCF1;NCF4;HMOX1;DDIT3;MAPK3;BCL2;CDK2;BAX;ICAM1;CREBBP;IL6;AIFM2;IKBKB;EGFR;ABCA1;ESPL1;COL2A1;NFKB1;STAT3;AKT1;TNF;CCNE1;GSK3A;AGTR1;IL1B;HDAC5;NCF2;COL1A1;UTS2R;SMAD3;SMAD2;PCNA;CASP9;CYBB;HSPA2;EP300;TRPC4;MAPK14;NPPB;RHOA;NPPA;CDK1;CAMK2A;JAK2;ALOX5;PRKACA;PTEN;FN1;FSCN1;VCAM1;MMP2;CHUK;MAPK1;COL3A1;CASP3;NOX4;PLN;MAPK9;UTS2;GSK3B;PTPN11;CTNNB1;MAPK8;ACTA2,"[27, 68, 315, 386, 417, 461, 553, 693, 729, 1114, 1238, 1573, 1799, 1872, 1980, 2121, 2207, 2341, 2347, 2620, 2630, 2752, 2835, 3143, 3267, 3515, 4289, 4452, 4464, 4629, 4646, 4720, 5109, 5328, 5844, 6205, 6282, 6429, 6563, 6834, 7268, 7285, 7304, 7489, 7817, 8110, 8376, 8596, 8889, 9403, 9427, 10528, 10662, 10815, 11751, 11784, 12017, 12772, 12899, 12945, 14437, 14544, 14702, 15437, 15613, 16007, 16018, 16304, 17077]",c2.cp.wikipathways__WP_UROTENSINIIMEDIATED_SIGNALING
c2.cp.wikipathways,WP_PATHWAYS_OF_NUCLEIC_ACID_METABOLISM_AND_INNATE_IMMUNE_SENSING,prerank,0.7226499892896934,1.7249994663456016,0.006198347107438017,0.028228094001959806,0.755,4_12,4/12,4.87%,IRF3;RNASET2;RNASEH2C;SAMHD1,IRF3;RNASET2;RNASEH2C;SAMHD1;TREX1;OAS1;IFIH1;RNASEL;ADAR;RNASEH2A;MAVS;RNASEH2B,"[315, 482, 828, 852, 3447, 4410, 6949, 10263, 10871, 10972, 11317, 12005]",c2.cp.wikipathways__WP_PATHWAYS_OF_NUCLEIC_ACID_METABOLISM_AND_INNATE_IMMUNE_SENSING
c2.cp.wikipathways,WP_GPR40_ROLE_IN_INSULIN_SECRETION,prerank,0.7010315908141647,1.7197448407409883,0.010438413361169102,0.0282896207149585,0.772,6_14,6/14,16.36%,ITPR3;PLCG1;PLCB3;PLCD1;PLCD3;PLCB2,ITPR3;PLCG1;PLCB3;PLCD1;PLCD3;PLCB2;GNA11;PLCE1;PKD1;PLCG2;PLCH1;FFAR1;PLCL1;PLCB1,"[175, 405, 441, 1474, 2851, 2865, 5737, 6601, 7769, 7982, 8437, 8598, 11045, 14865]",c2.cp.wikipathways__WP_GPR40_ROLE_IN_INSULIN_SECRETION
c2.cp.wikipathways,WP_HEDGEHOG_SIGNALING_WP47,prerank,0.6944214755021805,1.7238644491051844,0.006493506493506494,0.028291947355366016,0.76,7_14,7/14,11.96%,IHH;GLI1;SMO;KIF7;GLI2;SUFU;PTCH2,IHH;GLI1;SMO;KIF7;GLI2;SUFU;PTCH2;GLI3;STK36;SHH;PTCH1;DHH;SAP18;SIN3A,"[168, 369, 393, 644, 1477, 1875, 2094, 2987, 3446, 5805, 9019, 9746, 10222, 15543]",c2.cp.wikipathways__WP_HEDGEHOG_SIGNALING_WP47
c2.cp.wikipathways,WP_PLATELETMEDIATED_INTERACTIONS_WITH_VASCULAR_AND_CIRCULATING_CELLS,prerank,0.6721753965361239,1.7200834160810827,0.010570824524312896,0.02842597669373502,0.772,10_16,10/16,20.08%,TGFB1;TLR2;TGFB2;CD40;CCL2;TGFB3;ICAM1;SELPLG;TLR7;TLR4,TGFB1;TLR2;TGFB2;CD40;CCL2;TGFB3;ICAM1;SELPLG;TLR7;TLR4;IL1B;CCL5;PF4;SELE;VCAM1;SELP,"[386, 745, 1191, 1795, 1826, 1861, 1872, 2361, 2886, 3516, 4629, 6365, 8058, 11222, 11751, 13476]",c2.cp.wikipathways__WP_PLATELETMEDIATED_INTERACTIONS_WITH_VASCULAR_AND_CIRCULATING_CELLS
c2.cp.wikipathways,WP_PROXIMAL_TUBULE_TRANSPORT,prerank,0.5218894344245396,1.72518323346661,0.004395604395604396,0.02845834135754382,0.753,16_50,16/50,18.22%,FXYD2;SLC7A9;SLC3A2;SLC26A6;SLC22A2;SLC22A8;SLC47A1;SLC6A20;ABCC2;ATP6V0E1;SLC7A7;AQP1;SLC4A2;ATP6V0A4;SLC2A1;ABCB1,FXYD2;SLC7A9;SLC3A2;SLC26A6;SLC22A2;SLC22A8;SLC47A1;SLC6A20;ABCC2;ATP6V0E1;SLC7A7;AQP1;SLC4A2;ATP6V0A4;SLC2A1;ABCB1;SLC12A4;SLC5A5;ATP6V0B;CA2;ABCC4;SLC22A7;ATP6V1F;SLC22A6;ATP6V1G1;SLC7A8;ATP6V1H;SLC5A8;ATP6V0C;SLC22A11;ATP6V1D;SLC9A3;SLC1A1;SLC5A2;SLC16A10;ABCG2;ATP6V1B1;ATP1A1;SLC4A4;SLC34A3;ATP6V1C1;SLC3A1;SLC13A3;ATP6V1E1;ATP6V1A;CA4;ATP1B1;SLC5A1;SLC47A2;SLC20A2,"[5, 22, 40, 221, 342, 1134, 1144, 1160, 1475, 1810, 1979, 2580, 2964, 3028, 3156, 3190, 3688, 3728, 4000, 4119, 4382, 4635, 5476, 6062, 7136, 7295, 7439, 8898, 9303, 9370, 9550, 9703, 9755, 10044, 10799, 10849, 11176, 11293, 11524, 11566, 12523, 12814, 12839, 13063, 13379, 14112, 14240, 14588, 14798, 17179]",c2.cp.wikipathways__WP_PROXIMAL_TUBULE_TRANSPORT
c2.cp.wikipathways,WP_MIRNA_TARGETS_IN_ECM_AND_MEMBRANE_RECEPTORS,prerank,0.6229921710426135,1.7203420054601175,0.008547008547008548,0.028681722167721527,0.771,8_22,8/22,17.74%,LAMB2;ITGB5;COL5A3;ITGA11;SDC2;COL6A1;COL6A2;TNXB,LAMB2;ITGB5;COL5A3;ITGA11;SDC2;COL6A1;COL6A2;TNXB;COL1A2;COL5A1;ITGA1;LAMC1;COL4A2;COL6A3;ITGB6;THBS1;LAMA4;COL4A1;FN1;COL5A2;THBS2;COL3A1,"[160, 577, 660, 2089, 2140, 2219, 3098, 3106, 3978, 4715, 7251, 7640, 8242, 8818, 8865, 9307, 9784, 9975, 10662, 10693, 11701, 12899]",c2.cp.wikipathways__WP_MIRNA_TARGETS_IN_ECM_AND_MEMBRANE_RECEPTORS
c2.cp.wikipathways,WP_B_CELL_RECEPTOR_SIGNALING,prerank,0.46503144652454964,1.7212613179416862,0.0,0.028758034123958155,0.77,42_97,42/97,22.78%,RELA;NFKBIA;HCLS1;LAT2;PIK3R2;PLCG1;INPP5D;MAX;BCL6;ELK1;MAP4K1;LCK;FYN;MYC;SYK;NFATC2;MAP2K2;CRK;IKBKB;CD81;BTK;PTPN6;JUN;NFKB1;VAV1;GTF2I;RAC2;RAF1;CBL;CRKL;AKT1;CD79B;FOXO1;RAPGEF1;SH3BP2;CARD11;TEC;ETS1;PIP5K1C;PTPN18;HRAS;PTPRC,RELA;NFKBIA;HCLS1;LAT2;PIK3R2;PLCG1;INPP5D;MAX;BCL6;ELK1;MAP4K1;LCK;FYN;MYC;SYK;NFATC2;MAP2K2;CRK;IKBKB;CD81;BTK;PTPN6;JUN;NFKB1;VAV1;GTF2I;RAC2;RAF1;CBL;CRKL;AKT1;CD79B;FOXO1;RAPGEF1;SH3BP2;CARD11;TEC;ETS1;PIP5K1C;PTPN18;HRAS;PTPRC;PIK3AP1;GSK3A;CD79A;SHC1;MAPK4;DAPP1;CD22;RPS6KA1;BLNK;MAP2K1;SOS1;NCK1;BCL10;PIK3CG;GAB1;LYN;MALT1;MAPK14;IKBKG;MAP2K6;NFATC3;PLCG2;ATF2;VAV2;CAMK2A;IRF4;PRKCD;MAP3K7;CD19;CREB1;ILF2;GAB2;PDPK1;GRB2;RAC1;PIP5K1A;CHUK;MEF2D;PIP5K1B;MEF2C;RASGRP3;MAPK1;KLF11;REL;CR2;BLK;PIK3R1;E2F3;PRKCB;MAPK9;GSK3B;PTPN11;CDC42;MAPK8;BRAF,"[68, 132, 286, 325, 350, 405, 448, 484, 489, 973, 993, 1019, 1046, 1232, 1267, 1367, 2104, 2270, 2341, 2595, 2617, 2686, 2824, 2835, 2843, 2937, 2938, 3033, 3071, 3142, 3267, 3339, 3351, 3438, 3568, 3620, 3674, 3821, 3945, 3962, 3976, 3989, 4411, 4452, 4455, 4654, 4801, 4829, 5130, 5141, 5354, 5701, 5826, 6129, 6271, 6453, 6503, 6930, 7227, 7304, 7584, 7672, 7891, 7982, 8136, 8144, 8596, 8729, 9580, 9639, 9857, 10478, 10675, 10756, 10975, 11405, 11471, 11952, 12017, 12103, 12325, 12683, 12728, 12772, 12843, 12847, 12962, 13357, 14526, 14549, 14648, 14702, 15613, 16007, 16108, 16304, 17259]",c2.cp.wikipathways__WP_B_CELL_RECEPTOR_SIGNALING
c2.cp.wikipathways,WP_COMPLEMENT_SYSTEM,prerank,0.4775060013697768,1.7156863297305496,0.0,0.029139232237102238,0.785,34_85,34/85,15.67%,CFD;PLAUR;ADM;C3AR1;APOA1;TLR2;F10;VSIG4;C5AR1;ICAM2;ITGB2;CFB;KLKB1;WAS;C3;C7;ARRB2;CD59;F13A1;LAMA5;RPS19;CD40;ICAM1;CFH;SELL;FCGR3A;FKBP2;SELPLG;DCN;CFI;FPR1;C4A;CRP;C2,CFD;PLAUR;ADM;C3AR1;APOA1;TLR2;F10;VSIG4;C5AR1;ICAM2;ITGB2;CFB;KLKB1;WAS;C3;C7;ARRB2;CD59;F13A1;LAMA5;RPS19;CD40;ICAM1;CFH;SELL;FCGR3A;FKBP2;SELPLG;DCN;CFI;FPR1;C4A;CRP;C2;CD93;GNAI3;SERPING1;ITGA2B;C5AR2;CALR;GNAI2;ITGAX;GNA15;C1S;CR1;F12;FCN1;F11;C9;SPP1;FCER2;CLEC4M;CFP;FCN2;CD55;LAMC1;ITGB3;PROS1;TXN;THBS1;PRKACA;C1QBP;ELANE;CD19;PLG;PRKCA;PRNP;SELE;LRP2;MASP1;CR2;C6;PTX3;SELP;CD46;CFHR4;C4BPA;LAMB1;ITGA2;IBSP;CSNK1A1;MASP2;C5;ALB;SFTPA2,"[280, 296, 468, 582, 666, 745, 770, 774, 805, 814, 902, 981, 1027, 1067, 1102, 1107, 1250, 1312, 1558, 1680, 1703, 1795, 1872, 2051, 2053, 2138, 2288, 2361, 2386, 2455, 2561, 2614, 2639, 2744, 2967, 3127, 3289, 3407, 3651, 3686, 3746, 4130, 4188, 4215, 4307, 4449, 5015, 5199, 5937, 6253, 6557, 6736, 7041, 7062, 7474, 7640, 7795, 8108, 8981, 9307, 9427, 9551, 9713, 9857, 9981, 10873, 10924, 11222, 12026, 12028, 12962, 13010, 13208, 13476, 14150, 14616, 14849, 15592, 15635, 15643, 15773, 16068, 17107, 17145, 17237]",c2.cp.wikipathways__WP_COMPLEMENT_SYSTEM
c2.cp.wikipathways,WP_OSTEOPONTIN_SIGNALING,prerank,0.7197664957172156,1.7125029251299788,0.005780346820809248,0.02998727667498524,0.799,5_12,5/12,16.19%,MMP9;RELA;MAPK3;IKBKB;NFKB1,MMP9;RELA;MAPK3;IKBKB;NFKB1;PLAU;MAP2K1;SPP1;ITGB3;ITGAV;CHUK;MAPK1,"[27, 68, 1114, 2341, 2835, 5250, 5701, 6253, 7795, 9460, 12017, 12772]",c2.cp.wikipathways__WP_OSTEOPONTIN_SIGNALING
c2.cp.wikipathways,WP_NRF2_PATHWAY,prerank,0.44916655431397395,1.7114998854294612,0.0,0.030107557816229345,0.805,45_126,45/126,18.10%,HSPA1A;DNAJB1;MAFF;EPHA2;SLC5A3;SLC6A13;TGFB1;HMOX1;RXRA;SLC39A11;AGER;SLC2A3;HSP90AA1;HGF;SLC2A5;GSTM2;GSTM4;SLC6A20;TGFB2;SERPINA1;SLC39A12;ABCC2;SLC6A4;GSTP1;SLC2A4;KEAP1;SLC5A10;HSP90AB1;MGST2;MAFG;SLC2A14;SLC6A9;SLC39A5;NQO1;NFE2L2;PRDX1;SQSTM1;TGFBR2;SLC6A3;SLC5A4;FTL;CBR3;SLC6A16;SLC2A1;SLC2A9,HSPA1A;DNAJB1;MAFF;EPHA2;SLC5A3;SLC6A13;TGFB1;HMOX1;RXRA;SLC39A11;AGER;SLC2A3;HSP90AA1;HGF;SLC2A5;GSTM2;GSTM4;SLC6A20;TGFB2;SERPINA1;SLC39A12;ABCC2;SLC6A4;GSTP1;SLC2A4;KEAP1;SLC5A10;HSP90AB1;MGST2;MAFG;SLC2A14;SLC6A9;SLC39A5;NQO1;NFE2L2;PRDX1;SQSTM1;TGFBR2;SLC6A3;SLC5A4;FTL;CBR3;SLC6A16;SLC2A1;SLC2A9;SLC5A9;CES1;SLC39A1;PGD;SLC5A6;PPARD;SLC5A5;SLC39A14;ABCC3;ABCC4;SLC2A10;SLC5A11;BLVRB;SLC7A11;SLC39A13;SLC2A12;SLC6A8;PRDX6;GPX2;SLC2A8;GSTT2;G6PD;SLC6A11;SOD3;PDGFB;SLC2A6;CES3;SLC6A7;TXNRD1;SLC39A2;ABCC5;FTH1;SLC39A7;GPX3;MGST3;PTGR1;GSTM1;GSTM3;SLC6A2;SLC39A8;GGT1;SLC5A8;TXN;GCLM;SLC5A2;GSTA1;NRG1;SLC39A4;CBR1;SLC6A6;SLC39A3;CES4A;SLC5A12;HBEGF;GSTM5;SLC6A17;SRXN1;SLC2A13;SLC39A6;SLC39A10;TXNRD3;FGF13;GSR;ME1;SLC5A1;SLC2A11;CYP4A11;TGFA;CES5A;EGR1;ALDH3A1;GSTA4;SLC6A15;GCLC;EPHA3;SLC6A5;SLC6A1;CYP2A6;SLC5A7;CES2;SLC39A9,"[2, 9, 26, 39, 59, 199, 386, 693, 710, 737, 759, 833, 876, 893, 976, 1035, 1139, 1160, 1191, 1224, 1342, 1475, 1789, 1811, 1904, 1924, 1944, 1985, 2145, 2367, 2512, 2569, 2650, 2676, 2684, 2756, 2762, 2773, 2789, 2874, 2914, 2990, 3078, 3156, 3170, 3404, 3434, 3471, 3550, 3649, 3681, 3728, 3796, 4275, 4382, 4514, 4556, 4651, 4658, 4742, 5043, 5128, 5524, 5584, 6045, 6342, 6351, 6443, 6504, 6544, 6666, 6709, 7158, 7174, 7218, 7605, 7737, 7763, 7945, 8191, 8220, 8329, 8401, 8506, 8529, 8643, 8898, 8981, 9357, 10044, 10539, 10902, 11349, 11625, 11639, 11949, 12072, 12260, 12285, 12486, 12878, 12938, 13047, 13550, 14057, 14142, 14173, 14462, 14484, 14588, 14700, 14759, 14919, 15064, 15627, 15706, 15806, 15808, 15915, 15920, 16180, 16284, 16405, 17356, 17408, 17487]",c2.cp.wikipathways__WP_NRF2_PATHWAY
c2.cp.wikipathways,WP_NFKB_SIGNALING_AND_ARTD_FAMILY_MEMBERS,prerank,0.596257351960667,1.703584913747238,0.011574074074074073,0.032178964428100566,0.821,8_26,8/26,13.53%,NFKB2;NFKBIA;CLDN6;PARP16;CREBBP;PARP10;IKBKB;ZC3HAV1,NFKB2;NFKBIA;CLDN6;PARP16;CREBBP;PARP10;IKBKB;ZC3HAV1;TIPARP;EP300;RELB;IKBKG;CUL1;PARP12;PARP14;RBX1;TFPI2;PARP1;ERN1;MAVS;CHUK;TBK1;SKP1;BTRC;EIF2AK3;GSK3B,"[56, 132, 864, 1405, 1980, 2093, 2341, 2369, 4397, 7268, 7492, 7584, 7681, 8023, 8218, 8474, 8832, 9697, 10889, 11317, 12017, 12506, 12689, 12697, 14600, 15613]",c2.cp.wikipathways__WP_NFKB_SIGNALING_AND_ARTD_FAMILY_MEMBERS
c2.cp.wikipathways,WP_VITAMIN_D_RECEPTOR_PATHWAY,prerank,0.4321566878059231,1.6994722742050175,0.0,0.033187780432876623,0.832,53_147,53/147,19.25%,G0S2;TGFB1;BCL6;S100A4;S100A8;TNFRSF11B;RXRA;LGALS9;S100A6;HILPDA;HLA-DRB1;CYP2S1;NINJ1;CDKN2C;IRF5;IRF8;TGFB2;BGLAP;MYC;ABCD1;CDC34;ORM2;NFATC2;LRRC25;ITGAM;CDK2;ADRB2;CDKN1A;EPHB4;CBS;MED9;MXD1;CD40;SLC2A4;LRP5;CYP3A4;IGFBP1;TNFAIP3;S100A9;S100A2;BTLA;CLPTM1L;BMP6;CD14;IGFBP5;KLF4;TIMP3;HNF1A;ABCB1;STEAP4;TREM1;FOXO1;HLA-DQA1,G0S2;TGFB1;BCL6;S100A4;S100A8;TNFRSF11B;RXRA;LGALS9;S100A6;HILPDA;HLA-DRB1;CYP2S1;NINJ1;CDKN2C;IRF5;IRF8;TGFB2;BGLAP;MYC;ABCD1;CDC34;ORM2;NFATC2;LRRC25;ITGAM;CDK2;ADRB2;CDKN1A;EPHB4;CBS;MED9;MXD1;CD40;SLC2A4;LRP5;CYP3A4;IGFBP1;TNFAIP3;S100A9;S100A2;BTLA;CLPTM1L;BMP6;CD14;IGFBP5;KLF4;TIMP3;HNF1A;ABCB1;STEAP4;TREM1;FOXO1;HLA-DQA1;CDKN2A;CASP5;PPARD;CYP27B1;CDKN2B;THBD;LRRC8A;CCNE1;CYP3A5;IL1RL1;VDR;SULT1C2;CEBPA;CLEC16A;KRT16;MX2;ID4;CYP1A1;TRAK1;SOSTDC1;KRT13;CDKN2D;KRTAP5-4;ID1;SPP1;G6PD;CLMN;JUNB;COLEC11;EFNA5;GADD45A;SERPINB1;SLC37A2;KRTAP5-1;MYO9B;CYP2D6;CDKN1B;IGFBP3;CYP7A1;SLC34A2;HIF1A;ATP2C2;KNG1;BDKRB1;CA9;TNFSF4;IRF4;NOX1;CTLA4;HLA-DQA2;ZNF257;ALOX5;ADRA1B;SALL4;TIMP2;PTGER4;PRDM1;IL12A;TRPV5;CEACAM1;CLDN2;CDKAL1;SATB1;CST6;ASAP2;DNER;IL25;DUSP10;KLK6;ATP2B1;KL;CD9;CCND1;TRPV6;CCNC;TPM1;NRIP1;GXYLT2;STS;PTHLH;SFRP1;PNOC;DACT2;CD200;SLC8A1;CYP24A1;CREG2;RASGRP1;IGSF9B;PRKCQ;COL13A1;LPGAT1;STAM;ADAMTS5,"[1, 386, 489, 576, 639, 664, 710, 718, 722, 769, 784, 862, 932, 960, 1040, 1129, 1191, 1231, 1232, 1233, 1309, 1317, 1367, 1467, 1487, 1573, 1595, 1714, 1755, 1781, 1788, 1793, 1795, 1904, 2090, 2099, 2133, 2189, 2310, 2374, 2517, 2535, 2547, 2611, 2746, 2806, 3019, 3074, 3190, 3262, 3333, 3351, 3372, 3605, 3624, 3681, 3820, 3838, 4174, 4227, 4289, 4567, 4810, 4946, 4986, 5110, 5143, 5146, 5294, 5301, 5385, 5628, 5658, 5682, 6003, 6014, 6042, 6253, 6351, 6417, 6511, 6552, 6617, 6740, 6844, 7060, 7111, 7156, 7348, 7452, 7570, 8012, 8199, 8234, 8274, 8499, 8507, 8610, 8620, 8729, 8800, 8921, 8932, 9324, 9403, 9536, 9878, 10271, 10354, 10431, 10432, 10642, 11025, 11097, 11110, 11290, 11446, 11638, 11766, 12112, 12383, 12536, 12581, 13092, 13114, 13673, 13757, 13807, 14058, 14451, 14677, 14685, 14886, 15127, 15276, 15593, 15606, 15701, 15989, 16008, 16013, 16156, 16535, 17066, 17124, 17215, 17321]",c2.cp.wikipathways__WP_VITAMIN_D_RECEPTOR_PATHWAY
c2.cp.wikipathways,WP_EXERCISEINDUCED_CIRCADIAN_REGULATION,prerank,0.5137191504533709,1.6866225686556982,0.0020964360587002098,0.03681772912439432,0.868,11_45,11/45,11.75%,G0S2;CEBPB;HERPUD1;BTG1;PER1;DNAJA1;CLDN5;PPP1R3C;UCP3;GSTP1;TAB2,G0S2;CEBPB;HERPUD1;BTG1;PER1;DNAJA1;CLDN5;PPP1R3C;UCP3;GSTP1;TAB2;HLA-DMA;TOB1;CRY1;RBPMS;PPP2CB;SUMO3;ETV6;SUMO1;PSMA4;HSPA8;GSTM3;PIGF;ZFR;SF3A3;UGP2;QKI;GFRA1;NR1D2;CBX3;TUBB3;PER2;CRY2;NCKAP1;ERC2;EIF4G2;VAPA;KLF9;PURA;MYF6;DAZAP2;CLOCK;NCOA4;IDI1;AZIN1,"[1, 311, 817, 856, 1010, 1024, 1059, 1733, 1806, 1811, 2058, 2494, 4156, 5174, 5316, 5975, 7026, 7047, 7337, 7762, 7879, 8401, 8497, 9149, 9216, 9502, 10020, 10430, 10853, 11297, 11364, 11506, 12022, 12193, 12412, 12560, 13275, 13485, 13584, 14140, 14718, 15146, 15564, 15748, 15892]",c2.cp.wikipathways__WP_EXERCISEINDUCED_CIRCADIAN_REGULATION
c2.cp.wikipathways,WP_NEURAL_CREST_DIFFERENTIATION,prerank,0.4579620150959141,1.6855757950774304,0.0,0.036835639390264706,0.872,30_88,30/88,14.43%,MIA;NFKB2;HDAC10;MPZ;TCF7L1;MSX1;TBX6;DLL4;HDAC7;BMP4;NOTCH4;AXIN1;DVL1;HDAC4;MYC;CTBP2;GFAP;DVL2;LHX2;TWIST1;SOX9;BMP7;ASCL1;FGF2;HDAC1;NOTCH2;DLL1;NOTCH1;DVL3;SNAI1,MIA;NFKB2;HDAC10;MPZ;TCF7L1;MSX1;TBX6;DLL4;HDAC7;BMP4;NOTCH4;AXIN1;DVL1;HDAC4;MYC;CTBP2;GFAP;DVL2;LHX2;TWIST1;SOX9;BMP7;ASCL1;FGF2;HDAC1;NOTCH2;DLL1;NOTCH1;DVL3;SNAI1;COL2A1;NFKB1;HDAC8;HES1;CDH2;ETS1;AXIN2;NOTCH3;HDAC3;FGFR3;ZIC5;FGFR1;HDAC5;FGF8;SOX5;HEY2;CDH6;HDAC6;ID1;SOX10;HES5;OLIG1;TLX2;SMAD1;SNAI2;MITF;RHOB;CDH1;MBP;DLL3;HDAC2;TCF4;COL11A2;MSX2;DLX5;OLIG2;FGFR2;ITGB1;FZD3;RBPJ;HDAC11;WNT8A;PMP22;TFAP2A;ZIC1;WNT1;GJB1;MYB;DCT;GSK3B;PAX7;PRTG;HDAC9;CTNNB1;CDH7;GBX2;PAX3;LHX1,"[53, 56, 117, 186, 230, 231, 236, 332, 678, 730, 781, 877, 1089, 1124, 1232, 1322, 1409, 1798, 1802, 1908, 2005, 2039, 2116, 2211, 2268, 2279, 2363, 2437, 2492, 2526, 2752, 2835, 3224, 3383, 3499, 3821, 3853, 3857, 3950, 4371, 4569, 4624, 4646, 5132, 5260, 5306, 5386, 5473, 6042, 6399, 6408, 6812, 6980, 7143, 7384, 8314, 8719, 8970, 9036, 9053, 9498, 9842, 10300, 10513, 10738, 10992, 11001, 11311, 12043, 12114, 12245, 12291, 12705, 12910, 13001, 14329, 15287, 15452, 15548, 15613, 15619, 15800, 15818, 16018, 16392, 16648, 17350, 17510]",c2.cp.wikipathways__WP_NEURAL_CREST_DIFFERENTIATION
c2.cp.wikipathways,WP_5Q35_COPY_NUMBER_VARIATION,prerank,0.4558619796191159,1.688161404678528,0.0,0.036842120492542305,0.863,29_101,29/101,18.31%,RAB24;CXCR4;HK3;PNPLA2;PLCG1;INPP5D;MAX;IGF1R;TSPAN17;DOK3;MYC;FGFR4;UIMC1;TMED9;DBN1;HIGD2A;PDLIM7;LMAN2;KDM6B;HIC2;SRC;CLTB;NELFB;COX7C;JUN;PRELID1;MXD3;GNAI3;EED,RAB24;CXCR4;HK3;PNPLA2;PLCG1;INPP5D;MAX;IGF1R;TSPAN17;DOK3;MYC;FGFR4;UIMC1;TMED9;DBN1;HIGD2A;PDLIM7;LMAN2;KDM6B;HIC2;SRC;CLTB;NELFB;COX7C;JUN;PRELID1;MXD3;GNAI3;EED;NOP16;ZNF346;FAM193B;GNAI2;PRR7;BABAM1;F12;EIF4E1B;COX5B;COX4I1;GRIN1;ABHD5;COX6A1;GPRIN1;UNC5A;SIMC1;SOS1;BARD1;HIP1R;CDHR2;COX6B1;COX5A;GRK6;COX6C;GAB1;ABL1;SNCB;COX7A1;B4GALT7;PTPN2;KIAA1191;TRIAP1;TPM2;MT-CO1;MAGED1;TMED10;MT-CO2;CYP7A1;RNF44;COX8A;RGS14;DDX41;BRCA1;HIP1;NSD1;MYO7B;CDHR5;MAPK10;ARL10;FAF2;USH1C;SNCA;FGF1;GRB2;ARFGAP2;NTN1;COX7B;MT-CO3;CAPN3;FBXW7;ADAM10;FRS2;PTPRN2;PIK3R1;MAPK9;TMED2;ANKS4B;BRCC3;DRD2;GNAI1;GRIN2B;MAPK8,"[42, 77, 200, 241, 405, 448, 484, 486, 919, 1057, 1232, 1389, 1404, 1520, 1619, 1712, 1870, 1950, 2172, 2184, 2278, 2398, 2632, 2712, 2824, 2834, 2903, 3127, 3207, 3444, 3633, 3737, 3746, 4047, 4337, 4449, 4566, 4769, 4836, 4890, 5346, 5419, 5606, 5754, 5815, 5826, 6150, 6176, 6192, 6303, 6389, 6438, 6499, 6503, 6593, 6864, 6873, 6892, 6983, 7097, 7172, 7309, 7471, 7595, 7736, 7791, 8012, 8027, 8139, 8321, 8344, 8479, 9203, 9664, 9670, 9695, 10309, 10683, 10771, 10869, 10959, 11280, 11405, 11662, 11694, 11850, 12088, 12174, 12813, 13386, 13783, 14383, 14526, 14702, 15290, 15537, 15605, 15657, 15942, 16281, 16304]",c2.cp.wikipathways__WP_5Q35_COPY_NUMBER_VARIATION
c2.cp.wikipathways,WP_PROSURVIVAL_SIGNALING_OF_NEUROPROTECTIN_D1,prerank,0.671972763709156,1.6869217936673575,0.00998003992015968,0.037042168205623976,0.867,10_15,10/15,23.32%,CASP7;TNFRSF1A;TRAF2;BAX;BIRC3;FADD;RIPK1;TNF;RIPK3;TRADD,CASP7;TNFRSF1A;TRAF2;BAX;BIRC3;FADD;RIPK1;TNF;RIPK3;TRADD;PPP2CB;CASP9;CASP8;CYCS;CASP3,"[112, 390, 494, 1799, 1994, 2019, 2701, 3515, 3729, 4084, 5975, 6429, 10378, 11932, 12945]",c2.cp.wikipathways__WP_PROSURVIVAL_SIGNALING_OF_NEUROPROTECTIN_D1
c2.cp.wikipathways,WP_GALANIN_RECEPTOR_PATHWAY,prerank,0.6498187015820834,1.6810246785625835,0.006593406593406593,0.03727644163271387,0.879,11_18,11/18,21.77%,VEGFA;CDKN1A;SLC2A4;YAP1;IL6;POMC;CRP;KRT19;FOS;PPARG;BCL2L11,VEGFA;CDKN1A;SLC2A4;YAP1;IL6;POMC;CRP;KRT19;FOS;PPARG;BCL2L11;CDKN1B;CDKN1C;PRKCD;VAMP2;CREB1;PPARGC1A;TFAP2A,"[1439, 1714, 1904, 2016, 2121, 2238, 2639, 2855, 2889, 3284, 3812, 7452, 8377, 9580, 9949, 10478, 11622, 12910]",c2.cp.wikipathways__WP_GALANIN_RECEPTOR_PATHWAY
c2.cp.wikipathways,WP_PLEURAL_MESOTHELIOMA,prerank,0.3827374856607497,1.6783573151447073,0.0,0.03734416488632652,0.88,98_417,98/417,13.71%,MMP9;EPHA2;SLC3A2;MKNK2;FZD9;CSF1;LAMB2;ITPR3;ANGPT2;CCND3;FZD8;TCF7L1;FGF17;MAP2K3;SLC7A5;TEAD2;MAPKAPK2;TGFB1;FRAT2;PDGFRB;FLT3LG;EIF4EBP1;MAX;IGF1R;TRAF2;FLT4;WNT6;CASP1;LGALS9;DDIT3;AGER;TEAD4;PIK3CD;EFNA4;IGF2;FZD2;AXIN1;HGF;ITGB2;PAK4;MAP3K6;ELK1;MAP4K1;RASSF7;BAG2;EFNA2;DVL1;PODXL;MAPK3;FOXM1;PGF;FGF11;FGF22;LATS2;MYC;BCL2;FRAT1;CTBP2;AKT1S1;AJUBA;PRB2;LEF1;FGFR4;WNT5B;CTBP1;VEGFA;WDR5;MCL1;VEGFB;CD274;FLT1;RASSF1;CSF1R;CDK2;LAMA5;CDKN1A;YY1;CXCL1;CSF3;DVL2;BAX;CCL2;ITGB4;RING1;FZD1;YAP1;LRP5;MAP2K2;PRB1;IL6;LAMC3;FOSL1;FGF2;SRC;CDH20;EGFR;TNNT1;HCFC1,MMP9;EPHA2;SLC3A2;MKNK2;FZD9;CSF1;LAMB2;ITPR3;ANGPT2;CCND3;FZD8;TCF7L1;FGF17;MAP2K3;SLC7A5;TEAD2;MAPKAPK2;TGFB1;FRAT2;PDGFRB;FLT3LG;EIF4EBP1;MAX;IGF1R;TRAF2;FLT4;WNT6;CASP1;LGALS9;DDIT3;AGER;TEAD4;PIK3CD;EFNA4;IGF2;FZD2;AXIN1;HGF;ITGB2;PAK4;MAP3K6;ELK1;MAP4K1;RASSF7;BAG2;EFNA2;DVL1;PODXL;MAPK3;FOXM1;PGF;FGF11;FGF22;LATS2;MYC;BCL2;FRAT1;CTBP2;AKT1S1;AJUBA;PRB2;LEF1;FGFR4;WNT5B;CTBP1;VEGFA;WDR5;MCL1;VEGFB;CD274;FLT1;RASSF1;CSF1R;CDK2;LAMA5;CDKN1A;YY1;CXCL1;CSF3;DVL2;BAX;CCL2;ITGB4;RING1;FZD1;YAP1;LRP5;MAP2K2;PRB1;IL6;LAMC3;FOSL1;FGF2;SRC;CDH20;EGFR;TNNT1;HCFC1;DVL3;SFRP2;MAP3K3;COL4A4;ULK1;JUN;NFKB1;ACTA1;WWTR1;CSNK2B;CDH5;RAF1;NGF;INSR;EFNA1;MAP2K7;SLC2A1;EED;NOTUM;AKT1;WNT3;FOXO1;TEAD1;CDH24;CDH2;MAP3K10;TEAD3;MAPK7;RASSF4;MINK1;CDKN2A;BMI1;WNT4;NF2;CXCL10;CXXC4;RPS6;IL34;BBC3;WNT7A;CXCL5;LAMA3;AKT2;HRAS;MMP14;CSNK2A2;ITGA6;PDGFC;WWC1;MST1;CCNE1;LIMD1;TCF7;FGFR3;MAP3K5;EGF;SP1;MOB1A;FGFR1;IL1B;SHC1;CDH4;DKK1;TCF7L2;NGFR;AMOT;CSNK1E;ADAMTS1;FGF8;RPS6KA1;MLST8;DKK4;PRKAG3;PLAU;MAD1L1;WNT10A;CTNNA2;CDH6;FZD5;WNT7B;ATF3;MAP2K1;CD44;PRSS23;RASSF6;WNT16;SOS1;EFNA3;WNT11;BARD1;NDRG1;EIF4G1;BAP1;CCL5;FGF20;SERPINF1;PIK3CG;LAMA1;PDGFB;EFNA5;VEGFC;MAP3K4;MKNK1;TELO2;IL10;PDGFD;MAP3K1;PIK3CA;RASSF3;MAP4K4;RPS6KB2;RPTOR;SFRP5;ITGA1;CIT;NTRK2;GABPA;MAPK14;KREMEN1;MAP3K11;FZD10;LAMB3;VGLL4;CDH11;LIN28B;FZD7;PAK2;SOX17;MDK;PDGFA;LAMC1;MAP2K6;CUL1;ROR2;E2F1;ITGB3;CDK4;PHC1;PORCN;TEK;ANGPT4;MAP2K5;TSC2;RASSF5;COL4A3;FGF18;ATF2;LAMA2;MAP2K4;HIF1A;WNT10B;COL4A2;STK3;RYK;RPS6KB1;CTNNA1;BRCA1;PIGF;CSNK1A1L;MAP4K2;TP53;BAK1;ITGA3;FABP4;PRKAG2;RHEB;WNT5A;CDH1;RB1CC1;MCU;MOB1B;OGT;NTRK1;CCL4;JAK1;SPARC;WNT2;RPS6KA3;MAP3K2;ITGAV;ASXL1;CDH22;CDH10;NLRP3;SETD2;LAMA4;EZH2;APC;SETD5;LATS1;COL4A1;STK38L;WIF1;KDR;BTC;MAPK10;CDH19;PAK6;PDGFRA;CREB1;CDK7;PTEN;FN1;COL4A6;ATG13;WNT2B;FGFR2;ANGPT1;SAV1;SELE;KDM6A;ATM;FGF1;ITGB1;GRB2;PRKAA2;MAP4K3;PPARGC1A;MMP2;EIF4B;MDM4;CYCS;FZD3;CDH3;FGF10;FGF7;MEF2D;FGF9;KIF23;ACTB;HBEGF;TTI1;CDH13;KITLG;BTRC;FZD6;MAPK1;CCND2;DKK2;TERT;MTOR;RASSF2;CDH9;MAP3K9;FGF14;PRKAB1;ACTG1;SENP2;SETDB1;CCND1;PIK3CB;PRKAB2;ROR1;YWHAB;LRP6;SUZ12;MET;DEPTOR;BECN1;CHD8;CTHRC1;COL4A5;FGF13;TSC1;HMGB1;RNF2;WNT1;CDH12;MAD2L1;PAK1;CDH18;MAPK9;ACTG2;LAMC2;TGFA;ACTC1;AKT3;SFRP1;PLCB4;CXCL12;MDM2;NTF3;IGF1;FGF12;LAMB1;GSK3B;CDH8;ITGA2;ITGA4;CDH17;KIT;CSNK1A1;SOST;CTNNA3;CTNNB1;CSNK2A3;PTK2;RPS6KA5;CER1;MAPK8;PDK1;CDH7;SFRP4;TNIK;PRKAG1;FGF5;CSNK2A1;STAT1;HMGN1;CD47;ACTA2;RBBP4;FLT3;ULK2;PAK3;BDNF;PRKAA1;CDH15;MMP3,"[27, 39, 40, 81, 83, 137, 160, 175, 198, 223, 225, 230, 282, 292, 312, 314, 344, 386, 388, 420, 438, 455, 484, 486, 494, 525, 579, 645, 718, 729, 759, 785, 790, 795, 826, 841, 877, 893, 902, 912, 926, 973, 993, 1015, 1026, 1070, 1089, 1091, 1114, 1135, 1138, 1166, 1206, 1223, 1232, 1238, 1279, 1322, 1340, 1345, 1374, 1377, 1389, 1392, 1410, 1439, 1478, 1483, 1509, 1524, 1534, 1540, 1549, 1573, 1680, 1714, 1746, 1774, 1776, 1798, 1799, 1826, 1867, 1978, 1987, 2016, 2090, 2104, 2113, 2121, 2141, 2188, 2211, 2278, 2284, 2347, 2385, 2400, 2492, 2606, 2656, 2709, 2735, 2824, 2835, 2840, 2900, 2962, 2999, 3033, 3051, 3052, 3065, 3121, 3156, 3207, 3232, 3267, 3325, 3351, 3355, 3481, 3499, 3529, 3547, 3561, 3564, 3577, 3605, 3628, 3643, 3658, 3676, 3747, 3757, 3805, 3816, 3834, 3891, 3919, 3956, 3976, 4031, 4037, 4120, 4144, 4150, 4234, 4289, 4304, 4349, 4371, 4419, 4444, 4488, 4542, 4624, 4629, 4654, 4663, 4704, 4922, 4970, 4997, 5083, 5129, 5132, 5141, 5180, 5202, 5219, 5250, 5308, 5355, 5369, 5386, 5568, 5668, 5684, 5701, 5731, 5736, 5787, 5824, 5826, 5941, 6105, 6150, 6152, 6233, 6345, 6365, 6436, 6444, 6453, 6474, 6544, 6617, 6620, 6651, 6710, 6935, 6941, 6943, 7054, 7105, 7146, 7148, 7191, 7231, 7249, 7251, 7267, 7280, 7297, 7304, 7308, 7357, 7367, 7368, 7380, 7390, 7429, 7442, 7446, 7508, 7550, 7604, 7640, 7672, 7681, 7746, 7793, 7795, 7822, 7839, 7857, 7870, 7876, 7975, 7998, 8008, 8021, 8121, 8136, 8158, 8233, 8234, 8235, 8242, 8246, 8260, 8326, 8413, 8479, 8497, 8589, 8664, 8693, 8735, 8739, 8786, 8791, 8835, 8910, 8970, 8973, 8992, 9030, 9058, 9253, 9267, 9271, 9277, 9348, 9363, 9404, 9460, 9610, 9632, 9651, 9658, 9665, 9784, 9837, 9884, 9898, 9929, 9975, 9982, 10133, 10163, 10247, 10309, 10377, 10408, 10418, 10478, 10485, 10528, 10662, 10672, 10774, 10827, 11001, 11065, 11072, 11222, 11256, 11270, 11280, 11311, 11405, 11483, 11491, 11622, 11784, 11807, 11817, 11932, 12043, 12052, 12099, 12101, 12103, 12107, 12159, 12262, 12285, 12297, 12477, 12483, 12697, 12762, 12772, 12887, 12906, 13041, 13065, 13093, 13140, 13184, 13236, 13247, 13331, 13554, 13668, 13673, 13676, 13709, 13726, 13801, 13826, 13872, 13901, 13996, 14024, 14047, 14110, 14154, 14173, 14195, 14226, 14327, 14329, 14348, 14365, 14368, 14556, 14702, 14818, 14822, 14919, 14935, 14998, 15127, 15159, 15207, 15285, 15460, 15473, 15531, 15592, 15613, 15633, 15635, 15698, 15717, 15737, 15773, 15844, 15937, 16018, 16104, 16229, 16291, 16300, 16304, 16370, 16392, 16403, 16472, 16705, 16780, 16833, 16938, 16952, 17045, 17077, 17106, 17194, 17198, 17241, 17360, 17412, 17414, 17427]",c2.cp.wikipathways__WP_PLEURAL_MESOTHELIOMA
c2.cp.wikipathways,WP_PROSTAGLANDIN_SYNTHESIS_AND_REGULATION,prerank,0.5288244574520887,1.679048612747551,0.002136752136752137,0.03751643621141246,0.88,17_44,17/44,19.92%,AKR1C2;HSD11B2;S100A6;AKR1C1;TBXAS1;PTGER2;ANXA3;AKR1B1;SOX9;PTGDR;TBXA2R;AKR1C3;S100A10;PTGDS;ANXA2;PPARG;HPGDS,AKR1C2;HSD11B2;S100A6;AKR1C1;TBXAS1;PTGER2;ANXA3;AKR1B1;SOX9;PTGDR;TBXA2R;AKR1C3;S100A10;PTGDS;ANXA2;PPARG;HPGDS;PTGER1;ABCC4;ANXA5;SCGB1A1;EDN1;EDNRB;ANXA1;PTGIR;PTGES;PTGS1;MITF;PTGFRN;ANXA6;ANXA4;PLA2G4A;EDNRA;HPGD;PTGER4;CYP11A1;HSD11B1;PTGS2;PTGFR;PPARGC1A;CBR1;PPARGC1B;PTGER3;PTGIS,"[111, 242, 722, 1043, 1346, 1376, 1938, 1995, 2005, 2128, 2131, 2427, 2652, 2819, 3075, 3284, 3489, 4313, 4382, 4481, 5545, 5566, 5580, 6173, 6622, 6773, 6934, 8314, 8904, 9127, 9157, 9214, 9524, 9608, 10354, 10566, 10667, 11182, 11263, 11622, 11625, 13100, 15604, 16232]",c2.cp.wikipathways__WP_PROSTAGLANDIN_SYNTHESIS_AND_REGULATION
c2.cp.wikipathways,WP_HEAD_AND_NECK_SQUAMOUS_CELL_CARCINOMA,prerank,0.47411950670503195,1.6812835406478137,0.002127659574468085,0.03758143970766457,0.879,25_73,25/73,17.10%,DDIT4;NFKB2;RELA;SESN2;PIK3R2;EIF4EBP1;PIK3R5;IGF1R;STK11;AJUBA;VEGFA;CDKN1A;KEAP1;FADD;NOTCH2;SESN1;EGFR;NOTCH1;ERBB2;SMAD4;NFE2L2;TGFBR2;NFKB1;TP63;MAPKAP1,DDIT4;NFKB2;RELA;SESN2;PIK3R2;EIF4EBP1;PIK3R5;IGF1R;STK11;AJUBA;VEGFA;CDKN1A;KEAP1;FADD;NOTCH2;SESN1;EGFR;NOTCH1;ERBB2;SMAD4;NFE2L2;TGFBR2;NFKB1;TP63;MAPKAP1;AKT1;CDKN2A;RPS6;AKT2;HRAS;FGFR3;FGFR1;MLST8;NUMB;BIRC2;PIK3CG;GAB1;MAML1;FKBP1A;PIK3CA;RPS6KB2;RPTOR;TRAF3;E2F1;CDK4;TSC2;TP53;RHEB;RB1;FAT1;CUL3;CASP8;PTEN;PDPK1;FGFR2;CDK6;PRKAA2;RICTOR;REL;TERT;MTOR;CCND1;PIK3CB;CSMD3;KRAS;TSC1;PIK3R1;AKT3;CTNNB1;NRAS;IRF6;EIF4E;PRKAA1,"[11, 56, 68, 108, 350, 455, 466, 486, 977, 1345, 1439, 1714, 1924, 2019, 2279, 2306, 2347, 2437, 2593, 2618, 2684, 2773, 2835, 2867, 2995, 3267, 3605, 3757, 3956, 3976, 4371, 4624, 5180, 5201, 6219, 6453, 6503, 6909, 7100, 7105, 7191, 7231, 7749, 7793, 7822, 7998, 8693, 8835, 9620, 9969, 10069, 10378, 10528, 10975, 11001, 11099, 11483, 12747, 12847, 13041, 13065, 13673, 13676, 13782, 13814, 14195, 14526, 14998, 16018, 16714, 16733, 16760, 17412]",c2.cp.wikipathways__WP_HEAD_AND_NECK_SQUAMOUS_CELL_CARCINOMA
c2.cp.wikipathways,WP_TCELL_ANTIGEN_RECEPTOR_TCR_PATHWAY_DURING_STAPHYLOCOCCUS_AUREUS_INFECTION,prerank,0.5008385528464089,1.6817572848079119,0.00211864406779661,0.03773163232571846,0.878,26_55,26/55,20.67%,NFKBIA;AHSA1;LAT;CD4;PLCG1;LCK;FYN;MAPK3;NFATC2;MAP2K2;IKBKB;ZAP70;GRAP2;PTPN6;JUN;NFKB1;FOS;MAP3K8;RAF1;CBL;MAP2K7;AKT1;LCP2;RRAS;TNF;CARD11,NFKBIA;AHSA1;LAT;CD4;PLCG1;LCK;FYN;MAPK3;NFATC2;MAP2K2;IKBKB;ZAP70;GRAP2;PTPN6;JUN;NFKB1;FOS;MAP3K8;RAF1;CBL;MAP2K7;AKT1;LCP2;RRAS;TNF;CARD11;PTPRC;ITK;MAP2K1;SOS1;DAG1;NCK1;BCL10;IL10;PIK3CA;MALT1;PDCD1;IKBKG;CDK4;IL4;CTLA4;CD8A;MAP3K7;CD28;GRB2;CHUK;PAK1;MAPK9;CALM1;IL5;CHP1;GSK3B;DLG1;PDK1;PRKCQ,"[132, 183, 194, 204, 405, 1019, 1046, 1114, 1367, 2104, 2341, 2462, 2574, 2686, 2824, 2835, 2889, 2891, 3033, 3071, 3121, 3267, 3402, 3458, 3515, 3620, 3989, 5489, 5701, 5826, 5871, 6129, 6271, 6941, 7105, 7227, 7552, 7584, 7822, 8442, 8921, 9346, 9639, 9793, 11405, 12017, 14368, 14702, 14779, 15390, 15489, 15613, 16023, 16370, 16535]",c2.cp.wikipathways__WP_TCELL_ANTIGEN_RECEPTOR_TCR_PATHWAY_DURING_STAPHYLOCOCCUS_AUREUS_INFECTION
c2.cp.wikipathways,WP_MITOCHONDRIAL_IMMUNE_RESPONSE_TO_SARSCOV2,prerank,0.5817665821036048,1.6762567600807143,0.00816326530612245,0.03777436946306963,0.885,9_26,9/26,18.06%,NFKB2;IRF7;IRF3;ECSIT;TICAM1;TMPRSS2;NFKB1;TLR7;IKBKE,NFKB2;IRF7;IRF3;ECSIT;TICAM1;TMPRSS2;NFKB1;TLR7;IKBKE;AGTR1;BCS1L;NDUFB9;IFIH1;TRAF3;NDUFAF1;NOX1;ACE;TLR3;PHB2;NLRX1;MAVS;TRAF6;ACE2;TBK1;ACAD9;REN,"[56, 161, 315, 954, 1184, 2381, 2835, 2886, 3163, 4464, 5886, 6057, 6949, 7749, 8747, 8800, 8966, 9420, 10159, 11200, 11317, 11998, 12402, 12506, 12787, 15761]",c2.cp.wikipathways__WP_MITOCHONDRIAL_IMMUNE_RESPONSE_TO_SARSCOV2
c2.cp.wikipathways,WP_OSTEOBLAST_SIGNALING,prerank,0.7479030576972401,1.6750678782630137,0.007827788649706457,0.037796273420059284,0.887,4_10,4/10,7.03%,PTH1R;PDGFRB;TNFRSF11B;BGLAP,PTH1R;PDGFRB;TNFRSF11B;BGLAP;COL1A1;PDGFB;ITGB3;ITGAV;PDGFRA;IBSP,"[218, 420, 664, 1231, 5109, 6544, 7795, 9460, 10418, 15643]",c2.cp.wikipathways__WP_OSTEOBLAST_SIGNALING
c2.cp.wikipathways,WP_ZINC_HOMEOSTASIS,prerank,0.5500029190304229,1.6818008899380639,0.002036659877800407,0.03806151042651584,0.878,12_34,12/34,10.91%,MT1F;MT2A;MT1M;MT1G;MT1E;MT1A;MT1X;SLC39A11;MT3;SLC39A12;SLC30A1;MT1H,MT1F;MT2A;MT1M;MT1G;MT1E;MT1A;MT1X;SLC39A11;MT3;SLC39A12;SLC30A1;MT1H;SLC39A5;SLC39A1;SLC39A14;SLC39A13;MTF1;SLC30A10;SLC39A2;SLC39A7;SLC30A2;SLC39A8;SLC30A4;SLC30A3;SLC39A4;SLC39A3;SLC30A5;SLC30A7;SLC39A6;SLC30A6;SLC39A10;SLC30A8;SLC30A9;SLC39A9,"[55, 129, 162, 302, 327, 463, 544, 737, 967, 1342, 1726, 1911, 2650, 3471, 3796, 4742, 4795, 5505, 7218, 7763, 8445, 8529, 9106, 10367, 11349, 11949, 12835, 13372, 13550, 13583, 14057, 15360, 17021, 17487]",c2.cp.wikipathways__WP_ZINC_HOMEOSTASIS
c2.cp.wikipathways,WP_CANCER_IMMUNOTHERAPY_BY_PD1_BLOCKADE,prerank,0.6005443025581598,1.6725843835125809,0.012684989429175475,0.03814640191678291,0.892,12_21,12/21,19.58%,NFATC4;HLA-DRB1;LCK;NFATC2;BATF;CD274;NFATC1;ZAP70;JUN;NFKB1;STAT3;CD3E,NFATC4;HLA-DRB1;LCK;NFATC2;BATF;CD274;NFATC1;ZAP70;JUN;NFKB1;STAT3;CD3E;HLA-A;PDCD1;PDCD1LG2;NFATC3;CD3G;CD8A;NFAT5;CD8B;PTPN11,"[262, 784, 1019, 1367, 1480, 1524, 1675, 2462, 2824, 2835, 3143, 3429, 7039, 7552, 7607, 7891, 8645, 9346, 14755, 15708, 16007]",c2.cp.wikipathways__WP_CANCER_IMMUNOTHERAPY_BY_PD1_BLOCKADE
c2.cp.wikipathways,WP_OXIDATIVE_DAMAGE_RESPONSE,prerank,0.536755333674299,1.6680576458836505,0.008456659619450317,0.038429139496718445,0.903,16_40,16/40,17.02%,C1QA;TRAF2;C3AR1;TNFRSF1B;C1QC;C5AR1;C1QB;BCL2;C4B;CDKN1A;BAD;TNK2;C2;C1R;NFKB1;TDP2,C1QA;TRAF2;C3AR1;TNFRSF1B;C1QC;C5AR1;C1QB;BCL2;C4B;CDKN1A;BAD;TNK2;C2;C1R;NFKB1;TDP2;TNF;C1S;TRAF1;PCNA;CASP9;GADD45A;MAP3K1;CDKN1B;TRAF3;MAP2K4;CDKN1C;NFKBIE;MAPK13;BAK1;MAPK10;BAG4;CYCS;TRAF6;CASP3;CR2;MAP3K9;APAF1;CDC42;C5,"[479, 494, 582, 720, 771, 805, 1031, 1238, 1395, 1714, 2388, 2702, 2744, 2808, 2835, 2980, 3515, 4215, 5590, 6282, 6429, 6740, 7054, 7452, 7749, 8233, 8377, 8430, 8706, 8735, 10309, 11230, 11932, 11998, 12945, 12962, 13184, 13773, 16108, 17107]",c2.cp.wikipathways__WP_OXIDATIVE_DAMAGE_RESPONSE
c2.cp.wikipathways,WP_OVERLAP_BETWEEN_SIGNAL_TRANSDUCTION_PATHWAYS_CONTRIBUTING_TO_LMNA_LAMINOPATHIES,prerank,0.49151995086092704,1.6703441970469262,0.010706638115631691,0.038544676084476176,0.898,14_55,14/55,13.92%,TCF7L1;CEBPB;TGFB1;TLE1;CEBPD;TNFRSF11B;AXIN1;TGFB2;LEF1;CDKN1A;CREBBP;CTSK;HDAC1;NOTCH1,TCF7L1;CEBPB;TGFB1;TLE1;CEBPD;TNFRSF11B;AXIN1;TGFB2;LEF1;CDKN1A;CREBBP;CTSK;HDAC1;NOTCH1;ZMPSTE24;PPARG;HES1;TCF7;MAOA;MYOD1;MSTN;MAOB;TCF7L2;CEBPA;LMNA;HMGA2;WNT7B;SMAD3;SMAD2;SPP1;HES5;JUNB;RUNX2;NAP1L1;TARBP2;E2F1;CDK4;EMD;TMPO;WNT10B;CSNK1A1L;KAT2B;SREBF1;RB1;APC;BMP2;ICMT;ACTB;FNTA;LEMD3;AGO2;DICER1;GSK3B;CSNK1A1;CTNNB1,"[230, 311, 386, 542, 569, 664, 877, 1191, 1377, 1714, 1980, 2008, 2268, 2437, 2844, 3284, 3383, 4349, 4513, 4524, 4756, 4914, 4922, 5110, 5411, 5446, 5668, 5844, 6205, 6253, 6408, 6511, 6841, 7021, 7771, 7793, 7822, 8016, 8174, 8235, 8589, 8626, 9432, 9620, 9884, 10854, 10939, 12262, 12538, 13265, 13727, 14768, 15613, 15773, 16018]",c2.cp.wikipathways__WP_OVERLAP_BETWEEN_SIGNAL_TRANSDUCTION_PATHWAYS_CONTRIBUTING_TO_LMNA_LAMINOPATHIES
c2.cp.wikipathways,WP_CHEMOKINE_SIGNALING,prerank,0.4187095901658581,1.6684084969061082,0.0,0.0386270445035008,0.901,52_150,52/150,19.24%,RELA;CXCR4;NFKBIA;CCL17;PPBP;PARD3;FGR;PIK3R2;PRKX;PLCB3;NCF1;PIK3R5;PXN;CXCR2;GNB2;PIK3CD;CSK;CXCL16;WAS;MAPK3;ARRB2;CXCL11;CCL20;SHC2;GNB3;CXCL9;VAV3;CCR2;ADCY9;RASGRP2;GNGT2;ADCY4;CXCL3;CRK;IKBKB;CCL26;GNG11;NFKB1;VAV1;PLCB2;DOCK2;RAC2;NFKBIB;ADCY2;RAF1;GNAI3;CRKL;STAT3;AKT1;HCK;CCR1;GNG12,RELA;CXCR4;NFKBIA;CCL17;PPBP;PARD3;FGR;PIK3R2;PRKX;PLCB3;NCF1;PIK3R5;PXN;CXCR2;GNB2;PIK3CD;CSK;CXCL16;WAS;MAPK3;ARRB2;CXCL11;CCL20;SHC2;GNB3;CXCL9;VAV3;CCR2;ADCY9;RASGRP2;GNGT2;ADCY4;CXCL3;CRK;IKBKB;CCL26;GNG11;NFKB1;VAV1;PLCB2;DOCK2;RAC2;NFKBIB;ADCY2;RAF1;GNAI3;CRKL;STAT3;AKT1;HCK;CCR1;GNG12;BCAR1;CXCL10;GNAI2;CCL22;CXCL5;AKT2;HRAS;GNG8;GNG5;SHC1;ADCY8;STAT5B;JAK3;CXCL13;ITK;CCL25;RAP1A;MAP2K1;CCR9;SOS1;CCL5;GRK6;PIK3CG;ROCK1;PIK3R3;PTK2B;PREX1;GRK5;LYN;ADCY6;ADCY7;CCR10;PIK3CA;XCL1;TIAM2;IKBKG;CX3CR1;CCL3;CX3CL1;FOXO3;PF4;VAV2;GNG13;JAK2;CXCR6;ADCY3;CCL28;CCL4;CXCL14;STAT2;PRKCD;GNG3;GNG7;CCR7;SHC4;WASL;GNB5;GNG2;GRK4;ADCY5;GRB2;RAC1;CHUK;GNB1;ROCK2;CCL1;SOS2;MAPK1;RAP1B;PRKCZ;CCR6;PIK3CB;TIAM1;ADCY1;KRAS;ELMO1;ARRB1;GRK1;PAK1;GNB4;PIK3R1;PRKCB;PLCB1;AKT3;PLCB4;CXCL12;GNG4;GSK3B;GNG10;CCL19;GNAI1;CDC42;PTK2;PRKACB;NRAS;STAT1;SHC3;BRAF,"[68, 77, 132, 210, 294, 308, 341, 350, 357, 441, 461, 466, 628, 680, 746, 790, 829, 983, 1067, 1114, 1250, 1566, 1617, 1762, 2026, 2028, 2050, 2082, 2127, 2194, 2199, 2248, 2258, 2270, 2341, 2380, 2472, 2835, 2843, 2865, 2897, 2938, 2943, 3009, 3033, 3127, 3142, 3143, 3267, 3336, 3341, 3370, 3512, 3676, 3746, 3794, 3891, 3956, 3976, 4018, 4434, 4654, 4754, 5095, 5207, 5314, 5489, 5547, 5616, 5701, 5772, 5826, 6365, 6438, 6453, 6585, 6862, 6883, 6884, 6911, 6930, 6958, 7067, 7090, 7105, 7121, 7129, 7584, 7588, 7600, 7950, 8003, 8058, 8144, 8244, 8889, 8931, 9021, 9263, 9267, 9270, 9534, 9580, 10116, 10209, 10347, 10517, 10524, 10609, 10725, 10900, 10986, 11405, 11471, 12017, 12079, 12203, 12414, 12680, 12772, 12892, 13086, 13588, 13676, 13688, 13767, 13814, 13975, 14181, 14182, 14368, 14500, 14526, 14648, 14865, 14998, 15159, 15207, 15235, 15613, 15670, 15722, 15942, 16108, 16229, 16466, 16714, 16938, 17200, 17259]",c2.cp.wikipathways__WP_CHEMOKINE_SIGNALING
c2.cp.wikipathways,WP_INFLAMMATORY_RESPONSE_PATHWAY,prerank,0.5861310823137358,1.6652959362396476,0.010683760683760684,0.0388624221715023,0.906,9_25,9/25,10.25%,LAMB2;IL2RG;TNFRSF1A;IL4R;TNFRSF1B;LCK;CD86;LAMA5;CD40,LAMB2;IL2RG;TNFRSF1A;IL4R;TNFRSF1B;LCK;CD86;LAMA5;CD40;ZAP70;CD80;COL1A2;COL1A1;LAMC1;THBS3;IL4;THBS1;CD28;FN1;COL3A1;IL5RA;IL2RB;LAMC2;IL5;LAMB1,"[160, 180, 390, 462, 720, 1019, 1574, 1680, 1795, 2462, 3114, 3978, 5109, 7640, 8282, 8442, 9307, 9793, 10662, 12899, 13885, 14160, 14822, 15390, 15592]",c2.cp.wikipathways__WP_INFLAMMATORY_RESPONSE_PATHWAY
c2.cp.wikipathways,WP_POSTCOVID_NEUROINFLAMMATION,prerank,0.620976698446344,1.6685367729787282,0.008438818565400843,0.03889566159174878,0.9,10_19,10/19,20.08%,IFNA2;FURIN;IL18;TLR8;GFAP;IL6;TMPRSS2;TLR7;TNF;TLR4,IFNA2;FURIN;IL18;TLR8;GFAP;IL6;TMPRSS2;TLR7;TNF;TLR4;IL1B;IL10;IL4;TLR3;IL12A;ACE2;IL1A;MAPK1;HMGB1,"[178, 555, 662, 783, 1409, 2121, 2381, 2886, 3515, 3516, 4629, 6941, 8442, 9420, 10432, 12402, 12614, 12772, 14226]",c2.cp.wikipathways__WP_POSTCOVID_NEUROINFLAMMATION
c2.cp.wikipathways,WP_GLUCOCORTICOID_RECEPTOR_PATHWAY,prerank,0.48195676713434105,1.6656258973047833,0.0,0.03900819674758324,0.905,27_65,27/65,20.30%,NFKB2;TSC22D3;RXRA;PRRG4;S100P;HSP90AA1;TGFBR3;ANGPTL4;MGAM;CCL20;GADD45B;CCL2;BIRC3;STOM;TNFAIP3;SRGN;ALOX5AP;SCNN1A;PTGES3;POU5F1;JUN;SPRY1;RGS2;SEC14L1;GPR153;SLC26A2;SERPINB9,NFKB2;TSC22D3;RXRA;PRRG4;S100P;HSP90AA1;TGFBR3;ANGPTL4;MGAM;CCL20;GADD45B;CCL2;BIRC3;STOM;TNFAIP3;SRGN;ALOX5AP;SCNN1A;PTGES3;POU5F1;JUN;SPRY1;RGS2;SEC14L1;GPR153;SLC26A2;SERPINB9;THBD;LRRC8A;ZIC2;BHLHE40;ETNK2;NR1I2;BIRC2;FGD4;KTN1;ARL5B;MFGE8;SNAI2;AKAP13;CUL1;IL11;CDKN1C;CDC42EP3;ABHD2;B3GNT5;TNS4;PLK2;SLC19A2;EPB41L4B;ENC1;CPEB4;PTGS2;PPP1R14C;DNER;ANKRD1;DNAJC15;SERTAD2;PMP2;NR3C1;AMIGO2;PDE4B;NR1I3;SPINK13;NAV3,"[56, 366, 710, 765, 786, 876, 894, 1365, 1496, 1617, 1626, 1826, 1994, 2042, 2189, 2229, 2249, 2441, 2761, 2795, 2824, 2949, 2984, 3405, 3445, 3546, 3556, 4174, 4227, 4599, 4717, 4860, 6022, 6219, 6256, 6357, 7061, 7208, 7384, 7635, 7681, 8041, 8377, 9763, 9828, 10108, 10297, 10655, 10943, 11043, 11096, 11149, 11182, 11552, 11766, 11940, 12149, 13109, 13780, 14123, 14765, 15138, 15184, 15913, 17240]",c2.cp.wikipathways__WP_GLUCOCORTICOID_RECEPTOR_PATHWAY
c2.cp.wikipathways,WP_TRANSCRIPTIONAL_CASCADE_REGULATING_ADIPOGENESIS,prerank,0.6783241743680434,1.6620483787982052,0.01650943396226415,0.03951847203837095,0.911,10_13,10/13,19.86%,KLF15;CEBPG;CEBPB;CEBPD;DDIT3;KLF2;GATA2;GATA3;PPARG;KLF5,KLF15;CEBPG;CEBPB;CEBPD;DDIT3;KLF2;GATA2;GATA3;PPARG;KLF5;CEBPA;SREBF1;EGR2,"[106, 257, 311, 569, 729, 1446, 1766, 2530, 3284, 3478, 5110, 9432, 16961]",c2.cp.wikipathways__WP_TRANSCRIPTIONAL_CASCADE_REGULATING_ADIPOGENESIS
c2.cp.wikipathways,WP_TNFALPHA_SIGNALING,prerank,0.4564666603244677,1.6520270625430893,0.0020161290322580645,0.042874502607037436,0.929,34_91,34/91,17.82%,NFKB2;CASP7;NFKBIA;MAP2K3;TNFRSF1A;CYBA;TRAF2;TNFRSF1B;BID;PLK1;HSP90AA1;BCL2L1;MAPK3;BAX;CCL2;CDC37;CREBBP;BIRC3;FADD;TAB2;IL6;TNFAIP3;IKBKB;BAD;MAP3K3;RIPK1;SMPD2;JUN;NFKB1;MAP3K8;NFKBIB;RAF1;GLUL;MAP2K7,NFKB2;CASP7;NFKBIA;MAP2K3;TNFRSF1A;CYBA;TRAF2;TNFRSF1B;BID;PLK1;HSP90AA1;BCL2L1;MAPK3;BAX;CCL2;CDC37;CREBBP;BIRC3;FADD;TAB2;IL6;TNFAIP3;IKBKB;BAD;MAP3K3;RIPK1;SMPD2;JUN;NFKB1;MAP3K8;NFKBIB;RAF1;GLUL;MAP2K7;AKT1;TNF;RIPK3;PYGL;HRAS;TRADD;PTPRCAP;MAP3K5;TRAF1;SOS1;BIRC2;KSR1;CASP9;MAP3K1;CFLAR;IKBKG;MAP2K6;CUL1;MAP2K4;NFKBIE;PSMD2;MAP4K2;NOX1;TXN;MAP3K7;CASP8;KSR2;MADD;FBXW11;TANK;SELE;GRB2;RAC1;CHUK;RFK;TBK1;OTUD7B;SKP1;BTRC;PPP2CA;MAPK1;REL;CASP3;PRKCZ;RFFL;NOXO1;TRAP1;APAF1;KRAS;TAB1;MAPK9;MAPK8;DIABLO;NSMAF;NRAS;CSNK2A1;TAB3,"[56, 112, 132, 292, 390, 417, 494, 720, 779, 869, 876, 1087, 1114, 1799, 1826, 1874, 1980, 1994, 2019, 2058, 2121, 2189, 2341, 2388, 2656, 2701, 2796, 2824, 2835, 2891, 2943, 3033, 3113, 3121, 3267, 3515, 3729, 3749, 3976, 4084, 4242, 4419, 5590, 5826, 6219, 6359, 6429, 7054, 7112, 7584, 7672, 7681, 8233, 8430, 8522, 8664, 8800, 8981, 9639, 10378, 10694, 10705, 10709, 10953, 11222, 11405, 11471, 12017, 12361, 12506, 12630, 12689, 12697, 12732, 12772, 12847, 12945, 13086, 13345, 13472, 13522, 13773, 13814, 13969, 14702, 16304, 16448, 16460, 16714, 16833, 17016]",c2.cp.wikipathways__WP_TNFALPHA_SIGNALING
c2.cp.wikipathways,WP_16P112_PROXIMAL_DELETION_SYNDROME,prerank,0.4780149657376122,1.6495248875406778,0.004132231404958678,0.04363909682048548,0.933,26_67,26/67,22.55%,TBX6;GDPD3;MAP2K3;PPP4C;TRAF2;EZR;YPEL3;MAPK3;CCT3;PAGR1;CCT5;TMEM219;PPP4R2;TCP1;SPN;QPRT;IGBP1;ALDOA;NFKB1;CCT4;HIRA;PPARG;CCT8;MAZ;C16orf54;HDAC3,TBX6;GDPD3;MAP2K3;PPP4C;TRAF2;EZR;YPEL3;MAPK3;CCT3;PAGR1;CCT5;TMEM219;PPP4R2;TCP1;SPN;QPRT;IGBP1;ALDOA;NFKB1;CCT4;HIRA;PPARG;CCT8;MAZ;C16orf54;HDAC3;TAOK2;SIAH1;CCDC6;CCT7;MSN;CCT6A;PPP2CB;CDIPT;CCT2;UNC13B;C16orf92;PCNA;HIRIP3;PPP2R1A;INO80E;DOC2A;PRRT2;IGFBP3;PPP2R5D;MAP2K6;CORO1A;KCTD13;PPP4R1;SEZ6L2;MVP;TP53;PARP4;ASPHD1;CASP8;PTEN;TRAF6;UNC13A;PPP2CA;REL;KIF22;PAXIP1;NR3C1;PPP4R4;ESR1;BPTF;CCT6B,"[236, 278, 292, 423, 494, 507, 1005, 1114, 1222, 1417, 1508, 1929, 2118, 2233, 2541, 2546, 2759, 2768, 2835, 3049, 3092, 3284, 3814, 3840, 3933, 3950, 4451, 5011, 5060, 5096, 5230, 5971, 5975, 6097, 6142, 6195, 6220, 6282, 6690, 6695, 6900, 6961, 7232, 7570, 7617, 7672, 8042, 8161, 8195, 8349, 8574, 8693, 9674, 9890, 10378, 10528, 11998, 12440, 12732, 12847, 13220, 13244, 14123, 14837, 16134, 16356, 17047]",c2.cp.wikipathways__WP_16P112_PROXIMAL_DELETION_SYNDROME
c2.cp.wikipathways,WP_CLEAR_CELL_RENAL_CELL_CARCINOMA_PATHWAYS,prerank,0.45179759900335603,1.6437758868205155,0.0021141649048625794,0.04529349686869017,0.94,27_84,27/84,18.66%,HK3;TGFB1;PDGFRB;SHMT2;PFKP;TGFB2;PSPH;PHGDH;HK2;AKT1S1;VEGFA;FLT1;PLOD2;TGFB3;CREBBP;ALDOB;ENO1;EGFR;ENO3;SQSTM1;ALDOA;SHMT1;STAT3;PGM1;SLC2A1;PSAT1;AKT1,HK3;TGFB1;PDGFRB;SHMT2;PFKP;TGFB2;PSPH;PHGDH;HK2;AKT1S1;VEGFA;FLT1;PLOD2;TGFB3;CREBBP;ALDOB;ENO1;EGFR;ENO3;SQSTM1;ALDOA;SHMT1;STAT3;PGM1;SLC2A1;PSAT1;AKT1;PGM2;GAPDH;KDM5C;PFKL;MLST8;GPI;ACACB;LDHD;BAP1;KSR1;PGBD5;PDGFB;CAMK1;PKM;TPI1;RPTOR;EP300;GRB10;TOX2;LDHB;TSC2;BHLHE41;HIF1A;KCNJ2;ENO2;RHEB;PFKM;HK1;LDHA;SETD2;FASN;PGK1;KDR;PDGFRA;PTEN;ALDOC;CEP290;SDS;ACACA;ARNT;CDH13;EFCAB3;MDH1;SDSL;ZEB1;SSPN;MTOR;PBRM1;VHL;ENPP3;DEPTOR;TSC1;ME1;RAPGEF5;LDHC;PKLR;ACLY,"[200, 386, 420, 738, 1158, 1191, 1219, 1243, 1337, 1340, 1439, 1534, 1827, 1861, 1980, 2084, 2285, 2347, 2362, 2762, 2768, 3082, 3143, 3151, 3156, 3159, 3267, 3889, 4761, 4779, 4981, 5180, 5213, 5622, 6072, 6345, 6359, 6508, 6544, 6902, 7001, 7010, 7231, 7268, 7360, 7674, 7949, 7998, 8086, 8234, 8539, 8715, 8835, 8947, 9289, 9549, 9665, 9820, 9922, 10163, 10418, 10528, 10567, 11485, 11605, 11923, 11989, 12477, 12570, 12589, 12635, 12675, 13061, 13065, 13283, 13393, 13935, 13996, 14195, 14484, 14567, 15324, 15524, 15559]",c2.cp.wikipathways__WP_CLEAR_CELL_RENAL_CELL_CARCINOMA_PATHWAYS
c2.cp.wikipathways,WP_INFLAMMATORY_BOWEL_DISEASE_SIGNALING,prerank,0.529995726540727,1.644515362068786,0.011037527593818985,0.045347261910102986,0.94,22_37,22/37,22.78%,TLR5;IL2RG;TGFB1;IL4R;IL18;TLR2;MAF;NOD2;NFATC1;IL6;HLA-DMA;GATA3;STAT6;JUN;NFKB1;STAT3;TBX21;TNF;TLR4;IL23A;IL18RAP;IL21R,TLR5;IL2RG;TGFB1;IL4R;IL18;TLR2;MAF;NOD2;NFATC1;IL6;HLA-DMA;GATA3;STAT6;JUN;NFKB1;STAT3;TBX21;TNF;TLR4;IL23A;IL18RAP;IL21R;IFNGR1;SMAD2;IL10;RORA;IL13;IL4;IL12A;STAT4;IL12RB1;IL1A;IL12RB2;IL5;FOXP3;STAT1;RORC,"[95, 180, 386, 462, 662, 745, 1021, 1266, 1675, 2121, 2494, 2530, 2644, 2824, 2835, 3143, 3251, 3515, 3516, 3864, 3895, 3990, 5613, 6205, 6941, 7923, 8159, 8442, 10432, 11706, 12365, 12614, 13865, 15390, 15494, 16938, 16946]",c2.cp.wikipathways__WP_INFLAMMATORY_BOWEL_DISEASE_SIGNALING
c2.cp.wikipathways,WP_IL6_SIGNALING,prerank,0.5048065279666613,1.6381753377490207,0.0021551724137931034,0.04699822929739208,0.945,19_43,19/43,19.05%,PIK3R2;IRF1;SOCS3;BCL2L1;NR2F6;MAPK3;TYK2;CREBBP;IL6R;MAP2K2;IL6;HDAC1;BAD;CRP;VAV1;TIMP1;STAT3;AKT1;HCK,PIK3R2;IRF1;SOCS3;BCL2L1;NR2F6;MAPK3;TYK2;CREBBP;IL6R;MAP2K2;IL6;HDAC1;BAD;CRP;VAV1;TIMP1;STAT3;AKT1;HCK;SHC1;IL6ST;MAP2K1;AGT;SOS1;GAB1;JUNB;MAP2K4;RPS6KB1;NCOA1;JAK2;JAK1;PRKCD;MAP3K7;PRDM1;GRB2;RAC1;MAPK1;VIP;NLK;PIK3R1;GSK3B;PTPN11;STAT1,"[350, 538, 619, 1087, 1098, 1114, 1122, 1980, 2017, 2104, 2121, 2268, 2388, 2639, 2843, 2996, 3143, 3267, 3336, 4654, 5448, 5701, 5734, 5826, 6503, 6511, 8233, 8326, 8813, 8889, 9271, 9580, 9639, 10431, 11405, 11471, 12772, 12940, 13369, 14526, 15613, 16007, 16938]",c2.cp.wikipathways__WP_IL6_SIGNALING
c2.cp.wikipathways,WP_ARYL_HYDROCARBON_RECEPTOR_PATHWAY_WP2873,prerank,0.5433211078916838,1.6320496811224903,0.006423982869379015,0.04767805214778689,0.955,17_36,17/36,20.07%,SLC7A5;TGFB1;HSP90AA1;AIP;BAX;CDC37;IGFBP1;SRC;EGFR;CYP1B1;JUND;NQO1;NFE2L2;PTGES3;JUN;HES1;TNF,SLC7A5;TGFB1;HSP90AA1;AIP;BAX;CDC37;IGFBP1;SRC;EGFR;CYP1B1;JUND;NQO1;NFE2L2;PTGES3;JUN;HES1;TNF;IL17B;IL1B;MGST1;CYP1A1;MYOF;JUNB;CES3;IL12B;EP300;CDKN1B;NCOA1;AHRR;AHR;IL12A;ARNT;SERPINB2;CAP2;POLK;ALDH3A1,"[312, 386, 876, 1644, 1799, 1874, 2133, 2278, 2347, 2464, 2470, 2676, 2684, 2761, 2824, 3383, 3515, 4039, 4629, 4710, 5385, 6084, 6511, 6709, 6713, 7268, 7452, 8813, 9241, 9293, 10432, 11989, 13879, 13989, 15086, 15706]",c2.cp.wikipathways__WP_ARYL_HYDROCARBON_RECEPTOR_PATHWAY_WP2873
c2.cp.wikipathways,WP_MACROPHAGESTIMULATING_PROTEIN_MSP_SIGNALING,prerank,0.43639124293818443,1.6347942234600468,0.00211864406779661,0.04769567035394966,0.951,39_103,39/103,21.45%,HSPB1;MMP9;RELA;SLPI;SIX1;TGFB1;PLCG1;PDGFRB;IGF1R;SOCS3;ELK1;CLDN5;MAPK3;BGLAP;HK2;VEGFA;FLT1;CXCL1;CSF3;CCL2;FZD1;MAP2K2;IL6;SRC;VIM;JUN;NFKB1;FOS;RAF1;CRKL;SLC2A1;AKT1;SOCS1;OCLN;CDH2;TNF;SMAD6;CXCL10;RPS6,HSPB1;MMP9;RELA;SLPI;SIX1;TGFB1;PLCG1;PDGFRB;IGF1R;SOCS3;ELK1;CLDN5;MAPK3;BGLAP;HK2;VEGFA;FLT1;CXCL1;CSF3;CCL2;FZD1;MAP2K2;IL6;SRC;VIM;JUN;NFKB1;FOS;RAF1;CRKL;SLC2A1;AKT1;SOCS1;OCLN;CDH2;TNF;SMAD6;CXCL10;RPS6;CXCL5;MST1;DUSP1;FGFR1;IL1B;SHC1;MST1R;CPT1A;RPS6KA4;RPS6KA1;CXCL2;MAP2K1;SMAD3;NDRG1;SMAD2;SMAD5;PCNA;SMAD9;GAB1;ABL1;IL10;SMAD1;MAPK14;SNAI2;WNT10B;RPS6KB1;TP53;CDH1;RPS6KA3;LDHA;PARP1;COL4A1;KDR;PDGFRA;PTEN;NR4A1;FN1;PDPK1;ITGB1;GRB2;PRKAA2;PPARGC1A;PDCD4;ACACA;ZEB1;MAPK1;CLDN1;TJP1;MTOR;ZEB2;PIK3R1;PRKCB;MAPK9;GSK3B;EGR1;IBSP;SP7;DUSP6;CTNNB1;PTK2;RPS6KA5;MAPK8;ACTA2;DUSP4,"[3, 27, 68, 207, 252, 386, 405, 420, 486, 619, 973, 1059, 1114, 1231, 1337, 1439, 1534, 1774, 1776, 1826, 1987, 2104, 2121, 2278, 2436, 2824, 2835, 2889, 3033, 3142, 3156, 3267, 3430, 3491, 3499, 3515, 3626, 3676, 3757, 3891, 4234, 4446, 4624, 4629, 4654, 4680, 4767, 5082, 5141, 5578, 5701, 5844, 6152, 6205, 6234, 6282, 6481, 6503, 6593, 6941, 7143, 7304, 7384, 8235, 8326, 8693, 8970, 9363, 9549, 9697, 9975, 10163, 10418, 10528, 10627, 10662, 10975, 11311, 11405, 11483, 11622, 11845, 11923, 12675, 12772, 12800, 12926, 13065, 14204, 14526, 14648, 14702, 15613, 15627, 15643, 15881, 15916, 16018, 16229, 16291, 16304, 17077, 17396]",c2.cp.wikipathways__WP_MACROPHAGESTIMULATING_PROTEIN_MSP_SIGNALING
c2.cp.wikipathways,WP_ANTIVIRAL_AND_ANTIINFLAMMATORY_EFFECTS_OF_NRF2_ON_SARSCOV2_PATHWAY,prerank,0.5618610836564573,1.6354366594063467,0.014553014553014554,0.04779177912633877,0.951,13_26,13/26,16.19%,RELA;NFKBIA;IRF3;HMOX1;RXRA;CCL2;KEAP1;IL6;IKBKB;TMPRSS2;NQO1;NFE2L2;NFKB1,RELA;NFKBIA;IRF3;HMOX1;RXRA;CCL2;KEAP1;IL6;IKBKB;TMPRSS2;NQO1;NFE2L2;NFKB1;TNF;IL1B;SLC7A11;IKBKG;NOX1;GCLM;IL12A;GUCY1A2;CHUK;ACE2;PRKG2;GCLC;MMP3,"[68, 132, 315, 693, 710, 1826, 1924, 2121, 2341, 2381, 2676, 2684, 2835, 3515, 4629, 4658, 7584, 8800, 9357, 10432, 11029, 12017, 12402, 14050, 15915, 17427]",c2.cp.wikipathways__WP_ANTIVIRAL_AND_ANTIINFLAMMATORY_EFFECTS_OF_NRF2_ON_SARSCOV2_PATHWAY
c2.cp.wikipathways,WP_KIT_RECEPTOR_SIGNALING,prerank,0.47408408548381764,1.630666761012999,0.004210526315789474,0.04789282715184067,0.956,29_59,29/59,23.46%,PIK3R2;PLCG1;INPP5D;DOK1;FYN;MAPK3;BCL2;TBX2;MAP2K2;CRK;SRC;BAD;SNAI1;BTK;SH2B2;PTPN6;VAV1;FOS;RAF1;CBL;CRKL;STAT3;AKT1;SOCS1;TEC;RPS6;MATK;HRAS;STAT5A,PIK3R2;PLCG1;INPP5D;DOK1;FYN;MAPK3;BCL2;TBX2;MAP2K2;CRK;SRC;BAD;SNAI1;BTK;SH2B2;PTPN6;VAV1;FOS;RAF1;CBL;CRKL;STAT3;AKT1;SOCS1;TEC;RPS6;MATK;HRAS;STAT5A;SHC1;STAT5B;RPS6KA1;MAP2K1;SOS1;JUNB;SOCS6;LYN;EP300;MAPK14;GRB10;SNAI2;FOXO3;MITF;RPS6KB1;JAK2;RPS6KA3;GRB7;GAB2;PRKCA;MAPT;GRB2;KITLG;MAPK1;PIK3R1;PRKCB;KIT;PTPN11;MAPK8;STAT1,"[350, 405, 448, 477, 1046, 1114, 1238, 1641, 2104, 2270, 2278, 2388, 2526, 2617, 2673, 2686, 2843, 2889, 3033, 3071, 3142, 3143, 3267, 3430, 3674, 3757, 3832, 3976, 4109, 4654, 5095, 5141, 5701, 5826, 6511, 6633, 6930, 7268, 7304, 7360, 7384, 8003, 8314, 8326, 8889, 9363, 10752, 10756, 10873, 11206, 11405, 12483, 12772, 14526, 14648, 15737, 16007, 16304, 16938]",c2.cp.wikipathways__WP_KIT_RECEPTOR_SIGNALING
c2.cp.wikipathways,WP_HEDGEHOG_SIGNALING_WP4249,prerank,0.5130436235249808,1.6277512426640546,0.012526096033402923,0.04791750645250599,0.958,12_40,12/40,11.96%,EVC2;IHH;GAS1;GLI1;SMO;KIF7;BOC;BCL2;ARRB2;GLI2;SUFU;PTCH2,EVC2;IHH;GAS1;GLI1;SMO;KIF7;BOC;BCL2;ARRB2;GLI2;SUFU;PTCH2;CSNK1G2;GLI3;CSNK1D;EVC;CSNK1E;SHH;SPOP;GPR161;CSNK1A1L;SPOPL;PTCH1;CSNK1G1;PRKACA;DHH;CUL3;SMURF2;FBXL17;LRP2;HHIP;CCND2;CDON;CSNK1G3;CCND1;ARRB1;SMURF1;CSNK1A1;KIF3A;PRKACB,"[90, 168, 310, 369, 393, 644, 719, 1238, 1250, 1477, 1875, 2094, 2729, 2987, 3453, 4069, 5083, 5805, 6355, 6632, 8589, 8780, 9019, 9223, 9427, 9746, 10069, 11219, 11556, 12026, 12646, 12887, 13288, 13671, 13673, 14181, 15731, 15773, 15974, 16466]",c2.cp.wikipathways__WP_HEDGEHOG_SIGNALING_WP4249
c2.cp.wikipathways,WP_NETWORK_MAP_OF_SARSCOV2_SIGNALING,prerank,0.39094696393885253,1.6320592197698898,0.0,0.0480476494512581,0.955,71_231,71/231,16.50%,DDIT4;NFKB2;IL1R2;CD4;CXCL6;CEBPB;IRF3;TLE3;HP;EIF4EBP1;TRAF2;TLE1;CXCR1;SERPINA5;IL18;APOA1;CXCR2;LRG1;APOL1;BID;HLA-DRB1;CFB;CXCL16;LCK;FYN;LBP;MOV10;IGLL1;OS9;AKT1S1;TRIM59;MMP25;TP53I3;G3BP1;HLA-DRA;IFITM1;CCL20;HLA-DRB5;CXCL1;CCL2;IFITM3;CTSZ;SDF2;CXCL9;CFH;TBKBP1;IL6;TPO;FGF2;CXCL3;IL9;CD163;FAM83A;IRAK1;CCL26;BST2;CFI;ZAP70;CD2;CD247;UPF1;CD14;CRP;PTPN6;TRO;ULK1;IRF9;TGFBR2;C1R;JUN;FOS,DDIT4;NFKB2;IL1R2;CD4;CXCL6;CEBPB;IRF3;TLE3;HP;EIF4EBP1;TRAF2;TLE1;CXCR1;SERPINA5;IL18;APOA1;CXCR2;LRG1;APOL1;BID;HLA-DRB1;CFB;CXCL16;LCK;FYN;LBP;MOV10;IGLL1;OS9;AKT1S1;TRIM59;MMP25;TP53I3;G3BP1;HLA-DRA;IFITM1;CCL20;HLA-DRB5;CXCL1;CCL2;IFITM3;CTSZ;SDF2;CXCL9;CFH;TBKBP1;IL6;TPO;FGF2;CXCL3;IL9;CD163;FAM83A;IRAK1;CCL26;BST2;CFI;ZAP70;CD2;CD247;UPF1;CD14;CRP;PTPN6;TRO;ULK1;IRF9;TGFBR2;C1R;JUN;FOS;PMPCB;AKT1;GP1BA;COL7A1;CD3E;RRAS;CTSD;TNF;APOD;IFI27;CARD11;CASP5;CXCL10;RPS6;CCL22;CXCL5;IL18RAP;NLRP1;SERPINE1;MYD88;C1S;CCR5;BIRC5;CTSB;RRM2;DUSP1;IL1B;TRPM2;APOC1;WDR74;STEAP3;MLST8;MARK2;CXCL13;NEK9;GTSE1;CXCL2;GGH;SERPINA10;AGT;VPS16;GSN;SMAD5;CCL5;CASP9;JUNB;NKRF;IL10;IFIH1;CFP;APOA2;SMAD1;RPTOR;LGALS3BP;IGFBP3;IKBKG;CCL3;TRAF3;HSPA8;NFATC3;VPS18;PF4;IL13;IFIT1;CCNB1;HIF1A;MX1;CDK1;GTF2F2;IL4;CD3G;ITGA3;RHEB;JAK2;ATP6AP1;HRG;NTRK1;CCL4;JAK1;AHR;CD8A;GABARAPL2;C1QBP;NLRP3;SKAP1;CCNB2;EIF4A2;MIB1;LARP1;CASP8;VPS33A;IL12A;FN1;ATG13;APOM;CCL8;ITIH4;OAS2;PTGS2;MAVS;RAC1;MAP1LC3B;NPTX1;TF;TRAF6;BTN3A1;ACTB;ACE2;CCL1;TBK1;VPS41;IL1A;SRP19;CASP3;MTOR;IFI6;IL33;PITRM1;ACTG1;ATP13A3;SELP;CCR6;PIAS1;TNFSF10;DEPTOR;SIGMAR1;SAA2;G3BP2;FAM98A;IL7;RTN4;ADAM9;INTS4;ITIH3;ERLEC1;CXCL12;CD226;IL5;CLCC1;IL16;EGR1;HBD;CD8B;ATE1;ITCH;MAPK8;VPS36;SRP54;PARP2;PRKCQ;RAP1GDS1;SRP72;EIF4E;MDN1;CAMK4;IFI44L;STAT1;HBB;ALB;UGGT2,"[11, 56, 148, 204, 232, 311, 315, 349, 396, 455, 494, 542, 599, 641, 662, 666, 680, 721, 741, 779, 784, 981, 983, 1019, 1046, 1099, 1153, 1265, 1277, 1340, 1397, 1399, 1426, 1438, 1505, 1596, 1617, 1667, 1774, 1826, 1873, 1973, 1988, 2028, 2051, 2100, 2121, 2192, 2211, 2258, 2276, 2304, 2309, 2376, 2380, 2419, 2455, 2462, 2509, 2564, 2591, 2611, 2639, 2686, 2689, 2735, 2767, 2773, 2808, 2824, 2889, 2981, 3267, 3373, 3411, 3429, 3458, 3494, 3515, 3557, 3603, 3620, 3624, 3676, 3757, 3794, 3891, 3895, 3955, 4011, 4132, 4215, 4246, 4324, 4381, 4435, 4446, 4629, 4738, 4775, 5067, 5142, 5180, 5254, 5314, 5425, 5480, 5578, 5610, 5650, 5734, 5934, 6007, 6234, 6365, 6429, 6511, 6541, 6941, 6949, 7041, 7104, 7143, 7231, 7314, 7570, 7584, 7600, 7749, 7879, 7891, 8022, 8058, 8159, 8187, 8226, 8234, 8348, 8376, 8438, 8442, 8645, 8739, 8835, 8889, 8926, 9226, 9253, 9267, 9271, 9293, 9346, 9518, 9551, 9658, 9826, 9950, 10269, 10302, 10304, 10378, 10423, 10432, 10662, 10774, 10777, 10836, 11047, 11058, 11182, 11317, 11471, 11789, 11865, 11964, 11998, 12140, 12262, 12402, 12414, 12506, 12579, 12614, 12777, 12945, 13065, 13124, 13145, 13280, 13331, 13406, 13476, 13588, 13684, 13874, 13996, 14235, 14579, 14644, 14748, 14894, 14995, 15012, 15020, 15121, 15151, 15207, 15265, 15390, 15401, 15497, 15627, 15675, 15708, 15758, 15849, 16304, 16465, 16500, 16516, 16535, 16591, 16706, 16760, 16785, 16852, 16902, 16938, 17049, 17145, 17251]",c2.cp.wikipathways__WP_NETWORK_MAP_OF_SARSCOV2_SIGNALING
c2.cp.wikipathways,WP_IL11_SIGNALING,prerank,0.5118336583273378,1.628029049780619,0.004056795131845842,0.04816145643553261,0.958,22_43,22/43,22.70%,RELA;FES;PIK3R2;TGFB1;SOCS3;FYN;MAPK3;TYK2;BGLAP;BCL2;ICAM1;MAP2K2;SRC;IKBKB;ATF1;RAF1;STAT3;AKT1;YES1;RPS6;IL11RA;HRAS,RELA;FES;PIK3R2;TGFB1;SOCS3;FYN;MAPK3;TYK2;BGLAP;BCL2;ICAM1;MAP2K2;SRC;IKBKB;ATF1;RAF1;STAT3;AKT1;YES1;RPS6;IL11RA;HRAS;BIRC5;RPS6KA1;IL6ST;MAP2K1;RUNX2;IL11;RPS6KB1;PIAS3;JAK2;JAK1;CREB1;PDPK1;GRB2;CHUK;MAPK1;PIAS1;PIK3R1;ITGA2;IBSP;PTPN11;STAT1,"[68, 329, 350, 386, 619, 1046, 1114, 1122, 1231, 1238, 1872, 2104, 2278, 2341, 2770, 3033, 3143, 3267, 3392, 3757, 3842, 3976, 4324, 5141, 5448, 5701, 6841, 8041, 8326, 8362, 8889, 9271, 10478, 10975, 11405, 12017, 12772, 13684, 14526, 15635, 15643, 16007, 16938]",c2.cp.wikipathways__WP_IL11_SIGNALING
c2.cp.wikipathways,WP_IL26_SIGNALING,prerank,0.5144781352350736,1.6264199021592554,0.010351966873706004,0.048215830883574874,0.958,14_38,14/38,12.11%,MMP9;RELA;NFKBIA;SOCS3;DDIT3;MAPK3;TYK2;IL10RB;CCL20;NFATC1;BAX;ICAM1;CTSK;IL6,MMP9;RELA;NFKBIA;SOCS3;DDIT3;MAPK3;TYK2;IL10RB;CCL20;NFATC1;BAX;ICAM1;CTSK;IL6;JUN;STAT3;AKT1;TNF;IL1B;IL20RA;SMAD2;IL10;PIK3CA;MAPK14;DCSTAMP;MT-CO2;JAK2;JAK1;MPO;MAPK1;CASP3;IL33;MAPK9;EPHA3;MAPK8;STAT1;RORC;ACTA2,"[27, 68, 132, 619, 729, 1114, 1122, 1462, 1617, 1675, 1799, 1872, 2008, 2121, 2824, 3143, 3267, 3515, 4629, 5945, 6205, 6941, 7105, 7304, 7581, 7791, 8889, 9271, 12599, 12772, 12945, 13145, 14702, 15920, 16304, 16938, 16946, 17077]",c2.cp.wikipathways__WP_IL26_SIGNALING
c2.cp.wikipathways,WP_IL3_SIGNALING,prerank,0.49745984797353204,1.6290159676030016,0.014705882352941176,0.048221561312726716,0.956,23_45,23/45,19.63%,PIK3R2;TGFB1;INPP5D;PIK3CD;FYN;BCL2L1;MAPK3;BCL2;SYK;CD86;SRC;BAD;PTPN6;JUN;VAV1;FOS;RAF1;CBL;CRKL;STAT3;AKT1;HCK;RAPGEF1,PIK3R2;TGFB1;INPP5D;PIK3CD;FYN;BCL2L1;MAPK3;BCL2;SYK;CD86;SRC;BAD;PTPN6;JUN;VAV1;FOS;RAF1;CBL;CRKL;STAT3;AKT1;HCK;RAPGEF1;HRAS;STAT5A;SHC1;STAT5B;MAP2K1;SOS1;LYN;CSF2RB;JAK2;JAK1;PRKACA;GAB2;GRB2;MAPK1;YWHAB;IL5RA;CD69;ENPP3;PIK3R1;PTPN11;MAPK8;YWHAQ,"[350, 386, 448, 790, 1046, 1087, 1114, 1238, 1267, 1574, 2278, 2388, 2686, 2824, 2843, 2889, 3033, 3071, 3142, 3143, 3267, 3336, 3438, 3976, 4109, 4654, 5095, 5701, 5826, 6930, 7860, 8889, 9271, 9427, 10756, 11405, 12772, 13801, 13885, 13891, 13935, 14526, 16007, 16304, 16842]",c2.cp.wikipathways__WP_IL3_SIGNALING
c2.cp.wikipathways,WP_HIPPOYAP_SIGNALING,prerank,0.591050298831864,1.6321377389823113,0.017582417582417582,0.0484109340886039,0.955,12_22,12/22,20.99%,TEAD2;TEAD4;MAP4K1;LATS2;RASSF1;YAP1;WWTR1;TEAD1;TEAD3;MINK1;NF2;CXCL10,TEAD2;TEAD4;MAP4K1;LATS2;RASSF1;YAP1;WWTR1;TEAD1;TEAD3;MINK1;NF2;CXCL10;MST1;NDRG1;MAP4K4;STK3;MAP4K2;LATS1;STK38L;SAV1;MAP4K3;TNIK,"[314, 785, 993, 1223, 1540, 2016, 2900, 3355, 3547, 3577, 3658, 3676, 4234, 6152, 7148, 8246, 8664, 9929, 9982, 11072, 11491, 16472]",c2.cp.wikipathways__WP_HIPPOYAP_SIGNALING
c2.cp.wikipathways,WP_CALCIUM_MEDIATED_TCELL_APOPTOSIS_INVOLVED_IN_INCLUSION_BODY_MYOSITIS,prerank,0.5973242568395755,1.6242218365178183,0.010245901639344262,0.04888519557111985,0.958,8_20,8/20,14.06%,CD4;CAPN2;PLCG1;LCK;NFATC2;ITPRIP;HDAC1;ZAP70,CD4;CAPN2;PLCG1;LCK;NFATC2;ITPRIP;HDAC1;ZAP70;PPP3CC;CABIN1;ATP2A1;EP300;CD8A;HDAC2;NR4A1;PPP3CA;MEF2D;PPP3CB;CALM1;CD8B,"[204, 285, 405, 1019, 1367, 1783, 2268, 2462, 3642, 5041, 5412, 7268, 9346, 9498, 10627, 11156, 12103, 12602, 14779, 15708]",c2.cp.wikipathways__WP_CALCIUM_MEDIATED_TCELL_APOPTOSIS_INVOLVED_IN_INCLUSION_BODY_MYOSITIS
c2.cp.wikipathways,WP_HOSTPATHOGEN_INTERACTION_OF_HUMAN_CORONAVIRUSES_MAPK_SIGNALING,prerank,0.5267833593332031,1.6220080951864684,0.010309278350515464,0.0494544401393724,0.96,17_36,17/36,20.57%,MAP2K3;DDIT3;MAPK3;BCL2;IFITM2;IFITM1;IFITM3;MAP2K2;MAPK11;BST2;JUN;FOS;MAPK12;RAF1;MAP2K7;MAP3K10;IFI27,MAP2K3;DDIT3;MAPK3;BCL2;IFITM2;IFITM1;IFITM3;MAP2K2;MAPK11;BST2;JUN;FOS;MAPK12;RAF1;MAP2K7;MAP3K10;IFI27;RPS6KA1;MAP2K1;JUNB;MAP3K4;MAP3K1;MAPK14;MAP3K11;MAP2K6;ATF2;MAP2K4;MAPK13;RPS6KA2;RPS6KA3;MAPK10;MAPK1;MAP3K9;MAPK9;MAPK8;EIF4E,"[292, 729, 1114, 1238, 1436, 1596, 1873, 2104, 2344, 2419, 2824, 2889, 2998, 3033, 3121, 3529, 3603, 5141, 5701, 6511, 6651, 7054, 7304, 7357, 7672, 8136, 8233, 8706, 9145, 9363, 10309, 12772, 13184, 14702, 16304, 16760]",c2.cp.wikipathways__WP_HOSTPATHOGEN_INTERACTION_OF_HUMAN_CORONAVIRUSES_MAPK_SIGNALING
c2.cp.wikipathways,WP_ACUTE_MYELOID_LEUKEMIA,prerank,0.456883411699566,1.6210273040062082,0.006122448979591836,0.04946606103505005,0.96,26_66,26/66,18.66%,RELA;TCF7L1;PIK3R2;GLI1;EIF4EBP1;PIK3CD;CCNA2;PIM1;SPI1;PML;MAPK3;MYC;LEF1;RUNX1;ITGAM;CSF1R;FCGR1A;MAP2K2;IKBKB;BAD;CD14;NFKB1;BCL2A1;RAF1;STAT3;AKT1,RELA;TCF7L1;PIK3R2;GLI1;EIF4EBP1;PIK3CD;CCNA2;PIM1;SPI1;PML;MAPK3;MYC;LEF1;RUNX1;ITGAM;CSF1R;FCGR1A;MAP2K2;IKBKB;BAD;CD14;NFKB1;BCL2A1;RAF1;STAT3;AKT1;PPARD;AKT2;ARAF;HRAS;STAT5A;TCF7;TCF7L2;RARA;STAT5B;CEBPA;JUP;MAP2K1;SOS1;PIK3R3;CEBPE;PIK3CA;ZBTB16;RPS6KB2;IKBKG;RPS6KB1;RUNX1T1;PIM2;CCNA1;GRB2;PER2;CHUK;MPO;SOS2;MAPK1;MTOR;CCND1;PIK3CB;KRAS;PIK3R1;AKT3;KIT;DUSP6;NRAS;FLT3;BRAF,"[68, 230, 350, 369, 455, 790, 799, 858, 942, 985, 1114, 1232, 1377, 1384, 1487, 1549, 1740, 2104, 2341, 2388, 2611, 2835, 2841, 3033, 3143, 3267, 3681, 3956, 3967, 3976, 4109, 4349, 4922, 5072, 5095, 5110, 5286, 5701, 5826, 6862, 6917, 7105, 7188, 7191, 7584, 8326, 9029, 9063, 10863, 11405, 11506, 12017, 12599, 12680, 12772, 13065, 13673, 13676, 13814, 14526, 14998, 15737, 15916, 16714, 17194, 17259]",c2.cp.wikipathways__WP_ACUTE_MYELOID_LEUKEMIA
c2.cp.wikipathways,WP_2Q37_COPY_NUMBER_VARIATION_SYNDROME,prerank,0.42153736177115353,1.617923586728638,0.0021231422505307855,0.05035686762869441,0.965,31_111,31/111,20.07%,OTOS;MLPH;CXCR4;NFKBIA;ATG4B;GPR35;RAMP1;MAP1LC3C;THAP4;ING5;HDAC4;IRF8;DTYMK;RNPEPL1;CXCL11;ASCL1;EGFR;DISC1;HAMP;PASK;ABCA1;CYTH4;CALCA;RRAGC;JUN;ITPK1;RAB27A;HES1;ESPNL;CAPN10;TNF,OTOS;MLPH;CXCR4;NFKBIA;ATG4B;GPR35;RAMP1;MAP1LC3C;THAP4;ING5;HDAC4;IRF8;DTYMK;RNPEPL1;CXCL11;ASCL1;EGFR;DISC1;HAMP;PASK;ABCA1;CYTH4;CALCA;RRAGC;JUN;ITPK1;RAB27A;HES1;ESPNL;CAPN10;TNF;RPS6;IL13RA1;CENPA;CYTH3;MYOD1;IL1B;BOK;GABARAP;UBE2F;KIF1A;D2HGDH;MROH2A;HJURP;RAB17;SNED1;IQCA1;STK25;ILK;ARF1;SH3BP4;CYTH2;NEDD8;CALCRL;LRRFIP1;CFLAR;HES6;ILKAP;HDLBP;GYS1;PDCD1;PDGFA;ARF5;EEF1A1;TRAF3;ITGB3;GPC1;MAP1LC3A;GAL3ST2;SCLY;TP53;RBM44;COL6A3;PPP1R7;AQP12B;RRAGA;MAP4;DUSP28;GMEB1;GABARAPL2;SPP2;ANO7;USP40;CYTH1;ASB1;RAC1;PER2;NEU4;MAP1LC3B;TWIST2;TRPM8;MEF2C;RRAGB;RRAGD;GABARAPL1;COPS8;MYOG;NDUFA10;ARL4C;FARP2;AGAP1;CALM1;KLHL30;CXCL12;DGKD;MEF2A;MYO5A;TRAF3IP1;GBX2;ANKMY1;ASB18,"[47, 71, 77, 132, 151, 156, 260, 380, 488, 982, 1124, 1129, 1321, 1551, 1566, 2116, 2347, 2378, 2500, 2560, 2620, 2659, 2750, 2755, 2824, 2989, 3307, 3383, 3487, 3488, 3515, 3757, 3851, 3907, 4140, 4524, 4629, 4634, 5318, 5341, 5510, 5745, 5792, 5819, 5830, 5877, 5885, 5895, 5935, 6147, 6200, 6427, 6619, 6921, 6976, 7112, 7215, 7389, 7395, 7509, 7552, 7604, 7702, 7703, 7749, 7795, 7908, 8138, 8391, 8549, 8693, 8725, 8818, 8862, 8919, 9080, 9220, 9242, 9449, 9518, 9788, 10533, 10546, 10917, 11044, 11471, 11506, 11645, 11789, 12588, 12610, 12683, 12833, 12842, 12855, 13616, 13675, 13843, 13903, 14184, 14670, 14779, 15178, 15207, 15436, 15464, 15545, 16105, 16648, 16683, 16823]",c2.cp.wikipathways__WP_2Q37_COPY_NUMBER_VARIATION_SYNDROME
c2.cp.wikipathways,WP_DNAJB1PRKACA_FUSION_IN_FIBROLAMELLAR_LIVER_CANCER,prerank,0.7068698265805158,1.6158850870707415,0.012552301255230125,0.05049849247039898,0.967,5_11,5/11,14.33%,DNAJB1;HDAC7;HDAC4;SIK1;CRTC2,DNAJB1;HDAC7;HDAC4;SIK1;CRTC2;HDAC5;GNAS;SIK2;PRKACA;CREB1;SIK3,"[9, 678, 1124, 1969, 2510, 4646, 4729, 7590, 9427, 10478, 15426]",c2.cp.wikipathways__WP_DNAJB1PRKACA_FUSION_IN_FIBROLAMELLAR_LIVER_CANCER
c2.cp.wikipathways,WP_P53_TRANSCRIPTIONAL_GENE_NETWORK,prerank,0.43775109265514256,1.6160234220853322,0.0021691973969631237,0.05082604136223762,0.967,30_85,30/85,15.80%,DDIT4;TNFRSF10D;SESN2;SCO2;TNFRSF10B;RPRM;PML;IRF5;LIF;GPX1;PERP;AKT1S1;ULBP2;TP53I3;CPT1C;CDK2;FANCC;CDKN1A;DRAM1;BAX;CCL2;SAT1;ICAM1;ADORA2B;DDB2;SESN1;NOTCH1;ULK1;CCNG1;IRF9,DDIT4;TNFRSF10D;SESN2;SCO2;TNFRSF10B;RPRM;PML;IRF5;LIF;GPX1;PERP;AKT1S1;ULBP2;TP53I3;CPT1C;CDK2;FANCC;CDKN1A;DRAM1;BAX;CCL2;SAT1;ICAM1;ADORA2B;DDB2;SESN1;NOTCH1;ULK1;CCNG1;IRF9;SLC2A1;TNF;PMAIP1;ALDH4A1;BBC3;SERPINE1;ERCC5;CCNE1;SLC7A11;NCF2;TP53AIP1;MLST8;PRKAG3;CDC25A;ISG15;TRAF4;TP53INP1;PCNA;GADD45A;RPTOR;ULBP1;SIVA1;CX3CL1;TSC2;PRKAG2;BTG2;GLS2;THBS1;FAS;ZMAT3;SFN;AURKA;PTEN;MGMT;ACAD11;E2F7;PRKAA2;POLH;MTOR;PRKAB1;CDC25C;PRKAB2;APAF1;DEPTOR;NANOG;FUCA1;XPC;POLK;RRM2B;XRCC5;MLH1;PRKAG1;ULK2;PRKAA1;MSH2,"[11, 48, 108, 524, 539, 948, 985, 1040, 1188, 1260, 1335, 1340, 1402, 1426, 1532, 1573, 1672, 1714, 1745, 1799, 1826, 1858, 1872, 2190, 2302, 2306, 2437, 2735, 2754, 2767, 3156, 3515, 3544, 3735, 3816, 4011, 4096, 4289, 4658, 4720, 4724, 5180, 5219, 5226, 5552, 5636, 6245, 6282, 6740, 7231, 7580, 7692, 7950, 7998, 8791, 8882, 8917, 9307, 9493, 9859, 9994, 10139, 10528, 10781, 11304, 11478, 11483, 12508, 13065, 13247, 13437, 13709, 13773, 13996, 14064, 14256, 14321, 15086, 15782, 16129, 16252, 16705, 17198, 17412, 17502]",c2.cp.wikipathways__WP_P53_TRANSCRIPTIONAL_GENE_NETWORK
c2.cp.wikipathways,WP_LUNG_FIBROSIS,prerank,0.47395220655398895,1.6129830507998462,0.0,0.05153754274516773,0.973,18_55,18/55,15.70%,MMP9;MT2A;CEBPB;TGFB1;HMOX1;DSP;HGF;DPP9;SERPINA1;SMAD7;CSF3;CCL2;BMP7;CCR2;IL6;FGF2;NFE2L2;CALCA,MMP9;MT2A;CEBPB;TGFB1;HMOX1;DSP;HGF;DPP9;SERPINA1;SMAD7;CSF3;CCL2;BMP7;CCR2;IL6;FGF2;NFE2L2;CALCA;TIMP1;CYSLTR2;TNF;SFTPC;EGF;IL1B;FAM13A;PLAU;EDN1;CXCL2;SPP1;CCL5;PDGFB;IL12B;CCL3;PDGFA;IL13;SKIL;IL4;CCL4;RTEL1;ELN;MECP2;ATP11A;FGF1;MMP2;FGF7;ELMOD2;TERT;PTX3;TGFA;IL5;IGF1;PARN;MUC5B;GREM1;SFTPA2,"[27, 129, 311, 386, 693, 740, 893, 1146, 1224, 1659, 1776, 1826, 2039, 2082, 2121, 2211, 2684, 2750, 2996, 3223, 3515, 3893, 4444, 4629, 4967, 5250, 5566, 5578, 6253, 6365, 6544, 6713, 7600, 7604, 8159, 8425, 8442, 9267, 9339, 9991, 10143, 10525, 11280, 11784, 12101, 12458, 13041, 13208, 14919, 15390, 15473, 15639, 15741, 16612, 17237]",c2.cp.wikipathways__WP_LUNG_FIBROSIS
c2.cp.wikipathways,WP_EBOLA_VIRUS_INFECTION_IN_HOST,prerank,0.41951384531328906,1.6098798383905093,0.0,0.052691897145128244,0.976,42_124,42/124,20.65%,NFKB2;RELA;IRF7;IRF3;PIK3R2;IGF1R;SOCS3;HLA-DRB1;PIK3CD;ICAM2;SCIN;MAPK3;CD300A;NEDD4;VPS4A;RHOC;HLA-DRA;HLA-DMB;HLA-DPB1;GAS6;HLA-DRB5;AXL;ITGA5;CLEC10A;CREBBP;ASGR1;EGFR;CLTB;BST2;HLA-DMA;MERTK;NFKB1;RAB9A;HLA-DPA1;NPC2;IKBKE;AKT1;HLA-E;HLA-DQA1;TLR4;HAVCR2;HLA-B,NFKB2;RELA;IRF7;IRF3;PIK3R2;IGF1R;SOCS3;HLA-DRB1;PIK3CD;ICAM2;SCIN;MAPK3;CD300A;NEDD4;VPS4A;RHOC;HLA-DRA;HLA-DMB;HLA-DPB1;GAS6;HLA-DRB5;AXL;ITGA5;CLEC10A;CREBBP;ASGR1;EGFR;CLTB;BST2;HLA-DMA;MERTK;NFKB1;RAB9A;HLA-DPA1;NPC2;IKBKE;AKT1;HLA-E;HLA-DQA1;TLR4;HAVCR2;HLA-B;HLA-DOA;ITGA6;HLA-F;CTSB;ACTN1;CLTA;CD209;HLA-C;FOLR1;HLA-DQB1;VPS16;GSN;TIMD4;ICAM3;CLEC4M;TYRO3;DAB2IP;PIK3R3;TOP1;HAVCR1;HLA-A;CLEC4G;PIK3CA;FLNA;MFGE8;ITGA1;EP300;RELB;HLA-DQB2;ITGB3;RHOA;TSG101;VPS18;VAV2;CAV3;IQGAP1;IL4;HLA-G;RHOB;ITGA3;HLA-DQA2;NPC1;ITGAV;RASA2;C1QBP;ACTN4;CLTCL1;VPS33A;TPCN2;ITGB1;RAC1;EIF2AK2;VPS39;FLNB;CAV1;ACTB;TBK1;VPS41;MAPK1;REL;TFAP2A;ACTG1;FLNC;PIK3CB;TIAM1;PRKRA;RFC1;PAK1;PIK3R1;CAV2;EIF2S1;ADAM17;RAB7A;RAB5A;ITGA2;ITGA4;HLA-DOB;CLTC;CDC42;KPNA1;STAT1;EPS15,"[56, 68, 161, 315, 350, 486, 619, 784, 790, 814, 1109, 1114, 1311, 1328, 1445, 1447, 1505, 1587, 1615, 1651, 1667, 1739, 1748, 1759, 1980, 1998, 2347, 2398, 2419, 2494, 2629, 2835, 2858, 2875, 3069, 3163, 3267, 3356, 3372, 3516, 3593, 3617, 4041, 4120, 4126, 4381, 4592, 5058, 5076, 5482, 5727, 5810, 5934, 6007, 6125, 6610, 6736, 6772, 6790, 6862, 6951, 7015, 7039, 7084, 7105, 7192, 7208, 7251, 7268, 7492, 7665, 7795, 7817, 7851, 8022, 8144, 8160, 8419, 8442, 8447, 8719, 8739, 8932, 9041, 9460, 9519, 9551, 9667, 10041, 10423, 10783, 11311, 11471, 11535, 11852, 11919, 12109, 12262, 12506, 12579, 12772, 12847, 12910, 13331, 13618, 13676, 13688, 13697, 14088, 14368, 14526, 14528, 14673, 14928, 15081, 15603, 15635, 15698, 15856, 15879, 16108, 16527, 16938, 16978]",c2.cp.wikipathways__WP_EBOLA_VIRUS_INFECTION_IN_HOST
c2.cp.wikipathways,WP_MYD88_DISTINCT_INPUTOUTPUT_PATHWAY,prerank,0.6022008608941879,1.6065184221630153,0.023758099352051837,0.05284742100866547,0.979,12_18,12/18,23.59%,TLR5;TLR2;TLR8;TLR9;TIFA;IRAK1;JUN;NFKB1;TLR7;TLR4;TLR6;MYD88,TLR5;TLR2;TLR8;TLR9;TIFA;IRAK1;JUN;NFKB1;TLR7;TLR4;TLR6;MYD88;TLR10;TLR1;TRAF6;IL1A;UBE2N;UBE2V1,"[95, 745, 783, 1414, 2086, 2376, 2824, 2835, 2886, 3516, 3775, 4132, 7816, 8679, 11998, 12614, 14060, 15215]",c2.cp.wikipathways__WP_MYD88_DISTINCT_INPUTOUTPUT_PATHWAY
c2.cp.wikipathways,WP_EPITHELIAL_TO_MESENCHYMAL_TRANSITION_IN_COLORECTAL_CANCER,prerank,0.41301513577647864,1.6072109331917745,0.0,0.052870273838369404,0.979,52_152,52/152,20.10%,MMP9;FZD9;FZD8;MAP2K3;CLDN7;DLL4;PIK3R2;TGFB1;CLDN15;WNT6;DSP;CLDN9;NOTCH4;PIK3CD;FZD2;CLDN6;CLDN5;GDF15;MAPK3;FOXM1;TGFB2;LATS2;FZD4;WNT5B;ITGA5;CLDN23;PKP1;TGFB3;TWIST1;FZD1;LRP5;MAP2K2;JAG2;CLDN10;NOTCH2;MAPK11;DLL1;NOTCH1;SNAI1;FOXQ1;SMAD4;COL4A4;TGFBR2;MAPK12;RAF1;FOXC2;EED;AKT1;WNT3;OCLN;CDH2;NRP2,MMP9;FZD9;FZD8;MAP2K3;CLDN7;DLL4;PIK3R2;TGFB1;CLDN15;WNT6;DSP;CLDN9;NOTCH4;PIK3CD;FZD2;CLDN6;CLDN5;GDF15;MAPK3;FOXM1;TGFB2;LATS2;FZD4;WNT5B;ITGA5;CLDN23;PKP1;TGFB3;TWIST1;FZD1;LRP5;MAP2K2;JAG2;CLDN10;NOTCH2;MAPK11;DLL1;NOTCH1;SNAI1;FOXQ1;SMAD4;COL4A4;TGFBR2;MAPK12;RAF1;FOXC2;EED;AKT1;WNT3;OCLN;CDH2;NRP2;WNT4;WNT7A;NOTCH3;MMP15;AKT2;HRAS;CLDN4;PKP2;ID2;SHC1;CLDN14;CLDN12;JAG1;JUP;WNT10A;FZD5;TGFBR1;WNT7B;MAP2K1;WNT9A;WNT16;SOS1;SMAD3;CTDSP1;ID1;WNT9B;WNT11;SMAD2;CLDN18;PIK3R3;PIK3CA;MAPK14;FZD10;SNAI2;FZD7;MAP2K6;PKD1;COL4A3;MAP2K4;HIF1A;WNT10B;COL4A2;TP53;MAPK13;WNT5A;CDH1;DLL3;SPARC;WNT2;EZH2;STRAP;COL4A1;DLK1;FMNL2;FN1;COL4A6;WNT2B;CLDN2;GRB2;MMP2;TUSC3;TRAF6;FZD3;MEF2D;RBPJ;CRB3;WNT8A;TWIST2;ZEB1;SOS2;FZD6;MAPK1;CLDN1;CLDN11;TJP1;EIF5A2;WNT8B;PIK3CB;KRAS;LRP6;SUZ12;TMPRSS4;COL4A5;ZEB2;WNT1;PAK1;PIK3R1;CLDN20;PROX1;AKT3;NUBPL;GSK3B;CTNNB1;PDCD6;CLDN16;MAPK8;CDKL2;CLDN3;RBBP4;NR2C2,"[27, 83, 225, 292, 300, 332, 350, 386, 514, 579, 740, 743, 781, 790, 841, 864, 1059, 1105, 1114, 1135, 1191, 1223, 1368, 1392, 1748, 1803, 1833, 1861, 1908, 1987, 2090, 2104, 2168, 2200, 2279, 2344, 2363, 2437, 2526, 2571, 2618, 2709, 2773, 2998, 3033, 3060, 3207, 3267, 3325, 3491, 3499, 3520, 3643, 3834, 3857, 3949, 3956, 3976, 4357, 4440, 4494, 4654, 4823, 4844, 5281, 5286, 5355, 5568, 5624, 5668, 5701, 5748, 5824, 5826, 5844, 5859, 6042, 6089, 6105, 6205, 6535, 6862, 7105, 7304, 7367, 7384, 7442, 7672, 7769, 8021, 8233, 8234, 8235, 8242, 8693, 8706, 8910, 8970, 9053, 9277, 9348, 9837, 9939, 9975, 10158, 10502, 10662, 10672, 10827, 11097, 11405, 11784, 11867, 11998, 12043, 12103, 12114, 12150, 12291, 12588, 12675, 12680, 12762, 12772, 12800, 12822, 12926, 12967, 13192, 13676, 13814, 13826, 13872, 13875, 14154, 14204, 14329, 14368, 14526, 14533, 14536, 14998, 15358, 15613, 16018, 16075, 16187, 16304, 16549, 17081, 17106, 17369]",c2.cp.wikipathways__WP_EPITHELIAL_TO_MESENCHYMAL_TRANSITION_IN_COLORECTAL_CANCER
c2.cp.wikipathways,WP_EMBRYONIC_STEM_CELL_PLURIPOTENCY_PATHWAYS,prerank,0.423221270576372,1.6053145903753947,0.0,0.05293987277518024,0.979,45_109,45/109,22.70%,FZD9;FZD8;FGF17;MAP2K3;PIK3R2;PDGFRB;WNT6;BMP4;PIK3CD;FZD2;AXIN1;ELK1;DVL1;FGF11;LIF;FGF22;FZD4;FGFR4;WNT5B;SMAD7;DVL2;NOG;FZD1;LRP5;MAP2K2;ERAS;FGF2;EGFR;DVL3;SMAD4;JUN;FOS;MAPK12;RAF1;HNF1A;STAT3;AKT1;WNT3;MAPK7;SMAD6;WNT4;WNT7A;AKT2;ARAF;HRAS,FZD9;FZD8;FGF17;MAP2K3;PIK3R2;PDGFRB;WNT6;BMP4;PIK3CD;FZD2;AXIN1;ELK1;DVL1;FGF11;LIF;FGF22;FZD4;FGFR4;WNT5B;SMAD7;DVL2;NOG;FZD1;LRP5;MAP2K2;ERAS;FGF2;EGFR;DVL3;SMAD4;JUN;FOS;MAPK12;RAF1;HNF1A;STAT3;AKT1;WNT3;MAPK7;SMAD6;WNT4;WNT7A;AKT2;ARAF;HRAS;BMPR1B;FGFR3;EGF;FGFR1;MAPK4;FGF8;WNT10A;IL6ST;FZD5;WNT7B;MAP2K1;WNT16;SOS1;WNT9B;WNT11;SMAD5;FGF20;SMAD9;GAB1;PDGFB;BMPR1A;FGF16;LIFR;SMAD1;FZD7;PDGFA;MAP2K6;MAP2K5;FGF18;WNT10B;WNT5A;JAK1;WNT2;APC;BMPR2;PDGFRA;PTEN;WNT2B;FGFR2;FGF1;GRB2;FZD3;FGF10;FGF7;FGF9;ACVR1;FZD6;MAPK1;MTOR;FGF14;LRP6;FGF13;WNT1;AKT3;MDM2;FGF12;GSK3B;PTPN11;CTNNB1;ACVR2B;MAPK6;FGF5;ACTR2;BRAF,"[83, 225, 282, 292, 350, 420, 579, 730, 790, 841, 877, 973, 1089, 1166, 1188, 1206, 1368, 1389, 1392, 1659, 1798, 1901, 1987, 2090, 2104, 2201, 2211, 2347, 2492, 2618, 2824, 2889, 2998, 3033, 3074, 3143, 3267, 3325, 3561, 3626, 3643, 3834, 3956, 3967, 3976, 4114, 4371, 4444, 4624, 4801, 5132, 5355, 5448, 5568, 5668, 5701, 5824, 5826, 6089, 6105, 6234, 6436, 6481, 6503, 6544, 6579, 6665, 6831, 7143, 7442, 7604, 7672, 7975, 8121, 8235, 8910, 9271, 9348, 9884, 10005, 10418, 10528, 10827, 11001, 11280, 11405, 12043, 12099, 12101, 12107, 12679, 12762, 12772, 13065, 13236, 13826, 14173, 14329, 14998, 15285, 15531, 15613, 16007, 16018, 16673, 16768, 16780, 16913, 17259]",c2.cp.wikipathways__WP_EMBRYONIC_STEM_CELL_PLURIPOTENCY_PATHWAYS
c2.cp.wikipathways,WP_PHOTODYNAMIC_THERAPYINDUCED_NFKB_SURVIVAL_SIGNALING,prerank,0.5461745163120457,1.6073861276015338,0.017857142857142856,0.053106850965172224,0.979,12_30,12/30,16.22%,MMP9;NFKB2;RELA;TNFRSF1A;VEGFA;ICAM1;BIRC3;IL6;EGLN2;IKBKB;NFKB1;BCL2A1,MMP9;NFKB2;RELA;TNFRSF1A;VEGFA;ICAM1;BIRC3;IL6;EGLN2;IKBKB;NFKB1;BCL2A1;TNF;BIRC5;IL1B;CXCL2;BIRC2;CFLAR;RELB;PTGS2;SELE;VCAM1;MMP2;TRAF6;CHUK;IL1A;REL;CCND1;BCL2L2;MMP3,"[27, 56, 68, 390, 1439, 1872, 1994, 2121, 2317, 2341, 2835, 2841, 3515, 4324, 4629, 5578, 6219, 7112, 7492, 11182, 11222, 11751, 11784, 11998, 12017, 12614, 12847, 13673, 14527, 17427]",c2.cp.wikipathways__WP_PHOTODYNAMIC_THERAPYINDUCED_NFKB_SURVIVAL_SIGNALING
c2.cp.wikipathways,WP_AGERAGE_PATHWAY,prerank,0.4649146153880356,1.607394807392608,0.002105263157894737,0.05347564854131926,0.979,21_63,21/63,19.40%,MMP9;RELA;NFKBIA;NOS3;NCF1;EZR;AGER;INHBB;MAPK3;FOXO4;SRC;IKBKB;EGFR;JUN;NFKB1;RAF1;INSR;STAT3;AKT1;FOXO1;SOD1,MMP9;RELA;NFKBIA;NOS3;NCF1;EZR;AGER;INHBB;MAPK3;FOXO4;SRC;IKBKB;EGFR;JUN;NFKB1;RAF1;INSR;STAT3;AKT1;FOXO1;SOD1;MSR1;MMP14;STAT5A;MYD88;SP1;SHC1;DIAPH1;STAT5B;IRS1;MSN;MAP2K1;SMAD3;SMAD2;LGALS3;CASP9;ROCK1;MAPK14;ALPL;RHOA;ATF2;HIF1A;IRAK4;JAK2;PLA2G4A;PRKCD;CASP8;PRKCA;RAC1;NOS2;MMP2;CYCS;CHUK;MAPK1;CASP3;PRKCZ;DDOST;PRKCB;MAPK9;TIRAP;CDC42;MAPK8;STAT1,"[27, 68, 132, 335, 461, 507, 759, 1020, 1114, 1318, 2278, 2341, 2347, 2824, 2835, 3033, 3052, 3143, 3267, 3351, 3398, 4026, 4031, 4109, 4132, 4488, 4654, 5025, 5095, 5115, 5230, 5701, 5844, 6205, 6287, 6429, 6585, 7304, 7488, 7817, 8136, 8234, 8568, 8889, 9214, 9580, 10378, 10873, 11471, 11576, 11784, 11932, 12017, 12772, 12945, 13086, 14615, 14648, 14702, 15108, 16108, 16304, 16938]",c2.cp.wikipathways__WP_AGERAGE_PATHWAY
c2.cp.wikipathways,WP_CYTOSOLIC_DNASENSING_PATHWAY,prerank,0.46629216363925835,1.6019242568502428,0.006085192697768763,0.054131787486611856,0.981,24_62,24/62,21.29%,RELA;NFKBIA;POLR2H;IRF7;IFNA2;IRF3;CASP1;IL18;POLR3H;FADD;POLR1C;IL6;IKBKB;POLR2L;RIPK1;POLR3GL;NFKB1;NFKBIB;PYCARD;IKBKE;CASP10;TREX1;CXCL10;RIPK3,RELA;NFKBIA;POLR2H;IRF7;IFNA2;IRF3;CASP1;IL18;POLR3H;FADD;POLR1C;IL6;IKBKB;POLR2L;RIPK1;POLR3GL;NFKB1;NFKBIB;PYCARD;IKBKE;CASP10;TREX1;CXCL10;RIPK3;TRADD;TRIM25;POLR2E;IL1B;IFNA13;ISG15;POLR1D;IFNA21;AIM2;CCL5;IKBKG;CCL4L2;POLR2F;IFNA1;CCL4;ATG12;IFNA8;ATG5;POLR3K;IFNA6;POLR3D;CASP8;ZBP1;ADAR;POLR2K;POLR3E;NLRX1;MAVS;CHUK;POLR3A;TBK1;IL33;CYLD;RNF125;POLR3C;POLR3G;POLR3F;POLR3B,"[68, 132, 134, 161, 178, 315, 645, 662, 1849, 2019, 2083, 2121, 2341, 2399, 2701, 2751, 2835, 2943, 3056, 3163, 3306, 3447, 3676, 3729, 4084, 4214, 4345, 4629, 4952, 5552, 5596, 5807, 5965, 6365, 7584, 7660, 8262, 9040, 9267, 9390, 9616, 9626, 10004, 10218, 10242, 10378, 10739, 10871, 10988, 11021, 11200, 11317, 12017, 12360, 12506, 13145, 14772, 15364, 15750, 16005, 16986, 17242]",c2.cp.wikipathways__WP_CYTOSOLIC_DNASENSING_PATHWAY
c2.cp.wikipathways,WP_PI3KAKTMTOR_VITAMIN_D3_SIGNALING,prerank,0.5839734434811489,1.5967834773939866,0.02092050209205021,0.05592669635028967,0.981,7_22,7/22,8.99%,RELA;HK3;RXRA;SLC2A3;MYC;HLA-DRA;CD86,RELA;HK3;RXRA;SLC2A3;MYC;HLA-DRA;CD86;PFKFB4;CD80;AKT1;VDR;PDHA1;IL10;PIK3CA;TSC2;LDHA;IL12A;PRKAA2;MTOR;TSC1;GSK3B;CYP24A1,"[68, 200, 710, 833, 1232, 1505, 1574, 3002, 3114, 3267, 4946, 6459, 6941, 7105, 7998, 9549, 10432, 11483, 13065, 14195, 15613, 15989]",c2.cp.wikipathways__WP_PI3KAKTMTOR_VITAMIN_D3_SIGNALING
c2.cp.wikipathways,WP_TGFBETA_RECEPTOR_SIGNALING,prerank,0.4770696654750796,1.5953955560687447,0.010309278350515464,0.056242833880133916,0.981,23_53,23/53,22.90%,TGFB1;TGIF1;BMP4;RUNX3;TGFBR3;MAPK3;LIF;LEF1;SMAD7;NOG;CREBBP;ZNF423;TFE3;SMAD4;TGFBR2;JUN;NFKB1;FOS;STAT3;TNF;SMAD6;HRAS;SERPINE1,TGFB1;TGIF1;BMP4;RUNX3;TGFBR3;MAPK3;LIF;LEF1;SMAD7;NOG;CREBBP;ZNF423;TFE3;SMAD4;TGFBR2;JUN;NFKB1;FOS;STAT3;TNF;SMAD6;HRAS;SERPINE1;EGF;FOXH1;TGFBR1;LEFTY1;BAMBI;ENG;SMAD3;SKI;SMAD2;SMAD5;SPP1;SMAD9;RUNX2;FKBP1A;SMAD1;EP300;FST;LEFTY2;SKIL;ITGB6;JAK1;THBS1;LTBP1;ZFYVE9;ZEB2;WNT1;MAPK9;CTNNB1;INHBA;STAT1,"[386, 481, 730, 751, 894, 1114, 1188, 1377, 1659, 1901, 1980, 1993, 2359, 2618, 2773, 2824, 2835, 2889, 3143, 3515, 3626, 3976, 4011, 4444, 4521, 5624, 5642, 5733, 5813, 5844, 6189, 6205, 6234, 6253, 6481, 6841, 7100, 7143, 7268, 7467, 7533, 8425, 8865, 9271, 9307, 10550, 11024, 14204, 14329, 14702, 16018, 16208, 16938]",c2.cp.wikipathways__WP_TGFBETA_RECEPTOR_SIGNALING
c2.cp.wikipathways,WP_PROLACTIN_SIGNALING,prerank,0.4483963353555311,1.5925400998227546,0.002145922746781116,0.05714519670904469,0.981,33_75,33/75,21.45%,RELA;NFKBIA;PIK3R2;EIF4EBP1;IRF1;SOCS3;PXN;ELK1;FYN;MAPK3;MYC;MAP2K2;SRC;IRS2;ZAP70;ERBB2;PTPN6;CISH;SOCS2;JUN;NFKB1;VAV1;FOS;NFKBIB;RAF1;CBL;STAT3;SIRPA;AKT1;SOCS1;CTSD;TEC;RPS6,RELA;NFKBIA;PIK3R2;EIF4EBP1;IRF1;SOCS3;PXN;ELK1;FYN;MAPK3;MYC;MAP2K2;SRC;IRS2;ZAP70;ERBB2;PTPN6;CISH;SOCS2;JUN;NFKB1;VAV1;FOS;NFKBIB;RAF1;CBL;STAT3;SIRPA;AKT1;SOCS1;CTSD;TEC;RPS6;HRAS;STAT5A;SHC1;STAT5B;IRS1;MAP2K1;SOS1;PIK3CG;PIK3CA;FLNA;MAPK14;PPIB;VAV2;PPIA;RPS6KB1;PIAS3;JAK2;RPS6KA2;JAK1;GAB2;YWHAG;ITGB1;GRB2;RAC1;NOS2;AGAP2;PTPN1;MAPK1;PRLR;CASP3;MTOR;PIK3CB;PAK1;PIK3R1;YWHAZ;MAPK9;NEK3;GSK3B;PTPN11;PTK2;MAPK8;STAT1,"[68, 132, 350, 455, 538, 619, 628, 973, 1046, 1114, 1232, 2104, 2278, 2357, 2462, 2593, 2686, 2714, 2811, 2824, 2835, 2843, 2889, 2943, 3033, 3071, 3143, 3184, 3267, 3430, 3494, 3674, 3757, 3976, 4109, 4654, 5095, 5115, 5701, 5826, 6453, 7105, 7192, 7304, 7641, 8144, 8248, 8326, 8362, 8889, 9145, 9271, 10756, 11291, 11311, 11405, 11471, 11576, 12200, 12370, 12772, 12867, 12945, 13065, 13676, 14368, 14526, 14665, 14702, 15378, 15613, 16007, 16229, 16304, 16938]",c2.cp.wikipathways__WP_PROLACTIN_SIGNALING
c2.cp.wikipathways,WP_TGFBETA_RECEPTOR_SIGNALING_IN_SKELETAL_DYSPLASIAS,prerank,0.4667995823844093,1.590230951402753,0.012295081967213115,0.05728691537838301,0.982,24_57,24/57,20.70%,TGFB1;TGIF1;BMP4;RUNX3;ADAMTS10;TGFBR3;MAPK3;LIF;LEF1;LTBP3;SMAD7;NOG;CREBBP;ZNF423;TFE3;SMAD4;TGFBR2;JUN;NFKB1;FOS;STAT3;ADAMTSL2;TNF;SMAD6,TGFB1;TGIF1;BMP4;RUNX3;ADAMTS10;TGFBR3;MAPK3;LIF;LEF1;LTBP3;SMAD7;NOG;CREBBP;ZNF423;TFE3;SMAD4;TGFBR2;JUN;NFKB1;FOS;STAT3;ADAMTSL2;TNF;SMAD6;HRAS;SERPINE1;EGF;FOXH1;TGFBR1;LEFTY1;BAMBI;ENG;SMAD3;SKI;SMAD2;SMAD5;SPP1;SMAD9;RUNX2;FKBP1A;SMAD1;EP300;FST;LEFTY2;SKIL;ITGB6;JAK1;THBS1;LTBP1;ZFYVE9;ZEB2;WNT1;MAPK9;CTNNB1;INHBA;STAT1;FBN1,"[386, 481, 730, 751, 782, 894, 1114, 1188, 1377, 1388, 1659, 1901, 1980, 1993, 2359, 2618, 2773, 2824, 2835, 2889, 3143, 3270, 3515, 3626, 3976, 4011, 4444, 4521, 5624, 5642, 5733, 5813, 5844, 6189, 6205, 6234, 6253, 6481, 6841, 7100, 7143, 7268, 7467, 7533, 8425, 8865, 9271, 9307, 10550, 11024, 14204, 14329, 14702, 16018, 16208, 16938, 17116]",c2.cp.wikipathways__WP_TGFBETA_RECEPTOR_SIGNALING_IN_SKELETAL_DYSPLASIAS
c2.cp.wikipathways,WP_PREIMPLANTATION_EMBRYO,prerank,0.48633675508116037,1.5915246969102856,0.006578947368421052,0.057388562535330624,0.981,18_47,18/47,17.71%,TCF7L1;DDIT3;TEAD4;ESRRA;TBX3;ZFP36L2;SOX2;GATA2;MXD1;DNMT3L;HNRNPAB;KHSRP;AQP3;GATA3;FOXQ1;POU5F1;KLF4;E2F5,TCF7L1;DDIT3;TEAD4;ESRRA;TBX3;ZFP36L2;SOX2;GATA2;MXD1;DNMT3L;HNRNPAB;KHSRP;AQP3;GATA3;FOXQ1;POU5F1;KLF4;E2F5;ZFP36;HMGA1;ARGFX;MTA3;SOX8;FOSB;ELAVL1;NR3C2;ZAR1;ZSCAN4;IRF4;DLX2;CDH1;SIX3;FOXD1;CELF3;AQP9;ATP1A1;BATF3;NKX2-1;MYBL1;SMARCA4;DPRX;BARX2;NANOG;PBX1;EGR1;IRX5;SOX11,"[230, 729, 785, 1143, 1154, 1465, 1488, 1766, 1793, 2064, 2299, 2315, 2445, 2530, 2571, 2795, 2806, 3102, 3755, 4727, 5262, 6330, 7323, 7855, 8106, 8411, 8453, 8546, 8729, 8833, 8970, 9359, 9543, 9947, 10543, 11293, 11362, 11450, 12207, 12442, 12877, 13536, 14064, 15130, 15627, 15762, 16271]",c2.cp.wikipathways__WP_PREIMPLANTATION_EMBRYO
c2.cp.wikipathways,WP_P38_MAPK_SIGNALING,prerank,0.5133494988394004,1.590518163441942,0.012448132780082987,0.057528299203418246,0.982,9_34,9/34,7.04%,HSPB1;MAPKAPK2;MAX;TRAF2;DAXX;DDIT3;ELK1;TGFB2;MYC,HSPB1;MAPKAPK2;MAX;TRAF2;DAXX;DDIT3;ELK1;TGFB2;MYC;RIPK1;HRAS;TRADD;MAP3K5;SHC1;TGFBR1;MKNK1;MAP3K1;MAPK14;MAP2K6;ATF2;MAP2K4;PLA2G4A;MAP3K7;CREB1;GRB2;RAC1;MEF2D;MAP3K9;CDC42;RPS6KA5;STAT1;HMGN1;RASGRF1;MAPKAPK5,"[3, 344, 484, 494, 554, 729, 973, 1191, 1232, 2701, 3976, 4084, 4419, 4654, 5624, 6710, 7054, 7304, 7672, 8136, 8233, 9214, 9639, 10478, 11405, 11471, 12103, 13184, 16108, 16291, 16938, 16952, 17048, 17285]",c2.cp.wikipathways__WP_P38_MAPK_SIGNALING
c2.cp.wikipathways,WP_BREAST_CANCER_PATHWAY,prerank,0.3981904948505966,1.5826259629530786,0.0,0.06050010777614828,0.986,42_145,42/145,14.81%,NFKB2;FZD9;FZD8;TCF7L1;FGF17;DLL4;PIK3R2;FRAT2;IGF1R;FLT4;WNT6;NOTCH4;PIK3CD;HEYL;FZD2;AXIN1;DVL1;MAPK3;FGF22;MYC;FRAT1;LEF1;WNT5B;GADD45B;GADD45G;CDKN1A;SHC2;DVL2;BAX;E2F2;FZD1;LRP5;MAP2K2;JAG2;FGF2;NOTCH2;DDB2;EGFR;DLL1;NOTCH1;DVL3;ERBB2,NFKB2;FZD9;FZD8;TCF7L1;FGF17;DLL4;PIK3R2;FRAT2;IGF1R;FLT4;WNT6;NOTCH4;PIK3CD;HEYL;FZD2;AXIN1;DVL1;MAPK3;FGF22;MYC;FRAT1;LEF1;WNT5B;GADD45B;GADD45G;CDKN1A;SHC2;DVL2;BAX;E2F2;FZD1;LRP5;MAP2K2;JAG2;FGF2;NOTCH2;DDB2;EGFR;DLL1;NOTCH1;DVL3;ERBB2;JUN;FOS;CSNK2B;RAF1;AKT1;WNT3;HES1;WNT4;WNT7A;AXIN2;NOTCH3;AKT2;ARAF;HRAS;CSNK2A2;APC2;TCF7;EGF;SP1;FGFR1;SHC1;TCF7L2;FGF8;HEY2;WNT10A;FZD5;WNT7B;MAP2K1;WNT16;SOS1;WNT11;HES5;FGF20;RAD51;FGF16;GADD45A;PIK3R3;PIK3CA;RPS6KB2;PGR;FZD10;FZD7;E2F1;CDK4;FGF18;WNT10B;RPS6KB1;BRCA1;CSNK1A1L;BRCA2;TP53;BAK1;NCOA1;HEY1;WNT5A;DLL3;CETN3;WNT2;RB1;PARP1;APC;NCOA3;SHC4;PTEN;WNT2B;CDK6;ATM;FGF1;ESR2;GRB2;FZD3;FGF10;FGF7;FGF9;SOS2;SKP1;FZD6;MAPK1;MTOR;CCND1;KRAS;LRP6;WNT1;PIK3R1;E2F3;AKT3;POLK;IGF1;GSK3B;KIT;CSNK1A1;CTNNB1;CSNK2A3;ESR1;RAD50;SFRP4;NBN;NRAS;FGF5;CSNK2A1;SHC3;BRAF;ATR,"[56, 83, 225, 230, 282, 332, 350, 388, 486, 525, 579, 781, 790, 830, 841, 877, 1089, 1114, 1206, 1232, 1279, 1377, 1392, 1626, 1669, 1714, 1762, 1798, 1799, 1883, 1987, 2090, 2104, 2168, 2211, 2279, 2302, 2347, 2363, 2437, 2492, 2593, 2824, 2889, 2962, 3033, 3267, 3325, 3383, 3643, 3834, 3853, 3857, 3956, 3967, 3976, 4037, 4159, 4349, 4444, 4488, 4624, 4654, 4922, 5132, 5306, 5355, 5568, 5668, 5701, 5824, 5826, 6105, 6408, 6436, 6595, 6665, 6740, 6862, 7105, 7191, 7328, 7367, 7442, 7793, 7822, 8121, 8235, 8326, 8479, 8589, 8630, 8693, 8735, 8813, 8866, 8910, 9053, 9250, 9348, 9620, 9697, 9884, 9917, 10517, 10528, 10827, 11099, 11270, 11280, 11385, 11405, 12043, 12099, 12101, 12107, 12680, 12689, 12762, 12772, 13065, 13673, 13814, 13826, 14329, 14526, 14549, 14998, 15086, 15473, 15613, 15737, 15773, 16018, 16104, 16134, 16167, 16403, 16435, 16714, 16780, 16833, 17200, 17259, 17503]",c2.cp.wikipathways__WP_BREAST_CANCER_PATHWAY
c2.cp.wikipathways,WP_OSTEOARTHRITIC_CHONDROCYTE_HYPERTROPHY,prerank,0.48195467436263106,1.571352685873603,0.008639308855291577,0.06572218244379735,0.991,16_46,16/46,18.66%,RELA;CEBPB;MAPK3;FGFR4;VEGFA;SOX9;FOSL2;FOSL1;JUND;COL2A1;JUN;NFKB1;FOS;NGF;STAT3;AKT1,RELA;CEBPB;MAPK3;FGFR4;VEGFA;SOX9;FOSL2;FOSL1;JUND;COL2A1;JUN;NFKB1;FOS;NGF;STAT3;AKT1;AKT2;FGFR3;FGFR1;COL1A1;LAMTOR1;SPP1;JUNB;RUNX2;PIK3CA;ACAN;RELB;FOSB;EPAS1;HIF1A;P4HTM;JAK2;NTRK1;DIO2;KDR;COL10A1;PRKCA;FGFR2;ARNT;MAPK1;COL3A1;DDR2;VHL;AKT3;IBSP;GANC,"[68, 311, 1114, 1389, 1439, 2005, 2063, 2188, 2470, 2752, 2824, 2835, 2889, 3051, 3143, 3267, 3956, 4371, 4624, 5109, 5458, 6253, 6511, 6841, 7105, 7193, 7492, 7855, 7864, 8234, 8508, 8889, 9253, 9847, 10163, 10785, 10873, 11001, 11989, 12772, 12899, 13390, 13393, 14998, 15643, 15671]",c2.cp.wikipathways__WP_OSTEOARTHRITIC_CHONDROCYTE_HYPERTROPHY
c2.cp.wikipathways,WP_TRANSCRIPTION_FACTOR_REGULATION_IN_ADIPOGENESIS,prerank,0.5728024635039046,1.5682062146273945,0.023305084745762712,0.06654001337028054,0.991,12_20,12/20,20.07%,CEBPB;CEBPD;RXRA;LPIN1;SLC2A4;TWIST1;IL6;IRS2;INSR;PPARG;FOXO1;TNF,CEBPB;CEBPD;RXRA;LPIN1;SLC2A4;TWIST1;IL6;IRS2;INSR;PPARG;FOXO1;TNF;CEBPA;IRS1;PCK2;CREB1;PPARGC1A;NR3C1;NRIP1;MAPK8,"[311, 569, 710, 1110, 1904, 1908, 2121, 2357, 3052, 3284, 3351, 3515, 5110, 5115, 8217, 10478, 11622, 14123, 14451, 16304]",c2.cp.wikipathways__WP_TRANSCRIPTION_FACTOR_REGULATION_IN_ADIPOGENESIS
c2.cp.wikipathways,WP_CAMKK2_PATHWAY,prerank,0.4197964448923421,1.5683016210101028,0.004149377593360996,0.066931775178871,0.991,40_104,40/104,22.83%,EPOR;RELA;TMEM176B;S100A8;HMOX1;GIT1;MAMDC2;WFS1;MAF;MAPK3;HDAC4;HK2;NFATC2;IRGC;CXCL11;PFKFB3;TSPAN33;ICAM1;SLC2A4;KEAP1;PLAC8;SELL;TRPV4;CRTC2;AQP1;ABCA1;GCK;NFE2L2;ULK1;SQSTM1;RAF1;SLC2A1;MID1;SLC38A5;TNF;RPS6;ATP10D;SLC25A21;NLRP1;SIRT1,EPOR;RELA;TMEM176B;S100A8;HMOX1;GIT1;MAMDC2;WFS1;MAF;MAPK3;HDAC4;HK2;NFATC2;IRGC;CXCL11;PFKFB3;TSPAN33;ICAM1;SLC2A4;KEAP1;PLAC8;SELL;TRPV4;CRTC2;AQP1;ABCA1;GCK;NFE2L2;ULK1;SQSTM1;RAF1;SLC2A1;MID1;SLC38A5;TNF;RPS6;ATP10D;SLC25A21;NLRP1;SIRT1;CCNE1;KLF1;IL15;SFI1;ERMAP;ASNS;ENHO;CDC25A;MX2;FAM20C;CCR9;ATP1B2;CCL5;RHD;CAMK1;GATM;RPTOR;STIM1;EP300;GALNT9;NEDD4L;CYB5R3;MAP1LC3A;SLCO3A1;PCK2;HIF1A;HFE;RPS6KB1;ARHGEF7;CDH1;HMBS;HK1;SREBF1;PARP1;CD28;FASN;SPINT1;KDR;CREB1;FIS1;SPIRE1;SMC1A;RAC1;VCAM1;MAP1LC3B;CHRM3;ACACA;MAPK1;CPOX;MTOR;OASL;CCND1;TSC1;PFKFB2;PAK1;CAMKK2;CALM1;TSPAN8;NOS1;RASGRP1;WDR35;DNM1L;CAMK4;IFI44L,"[45, 68, 626, 639, 693, 808, 955, 994, 1021, 1114, 1124, 1337, 1367, 1514, 1566, 1594, 1662, 1872, 1904, 1924, 1971, 2053, 2377, 2510, 2580, 2620, 2648, 2684, 2735, 2762, 3033, 3156, 3279, 3433, 3515, 3757, 3791, 3854, 3955, 3998, 4289, 4600, 4728, 4842, 4897, 4899, 4909, 5226, 5294, 5409, 5772, 6196, 6365, 6822, 6902, 6905, 7231, 7253, 7268, 7606, 7756, 8124, 8138, 8210, 8217, 8234, 8281, 8326, 8537, 8970, 9001, 9289, 9432, 9697, 9793, 9820, 10018, 10163, 10478, 10664, 11229, 11281, 11471, 11751, 11789, 11822, 11923, 12772, 12929, 13065, 13640, 13673, 14195, 14254, 14368, 14750, 14779, 14882, 15846, 16013, 16493, 16779, 16852, 16902]",c2.cp.wikipathways__WP_CAMKK2_PATHWAY
c2.cp.wikipathways,WP_GENE_REGULATORY_NETWORK_MODELING_SOMITOGENESIS,prerank,0.6815179458880438,1.564322121826886,0.030434782608695653,0.06727523824259199,0.994,5_10,5/10,19.32%,TBX6;HES7;DLL1;NOTCH1;HES1,TBX6;HES7;DLL1;NOTCH1;HES1;RIPPLY2;FGF8;LFNG;MESP2;EPHA4,"[236, 275, 2363, 2437, 3383, 4821, 5132, 5856, 9831, 10180]",c2.cp.wikipathways__WP_GENE_REGULATORY_NETWORK_MODELING_SOMITOGENESIS
c2.cp.wikipathways,WP_HAIR_FOLLICLE_DEVELOPMENT_ORGANOGENESIS_STAGE_2_OF_3,prerank,0.5191953952220842,1.5656442322633142,0.021929824561403508,0.06742960167786965,0.993,13_31,13/31,16.37%,GLI1;SMO;BMP4;MYC;LEF1;GLI2;LAMA5;EDA;FZD1;LRP5;SNAI1;NFKB1;TP63,GLI1;SMO;BMP4;MYC;LEF1;GLI2;LAMA5;EDA;FZD1;LRP5;SNAI1;NFKB1;TP63;GJB6;SHH;RUNX2;PDGFA;WNT5A;CDH1;PTCH1;NCAM1;PDGFRA;FGFR2;FGF1;ITGB1;EDAR;CCND2;CCND1;GTPBP4;CTNNB1;INHBA,"[369, 393, 730, 1232, 1377, 1477, 1680, 1963, 1987, 2090, 2526, 2835, 2867, 3788, 5805, 6841, 7604, 8910, 8970, 9019, 9574, 10418, 11001, 11280, 11311, 12495, 12887, 13673, 15763, 16018, 16208]",c2.cp.wikipathways__WP_HAIR_FOLLICLE_DEVELOPMENT_ORGANOGENESIS_STAGE_2_OF_3
c2.cp.wikipathways,WP_QUERCETIN_AND_NFKB_AP1_INDUCED_APOPTOSIS,prerank,0.6123744291283666,1.5645030686820665,0.037037037037037035,0.06759699650055861,0.994,10_15,10/15,16.50%,NFKBIA;ACOX2;VEGFA;KEAP1;IKBKB;MAFG;NFE2L2;JUN;NFKB1;FOS,NFKBIA;ACOX2;VEGFA;KEAP1;IKBKB;MAFG;NFE2L2;JUN;NFKB1;FOS;MAFK;MT-CO1;PTGS2;NOS1;CYP2A6,"[132, 1301, 1439, 1924, 2341, 2367, 2684, 2824, 2835, 2889, 5461, 7471, 11182, 15846, 16405]",c2.cp.wikipathways__WP_QUERCETIN_AND_NFKB_AP1_INDUCED_APOPTOSIS
c2.cp.wikipathways,WP_BLOOD_CLOTTING_CASCADE,prerank,0.6079426230814071,1.5601674637336476,0.04375,0.06905518688036877,0.994,4_17,4/17,5.87%,SERPINF2;KLK1;F10;KLKB1,SERPINF2;KLK1;F10;KLKB1;VWF;SERPINE1;F12;F11;PLAU;PLAT;F2;PLG;F5;F3;F8;SERPINB2;F7,"[96, 142, 770, 1027, 3112, 4011, 4449, 5199, 5250, 5897, 7524, 9981, 10833, 11051, 13595, 13879, 14816]",c2.cp.wikipathways__WP_BLOOD_CLOTTING_CASCADE
c2.cp.wikipathways,WP_TYPE_II_INTERFERON_SIGNALING,prerank,0.5097901168695607,1.5588329013666522,0.015904572564612324,0.06936055538760273,0.994,10_33,10/33,11.58%,IFNA2;IRF1;SOCS3;SPI1;IRF8;IFNGR2;CIITA;TAP1;ICAM1;CXCL9,IFNA2;IRF1;SOCS3;SPI1;IRF8;IFNGR2;CIITA;TAP1;ICAM1;CXCL9;IRF9;SOCS1;HLA-B;CXCL10;IRF2;OAS1;IL1B;ISG15;IFNGR1;GBP1;CYBB;PSMB9;IRF4;JAK2;JAK1;STAT2;PRKCD;EIF2AK2;NOS2;IFIT2;IFI6;PTPN11;STAT1,"[178, 538, 619, 942, 1129, 1147, 1218, 1758, 1872, 2028, 2767, 3430, 3617, 3676, 4161, 4410, 4629, 5552, 5613, 6521, 6563, 8284, 8729, 8889, 9271, 9534, 9580, 11535, 11576, 12848, 13124, 16007, 16938]",c2.cp.wikipathways__WP_TYPE_II_INTERFERON_SIGNALING
c2.cp.wikipathways,WP_COMPLEMENT_ACTIVATION,prerank,0.5811567376889556,1.5536675309519656,0.031315240083507306,0.07174393108481712,0.994,12_20,12/20,18.64%,CFD;C1QA;C1QC;CFB;C1QB;C3;C7;C4B;C4A;C2;C1R;C8G,CFD;C1QA;C1QC;CFB;C1QB;C3;C7;C4B;C4A;C2;C1R;C8G;C1S;C9;CFP;CD55;MASP1;C6;MASP2;C5,"[280, 479, 771, 981, 1031, 1102, 1107, 1395, 2614, 2744, 2808, 3265, 4215, 5937, 7041, 7474, 12028, 13010, 16068, 17107]",c2.cp.wikipathways__WP_COMPLEMENT_ACTIVATION
c2.cp.wikipathways,WP_MAJOR_RECEPTORS_TARGETED_BY_EPINEPHRINE_AND_NOREPINEPHRINE,prerank,0.6073942481594142,1.5476398250584307,0.03547671840354767,0.0742663618078358,0.995,7_16,7/16,17.18%,ADCY10;ADRA2C;ADRB2;ADRA2B;ADCY9;ADCY4;ADCY2,ADCY10;ADRA2C;ADRB2;ADRA2B;ADCY9;ADCY4;ADCY2;ADCY8;ADRB1;ADRA2A;ADCY6;ADCY7;ADCY3;ADCY5;ADRA1D;ADCY1,"[372, 831, 1595, 1646, 2127, 2248, 3009, 4754, 4776, 5932, 6958, 7067, 9021, 10986, 13269, 13767]",c2.cp.wikipathways__WP_MAJOR_RECEPTORS_TARGETED_BY_EPINEPHRINE_AND_NOREPINEPHRINE
c2.cp.wikipathways,WP_AMPLIFICATION_AND_EXPANSION_OF_ONCOGENIC_PATHWAYS_AS_METASTATIC_TRAITS,prerank,0.59913950113563,1.5461882650459662,0.0350109409190372,0.07466237539386468,0.995,6_17,6/17,13.92%,CXCR4;TCF7L1;LEF1;VEGFA;SRC;NOTCH1,CXCR4;TCF7L1;LEF1;VEGFA;SRC;NOTCH1;TCF7;TCF7L2;JAG1;CYTIP;PIK3CG;POSTN;EPAS1;WNT2;VCAM1;VHL;TNC,"[77, 230, 1377, 1439, 2278, 2437, 4349, 4922, 5281, 5717, 6453, 7719, 7864, 9348, 11751, 13393, 16400]",c2.cp.wikipathways__WP_AMPLIFICATION_AND_EXPANSION_OF_ONCOGENIC_PATHWAYS_AS_METASTATIC_TRAITS
c2.cp.wikipathways,WP_IL2_SIGNALING,prerank,0.4838879633168948,1.547669479126164,0.02702702702702703,0.07468578779696138,0.995,17_40,17/40,18.66%,IL2RG;SOCS3;LCK;FYN;MAPK3;MYC;BCL2;SYK;MAP2K2;CISH;JUN;FOS;RAF1;CBL;CRKL;STAT3;AKT1,IL2RG;SOCS3;LCK;FYN;MAPK3;MYC;BCL2;SYK;MAP2K2;CISH;JUN;FOS;RAF1;CBL;CRKL;STAT3;AKT1;RPS6;HRAS;STAT5A;SHC1;STAT5B;JAK3;MAP2K1;NMI;SOS1;PTK2B;RPS6KB2;FOXO3;RPS6KB1;JAK1;GAB2;MAPT;GRB2;MAPK1;CCND2;IL2RB;PIK3R1;PTPN11;STAT1,"[180, 619, 1019, 1046, 1114, 1232, 1238, 1267, 2104, 2714, 2824, 2889, 3033, 3071, 3142, 3143, 3267, 3757, 3976, 4109, 4654, 5095, 5207, 5701, 5763, 5826, 6883, 7191, 8003, 8326, 9271, 10756, 11206, 11405, 12772, 12887, 14160, 14526, 16007, 16938]",c2.cp.wikipathways__WP_IL2_SIGNALING
c2.cp.wikipathways,WP_4P163_COPY_NUMBER_VARIATION,prerank,0.5325367614908058,1.5448386182345735,0.0389344262295082,0.0749987716875975,0.995,10_27,10/27,17.54%,PLCG1;UBE2J2;TACC3;NELFA;MAPK3;NELFCD;FGF2;NELFB;POLN;CBL,PLCG1;UBE2J2;TACC3;NELFA;MAPK3;NELFCD;FGF2;NELFB;POLN;CBL;FGFR3;LETM1;SLBP;SOS1;BCS1L;GAB1;TMEM129;NAT8L;NELFE;CLTCL1;FAM53A;GRB2;MAPK1;ERI1;FRS2;PIK3R1;CKAP5,"[405, 426, 605, 652, 1114, 1939, 2211, 2632, 3025, 3071, 4371, 5077, 5569, 5826, 5886, 6503, 8074, 8743, 9248, 10041, 10261, 11405, 12772, 12902, 13783, 14526, 15322]",c2.cp.wikipathways__WP_4P163_COPY_NUMBER_VARIATION
c2.cp.wikipathways,WP_LTF_DANGER_SIGNAL_RESPONSE_PATHWAY,prerank,0.5896170677892708,1.5431874429871455,0.03765690376569038,0.07562245101241515,0.996,11_17,11/17,26.43%,TLR2;AGER;IL6;IRAK1;CD14;NFKB1;TREM1;TNF;TLR4;MYD88;IL1B,TLR2;AGER;IL6;IRAK1;CD14;NFKB1;TREM1;TNF;TLR4;MYD88;IL1B;LTF;IRAK4;IFNA1;TRAF6;IL1A;MAPK1,"[745, 759, 2121, 2376, 2611, 2835, 3333, 3515, 3516, 4132, 4629, 6558, 8568, 9040, 11998, 12614, 12772]",c2.cp.wikipathways__WP_LTF_DANGER_SIGNAL_RESPONSE_PATHWAY
c2.cp.wikipathways,WP_ALLOGRAFT_REJECTION,prerank,0.43270714089739937,1.5418923961059772,0.008146639511201629,0.0760126346914752,0.997,30_75,30/75,20.65%,CASP7;TGFB1;C1QA;C1QC;HLA-DRB1;C1QB;C3;C7;C4B;VEGFA;HLA-DRA;CXCL11;CD86;HLA-DMB;HLA-DPB1;HLA-DRB5;CD40;CXCL9;MICA;VIM;HLA-DMA;C4A;C2;HLA-DPA1;CD80;ABCB1;HLA-E;HLA-DQA1;TNF;HLA-B,CASP7;TGFB1;C1QA;C1QC;HLA-DRB1;C1QB;C3;C7;C4B;VEGFA;HLA-DRA;CXCL11;CD86;HLA-DMB;HLA-DPB1;HLA-DRB5;CD40;CXCL9;MICA;VIM;HLA-DMA;C4A;C2;HLA-DPA1;CD80;ABCB1;HLA-E;HLA-DQA1;TNF;HLA-B;CSNK2A2;HLA-DOA;HLA-F;AGTR1;IL1B;PRF1;COL5A1;BHMT2;CXCL13;HLA-C;HLA-DQB1;C9;CASP9;IL12B;IL10;HLA-A;GABPA;CD55;GNLY;IL13;IL4;HLA-G;GZMB;CTLA4;HLA-DQA2;FAS;TUBA1B;CD28;CASP8;PDGFRA;IL12A;LRRK2;GDNF;IL1A;CASP3;C6;PRKCZ;CXCL12;IL5;FOXP3;CCL19;HLA-DOB;STAT1;C5;PECR,"[112, 386, 479, 771, 784, 1031, 1102, 1107, 1395, 1439, 1505, 1566, 1574, 1587, 1615, 1667, 1795, 2028, 2136, 2436, 2494, 2614, 2744, 2875, 3114, 3190, 3356, 3372, 3515, 3617, 4037, 4041, 4126, 4464, 4629, 4709, 4715, 4954, 5314, 5482, 5810, 5937, 6429, 6713, 6941, 7039, 7297, 7474, 7939, 8159, 8442, 8447, 8826, 8921, 8932, 9493, 9644, 9793, 10378, 10418, 10432, 10661, 12063, 12614, 12945, 13010, 13086, 15207, 15390, 15494, 15722, 15856, 16938, 17107, 17174]",c2.cp.wikipathways__WP_ALLOGRAFT_REJECTION
c2.cp.wikipathways,WP_GASTRIN_SIGNALING,prerank,0.4093791106803304,1.540394953349098,0.004081632653061225,0.07647924032100531,0.997,39_110,39/110,20.58%,RELA;MEF2B;NFKBIA;PRKD2;PIK3R2;PLCG1;EIF4EBP1;PXN;HDAC7;GAST;ELK1;FYN;BCL2L1;MAPK3;MYC;ARRB2;VEGFA;CDKN1A;BIRC3;CRK;SRC;IKBKB;EGFR;BAD;PRKD1;RHOD;KLF4;JUN;NFKB1;FOS;RAF1;ANXA2;STAT3;AKT1;PPARG;FOXO1;YES1;BCAR1;CDKN2A,RELA;MEF2B;NFKBIA;PRKD2;PIK3R2;PLCG1;EIF4EBP1;PXN;HDAC7;GAST;ELK1;FYN;BCL2L1;MAPK3;MYC;ARRB2;VEGFA;CDKN1A;BIRC3;CRK;SRC;IKBKB;EGFR;BAD;PRKD1;RHOD;KLF4;JUN;NFKB1;FOS;RAF1;ANXA2;STAT3;AKT1;PPARG;FOXO1;YES1;BCAR1;CDKN2A;RPS6;CHGA;HRAS;SERPINE1;BIRC5;SP1;SHC1;IRS1;JAG1;ARHGEF28;MAP2K1;CD44;SOS1;BIRC2;PRKCH;ROCK1;PIK3R3;PIK3CA;MAPK14;MAP3K11;CDKN1B;RHOA;SLC9A1;FOXO3;ELAVL1;ATF2;RPS6KB1;RHOB;JAK2;CDH1;PRKACA;PRKCD;SLC9A3;TCF4;KAT5;CREB1;GNAQ;BMP2;PRKCA;PTGS2;ITGB1;GRB2;CCKBR;RAC1;CHUK;MEF2D;MEF2C;MAPK1;CLDN1;TJP1;CASP3;MTOR;PRKCE;CCND1;LAMTOR3;KRAS;SERPINB2;ARRB1;PAK1;PIK3R1;MAPK9;GSK3B;EGR1;KIT;PTPN11;CTNNB1;CDC42;PTK2;MAPK8;PRKCQ;HDC,"[68, 121, 132, 224, 350, 405, 455, 628, 678, 890, 973, 1046, 1087, 1114, 1232, 1250, 1439, 1714, 1994, 2270, 2278, 2341, 2347, 2388, 2628, 2653, 2806, 2824, 2835, 2889, 3033, 3075, 3143, 3267, 3284, 3351, 3392, 3512, 3605, 3757, 3971, 3976, 4011, 4324, 4488, 4654, 5115, 5281, 5371, 5701, 5731, 5826, 6219, 6300, 6585, 6862, 7105, 7304, 7357, 7452, 7817, 7867, 8003, 8106, 8136, 8326, 8719, 8889, 8970, 9427, 9580, 9703, 9842, 10458, 10478, 10758, 10854, 10873, 11182, 11311, 11405, 11437, 11471, 12017, 12103, 12683, 12772, 12800, 12926, 12945, 13065, 13636, 13673, 13718, 13814, 13879, 14181, 14368, 14526, 14702, 15613, 15627, 15737, 16007, 16018, 16108, 16229, 16304, 16535, 16771]",c2.cp.wikipathways__WP_GASTRIN_SIGNALING
c2.cp.wikipathways,WP_SENESCENCEASSOCIATED_SECRETORY_PHENOTYPE_SASP,prerank,0.4704240847966653,1.537952370433405,0.017278617710583154,0.0775575493253314,0.997,24_51,24/51,21.91%,RELA;ANAPC16;CEBPB;VENTX;EHMT1;CCNA2;CDKN2C;ANAPC11;MAPK3;UBE2C;CDK2;CDKN1A;IL6;CDC26;JUN;NFKB1;FOS;STAT3;UBA52;UBC;MAPK7;CDKN2A;RPS27A;CDKN2B,RELA;ANAPC16;CEBPB;VENTX;EHMT1;CCNA2;CDKN2C;ANAPC11;MAPK3;UBE2C;CDK2;CDKN1A;IL6;CDC26;JUN;NFKB1;FOS;STAT3;UBA52;UBC;MAPK7;CDKN2A;RPS27A;CDKN2B;UBB;RPS6KA1;FZR1;CDKN2D;ANAPC2;CDKN1B;CDK4;UBE2S;EHMT2;RPS6KA2;RPS6KA3;IGFBP7;CCNA1;CDK6;UBE2D1;CDC16;IL1A;MAPK1;ANAPC15;CDC23;ANAPC10;ANAPC5;UBE2E1;ANAPC4;ANAPC7;CDC27;ANAPC1,"[68, 265, 311, 422, 496, 799, 960, 1096, 1114, 1115, 1573, 1714, 2121, 2392, 2824, 2835, 2889, 3143, 3337, 3543, 3561, 3605, 3702, 3838, 4750, 5141, 5882, 6003, 6706, 7452, 7822, 8209, 8759, 9145, 9363, 10189, 10863, 11099, 11786, 12118, 12614, 12772, 12939, 14305, 14812, 15267, 15371, 15668, 16009, 16259, 17053]",c2.cp.wikipathways__WP_SENESCENCEASSOCIATED_SECRETORY_PHENOTYPE_SASP
c2.cp.wikipathways,WP_FERROPTOSIS,prerank,0.44166942470977133,1.5366490558875299,0.0064516129032258064,0.07781428785684519,0.997,17_63,17/63,14.52%,HSPB1;SLC3A2;AKR1C2;MAP1LC3C;HMOX1;SAT2;AKR1C1;POR;PCBP1;CP;CBS;SAT1;SLC1A5;AIFM2;ACSL5;AKR1C3;PHKG2,HSPB1;SLC3A2;AKR1C2;MAP1LC3C;HMOX1;SAT2;AKR1C1;POR;PCBP1;CP;CBS;SAT1;SLC1A5;AIFM2;ACSL5;AKR1C3;PHKG2;FTL;SLC39A14;GCH1;GPX4;SLC7A11;PCBP2;STEAP3;FDFT1;BACH1;CYBB;ALOX15;TXNRD1;FTH1;MAP1LC3A;SLC39A8;TP53;NOX1;ACSL1;VDAC2;VDAC3;GCLM;ATG5;LPCAT3;TFRC;CISD1;PRNP;SLC40A1;MAP1LC3B;ATG7;TF;COQ2;DPP4;ACSL3;HMGCR;ACSL6;NOX4;IREB2;CTH;NCOA4;GCLC;SLC38A1;CHMP5;GSS;SLC11A2;ACSL4;CHMP6,"[3, 40, 111, 380, 693, 728, 1043, 1133, 1366, 1606, 1781, 1858, 1927, 2207, 2243, 2427, 2542, 2914, 3796, 4221, 4303, 4658, 4719, 5142, 6284, 6464, 6563, 7159, 7174, 7737, 8138, 8529, 8693, 8800, 8884, 8987, 9165, 9357, 9626, 10009, 10105, 10119, 10924, 11015, 11789, 11948, 11964, 12821, 13510, 13614, 13646, 13889, 14437, 15123, 15409, 15564, 15915, 16010, 16055, 16076, 16501, 16680, 16711]",c2.cp.wikipathways__WP_FERROPTOSIS
c2.cp.wikipathways,WP_HALLMARK_OF_CANCER_SUSTAINING_PROLIFERATIVE_SIGNALING,prerank,0.4126800133111491,1.53487136594042,0.004301075268817204,0.07850131267759214,0.997,34_97,34/97,19.13%,EPHA2;RELA;NFKBIA;PDGFRB;IGF1R;FLT4;TCF3;PIK3CD;ELK1;PML;MAPK3;MYC;AKT1S1;LEF1;FGFR4;FLT1;CSF1R;CDKN1A;RETN;IL6R;LRP5;MAP2K2;IL6;SRC;IKBKB;EGFR;JUN;NFKB1;FOS;RAF1;INSR;STAT3;AKT1;FOXO1,EPHA2;RELA;NFKBIA;PDGFRB;IGF1R;FLT4;TCF3;PIK3CD;ELK1;PML;MAPK3;MYC;AKT1S1;LEF1;FGFR4;FLT1;CSF1R;CDKN1A;RETN;IL6R;LRP5;MAP2K2;IL6;SRC;IKBKB;EGFR;JUN;NFKB1;FOS;RAF1;INSR;STAT3;AKT1;FOXO1;PPARD;AXIN2;AKT2;HRAS;FGFR3;FGFR1;SHC1;NGFR;RARA;MLST8;JUP;MAP2K1;SOS1;KSR1;PIK3CG;TELO2;PIK3CA;ZBTB16;RPTOR;NTRK2;IKBKG;TEK;TSC2;NFKBIE;TP53;RHEB;PYGO1;JAK2;BCL9;RUNX1T1;NTRK1;SALL4;APC;KDR;PDGFRA;PTEN;FGFR2;GRB2;CHUK;TTI1;SOS2;FZD6;MAPK1;REL;MTOR;CCND1;PIK3CB;KRAS;LRP6;MET;DEPTOR;TSC1;WNT1;AKT3;MDM2;GSK3B;KIT;CSNK1A1;CTNNB1;PTK2;FLT3;ULK2;BRAF,"[39, 68, 132, 420, 486, 525, 734, 790, 973, 985, 1114, 1232, 1340, 1377, 1389, 1534, 1549, 1714, 1835, 2017, 2090, 2104, 2121, 2278, 2341, 2347, 2824, 2835, 2889, 3033, 3052, 3143, 3267, 3351, 3681, 3853, 3956, 3976, 4371, 4624, 4654, 4970, 5072, 5180, 5286, 5701, 5826, 6359, 6453, 6935, 7105, 7188, 7231, 7280, 7584, 7870, 7998, 8430, 8693, 8835, 8844, 8889, 8949, 9029, 9253, 9878, 9884, 10163, 10418, 10528, 11001, 11405, 12017, 12297, 12680, 12762, 12772, 12847, 13065, 13673, 13676, 13814, 13826, 13901, 13996, 14195, 14329, 14998, 15285, 15613, 15737, 15773, 16018, 16229, 17194, 17198, 17259]",c2.cp.wikipathways__WP_HALLMARK_OF_CANCER_SUSTAINING_PROLIFERATIVE_SIGNALING
c2.cp.wikipathways,WP_BIOSYNTHESIS_AND_REGENERATION_OF_TETRAHYDROBIOPTERIN_AND_CATABOLISM_OF_PHENYLALANINE,prerank,0.599943470777357,1.5314652118607,0.03571428571428571,0.07979088401388007,0.998,2_14,2/14,4.61%,SPR;AANAT,SPR;AANAT;DBH;GCH1;COMT;MAOA;QDPR;MAOB;TH;DHFR;PNMT;PAH;DNAJC12;PTS,"[15, 807, 2906, 4221, 4271, 4513, 4678, 4914, 5573, 5804, 6030, 10607, 11155, 13006]",c2.cp.wikipathways__WP_BIOSYNTHESIS_AND_REGENERATION_OF_TETRAHYDROBIOPTERIN_AND_CATABOLISM_OF_PHENYLALANINE
c2.cp.wikipathways,WP_PHOTODYNAMIC_THERAPYINDUCED_HIF1_SURVIVAL_SIGNALING,prerank,0.4945345636682926,1.5316934175157817,0.015659955257270694,0.08007721232333999,0.998,10_37,10/37,12.18%,ANGPT2;BID;SLC2A3;BCL2L1;VEGFA;MCL1;EGLN1;BAX;TGFB3;IGFBP1,ANGPT2;BID;SLC2A3;BCL2L1;VEGFA;MCL1;EGLN1;BAX;TGFB3;IGFBP1;BCL2A1;SLC2A1;PMAIP1;SERPINE1;BIRC5;SLC16A1;IGFBP2;PFKL;EDN1;PDHA1;PKM;IGFBP3;HIF1A;TP53;BAK1;HK1;LDHA;EPO;PGK1;ANGPT1;HIF1AN;PTGS2;NOS2;ARNT;BNIP3;TGFA;BNIP3L,"[198, 779, 833, 1087, 1439, 1483, 1719, 1799, 1861, 2133, 2841, 3156, 3544, 4011, 4324, 4611, 4812, 4981, 5566, 6459, 7001, 7570, 8234, 8693, 8735, 9289, 9549, 9692, 9922, 11065, 11067, 11182, 11576, 11989, 12352, 14919, 16159]",c2.cp.wikipathways__WP_PHOTODYNAMIC_THERAPYINDUCED_HIF1_SURVIVAL_SIGNALING
c2.cp.wikipathways,WP_LEPTININSULIN_SIGNALING_OVERLAP,prerank,0.5955104776538847,1.5287263821194337,0.04375,0.08074910987067062,0.999,7_15,7/15,19.59%,SOCS3;IRS2;SOCS2;INSR;STAT3;AKT1;SOCS1,SOCS3;IRS2;SOCS2;INSR;STAT3;AKT1;SOCS1;IRS1;DGKZ;LEPR;PIK3CG;PIK3R3;JAK2;PDPK1;IRS4,"[619, 2357, 2811, 3052, 3143, 3267, 3430, 5115, 5267, 5645, 6453, 6862, 8889, 10975, 11477]",c2.cp.wikipathways__WP_LEPTININSULIN_SIGNALING_OVERLAP
c2.cp.wikipathways,WP_LEUKOCYTEINTRINSIC_HIPPO_PATHWAY_FUNCTIONS,prerank,0.5026290211578781,1.5288080173046534,0.027837259100642397,0.08115060321137113,0.999,13_33,13/33,20.25%,TEAD2;FERMT3;TEAD4;RAB13;LATS2;FOXO4;YAP1;FOXO6;ITGAL;WWTR1;FOXO1;TEAD1;TEAD3,TEAD2;FERMT3;TEAD4;RAB13;LATS2;FOXO4;YAP1;FOXO6;ITGAL;WWTR1;FOXO1;TEAD1;TEAD3;MST1;MOB1A;RAP1A;NDRG1;MAPK14;RHOA;FOXO3;RASSF5;STK3;LPL;CD19;LATS1;STK38L;CCR7;PRDM1;SAV1;RAC1;KNSTRN;FOXP3;YWHAQ,"[314, 630, 785, 798, 1223, 1318, 2016, 2604, 2736, 2900, 3351, 3355, 3547, 4234, 4542, 5616, 6152, 7304, 7817, 8003, 8008, 8246, 8940, 9857, 9929, 9982, 10347, 10431, 11072, 11471, 14303, 15494, 16842]",c2.cp.wikipathways__WP_LEUKOCYTEINTRINSIC_HIPPO_PATHWAY_FUNCTIONS
c2.cp.wikipathways,WP_NOTCH1_REGULATION_OF_ENDOTHELIAL_CELL_CALCIFICATION,prerank,0.5738275329858245,1.525888122999755,0.035164835164835165,0.08213997146246284,0.999,6_17,6/17,13.92%,DLL4;VEGFA;SAT1;JAG2;DLL1;NOTCH1,DLL4;VEGFA;SAT1;JAG2;DLL1;NOTCH1;FGFR3;JAG1;PLAT;ITGA1;ALPL;MGP;LPAR1;DLL3;SOX6;GJA5;CALU,"[332, 1439, 1858, 2168, 2363, 2437, 4371, 5281, 5897, 7251, 7488, 8492, 8629, 9053, 9745, 14171, 15250]",c2.cp.wikipathways__WP_NOTCH1_REGULATION_OF_ENDOTHELIAL_CELL_CALCIFICATION
c2.cp.wikipathways,WP_FGFR3_SIGNALING_IN_CHONDROCYTE_PROLIFERATION_AND_TERMINAL_DIFFERENTIATION,prerank,0.5317807042308406,1.521534485332019,0.033707865168539325,0.08382169498915533,1.0,12_27,12/27,17.32%,IHH;PTH1R;BMP4;MAPK3;CDKN1A;SOX9;THRA;MAP2K2;MAPK11;SNAI1;MAPK12;RAF1,IHH;PTH1R;BMP4;MAPK3;CDKN1A;SOX9;THRA;MAP2K2;MAPK11;SNAI1;MAPK12;RAF1;NPR2;FGFR3;MAP2K1;RBL1;MAPK14;FGF18;MAPK13;ATG5;BMP2;FGF9;PPP2CA;MAPK1;CNP;PTHLH;STAT1,"[168, 218, 730, 1114, 1714, 2005, 2052, 2104, 2344, 2526, 2998, 3033, 4211, 4371, 5701, 5706, 7304, 8121, 8706, 9626, 10854, 12107, 12732, 12772, 14636, 14886, 16938]",c2.cp.wikipathways__WP_FGFR3_SIGNALING_IN_CHONDROCYTE_PROLIFERATION_AND_TERMINAL_DIFFERENTIATION
c2.cp.wikipathways,WP_MIR5093P_ALTERATION_OF_YAP1ECM_AXIS,prerank,0.5857381529886929,1.5217843420424584,0.03036876355748373,0.08414802781265372,1.0,7_17,7/17,20.25%,TEAD2;TEAD4;TWIST1;YAP1;TEAD1;BCAR1;TEAD3,TEAD2;TEAD4;TWIST1;YAP1;TEAD1;BCAR1;TEAD3;COL5A1;COL1A1;SNAI2;GPC6;PBX3;SPARC;EDNRA;FN1;THBS2;COL3A1,"[314, 785, 1908, 2016, 3355, 3512, 3547, 4715, 5109, 7384, 8867, 9195, 9277, 9524, 10662, 11701, 12899]",c2.cp.wikipathways__WP_MIR5093P_ALTERATION_OF_YAP1ECM_AXIS
c2.cp.wikipathways,WP_AMYOTROPHIC_LATERAL_SCLEROSIS_ALS,prerank,0.4945879085828563,1.5171628666803096,0.01511879049676026,0.0857275315478811,1.0,10_36,10/36,13.64%,TNFRSF1A;DAXX;CASP1;BID;BCL2L1;BCL2;GPX1;BAX;MAP2K2;BAD,TNFRSF1A;DAXX;CASP1;BID;BCL2L1;BCL2;GPX1;BAX;MAP2K2;BAD;SOD1;TNF;PPP3CC;MAP3K5;CCS;NEFH;CASP9;CST3;DERL1;MAPK14;MAP2K6;GRIA1;PRPH;TP53;TOMM40;CAT;NEFM;PPP3CA;SLC1A2;RAC1;PPP3CB;CASP3;APAF1;ALS2;RAB5A;NOS1,"[390, 554, 645, 779, 1087, 1238, 1260, 1799, 2104, 2388, 3398, 3515, 3642, 4419, 6095, 6181, 6429, 6578, 7080, 7304, 7672, 8002, 8531, 8693, 9825, 9839, 10277, 11156, 11209, 11471, 12602, 12945, 13773, 13929, 15603, 15846]",c2.cp.wikipathways__WP_AMYOTROPHIC_LATERAL_SCLEROSIS_ALS
c2.cp.wikipathways,WP_GLYCOLYSIS_AND_GLUCONEOGENESIS,prerank,0.47643355315550373,1.5173754278236273,0.01694915254237288,0.0860860764944654,1.0,14_40,14/40,18.02%,HK3;PCK1;SLC2A3;SLC2A5;PFKP;HK2;SLC2A4;PC;ALDOB;ENO1;ENO3;GCK;ALDOA;SLC2A1,HK3;PCK1;SLC2A3;SLC2A5;PFKP;HK2;SLC2A4;PC;ALDOB;ENO1;ENO3;GCK;ALDOA;SLC2A1;GAPDH;PFKL;GPI;PDHA1;PKM;TPI1;FBP1;LDHAL6B;LDHB;ENO2;PFKM;HK1;MDH2;LDHA;GOT2;PGK1;ALDOC;GOT1;PGAM1;MDH1;MPC2;MPC1;DLD;LDHC;PKLR;DLAT,"[200, 572, 833, 976, 1158, 1337, 1904, 1947, 2084, 2285, 2362, 2648, 2768, 3156, 4761, 4981, 5213, 6459, 7001, 7010, 7260, 7807, 7949, 8715, 8947, 9289, 9356, 9549, 9604, 9922, 10567, 10780, 11781, 12589, 13951, 15097, 15272, 15324, 15524, 15682]",c2.cp.wikipathways__WP_GLYCOLYSIS_AND_GLUCONEOGENESIS
c2.cp.wikipathways,WP_CILIOPATHIES,prerank,-0.4523303368161251,-1.81992338970579,0.0,0.09105185351905183,0.27,50_158,50/158,14.04%,SCLT1;ALMS1;AK7;IFT52;PLK4;TMEM231;SPATA7;IFT27;INTU;USP9X;DNAJB13;RSPH4A;TMEM138;CLUAP1;RSPH3;BBS4;HYDIN;PIK3R4;POC1B;DNAL1;EFHC1;WDR35;DNAI2;RPGRIP1;INVS;PKD2;BBIP1;DNAH6;DYNC2LI1;TRAF3IP1;RPGRIP1L;GALNT11;TTC21B;CEP41;IFT81;AHI1;ATXN10;PDE6D;DCDC2;BBS7;TMEM67;WDPCP;TTC8;BBS5;B9D1;CEP120;TMEM17;CNGA1;PIBF1;TCTN3,EVC2;SMO;UNC119;TMEM216;INPP5E;FLCN;KIF7;B9D2;IFT140;GLIS2;CCDC40;GLI2;SUFU;ZNF423;CEP19;TULP1;GLI3;IFT43;ANKS3;NME7;CCDC28B;DNAAF2;HYLS1;EVC;RAB23;ZIC2;ARL2BP;TAPT1;NEK9;DNAAF3;CCNO;IFT122;BBS2;XPNPEP3;TOPORS;NPHP1;CCDC103;ZMYND10;ARL3;GPR161;BBS9;ADCY6;TCTN2;IFT172;TMEM107;RAB28;OCRL;NPHP4;PKD1;GAS8;DNAH11;BBS1;ANKS6;RP2;POC1A;KIAA0753;BBS12;DNAAF1;CEP164;SDCCAG8;IFT57;TUB;OFD1;POMGNT1;TTBK2;RP1L1;DNAI1;MAK;CSPP1;DDX59;NEK8;PKD1L1;DRC1;CEP104;RSPH9;SPAG1;CEP290;FAM161A;NEK1;TMEM237;CNGB1;IQCB1;LCA5;TTLL5;CC2D2A;TRIM32;CENPF;MKKS;DYNC2H1;WDR19;MKS1;CCDC65;CEP78;LZTFL1;TCTN1;RSPH1;NPHP3;BBS10;PKHD1;IFT80;NME9;ARL13B;CCDC39;MCIDAS;C2CD3;KIAA0586;ARL6;NEK2;TCTN3;PIBF1;CNGA1;TMEM17;CEP120;B9D1;BBS5;TTC8;WDPCP;TMEM67;BBS7;DCDC2;PDE6D;ATXN10;AHI1;IFT81;CEP41;TTC21B;GALNT11;RPGRIP1L;TRAF3IP1;DYNC2LI1;DNAH6;BBIP1;PKD2;INVS;RPGRIP1;DNAI2;WDR35;EFHC1;DNAL1;POC1B;PIK3R4;HYDIN;BBS4;RSPH3;CLUAP1;TMEM138;RSPH4A;DNAJB13;USP9X;INTU;IFT27;SPATA7;TMEM231;PLK4;IFT52;AK7;ALMS1;SCLT1,"[90, 393, 413, 505, 557, 566, 644, 651, 797, 867, 1052, 1477, 1875, 1993, 2366, 2384, 2987, 3118, 3257, 3371, 3454, 3680, 4022, 4069, 4458, 4599, 4694, 5339, 5425, 5562, 5603, 5822, 5842, 5850, 5906, 6080, 6171, 6254, 6378, 6632, 6638, 6958, 6974, 7083, 7130, 7385, 7748, 7757, 7769, 7798, 7925, 7968, 8025, 8063, 8178, 8659, 8769, 8925, 9089, 9338, 9526, 9877, 10126, 10167, 10276, 10331, 10376, 10428, 10480, 10516, 10565, 10646, 10744, 10927, 11120, 11151, 11485, 11512, 11665, 11825, 11893, 11979, 12009, 12082, 12145, 12309, 12520, 12525, 12600, 12653, 12780, 12865, 12964, 13067, 13173, 13175, 13187, 13209, 13282, 13315, 13725, 13999, 14208, 14455, 14464, 14502, 14704, 14911, 15059, 15139, 15243, 15343, 15347, 15361, 15453, 15461, 15552, 15575, 15589, 15667, 15736, 15760, 15771, 15796, 15828, 16019, 16046, 16050, 16105, 16177, 16211, 16330, 16348, 16391, 16453, 16486, 16493, 16626, 16689, 16742, 16837, 16869, 16874, 16891, 16899, 16914, 16953, 16974, 17064, 17133, 17168, 17188, 17229, 17310, 17336, 17344, 17383, 17508]",c2.cp.wikipathways__WP_CILIOPATHIES
c2.cp.wikipathways,WP_ATOPIC_DERMATITIS_MECHANISM_AND_THERAPIES,prerank,0.5854363073783517,1.5073738353852137,0.045454545454545456,0.09178753613074297,1.0,8_17,8/17,17.95%,IL2RG;IL4R;TYK2;FCER1G;FCER1A;STAT6;OSMR;STAT3,IL2RG;IL4R;TYK2;FCER1G;FCER1A;STAT6;OSMR;STAT3;IL13RA1;IL1RL1;JAK3;IL13;IL4;TSLP;IL25;IL33;IL5,"[180, 462, 1122, 1513, 2001, 2644, 3035, 3143, 3851, 4810, 5207, 8159, 8442, 10214, 12112, 13145, 15390]",c2.cp.wikipathways__WP_ATOPIC_DERMATITIS_MECHANISM_AND_THERAPIES
c2.cp.wikipathways,WP_WNTBETACATENIN_SIGNALING_AND_ARTD_FAMILY_MEMBERS,prerank,0.5937403453873787,1.5055548093029811,0.04468085106382979,0.09256676458306415,1.0,7_15,7/15,15.43%,PLK1;AXIN1;DVL1;DVL2;PARP10;DVL3;TNK2,PLK1;AXIN1;DVL1;DVL2;PARP10;DVL3;TNK2;CUL1;RBX1;PARP1;APC;TNK1;SKP1;BTRC;CTNNB1,"[869, 877, 1089, 1798, 2093, 2492, 2702, 7681, 8474, 9697, 9884, 10129, 12689, 12697, 16018]",c2.cp.wikipathways__WP_WNTBETACATENIN_SIGNALING_AND_ARTD_FAMILY_MEMBERS
c2.cp.wikipathways,WP_ENVELOPE_PROTEINS_AND_THEIR_POTENTIAL_ROLES_IN_EDMD_PHYSIOPATHOLOGY,prerank,0.4630682599479066,1.5043982895018355,0.021141649048625793,0.09284122614145783,1.0,15_45,15/45,17.66%,ADCY10;TGFB1;PLEC;MAPK3;TGFB2;TGFB3;MAP2K2;ADCY9;BANF1;ADCY4;KIF5B;SMAD4;WWTR1;ADCY2;TMEM43,ADCY10;TGFB1;PLEC;MAPK3;TGFB2;TGFB3;MAP2K2;ADCY9;BANF1;ADCY4;KIF5B;SMAD4;WWTR1;ADCY2;TMEM43;HRAS;ADCY8;SRF;YY1AP1;MAP2K1;SOS1;SMAD3;SYNE2;SMAD2;SYNE3;CFL1;ADCY6;ADCY7;RHOA;EMD;TMPO;SYNE4;LBR;ADCY3;SUN1;ADCY5;GRB2;SOS2;MAPK1;MAP3K9;LEMD3;ADCY1;KRAS;SYNE1;NRAS,"[372, 386, 832, 1114, 1191, 1861, 2104, 2127, 2209, 2248, 2312, 2618, 2900, 3009, 3093, 3976, 4754, 5159, 5215, 5701, 5826, 5844, 5857, 6205, 6901, 6939, 6958, 7067, 7817, 8016, 8174, 8308, 8625, 9021, 10603, 10986, 11405, 12680, 12772, 13184, 13265, 13767, 13814, 16088, 16714]",c2.cp.wikipathways__WP_ENVELOPE_PROTEINS_AND_THEIR_POTENTIAL_ROLES_IN_EDMD_PHYSIOPATHOLOGY
c2.cp.wikipathways,WP_INHIBITION_OF_GNAQREGULATED_SIGNALING_IN_UVEAL_MELANOMA,prerank,0.48603722177424585,1.4997130729572294,0.04175365344467641,0.09540890208757097,1.0,8_33,8/33,7.13%,TEAD2;PIK3R2;PKN3;PLCB3;TEAD4;PIK3CD;LATS2;PKN1,TEAD2;PIK3R2;PKN3;PLCB3;TEAD4;PIK3CD;LATS2;PKN1;YAP1;PLCB2;AKT1;TEAD1;TEAD3;AKT2;MOB1A;PKN2;ROCK1;PIK3R3;PIK3CA;RHOA;TSC2;TRIO;LATS1;GNAQ;MAPK1;MTOR;PIK3CB;TSC1;PIK3R1;PLCB1;AKT3;PLCB4;PTK2,"[314, 350, 367, 441, 785, 790, 1223, 1248, 2016, 2865, 3267, 3355, 3547, 3956, 4542, 5765, 6585, 6862, 7105, 7817, 7998, 8219, 9929, 10758, 12772, 13065, 13676, 14195, 14526, 14865, 14998, 15159, 16229]",c2.cp.wikipathways__WP_INHIBITION_OF_GNAQREGULATED_SIGNALING_IN_UVEAL_MELANOMA
c2.cp.wikipathways,WP_DNA_DAMAGE_RESPONSE_ONLY_ATM_DEPENDENT,prerank,0.39359150495721934,1.4971194380108053,0.0064516129032258064,0.09666415346416724,1.0,40_107,40/107,22.70%,MLKL;NFKB2;CCND3;TCF7L1;PIK3R2;TGFB1;PIK3R5;BCL6;WNT6;RAC3;PIK3CD;AXIN1;DVL1;MYC;BCL2;FRAT1;LEF1;WNT5B;CDKN1A;DVL2;BAX;FOSL1;BAD;DVL3;ERBB2;SMAD4;JUN;NFKB1;RAC2;INSR;AKT1;WNT3;PMAIP1;CDKN2A;WNT4;BCL2L11;BBC3;WNT7A;AKT2;HRAS,MLKL;NFKB2;CCND3;TCF7L1;PIK3R2;TGFB1;PIK3R5;BCL6;WNT6;RAC3;PIK3CD;AXIN1;DVL1;MYC;BCL2;FRAT1;LEF1;WNT5B;CDKN1A;DVL2;BAX;FOSL1;BAD;DVL3;ERBB2;SMAD4;JUN;NFKB1;RAC2;INSR;AKT1;WNT3;PMAIP1;CDKN2A;WNT4;BCL2L11;BBC3;WNT7A;AKT2;HRAS;TCF7;SHC1;LDLR;TCF7L2;IRS1;PLAU;WNT10A;BIK;WNT7B;WNT16;SOS1;SMAD3;WNT11;PIK3CG;ABL1;MAP3K4;PIK3R3;MAP3K1;PIK3CA;CDKN1B;RHOA;FOXO3;PCK2;WNT10B;TP53;BAK1;WNT5A;WNT2;SOD2;MAP3K7;CAT;APC;MAPK10;PTEN;WNT2B;ATM;GRB2;RAC1;CCNG2;SCP2;PPP2R5C;PIK3C2B;SOS2;PIK3C2G;MAPK1;CCND2;PPP2R5E;RBL2;CCND1;PIK3CB;KRAS;HMGB1;WNT1;PIK3C2A;PIK3R1;MAPK9;AKT3;MDM2;GSK3B;CTNNB1;TP73;CDC42;MAPK8;PDK1;NRAS;PIK3R4;PIK3C3,"[36, 56, 223, 230, 350, 386, 466, 489, 579, 747, 790, 877, 1089, 1232, 1238, 1279, 1377, 1392, 1714, 1798, 1799, 2188, 2388, 2492, 2593, 2618, 2824, 2835, 2938, 3052, 3267, 3325, 3544, 3605, 3643, 3812, 3816, 3834, 3956, 3976, 4349, 4654, 4749, 4922, 5115, 5250, 5355, 5375, 5668, 5824, 5826, 5844, 6105, 6453, 6593, 6651, 6862, 7054, 7105, 7452, 7817, 8003, 8217, 8235, 8693, 8735, 8910, 9348, 9445, 9639, 9839, 9884, 10309, 10528, 10827, 11270, 11405, 11471, 11833, 12157, 12168, 12233, 12680, 12690, 12772, 12887, 12931, 13576, 13673, 13676, 13814, 14226, 14329, 14351, 14526, 14702, 14998, 15285, 15613, 16018, 16047, 16108, 16304, 16370, 16714, 16837, 17167]",c2.cp.wikipathways__WP_DNA_DAMAGE_RESPONSE_ONLY_ATM_DEPENDENT
c2.cp.wikipathways,WP_CORTICOTROPINRELEASING_HORMONE_SIGNALING,prerank,0.41245281341216966,1.494362272421984,0.012345679012345678,0.09804462677262532,1.0,22_84,22/84,12.78%,RELA;NFKBIA;NOS3;TGFB1;PLCG1;IL18;GNB2;HSP90AA1;TBX19;ECE1;ELK1;CYP21A2;MAPK3;RAPGEF3;BCL2;ARRB2;GJA1;TRIM28;GNB3;FOSL2;FOSL1;POMC,RELA;NFKBIA;NOS3;TGFB1;PLCG1;IL18;GNB2;HSP90AA1;TBX19;ECE1;ELK1;CYP21A2;MAPK3;RAPGEF3;BCL2;ARRB2;GJA1;TRIM28;GNB3;FOSL2;FOSL1;POMC;JUND;NFKB1;FOS;RAF1;AKT1;TLR4;GNAI2;MAP3K5;SP1;GNAS;GNAZ;CACNA1H;JUP;HSD3B1;MAP2K1;GNA11;CASP9;GRK6;HSD3B2;JUNB;NR4A2;GNAO1;MAPK14;RHOA;FOSB;PLCG2;CAMK2A;PRKCD;PARP1;TCF4;STAR;CREB1;CYP11A1;GNB5;NR4A1;GNAQ;PRKCA;ERN1;CRHR2;PRKAA2;ACACA;GNB1;CRHR1;KRT1;MAPK1;RAP1B;TFAP2A;CASP3;NCOA2;ARRB1;PRKCB;MAPK9;PRKCI;GSK3B;GNAI1;CTNNB1;PTK2;MAPK8;CRH;CRHBP;PRKCQ;BRAF,"[68, 132, 335, 386, 405, 662, 746, 876, 898, 972, 973, 1077, 1114, 1120, 1238, 1250, 1579, 1635, 2026, 2063, 2188, 2238, 2470, 2835, 2889, 3033, 3267, 3516, 3746, 4419, 4488, 4729, 4995, 5062, 5286, 5378, 5701, 5737, 6429, 6438, 6446, 6511, 6629, 6775, 7304, 7817, 7855, 7982, 8596, 9580, 9697, 9842, 10420, 10478, 10566, 10609, 10627, 10758, 10873, 10889, 11260, 11483, 11923, 12079, 12254, 12750, 12772, 12892, 12910, 12945, 13040, 14181, 14648, 14702, 15221, 15613, 15942, 16018, 16229, 16304, 16441, 16446, 16535, 17259]",c2.cp.wikipathways__WP_CORTICOTROPINRELEASING_HORMONE_SIGNALING
c2.cp.wikipathways,WP_PANCREATIC_ADENOCARCINOMA_PATHWAY,prerank,0.40729395755058095,1.4853505899139114,0.0041928721174004195,0.10383357609651386,1.0,33_87,33/87,18.75%,RELA;PIK3R2;TGFB1;RAC3;PIK3CD;RIPK4;PAK4;BCL2L1;MAPK3;TGFB2;ARHGEF6;VEGFA;GADD45B;GADD45G;CDKN1A;BAX;TGFB3;E2F2;MAP2K2;DDB2;IKBKB;EGFR;BAD;ERBB2;SMAD4;TGFBR2;NFKB1;RAC2;RAF1;STAT3;RALGDS;AKT1;RALBP1,RELA;PIK3R2;TGFB1;RAC3;PIK3CD;RIPK4;PAK4;BCL2L1;MAPK3;TGFB2;ARHGEF6;VEGFA;GADD45B;GADD45G;CDKN1A;BAX;TGFB3;E2F2;MAP2K2;DDB2;IKBKB;EGFR;BAD;ERBB2;SMAD4;TGFBR2;NFKB1;RAC2;RAF1;STAT3;RALGDS;AKT1;RALBP1;CDKN2A;AKT2;ARAF;EGF;TGFBR1;MAP2K1;SMAD3;SMAD2;CASP9;RAD51;GADD45A;PIK3R3;PIK3CA;RPS6KB2;PAK2;IKBKG;E2F1;RHOA;CDK4;RPS6KB1;RALA;BRCA2;TP53;BAK1;JAK1;PRKCD;RB1;MAPK10;PAK6;CDK6;RAC1;RALB;CHUK;MAPK1;MTOR;PEBP1;PLD1;CCND1;PIK3CB;TIAM1;KRAS;PAK1;PIK3R1;E2F3;MAPK9;TGFA;AKT3;POLK;DUSP6;CDC42;MAPK8;STAT1;PAK3;BRAF,"[68, 350, 386, 747, 790, 866, 912, 1087, 1114, 1191, 1428, 1439, 1626, 1669, 1714, 1799, 1861, 1883, 2104, 2302, 2341, 2347, 2388, 2593, 2618, 2773, 2835, 2938, 3033, 3143, 3266, 3267, 3283, 3605, 3956, 3967, 4444, 5624, 5701, 5844, 6205, 6429, 6595, 6740, 6862, 7105, 7191, 7446, 7584, 7793, 7817, 7822, 8326, 8587, 8630, 8693, 8735, 9271, 9580, 9620, 10309, 10408, 11099, 11471, 11557, 12017, 12772, 13065, 13259, 13456, 13673, 13676, 13688, 13814, 14368, 14526, 14549, 14702, 14919, 14998, 15086, 15916, 16108, 16304, 16938, 17241, 17259]",c2.cp.wikipathways__WP_PANCREATIC_ADENOCARCINOMA_PATHWAY
c2.cp.wikipathways,WP_NCRNAS_INVOLVED_IN_STAT3_SIGNALING_IN_HEPATOCELLULAR_CARCINOMA,prerank,0.6016418253557667,1.481782251479159,0.07407407407407407,0.1057264178514329,1.0,6_13,6/13,21.94%,RELA;IL6R;IL6;NFKB1;STAT3;IL11RA,RELA;IL6R;IL6;NFKB1;STAT3;IL11RA;JAK3;IL6ST;IL11;JAK2;JAK1;ZEB1;SOX4,"[68, 2017, 2121, 2835, 3143, 3842, 5207, 5448, 8041, 8889, 9271, 12675, 12801]",c2.cp.wikipathways__WP_NCRNAS_INVOLVED_IN_STAT3_SIGNALING_IN_HEPATOCELLULAR_CARCINOMA
c2.cp.wikipathways,WP_FAS_LIGAND_PATHWAY_AND_STRESS_INDUCTION_OF_HEAT_SHOCK_PROTEINS,prerank,0.4651073782937569,1.4730807713707814,0.04183266932270916,0.11198475907746742,1.0,11_41,11/41,16.22%,HSPB1;CASP7;MAPKAPK2;DAXX;BCL2;LMNB2;FADD;CASP6;JUN;ARHGDIB;ACTA1,HSPB1;CASP7;MAPKAPK2;DAXX;BCL2;LMNB2;FADD;CASP6;JUN;ARHGDIB;ACTA1;CASP10;TNF;RIPK2;DFFB;LMNA;MAPKAPK3;CASP9;MAP3K1;CFLAR;PAK2;DFFA;SPTAN1;MAP2K4;FAS;RB1;MAP3K7;PARP1;CASP8;LMNB1;CYCS;ACTB;IL1A;CASP3;ACTG1;APAF1;PAK1;NFX1;MAPK8;PRKDC;FAF1,"[3, 112, 344, 554, 1238, 1800, 2019, 2212, 2824, 2833, 2840, 3306, 3515, 4056, 5280, 5411, 5839, 6429, 7054, 7112, 7446, 7631, 8037, 8233, 9493, 9620, 9639, 9697, 10378, 10489, 11932, 12262, 12614, 12945, 13331, 13773, 14368, 14908, 16304, 16539, 16719]",c2.cp.wikipathways__WP_FAS_LIGAND_PATHWAY_AND_STRESS_INDUCTION_OF_HEAT_SHOCK_PROTEINS
c2.cp.wikipathways,WP_REGULATORY_CIRCUITS_OF_STAT3_SIGNALING,prerank,0.41838758250399577,1.4672611877867454,0.014314928425357873,0.11598536294795488,1.0,26_73,26/73,17.95%,IL2RG;PDGFRB;IL15RA;SOCS3;MAPK3;TYK2;IFNGR2;CSF3R;AKT1S1;CNTFR;IL10RB;TRIM28;IL27RA;CREBBP;IL6R;F2RL3;IL7R;CTF1;SRC;MAPK11;EGFR;IL10RA;MAPKAP1;MAPK12;OSMR;STAT3,IL2RG;PDGFRB;IL15RA;SOCS3;MAPK3;TYK2;IFNGR2;CSF3R;AKT1S1;CNTFR;IL10RB;TRIM28;IL27RA;CREBBP;IL6R;F2RL3;IL7R;CTF1;SRC;MAPK11;EGFR;IL10RA;MAPKAP1;MAPK12;OSMR;STAT3;MAPK7;IL11RA;PTPRC;IL21R;AGTR1;MAPK4;MLST8;JAK3;IL6ST;IFNGR1;IL20RA;IL20RB;LIFR;GHR;RPTOR;MAPK14;IL22RA1;F2R;CSF2RB;MAPK15;PIAS3;DUSP2;MAPK13;JAK2;JAK1;PTPRT;IFNAR2;MAPK10;PDGFRA;IFNLR1;IFNAR1;STMN1;RICTOR;MAPK1;MTOR;IL12RB2;IL5RA;DEPTOR;IL2RB;PRKCB;MAPK9;SETD7;F2RL2;MAPK8;MPL;MAPK6;PTPRD,"[180, 420, 491, 619, 1114, 1122, 1147, 1164, 1340, 1386, 1462, 1635, 1657, 1980, 2017, 2216, 2230, 2253, 2278, 2344, 2347, 2448, 2995, 2998, 3035, 3143, 3561, 3842, 3989, 3990, 4464, 4801, 5180, 5207, 5448, 5613, 5945, 6035, 6831, 7202, 7231, 7304, 7668, 7751, 7860, 7962, 8362, 8364, 8706, 8889, 9271, 9417, 9792, 10309, 10418, 10462, 10611, 12454, 12747, 12772, 13065, 13865, 13885, 13996, 14160, 14648, 14702, 15890, 16081, 16304, 16653, 16768, 16923]",c2.cp.wikipathways__WP_REGULATORY_CIRCUITS_OF_STAT3_SIGNALING
c2.cp.wikipathways,WP_PATHOGENIC_ESCHERICHIA_COLI_INFECTION,prerank,0.43420759508125883,1.465077279405874,0.02666666666666667,0.11612758308911379,1.0,11_54,11/54,7.59%,TLR5;HCLS1;EZR;ARPC1B;KRT18;TUBAL3;FYN;WAS;LY96;TUBA1C;NCK2,TLR5;HCLS1;EZR;ARPC1B;KRT18;TUBAL3;FYN;WAS;LY96;TUBA1C;NCK2;TUBB6;CD14;OCLN;TLR4;TUBB8;TUBB4B;TUBA8;ARPC4;TUBB;CTTN;TUBA3D;NCK1;TUBA3E;ARPC1A;ROCK1;ABL1;ARPC5L;RHOA;TUBA4A;CDH1;ARPC3;TUBB2B;TUBA1B;TUBB2A;WASL;PRKCA;ARPC5;ITGB1;TUBB3;TUBB1;ROCK2;ACTB;CLDN1;ARPC2;ACTG1;TUBB4A;YWHAZ;NCL;ARHGEF2;CTNNB1;CDC42;YWHAQ;TUBA1A,"[95, 286, 507, 654, 674, 709, 1046, 1067, 1117, 1307, 1329, 1877, 2611, 3491, 3516, 3819, 4115, 5069, 5513, 5726, 5769, 5836, 6129, 6422, 6488, 6585, 6593, 7211, 7817, 8024, 8970, 9308, 9546, 9644, 9904, 10524, 10873, 10877, 11311, 11364, 11787, 12203, 12262, 12800, 13091, 13331, 13545, 14665, 14777, 14851, 16018, 16108, 16842, 17082]",c2.cp.wikipathways__WP_PATHOGENIC_ESCHERICHIA_COLI_INFECTION
c2.cp.wikipathways,WP_WNT_SIGNALING_AND_PLURIPOTENCY,prerank,0.3978631946742438,1.465267174128436,0.017204301075268817,0.11656219158742594,1.0,26_96,26/96,16.13%,FZD9;CCND3;FZD8;TCF7L1;WNT6;FZD2;AXIN1;DVL1;PPP2R1B;MYC;FRAT1;CTBP2;FZD4;LEF1;WNT5B;CTBP1;SOX2;DVL2;CREBBP;FZD1;LRP5;FOSL1;DVL3;PRKD1;POU5F1;JUN,FZD9;CCND3;FZD8;TCF7L1;WNT6;FZD2;AXIN1;DVL1;PPP2R1B;MYC;FRAT1;CTBP2;FZD4;LEF1;WNT5B;CTBP1;SOX2;DVL2;CREBBP;FZD1;LRP5;FOSL1;DVL3;PRKD1;POU5F1;JUN;WNT3;WNT4;PPARD;WNT7A;AXIN2;TCF7;LDLR;TCF7L2;CSNK1E;PLAU;WNT10A;FZD5;WNT7B;CD44;WNT16;PPP2CB;WNT9B;WNT11;PRKCH;PPP2R1A;ZBTB33;EP300;ESRRB;FZD10;FZD7;RHOA;MAP2K4;WNT10B;TP53;NKD2;WNT5A;PPM1J;NKD1;WNT2;PRKCD;RACGAP1;PRKCG;MAP3K7;CTNND1;APC;MAPK10;LRRK2;WNT2B;PRKCA;PPP2R2A;FZD3;PPP2R5C;PPP2CA;FZD6;CCND2;PPP2R5E;PRKCZ;NLK;PRKCE;CCND1;LRP6;PPP2R3A;NFYA;NANOG;WNT1;PPP2R2C;PRKCB;MAPK9;PRKCI;GSK3B;CTNNB1;PPP2R2B;PAFAH1B1;PRKCQ;FBXW2,"[83, 223, 225, 230, 579, 841, 877, 1089, 1140, 1232, 1279, 1322, 1368, 1377, 1392, 1410, 1488, 1798, 1980, 1987, 2090, 2188, 2492, 2628, 2795, 2824, 3325, 3643, 3681, 3834, 3853, 4349, 4749, 4922, 5083, 5250, 5355, 5568, 5668, 5731, 5824, 5975, 6089, 6105, 6300, 6695, 6927, 7268, 7362, 7367, 7442, 7817, 8233, 8235, 8693, 8721, 8910, 8964, 9067, 9348, 9580, 9612, 9622, 9639, 9769, 9884, 10309, 10661, 10827, 10873, 11670, 12043, 12168, 12732, 12762, 12887, 12931, 13086, 13369, 13636, 13673, 13826, 13962, 14044, 14064, 14329, 14523, 14648, 14702, 15221, 15613, 16018, 16160, 16518, 16535, 17196]",c2.cp.wikipathways__WP_WNT_SIGNALING_AND_PLURIPOTENCY
c2.cp.wikipathways,WP_NEUROINFLAMMATION,prerank,0.5920644840166454,1.463116831605584,0.05321507760532151,0.1170492249073624,1.0,2_13,2/13,0.76%,RELA;NFKBIA,RELA;NFKBIA;JUN;FOS;TLR4;MAPK14;MT-CO1;MT-CO2;ASCC1;NOS2;CHUK;MTOR;MAPK8,"[68, 132, 2824, 2889, 3516, 7304, 7471, 7791, 8883, 11576, 12017, 13065, 16304]",c2.cp.wikipathways__WP_NEUROINFLAMMATION
c2.cp.wikipathways,WP_RAC1PAK1P38MMP2_PATHWAY,prerank,0.42271506109171086,1.4653347163803068,0.016877637130801686,0.11709647089316673,1.0,26_68,26/68,19.13%,RELA;CASP7;TNIP2;NFKBIA;ANGPT2;EIF4EBP1;PXN;DOK2;MAPK3;MYC;TNIP1;BAX;YAP1;CRK;SRC;IKBKB;MAPK11;EGFR;BAD;TIE1;ERBB2;NFKB1;MAPK12;STAT3;AKT1;FOXO1,RELA;CASP7;TNIP2;NFKBIA;ANGPT2;EIF4EBP1;PXN;DOK2;MAPK3;MYC;TNIP1;BAX;YAP1;CRK;SRC;IKBKB;MAPK11;EGFR;BAD;TIE1;ERBB2;NFKB1;MAPK12;STAT3;AKT1;FOXO1;HRAS;STAT5A;BIRC5;STAT5B;SOS1;NCK1;CASP9;RAD51;PIK3CA;RS1;MAPK14;IKBKG;GRB14;TEK;ANGPT4;TP53;MAPK13;ANGPTL1;FN1;GRB7;ANGPT1;ITGB1;GRB2;RAC1;NOS2;MMP2;CHUK;STMN1;MAPK1;KRAS;TNIP3;PAK1;PIK3R1;MAPK9;NOS1;PTPN11;CTNNB1;PTK2;MAPK8;RASA1;NRAS;MSH2,"[68, 112, 127, 132, 198, 455, 628, 821, 1114, 1232, 1584, 1799, 2016, 2270, 2278, 2341, 2344, 2347, 2388, 2491, 2593, 2835, 2998, 3143, 3267, 3351, 3976, 4109, 4324, 5095, 5826, 6129, 6429, 6595, 7105, 7212, 7304, 7584, 7810, 7870, 7876, 8693, 8706, 10451, 10662, 10752, 11065, 11311, 11405, 11471, 11576, 11784, 12017, 12454, 12772, 13814, 14330, 14368, 14526, 14702, 15846, 16007, 16018, 16229, 16304, 16602, 16714, 17502]",c2.cp.wikipathways__WP_RAC1PAK1P38MMP2_PATHWAY
c2.cp.wikipathways,WP_FAMILIAL_PARTIAL_LIPODYSTROPHY,prerank,0.49145539825893014,1.46136020220986,0.0397489539748954,0.11793050417726689,1.0,15_29,15/29,29.18%,PNPLA2;KLF2;PPARA;GATA2;LMNB2;BANF1;GATA3;ZMPSTE24;PPARG;KLF5;AKT2;PRRX1;PLIN1;STAT5B;CEBPA,PNPLA2;KLF2;PPARA;GATA2;LMNB2;BANF1;GATA3;ZMPSTE24;PPARG;KLF5;AKT2;PRRX1;PLIN1;STAT5B;CEBPA;LMNA;CIDEA;CIDEC;MGLL;PIK3CA;FABP4;LPL;SREBF1;LIPE;LMNB1;ICMT;FNTA;KLF9;MAPK9,"[241, 1446, 1634, 1766, 1800, 2209, 2530, 2844, 3284, 3478, 3956, 4314, 4945, 5095, 5110, 5411, 5679, 6881, 7099, 7105, 8786, 8940, 9432, 9728, 10489, 10939, 12538, 13485, 14702]",c2.cp.wikipathways__WP_FAMILIAL_PARTIAL_LIPODYSTROPHY
c2.cp.wikipathways,WP_WNT_SIGNALING_IN_KIDNEY_DISEASE,prerank,0.4807377844352841,1.4594550642660695,0.03164556962025317,0.1182350038731714,1.0,11_35,11/35,14.23%,FZD9;FZD8;WNT6;FZD2;DVL1;FZD4;WNT5B;DVL2;FZD1;LRP5;DVL3,FZD9;FZD8;WNT6;FZD2;DVL1;FZD4;WNT5B;DVL2;FZD1;LRP5;DVL3;WNT3;WNT4;WNT7A;WNT10A;FZD5;WNT7B;WNT16;WNT9B;WNT11;FZD7;RHOA;WNT10B;WNT5A;WNT2;MAPK10;WNT2B;FZD3;FZD6;LRP6;WNT1;MAPK9;CTNNB1;MAPK8;INVS,"[83, 225, 579, 841, 1089, 1368, 1392, 1798, 1987, 2090, 2492, 3325, 3643, 3834, 5355, 5568, 5668, 5824, 6089, 6105, 7442, 7817, 8235, 8910, 9348, 10309, 10827, 12043, 12762, 13826, 14329, 14702, 16018, 16304, 16391]",c2.cp.wikipathways__WP_WNT_SIGNALING_IN_KIDNEY_DISEASE
c2.cp.wikipathways,WP_HEART_DEVELOPMENT,prerank,0.46876771772255604,1.457624276091647,0.03549060542797495,0.11851826006894976,1.0,12_34,12/34,17.47%,NFATC4;BMP4;FOXC1;NFATC2;VEGFA;VEGFB;TBX2;NFATC1;TBX1;NOTCH1;SMAD4;FOXC2,NFATC4;BMP4;FOXC1;NFATC2;VEGFA;VEGFB;TBX2;NFATC1;TBX1;NOTCH1;SMAD4;FOXC2;FOXH1;SMYD1;BHLHE40;TBX5;FGF8;SRF;HEY2;SHH;BMPR1A;VEGFC;SMAD1;NFATC3;HEY1;ERBB3;BMPR2;BMP2;FGF10;MEF2C;MAPK1;GATA6;PTPN11;CTNNB1,"[262, 730, 1187, 1367, 1439, 1509, 1641, 1675, 2277, 2437, 2618, 3060, 4521, 4638, 4717, 4864, 5132, 5159, 5306, 5805, 6579, 6620, 7143, 7891, 8866, 9861, 10005, 10854, 12099, 12683, 12772, 15710, 16007, 16018]",c2.cp.wikipathways__WP_HEART_DEVELOPMENT
c2.cp.wikipathways,WP_NCRNAS_IN_WNT_SIGNALING_IN_HEPATOCELLULAR_CARCINOMA,prerank,0.4064690358607038,1.4584070678108993,0.01935483870967742,0.11852286330594586,1.0,25_84,25/84,16.91%,FZD9;CCND3;FZD8;TCF7L1;FRAT2;WNT6;FZD2;AXIN1;DVL1;MYC;FRAT1;CTBP2;LEF1;WNT5B;CTBP1;DVL2;FZD1;LRP5;SOX7;FOSL1;DVL3;SFRP2;KLF4;JUN;CSNK2B,FZD9;CCND3;FZD8;TCF7L1;FRAT2;WNT6;FZD2;AXIN1;DVL1;MYC;FRAT1;CTBP2;LEF1;WNT5B;CTBP1;DVL2;FZD1;LRP5;SOX7;FOSL1;DVL3;SFRP2;KLF4;JUN;CSNK2B;NOTUM;WNT3;WNT4;CXXC4;WNT7A;CSNK2A2;TCF7;DKK1;TCF7L2;CSNK1E;DKK4;PLAU;WNT10A;FZD5;WNT7B;WNT16;WNT11;SERPINF1;SFRP5;KREMEN1;FZD10;FZD7;SOX17;ROR2;PORCN;ELAVL1;WNT10B;RYK;CSNK1A1L;NKD2;WNT5A;NKD1;WNT2;EZH2;APC;WIF1;WNT2B;FZD3;FZD6;CCND2;DKK2;CTNNBIP1;NLK;SENP2;CCND1;ROR1;LRP6;CHD8;WNT1;SFRP1;MTDH;GSK3B;CSNK1A1;SOST;CTNNB1;CSNK2A3;CER1;SFRP4;CSNK2A1,"[83, 223, 225, 230, 388, 579, 841, 877, 1089, 1232, 1279, 1322, 1377, 1392, 1410, 1798, 1987, 2090, 2124, 2188, 2492, 2606, 2806, 2824, 2962, 3232, 3325, 3643, 3747, 3834, 4037, 4349, 4704, 4922, 5083, 5202, 5250, 5355, 5568, 5668, 5824, 6105, 6444, 7249, 7308, 7367, 7442, 7508, 7746, 7857, 8106, 8235, 8260, 8589, 8721, 8910, 9067, 9348, 9837, 9884, 10133, 10827, 12043, 12762, 12887, 12906, 13367, 13369, 13554, 13673, 13726, 13826, 14047, 14329, 15127, 15416, 15613, 15773, 15844, 16018, 16104, 16300, 16403, 16833]",c2.cp.wikipathways__WP_NCRNAS_IN_WNT_SIGNALING_IN_HEPATOCELLULAR_CARCINOMA
c2.cp.wikipathways,WP_PURINE_METABOLISM,prerank,0.6336890542655056,1.4565699818423679,0.07252747252747253,0.1187791556650854,1.0,2_10,2/10,2.48%,PNP;IMPDH1,PNP;IMPDH1;DGUOK;ADA;ATIC;ITPA;APRT;HPRT1;ADSL;PRPS1,"[271, 434, 5189, 6139, 9278, 9657, 9799, 11035, 13172, 14725]",c2.cp.wikipathways__WP_PURINE_METABOLISM
c2.cp.wikipathways,WP_PHOTODYNAMIC_THERAPYINDUCED_NFE2L2_NRF2_SURVIVAL_SIGNALING,prerank,0.5154773314504407,1.459502751308343,0.05580357142857143,0.11878749849576234,1.0,12_23,12/23,19.61%,HMOX1;EPHX1;ABCC2;GSTP1;KEAP1;MAPK11;NQO1;NFE2L2;JUN;FOS;MAPK12;CES1,HMOX1;EPHX1;ABCC2;GSTP1;KEAP1;MAPK11;NQO1;NFE2L2;JUN;FOS;MAPK12;CES1;ABCC3;ABCC4;NQO2;MAPK14;ABCC6;MAPK13;GCLM;ABCG2;SRXN1;GCLC;MAPK8,"[693, 819, 1475, 1811, 1924, 2344, 2676, 2684, 2824, 2889, 2998, 3434, 4275, 4382, 4673, 7304, 7661, 8706, 9357, 10849, 12938, 15915, 16304]",c2.cp.wikipathways__WP_PHOTODYNAMIC_THERAPYINDUCED_NFE2L2_NRF2_SURVIVAL_SIGNALING
c2.cp.wikipathways,WP_TYPE_2_PAPILLARY_RENAL_CELL_CARCINOMA,prerank,0.48067820085706914,1.4554824619509736,0.04121475054229935,0.11890920023195659,1.0,12_32,12/32,13.47%,TGFB1;TGFB2;VEGFA;CDKN1A;EGLN1;DVL2;COL21A1;TGFB3;CREBBP;CTSK;EGLN2;TFE3,TGFB1;TGFB2;VEGFA;CDKN1A;EGLN1;DVL2;COL21A1;TGFB3;CREBBP;CTSK;EGLN2;TFE3;SLC2A1;BIRC7;TFEB;DIAPH1;PRCC;EGLN3;PDGFB;EP300;EPAS1;HIF1A;RBX1;SETD2;ARNT;CADM2;FH;ARNT2;VHL;CUL2;TGFA;SFPQ,"[386, 1191, 1439, 1714, 1719, 1798, 1855, 1861, 1980, 2008, 2317, 2359, 3156, 4089, 4229, 5025, 5394, 5778, 6544, 7268, 7864, 8234, 8474, 9665, 11989, 12503, 12562, 13340, 13393, 14541, 14919, 17028]",c2.cp.wikipathways__WP_TYPE_2_PAPILLARY_RENAL_CELL_CARCINOMA
c2.cp.wikipathways,WP_HOSTPATHOGEN_INTERACTION_OF_HUMAN_CORONAVIRUSES_INTERFERON_INDUCTION,prerank,0.4818079240585188,1.4534535873429673,0.029787234042553193,0.11993176227220084,1.0,12_32,12/32,18.06%,NFKBIA;IRF3;TYK2;TICAM1;IKBKB;RIPK1;IRF9;JUN;NFKB1;TLR7;FOS;IKBKE,NFKBIA;IRF3;TYK2;TICAM1;IKBKB;RIPK1;IRF9;JUN;NFKB1;TLR7;FOS;IKBKE;MYD88;OAS1;IFIH1;MAPK14;IKBKG;TRAF3;JAK1;STAT2;MAP3K7;IFNAR2;OAS3;IFNAR1;OAS2;MAVS;EIF2AK2;TRAF6;CHUK;TBK1;MAPK8;STAT1,"[132, 315, 1122, 1184, 2341, 2701, 2767, 2824, 2835, 2886, 2889, 3163, 4132, 4410, 6949, 7304, 7584, 7749, 9271, 9534, 9639, 9792, 9872, 10611, 11058, 11317, 11535, 11998, 12017, 12506, 16304, 16938]",c2.cp.wikipathways__WP_HOSTPATHOGEN_INTERACTION_OF_HUMAN_CORONAVIRUSES_INTERFERON_INDUCTION
c2.cp.wikipathways,WP_GENES_ASSOCIATED_WITH_THE_DEVELOPMENT_OF_RHEUMATOID_ARTHRITIS,prerank,0.5655897792233398,1.4495999498318013,0.05725971370143149,0.12237206879205792,1.0,5_17,5/17,10.25%,HLA-DRB1;IRF5;CIITA;PHF19;CD40,HLA-DRB1;IRF5;CIITA;PHF19;CD40;IL6ST;TRAF1;CD244;CTLA4;FCRL3;ITGAV;PADI4;PTPN22;STAT4;SLC22A4;BLK;CCR6,"[784, 1040, 1218, 1538, 1795, 5448, 5590, 7718, 8921, 9205, 9460, 10245, 11540, 11706, 13349, 13357, 13588]",c2.cp.wikipathways__WP_GENES_ASSOCIATED_WITH_THE_DEVELOPMENT_OF_RHEUMATOID_ARTHRITIS
c2.cp.wikipathways,WP_TUMOR_SUPPRESSOR_ACTIVITY_OF_SMARCB1,prerank,0.490723621128172,1.4463472517168714,0.0660377358490566,0.12461782445579657,1.0,14_29,14/29,22.58%,GLI1;SMO;SMARCD3;GLI2;DPF1;GLI4;GLI3;SMARCB1;EED;SMARCD2;CDKN2A;SMARCC1;ACTL6A;DPF2,GLI1;SMO;SMARCD3;GLI2;DPF1;GLI4;GLI3;SMARCB1;EED;SMARCD2;CDKN2A;SMARCC1;ACTL6A;DPF2;ACTL6B;ARID1A;CDK4;SMARCD1;SMARCC2;PTCH1;RB1;EZH2;CDK6;ARID1B;DPF3;SMARCA4;SMARCE1;SUZ12;RBBP4,"[369, 393, 545, 1477, 1679, 2476, 2987, 3041, 3207, 3528, 3605, 3733, 3778, 3954, 5154, 6058, 7822, 8135, 8662, 9019, 9620, 9837, 11099, 11220, 11927, 12442, 13147, 13872, 17106]",c2.cp.wikipathways__WP_TUMOR_SUPPRESSOR_ACTIVITY_OF_SMARCB1
c2.cp.wikipathways,WP_JAKSTAT_SIGNALING_IN_THE_REGULATION_OF_BETA_CELLS,prerank,0.4782154453904666,1.4441307265808947,0.04112554112554113,0.12525817629910876,1.0,16_31,16/31,23.46%,EPOR;CCND3;SOCS3;FOXM1;IFNGR2;AKT1S1;IL6R;IL6;CISH;SOCS2;STAT3;AKT1;SOCS1;AKT2;HRAS;STAT5A,EPOR;CCND3;SOCS3;FOXM1;IFNGR2;AKT1S1;IL6R;IL6;CISH;SOCS2;STAT3;AKT1;SOCS1;AKT2;HRAS;STAT5A;STAT5B;MLST8;IFNGR1;GHR;RPTOR;CDK4;JAK2;EPO;PRLR;CCND2;MTOR;KRAS;AKT3;NRAS;STAT1,"[45, 223, 619, 1135, 1147, 1340, 2017, 2121, 2714, 2811, 3143, 3267, 3430, 3956, 3976, 4109, 5095, 5180, 5613, 7202, 7231, 7822, 8889, 9692, 12867, 12887, 13065, 13814, 14998, 16714, 16938]",c2.cp.wikipathways__WP_JAKSTAT_SIGNALING_IN_THE_REGULATION_OF_BETA_CELLS
c2.cp.wikipathways,WP_BIOMARKERS_FOR_UREA_CYCLE_DISORDERS,prerank,0.6014286880552522,1.4443330605952922,0.06263498920086392,0.12568722994153073,1.0,4_12,4/12,12.39%,NAGS;F10;ARG1;GPT,NAGS;F10;ARG1;GPT;ASS1;GATM;GLS2;GAMT;GOT1;ASL;OTC;F7,"[250, 770, 2020, 2170, 5245, 6905, 8917, 9819, 10780, 11228, 12240, 14816]",c2.cp.wikipathways__WP_BIOMARKERS_FOR_UREA_CYCLE_DISORDERS
c2.cp.wikipathways,WP_TYPE_I_INTERFERON_INDUCTION_AND_SIGNALING_DURING_SARSCOV2_INFECTION,prerank,0.49052814794721916,1.43902350382644,0.0407725321888412,0.12796129006326637,1.0,13_29,13/29,25.18%,IRF7;IRF3;TLR2;TYK2;TLR9;TMPRSS2;IRF9;TLR7;IKBKE;TLR4;TLR6;MYD88;OAS1,IRF7;IRF3;TLR2;TYK2;TLR9;TMPRSS2;IRF9;TLR7;IKBKE;TLR4;TLR6;MYD88;OAS1;IFIH1;TRAF3;IRAK4;JAK1;TLR3;STAT2;IFNAR2;OAS3;IFNAR1;OAS2;MAVS;EIF2AK2;TRAF6;ACE2;TBK1;STAT1,"[161, 315, 745, 1122, 1414, 2381, 2767, 2886, 3163, 3516, 3775, 4132, 4410, 6949, 7749, 8568, 9271, 9420, 9534, 9792, 9872, 10611, 11058, 11317, 11535, 11998, 12402, 12506, 16938]",c2.cp.wikipathways__WP_TYPE_I_INTERFERON_INDUCTION_AND_SIGNALING_DURING_SARSCOV2_INFECTION
c2.cp.wikipathways,WP_NANOMATERIAL_INDUCED_APOPTOSIS,prerank,0.5442655986547652,1.4390269919064755,0.0658682634730539,0.12856488105413083,1.0,6_19,6/19,12.63%,CASP7;BID;BCL2;BAX;FADD;CASP6,CASP7;BID;BCL2;BAX;FADD;CASP6;PRF1;CASP9;HTRA2;CFLAR;BAK1;ENDOG;FAS;CASP8;CYCS;AIFM1;CASP3;APAF1;DIABLO,"[112, 779, 1238, 1799, 2019, 2212, 4709, 6429, 6990, 7112, 8735, 8993, 9493, 10378, 11932, 12943, 12945, 13773, 16448]",c2.cp.wikipathways__WP_NANOMATERIAL_INDUCED_APOPTOSIS
c2.cp.wikipathways,WP_MAPK_AND_NFKB_SIGNALING_INHIBITED_BY_YERSINIA_YOPJ,prerank,0.6209807181803249,1.4394998801084875,0.08536585365853659,0.12878555612470577,1.0,5_11,5/11,19.75%,NFKBIA;IKBKB;NFKB1;RAF1;RRAS,NFKBIA;IKBKB;NFKB1;RAF1;RRAS;MAP3K1;IKBKG;MAP2K6;TRAF6;CHUK;MAPK1,"[132, 2341, 2835, 3033, 3458, 7054, 7584, 7672, 11998, 12017, 12772]",c2.cp.wikipathways__WP_MAPK_AND_NFKB_SIGNALING_INHIBITED_BY_YERSINIA_YOPJ
c2.cp.wikipathways,WP_GENES_RELATED_TO_PRIMARY_CILIUM_DEVELOPMENT_BASED_ON_CRISPR,prerank,-0.47406369962681766,-1.7239643394683846,0.0,0.129825620354693,0.674,28_86,28/86,14.04%,SCLT1;IFT52;TMEM231;IFT27;CLUAP1;BBS4;CEP192;TUBE1;WDR35;TRAPPC11;TXNDC15;DYNC2LI1;TRAF3IP1;RPGRIP1L;TTC21B;KIF3A;IFT74;IFT81;BBS7;TMEM67;WDPCP;TTC8;BBS5;B9D1;CEP120;TMEM17;PIBF1;TCTN3,EVC2;TMEM216;INPP5E;IFT140;IQCE;CEP19;DYNLL1;IFT43;EVC;RAB23;DYNLT1;FUZ;TUBD1;IFT122;BBS2;CBY1;ARL3;TTC23;BBS9;ARMC9;IFT46;IFT20;TCTN2;IFT172;TMEM107;RABL2A;TULP3;BBS1;EFCAB7;KIAA0753;BBS12;KATNB1;FBF1;IFT57;CEP76;OFD1;TTBK2;MIB1;SASS6;CEP104;IFT88;CEP97;CC2D2A;CEP44;CDK20;MKKS;DYNC2H1;WDR19;MKS1;KIFAP3;LZTFL1;TCTN1;BBS10;IFT80;KIF3B;ARL13B;C2CD3;ARL6;TCTN3;PIBF1;TMEM17;CEP120;B9D1;BBS5;TTC8;WDPCP;TMEM67;BBS7;IFT81;IFT74;KIF3A;TTC21B;RPGRIP1L;TRAF3IP1;DYNC2LI1;TXNDC15;TRAPPC11;WDR35;TUBE1;CEP192;BBS4;CLUAP1;IFT27;TMEM231;IFT52;SCLT1,"[90, 505, 557, 797, 1234, 2366, 2497, 3118, 4069, 4458, 4939, 5190, 5487, 5822, 5842, 6075, 6378, 6428, 6638, 6848, 6923, 6932, 6974, 7083, 7130, 7682, 7885, 7968, 8586, 8659, 8769, 8841, 9193, 9526, 10122, 10126, 10276, 10302, 10689, 10927, 11814, 12093, 12145, 12186, 12298, 12525, 12600, 12653, 12780, 13009, 13067, 13173, 13209, 13315, 13608, 13999, 14464, 14704, 15059, 15139, 15343, 15347, 15361, 15453, 15461, 15552, 15575, 15589, 15796, 15947, 15974, 16019, 16050, 16105, 16177, 16402, 16413, 16493, 16747, 16755, 16874, 16899, 17168, 17229, 17336, 17508]",c2.cp.wikipathways__WP_GENES_RELATED_TO_PRIMARY_CILIUM_DEVELOPMENT_BASED_ON_CRISPR
c2.cp.wikipathways,WP_OSTEOBLAST_DIFFERENTIATION_AND_RELATED_DISEASES,prerank,0.3758652551778192,1.4256947086621468,0.017543859649122806,0.13531106071806445,1.0,28_111,28/111,15.01%,FZD9;IHH;FZD8;DLL4;PIK3R2;SMO;PIK3R5;WNT6;BMP4;NOTCH4;PIK3CD;FZD2;MAPK3;FZD4;FGFR4;WNT5B;GLI2;FZD1;SOX9;LRP5;JAG2;FGF2;NOTCH2;MAPK11;DLL1;NOTCH1;SMAD4;PRKD1,FZD9;IHH;FZD8;DLL4;PIK3R2;SMO;PIK3R5;WNT6;BMP4;NOTCH4;PIK3CD;FZD2;MAPK3;FZD4;FGFR4;WNT5B;GLI2;FZD1;SOX9;LRP5;JAG2;FGF2;NOTCH2;MAPK11;DLL1;NOTCH1;SMAD4;PRKD1;GLI3;MAPK12;PPARG;WNT3;MAPK7;WNT4;WNT7A;NOTCH3;BMPR1B;FGFR3;MYOD1;FGFR1;MAPK4;FGF8;JAG1;HEY2;WNT10A;FZD5;WNT7B;WNT9A;WNT16;WNT9B;WNT11;SMAD5;PRKCH;PIK3CG;SMAD9;BMPR1A;RUNX2;PIK3R3;PIK3CA;SMAD1;HES6;MAPK14;FZD10;FZD7;FGF18;WNT10B;MAPK13;HEY1;WNT5A;PTCH1;DLL3;WNT2;PRKCD;PRKCG;BMPR2;MAPK10;WNT2B;BMP2;PRKCA;FGFR2;FGF1;FZD3;FGF10;FGF7;FGF9;RBPJ;PIK3C2B;WNT8A;PIK3C2G;FZD6;MAPK1;PRKCZ;WNT8B;PRKCE;PIK3CB;LRP6;WNT1;PIK3C2A;PIK3R1;PRKCB;MAPK9;PRKCI;CTNNB1;MAPK8;PRKCQ;PRKDC;MAPK6;FGF5;PIK3R4;STAT1;PIK3C3,"[83, 168, 225, 332, 350, 393, 466, 579, 730, 781, 790, 841, 1114, 1368, 1389, 1392, 1477, 1987, 2005, 2090, 2168, 2211, 2279, 2344, 2363, 2437, 2618, 2628, 2987, 2998, 3284, 3325, 3561, 3643, 3834, 3857, 4114, 4371, 4524, 4624, 4801, 5132, 5281, 5306, 5355, 5568, 5668, 5748, 5824, 6089, 6105, 6234, 6300, 6453, 6481, 6579, 6841, 6862, 7105, 7143, 7215, 7304, 7367, 7442, 8121, 8235, 8706, 8866, 8910, 9019, 9053, 9348, 9580, 9622, 10005, 10309, 10827, 10854, 10873, 11001, 11280, 12043, 12099, 12101, 12107, 12114, 12233, 12291, 12690, 12762, 12772, 13086, 13192, 13636, 13676, 13826, 14329, 14351, 14526, 14648, 14702, 15221, 16018, 16304, 16535, 16539, 16768, 16780, 16837, 16938, 17167]",c2.cp.wikipathways__WP_OSTEOBLAST_DIFFERENTIATION_AND_RELATED_DISEASES
c2.cp.wikipathways,WP_NOVEL_INTRACELLULAR_COMPONENTS_OF_RIGILIKE_RECEPTOR_PATHWAY,prerank,0.42920832631078515,1.4246621450411638,0.02564102564102564,0.13557391557397624,1.0,18_53,18/53,20.99%,RELA;NFKBIA;IRF7;IRF3;TRAF2;DDX3Y;FADD;TBKBP1;IKBKB;MAPK11;RIPK1;NFKB1;NFKBIB;MAPK12;IKBKE;CASP10;TNF;CXCL10,RELA;NFKBIA;IRF7;IRF3;TRAF2;DDX3Y;FADD;TBKBP1;IKBKB;MAPK11;RIPK1;NFKB1;NFKBIB;MAPK12;IKBKE;CASP10;TNF;CXCL10;TRADD;TRIM25;ISG15;PIN1;DHX58;OTUD5;IFIH1;MAP3K1;IFNE;MAPK14;IKBKG;TRAF3;MAPK13;DDX3X;IFNA1;ATG12;ATG5;MAP3K7;MAPK10;CASP8;TANK;DDX17;NLRX1;MAVS;TRAF6;CHUK;TBK1;SNW1;MAPK9;CYLD;CXCL12;RNF125;SIKE1;MAPK8;AZI2,"[68, 132, 161, 315, 494, 1049, 2019, 2100, 2341, 2344, 2701, 2835, 2943, 2998, 3163, 3306, 3515, 3676, 4084, 4214, 5552, 6165, 6182, 6352, 6949, 7054, 7187, 7304, 7584, 7749, 8706, 8765, 9040, 9390, 9626, 9639, 10309, 10378, 10953, 11153, 11200, 11317, 11998, 12017, 12506, 13833, 14702, 14772, 15207, 15364, 16133, 16304, 16799]",c2.cp.wikipathways__WP_NOVEL_INTRACELLULAR_COMPONENTS_OF_RIGILIKE_RECEPTOR_PATHWAY
c2.cp.wikipathways,WP_EICOSANOID_SYNTHESIS,prerank,0.507981346493658,1.4295308023440023,0.04811715481171548,0.13557659819125162,1.0,8_22,8/22,20.17%,ALOX15B;TBXAS1;ALOX5AP;AKR1C3;PLA2G4B;PTGDS;DPEP1;LTC4S,ALOX15B;TBXAS1;ALOX5AP;AKR1C3;PLA2G4B;PTGDS;DPEP1;LTC4S;PTGES;PTGES2;PTGS1;ALOX15;PLA2G5;LTA4H;GGT1;PLA2G4A;ALOX5;ALOX12;PTGS2;CBR1;PLA2G6;PTGIS,"[458, 1346, 2249, 2427, 2559, 2819, 2879, 3532, 6773, 6798, 6934, 7159, 8050, 8186, 8643, 9214, 9403, 9781, 11182, 11625, 12453, 16232]",c2.cp.wikipathways__WP_EICOSANOID_SYNTHESIS
c2.cp.wikipathways,WP_MODULATION_OF_PI3KAKTMTOR_SIGNALING_BY_BIOACTIVE_SPHINGOLIPIDS,prerank,0.5730504826161398,1.4268824615134799,0.07205240174672489,0.13567237885307615,1.0,6_14,6/14,18.66%,CERS1;IGF1R;S1PR3;S1PR1;NFKB1;AKT1,CERS1;IGF1R;S1PR3;S1PR1;NFKB1;AKT1;SPHK2;CERK;PIK3CA;HIF1A;ASAH2;MTOR;PLD1;TSC1,"[145, 486, 1504, 2528, 2835, 3267, 4366, 4783, 7105, 8234, 8879, 13065, 13456, 14195]",c2.cp.wikipathways__WP_MODULATION_OF_PI3KAKTMTOR_SIGNALING_BY_BIOACTIVE_SPHINGOLIPIDS
c2.cp.wikipathways,WP_MICRORNAS_IN_CARDIOMYOCYTE_HYPERTROPHY,prerank,0.3985726124851674,1.4260382968664822,0.02754237288135593,0.13573816680117476,1.0,29_79,29/79,20.33%,NFATC4;MAP2K3;PIK3R2;TGFB1;IGF1R;HDAC7;PIK3CD;FZD2;DVL1;MAPK3;HDAC4;LIF;EIF2B5;FZD1;LRP5;MAP2K2;FGF2;CTF1;IKBKB;CISH;NFKB1;PLCB2;RAF1;MAP2K7;STAT3;IKBKE;AKT1;TNF;MAPK7,NFATC4;MAP2K3;PIK3R2;TGFB1;IGF1R;HDAC7;PIK3CD;FZD2;DVL1;MAPK3;HDAC4;LIF;EIF2B5;FZD1;LRP5;MAP2K2;FGF2;CTF1;IKBKB;CISH;NFKB1;PLCB2;RAF1;MAP2K7;STAT3;IKBKE;AKT1;TNF;MAPK7;AKT2;EGF;CDK9;HDAC5;MAPK4;IL6ST;EDN1;MAP2K1;AGT;PIK3CG;ROCK1;PIK3R3;PRKG1;PIK3CA;MAPK14;NPPB;IKBKG;MAP2K6;RHOA;MAP2K5;NPPA;MAP2K4;WNT5A;RCAN1;CDK7;NRG1;PDPK1;FGFR2;PPP3CA;RAC1;CHUK;ROCK2;PPP3CB;MAPK1;MTOR;PIK3CB;LRP6;CAMK2D;TAB1;PIK3R1;PRKCB;MYLK;CALM1;IGF1;GSK3B;HDAC9;CTNNB1;MAPK8;MYLK3;MYEF2,"[262, 292, 350, 386, 486, 678, 790, 841, 1089, 1114, 1124, 1188, 1685, 1987, 2090, 2104, 2211, 2253, 2341, 2714, 2835, 2865, 3033, 3121, 3143, 3163, 3267, 3515, 3561, 3956, 4444, 4491, 4646, 4801, 5448, 5566, 5701, 5734, 6453, 6585, 6862, 7044, 7105, 7304, 7489, 7584, 7672, 7817, 7975, 8110, 8233, 8910, 9045, 10485, 10902, 10975, 11001, 11156, 11471, 12017, 12203, 12602, 12772, 13065, 13676, 13826, 13938, 13969, 14526, 14648, 14708, 14779, 15473, 15613, 15818, 16018, 16304, 16906, 17273]",c2.cp.wikipathways__WP_MICRORNAS_IN_CARDIOMYOCYTE_HYPERTROPHY
c2.cp.wikipathways,WP_INTERFERON_TYPE_I_SIGNALING,prerank,0.42658637807745003,1.427336943065317,0.032520325203252036,0.13593396580898515,1.0,20_53,20/53,19.63%,MAP2K3;PIK3R2;EIF4EBP1;SOCS3;PIK3CD;LCK;FYN;TYK2;CRK;IRS2;ZAP70;PTPN6;IRF9;VAV1;MAPKAP1;CBL;CRKL;STAT3;SOCS1;RAPGEF1,MAP2K3;PIK3R2;EIF4EBP1;SOCS3;PIK3CD;LCK;FYN;TYK2;CRK;IRS2;ZAP70;PTPN6;IRF9;VAV1;MAPKAP1;CBL;CRKL;STAT3;SOCS1;RAPGEF1;RPS6;PTPRC;STAT5A;PRMT1;RPS6KA4;IRS1;MLST8;RAP1A;EIF4A1;MAP3K1;RPTOR;MAPK14;MAP2K6;RPS6KB1;PIAS3;JAK1;STAT2;IFNAR2;CREB1;IFNAR1;GAB2;RAC1;STAT4;EIF4B;PDCD4;REL;MTOR;PIAS1;PIK3R1;PTPN11;RPS6KA5;EIF4E;STAT1,"[292, 350, 455, 619, 790, 1019, 1046, 1122, 2270, 2357, 2462, 2686, 2767, 2843, 2995, 3071, 3142, 3143, 3430, 3438, 3757, 3989, 4109, 4768, 5082, 5115, 5180, 5616, 7033, 7054, 7231, 7304, 7672, 8326, 8362, 9271, 9534, 9792, 10478, 10611, 10756, 11471, 11706, 11807, 11845, 12847, 13065, 13684, 14526, 16007, 16291, 16760, 16938]",c2.cp.wikipathways__WP_INTERFERON_TYPE_I_SIGNALING
c2.cp.wikipathways,WP_NOTCH_SIGNALING_WP61,prerank,0.414288030612485,1.4232444999872027,0.03728070175438596,0.13606439391651448,1.0,22_60,22/60,19.32%,DLL4;PIK3R2;TLE1;NOTCH4;LCK;MYC;PTCRA;CDKN1A;RING1;JAG2;SAP30;HDAC1;SRC;NOTCH2;DLL1;NOTCH1;GATA3;NFKB1;DTX1;STAT3;AKT1;HES1,DLL4;PIK3R2;TLE1;NOTCH4;LCK;MYC;PTCRA;CDKN1A;RING1;JAG2;SAP30;HDAC1;SRC;NOTCH2;DLL1;NOTCH1;GATA3;NFKB1;DTX1;STAT3;AKT1;HES1;MAML2;NOTCH3;NCOR2;NUMB;JAG1;HEY2;NUMBL;SPEN;HES5;MAML1;HES6;EP300;CUL1;PSENEN;HIF1A;HEY1;JAK2;DLL3;HDAC2;PSEN2;FHL1;NCSTN;RBPJ;SKP1;NCOR1;FBXW7;CIR1;MTOR;APH1A;PSEN1;CCND1;SNW1;PIK3R1;MAML3;ADAM17;GSK3B;ITCH;APH1B,"[332, 350, 542, 781, 1019, 1232, 1559, 1714, 1978, 2168, 2262, 2268, 2278, 2279, 2363, 2437, 2530, 2835, 2979, 3143, 3267, 3383, 3619, 3857, 4578, 5201, 5281, 5306, 5396, 6167, 6408, 6909, 7215, 7268, 7681, 8093, 8234, 8866, 8889, 9053, 9498, 10674, 11823, 11977, 12114, 12689, 12807, 12813, 13043, 13065, 13434, 13571, 13673, 13833, 14526, 14918, 14928, 15613, 15849, 16361]",c2.cp.wikipathways__WP_NOTCH_SIGNALING_WP61
c2.cp.wikipathways,WP_ONCOSTATIN_M_SIGNALING,prerank,0.41667274324766856,1.4223574587375851,0.04081632653061224,0.13610642933336273,1.0,21_62,21/62,18.66%,RELA;CASP7;NFKBIA;CEBPB;SOCS3;PXN;MAPK3;TYK2;VEGFA;CDK2;CCL2;MAP2K2;SRC;JUND;NFKB1;FOS;TIMP3;RAF1;OSMR;STAT3;AKT1,RELA;CASP7;NFKBIA;CEBPB;SOCS3;PXN;MAPK3;TYK2;VEGFA;CDK2;CCL2;MAP2K2;SRC;JUND;NFKB1;FOS;TIMP3;RAF1;OSMR;STAT3;AKT1;RPS6;HRAS;SERPINE1;SHC1;LDLR;STAT5B;IRS1;JAK3;OSM;IL6ST;MAP2K1;SOS1;PRKCH;JUNB;LIFR;PTK2B;MAPK14;CDKN1B;HIF1A;PIAS3;TP53;JAK2;JAK1;PRKCD;CREB1;PRKCA;GRB2;RICTOR;MAPK1;CASP3;MTOR;PRKCE;KRAS;PIK3R1;PRKCB;MAPK9;EGR1;PTPN11;MAPK8;STAT1;MMP3,"[68, 112, 132, 311, 619, 628, 1114, 1122, 1439, 1573, 1826, 2104, 2278, 2470, 2835, 2889, 3019, 3033, 3035, 3143, 3267, 3757, 3976, 4011, 4654, 4749, 5095, 5115, 5207, 5273, 5448, 5701, 5826, 6300, 6511, 6831, 6883, 7304, 7452, 8234, 8362, 8693, 8889, 9271, 9580, 10478, 10873, 11405, 12747, 12772, 12945, 13065, 13636, 13814, 14526, 14648, 14702, 15627, 16007, 16304, 16938, 17427]",c2.cp.wikipathways__WP_ONCOSTATIN_M_SIGNALING
c2.cp.wikipathways,WP_MAMMARY_GLAND_DEVELOPMENT_PREGNANCY_AND_LACTATION_STAGE_3_OF_4,prerank,0.436020303322506,1.4213101762878342,0.04935622317596566,0.1363138625630245,1.0,14_42,14/42,18.39%,CEBPB;USF2;GJB2;GAL;CLDN6;BCL2L1;MYC;ORAI1;YY1;EGFR;NFIB;ERBB2;NFIA;PNCK,CEBPB;USF2;GJB2;GAL;CLDN6;BCL2L1;MYC;ORAI1;YY1;EGFR;NFIB;ERBB2;NFIA;PNCK;USF1;STAT5A;DLGAP4;ELF5;STAT5B;CEBPA;NFIC;EIF4G1;PGR;ATP2C2;TFPI2;JAK2;TPM3;ERBB3;NFIX;NRG1;ESR2;TNFRSF11A;TTC9;CHUK;CAV1;PTPN1;PRLR;CCND1;ERBB4;NR3C1;ESR1;EIF4E,"[311, 700, 724, 816, 864, 1087, 1232, 1523, 1746, 2347, 2440, 2593, 2959, 3221, 3578, 4109, 4325, 4523, 5095, 5110, 5825, 6233, 7328, 8274, 8832, 8889, 8908, 9861, 10671, 10902, 11385, 11457, 11480, 12017, 12109, 12370, 12867, 13673, 13750, 14123, 16134, 16760]",c2.cp.wikipathways__WP_MAMMARY_GLAND_DEVELOPMENT_PREGNANCY_AND_LACTATION_STAGE_3_OF_4
c2.cp.wikipathways,WP_NEUROINFLAMMATION_AND_GLUTAMATERGIC_SIGNALING,prerank,0.36799497019222943,1.427346565636227,0.014675052410901468,0.1365561266883277,1.0,46_136,46/136,18.04%,NFKB2;IL1R2;SLC38A2;TGFB1;TNFRSF1A;PLCB3;IL4R;SOCS3;LTA;PPP1CC;TNFRSF1B;SHMT2;SLC2A3;TGFBR3;TRPM4;MAPK3;IFNGR2;LIF;TGFB2;PSPH;BCL2;PHGDH;GFAP;IL10RB;SMAD7;TGFB3;IL6R;SLC7A10;IL6;FGF2;DISC1;IL10RA;SLC6A9;SMAD4;STAT6;TGFBR2;NFKB1;PLCB2;FOS;NGF;INSR;SHMT1;GLUL;STAT3;SLC2A1;PSAT1,NFKB2;IL1R2;SLC38A2;TGFB1;TNFRSF1A;PLCB3;IL4R;SOCS3;LTA;PPP1CC;TNFRSF1B;SHMT2;SLC2A3;TGFBR3;TRPM4;MAPK3;IFNGR2;LIF;TGFB2;PSPH;BCL2;PHGDH;GFAP;IL10RB;SMAD7;TGFB3;IL6R;SLC7A10;IL6;FGF2;DISC1;IL10RA;SLC6A9;SMAD4;STAT6;TGFBR2;NFKB1;PLCB2;FOS;NGF;INSR;SHMT1;GLUL;STAT3;SLC2A1;PSAT1;AKT1;SLC38A5;TNF;SLC1A3;IL13RA1;LRRC8A;GRIK5;CAMK2B;IL1B;ADCY8;GRIN1;IRS1;IL1R1;NSMF;IL6ST;IFNGR1;TGFBR1;SMAD3;SMAD2;SLC1A4;PDHA1;IL12B;CAMK2G;CFL1;IL10;CAMKK1;PPP1CA;GRIN2C;GRM2;GRIA1;IL13;IL4;CAMK2A;GRIN2D;GLS2;ADCY3;GRIK4;JAK1;PRKACA;PRKCG;SLC17A7;SLC1A1;CNTF;GRM1;GRIK3;IL12A;GRM7;CREB1;GLS;GRM8;GOT1;PRKCA;SLC1A2;LRRC8C;SLC1A6;SLC17A6;GRIA3;PPP1CB;IL1A;MAPK1;TRAF5;GRIN2A;GRIN3A;GRIA2;ADCY1;CAMK2D;SRR;GRIK1;PRKCB;CAMKK2;CALM1;PLCB1;PLCB4;GRIK2;DLD;LRRC8D;GRIA4;IGF1;DLAT;NOS1;SLC38A1;GRIN2B;ARC;GRM5;CAMK4;STAT1;GRM4;LRRC8B;BDNF;DAO,"[56, 148, 301, 386, 390, 441, 462, 619, 631, 665, 720, 738, 833, 894, 1029, 1114, 1147, 1188, 1191, 1219, 1238, 1243, 1409, 1462, 1659, 1861, 2017, 2072, 2121, 2211, 2378, 2448, 2569, 2618, 2644, 2773, 2835, 2865, 2889, 3051, 3052, 3082, 3113, 3143, 3156, 3159, 3267, 3433, 3515, 3630, 3851, 4227, 4406, 4493, 4629, 4754, 4890, 5115, 5151, 5445, 5448, 5613, 5624, 5844, 6205, 6210, 6459, 6713, 6774, 6939, 6941, 6967, 7117, 7345, 7486, 8002, 8159, 8442, 8596, 8633, 8917, 9021, 9044, 9271, 9427, 9622, 9653, 9755, 9983, 10008, 10229, 10432, 10449, 10478, 10680, 10745, 10780, 10873, 11209, 11589, 11735, 11853, 11991, 12507, 12614, 12772, 12914, 13106, 13511, 13642, 13767, 13938, 14473, 14578, 14648, 14750, 14779, 14865, 15159, 15222, 15272, 15303, 15384, 15473, 15682, 15846, 16010, 16281, 16423, 16741, 16852, 16938, 16981, 17123, 17360, 17498]",c2.cp.wikipathways__WP_NEUROINFLAMMATION_AND_GLUTAMATERGIC_SIGNALING
c2.cp.wikipathways,WP_ACQUIRED_PARTIAL_LIPODYSTROPHY_BARRAQUERSIMONS_SYNDROME,prerank,0.6240278825292016,1.419913951205132,0.07317073170731707,0.1367051178462755,1.0,5_10,5/10,10.28%,CFD;RCE1;CFB;C3;LMNB2,CFD;RCE1;CFB;C3;LMNB2;LMNA;LMNB1;ICMT;FNTA;C5,"[280, 485, 981, 1102, 1800, 5411, 10489, 10939, 12538, 17107]",c2.cp.wikipathways__WP_ACQUIRED_PARTIAL_LIPODYSTROPHY_BARRAQUERSIMONS_SYNDROME
c2.cp.wikipathways,WP_GENETIC_CAUSES_OF_PORTOSINUSOIDAL_VASCULAR_DISEASE,prerank,0.4671379979984671,1.4274929080021146,0.04821802935010482,0.1370329517000784,1.0,15_34,15/34,17.40%,DOCK6;DLL4;CYBA;NCF1;NCF4;NOTCH4;TLR8;MAPK3;TLR9;ARHGAP31;NOTCH1;BTK;NFKB1;GTF2I;KCNN3,DOCK6;DLL4;CYBA;NCF1;NCF4;NOTCH4;TLR8;MAPK3;TLR9;ARHGAP31;NOTCH1;BTK;NFKB1;GTF2I;KCNN3;SP1;NCF2;DGUOK;CYBB;EIF6;COX4I2;RAC1;NOX3;RBPJ;EOGT;MAPK1;CHCHD2;CXXC5;BEND6;SBDS;CDC42;ESR1;SHCBP1;IBTK,"[114, 332, 417, 461, 553, 781, 783, 1114, 1414, 2085, 2437, 2617, 2835, 2937, 3048, 4488, 4720, 5189, 6563, 8000, 8271, 11471, 11627, 12114, 12549, 12772, 13206, 14281, 14458, 15025, 16108, 16134, 16512, 17287]",c2.cp.wikipathways__WP_GENETIC_CAUSES_OF_PORTOSINUSOIDAL_VASCULAR_DISEASE
c2.cp.wikipathways,WP_SLC25A46_PATHWAY,prerank,-0.6457207064701502,-1.7346689983018997,0.009433962264150943,0.14156517113144718,0.626,8_19,8/19,14.77%,MFN1;OPA1;APOOL;DNM1L;IMMT;MMGT1;EMC2;SLC25A46,EMC6;EMC8;CHCHD6;APOO;EMC3;EMC7;EMC10;EMC4;CHCHD3;MFN2;EMC1;SLC25A46;EMC2;MMGT1;IMMT;DNM1L;APOOL;OPA1;MFN1,"[2266, 5681, 6962, 8030, 8644, 9004, 10115, 10507, 13002, 13019, 14164, 14932, 15090, 15260, 16491, 16779, 16996, 17236, 17377]",c2.cp.wikipathways__WP_SLC25A46_PATHWAY
c2.cp.wikipathways,WP_GLYCOSYLPHOSPHATIDYL_INOSITOL_ANCHOR_PATHWAY,prerank,-0.603931645102696,-1.701725290428665,0.0038535645472061657,0.14211932567065488,0.767,10_25,10/25,17.68%,PIGP;MPPE1;PIGW;PIGK;PIGB;PIGM;PIGL;PIGN;PIGO;PGAP1,PIGV;PIGQ;PGAP3;DPM2;GPAA1;PIGC;PIGA;PIGH;PIGF;PIGX;PGAP2;PIGU;PIGG;PIGS;PIGT;PGAP1;PIGO;PIGN;PIGL;PIGM;PIGB;PIGK;PIGW;MPPE1;PIGP,"[2597, 4278, 5528, 6313, 6643, 6649, 6872, 7498, 8497, 8799, 9117, 9539, 11331, 12691, 13270, 14422, 14773, 15434, 15476, 15612, 15927, 16056, 16082, 16235, 17017]",c2.cp.wikipathways__WP_GLYCOSYLPHOSPHATIDYL_INOSITOL_ANCHOR_PATHWAY
c2.cp.wikipathways,WP_GROWTH_FACTORS_AND_HORMONES_IN_BETA_CELL_PROLIFERATION,prerank,0.5036055678848526,1.4122649965741214,0.07017543859649122,0.14267931843999868,1.0,13_24,13/24,19.13%,IGF1R;MAPK3;FOXM1;PGF;MYC;FLT1;RASSF1;CDK2;SMAD7;CRTC2;INSR;AKT1;FOXO1,IGF1R;MAPK3;FOXM1;PGF;MYC;FLT1;RASSF1;CDK2;SMAD7;CRTC2;INSR;AKT1;FOXO1;AKT2;TGFBR1;RAB43;PDGFA;CDK4;DLK1;MAPK1;KRAS;AKT3;IGF1;BRAF,"[486, 1114, 1135, 1138, 1232, 1534, 1540, 1573, 1659, 2510, 3052, 3267, 3351, 3956, 5624, 6467, 7604, 7822, 10158, 12772, 13814, 14998, 15473, 17259]",c2.cp.wikipathways__WP_GROWTH_FACTORS_AND_HORMONES_IN_BETA_CELL_PROLIFERATION
c2.cp.wikipathways,WP_NUCLEOTIDE_GPCRS,prerank,0.6176741609827097,1.4108345529620703,0.08830022075055188,0.14335943354480635,1.0,3_10,3/10,12.51%,ADORA2A;ADORA3;ADORA2B,ADORA2A;ADORA3;ADORA2B;P2RY2;P2RY6;ADORA1;LTB4R;LPAR6;LPAR4;P2RY1,"[691, 1629, 2190, 6020, 6180, 8257, 8660, 9144, 12294, 12524]",c2.cp.wikipathways__WP_NUCLEOTIDE_GPCRS
c2.cp.wikipathways,WP_GNAQ_PR183Q_DRIVES_CAPILLARY_MALFORMATION,prerank,0.4926619734394308,1.409379793052069,0.0720164609053498,0.1434721791293116,1.0,6_25,6/25,9.57%,ANGPT2;PRKD2;PKN3;PLCB3;PKN1;NFATC1,ANGPT2;PRKD2;PKN3;PLCB3;PKN1;NFATC1;PRKD1;PPP3CC;PRKD3;PKN2;PRKCH;RCAN1;PRKCD;PRKCG;PPP3R2;GNAQ;PRKCA;PPP3CA;PPP3R1;PPP3CB;PRKCZ;PRKCE;PRKCB;PRKCI;PRKCQ,"[198, 224, 367, 441, 1248, 1675, 2628, 3642, 3671, 5765, 6300, 9045, 9580, 9622, 10012, 10758, 10873, 11156, 11801, 12602, 13086, 13636, 14648, 15221, 16535]",c2.cp.wikipathways__WP_GNAQ_PR183Q_DRIVES_CAPILLARY_MALFORMATION
c2.cp.wikipathways,WP_LNCRNA_IN_CANONICAL_WNT_SIGNALING_AND_COLORECTAL_CANCER,prerank,0.3871759338549022,1.4098001373497457,0.03389830508474576,0.14370785307059014,1.0,20_91,20/91,12.50%,FZD9;CCND3;FZD8;TCF7L1;FRAT2;WNT6;TCF3;FZD2;AXIN1;DVL1;MYC;FRAT1;CTBP2;LEF1;WNT5B;CTBP1;DVL2;FZD1;LRP5;FOSL1,FZD9;CCND3;FZD8;TCF7L1;FRAT2;WNT6;TCF3;FZD2;AXIN1;DVL1;MYC;FRAT1;CTBP2;LEF1;WNT5B;CTBP1;DVL2;FZD1;LRP5;FOSL1;DVL3;SFRP2;JUN;CSNK2B;NOTUM;WNT3;WNT4;CXXC4;WNT7A;AXIN2;CSNK2A2;APC2;TCF7;DKK1;TCF7L2;CSNK1E;DKK4;PLAU;WNT10A;FZD5;WNT7B;ATF3;WNT16;WNT11;SERPINF1;RUVBL1;SFRP5;KREMEN1;FZD10;FZD7;SOX17;ROR2;PORCN;WNT10B;RYK;CSNK1A1L;NKD2;WNT5A;NKD1;CDK8;WNT2;MAP3K7;EZH2;APC;WIF1;HNRNPK;WNT2B;CDK6;FZD3;FZD6;CCND2;DKK2;TFAP2A;CTNNBIP1;NLK;SENP2;CCND1;ROR1;LRP6;CHD8;WNT1;SFRP1;HNRNPU;GSK3B;CSNK1A1;SOST;CTNNB1;CSNK2A3;CER1;SFRP4;CSNK2A1,"[83, 223, 225, 230, 388, 579, 734, 841, 877, 1089, 1232, 1279, 1322, 1377, 1392, 1410, 1798, 1987, 2090, 2188, 2492, 2606, 2824, 2962, 3232, 3325, 3643, 3747, 3834, 3853, 4037, 4159, 4349, 4704, 4922, 5083, 5202, 5250, 5355, 5568, 5668, 5684, 5824, 6105, 6444, 6513, 7249, 7308, 7367, 7442, 7508, 7746, 7857, 8235, 8260, 8589, 8721, 8910, 9067, 9311, 9348, 9639, 9837, 9884, 10133, 10590, 10827, 11099, 12043, 12762, 12887, 12906, 12910, 13367, 13369, 13554, 13673, 13726, 13826, 14047, 14329, 15127, 15455, 15613, 15773, 15844, 16018, 16104, 16300, 16403, 16833]",c2.cp.wikipathways__WP_LNCRNA_IN_CANONICAL_WNT_SIGNALING_AND_COLORECTAL_CANCER
c2.cp.wikipathways,WP_METABOLIC_EPILEPTIC_DISORDERS,prerank,0.3819162440118368,1.4057667169165478,0.03361344537815126,0.14497145949880874,1.0,26_84,26/84,18.04%,HK3;SLC7A2;PCK1;SHMT2;SLC25A1;SLC2A3;SLC2A5;ETHE1;PFKP;PSPH;PHGDH;HK2;CBS;SLC2A4;SLC1A5;PC;ARG1;ALDOB;GPT;ENO1;ENO3;GCK;ALDOA;SHMT1;SLC2A1;PSAT1,HK3;SLC7A2;PCK1;SHMT2;SLC25A1;SLC2A3;SLC2A5;ETHE1;PFKP;PSPH;PHGDH;HK2;CBS;SLC2A4;SLC1A5;PC;ARG1;ALDOB;GPT;ENO1;ENO3;GCK;ALDOA;SHMT1;SLC2A1;PSAT1;ECHS1;MOCS1;CDO1;GAPDH;PFKL;GPI;ASS1;ALDH7A1;GCDH;PDHA1;GATM;GLDC;PKM;TPI1;FBP1;BTD;LDHAL6B;LDHB;GLUD1;ENO2;ACAT1;GLS2;PFKM;SUOX;AMT;HADH;HK1;MDH2;LDHA;GOT2;ACO1;GAMT;PGK1;ALDOC;GOT1;MOCS2;ASL;DHTKD1;PGAM1;MOCS3;SFXN1;OTC;MDH1;CPS1;SLC25A5;MPC2;AASS;MPC1;DLD;GPHN;LDHC;CTH;PKLR;DLAT;AADAT;SLC25A15;SPCS1;HLCS,"[200, 469, 572, 738, 768, 833, 976, 1156, 1158, 1219, 1243, 1337, 1781, 1904, 1927, 1947, 2020, 2084, 2170, 2285, 2362, 2648, 2768, 3082, 3156, 3159, 3946, 4341, 4647, 4761, 4981, 5213, 5245, 5966, 6076, 6459, 6905, 6950, 7001, 7010, 7260, 7627, 7807, 7949, 8416, 8715, 8886, 8917, 8947, 9136, 9202, 9255, 9289, 9356, 9549, 9604, 9764, 9819, 9922, 10567, 10780, 11095, 11228, 11674, 11781, 11869, 11921, 12240, 12589, 13162, 13855, 13951, 14679, 15097, 15272, 15320, 15324, 15409, 15524, 15682, 15703, 16838, 17055, 17189]",c2.cp.wikipathways__WP_METABOLIC_EPILEPTIC_DISORDERS
c2.cp.wikipathways,WP_EGFR_TYROSINE_KINASE_INHIBITOR_RESISTANCE,prerank,0.3848439522453194,1.4062985204965681,0.030042918454935622,0.14504311552567498,1.0,24_84,24/84,13.64%,MRAS;PIK3R2;PLCG1;PDGFRB;EIF4EBP1;IGF1R;PIK3CD;HGF;BCL2L1;MAPK3;MYC;BCL2;VEGFA;GAS6;AXL;SHC2;BAX;IL6R;MAP2K2;IL6;FGF2;SRC;EGFR;BAD,MRAS;PIK3R2;PLCG1;PDGFRB;EIF4EBP1;IGF1R;PIK3CD;HGF;BCL2L1;MAPK3;MYC;BCL2;VEGFA;GAS6;AXL;SHC2;BAX;IL6R;MAP2K2;IL6;FGF2;SRC;EGFR;BAD;ERBB2;RAF1;STAT3;AKT1;RRAS;RPS6;BCL2L11;AKT2;ARAF;HRAS;PDGFC;FGFR3;EGF;SHC1;NRG2;RRAS2;MAP2K1;SOS1;GAB1;PDGFB;PIK3R3;PDGFD;PIK3CA;RPS6KB2;PDGFA;PLCG2;FOXO3;RPS6KB1;JAK2;JAK1;PRKCG;ERBB3;KDR;EIF4E2;PDGFRA;SHC4;PTEN;PRKCA;NRG1;PDPK1;FGFR2;GRB2;SOS2;MAPK1;MTOR;CCND1;PIK3CB;KRAS;MET;PIK3R1;PRKCB;TGFA;AKT3;IGF1;GSK3B;NRAS;EIF4E;SHC3;BRAF;NF1,"[185, 350, 405, 420, 455, 486, 790, 893, 1087, 1114, 1232, 1238, 1439, 1651, 1739, 1762, 1799, 2017, 2104, 2121, 2211, 2278, 2347, 2388, 2593, 3033, 3143, 3267, 3458, 3757, 3812, 3956, 3967, 3976, 4144, 4371, 4444, 4654, 4774, 4949, 5701, 5826, 6503, 6544, 6862, 6943, 7105, 7191, 7604, 7982, 8003, 8326, 8889, 9271, 9622, 9861, 10163, 10288, 10418, 10517, 10528, 10873, 10902, 10975, 11001, 11405, 12680, 12772, 13065, 13673, 13676, 13814, 13901, 14526, 14648, 14919, 14998, 15473, 15613, 16714, 16760, 17200, 17259, 17391]",c2.cp.wikipathways__WP_EGFR_TYROSINE_KINASE_INHIBITOR_RESISTANCE
c2.cp.wikipathways,WP_TGFB_SMAD_SIGNALING,prerank,0.5923240161433471,1.406677871964884,0.08742004264392324,0.14529029731210483,1.0,5_11,5/11,22.90%,TGFBR3;SMAD4;TGFBR2;WWTR1;SERPINE1,TGFBR3;SMAD4;TGFBR2;WWTR1;SERPINE1;TGFBR1;SMAD3;SMAD2;POSTN;SPARC;YWHAG,"[894, 2618, 2773, 2900, 4011, 5624, 5844, 6205, 7719, 9277, 11291]",c2.cp.wikipathways__WP_TGFB_SMAD_SIGNALING
c2.cp.wikipathways,WP_MIRNAS_INVOLVED_IN_DNA_DAMAGE_RESPONSE,prerank,0.5533717721838586,1.3959803675840308,0.1083844580777096,0.1528900537822816,1.0,3_14,3/14,9.79%,CCND3;MYC;CDKN1A,CCND3;MYC;CDKN1A;RAD52;CCNE1;CDC25A;ABL1;CDKN1B;E2F1;TP53;CREB1;CDK6;ATM;CCND1,"[223, 1232, 1714, 3505, 4289, 5226, 6593, 7452, 7793, 8693, 10478, 11099, 11270, 13673]",c2.cp.wikipathways__WP_MIRNAS_INVOLVED_IN_DNA_DAMAGE_RESPONSE
c2.cp.wikipathways,WP_IL7_SIGNALING,prerank,0.4873234675836198,1.3925149453519448,0.08705357142857142,0.15324588120589222,1.0,11_24,11/24,18.66%,IL2RG;PIK3R2;FYN;BCL2L1;MAPK3;MYC;MAP2K2;IL7R;BAD;STAT3;AKT1,IL2RG;PIK3R2;FYN;BCL2L1;MAPK3;MYC;MAP2K2;IL7R;BAD;STAT3;AKT1;STAT5A;STAT5B;JAK3;MAP2K1;PTK2B;CDKN1B;JAK1;MAPK1;CCND1;PIK3R1;IL7;GSK3B;STAT1,"[180, 350, 1046, 1087, 1114, 1232, 2104, 2230, 2388, 3143, 3267, 4109, 5095, 5207, 5701, 6883, 7452, 9271, 12772, 13673, 14526, 14894, 15613, 16938]",c2.cp.wikipathways__WP_IL7_SIGNALING
c2.cp.wikipathways,WP_CORI_CYCLE,prerank,0.5478840908476316,1.393148448361144,0.11416490486257928,0.15329840963182137,1.0,5_14,5/14,18.02%,PFKP;SLC2A4;GPT;ALDOA;SLC2A1,PFKP;SLC2A4;GPT;ALDOA;SLC2A1;GAPDH;GPI;G6PD;TPI1;HK1;LDHA;PGK1;TALDO1;PGAM1,"[1158, 1904, 2170, 2768, 3156, 4761, 5213, 6351, 7010, 9289, 9549, 9922, 10721, 11781]",c2.cp.wikipathways__WP_CORI_CYCLE
c2.cp.wikipathways,WP_7Q1123_DISTAL_COPY_NUMBER_VARIATION,prerank,0.5305787942222355,1.3961510902688703,0.08471074380165289,0.15340678562988397,1.0,6_18,6/18,17.32%,HSPB1;POR;G3BP1;ZP1;KIF1C;RAF1,HSPB1;POR;G3BP1;ZP1;KIF1C;RAF1;RHBDD2;ZP3;LMNA;STYXL1;SRRM3;MDH2;SFN;DAPK2;TMEM120B;YWHAG;PTPMT1;EPB41L3,"[3, 1133, 1438, 1880, 2592, 3033, 3822, 5249, 5411, 6989, 7257, 9356, 9994, 10107, 11083, 11291, 14840, 17221]",c2.cp.wikipathways__WP_7Q1123_DISTAL_COPY_NUMBER_VARIATION
c2.cp.wikipathways,WP_PRION_DISEASE_PATHWAY,prerank,0.4649875198590035,1.3936542409683732,0.0755939524838013,0.15346283520460982,1.0,8_32,8/32,10.08%,RXRA;SPI1;ELK1;FYN;MAPK3;BCL2;BATF;HSPA5,RXRA;SPI1;ELK1;FYN;MAPK3;BCL2;BATF;HSPA5;NFKB1;STAT3;CTCF;FGFR1;HSP90B1;POU2F2;RAD21;PDIA3;EP300;PAX5;IRF4;BCL11A;NCAM1;SMC3;CREB1;PRNP;CHD2;EBF1;MEF2C;RFX5;MAPK1;CASP3;TBP;PTK2,"[710, 942, 973, 1046, 1114, 1238, 1480, 1765, 2835, 3143, 4074, 4624, 5272, 6013, 6793, 7058, 7268, 7690, 8729, 9018, 9574, 10273, 10478, 10924, 11699, 12053, 12683, 12736, 12772, 12945, 15689, 16229]",c2.cp.wikipathways__WP_PRION_DISEASE_PATHWAY
c2.cp.wikipathways,WP_UDPDERIVED_SUGARS_SYNTHESIS_IN_FIBROBLASTS,prerank,0.5934915768386338,1.3942901583462357,0.1315240083507307,0.1536286601439752,1.0,5_11,5/11,21.23%,HK3;HK2;GCK;PGM1;UGDH,HK3;HK2;GCK;PGM1;UGDH;GPI;GALE;UXS1;HK1;GFPT1;PGM3,"[200, 1337, 2648, 3151, 3718, 5213, 6703, 7527, 9289, 11888, 13525]",c2.cp.wikipathways__WP_UDPDERIVED_SUGARS_SYNTHESIS_IN_FIBROBLASTS
c2.cp.wikipathways,WP_FARNESOID_X_RECEPTOR_PATHWAY,prerank,0.5598449425970499,1.3894942863769717,0.1010752688172043,0.15423366840175026,1.0,8_15,8/15,20.06%,FKBP5;RXRA;CYP3A4;IRS2;SLCO2B1;IP6K3;SLC27A5;SLC10A1,FKBP5;RXRA;CYP3A4;IRS2;SLCO2B1;IP6K3;SLC27A5;SLC10A1;CYP8B1;CYP7A1;ABCB4;PPARGC1A;ABCB11;BAAT;NR1H4,"[246, 710, 2099, 2357, 2616, 2638, 3295, 3513, 6647, 8012, 8856, 11622, 11763, 14724, 15445]",c2.cp.wikipathways__WP_FARNESOID_X_RECEPTOR_PATHWAY
c2.cp.wikipathways,WP_4HYDROXYTAMOXIFEN_DEXAMETHASONE_AND_RETINOIC_ACIDS_REGULATION_OF_P27_EXPRESSION,prerank,0.4915326487933861,1.3901047829144215,0.0863157894736842,0.15423808213997148,1.0,6_25,6/25,6.36%,MKNK2;MAP2K3;PIK3R2;EIF4EBP1;PIK3CD;MAPK3,MKNK2;MAP2K3;PIK3R2;EIF4EBP1;PIK3CD;MAPK3;MAP2K2;RAF1;AKT1;MAP3K5;MAP2K1;MKNK1;PIK3R3;PIK3CA;MAP3K11;MAP2K6;TSC2;PBK;MAPK1;MTOR;PIK3CB;TSC1;PIK3R1;EIF4E;PRKAA1,"[81, 292, 350, 455, 790, 1114, 2104, 3033, 3267, 4419, 5701, 6710, 6862, 7105, 7357, 7672, 7998, 11081, 12772, 13065, 13676, 14195, 14526, 16760, 17412]",c2.cp.wikipathways__WP_4HYDROXYTAMOXIFEN_DEXAMETHASONE_AND_RETINOIC_ACIDS_REGULATION_OF_P27_EXPRESSION
c2.cp.wikipathways,WP_PPARALPHA_PATHWAY,prerank,0.5033635919444287,1.3880285461736956,0.0990990990990991,0.15430772277202506,1.0,7_22,7/22,9.33%,NR1H3;APOA1;RXRA;PLTP;MYC;DBI;PPARA,NR1H3;APOA1;RXRA;PLTP;MYC;DBI;PPARA;ACAA1;CPT1A;SLC27A1;CYP8B1;APOA2;CDK4;CYP7A1;CDK1;SCP2;ACADM;CCND1;CYP4A11;CPT2;EHHADH;FABP1,"[444, 666, 710, 964, 1232, 1597, 1634, 3799, 4767, 5383, 6647, 7104, 7822, 8012, 8376, 12157, 13487, 13673, 14759, 15472, 15973, 16196]",c2.cp.wikipathways__WP_PPARALPHA_PATHWAY
c2.cp.wikipathways,WP_MIRNA_REGULATION_OF_P53_PATHWAY_IN_PROSTATE_CANCER,prerank,0.48707763845029856,1.3901638637480227,0.07322175732217573,0.15484458752454885,1.0,13_24,13/24,28.61%,TNFRSF10B;CHEK2;BID;PERP;BAX;DDB2;PMAIP1;BBC3;SESN3;SERPINE1;TP53AIP1;SHISA5;SIAH1,TNFRSF10B;CHEK2;BID;PERP;BAX;DDB2;PMAIP1;BBC3;SESN3;SERPINE1;TP53AIP1;SHISA5;SIAH1;CASP9;EI24;TP53;CYS1;ZMAT3;CASP8;PTEN;ATM;CASP3;APAF1;MDM2,"[539, 581, 779, 1335, 1799, 2302, 3544, 3816, 3906, 4011, 4724, 4898, 5011, 6429, 6944, 8693, 9545, 9859, 10378, 10528, 11270, 12945, 13773, 15285]",c2.cp.wikipathways__WP_MIRNA_REGULATION_OF_P53_PATHWAY_IN_PROSTATE_CANCER
c2.cp.wikipathways,WP_EFFECT_OF_DASATINIB_ON_THE_BCRABL_SIGNALING_PATHWAY,prerank,0.4225882389669246,1.3858947465893279,0.05286343612334802,0.15486683593652695,1.0,20_45,20/45,22.70%,HSPB1;HSPB2;INPP5D;DOK1;PXN;MAPK3;BCL2;SHC2;CRK;SRC;MAPK11;VAV1;RAF1;CBL;CRKL;AKT1;BCAR1;AKT2;ARAF;HRAS,HSPB1;HSPB2;INPP5D;DOK1;PXN;MAPK3;BCL2;SHC2;CRK;SRC;MAPK11;VAV1;RAF1;CBL;CRKL;AKT1;BCAR1;AKT2;ARAF;HRAS;SHC1;RPS6KA1;SOS1;ABL1;BCR;PIK3CA;MAPK14;ATF2;BCL9;MAP3K2;SHC4;GAB2;SPAG1;GRB2;EIF4B;MEF2C;MAPK1;KRAS;PIK3R1;AKT3;BCLAF1;PTK2;NRAS;SHC3;BRAF,"[3, 298, 448, 477, 628, 1114, 1238, 1762, 2270, 2278, 2344, 2843, 3033, 3071, 3142, 3267, 3512, 3956, 3967, 3976, 4654, 5141, 5826, 6593, 7004, 7105, 7304, 8136, 8949, 9404, 10517, 10756, 11151, 11405, 11807, 12683, 12772, 13814, 14526, 14998, 15650, 16229, 16714, 17200, 17259]",c2.cp.wikipathways__WP_EFFECT_OF_DASATINIB_ON_THE_BCRABL_SIGNALING_PATHWAY
c2.cp.wikipathways,WP_IL19_SIGNALING,prerank,0.4758346269940233,1.3880858709031836,0.07268722466960352,0.15492617762805413,1.0,11_25,11/25,20.07%,CXCR4;TGFB1;TNFRSF1A;IL4R;MAPK3;STAT6;NFKB1;STAT3;AKT1;SOCS1;TNF,CXCR4;TGFB1;TNFRSF1A;IL4R;MAPK3;STAT6;NFKB1;STAT3;AKT1;SOCS1;TNF;COL1A1;IL20RA;IL20RB;MUC5AC;MAPK14;CCNB1;IL4;JAK1;RAC1;SOCS5;MAPK1;MAPK8;STAT1;ACTA2,"[77, 386, 390, 462, 1114, 2644, 2835, 3143, 3267, 3430, 3515, 5109, 5945, 6035, 6239, 7304, 8226, 8442, 9271, 11471, 11475, 12772, 16304, 16938, 17077]",c2.cp.wikipathways__WP_IL19_SIGNALING
c2.cp.wikipathways,WP_WNT_SIGNALING,prerank,0.36490486478097756,1.3863291379755065,0.025052192066805846,0.15515277840796843,1.0,24_112,24/112,12.50%,FZD9;CCND3;FZD8;TCF7L1;NFATC4;FRAT2;PLCB3;WNT6;FZD2;AXIN1;DVL1;MYC;FRAT1;CTBP2;NFATC2;LEF1;WNT5B;CTBP1;NFATC1;GPC4;DVL2;FZD1;LRP5;FOSL1,FZD9;CCND3;FZD8;TCF7L1;NFATC4;FRAT2;PLCB3;WNT6;FZD2;AXIN1;DVL1;MYC;FRAT1;CTBP2;NFATC2;LEF1;WNT5B;CTBP1;NFATC1;GPC4;DVL2;FZD1;LRP5;FOSL1;DVL3;SFRP2;JUN;PLCB2;CSNK2B;NOTUM;WNT3;PPP3CC;WNT4;CXXC4;VANGL2;WNT7A;CSNK2A2;TCF7;CAMK2B;DKK1;TCF7L2;PRICKLE2;CSNK1E;DKK4;PLAU;WNT10A;DAAM1;FZD5;WNT7B;WNT16;WNT11;SERPINF1;CAMK2G;SFRP5;KREMEN1;FZD10;FZD7;SOX17;ROR2;RHOA;PORCN;NFATC3;WNT10B;RYK;CAMK2A;NKD2;WNT5A;NKD1;WNT2;PRKCG;MAP3K7;APC;PPP3R2;WIF1;PRICKLE1;WNT2B;PRKCA;PPP3CA;RAC1;PPP3R1;FZD3;ROCK2;VANGL1;PPP3CB;DAAM2;FZD6;CCND2;DKK2;CTNNBIP1;NLK;SENP2;CCND1;ROR1;LRP6;CAMK2D;CHD8;WNT1;PRKCB;MAPK9;PLCB1;SFRP1;PLCB4;GSK3B;CSNK1A1;SOST;CTNNB1;CSNK2A3;CER1;MAPK8;INVS;SFRP4;CSNK2A1,"[83, 223, 225, 230, 262, 388, 441, 579, 841, 877, 1089, 1232, 1279, 1322, 1367, 1377, 1392, 1410, 1675, 1676, 1798, 1987, 2090, 2188, 2492, 2606, 2824, 2865, 2962, 3232, 3325, 3642, 3643, 3747, 3764, 3834, 4037, 4349, 4493, 4704, 4922, 4985, 5083, 5202, 5250, 5355, 5546, 5568, 5668, 5824, 6105, 6444, 6774, 7249, 7308, 7367, 7442, 7508, 7746, 7817, 7857, 7891, 8235, 8260, 8596, 8721, 8910, 9067, 9348, 9622, 9639, 9884, 10012, 10133, 10729, 10827, 10873, 11156, 11471, 11801, 12043, 12203, 12377, 12602, 12746, 12762, 12887, 12906, 13367, 13369, 13554, 13673, 13726, 13826, 13938, 14047, 14329, 14648, 14702, 14865, 15127, 15159, 15613, 15773, 15844, 16018, 16104, 16300, 16304, 16391, 16403, 16833]",c2.cp.wikipathways__WP_WNT_SIGNALING
c2.cp.wikipathways,WP_FOCAL_ADHESION,prerank,0.3371426666545486,1.3839819253902799,0.0199203187250996,0.15598577567717947,1.0,68_192,68/192,22.71%,ITGA10;PARVG;LAMB2;CCND3;CAPN2;FGR;PIK3R2;VASP;PDGFRB;IGF1R;ITGB5;PXN;COL5A3;PPP1CC;RAC3;PIK3CD;HGF;PAK4;ELK1;FYN;MAPK3;PGF;ITGA7;BCL2;VEGFA;VEGFB;FLT1;LAMA5;ITGA5;SHC2;ITGB4;BIRC3;VAV3;ITGA11;LAMC3;CRK;SRC;EGFR;BAD;ERBB2;TNK2;COL4A4;COL2A1;JUN;VAV1;EMP2;RAC2;RAF1;COL6A2;TNXB;VWF;CRKL;AKT1;HCK;MYL7;ITGA2B;RAPGEF1;BCAR1;TLN1;MYL12A;ARHGAP5;ZYX;LAMA3;PIP5K1C;AKT2;ARHGAP35;HRAS;COL1A2,ITGA10;PARVG;LAMB2;CCND3;CAPN2;FGR;PIK3R2;VASP;PDGFRB;IGF1R;ITGB5;PXN;COL5A3;PPP1CC;RAC3;PIK3CD;HGF;PAK4;ELK1;FYN;MAPK3;PGF;ITGA7;BCL2;VEGFA;VEGFB;FLT1;LAMA5;ITGA5;SHC2;ITGB4;BIRC3;VAV3;ITGA11;LAMC3;CRK;SRC;EGFR;BAD;ERBB2;TNK2;COL4A4;COL2A1;JUN;VAV1;EMP2;RAC2;RAF1;COL6A2;TNXB;VWF;CRKL;AKT1;HCK;MYL7;ITGA2B;RAPGEF1;BCAR1;TLN1;MYL12A;ARHGAP5;ZYX;LAMA3;PIP5K1C;AKT2;ARHGAP35;HRAS;COL1A2;ITGA6;PDGFC;PARVA;EGF;ACTN1;SHC1;PARVB;DIAPH1;COL1A1;RAP1A;DOCK1;MAP2K1;SOS1;ILK;ITGA9;BIRC2;SPP1;LAMA1;PPP1R12C;PDGFB;ROCK1;VEGFC;MYL5;PIK3R3;PDGFD;ITGB8;ITGB7;PIK3CA;PPP1CA;FLNA;ITGA1;LAMB3;THBS4;PAK2;PDGFA;LAMC1;ITGB3;RHOA;VAV2;LAMA2;CAV3;COL4A2;THBS3;ITGA3;ITGB6;THBS1;ITGAV;CHAD;MYL12B;PRKCG;ACTN4;LAMA4;COL4A1;TNK1;KDR;SRMS;MAPK10;PAK6;PDGFRA;SHC4;PTEN;FN1;COL4A6;COL5A2;PRKCA;PDPK1;XIAP;TNN;ITGB1;GRB2;MYLK4;RAC1;TESK2;VCL;ITGA8;THBS2;FLNB;PTK6;STYK1;CAV1;ROCK2;ACTB;PPP1CB;MAPK1;CCND2;RAP1B;TLN2;ACTG1;BLK;MYL9;PPP1R12A;FLNC;CCND1;PIK3CB;TXK;MET;PAK1;PIK3R1;CAV2;PRKCB;MAPK9;MYLK;LAMC2;AKT3;IGF1;LAMB1;GSK3B;ITGA2;IBSP;ITGA4;CTNNB1;CDC42;PTK2;MAPK8;RELN;TNC;TNR;MYLK3;RASGRF1;SHC3;PAK3;BRAF;PPP1R12B;MYLK2,"[52, 120, 160, 223, 285, 341, 350, 382, 420, 486, 577, 628, 660, 665, 747, 790, 893, 912, 973, 1046, 1114, 1138, 1142, 1238, 1439, 1509, 1534, 1680, 1748, 1762, 1867, 1994, 2050, 2089, 2141, 2270, 2278, 2347, 2388, 2593, 2702, 2709, 2752, 2824, 2843, 2928, 2938, 3033, 3098, 3106, 3112, 3142, 3267, 3336, 3374, 3407, 3438, 3512, 3565, 3586, 3679, 3873, 3919, 3945, 3956, 3973, 3976, 3978, 4120, 4144, 4403, 4444, 4592, 4654, 4748, 5025, 5109, 5616, 5632, 5701, 5826, 5935, 6033, 6219, 6253, 6474, 6514, 6544, 6585, 6620, 6763, 6862, 6943, 7057, 7085, 7105, 7117, 7192, 7251, 7368, 7386, 7446, 7604, 7640, 7795, 7817, 8144, 8158, 8160, 8242, 8282, 8739, 8865, 9307, 9460, 9537, 9541, 9622, 9667, 9784, 9975, 10129, 10163, 10272, 10309, 10408, 10418, 10517, 10528, 10662, 10672, 10693, 10873, 10975, 11034, 11080, 11311, 11405, 11433, 11471, 11560, 11575, 11611, 11701, 11919, 12025, 12059, 12109, 12203, 12262, 12507, 12772, 12887, 12892, 13068, 13331, 13357, 13517, 13544, 13618, 13673, 13676, 13819, 13901, 14368, 14526, 14528, 14648, 14702, 14708, 14822, 14998, 15473, 15592, 15613, 15635, 15643, 15698, 16018, 16108, 16229, 16304, 16364, 16400, 16585, 16906, 17048, 17200, 17241, 17259, 17335, 17453]",c2.cp.wikipathways__WP_FOCAL_ADHESION
c2.cp.wikipathways,WP_ECTODERM_DIFFERENTIATION,prerank,0.35334158960547624,1.379165146373877,0.0102880658436214,0.15782839656861902,1.0,29_131,29/131,11.21%,TFAP2C;HDAC10;FZD8;TCF7L1;GAS2L1;SGSM3;STC1;TNFRSF11B;BOC;BMP4;TCF3;PIM1;RHPN1;FYN;PODXL;TSKU;MYC;RIT1;FZD4;ZBTB7B;CTBP1;SOX2;GLB1;NFATC1;CCL2;ZNF219;PAN2;ARHGAP15;EDA,TFAP2C;HDAC10;FZD8;TCF7L1;GAS2L1;SGSM3;STC1;TNFRSF11B;BOC;BMP4;TCF3;PIM1;RHPN1;FYN;PODXL;TSKU;MYC;RIT1;FZD4;ZBTB7B;CTBP1;SOX2;GLB1;NFATC1;CCL2;ZNF219;PAN2;ARHGAP15;EDA;GREB1;RGMA;TBL1X;SMAD4;SOCS2;GLI3;SERPINB6;PGM1;KIFC3;TSC22D1;NF2;PPARD;ZBTB2;BAZ1A;LY6E;ABCC4;UBTF;TRPM2;PAX6;MZF1;ARHGAP10;JUP;CTNNA2;CDH6;STX16;HDAC6;PLXNA2;FZD5;PPFIBP2;ARHGDIG;SHH;SDCBP;POU2F2;MAFB;HMGB2;BMPR1A;SPRY2;RRBP1;NR2F2;CELSR2;ZBTB16;CTNND2;ARX;VAX2;ROR2;PHF8;NARS2;SKIL;FOXL1;FHL2;PRKAG2;EDA2R;OGT;ELOVL4;NUMA1;ZFHX4;ELOVL2;RAB8B;MECP2;PI4KA;JAKMIP1;DMD;CCDC88C;PTPN13;PTPRB;SNCA;FGFR2;BCOR;LDB2;GRAMD1B;ASTN1;SORCS1;ST8SIA4;PLCXD3;MKS1;CLDN11;TFAP2A;CLVS1;ARHGEF9;CDON;NLK;BCAS3;CAP2;KCNK10;TOX3;WNT1;TRIM33;CDH8;GATA6;SMURF1;AHI1;C1GALT1;ANKS1B;CTNNB1;SCHIP1;HESX1;NLGN1;WDR44;PDE7A;TTC14;PAX3;LHX1,"[99, 117, 225, 230, 573, 629, 634, 664, 719, 730, 734, 858, 992, 1046, 1091, 1128, 1232, 1364, 1368, 1394, 1410, 1488, 1582, 1675, 1826, 1864, 1931, 1933, 1963, 2183, 2553, 2589, 2618, 2811, 2987, 3029, 3151, 3261, 3531, 3658, 3681, 3722, 3922, 4334, 4382, 4396, 4738, 4803, 4955, 5047, 5286, 5369, 5386, 5441, 5473, 5561, 5568, 5635, 5743, 5805, 5806, 6013, 6394, 6576, 6579, 6637, 6657, 6803, 6895, 7188, 7233, 7449, 7529, 7746, 7988, 8292, 8425, 8428, 8535, 8791, 8894, 9058, 9272, 9366, 9431, 9838, 9955, 10143, 10179, 10219, 10392, 10401, 10575, 10643, 10959, 11001, 11173, 11274, 11729, 11777, 11788, 12051, 12326, 12780, 12822, 12910, 13027, 13170, 13288, 13369, 13423, 13989, 14037, 14137, 14329, 14904, 15633, 15710, 15731, 15771, 15943, 15981, 16018, 16288, 16551, 16739, 16998, 17104, 17307, 17350, 17510]",c2.cp.wikipathways__WP_ECTODERM_DIFFERENTIATION
c2.cp.wikipathways,WP_GNAQ_PATHWAYS_IN_PORTWINE_STAIN,prerank,0.5109882642932969,1.3810781082867647,0.09656652360515021,0.15786613109658212,1.0,8_21,8/21,18.66%,MAP2K3;MAPK3;YAP1;MAP2K2;NFKB1;RAF1;MAP2K7;AKT1,MAP2K3;MAPK3;YAP1;MAP2K2;NFKB1;RAF1;MAP2K7;AKT1;AMOT;MAP2K1;PIK3CA;MAP2K6;RHOA;MAP2K5;TRIO;MAP2K4;GNAQ;RAC1;MAPK1;MTOR;PDK1,"[292, 1114, 2016, 2104, 2835, 3033, 3121, 3267, 4997, 5701, 7105, 7672, 7817, 7975, 8219, 8233, 10758, 11471, 12772, 13065, 16370]",c2.cp.wikipathways__WP_GNAQ_PATHWAYS_IN_PORTWINE_STAIN
c2.cp.wikipathways,WP_NONGENOMIC_ACTIONS_OF_125DIHYDROXYVITAMIN_D3,prerank,0.3908460590313808,1.3804140516387207,0.06956521739130435,0.15795327186246527,1.0,28_69,28/69,21.82%,NFKB2;IFNA2;TNFRSF1A;PLCB3;RXRA;TLR2;TLR8;MAPK3;TYK2;IFNGR2;IFI27L2;NOD2;PLCD1;CD40;CCL2;IL6;IKBKB;MAPK11;JUN;NFKB1;PLCB2;MAPK12;TNF;TLR4;MAPK7;RXRG;CYP27B1;ETS1,NFKB2;IFNA2;TNFRSF1A;PLCB3;RXRA;TLR2;TLR8;MAPK3;TYK2;IFNGR2;IFI27L2;NOD2;PLCD1;CD40;CCL2;IL6;IKBKB;MAPK11;JUN;NFKB1;PLCB2;MAPK12;TNF;TLR4;MAPK7;RXRG;CYP27B1;ETS1;HRAS;SP1;CAMK2B;VDR;ISG15;IFNGR1;PRKCH;PLCE1;CAMK2G;MAPK14;RELB;PLCG2;CAMK2A;MAPK13;JAK1;STAT2;PRKCD;PRKCG;IFNAR2;RXRB;SP3;PRKCA;OAS2;CAV1;MAPK1;PRKCZ;PRKCE;KRAS;CAMK2D;PRKCB;MAPK9;PLCB1;PLCB4;MED1;RSAD2;CYP24A1;MAPK8;PRKCQ;NRAS;IFI44L;STAT1,"[56, 178, 390, 441, 710, 745, 783, 1114, 1122, 1147, 1257, 1266, 1474, 1795, 1826, 2121, 2341, 2344, 2824, 2835, 2865, 2998, 3515, 3516, 3561, 3602, 3820, 3821, 3976, 4488, 4493, 4946, 5552, 5613, 6300, 6601, 6774, 7304, 7492, 7982, 8596, 8706, 9271, 9534, 9580, 9622, 9792, 9818, 10351, 10873, 11058, 12109, 12772, 13086, 13636, 13814, 13938, 14648, 14702, 14865, 15159, 15302, 15449, 15989, 16304, 16535, 16714, 16902, 16938]",c2.cp.wikipathways__WP_NONGENOMIC_ACTIONS_OF_125DIHYDROXYVITAMIN_D3
c2.cp.wikipathways,WP_OVERVIEW_OF_NANOPARTICLE_EFFECTS,prerank,0.5180510930052101,1.3794270164960936,0.1023454157782516,0.15818884194309601,1.0,7_18,7/18,15.07%,CCND3;HMOX1;PIK3CD;BCL2;BAX;IL6;CRP,CCND3;HMOX1;PIK3CD;BCL2;BAX;IL6;CRP;TNF;LAMA3;NFRKB;PTGS1;COL4A1;FN1;PTGS2;CDH3;ITGAD;AKT3;PTK2,"[223, 693, 790, 1238, 1799, 2121, 2639, 3515, 3919, 5498, 6934, 9975, 10662, 11182, 12052, 12744, 14998, 16229]",c2.cp.wikipathways__WP_OVERVIEW_OF_NANOPARTICLE_EFFECTS
c2.cp.wikipathways,WP_VITAMIN_D_IN_INFLAMMATORY_DISEASES,prerank,0.4914075316225046,1.3775653319419399,0.0860655737704918,0.15877147087354138,1.0,9_22,9/22,16.19%,RELA;NFKBIA;MAP2K3;RXRA;NFATC1;IL6;IKBKB;SMAD4;NFKB1,RELA;NFKBIA;MAP2K3;RXRA;NFATC1;IL6;IKBKB;SMAD4;NFKB1;TNF;DUSP1;VDR;SMAD3;MAP3K1;MAPK14;IKBKG;MAP2K6;PPP3CA;PPP3R1;CHUK;NR3C1;MED14,"[68, 132, 292, 710, 1675, 2121, 2341, 2618, 2835, 3515, 4446, 4946, 5844, 7054, 7304, 7584, 7672, 11156, 11801, 12017, 14123, 17514]",c2.cp.wikipathways__WP_VITAMIN_D_IN_INFLAMMATORY_DISEASES
c2.cp.wikipathways,WP_BMP_SIGNALING_IN_EYELID_DEVELOPMENT,prerank,0.5217730599246511,1.3767069878465394,0.0872210953346856,0.15903782820009676,1.0,9_19,9/19,17.47%,BMP4;INHBB;MAPK3;FOXC1;EGFR;NOTCH1;SMAD4;JUN;FOXC2,BMP4;INHBB;MAPK3;FOXC1;EGFR;NOTCH1;SMAD4;JUN;FOXC2;SHH;SMAD5;MAP3K1;SMAD1;FGFR2;FGF10;DKK2;MAPK9;TGFA;SFRP1,"[730, 1020, 1114, 1187, 2347, 2437, 2618, 2824, 3060, 5805, 6234, 7054, 7143, 11001, 12099, 12906, 14702, 14919, 15127]",c2.cp.wikipathways__WP_BMP_SIGNALING_IN_EYELID_DEVELOPMENT
c2.cp.wikipathways,WP_SPINAL_CORD_INJURY,prerank,0.36542406342190464,1.3731798878547927,0.021231422505307854,0.1612272034391238,1.0,39_109,39/109,21.44%,MMP9;TGFB1;FCGR2A;CHST11;C1QB;MAPK3;MYC;PRB2;BCAN;GFAP;RHOC;CDK2;GJA1;LILRB3;CXCL1;CCL2;ICAM1;SOX9;ARG1;CCR2;PRB1;IL6;EGFR;VIM;CSPG4;MIF;RGMA;AQP1;COL2A1;CCNG1;FOS;E2F5;TNF;TLR4;AQP4;TNFSF13B;VCAN;CXCL10;ZFP36,MMP9;TGFB1;FCGR2A;CHST11;C1QB;MAPK3;MYC;PRB2;BCAN;GFAP;RHOC;CDK2;GJA1;LILRB3;CXCL1;CCL2;ICAM1;SOX9;ARG1;CCR2;PRB1;IL6;EGFR;VIM;CSPG4;MIF;RGMA;AQP1;COL2A1;CCNG1;FOS;E2F5;TNF;TLR4;AQP4;TNFSF13B;VCAN;CXCL10;ZFP36;EFNB2;IL1B;GRIN1;NGFR;NCAN;IL1R1;TNFSF13;PLXNA2;CXCL2;ANXA1;LTB;LGALS3;GADD45A;AIF1;FKBP1A;ACAN;CDKN1B;E2F1;RHOA;CDK4;RTN4R;FOXO3;PLA2G5;CDK1;PTPRZ1;IL4;LTB4R;TP53;RHOB;BTG2;MBP;RB1;COL4A1;ROS1;EPHA4;NR4A1;PRKCA;PPP3CA;PTGS2;XYLT1;RAC1;NOS2;NTN1;SEMA6A;GDNF;APEX1;ROCK2;GAP43;PDYN;PLA2G6;SLIT3;IL1A;MAPK1;CASP3;SLIT1;SELP;CCND1;MAG;NOX4;SLIT2;RTN4;PTPRA;EGR1;OMG;NOS1;CDC42;TACR1;CD47;C5;BDNF,"[27, 386, 648, 1014, 1031, 1114, 1232, 1374, 1385, 1409, 1447, 1573, 1579, 1620, 1774, 1826, 1872, 2005, 2020, 2082, 2113, 2121, 2347, 2436, 2442, 2475, 2553, 2580, 2752, 2754, 2889, 3102, 3515, 3516, 3526, 3536, 3662, 3676, 3755, 4454, 4629, 4890, 4970, 5017, 5151, 5347, 5561, 5578, 6173, 6278, 6287, 6740, 6768, 7100, 7193, 7452, 7793, 7817, 7822, 7943, 8003, 8050, 8376, 8386, 8442, 8660, 8693, 8719, 8882, 9036, 9620, 9975, 10040, 10180, 10627, 10873, 11156, 11182, 11204, 11471, 11576, 11694, 11718, 12063, 12075, 12203, 12313, 12335, 12453, 12463, 12614, 12772, 12945, 13362, 13476, 13673, 13761, 14437, 14538, 14995, 15193, 15627, 15648, 15846, 16108, 16625, 17045, 17107, 17360]",c2.cp.wikipathways__WP_SPINAL_CORD_INJURY
c2.cp.wikipathways,WP_NONALCOHOLIC_FATTY_LIVER_DISEASE,prerank,0.34626569335118285,1.3735115405805838,0.025,0.16157092218074948,1.0,34_147,34/147,16.19%,RELA;CASP7;PIK3R2;ATF4;TGFB1;TNFRSF1A;NR1H3;TRAF2;SOCS3;RXRA;DDIT3;BID;PIK3CD;NDUFA4L2;XBP1;COX8C;NDUFA13;NDUFS8;MLXIPL;PPARA;SMAD7;BAX;CCL2;IL6R;IL6;NDUFB11;IKBKB;IRS2;COX6A2;COX7C;NDUFA11;NDUFV2;JUN;NFKB1,RELA;CASP7;PIK3R2;ATF4;TGFB1;TNFRSF1A;NR1H3;TRAF2;SOCS3;RXRA;DDIT3;BID;PIK3CD;NDUFA4L2;XBP1;COX8C;NDUFA13;NDUFS8;MLXIPL;PPARA;SMAD7;BAX;CCL2;IL6R;IL6;NDUFB11;IKBKB;IRS2;COX6A2;COX7C;NDUFA11;NDUFV2;JUN;NFKB1;INSR;AKT1;TNF;NDUFB7;NDUFB4;ADIPOR2;UQCR10;BCL2L11;BBC3;AKT2;NDUFA3;NDUFA8;NDUFS2;NDUFB10;UQCRH;NDUFA12;MAP3K5;NDUFA1;GSK3A;UQCRQ;COX6B2;IL1B;COX5B;MLX;NDUFB8;COX4I1;UQCR11;CEBPA;IRS1;NDUFS6;PRKAG3;COX6A1;UQCRC1;LEPR;CYC1;NDUFS7;NDUFS5;NDUFB9;COX6B1;COX5A;COX6C;COX7A2;NDUFA2;PIK3R3;COX7A1;PIK3CA;NDUFS3;NDUFB6;MAP3K11;NDUFA4;MT-CO1;UQCRB;NDUFV1;NDUFC1;MT-CO2;NDUFV3;NDUFA6;UQCRFS1;NDUFAB1;COX8A;COX4I2;MT-CYB;BAK1;PRKAG2;COX7A2L;NDUFB1;NDUFB2;SREBF1;FAS;MLXIP;NDUFB3;CASP8;NDUFC2;NDUFC2-KCTD14;ERN1;NDUFS4;RAC1;PRKAA2;VCAM1;COX7B;CYCS;NDUFA7;MT-CO3;NDUFB5;SDHD;IL1A;ADIPOR1;CASP3;PRKAB1;SDHB;PIK3CB;PRKAB2;NDUFA10;SDHA;CYP2E1;PIK3R1;EIF2AK3;EIF2S1;MAPK9;AKT3;NDUFA9;SDHC;NR1H4;NDUFA5;PKLR;GSK3B;UQCRC2;ITCH;CDC42;MAPK8;PRKAG1;NDUFS1;PRKAA1,"[68, 112, 350, 381, 386, 390, 444, 494, 619, 710, 729, 779, 790, 928, 1084, 1302, 1357, 1492, 1621, 1634, 1659, 1799, 1826, 2017, 2121, 2228, 2341, 2357, 2434, 2712, 2799, 2803, 2824, 2835, 3052, 3267, 3515, 3611, 3631, 3692, 3793, 3812, 3816, 3956, 3997, 4102, 4184, 4266, 4384, 4418, 4419, 4429, 4452, 4509, 4550, 4629, 4769, 4802, 4805, 4836, 4882, 5110, 5115, 5133, 5219, 5419, 5608, 5645, 5661, 5669, 6012, 6057, 6303, 6389, 6499, 6515, 6766, 6862, 6873, 7105, 7168, 7276, 7357, 7420, 7471, 7480, 7591, 7758, 7791, 7964, 7971, 7978, 8115, 8139, 8271, 8295, 8735, 8791, 9100, 9143, 9325, 9432, 9493, 10073, 10262, 10378, 10727, 10814, 10889, 11106, 11471, 11483, 11751, 11850, 11932, 12000, 12088, 12563, 12596, 12614, 12823, 12945, 13247, 13413, 13676, 13709, 13843, 13860, 14038, 14526, 14600, 14673, 14702, 14998, 15019, 15164, 15445, 15506, 15524, 15613, 15798, 15849, 16108, 16304, 16705, 17390, 17412]",c2.cp.wikipathways__WP_NONALCOHOLIC_FATTY_LIVER_DISEASE
c2.cp.wikipathways,WP_NUCLEOTIDE_EXCISION_REPAIR_IN_XERODERMA_PIGMENTOSUM,prerank,-0.5125999194931004,-1.7468051540424319,0.003683241252302026,0.16164261635966506,0.57,30_58,30/58,29.55%,GTF2H5;RFC3;GTF2H3;RAD18;CCNH;SLX4IP;HMGN1;POLE2;GTF2H4;XPA;UVSSA;GTF2H1;CHD1L;POLK;CUL4B;RPA3;SLX4;XPC;RFC1;DDB1;MNAT1;ERCC3;POLD3;ERCC6;RFC2;LIG3;ERCC8;POLH;POLE3;ERCC4,POLD1;POLE4;DDB2;RFC4;POLD2;GTF2H2;ERCC1;ERCC2;RAD23A;POLE;GPS1;XAB2;PCNA;RPA1;POLD4;LIG1;XRCC1;RBX1;CUL4A;BRCA1;RFC5;RAD23B;USP7;PARP1;CETN2;RPA2;CDK7;GTF2H2C;ERCC4;POLE3;POLH;ERCC8;LIG3;RFC2;ERCC6;POLD3;ERCC3;MNAT1;DDB1;RFC1;XPC;SLX4;RPA3;CUL4B;POLK;CHD1L;GTF2H1;UVSSA;XPA;GTF2H4;POLE2;HMGN1;SLX4IP;CCNH;RAD18;GTF2H3;RFC3;GTF2H5,"[863, 1269, 2302, 2646, 4374, 5172, 5200, 5609, 5797, 5832, 6110, 6275, 6282, 6545, 6886, 6992, 8006, 8474, 8475, 8479, 8556, 9640, 9680, 9697, 9720, 10282, 10485, 10521, 12343, 12411, 12508, 12664, 12722, 12745, 13196, 13221, 13398, 13965, 14043, 14088, 14321, 14989, 14991, 15024, 15086, 15554, 15705, 16153, 16248, 16328, 16418, 16952, 16973, 17029, 17033, 17089, 17159, 17245]",c2.cp.wikipathways__WP_NUCLEOTIDE_EXCISION_REPAIR_IN_XERODERMA_PIGMENTOSUM
c2.cp.wikipathways,WP_SARS_CORONAVIRUS_AND_INNATE_IMMUNITY,prerank,0.5073451583110005,1.3707369863214978,0.1074561403508772,0.16269429947020497,1.0,4_22,4/22,6.76%,IFNA2;IRF3;TYK2;TICAM1,IFNA2;IRF3;TYK2;TICAM1;IRF9;IKBKE;IFNA13;IFNA21;IFIH1;TRAF3;IFNA1;JAK1;TLR3;STAT2;IFNA8;IFNAR2;IFNA6;IFNAR1;MAVS;ACE2;TBK1;STAT1,"[178, 315, 1122, 1184, 2767, 3163, 4952, 5807, 6949, 7749, 9040, 9271, 9420, 9534, 9616, 9792, 10218, 10611, 11317, 12402, 12506, 16938]",c2.cp.wikipathways__WP_SARS_CORONAVIRUS_AND_INNATE_IMMUNITY
c2.cp.wikipathways,WP_UREA_CYCLE_AND_METABOLISM_OF_AMINO_GROUPS,prerank,0.5045982937206369,1.3592138181874949,0.09956709956709957,0.1724272753354592,1.0,5_20,5/20,14.53%,NAGS;CKM;PYCR1;ARG1;CKB,NAGS;CKM;PYCR1;ARG1;CKB;ARG2;ASS1;SMS;ALDH18A1;GATM;SRM;ODC1;GLUD1;GAMT;SARDH;ASL;ACY1;OTC;OAT;CPS1,"[250, 1419, 1529, 2020, 2545, 3931, 5245, 5564, 6115, 6905, 7886, 8369, 8416, 9819, 11013, 11228, 11398, 12240, 12779, 13162]",c2.cp.wikipathways__WP_UREA_CYCLE_AND_METABOLISM_OF_AMINO_GROUPS
c2.cp.wikipathways,WP_ENDOPLASMIC_RETICULUM_STRESS_RESPONSE_IN_CORONAVIRUS_INFECTION,prerank,0.41535396623973714,1.3598589119171889,0.06666666666666667,0.172472262932146,1.0,14_45,14/45,10.35%,PPP1R3D;ATF4;PPP1R3G;PPP1CC;DDIT3;PPP1R14B;XBP1;PPP1R16A;BCL2;PPP1R1A;PPP1R3B;PPP1R3C;HSPA5;PPP1R10,PPP1R3D;ATF4;PPP1R3G;PPP1CC;DDIT3;PPP1R14B;XBP1;PPP1R16A;BCL2;PPP1R1A;PPP1R3B;PPP1R3C;HSPA5;PPP1R10;PPP1R15A;PPP1R15B;PPP1R1B;PPP1R12C;PPP1R13B;PPP1CA;PPP1R3F;PPP1R14D;MBTPS1;MAP1LC3A;PPP1R7;PPP1R1C;ERN1;PPP1R11;PPP1R8;EIF2AK2;PPP1R9A;PPP1R14C;PPP1CB;PPP1R16B;PPP1R12A;PPP1R14A;EIF2AK3;EIF2S1;PPP1R3E;EIF2AK1;PPP1R2;MAPK8;ATF6;PPP1R12B;MBTPS2,"[313, 381, 495, 665, 729, 1003, 1084, 1208, 1238, 1271, 1636, 1733, 1765, 1812, 2828, 3953, 6119, 6514, 6869, 7117, 7282, 7543, 7745, 8138, 8862, 9576, 10889, 10997, 11368, 11535, 11542, 11552, 12507, 12977, 13544, 14139, 14600, 14673, 15598, 15783, 16137, 16304, 17166, 17335, 17387]",c2.cp.wikipathways__WP_ENDOPLASMIC_RETICULUM_STRESS_RESPONSE_IN_CORONAVIRUS_INFECTION
c2.cp.wikipathways,WP_DNA_REPAIR_PATHWAYS_FULL_NETWORK,prerank,-0.47788273368895035,-1.8232977006324727,0.0,0.1744307980336892,0.257,40_114,40/114,20.64%,ATR;MSH2;FANCD2;PMS2;GTF2H5;RFC3;GTF2H3;CCNH;MBD4;PRKDC;PARP2;MSH3;WRN;NBN;POLE2;GTF2H4;TDG;FANCM;MLH1;XPA;RAD50;XRCC5;LIG4;XRCC4;GTF2H1;POLK;CUL4B;RPA3;REV3L;FEN1;POLI;FAN1;CHEK1;XPC;PALB2;HMGB1;RFC1;DDB1;MNAT1;POLL,POLD1;UNG;POLE4;FANCE;FANCC;APEX2;DDB2;RFC4;NTHL1;RAD52;NHEJ1;MPG;ERCC5;POLD2;FANCG;MUTYH;NEIL2;GTF2H2;ERCC1;OGG1;PNKP;ERCC2;RAP1A;RAD23A;POLE;TERF2;PCNA;RPA1;RAD51;WDR48;POLD4;LIG1;DCLRE1C;RAD54B;XRCC1;FANCI;RBX1;CUL4A;BRCA1;FANCA;RFC5;BRCA2;RAD23B;PARP1;CETN2;POLM;MSH6;RPA2;CDK7;RAD51C;GTF2H2C;MGMT;USP1;POLB;SMUG1;ATM;XRCC6;FANCB;APEX1;FANCL;NEIL3;REV1;ERCC4;POLE3;BRIP1;EXO1;POLH;ERCC8;LIG3;RFC2;ERCC6;FANCF;POLD3;ERCC3;POLL;MNAT1;DDB1;RFC1;HMGB1;PALB2;XPC;CHEK1;FAN1;POLI;FEN1;REV3L;RPA3;CUL4B;POLK;GTF2H1;XRCC4;LIG4;XRCC5;RAD50;XPA;MLH1;FANCM;TDG;GTF2H4;POLE2;NBN;WRN;MSH3;PARP2;PRKDC;MBD4;CCNH;GTF2H3;RFC3;GTF2H5;PMS2;FANCD2;MSH2;ATR,"[863, 940, 1269, 1602, 1672, 1815, 2302, 2646, 3287, 3505, 3592, 3639, 4096, 4374, 4445, 4649, 4878, 5172, 5200, 5263, 5442, 5609, 5616, 5797, 5832, 5904, 6282, 6545, 6595, 6792, 6886, 6992, 7037, 7392, 8006, 8465, 8474, 8475, 8479, 8525, 8556, 8630, 9640, 9697, 9720, 9808, 10063, 10282, 10485, 10499, 10521, 10781, 10872, 11066, 11086, 11270, 11348, 11573, 12075, 12124, 12205, 12215, 12343, 12411, 12449, 12455, 12508, 12664, 12722, 12745, 13196, 13210, 13221, 13398, 13904, 13965, 14043, 14088, 14226, 14244, 14321, 14334, 14343, 14640, 14856, 14926, 14991, 15024, 15086, 15705, 15735, 16077, 16129, 16167, 16248, 16252, 16299, 16308, 16328, 16418, 16435, 16497, 16504, 16516, 16539, 16724, 17029, 17089, 17159, 17245, 17324, 17393, 17502, 17503]",c2.cp.wikipathways__WP_DNA_REPAIR_PATHWAYS_FULL_NETWORK
c2.cp.wikipathways,WP_PHYSICOCHEMICAL_FEATURES_AND_TOXICITYASSOCIATED_PATHWAYS,prerank,0.3910135458386715,1.3550505280208098,0.04781704781704782,0.17535511458391342,1.0,21_63,21/63,19.40%,FZD9;FZD8;PLCG1;FZD2;AXIN1;ELK1;DVL1;MYC;GPX1;FZD4;CDKN1A;FZD1;SRC;EGFR;ERBB2;JUN;ACTA1;RAF1;CBL;AKT1;SOD1,FZD9;FZD8;PLCG1;FZD2;AXIN1;ELK1;DVL1;MYC;GPX1;FZD4;CDKN1A;FZD1;SRC;EGFR;ERBB2;JUN;ACTA1;RAF1;CBL;AKT1;SOD1;STAT5A;SHC1;PFN1;DAAM1;FZD5;MAP2K1;WNT16;SOS1;WNT11;NCK1;NEFH;PIK3CG;CAMK1;FZD10;FZD7;CDKN1B;RHOA;GRIA1;MAP2K4;TMSB4X;APC;NEFM;FN1;GRB2;PFN4;FZD3;ROCK2;PPP2CA;FZD6;MAPK1;ERBB4;PFN2;PAK1;ACTR3;MYLK;TGFA;GSK3B;NOS1;CTNNB1;PTK2;MAPK8;ACTR2,"[83, 225, 405, 841, 877, 973, 1089, 1232, 1260, 1368, 1714, 1987, 2278, 2347, 2593, 2824, 2840, 3033, 3071, 3267, 3398, 4109, 4654, 5360, 5546, 5568, 5701, 5824, 5826, 6105, 6129, 6181, 6453, 6902, 7367, 7442, 7452, 7817, 8002, 8233, 9219, 9884, 10277, 10662, 11405, 11892, 12043, 12203, 12732, 12762, 12772, 13750, 13871, 14368, 14586, 14708, 14919, 15613, 15846, 16018, 16229, 16304, 16913]",c2.cp.wikipathways__WP_PHYSICOCHEMICAL_FEATURES_AND_TOXICITYASSOCIATED_PATHWAYS
c2.cp.wikipathways,WP_CARDIAC_HYPERTROPHIC_RESPONSE,prerank,0.40649114209963455,1.3550511745241625,0.06722689075630252,0.17603478557067279,1.0,19_52,19/52,20.33%,MAP2K3;TGFB1;TNFRSF1A;HDAC7;MAP4K1;MAPK3;HDAC4;NFATC2;MAP2K2;FGF2;IKBKB;PRKD1;NFKB1;RAF1;MAP2K7;IKBKE;AKT1;TNF;MAPK7,MAP2K3;TGFB1;TNFRSF1A;HDAC7;MAP4K1;MAPK3;HDAC4;NFATC2;MAP2K2;FGF2;IKBKB;PRKD1;NFKB1;RAF1;MAP2K7;IKBKE;AKT1;TNF;MAPK7;AKT2;EGF;CDK9;HDAC5;TGFBR1;MAP2K1;PRKG1;MAP3K1;MAPK14;IKBKG;MAP2K6;MAP2K5;NPPA;MAP2K4;MAP3K7;CDK7;PRKCA;NRG1;PDPK1;FGFR2;PPP3CA;RAC1;CHUK;MAPK1;MTOR;CAMK2D;CALM1;MEF2A;IGF1;GSK3B;HDAC9;GUCA1A;MAPK8,"[292, 386, 390, 678, 993, 1114, 1124, 1367, 2104, 2211, 2341, 2628, 2835, 3033, 3121, 3163, 3267, 3515, 3561, 3956, 4444, 4491, 4646, 5624, 5701, 7044, 7054, 7304, 7584, 7672, 7975, 8110, 8233, 9639, 10485, 10873, 10902, 10975, 11001, 11156, 11471, 12017, 12772, 13065, 13938, 14779, 15464, 15473, 15613, 15818, 16066, 16304]",c2.cp.wikipathways__WP_CARDIAC_HYPERTROPHIC_RESPONSE
c2.cp.wikipathways,WP_FOXP3_IN_COVID19,prerank,0.5582253334707613,1.3531383132177888,0.09090909090909091,0.1765313800504366,1.0,7_13,7/13,17.95%,IL2RG;CD86;IL6R;IL6;IL7R;CD80;STAT3,IL2RG;CD86;IL6R;IL6;IL7R;CD80;STAT3;STAT5A;STAT5B;IL6ST;CD28;IL2RB;FOXP3,"[180, 1574, 2017, 2121, 2230, 3114, 3143, 4109, 5095, 5448, 9793, 14160, 15494]",c2.cp.wikipathways__WP_FOXP3_IN_COVID19
c2.cp.wikipathways,WP_CCL18_SIGNALING,prerank,0.44176885193477844,1.3498973627109083,0.08533916849015317,0.17923991982932017,1.0,9_30,9/30,14.43%,MMP9;TEAD4;MYC;AK4;FZD4;TWIST1;KIF5B;VIM;SNAI1,MMP9;TEAD4;MYC;AK4;FZD4;TWIST1;KIF5B;VIM;SNAI1;SLC2A1;CDH2;COL1A2;ATF3;CD44;VEGFC;PTK2B;EP300;MT-CO2;HIF1A;CDH1;LDHA;PTEN;FN1;VCAM1;MMP2;TFAP2A;ZEB2;MTDH;STAT1;ACTA2,"[27, 785, 1232, 1249, 1368, 1908, 2312, 2436, 2526, 3156, 3499, 3978, 5684, 5731, 6620, 6883, 7268, 7791, 8234, 8970, 9549, 10528, 10662, 11751, 11784, 12910, 14204, 15416, 16938, 17077]",c2.cp.wikipathways__WP_CCL18_SIGNALING
c2.cp.wikipathways,WP_NONSMALL_CELL_LUNG_CANCER,prerank,0.37777594710987433,1.3459347062211902,0.04468085106382979,0.18277225651658063,1.0,28_72,28/72,23.46%,PIK3R2;PLCG1;CRABP1;RXRA;BID;PIK3CD;MAPK3;CRABP2;RASSF1;GADD45B;GADD45G;CDKN1A;BAX;E2F2;MAP2K2;DDB2;EGFR;BAD;ERBB2;RAF1;STAT3;AKT1;RXRG;CDKN2A;AKT2;ARAF;HRAS;STAT5A,PIK3R2;PLCG1;CRABP1;RXRA;BID;PIK3CD;MAPK3;CRABP2;RASSF1;GADD45B;GADD45G;CDKN1A;BAX;E2F2;MAP2K2;DDB2;EGFR;BAD;ERBB2;RAF1;STAT3;AKT1;RXRG;CDKN2A;AKT2;ARAF;HRAS;STAT5A;EGF;STAT5B;JAK3;MAP2K1;SOS1;ALK;CASP9;GADD45A;PIK3R3;PIK3CA;E2F1;CDK4;PLCG2;FOXO3;RASSF5;TP53;BAK1;STK4;RB1;PRKCG;RXRB;CASP8;RARB;PRKCA;CDK6;GRB2;FHIT;CYCS;EML4;SOS2;MAPK1;CASP3;CCND1;PIK3CB;KRAS;PIK3R1;E2F3;PRKCB;TGFA;AKT3;POLK;PDK1;NRAS;BRAF,"[350, 405, 550, 710, 779, 790, 1114, 1490, 1540, 1626, 1669, 1714, 1799, 1883, 2104, 2302, 2347, 2388, 2593, 3033, 3143, 3267, 3602, 3605, 3956, 3967, 3976, 4109, 4444, 5095, 5207, 5701, 5826, 5957, 6429, 6740, 6862, 7105, 7793, 7822, 7982, 8003, 8008, 8693, 8735, 8809, 9620, 9622, 9818, 10378, 10395, 10873, 11099, 11405, 11500, 11932, 12195, 12680, 12772, 12945, 13673, 13676, 13814, 14526, 14549, 14648, 14919, 14998, 15086, 16370, 16714, 17259]",c2.cp.wikipathways__WP_NONSMALL_CELL_LUNG_CANCER
c2.cp.wikipathways,WP_TAR_SYNDROME,prerank,0.4026295177781464,1.3421389116629616,0.08492569002123142,0.18477844485018766,1.0,17_55,17/55,16.29%,DDIT4;ITGA10;CXCR4;FURIN;NUDT17;ANKRD35;LCK;PDZK1IP1;UBE2I;EGFR;CD160;HAMP;MITD1;CD247;POLR3GL;NFKB1;MTA1,DDIT4;ITGA10;CXCR4;FURIN;NUDT17;ANKRD35;LCK;PDZK1IP1;UBE2I;EGFR;CD160;HAMP;MITD1;CD247;POLR3GL;NFKB1;MTA1;STAT3;HLA-E;HLA-B;RBCK1;TNFRSF14;SIRT1;HLA-F;ZFHX3;LAMTOR1;HLA-C;MAGOH;GPR89A;HLA-A;SUMO2;DNM1;PIAS3;HLA-G;BRF1;TXN;HDAC2;AKAP10;PEX11B;ITGB1;SLC34A3;PDZK1;EIF4A3;SLC22A4;BCL2L13;MET;FARP2;SLK;PEX19;POLR3C;POLR3G;CLCN3;POLR3F;FLT3;CFTR,"[11, 52, 77, 555, 571, 995, 1019, 1230, 1857, 2347, 2405, 2500, 2536, 2564, 2751, 2835, 2852, 3143, 3356, 3617, 3647, 3763, 3998, 4126, 4417, 5458, 5482, 5507, 5588, 7039, 7732, 8266, 8362, 8447, 8876, 8981, 9498, 9603, 11074, 11311, 11566, 13107, 13191, 13349, 13547, 13901, 14184, 14790, 15614, 15750, 16005, 16560, 16986, 17194, 17252]",c2.cp.wikipathways__WP_TAR_SYNDROME
c2.cp.wikipathways,WP_CANONICAL_AND_NONCANONICAL_NOTCH_SIGNALING,prerank,0.4572082567075684,1.342379114604611,0.09567198177676538,0.18524393655477223,1.0,12_27,12/27,22.02%,DLL4;NOTCH4;LEF1;JAG2;NOTCH2;DLL1;NOTCH1;MFAP1;HES1;RRAS;MAML2;NOTCH3,DLL4;NOTCH4;LEF1;JAG2;NOTCH2;DLL1;NOTCH1;MFAP1;HES1;RRAS;MAML2;NOTCH3;MFAP2;JAG1;MAML1;HEY1;DLL3;DLK1;DLK2;PSEN2;DNER;CHUK;RBPJ;ADAM10;PSEN1;CNTN6;MAML3,"[332, 781, 1377, 2168, 2279, 2363, 2437, 3314, 3383, 3458, 3619, 3857, 4570, 5281, 6909, 8866, 9053, 10158, 10469, 10674, 11766, 12017, 12114, 13386, 13571, 14545, 14918]",c2.cp.wikipathways__WP_CANONICAL_AND_NONCANONICAL_NOTCH_SIGNALING
c2.cp.wikipathways,WP_FOLATE_METABOLISM,prerank,0.3974763509652996,1.3427732760134021,0.053830227743271224,0.18560119206871128,1.0,24_59,24/59,20.07%,NFKB2;RELA;CSF1;APOA1;MTHFD2;SHMT2;SLC19A1;GPX1;FOLR2;CBS;CCL2;ICAM1;IL6;MTHFS;SCARB1;SERPINA3;ABCA1;CRP;NFKB1;INSR;SHMT1;FOLR3;SOD1;TNF,NFKB2;RELA;CSF1;APOA1;MTHFD2;SHMT2;SLC19A1;GPX1;FOLR2;CBS;CCL2;ICAM1;IL6;MTHFS;SCARB1;SERPINA3;ABCA1;CRP;NFKB1;INSR;SHMT1;FOLR3;SOD1;TNF;FLAD1;SERPINE1;GPX4;SLC46A1;IL1B;LDLR;GPX2;FOLR1;DHFR;PLAT;SOD3;MTHFR;F2;MAT1A;GPX3;IL4;TP53;APOB;SOD2;CAT;PLG;AHCY;SAA4;RFK;MPO;SAA2;F7;CTH;HBA1;MTHFD1;MTRR;HBB;GART;ALB;MTR,"[56, 68, 137, 666, 723, 738, 989, 1260, 1729, 1781, 1826, 1872, 2121, 2167, 2430, 2558, 2620, 2639, 2835, 3052, 3082, 3189, 3398, 3515, 3835, 4011, 4303, 4502, 4629, 4749, 5584, 5727, 5804, 5897, 6504, 6721, 7524, 7783, 7945, 8442, 8693, 9399, 9445, 9839, 9981, 10439, 12049, 12361, 12599, 14579, 14816, 15409, 15448, 15626, 16354, 17049, 17114, 17145, 17470]",c2.cp.wikipathways__WP_FOLATE_METABOLISM
c2.cp.wikipathways,WP_PSORIASIS_MECHANISMS_AND_THERAPIES,prerank,0.5474321160006044,1.3391802225253266,0.1314655172413793,0.18603538890669313,1.0,7_13,7/13,22.06%,TYK2;CCL20;CXCL1;STAT3;IL17RC;TNF;IL23A,TYK2;CCL20;CXCL1;STAT3;IL17RC;TNF;IL23A;IL1B;HLA-C;IL12B;JAK2;IL12RB1;CCR6,"[1122, 1617, 1774, 3143, 3234, 3515, 3864, 4629, 5482, 6713, 8889, 12365, 13588]",c2.cp.wikipathways__WP_PSORIASIS_MECHANISMS_AND_THERAPIES
c2.cp.wikipathways,WP_AEROBIC_GLYCOLYSIS_AUGMENTED,prerank,0.5609332500922309,1.340328982773201,0.14377682403433475,0.18618358201026125,1.0,6_12,6/12,29.76%,GPT;ENO1;ALDOA;SLC2A1;GAPDH;GPI,GPT;ENO1;ALDOA;SLC2A1;GAPDH;GPI;PKM;TPI1;PFKM;HK1;LDHA;PGK1,"[2170, 2285, 2768, 3156, 4761, 5213, 7001, 7010, 8947, 9289, 9549, 9922]",c2.cp.wikipathways__WP_AEROBIC_GLYCOLYSIS_AUGMENTED
c2.cp.wikipathways,WP_INFLUENCE_OF_LAMINOPATHIES_ON_WNT_SIGNALING,prerank,0.43516188010865886,1.3394371196410615,0.10151187904967603,0.18648297357505955,1.0,7_34,7/34,10.87%,TCF7L1;CEBPB;TLE1;CEBPD;AXIN1;LEF1;SLC2A4,TCF7L1;CEBPB;TLE1;CEBPD;AXIN1;LEF1;SLC2A4;ZMPSTE24;PPARG;HES1;TCF7;TCF7L2;CEBPA;LMNA;HMGA2;SPP1;HES5;RUNX2;TARBP2;EMD;WNT10B;CSNK1A1L;SREBF1;APC;ICMT;CDK6;TOR1AIP1;FNTA;CCND1;AGO2;DICER1;GSK3B;CSNK1A1;CTNNB1,"[230, 311, 542, 569, 877, 1377, 1904, 2844, 3284, 3383, 4349, 4922, 5110, 5411, 5446, 6253, 6408, 6841, 7771, 8016, 8235, 8589, 9432, 9884, 10939, 11099, 11774, 12538, 13673, 13727, 14768, 15613, 15773, 16018]",c2.cp.wikipathways__WP_INFLUENCE_OF_LAMINOPATHIES_ON_WNT_SIGNALING
c2.cp.wikipathways,WP_NANOPARTICLE_TRIGGERED_REGULATED_NECROSIS,prerank,0.565876142724769,1.336827438534602,0.12857142857142856,0.187799797040555,1.0,8_12,8/12,23.32%,TNFRSF1A;TICAM1;FADD;RIPK1;FTL;TNF;RIPK3;TRADD,TNFRSF1A;TICAM1;FADD;RIPK1;FTL;TNF;RIPK3;TRADD;PLA2G4A;PARP1;CASP8;MAPK8,"[390, 1184, 2019, 2701, 2914, 3515, 3729, 4084, 9214, 9697, 10378, 16304]",c2.cp.wikipathways__WP_NANOPARTICLE_TRIGGERED_REGULATED_NECROSIS
c2.cp.wikipathways,WP_GENES_CONTROLLING_NEPHROGENESIS,prerank,0.4276788512540608,1.3276797755963314,0.09287257019438445,0.19617098644812714,1.0,9_40,9/40,8.22%,ETV4;CXCR4;LAMB2;SIX1;PDGFRB;EMX2;FOXC1;NCK2;VEGFA,ETV4;CXCR4;LAMB2;SIX1;PDGFRB;EMX2;FOXC1;NCK2;VEGFA;NOTCH2;GLI3;FOXC2;WNT4;FGF8;SHH;ILK;NCK1;MAFB;PDGFB;ITGA3;CD2AP;WT1;EYA1;FOXD1;KDR;RET;FGFR2;ITGB1;ITGA8;PAX2;GDNF;NPHS1;HNF1B;SLIT2;CXCL12;ROBO2;CTNNB1;MAGI2;CD36;LHX1,"[69, 77, 160, 252, 420, 543, 1187, 1329, 1439, 2279, 2987, 3060, 3643, 5132, 5805, 5935, 6129, 6394, 6544, 8739, 9057, 9281, 9505, 9543, 10163, 10215, 11001, 11311, 11611, 11698, 12063, 13323, 13408, 14538, 15207, 15863, 16018, 16331, 17434, 17510]",c2.cp.wikipathways__WP_GENES_CONTROLLING_NEPHROGENESIS
c2.cp.wikipathways,WP_INTEGRINMEDIATED_CELL_ADHESION,prerank,0.3622591722072488,1.3280307679299916,0.05154639175257732,0.19647349389995816,1.0,39_98,39/98,23.58%,ITGA10;CAPN2;MAP2K3;PIK3R2;VASP;ITGB5;PXN;RAC3;CSK;ITGB2;PAK4;FYN;ITGA7;ITGAM;ITGA5;ITGB4;VAV3;ITGA11;MAP2K2;CRK;SRC;CAPN1;ITGAL;RAC2;MAPK12;RAF1;AKT1;ITGA2B;RAPGEF1;CAPN10;BCAR1;MAPK7;TLN1;ZYX;AKT2;ARAF;HRAS;ITGA6;ITGAX,ITGA10;CAPN2;MAP2K3;PIK3R2;VASP;ITGB5;PXN;RAC3;CSK;ITGB2;PAK4;FYN;ITGA7;ITGAM;ITGA5;ITGB4;VAV3;ITGA11;MAP2K2;CRK;SRC;CAPN1;ITGAL;RAC2;MAPK12;RAF1;AKT1;ITGA2B;RAPGEF1;CAPN10;BCAR1;MAPK7;TLN1;ZYX;AKT2;ARAF;HRAS;ITGA6;ITGAX;SORBS1;SHC1;MAPK4;ITGAE;RAP1A;DOCK1;MAP2K1;SOS1;ILK;ITGA9;TNS1;CAPNS1;CAPN11;ROCK1;ITGB8;ITGB7;ITGA1;PAK2;MAP2K6;CAPN7;ITGB3;MAP2K5;MYPN;VAV2;CAV3;CAPN9;ARHGEF7;ITGA3;ITGB6;ITGAV;MAPK10;CAPN5;PAK6;PDPK1;ITGB1;GRB2;RAC1;VCL;ITGA8;CAV1;CAPN3;ROCK2;ITGAD;MAPK1;RAP1B;PAK1;CAV2;RHO;AKT3;ITGA2;ITGA4;GIT2;CDC42;PTK2;MAPK6;SHC3;PAK3;BRAF;MYLK2,"[52, 285, 292, 350, 382, 577, 628, 747, 829, 902, 912, 1046, 1142, 1487, 1748, 1867, 2050, 2089, 2104, 2270, 2278, 2681, 2736, 2938, 2998, 3033, 3267, 3407, 3438, 3488, 3512, 3561, 3565, 3873, 3956, 3967, 3976, 4120, 4130, 4612, 4654, 4801, 5292, 5616, 5632, 5701, 5826, 5935, 6033, 6093, 6148, 6340, 6585, 7057, 7085, 7251, 7446, 7672, 7677, 7795, 7975, 7990, 8144, 8160, 8382, 8537, 8739, 8865, 9460, 10309, 10375, 10408, 10975, 11311, 11405, 11471, 11575, 11611, 12109, 12174, 12203, 12744, 12772, 12892, 14368, 14528, 14884, 14998, 15635, 15698, 16032, 16108, 16229, 16768, 17200, 17241, 17259, 17453]",c2.cp.wikipathways__WP_INTEGRINMEDIATED_CELL_ADHESION
c2.cp.wikipathways,WP_RAS_SIGNALING,prerank,0.32937703715604516,1.3260109468162673,0.014893617021276596,0.19746911382958177,1.0,51_172,51/172,19.24%,EPHA2;RELA;MRAS;LAT;PIK3R2;PLA1A;PLCG1;PDGFRB;RASA4;RGL2;IGF1R;FLT4;RASGRP4;RASAL3;GNB2;RAC3;PIK3CD;RASA4B;PAK4;ELK1;BCL2L1;MAPK3;FOXO4;FGFR4;CALML6;FLT1;RASSF1;CSF1R;SHC2;GNB3;MAP2K2;RASGRP2;GNGT2;IKBKB;EGFR;BAD;ZAP70;GNG11;PLA2G4E;PLA2G4B;CALML4;NFKB1;PLA2G3;RAC2;RAF1;INSR;RALGDS;AKT1;RALBP1;PLA2G10;GNG12,EPHA2;RELA;MRAS;LAT;PIK3R2;PLA1A;PLCG1;PDGFRB;RASA4;RGL2;IGF1R;FLT4;RASGRP4;RASAL3;GNB2;RAC3;PIK3CD;RASA4B;PAK4;ELK1;BCL2L1;MAPK3;FOXO4;FGFR4;CALML6;FLT1;RASSF1;CSF1R;SHC2;GNB3;MAP2K2;RASGRP2;GNGT2;IKBKB;EGFR;BAD;ZAP70;GNG11;PLA2G4E;PLA2G4B;CALML4;NFKB1;PLA2G3;RAC2;RAF1;INSR;RALGDS;AKT1;RALBP1;PLA2G10;GNG12;RRAS;PLA2G1B;ETS1;AKT2;HRAS;GNG8;RIN1;FGFR3;GNG5;PLA2G12B;FGFR1;SHC1;GRIN1;RRAS2;NGFR;RAP1A;MAP2K1;SOS1;TTBK1;ARF6;KSR1;GAB1;ABL1;PLCE1;SYNGAP1;PIK3R3;PIK3CA;PLA2G4D;NTRK2;PAK2;IKBKG;RHOA;TEK;ETS2;PLCG2;RASSF5;PLA2G5;GNG13;PLD2;RALA;STK4;BRAP;HTR7;PLA2G4A;NTRK1;PRKACA;RASA3;RASA2;PRKCG;SHOC2;GNG3;KDR;GNG7;MAPK10;PAK6;PDGFRA;SHC4;GNB5;KSR2;GNG2;GAB2;PRKCA;ABL2;FGFR2;GRB2;RAC1;RALB;RAB5C;CHUK;GNB1;CALM3;CALM2;PLA2G6;EXOC2;JMJD7-PLA2G4B;SOS2;RASGRP3;MAPK1;REL;RAP1B;GRIN2A;PLD1;PIK3CB;TIAM1;KRAS;MET;RAB5B;CALML3;PAK1;GNB4;PIK3R1;RAPGEF5;PRKCB;MAPK9;CALM1;RGL1;RASAL1;PLA2G2C;AKT3;GNG4;RASGRF2;PLA2G2D;RAB5A;GNG10;KIT;RASAL2;PLA2G4C;PTPN11;RASGRP1;CDC42;GRIN2B;MAPK8;PLA2G12A;PRKACB;RASA1;NRAS;RASGRF1;FLT3;SHC3;PAK3;NF1,"[39, 68, 185, 194, 350, 365, 405, 420, 452, 460, 486, 525, 615, 715, 746, 747, 790, 813, 912, 973, 1087, 1114, 1318, 1389, 1491, 1534, 1540, 1549, 1762, 2026, 2104, 2194, 2199, 2341, 2347, 2388, 2462, 2472, 2518, 2559, 2596, 2835, 2857, 2938, 3033, 3052, 3266, 3267, 3283, 3358, 3370, 3458, 3744, 3821, 3956, 3976, 4018, 4061, 4371, 4434, 4618, 4624, 4654, 4890, 4949, 4970, 5616, 5701, 5826, 6005, 6249, 6359, 6503, 6593, 6601, 6758, 6862, 7105, 7132, 7280, 7446, 7584, 7817, 7870, 7937, 7982, 8008, 8050, 8244, 8450, 8587, 8809, 9033, 9170, 9214, 9253, 9427, 9446, 9519, 9622, 10016, 10116, 10163, 10209, 10309, 10408, 10418, 10517, 10609, 10694, 10725, 10756, 10873, 10950, 11001, 11405, 11471, 11557, 11683, 12017, 12079, 12212, 12311, 12453, 12534, 12569, 12680, 12728, 12772, 12847, 12892, 13106, 13456, 13676, 13688, 13814, 13901, 14289, 14316, 14368, 14500, 14526, 14567, 14648, 14702, 14779, 14846, 14855, 14939, 14998, 15235, 15351, 15355, 15603, 15670, 15737, 15903, 15948, 16007, 16013, 16108, 16281, 16304, 16352, 16466, 16602, 16714, 17048, 17194, 17200, 17241, 17391]",c2.cp.wikipathways__WP_RAS_SIGNALING
c2.cp.wikipathways,WP_DISRUPTION_OF_POSTSYNAPTIC_SIGNALING_BY_CNV,prerank,-0.5344323802446975,-1.6415886571939695,0.0074487895716946,0.2009023340989191,0.936,17_33,17/33,28.29%,NRXN3;DLG2;RPH3A;NLGN1;ARC;RYR2;GRIN2B;DLG1;FMR1;CAMK2D;DLGAP1;HOMER1;NLGN3;GRIN2A;TJP1;MAPK1;NRXN1,MAPK3;CAMK2B;CYFIP1;GRIN1;NLGN2;SYNGAP1;CAMK2G;GRIN2C;STX1A;CAMK2A;GRIN2D;NRXN2;GRM1;YWHAG;SHANK1;NLGN4X;NRXN1;MAPK1;TJP1;GRIN2A;NLGN3;HOMER1;DLGAP1;CAMK2D;FMR1;DLG1;GRIN2B;RYR2;ARC;NLGN1;RPH3A;DLG2;NRXN3,"[1114, 4493, 4757, 4890, 6322, 6758, 6774, 7345, 8112, 8596, 8633, 8801, 10008, 11291, 11951, 12225, 12564, 12772, 12926, 13106, 13363, 13602, 13657, 13938, 15036, 16023, 16281, 16332, 16423, 16739, 16825, 16933, 16969]",c2.cp.wikipathways__WP_DISRUPTION_OF_POSTSYNAPTIC_SIGNALING_BY_CNV
c2.cp.wikipathways,WP_2Q112_COPY_NUMBER_VARIATION_SYNDROME,prerank,0.44677625837843704,1.3209465006099128,0.11646586345381527,0.20254359266547892,1.0,12_29,12/29,18.32%,ARID5A;LMAN2L;MAPK3;ADRA2B;IL6;ITPRIPL1;ERBB2;STARD7;COL2A1;PLXNB2;STAT3;ASTL,ARID5A;LMAN2L;MAPK3;ADRA2B;IL6;ITPRIPL1;ERBB2;STARD7;COL2A1;PLXNB2;STAT3;ASTL;ANKRD23;MMS19;RHOA;KANSL3;NCAPH;DUSP2;TMEM127;CNNM3;SNRNP200;FAM178B;SEMA4C;CIAO1;MAPK1;ANKRD39;PARL;CNNM4;COX11,"[192, 272, 1114, 1646, 2121, 2456, 2593, 2743, 2752, 2956, 3143, 3209, 4582, 4778, 7817, 7820, 7972, 8364, 8978, 9141, 11123, 12062, 12237, 12615, 12772, 13501, 14716, 16290, 17219]",c2.cp.wikipathways__WP_2Q112_COPY_NUMBER_VARIATION_SYNDROME
c2.cp.wikipathways,WP_ENDOMETRIAL_CANCER,prerank,0.37674519769426124,1.3176441517843545,0.05752212389380531,0.20567242215076056,1.0,29_63,29/63,25.37%,TCF7L1;PIK3R2;PIK3CD;AXIN1;ELK1;MAPK3;MYC;LEF1;GADD45B;GADD45G;CDKN1A;BAX;MAP2K2;FGF2;DDB2;EGFR;BAD;ERBB2;FOS;RAF1;AKT1;AXIN2;AKT2;ARAF;HRAS;APC2;TCF7;FGFR3;EGF,TCF7L1;PIK3R2;PIK3CD;AXIN1;ELK1;MAPK3;MYC;LEF1;GADD45B;GADD45G;CDKN1A;BAX;MAP2K2;FGF2;DDB2;EGFR;BAD;ERBB2;FOS;RAF1;AKT1;AXIN2;AKT2;ARAF;HRAS;APC2;TCF7;FGFR3;EGF;FGFR1;TCF7L2;CTNNA2;MAP2K1;SOS1;ILK;CASP9;GADD45A;PIK3R3;PIK3CA;FOXO3;CTNNA1;TP53;BAK1;CDH1;APC;PTEN;PDPK1;FGFR2;FGF1;GRB2;SOS2;MAPK1;CCND1;PIK3CB;KRAS;PIK3R1;AKT3;POLK;GSK3B;CTNNA3;CTNNB1;NRAS;BRAF,"[230, 350, 790, 877, 973, 1114, 1232, 1377, 1626, 1669, 1714, 1799, 2104, 2211, 2302, 2347, 2388, 2593, 2889, 3033, 3267, 3853, 3956, 3967, 3976, 4159, 4349, 4371, 4444, 4624, 4922, 5369, 5701, 5826, 5935, 6429, 6740, 6862, 7105, 8003, 8413, 8693, 8735, 8970, 9884, 10528, 10975, 11001, 11280, 11405, 12680, 12772, 13673, 13676, 13814, 14526, 14998, 15086, 15613, 15937, 16018, 16714, 17259]",c2.cp.wikipathways__WP_ENDOMETRIAL_CANCER
c2.cp.wikipathways,WP_UNFOLDED_PROTEIN_RESPONSE,prerank,0.4680624502239391,1.313314190055741,0.13232104121475055,0.20699419211762832,1.0,13_23,13/23,21.79%,ATF4;TNFRSF10B;CASP1;DDIT3;BID;XBP1;BCL2;HSPA5;NFE2L2;PPP1R15A;PMAIP1;BCL2L11;BBC3,ATF4;TNFRSF10B;CASP1;DDIT3;BID;XBP1;BCL2;HSPA5;NFE2L2;PPP1R15A;PMAIP1;BCL2L11;BBC3;IL1B;CASP2;TXNIP;MBTPS1;TP53;ERN1;EIF2AK3;EIF2S1;ATF6;MBTPS2,"[381, 539, 645, 729, 779, 1084, 1238, 1765, 2684, 2828, 3544, 3812, 3816, 4629, 6081, 6506, 7745, 8693, 10889, 14600, 14673, 17166, 17387]",c2.cp.wikipathways__WP_UNFOLDED_PROTEIN_RESPONSE
c2.cp.wikipathways,WP_VITAMIN_K_METABOLISM_AND_ACTIVATION_OF_DEPENDENT_PROTEINS,prerank,0.5553098406897337,1.312239318370777,0.1752136752136752,0.20745401944580202,1.0,5_12,5/12,15.28%,PROC;F10;PROZ;AIFM2;NQO1,PROC;F10;PROZ;AIFM2;NQO1;VKORC1;F2;PROS1;GGCX;VKORC1L1;UBIAD1;F7,"[364, 770, 1923, 2207, 2676, 4516, 7524, 8108, 8798, 14010, 14193, 14816]",c2.cp.wikipathways__WP_VITAMIN_K_METABOLISM_AND_ACTIVATION_OF_DEPENDENT_PROTEINS
c2.cp.wikipathways,WP_HIPPOMERLIN_SIGNALING_DYSREGULATION,prerank,0.3475357420500811,1.313337293301174,0.05102040816326531,0.20768868582006955,1.0,26_114,26/114,13.40%,EPHA2;ITGA10;TEAD2;PDGFRB;IGF1R;FLT4;ITGB5;PPP1CC;TEAD4;ITGB2;PAK4;FOXM1;ITGA7;LATS2;MYC;AJUBA;FGFR4;ITGAM;FLT1;CSF1R;ITGA5;ITGB4;YAP1;ITGA11;CDH20;EGFR,EPHA2;ITGA10;TEAD2;PDGFRB;IGF1R;FLT4;ITGB5;PPP1CC;TEAD4;ITGB2;PAK4;FOXM1;ITGA7;LATS2;MYC;AJUBA;FGFR4;ITGAM;FLT1;CSF1R;ITGA5;ITGB4;YAP1;ITGA11;CDH20;EGFR;ITGAL;WWTR1;CDH5;INSR;TEAD1;ITGA2B;CDH24;CDH2;TEAD3;NF2;CXCL10;HRAS;ITGA6;ITGAX;MST1;FGFR3;PRKAR1B;FGFR1;CDH4;NGFR;AMOT;ITGAE;CDH6;CD44;ITGA9;PRKAR2B;ITGB8;ITGB7;PPP1CA;ITGA1;NTRK2;VGLL4;CDH11;LIN28B;PAK2;ITGB3;TEK;STK3;CTNNA1;RBX1;CUL4A;ITGA3;ITGB6;CDH1;NTRK1;PRKACA;ITGAV;CDH22;CDH10;LATS1;KDR;CDH19;PAK6;PDGFRA;FGFR2;SAV1;PRKAR2A;ITGB1;ITGA8;CDH3;CDH13;PPP1CB;ITGAD;CDH9;PPP1R12A;CCND1;KRAS;MET;DDB1;PPP1R14A;CDH12;PAK1;CDH18;PLCB4;CDH8;ITGA2;ITGA4;CDH17;KIT;CTNNB1;PTK2;CDH7;PRKACB;PRKAR1A;NRAS;FLT3;PAK3;CDH15,"[39, 52, 314, 420, 486, 525, 577, 665, 785, 902, 912, 1135, 1142, 1223, 1232, 1345, 1389, 1487, 1534, 1549, 1748, 1867, 2016, 2089, 2284, 2347, 2736, 2900, 2999, 3052, 3355, 3407, 3481, 3499, 3547, 3658, 3676, 3976, 4120, 4130, 4234, 4371, 4473, 4624, 4663, 4970, 4997, 5292, 5386, 5731, 6033, 6764, 7057, 7085, 7117, 7251, 7280, 7380, 7390, 7429, 7446, 7795, 7870, 8246, 8413, 8474, 8475, 8739, 8865, 8970, 9253, 9427, 9460, 9632, 9651, 9929, 10163, 10377, 10408, 10418, 11001, 11072, 11277, 11311, 11611, 12052, 12477, 12507, 12744, 13140, 13544, 13673, 13814, 13901, 14043, 14139, 14348, 14368, 14556, 15159, 15633, 15635, 15698, 15717, 15737, 16018, 16229, 16392, 16466, 16685, 16714, 17194, 17241, 17414]",c2.cp.wikipathways__WP_HIPPOMERLIN_SIGNALING_DYSREGULATION
c2.cp.wikipathways,WP_CELLTYPE_DEPENDENT_SELECTIVITY_OF_CCK2R_SIGNALING,prerank,-0.6778065609622347,-1.6516856523358439,0.007476635514018692,0.2081185223292613,0.916,6_13,6/13,15.15%,TRPC1;CD38;RYR2;GNAI1;ITPR1;PLCB1,RYR1;CCK;DAGLA;RYR3;GNAQ;CCKBR;CNR1;PLCB1;ITPR1;GNAI1;RYR2;CD38;TRPC1,"[3704, 6217, 9796, 9956, 10758, 11437, 12824, 14865, 15616, 15942, 16332, 17102, 17384]",c2.cp.wikipathways__WP_CELLTYPE_DEPENDENT_SELECTIVITY_OF_CCK2R_SIGNALING
c2.cp.wikipathways,WP_CARDIAC_PROGENITOR_DIFFERENTIATION,prerank,0.40829962296335626,1.3133424139066885,0.10851063829787234,0.2084217076186511,1.0,12_41,12/41,15.96%,CXCR4;ANPEP;TGFB1;BMP4;IGF2;SOX2;BMP1;NOG;MESP1;FGF2;NOTCH1;POU5F1,CXCR4;ANPEP;TGFB1;BMP4;IGF2;SOX2;BMP1;NOG;MESP1;FGF2;NOTCH1;POU5F1;SIRPA;DKK1;PAX6;TBX5;TNNT2;THY1;MAPK14;LIN28B;SOX17;ROR2;SOX1;MYH6;NCAM1;MESP2;KDR;PDGFRA;NRG1;TNNI3;MEF2C;NODAL;NANOG;ACTC1;SCN5A;IGF1;GSK3B;MIXL1;KIT;INHBA;MYLK3,"[77, 149, 386, 730, 826, 1488, 1768, 1901, 1976, 2211, 2437, 2795, 3184, 4704, 4803, 4864, 5671, 6789, 7304, 7429, 7508, 7746, 8764, 8823, 9574, 9831, 10163, 10418, 10902, 11027, 12683, 13579, 14064, 14935, 15125, 15473, 15613, 15628, 15737, 16208, 16906]",c2.cp.wikipathways__WP_CARDIAC_PROGENITOR_DIFFERENTIATION
c2.cp.wikipathways,WP_NAD_METABOLISM_SIRTUINS_AND_AGING,prerank,0.5606638898694617,1.314569941949552,0.16810344827586207,0.20847467957784446,1.0,5_11,5/11,22.83%,SIRT3;NFKB1;PPARG;FOXO1;SIRT1,SIRT3;NFKB1;PPARG;FOXO1;SIRT1;FOXO3;HIF1A;NAMPT;PARP1;ROS1;TFAM,"[2350, 2835, 3284, 3351, 3998, 8003, 8234, 8789, 9697, 10040, 12226]",c2.cp.wikipathways__WP_NAD_METABOLISM_SIRTUINS_AND_AGING
c2.cp.wikipathways,WP_MIRTARGETED_GENES_IN_LEUKOCYTES,prerank,0.3418265444488463,1.3139315325373988,0.05907172995780591,0.20849855032599915,1.0,33_124,33/124,18.81%,DNAJB1;ANPEP;CHORDC1;PNP;CEBPB;BCL6;HMOX1;MTHFD2;GAK;SLC25A1;UNC93B1;BCL2;POLE4;SNAP23;MCL1;LMNB2;ATP6V0E1;NELFCD;GNA13;C1orf56;SH3BGRL3;CAPG;SAC3D1;IDH1;IFRD1;MAP3K8;BRPF3;SCYL1;ANXA2;TMEM43;RDH10;TMEM109;CDK5RAP3,DNAJB1;ANPEP;CHORDC1;PNP;CEBPB;BCL6;HMOX1;MTHFD2;GAK;SLC25A1;UNC93B1;BCL2;POLE4;SNAP23;MCL1;LMNB2;ATP6V0E1;NELFCD;GNA13;C1orf56;SH3BGRL3;CAPG;SAC3D1;IDH1;IFRD1;MAP3K8;BRPF3;SCYL1;ANXA2;TMEM43;RDH10;TMEM109;CDK5RAP3;ADIPOR2;GNAI2;CSRP1;IGF2R;KCNN4;SLC7A11;AP3D1;CTSC;MPDU1;HMGA1;ARHGDIA;TNFSF9;RAB34;MRC2;ATP6V1F;TXN2;PLXND1;PHC2;HNRNPM;CDIPT;TMED3;SLC1A4;G6PD;PISD;PKM;PDLIM5;TXNRD1;TNFAIP2;MAPK14;CDCP1;GYS1;ACAA2;PPIB;TMED10;RHOG;SRSF10;TUSC2;TPM3;LPL;PRSS21;POLR2C;THBS1;POM121;SEC24A;SHOC2;MRPL20;PRPF40A;TRAM1;SNX6;FMNL2;SERPINE2;CAP1;ATP6V0A1;GOLGA7;ADAR;USP1;DDX5;CDK6;CDK5RAP1;CD164;RAB5C;VPS39;SFXN1;ZEB1;MATR3;CORO1C;SLC7A6;ACP2;TBCA;ARF4;PPIF;LAMTOR3;ADPGK;DCAF7;CA12;SPTLC1;RTN4;ARID4B;WDFY1;WDR11;ATP2A2;ARCN1;CTNNB1;FRG1;RAB6A;FADS1;TYMS;YWHAQ;RFT1;ANAPC1;TUBA1A,"[9, 149, 164, 271, 311, 489, 693, 723, 736, 768, 1101, 1238, 1269, 1381, 1483, 1800, 1810, 1939, 1948, 2046, 2356, 2484, 2586, 2666, 2802, 2891, 2902, 2952, 3075, 3093, 3188, 3254, 3294, 3692, 3746, 4051, 4495, 4563, 4658, 4667, 4687, 4695, 4727, 4816, 4887, 5293, 5456, 5476, 5592, 5795, 5852, 5926, 6097, 6114, 6210, 6351, 6404, 7001, 7150, 7174, 7216, 7304, 7434, 7509, 7513, 7641, 7736, 8079, 8142, 8763, 8908, 8940, 9006, 9284, 9307, 9701, 9979, 10016, 10048, 10388, 10410, 10488, 10502, 10534, 10635, 10804, 10832, 10871, 10872, 11020, 11099, 11484, 11671, 11683, 11852, 11921, 12675, 12869, 13111, 13261, 13441, 13459, 13518, 13578, 13718, 14051, 14512, 14735, 14836, 14995, 15255, 15286, 15313, 15339, 15556, 16018, 16201, 16294, 16481, 16776, 16842, 16979, 17053, 17082]",c2.cp.wikipathways__WP_MIRTARGETED_GENES_IN_LEUKOCYTES
c2.cp.wikipathways,WP_CANCER_IMMUNOTHERAPY_BY_CTLA4_BLOCKADE,prerank,0.5234742901786328,1.3089718043972352,0.14853556485355648,0.21043787677444217,1.0,6_14,6/14,17.78%,PIK3R2;HLA-DRB1;PIK3CD;CD86;PTPN6;CD80,PIK3R2;HLA-DRB1;PIK3CD;CD86;PTPN6;CD80;PIK3R3;PIK3CA;CTLA4;CD28;PPP2CA;PIK3CB;PIK3R1;PTPN11,"[350, 784, 790, 1574, 2686, 3114, 6862, 7105, 8921, 9793, 12732, 13676, 14526, 16007]",c2.cp.wikipathways__WP_CANCER_IMMUNOTHERAPY_BY_CTLA4_BLOCKADE
c2.cp.wikipathways,WP_MATRIX_METALLOPROTEINASES,prerank,0.47583614561007015,1.3075707430324826,0.14915966386554622,0.21131018459419232,1.0,10_21,10/21,23.02%,MMP9;MMP23B;BSG;MMP25;MMP19;TIMP1;TIMP3;TNF;MMP15;MMP14,MMP9;MMP23B;BSG;MMP25;MMP19;TIMP1;TIMP3;TNF;MMP15;MMP14;MMP16;MMP11;TCF20;MMP17;MMP28;TIMP2;MMP21;MMP2;MMP24;TIMP4;MMP3,"[27, 89, 1058, 1399, 1899, 2996, 3019, 3515, 3949, 4031, 4548, 5605, 6188, 7364, 7744, 10271, 10310, 11784, 14499, 14682, 17427]",c2.cp.wikipathways__WP_MATRIX_METALLOPROTEINASES
c2.cp.wikipathways,WP_ID_SIGNALING,prerank,0.5109968355182097,1.3066853339343794,0.14967462039045554,0.21168428024422808,1.0,7_16,7/16,25.83%,ELK1;ID3;CDK2;CCNE1;ID2;PAX8;MYOD1,ELK1;ID3;CDK2;CCNE1;ID2;PAX8;MYOD1;RBL1;ID1;ELK4;ELK3;PAX5;SREBF1;RB1;PAX2;RBL2,"[973, 1413, 1573, 4289, 4494, 4519, 4524, 5706, 6042, 7465, 7613, 7690, 9432, 9620, 11698, 13576]",c2.cp.wikipathways__WP_ID_SIGNALING
c2.cp.wikipathways,WP_OMEGA6FATTY_ACIDS_IN_SENESCENCE,prerank,0.3881508711007315,1.302329234722304,0.09170305676855896,0.21612535499403268,1.0,23_55,23/55,25.02%,ALOX15B;GPX1;GGT5;TBXAS1;PTGER2;CDKN1A;GSTP1;AKR1B1;PTGDR;TBXA2R;ALOX5AP;MAPK11;AKR1C3;PTGES3;PTGDS;DPEP1;DPEP2;HPGDS;LTC4S;SIRT1;SERPINE1;PTGER1;ABCC4,ALOX15B;GPX1;GGT5;TBXAS1;PTGER2;CDKN1A;GSTP1;AKR1B1;PTGDR;TBXA2R;ALOX5AP;MAPK11;AKR1C3;PTGES3;PTGDS;DPEP1;DPEP2;HPGDS;LTC4S;SIRT1;SERPINE1;PTGER1;ABCC4;PTGDR2;PTGIR;PTGES;PTGES2;PTGS1;ALOX15;ALOXE3;FADS2;SLCO2A1;LTA4H;DECR1;GGT1;TP53;PLA2G4A;ALOX5;HPGD;RB1;ALOX12;ELOVL2;NAT2;ELOVL5;PTGER4;CYSLTR1;PTGS2;PTGFR;EPHX2;CBR1;PTGR2;PTGER3;PTGIS;FADS1;ALDH1A1,"[458, 1260, 1341, 1346, 1376, 1714, 1811, 1995, 2128, 2131, 2249, 2344, 2427, 2761, 2819, 2879, 3288, 3489, 3532, 3998, 4011, 4313, 4382, 6166, 6622, 6773, 6798, 6934, 7159, 7173, 7286, 7514, 8186, 8208, 8643, 8693, 9214, 9403, 9608, 9620, 9781, 9838, 10067, 10117, 10354, 11181, 11182, 11263, 11584, 11625, 13026, 15604, 16232, 16481, 17443]",c2.cp.wikipathways__WP_OMEGA6FATTY_ACIDS_IN_SENESCENCE
c2.cp.wikipathways,WP_LEUKOTRIENE_METABOLIC_PATHWAY,prerank,0.5383793018887968,1.299985097985159,0.16390041493775934,0.21822258374192802,1.0,5_13,5/13,20.17%,GGT5;ALOX5AP;DPEP1;DPEP2;LTC4S,GGT5;ALOX5AP;DPEP1;DPEP2;LTC4S;DECR2;LTA4H;DECR1;PTGR1;GGT1;ALOX5;ABCC1;CYP4F3,"[1341, 2249, 2879, 3288, 3532, 6804, 8186, 8208, 8220, 8643, 9403, 12718, 13350]",c2.cp.wikipathways__WP_LEUKOTRIENE_METABOLIC_PATHWAY
c2.cp.wikipathways,WP_NRXN1_DELETION_SYNDROME,prerank,-0.616827824483128,-1.5820628945199187,0.007462686567164179,0.21857953599755095,0.99,10_16,10/16,31.56%,NLGN1;GRIN2B;GRIA4;GRIA2;GRIN3A;NLGN3;GRIN2A;NRXN1;NLGN4X;GRIA3,GRIN1;NLGN2;GRIN2C;GRIA1;DLG4;GRIN2D;GRIA3;NLGN4X;NRXN1;GRIN2A;NLGN3;GRIN3A;GRIA2;GRIA4;GRIN2B;NLGN1,"[4890, 6322, 7345, 8002, 8524, 8633, 11991, 12225, 12564, 13106, 13363, 13511, 13642, 15384, 16281, 16739]",c2.cp.wikipathways__WP_NRXN1_DELETION_SYNDROME
c2.cp.wikipathways,WP_BARDETBIEDL_SYNDROME,prerank,-0.4288191453627351,-1.5383158746625718,0.003937007874015748,0.2204144070847065,0.999,26_79,26/79,13.50%,SCLT1;IFT52;IFT27;USP9X;CLUAP1;BBS4;EFHC1;WDR35;INVS;PKD2;BBIP1;DYNC2LI1;TRAF3IP1;TTC21B;IFT74;CEP41;IFT81;PDE6D;DCDC2;BBS7;TMEM67;WDPCP;TTC8;BBS5;CNGA1;SCAPER,EVC2;SMO;TMEM216;INPP5E;FLCN;KIF7;IFT140;GLI2;SUFU;GLI3;IFT43;EVC;RAB23;ZIC2;FUZ;IFT122;BBS2;ARL3;GPR161;BBS9;IFT172;TMEM107;OCRL;PKD1;BBS1;RP2;EFHC2;BBS12;PTCH1;CEP164;SDCCAG8;IFT57;MAK;NEK8;PKD1L1;CEP104;CEP290;NEK1;CNGB1;IQCB1;LCA5;TRIM32;MKKS;DYNC2H1;WDR19;MKS1;LZTFL1;NPHP3;BBS10;PKHD1;IFT80;ARL13B;ARL6;SCAPER;CNGA1;BBS5;TTC8;WDPCP;TMEM67;BBS7;DCDC2;PDE6D;IFT81;CEP41;IFT74;TTC21B;TRAF3IP1;DYNC2LI1;BBIP1;PKD2;INVS;WDR35;EFHC1;BBS4;CLUAP1;USP9X;IFT27;IFT52;SCLT1,"[90, 393, 505, 557, 566, 644, 797, 1477, 1875, 2987, 3118, 4069, 4458, 4599, 5190, 5822, 5842, 6378, 6632, 6638, 7083, 7130, 7748, 7769, 7968, 8063, 8684, 8769, 9019, 9089, 9338, 9526, 10428, 10565, 10646, 10927, 11485, 11665, 11893, 11979, 12009, 12309, 12525, 12600, 12653, 12780, 13067, 13187, 13209, 13282, 13315, 13999, 14704, 15154, 15243, 15453, 15461, 15552, 15575, 15589, 15667, 15736, 15796, 15828, 15947, 16019, 16105, 16177, 16330, 16348, 16391, 16493, 16626, 16874, 16899, 17064, 17168, 17336, 17508]",c2.cp.wikipathways__WP_BARDETBIEDL_SYNDROME
c2.cp.wikipathways,WP_AUTOPHAGY,prerank,-0.5240122042047889,-1.5443795907848454,0.031189083820662766,0.22129237932361318,0.998,13_29,13/29,25.43%,ATG14;PRKAA1;PIK3C3;PIK3R4;PRKAG1;UVRAG;ATG16L1;ATG3;BECN1;DEPTOR;PRKAB2;PRKAB1;MTOR,AKT1S1;WIPI2;ULK1;MLST8;PRKAG3;ATG9A;RPTOR;AMBRA1;PRKAG2;RB1CC1;ATG12;ATG5;ATG13;PRKAA2;MAP1LC3B;ATG7;MTOR;PRKAB1;PRKAB2;DEPTOR;BECN1;ATG3;ATG16L1;UVRAG;PRKAG1;PIK3R4;PIK3C3;PRKAA1;ATG14,"[1340, 2077, 2735, 5180, 5219, 5732, 7231, 7715, 8791, 8973, 9390, 9626, 10774, 11483, 11789, 11948, 13065, 13247, 13709, 13996, 14024, 14620, 15099, 16514, 16705, 16837, 17167, 17412, 17484]",c2.cp.wikipathways__WP_AUTOPHAGY
c2.cp.wikipathways,WP_AMPK_REGULATION_OF_MAMMARY_MILK_PROTEIN_SYNTHESIS,prerank,-0.6153353181018608,-1.609111492468851,0.025096525096525095,0.22210513931445117,0.973,3_18,3/18,4.65%,PRKAA1;EIF4E;PRKAG1,MLST8;PRKAG3;EIF4G1;RPTOR;TSC2;EEF2K;RPS6KB1;CSN1S1;PRKAG2;EEF2;EIF4A2;PRKAA2;MTOR;PRKAB1;PRKAB2;PRKAG1;EIF4E;PRKAA1,"[5180, 5219, 6233, 7231, 7998, 8245, 8326, 8476, 8791, 9332, 10269, 11483, 13065, 13247, 13709, 16705, 16760, 17412]",c2.cp.wikipathways__WP_AMPK_REGULATION_OF_MAMMARY_MILK_PROTEIN_SYNTHESIS
c2.cp.wikipathways,WP_TCA_CYCLE_AKA_KREBS_OR_CITRIC_ACID_CYCLE,prerank,-0.6082370764656633,-1.5892920395187997,0.020522388059701493,0.22234385203903295,0.986,9_18,9/18,28.30%,DLD;SDHC;SUCLA2;IDH3A;IDH2;SDHA;SDHB;SDHD;FH,SUCLG2;DLST;OGDH;IDH3G;IDH3B;SUCLG1;ACO2;MDH2;CS;FH;SDHD;SDHB;SDHA;IDH2;IDH3A;SUCLA2;SDHC;DLD,"[5939, 6301, 6725, 7002, 7055, 8427, 8846, 9356, 9436, 12562, 12596, 13413, 13860, 14286, 14975, 15029, 15164, 15272]",c2.cp.wikipathways__WP_TCA_CYCLE_AKA_KREBS_OR_CITRIC_ACID_CYCLE
c2.cp.wikipathways,WP_GPCRS_CLASS_B_SECRETINLIKE,prerank,0.5138932991114427,1.2949678987400541,0.13882863340563992,0.223513185056275,1.0,5_15,5/15,24.16%,PTH1R;GIPR;ADCYAP1R1;GCGR;GHRHR,PTH1R;GIPR;ADCYAP1R1;GCGR;GHRHR;CALCRL;GLP1R;CALCR;SCTR;GLP2R;VIPR2;PTH2R;CRHR2;CRHR1;VIPR1,"[218, 2424, 2758, 3575, 4232, 6921, 7182, 7973, 8540, 9062, 9694, 9953, 11260, 12254, 12267]",c2.cp.wikipathways__WP_GPCRS_CLASS_B_SECRETINLIKE
c2.cp.wikipathways,WP_OMEGA9_FATTY_ACID_SYNTHESIS,prerank,-0.6551997551809521,-1.6186496351271278,0.009124087591240875,0.22461730655885948,0.967,7_14,7/14,22.29%,ACSL4;FADS1;ELOVL6;SCD5;SCD;ELOVL1;ACSL3,ELOVL3;ACOT2;FADS2;ACSL1;FASN;ELOVL2;ELOVL5;ACSL3;ELOVL1;SCD;SCD5;ELOVL6;FADS1;ACSL4,"[4432, 5602, 7286, 8884, 9820, 9838, 10117, 13614, 14272, 15398, 15728, 16478, 16481, 16680]",c2.cp.wikipathways__WP_OMEGA9_FATTY_ACID_SYNTHESIS
c2.cp.wikipathways,WP_LEUCINE_ISOLEUCINE_AND_VALINE_METABOLISM,prerank,-0.5512327038155296,-1.5481875938359166,0.02443609022556391,0.22648621990677562,0.998,10_23,10/23,17.78%,ACADSB;DBT;PCCB;IVD;MCCC2;BCAT1;DLD;AUH;MCCC1;HMGCLL1,BCAT2;HIBCH;ECHS1;MLYCD;HSD17B10;ALDH6A1;HIBADH;PCCA;ACAT1;BCKDHA;BCKDHB;ACSF3;ACAD8;HMGCLL1;MCCC1;AUH;DLD;BCAT1;MCCC2;IVD;PCCB;DBT;ACADSB,"[375, 1707, 3946, 5543, 6026, 6214, 7325, 7515, 8886, 10908, 11216, 11590, 13116, 14404, 14746, 14861, 15272, 16100, 16603, 16635, 17008, 17276, 17455]",c2.cp.wikipathways__WP_LEUCINE_ISOLEUCINE_AND_VALINE_METABOLISM
c2.cp.wikipathways,WP_GLUTATHIONE_METABOLISM,prerank,0.4991299525605121,1.2916916822135098,0.14613778705636743,0.22653504569737715,1.0,4_17,4/17,7.66%,ANPEP;GSTM2;GPX1;GGT5,ANPEP;GSTM2;GPX1;GGT5;IDH1;GPX4;GPX2;GSTT2;G6PD;GPX3;GSTM1;GGT1;GCLM;GSTA1;GSR;GCLC;GSS,"[149, 1035, 1260, 1341, 2666, 4303, 5584, 6342, 6351, 7945, 8329, 8643, 9357, 10539, 14462, 15915, 16076]",c2.cp.wikipathways__WP_GLUTATHIONE_METABOLISM
c2.cp.wikipathways,WP_EDA_SIGNALING_IN_HAIR_FOLLICLE_DEVELOPMENT,prerank,0.5356460067084771,1.2891323753135226,0.16517857142857142,0.22805105348387983,1.0,4_13,4/13,18.99%,GLI1;BMP1;EDA;WNT3,GLI1;BMP1;EDA;WNT3;DKK1;DKK4;SOSTDC1;SHH;LTB;RELB;PTCH1;EDARADD;EDAR,"[369, 1768, 1963, 3325, 4704, 5202, 5658, 5805, 6278, 7492, 9019, 10850, 12495]",c2.cp.wikipathways__WP_EDA_SIGNALING_IN_HAIR_FOLLICLE_DEVELOPMENT
c2.cp.wikipathways,WP_TP53_NETWORK,prerank,0.47435275414098477,1.2895336669570943,0.15053763440860216,0.22841311523319982,1.0,9_18,9/18,21.79%,BID;MYC;BCL2;CDKN1A;BAX;TP63;PMAIP1;CDKN2A;BBC3,BID;MYC;BCL2;CDKN1A;BAX;TP63;PMAIP1;CDKN2A;BBC3;BOK;ABL1;GADD45A;SUMO1;TP53;ATM;TNFSF10;MDM2;TP73,"[779, 1232, 1238, 1714, 1799, 2867, 3544, 3605, 3816, 4634, 6593, 6740, 7337, 8693, 11270, 13874, 15285, 16047]",c2.cp.wikipathways__WP_TP53_NETWORK
c2.cp.wikipathways,WP_SYNTHESIS_OF_CERAMIDES_AND_1DEOXYCERAMIDES,prerank,0.4634692992969926,1.2876386372413788,0.1431818181818182,0.22922269890171384,1.0,6_21,6/21,20.53%,CERS1;A4GALT;DGAT1;B4GALT1;CERS4;SPHK1,CERS1;A4GALT;DGAT1;B4GALT1;CERS4;SPHK1;CERK;B4GALNT1;CERS5;CERS6;UGCG;SGMS2;CERS2;CERS3;SGMS1;KDSR;B3GNT5;UGT8;ASAH1;SPTLC1;DES,"[145, 713, 1710, 2609, 2945, 3596, 4783, 6435, 6946, 7243, 7585, 7688, 7853, 8198, 8319, 9447, 10108, 11563, 14148, 14836, 15563]",c2.cp.wikipathways__WP_SYNTHESIS_OF_CERAMIDES_AND_1DEOXYCERAMIDES
c2.cp.wikipathways,WP_SEROTONIN_AND_ANXIETYRELATED_EVENTS,prerank,-0.6222213818376349,-1.5183873098899732,0.04267161410018553,0.2334756597057549,0.999,5_13,5/13,8.60%,HTR2C;NLGN1;CRH;ARC;HTR2A,PLCD4;FOS;PLEK;GRIN2D;HTR1A;PPP3CA;CRHR1;PRKCB;HTR2A;ARC;CRH;NLGN1;HTR2C,"[2739, 2889, 3296, 8633, 10749, 11156, 12254, 14648, 16012, 16423, 16441, 16739, 17447]",c2.cp.wikipathways__WP_SEROTONIN_AND_ANXIETYRELATED_EVENTS
c2.cp.wikipathways,WP_NONHOMOLOGOUS_END_JOINING,prerank,-0.7010099346464512,-1.5929356798184415,0.013618677042801557,0.2347910155350831,0.984,5_10,5/10,10.18%,PRKDC;WRN;XRCC5;LIG4;XRCC4,NHEJ1;DCLRE1C;POLM;XRCC6;POLL;XRCC4;LIG4;XRCC5;WRN;PRKDC,"[3592, 7037, 9808, 11348, 13904, 15735, 16077, 16129, 16497, 16539]",c2.cp.wikipathways__WP_NONHOMOLOGOUS_END_JOINING
c2.cp.wikipathways,WP_SMC1SMC3_ROLE_IN_DNA_DAMAGE_CORNELIA_DE_LANGE_SYNDROME,prerank,-0.660252484299554,-1.5105231983084553,0.05223880597014925,0.2374416568275172,0.999,3_10,3/10,7.72%,RAD18;NBN;RAD50,RAD21;BRCA1;SMC3;MDC1;ATM;SMC1A;PAXIP1;RAD50;NBN;RAD18,"[6793, 8479, 10273, 11048, 11270, 11281, 13244, 16167, 16435, 17033]",c2.cp.wikipathways__WP_SMC1SMC3_ROLE_IN_DNA_DAMAGE_CORNELIA_DE_LANGE_SYNDROME
c2.cp.wikipathways,WP_AUTOSOMAL_RECESSIVE_OSTEOPETROSIS_PATHWAYS,prerank,0.5665063909600635,1.2792935594642663,0.18464730290456433,0.237847349374296,1.0,5_10,5/10,17.13%,TCIRG1;CLCN7;IKBKB;NFKB1;PLEKHM1,TCIRG1;CLCN7;IKBKB;NFKB1;PLEKHM1;OSTM1;TNFRSF11A;TRAF6;SNX10;RAB7A,"[208, 851, 2341, 2835, 3000, 9827, 11457, 11998, 13303, 15081]",c2.cp.wikipathways__WP_AUTOSOMAL_RECESSIVE_OSTEOPETROSIS_PATHWAYS
c2.cp.wikipathways,WP_DISORDERS_OF_GALACTOSE_METABOLISM,prerank,0.5363234130990544,1.2793936942518647,0.17633928571428573,0.2385264549987922,1.0,5_12,5/12,22.67%,GYS2;AKR1B1;PGM1;PYGL;GYG2,GYS2;AKR1B1;PGM1;PYGL;GYG2;GALE;GYS1;GALK1;GYG1;GBE1;GALT;SLC5A1,"[1216, 1995, 3151, 3749, 3970, 6703, 7509, 7555, 7652, 8557, 10199, 14588]",c2.cp.wikipathways__WP_DISORDERS_OF_GALACTOSE_METABOLISM
c2.cp.wikipathways,WP_ALPHA_6_BETA_4_SIGNALING,prerank,0.41647523302343786,1.2776055501780508,0.14225941422594143,0.23925343577854263,1.0,8_33,8/33,13.46%,LAMB2;PIK3R2;EIF4EBP1;MAPK3;LAMA5;ITGB4;SRC;IRS2,LAMB2;PIK3R2;EIF4EBP1;MAPK3;LAMA5;ITGB4;SRC;IRS2;AKT1;LAMA3;HRAS;ITGA6;SHC1;IRS1;SOS1;LAMA1;GAB1;MAPK14;LAMB3;LAMC1;RHOA;LAMA2;PRKCD;PRKCA;GRB2;RAC1;MAPK1;MTOR;PIK3R1;LAMC2;LAMB1;PTPN11;PTK2,"[160, 350, 455, 1114, 1680, 1867, 2278, 2357, 3267, 3919, 3976, 4120, 4654, 5115, 5826, 6474, 6503, 7304, 7368, 7640, 7817, 8158, 9580, 10873, 11405, 11471, 12772, 13065, 14526, 14822, 15592, 16007, 16229]",c2.cp.wikipathways__WP_ALPHA_6_BETA_4_SIGNALING
c2.cp.wikipathways,WP_NANOPARTICLE_TRIGGERED_AUTOPHAGIC_CELL_DEATH,prerank,-0.5609505219839708,-1.5486670891397356,0.026217228464419477,0.23958658366284216,0.998,9_22,9/22,19.95%,ATG14;ULK2;UVRAG;ATG16L1;ATG10;ATG3;VMP1;TSC1;BECN1,BCL2;ULK1;INSR;ATG4A;SH3GLB1;AMBRA1;TSC2;MAP1LC3A;CHAF1A;ATG12;ATG5;ATG9B;ATG7;BECN1;TSC1;VMP1;ATG3;ATG10;ATG16L1;UVRAG;ULK2;ATG14,"[1238, 2735, 3052, 5537, 7319, 7715, 7998, 8138, 9035, 9390, 9626, 10685, 11948, 14024, 14195, 14381, 14620, 14943, 15099, 16514, 17198, 17484]",c2.cp.wikipathways__WP_NANOPARTICLE_TRIGGERED_AUTOPHAGIC_CELL_DEATH
c2.cp.wikipathways,WP_NICOTINE_EFFECT_ON_DOPAMINERGIC_NEURONS,prerank,-0.5527485599624208,-1.5209995362406028,0.04891304347826087,0.24023878092821738,0.999,5_21,5/21,10.63%,DRD3;CHRNA6;CHRNA3;GNAI1;DRD2,ADCY2;CHRNA4;TH;PPP1R1B;CDK5;PPP1CA;DRD4;CHRNA5;KCNK9;PRKACA;KCNK3;GNG2;SLC18A2;GNB1;DDC;CHRNB2;DRD2;GNAI1;CHRNA3;CHRNA6;DRD3,"[3009, 4827, 5573, 6119, 6185, 7117, 7398, 7557, 7815, 9427, 10181, 10725, 11517, 12079, 13144, 14006, 15657, 15942, 16155, 16521, 17282]",c2.cp.wikipathways__WP_NICOTINE_EFFECT_ON_DOPAMINERGIC_NEURONS
c2.cp.wikipathways,WP_STATIN_INHIBITION_OF_CHOLESTEROL_PRODUCTION,prerank,0.44178971931479194,1.2725470832393737,0.1419624217118998,0.24486533082176812,1.0,11_26,11/26,23.25%,SOAT1;APOA1;PLTP;DGAT1;APOC2;SCARB1;ABCA1;LRP1;LCAT;ACSS1;APOE,SOAT1;APOA1;PLTP;DGAT1;APOC2;SCARB1;ABCA1;LRP1;LCAT;ACSS1;APOE;LDLR;APOC1;PDIA2;ABCG8;FDFT1;APOA2;CYP7A1;LPL;APOB;ABCG5;SQLE;CETP;HMGCR;MTTP;LIPC,"[663, 666, 964, 1710, 2165, 2430, 2620, 3463, 3706, 4015, 4072, 4749, 4775, 5779, 5875, 6284, 7104, 8012, 8940, 9399, 12511, 12919, 12974, 13646, 14598, 14941]",c2.cp.wikipathways__WP_STATIN_INHIBITION_OF_CHOLESTEROL_PRODUCTION
c2.cp.wikipathways,WP_TCA_CYCLE_IN_SENESCENCE,prerank,-0.6753985958392401,-1.5004510146446448,0.044859813084112146,0.24568877035294712,1.0,7_10,7/10,28.30%,ME2;BRAF;PDK1;ME1;PDP2;MDH1;FH,PDHA1;TP53;GOT1;FH;MDH1;PDP2;ME1;PDK1;BRAF;ME2,"[6459, 8693, 10780, 12562, 12589, 13085, 14484, 16370, 17259, 17460]",c2.cp.wikipathways__WP_TCA_CYCLE_IN_SENESCENCE
c2.cp.wikipathways,WP_ATR_SIGNALING,prerank,-0.6700796222750758,-1.5528101804735974,0.0375234521575985,0.24604461540822434,0.998,6_11,6/11,18.18%,ATR;TOPBP1;RAD1;RPA3;RAD9B;CHEK1,HUS1;RAD9A;RPA1;RPA2;ATRIP;CHEK1;RAD9B;RPA3;RAD1;TOPBP1;ATR,"[3476, 5087, 6545, 10282, 12645, 14334, 14951, 14991, 15617, 15770, 17503]",c2.cp.wikipathways__WP_ATR_SIGNALING
c2.cp.wikipathways,WP_INSULIN_SIGNALING,prerank,0.3191434488648964,1.266550502324528,0.047520661157024795,0.25173988941048747,1.0,49_157,49/157,20.42%,INPPL1;STXBP2;RRAD;MAP2K3;PIK3R2;EIF4EBP1;IGF1R;SOCS3;PIK3CD;MAP3K6;ELK1;MAP4K1;XBP1;MAPK3;GYS2;RHOJ;SNAP23;RHOQ;EHD2;FLOT1;SHC2;SLC2A4;MAP2K2;RAB4A;CRK;KIF5B;IKBKB;MAPK11;IRS2;MAP3K3;SH2B2;JUN;FOS;MAP3K8;RAC2;MAPK12;RAF1;INSR;CBL;MAP2K7;SLC2A1;AKT1;FOXO1;MYO1C;SOCS1;RAPGEF1;MAP3K10;MAPK7;MINK1,INPPL1;STXBP2;RRAD;MAP2K3;PIK3R2;EIF4EBP1;IGF1R;SOCS3;PIK3CD;MAP3K6;ELK1;MAP4K1;XBP1;MAPK3;GYS2;RHOJ;SNAP23;RHOQ;EHD2;FLOT1;SHC2;SLC2A4;MAP2K2;RAB4A;CRK;KIF5B;IKBKB;MAPK11;IRS2;MAP3K3;SH2B2;JUN;FOS;MAP3K8;RAC2;MAPK12;RAF1;INSR;CBL;MAP2K7;SLC2A1;AKT1;FOXO1;MYO1C;SOCS1;RAPGEF1;MAP3K10;MAPK7;MINK1;FLOT2;AKT2;HRAS;CYTH3;MAP3K5;GSK3A;SGK1;STX4;SORBS1;SHC1;MAPK4;PFKL;RPS6KA4;IRS1;RPS6KA1;SRF;TBC1D4;MAP2K1;SOS1;ENPP1;ARF1;ARF6;EHD1;PRKCH;PIK3CG;GAB1;MAP3K4;ARHGAP33;PIK3R3;MAP3K1;PIK3CA;MAP4K4;RPS6KB2;MAPK14;TRIB3;SGK3;MAP3K11;GRB10;GYS1;GYG1;MAP2K6;GRB14;MAP2K5;TSC2;FOXO3;MAP2K4;RPS6KB1;MAP4K2;MAPK13;RHEB;PFKM;RPS6KA2;RPS6KA3;MAP3K2;STXBP4;PRKCD;MAP3K7;LIPE;VAMP2;MAPK10;PTEN;CAP1;STXBP1;PRKCA;PTPRF;PDPK1;GRB2;RAC1;IRS4;PRKAA2;MAP4K3;STXBP3;PTPN1;CBLC;SOS2;PIK3C2G;MAPK1;MTOR;PRKCZ;MAP3K9;INPP4A;CBLB;SNAP25;PIK3CB;MAP3K12;TSC1;MAP4K5;PIK3C2A;PIK3R1;PRKCB;MAPK9;PRKCI;GSK3B;EGR1;KIF3A;PTPN11;RPS6KA6;RPS6KA5;MAPK8;PRKCQ;SGK2;EIF4E;MAP3K13;MAPK6;PIK3R4;PIK3C3;SHC3;PRKAA1,"[157, 197, 239, 292, 350, 455, 486, 619, 790, 926, 973, 993, 1084, 1114, 1216, 1306, 1381, 1400, 1502, 1686, 1762, 1904, 2104, 2256, 2270, 2312, 2341, 2344, 2357, 2656, 2673, 2824, 2889, 2891, 2938, 2998, 3033, 3052, 3071, 3121, 3156, 3267, 3351, 3393, 3430, 3438, 3529, 3561, 3577, 3663, 3956, 3976, 4140, 4419, 4452, 4545, 4586, 4612, 4654, 4801, 4981, 5082, 5115, 5141, 5159, 5544, 5701, 5826, 5903, 6147, 6249, 6268, 6300, 6453, 6503, 6651, 6788, 6862, 7054, 7105, 7148, 7191, 7304, 7315, 7351, 7357, 7360, 7509, 7652, 7672, 7810, 7975, 7998, 8003, 8233, 8326, 8664, 8706, 8835, 8947, 9145, 9363, 9404, 9450, 9580, 9639, 9728, 9949, 10309, 10528, 10635, 10837, 10873, 10944, 10975, 11405, 11471, 11477, 11483, 11491, 12185, 12370, 12618, 12680, 12690, 12772, 13065, 13086, 13184, 13228, 13235, 13308, 13676, 13737, 14195, 14285, 14351, 14526, 14648, 14702, 15221, 15613, 15627, 15974, 16007, 16192, 16291, 16304, 16535, 16614, 16760, 16761, 16768, 16837, 17167, 17200, 17412]",c2.cp.wikipathways__WP_INSULIN_SIGNALING
c2.cp.wikipathways,WP_BILE_ACID_SYNTHESIS_AND_ENTEROHEPATIC_CIRCULATION,prerank,0.5639129866222217,1.2634486294562852,0.1724137931034483,0.254673823198295,1.0,3_10,3/10,7.93%,FXR1;MAPK3;FGFR4,FXR1;MAPK3;FGFR4;SLC10A1;LDLR;ABCG8;CYP7A1;ABCB11;ABCG5;MAPK1,"[1074, 1114, 1389, 3513, 4749, 5875, 8012, 11763, 12511, 12772]",c2.cp.wikipathways__WP_BILE_ACID_SYNTHESIS_AND_ENTEROHEPATIC_CIRCULATION
c2.cp.wikipathways,WP_PRADERWILLI_AND_ANGELMAN_SYNDROME,prerank,-0.40811426468274503,-1.4898867850476292,0.0111731843575419,0.25548655621087885,1.0,39_91,39/91,26.92%,HTR2C;BDNF;TUBGCP5;NUP155;NUP133;GABRG3;TUBGCP4;BBS4;EIF4E;UBE3A;NUP93;NUP107;NUP153;GOLGA8S;PCSK1;NHLH2;TPR;NIPA1;NUP54;MDM2;NUP88;FMR1;SEH1L;TUBGCP3;SNRPN;UBE2N;NUP50;GLE1;PCM1;CCND1;HERC2;NPAP1;GABRG2;FEZ1;NUP85;PRKCZ;NUP37;CCND2;OCA2,MSX1;GABRR2;GNRH1;CDKN2C;NUP62;OXT;POMC;LHB;RAE1;SLC45A2;NGF;CDKN2A;CDKN2B;RNF8;ATP10A;CYFIP1;NUP188;GABRG1;CDC6;AHCTF1;TUBGCP6;SEC13;TUBGCP2;NUP98;E2F1;CDK4;RANBP2;AAAS;GHRL;SNURF;TACR3;TP53;MKRN3;GABRD;NDN;RB1;KISS1;POM121;GABRB3;NUP205;NUP160;DLX5;NUP214;GABRA5;CDK6;NUP35;NUP210;MDM4;MAGEL2;FEZ2;NIPA2;NUP43;OCA2;CCND2;NUP37;PRKCZ;NUP85;FEZ1;GABRG2;NPAP1;HERC2;CCND1;PCM1;GLE1;NUP50;UBE2N;SNRPN;TUBGCP3;SEH1L;FMR1;NUP88;MDM2;NUP54;NIPA1;TPR;NHLH2;PCSK1;GOLGA8S;NUP153;NUP107;NUP93;UBE3A;EIF4E;BBS4;TUBGCP4;GABRG3;NUP133;NUP155;TUBGCP5;BDNF;HTR2C,"[231, 570, 653, 960, 1525, 1666, 2238, 2383, 2890, 2892, 3051, 3605, 3838, 4005, 4398, 4757, 4837, 5012, 5149, 6248, 6489, 6603, 7298, 7363, 7793, 7822, 8103, 8169, 8489, 8538, 8564, 8693, 8877, 9581, 9598, 9620, 9673, 9701, 9903, 10174, 10193, 10738, 10878, 10979, 11099, 11178, 11712, 11817, 11895, 11908, 12008, 12077, 12803, 12887, 12986, 13086, 13222, 13416, 13432, 13444, 13619, 13673, 13706, 13788, 14042, 14060, 14676, 14712, 14930, 15036, 15053, 15285, 15799, 15826, 15832, 15924, 15963, 16054, 16065, 16256, 16383, 16756, 16760, 16874, 16889, 16900, 17025, 17180, 17201, 17360, 17447]",c2.cp.wikipathways__WP_PRADERWILLI_AND_ANGELMAN_SYNDROME
c2.cp.wikipathways,WP_ANDROGEN_RECEPTOR_NETWORK_IN_PROSTATE_CANCER,prerank,0.3319695613144164,1.2591783610038312,0.07218683651804671,0.2593956897795712,1.0,35_105,35/105,21.91%,ETV4;FKBP5;EIF4EBP1;SMARCD3;CHEK2;HSD17B7;PXN;PLK1;HGF;ELK1;MAP4K1;MAPK3;MYC;BCL2;HSD17B1;CDK2;CDKN1A;BAX;MAP2K2;CRK;BAD;ATF1;JUN;FOS;SPRY1;RAF1;CRKL;STAT3;AKT1;RAPGEF1;SMARCD2;CDKN2A;SMARCC1;ACTL6A;CDKN2B,ETV4;FKBP5;EIF4EBP1;SMARCD3;CHEK2;HSD17B7;PXN;PLK1;HGF;ELK1;MAP4K1;MAPK3;MYC;BCL2;HSD17B1;CDK2;CDKN1A;BAX;MAP2K2;CRK;BAD;ATF1;JUN;FOS;SPRY1;RAF1;CRKL;STAT3;AKT1;RAPGEF1;SMARCD2;CDKN2A;SMARCC1;ACTL6A;CDKN2B;HRAS;CDC25B;ABCC4;SP1;EIF4E1B;ACTL6B;CDC25A;HSD3B1;RAP1A;DOCK1;MAP2K1;SOS1;SMAD3;ARID1A;BARD1;NDRG1;SMAD2;CASP9;HSD3B2;GAB1;SPRY2;BLM;PTK2B;PIK3CA;RPTOR;ERG;MAPK14;CDKN1B;AR;E2F1;CDK4;TSC2;SMARCD1;FOXA1;CDK1;HSD17B4;BRCA1;SMARCC2;TP53;RHEB;JAK1;RB1;MSH6;CASP8;PTEN;ARID1B;ATM;GRB2;HSD17B3;NOXA1;SMARCA4;RICTOR;MAPK1;RAP1B;CASP3;MTOR;CCND1;TSC1;CHEK1;PAK1;MDM2;PTPN11;RAD50;MAPK8;PRKDC;RASA1;STAT1;CYP17A1;MSH2;ATR,"[69, 246, 455, 545, 581, 590, 628, 869, 893, 973, 993, 1114, 1232, 1238, 1515, 1573, 1714, 1799, 2104, 2270, 2388, 2770, 2824, 2889, 2949, 3033, 3142, 3143, 3267, 3438, 3528, 3605, 3733, 3778, 3838, 3976, 4257, 4382, 4488, 4566, 5154, 5226, 5378, 5616, 5632, 5701, 5826, 5844, 6058, 6150, 6152, 6205, 6429, 6446, 6503, 6637, 6875, 6883, 7105, 7231, 7244, 7304, 7452, 7620, 7793, 7822, 7998, 8135, 8215, 8376, 8387, 8479, 8662, 8693, 8835, 9271, 9620, 10063, 10378, 10528, 11220, 11270, 11405, 11815, 12201, 12442, 12747, 12772, 12892, 12945, 13065, 13673, 14195, 14334, 14368, 15285, 16007, 16167, 16304, 16539, 16602, 16938, 17326, 17502, 17503]",c2.cp.wikipathways__WP_ANDROGEN_RECEPTOR_NETWORK_IN_PROSTATE_CANCER
c2.cp.wikipathways,WP_KCNQ2RELATED_EPILEPSIES,prerank,-0.586975207892408,-1.5545220299951248,0.029296875,0.25981931395424457,0.997,9_19,9/19,22.62%,ANK3;AKAP5;CSNK2A1;BACE1;ITPR1;CALM1;BDKRB2;KCNQ2;KCNQ3,PPP1R10;PPP3CC;AGTR1;SCN1B;PLCG2;STX1A;PRKACA;CHRM1;PRKCA;P2RY1;KCNQ3;KCNQ2;BDKRB2;CALM1;ITPR1;BACE1;CSNK2A1;AKAP5;ANK3,"[1812, 3642, 4464, 7178, 7982, 8112, 9427, 9935, 10873, 12524, 13557, 13715, 14242, 14779, 15616, 16494, 16833, 17253, 17425]",c2.cp.wikipathways__WP_KCNQ2RELATED_EPILEPSIES
c2.cp.wikipathways,WP_WARBURG_EFFECT_MODULATED_BY_DEUBIQUITINATING_ENZYMES_AND_THEIR_SUBSTRATES,prerank,0.4287663887580978,1.2562220613556103,0.14537444933920704,0.2616140227089433,1.0,5_25,5/25,8.22%,SIRT7;U2AF2;MYC;HK2;VEGFA,SIRT7;U2AF2;MYC;HK2;VEGFA;SLC2A1;AKT1;FOXO1;OTUB2;USP19;PIK3CA;FBP1;USP28;HIF1A;LDHA;USP7;PGK1;KDR;PGAM1;OTUD7B;MTOR;VHL;USP44;OTUD6B;USP37,"[125, 428, 1232, 1337, 1439, 3156, 3267, 3351, 4528, 6412, 7105, 7260, 7838, 8234, 9549, 9680, 9922, 10163, 11781, 12630, 13065, 13393, 15423, 16071, 16672]",c2.cp.wikipathways__WP_WARBURG_EFFECT_MODULATED_BY_DEUBIQUITINATING_ENZYMES_AND_THEIR_SUBSTRATES
c2.cp.wikipathways,WP_GLYCEROLIPIDS_AND_GLYCEROPHOSPHOLIPIDS,prerank,0.4570753664449808,1.2562939453484296,0.1726315789473684,0.26241923412006746,1.0,5_21,5/21,11.70%,PNPLA2;CHPT1;CHKB;DGAT1;PTDSS2,PNPLA2;CHPT1;CHKB;DGAT1;PTDSS2;PLA2G1B;DGKZ;GPAM;CDIPT;PISD;ETNK1;PTDSS1;PEMT;DGAT2;PCYT2;PCYT1A;CDS1;CRLS1;PLD1;AGPAT4;PNPLA3,"[241, 978, 1696, 1710, 2048, 3744, 5267, 5963, 6097, 6404, 6698, 6996, 7482, 8754, 8811, 11972, 12021, 12044, 13456, 15399, 15827]",c2.cp.wikipathways__WP_GLYCEROLIPIDS_AND_GLYCEROPHOSPHOLIPIDS
c2.cp.wikipathways,WP_INTERACTIONS_BETWEEN_LOXL4_AND_OXIDATIVE_STRESS_PATHWAY,prerank,0.47767005640073773,1.2520343367020315,0.18775510204081633,0.2665234059378707,1.0,6_18,6/18,15.72%,TGFB1;ECSIT;CDC37;NQO1;NFE2L2;COL2A1,TGFB1;ECSIT;CDC37;NQO1;NFE2L2;COL2A1;SIRT1;ANXA5;DDR1;NRF1;PKD1;LOXL4;IGFBP7;FN1;BMP2;FGF7;EXOC6;SUV39H1,"[386, 954, 1874, 2676, 2684, 2752, 3998, 4481, 4896, 7477, 7769, 10184, 10189, 10662, 10854, 12101, 13534, 15572]",c2.cp.wikipathways__WP_INTERACTIONS_BETWEEN_LOXL4_AND_OXIDATIVE_STRESS_PATHWAY
c2.cp.wikipathways,WP_SMALL_LIGAND_GPCRS,prerank,0.4754596051698725,1.2475058131544983,0.18763796909492272,0.27171372405607697,1.0,6_17,6/17,14.44%,PTGER2;S1PR3;PTGDR;TBXA2R;PTAFR;S1PR1,PTGER2;S1PR3;PTGDR;TBXA2R;PTAFR;S1PR1;S1PR4;PTGER1;CNR2;PTGIR;S1PR2;LPAR1;PTGER4;PTGFR;MTNR1A;CNR1;PTGER3,"[1376, 1504, 2128, 2131, 2202, 2528, 3563, 4313, 6160, 6622, 8145, 8629, 10354, 11263, 11800, 12824, 15604]",c2.cp.wikipathways__WP_SMALL_LIGAND_GPCRS
c2.cp.wikipathways,WP_16P1311_COPY_NUMBER_VARIATION_SYNDROME,prerank,-0.5227434772884286,-1.4707712433798543,0.04021937842778794,0.27333262768802663,1.0,5_24,5/24,6.18%,MPV17L;PLAG1;DCTN4;PAFAH1B1;CEP170,PLK1;DISC1;GATA3;RAP1A;NDE1;ABCC6;DCP2;ACTR1A;KIAA0753;OFD1;ACTR1B;DCTN1;RAPGEF4;ABCC1;PLAGL1;PCM1;MYH11;ACTR10;DCTN6;CEP170;PAFAH1B1;DCTN4;PLAG1;MPV17L,"[869, 2378, 2530, 5616, 5998, 7661, 7723, 7889, 8659, 10126, 11105, 11827, 12388, 12718, 12860, 13706, 14282, 14687, 14688, 16436, 16518, 17280, 17462, 17491]",c2.cp.wikipathways__WP_16P1311_COPY_NUMBER_VARIATION_SYNDROME
c2.cp.wikipathways,WP_CLOCKCONTROLLED_AUTOPHAGY_IN_BONE_METABOLISM,prerank,0.3548629228891119,1.241678850067652,0.12025316455696203,0.2787601415787909,1.0,19_74,19/74,17.13%,CSF1;TGFB1;TNFRSF11B;BMP4;BMP5;PER1;BCL2;NFATC1;CTSK;LRP5;IL6;CTF1;NOTCH1;BMP6;SMAD4;ULK1;CALCA;SQSTM1;PLEKHM1,CSF1;TGFB1;TNFRSF11B;BMP4;BMP5;PER1;BCL2;NFATC1;CTSK;LRP5;IL6;CTF1;NOTCH1;BMP6;SMAD4;ULK1;CALCA;SQSTM1;PLEKHM1;AKT1;ARHGAP4;NPAS2;EFNB2;DKK1;BHLHE40;FYCO1;CRY1;WNT16;SMAD5;SERPINF1;SMAD9;MEPE;RUNX2;CHRD;SMAD1;VCP;AMBRA1;BHLHE41;MAP1LC3A;WNT10B;SEMA3A;JAK2;WNT5A;RB1CC1;LAMP2;ATG12;ATG4C;ATG5;BMP3;BMPR2;ATG13;NR1D2;BMP2;SEMA4D;TNFRSF11A;PRKAA2;DRAM2;MAP1LC3B;ATG7;TRAF6;RORB;MTOR;TRAP1;BECN1;CTHRC1;HMGB1;ATG3;ATG10;ATG16L1;CLOCK;IGF1;SOST;SP7;PIK3C3,"[137, 386, 664, 730, 925, 1010, 1238, 1675, 2008, 2090, 2121, 2253, 2437, 2547, 2618, 2735, 2750, 2762, 3000, 3267, 3994, 4199, 4454, 4704, 4717, 4950, 5174, 5824, 6234, 6444, 6481, 6749, 6841, 6899, 7143, 7245, 7715, 8086, 8138, 8235, 8858, 8889, 8910, 8973, 9133, 9390, 9540, 9626, 9778, 10005, 10774, 10853, 10854, 11152, 11457, 11483, 11598, 11789, 11948, 11998, 12864, 13065, 13522, 14024, 14110, 14226, 14620, 14943, 15099, 15146, 15473, 15844, 15881, 17167]",c2.cp.wikipathways__WP_CLOCKCONTROLLED_AUTOPHAGY_IN_BONE_METABOLISM
c2.cp.wikipathways,WP_EXTRACELLULAR_VESICLEMEDIATED_SIGNALING_IN_RECIPIENT_CELLS,prerank,0.42321828358542246,1.239762487156173,0.16216216216216217,0.28064861876515834,1.0,12_28,12/28,18.66%,TGFB1;AXIN1;HGF;TGFBR3;TGFB2;TGFB3;EGFR;ERBB2;SMAD4;TGFBR2;RAF1;AKT1,TGFB1;AXIN1;HGF;TGFBR3;TGFB2;TGFB3;EGFR;ERBB2;SMAD4;TGFBR2;RAF1;AKT1;HRAS;DKK4;TGFBR1;SMAD3;SMAD2;MFGE8;WNT5A;APC;MTOR;KRAS;MET;PROM1;TSPAN8;TGFA;CTNNB1;NRAS,"[386, 877, 893, 894, 1191, 1861, 2347, 2593, 2618, 2773, 3033, 3267, 3976, 5202, 5624, 5844, 6205, 7208, 8910, 9884, 13065, 13814, 13901, 14117, 14882, 14919, 16018, 16714]",c2.cp.wikipathways__WP_EXTRACELLULAR_VESICLEMEDIATED_SIGNALING_IN_RECIPIENT_CELLS
c2.cp.wikipathways,WP_MAP3K1_ROLE_IN_PROMOTING_AND_BLOCKING_GONADAL_DETERMINATION,prerank,0.484068770460523,1.237445414482766,0.20851063829787234,0.28304380340043667,1.0,6_16,6/16,13.39%,AXIN1;FRAT1;GADD45G;FOXL2;SOX9;MAPK11,AXIN1;FRAT1;GADD45G;FOXL2;SOX9;MAPK11;WNT4;ROCK1;MAP3K4;MAP3K1;RHOA;FGFR2;FGF9;MAPK1;GSK3B;CTNNB1,"[877, 1279, 1669, 1699, 2005, 2344, 3643, 6585, 6651, 7054, 7817, 11001, 12107, 12772, 15613, 16018]",c2.cp.wikipathways__WP_MAP3K1_ROLE_IN_PROMOTING_AND_BLOCKING_GONADAL_DETERMINATION
c2.cp.wikipathways,WP_GABA_RECEPTOR_SIGNALING,prerank,-0.4915636126062255,-1.470810989782497,0.04672897196261682,0.28412270516079857,1.0,12_30,12/30,23.33%,GABRA6;GABRG3;GAD2;SLC32A1;SLC6A1;GAD1;GPHN;GABRB2;AP2B1;GABRA1;GABRA4;GABRG2,GABRE;AP2S1;GABRQ;GABRG1;AP2A2;AP2M1;SLC6A11;AP2A1;GABRA3;GABRD;ABAT;GABRB1;GABRB3;GABRA2;GABRA5;GABBR2;ALDH9A1;GABBR1;GABRG2;GABRA4;GABRA1;AP2B1;GABRB2;GPHN;GAD1;SLC6A1;SLC32A1;GAD2;GABRG3;GABRA6,"[646, 1749, 3465, 5012, 5162, 5915, 6443, 6922, 8974, 9581, 9642, 9868, 9903, 10734, 10979, 11031, 11792, 11903, 13432, 13516, 13541, 13857, 13883, 15320, 16002, 16284, 16295, 16716, 16900, 17516]",c2.cp.wikipathways__WP_GABA_RECEPTOR_SIGNALING
c2.cp.wikipathways,WP_NAD_METABOLISM,prerank,0.4754839818248634,1.2353257126230077,0.20620842572062084,0.28496165356512076,1.0,4_16,4/16,4.78%,NADK;SIRT7;SIRT4;SIRT6,NADK;SIRT7;SIRT4;SIRT6;SIRT3;SIRT1;NMNAT3;NMNAT1;SIRT2;NT5E;NAMPT;PARP1;NMNAT2;SIRT5;CD38;NRK,"[44, 125, 259, 836, 2350, 3998, 4219, 5325, 6743, 8071, 8789, 9697, 14835, 16928, 17102, 17477]",c2.cp.wikipathways__WP_NAD_METABOLISM
c2.cp.wikipathways,WP_IL5_SIGNALING,prerank,0.38856570523861067,1.234661907653155,0.1595744680851064,0.2850366022734972,1.0,13_39,13/39,18.66%,PIK3R2;ELK1;MAPK3;MYC;BCL2;SYK;MAP2K2;BTK;JUN;FOS;RAF1;STAT3;AKT1,PIK3R2;ELK1;MAPK3;MYC;BCL2;SYK;MAP2K2;BTK;JUN;FOS;RAF1;STAT3;AKT1;RPS6;STAT5A;GSK3A;SHC1;STAT5B;RPS6KA1;MAP2K1;SOS1;PIK3CG;LYN;RPS6KB2;CSF2RB;FOXO3;RPS6KB1;JAK2;SPRED1;JAK1;MAPT;GRB2;MAPK1;KRAS;IL5RA;PIK3R1;GSK3B;PTPN11;STAT1,"[350, 973, 1114, 1232, 1238, 1267, 2104, 2617, 2824, 2889, 3033, 3143, 3267, 3757, 4109, 4452, 4654, 5095, 5141, 5701, 5826, 6453, 6930, 7191, 7860, 8003, 8326, 8889, 9194, 9271, 11206, 11405, 12772, 13814, 13885, 14526, 15613, 16007, 16938]",c2.cp.wikipathways__WP_IL5_SIGNALING
c2.cp.wikipathways,WP_SYNAPTIC_SIGNALING_ASSOCIATED_WITH_AUTISM_SPECTRUM_DISORDER,prerank,-0.43668391588379757,-1.4591130256323364,0.026615969581749048,0.28834981493132933,1.0,21_49,21/49,25.43%,PRKAA1;NF1;BDNF;CAMK4;UBE3A;NRAS;PRKAG1;ARC;GRIN2B;GSK3B;AKT3;PIK3R1;TSC1;KRAS;PRKAB2;PIK3CB;HOMER1;GRIN3A;PRKAB1;GRIN2A;MTOR,PIK3R2;EIF4EBP1;PIK3CD;MAPK3;AKT1;AKT2;HRAS;CAMK2B;GRIN1;PRKAG3;SHANK3;SYNGAP1;PIK3R3;PIK3CA;RPTOR;NTRK2;GRIN2C;CACNA1C;TSC2;RPS6KB1;DLG4;GRIN2D;PRKAG2;RHEB;GRM1;PTEN;PRKAA2;MAPK1;MTOR;GRIN2A;PRKAB1;GRIN3A;HOMER1;PIK3CB;PRKAB2;KRAS;TSC1;PIK3R1;AKT3;GSK3B;GRIN2B;ARC;PRKAG1;NRAS;UBE3A;CAMK4;BDNF;NF1;PRKAA1,"[350, 455, 790, 1114, 3267, 3956, 3976, 4493, 4890, 5219, 6413, 6758, 6862, 7105, 7231, 7280, 7345, 7402, 7998, 8326, 8524, 8633, 8791, 8835, 10008, 10528, 11483, 12772, 13065, 13106, 13247, 13511, 13602, 13676, 13709, 13814, 14195, 14526, 14998, 15613, 16281, 16423, 16705, 16714, 16756, 16852, 17360, 17391, 17412]",c2.cp.wikipathways__WP_SYNAPTIC_SIGNALING_ASSOCIATED_WITH_AUTISM_SPECTRUM_DISORDER
c2.cp.wikipathways,WP_17P133_YWHAE_COPY_NUMBER_VARIATION,prerank,-0.5361970787742342,-1.450550962850619,0.05078125,0.2977271382022447,1.0,11_21,11/21,27.33%,DCTN4;YWHAQ;PAFAH1B1;DCTN5;DYNC1H1;DCTN6;YWHAZ;YWHAB;DDC;YWHAE;PPP2CA,DISC1;DBH;TH;DCTN3;CDK5;YWHAH;DCTN2;NDEL1;YWHAG;DCTN1;PPP2CA;YWHAE;DDC;YWHAB;YWHAZ;DCTN6;DYNC1H1;DCTN5;PAFAH1B1;YWHAQ;DCTN4,"[2378, 2906, 5573, 5735, 6185, 7832, 9173, 9422, 11291, 11827, 12732, 12907, 13144, 13801, 14665, 14688, 15541, 16434, 16518, 16842, 17280]",c2.cp.wikipathways__WP_17P133_YWHAE_COPY_NUMBER_VARIATION
c2.cp.wikipathways,WP_KENNEDY_PATHWAY_FROM_SPHINGOLIPIDS,prerank,0.5015414299994112,1.2246899761064278,0.2167381974248927,0.29837579292013505,1.0,4_14,4/14,19.51%,CHPT1;CHKB;PTDSS2;SGPL1,CHPT1;CHKB;PTDSS2;SGPL1;ETNK2;PISD;ETNK1;PTDSS1;PEMT;CEPT1;PCYT2;PCYT1B;PCYT1A;CHKA,"[978, 1696, 2048, 3417, 4860, 6404, 6698, 6996, 7482, 8718, 8811, 11300, 11972, 12264]",c2.cp.wikipathways__WP_KENNEDY_PATHWAY_FROM_SPHINGOLIPIDS
c2.cp.wikipathways,WP_PHOSPHOINOSITIDE_3KINASE_PI3K_FAMILY,prerank,0.5025531514447006,1.2220372073117427,0.20464135021097046,0.3014559234367035,1.0,3_12,3/12,4.52%,PIK3R2;PIK3R5;PIK3CD,PIK3R2;PIK3R5;PIK3CD;PIK3CG;PIK3R3;PIK3CA;PIK3C2B;PIK3C2G;PIK3CB;PIK3C2A;PIK3R1;PIK3R4,"[350, 466, 790, 6453, 6862, 7105, 12233, 12690, 13676, 14351, 14526, 16837]",c2.cp.wikipathways__WP_PHOSPHOINOSITIDE_3KINASE_PI3K_FAMILY
c2.cp.wikipathways,WP_SELENIUM_METABOLISM_AND_SELENOPROTEINS,prerank,0.4071062602630612,1.2206249673580876,0.18046709129511676,0.30247819919427943,1.0,10_33,10/33,16.50%,RELA;DIO3;GPX1;SELENBP1;TRNAU1AP;CREM;NFE2L2;JUN;NFKB1;FOS,RELA;DIO3;GPX1;SELENBP1;TRNAU1AP;CREM;NFE2L2;JUN;NFKB1;FOS;TXNRD2;GPX4;SARS2;SP1;DIO1;GPX2;RPL30;SEPHS1;MSRB1;TXNRD1;GPX3;SCLY;DIO2;SP3;POU2F1;EEFSEC;SEPHS2;PSTK;TXNRD3;SECISBP2;CTH;FABP1;SEPSECS,"[68, 530, 1260, 1289, 1498, 2587, 2684, 2824, 2835, 2889, 3714, 4303, 4475, 4488, 5497, 5584, 5756, 6162, 7123, 7174, 7945, 8549, 9847, 10351, 11212, 11887, 12151, 12386, 14142, 14651, 15409, 16196, 16618]",c2.cp.wikipathways__WP_SELENIUM_METABOLISM_AND_SELENOPROTEINS
c2.cp.wikipathways,WP_NUCLEAR_RECEPTORS,prerank,0.38916908340228296,1.217153299396568,0.1645021645021645,0.30692770065421165,1.0,9_38,9/38,11.77%,NR1H3;RXRA;NR2F1;NR2F6;ESRRA;RARG;PPARA;THRA;NR2E1,NR1H3;RXRA;NR2F1;NR2F6;ESRRA;RARG;PPARA;THRA;NR2E1;PPARG;RXRG;PPARD;VDR;RARA;NR1I2;NR4A2;NR2F2;PGR;ESRRB;NR5A1;AR;NR0B1;NR1H2;RORA;NR5A2;THRB;HNF4A;RXRB;RARB;NR4A1;NR1D2;ESR2;ROR1;NR3C1;NR1I3;ESR1;RORC;NR2C2,"[444, 710, 1093, 1098, 1143, 1258, 1634, 2052, 2060, 3284, 3602, 3681, 4946, 5072, 6022, 6629, 6803, 7328, 7362, 7472, 7620, 7720, 7734, 7923, 8229, 8336, 9719, 9818, 10395, 10627, 10853, 11385, 13726, 14123, 15184, 16134, 16946, 17369]",c2.cp.wikipathways__WP_NUCLEAR_RECEPTORS
c2.cp.wikipathways,WP_BLADDER_CANCER,prerank,0.39566921982403574,1.2155434072795979,0.17937219730941703,0.30825415621485214,1.0,13_38,13/38,17.32%,MMP9;PIK3R2;MYC;VEGFA;RASSF1;CDKN1A;DAPK3;MAP2K2;SRC;EGFR;ERBB2;TYMP;RAF1,MMP9;PIK3R2;MYC;VEGFA;RASSF1;CDKN1A;DAPK3;MAP2K2;SRC;EGFR;ERBB2;TYMP;RAF1;CDKN2A;ARAF;HRAS;FGFR3;EGF;DAPK1;UPK3A;MAP2K1;E2F1;CDK4;TP53;CDH1;THBS1;RB1;DAPK2;MMP2;HBEGF;MAPK1;CCND1;KRAS;PIK3R1;MDM2;RPS6KA5;NRAS;BRAF,"[27, 350, 1232, 1439, 1540, 1714, 2034, 2104, 2278, 2347, 2593, 2704, 3033, 3605, 3967, 3976, 4371, 4444, 4698, 4862, 5701, 7793, 7822, 8693, 8970, 9307, 9620, 10107, 11784, 12285, 12772, 13673, 13814, 14526, 15285, 16291, 16714, 17259]",c2.cp.wikipathways__WP_BLADDER_CANCER
c2.cp.wikipathways,WP_DISORDERS_OF_MITOCHONDRIAL_HOMEOSTATIS_DYNAMICS_PROTEIN_IMPORT_AND_QUALITY_CONTROL,prerank,-0.43020846579247995,-1.435158658614045,0.037698412698412696,0.3100878292317372,1.0,14_56,14/56,14.77%,MFN1;OPA1;USP9X;MSTO1;TIMM8A;DNM1L;MIPEP;AGK;YME1L1;OXA1L;PYCR2;AFG3L2;SACS;SLC25A46,HSPD1;MCL1;PYCR1;GFER;PMPCA;PMPCB;CLPP;PLEK;TXNRD2;TMEM126A;UBXN1;UBXN6;TIMM50;LONP1;TXN2;TRAK1;XPNPEP3;COQ3;GDAP1L1;PAM16;ATAD3A;TIMMDC1;HTRA2;VCP;PINK1;OPA3;MFF;NPLOC4;STAT2;C1QBP;SPG7;SFXN4;PPA2;MICU1;CLPB;HSPA9;COQ5;RTN4IP1;AIFM1;MFN2;PITRM1;DNAJC19;SLC25A46;SACS;AFG3L2;PYCR2;OXA1L;YME1L1;AGK;MIPEP;DNM1L;TIMM8A;MSTO1;USP9X;OPA1;MFN1,"[682, 1483, 1529, 2057, 2911, 2981, 3176, 3296, 3714, 3720, 3982, 4818, 5100, 5514, 5592, 5628, 5850, 5888, 6053, 6106, 6155, 6526, 6990, 7245, 7359, 7532, 8802, 9347, 9534, 9551, 9934, 10695, 11528, 11679, 11710, 12206, 12323, 12421, 12943, 13019, 13280, 14063, 14932, 14961, 15046, 15291, 15959, 16459, 16608, 16766, 16779, 16964, 17039, 17064, 17236, 17377]",c2.cp.wikipathways__WP_DISORDERS_OF_MITOCHONDRIAL_HOMEOSTATIS_DYNAMICS_PROTEIN_IMPORT_AND_QUALITY_CONTROL
c2.cp.wikipathways,WP_NUCLEOTIDE_EXCISION_REPAIR,prerank,-0.4465498454372839,-1.4379028154575328,0.034990791896869246,0.314395241596974,1.0,21_44,21/44,29.55%,GTF2H5;RFC3;GTF2H3;CCNH;POLE2;GTF2H4;XPA;GTF2H1;CUL4B;RPA3;XPC;RFC1;DDB1;MNAT1;ERCC3;POLD3;ERCC6;RFC2;ERCC8;POLE3;ERCC4,POLD1;POLE4;DDB2;RFC4;ERCC5;POLD2;GTF2H2;ERCC1;ERCC2;RAD23A;POLE;PCNA;RPA1;POLD4;LIG1;RBX1;CUL4A;RFC5;RAD23B;CETN2;RPA2;CDK7;GTF2H2C;ERCC4;POLE3;ERCC8;RFC2;ERCC6;POLD3;ERCC3;MNAT1;DDB1;RFC1;XPC;RPA3;CUL4B;GTF2H1;XPA;GTF2H4;POLE2;CCNH;GTF2H3;RFC3;GTF2H5,"[863, 1269, 2302, 2646, 4096, 4374, 5172, 5200, 5609, 5797, 5832, 6282, 6545, 6886, 6992, 8474, 8475, 8556, 9640, 9720, 10282, 10485, 10521, 12343, 12411, 12664, 12745, 13196, 13221, 13398, 13965, 14043, 14088, 14321, 14991, 15024, 15705, 16248, 16328, 16418, 17029, 17089, 17159, 17245]",c2.cp.wikipathways__WP_NUCLEOTIDE_EXCISION_REPAIR
c2.cp.wikipathways,WP_IL9_SIGNALING,prerank,0.4695401362896857,1.2092092988971017,0.24778761061946902,0.31689163009110066,1.0,5_16,5/16,13.00%,IL2RG;PIK3R2;MAPK3;MAP2K2;IL9,IL2RG;PIK3R2;MAPK3;MAP2K2;IL9;STAT3;STAT5A;CDK9;STAT5B;JAK3;MAP2K1;JAK1;GRB2;MAPK1;PIK3R1;STAT1,"[180, 350, 1114, 2104, 2276, 3143, 4109, 4491, 5095, 5207, 5701, 9271, 11405, 12772, 14526, 16938]",c2.cp.wikipathways__WP_IL9_SIGNALING
c2.cp.wikipathways,WP_TROP2_REGULATORY_SIGNALING,prerank,0.3673182262695476,1.2064914009714431,0.14823008849557523,0.317091121004685,1.0,15_46,15/46,16.19%,CLDN7;IGF1R;IGF2;PAK4;BCL2;CDK2;ACVRL1;ITGA5;BAX;SRC;EGFR;VIM;NOTCH1;JUN;NFKB1,CLDN7;IGF1R;IGF2;PAK4;BCL2;CDK2;ACVRL1;ITGA5;BAX;SRC;EGFR;VIM;NOTCH1;JUN;NFKB1;TLN1;CDKN2A;CCNE1;IGF2R;NUMB;CDKN1B;MDK;CDK4;JAK2;CDH1;PRKCD;RB1;PTEN;FN1;PSEN2;PRKCA;ITGB1;RAC1;ABCC1;CLDN1;ADAM10;PSEN1;CCND1;CHEK1;PIK3R1;ADAM17;IGF1;CTNNB1;TACSTD2;PTK2;STAT1,"[300, 486, 826, 912, 1238, 1573, 1627, 1748, 1799, 2278, 2347, 2436, 2437, 2824, 2835, 3565, 3605, 4289, 4495, 5201, 7452, 7550, 7822, 8889, 8970, 9580, 9620, 10528, 10662, 10674, 10873, 11311, 11471, 12718, 12800, 13386, 13571, 13673, 14334, 14526, 14928, 15473, 16018, 16130, 16229, 16938]",c2.cp.wikipathways__WP_TROP2_REGULATORY_SIGNALING
c2.cp.wikipathways,WP_MFAP5MEDIATED_OVARIAN_CANCER_CELL_MOTILITY_AND_INVASIVENESS,prerank,0.505804592983549,1.2070100443228087,0.25,0.31723328331487316,1.0,6_13,6/13,18.12%,ITPR3;PLCG1;MAPK3;MFAP5;JUN;TNNC1,ITPR3;PLCG1;MAPK3;MFAP5;JUN;TNNC1;ITGB3;ITGAV;RYR3;CREB1;MAPK1;PTK2;PRKCQ,"[175, 405, 1114, 2696, 2824, 3173, 7795, 9460, 9956, 10478, 12772, 16229, 16535]",c2.cp.wikipathways__WP_MFAP5MEDIATED_OVARIAN_CANCER_CELL_MOTILITY_AND_INVASIVENESS
c2.cp.wikipathways,WP_DNA_IRDAMAGE_AND_CELLULAR_RESPONSE_VIA_ATR,prerank,-0.39855654749524144,-1.422906697477878,0.03745318352059925,0.3175145657389267,1.0,24_76,24/76,19.59%,ATR;MSH2;FANCD2;TDP1;RAD17;PRKDC;WRN;NBN;MLH1;XPA;RAD50;XRCC5;TOPBP1;RECQL;RAD1;BRCC3;MDM2;FEN1;TOP3A;MCM2;CHEK1;PALB2;RBBP8;CLSPN,BCL6;CHEK2;PLK1;PML;FOXM1;UIMC1;CDK2;TRIM28;CDC45;UPF1;POLN;HUS1;RAD52;UBE2D3;SP1;CLK2;RAD9A;PPM1D;BARD1;PCNA;RPA1;RAD51;IKBKG;E2F1;DCLRE1A;CDK1;FANCI;BRCA1;FANCA;BRCA2;SMARCC2;TP53;RMI1;CEP164;PARP1;RPA2;RECQL5;EEF1E1;SMARCAL1;USP1;MDC1;POLB;MCPH1;ATM;SMC1A;BRIP1;EXO1;ATRIP;TP53BP1;RFWD3;CDC25C;HERC2;CLSPN;RBBP8;PALB2;CHEK1;MCM2;TOP3A;FEN1;MDM2;BRCC3;RAD1;RECQL;TOPBP1;XRCC5;RAD50;XPA;MLH1;NBN;WRN;PRKDC;RAD17;TDP1;FANCD2;MSH2;ATR,"[489, 581, 869, 985, 1135, 1404, 1573, 1635, 1692, 2591, 3025, 3476, 3505, 4427, 4488, 4942, 5087, 5276, 6150, 6282, 6545, 6595, 7584, 7793, 8105, 8376, 8465, 8479, 8525, 8630, 8662, 8693, 9049, 9089, 9697, 10282, 10472, 10644, 10690, 10872, 11048, 11066, 11167, 11270, 11281, 12449, 12455, 12645, 12764, 13348, 13437, 13619, 14087, 14125, 14244, 14334, 14346, 14671, 14856, 15285, 15605, 15617, 15634, 15770, 16129, 16167, 16248, 16252, 16435, 16497, 16539, 16664, 17172, 17393, 17502, 17503]",c2.cp.wikipathways__WP_DNA_IRDAMAGE_AND_CELLULAR_RESPONSE_VIA_ATR
c2.cp.wikipathways,WP_INTERFERONMEDIATED_SIGNALING,prerank,0.426600911416197,1.2054740583887236,0.19474835886214442,0.317594122163241,1.0,4_25,4/25,8.35%,IFNA2;TYK2;IFNGR2;IL10RB,IFNA2;TYK2;IFNGR2;IL10RB;IRF9;IFNL3;IFNA13;IFNGR1;IFNA21;PIK3CA;IFNE;JAK2;IFNA1;JAK1;STAT2;IFNA8;IFNAR2;IFNW1;IFNA6;IFNLR1;IFNAR1;PRKCA;IFNL1;PIK3R1;STAT1,"[178, 1122, 1147, 1462, 2767, 3560, 4952, 5613, 5807, 7105, 7187, 8889, 9040, 9271, 9534, 9616, 9792, 9795, 10218, 10462, 10611, 10873, 10977, 14526, 16938]",c2.cp.wikipathways__WP_INTERFERONMEDIATED_SIGNALING
c2.cp.wikipathways,WP_COPPER_HOMEOSTASIS,prerank,0.3662071320748264,1.2072218564822499,0.17255717255717257,0.31792822429439893,1.0,7_49,7/49,5.53%,MT1F;MT2A;MT1G;MT1E;MT1A;MT1X;MT3,MT1F;MT2A;MT1G;MT1E;MT1A;MT1X;MT3;MT1H;JUN;COX17;STEAP4;AKT1;FOXO1;SOD1;SP1;MTF1;STEAP3;CCS;ATP7B;SOD3;COMMD1;PIK3CA;STEAP1;XAF1;FOXO3;ATOX1;TP53;APC;PTEN;PRNP;XIAP;MAPT;STEAP2;ATP7A;CASP3;ADAM10;CCND1;SLC31A2;SCO1;ADAM17;ADAM9;MDM2;GSK3B;APP;SLC31A1;BACE1;SLC11A2;MTF2;COX11,"[55, 129, 302, 327, 463, 544, 967, 1911, 2824, 2992, 3262, 3267, 3351, 3398, 4488, 4795, 5142, 6095, 6310, 6504, 7016, 7105, 7137, 7203, 8003, 8143, 8693, 9884, 10528, 10924, 11034, 11206, 11548, 11732, 12945, 13386, 13673, 13752, 14408, 14928, 15012, 15285, 15613, 15665, 15794, 16494, 16501, 16567, 17219]",c2.cp.wikipathways__WP_COPPER_HOMEOSTASIS
c2.cp.wikipathways,WP_COVID19_ADVERSE_OUTCOME_PATHWAY,prerank,0.506257162692134,1.2075182854729754,0.24301075268817204,0.3184101057967209,1.0,6_12,6/12,20.99%,CSF3;CCL2;IL6;TMPRSS2;TNF;CXCL10,CSF3;CCL2;IL6;TMPRSS2;TNF;CXCL10;IL1B;AGT;IL10;CCL3;ACE2;IL7,"[1776, 1826, 2121, 2381, 3515, 3676, 4629, 5734, 6941, 7600, 12402, 14894]",c2.cp.wikipathways__WP_COVID19_ADVERSE_OUTCOME_PATHWAY
c2.cp.wikipathways,WP_MONOAMINE_GPCRS,prerank,-0.46381032635936636,-1.4262229932800607,0.06153846153846154,0.3198695506463972,1.0,7_33,7/33,10.63%,HTR2C;DRD3;HTR4;HTR2B;HTR2A;CHRM2;DRD2,ADRA2C;ADRB2;ADRA2B;HRH1;HTR1E;ADRB1;HTR1D;ADRA2A;HTR1F;DRD4;CHRM5;DRD5;DRD1;HTR7;ADRA1A;ADRA1B;CHRM1;HTR5A;ADRB3;HTR1A;HTR6;HTR1B;CHRM3;ADRA1D;CHRM4;HRH2;DRD2;CHRM2;HTR2A;HTR2B;HTR4;DRD3;HTR2C,"[831, 1595, 1646, 4460, 4721, 4776, 5643, 5932, 6599, 7398, 7448, 8328, 8994, 9170, 9503, 9536, 9935, 10490, 10582, 10749, 11107, 11252, 11822, 13269, 14061, 14547, 15657, 15902, 16012, 16026, 17206, 17282, 17447]",c2.cp.wikipathways__WP_MONOAMINE_GPCRS
c2.cp.wikipathways,WP_MIRNA_REGULATION_OF_PROSTATE_CANCER_SIGNALING,prerank,0.4046681750819314,1.202660985089512,0.20088300220750552,0.32095484951622744,1.0,10_30,10/30,19.13%,NFKBIA;PDGFRB;BCL2;CDKN1A;CREBBP;MAP2K2;BAD;NFKB1;RAF1;FOXO1,NFKBIA;PDGFRB;BCL2;CDKN1A;CREBBP;MAP2K2;BAD;NFKB1;RAF1;FOXO1;TCF7;MAP2K1;SOS1;CASP9;PIK3CA;CDKN1B;IKBKG;PDGFA;AR;TP53;GRB2;CREB3L1;MAPK1;MTOR;CCND1;KRAS;AKT3;MDM2;GSK3B;CTNNB1,"[132, 420, 1238, 1714, 1980, 2104, 2388, 2835, 3033, 3351, 4349, 5701, 5826, 6429, 7105, 7452, 7584, 7604, 7620, 8693, 11405, 12752, 12772, 13065, 13673, 13814, 14998, 15285, 15613, 16018]",c2.cp.wikipathways__WP_MIRNA_REGULATION_OF_PROSTATE_CANCER_SIGNALING
c2.cp.wikipathways,WP_NRF2ARE_REGULATION,prerank,0.42996584662753573,1.2014004644156495,0.21158129175946547,0.3219712575685451,1.0,11_22,11/22,19.37%,CEBPB;HMOX1;MAF;FYN;KEAP1;SRC;NQO1;NFE2L2;INSR;PGAM5;YES1,CEBPB;HMOX1;MAF;FYN;KEAP1;SRC;NQO1;NFE2L2;INSR;PGAM5;YES1;SLC7A11;PIK3CA;RBX1;GCLM;CUL3;PRKCA;EPHB2;GSK3B;GCLC;MAPK8;AIMP2,"[311, 693, 1021, 1046, 1924, 2278, 2676, 2684, 3052, 3354, 3392, 4658, 7105, 8474, 9357, 10069, 10873, 14005, 15613, 15915, 16304, 17042]",c2.cp.wikipathways__WP_NRF2ARE_REGULATION
c2.cp.wikipathways,WP_REGULATION_OF_ACTIN_CYTOSKELETON,prerank,0.30492064820330306,1.200103686254396,0.09896907216494845,0.32303933366569826,1.0,38_140,38/140,20.05%,MRAS;FGF17;PIK3R2;PDGFRB;PIK3R5;EZR;PXN;RAC3;PIK3CD;GIT1;CSK;PAK4;RASSF7;WAS;MAPK3;FGF11;FGF22;FGFR4;ARHGEF6;GNA12;DIAPH3;GNA13;MAP2K2;FGF2;CRK;EGFR;CD14;ARHGEF4;VAV1;RAC2;RAF1;WASF2;BAIAP2;MYL3;GNG12;SSH1;RRAS;BCAR1,MRAS;FGF17;PIK3R2;PDGFRB;PIK3R5;EZR;PXN;RAC3;PIK3CD;GIT1;CSK;PAK4;RASSF7;WAS;MAPK3;FGF11;FGF22;FGFR4;ARHGEF6;GNA12;DIAPH3;GNA13;MAP2K2;FGF2;CRK;EGFR;CD14;ARHGEF4;VAV1;RAC2;RAF1;WASF2;BAIAP2;MYL3;GNG12;SSH1;RRAS;BCAR1;FGD1;PIP5K1C;ARHGAP35;APC2;SSH3;FGFR3;EGF;ACTN1;FGFR1;MAPK4;RRAS2;DIAPH1;FGF8;MSN;PFN1;BRK1;DOCK1;MAP2K1;SOS1;PIP4K2B;ARHGEF1;GSN;PIP5KL1;FGF20;PIK3CG;PDGFB;ROCK1;FGF16;PIK3R3;CFL1;PIK3CA;ITGA1;PAK2;CHRM5;LIMK1;F2;PDGFA;PIP4K2C;F2R;RHOA;SLC9A1;FGF18;IQGAP1;BDKRB1;ARHGEF7;PIP4K2A;TMSB4X;VIL1;RDX;APC;CHRM1;ENAH;PAK6;PDGFRA;FN1;ARPC5;FGFR2;SSH2;FGF1;RAC1;VCL;CHRM3;PIP5K1A;WASF1;FGF10;FGF7;FGF9;NCKAP1;ROCK2;PIK3C2B;ACTB;PIP5K1B;MYH10;CYFIP2;SOS2;PIK3C2G;MAPK1;FGF14;ACTG1;PPP1R12A;PIK3CB;KRAS;CHRM4;FGF13;BDKRB2;PIK3C2A;PAK1;PIK3R1;MYLK;CFL2;FGF12;CHRM2;CDC42;PTK2;ABI2;NRAS;MAPK6;FGF5;PIK3R4;PIK3C3;PAK3;BRAF,"[185, 282, 350, 420, 466, 507, 628, 747, 790, 808, 829, 912, 1015, 1067, 1114, 1166, 1206, 1389, 1428, 1633, 1881, 1948, 2104, 2211, 2270, 2347, 2611, 2757, 2843, 2938, 3033, 3195, 3246, 3253, 3370, 3396, 3458, 3512, 3710, 3945, 3973, 4159, 4292, 4371, 4444, 4592, 4624, 4801, 4949, 5025, 5132, 5230, 5360, 5449, 5632, 5701, 5826, 5956, 5981, 6007, 6250, 6436, 6453, 6544, 6585, 6665, 6862, 6939, 7105, 7251, 7446, 7448, 7458, 7524, 7604, 7726, 7751, 7817, 7867, 8121, 8419, 8507, 8537, 8806, 9219, 9305, 9853, 9884, 9935, 10169, 10408, 10418, 10662, 10877, 11001, 11056, 11280, 11471, 11575, 11822, 11952, 12034, 12099, 12101, 12107, 12193, 12203, 12233, 12262, 12325, 12400, 12542, 12680, 12690, 12772, 13236, 13331, 13544, 13676, 13814, 14061, 14173, 14242, 14351, 14368, 14526, 14708, 14958, 15531, 15902, 16108, 16229, 16343, 16714, 16768, 16780, 16837, 17167, 17241, 17259]",c2.cp.wikipathways__WP_REGULATION_OF_ACTIN_CYTOSKELETON
c2.cp.wikipathways,WP_MAPK_CASCADE,prerank,0.3984345831013598,1.1961377045947459,0.20724346076458752,0.32590210216446824,1.0,14_33,14/33,22.70%,SIPA1;MAP2K3;PLCB3;ELK1;MAPK3;MAP2K2;MAP3K3;JUN;MAPK12;RAF1;MAP2K7;RRAS;ARAF;HRAS,SIPA1;MAP2K3;PLCB3;ELK1;MAPK3;MAP2K2;MAP3K3;JUN;MAPK12;RAF1;MAP2K7;RRAS;ARAF;HRAS;MAP2K1;SOS1;MAP3K1;MAPK14;MAP2K6;MAP2K4;MBP;MAP3K2;RASA3;MAPK10;GRB2;SOS2;MAPK1;LAMTOR3;MAP3K12;KRAS;MAP2;NRAS;BRAF,"[226, 292, 441, 973, 1114, 2104, 2656, 2824, 2998, 3033, 3121, 3458, 3967, 3976, 5701, 5826, 7054, 7304, 7672, 8233, 9036, 9404, 9446, 10309, 11405, 12680, 12772, 13718, 13737, 13814, 15965, 16714, 17259]",c2.cp.wikipathways__WP_MAPK_CASCADE
c2.cp.wikipathways,WP_EPO_RECEPTOR_SIGNALING,prerank,0.41956062183517856,1.1974016443336104,0.200836820083682,0.3259998300151203,1.0,13_26,13/26,23.46%,EPOR;PTPRU;MAPK3;MAP2K2;SRC;IRS2;CISH;RAF1;STAT3;AKT1;SOCS1;PTPRC;STAT5A,EPOR;PTPRU;MAPK3;MAP2K2;SRC;IRS2;CISH;RAF1;STAT3;AKT1;SOCS1;PTPRC;STAT5A;SHC1;STAT5B;IRS1;MAP2K1;SOS1;PIK3CG;JAK2;EPO;GRB2;MAPK1;PDK1;RASA1;STAT1,"[45, 857, 1114, 2104, 2278, 2357, 2714, 3033, 3143, 3267, 3430, 3989, 4109, 4654, 5095, 5115, 5701, 5826, 6453, 8889, 9692, 11405, 12772, 16370, 16602, 16938]",c2.cp.wikipathways__WP_EPO_RECEPTOR_SIGNALING
c2.cp.wikipathways,WP_PREGNANE_X_RECEPTOR_PATHWAY,prerank,0.424981098675822,1.1961955914716642,0.22526315789473683,0.3268181201295134,1.0,9_24,9/24,19.13%,RXRA;HSP90AA1;SRPX2;ABCC2;PSMC5;CYP3A4;SRC;ABCB1;FOXO1,RXRA;HSP90AA1;SRPX2;ABCC2;PSMC5;CYP3A4;SRC;ABCB1;FOXO1;ABCC3;ABCC4;CYP3A5;CYP4F12;NR1I2;CYP2C19;DNAJC7;NCOA1;NCOA3;SLCO1B1;PPARGC1A;NCOA2;NRIP1;CYP3A7;CYP2A6,"[710, 876, 1290, 1475, 1517, 2099, 2278, 3190, 3351, 4275, 4382, 4567, 4880, 6022, 8163, 8324, 8813, 9917, 10574, 11622, 13040, 14451, 15570, 16405]",c2.cp.wikipathways__WP_PREGNANE_X_RECEPTOR_PATHWAY
c2.cp.wikipathways,WP_15Q25_COPY_NUMBER_VARIATION,prerank,-0.4416311994402404,-1.4136602576378416,0.05415162454873646,0.3294700624016763,1.0,22_43,22/43,33.01%,SPCS1;RNMT;DNM3;GRM5;RYR2;C15orf40;ITPR1;SPCS3;SYNJ1;PDE8A;WDR73;BTBD1;SH3GL3;AP3M2;GOLGA6L4;ALPK3;AGAP2;TM6SF1;HTT;SHANK1;CPEB1;HOMER2,FSD2;RAF1;WHAMM;SLC2A1;RYR1;ZNF592;EGF;AP3D1;AP3B2;ADAMTSL3;SEC11A;NMB;SHANK3;BNC1;TOP1;SPCS2;SLC28A1;NMBR;GRM1;ZSCAN2;AP3S1;HOMER2;CPEB1;SHANK1;HTT;TM6SF1;AGAP2;ALPK3;GOLGA6L4;AP3M2;SH3GL3;BTBD1;WDR73;PDE8A;SYNJ1;SPCS3;ITPR1;C15orf40;RYR2;GRM5;DNM3;RNMT;SPCS1,"[2501, 3033, 3136, 3156, 3704, 4317, 4444, 4667, 5395, 5401, 5752, 5775, 6413, 6785, 6951, 8291, 8911, 9749, 10008, 10097, 10281, 11737, 11739, 11951, 11996, 12181, 12200, 13159, 13223, 13521, 14062, 14199, 14539, 14553, 15067, 15200, 15616, 16086, 16332, 16741, 16878, 16987, 17055]",c2.cp.wikipathways__WP_15Q25_COPY_NUMBER_VARIATION
c2.cp.wikipathways,WP_SENESCENCE_AND_AUTOPHAGY_IN_CANCER,prerank,0.31902036239246717,1.1906566353568504,0.13742071881606766,0.3305080214704986,1.0,22_97,22/97,16.13%,IRF7;MAP2K3;CEBPB;MAP1LC3C;TGFB1;IGF1R;IRF1;IRF5;ING1;BCL2;AKT1S1;CDKN1A;CXCL1;FKBP8;IL6R;IL6;SRC;SMAD4;ULK1;IGFBP5;SQSTM1;JUN,IRF7;MAP2K3;CEBPB;MAP1LC3C;TGFB1;IGF1R;IRF1;IRF5;ING1;BCL2;AKT1S1;CDKN1A;CXCL1;FKBP8;IL6R;IL6;SRC;SMAD4;ULK1;IGFBP5;SQSTM1;JUN;RAF1;SLC39A1;CDKN2A;BMI1;HRAS;SERPINE1;MMP14;CDC25B;IL1B;HMGA1;IFI16;COL1A1;MLST8;PLAU;GABARAP;IL6ST;MAP2K1;CD44;ING2;SMAD3;PLAT;GSN;PCNA;SLC39A2;MAPK14;SH3GLB1;CDKN1B;IGFBP3;CCL3;AMBRA1;E2F1;LAMP1;MAP1LC3A;TP53;RB1CC1;LAMP2;IL24;CXCL14;SPARC;THBS1;ATG12;GABARAPL2;RB1;ATG5;IGFBP7;RNASEL;PTEN;FN1;ATG13;COL10A1;BMP2;SLC39A4;MAP1LC3B;ATG7;SLC39A3;IL1A;MAPK1;GABARAPL1;COL3A1;MTOR;SERPINB2;BECN1;RSL1D1;ATG3;ATG10;ATG16L1;MDM2;CREG1;IGF1;GSK3B;INHBA;UVRAG;PIK3C3;BRAF;ATG14,"[161, 292, 311, 380, 386, 486, 538, 1040, 1121, 1238, 1340, 1714, 1774, 1961, 2017, 2121, 2278, 2618, 2735, 2746, 2762, 2824, 3033, 3471, 3605, 3628, 3976, 4011, 4031, 4257, 4629, 4727, 5020, 5109, 5180, 5250, 5318, 5448, 5701, 5731, 5742, 5844, 5897, 6007, 6282, 7218, 7304, 7319, 7452, 7570, 7600, 7715, 7793, 8117, 8138, 8693, 8973, 9133, 9230, 9270, 9277, 9307, 9390, 9518, 9620, 9626, 10189, 10263, 10528, 10662, 10774, 10785, 10854, 11349, 11789, 11948, 11949, 12614, 12772, 12855, 12899, 13065, 13879, 14024, 14477, 14620, 14943, 15099, 15285, 15330, 15473, 15613, 16208, 16514, 17167, 17259, 17484]",c2.cp.wikipathways__WP_SENESCENCE_AND_AUTOPHAGY_IN_CANCER
c2.cp.wikipathways,WP_APOPTOSIS_REGULATION_BY_PARATHYROID_HORMONERELATED_PROTEIN,prerank,0.4166864287516523,1.1910353687838269,0.24375,0.3309428303208326,1.0,15_24,15/24,26.46%,BID;BCL2L1;MYC;BCL2;MCL1;BAX;ITGB4;BCL2A1;AKT1;BCL2L10;AKT2;ITGA6;BCL2L12;GSK3A;BOK,BID;BCL2L1;MYC;BCL2;MCL1;BAX;ITGB4;BCL2A1;AKT1;BCL2L10;AKT2;ITGA6;BCL2L12;GSK3A;BOK;PIK3CG;BAK1;BCL2L14;BCL2L13;BCL2L2;PTHLH;AKT3;BCL2L15;GSK3B,"[779, 1087, 1232, 1238, 1483, 1799, 1867, 2841, 3267, 3669, 3956, 4120, 4311, 4452, 4634, 6453, 8735, 12934, 13547, 14527, 14886, 14998, 15031, 15613]",c2.cp.wikipathways__WP_APOPTOSIS_REGULATION_BY_PARATHYROID_HORMONERELATED_PROTEIN
c2.cp.wikipathways,WP_SELENIUM_MICRONUTRIENT_NETWORK,prerank,0.3458568392857675,1.1922710400190495,0.16322314049586778,0.33106121817462913,1.0,18_65,18/65,17.43%,NFKB2;RELA;ALOX15B;DIO3;APOA1;GPX1;CBS;CCL2;ICAM1;IL6;ALOX5AP;SCARB1;SERPINA3;ABCA1;CRP;PRDX1;NFKB1;INSR,NFKB2;RELA;ALOX15B;DIO3;APOA1;GPX1;CBS;CCL2;ICAM1;IL6;ALOX5AP;SCARB1;SERPINA3;ABCA1;CRP;PRDX1;NFKB1;INSR;SOD1;TNF;TXNRD2;FLAD1;SERPINE1;GPX4;KYNU;IL1B;LDLR;PRDX5;DIO1;GPX2;PLAT;SOD3;MTHFR;PRDX2;PTGS1;MSRB1;TXNRD1;F2;GPX3;GGT1;TXN;PRDX3;APOB;ALOX5;SOD2;CAT;DIO2;PLG;PRDX4;PTGS2;SAA4;SEPHS2;RFK;MPO;KMO;TXNRD3;GSR;SAA2;F7;CTH;HBA1;PNPO;HBB;ALB;MTR,"[56, 68, 458, 530, 666, 1260, 1781, 1826, 1872, 2121, 2249, 2430, 2558, 2620, 2639, 2756, 2835, 3052, 3398, 3515, 3714, 3835, 4011, 4303, 4450, 4629, 4749, 5251, 5497, 5584, 5897, 6504, 6721, 6845, 6934, 7123, 7174, 7524, 7945, 8643, 8981, 9353, 9399, 9403, 9445, 9839, 9847, 9981, 10397, 11182, 12049, 12151, 12361, 12599, 13213, 14142, 14462, 14579, 14816, 15409, 15448, 16003, 17049, 17145, 17470]",c2.cp.wikipathways__WP_SELENIUM_MICRONUTRIENT_NETWORK
c2.cp.wikipathways,WP_MESODERMAL_COMMITMENT_PATHWAY,prerank,0.3050574940699593,1.1914927016466945,0.1277533039647577,0.33130414429044286,1.0,39_137,39/137,19.16%,FZD8;TCF7L1;TBX6;HES7;TEAD2;TRIM5;BMP4;AXIN1;TBX3;FOXC1;RARG;CTBP2;FZD4;LEF1;BCORL1;SOX2;TRIM28;ARL4A;NOG;YAP1;BMP7;VAV3;AHDC1;TBX1;SESN1;DLL1;SNAI1;GATA3;SMAD4;SOX21;NFE2L2;POU5F1;KLF4;ELP4;FOXC2;AMH;RPL38;WNT3;TEAD1,FZD8;TCF7L1;TBX6;HES7;TEAD2;TRIM5;BMP4;AXIN1;TBX3;FOXC1;RARG;CTBP2;FZD4;LEF1;BCORL1;SOX2;TRIM28;ARL4A;NOG;YAP1;BMP7;VAV3;AHDC1;TBX1;SESN1;DLL1;SNAI1;GATA3;SMAD4;SOX21;NFE2L2;POU5F1;KLF4;ELP4;FOXC2;AMH;RPL38;WNT3;TEAD1;KLF5;SMAD6;AXIN2;NABP2;FOXH1;ZIC5;ZIC2;CSRP2;FGFR1;DKK1;BHLHE40;PAX6;SLC2A12;CCDC6;FGF8;SRF;HMGA2;FZD5;ATP8B2;LEFTY1;SMAD3;RGS10;SMAD2;CRTC1;BMPR1A;CHRD;CEP250;SMAD1;ELK4;SOX17;LEFTY2;PHF6;TRERF1;FOXA1;TOX;JARID2;PLCH1;JAK2;AEBP2;PBX3;ARID5B;PRKACA;ZFHX4;PARP8;UBR5;C1QBP;DDAH1;SETD2;HNF4A;TCF4;WDFY2;LATS1;BMPR2;ACVR2A;RARB;ZIC3;EPB41L5;HPRT1;GRHL2;KDM6A;DNMT3B;ACACA;HTT;EXT1;TWSG1;EXT2;TRIM71;MBTD1;ACVR1;ADAM19;PPP2CA;DIP2A;NLK;NCAPG2;NODAL;CCND1;PIAS1;MACF1;NANOG;TOX3;ZNF281;CUL4B;PBX1;ZNF462;MIXL1;GATA6;ASCC3;INHBA;C9orf72;SCHIP1;MEIS1;MTF2;TET1;ACVR2B;PRKAR1A;WDHD1;CCDC88A;EOMES,"[225, 230, 236, 275, 314, 685, 730, 877, 1154, 1187, 1258, 1322, 1368, 1377, 1464, 1488, 1635, 1751, 1901, 2016, 2039, 2050, 2080, 2277, 2306, 2363, 2526, 2530, 2618, 2683, 2684, 2795, 2806, 2918, 3060, 3211, 3230, 3325, 3355, 3478, 3626, 3853, 4024, 4521, 4569, 4599, 4621, 4624, 4704, 4717, 4803, 5043, 5060, 5132, 5159, 5446, 5568, 5604, 5642, 5844, 6190, 6205, 6445, 6579, 6899, 6926, 7143, 7465, 7508, 7533, 7707, 8179, 8215, 8367, 8370, 8437, 8889, 9039, 9195, 9401, 9427, 9431, 9482, 9528, 9551, 9627, 9665, 9719, 9842, 9902, 9929, 10005, 10101, 10395, 10396, 10718, 11035, 11136, 11256, 11295, 11923, 11996, 12204, 12336, 12464, 12502, 12633, 12679, 12717, 12732, 13198, 13369, 13574, 13579, 13673, 13684, 13941, 14064, 14137, 14857, 15024, 15130, 15387, 15628, 15710, 15908, 16208, 16247, 16288, 16346, 16567, 16630, 16673, 16685, 16881, 17150, 17333]",c2.cp.wikipathways__WP_MESODERMAL_COMMITMENT_PATHWAY
c2.cp.wikipathways,WP_8P231_COPY_NUMBER_VARIATION_SYNDROME,prerank,0.36469715282125104,1.1847427867382077,0.18958333333333333,0.3385808340625654,1.0,19_47,19/47,20.68%,FCGR2A;HSPD1;FCGR2B;TLR2;AXIN1;MAPK3;PPP1R3B;BMP1;CLDN23;SLC2A4;SLC35G5;SOX7;S100A10;NKX6-1;RAF1;SGPL1;CTSD;TLR4;MFHAS1,FCGR2A;HSPD1;FCGR2B;TLR2;AXIN1;MAPK3;PPP1R3B;BMP1;CLDN23;SLC2A4;SLC35G5;SOX7;S100A10;NKX6-1;RAF1;SGPL1;CTSD;TLR4;MFHAS1;CTSB;MTMR8;TBX5;NEIL2;PINX1;CSTA;SLBP;MCRS1;FDFT1;MEPE;MSRA;XKR6;PRSS55;FAM167A;NUMA1;RP1L1;DEFB134;MAPK1;ERI1;TERT;BLK;HEPACAM2;TNKS;CTNNB1;MTMR6;TERF1;MTMR9;MTMR7,"[648, 682, 716, 745, 877, 1114, 1636, 1768, 1803, 1904, 2095, 2124, 2652, 2679, 3033, 3417, 3494, 3516, 3621, 4381, 4606, 4864, 4878, 5010, 5233, 5569, 5728, 6284, 6749, 7375, 7639, 8026, 8405, 9366, 10331, 12252, 12772, 12902, 13041, 13357, 14041, 14449, 16018, 16387, 16643, 17111, 17160]",c2.cp.wikipathways__WP_8P231_COPY_NUMBER_VARIATION_SYNDROME
c2.cp.wikipathways,WP_PATHOPHYSIOLOGICAL_ROLES_OF_DUX4_IN_FSHD1,prerank,0.4798298133558526,1.1825819429813713,0.25,0.3410364757839815,1.0,5_14,5/14,14.80%,MYC;VEGFA;ADRB2;CDKN1A;UPF1,MYC;VEGFA;ADRB2;CDKN1A;UPF1;MYOD1;FBXO32;TRIM63;EP300;RET;ESR2;PPARGC1A;MYOG;PAX7,"[1232, 1439, 1595, 1714, 2591, 4524, 5331, 6742, 7268, 10215, 11385, 11622, 13675, 15619]",c2.cp.wikipathways__WP_PATHOPHYSIOLOGICAL_ROLES_OF_DUX4_IN_FSHD1
c2.cp.wikipathways,WP_PHOSPHATIDYL_INOSITOL_PHOSPHATE_PATHWAY,prerank,0.367249616192968,1.1803480063241312,0.19956140350877194,0.3437069729424764,1.0,10_44,10/44,17.93%,PLCG1;PLCB3;INPP5D;INPP5E;PIK3CD;PLCD1;PLCD4;PLCD3;PLCB2;TPTE2,PLCG1;PLCB3;INPP5D;INPP5E;PIK3CD;PLCD1;PLCD4;PLCD3;PLCB2;TPTE2;PIP5K1C;MTMR8;INPP5K;PIP4K2B;MTM1;PIK3CG;PLCE1;PIK3CA;PI4K2A;PIP4K2C;OCRL;PI4KB;INPP4B;PLCG2;PIP4K2A;FIG4;MTMR1;PI4KA;PTEN;PI4K2B;SACM1L;IPMK;PIP5K1A;PIK3C2B;PIP5K1B;PIK3C2G;INPP4A;PIK3CB;MTMR2;PIK3C2A;PIKFYVE;PLCB1;PLCB4;MTMR6,"[405, 441, 448, 557, 790, 1474, 2739, 2851, 2865, 3140, 3945, 4606, 5236, 5956, 6261, 6453, 6601, 7105, 7428, 7726, 7748, 7802, 7953, 7982, 8806, 8855, 9176, 10179, 10528, 11449, 11538, 11767, 11952, 12233, 12325, 12690, 13228, 13676, 14075, 14351, 14617, 14865, 15159, 16387]",c2.cp.wikipathways__WP_PHOSPHATIDYL_INOSITOL_PHOSPHATE_PATHWAY
c2.cp.wikipathways,WP_WNT_SIGNALING_NETPATH,prerank,0.3587738876188285,1.176571460935052,0.19665271966527198,0.3488714698846818,1.0,13_51,13/51,14.23%,TCF3;AXIN1;DVL1;MYC;ARRB2;FRAT1;NFATC2;LEF1;CTBP1;GJA1;DVL2;LRP5;DVL3,TCF3;AXIN1;DVL1;MYC;ARRB2;FRAT1;NFATC2;LEF1;CTBP1;GJA1;DVL2;LRP5;DVL3;AKT1;PPARG;CSNK1D;AXIN2;GSK3A;TCF7L2;CSNK1E;PI4K2A;ROR2;RHOA;TEK;TSC2;RYK;SOX1;BCL9;CSNK1G1;PRKCG;MAP3K7;TCF4;APC;GCKR;PRKCA;CDK6;RAC1;PIP5K1B;MAPK1;MTOR;NLK;CCND1;ROR1;LRP6;TSC1;PRKCB;MAPK9;GSK3B;CSNK1A1;CTNNB1;MAPK8,"[734, 877, 1089, 1232, 1250, 1279, 1367, 1377, 1410, 1579, 1798, 2090, 2492, 3267, 3284, 3453, 3853, 4452, 4922, 5083, 7428, 7746, 7817, 7870, 7998, 8260, 8764, 8949, 9223, 9622, 9639, 9842, 9884, 10455, 10873, 11099, 11471, 12325, 12772, 13065, 13369, 13673, 13726, 13826, 14195, 14648, 14702, 15613, 15773, 16018, 16304]",c2.cp.wikipathways__WP_WNT_SIGNALING_NETPATH
c2.cp.wikipathways,WP_FOXA2_PATHWAY,prerank,0.44564590907856694,1.1759764341277354,0.24511930585683298,0.34890183919849665,1.0,8_18,8/18,25.02%,GSTM2;ABCC2;MLXIPL;IRS2;SLC27A5;FOXO1;ABCC3;ABCC4,GSTM2;ABCC2;MLXIPL;IRS2;SLC27A5;FOXO1;ABCC3;ABCC4;IRS1;FOXA1;APOB;SREBF1;FASN;GSTA1;SLCO1B1;ACACA;PPARGC1B;MTTP,"[1035, 1475, 1621, 2357, 3295, 3351, 4275, 4382, 5115, 8215, 9399, 9432, 9820, 10539, 10574, 11923, 13100, 14598]",c2.cp.wikipathways__WP_FOXA2_PATHWAY
c2.cp.wikipathways,WP_AMPACTIVATED_PROTEIN_KINASE_SIGNALING,prerank,0.34208756570998883,1.1748434700494825,0.18181818181818182,0.3496289702000648,1.0,12_63,12/63,10.87%,CPT1B;PIK3R2;EIF4EBP1;PIK3CD;CCNA2;STK11;GYS2;SLC2A4RG;CPT1C;PFKFB3;CDKN1A;SLC2A4,CPT1B;PIK3R2;EIF4EBP1;PIK3CD;CCNA2;STK11;GYS2;SLC2A4RG;CPT1C;PFKFB3;CDKN1A;SLC2A4;CRTC2;INSR;AKT1;ADIPOR2;AKT2;CPT1A;PRKAG3;ACACB;LEPR;PIK3CG;PIK3R3;CAMKK1;PIK3CA;RPS6KB2;RPTOR;GYS1;TSC2;ELAVL1;CCNB1;EEF2K;RPS6KB1;TP53;STRADB;PRKAG2;EEF2;SREBF1;ADRA1A;ADRA1B;HNF4A;LIPE;FASN;CCNA1;PRKAA2;CAB39;ACACA;ADIPOR1;MTOR;PPARGC1B;PRKAB1;STRADA;HMGCR;PIK3CB;PRKAB2;TSC1;PIK3R1;CAMKK2;PLCB1;PRKACB;PRKAG1;PIK3C3;PRKAA1,"[322, 350, 455, 790, 799, 977, 1216, 1373, 1532, 1594, 1714, 1904, 2510, 3052, 3267, 3692, 3956, 4767, 5219, 5622, 5645, 6453, 6862, 6967, 7105, 7191, 7231, 7509, 7998, 8106, 8226, 8245, 8326, 8693, 8738, 8791, 9332, 9432, 9503, 9536, 9719, 9728, 9820, 10863, 11483, 11898, 11923, 12823, 13065, 13100, 13247, 13446, 13646, 13676, 13709, 14195, 14526, 14750, 14865, 16466, 16705, 17167, 17412]",c2.cp.wikipathways__WP_AMPACTIVATED_PROTEIN_KINASE_SIGNALING
c2.cp.wikipathways,WP_ALZHEIMERS_DISEASE,prerank,0.2790836594845509,1.1726999695915652,0.07942973523421588,0.3509593636452509,1.0,46_252,46/252,13.64%,RELA;FZD9;KLC3;CASP7;CSF1;ITPR3;FZD8;CAPN2;PIK3R2;ATF4;FRAT2;TNFRSF1A;PLCB3;TRAF2;WNT6;TUBAL3;DDIT3;AGER;BID;PIK3CD;FZD2;AXIN1;XBP1;DVL1;MAPK3;FRAT1;TUBA1C;WNT5B;CALML6;PSMC5;KLC1;DVL2;KIF5A;TUBB6;FZD1;FADD;WIPI2;LRP5;MAP2K2;PPID;KLC4;IL6;KIF5B;IKBKB;IRS2;BAD,RELA;FZD9;KLC3;CASP7;CSF1;ITPR3;FZD8;CAPN2;PIK3R2;ATF4;FRAT2;TNFRSF1A;PLCB3;TRAF2;WNT6;TUBAL3;DDIT3;AGER;BID;PIK3CD;FZD2;AXIN1;XBP1;DVL1;MAPK3;FRAT1;TUBA1C;WNT5B;CALML6;PSMC5;KLC1;DVL2;KIF5A;TUBB6;FZD1;FADD;WIPI2;LRP5;MAP2K2;PPID;KLC4;IL6;KIF5B;IKBKB;IRS2;BAD;DVL3;CALML4;CAPN1;ULK1;NFKB1;PLCB2;CSNK2B;RAF1;INSR;MAP2K7;ADRM1;PSMA7;AKT1;PSMB1;WNT3;LRP1;TNF;PPP3CC;WNT4;TUBB8;WNT7A;AXIN2;SLC25A31;AKT2;ARAF;HRAS;CSNK2A2;APOE;TUBB4B;APC2;PSMB6;KLC2;MAP3K5;PSMD6;IL1B;DKK1;GAPDH;GRIN1;PSMD3;TUBA8;CSNK1E;IRS1;DKK4;PSMD4;PSMB5;WNT10A;ATP2A1;FZD5;WNT7B;MAP2K1;TUBB;WNT16;TUBA3D;HSD17B10;WNT11;CDK5;PSMB4;PSMD9;TUBA3E;CASP9;WIPI1;PSMB3;CYBB;PSMA1;ATG2A;CACNA1F;PIK3R3;PSMC3;PIK3CA;GRIN2C;FZD10;CACNA1C;PSMB7;FZD7;AMBRA1;PSMA4;TUBA4A;PSENEN;PSMD12;WNT10B;PSMC1;PSMD2;PSMA2;PSMD8;CSNK1A1L;GRIN2D;NOX1;WNT5A;LPL;RB1CC1;VDAC2;MCU;PSMD7;VDAC3;PSMC4;WNT2;FAS;GPR83;TUBB2B;TUBA1B;SLC25A4;VDAC1;APC;TUBB2A;RYR3;PPP3R2;APBB1;MAPK10;CDK5R1;PSMD1;CASP8;KIF5C;PSEN2;GNAQ;ATG13;RTN3;WNT2B;ERN1;SNCA;PSMA6;PPP3CA;PTGS2;MAPT;TUBB3;IRS4;EIF2AK2;ITPR2;NOS2;PSMC6;NRBF2;CHRNA7;TUBB1;PPP3R1;PSMD14;CYCS;NCSTN;CHUK;FZD3;IDE;CALM3;PSMD13;CALM2;PPP3CB;IL1A;FZD6;MAPK1;DKK2;CASP3;MTOR;GRIN2A;ADAM10;APH1A;TUBB4A;PSEN1;PPIF;PIK3CB;APAF1;KRAS;LRP6;SLC25A5;BECN1;CACNA1D;CALML3;WNT1;NOX4;CACNA1S;PIK3R1;EIF2AK3;EIF2S1;MAPK9;CALM1;PLCB1;ADAM17;PSMA5;RTN4;AKT3;PLCB4;ATP2A2;GSK3B;ITPR1;APP;CSNK1A1;NOS1;CTNNB1;PSMC2;CSNK2A3;ATG2B;NAE1;GRIN2B;MAPK8;APH1B;SFRP4;ATP2A3;BACE1;NRAS;PSMA3;CSNK2A1;PIK3R4;MME;TUBA1A;PSMB2;ATF6;PIK3C3;ULK2;BRAF;ATG14,"[68, 83, 97, 112, 137, 175, 225, 285, 350, 381, 388, 390, 441, 494, 579, 709, 729, 759, 779, 790, 841, 877, 1084, 1089, 1114, 1279, 1307, 1392, 1491, 1517, 1562, 1798, 1843, 1877, 1987, 2019, 2077, 2090, 2104, 2108, 2120, 2121, 2312, 2341, 2357, 2388, 2492, 2596, 2681, 2735, 2835, 2865, 2962, 3033, 3052, 3121, 3132, 3240, 3267, 3303, 3325, 3463, 3515, 3642, 3643, 3819, 3834, 3853, 3871, 3956, 3967, 3976, 4037, 4072, 4115, 4159, 4299, 4327, 4419, 4459, 4629, 4704, 4761, 4890, 4956, 5069, 5083, 5115, 5202, 5212, 5338, 5355, 5412, 5568, 5668, 5701, 5726, 5824, 5836, 6026, 6105, 6185, 6246, 6409, 6422, 6429, 6509, 6562, 6563, 6584, 6755, 6765, 6862, 6885, 7105, 7345, 7367, 7402, 7404, 7442, 7715, 7762, 8024, 8093, 8225, 8235, 8434, 8522, 8576, 8583, 8589, 8633, 8800, 8910, 8940, 8973, 8987, 8992, 9152, 9165, 9276, 9348, 9493, 9527, 9546, 9644, 9747, 9800, 9884, 9904, 9956, 10012, 10022, 10309, 10324, 10336, 10378, 10618, 10674, 10758, 10774, 10820, 10827, 10889, 10959, 11032, 11156, 11182, 11206, 11364, 11477, 11535, 11545, 11576, 11615, 11640, 11644, 11787, 11801, 11848, 11932, 11977, 12017, 12043, 12047, 12212, 12242, 12311, 12602, 12614, 12762, 12772, 12906, 12945, 13065, 13106, 13386, 13434, 13545, 13571, 13578, 13676, 13773, 13814, 13826, 13855, 14024, 14197, 14316, 14329, 14437, 14515, 14526, 14600, 14673, 14702, 14779, 14865, 14928, 14940, 14995, 14998, 15159, 15339, 15613, 15616, 15665, 15773, 15846, 16018, 16078, 16104, 16230, 16265, 16281, 16304, 16361, 16403, 16443, 16494, 16714, 16801, 16833, 16837, 16915, 17082, 17105, 17166, 17167, 17198, 17259, 17484]",c2.cp.wikipathways__WP_ALZHEIMERS_DISEASE
c2.cp.wikipathways,WP_ALZHEIMERS_DISEASE_AND_MIRNA_EFFECTS,prerank,0.2790836594845509,1.1726999695915652,0.07942973523421588,0.3509593636452509,1.0,46_252,46/252,13.64%,RELA;FZD9;KLC3;CASP7;CSF1;ITPR3;FZD8;CAPN2;PIK3R2;ATF4;FRAT2;TNFRSF1A;PLCB3;TRAF2;WNT6;TUBAL3;DDIT3;AGER;BID;PIK3CD;FZD2;AXIN1;XBP1;DVL1;MAPK3;FRAT1;TUBA1C;WNT5B;CALML6;PSMC5;KLC1;DVL2;KIF5A;TUBB6;FZD1;FADD;WIPI2;LRP5;MAP2K2;PPID;KLC4;IL6;KIF5B;IKBKB;IRS2;BAD,RELA;FZD9;KLC3;CASP7;CSF1;ITPR3;FZD8;CAPN2;PIK3R2;ATF4;FRAT2;TNFRSF1A;PLCB3;TRAF2;WNT6;TUBAL3;DDIT3;AGER;BID;PIK3CD;FZD2;AXIN1;XBP1;DVL1;MAPK3;FRAT1;TUBA1C;WNT5B;CALML6;PSMC5;KLC1;DVL2;KIF5A;TUBB6;FZD1;FADD;WIPI2;LRP5;MAP2K2;PPID;KLC4;IL6;KIF5B;IKBKB;IRS2;BAD;DVL3;CALML4;CAPN1;ULK1;NFKB1;PLCB2;CSNK2B;RAF1;INSR;MAP2K7;ADRM1;PSMA7;AKT1;PSMB1;WNT3;LRP1;TNF;PPP3CC;WNT4;TUBB8;WNT7A;AXIN2;SLC25A31;AKT2;ARAF;HRAS;CSNK2A2;APOE;TUBB4B;APC2;PSMB6;KLC2;MAP3K5;PSMD6;IL1B;DKK1;GAPDH;GRIN1;PSMD3;TUBA8;CSNK1E;IRS1;DKK4;PSMD4;PSMB5;WNT10A;ATP2A1;FZD5;WNT7B;MAP2K1;TUBB;WNT16;TUBA3D;HSD17B10;WNT11;CDK5;PSMB4;PSMD9;TUBA3E;CASP9;WIPI1;PSMB3;CYBB;PSMA1;ATG2A;CACNA1F;PIK3R3;PSMC3;PIK3CA;GRIN2C;FZD10;CACNA1C;PSMB7;FZD7;AMBRA1;PSMA4;TUBA4A;PSENEN;PSMD12;WNT10B;PSMC1;PSMD2;PSMA2;PSMD8;CSNK1A1L;GRIN2D;NOX1;WNT5A;LPL;RB1CC1;VDAC2;MCU;PSMD7;VDAC3;PSMC4;WNT2;FAS;GPR83;TUBB2B;TUBA1B;SLC25A4;VDAC1;APC;TUBB2A;RYR3;PPP3R2;APBB1;MAPK10;CDK5R1;PSMD1;CASP8;KIF5C;PSEN2;GNAQ;ATG13;RTN3;WNT2B;ERN1;SNCA;PSMA6;PPP3CA;PTGS2;MAPT;TUBB3;IRS4;EIF2AK2;ITPR2;NOS2;PSMC6;NRBF2;CHRNA7;TUBB1;PPP3R1;PSMD14;CYCS;NCSTN;CHUK;FZD3;IDE;CALM3;PSMD13;CALM2;PPP3CB;IL1A;FZD6;MAPK1;DKK2;CASP3;MTOR;GRIN2A;ADAM10;APH1A;TUBB4A;PSEN1;PPIF;PIK3CB;APAF1;KRAS;LRP6;SLC25A5;BECN1;CACNA1D;CALML3;WNT1;NOX4;CACNA1S;PIK3R1;EIF2AK3;EIF2S1;MAPK9;CALM1;PLCB1;ADAM17;PSMA5;RTN4;AKT3;PLCB4;ATP2A2;GSK3B;ITPR1;APP;CSNK1A1;NOS1;CTNNB1;PSMC2;CSNK2A3;ATG2B;NAE1;GRIN2B;MAPK8;APH1B;SFRP4;ATP2A3;BACE1;NRAS;PSMA3;CSNK2A1;PIK3R4;MME;TUBA1A;PSMB2;ATF6;PIK3C3;ULK2;BRAF;ATG14,"[68, 83, 97, 112, 137, 175, 225, 285, 350, 381, 388, 390, 441, 494, 579, 709, 729, 759, 779, 790, 841, 877, 1084, 1089, 1114, 1279, 1307, 1392, 1491, 1517, 1562, 1798, 1843, 1877, 1987, 2019, 2077, 2090, 2104, 2108, 2120, 2121, 2312, 2341, 2357, 2388, 2492, 2596, 2681, 2735, 2835, 2865, 2962, 3033, 3052, 3121, 3132, 3240, 3267, 3303, 3325, 3463, 3515, 3642, 3643, 3819, 3834, 3853, 3871, 3956, 3967, 3976, 4037, 4072, 4115, 4159, 4299, 4327, 4419, 4459, 4629, 4704, 4761, 4890, 4956, 5069, 5083, 5115, 5202, 5212, 5338, 5355, 5412, 5568, 5668, 5701, 5726, 5824, 5836, 6026, 6105, 6185, 6246, 6409, 6422, 6429, 6509, 6562, 6563, 6584, 6755, 6765, 6862, 6885, 7105, 7345, 7367, 7402, 7404, 7442, 7715, 7762, 8024, 8093, 8225, 8235, 8434, 8522, 8576, 8583, 8589, 8633, 8800, 8910, 8940, 8973, 8987, 8992, 9152, 9165, 9276, 9348, 9493, 9527, 9546, 9644, 9747, 9800, 9884, 9904, 9956, 10012, 10022, 10309, 10324, 10336, 10378, 10618, 10674, 10758, 10774, 10820, 10827, 10889, 10959, 11032, 11156, 11182, 11206, 11364, 11477, 11535, 11545, 11576, 11615, 11640, 11644, 11787, 11801, 11848, 11932, 11977, 12017, 12043, 12047, 12212, 12242, 12311, 12602, 12614, 12762, 12772, 12906, 12945, 13065, 13106, 13386, 13434, 13545, 13571, 13578, 13676, 13773, 13814, 13826, 13855, 14024, 14197, 14316, 14329, 14437, 14515, 14526, 14600, 14673, 14702, 14779, 14865, 14928, 14940, 14995, 14998, 15159, 15339, 15613, 15616, 15665, 15773, 15846, 16018, 16078, 16104, 16230, 16265, 16281, 16304, 16361, 16403, 16443, 16494, 16714, 16801, 16833, 16837, 16915, 17082, 17105, 17166, 17167, 17198, 17259, 17484]",c2.cp.wikipathways__WP_ALZHEIMERS_DISEASE_AND_MIRNA_EFFECTS
c2.cp.wikipathways,WP_EGFEGFR_SIGNALING,prerank,0.29444112691583624,1.169477698268712,0.1193058568329718,0.3549847365926377,1.0,45_162,45/162,19.13%,INPPL1;NOS3;PIK3R2;PLCG1;INPP5D;EIF4EBP1;DOK2;CSK;ELK1;MAP4K1;MYBL2;FOXO4;NEDD4;NCK2;NDUFA13;EPN1;GJA1;AP2S1;TWIST1;VAV3;MAP2K2;CRK;SRC;EGFR;JUND;ERBB2;SH2D2A;MAP3K3;TNK2;ATF1;JUN;VAV1;FOS;HGS;ERRFI1;RAF1;CBL;CRKL;STAT3;PLSCR1;RALGDS;AKT1;LIMK2;RALBP1;FOXO1,INPPL1;NOS3;PIK3R2;PLCG1;INPP5D;EIF4EBP1;DOK2;CSK;ELK1;MAP4K1;MYBL2;FOXO4;NEDD4;NCK2;NDUFA13;EPN1;GJA1;AP2S1;TWIST1;VAV3;MAP2K2;CRK;SRC;EGFR;JUND;ERBB2;SH2D2A;MAP3K3;TNK2;ATF1;JUN;VAV1;FOS;HGS;ERRFI1;RAF1;CBL;CRKL;STAT3;PLSCR1;RALGDS;AKT1;LIMK2;RALBP1;FOXO1;BCAR1;MAPK7;HRAS;RIN1;STAT5A;EPS15L1;EGF;SP1;SHC1;MAPK4;STAT5B;RPS6KA1;PTPN12;RAP1A;MAP2K1;SOS1;AP2M1;ARHGEF1;NCK1;ARF6;PCNA;ABI1;GAB1;ROCK1;ABL1;PLCE1;NEDD8;SPRY2;MAP3K4;PTK2B;AP2A1;CFL1;MAP3K1;EPS8;MAPK14;GRB10;ELK4;MT-CO2;E2F1;FOSB;MAP2K5;VAV2;PXDN;DNM1;RPS6KB1;PIAS3;IQGAP1;PLD2;RALA;CAMK2A;JAK2;SH3GL2;RPS6KA2;JAK1;RPS6KA3;MAP3K2;PRKCD;NCOA3;ATXN2;AURKA;CREB1;PTEN;ASAP1;STAM2;GAB2;PTPN5;STXBP1;PRKCA;PDPK1;GRB2;RAC1;IQSEC1;RALB;PTK6;MEF2D;CAV1;PIK3C2B;STMN1;CBLC;SOS2;MEF2C;RICTOR;MAPK1;MTOR;PRKCZ;CBLB;PEBP1;PLD1;KRAS;AP2B1;SH3KBP1;PTPRR;SH3GL3;USP6NL;PAK1;PIK3R1;CAV2;PRKCB;MAPK9;STAMBP;SYNJ1;PRKCI;REPS2;USP8;MEF2A;RAB5A;ITCH;PTPN11;CDC42;PTK2;RPS6KA5;MAPK8;RASA1;STAT1;EPS15;STAM;BRAF,"[157, 335, 350, 405, 448, 455, 821, 829, 973, 993, 1213, 1318, 1328, 1329, 1357, 1572, 1579, 1749, 1908, 2050, 2104, 2270, 2278, 2347, 2470, 2593, 2655, 2656, 2702, 2770, 2824, 2843, 2889, 2925, 3005, 3033, 3071, 3142, 3143, 3220, 3266, 3267, 3272, 3283, 3351, 3512, 3561, 3976, 4061, 4109, 4172, 4444, 4488, 4654, 4801, 5095, 5141, 5237, 5616, 5701, 5826, 5915, 5981, 6129, 6249, 6282, 6463, 6503, 6585, 6593, 6601, 6619, 6637, 6651, 6883, 6922, 6939, 7054, 7145, 7304, 7360, 7465, 7791, 7793, 7855, 7975, 8144, 8227, 8266, 8326, 8362, 8419, 8450, 8587, 8596, 8889, 8953, 9145, 9271, 9363, 9404, 9580, 9917, 10049, 10139, 10478, 10528, 10665, 10684, 10756, 10768, 10837, 10873, 10975, 11405, 11471, 11515, 11557, 12025, 12103, 12109, 12233, 12454, 12618, 12680, 12683, 12747, 12772, 13065, 13086, 13235, 13259, 13456, 13814, 13857, 13893, 13925, 14062, 14211, 14368, 14526, 14528, 14648, 14702, 14885, 15067, 15221, 15282, 15374, 15464, 15603, 15849, 16007, 16108, 16229, 16291, 16304, 16602, 16938, 16978, 17215, 17259]",c2.cp.wikipathways__WP_EGFEGFR_SIGNALING
c2.cp.wikipathways,WP_COMPLEMENTMEDIATED_INFLAMMATION_OF_PULMONARY_ALVEOLUS_IN_COVID19_HYPOTHETICAL_PATHWAY,prerank,0.508465627963532,1.1670452855339657,0.2685370741482966,0.3580450353576831,1.0,4_11,4/11,6.32%,C3AR1;C5AR1;C3;C7,C3AR1;C5AR1;C3;C7;FCN1;C9;COLEC11;ACE2;C6;MASP2;C5,"[582, 805, 1102, 1107, 5015, 5937, 6552, 12402, 13010, 16068, 17107]",c2.cp.wikipathways__WP_COMPLEMENTMEDIATED_INFLAMMATION_OF_PULMONARY_ALVEOLUS_IN_COVID19_HYPOTHETICAL_PATHWAY
c2.cp.wikipathways,WP_7Q1123_COPY_NUMBER_VARIATION_SYNDROME,prerank,0.3192942758552879,1.163918789101355,0.1831578947368421,0.36225908165363097,1.0,26_90,26/90,19.37%,FZD9;LAT2;VPS37D;ATF4;CLDN5;MAPK3;VPS37C;MYC;GTF2IRD1;TRIM50;BRD4;NUP62;MLXIPL;BCL7B;VPS9D1;VPS28;ATPAF2;BTK;ULK1;SQSTM1;GTF2I;UBE2L6;VPS37B;CLIP2;BAZ1B;MYO1C,FZD9;LAT2;VPS37D;ATF4;CLDN5;MAPK3;VPS37C;MYC;GTF2IRD1;TRIM50;BRD4;NUP62;MLXIPL;BCL7B;VPS9D1;VPS28;ATPAF2;BTK;ULK1;SQSTM1;GTF2I;UBE2L6;VPS37B;CLIP2;BAZ1B;MYO1C;USF1;HDAC3;CLDN4;HMGA1;GAPDH;HDAC6;ACACB;MVB12A;MT-ATP6;PCNA;DLST;OGDH;FBLN5;HSPA2;CFL1;PRKG1;DEK;LIMK1;TSG101;MYBBP1A;STX1A;CDKN1C;CHTF18;MT-ATP8;RFC5;GRIP1;WNT2;UBE2E3;FBLN2;FAS;HDAC2;RB1;VAMP2;TBL2;ELN;DNAJC30;CLASP1;NRG1;GRB2;ACACA;RFC2;CLDN1;ERCC6;ATPAF1;SF3B1;SNAP25;ABHD11;DDX21;BECN1;EIF2A;UBIAD1;FKBP6;EIF2AK3;SMARCA5;DLD;UBE2E1;PKLR;VPS37A;CLTC;CTNNB1;EIF4H;CLDN3;FBN1;CLASP2,"[83, 325, 352, 381, 1059, 1114, 1197, 1232, 1304, 1347, 1421, 1525, 1621, 1737, 1922, 2038, 2598, 2617, 2735, 2762, 2937, 2986, 3063, 3280, 3330, 3393, 3578, 3950, 4357, 4727, 4761, 5473, 5622, 5970, 6038, 6282, 6301, 6725, 6820, 6834, 6939, 7044, 7046, 7458, 7851, 8059, 8112, 8377, 8454, 8481, 8556, 8810, 9348, 9381, 9425, 9493, 9498, 9620, 9949, 9984, 9991, 10194, 10600, 10902, 11405, 11923, 12745, 12800, 13196, 13241, 13294, 13308, 13604, 13964, 14024, 14039, 14193, 14509, 14600, 15114, 15272, 15371, 15524, 15793, 15879, 16018, 16697, 17081, 17116, 17170]",c2.cp.wikipathways__WP_7Q1123_COPY_NUMBER_VARIATION_SYNDROME
c2.cp.wikipathways,WP_COVID19_STRUCTURAL_COVERAGE_MAP,prerank,0.4299808004181229,1.1581217356828761,0.24896265560165975,0.3699074603108791,1.0,9_19,9/19,27.12%,MACROD1;APOA1;UPF1;UBA52;UBC;GDAP2;PARP9;NLRP12;UBB,MACROD1;APOA1;UPF1;UBA52;UBC;GDAP2;PARP9;NLRP12;UBB;ISG15;UPF2;NRP1;IGHMBP2;PARP14;PAIP1;ACE2;TAB1;AQR;MACROD2,"[101, 666, 2591, 3337, 3543, 3899, 4116, 4356, 4750, 5552, 5707, 6661, 7849, 8218, 9776, 12402, 13969, 14294, 15674]",c2.cp.wikipathways__WP_COVID19_STRUCTURAL_COVERAGE_MAP
c2.cp.wikipathways,WP_FEMALE_STEROID_HORMONES_IN_CARDIOMYOCYTE_ENERGY_METABOLISM,prerank,0.4680646071052831,1.158550804268566,0.2878787878787879,0.3702044865609012,1.0,5_14,5/14,10.87%,NOS3;STK11;ESRRA;PPARA;SLC2A4,NOS3;STK11;ESRRA;PPARA;SLC2A4;AKT2;HADHB;APOB;MAPK1;PPARGC1B;ACADM;MTTP;ACLY;ESR1,"[335, 977, 1143, 1634, 1904, 3956, 7160, 9399, 12772, 13100, 13487, 14598, 15559, 16134]",c2.cp.wikipathways__WP_FEMALE_STEROID_HORMONES_IN_CARDIOMYOCYTE_ENERGY_METABOLISM
c2.cp.wikipathways,WP_HEPATOCYTE_GROWTH_FACTOR_RECEPTOR_SIGNALING,prerank,0.38477889559871564,1.1565553733415832,0.22526315789473683,0.3714996887671169,1.0,14_34,14/34,19.63%,PXN;HGF;ELK1;MAP4K1;MAPK3;MAP2K2;CRK;SRC;JUN;FOS;RAF1;CRKL;STAT3;RAPGEF1,PXN;HGF;ELK1;MAP4K1;MAPK3;MAP2K2;CRK;SRC;JUN;FOS;RAF1;CRKL;STAT3;RAPGEF1;HRAS;RAP1A;DOCK1;MAP2K1;SOS1;GAB1;PTK2B;PIK3CA;ITGA1;PTEN;ITGB1;GRB2;MAPK1;RAP1B;MET;PAK1;PTPN11;PTK2;MAPK8;RASA1,"[628, 893, 973, 993, 1114, 2104, 2270, 2278, 2824, 2889, 3033, 3142, 3143, 3438, 3976, 5616, 5632, 5701, 5826, 6503, 6883, 7105, 7251, 10528, 11311, 11405, 12772, 12892, 13901, 14368, 16007, 16229, 16304, 16602]",c2.cp.wikipathways__WP_HEPATOCYTE_GROWTH_FACTOR_RECEPTOR_SIGNALING
c2.cp.wikipathways,WP_DNA_MISMATCH_REPAIR,prerank,-0.5037542177418245,-1.3827146834119661,0.09568480300187618,0.37169560490088593,1.0,5_23,5/23,7.23%,MSH2;PMS2;RFC3;POLE2;MLH1,POLD1;POLE4;RFC4;POLD2;POLE;PCNA;RPA1;POLD4;LIG1;RFC5;MSH6;RPA2;POLE3;EXO1;RFC2;POLD3;RFC1;RPA3;MLH1;POLE2;RFC3;PMS2;MSH2,"[863, 1269, 2646, 4374, 5832, 6282, 6545, 6886, 6992, 8556, 10063, 10282, 12411, 12455, 12745, 13221, 14088, 14991, 16252, 16418, 17159, 17324, 17502]",c2.cp.wikipathways__WP_DNA_MISMATCH_REPAIR
c2.cp.wikipathways,WP_11P112_COPY_NUMBER_VARIATION_SYNDROME,prerank,0.356136182225702,1.1536745247033147,0.20612244897959184,0.37535366549916716,1.0,14_52,14/52,17.11%,CD4;PHF21A;ITGB2;CD151;IZUMO1;LEF1;HLA-DRA;HLA-DMB;CD63;HLA-DMA;CD53;CHST1;GLI3;TIMP1,CD4;PHF21A;ITGB2;CD151;IZUMO1;LEF1;HLA-DRA;HLA-DMB;CD63;HLA-DMA;CD53;CHST1;GLI3;TIMP1;SLC35C1;PRDM11;ITGA6;C11orf96;B4GALT4;REST;SHH;SDCBP;LGALS3BP;ALX4;TP53;ITGA3;TP53I11;SYT13;CD19;SPPL2C;IGSF8;ITGB1;ACCS;CRY2;PEX16;B3GNT7;EXT1;HBEGF;MS4A1;VANGL1;EXT2;MAPK8IP1;NRXN1;CHST6;TSPAN18;CD82;NDST1;ALKBH3;SLC25A17;CLOCK;ITGA4;PEX3,"[204, 371, 902, 1022, 1045, 1377, 1505, 1587, 1647, 2494, 2531, 2669, 2987, 2996, 3482, 3802, 4120, 4295, 4700, 4978, 5805, 5806, 7314, 7626, 8693, 8739, 8909, 9647, 9857, 10531, 11192, 11311, 11879, 12022, 12127, 12138, 12204, 12285, 12319, 12377, 12464, 12556, 12564, 12836, 13166, 13246, 14395, 15052, 15058, 15146, 15698, 15712]",c2.cp.wikipathways__WP_11P112_COPY_NUMBER_VARIATION_SYNDROME
c2.cp.wikipathways,WP_METHIONINE_DE_NOVO_AND_SALVAGE_PATHWAY,prerank,-0.488635152331534,-1.3895301034376717,0.08067542213883677,0.375837136939761,1.0,3_22,3/22,4.91%,MTR;MRI1;ENOPH1,CHDH;MAT2A;ADI1;MSRB2;IL4I1;SMS;MSRB3;TAT;MSRA;MAT1A;SRM;ODC1;APIP;TXN;BHMT;MAT2B;AHCY;MTAP;AMD1;ENOPH1;MRI1;MTR,"[1704, 2185, 2300, 2876, 4412, 5564, 6227, 6321, 7375, 7783, 7886, 8369, 8608, 8981, 9256, 9924, 10439, 12284, 12793, 16659, 16759, 17470]",c2.cp.wikipathways__WP_METHIONINE_DE_NOVO_AND_SALVAGE_PATHWAY
c2.cp.wikipathways,WP_GANGLIO_SERIES_SPHINGOLIPID_METABOLISM,prerank,-0.566945296932385,-1.372063650664545,0.1218568665377176,0.37742635555398807,1.0,4_13,4/13,14.40%,HEXA;NEU3;ST8SIA5;ST3GAL5,ST3GAL1;ST8SIA6;B4GALNT1;ST3GAL2;ST8SIA1;B3GALT4;HEXB;NEU4;ST3GAL4;ST3GAL5;ST8SIA5;NEU3;HEXA,"[2408, 5040, 6435, 6550, 8649, 9209, 11261, 11645, 11754, 14997, 15991, 16777, 17062]",c2.cp.wikipathways__WP_GANGLIO_SERIES_SPHINGOLIPID_METABOLISM
c2.cp.wikipathways,WP_HOSTPATHOGEN_INTERACTION_OF_HUMAN_CORONAVIRUSES_AUTOPHAGY,prerank,-0.5223180939190339,-1.383849791633455,0.10597302504816955,0.3792609307896301,1.0,7_19,7/19,19.95%,ULK2;PIK3C3;PIK3R4;ATG16L1;ATG10;ATG3;BECN1,ATG16L2;ULK1;ATG4A;ZFYVE1;WIPI1;MAP1LC3A;RB1CC1;ATG12;ATG5;ATG13;ATG7;MTOR;BECN1;ATG3;ATG10;ATG16L1;PIK3R4;PIK3C3;ULK2,"[1773, 2735, 5537, 5920, 6509, 8138, 8973, 9390, 9626, 10774, 11948, 13065, 14024, 14620, 14943, 15099, 16837, 17167, 17198]",c2.cp.wikipathways__WP_HOSTPATHOGEN_INTERACTION_OF_HUMAN_CORONAVIRUSES_AUTOPHAGY
c2.cp.wikipathways,WP_SPINA_BIFIDA,prerank,-0.5970646655051153,-1.3748561143369482,0.11553784860557768,0.3806039367414967,1.0,3_12,3/12,10.81%,MTR;MTRR;MTHFD1,SHMT1;AHCYL2;DNMT1;MTHFR;MAT1A;MAT2B;AHCY;DNMT3B;DNMT3A;MTHFD1;MTRR;MTR,"[3082, 3088, 6654, 6721, 7783, 9924, 10439, 11295, 12561, 15626, 16354, 17470]",c2.cp.wikipathways__WP_SPINA_BIFIDA
c2.cp.wikipathways,WP_VALPROIC_ACID_PATHWAY,prerank,-0.6067624595398562,-1.364336351795396,0.11003861003861004,0.3873704180109013,1.0,4_10,4/10,8.83%,ACADSB;IVD;CYP2A6;EHHADH,ACSM1;HDAC1;HSD17B10;HADHB;ABAT;HADHA;EHHADH;CYP2A6;IVD;ACADSB,"[673, 2268, 6026, 7160, 9642, 11235, 15973, 16405, 16635, 17455]",c2.cp.wikipathways__WP_VALPROIC_ACID_PATHWAY
c2.cp.wikipathways,WP_KLEEFSTRA_SYNDROME,prerank,0.3860710574004465,1.1459952233787318,0.26464646464646463,0.38770162360432936,1.0,5_26,5/26,8.44%,EHMT1;SMARCD3;RXRA;PAGR1;WDR5,EHMT1;SMARCD3;RXRA;PAGR1;WDR5;SMARCB1;SMARCD2;SMARCC1;ACTL6A;DPY30;ACTL6B;ARID1A;BAP1;SMARCD1;SMARCC2;NCOA6;ASXL1;ARID1B;KDM6A;RBBP5;SMARCA4;PAXIP1;SMARCA2;ASH2L;NR1I3;MBD5,"[496, 545, 710, 1417, 1478, 3041, 3528, 3733, 3778, 4078, 5154, 6058, 6345, 8135, 8662, 8767, 9610, 11220, 11256, 12162, 12442, 13244, 13818, 14752, 15184, 16483]",c2.cp.wikipathways__WP_KLEEFSTRA_SYNDROME
c2.cp.wikipathways,WP_ANGIOPOIETINLIKE_PROTEIN_8_REGULATORY_PATHWAY,prerank,0.29258268819039945,1.1411371164393251,0.1686746987951807,0.3884395959556269,1.0,38_127,38/127,20.92%,TRIP10;MAP2K3;PIK3R2;NR1H3;EIF4EBP1;PCK1;RXRA;PIK3CD;MAP3K6;MAP4K1;MAPK3;RHOQ;MLXIPL;FLOT1;SHC2;SLC2A4;THRA;CYP3A4;MAP2K2;CRK;MAPK11;IRS2;MAP3K3;MAP3K8;MAPKAP1;MAPK12;RAF1;INSR;CBL;MAP2K7;SLC2A1;AKT1;FOXO1;RAPGEF1;MAP3K10;MAPK7;MINK1;FLOT2,TRIP10;MAP2K3;PIK3R2;NR1H3;EIF4EBP1;PCK1;RXRA;PIK3CD;MAP3K6;MAP4K1;MAPK3;RHOQ;MLXIPL;FLOT1;SHC2;SLC2A4;THRA;CYP3A4;MAP2K2;CRK;MAPK11;IRS2;MAP3K3;MAP3K8;MAPKAP1;MAPK12;RAF1;INSR;CBL;MAP2K7;SLC2A1;AKT1;FOXO1;RAPGEF1;MAP3K10;MAPK7;MINK1;FLOT2;SESN3;AKT2;HRAS;MAP3K5;GSK3A;SHC1;MAPK4;RPS6KA4;IRS1;RPS6KA1;MLST8;PRKAG3;MAP2K1;SOS1;ABCG8;PIK3CG;MAP3K4;PIK3R3;MAP3K1;PIK3CA;MAP4K4;RPS6KB2;RPTOR;FBP1;MAPK14;MAP3K11;GYS1;MAP2K6;MAP2K5;TSC2;FOXO3;CYP7A1;MAP2K4;RPS6KB1;THRB;MAP4K2;MAPK13;PRKAG2;RHEB;LPL;RPS6KA2;RPS6KA3;MAP3K2;SREBF1;MAP3K7;FASN;DIO2;SLCO1C1;MAPK10;CAP1;PDPK1;SLC16A2;SREBF2;IRS4;PRKAA2;MAP4K3;PTPN1;ABCG5;CBLC;SOS2;PIK3C2G;RICTOR;MAPK1;MTOR;MAP3K9;CBLB;PRKAB1;PIK3CB;PRKAB2;MAP3K12;TSC1;EXOC7;MAP4K5;PIK3C2A;PIK3R1;MAPK9;SCD;GSK3B;RPS6KA6;RPS6KA5;MAPK8;PRKAG1;EIF4E;MAP3K13;MAPK6;PIK3R4;PIK3C3;SHC3;PRKAA1,"[57, 292, 350, 444, 455, 572, 710, 790, 926, 993, 1114, 1400, 1621, 1686, 1762, 1904, 2052, 2099, 2104, 2270, 2344, 2357, 2656, 2891, 2995, 2998, 3033, 3052, 3071, 3121, 3156, 3267, 3351, 3438, 3529, 3561, 3577, 3663, 3906, 3956, 3976, 4419, 4452, 4654, 4801, 5082, 5115, 5141, 5180, 5219, 5701, 5826, 5875, 6453, 6651, 6862, 7054, 7105, 7148, 7191, 7231, 7260, 7304, 7357, 7509, 7672, 7975, 7998, 8003, 8012, 8233, 8326, 8336, 8664, 8706, 8791, 8835, 8940, 9145, 9363, 9404, 9432, 9639, 9820, 9847, 9931, 10309, 10635, 10975, 11033, 11150, 11477, 11483, 11491, 12370, 12511, 12618, 12680, 12690, 12747, 12772, 13065, 13184, 13235, 13247, 13676, 13709, 13737, 14195, 14279, 14285, 14351, 14526, 14702, 15398, 15613, 16192, 16291, 16304, 16705, 16760, 16761, 16768, 16837, 17167, 17200, 17412]",c2.cp.wikipathways__WP_ANGIOPOIETINLIKE_PROTEIN_8_REGULATORY_PATHWAY
c2.cp.wikipathways,WP_RETINOBLASTOMA_GENE_IN_CANCER,prerank,-0.3717711127914374,-1.3596642402438035,0.04428044280442804,0.38893975743377,1.0,27_86,27/86,21.95%,HLTF;PLK4;RFC3;RBBP4;NPAT;TYMS;FAF1;PRKDC;POLE2;MCM4;RRM1;SMC2;RBP1;SUV39H1;SIN3A;DCK;MDM2;CCNE2;RPA3;PRIM1;ZNF655;E2F3;CHEK1;HMGB1;SMARCA2;CDT1;CCND1,CCND3;CCNA2;MYC;CDK2;CDC45;CDKN1A;E2F2;SAP30;HDAC1;RFC4;ORC1;MCM7;RAF1;PRMT2;WEE1;CDC25B;CCNE1;TTK;RABIF;RRM2;FANCG;TOP2A;CCDC6;CDC25A;TFDP1;DHFR;POLE;BARD1;PCNA;RPA1;HMGB2;ABL1;DNMT1;MCM3;POLA1;CDKN1B;ANLN;E2F1;CDK4;CCNB1;CDK1;RBBP7;RFC5;TP53;MAPK13;RB1;CCNB2;MSH6;SMC3;RPA2;TFDP2;CDK6;SMC1A;SKP2;STMN1;MCM6;KIF4A;POLD3;CDC7;CCND1;CDT1;SMARCA2;HMGB1;CHEK1;E2F3;ZNF655;PRIM1;RPA3;CCNE2;MDM2;DCK;SIN3A;SUV39H1;RBP1;SMC2;RRM1;MCM4;POLE2;PRKDC;FAF1;TYMS;NPAT;RBBP4;RFC3;PLK4;HLTF,"[223, 799, 1232, 1573, 1692, 1714, 1883, 2262, 2268, 2646, 2860, 2994, 3033, 3768, 4251, 4257, 4289, 4301, 4330, 4435, 4445, 5039, 5060, 5226, 5705, 5804, 5832, 6150, 6282, 6545, 6576, 6593, 6654, 7142, 7340, 7452, 7500, 7793, 7822, 8226, 8376, 8460, 8556, 8693, 8706, 9620, 9950, 10063, 10273, 10282, 10817, 11099, 11281, 11550, 12454, 12498, 12644, 13221, 13361, 13673, 13771, 13818, 14226, 14334, 14549, 14705, 14730, 14991, 15109, 15285, 15388, 15543, 15572, 15663, 16090, 16148, 16190, 16418, 16539, 16719, 16776, 17011, 17106, 17159, 17310, 17368]",c2.cp.wikipathways__WP_RETINOBLASTOMA_GENE_IN_CANCER
c2.cp.wikipathways,WP_NETRINUNC5B_SIGNALING,prerank,0.34161103465812204,1.1414400033844607,0.2334710743801653,0.3890915419309047,1.0,16_48,16/48,20.07%,INPP5D;FYN;MAPK3;PPP2R1B;CCL2;ITGB4;ICAM1;YAP1;MAP2K2;SRC;RGMA;JUN;CDH5;RAF1;AKT1;TNF,INPP5D;FYN;MAPK3;PPP2R1B;CCL2;ITGB4;ICAM1;YAP1;MAP2K2;SRC;RGMA;JUN;CDH5;RAF1;AKT1;TNF;ROBO4;DAPK1;COL1A1;NEO1;MAP2K1;PTK2B;IL10;PIK3CA;PPP1CA;MAPK14;ALPL;DCSTAMP;NTN3;RHOA;TP53;KDR;PRKCA;ARHGEF12;SELE;RAC1;NTN1;VCAM1;UNC5B;AGAP2;IL1A;MAPK1;CASP3;PLEKHH1;PTPN11;PTK2;NTN4;RLF,"[448, 1046, 1114, 1140, 1826, 1867, 1872, 2016, 2104, 2278, 2553, 2824, 2999, 3033, 3267, 3515, 3844, 4698, 5109, 5597, 5701, 6883, 6941, 7105, 7117, 7304, 7488, 7581, 7753, 7817, 8693, 10163, 10873, 10898, 11222, 11471, 11694, 11751, 11819, 12200, 12614, 12772, 12945, 14503, 16007, 16229, 16578, 17317]",c2.cp.wikipathways__WP_NETRINUNC5B_SIGNALING
c2.cp.wikipathways,WP_MTHFR_DEFICIENCY,prerank,0.4091067304693674,1.1429387659972403,0.2651356993736952,0.38995653187935453,1.0,3_22,3/22,9.73%,EHMT1;CHPT1;CHDH,EHMT1;CHPT1;CHDH;COMT;GRIN1;ALDH7A1;CASP9;DNMT1;MTHFR;PEMT;HNMT;GRIN2D;EHMT2;BHMT;NDUFAF7;DNMT3B;CYCS;PCYT1A;CHKA;DNMT3A;CASP3;GRIN2A,"[496, 978, 1704, 4271, 4890, 5966, 6429, 6654, 6721, 7482, 8092, 8633, 8759, 9256, 10761, 11295, 11932, 11972, 12264, 12561, 12945, 13106]",c2.cp.wikipathways__WP_MTHFR_DEFICIENCY
c2.cp.wikipathways,WP_MIRTARGETED_GENES_IN_SQUAMOUS_CELL,prerank,0.2993414036674002,1.1415930176413447,0.18580375782881003,0.38997398187564053,1.0,25_117,25/117,17.66%,DNAJB1;P4HA2;ANPEP;PNP;SLC38A2;TNFRSF10B;GAS2L1;AKAP8;HMOX1;PODXL;MOV10;NEDD4;AXL;ATP6V0E1;PDLIM7;SRSF9;FGF2;SH3BGRL3;IDH1;TGFBR2;MAP3K8;CBFB;FNDC3B;ANXA2;TMEM43,DNAJB1;P4HA2;ANPEP;PNP;SLC38A2;TNFRSF10B;GAS2L1;AKAP8;HMOX1;PODXL;MOV10;NEDD4;AXL;ATP6V0E1;PDLIM7;SRSF9;FGF2;SH3BGRL3;IDH1;TGFBR2;MAP3K8;CBFB;FNDC3B;ANXA2;TMEM43;HES1;NF2;ADIPOR2;MPZL1;GNAI2;CHMP2A;POLD2;AP3D1;HMGA1;CPNE8;ANP32B;RAB34;MRC2;ATP6V1F;SDCBP;SYNE2;CTDSP1;HNRNPM;SH3BP4;PISD;SRPRB;NRP1;AP2A1;PKM;PTMA;SMAD1;TXNRD1;GYS1;ACAA2;LAMC1;LAMTOR5;TMED10;PXDN;GALNT1;RHEB;PPP1R7;BET1;TPM3;MRPS33;POLR2C;THBS1;RAI14;POM121;MRPL20;ELOVL5;PRPF40A;TRAM1;FMNL2;FBXW11;GOLGA7;ADAR;COMMD9;UBE2J1;ARFIP1;VCAM1;PDCD4;GFPT1;ATRX;TMEM59;ATP6V1C1;MAGT1;TMED7;CSDE1;TBCA;ARF4;FNDC3A;MET;PICALM;TPM1;SIGMAR1;SLC4A10;E2F3;DHX40;NCL;SEC23A;SPTLC1;RTN4;CUL4B;SLC12A2;SPCS3;GALNT7;TMED2;ATP2A2;ARCN1;SLC38A1;MTPN;YWHAQ;PWP1;HSD17B12;TUBA1A;VEZT;DHX57,"[9, 12, 149, 271, 301, 539, 573, 588, 693, 1091, 1153, 1328, 1739, 1810, 1870, 1920, 2211, 2356, 2666, 2773, 2891, 3010, 3059, 3075, 3093, 3383, 3658, 3692, 3732, 3746, 3925, 4374, 4667, 4727, 4773, 4820, 5293, 5456, 5476, 5806, 5857, 5859, 5926, 6200, 6404, 6407, 6661, 6922, 7001, 7095, 7143, 7174, 7509, 7513, 7640, 7709, 7736, 8227, 8792, 8835, 8862, 8878, 8908, 9130, 9284, 9307, 9402, 9701, 10048, 10117, 10388, 10410, 10502, 10709, 10832, 10871, 10931, 11355, 11604, 11751, 11845, 11888, 12221, 12410, 12523, 12748, 12810, 13382, 13459, 13518, 13895, 13901, 13967, 14058, 14235, 14380, 14549, 14731, 14777, 14832, 14836, 14995, 15024, 15054, 15200, 15245, 15290, 15339, 15556, 16010, 16188, 16842, 17002, 17007, 17082, 17315, 17354]",c2.cp.wikipathways__WP_MIRTARGETED_GENES_IN_SQUAMOUS_CELL
c2.cp.wikipathways,WP_GPCRS_OTHER,prerank,0.3296677948967202,1.1439948114676617,0.22964509394572025,0.3902582171355557,1.0,11_63,11/63,9.30%,CELSR1;SMO;HRH4;P2RY11;CXCR1;CXCR2;ADORA2A;OR3A3;GPR84;ADRB2;ADORA3,CELSR1;SMO;HRH4;P2RY11;CXCR1;CXCR2;ADORA2A;OR3A3;GPR84;ADRB2;ADORA3;GPR162;S1PR1;GPR132;C5AR2;CELSR3;GHRHR;CCR5;GPR55;NTSR1;UTS2R;HTR1F;CELSR2;GPR17;GNRHR;DRD4;GPR183;OR1E1;SSTR2;F2R;GPR143;VN1R1;HTR7;GPR62;EDNRA;GPR83;ALG6;GPR18;GRM1;GPR176;GRM8;GRPR;RXFP1;PTGFR;LTB4R2;P2RY13;CCKBR;CHRM3;FSHR;CNR1;ADRA1D;PROKR2;MCHR2;OR2M4;OR1F1;CHRM2;HTR2A;GPR88;GPR61;GPR135;LGR6;DRD3;RXFP3,"[78, 393, 509, 513, 599, 680, 691, 1116, 1387, 1595, 1629, 2468, 2528, 3058, 3651, 3675, 4232, 4246, 4889, 4971, 5328, 6599, 6895, 7040, 7213, 7398, 7403, 7567, 7729, 7751, 7848, 9046, 9170, 9397, 9524, 9527, 9850, 9887, 10008, 10087, 10745, 10755, 10840, 11263, 11324, 11425, 11437, 11822, 11912, 12824, 13269, 13445, 14969, 15223, 15411, 15902, 16012, 16394, 16858, 16876, 16909, 17282, 17284]",c2.cp.wikipathways__WP_GPCRS_OTHER
c2.cp.wikipathways,WP_THYROID_STIMULATING_HORMONE_TSH_SIGNALING,prerank,0.334842099811129,1.1418816432047285,0.2399103139013453,0.3905939778077819,1.0,19_64,19/64,18.66%,CCND3;MAP2K3;PIK3R2;IGF1R;SCRIB;MAPK3;MYC;CDK2;GNA12;GNA13;SRC;JUN;FOS;ADCY2;RAF1;GNAI3;STAT3;RALGDS;AKT1,CCND3;MAP2K3;PIK3R2;IGF1R;SCRIB;MAPK3;MYC;CDK2;GNA12;GNA13;SRC;JUN;FOS;ADCY2;RAF1;GNAI3;STAT3;RALGDS;AKT1;GNAI2;RPS6;HRAS;CCNE1;PAX8;GNAS;RPS6KA1;RAP1A;MAP2K1;GNAO1;PIK3CA;RAP1GAP;MAPK14;CDKN1B;MAP2K6;E2F1;CDK4;PDE4D;RPS6KB1;JAK2;ADCY3;JAK1;MYL12B;RB1;CREB1;GNG2;GNAQ;PDPK1;KCNIP3;APEX1;GNB1;MAPK1;RAP1B;MTOR;PLD1;RBL2;PIK3R1;PLCB1;TSHR;EGR1;GNAI1;TTF1;STAT1;TTF2;BRAF,"[223, 292, 350, 486, 761, 1114, 1232, 1573, 1633, 1948, 2278, 2824, 2889, 3009, 3033, 3127, 3143, 3266, 3267, 3746, 3757, 3976, 4289, 4519, 4729, 5141, 5616, 5701, 6775, 7105, 7118, 7304, 7452, 7672, 7793, 7822, 8278, 8326, 8889, 9021, 9271, 9541, 9620, 10478, 10725, 10758, 10975, 10999, 12075, 12079, 12772, 12892, 13065, 13456, 13576, 14526, 14865, 14895, 15627, 15942, 16422, 16938, 17051, 17259]",c2.cp.wikipathways__WP_THYROID_STIMULATING_HORMONE_TSH_SIGNALING
c2.cp.wikipathways,WP_15Q133_COPY_NUMBER_VARIATION_SYNDROME,prerank,0.4178423553119508,1.143157193767955,0.2648870636550308,0.3907190966053187,1.0,4_20,4/20,11.31%,SERPINH1;FYN;GRM6;CREBBP,SERPINH1;FYN;GRM6;CREBBP;OTUD7A;CCL5;ARHGAP11B;KAT2B;MTMR10;CHRNA7;KLF13;CHRFAM7A;TRPM1;GOLGA8H;GOLGA8Q;GPR75;GOLGA8O;FAN1;GOLGA8R;FANCD2,"[8, 1046, 1936, 1980, 5522, 6365, 7980, 8626, 8756, 11644, 12216, 12314, 12651, 12911, 12971, 13380, 13968, 14343, 14980, 17393]",c2.cp.wikipathways__WP_15Q133_COPY_NUMBER_VARIATION_SYNDROME
c2.cp.wikipathways,WP_PDGF_PATHWAY,prerank,0.3560853729674532,1.138582206662862,0.23760330578512398,0.39155581592274674,1.0,12_40,12/40,17.95%,NFKBIA;PLCG1;PDGFRB;ELK1;MAPK3;SRC;JUN;NFKB1;VAV1;FOS;RAF1;STAT3,NFKBIA;PLCG1;PDGFRB;ELK1;MAPK3;SRC;JUN;NFKB1;VAV1;FOS;RAF1;STAT3;HRAS;SHC1;SRF;ARFIP2;MAP2K1;SOS1;PDGFB;MAP3K1;PDGFA;MT-CO2;RHOA;VAV2;MAP2K4;PLA2G4A;JAK1;WASL;GRB2;RAC1;CHUK;MAPK1;TIAM1;PAK1;PIK3R1;PTPN11;CDC42;MAPK8;RASA1;STAT1,"[132, 405, 420, 973, 1114, 2278, 2824, 2835, 2843, 2889, 3033, 3143, 3976, 4654, 5159, 5475, 5701, 5826, 6544, 7054, 7604, 7791, 7817, 8144, 8233, 9214, 9271, 10524, 11405, 11471, 12017, 12772, 13688, 14368, 14526, 16007, 16108, 16304, 16602, 16938]",c2.cp.wikipathways__WP_PDGF_PATHWAY
c2.cp.wikipathways,WP_MOLECULAR_PATHWAY_FOR_OXIDATIVE_STRESS,prerank,0.3494946736073553,1.1373402297575859,0.24528301886792453,0.3925708632683138,1.0,17_46,17/46,20.07%,MAP2K3;HMOX1;BCL2L1;BCL2;CDK2;CDKN1A;ICAM1;KEAP1;IL6;IKBKB;NQO1;NFE2L2;NFKB1;FOS;AKT1;FOXO1;TNF,MAP2K3;HMOX1;BCL2L1;BCL2;CDK2;CDKN1A;ICAM1;KEAP1;IL6;IKBKB;NQO1;NFE2L2;NFKB1;FOS;AKT1;FOXO1;TNF;SIRT1;CCNE1;MAP3K5;PIK3CA;MAPK14;PINK1;NRF1;IKBKG;ATF2;MAP2K4;TP53;NOX1;RHEB;CAT;CUL3;CREB1;PTEN;PTGS2;NOS2;IPCEF1;IL1A;MTOR;GSX1;TSC1;CHEK1;MDM2;RPS6KA5;MAPK8;ATR,"[292, 693, 1087, 1238, 1573, 1714, 1872, 1924, 2121, 2341, 2676, 2684, 2835, 2889, 3267, 3351, 3515, 3998, 4289, 4419, 7105, 7304, 7359, 7477, 7584, 8136, 8233, 8693, 8800, 8835, 9839, 10069, 10478, 10528, 11182, 11576, 12331, 12614, 13065, 13769, 14195, 14334, 15285, 16291, 16304, 17503]",c2.cp.wikipathways__WP_MOLECULAR_PATHWAY_FOR_OXIDATIVE_STRESS
c2.cp.wikipathways,WP_STEROL_REGULATORY_ELEMENTBINDING_PROTEINS_SREBP_SIGNALING,prerank,-0.3872317774835456,-1.3455857358601684,0.06205673758865248,0.39557712112216237,1.0,23_66,23/66,26.61%,PRKAA1;MBTPS2;ATF6;PRKAG1;HMGCS1;SAR1A;SEC23B;IDI1;ACLY;SCD;CYP51A1;SEC31A;SEC23A;KPNB1;NFYA;PRKAB2;HMGCR;SAR1B;PRKAB1;PPARGC1B;MTOR;SQLE;INSIG1,LPIN1;DBI;YY1;SCARB1;AKT1;SEC24C;PPARG;MED15;SIRT1;ACSS1;SEC31B;LSS;GSK3A;SP1;LDLR;PRKAG3;AMFR;GPAM;FDFT1;MVD;SEC13;SCAP;PIK3CA;NR1H2;MBTPS1;SEC24D;PRKAG2;LPL;CDK8;PRKACA;SREBF1;RBP4;SEC24B;FASN;SEC24A;FDPS;RNF139;CREB1;SREBF2;PRKAA2;INSIG2;ACACA;MDH1;INSIG1;SQLE;MTOR;PPARGC1B;PRKAB1;SAR1B;HMGCR;PRKAB2;NFYA;KPNB1;SEC23A;SEC31A;CYP51A1;SCD;ACLY;IDI1;SEC23B;SAR1A;HMGCS1;PRKAG1;ATF6;MBTPS2;PRKAA1,"[1110, 1597, 1746, 2430, 3267, 3282, 3284, 3312, 3998, 4015, 4152, 4326, 4452, 4488, 4749, 5219, 5936, 5963, 6284, 6482, 6603, 7042, 7105, 7734, 7745, 7965, 8791, 8940, 9311, 9427, 9432, 9547, 9809, 9820, 9979, 10275, 10394, 10478, 11150, 11483, 11808, 11923, 12589, 12857, 12919, 13065, 13100, 13247, 13565, 13646, 13709, 14044, 14483, 14832, 15076, 15131, 15398, 15559, 15748, 15896, 16428, 16695, 16705, 17166, 17387, 17412]",c2.cp.wikipathways__WP_STEROL_REGULATORY_ELEMENTBINDING_PROTEINS_SREBP_SIGNALING
c2.cp.wikipathways,WP_LEPTIN_SIGNALING,prerank,0.3203556283741919,1.1339111005741072,0.22559652928416485,0.3965549242694649,1.0,24_75,24/75,19.13%,RELA;NOS3;PIK3R2;PLCG1;EIF4EBP1;SOCS3;ELK1;FYN;BCL2L1;MAPK3;BAX;MAP2K2;IL1RN;SRC;IKBKB;BAD;ERBB2;CISH;SOCS2;NFKB1;RAF1;STAT3;AKT1;FOXO1,RELA;NOS3;PIK3R2;PLCG1;EIF4EBP1;SOCS3;ELK1;FYN;BCL2L1;MAPK3;BAX;MAP2K2;IL1RN;SRC;IKBKB;BAD;ERBB2;CISH;SOCS2;NFKB1;RAF1;STAT3;AKT1;FOXO1;RPS6;HRAS;SH2B1;GSK3A;SP1;IL1B;SHC1;STAT5B;IRS1;RPS6KA1;ACACB;LEPR;MAP2K1;SOS1;ROCK1;MAPK14;IKBKG;RHOA;PLCG2;RPS6KB1;NCOA1;JAK2;KPNA4;JAK1;CREB1;PTEN;GRB2;RAC1;PRKAA2;ACACA;CHUK;ROCK2;PTPN1;MAPK1;REL;MTOR;CCND1;PDE3B;PIK3R1;CFL2;SOCS7;GSK3B;PTPN11;CDC42;ESR1;PTK2;MAPK8;EIF4E;STAT1;KHDRBS1;PRKAA1,"[68, 335, 350, 405, 455, 619, 973, 1046, 1087, 1114, 1799, 2104, 2260, 2278, 2341, 2388, 2593, 2714, 2811, 2835, 3033, 3143, 3267, 3351, 3757, 3976, 4052, 4452, 4488, 4629, 4654, 5095, 5115, 5141, 5622, 5645, 5701, 5826, 6585, 7304, 7584, 7817, 7982, 8326, 8813, 8889, 9134, 9271, 10478, 10528, 11405, 11471, 11483, 11923, 12017, 12203, 12370, 12772, 12847, 13065, 13673, 13856, 14526, 14958, 15242, 15613, 16007, 16108, 16134, 16229, 16304, 16760, 16938, 17248, 17412]",c2.cp.wikipathways__WP_LEPTIN_SIGNALING
c2.cp.wikipathways,WP_GLIOBLASTOMA_SIGNALING,prerank,0.31366395636323546,1.1341101773212103,0.22055674518201285,0.39730575026163145,1.0,26_82,26/82,22.70%,MAP2K3;PIK3R2;PLCG1;PDGFRB;IGF1R;PIK3CD;CDKN2C;MAPK3;FOXO4;CDK2;CDKN1A;MAP2K2;SRC;EGFR;ERBB2;ERRFI1;RAF1;CBL;MAP2K7;AKT1;FOXO1;CDKN2A;CDKN2B;AKT2;ARAF;HRAS,MAP2K3;PIK3R2;PLCG1;PDGFRB;IGF1R;PIK3CD;CDKN2C;MAPK3;FOXO4;CDK2;CDKN1A;MAP2K2;SRC;EGFR;ERBB2;ERRFI1;RAF1;CBL;MAP2K7;AKT1;FOXO1;CDKN2A;CDKN2B;AKT2;ARAF;HRAS;CCNE1;FGFR1;IRS1;MAP2K1;PRKCH;PIK3CG;GAB1;SPRY2;PIK3CA;EP300;CDKN1B;MAP2K6;E2F1;CDK4;MAP2K5;PLCG2;TSC2;FOXO3;MAP2K4;BRCA1;BRCA2;TP53;PRKCD;RB1;PRKCG;ERBB3;MSH6;PDGFRA;PTEN;PRKCA;PDPK1;FGFR2;CDK6;ATM;GRB2;MDM4;PIK3C2B;PIK3C2G;MAPK1;CCND2;PRKCZ;CCND1;PIK3CB;KRAS;MET;TSC1;PIK3C2A;PIK3R1;PRKCB;AKT3;PRKCI;MDM2;PRKCQ;NRAS;BRAF;NF1,"[292, 350, 405, 420, 486, 790, 960, 1114, 1318, 1573, 1714, 2104, 2278, 2347, 2593, 3005, 3033, 3071, 3121, 3267, 3351, 3605, 3838, 3956, 3967, 3976, 4289, 4624, 5115, 5701, 6300, 6453, 6503, 6637, 7105, 7268, 7452, 7672, 7793, 7822, 7975, 7982, 7998, 8003, 8233, 8479, 8630, 8693, 9580, 9620, 9622, 9861, 10063, 10418, 10528, 10873, 10975, 11001, 11099, 11270, 11405, 11817, 12233, 12690, 12772, 12887, 13086, 13673, 13676, 13814, 13901, 14195, 14351, 14526, 14648, 14998, 15221, 15285, 16535, 16714, 17259, 17391]",c2.cp.wikipathways__WP_GLIOBLASTOMA_SIGNALING
c2.cp.wikipathways,WP_INTRACELLULAR_TRAFFICKING_PROTEINS_INVOLVED_IN_CMT_NEUROPATHY,prerank,0.3856617945055513,1.1309916394600528,0.27139874739039666,0.4007027604607168,1.0,3_26,3/26,5.93%,HSPB1;MPZ;RABAC1,HSPB1;MPZ;RABAC1;HSPB8;RAB4A;RAB25;LRSAM1;NDRG1;FGD4;RAB11B;DNM2;FIG4;RAB3A;RAB4B;KIF1B;PMP22;MFN2;LITAF;RAB11A;MTMR2;SH3TC2;RAB7A;SBF2;GDAP1;EGR2;RAB3B,"[3, 186, 1038, 2088, 2256, 3055, 4239, 6152, 6256, 6712, 6861, 8855, 9354, 10294, 11534, 12705, 13019, 13134, 13852, 14075, 14478, 15081, 15120, 15966, 16961, 17013]",c2.cp.wikipathways__WP_INTRACELLULAR_TRAFFICKING_PROTEINS_INVOLVED_IN_CMT_NEUROPATHY
c2.cp.wikipathways,WP_ETHER_LIPID_BIOSYNTHESIS,prerank,-0.5082183047238465,-1.3464959276929551,0.11654135338345864,0.4029616941588214,1.0,7_19,7/19,10.87%,PEX1;FAR2;AGPS;PEX7;FAR1;PEX3;PEX19,LPIN1;LPIN3;LPCAT1;LPIN2;ARSA;CEPT1;GNPAT;GAL3ST1;UGT8;PEX16;DHRS7B;PEX5L;PEX19;PEX3;FAR1;PEX7;AGPS;FAR2;PEX1,"[1110, 1274, 2820, 5918, 7862, 8718, 9936, 11554, 11563, 12127, 12886, 13749, 15614, 15712, 16043, 16171, 16310, 16371, 16895]",c2.cp.wikipathways__WP_ETHER_LIPID_BIOSYNTHESIS
c2.cp.wikipathways,WP_22Q112_COPY_NUMBER_VARIATION_SYNDROME,prerank,0.3018598956981194,1.1287851927786432,0.21444201312910285,0.4034973839303185,1.0,31_99,31/99,19.32%,RCC1;SLC25A1;PLK1;PAK4;CLDN5;FOXC1;BCL2;PRODH;SCARF2;NPRL3;AIFM3;XPO1;CDC45;RANGAP1;GNB1L;SLC2A4;TBX1;NPRL2;EGFR;ZNF74;TSKS;SERPIND1;ZDHHC8;RAF1;FOXC2;HIRA;VWF;CRKL;MED15;GP1BA;HES1,RCC1;SLC25A1;PLK1;PAK4;CLDN5;FOXC1;BCL2;PRODH;SCARF2;NPRL3;AIFM3;XPO1;CDC45;RANGAP1;GNB1L;SLC2A4;TBX1;NPRL2;EGFR;ZNF74;TSKS;SERPIND1;ZDHHC8;RAF1;FOXC2;HIRA;VWF;CRKL;MED15;GP1BA;HES1;TXNRD2;ALDH4A1;LZTR1;HDAC3;DGCR6L;COMT;FGFR1;KLHL22;FGF8;SRF;DGCR2;SHH;C22orf39;HIRIP3;CHRD;MALT1;CBX5;ARVCF;RTN4R;ASF1A;DGCR8;MRPL40;GLUD1;RBX1;TP53;CYP26A1;RAN;TNPO1;TRMT2A;CYP26C1;SREBF1;THAP7;SHOC2;CLTCL1;CUL3;EMC10;SLC7A4;PI4KA;P2RX6;TANGO2;FGFR2;SREBF2;CYP26B1;FGF10;PPP1CB;OAT;CLDN1;NCOR1;POLR2A;ALDH1A2;GP5;MAG;SNAP29;RANBP1;KPNB1;DEPDC5;ACTC1;RTN4;DRD2;CDC42;RELN;GBX2;RORC;ACTA2;CLDN3;DROSHA;PAX3;CDH15,"[13, 768, 869, 912, 1059, 1187, 1238, 1278, 1288, 1332, 1461, 1469, 1692, 1743, 1778, 1904, 2277, 2313, 2347, 2402, 2682, 2837, 3003, 3033, 3060, 3092, 3112, 3142, 3312, 3373, 3383, 3714, 3735, 3848, 3950, 4162, 4271, 4624, 4781, 5132, 5159, 5402, 5805, 5865, 6690, 6899, 7227, 7506, 7909, 7943, 7993, 8177, 8288, 8416, 8474, 8693, 8895, 8903, 8972, 9008, 9163, 9432, 9471, 10016, 10041, 10069, 10115, 10120, 10179, 10580, 10668, 11001, 11150, 11581, 12099, 12507, 12779, 12800, 12807, 12851, 12901, 13533, 13761, 13815, 14228, 14483, 14828, 14935, 14995, 15657, 16108, 16364, 16648, 16946, 17077, 17081, 17148, 17350, 17414]",c2.cp.wikipathways__WP_22Q112_COPY_NUMBER_VARIATION_SYNDROME
c2.cp.wikipathways,WP_MITOCHONDRIAL_COMPLEX_IV_ASSEMBLY,prerank,-0.4353640944785764,-1.3474852837952689,0.08253358925143954,0.4100452477058314,1.0,4_33,4/33,6.21%,COX15;COX18;COX11;COX10,SMIM20;COA6;COX7C;COX17;PET100;COX5B;COX4I1;SURF1;COX14;COX6A1;PNKD;COX6B1;COX5A;COX6C;COX7A2;TACO1;COX16;NDUFA4;MT-CO1;MT-CO2;COX8A;COA3;HIGD1A;CMC1;COX7B;COX20;MT-CO3;TMEM177;COX19;COX10;COX11;COX18;COX15,"[1285, 2311, 2712, 2992, 3377, 4769, 4836, 4851, 5416, 5419, 6298, 6303, 6389, 6499, 6515, 6734, 7205, 7420, 7471, 7791, 8139, 9161, 11000, 11100, 11850, 12014, 12088, 13143, 13961, 16431, 17219, 17260, 17405]",c2.cp.wikipathways__WP_MITOCHONDRIAL_COMPLEX_IV_ASSEMBLY
c2.cp.wikipathways,WP_PEPTIDE_GPCRS,prerank,0.32663601626369554,1.1245559643690073,0.23819742489270387,0.41008154882231734,1.0,7_63,7/63,4.97%,CXCR4;C3AR1;CXCR1;GALR2;CXCR2;C5AR1;MC4R,CXCR4;C3AR1;CXCR1;GALR2;CXCR2;C5AR1;MC4R;CCR2;FPR1;OPRK1;GALR3;NPY1R;CCR1;FPR2;TAC4;CCR5;AGTR1;SSTR3;NTSR2;NTSR1;FPR3;EDNRB;CCR9;OXTR;SSTR5;MC1R;OPRL1;CCR10;NPY2R;GNRHR;CX3CR1;LHCGR;SSTR2;BDKRB1;TACR3;CXCR6;TACR2;MC5R;EDNRA;NMBR;CCR7;GRPR;HCRTR2;SSTR1;CCKBR;OPRD1;FSHR;OPRM1;AVPR2;AVPR1B;NPY5R;CCR6;NPY4R;GALR1;BDKRB2;AVPR1A;SSTR4;BRS3;TSHR;HCRTR1;ATP8A1;TACR1;CCKAR,"[77, 582, 599, 657, 680, 805, 870, 2082, 2561, 3014, 3128, 3215, 3341, 4171, 4228, 4246, 4464, 4696, 4813, 4971, 5242, 5580, 5772, 6281, 6368, 6421, 6582, 7090, 7113, 7213, 7588, 7700, 7729, 8507, 8564, 8931, 9010, 9268, 9524, 9749, 10347, 10755, 11168, 11330, 11437, 11498, 11912, 12246, 12620, 13239, 13464, 13588, 13600, 13759, 14242, 14324, 14795, 14867, 14895, 15370, 15652, 16625, 16872]",c2.cp.wikipathways__WP_PEPTIDE_GPCRS
c2.cp.wikipathways,WP_ARYL_HYDROCARBON_RECEPTOR_PATHWAY_WP2586,prerank,0.34637284663184204,1.1236208833276504,0.2584745762711864,0.4107469172612147,1.0,18_44,18/44,20.07%,RELA;HSP90AA1;MYC;VEGFA;CDK2;AIP;CDKN1A;CDC37;SRC;EGFR;CYP1B1;NQO1;NFE2L2;NFKB1;RAF1;KLF6;HPGDS;TNF,RELA;HSP90AA1;MYC;VEGFA;CDK2;AIP;CDKN1A;CDC37;SRC;EGFR;CYP1B1;NQO1;NFE2L2;NFKB1;RAF1;KLF6;HPGDS;TNF;HRAS;NCOR2;CYP1A1;MAP2K1;PSRC1;EP300;CDKN1B;E2F1;LPL;AHRR;AHR;RB1;RET;PTGS2;ARNT;NCOA7;CCL1;MAPK1;PLAGL1;KRAS;NRIP1;GCLC;ESR1;NRAS;NF1;CD36,"[68, 876, 1232, 1439, 1573, 1644, 1714, 1874, 2278, 2347, 2464, 2676, 2684, 2835, 3033, 3324, 3489, 3515, 3976, 4578, 5385, 5701, 7247, 7268, 7452, 7793, 8940, 9241, 9293, 9620, 10215, 11182, 11989, 12289, 12414, 12772, 12860, 13814, 14451, 15915, 16134, 16714, 17391, 17434]",c2.cp.wikipathways__WP_ARYL_HYDROCARBON_RECEPTOR_PATHWAY_WP2586
c2.cp.wikipathways,WP_THYROXINE_THYROID_HORMONE_PRODUCTION,prerank,0.3951083626039122,1.1211698961943013,0.2959830866807611,0.41286595953170935,1.0,10_24,10/24,21.29%,SLC26A6;TG;ELK1;MAPK3;MAP2K2;TPO;NFKB1;RAF1;DUOX2;SLC5A5,SLC26A6;TG;ELK1;MAPK3;MAP2K2;TPO;NFKB1;RAF1;DUOX2;SLC5A5;RAP1A;MAP2K1;TRH;CREB1;PRKCA;CLCN5;ACY1;PRKAA2;DUOX1;MAPK1;RAP1B;ANO1;TSHR;PRKAA1,"[221, 504, 973, 1114, 2104, 2192, 2835, 3033, 3366, 3728, 5616, 5701, 9906, 10478, 10873, 11115, 11398, 11483, 11509, 12772, 12892, 14132, 14895, 17412]",c2.cp.wikipathways__WP_THYROXINE_THYROID_HORMONE_PRODUCTION
c2.cp.wikipathways,WP_METABOLIC_REPROGRAMMING_IN_COLON_CANCER,prerank,0.34506583989581163,1.1217008827116814,0.26229508196721313,0.41306784941447383,1.0,9_41,9/41,13.05%,HK3;SHMT2;TKT;PSPH;PYCR1;SLC16A3;SLC1A5;ALDOB;ENO1,HK3;SHMT2;TKT;PSPH;PYCR1;SLC16A3;SLC1A5;ALDOB;ENO1;SLC2A1;PSAT1;PGD;RPIA;GAPDH;PFKL;GPI;SUCLG2;DLST;G6PD;PDHA1;PKM;GLUD1;ACO2;MDH2;LDHA;GOT2;FASN;PPAT;PGK1;PAICS;GLS;TALDO1;PGAM1;FH;SDHB;IDH2;IDH3A;PYCR2;ACLY;PDHB;GART,"[200, 738, 1182, 1219, 1529, 1750, 1927, 2084, 2285, 3156, 3159, 3550, 4744, 4761, 4981, 5213, 5939, 6301, 6351, 6459, 7001, 8416, 8846, 9356, 9549, 9604, 9820, 9844, 9922, 10291, 10680, 10721, 11781, 12562, 13413, 14286, 14975, 15291, 15559, 15926, 17114]",c2.cp.wikipathways__WP_METABOLIC_REPROGRAMMING_IN_COLON_CANCER
c2.cp.wikipathways,WP_SPLICING_FACTOR_NOVA_REGULATED_SYNAPTIC_PROTEINS,prerank,-0.41872529282004883,-1.3334991488869767,0.0749063670411985,0.4159065448983758,1.0,18_41,18/41,28.19%,ANK3;EPB41L3;GRIN2B;GPHN;GRIK2;PLCB4;MAPK9;EPB41L2;CAV2;CASK;SNW1;KCNQ2;GABRG2;KCNJ6;PRKCZ;TERF2IP;CHL1;ATP2B1,STXBP2;CDH2;STX2;AGRN;MAPK4;GRIN1;NEO1;NCDN;EFNA5;CAMK2G;RAP1GAP;CADM3;CLSTN1;MAP4;APLP2;KCNMA1;DAB1;CADM1;EPB41L1;CLASP1;EPB41;GABBR2;NTNG1;ATP2B1;CHL1;TERF2IP;PRKCZ;KCNJ6;GABRG2;KCNQ2;SNW1;CASK;CAV2;EPB41L2;MAPK9;PLCB4;GRIK2;GPHN;GRIN2B;EPB41L3;ANK3,"[197, 3499, 3724, 4626, 4801, 4890, 5597, 5838, 6617, 6774, 7118, 7484, 8057, 9220, 9683, 10001, 10237, 10496, 10594, 10600, 10919, 11031, 11121, 12581, 12685, 13023, 13086, 13342, 13432, 13715, 13833, 14262, 14528, 14689, 14702, 15159, 15222, 15320, 16281, 17221, 17425]",c2.cp.wikipathways__WP_SPLICING_FACTOR_NOVA_REGULATED_SYNAPTIC_PROTEINS
c2.cp.wikipathways,WP_BIOGENIC_AMINE_SYNTHESIS,prerank,-0.5420900108237703,-1.3042982804830958,0.13714285714285715,0.4183210966829818,1.0,4_13,4/13,8.66%,TPH1;HDC;GAD2;GAD1,AANAT;DBH;COMT;MAOA;TH;ACHE;PNMT;PAH;DDC;GAD1;GAD2;HDC;TPH1,"[807, 2906, 4271, 4513, 5573, 5873, 6030, 10607, 13144, 16002, 16716, 16771, 17362]",c2.cp.wikipathways__WP_BIOGENIC_AMINE_SYNTHESIS
c2.cp.wikipathways,WP_SEROTONIN_AND_ANXIETY,prerank,-0.5011371891358525,-1.3044869550303997,0.14909090909090908,0.42601194386078517,1.0,6_18,6/18,16.39%,HTR2C;CRH;ARC;HTR2A;FMR1;PRKCB,POMC;PLCD4;FOS;PLEK;CAMK2B;TRPV1;EEF2K;ADRA1A;GRM1;HTR1A;PPP3CA;GABRA1;PRKCB;FMR1;HTR2A;ARC;CRH;HTR2C,"[2238, 2739, 2889, 3296, 4493, 7656, 8245, 9503, 10008, 10749, 11156, 13541, 14648, 15036, 16012, 16423, 16441, 17447]",c2.cp.wikipathways__WP_SEROTONIN_AND_ANXIETY
c2.cp.wikipathways,WP_OLIGODENDROCYTE_SPECIFICATION_AND_DIFFERENTIATION_LEADING_TO_MYELIN_COMPONENTS_FOR_CNS,prerank,0.3742598094230996,1.1128520875306742,0.27312775330396477,0.42608273530289764,1.0,7_29,7/29,12.63%,BMP4;LIF;GLI2;CXCL1;SOX9;ASCL1;FGF2,BMP4;LIF;GLI2;CXCL1;SOX9;ASCL1;FGF2;TNF;IL1B;SOX5;CXCL2;SHH;SOX10;NKX2-2;PDGFB;OLIG1;SOX8;MBP;SOX6;CNTF;BMP2;OLIG2;PLP1;MYT1;MAG;MOG;CNP;IGF1;OMG,"[730, 1188, 1477, 1774, 2005, 2116, 2211, 3515, 4629, 5260, 5578, 5805, 6399, 6510, 6544, 6812, 7323, 9036, 9745, 9983, 10854, 10992, 12583, 12740, 13761, 14190, 14636, 15473, 15648]",c2.cp.wikipathways__WP_OLIGODENDROCYTE_SPECIFICATION_AND_DIFFERENTIATION_LEADING_TO_MYELIN_COMPONENTS_FOR_CNS
c2.cp.wikipathways,WP_DEREGULATION_OF_RAB_AND_RAB_EFFECTOR_GENES_IN_BLADDER_CANCER,prerank,0.43295299718022023,1.113336627874698,0.32083333333333336,0.4264272661628937,1.0,2_16,2/16,1.06%,MLPH;SYTL4,MLPH;SYTL4;RAB27A;TBC1D10A;SYTL3;MYRIP;UNC13D;RPH3AL;MADD;SYTL2;SYTL1;RAB27B;GCC2;SYTL5;EXPH5;RPH3A,"[71, 184, 3307, 3440, 4154, 5955, 6041, 8072, 10705, 10935, 11432, 13238, 13748, 16128, 16158, 16825]",c2.cp.wikipathways__WP_DEREGULATION_OF_RAB_AND_RAB_EFFECTOR_GENES_IN_BLADDER_CANCER
c2.cp.wikipathways,WP_GLYCOLYSIS_IN_SENESCENCE,prerank,-0.5646954922730131,-1.3139057326904962,0.132486388384755,0.4288197019842143,1.0,1_11,1/11,0.61%,PRKAA1,ENO1;GAPDH;G6PD;PKM;TP53;HK1;LDHA;RB1;PGK1;ALDOC;PRKAA1,"[2285, 4761, 6351, 7001, 8693, 9289, 9549, 9620, 9922, 10567, 17412]",c2.cp.wikipathways__WP_GLYCOLYSIS_IN_SENESCENCE
c2.cp.wikipathways,WP_SYNAPTIC_VESICLE_PATHWAY,prerank,-0.39125159408538046,-1.3061114269629175,0.08888888888888889,0.4305934227824014,1.0,8_48,8/48,9.36%,DNM3;SYN3;DNM1L;RIMS1;SLC32A1;SLC17A8;SLC38A1;CLTC,AP2S1;SLC18A1;SLC6A4;PARK7;SLC1A3;STX2;ATP1A2;CLTA;AP2A2;AP2M1;SYN1;UNC13B;DNM2;AP2A1;NAPA;STX1A;DNM1;CLN8;SLC22A3;RAB3A;CPLX2;SLC17A7;SLC25A4;VAMP2;CLTCL1;SYP;CACNA1B;CPLX1;STX1B;STXBP1;NSF;SLC18A2;CACNA1A;SLC17A6;UNC13C;SYT1;UNC13A;SNAP25;AP2B1;STX3;CLTC;SLC38A1;SLC17A8;SLC32A1;RIMS1;DNM1L;SYN3;DNM3,"[1749, 1763, 1789, 3030, 3630, 3724, 4012, 5058, 5162, 5915, 5960, 6195, 6861, 6922, 7256, 8112, 8266, 8976, 9323, 9354, 9454, 9653, 9747, 9949, 10041, 10081, 10301, 10416, 10650, 10837, 11436, 11517, 11635, 11853, 12002, 12427, 12440, 13308, 13857, 13869, 15879, 16010, 16151, 16295, 16492, 16779, 16830, 16878]",c2.cp.wikipathways__WP_SYNAPTIC_VESICLE_PATHWAY
c2.cp.wikipathways,WP_THYROID_HORMONES_PRODUCTION_AND_PERIPHERAL_DOWNSTREAM_SIGNALING_EFFECTS,prerank,0.3051035904231648,1.1088442960551164,0.2222222222222222,0.43102713786411295,1.0,26_88,26/88,21.45%,PNPLA2;TG;DIO3;RXRA;SIRT6;MC4R;PRDM16;ZNF516;AKT1S1;THRA;TPO;POMC;SRC;AGRP;NHSL1;BAD;NOTCH1;MAFA;RAF1;CREB3;PPARG;FOXO1;DUOX2;WNT4;SLC5A5;RPS6,PNPLA2;TG;DIO3;RXRA;SIRT6;MC4R;PRDM16;ZNF516;AKT1S1;THRA;TPO;POMC;SRC;AGRP;NHSL1;BAD;NOTCH1;MAFA;RAF1;CREB3;PPARG;FOXO1;DUOX2;WNT4;SLC5A5;RPS6;HRAS;PAX8;FGFR1;ADCY8;PLIN1;NPR1;ACTL6B;MLST8;DIO1;TBC1D4;MAP2K1;SHH;SOS1;MAPKAPK3;KDM1A;CASP9;MGLL;PIK3CA;RPTOR;MAPK14;KLB;NPPB;ITGB3;TSC2;ATF2;RPS6KB1;THRB;TP53;RHEB;ADCY3;PRKACA;ITGAV;DIO2;TRH;SLCO1C1;SLC26A4;ADRB3;SLC16A10;SLC16A2;KDM3B;GRB2;ITPR2;PPARGC1A;NPY;MAPK1;MTOR;FRS2;PRKG2;TSC1;PFKFB2;MAP4K5;AQP7;PLCB1;TSHR;AKT3;MDM2;GSK3B;CTNNB1;RPS6KA6;TTF1;SECISBP2L;TTF2,"[241, 504, 530, 710, 836, 870, 944, 1254, 1340, 2052, 2192, 2238, 2278, 2322, 2334, 2388, 2437, 2539, 3033, 3259, 3284, 3351, 3366, 3643, 3728, 3757, 3976, 4519, 4624, 4754, 4945, 5045, 5154, 5180, 5497, 5544, 5701, 5805, 5826, 5839, 6232, 6429, 7099, 7105, 7231, 7304, 7470, 7489, 7795, 7998, 8136, 8326, 8336, 8693, 8835, 9021, 9427, 9460, 9847, 9906, 9931, 10356, 10582, 10799, 11033, 11224, 11405, 11545, 11622, 12769, 12772, 13065, 13783, 14050, 14195, 14254, 14285, 14801, 14865, 14895, 14998, 15285, 15613, 16018, 16192, 16422, 16740, 17051]",c2.cp.wikipathways__WP_THYROID_HORMONES_PRODUCTION_AND_PERIPHERAL_DOWNSTREAM_SIGNALING_EFFECTS
c2.cp.wikipathways,WP_MYOMETRIAL_RELAXATION_AND_CONTRACTION_PATHWAYS,prerank,0.2829425504966027,1.1090055652682633,0.22746781115879827,0.431916179260516,1.0,34_149,34/149,17.18%,MAFF;ITPR3;RAMP1;NOS3;RAMP3;ATF4;PLCG1;PLCB3;ADM;GNB2;RGS19;ARRB2;GPR182;PLCD1;GJA1;IGFBP6;OXT;MYL4;GNB3;IL6;ADCY9;IGFBP1;ADCY4;GNG11;PRKD1;IGFBP5;CALCA;ATF1;JUN;NFKB1;ACTA1;FOS;RGS2;ADCY2,MAFF;ITPR3;RAMP1;NOS3;RAMP3;ATF4;PLCG1;PLCB3;ADM;GNB2;RGS19;ARRB2;GPR182;PLCD1;GJA1;IGFBP6;OXT;MYL4;GNB3;IL6;ADCY9;IGFBP1;ADCY4;GNG11;PRKD1;IGFBP5;CALCA;ATF1;JUN;NFKB1;ACTA1;FOS;RGS2;ADCY2;CREB3;GNG12;ATF5;RYR1;RGS3;RXFP2;GNG8;GSTO1;GNG5;PRKAR1B;SP1;CAMK2B;ATF6B;RGS16;IL1B;GNAS;CRCP;ADCY8;IGFBP2;RGS1;IGFBP4;DGKZ;RGS18;PKIG;ATF3;RGS10;OXTR;PRKCH;GRK6;RGS11;CALD1;CACNB3;PRKAR2B;CAMK2G;CNN2;GRK5;RAMP2;ADCY6;ADCY7;CORIN;RGS20;GABPA;IGFBP3;YWHAH;ETS2;PLCG2;ATF2;GNG13;PDE4D;RGS14;CAMK2A;LPAR1;ADCY3;PRKACA;PRKCD;PRKCG;RYR3;SFN;GNG3;GNG7;RLN1;CREB1;GNB5;GNG2;GNAQ;RXFP1;PRKCA;GRK4;ADCY5;PRKAR2A;YWHAG;ITPR2;PKIA;GNB1;RGS17;CALM3;CRHR1;ACTB;CALM2;RGS9;YWHAE;PRKCZ;RGS7;ACTG1;PRKCE;ADCY1;YWHAB;CAMK2D;RGS6;ARRB1;GNB4;RGS4;PRKCB;YWHAZ;CNN1;CALM1;ACTC1;PDE4B;GNG4;ATP2A2;ITPR1;SLC8A1;NOS1;RGS5;GABPB1;RYR2;CRH;ATP2A3;PRKACB;PRKCQ;PRKAR1A;PKIB;YWHAQ;ACTA2;MYLK2,"[26, 175, 260, 335, 378, 381, 405, 441, 468, 746, 914, 1250, 1371, 1474, 1579, 1605, 1666, 1701, 2026, 2121, 2127, 2133, 2248, 2472, 2628, 2746, 2750, 2770, 2824, 2835, 2840, 2889, 2984, 3009, 3259, 3370, 3506, 3704, 3774, 3980, 4018, 4263, 4434, 4473, 4488, 4493, 4537, 4541, 4629, 4729, 4745, 4754, 4812, 4861, 5049, 5267, 5310, 5559, 5684, 6190, 6281, 6300, 6438, 6480, 6568, 6569, 6764, 6774, 6810, 6911, 6924, 6958, 7067, 7073, 7144, 7297, 7570, 7832, 7937, 7982, 8136, 8244, 8278, 8321, 8596, 8629, 9021, 9427, 9580, 9622, 9956, 9994, 10116, 10209, 10363, 10478, 10609, 10725, 10758, 10840, 10873, 10900, 10986, 11277, 11291, 11545, 11726, 12079, 12096, 12212, 12254, 12262, 12311, 12387, 12907, 13086, 13240, 13331, 13636, 13767, 13801, 13938, 14168, 14181, 14500, 14643, 14648, 14665, 14675, 14779, 14935, 15138, 15235, 15339, 15616, 15701, 15846, 15962, 16202, 16332, 16441, 16443, 16466, 16535, 16685, 16762, 16842, 17077, 17453]",c2.cp.wikipathways__WP_MYOMETRIAL_RELAXATION_AND_CONTRACTION_PATHWAYS
c2.cp.wikipathways,WP_HIPPOCAMPAL_SYNAPTOGENESIS_AND_NEUROGENESIS,prerank,-0.4516750610853015,-1.2954681208314276,0.13381555153707053,0.43192204247239846,1.0,6_26,6/26,15.81%,BDNF;NRXN3;CAMK4;RPS6KA5;CALM1;CAMKK2,BCL2;NGF;CAMK2B;RPS6KA1;CAMKK1;MAPK14;CAMK2A;NRXN2;DRD1;SYT2;NCAM1;DIO2;HNRNPL;CREB1;PRKCA;PPARGC1A;NRXN1;MAPK1;CCND2;SYT12;CAMKK2;CALM1;RPS6KA5;CAMK4;NRXN3;BDNF,"[1238, 3051, 4493, 5141, 6967, 7304, 8596, 8801, 8994, 9007, 9574, 9847, 9987, 10478, 10873, 11622, 12564, 12772, 12887, 12928, 14750, 14779, 16291, 16852, 16969, 17360]",c2.cp.wikipathways__WP_HIPPOCAMPAL_SYNAPTOGENESIS_AND_NEUROGENESIS
c2.cp.wikipathways,WP_MAPK_PATHWAY_IN_CONGENITAL_THYROID_CANCER,prerank,0.44324031217208093,1.1066785736677585,0.3369330453563715,0.43264129476886026,1.0,7_15,7/15,17.32%,ELK1;MAPK3;MYC;MAP2K2;JUN;FOS;RAF1,ELK1;MAPK3;MYC;MAP2K2;JUN;FOS;RAF1;SHC1;MAP2K1;SOS1;ALK;KSR1;SOS2;KRAS;BRAF,"[973, 1114, 1232, 2104, 2824, 2889, 3033, 4654, 5701, 5826, 5957, 6359, 12680, 13814, 17259]",c2.cp.wikipathways__WP_MAPK_PATHWAY_IN_CONGENITAL_THYROID_CANCER
c2.cp.wikipathways,WP_VITAMIN_B12_DISORDERS,prerank,-0.578490421199378,-1.3086750181201499,0.14555765595463138,0.4330026118164678,1.0,3_11,3/11,6.65%,MTR;MMACHC;MTRR,CD320;AMN;TCN2;TCN1;CUBN;MMADHC;MMAB;MMAA;MTRR;MMACHC;MTR,"[908, 2779, 4077, 4772, 8753, 12393, 12837, 13316, 16354, 17465, 17470]",c2.cp.wikipathways__WP_VITAMIN_B12_DISORDERS
c2.cp.wikipathways,WP_TRANSCRIPTION_COFACTORS_SKI_AND_SKIL_PROTEIN_PARTNERS,prerank,0.41690834346391736,1.1070055526857137,0.32671081677704195,0.43330098388328575,1.0,8_18,8/18,22.55%,TEAD2;TEAD4;LATS2;HDAC1;MERTK;TEAD1;TEAD3;HDAC3,TEAD2;TEAD4;LATS2;HDAC1;MERTK;TEAD1;TEAD3;HDAC3;ING2;SKI;STK3;SATB2;SKIL;LATS1;PRMT5;MECP2;SIN3A;NF1,"[314, 785, 1223, 2268, 2629, 3355, 3547, 3950, 5742, 6189, 8246, 8399, 8425, 9929, 10089, 10143, 15543, 17391]",c2.cp.wikipathways__WP_TRANSCRIPTION_COFACTORS_SKI_AND_SKIL_PROTEIN_PARTNERS
c2.cp.wikipathways,WP_INVOLVEMENT_OF_SECRETASE_IN_NEURODEGENERATIVE_DISEASES,prerank,-0.5022160112908518,-1.3141074570663374,0.13620071684587814,0.437453765281469,1.0,6_17,6/17,14.39%,BDNF;STAT1;BACE1;APP;SRPK2;AKT3,CEBPB;AKT1;AKT2;MAOB;PPP2CB;NTRK2;SET;TARDBP;SNCA;MAPT;LGMN;AKT3;SRPK2;APP;BACE1;STAT1;BDNF,"[311, 3267, 3956, 4914, 5975, 7280, 7850, 10154, 10959, 11206, 11720, 14998, 15335, 15665, 16494, 16938, 17360]",c2.cp.wikipathways__WP_INVOLVEMENT_OF_SECRETASE_IN_NEURODEGENERATIVE_DISEASES
c2.cp.wikipathways,WP_13Q1212_COPY_NUMBER_VARIATION,prerank,-0.439543828399424,-1.3162418852199185,0.11324376199616124,0.4411922677538326,1.0,14_31,14/31,26.29%,MIPEP;MAPK8;CDC42;RTN4;SACS;ATXN1;MAPK9;C1QTNF9;MAG;C1QTNF9B;FLNC;SGCA;SSPN;TRAF5,TRAF2;SNTA1;DTNA;TRAF1;DAG1;TNFRSF19;LINGO1;TRAF3;RHOA;RTN4R;SNTB1;SGCG;DMD;SPATA13;RAC1;SGCD;SGCB;TRAF5;SSPN;SGCA;FLNC;C1QTNF9B;MAG;C1QTNF9;MAPK9;ATXN1;SACS;RTN4;CDC42;MAPK8;MIPEP,"[494, 2273, 5512, 5590, 5871, 6177, 7284, 7749, 7817, 7943, 8201, 8212, 10392, 11414, 11471, 11594, 11880, 12914, 13061, 13343, 13618, 13703, 13761, 14535, 14702, 14916, 14961, 14995, 16108, 16304, 16766]",c2.cp.wikipathways__WP_13Q1212_COPY_NUMBER_VARIATION
c2.cp.wikipathways,WP_OMEGA3FATTY_ACIDS_IN_SENESCENCE,prerank,0.37105942621399374,1.0996928087355404,0.319672131147541,0.44249535311114085,1.0,7_29,7/29,16.44%,ALOX15B;GSTM4;TBXAS1;GSTP1;CYP3A4;PTGDS;DPEP1,ALOX15B;GSTM4;TBXAS1;GSTP1;CYP3A4;PTGDS;DPEP1;LTC4S;FPR2;CMKLR1;PTGES;PTGS1;ALOX15;FADS2;CYP2D6;LTA4H;GGT1;PLA2G4A;ALOX5;HPGD;ALOX12;ELOVL2;ELOVL5;PTGS2;EPHX2;CYP2C8;CYP2E1;PTGIS;FADS1,"[458, 1139, 1346, 1811, 2099, 2819, 2879, 3532, 4171, 6226, 6773, 6934, 7159, 7286, 7348, 8186, 8643, 9214, 9403, 9608, 9781, 9838, 10117, 11182, 11584, 13463, 14038, 16232, 16481]",c2.cp.wikipathways__WP_OMEGA3FATTY_ACIDS_IN_SENESCENCE
c2.cp.wikipathways,WP_STRIATED_MUSCLE_CONTRACTION_PATHWAY,prerank,0.34907659591907364,1.1002948132762935,0.31422505307855625,0.44252476105979055,1.0,11_35,11/35,19.28%,TCAP;TNNI2;MYL4;TNNT3;MYBPC1;TNNT1;VIM;ACTA1;TNNC1;MYL3;TNNC2,TCAP;TNNI2;MYL4;TNNT3;MYBPC1;TNNT1;VIM;ACTA1;TNNC1;MYL3;TNNC2;TNNT2;TNNI1;NEB;TMOD1;TPM2;MYBPC2;MYH6;TPM3;MYBPC3;ACTN4;DMD;MYH3;TNNI3;TPM4;MYOM1;ACTG1;MYL9;MYH8;TPM1;ACTC1;TTN;DES;ACTN2;ACTA2,"[17, 763, 1701, 1848, 1896, 2385, 2436, 2840, 3173, 3253, 3376, 5671, 5703, 6283, 7300, 7309, 7422, 8823, 8908, 9128, 9667, 10392, 10577, 11027, 12104, 12609, 13331, 13517, 13695, 14058, 14935, 15422, 15563, 17020, 17077]",c2.cp.wikipathways__WP_STRIATED_MUSCLE_CONTRACTION_PATHWAY
c2.cp.wikipathways,WP_EICOSANOID_METABOLISM_VIA_LIPOOXYGENASES_LOX,prerank,0.37555033809818444,1.10062752062657,0.3137254901960784,0.443136116164012,1.0,10_29,10/29,23.82%,ALOX15B;ACOX2;GGT5;PPARA;DPEP1;CYSLTR2;LTC4S;PPARD;ACAA1;FPR2,ALOX15B;ACOX2;GGT5;PPARA;DPEP1;CYSLTR2;LTC4S;PPARD;ACAA1;FPR2;CYP4F12;CYP4F2;ALOX15;TRPV1;LTA4H;PTGR1;LTB4R;ACOX3;ALOX5;HPGD;ALOX12;CYSLTR1;CYP4A22;LTB4R2;TRPA1;PTGR2;ACOX1;CYP4A11;EHHADH,"[458, 1301, 1341, 1634, 2879, 3223, 3532, 3681, 3799, 4171, 4880, 6414, 7159, 7656, 8186, 8220, 8660, 8770, 9403, 9608, 9781, 11181, 11233, 11324, 12111, 13026, 13978, 14759, 15973]",c2.cp.wikipathways__WP_EICOSANOID_METABOLISM_VIA_LIPOOXYGENASES_LOX
c2.cp.wikipathways,WP_CHOLESTEROL_METABOLISM,prerank,0.31044423496381024,1.098290231010794,0.2776617954070981,0.4439296867050481,1.0,8_67,8/67,5.51%,NPC1L1;MGAT1;HSD17B7;SOAT1;APOA1;TSPO;STARD3;PLTP,NPC1L1;MGAT1;HSD17B7;SOAT1;APOA1;TSPO;STARD3;PLTP;DGAT1;APOC2;PMVK;SCARB1;ABCA1;NPC2;LRP1;EBP;LCAT;APOE;LSS;DHCR7;LDLR;APOC1;CYP27A1;ABCG8;FDFT1;MVD;LRPAP1;CIDEB;APOA2;OSBPL5;CYP7A1;LDLRAP1;LBR;LPL;NPC1;APOB;LIPG;VDAC1;DHCR24;SORT1;FDPS;STAR;MYLIP;MSMO1;SLC27A4;ANGPTL3;MVK;ABCB11;NSDHL;ABCG5;SQLE;CETP;VAPA;SAR1B;LIPA;HMGCR;ACAT2;MTTP;LIPC;PCSK9;CYP51A1;IDI1;LPA;HMGCS1;TM7SF2;SC5D;CD36,"[30, 100, 590, 663, 666, 780, 873, 964, 1710, 2165, 2250, 2430, 2620, 3069, 3463, 3700, 3706, 4072, 4326, 4439, 4749, 4775, 5688, 5875, 6284, 6482, 7031, 7101, 7104, 7576, 8012, 8358, 8625, 8940, 9041, 9399, 9619, 9800, 9913, 9962, 10275, 10420, 10445, 10879, 10899, 11085, 11336, 11763, 11828, 12511, 12919, 12974, 13275, 13565, 13631, 13646, 13813, 14598, 14941, 15077, 15131, 15748, 16652, 16695, 16848, 17228, 17434]",c2.cp.wikipathways__WP_CHOLESTEROL_METABOLISM
c2.cp.wikipathways,WP_ESTROGEN_RECEPTOR_PATHWAY,prerank,0.473078779123027,1.0964672181994775,0.3593429158110883,0.44632381926090536,1.0,6_11,6/11,20.11%,PCK1;PPARA;CYP1B1;JUN;STAT3;PDK4,PCK1;PPARA;CYP1B1;JUN;STAT3;PDK4;SP1;CYP1A1;GPAM;ACOX1;ESR1,"[572, 1634, 2464, 2824, 3143, 3521, 4488, 5385, 5963, 13978, 16134]",c2.cp.wikipathways__WP_ESTROGEN_RECEPTOR_PATHWAY
c2.cp.wikipathways,WP_PPAR_SIGNALING,prerank,0.3379358478782277,1.09457497002528,0.3120879120879121,0.44638005266417613,1.0,9_44,9/44,9.33%,NR1H3;PCK1;APOA1;RXRA;PLTP;ANGPTL4;CPT1C;DBI;PPARA,NR1H3;PCK1;APOA1;RXRA;PLTP;ANGPTL4;CPT1C;DBI;PPARA;PPARG;SLC27A5;UBC;RXRG;PPARD;ACAA1;SORBS1;PLIN1;SLC27A1;CYP27A1;ILK;CYP8B1;APOA2;FADS2;CYP7A1;PCK2;FABP4;ACSL1;LPL;RXRB;FABP3;OLR1;SLC27A4;PDPK1;SCP2;ACOX1;ME1;CYP4A11;AQP7;SCD;CPT2;GK;EHHADH;FABP1;CD36,"[444, 572, 666, 710, 964, 1365, 1532, 1597, 1634, 3284, 3295, 3543, 3602, 3681, 3799, 4612, 4945, 5383, 5688, 5935, 6647, 7104, 7286, 8012, 8217, 8786, 8884, 8940, 9818, 10707, 10770, 10899, 10975, 12157, 13978, 14484, 14759, 14801, 15398, 15472, 15601, 15973, 16196, 17434]",c2.cp.wikipathways__WP_PPAR_SIGNALING
c2.cp.wikipathways,WP_FATTY_ACID_TRANSPORTERS,prerank,-0.513861159017853,-1.3180673275351784,0.12845849802371542,0.446415529513134,1.0,7_16,7/16,22.29%,CD36;ACSL4;FABP1;FABP6;ACSL6;FABP5;ACSL3,DBI;ACSL5;FABP7;FABP4;ACSL1;ACSBG2;ACSBG1;FABP3;SLC27A4;ACSL3;FABP5;ACSL6;FABP6;FABP1;ACSL4;CD36,"[1597, 2243, 5549, 8786, 8884, 9702, 9824, 10707, 10899, 13614, 13621, 13889, 14332, 16196, 16680, 17434]",c2.cp.wikipathways__WP_FATTY_ACID_TRANSPORTERS
c2.cp.wikipathways,WP_IL10_ANTIINFLAMMATORY_SIGNALING,prerank,0.4612772554366742,1.0950632195399348,0.3548387096774194,0.44671399140813556,1.0,5_12,5/12,17.95%,HMOX1;IL10RB;IL6;IL10RA;STAT3,HMOX1;IL10RB;IL6;IL10RA;STAT3;BLVRB;IL10;BLVRA;JAK1;STAT2;IL1A;STAT1,"[693, 1462, 2121, 2448, 3143, 4651, 6941, 8357, 9271, 9534, 12614, 16938]",c2.cp.wikipathways__WP_IL10_ANTIINFLAMMATORY_SIGNALING
c2.cp.wikipathways,WP_ASPIRIN_AND_MIRNAS,prerank,0.47935638307153594,1.0953682661251307,0.37083333333333335,0.4473283907457636,1.0,4_10,4/10,16.19%,NOS3;VEGFA;PPARA;NFKB1,NOS3;VEGFA;PPARA;NFKB1;ABCC4;MVD;PTGS1;PTGS2;WNT1;PDK1,"[335, 1439, 1634, 2835, 4382, 6482, 6934, 11182, 14329, 16370]",c2.cp.wikipathways__WP_ASPIRIN_AND_MIRNAS
c2.cp.wikipathways,WP_PRIMARY_FOCAL_SEGMENTAL_GLOMERULOSCLEROSIS_FSGS,prerank,0.310694668245503,1.0887231835139926,0.2909090909090909,0.4548073972281061,1.0,21_68,21/68,20.40%,LAMB2;PLAUR;TGFB1;PLCG1;CD151;FYN;PODXL;LAMA5;CDKN1A;ITGB4;LRP5;VIM;NOTCH1;COL4A4;CD80;AKT1;CDH2;TLR4;MYH9;TLN1;KRT8,LAMB2;PLAUR;TGFB1;PLCG1;CD151;FYN;PODXL;LAMA5;CDKN1A;ITGB4;LRP5;VIM;NOTCH1;COL4A4;CD80;AKT1;CDH2;TLR4;MYH9;TLN1;KRT8;CR1;PARVA;CAMK2B;AGRN;DKK1;JAG1;DAG1;MKI67;ILK;NCK1;PCNA;PLCE1;CDKN1B;ITGB3;COL4A3;DNM1;CDKN1C;SYNPO;ITGA3;CD2AP;LIMS1;WT1;ITGAV;ACTN4;INF2;FAT1;SMARCAL1;MYO1E;ITGB1;VCL;PAX2;KIRREL3;CLDN1;TRPC6;NPHS1;PTPRO;LRP6;COL4A5;WNT1;UTRN;CTNNB1;PTK2;IRF6;SCARB2;YWHAQ;MME;KIRREL2,"[160, 296, 386, 405, 1022, 1046, 1091, 1680, 1714, 1867, 2090, 2436, 2437, 2709, 3114, 3267, 3499, 3516, 3551, 3565, 3573, 4307, 4403, 4493, 4626, 4704, 5281, 5871, 5891, 5935, 6129, 6282, 6601, 7452, 7795, 8021, 8266, 8377, 8543, 8739, 9057, 9177, 9281, 9460, 9667, 9855, 9969, 10690, 10970, 11311, 11575, 11698, 12541, 12800, 12932, 13323, 13395, 13826, 14154, 14329, 14669, 16018, 16229, 16733, 16804, 16842, 16915, 17322]",c2.cp.wikipathways__WP_PRIMARY_FOCAL_SEGMENTAL_GLOMERULOSCLEROSIS_FSGS
c2.cp.wikipathways,WP_FBXL10_ENHANCEMENT_OF_MAPERK_SIGNALING_IN_DIFFUSE_LARGE_BCELL_LYMPHOMA,prerank,0.48341926502585963,1.0889696922741412,0.36225596529284165,0.4555539892382541,1.0,3_11,3/11,6.36%,BCL6;PCGF1;MAPK3,BCL6;PCGF1;MAPK3;EED;EZH2;BCOR;KDM2B;MAPK1;SUZ12;RNF2;DUSP6,"[489, 556, 1114, 3207, 9837, 11173, 11844, 12772, 13872, 14327, 15916]",c2.cp.wikipathways__WP_FBXL10_ENHANCEMENT_OF_MAPERK_SIGNALING_IN_DIFFUSE_LARGE_BCELL_LYMPHOMA
c2.cp.wikipathways,WP_SARSCOV2_MITOCHONDRIAL_CHRONIC_OXIDATIVE_STRESS_AND_ENDOTHELIAL_DYSFUNCTION,prerank,0.38465033899867496,1.086559216672328,0.3170731707317073,0.45758191181070174,1.0,7_24,7/24,20.07%,IL18;SIRT6;ECSIT;IL6;NFKB1;NDUFAF2;TNF,IL18;SIRT6;ECSIT;IL6;NFKB1;NDUFAF2;TNF;RPS6KA1;AGT;BCS1L;TERF2;TRAF3;NDUFAF1;NOX1;ACE;NLRP3;NLRX1;MAVS;TRAF6;ACE2;ACAD9;TERF2IP;NDFIP2;REN,"[662, 836, 954, 2121, 2835, 3509, 3515, 5141, 5734, 5886, 5904, 7749, 8747, 8800, 8966, 9658, 11200, 11317, 11998, 12402, 12787, 13023, 14505, 15761]",c2.cp.wikipathways__WP_SARSCOV2_MITOCHONDRIAL_CHRONIC_OXIDATIVE_STRESS_AND_ENDOTHELIAL_DYSFUNCTION
c2.cp.wikipathways,WP_CELL_DIFFERENTIATION_INDEX,prerank,0.4607266338315521,1.0819066145270975,0.36268343815513626,0.460685550740895,1.0,1_11,1/11,0.70%,MEF2B,MEF2B;STAT3;MYOD1;HDAC5;SRF;LEFTY1;TLX2;LEFTY2;MEF2D;MEF2C;MEF2A,"[121, 3143, 4524, 4646, 5159, 5642, 6980, 7533, 12103, 12683, 15464]",c2.cp.wikipathways__WP_CELL_DIFFERENTIATION_INDEX
c2.cp.wikipathways,WP_INTERACTIONS_OF_NATURAL_KILLER_CELLS_IN_PANCREATIC_CANCER,prerank,0.3876958776615326,1.0841123473322252,0.3388773388773389,0.46106214322962075,1.0,10_24,10/24,20.72%,MICB;MYC;GATA2;CCL2;MICA;FCGR3A;FOXO1;KLRK1;TNF;BMI1,MICB;MYC;GATA2;CCL2;MICA;FCGR3A;FOXO1;KLRK1;TNF;BMI1;PRF1;NCR3;CCL5;PVR;CCL3;GZMB;CCL4;CD96;CCL1;ADAM10;TIGIT;ADAM17;CD226;NCR3LG1,"[152, 1232, 1766, 1826, 2136, 2138, 3351, 3412, 3515, 3628, 4709, 6362, 6365, 6517, 7600, 8826, 9267, 10380, 12414, 13386, 14113, 14928, 15265, 17301]",c2.cp.wikipathways__WP_INTERACTIONS_OF_NATURAL_KILLER_CELLS_IN_PANCREATIC_CANCER
c2.cp.wikipathways,WP_NOCGMPPKG_MEDIATED_NEUROPROTECTION,prerank,0.3411595443600204,1.082060161447932,0.33408071748878926,0.4616185556530029,1.0,5_41,5/41,7.07%,RELA;NFKBIA;NOS3;TSPO;BCL2,RELA;NFKBIA;NOS3;TSPO;BCL2;PPID;BAD;NFKB1;TNF;CAMK2B;IL1B;GRIN1;NPR1;PDE2A;CASP9;CAMK2G;GRIN2C;NPPB;NPPA;DLG4;CAMK2A;GRIN2D;CNGB3;CREB1;GUCY1A2;XIAP;CNGA4;NOS2;CNGB1;CYCS;CNGA3;PDE3A;GRIN2A;CAMK2D;PRKG2;CALM1;CNGA1;NOS1;AKAP9;GRIN2B;ACTN2,"[68, 132, 335, 780, 1238, 2108, 2388, 2835, 3515, 4493, 4629, 4890, 5045, 5434, 6429, 6774, 7345, 7489, 8110, 8524, 8596, 8633, 9814, 10478, 11029, 11034, 11298, 11576, 11893, 11932, 12547, 13044, 13106, 13938, 14050, 14779, 15243, 15846, 16195, 16281, 17020]",c2.cp.wikipathways__WP_NOCGMPPKG_MEDIATED_NEUROPROTECTION
c2.cp.wikipathways,WP_MIRTARGETED_GENES_IN_ADIPOCYTES,prerank,0.4205419455184217,1.0825882263598317,0.35053763440860214,0.46173400373322376,1.0,7_16,7/16,25.67%,CEBPB;SRSF9;CYP1B1;TGFBR2;TMEM43;CSRP1;IGF2R,CEBPB;SRSF9;CYP1B1;TGFBR2;TMEM43;CSRP1;IGF2R;PHC2;HIPK3;TMED10;SRSF10;LPL;ELOVL5;CAP1;PICALM;FADS1,"[311, 1920, 2464, 2773, 3093, 4051, 4495, 5852, 6237, 7736, 8142, 8940, 10117, 10635, 13967, 16481]",c2.cp.wikipathways__WP_MIRTARGETED_GENES_IN_ADIPOCYTES
c2.cp.wikipathways,WP_HSPB3,prerank,0.43667165273814396,1.0830035832426081,0.36213991769547327,0.46213174413866687,1.0,4_14,4/14,16.22%,HSPB2;DMPK;HP1BP3;ACTA1,HSPB2;DMPK;HP1BP3;ACTA1;NOTCH3;MYOD1;LMNA;CBX5;LBR;LMNB1;MEF2C;HSPB3;MYOG;DES,"[298, 529, 2328, 2840, 3857, 4524, 5411, 7506, 8625, 10489, 12683, 13096, 13675, 15563]",c2.cp.wikipathways__WP_HSPB3
c2.cp.wikipathways,WP_CONTROL_OF_IMMUNE_TOLERANCE_BY_VASOACTIVE_INTESTINAL_PEPTIDE,prerank,0.4675065088384367,1.0794955737375003,0.37420718816067655,0.46269812958792483,1.0,3_11,3/11,17.78%,TGFB1;CD86;CD80,TGFB1;CD86;CD80;IL10;IL4;CTLA4;FAS;CD28;IL12A;VIP;IL5,"[386, 1574, 3114, 6941, 8442, 8921, 9493, 9793, 10432, 12940, 15390]",c2.cp.wikipathways__WP_CONTROL_OF_IMMUNE_TOLERANCE_BY_VASOACTIVE_INTESTINAL_PEPTIDE
c2.cp.wikipathways,WP_PI3KAKTMTOR_SIGNALING_AND_THERAPEUTIC_OPPORTUNITIES_IN_PROSTATE_CANCER,prerank,0.35891782224298574,1.0796887588152173,0.3367768595041322,0.46348608697435895,1.0,9_32,9/32,19.13%,NOS3;PIK3R2;EIF4EBP1;FOXO4;BAD;ULK1;MAPKAP1;AKT1;FOXO1,NOS3;PIK3R2;EIF4EBP1;FOXO4;BAD;ULK1;MAPKAP1;AKT1;FOXO1;HRAS;TFEB;MLST8;PIK3CG;PIK3R3;PIK3CA;RPTOR;GRB10;CDKN1B;TSC2;FOXO3;RHEB;RB1CC1;PTEN;ATG13;RICTOR;MTOR;PIK3CB;KRAS;PIK3R1;GSK3B;PDK1;NRAS,"[335, 350, 455, 1318, 2388, 2735, 2995, 3267, 3351, 3976, 4229, 5180, 6453, 6862, 7105, 7231, 7360, 7452, 7998, 8003, 8835, 8973, 10528, 10774, 12747, 13065, 13676, 13814, 14526, 15613, 16370, 16714]",c2.cp.wikipathways__WP_PI3KAKTMTOR_SIGNALING_AND_THERAPEUTIC_OPPORTUNITIES_IN_PROSTATE_CANCER
c2.cp.wikipathways,WP_BONE_MORPHOGENIC_PROTEIN_SIGNALING_AND_REGULATION,prerank,0.4509589299872927,1.0762499065416495,0.3630831643002028,0.4662531018916919,1.0,6_12,6/12,23.73%,NOG;TOB2;SMAD4;SMAD6;BMPR1B;TOB1,NOG;TOB2;SMAD4;SMAD6;BMPR1B;TOB1;BMPR1A;RUNX2;SMAD1;BMPR2;BMP2;SMURF1,"[1901, 2122, 2618, 3626, 4114, 4156, 6579, 6841, 7143, 10005, 10854, 15731]",c2.cp.wikipathways__WP_BONE_MORPHOGENIC_PROTEIN_SIGNALING_AND_REGULATION
c2.cp.wikipathways,WP_AFFECTED_PATHWAYS_IN_DUCHENNE_MUSCULAR_DYSTROPHY,prerank,0.31197301313677017,1.0763462875950418,0.3086680761099366,0.46727928675357716,1.0,5_65,5/65,2.21%,MMP9;NFKBIA;ITPR3;GLI1;TGFB1,MMP9;NFKBIA;ITPR3;GLI1;TGFB1;ORAI1;IL6;SMAD4;TGFBR2;CASQ1;NFKB1;TNF;TRDN;RYR1;SERPINE1;AGTR1;IL1B;PLAU;ATP2A1;DTNA;TGFBR1;TNNI1;SMAD3;DAG1;SMAD2;SPP1;CASP9;CYBB;CACNA1F;IL10;FKBP1A;STIM1;SNTB1;MCU;CACNB2;PLA2G4A;ELANE;CACNB1;VDAC1;DMD;PRKAA2;ITPR2;NOS2;MMP2;CAPN3;HSPA9;MPO;IL1A;TRPC6;SSPN;SGCA;PPIF;SLC25A5;CAMK2D;SIGMAR1;TRPC3;NOX4;CACNA1S;CACNG1;CACNA2D1;SLN;ITPR1;TOMM20;TRPC1;PRKAA1,"[27, 132, 175, 369, 386, 1523, 2121, 2618, 2773, 2821, 2835, 3515, 3653, 3704, 4011, 4464, 4629, 5250, 5412, 5512, 5624, 5703, 5844, 5871, 6205, 6253, 6429, 6563, 6765, 6941, 7100, 7253, 8201, 8992, 8997, 9214, 9713, 9757, 9800, 10392, 11483, 11545, 11576, 11784, 12174, 12206, 12599, 12614, 12932, 13061, 13343, 13578, 13855, 13938, 14235, 14429, 14437, 14515, 14607, 14753, 15144, 15616, 15815, 17384, 17412]",c2.cp.wikipathways__WP_AFFECTED_PATHWAYS_IN_DUCHENNE_MUSCULAR_DYSTROPHY
c2.cp.wikipathways,WP_FGF23_SIGNALING_IN_HYPOPHOSPHATEMIC_RICKETS_AND_RELATED_DISORDERS,prerank,0.4069056141777485,1.074159659480758,0.34913793103448276,0.46786531884609944,1.0,3_18,3/18,9.79%,NFKB2;ORAI1;CDKN1A,NFKB2;ORAI1;CDKN1A;NFKB1;CYP27B1;FGFR3;FAM20C;ENPP1;PHEX;SPP1;ALPL;ROS1;FGFR2;SLC34A3;KL;CCND1;GALNT3;CYP24A1,"[56, 1523, 1714, 2835, 3820, 4371, 5409, 5903, 6023, 6253, 7488, 10040, 11001, 11566, 13092, 13673, 13789, 15989]",c2.cp.wikipathways__WP_FGF23_SIGNALING_IN_HYPOPHOSPHATEMIC_RICKETS_AND_RELATED_DISORDERS
c2.cp.wikipathways,WP_MAMMALIAN_DISORDER_OF_SEXUAL_DEVELOPMENT,prerank,0.402706810288007,1.0742197063192704,0.3802197802197802,0.46895833191738423,1.0,9_21,9/21,20.80%,CBX2;EMX2;FOXL2;SOX9;MAPK11;INSL3;PTGDS;AMH;WNT4,CBX2;EMX2;FOXL2;SOX9;MAPK11;INSL3;PTGDS;AMH;WNT4;SOX8;FST;NR5A1;WT1;DHH;FGFR2;FGF9;RSPO1;RBFOX2;PBX1;CTNNB1;SRD5A1,"[414, 543, 1699, 2005, 2344, 2805, 2819, 3211, 3643, 7323, 7467, 7472, 9281, 9746, 11001, 12107, 12551, 14946, 15130, 16018, 16476]",c2.cp.wikipathways__WP_MAMMALIAN_DISORDER_OF_SEXUAL_DEVELOPMENT
c2.cp.wikipathways,WP_GDNFRET_SIGNALING_AXIS,prerank,-0.4485406616638038,-1.276998382447334,0.1524163568773234,0.470794540147407,1.0,7_26,7/26,9.45%,LHX1;IFT27;ROBO1;GREM1;SOX11;CTNNB1;ROBO2,SIX2;BMP4;FOXC1;GATA3;SPRY1;GLI3;FOXC2;SALL1;SOX17;WT1;EYA1;RET;GFRA1;PAX2;FAT4;GDNF;ALDH1A2;HNF1B;SLIT2;ROBO2;CTNNB1;SOX11;GREM1;ROBO1;IFT27;LHX1,"[474, 730, 1187, 2530, 2949, 2987, 3060, 5206, 7508, 9281, 9505, 10215, 10430, 11698, 11975, 12063, 12901, 13408, 14538, 15863, 16018, 16271, 16612, 17060, 17168, 17510]",c2.cp.wikipathways__WP_GDNFRET_SIGNALING_AXIS
c2.cp.wikipathways,WP_TRANSCRIPTIONAL_ACTIVATION_BY_NRF2_IN_RESPONSE_TO_PHYTOCHEMICALS,prerank,0.4214183822680198,1.0706160364606003,0.3901869158878505,0.4737185209959757,1.0,6_14,6/14,15.33%,CEBPB;HMOX1;MAF;KEAP1;NQO1;NFE2L2,CEBPB;HMOX1;MAF;KEAP1;NQO1;NFE2L2;SLC7A11;PIK3CA;GCLM;PRKCA;EPHB2;GCLC;MAPK8;AIMP2,"[311, 693, 1021, 1924, 2676, 2684, 4658, 7105, 9357, 10873, 14005, 15915, 16304, 17042]",c2.cp.wikipathways__WP_TRANSCRIPTIONAL_ACTIVATION_BY_NRF2_IN_RESPONSE_TO_PHYTOCHEMICALS
c2.cp.wikipathways,WP_ENDOTHELIN_PATHWAYS,prerank,0.36474109517998166,1.0689540753612452,0.36853002070393376,0.4758085525332685,1.0,4_31,4/31,5.55%,RAMP1;NOS3;ADCY10;ECE1,RAMP1;NOS3;ADCY10;ECE1;CALCA;RAF1;NPY1R;GNA15;GNAS;ADRB1;EDN1;EDNRB;MAP2K1;PTGIR;CALCRL;CAD;MT-CO2;GNG13;ADRA1A;EDNRA;GNB5;PRKCA;NPY;MAPK1;CNN1;MYLK;CALM1;PLCB1;ATP2A2;RIIAD1;GNAI1,"[260, 335, 372, 972, 2750, 3033, 3215, 4188, 4729, 4776, 5566, 5580, 5701, 6622, 6921, 7457, 7791, 8244, 9503, 9524, 10609, 10873, 12769, 12772, 14675, 14708, 14779, 14865, 15339, 15474, 15942]",c2.cp.wikipathways__WP_ENDOTHELIN_PATHWAYS
c2.cp.wikipathways,WP_OREXIN_RECEPTOR_PATHWAY,prerank,0.2626607208509304,1.0666766420094318,0.2678185745140389,0.4776318545434643,1.0,51_181,51/181,19.32%,MAFF;NOS3;PIK3R2;MANF;EIF4EBP1;FLT4;GNRH1;GLIS2;PRDM16;GLIS1;IRF5;CYP21A2;MAPK3;BGLAP;MYC;ARRB2;RUNX1;ID3;VEGFA;PLCD1;GADD45B;CDKN1A;HSPA5;HAGHL;HCRT;ICAM1;NOG;SLC2A4;BMP7;FOSL2;MAP2K2;FMR1NB;IL6;POMC;IL9;LHB;PRKD1;NFE2L2;CALCA;RRAGC;KLF4;DOK7;FOS;SERP1;OPRK1;STAT3;SLC2A1;YARS2;PPARG;FOXO1;HES1,MAFF;NOS3;PIK3R2;MANF;EIF4EBP1;FLT4;GNRH1;GLIS2;PRDM16;GLIS1;IRF5;CYP21A2;MAPK3;BGLAP;MYC;ARRB2;RUNX1;ID3;VEGFA;PLCD1;GADD45B;CDKN1A;HSPA5;HAGHL;HCRT;ICAM1;NOG;SLC2A4;BMP7;FOSL2;MAP2K2;FMR1NB;IL6;POMC;IL9;LHB;PRKD1;NFE2L2;CALCA;RRAGC;KLF4;DOK7;FOS;SERP1;OPRK1;STAT3;SLC2A1;YARS2;PPARG;FOXO1;HES1;TNF;MAPK7;ZMYM3;RPS6;CLDN4;RRM2;SGK1;IL1B;BHLHE40;HMGA1;GNAS;LDLR;GRIN1;DYNLT1;RARA;CEBPA;RPS6KA1;SRF;ID4;HMGA2;TH;CXCL2;BTF3;MAP2K1;GNA11;DDX52;ID1;CCK;SMAD5;SPP1;TRA2A;CASP9;HSD3B2;JUNB;BMPR1A;RUNX2;COX7A1;IL10;SMAD1;MAPK14;DBP;FOSB;GRIA1;LAMA2;HIF1A;RPS6KB1;TOX;JARID2;SKIL;IL4;GHRL;LUZP1;LPL;RUNX1T1;LDHA;PRKCD;LIPE;DAGLA;DIO2;KCNK3;STAR;CREB1;PAPPA;CYP11A1;NR4A1;GNAQ;PRKCA;PDPK1;PPOX;HCRTR2;SLC1A2;SELE;AVP;PER2;LRRC8C;VCAM1;EIF4B;PDP1;TFAM;HBEGF;GJA3;NPY;MAPK1;CASP3;MTOR;PRKCZ;GRIN2A;NPFFR1;NR4A3;VHL;PLD1;OPN3;HOMER1;PRKCE;GRIA2;DCLK1;OSBPL3;ARRB1;CXXC5;NOX4;PIK3R1;KLF10;PRKCB;MAPK9;CAMKK2;DYNLT3;NPAS4;EGR3;HCRTR1;EGR1;SP7;PDHB;GNAI1;PTPN11;GRIN2B;MAPK8;PDK1;CHML;TNC;ARC;CRH;NSMAF;TRIM9;ZFP28;EGR2;PDE11A;OPA1;DUSP4;PRKAA1;MMP3,"[26, 335, 350, 427, 455, 525, 653, 867, 944, 950, 1040, 1077, 1114, 1231, 1232, 1250, 1384, 1413, 1439, 1474, 1626, 1714, 1765, 1819, 1821, 1872, 1901, 1904, 2039, 2063, 2104, 2119, 2121, 2238, 2276, 2383, 2628, 2684, 2750, 2755, 2806, 2853, 2889, 2908, 3014, 3143, 3156, 3218, 3284, 3351, 3383, 3515, 3561, 3627, 3757, 4357, 4435, 4545, 4629, 4717, 4727, 4729, 4749, 4890, 4939, 5072, 5110, 5141, 5159, 5301, 5446, 5573, 5578, 5589, 5701, 5737, 5919, 6042, 6217, 6234, 6253, 6279, 6429, 6446, 6511, 6579, 6841, 6873, 6941, 7143, 7304, 7836, 7855, 8002, 8158, 8234, 8326, 8367, 8370, 8425, 8442, 8489, 8936, 8940, 9029, 9549, 9580, 9728, 9796, 9847, 10181, 10420, 10478, 10492, 10566, 10627, 10758, 10873, 10975, 11154, 11168, 11209, 11222, 11326, 11506, 11589, 11751, 11807, 12090, 12226, 12285, 12649, 12769, 12772, 12945, 13065, 13086, 13106, 13327, 13351, 13393, 13456, 13548, 13602, 13636, 13642, 13966, 14045, 14181, 14281, 14437, 14526, 14531, 14648, 14702, 14750, 14756, 15157, 15206, 15370, 15627, 15881, 15926, 15942, 16007, 16281, 16304, 16370, 16377, 16400, 16423, 16441, 16460, 16617, 16932, 16961, 17176, 17236, 17396, 17412, 17427]",c2.cp.wikipathways__WP_OREXIN_RECEPTOR_PATHWAY
c2.cp.wikipathways,WP_RUBINSTEINTAYBI_SYNDROME_1,prerank,0.4233880203329432,1.0654104274109326,0.36122448979591837,0.47765381337225604,1.0,8_14,8/14,23.98%,CREBBP;MAFG;FBL;SMAD4;ALX1;FOXO1;IRF2;NPAS2,CREBBP;MAFG;FBL;SMAD4;ALX1;FOXO1;IRF2;NPAS2;PCNA;NCOA3;CREB1;POLR1E;DDX21;CLOCK,"[1980, 2367, 2514, 2618, 3345, 3351, 4161, 4199, 6282, 9917, 10478, 12972, 13964, 15146]",c2.cp.wikipathways__WP_RUBINSTEINTAYBI_SYNDROME_1
c2.cp.wikipathways,WP_POLYCYSTIC_KIDNEY_DISEASE_PATHWAY,prerank,0.2974849147052201,1.0672422573972302,0.3139784946236559,0.4779037216675162,1.0,22_83,22/83,16.50%,FZD9;FZD8;IGF1R;WNT6;FZD2;STK11;DVL1;MAPK3;MYC;FZD4;WNT5B;VEGFB;FLT1;DVL2;FZD1;MAP2K2;SRC;IKBKB;DVL3;ERBB2;JUN;FOS,FZD9;FZD8;IGF1R;WNT6;FZD2;STK11;DVL1;MAPK3;MYC;FZD4;WNT5B;VEGFB;FLT1;DVL2;FZD1;MAP2K2;SRC;IKBKB;DVL3;ERBB2;JUN;FOS;GNAI3;WNT3;TNF;WNT4;GNAI2;WNT7A;HRAS;EGF;KCNN4;GNAS;RPS6KA1;PRKAG3;WNT10A;FZD5;WNT7B;GNA11;WNT9A;WNT16;WNT9B;WNT11;ADCY6;FZD10;FZD7;SSTR2;PKD1;PLCG2;TSC2;WNT10B;PRKAG2;RHEB;WNT5A;WNT2;KDR;GNAQ;WNT2B;PRKAA2;FZD3;WNT8A;AVPR2;FZD6;PDE1A;MTOR;WNT8B;PRKAB1;CCND1;PRKAB2;KRAS;TSC1;WNT1;SLC12A2;IGF1;GSK3B;GNAI1;CTNNB1;PKD2;SFRP4;PRKAG1;NRAS;CFTR;BRAF;PRKAA1,"[83, 225, 486, 579, 841, 977, 1089, 1114, 1232, 1368, 1392, 1509, 1534, 1798, 1987, 2104, 2278, 2341, 2492, 2593, 2824, 2889, 3127, 3325, 3515, 3643, 3746, 3834, 3976, 4444, 4563, 4729, 5141, 5219, 5355, 5568, 5668, 5737, 5748, 5824, 6089, 6105, 6958, 7367, 7442, 7729, 7769, 7982, 7998, 8235, 8791, 8835, 8910, 9348, 10163, 10758, 10827, 11483, 12043, 12291, 12620, 12762, 12942, 13065, 13192, 13247, 13673, 13709, 13814, 14195, 14329, 15054, 15473, 15613, 15942, 16018, 16348, 16403, 16705, 16714, 17252, 17259, 17412]",c2.cp.wikipathways__WP_POLYCYSTIC_KIDNEY_DISEASE_PATHWAY
c2.cp.wikipathways,WP_VITAMIN_A_AND_CAROTENOID_METABOLISM,prerank,0.34039592148597947,1.0656477579224448,0.3248407643312102,0.47843221757503374,1.0,8_38,8/38,9.77%,NPC1L1;DHRS3;CRABP1;RXRA;RARG;RDH5;CRABP2;DGAT1,NPC1L1;DHRS3;CRABP1;RXRA;RARG;RDH5;CRABP2;DGAT1;SCARB1;RDH10;RXRG;BCO2;RDH12;RARA;SULT2B1;SDR16C5;ABCG8;RLBP1;CYP26A1;LPL;SULT1A1;RBP4;RXRB;RARB;CYP26B1;ABCG5;RETSAT;MAPK1;ALDH1A2;LRAT;RBP7;CYP2E1;RBP2;RBP1;ALDH1A3;RPE65;CD36;ALDH1A1,"[30, 406, 550, 710, 1258, 1485, 1490, 1710, 2430, 3188, 3602, 4707, 4770, 5072, 5450, 5833, 5875, 6476, 8895, 8940, 9159, 9547, 9818, 10395, 11581, 12511, 12655, 12772, 12901, 12966, 13418, 14038, 14407, 15663, 16272, 17113, 17434, 17443]",c2.cp.wikipathways__WP_VITAMIN_A_AND_CAROTENOID_METABOLISM
c2.cp.wikipathways,WP_RAS_AND_BRADYKININ_PATHWAYS_IN_COVID19,prerank,0.36477021729152526,1.0641952778369885,0.3448979591836735,0.4789161916032094,1.0,13_27,13/27,28.80%,KLK1;NOS3;KLKB1;CYP3A4;NFKB1;SERPING1;TNF;SERPINE1;F12;AGTR1;IL1B;VDR;NPR1,KLK1;NOS3;KLKB1;CYP3A4;NFKB1;SERPING1;TNF;SERPINE1;F12;AGTR1;IL1B;VDR;NPR1;AGT;ROCK1;PRKG1;RHOA;KNG1;BDKRB1;ACE;ACE2;IL1A;MAPK1;BDKRB2;REN;NOS1;CYP24A1,"[142, 335, 1027, 2099, 2835, 3289, 3515, 4011, 4449, 4464, 4629, 4946, 5045, 5734, 6585, 7044, 7817, 8499, 8507, 8966, 12402, 12614, 12772, 14242, 15761, 15846, 15989]",c2.cp.wikipathways__WP_RAS_AND_BRADYKININ_PATHWAYS_IN_COVID19
c2.cp.wikipathways,WP_RETT_SYNDROME,prerank,-0.39450063306920097,-1.269083077212995,0.11854684512428298,0.4831421538925132,1.0,6_48,6/48,8.47%,CDKL5;SCN8A;BRAF;HIVEP2;GRIN2B;TBL1XR1,GPS2;HDAC1;CRK;TBL1X;HAP1;HDAC8;SMARCA1;KCNJ10;NCOR2;HDAC5;FOXG1;EIF2B2;ACTL6B;SYNE2;XAB2;SHANK3;SYNGAP1;GNAO1;CHD4;KDM5B;SRRM3;SATB2;GABRA3;IMPDH2;GABRD;TCF4;MECP2;RHOBTB2;SCN1A;STXBP1;TRRAP;GABBR2;SMC1A;HTT;SMARCA4;MEF2C;NCOR1;GRIN2A;SMARCA2;TAF1B;SCN2A;CECR2;TBL1XR1;GRIN2B;HIVEP2;BRAF;SCN8A;CDKL5,"[758, 2268, 2270, 2589, 3007, 3224, 3650, 3827, 4578, 4646, 4648, 4808, 5154, 5857, 6275, 6413, 6758, 6775, 6811, 7138, 7257, 8399, 8974, 9186, 9581, 9842, 10143, 10406, 10708, 10837, 10855, 11031, 11281, 11996, 12442, 12683, 12807, 13106, 13818, 14402, 14513, 15111, 16035, 16281, 17099, 17259, 17340, 17515]",c2.cp.wikipathways__WP_RETT_SYNDROME
c2.cp.wikipathways,WP_RETINOL_METABOLISM,prerank,-0.5145448283907401,-1.2348368304365294,0.21787709497206703,0.5000418812949824,1.0,4_14,4/14,11.13%,ALDH1A1;RPE65;CYP2A6;CYP3A7,DHRS4;CYP2W1;DHRS9;RDH12;CYP1A1;SDR16C5;RDH13;AOX1;PNPLA4;LRAT;CYP3A7;CYP2A6;RPE65;ALDH1A1,"[614, 3534, 4302, 4770, 5385, 5833, 6259, 6337, 12345, 12966, 15570, 16405, 17113, 17443]",c2.cp.wikipathways__WP_RETINOL_METABOLISM
c2.cp.wikipathways,WP_GPCRS_CLASS_C_METABOTROPIC_GLUTAMATE_PHEROMONE,prerank,-0.5116958447583746,-1.2404348412435342,0.2048417132216015,0.5006861890773088,1.0,3_14,3/14,5.61%,GRM4;GRM5;GRM3,GPRC5A;GRM6;GPRC5B;GRM2;GPRC5C;GPRC5D;GRM1;GRM7;GRM8;GABBR2;GABBR1;GRM3;GRM5;GRM4,"[941, 1936, 7106, 7486, 7539, 8967, 10008, 10449, 10745, 11031, 11903, 16537, 16741, 16981]",c2.cp.wikipathways__WP_GPCRS_CLASS_C_METABOTROPIC_GLUTAMATE_PHEROMONE
c2.cp.wikipathways,WP_KISSPEPTINKISSPEPTIN_RECEPTOR_SYSTEM_IN_THE_OVARY,prerank,0.33536658440023814,1.0510100898301866,0.362,0.503591416233889,1.0,11_38,11/38,18.66%,MMP9;PLCB3;PIK3CD;MAPK3;ARRB2;MAP2K2;NFKB1;PLCB2;RAF1;AMH;AKT1,MMP9;PLCB3;PIK3CD;MAPK3;ARRB2;MAP2K2;NFKB1;PLCB2;RAF1;AMH;AKT1;AKT2;HRAS;HSD3B1;KISS1R;MAP2K1;PRKCH;PIK3CG;PIK3CA;PRKCD;PRKCG;KISS1;STAR;CYP11A1;PRKCA;FSHR;GDF9;MAPK1;PRKCE;PIK3CB;KRAS;ARRB1;PRKCB;PLCB1;PLCB4;PDK1;PRKCQ;NRAS,"[27, 441, 790, 1114, 1250, 2104, 2835, 2865, 3033, 3211, 3267, 3956, 3976, 5378, 5517, 5701, 6300, 6453, 7105, 9580, 9622, 9673, 10420, 10566, 10873, 11912, 12163, 12772, 13636, 13676, 13814, 14181, 14648, 14865, 15159, 16370, 16535, 16714]",c2.cp.wikipathways__WP_KISSPEPTINKISSPEPTIN_RECEPTOR_SYSTEM_IN_THE_OVARY
c2.cp.wikipathways,WP_JOUBERT_SYNDROME,prerank,-0.34612029284082063,-1.2358708987591547,0.10721247563352826,0.5053077449531542,1.0,21_73,21/73,15.35%,TMEM231;ARR3;TMEM138;BBS4;INVS;RAD50;RPGRIP1L;CEP41;AHI1;PDE6D;BBS7;TMEM67;MYO5A;TTC8;BBS5;B9D1;CEP120;TMEM17;PIBF1;TCTN3;RAB3IP,ATF4;UNC119;TMEM216;INPP5E;B9D2;PDE6G;DVL1;SUFU;ZNF423;DVL3;ARL2;PDE6A;CCP110;SHH;BBS2;NPHP1;ARL3;BBS9;ARMC9;RAB8A;TCTN2;FLNA;NPHP4;RHOA;BBS1;ANKS6;RP2;RHEB;CEP164;PARP1;CETN2;OFD1;KAT5;CSPP1;PDE6B;NEK8;PCNT;CEP104;NIN;ATM;CEP290;TMEM237;CEP97;CC2D2A;MYO6;MKS1;MTOR;TCTN1;NPHP3;PCM1;ARL13B;KIAA0586;RAB3IP;TCTN3;PIBF1;TMEM17;CEP120;B9D1;BBS5;TTC8;MYO5A;TMEM67;BBS7;PDE6D;AHI1;CEP41;RPGRIP1L;RAD50;INVS;BBS4;TMEM138;ARR3;TMEM231,"[381, 413, 505, 557, 651, 933, 1089, 1875, 1993, 2492, 2537, 5036, 5494, 5805, 5842, 6080, 6378, 6638, 6848, 6908, 6974, 7192, 7757, 7817, 7968, 8025, 8063, 8835, 9089, 9697, 9720, 10126, 10458, 10480, 10548, 10565, 10697, 10927, 10983, 11270, 11485, 11825, 12093, 12145, 12363, 12780, 13065, 13173, 13187, 13706, 13999, 14502, 14830, 15059, 15139, 15343, 15347, 15361, 15453, 15461, 15545, 15575, 15589, 15736, 15771, 15828, 16050, 16167, 16391, 16874, 16914, 16993, 17229]",c2.cp.wikipathways__WP_JOUBERT_SYNDROME
c2.cp.wikipathways,WP_FRAGILE_X_SYNDROME,prerank,-0.3255454940774926,-1.2415512713101908,0.06679389312977099,0.5060849522682167,1.0,37_119,37/119,23.33%,NF1;BDNF;BRAF;AKAP5;CAMK4;EIF4E;GRM5;PRKAR1A;ARC;PDK1;SLC6A1;GRIN2B;PTPN11;GAD1;CLTC;MAP1B;APP;ITPR1;GPHN;FMR1;ALDH5A1;PLCB1;DICER1;ABCD3;TSC1;SH3GL3;DEPTOR;KCND2;GABRB2;AP2B1;KRAS;AGO2;PIK3CB;GRIA2;HOMER1;GABRA1;GABRG2,MMP9;EPS8L1;PLCG1;PICK1;FYN;AKT1S1;TECR;AP2S1;MAP2K2;SRC;CLTB;RAF1;AKT1;SH3GL1;CDKN2A;ARAF;CAMK2B;SLC16A1;SHC1;CYFIP1;CPT1A;GRIN1;CLTA;MLST8;MAP2K1;SOS1;DAG1;AP2M1;ALDH3A2;EIF4G1;EIF4EBP2;GAB1;MKNK1;SYNGAP1;DNM2;CAMK1;AP2A1;TELO2;EIF4A1;PPP1CA;RAP1GAP;RPTOR;NTRK2;EEF1A1;TARBP2;TSC2;GRIA1;DNM1;KCNC1;RPS6KB1;DLG4;CAMK2A;GRIP1;RHEB;PRKACA;GABRD;ABAT;GRM1;CLTCL1;MECP2;EPHA4;CREB1;PTEN;TBC1D7;PTPN5;DLGAP3;PRKCA;PPP2R5B;PPP3CA;GRB2;MAP1LC3B;SHANK1;DUSP3;AGAP2;TTI1;CYFIP2;HCN1;MAPK1;CNR1;MTOR;GRIN2A;ARHGAP32;GABRG2;GABRA1;HOMER1;GRIA2;PIK3CB;AGO2;KRAS;AP2B1;GABRB2;KCND2;DEPTOR;SH3GL3;TSC1;ABCD3;DICER1;PLCB1;ALDH5A1;FMR1;GPHN;ITPR1;APP;MAP1B;CLTC;GAD1;PTPN11;GRIN2B;SLC6A1;PDK1;ARC;PRKAR1A;GRM5;EIF4E;CAMK4;AKAP5;BRAF;BDNF;NF1,"[27, 248, 405, 909, 1046, 1340, 1425, 1749, 2104, 2278, 2398, 3033, 3267, 3490, 3605, 3967, 4493, 4611, 4654, 4757, 4767, 4890, 5058, 5180, 5701, 5826, 5871, 5915, 6051, 6233, 6420, 6503, 6710, 6758, 6861, 6902, 6922, 6935, 7033, 7117, 7118, 7231, 7280, 7703, 7771, 7998, 8002, 8266, 8302, 8326, 8524, 8596, 8810, 8835, 9427, 9581, 9642, 10008, 10041, 10143, 10180, 10478, 10528, 10556, 10768, 10809, 10873, 11118, 11156, 11405, 11789, 11951, 11967, 12200, 12297, 12542, 12716, 12772, 12824, 13065, 13106, 13272, 13432, 13541, 13602, 13642, 13676, 13727, 13814, 13857, 13883, 13920, 13996, 14062, 14195, 14482, 14768, 14865, 14947, 15036, 15320, 15616, 15665, 15803, 15879, 16002, 16007, 16281, 16284, 16370, 16423, 16685, 16741, 16760, 16852, 17253, 17259, 17360, 17391]",c2.cp.wikipathways__WP_FRAGILE_X_SYNDROME
c2.cp.wikipathways,WP_S1P_RECEPTOR_SIGNAL_TRANSDUCTION,prerank,0.3613251893982123,1.04804034244392,0.3663157894736842,0.508192211411438,1.0,13_25,13/25,22.59%,PLCB3;MAPK3;S1PR3;S1PR1;SMPD2;PLCB2;MAPK12;GNAI3;AKT1;MAPK7;SPHK1;GNAI2;AKT2,PLCB3;MAPK3;S1PR3;S1PR1;SMPD2;PLCB2;MAPK12;GNAI3;AKT1;MAPK7;SPHK1;GNAI2;AKT2;SPHK2;MAPK4;S1PR2;RACGAP1;S1PR5;PIK3C2B;MAPK1;ASAH1;PLCB1;AKT3;GNAI1;MAPK6,"[441, 1114, 1504, 2528, 2796, 2865, 2998, 3127, 3267, 3561, 3596, 3746, 3956, 4366, 4801, 8145, 9612, 11247, 12233, 12772, 14148, 14865, 14998, 15942, 16768]",c2.cp.wikipathways__WP_S1P_RECEPTOR_SIGNAL_TRANSDUCTION
c2.cp.wikipathways,WP_CELLS_AND_MOLECULES_INVOLVED_IN_LOCAL_ACUTE_INFLAMMATORY_RESPONSE,prerank,0.4119417342581313,1.0471708268625632,0.3877551020408163,0.5086880360992848,1.0,7_16,7/16,15.62%,ITGB2;C3;C7;ICAM1;IL6;SELPLG;ITGAL,ITGB2;C3;C7;ICAM1;IL6;SELPLG;ITGAL;TNF;KNG1;ITGB1;VCAM1;IL1A;C6;SELP;ITGA4;C5,"[902, 1102, 1107, 1872, 2121, 2361, 2736, 3515, 8499, 11311, 11751, 12614, 13010, 13476, 15698, 17107]",c2.cp.wikipathways__WP_CELLS_AND_MOLECULES_INVOLVED_IN_LOCAL_ACUTE_INFLAMMATORY_RESPONSE
c2.cp.wikipathways,WP_DOPAMINERGIC_NEUROGENESIS,prerank,0.3608379047167458,1.0456826766742442,0.3991507430997877,0.5103330624520696,1.0,9_25,9/25,17.95%,MSX1;GLI1;TGFB1;GLI2;SOX2;ASCL1;NKX6-1;SLC6A3;STAT3,MSX1;GLI1;TGFB1;GLI2;SOX2;ASCL1;NKX6-1;SLC6A3;STAT3;EN1;FGF8;TH;SHH;NKX2-2;NR4A2;CDKN1C;NEUROG2;RET;SLC18A2;DDC;WNT1;NEUROD1;GBX2;EN2;ALDH1A1,"[231, 369, 386, 1477, 1488, 2116, 2679, 2789, 3143, 5068, 5132, 5573, 5805, 6510, 6629, 8377, 9112, 10215, 11517, 13144, 14329, 14937, 16648, 17046, 17443]",c2.cp.wikipathways__WP_DOPAMINERGIC_NEUROGENESIS
c2.cp.wikipathways,WP_MALE_STEROID_HORMONES_IN_CARDIOMYOCYTE_ENERGY_METABOLISM,prerank,-0.558646986008188,-1.2430161672148303,0.1919191919191919,0.5104615851547967,1.0,2_10,2/10,5.95%,CYP17A1;SRD5A1,AKR1C3;HSD3B1;HSD17B14;HSD3B2;SULT1A1;CYP11A1;HSD17B3;CYP19A1;SRD5A1;CYP17A1,"[2427, 5378, 6358, 6446, 9159, 10566, 11815, 13478, 16476, 17326]",c2.cp.wikipathways__WP_MALE_STEROID_HORMONES_IN_CARDIOMYOCYTE_ENERGY_METABOLISM
c2.cp.wikipathways,WP_CLASSICAL_PATHWAY_OF_STEROIDOGENESIS_WITH_GLUCOCORTICOID_AND_MINERALOCORTICOID_METABOLISM,prerank,0.43572793856269476,1.0425849946096712,0.4170124481327801,0.5117330110301092,1.0,3_13,3/13,6.47%,HSD11B2;CYP21A2;POR,HSD11B2;CYP21A2;POR;HSD3B1;HSD3B2;H6PD;STAR;CYP11A1;HSD11B1;HSD17B3;CYP19A1;CYB5A;CYP17A1,"[242, 1077, 1133, 5378, 6446, 9299, 10420, 10566, 10667, 11815, 13478, 14760, 17326]",c2.cp.wikipathways__WP_CLASSICAL_PATHWAY_OF_STEROIDOGENESIS_WITH_GLUCOCORTICOID_AND_MINERALOCORTICOID_METABOLISM
c2.cp.wikipathways,WP_FATTY_ACID_BETAOXIDATION,prerank,0.3461317482901107,1.0416799053389718,0.38031319910514544,0.5122586645365357,1.0,6_32,6/32,14.32%,PNPLA2;CPT1B;ACADVL;CHKB;ACSL5;ECI1,PNPLA2;CPT1B;ACADVL;CHKB;ACSL5;ECI1;SLC25A20;ECHS1;CRAT;CPT1A;GCDH;ACADS;TPI1;GPD2;ACADL;HADHB;ACSS2;DECR1;ACSL1;ACAT1;LPL;HADH;LIPE;HADHA;ACADM;ACSL3;ACSL6;LIPC;DLD;CPT2;GK;ACSL4,"[241, 322, 411, 1696, 2243, 2507, 3894, 3946, 4092, 4767, 6076, 6663, 7010, 7017, 7064, 7160, 7724, 8208, 8884, 8886, 8940, 9255, 9728, 11235, 13487, 13614, 13889, 14941, 15272, 15472, 15601, 16680]",c2.cp.wikipathways__WP_FATTY_ACID_BETAOXIDATION
c2.cp.wikipathways,WP_EFFECT_OF_PROGERIN_ON_GENES_INVOLVED_IN_PROGERIA,prerank,0.38093152090038124,1.042889211800832,0.3779697624190065,0.5123593810418074,1.0,5_22,5/22,16.29%,MBD3;LEF1;MTA2;HDAC1;MTA1,MBD3;LEF1;MTA2;HDAC1;MTA1;INPP5K;KDM1A;MTA3;CHD4;CHD3;CBX5;E2F1;MBD2;RBBP7;TP53;SREBF1;HDAC2;RB1;CBX1;CBX3;SUV39H1;RBBP4,"[818, 1377, 1393, 2268, 2852, 5236, 6232, 6330, 6811, 7478, 7506, 7793, 8398, 8460, 8693, 9432, 9498, 9620, 9918, 11297, 15572, 17106]",c2.cp.wikipathways__WP_EFFECT_OF_PROGERIN_ON_GENES_INVOLVED_IN_PROGERIA
c2.cp.wikipathways,WP_MAPK_SIGNALING_AND_ARTD_FAMILY_MEMBERS,prerank,0.3490992362767239,1.0431519428439708,0.3719512195121951,0.5130621845736362,1.0,13_31,13/31,25.39%,MAP2K3;ATF4;MAPK3;MAP2K2;MAPK11;MAP3K8;MAPK12;RAF1;MAP2K7;MAP3K10;ARAF;MAP3K5;DUSP1,MAP2K3;ATF4;MAPK3;MAP2K2;MAPK11;MAP3K8;MAPK12;RAF1;MAP2K7;MAP3K10;ARAF;MAP3K5;DUSP1;MAP2K1;MAP3K1;MAPK14;MAP3K11;MAP2K6;PARP14;MAP2K4;MAPK13;MAP3K7;PARP1;MAPK10;MAPK1;MAP3K9;MAP3K12;TNKS;MAPK9;MAPK8;BRAF,"[292, 381, 1114, 2104, 2344, 2891, 2998, 3033, 3121, 3529, 3967, 4419, 4446, 5701, 7054, 7304, 7357, 7672, 8218, 8233, 8706, 9639, 9697, 10309, 12772, 13184, 13737, 14449, 14702, 16304, 17259]",c2.cp.wikipathways__WP_MAPK_SIGNALING_AND_ARTD_FAMILY_MEMBERS
c2.cp.wikipathways,WP_3Q29_COPY_NUMBER_VARIATION_SYNDROME,prerank,0.30881225901710735,1.0433527429261948,0.3779697624190065,0.5139154876308687,1.0,12_55,12/55,16.26%,CASP7;TGFB1;PXN;MYC;RABL2B;CEP19;DYNLL1;HAMP;SLC51A;SMCO1;JUN;DYNLRB1,CASP7;TGFB1;PXN;MYC;RABL2B;CEP19;DYNLL1;HAMP;SLC51A;SMCO1;JUN;DYNLRB1;NF2;SIRT1;RNF8;STAT5A;DYNLT1;STAT5B;SLC51B;MCRS1;ZNF76;ZDHHC19;PIK3R3;PAK2;FNDC8;GRIA1;RNF168;HIF1A;HFE;WDR53;NCBP2;PIGX;MAD2L1BP;PIGZ;UBXN7;TFRC;CEP350;DYNLL2;SLC40A1;NCBP1;FBXO45;TF;PCYT1A;DYNC2H1;SENP5;FBXW7;DYNLRB2;ADAM10;UBE2N;DYNLT3;PIGM;DLG1;TM4SF19;DYNC2LI1;MYCBP2,"[112, 386, 628, 1232, 2175, 2366, 2497, 2500, 2716, 2823, 2824, 2847, 3658, 3998, 4005, 4109, 4939, 5095, 5492, 5728, 5979, 5987, 6862, 7446, 7854, 8002, 8203, 8234, 8281, 8572, 8656, 8799, 8864, 8916, 9154, 10105, 10450, 10875, 11015, 11282, 11520, 11964, 11972, 12600, 12698, 12813, 13268, 13386, 14060, 14756, 15612, 16023, 16038, 16177, 16702]",c2.cp.wikipathways__WP_3Q29_COPY_NUMBER_VARIATION_SYNDROME
c2.cp.wikipathways,WP_HALLMARK_OF_CANCER_METASTASIS_AND_EPITHELIALTOMESENCHYMAL_TRANSITION,prerank,0.37964435586187073,1.039909436235795,0.3940677966101695,0.5148637781483455,1.0,6_22,6/22,17.47%,SIX1;TGFB1;TWIST1;HDAC1;SNAI1;FOXC2,SIX1;TGFB1;TWIST1;HDAC1;SNAI1;FOXC2;SIRT1;PRRX1;ELF5;KDM1A;SNAI2;CDH1;HDAC2;EZH2;TCF4;GRHL2;ELF3;ZEB1;SUZ12;ZEB2;KLF8;SUV39H1,"[252, 386, 1908, 2268, 2526, 3060, 3998, 4314, 4523, 6232, 7384, 8970, 9498, 9837, 9842, 11136, 12379, 12675, 13872, 14204, 15505, 15572]",c2.cp.wikipathways__WP_HALLMARK_OF_CANCER_METASTASIS_AND_EPITHELIALTOMESENCHYMAL_TRANSITION
c2.cp.wikipathways,WP_OXYSTEROLS_DERIVED_FROM_CHOLESTEROL,prerank,0.3236608949522127,1.0374198765479474,0.3660130718954248,0.516011661760408,1.0,7_45,7/45,11.99%,HSD11B2;HSD3B7;CYP39A1;LBP;ACOX2;ACOT6;CYP3A4,HSD11B2;HSD3B7;CYP39A1;LBP;ACOX2;ACOT6;CYP3A4;SLC27A5;EBP;IL17B;IL17D;DHCR7;ACOT12;ACOT8;SULT2B1;ACOT2;CYP27A1;NR1I2;ACOT7;CYP46A1;CYP8B1;GPR183;NR1H2;DBP;ACOT11;CYP7A1;ACOT9;ACOT13;SLC27A2;CH25H;IL17C;ACOT1;HSD11B1;ESR2;EPHX2;IL25;SCP2;INSIG1;ACOT4;AMACR;BAAT;THEM5;CYP7B1;ESR1;RORC,"[242, 502, 637, 1099, 1301, 1645, 2099, 3295, 3700, 4039, 4138, 4439, 5297, 5361, 5450, 5602, 5688, 6022, 6071, 6441, 6647, 7403, 7734, 7836, 7918, 8012, 8380, 8468, 8654, 9360, 10343, 10400, 10667, 11385, 11584, 12112, 12157, 12857, 12897, 14574, 14724, 15349, 15679, 16134, 16946]",c2.cp.wikipathways__WP_OXYSTEROLS_DERIVED_FROM_CHOLESTEROL
c2.cp.wikipathways,WP_SULFATASE_AND_AROMATASE_PATHWAY,prerank,0.45251794150411984,1.0377649824698378,0.4080338266384778,0.5165039949890988,1.0,3_11,3/11,14.94%,SLCO4A1;HSD17B1;SLCO2B1,SLCO4A1;HSD17B1;SLCO2B1;HSD3B1;SLCO1B1;ESR2;HSD17B3;SLCO4C1;SLCO1A2;CYP19A1;ESR1,"[46, 1515, 2616, 5378, 10574, 11385, 11815, 12713, 12776, 13478, 16134]",c2.cp.wikipathways__WP_SULFATASE_AND_AROMATASE_PATHWAY
c2.cp.wikipathways,WP_PHOTODYNAMIC_THERAPYINDUCED_UNFOLDED_PROTEIN_RESPONSE,prerank,0.37256237949491394,1.0382739585658471,0.4043956043956044,0.5167548574067391,1.0,10_24,10/24,21.79%,ATF4;DDIT3;XBP1;DNAJC3;HSPA5;NFE2L2;PPP1R15A;CALR;BCL2L11;BBC3,ATF4;DDIT3;XBP1;DNAJC3;HSPA5;NFE2L2;PPP1R15A;CALR;BCL2L11;BBC3;ASNS;HSP90B1;PDIA6;ATF3;TRIB3;ERP27;DNAJB11;DNAJB9;ERN1;EIF2A;EIF2AK3;EDEM1;UBE2E1;ATF6,"[381, 729, 1084, 1630, 1765, 2684, 2828, 3686, 3812, 3816, 4899, 5272, 5581, 5684, 7315, 8779, 8807, 10653, 10889, 14039, 14600, 15140, 15371, 17166]",c2.cp.wikipathways__WP_PHOTODYNAMIC_THERAPYINDUCED_UNFOLDED_PROTEIN_RESPONSE
c2.cp.wikipathways,WP_HEREDITARY_LEIOMYOMATOSIS_AND_RENAL_CELL_CARCINOMA_PATHWAY,prerank,-0.47642968829092425,-1.243173827648542,0.1830708661417323,0.5187233285131282,1.0,5_19,5/19,9.09%,PRKAA1;PRKAG1;SLC11A2;PDK1;PDHB,VEGFA;EGLN1;KEAP1;NFE2L2;SLC2A1;RPS6;ACACB;PDHA1;HIF1A;TP53;LDHA;CUL3;ACACA;PRKAB1;PDHB;PDK1;SLC11A2;PRKAG1;PRKAA1,"[1439, 1719, 1924, 2684, 3156, 3757, 5622, 6459, 8234, 8693, 9549, 10069, 11923, 13247, 15926, 16370, 16501, 16705, 17412]",c2.cp.wikipathways__WP_HEREDITARY_LEIOMYOMATOSIS_AND_RENAL_CELL_CARCINOMA_PATHWAY
c2.cp.wikipathways,WP_GPCRS_CLASS_A_RHODOPSINLIKE,prerank,0.2558935570078299,1.0323733566483602,0.3480083857442348,0.5211000521246512,1.0,26_184,26/184,12.66%,GPR4;CXCR4;GPR35;OR7A5;OR2H2;OR7C1;P2RY11;C3AR1;CXCR1;GALR2;CXCR2;ADORA2A;ADRA2C;MC4R;OR3A3;PTGER2;ADRB2;ADORA3;ADRA2B;FFAR2;CCR2;PTGDR;TBXA2R;ADORA2B;PTAFR;F2RL3,GPR4;CXCR4;GPR35;OR7A5;OR2H2;OR7C1;P2RY11;C3AR1;CXCR1;GALR2;CXCR2;ADORA2A;ADRA2C;MC4R;OR3A3;PTGER2;ADRB2;ADORA3;ADRA2B;FFAR2;CCR2;PTGDR;TBXA2R;ADORA2B;PTAFR;F2RL3;LPAR5;FPR1;GPR171;OPRK1;HRH3;GALR3;NPY1R;CYSLTR2;NMUR2;CCR1;C5AR2;MLNR;FPR2;HCAR1;CCR5;PTGER1;HRH1;AGTR1;P2RY14;SSTR3;HTR1E;CCRL2;ADRB1;NTSR2;NTSR1;GPR34;FPR3;FFAR3;APLNR;EDNRB;HTR1D;GPR19;CCR9;ADRA2A;P2RY2;CNR2;PTGDR2;P2RY6;CMKLR1;OXTR;SSTR5;MC1R;OPRL1;HTR1F;PTGIR;GPR161;GPR65;GPR87;GPR17;CCR10;GPR37L1;NPY2R;GPR27;DRD4;NMUR1;CHRM5;OR1E1;CX3CR1;OPN4;LHCGR;SSTR2;F2R;ADORA1;DRD5;GPR6;BDKRB1;FFAR1;GPR39;LTB4R;OR3A2;GPR25;DRD1;LPAR6;HTR7;F2RL1;MC5R;ADRA1A;NPFFR2;EDNRA;GPR83;ADRA1B;GPR20;NMBR;GPR18;CHRM1;GPR22;CCR7;PTGER4;HTR5A;ADRB3;RGL4;GPR173;HTR1A;GRPR;HTR6;HCRTR2;CYSLTR1;HTR1B;PTGFR;SSTR1;P2RY13;CCKBR;OPRD1;P2RY12;MTNR1A;CHRM3;FSHR;OPRM1;LPAR4;OPN1SW;P2RY1;GPR85;AVPR2;MCHR1;GPR45;CNR1;GPR68;GPR12;AVPR1B;ADRA1D;NPFFR1;GPR75;NPY5R;OPN3;CCR6;NPY4R;NPBWR2;GALR1;GPR37;CHRM4;BDKRB2;GPR63;AVPR1A;HRH2;SSTR4;BRS3;RHO;GPR21;RRH;OR2C1;HCRTR1;OR1F1;GPR52;PTGER3;NPBWR1;DRD2;CHRM2;HTR2A;HTR2B;F2RL2;CHML;GPR3;CCKAR;PRLHR;HTR4;DRD3;MAS1;HTR2C,"[51, 77, 156, 169, 219, 316, 513, 582, 599, 657, 680, 691, 831, 870, 1116, 1376, 1595, 1629, 1646, 1966, 2082, 2128, 2131, 2190, 2202, 2216, 2339, 2561, 2871, 3014, 3026, 3128, 3215, 3223, 3256, 3341, 3651, 3655, 4171, 4245, 4246, 4313, 4460, 4464, 4593, 4696, 4721, 4725, 4776, 4813, 4971, 5106, 5242, 5393, 5520, 5580, 5643, 5702, 5772, 5932, 6020, 6160, 6166, 6180, 6226, 6281, 6368, 6421, 6582, 6599, 6622, 6632, 6823, 6878, 7040, 7090, 7107, 7113, 7116, 7398, 7419, 7448, 7567, 7588, 7662, 7700, 7729, 7751, 8257, 8328, 8342, 8507, 8598, 8632, 8660, 8749, 8868, 8994, 9144, 9170, 9196, 9268, 9503, 9508, 9524, 9527, 9536, 9741, 9749, 9887, 9935, 10141, 10347, 10354, 10490, 10582, 10681, 10731, 10749, 10755, 11107, 11168, 11181, 11252, 11263, 11330, 11425, 11437, 11498, 11750, 11800, 11822, 11912, 12246, 12294, 12469, 12524, 12585, 12620, 12719, 12733, 12824, 12923, 13089, 13239, 13269, 13327, 13380, 13464, 13548, 13588, 13600, 13754, 13759, 13846, 14061, 14242, 14309, 14324, 14547, 14795, 14867, 14884, 14889, 15220, 15278, 15370, 15411, 15462, 15604, 15625, 15657, 15902, 16012, 16026, 16081, 16377, 16438, 16872, 17096, 17206, 17282, 17432, 17447]",c2.cp.wikipathways__WP_GPCRS_CLASS_A_RHODOPSINLIKE
c2.cp.wikipathways,WP_TARGET_OF_RAPAMYCIN_SIGNALING,prerank,0.33102205953409874,1.0341159547291334,0.391304347826087,0.5215138874708762,1.0,5_36,5/36,7.65%,DDIT4;DDIT4L;EIF4EBP1;PRR5;AKT1S1,DDIT4;DDIT4L;EIF4EBP1;PRR5;AKT1S1;ULK3;ULK1;RRAGC;MAPKAP1;AKT1;MLST8;PRKAG3;FKBP1A;RPTOR;TSC2;RPS6KB1;PRKAG2;RHEB;RRAGA;PRKCA;RAC1;PRKAA2;RICTOR;RRAGB;RRAGD;MTOR;PRKAB1;HMGCR;PRKAB2;PRR5L;TSC1;IDI1;CDC42;PRKAG1;ULK2;PRKAA1,"[11, 212, 455, 1195, 1340, 2097, 2735, 2755, 2995, 3267, 5180, 5219, 7100, 7231, 7998, 8326, 8791, 8835, 9080, 10873, 11471, 11483, 12747, 12833, 12842, 13065, 13247, 13646, 13709, 13956, 14195, 15748, 16108, 16705, 17198, 17412]",c2.cp.wikipathways__WP_TARGET_OF_RAPAMYCIN_SIGNALING
c2.cp.wikipathways,WP_HDAC6_INTERACTIONS_IN_THE_CENTRAL_NERVOUS_SYSTEM,prerank,0.27502344380397953,1.0323780558205893,0.3628691983122363,0.522349112885648,1.0,24_107,24/107,17.30%,HSPB1;HSF1;PXN;HSP90AA1;DNAJA1;MAPK3;BCL2;TUBA1C;TRIM50;MIIP;G3BP1;ARID3A;SMAD7;BAX;TWIST1;HSPA4;EGFR;VIM;MIF;PRDX1;SQSTM1;POU5F1;CSNK2B;PARK7,HSPB1;HSF1;PXN;HSP90AA1;DNAJA1;MAPK3;BCL2;TUBA1C;TRIM50;MIIP;G3BP1;ARID3A;SMAD7;BAX;TWIST1;HSPA4;EGFR;VIM;MIF;PRDX1;SQSTM1;POU5F1;CSNK2B;PARK7;AKT1;SOD1;MYH9;STUB1;CSNK2A2;APOE;MYD88;BIRC5;MAP3K5;GSK3A;SP1;SGK1;CNOT6;HDAC6;RHOT1;ISG15;NEDD9;TUBB;CTTN;SHH;SMAD2;MAPRE1;CYBB;ATP13A2;SIRT2;OPTN;PRDX2;PTK2B;PPP1CA;ERG;VCP;EP300;SGK3;NDUFV1;HSPA8;ACTR1A;GRIA1;TUBA4A;MAP1LC3A;HIF1A;DLG4;RAD23B;APC;AURKA;TARDBP;KAT5;SNCA;ITIH4;MAPT;ELP3;XRCC6;TUBB3;RAC1;DCTN1;KALRN;HTT;EP400;HDAC11;MDH1;MAPK1;PRKCZ;SNCAIP;VHL;PRKCE;GRIA2;FUS;PROM1;NR3C1;TPPP;FOXP3;DYNC1I2;GSK3B;MAP1B;HDAC9;CCDC141;CTNNB1;MAPK8;BBIP1;CDC20;DLG2;ATXN3;CFTR;BDNF,"[3, 497, 628, 876, 1024, 1114, 1238, 1307, 1347, 1379, 1438, 1543, 1659, 1799, 1908, 2101, 2347, 2436, 2475, 2756, 2762, 2795, 2962, 3030, 3267, 3398, 3551, 3574, 4037, 4072, 4132, 4324, 4419, 4452, 4488, 4545, 5221, 5473, 5530, 5552, 5625, 5726, 5769, 5805, 6205, 6230, 6563, 6705, 6743, 6786, 6845, 6883, 7117, 7244, 7245, 7268, 7351, 7591, 7879, 7889, 8002, 8024, 8138, 8234, 8524, 9640, 9884, 10139, 10154, 10458, 10959, 11047, 11206, 11246, 11348, 11364, 11471, 11827, 11920, 11996, 12087, 12245, 12589, 12772, 13086, 13201, 13393, 13636, 13642, 13643, 14117, 14123, 14551, 15494, 15533, 15613, 15803, 15818, 15861, 16018, 16304, 16330, 16543, 16933, 17153, 17252, 17360]",c2.cp.wikipathways__WP_HDAC6_INTERACTIONS_IN_THE_CENTRAL_NERVOUS_SYSTEM
c2.cp.wikipathways,WP_16P112_DISTAL_DELETION_SYNDROME,prerank,0.3428282179526736,1.0327922648468235,0.42355371900826444,0.5228080165069904,1.0,8_31,8/31,17.43%,LAT;TRAF2;C3;NFATC2;IFITM1;RAB4A;CD81;INSR,LAT;TRAF2;C3;NFATC2;IFITM1;RAB4A;CD81;INSR;TUFM;SH2B1;PRMT1;ATXN2L;RABEP2;ATP2A1;TRAF1;VAV2;SPNS1;IL4;JAK2;SDCCAG8;CD19;KDR;GRB2;RABGEF1;CR2;CD82;PLN;SLN;RAB5A;NFATC2IP;MPL,"[194, 494, 1102, 1367, 1596, 2256, 2595, 3052, 3698, 4052, 4768, 5018, 5196, 5412, 5590, 8144, 8172, 8442, 8889, 9338, 9857, 10163, 11405, 12006, 12962, 13246, 14544, 15144, 15603, 15807, 16653]",c2.cp.wikipathways__WP_16P112_DISTAL_DELETION_SYNDROME
c2.cp.wikipathways,WP_INTRAFLAGELLAR_TRANSPORT_PROTEINS_BINDING_TO_DYNEIN,prerank,-0.4578250675912045,-1.244847421942625,0.1712707182320442,0.5230983665170479,1.0,9_22,9/22,15.77%,IFT27;WDR35;DYNC2LI1;IFT81;DYNC1H1;DYNC1I2;DYNC1LI1;DYNC1I1;DYNLT3,IFT140;DYNLL1;DYNLRB1;IFT43;DYNLT1;IFT122;IFT46;DYNLL2;DYNC1LI2;DYNC2H1;WDR19;DYNLRB2;IFT80;DYNLT3;DYNC1I1;DYNC1LI1;DYNC1I2;DYNC1H1;IFT81;DYNC2LI1;WDR35;IFT27,"[797, 2497, 2847, 3118, 4939, 5822, 6923, 10875, 11494, 12600, 12653, 13268, 13315, 14756, 14785, 14924, 15533, 15541, 15796, 16177, 16493, 17168]",c2.cp.wikipathways__WP_INTRAFLAGELLAR_TRANSPORT_PROTEINS_BINDING_TO_DYNEIN
c2.cp.wikipathways,WP_SEROTONIN_RECEPTOR_2_AND_ELKSRFGATA4_SIGNALING,prerank,-0.4544582952584509,-1.2223499228091574,0.20652173913043478,0.5248033669511677,1.0,7_19,7/19,10.86%,HTR2C;RASGRF1;NRAS;HTR2B;RASGRP1;HTR2A;ITPR1,MAPKAPK2;ELK1;MAPK3;MAP2K2;RAF1;HRAS;SRF;MAP2K1;ELK4;GNAQ;MAPK1;KRAS;ITPR1;HTR2A;RASGRP1;HTR2B;NRAS;RASGRF1;HTR2C,"[344, 973, 1114, 2104, 3033, 3976, 5159, 5701, 7465, 10758, 12772, 13814, 15616, 16012, 16013, 16026, 16714, 17048, 17447]",c2.cp.wikipathways__WP_SEROTONIN_RECEPTOR_2_AND_ELKSRFGATA4_SIGNALING
c2.cp.wikipathways,WP_METHIONINE_METABOLISM_LEADING_TO_SULFUR_AMINO_ACIDS_AND_RELATED_DISORDERS,prerank,-0.53609012842025,-1.2505683116698645,0.2,0.5248269759019505,1.0,3_11,3/11,12.73%,MTR;CTH;ADK,CBS;GNMT;CDO1;MAT1A;BHMT;MAT2B;AHCY;CSAD;ADK;CTH;MTR,"[1781, 2626, 4647, 7783, 9256, 9924, 10439, 10698, 15289, 15409, 17470]",c2.cp.wikipathways__WP_METHIONINE_METABOLISM_LEADING_TO_SULFUR_AMINO_ACIDS_AND_RELATED_DISORDERS
c2.cp.wikipathways,WP_CYCLINDEPENDENT_KINASE_46_INHIBITORS_IN_BREAST_CANCER,prerank,0.32945615766975955,1.0295618423673636,0.41865509761388287,0.5256300658884189,1.0,11_36,11/36,18.66%,PIK3R2;PIK3R5;IGF1R;PIK3CD;MAPK3;CDK2;CDKN1A;EGFR;ERBB2;RAF1;AKT1,PIK3R2;PIK3R5;IGF1R;PIK3CD;MAPK3;CDK2;CDKN1A;EGFR;ERBB2;RAF1;AKT1;AKT2;HRAS;CCNE1;IRS1;PIK3CG;PIK3R3;PIK3CA;RPTOR;CDKN1B;CDK4;CDK6;PIK3C2B;PIK3C2G;MAPK1;MTOR;CYP19A1;CCND1;PIK3CB;KRAS;PIK3C2A;PIK3R1;AKT3;ESR1;NRAS;PIK3R4,"[350, 466, 486, 790, 1114, 1573, 1714, 2347, 2593, 3033, 3267, 3956, 3976, 4289, 5115, 6453, 6862, 7105, 7231, 7452, 7822, 11099, 12233, 12690, 12772, 13065, 13478, 13673, 13676, 13814, 14351, 14526, 14998, 16134, 16714, 16837]",c2.cp.wikipathways__WP_CYCLINDEPENDENT_KINASE_46_INHIBITORS_IN_BREAST_CANCER
c2.cp.wikipathways,WP_DEGRADATION_PATHWAY_OF_SPHINGOLIPIDS_INCLUDING_DISEASES,prerank,-0.4961480206075747,-1.246289096067943,0.2003780718336484,0.5280666485927034,1.0,5_15,5/15,15.93%,HEXA;SCARB2;NEU3;GM2A;GALC,GLB1;NEU1;NPC2;GLA;ARSA;PSAP;NPC1;HEXB;NEU4;LIPA;GALC;GM2A;NEU3;SCARB2;HEXA,"[1582, 2715, 3069, 7530, 7862, 8185, 9041, 11261, 11645, 13631, 14728, 15083, 16777, 16804, 17062]",c2.cp.wikipathways__WP_DEGRADATION_PATHWAY_OF_SPHINGOLIPIDS_INCLUDING_DISEASES
c2.cp.wikipathways,WP_METABOLIC_REPROGRAMMING_IN_PANCREATIC_CANCER,prerank,0.3148564284601487,1.0263247031560345,0.3969631236442516,0.5283705006764111,1.0,7_41,7/41,12.39%,SLC7A5;BCAT2;SOAT1;SLC43A1;HK2;SLC1A5;GPT,SLC7A5;BCAT2;SOAT1;SLC43A1;HK2;SLC1A5;GPT;SLC2A1;SLC16A4;SLC16A1;RPIA;LDLR;CARM1;PFKL;GPI;UAP1;PDHA1;PKM;GLUD1;TP53;GLS2;GNPNAT1;HK1;CS;LDHA;GOT2;FASN;GOT1;BCKDHA;GFPT1;MDH1;PDHX;PGM3;HMGCR;KRAS;ME1;DLD;ACLY;DLAT;PDHB;RPE,"[312, 375, 663, 1004, 1337, 1927, 2170, 3156, 3576, 4611, 4744, 4749, 4877, 4981, 5213, 5944, 6459, 7001, 8416, 8693, 8917, 9103, 9289, 9436, 9549, 9604, 9820, 10780, 10908, 11888, 12589, 13020, 13525, 13646, 13814, 14484, 15272, 15559, 15682, 15926, 16127]",c2.cp.wikipathways__WP_METABOLIC_REPROGRAMMING_IN_PANCREATIC_CANCER
c2.cp.wikipathways,WP_PTDINS45P2_IN_CYTOKINESIS_PATHWAY,prerank,0.4560528124084768,1.0268004805108828,0.44933920704845814,0.5286296037698215,1.0,1_10,1/10,2.90%,EZR,EZR;MSN;RAB35;ANLN;OCRL;RHOA;RACGAP1;RDX;KIF23;AFAP1,"[507, 5230, 7164, 7500, 7748, 7817, 9612, 9853, 12159, 15753]",c2.cp.wikipathways__WP_PTDINS45P2_IN_CYTOKINESIS_PATHWAY
c2.cp.wikipathways,WP_NAD_BIOSYNTHETIC_PATHWAYS,prerank,0.3769391281230992,1.027013608270432,0.44493392070484583,0.5294953908663437,1.0,3_20,3/20,4.78%,SIRT7;SIRT4;SIRT6,SIRT7;SIRT4;SIRT6;SIRT3;QPRT;SIRT1;NMNAT1;NADSYN1;SIRT2;BST1;NAMPT;PARP4;PARP1;TDO2;ACMSD;TNKS2;TNKS;PARP2;SIRT5;CD38,"[125, 259, 836, 2350, 2546, 3998, 5325, 6653, 6743, 7161, 8789, 9674, 9697, 9732, 11824, 13098, 14449, 16516, 16928, 17102]",c2.cp.wikipathways__WP_NAD_BIOSYNTHETIC_PATHWAYS
c2.cp.wikipathways,WP_CHROMOSOMAL_AND_MICROSATELLITE_INSTABILITY_IN_COLORECTAL_CANCER,prerank,0.285098891554542,1.0173037425324507,0.4069264069264069,0.5455327326441894,1.0,30_73,30/73,22.65%,TCF7L1;TGFB1;RAC3;AXIN1;MAPK3;TGFB2;MYC;BCL2;LEF1;GADD45B;GADD45G;CDKN1A;BAX;TGFB3;DDB2;BAD;SMAD4;TGFBR2;JUN;FOS;RAC2;RAF1;RALGDS;AKT1;PMAIP1;BCL2L11;BBC3;AXIN2;AKT2;ARAF,TCF7L1;TGFB1;RAC3;AXIN1;MAPK3;TGFB2;MYC;BCL2;LEF1;GADD45B;GADD45G;CDKN1A;BAX;TGFB3;DDB2;BAD;SMAD4;TGFBR2;JUN;FOS;RAC2;RAF1;RALGDS;AKT1;PMAIP1;BCL2L11;BBC3;AXIN2;AKT2;ARAF;APC2;BIRC5;TCF7;TCF7L2;TGFBR1;MAP2K1;SMAD3;SMAD2;CASP9;GADD45A;RHOA;RALA;CSNK1A1L;TP53;BAK1;APC;MSH6;MAPK10;PTGS2;RAC1;RALB;NTN1;CYCS;TBK1;EXOC2;MAPK1;REL;CASP3;CCND1;KRAS;MAPK9;AKT3;POLK;APPL1;GSK3B;CSNK1A1;CTNNB1;MLH1;MAPK8;MSH3;BRAF;DCC;MSH2,"[230, 386, 747, 877, 1114, 1191, 1232, 1238, 1377, 1626, 1669, 1714, 1799, 1861, 2302, 2388, 2618, 2773, 2824, 2889, 2938, 3033, 3266, 3267, 3544, 3812, 3816, 3853, 3956, 3967, 4159, 4324, 4349, 4922, 5624, 5701, 5844, 6205, 6429, 6740, 7817, 8587, 8589, 8693, 8735, 9884, 10063, 10309, 11182, 11471, 11557, 11694, 11932, 12506, 12534, 12772, 12847, 12945, 13673, 13814, 14702, 14998, 15086, 15377, 15613, 15773, 16018, 16252, 16304, 16504, 17259, 17281, 17502]",c2.cp.wikipathways__WP_CHROMOSOMAL_AND_MICROSATELLITE_INSTABILITY_IN_COLORECTAL_CANCER
c2.cp.wikipathways,WP_ENTEROHEPATIC_CIRCULATION_OF_BILE_ACIDS,prerank,0.45915500216068167,1.015585325321722,0.4465811965811966,0.5476996124392867,1.0,6_10,6/10,25.02%,ABCC2;SLC51A;ABCB1;SLC10A1;ABCC3;ABCC4,ABCC2;SLC51A;ABCB1;SLC10A1;ABCC3;ABCC4;SLC51B;SLCO1B1;ABCB11;FABP6,"[1475, 2716, 3190, 3513, 4275, 4382, 5492, 10574, 11763, 14332]",c2.cp.wikipathways__WP_ENTEROHEPATIC_CIRCULATION_OF_BILE_ACIDS
c2.cp.wikipathways,WP_CILIARY_LANDSCAPE,prerank,-0.29732797443057934,-1.2013180532938479,0.07818181818181819,0.5497138894553992,1.0,57_199,57/199,24.27%,MSH2;MAPRE2;IFT52;LRPPRC;EXOC6B;VAPB;SPATA7;IFT27;INTU;NUP133;EXOC1;EXOC8;CLUAP1;BBS4;PAFAH1B1;CEP170;BBIP1;MCM4;TRAF3IP1;CTNNB1;IFT74;IFT81;TIPRL;BBS7;DYNC1H1;DYNC1I2;NDUFA5;RNGTT;TTC8;BBS5;SMC4;RAB14;NUP88;AFG3L2;NDUFA9;DYNC1LI1;CALM1;DYNLT3;EXOSC9;DCAF7;EXOC5;RAB2A;MCM2;EXOC7;ZYG11B;CNOT1;ARMC8;SNAP29;COPS2;IQGAP2;COPS8;ACSL3;EXOC6;COPS3;COPS7A;IFT80;DYNLRB2,TFAP2C;RAB3IL1;NUDC;IFT140;MCM10;GID8;CCDC40;CTBP2;AGPAT2;CTSA;ZMYND19;VPS4A;TNKS1BP1;GLB1;RBM14;CBS;LCN2;CREBBP;MKLN1;YAP1;STOM;HDAC1;VIM;DVL3;DYNLL1;COPS6;CD2BP2;NFKB1;DYNLRB1;MAEA;MCM7;IFT43;ANKS3;GID4;MFAP1;MCM8;RHBDD2;ECHS1;MYL6;WEE1;TMED1;SSNA1;ARHGDIA;LSM4;DYNLT1;MYL6B;NME8;FUZ;RABEP2;AAR2;CNOT6L;TBC1D4;EXOSC4;IFT122;BBS2;XPNPEP3;EIF5B;EXOSC2;NINL;COX6C;CDH23;BBS9;GDI1;RAB8A;IFT46;IFT20;HTRA2;IFT172;MCM3;PGRMC2;DOCK5;TFAP2E;GLA;CDR2;RMND5A;BBS1;ANKS6;PSMD12;ERF;DNPEP;MCM5;IQGAP1;PSMD8;CAMK2A;EFHC2;EFTUD2;EXOSC7;RANBP9;RANBP10;EXOC4;UBE2D2;PSMD7;NEK7;ARFGAP3;PSMC4;COPS5;HDAC2;IFT57;APMAP;TFAP2D;RB1;POM121;RPGR;UBE2H;CNOT10;APC;YPEL5;EHD3;RAB21;NEFM;WDR26;NEK8;SNRPB2;WNK1;COPS7B;USH1C;DYNLL2;DDX5;DCAF11;COPS4;EXOC3;RAC1;CEP290;RALB;PSMC6;AIMP1;IFT88;EHBP1;IQCB1;LCA5;IQGAP3;CEP97;MCM9;PSMD13;DGKE;MCM6;EXOC2;ARL8B;MKS1;TFAP2A;LZTFL1;RMND5B;DYNLRB2;IFT80;COPS7A;COPS3;EXOC6;ACSL3;COPS8;IQGAP2;COPS2;SNAP29;ARMC8;CNOT1;ZYG11B;EXOC7;MCM2;RAB2A;EXOC5;DCAF7;EXOSC9;DYNLT3;CALM1;DYNC1LI1;NDUFA9;AFG3L2;NUP88;RAB14;SMC4;BBS5;TTC8;RNGTT;NDUFA5;DYNC1I2;DYNC1H1;BBS7;TIPRL;IFT81;IFT74;CTNNB1;TRAF3IP1;MCM4;BBIP1;CEP170;PAFAH1B1;BBS4;CLUAP1;EXOC8;EXOC1;NUP133;INTU;IFT27;SPATA7;VAPB;EXOC6B;LRPPRC;IFT52;MAPRE2;MSH2,"[99, 159, 598, 797, 843, 892, 1052, 1322, 1353, 1354, 1444, 1445, 1531, 1582, 1738, 1781, 1836, 1980, 2004, 2016, 2042, 2268, 2436, 2492, 2497, 2781, 2793, 2835, 2847, 2909, 2994, 3118, 3257, 3271, 3314, 3657, 3822, 3946, 4094, 4251, 4522, 4628, 4816, 4871, 4939, 5116, 5123, 5190, 5196, 5217, 5470, 5544, 5818, 5822, 5842, 5850, 5863, 6296, 6431, 6499, 6538, 6638, 6781, 6908, 6923, 6932, 6990, 7083, 7142, 7214, 7321, 7341, 7530, 7841, 7927, 7968, 8025, 8225, 8290, 8312, 8417, 8419, 8583, 8596, 8684, 8774, 8797, 8817, 8892, 8951, 9139, 9152, 9181, 9192, 9276, 9312, 9498, 9526, 9599, 9611, 9620, 9701, 9711, 9760, 9805, 9884, 9885, 10187, 10238, 10277, 10344, 10565, 10569, 10728, 10759, 10869, 10875, 11020, 11128, 11157, 11353, 11471, 11485, 11557, 11615, 11722, 11814, 11876, 11979, 12009, 12023, 12093, 12120, 12242, 12283, 12498, 12534, 12676, 12780, 12910, 13067, 13070, 13268, 13315, 13328, 13443, 13534, 13614, 13616, 13650, 13755, 13815, 13934, 14101, 14241, 14279, 14346, 14415, 14430, 14512, 14698, 14756, 14779, 14924, 15019, 15046, 15053, 15080, 15156, 15453, 15461, 15470, 15506, 15533, 15541, 15589, 15788, 15796, 15947, 16018, 16105, 16190, 16330, 16436, 16518, 16874, 16899, 16963, 16972, 17025, 17133, 17168, 17188, 17216, 17293, 17309, 17336, 17380, 17502]",c2.cp.wikipathways__WP_CILIARY_LANDSCAPE
c2.cp.wikipathways,WP_SRF_AND_MIRS_IN_SMOOTH_MUSCLE_DIFFERENTIATION_AND_PROLIFERATION,prerank,0.4391271659726437,1.0124525844876362,0.41885964912280704,0.5530945938078295,1.0,2_10,2/10,5.56%,MEF2B;ELK1,MEF2B;ELK1;KLF4;SRF;MEF2D;MEF2C;CCND2;CAMK2D;MYOCD;MEF2A,"[121, 973, 2806, 5159, 12103, 12683, 12887, 13938, 14737, 15464]",c2.cp.wikipathways__WP_SRF_AND_MIRS_IN_SMOOTH_MUSCLE_DIFFERENTIATION_AND_PROLIFERATION
c2.cp.wikipathways,WP_PDGFRBETA_PATHWAY,prerank,0.34451713022101244,1.0099075863838014,0.42795698924731185,0.5557996319104432,1.0,9_29,9/29,17.95%,PLCG1;PDGFRB;ELK1;MAPK3;STAT6;JUN;FOS;RAF1;STAT3,PLCG1;PDGFRB;ELK1;MAPK3;STAT6;JUN;FOS;RAF1;STAT3;HRAS;STAT5A;SHC1;STAT5B;SRF;MAP2K1;SOS1;MAP3K1;PIK3CA;MAP2K4;JAK2;JAK1;PRKCA;GRB2;EIF2AK2;PIK3R1;PRKCB;MAPK8;RASA1;STAT1,"[405, 420, 973, 1114, 2644, 2824, 2889, 3033, 3143, 3976, 4109, 4654, 5095, 5159, 5701, 5826, 7054, 7105, 8233, 8889, 9271, 10873, 11405, 11535, 14526, 14648, 16304, 16602, 16938]",c2.cp.wikipathways__WP_PDGFRBETA_PATHWAY
c2.cp.wikipathways,WP_15Q11Q13_COPY_NUMBER_VARIATION,prerank,0.30430293954891896,1.0103028633708864,0.43243243243243246,0.5563088341114437,1.0,3_53,3/53,2.03%,SERPINH1;RELA;TJP3,SERPINH1;RELA;TJP3;GJA1;CREBBP;HDAC1;DNMBP;ANKRD2;OCLN;NSMCE2;CGN;OTUD7A;TJP2;CCL5;APBA2;NECAB3;STX1A;MITF;LYPD6;FANCI;UBN1;KAT2B;MTMR10;NSMCE1;CDC42BPB;GJC2;GOLGA8T;STX1B;STXBP1;SMC6;GOLGA8K;CHRNA7;EID3;KLF13;TRPM1;RIC3;CANX;SMC5;GOLGA8H;TJP1;GOLGA8Q;GOLGA8O;SPEF1;FAN1;CALM1;GOLGA8R;GJD3;GOLGA8J;SIN3A;APP;CXADR;TRPM3;FANCD2,"[8, 68, 354, 1579, 1980, 2268, 2674, 3422, 3491, 5030, 5340, 5522, 6354, 6365, 6868, 7307, 8112, 8314, 8412, 8465, 8521, 8626, 8756, 9168, 9707, 9900, 10148, 10650, 10837, 11091, 11130, 11644, 11906, 12216, 12651, 12778, 12788, 12798, 12911, 12926, 12971, 13968, 14331, 14343, 14779, 14980, 15307, 15340, 15543, 15665, 16037, 16924, 17393]",c2.cp.wikipathways__WP_15Q11Q13_COPY_NUMBER_VARIATION
c2.cp.wikipathways,WP_NEUROGENESIS_REGULATION_IN_THE_OLFACTORY_EPITHELIUM,prerank,-0.36046502814865145,-1.2013795819641746,0.14711359404096835,0.5575722434472605,1.0,12_54,12/54,14.74%,BDNF;VLDLR;FAIM;PAFAH1B1;RELN;MAP2;MAP1B;APP;GSK3B;CXCL12;RTN4;NEUROD1,TCF3;MYC;SOX2;ASCL1;DLL1;NEUROG3;DISC1;NOTCH1;NGF;STAT3;HES1;ID2;AGRN;PAX6;NGFR;SEMA4A;NUMB;MARK2;JAG1;NUMBL;PLXND1;ID1;CDK5;KDM1A;NTRK2;NTRK3;LRP8;RTN4R;GHRL;HEY1;NTRK1;NDEL1;TCF4;MECP2;RET;DAB1;CDK5R1;NRG1;MAPT;MEF2C;PSEN1;ERBB4;NEUROD1;RTN4;CXCL12;GSK3B;APP;MAP1B;MAP2;RELN;PAFAH1B1;FAIM;VLDLR;BDNF,"[734, 1232, 1488, 2116, 2363, 2375, 2378, 2437, 3051, 3143, 3383, 4494, 4626, 4803, 4970, 4976, 5201, 5254, 5281, 5396, 5795, 6042, 6185, 6232, 7280, 7586, 7888, 7943, 8489, 8866, 9253, 9422, 9842, 10143, 10215, 10237, 10324, 10902, 11206, 12683, 13571, 13750, 14937, 14995, 15207, 15613, 15665, 15803, 15965, 16364, 16518, 16950, 17256, 17360]",c2.cp.wikipathways__WP_NEUROGENESIS_REGULATION_IN_THE_OLFACTORY_EPITHELIUM
c2.cp.wikipathways,WP_SLEEP_REGULATION,prerank,-0.3918191431624362,-1.2031676749701556,0.1889908256880734,0.5608094835017569,1.0,9_34,9/34,12.27%,DRD3;NLGN1;CRH;PER3;HTR2A;DLAT;DRD2;UTS2;HCRTR1,IL18;ADORA2A;OXT;IL6;PTGDR;PTGDS;FOS;CACNA1I;NPAS2;UTS2R;TH;ADA;BTBD9;OXTR;CST3;NPY2R;SLC29A1;ADORA1;GHRL;DRD1;STAR;AHCY;HCRTR2;GRIN2A;CHRNB2;HCRTR1;UTS2;DRD2;DLAT;HTR2A;PER3;CRH;NLGN1;DRD3,"[662, 691, 1666, 2121, 2128, 2819, 2889, 3829, 4199, 5328, 5573, 6139, 6149, 6281, 6578, 7113, 8230, 8257, 8489, 8994, 10420, 10439, 11168, 13106, 14006, 15370, 15437, 15657, 15682, 16012, 16170, 16441, 16739, 17282]",c2.cp.wikipathways__WP_SLEEP_REGULATION
c2.cp.wikipathways,WP_ENTEROCYTE_CHOLESTEROL_METABOLISM,prerank,0.3229866871235834,1.0056175979010173,0.4344086021505376,0.5635018864382659,1.0,4_34,4/34,3.81%,NPC1L1;MGAT1;HSD17B7;APOA1,NPC1L1;MGAT1;HSD17B7;APOA1;DGAT1;PMVK;ABCA1;EBP;LSS;DHCR7;LDLR;ABCG8;FDFT1;MVD;LBR;APOB;DHCR24;FDPS;MSMO1;SLC27A4;MVK;NSDHL;ABCG5;SQLE;SAR1B;HMGCR;ACAT2;MTTP;CYP51A1;IDI1;HMGCS1;TM7SF2;SC5D;CD36,"[30, 100, 590, 666, 1710, 2250, 2620, 3700, 4326, 4439, 4749, 5875, 6284, 6482, 8625, 9399, 9913, 10275, 10879, 10899, 11336, 11828, 12511, 12919, 13565, 13646, 13813, 14598, 15131, 15748, 16695, 16848, 17228, 17434]",c2.cp.wikipathways__WP_ENTEROCYTE_CHOLESTEROL_METABOLISM
c2.cp.wikipathways,WP_ESTROGEN_METABOLISM_WP5276,prerank,0.3839149642531986,1.0031072352402222,0.4820295983086681,0.5673710095638425,1.0,5_16,5/16,14.07%,HSD17B7;HSD17B1;CYP3A4;AKR1C3;CYP1B1,HSD17B7;HSD17B1;CYP3A4;AKR1C3;CYP1B1;COMT;CYP3A5;HSD17B10;HSD17B14;CYP2C19;HSD17B4;HSD17B3;CYP2C8;CYP19A1;CYP3A7;HSD17B8,"[590, 1515, 2099, 2427, 2464, 4271, 4567, 6026, 6358, 8163, 8387, 11815, 13463, 13478, 15570, 16329]",c2.cp.wikipathways__WP_ESTROGEN_METABOLISM_WP5276
c2.cp.wikipathways,WP_MITOCHONDRIAL_COMPLEX_III_ASSEMBLY,prerank,-0.5041739188720901,-1.2036339342067413,0.22265625,0.5678882712843007,1.0,2_13,2/13,9.82%,LYRM7;UQCRC2,UQCR10;UQCRH;UQCRQ;UQCR11;UQCRC1;CYC1;BCS1L;UQCRB;UQCRFS1;MT-CYB;TTC19;UQCRC2;LYRM7,"[3793, 4384, 4509, 4882, 5608, 5661, 5886, 7480, 7978, 8295, 13641, 15798, 17419]",c2.cp.wikipathways__WP_MITOCHONDRIAL_COMPLEX_III_ASSEMBLY
c2.cp.wikipathways,WP_PAFAH1B1_COPY_NUMBER_VARIATION,prerank,-0.5091691312844498,-1.1588759140735339,0.2765957446808511,0.5689680361582407,1.0,5_11,5/11,11.29%,VLDLR;TUBA1A;PAFAH1B1;RELN;DYNC1H1,PAFAH1B3;NUDC;CLIP1;NDEL1;DCX;PAFAH1B2;DYNC1H1;RELN;PAFAH1B1;TUBA1A;VLDLR,"[587, 598, 9175, 9422, 12922, 13515, 15541, 16364, 16518, 17082, 17256]",c2.cp.wikipathways__WP_PAFAH1B1_COPY_NUMBER_VARIATION
c2.cp.wikipathways,WP_MITOCHONDRIAL_FISSION_AND_FUSION,prerank,-0.494332617738239,-1.1716954510392148,0.276,0.5704326211965872,1.0,3_12,3/12,4.22%,MFN1;OPA1;DNM1L,BCL2L1;MTFP1;BAX;SH3GL2;MIB1;FIS1;BNIP3;MFN2;PLD1;DNM1L;OPA1;MFN1,"[1087, 1155, 1799, 8953, 10302, 10664, 12352, 13019, 13456, 16779, 17236, 17377]",c2.cp.wikipathways__WP_MITOCHONDRIAL_FISSION_AND_FUSION
c2.cp.wikipathways,WP_TRANSSULFURATION_ONECARBON_METABOLISM_AND_RELATED_PATHWAYS,prerank,0.2883544137187738,0.9985351236841867,0.4340425531914894,0.574177270488728,1.0,13_64,13/64,12.48%,SLC25A48;BCAT2;MTHFD2;SHMT2;CHPT1;PSPH;PHGDH;GPX1;CHKB;CHDH;CBS;DNMT3L;MAT2A,SLC25A48;BCAT2;MTHFD2;SHMT2;CHPT1;PSPH;PHGDH;GPX1;CHKB;CHDH;CBS;DNMT3L;MAT2A;GNMT;SHMT1;AHCYL2;PSAT1;SOD1;MTHFD2L;GPX4;CDO1;ETNK2;BHMT2;GPX2;DHFR;ALDH7A1;SOD3;ETNK1;MTHFR;PEMT;MAT1A;GPX3;DNM1;CEPT1;PCYT2;AMT;BHMT;GCLM;SOD2;MAT2B;AHCY;AHCYL1;CSAD;SARDH;DNMT3B;PCYT1B;DMGDH;PCYT1A;CHKA;DNMT3A;PLD1;GSR;BAAT;MTHFD1L;CTH;GPX7;MTHFD1;GCLC;GAD1;GSS;BCAT1;GAD2;TYMS;MTR,"[104, 375, 723, 738, 978, 1219, 1243, 1260, 1696, 1704, 1781, 2064, 2185, 2626, 3082, 3088, 3159, 3398, 3770, 4303, 4647, 4860, 4954, 5584, 5804, 5966, 6504, 6698, 6721, 7482, 7783, 7945, 8266, 8718, 8811, 9202, 9256, 9357, 9445, 9924, 10439, 10453, 10698, 11013, 11295, 11300, 11830, 11972, 12264, 12561, 13456, 14462, 14724, 15300, 15409, 15468, 15626, 15915, 16002, 16076, 16100, 16716, 16776, 17470]",c2.cp.wikipathways__WP_TRANSSULFURATION_ONECARBON_METABOLISM_AND_RELATED_PATHWAYS
c2.cp.wikipathways,WP_VITAMIN_B12_METABOLISM,prerank,0.30987841363586227,0.9988390434913008,0.47046843177189407,0.574849081579795,1.0,14_45,14/45,17.43%,NFKB2;RELA;APOA1;SHMT2;CBS;CCL2;ICAM1;IL6;SCARB1;SERPINA3;ABCA1;CRP;NFKB1;INSR,NFKB2;RELA;APOA1;SHMT2;CBS;CCL2;ICAM1;IL6;SCARB1;SERPINA3;ABCA1;CRP;NFKB1;INSR;SOD1;TNF;SERPINE1;APOE;TCN2;IL1B;LDLR;TCN1;PLAT;CCL5;SOD3;MTHFR;F2;MAT1A;CUBN;APOB;SOD2;PLG;LRP2;SAA4;MPO;MMAB;SAA2;F7;CTH;HBA1;MTRR;HBB;ALB;MCEE;MTR,"[56, 68, 666, 738, 1781, 1826, 1872, 2121, 2430, 2558, 2620, 2639, 2835, 3052, 3398, 3515, 4011, 4072, 4077, 4629, 4749, 4772, 5897, 6365, 6504, 6721, 7524, 7783, 8753, 9399, 9445, 9981, 12026, 12049, 12599, 12837, 14579, 14816, 15409, 15448, 16354, 17049, 17145, 17175, 17470]",c2.cp.wikipathways__WP_VITAMIN_B12_METABOLISM
c2.cp.wikipathways,WP_AGERELATED_MACULAR_DEGENERATION,prerank,-0.45370556951848984,-1.1590768287345594,0.26481481481481484,0.5755123813911938,1.0,3_17,3/17,5.73%,PRKAA1;PRKAG1;PARP2,MAPK3;PMAIP1;SIRT1;MLST8;PRKAG3;RPTOR;RPS6KB1;PRKAG2;PRKAA2;PPARGC1A;MDH1;MTOR;PRKAB1;PRKAB2;PARP2;PRKAG1;PRKAA1,"[1114, 3544, 3998, 5180, 5219, 7231, 8326, 8791, 11483, 11622, 12589, 13065, 13247, 13709, 16516, 16705, 17412]",c2.cp.wikipathways__WP_AGERELATED_MACULAR_DEGENERATION
c2.cp.wikipathways,WP_VASOPRESSINREGULATED_WATER_REABSORPTION,prerank,-0.3646626446155567,-1.1641461305086918,0.21482889733840305,0.5761869035163096,1.0,16_42,16/42,28.08%,DCTN4;PRKACB;DCTN5;DYNC2LI1;RAB5A;DYNC1H1;DYNC1I2;DYNC1LI1;DYNC1I1;DCTN6;RAB5B;RAB11A;CREB5;CREB3L1;AVPR2;DYNC2H1,ADCY9;AQP3;DYNLL1;ARHGDIB;CREB3;AQP4;CREB3L3;STX4;GNAS;ARHGDIA;ARHGDIG;RAB11B;ADCY6;CREB3L2;ADCY3;DCTN2;PRKACA;VAMP2;CREB1;DYNLL2;CREB3L4;AVP;NSF;DYNC1LI2;RAB5C;DCTN1;DYNC2H1;AVPR2;CREB3L1;CREB5;RAB11A;RAB5B;DCTN6;DYNC1I1;DYNC1LI1;DYNC1I2;DYNC1H1;RAB5A;DYNC2LI1;DCTN5;PRKACB;DCTN4,"[2127, 2445, 2497, 2833, 3259, 3526, 4064, 4586, 4729, 4816, 5743, 6712, 6958, 7542, 9021, 9173, 9427, 9949, 10478, 10875, 10914, 11326, 11436, 11494, 11683, 11827, 12600, 12620, 12752, 12917, 13852, 14289, 14688, 14785, 14924, 15533, 15541, 15603, 16177, 16434, 16466, 17280]",c2.cp.wikipathways__WP_VASOPRESSINREGULATED_WATER_REABSORPTION
c2.cp.wikipathways,WP_INTERACTOME_OF_POLYCOMB_REPRESSIVE_COMPLEX_2_PRC2,prerank,-0.463426622446641,-1.1775663400565646,0.2541436464088398,0.5765880052938924,1.0,7_16,7/16,20.82%,RBBP4;MTF2;THRAP3;BCLAF1;TRIM35;SETX;SUZ12,STK38;EED;EZH1;ELL;MORC3;JARID2;RBBP7;AEBP2;EZH2;SUZ12;SETX;TRIM35;BCLAF1;THRAP3;MTF2;RBBP4,"[222, 3207, 4204, 6131, 6912, 8370, 8460, 9039, 9837, 13872, 13907, 15354, 15650, 16408, 16567, 17106]",c2.cp.wikipathways__WP_INTERACTOME_OF_POLYCOMB_REPRESSIVE_COMPLEX_2_PRC2
c2.cp.wikipathways,WP_FLUOROPYRIMIDINE_ACTIVITY,prerank,-0.39115257486815597,-1.1719455395287361,0.23346303501945526,0.5770969858390407,1.0,6_33,6/33,9.92%,CES2;TYMS;CYP2A6;TDG;RRM1;UCK2,CDA;UCK1;XRCC3;TYMP;CES1;UPP2;ABCC3;ABCC4;RRM2;SLC22A7;TK1;ERCC2;GGH;DPYS;DHFR;MTHFR;UPB1;ABCC5;SLC29A1;TP53;UPP1;PPAT;ABCG2;SMUG1;UMPS;FPGS;DPYD;UCK2;RRM1;TDG;CYP2A6;TYMS;CES2,"[815, 1047, 1959, 2704, 3434, 3616, 4275, 4382, 4435, 4635, 4874, 5609, 5610, 5794, 5804, 6721, 7561, 7605, 8230, 8693, 9224, 9844, 10849, 11086, 11137, 12155, 12366, 15781, 16148, 16308, 16405, 16776, 17408]",c2.cp.wikipathways__WP_FLUOROPYRIMIDINE_ACTIVITY
c2.cp.wikipathways,WP_CYSTEINE_AND_METHIONINE_CATABOLISM,prerank,-0.47331399343371566,-1.1599326254486744,0.2742857142857143,0.5801422557329419,1.0,4_14,4/14,12.04%,MTR;GSS;GCLC;CTH,ETHE1;MPST;CBS;CDO1;MAT1A;SUOX;BHMT;AHCY;CSAD;GOT1;CTH;GCLC;GSS;MTR,"[1156, 1450, 1781, 4647, 7783, 9136, 9256, 10439, 10698, 10780, 15409, 15915, 16076, 17470]",c2.cp.wikipathways__WP_CYSTEINE_AND_METHIONINE_CATABOLISM
c2.cp.wikipathways,WP_ERK_PATHWAY_IN_HUNTINGTONS_DISEASE,prerank,0.3852126992355014,0.9938920650344928,0.4410569105691057,0.5829408191139999,1.0,6_17,6/17,17.32%,CASP7;ELK1;MAPK3;MAP2K2;EGFR;RAF1,CASP7;ELK1;MAPK3;MAP2K2;EGFR;RAF1;HRAS;EGF;MAP2K1;NTRK2;GRM1;CREB1;HTT;MAPK1;CASP3;RPS6KA5;BDNF,"[112, 973, 1114, 2104, 2347, 3033, 3976, 4444, 5701, 7280, 10008, 10478, 11996, 12772, 12945, 16291, 17360]",c2.cp.wikipathways__WP_ERK_PATHWAY_IN_HUNTINGTONS_DISEASE
c2.cp.wikipathways,WP_BRAINDERIVED_NEUROTROPHIC_FACTOR_BDNF_SIGNALING,prerank,-0.2960653129588286,-1.1643323557600953,0.1306715063520871,0.5831279682517323,1.0,24_142,24/142,11.75%,CDKL5;PRKAA1;BDNF;SHC3;KIDINS220;RASGRF1;EGR2;STAT1;CAMK4;CSNK2A1;EIF4E;MAPK8;RPS6KA5;GRIN2B;KCNA3;CDC42;DLG1;CTNNB1;PTPN11;EGR1;GSK3B;DOCK3;MEF2A;NTF3,RELA;NFKBIA;NFATC4;PIK3R2;PLCG1;EIF4EBP1;NCF1;ELK1;FYN;MAPK3;NCK2;SHC2;VAV3;MAP2K2;SRC;IKBKB;IRS2;BAD;SH2B2;SQSTM1;JUN;NFKB1;FOS;RAF1;NGF;YBX1;STAT3;SIRPA;AKT1;CDH2;MAPK7;RPS6;BCL2L11;HRAS;SH2B1;STAT5A;EIF2S2;DOK5;SHC1;NCF2;CYFIP1;GRIN1;NGFR;STAT5B;IRS1;RPS6KA1;RAP1A;ACACB;MAP2K1;SYN1;NCK1;CDK5;SPP1;KSR1;CRTC1;PTK2B;CAMK1;CFL1;MAP3K1;NTRK2;LINGO1;MAPK14;ALPL;IKBKG;NTRK3;MAP2K5;TSC2;GRIA1;FOXO3;RHOG;VAV2;RPS6KB1;CAMK2A;GRIP1;RANBP9;JAK2;MARCKS;KCNN2;NTRK1;EEF2;RAB3A;RPS6KA3;MAP3K2;FRS3;NCAM1;PRKCD;APC;GABRB3;SORT1;MAPK10;CDK5R1;CREB1;SHC4;BMP2;PTPRF;PDPK1;MAPT;GRB2;NSF;RAC1;PRKAA2;DPYSL2;GRIA3;TRAF6;CHUK;MEF2C;PPP2CA;MAPK1;CNR1;CASP3;MTOR;GRIA2;TIAM1;FRS2;PIK3R1;EIF2S1;MAPK9;ADAM17;NTF3;MEF2A;DOCK3;GSK3B;EGR1;PTPN11;CTNNB1;DLG1;CDC42;KCNA3;GRIN2B;RPS6KA5;MAPK8;EIF4E;CSNK2A1;CAMK4;STAT1;EGR2;RASGRF1;KIDINS220;SHC3;BDNF;PRKAA1;CDKL5,"[68, 132, 262, 350, 405, 455, 461, 973, 1046, 1114, 1329, 1762, 2050, 2104, 2278, 2341, 2357, 2388, 2673, 2762, 2824, 2835, 2889, 3033, 3051, 3086, 3143, 3184, 3267, 3499, 3561, 3757, 3812, 3976, 4052, 4109, 4201, 4347, 4654, 4720, 4757, 4890, 4970, 5095, 5115, 5141, 5616, 5622, 5701, 5960, 6129, 6185, 6253, 6359, 6445, 6883, 6902, 6939, 7054, 7280, 7284, 7304, 7488, 7584, 7586, 7975, 7998, 8002, 8003, 8079, 8144, 8326, 8596, 8810, 8817, 8889, 9000, 9188, 9253, 9332, 9354, 9363, 9404, 9443, 9574, 9580, 9884, 9903, 9962, 10309, 10324, 10478, 10517, 10854, 10944, 10975, 11206, 11405, 11436, 11471, 11483, 11489, 11991, 11998, 12017, 12683, 12732, 12772, 12824, 12945, 13065, 13642, 13688, 13783, 14526, 14673, 14702, 14928, 15460, 15464, 15555, 15613, 15627, 16007, 16018, 16023, 16108, 16219, 16281, 16291, 16304, 16760, 16833, 16852, 16938, 16961, 17048, 17129, 17200, 17360, 17412, 17515]",c2.cp.wikipathways__WP_BRAINDERIVED_NEUROTROPHIC_FACTOR_BDNF_SIGNALING
c2.cp.wikipathways,WP_CHOLESTEROL_BIOSYNTHESIS_PATHWAY,prerank,-0.46571011933031864,-1.1724333851545496,0.24612403100775193,0.5833797970600824,1.0,4_15,4/15,13.63%,SC5D;HMGCS1;IDI1;CYP51A1,PMVK;LSS;DHCR7;FDFT1;MVD;FDPS;MSMO1;MVK;NSDHL;SQLE;HMGCR;CYP51A1;IDI1;HMGCS1;SC5D,"[2250, 4326, 4439, 6284, 6482, 10275, 10879, 11336, 11828, 12919, 13646, 15131, 15748, 16695, 17228]",c2.cp.wikipathways__WP_CHOLESTEROL_BIOSYNTHESIS_PATHWAY
c2.cp.wikipathways,WP_PYRIMIDINE_METABOLISM_AND_RELATED_DISEASES,prerank,-0.4402515082149453,-1.1777033563365422,0.24282982791587,0.5841150883095769,1.0,8_19,8/19,30.13%,TYMS;RRM1;RRM2B;CPS1;DHODH;NT5C;DPYD;OTC,TYMP;RRM2;DPYS;TK2;ALDH6A1;CAD;UPB1;GLS2;ABAT;NT5C3A;UMPS;OTC;DPYD;NT5C;DHODH;CPS1;RRM2B;RRM1;TYMS,"[2704, 4435, 5794, 5872, 6214, 7457, 7561, 8917, 9642, 10720, 11137, 12240, 12366, 12849, 13059, 13162, 15782, 16148, 16776]",c2.cp.wikipathways__WP_PYRIMIDINE_METABOLISM_AND_RELATED_DISEASES
c2.cp.wikipathways,WP_CELL_DIFFERENTIATION_EXPANDED_INDEX,prerank,0.37507381462061357,0.9876775198993194,0.48440748440748443,0.5896471992820025,1.0,7_17,7/17,26.53%,MEF2B;SOX2;KLF4;STAT3;ID2;MYOD1;HDAC5,MEF2B;SOX2;KLF4;STAT3;ID2;MYOD1;HDAC5;SRF;LEFTY1;RUNX2;TLX2;LEFTY2;EZH2;MEF2D;MEF2C;MEF2A;PAX7,"[121, 1488, 2806, 3143, 4494, 4524, 4646, 5159, 5642, 6841, 6980, 7533, 9837, 12103, 12683, 15464, 15619]",c2.cp.wikipathways__WP_CELL_DIFFERENTIATION_EXPANDED_INDEX
c2.cp.wikipathways,WP_MEVALONATE_ARM_OF_CHOLESTEROL_BIOSYNTHESIS_PATHWAY,prerank,-0.48828174190281537,-1.178443355528181,0.244140625,0.5899401342588567,1.0,5_13,5/13,22.11%,HMGCS1;IDI1;HMGCL;ACAT2;HMGCR,PMVK;FDFT1;MVD;ACAT1;FDPS;GGPS1;IDI2;MVK;HMGCR;ACAT2;HMGCL;IDI1;HMGCS1,"[2250, 6284, 6482, 8886, 10275, 10316, 10800, 11336, 13646, 13813, 15297, 15748, 16695]",c2.cp.wikipathways__WP_MEVALONATE_ARM_OF_CHOLESTEROL_BIOSYNTHESIS_PATHWAY
c2.cp.wikipathways,WP_NEURAL_CREST_CELL_MIGRATION_DURING_DEVELOPMENT,prerank,0.32135623035350874,0.9854729504314522,0.474468085106383,0.5905231007727128,1.0,10_36,10/36,18.66%,MMP9;PIK3R5;PIK3CD;PAK4;EPHB4;TWIST1;JUN;FOS;STAT3;AKT1,MMP9;PIK3R5;PIK3CD;PAK4;EPHB4;TWIST1;JUN;FOS;STAT3;AKT1;AKT2;NGFR;EPHB6;ARF1;PIK3CG;EPHB1;PIK3R3;EPHB3;PIK3CA;CDH11;PAK2;RHOA;TRIO;NGEF;PAK6;RAC1;MMP2;PIK3CB;TIAM1;EPHB2;PAK1;AKT3;F2RL2;PIK3R4;PAK3;BDNF,"[27, 466, 790, 912, 1755, 1908, 2824, 2889, 3143, 3267, 3956, 4970, 5600, 6147, 6453, 6652, 6862, 6965, 7105, 7390, 7446, 7817, 8219, 8814, 10408, 11471, 11784, 13676, 13688, 14005, 14368, 14998, 16081, 16837, 17241, 17360]",c2.cp.wikipathways__WP_NEURAL_CREST_CELL_MIGRATION_DURING_DEVELOPMENT
c2.cp.wikipathways,WP_ALSTROM_SYNDROME,prerank,0.3298865137653255,0.9877067864213316,0.4816326530612245,0.5909393119567004,1.0,4_31,4/31,2.49%,E2F4;SMO;RFX1;RFX2,E2F4;SMO;RFX1;RFX2;CEP19;BLOC1S4;STX5;SNAPIN;RILPL1;NSFL1C;GPR161;BLOC1S1;TUBG1;IFT172;VCP;RABL2A;DTNBP1;PTCH1;ACTN4;TFDP2;VCPIP1;RFX3;GPRASP2;BLOC1S6;MYO5B;IFT81;IFT74;CEP192;DNM3;IFT27;ALMS1,"[229, 393, 401, 436, 2366, 3595, 4597, 5056, 5677, 5933, 6632, 7005, 7009, 7083, 7245, 7682, 7913, 9019, 9667, 10817, 10826, 12470, 12774, 14633, 15331, 15796, 15947, 16755, 16878, 17168, 17383]",c2.cp.wikipathways__WP_ALSTROM_SYNDROME
c2.cp.wikipathways,WP_REGULATION_OF_WNT_BCATENIN_SIGNALING_BY_SMALL_MOLECULE_COMPOUNDS,prerank,0.37415320192895674,0.9893539415400556,0.4567901234567901,0.591409678727046,1.0,5_17,5/17,11.35%,FZD8;AXIN1;LEF1;DVL2;FZD1,FZD8;AXIN1;LEF1;DVL2;FZD1;LRP1;DKK3;FZD7;TCF4;APC;MBOAT1;WNT1;TNKS;GSK3B;CSNK1A1;CTNNB1;SFRP4,"[225, 877, 1377, 1798, 1987, 3463, 5972, 7442, 9842, 9884, 11619, 14329, 14449, 15613, 15773, 16018, 16403]",c2.cp.wikipathways__WP_REGULATION_OF_WNT_BCATENIN_SIGNALING_BY_SMALL_MOLECULE_COMPOUNDS
c2.cp.wikipathways,WP_UREA_CYCLE_AND_ASSOCIATED_PATHWAYS,prerank,0.34633063191588415,0.9855832360110992,0.4849137931034483,0.5916331949388374,1.0,5_24,5/24,12.39%,NAGS;NOS3;PYCR1;ARG1;GPT,NAGS;NOS3;PYCR1;ARG1;GPT;ALDH4A1;ASS1;LDHB;GLUD1;GLS2;SLC25A12;MDH2;GOT2;GOT1;ASL;NOS2;OTC;FH;MDH1;OAT;CPS1;NOS1;SLC25A13;SLC25A15,"[250, 335, 1529, 2020, 2170, 3735, 5245, 7949, 8416, 8917, 9190, 9356, 9604, 10780, 11228, 11576, 12240, 12562, 12589, 12779, 13162, 15846, 16678, 16838]",c2.cp.wikipathways__WP_UREA_CYCLE_AND_ASSOCIATED_PATHWAYS
c2.cp.wikipathways,WP_INTERLEUKIN1_INDUCED_ACTIVATION_OF_NFKB,prerank,0.4285429951032186,0.9878787677011492,0.47983014861995754,0.5919308905435536,1.0,5_10,5/10,16.19%,AJUBA;TIFA;IRAK1;SQSTM1;NFKB1,AJUBA;TIFA;IRAK1;SQSTM1;NFKB1;TRAF6;IL1A;PRKCZ;UBE2N;UBE2V1,"[1345, 2086, 2376, 2762, 2835, 11998, 12614, 13086, 14060, 15215]",c2.cp.wikipathways__WP_INTERLEUKIN1_INDUCED_ACTIVATION_OF_NFKB
c2.cp.wikipathways,WP_CHRONIC_HYPERGLYCEMIA_IMPAIRMENT_OF_NEURON_FUNCTION,prerank,0.3188602895304265,0.9859927775993237,0.47578947368421054,0.5921324072959824,1.0,6_38,6/38,7.99%,MMP9;MMP23B;AGER;SLC2A3;C3;MMP25,MMP9;MMP23B;AGER;SLC2A3;C3;MMP25;MMP19;SLC2A1;PRKD3;MMP15;MMP14;MMP16;TKTL1;MMP11;PRKCH;MMP17;SCN9A;TRPV1;MMP28;PRKCD;PRKCG;MMP21;PRKCA;NOS2;MMP2;TRPA1;PRKCZ;SNAP25;PRKCE;SCN10A;MMP24;PRKCB;SORD;PRKCI;PRKCQ;SCN8A;BDNF;MMP3,"[27, 89, 759, 833, 1102, 1399, 1899, 3156, 3671, 3949, 4031, 4548, 5191, 5605, 6300, 7364, 7637, 7656, 7744, 9580, 9622, 10310, 10873, 11576, 11784, 12111, 13086, 13308, 13636, 14233, 14499, 14648, 15002, 15221, 16535, 17340, 17360, 17427]",c2.cp.wikipathways__WP_CHRONIC_HYPERGLYCEMIA_IMPAIRMENT_OF_NEURON_FUNCTION
c2.cp.wikipathways,WP_PARKINSONS_DISEASE_PATHWAY,prerank,0.32218281626438783,0.9839983119126711,0.47347740667976423,0.5923809399603177,1.0,10_35,10/35,19.49%,CASP7;UBE2J2;UBE2L3;CASP6;MAPK11;SLC6A3;UBE2L6;MAPK12;PARK7;UBE2G2,CASP7;UBE2J2;UBE2L3;CASP6;MAPK11;SLC6A3;UBE2L6;MAPK12;PARK7;UBE2G2;CCNE1;UBA1;UBB;TH;UCHL1;CASP2;CASP9;HTRA2;MAPK14;PINK1;UBA7;MAPK13;ATXN2;LRRK2;SNCA;UBE2J1;CYCS;CASP3;DDC;SNCAIP;APAF1;GPR37;CCNE2;UBE2G1;SYT11,"[112, 426, 2076, 2212, 2344, 2789, 2986, 2998, 3030, 3413, 4289, 4716, 4750, 5573, 5855, 6081, 6429, 6990, 7304, 7359, 8451, 8706, 10049, 10661, 10959, 11355, 11932, 12945, 13144, 13201, 13773, 13846, 15109, 16250, 17137]",c2.cp.wikipathways__WP_PARKINSONS_DISEASE_PATHWAY
c2.cp.wikipathways,WP_MARKERS_OF_KIDNEY_CELL_LINEAGE,prerank,0.29526798238608887,0.9879766578909347,0.46041666666666664,0.5931006222121394,1.0,12_54,12/54,13.92%,SIX1;PDGFRB;SIX2;EMX2;BMP4;OSR1;EGLN1;BMP7;NOTCH2;EGLN2;DCN;NOTCH1,SIX1;PDGFRB;SIX2;EMX2;BMP4;OSR1;EGLN1;BMP7;NOTCH2;EGLN2;DCN;NOTCH1;HNF1A;WNT4;RSPO3;AXIN2;FGF8;SALL1;JAG1;EGLN3;SMAD5;TSHZ3;SMAD1;DACT1;NT5E;TBX18;KCTD1;WNT5A;WT1;EYA1;FOXD1;VSX2;EPO;HNF4A;CITED1;KDR;NTN1;PAX2;FAT4;GDNF;FGF7;RSPO1;ALDH1A2;NPHS1;HNF1B;AP2B1;SFRP1;PBX1;DES;KIT;REN;TNC;ACTA2;LHX1,"[252, 420, 474, 543, 730, 1717, 1719, 2039, 2279, 2317, 2386, 2437, 3074, 3643, 3836, 3853, 5132, 5206, 5281, 5778, 6234, 6975, 7143, 7544, 8071, 8129, 8843, 8910, 9281, 9505, 9543, 9678, 9692, 9719, 9851, 10163, 11694, 11698, 11975, 12063, 12101, 12551, 12901, 13323, 13408, 13857, 15127, 15130, 15563, 15737, 15761, 16400, 17077, 17510]",c2.cp.wikipathways__WP_MARKERS_OF_KIDNEY_CELL_LINEAGE
c2.cp.wikipathways,WP_PRIMARY_OVARIAN_INSUFFICIENCY,prerank,-0.310973310850867,-1.1832073295591718,0.13793103448275862,0.5932474016241722,1.0,34_118,34/118,24.77%,CYP17A1;KHDRBS1;PCCB;WRN;NBN;COX10;FANCM;NUP107;MLH1;ESR1;LIG4;XRCC2;XRCC4;SOHLH2;FMR1;SLX4;PREPL;HELQ;PGRMC1;HFM1;C1orf146;RCBTB1;PMM2;XPNPEP2;DCAF17;MRPS22;DMC1;CENPE;CYP19A1;AARS2;RFWD3;STAG3;ERCC6;EIF2B1,AIRE;TGFBR3;HSD17B1;FANCC;EIF2B5;FOXL2;POLR3H;NOTCH2;BMP6;TP63;POLG;CLPP;AMH;C14orf39;NANOS3;EIF2B4;MCM8;PSMC3IP;BMPR1B;SIL1;MST1R;GNAS;EIF2B2;HAX1;ERAL1;LARS2;ZP3;LMNA;ATG9A;SOHLH1;BMPR1A;RAD51;WDR62;LGR4;MND1;POF1B;MSH4;BNC1;SWI5;BLM;SOX8;NR5A1;PCCA;AR;LAMC1;SYCE1;MCMDC2;HSD17B4;ZAR1;FANCI;FANCA;BRCA2;PPM1B;ELAVL2;MGME1;DAZL;WT1;POLR2C;EIF4ENIF1;ALOX12;SALL4;BMPR2;GALT;STAR;PRDM1;MEIOB;DIAPH2;STRA8;MSH5;ATM;ESR2;HMMR;CPEB1;FSHR;ATG7;HARS2;NUP43;CAV1;MCM9;FANCL;GDF9;SYCP2L;EXO1;ANTXR1;EIF2B1;ERCC6;STAG3;RFWD3;AARS2;CYP19A1;CENPE;DMC1;MRPS22;DCAF17;XPNPEP2;PMM2;RCBTB1;C1orf146;HFM1;PGRMC1;HELQ;PREPL;SLX4;FMR1;SOHLH2;XRCC4;XRCC2;LIG4;ESR1;MLH1;NUP107;FANCM;COX10;NBN;WRN;PCCB;KHDRBS1;CYP17A1,"[847, 894, 1515, 1672, 1685, 1699, 1849, 2279, 2547, 2867, 3012, 3176, 3211, 3285, 3584, 3656, 3657, 3713, 4114, 4508, 4680, 4729, 4808, 4867, 5023, 5131, 5249, 5411, 5732, 5997, 6579, 6595, 6630, 6660, 6667, 6754, 6777, 6785, 6852, 6875, 7323, 7472, 7515, 7620, 7640, 8238, 8273, 8387, 8453, 8465, 8525, 8630, 8873, 8893, 9072, 9243, 9281, 9284, 9395, 9781, 9878, 10005, 10199, 10420, 10431, 10592, 10864, 11125, 11249, 11270, 11385, 11716, 11739, 11912, 11948, 11994, 12077, 12109, 12120, 12124, 12163, 12384, 12455, 12885, 13180, 13196, 13300, 13348, 13403, 13478, 13509, 13559, 13770, 13772, 13817, 14336, 14367, 14388, 14652, 14655, 14897, 14964, 14989, 15036, 15248, 15735, 15886, 16077, 16134, 16252, 16256, 16299, 16431, 16435, 16497, 17008, 17248, 17326]",c2.cp.wikipathways__WP_PRIMARY_OVARIAN_INSUFFICIENCY
c2.cp.wikipathways,WP_SMITHMAGENIS_AND_POTOCKILUPSKI_SYNDROME_COPY_NUMBER_VARIATION,prerank,0.24996285005294555,0.9822136722814057,0.5161987041036717,0.5949222456994574,1.0,30_138,30/138,17.95%,RELA;PARD3;NR1H3;BCL6;FHOD1;FLCN;PCK1;PER1;IRF8;MYC;ALKBH5;MED9;BAX;RASD1;MKLN1;FLII;YAP1;DRG2;TFE3;CLTB;ATPAF2;ULK1;COPS6;JUN;NFKB1;WWTR1;MAEA;ITPK1;SHMT1;STAT3,RELA;PARD3;NR1H3;BCL6;FHOD1;FLCN;PCK1;PER1;IRF8;MYC;ALKBH5;MED9;BAX;RASD1;MKLN1;FLII;YAP1;DRG2;TFE3;CLTB;ATPAF2;ULK1;COPS6;JUN;NFKB1;WWTR1;MAEA;ITPK1;SHMT1;STAT3;GID4;TNF;TLR4;BCL2L11;HBP1;ARG2;MYD88;TFEB;IL1B;PARD6B;CARM1;CLTA;CLEC16A;CRY1;MLST8;TNFSF13;PLD6;NT5M;IQCA1;GPS1;BIRC2;ROCK1;MYO15A;BLM;RAB8A;IFT46;IFT20;IFT172;RNF41;HES6;RPTOR;TOLLIP;IQCD;LIMK1;PEMT;NR1H2;GAS8;RHOA;RMND5A;FOXA1;RAI1;CDK1;TP53;LLGL1;PRKAG2;GRIP1;RANBP9;RB1CC1;RMI1;RRAGA;COPS5;SREBF1;RAB39B;RMI2;IFT57;LDHA;MYO16;APBB1;WDR26;RAB10;PRDM1;CREB1;PTEN;DRC1;ATG13;COPS4;TOM1L2;EFCAB2;MPRIP;IFT88;CRY2;DENR;GPR85;CCDC65;FNIP2;MTOR;PRKAB1;IFT80;COPS7A;COPS3;PPP1R12A;COPS8;FNIP1;COPS2;ARMC8;PPP1R14A;FBXL13;SMCR8;WDR41;TOP3A;ETV5;CFL2;CLOCK;IQCG;PRKCI;GDI2;TCTE1;USP8;APP;IFT81;CLTC;IFT74;TRAF3IP1;C9orf72;CLUAP1;IFT27;IFT52;PRKAA1,"[68, 308, 444, 489, 536, 566, 572, 1010, 1129, 1232, 1315, 1788, 1799, 1847, 2004, 2012, 2016, 2257, 2359, 2398, 2598, 2735, 2781, 2824, 2835, 2900, 2909, 2989, 3082, 3143, 3271, 3515, 3516, 3812, 3903, 3931, 4132, 4229, 4629, 4741, 4877, 5058, 5143, 5174, 5180, 5347, 5420, 5770, 5885, 6110, 6219, 6585, 6753, 6875, 6908, 6923, 6932, 7083, 7198, 7215, 7231, 7236, 7301, 7458, 7482, 7734, 7798, 7817, 7927, 8215, 8372, 8376, 8693, 8740, 8791, 8810, 8817, 8973, 9049, 9080, 9312, 9432, 9453, 9473, 9526, 9549, 9999, 10022, 10344, 10353, 10431, 10478, 10528, 10744, 10774, 11157, 11503, 11564, 11743, 11814, 12022, 12426, 12585, 12865, 13018, 13065, 13247, 13315, 13328, 13443, 13544, 13616, 13658, 13755, 13934, 14139, 14258, 14264, 14542, 14671, 14899, 14958, 15146, 15219, 15221, 15227, 15299, 15374, 15665, 15796, 15879, 15947, 16105, 16247, 16899, 17168, 17336, 17412]",c2.cp.wikipathways__WP_SMITHMAGENIS_AND_POTOCKILUPSKI_SYNDROME_COPY_NUMBER_VARIATION
c2.cp.wikipathways,WP_CHOLESTEROL_SYNTHESIS_DISORDERS,prerank,-0.4398526899688329,-1.1796256343873444,0.2646502835538752,0.5951511681949925,1.0,4_18,4/18,13.63%,SC5D;HMGCS1;IDI1;CYP51A1,PMVK;EBP;LSS;DHCR7;FDFT1;HSD3B2;MVD;LBR;DHCR24;FDPS;MSMO1;MVK;SQLE;HMGCR;CYP51A1;IDI1;HMGCS1;SC5D,"[2250, 3700, 4326, 4439, 6284, 6446, 6482, 8625, 9913, 10275, 10879, 11336, 12919, 13646, 15131, 15748, 16695, 17228]",c2.cp.wikipathways__WP_CHOLESTEROL_SYNTHESIS_DISORDERS
c2.cp.wikipathways,WP_FAMILIAL_HYPERLIPIDEMIA_TYPE_1,prerank,0.386869739858203,0.976666585071132,0.46435845213849286,0.6056624324302741,1.0,6_15,6/15,21.16%,APOA1;PLTP;ANGPTL4;APOC2;LRP1;LCAT,APOA1;PLTP;ANGPTL4;APOC2;LRP1;LCAT;LDLR;GPIHBP1;APOA2;LPL;ANGPTL3;LMF1;CETP;LIPC;SEL1L,"[666, 964, 1365, 2165, 3463, 3706, 4749, 5835, 7104, 8940, 11085, 12686, 12974, 14941, 16663]",c2.cp.wikipathways__WP_FAMILIAL_HYPERLIPIDEMIA_TYPE_1
c2.cp.wikipathways,WP_OXIDATIVE_STRESS_RESPONSE,prerank,0.33119041496425394,0.974525658533288,0.48846960167714887,0.6088188478681744,1.0,12_31,12/31,26.89%,MT1X;HMOX1;GPX1;NQO1;NFE2L2;NFKB1;FOS;SOD1;TXNRD2;SP1;MAOA;MGST1,MT1X;HMOX1;GPX1;NQO1;NFE2L2;NFKB1;FOS;SOD1;TXNRD2;SP1;MAOA;MGST1;CYP1A1;TXN2;GSTT2;SOD3;JUNB;CYBB;TXNRD1;MAPK14;GPX3;NOX1;SOD2;CAT;MAPK10;NFIX;NOX3;NOX4;GSR;GCLC;NOX5,"[544, 693, 1260, 2676, 2684, 2835, 2889, 3398, 3714, 4488, 4513, 4710, 5385, 5592, 6342, 6504, 6511, 6563, 7174, 7304, 7945, 8800, 9445, 9839, 10309, 10671, 11627, 14437, 14462, 15915, 16834]",c2.cp.wikipathways__WP_OXIDATIVE_STRESS_RESPONSE
c2.cp.wikipathways,WP_NUCLEAR_RECEPTORS_IN_LIPID_METABOLISM_AND_TOXICITY,prerank,0.3301575316592575,0.9716449111759239,0.5,0.6136490755414541,1.0,11_30,11/30,21.81%,NR1H3;RARG;CYP4B1;ABCC2;PPARA;CYP3A4;ABCA1;ABCB1;PPARG;PPARD;CYP27B1,NR1H3;RARG;CYP4B1;ABCC2;PPARA;CYP3A4;ABCA1;ABCB1;PPARG;PPARD;CYP27B1;ABCC3;VDR;RARA;NR1I2;CYP8B1;ABCG1;CYP7A1;ABCB4;CYP26A1;RARB;ABCB11;ABCG5;CYP2E1;ABCD3;CYP4A11;ABCD2;NR1I3;NR1H4;CYP24A1,"[444, 1258, 1352, 1475, 1634, 2099, 2620, 3190, 3284, 3681, 3820, 4275, 4946, 5072, 6022, 6647, 7499, 8012, 8856, 8895, 10395, 11763, 12511, 14038, 14482, 14759, 15010, 15184, 15445, 15989]",c2.cp.wikipathways__WP_NUCLEAR_RECEPTORS_IN_LIPID_METABOLISM_AND_TOXICITY
c2.cp.wikipathways,WP_FAMILIAL_HYPERLIPIDEMIA_TYPE_2,prerank,0.37579125105217226,0.9705792523996186,0.5182186234817814,0.6145506275601343,1.0,2_15,2/15,5.51%,APOA1;PLTP,APOA1;PLTP;USF1;LCAT;LDLR;GPIHBP1;APOA2;GHR;LDLRAP1;LPL;APOB;EPHX2;CETP;LIPC;PCSK9,"[666, 964, 3578, 3706, 4749, 5835, 7104, 7202, 8358, 8940, 9399, 11584, 12974, 14941, 15077]",c2.cp.wikipathways__WP_FAMILIAL_HYPERLIPIDEMIA_TYPE_2
c2.cp.wikipathways,WP_MITOCHONDRIAL_GENE_EXPRESSION,prerank,-0.45325489650726414,-1.1304729073388036,0.29924242424242425,0.6188766171250526,1.0,3_17,3/17,7.52%,MYEF2;CAMK4;GABPB1,ESRRA;HCFC1;SP1;POLRMT;GABPA;NRF1;PPRC1;TFB2M;CREB1;PPP3CA;PPARGC1A;TFB1M;TFAM;PPARGC1B;GABPB1;CAMK4;MYEF2,"[1143, 2400, 4488, 6202, 7297, 7477, 7658, 8969, 10478, 11156, 11622, 12141, 12226, 13100, 16202, 16852, 17273]",c2.cp.wikipathways__WP_MITOCHONDRIAL_GENE_EXPRESSION
c2.cp.wikipathways,WP_10Q22Q23_COPY_NUMBER_VARIATION,prerank,-0.3439730168548241,-1.1326083780867249,0.27755905511811024,0.620211766270554,1.0,18_50,18/50,24.80%,MAS1;CCSER2;DYDC2;ACTN2;DNAJB13;RSPH4A;RSPH3;LDB3;ZMYND11;AFG3L2;ROPN1L;SH2D4B;SH3GL3;ERBB4;NME5;IQUB;ADAM10;RSPH1,SIRT4;MAD2L2;RSPH6A;MMRN2;TSPAN14;VEGFA;SF3B4;LRIT2;NFKB1;ADIRF;PPARG;PDS5A;SNCG;CEBPA;RGR;BMPR1A;RAD21;SUSD2;OPN4;MAT1A;GLUD1;STAG1;NRG3;PDS5B;BUB1B;SMC3;CDHR1;BMP2;RSPH9;SMC1A;GHITM;GRID1;RSPH1;ADAM10;IQUB;NME5;ERBB4;SH3GL3;SH2D4B;ROPN1L;AFG3L2;ZMYND11;LDB3;RSPH3;RSPH4A;DNAJB13;ACTN2;DYDC2;CCSER2;MAS1,"[259, 1064, 1296, 1319, 1331, 1439, 2027, 2800, 2835, 3085, 3284, 3317, 4604, 5110, 5614, 6579, 6793, 7505, 7662, 7783, 8416, 8530, 9038, 9386, 9585, 10273, 10481, 10854, 11120, 11281, 11417, 11924, 13175, 13386, 13388, 13629, 13750, 14062, 14382, 14443, 15046, 15660, 16152, 16891, 16953, 16974, 17020, 17094, 17298, 17432]",c2.cp.wikipathways__WP_10Q22Q23_COPY_NUMBER_VARIATION
c2.cp.wikipathways,WP_TYPE_II_DIABETES_MELLITUS,prerank,0.3656166677598746,0.9634749516964626,0.49375,0.6258785068043543,1.0,8_18,8/18,21.08%,PIK3R5;SLC2A4;IKBKB;MAFA;SOCS4;INSR;TNF;KCNJ11,PIK3R5;SLC2A4;IKBKB;MAFA;SOCS4;INSR;TNF;KCNJ11;SURF1;IRS1;PHKA2;PRKCD;CACNA1A;MAPK1;MTOR;PRKCZ;GK;MAPK8,"[466, 1904, 2341, 2539, 2573, 3052, 3515, 3691, 4851, 5115, 6120, 9580, 11635, 12772, 13065, 13086, 15601, 16304]",c2.cp.wikipathways__WP_TYPE_II_DIABETES_MELLITUS
c2.cp.wikipathways,WP_ATM_SIGNALING_IN_DEVELOPMENT_AND_DISEASE,prerank,0.2958090123446948,0.9639784058068511,0.5124481327800829,0.6262163710996878,1.0,7_46,7/46,10.28%,HSPB1;CHEK2;STK11;HDAC4;CDK2;TRIM28;LMNB2,HSPB1;CHEK2;STK11;HDAC4;CDK2;TRIM28;LMNB2;MAPK11;NFKB1;MAPK12;NHEJ1;RNF8;AURKB;RNF40;CDC25A;PPM1D;PPP5C;CDK5;G6PD;DCLRE1C;MAPK14;IKBKG;TSC2;ATF2;RNF168;TP53;MAPK13;BUB1;KAT5;MDC1;ATM;SMC1A;PPP2CA;TP53BP1;MTOR;RNF20;RBBP8;CHEK1;CEP63;RIF1;ATMIN;RAD50;NBN;PRKDC;HMGN1;ATR,"[3, 581, 977, 1124, 1573, 1635, 1800, 2344, 2835, 2998, 3592, 4005, 4224, 4240, 5226, 5276, 5644, 6185, 6351, 7037, 7304, 7584, 7998, 8136, 8203, 8693, 8706, 9690, 10458, 11048, 11270, 11281, 12732, 12764, 13065, 13806, 14125, 14334, 14826, 15786, 15961, 16167, 16435, 16539, 16952, 17503]",c2.cp.wikipathways__WP_ATM_SIGNALING_IN_DEVELOPMENT_AND_DISEASE
c2.cp.wikipathways,WP_ERBB_SIGNALING,prerank,0.2638278476949604,0.9642533057770236,0.532608695652174,0.6270364220229514,1.0,24_88,24/88,19.13%,PIK3R2;PLCG1;EIF4EBP1;PIK3CD;PAK4;ELK1;MAPK3;MYC;NCK2;CDKN1A;SHC2;MAP2K2;CRK;SRC;EGFR;BAD;ERBB2;JUN;RAF1;CBL;MAP2K7;CRKL;AKT1;FOXO1,PIK3R2;PLCG1;EIF4EBP1;PIK3CD;PAK4;ELK1;MAPK3;MYC;NCK2;CDKN1A;SHC2;MAP2K2;CRK;SRC;EGFR;BAD;ERBB2;JUN;RAF1;CBL;MAP2K7;CRKL;AKT1;FOXO1;BCL2L11;AKT2;ARAF;HRAS;STAT5A;EGF;CAMK2B;SHC1;NRG2;STAT5B;MAP2K1;SOS1;NCK1;GAB1;ABL1;CAMK2G;PIK3R3;PIK3CA;RPS6KB2;PAK2;CDKN1B;PLCG2;MAP2K4;RPS6KB1;CAMK2A;TP53;NRG3;EREG;PRKCG;ERBB3;BTC;MAPK10;PAK6;SHC4;PRKCA;NRG1;ABL2;PDPK1;GRB2;HBEGF;SOS2;NRG4;MAPK1;MTOR;CBLB;CCND1;PIK3CB;ERBB4;KRAS;CAMK2D;PAK1;PIK3R1;PRKCB;MAPK9;TGFA;AKT3;MDM2;GSK3B;PTK2;MAPK8;NRAS;SHC3;PAK3;BRAF,"[350, 405, 455, 790, 912, 973, 1114, 1232, 1329, 1714, 1762, 2104, 2270, 2278, 2347, 2388, 2593, 2824, 3033, 3071, 3121, 3142, 3267, 3351, 3812, 3956, 3967, 3976, 4109, 4444, 4493, 4654, 4774, 5095, 5701, 5826, 6129, 6503, 6593, 6774, 6862, 7105, 7191, 7446, 7452, 7982, 8233, 8326, 8596, 8693, 9038, 9491, 9622, 9861, 10247, 10309, 10408, 10517, 10873, 10902, 10950, 10975, 11405, 12285, 12680, 12707, 12772, 13065, 13235, 13673, 13676, 13750, 13814, 13938, 14368, 14526, 14648, 14702, 14919, 14998, 15285, 15613, 16229, 16304, 16714, 17200, 17241, 17259]",c2.cp.wikipathways__WP_ERBB_SIGNALING
c2.cp.wikipathways,WP_CHOLESTEROL_BIOSYNTHESIS_PATHWAY_IN_HEPATOCYTES,prerank,-0.30494986108012,-1.1327250507024533,0.1935483870967742,0.627229863059279,1.0,29_98,29/98,23.07%,PRKAA1;CYP17A1;OSBPL9;SC5D;HSD17B12;TM7SF2;CYP2R1;HMGCS1;SRD5A1;HSD17B8;IDI1;CYP7B1;SERINC1;CYP3A7;SCD;CYP51A1;PBX1;PCSK9;BAAT;ACBD3;AMACR;ABCD3;OSBP;DHRS11;OSBPL3;ACAT2;HMGCR;ACSL3;CYP19A1,NR1H3;HSD3B7;HSD17B7;CYP39A1;OSBPL7;TSPO;SDR42E2;CYP21A2;HSD17B1;CYP3A4;PMVK;ABCA1;HNF1A;SLC27A5;EBP;CYP27B1;LSS;ELOVL3;DHCR7;OSBPL2;FDX1;ACOT8;HSD3B1;CYP1A1;ACOT2;CYP27A1;HSD17B11;HSD17B10;FDFT1;CYP46A1;HSD3B2;MVD;CYP8B1;FDXR;FADS2;ABCG1;NR1H2;CYP7A1;CYB5R3;LBR;SLC27A2;ACSL1;ELOVL4;CH25H;SREBF1;ELOVL2;DHCR24;ELOVL5;FDPS;GGPS1;ACOT1;STAR;MYLIP;CYP11A1;IDI2;MSMO1;CYB5R2;MVK;PRKAA2;OSBPL6;ABCB11;CLIP3;HSD17B3;NSDHL;SCP2;CYB5R1;OSBPL1A;PRLR;HINT2;CYP19A1;ACSL3;HMGCR;ACAT2;OSBPL3;DHRS11;OSBP;ABCD3;AMACR;ACBD3;BAAT;PCSK9;PBX1;CYP51A1;SCD;CYP3A7;SERINC1;CYP7B1;IDI1;HSD17B8;SRD5A1;HMGCS1;CYP2R1;TM7SF2;HSD17B12;SC5D;OSBPL9;CYP17A1;PRKAA1,"[444, 502, 590, 637, 643, 780, 896, 1077, 1515, 2099, 2250, 2620, 3074, 3295, 3700, 3820, 4326, 4432, 4439, 4990, 5315, 5361, 5378, 5385, 5602, 5688, 5817, 6026, 6284, 6441, 6446, 6482, 6647, 6876, 7286, 7499, 7734, 8012, 8124, 8625, 8654, 8884, 9272, 9360, 9432, 9838, 9913, 10117, 10275, 10316, 10400, 10420, 10445, 10566, 10800, 10879, 11241, 11336, 11483, 11587, 11763, 11799, 11815, 11828, 12157, 12339, 12739, 12867, 13298, 13478, 13614, 13646, 13813, 14045, 14074, 14433, 14482, 14574, 14581, 14724, 15077, 15130, 15131, 15398, 15570, 15583, 15679, 15748, 16329, 16476, 16695, 16713, 16848, 17007, 17228, 17313, 17326, 17412]",c2.cp.wikipathways__WP_CHOLESTEROL_BIOSYNTHESIS_PATHWAY_IN_HEPATOCYTES
c2.cp.wikipathways,WP_CELL_LINEAGE_MAP_FOR_NEURONAL_DIFFERENTIATION,prerank,-0.29743534211356426,-1.124412750697614,0.2336448598130841,0.6287728443226736,1.0,19_116,19/116,10.79%,LHX1;TPH1;PAX3;ROBO1;PCLO;DLG2;NLGN1;GAD2;TNC;SLC6A1;GRIN2B;SLC6A5;FBXO15;DLG1;GAD1;FUT4;MAP2;GATA6;MIXL1,MSX1;BMP4;ADRA2C;LEF1;GFAP;SOX2;ADRA2B;SLC6A4;TWIST1;SOX9;NES;KRT15;CD34;ERAS;DLL1;NOTCH1;CSPG4;SNAI1;SLC6A9;SLC6A3;POU5F1;KLF4;GLUL;ALDH1L1;HES1;CDH2;AQP4;SLC1A3;ITGA6;PPFIA1;PAX6;GRIN1;NGFR;HOMER3;AP2A2;FABP7;TH;ACHE;ADRA2A;SOX10;HES5;SHANK3;NR4A2;AP2A1;RBFOX3;ESRRB;SNAI2;TBR1;SOX17;SLC6A2;DLG4;CDH1;FEV;MBP;LIN7A;GLRB;SLC17A7;HNF4A;SYP;NEFM;BSN;DLG3;HTR5A;MSX2;GLS;HTR1A;OLIG2;GABBR2;SLC1A2;ITGB1;TUBB3;RIMBP2;HOMER2;SLC17A6;GABBR1;GLRA1;SHANK1;CACNG2;UNC13A;GLRA3;TWIST2;CLDN11;DCX;S100B;RIMS2;GLRA2;SNAP25;KCNJ6;NODAL;HOMER1;TPM1;NANOG;MOG;CASK;ERC1;CNP;GPHN;MIXL1;GATA6;MAP2;FUT4;GAD1;DLG1;FBXO15;SLC6A5;GRIN2B;SLC6A1;TNC;GAD2;NLGN1;DLG2;PCLO;ROBO1;PAX3;TPH1;LHX1,"[231, 730, 831, 1377, 1409, 1488, 1646, 1789, 1908, 2005, 2023, 2033, 2142, 2201, 2363, 2437, 2442, 2526, 2569, 2789, 2795, 2806, 3113, 3122, 3383, 3499, 3526, 3630, 4120, 4433, 4803, 4890, 4970, 4988, 5162, 5549, 5573, 5873, 5932, 6399, 6408, 6413, 6629, 6922, 6997, 7362, 7384, 7507, 7508, 8506, 8524, 8970, 8998, 9036, 9388, 9416, 9653, 9719, 10081, 10277, 10293, 10405, 10490, 10513, 10680, 10749, 10992, 11031, 11209, 11311, 11364, 11727, 11737, 11853, 11903, 11917, 11951, 12261, 12440, 12459, 12588, 12822, 12922, 13073, 13082, 13211, 13308, 13342, 13579, 13602, 14058, 14064, 14190, 14262, 14363, 14636, 15320, 15628, 15710, 15965, 15967, 16002, 16023, 16166, 16180, 16281, 16284, 16400, 16716, 16739, 16933, 16957, 17060, 17350, 17362, 17510]",c2.cp.wikipathways__WP_CELL_LINEAGE_MAP_FOR_NEURONAL_DIFFERENTIATION
c2.cp.wikipathways,WP_GABA_METABOLISM_AKA_GHB,prerank,-0.4977813304417814,-1.1330444085980438,0.3093385214007782,0.6338993803679164,1.0,4_11,4/11,22.35%,GAD2;GAD1;ALDH5A1;ADHFE1,DPEP1;MAOB;AKR7A2;GLS2;PON3;ABAT;GLS;ADHFE1;ALDH5A1;GAD1;GAD2,"[2879, 4914, 5253, 8917, 8955, 9642, 10680, 13603, 14947, 16002, 16716]",c2.cp.wikipathways__WP_GABA_METABOLISM_AKA_GHB
c2.cp.wikipathways,WP_THERMOGENESIS,prerank,0.25597805766165144,0.9558402829547673,0.5531453362255966,0.6408644801517294,1.0,27_104,27/104,23.20%,PNPLA2;MAP2K3;CPT1B;ADCY10;SMARCD3;SIRT6;PRDM16;ZNF516;AKT1S1;CPT1C;DPF1;ADCY9;ACSL5;ADCY4;MAPK11;MAPK12;ADCY2;SMARCB1;CREB3;PPARG;SMARCD2;SMARCC1;RPS6;ACTL6A;SLC25A20;HRAS;CREB3L3,PNPLA2;MAP2K3;CPT1B;ADCY10;SMARCD3;SIRT6;PRDM16;ZNF516;AKT1S1;CPT1C;DPF1;ADCY9;ACSL5;ADCY4;MAPK11;MAPK12;ADCY2;SMARCB1;CREB3;PPARG;SMARCD2;SMARCC1;RPS6;ACTL6A;SLC25A20;HRAS;CREB3L3;MAP3K5;FGFR1;KDM3A;GNAS;ADCY8;CPT1A;PLIN1;NPR1;RPS6KA1;ACTL6B;MLST8;PRKAG3;SOS1;ARID1A;KDM1A;ADCY6;PRKG1;ADCY7;MGLL;RPS6KB2;RPTOR;MAPK14;KLB;CREB3L2;TSC2;SMARCD1;ATF2;RPS6KB1;SMARCC2;MAPK13;PRKAG2;BMP8B;RHEB;ACSL1;ADCY3;BMP8A;RPS6KA2;RPS6KA3;PRKACA;SLC25A29;LIPE;CREB1;ADRB3;CREB3L4;ADCY5;ARID1B;KDM3B;GRB2;PRKAA2;PPARGC1A;DPF3;ACTB;SMARCA4;SOS2;CREB3L1;CNR1;CREB5;MTOR;SMARCE1;PRKAB1;ACTG1;ACSL3;PRKAB2;ADCY1;FRS2;KRAS;SMARCA2;ACSL6;PRKG2;TSC1;CPT2;RPS6KA6;PRKACB;ACSL4;PRKAG1;NRAS;PRKAA1,"[241, 292, 322, 372, 545, 836, 944, 1254, 1340, 1532, 1679, 2127, 2243, 2248, 2344, 2998, 3009, 3041, 3259, 3284, 3528, 3733, 3757, 3778, 3894, 3976, 4064, 4419, 4624, 4712, 4729, 4754, 4767, 4945, 5045, 5141, 5154, 5180, 5219, 5826, 6058, 6232, 6958, 7044, 7067, 7099, 7191, 7231, 7304, 7470, 7542, 7998, 8135, 8136, 8326, 8662, 8706, 8791, 8796, 8835, 8884, 9021, 9031, 9145, 9363, 9427, 9583, 9728, 10478, 10582, 10914, 10986, 11220, 11224, 11405, 11483, 11622, 11927, 12262, 12442, 12680, 12752, 12824, 12917, 13065, 13147, 13247, 13331, 13614, 13709, 13767, 13783, 13814, 13818, 13889, 14050, 14195, 15472, 16192, 16466, 16680, 16705, 16714, 17412]",c2.cp.wikipathways__WP_THERMOGENESIS
c2.cp.wikipathways,WP_MECHANOREGULATION_AND_PATHOLOGY_OF_YAPTAZ_VIA_HIPPO_AND_NONHIPPO_MECHANISMS,prerank,0.28918219561803793,0.954582933953614,0.536,0.642139786028351,1.0,14_45,14/45,20.89%,TEAD2;ITGB5;TEAD4;ITGB2;PAK4;MAP4K1;ITGB4;YAP1;SRC;ACTA1;WWTR1;TEAD1;TEAD3;NF2,TEAD2;ITGB5;TEAD4;ITGB2;PAK4;MAP4K1;ITGB4;YAP1;SRC;ACTA1;WWTR1;TEAD1;TEAD3;NF2;MST1;LIMD1;ITGB8;ITGB7;MAP4K4;PAK2;ITGB3;STK3;SGMS1;CTNNA1;MAP4K2;ITGB6;CDH1;LATS1;MAPK10;PAK6;SAV1;ITGB1;MAP4K3;ACTB;ACTG1;MAP4K5;PAK1;MAPK9;ACTG2;ACTC1;CTNNB1;MAPK8;YWHAQ;ACTA2;PAK3,"[314, 577, 785, 902, 912, 993, 1867, 2016, 2278, 2840, 2900, 3355, 3547, 3658, 4234, 4304, 7057, 7085, 7148, 7446, 7795, 8246, 8319, 8413, 8664, 8865, 8970, 9929, 10309, 10408, 11072, 11311, 11491, 12262, 13331, 14285, 14368, 14702, 14818, 14935, 16018, 16304, 16842, 17077, 17241]",c2.cp.wikipathways__WP_MECHANOREGULATION_AND_PATHOLOGY_OF_YAPTAZ_VIA_HIPPO_AND_NONHIPPO_MECHANISMS
c2.cp.wikipathways,WP_OMEGA3_OMEGA6_FATTY_ACID_SYNTHESIS,prerank,-0.44488115046519183,-1.1155619266485137,0.29902912621359223,0.646988987747992,1.0,4_15,4/15,22.29%,ACSL4;FADS1;ACOX1;ACSL3,PLA2G4B;ACOT2;FADS2;PLA2G5;ACOX3;ACSL1;PLA2G4A;ELOVL2;ELOVL5;ACOT1;PLA2G6;ACSL3;ACOX1;FADS1;ACSL4,"[2559, 5602, 7286, 8050, 8770, 8884, 9214, 9838, 10117, 10400, 12453, 13614, 13978, 16481, 16680]",c2.cp.wikipathways__WP_OMEGA3_OMEGA6_FATTY_ACID_SYNTHESIS
c2.cp.wikipathways,WP_INCLUSION_BODY_MYOSITIS,prerank,0.40857345849856674,0.950900449266666,0.5337690631808278,0.6486372975234447,1.0,1_11,1/11,0.33%,NFKB2,NFKB2;NFKB1;SIRT1;MSTN;PSENEN;PSEN2;MAPT;NCSTN;PSEN1;APP;BACE1,"[56, 2835, 3998, 4756, 8093, 10674, 11206, 11977, 13571, 15665, 16494]",c2.cp.wikipathways__WP_INCLUSION_BODY_MYOSITIS
c2.cp.wikipathways,WP_FANCONI_ANEMIA,prerank,-0.35082695434709127,-1.1116140135702446,0.279296875,0.6510937458779668,1.0,10_40,10/40,18.70%,ATR;FANCD2;NBN;FANCM;RAD50;XRCC2;SLX4;MCM2;FAN1;PALB2,CEBPD;MAD2L2;FANCE;FANCC;EGFR;MEN1;FANCG;UBE2T;ERCC1;HSP90B1;RAD51;CTDP1;FANCI;BRCA1;FANCA;BRCA2;DCLRE1B;UHRF2;RAD51C;PTEN;USP1;ATM;FANCB;FANCL;REV1;ERCC4;SMARCA4;BRIP1;FANCF;RFWD3;PALB2;FAN1;MCM2;SLX4;XRCC2;RAD50;FANCM;NBN;FANCD2;ATR,"[569, 1064, 1602, 1672, 2347, 2948, 4445, 4467, 5200, 5272, 6595, 8251, 8465, 8479, 8525, 8630, 8638, 9716, 10499, 10528, 10872, 11270, 11573, 12124, 12215, 12343, 12442, 12449, 13210, 13348, 14244, 14343, 14346, 14989, 15886, 16167, 16299, 16435, 17393, 17503]",c2.cp.wikipathways__WP_FANCONI_ANEMIA
c2.cp.wikipathways,WP_ANDROGEN_RECEPTOR_SIGNALING,prerank,0.2617235444993712,0.9490442372060746,0.5571428571428572,0.6514678763487228,1.0,24_84,24/84,21.20%,RELA;FKBP4;PIK3R2;TGIF1;DAXX;PIAS4;CDKN1A;UBE2I;CREBBP;BMF;HDAC1;SRC;EGFR;SMAD4;PRDX1;JUN;PARK7;STAT3;AKT1;LIMK2;FOXO1;STUB1;CALR;PSMC3IP,RELA;FKBP4;PIK3R2;TGIF1;DAXX;PIAS4;CDKN1A;UBE2I;CREBBP;BMF;HDAC1;SRC;EGFR;SMAD4;PRDX1;JUN;PARK7;STAT3;AKT1;LIMK2;FOXO1;STUB1;CALR;PSMC3IP;SIRT1;TGFB1I1;CCNE1;SP1;NCOR2;CARM1;RAD9A;ZNF318;SMAD3;KDM1A;ROCK1;RUNX2;BAG1;FLNA;EP300;SUMO1;AR;PATZ1;RHOA;ZMIZ1;PIAS3;BRCA1;FHL2;KAT2B;RNF4;RHOB;NCOA1;RAN;RNF6;RB1;NCOA3;RLN1;PAK6;KAT5;CREB1;PTEN;RAC1;CAV1;ROCK2;NCOR1;NCOA2;SMARCE1;CCND1;PIAS1;DSTN;PIK3R1;ETV5;KAT7;MDM2;RNF14;SIN3A;NCOA4;GSK3B;CTNNB1;CDC42;PTK2;PIAS2;UBE3A;EFCAB6;NR2C2,"[68, 173, 350, 481, 554, 1406, 1714, 1857, 1980, 2180, 2268, 2278, 2347, 2618, 2756, 2824, 3030, 3143, 3267, 3272, 3351, 3574, 3686, 3713, 3998, 4073, 4289, 4488, 4578, 4877, 5087, 5161, 5844, 6232, 6585, 6841, 7180, 7192, 7268, 7337, 7620, 7785, 7817, 8299, 8362, 8479, 8535, 8626, 8682, 8719, 8813, 8903, 9586, 9620, 9917, 10363, 10408, 10458, 10478, 10528, 11471, 12109, 12203, 12807, 13040, 13147, 13673, 13684, 13845, 14526, 14899, 15044, 15285, 15450, 15543, 15564, 15613, 16018, 16108, 16229, 16696, 16756, 17318, 17369]",c2.cp.wikipathways__WP_ANDROGEN_RECEPTOR_SIGNALING
c2.cp.wikipathways,WP_IRON_METABOLISM_DISORDERS,prerank,0.36878739771354385,0.9482275361534637,0.511482254697286,0.6517025207339207,1.0,5_16,5/16,19.74%,CP;CYBRD1;HAMP;FTL;PANK2,CP;CYBRD1;HAMP;FTL;PANK2;STEAP3;BCS1L;HEPH;TFR2;FTH1;UQCRFS1;HFE;TFRC;SLC40A1;TF;SLC11A2,"[1606, 2338, 2500, 2914, 3457, 5142, 5886, 6400, 6636, 7737, 7978, 8281, 10105, 11015, 11964, 16501]",c2.cp.wikipathways__WP_IRON_METABOLISM_DISORDERS
c2.cp.wikipathways,WP_G13_SIGNALING,prerank,0.3027731962996913,0.9465447608031776,0.5483193277310925,0.6537555630948774,1.0,7_37,7/37,16.18%,PIK3R2;PIK3CD;WAS;PKN1;GNA13;TNK2;ARHGDIB,PIK3R2;PIK3CD;WAS;PKN1;GNA13;TNK2;ARHGDIB;CYFIP1;DIAPH1;PFN1;ARHGDIG;ARHGEF1;ROCK1;MAP3K4;CFL1;PIK3CA;CIT;MYBPH;RTKN;LIMK1;RHPN2;RHOA;RPS6KB1;IQGAP1;PIP4K2A;MAPK10;WASL;RAC1;ROCK2;PPP1CB;SH3RF1;IQGAP2;PIK3CB;CALM1;CFL2;CDC42;PAK3,"[350, 790, 1067, 1248, 1948, 2702, 2833, 4757, 5025, 5360, 5743, 5981, 6585, 6651, 6939, 7105, 7267, 7270, 7377, 7458, 7479, 7817, 8326, 8419, 8806, 10309, 10524, 11471, 12203, 12507, 13484, 13650, 13676, 14779, 14958, 16108, 17241]",c2.cp.wikipathways__WP_G13_SIGNALING
c2.cp.wikipathways,WP_ARRHYTHMOGENIC_RIGHT_VENTRICULAR_CARDIOMYOPATHY,prerank,0.26764688407751897,0.9449485333528386,0.5513626834381551,0.6545203423055971,1.0,10_73,10/73,11.93%,ITGA10;TCF7L1;ITGB5;DSP;ITGA7;LEF1;GJA1;ITGA5;ITGB4;ITGA11,ITGA10;TCF7L1;ITGB5;DSP;ITGA7;LEF1;GJA1;ITGA5;ITGB4;ITGA11;ITGA2B;CDH2;CACNG7;ITGA6;DSC2;TCF7;PKP2;ACTN1;TCF7L2;CACNA2D2;JUP;CTNNA2;LMNA;DAG1;ITGA9;DSG2;CACNB3;CACNA1F;ITGB8;ITGB7;ITGA1;CACNG6;CACNA1C;CACNA2D3;ITGB3;EMD;LAMA2;SGCG;CTNNA1;CACNG8;ITGA3;ITGB6;CACNB2;ITGAV;ACTN4;CACNB1;DMD;CACNG3;ITGB1;SGCD;ITGA8;SGCB;CACNG2;ACTB;CACNG5;CACNA2D4;ACTG1;SGCA;CACNG4;CACNA1D;CACNA1S;CACNG1;CACNA2D1;CACNB4;ATP2A2;DES;ITGA2;ITGA4;SLC8A1;CTNNA3;CTNNB1;RYR2;ACTN2,"[52, 230, 577, 740, 1142, 1377, 1579, 1748, 1867, 2089, 3407, 3499, 4111, 4120, 4318, 4349, 4440, 4592, 4922, 5057, 5286, 5369, 5411, 5871, 6033, 6470, 6569, 6765, 7057, 7085, 7251, 7365, 7402, 7784, 7795, 8016, 8158, 8212, 8413, 8486, 8739, 8865, 8997, 9460, 9667, 9757, 10392, 10553, 11311, 11594, 11611, 11880, 12261, 12262, 13205, 13302, 13331, 13343, 13622, 14197, 14515, 14607, 14753, 15294, 15339, 15563, 15635, 15698, 15701, 15937, 16018, 16332, 17020]",c2.cp.wikipathways__WP_ARRHYTHMOGENIC_RIGHT_VENTRICULAR_CARDIOMYOPATHY
c2.cp.wikipathways,WP_CELL_CYCLE,prerank,0.24717843201221357,0.9450487809365694,0.5471264367816092,0.6557479069607522,1.0,20_120,20/120,10.75%,CCND3;E2F4;TGFB1;CHEK2;CCNA2;PLK1;CDKN2C;MAD2L2;ANAPC11;TGFB2;MYC;PTTG2;CDK2;CDC14A;GADD45B;GADD45G;CDC45;CDKN1A;TGFB3;E2F2,CCND3;E2F4;TGFB1;CHEK2;CCNA2;PLK1;CDKN2C;MAD2L2;ANAPC11;TGFB2;MYC;PTTG2;CDK2;CDC14A;GADD45B;GADD45G;CDC45;CDKN1A;TGFB3;E2F2;HDAC1;SMAD4;ESPL1;ZBTB17;ORC1;MCM7;E2F5;CDKN2A;CDKN2B;WEE1;CDC25B;CCNE1;TTK;CDC6;CDC25A;MAD1L1;TFDP1;RBL1;SMAD3;FZR1;CDKN2D;SMAD2;PCNA;ABL1;PTTG1;ANAPC2;STAG2;GADD45A;RAD21;BUB3;MCM3;EP300;CDKN1B;CUL1;E2F1;CDK4;YWHAH;CCNB1;CDK1;CDKN1C;MCM5;SMC1B;RBX1;STAG1;TP53;HDAC2;ORC4;RB1;BUB1;CCNB2;SFN;SMC3;CDK7;TFDP2;CCNA1;PKMYT1;CDK6;ATM;SMC1A;YWHAG;SKP2;DBF4;CDC16;MCM6;SKP1;CCND2;YWHAE;CDC14B;CDC7;CDC25C;WEE2;RBL2;CCND1;YWHAB;ANAPC13;ORC5;CDC23;CHEK1;MCM2;E2F3;ORC2;YWHAZ;ANAPC10;ORC6;CCNE2;ANAPC5;MDM2;GSK3B;ANAPC4;ANAPC7;MCM4;CDC27;PRKDC;CDC20;CCNB3;YWHAQ;CCNH;ANAPC1;ORC3;ATR,"[223, 229, 386, 581, 799, 869, 960, 1064, 1096, 1191, 1232, 1359, 1573, 1575, 1626, 1669, 1692, 1714, 1861, 1883, 2268, 2618, 2630, 2776, 2860, 2994, 3102, 3605, 3838, 4251, 4257, 4289, 4301, 5149, 5226, 5308, 5705, 5706, 5844, 5882, 6003, 6205, 6282, 6593, 6641, 6706, 6717, 6740, 6793, 7131, 7142, 7268, 7452, 7681, 7793, 7822, 7832, 8226, 8376, 8377, 8417, 8426, 8474, 8530, 8693, 9498, 9548, 9620, 9690, 9950, 9994, 10273, 10485, 10817, 10863, 10922, 11099, 11270, 11281, 11291, 11550, 12067, 12118, 12498, 12689, 12887, 12907, 13167, 13361, 13437, 13475, 13576, 13673, 13801, 13894, 13987, 14305, 14334, 14346, 14549, 14629, 14665, 14812, 14949, 15109, 15267, 15285, 15613, 15668, 16009, 16190, 16259, 16539, 16543, 16651, 16842, 17029, 17053, 17103, 17503]",c2.cp.wikipathways__WP_CELL_CYCLE
c2.cp.wikipathways,WP_HEMATOPOIETIC_STEM_CELL_GENE_REGULATION_BY_GABP_ALPHABETA_COMPLEX,prerank,0.3463428202545352,0.9394700256691365,0.5510204081632653,0.6637180382942189,1.0,5_20,5/20,14.95%,BCL2L1;BCL2;MCL1;CREBBP;SMAD4,BCL2L1;BCL2;MCL1;CREBBP;SMAD4;TERF2;DNMT1;ETV6;EP300;GABPA;ZFX;FOXO3;GZMB;PTEN;ATM;DNMT3B;SMARCA4;DNMT3A;GABPB1;FLT3,"[1087, 1238, 1483, 1980, 2618, 5904, 6654, 7047, 7268, 7297, 7727, 8003, 8826, 10528, 11270, 11295, 12442, 12561, 16202, 17194]",c2.cp.wikipathways__WP_HEMATOPOIETIC_STEM_CELL_GENE_REGULATION_BY_GABP_ALPHABETA_COMPLEX
c2.cp.wikipathways,WP_EICOSANOID_METABOLISM_VIA_CYCLOOXYGENASES_COX,prerank,0.32244273894790737,0.9395767479075211,0.538961038961039,0.6649297127366294,1.0,10_30,10/30,21.69%,ACOX2;TBXAS1;AKR1B1;PTGDR;TBXA2R;PLA2G4B;PTGDS;PPARG;PPARD;ACAA1,ACOX2;TBXAS1;AKR1B1;PTGDR;TBXA2R;PLA2G4B;PTGDS;PPARG;PPARD;ACAA1;CYP4F12;PTGDR2;CYP4F2;PTGIR;PTGES;PTGS1;PLA2G5;PTGR1;ACOX3;PLA2G4A;HPGD;PTGS2;CYP4A22;PTGFR;PLA2G6;PTGR2;ACOX1;CYP4A11;EHHADH;PTGIS,"[1301, 1346, 1995, 2128, 2131, 2559, 2819, 3284, 3681, 3799, 4880, 6166, 6414, 6622, 6773, 6934, 8050, 8220, 8770, 9214, 9608, 11182, 11233, 11263, 12453, 13026, 13978, 14759, 15973, 16232]",c2.cp.wikipathways__WP_EICOSANOID_METABOLISM_VIA_CYCLOOXYGENASES_COX
c2.cp.wikipathways,WP_GASTRIC_CANCER_NETWORK_2,prerank,0.3160607134397922,0.9360404800126857,0.5739130434782609,0.6667618219507406,1.0,9_31,9/31,15.11%,S100A6;CACYBP;UBE2C;MYC;LMNB2;PLAC8;EGFR;RNF144B;RFC4,S100A6;CACYBP;UBE2C;MYC;LMNB2;PLAC8;EGFR;RNF144B;RFC4;CHTF8;UBE2T;CD48;TOP2A;AHCTF1;OTUD5;FAM91A1;ATAD2;CHTF18;FANCI;SNURF;LBR;TP53;CEBPZ;COL9A1;BRIX1;COL9A3;MTDH;CTNNB1;RAD17;DSCC1;RFC3,"[722, 1000, 1115, 1232, 1800, 1971, 2347, 2640, 2646, 3502, 4467, 4535, 5039, 6248, 6352, 7711, 8015, 8454, 8465, 8538, 8625, 8693, 8695, 10308, 14109, 14609, 15416, 16018, 16664, 16934, 17159]",c2.cp.wikipathways__WP_GASTRIC_CANCER_NETWORK_2
c2.cp.wikipathways,WP_INTEGRATED_BREAST_CANCER_PATHWAY,prerank,0.23820377402842965,0.9367225052407823,0.604494382022472,0.6667786304362487,1.0,37_145,37/145,19.75%,ZMYND8;GRN;PIK3R2;USP21;MAX;CHEK2;BID;PLK1;ITPKC;STK11;PML;RAD54L;MYC;BCL2;VEGFA;CDK2;SMAD7;BAX;XRCC3;FADD;FOSL2;FOSL1;HDAC1;EGFR;BAD;SMAD4;ATF1;TGFBR2;JUN;NFKB1;RPP38;AKT1;FOXO1;TFPI;RASGEF1A;CSNK1D;RRAS,ZMYND8;GRN;PIK3R2;USP21;MAX;CHEK2;BID;PLK1;ITPKC;STK11;PML;RAD54L;MYC;BCL2;VEGFA;CDK2;SMAD7;BAX;XRCC3;FADD;FOSL2;FOSL1;HDAC1;EGFR;BAD;SMAD4;ATF1;TGFBR2;JUN;NFKB1;RPP38;AKT1;FOXO1;TFPI;RASGEF1A;CSNK1D;RRAS;SMAD6;ARAF;SIRT1;TRADD;WEE1;CDC25B;GSK3A;SP1;FAU;CERK;ERAL1;IRS1;CDC25A;UBE2F;RAP1A;TGFBR1;FER;DAG1;ALKBH1;BARD1;ANXA1;SMAD2;HIPK2;CASP9;BACH1;BMPR1A;ABL1;RAD51;GADD45A;GDI1;BLM;SMAD1;IMPA1;EP300;AR;DCAKD;E2F1;CDK4;TSC2;ZMIZ1;ODC1;BRCA1;RALA;BRCA2;TP53;BAK1;RHEB;CDH1;JAK1;AHR;RB1;NCOA3;CCNB1IP1;BMPR2;MSH6;AURKA;JAKMIP1;CASP8;USP38;APOBEC3G;CREB1;CDK7;PTEN;ATM;RAC1;DHTKD1;PKIA;CHUK;NOXA1;NAB1;SMARCA4;EDAR;RASGRP3;MYT1;MAPK1;CASP3;MTOR;NUP85;CYP19A1;HMGCR;CCND1;PIAS1;KRAS;TAB1;TSC1;PLK3;USP15;CHEK1;PAK1;FILIP1;ZNF655;RHO;MAP3K7CL;MDM2;TPR;CTNNB1;CDC42;ESR1;RAD50;RALGAPA1;MYCBP2;MAP3K13;USP16;STAT1;BRAF;NF1;MSH2;ATR,"[258, 330, 350, 471, 484, 581, 779, 869, 970, 977, 985, 1094, 1232, 1238, 1439, 1573, 1659, 1799, 1959, 2019, 2063, 2188, 2268, 2347, 2388, 2618, 2770, 2773, 2824, 2835, 2901, 3267, 3351, 3378, 3400, 3453, 3458, 3626, 3967, 3998, 4084, 4251, 4257, 4452, 4488, 4734, 4783, 5023, 5115, 5226, 5341, 5616, 5624, 5664, 5871, 6096, 6150, 6173, 6205, 6403, 6429, 6464, 6579, 6593, 6595, 6740, 6781, 6875, 7143, 7169, 7268, 7620, 7788, 7793, 7822, 7998, 8299, 8369, 8479, 8587, 8630, 8693, 8735, 8835, 8970, 9271, 9293, 9620, 9917, 9990, 10005, 10063, 10139, 10219, 10378, 10383, 10385, 10478, 10485, 10528, 11270, 11471, 11674, 11726, 12017, 12201, 12337, 12442, 12495, 12728, 12740, 12772, 12945, 13065, 13222, 13478, 13646, 13673, 13684, 13814, 13969, 14195, 14209, 14292, 14334, 14368, 14485, 14705, 14884, 14913, 15285, 15832, 16018, 16108, 16134, 16167, 16374, 16702, 16761, 16813, 16938, 17259, 17391, 17502, 17503]",c2.cp.wikipathways__WP_INTEGRATED_BREAST_CANCER_PATHWAY
c2.cp.wikipathways,WP_METABOLIC_PATHWAY_OF_LDL_HDL_AND_TG_INCLUDING_DISEASES,prerank,0.3666902117367311,0.9373251879246891,0.5530973451327433,0.6669454634047852,1.0,7_17,7/17,23.25%,APOA1;APOC2;SCARB1;ABCA1;ANXA2;LCAT;APOE,APOA1;APOC2;SCARB1;ABCA1;ANXA2;LCAT;APOE;LDLR;APOA2;LDLRAP1;LPL;APOB;LIPG;CETP;MTTP;LIPC;PCSK9,"[666, 2165, 2430, 2620, 3075, 3706, 4072, 4749, 7104, 8358, 8940, 9399, 9619, 12974, 14598, 14941, 15077]",c2.cp.wikipathways__WP_METABOLIC_PATHWAY_OF_LDL_HDL_AND_TG_INCLUDING_DISEASES
c2.cp.wikipathways,WP_ACE_INHIBITOR_PATHWAY,prerank,0.3903200096367043,0.9350143075119325,0.5166666666666667,0.6675339301280623,1.0,2_13,2/13,2.21%,NOS3;TGFB1,NOS3;TGFB1;AGTR1;AGT;NR3C2;KNG1;BDKRB1;ACE;ACE2;ATP6AP2;BDKRB2;REN;MAS1,"[335, 386, 4464, 5734, 8411, 8499, 8507, 8966, 12402, 13252, 14242, 15761, 17432]",c2.cp.wikipathways__WP_ACE_INHIBITOR_PATHWAY
c2.cp.wikipathways,WP_AXON_GUIDANCE,prerank,0.2663091686702014,0.933448179387586,0.5823293172690763,0.6679017426909218,1.0,7_72,7/72,5.98%,EPHA2;CXCR4;PARD3;FES;BOC;EFNB1;FYN,EPHA2;CXCR4;PARD3;FES;BOC;EFNB1;FYN;SRC;ROBO3;RGMA;RHOD;SEMA6C;RAF1;EFNA1;NTNG2;RRAS;WNT4;HRAS;BMPR1B;PARD6A;PLXNA1;SHH;ILK;NCK1;CDK5;ROCK1;ABL1;SEMA5B;EPHB1;NRP1;CFL1;NTN3;L1CAM;RYK;SEMA7A;NGEF;SEMA3A;WNT5A;PTCH1;MYL12B;BMPR2;ENAH;PRKCA;ARHGEF12;PDPK1;ITGB1;SRGAP2;RAC1;DPYSL2;GDF7;FZD3;SLIT3;MAPK1;UNC5D;ABLIM3;PRKCZ;SLIT1;MET;LRRC4C;DPYSL5;SLIT2;CXCL12;GSK3B;ROBO2;GNAI1;LRIG2;CDC42;NTN4;RASA1;ROBO1;DCC;TRPC1,"[39, 77, 308, 329, 719, 924, 1046, 2278, 2336, 2553, 2653, 2976, 3033, 3065, 3250, 3458, 3643, 3976, 4114, 4630, 5525, 5805, 5935, 6129, 6185, 6585, 6593, 6615, 6652, 6661, 6939, 7753, 7827, 8260, 8591, 8814, 8858, 8910, 9019, 9541, 10005, 10169, 10873, 10898, 10975, 11311, 11439, 11471, 11489, 11771, 12043, 12463, 12772, 12890, 12952, 13086, 13362, 13901, 13990, 14243, 14538, 15207, 15613, 15863, 15942, 16048, 16108, 16578, 16602, 17060, 17281, 17384]",c2.cp.wikipathways__WP_AXON_GUIDANCE
c2.cp.wikipathways,WP_EXERCISE_AND_HYPERTROPHY_IN_SKELETAL_MUSCLE,prerank,0.35356715811578976,0.9340761829677183,0.5520169851380042,0.6680425452083941,1.0,6_18,6/18,18.27%,EIF4EBP1;IL18;VEGFA;JUND;IFRD1;WDR1,EIF4EBP1;IL18;VEGFA;JUND;IFRD1;WDR1;DUSP14;MSTN;IL1R1;ATF3;ANKRD1;HBEGF;IL1A;ZEB1;NR4A3;ADAM10;MYOG;EIF4E,"[455, 662, 1439, 2470, 2802, 3199, 4585, 4756, 5151, 5684, 11940, 12285, 12614, 12675, 13351, 13386, 13675, 16760]",c2.cp.wikipathways__WP_EXERCISE_AND_HYPERTROPHY_IN_SKELETAL_MUSCLE
c2.cp.wikipathways,WP_SUDDEN_INFANT_DEATH_SYNDROME_SIDS_SUSCEPTIBILITY_PATHWAYS,prerank,0.2377885101386685,0.9326760492645011,0.6345733041575492,0.6681651738898726,1.0,36_149,36/149,16.26%,NFKB2;CEBPB;HSPD1;TCF3;RUNX3;ECE1;FMO3;FOXM1;KCNQ1;C4B;VEGFA;SOX2;GJA1;CC2D1A;GATA2;SLC6A4;CREBBP;IL6R;GNB3;ASCL1;IL6;IL1RN;HDAC1;SNTA1;GATA3;CREM;C4A;GCK;ADCYAP1R1;ALDOA;HTR3A;POU5F1;JUN;NFKB1;PKNOX1;KCNJ8,NFKB2;CEBPB;HSPD1;TCF3;RUNX3;ECE1;FMO3;FOXM1;KCNQ1;C4B;VEGFA;SOX2;GJA1;CC2D1A;GATA2;SLC6A4;CREBBP;IL6R;GNB3;ASCL1;IL6;IL1RN;HDAC1;SNTA1;GATA3;CREM;C4A;GCK;ADCYAP1R1;ALDOA;HTR3A;POU5F1;JUN;NFKB1;PKNOX1;KCNJ8;NGF;YBX1;HES1;TNF;AQP4;SLC1A3;NKX3-1;MAZ;POU3F2;CTCF;PRKAR1B;SP1;MAOA;IL1B;BHLHE40;GAPDH;CPT1A;CHRNA4;GRIN1;REST;EN1;DEAF1;HSP90B1;TH;POU2F2;HES5;NKX2-2;NOS1AP;PRKAR2B;KCNH2;IL10;HADHB;EP300;NTRK2;MBD1;AR;SSTR2;YWHAH;RORA;IL13;CAV3;HIF1A;THRB;DLX2;ATP1A3;TSPYL1;FEV;PRKACA;VIPR2;SLC9A3;SLC25A4;SCN4B;VAMP2;MECP2;RET;SP3;GPD1L;CREB1;PAH;HTR1A;SPTBN1;HADHA;PRKAR2A;YWHAG;AVP;SSTR1;ESR2;PPARGC1A;CHRNA7;TPH2;TF;SCN3B;VIPR1;PLP1;IL1A;MEF2C;YWHAE;CASP3;PPARGC1B;DDC;SNAP25;ACADM;GABRA1;YWHAB;CHRNB2;CDCA7L;NFYA;NANOG;NR3C1;TPPP;YWHAZ;NEUROD1;SCN5A;PBX1;MYB;CHRNB4;EGR1;HDAC9;CHRM2;MAP2;HTR2A;CTNNB1;TP73;RYR2;PRKACB;TACR1;PRKAR1A;YWHAQ;SST;TAC1;ADCYAP1;BDNF;TPH1,"[56, 311, 682, 734, 751, 972, 1042, 1135, 1330, 1395, 1439, 1488, 1579, 1730, 1766, 1789, 1980, 2017, 2026, 2116, 2121, 2260, 2268, 2273, 2530, 2587, 2614, 2648, 2758, 2768, 2787, 2795, 2824, 2835, 2836, 2848, 3051, 3086, 3383, 3515, 3526, 3630, 3726, 3840, 3852, 4074, 4473, 4488, 4513, 4629, 4717, 4761, 4767, 4827, 4890, 4978, 5068, 5255, 5272, 5573, 6013, 6408, 6510, 6606, 6764, 6843, 6941, 7160, 7268, 7280, 7582, 7620, 7729, 7832, 7923, 8159, 8160, 8234, 8336, 8833, 8842, 8891, 8998, 9427, 9694, 9703, 9747, 9786, 9949, 10143, 10215, 10351, 10402, 10478, 10607, 10749, 11161, 11235, 11277, 11291, 11326, 11330, 11385, 11622, 11644, 11661, 11964, 12115, 12267, 12583, 12614, 12683, 12907, 12945, 13100, 13144, 13308, 13487, 13541, 13801, 14006, 14040, 14044, 14064, 14123, 14551, 14665, 14937, 15125, 15130, 15452, 15573, 15627, 15818, 15902, 15965, 16012, 16018, 16047, 16332, 16466, 16625, 16685, 16842, 17040, 17139, 17339, 17360, 17362]",c2.cp.wikipathways__WP_SUDDEN_INFANT_DEATH_SYNDROME_SIDS_SUSCEPTIBILITY_PATHWAYS
c2.cp.wikipathways,WP_COHESIN_COMPLEX_CORNELIA_DE_LANGE_SYNDROME,prerank,0.3144169973118822,0.9263573091295737,0.5819672131147541,0.678514440569831,1.0,6_30,6/30,18.94%,PLK1;PPP2R1B;ESPL1;REC8;HDAC8;PDS5A,PLK1;PPP2R1B;ESPL1;REC8;HDAC8;PDS5A;AURKB;PPP2R5A;PPP2CB;NIPBL;PTTG1;PPP2R1A;STAG2;RAD21;PPP2R5D;CDK1;SMC1B;PDS5B;APC;MAU2;SMC3;CDCA5;ESCO2;PPP2R5B;SMC1A;PPP2R5C;PPP2CA;PPP2R5E;STAG3;ESCO1,"[869, 1140, 2630, 2718, 3224, 3317, 4224, 4755, 5975, 5994, 6641, 6695, 6717, 6793, 7617, 8376, 8426, 9386, 9884, 9973, 10273, 10337, 10339, 11118, 11281, 12168, 12732, 12931, 13300, 13470]",c2.cp.wikipathways__WP_COHESIN_COMPLEX_CORNELIA_DE_LANGE_SYNDROME
c2.cp.wikipathways,WP_OSX_AND_MIRNAS_IN_TOOTH_DEVELOPMENT,prerank,0.3781262786141419,0.9268731061270115,0.5494736842105263,0.678945845169746,1.0,7_13,7/13,22.02%,NOTCH4;BMP7;NOTCH2;NOTCH1;KLF4;HNF1A;NOTCH3,NOTCH4;BMP7;NOTCH2;NOTCH1;KLF4;HNF1A;NOTCH3;DKK1;RUNX2;ALPL;SOST;SP7;CTNNB1,"[781, 2039, 2279, 2437, 2806, 3074, 3857, 4704, 6841, 7488, 15844, 15881, 16018]",c2.cp.wikipathways__WP_OSX_AND_MIRNAS_IN_TOOTH_DEVELOPMENT
c2.cp.wikipathways,WP_HIPPO_SIGNALING_REGULATION,prerank,0.2525431866445475,0.9245630726494891,0.6203904555314533,0.6810490041918893,1.0,28_96,28/96,21.39%,EPHA2;TCF7L1;TEAD2;PDGFRB;PLCB3;IGF1R;FLT4;TEAD4;LATS2;LEF1;FGFR4;FLT1;CSF1R;YAP1;CDH20;EGFR;PLCB2;WWTR1;CDH5;INSR;GNAI3;TEAD1;CDH24;CDH2;TEAD3;NF2;PRKD3;GNAI2,EPHA2;TCF7L1;TEAD2;PDGFRB;PLCB3;IGF1R;FLT4;TEAD4;LATS2;LEF1;FGFR4;FLT1;CSF1R;YAP1;CDH20;EGFR;PLCB2;WWTR1;CDH5;INSR;GNAI3;TEAD1;CDH24;CDH2;TEAD3;NF2;PRKD3;GNAI2;MST1;TCF7;FGFR3;PRKAR1B;FGFR1;CDH4;GNAS;TCF7L2;NGFR;PRKAG3;CDH6;GNA11;SMAD3;SMAD2;PRKCH;PRKAR2B;NTRK2;CDH11;RHOA;TEK;STK3;PRKAG2;CDH1;NTRK1;PRKACA;PRKCD;PRKCG;CDH22;CDH10;LATS1;KDR;CDH19;PDGFRA;GNAQ;PRKCA;FGFR2;PRKAR2A;RAC1;PRKAA2;CDH3;CDH13;MTOR;PRKCZ;CDH9;PRKAB1;GNAL;PRKCE;PRKAB2;MET;CDH12;CDH18;PRKCB;PLCB1;PLCB4;PRKCI;CDH8;CDH17;KIT;CTNNB1;CDC42;CDH7;PRKACB;PRKCQ;PRKAR1A;PRKAG1;FLT3;PRKAA1;CDH15,"[39, 230, 314, 420, 441, 486, 525, 785, 1223, 1377, 1389, 1534, 1549, 2016, 2284, 2347, 2865, 2900, 2999, 3052, 3127, 3355, 3481, 3499, 3547, 3658, 3671, 3746, 4234, 4349, 4371, 4473, 4624, 4663, 4729, 4922, 4970, 5219, 5386, 5737, 5844, 6205, 6300, 6764, 7280, 7390, 7817, 7870, 8246, 8791, 8970, 9253, 9427, 9580, 9622, 9632, 9651, 9929, 10163, 10377, 10418, 10758, 10873, 11001, 11277, 11471, 11483, 12052, 12477, 13065, 13086, 13140, 13247, 13591, 13636, 13709, 13901, 14348, 14556, 14648, 14865, 15159, 15221, 15633, 15717, 15737, 16018, 16108, 16392, 16466, 16535, 16685, 16705, 17194, 17412, 17414]",c2.cp.wikipathways__WP_HIPPO_SIGNALING_REGULATION
c2.cp.wikipathways,WP_TGFBETA_SIGNALING_IN_THYROID_CELLS_FOR_EPITHELIALMESENCHYMAL_TRANSITION,prerank,0.3463501945322034,0.9217323176118989,0.5762004175365344,0.6855800221826888,1.0,7_18,7/18,22.59%,MAPK3;VIM;SNAI1;SMAD4;AKT1;CDH2;AKT2,MAPK3;VIM;SNAI1;SMAD4;AKT1;CDH2;AKT2;CDH6;SMAD3;ID1;SMAD2;RUNX2;SNAI2;CDH1;FN1;MAPK1;AKT3;TNC,"[1114, 2436, 2526, 2618, 3267, 3499, 3956, 5386, 5844, 6042, 6205, 6841, 7384, 8970, 10662, 12772, 14998, 16400]",c2.cp.wikipathways__WP_TGFBETA_SIGNALING_IN_THYROID_CELLS_FOR_EPITHELIALMESENCHYMAL_TRANSITION
c2.cp.wikipathways,WP_7OXOC_AND_7BETAHC_PATHWAYS,prerank,0.31872430740422736,0.9189944113386367,0.5658747300215983,0.6901813902649621,1.0,6_27,6/27,21.13%,HSD11B2;ACOX2;ACOT6;NPC2;SLC27A5;EBP,HSD11B2;ACOX2;ACOT6;NPC2;SLC27A5;EBP;DHCR7;ACOT12;ACOT8;ACOT2;CYP27A1;ACOT7;DBP;ACOT11;CYP7A1;ACOT9;ACOT13;SLC27A2;NPC1;ACOT1;HSD11B1;EPHX2;SCP2;ACOT4;AMACR;BAAT;THEM5,"[242, 1301, 1645, 3069, 3295, 3700, 4439, 5297, 5361, 5602, 5688, 6071, 7836, 7918, 8012, 8380, 8468, 8654, 9041, 10400, 10667, 11584, 12157, 12897, 14574, 14724, 15349]",c2.cp.wikipathways__WP_7OXOC_AND_7BETAHC_PATHWAYS
c2.cp.wikipathways,WP_SOMATIC_SEX_DETERMINATION,prerank,0.37245070430423344,0.9167264685354255,0.5543478260869565,0.6938864756731847,1.0,5_13,5/13,20.80%,FOXL2;SOX9;PTGDS;AMH;WNT4,FOXL2;SOX9;PTGDS;AMH;WNT4;SOX8;NR5A1;WT1;DHH;ZFPM2;FGF9;RSPO1;CTNNB1,"[1699, 2005, 2819, 3211, 3643, 7323, 7472, 9281, 9746, 11705, 12107, 12551, 16018]",c2.cp.wikipathways__WP_SOMATIC_SEX_DETERMINATION
c2.cp.wikipathways,WP_G_PROTEIN_SIGNALING,prerank,-0.3013142712157694,-1.093952735105636,0.2739463601532567,0.6956202467039172,1.0,18_88,18/88,16.93%,AKAP6;AKAP5;PDE7A;AKAP11;NRAS;PRKAR1A;PRKCQ;PRKACB;AKAP9;GNAI1;GNG10;ITPR1;GNG4;PRKCI;PDE4B;CALM1;PRKCB;PDE8A,PLCB3;AKAP8;GNB2;GNA12;GNA13;GNB3;ADCY9;GNGT2;ADCY4;GNG11;PRKD1;ADCY2;GNAI3;GNG12;RRAS;PPP3CC;PRKD3;GNAI2;HRAS;GNG8;GNA15;GNG5;PRKAR1B;GNAS;ADCY8;GNAZ;PDE4A;GNA14;GNA11;AKAP7;ARHGEF1;PRKCH;PDE4C;PRKAR2B;GNAO1;ADCY6;AKAP12;ADCY7;AKAP13;RHOA;SLC9A1;GNG13;PDE4D;ADCY3;AKAP3;PRKACA;AKAP1;PRKCD;AKAP10;PRKCG;PDE1B;GNG3;GNG7;GNB5;GNAQ;PRKCA;ADCY5;PPP3CA;PRKAR2A;KCNJ3;GNB1;PDE8B;PDE7B;PDE1C;PDE1A;PRKCZ;GNAL;PRKCE;ADCY1;KRAS;PDE8A;PRKCB;CALM1;PDE4B;PRKCI;GNG4;ITPR1;GNG10;GNAI1;AKAP9;PRKACB;PRKCQ;PRKAR1A;NRAS;AKAP11;PDE7A;AKAP5;AKAP6,"[441, 588, 746, 1633, 1948, 2026, 2127, 2199, 2248, 2472, 2628, 3009, 3127, 3370, 3458, 3642, 3671, 3746, 3976, 4018, 4188, 4434, 4473, 4729, 4754, 4995, 5284, 5615, 5737, 5951, 5981, 6300, 6761, 6764, 6775, 6958, 6959, 7067, 7635, 7817, 7867, 8244, 8278, 9021, 9377, 9427, 9501, 9580, 9603, 9622, 9646, 10116, 10209, 10609, 10758, 10873, 10986, 11156, 11277, 11745, 12079, 12347, 12468, 12612, 12942, 13086, 13591, 13636, 13767, 13814, 14553, 14648, 14779, 15138, 15221, 15235, 15616, 15670, 15942, 16195, 16466, 16535, 16685, 16714, 16754, 17104, 17253, 17479]",c2.cp.wikipathways__WP_G_PROTEIN_SIGNALING
c2.cp.wikipathways,WP_T_CELL_RECEPTOR_AND_COSTIMULATORY_SIGNALING,prerank,0.31609997296512615,0.9148881837389684,0.6045548654244306,0.6961841931228739,1.0,8_27,8/27,16.19%,NFKBIA;PLCG1;LCK;FYN;NFATC2;ZAP70;PTPN6;NFKB1,NFKBIA;PLCG1;LCK;FYN;NFATC2;ZAP70;PTPN6;NFKB1;AKT1;GSK3A;ITK;PDCD1;CTLA4;CD8A;CD28;PTEN;PRKCA;PPP3CA;DYRK1A;CALM1;GSK3B;CD8B;CSNK1A1;RASGRP1;DYRK2;PDK1;RASA1,"[132, 405, 1019, 1046, 1367, 2462, 2686, 2835, 3267, 4452, 5489, 7552, 8921, 9346, 9793, 10528, 10873, 11156, 14273, 14779, 15613, 15708, 15773, 16013, 16186, 16370, 16602]",c2.cp.wikipathways__WP_T_CELL_RECEPTOR_AND_COSTIMULATORY_SIGNALING
c2.cp.wikipathways,WP_MIRTARGETED_GENES_IN_MUSCLE_CELL,prerank,0.21291753908539413,0.9127398773067742,0.7401247401247402,0.6978339454323611,1.0,63_317,63/317,18.20%,DNAJB1;P4HA2;CSF1;ANPEP;CHORDC1;SLC38A2;CEBPB;NXN;EHMT1;TNFRSF10B;HMOX1;MTHFD2;GAK;SLC25A1;PLK1;PODXL;HDAC4;GSTM4;MOV10;BCL2;POLE4;NEDD4;KCNQ1;SNAP23;CARHSP1;MCL1;GJA1;CDKN1A;AXL;LMNB2;ATP6V0E1;ITGB4;PDLIM7;SRSF9;NELFCD;GNA13;NUFIP2;FGF2;NOTCH2;EGFR;SH3BGRL3;MRPS24;NOTCH1;CYP1B1;CAPG;ERBB2;CCNG1;TGFBR2;RAVER2;IFRD1;BRPF3;SERP1;SCYL1;NFIA;MAPK12;CBFB;GEMIN7;FNDC3B;TMEM43;CALCOCO2;PGM1;PSAT1;RDH10,DNAJB1;P4HA2;CSF1;ANPEP;CHORDC1;SLC38A2;CEBPB;NXN;EHMT1;TNFRSF10B;HMOX1;MTHFD2;GAK;SLC25A1;PLK1;PODXL;HDAC4;GSTM4;MOV10;BCL2;POLE4;NEDD4;KCNQ1;SNAP23;CARHSP1;MCL1;GJA1;CDKN1A;AXL;LMNB2;ATP6V0E1;ITGB4;PDLIM7;SRSF9;NELFCD;GNA13;NUFIP2;FGF2;NOTCH2;EGFR;SH3BGRL3;MRPS24;NOTCH1;CYP1B1;CAPG;ERBB2;CCNG1;TGFBR2;RAVER2;IFRD1;BRPF3;SERP1;SCYL1;NFIA;MAPK12;CBFB;GEMIN7;FNDC3B;TMEM43;CALCOCO2;PGM1;PSAT1;RDH10;TMEM109;CDK5RAP3;HES1;SLC38A5;CSNK1D;LRP1;MAPK7;NF2;SLC12A4;ADIPOR2;MPZL1;CHMP2A;COL1A2;FSTL1;CSRP1;NUCB1;LRRC8A;SNX15;TTC9C;POLD2;IGF2R;SSNA1;SLC7A11;AP3D1;CTSC;HMGA1;CPNE8;ARHGDIA;ANP32B;MYO10;COL1A1;IRS1;SRF;RAB34;HYAL3;MRC2;TXN2;DOCK7;ATG9A;PKN2;SDCBP;SYNE2;UAP1;GPAM;PHLDB2;ARID1A;CDIPT;TMED3;SH3BP4;SLC1A4;HIPK3;TP53INP1;G6PD;PISD;SRPRB;BACH1;DSG2;NRP1;RBMS1;PKM;GPD2;PTMA;PDLIM5;TXNRD1;TNFAIP2;ERG;FADS2;MAPK14;TPM2;DOCK5;CDCP1;RAB30;CDKN1B;ACAA2;LAMC1;PPIB;LAMTOR5;TMED10;E2F1;GRPEL2;ZNF622;NT5E;RHOG;ACVR1B;SRSF10;PXDN;EHMT2;TUSC2;GALNT1;RHEB;PPP1R7;BET1;TPM3;WNT5A;LUZP1;LPL;AGO3;GNPNAT1;SPRYD4;HSDL1;SPARC;POLR2C;THBS1;SLC25A24;RAI14;C1QBP;ATAD3B;DHX15;RB1;RAD23B;EZH2;ERBB3;POLA2;NCOA3;SEC24A;SHOC2;MRPL20;COIL;TRAM1;MYLIP;SNX6;FMNL2;CHD1;WDR82;NCEH1;ATP6V0A1;ABCG2;ADAR;USP1;COMMD9;AP3B1;PTPRF;MYO1E;CDK6;CDKAL1;PTGES3L-AARSD1;PPP3CA;MBNL1;UBE2J1;ABHD10;CDK5RAP1;CD164;PDCD4;VPS39;GFPT1;SFXN1;SYPL1;TPM4;PTPRJ;VSNL1;TM6SF1;ATRX;ELMOD2;ATP6V1C1;DNMT3A;ZEB1;MAGT1;CLDN1;TMED7;MATR3;GNL3L;COL3A1;CPOX;TMEM41B;TPPP3;PDE3A;CORO1C;SEC62;ANKFY1;RAB27B;SLC7A6;CSDE1;ACP2;SLC4A7;TBCA;PAFAH1B2;ARF4;PPIF;GRIA2;CCND1;LAMTOR3;NAA15;TMEM87A;KRAS;SNAP29;KPNA3;FNDC3A;MET;PICALM;LCLAT1;TPM1;IPO4;NAPG;SLC4A10;CAND1;STX7;PANX1;E2F3;RCN2;PGRMC1;DHX40;CA12;ASH2L;CACNA2D1;AMIGO2;NCL;LAMC2;SEC23A;SPTLC1;RTN4;CAMTA1;CUL4B;SLC12A2;CYP51A1;CLOCK;SPCS3;CXCL12;PRKCI;GALNT7;ARID4B;WDFY1;TMED2;WDR11;ATP2A2;ARCN1;ITGA2;PTBP2;KIT;SLC38A1;CTNNB1;FAR1;SYNE1;ESR1;MTPN;FRG1;RAB6A;TDG;MTRR;UBE4A;BACE1;SLC25A32;SLC25A13;EIF4E;TYMS;YWHAQ;DMTF1;RFT1;PWP1;HSD17B12;ANAPC1;GFM1;LTN1;STRN;VEZT,"[9, 12, 137, 149, 164, 301, 311, 383, 496, 539, 693, 723, 736, 768, 869, 1091, 1124, 1139, 1153, 1238, 1269, 1328, 1330, 1381, 1420, 1483, 1579, 1714, 1739, 1800, 1810, 1867, 1870, 1920, 1939, 1948, 2013, 2211, 2279, 2347, 2356, 2379, 2437, 2464, 2484, 2593, 2754, 2773, 2783, 2802, 2902, 2908, 2952, 2959, 2998, 3010, 3042, 3059, 3093, 3137, 3151, 3159, 3188, 3254, 3294, 3383, 3433, 3453, 3463, 3561, 3658, 3688, 3692, 3732, 3925, 3978, 3983, 4051, 4169, 4227, 4333, 4361, 4374, 4495, 4628, 4658, 4667, 4687, 4727, 4773, 4816, 4820, 4931, 5109, 5115, 5159, 5293, 5399, 5456, 5592, 5593, 5732, 5765, 5806, 5857, 5944, 5963, 6021, 6058, 6097, 6114, 6200, 6210, 6237, 6245, 6351, 6404, 6407, 6464, 6470, 6661, 6805, 7001, 7017, 7095, 7150, 7174, 7216, 7244, 7286, 7304, 7309, 7321, 7434, 7444, 7452, 7513, 7640, 7641, 7709, 7736, 7793, 8029, 8032, 8071, 8079, 8084, 8142, 8227, 8759, 8763, 8792, 8835, 8862, 8878, 8908, 8910, 8936, 8940, 9047, 9103, 9174, 9257, 9277, 9284, 9307, 9382, 9402, 9551, 9571, 9589, 9620, 9640, 9837, 9861, 9889, 9917, 9979, 10016, 10048, 10256, 10410, 10445, 10488, 10502, 10554, 10622, 10649, 10804, 10849, 10871, 10872, 10931, 10936, 10944, 10970, 11099, 11110, 11114, 11156, 11269, 11355, 11389, 11484, 11671, 11845, 11852, 11888, 11921, 12089, 12104, 12148, 12175, 12181, 12221, 12458, 12523, 12561, 12675, 12748, 12800, 12810, 12869, 12879, 12899, 12929, 13008, 13024, 13044, 13111, 13161, 13225, 13238, 13261, 13382, 13441, 13450, 13459, 13515, 13518, 13578, 13642, 13673, 13718, 13799, 13800, 13814, 13815, 13887, 13895, 13901, 13967, 13985, 14058, 14080, 14122, 14380, 14466, 14476, 14534, 14549, 14610, 14655, 14731, 14735, 14752, 14753, 14765, 14777, 14822, 14832, 14836, 14995, 15022, 15024, 15054, 15131, 15146, 15200, 15207, 15221, 15245, 15255, 15286, 15290, 15313, 15339, 15556, 15635, 15651, 15737, 16010, 16018, 16043, 16088, 16134, 16188, 16201, 16294, 16308, 16354, 16474, 16494, 16570, 16678, 16760, 16776, 16842, 16907, 16979, 17002, 17007, 17053, 17097, 17171, 17246, 17315]",c2.cp.wikipathways__WP_MIRTARGETED_GENES_IN_MUSCLE_CELL
c2.cp.wikipathways,WP_MELANOMA,prerank,0.2584252480458132,0.9130409429420024,0.6387096774193548,0.6986440041417779,1.0,24_67,24/67,22.70%,PIK3R2;PIK3CD;STK19;ELK1;MAPK3;CALML6;GADD45B;GADD45G;CDKN1A;SHC2;BAX;E2F2;MAP2K2;DDB2;BAD;CALML4;FOS;RAF1;AKT1;CDKN2A;ETS1;AKT2;ARAF;HRAS,PIK3R2;PIK3CD;STK19;ELK1;MAPK3;CALML6;GADD45B;GADD45G;CDKN1A;SHC2;BAX;E2F2;MAP2K2;DDB2;BAD;CALML4;FOS;RAF1;AKT1;CDKN2A;ETS1;AKT2;ARAF;HRAS;MAP2K1;SOS1;GADD45A;PIK3R3;PIK3CA;E2F1;CDK4;MITF;TP53;BAK1;CDH1;RB1;KDR;CREB1;PTEN;CDK6;GRB2;RAC1;VCL;PREX2;CALM3;CALM2;SOS2;MAPK1;GRIN2A;CCND1;PIK3CB;LAMTOR3;ERBB4;KRAS;CALML3;PAK1;PIK3R1;E2F3;CALM1;AKT3;POLK;MDM2;KIT;GRM3;NRAS;BRAF;NF1,"[350, 790, 920, 973, 1114, 1491, 1626, 1669, 1714, 1762, 1799, 1883, 2104, 2302, 2388, 2596, 2889, 3033, 3267, 3605, 3821, 3956, 3967, 3976, 5701, 5826, 6740, 6862, 7105, 7793, 7822, 8314, 8693, 8735, 8970, 9620, 10163, 10478, 10528, 11099, 11405, 11471, 11575, 11961, 12212, 12311, 12680, 12772, 13106, 13673, 13676, 13718, 13750, 13814, 14316, 14368, 14526, 14549, 14779, 14998, 15086, 15285, 15737, 16537, 16714, 17259, 17391]",c2.cp.wikipathways__WP_MELANOMA
c2.cp.wikipathways,WP_MAMMARY_GLAND_DEVELOPMENT_PUBERTY_STAGE_2_OF_4,prerank,0.3791448972168742,0.9103999239458404,0.5863539445628998,0.7013299106821174,1.0,7_12,7/12,25.37%,MYC;FOSL1;VIM;ERBB2;TIMP1;STAT5A;EGF,MYC;FOSL1;VIM;ERBB2;TIMP1;STAT5A;EGF;PGR;FN1;CCND1;NRIP1;ESR1,"[1232, 2188, 2436, 2593, 2996, 4109, 4444, 7328, 10662, 13673, 14451, 16134]",c2.cp.wikipathways__WP_MAMMARY_GLAND_DEVELOPMENT_PUBERTY_STAGE_2_OF_4
c2.cp.wikipathways,WP_ROLES_OF_CERAMIDES_IN_DEVELOPMENT_OF_INSULIN_RESISTANCE,prerank,0.33587452668384443,0.906485889507311,0.5956989247311828,0.7065531730891665,1.0,8_21,8/21,20.07%,CPT1B;TNFRSF1A;SLC2A4;IRS2;MAFA;INSR;AKT1;TNF,CPT1B;TNFRSF1A;SLC2A4;IRS2;MAFA;INSR;AKT1;TNF;IRS1;PRKAG3;TRAF1;RPS6KB1;ACSL1;SMPD3;ERN1;EIF2AK2;PPP2CA;PRKCZ;PIK3R1;MAPK8;CD36,"[322, 390, 1904, 2357, 2539, 3052, 3267, 3515, 5115, 5219, 5590, 8326, 8884, 9867, 10889, 11535, 12732, 13086, 14526, 16304, 17434]",c2.cp.wikipathways__WP_ROLES_OF_CERAMIDES_IN_DEVELOPMENT_OF_INSULIN_RESISTANCE
c2.cp.wikipathways,WP_MET_IN_TYPE_1_PAPILLARY_RENAL_CELL_CARCINOMA,prerank,0.26653301988064393,0.9069785911166109,0.6617954070981211,0.7069823892232309,1.0,24_56,24/56,22.70%,PIK3R2;PLCG1;PIK3CD;HGF;PAK4;MAPK3;CDKN1A;MAP2K2;CRK;SRC;TFE3;BAD;INSL3;JUN;RAF1;CBL;CRKL;STAT3;AKT1;RAPGEF1;ETS1;AKT2;ARAF;HRAS,PIK3R2;PLCG1;PIK3CD;HGF;PAK4;MAPK3;CDKN1A;MAP2K2;CRK;SRC;TFE3;BAD;INSL3;JUN;RAF1;CBL;CRKL;STAT3;AKT1;RAPGEF1;ETS1;AKT2;ARAF;HRAS;RPL11;JAK3;PRCC;RAP1A;MAP2K1;SOS1;ALK;GAB1;PIK3R3;PIK3CA;PAK2;PAK6;GRB2;RAC1;SOS2;MAPK1;RAP1B;PIK3CB;KRAS;MET;PAK1;PIK3R1;AKT3;C8orf34;PTPN11;CDC42;PTK2;MAPK8;NRAS;PAK3;STRN;BRAF,"[350, 405, 790, 893, 912, 1114, 1714, 2104, 2270, 2278, 2359, 2388, 2805, 2824, 3033, 3071, 3142, 3143, 3267, 3438, 3821, 3956, 3967, 3976, 4526, 5207, 5394, 5616, 5701, 5826, 5957, 6503, 6862, 7105, 7446, 10408, 11405, 11471, 12680, 12772, 12892, 13676, 13814, 13901, 14368, 14526, 14998, 15236, 16007, 16108, 16229, 16304, 16714, 17241, 17246, 17259]",c2.cp.wikipathways__WP_MET_IN_TYPE_1_PAPILLARY_RENAL_CELL_CARCINOMA
c2.cp.wikipathways,WP_TARGETED_THERAPY_IN_BREAST_CANCER,prerank,0.3118872068697812,0.9049509696701981,0.5933609958506224,0.7084547733027085,1.0,10_25,10/25,22.70%,PIK3R2;PIK3R5;PIK3CD;MAPK3;EGFR;ERBB2;RAF1;AKT1;AKT2;HRAS,PIK3R2;PIK3R5;PIK3CD;MAPK3;EGFR;ERBB2;RAF1;AKT1;AKT2;HRAS;PIK3CG;PIK3R3;PIK3CA;ERBB3;PIK3C2B;PIK3C2G;MAPK1;PIK3CB;ERBB4;KRAS;PIK3C2A;PIK3R1;AKT3;NRAS;PIK3R4,"[350, 466, 790, 1114, 2347, 2593, 3033, 3267, 3956, 3976, 6453, 6862, 7105, 9861, 12233, 12690, 12772, 13676, 13750, 13814, 14351, 14526, 14998, 16714, 16837]",c2.cp.wikipathways__WP_TARGETED_THERAPY_IN_BREAST_CANCER
c2.cp.wikipathways,WP_SEROTONIN_TRANSPORTER_ACTIVITY,prerank,0.383404818658223,0.9032630148951838,0.5983772819472617,0.7088431077866579,1.0,6_11,6/11,29.41%,SCAMP2;SLC6A4;TGFB1I1;MAOA;IL1B;IL1R1,SCAMP2;SLC6A4;TGFB1I1;MAOA;IL1B;IL1R1;PPP2CB;ITGB3;STX1A;TPH2;NOS1,"[1423, 1789, 4073, 4513, 4629, 5151, 5975, 7795, 8112, 11661, 15846]",c2.cp.wikipathways__WP_SEROTONIN_TRANSPORTER_ACTIVITY
c2.cp.wikipathways,WP_CHOLESTASIS,prerank,0.3363212676920885,0.9038301737176038,0.5932914046121593,0.7091667208881324,1.0,9_19,9/19,28.92%,RXRA;EPHX1;ABCC2;SCARB1;SLC10A1;ABCC3;ABCC4;LDLR;SLC22A1,RXRA;EPHX1;ABCC2;SCARB1;SLC10A1;ABCC3;ABCC4;LDLR;SLC22A1;ABCG8;TJP2;ATP8B1;ABCB4;ABCB11;ABCG5;SLCO1A2;HMGCR;NR1I3;NR1H4,"[710, 819, 1475, 2430, 3513, 4275, 4382, 4749, 5066, 5875, 6354, 6583, 8856, 11763, 12511, 12776, 13646, 15184, 15445]",c2.cp.wikipathways__WP_CHOLESTASIS
c2.cp.wikipathways,WP_FATTY_ACID_AND_LIPOPROTEIN_TRANSPORT_IN_HEPATOCYTES,prerank,0.20700521440661235,0.9000069189683286,0.8285123966942148,0.7125723777529172,1.0,62_357,62/357,16.14%,NPC1L1;TRIP10;SESN2;INPPL1;HOOK2;CPT1B;UNC119;RUFY1;HSD17B7;LRP4;SOAT1;APOA1;ABCD4;APOL1;AGER;PACSIN2;SNX33;STARD3;CD320;PLTP;BCL2L1;PSTPIP1;BIN3;ABCD1;ARRB2;RIN3;SCARF2;ACOX2;RHOJ;RHOQ;SCARA5;APOBR;EHD2;CPT1C;EPN1;DBI;AP2S1;CLEC10A;STON2;ASGR1;LRP5;APOC2;SSC5D;ACSL5;PMVK;LRP10;CD163;TMPRSS2;SCARB1;CFI;LMBR1L;ECI1;FCHSD2;MARCO;RIN2;ABCA1;CLN3;TNK2;APOC4;CSNK1G2;TMPRSS3;NCKIPSD,NPC1L1;TRIP10;SESN2;INPPL1;HOOK2;CPT1B;UNC119;RUFY1;HSD17B7;LRP4;SOAT1;APOA1;ABCD4;APOL1;AGER;PACSIN2;SNX33;STARD3;CD320;PLTP;BCL2L1;PSTPIP1;BIN3;ABCD1;ARRB2;RIN3;SCARF2;ACOX2;RHOJ;RHOQ;SCARA5;APOBR;EHD2;CPT1C;EPN1;DBI;AP2S1;CLEC10A;STON2;ASGR1;LRP5;APOC2;SSC5D;ACSL5;PMVK;LRP10;CD163;TMPRSS2;SCARB1;CFI;LMBR1L;ECI1;FCHSD2;MARCO;RIN2;ABCA1;CLN3;TNK2;APOC4;CSNK1G2;TMPRSS3;NCKIPSD;RINL;DENND1C;NPC2;ARHGAP27;WASF2;ASGR2;RALBP1;CES1;LRP1;SH3GL1;LRP3;PPARD;EBP;LCAT;ACAA1;LSR;ECHDC2;PIP5K1C;ECHS1;HRAS;CLEC9A;HHIPL1;MSR1;RIN1;LOXL2;APOE;NECAP2;SIGLEC1;EPS15L1;USP20;LSS;DHCR7;LDLR;CPT1A;OPHN1;APOC1;TOM1;TMPRSS5;ITSN1;CLTA;CD209;CSNK1E;SURF4;AP2A2;STAB2;RABEP2;ITSN2;SLC27A3;RAB34;ECI2;ECH1;FCHO1;SLC27A1;MRC2;CALY;BTBD8;CTTN;SHH;RAB17;MRC1;ENPP1;AP2M1;STON1;DENND1A;HSD17B10;ENDOU;HEATR5A;PEX5;HIP1R;SH3BP4;EHD1;EPN3;FDFT1;G6PD;CYTH2;PIK3CG;BIN1;MVD;PEX2;ABL1;NOSTRIN;EHD4;ACADS;CLEC4M;LOXL3;DNM2;AP2A1;DAB2;TMPRSS13;APOA2;ILDR1;CD5;HADHB;GHR;LGALS3BP;HDLBP;EPN2;ATP6V1H;ACAA2;SCARA3;OSBPL5;LRP8;BDH2;RHOV;TSC2;APOO;CYB5R3;CAV3;DECR1;PRG4;DNM1;LY75;LDLRAP1;HSD17B4;PLA2R1;LBR;SLC27A2;CUBN;ACOX3;FABP4;ACSL1;ACAT1;SLC5A8;LPL;SH3GL2;NPC1;AMPH;HIP1;CSNK1G1;STON1-GTF2A1L;HADH;APOB;PGBD1;TEX261;VDAC1;MCAT;DHCR24;SRL;FNBP1L;SORT1;PACSIN1;SYP;TFRC;CD6;SNX2;FCHO2;LOXL4;EHD3;FNBP1;FDPS;MIB1;DENND1B;STAR;MYLIP;CD5L;LRRK2;FABP3;APOF;OLR1;APOM;IDI2;SNX9;MSMO1;PACSIN3;SLC27A4;OCIAD2;RAB1A;MYO1E;AP3M1;ZFYVE9;CLCN5;NME1;MIA3;HADHA;ACAD11;MVK;APLP1;PRKAA2;DPYSL2;STEAP2;PON1;CLINT1;PRSS12;RAB5C;PLA2G7;DNER;CLIP3;INSIG2;NSDHL;EHBP1;MICALL1;PCYOX1;RABGEF1;LRP2;SAA4;LRP1B;SCP2;ACOXL;MYO6;LMBRD1;SNX5;INSIG1;SOAT2;SNX18;CETP;RHOU;OCIAD1;FKBP15;ANKFY1;NECAP1;SNX10;AAK1;RABGAP1L;ACADM;AP3M2;ACSL3;LIPA;HMGCR;CD163L1;CSNK1G3;PIK3CB;RAB22A;ACAT2;LRP6;AP2B1;TMPRSS4;ACSL6;SH3KBP1;PICALM;ACOX1;BECN1;SH3GL3;ENPP2;ACAD10;RAB5B;EEA1;ESYT2;PIK3C2A;ABCD3;RABEP1;SAA2;AUH;ARV1;LIPC;EQTN;ABCD2;SLC25A17;SYNJ1;PCSK9;RAB7A;CYP51A1;DBNL;ANK2;REPS2;DGKD;CPT2;ECHDC1;ACLY;GAPVD1;SERINC1;RAB5A;ATP9B;CROT;APP;LRP12;IDI1;SYNRG;SORL1;EHHADH;USP33;CDC42;PEX7;FABP1;C9orf72;MTMR6;ARC;LPA;HMGCS1;DMBT1;DNM1L;SCARB2;ATP9A;TM7SF2;DNM3;SGIP1;EPS15;ARR3;CLEC4F;MTMR9;HEATR5B;PIK3C3;CFTR;VLDLR;REPS1;PRKAA1,"[30, 57, 108, 157, 274, 322, 413, 465, 590, 661, 663, 666, 732, 741, 759, 804, 824, 873, 908, 964, 1087, 1136, 1189, 1233, 1250, 1273, 1288, 1301, 1306, 1400, 1429, 1434, 1502, 1532, 1572, 1597, 1749, 1759, 1876, 1998, 2090, 2165, 2206, 2243, 2250, 2275, 2304, 2381, 2430, 2455, 2458, 2507, 2538, 2594, 2619, 2620, 2645, 2702, 2724, 2729, 2794, 2826, 2955, 2993, 3069, 3178, 3195, 3226, 3283, 3434, 3463, 3490, 3678, 3681, 3700, 3706, 3799, 3813, 3867, 3945, 3946, 3976, 3996, 4002, 4026, 4061, 4066, 4072, 4100, 4124, 4172, 4231, 4326, 4439, 4749, 4767, 4771, 4775, 4843, 5003, 5037, 5058, 5076, 5083, 5112, 5162, 5178, 5196, 5197, 5203, 5293, 5296, 5302, 5365, 5383, 5456, 5523, 5683, 5769, 5805, 5830, 5858, 5903, 5915, 5954, 5976, 6026, 6060, 6079, 6153, 6176, 6200, 6268, 6273, 6284, 6351, 6427, 6453, 6479, 6482, 6534, 6593, 6659, 6662, 6663, 6736, 6824, 6861, 6922, 7000, 7019, 7104, 7122, 7134, 7160, 7202, 7314, 7395, 7406, 7439, 7513, 7517, 7576, 7888, 7935, 7936, 7998, 8030, 8124, 8160, 8208, 8211, 8266, 8339, 8358, 8387, 8579, 8625, 8654, 8753, 8770, 8786, 8884, 8886, 8898, 8940, 8953, 9041, 9183, 9203, 9223, 9231, 9255, 9399, 9400, 9412, 9800, 9840, 9913, 9946, 9957, 9962, 9996, 10081, 10105, 10125, 10146, 10171, 10184, 10187, 10211, 10275, 10302, 10349, 10420, 10445, 10464, 10661, 10707, 10717, 10770, 10777, 10800, 10870, 10879, 10881, 10899, 10906, 10946, 10970, 10973, 11024, 11115, 11144, 11234, 11235, 11304, 11336, 11430, 11483, 11489, 11548, 11595, 11606, 11613, 11683, 11738, 11766, 11799, 11808, 11828, 11876, 11926, 11973, 12006, 12026, 12049, 12123, 12157, 12328, 12363, 12699, 12709, 12857, 12861, 12959, 12974, 12996, 13049, 13060, 13225, 13285, 13303, 13399, 13451, 13487, 13521, 13614, 13631, 13646, 13670, 13671, 13676, 13795, 13813, 13826, 13857, 13875, 13889, 13893, 13967, 13978, 14024, 14062, 14102, 14216, 14289, 14308, 14347, 14351, 14482, 14563, 14579, 14861, 14891, 14941, 14944, 15010, 15058, 15067, 15077, 15081, 15131, 15173, 15234, 15282, 15436, 15472, 15547, 15559, 15567, 15583, 15603, 15620, 15622, 15665, 15686, 15748, 15855, 15971, 15973, 16101, 16108, 16171, 16196, 16247, 16387, 16423, 16652, 16695, 16749, 16779, 16804, 16806, 16848, 16878, 16965, 16978, 16993, 17059, 17111, 17165, 17167, 17252, 17256, 17294, 17412]",c2.cp.wikipathways__WP_FATTY_ACID_AND_LIPOPROTEIN_TRANSPORT_IN_HEPATOCYTES
c2.cp.wikipathways,WP_OPIOID_RECEPTOR_PATHWAYS,prerank,0.28277124653488334,0.9004259628330733,0.6170678336980306,0.7131820047381499,1.0,11_39,11/39,22.43%,RELA;HMOX1;GNA12;HDAC1;SQSTM1;RPLP2;PGM1;TNF;TLR4;GNAI2;PLEKHG1,RELA;HMOX1;GNA12;HDAC1;SQSTM1;RPLP2;PGM1;TNF;TLR4;GNAI2;PLEKHG1;ADCY8;JUP;TUBB;CCK;PIK3CG;OPRL1;E2F1;SLC9A1;HSPA8;CACNB2;MBP;PRKCG;CELF2;CACNA1B;CAP1;RAC1;NOS2;MAP1LC3B;ALDH9A1;HPCA;OPRM1;RGS9;DNMT3A;PRKCE;ADCY1;RGS4;ARC;BDNF,"[68, 693, 1633, 2268, 2762, 2774, 3151, 3515, 3516, 3746, 3928, 4754, 5286, 5726, 6217, 6453, 6582, 7793, 7867, 7879, 8997, 9036, 9622, 9974, 10301, 10635, 11471, 11576, 11789, 11792, 11873, 12246, 12387, 12561, 13636, 13767, 14643, 16423, 17360]",c2.cp.wikipathways__WP_OPIOID_RECEPTOR_PATHWAYS
c2.cp.wikipathways,WP_ONECARBON_METABOLISM,prerank,-0.35497919869577754,-1.0362543087482619,0.39728682170542634,0.7133086445389187,1.0,8_29,8/29,18.83%,MTR;GART;TYMS;MTRR;MTHFD1;MTHFD1L;FOLH1;MTFMT,MTHFD2;SHMT2;CHDH;MTHFS;SHMT1;AHCYL2;ALDH1L1;FTCD;TCN2;GLRX;DHFR;DNMT1;MTHFR;MAT1A;AMT;BHMT;ATIC;MAT2B;AHCY;DNMT3B;DNMT3A;MTFMT;FOLH1;MTHFD1L;MTHFD1;MTRR;TYMS;GART;MTR,"[723, 738, 1704, 2167, 3082, 3088, 3122, 3439, 4077, 4181, 5804, 6654, 6721, 7783, 9202, 9256, 9278, 9924, 10439, 11295, 12561, 14220, 14710, 15300, 15626, 16354, 16776, 17114, 17470]",c2.cp.wikipathways__WP_ONECARBON_METABOLISM
c2.cp.wikipathways,WP_FATTY_ACID_BIOSYNTHESIS,prerank,-0.3950729193557601,-1.0796103978296294,0.33001988071570576,0.7139875591068381,1.0,6_22,6/22,12.79%,PECR;ACSL4;ACLY;ECHDC1;SCD;MECR,ECHDC3;PC;ACSL5;ECHDC2;ECHS1;ECH1;ACACB;ACAA2;ACSS2;DECR1;ACSL1;HADH;FASN;ACACA;ACSL3;ACSL6;MECR;SCD;ECHDC1;ACLY;ACSL4;PECR,"[429, 1947, 2243, 3867, 3946, 5302, 5622, 7513, 7724, 8208, 8884, 9255, 9820, 11923, 13614, 13889, 15279, 15398, 15547, 15559, 16680, 17174]",c2.cp.wikipathways__WP_FATTY_ACID_BIOSYNTHESIS
c2.cp.wikipathways,WP_HISTONE_MODIFICATIONS,prerank,-0.35240938644586695,-1.045051554174464,0.3700189753320683,0.7140825034201812,1.0,10_31,10/31,22.26%,SETD9;ASH1L;SETD7;SUV39H1;SETD4;SETBP1;PRDM2;SUV39H2;SETDB1;SETD6,EHMT1;SETD1A;EED;DOT1L;SETD3;SETD1B;EZH1;SMYD1;SETDB2;SMYD5;SETMAR;SET;EHMT2;AEBP2;SMYD2;NSD1;SETD2;EZH2;SETD5;SMYD4;SMYD3;SETD6;SETDB1;SUV39H2;PRDM2;SETBP1;SETD4;SUV39H1;SETD7;ASH1L;SETD9,"[496, 1196, 3207, 3590, 3687, 4088, 4204, 4638, 6931, 6985, 7755, 7850, 8759, 9039, 9184, 9664, 9665, 9837, 9898, 10475, 11302, 13620, 13668, 13705, 14421, 14447, 15168, 15572, 15890, 16613, 16967]",c2.cp.wikipathways__WP_HISTONE_MODIFICATIONS
c2.cp.wikipathways,WP_DNA_IRDOUBLE_STRAND_BREAKS_AND_CELLULAR_RESPONSE_VIA_ATM,prerank,-0.3218581343083512,-1.0821197901915924,0.2978723404255319,0.7141810259413269,1.0,8_53,8/53,9.89%,ATR;FANCD2;RAD17;PRKDC;NBN;RAD50;TP73;RIF1,HSF1;CHEK2;BID;RASSF1;TRIM28;BAX;YAP1;UPF1;RAD52;CDKN2A;ACTL6A;RNF8;NABP2;RAD9A;TERF2;CDK5;PCNA;CASP9;ABL1;RAD51;BLM;DCLRE1C;E2F1;ATF2;STK3;BRCA1;BRCA2;TP53;BAK1;PARP1;LATS1;SMC3;KAT5;MDC1;MCPH1;ATM;SMC1A;TRAF6;EXO1;TP53BP1;CASP3;CDC25C;APAF1;CHEK1;MDM2;RIF1;TP73;RAD50;NBN;PRKDC;RAD17;FANCD2;ATR,"[497, 581, 779, 1540, 1635, 1799, 2016, 2591, 3505, 3605, 3778, 4005, 4024, 5087, 5904, 6185, 6282, 6429, 6593, 6595, 6875, 7037, 7793, 8136, 8246, 8479, 8630, 8693, 8735, 9697, 9929, 10273, 10458, 11048, 11167, 11270, 11281, 11998, 12455, 12764, 12945, 13437, 13773, 14334, 15285, 15786, 16047, 16167, 16435, 16539, 16664, 17393, 17503]",c2.cp.wikipathways__WP_DNA_IRDOUBLE_STRAND_BREAKS_AND_CELLULAR_RESPONSE_VIA_ATM
c2.cp.wikipathways,WP_BDNFTRKB_SIGNALING,prerank,-0.35549833670555825,-1.0768860655414105,0.33880903490759756,0.714570941267854,1.0,12_33,12/33,27.10%,BDNF;BRAF;NRAS;ARC;TRPC3;TSC1;KRAS;ADCY1;HOMER1;MTOR;TRPC6;MAPK1,PLCG1;EIF4EBP1;AKT1;HRAS;SHC1;GRIN1;RPS6KA1;MAP2K1;SOS1;PIK3CG;GAB1;MKNK1;NTRK2;TSC2;EEF2K;RPS6KB1;DLG4;RHEB;CREB1;GAB2;GRB2;MAPK1;TRPC6;MTOR;HOMER1;ADCY1;KRAS;TSC1;TRPC3;ARC;NRAS;BRAF;BDNF,"[405, 455, 3267, 3976, 4654, 4890, 5141, 5701, 5826, 6453, 6503, 6710, 7280, 7998, 8245, 8326, 8524, 8835, 10478, 10756, 11405, 12772, 12932, 13065, 13602, 13767, 13814, 14195, 14429, 16423, 16714, 17259, 17360]",c2.cp.wikipathways__WP_BDNFTRKB_SIGNALING
c2.cp.wikipathways,WP_MBDNF_AND_PROBDNF_REGULATION_OF_GABA_NEUROTRANSMISSION,prerank,-0.338786107654486,-1.0469014628242526,0.3505535055350554,0.7156218207494569,1.0,3_37,3/37,3.53%,GABRA6;BDNF;GABRG3,PIK3R2;PLCG1;GABRE;CREM;STAT3;GABRQ;SHC1;NGFR;GABRG1;AP2A2;PIK3CG;ROCK1;PIK3R3;AP2A1;PIK3CA;NTRK2;RHOA;JAK2;GABRA3;GABRD;GABRB1;GABRB3;CREB1;PTEN;GABRA2;GABRA5;SLC12A5;GABRG2;GABRA4;GABRA1;PIK3CB;AP2B1;GABRB2;PIK3R1;GABRG3;BDNF;GABRA6,"[350, 405, 646, 2587, 3143, 3465, 4654, 4970, 5012, 5162, 6453, 6585, 6862, 6922, 7105, 7280, 7817, 8889, 8974, 9581, 9868, 9903, 10478, 10528, 10734, 10979, 11225, 13432, 13516, 13541, 13676, 13857, 13883, 14526, 16900, 17360, 17516]",c2.cp.wikipathways__WP_MBDNF_AND_PROBDNF_REGULATION_OF_GABA_NEUROTRANSMISSION
c2.cp.wikipathways,WP_GLYCINE_METABOLISM_INCLUDING_IMDS,prerank,-0.43999595422874194,-1.084034081430675,0.38421052631578945,0.716632837476039,1.0,7_15,7/15,28.84%,LIAS;PNPO;DLD;NFU1;GCSH;BOLA3;IBA57,HSCB;SHMT1;GLRX5;GLDC;AMT;ISCU;LIPT2;LIPT1;IBA57;BOLA3;GCSH;NFU1;DLD;PNPO;LIAS,"[2978, 3082, 6212, 6950, 9202, 10088, 10591, 11472, 12467, 12998, 14022, 14874, 15272, 16003, 16049]",c2.cp.wikipathways__WP_GLYCINE_METABOLISM_INCLUDING_IMDS
c2.cp.wikipathways,WP_EFFECTS_OF_MFN2_MUTATION,prerank,-0.3663627374861823,-1.0370442924639025,0.3988657844990548,0.7173425879466504,1.0,13_22,13/22,35.14%,RAB3B;MAP2;DYNC1H1;RAB7A;DYNC1I1;MFN2;CASP3;DYNC2H1;SYPL1;DCTN1;KIF1B;DYNC1LI2;TUBB3,RABAC1;BAX;RHOT1;TRAK1;ATAT1;TP53;RAB3A;CASP8;SNCA;TUBB3;DYNC1LI2;KIF1B;DCTN1;SYPL1;DYNC2H1;CASP3;MFN2;DYNC1I1;RAB7A;DYNC1H1;MAP2;RAB3B,"[1038, 1799, 5530, 5628, 6381, 8693, 9354, 10378, 10959, 11364, 11494, 11534, 11827, 12089, 12600, 12945, 13019, 14785, 15081, 15541, 15965, 17013]",c2.cp.wikipathways__WP_EFFECTS_OF_MFN2_MUTATION
c2.cp.wikipathways,WP_COMMON_PATHWAYS_UNDERLYING_DRUG_ADDICTION,prerank,-0.3347956410414201,-1.05369708832341,0.3574074074074074,0.7173698122133739,1.0,18_40,18/40,30.01%,CAMK4;GRM5;PRKACB;GNAI1;DRD2;GRIA4;GJB1;ACTG2;CALM1;PRKCB;ADCY1;GRIA2;ACTG1;GRIN2A;RAP1B;MAPK1;PPP1CB;ACTB,PPP1CC;MAPK3;PPP1R1A;MAP2K2;RAF1;ARAF;GNAS;ADCY8;GRIN1;RAP1A;MAP2K1;PPP1CA;DRD4;GRIA1;CAMK2A;DRD1;PRKACA;PRKCG;GRM1;CREB1;PRKCA;GRIA3;ACTB;PPP1CB;MAPK1;RAP1B;GRIN2A;ACTG1;GRIA2;ADCY1;PRKCB;CALM1;ACTG2;GJB1;GRIA4;DRD2;GNAI1;PRKACB;GRM5;CAMK4,"[665, 1114, 1271, 2104, 3033, 3967, 4729, 4754, 4890, 5616, 5701, 7117, 7398, 8002, 8596, 8994, 9427, 9622, 10008, 10478, 10873, 11991, 12262, 12507, 12772, 12892, 13106, 13331, 13642, 13767, 14648, 14779, 14818, 15287, 15384, 15657, 15942, 16466, 16741, 16852]",c2.cp.wikipathways__WP_COMMON_PATHWAYS_UNDERLYING_DRUG_ADDICTION
c2.cp.wikipathways,WP_PHOSPHODIESTERASES_IN_NEURONAL_FUNCTION,prerank,-0.31356020734621454,-1.0387276369447942,0.37362637362637363,0.7189257627047534,1.0,19_52,19/52,29.52%,PDE10A;PDE11A;PDE7A;GRIN2B;NOS1;PDE6D;DRD2;PDE5A;PDE4B;PDE8A;PDE3B;ADCY1;PDE12;GRIN2A;PDE3A;PDE1A;PDE1C;PDE7B;PDE8B,ADCY10;ADORA2A;PDE6G;ADCY9;ADCY4;ADCY2;PDE9A;ADCY8;GRIN1;PDE6A;PDE4A;PDE2A;PPP1R1B;PDE4C;ADCY6;PRKG1;ADCY7;GRIN2C;GRIA1;PDE4D;CAMK2A;GRIN2D;DRD1;ADCY3;PRKACA;PDE1B;PDE6H;CREB1;PDE6B;ADCY5;GUCY1A2;PDE6C;CHRNA7;PDE8B;PDE7B;PDE1C;PDE1A;PDE3A;GRIN2A;PDE12;ADCY1;PDE3B;PDE8A;PDE4B;PDE5A;DRD2;PDE6D;NOS1;GRIN2B;PDE7A;PDE11A;PDE10A,"[372, 691, 933, 2127, 2248, 3009, 4230, 4754, 4890, 5036, 5284, 5434, 6119, 6761, 6958, 7044, 7067, 7345, 8002, 8278, 8596, 8633, 8994, 9021, 9427, 9646, 10075, 10478, 10548, 10986, 11029, 11079, 11644, 12347, 12468, 12612, 12942, 13044, 13106, 13497, 13767, 13856, 14553, 15138, 15268, 15657, 15736, 15846, 16281, 17104, 17176, 17394]",c2.cp.wikipathways__WP_PHOSPHODIESTERASES_IN_NEURONAL_FUNCTION
c2.cp.wikipathways,WP_BMP2WNT4FOXO1_PATHWAY_IN_PRIMARY_ENDOMETRIAL_STROMAL_CELL_DIFFERENTIATION,prerank,-0.43200995976982715,-1.0479926935818515,0.3827392120075047,0.7194996386425235,1.0,3_13,3/13,13.65%,SST;CTNNB1;SFRP1,DCN;FOXO1;WNT4;BCL2L11;DKK1;SMAD5;SMAD9;SMAD1;LEFTY2;BMP2;SFRP1;CTNNB1;SST,"[2386, 3351, 3643, 3812, 4704, 6234, 6481, 7143, 7533, 10854, 15127, 16018, 17040]",c2.cp.wikipathways__WP_BMP2WNT4FOXO1_PATHWAY_IN_PRIMARY_ENDOMETRIAL_STROMAL_CELL_DIFFERENTIATION
c2.cp.wikipathways,WP_MICROTUBULE_CYTOSKELETON_REGULATION,prerank,-0.3220446566640068,-1.0492314458321463,0.36178107606679033,0.7230044435980197,1.0,13_47,13/47,21.87%,CAMK4;CDC42;F2RL2;TAOK1;MAP1B;GSK3B;PTPRA;CFL2;RHO;TPPP;PAK1;EPHB2;TIAM1,MAPKAPK2;DVL1;SRC;STAT3;AKT1;AURKB;KIF2C;PARD6A;DIAPH1;MARK2;PHLDB2;MAPRE1;ROCK1;ABL1;NTRK2;LIMK1;NTRK3;TRIO;CDK1;CLIP1;SPRED1;NTRK1;PRKACA;APC;PTEN;CLASP1;GNAQ;PRKCA;MAPT;RAC1;DPYSL2;TESK2;MARK1;STMN1;TIAM1;EPHB2;PAK1;TPPP;RHO;CFL2;PTPRA;GSK3B;MAP1B;TAOK1;F2RL2;CDC42;CAMK4,"[344, 1089, 2278, 3143, 3267, 4224, 4284, 4630, 5025, 5254, 6021, 6230, 6585, 6593, 7280, 7458, 7586, 8219, 8376, 9175, 9194, 9253, 9427, 9884, 10528, 10600, 10758, 10873, 11206, 11471, 11489, 11560, 11630, 12454, 13688, 14005, 14368, 14551, 14884, 14958, 15193, 15613, 15803, 15809, 16081, 16108, 16852]",c2.cp.wikipathways__WP_MICROTUBULE_CYTOSKELETON_REGULATION
c2.cp.wikipathways,WP_EUKARYOTIC_TRANSCRIPTION_INITIATION,prerank,-0.3222313172260432,-1.0280692834477232,0.4143646408839779,0.7231501714136925,1.0,11_42,11/42,20.29%,POLR3B;GTF2H3;CCNH;GTF2H4;GTF2H1;TBP;POLR1A;POLR1B;POLR2B;POLR2G;MNAT1,POLR2H;GTF2E2;POLR2J;POLR3H;POLR2E;TAF12;GTF2H2;TAF6;TAF7;POLR1D;ERCC2;TAF5;ILK;POLR2I;GTF2B;TAF13;POLR2F;GTF2F2;GTF2E1;GTF2A2;POLR2C;POLR3K;TAF9;POLR3D;CDK7;GTF2H2C;POLR2K;POLR3E;POLR2A;POLR1E;ERCC3;MNAT1;POLR2G;POLR2B;POLR1B;POLR1A;TBP;GTF2H1;GTF2H4;CCNH;GTF2H3;POLR3B,"[134, 616, 1247, 1849, 4345, 5042, 5172, 5501, 5526, 5596, 5609, 5667, 5935, 7194, 7239, 7834, 8262, 8438, 8939, 9282, 9284, 10004, 10023, 10242, 10485, 10521, 10988, 11021, 12851, 12972, 13398, 13965, 14055, 14253, 15288, 15636, 15689, 15705, 16328, 17029, 17089, 17242]",c2.cp.wikipathways__WP_EUKARYOTIC_TRANSCRIPTION_INITIATION
c2.cp.wikipathways,WP_H19_RBE2F1_AND_CDKBETACATENIN_IN_COLORECTAL_CANCER,prerank,-0.43694237828844235,-1.0539856215303527,0.4195933456561922,0.723500154411025,1.0,4_13,4/13,26.93%,CTNNB1;MED1;CCND1;SOX4,PMAIP1;CSRP2;JAG1;E2F1;CDK4;TULP3;CDH1;CDK8;RB1;SOX4;CCND1;MED1;CTNNB1,"[3544, 4621, 5281, 7793, 7822, 7885, 8970, 9311, 9620, 12801, 13673, 15302, 16018]",c2.cp.wikipathways__WP_H19_RBE2F1_AND_CDKBETACATENIN_IN_COLORECTAL_CANCER
c2.cp.wikipathways,WP_MRNA_PROCESSING,prerank,-0.2797192139239645,-1.0714078480057878,0.2943396226415094,0.7235903183503408,1.0,41_123,41/123,27.19%,RBMX;SFPQ;RNMT;SNRPA1;SNRPD3;CPSF3;SRRM1;CDC40;SRP54;NUDT21;CSTF2;PTBP2;CLK4;HNRNPA1;RNGTT;HNRNPU;SRPK2;SNRNP40;DICER1;METTL3;SNRPN;HNRNPH2;SRSF2;HNRNPD;SRSF6;DHX9;HNRNPR;CSTF2T;RBM5;FUS;DDX1;SFSWAP;SF3B1;PRPF4;SNRPF;DHX8;SNRPD1;CPSF2;POLR2A;CSTF1;SRSF5,PTBP1;U2AF2;PABPN1;SNRPA;NXF1;PAPOLA;CLASRP;RBM17;PPM1G;LSM7;SRSF4;SRSF9;SF3B4;HNRNPAB;SUPT5H;CD2BP2;CLK3;YBX1;SF3B2;SUGP1;SNRNP70;PRMT2;SNRPB;SF3A2;SNRPD2;CPSF4;PCBP2;PRMT1;CLK2;CPSF1;RNPS1;SRSF7;LSM2;CLK1;HNRNPH1;NONO;HNRNPM;SF3B5;SPOP;CSTF3;CELF4;SNRPG;DHX38;CELF1;SRPK1;HNRNPA2B1;SRSF1;TXNL4A;PHF5A;SREK1;TMED10;DHX16;PRPF8;PRPF18;SRSF10;SF3B3;SF3A1;DDX20;NCBP2;PRPF3;EFTUD2;CLP1;SF3A3;PRPF6;SUGP2;DHX15;CELF2;HNRNPL;TRA2B;SNRPE;PRPF40A;SNRPB2;HNRNPK;XRN2;U2AF1;RBM39;HNRNPC;SRSF3;SMC1A;NCBP1;DNAJC8;PSKH1;SRSF5;CSTF1;POLR2A;CPSF2;SNRPD1;DHX8;SNRPF;PRPF4;SF3B1;SFSWAP;DDX1;FUS;RBM5;CSTF2T;HNRNPR;DHX9;SRSF6;HNRNPD;SRSF2;HNRNPH2;SNRPN;METTL3;DICER1;SNRNP40;SRPK2;HNRNPU;RNGTT;HNRNPA1;CLK4;PTBP2;CSTF2;NUDT21;SRP54;CDC40;SRRM1;CPSF3;SNRPD3;SNRPA1;RNMT;SFPQ;RBMX,"[179, 428, 844, 1030, 1036, 1076, 1391, 1516, 1775, 1878, 1916, 1920, 2027, 2299, 2731, 2793, 2961, 3086, 3165, 3705, 3756, 3768, 4167, 4540, 4575, 4602, 4719, 4768, 4942, 5126, 5271, 5313, 5400, 5648, 5823, 5890, 5926, 6040, 6355, 6385, 6397, 6491, 6533, 6567, 7006, 7153, 7195, 7397, 7424, 7645, 7736, 7974, 7992, 8031, 8142, 8176, 8267, 8472, 8656, 8744, 8774, 8937, 9216, 9472, 9588, 9589, 9974, 9987, 10366, 10370, 10388, 10569, 10590, 10732, 10811, 10819, 11073, 11131, 11281, 11282, 11464, 12024, 12755, 12796, 12851, 12936, 12984, 13007, 13074, 13099, 13294, 13427, 13598, 13643, 13849, 13948, 14083, 14245, 14257, 14319, 14385, 14566, 14676, 14762, 14768, 14967, 15335, 15455, 15470, 15588, 15591, 15651, 16102, 16113, 16500, 16658, 16723, 16819, 16826, 16976, 16987, 17028, 17199]",c2.cp.wikipathways__WP_MRNA_PROCESSING
c2.cp.wikipathways,WP_ADHD_AND_AUTISM_ASD_PATHWAYS,prerank,-0.23970931971573442,-1.0387352619956507,0.3176043557168784,0.7255635372754655,1.0,96_343,96/343,25.43%,ATG14;MTR;MMACHC;PRKAA1;TPH1;SCN8A;SCN11A;HTR4;PIK3C3;GRM4;NRXN3;DLG2;PIK3R4;NOX5;TYMS;HDC;GRM5;NLGN1;GAD2;PRKAR1A;SLC25A13;CNTNAP3;SLC25A32;GRM3;PRKACB;MTRR;SLC32A1;SLC6A1;GRIN2B;KCNA3;SLC25A40;HTR2B;DLG1;CTNNB1;HTR2A;PNPO;GAD1;CNTNAP2;NOS1;REN;KIT;AADAT;APP;DRD2;MTHFD1;GK;CTH;GRIA4;GPHN;MTHFD1L;SCN5A;ATG16L1;AKT3;ATG10;SCN2B;CALM1;FOLH1;PRKCB;ATG3;CACNG1;CNTN6;PIK3R1;HTR3B;SCN2A;NOX4;SCN10A;TSC1;CNTNAP4;BECN1;DEPTOR;FAAH;GABRB2;PIK3CB;DLGAP1;GRIA2;CACNG4;HOMER1;GABRA1;GABRA4;GRIN3A;GABRG2;ADAM10;SHANK2;NLGN3;MMAA;SNAP25;ADRA1D;ALDH1L2;KMO;CACNG5;ADSL;DDC;KCNA1;GRIN2A;PRKCZ;MTOR,SPR;SESN2;PNP;NOS3;PIK3R2;PCBD1;WDR45;PLCG1;SLC52A3;PDGFRB;IMPDH1;ADORA2A;MTHFD2;ABCD4;SHMT2;PIK3CD;AANAT;SLC25A39;MC4R;CD320;GKAP1;STK11;SLC19A1;AKR1C1;AKT1S1;ADRB2;OXT;ALDH2;FOLR2;SLC18A1;CBS;SLC6A4;GCAT;GRM6;AKR1B1;WIPI2;CYP3A4;SESN1;EGFR;SIRT3;HCFC1;AKR1C3;DAGLB;QPRT;GNMT;ULK1;AMN;SLC6A3;SULT1A3;DBH;MAPKAP1;INSR;CBL;SHMT1;GLUL;ALDH1L1;AKT1;SOD1;GABRQ;TNF;MTHFD2L;AKT2;PDXK;TCN2;CACNG7;GCH1;COMT;DLGAP4;PIK3AP1;KYNU;AGTR1;PRKAR1B;SLC52A1;SLC46A1;MAOA;MOCOS;CDO1;QDPR;SLC52A2;HTR1E;TCN1;GRIN1;MAOB;SCN7A;HOMER3;GABRG1;MLST8;DGUOK;NMNAT1;SCN4A;ATG4A;TH;HTR1D;FOLR1;CTTN;DHFR;DAG1;CCT6A;PNMT;ADA;CNR2;DLG5;OXTR;NLGN2;AOX1;KCNA5;SOD3;WIPI1;ABL1;HTR1F;NADSYN1;DNMT1;MTHFR;ATG2A;PRKAR2B;PIK3R3;PTK2B;GATM;SCN3A;FMO1;PIK3CA;SCN1B;RPTOR;GRIN2C;CYP2D6;KCNA6;CACNG6;RIT2;DRD4;CACNA1C;GRM2;ALPL;SCN9A;AGMO;MAT1A;RHOA;PLCG2;TSC2;GRIA1;HNMT;STX1A;MAP1LC3A;CYP2C19;DRD5;CACNG8;SLC6A2;DLG4;HTR3E;GRIN2D;CUBN;NOX1;NRXN2;GRIP1;RHEB;CNTNAP1;GLS2;ACE;RB1CC1;GABRA3;HTR7;SLC25A12;BHMT;ATIC;ATG12;PRKACA;SOD2;KCNA2;ADRA1A;ADRA1B;NCAM1;PRKCD;GABRD;GOT2;PRKCG;ATG5;ABAT;ITPA;TDO2;SCN4B;DAGLA;APRT;GABRB1;GABRB3;MAT2B;VAMP2;GRM1;SYP;MECP2;DLG3;CPLX1;PDGFRA;AHCY;GRM7;KCNA4;PTEN;CACNG3;PAH;CNTN5;GLS;CSAD;SCN1A;CNTN4;GABRA2;GRM8;GNAQ;ATG13;DLGAP3;FAAH2;STXBP1;PRKCA;ABL2;CNTN3;GABRA5;HPRT1;AKR1A1;HTR6;CNTN2;DLGAP2;PRKAA2;CNTN1;NOS2;CBR1;NOX3;TPH2;HOMER2;ALDH9A1;NGLY1;SLC17A6;GABBR1;ACACA;ATG7;SHANK1;GRIA3;SCN3B;NLGN4X;OPRM1;CACNG2;RFK;MMADHC;SYT1;NRXN1;PCBD2;LMBRD1;RICTOR;CNR1;SORBS2;PTS;MTOR;PRKCZ;GRIN2A;KCNA1;DDC;ADSL;CACNG5;KMO;ALDH1L2;ADRA1D;SNAP25;MMAA;NLGN3;SHANK2;ADAM10;GABRG2;GRIN3A;GABRA4;GABRA1;HOMER1;CACNG4;GRIA2;DLGAP1;PIK3CB;GABRB2;FAAH;DEPTOR;BECN1;CNTNAP4;TSC1;SCN10A;NOX4;SCN2A;HTR3B;PIK3R1;CNTN6;CACNG1;ATG3;PRKCB;FOLH1;CALM1;SCN2B;ATG10;AKT3;ATG16L1;SCN5A;MTHFD1L;GPHN;GRIA4;CTH;GK;MTHFD1;DRD2;APP;AADAT;KIT;REN;NOS1;CNTNAP2;GAD1;PNPO;HTR2A;CTNNB1;DLG1;HTR2B;SLC25A40;KCNA3;GRIN2B;SLC6A1;SLC32A1;MTRR;PRKACB;GRM3;SLC25A32;CNTNAP3;SLC25A13;PRKAR1A;GAD2;NLGN1;GRM5;HDC;TYMS;NOX5;PIK3R4;DLG2;NRXN3;GRM4;PIK3C3;HTR4;SCN11A;SCN8A;TPH1;PRKAA1;MMACHC;MTR;ATG14,"[15, 108, 271, 335, 350, 397, 399, 405, 419, 420, 434, 691, 723, 732, 738, 790, 807, 809, 870, 908, 931, 977, 989, 1043, 1340, 1595, 1666, 1718, 1729, 1763, 1781, 1789, 1809, 1936, 1995, 2077, 2099, 2306, 2347, 2350, 2400, 2427, 2481, 2546, 2626, 2735, 2779, 2789, 2905, 2906, 2995, 3052, 3071, 3082, 3113, 3122, 3267, 3398, 3465, 3515, 3770, 3956, 3985, 4077, 4111, 4221, 4271, 4325, 4411, 4450, 4464, 4473, 4478, 4502, 4513, 4598, 4647, 4678, 4711, 4721, 4772, 4890, 4914, 4973, 4988, 5012, 5180, 5189, 5325, 5345, 5537, 5573, 5643, 5727, 5769, 5804, 5871, 5971, 6030, 6139, 6160, 6262, 6281, 6322, 6337, 6341, 6504, 6509, 6593, 6599, 6653, 6654, 6721, 6755, 6764, 6862, 6883, 6905, 6918, 6938, 7105, 7178, 7231, 7345, 7348, 7353, 7365, 7394, 7398, 7402, 7486, 7488, 7637, 7651, 7783, 7817, 7982, 7998, 8002, 8092, 8112, 8138, 8163, 8328, 8486, 8506, 8524, 8582, 8633, 8753, 8800, 8801, 8810, 8835, 8880, 8917, 8966, 8973, 8974, 9170, 9190, 9256, 9278, 9390, 9427, 9445, 9477, 9503, 9536, 9574, 9580, 9581, 9604, 9622, 9626, 9642, 9657, 9732, 9786, 9796, 9799, 9868, 9903, 9924, 9949, 10008, 10081, 10143, 10405, 10416, 10418, 10439, 10449, 10523, 10528, 10553, 10607, 10663, 10680, 10698, 10708, 10716, 10734, 10745, 10758, 10774, 10809, 10829, 10837, 10873, 10950, 10971, 10979, 11035, 11077, 11107, 11306, 11403, 11483, 11555, 11576, 11625, 11627, 11661, 11737, 11792, 11811, 11853, 11903, 11923, 11948, 11951, 11991, 12115, 12225, 12246, 12261, 12361, 12393, 12427, 12564, 12590, 12699, 12747, 12824, 12853, 13006, 13065, 13086, 13106, 13115, 13144, 13172, 13205, 13213, 13264, 13269, 13308, 13316, 13363, 13370, 13386, 13432, 13511, 13516, 13541, 13602, 13622, 13642, 13657, 13676, 13883, 13888, 13996, 14024, 14046, 14195, 14233, 14437, 14513, 14522, 14526, 14545, 14607, 14620, 14648, 14710, 14779, 14794, 14943, 14998, 15099, 15125, 15300, 15320, 15384, 15409, 15601, 15626, 15657, 15665, 15703, 15737, 15761, 15846, 15853, 16002, 16003, 16012, 16018, 16023, 16026, 16214, 16219, 16281, 16284, 16295, 16354, 16466, 16537, 16570, 16649, 16678, 16685, 16716, 16739, 16741, 16771, 16776, 16834, 16837, 16933, 16969, 16981, 17167, 17206, 17254, 17340, 17362, 17412, 17465, 17470, 17484]",c2.cp.wikipathways__WP_ADHD_AND_AUTISM_ASD_PATHWAYS
c2.cp.wikipathways,WP_CARDIOMYOCYTE_SIGNALING_CONVERGING_ON_TITIN,prerank,0.3063283436468898,0.8908740030765862,0.6218487394957983,0.7258661933832556,1.0,5_29,5/29,12.06%,TCAP;NUP62;ADRB2;MAP2K2;CRYAB,TCAP;NUP62;ADRB2;MAP2K2;CRYAB;RAF1;ANKRD2;ANKRD23;ADRB1;NPR1;SRF;MAP2K1;TRIM63;MYPN;FHL2;CAMK2A;PRKACA;GUCD1;PRKCA;FHL1;ANKRD1;MAPK1;PRKG2;MDM2;TTN;NBR1;TRIM55;PRKACB;PRKAR1A,"[17, 1525, 1595, 2104, 2111, 3033, 3422, 4582, 4776, 5045, 5159, 5701, 6742, 7990, 8535, 8596, 9427, 9497, 10873, 11823, 11940, 12772, 14050, 15285, 15422, 15785, 16121, 16466, 16685]",c2.cp.wikipathways__WP_CARDIOMYOCYTE_SIGNALING_CONVERGING_ON_TITIN
c2.cp.wikipathways,WP_PROSTAGLANDIN_AND_LEUKOTRIENE_METABOLISM_IN_SENESCENCE,prerank,0.2896042117754406,0.891598201946416,0.635593220338983,0.7260020371675635,1.0,12_33,12/33,24.63%,ALOX15B;TBXAS1;PTGER2;CDKN1A;ALOX5AP;MAPK11;IGFBP5;PTGDS;LTC4S;HRAS;SIRT1;PTGER1,ALOX15B;TBXAS1;PTGER2;CDKN1A;ALOX5AP;MAPK11;IGFBP5;PTGDS;LTC4S;HRAS;SIRT1;PTGER1;GNAS;PTGES;PTGS1;ALOX15;LTA4H;TP53;ADCY3;PLA2G4A;ALOX5;RB1;ALOX12;PTGER4;GNAQ;CYSLTR1;PTGS2;KRAS;PLCB1;PTGER3;GNAI1;PTGIS;NRAS,"[458, 1346, 1376, 1714, 2249, 2344, 2746, 2819, 3532, 3976, 3998, 4313, 4729, 6773, 6934, 7159, 8186, 8693, 9021, 9214, 9403, 9620, 9781, 10354, 10758, 11181, 11182, 13814, 14865, 15604, 15942, 16232, 16714]",c2.cp.wikipathways__WP_PROSTAGLANDIN_AND_LEUKOTRIENE_METABOLISM_IN_SENESCENCE
c2.cp.wikipathways,WP_NEURAL_CREST_CELL_MIGRATION_IN_CANCER,prerank,0.28368485369104945,0.8896742169796078,0.6273684210526316,0.726828730336395,1.0,10_39,10/39,18.66%,MMP9;PIK3R5;PIK3CD;PAK4;EPHB4;TWIST1;JUN;FOS;STAT3;AKT1,MMP9;PIK3R5;PIK3CD;PAK4;EPHB4;TWIST1;JUN;FOS;STAT3;AKT1;AKT2;NGFR;EPHB6;ARF1;PIK3CG;EPHB1;PIK3R3;EPHB3;PIK3CA;NTRK2;CDH11;PAK2;RHOA;TRIO;NGEF;SORT1;PAK6;RAC1;MMP2;PIK3CB;TIAM1;EPHB2;PAK1;AKT3;F2RL2;PIK3R4;KIDINS220;PAK3;BDNF,"[27, 466, 790, 912, 1755, 1908, 2824, 2889, 3143, 3267, 3956, 4970, 5600, 6147, 6453, 6652, 6862, 6965, 7105, 7280, 7390, 7446, 7817, 8219, 8814, 9962, 10408, 11471, 11784, 13676, 13688, 14005, 14368, 14998, 16081, 16837, 17129, 17241, 17360]",c2.cp.wikipathways__WP_NEURAL_CREST_CELL_MIGRATION_IN_CANCER
c2.cp.wikipathways,WP_NEURODEGENERATION_WITH_BRAIN_IRON_ACCUMULATION_NBIA_SUBTYPES_PATHWAY,prerank,-0.3242593556690982,-1.0290394104197524,0.41412213740458015,0.7268711119360503,1.0,12_43,12/43,21.39%,ATG14;PRKAA1;PIK3C3;PIK3R4;ATG16L1;ATG10;SPTLC1;ATG3;TSC1;BECN1;DEPTOR;DCAF17,WDR45;STK11;AKT1S1;COASY;CP;WIPI2;ULK1;FTL;PANK2;MLST8;ATG4A;C19orf12;WIPI1;ATP13A2;ATG2A;RPTOR;TSC2;MAP1LC3A;RHEB;RB1CC1;GTPBP2;ATG12;ATG5;MECP2;FA2H;ATG13;ACACA;ATG7;SCP2;PLA2G6;MTOR;DCAF17;DEPTOR;BECN1;TSC1;ATG3;SPTLC1;ATG10;ATG16L1;PIK3R4;PIK3C3;PRKAA1;ATG14,"[399, 977, 1340, 1351, 1606, 2077, 2735, 2914, 3457, 5180, 5537, 6046, 6509, 6705, 6755, 7231, 7998, 8138, 8835, 8973, 8991, 9390, 9626, 10143, 10678, 10774, 11923, 11948, 12157, 12453, 13065, 13772, 13996, 14024, 14195, 14620, 14836, 14943, 15099, 16837, 17167, 17412, 17484]",c2.cp.wikipathways__WP_NEURODEGENERATION_WITH_BRAIN_IRON_ACCUMULATION_NBIA_SUBTYPES_PATHWAY
c2.cp.wikipathways,WP_CIRCADIAN_RHYTHM_GENES,prerank,-0.2533546130973698,-1.0243817783142932,0.35,0.7270776779282536,1.0,48_181,48/181,23.86%,PRKAA1;TPH1;DRD3;SFPQ;RORC;PSPC1;TYMS;UBE3A;NLGN1;PRKDC;CRH;THRAP3;MAPK8;PER3;KCNH7;DRD2;EGR1;GSK3B;SUV39H1;SIN3A;HNRNPU;UTS2;HCRTR1;EGR3;CLOCK;F7;METTL3;MAPK9;MTTP;PROK1;PROX1;KLF10;NRIP1;HNRNPD;DYRK1A;DHX9;PRKG2;CHRNB2;KCND2;SETX;ADCY1;SUV39H2;HOMER1;OPN3;KLF9;PROKR2;HNF1B;ARNT2,NFIL3;ATF4;NR1H3;PPP1CC;ADORA2A;AANAT;PML;PER1;NR2F6;ID3;NR1D1;PPARA;TIMELESS;SLC6A4;SIK1;IL6;HDAC1;AGRP;JUND;CREM;RBM4B;PTGDS;JUN;MTA1;PPARG;UBA52;CSNK1D;ATF5;UBC;RPS27A;SFTPC;HDAC3;SIRT1;SERPINE1;NPAS2;CLDN4;ZFHX3;ID2;PRF1;BHLHE40;USP2;CPT1A;NGFR;TOP2A;CSNK1E;CRY1;PROK2;ID4;UTS2R;TH;GNA11;NONO;ADA;BTBD9;RBM4;CRTC1;CST3;OPRL1;LGR4;TOP1;NPY2R;PPP1CA;HEBP1;EP300;DRD4;RELB;NTRK3;MAGED1;PHLPP1;OPN4;CUL1;CDK4;DBP;RORA;MYBBP1A;BHLHE41;ADORA1;RAI1;FBXL3;GHRL;TP53;HS3ST2;NAMPT;DRD1;OGT;HTR7;NTRK1;AHR;SIX3;SREBF1;FAS;HDAC2;PRKCG;SLC9A3;EZH2;CHRM1;KCNMA1;PRMT5;MAPK10;STAR;AHCY;CREB1;PTEN;ATOH7;FBXW11;GNAQ;NR1D2;DDX5;HCRTR2;AVP;NKX2-1;TNFRSF11A;PRKAA2;PER2;NOS2;PPARGC1A;TPH2;MTNR1A;GFPT1;MAGEL2;ARNT;CRY2;CARTPT;ROCK2;KDM5A;PPP1CB;SKP1;NAGLU;BTRC;NCOR1;RORB;NCOA2;DDC;ARNT2;HNF1B;PROKR2;KLF9;OPN3;HOMER1;SUV39H2;ADCY1;SETX;KCND2;CHRNB2;PRKG2;DHX9;DYRK1A;HNRNPD;NRIP1;KLF10;PROX1;PROK1;MTTP;MAPK9;METTL3;F7;CLOCK;EGR3;HCRTR1;UTS2;HNRNPU;SIN3A;SUV39H1;GSK3B;EGR1;DRD2;KCNH7;PER3;MAPK8;THRAP3;CRH;PRKDC;NLGN1;UBE3A;TYMS;PSPC1;RORC;SFPQ;DRD3;TPH1;PRKAA1,"[110, 381, 444, 665, 691, 807, 985, 1010, 1098, 1413, 1578, 1634, 1771, 1789, 1969, 2121, 2268, 2322, 2470, 2587, 2778, 2819, 2824, 2852, 3284, 3337, 3453, 3506, 3543, 3702, 3893, 3950, 3998, 4011, 4199, 4357, 4417, 4494, 4709, 4717, 4765, 4767, 4970, 5039, 5083, 5174, 5193, 5301, 5328, 5573, 5737, 5890, 6139, 6149, 6387, 6445, 6578, 6582, 6660, 6951, 7113, 7117, 7165, 7268, 7398, 7492, 7586, 7595, 7622, 7662, 7681, 7822, 7836, 7923, 8059, 8086, 8257, 8372, 8455, 8489, 8693, 8733, 8789, 8994, 9058, 9170, 9253, 9293, 9359, 9432, 9493, 9498, 9622, 9703, 9837, 9935, 10001, 10089, 10309, 10420, 10439, 10478, 10528, 10604, 10709, 10758, 10853, 11020, 11168, 11326, 11450, 11457, 11483, 11506, 11576, 11622, 11661, 11800, 11888, 11895, 11989, 12022, 12042, 12203, 12479, 12507, 12689, 12695, 12697, 12807, 12864, 13040, 13144, 13340, 13408, 13445, 13485, 13548, 13602, 13705, 13767, 13907, 13920, 14006, 14050, 14245, 14273, 14319, 14451, 14531, 14536, 14560, 14598, 14702, 14762, 14816, 15146, 15206, 15370, 15437, 15455, 15543, 15572, 15613, 15627, 15657, 15883, 16170, 16304, 16408, 16441, 16539, 16739, 16756, 16776, 16919, 16946, 17028, 17282, 17362, 17412]",c2.cp.wikipathways__WP_CIRCADIAN_RHYTHM_GENES
c2.cp.wikipathways,WP_TARGETING_YAP_IN_PANCREATIC_DUCTAL_ADENOCARCINOMA_PDAC,prerank,0.31580883086852585,0.8917290049541764,0.6037735849056604,0.7272205302302688,1.0,8_24,8/24,20.25%,TEAD2;TEAD4;LATS2;RHOC;YAP1;RHOD;TEAD1;TEAD3,TEAD2;TEAD4;LATS2;RHOC;YAP1;RHOD;TEAD1;TEAD3;MOB1A;PRKAG3;RHOA;STK3;RHOB;PRKAG2;STK4;LATS1;SAV1;PRKAA2;PRKAB1;HMGCR;PRKAB2;RHO;PRKAG1;PRKAA1,"[314, 785, 1223, 1447, 2016, 2653, 3355, 3547, 4542, 5219, 7817, 8246, 8719, 8791, 8809, 9929, 11072, 11483, 13247, 13646, 13709, 14884, 16705, 17412]",c2.cp.wikipathways__WP_TARGETING_YAP_IN_PANCREATIC_DUCTAL_ADENOCARCINOMA_PDAC
c2.cp.wikipathways,WP_LIPID_METABOLISM_PATHWAY,prerank,-0.35608802010754703,-1.0549526413794865,0.37454545454545457,0.7275741001690926,1.0,6_28,6/28,14.39%,PRKAA1;PRKAG1;PRKAR1A;PRKACB;ACLY;AKT3,PNPLA2;HILPDA;AKT1;AKT2;PRKAR1B;PLIN1;PRKAG3;ABHD5;PDHA1;PRKAR2B;ACSS2;PRKAG2;PRKACA;LIPE;FASN;ACSBG1;BCKDHA;PRKAR2A;PRKAA2;ACACA;PRKAB1;PRKAB2;AKT3;ACLY;PRKACB;PRKAR1A;PRKAG1;PRKAA1,"[241, 769, 3267, 3956, 4473, 4945, 5219, 5346, 6459, 6764, 7724, 8791, 9427, 9728, 9820, 9824, 10908, 11277, 11483, 11923, 13247, 13709, 14998, 15559, 16466, 16685, 16705, 17412]",c2.cp.wikipathways__WP_LIPID_METABOLISM_PATHWAY
c2.cp.wikipathways,WP_PURINERGIC_SIGNALING,prerank,0.29784550307007485,0.8919573329166385,0.6333333333333333,0.7282207787135321,1.0,8_30,8/30,21.64%,P2RY11;ADORA2A;ADORA3;ADORA2B;GNAI3;P2RX5;GNAI2;P2RX7,P2RY11;ADORA2A;ADORA3;ADORA2B;GNAI3;P2RX5;GNAI2;P2RX7;P2RY14;GNAS;GNAZ;GNA11;P2RY2;P2RX3;P2RY6;GNAT1;GNAO1;P2RX1;ADORA1;LPAR6;P2RX6;P2RY13;P2RY12;LPAR4;GNAT2;P2RY1;P2RX4;PANX1;P2RX2;GNAI1,"[513, 691, 1629, 2190, 3127, 3133, 3746, 3790, 4593, 4729, 4995, 5737, 6020, 6174, 6180, 6542, 6775, 7455, 8257, 9144, 10580, 11425, 11750, 12294, 12301, 12524, 13278, 14534, 15195, 15942]",c2.cp.wikipathways__WP_PURINERGIC_SIGNALING
c2.cp.wikipathways,WP_ENDODERM_DIFFERENTIATION,prerank,-0.27908940751575895,-1.0671851773867265,0.31386861313868614,0.7283135883808287,1.0,37_132,37/132,23.69%,LHX1;DUSP4;PAX3;EOMES;LRPPRC;BTAF1;STAT1;WDHD1;TET1;MTF2;BPTF;CER1;CTNNB1;ASCC3;GATA6;APP;MIXL1;ZNF462;PBX1;SFRP1;TAF4B;CUL4B;PTHLH;ZNF281;CAND1;LEO1;RTF1;TOX3;NR3C1;NANOG;TNRC6C;NAA15;PIAS1;NODAL;NCAPG2;HNF1B;NLK,TCF7L1;MAP2K3;TGFB1;TRIM5;MAD2L2;SIAH2;RARG;CTBP2;LEF1;BCORL1;GLI2;SOX2;HHEX;NOG;BMP7;VAV3;AHDC1;SOX7;SESN1;NOTCH1;SMAD4;SOX21;ZBTB17;POU5F1;ELP4;TBX21;WNT3;FOXO1;NABP2;WWC1;PAF1;TCF7;FOXH1;ZIC5;DKK1;SLC2A12;ATP8B2;TAF5;SMAD3;PABPC1;RGS10;SMAD2;FOXN3;CRTC1;BMPR1A;CEP250;DAB2;CTR9;ONECUT1;ELK4;SOX17;LAMC1;PHF6;ELAVL1;TRERF1;FOXA1;SP4;DUSP2;TOX;JARID2;PLCH1;CEBPZ;AEBP2;PBX3;ZFHX4;PARP8;UBR5;C1QBP;KDM4A;PAX9;DDAH1;SFMBT1;TCEAL2;EZH2;TCF4;APC;WDFY2;RAB38;CDC73;ZIC3;EPB41L5;HPRT1;GRHL2;NME1;CDYL;DNMT3B;NKX2-1;ACACA;DUSP5;EXT1;WNT8A;TRIM71;RFX7;MBTD1;DIP2A;NLK;HNF1B;NCAPG2;NODAL;PIAS1;NAA15;TNRC6C;NANOG;NR3C1;TOX3;RTF1;LEO1;CAND1;ZNF281;PTHLH;CUL4B;TAF4B;SFRP1;PBX1;ZNF462;MIXL1;APP;GATA6;ASCC3;CTNNB1;CER1;BPTF;MTF2;TET1;WDHD1;STAT1;BTAF1;LRPPRC;EOMES;PAX3;DUSP4;LHX1,"[230, 292, 386, 685, 1064, 1065, 1258, 1322, 1377, 1464, 1477, 1488, 1628, 1901, 2039, 2050, 2080, 2124, 2306, 2437, 2618, 2683, 2776, 2795, 2918, 3251, 3325, 3351, 4024, 4150, 4247, 4349, 4521, 4569, 4704, 5043, 5604, 5667, 5844, 6002, 6190, 6205, 6260, 6445, 6579, 6926, 7000, 7281, 7437, 7465, 7508, 7640, 7707, 8106, 8179, 8215, 8359, 8364, 8367, 8370, 8437, 8695, 9039, 9195, 9431, 9482, 9528, 9551, 9560, 9570, 9627, 9761, 9807, 9837, 9842, 9884, 9902, 10152, 10314, 10396, 10718, 11035, 11136, 11144, 11159, 11295, 11450, 11923, 12154, 12204, 12291, 12502, 12529, 12633, 13198, 13369, 13408, 13574, 13579, 13684, 13799, 13816, 14064, 14123, 14137, 14161, 14453, 14466, 14857, 14886, 15024, 15065, 15127, 15130, 15387, 15628, 15665, 15710, 15908, 16018, 16300, 16356, 16567, 16630, 16881, 16938, 17000, 17309, 17333, 17350, 17396, 17510]",c2.cp.wikipathways__WP_ENDODERM_DIFFERENTIATION
c2.cp.wikipathways,WP_TRANSLATION_INHIBITORS_IN_CHRONICALLY_ACTIVATED_PDGFRA_CELLS,prerank,0.2733272791520478,0.886461451448654,0.6482617586912065,0.728792907548269,1.0,5_46,5/46,6.36%,MAP2K3;PIK3R2;EIF4EBP1;PIM1;MAPK3,MAP2K3;PIK3R2;EIF4EBP1;PIM1;MAPK3;MAP2K2;MAP2K7;AKT1;RPS6;AKT2;RPS6KA4;RPS6KA1;MAP2K1;EIF4G1;PIK3CG;PIK3R3;EIF4A1;PIK3CA;RPS6KB2;RPTOR;MAPK14;MAP2K6;MAP2K5;MAP2K4;RPS6KB1;PIM2;RPS6KA2;PRKACA;PRKCD;EIF4A2;MAPK10;PRKCA;EIF4B;PDCD4;MAPK1;MTOR;PIK3CB;PIK3R1;MAPK9;AKT3;RPS6KA5;MAPK8;PDK1;EIF4G3;EIF4E;CSNK2A1,"[292, 350, 455, 858, 1114, 2104, 3121, 3267, 3757, 3956, 5082, 5141, 5701, 6233, 6453, 6862, 7033, 7105, 7191, 7231, 7304, 7672, 7975, 8233, 8326, 9063, 9145, 9427, 9580, 10269, 10309, 10873, 11807, 11845, 12772, 13065, 13676, 14526, 14702, 14998, 16291, 16304, 16370, 16569, 16760, 16833]",c2.cp.wikipathways__WP_TRANSLATION_INHIBITORS_IN_CHRONICALLY_ACTIVATED_PDGFRA_CELLS
c2.cp.wikipathways,WP_OXIDATIVE_PHOSPHORYLATION,prerank,0.2736585698525126,0.8868011473519976,0.6780383795309168,0.7295730209880046,1.0,13_45,13/45,24.36%,MT-ND6;NDUFA4L2;NDUFS8;MT-ND5;NDUFA11;NDUFV2;MT-ND3;NDUFB7;NDUFB4;NDUFA3;NDUFA8;NDUFS2;NDUFB10,MT-ND6;NDUFA4L2;NDUFS8;MT-ND5;NDUFA11;NDUFV2;MT-ND3;NDUFB7;NDUFB4;NDUFA3;NDUFA8;NDUFS2;NDUFB10;NDUFB8;NDUFS6;MT-ND4;NDUFS7;NDUFS5;MT-ATP6;NDUFB9;MT-ND2;MT-ND1;MT-ND4L;NDUFA2;NDUFS3;NDUFB6;NDUFA4;NDUFV1;NDUFC1;NDUFV3;NDUFA6;NDUFAB1;GZMB;ATP6AP1;NDUFB1;NDUFB2;NDUFC2;NDUFS4;NDUFA7;NDUFB5;ATP6AP2;NDUFA10;NDUFA9;NDUFA5;NDUFS1,"[404, 928, 1492, 2742, 2799, 2803, 3214, 3611, 3631, 3997, 4102, 4184, 4266, 4805, 5133, 5657, 5669, 6012, 6038, 6057, 6426, 6685, 6741, 6766, 7168, 7276, 7420, 7591, 7758, 7964, 7971, 8115, 8826, 8926, 9143, 9325, 10727, 11106, 12000, 12563, 13252, 13843, 15019, 15506, 17390]",c2.cp.wikipathways__WP_OXIDATIVE_PHOSPHORYLATION
c2.cp.wikipathways,WP_KYNURENINE_PATHWAY_AND_LINKS_TO_CELL_SENESCENCE,prerank,0.3198328661955578,0.8874986900978117,0.6052631578947368,0.7296516287036413,1.0,7_20,7/20,20.08%,IL1R2;CDKN1A;QPRT;FOXO1;KLF5;TNF;TLR4,IL1R2;CDKN1A;QPRT;FOXO1;KLF5;TNF;TLR4;KYNU;HAAO;TP53;AHR;TDO2;CAT;ACMSD;KMO;EIF2AK4;AFMID;AADAT;EIF2AK1;NOS1,"[148, 1714, 2546, 3351, 3478, 3515, 3516, 4450, 7312, 8693, 9293, 9732, 9839, 11824, 13213, 13687, 13728, 15703, 15783, 15846]",c2.cp.wikipathways__WP_KYNURENINE_PATHWAY_AND_LINKS_TO_CELL_SENESCENCE
c2.cp.wikipathways,WP_PHYSIOLOGICAL_AND_PATHOLOGICAL_HYPERTROPHY_OF_THE_HEART,prerank,0.31166231346469964,0.8837714083971614,0.6372950819672131,0.7324984734773454,1.0,7_23,7/23,17.95%,NFATC4;MAP2K3;CTF1;MAPK11;JUN;FOS;STAT3,NFATC4;MAP2K3;CTF1;MAPK11;JUN;FOS;STAT3;IL6ST;EDN1;AGT;LIFR;MAPK14;RHOA;PPP3CA;RAC1;PPP3CB;MAPK1;PRKCE;CAMK2D;PRKCB;CALM1;MAPK8;MYEF2,"[262, 292, 2253, 2344, 2824, 2889, 3143, 5448, 5566, 5734, 6831, 7304, 7817, 11156, 11471, 12602, 12772, 13636, 13938, 14648, 14779, 16304, 17273]",c2.cp.wikipathways__WP_PHYSIOLOGICAL_AND_PATHOLOGICAL_HYPERTROPHY_OF_THE_HEART
c2.cp.wikipathways,WP_NGLYCAN_BIOSYNTHESIS,prerank,-0.31526165434694375,-1.0550205259633778,0.36742424242424243,0.7346759219000168,1.0,20_56,20/56,24.61%,RFT1;ALG10;DOLK;ALG10B;SRD5A3;FUT8;MGAT5;ALG11;MAN1A2;MAN2A2;ST6GAL2;MGAT4C;ALG14;DDOST;PMM2;ALG1;ALG5;MPI;ALG13;GANAB,MGAT1;DPAGT1;ALG2;B4GALT3;GMPPA;B4GALT1;MGAT4B;DAD1;MAN1C1;DPM3;MPDU1;ALG3;GPI;B4GALT2;MOGS;RPN2;DPM2;ST6GAL1;DOLPP1;MGAT5B;MGAT3;MGAT4A;MAN1B1;ALG12;RPN1;MGAT2;ALG8;STT3A;ALG6;STT3B;MAN1A1;DPM1;ALG9;TUSC3;MAN2A1;GMPPB;GANAB;ALG13;MPI;ALG5;ALG1;PMM2;DDOST;ALG14;MGAT4C;ST6GAL2;MAN2A2;MAN1A2;ALG11;MGAT5;FUT8;SRD5A3;ALG10B;DOLK;ALG10;RFT1,"[100, 195, 1242, 2151, 2474, 2609, 3609, 3800, 4456, 4506, 4695, 4951, 5213, 5228, 5571, 5693, 6313, 6529, 6719, 7034, 7221, 7919, 8296, 8938, 9023, 9138, 9623, 9790, 9850, 11140, 11169, 11388, 11628, 11867, 12050, 12925, 13207, 13216, 13410, 13589, 14146, 14336, 14615, 14699, 14831, 14972, 15082, 15174, 15938, 15997, 16183, 16324, 16395, 16722, 16836, 16979]",c2.cp.wikipathways__WP_NGLYCAN_BIOSYNTHESIS
c2.cp.wikipathways,WP_PHOSPHOINOSITIDES_METABOLISM,prerank,-0.31802542620096463,-1.0558424281650896,0.3467153284671533,0.739699429678099,1.0,13_46,13/46,19.66%,PIK3C3;MTMR7;MTMR9;PIK3R4;PLCH2;MTMR6;MTMR4;PLCB4;SBF2;PLCB1;PIKFYVE;PIK3C2A;MTMR2,PLCG1;PLCB3;INPP5D;PIK3CD;PLCD1;PLCD4;PLCD3;PLCB2;MTMR11;PIP5K1C;MTMR8;PIP4K2B;MTM1;PIK3CG;PLCE1;PIK3CA;MTMR3;PIP4K2C;OCRL;PLCG2;PLCH1;MTMR10;PIP4K2A;MTMR1;MTMR12;SBF1;PTEN;SACM1L;PIP5K1A;PIK3C2B;PIP5K1B;PIK3C2G;PIK3CB;MTMR2;PIK3C2A;PIKFYVE;PLCB1;SBF2;PLCB4;MTMR4;MTMR6;PLCH2;PIK3R4;MTMR9;MTMR7;PIK3C3,"[405, 441, 448, 790, 1474, 2739, 2851, 2865, 3876, 3945, 4606, 5956, 6261, 6453, 6601, 7105, 7235, 7726, 7748, 7982, 8437, 8756, 8806, 9176, 9462, 10482, 10528, 11538, 11952, 12233, 12325, 12690, 13676, 14075, 14351, 14617, 14865, 15120, 15159, 16200, 16387, 16498, 16837, 17111, 17160, 17167]",c2.cp.wikipathways__WP_PHOSPHOINOSITIDES_METABOLISM
c2.cp.wikipathways,WP_MIRTARGETED_GENES_IN_LYMPHOCYTES,prerank,0.20146313374571748,0.8790647254079277,0.904862579281184,0.7410020289602239,1.0,74_388,74/388,18.20%,DNAJB1;P4HA2;ANPEP;CHORDC1;PTBP1;PNP;SLC38A2;CEBPB;NXN;BCL6;EHMT1;TNFRSF10B;GAS2L1;AKAP8;TNFRSF10A;MEOX2;HMOX1;MTHFD2;GAK;SLC25A1;PLK1;UNC93B1;HDAC4;GSTM4;MOV10;BCL2;POLE4;NEDD4;KCNQ1;SNAP23;CARHSP1;MCL1;TRMT1;CDKN1A;AXL;LMNB2;ATP6V0E1;PDLIM7;SRSF9;NELFCD;GNA13;NUFIP2;C1orf56;MAT2A;FGF2;MTX1;NOTCH2;EGFR;SH3BGRL3;MRPS24;NOTCH1;CYP1B1;CAPG;SAC3D1;IDH1;FXR2;TGFBR2;RAVER2;IFRD1;MAP3K8;BRPF3;SERP1;SCYL1;NFIA;MAPK12;CBFB;GEMIN7;FNDC3B;ANXA2;TMEM43;CALCOCO2;PGM1;PSAT1;RDH10,DNAJB1;P4HA2;ANPEP;CHORDC1;PTBP1;PNP;SLC38A2;CEBPB;NXN;BCL6;EHMT1;TNFRSF10B;GAS2L1;AKAP8;TNFRSF10A;MEOX2;HMOX1;MTHFD2;GAK;SLC25A1;PLK1;UNC93B1;HDAC4;GSTM4;MOV10;BCL2;POLE4;NEDD4;KCNQ1;SNAP23;CARHSP1;MCL1;TRMT1;CDKN1A;AXL;LMNB2;ATP6V0E1;PDLIM7;SRSF9;NELFCD;GNA13;NUFIP2;C1orf56;MAT2A;FGF2;MTX1;NOTCH2;EGFR;SH3BGRL3;MRPS24;NOTCH1;CYP1B1;CAPG;SAC3D1;IDH1;FXR2;TGFBR2;RAVER2;IFRD1;MAP3K8;BRPF3;SERP1;SCYL1;NFIA;MAPK12;CBFB;GEMIN7;FNDC3B;ANXA2;TMEM43;CALCOCO2;PGM1;PSAT1;RDH10;TMEM109;CDK5RAP3;CSNK1D;MAPK7;CDKN2A;NF2;SLC12A4;ADIPOR2;MPZL1;GNAI2;CHMP2A;CSRP1;NUCB1;GTPBP3;AURKB;LRRC8A;MSI2;SNX15;TTC9C;POLD2;RAB23;IGF2R;KCNN4;SLC25A22;SSNA1;AP3D1;CTSC;MPDU1;HMGA1;CPNE8;ARHGDIA;ANP32B;TNFSF9;MYO10;IRS1;YIF1B;RAB34;MRC2;ARFIP2;ATP6V1F;TXN2;DOCK7;PPP5C;ATG9A;PKN2;PLXND1;SDCBP;PHC2;SYNE2;HNRNPM;SUCLG2;UAP1;GPAM;FERMT2;ARID1A;CDIPT;TMED3;TRIP13;SH3BP4;SLC1A4;HIPK3;TP53INP1;G6PD;ATAT1;PISD;SRPRB;BACH1;MRM1;NRP1;RBMS1;AP2A1;PKM;GPD2;PTMA;SMAD1;PDLIM5;TXNRD1;TNFAIP2;FADS2;MAPK14;TPM2;DOCK5;CDCP1;RAB30;CDKN1B;GYS1;ACAA2;LAMC1;PPIB;LAMTOR5;TMED10;RBM19;E2F1;RRP8;ABCF2;VTI1B;GRPEL2;ZNF622;NT5E;RHOG;SRSF10;UBE2S;PXDN;COL4A2;CDKN1C;ARID2;GEMIN2;RHOB;EHMT2;TUSC2;GALNT1;RHEB;PPP1R7;BET1;TPM3;WNT5A;LUZP1;LPL;CHAF1A;AGO3;LY6K;GNPNAT1;MRPS33;SPRYD4;HSDL1;POLR2C;SLC25A24;RAI14;C1QBP;ATAD3B;DHX15;RB1;RAD23B;POM121;EZH2;VAMP3;POLA2;NCOA3;SEC24A;SHOC2;MRPL20;ELOVL5;COIL;PRPF40A;TRAM1;MYLIP;SNX6;FMNL2;SERPINE2;CHD1;WDR82;CAP1;NCEH1;ARL10;FBXW11;NT5C3A;ATP6V0A1;GOLGA7;ABCG2;ADAR;USP1;COMMD9;AP3B1;PTPRF;MYO1E;DDX5;CDK6;CDKAL1;PTGES3L-AARSD1;PPP3CA;BCKDHB;MBNL1;SMC1A;DNMT3B;UBE2J1;ABHD10;CDK5RAP1;RCOR1;ARFIP1;CD164;RAB5C;VCAM1;PPP3R1;PDCD4;VPS39;GFPT1;SFXN1;IQGAP3;SYPL1;TPM4;PTPRJ;PPP2R5C;TM6SF1;ATRX;TMEM59;ELMOD2;ATP6V1C1;DNMT3A;ZEB1;MAGT1;CLDN1;TMED7;MATR3;GNL3L;CPOX;TMEM41B;TPPP3;TERT;PDE3A;CORO1C;SEC62;ANKFY1;RAB27B;SLC7A6;CSDE1;ACP2;SLC4A7;TBCA;PAFAH1B2;ARF4;PPIF;PURA;ABHD11;CCND1;LAMTOR3;TRPV6;NAA15;KRAS;SNAP29;CEP72;BRI3BP;KPNA3;FNDC3A;MET;PICALM;LCLAT1;ADPGK;TPM1;IPO4;NAPG;MYCN;SIGMAR1;MARS2;SLC4A10;CAND1;STX7;DCAF7;PANX1;E2F3;RCN2;ATG3;PGRMC1;PRIM1;DHX40;ASH2L;CACNA2D1;AMIGO2;NCL;LAMC2;SEC23A;SPTLC1;RTN4;CUL4B;SLC12A2;CYP51A1;CLOCK;SPCS3;CXCL12;PRKCI;GALNT7;ARID4B;WDFY1;TMED2;WDR11;ATP2A2;MYB;ARCN1;ITGA2;PTBP2;KIT;SLC38A1;CTNNB1;FAR1;SYNE1;UTP15;MTPN;FRG1;TAF9B;RAB6A;TDG;MTRR;UBE4A;FADS1;BACE1;SLC25A32;THEM4;SLC25A13;EIF4E;TYMS;YWHAQ;DMTF1;NPR3;RFT1;PWP1;HSD17B12;ANAPC1;TUBA1A;GFM1;LTN1;STRN;VEZT;DHX57;BDNF;PLAG1,"[9, 12, 149, 164, 179, 271, 301, 311, 383, 489, 496, 539, 573, 588, 591, 672, 693, 723, 736, 768, 869, 1101, 1124, 1139, 1153, 1238, 1269, 1328, 1330, 1381, 1420, 1483, 1643, 1714, 1739, 1800, 1810, 1870, 1920, 1939, 1948, 2013, 2046, 2185, 2211, 2215, 2279, 2347, 2356, 2379, 2437, 2464, 2484, 2586, 2666, 2765, 2773, 2783, 2802, 2891, 2902, 2908, 2952, 2959, 2998, 3010, 3042, 3059, 3075, 3093, 3137, 3151, 3159, 3188, 3254, 3294, 3453, 3561, 3605, 3658, 3688, 3692, 3732, 3746, 3925, 4051, 4169, 4196, 4224, 4227, 4291, 4333, 4361, 4374, 4458, 4495, 4563, 4622, 4628, 4667, 4687, 4695, 4727, 4773, 4816, 4820, 4887, 4931, 5115, 5148, 5293, 5456, 5475, 5476, 5592, 5593, 5644, 5732, 5765, 5795, 5806, 5852, 5857, 5926, 5939, 5944, 5963, 6039, 6058, 6097, 6114, 6199, 6200, 6210, 6237, 6245, 6351, 6381, 6404, 6407, 6464, 6634, 6661, 6805, 6922, 7001, 7017, 7095, 7143, 7150, 7174, 7216, 7286, 7304, 7309, 7321, 7434, 7444, 7452, 7509, 7513, 7640, 7641, 7709, 7736, 7775, 7793, 7800, 7809, 7882, 8029, 8032, 8071, 8079, 8142, 8209, 8227, 8242, 8377, 8562, 8705, 8719, 8759, 8763, 8792, 8835, 8862, 8878, 8908, 8910, 8936, 8940, 9035, 9047, 9096, 9103, 9130, 9174, 9257, 9284, 9382, 9402, 9551, 9571, 9589, 9620, 9640, 9701, 9837, 9874, 9889, 9917, 9979, 10016, 10048, 10117, 10256, 10388, 10410, 10445, 10488, 10502, 10534, 10554, 10622, 10635, 10649, 10683, 10709, 10720, 10804, 10832, 10849, 10871, 10872, 10931, 10936, 10944, 10970, 11020, 11099, 11110, 11114, 11156, 11216, 11269, 11281, 11295, 11355, 11389, 11484, 11600, 11604, 11671, 11683, 11751, 11801, 11845, 11852, 11888, 11921, 12023, 12089, 12104, 12148, 12168, 12181, 12221, 12410, 12458, 12523, 12561, 12675, 12748, 12800, 12810, 12869, 12879, 12929, 13008, 13024, 13041, 13044, 13111, 13161, 13225, 13238, 13261, 13382, 13441, 13450, 13459, 13515, 13518, 13578, 13584, 13604, 13673, 13718, 13757, 13799, 13814, 13815, 13829, 13830, 13887, 13895, 13901, 13967, 13985, 14051, 14058, 14080, 14122, 14163, 14235, 14276, 14380, 14466, 14476, 14512, 14534, 14549, 14610, 14620, 14655, 14730, 14731, 14752, 14753, 14765, 14777, 14822, 14832, 14836, 14995, 15024, 15054, 15131, 15146, 15200, 15207, 15221, 15245, 15255, 15286, 15290, 15313, 15339, 15452, 15556, 15635, 15651, 15737, 16010, 16018, 16043, 16088, 16179, 16188, 16201, 16286, 16294, 16308, 16354, 16474, 16481, 16494, 16570, 16616, 16678, 16760, 16776, 16842, 16907, 16939, 16979, 17002, 17007, 17053, 17082, 17097, 17171, 17246, 17315, 17354, 17360, 17462]",c2.cp.wikipathways__WP_MIRTARGETED_GENES_IN_LYMPHOCYTES
c2.cp.wikipathways,WP_TRANSSULFURATION_PATHWAY,prerank,-0.4587876698989213,-1.0172054146898712,0.44778761061946903,0.7411674253209112,1.0,2_10,2/10,12.04%,MTR;CTH,MPST;CBS;DNMT1;GCLM;MAT2B;AHCY;CSAD;GOT1;CTH;MTR,"[1450, 1781, 6654, 9357, 9924, 10439, 10698, 10780, 15409, 17470]",c2.cp.wikipathways__WP_TRANSSULFURATION_PATHWAY
c2.cp.wikipathways,WP_DISORDERS_OF_FRUCTOSE_METABOLISM,prerank,-0.44827074389854565,-1.0573907656863215,0.3970315398886827,0.7425340246537352,1.0,4_12,4/12,22.99%,ALDH1A1;SORD;SLC5A1;GLYCTK,ALDOB;PGM1;KHK;PFKL;GPI;TPI1;FBP1;HK1;GLYCTK;SLC5A1;SORD;ALDH1A1,"[2084, 3151, 4573, 4981, 5213, 7010, 7260, 9289, 13491, 14588, 15002, 17443]",c2.cp.wikipathways__WP_DISORDERS_OF_FRUCTOSE_METABOLISM
c2.cp.wikipathways,WP_DEVELOPMENT_AND_HETEROGENEITY_OF_THE_ILC_FAMILY,prerank,0.30006546692190234,0.8772220641336415,0.6701030927835051,0.7432089482623977,1.0,12_29,12/29,27.00%,NFIL3;IL18;IL6;IL9;GATA3;HNF1A;TBX21;TNF;IL23A;ID2;IL1B;IL15,NFIL3;IL18;IL6;IL9;GATA3;HNF1A;TBX21;TNF;IL23A;ID2;IL1B;IL15;IL12B;GFI1;ZBTB16;RORA;IL13;TOX;IL4;BCL11B;AHR;TSLP;IL12A;IL25;IL33;IL7;IL5;RORC;EOMES,"[110, 662, 2121, 2276, 2530, 3074, 3251, 3515, 3864, 4494, 4629, 4728, 6713, 7032, 7188, 7923, 8159, 8367, 8442, 8698, 9293, 10214, 10432, 12112, 13145, 14894, 15390, 16946, 17333]",c2.cp.wikipathways__WP_DEVELOPMENT_AND_HETEROGENEITY_OF_THE_ILC_FAMILY
c2.cp.wikipathways,WP_PANCREATIC_CANCER_SUBTYPES,prerank,0.29929492096586713,0.8759997377577414,0.6233480176211453,0.7442139979899904,1.0,9_28,9/28,19.17%,VSIG2;BTNL8;LYZ;KRT15;FAM83A;S100A2;CLRN3;SLC2A1;PLA2G10,VSIG2;BTNL8;LYZ;KRT15;FAM83A;S100A2;CLRN3;SLC2A1;PLA2G10;DHRS9;TFF3;FAM3D;LGALS4;GPR87;ST6GALNAC1;PRR15L;SCEL;TNS4;KRT17;CST6;LY6D;KRT7;TSPAN8;LEMD1;MYO1A;CYP3A7;CDH17;ANXA8L1,"[659, 979, 1546, 2033, 2309, 2374, 3079, 3156, 3358, 4302, 4669, 6532, 6870, 6878, 7356, 8345, 9350, 10297, 10572, 11446, 11531, 14141, 14882, 15148, 15261, 15570, 15717, 16052]",c2.cp.wikipathways__WP_PANCREATIC_CANCER_SUBTYPES
c2.cp.wikipathways,WP_TRIACYLGLYCERIDE_SYNTHESIS,prerank,-0.3915757806502085,-1.0134101635742803,0.42748091603053434,0.7455113041352394,1.0,9_17,9/17,23.28%,AGPAT5;AGPS;GPD1;GK;AGPAT4;LIPC;MOGAT1;AGPAT3;AGPAT1,PNPLA2;AGPAT2;DGAT1;GPAM;DGAT2;LPL;LIPE;GNPAT;AGPAT1;AGPAT3;MOGAT1;LIPC;AGPAT4;GK;GPD1;AGPS;AGPAT5,"[241, 1353, 1710, 5963, 8754, 8940, 9728, 9936, 13440, 13538, 14023, 14941, 15399, 15601, 15940, 16310, 16670]",c2.cp.wikipathways__WP_TRIACYLGLYCERIDE_SYNTHESIS
c2.cp.wikipathways,WP_MECP2_AND_ASSOCIATED_RETT_SYNDROME,prerank,-0.30756946391004564,-1.0585372778853381,0.366412213740458,0.7466399645917662,1.0,16_71,16/71,12.19%,NF1;BDNF;SST;FGF5;UBE3A;TET1;FUT8;TAF1;PSIP1;GAD1;DLX6;NREP;TET3;SIN3A;IGF1;GRIA4,FKBP5;IGF1R;BCL6;CEBPD;GABRR2;IGF2;TAP1;APOC2;FGF2;HDAC1;ARHGEF26;HNRNPF;OPRK1;YBX1;AKT1;RPS6;POU3F2;CSRP1;CTCF;SP1;SGK1;FOXG1;GRIN1;REST;GPRIN1;HNRNPH1;POU4F1;MPP1;E2F1;GRIA1;CAMK2A;MBP;GAMT;EZH2;MECP2;TARDBP;SMC3;SP3;CREB1;PTEN;DLX5;PRPF38A;GRID1;GRIA3;MEF2C;MYT1;NCOR1;RBFOX1;MTOR;CDON;FUS;MAG;DHX9;TET2;CNP;GRIA4;IGF1;SIN3A;TET3;NREP;DLX6;GAD1;PSIP1;TAF1;FUT8;TET1;UBE3A;FGF5;SST;BDNF;NF1,"[246, 486, 489, 569, 570, 826, 1758, 2165, 2211, 2268, 2562, 2946, 3014, 3086, 3267, 3757, 3852, 4051, 4074, 4488, 4545, 4648, 4890, 4978, 5606, 5823, 6361, 7461, 7793, 8002, 8596, 9036, 9819, 9837, 10143, 10154, 10273, 10351, 10478, 10528, 10738, 11160, 11924, 11991, 12683, 12740, 12807, 12881, 13065, 13288, 13643, 13761, 14245, 14350, 14636, 15384, 15473, 15543, 15645, 15739, 15982, 16002, 16132, 16157, 16183, 16630, 16756, 16780, 17040, 17360, 17391]",c2.cp.wikipathways__WP_MECP2_AND_ASSOCIATED_RETT_SYNDROME
c2.cp.wikipathways,WP_DISORDERS_OF_BILE_ACID_SYNTHESIS_AND_BILIARY_TRANSPORT,prerank,0.3075867343940294,0.8727770237506133,0.6378947368421053,0.7477716362593874,1.0,9_25,9/25,25.02%,HSD3B7;ACOX2;ABCC2;SLC51A;ABCB1;SLC27A5;SLC10A1;ABCC3;ABCC4,HSD3B7;ACOX2;ABCC2;SLC51A;ABCB1;SLC27A5;SLC10A1;ABCC3;ABCC4;SLC51B;CYP27A1;ATP8B1;CYP8B1;CYP7A1;HSD17B4;SLC27A2;ABCB4;SLCO1B1;ABCB11;SCP2;FABP6;ABCD3;AMACR;BAAT;CYP7B1,"[502, 1301, 1475, 2716, 3190, 3295, 3513, 4275, 4382, 5492, 5688, 6583, 6647, 8012, 8387, 8654, 8856, 10574, 11763, 12157, 14332, 14482, 14574, 14724, 15679]",c2.cp.wikipathways__WP_DISORDERS_OF_BILE_ACID_SYNTHESIS_AND_BILIARY_TRANSPORT
c2.cp.wikipathways,WP_ALBUTEROL_AND_BUDESONIDE_THERAPY_FOR_ASTHMA,prerank,0.30169548961356696,0.8734107522194361,0.6449579831932774,0.7480315098756929,1.0,8_24,8/24,18.58%,PLCB3;ADRB2;MYL4;ADCY9;ADCY4;PLCB2;ADCY2;MYL3,PLCB3;ADRB2;MYL4;ADCY9;ADCY4;PLCB2;ADCY2;MYL3;PRKAR1B;GNAS;ADCY8;ADCY6;ADCY7;ADCY3;PRKACA;CREB1;ADCY5;PRKAR2A;ADCY1;NR3C1;PLCB1;PLCB4;PRKACB;PRKAR1A,"[441, 1595, 1701, 2127, 2248, 2865, 3009, 3253, 4473, 4729, 4754, 6958, 7067, 9021, 9427, 10478, 10986, 11277, 13767, 14123, 14865, 15159, 16466, 16685]",c2.cp.wikipathways__WP_ALBUTEROL_AND_BUDESONIDE_THERAPY_FOR_ASTHMA
c2.cp.wikipathways,WP_KREBS_CYCLE_DISORDERS,prerank,-0.4183659193140345,-1.010022170183217,0.42084942084942084,0.7487578740769393,1.0,6_13,6/13,33.37%,LDHC;MPC1;SUCLA2;PDHX;FH;DHTKD1,GPT;SUCLG2;DLST;LDHB;PCK2;SUCLG1;LDHA;DHTKD1;FH;PDHX;SUCLA2;MPC1;LDHC,"[2170, 5939, 6301, 7949, 8217, 8427, 9549, 11674, 12562, 13020, 15029, 15097, 15324]",c2.cp.wikipathways__WP_KREBS_CYCLE_DISORDERS
c2.cp.wikipathways,WP_GENES_TARGETED_BY_MIRNAS_IN_ADIPOCYTES,prerank,0.36918145441044004,0.8710004725931573,0.6339468302658486,0.7498619455757384,1.0,3_12,3/12,9.02%,HDAC4;KCNQ1;GJA1,HDAC4;KCNQ1;GJA1;SRF;HCN2;ERG;KCNJ2;TMSB4X;HCN4;IGF1;PTBP2;KCNE1,"[1124, 1330, 1579, 5159, 6692, 7244, 8539, 9219, 9710, 15473, 15651, 16624]",c2.cp.wikipathways__WP_GENES_TARGETED_BY_MIRNAS_IN_ADIPOCYTES
c2.cp.wikipathways,WP_RENINANGIOTENSINALDOSTERONE_SYSTEM_RAAS,prerank,0.27489648936598343,0.8646901404455051,0.7085201793721974,0.7607155160296203,1.0,8_39,8/39,18.61%,ITPR3;ATF4;CYP21A2;CALML6;CALML4;ATF1;PLCB2;CREB3,ITPR3;ATF4;CYP21A2;CALML6;CALML4;ATF1;PLCB2;CREB3;CREB3L3;AGTR1;CAMK2B;ATF6B;HSD3B1;AGT;HSD3B2;CAMK2G;CAMK1;CREB3L2;ATF2;CAMK2A;ACE;CAMK1G;STAR;CREB1;CYP11A1;CAMK1D;GNAQ;CREB3L4;ITPR2;CALM3;CALM2;CREB3L1;CREB5;CAMK2D;CALML3;CALM1;ITPR1;REN;CAMK4,"[175, 381, 1077, 1491, 2596, 2770, 2865, 3259, 4064, 4464, 4493, 4537, 5378, 5734, 6446, 6774, 6902, 7542, 8136, 8596, 8966, 9758, 10420, 10478, 10566, 10673, 10758, 10914, 11545, 12212, 12311, 12752, 12917, 13938, 14316, 14779, 15616, 15761, 16852]",c2.cp.wikipathways__WP_RENINANGIOTENSINALDOSTERONE_SYSTEM_RAAS
c2.cp.wikipathways,WP_NEPHROTIC_SYNDROME,prerank,0.2780312046171154,0.8633731372263901,0.6867219917012448,0.7619818923542827,1.0,8_40,8/40,16.72%,LAMB2;APOL1;CD151;PODXL;ITGB4;COL4A4;ZMPSTE24;EMP2,LAMB2;APOL1;CD151;PODXL;ITGB4;COL4A4;ZMPSTE24;EMP2;MYH9;ARHGDIA;LMNA;PDSS2;ARHGAP24;PLCE1;GPC5;ANLN;COL4A3;SYNPO;ITGA3;CUBN;CTLA4;CD2AP;WT1;ACTN4;INF2;SMARCAL1;MYO1E;PAX2;COQ2;TRPC6;NPHS1;PTPRO;ALG1;COL4A5;PMM2;WDR73;E2F3;TTC21B;COQ6;SCARB2,"[160, 741, 1022, 1091, 1867, 2709, 2844, 2928, 3551, 4816, 5411, 5672, 6305, 6601, 6679, 7500, 8021, 8543, 8739, 8753, 8921, 9057, 9281, 9667, 9855, 10690, 10970, 11698, 12821, 12932, 13323, 13395, 14146, 14154, 14336, 14539, 14549, 16019, 16029, 16804]",c2.cp.wikipathways__WP_NEPHROTIC_SYNDROME
c2.cp.wikipathways,WP_FAMILIAL_HYPERLIPIDEMIA_TYPE_5,prerank,0.3507065973496686,0.8594593778783677,0.659877800407332,0.7680848436921259,1.0,5_13,5/13,21.16%,APOA1;PLTP;APOC2;LRP1;LCAT,APOA1;PLTP;APOC2;LRP1;LCAT;LDLR;GPIHBP1;APOA2;LPL;LMF1;CETP;LIPC;SEL1L,"[666, 964, 2165, 3463, 3706, 4749, 5835, 7104, 8940, 12686, 12974, 14941, 16663]",c2.cp.wikipathways__WP_FAMILIAL_HYPERLIPIDEMIA_TYPE_5
c2.cp.wikipathways,WP_PKCGAMMA_CALCIUM_SIGNALING_IN_ATAXIA,prerank,-0.3666276401927928,-0.9991704502545358,0.45366795366795365,0.7732471586177563,1.0,8_22,8/22,22.13%,PDK1;ITPR1;GRIA4;PLCB4;PLCB1;TRPC3;ATP2B2;GRIA2,PLCB3;PLCB2;GNA15;HOMER3;GNA14;GNA11;CA8;GRIA1;PRKCG;RYR3;GRM1;GNAQ;CACNA1A;GRIA3;GRIA2;ATP2B2;TRPC3;PLCB1;PLCB4;GRIA4;ITPR1;PDK1,"[441, 2865, 4188, 4988, 5615, 5737, 7152, 8002, 9622, 9956, 10008, 10758, 11635, 11991, 13642, 14287, 14429, 14865, 15159, 15384, 15616, 16370]",c2.cp.wikipathways__WP_PKCGAMMA_CALCIUM_SIGNALING_IN_ATAXIA
c2.cp.wikipathways,WP_DYRK1A_INVOLVEMENT_REGARDING_CELL_PROLIFERATION_IN_BRAIN_DEVELOPMENT,prerank,0.2481523021766801,0.8533910843166446,0.7426778242677824,0.7752545708630046,1.0,15_60,15/60,19.32%,E2F4;GLI1;TFAP4;LATS2;AKT1S1;NFATC1;EIF2B5;FGF2;GMNN;DLL1;NOTCH1;SMARCB1;E2F5;FOXO1;HES1,E2F4;GLI1;TFAP4;LATS2;AKT1S1;NFATC1;EIF2B5;FGF2;GMNN;DLL1;NOTCH1;SMARCB1;E2F5;FOXO1;HES1;SIRT1;REST;MLST8;TFDP1;RBL1;LIN9;HES5;CASP9;SPRY2;RPTOR;CDKN1B;CDK4;TSC2;PSENEN;DNM1;LIN37;TP53;NEUROG2;AMPH;HIP1;CREB1;TFDP2;CDK6;MAPT;LIN52;DNER;NCSTN;CRY2;CASP3;MTOR;APH1A;PSEN1;RBL2;CCND1;DEPTOR;TSC1;DYRK1A;DCAF7;RAD54L2;GSK3B;APP;CSNK1A1;BACE1;RBBP4;LIN54,"[229, 369, 951, 1223, 1340, 1675, 1685, 2211, 2281, 2363, 2437, 3041, 3102, 3351, 3383, 3998, 4978, 5180, 5705, 5706, 6128, 6408, 6429, 6637, 7231, 7452, 7822, 7998, 8093, 8266, 8488, 8693, 9112, 9183, 9203, 10478, 10817, 11099, 11206, 11764, 11766, 11977, 12022, 12945, 13065, 13434, 13571, 13576, 13673, 13996, 14195, 14273, 14512, 15051, 15613, 15665, 15773, 16494, 17106, 17268]",c2.cp.wikipathways__WP_DYRK1A_INVOLVEMENT_REGARDING_CELL_PROLIFERATION_IN_BRAIN_DEVELOPMENT
c2.cp.wikipathways,WP_MFAP5_EFFECT_ON_PERMEABILITY_AND_MOTILITY_OF_ENDOTHELIAL_CELLS_VIA_CYTOSKELETON_REARRANGEMENT,prerank,0.3395379638180999,0.8541549919696065,0.6593886462882096,0.775310806889507,1.0,5_17,5/17,16.13%,PLCG1;PXN;MAPK3;MFAP5;JUN,PLCG1;PXN;MAPK3;MFAP5;JUN;ACTN1;ITGB3;LPP;ITGAV;CREB1;VCL;MAPK1;TJP1;MYLK;ITPR1;PTK2;PRKCQ,"[405, 628, 1114, 2696, 2824, 4592, 7795, 8989, 9460, 10478, 11575, 12772, 12926, 14708, 15616, 16229, 16535]",c2.cp.wikipathways__WP_MFAP5_EFFECT_ON_PERMEABILITY_AND_MOTILITY_OF_ENDOTHELIAL_CELLS_VIA_CYTOSKELETON_REARRANGEMENT
c2.cp.wikipathways,WP_GLYCEROPHOSPHOLIPID_BIOSYNTHETIC_PATHWAY,prerank,0.3045855861902407,0.8541754981935932,0.6759656652360515,0.7768396202610968,1.0,4_26,4/26,9.69%,PIK3CD;CHPT1;LPIN1;CHKB,PIK3CD;CHPT1;LPIN1;CHKB;PGS1;LPIN2;GPAM;CDIPT;PIK3CG;PTDSS1;PIK3CA;PI4K2A;PEMT;GPAT2;CEPT1;PCYT2;GNPAT;IPMK;PIP5K1A;CRLS1;CDS2;PIK3CB;PTPMT1;GK;GPD1;AGPS,"[790, 978, 1110, 1696, 3467, 5918, 5963, 6097, 6453, 6996, 7105, 7428, 7482, 8216, 8718, 8811, 9936, 11767, 11952, 12044, 13483, 13676, 14840, 15601, 15940, 16310]",c2.cp.wikipathways__WP_GLYCEROPHOSPHOLIPID_BIOSYNTHETIC_PATHWAY
c2.cp.wikipathways,WP_FAMILIAL_HYPERLIPIDEMIA_TYPE_4,prerank,0.31012544372867556,0.8492370511428485,0.6838842975206612,0.7798308377314377,1.0,7_20,7/20,22.92%,APOA1;PLTP;APOC2;GCK;LRP1;LCAT;ACSS1,APOA1;PLTP;APOC2;GCK;LRP1;LCAT;ACSS1;LDLR;PDIA2;GPIHBP1;APOA2;DGAT2;LPL;FAS;GCKR;LMF1;CETP;MTTP;LIPC;SEL1L,"[666, 964, 2165, 2648, 3463, 3706, 4015, 4749, 5779, 5835, 7104, 8754, 8940, 9493, 10455, 12686, 12974, 14598, 14941, 16663]",c2.cp.wikipathways__WP_FAMILIAL_HYPERLIPIDEMIA_TYPE_4
c2.cp.wikipathways,WP_REGUCALCIN_IN_PROXIMAL_TUBULE_EPITHELIAL_KIDNEY_CELLS,prerank,0.28725379345595486,0.8498076164081644,0.670020120724346,0.7802804977315252,1.0,8_29,8/29,18.66%,TGFB1;TNFRSF1A;G3BP1;BAX;SMAD4;CALCA;RAF1;AKT1,TGFB1;TNFRSF1A;G3BP1;BAX;SMAD4;CALCA;RAF1;AKT1;MAP3K5;RGN;FFAR3;TGFBR1;SMAD2;CASP9;PIK3CA;BAK1;MCU;PDE1B;CASP8;TRPV5;SEC16B;PPP3R1;MAPK1;CASP3;MTOR;APAF1;NOS1;ACTA2;BRAF,"[386, 390, 1438, 1799, 2618, 2750, 3033, 3267, 4419, 4991, 5393, 5624, 6205, 6429, 7105, 8735, 8992, 9646, 10378, 10642, 11187, 11801, 12772, 12945, 13065, 13773, 15846, 17077, 17259]",c2.cp.wikipathways__WP_REGUCALCIN_IN_PROXIMAL_TUBULE_EPITHELIAL_KIDNEY_CELLS
c2.cp.wikipathways,WP_2Q13_COPY_NUMBER_VARIATION_SYNDROME,prerank,0.25116899963237854,0.8443760781304299,0.7294372294372294,0.7825074966292797,1.0,11_49,11/49,15.01%,POLR2H;CSF1;SOCS3;GAS6;POLR1C;IL6;IL1RN;TULP1;POLR2L;GATA3;MERTK,POLR2H;CSF1;SOCS3;GAS6;POLR1C;IL6;IL1RN;TULP1;POLR2L;GATA3;MERTK;SOCS1;BCL2L11;IL23A;PSD4;POLR2E;IL1B;IL1R1;CXCL13;POLR1D;ARF6;LGALS3;NT5DC4;PLCG2;POLR2F;TMEM87B;CKAP2L;IL1RL2;POLR2K;IL36G;GRB2;RAC1;ACOXL;IL1A;MAPK1;CHCHD5;POLR1E;IL1RAP;SLC20A1;RGPD8;FBLN7;POLR1B;POLR1A;ZC3H6;PTK2;ZC3H8;STAT1;ANAPC1;TTL,"[134, 137, 619, 1651, 2083, 2121, 2260, 2384, 2399, 2530, 2629, 3430, 3812, 3864, 4136, 4345, 4629, 5151, 5314, 5596, 6249, 6287, 7176, 7982, 8262, 8526, 8971, 10345, 10988, 11347, 11405, 11471, 12328, 12614, 12772, 12784, 12972, 13453, 13742, 14674, 15050, 15288, 15636, 15922, 16229, 16637, 16938, 17053, 17130]",c2.cp.wikipathways__WP_2Q13_COPY_NUMBER_VARIATION_SYNDROME
c2.cp.wikipathways,WP_AKT_SIGNALING_AND_ARTD_FAMILY_MEMBERS,prerank,0.2770069428017969,0.8445400867110437,0.7293868921775899,0.7837832637314042,1.0,4_33,4/33,5.58%,PIK3R2;PIK3R5;PIK3CD;STK11,PIK3R2;PIK3R5;PIK3CD;STK11;MAPKAP1;AKT1;FOXO1;AKT2;SIRT1;MLST8;PIK3CG;PIK3R3;PIK3CA;RPTOR;IKBKG;PHLPP1;TSC2;PARP1;PARP3;ATM;PIK3C2B;PIK3C2G;RICTOR;MTOR;PIK3CB;TSC1;PIK3C2A;PIK3R1;AKT3;GSK3B;PDK1;PARP2;PIK3R4,"[350, 466, 790, 977, 2995, 3267, 3351, 3956, 3998, 5180, 6453, 6862, 7105, 7231, 7584, 7622, 7998, 9697, 9971, 11270, 12233, 12690, 12747, 13065, 13676, 14195, 14351, 14526, 14998, 15613, 16370, 16516, 16837]",c2.cp.wikipathways__WP_AKT_SIGNALING_AND_ARTD_FAMILY_MEMBERS
c2.cp.wikipathways,WP_ESTROGEN_METABOLISM_WP697,prerank,0.3761752706926882,0.8460151035129616,0.660455486542443,0.7842346217499845,1.0,3_10,3/10,15.28%,CYP3A4;CYP1B1;NQO1,CYP3A4;CYP1B1;NQO1;COMT;CYP1A1;GSTM1;SULT1A1;GSTA1;ARSD;STS,"[2099, 2464, 2676, 4271, 5385, 8329, 9159, 10539, 12142, 14685]",c2.cp.wikipathways__WP_ESTROGEN_METABOLISM_WP697
c2.cp.wikipathways,WP_BEMPEDOIC_ACID_THERAPY_IN_ATHEROSCLEROSIS_AND_METABOLIC_SYNDROME,prerank,-0.3503076683050698,-0.9928582468013384,0.43702290076335876,0.784257271220397,1.0,5_25,5/25,16.08%,PRKAA1;PRKAG1;MAPK8;ACLY;MAPK9,MAPK3;MAPK11;CRP;MAPK12;HMGA1;PRKAG3;ACACB;G6PC2;MAPK14;PCK2;SLC27A2;MAPK13;PRKAG2;MAPK10;G6PC3;PRKAA2;ACACA;MAPK1;PRKAB1;PRKAB2;MAPK9;ACLY;MAPK8;PRKAG1;PRKAA1,"[1114, 2344, 2639, 2998, 4727, 5219, 5622, 6473, 7304, 8217, 8654, 8706, 8791, 10309, 10974, 11483, 11923, 12772, 13247, 13709, 14702, 15559, 16304, 16705, 17412]",c2.cp.wikipathways__WP_BEMPEDOIC_ACID_THERAPY_IN_ATHEROSCLEROSIS_AND_METABOLIC_SYNDROME
c2.cp.wikipathways,WP_MAMMARY_GLAND_DEVELOPMENT_EMBRYONIC_DEVELOPMENT_STAGE_1_OF_4,prerank,0.33102511837217163,0.8450316752552312,0.6659793814432989,0.7844631034218951,1.0,6_15,6/15,24.88%,TGFB1;MYC;AKT1;TNF;ITGA6;CLDN4,TGFB1;MYC;AKT1;TNF;ITGA6;CLDN4;ALPL;CDH1;NRG3;ITGB1;TERT;CCND1;ERBB4;ZEB2;SFRP1,"[386, 1232, 3267, 3515, 4120, 4357, 7488, 8970, 9038, 11311, 13041, 13673, 13750, 14204, 15127]",c2.cp.wikipathways__WP_MAMMARY_GLAND_DEVELOPMENT_EMBRYONIC_DEVELOPMENT_STAGE_1_OF_4
c2.cp.wikipathways,WP_IMMUNE_RESPONSE_TO_TUBERCULOSIS,prerank,-0.3514234573261472,-0.9905136476507083,0.42988929889298894,0.7845549457013806,1.0,3_23,3/23,8.43%,MED14;STAT1;IFIT3,IRF1;TYK2;IFNGR2;IFITM1;TAP1;IRF9;SOCS1;PSMB8;OAS1;IFNGR1;IFI35;PTPN2;IFIT1;MX1;JAK2;JAK1;STAT2;IFNAR2;IFNAR1;PIAS1;IFIT3;STAT1;MED14,"[538, 1122, 1147, 1596, 1758, 2767, 3430, 3936, 4410, 5613, 6879, 6983, 8187, 8348, 8889, 9271, 9534, 9792, 10611, 13684, 16042, 16938, 17514]",c2.cp.wikipathways__WP_IMMUNE_RESPONSE_TO_TUBERCULOSIS
c2.cp.wikipathways,WP_VEDOLIZUMAB_THERAPY_FOR_INFLAMMATORY_BOWEL_DISEASE,prerank,0.3744543271659954,0.8413497220498539,0.6451612903225806,0.7864023384235997,1.0,3_10,3/10,13.48%,ITGB2;ICAM1;SELPLG,ITGB2;ICAM1;SELPLG;ITGB7;MADCAM1;SELE;ITGB1;VCAM1;ITGA2;ITGA4,"[902, 1872, 2361, 7085, 8757, 11222, 11311, 11751, 15635, 15698]",c2.cp.wikipathways__WP_VEDOLIZUMAB_THERAPY_FOR_INFLAMMATORY_BOWEL_DISEASE
c2.cp.wikipathways,WP_AUTOPHAGY_IN_PANCREATIC_DUCTAL_ADENOCARCINOMA,prerank,0.3170044612128817,0.8383004310880189,0.72,0.790465249918851,1.0,6_19,6/19,17.95%,AGER;TFE3;NFE2L2;SQSTM1;NFKB1;STAT3,AGER;TFE3;NFE2L2;SQSTM1;NFKB1;STAT3;TFEB;IPO8;PINK1;MITF;TP53;SHOC2;MAP1LC3B;ATG7;KRAS;BECN1;HMGB1;VMP1;MDM2,"[759, 2359, 2684, 2762, 2835, 3143, 4229, 6442, 7359, 8314, 8693, 10016, 11789, 11948, 13814, 14024, 14226, 14381, 15285]",c2.cp.wikipathways__WP_AUTOPHAGY_IN_PANCREATIC_DUCTAL_ADENOCARCINOMA
c2.cp.wikipathways,WP_FATTY_ACID_OMEGAOXIDATION,prerank,-0.4332240634510743,-0.9781763631236197,0.4846153846153846,0.8131423445526764,1.0,5_10,5/10,24.09%,ALDH1A1;CYP2A6;CYP4A11;CYP2E1;ADH6,ALDH2;ADH1B;CYP3A4;CYP1A1;CYP2D6;ADH6;CYP2E1;CYP4A11;CYP2A6;ALDH1A1,"[1718, 1865, 2099, 5385, 7348, 13299, 14038, 14759, 16405, 17443]",c2.cp.wikipathways__WP_FATTY_ACID_OMEGAOXIDATION
c2.cp.wikipathways,WP_CHOLESTEROL_METABOLISM_WITH_BLOCH_AND_KANDUTSCHRUSSELL_PATHWAYS,prerank,-0.30010502404967987,-0.9660168492947309,0.5241779497098646,0.8149278921122415,1.0,8_46,8/46,13.63%,SC5D;TM7SF2;HMGCS1;ACSL4;FADS1;IDI1;SCD;CYP51A1,NR1H3;HSD17B7;SOAT1;PMVK;ABCA1;EBP;LSS;ELOVL3;DHCR7;ACOT2;CYP27A1;FDFT1;CYP46A1;MVD;FADS2;ABCG1;NR1H2;LBR;ACSL1;ELOVL4;CH25H;SREBF1;FASN;ELOVL2;DHCR24;ELOVL5;FDPS;GGPS1;MYLIP;MSMO1;SREBF2;MVK;NSDHL;SOAT2;SQLE;ACSL3;HMGCR;ACAT2;CYP51A1;SCD;IDI1;FADS1;ACSL4;HMGCS1;TM7SF2;SC5D,"[444, 590, 663, 2250, 2620, 3700, 4326, 4432, 4439, 5602, 5688, 6284, 6441, 6482, 7286, 7499, 7734, 8625, 8884, 9272, 9360, 9432, 9820, 9838, 9913, 10117, 10275, 10316, 10445, 10879, 11150, 11336, 11828, 12861, 12919, 13614, 13646, 13813, 15131, 15398, 15748, 16481, 16680, 16695, 16848, 17228]",c2.cp.wikipathways__WP_CHOLESTEROL_METABOLISM_WITH_BLOCH_AND_KANDUTSCHRUSSELL_PATHWAYS
c2.cp.wikipathways,WP_MONOAMINE_TRANSPORT,prerank,0.27248845092022084,0.8234962418379494,0.7454545454545455,0.8152545922862388,1.0,8_31,8/31,20.07%,TNFRSF11B;ADORA2A;SCAMP2;SLC6A4;SLC6A3;DBH;HRH3;TNF,TNFRSF11B;ADORA2A;SCAMP2;SLC6A4;SLC6A3;DBH;HRH3;TNF;TGFB1I1;IL1B;IL1R1;FBXO32;TH;AGT;ACHE;SYN1;PPP2CB;UNC13B;MAPK14;ITGB3;TSC2;STX1A;SLC6A2;AMPH;TDO2;TPH2;CDC25C;RBL2;NOS1;SLC6A1;SLC5A7,"[664, 691, 1423, 1789, 2789, 2906, 3026, 3515, 4073, 4629, 5151, 5331, 5573, 5734, 5873, 5960, 5975, 6195, 7304, 7795, 7998, 8112, 8506, 9183, 9732, 11661, 13437, 13576, 15846, 16284, 17356]",c2.cp.wikipathways__WP_MONOAMINE_TRANSPORT
c2.cp.wikipathways,WP_VISUAL_CYCLE,prerank,-0.419145805185825,-0.9704831619560054,0.5114503816793893,0.8152589573787231,1.0,7_12,7/12,28.83%,RPE65;RBP1;RHO;LRAT;RBP3;RDH11;OPN1SW,RDH5;RDH10;ABCA4;RDH12;RLBP1;OPN1SW;RDH11;RBP3;LRAT;RHO;RBP1;RPE65,"[1485, 3188, 4735, 4770, 6476, 12469, 12721, 12871, 12966, 14884, 15663, 17113]",c2.cp.wikipathways__WP_VISUAL_CYCLE
c2.cp.wikipathways,WP_PURINE_METABOLISM_AND_RELATED_DISORDERS,prerank,0.30347802823597464,0.8214880050613143,0.7306791569086651,0.8155134718392696,1.0,2_20,2/20,2.48%,PNP;IMPDH1,PNP;IMPDH1;MAT2A;MOCOS;DGUOK;ADA;AOX1;ATIC;ITPA;APRT;PPAT;PAICS;TPMT;HPRT1;PFAS;ADSL;PRPS1;RRM2B;GRM5;GART,"[271, 434, 2185, 4598, 5189, 6139, 6337, 9278, 9657, 9799, 9844, 10291, 10477, 11035, 11536, 13172, 14725, 15782, 16741, 17114]",c2.cp.wikipathways__WP_PURINE_METABOLISM_AND_RELATED_DISORDERS
c2.cp.wikipathways,WP_SPHINGOLIPID_METABOLISM_INTEGRATED_PATHWAY,prerank,0.2922168335714375,0.8224344289568539,0.7285067873303167,0.8155472318440038,1.0,1_23,1/23,0.83%,CERS1,CERS1;CERS4;SGPL1;SPHK1;SPHK2;CERK;CERS5;CERS6;UGCG;SGMS2;CERS2;CERS3;SGMS1;KDSR;SMPD1;SPTLC2;UGT8;SGPP2;DEGS2;DEGS1;ASAH1;SGPP1;SPTLC1,"[145, 2945, 3417, 3596, 4366, 4783, 6946, 7243, 7585, 7688, 7853, 8198, 8319, 9447, 9914, 11467, 11563, 12737, 12825, 13075, 14148, 14288, 14836]",c2.cp.wikipathways__WP_SPHINGOLIPID_METABOLISM_INTEGRATED_PATHWAY
c2.cp.wikipathways,WP_VITAMIN_DSENSITIVE_CALCIUM_SIGNALING_IN_DEPRESSION,prerank,-0.31565603240747264,-0.9677459646578068,0.5119047619047619,0.8165366534863141,1.0,7_36,7/36,10.86%,TPH1;CALB1;GRM5;GRIN2B;GCLC;SLC8A1;ITPR1,ITPR3;RXRA;BCL2;KDM6B;NFE2L2;CYP27B1;KDM3A;GRIN1;VDR;KDM1B;CYP27A1;KDM1A;G6PD;ATP2B4;GRIN2C;CACNA1C;GRIN2D;GGT1;CHRM1;ATP2B3;ITPR2;TPH2;ATP2B1;PVALB;GRIN2A;KCNQ3;KCNQ2;ATP2B2;GSR;ITPR1;SLC8A1;GCLC;GRIN2B;GRM5;CALB1;TPH1,"[175, 710, 1238, 2172, 2684, 3820, 4712, 4890, 4946, 5240, 5688, 6232, 6351, 6626, 7345, 7402, 8633, 8643, 9935, 10514, 11545, 11661, 12581, 12830, 13106, 13557, 13715, 14287, 14462, 15616, 15701, 15915, 16281, 16741, 16968, 17362]",c2.cp.wikipathways__WP_VITAMIN_DSENSITIVE_CALCIUM_SIGNALING_IN_DEPRESSION
c2.cp.wikipathways,WP_EFFECT_OF_OMEGA3_PUFA_ON_HUNTINGTONS_DISEASE_PATHWAYS,prerank,0.2141854643340708,0.8188730572446808,0.9018789144050104,0.8183406767097494,1.0,29_117,29/117,18.70%,CASP7;PIK3R2;EIF4EBP1;PIK3R5;C1QA;GABRE;BID;PIK3CD;ELK1;BCL2L1;MAPK3;BCL2;AKT1S1;BAX;KIF5A;MAP2K2;IL6;HDAC1;IKBKB;EGFR;BAD;CKB;ABCA1;NFKB1;HAP1;RAF1;MAP2K7;AKT1;PI3,CASP7;PIK3R2;EIF4EBP1;PIK3R5;C1QA;GABRE;BID;PIK3CD;ELK1;BCL2L1;MAPK3;BCL2;AKT1S1;BAX;KIF5A;MAP2K2;IL6;HDAC1;IKBKB;EGFR;BAD;CKB;ABCA1;NFKB1;HAP1;RAF1;MAP2K7;AKT1;PI3;GABRQ;MAP3K10;BCL2L11;AKT2;HRAS;APOE;DHCR7;EGF;SP1;IL1B;REST;GABRG1;MLST8;PRKAG3;MAP2K1;CYP46A1;PIK3CG;PIK3R3;PIK3CA;RPTOR;NTRK2;ABCG1;NR1H2;TSC2;MAP2K4;RPS6KB1;PRKAG2;RHEB;GABRA3;MBP;RAB3A;HDAC2;ABCG4;GABRD;GABRB1;GABRB3;GRM1;MAPK10;CASP8;CREB1;PTEN;GABRA2;GABRA5;SREBF2;SLC12A5;RAB3GAP1;PRKAA2;PPARGC1A;HTT;PIK3C2B;BNIP3;PIK3C2G;RICTOR;MAPK1;CASP3;MTOR;PRKAB1;GABRG2;GABRA4;GABRA1;HMGCR;PIK3CB;PRKAB2;GABRB2;PRR5L;DEPTOR;TSC1;PIK3C2A;PIK3R1;MAPK9;NEUROD1;AKT3;SLC12A2;CYP51A1;SIN3A;ITPR1;AHI1;RPS6KA5;MAPK8;HMGCS1;PRKAG1;EIF4E;PIK3R4;GABRG3;OPA1;BDNF;PRKAA1;GABRA6,"[112, 350, 455, 466, 479, 646, 779, 790, 973, 1087, 1114, 1238, 1340, 1799, 1843, 2104, 2121, 2268, 2341, 2347, 2388, 2545, 2620, 2835, 3007, 3033, 3121, 3267, 3275, 3465, 3529, 3812, 3956, 3976, 4072, 4439, 4444, 4488, 4629, 4978, 5012, 5180, 5219, 5701, 6441, 6453, 6862, 7105, 7231, 7280, 7499, 7734, 7998, 8233, 8326, 8791, 8835, 8974, 9036, 9354, 9498, 9514, 9581, 9868, 9903, 10008, 10309, 10378, 10478, 10528, 10734, 10979, 11150, 11225, 11420, 11483, 11622, 11996, 12233, 12352, 12690, 12747, 12772, 12945, 13065, 13247, 13432, 13516, 13541, 13646, 13676, 13709, 13883, 13956, 13996, 14195, 14351, 14526, 14702, 14937, 14998, 15054, 15131, 15543, 15616, 15771, 16291, 16304, 16695, 16705, 16760, 16837, 16900, 17236, 17360, 17412, 17516]",c2.cp.wikipathways__WP_EFFECT_OF_OMEGA3_PUFA_ON_HUNTINGTONS_DISEASE_PATHWAYS
c2.cp.wikipathways,WP_SEROTONIN_HTR1_GROUP_AND_FOS_PATHWAY,prerank,-0.31567596834565803,-0.9735924347917077,0.48148148148148145,0.8194541031321151,1.0,7_37,7/37,10.86%,BRAF;RASGRF1;RPS6KA5;RASGRP1;HTR2A;GNAI1;ITPR1,MAP2K3;MAPKAPK2;ELK1;MAPK3;MAP2K2;FOS;GNAI3;STAT3;GNAI2;HTR1E;SRF;RAP1A;HTR1D;MAP2K1;MAPKAPK3;HTR1F;GNAO1;MAP3K1;PIK3CA;MAPK14;ELK4;MAP2K6;RHOA;JAK2;CREB1;HTR1A;GNAQ;PDPK1;HTR1B;MAPK1;ITPR1;GNAI1;HTR2A;RASGRP1;RPS6KA5;RASGRF1;BRAF,"[292, 344, 973, 1114, 2104, 2889, 3127, 3143, 3746, 4721, 5159, 5616, 5643, 5701, 5839, 6599, 6775, 7054, 7105, 7304, 7465, 7672, 7817, 8889, 10478, 10749, 10758, 10975, 11252, 12772, 15616, 15942, 16012, 16013, 16291, 17048, 17259]",c2.cp.wikipathways__WP_SEROTONIN_HTR1_GROUP_AND_FOS_PATHWAY
c2.cp.wikipathways,WP_10Q1121Q1123_COPY_NUMBER_VARIATION_SYNDROME,prerank,-0.2935581356078749,-0.9711484043068748,0.5131086142322098,0.8199615739053555,1.0,12_53,12/53,13.73%,KDM4D;C10orf53;MAPK8;FRMPD2;UVSSA;CUL5;ITCH;RIF1;DLD;DRGX;CLOCK;SMARCA5,HSF1;FAM170B;SIRT6;ELK1;HSF4;BCL2;NOG;JUND;MEN1;SMARCB1;WDFY4;BAZ1B;MYO1C;SIRT1;ERCC5;BMPR1B;NEO1;SMAD5;PCNA;DLST;SMAD9;BMPR1A;ARHGAP22;DEK;SMAD1;GDF5;MYBBP1A;ATF2;OGDHL;SMARCC2;CDH1;EIF4ENIF1;RGMB;NLRP3;PARG;VSTM4;BMP2;ERCC8;ERCC6;SF3B1;DDX21;SMARCA5;CLOCK;DRGX;DLD;RIF1;ITCH;CUL5;UVSSA;FRMPD2;MAPK8;C10orf53;KDM4D,"[497, 706, 836, 973, 1161, 1238, 1901, 2470, 2948, 3041, 3203, 3330, 3393, 3998, 4096, 4114, 5597, 6234, 6282, 6301, 6481, 6579, 6987, 7046, 7143, 7956, 8059, 8136, 8254, 8662, 8970, 9395, 9633, 9658, 10074, 10103, 10854, 12664, 13196, 13294, 13964, 15114, 15146, 15202, 15272, 15786, 15849, 16145, 16153, 16227, 16304, 16369, 17086]",c2.cp.wikipathways__WP_10Q1121Q1123_COPY_NUMBER_VARIATION_SYNDROME
c2.cp.wikipathways,WP_FAMILIAL_HYPERLIPIDEMIA_TYPE_3,prerank,0.3378473508565985,0.8166966130294377,0.7067510548523207,0.8202636093851511,1.0,6_12,6/12,23.25%,APOA1;PLTP;SCARB1;LRP1;LCAT;APOE,APOA1;PLTP;SCARB1;LRP1;LCAT;APOE;LDLR;APOA2;LPL;CETP;LIPC;VLDLR,"[666, 964, 2430, 3463, 3706, 4072, 4749, 7104, 8940, 12974, 14941, 17256]",c2.cp.wikipathways__WP_FAMILIAL_HYPERLIPIDEMIA_TYPE_3
c2.cp.wikipathways,WP_INTEGRATED_CANCER_PATHWAY,prerank,-0.3002425798996511,-0.961304149007867,0.5250431778929189,0.8220927901601164,1.0,4_42,4/42,7.72%,ATR;MSH2;STAT1;RAD50,CHEK2;PLK1;MYC;BCL2;CDK2;CDKN1A;BAX;BAD;ATF1;AKT1;BBC3;CDKN2B;CDC25B;MAP3K5;CDC25A;SMAD3;BARD1;SMAD2;CASP9;BACH1;BLM;CDKN1B;E2F1;CDK4;CDK1;BRCA1;TP53;JAK1;RB1;MSH6;CASP8;PTEN;POU2F1;ATM;NOXA1;CASP3;CHEK1;MDM2;RAD50;STAT1;MSH2;ATR,"[581, 869, 1232, 1238, 1573, 1714, 1799, 2388, 2770, 3267, 3816, 3838, 4257, 4419, 5226, 5844, 6150, 6205, 6429, 6464, 6875, 7452, 7793, 7822, 8376, 8479, 8693, 9271, 9620, 10063, 10378, 10528, 11212, 11270, 12201, 12945, 14334, 15285, 16167, 16938, 17502, 17503]",c2.cp.wikipathways__WP_INTEGRATED_CANCER_PATHWAY
c2.cp.wikipathways,WP_PATHWAYS_AFFECTED_IN_ADENOID_CYSTIC_CARCINOMA,prerank,0.24117315596788932,0.8126310076727586,0.8357894736842105,0.8251616518248551,1.0,12_59,12/59,14.81%,MAX;CHEK2;MYC;FGFR4;CTBP1;BCORL1;CREBBP;MAP2K2;KDM6B;NOTCH1;NFIB;ERBB2,MAX;CHEK2;MYC;FGFR4;CTBP1;BCORL1;CREBBP;MAP2K2;KDM6B;NOTCH1;NFIB;ERBB2;RAF1;AKT1;INSRR;HRAS;KANSL1;CEBPA;ARID1A;SRCAP;FGF16;FOXP2;PIK3CA;EP300;IL17RD;FOXO3;KAT6A;BRCA1;TP53;BRD1;ARID5B;NSD1;SETD2;MORF4L1;PTEN;BCOR;KDM6A;ATM;SMC1A;MYBL1;ATRX;NCOR1;FBXW7;TLK1;SMARCE1;SMARCA2;MYCBP;MYCN;MGA;CHEK1;CNTN6;MAML3;DTX4;ARID4B;JMJD1C;MYB;MAGI2;PRKDC;MAGI1,"[484, 581, 1232, 1389, 1410, 1464, 1980, 2104, 2172, 2437, 2440, 2593, 3033, 3267, 3918, 3976, 4277, 5110, 6058, 6553, 6665, 6903, 7105, 7268, 7445, 8003, 8280, 8479, 8693, 9380, 9401, 9664, 9665, 9976, 10528, 11173, 11256, 11270, 11281, 12207, 12221, 12807, 12813, 12946, 13147, 13818, 14118, 14163, 14232, 14334, 14545, 14918, 14973, 15255, 15310, 15452, 16331, 16539, 16752]",c2.cp.wikipathways__WP_PATHWAYS_AFFECTED_IN_ADENOID_CYSTIC_CARCINOMA
c2.cp.wikipathways,WP_GPR143_IN_MELANOCYTES_AND_RETINAL_PIGMENT_EPITHELIUM_CELLS,prerank,0.28250967453664527,0.8101256509484872,0.7569296375266524,0.8260808286173796,1.0,8_28,8/28,17.18%,PLCB3;ARRB2;VEGFA;ADCY9;POMC;ADCY4;PLCB2;ADCY2,PLCB3;ARRB2;VEGFA;ADCY9;POMC;ADCY4;PLCB2;ADCY2;ASIP;GNA15;GNAS;PMEL;MC1R;SERPINF1;GPR143;MITF;PRKACA;MLANA;CREB1;GNAQ;ARRB1;PRKCB;TYRP1;PLCB1;PLCB4;DCT;ITPR1;PRKACB,"[441, 1250, 1439, 2127, 2238, 2248, 2865, 3009, 3910, 4188, 4729, 4924, 6421, 6444, 7848, 8314, 9427, 9704, 10478, 10758, 14181, 14648, 14819, 14865, 15159, 15548, 15616, 16466]",c2.cp.wikipathways__WP_GPR143_IN_MELANOCYTES_AND_RETINAL_PIGMENT_EPITHELIUM_CELLS
c2.cp.wikipathways,WP_ETHANOL_EFFECTS_ON_HISTONE_MODIFICATIONS,prerank,-0.3268252078348804,-0.9575675732274607,0.5233463035019456,0.8261205324487321,1.0,5_29,5/29,9.71%,MTR;ALDH1A1;TYMS;ALDH1A3;HDAC9,HDAC10;HDAC7;SLC19A1;HDAC4;ALDH2;ADH1B;HDAC1;HDAC8;HDAC3;HDAC5;HDAC6;DHFR;MTHFR;ACSS2;MAT1A;ATF2;KAT2B;EHMT2;HAT1;HDAC2;AHCY;ELP3;ALDH1A2;CYP2E1;HDAC9;ALDH1A3;TYMS;ALDH1A1;MTR,"[117, 678, 989, 1124, 1718, 1865, 2268, 3224, 3950, 4646, 5473, 5804, 6721, 7724, 7783, 8136, 8626, 8759, 9331, 9498, 10439, 11246, 12901, 14038, 15818, 16272, 16776, 17443, 17470]",c2.cp.wikipathways__WP_ETHANOL_EFFECTS_ON_HISTONE_MODIFICATIONS
c2.cp.wikipathways,WP_CONSTITUTIVE_ANDROSTANE_RECEPTOR_PATHWAY,prerank,0.2898550711876293,0.8106710068644506,0.7770833333333333,0.826701869597751,1.0,9_22,9/22,26.08%,RXRA;HSP90AA1;ABCC2;CYP3A4;ABCB1;FOXO1;ABCC3;SP1;CYP3A5,RXRA;HSP90AA1;ABCC2;CYP3A4;ABCB1;FOXO1;ABCC3;SP1;CYP3A5;CYP2C19;DNAJC7;NCOA6;NCOA1;SULT1A1;SMC1A;ALAS1;PPARGC1A;NCOA2;CYP4A11;NR1I3;EHHADH;CYP2A6,"[710, 876, 1475, 2099, 3190, 3351, 4275, 4488, 4567, 8163, 8324, 8767, 8813, 9159, 11281, 11488, 11622, 13040, 14759, 15184, 15973, 16405]",c2.cp.wikipathways__WP_CONSTITUTIVE_ANDROSTANE_RECEPTOR_PATHWAY
c2.cp.wikipathways,WP_NAD_METABOLISM_IN_ONCOGENEINDUCED_SENESCENCE_AND_MITOCHONDRIAL_DYSFUNCTIONASSOCIATED_SENESCENCE,prerank,0.2900194541721012,0.8083804518819756,0.7601713062098501,0.8272407466226213,1.0,4_22,4/22,13.42%,RELA;SLC2A4;IL6;SIRT3,RELA;SLC2A4;IL6;SIRT3;SLC2A1;SIRT1;IL1B;HMGA1;G6PD;SIRT2;ELAVL1;TP53;NAMPT;MDH2;GOT2;RB1;PARP1;GOT1;MDH1;NMNAT2;SIRT5;PRKAA1,"[68, 1904, 2121, 2350, 3156, 3998, 4629, 4727, 6351, 6743, 8106, 8693, 8789, 9356, 9604, 9620, 9697, 10780, 12589, 14835, 16928, 17412]",c2.cp.wikipathways__WP_NAD_METABOLISM_IN_ONCOGENEINDUCED_SENESCENCE_AND_MITOCHONDRIAL_DYSFUNCTIONASSOCIATED_SENESCENCE
c2.cp.wikipathways,WP_NANOPARTICLEMEDIATED_ACTIVATION_OF_RECEPTOR_SIGNALING,prerank,0.27862309621718934,0.8044242343778529,0.7784552845528455,0.8318684090902729,1.0,8_27,8/27,17.32%,PXN;PIK3CD;MAP2K2;SRC;MAPK11;EGFR;MAPK12;RAF1,PXN;PIK3CD;MAP2K2;SRC;MAPK11;EGFR;MAPK12;RAF1;TLN1;HRAS;COL1A1;MAP2K1;SOS1;ITGA1;MAPK14;MAPK13;MAPK10;FN1;ITGB1;GRB2;MAPK1;KRAS;MAPK9;AKT3;PTK2;MAPK8;NRAS,"[628, 790, 2104, 2278, 2344, 2347, 2998, 3033, 3565, 3976, 5109, 5701, 5826, 7251, 7304, 8706, 10309, 10662, 11311, 11405, 12772, 13814, 14702, 14998, 16229, 16304, 16714]",c2.cp.wikipathways__WP_NANOPARTICLEMEDIATED_ACTIVATION_OF_RECEPTOR_SIGNALING
c2.cp.wikipathways,WP_LACTATE_SHUTTLE_IN_GLIAL_CELLS,prerank,0.3311454465405567,0.803397230212344,0.7309236947791165,0.8319562291865299,1.0,5_13,5/13,26.33%,SLC2A3;SLC16A3;SLC2A1;CA2;SLC16A1,SLC2A3;SLC16A3;SLC2A1;CA2;SLC16A1;NUDT14;LDHB;HK1;LDHA;SLC1A2;SLC4A4;CA4;SLC16A7,"[833, 1750, 3156, 4119, 4611, 5774, 7949, 9289, 9549, 11209, 11524, 14112, 15328]",c2.cp.wikipathways__WP_LACTATE_SHUTTLE_IN_GLIAL_CELLS
c2.cp.wikipathways,WP_SPHINGOLIPID_METABOLISM_OVERVIEW,prerank,0.28356435171781136,0.7956195465751197,0.755656108597285,0.8423007358866665,1.0,1_23,1/23,0.83%,CERS1,CERS1;CERS4;SGPL1;SPHK1;GBA2;SPHK2;CERK;CERS6;UGCG;SGMS2;CERS2;CERS3;SGMS1;KDSR;SMPD1;SPTLC2;UGT8;SGPP2;DEGS2;DEGS1;ASAH1;SGPP1;SPTLC1,"[145, 2945, 3417, 3596, 4280, 4366, 4783, 7243, 7585, 7688, 7853, 8198, 8319, 9447, 9914, 11467, 11563, 12737, 12825, 13075, 14148, 14288, 14836]",c2.cp.wikipathways__WP_SPHINGOLIPID_METABOLISM_OVERVIEW
c2.cp.wikipathways,WP_TAMOXIFEN_METABOLISM,prerank,0.3332076137730977,0.7940256891376614,0.73,0.8430984980280203,1.0,3_12,3/12,14.07%,FMO3;CYP3A4;CYP1B1,FMO3;CYP3A4;CYP1B1;CYP3A5;CYP1A1;FMO1;CYP2D6;CYP2C19;SULT1A1;CYP2C8;CYP2E1;CYP2A6,"[1042, 2099, 2464, 4567, 5385, 6938, 7348, 8163, 9159, 13463, 14038, 16405]",c2.cp.wikipathways__WP_TAMOXIFEN_METABOLISM
c2.cp.wikipathways,WP_IL23_INHIBITORS_IN_INFLAMMATORY_BOWEL_DISEASE,prerank,-0.392332559157277,-0.9465716542096133,0.5359116022099447,0.8441852531410725,1.0,2_13,2/13,3.32%,RORC;STAT1,TYK2;STAT3;TNF;TLR4;IL23A;STAT5A;STAT5B;IL12B;JAK2;STAT4;IL12RB1;STAT1;RORC,"[1122, 3143, 3515, 3516, 3864, 4109, 5095, 6713, 8889, 11706, 12365, 16938, 16946]",c2.cp.wikipathways__WP_IL23_INHIBITORS_IN_INFLAMMATORY_BOWEL_DISEASE
c2.cp.wikipathways,WP_MITOCHONDRIAL_FATTY_ACID_OXIDATION_DISORDERS,prerank,-0.3551150940545138,-0.9415211324994431,0.5471349353049908,0.845411189643464,1.0,4_19,4/19,11.69%,PECR;ACSL4;EHHADH;CPT2,ACADVL;ACSF2;ECI1;SLC25A20;CPT1A;ACADS;ACADL;HADHB;SLC22A5;ACSL1;HADH;HADHA;SCP2;ACADM;ACSL3;CPT2;EHHADH;ACSL4;PECR,"[411, 2265, 2507, 3894, 4767, 6663, 7064, 7160, 7374, 8884, 9255, 11235, 12157, 13487, 13614, 15472, 15973, 16680, 17174]",c2.cp.wikipathways__WP_MITOCHONDRIAL_FATTY_ACID_OXIDATION_DISORDERS
c2.cp.wikipathways,WP_MALE_INFERTILITY,prerank,-0.2470391758038633,-0.9482173423033676,0.5708884688090737,0.8460105849663246,1.0,22_117,22/117,16.03%,PRMT6;MTR;CYP17A1;PMS2;MTRR;MLH1;ESR1;XRCC5;LIG4;XRCC2;NOS1;CCNT2;XRCC4;MTHFD1;CDC42BPA;USP8;SLC16A7;MDM2;CLOCK;ETV5;MLH3;FOLH1,MMP9;CLU;EPPIN;NOS3;CXXC1;BCL2;GPX1;HLA-DRA;CCNK;XRCC3;CREBBP;NANOS1;PON2;NQO1;NFE2L2;REC8;POLG;INSR;SHMT1;PSAT1;SIRPA;ABCB1;UBE2B;TNF;TSSK6;PEX10;LRWD1;TCN2;CDK9;SLC46A1;BRDT;KDM3A;HMGA1;ERCC1;SOX5;CYP1A1;SIRPG;ERCC2;HORMAD2;TRIP13;SOD3;LTF;PIWIL4;MTHFR;GNAO1;MSH4;TMEM132E;EP300;PEMT;TEX15;UBR2;AR;DDX20;BRCA2;MOV10L1;YBX2;AHRR;DAZL;BHMT;AHR;THBS1;APOB;OR2W3;SOD2;FAS;PARP1;PACRG;CAT;RAG1;VCX;CCNA1;PIWIL1;ABLIM1;POLB;STRA8;MSH5;ATM;ESR2;NOS2;CYP26B1;PON1;CHD2;MMP2;RGS9;TSSK4;PUM2;CCNT1;DDX4;PIWIL2;HORMAD1;EPSTI1;SPATA17;AGO2;RFC1;XPC;FOLH1;MLH3;ETV5;CLOCK;MDM2;SLC16A7;USP8;CDC42BPA;MTHFD1;XRCC4;CCNT2;NOS1;XRCC2;LIG4;XRCC5;ESR1;MLH1;MTRR;PMS2;CYP17A1;MTR;PRMT6,"[27, 216, 253, 335, 1204, 1238, 1260, 1505, 1542, 1959, 1980, 2241, 2575, 2676, 2684, 2718, 3012, 3052, 3082, 3159, 3184, 3190, 3353, 3515, 3753, 3935, 3977, 4077, 4491, 4502, 4652, 4712, 4727, 5200, 5260, 5385, 5511, 5609, 5907, 6199, 6504, 6558, 6707, 6721, 6775, 6777, 7029, 7268, 7482, 7491, 7523, 7620, 8472, 8630, 8999, 9156, 9241, 9243, 9256, 9293, 9307, 9399, 9424, 9445, 9493, 9697, 9750, 9839, 10241, 10753, 10863, 10920, 10960, 11066, 11125, 11249, 11270, 11385, 11576, 11581, 11595, 11699, 11784, 12387, 12513, 12575, 12626, 12693, 12983, 13088, 13524, 13529, 13727, 14088, 14321, 14710, 14859, 14899, 15146, 15285, 15328, 15374, 15610, 15626, 15735, 15787, 15846, 15886, 16077, 16129, 16134, 16252, 16354, 17324, 17326, 17470, 17472]",c2.cp.wikipathways__WP_MALE_INFERTILITY
c2.cp.wikipathways,WP_RIBOFLAVIN_AND_COQ_DISORDERS,prerank,-0.3893077551342369,-0.942433282027983,0.5322283609576427,0.8495452659264308,1.0,2_13,2/13,8.51%,COQ7;COQ6,FLAD1;SLC52A1;APTX;SLC52A2;PDSS2;ETFDH;ETFA;COQ9;PDSS1;RFK;COQ2;COQ6;COQ7,"[3835, 4478, 4552, 4711, 5672, 8001, 8467, 8943, 10989, 12361, 12821, 16029, 16236]",c2.cp.wikipathways__WP_RIBOFLAVIN_AND_COQ_DISORDERS
c2.cp.wikipathways,WP_MITOCHONDRIAL_LONG_CHAIN_FATTY_ACID_BETAOXIDATION,prerank,-0.3578815644865756,-0.9189924950277361,0.6033210332103321,0.8502018519246106,1.0,4_17,4/17,11.69%,PECR;ACSL4;EHHADH;CPT2,ACADVL;ACSF2;ECI1;SLC25A20;CPT1A;ACADS;ACADL;ACSL1;HADH;HADHA;SCP2;ACADM;ACSL3;CPT2;EHHADH;ACSL4;PECR,"[411, 2265, 2507, 3894, 4767, 6663, 7064, 8884, 9255, 11235, 12157, 13487, 13614, 15472, 15973, 16680, 17174]",c2.cp.wikipathways__WP_MITOCHONDRIAL_LONG_CHAIN_FATTY_ACID_BETAOXIDATION
c2.cp.wikipathways,WP_MELATONIN_METABOLISM_AND_EFFECTS,prerank,0.2647038704455216,0.7873097847216592,0.8252631578947368,0.8514685987910557,1.0,16_31,16/31,31.78%,AANAT;ECE1;PER1;IRAK1;CYP1B1;NFKB1;FOXO1;CSNK1D;SIRT1;APOE;MAOA;ADRB1;CSNK1E;CRY1;CYP1A1;EDN1,AANAT;ECE1;PER1;IRAK1;CYP1B1;NFKB1;FOXO1;CSNK1D;SIRT1;APOE;MAOA;ADRB1;CSNK1E;CRY1;CYP1A1;EDN1;ACHE;CYP2D6;CYP2C19;CAMK2A;SULT1A1;PRKCA;PER2;MTNR1A;TRAF6;CRY2;CALM1;CLOCK;GSK3B;MAP2;PER3,"[807, 972, 1010, 2376, 2464, 2835, 3351, 3453, 3998, 4072, 4513, 4776, 5083, 5174, 5385, 5566, 5873, 7348, 8163, 8596, 9159, 10873, 11506, 11800, 11998, 12022, 14779, 15146, 15613, 15965, 16170]",c2.cp.wikipathways__WP_MELATONIN_METABOLISM_AND_EFFECTS
c2.cp.wikipathways,WP_17Q12_COPY_NUMBER_VARIATION_SYNDROME,prerank,-0.2585915426211816,-0.9230569698104786,0.603202846975089,0.8516303386012424,1.0,25_76,25/76,27.38%,LHX1;SLFN5;CCT6B;TADA2A;PIGW;SYNRG;GPR179;MED1;SOCS7;TBC1D3;NLE1;GGNBP2;DHRS11;AP2B1;SLFN13;CDK12;ZNHIT3;TBC1D3C;HNF1B;RFFL;MYO19;SRCIN1;FBXL20;C17orf78;LIG3,TCAP;STARD3;PCGF2;SLFN11;CCL2;CWC25;MIEN1;RDM1;GAS2L2;ERBB2;PLXDC1;AATF;RASL10B;LASP1;TEC;MLLT6;PEX12;RPL23;DUSP14;NEUROD2;TBC1D3G;CISD3;PGAP3;DDX52;SLFN12;PIP4K2B;PNMT;PPP1R1B;CCL5;C17orf50;MRM1;TMEM132E;ZNF830;STAC2;CCL3;CCL4L2;MMP28;FNDC8;TAF15;ASIC2;RAD51D;CCL4;ARHGAP23;CACNB1;ARL5C;IKZF3;GRB7;CCL8;MRPL45;ACACA;CCL1;LIG3;C17orf78;FBXL20;SRCIN1;MYO19;RFFL;HNF1B;TBC1D3C;ZNHIT3;CDK12;SLFN13;AP2B1;DHRS11;GGNBP2;NLE1;TBC1D3;SOCS7;MED1;GPR179;SYNRG;PIGW;TADA2A;CCT6B;SLFN5;LHX1,"[17, 873, 1786, 1797, 1826, 2155, 2204, 2217, 2237, 2593, 3081, 3146, 3316, 3541, 3674, 4145, 4369, 4415, 4585, 4916, 5108, 5322, 5528, 5919, 5948, 5956, 6030, 6119, 6365, 6393, 6634, 7029, 7525, 7573, 7600, 7660, 7744, 7854, 8276, 8772, 9164, 9267, 9476, 9757, 10252, 10278, 10752, 10836, 10954, 11923, 12414, 12722, 12753, 12920, 12961, 13193, 13345, 13408, 13507, 13710, 13758, 13853, 13857, 14074, 14121, 14614, 15150, 15242, 15302, 15574, 15855, 16082, 16432, 17047, 17439, 17510]",c2.cp.wikipathways__WP_17Q12_COPY_NUMBER_VARIATION_SYNDROME
c2.cp.wikipathways,WP_GANGLIO_SPHINGOLIPID_METABOLISM,prerank,-0.3848423058759086,-0.9249040953277112,0.5551330798479087,0.8528753429549388,1.0,4_12,4/12,23.76%,ST8SIA5;ST3GAL5;B3GALT1;SLC33A1,ST3GAL1;ST6GALNAC6;FUT1;B4GALNT1;ST3GAL2;ST8SIA1;B3GALT4;ST8SIA3;SLC33A1;B3GALT1;ST3GAL5;ST8SIA5,"[2408, 4546, 4784, 6435, 6550, 8649, 9209, 12152, 13356, 14860, 14997, 15991]",c2.cp.wikipathways__WP_GANGLIO_SPHINGOLIPID_METABOLISM
c2.cp.wikipathways,WP_GLYCOSAMINOGLYCAN_SYNTHESIS_IN_FIBROBLASTS,prerank,-0.2944972911750315,-0.9191019215326408,0.5841584158415841,0.8560116511296348,1.0,5_41,5/41,5.75%,HS6ST3;UST;NDST4;GLCE;CSGALNACT2,CHST11;HS6ST1;CHPF2;CHSY1;CHST14;DSE;HS3ST3B1;CHST3;CHST1;B3GAT3;CHPF;B3GAT2;CHST12;XYLT2;CHST15;CSGALNACT1;HS3ST3A1;B4GALT7;CHSY3;B3GAT1;CHST7;HS2ST1;EXTL1;HS3ST2;CHST13;B3GALT6;NDST2;XYLT1;HS3ST1;EXTL3;EXT1;EXT2;EXTL2;NDST1;NDST3;HS6ST2;CSGALNACT2;GLCE;NDST4;UST;HS6ST3,"[1014, 1149, 1658, 1689, 2062, 2164, 2169, 2417, 2669, 3006, 3061, 3748, 4824, 5767, 6099, 6238, 6801, 6892, 7167, 7522, 7601, 8152, 8182, 8733, 9373, 9753, 10608, 11204, 11344, 11588, 12204, 12464, 12841, 14395, 14467, 15719, 16511, 16632, 16824, 16885, 17388]",c2.cp.wikipathways__WP_GLYCOSAMINOGLYCAN_SYNTHESIS_IN_FIBROBLASTS
c2.cp.wikipathways,WP_OXIDATION_BY_CYTOCHROME_P450,prerank,-0.27727458562476637,-0.9142899813333628,0.6396917148362236,0.8564623509087138,1.0,15_52,15/52,25.32%,CYP17A1;CYP2R1;CYP2A6;CYP24A1;CYP7B1;CYP3A7;CYP2A7;CYP51A1;CYB5A;CYP4A11;CYP2E1;CYP19A1;CYP2C8;CYP4F3;CYB5R4,CYP39A1;CYP2S1;POR;CYP4B1;CYP3A4;CYP1B1;CYP2W1;CYP27B1;CYP3A5;CYP4F12;CYP1A1;CYP27A1;CYP27C1;CYP4F2;CYP46A1;CYP2J2;CYP8B1;CYP2D6;CYP7A1;CYP4Z1;CYB5R3;CYP2C19;CYP26A1;CYP26C1;CYP20A1;CYB5B;CYP3A43;CYP4V2;CYP11A1;CYP4F11;CYP4X1;CYP2U1;CYP4A22;CYB5R2;CYP26B1;CYB5R1;CYP2C18;CYB5R4;CYP4F3;CYP2C8;CYP19A1;CYP2E1;CYP4A11;CYB5A;CYP51A1;CYP2A7;CYP3A7;CYP7B1;CYP24A1;CYP2A6;CYP2R1;CYP17A1,"[637, 862, 1133, 1352, 2099, 2464, 3534, 3820, 4567, 4880, 5385, 5688, 6266, 6414, 6441, 6548, 6647, 7348, 8012, 8109, 8124, 8163, 8895, 9163, 9676, 9737, 9767, 10552, 10566, 10701, 10915, 10937, 11233, 11241, 11581, 12339, 12404, 13084, 13350, 13463, 13478, 14038, 14759, 14760, 15131, 15304, 15570, 15679, 15989, 16405, 16713, 17326]",c2.cp.wikipathways__WP_OXIDATION_BY_CYTOCHROME_P450
c2.cp.wikipathways,WP_NF1_COPY_NUMBER_VARIATION_SYNDROME,prerank,-0.2617789114304786,-0.9249362176554927,0.632183908045977,0.8590148335813245,1.0,5_73,5/73,3.17%,ATR;NF1;RFC3;EXOC1;EXOC8,CCNA2;PER1;MAPK3;BCL2;MCL1;RNF135;COPRS;SDC2;EGFR;RFC4;SUPT5H;RAF1;NGF;EED;EZH1;CCNE1;EGF;EVI2B;CRLF3;NGFR;RAD9A;CRY1;TUBB;SOS1;SYN1;POLRMT;ARF6;PCNA;ADAP2;RAD51;DNMT1;WDR48;CFL1;UTP6;MAP3K1;EVL;LIMK1;RHOA;RTN4R;JARID2;RBBP7;RFC5;EXOC4;INPP5A;MAP3K2;PRMT5;USP1;MAVS;EXOC3;METAP2;TEFM;E2F6;ROCK2;RAB11FIP4;EXOC2;EIF3A;MYT1;RFC2;MAPK1;EVI2A;EXOC6;RAB11A;SUZ12;EXOC7;EXOC5;ATAD5;CCNE2;OMG;EXOC8;EXOC1;RFC3;NF1;ATR,"[799, 1010, 1114, 1238, 1483, 1648, 1989, 2140, 2347, 2646, 2731, 3033, 3051, 3207, 4204, 4289, 4444, 4543, 4953, 4970, 5087, 5174, 5726, 5826, 5960, 6202, 6249, 6282, 6457, 6595, 6654, 6792, 6939, 6991, 7054, 7283, 7458, 7817, 7943, 8370, 8460, 8556, 8951, 9316, 9404, 10089, 10872, 11317, 11353, 11543, 11858, 12060, 12203, 12452, 12534, 12714, 12740, 12745, 12772, 12873, 13534, 13852, 13872, 14279, 14430, 14592, 15109, 15648, 16963, 16972, 17159, 17391, 17503]",c2.cp.wikipathways__WP_NF1_COPY_NUMBER_VARIATION_SYNDROME
c2.cp.wikipathways,WP_2Q211_COPY_NUMBER_VARIATION_SYNDROME,prerank,-0.38184806175592123,-0.9272592369920117,0.5722433460076045,0.859283061436531,1.0,2_14,2/14,7.19%,PLEKHB2;CDC27,ARHGEF4;STAT3;CCDC74A;MZT2A;TUBA3D;RHOA;AMER3;APC;GPR148;RAC1;STMN2;FAM168B;CDC27;PLEKHB2,"[2757, 3143, 3202, 4336, 5836, 7817, 9656, 9884, 10109, 11471, 11770, 12738, 16259, 16999]",c2.cp.wikipathways__WP_2Q211_COPY_NUMBER_VARIATION_SYNDROME
c2.cp.wikipathways,WP_CANONICAL_AND_NONCANONICAL_TGFB_SIGNALING,prerank,0.2928051909575209,0.7805939531284255,0.7730061349693251,0.8597649927907132,1.0,4_17,4/17,15.84%,TGFB1;BMP1;SMAD4;TGFBR2,TGFB1;BMP1;SMAD4;TGFBR2;LOXL2;LOXL1;TGFBR1;SMAD3;SMAD2;BMPR1A;MAPK14;LOX;BMPR2;LOXL4;MAPK9;MAPK8;GREM1,"[386, 1768, 2618, 2773, 4066, 4163, 5624, 5844, 6205, 6579, 7304, 9652, 10005, 10184, 14702, 16304, 16612]",c2.cp.wikipathways__WP_CANONICAL_AND_NONCANONICAL_TGFB_SIGNALING
c2.cp.wikipathways,WP_DISORDERS_OF_FOLATE_METABOLISM_AND_TRANSPORT,prerank,-0.3552983241890777,-0.9333998269125336,0.5332068311195446,0.8617272952757303,1.0,3_19,3/19,4.24%,MTR;GART;TYMS,MTHFD2;SHMT2;SLC19A1;MTHFS;SHMT1;ALDH1L1;FTCD;MTHFD2L;SLC46A1;QDPR;FOLR1;DHFR;MTHFR;ATIC;ALDH1L2;MTHFD1;TYMS;GART;MTR,"[723, 738, 989, 2167, 3082, 3122, 3439, 3770, 4502, 4678, 5727, 5804, 6721, 9278, 13264, 15626, 16776, 17114, 17470]",c2.cp.wikipathways__WP_DISORDERS_OF_FOLATE_METABOLISM_AND_TRANSPORT
c2.cp.wikipathways,WP_TRYPTOPHAN_METABOLISM,prerank,-0.3229603399291369,-0.929972622280288,0.5565693430656934,0.8647406621651758,1.0,4_27,4/27,12.83%,TPH1;STAT1;AADAT;DLD,AANAT;ALDH2;ECHS1;IL4I1;KYNU;MAOA;CYP1A1;GCDH;AOX1;ALDH8A1;HAAO;ACAT1;HADH;AHR;GOT2;TDO2;CAT;INMT;TPH2;ACMSD;DDC;KMO;AFMID;DLD;AADAT;STAT1;TPH1,"[807, 1718, 3946, 4412, 4450, 4513, 5385, 6076, 6337, 6392, 7312, 8886, 9255, 9293, 9604, 9732, 9839, 9927, 11661, 11824, 13144, 13213, 13728, 15272, 15703, 16938, 17362]",c2.cp.wikipathways__WP_TRYPTOPHAN_METABOLISM
c2.cp.wikipathways,WP_NEUROTRANSMITTER_DISORDERS,prerank,-0.41715991095904614,-0.9273006293361306,0.5434782608695652,0.8655155029705524,1.0,1_10,1/10,0.90%,TPH1,SLC6A3;DBH;COMT;MAOA;TH;PNMT;SLC18A2;TPH2;DDC;TPH1,"[2789, 2906, 4271, 4513, 5573, 6030, 11517, 11661, 13144, 17362]",c2.cp.wikipathways__WP_NEUROTRANSMITTER_DISORDERS
c2.cp.wikipathways,WP_GASTRIC_CANCER_NETWORK_1,prerank,-0.3225208478705962,-0.9072393925463414,0.5977653631284916,0.8684302147495204,1.0,4_24,4/24,7.59%,KIF20B;CEP192;NUP107;MCM4,S100P;UBE2C;MYBL2;NOTCH1;ACTL6A;KIF15;TOP2A;RNF216;ESM1;LIN9;RUVBL1;TPX2;INO80D;APC;AURKA;CCNA1;ECT2;E2F7;CENPF;SMOC2;MCM4;NUP107;CEP192;KIF20B,"[786, 1115, 1213, 2437, 3778, 4218, 5039, 5647, 6036, 6128, 6513, 8870, 9320, 9884, 10139, 10863, 11338, 11478, 12520, 13260, 16190, 16256, 16755, 16788]",c2.cp.wikipathways__WP_GASTRIC_CANCER_NETWORK_1
c2.cp.wikipathways,WP_ESTROGEN_SIGNALING,prerank,0.28458450140832076,0.7725195493409985,0.8067940552016986,0.8695204994246847,1.0,7_21,7/21,18.66%,ELK1;BCL2;IKBKB;JUN;NFKB1;FOS;AKT1,ELK1;BCL2;IKBKB;JUN;NFKB1;FOS;AKT1;SP1;GNAS;MAP2K1;PIK3CA;MAPK14;IKBKG;PRKACA;CREB1;CHUK;GNB1;MAPK1;MAPK9;ESR1;BRAF,"[973, 1238, 2341, 2824, 2835, 2889, 3267, 4488, 4729, 5701, 7105, 7304, 7584, 9427, 10478, 12017, 12079, 12772, 14702, 16134, 17259]",c2.cp.wikipathways__WP_ESTROGEN_SIGNALING
c2.cp.wikipathways,WP_FOLLICLE_STIMULATING_HORMONE_FSH_SIGNALING,prerank,0.27578848836639824,0.7677747266965058,0.834319526627219,0.8727183323033872,1.0,7_23,7/23,21.45%,EIF4EBP1;MAPK3;SRC;RAF1;AKT1;FOXO1;RPS6,EIF4EBP1;MAPK3;SRC;RAF1;AKT1;FOXO1;RPS6;SGK1;GRK6;RPS6KB2;MAPK14;TSC2;RPS6KB1;RHEB;PRKACA;CREB1;PRKCA;FSHR;MAPK1;MTOR;CYP19A1;APPL1;BDNF,"[455, 1114, 2278, 3033, 3267, 3351, 3757, 4545, 6438, 7191, 7304, 7998, 8326, 8835, 9427, 10478, 10873, 11912, 12772, 13065, 13478, 15377, 17360]",c2.cp.wikipathways__WP_FOLLICLE_STIMULATING_HORMONE_FSH_SIGNALING
c2.cp.wikipathways,WP_6Q16_COPY_NUMBER_VARIATION,prerank,0.3357388830108884,0.7657807313970431,0.7702127659574468,0.8735698690760666,1.0,4_10,4/10,17.43%,MC4R;POMC;AGRP;INSR,MC4R;POMC;AGRP;INSR;LEPR;NTRK2;GHRL;ARNT;NPY;BDNF,"[870, 2238, 2322, 3052, 5645, 7280, 8489, 11989, 12769, 17360]",c2.cp.wikipathways__WP_6Q16_COPY_NUMBER_VARIATION
c2.cp.wikipathways,WP_RELATIONSHIP_BETWEEN_INFLAMMATION_COX2_AND_EGFR,prerank,0.2709762982445193,0.767865301983996,0.8234086242299795,0.8742657175454378,1.0,6_24,6/24,13.40%,PLA1A;PIK3CD;MAPK3;PTGER2;SRC;EGFR,PLA1A;PIK3CD;MAPK3;PTGER2;SRC;EGFR;AKT1;AKT2;HRAS;PTGER1;PIK3CG;PTGES2;PIK3CA;PTGER4;PTGS2;MAPK1;CYP19A1;PIK3CB;KRAS;AKT3;PTGER3;ESR1;NRAS;BRAF,"[365, 790, 1114, 1376, 2278, 2347, 3267, 3956, 3976, 4313, 6453, 6798, 7105, 10354, 11182, 12772, 13478, 13676, 13814, 14998, 15604, 16134, 16714, 17259]",c2.cp.wikipathways__WP_RELATIONSHIP_BETWEEN_INFLAMMATION_COX2_AND_EGFR
c2.cp.wikipathways,WP_DNA_REPLICATION,prerank,-0.2869500065773176,-0.8930104573144324,0.624113475177305,0.8808534334841087,1.0,14_41,14/41,24.53%,RFC3;ORC3;POLE2;MCM4;RPA3;ORC6;PRIM1;ORC2;MCM2;RFC1;ORC5;CDT1;CDC7;POLD3,MCM10;POLD1;CDK2;CDC45;GMNN;RFC4;ORC1;MCM7;UBA52;UBC;POLD2;RPA4;CDC6;POLE;PCNA;RPA1;POLD4;MCM3;POLA1;MCM5;RFC5;ORC4;POLA2;RPA2;DBF4;MCM6;RFC2;POLD3;CDC7;CDT1;ORC5;RFC1;MCM2;ORC2;PRIM1;ORC6;RPA3;MCM4;POLE2;ORC3;RFC3,"[843, 863, 1573, 1692, 2281, 2646, 2860, 2994, 3337, 3543, 4374, 4979, 5149, 5832, 6282, 6545, 6886, 7142, 7340, 8417, 8556, 9548, 9889, 10282, 12067, 12498, 12745, 13221, 13361, 13771, 13987, 14088, 14346, 14629, 14730, 14949, 14991, 16190, 16418, 17103, 17159]",c2.cp.wikipathways__WP_DNA_REPLICATION
c2.cp.wikipathways,WP_TARGETED_AGENTS_IN_TRIPLE_NEGATIVE_BREAST_CANCER,prerank,-0.2836394668418609,-0.8931925132678747,0.6647058823529411,0.88643821391776,1.0,14_38,14/38,27.62%,BRAF;NRAS;PARP2;PDK1;AKT3;PIK3R1;TSC1;DEPTOR;PRR5L;KRAS;MTOR;MAPK1;RICTOR;SOS2,EIF4EBP1;MAPK3;AKT1S1;MAP2K2;MAPKAP1;RAF1;AKT1;AKT2;ARAF;HRAS;IRS1;MLST8;MAP2K1;SOS1;TELO2;PIK3CA;RPTOR;AR;INPP4B;TSC2;RPS6KB1;PARP1;PTEN;GRB2;SOS2;RICTOR;MAPK1;MTOR;KRAS;PRR5L;DEPTOR;TSC1;PIK3R1;AKT3;PDK1;PARP2;NRAS;BRAF,"[455, 1114, 1340, 2104, 2995, 3033, 3267, 3956, 3967, 3976, 5115, 5180, 5701, 5826, 6935, 7105, 7231, 7620, 7953, 7998, 8326, 9697, 10528, 11405, 12680, 12747, 12772, 13065, 13814, 13956, 13996, 14195, 14526, 14998, 16370, 16516, 16714, 17259]",c2.cp.wikipathways__WP_TARGETED_AGENTS_IN_TRIPLE_NEGATIVE_BREAST_CANCER
c2.cp.wikipathways,WP_PROTEOGLYCAN_BIOSYNTHESIS,prerank,0.28928614935793584,0.7540217404327487,0.817047817047817,0.8870900425383047,1.0,6_17,6/17,23.62%,CHSY1;CHST14;CHST3;B3GAT3;SLC26A2;PAPSS2,CHSY1;CHST14;CHST3;B3GAT3;SLC26A2;PAPSS2;CANT1;XYLT2;CSGALNACT1;B4GALT7;B3GALT6;XYLT1;EXTL3;EXT1;EXT2;SLC35B2;SLC35B3,"[1689, 2062, 2417, 3006, 3546, 4137, 4905, 5767, 6238, 6892, 9753, 11204, 11588, 12204, 12464, 14126, 15216]",c2.cp.wikipathways__WP_PROTEOGLYCAN_BIOSYNTHESIS
c2.cp.wikipathways,WP_PATHWAYS_INTO_METHIONINE_AND_FOLATE_CYCLES,prerank,-0.28580145815374036,-0.894931505067555,0.622568093385214,0.8880748353808241,1.0,6_40,6/40,10.81%,MTR;MMACHC;TYMS;MTRR;PNPO;MTHFD1,SLC52A3;ABCD4;CD320;SLC19A1;FOLR2;CBS;HCFC1;GNMT;AMN;SHMT1;PDXK;TCN2;SLC52A1;SLC46A1;SLC52A2;TCN1;FOLR1;DHFR;AOX1;DNMT1;MTHFR;ALPL;MAT1A;CUBN;BHMT;MAT2B;AHCY;NGLY1;RFK;MMADHC;LMBRD1;ALDH1L2;MMAA;FOLH1;MTHFD1;PNPO;MTRR;TYMS;MMACHC;MTR,"[419, 732, 908, 989, 1729, 1781, 2400, 2626, 2779, 3082, 3985, 4077, 4478, 4502, 4711, 4772, 5727, 5804, 6337, 6654, 6721, 7488, 7783, 8753, 9256, 9924, 10439, 11811, 12361, 12393, 12699, 13264, 13316, 14710, 15626, 16003, 16354, 16776, 17465, 17470]",c2.cp.wikipathways__WP_PATHWAYS_INTO_METHIONINE_AND_FOLATE_CYCLES
c2.cp.wikipathways,WP_BIOMARKERS_FOR_PYRIMIDINE_METABOLISM_DISORDERS,prerank,-0.3579683749021171,-0.8953224538085887,0.596958174904943,0.8932900126574581,1.0,3_15,3/15,9.92%,TYMS;RRM1;RRM2B,PUS1;CKB;TYMP;RRM2;DPYS;TK2;UPB1;NT5C3A;UMPS;DPYD;NT5C;DHODH;RRM2B;RRM1;TYMS,"[2196, 2545, 2704, 4435, 5794, 5872, 7561, 10720, 11137, 12366, 12849, 13059, 15782, 16148, 16776]",c2.cp.wikipathways__WP_BIOMARKERS_FOR_PYRIMIDINE_METABOLISM_DISORDERS
c2.cp.wikipathways,WP_WNTBETACATENIN_SIGNALING_IN_LEUKEMIA,prerank,0.252953794248294,0.742863814029089,0.867237687366167,0.898838472457225,1.0,5_26,5/26,11.94%,TCF3;PML;MYC;LEF1;LRP5,TCF3;PML;MYC;LEF1;LRP5;AKT1;PPARD;AXIN2;DKK1;RARA;JUP;ZBTB16;PYGO1;BCL9;RUNX1T1;SALL4;APC;WIF1;FZD6;CCND1;LRP6;WNT1;GSK3B;CSNK1A1;CTNNB1;FLT3,"[734, 985, 1232, 1377, 2090, 3267, 3681, 3853, 4704, 5072, 5286, 7188, 8844, 8949, 9029, 9878, 9884, 10133, 12762, 13673, 13826, 14329, 15613, 15773, 16018, 17194]",c2.cp.wikipathways__WP_WNTBETACATENIN_SIGNALING_IN_LEUKEMIA
c2.cp.wikipathways,WP_FIBROTIC_RESPONSE_OF_HUMAN_TRABECULAR_MESHWORK_CELLS_TO_TRANSFORMING_GROWTH_FACTORBETA_3_TGFB3_AND_AUTOTAXIN_ENPP2_OR_ATX_IN_AQUEOUS_HUMOR,prerank,-0.35769673571374694,-0.876760048391504,0.6423357664233577,0.9087024417393617,1.0,6_14,6/14,19.51%,ACTA2;LPA;MAPK8;RHO;MAPK9;ENPP2,TGFB1;TGFB2;TGFB3;STAT3;COL1A1;SMAD3;MAPK10;FN1;ENPP2;MAPK9;RHO;MAPK8;LPA;ACTA2,"[386, 1191, 1861, 3143, 5109, 5844, 10309, 10662, 14102, 14702, 14884, 16304, 16652, 17077]",c2.cp.wikipathways__WP_FIBROTIC_RESPONSE_OF_HUMAN_TRABECULAR_MESHWORK_CELLS_TO_TRANSFORMING_GROWTH_FACTORBETA_3_TGFB3_AND_AUTOTAXIN_ENPP2_OR_ATX_IN_AQUEOUS_HUMOR
c2.cp.wikipathways,WP_GLYCOSAMINOGLYCAN_DEGRADATION,prerank,-0.34519166181143196,-0.8788275203899754,0.6544117647058824,0.9099931828622881,1.0,4_16,4/16,16.32%,HEXA;ARSB;HGSNAT;IDS,HYAL2;GLB1;HYAL1;GALNS;GUSB;IDUA;GNS;SGSH;HPSE2;HEXB;NAGLU;HPSE;IDS;HGSNAT;ARSB;HEXA,"[1152, 1582, 2015, 6292, 6432, 8588, 10538, 10585, 11122, 11261, 12695, 13014, 14660, 15594, 17012, 17062]",c2.cp.wikipathways__WP_GLYCOSAMINOGLYCAN_DEGRADATION
c2.cp.wikipathways,WP_PYRIMIDINE_METABOLISM,prerank,-0.2446610602458692,-0.8733600321948725,0.7356746765249538,0.910849322823153,1.0,29_81,29/81,26.66%,POLR3B;POLR3F;TYMS;POLE2;RRM1;POLR3G;RRM2B;UCK2;POLR3C;POLR1A;CTPS2;DCK;POLR1B;ENTPD1;POLR2D;PRIM1;CMPK2;POLR2B;ENTPD3;POLR2G;ENPP3;POLR2J2;POLD3;DHODH;UPRT;POLR2J3;POLR1E;POLR2A;NT5C,POLR2H;CDA;POLD1;UCK1;POLR2J;POLE4;NME3;DTYMK;POLR3H;POLR1C;POLR2L;UCKL1;NME4;TYMP;POLR3GL;NME7;NME2;PNPT1;POLR2E;POLD2;RRM2;CTPS1;TK1;POLR1D;NT5M;DPYS;POLE;TK2;ENPP1;POLD4;NME1-NME2;DUT;POLR2I;POLA1;CAD;UPB1;DCTD;UPP1;POLR2C;POLA2;POLR3K;POLR3D;CMPK1;NME6;POLR2K;POLR3E;UMPS;NME1;DCTPP1;POLR3A;DPYD;POLE3;NT5C;POLR2A;POLR1E;POLR2J3;UPRT;DHODH;POLD3;POLR2J2;ENPP3;POLR2G;ENTPD3;POLR2B;CMPK2;PRIM1;POLR2D;ENTPD1;POLR1B;DCK;CTPS2;POLR1A;POLR3C;UCK2;RRM2B;POLR3G;RRM1;POLE2;TYMS;POLR3F;POLR3B,"[134, 815, 863, 1047, 1247, 1269, 1299, 1321, 1849, 2083, 2399, 2529, 2581, 2704, 2751, 3371, 3600, 4217, 4345, 4374, 4435, 4655, 4874, 5596, 5770, 5794, 5832, 5872, 5903, 6886, 7056, 7170, 7194, 7340, 7457, 7561, 8787, 9224, 9284, 9889, 10004, 10242, 10493, 10916, 10988, 11021, 11137, 11144, 11258, 12360, 12366, 12411, 12849, 12851, 12972, 13000, 13052, 13059, 13221, 13375, 13935, 14055, 14251, 14253, 14328, 14730, 15049, 15171, 15288, 15388, 15512, 15636, 15750, 15781, 15782, 16005, 16148, 16418, 16776, 16986, 17242]",c2.cp.wikipathways__WP_PYRIMIDINE_METABOLISM
c2.cp.wikipathways,WP_HYPOTHESIZED_PATHWAYS_IN_PATHOGENESIS_OF_CARDIOVASCULAR_DISEASE,prerank,-0.30817784634816503,-0.8619163789482768,0.6772388059701493,0.9144214218053178,1.0,4_24,4/24,9.70%,NR2C2;FBN1;MAPK8;FBN3,ANGPT2;TGFBR3;MAPK3;SMAD4;TGFBR2;SERPINE1;AGTR1;SHC1;LTBP2;TGFBR1;ENG;SMAD3;SMAD2;RUNX2;FLNA;MAPK14;POSTN;LTBP1;MAPK1;FBN2;FBN3;MAPK8;FBN1;NR2C2,"[198, 894, 1114, 2618, 2773, 4011, 4464, 4654, 4705, 5624, 5813, 5844, 6205, 6841, 7192, 7304, 7719, 10550, 12772, 13922, 15819, 16304, 17116, 17369]",c2.cp.wikipathways__WP_HYPOTHESIZED_PATHWAYS_IN_PATHOGENESIS_OF_CARDIOVASCULAR_DISEASE
c2.cp.wikipathways,WP_SPHINGOLIPID_METABOLISM_IN_SENESCENCE,prerank,0.24885535999957786,0.7260743068428962,0.8758465011286681,0.9151254416988743,1.0,7_27,7/27,20.53%,CDK2;GLB1;CDKN1A;S1PR1;RPP38;CERS4;SPHK1,CDK2;GLB1;CDKN1A;S1PR1;RPP38;CERS4;SPHK1;UGCG;SGMS2;E2F1;CDK4;CERS2;S1PR2;KDSR;RB1;SMPD3;PRKCA;S1PR5;MAPK1;TERT;MTOR;DEGS1;ASAH1;SGPP1;PRKCB;SPTLC1;PLCB1,"[1573, 1582, 1714, 2528, 2901, 2945, 3596, 7585, 7688, 7793, 7822, 7853, 8145, 9447, 9620, 9867, 10873, 11247, 12772, 13041, 13065, 13075, 14148, 14288, 14648, 14836, 14865]",c2.cp.wikipathways__WP_SPHINGOLIPID_METABOLISM_IN_SENESCENCE
c2.cp.wikipathways,WP_OSTEOCLAST_SIGNALING,prerank,-0.35190950136907784,-0.8633989584534968,0.6412213740458015,0.9169477308399689,1.0,2_14,2/14,6.94%,AIMP2;MAPK8,TNFRSF11B;CTSK;ACP5;SPP1;PDGFB;ATP6V1G1;ITGB3;SLC9A1;IFNAR1;TRPV5;TNFRSF11A;GPR68;MAPK8;AIMP2,"[664, 2008, 4430, 6253, 6544, 7136, 7795, 7867, 10611, 10642, 11457, 12923, 16304, 17042]",c2.cp.wikipathways__WP_OSTEOCLAST_SIGNALING
c2.cp.wikipathways,WP_RALA_DOWNSTREAM_REGULATED_GENES,prerank,-0.35686956413012516,-0.8473073950797573,0.6711798839458414,0.9178632946274484,1.0,3_12,3/12,8.05%,EXOC8;NRAS;CDC42,RAC3;YBX3;RAC2;RALBP1;HRAS;RALA;RAC1;EXOC2;KRAS;CDC42;NRAS;EXOC8,"[747, 1085, 2938, 3283, 3976, 8587, 11471, 12534, 13814, 16108, 16714, 16963]",c2.cp.wikipathways__WP_RALA_DOWNSTREAM_REGULATED_GENES
c2.cp.wikipathways,WP_DRUG_INDUCTION_OF_BILE_ACID_PATHWAY,prerank,0.28281417560839645,0.7154725403186948,0.8625792811839323,0.9219538254993501,1.0,7_16,7/16,25.02%,ABCC2;CYP3A4;SLC51A;ABCB1;SLC10A1;ABCC3;ABCC4,ABCC2;CYP3A4;SLC51A;ABCB1;SLC10A1;ABCC3;ABCC4;VDR;SLC51B;NR1I2;CYP7A1;SLCO1B1;ABCB11;BAAT;NR1I3;NR1H4,"[1475, 2099, 2716, 3190, 3513, 4275, 4382, 4946, 5492, 6022, 8012, 10574, 11763, 14724, 15184, 15445]",c2.cp.wikipathways__WP_DRUG_INDUCTION_OF_BILE_ACID_PATHWAY
c2.cp.wikipathways,WP_ALANINE_AND_ASPARTATE_METABOLISM,prerank,-0.3797366598649359,-0.8477206133731471,0.6679035250463822,0.9227239642819286,1.0,2_10,2/10,8.66%,GAD2;GAD1,PC;GPT;ASS1;GOT2;ABAT;GOT1;ASL;ASPA;GAD1;GAD2,"[1947, 2170, 5245, 9604, 9642, 10780, 11228, 12652, 16002, 16716]",c2.cp.wikipathways__WP_ALANINE_AND_ASPARTATE_METABOLISM
c2.cp.wikipathways,WP_REGULATION_OF_SISTER_CHROMATID_SEPARATION_AT_THE_METAPHASEANAPHASE_TRANSITION,prerank,-0.3464455397182368,-0.863501177630525,0.6224299065420561,0.9227346140001782,1.0,3_14,3/14,22.89%,CDC20;MAD2L1;CENPE,ESPL1;MAD1L1;PTTG1;RAD21;BUB3;STAG1;BUB1B;BUB1;APC;SMC3;SMC1A;CENPE;MAD2L1;CDC20,"[2630, 5308, 6641, 6793, 7131, 8530, 9585, 9690, 9884, 10273, 11281, 13509, 14365, 16543]",c2.cp.wikipathways__WP_REGULATION_OF_SISTER_CHROMATID_SEPARATION_AT_THE_METAPHASEANAPHASE_TRANSITION
c2.cp.wikipathways,WP_ENERGY_METABOLISM,prerank,0.21865127030509982,0.7156993155970605,0.9296703296703297,0.9234919138065895,1.0,7_47,7/47,13.42%,MEF2B;RXRA;ESRRA;PPARA;UCP3;HDAC1;SIRT3,MEF2B;RXRA;ESRRA;PPARA;UCP3;HDAC1;SIRT3;PPARG;FOXO1;PPP3CC;PPARD;SIRT1;PRMT1;PRKAG3;CAMK2G;EP300;GABPA;MAPK14;NRF1;PPRC1;FOXO3;MYBBP1A;ATF2;PRKAG2;NCOA1;TFB2M;PPP3R2;CREB1;UCP2;PPP3CA;PRKAA2;PPARGC1A;PPP3R1;MEF2D;TFB1M;TFAM;PPP3CB;MEF2C;PPARGC1B;PRKAB1;PRKAB2;MED1;MEF2A;GSK3B;PRKAG1;CAMK4;PRKAA1,"[121, 710, 1143, 1634, 1806, 2268, 2350, 3284, 3351, 3642, 3681, 3998, 4768, 5219, 6774, 7268, 7297, 7304, 7477, 7658, 8003, 8059, 8136, 8791, 8813, 8969, 10012, 10478, 10606, 11156, 11483, 11622, 11801, 12103, 12141, 12226, 12602, 12683, 13100, 13247, 13709, 15302, 15464, 15613, 16705, 16852, 17412]",c2.cp.wikipathways__WP_ENERGY_METABOLISM
c2.cp.wikipathways,WP_SEROTONIN_RECEPTOR_467_AND_NR3C_SIGNALING,prerank,-0.3186644411748992,-0.8408764234405035,0.7126436781609196,0.9259730527435764,1.0,4_19,4/19,10.80%,BRAF;HTR4;RPS6KA5;EGR1,MAPKAPK2;ELK1;MAPK3;MAP2K2;ATF1;GNAS;SRF;RAP1A;MAP2K1;ELK4;HTR7;CREB1;HTR6;MAPK1;NR3C1;EGR1;RPS6KA5;HTR4;BRAF,"[344, 973, 1114, 2104, 2770, 4729, 5159, 5616, 5701, 7465, 9170, 10478, 11107, 12772, 14123, 15627, 16291, 17206, 17259]",c2.cp.wikipathways__WP_SEROTONIN_RECEPTOR_467_AND_NR3C_SIGNALING
c2.cp.wikipathways,WP_AMINO_ACID_METABOLISM,prerank,-0.2374155209010527,-0.8515130167349636,0.7940630797773655,0.9262086503982633,1.0,17_81,17/81,18.51%,ALDH1A1;TPH1;FARSB;HDC;BCAT1;GSS;EHHADH;ACLY;CTH;HMGCL;DLD;PPM1L;AUH;MCCC1;AOC3;GSR;MARS2,P4HA2;PCK1;MPST;PYCR1;HIBCH;CBS;PC;ARG1;TPO;IDH1;GPT2;DBH;GLUL;FAH;FTCD;PDK4;ACAA1;ARG2;ACSS1;HAL;MAOA;ASNS;LARS2;ASS1;SMS;TH;ALDH7A1;PNMT;ALDH18A1;DLST;TAT;PDHA1;G6PC2;OGDH;PKM;HIBADH;CAD;SRM;ADH5;HNMT;ODC1;GLUD1;SUCLG1;ACO2;HADH;BHMT;MDH2;GCLM;CS;LDHA;GOT2;TDO2;GLS;GOT1;SDS;OTC;FH;MDH1;OAT;PDHX;DDC;CPS1;ACADM;SDHA;MARS2;GSR;AOC3;MCCC1;AUH;PPM1L;DLD;HMGCL;CTH;ACLY;EHHADH;GSS;BCAT1;HDC;FARSB;TPH1;ALDH1A1,"[12, 572, 1450, 1529, 1707, 1781, 1947, 2020, 2192, 2666, 2680, 2906, 3113, 3343, 3439, 3521, 3799, 3931, 4015, 4476, 4513, 4899, 5131, 5245, 5564, 5573, 5966, 6030, 6115, 6301, 6321, 6459, 6473, 6725, 7001, 7325, 7457, 7886, 8007, 8092, 8369, 8416, 8427, 8846, 9255, 9256, 9356, 9357, 9436, 9549, 9604, 9732, 10680, 10780, 11605, 12240, 12562, 12589, 12779, 13020, 13144, 13162, 13487, 13860, 14276, 14462, 14529, 14746, 14861, 15003, 15272, 15297, 15409, 15559, 15973, 16076, 16100, 16771, 16870, 17362, 17443]",c2.cp.wikipathways__WP_AMINO_ACID_METABOLISM
c2.cp.wikipathways,WP_GLYCOSPHINGOLIPID_METABOLISM,prerank,-0.3276390593447539,-0.8644564968911743,0.6628787878787878,0.9265317099648527,1.0,5_19,5/19,17.60%,NEU3;ST3GAL5;B3GALT1;GALC;B4GALT6,A4GALT;B4GALT3;GBA2;B4GALT4;B4GALT5;B4GALNT1;GLA;UGCG;ARSA;B3GALT2;B3GNT5;GAL3ST1;UGT8;NEU4;B4GALT6;GALC;B3GALT1;ST3GAL5;NEU3,"[713, 2151, 4280, 4700, 4987, 6435, 7530, 7585, 7862, 9706, 10108, 11554, 11563, 11645, 14436, 14728, 14860, 14997, 16777]",c2.cp.wikipathways__WP_GLYCOSPHINGOLIPID_METABOLISM
c2.cp.wikipathways,WP_PROGERIAASSOCIATED_LIPODYSTROPHY,prerank,-0.31406659359783407,-0.8290625296788088,0.7320754716981132,0.9272523387712841,1.0,4_20,4/20,10.76%,SPRTN;FBN1;WRN;RECQL,TGFB1;POLD1;LMNB2;BANF1;SMAD4;ZMPSTE24;PPARG;FFAR3;LMNA;SMAD3;SMAD2;PARP1;LMNB1;ICMT;FNTA;KCNJ6;RECQL;WRN;FBN1;SPRTN,"[386, 863, 1800, 2209, 2618, 2844, 3284, 5393, 5411, 5844, 6205, 9697, 10489, 10939, 12538, 13342, 15634, 16497, 17116, 17359]",c2.cp.wikipathways__WP_PROGERIAASSOCIATED_LIPODYSTROPHY
c2.cp.wikipathways,WP_DNA_DAMAGE_RESPONSE,prerank,-0.24604141500617527,-0.8483673560506361,0.7673545966228893,0.9272816421237295,1.0,11_66,11/66,13.76%,ATR;FANCD2;RAD17;CCNB3;PRKDC;NBN;RAD50;RRM2B;RAD1;MDM2;CCNE2,CCND3;TNFRSF10B;CHEK2;BID;PML;MYC;CDK2;GADD45B;GADD45G;CDKN1A;BAX;DDB2;SESN1;AKT1;RAD52;PMAIP1;BBC3;CCNE1;TP53AIP1;RAD9A;CDC25A;CDK5;CASP9;ABL1;RAD51;GADD45A;CDKN1B;TLK2;E2F1;CDK4;HUS1B;CCNB1;CDK1;BRCA1;TP53;FAS;RB1;CCNB2;SFN;RPA2;CASP8;CREB1;CDK6;ATM;SMC1A;CYCS;ATRIP;CCND2;CASP3;TLK1;CDC25C;CCND1;APAF1;RFC1;CHEK1;CCNE2;MDM2;RAD1;RRM2B;RAD50;NBN;PRKDC;CCNB3;RAD17;FANCD2;ATR,"[223, 539, 581, 779, 985, 1232, 1573, 1626, 1669, 1714, 1799, 2302, 2306, 3267, 3505, 3544, 3816, 4289, 4724, 5087, 5226, 6185, 6429, 6593, 6595, 6740, 7452, 7583, 7793, 7822, 8087, 8226, 8376, 8479, 8693, 9493, 9620, 9950, 9994, 10282, 10378, 10478, 11099, 11270, 11281, 11932, 12645, 12887, 12945, 12946, 13437, 13673, 13773, 14088, 14334, 15109, 15285, 15617, 15782, 16167, 16435, 16539, 16651, 16664, 17393, 17503]",c2.cp.wikipathways__WP_DNA_DAMAGE_RESPONSE
c2.cp.wikipathways,WP_MIRNA_REGULATION_OF_DNA_DAMAGE_RESPONSE,prerank,-0.24011484201119748,-0.8252631916521339,0.8139097744360902,0.928790909199415,1.0,11_67,11/67,13.76%,ATR;FANCD2;RAD17;CCNB3;PRKDC;NBN;RAD50;RRM2B;RAD1;MDM2;CCNE2,CCND3;TNFRSF10B;CHEK2;BID;PML;MYC;CDK2;GADD45B;GADD45G;CDKN1A;BAX;DDB2;SESN1;CCNG1;MCM7;RAD52;PMAIP1;BBC3;CCNE1;TP53AIP1;RAD9A;CDC25A;CDK5;CASP9;ABL1;RAD51;GADD45A;CDKN1B;TLK2;E2F1;CDK4;HUS1B;CCNB1;CDK1;BRCA1;TP53;FAS;RB1;CCNB2;SFN;RPA2;CASP8;CREB1;CDK6;ATM;SMC1A;CYCS;ATRIP;CCND2;CASP3;TLK1;CDC25C;CCND1;APAF1;RFC1;CHEK1;CCNE2;MDM2;RAD1;RRM2B;RAD50;NBN;PRKDC;CCNB3;RAD17;FANCD2;ATR,"[223, 539, 581, 779, 985, 1232, 1573, 1626, 1669, 1714, 1799, 2302, 2306, 2754, 2994, 3505, 3544, 3816, 4289, 4724, 5087, 5226, 6185, 6429, 6593, 6595, 6740, 7452, 7583, 7793, 7822, 8087, 8226, 8376, 8479, 8693, 9493, 9620, 9950, 9994, 10282, 10378, 10478, 11099, 11270, 11281, 11932, 12645, 12887, 12945, 12946, 13437, 13673, 13773, 14088, 14334, 15109, 15285, 15617, 15782, 16167, 16435, 16539, 16651, 16664, 17393, 17503]",c2.cp.wikipathways__WP_MIRNA_REGULATION_OF_DNA_DAMAGE_RESPONSE
c2.cp.wikipathways,WP_NEPHROGENESIS,prerank,-0.3244743118954551,-0.8224273148522487,0.710820895522388,0.928871887009913,1.0,2_16,2/16,6.70%,GREB1L;MEIS1,SIX2;OSR1;BMP7;NOTCH2;WNT4;RSPO3;FGF8;JAG1;WNT9B;FGF20;FOXD1;PAX2;RSPO1;ALDH1A2;MEIS1;GREB1L,"[474, 1717, 2039, 2279, 3643, 3836, 5132, 5281, 6089, 6436, 9543, 11698, 12551, 12901, 16346, 17490]",c2.cp.wikipathways__WP_NEPHROGENESIS
c2.cp.wikipathways,WP_HOMOLOGOUS_RECOMBINATION,prerank,-0.3566227982899024,-0.8305540570032431,0.7,0.9300538556618804,1.0,2_12,2/12,7.72%,NBN;RAD50,POLD1;RAD52;POLD2;RPA1;RAD51;POLD4;RAD54B;BRCA2;ATM;POLD3;RAD50;NBN,"[863, 3505, 4374, 6545, 6595, 6886, 7392, 8630, 11270, 13221, 16167, 16435]",c2.cp.wikipathways__WP_HOMOLOGOUS_RECOMBINATION
c2.cp.wikipathways,WP_ATM_SIGNALING,prerank,0.22904248659815687,0.7044406231642594,0.9137168141592921,0.9305498210794906,1.0,6_34,6/34,16.13%,CHEK2;BID;CDK2;CDKN1A;RIPK1;JUN,CHEK2;BID;CDK2;CDKN1A;RIPK1;JUN;CCNE1;RAD9A;CDC25A;CASP2;ABL1;RAD51;GADD45A;IKBKG;ATF2;CCNB1;CDK1;BRCA1;TP53;CRADD;CREB1;MDC1;ATM;SMC1A;MDM4;TP53BP1;TLK1;CDC25C;CHEK1;MAPK9;MDM2;TP73;RAD50;NBN,"[581, 779, 1573, 1714, 2701, 2824, 4289, 5087, 5226, 6081, 6593, 6595, 6740, 7584, 8136, 8226, 8376, 8479, 8693, 9669, 10478, 11048, 11270, 11281, 11817, 12764, 12946, 13437, 14334, 14702, 15285, 16047, 16167, 16435]",c2.cp.wikipathways__WP_ATM_SIGNALING
c2.cp.wikipathways,WP_NITRIC_OXIDE_METABOLISM_IN_CYSTIC_FIBROSIS,prerank,-0.3529361603875064,-0.8516789055641856,0.6515748031496063,0.9318310712552532,1.0,3_13,3/13,12.24%,PRMT6;NOS1;PRMT3,NOS3;DDAH2;PRMT2;PRMT1;CARM1;PRMT7;DDAH1;PRMT5;NOS2;PRMT8;PRMT3;NOS1;PRMT6,"[335, 801, 3768, 4768, 4877, 8518, 9627, 10089, 11576, 13013, 15375, 15846, 17472]",c2.cp.wikipathways__WP_NITRIC_OXIDE_METABOLISM_IN_CYSTIC_FIBROSIS
c2.cp.wikipathways,WP_TRYPTOPHAN_CATABOLISM_LEADING_TO_NAD_PRODUCTION,prerank,-0.3322253642272103,-0.8308707201466252,0.7007168458781362,0.9351413106705282,1.0,4_14,4/14,24.58%,AADAT;NMNAT2;AFMID;KMO,QPRT;NMNAT3;KYNU;NMNAT1;NADSYN1;HAAO;NAMPT;NMRK2;TDO2;NMRK1;KMO;AFMID;NMNAT2;AADAT,"[2546, 4219, 4450, 5325, 6653, 7312, 8789, 9052, 9732, 10160, 13213, 13728, 14835, 15703]",c2.cp.wikipathways__WP_TRYPTOPHAN_CATABOLISM_LEADING_TO_NAD_PRODUCTION
c2.cp.wikipathways,WP_ANGIOTENSIN_II_RECEPTOR_TYPE_1_PATHWAY,prerank,-0.2910887855217505,-0.8315649048421582,0.7263779527559056,0.9395898053314675,1.0,3_26,3/26,8.63%,MAS1;ACTA2;PTPN11,TGFB1;JUND;SMAD4;TGFBR2;RAF1;RRAS;IL11RA;COL1A2;F12;AGTR1;SP1;COL1A1;IL6ST;TGFBR1;AGT;SMAD3;PDGFD;MAP2K6;IL11;HIF1A;ACE2;MAPK1;NOX4;PTPN11;ACTA2;MAS1,"[386, 2470, 2618, 2773, 3033, 3458, 3842, 3978, 4449, 4464, 4488, 5109, 5448, 5624, 5734, 5844, 6943, 7672, 8041, 8234, 12402, 12772, 14437, 16007, 17077, 17432]",c2.cp.wikipathways__WP_ANGIOTENSIN_II_RECEPTOR_TYPE_1_PATHWAY
c2.cp.wikipathways,WP_OVARIAN_INFERTILITY,prerank,0.22064466207097386,0.6853149040895216,0.9522821576763485,0.9428321314000091,1.0,3_37,3/37,7.86%,CEBPB;GJA4;PTGER2,CEBPB;GJA4;PTGER2;AKT1;BMPR1B;VDR;ZP3;SMAD3;SYNE2;RAD51;PGR;CDKN1B;NR5A1;LHCGR;CDK4;TSC2;DAZL;SMPD1;CREB1;MSH5;ATM;INHA;ESR2;FSHR;GDF9;NCOR1;PRLR;CCND2;MTOR;CYP19A1;DMC1;TSC1;NRIP1;FMR1;EGR1;TBP;MLH1,"[311, 430, 1376, 3267, 4114, 4946, 5249, 5844, 5857, 6595, 7328, 7452, 7472, 7700, 7822, 7998, 9243, 9914, 10478, 11249, 11270, 11372, 11385, 11912, 12163, 12807, 12867, 12887, 13065, 13478, 13559, 14195, 14451, 15036, 15627, 15689, 16252]",c2.cp.wikipathways__WP_OVARIAN_INFERTILITY
c2.cp.wikipathways,WP_PGK1_PKM2_KHKCKHKA_ACTING_AS_PROTEIN_KINASES,prerank,0.2934012936254813,0.686972671981399,0.8625277161862528,0.9431938465014502,1.0,2_11,2/11,7.89%,AKT1S1;SNAP23,AKT1S1;SNAP23;STAT3;KHK;PKM;BUB3;PAK2;PGK1;BECN1;PRPS1;PDK1,"[1340, 1381, 3143, 4573, 7001, 7131, 7446, 9922, 14024, 14725, 16370]",c2.cp.wikipathways__WP_PGK1_PKM2_KHKCKHKA_ACTING_AS_PROTEIN_KINASES
c2.cp.wikipathways,WP_NPHP1_DELETION_SYNDROME,prerank,-0.3447060080707873,-0.8099089412569722,0.7267552182163188,0.9470483207340901,1.0,2_11,2/11,8.39%,INVS;RPGRIP1L,MAPK3;BCAR1;NPHP1;PTK2B;FLNA;NPHP4;FLNB;MAPK1;FLNC;RPGRIP1L;INVS,"[1114, 3512, 6080, 6883, 7192, 7757, 11919, 12772, 13618, 16050, 16391]",c2.cp.wikipathways__WP_NPHP1_DELETION_SYNDROME
c2.cp.wikipathways,WP_PROTEASOME_DEGRADATION,prerank,-0.2373203280373396,-0.7986981816128764,0.8421052631578947,0.9501649073639165,1.0,6_58,6/58,14.76%,PSMB2;PSMA3;PSMD5;PSMC2;PSMA5;PSME3,NEDD4;PSMC5;PSMA7;PSMB1;UBE2B;HLA-E;UBC;HLA-B;PSME2;PSMB8;HLA-F;PSMB6;UBE2D3;PSMD6;UBA1;UBB;PSME1;PSMD3;PSMD4;PSMB5;HLA-C;RPN2;UCHL1;PSMB4;PSMD9;PSMB3;PSMA1;UCHL3;PSMC3;HLA-A;PSMB7;PSMD11;PSMA4;PSMB10;PSMD12;PSMB9;PSMC1;HLA-G;UBA7;PSMD2;PSMA2;PSMD8;RPN1;PSMD10;UBE2D2;PSMD7;PSMC4;PSMD1;PSMA6;PSMC6;UBE2D1;PSMD13;PSME3;PSMA5;PSMC2;PSMD5;PSMA3;PSMB2,"[1328, 1517, 3240, 3303, 3353, 3356, 3543, 3617, 3856, 3936, 4126, 4299, 4427, 4459, 4716, 4750, 4930, 4956, 5212, 5338, 5482, 5693, 5855, 6246, 6409, 6562, 6584, 6858, 6885, 7039, 7404, 7716, 7762, 8147, 8225, 8284, 8434, 8447, 8451, 8522, 8576, 8583, 9023, 9104, 9139, 9152, 9276, 10336, 11032, 11615, 11786, 12242, 14933, 14940, 16078, 16315, 16801, 17105]",c2.cp.wikipathways__WP_PROTEASOME_DEGRADATION
c2.cp.wikipathways,WP_OCTADECANOID_FORMATION_FROM_LINOLEIC_ACID,prerank,-0.34562487014197396,-0.7999215872594434,0.7388888888888889,0.9535836828492202,1.0,3_11,3/11,23.15%,ALOX12B;CYP4A11;CYP2C8,CYP3A4;GPX4;EPHX3;PTGS1;ALOX15;ALOXE3;CYP2C19;PTGS2;CYP2C8;CYP4A11;ALOX12B,"[2099, 4303, 4692, 6934, 7159, 7173, 8163, 11182, 13463, 14759, 16212]",c2.cp.wikipathways__WP_OCTADECANOID_FORMATION_FROM_LINOLEIC_ACID
c2.cp.wikipathways,WP_METAPATHWAY_BIOTRANSFORMATION_PHASE_I_AND_II,prerank,-0.20630143209564708,-0.8030035493899723,0.926,0.9535842593803749,1.0,25_142,25/142,17.83%,HS6ST3;CYP17A1;GSTCD;NDST4;GSTZ1;CYP2R1;KCNAB1;CYP2A6;GSS;CYP24A1;GSTO2;GSTA4;HS6ST2;CYP7B1;CYP3A7;NAT10;CYP2A7;CYP51A1;NAA40;NAT8;BAAT;HS3ST5;NDST3;GSR;NDST1,AKR1C2;CYP39A1;EPHX1;CYP2S1;CHST11;GSTM2;FMO3;AKR1C1;CYP21A2;GSTM4;HS6ST1;CYP4B1;UGT2B17;GSTP1;AKR1B1;CHST14;CYP3A4;MGST2;HS3ST3B1;CHST3;AKR1C3;CYP1B1;CHST4;CHST1;NAT9;CHST2;GSTT2B;CYP2W1;SULT1A2;NAT14;CYP27B1;GSTO1;GAL3ST4;COMT;GPX4;SULT1B1;CYP3A5;MGST1;CHST8;CHST12;CYP4F12;SULT1C2;AKR7A2;CYP1A1;SULT2B1;HS3ST4;GPX2;CYP27A1;CYP27C1;GSTT2;FMO2;CYP4F2;GAL3ST3;CYP46A1;CYP2J2;CYP8B1;FMO5;HS3ST3A1;FMO1;NNMT;CYP2D6;NAA30;CHST7;CHST10;GSTK1;CHST5;GPX3;CYP7A1;HNMT;CYP4Z1;HS2ST1;CYP2C19;MGST3;GSTM1;GAL3ST2;GSTM3;SULT1C4;HS3ST2;NAT8L;CYP26A1;KCNAB2;SULT1A1;CYP26C1;CHST13;SULT4A1;CYP20A1;CYP3A43;INMT;NAT2;AKR7A3;TPMT;GSTA1;CYP4V2;CYP11A1;NDST2;CYP4F11;CYP4X1;CYP2U1;AKR1A1;HS3ST1;GAL3ST1;CYP26B1;EPHX2;CHST9;NAA20;GLYATL2;CYP2C18;GSTM5;NAA50;GLYATL1;KCNAB3;CHST6;CYP4F3;FMO4;CYP2C8;CYP19A1;CYP2E1;NDST1;GSR;NDST3;HS3ST5;BAAT;NAT8;NAA40;CYP51A1;CYP2A7;NAT10;CYP3A7;CYP7B1;HS6ST2;GSTA4;GSTO2;CYP24A1;GSS;CYP2A6;KCNAB1;CYP2R1;GSTZ1;NDST4;GSTCD;CYP17A1;HS6ST3,"[111, 637, 819, 862, 1014, 1035, 1042, 1043, 1077, 1139, 1149, 1352, 1569, 1811, 1995, 2062, 2099, 2145, 2169, 2417, 2427, 2464, 2661, 2669, 2932, 3162, 3200, 3534, 3585, 3636, 3820, 4263, 4269, 4271, 4303, 4409, 4567, 4710, 4752, 4824, 4880, 4986, 5253, 5385, 5450, 5459, 5584, 5688, 6266, 6342, 6406, 6414, 6423, 6441, 6548, 6647, 6672, 6801, 6938, 6981, 7348, 7412, 7601, 7608, 7929, 7938, 7945, 8012, 8092, 8109, 8152, 8163, 8191, 8329, 8391, 8401, 8571, 8733, 8743, 8895, 8954, 9159, 9163, 9373, 9376, 9676, 9767, 9927, 10067, 10312, 10477, 10539, 10552, 10566, 10608, 10701, 10915, 10937, 11077, 11344, 11554, 11581, 11584, 11652, 11749, 12282, 12404, 12486, 12544, 12591, 12708, 12836, 13350, 13419, 13463, 13478, 14038, 14395, 14462, 14467, 14584, 14724, 14827, 15089, 15131, 15304, 15430, 15570, 15679, 15719, 15806, 15977, 15989, 16076, 16405, 16650, 16713, 16791, 16824, 17075, 17326, 17388]",c2.cp.wikipathways__WP_METAPATHWAY_BIOTRANSFORMATION_PHASE_I_AND_II
c2.cp.wikipathways,WP_KALLMANN_SYNDROME,prerank,0.23702567368846883,0.6573899362098725,0.9365750528541226,0.9600155764653978,1.0,4_21,4/21,13.61%,GNRH1;MAP2K2;ASCL1;LHB,GNRH1;MAP2K2;ASCL1;LHB;AKT1;FGFR1;FGF8;PROK2;PLXND1;SOX10;PIK3CA;OLIG2;MYRF;GRB2;MAPK1;TMEM98;CHD7;PROKR2;FRS2;SEMA3E;PTPN11,"[653, 2104, 2116, 2383, 3267, 4624, 5132, 5193, 5795, 6399, 7105, 10992, 11104, 11405, 12772, 12834, 13218, 13445, 13783, 15257, 16007]",c2.cp.wikipathways__WP_KALLMANN_SYNDROME
c2.cp.wikipathways,WP_GLYCOGEN_SYNTHESIS_AND_DEGRADATION,prerank,0.2099827663292426,0.6427969991365889,0.9723404255319149,0.9664228449395679,1.0,5_38,5/38,10.95%,HK3;PPP2R1B;GYS2;HK2;PYGM,HK3;PPP2R1B;GYS2;HK2;PYGM;PHKG2;PGM1;PYGL;GYG2;GSK3A;PPP2R5A;PHKG1;PPP2CB;PHKA2;PYGB;PPP2R1A;PHKA1;GYS1;PPP2R5D;GYG1;GBE1;HK1;UGP2;PPP2R5B;PPP2R2A;PPP2R5C;CALM3;CALM2;PPP2CA;PPP2R5E;PPP2R3A;PPP2R2C;CALM1;GSK3B;AGL;HKDC1;PPP2R2B;PHKB,"[200, 1140, 1216, 1337, 1918, 2542, 3151, 3749, 3970, 4452, 4755, 5493, 5975, 6120, 6390, 6695, 6731, 7509, 7617, 7652, 8557, 9289, 9502, 11118, 11670, 12168, 12212, 12311, 12732, 12931, 13962, 14523, 14779, 15613, 15777, 16097, 16160, 17303]",c2.cp.wikipathways__WP_GLYCOGEN_SYNTHESIS_AND_DEGRADATION
c2.cp.wikipathways,WP_RIOK1_AND_RIOK2_IN_EGFR_AND_PI3KMEDIATED_TUMORIGENESIS,prerank,0.24507092543840864,0.6313715833813965,0.9322033898305084,0.9702313613729219,1.0,6_15,6/15,29.58%,EGFR;MAPKAP1;AKT1;AKT2;RPL11;MLST8,EGFR;MAPKAP1;AKT1;AKT2;RPL11;MLST8;PIK3CA;RIOK2;FOXO3;TP53;PTEN;RIOK1;RICTOR;MTOR;AKT3,"[2347, 2995, 3267, 3956, 4526, 5180, 7105, 7119, 8003, 8693, 10528, 11367, 12747, 13065, 14998]",c2.cp.wikipathways__WP_RIOK1_AND_RIOK2_IN_EGFR_AND_PI3KMEDIATED_TUMORIGENESIS
c2.cp.wikipathways,WP_BASE_EXCISION_REPAIR,prerank,-0.24110052257191691,-0.7185120366560244,0.9027237354085603,0.9727406019377862,1.0,4_31,4/31,6.91%,MBD4;PARP2;POLE2;TDG,POLD1;UNG;POLE4;APEX2;NTHL1;MPG;POLD2;MUTYH;NEIL2;OGG1;PNKP;POLE;PCNA;POLD4;LIG1;XRCC1;PARP1;POLB;SMUG1;APEX1;NEIL3;POLE3;LIG3;POLD3;POLL;HMGB1;FEN1;TDG;POLE2;PARP2;MBD4,"[863, 940, 1269, 1815, 3287, 3639, 4374, 4649, 4878, 5263, 5442, 5832, 6282, 6886, 6992, 8006, 9697, 11066, 11086, 12075, 12205, 12411, 12722, 13221, 13904, 14226, 14856, 16308, 16418, 16516, 16724]",c2.cp.wikipathways__WP_BASE_EXCISION_REPAIR
c2.cp.wikipathways,WP_WNT_SIGNALING_IN_ADULT_HIPPOCAMPAL_NEUROGENESIS,prerank,-0.32216653414811924,-0.7114922569383103,0.871031746031746,0.9741968413273328,1.0,4_10,4/10,21.95%,NEUROD1;PROX1;LRP6;CCND1,FZD1;WNT3;WNT7A;WNT5A;NEUROG2;FZD3;CCND1;LRP6;PROX1;NEUROD1,"[1987, 3325, 3834, 8910, 9112, 12043, 13673, 13826, 14536, 14937]",c2.cp.wikipathways__WP_WNT_SIGNALING_IN_ADULT_HIPPOCAMPAL_NEUROGENESIS
c2.cp.wikipathways,WP_AIRWAY_SMOOTH_MUSCLE_CELL_CONTRACTION,prerank,-0.29013992696825813,-0.7207562181102048,0.8508604206500956,0.9756345737685223,1.0,5_15,5/15,19.29%,CD38;PLCB1;CALM1;MYLK;PPP1R14A,ITPR3;ADRB2;RYR1;ROCK1;GDI1;RHOA;IL13;GNAQ;ROCK2;PPP1CB;PPP1R14A;MYLK;CALM1;PLCB1;CD38,"[175, 1595, 3704, 6585, 6781, 7817, 8159, 10758, 12203, 12507, 14139, 14708, 14779, 14865, 17102]",c2.cp.wikipathways__WP_AIRWAY_SMOOTH_MUSCLE_CELL_CONTRACTION
c2.cp.wikipathways,WP_TYROSINE_KINASE_INHIBITORS_IN_GLIOBLASTOMA,prerank,-0.27350588137129406,-0.779169104069347,0.7954545454545454,0.9762662416263959,1.0,8_26,8/26,27.62%,NRAS;PDK1;AKT3;TGFA;TSC1;KRAS;MTOR;SOS2,TYK2;RAF1;STAT3;AKT1;AKT2;HRAS;EGF;JAK3;SOS1;RPTOR;TSC2;RHEB;JAK2;JAK1;EREG;BTC;PTEN;GRB2;SOS2;MTOR;KRAS;TSC1;TGFA;AKT3;PDK1;NRAS,"[1122, 3033, 3143, 3267, 3956, 3976, 4444, 5207, 5826, 7231, 7998, 8835, 8889, 9271, 9491, 10247, 10528, 11405, 12680, 13065, 13814, 14195, 14919, 14998, 16370, 16714]",c2.cp.wikipathways__WP_TYROSINE_KINASE_INHIBITORS_IN_GLIOBLASTOMA
c2.cp.wikipathways,WP_PERTURBATIONS_TO_HOSTCELL_AUTOPHAGY_INDUCED_BY_SARSCOV2_PROTEINS,prerank,-0.21430233353079808,-0.6830612102983605,0.958904109589041,0.9779731805986118,1.0,16_43,16/43,34.46%,ATG2B;NBR1;ATG16L1;RAB7A;ATG3;TAX1BP1;DEPTOR;MTOR;VPS41;TMEM59;ATG7;VPS39;EIF4B;MAP1LC3B;PPP1R9A;PRKAA2,AKT1S1;VAMP8;ULK1;SQSTM1;CALCOCO2;AKT1;RPS6;MLST8;LAMTOR1;ATG4A;ATG9A;VPS16;OPTN;PKM;RPTOR;VPS18;RPS6KB1;RHEB;RB1CC1;LAMP2;ATG12;APOB;GABARAPL2;ATG5;LARP1;VPS33A;ATG13;PRKAA2;PPP1R9A;MAP1LC3B;EIF4B;VPS39;ATG7;TMEM59;VPS41;MTOR;DEPTOR;TAX1BP1;ATG3;RAB7A;ATG16L1;NBR1;ATG2B,"[1340, 1711, 2735, 2762, 3137, 3267, 3757, 5180, 5458, 5537, 5732, 5934, 6786, 7001, 7231, 8022, 8326, 8835, 8973, 9133, 9390, 9399, 9518, 9626, 10304, 10423, 10774, 11483, 11542, 11789, 11807, 11852, 11948, 12410, 12579, 13065, 13996, 14274, 14620, 15081, 15099, 15785, 16230]",c2.cp.wikipathways__WP_PERTURBATIONS_TO_HOSTCELL_AUTOPHAGY_INDUCED_BY_SARSCOV2_PROTEINS
c2.cp.wikipathways,WP_ELECTRON_TRANSPORT_CHAIN_OXPHOS_SYSTEM_IN_MITOCHONDRIA,prerank,-0.19946089924023583,-0.7227347624518016,0.9787234042553191,0.9787879650533466,1.0,12_86,12/86,20.98%,COX15;NDUFS1;COX11;SLC25A27;UQCRC2;NDUFA5;SDHC;NDUFA9;SCO1;SDHA;SLC25A5;NDUFA10,MT-ND6;NDUFA13;NDUFS8;UCP3;COX6A2;COX7C;MT-ND5;NDUFA11;NDUFV2;COX17;MT-ND3;NDUFB7;NDUFB4;UQCR10;NDUFA3;NDUFA8;NDUFS2;NDUFB10;UQCRH;NDUFA12;NDUFA1;UQCRQ;COX5B;NDUFB8;COX4I1;SURF1;UQCR11;NDUFS6;COX6A1;UQCRC1;MT-ND4;NDUFS7;NDUFS5;MT-ATP6;NDUFB9;COX6B1;COX5A;MT-ND2;COX6C;COX7A2;MT-ND1;MT-ND4L;NDUFA2;COX7A1;NDUFS3;NDUFB6;NDUFA4;MT-CO1;UQCRB;NDUFV1;NDUFC1;MT-CO2;NDUFV3;NDUFA6;UQCRFS1;NDUFAB1;COX8A;MT-CYB;MT-ATP8;COX7A2L;NDUFB1;NDUFB2;SLC25A4;NDUFB3;UCP2;NDUFC2;NDUFS4;COX7B;NDUFA7;MT-CO3;NDUFB5;SDHD;SLC25A14;SDHB;NDUFA10;SLC25A5;SDHA;SCO1;NDUFA9;SDHC;NDUFA5;UQCRC2;SLC25A27;COX11;NDUFS1;COX15,"[404, 1357, 1492, 1806, 2434, 2712, 2742, 2799, 2803, 2992, 3214, 3611, 3631, 3793, 3997, 4102, 4184, 4266, 4384, 4418, 4429, 4509, 4769, 4805, 4836, 4851, 4882, 5133, 5419, 5608, 5657, 5669, 6012, 6038, 6057, 6303, 6389, 6426, 6499, 6515, 6685, 6741, 6766, 6873, 7168, 7276, 7420, 7471, 7480, 7591, 7758, 7791, 7964, 7971, 7978, 8115, 8139, 8295, 8481, 9100, 9143, 9325, 9747, 10262, 10606, 10727, 11106, 11850, 12000, 12088, 12563, 12596, 12761, 13413, 13843, 13855, 13860, 14408, 15019, 15164, 15506, 15798, 16561, 17219, 17390, 17405]",c2.cp.wikipathways__WP_ELECTRON_TRANSPORT_CHAIN_OXPHOS_SYSTEM_IN_MITOCHONDRIA
c2.cp.wikipathways,WP_8Q1123_RB1CC1_COPY_NUMBER_VARIATION,prerank,0.23839102106423532,0.599729096206539,0.9524752475247524,0.9807389391592654,1.0,1_15,1/15,2.83%,TRAF2,TRAF2;ULK1;TNF;MAP3K5;WDR45B;GABARAP;PTK2B;TP53;RB1CC1;GABARAPL2;RB1;ATG13;GABARAPL1;ATG16L1;PTK2,"[494, 2735, 3515, 4419, 4792, 5318, 6883, 8693, 8973, 9518, 9620, 10774, 12855, 15099, 16229]",c2.cp.wikipathways__WP_8Q1123_RB1CC1_COPY_NUMBER_VARIATION
c2.cp.wikipathways,WP_DRAVET_SYNDROME,prerank,-0.23235377851385683,-0.684918640285626,0.9210526315789473,0.9816396710395069,1.0,9_29,9/29,27.42%,SCN8A;SCN2B;CALM1;SCN2A;FGF13;PRR5L;MTOR;RICTOR;HCN1,PRR5;SNTA1;MAPK11;NFKB1;MAPKAP1;AKT1;TNF;MLST8;SCN3A;PIK3CA;SCN1B;CAMK2A;KCNA2;SCN4B;PCDH19;SCN1A;STXBP1;PRKCA;CHD2;SCN3B;HCN1;RICTOR;MTOR;PRR5L;FGF13;SCN2A;CALM1;SCN2B;SCN8A,"[1195, 2273, 2344, 2835, 2995, 3267, 3515, 5180, 6918, 7105, 7178, 8596, 9477, 9786, 9841, 10708, 10837, 10873, 11699, 12115, 12716, 12747, 13065, 13956, 14173, 14513, 14779, 14794, 17340]",c2.cp.wikipathways__WP_DRAVET_SYNDROME
c2.cp.wikipathways,WP_GLYCOSYLATION_AND_RELATED_CONGENITAL_DEFECTS,prerank,-0.2641693812956232,-0.7392869967899657,0.8650190114068441,0.9819476343853175,1.0,10_25,10/25,27.23%,DOLK;SRD5A3;ALG11;ALG14;PMM2;ALG1;MPI;ALG13;GMPPB;MAGT1,DPAGT1;ALG2;B4GALT1;DPM3;MPDU1;ALG3;MOGS;DPM2;ALG12;MGAT2;ALG8;ALG6;DPM1;ALG9;TUSC3;MAGT1;GMPPB;ALG13;MPI;ALG1;PMM2;ALG14;ALG11;SRD5A3;DOLK,"[195, 1242, 2609, 4506, 4695, 4951, 5571, 6313, 8938, 9138, 9623, 9850, 11388, 11628, 11867, 12748, 12925, 13216, 13410, 14146, 14336, 14699, 15938, 16324, 16722]",c2.cp.wikipathways__WP_GLYCOSYLATION_AND_RELATED_CONGENITAL_DEFECTS
c2.cp.wikipathways,WP_1Q211_COPY_NUMBER_VARIATION_SYNDROME,prerank,-0.27225152692813803,-0.7436079546838599,0.8718929254302104,0.9819494601344082,1.0,10_23,10/23,27.80%,PRKAA1;PRKAG1;CTNNB1;CHD1L;GJA5;PRKAB2;PRKAB1;NBPF12;TJP1;GJA3,TJP3;PYGO2;GJA1;F11R;ACP6;OCLN;PRKAG3;TJP2;FMO5;PRKAG2;PYGO1;BCL9;PRKAA2;GJA3;TJP1;NBPF12;PRKAB1;PRKAB2;GJA5;CHD1L;CTNNB1;PRKAG1;PRKAA1,"[354, 527, 1579, 2397, 3141, 3491, 5219, 6354, 6672, 8791, 8844, 8949, 11483, 12649, 12926, 12989, 13247, 13709, 14171, 15554, 16018, 16705, 17412]",c2.cp.wikipathways__WP_1Q211_COPY_NUMBER_VARIATION_SYNDROME
c2.cp.wikipathways,WP_HALLMARK_OF_CANCER_NONMUTATIONAL_EPIGENETIC_REPROGRAMMING,prerank,-0.29214839281738886,-0.7512375283992716,0.8226415094339623,0.9826987895386373,1.0,4_16,4/16,21.84%,ANKRD13C;FTO;TET2;NOL9,IFITM3;CREBBP;HDAC1;IRS1;DNMT1;EP300;PIP4K2A;HDAC2;EZH2;CADM1;YTHDF3;DNMT3A;NOL9;TET2;FTO;ANKRD13C,"[1873, 1980, 2268, 5115, 6654, 7268, 8806, 9498, 9837, 10496, 11323, 12561, 13693, 14350, 16182, 17001]",c2.cp.wikipathways__WP_HALLMARK_OF_CANCER_NONMUTATIONAL_EPIGENETIC_REPROGRAMMING
c2.cp.wikipathways,WP_METABOLISM_OF_SPHINGOLIPIDS_IN_ER_AND_GOLGI_APPARATUS,prerank,0.2128294870710117,0.5868241608657422,0.9741379310344828,0.9829824787548599,1.0,8_21,8/21,29.85%,B4GALT1;SGPL1;SPHK1;GALNT16;ST6GALNAC3;SPHK2;CERK;B4GALT2,B4GALT1;SGPL1;SPHK1;GALNT16;ST6GALNAC3;SPHK2;CERK;B4GALT2;B4GALNT1;UGCG;SGMS2;CERS3;SGMS1;GALNT1;KDSR;B3GALT2;UGT8;B3GALNT1;SGPP2;SGPP1;B3GALT1,"[2609, 3417, 3596, 4076, 4322, 4366, 4783, 5228, 6435, 7585, 7688, 8198, 8319, 8792, 9447, 9706, 11563, 12134, 12737, 14288, 14860]",c2.cp.wikipathways__WP_METABOLISM_OF_SPHINGOLIPIDS_IN_ER_AND_GOLGI_APPARATUS
c2.cp.wikipathways,WP_G1_TO_S_CELL_CYCLE_CONTROL,prerank,-0.22247718236184616,-0.7630483382167202,0.8922800718132855,0.9835317030194983,1.0,15_63,15/63,21.95%,ORC3;CCNH;POLE2;MCM4;MDM2;CCNE2;RPA3;ORC6;PRIM1;ORC2;E2F3;MCM2;ORC5;MNAT1;CCND1,CCND3;CDKN2C;MYC;CDK2;CDC45;CDKN1A;E2F2;ORC1;MCM7;CREB3;CDKN2A;CDKN2B;CREB3L3;WEE1;CCNE1;ATF6B;CDC25A;TFDP1;POLE;CDKN2D;PCNA;RPA1;GADD45A;MCM3;CDKN1B;E2F1;CDK4;CCNB1;CDK1;CDKN1C;MCM5;TP53;ORC4;RB1;POLA2;RPA2;CREB1;CDK7;TFDP2;CCNA1;CREB3L4;CDK6;ATM;CCNG2;MCM6;MYT1;CREB3L1;CCND2;CCND1;MNAT1;ORC5;MCM2;E2F3;ORC2;PRIM1;ORC6;RPA3;CCNE2;MDM2;MCM4;POLE2;CCNH;ORC3,"[223, 960, 1232, 1573, 1692, 1714, 1883, 2860, 2994, 3259, 3605, 3838, 4064, 4251, 4289, 4537, 5226, 5705, 5832, 6003, 6282, 6545, 6740, 7142, 7452, 7793, 7822, 8226, 8376, 8377, 8417, 8693, 9548, 9620, 9889, 10282, 10478, 10485, 10817, 10863, 10914, 11099, 11270, 11833, 12498, 12740, 12752, 12887, 13673, 13965, 13987, 14346, 14549, 14629, 14730, 14949, 14991, 15109, 15285, 16190, 16418, 17029, 17103]",c2.cp.wikipathways__WP_G1_TO_S_CELL_CYCLE_CONTROL
c2.cp.wikipathways,WP_RESOLVIN_E1_AND_RESOLVIN_D1_SIGNALING_DECREASE_INFLAMMATION,prerank,-0.31715935968176495,-0.7588417073518807,0.8035019455252919,0.9838452381561342,1.0,5_12,5/12,25.43%,PDK1;GRK1;EPHB2;PIK3CB;MTOR,PIK3CD;AKT1;FPR2;CMKLR1;PIK3CG;PIK3CA;LTB4R;MTOR;PIK3CB;EPHB2;GRK1;PDK1,"[790, 3267, 4171, 6226, 6453, 7105, 8660, 13065, 13676, 14005, 14182, 16370]",c2.cp.wikipathways__WP_RESOLVIN_E1_AND_RESOLVIN_D1_SIGNALING_DECREASE_INFLAMMATION
c2.cp.wikipathways,WP_TCA_CYCLE_AND_DEFICIENCY_OF_PYRUVATE_DEHYDROGENASE_COMPLEX_PDHC,prerank,-0.28237095995588535,-0.7229673092767586,0.8314814814814815,0.9839296860768344,1.0,7_16,7/16,28.30%,DLAT;ACLY;DLD;IDH3A;SDHA;MDH1;FH,PCK1;PC;IDH1;SUCLG2;DLST;PDHA1;OGDH;CS;ACO1;FH;MDH1;SDHA;IDH3A;DLD;ACLY;DLAT,"[572, 1947, 2666, 5939, 6301, 6459, 6725, 9436, 9764, 12562, 12589, 13860, 14975, 15272, 15559, 15682]",c2.cp.wikipathways__WP_TCA_CYCLE_AND_DEFICIENCY_OF_PYRUVATE_DEHYDROGENASE_COMPLEX_PDHC
c2.cp.wikipathways,WP_INHIBITION_OF_EXOSOME_BIOGENESIS_AND_SECRETION_BY_MANUMYCIN_A_IN_CRPC_CELLS,prerank,-0.2921722317769417,-0.7666461147010656,0.8076152304609219,0.9839419172319905,1.0,4_18,4/18,10.94%,BRAF;NRAS;PDCD6IP;RAB5A,MRAS;MAPK3;HGS;RAF1;RAB27A;RRAS;ARAF;HRAS;RRAS2;HNRNPH1;RAB5C;MAPK1;KRAS;RAB5B;RAB5A;PDCD6IP;NRAS;BRAF,"[185, 1114, 2925, 3033, 3307, 3458, 3967, 3976, 4949, 5823, 11683, 12772, 13814, 14289, 15603, 16669, 16714, 17259]",c2.cp.wikipathways__WP_INHIBITION_OF_EXOSOME_BIOGENESIS_AND_SECRETION_BY_MANUMYCIN_A_IN_CRPC_CELLS
c2.cp.wikipathways,WP_CANNABINOID_RECEPTOR_SIGNALING,prerank,-0.25101066231332303,-0.7326547855110309,0.8719851576994434,0.9842915063327782,1.0,9_27,9/27,27.10%,PRKAR1A;PRKACB;MAPK8;NAPEPLD;MAPK9;FAAH;ADCY1;CNR1;MAPK1,ADORA2A;MAPK3;CYP3A4;MAPK11;DAGLB;MAPK12;PRKAR1B;CYP1A1;CNR2;PRKAR2B;ADCY7;MAPK14;CYP2C19;MAPK13;AHR;PRKACA;DAGLA;MAPK10;MAPK1;CNR1;ADCY1;FAAH;MAPK9;NAPEPLD;MAPK8;PRKACB;PRKAR1A,"[691, 1114, 2099, 2344, 2481, 2998, 4473, 5385, 6160, 6764, 7067, 7304, 8163, 8706, 9293, 9427, 9796, 10309, 12772, 12824, 13767, 13888, 14702, 15188, 16304, 16466, 16685]",c2.cp.wikipathways__WP_CANNABINOID_RECEPTOR_SIGNALING
c2.cp.wikipathways,WP_SREBF_AND_MIR33_IN_CHOLESTEROL_AND_LIPID_HOMEOSTASIS,prerank,-0.26450223216771196,-0.6641469160125021,0.924908424908425,0.9859208513859832,1.0,2_16,2/16,4.70%,PRKAA1;HMGCS1,NR1H3;SIRT6;PPARA;ABCA1;MED15;SIRT1;LDLR;SREBF1;FASN;SREBF2;PPARGC1A;MTOR;HMGCR;SCD;HMGCS1;PRKAA1,"[444, 836, 1634, 2620, 3312, 3998, 4749, 9432, 9820, 11150, 11622, 13065, 13646, 15398, 16695, 17412]",c2.cp.wikipathways__WP_SREBF_AND_MIR33_IN_CHOLESTEROL_AND_LIPID_HOMEOSTASIS
c2.cp.wikipathways,WP_MITOCHONDRIAL_COMPLEX_I_ASSEMBLY_MODEL_OXPHOS_SYSTEM,prerank,-0.20694872810835307,-0.6854713854232922,0.9613259668508287,0.9863598953745404,1.0,2_54,2/54,0.98%,NDUFS1;COA1,MT-ND6;ECSIT;NDUFA13;NDUFB11;MT-ND5;NDUFV2;NDUFAF2;NDUFB7;NDUFB4;NDUFA3;NDUFA8;NDUFS2;NDUFB10;NDUFA12;NDUFA1;NDUFB8;NDUFS6;TMEM186;MT-ND4;NDUFS5;NDUFB9;MT-ND2;TMEM70;TIMMDC1;FOXRED1;MT-ND1;MT-ND4L;NDUFA2;NDUFS3;NDUFB6;NDUFV1;NDUFC1;NDUFV3;NDUFA6;NDUFAB1;NDUFAF1;TMEM126B;NDUFB1;NDUFB2;NDUFAF4;NDUFB3;NDUFC2;NDUFAF7;NDUFS4;NDUFAF3;NDUFA7;NDUFB5;ACAD9;NDUFAF6;NDUFA10;NUBPL;NDUFA5;COA1;NDUFS1,"[404, 954, 1357, 2228, 2742, 2803, 3509, 3611, 3631, 3997, 4102, 4184, 4266, 4418, 4429, 4805, 5133, 5323, 5657, 6012, 6057, 6426, 6450, 6526, 6602, 6685, 6741, 6766, 7168, 7276, 7591, 7758, 7964, 7971, 8115, 8747, 8794, 9143, 9325, 9466, 10262, 10727, 10761, 11106, 11601, 12000, 12563, 12787, 13266, 13843, 15358, 15506, 17347, 17390]",c2.cp.wikipathways__WP_MITOCHONDRIAL_COMPLEX_I_ASSEMBLY_MODEL_OXPHOS_SYSTEM
c2.cp.wikipathways,WP_IRON_METABOLISM_IN_PLACENTA,prerank,-0.3155691980790791,-0.7439811212162901,0.8134328358208955,0.9870091040933274,1.0,2_12,2/12,13.68%,SLC11A2;IREB2,HAMP;MCOLN1;STEAP3;HEPHL1;TFR2;FTH1;ACO1;TFRC;SLC40A1;TF;IREB2;SLC11A2,"[2500, 2922, 5142, 5182, 6636, 7737, 9764, 10105, 11015, 11964, 15123, 16501]",c2.cp.wikipathways__WP_IRON_METABOLISM_IN_PLACENTA
c2.cp.wikipathways,WP_SILDENAFIL_TREATMENT,prerank,-0.2929060600523694,-0.7684058645273557,0.7810760667903525,0.9872119372858055,1.0,5_19,5/19,14.39%,NOS1;GSK3B;PDE5A;PDE4B;AKT3,NOS3;ZNF746;AKT1;AKT2;GAPDH;PDE4A;PDE4C;PRKG1;NRF1;PDE4D;GUCY1A2;NOS2;PPARGC1A;TFAM;AKT3;PDE4B;PDE5A;GSK3B;NOS1,"[335, 1403, 3267, 3956, 4761, 5284, 6761, 7044, 7477, 8278, 11029, 11576, 11622, 12226, 14998, 15138, 15268, 15613, 15846]",c2.cp.wikipathways__WP_SILDENAFIL_TREATMENT
c2.cp.wikipathways,WP_CALCIUM_REGULATION_IN_CARDIAC_CELLS,prerank,-0.19487630851398602,-0.7518618087223292,0.9763313609467456,0.9873638814316996,1.0,39_149,39/149,22.17%,CAMK4;YWHAQ;PKIB;PRKAR1A;PRKCQ;PRKACB;ATP2A3;KCNB1;RYR2;RGS5;GNAI1;CHRM2;SLC8A1;ITPR1;CASQ2;ATP2A2;GJB1;GNG4;CALM1;YWHAZ;PRKCB;RGS4;PLN;CACNA1S;GNB4;GJD2;ATP2B2;ATP1B1;CACNA1D;ARRB1;GJA5;RGS6;SLC8A3;CHRM4;CAMK2D;YWHAB;ADCY1;STIM2;PRKCE,FXYD2;ITPR3;GJA4;PLCB3;GJC1;GJB2;GNB2;RGS19;ARRB2;ATP1B3;ORAI1;GJA1;ADRB2;ATP1A4;GNB3;ADCY9;ADCY4;GNG11;PRKD1;CASQ1;RGS2;ADCY2;GNAI3;GNG12;CALR;RYR1;GNAI2;RGS3;GJB6;GNG8;GNG5;PRKAR1B;CAMK2B;RGS16;GNAS;ADCY8;ADRB1;KCNJ5;RGS1;GNAZ;RGS18;PKIG;GNA11;RGS10;ATP1B2;PRKCH;GRK6;RGS11;CACNB3;PRKAR2B;CAMK2G;GNAO1;CAMK1;GRK5;ADCY6;ADCY7;FKBP1A;RGS20;CACNA1C;CHRM5;GJB3;YWHAH;GNG13;RGS14;GJB4;CAMK2A;ADCY3;ANXA6;PRKACA;ADRA1A;ADRA1B;PRKCD;PRKCG;CACNB1;GJC2;CHRM1;RYR3;SFN;GNG3;GNG7;CACNA1B;ATP2B3;ADRB3;GNB5;GJA9;GNG2;GNAQ;PRKCA;GRK4;ADCY5;PRKAR2A;YWHAG;ITPR2;CACNA1A;PKIA;KCNJ3;CHRM3;GNB1;RGS17;CALM3;GJB5;CALM2;CACNA1E;RGS9;ATP2B1;GJA3;YWHAE;PRKCZ;RGS7;ADRA1D;PRKCE;STIM2;ADCY1;YWHAB;CAMK2D;CHRM4;SLC8A3;RGS6;GJA5;ARRB1;CACNA1D;ATP1B1;ATP2B2;GJD2;GNB4;CACNA1S;PLN;RGS4;PRKCB;YWHAZ;CALM1;GNG4;GJB1;ATP2A2;CASQ2;ITPR1;SLC8A1;CHRM2;GNAI1;RGS5;RYR2;KCNB1;ATP2A3;PRKACB;PRKCQ;PRKAR1A;PKIB;YWHAQ;CAMK4,"[5, 175, 430, 441, 567, 724, 746, 914, 1250, 1382, 1523, 1579, 1595, 1902, 2026, 2127, 2248, 2472, 2628, 2821, 2984, 3009, 3127, 3370, 3686, 3704, 3746, 3774, 3788, 4018, 4434, 4473, 4493, 4541, 4729, 4754, 4776, 4811, 4861, 4995, 5310, 5559, 5737, 6190, 6196, 6300, 6438, 6480, 6569, 6764, 6774, 6775, 6902, 6911, 6958, 7067, 7100, 7144, 7402, 7448, 7516, 7832, 8244, 8321, 8527, 8596, 9021, 9127, 9427, 9503, 9536, 9580, 9622, 9757, 9900, 9935, 9956, 9994, 10116, 10209, 10301, 10514, 10582, 10609, 10691, 10725, 10758, 10873, 10900, 10986, 11277, 11291, 11545, 11635, 11726, 11745, 11822, 12079, 12096, 12212, 12241, 12311, 12376, 12387, 12581, 12649, 12907, 13086, 13240, 13269, 13636, 13689, 13767, 13801, 13938, 14061, 14133, 14168, 14171, 14181, 14197, 14240, 14287, 14444, 14500, 14515, 14544, 14643, 14648, 14665, 14779, 15235, 15287, 15339, 15353, 15616, 15701, 15902, 15942, 15962, 16332, 16390, 16443, 16466, 16535, 16685, 16762, 16842, 16852]",c2.cp.wikipathways__WP_CALCIUM_REGULATION_IN_CARDIAC_CELLS
c2.cp.wikipathways,WP_TRANSLATION_FACTORS,prerank,-0.20950323268267212,-0.6898898813239353,0.953125,0.9881509606209985,1.0,9_50,9/50,18.10%,EIF4E;EIF4H;EIF4G3;EIF2AK1;EIF1AX;EIF2B3;EIF2S1;EIF2AK3;EIF3J,EIF4EBP1;EEF1D;EIF3G;EIF2B5;EEF1G;EIF3B;CLUH;EIF2B4;EIF2S2;EIF3I;EIF1;EIF2B2;EEF1A2;EIF5B;PABPC1;EIF4G1;EIF5A;EIF4EBP2;EIF4A1;EIF3E;EEF1A1;EIF6;EEF2K;EIF5;EEF2;GSPT2;PAIP1;EIF4EBP3;EIF4A2;ETF1;EIF2S3;EIF3D;EIF3H;EIF2AK2;EIF3F;EIF4B;EEF1B2;EIF1AY;EIF3A;EIF3C;EIF2B1;EIF3J;EIF2AK3;EIF2S1;EIF2B3;EIF1AX;EIF2AK1;EIF4G3;EIF4H;EIF4E,"[455, 1270, 1588, 1685, 1845, 2149, 3269, 3656, 4201, 4270, 4426, 4808, 5848, 5863, 6002, 6233, 6333, 6420, 7033, 7547, 7703, 8000, 8245, 8533, 9332, 9375, 9776, 9896, 10269, 10790, 10791, 11188, 11375, 11535, 11586, 11807, 12656, 12668, 12714, 13078, 13180, 14349, 14600, 14673, 14732, 15362, 15783, 16569, 16697, 16760]",c2.cp.wikipathways__WP_TRANSLATION_FACTORS
c2.cp.wikipathways,WP_LIPID_METABOLISM_IN_SENESCENT_CELLS,prerank,-0.2697068380807146,-0.7238674545129483,0.8790170132325141,0.988332512734921,1.0,3_19,3/19,12.35%,PLA2G12A;PLA2G4C;PLA2G2D,CDKN1A;PLA2G4E;PLA2G3;PLA2G10;PLA2G1B;HRAS;PLA2G12B;PLA2G4D;SLCO2A1;PLA2G5;TP53;PLA2G4A;ALOX5;PTGS2;PLA2G7;PLA2G6;PLA2G2D;PLA2G4C;PLA2G12A,"[1714, 2518, 2857, 3358, 3744, 3976, 4618, 7132, 7514, 8050, 8693, 9214, 9403, 11182, 11738, 12453, 15355, 15948, 16352]",c2.cp.wikipathways__WP_LIPID_METABOLISM_IN_SENESCENT_CELLS
c2.cp.wikipathways,WP_IRONSULFUR_CLUSTER_BIOGENESIS,prerank,0.2181786265141613,0.537122086722352,0.9736842105263158,0.9920667789979624,1.0,3_14,3/14,18.31%,NARF;HSCB;NUBP2,NARF;HSCB;NUBP2;NUBP1;FDX1;GLRX5;FDXR;LYRM4;NFS1;ABCB7;ISCU;HSPA9;NFU1;FXN,"[1625, 2978, 3206, 5177, 5315, 6212, 6876, 6963, 6979, 9393, 10088, 12206, 14874, 15579]",c2.cp.wikipathways__WP_IRONSULFUR_CLUSTER_BIOGENESIS
c2.cp.wikipathways,WP_ARSENIC_METABOLISM_AND_REACTIVE_OXYGEN_SPECIES_GENERATION,prerank,0.2088878734220598,0.5024001258678353,0.9878542510121457,0.9947537921114912,1.0,11_11,11/11,79.12%,SOD1;GSTO1;AS3MT;MT-ND1;UQCRFS1;COA3;SOD2;VDAC1;CAT;ATP1A1;SDHA,SOD1;GSTO1;AS3MT;MT-ND1;UQCRFS1;COA3;SOD2;VDAC1;CAT;ATP1A1;SDHA,"[3398, 4263, 5048, 6685, 7978, 9161, 9445, 9800, 9839, 11293, 13860]",c2.cp.wikipathways__WP_ARSENIC_METABOLISM_AND_REACTIVE_OXYGEN_SPECIES_GENERATION
c2.cp.wikipathways,WP_SPHINGOLIPID_PATHWAY,prerank,-0.1852211543467741,-0.5256912365297627,0.9891891891891892,0.9974267607983085,1.0,9_27,9/27,34.55%,SERINC1;SPTLC1;B4GALT6;ASAH1;SGPP2;PPP2CA;UGT8;GAL3ST1;SPTLC2,SPTLC3;CERS4;SGPL1;SPHK1;GBA2;SPHK2;CERK;ACER1;CERS5;PPP1CA;CERS6;UGCG;SGMS2;CERS2;CERS3;SGMS1;ASAH2;KDSR;SPTLC2;GAL3ST1;UGT8;PPP2CA;SGPP2;ASAH1;B4GALT6;SPTLC1;SERINC1,"[1039, 2945, 3417, 3596, 4280, 4366, 4783, 6366, 6946, 7117, 7243, 7585, 7688, 7853, 8198, 8319, 8879, 9447, 11467, 11554, 11563, 12732, 12737, 14148, 14436, 14836, 15583]",c2.cp.wikipathways__WP_SPHINGOLIPID_PATHWAY
c2.cp.wikipathways,WP_SULFATION_BIOTRANSFORMATION_REACTION,prerank,-0.20477523276403725,-0.4604702723507051,0.9941176470588236,0.9979411027504821,1.0,11_11,11/11,79.54%,GSR;PAPSS1;SULT4A1;SULT1A1;SULT1C4;G6PD;SULT2B1;SULT1C2;SULT1B1;PAPSS2;SULT1A2,SULT1A2;PAPSS2;SULT1B1;SULT1C2;SULT2B1;G6PD;SULT1C4;SULT1A1;SULT4A1;PAPSS1;GSR,"[3585, 4137, 4409, 4986, 5450, 6351, 8571, 9159, 9376, 13563, 14462]",c2.cp.wikipathways__WP_SULFATION_BIOTRANSFORMATION_REACTION
c2.cp.wikipathways,WP_FACTORS_AND_PATHWAYS_AFFECTING_INSULINLIKE_GROWTH_FACTOR_IGF1AKT_SIGNALING,prerank,-0.20694894254457674,-0.634166323257395,0.9575645756457565,0.997963193837374,1.0,5_36,5/36,11.68%,EIF4E;ACVR2B;PDK1;GSK3B;IGF1,TNFRSF1A;IGF1R;AKT1S1;IGFBP5;NFKB1;MAPKAP1;AKT1;MSTN;EIF2B2;TNFSF9;IRS1;MLST8;FBXO32;SMAD3;ILK;SMAD2;NEB;PIK3CG;TRIM63;RPTOR;MAP1LC3A;RPS6KB1;WASL;PTEN;ITGB1;PPARGC1A;RICTOR;MTOR;PRKAB1;PLD1;DEPTOR;IGF1;GSK3B;PDK1;ACVR2B;EIF4E,"[390, 486, 1340, 2746, 2835, 2995, 3267, 4756, 4808, 4887, 5115, 5180, 5331, 5844, 5935, 6205, 6283, 6453, 6742, 7231, 8138, 8326, 10524, 10528, 11311, 11622, 12747, 13065, 13247, 13456, 13996, 15473, 15613, 16370, 16673, 16760]",c2.cp.wikipathways__WP_FACTORS_AND_PATHWAYS_AFFECTING_INSULINLIKE_GROWTH_FACTOR_IGF1AKT_SIGNALING
c2.cp.wikipathways,WP_16P122_COPY_NUMBER_VARIATION_SYNDROME_520KB,prerank,-0.1821314661522827,-0.5979335511169765,0.9980988593155894,1.0,1.0,13_52,13/52,30.29%,PRKAA1;PRKAG1;UQCRC2;NDUFA9;CALM1;CDH18;PRKAB2;TRAP1;PRKAB1;MTOR;MAPK1;CALM2;CALM3,SDR42E2;MAPK3;NDUFS8;CDK2;MAP2K2;MAPK11;COX7C;MAPK12;UQCR10;UQCRH;UQCRQ;UQCR11;RPS6KA1;MLST8;PRKAG3;UQCRC1;CYC1;MAP2K1;TRPM7;COX5A;NDUFS3;RPTOR;MAPK14;NDUFA4;UQCRB;NDUFV1;CDR2;UQCRFS1;PDZD9;VWA3A;EEF2K;MT-CYB;RPS6KB1;CDK1;MAPK13;PRKAG2;EEF2;POLR3E;PRKAA2;CALM3;CALM2;MAPK1;MTOR;PRKAB1;TRAP1;PRKAB2;CDH18;CALM1;NDUFA9;UQCRC2;PRKAG1;PRKAA1,"[896, 1114, 1492, 1573, 2104, 2344, 2712, 2998, 3793, 4384, 4509, 4882, 5141, 5180, 5219, 5608, 5661, 5701, 6324, 6389, 7168, 7231, 7304, 7420, 7480, 7591, 7841, 7978, 8028, 8128, 8245, 8295, 8326, 8376, 8706, 8791, 9332, 11021, 11483, 12212, 12311, 12772, 13065, 13247, 13522, 13709, 14556, 14779, 15019, 15798, 16705, 17412]",c2.cp.wikipathways__WP_16P122_COPY_NUMBER_VARIATION_SYNDROME_520KB
c2.cp.wikipathways,WP_DOPAMINE_METABOLISM,prerank,-0.22614615339553826,-0.5342141815616931,0.9731800766283525,1.0,1.0,1_11,1/11,6.01%,PRKACB,NQO1;SOD1;COMT;MAOA;MAOB;TH;PPP2CB;PRKACA;PPP2CA;DDC;PRKACB,"[2676, 3398, 4271, 4513, 4914, 5573, 5975, 9427, 12732, 13144, 16466]",c2.cp.wikipathways__WP_DOPAMINE_METABOLISM
c2.cp.wikipathways,WP_PTF1A_RELATED_REGULATORY_PATHWAY,prerank,-0.23062895795932525,-0.5275459280712013,0.9716446124763705,1.0,1.0,5_10,5/10,35.42%,CTNNB1;PROX1;RBPJ;FGF10;RBPJL,NOTCH1;NKX6-1;HES1;PTF1A;KAT2B;RBPJL;FGF10;RBPJ;PROX1;CTNNB1,"[2437, 2679, 3383, 6726, 8626, 11314, 12099, 12114, 14536, 16018]",c2.cp.wikipathways__WP_PTF1A_RELATED_REGULATORY_PATHWAY
c2.cp.wikipathways,WP_JAKSTAT_SIGNALING_AND_ARTD_FAMILY_MEMBERS,prerank,-0.23569922556772166,-0.5750964827537998,0.9574861367837338,1.0,1.0,1_14,1/14,3.32%,STAT1,DTX3L;STAT6;STAT3;HDAC3;PARP9;CUL1;PARP14;RBX1;HDAC2;PARP1;SKP1;BTRC;PARP11;STAT1,"[1785, 2644, 3143, 3950, 4116, 7681, 8218, 8474, 9498, 9697, 12689, 12697, 13659, 16938]",c2.cp.wikipathways__WP_JAKSTAT_SIGNALING_AND_ARTD_FAMILY_MEMBERS
c2.cp.wikipathways,WP_NSP1_FROM_SARSCOV2_INHIBITS_TRANSLATION_INITIATION_IN_THE_HOST_CELL,prerank,-0.2144179775850658,-0.5376916193093516,0.9811320754716981,1.0,1.0,9_16,9/16,38.41%,EIF1AX;EIF2S1;EIF3J;EIF3C;EIF3A;EIF3F;EIF3H;EIF3D;EIF2S3,EIF3G;EIF3B;EIF2S2;EIF3I;EIF1;EIF3E;EIF5;EIF2S3;EIF3D;EIF3H;EIF3F;EIF3A;EIF3C;EIF3J;EIF2S1;EIF1AX,"[1588, 2149, 4201, 4270, 4426, 7547, 8533, 10791, 11188, 11375, 11586, 12714, 13078, 14349, 14673, 15362]",c2.cp.wikipathways__WP_NSP1_FROM_SARSCOV2_INHIBITS_TRANSLATION_INITIATION_IN_THE_HOST_CELL
