TermCollection,Term,name,es,nes,pval,fdr,fwerp,leadhits_total,tag %,gene %,lead_genes,matched_genes,hits,TermCollection_Term
c4.3ca,GAVISH_3CA_METAPROGRAM_MACROPHAGES_MES_GLYCOLYSIS,prerank,0.7040125251353159,2.304261004456777,0.0,0.0,0.0,29_48,29/48,18.02%,NUPR1;MT2A;EMP3;MT1G;P4HA1;MT1E;ADM;MT1X;S100A4;PLIN2;S100A8;S100A6;SLC2A3;CSTB;HK2;CD52;ADAM8;RGCC;SDC2;LGALS1;ENO1;S100A9;VIM;MIF;MARCO;S100A10;TIMP1;ANXA2;SLC2A1,NUPR1;MT2A;EMP3;MT1G;P4HA1;MT1E;ADM;MT1X;S100A4;PLIN2;S100A8;S100A6;SLC2A3;CSTB;HK2;CD52;ADAM8;RGCC;SDC2;LGALS1;ENO1;S100A9;VIM;MIF;MARCO;S100A10;TIMP1;ANXA2;SLC2A1;VCAN;GPNMB;APOC1;NDRG1;ANXA1;SPP1;LGALS3;LSP1;FBP1;C15orf48;RALA;UPP1;LDHA;FN1;BNIP3;CD9;FABP5;RNASE1;SCD,"[70, 129, 270, 302, 306, 327, 468, 544, 576, 632, 639, 722, 833, 1263, 1337, 1470, 1533, 1907, 2140, 2269, 2285, 2310, 2436, 2475, 2594, 2652, 2996, 3075, 3156, 3662, 3711, 4775, 6152, 6173, 6253, 6287, 6575, 7260, 7261, 8587, 9224, 9549, 10662, 12352, 13114, 13621, 14461, 15398]",c4.3ca__GAVISH_3CA_METAPROGRAM_MACROPHAGES_MES_GLYCOLYSIS
c4.3ca,GAVISH_3CA_MALIGNANT_METAPROGRAM_5_STRESS,prerank,0.7255383937677405,2.3620798290101153,0.0,0.0,0.0,21_49,21/49,10.61%,HSPA6;HSPA1A;HSPA1B;DNAJB1;DDIT4;MAFF;NFKBIA;SERTAD1;IRF1;SOCS3;DDIT3;HERPUD1;HSPH1;DNAJA1;IER2;ID3;MCL1;GADD45B;CDKN1A;RASD1;SAT1,HSPA6;HSPA1A;HSPA1B;DNAJB1;DDIT4;MAFF;NFKBIA;SERTAD1;IRF1;SOCS3;DDIT3;HERPUD1;HSPH1;DNAJA1;IER2;ID3;MCL1;GADD45B;CDKN1A;RASD1;SAT1;NFKBIZ;KLF4;JUN;PPP1R15A;FOS;KLF6;HES1;IER3;PMAIP1;ZFP36;TOB1;DUSP1;ID2;CXCL2;ATF3;ID1;JUNB;FOSB;RHOB;BTG2;TRIB1;NR4A1;PLK2;CITED2;CCNL1;KLF10;EGR1;EGR2,"[0, 2, 7, 9, 11, 26, 132, 304, 538, 619, 729, 817, 913, 1024, 1118, 1413, 1483, 1626, 1714, 1847, 1858, 2368, 2806, 2824, 2828, 2889, 3324, 3383, 3480, 3544, 3755, 4156, 4446, 4494, 5578, 5684, 6042, 6511, 7855, 8719, 8882, 10208, 10627, 10655, 12866, 13496, 14531, 15627, 16961]",c4.3ca__GAVISH_3CA_MALIGNANT_METAPROGRAM_5_STRESS
c4.3ca,GAVISH_3CA_MALIGNANT_METAPROGRAM_14_EMT_3,prerank,0.6859924886567614,2.2518390136810265,0.0,0.0,0.0,31_48,31/48,20.57%,HSPB1;EMP3;C19orf33;TNFRSF12A;EZR;S100A4;IL32;KRT18;FXYD3;S100A6;S100P;TM4SF1;RHOC;CRIP2;S100A11;ANXA3;CLIC1;TAGLN2;LGALS1;SH3BGRL3;VIM;CKB;S100A10;KRT19;ANXA2;RAB11FIP1;KLF6;EMP1;KRT8;MYL12A;IFI27,HSPB1;EMP3;C19orf33;TNFRSF12A;EZR;S100A4;IL32;KRT18;FXYD3;S100A6;S100P;TM4SF1;RHOC;CRIP2;S100A11;ANXA3;CLIC1;TAGLN2;LGALS1;SH3BGRL3;VIM;CKB;S100A10;KRT19;ANXA2;RAB11FIP1;KLF6;EMP1;KRT8;MYL12A;IFI27;CLDN4;LMNA;ISG15;ANXA1;LGALS3;FLNA;PLP2;S100A14;MDK;S100A16;TMSB4X;CRIP1;PHLDA2;STMN1;MYADM;KRT7;TUBA1A,"[3, 270, 377, 503, 507, 576, 585, 674, 690, 722, 786, 1244, 1447, 1816, 1895, 1938, 1955, 2137, 2269, 2356, 2436, 2545, 2652, 2855, 3075, 3179, 3324, 3435, 3573, 3586, 3603, 4357, 5411, 5552, 6173, 6287, 7192, 7242, 7332, 7550, 7750, 9219, 9221, 9928, 12454, 13373, 14141, 17082]",c4.3ca__GAVISH_3CA_MALIGNANT_METAPROGRAM_14_EMT_3
c4.3ca,GAVISH_3CA_METAPROGRAM_ENDOTHELIAL_STRESS,prerank,0.7530001826046738,2.4624364723197876,0.0,0.0,0.0,31_50,31/50,16.50%,HSPA1A;HSPA1B;DNAJB1;BAG3;MAFF;TNFRSF10D;NFKBIA;ARID5A;SERTAD1;IRF1;HEXIM1;SOCS3;SLC2A3;HSPH1;DNAJA1;IER2;MCL1;GADD45B;CDKN1A;CSRNP1;CCL2;ICAM1;FOSL2;KDM6B;NFKBIZ;ZC3HAV1;JUND;KLF4;JUN;PPP1R15A;FOS,HSPA1A;HSPA1B;DNAJB1;BAG3;MAFF;TNFRSF10D;NFKBIA;ARID5A;SERTAD1;IRF1;HEXIM1;SOCS3;SLC2A3;HSPH1;DNAJA1;IER2;MCL1;GADD45B;CDKN1A;CSRNP1;CCL2;ICAM1;FOSL2;KDM6B;NFKBIZ;ZC3HAV1;JUND;KLF4;JUN;PPP1R15A;FOS;HES1;IER3;ZFP36;APOLD1;C11orf96;RND1;BHLHE40;MIDN;ADAMTS1;CXCL2;ATF3;JUNB;BRD2;FOSB;BTG2;SOD2;NR4A1;CCNL1;EGR1,"[2, 7, 9, 24, 26, 48, 132, 192, 304, 538, 560, 619, 833, 913, 1024, 1118, 1483, 1626, 1714, 1782, 1826, 1872, 2063, 2172, 2368, 2369, 2470, 2806, 2824, 2828, 2889, 3383, 3480, 3755, 3868, 4295, 4614, 4717, 5099, 5129, 5578, 5684, 6511, 6720, 7855, 8882, 9445, 10627, 13496, 15627]",c4.3ca__GAVISH_3CA_METAPROGRAM_ENDOTHELIAL_STRESS
c4.3ca,GAVISH_3CA_METAPROGRAM_MACROPHAGES_MAC_1,prerank,0.6935612914225989,2.271609042917969,0.0,0.0,0.0,28_48,28/48,20.21%,MT2A;STXBP2;CFD;FGR;S100A4;S100A8;LILRA5;ABI3;SERPINA1;COTL1;IFITM2;RHOC;LRRC25;CD52;VAMP5;IFITM3;PLAC8;FCGR3A;S100A9;SPN;APOBEC3A;BCL2A1;RAC2;TIMP1;LILRB2;HCK;HES1;MS4A7,MT2A;STXBP2;CFD;FGR;S100A4;S100A8;LILRA5;ABI3;SERPINA1;COTL1;IFITM2;RHOC;LRRC25;CD52;VAMP5;IFITM3;PLAC8;FCGR3A;S100A9;SPN;APOBEC3A;BCL2A1;RAC2;TIMP1;LILRB2;HCK;HES1;MS4A7;LY6E;LST1;CLEC12A;CD48;TCF7L2;FCN1;CYTIP;MYO1G;POU2F2;MAFB;CFP;CD55;LILRA1;CORO1A;LTA4H;CDKN1C;NAAA;CRIP1;LYST;MTSS1,"[129, 197, 280, 341, 576, 639, 1150, 1200, 1224, 1300, 1436, 1447, 1467, 1470, 1770, 1873, 1971, 2138, 2310, 2541, 2551, 2841, 2938, 2996, 3308, 3336, 3383, 3539, 4334, 4379, 4407, 4535, 4922, 5015, 5717, 5914, 6013, 6394, 7041, 7474, 7636, 8042, 8186, 8377, 8672, 9221, 13016, 14231]",c4.3ca__GAVISH_3CA_METAPROGRAM_MACROPHAGES_MAC_1
c4.3ca,GAVISH_3CA_MALIGNANT_METAPROGRAM_39_METAL_RESPONSE,prerank,0.7036031998109062,2.289467898115254,0.0,0.0,0.0,17_44,17/44,6.39%,DDIT4;MT1F;MT2A;MT1M;FKBP5;EMP3;CEBPB;MT1E;TSC22D3;MT1A;TMEM91;MT1X;FSTL3;STC1;S100A6;MT3;IER2,DDIT4;MT1F;MT2A;MT1M;FKBP5;EMP3;CEBPB;MT1E;TSC22D3;MT1A;TMEM91;MT1X;FSTL3;STC1;S100A6;MT3;IER2;CP;LGALS1;CKB;IGFBP5;KLF4;C1R;GLUL;BGN;VCAN;NOL3;C1S;TMEM45A;ID4;EDN1;ID1;ANXA1;ZBTB16;PLP2;RSL24D1;LOX;TGFBI;VCAM1;CAV1;PMP22;SOX4;NPTX2;TUBA1A,"[11, 55, 129, 162, 246, 270, 311, 327, 366, 463, 498, 544, 583, 634, 722, 967, 1118, 1606, 2269, 2545, 2746, 2806, 2808, 3113, 3245, 3662, 3693, 4215, 4400, 5301, 5566, 6042, 6173, 7188, 7242, 8517, 9652, 9768, 11751, 12109, 12705, 12801, 13326, 17082]",c4.3ca__GAVISH_3CA_MALIGNANT_METAPROGRAM_39_METAL_RESPONSE
c4.3ca,GAVISH_3CA_METAPROGRAM_CD8_T_CELLS_HEAT_SHOCK,prerank,0.7814532060733653,2.58278012055581,0.0,0.0,0.0,34_49,34/49,16.15%,HSPA6;HSPA1A;HSPB1;HSPA1B;SERPINH1;DNAJB1;BAG3;STIP1;ANKRD37;DEDD2;CHORDC1;FKBP4;AHSA1;TNFSF14;NUDC;HSPD1;DOK2;MRPL18;HSP90AA1;HSPH1;CACYBP;DNAJA1;HSPE1;BATF;GADD45B;HSP90AB1;DNAJA4;HSPA4;TCP1;NEU1;PTGES3;SQSTM1;JUN;PPP1R15A,HSPA6;HSPA1A;HSPB1;HSPA1B;SERPINH1;DNAJB1;BAG3;STIP1;ANKRD37;DEDD2;CHORDC1;FKBP4;AHSA1;TNFSF14;NUDC;HSPD1;DOK2;MRPL18;HSP90AA1;HSPH1;CACYBP;DNAJA1;HSPE1;BATF;GADD45B;HSP90AB1;DNAJA4;HSPA4;TCP1;NEU1;PTGES3;SQSTM1;JUN;PPP1R15A;RGS2;ZFAND2A;PMAIP1;DUSP1;TAF7;CLK1;TSPYL2;TXNIP;NR4A2;CCL3;CCL4L2;FOSB;RHOB;NR4A1;DUSP4,"[0, 2, 3, 7, 8, 9, 24, 115, 143, 158, 164, 173, 183, 291, 598, 682, 821, 850, 876, 913, 1000, 1024, 1194, 1480, 1626, 1985, 2067, 2101, 2233, 2715, 2761, 2762, 2824, 2828, 2984, 3175, 3544, 4446, 5526, 5648, 6410, 6506, 6629, 7600, 7660, 7855, 8719, 10627, 17396]",c4.3ca__GAVISH_3CA_METAPROGRAM_CD8_T_CELLS_HEAT_SHOCK
c4.3ca,GAVISH_3CA_METAPROGRAM_ENDOTHELIAL_ENDO_7,prerank,0.674519223720556,2.1764958708936653,0.0,0.0,0.0,29_45,29/45,20.22%,DDIT4;FAM167B;MT2A;MT1M;ATOH8;DNASE1L3;MT1E;RAMP3;DHRS3;MT1X;STC1;TM4SF18;NOTCH4;CD320;GYPC;CARHSP1;GAS6;RGCC;BTNL9;F2RL3;CDC42EP4;TMEM204;NQO1;CTSH;MLEC;HLA-DQA1;HES1;TSC22D1;FCN3,DDIT4;FAM167B;MT2A;MT1M;ATOH8;DNASE1L3;MT1E;RAMP3;DHRS3;MT1X;STC1;TM4SF18;NOTCH4;CD320;GYPC;CARHSP1;GAS6;RGCC;BTNL9;F2RL3;CDC42EP4;TMEM204;NQO1;CTSH;MLEC;HLA-DQA1;HES1;TSC22D1;FCN3;ID2;SGK1;EDNRB;ITM2A;SPP1;FXYD6;NOSTRIN;AKAP12;COL15A1;VWA1;SIPA1L2;OSBPL1A;TMEM88;RBP7;CA4;CD36,"[11, 19, 129, 162, 228, 307, 327, 378, 406, 544, 634, 675, 781, 908, 1383, 1420, 1651, 1907, 2092, 2216, 2579, 2643, 2676, 2919, 3328, 3372, 3383, 3531, 3542, 4494, 4545, 5580, 6024, 6253, 6624, 6659, 6959, 7382, 9869, 11253, 12739, 12818, 13418, 14112, 17434]",c4.3ca__GAVISH_3CA_METAPROGRAM_ENDOTHELIAL_ENDO_7
c4.3ca,GAVISH_3CA_METAPROGRAM_FIBROBLASTS_CAF_9,prerank,0.6340186557891545,2.078102707107848,0.0,0.0,0.0,21_47,21/47,12.90%,KCNE4;GEM;MT1A;TNFRSF12A;HMOX1;GPRC5A;AKR1C1;PHLDA1;LIF;VASN;MYC;TM4SF1;CD59;VEGFA;THAP2;HSPA5;ITPRIP;CCL2;IL6;FOSL1;CXCL3,KCNE4;GEM;MT1A;TNFRSF12A;HMOX1;GPRC5A;AKR1C1;PHLDA1;LIF;VASN;MYC;TM4SF1;CD59;VEGFA;THAP2;HSPA5;ITPRIP;CCL2;IL6;FOSL1;CXCL3;CREM;EMP1;IER3;APOD;UGDH;SERPINE1;C11orf96;HMGA1;IL1R1;ANXA1;SPSB1;SPRY2;TXNRD1;FTH1;TXN;THBS1;SOD2;IGFBP7;PTGS2;THBS2;PTX3;SLC4A7;DDX21;NR3C1;MAP1B;INHBA,"[4, 323, 463, 503, 693, 941, 1043, 1095, 1188, 1226, 1232, 1244, 1312, 1439, 1708, 1765, 1783, 1826, 2121, 2188, 2258, 2587, 3435, 3480, 3557, 3718, 4011, 4295, 4727, 5151, 6173, 6530, 6637, 7174, 7737, 8981, 9307, 9445, 10189, 11182, 11701, 13208, 13450, 13964, 14123, 15803, 16208]",c4.3ca__GAVISH_3CA_METAPROGRAM_FIBROBLASTS_CAF_9
c4.3ca,GAVISH_3CA_MALIGNANT_METAPROGRAM_22_SECRETED_1,prerank,0.7320749923441369,2.400596452224408,0.0,0.0,0.0,25_45,25/45,12.50%,MAFF;EPHA2;PLAUR;GEM;ZC3H12A;TNFRSF12A;PIM1;ITPKC;PHLDA1;LIF;MYC;TM4SF1;PIM3;PFKFB3;CCL20;CDKN1A;CXCL1;CSRNP1;CCL2;ICAM1;BIRC3;FOSL2;KDM6B;FOSL1;TNFAIP3,MAFF;EPHA2;PLAUR;GEM;ZC3H12A;TNFRSF12A;PIM1;ITPKC;PHLDA1;LIF;MYC;TM4SF1;PIM3;PFKFB3;CCL20;CDKN1A;CXCL1;CSRNP1;CCL2;ICAM1;BIRC3;FOSL2;KDM6B;FOSL1;TNFAIP3;ERRFI1;EMP1;IER3;MIDN;EDN1;CXCL2;ANXA1;ARL5B;FHL2;NAMPT;ARID5B;PHLDA2;TRIB1;ZBTB43;DUSP5;HBEGF;NCOA7;MYADM;DDX21;MLF1,"[26, 39, 296, 323, 480, 503, 858, 970, 1095, 1188, 1232, 1244, 1303, 1594, 1617, 1714, 1774, 1782, 1826, 1872, 1994, 2063, 2172, 2188, 2189, 3005, 3435, 3480, 5099, 5566, 5578, 6173, 7061, 8535, 8789, 9401, 9928, 10208, 11428, 12154, 12285, 12289, 13373, 13964, 14374]",c4.3ca__GAVISH_3CA_MALIGNANT_METAPROGRAM_22_SECRETED_1
c4.3ca,GAVISH_3CA_METAPROGRAM_FIBROBLASTS_STRESS,prerank,0.7496292856727513,2.445688281111097,0.0,0.0,0.0,29_49,29/49,16.50%,HSPA1A;HSPA1B;DNAJB1;BAG3;MAFF;NFKBIA;SERTAD1;GEM;IRF1;SOCS3;HSPH1;DNAJA1;IER2;MYC;MCL1;GADD45B;CDKN1A;CSRNP1;CCL2;SAT1;ICAM1;IL6;KDM6B;TNFAIP3;NFKBIZ;KLF4;JUN;PPP1R15A;FOS,HSPA1A;HSPA1B;DNAJB1;BAG3;MAFF;NFKBIA;SERTAD1;GEM;IRF1;SOCS3;HSPH1;DNAJA1;IER2;MYC;MCL1;GADD45B;CDKN1A;CSRNP1;CCL2;SAT1;ICAM1;IL6;KDM6B;TNFAIP3;NFKBIZ;KLF4;JUN;PPP1R15A;FOS;HES1;IER3;ZFP36;C11orf96;DUSP1;ID2;ADAMTS1;CXCL2;ATF3;ID1;JUNB;NR4A2;BRD2;FOSB;NAMPT;BTG2;SOD2;NR4A1;CCNL1;EGR1,"[2, 7, 9, 24, 26, 132, 304, 323, 538, 619, 913, 1024, 1118, 1232, 1483, 1626, 1714, 1782, 1826, 1858, 1872, 2121, 2172, 2189, 2368, 2806, 2824, 2828, 2889, 3383, 3480, 3755, 4295, 4446, 4494, 5129, 5578, 5684, 6042, 6511, 6629, 6720, 7855, 8789, 8882, 9445, 10627, 13496, 15627]",c4.3ca__GAVISH_3CA_METAPROGRAM_FIBROBLASTS_STRESS
c4.3ca,GAVISH_3CA_METAPROGRAM_CD4_T_CELLS_STRESS_HSP,prerank,0.804087539710917,2.664707190967485,0.0,0.0,0.0,25_50,25/50,6.82%,HSPA6;HSPA1A;HSPB1;HSPA1B;SERPINH1;DNAJB1;BAG3;DEDD2;CHORDC1;FKBP4;AHSA1;GEM;IRF1;NUDC;SOCS3;PLIN2;HSPD1;DOK2;MRPL18;HSP90AA1;HSPH1;CACYBP;DNAJA1;DNAJB4;HSPE1,HSPA6;HSPA1A;HSPB1;HSPA1B;SERPINH1;DNAJB1;BAG3;DEDD2;CHORDC1;FKBP4;AHSA1;GEM;IRF1;NUDC;SOCS3;PLIN2;HSPD1;DOK2;MRPL18;HSP90AA1;HSPH1;CACYBP;DNAJA1;DNAJB4;HSPE1;CCL20;GADD45B;HSP90AB1;DNAJA4;TCP1;NEU1;SQSTM1;JUN;PPP1R15A;RGS2;ZFAND2A;PMAIP1;HBP1;DUSP1;ID2;CLK1;ANXA1;TSPYL2;JUNB;ODC1;BTG2;TRA2B;MYLIP;REL;FABP5,"[0, 2, 3, 7, 8, 9, 24, 158, 164, 173, 183, 323, 538, 598, 619, 632, 682, 821, 850, 876, 913, 1000, 1024, 1169, 1194, 1617, 1626, 1985, 2067, 2233, 2715, 2762, 2824, 2828, 2984, 3175, 3544, 3903, 4446, 4494, 5648, 6173, 6410, 6511, 8369, 8882, 10366, 10445, 12847, 13621]",c4.3ca__GAVISH_3CA_METAPROGRAM_CD4_T_CELLS_STRESS_HSP
c4.3ca,GAVISH_3CA_METAPROGRAM_MACROPHAGES_STRESS_HSP,prerank,0.7777933832681939,2.573087309285255,0.0,0.0,0.0,21_49,21/49,9.29%,HSPA6;HSPA1A;HSPB1;HSPA1B;DNAJB1;DDIT4;BAG3;CXCR4;FKBP4;TSC22D3;HSPD1;HSP90AA1;HSPH1;CACYBP;DNAJA1;IER5;IER2;HSPE1;KLF2;ZFP36L2;GADD45B,HSPA6;HSPA1A;HSPB1;HSPA1B;DNAJB1;DDIT4;BAG3;CXCR4;FKBP4;TSC22D3;HSPD1;HSP90AA1;HSPH1;CACYBP;DNAJA1;IER5;IER2;HSPE1;KLF2;ZFP36L2;GADD45B;HSP90AB1;DNAJA4;KLF4;JUN;PPP1R15A;FOS;RGS2;ZFAND2A;KLF6;UBC;PMAIP1;ZFP36;DUSP1;SGK1;RGS1;CLK1;ATF3;MAFB;JUNB;NR4A2;CCL3;FOSB;HSPA8;RHOB;BTG2;CCL4;NR4A1;EGR1,"[0, 2, 3, 7, 9, 11, 24, 77, 173, 366, 682, 876, 913, 1000, 1024, 1066, 1118, 1194, 1446, 1465, 1626, 1985, 2067, 2806, 2824, 2828, 2889, 2984, 3175, 3324, 3543, 3544, 3755, 4446, 4545, 4861, 5648, 5684, 6394, 6511, 6629, 7600, 7855, 7879, 8719, 8882, 9267, 10627, 15627]",c4.3ca__GAVISH_3CA_METAPROGRAM_MACROPHAGES_STRESS_HSP
c4.3ca,GAVISH_3CA_METAPROGRAM_FIBROBLASTS_METAL_RESPONSE,prerank,0.7333585894631137,2.34487497711772,0.0,0.0,0.0,22_45,22/45,10.91%,MT1F;MT2A;SLPI;CXCL6;MT1G;MT1E;HP;EZR;MT1X;TMEM176B;KRT18;CFB;YPEL3;UPK1B;ADAMTS9;CYSTM1;PDZK1IP1;TM4SF1;CD74;ID3;CXCL1;MT1H,MT1F;MT2A;SLPI;CXCL6;MT1G;MT1E;HP;EZR;MT1X;TMEM176B;KRT18;CFB;YPEL3;UPK1B;ADAMTS9;CYSTM1;PDZK1IP1;TM4SF1;CD74;ID3;CXCL1;MT1H;KRT19;ADIRF;KRT8;MGST1;GBP2;PLAT;ID1;CHI3L1;DAB2;WFDC2;SEL1L3;SLC34A2;PRG4;SLC39A8;UPK3B;CALB2;EGFL6;SLC40A1;RARRES1;CLDN1;SAA2;PROCR;IL13RA2,"[55, 129, 207, 232, 302, 327, 396, 507, 544, 626, 674, 981, 1005, 1061, 1111, 1185, 1230, 1244, 1313, 1413, 1774, 1911, 2855, 3085, 3573, 4710, 5440, 5897, 6042, 6323, 7000, 7787, 7824, 8199, 8211, 8529, 8594, 10422, 11003, 11015, 11294, 12800, 14579, 15775, 16321]",c4.3ca__GAVISH_3CA_METAPROGRAM_FIBROBLASTS_METAL_RESPONSE
c4.3ca,GAVISH_3CA_METAPROGRAM_B_CELLS_MHC_II,prerank,0.619311916955085,2.0345962101902835,0.0,0.0,0.0,27_49,27/49,19.25%,GPSM3;CXCR4;CD37;ARPC1B;HLA-DRB1;BTG1;LAPTM5;COTL1;CD74;IFITM2;CD52;HLA-DRA;LCP1;HLA-DMB;HLA-DPB1;HLA-DRB5;SELL;SH3BGRL3;LY86;HLA-DMA;CD53;ARHGDIB;HLA-DPA1;RAC2;STK17A;CD79B;HLA-DQA1,GPSM3;CXCR4;CD37;ARPC1B;HLA-DRB1;BTG1;LAPTM5;COTL1;CD74;IFITM2;CD52;HLA-DRA;LCP1;HLA-DMB;HLA-DPB1;HLA-DRB5;SELL;SH3BGRL3;LY86;HLA-DMA;CD53;ARHGDIB;HLA-DPA1;RAC2;STK17A;CD79B;HLA-DQA1;MYL12A;PTPRC;CD48;VPREB3;LIMD2;PFN1;HLA-DQB1;LTB;TXNIP;JUNB;CD83;BANK1;NAP1L1;GPR183;CORO1A;TMSB4X;ACTB;MS4A1;REL;ACTG1;CD69;SMIM14,"[72, 77, 617, 654, 784, 856, 1292, 1300, 1313, 1436, 1470, 1505, 1537, 1587, 1615, 1667, 2053, 2356, 2387, 2494, 2531, 2833, 2875, 2938, 3031, 3339, 3372, 3586, 3989, 4535, 4643, 4912, 5360, 5810, 6278, 6506, 6511, 6724, 6877, 7021, 7403, 8042, 9219, 12262, 12319, 12847, 13331, 13891, 17302]",c4.3ca__GAVISH_3CA_METAPROGRAM_B_CELLS_MHC_II
c4.3ca,GAVISH_3CA_MALIGNANT_METAPROGRAM_7_STRESS_IN_VITRO,prerank,0.7613897915559126,2.3693562669538477,0.0,0.0,0.0,18_37,18/37,10.08%,DDIT4;SLC3A2;NUPR1;CEBPG;CEBPB;STC2;ATF4;MTHFD2;DDIT3;SHMT2;HERPUD1;BTG1;XBP1;GDF15;CCDC174;PHGDH;GADD45B;HSPA5,DDIT4;SLC3A2;NUPR1;CEBPG;CEBPB;STC2;ATF4;MTHFD2;DDIT3;SHMT2;HERPUD1;BTG1;XBP1;GDF15;CCDC174;PHGDH;GADD45B;HSPA5;SQSTM1;PPP1R15A;PDRG1;PSAT1;ZFAND2A;ASNS;RSRC2;ATF3;TXNIP;GADD45A;TRIB3;EIF1B;ZNF622;UPP1;DNAJB9;MAP1LC3B;HSPA9;TAF1D;ARF4,"[11, 40, 70, 257, 311, 321, 381, 723, 729, 738, 817, 856, 1084, 1105, 1211, 1243, 1626, 1765, 2762, 2828, 2884, 3159, 3175, 4899, 5551, 5684, 6506, 6740, 7315, 7963, 8032, 9224, 10653, 11789, 12206, 13505, 13518]",c4.3ca__GAVISH_3CA_MALIGNANT_METAPROGRAM_7_STRESS_IN_VITRO
c4.3ca,GAVISH_3CA_METAPROGRAM_EPITHELIAL_INTERFERON_MHC,prerank,0.6532255556521178,2.1176549574718586,0.0,0.0,0.0,27_47,27/47,20.65%,MT2A;RAMP3;HLA-DRB1;TM4SF1;CD74;ID3;IFITM2;HLA-DRA;IFITM1;HLA-DPB1;HLA-DRB5;VAMP5;CRIP2;IFITM3;LGALS1;BST2;VIM;GNG11;IGFBP5;HLA-DPA1;TIMP3;ANXA2;HLA-E;TSC22D1;MYL12A;IFI27;HLA-B,MT2A;RAMP3;HLA-DRB1;TM4SF1;CD74;ID3;IFITM2;HLA-DRA;IFITM1;HLA-DPB1;HLA-DRB5;VAMP5;CRIP2;IFITM3;LGALS1;BST2;VIM;GNG11;IGFBP5;HLA-DPA1;TIMP3;ANXA2;HLA-E;TSC22D1;MYL12A;IFI27;HLA-B;TMSB10;DUSP1;HLA-C;ENG;PLAT;ID1;GIMAP7;EMCN;RAMP2;HLA-A;FKBP1A;A2M;EPAS1;MGP;B2M;TMSB4X;SPARC;IGFBP7;RNASE1;CRHBP,"[129, 378, 784, 1244, 1313, 1413, 1436, 1505, 1596, 1615, 1667, 1770, 1816, 1873, 2269, 2419, 2436, 2472, 2746, 2875, 3019, 3075, 3356, 3531, 3586, 3603, 3617, 4055, 4446, 5482, 5813, 5897, 6042, 6070, 6592, 6924, 7039, 7100, 7770, 7864, 8492, 8604, 9219, 9277, 10189, 14461, 16446]",c4.3ca__GAVISH_3CA_METAPROGRAM_EPITHELIAL_INTERFERON_MHC
c4.3ca,GAVISH_3CA_METAPROGRAM_MACROPHAGES_MONOCYTE_SECRETED,prerank,0.6917712691248014,2.2229526566306257,0.0,0.0,0.0,22_47,22/47,20.91%,G0S2;NFKBIA;PLAUR;SLC11A1;SOCS3;PLIN2;S100A8;SLC2A3;LYZ;CCL20;TNFAIP3;CXCL3;IL1RN;S100A9;NFKBIZ;PPP1R15A;BCL2A1;RGS2;TIMP1;TREM1;IER3;VCAN,G0S2;NFKBIA;PLAUR;SLC11A1;SOCS3;PLIN2;S100A8;SLC2A3;LYZ;CCL20;TNFAIP3;CXCL3;IL1RN;S100A9;NFKBIZ;PPP1R15A;BCL2A1;RGS2;TIMP1;TREM1;IER3;VCAN;IL1B;FCN1;SAMSN1;CXCL2;ATF3;NR4A2;CD83;C15orf48;GPR183;CD55;CCL3;CCL4L2;FOSB;DUSP2;NAMPT;CCL4;THBS1;SOD2;EREG;NLRP3;AQP9;OLR1;PTGS2;HBEGF;SLC25A37,"[1, 132, 296, 440, 619, 632, 639, 833, 1546, 1617, 2189, 2258, 2260, 2310, 2368, 2828, 2841, 2984, 2996, 3333, 3480, 3662, 4629, 5015, 5279, 5578, 5684, 6629, 6724, 7261, 7403, 7474, 7600, 7660, 7855, 8364, 8789, 9267, 9307, 9445, 9491, 9658, 10543, 10770, 11182, 12285, 12604]",c4.3ca__GAVISH_3CA_METAPROGRAM_MACROPHAGES_MONOCYTE_SECRETED
c4.3ca,GAVISH_3CA_METAPROGRAM_EPITHELIAL_PDAC_RELATED_1,prerank,0.6614227450228379,2.0432445869078153,0.0,0.0,0.0,21_35,21/35,19.22%,FXYD2;CLU;MT1E;SERPINA5;HLA-DRB1;C3;SERPINA1;PDZK1IP1;CD74;HLA-DRA;LYZ;HLA-DRB5;LCN2;IFITM3;CLDN10;AKR1C3;CD81;CRP;DEFB1;SERPING1;DUOX2,FXYD2;CLU;MT1E;SERPINA5;HLA-DRB1;C3;SERPINA1;PDZK1IP1;CD74;HLA-DRA;LYZ;HLA-DRB5;LCN2;IFITM3;CLDN10;AKR1C3;CD81;CRP;DEFB1;SERPING1;DUOX2;CA2;TFF3;TCN1;GPX2;FOLR1;SPP1;GATM;NNMT;SOD2;LGALS2;OLFM4;SLC4A4;SLC3A1;CFTR,"[5, 216, 327, 641, 784, 1102, 1224, 1230, 1313, 1505, 1546, 1667, 1836, 1873, 2200, 2427, 2595, 2639, 3286, 3289, 3366, 4119, 4669, 4772, 5584, 5727, 6253, 6905, 6981, 9445, 10099, 11087, 11524, 12814, 17252]",c4.3ca__GAVISH_3CA_METAPROGRAM_EPITHELIAL_PDAC_RELATED_1
c4.3ca,GAVISH_3CA_METAPROGRAM_ENDOTHELIAL_HEV_1,prerank,0.6344349520428616,2.0808204553860925,0.0,0.0,0.0,25_48,25/48,19.87%,CLU;RAMP3;CEBPD;HLA-DRB1;PRCP;DUSP23;C7;CD74;HLA-DRA;HLA-DPB1;MMRN1;HLA-DRB5;ARL4A;CCL2;ICAM1;CYP1B1;HLA-DMA;PTGDS;HLA-DPA1;NPC2;ADIRF;VWF;HLA-DQA1;TFPI;IER3,CLU;RAMP3;CEBPD;HLA-DRB1;PRCP;DUSP23;C7;CD74;HLA-DRA;HLA-DPB1;MMRN1;HLA-DRB5;ARL4A;CCL2;ICAM1;CYP1B1;HLA-DMA;PTGDS;HLA-DPA1;NPC2;ADIRF;VWF;HLA-DQA1;TFPI;IER3;ACTN1;SNCG;CPE;IL1R1;CXCL2;HAPLN3;HLA-DQB1;PLAT;NR2F2;LIFR;NNMT;SLCO2A1;POSTN;MGP;TSPAN7;FBLN2;SOD2;SELE;VCAM1;NCOA7;IL33;SELP;ZNF385D,"[216, 378, 569, 784, 842, 860, 1107, 1313, 1505, 1615, 1637, 1667, 1751, 1826, 1872, 2464, 2494, 2819, 2875, 3069, 3085, 3112, 3372, 3378, 3480, 4592, 4604, 4846, 5151, 5578, 5700, 5810, 5897, 6803, 6831, 6981, 7514, 7719, 8492, 8501, 9425, 9445, 11222, 11751, 12289, 13145, 13476, 15597]",c4.3ca__GAVISH_3CA_METAPROGRAM_ENDOTHELIAL_HEV_1
c4.3ca,GAVISH_3CA_METAPROGRAM_ENDOTHELIAL_HEV_2,prerank,0.6342670245862739,2.103931259411835,0.0,0.0,0.0,20_49,20/49,17.77%,SEMA3F;EMP3;NOS3;RAMP3;STC1;APOL1;PLEC;PRCP;DUSP23;HYAL2;EHBP1L1;KLF2;EPHB4;PCDH12;IGFBP5;PTGDS;TGM2;ADIRF;TNXB;VWF,SEMA3F;EMP3;NOS3;RAMP3;STC1;APOL1;PLEC;PRCP;DUSP23;HYAL2;EHBP1L1;KLF2;EPHB4;PCDH12;IGFBP5;PTGDS;TGM2;ADIRF;TNXB;VWF;TSHZ2;VCAN;ITGA6;THBD;ADAMTS1;PLAC9;APLNR;NDRG1;MALL;VEGFC;NR2F2;CALCRL;SLCO2A1;TEK;SPTAN1;ADAM15;MARCKS;CRIP1;PCDH17;FBLN2;HEG1;PGM5;ADAMTS6;FN1;SELE;SLC6A6;VCAM1;SELP;ENTPD1,"[107, 270, 335, 378, 634, 741, 832, 842, 860, 1152, 1176, 1446, 1755, 2291, 2746, 2819, 2975, 3085, 3106, 3112, 3612, 3662, 4120, 4174, 5129, 5333, 5520, 6152, 6187, 6620, 6803, 6921, 7514, 7870, 8037, 8085, 9000, 9221, 9333, 9425, 9721, 9743, 10559, 10662, 11222, 11639, 11751, 13476, 15171]",c4.3ca__GAVISH_3CA_METAPROGRAM_ENDOTHELIAL_HEV_2
c4.3ca,GAVISH_3CA_METAPROGRAM_ENDOTHELIAL_COAGULATION,prerank,0.6840663764173055,2.253431956525763,0.0,0.0,0.0,26_48,26/48,20.10%,DDIT4;FAM167B;NUPR1;CLU;ANAPC16;DNASE1L3;S100A4;TM4SF18;FXYD5;TSPO;PRCP;MPZL2;COTL1;AHNAK;ARL4A;RGCC;RPS27L;LGALS1;NFIB;MIF;S100A10;ADIRF;VWF;BGN;TFPI;NRP2,DDIT4;FAM167B;NUPR1;CLU;ANAPC16;DNASE1L3;S100A4;TM4SF18;FXYD5;TSPO;PRCP;MPZL2;COTL1;AHNAK;ARL4A;RGCC;RPS27L;LGALS1;NFIB;MIF;S100A10;ADIRF;VWF;BGN;TFPI;NRP2;DAD1;ACTN1;SNCG;TFF3;PRDX5;HTRA1;CST3;SPARCL1;PLVAP;EFEMP1;MARCKS;MRPL20;IGFBP7;RBP5;FN1;LDB2;VCAM1;QSOX1;CALM3;MEF2C;PMP22;FABP5,"[11, 19, 70, 216, 265, 307, 576, 675, 683, 780, 842, 937, 1300, 1663, 1751, 1907, 2208, 2269, 2440, 2475, 2652, 3085, 3112, 3245, 3378, 3520, 3800, 4592, 4604, 4669, 5251, 6416, 6578, 7967, 8393, 8928, 9000, 10048, 10189, 10421, 10662, 11274, 11751, 11986, 12212, 12683, 12705, 13621]",c4.3ca__GAVISH_3CA_METAPROGRAM_ENDOTHELIAL_COAGULATION
c4.3ca,GAVISH_3CA_METAPROGRAM_FIBROBLASTS_CAF_7,prerank,0.697583449404558,2.238087978948904,0.0,0.0,0.0,19_46,19/46,11.44%,MRPS6;SLC5A3;CXCL6;ADM;CRABP1;TMEM176B;STC1;TNFRSF11B;BMP4;IGF2;GGT5;CRABP2;CP;CXCL1;WLS;CCL2;RGCC;AKR1B1;FMOD,MRPS6;SLC5A3;CXCL6;ADM;CRABP1;TMEM176B;STC1;TNFRSF11B;BMP4;IGF2;GGT5;CRABP2;CP;CXCL1;WLS;CCL2;RGCC;AKR1B1;FMOD;DLL1;PTGDS;SPRY1;APCDD1;APOD;MGST1;IGFBP2;CPE;CPXM2;DPT;F2R;CACNA2D3;MGP;WNT5A;CXCL14;WNT2;CH25H;DIO2;PDGFRA;PAPPA;SERPINE2;GPM6B;PRSS12;MASP1;MFAP4;TWIST2;TNFRSF21,"[21, 59, 232, 468, 550, 626, 634, 664, 730, 826, 1341, 1490, 1606, 1774, 1784, 1826, 1907, 1995, 2003, 2363, 2819, 2949, 3451, 3557, 4710, 4812, 4846, 7376, 7501, 7751, 7784, 8492, 8910, 9270, 9348, 9360, 9847, 10418, 10492, 10534, 11057, 11613, 12028, 12110, 12588, 14131]",c4.3ca__GAVISH_3CA_METAPROGRAM_FIBROBLASTS_CAF_7
c4.3ca,GAVISH_3CA_METAPROGRAM_FIBROBLASTS_HYPOXIA,prerank,0.6149817540066078,2.049737423317056,0.0,0.0,0.0,18_48,18/48,13.05%,G0S2;DDIT4;MT2A;CXCL6;MT1E;ADM;PLIN2;STC1;HILPDA;ANGPTL4;VEGFA;SLC16A3;CXCL1;CCL2;AKR1B1;IL6;CXCL3;ENO1,G0S2;DDIT4;MT2A;CXCL6;MT1E;ADM;PLIN2;STC1;HILPDA;ANGPTL4;VEGFA;SLC16A3;CXCL1;CCL2;AKR1B1;IL6;CXCL3;ENO1;COL7A1;IER3;TNFAIP6;CXCL5;SERPINE1;PLAU;CXCL2;EGLN3;NDRG1;CHI3L1;PTGES;STEAP1;C15orf48;IGFBP3;IL11;TMEM158;NAMPT;WNT5A;UPP1;IL24;SOD2;PGK1;BNIP3;SCG5;CD82;CA12;FAM162A;INHBA;MME;MMP3,"[1, 11, 129, 232, 327, 468, 632, 634, 769, 1365, 1439, 1750, 1774, 1826, 1995, 2121, 2258, 2285, 3411, 3480, 3571, 3891, 4011, 5250, 5578, 5778, 6152, 6323, 6773, 7137, 7261, 7570, 8041, 8243, 8789, 8910, 9224, 9230, 9445, 9922, 12352, 12854, 13246, 14735, 14833, 16208, 16915, 17427]",c4.3ca__GAVISH_3CA_METAPROGRAM_FIBROBLASTS_HYPOXIA
c4.3ca,GAVISH_3CA_METAPROGRAM_FIBROBLASTS_MHC_II_CYTOKINE,prerank,0.6247835393794267,2.0166314036991766,0.0,0.0,0.0,24_45,24/45,20.30%,DNAJB1;CLU;RRAD;RAMP3;TMEM176A;SOCS3;TMEM176B;HLA-DRB1;C3;C7;CD74;HLA-DRA;CXCL1;CCL2;BIRC3;CYP1B1;CTSS;PTGDS;CTSH;TGM2;TIMP1;IER3;TNFSF13B;SERPINB9,DNAJB1;CLU;RRAD;RAMP3;TMEM176A;SOCS3;TMEM176B;HLA-DRB1;C3;C7;CD74;HLA-DRA;CXCL1;CCL2;BIRC3;CYP1B1;CTSS;PTGDS;CTSH;TGM2;TIMP1;IER3;TNFSF13B;SERPINB9;APOE;CHI3L2;RGS16;CXCL13;ADRA2A;ACOT7;CHI3L1;FMO1;FRZB;CXCL14;SOD2;CLSTN3;RBP5;HSD11B1;RARRES1;VCAM1;LAP3;ABI3BP;LXN;CXCL12;CCL19,"[9, 216, 239, 378, 541, 619, 626, 784, 1102, 1107, 1313, 1505, 1774, 1826, 1994, 2464, 2465, 2819, 2919, 2975, 2996, 3480, 3536, 3556, 4072, 4153, 4541, 5314, 5932, 6071, 6323, 6938, 7828, 9270, 9445, 9643, 10421, 10667, 11294, 11751, 12912, 13391, 15141, 15207, 15722]",c4.3ca__GAVISH_3CA_METAPROGRAM_FIBROBLASTS_MHC_II_CYTOKINE
c4.3ca,GAVISH_3CA_MALIGNANT_METAPROGRAM_METAPROGRAM_6_HYPOXIA,prerank,0.618004547985882,2.0631113422099387,0.0,0.0,0.0,25_48,25/48,18.02%,DDIT4;SLC3A2;MT2A;ANKRD37;P4HA1;ADM;MT1X;DDIT3;HILPDA;NDUFA4L2;PFKP;AK4;HK2;ANGPTL4;VEGFA;PFKFB3;SLC16A3;PLOD2;ENO1;VIM;S100A10;IGFBP5;ALDOA;ERRFI1;SLC2A1,DDIT4;SLC3A2;MT2A;ANKRD37;P4HA1;ADM;MT1X;DDIT3;HILPDA;NDUFA4L2;PFKP;AK4;HK2;ANGPTL4;VEGFA;PFKFB3;SLC16A3;PLOD2;ENO1;VIM;S100A10;IGFBP5;ALDOA;ERRFI1;SLC2A1;TMEM45A;GPI;EGLN3;NDRG1;LGALS3;AKAP12;IGFBP3;GBE1;CA9;ENO2;LDHA;PGK1;DNAJB9;C4orf3;INSIG2;CAV1;BNIP3;CA12;FAM162A;NRN1;BNIP3L;PDK1;WSB1,"[11, 40, 129, 143, 306, 468, 544, 729, 769, 928, 1158, 1249, 1337, 1365, 1439, 1594, 1750, 1827, 2285, 2436, 2652, 2746, 2768, 3005, 3156, 4400, 5213, 5778, 6152, 6287, 6959, 7570, 8557, 8610, 8715, 9549, 9922, 10653, 11802, 11808, 12109, 12352, 14735, 14833, 15296, 16159, 16370, 17092]",c4.3ca__GAVISH_3CA_MALIGNANT_METAPROGRAM_METAPROGRAM_6_HYPOXIA
c4.3ca,GAVISH_3CA_METAPROGRAM_ENDOTHELIAL_NF_KB,prerank,0.6199568222636925,2.0467316837095146,0.0,0.0,0.0,17_48,17/48,12.50%,NFKBIA;ARID5A;CLU;PNP;MT1A;ADAMTS9;MYC;C2CD4B;GJA1;CDKN1A;CSF3;CCL2;ICAM1;TUBB6;BIRC3;IL6;TNFAIP3,NFKBIA;ARID5A;CLU;PNP;MT1A;ADAMTS9;MYC;C2CD4B;GJA1;CDKN1A;CSF3;CCL2;ICAM1;TUBB6;BIRC3;IL6;TNFAIP3;TIMP1;ISG20;EMP1;IER3;C11orf96;RND1;LMNA;CXCL2;NDRG1;TMEM70;SERPINB1;AKAP12;NNMT;UGCG;POSTN;ETS2;HIF1A;PLVAP;NAMPT;THBS1;SOD2;IGFBP7;ABL2;SELE;VCAM1;NCOA7;PMP22;LITAF;ADAMTS4;DDX21;PTPRE,"[132, 192, 216, 271, 463, 1111, 1232, 1291, 1579, 1714, 1776, 1826, 1872, 1877, 1994, 2121, 2189, 2996, 3309, 3435, 3480, 4295, 4614, 5411, 5578, 6152, 6450, 6844, 6959, 6981, 7585, 7719, 7937, 8234, 8393, 8789, 9307, 9445, 10189, 10950, 11222, 11751, 12289, 12705, 13134, 13535, 13964, 15544]",c4.3ca__GAVISH_3CA_METAPROGRAM_ENDOTHELIAL_NF_KB
c4.3ca,GAVISH_3CA_METAPROGRAM_B_CELLS_HSP_STRESS,prerank,0.788692840825242,2.610429945654194,0.0,0.0,0.0,23_47,23/47,7.04%,HSPA6;HSPA1A;HSPB1;HSPA1B;DNAJB1;SLC5A3;STIP1;NFKBIA;DEDD2;CHORDC1;FKBP4;AHSA1;NUDC;HSPD1;MRPL18;HSP90AA1;HSPH1;CACYBP;DNAJA1;IER2;DNAJB4;HSPE1;MYC,HSPA6;HSPA1A;HSPB1;HSPA1B;DNAJB1;SLC5A3;STIP1;NFKBIA;DEDD2;CHORDC1;FKBP4;AHSA1;NUDC;HSPD1;MRPL18;HSP90AA1;HSPH1;CACYBP;DNAJA1;IER2;DNAJB4;HSPE1;MYC;HSP90AB1;NFKBID;JUN;BCL2A1;FOS;ZFAND2A;KLF6;UBC;PMAIP1;UBB;TAF7;SLBP;CD83;HSPA8;DUSP2;CCL4;ANKRD12;CCR7;NR4A1;DDX5;CD69;EGR3;EGR1;SMIM14,"[0, 2, 3, 7, 9, 59, 115, 132, 158, 164, 173, 183, 598, 682, 850, 876, 913, 1000, 1024, 1118, 1169, 1194, 1232, 1985, 2471, 2824, 2841, 2889, 3175, 3324, 3543, 3544, 4750, 5526, 5569, 6724, 7879, 8364, 9267, 9484, 10347, 10627, 11020, 13891, 15206, 15627, 17302]",c4.3ca__GAVISH_3CA_METAPROGRAM_B_CELLS_HSP_STRESS
c4.3ca,GAVISH_3CA_METAPROGRAM_MACROPHAGES_RESPIRATION,prerank,0.6165659724629254,1.986261943290326,0.0,0.0002981173294411135,0.005,25_43,25/43,23.12%,BRI3;S100A8;HMOX1;STAB1;RPS21;DUSP23;HSPE1;IFI27L2;MRPL41;GADD45GIP1;VAMP5;CCL2;CTSZ;CXCL9;S100A9;POLR2L;HAMP;RPS29;RPL38;HCST;CHCHD10;NDUFB7;PSME2;NDUFA3;MRPL51,BRI3;S100A8;HMOX1;STAB1;RPS21;DUSP23;HSPE1;IFI27L2;MRPL41;GADD45GIP1;VAMP5;CCL2;CTSZ;CXCL9;S100A9;POLR2L;HAMP;RPS29;RPL38;HCST;CHCHD10;NDUFB7;PSME2;NDUFA3;MRPL51;UQCRQ;BLVRB;NDUFS6;ISG15;COX6C;DNPH1;DAB2;ATOX1;TXNDC17;RBX1;TXN;NDUFB2;SLIRP;COX7B;CALM3;FABP5;TIMM8B;RNASE1,"[437, 639, 693, 695, 810, 860, 1194, 1257, 1624, 1757, 1770, 1826, 1973, 2028, 2310, 2399, 2500, 3157, 3230, 3278, 3530, 3611, 3856, 3997, 4049, 4509, 4651, 5133, 5552, 6499, 6762, 7000, 8143, 8171, 8474, 8981, 9325, 10013, 11850, 12212, 13621, 14393, 14461]",c4.3ca__GAVISH_3CA_METAPROGRAM_MACROPHAGES_RESPIRATION
c4.3ca,GAVISH_3CA_METAPROGRAM_ENDOTHELIAL_ENDO_3,prerank,0.616980929599145,1.987874817235304,0.0,0.000308397237352876,0.005,21_47,21/47,17.77%,MT2A;MT1M;MT1E;RAMP3;MT1X;TMEM100;NOTCH4;EGFL7;ESAM;CLDN5;HYAL2;TM4SF1;FAM107A;SLC6A4;RGCC;BTNL9;IL7R;GNG11;AQP1;CD93;VWF,MT2A;MT1M;MT1E;RAMP3;MT1X;TMEM100;NOTCH4;EGFL7;ESAM;CLDN5;HYAL2;TM4SF1;FAM107A;SLC6A4;RGCC;BTNL9;IL7R;GNG11;AQP1;CD93;VWF;FCN3;IFI27;EDN1;IFNGR1;ENG;GPIHBP1;ID1;GIMAP7;HSPG2;LIFR;CALCRL;RAMP2;A2M;EPAS1;GPX3;SPARCL1;PLVAP;MGP;CLEC14A;SPARC;IGFBP7;PTPRB;TNFSF10;CA4;RNASE1;CD36,"[129, 162, 327, 378, 544, 563, 781, 835, 846, 1059, 1152, 1244, 1631, 1789, 1907, 2092, 2230, 2472, 2580, 2967, 3112, 3542, 3603, 5566, 5613, 5813, 5835, 6042, 6070, 6635, 6831, 6921, 6924, 7770, 7864, 7945, 7967, 8393, 8492, 8675, 9277, 10189, 10643, 13874, 14112, 14461, 17434]",c4.3ca__GAVISH_3CA_METAPROGRAM_ENDOTHELIAL_ENDO_3
c4.3ca,GAVISH_3CA_METAPROGRAM_B_CELLS_STRESS,prerank,0.6102353643154883,1.9575999153203159,0.0,0.0003912789948914615,0.007,18_44,18/44,18.98%,NFKBIA;IL4R;HVCN1;SLC2A3;IER2;KLF2;ZFP36L2;GADD45B;RHOH;BIRC3;SELL;CREM;JUN;PPP1R15A;FOS;RGS2;VPS37B;KLF6,NFKBIA;IL4R;HVCN1;SLC2A3;IER2;KLF2;ZFP36L2;GADD45B;RHOH;BIRC3;SELL;CREM;JUN;PPP1R15A;FOS;RGS2;VPS37B;KLF6;ZFP36;DUSP1;VPREB3;CD22;FOXP1;ADAM28;JUNB;FCER2;NR4A2;CD83;TSPAN13;GPR183;CD55;ZNF331;FOSB;DUSP2;BTG2;CLEC2D;YPEL5;CD72;SNX2;CCR7;LY9;NR4A1;CD69;PHACTR1,"[132, 462, 650, 833, 1118, 1446, 1465, 1626, 1975, 1994, 2053, 2587, 2824, 2828, 2889, 2984, 3063, 3324, 3755, 4446, 4643, 5130, 5437, 5496, 6511, 6557, 6629, 6724, 7224, 7403, 7474, 7594, 7855, 8364, 8882, 9258, 9885, 10026, 10146, 10347, 10570, 10627, 13891, 15142]",c4.3ca__GAVISH_3CA_METAPROGRAM_B_CELLS_STRESS
c4.3ca,GAVISH_3CA_METAPROGRAM_CD8_T_CELLS_MEMORY_NAIVE_1,prerank,0.6087523714428144,1.9687391177123883,0.0,0.0004039008979524764,0.007,18_47,18/47,17.04%,DNAJB1;CXCR4;NFKBIA;TSC22D3;SLC2A3;DNAJA1;IER2;GADD45B;RGCC;BIRC3;SELL;TNFAIP3;IL7R;CREM;JUN;PPP1R15A;FOS;RGS2,DNAJB1;CXCR4;NFKBIA;TSC22D3;SLC2A3;DNAJA1;IER2;GADD45B;RGCC;BIRC3;SELL;TNFAIP3;IL7R;CREM;JUN;PPP1R15A;FOS;RGS2;KLF6;ZFP36;TUBB4B;TOB1;DUSP1;RGS1;LMNA;ANXA1;LTB;TXNIP;JUNB;NR4A2;GPR183;CD55;EIF3E;ZNF331;FOSB;TUBA4A;DUSP2;TMEM123;BTG2;YPEL5;CCR7;PIK3IP1;MYADM;CD69;LEPROTL1;PIK3R1;FAM177A1,"[9, 77, 132, 366, 833, 1024, 1118, 1626, 1907, 1994, 2053, 2189, 2230, 2587, 2824, 2828, 2889, 2984, 3324, 3755, 4115, 4156, 4446, 4861, 5411, 6173, 6278, 6506, 6511, 6629, 7403, 7474, 7547, 7594, 7855, 8024, 8364, 8640, 8882, 9885, 10347, 12828, 13373, 13891, 14017, 14526, 15897]",c4.3ca__GAVISH_3CA_METAPROGRAM_CD8_T_CELLS_MEMORY_NAIVE_1
c4.3ca,GAVISH_3CA_MALIGNANT_METAPROGRAM_10_PROTEIN_MATURATION,prerank,0.5936493985277893,1.941845708890118,0.002136752136752137,0.000596234658882227,0.011,13_46,13/46,11.14%,SLC3A2;CLU;AZGP1;GRN;EPHX1;GDF15;SERPINA1;OS9;CTSA;LAPTM4A;HSPA5;PDIA4;LMAN2,SLC3A2;CLU;AZGP1;GRN;EPHX1;GDF15;SERPINA1;OS9;CTSA;LAPTM4A;HSPA5;PDIA4;LMAN2;CFI;TIMP1;SIL1;HSP90B1;HLA-C;PDIA6;GGH;RPN2;MAGED2;SPP1;LRPAP1;HLA-A;PDIA3;LGALS3BP;PPIB;LAMP1;TSPAN1;PSAP;ATP6AP1;LAMP2;APMAP;APLP2;PRDX4;SERPINE2;TM9SF2;HEXB;ITM2B;TMEM59;ATP6AP2;PIGT;DDOST;EPCAM;APP,"[40, 216, 324, 330, 819, 1105, 1224, 1277, 1354, 1592, 1765, 1934, 1950, 2455, 2996, 4508, 5272, 5482, 5581, 5610, 5693, 5816, 6253, 7031, 7039, 7058, 7314, 7641, 8117, 8183, 8185, 8926, 9133, 9599, 9683, 10397, 10534, 11208, 11261, 12098, 12410, 13252, 13270, 14615, 14854, 15665]",c4.3ca__GAVISH_3CA_MALIGNANT_METAPROGRAM_10_PROTEIN_MATURATION
c4.3ca,GAVISH_3CA_MALIGNANT_METAPROGRAM_25_ASTROCYTES,prerank,0.594205668977653,1.9330317875534127,0.0020408163265306124,0.0006313072858752991,0.012,22_47,22/47,23.25%,MT2A;CLU;RAMP1;MT1X;PLTP;MT3;BCAN;GFAP;ID3;GJA1;IFITM3;CRYAB;VIM;PON2;MLC1;PSAT1;AQP4;RASSF4;SLC1A3;ZFP36;ATP1A2;APOE,MT2A;CLU;RAMP1;MT1X;PLTP;MT3;BCAN;GFAP;ID3;GJA1;IFITM3;CRYAB;VIM;PON2;MLC1;PSAT1;AQP4;RASSF4;SLC1A3;ZFP36;ATP1A2;APOE;ITM2C;CPE;ID4;FABP7;EDNRB;AGT;TTYH1;ID1;ATP1B2;CST3;GATM;NDRG2;NTRK2;SPARCL1;SCRG1;HEY1;SPARC;IGFBP7;AHCYL1;ALDOC;F3;PLP1;S100B;CD9;PMP2,"[129, 216, 260, 544, 964, 967, 1385, 1409, 1413, 1579, 1873, 2111, 2436, 2575, 2954, 3159, 3526, 3564, 3630, 3755, 4012, 4072, 4465, 4846, 5301, 5549, 5580, 5734, 5741, 6042, 6196, 6578, 6905, 7185, 7280, 7967, 8692, 8866, 9277, 10189, 10453, 10567, 11051, 12583, 13073, 13114, 13780]",c4.3ca__GAVISH_3CA_MALIGNANT_METAPROGRAM_25_ASTROCYTES
c4.3ca,GAVISH_3CA_METAPROGRAM_EPITHELIAL_STRESS,prerank,0.6031760153576748,1.922977347931898,0.0,0.0007154815906586723,0.014,26_46,26/46,20.16%,DNAJB1;MAFF;NFKBIA;CLU;IRF1;CEBPD;SOCS3;GDF15;IER2;BCAM;ZFP36L2;GADD45B;CXCL1;KRT15;ZFP36L1;JUND;KLF4;JUN;PPP1R15A;KRT19;FOS;ERRFI1;KLF6;HES1;IER3;TSC22D1,DNAJB1;MAFF;NFKBIA;CLU;IRF1;CEBPD;SOCS3;GDF15;IER2;BCAM;ZFP36L2;GADD45B;CXCL1;KRT15;ZFP36L1;JUND;KLF4;JUN;PPP1R15A;KRT19;FOS;ERRFI1;KLF6;HES1;IER3;TSC22D1;ZFP36;CLDN4;DUSP1;CXCL2;ATF3;ID1;JUNB;FOSB;RHOB;BTG2;KRT17;NR4A1;NCOA7;ELF3;SOX4;CCNL1;VMP1;EGR1;TACSTD2;WSB1,"[9, 26, 132, 216, 538, 569, 619, 1105, 1118, 1209, 1465, 1626, 1774, 2033, 2102, 2470, 2806, 2824, 2828, 2855, 2889, 3005, 3324, 3383, 3480, 3531, 3755, 4357, 4446, 5578, 5684, 6042, 6511, 7855, 8719, 8882, 10572, 10627, 12289, 12379, 12801, 13496, 14381, 15627, 16130, 17092]",c4.3ca__GAVISH_3CA_METAPROGRAM_EPITHELIAL_STRESS
c4.3ca,GAVISH_3CA_METAPROGRAM_EPITHELIAL_EPI3,prerank,0.5896582338484673,1.918995104578214,0.0,0.0007452933236027838,0.015,17_45,17/45,13.56%,EPHA2;SMOX;KLHL21;ZC3H12A;TNFRSF12A;S100A8;GJB2;NDUFA4L2;PHLDA1;TUBA1C;VEGFA;CDKN1A;TUBB6;KDM6B;FOSL1;S100A9;S100A2,EPHA2;SMOX;KLHL21;ZC3H12A;TNFRSF12A;S100A8;GJB2;NDUFA4L2;PHLDA1;TUBA1C;VEGFA;CDKN1A;TUBB6;KDM6B;FOSL1;S100A9;S100A2;TGM1;LYPD3;NOP16;IER3;LAMA3;SOWAHC;KRT16;ECM1;EGLN3;NDRG1;ANXA1;HAS3;CALD1;NPPB;GJB3;ODC1;MAP7D1;PHLDA2;KRT17;FSCN1;LY6D;HBEGF;BNIP3;SERPINB2;DDX21;LAMC2;PTPRE;INHBA,"[39, 80, 361, 480, 503, 639, 724, 928, 1095, 1307, 1439, 1714, 1877, 2172, 2188, 2310, 2374, 2870, 3070, 3444, 3480, 3919, 4279, 5146, 5366, 5778, 6152, 6173, 6543, 6568, 7489, 7516, 8369, 9544, 9928, 10572, 10815, 11531, 12285, 12352, 13879, 13964, 14822, 15544, 16208]",c4.3ca__GAVISH_3CA_METAPROGRAM_EPITHELIAL_EPI3
c4.3ca,GAVISH_3CA_MALIGNANT_METAPROGRAM_18_INTERFERON_MHC_II_2,prerank,0.5719503096034629,1.8793238978363833,0.0,0.0012085837680045142,0.024,22_46,22/46,16.42%,MT2A;CLU;DHRS3;EGFL8;TMEM176A;MT1X;TMEM176B;ARPC1B;HLA-DRB1;C3;CD74;IFITM2;HLA-DRA;HLA-DRB5;IFITM3;CRYAB;LGALS1;RARRES2;HLA-DMA;S100A10;C1R;HLA-DPA1,MT2A;CLU;DHRS3;EGFL8;TMEM176A;MT1X;TMEM176B;ARPC1B;HLA-DRB1;C3;CD74;IFITM2;HLA-DRA;HLA-DRB5;IFITM3;CRYAB;LGALS1;RARRES2;HLA-DMA;S100A10;C1R;HLA-DPA1;SERPING1;CTSD;PDK4;C1S;CTNNAL1;ISG15;UCHL1;PLAT;ANXA1;NNMT;LGALS3BP;A2M;WFDC2;GPX3;GFRA3;GPM6B;CALM2;PLP1;PMP22;S100B;CD9;IFI6;TUBA1A;ALDH1A1,"[129, 216, 406, 433, 541, 544, 626, 654, 784, 1102, 1313, 1436, 1505, 1667, 1873, 2111, 2269, 2452, 2494, 2652, 2808, 2875, 3289, 3494, 3521, 4215, 4817, 5552, 5855, 5897, 6173, 6981, 7314, 7770, 7787, 7945, 10549, 11057, 12311, 12583, 12705, 13073, 13114, 13124, 17082, 17443]",c4.3ca__GAVISH_3CA_MALIGNANT_METAPROGRAM_18_INTERFERON_MHC_II_2
c4.3ca,GAVISH_3CA_METAPROGRAM_B_CELLS_MEMORY,prerank,0.5789296874741411,1.8467100896780193,0.0022935779816513763,0.0017416328193665053,0.034,18_43,18/43,18.82%,EMP3;GRN;S100A4;ARPC1B;S100A6;COTL1;CD86;S100A11;RGCC;SRGN;LGALS1;VIM;CAPG;S100A10;CTSH;ANXA2;HCST;PLEK,EMP3;GRN;S100A4;ARPC1B;S100A6;COTL1;CD86;S100A11;RGCC;SRGN;LGALS1;VIM;CAPG;S100A10;CTSH;ANXA2;HCST;PLEK;ACP5;EVI2B;RGS1;AIM2;IGFLR1;LSP1;CCDC50;PLP2;GPR183;IFI30;GSTK1;CAPZB;BHLHE41;HOPX;CRIP1;ISCU;CD27;ITGB1;SCIMP;PTPN1;CD82;BLK;SUB1;UBE2N;ENTPD1,"[270, 330, 576, 654, 722, 1300, 1574, 1895, 1907, 2229, 2269, 2436, 2484, 2652, 2919, 3075, 3278, 3296, 4430, 4543, 4861, 5965, 6270, 6575, 7063, 7242, 7403, 7881, 7929, 8009, 8086, 8494, 9221, 10088, 10630, 11311, 11474, 12370, 13246, 13357, 13682, 14060, 15171]",c4.3ca__GAVISH_3CA_METAPROGRAM_B_CELLS_MEMORY
c4.3ca,GAVISH_3CA_METAPROGRAM_CD4_T_CELLS_UNASSIGNED,prerank,0.5595027583756506,1.840613402456829,0.0,0.0020180249992936914,0.041,19_47,19/47,17.56%,MT2A;EMP3;S100A4;ARPC1B;TSPO;LCK;IFI27L2;COTL1;LCP1;DBI;CLIC1;ALOX5AP;LGALS1;S100A10;PRDX1;PRELID1;CORO1B;PARK7;ANXA2,MT2A;EMP3;S100A4;ARPC1B;TSPO;LCK;IFI27L2;COTL1;LCP1;DBI;CLIC1;ALOX5AP;LGALS1;S100A10;PRDX1;PRELID1;CORO1B;PARK7;ANXA2;DAD1;PSME2;LY6E;ANXA5;ID2;BRK1;ARPC4;ISG15;CKLF;LTB;LGALS3;LSP1;NEDD8;PKM;PPP1CA;CORO1A;TXN;ANXA6;APRT;TRAPPC1;APOBEC3G;UCP2;CAP1;ARPC5;SEC61G;KLRB1;GZMA;YWHAQ,"[129, 270, 576, 654, 780, 1019, 1257, 1300, 1537, 1597, 1955, 2249, 2269, 2652, 2756, 2834, 2953, 3030, 3075, 3800, 3856, 4334, 4481, 4494, 5449, 5513, 5552, 5984, 6278, 6287, 6575, 6619, 7001, 7117, 8042, 8981, 9127, 9799, 10341, 10385, 10606, 10635, 10877, 11422, 11447, 16671, 16842]",c4.3ca__GAVISH_3CA_METAPROGRAM_CD4_T_CELLS_UNASSIGNED
c4.3ca,GAVISH_3CA_METAPROGRAM_CD4_T_CELLS_NAIVE_1,prerank,0.5642188626461557,1.8167996576850265,0.0,0.002640467775049862,0.058,16_46,16/46,16.50%,DNAJB1;CXCR4;SOCS3;SLC2A3;IER2;KLF2;ZFP36L2;RGCC;PLAC8;SELL;IL7R;ALOX5AP;GIMAP4;JUN;GPR171;FOS,DNAJB1;CXCR4;SOCS3;SLC2A3;IER2;KLF2;ZFP36L2;RGCC;PLAC8;SELL;IL7R;ALOX5AP;GIMAP4;JUN;GPR171;FOS;ZFP36;NOSIP;TOB1;TCF7;DUSP1;CD48;LMNA;FOXP1;GIMAP7;ANXA1;CCL5;TXNIP;JUNB;NR4A2;GPR183;CD55;ZNF331;FOSB;DUSP2;TMEM123;BTG2;YPEL5;CCR7;PTGER4;KLRB1;PPP2R5C;CD69;LEPROTL1;FAM177A1;GZMA,"[9, 77, 619, 833, 1118, 1446, 1465, 1907, 1971, 2053, 2230, 2249, 2685, 2824, 2871, 2889, 3755, 3869, 4156, 4349, 4446, 4535, 5411, 5437, 6070, 6173, 6365, 6506, 6511, 6629, 7403, 7474, 7594, 7855, 8364, 8640, 8882, 9885, 10347, 10354, 11447, 12168, 13891, 14017, 15897, 16671]",c4.3ca__GAVISH_3CA_METAPROGRAM_CD4_T_CELLS_NAIVE_1
c4.3ca,GAVISH_3CA_METAPROGRAM_MACROPHAGES_LIPID_ASSOCIATED,prerank,0.5596918102508778,1.8226282684659207,0.002145922746781116,0.0026830559649700216,0.056,26_47,26/47,23.25%,NUPR1;CFD;C1QA;TMEM176B;STAB1;C1QC;VSIG4;PLTP;C1QB;CD59;GCHFR;F13A1;TREM2;FOLR2;FCGR3A;CD163;CD14;SLCO2B1;C2;MS4A4A;CTSD;IFI27;NPL;GPNMB;MSR1;APOE,NUPR1;CFD;C1QA;TMEM176B;STAB1;C1QC;VSIG4;PLTP;C1QB;CD59;GCHFR;F13A1;TREM2;FOLR2;FCGR3A;CD163;CD14;SLCO2B1;C2;MS4A4A;CTSD;IFI27;NPL;GPNMB;MSR1;APOE;ACP5;CTSC;APOC1;PLD3;GPR34;CYP27A1;SPP1;LGALS3;DAB2;CCL3;A2M;SLC40A1;LGMN;PLA2G7;CD9;LIPA;ASAH1;FUCA1;RNASE1;GM2A;CREG1,"[70, 280, 479, 626, 695, 771, 774, 964, 1031, 1312, 1500, 1558, 1622, 1729, 2138, 2304, 2611, 2616, 2744, 3313, 3494, 3603, 3695, 3711, 4026, 4072, 4430, 4687, 4775, 4872, 5106, 5688, 6253, 6287, 7000, 7600, 7770, 11015, 11720, 11738, 13114, 13631, 14148, 14256, 14461, 15083, 15330]",c4.3ca__GAVISH_3CA_METAPROGRAM_MACROPHAGES_LIPID_ASSOCIATED
c4.3ca,GAVISH_3CA_METAPROGRAM_MACROPHAGES_MAC_3,prerank,0.5488359921387443,1.818640485961875,0.002145922746781116,0.0027048694280998585,0.058,19_47,19/47,16.94%,CXCR4;C1QA;STAB1;C1QC;HERPUD1;C1QB;C3;ABI3;CSF1R;TREM2;AXL;FCGR3A;ALOX5AP;FCGBP;CD14;SLCO2B1;GIMAP4;PLD4;CD93,CXCR4;C1QA;STAB1;C1QC;HERPUD1;C1QB;C3;ABI3;CSF1R;TREM2;AXL;FCGR3A;ALOX5AP;FCGBP;CD14;SLCO2B1;GIMAP4;PLD4;CD93;HLA-DQA1;LTC4S;IL1B;RGS1;GPR34;USP53;ADAM28;IFNGR1;OLFML3;MAFB;HTRA1;CX3CR1;CCL3;CCL4L2;A2M;YWHAH;BTG2;MARCKS;LPAR6;CCL4;RB1;MEF2C;CD9;CD69;EPB41L2;ETV5;ENTPD1;IFI44L,"[77, 479, 695, 771, 817, 1031, 1102, 1200, 1549, 1622, 1739, 2138, 2249, 2345, 2611, 2616, 2685, 2727, 2967, 3372, 3532, 4629, 4861, 5106, 5380, 5496, 5613, 6280, 6394, 6416, 7588, 7600, 7660, 7770, 7832, 8882, 9000, 9144, 9267, 9620, 12683, 13114, 13891, 14689, 14899, 15171, 16902]",c4.3ca__GAVISH_3CA_METAPROGRAM_MACROPHAGES_MAC_3
c4.3ca,GAVISH_3CA_METAPROGRAM_EPITHELIAL_EPI_1,prerank,0.5591387402966689,1.8018540002302639,0.002127659574468085,0.003048927232920479,0.07,22_46,22/46,20.57%,C19orf33;S100A4;IL32;AGER;GPRC5A;CD151;CYP4B1;VEGFA;GAS6;AHNAK;RGCC;ANXA3;S100A10;KRT19;EMP2;TIMP3;ANXA2;ADIRF;TNNC1;RAB11FIP1;AQP4;IFI27,C19orf33;S100A4;IL32;AGER;GPRC5A;CD151;CYP4B1;VEGFA;GAS6;AHNAK;RGCC;ANXA3;S100A10;KRT19;EMP2;TIMP3;ANXA2;ADIRF;TNNC1;RAB11FIP1;AQP4;IFI27;CLIC3;PDLIM2;FMO2;CLDN18;TSPAN13;CD55;SUSD2;SPOCK2;SLC39A8;UPK3B;SPARC;SCEL;RDX;IGFBP7;ANKRD29;CST6;LMO7;CAV1;CLIC5;LIMCH1;MYL9;KRT7;CAV2;RTKN2,"[377, 576, 585, 759, 941, 1022, 1352, 1439, 1651, 1663, 1907, 1938, 2652, 2855, 2928, 3019, 3075, 3085, 3173, 3179, 3526, 3603, 4030, 4583, 6406, 6535, 7224, 7474, 7505, 8470, 8529, 8594, 9277, 9350, 9853, 10189, 10957, 11446, 11855, 12109, 12662, 13234, 13517, 14141, 14528, 15685]",c4.3ca__GAVISH_3CA_METAPROGRAM_EPITHELIAL_EPI_1
c4.3ca,GAVISH_3CA_MALIGNANT_METAPROGRAM_35_HEMATO_RELATED_1,prerank,0.5687034988212708,1.8042391384169316,0.0,0.003078234750508242,0.07,19_43,19/43,13.81%,CFD;TSC22D3;CST7;RAB32;CSF3R;IGLL1;CD74;ZFP36L2;CD52;NPDC1;LYZ;VAMP5;RNASE2;MBOAT7;PLAC8;SELL;CD34;SRGN;BST2,CFD;TSC22D3;CST7;RAB32;CSF3R;IGLL1;CD74;ZFP36L2;CD52;NPDC1;LYZ;VAMP5;RNASE2;MBOAT7;PLAC8;SELL;CD34;SRGN;BST2;FOS;KLF6;TNFSF13B;CLEC11A;AZU1;PTPRCAP;ITM2C;MGST1;CD44;HLA-DQB1;ICAM3;SERPINB1;MDK;C1QTNF4;HOPX;SPINK2;ELANE;AVP;GLIPR1;BAALC;MPO;PRTN3;CRHBP;ANKRD28,"[280, 366, 849, 1162, 1164, 1265, 1313, 1465, 1470, 1535, 1546, 1770, 1937, 1949, 1971, 2053, 2142, 2229, 2419, 2889, 3324, 3536, 4079, 4083, 4242, 4465, 4710, 5731, 5810, 6610, 6844, 7550, 8317, 8494, 8495, 9713, 11326, 11479, 12566, 12599, 15129, 16446, 16615]",c4.3ca__GAVISH_3CA_MALIGNANT_METAPROGRAM_35_HEMATO_RELATED_1
c4.3ca,GAVISH_3CA_METAPROGRAM_MACROPHAGES_MAC_2,prerank,0.5546330868549796,1.7931689433834808,0.004056795131845842,0.003219667157964026,0.074,24_46,24/46,20.57%,NUPR1;STXBP2;VMO1;SERPINA1;GYPC;CD52;GCHFR;ALDH2;PPIC;RETN;PDLIM1;FAM89A;ALOX5AP;AGRP;AKR1C3;AQP3;MARCO;TGM2;PCOLCE2;PPARG;SERPING1;TREM1;CES1;IFI27,NUPR1;STXBP2;VMO1;SERPINA1;GYPC;CD52;GCHFR;ALDH2;PPIC;RETN;PDLIM1;FAM89A;ALOX5AP;AGRP;AKR1C3;AQP3;MARCO;TGM2;PCOLCE2;PPARG;SERPING1;TREM1;CES1;IFI27;MGST1;IGFBP2;TCF7L2;PHLDA3;RND3;CYP27A1;NMB;HDDC2;ACOT7;FBP1;LGALS3BP;S100A13;LTA4H;FABP4;LPL;RBP4;FN1;FHL1;SCD;GPD1;INHBA;UBASH3B,"[70, 197, 788, 1224, 1383, 1470, 1500, 1718, 1777, 1835, 2106, 2150, 2249, 2322, 2427, 2445, 2594, 2975, 3264, 3284, 3289, 3333, 3434, 3603, 4710, 4812, 4922, 5073, 5629, 5688, 5775, 5884, 6071, 7260, 7314, 7331, 8186, 8786, 8940, 9547, 10662, 11823, 15398, 15940, 16208, 16639]",c4.3ca__GAVISH_3CA_METAPROGRAM_MACROPHAGES_MAC_2
c4.3ca,GAVISH_3CA_METAPROGRAM_MACROPHAGES_UNFOLDED_PROTEIN_RESPONSE,prerank,0.5541452816673189,1.7888303757523483,0.0022624434389140274,0.0032663290008330694,0.077,12_44,12/44,12.22%,SLC3A2;MT2A;CDK2AP2;MANF;ADM;HMOX1;DDIT3;SDF2L1;TAP1;HSPA5;PDIA4;SDC2,SLC3A2;MT2A;CDK2AP2;MANF;ADM;HMOX1;DDIT3;SDF2L1;TAP1;HSPA5;PDIA4;SDC2;SSR2;CALR;OSTC;LY6E;TMEM45A;HM13;CRELD2;HSP90B1;GBP2;ISG15;PDIA6;EGLN3;DNAJC1;NDRG1;PDIA3;PPIB;XPOT;TMEM258;SPCS2;SEC11C;DNAJB11;TXN;HYOU1;NUCB2;LMAN1;TRAM1;DNAJB9;SLC33A1;ARF4;CALU;TMED2;SMIM14,"[40, 129, 412, 427, 468, 693, 729, 1284, 1758, 1765, 1934, 2140, 3305, 3686, 4235, 4334, 4400, 4576, 4947, 5272, 5440, 5552, 5581, 5778, 5800, 6152, 7058, 7641, 7830, 8045, 8291, 8548, 8807, 8981, 9087, 9098, 10266, 10410, 10653, 13356, 13518, 15250, 15290, 17302]",c4.3ca__GAVISH_3CA_METAPROGRAM_MACROPHAGES_UNFOLDED_PROTEIN_RESPONSE
c4.3ca,GAVISH_3CA_METAPROGRAM_CD8_T_CELLS_UNASSIGNED_2,prerank,0.5340925106908249,1.7854653243124983,0.004395604395604396,0.003501292890457333,0.085,17_49,17/49,18.50%,MT2A;EMP3;PPP1R18;S100A4;IL32;ARPC1B;COTL1;CD52;S100A11;CLIC1;LGALS1;ENO1;SH3BGRL3;CAPG;RAC2;PARK7;PSMA7,MT2A;EMP3;PPP1R18;S100A4;IL32;ARPC1B;COTL1;CD52;S100A11;CLIC1;LGALS1;ENO1;SH3BGRL3;CAPG;RAC2;PARK7;PSMA7;MYL12A;PSME2;LY6E;ITM2C;ANXA5;PSME1;PFN1;ARPC4;TUBB;CKLF;LSP1;PKM;BLOC1S1;TPI1;FKBP1A;PPP1CA;CAPZB;CORO1A;TXN;GZMH;SNRPE;APOBEC3G;C12orf75;CAP1;ARPC5;PGAM1;CALM3;ACTB;STMN1;TBC1D10C;SLC25A5;GZMA,"[129, 270, 340, 576, 585, 654, 1300, 1470, 1895, 1955, 2269, 2285, 2356, 2484, 2938, 3030, 3240, 3586, 3856, 4334, 4465, 4481, 4930, 5360, 5513, 5726, 5984, 6575, 7001, 7005, 7010, 7100, 7117, 8009, 8042, 8981, 9977, 10370, 10385, 10484, 10635, 10877, 11781, 12212, 12262, 12454, 12905, 13855, 16671]",c4.3ca__GAVISH_3CA_METAPROGRAM_CD8_T_CELLS_UNASSIGNED_2
c4.3ca,GAVISH_3CA_METAPROGRAM_ENDOTHELIAL_ENDO_5,prerank,0.5400414378047403,1.7667707737773408,0.0,0.004397230609256423,0.104,18_49,18/49,15.35%,SMTN;CXCR4;TNFRSF4;EIF4EBP1;ADM;IL32;IGF2;WFS1;CLDN5;GMFG;PGF;COTL1;GYPC;RGCC;LGALS1;PCDH12;CHST1;LY6H,SMTN;CXCR4;TNFRSF4;EIF4EBP1;ADM;IL32;IGF2;WFS1;CLDN5;GMFG;PGF;COTL1;GYPC;RGCC;LGALS1;PCDH12;CHST1;LY6H;APOD;RGS3;TNFAIP8L1;HOMER3;JUP;RND3;GPIHBP1;ESM1;CHST15;CYTL1;PDGFB;MGLL;SMAD1;PXDN;TP53I11;MARCKS;LOX;LAMA4;COL4A1;FSCN1;EFCAB14;MMP2;SLC4A7;FABP5;CTHRC1;LXN;TSPAN15;NID2;SLC38A1;MCAM;COL12A1,"[49, 77, 373, 455, 468, 585, 826, 994, 1059, 1113, 1138, 1300, 1383, 1907, 2269, 2291, 2669, 2688, 3557, 3774, 4485, 4988, 5286, 5629, 5835, 6036, 6099, 6137, 6544, 7099, 7143, 8227, 8909, 9000, 9652, 9784, 9975, 10815, 11721, 11784, 13450, 13621, 14110, 15141, 15359, 15709, 16010, 16089, 16215]",c4.3ca__GAVISH_3CA_METAPROGRAM_ENDOTHELIAL_ENDO_5
c4.3ca,GAVISH_3CA_METAPROGRAM_EPITHELIAL_ALVEOLAR,prerank,0.5435307388305615,1.759119599650802,0.004158004158004158,0.00492806197647555,0.117,22_44,22/44,19.50%,SLPI;AK1;NAPSA;HLA-DRB1;C3;LAMP3;MUC1;SERPINA1;CD74;HLA-DRA;DBI;HLA-DPB1;MFSD2A;C16orf89;AQP3;AQP1;LPCAT1;HLA-DPA1;CTSH;NPC2;TFPI;SFTPB,SLPI;AK1;NAPSA;HLA-DRB1;C3;LAMP3;MUC1;SERPINA1;CD74;HLA-DRA;DBI;HLA-DPB1;MFSD2A;C16orf89;AQP3;AQP1;LPCAT1;HLA-DPA1;CTSH;NPC2;TFPI;SFTPB;PLA2G1B;SFTPC;CA2;PGC;CXCL2;MALL;ABCA3;NNMT;ALPL;SLC34A2;HOPX;SCGB3A1;WIF1;PEBP4;LRRK2;SFTA3;FABP5;SFTPD;RNASE1;CYB5A;C4BPA;SFTPA2,"[207, 305, 338, 784, 1102, 1163, 1180, 1224, 1313, 1505, 1597, 1615, 2098, 2372, 2445, 2580, 2820, 2875, 2919, 3069, 3378, 3415, 3744, 3893, 4119, 4840, 5578, 6187, 6744, 6981, 7488, 8199, 8494, 9724, 10133, 10540, 10661, 11386, 13621, 14031, 14461, 14760, 14849, 17237]",c4.3ca__GAVISH_3CA_METAPROGRAM_EPITHELIAL_ALVEOLAR
c4.3ca,GAVISH_3CA_METAPROGRAM_EPITHELIAL_SECRETED,prerank,0.5531954534163492,1.7469383524853415,0.0,0.005366111929940042,0.129,15_39,15/39,18.87%,SLPI;CLU;CXCL6;S100P;VMO1;AKR1C1;XBP1;C3;CP;CXCL1;LCN2;S100A9;KRT19;TGM2;BPIFB1,SLPI;CLU;CXCL6;S100P;VMO1;AKR1C1;XBP1;C3;CP;CXCL1;LCN2;S100A9;KRT19;TGM2;BPIFB1;AQP5;ZG16B;TMEM45A;TFF3;CTSC;SCGB1A1;PRSS23;FAM3D;LTF;MDK;IGFBP3;WFDC2;RHOV;TSPAN1;MGP;SCGB3A1;GSTA1;RARRES1;ELF3;PSCA;KRT7;SAA2;TSPAN8;MUC5B,"[207, 216, 232, 786, 788, 1043, 1084, 1102, 1606, 1774, 1836, 2310, 2855, 2975, 3304, 4046, 4223, 4400, 4669, 4687, 5545, 5736, 6532, 6558, 7550, 7570, 7787, 7936, 8183, 8492, 9724, 10539, 11294, 12379, 12758, 14141, 14579, 14882, 15741]",c4.3ca__GAVISH_3CA_METAPROGRAM_EPITHELIAL_SECRETED
c4.3ca,GAVISH_3CA_METAPROGRAM_EPITHELIAL_PDAC_RELATED_2,prerank,0.5440477291866649,1.7175944778073564,0.0041928721174004195,0.0075756874305035905,0.179,18_39,18/39,19.22%,SLPI;EPS8L1;PLAUR;S100A4;IL32;APOL1;S100P;GPRC5A;MUC1;PDZK1IP1;CLDN23;PLAC8;KRT19;TIMP1;SLC2A1;PI3;ISG20;DUOX2,SLPI;EPS8L1;PLAUR;S100A4;IL32;APOL1;S100P;GPRC5A;MUC1;PDZK1IP1;CLDN23;PLAC8;KRT19;TIMP1;SLC2A1;PI3;ISG20;DUOX2;CLIC3;TRIM29;DHRS9;KLK10;TFF3;PLAT;ANXA1;MALL;MUC5AC;C15orf48;CD55;TSPAN1;F3;LMO7;PSCA;IFI6;KRT7;COL17A1;LAMC2;ITGA2;TACSTD2,"[207, 248, 296, 576, 585, 741, 786, 941, 1180, 1230, 1803, 1971, 2855, 2996, 3156, 3275, 3309, 3366, 4030, 4206, 4302, 4423, 4669, 5897, 6173, 6187, 6239, 7261, 7474, 8183, 11051, 11855, 12758, 13124, 14141, 14802, 14822, 15635, 16130]",c4.3ca__GAVISH_3CA_METAPROGRAM_EPITHELIAL_PDAC_RELATED_2
c4.3ca,GAVISH_3CA_METAPROGRAM_EPITHELIAL_METABOLISM_KIDNEY_1,prerank,0.5391196728747846,1.7140780189169582,0.004016064257028112,0.0076707882075424975,0.184,12_41,12/41,13.86%,MT1F;MT1G;AZGP1;TMEM176A;MT1X;PCK1;IL32;PDZK1IP1;MT1H;ALDOB;CRYAB;AKR1C3,MT1F;MT1G;AZGP1;TMEM176A;MT1X;PCK1;IL32;PDZK1IP1;MT1H;ALDOB;CRYAB;AKR1C3;DPEP1;SLC16A9;BBOX1;APOE;HPD;PEPD;KHK;MGST1;SPP1;GATM;DAB2;HAO2;TSPAN1;CUBN;BHMT;CXCL14;LGALS2;RBP5;GSTA1;OCIAD2;AKR1A1;LRP2;SLC5A12;GLYATL1;SLC3A1;PDZK1;C11orf54;NAT8;FABP1,"[55, 302, 324, 541, 544, 572, 585, 1230, 1911, 2084, 2111, 2427, 2879, 3263, 4071, 4072, 4123, 4447, 4573, 4710, 6253, 6905, 7000, 7984, 8183, 8753, 9256, 9270, 10099, 10421, 10539, 10906, 11077, 12026, 12260, 12591, 12814, 13107, 13940, 14827, 16196]",c4.3ca__GAVISH_3CA_METAPROGRAM_EPITHELIAL_METABOLISM_KIDNEY_1
c4.3ca,GAVISH_3CA_MALIGNANT_METAPROGRAM_19_EPITHELIAL_SENESCENCE,prerank,0.5623488787381398,1.711718812507105,0.002079002079002079,0.0076948020127442125,0.189,13_36,13/36,13.96%,SLPI;S100A7;CLDN7;S100A8;MUC4;S100P;GPRC5A;PDZK1IP1;CRABP2;LCN2;IL1RN;S100A9;AQP3,SLPI;S100A7;CLDN7;S100A8;MUC4;S100P;GPRC5A;PDZK1IP1;CRABP2;LCN2;IL1RN;S100A9;AQP3;LYPD3;PI3;CLIC3;DSC2;CLDN4;KRT16;SULT2B1;KRT13;ANXA1;MALL;SERPINB1;C15orf48;IGFBP3;WFDC2;TSPAN1;KRT17;LY6D;ELF3;PSCA;FABP5;KRT7;TACSTD2;PRSS22,"[207, 235, 300, 639, 766, 786, 941, 1230, 1490, 1836, 2260, 2310, 2445, 3070, 3275, 4030, 4318, 4357, 5146, 5450, 5682, 6173, 6187, 6844, 7261, 7570, 7787, 8183, 10572, 11531, 12379, 12758, 13621, 14141, 16130, 16135]",c4.3ca__GAVISH_3CA_MALIGNANT_METAPROGRAM_19_EPITHELIAL_SENESCENCE
c4.3ca,GAVISH_3CA_METAPROGRAM_EPITHELIAL_EPI_2,prerank,0.5335126687229319,1.6939403479473754,0.008714596949891068,0.00960600283754699,0.226,21_47,21/47,17.62%,SLPI;CLU;PTH1R;CLDN7;S100A4;S100A6;MUC1;TM4SF1;CD74;PERP;IGFBP6;IFITM3;S100A11;CLDN10;S100A9;S100A2;S100A10;KRT19;TIMP1;ANXA2;ADIRF,SLPI;CLU;PTH1R;CLDN7;S100A4;S100A6;MUC1;TM4SF1;CD74;PERP;IGFBP6;IFITM3;S100A11;CLDN10;S100A9;S100A2;S100A10;KRT19;TIMP1;ANXA2;ADIRF;HLA-B;LY6E;ITM2C;IGFBP2;ANXA1;LGALS3;SOD3;MGLL;S100A14;WFDC2;TSPAN1;KNG1;PCSK1N;CXCL14;SOD2;KRT17;MAL;DEPTOR;CA4;KRT7;ATP1B1;TSPAN8;SLC12A1;TACSTD2;CLDN16;PAPPA2,"[207, 216, 218, 300, 576, 722, 1180, 1244, 1313, 1335, 1605, 1873, 1895, 2200, 2310, 2374, 2652, 2855, 2996, 3075, 3085, 3617, 4334, 4465, 4812, 6173, 6287, 6504, 7099, 7332, 7787, 8183, 8499, 9109, 9270, 9445, 10572, 10887, 13996, 14112, 14141, 14240, 14882, 15113, 16130, 16187, 16586]",c4.3ca__GAVISH_3CA_METAPROGRAM_EPITHELIAL_EPI_2
c4.3ca,GAVISH_3CA_METAPROGRAM_CD8_T_CELLS_NAIVE_3,prerank,0.5010896945072505,1.6708350994910703,0.010845986984815618,0.01203309947925949,0.274,16_49,16/49,16.67%,NFKBIA;FURIN;CEBPD;NINJ1;MAF;GPX1;PERP;PFKFB3;CCL20;TMIGD2;IL7R;ALOX5AP;TNFRSF25;AQP3;GPR171;CTSH,NFKBIA;FURIN;CEBPD;NINJ1;MAF;GPX1;PERP;PFKFB3;CCL20;TMIGD2;IL7R;ALOX5AP;TNFRSF25;AQP3;GPR171;CTSH;TNFSF13B;GNA15;LST1;IL4I1;CERK;IFNGR1;LTB;LGALS3;NCR3;RBMS1;GPR65;TNFRSF18;TTC39C;RORA;GNLY;PHACTR2;SPOCK2;HOPX;CXCR6;HPGD;FKBP11;CELF2;PRDM1;SNX9;ERN1;TANK;SATB1;KLRB1;RBPJ;CCR6;ODF2L;IFI44;ANKRD28,"[132, 555, 569, 932, 1021, 1260, 1335, 1594, 1617, 1831, 2230, 2249, 2404, 2445, 2871, 2919, 3536, 4188, 4379, 4412, 4783, 5613, 6278, 6287, 6362, 6805, 6823, 6954, 7263, 7923, 7939, 8157, 8470, 8494, 8931, 9608, 9893, 9974, 10431, 10870, 10889, 10953, 11290, 11447, 12114, 13588, 16124, 16309, 16615]",c4.3ca__GAVISH_3CA_METAPROGRAM_CD8_T_CELLS_NAIVE_3
c4.3ca,GAVISH_3CA_MALIGNANT_METAPROGRAM_23_SECRETED_2,prerank,0.5201316507814847,1.6679116827177134,0.002150537634408602,0.012073751842365095,0.28,15_41,15/41,18.87%,SLPI;CLU;VMO1;CFB;AKR1C1;C3;PDZK1IP1;CP;CXCL1;LCN2;S100A9;KRT19;TGM2;RDH10;BPIFB1,SLPI;CLU;VMO1;CFB;AKR1C1;C3;PDZK1IP1;CP;CXCL1;LCN2;S100A9;KRT19;TGM2;RDH10;BPIFB1;CLDN4;KYNU;TFF3;CTSC;SCGB1A1;CXCL2;PRSS23;FMO2;SERPINF1;FAM3D;LTF;NDRG2;MDK;IGFBP3;WFDC2;TSPAN1;SCGB3A1;GSTA1;RARRES1;NCOA7;ELF3;CD82;TNFSF10;SAA2;TSPAN8;MUC5B,"[207, 216, 788, 981, 1043, 1102, 1230, 1606, 1774, 1836, 2310, 2855, 2975, 3188, 3304, 4357, 4450, 4669, 4687, 5545, 5578, 5736, 6406, 6444, 6532, 6558, 7185, 7550, 7570, 7787, 8183, 9724, 10539, 11294, 12289, 12379, 13246, 13874, 14579, 14882, 15741]",c4.3ca__GAVISH_3CA_MALIGNANT_METAPROGRAM_23_SECRETED_2
c4.3ca,GAVISH_3CA_METAPROGRAM_EPITHELIAL_EPISEN,prerank,0.5513772468457142,1.665161810080025,0.006382978723404255,0.01214435857828536,0.284,16_35,16/35,17.53%,SLPI;S100A7;S100A8;GJB2;KRTDAP;PDZK1IP1;CSTB;CRABP2;PKP1;KRT10;RHCG;IL1RN;S100A9;AQP3;RAB25;LYPD3,SLPI;S100A7;S100A8;GJB2;KRTDAP;PDZK1IP1;CSTB;CRABP2;PKP1;KRT10;RHCG;IL1RN;S100A9;AQP3;RAB25;LYPD3;CLIC3;DSC2;CLDN4;TMEM45A;KRT16;CSTA;SULT2B1;KRT13;SERPINB1;GLTP;DMKN;LY6D;SBSN;SERPINB13;KRT1;FABP5;TMEM40;CALML3;SPINK5,"[207, 235, 639, 724, 1108, 1230, 1263, 1490, 1833, 1852, 2073, 2260, 2310, 2445, 3055, 3070, 4030, 4318, 4357, 4400, 5146, 5233, 5450, 5682, 6844, 8696, 10130, 11531, 11688, 12116, 12750, 13621, 14124, 14316, 16600]",c4.3ca__GAVISH_3CA_METAPROGRAM_EPITHELIAL_EPISEN
c4.3ca,GAVISH_3CA_METAPROGRAM_FIBROBLASTS_CAF_6,prerank,0.508274653745604,1.658134306378393,0.0,0.012767645626409066,0.302,20_48,20/48,19.61%,EMP3;EZR;FSTL3;IL18;TNFRSF11B;KRT18;PLEC;GPRC5A;TM4SF1;KLF2;IGFBP6;CRIP2;ANXA3;JUND;KRT19;TGM1;ERRFI1;TIMP3;KLF6;EMP1,EMP3;EZR;FSTL3;IL18;TNFRSF11B;KRT18;PLEC;GPRC5A;TM4SF1;KLF2;IGFBP6;CRIP2;ANXA3;JUND;KRT19;TGM1;ERRFI1;TIMP3;KLF6;EMP1;SERPINE1;CLIC3;TOB1;MRGPRF;CD44;BAMBI;UAP1;LRRFIP1;YWHAH;BDKRB1;RHOB;HAS1;CRIP1;TUBB2A;PHLDA2;LUM;SLC12A8;FLNB;CITED2;TPPP3;CD9;MYADM;SPON2;SERPINB2;KRT7;TAGLN;DES;MAP1B,"[270, 507, 583, 662, 664, 674, 832, 941, 1244, 1446, 1605, 1816, 1938, 2470, 2855, 2870, 3005, 3019, 3324, 3435, 4011, 4030, 4156, 5311, 5731, 5733, 5944, 6976, 7832, 8507, 8719, 9101, 9221, 9904, 9928, 10350, 10564, 11919, 12866, 13024, 13114, 13373, 13655, 13879, 14141, 14577, 15563, 15803]",c4.3ca__GAVISH_3CA_METAPROGRAM_FIBROBLASTS_CAF_6
c4.3ca,GAVISH_3CA_METAPROGRAM_FIBROBLASTS_COMPLEMENT,prerank,0.4977271734312482,1.6346765956950555,0.0,0.015977067723606794,0.373,16_47,16/47,17.74%,FBLN1;CLU;CFD;PRELP;MT1X;OGN;PODN;C3;C7;IGFBP6;ADH1B;CFH;SFRP2;MFAP5;PTGDS;TNXB,FBLN1;CLU;CFD;PRELP;MT1X;OGN;PODN;C3;C7;IGFBP6;ADH1B;CFH;SFRP2;MFAP5;PTGDS;TNXB;APOD;GPNMB;APOE;GPC3;MGST1;SRPX;PLAC9;GSN;ITM2A;FMO2;SERPINF1;SOD3;TXNIP;FBLN5;DPT;PI16;GPX3;SPARCL1;MGP;EFEMP1;CXCL14;ABCA8;RARRES1;FGF7;MFAP4;CCDC80;SFRP1;CXCL12;IGF1;SFRP4;COL14A1,"[109, 216, 280, 442, 544, 753, 1041, 1102, 1107, 1605, 1865, 2051, 2606, 2696, 2819, 3106, 3557, 3711, 4072, 4351, 4710, 4900, 5333, 6007, 6024, 6406, 6444, 6504, 6506, 6820, 7501, 7894, 7945, 7967, 8492, 8928, 9270, 10479, 11294, 12101, 12110, 14863, 15127, 15207, 15473, 16403, 16546]",c4.3ca__GAVISH_3CA_METAPROGRAM_FIBROBLASTS_COMPLEMENT
c4.3ca,GAVISH_3CA_METAPROGRAM_B_CELLS_PLASMA,prerank,0.5169061736271294,1.6300036035927012,0.02159827213822894,0.016450211981947346,0.393,12_37,12/37,13.07%,MZB1;MANF;HERPUD1;RABAC1;XBP1;DERL3;SDF2L1;CD63;HSPA5;P4HB;PDIA4;FKBP2,MZB1;MANF;HERPUD1;RABAC1;XBP1;DERL3;SDF2L1;CD63;HSPA5;P4HB;PDIA4;FKBP2;KRTCAP2;ITM2C;CRELD2;HSP90B1;SEC61B;PDIA6;TNFRSF17;RPN2;SDC1;SSR4;PPIB;TMEM258;SPCS2;SEC11C;PIM2;NUCB2;FKBP11;LMAN1;PRDX4;DNAJB9;TMEM59;ERLEC1;SPCS3;SSR3;SPCS1,"[283, 427, 817, 1038, 1084, 1148, 1284, 1647, 1765, 1840, 1934, 2288, 3464, 4465, 4947, 5272, 5404, 5581, 5623, 5693, 6228, 6308, 7641, 8045, 8291, 8548, 9063, 9098, 9893, 10266, 10397, 10653, 12410, 15151, 15200, 16095, 17055]",c4.3ca__GAVISH_3CA_METAPROGRAM_B_CELLS_PLASMA
c4.3ca,GAVISH_3CA_METAPROGRAM_EPITHELIAL_EMT_LIKE_1,prerank,0.4981225040247193,1.6308227653337348,0.008421052631578947,0.01651570005103769,0.388,18_45,18/45,17.11%,MT2A;MT1E;TNFRSF12A;MT1X;PHLDA1;MYC;CCL2;ITGB4;IFITM3;KRT15;PDLIM1;CRYAB;LGALS1;S100A2;DCN;VIM;C1R;TIMP1,MT2A;MT1E;TNFRSF12A;MT1X;PHLDA1;MYC;CCL2;ITGB4;IFITM3;KRT15;PDLIM1;CRYAB;LGALS1;S100A2;DCN;VIM;C1R;TIMP1;COL7A1;ITGA6;ACTN1;IGFBP2;SERPINF1;CALD1;FLNA;TPM2;LAMB3;POSTN;FHL2;CXCL14;SPARC;COL18A1;TGFBI;SFN;IGFBP7;KRT17;ITGB1;CAV1;MYL9;TAGLN;COL17A1;LAMC2;DST;KRT5;ACTA2,"[129, 327, 503, 544, 1095, 1232, 1826, 1867, 1873, 2033, 2106, 2111, 2269, 2374, 2386, 2436, 2808, 2996, 3411, 4120, 4592, 4812, 6444, 6568, 7192, 7309, 7368, 7719, 8535, 9270, 9277, 9457, 9768, 9994, 10189, 10572, 11311, 12109, 13517, 14577, 14802, 14822, 15239, 16425, 17077]",c4.3ca__GAVISH_3CA_METAPROGRAM_EPITHELIAL_EMT_LIKE_1
c4.3ca,GAVISH_3CA_MALIGNANT_METAPROGRAM_40_PDAC_RELATED,prerank,0.5182043560239373,1.6248618826370664,0.006329113924050633,0.016617636944330456,0.398,15_44,15/44,13.09%,SLPI;EPS8L1;PLAUR;TNFRSF12A;MT1X;S100A4;IL32;APOL1;KLF2;SLC16A3;CLDN23;LCN2;COL6A1;IL1RN;SDCBP2,SLPI;EPS8L1;PLAUR;TNFRSF12A;MT1X;S100A4;IL32;APOL1;KLF2;SLC16A3;CLDN23;LCN2;COL6A1;IL1RN;SDCBP2;SLC2A1;RAB11FIP1;ISG20;EMP1;CLIC3;LRRC8A;KLK10;LDLR;KRT16;ISG15;ANXA1;MALL;MUC5AC;C15orf48;CD55;KLK7;TIMP2;KRT17;CEACAM1;F3;CST6;LMO7;FLNB;SMIM5;KLK6;PSCA;LAMC2;ALDH1A3;ANKRD36C,"[207, 248, 296, 503, 544, 576, 585, 741, 1446, 1750, 1803, 1836, 2219, 2260, 2292, 3156, 3179, 3309, 3435, 4030, 4227, 4423, 4749, 5146, 5552, 6173, 6187, 6239, 7261, 7474, 9717, 10271, 10572, 11025, 11051, 11446, 11855, 11919, 12396, 12536, 12758, 14822, 16272, 17403]",c4.3ca__GAVISH_3CA_MALIGNANT_METAPROGRAM_40_PDAC_RELATED
c4.3ca,GAVISH_3CA_MALIGNANT_METAPROGRAM_34_PLATELET_ACTIVATION,prerank,0.49767513454634466,1.614581190724016,0.008264462809917356,0.017356018273399828,0.419,20_44,20/44,20.05%,LAT;CLU;CCND3;VASP;TGFB1;MAX;FERMT3;PIM1;FCER1G;MMRN1;GATA2;FCER1A;STOM;PDLIM1;LGALS1;CKB;FLI1;PLEK;ITGA2B;BIN2,LAT;CLU;CCND3;VASP;TGFB1;MAX;FERMT3;PIM1;FCER1G;MMRN1;GATA2;FCER1A;STOM;PDLIM1;LGALS1;CKB;FLI1;PLEK;ITGA2B;BIN2;DAD1;ACTN1;RGS18;GSN;PRKAR2B;PKM;MGLL;NRGN;PF4;LIMS1;TMSB4X;SLC44A1;VCL;C2orf88;TPM4;RAP1B;CD9;RAB27B;PPIF;TPM1;PBX1;HBD;CMTM5;CD36,"[194, 216, 223, 382, 386, 484, 630, 858, 1513, 1637, 1766, 2001, 2042, 2106, 2269, 2545, 2838, 3296, 3407, 3511, 3800, 4592, 5310, 6007, 6764, 7001, 7099, 8054, 8058, 9177, 9219, 10371, 11575, 11993, 12104, 12892, 13114, 13238, 13578, 14058, 15130, 15675, 16373, 17434]",c4.3ca__GAVISH_3CA_MALIGNANT_METAPROGRAM_34_PLATELET_ACTIVATION
c4.3ca,GAVISH_3CA_METAPROGRAM_FIBROBLASTS_CAF_2,prerank,0.49209364425968843,1.615634595257975,0.006122448979591836,0.017546334247105538,0.418,21_49,21/49,23.25%,HSPA1A;PDGFRB;COL5A3;GGT5;HTRA3;TGFB3;FMOD;BST2;SFRP2;TMEM204;OLFM2;SPRY1;PLXDC1;COL7A1;APCDD1;CHCHD10;TNFAIP6;C1QTNF6;NOTCH3;LOXL2;APOE,HSPA1A;PDGFRB;COL5A3;GGT5;HTRA3;TGFB3;FMOD;BST2;SFRP2;TMEM204;OLFM2;SPRY1;PLXDC1;COL7A1;APCDD1;CHCHD10;TNFAIP6;C1QTNF6;NOTCH3;LOXL2;APOE;CTSC;SPATS2L;ID4;MMP11;PRSS23;HES4;MEST;CYGB;ITGA1;IGFBP3;POSTN;F2R;SPARCL1;COL4A2;WNT5A;IL24;CHN1;COL18A1;COL4A1;GPM6B;LAMP5;PAG1;SPON2;TNFRSF21;ASPN;LAMB1;NREP;BPGM,"[2, 420, 660, 1341, 1489, 1861, 2003, 2419, 2606, 2643, 2895, 2949, 3081, 3411, 3451, 3530, 3571, 3759, 3857, 4066, 4072, 4687, 5168, 5301, 5605, 5736, 5771, 5973, 6201, 7251, 7570, 7719, 7751, 7967, 8242, 8910, 9230, 9383, 9457, 9975, 11057, 11363, 13174, 13655, 14131, 14312, 15592, 15739, 16582]",c4.3ca__GAVISH_3CA_METAPROGRAM_FIBROBLASTS_CAF_2
c4.3ca,GAVISH_3CA_METAPROGRAM_FIBROBLASTS_CAF_3,prerank,0.5033085301858939,1.60667033291084,0.0102880658436214,0.018464928743537275,0.44,16_42,16/42,19.61%,G0S2;CFD;BMP5;MAMDC2;C7;FGFR4;ADH1B;RGCC;SRGN;RARRES2;PTGDS;FOS;TGM2;TIMP3;SPINT2;CES1,G0S2;CFD;BMP5;MAMDC2;C7;FGFR4;ADH1B;RGCC;SRGN;RARRES2;PTGDS;FOS;TGM2;TIMP3;SPINT2;CES1;GPC3;LTBP2;SCN7A;USP53;FMO2;FBLN5;CDH11;A2M;INMT;ELN;LUM;FN1;PLEKHH2;GPM6B;ITGA8;FHL1;FIBIN;MFAP4;MYH10;LIMCH1;MACF1;PPP1R14A;AOC3;SLIT2;DST;LBH,"[1, 280, 925, 955, 1107, 1389, 1865, 1907, 2229, 2452, 2819, 2889, 2975, 3019, 3198, 3434, 4351, 4705, 4973, 5380, 6406, 6820, 7390, 7770, 9927, 9991, 10350, 10662, 10821, 11057, 11611, 11823, 11942, 12110, 12400, 13234, 13941, 14139, 14529, 14538, 15239, 16278]",c4.3ca__GAVISH_3CA_METAPROGRAM_FIBROBLASTS_CAF_3
c4.3ca,GAVISH_3CA_METAPROGRAM_ENDOTHELIAL_NOTCH_SIGNALING,prerank,0.485910910556429,1.5810041936043187,0.01735357917570499,0.022196190255661084,0.509,13_47,13/47,12.73%,EMP3;DLL4;GJA4;S100A4;STC1;ICAM2;IGF2;CLDN5;PODXL;FAM107A;SAT1;JAG2;SRGN,EMP3;DLL4;GJA4;S100A4;STC1;ICAM2;IGF2;CLDN5;PODXL;FAM107A;SAT1;JAG2;SRGN;MECOM;EFNB2;LTBP4;PCSK5;ADAMTS1;JAG1;EDN1;CXCL2;HES4;KCTD12;VEGFC;FBLN5;ALPL;SOX17;IGFBP3;NUDT4;PPA1;RHOB;HEY1;FBLN2;SERPINE2;ADAMTS6;FN1;ARL15;STMN1;SULF1;ATP13A3;ENPP2;PPP1R14A;GJA5;CXCL12;PLLP;SEMA3G;THSD7A,"[270, 332, 430, 576, 634, 814, 826, 1059, 1091, 1631, 1858, 2168, 2229, 3227, 4454, 4551, 4943, 5129, 5281, 5566, 5578, 5771, 5968, 6620, 6820, 7488, 7508, 7570, 8678, 8690, 8719, 8866, 9425, 10534, 10559, 10662, 10757, 12454, 12577, 13406, 14102, 14139, 14171, 15207, 15317, 16386, 16977]",c4.3ca__GAVISH_3CA_METAPROGRAM_ENDOTHELIAL_NOTCH_SIGNALING
c4.3ca,GAVISH_3CA_METAPROGRAM_FIBROBLASTS_CAF_4,prerank,-0.5603846765375886,-1.7665581476132988,0.0,0.026204283318611826,0.083,19_45,19/45,22.12%,ANKRD36C;ZKSCAN1;WSB1;ASH1L;BPTF;COL12A1;NKTR;SYNE1;RIF1;LAMB1;DYNC1H1;HNRNPU;DST;ATXN1;NFAT5;VMP1;MACF1;RBM5;LUC7L3,RUNX1;TEAD1;COL11A1;LENG8;PNISR;CCNL2;HNRNPH1;SPEN;MAP4K4;XAF1;TRIO;ZNF638;ARGLU1;LPP;OGT;STAT2;FAT1;ENAH;ARHGEF12;MXRA5;DDX17;PHLDB1;RNF213;SULF1;GOLGB1;PEAK1;LUC7L3;RBM5;MACF1;VMP1;NFAT5;ATXN1;DST;HNRNPU;DYNC1H1;LAMB1;RIF1;SYNE1;NKTR;COL12A1;BPTF;ASH1L;WSB1;ZKSCAN1;ANKRD36C,"[1384, 3355, 4498, 4595, 5451, 5724, 5823, 6167, 7148, 7203, 8219, 8658, 8722, 8989, 9058, 9534, 9969, 10169, 10898, 11030, 11153, 11333, 11374, 12577, 12621, 13015, 13644, 13849, 13941, 14381, 14755, 14916, 15239, 15455, 15541, 15592, 15786, 16088, 16168, 16215, 16356, 16613, 17092, 17355, 17403]",c4.3ca__GAVISH_3CA_METAPROGRAM_FIBROBLASTS_CAF_4
c4.3ca,GAVISH_3CA_METAPROGRAM_EPITHELIAL_RESPIRATION,prerank,0.49600033175246516,1.5583623281702592,0.01026694045174538,0.026536891832638815,0.564,9_38,9/38,15.81%,FXYD2;MRPS6;DUSP9;S100A6;CYSTM1;GSTP1;ENO1;CKB;ALDOA,FXYD2;MRPS6;DUSP9;S100A6;CYSTM1;GSTP1;ENO1;CKB;ALDOA;DEFB1;CHCHD10;UQCRH;NDUFA1;COX5B;NDUFS6;UCHL1;COX6B1;COX5A;HSPA2;PRDX2;LDHB;COX8A;GSTM3;KNG1;NUDT4;NDUFB1;PRDX3;SLC25A4;CBR1;COX7B;CYCS;PEBP1;SLC25A5;ATP1B1;IDH2;MPC1;NDUFA5;TMEM52B,"[5, 21, 317, 722, 1185, 1811, 2285, 2545, 2768, 3286, 3530, 4384, 4429, 4769, 5133, 5855, 6303, 6389, 6834, 6845, 7949, 8139, 8401, 8499, 8678, 9143, 9353, 9747, 11625, 11850, 11932, 13259, 13855, 14240, 14286, 15097, 15506, 16844]",c4.3ca__GAVISH_3CA_METAPROGRAM_EPITHELIAL_RESPIRATION
c4.3ca,GAVISH_3CA_MALIGNANT_METAPROGRAM_9_UNFOLDED_PROTEIN_RESPONSE,prerank,0.48709831883108184,1.547402497057428,0.008403361344537815,0.028934917269284544,0.585,13_42,13/42,13.07%,SLC3A2;ATF4;CDK2AP2;MANF;HERPUD1;SDF2L1;TMED9;LAPTM4A;DNAJC3;HSPA5;PDIA4;LMAN2;FKBP2,SLC3A2;ATF4;CDK2AP2;MANF;HERPUD1;SDF2L1;TMED9;LAPTM4A;DNAJC3;HSPA5;PDIA4;LMAN2;FKBP2;ISG20;MLEC;CALR;OSTC;HM13;CRELD2;HSP90B1;PDIA6;RPN2;SRPRB;KDELR2;RRBP1;PDIA3;CKAP4;PPIB;DNAJB11;HYOU1;FKBP11;LMAN1;PRDX4;DNAJB9;SEC61G;SLC35B1;ARF4;ERLEC1;CCPG1;TXNDC15;SEL1L;SEC63,"[40, 381, 412, 427, 817, 1284, 1520, 1592, 1630, 1765, 1934, 1950, 2288, 3309, 3328, 3686, 4235, 4576, 4947, 5272, 5581, 5693, 6407, 6485, 6657, 7058, 7405, 7641, 8807, 9087, 9893, 10266, 10397, 10653, 11422, 12553, 13518, 15151, 15673, 16402, 16663, 16970]",c4.3ca__GAVISH_3CA_MALIGNANT_METAPROGRAM_9_UNFOLDED_PROTEIN_RESPONSE
c4.3ca,GAVISH_3CA_METAPROGRAM_MACROPHAGES_PROTEASOMAL_DEGRADATION,prerank,0.4676171063593547,1.5412670781326707,0.016194331983805668,0.030252428126763424,0.603,16_48,16/48,15.74%,SLC3A2;MANF;S100A8;VSIG4;SDF2L1;GCHFR;CCT5;TREM2;FCGR1A;HSPA5;CCL2;DNASE2;S100A9;FPR1;MARCO;PRDX1,SLC3A2;MANF;S100A8;VSIG4;SDF2L1;GCHFR;CCT5;TREM2;FCGR1A;HSPA5;CCL2;DNASE2;S100A9;FPR1;MARCO;PRDX1;CALR;RENBP;PSME2;PSMB6;HM13;HSP90B1;PDIA6;CYP27A1;SPP1;LGALS3;NAGK;PSMC3;LRPAP1;FBP1;PSMA4;LTA4H;ATP6V0D1;MGST3;PSMD8;MNDA;PSMD7;TUBA1B;NME1;PLA2G7;MDH1;CD9;FABP5;PSMA5;GLIPR2;PSMC2;PSMA3;TUBA1A,"[40, 427, 639, 774, 1284, 1500, 1508, 1622, 1740, 1765, 1826, 1893, 2310, 2561, 2594, 2756, 3686, 3841, 3856, 4299, 4576, 5272, 5581, 5688, 6253, 6287, 6319, 6885, 7031, 7260, 7762, 8186, 8189, 8191, 8583, 8616, 9152, 9644, 11144, 11738, 12589, 13114, 13621, 14940, 15929, 16078, 16801, 17082]",c4.3ca__GAVISH_3CA_METAPROGRAM_MACROPHAGES_PROTEASOMAL_DEGRADATION
c4.3ca,GAVISH_3CA_MALIGNANT_METAPROGRAM_13_EMT_2,prerank,0.46364665557986035,1.518287877541644,0.024,0.03705172523053839,0.676,15_48,15/48,15.15%,MT2A;EMP3;PLAUR;TNFRSF12A;FSTL3;IL32;CDA;IGFBP6;CDKN1A;PDLIM7;ANXA3;LGALS1;S100A2;VIM;RHOD,MT2A;EMP3;PLAUR;TNFRSF12A;FSTL3;IL32;CDA;IGFBP6;CDKN1A;PDLIM7;ANXA3;LGALS1;S100A2;VIM;RHOD;TGM2;LAMA3;SERPINE1;ITGA6;PLAU;PRSS23;PMEPA1;FLNA;C15orf48;LAMB3;ITGA3;ITGB6;THBS1;ITGAV;TGFBI;IGFBP7;SERPINE2;KRT17;FN1;F3;PDPN;ITGB1;CST6;CAV1;TPM1;KRT7;COL17A1;LAMC2;PTHLH;DCBLD2;RBP1;INHBA;TNC,"[129, 270, 296, 503, 583, 585, 815, 1605, 1714, 1870, 1938, 2269, 2374, 2436, 2653, 2975, 3919, 4011, 4120, 5250, 5736, 6198, 7192, 7261, 7368, 8739, 8865, 9307, 9460, 9768, 10189, 10534, 10572, 10662, 11051, 11303, 11311, 11446, 12109, 14058, 14141, 14802, 14822, 14886, 15459, 15663, 16208, 16400]",c4.3ca__GAVISH_3CA_MALIGNANT_METAPROGRAM_13_EMT_2
c4.3ca,GAVISH_3CA_METAPROGRAM_CD4_T_CELLS_NAIVE_2,prerank,0.4739454372612587,1.5100410576712235,0.02012072434607646,0.039074364334915526,0.697,19_41,19/41,22.09%,TMEM243;ICAM2;MYC;LEF1;KLF2;GIMAP1;GIMAP5;PLAC8;GIMAP2;SELL;RASGRP2;TIMP1;SMDT1;ALKBH7;CREBRF;C1orf162;TSHZ2;PRMT2;NOSIP,TMEM243;ICAM2;MYC;LEF1;KLF2;GIMAP1;GIMAP5;PLAC8;GIMAP2;SELL;RASGRP2;TIMP1;SMDT1;ALKBH7;CREBRF;C1orf162;TSHZ2;PRMT2;NOSIP;TCF7;FOXP1;IL6ST;ST13;PIM2;LPAR6;CCR7;CD27;EIF2S3;PRKCA;MAL;SATB1;ITGB1;KLRB1;FHIT;TRABD2A;APEX1;TAGAP;RIC3;SH3BP5;RSL1D1;SORL1,"[704, 814, 1232, 1377, 1446, 1618, 1897, 1971, 2018, 2053, 2194, 2996, 3231, 3290, 3501, 3558, 3612, 3768, 3869, 4349, 5437, 5448, 7462, 9063, 9144, 10347, 10630, 10791, 10873, 10887, 11290, 11311, 11447, 11500, 12073, 12075, 12447, 12778, 13160, 14477, 15971]",c4.3ca__GAVISH_3CA_METAPROGRAM_CD4_T_CELLS_NAIVE_2
c4.3ca,GAVISH_3CA_METAPROGRAM_EPITHELIAL_COLON_RELATED,prerank,0.49277416354421755,1.5015911647928624,0.026373626373626374,0.04114019146287366,0.722,11_35,11/35,13.96%,MLPH;KLK1;REP15;MT1G;XBP1;PHLDA1;SERPINA1;HSPA5;FER1L6;FCGBP;AQP3,MLPH;KLK1;REP15;MT1G;XBP1;PHLDA1;SERPINA1;HSPA5;FER1L6;FCGBP;AQP3;TFF3;TPSG1;HSP90B1;GSN;ITM2A;HPCAL1;MGLL;HES6;ST6GALNAC1;WFDC2;SEC24D;LRRC26;BCAS1;LMAN1;SYTL2;F3;IFI6;HEPACAM2;RNASE1;SLC12A2;DST;JMJD1C;ABCA5;ANKRD36C,"[71, 142, 251, 302, 1084, 1095, 1224, 1765, 2126, 2345, 2445, 4669, 4822, 5272, 6007, 6024, 7088, 7099, 7215, 7356, 7787, 7965, 8599, 9361, 10266, 10935, 11051, 13124, 14041, 14461, 15054, 15239, 15310, 16444, 17403]",c4.3ca__GAVISH_3CA_METAPROGRAM_EPITHELIAL_COLON_RELATED
c4.3ca,GAVISH_3CA_METAPROGRAM_CD4_T_CELLS_T_REG,prerank,0.4539477038807429,1.492063713379245,0.010040160642570281,0.0435331873235226,0.751,15_45,15/45,18.50%,IL1R2;TNFRSF4;CASP1;TNFRSF1B;HLA-DRB1;CST7;PHLDA1;BATF;CD7;SAT1;LGALS1;TYMP;CORO1B;CARD16;LAIR2,IL1R2;TNFRSF4;CASP1;TNFRSF1B;HLA-DRB1;CST7;PHLDA1;BATF;CD7;SAT1;LGALS1;TYMP;CORO1B;CARD16;LAIR2;PMAIP1;GLRX;ACP5;CTSC;GBP2;TBC1D4;GBP5;LTB;SYNGR2;GADD45A;DNPH1;TNFRSF18;PKM;BTG3;NAMPT;CTLA4;CXCR6;PIM2;ARID5B;UGP2;LAYN;UCP2;CD27;IFI6;TIGIT;IL2RB;MAGEH1;FOXP3;RTKN2;DUSP4,"[148, 373, 645, 720, 784, 849, 1095, 1480, 1650, 1858, 2269, 2704, 2953, 3238, 3239, 3544, 4181, 4430, 4687, 5440, 5544, 5789, 6278, 6290, 6740, 6762, 6954, 7001, 8730, 8789, 8921, 8931, 9063, 9401, 9502, 9613, 10606, 10630, 13124, 14113, 14160, 14196, 15494, 15685, 17396]",c4.3ca__GAVISH_3CA_METAPROGRAM_CD4_T_CELLS_T_REG
c4.3ca,GAVISH_3CA_METAPROGRAM_MACROPHAGES_MYC_MITOCHONDRIA,prerank,0.4485229225616419,1.4935486920054613,0.010845986984815618,0.04356596808873697,0.744,13_47,13/47,14.19%,MANF;HSPD1;PPP1R14B;CCT3;SDF2L1;CCT5;MRPL4;MRPS34;HSPA5;ISOC2;ALOX5AP;HNRNPAB;MRPS12,MANF;HSPD1;PPP1R14B;CCT3;SDF2L1;CCT5;MRPL4;MRPS34;HSPA5;ISOC2;ALOX5AP;HNRNPAB;MRPS12;MRPL52;NOP16;CLEC5A;CCDC85B;MRPL12;KCNN4;PRMT1;CYC1;CCT6A;CCT2;SPP1;EIF5A;NHP2;SRM;LDHB;CORO1A;GGCT;PPA1;TIMM13;PSMC4;PDCD5;C1QBP;TOMM40;NME1;DCTPP1;APEX1;RRP7A;SNRPD1;BOLA3;EBNA1BP2;FABP5;PA2G4;RANBP1;MRPL3,"[427, 682, 1003, 1222, 1284, 1508, 1526, 1702, 1765, 2163, 2249, 2299, 2485, 3013, 3444, 3594, 4067, 4166, 4563, 4768, 5661, 5971, 6142, 6253, 6333, 6828, 7886, 7949, 8042, 8653, 8690, 8804, 9276, 9345, 9551, 9825, 11144, 11258, 12075, 12682, 12984, 12998, 13318, 13621, 13880, 14228, 16293]",c4.3ca__GAVISH_3CA_METAPROGRAM_MACROPHAGES_MYC_MITOCHONDRIA
c4.3ca,GAVISH_3CA_MALIGNANT_METAPROGRAM_15_EMT_4,prerank,0.4486216880793522,1.4621348467884887,0.030303030303030304,0.05413810702650621,0.816,15_48,15/48,17.78%,SERPINH1;PNRC1;SOCS3;NINJ1;BCAM;CD74;IFITM1;CCL2;KRT15;DCN;NFIB;IGFBP5;C1R;TIMP1;GLUL,SERPINH1;PNRC1;SOCS3;NINJ1;BCAM;CD74;IFITM1;CCL2;KRT15;DCN;NFIB;IGFBP5;C1R;TIMP1;GLUL;TSC22D1;SESN3;C1S;TP53AIP1;MOXD1;ASS1;SDCBP;HTRA1;SERPINF1;TXNIP;LTF;NTRK2;SNAI2;FTH1;HOPX;CXCL14;SPARC;C12orf75;SERPINE2;THBS2;CAV1;DAPL1;NCOA7;SOX4;ANTXR1;ASPN;SLC47A2;COL17A1;SFRP1;DST;EGR1;ALDH3A1;IFIT3,"[8, 85, 619, 932, 1209, 1313, 1596, 1826, 2033, 2386, 2440, 2746, 2808, 2996, 3113, 3531, 3906, 4215, 4724, 4786, 5245, 5806, 6416, 6444, 6506, 6558, 7280, 7384, 7737, 8494, 9270, 9277, 10484, 10534, 11701, 12109, 12218, 12289, 12801, 12885, 14312, 14798, 14802, 15127, 15239, 15627, 15706, 16042]",c4.3ca__GAVISH_3CA_MALIGNANT_METAPROGRAM_15_EMT_4
c4.3ca,GAVISH_3CA_METAPROGRAM_CD4_T_CELLS_CYTOTOXIC,prerank,0.44838930255667153,1.4570192874208767,0.03896103896103896,0.05549689443332728,0.829,17_45,17/45,19.95%,CLEC2B;PLIN2;GZMM;HLA-DRB1;CST7;ITGB2;COTL1;HLA-DRA;HLA-DPB1;CD63;ALOX5AP;LGALS1;JUN;HLA-DPA1;ANXA2;LAG3;CTSD,CLEC2B;PLIN2;GZMM;HLA-DRB1;CST7;ITGB2;COTL1;HLA-DRA;HLA-DPB1;CD63;ALOX5AP;LGALS1;JUN;HLA-DPA1;ANXA2;LAG3;CTSD;ID2;PRF1;BHLHE40;CXCL13;CTSW;CKLF;ANXA1;CCL5;PDCD1;CCL3;CCL4L2;GNLY;HOPX;GZMB;CXCR6;CCL4;GZMH;CD6;CD96;APOBEC3G;C12orf75;KLRB1;RBPJ;NKG7;ZEB2;ANKRD28;GZMA;DUSP4,"[389, 632, 677, 784, 849, 902, 1300, 1505, 1615, 1647, 2249, 2269, 2824, 2875, 3075, 3277, 3494, 4494, 4709, 4717, 5314, 5967, 5984, 6173, 6365, 7552, 7600, 7660, 7939, 8494, 8826, 8931, 9267, 9977, 10125, 10380, 10385, 10484, 11447, 12114, 13309, 14204, 16615, 16671, 17396]",c4.3ca__GAVISH_3CA_METAPROGRAM_CD4_T_CELLS_CYTOTOXIC
c4.3ca,GAVISH_3CA_METAPROGRAM_ENDOTHELIAL_ENDO_2,prerank,0.443373812734119,1.4492109168281944,0.04106776180698152,0.0570800344952694,0.847,19_48,19/48,20.31%,ANGPT2;CLU;PARD6G;FLT4;MAF;LYVE1;CLDN5;NR2F1;LAPTM5;GYPC;MMRN1;ARL4A;RARRES2;IGFBP5;TIMP1;ADIRF;TFPI;NRP2;APOD,ANGPT2;CLU;PARD6G;FLT4;MAF;LYVE1;CLDN5;NR2F1;LAPTM5;GYPC;MMRN1;ARL4A;RARRES2;IGFBP5;TIMP1;ADIRF;TFPI;NRP2;APOD;RGS16;MFAP2;SNCG;TFF3;MRC1;FXYD6;NR2F2;AKAP12;PPFIBP1;FABP4;SEMA3A;EFEMP1;LIMS1;ADD3;CISD1;FN1;PDPN;STMN1;CD9;FABP5;TSPAN5;NTS;PROX1;CCDC80;IGF1;PTPRE;RBP1;PPP1R2;RELN,"[198, 216, 245, 525, 1021, 1023, 1059, 1093, 1292, 1383, 1637, 1751, 2452, 2746, 2996, 3085, 3378, 3520, 3557, 4541, 4570, 4604, 4669, 5858, 6624, 6803, 6959, 8300, 8786, 8858, 8928, 9177, 9836, 10119, 10662, 11303, 12454, 13114, 13621, 14191, 14463, 14536, 14863, 15473, 15544, 15663, 16137, 16364]",c4.3ca__GAVISH_3CA_METAPROGRAM_ENDOTHELIAL_ENDO_2
c4.3ca,GAVISH_3CA_METAPROGRAM_ENDOTHELIAL_ENDO_1,prerank,0.44526258265695,1.4499822379330256,0.048625792811839326,0.0573990519685467,0.846,11_46,11/46,10.89%,CXCR4;ANGPT2;TNFRSF4;STC1;TM4SF18;NOTCH4;NID1;PODXL;FLT1;GJA1;RGCC,CXCR4;ANGPT2;TNFRSF4;STC1;TM4SF18;NOTCH4;NID1;PODXL;FLT1;GJA1;RGCC;TIMP3;INSR;MLEC;FCN3;CA2;PTP4A3;EDNRB;ESM1;HTRA1;HSPG2;IVNS1ABP;PDGFD;ITGA1;GRB10;COL15A1;IGFBP3;PXDN;COL4A2;PLVAP;TP53I11;ACE;SPARC;LAMA4;VWA1;COL4A1;KDR;MYO1B;MMP2;UNC5B;SPRY4;CDH13;MCAM;LBH;ANGPTL2;HECW2,"[77, 198, 373, 634, 675, 781, 998, 1091, 1534, 1579, 1907, 3019, 3052, 3328, 3542, 4119, 4879, 5580, 6036, 6416, 6635, 6898, 6943, 7251, 7360, 7382, 7570, 8227, 8242, 8393, 8909, 8966, 9277, 9784, 9869, 9975, 10163, 10409, 11784, 11819, 12130, 12477, 16089, 16278, 17416, 17507]",c4.3ca__GAVISH_3CA_METAPROGRAM_ENDOTHELIAL_ENDO_1
c4.3ca,GAVISH_3CA_METAPROGRAM_FIBROBLASTS_CAF_5,prerank,0.4447134624181379,1.4507646653753936,0.041758241758241756,0.05781927529705959,0.845,15_48,15/48,14.00%,HSPA1A;MT1M;CLU;MT1E;MT1X;S100A4;S100A6;MTHFD2;BCAM;TM4SF1;GADD45B;CRYAB;FXYD1;AEBP1;RARRES2,HSPA1A;MT1M;CLU;MT1E;MT1X;S100A4;S100A6;MTHFD2;BCAM;TM4SF1;GADD45B;CRYAB;FXYD1;AEBP1;RARRES2;IGFBP5;TIMP3;PDK4;CSRP1;IGFBP2;MSRB3;TXNIP;NNMT;PDLIM5;NTRK2;NDUFA4;THBS1;PHLDA2;LTBP1;LMOD1;SORBS2;CD9;LITAF;RERGL;NET1;MYH11;ASPN;PLN;TAGLN;CNN1;ACTG2;SYNPO2;NEXN;EGR1;LBH;COL14A1;ACTA2;PPP1R12B,"[2, 162, 216, 327, 544, 576, 722, 723, 1209, 1244, 1626, 2111, 2198, 2412, 2452, 2746, 3019, 3521, 4051, 4812, 6227, 6506, 6981, 7150, 7280, 7420, 9307, 9928, 10550, 11847, 12853, 13114, 13134, 13371, 14067, 14282, 14312, 14544, 14577, 14675, 14818, 14925, 14954, 15627, 16278, 16546, 17077, 17335]",c4.3ca__GAVISH_3CA_METAPROGRAM_FIBROBLASTS_CAF_5
c4.3ca,GAVISH_3CA_METAPROGRAM_CD8_T_CELLS_DYSFUNCTION,prerank,0.4343933918786019,1.4167858239814461,0.04184100418410042,0.07242015225448249,0.91,9_46,9/46,12.74%,HSPB1;NFKBIA;FKBP5;GEM;TNFRSF4;MAF;BATF;BIRC3;IL7R,HSPB1;NFKBIA;FKBP5;GEM;TNFRSF4;MAF;BATF;BIRC3;IL7R;CORO1B;PARK7;STAT3;PMAIP1;EIF3I;GPX4;CXCL13;GBP2;IL6ST;TBC1D4;AP2M1;ITM2A;IGFLR1;LTB;DNPH1;TNFRSF18;PKM;FKBP1A;SPOCK2;CTLA4;CHN1;ARID5B;CCR7;UCP2;CD27;SNX9;KLRB1;PGAM1;RBPJ;CD82;PEBP1;TIGIT;NR3C1;MAGEH1;ICA1;DUSP4;CRTAM,"[3, 132, 246, 323, 373, 1021, 1480, 1994, 2230, 2953, 3030, 3143, 3544, 4270, 4303, 5314, 5440, 5448, 5544, 5915, 6024, 6270, 6278, 6762, 6954, 7001, 7100, 8470, 8921, 9383, 9401, 10347, 10606, 10630, 10870, 11447, 11781, 12114, 13246, 13259, 14113, 14123, 14196, 14590, 17396, 17471]",c4.3ca__GAVISH_3CA_METAPROGRAM_CD8_T_CELLS_DYSFUNCTION
c4.3ca,GAVISH_3CA_METAPROGRAM_FIBROBLASTS_CAF_10,prerank,0.4338538477496216,1.4051745461076801,0.0397489539748954,0.07742217459411437,0.926,14_46,14/46,16.99%,CXCR4;TMEM176A;TMEM176B;BMP4;BMP5;GDF15;GMFG;TM4SF1;GJA1;TSPAN33;IL7R;DLL1;SPRY1;TGM2,CXCR4;TMEM176A;TMEM176B;BMP4;BMP5;GDF15;GMFG;TM4SF1;GJA1;TSPAN33;IL7R;DLL1;SPRY1;TGM2;EMID1;IGFBP2;PLAU;MMP11;AGT;PLAT;MEST;LSP1;PDGFD;MGLL;F2R;ETS2;WNT5A;CXCL14;SOX6;TGFBI;DMKN;TSLP;PDGFRA;PRDM1;F3;PDPN;TRPA1;NSG1;PAG1;FABP5;PPP1R14A;RBP1;PROCR;F2RL2;COL12A1;MME,"[77, 541, 626, 730, 925, 1105, 1113, 1244, 1579, 1662, 2230, 2363, 2949, 2975, 3540, 4812, 5250, 5605, 5734, 5897, 5973, 6575, 6943, 7099, 7751, 7937, 8910, 9270, 9745, 9768, 10130, 10214, 10418, 10431, 11051, 11303, 12111, 12165, 13174, 13621, 14139, 15663, 15775, 16081, 16215, 16915]",c4.3ca__GAVISH_3CA_METAPROGRAM_FIBROBLASTS_CAF_10
c4.3ca,GAVISH_3CA_MALIGNANT_METAPROGRAM_12_EMT_1,prerank,0.41600800450364656,1.4013119334484074,0.049281314168377825,0.0784412134148959,0.931,16_48,16/48,18.78%,FBLN1;TSC22D3;ID3;CTSK;COL6A1;LGALS1;DCN;VIM;RARRES2;IGFBP5;C1R;TIMP1;TIMP3;COL6A2;BGN;SERPING1,FBLN1;TSC22D3;ID3;CTSK;COL6A1;LGALS1;DCN;VIM;RARRES2;IGFBP5;C1R;TIMP1;TIMP3;COL6A2;BGN;SERPING1;COL1A2;FSTL1;C1S;IGFBP4;COL1A1;PRSS23;CALD1;NNMT;TPM2;SNAI2;POSTN;A2M;SPARCL1;COL4A2;MGP;COL6A3;SPARC;TGFBI;TCF4;COL4A1;IGFBP7;LUM;FN1;MMP2;CAV1;COL3A1;MYL9;TPM1;TAGLN;CCDC80;CXCL12;ACTA2,"[109, 366, 1413, 2008, 2219, 2269, 2386, 2436, 2452, 2746, 2808, 2996, 3019, 3098, 3245, 3289, 3978, 3983, 4215, 5049, 5109, 5736, 6568, 6981, 7309, 7384, 7719, 7770, 7967, 8242, 8492, 8818, 9277, 9768, 9842, 9975, 10189, 10350, 10662, 11784, 12109, 12899, 13517, 14058, 14577, 14863, 15207, 17077]",c4.3ca__GAVISH_3CA_MALIGNANT_METAPROGRAM_12_EMT_1
c4.3ca,GAVISH_3CA_MALIGNANT_METAPROGRAM_17_INTERFERON_MHC_II_1,prerank,0.4116773639526888,1.3825392014616729,0.05510204081632653,0.08837921696660286,0.946,26_47,26/47,25.18%,HLA-DRB1;CD74;HLA-DRA;IFITM1;HLA-DPB1;HLA-DRB5;TAP1;IFITM3;BST2;HLA-DMA;TYMP;C1R;HLA-DPA1;UBE2L6;PLSCR1;ISG20;HLA-E;HLA-DQA1;IFI27;HLA-B;CXCL10;PSMB8;PARP9;HLA-F;C1S;OAS1,HLA-DRB1;CD74;HLA-DRA;IFITM1;HLA-DPB1;HLA-DRB5;TAP1;IFITM3;BST2;HLA-DMA;TYMP;C1R;HLA-DPA1;UBE2L6;PLSCR1;ISG20;HLA-E;HLA-DQA1;IFI27;HLA-B;CXCL10;PSMB8;PARP9;HLA-F;C1S;OAS1;GBP2;HLA-C;ISG15;HLA-DQB1;GBP1;IFI35;HLA-A;IFIT1;PARP14;PSMB9;MX1;B2M;SOD2;IFIT2;LAP3;IFI6;TNFSF10;IFIT3;IFI44;IFI44L;STAT1,"[784, 1313, 1505, 1596, 1615, 1667, 1758, 1873, 2419, 2494, 2704, 2808, 2875, 2986, 3220, 3309, 3356, 3372, 3603, 3617, 3676, 3936, 4116, 4126, 4215, 4410, 5440, 5482, 5552, 5810, 6521, 6879, 7039, 8187, 8218, 8284, 8348, 8604, 9445, 12848, 12912, 13124, 13874, 16042, 16309, 16902, 16938]",c4.3ca__GAVISH_3CA_MALIGNANT_METAPROGRAM_17_INTERFERON_MHC_II_1
c4.3ca,GAVISH_3CA_MALIGNANT_METAPROGRAM_26_NPC_GLIOMA,prerank,-0.5025365236633227,-1.5954315859453143,0.009578544061302681,0.09421764788714365,0.441,29_44,29/44,36.15%,PAK3;IGFBPL1;SCG2;SOX11;CXADR;MAP1B;NREP;RBP1;TCEAL7;RBFOX2;NNAT;STMN4;NSG2;BEX2;SNAP25;TERF2IP;DCX;SCG3;SOX4;STMN1;SYT1;ARL4D;GAP43;NSG1;STMN2;PKIA;TUBB3;MLLT11;RTN1,DDAH2;RND3;UCHL1;GPC2;KLHDC8A;CRMP1;TAGLN3;ENO2;BASP1;TUBB2A;FNBP1L;GNG3;ELAVL4;KIF5C;DLX5;RTN1;MLLT11;TUBB3;PKIA;STMN2;NSG1;GAP43;ARL4D;SYT1;STMN1;SOX4;SCG3;DCX;TERF2IP;SNAP25;BEX2;NSG2;STMN4;NNAT;RBFOX2;TCEAL7;RBP1;NREP;MAP1B;CXADR;SOX11;SCG2;IGFBPL1;PAK3,"[801, 5629, 5855, 6779, 6813, 8192, 8444, 8715, 9875, 9904, 9957, 10116, 10303, 10618, 10738, 11186, 11242, 11364, 11726, 11770, 12165, 12313, 12322, 12427, 12454, 12801, 12882, 12922, 13023, 13308, 13740, 13986, 14187, 14424, 14946, 15607, 15663, 15739, 15803, 16037, 16271, 16544, 17050, 17241]",c4.3ca__GAVISH_3CA_MALIGNANT_METAPROGRAM_26_NPC_GLIOMA
c4.3ca,GAVISH_3CA_MALIGNANT_METAPROGRAM_36_IG,prerank,0.5140290618443264,1.3633239875780123,0.11016949152542373,0.09787367288686721,0.966,5_19,5/19,9.41%,TSC22D3;HERPUD1;DERL3;JSRP1;CD63,TSC22D3;HERPUD1;DERL3;JSRP1;CD63;KLF6;HLA-F;CD79A;TNFRSF17;TXNIP;ITGB7;SEL1L3;IRF4;PRDX4;CD27;DNAJB9;CITED2;MAN1A2;CCPG1,"[366, 817, 1148, 1361, 1647, 3324, 4126, 4455, 5623, 6506, 7085, 7824, 8729, 10397, 10630, 10653, 12866, 15174, 15673]",c4.3ca__GAVISH_3CA_MALIGNANT_METAPROGRAM_36_IG
c4.3ca,GAVISH_3CA_METAPROGRAM_FIBROBLASTS_CAF_8,prerank,0.41757456968946277,1.363866092440708,0.052854122621564484,0.09874071832988879,0.966,12_45,12/45,17.42%,RAMP1;PRELP;ITGB5;LRRC32;STRA6;NR2F1;PKDCC;CYP1B1;NT5DC2;IGFBP5;DPEP1;CD248,RAMP1;PRELP;ITGB5;LRRC32;STRA6;NR2F1;PKDCC;CYP1B1;NT5DC2;IGFBP5;DPEP1;CD248;TSHZ2;CDKN2B;SERPINE1;MATN3;COL16A1;LTBP2;IGFBP2;ZCCHC24;ENG;MEST;TNS1;IGFBP3;MMP28;F2R;FRZB;RFTN1;CXCL14;CDC42EP3;INMT;ELN;CRIM1;NFIX;COL10A1;ITGBL1;LAMP5;SLC6A6;CADPS;SEMA3C;CLDN11;ANO1;PPP1R14A;NTM;EGR2,"[260, 442, 577, 671, 943, 1093, 1687, 2464, 2522, 2746, 2879, 3050, 3612, 3838, 4011, 4656, 4683, 4705, 4812, 5519, 5813, 5973, 6093, 7570, 7744, 7751, 7828, 8473, 9270, 9763, 9927, 9991, 10072, 10671, 10785, 10842, 11363, 11639, 11658, 12543, 12822, 14132, 14139, 15469, 16961]",c4.3ca__GAVISH_3CA_METAPROGRAM_FIBROBLASTS_CAF_8
c4.3ca,GAVISH_3CA_METAPROGRAM_CD8_T_CELLS_UNASSIGNED_1,prerank,0.41310337323605495,1.3600577630549797,0.061855670103092786,0.09891948968525134,0.968,14_45,14/45,21.11%,GPSM3;PPP1R18;HLA-DRB1;ITGB2;LCK;GIMAP1;KLRG1;IL7R;MPHOSPH8;GIMAP4;STK17A;PLEK;BTN3A2;TRAF3IP3,GPSM3;PPP1R18;HLA-DRB1;ITGB2;LCK;GIMAP1;KLRG1;IL7R;MPHOSPH8;GIMAP4;STK17A;PLEK;BTN3A2;TRAF3IP3;HLA-F;LIMD2;SH2D1A;PNISR;SYNE2;GIMAP7;TXNIP;PRPF38B;EVL;ARGLU1;MBP;APMAP;IKZF3;UCP2;CD27;CAP1;PTP4A2;CMC1;DDX17;MBNL1;RNF213;KLRB1;SAMD3;ATRX;PIK3IP1;N4BP2L2;TBC1D10C;POLR2J3;GCC2;NKTR;AKAP9,"[72, 340, 784, 902, 1019, 1618, 2047, 2230, 2395, 2685, 3031, 3296, 3670, 3697, 4126, 4912, 5268, 5451, 5857, 6070, 6506, 6957, 7283, 8722, 9036, 9599, 10278, 10606, 10630, 10635, 10987, 11100, 11153, 11269, 11374, 11447, 11530, 12221, 12828, 12844, 12905, 13000, 13748, 16168, 16195]",c4.3ca__GAVISH_3CA_METAPROGRAM_CD8_T_CELLS_UNASSIGNED_1
c4.3ca,GAVISH_3CA_MALIGNANT_METAPROGRAM_21_RESPIRATION,prerank,0.4233863287821546,1.3574603194551522,0.08723404255319149,0.09963286748080248,0.97,16_41,16/41,27.43%,RPS21;LSM7;LGALS1;ROMO1;NOP10;COX17;RPS29;PET100;OST4;NDUFB4;UQCR10;NDUFA3;NDUFA12;NDUFA1;SNRPD2;NDUFB8,RPS21;LSM7;LGALS1;ROMO1;NOP10;COX17;RPS29;PET100;OST4;NDUFB4;UQCR10;NDUFA3;NDUFA12;NDUFA1;SNRPD2;NDUFB8;NDUFS6;UBL5;NDUFS5;COX6B1;SNRPG;PSMB3;NEDD8;NHP2;RPL21;PFDN2;NDUFC1;TMEM258;NDUFAB1;ATOX1;NDUFB1;COA3;NDUFB2;APRT;SLIRP;NME1;SEC61G;COX7B;NDUFA7;SNRPF;TIMM8B,"[810, 1878, 2269, 2283, 2406, 2992, 3157, 3377, 3379, 3631, 3793, 3997, 4418, 4429, 4575, 4805, 5133, 5749, 6012, 6303, 6491, 6562, 6619, 6828, 7103, 7278, 7758, 8045, 8115, 8143, 9143, 9161, 9325, 9799, 10013, 11144, 11422, 11850, 12000, 13074, 14393]",c4.3ca__GAVISH_3CA_MALIGNANT_METAPROGRAM_21_RESPIRATION
c4.3ca,GAVISH_3CA_MALIGNANT_METAPROGRAM_4_CHROMATIN,prerank,-0.4922720648885164,-1.5538750621477644,0.015841584158415842,0.09971367734722703,0.597,21_42,21/42,27.96%,SENP6;ZMYM4;ASH1L;BDP1;TRIM44;UACA;PTPN11;RIF1;DST;SMARCA5;SLK;ATAD5;TRIP11;MACF1;SUZ12;PCM1;SMCHD1;SPAG9;TJP1;SMC5;GOLGB1,MT-ND6;BAZ1B;NOP14;GOLIM4;SYNE2;SPEN;AHCTF1;ATAD2;RANBP2;ZNF638;ARGLU1;SETD2;PAXBP1;MSH6;ENAH;CEP350;PHF3;GOLGA4;SMC1A;CLINT1;ROCK2;GOLGB1;SMC5;TJP1;SPAG9;SMCHD1;PCM1;SUZ12;MACF1;TRIP11;ATAD5;SLK;SMARCA5;DST;RIF1;PTPN11;UACA;TRIM44;BDP1;ASH1L;ZMYM4;SENP6,"[404, 3330, 4312, 4471, 5857, 6167, 6248, 8015, 8103, 8658, 8722, 9665, 9891, 10063, 10169, 10450, 10629, 11158, 11281, 11606, 12203, 12621, 12798, 12926, 13077, 13471, 13706, 13872, 13941, 14070, 14592, 14790, 15114, 15239, 15786, 16007, 16206, 16325, 16587, 16613, 16898, 17385]",c4.3ca__GAVISH_3CA_MALIGNANT_METAPROGRAM_4_CHROMATIN
c4.3ca,GAVISH_3CA_METAPROGRAM_FIBROBLASTS_LIPID_METABOLISM,prerank,0.41607269747830294,1.3298067485769596,0.06881720430107527,0.11844065990818421,0.989,13_46,13/46,20.57%,KCNE4;HIGD1B;CYBA;NID1;GMFG;IMPA2;RASD1;ARHGDIB;KCNJ8;PLXDC1;STEAP4;TFPI;IFI27,KCNE4;HIGD1B;CYBA;NID1;GMFG;IMPA2;RASD1;ARHGDIB;KCNJ8;PLXDC1;STEAP4;TFPI;IFI27;APOLD1;AGTR1;ITM2C;ISG15;EDNRB;OAZ2;FRMD3;PLAT;CYGB;TXNIP;FXYD6;THY1;FAM162B;ITGA1;COL4A2;COX4I2;FABP4;COL6A3;LPL;COL4A1;MYO1B;GUCY1A2;CCND2;COL3A1;IFI6;PAG1;FABP5;CCND1;ASAH1;MARCKSL1;SLC12A2;CCDC102B;CD36,"[4, 66, 417, 998, 1113, 1295, 1847, 2833, 2848, 3081, 3262, 3378, 3603, 3868, 4464, 4465, 5552, 5580, 5686, 5827, 5897, 6201, 6506, 6624, 6789, 7011, 7251, 8242, 8271, 8786, 8818, 8940, 9975, 10409, 11029, 12887, 12899, 13124, 13174, 13621, 13673, 14148, 14492, 15054, 15199, 17434]",c4.3ca__GAVISH_3CA_METAPROGRAM_FIBROBLASTS_LIPID_METABOLISM
c4.3ca,GAVISH_3CA_METAPROGRAM_CD8_T_CELLS_CYTOTOXIC,prerank,0.4023054890776355,1.3202113011348175,0.0990990990990991,0.12344044887725039,0.99,17_46,17/46,20.52%,HLA-DRB1;CST7;ITGB2;KLRD1;HLA-DRA;HLA-DPB1;CD63;CD7;KLRG1;ALOX5AP;LGALS1;CAPG;HLA-DPA1;RGS2;LAG3;CTSD;HAVCR2,HLA-DRB1;CST7;ITGB2;KLRD1;HLA-DRA;HLA-DPB1;CD63;CD7;KLRG1;ALOX5AP;LGALS1;CAPG;HLA-DPA1;RGS2;LAG3;CTSD;HAVCR2;ITM2C;ID2;PRF1;RGS1;SAMSN1;CXCL13;CTSW;CKLF;ITM2A;ZNF683;CCL3;CCL4L2;GNLY;DUSP2;HOPX;GZMB;CXCR6;CCL4;GZMH;APOBEC3G;CD27;CMC1;KLRB1;RBPJ;NKG7;TIGIT;KLRC1;GZMA;DUSP4,"[784, 849, 902, 1325, 1505, 1615, 1647, 1650, 2047, 2249, 2269, 2484, 2875, 2984, 3277, 3494, 3593, 4465, 4494, 4709, 4861, 5279, 5314, 5967, 5984, 6024, 7468, 7600, 7660, 7939, 8364, 8494, 8826, 8931, 9267, 9977, 10385, 10630, 11100, 11447, 12114, 13309, 14113, 15696, 16671, 17396]",c4.3ca__GAVISH_3CA_METAPROGRAM_CD8_T_CELLS_CYTOTOXIC
c4.3ca,GAVISH_3CA_METAPROGRAM_CD8_T_CELLS_GLYCOLYSIS_MYC,prerank,0.40173489605180057,1.317943577557587,0.09777777777777778,0.12397094484297382,0.991,14_46,14/46,22.27%,TNIP2;NFKBIA;BATF;CCT5;HSP90AB1;BIRC3;BANF1;ENO1;FBL;PRDX1;PARK7;NOP16;CALR;GTF3C6,TNIP2;NFKBIA;BATF;CCT5;HSP90AB1;BIRC3;BANF1;ENO1;FBL;PRDX1;PARK7;NOP16;CALR;GTF3C6;EIF3I;PRMT1;HSP90B1;CXCL13;CCT6A;CCT2;EIF5A;DNPH1;NHP2;TNFRSF18;PKM;XCL1;DUT;NDUFAB1;TXNDC17;SEC11C;PPA1;TIMM13;RAN;IMPDH2;C1QBP;VDAC1;SNRPE;ILF2;NME1;DCTPP1;LSM5;PGAM1;SNRPD1;FABP5;RANBP1;CRTAM,"[127, 132, 1480, 1508, 1985, 1994, 2209, 2285, 2514, 2756, 3030, 3444, 3686, 3900, 4270, 4768, 5272, 5314, 5971, 6142, 6333, 6762, 6828, 6954, 7001, 7121, 7170, 8115, 8171, 8548, 8690, 8804, 8903, 9186, 9551, 9800, 10370, 10675, 11144, 11258, 11354, 11781, 12984, 13621, 14228, 17471]",c4.3ca__GAVISH_3CA_METAPROGRAM_CD8_T_CELLS_GLYCOLYSIS_MYC
c4.3ca,GAVISH_3CA_METAPROGRAM_ENDOTHELIAL_ENDO_6,prerank,0.40995901455041456,1.3204311302843739,0.08118811881188119,0.12456614884557449,0.99,18_47,18/47,19.65%,PRX;TMEM100;S100A4;IL32;ICAM2;ANXA3;LGALS1;GNG11;HLA-DMA;TMEM204;TYMP;EMP2;SERPINB6;ADIRF;CARD16;CNN3;HLA-DQA1;SLC14A1,PRX;TMEM100;S100A4;IL32;ICAM2;ANXA3;LGALS1;GNG11;HLA-DMA;TMEM204;TYMP;EMP2;SERPINB6;ADIRF;CARD16;CNN3;HLA-DQA1;SLC14A1;SERPINE1;TSPAN12;SGK1;CYP3A5;IL1RL1;EDNRB;SOSTDC1;DNAJC1;HLA-DQB1;ITM2A;ANXA1;EMCN;SERPINB1;SPARCL1;ACE;S100A3;MARCKS;RPN1;SPARC;HPGD;CAPZA2;CD82;CA4;CAV2;MYLK;TSPAN15;APP;FRY;TUBA1A,"[182, 563, 576, 585, 814, 1938, 2269, 2472, 2494, 2643, 2704, 2928, 3029, 3085, 3238, 3319, 3372, 3442, 4011, 4238, 4545, 4567, 4810, 5580, 5658, 5800, 5810, 6024, 6173, 6592, 6844, 7967, 8966, 8986, 9000, 9023, 9277, 9608, 12037, 13246, 14112, 14528, 14708, 15359, 15665, 16588, 17082]",c4.3ca__GAVISH_3CA_METAPROGRAM_ENDOTHELIAL_ENDO_6
c4.3ca,GAVISH_3CA_METAPROGRAM_MACROPHAGES_INTERFERON,prerank,0.3994423222309881,1.314350446447459,0.07851239669421488,0.12495652671639366,0.991,21_46,21/46,25.19%,MT2A;IRF7;ANKRD22;CXCL11;IFITM1;TAP1;VAMP5;CCL2;IFITM3;CXCL9;APOBEC3A;UBE2L6;SERPING1;ISG20;TNFSF13B;IFI27;CXCL10;PSME2;LY6E;OAS1;IL4I1,MT2A;IRF7;ANKRD22;CXCL11;IFITM1;TAP1;VAMP5;CCL2;IFITM3;CXCL9;APOBEC3A;UBE2L6;SERPING1;ISG20;TNFSF13B;IFI27;CXCL10;PSME2;LY6E;OAS1;IL4I1;MX2;GBP2;ISG15;GBP5;GBP4;GBP1;IFI35;IFIT1;PARP14;PSMB9;MX1;PPA1;NT5C3A;CCL8;SAMD9L;OAS2;IFIT2;LAP3;IFI6;EPSTI1;TNFSF10;RSAD2;IFIT3;IFI44L;STAT1,"[129, 161, 669, 1566, 1596, 1758, 1770, 1826, 1873, 2028, 2551, 2986, 3289, 3309, 3536, 3603, 3676, 3856, 4334, 4410, 4412, 5294, 5440, 5552, 5789, 5902, 6521, 6879, 8187, 8218, 8284, 8348, 8690, 10720, 10836, 10981, 11058, 12848, 12912, 13124, 13524, 13874, 15449, 16042, 16902, 16938]",c4.3ca__GAVISH_3CA_METAPROGRAM_MACROPHAGES_INTERFERON
c4.3ca,GAVISH_3CA_METAPROGRAM_EPITHELIAL_EPI4,prerank,0.4107043597097728,1.3080837145564665,0.08860759493670886,0.12905595358386268,0.992,18_46,18/46,21.05%,NAPSA;BSG;BCAM;CD74;PERP;TMED9;LAPTM4A;CCL20;CD63;P4HB;ICAM1;CTSH;NPC2;SPINT2;TFPI;SFTPB;HLA-B;CALR,NAPSA;BSG;BCAM;CD74;PERP;TMED9;LAPTM4A;CCL20;CD63;P4HB;ICAM1;CTSH;NPC2;SPINT2;TFPI;SFTPB;HLA-B;CALR;LY6E;HSP90B1;PDIA6;SYNGR2;CST3;HLA-A;PDIA3;TSPAN13;LGALS3BP;PPIB;TMED10;WFDC2;PSAP;APLP2;LMAN1;ITGB1;TMCO1;PAEP;SYPL1;ITM2B;TMEM59;CANX;CD9;EPCAM;TMED2;APP;TACSTD2;CD47,"[338, 1058, 1209, 1313, 1335, 1520, 1592, 1617, 1647, 1840, 1872, 2919, 3069, 3198, 3378, 3415, 3617, 3686, 4334, 5272, 5581, 6290, 6578, 7039, 7058, 7224, 7314, 7641, 7736, 7787, 8185, 9683, 10266, 11311, 11610, 11773, 12089, 12098, 12410, 12788, 13114, 14854, 15290, 15665, 16130, 17045]",c4.3ca__GAVISH_3CA_METAPROGRAM_EPITHELIAL_EPI4
c4.3ca,GAVISH_3CA_METAPROGRAM_EPITHELIAL_ANDROGEN_PROSTATE,prerank,0.4215771354806041,1.2978468989085898,0.1069182389937107,0.13719740076194223,0.994,12_35,12/35,21.28%,RAMP1;AZGP1;VSIG2;NPDC1;CDC42EP5;TMPRSS2;GOLM1;ADIRF;STEAP4;DHRS7;WNK4;NKX3-1,RAMP1;AZGP1;VSIG2;NPDC1;CDC42EP5;TMPRSS2;GOLM1;ADIRF;STEAP4;DHRS7;WNK4;NKX3-1;TFF3;CPE;SMS;PPP1R1B;NDRG1;FAM3D;PDLIM5;TSPAN1;SEC11C;LRRC26;NUCB2;LAMP2;SLC45A3;SLC44A4;PPP3CA;STEAP2;RDH11;IFI6;SLC39A6;SPDEF;TSPAN8;SORD;SLC12A2,"[260, 324, 659, 1535, 1837, 2381, 3018, 3085, 3262, 3589, 3685, 3726, 4669, 4846, 5564, 6119, 6152, 6532, 7150, 8183, 8548, 8599, 9098, 9133, 10098, 10128, 11156, 11548, 12721, 13124, 13550, 14225, 14882, 15002, 15054]",c4.3ca__GAVISH_3CA_METAPROGRAM_EPITHELIAL_ANDROGEN_PROSTATE
c4.3ca,GAVISH_3CA_MALIGNANT_METAPROGRAM_31_ALVEOLAR,prerank,0.3958397927900081,1.2911855567062318,0.12048192771084337,0.14098753028558259,0.996,17_44,17/44,19.50%,SLPI;AK1;NAPSA;ALOX15B;EPHX1;C3;LAMP3;SERPINA1;MID1IP1;MFSD2A;S100A9;C16orf89;AQP1;LPCAT1;NPC2;TFPI;SFTPB,SLPI;AK1;NAPSA;ALOX15B;EPHX1;C3;LAMP3;SERPINA1;MID1IP1;MFSD2A;S100A9;C16orf89;AQP1;LPCAT1;NPC2;TFPI;SFTPB;SFTPC;PGC;CACNA2D2;SDR16C5;ABCA3;HSD17B6;NNMT;ALPL;SUSD2;HOPX;SCGB3A1;FASN;DHCR24;PEBP4;PTPN13;LRRK2;SFTA3;DUOX1;FABP5;SFTPD;RNASE1;C4BPA;SCD;SPINK5;DMBT1;SFTPA2;SLC22A31,"[207, 305, 338, 458, 819, 1102, 1163, 1224, 1407, 2098, 2310, 2372, 2580, 2820, 3069, 3378, 3415, 3893, 4840, 5057, 5833, 6744, 6807, 6981, 7488, 7505, 8494, 9724, 9820, 9913, 10540, 10575, 10661, 11386, 11509, 13621, 14031, 14461, 14849, 15398, 16600, 16749, 17237, 17386]",c4.3ca__GAVISH_3CA_MALIGNANT_METAPROGRAM_31_ALVEOLAR
c4.3ca,GAVISH_3CA_METAPROGRAM_EPITHELIAL_EMT_LIKE_2,prerank,0.40415864515833544,1.285197391139551,0.10602910602910603,0.14475459577675065,0.997,18_46,18/46,20.57%,NFKBIA;EMP3;PLAUR;TNFRSF12A;IL32;TGFB2;TM4SF1;CCL2;ANXA3;BIRC3;LGALS1;VIM;TYMP;TIMP1;ANXA2;DEFB1;HLA-DQA1;IFI27,NFKBIA;EMP3;PLAUR;TNFRSF12A;IL32;TGFB2;TM4SF1;CCL2;ANXA3;BIRC3;LGALS1;VIM;TYMP;TIMP1;ANXA2;DEFB1;HLA-DQA1;IFI27;RND3;ANXA1;MALL;GBP1;LTF;CALD1;TNFAIP2;C15orf48;LAMB3;TMSB4X;CCL28;THBS1;SOD2;SFN;CDC42EP1;KRT17;RARRES1;CST6;SPTSSB;CLDN1;CCND1;TPM1;KRT7;RBP1;TACSTD2;CLDN3;TUBA1A;ANKRD36C,"[132, 270, 296, 503, 585, 1191, 1244, 1826, 1938, 1994, 2269, 2436, 2704, 2996, 3075, 3286, 3372, 3603, 5629, 6173, 6187, 6521, 6558, 6568, 7216, 7261, 7368, 9219, 9263, 9307, 9445, 9994, 10091, 10572, 11294, 11446, 12663, 12800, 13673, 14058, 14141, 15663, 16130, 17081, 17082, 17403]",c4.3ca__GAVISH_3CA_METAPROGRAM_EPITHELIAL_EMT_LIKE_2
c4.3ca,GAVISH_3CA_METAPROGRAM_FIBROBLASTS_INTERFERON,prerank,0.3936730840042225,1.2769508086851358,0.1079913606911447,0.14986388884750076,0.997,17_45,17/45,20.99%,MT2A;IRF7;APOL1;CD74;CXCL11;IFITM1;TAP1;CCL2;CXCL9;BST2;CTSS;UBE2L6;PLSCR1;ISG20;TNFSF13B;IFI27;CXCL10,MT2A;IRF7;APOL1;CD74;CXCL11;IFITM1;TAP1;CCL2;CXCL9;BST2;CTSS;UBE2L6;PLSCR1;ISG20;TNFSF13B;IFI27;CXCL10;OAS1;MX2;GBP2;ISG15;MMP11;HAPLN3;GBP4;GBP1;IFI35;XAF1;IFIT1;PARP14;PSMB9;MX1;SOD2;OAS3;VCAM1;IFIT2;LAP3;IFI6;EPSTI1;OASL;TNFSF10;CMPK2;RSAD2;IFIT3;IFI44L;STAT1,"[129, 161, 741, 1313, 1566, 1596, 1758, 1826, 2028, 2419, 2465, 2986, 3220, 3309, 3536, 3603, 3676, 4410, 5294, 5440, 5552, 5605, 5700, 5902, 6521, 6879, 7203, 8187, 8218, 8284, 8348, 9445, 9872, 11751, 12848, 12912, 13124, 13524, 13640, 13874, 14328, 15449, 16042, 16902, 16938]",c4.3ca__GAVISH_3CA_METAPROGRAM_FIBROBLASTS_INTERFERON
c4.3ca,GAVISH_3CA_METAPROGRAM_CD4_T_CELLS_GLYCOLYSIS_MYC,prerank,0.3830611071411447,1.24898818173699,0.12418300653594772,0.1736503023858829,0.999,5_46,5/46,8.61%,IL1R2;TNFRSF4;HSPD1;CCT3;CCT5,IL1R2;TNFRSF4;HSPD1;CCT3;CCT5;PRDX1;MRPL12;MRPL14;PRMT1;LSM2;SMS;TUBB;EIF5B;CCT2;PCNA;EIF5A;DNPH1;NHP2;TNFRSF18;PKM;DUT;SRM;NDUFAB1;TXNDC17;PPA1;TIMM13;TXN;PDCD5;C1QBP;TOMM40;NDUFB3;PAICS;SNRPE;EEF1E1;NME1;DCTPP1;LSM5;PGAM1;CCND2;SNRPD1;EBNA1BP2;FABP5;NOLC1;DDX21;RANBP1;SSBP1,"[148, 373, 682, 1222, 1508, 2756, 4166, 4688, 4768, 5400, 5564, 5726, 5863, 6142, 6282, 6333, 6762, 6828, 6954, 7001, 7170, 7886, 8115, 8171, 8690, 8804, 8981, 9345, 9551, 9825, 10262, 10291, 10370, 10644, 11144, 11258, 11354, 11781, 12887, 12984, 13318, 13621, 13753, 13964, 14228, 14903]",c4.3ca__GAVISH_3CA_METAPROGRAM_CD4_T_CELLS_GLYCOLYSIS_MYC
c4.3ca,GAVISH_3CA_METAPROGRAM_FIBROBLASTS_PERICYTE_LIKE,prerank,0.36484336091433434,1.214153458858349,0.15384615384615385,0.2064522129845599,0.999,9_50,9/50,11.74%,HIGD1B;ANGPT2;PDGFRB;GJA4;ESAM;NDUFA4L2;PGF;CRIP2;TINAGL1,HIGD1B;ANGPT2;PDGFRB;GJA4;ESAM;NDUFA4L2;PGF;CRIP2;TINAGL1;ARHGDIB;PLXDC1;ADIRF;TFPI;NOTCH3;CSRP1;CSRP2;PTP4A3;JAG1;SOD3;NR2F2;EPS8;ITGA1;TPM2;A2M;FRZB;EPAS1;SPARCL1;COL4A2;COX4I2;MGP;CRIP1;COL18A1;COL4A1;IGFBP7;EGFL6;CAV1;MEF2C;TPPP3;MYL9;PPP1R14A;MYH11;PLN;TAGLN;CNN1;MYLK;ACTG2;MAP1B;RGS5;MCAM;ACTA2,"[66, 198, 420, 430, 846, 928, 1138, 1816, 2056, 2833, 3081, 3085, 3378, 3857, 4051, 4621, 4879, 5281, 6504, 6803, 7145, 7251, 7309, 7770, 7828, 7864, 7967, 8242, 8271, 8492, 9221, 9457, 9975, 10189, 11003, 12109, 12683, 13024, 13517, 14139, 14282, 14544, 14577, 14675, 14708, 14818, 15803, 15962, 16089, 17077]",c4.3ca__GAVISH_3CA_METAPROGRAM_FIBROBLASTS_PERICYTE_LIKE
c4.3ca,GAVISH_3CA_METAPROGRAM_B_CELLS_METABOLISM_MYC,prerank,0.36622478794732427,1.215062658118418,0.1704781704781705,0.20739932270633585,0.999,12_49,12/49,22.02%,HSPD1;HSPE1;CCT3;HSP90AB1;ENO1;HNRNPAB;MIF;PRDX1;PRELID1;NME2;CALR;PSME2,HSPD1;HSPE1;CCT3;HSP90AB1;ENO1;HNRNPAB;MIF;PRDX1;PRELID1;NME2;CALR;PSME2;HMGA1;PRMT1;TUBB;CCT6A;SYNGR2;EIF5A;PSMB3;CD83;NHP2;PKM;TPI1;EIF4A1;PSMA4;RPL22L1;LDHB;NDUFAB1;ERH;PPA1;TIMM13;RAN;TXN;IMPDH2;LDHA;C1QBP;TUBA1B;APRT;VDAC1;SNRPE;ABRACL;NME1;PGAM1;SNRPD1;SNRPF;FABP5;PA2G4;DDX21;RANBP1,"[682, 1194, 1222, 1985, 2285, 2299, 2475, 2756, 2834, 3600, 3686, 3856, 4727, 4768, 5726, 5971, 6290, 6333, 6562, 6724, 6828, 7001, 7010, 7033, 7762, 7773, 7949, 8115, 8550, 8690, 8804, 8903, 8981, 9186, 9549, 9551, 9644, 9799, 9800, 10370, 10955, 11144, 11781, 12984, 13074, 13621, 13880, 13964, 14228]",c4.3ca__GAVISH_3CA_METAPROGRAM_B_CELLS_METABOLISM_MYC
c4.3ca,GAVISH_3CA_METAPROGRAM_FIBROBLASTS_PI16_POS,prerank,0.370162970693135,1.19308107614726,0.188470066518847,0.22975105632710288,0.999,17_45,17/45,18.64%,METRNL;EMP3;PLA1A;TMEM100;PPP1R14B;SCARA5;HTRA3;ADAMTSL4;IGFBP6;DBN1;ANXA3;EMILIN2;MFAP5;IGFBP5;CD248;TNXB;PCOLCE2,METRNL;EMP3;PLA1A;TMEM100;PPP1R14B;SCARA5;HTRA3;ADAMTSL4;IGFBP6;DBN1;ANXA3;EMILIN2;MFAP5;IGFBP5;CD248;TNXB;PCOLCE2;LURAP1L;THBD;EFHD1;PRSS23;UAP1;PTGS1;CD55;CADM3;PI16;MARCKS;CLEC3B;CRIP1;BASP1;SBSN;AIF1L;FLNB;SEMA3C;CREB5;PCSK6;TPPP3;LIMCH1;FNDC1;PROCR;ALDH1A3;COL14A1;FBN1;GAS7;ADAMTS5,"[128, 270, 365, 563, 1003, 1429, 1489, 1600, 1605, 1619, 1938, 2129, 2696, 2746, 3050, 3106, 3264, 4050, 4174, 5000, 5736, 5944, 6934, 7474, 7484, 7894, 9000, 9162, 9221, 9875, 11688, 11785, 11919, 12543, 12917, 12948, 13024, 13234, 15727, 15775, 16272, 16546, 17116, 17270, 17321]",c4.3ca__GAVISH_3CA_METAPROGRAM_FIBROBLASTS_PI16_POS
c4.3ca,GAVISH_3CA_METAPROGRAM_FIBROBLASTS_MHC_II,prerank,0.3607124171176159,1.1746768382870578,0.1986455981941309,0.2503308751630527,0.999,17_49,17/49,17.73%,CLU;FSTL3;TMEM176B;HLA-DRB1;CD74;HLA-DRA;PDLIM4;HLA-DPB1;HLA-DRB5;ARHGAP15;NES;CRYAB;FXYD1;HLA-DMA;IGFBP5;HLA-DPA1;LGI4,CLU;FSTL3;TMEM176B;HLA-DRB1;CD74;HLA-DRA;PDLIM4;HLA-DPB1;HLA-DRB5;ARHGAP15;NES;CRYAB;FXYD1;HLA-DMA;IGFBP5;HLA-DPA1;LGI4;RASSF4;SLC22A17;CTNNAL1;PMEPA1;SPP1;ITGB8;PDGFA;GPC1;RCAN1;TGFBI;RDX;VWA1;PAPPA;OCIAD2;FAM107B;GPM6B;PTN;HBEGF;STMN1;PLP1;MEF2C;SORBS2;S100B;CD9;FABP5;MARCKSL1;TSPAN15;COL8A1;AP1S2;MAP1B;ENDOD1;ALDH1A1,"[216, 583, 626, 784, 1313, 1505, 1521, 1615, 1667, 1933, 2023, 2111, 2198, 2494, 2746, 2875, 3105, 3564, 4252, 4817, 6198, 6253, 7057, 7604, 7908, 9045, 9768, 9853, 9869, 10492, 10906, 10958, 11057, 11900, 12285, 12454, 12583, 12683, 12853, 13073, 13114, 13621, 14492, 15359, 15368, 15420, 15803, 17163, 17443]",c4.3ca__GAVISH_3CA_METAPROGRAM_FIBROBLASTS_MHC_II
c4.3ca,GAVISH_3CA_METAPROGRAM_EPITHELIAL_PDAC_RELATED_3,prerank,0.3718008968541223,1.14752689988895,0.2398286937901499,0.28471652133128483,1.0,11_37,11/37,11.99%,ANPEP;MT1G;PCK1;IL32;APOA1;VNN1;CD74;MT1H;PLAC8;ALDOB;CYP3A4,ANPEP;MT1G;PCK1;IL32;APOA1;VNN1;CD74;MT1H;PLAC8;ALDOB;CYP3A4;AMN;ADIRF;PDK4;ITM2C;SGK1;CDHR2;MUC13;MEP1A;SLC26A3;APOB;HPGD;CDHR5;TM4SF20;ACE2;CYP2C18;DHRS11;RBP2;SLC5A1;MTTP;FOLH1;TSPAN8;CDH17;FABP1;PRAP1;CLDN3;CES2,"[149, 302, 572, 585, 666, 1053, 1313, 1911, 1971, 2084, 2099, 2779, 3085, 3521, 4465, 4545, 6192, 6242, 6696, 7200, 9399, 9608, 9695, 12094, 12402, 12404, 14074, 14407, 14588, 14598, 14710, 14882, 15717, 16196, 16783, 17081, 17408]",c4.3ca__GAVISH_3CA_METAPROGRAM_EPITHELIAL_PDAC_RELATED_3
c4.3ca,GAVISH_3CA_METAPROGRAM_B_CELLS_B_CELLS_1,prerank,-0.4192553301386598,-1.331407454719996,0.09163346613545817,0.30802300822270867,0.99,12_41,12/41,19.55%,SFPQ;ASH1L;BDP1;BPTF;NKTR;CTNNB1;LNPEP;TTN;ATF7IP;STX7;PRDM2;ZNF292,RBM6;BIRC3;C1orf56;B4GALT1;CD22;ITSN2;HNRNPH1;SYNE2;ANKRD11;TNRC6B;CDC42SE1;SEL1L3;SET;PARP14;ARGLU1;CLEC2D;RASGEF1B;IKZF3;CDK13;PPP3CA;ARID1B;MBNL1;ATM;MDM4;PCSK7;ATRX;GOLGB1;ADAM19;CCNL1;ZNF292;PRDM2;STX7;ATF7IP;TTN;LNPEP;CTNNB1;NKTR;BPTF;BDP1;ASH1L;SFPQ,"[1649, 1994, 2046, 2609, 5130, 5197, 5823, 5857, 6708, 7790, 7818, 7824, 7850, 8218, 8722, 9258, 9860, 10278, 10426, 11156, 11220, 11269, 11270, 11817, 12070, 12221, 12621, 12717, 13496, 14095, 14421, 14476, 15395, 15422, 15638, 16018, 16168, 16356, 16587, 16613, 17028]",c4.3ca__GAVISH_3CA_METAPROGRAM_B_CELLS_B_CELLS_1
c4.3ca,GAVISH_3CA_METAPROGRAM_CD4_T_CELLS_CELL_CYCLE,prerank,0.33799348070566393,1.1032366454025708,0.28982300884955753,0.3478685253043824,1.0,18_46,18/46,25.51%,CKS2;CCNA2;UBE2C;TUBA1C;DTYMK;PHF19;DNAJC9;DDX39A;CENPW;TMEM106C;MCM7;ASF1B;CKS1B;TUBB4B;AURKB;BIRC5;RRM2;UBE2T,CKS2;CCNA2;UBE2C;TUBA1C;DTYMK;PHF19;DNAJC9;DDX39A;CENPW;TMEM106C;MCM7;ASF1B;CKS1B;TUBB4B;AURKB;BIRC5;RRM2;UBE2T;TK1;TOP2A;TUBB;MKI67;NUSAP1;PCNA;HMGB2;PTTG1;NUDT1;DUT;ASPM;TMPO;CDK1;TPX2;CENPM;TUBA1B;ZWINT;STMN1;CENPF;KIF22;KPNA2;CDKN3;MAD2L1;FEN1;HMGN2;SMC4;SMC2;TYMS,"[176, 799, 1115, 1307, 1321, 1538, 1682, 2153, 2160, 2950, 2994, 3579, 3684, 4115, 4224, 4324, 4435, 4467, 4874, 5039, 5726, 5891, 6066, 6282, 6576, 6641, 6948, 7170, 7490, 8174, 8376, 8870, 8941, 9644, 11796, 12454, 12520, 13220, 13366, 13942, 14365, 14856, 15143, 15156, 16090, 16776]",c4.3ca__GAVISH_3CA_METAPROGRAM_CD4_T_CELLS_CELL_CYCLE
c4.3ca,GAVISH_3CA_METAPROGRAM_ENDOTHELIAL_ENDO_4,prerank,0.34136942750773036,1.1005598491656694,0.27176220806794055,0.34842249937480535,1.0,16_45,16/45,20.22%,PRX;CEBPB;S100A4;EFNB1;GMFG;TBX3;FLT1;BTNL9;AQP1;TMEM204;IGFBP5;TGFBR2;ARHGDIB;ARRDC2;SLC14A1;FCN3,PRX;CEBPB;S100A4;EFNB1;GMFG;TBX3;FLT1;BTNL9;AQP1;TMEM204;IGFBP5;TGFBR2;ARHGDIB;ARRDC2;SLC14A1;FCN3;ID2;SGK1;IL1RL1;CMTM8;PLAT;ESM1;EMCN;NOSTRIN;NRP1;RBMS1;FGL2;LGALS3BP;POMP;MGP;TSPAN7;COL4A1;KDR;EHD3;SLC44A1;LDB2;ITGA8;F8;GJA5;SOST;SYNE1;IL13RA2;CRHBP;NTN4;HECW2,"[182, 311, 576, 924, 1113, 1154, 1534, 2092, 2580, 2643, 2746, 2773, 2833, 3037, 3442, 3542, 4494, 4545, 4810, 5329, 5897, 6036, 6592, 6659, 6661, 6805, 7289, 7314, 7411, 8492, 8501, 9975, 10163, 10187, 10371, 11274, 11611, 13595, 14171, 15844, 16088, 16321, 16446, 16578, 17507]",c4.3ca__GAVISH_3CA_METAPROGRAM_ENDOTHELIAL_ENDO_4
c4.3ca,GAVISH_3CA_METAPROGRAM_CD8_T_CELLS_CHROMATIN,prerank,-0.41757192892642375,-1.3356166388859534,0.06769825918762089,0.35908701050987624,0.989,20_43,20/43,24.45%,SLFN5;BDP1;BPTF;AKAP9;NKTR;SYNE1;RASGRP1;GPRIN3;ITGA4;DYNC1H1;ATF7IP;DDX6;UTRN;ZNF292;MACF1;SETX;PDE3B;GCC2;SMCHD1;CBLB,MT-ND6;FYN;AHNAK;NUFIP2;AKNA;MYH9;SYNE2;ROCK1;ANKRD11;RORA;ARGLU1;IKZF3;CEP350;PHF3;DDX17;GOLGA4;ATM;CHD2;PCSK7;EML4;ATRX;SMG1;GOLGB1;CBLB;SMCHD1;GCC2;PDE3B;SETX;MACF1;ZNF292;UTRN;DDX6;ATF7IP;DYNC1H1;ITGA4;GPRIN3;RASGRP1;SYNE1;NKTR;AKAP9;BPTF;BDP1;SLFN5,"[404, 1046, 1663, 2013, 2552, 3551, 5857, 6585, 6708, 7923, 8722, 10278, 10450, 10629, 11153, 11158, 11270, 11699, 12070, 12195, 12221, 12317, 12621, 13235, 13471, 13748, 13856, 13907, 13941, 14095, 14669, 14776, 15395, 15541, 15698, 15910, 16013, 16088, 16168, 16195, 16356, 16587, 17439]",c4.3ca__GAVISH_3CA_METAPROGRAM_CD8_T_CELLS_CHROMATIN
c4.3ca,GAVISH_3CA_METAPROGRAM_CD4_T_CELLS_DYSFUNCTION,prerank,0.3299643053879529,1.0764730289874114,0.29958677685950413,0.3845713549790364,1.0,13_47,13/47,17.99%,FKBP5;SMCO4;PPP1CC;SLA;MAF;COTL1;ALOX5AP;SESN1;BTLA;PASK;CORO1B;RGS2;CD84,FKBP5;SMCO4;PPP1CC;SLA;MAF;COTL1;ALOX5AP;SESN1;BTLA;PASK;CORO1B;RGS2;CD84;TSHZ2;CHI3L2;TCF7;NAP1L4;THADA;SH2D1A;CXCL13;IL6ST;TBC1D4;NMB;CPM;ITM2A;TNFRSF18;PDCD1;AKAP13;TOX2;NUDT16;TOX;RNF19A;LIMS1;CHN1;KLRB1;SFXN1;RBPJ;PVALB;FABP5;TIGIT;NR3C1;MAGEH1;ICA1;CD200;AHI1;YWHAQ;DUSP4,"[246, 370, 665, 778, 1021, 1300, 2249, 2306, 2517, 2560, 2953, 2984, 3150, 3612, 4153, 4349, 4529, 4753, 5268, 5314, 5448, 5544, 5775, 5845, 6024, 6954, 7552, 7635, 7674, 8293, 8367, 9115, 9177, 9383, 11447, 11921, 12114, 12830, 13621, 14113, 14123, 14196, 14590, 15606, 15771, 16842, 17396]",c4.3ca__GAVISH_3CA_METAPROGRAM_CD4_T_CELLS_DYSFUNCTION
c4.3ca,GAVISH_3CA_METAPROGRAM_EPITHELIAL_MYC,prerank,0.33445649787529874,1.0703239515159426,0.3383947939262473,0.39157571914926964,1.0,17_46,17/46,25.40%,MT1G;EIF4EBP1;TKT;MYC;LYZ;ISOC2;MRPS12;FBL;DKC1;NOP16;STOML2;NOB1;EBPL;CA2;MRPL12;POLD2;F12,MT1G;EIF4EBP1;TKT;MYC;LYZ;ISOC2;MRPS12;FBL;DKC1;NOP16;STOML2;NOB1;EBPL;CA2;MRPL12;POLD2;F12;PRMT1;ALG3;CISD3;RUVBL1;SRM;CKMT1A;TOMM22;NPM3;IMPDH2;C1QBP;TOMM40;PAICS;AHCY;EEF1E1;OLFM4;NME1;DCTPP1;GNL3;MRPL24;BZW2;TPPP3;EXOSC5;EBNA1BP2;TRAP1;FABP5;GPATCH4;GCSH;RSL1D1;MRPL3,"[302, 455, 1182, 1232, 1546, 2163, 2485, 2514, 3394, 3444, 3648, 3963, 4058, 4119, 4166, 4374, 4449, 4768, 4951, 5322, 6513, 7886, 7994, 8123, 8491, 9186, 9551, 9825, 10291, 10439, 10644, 11087, 11144, 11258, 11505, 11837, 12954, 13024, 13042, 13318, 13522, 13621, 13708, 14022, 14477, 16293]",c4.3ca__GAVISH_3CA_METAPROGRAM_EPITHELIAL_MYC
c4.3ca,GAVISH_3CA_MALIGNANT_METAPROGRAM_28_OLIGO_NORMAL,prerank,-0.4190088124023297,-1.3490935496780512,0.07330827067669173,0.40616639143848327,0.977,20_46,20/46,28.45%,CMTM5;ANKS1B;SCD;PLLP;SPOCK3;TMEM144;CNP;RNASE1;ELOVL1;ATP1B1;STMN4;PPP1R14A;MAG;TUBB4A;SLC48A1;CLDN11;ERMN;MOBP;PLP1;KLK6,CRYAB;PTGDS;APOD;CA2;HAPLN2;QDPR;PLEKHB1;GSN;BIN1;SIRT2;HSPA2;LHPP;PACS2;ANLN;S100A1;MBP;ABCA2;LARP6;CLDND1;SLC44A1;MAL;FAM107B;SLAIN1;APLP1;UGT8;TF;KLK6;PLP1;MOBP;ERMN;CLDN11;SLC48A1;TUBB4A;MAG;PPP1R14A;STMN4;ATP1B1;ELOVL1;RNASE1;CNP;TMEM144;SPOCK3;PLLP;SCD;ANKS1B;CMTM5,"[2111, 2819, 3557, 4119, 4492, 4678, 5278, 6007, 6479, 6743, 6834, 7230, 7259, 7500, 7779, 9036, 9329, 9668, 10054, 10371, 10887, 10958, 11413, 11430, 11563, 11964, 12536, 12583, 12724, 12789, 12822, 13158, 13545, 13761, 14139, 14187, 14240, 14272, 14461, 14636, 14948, 15102, 15317, 15398, 15981, 16373]",c4.3ca__GAVISH_3CA_MALIGNANT_METAPROGRAM_28_OLIGO_NORMAL
c4.3ca,GAVISH_3CA_METAPROGRAM_ENDOTHELIAL_INTERFERON,prerank,0.32039267779414543,1.0568444847173528,0.35181236673773986,0.4101597590893986,1.0,12_47,12/47,18.89%,MT2A;IRF7;IRF1;SAMHD1;CXCL11;TAP1;APOL2;BST2;TRIM22;UBE2L6;SERPING1;ISG20,MT2A;IRF7;IRF1;SAMHD1;CXCL11;TAP1;APOL2;BST2;TRIM22;UBE2L6;SERPING1;ISG20;CXCL10;LY6E;OAS1;USP18;MX2;GBP2;ISG15;HAPLN3;GBP4;TAP2;GBP1;IFI35;XAF1;PPM1K;SAMD9;IFIT1;PARP14;MX1;OAS3;NT5C3A;SAMD9L;OAS2;EIF2AK2;IFIT2;LAP3;APOL6;IFI6;EPSTI1;TNFSF10;CMPK2;RSAD2;IFIT3;IFI44;IFI44L;STAT1,"[129, 161, 538, 852, 1566, 1758, 1866, 2419, 2486, 2986, 3289, 3309, 3676, 4334, 4410, 4613, 5294, 5440, 5552, 5700, 5902, 6338, 6521, 6879, 7203, 7955, 8047, 8187, 8218, 8348, 9872, 10720, 10981, 11058, 11535, 12848, 12912, 13058, 13124, 13524, 13874, 14328, 15449, 16042, 16309, 16902, 16938]",c4.3ca__GAVISH_3CA_METAPROGRAM_ENDOTHELIAL_INTERFERON
c4.3ca,GAVISH_3CA_METAPROGRAM_CD8_T_CELLS_NAIVE_2,prerank,0.3249991906160199,1.0336967543109405,0.40169133192389006,0.4485380348044379,1.0,10_42,10/42,13.96%,MYC;LEF1;KLF2;GIMAP1;PLAC8;SELL;RASGRP2;IL7R;UXT;AQP3,MYC;LEF1;KLF2;GIMAP1;PLAC8;SELL;RASGRP2;IL7R;UXT;AQP3;ALKBH7;PRMT2;NOSIP;TCF7;ERP29;FOXP1;LTB;TXNIP;AIF1;ST13;CD55;EIF3E;LDHB;EIF3L;LDLRAP1;TMEM123;PPA1;NUCB2;PHB2;CCR7;CD27;EIF2S3;PRKCA;MAL;EIF3D;SATB1;PIK3IP1;TXK;RSL1D1;NDFIP1;SORL1;RCAN3,"[1232, 1377, 1446, 1618, 1971, 2053, 2194, 2230, 2323, 2445, 3290, 3768, 3869, 4349, 4884, 5437, 6278, 6506, 6768, 7462, 7474, 7547, 7949, 8017, 8358, 8640, 8690, 9098, 10159, 10347, 10630, 10791, 10873, 10887, 11188, 11290, 12828, 13819, 14477, 14595, 15971, 17402]",c4.3ca__GAVISH_3CA_METAPROGRAM_CD8_T_CELLS_NAIVE_2
c4.3ca,GAVISH_3CA_METAPROGRAM_EPITHELIAL_NEUROENDOCRINE,prerank,0.3256317487252132,1.0314268982232973,0.421505376344086,0.4485744354525031,1.0,2_38,2/38,1.24%,FXYD2;CLU,FXYD2;CLU;RASD1;SCGN;ASB9;RHOBTB3;NLRP1;CHGA;GNAS;PAX6;CPE;QPCT;UCHL1;MAFB;NKX2-2;PTPRN;SEC11C;BTG3;PCSK1N;HADH;PCSK2;BEX1;IGFBP7;STMN2;MEIS2;TTR;SCG5;SCG3;BEX2;PFN2;PAM;CHGB;NEUROD1;SLC30A8;MAP1B;SCG2;GAD2;TUBA1A,"[5, 216, 1847, 3340, 3517, 3858, 3955, 3971, 4729, 4803, 4846, 5439, 5855, 6394, 6510, 6598, 8548, 8730, 9109, 9255, 9409, 9738, 10189, 11770, 12117, 12341, 12854, 12882, 13740, 13871, 13976, 14158, 14937, 15360, 15803, 16544, 16716, 17082]",c4.3ca__GAVISH_3CA_METAPROGRAM_EPITHELIAL_NEUROENDOCRINE
c4.3ca,GAVISH_3CA_METAPROGRAM_EPITHELIAL_V_ATPASE,prerank,0.3192670586283289,1.0137596514832743,0.4309278350515464,0.4738468480991698,1.0,17_42,17/42,23.52%,TMEM213;IL18;SLC25A39;BSG;SCIN;RHCG;IGFBP5;ATP6V1C2;ATP6V0A4;MT-ND3;CTSD;DHRS7;HLA-B;ATP6V0B;TFCP2L1;CA2;ITGA6,TMEM213;IL18;SLC25A39;BSG;SCIN;RHCG;IGFBP5;ATP6V1C2;ATP6V0A4;MT-ND3;CTSD;DHRS7;HLA-B;ATP6V0B;TFCP2L1;CA2;ITGA6;SLC26A7;HLA-C;LGALS3;DSG2;EPS8;TMSB4X;IGFBP7;FAM24B;ARHGAP18;C12orf75;MAL;ATP6V1B1;SMIM6;CD9;LITAF;ATP6AP2;ATP6V1A;CLCNKB;HEPACAM2;CA12;CLCNKA;EPCAM;RTN4;PTGER3;RCAN2,"[418, 662, 809, 1058, 1109, 2073, 2746, 2924, 3028, 3214, 3494, 3589, 3617, 4000, 4091, 4119, 4120, 4863, 5482, 6287, 6470, 7145, 9219, 10189, 10216, 10223, 10484, 10887, 11176, 12417, 13114, 13134, 13252, 13379, 13850, 14041, 14735, 14741, 14854, 14995, 15604, 16461]",c4.3ca__GAVISH_3CA_METAPROGRAM_EPITHELIAL_V_ATPASE
c4.3ca,GAVISH_3CA_MALIGNANT_METAPROGRAM_20_MYC,prerank,0.31204701789482026,1.015084090741755,0.41916167664670656,0.4756179988353765,1.0,8_47,8/47,13.05%,FKBP4;EIF4EBP1;HSPD1;HSPE1;MYC;CCT5;NOP56;ENO1,FKBP4;EIF4EBP1;HSPD1;HSPE1;MYC;CCT5;NOP56;ENO1;DKC1;NOP16;MRPL12;PRMT1;CCT2;EIF5A;RUVBL1;NHP2;SRM;LDHB;ODC1;NOP58;PPA1;TIMM13;RAN;LDHA;C1QBP;TOMM40;SLIRP;PAICS;NME1;PNO1;DCTPP1;GNL3;CYCS;BZW2;SNRPD1;MRTO4;EBNA1BP2;FABP5;GPATCH4;NOLC1;PA2G4;DDX21;RANBP1;NCL;DCAF13;MRPL3;CMSS1,"[173, 455, 682, 1194, 1232, 1508, 2049, 2285, 3394, 3444, 4166, 4768, 6142, 6333, 6513, 6828, 7886, 7949, 8369, 8631, 8690, 8804, 8903, 9549, 9551, 9825, 10013, 10291, 11144, 11205, 11258, 11505, 11932, 12954, 12984, 13136, 13318, 13621, 13708, 13753, 13880, 13964, 14228, 14777, 15009, 16293, 16584]",c4.3ca__GAVISH_3CA_MALIGNANT_METAPROGRAM_20_MYC
c4.3ca,GAVISH_3CA_METAPROGRAM_B_CELLS_GERMINAL_CENTER,prerank,0.30427418965308417,1.000096060640591,0.4662698412698413,0.4916425474056763,1.0,8_44,8/44,10.25%,KLHL6;LAT2;NEIL1;LCK;GCHFR;LCP1;DBI;CD40,KLHL6;LAT2;NEIL1;LCK;GCHFR;LCP1;DBI;CD40;GGA2;P2RX5;CD79B;HMGA1;RGS1;CD22;PRDX6;DAAM1;SUSD3;SYNE2;BCAS4;CPNE3;GRHPR;RFTN1;HOPX;TMEM123;LPP;BCL7A;PARP1;BASP1;LMO2;UCP2;ABRACL;UBE2J1;PRPSAP2;FAM3C;PPP2CA;STAG3;ACTG1;POU2AF1;MARCKSL1;RNGTT;MTF2;HMGN1;CCDC88A;CCDC144A,"[309, 325, 899, 1019, 1500, 1537, 1597, 1795, 3097, 3133, 3339, 4727, 4861, 5130, 5524, 5546, 5812, 5857, 7049, 7777, 8194, 8473, 8494, 8640, 8989, 9166, 9697, 9875, 10086, 10606, 10955, 11355, 11659, 12029, 12732, 13300, 13331, 13732, 14492, 15470, 16567, 16952, 17150, 17353]",c4.3ca__GAVISH_3CA_METAPROGRAM_B_CELLS_GERMINAL_CENTER
c4.3ca,GAVISH_3CA_METAPROGRAM_FIBROBLASTS_MYOFIBROBLASTS,prerank,0.3023665013936157,1.002317587991539,0.44516129032258067,0.49171947195179194,1.0,10_48,10/48,10.72%,EIF4EBP1;TNFRSF12A;GJB2;PPP1R14B;COTL1;TUBA1C;CRABP2;PYCR1;PDLIM7;TUBB6,EIF4EBP1;TNFRSF12A;GJB2;PPP1R14B;COTL1;TUBA1C;CRABP2;PYCR1;PDLIM7;TUBB6;MFAP5;TIMP3;ZYX;CSRP1;LOXL2;COL11A1;KDELR3;SEC13;TPM2;CKAP4;POSTN;RPL22L1;SRM;TUBA1B;LOX;TGFBI;TUBB2A;C12orf75;LRRC59;FSCN1;NME1;SMYD3;GLIPR1;STMN1;CREB3L1;MYL9;YIF1A;TPM1;IDH2;TAGLN;CNN1;ACTG2;NEXN;GLIPR2;ALDH1B1;TNC;ACTA2;TUBA1A,"[455, 503, 724, 1003, 1300, 1307, 1490, 1529, 1870, 1877, 2696, 3019, 3873, 4051, 4066, 4498, 4620, 6603, 7309, 7405, 7719, 7773, 7886, 9644, 9652, 9768, 9904, 10484, 10530, 10815, 11144, 11302, 11479, 12454, 12752, 13517, 13572, 14058, 14286, 14577, 14675, 14818, 14954, 15929, 16045, 16400, 17077, 17082]",c4.3ca__GAVISH_3CA_METAPROGRAM_FIBROBLASTS_MYOFIBROBLASTS
c4.3ca,GAVISH_3CA_METAPROGRAM_B_CELLS_RESPIRATION,prerank,0.31479206742099125,0.9912962233098649,0.4662309368191721,0.503419068766491,1.0,15_41,15/41,26.12%,HSPE1;DBI;CLIC1;LGALS1;POLR2L;NOP10;PRDX1;RPS7;ANXA2;SSR2;PSME2;TMSB10;GLRX;UQCRH;SNRPD2,HSPE1;DBI;CLIC1;LGALS1;POLR2L;NOP10;PRDX1;RPS7;ANXA2;SSR2;PSME2;TMSB10;GLRX;UQCRH;SNRPD2;TMA7;SEC61B;PDIA6;BTF3;NDUFS5;COX6B1;SNRPG;COX6C;COX7A2;PTMA;POMP;PPIB;PPIA;PPA1;RAN;TXN;NDUFB3;NME1;LSM3;COX7B;CYCS;CHCHD2;SUB1;HMGB1;NPM1;SSR3,"[1194, 1597, 1955, 2269, 2399, 2406, 2756, 2854, 3075, 3305, 3856, 4055, 4181, 4384, 4575, 5198, 5404, 5581, 5589, 6012, 6303, 6491, 6499, 6515, 7095, 7411, 7641, 8248, 8690, 8903, 8981, 10262, 11144, 11643, 11850, 11932, 13206, 13682, 14226, 15766, 16095]",c4.3ca__GAVISH_3CA_METAPROGRAM_B_CELLS_RESPIRATION
c4.3ca,GAVISH_3CA_MALIGNANT_METAPROGRAM_11_TRANSLATION_INITIATION,prerank,0.29786140577901815,0.9438015512417084,0.543046357615894,0.5924773525404777,1.0,11_40,11/40,23.22%,ZNF581;PPP1R14B;TKT;MYC;FBL;CCNG1;IGBP1;SLC27A5;TOP1MT;NOB1;CCDC85B,ZNF581;PPP1R14B;TKT;MYC;FBL;CCNG1;IGBP1;SLC27A5;TOP1MT;NOB1;CCDC85B;HSD17B11;RGS10;LYRM4;ABHD14B;EIF3E;MRPL10;RPL22L1;SRM;LTA4H;IMPDH2;CCNB1IP1;PAICS;AHCY;EIF2S3;MRPL45;NME1;EIF3D;EIF3F;EIF3M;EIF4B;APEX1;NOA1;EXOSC5;NBEAL1;ZNF277;EIF2A;RSL1D1;LETMD1;OXA1L,"[358, 1003, 1182, 1232, 2514, 2754, 2759, 3295, 3699, 3963, 4067, 5817, 6190, 6963, 7277, 7547, 7738, 7773, 7886, 8186, 9186, 9990, 10291, 10439, 10791, 10954, 11144, 11188, 11586, 11654, 11807, 12075, 12228, 13042, 13360, 13672, 14039, 14477, 15196, 15959]",c4.3ca__GAVISH_3CA_MALIGNANT_METAPROGRAM_11_TRANSLATION_INITIATION
c4.3ca,GAVISH_3CA_MALIGNANT_METAPROGRAM_27_OLIGO_PROGENITOR,prerank,-0.36257416393395175,-1.1725850094637782,0.21206225680933852,0.6792924166863258,1.0,14_48,14/48,22.69%,ANGPTL2;LIMA1;TNR;SCD5;OMG;FGF12;SERINC5;LHFPL3;PGRMC1;CNP;TNFRSF21;CA10;ACAT2;TUBB4A,BCAN;ASCL1;DLL1;PTGDS;PSAT1;APOD;MPZL1;P2RX7;DHCR7;SGK1;SMOC1;RGR;FDFT1;SIRT2;THY1;OLIG1;GPR17;HES6;SOX8;RTKN;NKAIN4;SCRG1;DLL3;BCAS1;SLC1A1;PDGFRA;MSMO1;OLIG2;CNTN1;NEU4;FIBIN;RAB33A;PLP1;LMF1;TUBB4A;ACAT2;CA10;TNFRSF21;CNP;PGRMC1;LHFPL3;SERINC5;FGF12;OMG;SCD5;TNR;LIMA1;ANGPTL2,"[1385, 2116, 2363, 2819, 3159, 3557, 3732, 3790, 4439, 4545, 4789, 5614, 6284, 6743, 6789, 6812, 7040, 7215, 7323, 7377, 7560, 8692, 9053, 9361, 9755, 10418, 10879, 10992, 11555, 11645, 11942, 12306, 12583, 12686, 13545, 13813, 13913, 14131, 14636, 14655, 14656, 14721, 15531, 15648, 15728, 16585, 16894, 17416]",c4.3ca__GAVISH_3CA_MALIGNANT_METAPROGRAM_27_OLIGO_PROGENITOR
c4.3ca,GAVISH_3CA_MALIGNANT_METAPROGRAM_30_PDAC_CLASSICAL,prerank,0.29727488670171176,0.8947483136505229,0.632016632016632,0.6888344878270897,1.0,9_32,9/32,19.22%,VSIG2;FXYD3;PDZK1IP1;LYZ;GCNT3;PLAC8;ISG20;PLA2G10;DUOX2,VSIG2;FXYD3;PDZK1IP1;LYZ;GCNT3;PLAC8;ISG20;PLA2G10;DUOX2;CA2;TFF3;TCN1;GPX2;MUC5AC;MUC13;FAM3D;CLDN18;PDE4C;LGALS4;TSPAN1;HPGD;SLC44A4;AKR7A3;SLC40A1;CEACAM1;OLFM4;PSCA;VSIG1;TSPAN8;CDH17;MUC5B;CES2,"[659, 690, 1230, 1546, 1706, 1971, 3309, 3358, 3366, 4119, 4669, 4772, 5584, 6239, 6242, 6532, 6535, 6761, 6870, 8183, 9608, 10128, 10312, 11015, 11025, 11087, 12758, 13581, 14882, 15717, 15741, 17408]",c4.3ca__GAVISH_3CA_MALIGNANT_METAPROGRAM_30_PDAC_CLASSICAL
c4.3ca,GAVISH_3CA_MALIGNANT_METAPROGRAM_8_PROTEASOMAL_DEGRADATION,prerank,0.2523421186440903,0.8392211431666513,0.7807017543859649,0.7958368430332831,1.0,15_49,15/49,24.55%,SLC3A2;CCT5;LAPTM4A;HSPA5;DDX39A;NQO1;PRDX1;PSMB1;CCT8;PSME2;TUBB4B;NDUFS2;GSTO1;EIF3I;PSMB6,SLC3A2;CCT5;LAPTM4A;HSPA5;DDX39A;NQO1;PRDX1;PSMB1;CCT8;PSME2;TUBB4B;NDUFS2;GSTO1;EIF3I;PSMB6;PRMT1;CCT7;ECH1;ANXA1;PDHA1;PSMB3;PRDX2;EIF4A1;PDIA3;PSMA4;CCNB1;SPCS2;SSB;IMPDH2;PSMC4;PGK1;SNRPB2;ILF2;XRCC6;DPM1;MRPL13;PSMD13;MDH1;PCMT1;NUP37;EIF4A3;MCTS1;CDC123;POLR2G;SSBP1;DCAF13;NDUFA9;PSMC2;PSMA3,"[40, 1508, 1592, 1765, 2153, 2676, 2756, 3303, 3814, 3856, 4115, 4184, 4263, 4270, 4299, 4768, 5096, 5302, 6173, 6459, 6562, 6845, 7033, 7058, 7762, 8226, 8291, 8781, 9186, 9276, 9922, 10569, 10675, 11348, 11388, 12232, 12242, 12589, 12872, 12986, 13191, 13455, 13599, 14055, 14903, 15009, 15019, 16078, 16801]",c4.3ca__GAVISH_3CA_MALIGNANT_METAPROGRAM_8_PROTEASOMAL_DEGRADATION
c4.3ca,GAVISH_3CA_METAPROGRAM_CD8_T_CELLS_CELL_CYCLE,prerank,0.25412395005126615,0.8238856053109263,0.7840909090909091,0.8115499000710712,1.0,14_45,14/45,25.51%,CKS2;CCNA2;UBE2C;CARHSP1;DNAJC9;DDX39A;TMEM106C;MCM7;CKS1B;TUBB4B;AURKB;BIRC5;RRM2;UBE2T,CKS2;CCNA2;UBE2C;CARHSP1;DNAJC9;DDX39A;TMEM106C;MCM7;CKS1B;TUBB4B;AURKB;BIRC5;RRM2;UBE2T;TK1;TOP2A;TUBB;MKI67;NUSAP1;PCNA;HMGB2;PTTG1;NUDT1;DEK;DUT;ASPM;SIVA1;TMPO;CDK1;TPX2;CENPM;TUBA1B;ZWINT;STMN1;CENPF;KIF22;FABP5;CDKN3;RANBP1;MAD2L1;RPA3;HMGN2;SMC4;SMC2;TYMS,"[176, 799, 1115, 1420, 1682, 2153, 2950, 2994, 3684, 4115, 4224, 4324, 4435, 4467, 4874, 5039, 5726, 5891, 6066, 6282, 6576, 6641, 6948, 7046, 7170, 7490, 7692, 8174, 8376, 8870, 8941, 9644, 11796, 12454, 12520, 13220, 13621, 13942, 14228, 14365, 14991, 15143, 15156, 16090, 16776]",c4.3ca__GAVISH_3CA_METAPROGRAM_CD8_T_CELLS_CELL_CYCLE
c4.3ca,GAVISH_3CA_METAPROGRAM_EPITHELIAL_METABOLISM_KIDNEY_2,prerank,0.2598405413537631,0.8268437656729892,0.7680851063829788,0.8127480060610309,1.0,12_41,12/41,19.87%,CLU;HSD11B2;CLDN7;STC1;S100A2;AQP3;GATA3;KRT19;CTSH;ANXA2;RALBP1;IER3,CLU;HSD11B2;CLDN7;STC1;S100A2;AQP3;GATA3;KRT19;CTSH;ANXA2;RALBP1;IER3;ARG2;CA2;PTGER1;EMX1;FOLR1;NDRG1;ST6GAL1;WFDC2;TSPAN1;PTGR1;BTG2;RCAN1;TMSB4X;PAPPA;WNK1;RTN3;MAN1A1;SCPEP1;FXYD4;TPM4;SCNN1G;ASAH1;ATP1B1;EPCAM;SLC8A1;TACSTD2;CALB1;WSB1;LHX1,"[216, 242, 300, 634, 2374, 2445, 2530, 2855, 2919, 3075, 3283, 3480, 3931, 4119, 4313, 5722, 5727, 6152, 6529, 7787, 8183, 8220, 8882, 9045, 9219, 10492, 10728, 10820, 11169, 11418, 12081, 12104, 14066, 14148, 14240, 14854, 15701, 16130, 16968, 17092, 17510]",c4.3ca__GAVISH_3CA_METAPROGRAM_EPITHELIAL_METABOLISM_KIDNEY_2
c4.3ca,GAVISH_3CA_METAPROGRAM_CD8_T_CELLS_INTERFERON,prerank,0.2416428027166555,0.8004345187664063,0.8369565217391305,0.8464561132461896,1.0,11_49,11/49,18.89%,MT2A;IRF7;LGALS9;SAT1;BST2;TRIM22;TYMP;UBE2L6;PLSCR1;HELZ2;ISG20,MT2A;IRF7;LGALS9;SAT1;BST2;TRIM22;TYMP;UBE2L6;PLSCR1;HELZ2;ISG20;PARP9;LY6E;OAS1;USP18;IFI16;MX2;ISG15;NMI;HERC5;GBP1;IFI35;IFIH1;XAF1;PPM1K;SAMD9;IFIT1;PARP14;MX1;SP110;OAS3;NT5C3A;ZBP1;SAMD9L;OAS2;EIF2AK2;IFIT2;LAP3;IFI6;EPSTI1;OASL;TNFSF10;CMPK2;RSAD2;IFIT3;IFI44;IFI44L;STAT1;CD38,"[129, 161, 718, 1858, 2419, 2486, 2704, 2986, 3220, 3237, 3309, 4116, 4334, 4410, 4613, 5020, 5294, 5552, 5763, 6447, 6521, 6879, 6949, 7203, 7955, 8047, 8187, 8218, 8348, 8383, 9872, 10720, 10739, 10981, 11058, 11535, 12848, 12912, 13124, 13524, 13640, 13874, 14328, 15449, 16042, 16309, 16902, 16938, 17102]",c4.3ca__GAVISH_3CA_METAPROGRAM_CD8_T_CELLS_INTERFERON
c4.3ca,GAVISH_3CA_MALIGNANT_METAPROGRAM_38_GLUTATHIONE,prerank,0.238440998124768,0.7462967749676699,0.8739669421487604,0.9184408459760495,1.0,11_39,11/39,23.24%,SLC6A13;AZGP1;GCHFR;CLDN10;CFI;AQP1;AMN;SLC16A9;TNFAIP6;PXMP2;BBOX1,SLC6A13;AZGP1;GCHFR;CLDN10;CFI;AQP1;AMN;SLC16A9;TNFAIP6;PXMP2;BBOX1;PEPD;KHK;FOLR1;AGT;SLC22A18;MSRA;GPX3;TSPAN1;CUBN;PCSK1N;CXCL14;CDHR5;GAMT;LGALS2;RBP5;GSTA1;APOM;GAL3ST1;LRP2;SLC5A12;GLYATL1;PDZK1;DDC;C11orf54;NAT8;LACTB2;PRAP1;CES2,"[199, 324, 1500, 2200, 2455, 2580, 2779, 3263, 3571, 3932, 4071, 4447, 4573, 5727, 5734, 6111, 7375, 7945, 8183, 8753, 9109, 9270, 9695, 9819, 10099, 10421, 10539, 10777, 11554, 12026, 12260, 12591, 13107, 13144, 13940, 14827, 16458, 16783, 17408]",c4.3ca__GAVISH_3CA_MALIGNANT_METAPROGRAM_38_GLUTATHIONE
c4.3ca,GAVISH_3CA_MALIGNANT_METAPROGRAM_29_NPC_OPC,prerank,0.2133453574396376,0.7135064899238134,0.9507829977628636,0.946529792129912,1.0,5_49,5/49,11.26%,PNRC1;FAM181B;BTG1;RFX4;MXD4,PNRC1;FAM181B;BTG1;RFX4;MXD4;RFTN2;VCAN;SESN3;LDLRAD3;MMP16;SOX5;TXNIP;OLIG1;MAP3K1;KDM5B;TRIO;ARHGEF7;BTG2;DLL3;HIP1;KLF12;KLHL24;ABAT;SOX6;UBE2H;BAZ2B;FGFBP3;TFDP2;OLIG2;GLCCI1;TANC2;SPRY4;CADM2;GOLGB1;SOX4;DCX;PEAK1;ZNF91;CHD7;GRIA2;STMN4;MTSS1;ZMYM2;RAB3IP;REV3L;DOCK10;MAP2;DSEL;SOX11,"[85, 516, 856, 1910, 1972, 3244, 3662, 3906, 4250, 4548, 5260, 6506, 6812, 7054, 7138, 8219, 8537, 8882, 9053, 9203, 9297, 9593, 9642, 9745, 9760, 9779, 10296, 10817, 10992, 11441, 11872, 12130, 12503, 12621, 12801, 12922, 13015, 13189, 13218, 13642, 14187, 14231, 14740, 14830, 14926, 15305, 15965, 16098, 16271]",c4.3ca__GAVISH_3CA_MALIGNANT_METAPROGRAM_29_NPC_OPC
c4.3ca,GAVISH_3CA_METAPROGRAM_ENDOTHELIAL_CELL_CYCLE,prerank,-0.2090755804016365,-0.6638988636071989,0.963302752293578,0.9684575700551736,1.0,16_46,16/46,28.91%,KIF20B;TYMS;SMC2;SMC4;HMGN2;RPA3;MAD2L1;CLSPN;CDKN3;PRC1;KPNA2;KIF22;ANP32E;SKA2;CENPF;STMN1,CKS2;UBE2C;TUBA1C;DTYMK;CENPW;TMEM106C;MCM7;CKS1B;TUBB4B;BIRC5;RRM2;UBE2T;TK1;TOP2A;GGH;TUBB;MKI67;NUSAP1;PCNA;HMGB2;PTTG1;DUT;ASPM;TMPO;UBE2S;CDK1;CENPM;TUBA1B;CKAP2;ZWINT;STMN1;CENPF;SKA2;ANP32E;KIF22;KPNA2;PRC1;CDKN3;CLSPN;MAD2L1;RPA3;HMGN2;SMC4;SMC2;TYMS;KIF20B,"[176, 1115, 1307, 1321, 2160, 2950, 2994, 3684, 4115, 4324, 4435, 4467, 4874, 5039, 5610, 5726, 5891, 6066, 6282, 6576, 6641, 7170, 7490, 8174, 8209, 8376, 8941, 9644, 10121, 11796, 12454, 12520, 12629, 13005, 13220, 13366, 13566, 13942, 14087, 14365, 14991, 15143, 15156, 16090, 16776, 16788]",c4.3ca__GAVISH_3CA_METAPROGRAM_ENDOTHELIAL_CELL_CYCLE
c4.3ca,GAVISH_3CA_METAPROGRAM_EPITHELIAL_CILIA,prerank,-0.34897994862549514,-1.070938714284838,0.37258687258687256,0.9714354749926393,1.0,12_35,12/35,26.46%,SNTN;TUBA1A;EFHC1;OMG;CAPSL;TEKT1;IK;FAM229B;DYNLRB2;RSPH1;TPPP3;MS4A8,FOXJ1;DYNLL1;MRPS31;CES1;CAPS;TUBB4B;ZMYND10;MORN5;KIF9;WDR54;CCDC78;PSENEN;TSPAN1;DNAAF1;CRIP1;CETN2;LRRIQ1;IGFBP7;MORN2;C12orf75;TMEM190;CCDC146;CCDC170;MS4A8;TPPP3;RSPH1;DYNLRB2;FAM229B;IK;TEKT1;CAPSL;OMG;EFHC1;TUBA1A;SNTN,"[346, 2497, 2936, 3434, 3661, 4115, 6254, 6782, 6815, 6907, 7995, 8093, 8183, 8925, 9221, 9720, 9879, 10189, 10201, 10484, 10660, 11217, 12219, 12883, 13024, 13175, 13268, 13397, 13457, 14582, 15103, 15648, 16626, 17082, 17202]",c4.3ca__GAVISH_3CA_METAPROGRAM_EPITHELIAL_CILIA
c4.3ca,GAVISH_3CA_MALIGNANT_METAPROGRAM_32_SKIN_PIGMENTATION,prerank,0.18975297015608356,0.6154486588233667,0.9911894273127754,0.9947213614645308,1.0,13_48,13/48,23.35%,FXYD3;GDF15;GYPC;MXI1;AVPI1;BCL2A1;SLC45A2;NBL1;ISG20;GPNMB;TNFRSF14;APOE;BIRC7,FXYD3;GDF15;GYPC;MXI1;AVPI1;BCL2A1;SLC45A2;NBL1;ISG20;GPNMB;TNFRSF14;APOE;BIRC7;QDPR;PMEL;QPCT;ZNF106;GPR137B;LGALS3;WIPI1;CHCHD6;DAB2;GPR143;MITF;MBP;MLANA;RAB38;TIMP2;TBC1D7;PIR;SNCA;NSG1;CAPN3;PLP1;TRPM1;RRAGD;TBC1D16;LYST;S100B;SH3BP5;SNX10;SPON2;ASAH1;TYRP1;PHACTR1;GJB1;DCT;TRIM2,"[690, 1105, 1383, 1986, 2763, 2841, 2892, 2896, 3309, 3711, 3763, 4072, 4089, 4678, 4924, 5439, 5924, 6143, 6287, 6509, 6962, 7000, 7848, 8314, 9036, 9704, 10152, 10271, 10556, 10844, 10959, 12165, 12174, 12583, 12651, 12842, 12951, 13016, 13073, 13160, 13303, 13655, 14148, 14819, 15142, 15287, 15548, 16234]",c4.3ca__GAVISH_3CA_MALIGNANT_METAPROGRAM_32_SKIN_PIGMENTATION
c4.3ca,GAVISH_3CA_METAPROGRAM_B_CELLS_CELL_CYCLE,prerank,0.1736845581453191,0.5545000062002636,0.9978118161925602,0.9967803328420359,1.0,14_41,14/41,28.77%,CKS2;UBE2C;ENO1;MCM7;CKS1B;TUBB4B;AURKB;BIRC5;RRM2;HMGA1;GAPDH;ANP32B;TK1;TOP2A,CKS2;UBE2C;ENO1;MCM7;CKS1B;TUBB4B;AURKB;BIRC5;RRM2;HMGA1;GAPDH;ANP32B;TK1;TOP2A;TUBB;MKI67;NUSAP1;PCNA;HMGB2;PTTG1;PKM;DEK;DUT;CDK1;RAN;CENPM;LDHA;TUBA1B;ZWINT;STMN1;SNRPD1;ANP32E;SNRPF;KPNA2;SLC25A5;CDKN3;HMGB1;RANBP1;HMGN2;SMC4;TYMS,"[176, 1115, 2285, 2994, 3684, 4115, 4224, 4324, 4435, 4727, 4761, 4820, 4874, 5039, 5726, 5891, 6066, 6282, 6576, 6641, 7001, 7046, 7170, 8376, 8903, 8941, 9549, 9644, 11796, 12454, 12984, 13005, 13074, 13366, 13855, 13942, 14226, 14228, 15143, 15156, 16776]",c4.3ca__GAVISH_3CA_METAPROGRAM_B_CELLS_CELL_CYCLE
c4.3ca,GAVISH_3CA_MALIGNANT_METAPROGRAM_41_UNASSIGNED,prerank,-0.2609055903506828,-0.8120612415602257,0.7862453531598513,1.0,1.0,17_36,17/36,30.35%,BPTF;AKAP9;PRRC2C;SON;TTC3;HNRNPU;DST;NCL;UTRN;LUC7L3;UBXN4;EIF3A;MEF2C;ZBTB20;GOLGB1;ATRX;DDX24,PNRC1;MT-ND6;PDIA4;CCDC69;FNDC3B;MLEC;PNISR;EIF5B;NEB;HIPK2;RRBP1;CFLAR;ZBTB38;IRF4;ANKRD12;CEP350;DDX5;GOLGA4;GLCCI1;DDX24;ATRX;GOLGB1;ZBTB20;MEF2C;EIF3A;UBXN4;LUC7L3;UTRN;NCL;DST;HNRNPU;TTC3;SON;PRRC2C;AKAP9;BPTF,"[85, 404, 1934, 2433, 3059, 3328, 5451, 5863, 6283, 6403, 6657, 7112, 7946, 8729, 9484, 10450, 11020, 11158, 11441, 12202, 12221, 12621, 12625, 12683, 12714, 13593, 13644, 14669, 14777, 15239, 15455, 15478, 15586, 16094, 16195, 16356]",c4.3ca__GAVISH_3CA_MALIGNANT_METAPROGRAM_41_UNASSIGNED
c4.3ca,GAVISH_3CA_MALIGNANT_METAPROGRAM_16_MES_GLIOMA,prerank,-0.21495166358389795,-0.6946856797302101,0.9507575757575758,1.0,1.0,14_46,14/46,26.27%,SCG2;TNC;BCAT1;KLHL4;DIRAS3;EGR1;VMP1;CAMK2D;PGM2L1;IL1RAP;SLC4A7;CLIC4;LYST;CREB5,TNFRSF12A;SAMD4A;GFAP;PDLIM4;VIM;WWTR1;ANXA2;GNG12;EMP1;NRP2;ZYX;ACTN1;JAG1;LMNA;CD44;PLAT;ANXA1;HIVEP3;GADD45A;AKAP12;IGFBP3;S100A16;IGF2BP2;NAMPT;RCAN1;IGFBP7;FRMD5;ELL2;F3;VCL;CADPS;GAP43;CREB5;LYST;CLIC4;SLC4A7;IL1RAP;PGM2L1;CAMK2D;VMP1;EGR1;DIRAS3;KLHL4;BCAT1;TNC;SCG2,"[503, 952, 1409, 1521, 2436, 2900, 3075, 3370, 3435, 3520, 3873, 4592, 5281, 5411, 5731, 5897, 6173, 6664, 6740, 6959, 7570, 7750, 8776, 8789, 9045, 10189, 10305, 10930, 11051, 11575, 11658, 12313, 12917, 13016, 13304, 13450, 13453, 13467, 13938, 14381, 15627, 15780, 15935, 16100, 16400, 16544]",c4.3ca__GAVISH_3CA_MALIGNANT_METAPROGRAM_16_MES_GLIOMA
c4.3ca,GAVISH_3CA_METAPROGRAM_FIBROBLASTS_CELL_CYCLE,prerank,-0.2233900831080083,-0.7124648060398613,0.9272388059701493,1.0,1.0,10_45,10/45,20.42%,KIF20B;TYMS;CDC20;SMC2;SMC4;HMGN2;RPA3;HMGB3;MAD2L1;CDKN3,CKS2;UBE2C;TUBA1C;DTYMK;CENPW;TMEM106C;MCM7;CKS1B;BIRC5;RRM2;UBE2T;TK1;TOP2A;GGH;TUBB;MKI67;NUSAP1;PCNA;HMGB2;PTTG1;ASPM;ANLN;UBE2S;CCNB1;CDK1;TPX2;TUBA1B;CCNB2;ARL6IP1;CKAP2;ZWINT;STMN1;CENPF;ANP32E;KPNA2;CDKN3;MAD2L1;HMGB3;RPA3;HMGN2;SMC4;SMC2;CDC20;TYMS;KIF20B,"[176, 1115, 1307, 1321, 2160, 2950, 2994, 3684, 4324, 4435, 4467, 4874, 5039, 5610, 5726, 5891, 6066, 6282, 6576, 6641, 7490, 7500, 8209, 8226, 8376, 8870, 9644, 9950, 10036, 10121, 11796, 12454, 12520, 13005, 13366, 13942, 14365, 14632, 14991, 15143, 15156, 16090, 16543, 16776, 16788]",c4.3ca__GAVISH_3CA_METAPROGRAM_FIBROBLASTS_CELL_CYCLE
c4.3ca,GAVISH_3CA_METAPROGRAM_B_CELLS_PROGENITOR,prerank,-0.2926685191683428,-0.9163442805193485,0.6007751937984496,1.0,1.0,6_41,6/41,4.76%,CD38;LDLRAD4;MME;TOP2B;CCDC112;ARPP21,MZB1;MT1X;TMEM243;NEIL1;YBX3;TKT;IGLL1;RGS2;CMTM7;DNTT;S1PR4;GLRX;CDC25B;ITM2C;VPREB3;GAPDH;TP53INP1;SSBP2;HMGB2;RCSD1;BCL7A;NSMCE1;VDAC1;TCF4;CD72;MLXIP;TRAM1;UBE2J1;EBF1;BACH2;STMN1;SOX4;CD9;PCDH9;PTPRE;ARPP21;CCDC112;TOP2B;MME;LDLRAD4;CD38,"[283, 544, 704, 899, 1085, 1182, 1265, 2984, 3124, 3381, 3563, 4181, 4257, 4465, 4643, 4761, 6245, 6525, 6576, 7441, 9166, 9168, 9800, 9842, 10026, 10073, 10410, 11355, 12053, 12303, 12454, 12801, 13114, 14317, 15544, 16686, 16847, 16912, 16915, 17015, 17102]",c4.3ca__GAVISH_3CA_METAPROGRAM_B_CELLS_PROGENITOR
c4.3ca,GAVISH_3CA_METAPROGRAM_B_CELLS_INTERFERON,prerank,-0.20920764787938279,-0.6796991529771051,0.9651376146788991,1.0,1.0,5_50,5/50,8.43%,SLFN5;STAT1;IFI44L;IFI44;IFIT3,MT2A;IRF7;IFITM1;TAP1;BST2;TRIM22;UBE2L6;PLSCR1;ISG20;SOCS1;PARP9;LY6E;OAS1;USP18;CHST12;DYNLT1;MX2;ISG15;NMI;GBP4;HERC5;GBP1;IFI35;XAF1;PPM1K;SAMD9;IFIT1;PARP14;MX1;MNDA;OAS3;NT5C3A;SAMD9L;OAS2;RNF213;EIF2AK2;IFIT2;LAP3;APOL6;IFI6;RABGAP1L;EPSTI1;TNFSF10;CMPK2;RSAD2;IFIT3;IFI44;IFI44L;STAT1;SLFN5,"[129, 161, 1596, 1758, 2419, 2486, 2986, 3220, 3309, 3430, 4116, 4334, 4410, 4613, 4824, 4939, 5294, 5552, 5763, 5902, 6447, 6521, 6879, 7203, 7955, 8047, 8187, 8218, 8348, 8616, 9872, 10720, 10981, 11058, 11374, 11535, 12848, 12912, 13058, 13124, 13451, 13524, 13874, 14328, 15449, 16042, 16309, 16902, 16938, 17439]",c4.3ca__GAVISH_3CA_METAPROGRAM_B_CELLS_INTERFERON
c4.3ca,GAVISH_3CA_MALIGNANT_METAPROGRAM_3_CELL_CYLCE_HMG_RICH,prerank,-0.21142384688769744,-0.6801928049864701,0.9587242026266416,1.0,1.0,3_43,3/43,4.24%,HMGN1;SNRPD3;TYMS,HSPD1;ANAPC11;HSPE1;MIF;MCM7;YBX1;CKS1B;SNRPB;UQCRQ;HMGA1;ANP32B;LSM4;TK1;SRSF7;TUBB;PCNA;COX5A;SNRPG;HMGB2;TPI1;HNRNPA2B1;DUT;SIVA1;SUMO2;COX8A;ERH;RAN;NUCB2;TUBA1B;SLIRP;SNRPE;NAA38;NME1;STMN1;SNRPD1;SNRPF;SLC25A5;HMGB1;RANBP1;HMGN2;TYMS;SNRPD3;HMGN1,"[682, 1096, 1194, 2475, 2994, 3086, 3684, 4167, 4509, 4727, 4820, 4871, 4874, 5313, 5726, 6282, 6389, 6491, 6576, 7010, 7153, 7170, 7692, 7732, 8139, 8550, 8903, 9098, 9644, 10013, 10370, 10710, 11144, 12454, 12984, 13074, 13855, 14226, 14228, 15143, 16776, 16826, 16952]",c4.3ca__GAVISH_3CA_MALIGNANT_METAPROGRAM_3_CELL_CYLCE_HMG_RICH
c4.3ca,GAVISH_3CA_MALIGNANT_METAPROGRAM_24_CILIA,prerank,-0.31925604365959404,-1.0006001795524566,0.4330097087378641,1.0,1.0,13_39,13/39,26.46%,TUBA1A;EFHC1;IQCG;CAPSL;SPA17;MLF1;DNAH5;FABP6;FAM229B;DYNLRB2;RSPH1;TPPP3;MS4A8,FOXJ1;PLAC8;MRPS31;CES1;CAPS;IGFBP2;DPCD;LRRC23;ZMYND10;KIF9;WDR54;DNALI1;PSENEN;TSPAN1;DNAAF1;NUCB2;CRIP1;IFT57;CETN2;LRRIQ1;SLC44A4;IGFBP7;MORN2;C12orf75;GSTA1;OSCP1;MS4A8;TPPP3;RSPH1;DYNLRB2;FAM229B;FABP6;DNAH5;MLF1;SPA17;CAPSL;IQCG;EFHC1;TUBA1A,"[346, 1971, 2936, 3434, 3661, 4812, 5136, 5290, 6254, 6815, 6907, 7572, 8093, 8183, 8925, 9098, 9221, 9526, 9720, 9879, 10128, 10189, 10201, 10484, 10539, 11141, 12883, 13024, 13175, 13268, 13397, 14332, 14339, 14374, 14390, 15103, 15219, 16626, 17082]",c4.3ca__GAVISH_3CA_MALIGNANT_METAPROGRAM_24_CILIA
c4.3ca,GAVISH_3CA_MALIGNANT_METAPROGRAM_33_RBCS,prerank,-0.30954943657603573,-1.0232611356557193,0.39447731755424065,1.0,1.0,10_46,10/46,15.24%,CD36;HBB;FECH;FBXO7;HBA2;HBD;CA1;HBA1;EPCAM;ANK1,FCGRT;PLIN2;S100A6;UBAC1;MYC;NFIA;HAGH;APOE;CA2;KLF1;BLVRB;APOC1;UROD;LMNA;TMEM14C;TFR2;CNRIP1;KCNH2;PRDX2;SMIM10;HES6;CSF2RB;STRADB;CAST;HMBS;HBQ1;REXO2;TFRC;SYNGR1;FAM178B;HBG2;SLC25A37;GATA1;CASP3;MPC2;GYPB;ANK1;EPCAM;HBA1;CA1;HBD;HBA2;FBXO7;FECH;HBB;CD36,"[266, 632, 722, 1207, 1232, 2959, 3186, 4072, 4119, 4600, 4651, 4775, 4913, 5411, 5866, 6636, 6842, 6843, 6845, 7189, 7215, 7860, 8738, 8821, 9001, 9132, 9229, 10105, 10520, 12062, 12472, 12604, 12826, 12945, 13951, 14372, 14850, 14854, 15448, 15640, 15675, 16398, 16479, 16983, 17049, 17434]",c4.3ca__GAVISH_3CA_MALIGNANT_METAPROGRAM_33_RBCS
c4.3ca,GAVISH_3CA_METAPROGRAM_FIBROBLASTS_CAF_1,prerank,-0.25302043140456526,-0.8261206506719565,0.7947761194029851,1.0,1.0,11_48,11/48,19.46%,FBN1;ACTA2;SFRP4;COL12A1;INHBA;FNDC1;COL8A1;CCDC80;TAGLN;ASPN;CTHRC1,FBLN1;ISLR;CTSK;DCN;AEBP1;SFRP2;MFAP5;PALLD;IGFBP5;TIMP3;VCAN;COL1A2;COL11A1;MFAP2;COL5A1;COL1A1;PLAU;MMP11;PRSS23;SDC1;DPT;IGFBP3;POSTN;COL6A3;CXCL14;SPARC;ELN;LUM;FN1;COL5A2;COL10A1;ITGBL1;MXRA5;THBS2;MMP2;SULF1;COL3A1;CTHRC1;ASPN;TAGLN;CCDC80;COL8A1;FNDC1;INHBA;COL12A1;SFRP4;ACTA2;FBN1,"[109, 1808, 2008, 2386, 2412, 2606, 2696, 2741, 2746, 3019, 3662, 3978, 4498, 4570, 4715, 5109, 5250, 5605, 5736, 6228, 7501, 7570, 7719, 8818, 9270, 9277, 9991, 10350, 10662, 10693, 10785, 10842, 11030, 11701, 11784, 12577, 12899, 14110, 14312, 14577, 14863, 15368, 15727, 16208, 16215, 16403, 17077, 17116]",c4.3ca__GAVISH_3CA_METAPROGRAM_FIBROBLASTS_CAF_1
c4.3ca,GAVISH_3CA_METAPROGRAM_EPITHELIAL_CELL_CYCLE,prerank,-0.2728091609896616,-0.8572789824424625,0.722117202268431,1.0,1.0,15_45,15/45,28.91%,KIF20B;TYMS;CDC20;SMC2;SMC4;HMGN2;RPA3;HMGB3;MAD2L1;CDKN3;PRC1;KPNA2;ANP32E;CENPF;STMN1,CKS2;UBE2C;DTYMK;CENPW;CKS1B;TUBB4B;BIRC5;RRM2;UBE2T;TK1;TOP2A;TUBB;MKI67;NUSAP1;CCDC34;PCNA;HMGB2;PTTG1;NUDT1;DEK;DUT;ASPM;TMPO;UBE2S;CCNB1;CDK1;TPX2;TUBA1B;CCNB2;ZWINT;STMN1;CENPF;ANP32E;KPNA2;PRC1;CDKN3;MAD2L1;HMGB3;RPA3;HMGN2;SMC4;SMC2;CDC20;TYMS;KIF20B,"[176, 1115, 1321, 2160, 3684, 4115, 4324, 4435, 4467, 4874, 5039, 5726, 5891, 6066, 6277, 6282, 6576, 6641, 6948, 7046, 7170, 7490, 8174, 8209, 8226, 8376, 8870, 9644, 9950, 11796, 12454, 12520, 13005, 13366, 13566, 13942, 14365, 14632, 14991, 15143, 15156, 16090, 16543, 16776, 16788]",c4.3ca__GAVISH_3CA_METAPROGRAM_EPITHELIAL_CELL_CYCLE
c4.3ca,GAVISH_3CA_METAPROGRAM_CD4_T_CELLS_INTERFERON,prerank,-0.2126955223659987,-0.7024008950028807,0.9669724770642202,1.0,1.0,6_47,6/47,11.82%,RTP4;STAT1;IFI44L;IFI44;IFIT3;RSAD2,MT2A;IRF7;PARP10;TRIM22;UBE2L6;PLSCR1;HELZ2;ISG20;RBCK1;PARP9;LY6E;OAS1;USP18;CHST12;MX2;ISG15;HERC5;GBP1;IFI35;XAF1;PPM1K;SAMD9;IFIT1;PARP14;HSH2D;MX1;SP110;STAT2;OAS3;NT5C3A;ZBP1;SAMD9L;OAS2;EIF2AK2;IFIT2;LAP3;IFI6;EPSTI1;OASL;TNFSF10;CMPK2;RSAD2;IFIT3;IFI44;IFI44L;STAT1;RTP4,"[129, 161, 2093, 2486, 2986, 3220, 3237, 3309, 3647, 4116, 4334, 4410, 4613, 4824, 5294, 5552, 6447, 6521, 6879, 7203, 7955, 8047, 8187, 8218, 8249, 8348, 8383, 9534, 9872, 10720, 10739, 10981, 11058, 11535, 12848, 12912, 13124, 13524, 13640, 13874, 14328, 15449, 16042, 16309, 16902, 16938, 17079]",c4.3ca__GAVISH_3CA_METAPROGRAM_CD4_T_CELLS_INTERFERON
c4.3ca,GAVISH_3CA_MALIGNANT_METAPROGRAM_37_HEMATO_RELATED_2,prerank,-0.24983620271561569,-0.8009357367525781,0.8193430656934306,1.0,1.0,16_43,16/43,26.93%,ALDH1A1;BMP2K;STAM;FREM1;HBD;LXN;PBX1;CPPED1;ZEB2;DEPTOR;ATP6V0A2;PDZD8;CD82;STXBP6;CASP3;SOX4,ZMYND8;PLIN2;NFE2;GMPR;GATA2;CTNNBL1;FCER1A;PDLIM1;CD84;PLEK;HPGDS;FAM117A;ABCC4;KLF1;IL1B;RGS18;PKIG;CYTL1;CNRIP1;MPP1;MINPP1;SOD2;EREG;TESPA1;SLC40A1;RAB37;PDCD4;SOX4;CASP3;STXBP6;CD82;PDZD8;ATP6V0A2;DEPTOR;ZEB2;CPPED1;PBX1;LXN;HBD;FREM1;STAM;BMP2K;ALDH1A1,"[258, 632, 688, 906, 1766, 1900, 2001, 2106, 3150, 3296, 3489, 4108, 4382, 4600, 4629, 5310, 5559, 6137, 6842, 7461, 8140, 9445, 9491, 10686, 11015, 11626, 11845, 12801, 12945, 13097, 13246, 13562, 13900, 13996, 14204, 15008, 15130, 15141, 15675, 16610, 17215, 17338, 17443]",c4.3ca__GAVISH_3CA_MALIGNANT_METAPROGRAM_37_HEMATO_RELATED_2
c4.3ca,GAVISH_3CA_MALIGNANT_METAPROGRAM_2_CELL_CYCLE_G1_S,prerank,-0.25104395157568005,-0.818497190437812,0.8038095238095239,1.0,1.0,10_46,10/46,19.59%,TYMS;MCM4;RRM1;RAD51AP1;ORC6;FEN1;GINS2;MAD2L1;MCM2;CLSPN,MYBL2;DNAJC9;CDC45;GMNN;CDCA4;RFC4;TMEM106C;MCM7;ASF1B;PSMC3IP;RRM2;UBE2T;TK1;CDC6;SLBP;DHFR;PCNA;HMGB2;DNMT1;MCM3;DUT;E2F1;ATAD2;CDK1;MCM5;HELLS;CENPM;CHAF1A;CDCA5;USP1;PKMYT1;RNASEH2A;ZWINT;CENPK;MCM6;RFC2;CLSPN;MCM2;MAD2L1;GINS2;FEN1;ORC6;RAD51AP1;RRM1;MCM4;TYMS,"[1213, 1682, 1692, 2281, 2627, 2646, 2950, 2994, 3579, 3713, 4435, 4467, 4874, 5149, 5569, 5804, 6282, 6576, 6654, 7142, 7170, 7793, 8015, 8376, 8417, 8418, 8941, 9035, 10337, 10872, 10922, 10972, 11796, 11995, 12498, 12745, 14087, 14346, 14365, 14645, 14856, 14949, 16001, 16148, 16190, 16776]",c4.3ca__GAVISH_3CA_MALIGNANT_METAPROGRAM_2_CELL_CYCLE_G1_S
c4.3ca,GAVISH_3CA_METAPROGRAM_MACROPHAGES_CELL_CYCLE,prerank,-0.24165759235069023,-0.7563994376810453,0.8738574040219378,1.0,1.0,16_43,16/43,28.91%,NUCKS1;TYMS;SMC2;SMC4;HMGN2;RPA3;HMGB3;IDH2;RANBP1;HMGB1;CDKN3;KPNA2;ANP32E;SKA2;CENPF;STMN1,CKS2;UBE2C;DTYMK;CARHSP1;CENPW;TMEM106C;MCM7;CKS1B;TUBB4B;BIRC5;TK1;TOP2A;GGH;TUBB;MKI67;NUSAP1;PCNA;HMGB2;PTTG1;DNMT1;DEK;DUT;TMPO;CDK1;CENPM;TUBA1B;ZWINT;STMN1;CENPF;SKA2;ANP32E;KPNA2;CDKN3;HMGB1;RANBP1;IDH2;HMGB3;RPA3;HMGN2;SMC4;SMC2;TYMS;NUCKS1,"[176, 1115, 1321, 1420, 2160, 2950, 2994, 3684, 4115, 4324, 4874, 5039, 5610, 5726, 5891, 6066, 6282, 6576, 6641, 6654, 7046, 7170, 8174, 8376, 8941, 9644, 11796, 12454, 12520, 12629, 13005, 13366, 13942, 14226, 14228, 14286, 14632, 14991, 15143, 15156, 16090, 16776, 17195]",c4.3ca__GAVISH_3CA_METAPROGRAM_MACROPHAGES_CELL_CYCLE
